pattern,nodes,size,strat_label,strat,load_balancing_algo,extra_flags,load_fraction,flowsize,seed,n_flows,duration_us,fct_mean,fct_p50,fct_p99,fct_max,fct_min,new,rtx,rts,bounced,acks,nacks,pulls,sleek_pkts,rtx_rate_pct,rts_rate_pct,nack_rate_pct,bounced_rate_pct
tornado,1100,m,fpar_tuned,fpar,oblivious,-threshold 20750 -disable_hop_rtt_normalization,0.25,100000,1,275,29.2736,22.569353090909104,21.8056,28.9416,29.2736,19.4867,6875,0,0,0,2231,0,0,0,0.0,0.0,0.0,0.0
tornado,1100,m,reps_no_partition,reps_dfp,reps,,0.25,100000,1,275,24.6547,22.42283854545455,22.3136,24.3278,24.6547,21.1416,6875,0,0,0,2110,0,0,0,0.0,0.0,0.0,0.0
tornado,1100,m,reps_partition,reps_dfp,reps,-reps_partition_entropy -reps_escalate_threshold 0.2 -reps_warmup_explore_rtts 0.5 -reps_explore_prob 70,0.25,100000,1,275,24.8147,22.242439636363624,22.1376,24.6496,24.8147,21.1416,6875,0,0,0,2123,0,0,0,0.0,0.0,0.0,0.0
tornado,1100,m,fpar_tuned,fpar,oblivious,-threshold 20750 -disable_hop_rtt_normalization,0.25,100000,2,275,28.9416,23.012805818181832,21.8107,28.9376,28.9416,19.4816,6875,0,0,0,2263,0,0,0,0.0,0.0,0.0,0.0
tornado,1100,m,reps_no_partition,reps_dfp,reps,,0.25,100000,2,275,28.993,22.47380509090909,22.2958,25.157,28.993,21.1456,6875,0,0,0,2113,0,0,0,0.0,0.0,0.0,0.0
tornado,1100,m,reps_partition,reps_dfp,reps,-reps_partition_entropy -reps_escalate_threshold 0.2 -reps_warmup_explore_rtts 0.5 -reps_explore_prob 70,0.25,100000,2,275,25.005,22.249626181818158,22.1416,24.7976,25.005,21.1416,6875,0,0,0,2120,0,0,0,0.0,0.0,0.0,0.0
tornado,1100,m,fpar_tuned,fpar,oblivious,-threshold 20750 -disable_hop_rtt_normalization,0.25,100000,3,275,30.9336,22.571790545454547,21.8056,30.1096,30.9336,20.1456,6875,0,0,0,2225,0,0,0,0.0,0.0,0.0,0.0
tornado,1100,m,reps_no_partition,reps_dfp,reps,,0.25,100000,3,275,25.673,22.425004000000023,22.3216,24.9907,25.673,21.1416,6875,0,0,0,2109,0,0,0,0.0,0.0,0.0,0.0
tornado,1100,m,reps_partition,reps_dfp,reps,-reps_partition_entropy -reps_escalate_threshold 0.2 -reps_warmup_explore_rtts 0.5 -reps_explore_prob 70,0.25,100000,3,275,26.825,22.258493090909077,22.1376,24.6547,26.825,21.1416,6875,0,0,0,2126,0,0,0,0.0,0.0,0.0,0.0
tornado,1100,m,fpar_tuned,fpar,oblivious,-threshold 20750 -disable_hop_rtt_normalization,0.25,100000,4,275,36.7694,23.2563861818182,21.8056,36.1054,36.7694,19.4816,6875,0,0,0,2342,0,0,0,0.0,0.0,0.0,0.0
tornado,1100,m,reps_no_partition,reps_dfp,reps,,0.25,100000,4,275,25.3267,22.50730763636364,22.3256,24.8301,25.3267,21.1456,6875,0,0,0,2134,0,0,0,0.0,0.0,0.0,0.0
tornado,1100,m,reps_partition,reps_dfp,reps,-reps_partition_entropy -reps_escalate_threshold 0.2 -reps_warmup_explore_rtts 0.5 -reps_explore_prob 70,0.25,100000,4,275,25.153,22.33097818181817,22.1427,24.6216,25.153,20.8227,6875,0,0,0,2118,0,0,0,0.0,0.0,0.0,0.0
tornado,1100,m,fpar_tuned,fpar,oblivious,-threshold 20750 -disable_hop_rtt_normalization,0.25,100000,5,275,28.9416,22.49600618181819,21.4838,28.6466,28.9416,19.4867,6875,0,0,0,2227,0,0,0,0.0,0.0,0.0,0.0
tornado,1100,m,reps_no_partition,reps_dfp,reps,,0.25,100000,5,275,25.153,22.46328181818183,22.3256,24.8363,25.153,20.9816,6875,0,0,0,2121,0,0,0,0.0,0.0,0.0,0.0
tornado,1100,m,reps_partition,reps_dfp,reps,-reps_partition_entropy -reps_escalate_threshold 0.2 -reps_warmup_explore_rtts 0.5 -reps_explore_prob 70,0.25,100000,5,275,26.013,22.14197454545454,21.9816,25.3216,26.013,21.1416,6875,0,0,0,2125,0,0,0,0.0,0.0,0.0,0.0
tornado,1100,m,fpar_tuned,fpar,oblivious,-threshold 20750 -disable_hop_rtt_normalization,0.25,500000,1,275,105.108,60.87409854545452,54.5941,95.7445,105.108,52.1062,33825,430,0,0,12383,430,0,0,1.271249076127125,0.0,1.271249076127125,0.0
tornado,1100,m,reps_no_partition,reps_dfp,reps,,0.25,500000,1,275,59.1736,55.279790909090934,55.1045,57.8941,59.1736,53.9834,33825,0,0,0,8910,0,0,0,0.0,0.0,0.0,0.0
tornado,1100,m,reps_partition,reps_dfp,reps,-reps_partition_entropy -reps_escalate_threshold 0.2 -reps_warmup_explore_rtts 0.5 -reps_explore_prob 70,0.25,500000,1,275,59.6491,55.542058545454545,55.2802,59.2874,59.6491,53.7805,33825,0,0,0,9003,0,0,0,0.0,0.0,0.0,0.0
tornado,1100,m,fpar_tuned,fpar,oblivious,-threshold 20750 -disable_hop_rtt_normalization,0.25,500000,2,275,98.0674,63.42903999999995,55.0328,96.2238,98.0674,51.9834,33825,560,0,0,14058,560,0,0,1.655580192165558,0.0,1.655580192165558,0.0
tornado,1100,m,reps_no_partition,reps_dfp,reps,,0.25,500000,2,275,60.1787,55.420397090909134,55.1896,59.2574,60.1787,54.3074,33825,0,0,0,8924,0,0,0,0.0,0.0,0.0,0.0
tornado,1100,m,reps_partition,reps_dfp,reps,-reps_partition_entropy -reps_escalate_threshold 0.2 -reps_warmup_explore_rtts 0.5 -reps_explore_prob 70,0.25,500000,2,275,65.5954,57.398189818181805,56.2038,65.2634,65.5954,53.6514,33825,0,0,0,9288,0,0,0,0.0,0.0,0.0,0.0
tornado,1100,m,fpar_tuned,fpar,oblivious,-threshold 20750 -disable_hop_rtt_normalization,0.25,500000,3,275,113.907,60.94688509090904,54.6394,94.596,113.907,53.6434,33825,435,0,0,12359,435,0,0,1.2860310421286032,0.0,1.2860310421286032,0.0
tornado,1100,m,reps_no_partition,reps_dfp,reps,,0.25,500000,3,275,58.5642,55.32714909090912,55.0994,57.9346,58.5642,53.9794,33825,0,0,0,8923,0,0,0,0.0,0.0,0.0,0.0
tornado,1100,m,reps_partition,reps_dfp,reps,-reps_partition_entropy -reps_escalate_threshold 0.2 -reps_warmup_explore_rtts 0.5 -reps_explore_prob 70,0.25,500000,3,275,63.2714,56.05907054545456,55.5216,62.8136,63.2714,53.9794,33825,0,0,0,9122,0,0,0,0.0,0.0,0.0,0.0
tornado,1100,m,fpar_tuned,fpar,oblivious,-threshold 20750 -disable_hop_rtt_normalization,0.25,500000,4,275,141.629,64.93862399999995,54.6394,132.648,141.629,51.9834,33825,834,0,0,13780,834,0,0,2.4656319290465634,0.0,2.4656319290465634,0.0
tornado,1100,m,reps_no_partition,reps_dfp,reps,,0.25,500000,4,275,59.2682,55.463085090909104,55.3034,58.9878,59.2682,53.9874,33825,0,0,0,8950,0,0,0,0.0,0.0,0.0,0.0
tornado,1100,m,reps_partition,reps_dfp,reps,-reps_partition_entropy -reps_escalate_threshold 0.2 -reps_warmup_explore_rtts 0.5 -reps_explore_prob 70,0.25,500000,4,275,68.1819,57.428923636363606,55.6485,67.5179,68.1819,53.6474,33825,19,0,0,9390,19,0,0,0.05617147080561715,0.0,0.05617147080561715,0.0
tornado,1100,m,fpar_tuned,fpar,oblivious,-threshold 20750 -disable_hop_rtt_normalization,0.25,500000,5,275,97.7405,60.62965599999995,54.3074,96.6187,97.7405,52.1114,33825,422,0,0,12318,422,0,0,1.2475979305247598,0.0,1.2475979305247598,0.0
tornado,1100,m,reps_no_partition,reps_dfp,reps,,0.25,500000,5,275,62.376,55.33157781818186,55.0334,58.4478,62.376,53.9834,33825,0,0,0,8931,0,0,0,0.0,0.0,0.0,0.0
tornado,1100,m,reps_partition,reps_dfp,reps,-reps_partition_entropy -reps_escalate_threshold 0.2 -reps_warmup_explore_rtts 0.5 -reps_explore_prob 70,0.25,500000,5,275,61.8629,56.06464400000003,55.607,61.4856,61.8629,53.6605,33825,0,0,0,9104,0,0,0,0.0,0.0,0.0,0.0
tornado,1100,m,fpar_tuned,fpar,oblivious,-threshold 20750 -disable_hop_rtt_normalization,0.25,2000000,1,275,480.814,203.8952290909091,177.186,368.109,480.814,175.02,134750,458,0,0,50751,458,0,0,0.3398886827458256,0.0,0.3398886827458256,0.0
tornado,1100,m,reps_no_partition,reps_dfp,reps,,0.25,2000000,1,275,190.043,177.87995272727264,177.378,186.995,190.043,176.434,134750,0,0,0,34575,0,0,0,0.0,0.0,0.0,0.0
tornado,1100,m,reps_partition,reps_dfp,reps,-reps_partition_entropy -reps_escalate_threshold 0.2 -reps_warmup_explore_rtts 0.5 -reps_explore_prob 70,0.25,2000000,1,275,185.178,177.66025090909102,177.514,182.405,185.178,175.862,134750,0,0,0,35293,0,0,0,0.0,0.0,0.0,0.0
tornado,1100,m,fpar_tuned,fpar,oblivious,-threshold 20750 -disable_hop_rtt_normalization,0.25,2000000,2,275,356.318,213.99994181818184,178.178,347.258,356.318,174.092,134750,590,0,0,56609,590,0,0,0.437847866419295,0.0,0.437847866419295,0.0
tornado,1100,m,reps_no_partition,reps_dfp,reps,,0.25,2000000,2,275,188.685,178.04449090909117,177.518,186.829,188.685,176.19,134750,0,0,0,34870,0,0,0,0.0,0.0,0.0,0.0
tornado,1100,m,reps_partition,reps_dfp,reps,-reps_partition_entropy -reps_escalate_threshold 0.2 -reps_warmup_explore_rtts 0.5 -reps_explore_prob 70,0.25,2000000,2,275,185.953,178.09374909090906,177.846,184.526,185.953,176.059,134750,0,0,0,36508,0,0,0,0.0,0.0,0.0,0.0
tornado,1100,m,fpar_tuned,fpar,oblivious,-threshold 20750 -disable_hop_rtt_normalization,0.25,2000000,3,275,490.512,205.06599272727274,177.496,395.6,490.512,175.522,134750,489,0,0,50861,489,0,0,0.3628942486085343,0.0,0.3628942486085343,0.0
tornado,1100,m,reps_no_partition,reps_dfp,reps,,0.25,2000000,3,275,187.995,177.92118545454554,177.39,186.06,187.995,176.36,134750,0,0,0,34637,0,0,0,0.0,0.0,0.0,0.0
tornado,1100,m,reps_partition,reps_dfp,reps,-reps_partition_entropy -reps_escalate_threshold 0.2 -reps_warmup_explore_rtts 0.5 -reps_explore_prob 70,0.25,2000000,3,275,185.369,177.8162181818183,177.514,184.116,185.369,176.05,134750,0,0,0,35611,0,0,0,0.0,0.0,0.0,0.0
tornado,1100,m,fpar_tuned,fpar,oblivious,-threshold 20750 -disable_hop_rtt_normalization,0.25,2000000,4,275,511.627,222.00121818181816,177.182,504.625,511.627,173.862,134750,891,0,0,55586,891,0,0,0.6612244897959184,0.0,0.6612244897959184,0.0
tornado,1100,m,reps_no_partition,reps_dfp,reps,,0.25,2000000,4,275,187.12,178.16922909090906,177.454,185.71,187.12,176.483,134750,0,0,0,35028,0,0,0,0.0,0.0,0.0,0.0
tornado,1100,m,reps_partition,reps_dfp,reps,-reps_partition_entropy -reps_escalate_threshold 0.2 -reps_warmup_explore_rtts 0.5 -reps_explore_prob 70,0.25,2000000,4,275,188.51,178.48667636363646,177.485,187.037,188.51,175.858,134750,19,0,0,36433,19,0,0,0.014100185528756958,0.0,0.014100185528756958,0.0
tornado,1100,m,fpar_tuned,fpar,oblivious,-threshold 20750 -disable_hop_rtt_normalization,0.25,2000000,5,275,354.43,201.5131890909092,176.878,349.319,354.43,174.456,134750,443,0,0,49986,443,0,0,0.3287569573283859,0.0,0.3287569573283859,0.0
tornado,1100,m,reps_no_partition,reps_dfp,reps,,0.25,2000000,5,275,186.855,177.86807636363636,177.424,185.322,186.855,176.211,134750,0,0,0,34657,0,0,0,0.0,0.0,0.0,0.0
tornado,1100,m,reps_partition,reps_dfp,reps,-reps_partition_entropy -reps_escalate_threshold 0.2 -reps_warmup_explore_rtts 0.5 -reps_explore_prob 70,0.25,2000000,5,275,183.14,177.69815636363643,177.535,182.405,183.14,175.862,134750,0,0,0,36022,0,0,0,0.0,0.0,0.0,0.0
tornado,1100,m,fpar_tuned,fpar,oblivious,-threshold 20750 -disable_hop_rtt_normalization,0.25,10000000,1,275,2424.28,969.7806109090903,831.296,2074.89,2424.28,825.552,673200,458,0,0,270622,458,0,0,0.06803327391562686,0.0,0.06803327391562686,0.0
tornado,1100,m,reps_no_partition,reps_dfp,reps,,0.25,10000000,1,275,868.913,830.5089818181817,829.323,862.11,868.913,826.578,673200,0,0,0,174741,0,0,0,0.0,0.0,0.0,0.0
tornado,1100,m,reps_partition,reps_dfp,reps,-reps_partition_entropy -reps_escalate_threshold 0.2 -reps_warmup_explore_rtts 0.5 -reps_explore_prob 70,0.25,10000000,1,275,855.492,829.5547963636371,829.319,845.813,855.492,826.215,673200,0,0,0,175640,0,0,0,0.0,0.0,0.0,0.0
tornado,1100,m,fpar_tuned,fpar,oblivious,-threshold 20750 -disable_hop_rtt_normalization,0.25,10000000,2,275,1698.28,1016.3396799999998,831.781,1693.83,1698.28,824.219,673200,659,0,0,301625,659,0,0,0.09789067142008319,0.0,0.09789067142008319,0.0
tornado,1100,m,reps_no_partition,reps_dfp,reps,,0.25,10000000,2,275,865.699,831.2252509090904,829.655,863.727,865.699,826.543,673200,0,0,0,176127,0,0,0,0.0,0.0,0.0,0.0
tornado,1100,m,reps_partition,reps_dfp,reps,-reps_partition_entropy -reps_escalate_threshold 0.2 -reps_warmup_explore_rtts 0.5 -reps_explore_prob 70,0.25,10000000,2,275,866.721,831.0071745454541,829.788,860.862,866.721,826.321,673200,0,0,0,179311,0,0,0,0.0,0.0,0.0,0.0
tornado,1100,m,fpar_tuned,fpar,oblivious,-threshold 20750 -disable_hop_rtt_normalization,0.25,10000000,3,275,2474.78,973.4060072727277,831.69,2367.82,2474.78,825.547,673200,613,0,0,270937,613,0,0,0.09105763517528223,0.0,0.09105763517528223,0.0
tornado,1100,m,reps_no_partition,reps_dfp,reps,,0.25,10000000,3,275,863.504,830.8128763636362,828.424,862.436,863.504,826.547,673200,0,0,0,174781,0,0,0,0.0,0.0,0.0,0.0
tornado,1100,m,reps_partition,reps_dfp,reps,-reps_partition_entropy -reps_escalate_threshold 0.2 -reps_warmup_explore_rtts 0.5 -reps_explore_prob 70,0.25,10000000,3,275,868.024,830.4831818181823,829.116,864.468,868.024,826.216,673200,0,0,0,176205,0,0,0,0.0,0.0,0.0,0.0
tornado,1100,m,fpar_tuned,fpar,oblivious,-threshold 20750 -disable_hop_rtt_normalization,0.25,10000000,4,275,2561.55,1057.7433818181821,831.055,2458.9,2561.55,823.887,673200,1009,0,0,295998,1009,0,0,0.14988116458704695,0.0,0.14988116458704695,0.0
tornado,1100,m,reps_no_partition,reps_dfp,reps,,0.25,10000000,4,275,868.752,831.8918872727272,828.742,867.246,868.752,826.704,673200,0,0,0,176686,0,0,0,0.0,0.0,0.0,0.0
tornado,1100,m,reps_partition,reps_dfp,reps,-reps_partition_entropy -reps_escalate_threshold 0.2 -reps_warmup_explore_rtts 0.5 -reps_explore_prob 70,0.25,10000000,4,275,873.737,832.3737963636366,829.638,870.771,873.737,826.211,673200,19,0,0,179925,19,0,0,0.002822341057635175,0.0,0.002822341057635175,0.0
tornado,1100,m,fpar_tuned,fpar,oblivious,-threshold 20750 -disable_hop_rtt_normalization,0.25,10000000,5,275,1720.88,950.4393454545454,830.256,1713.58,1720.88,825.507,673200,474,0,0,266820,474,0,0,0.07040998217468805,0.0,0.07040998217468805,0.0
tornado,1100,m,reps_no_partition,reps_dfp,reps,,0.25,10000000,5,275,869.769,830.228792727273,828.124,854.749,869.769,826.548,673200,0,0,0,174525,0,0,0,0.0,0.0,0.0,0.0
tornado,1100,m,reps_partition,reps_dfp,reps,-reps_partition_entropy -reps_escalate_threshold 0.2 -reps_warmup_explore_rtts 0.5 -reps_explore_prob 70,0.25,10000000,5,275,850.905,829.5054763636366,828.754,848.093,850.905,826.371,673200,0,0,0,176864,0,0,0,0.0,0.0,0.0,0.0
tornado,1100,m,fpar_tuned,fpar,oblivious,-threshold 20750 -disable_hop_rtt_normalization,0.5,100000,1,550,51.0874,24.96161872727274,23.149,37.3976,51.0874,21.4736,13750,40,0,0,4732,40,0,0,0.2909090909090909,0.0,0.2909090909090909,0.0
tornado,1100,m,reps_no_partition,reps_dfp,reps,,0.5,100000,1,550,27.313,24.053107818181807,23.9816,26.7827,27.313,21.997,13750,0,0,0,4246,0,0,0,0.0,0.0,0.0,0.0
tornado,1100,m,reps_partition,reps_dfp,reps,-reps_partition_entropy -reps_escalate_threshold 0.2 -reps_warmup_explore_rtts 0.5 -reps_explore_prob 40,0.5,100000,1,550,27.6198,24.215769454545455,23.9856,27.4187,27.6198,21.8096,13750,0,0,0,4292,0,0,0,0.0,0.0,0.0,0.0
tornado,1100,m,fpar_tuned,fpar,oblivious,-threshold 20750 -disable_hop_rtt_normalization,0.5,100000,2,550,35.6954,24.750700000000005,23.485,33.4256,35.6954,21.4736,13750,0,0,0,4571,0,0,0,0.0,0.0,0.0,0.0
tornado,1100,m,reps_no_partition,reps_dfp,reps,,0.5,100000,2,550,29.9667,24.136242727272727,23.9696,27.9776,29.9667,21.8198,13750,0,0,0,4263,0,0,0,0.0,0.0,0.0,0.0
tornado,1100,m,reps_partition,reps_dfp,reps,-reps_partition_entropy -reps_escalate_threshold 0.2 -reps_warmup_explore_rtts 0.5 -reps_explore_prob 40,0.5,100000,2,550,28.5912,24.511381636363645,24.3176,28.0987,28.5912,21.6456,13750,0,0,0,4335,0,0,0,0.0,0.0,0.0,0.0
tornado,1100,m,fpar_tuned,fpar,oblivious,-threshold 20750 -disable_hop_rtt_normalization,0.5,100000,3,550,38.5536,24.956033090909095,23.3459,35.8976,38.5536,21.4736,13750,0,0,0,4680,0,0,0,0.0,0.0,0.0,0.0
tornado,1100,m,reps_no_partition,reps_dfp,reps,,0.5,100000,3,550,28.485,23.95743381818184,23.7976,26.973,28.485,21.8096,13750,0,0,0,4223,0,0,0,0.0,0.0,0.0,0.0
tornado,1100,m,reps_partition,reps_dfp,reps,-reps_partition_entropy -reps_escalate_threshold 0.2 -reps_warmup_explore_rtts 0.5 -reps_explore_prob 40,0.5,100000,3,550,29.0976,24.551857090909074,24.3016,28.4336,29.0976,21.8198,13750,0,0,0,4317,0,0,0,0.0,0.0,0.0,0.0
tornado,1100,m,fpar_tuned,fpar,oblivious,-threshold 20750 -disable_hop_rtt_normalization,0.5,100000,4,550,37.7336,24.947520363636386,23.4656,36.4056,37.7336,21.4776,13750,0,0,0,4660,0,0,0,0.0,0.0,0.0,0.0
tornado,1100,m,reps_no_partition,reps_dfp,reps,,0.5,100000,4,550,28.4707,24.283783636363655,24.1398,27.7856,28.4707,21.4827,13750,0,0,0,4261,0,0,0,0.0,0.0,0.0,0.0
tornado,1100,m,reps_partition,reps_dfp,reps,-reps_partition_entropy -reps_escalate_threshold 0.2 -reps_warmup_explore_rtts 0.5 -reps_explore_prob 40,0.5,100000,4,550,29.8976,24.65996054545455,24.3118,29.2576,29.8976,21.8056,13750,0,0,0,4349,0,0,0,0.0,0.0,0.0,0.0
tornado,1100,m,fpar_tuned,fpar,oblivious,-threshold 20750 -disable_hop_rtt_normalization,0.5,100000,5,550,37.9426,24.813962181818194,23.1632,36.7336,37.9426,21.4736,13750,0,0,0,4656,0,0,0,0.0,0.0,0.0,0.0
tornado,1100,m,reps_no_partition,reps_dfp,reps,,0.5,100000,5,550,28.6581,24.067632909090914,23.9638,27.5589,28.6581,21.9867,13750,0,0,0,4239,0,0,0,0.0,0.0,0.0,0.0
tornado,1100,m,reps_partition,reps_dfp,reps,-reps_partition_entropy -reps_escalate_threshold 0.2 -reps_warmup_explore_rtts 0.5 -reps_explore_prob 40,0.5,100000,5,550,28.2736,24.46066436363638,24.2896,28.0776,28.2736,21.8056,13750,0,0,0,4334,0,0,0,0.0,0.0,0.0,0.0
tornado,1100,m,fpar_tuned,fpar,oblivious,-threshold 20750 -disable_hop_rtt_normalization,0.5,500000,1,550,216.88,70.64704927272732,60.6442,160.056,216.88,54.6536,67650,1979,0,0,31156,1979,0,0,2.925351071692535,0.0,2.925351071692535,0.0
tornado,1100,m,reps_no_partition,reps_dfp,reps,,0.5,500000,1,550,73.2806,62.98977527272725,62.6859,71.8269,73.2806,56.6758,67650,0,0,0,22844,0,0,0,0.0,0.0,0.0,0.0
tornado,1100,m,reps_partition,reps_dfp,reps,-reps_partition_entropy -reps_escalate_threshold 0.2 -reps_warmup_explore_rtts 0.5 -reps_explore_prob 40,0.5,500000,1,550,79.239,68.26888581818174,67.8917,76.9213,79.239,60.8494,67650,7071,0,0,33141,7071,0,0,10.452328159645234,0.0,10.452328159645234,0.0
tornado,1100,m,fpar_tuned,fpar,oblivious,-threshold 20750 -disable_hop_rtt_normalization,0.5,500000,2,550,138.084,70.11932,62.9394,127.151,138.084,54.4893,67650,2018,0,0,32364,2018,0,0,2.9830007390983,0.0,2.9830007390983,0.0
tornado,1100,m,reps_no_partition,reps_dfp,reps,,0.5,500000,2,550,73.4587,63.1980516363636,62.4373,72.1589,73.4587,56.8141,67650,0,0,0,22710,0,0,0,0.0,0.0,0.0,0.0
tornado,1100,m,reps_partition,reps_dfp,reps,-reps_partition_entropy -reps_escalate_threshold 0.2 -reps_warmup_explore_rtts 0.5 -reps_explore_prob 40,0.5,500000,2,550,80.8947,68.66184054545458,67.9477,79.0136,80.8947,61.1341,67650,7164,0,0,33297,7164,0,0,10.58980044345898,0.0,10.58980044345898,0.0
tornado,1100,m,fpar_tuned,fpar,oblivious,-threshold 20750 -disable_hop_rtt_normalization,0.5,500000,3,550,153.553,70.57531036363645,61.125,130.906,153.553,54.4445,67650,2252,0,0,32146,2252,0,0,3.32889874353289,0.0,3.32889874353289,0.0
tornado,1100,m,reps_no_partition,reps_dfp,reps,,0.5,500000,3,550,71.473,63.46078836363633,63.2754,70.4616,71.473,56.6661,67650,0,0,0,22545,0,0,0,0.0,0.0,0.0,0.0
tornado,1100,m,reps_partition,reps_dfp,reps,-reps_partition_entropy -reps_escalate_threshold 0.2 -reps_warmup_explore_rtts 0.5 -reps_explore_prob 40,0.5,500000,3,550,77.2917,68.24146363636359,68.075,76.1458,77.2917,60.0829,67650,6967,0,0,32818,6967,0,0,10.29859571322986,0.0,10.29859571322986,0.0
tornado,1100,m,fpar_tuned,fpar,oblivious,-threshold 20750 -disable_hop_rtt_normalization,0.5,500000,4,550,139.204,70.93455036363628,62.0229,130.985,139.204,54.3176,67650,2164,0,0,32981,2164,0,0,3.1988174427198817,0.0,3.1988174427198817,0.0
tornado,1100,m,reps_no_partition,reps_dfp,reps,,0.5,500000,4,550,77.2646,64.09764309090912,63.6154,75.7304,77.2646,56.9685,67650,0,0,0,23064,0,0,0,0.0,0.0,0.0,0.0
tornado,1100,m,reps_partition,reps_dfp,reps,-reps_partition_entropy -reps_escalate_threshold 0.2 -reps_warmup_explore_rtts 0.5 -reps_explore_prob 40,0.5,500000,4,550,80.6675,68.7762876363636,68.1598,78.9813,80.6675,60.4949,67650,7091,0,0,33127,7091,0,0,10.48189209164819,0.0,10.48189209164819,0.0
tornado,1100,m,fpar_tuned,fpar,oblivious,-threshold 20750 -disable_hop_rtt_normalization,0.5,500000,5,550,149.343,70.32502436363636,61.4051,134.809,149.343,54.3074,67650,2039,0,0,31679,2039,0,0,3.0140428677014044,0.0,3.0140428677014044,0.0
tornado,1100,m,reps_no_partition,reps_dfp,reps,,0.5,500000,5,550,72.9114,62.79129654545451,62.501,70.1387,72.9114,56.1166,67650,0,0,0,22568,0,0,0,0.0,0.0,0.0,0.0
tornado,1100,m,reps_partition,reps_dfp,reps,-reps_partition_entropy -reps_escalate_threshold 0.2 -reps_warmup_explore_rtts 0.5 -reps_explore_prob 40,0.5,500000,5,550,81.3283,68.35500309090914,68.0898,76.3016,81.3283,60.3779,67650,7136,0,0,33249,7136,0,0,10.548410938654841,0.0,10.548410938654841,0.0
tornado,1100,m,fpar_tuned,fpar,oblivious,-threshold 20750 -disable_hop_rtt_normalization,0.5,2000000,1,550,842.791,241.904089090909,192.19,607.083,842.791,176.659,269500,2491,0,0,136124,2491,0,0,0.92430426716141,0.0,0.92430426716141,0.0
tornado,1100,m,reps_no_partition,reps_dfp,reps,,0.5,2000000,1,550,213.086,198.72708545454546,198.942,211.407,213.086,180.637,269500,23,0,0,100357,23,0,0,0.008534322820037106,0.0,0.008534322820037106,0.0
tornado,1100,m,reps_partition,reps_dfp,reps,-reps_partition_entropy -reps_escalate_threshold 0.2 -reps_warmup_explore_rtts 0.5 -reps_explore_prob 40,0.5,2000000,1,550,247.36,214.97172000000012,214.895,238.065,247.36,191.475,269500,7152,0,0,109003,7152,0,0,2.653803339517625,0.0,2.653803339517625,0.0
tornado,1100,m,fpar_tuned,fpar,oblivious,-threshold 20750 -disable_hop_rtt_normalization,0.5,2000000,2,550,636.699,240.27101272727262,194.45,514.92,636.699,176.85,269500,2515,0,0,139016,2515,0,0,0.9332096474953617,0.0,0.9332096474953617,0.0
tornado,1100,m,reps_no_partition,reps_dfp,reps,,0.5,2000000,2,550,222.853,197.80179454545444,196.278,214.968,222.853,183.741,269500,11,0,0,99717,11,0,0,0.004081632653061225,0.0,0.004081632653061225,0.0
tornado,1100,m,reps_partition,reps_dfp,reps,-reps_partition_entropy -reps_escalate_threshold 0.2 -reps_warmup_explore_rtts 0.5 -reps_explore_prob 40,0.5,2000000,2,550,249.087,214.91890545454538,213.608,239.576,249.087,195.25,269500,7166,0,0,109096,7166,0,0,2.6589981447124305,0.0,2.6589981447124305,0.0
tornado,1100,m,fpar_tuned,fpar,oblivious,-threshold 20750 -disable_hop_rtt_normalization,0.5,2000000,3,550,639.601,241.39305090909116,192.122,513.712,639.601,176.85,269500,2678,0,0,136594,2678,0,0,0.9936920222634509,0.0,0.9936920222634509,0.0
tornado,1100,m,reps_no_partition,reps_dfp,reps,,0.5,2000000,3,550,213.521,198.65109636363627,198.607,211.166,213.521,183.486,269500,14,0,0,100443,14,0,0,0.005194805194805195,0.0,0.005194805194805195,0.0
tornado,1100,m,reps_partition,reps_dfp,reps,-reps_partition_entropy -reps_escalate_threshold 0.2 -reps_warmup_explore_rtts 0.5 -reps_explore_prob 40,0.5,2000000,3,550,244.867,214.9419454545454,214.615,235.927,244.867,195.391,269500,6967,0,0,109062,6967,0,0,2.5851576994434136,0.0,2.5851576994434136,0.0
tornado,1100,m,fpar_tuned,fpar,oblivious,-threshold 20750 -disable_hop_rtt_normalization,0.5,2000000,4,550,521.332,243.46062363636347,193.089,497.442,521.332,176.197,269500,2645,0,0,139593,2645,0,0,0.9814471243042672,0.0,0.9814471243042672,0.0
tornado,1100,m,reps_no_partition,reps_dfp,reps,,0.5,2000000,4,550,223.187,199.80353090909077,198.253,221.698,223.187,184.468,269500,74,0,0,102140,74,0,0,0.027458256029684602,0.0,0.027458256029684602,0.0
tornado,1100,m,reps_partition,reps_dfp,reps,-reps_partition_entropy -reps_escalate_threshold 0.2 -reps_warmup_explore_rtts 0.5 -reps_explore_prob 40,0.5,2000000,4,550,260.571,215.30742,214.045,246.962,260.571,192.534,269500,7151,0,0,108535,7151,0,0,2.6534322820037106,0.0,2.6534322820037106,0.0
tornado,1100,m,fpar_tuned,fpar,oblivious,-threshold 20750 -disable_hop_rtt_normalization,0.5,2000000,5,550,588.579,238.6065309090909,191.794,524.36,588.579,176.285,269500,2412,0,0,136062,2412,0,0,0.8949907235621521,0.0,0.8949907235621521,0.0
tornado,1100,m,reps_no_partition,reps_dfp,reps,,0.5,2000000,5,550,219.899,197.81155090909078,197.102,216.708,219.899,182.699,269500,2,0,0,99406,2,0,0,0.0007421150278293135,0.0,0.0007421150278293135,0.0
tornado,1100,m,reps_partition,reps_dfp,reps,-reps_partition_entropy -reps_escalate_threshold 0.2 -reps_warmup_explore_rtts 0.5 -reps_explore_prob 40,0.5,2000000,5,550,253.108,214.55169454545452,213.82,236.01,253.108,192.161,269500,7146,0,0,108968,7146,0,0,2.651576994434137,0.0,2.651576994434137,0.0
tornado,1100,m,fpar_tuned,fpar,oblivious,-threshold 20750 -disable_hop_rtt_normalization,0.5,10000000,1,550,4079.52,1162.2036527272735,894.935,2945.04,4079.52,827.796,1346400,2798,0,0,715383,2798,0,0,0.2078134284016637,0.0,0.2078134284016637,0.0
tornado,1100,m,reps_no_partition,reps_dfp,reps,,0.5,10000000,1,550,1043.86,922.4948345454543,924.004,984.903,1043.86,845.608,1346400,172,0,0,511884,172,0,0,0.01277480689245395,0.0,0.01277480689245395,0.0
tornado,1100,m,reps_partition,reps_dfp,reps,-reps_partition_entropy -reps_escalate_threshold 0.2 -reps_warmup_explore_rtts 0.5 -reps_explore_prob 40,0.5,10000000,1,550,1180.92,963.4863872727269,961.349,1112.06,1180.92,875.246,1346400,7618,0,0,527642,7618,0,0,0.565805109922757,0.0,0.565805109922757,0.0
tornado,1100,m,fpar_tuned,fpar,oblivious,-threshold 20750 -disable_hop_rtt_normalization,0.5,10000000,2,550,3163.35,1156.74888,909.838,2590.54,3163.35,827.263,1346400,2938,0,0,746303,2938,0,0,0.21821152703505645,0.0,0.21821152703505645,0.0
tornado,1100,m,reps_no_partition,reps_dfp,reps,,0.5,10000000,2,550,1097.4,918.3010036363625,910.015,1004.04,1097.4,860.993,1346400,130,0,0,504114,130,0,0,0.009655377302436126,0.0,0.009655377302436126,0.0
tornado,1100,m,reps_partition,reps_dfp,reps,-reps_partition_entropy -reps_escalate_threshold 0.2 -reps_warmup_explore_rtts 0.5 -reps_explore_prob 40,0.5,10000000,2,550,1363.7,962.1376090909088,952.315,1141.05,1363.7,891.291,1346400,7759,0,0,524778,7759,0,0,0.5762774806892454,0.0,0.5762774806892454,0.0
tornado,1100,m,fpar_tuned,fpar,oblivious,-threshold 20750 -disable_hop_rtt_normalization,0.5,10000000,3,550,3015.44,1156.0841599999992,895.697,2530.65,3015.44,827.068,1346400,3220,0,0,724536,3220,0,0,0.23915626856803326,0.0,0.23915626856803326,0.0
tornado,1100,m,reps_no_partition,reps_dfp,reps,,0.5,10000000,3,550,1029.24,922.5019472727281,922.873,983.425,1029.24,853.764,1346400,112,0,0,512157,112,0,0,0.008318478906714201,0.0,0.008318478906714201,0.0
tornado,1100,m,reps_partition,reps_dfp,reps,-reps_partition_entropy -reps_escalate_threshold 0.2 -reps_warmup_explore_rtts 0.5 -reps_explore_prob 40,0.5,10000000,3,550,1122.19,967.1397490909088,964.497,1053.67,1122.19,871.154,1346400,7329,0,0,536872,7329,0,0,0.5443404634581105,0.0,0.5443404634581105,0.0
tornado,1100,m,fpar_tuned,fpar,oblivious,-threshold 20750 -disable_hop_rtt_normalization,0.5,10000000,4,550,2605.52,1170.2965181818183,905.579,2481.11,2605.52,826.843,1346400,3067,0,0,738767,3067,0,0,0.2277926322043969,0.0,0.2277926322043969,0.0
tornado,1100,m,reps_no_partition,reps_dfp,reps,,0.5,10000000,4,550,1156.91,924.1716127272731,911.138,1078.47,1156.91,851.636,1346400,385,0,0,512560,385,0,0,0.028594771241830064,0.0,0.028594771241830064,0.0
tornado,1100,m,reps_partition,reps_dfp,reps,-reps_partition_entropy -reps_escalate_threshold 0.2 -reps_warmup_explore_rtts 0.5 -reps_explore_prob 40,0.5,10000000,4,550,1288.04,966.2859400000004,955.051,1200.0,1288.04,869.306,1346400,7613,0,0,528573,7613,0,0,0.5654337492572786,0.0,0.5654337492572786,0.0
tornado,1100,m,fpar_tuned,fpar,oblivious,-threshold 20750 -disable_hop_rtt_normalization,0.5,10000000,5,550,2763.77,1138.704996363636,902.053,2562.82,2763.77,826.211,1346400,2849,0,0,723144,2849,0,0,0.21160130718954248,0.0,0.21160130718954248,0.0
tornado,1100,m,reps_no_partition,reps_dfp,reps,,0.5,10000000,5,550,1008.2,919.1089981818182,917.845,996.258,1008.2,853.56,1346400,65,0,0,507625,65,0,0,0.004827688651218063,0.0,0.004827688651218063,0.0
tornado,1100,m,reps_partition,reps_dfp,reps,-reps_partition_entropy -reps_escalate_threshold 0.2 -reps_warmup_explore_rtts 0.5 -reps_explore_prob 40,0.5,10000000,5,550,1168.93,961.3954690909087,958.052,1086.0,1168.93,869.052,1346400,7419,0,0,530175,7419,0,0,0.5510249554367201,0.0,0.5510249554367201,0.0
tornado,1100,m,fpar_tuned,fpar,oblivious,-threshold 20750 -disable_hop_rtt_normalization,0.75,100000,1,825,49.4029,27.163854424242402,26.125,35.7376,49.4029,23.7976,20625,29,0,0,6795,29,0,0,0.1406060606060606,0.0,0.1406060606060606,0.0
tornado,1100,m,reps_no_partition,reps_dfp,reps,,0.75,100000,1,825,33.1056,27.378842545454553,27.2576,31.2992,33.1056,23.3107,20625,0,0,0,6733,0,0,0,0.0,0.0,0.0,0.0
tornado,1100,m,reps_partition,reps_dfp,reps,-reps_partition_entropy -reps_escalate_threshold 0.2 -reps_warmup_explore_rtts 0.5 -reps_explore_prob 40,0.75,100000,1,825,33.5856,27.739707999999993,27.6016,32.4056,33.5856,23.1438,20625,0,0,0,6982,0,0,0,0.0,0.0,0.0,0.0
tornado,1100,m,fpar_tuned,fpar,oblivious,-threshold 20750 -disable_hop_rtt_normalization,0.75,100000,2,825,37.1014,26.946984848484934,26.1198,35.0736,37.1014,23.801,20625,0,0,0,6714,0,0,0,0.0,0.0,0.0,0.0
tornado,1100,m,reps_no_partition,reps_dfp,reps,,0.75,100000,2,825,34.953,27.33584884848486,27.1267,33.0907,34.953,23.6307,20625,0,0,0,6730,0,0,0,0.0,0.0,0.0,0.0
tornado,1100,m,reps_partition,reps_dfp,reps,-reps_partition_entropy -reps_escalate_threshold 0.2 -reps_warmup_explore_rtts 0.5 -reps_explore_prob 40,0.75,100000,2,825,33.7216,27.572532969696965,27.4598,32.0616,33.7216,23.6376,20625,0,0,0,6990,0,0,0,0.0,0.0,0.0,0.0
tornado,1100,m,fpar_tuned,fpar,oblivious,-threshold 20750 -disable_hop_rtt_normalization,0.75,100000,3,825,41.5416,27.060736727272737,26.1472,35.9677,41.5416,23.641,20625,0,0,0,6682,0,0,0,0.0,0.0,0.0,0.0
tornado,1100,m,reps_no_partition,reps_dfp,reps,,0.75,100000,3,825,32.4296,27.358802545454566,27.1227,31.4096,32.4296,24.1096,20625,0,0,0,6738,0,0,0,0.0,0.0,0.0,0.0
tornado,1100,m,reps_partition,reps_dfp,reps,-reps_partition_entropy -reps_escalate_threshold 0.2 -reps_warmup_explore_rtts 0.5 -reps_explore_prob 40,0.75,100000,3,825,33.7456,27.598864242424224,27.4187,33.0576,33.7456,23.3158,20625,0,0,0,6965,0,0,0,0.0,0.0,0.0,0.0
tornado,1100,m,fpar_tuned,fpar,oblivious,-threshold 20750 -disable_hop_rtt_normalization,0.75,100000,4,825,35.4414,26.730283878787912,25.9854,34.0325,35.4414,23.4838,20625,0,0,0,6631,0,0,0,0.0,0.0,0.0,0.0
tornado,1100,m,reps_no_partition,reps_dfp,reps,,0.75,100000,4,825,35.433,27.395707878787945,27.2878,31.2736,35.433,24.1216,20625,0,0,0,6730,0,0,0,0.0,0.0,0.0,0.0
tornado,1100,m,reps_partition,reps_dfp,reps,-reps_partition_entropy -reps_escalate_threshold 0.2 -reps_warmup_explore_rtts 0.5 -reps_explore_prob 40,0.75,100000,4,825,35.5536,27.726239515151487,27.4581,33.4136,35.5536,23.4758,20625,0,0,0,6971,0,0,0,0.0,0.0,0.0,0.0
tornado,1100,m,fpar_tuned,fpar,oblivious,-threshold 20750 -disable_hop_rtt_normalization,0.75,100000,5,825,38.6054,26.999571878787876,26.1318,36.5776,38.6054,23.6376,20625,0,0,0,6678,0,0,0,0.0,0.0,0.0,0.0
tornado,1100,m,reps_no_partition,reps_dfp,reps,,0.75,100000,5,825,33.6277,27.55539648484849,27.4376,32.125,33.6277,23.8846,20625,0,0,0,6760,0,0,0,0.0,0.0,0.0,0.0
tornado,1100,m,reps_partition,reps_dfp,reps,-reps_partition_entropy -reps_escalate_threshold 0.2 -reps_warmup_explore_rtts 0.5 -reps_explore_prob 40,0.75,100000,5,825,36.5736,27.93275963636364,27.6336,34.9136,36.5736,23.1438,20625,0,0,0,6959,0,0,0,0.0,0.0,0.0,0.0
tornado,1100,m,fpar_tuned,fpar,oblivious,-threshold 20750 -disable_hop_rtt_normalization,0.75,500000,1,825,171.438,77.40895357575761,74.9558,116.999,171.438,63.6363,101475,4860,0,0,44204,4860,0,0,4.789356984478935,0.0,4.789356984478935,0.0
tornado,1100,m,reps_no_partition,reps_dfp,reps,,0.75,500000,1,825,90.0691,82.25629006060602,82.3138,89.2072,90.0691,69.544,101475,338,0,0,63712,338,0,0,0.3330869672333087,0.0,0.3330869672333087,0.0
tornado,1100,m,reps_partition,reps_dfp,reps,-reps_partition_entropy -reps_escalate_threshold 0.2 -reps_warmup_explore_rtts 0.5 -reps_explore_prob 40,0.75,500000,1,825,91.2299,80.57807781818188,80.6453,88.4523,91.2299,68.9027,101475,13948,0,0,56390,13948,0,0,13.745257452574526,0.0,13.745257452574526,0.0
tornado,1100,m,fpar_tuned,fpar,oblivious,-threshold 20750 -disable_hop_rtt_normalization,0.75,500000,2,825,138.577,76.76962981818184,74.9038,115.839,138.577,63.4506,101475,4398,0,0,44278,4398,0,0,4.334072431633407,0.0,4.334072431633407,0.0
tornado,1100,m,reps_no_partition,reps_dfp,reps,,0.75,500000,2,825,92.8533,82.15103599999992,82.0096,89.1373,92.8533,73.8138,101475,280,0,0,63575,280,0,0,0.27593003202759303,0.0,0.27593003202759303,0.0
tornado,1100,m,reps_partition,reps_dfp,reps,-reps_partition_entropy -reps_escalate_threshold 0.2 -reps_warmup_explore_rtts 0.5 -reps_explore_prob 40,0.75,500000,2,825,90.3014,80.70731187878783,80.6555,88.6414,90.3014,66.9875,101475,13970,0,0,56449,13970,0,0,13.766937669376693,0.0,13.766937669376693,0.0
tornado,1100,m,fpar_tuned,fpar,oblivious,-threshold 20750 -disable_hop_rtt_normalization,0.75,500000,3,825,164.182,76.57100072727266,74.6397,125.99,164.182,62.1861,101475,4973,0,0,43749,4973,0,0,4.900714461690072,0.0,4.900714461690072,0.0
tornado,1100,m,reps_no_partition,reps_dfp,reps,,0.75,500000,3,825,92.2424,81.99294242424236,82.0736,89.5864,92.2424,70.837,101475,231,0,0,63173,231,0,0,0.22764227642276422,0.0,0.22764227642276422,0.0
tornado,1100,m,reps_partition,reps_dfp,reps,-reps_partition_entropy -reps_escalate_threshold 0.2 -reps_warmup_explore_rtts 0.5 -reps_explore_prob 40,0.75,500000,3,825,92.7067,80.62090533333337,80.5354,90.3827,92.7067,68.1034,101475,13742,0,0,56417,13742,0,0,13.542251786154225,0.0,13.542251786154225,0.0
tornado,1100,m,fpar_tuned,fpar,oblivious,-threshold 20750 -disable_hop_rtt_normalization,0.75,500000,4,825,125.493,76.36870618181828,75.4362,107.396,125.493,62.1408,101475,4401,0,0,43972,4401,0,0,4.337028824833703,0.0,4.337028824833703,0.0
tornado,1100,m,reps_no_partition,reps_dfp,reps,,0.75,500000,4,825,93.2595,82.36180218181815,82.4016,89.9547,93.2595,72.0842,101475,290,0,0,63499,290,0,0,0.2857846760285785,0.0,0.2857846760285785,0.0
tornado,1100,m,reps_partition,reps_dfp,reps,-reps_partition_entropy -reps_escalate_threshold 0.2 -reps_warmup_explore_rtts 0.5 -reps_explore_prob 40,0.75,500000,4,825,94.6165,81.03670327272735,80.921,90.8699,94.6165,69.5179,101475,13726,0,0,56633,13726,0,0,13.526484355752649,0.0,13.526484355752649,0.0
tornado,1100,m,fpar_tuned,fpar,oblivious,-threshold 20750 -disable_hop_rtt_normalization,0.75,500000,5,825,141.789,77.05261030303038,75.2176,119.84,141.789,61.4605,101475,4608,0,0,44636,4608,0,0,4.541019955654102,0.0,4.541019955654102,0.0
tornado,1100,m,reps_no_partition,reps_dfp,reps,,0.75,500000,5,825,92.1213,81.83593903030295,81.9424,89.7973,92.1213,72.3206,101475,405,0,0,63596,405,0,0,0.3991130820399113,0.0,0.3991130820399113,0.0
tornado,1100,m,reps_partition,reps_dfp,reps,-reps_partition_entropy -reps_escalate_threshold 0.2 -reps_warmup_explore_rtts 0.5 -reps_explore_prob 40,0.75,500000,5,825,96.4766,81.21248278787877,81.1859,89.7666,96.4766,69.6333,101475,13955,0,0,56586,13955,0,0,13.752155703375216,0.0,13.752155703375216,0.0
tornado,1100,m,fpar_tuned,fpar,oblivious,-threshold 20750 -disable_hop_rtt_normalization,0.75,2000000,1,825,762.594,263.49347757575725,226.904,544.454,762.594,193.259,404250,7384,0,0,197044,7384,0,0,1.8265924551638837,0.0,1.8265924551638837,0.0
tornado,1100,m,reps_no_partition,reps_dfp,reps,,0.75,2000000,1,825,384.759,262.3426254545452,254.841,350.409,384.759,215.45,404250,1136,0,0,243741,1136,0,0,0.2810142238713667,0.0,0.2810142238713667,0.0
tornado,1100,m,reps_partition,reps_dfp,reps,-reps_partition_entropy -reps_escalate_threshold 0.2 -reps_warmup_explore_rtts 0.5 -reps_explore_prob 40,0.75,2000000,1,825,328.142,269.1627939393939,268.473,308.803,328.142,232.119,404250,14539,0,0,240566,14539,0,0,3.5965367965367965,0.0,3.5965367965367965,0.0
tornado,1100,m,fpar_tuned,fpar,oblivious,-threshold 20750 -disable_hop_rtt_normalization,0.75,2000000,2,825,594.759,264.4850872727271,231.229,511.939,594.759,192.571,404250,7754,0,0,201939,7754,0,0,1.9181199752628324,0.0,1.9181199752628324,0.0
tornado,1100,m,reps_no_partition,reps_dfp,reps,,0.75,2000000,2,825,379.432,259.9361393939393,253.149,349.892,379.432,218.495,404250,1076,0,0,245085,1076,0,0,0.26617192331478046,0.0,0.26617192331478046,0.0
tornado,1100,m,reps_partition,reps_dfp,reps,-reps_partition_entropy -reps_escalate_threshold 0.2 -reps_warmup_explore_rtts 0.5 -reps_explore_prob 40,0.75,2000000,2,825,341.947,268.5758048484849,268.207,305.35,341.947,228.31,404250,14547,0,0,240280,14547,0,0,3.5985157699443415,0.0,3.5985157699443415,0.0
tornado,1100,m,fpar_tuned,fpar,oblivious,-threshold 20750 -disable_hop_rtt_normalization,0.75,2000000,3,825,745.574,263.72525939393944,229.458,608.171,745.574,190.008,404250,7879,0,0,199686,7879,0,0,1.9490414347557206,0.0,1.9490414347557206,0.0
tornado,1100,m,reps_no_partition,reps_dfp,reps,,0.75,2000000,3,825,376.559,261.7164812121213,254.686,348.212,376.559,214.66,404250,1198,0,0,243232,1198,0,0,0.2963512677798392,0.0,0.2963512677798392,0.0
tornado,1100,m,reps_partition,reps_dfp,reps,-reps_partition_entropy -reps_escalate_threshold 0.2 -reps_warmup_explore_rtts 0.5 -reps_explore_prob 40,0.75,2000000,3,825,335.413,268.90564969697,267.721,311.252,335.413,226.064,404250,14316,0,0,238912,14316,0,0,3.541372912801484,0.0,3.541372912801484,0.0
tornado,1100,m,fpar_tuned,fpar,oblivious,-threshold 20750 -disable_hop_rtt_normalization,0.75,2000000,4,825,592.817,263.92928848484866,234.191,490.244,592.817,190.836,404250,7999,0,0,200895,7999,0,0,1.978726035868893,0.0,1.978726035868893,0.0
tornado,1100,m,reps_no_partition,reps_dfp,reps,,0.75,2000000,4,825,405.396,260.97100484848465,251.227,360.481,405.396,216.129,404250,1023,0,0,246255,1023,0,0,0.2530612244897959,0.0,0.2530612244897959,0.0
tornado,1100,m,reps_partition,reps_dfp,reps,-reps_partition_entropy -reps_escalate_threshold 0.2 -reps_warmup_explore_rtts 0.5 -reps_explore_prob 40,0.75,2000000,4,825,333.409,268.0663139393935,267.513,309.184,333.409,228.868,404250,14146,0,0,242047,14146,0,0,3.4993197278911565,0.0,3.4993197278911565,0.0
tornado,1100,m,fpar_tuned,fpar,oblivious,-threshold 20750 -disable_hop_rtt_normalization,0.75,2000000,5,825,742.017,265.3684121212124,232.433,503.878,742.017,189.62,404250,7863,0,0,202637,7863,0,0,1.945083487940631,0.0,1.945083487940631,0.0
tornado,1100,m,reps_no_partition,reps_dfp,reps,,0.75,2000000,5,825,418.308,261.9213587878784,252.403,356.076,418.308,215.206,404250,1163,0,0,243567,1163,0,0,0.2876932591218305,0.0,0.2876932591218305,0.0
tornado,1100,m,reps_partition,reps_dfp,reps,-reps_partition_entropy -reps_escalate_threshold 0.2 -reps_warmup_explore_rtts 0.5 -reps_explore_prob 40,0.75,2000000,5,825,327.104,268.4343975757578,268.028,313.425,327.104,228.242,404250,14483,0,0,239650,14483,0,0,3.5826839826839825,0.0,3.5826839826839825,0.0
tornado,1100,m,fpar_tuned,fpar,oblivious,-threshold 20750 -disable_hop_rtt_normalization,0.75,10000000,1,825,3865.51,1267.2171442424237,1024.54,2893.57,3865.51,875.271,2019600,10692,0,0,1016246,10692,0,0,0.5294117647058824,0.0,0.5294117647058824,0.0
tornado,1100,m,reps_no_partition,reps_dfp,reps,,0.75,10000000,1,825,1566.48,1214.5015187878796,1210.57,1487.01,1566.48,983.793,2019600,1595,0,0,1114735,1595,0,0,0.0789760348583878,0.0,0.0789760348583878,0.0
tornado,1100,m,reps_partition,reps_dfp,reps,-reps_partition_entropy -reps_escalate_threshold 0.2 -reps_warmup_explore_rtts 0.5 -reps_explore_prob 40,0.75,10000000,1,825,1677.03,1240.0158812121194,1230.8,1559.09,1677.03,993.676,2019600,15276,0,0,1116114,15276,0,0,0.756387403446227,0.0,0.756387403446227,0.0
tornado,1100,m,fpar_tuned,fpar,oblivious,-threshold 20750 -disable_hop_rtt_normalization,0.75,10000000,2,825,2988.48,1276.6851103030306,1054.78,2555.21,2988.48,873.522,2019600,10187,0,0,1069050,10187,0,0,0.5044068132303426,0.0,0.5044068132303426,0.0
tornado,1100,m,reps_no_partition,reps_dfp,reps,,0.75,10000000,2,825,1623.68,1210.9260484848492,1200.67,1495.42,1623.68,1005.08,2019600,1578,0,0,1124165,1578,0,0,0.07813428401663695,0.0,0.07813428401663695,0.0
tornado,1100,m,reps_partition,reps_dfp,reps,-reps_partition_entropy -reps_escalate_threshold 0.2 -reps_warmup_explore_rtts 0.5 -reps_explore_prob 40,0.75,10000000,2,825,1742.03,1233.306715151514,1225.54,1523.06,1742.03,1024.7,2019600,15292,0,0,1111767,15292,0,0,0.7571796395325807,0.0,0.7571796395325807,0.0
tornado,1100,m,fpar_tuned,fpar,oblivious,-threshold 20750 -disable_hop_rtt_normalization,0.75,10000000,3,825,3647.32,1266.0868327272744,1048.4,2954.85,3647.32,874.725,2019600,10709,0,0,1044281,10709,0,0,0.5302535155476332,0.0,0.5302535155476332,0.0
tornado,1100,m,reps_no_partition,reps_dfp,reps,,0.75,10000000,3,825,1598.99,1211.5021018181824,1202.97,1492.79,1598.99,984.263,2019600,1621,0,0,1111986,1621,0,0,0.08026341849871262,0.0,0.08026341849871262,0.0
tornado,1100,m,reps_partition,reps_dfp,reps,-reps_partition_entropy -reps_escalate_threshold 0.2 -reps_warmup_explore_rtts 0.5 -reps_explore_prob 40,0.75,10000000,3,825,1917.42,1238.8366545454542,1229.13,1560.32,1917.42,1000.34,2019600,15002,0,0,1105608,15002,0,0,0.7428203604674193,0.0,0.7428203604674193,0.0
tornado,1100,m,fpar_tuned,fpar,oblivious,-threshold 20750 -disable_hop_rtt_normalization,0.75,10000000,4,825,3205.83,1273.5990557575772,1062.4,2708.59,3205.83,868.024,2019600,10832,0,0,1050098,10832,0,0,0.5363438304614775,0.0,0.5363438304614775,0.0
tornado,1100,m,reps_no_partition,reps_dfp,reps,,0.75,10000000,4,825,1625.54,1211.5865418181806,1200.41,1552.12,1625.54,987.637,2019600,1532,0,0,1122029,1532,0,0,0.07585660526836997,0.0,0.07585660526836997,0.0
tornado,1100,m,reps_partition,reps_dfp,reps,-reps_partition_entropy -reps_escalate_threshold 0.2 -reps_warmup_explore_rtts 0.5 -reps_explore_prob 40,0.75,10000000,4,825,1728.44,1236.7466096969706,1228.77,1561.78,1728.44,993.513,2019600,14949,0,0,1121568,14949,0,0,0.7401960784313726,0.0,0.7401960784313726,0.0
tornado,1100,m,fpar_tuned,fpar,oblivious,-threshold 20750 -disable_hop_rtt_normalization,0.75,10000000,5,825,3937.77,1285.3282169696963,1089.48,3319.93,3937.77,862.157,2019600,10933,0,0,1074980,10933,0,0,0.5413448207565854,0.0,0.5413448207565854,0.0
tornado,1100,m,reps_no_partition,reps_dfp,reps,,0.75,10000000,5,825,1716.79,1209.7040496969696,1198.41,1508.32,1716.79,974.959,2019600,1439,0,0,1115309,1439,0,0,0.0712517330164389,0.0,0.0712517330164389,0.0
tornado,1100,m,reps_partition,reps_dfp,reps,-reps_partition_entropy -reps_escalate_threshold 0.2 -reps_warmup_explore_rtts 0.5 -reps_explore_prob 40,0.75,10000000,5,825,1700.2,1233.9461454545458,1223.66,1553.38,1700.2,1002.69,2019600,15417,0,0,1107771,15417,0,0,0.7633689839572193,0.0,0.7633689839572193,0.0
tornado,1100,m,fpar_tuned,fpar,oblivious,-threshold 20750 -disable_hop_rtt_normalization,1.0,100000,1,1100,37.9806,30.953523727272756,30.7336,36.517,37.9806,26.7907,27500,13,0,0,9468,13,0,0,0.04727272727272727,0.0,0.04727272727272727,0.0
tornado,1100,m,reps_no_partition,reps_dfp,reps,,1.0,100000,1,1100,38.7136,31.26178300000006,31.0896,37.0776,38.7136,26.9456,27500,0,0,0,10410,0,0,0,0.0,0.0,0.0,0.0
tornado,1100,m,reps_partition,reps_dfp,reps,-reps_partition_entropy -reps_escalate_threshold 0.2 -reps_warmup_explore_rtts 0.5 -reps_explore_prob 40,1.0,100000,1,1100,38.3936,31.525055818181844,31.4216,36.8936,38.3936,25.7896,27500,0,0,0,10651,0,0,0,0.0,0.0,0.0,0.0
tornado,1100,m,fpar_tuned,fpar,oblivious,-threshold 20750 -disable_hop_rtt_normalization,1.0,100000,2,1100,37.6106,30.92592918181817,30.5856,36.7866,37.6106,26.2867,27500,57,0,0,9458,57,0,0,0.20727272727272728,0.0,0.20727272727272728,0.0
tornado,1100,m,reps_no_partition,reps_dfp,reps,,1.0,100000,2,1100,36.5514,31.42085436363637,31.3678,35.261,36.5514,27.4598,27500,0,0,0,10516,0,0,0,0.0,0.0,0.0,0.0
tornado,1100,m,reps_partition,reps_dfp,reps,-reps_partition_entropy -reps_escalate_threshold 0.2 -reps_warmup_explore_rtts 0.5 -reps_explore_prob 40,1.0,100000,2,1100,37.5336,31.51064545454546,31.4181,36.8696,37.5336,26.1267,27500,0,0,0,10645,0,0,0,0.0,0.0,0.0,0.0
tornado,1100,m,fpar_tuned,fpar,oblivious,-threshold 20750 -disable_hop_rtt_normalization,1.0,100000,3,1100,37.2546,31.01995863636363,30.6352,36.5496,37.2546,26.7856,27500,39,0,0,9492,39,0,0,0.14181818181818182,0.0,0.14181818181818182,0.0
tornado,1100,m,reps_no_partition,reps_dfp,reps,,1.0,100000,3,1100,36.8816,31.50976281818179,31.4267,35.443,36.8816,27.133,27500,0,0,0,10485,0,0,0,0.0,0.0,0.0,0.0
tornado,1100,m,reps_partition,reps_dfp,reps,-reps_partition_entropy -reps_escalate_threshold 0.2 -reps_warmup_explore_rtts 0.5 -reps_explore_prob 40,1.0,100000,3,1100,37.5456,31.507281818181788,31.3146,36.5616,37.5456,26.1256,27500,0,0,0,10590,0,0,0,0.0,0.0,0.0,0.0
tornado,1100,m,fpar_tuned,fpar,oblivious,-threshold 20750 -disable_hop_rtt_normalization,1.0,100000,4,1100,37.4306,30.96900072727273,30.6454,36.6112,37.4306,26.641,27500,45,0,0,9481,45,0,0,0.16363636363636364,0.0,0.16363636363636364,0.0
tornado,1100,m,reps_no_partition,reps_dfp,reps,,1.0,100000,4,1100,37.097,31.390281181818203,31.2707,35.9256,37.097,26.9576,27500,0,0,0,10431,0,0,0,0.0,0.0,0.0,0.0
tornado,1100,m,reps_partition,reps_dfp,reps,-reps_partition_entropy -reps_escalate_threshold 0.2 -reps_warmup_explore_rtts 0.5 -reps_explore_prob 40,1.0,100000,4,1100,38.0376,31.428813545454574,31.4256,36.7507,38.0376,26.5445,27500,1,0,0,10570,1,0,0,0.0036363636363636364,0.0,0.0036363636363636364,0.0
tornado,1100,m,fpar_tuned,fpar,oblivious,-threshold 20750 -disable_hop_rtt_normalization,1.0,100000,5,1100,37.253,31.206541181818174,30.9416,36.7421,37.253,25.9667,27500,37,0,0,9541,37,0,0,0.13454545454545455,0.0,0.13454545454545455,0.0
tornado,1100,m,reps_no_partition,reps_dfp,reps,,1.0,100000,5,1100,36.9176,31.322360272727277,31.0896,35.9096,36.9176,27.4478,27500,0,0,0,10371,0,0,0,0.0,0.0,0.0,0.0
tornado,1100,m,reps_partition,reps_dfp,reps,-reps_partition_entropy -reps_escalate_threshold 0.2 -reps_warmup_explore_rtts 0.5 -reps_explore_prob 40,1.0,100000,5,1100,39.7096,31.518275272727255,31.2546,38.0496,39.7096,25.7896,27500,0,0,0,10548,0,0,0,0.0,0.0,0.0,0.0
tornado,1100,m,fpar_tuned,fpar,oblivious,-threshold 20750 -disable_hop_rtt_normalization,1.0,500000,1,1100,170.583,90.16428118181818,88.8598,112.931,170.583,72.8742,135300,19034,0,0,75450,19034,0,0,14.0679970436068,0.0,14.0679970436068,0.0
tornado,1100,m,reps_no_partition,reps_dfp,reps,,1.0,500000,1,1100,105.093,98.28042081818178,98.3229,104.077,105.093,89.6102,135300,3205,0,0,113239,3205,0,0,2.368810051736881,0.0,2.368810051736881,0.0
tornado,1100,m,reps_partition,reps_dfp,reps,-reps_partition_entropy -reps_escalate_threshold 0.2 -reps_warmup_explore_rtts 0.5 -reps_explore_prob 40,1.0,500000,1,1100,107.407,95.97075572727272,95.9411,104.337,107.407,85.2789,135300,20111,0,0,95010,20111,0,0,14.8640059127864,0.0,14.8640059127864,0.0
tornado,1100,m,fpar_tuned,fpar,oblivious,-threshold 20750 -disable_hop_rtt_normalization,1.0,500000,2,1100,131.981,90.41442290909104,89.0299,116.312,131.981,72.4011,135300,18543,0,0,75880,18543,0,0,13.70509977827051,0.0,13.70509977827051,0.0
tornado,1100,m,reps_no_partition,reps_dfp,reps,,1.0,500000,2,1100,104.744,98.24032281818185,98.3232,103.123,104.744,88.8512,135300,3036,0,0,113141,3036,0,0,2.2439024390243905,0.0,2.2439024390243905,0.0
tornado,1100,m,reps_partition,reps_dfp,reps,-reps_partition_entropy -reps_escalate_threshold 0.2 -reps_warmup_explore_rtts 0.5 -reps_explore_prob 40,1.0,500000,2,1100,110.628,96.14091300000001,95.9571,104.752,110.628,85.6418,135300,19948,0,0,94861,19948,0,0,14.743532889874354,0.0,14.743532889874354,0.0
tornado,1100,m,fpar_tuned,fpar,oblivious,-threshold 20750 -disable_hop_rtt_normalization,1.0,500000,3,1100,140.388,90.3548074545455,89.075,115.998,140.388,74.5386,135300,19108,0,0,75305,19108,0,0,14.12269031781227,0.0,14.12269031781227,0.0
tornado,1100,m,reps_no_partition,reps_dfp,reps,,1.0,500000,3,1100,106.469,98.65506081818191,98.8096,104.127,106.469,89.445,135300,3258,0,0,113071,3258,0,0,2.4079822616407984,0.0,2.4079822616407984,0.0
tornado,1100,m,reps_partition,reps_dfp,reps,-reps_partition_entropy -reps_escalate_threshold 0.2 -reps_warmup_explore_rtts 0.5 -reps_explore_prob 40,1.0,500000,3,1100,107.809,96.0918121818181,96.0422,104.862,107.809,81.6058,135300,19925,0,0,95313,19925,0,0,14.726533628972653,0.0,14.726533628972653,0.0
tornado,1100,m,fpar_tuned,fpar,oblivious,-threshold 20750 -disable_hop_rtt_normalization,1.0,500000,4,1100,128.814,90.42837727272716,89.1856,115.212,128.814,72.2102,135300,18644,0,0,75508,18644,0,0,13.779748706577974,0.0,13.779748706577974,0.0
tornado,1100,m,reps_no_partition,reps_dfp,reps,,1.0,500000,4,1100,107.0,98.54824318181822,98.6914,104.244,107.0,90.3525,135300,3212,0,0,112592,3212,0,0,2.3739837398373984,0.0,2.3739837398373984,0.0
tornado,1100,m,reps_partition,reps_dfp,reps,-reps_partition_entropy -reps_escalate_threshold 0.2 -reps_warmup_explore_rtts 0.5 -reps_explore_prob 40,1.0,500000,4,1100,108.27,96.05240181818176,95.9603,104.786,108.27,84.8125,135300,19986,0,0,94623,19986,0,0,14.771618625277162,0.0,14.771618625277162,0.0
tornado,1100,m,fpar_tuned,fpar,oblivious,-threshold 20750 -disable_hop_rtt_normalization,1.0,500000,5,1100,155.587,90.96517209090914,89.3789,117.313,155.587,73.1814,135300,18762,0,0,75806,18762,0,0,13.866962305986696,0.0,13.866962305986696,0.0
tornado,1100,m,reps_no_partition,reps_dfp,reps,,1.0,500000,5,1100,106.852,98.75495999999995,98.821,105.179,106.852,89.0928,135300,3082,0,0,112970,3082,0,0,2.27790096082779,0.0,2.27790096082779,0.0
tornado,1100,m,reps_partition,reps_dfp,reps,-reps_partition_entropy -reps_escalate_threshold 0.2 -reps_warmup_explore_rtts 0.5 -reps_explore_prob 40,1.0,500000,5,1100,112.034,95.81144945454533,95.9046,104.788,112.034,80.4552,135300,20230,0,0,94756,20230,0,0,14.951958610495195,0.0,14.951958610495195,0.0
tornado,1100,m,fpar_tuned,fpar,oblivious,-threshold 20750 -disable_hop_rtt_normalization,1.0,2000000,1,1100,780.804,316.8947790909096,296.508,567.544,780.804,219.795,539000,29244,0,0,291714,29244,0,0,5.425602968460112,0.0,5.425602968460112,0.0
tornado,1100,m,reps_no_partition,reps_dfp,reps,,1.0,2000000,1,1100,555.359,341.96858727272695,338.847,451.652,555.359,236.538,539000,4012,0,0,338131,4012,0,0,0.7443413729128014,0.0,0.7443413729128014,0.0
tornado,1100,m,reps_partition,reps_dfp,reps,-reps_partition_entropy -reps_escalate_threshold 0.2 -reps_warmup_explore_rtts 0.5 -reps_explore_prob 40,1.0,2000000,1,1100,435.247,326.9015663636364,319.997,418.761,435.247,263.937,539000,20758,0,0,394233,20758,0,0,3.8512059369202225,0.0,3.8512059369202225,0.0
tornado,1100,m,fpar_tuned,fpar,oblivious,-threshold 20750 -disable_hop_rtt_normalization,1.0,2000000,2,1100,698.504,316.899282727273,303.473,560.069,698.504,227.791,539000,29420,0,0,291919,29420,0,0,5.458256029684601,0.0,5.458256029684601,0.0
tornado,1100,m,reps_no_partition,reps_dfp,reps,,1.0,2000000,2,1100,473.778,343.20103454545495,340.325,453.654,473.778,248.424,539000,3941,0,0,341054,3941,0,0,0.7311688311688311,0.0,0.7311688311688311,0.0
tornado,1100,m,reps_partition,reps_dfp,reps,-reps_partition_entropy -reps_escalate_threshold 0.2 -reps_warmup_explore_rtts 0.5 -reps_explore_prob 40,1.0,2000000,2,1100,492.357,326.90578454545437,318.72,443.044,492.357,270.247,539000,20527,0,0,394302,20527,0,0,3.80834879406308,0.0,3.80834879406308,0.0
tornado,1100,m,fpar_tuned,fpar,oblivious,-threshold 20750 -disable_hop_rtt_normalization,1.0,2000000,3,1100,725.032,320.61328000000043,298.911,584.405,725.032,218.818,539000,29028,0,0,292391,29028,0,0,5.385528756957329,0.0,5.385528756957329,0.0
tornado,1100,m,reps_no_partition,reps_dfp,reps,,1.0,2000000,3,1100,492.324,342.77342636363636,341.346,448.43,492.324,248.282,539000,4215,0,0,338202,4215,0,0,0.7820037105751392,0.0,0.7820037105751392,0.0
tornado,1100,m,reps_partition,reps_dfp,reps,-reps_partition_entropy -reps_escalate_threshold 0.2 -reps_warmup_explore_rtts 0.5 -reps_explore_prob 40,1.0,2000000,3,1100,485.28,326.3256572727275,319.095,433.69,485.28,260.795,539000,20524,0,0,393654,20524,0,0,3.807792207792208,0.0,3.807792207792208,0.0
tornado,1100,m,fpar_tuned,fpar,oblivious,-threshold 20750 -disable_hop_rtt_normalization,1.0,2000000,4,1100,612.465,317.7493145454546,298.528,541.863,612.465,216.178,539000,28592,0,0,294209,28592,0,0,5.304638218923933,0.0,5.304638218923933,0.0
tornado,1100,m,reps_no_partition,reps_dfp,reps,,1.0,2000000,4,1100,490.126,341.99214545454527,339.76,442.927,490.126,231.663,539000,4212,0,0,336798,4212,0,0,0.7814471243042672,0.0,0.7814471243042672,0.0
tornado,1100,m,reps_partition,reps_dfp,reps,-reps_partition_entropy -reps_escalate_threshold 0.2 -reps_warmup_explore_rtts 0.5 -reps_explore_prob 40,1.0,2000000,4,1100,472.789,326.7554818181815,318.076,436.739,472.789,256.128,539000,20400,0,0,395810,20400,0,0,3.784786641929499,0.0,3.784786641929499,0.0
tornado,1100,m,fpar_tuned,fpar,oblivious,-threshold 20750 -disable_hop_rtt_normalization,1.0,2000000,5,1100,661.058,321.1492872727269,292.049,563.011,661.058,220.826,539000,27346,0,0,295136,27346,0,0,5.073469387755102,0.0,5.073469387755102,0.0
tornado,1100,m,reps_no_partition,reps_dfp,reps,,1.0,2000000,5,1100,534.764,342.8986399999998,339.853,468.486,534.764,233.418,539000,4020,0,0,337115,4020,0,0,0.7458256029684601,0.0,0.7458256029684601,0.0
tornado,1100,m,reps_partition,reps_dfp,reps,-reps_partition_entropy -reps_escalate_threshold 0.2 -reps_warmup_explore_rtts 0.5 -reps_explore_prob 40,1.0,2000000,5,1100,482.106,327.6537154545456,318.931,426.885,482.106,269.729,539000,20927,0,0,394664,20927,0,0,3.882560296846011,0.0,3.882560296846011,0.0
tornado,1100,m,fpar_tuned,fpar,oblivious,-threshold 20750 -disable_hop_rtt_normalization,1.0,10000000,1,1100,3731.25,1526.814721818182,1431.42,2920.32,3731.25,986.631,2692800,45673,0,0,1404275,45673,0,0,1.6961155674390969,0.0,1.6961155674390969,0.0
tornado,1100,m,reps_no_partition,reps_dfp,reps,,1.0,10000000,1,1100,2046.58,1553.243554545454,1548.01,1889.61,2046.58,1165.1,2692800,4372,0,0,1735506,4372,0,0,0.16235888294711825,0.0,0.16235888294711825,0.0
tornado,1100,m,reps_partition,reps_dfp,reps,-reps_partition_entropy -reps_escalate_threshold 0.2 -reps_warmup_explore_rtts 0.5 -reps_explore_prob 40,1.0,10000000,1,1100,2024.75,1528.7499272727287,1526.36,1941.89,2024.75,1084.68,2692800,21624,0,0,1818560,21624,0,0,0.803030303030303,0.0,0.803030303030303,0.0
tornado,1100,m,fpar_tuned,fpar,oblivious,-threshold 20750 -disable_hop_rtt_normalization,1.0,10000000,2,1100,3518.55,1514.5897554545463,1428.35,2867.43,3518.55,972.415,2692800,47165,0,0,1392749,47165,0,0,1.7515225787284612,0.0,1.7515225787284612,0.0
tornado,1100,m,reps_no_partition,reps_dfp,reps,,1.0,10000000,2,1100,2054.62,1554.2798636363643,1553.91,1916.45,2054.62,1135.36,2692800,4247,0,0,1737582,4247,0,0,0.15771687462863934,0.0,0.15771687462863934,0.0
tornado,1100,m,reps_partition,reps_dfp,reps,-reps_partition_entropy -reps_escalate_threshold 0.2 -reps_warmup_explore_rtts 0.5 -reps_explore_prob 40,1.0,10000000,2,1100,2231.27,1517.9196454545465,1512.96,2003.73,2231.27,1134.34,2692800,21269,0,0,1817015,21269,0,0,0.7898469994058229,0.0,0.7898469994058229,0.0
tornado,1100,m,fpar_tuned,fpar,oblivious,-threshold 20750 -disable_hop_rtt_normalization,1.0,10000000,3,1100,3519.39,1538.153997272726,1432.76,2937.21,3519.39,980.138,2692800,45514,0,0,1425405,45514,0,0,1.6902109328579917,0.0,1.6902109328579917,0.0
tornado,1100,m,reps_no_partition,reps_dfp,reps,,1.0,10000000,3,1100,2087.76,1553.6797272727288,1554.85,1889.97,2087.76,1200.01,2692800,4517,0,0,1728397,4517,0,0,0.16774361259655376,0.0,0.16774361259655376,0.0
tornado,1100,m,reps_partition,reps_dfp,reps,-reps_partition_entropy -reps_escalate_threshold 0.2 -reps_warmup_explore_rtts 0.5 -reps_explore_prob 40,1.0,10000000,3,1100,2102.79,1528.0665090909065,1526.8,1955.76,2102.79,1147.51,2692800,21545,0,0,1811478,21545,0,0,0.8000965537730244,0.0,0.8000965537730244,0.0
tornado,1100,m,fpar_tuned,fpar,oblivious,-threshold 20750 -disable_hop_rtt_normalization,1.0,10000000,4,1100,2927.64,1543.2320000000032,1460.69,2756.02,2927.64,1005.15,2692800,52514,0,0,1427460,52514,0,0,1.9501633986928104,0.0,1.9501633986928104,0.0
tornado,1100,m,reps_no_partition,reps_dfp,reps,,1.0,10000000,4,1100,2054.04,1552.9885363636367,1555.01,1879.57,2054.04,1084.39,2692800,4521,0,0,1733603,4521,0,0,0.16789215686274508,0.0,0.16789215686274508,0.0
tornado,1100,m,reps_partition,reps_dfp,reps,-reps_partition_entropy -reps_escalate_threshold 0.2 -reps_warmup_explore_rtts 0.5 -reps_explore_prob 40,1.0,10000000,4,1100,2068.3,1521.598499999998,1519.95,1940.71,2068.3,1111.56,2692800,21324,0,0,1815802,21324,0,0,0.7918894830659536,0.0,0.7918894830659536,0.0
tornado,1100,m,fpar_tuned,fpar,oblivious,-threshold 20750 -disable_hop_rtt_normalization,1.0,10000000,5,1100,3348.09,1560.6049872727265,1437.53,2984.86,3348.09,992.646,2692800,50368,0,0,1427195,50368,0,0,1.8704693998811646,0.0,1.8704693998811646,0.0
tornado,1100,m,reps_no_partition,reps_dfp,reps,,1.0,10000000,5,1100,2102.23,1551.223590909092,1548.25,1905.16,2102.23,1129.44,2692800,4439,0,0,1726132,4439,0,0,0.16484699940582292,0.0,0.16484699940582292,0.0
tornado,1100,m,reps_partition,reps_dfp,reps,-reps_partition_entropy -reps_escalate_threshold 0.2 -reps_warmup_explore_rtts 0.5 -reps_explore_prob 40,1.0,10000000,5,1100,2116.81,1519.7078909090897,1517.3,2015.74,2116.81,1087.91,2692800,21762,0,0,1807724,21762,0,0,0.8081550802139037,0.0,0.8081550802139037,0.0
permutation,1100,m,fpar_tuned,fpar,oblivious,-threshold 20750 -disable_hop_rtt_normalization,0.6,100000,1,660,25.4781,23.417823030303065,23.4587,24.981,25.4781,21.4941,16500,0,0,0,5105,0,0,0,0.0,0.0,0.0,0.0
permutation,1100,m,reps_no_partition,reps_dfp,reps,,0.6,100000,1,660,29.9496,25.264714242424255,25.1307,28.9376,29.9496,22.4798,16500,0,0,0,5150,0,0,0,0.0,0.0,0.0,0.0
permutation,1100,m,reps_partition,reps_dfp,reps,-reps_partition_entropy -reps_escalate_threshold 0.2 -reps_warmup_explore_rtts 0.5 -reps_explore_prob 70,0.6,100000,1,660,32.9387,25.089388636363637,24.6576,29.9187,32.9387,21.8158,16500,0,0,0,5192,0,0,0,0.0,0.0,0.0,0.0
permutation,1100,m,fpar_tuned,fpar,oblivious,-threshold 20750 -disable_hop_rtt_normalization,0.6,100000,2,660,26.0366,23.449895757575792,23.4758,25.2958,26.0366,21.1467,16500,0,0,0,5089,0,0,0,0.0,0.0,0.0,0.0
permutation,1100,m,reps_no_partition,reps_dfp,reps,,0.6,100000,2,660,29.4376,25.144409242424267,24.9696,28.7736,29.4376,22.3067,16500,0,0,0,5185,0,0,0,0.0,0.0,0.0,0.0
permutation,1100,m,reps_partition,reps_dfp,reps,-reps_partition_entropy -reps_escalate_threshold 0.2 -reps_warmup_explore_rtts 0.5 -reps_explore_prob 70,0.6,100000,2,660,31.4763,24.85259803030306,24.6416,30.1414,31.4763,22.1376,16500,0,0,0,5132,0,0,0,0.0,0.0,0.0,0.0
permutation,1100,m,fpar_tuned,fpar,oblivious,-threshold 20750 -disable_hop_rtt_normalization,0.6,100000,3,660,25.3283,23.411050303030315,23.4656,25.1256,25.3283,21.4776,16500,0,0,0,5099,0,0,0,0.0,0.0,0.0,0.0
permutation,1100,m,reps_no_partition,reps_dfp,reps,,0.6,100000,3,660,29.9576,25.243288787878807,24.985,28.9638,29.9576,22.4747,16500,0,0,0,5160,0,0,0,0.0,0.0,0.0,0.0
permutation,1100,m,reps_partition,reps_dfp,reps,-reps_partition_entropy -reps_escalate_threshold 0.2 -reps_warmup_explore_rtts 0.5 -reps_explore_prob 70,0.6,100000,3,660,29.645,24.819493030303025,24.6438,28.4616,29.645,22.4696,16500,0,0,0,5142,0,0,0,0.0,0.0,0.0,0.0
permutation,1100,m,fpar_tuned,fpar,oblivious,-threshold 20750 -disable_hop_rtt_normalization,0.6,100000,4,660,25.313,23.335377575757587,23.321,24.9536,25.313,20.8147,16500,0,0,0,5093,0,0,0,0.0,0.0,0.0,0.0
permutation,1100,m,reps_no_partition,reps_dfp,reps,,0.6,100000,4,660,30.945,25.365425606060615,25.1427,29.1659,30.945,22.3506,16500,0,0,0,5174,0,0,0,0.0,0.0,0.0,0.0
permutation,1100,m,reps_partition,reps_dfp,reps,-reps_partition_entropy -reps_escalate_threshold 0.2 -reps_warmup_explore_rtts 0.5 -reps_explore_prob 70,0.6,100000,4,660,30.9416,25.15072681818185,24.9456,29.6466,30.9416,21.8238,16500,0,0,0,5195,0,0,0,0.0,0.0,0.0,0.0
permutation,1100,m,fpar_tuned,fpar,oblivious,-threshold 20750 -disable_hop_rtt_normalization,0.6,100000,5,660,25.6518,23.43704181818184,23.4736,24.9678,25.6518,21.4736,16500,0,0,0,5070,0,0,0,0.0,0.0,0.0,0.0
permutation,1100,m,reps_no_partition,reps_dfp,reps,,0.6,100000,5,660,31.9496,25.28796636363637,25.015,29.1187,31.9496,22.4816,16500,0,0,0,5167,0,0,0,0.0,0.0,0.0,0.0
permutation,1100,m,reps_partition,reps_dfp,reps,-reps_partition_entropy -reps_escalate_threshold 0.2 -reps_warmup_explore_rtts 0.5 -reps_explore_prob 70,0.6,100000,5,660,31.2907,25.120467272727304,24.8096,29.4398,31.2907,22.317,16500,0,0,0,5184,0,0,0,0.0,0.0,0.0,0.0
permutation,1100,m,fpar_tuned,fpar,oblivious,-threshold 20750 -disable_hop_rtt_normalization,0.6,500000,1,660,80.3074,61.71689651515154,60.652,73.5621,80.3074,56.8376,81180,174,0,0,25460,174,0,0,0.21433850702143384,0.0,0.21433850702143384,0.0
permutation,1100,m,reps_no_partition,reps_dfp,reps,,0.6,500000,1,660,77.9533,69.92520757575757,70.1216,76.2933,77.9533,60.3437,81180,7,0,0,35189,7,0,0,0.008622813500862282,0.0,0.008622813500862282,0.0
permutation,1100,m,reps_partition,reps_dfp,reps,-reps_partition_entropy -reps_escalate_threshold 0.2 -reps_warmup_explore_rtts 0.5 -reps_explore_prob 70,0.6,500000,1,660,78.0237,69.35924378787873,69.4898,75.6712,78.0237,59.9443,81180,580,0,0,36304,580,0,0,0.7144616900714462,0.0,0.7144616900714462,0.0
permutation,1100,m,fpar_tuned,fpar,oblivious,-threshold 20750 -disable_hop_rtt_normalization,0.6,500000,2,660,74.8682,62.57097818181819,60.8275,74.0696,74.8682,55.7173,81180,408,0,0,26089,408,0,0,0.5025868440502587,0.0,0.5025868440502587,0.0
permutation,1100,m,reps_no_partition,reps_dfp,reps,,0.6,500000,2,660,78.445,69.86738909090906,69.7896,77.3491,78.445,59.035,81180,12,0,0,34794,12,0,0,0.014781966001478197,0.0,0.014781966001478197,0.0
permutation,1100,m,reps_partition,reps_dfp,reps,-reps_partition_entropy -reps_escalate_threshold 0.2 -reps_warmup_explore_rtts 0.5 -reps_explore_prob 70,0.6,500000,2,660,76.6976,69.43353045454552,69.601,75.5758,76.6976,60.1074,81180,533,0,0,36875,533,0,0,0.6565656565656566,0.0,0.6565656565656566,0.0
permutation,1100,m,fpar_tuned,fpar,oblivious,-threshold 20750 -disable_hop_rtt_normalization,0.6,500000,3,660,75.2528,61.354502575757614,60.6154,72.3664,75.2528,56.2994,81180,99,0,0,25363,99,0,0,0.12195121951219512,0.0,0.12195121951219512,0.0
permutation,1100,m,reps_no_partition,reps_dfp,reps,,0.6,500000,3,660,77.6282,69.76830409090898,69.5834,76.8384,77.6282,60.4896,81180,30,0,0,34591,30,0,0,0.03695491500369549,0.0,0.03695491500369549,0.0
permutation,1100,m,reps_partition,reps_dfp,reps,-reps_partition_entropy -reps_escalate_threshold 0.2 -reps_warmup_explore_rtts 0.5 -reps_explore_prob 70,0.6,500000,3,660,75.9389,69.09087636363631,69.295,75.2267,75.9389,60.0549,81180,271,0,0,36259,271,0,0,0.3338260655333826,0.0,0.3338260655333826,0.0
permutation,1100,m,fpar_tuned,fpar,oblivious,-threshold 20750 -disable_hop_rtt_normalization,0.6,500000,4,660,73.9154,61.66772621212117,60.355,73.1254,73.9154,55.6558,81180,66,0,0,25370,66,0,0,0.08130081300813008,0.0,0.08130081300813008,0.0
permutation,1100,m,reps_no_partition,reps_dfp,reps,,0.6,500000,4,660,81.4267,70.8506512121212,70.9629,79.241,81.4267,60.2867,81180,40,0,0,34894,40,0,0,0.04927322000492732,0.0,0.04927322000492732,0.0
permutation,1100,m,reps_partition,reps_dfp,reps,-reps_partition_entropy -reps_escalate_threshold 0.2 -reps_warmup_explore_rtts 0.5 -reps_explore_prob 70,0.6,500000,4,660,77.6338,69.61098712121215,69.6987,76.879,77.6338,59.7462,81180,500,0,0,36516,500,0,0,0.6159152500615915,0.0,0.6159152500615915,0.0
permutation,1100,m,fpar_tuned,fpar,oblivious,-threshold 20750 -disable_hop_rtt_normalization,0.6,500000,5,660,74.6248,61.89403575757566,60.4501,73.3486,74.6248,55.681,81180,241,0,0,25612,241,0,0,0.2968711505296871,0.0,0.2968711505296871,0.0
permutation,1100,m,reps_no_partition,reps_dfp,reps,,0.6,500000,5,660,77.369,69.92042696969698,70.1176,76.0936,77.369,60.5056,81180,21,0,0,35080,21,0,0,0.025868440502586843,0.0,0.025868440502586843,0.0
permutation,1100,m,reps_partition,reps_dfp,reps,-reps_partition_entropy -reps_escalate_threshold 0.2 -reps_warmup_explore_rtts 0.5 -reps_explore_prob 70,0.6,500000,5,660,77.7403,69.6814906060606,69.7632,75.9733,77.7403,61.5888,81180,610,0,0,36385,610,0,0,0.7514166050751416,0.0,0.7514166050751416,0.0
permutation,1100,m,fpar_tuned,fpar,oblivious,-threshold 20750 -disable_hop_rtt_normalization,0.6,2000000,1,660,299.107,198.7356272727272,195.94,258.99,299.107,182.98,323400,810,0,0,109388,810,0,0,0.2504638218923933,0.0,0.2504638218923933,0.0
permutation,1100,m,reps_no_partition,reps_dfp,reps,,0.6,2000000,1,660,284.84,221.5417666666666,221.329,244.144,284.84,199.907,323400,317,0,0,163179,317,0,0,0.09802102659245517,0.0,0.09802102659245517,0.0
permutation,1100,m,reps_partition,reps_dfp,reps,-reps_partition_entropy -reps_escalate_threshold 0.2 -reps_warmup_explore_rtts 0.5 -reps_explore_prob 70,0.6,2000000,1,660,285.865,221.91308181818184,221.065,262.062,285.865,196.14,323400,1236,0,0,164367,1236,0,0,0.3821892393320965,0.0,0.3821892393320965,0.0
permutation,1100,m,fpar_tuned,fpar,oblivious,-threshold 20750 -disable_hop_rtt_normalization,0.6,2000000,2,660,331.59,200.3607954545455,197.086,270.397,331.59,180.981,323400,1370,0,0,111627,1370,0,0,0.4236239950525665,0.0,0.4236239950525665,0.0
permutation,1100,m,reps_no_partition,reps_dfp,reps,,0.6,2000000,2,660,299.804,220.39590303030334,219.406,257.39,299.804,202.08,323400,454,0,0,158916,454,0,0,0.14038342609771182,0.0,0.14038342609771182,0.0
permutation,1100,m,reps_partition,reps_dfp,reps,-reps_partition_entropy -reps_escalate_threshold 0.2 -reps_warmup_explore_rtts 0.5 -reps_explore_prob 70,0.6,2000000,2,660,307.134,222.55150151515176,220.078,279.757,307.134,197.68,323400,1126,0,0,166220,1126,0,0,0.3481756338899196,0.0,0.3481756338899196,0.0
permutation,1100,m,fpar_tuned,fpar,oblivious,-threshold 20750 -disable_hop_rtt_normalization,0.6,2000000,3,660,257.05,198.64452878787873,197.506,229.649,257.05,182.973,323400,526,0,0,108959,526,0,0,0.16264687693259122,0.0,0.16264687693259122,0.0
permutation,1100,m,reps_no_partition,reps_dfp,reps,,0.6,2000000,3,660,276.23,219.45661515151548,218.957,246.282,276.23,198.27,323400,487,0,0,159621,487,0,0,0.15058750773036486,0.0,0.15058750773036486,0.0
permutation,1100,m,reps_partition,reps_dfp,reps,-reps_partition_entropy -reps_escalate_threshold 0.2 -reps_warmup_explore_rtts 0.5 -reps_explore_prob 70,0.6,2000000,3,660,315.375,223.10668333333334,221.858,277.152,315.375,201.441,323400,1009,0,0,164960,1009,0,0,0.31199752628324057,0.0,0.31199752628324057,0.0
permutation,1100,m,fpar_tuned,fpar,oblivious,-threshold 20750 -disable_hop_rtt_normalization,0.6,2000000,4,660,265.615,198.64093787878784,195.923,236.212,265.615,181.311,323400,643,0,0,108857,643,0,0,0.19882498453927025,0.0,0.19882498453927025,0.0
permutation,1100,m,reps_no_partition,reps_dfp,reps,,0.6,2000000,4,660,290.308,221.76656818181806,220.83,271.653,290.308,199.74,323400,532,0,0,160741,532,0,0,0.1645021645021645,0.0,0.1645021645021645,0.0
permutation,1100,m,reps_partition,reps_dfp,reps,-reps_partition_entropy -reps_escalate_threshold 0.2 -reps_warmup_explore_rtts 0.5 -reps_explore_prob 70,0.6,2000000,4,660,325.414,224.5507939393937,221.478,276.075,325.414,196.989,323400,1222,0,0,167029,1222,0,0,0.3778602350030921,0.0,0.3778602350030921,0.0
permutation,1100,m,fpar_tuned,fpar,oblivious,-threshold 20750 -disable_hop_rtt_normalization,0.6,2000000,5,660,283.556,198.3580742424242,196.425,240.208,283.556,180.953,323400,828,0,0,109560,828,0,0,0.2560296846011132,0.0,0.2560296846011132,0.0
permutation,1100,m,reps_no_partition,reps_dfp,reps,,0.6,2000000,5,660,260.301,220.57475909090908,220.171,245.887,260.301,197.264,323400,447,0,0,160915,447,0,0,0.13821892393320964,0.0,0.13821892393320964,0.0
permutation,1100,m,reps_partition,reps_dfp,reps,-reps_partition_entropy -reps_escalate_threshold 0.2 -reps_warmup_explore_rtts 0.5 -reps_explore_prob 70,0.6,2000000,5,660,332.659,223.51736363636354,221.439,274.167,332.659,201.217,323400,1235,0,0,166788,1235,0,0,0.3818800247371676,0.0,0.3818800247371676,0.0
permutation,1100,m,fpar_tuned,fpar,oblivious,-threshold 20750 -disable_hop_rtt_normalization,0.6,10000000,1,660,1430.82,927.6929954545452,913.705,1179.8,1430.82,856.112,1615680,1586,0,0,545835,1586,0,0,0.09816300257476727,0.0,0.09816300257476727,0.0
permutation,1100,m,reps_no_partition,reps_dfp,reps,,0.6,10000000,1,660,1368.97,1025.6845681818181,1005.13,1239.11,1368.97,902.438,1615680,692,0,0,763750,692,0,0,0.042830263418498715,0.0,0.042830263418498715,0.0
permutation,1100,m,reps_partition,reps_dfp,reps,-reps_partition_entropy -reps_escalate_threshold 0.2 -reps_warmup_explore_rtts 0.5 -reps_explore_prob 70,0.6,10000000,1,660,1425.93,1039.886024242424,1014.73,1317.9,1425.93,896.498,1615680,2016,0,0,754601,2016,0,0,0.12477718360071301,0.0,0.12477718360071301,0.0
permutation,1100,m,fpar_tuned,fpar,oblivious,-threshold 20750 -disable_hop_rtt_normalization,0.6,10000000,2,660,1410.71,933.6129393939382,919.648,1230.43,1410.71,843.739,1615680,2605,0,0,556425,2605,0,0,0.161232422261834,0.0,0.161232422261834,0.0
permutation,1100,m,reps_no_partition,reps_dfp,reps,,0.6,10000000,2,660,1381.81,1021.693386363637,1001.31,1267.42,1381.81,912.392,1615680,974,0,0,755462,974,0,0,0.0602842146959794,0.0,0.0602842146959794,0.0
permutation,1100,m,reps_partition,reps_dfp,reps,-reps_partition_entropy -reps_escalate_threshold 0.2 -reps_warmup_explore_rtts 0.5 -reps_explore_prob 70,0.6,10000000,2,660,1444.79,1039.8224712121205,1012.53,1334.5,1444.79,894.634,1615680,2068,0,0,760101,2068,0,0,0.12799564270152505,0.0,0.12799564270152505,0.0
permutation,1100,m,fpar_tuned,fpar,oblivious,-threshold 20750 -disable_hop_rtt_normalization,0.6,10000000,3,660,1369.02,930.0012833333333,921.824,1199.56,1369.02,852.036,1615680,1356,0,0,546529,1356,0,0,0.08392751039809863,0.0,0.08392751039809863,0.0
permutation,1100,m,reps_no_partition,reps_dfp,reps,,0.6,10000000,3,660,1389.38,1022.3544075757583,1003.67,1273.14,1389.38,920.176,1615680,1252,0,0,755978,1252,0,0,0.07749059219647456,0.0,0.07749059219647456,0.0
permutation,1100,m,reps_partition,reps_dfp,reps,-reps_partition_entropy -reps_escalate_threshold 0.2 -reps_warmup_explore_rtts 0.5 -reps_explore_prob 70,0.6,10000000,3,660,1517.04,1040.1677424242428,1013.73,1370.13,1517.04,905.516,1615680,1814,0,0,750598,1814,0,0,0.11227470786294316,0.0,0.11227470786294316,0.0
permutation,1100,m,fpar_tuned,fpar,oblivious,-threshold 20750 -disable_hop_rtt_normalization,0.6,10000000,4,660,1297.46,929.2435712121219,915.456,1198.93,1297.46,848.396,1615680,1242,0,0,545486,1242,0,0,0.0768716577540107,0.0,0.0768716577540107,0.0
permutation,1100,m,reps_no_partition,reps_dfp,reps,,0.6,10000000,4,660,1464.85,1029.0456954545464,1007.72,1324.71,1464.85,895.843,1615680,987,0,0,752199,987,0,0,0.06108882947118241,0.0,0.06108882947118241,0.0
permutation,1100,m,reps_partition,reps_dfp,reps,-reps_partition_entropy -reps_escalate_threshold 0.2 -reps_warmup_explore_rtts 0.5 -reps_explore_prob 70,0.6,10000000,4,660,1480.32,1051.4440484848492,1020.86,1370.42,1480.32,894.46,1615680,2332,0,0,755457,2332,0,0,0.1443355119825708,0.0,0.1443355119825708,0.0
permutation,1100,m,fpar_tuned,fpar,oblivious,-threshold 20750 -disable_hop_rtt_normalization,0.6,10000000,5,660,1241.65,926.695528787878,914.726,1183.92,1241.65,841.681,1615680,1650,0,0,549713,1650,0,0,0.10212418300653595,0.0,0.10212418300653595,0.0
permutation,1100,m,reps_no_partition,reps_dfp,reps,,0.6,10000000,5,660,1303.12,1024.6294575757577,1005.32,1233.95,1303.12,908.819,1615680,958,0,0,763590,958,0,0,0.05929391958803724,0.0,0.05929391958803724,0.0
permutation,1100,m,reps_partition,reps_dfp,reps,-reps_partition_entropy -reps_escalate_threshold 0.2 -reps_warmup_explore_rtts 0.5 -reps_explore_prob 70,0.6,10000000,5,660,1398.6,1045.3489590909078,1019.62,1325.14,1398.6,908.212,1615680,2126,0,0,760150,2126,0,0,0.1315854624678154,0.0,0.1315854624678154,0.0
permutation,1100,m,fpar_tuned,fpar,oblivious,-threshold 20750 -disable_hop_rtt_normalization,0.7,100000,1,770,27.0974,24.36104441558442,24.3158,26.2274,27.0974,22.3147,19250,0,0,0,5959,0,0,0,0.0,0.0,0.0,0.0
permutation,1100,m,reps_no_partition,reps_dfp,reps,,0.7,100000,1,770,32.8032,26.758956103896125,26.6187,30.9587,32.8032,23.3096,19250,0,0,0,6208,0,0,0,0.0,0.0,0.0,0.0
permutation,1100,m,reps_partition,reps_dfp,reps,-reps_partition_entropy -reps_escalate_threshold 0.2 -reps_warmup_explore_rtts 0.5 -reps_explore_prob 70,0.7,100000,1,770,32.289,26.172805974025994,25.977,30.6107,32.289,22.8118,19250,0,0,0,6174,0,0,0,0.0,0.0,0.0,0.0
permutation,1100,m,fpar_tuned,fpar,oblivious,-threshold 20750 -disable_hop_rtt_normalization,0.7,100000,2,770,27.4755,24.35086064935068,24.3187,26.1027,27.4755,22.3187,19250,0,0,0,5921,0,0,0,0.0,0.0,0.0,0.0
permutation,1100,m,reps_no_partition,reps_dfp,reps,,0.7,100000,2,770,31.2736,26.65223415584417,26.4781,30.2747,31.2736,23.6496,19250,0,0,0,6171,0,0,0,0.0,0.0,0.0,0.0
permutation,1100,m,reps_partition,reps_dfp,reps,-reps_partition_entropy -reps_escalate_threshold 0.2 -reps_warmup_explore_rtts 0.5 -reps_explore_prob 70,0.7,100000,2,770,33.2656,26.12075025974027,25.9616,31.2987,33.2656,22.4901,19250,0,0,0,6169,0,0,0,0.0,0.0,0.0,0.0
permutation,1100,m,fpar_tuned,fpar,oblivious,-threshold 20750 -disable_hop_rtt_normalization,0.7,100000,3,770,26.4741,24.306787922077927,24.3067,25.9877,26.4741,21.8158,19250,0,0,0,5937,0,0,0,0.0,0.0,0.0,0.0
permutation,1100,m,reps_no_partition,reps_dfp,reps,,0.7,100000,3,770,32.2827,26.65391129870132,26.4576,30.7696,32.2827,23.4656,19250,0,0,0,6206,0,0,0,0.0,0.0,0.0,0.0
permutation,1100,m,reps_partition,reps_dfp,reps,-reps_partition_entropy -reps_escalate_threshold 0.2 -reps_warmup_explore_rtts 0.5 -reps_explore_prob 70,0.7,100000,3,770,31.8021,26.100265584415627,25.9496,30.3021,31.8021,23.1438,19250,0,0,0,6193,0,0,0,0.0,0.0,0.0,0.0
permutation,1100,m,fpar_tuned,fpar,oblivious,-threshold 20750 -disable_hop_rtt_normalization,0.7,100000,4,770,27.3339,24.28422818181817,24.3056,25.9736,27.3339,22.1376,19250,0,0,0,5939,0,0,0,0.0,0.0,0.0,0.0
permutation,1100,m,reps_no_partition,reps_dfp,reps,,0.7,100000,4,770,34.6158,26.88892597402599,26.7656,32.2816,34.6158,23.6683,19250,0,0,0,6230,0,0,0,0.0,0.0,0.0,0.0
permutation,1100,m,reps_partition,reps_dfp,reps,-reps_partition_entropy -reps_escalate_threshold 0.2 -reps_warmup_explore_rtts 0.5 -reps_explore_prob 70,0.7,100000,4,770,32.949,26.468088701298754,26.3016,30.973,32.949,22.1683,19250,0,0,0,6215,0,0,0,0.0,0.0,0.0,0.0
permutation,1100,m,fpar_tuned,fpar,oblivious,-threshold 20750 -disable_hop_rtt_normalization,0.7,100000,5,770,26.801,24.28362532467529,24.3016,25.9923,26.801,21.993,19250,0,0,0,5956,0,0,0,0.0,0.0,0.0,0.0
permutation,1100,m,reps_no_partition,reps_dfp,reps,,0.7,100000,5,770,31.5976,26.484449870129882,26.3107,30.1027,31.5976,22.9638,19250,0,0,0,6157,0,0,0,0.0,0.0,0.0,0.0
permutation,1100,m,reps_partition,reps_dfp,reps,-reps_partition_entropy -reps_escalate_threshold 0.2 -reps_warmup_explore_rtts 0.5 -reps_explore_prob 70,0.7,100000,5,770,32.9358,26.322252987013,26.137,31.2758,32.9358,22.9776,19250,0,0,0,6227,0,0,0,0.0,0.0,0.0,0.0
permutation,1100,m,fpar_tuned,fpar,oblivious,-threshold 20750 -disable_hop_rtt_normalization,0.7,500000,1,770,97.9451,70.46376337662335,70.3355,79.5083,97.9451,60.6461,94710,1024,0,0,34672,1024,0,0,1.081195227536691,0.0,1.081195227536691,0.0
permutation,1100,m,reps_no_partition,reps_dfp,reps,,0.7,500000,1,770,85.5285,77.18916467532465,77.3502,83.6656,85.5285,66.1438,94710,195,0,0,54024,195,0,0,0.20589166930630345,0.0,0.20589166930630345,0.0
permutation,1100,m,reps_partition,reps_dfp,reps,-reps_partition_entropy -reps_escalate_threshold 0.2 -reps_warmup_explore_rtts 0.5 -reps_explore_prob 70,0.7,500000,1,770,83.4179,74.00165649350646,74.1221,80.7885,83.4179,63.8624,94710,1809,0,0,50077,1809,0,0,1.9100411783338613,0.0,1.9100411783338613,0.0
permutation,1100,m,fpar_tuned,fpar,oblivious,-threshold 20750 -disable_hop_rtt_normalization,0.7,500000,2,770,81.4224,70.67422311688321,71.087,78.3368,81.4224,60.524,94710,1152,0,0,35019,1152,0,0,1.2163446309787773,0.0,1.2163446309787773,0.0
permutation,1100,m,reps_no_partition,reps_dfp,reps,,0.7,500000,2,770,88.993,77.19820948051955,77.1704,86.005,88.993,67.916,94710,138,0,0,52792,138,0,0,0.14570795058599936,0.0,0.14570795058599936,0.0
permutation,1100,m,reps_partition,reps_dfp,reps,-reps_partition_entropy -reps_escalate_threshold 0.2 -reps_warmup_explore_rtts 0.5 -reps_explore_prob 70,0.7,500000,2,770,83.4027,74.4096775324675,74.4336,81.8406,83.4027,66.1467,94710,1498,0,0,51177,1498,0,0,1.5816703621581671,0.0,1.5816703621581671,0.0
permutation,1100,m,fpar_tuned,fpar,oblivious,-threshold 20750 -disable_hop_rtt_normalization,0.7,500000,3,770,82.6725,70.27526246753249,70.2054,78.4626,82.6725,60.1085,94710,483,0,0,34692,483,0,0,0.5099778270509978,0.0,0.5099778270509978,0.0
permutation,1100,m,reps_no_partition,reps_dfp,reps,,0.7,500000,3,770,86.0243,77.30813571428564,77.2194,84.7256,86.0243,67.3578,94710,252,0,0,53134,252,0,0,0.2660753880266075,0.0,0.2660753880266075,0.0
permutation,1100,m,reps_partition,reps_dfp,reps,-reps_partition_entropy -reps_escalate_threshold 0.2 -reps_warmup_explore_rtts 0.5 -reps_explore_prob 70,0.7,500000,3,770,83.5507,74.44339064935063,74.2853,82.1954,83.5507,64.9014,94710,1308,0,0,51331,1308,0,0,1.38105796642382,0.0,1.38105796642382,0.0
permutation,1100,m,fpar_tuned,fpar,oblivious,-threshold 20750 -disable_hop_rtt_normalization,0.7,500000,4,770,81.419,70.58901571428571,70.7573,79.9667,81.419,59.5573,94710,1162,0,0,34516,1162,0,0,1.2269031781226902,0.0,1.2269031781226902,0.0
permutation,1100,m,reps_no_partition,reps_dfp,reps,,0.7,500000,4,770,87.9176,78.16748194805194,78.2443,86.4638,87.9176,68.4747,94710,373,0,0,53507,373,0,0,0.3938338084679548,0.0,0.3938338084679548,0.0
permutation,1100,m,reps_partition,reps_dfp,reps,-reps_partition_entropy -reps_escalate_threshold 0.2 -reps_warmup_explore_rtts 0.5 -reps_explore_prob 70,0.7,500000,4,770,85.6941,75.00911428571428,74.8226,84.0341,85.6941,66.2632,94710,1699,0,0,51739,1699,0,0,1.7938971597508182,0.0,1.7938971597508182,0.0
permutation,1100,m,fpar_tuned,fpar,oblivious,-threshold 20750 -disable_hop_rtt_normalization,0.7,500000,5,770,81.86,70.44183311688305,70.7285,80.1816,81.86,57.4182,94710,1300,0,0,34672,1300,0,0,1.3726111287086897,0.0,1.3726111287086897,0.0
permutation,1100,m,reps_no_partition,reps_dfp,reps,,0.7,500000,5,770,85.0502,77.55951194805195,77.5781,84.0821,85.0502,67.9685,94710,165,0,0,53562,165,0,0,0.17421602787456447,0.0,0.17421602787456447,0.0
permutation,1100,m,reps_partition,reps_dfp,reps,-reps_partition_entropy -reps_escalate_threshold 0.2 -reps_warmup_explore_rtts 0.5 -reps_explore_prob 70,0.7,500000,5,770,84.6834,74.66459519480513,74.7483,81.3058,84.6834,65.3752,94710,1587,0,0,51509,1587,0,0,1.6756414317389927,0.0,1.6756414317389927,0.0
permutation,1100,m,fpar_tuned,fpar,oblivious,-threshold 20750 -disable_hop_rtt_normalization,0.7,2000000,1,770,366.611,223.68916103896106,218.256,303.479,366.611,190.34,377300,4240,0,0,145813,4240,0,0,1.1237741849986749,0.0,1.1237741849986749,0.0
permutation,1100,m,reps_no_partition,reps_dfp,reps,,0.7,2000000,1,770,377.043,245.47758961038986,237.853,332.353,377.043,206.951,377300,943,0,0,224517,943,0,0,0.2499337397296581,0.0,0.2499337397296581,0.0
permutation,1100,m,reps_partition,reps_dfp,reps,-reps_partition_entropy -reps_escalate_threshold 0.2 -reps_warmup_explore_rtts 0.5 -reps_explore_prob 70,0.7,2000000,1,770,377.825,247.15242207792215,239.634,339.872,377.825,208.712,377300,2642,0,0,221936,2642,0,0,0.7002385369732308,0.0,0.7002385369732308,0.0
permutation,1100,m,fpar_tuned,fpar,oblivious,-threshold 20750 -disable_hop_rtt_normalization,0.7,2000000,2,770,343.283,224.3970363636362,218.182,308.708,343.283,191.61,377300,4490,0,0,147824,4490,0,0,1.1900344553405777,0.0,1.1900344553405777,0.0
permutation,1100,m,reps_no_partition,reps_dfp,reps,,0.7,2000000,2,770,393.521,243.9635623376623,236.762,320.857,393.521,213.642,377300,889,0,0,226525,889,0,0,0.23562152133580705,0.0,0.23562152133580705,0.0
permutation,1100,m,reps_partition,reps_dfp,reps,-reps_partition_entropy -reps_escalate_threshold 0.2 -reps_warmup_explore_rtts 0.5 -reps_explore_prob 70,0.7,2000000,2,770,360.583,246.19216883116908,239.353,322.62,360.583,211.264,377300,2553,0,0,221129,2553,0,0,0.6766498807315133,0.0,0.6766498807315133,0.0
permutation,1100,m,fpar_tuned,fpar,oblivious,-threshold 20750 -disable_hop_rtt_normalization,0.7,2000000,3,770,356.423,223.61705454545455,218.935,304.099,356.423,196.31,377300,3122,0,0,147676,3122,0,0,0.8274582560296846,0.0,0.8274582560296846,0.0
permutation,1100,m,reps_no_partition,reps_dfp,reps,,0.7,2000000,3,770,360.238,245.0057805194808,237.646,318.83,360.238,215.417,377300,1143,0,0,225206,1143,0,0,0.30294195600318047,0.0,0.30294195600318047,0.0
permutation,1100,m,reps_partition,reps_dfp,reps,-reps_partition_entropy -reps_escalate_threshold 0.2 -reps_warmup_explore_rtts 0.5 -reps_explore_prob 70,0.7,2000000,3,770,387.498,246.41636493506468,239.982,338.943,387.498,210.943,377300,2308,0,0,223793,2308,0,0,0.6117148157964485,0.0,0.6117148157964485,0.0
permutation,1100,m,fpar_tuned,fpar,oblivious,-threshold 20750 -disable_hop_rtt_normalization,0.7,2000000,4,770,350.125,223.90768441558444,217.783,317.105,350.125,195.242,377300,4736,0,0,146287,4736,0,0,1.2552345613570104,0.0,1.2552345613570104,0.0
permutation,1100,m,reps_no_partition,reps_dfp,reps,,0.7,2000000,4,770,376.978,246.74076623376592,237.776,324.464,376.978,215.244,377300,1387,0,0,222153,1387,0,0,0.3676119798568778,0.0,0.3676119798568778,0.0
permutation,1100,m,reps_partition,reps_dfp,reps,-reps_partition_entropy -reps_escalate_threshold 0.2 -reps_warmup_explore_rtts 0.5 -reps_explore_prob 70,0.7,2000000,4,770,382.069,248.55029220779235,240.528,344.145,382.069,208.366,377300,2750,0,0,222760,2750,0,0,0.7288629737609329,0.0,0.7288629737609329,0.0
permutation,1100,m,fpar_tuned,fpar,oblivious,-threshold 20750 -disable_hop_rtt_normalization,0.7,2000000,5,770,344.288,224.06514155844138,216.775,319.443,344.288,188.29,377300,4906,0,0,146107,4906,0,0,1.3002915451895043,0.0,1.3002915451895043,0.0
permutation,1100,m,reps_no_partition,reps_dfp,reps,,0.7,2000000,5,770,362.119,245.1153883116883,237.442,332.596,362.119,210.85,377300,866,0,0,226609,866,0,0,0.22952557646435198,0.0,0.22952557646435198,0.0
permutation,1100,m,reps_partition,reps_dfp,reps,-reps_partition_entropy -reps_escalate_threshold 0.2 -reps_warmup_explore_rtts 0.5 -reps_explore_prob 70,0.7,2000000,5,770,373.096,248.9010675324673,241.503,346.334,373.096,206.639,377300,2699,0,0,223371,2699,0,0,0.7153458786111847,0.0,0.7153458786111847,0.0
permutation,1100,m,fpar_tuned,fpar,oblivious,-threshold 20750 -disable_hop_rtt_normalization,0.7,10000000,1,770,1569.2,1038.2391051948046,991.808,1460.83,1569.2,908.205,1884960,8909,0,0,695141,8909,0,0,0.4726360241066123,0.0,0.4726360241066123,0.0
permutation,1100,m,reps_no_partition,reps_dfp,reps,,0.7,10000000,1,770,1509.29,1140.8764961038962,1123.74,1440.0,1509.29,948.202,1884960,1412,0,0,1007350,1412,0,0,0.07490875137933961,0.0,0.07490875137933961,0.0
permutation,1100,m,reps_partition,reps_dfp,reps,-reps_partition_entropy -reps_escalate_threshold 0.2 -reps_warmup_explore_rtts 0.5 -reps_explore_prob 70,0.7,10000000,1,770,1644.61,1155.2570532467519,1142.49,1499.59,1644.61,948.318,1884960,3394,0,0,990154,3394,0,0,0.18005687123334183,0.0,0.18005687123334183,0.0
permutation,1100,m,fpar_tuned,fpar,oblivious,-threshold 20750 -disable_hop_rtt_normalization,0.7,10000000,2,770,1550.09,1040.046833766234,999.292,1451.87,1550.09,905.776,1884960,9115,0,0,704859,9115,0,0,0.4835646379764027,0.0,0.4835646379764027,0.0
permutation,1100,m,reps_no_partition,reps_dfp,reps,,0.7,10000000,2,770,1559.64,1137.0234532467525,1122.2,1420.15,1559.64,973.952,1884960,1384,0,0,1011793,1384,0,0,0.07342330871742636,0.0,0.07342330871742636,0.0
permutation,1100,m,reps_partition,reps_dfp,reps,-reps_partition_entropy -reps_escalate_threshold 0.2 -reps_warmup_explore_rtts 0.5 -reps_explore_prob 70,0.7,10000000,2,770,1550.47,1151.5821194805187,1135.5,1445.2,1550.47,958.234,1884960,3397,0,0,988700,3397,0,0,0.1802160258042611,0.0,0.1802160258042611,0.0
permutation,1100,m,fpar_tuned,fpar,oblivious,-threshold 20750 -disable_hop_rtt_normalization,0.7,10000000,3,770,1471.67,1039.455049350649,999.97,1383.05,1471.67,908.718,1884960,7220,0,0,699212,7220,0,0,0.3830320006790595,0.0,0.3830320006790595,0.0
permutation,1100,m,reps_no_partition,reps_dfp,reps,,0.7,10000000,3,770,1525.11,1141.312141558443,1127.86,1409.44,1525.11,979.916,1884960,2014,0,0,997264,2014,0,0,0.1068457686104745,0.0,0.1068457686104745,0.0
permutation,1100,m,reps_partition,reps_dfp,reps,-reps_partition_entropy -reps_escalate_threshold 0.2 -reps_warmup_explore_rtts 0.5 -reps_explore_prob 70,0.7,10000000,3,770,1661.18,1154.3808142857142,1136.29,1502.81,1661.18,938.403,1884960,3147,0,0,986398,3147,0,0,0.16695314489432136,0.0,0.16695314489432136,0.0
permutation,1100,m,fpar_tuned,fpar,oblivious,-threshold 20750 -disable_hop_rtt_normalization,0.7,10000000,4,770,1565.62,1040.3700454545458,993.207,1474.71,1565.62,907.15,1884960,9665,0,0,694765,9665,0,0,0.5127429759782701,0.0,0.5127429759782701,0.0
permutation,1100,m,reps_no_partition,reps_dfp,reps,,0.7,10000000,4,770,1589.52,1146.0961064935072,1120.74,1463.15,1589.52,979.812,1884960,2141,0,0,992743,2141,0,0,0.11358331211272388,0.0,0.11358331211272388,0.0
permutation,1100,m,reps_partition,reps_dfp,reps,-reps_partition_entropy -reps_escalate_threshold 0.2 -reps_warmup_explore_rtts 0.5 -reps_explore_prob 70,0.7,10000000,4,770,1790.76,1161.6775688311682,1150.97,1527.46,1790.76,934.202,1884960,3619,0,0,980337,3619,0,0,0.1919934640522876,0.0,0.1919934640522876,0.0
permutation,1100,m,fpar_tuned,fpar,oblivious,-threshold 20750 -disable_hop_rtt_normalization,0.7,10000000,5,770,1738.88,1039.7520389610393,988.1,1521.84,1738.88,872.935,1884960,9627,0,0,700000,9627,0,0,0.5107270180799592,0.0,0.5107270180799592,0.0
permutation,1100,m,reps_no_partition,reps_dfp,reps,,0.7,10000000,5,770,1541.37,1138.9371428571417,1119.68,1446.45,1541.37,946.386,1884960,1309,0,0,1013181,1309,0,0,0.06944444444444445,0.0,0.06944444444444445,0.0
permutation,1100,m,reps_partition,reps_dfp,reps,-reps_partition_entropy -reps_escalate_threshold 0.2 -reps_warmup_explore_rtts 0.5 -reps_explore_prob 70,0.7,10000000,5,770,1806.2,1160.3048363636367,1150.24,1469.54,1806.2,950.28,1884960,3644,0,0,990604,3644,0,0,0.19331975214328156,0.0,0.19331975214328156,0.0
permutation,1100,m,fpar_tuned,fpar,oblivious,-threshold 20750 -disable_hop_rtt_normalization,0.8,100000,1,880,28.6213,25.50944465909091,25.4763,27.2947,28.6213,23.4656,22000,0,0,0,6823,0,0,0,0.0,0.0,0.0,0.0
permutation,1100,m,reps_no_partition,reps_dfp,reps,,0.8,100000,1,880,33.4347,28.10522443181817,27.9518,32.4438,33.4347,24.4547,22000,0,0,0,7371,0,0,0,0.0,0.0,0.0,0.0
permutation,1100,m,reps_partition,reps_dfp,reps,-reps_partition_entropy -reps_escalate_threshold 0.2 -reps_warmup_explore_rtts 0.5 -reps_explore_prob 40,0.8,100000,1,880,34.449,27.453932840909115,27.2086,32.605,34.449,23.4843,22000,0,0,0,7396,0,0,0,0.0,0.0,0.0,0.0
permutation,1100,m,fpar_tuned,fpar,oblivious,-threshold 20750 -disable_hop_rtt_normalization,0.8,100000,2,880,28.5274,25.52453579545462,25.4707,27.6675,28.5274,23.3192,22000,0,0,0,6817,0,0,0,0.0,0.0,0.0,0.0
permutation,1100,m,reps_no_partition,reps_dfp,reps,,0.8,100000,2,880,33.2656,28.039585681818224,27.9416,31.6334,33.2656,24.6376,22000,0,0,0,7314,0,0,0,0.0,0.0,0.0,0.0
permutation,1100,m,reps_partition,reps_dfp,reps,-reps_partition_entropy -reps_escalate_threshold 0.2 -reps_warmup_explore_rtts 0.5 -reps_explore_prob 40,0.8,100000,2,880,36.1533,27.497898750000026,27.3096,32.9336,36.1533,23.149,22000,0,0,0,7482,0,0,0,0.0,0.0,0.0,0.0
permutation,1100,m,fpar_tuned,fpar,oblivious,-threshold 20750 -disable_hop_rtt_normalization,0.8,100000,3,880,28.1733,25.49699306818188,25.4832,27.1483,28.1733,22.817,22000,0,0,0,6817,0,0,0,0.0,0.0,0.0,0.0
permutation,1100,m,reps_no_partition,reps_dfp,reps,,0.8,100000,3,880,33.5907,28.087687386363616,27.9638,32.2832,33.5907,23.9798,22000,0,0,0,7383,0,0,0,0.0,0.0,0.0,0.0
permutation,1100,m,reps_partition,reps_dfp,reps,-reps_partition_entropy -reps_escalate_threshold 0.2 -reps_warmup_explore_rtts 0.5 -reps_explore_prob 40,0.8,100000,3,880,33.9842,27.312366704545457,27.1107,31.6176,33.9842,22.9867,22000,0,0,0,7410,0,0,0,0.0,0.0,0.0,0.0
permutation,1100,m,fpar_tuned,fpar,oblivious,-threshold 20750 -disable_hop_rtt_normalization,0.8,100000,4,880,28.3589,25.505675454545493,25.4678,27.3475,28.3589,23.481,22000,0,0,0,6828,0,0,0,0.0,0.0,0.0,0.0
permutation,1100,m,reps_no_partition,reps_dfp,reps,,0.8,100000,4,880,32.961,28.401006249999977,28.2856,32.273,32.961,23.9787,22000,0,0,0,7380,0,0,0,0.0,0.0,0.0,0.0
permutation,1100,m,reps_partition,reps_dfp,reps,-reps_partition_entropy -reps_escalate_threshold 0.2 -reps_warmup_explore_rtts 0.5 -reps_explore_prob 40,0.8,100000,4,880,34.289,27.43724295454545,27.4496,32.2747,34.289,22.9787,22000,0,0,0,7453,0,0,0,0.0,0.0,0.0,0.0
permutation,1100,m,fpar_tuned,fpar,oblivious,-threshold 20750 -disable_hop_rtt_normalization,0.8,100000,5,880,30.4566,25.61658988636369,25.473,29.3838,30.4566,23.1478,22000,0,0,0,6836,0,0,0,0.0,0.0,0.0,0.0
permutation,1100,m,reps_no_partition,reps_dfp,reps,,0.8,100000,5,880,35.449,28.309968295454524,28.1136,32.8384,35.449,24.4616,22000,0,0,0,7386,0,0,0,0.0,0.0,0.0,0.0
permutation,1100,m,reps_partition,reps_dfp,reps,-reps_partition_entropy -reps_escalate_threshold 0.2 -reps_warmup_explore_rtts 0.5 -reps_explore_prob 40,0.8,100000,5,880,32.6341,27.401996931818186,27.3016,31.6784,32.6341,23.3056,22000,0,0,0,7452,0,0,0,0.0,0.0,0.0,0.0
permutation,1100,m,fpar_tuned,fpar,oblivious,-threshold 20750 -disable_hop_rtt_normalization,0.8,500000,1,880,87.9254,78.418025340909,78.9174,85.7891,87.9254,64.4595,108240,3177,0,0,48167,3177,0,0,2.9351441241685143,0.0,2.9351441241685143,0.0
permutation,1100,m,reps_no_partition,reps_dfp,reps,,0.8,500000,1,880,93.0706,84.62134602272722,84.6821,91.4322,93.0706,74.1416,108240,784,0,0,76037,784,0,0,0.7243163340724317,0.0,0.7243163340724317,0.0
permutation,1100,m,reps_partition,reps_dfp,reps,-reps_partition_entropy -reps_escalate_threshold 0.2 -reps_warmup_explore_rtts 0.5 -reps_explore_prob 40,0.8,500000,1,880,94.0014,81.75526068181816,81.8445,91.7946,94.0014,70.7266,108240,11109,0,0,68398,11109,0,0,10.26330376940133,0.0,10.26330376940133,0.0
permutation,1100,m,fpar_tuned,fpar,oblivious,-threshold 20750 -disable_hop_rtt_normalization,0.8,500000,2,880,86.3051,77.97325863636365,78.7229,85.1059,86.3051,66.461,108240,3658,0,0,48207,3658,0,0,3.3795269770879526,0.0,3.3795269770879526,0.0
permutation,1100,m,reps_no_partition,reps_dfp,reps,,0.8,500000,2,880,93.1886,84.52805386363627,84.4397,91.4029,93.1886,74.6862,108240,739,0,0,75070,739,0,0,0.6827420546932742,0.0,0.6827420546932742,0.0
permutation,1100,m,reps_partition,reps_dfp,reps,-reps_partition_entropy -reps_escalate_threshold 0.2 -reps_warmup_explore_rtts 0.5 -reps_explore_prob 40,0.8,500000,2,880,91.6067,81.31577443181817,81.4168,89.4189,91.6067,70.5896,108240,11154,0,0,68467,11154,0,0,10.304878048780488,0.0,10.304878048780488,0.0
permutation,1100,m,fpar_tuned,fpar,oblivious,-threshold 20750 -disable_hop_rtt_normalization,0.8,500000,3,880,90.0595,78.26110261363627,78.9493,85.2715,90.0595,64.9182,108240,3090,0,0,48144,3090,0,0,2.854767184035477,0.0,2.854767184035477,0.0
permutation,1100,m,reps_no_partition,reps_dfp,reps,,0.8,500000,3,880,92.2453,84.43847102272733,84.4192,90.9736,92.2453,75.52,108240,910,0,0,75197,910,0,0,0.8407243163340724,0.0,0.8407243163340724,0.0
permutation,1100,m,reps_partition,reps_dfp,reps,-reps_partition_entropy -reps_escalate_threshold 0.2 -reps_warmup_explore_rtts 0.5 -reps_explore_prob 40,0.8,500000,3,880,91.5186,81.26701375,81.3646,88.4434,91.5186,70.1488,108240,11058,0,0,68241,11058,0,0,10.21618625277162,0.0,10.21618625277162,0.0
permutation,1100,m,fpar_tuned,fpar,oblivious,-threshold 20750 -disable_hop_rtt_normalization,0.8,500000,4,880,90.9938,78.51633488636367,78.8536,86.3966,90.9938,66.1837,108240,3211,0,0,48080,3211,0,0,2.966555801921656,0.0,2.966555801921656,0.0
permutation,1100,m,reps_no_partition,reps_dfp,reps,,0.8,500000,4,880,92.8942,84.88929318181805,84.8067,92.1045,92.8942,74.3931,108240,974,0,0,75430,974,0,0,0.8998521803399853,0.0,0.8998521803399853,0.0
permutation,1100,m,reps_partition,reps_dfp,reps,-reps_partition_entropy -reps_escalate_threshold 0.2 -reps_warmup_explore_rtts 0.5 -reps_explore_prob 40,0.8,500000,4,880,94.1438,81.96036806818184,82.0216,90.8107,94.1438,68.5424,108240,11299,0,0,68940,11299,0,0,10.438839615668885,0.0,10.438839615668885,0.0
permutation,1100,m,fpar_tuned,fpar,oblivious,-threshold 20750 -disable_hop_rtt_normalization,0.8,500000,5,880,88.5285,78.4261394318182,78.8142,86.0826,88.5285,66.4181,108240,3207,0,0,48680,3207,0,0,2.962860310421286,0.0,2.962860310421286,0.0
permutation,1100,m,reps_no_partition,reps_dfp,reps,,0.8,500000,5,880,92.3917,84.61019568181818,84.7674,90.8496,92.3917,76.536,108240,929,0,0,75037,929,0,0,0.8582779009608278,0.0,0.8582779009608278,0.0
permutation,1100,m,reps_partition,reps_dfp,reps,-reps_partition_entropy -reps_escalate_threshold 0.2 -reps_warmup_explore_rtts 0.5 -reps_explore_prob 40,0.8,500000,5,880,91.384,81.55148681818183,81.652,89.6808,91.384,69.0046,108240,10895,0,0,68328,10895,0,0,10.06559497413156,0.0,10.06559497413156,0.0
permutation,1100,m,fpar_tuned,fpar,oblivious,-threshold 20750 -disable_hop_rtt_normalization,0.8,2000000,1,880,408.208,251.54673295454563,239.988,349.382,408.208,206.34,431200,9309,0,0,194082,9309,0,0,2.1588589981447126,0.0,2.1588589981447126,0.0
permutation,1100,m,reps_no_partition,reps_dfp,reps,,0.8,2000000,1,880,412.879,274.75241363636337,269.473,374.106,412.879,215.239,431200,1767,0,0,266155,1767,0,0,0.4097866419294991,0.0,0.4097866419294991,0.0
permutation,1100,m,reps_partition,reps_dfp,reps,-reps_partition_entropy -reps_escalate_threshold 0.2 -reps_warmup_explore_rtts 0.5 -reps_explore_prob 40,0.8,2000000,1,880,398.246,274.85637613636374,270.406,361.719,398.246,230.375,431200,11310,0,0,280665,11310,0,0,2.62291280148423,0.0,2.62291280148423,0.0
permutation,1100,m,fpar_tuned,fpar,oblivious,-threshold 20750 -disable_hop_rtt_normalization,0.8,2000000,2,880,421.952,252.22606704545427,238.458,374.096,421.952,203.645,431200,9984,0,0,192320,9984,0,0,2.315398886827458,0.0,2.315398886827458,0.0
permutation,1100,m,reps_no_partition,reps_dfp,reps,,0.8,2000000,2,880,411.353,273.7518795454542,267.316,379.898,411.353,216.821,431200,1750,0,0,266683,1750,0,0,0.40584415584415584,0.0,0.40584415584415584,0.0
permutation,1100,m,reps_partition,reps_dfp,reps,-reps_partition_entropy -reps_escalate_threshold 0.2 -reps_warmup_explore_rtts 0.5 -reps_explore_prob 40,0.8,2000000,2,880,390.754,274.8147272727273,269.62,353.959,390.754,233.295,431200,11655,0,0,281477,11655,0,0,2.7029220779220777,0.0,2.7029220779220777,0.0
permutation,1100,m,fpar_tuned,fpar,oblivious,-threshold 20750 -disable_hop_rtt_normalization,0.8,2000000,3,880,377.021,250.72512159090877,239.529,352.403,377.021,211.182,431200,9043,0,0,193708,9043,0,0,2.097170686456401,0.0,2.097170686456401,0.0
permutation,1100,m,reps_no_partition,reps_dfp,reps,,0.8,2000000,3,880,394.334,273.5931215909086,267.277,368.691,394.334,221.62,431200,2002,0,0,267320,2002,0,0,0.4642857142857143,0.0,0.4642857142857143,0.0
permutation,1100,m,reps_partition,reps_dfp,reps,-reps_partition_entropy -reps_escalate_threshold 0.2 -reps_warmup_explore_rtts 0.5 -reps_explore_prob 40,0.8,2000000,3,880,437.659,274.70599772727275,268.473,360.595,437.659,233.87,431200,11496,0,0,279287,11496,0,0,2.666048237476809,0.0,2.666048237476809,0.0
permutation,1100,m,fpar_tuned,fpar,oblivious,-threshold 20750 -disable_hop_rtt_normalization,0.8,2000000,4,880,398.434,252.99705795454537,238.772,371.441,398.434,205.538,431200,9204,0,0,193547,9204,0,0,2.1345083487940633,0.0,2.1345083487940633,0.0
permutation,1100,m,reps_no_partition,reps_dfp,reps,,0.8,2000000,4,880,414.107,276.28818977272715,269.609,379.705,414.107,216.249,431200,2255,0,0,263107,2255,0,0,0.5229591836734694,0.0,0.5229591836734694,0.0
permutation,1100,m,reps_partition,reps_dfp,reps,-reps_partition_entropy -reps_escalate_threshold 0.2 -reps_warmup_explore_rtts 0.5 -reps_explore_prob 40,0.8,2000000,4,880,399.284,276.5022772727276,271.445,364.532,399.284,231.097,431200,11791,0,0,280374,11791,0,0,2.7344619666048238,0.0,2.7344619666048238,0.0
permutation,1100,m,fpar_tuned,fpar,oblivious,-threshold 20750 -disable_hop_rtt_normalization,0.8,2000000,5,880,420.903,251.73779318181792,236.568,369.084,420.903,208.24,431200,8772,0,0,193376,8772,0,0,2.0343228200371057,0.0,2.0343228200371057,0.0
permutation,1100,m,reps_no_partition,reps_dfp,reps,,0.8,2000000,5,880,431.589,273.3154602272726,267.931,369.239,431.589,216.307,431200,1906,0,0,267191,1906,0,0,0.4420222634508349,0.0,0.4420222634508349,0.0
permutation,1100,m,reps_partition,reps_dfp,reps,-reps_partition_entropy -reps_escalate_threshold 0.2 -reps_warmup_explore_rtts 0.5 -reps_explore_prob 40,0.8,2000000,5,880,402.38,276.18572499999993,270.701,357.374,402.38,229.665,431200,11508,0,0,279271,11508,0,0,2.668831168831169,0.0,2.668831168831169,0.0
permutation,1100,m,fpar_tuned,fpar,oblivious,-threshold 20750 -disable_hop_rtt_normalization,0.8,10000000,1,880,1662.7,1156.6430034090904,1097.87,1597.15,1662.7,958.514,2154240,18725,0,0,869463,18725,0,0,0.8692160576351753,0.0,0.8692160576351753,0.0
permutation,1100,m,reps_no_partition,reps_dfp,reps,,0.8,10000000,1,880,1785.31,1264.856368181818,1263.48,1602.23,1785.31,976.275,2154240,2237,0,0,1247698,2237,0,0,0.10384172608437314,0.0,0.10384172608437314,0.0
permutation,1100,m,reps_partition,reps_dfp,reps,-reps_partition_entropy -reps_escalate_threshold 0.2 -reps_warmup_explore_rtts 0.5 -reps_explore_prob 40,0.8,10000000,1,880,1709.73,1277.6974204545456,1265.54,1638.29,1709.73,1003.33,2154240,12160,0,0,1258195,12160,0,0,0.5644682115270351,0.0,0.5644682115270351,0.0
permutation,1100,m,fpar_tuned,fpar,oblivious,-threshold 20750 -disable_hop_rtt_normalization,0.8,10000000,2,880,1720.02,1153.3046159090907,1086.23,1627.2,1720.02,941.249,2154240,20145,0,0,861412,20145,0,0,0.9351325757575758,0.0,0.9351325757575758,0.0
permutation,1100,m,reps_no_partition,reps_dfp,reps,,0.8,10000000,2,880,1668.6,1261.4994204545462,1260.49,1588.49,1668.6,1014.01,2154240,2196,0,0,1241390,2196,0,0,0.1019385026737968,0.0,0.1019385026737968,0.0
permutation,1100,m,reps_partition,reps_dfp,reps,-reps_partition_entropy -reps_escalate_threshold 0.2 -reps_warmup_explore_rtts 0.5 -reps_explore_prob 40,0.8,10000000,2,880,1689.92,1275.9005454545459,1272.39,1604.25,1689.92,1015.54,2154240,12529,0,0,1253098,12529,0,0,0.5815972222222222,0.0,0.5815972222222222,0.0
permutation,1100,m,fpar_tuned,fpar,oblivious,-threshold 20750 -disable_hop_rtt_normalization,0.8,10000000,3,880,1723.67,1158.2936125000003,1108.68,1552.45,1723.67,960.179,2154240,18648,0,0,882759,18648,0,0,0.8656417112299465,0.0,0.8656417112299465,0.0
permutation,1100,m,reps_no_partition,reps_dfp,reps,,0.8,10000000,3,880,1685.82,1264.0903181818182,1255.57,1567.62,1685.82,1013.91,2154240,2562,0,0,1240997,2562,0,0,0.11892825311942959,0.0,0.11892825311942959,0.0
permutation,1100,m,reps_partition,reps_dfp,reps,-reps_partition_entropy -reps_escalate_threshold 0.2 -reps_warmup_explore_rtts 0.5 -reps_explore_prob 40,0.8,10000000,3,880,1782.01,1277.558329545454,1272.96,1620.26,1782.01,1012.63,2154240,12390,0,0,1247532,12390,0,0,0.5751448306595366,0.0,0.5751448306595366,0.0
permutation,1100,m,fpar_tuned,fpar,oblivious,-threshold 20750 -disable_hop_rtt_normalization,0.8,10000000,4,880,1683.66,1157.453993181819,1102.4,1603.1,1683.66,963.736,2154240,17316,0,0,866428,17316,0,0,0.8038101604278075,0.0,0.8038101604278075,0.0
permutation,1100,m,reps_no_partition,reps_dfp,reps,,0.8,10000000,4,880,1868.96,1268.4108954545466,1261.59,1615.95,1868.96,993.208,2154240,2799,0,0,1232608,2799,0,0,0.1299298128342246,0.0,0.1299298128342246,0.0
permutation,1100,m,reps_partition,reps_dfp,reps,-reps_partition_entropy -reps_escalate_threshold 0.2 -reps_warmup_explore_rtts 0.5 -reps_explore_prob 40,0.8,10000000,4,880,1938.66,1286.9717954545456,1283.82,1672.07,1938.66,1002.4,2154240,12812,0,0,1247977,12812,0,0,0.5947341057635175,0.0,0.5947341057635175,0.0
permutation,1100,m,fpar_tuned,fpar,oblivious,-threshold 20750 -disable_hop_rtt_normalization,0.8,10000000,5,880,1824.8,1157.1564306818182,1096.73,1676.45,1824.8,957.186,2154240,17673,0,0,872696,17673,0,0,0.8203821301247772,0.0,0.8203821301247772,0.0
permutation,1100,m,reps_no_partition,reps_dfp,reps,,0.8,10000000,5,880,1708.51,1263.5363568181817,1252.96,1586.76,1708.51,986.992,2154240,2370,0,0,1254561,2370,0,0,0.11001559714795009,0.0,0.11001559714795009,0.0
permutation,1100,m,reps_partition,reps_dfp,reps,-reps_partition_entropy -reps_escalate_threshold 0.2 -reps_warmup_explore_rtts 0.5 -reps_explore_prob 40,0.8,10000000,5,880,1887.82,1282.272761363635,1281.68,1633.5,1887.82,1019.14,2154240,12500,0,0,1248040,12500,0,0,0.5802510398098634,0.0,0.5802510398098634,0.0
permutation,1100,m,fpar_tuned,fpar,oblivious,-threshold 20750 -disable_hop_rtt_normalization,0.9,100000,1,990,31.9618,26.986394949494947,26.801,30.6883,31.9618,24.7816,24750,0,0,0,7782,0,0,0,0.0,0.0,0.0,0.0
permutation,1100,m,reps_no_partition,reps_dfp,reps,,0.9,100000,1,990,37.413,29.62477606060603,29.4416,34.4216,37.413,25.6176,24750,0,0,0,8759,0,0,0,0.0,0.0,0.0,0.0
permutation,1100,m,reps_partition,reps_dfp,reps,-reps_partition_entropy -reps_escalate_threshold 0.2 -reps_warmup_explore_rtts 0.5 -reps_explore_prob 40,0.9,100000,1,990,36.3378,29.00442575757577,28.8851,33.8634,36.3378,24.4707,24750,0,0,0,8853,0,0,0,0.0,0.0,0.0,0.0
permutation,1100,m,fpar_tuned,fpar,oblivious,-threshold 20750 -disable_hop_rtt_normalization,0.9,100000,2,990,30.089,26.882472727272674,26.801,29.3326,30.089,24.7987,24750,0,0,0,7757,0,0,0,0.0,0.0,0.0,0.0
permutation,1100,m,reps_no_partition,reps_dfp,reps,,0.9,100000,2,990,35.7587,29.72125696969695,29.6016,34.4216,35.7587,25.6347,24750,0,0,0,8817,0,0,0,0.0,0.0,0.0,0.0
permutation,1100,m,reps_partition,reps_dfp,reps,-reps_partition_entropy -reps_escalate_threshold 0.2 -reps_warmup_explore_rtts 0.5 -reps_explore_prob 40,0.9,100000,2,990,34.139,28.81897070707067,28.6626,33.1914,34.139,24.4616,24750,0,0,0,8878,0,0,0,0.0,0.0,0.0,0.0
permutation,1100,m,fpar_tuned,fpar,oblivious,-threshold 20750 -disable_hop_rtt_normalization,0.9,100000,3,990,30.1686,26.793047373737327,26.6904,29.1624,30.1686,24.3477,24750,0,0,0,7769,0,0,0,0.0,0.0,0.0,0.0
permutation,1100,m,reps_no_partition,reps_dfp,reps,,0.9,100000,3,990,35.621,29.585191111111143,29.4507,33.5992,35.621,25.645,24750,0,0,0,8786,0,0,0,0.0,0.0,0.0,0.0
permutation,1100,m,reps_partition,reps_dfp,reps,-reps_partition_entropy -reps_escalate_threshold 0.2 -reps_warmup_explore_rtts 0.5 -reps_explore_prob 40,0.9,100000,3,990,34.7656,28.596836262626248,28.4917,32.3723,34.7656,24.5422,24750,0,0,0,8782,0,0,0,0.0,0.0,0.0,0.0
permutation,1100,m,fpar_tuned,fpar,oblivious,-threshold 20750 -disable_hop_rtt_normalization,0.9,100000,4,990,33.7648,26.914285555555526,26.7958,31.0678,33.7648,24.3016,24750,0,0,0,7765,0,0,0,0.0,0.0,0.0,0.0
permutation,1100,m,reps_no_partition,reps_dfp,reps,,0.9,100000,4,990,36.957,29.904156565656535,29.6187,34.9256,36.957,25.9616,24750,0,0,0,8904,0,0,0,0.0,0.0,0.0,0.0
permutation,1100,m,reps_partition,reps_dfp,reps,-reps_partition_entropy -reps_escalate_threshold 0.2 -reps_warmup_explore_rtts 0.5 -reps_explore_prob 40,0.9,100000,4,990,36.4378,29.093441313131343,28.9376,34.8427,36.4378,24.6797,24750,0,0,0,8888,0,0,0,0.0,0.0,0.0,0.0
permutation,1100,m,fpar_tuned,fpar,oblivious,-threshold 20750 -disable_hop_rtt_normalization,0.9,100000,5,990,31.0336,26.93336010101004,26.8061,30.0206,31.0336,24.8038,24750,0,0,0,7755,0,0,0,0.0,0.0,0.0,0.0
permutation,1100,m,reps_no_partition,reps_dfp,reps,,0.9,100000,5,990,38.0616,29.760583030303028,29.4672,36.2296,38.0616,25.6176,24750,0,0,0,8834,0,0,0,0.0,0.0,0.0,0.0
permutation,1100,m,reps_partition,reps_dfp,reps,-reps_partition_entropy -reps_escalate_threshold 0.2 -reps_warmup_explore_rtts 0.5 -reps_explore_prob 40,0.9,100000,5,990,36.9674,28.75321787878787,28.4496,35.531,36.9674,24.4616,24750,0,0,0,8782,0,0,0,0.0,0.0,0.0,0.0
permutation,1100,m,fpar_tuned,fpar,oblivious,-threshold 20750 -disable_hop_rtt_normalization,0.9,500000,1,990,95.0882,84.73336101010085,84.9216,91.1267,95.0882,72.4862,121770,7374,0,0,63717,7374,0,0,6.055678738605568,0.0,6.055678738605568,0.0
permutation,1100,m,reps_no_partition,reps_dfp,reps,,0.9,500000,1,990,100.363,91.1344066666667,91.0526,98.7026,100.363,81.2938,121770,1947,0,0,96960,1947,0,0,1.5989159891598916,0.0,1.5989159891598916,0.0
permutation,1100,m,reps_partition,reps_dfp,reps,-reps_partition_entropy -reps_escalate_threshold 0.2 -reps_warmup_explore_rtts 0.5 -reps_explore_prob 40,0.9,500000,1,990,98.2957,87.67223888888893,87.8898,94.8782,98.2957,72.8166,121770,14425,0,0,83451,14425,0,0,11.846103309517943,0.0,11.846103309517943,0.0
permutation,1100,m,fpar_tuned,fpar,oblivious,-threshold 20750 -disable_hop_rtt_normalization,0.9,500000,2,990,96.4704,85.24241363636368,85.3178,92.8958,96.4704,73.1203,121770,7452,0,0,63967,7452,0,0,6.119733924611974,0.0,6.119733924611974,0.0
permutation,1100,m,reps_no_partition,reps_dfp,reps,,0.9,500000,2,990,98.26,90.91218383838385,90.9878,96.8714,98.26,82.1874,121770,1552,0,0,96590,1552,0,0,1.2745339574607868,0.0,1.2745339574607868,0.0
permutation,1100,m,reps_partition,reps_dfp,reps,-reps_partition_entropy -reps_escalate_threshold 0.2 -reps_warmup_explore_rtts 0.5 -reps_explore_prob 40,0.9,500000,2,990,99.1229,88.0021189898989,88.1754,95.6976,99.1229,76.3014,121770,14524,0,0,83144,14524,0,0,11.927404122526074,0.0,11.927404122526074,0.0
permutation,1100,m,fpar_tuned,fpar,oblivious,-threshold 20750 -disable_hop_rtt_normalization,0.9,500000,3,990,97.1362,84.8053077777778,84.9877,91.7539,97.1362,71.1086,121770,6919,0,0,64201,6919,0,0,5.682023486901536,0.0,5.682023486901536,0.0
permutation,1100,m,reps_no_partition,reps_dfp,reps,,0.9,500000,3,990,99.1618,90.81780040404041,90.7414,97.5123,99.1618,82.9066,121770,1977,0,0,96773,1977,0,0,1.6235525991623552,0.0,1.6235525991623552,0.0
permutation,1100,m,reps_partition,reps_dfp,reps,-reps_partition_entropy -reps_escalate_threshold 0.2 -reps_warmup_explore_rtts 0.5 -reps_explore_prob 40,0.9,500000,3,990,98.1445,87.92771969696973,88.0235,96.1525,98.1445,74.3818,121770,14307,0,0,83012,14307,0,0,11.74919931017492,0.0,11.74919931017492,0.0
permutation,1100,m,fpar_tuned,fpar,oblivious,-threshold 20750 -disable_hop_rtt_normalization,0.9,500000,4,990,97.9266,84.68227191919195,84.8416,93.0733,97.9266,72.2176,121770,7057,0,0,64007,7057,0,0,5.795351892912868,0.0,5.795351892912868,0.0
permutation,1100,m,reps_no_partition,reps_dfp,reps,,0.9,500000,4,990,101.604,91.50701232323205,91.4936,99.3075,101.604,80.9139,121770,2370,0,0,96426,2370,0,0,1.9462921901946293,0.0,1.9462921901946293,0.0
permutation,1100,m,reps_partition,reps_dfp,reps,-reps_partition_entropy -reps_escalate_threshold 0.2 -reps_warmup_explore_rtts 0.5 -reps_explore_prob 40,0.9,500000,4,990,102.198,88.0354216161617,88.0456,97.4,102.198,75.0659,121770,14697,0,0,83274,14697,0,0,12.069475240206948,0.0,12.069475240206948,0.0
permutation,1100,m,fpar_tuned,fpar,oblivious,-threshold 20750 -disable_hop_rtt_normalization,0.9,500000,5,990,94.5094,85.05684434343438,85.1325,91.967,94.5094,74.1107,121770,7163,0,0,64847,7163,0,0,5.882401248254907,0.0,5.882401248254907,0.0
permutation,1100,m,reps_no_partition,reps_dfp,reps,,0.9,500000,5,990,100.418,90.92571494949492,90.9558,97.433,100.418,80.9259,121770,1939,0,0,96329,1939,0,0,1.5923462264925679,0.0,1.5923462264925679,0.0
permutation,1100,m,reps_partition,reps_dfp,reps,-reps_partition_entropy -reps_escalate_threshold 0.2 -reps_warmup_explore_rtts 0.5 -reps_explore_prob 40,0.9,500000,5,990,101.548,87.98582909090905,88.2213,95.992,101.548,75.6163,121770,14421,0,0,83280,14421,0,0,11.842818428184282,0.0,11.842818428184282,0.0
permutation,1100,m,fpar_tuned,fpar,oblivious,-threshold 20750 -disable_hop_rtt_normalization,0.9,2000000,1,990,423.416,277.9213808080809,268.611,387.571,423.416,218.813,485100,14236,0,0,237872,14236,0,0,2.9346526489383633,0.0,2.9346526489383633,0.0
permutation,1100,m,reps_no_partition,reps_dfp,reps,,0.9,2000000,1,990,448.462,306.27238080808115,303.794,414.586,448.462,225.798,485100,3149,0,0,301903,3149,0,0,0.6491445062873634,0.0,0.6491445062873634,0.0
permutation,1100,m,reps_partition,reps_dfp,reps,-reps_partition_entropy -reps_escalate_threshold 0.2 -reps_warmup_explore_rtts 0.5 -reps_explore_prob 40,0.9,2000000,1,990,446.999,299.45373535353514,291.046,400.187,446.999,236.973,485100,14805,0,0,335958,14805,0,0,3.051948051948052,0.0,3.051948051948052,0.0
permutation,1100,m,fpar_tuned,fpar,oblivious,-threshold 20750 -disable_hop_rtt_normalization,0.9,2000000,2,990,415.166,277.01764949494935,266.453,383.882,415.166,219.638,485100,14148,0,0,236014,14148,0,0,2.9165120593692024,0.0,2.9165120593692024,0.0
permutation,1100,m,reps_no_partition,reps_dfp,reps,,0.9,2000000,2,990,437.142,304.3926606060604,303.054,396.08,437.142,218.413,485100,2659,0,0,302795,2659,0,0,0.5481344052772624,0.0,0.5481344052772624,0.0
permutation,1100,m,reps_partition,reps_dfp,reps,-reps_partition_entropy -reps_escalate_threshold 0.2 -reps_warmup_explore_rtts 0.5 -reps_explore_prob 40,0.9,2000000,2,990,436.072,299.48651818181827,292.927,390.596,436.072,236.762,485100,14940,0,0,337772,14940,0,0,3.079777365491651,0.0,3.079777365491651,0.0
permutation,1100,m,fpar_tuned,fpar,oblivious,-threshold 20750 -disable_hop_rtt_normalization,0.9,2000000,3,990,441.765,275.8487323232324,267.761,387.013,441.765,216.23,485100,13314,0,0,237334,13314,0,0,2.7445887445887447,0.0,2.7445887445887447,0.0
permutation,1100,m,reps_no_partition,reps_dfp,reps,,0.9,2000000,3,990,460.598,305.7780727272728,302.864,400.469,460.598,224.083,485100,3035,0,0,302200,3035,0,0,0.6256441970727685,0.0,0.6256441970727685,0.0
permutation,1100,m,reps_partition,reps_dfp,reps,-reps_partition_entropy -reps_escalate_threshold 0.2 -reps_warmup_explore_rtts 0.5 -reps_explore_prob 40,0.9,2000000,3,990,450.233,299.31392929292946,290.815,416.917,450.233,242.168,485100,14796,0,0,334931,14796,0,0,3.0500927643784785,0.0,3.0500927643784785,0.0
permutation,1100,m,fpar_tuned,fpar,oblivious,-threshold 20750 -disable_hop_rtt_normalization,0.9,2000000,4,990,417.078,276.2798606060604,270.268,381.084,417.078,217.163,485100,13175,0,0,237440,13175,0,0,2.715934858792002,0.0,2.715934858792002,0.0
permutation,1100,m,reps_no_partition,reps_dfp,reps,,0.9,2000000,4,990,481.069,306.95256565656587,305.261,400.767,481.069,219.789,485100,3488,0,0,302687,3488,0,0,0.7190270047412904,0.0,0.7190270047412904,0.0
permutation,1100,m,reps_partition,reps_dfp,reps,-reps_partition_entropy -reps_escalate_threshold 0.2 -reps_warmup_explore_rtts 0.5 -reps_explore_prob 40,0.9,2000000,4,990,452.142,301.06632222222237,292.989,407.384,452.142,242.607,485100,15171,0,0,334599,15171,0,0,3.1273964131106986,0.0,3.1273964131106986,0.0
permutation,1100,m,fpar_tuned,fpar,oblivious,-threshold 20750 -disable_hop_rtt_normalization,0.9,2000000,5,990,430.707,277.74762626262634,265.679,392.941,430.707,220.882,485100,13058,0,0,238022,13058,0,0,2.691816120387549,0.0,2.691816120387549,0.0
permutation,1100,m,reps_no_partition,reps_dfp,reps,,0.9,2000000,5,990,451.035,305.96137272727293,305.997,404.188,451.035,219.345,485100,3125,0,0,303646,3125,0,0,0.6441970727685014,0.0,0.6441970727685014,0.0
permutation,1100,m,reps_partition,reps_dfp,reps,-reps_partition_entropy -reps_escalate_threshold 0.2 -reps_warmup_explore_rtts 0.5 -reps_explore_prob 40,0.9,2000000,5,990,453.432,300.5416606060602,293.323,414.463,453.432,236.814,485100,15019,0,0,334253,15019,0,0,3.096062667491239,0.0,3.096062667491239,0.0
permutation,1100,m,fpar_tuned,fpar,oblivious,-threshold 20750 -disable_hop_rtt_normalization,0.9,10000000,1,990,1895.71,1269.5090464646469,1242.54,1700.7,1895.71,983.486,2423520,26709,0,0,1047673,26709,0,0,1.1020746682511389,0.0,1.1020746682511389,0.0
permutation,1100,m,reps_no_partition,reps_dfp,reps,,0.9,10000000,1,990,1875.26,1404.1868181818193,1398.37,1728.37,1875.26,1038.97,2423520,3560,0,0,1495206,3560,0,0,0.14689377434475473,0.0,0.14689377434475473,0.0
permutation,1100,m,reps_partition,reps_dfp,reps,-reps_partition_entropy -reps_escalate_threshold 0.2 -reps_warmup_explore_rtts 0.5 -reps_explore_prob 40,0.9,10000000,1,990,1896.91,1392.6547272727273,1390.92,1768.38,1896.91,1051.4,2423520,15645,0,0,1536627,15645,0,0,0.6455486234897999,0.0,0.6455486234897999,0.0
permutation,1100,m,fpar_tuned,fpar,oblivious,-threshold 20750 -disable_hop_rtt_normalization,0.9,10000000,2,990,1920.19,1268.6255707070704,1231.94,1699.83,1920.19,984.424,2423520,28028,0,0,1045463,28028,0,0,1.1564996368917937,0.0,1.1564996368917937,0.0
permutation,1100,m,reps_no_partition,reps_dfp,reps,,0.9,10000000,2,990,1843.06,1397.6835151515147,1393.97,1705.71,1843.06,1030.97,2423520,3215,0,0,1502940,3215,0,0,0.1326582821680861,0.0,0.1326582821680861,0.0
permutation,1100,m,reps_partition,reps_dfp,reps,-reps_partition_entropy -reps_escalate_threshold 0.2 -reps_warmup_explore_rtts 0.5 -reps_explore_prob 40,0.9,10000000,2,990,1869.28,1394.3303030303025,1396.01,1750.94,1869.28,1024.41,2423520,15757,0,0,1545828,15757,0,0,0.6501700006601967,0.0,0.6501700006601967,0.0
permutation,1100,m,fpar_tuned,fpar,oblivious,-threshold 20750 -disable_hop_rtt_normalization,0.9,10000000,3,990,1757.62,1278.482613131313,1261.08,1630.13,1757.62,989.091,2423520,28408,0,0,1053707,28408,0,0,1.1721793094342114,0.0,1.1721793094342114,0.0
permutation,1100,m,reps_no_partition,reps_dfp,reps,,0.9,10000000,3,990,1999.82,1399.836575757578,1395.86,1721.3,1999.82,1042.94,2423520,3559,0,0,1489652,3559,0,0,0.14685251204859048,0.0,0.14685251204859048,0.0
permutation,1100,m,reps_partition,reps_dfp,reps,-reps_partition_entropy -reps_escalate_threshold 0.2 -reps_warmup_explore_rtts 0.5 -reps_explore_prob 40,0.9,10000000,3,990,2130.59,1396.478141414141,1390.83,1802.2,2130.59,1054.63,2423520,15626,0,0,1531366,15626,0,0,0.6447646398626791,0.0,0.6447646398626791,0.0
permutation,1100,m,fpar_tuned,fpar,oblivious,-threshold 20750 -disable_hop_rtt_normalization,0.9,10000000,4,990,1768.16,1268.1690464646483,1249.9,1695.65,1768.16,998.026,2423520,28010,0,0,1045203,28010,0,0,1.1557569155608372,0.0,1.1557569155608372,0.0
permutation,1100,m,reps_no_partition,reps_dfp,reps,,0.9,10000000,4,990,1900.77,1404.8255353535358,1408.98,1762.63,1900.77,1046.73,2423520,3955,0,0,1491781,3955,0,0,0.16319238132963623,0.0,0.16319238132963623,0.0
permutation,1100,m,reps_partition,reps_dfp,reps,-reps_partition_entropy -reps_escalate_threshold 0.2 -reps_warmup_explore_rtts 0.5 -reps_explore_prob 40,0.9,10000000,4,990,1932.85,1398.812595959596,1389.22,1803.25,1932.85,1061.27,2423520,16170,0,0,1531200,16170,0,0,0.6672113289760349,0.0,0.6672113289760349,0.0
permutation,1100,m,fpar_tuned,fpar,oblivious,-threshold 20750 -disable_hop_rtt_normalization,0.9,10000000,5,990,1934.79,1270.547323232324,1224.91,1788.87,1934.79,1006.27,2423520,26549,0,0,1041950,26549,0,0,1.0954727008648577,0.0,1.0954727008648577,0.0
permutation,1100,m,reps_no_partition,reps_dfp,reps,,0.9,10000000,5,990,1817.17,1403.5971515151518,1402.99,1706.59,1817.17,1034.55,2423520,3597,0,0,1513147,3597,0,0,0.14842047930283225,0.0,0.14842047930283225,0.0
permutation,1100,m,reps_partition,reps_dfp,reps,-reps_partition_entropy -reps_escalate_threshold 0.2 -reps_warmup_explore_rtts 0.5 -reps_explore_prob 40,0.9,10000000,5,990,1957.59,1395.145242424243,1389.76,1811.94,1957.59,1077.41,2423520,15999,0,0,1532082,15999,0,0,0.6601554763319469,0.0,0.6601554763319469,0.0
permutation_random,1100,m,fpar_tuned,fpar,oblivious,-threshold 20750 -disable_hop_rtt_normalization,0.6,100000,1,660,43.636,23.771546363636375,22.3403,38.1709,43.636,12.4702,16500,32,0,0,5675,32,0,0,0.19393939393939394,0.0,0.19393939393939394,0.0
permutation_random,1100,m,reps_no_partition,reps_dfp,reps,,0.6,100000,1,660,29.4627,23.91402303030302,24.3072,28.0139,29.4627,12.4702,16500,0,0,0,5098,0,0,0,0.0,0.0,0.0,0.0
permutation_random,1100,m,reps_partition,reps_dfp,reps,-reps_partition_entropy -reps_escalate_threshold 0.2 -reps_warmup_explore_rtts 0.5 -reps_explore_prob 70,0.6,100000,1,660,28.9427,23.70983757575755,23.9867,27.7867,28.9427,12.4702,16500,0,0,0,5109,0,0,0,0.0,0.0,0.0,0.0
permutation_random,1100,m,fpar_tuned,fpar,oblivious,-threshold 20750 -disable_hop_rtt_normalization,0.6,100000,2,660,40.4584,23.170374999999996,22.153,32.1266,40.4584,12.4702,16500,8,0,0,5435,8,0,0,0.048484848484848485,0.0,0.048484848484848485,0.0
permutation_random,1100,m,reps_no_partition,reps_dfp,reps,,0.6,100000,2,660,30.9467,23.780849090909093,24.1296,28.2998,30.9467,12.4702,16500,0,0,0,5114,0,0,0,0.0,0.0,0.0,0.0
permutation_random,1100,m,reps_partition,reps_dfp,reps,-reps_partition_entropy -reps_escalate_threshold 0.2 -reps_warmup_explore_rtts 0.5 -reps_explore_prob 70,0.6,100000,2,660,28.6363,23.507814696969692,23.8181,27.0117,28.6363,12.4702,16500,0,0,0,5113,0,0,0,0.0,0.0,0.0,0.0
permutation_random,1100,m,fpar_tuned,fpar,oblivious,-threshold 20750 -disable_hop_rtt_normalization,0.6,100000,3,660,36.7336,23.704074696969705,22.3357,36.1208,36.7336,12.6462,16500,0,0,0,5616,0,0,0,0.0,0.0,0.0,0.0
permutation_random,1100,m,reps_no_partition,reps_dfp,reps,,0.6,100000,3,660,29.9797,24.052629090909118,24.3056,27.973,29.9797,12.6422,16500,0,0,0,5109,0,0,0,0.0,0.0,0.0,0.0
permutation_random,1100,m,reps_partition,reps_dfp,reps,-reps_partition_entropy -reps_escalate_threshold 0.2 -reps_warmup_explore_rtts 0.5 -reps_explore_prob 70,0.6,100000,3,660,28.7936,23.909357121212132,24.1296,27.7976,28.7936,12.4754,16500,0,0,0,5101,0,0,0,0.0,0.0,0.0,0.0
permutation_random,1100,m,fpar_tuned,fpar,oblivious,-threshold 20750 -disable_hop_rtt_normalization,0.6,100000,4,660,37.9016,23.610177575757564,22.3466,36.0696,37.9016,12.4702,16500,0,0,0,5587,0,0,0,0.0,0.0,0.0,0.0
permutation_random,1100,m,reps_no_partition,reps_dfp,reps,,0.6,100000,4,660,29.9616,24.011002727272743,24.1541,28.2976,29.9616,12.4702,16500,0,0,0,5108,0,0,0,0.0,0.0,0.0,0.0
permutation_random,1100,m,reps_partition,reps_dfp,reps,-reps_partition_entropy -reps_escalate_threshold 0.2 -reps_warmup_explore_rtts 0.5 -reps_explore_prob 70,0.6,100000,4,660,30.6216,23.96131848484848,24.145,28.6216,30.6216,12.4702,16500,0,0,0,5117,0,0,0,0.0,0.0,0.0,0.0
permutation_random,1100,m,fpar_tuned,fpar,oblivious,-threshold 20750 -disable_hop_rtt_normalization,0.6,100000,5,660,38.5587,23.771020606060606,22.1581,36.5736,38.5587,12.6371,16500,1,0,0,5666,1,0,0,0.006060606060606061,0.0,0.006060606060606061,0.0
permutation_random,1100,m,reps_no_partition,reps_dfp,reps,,0.6,100000,5,660,30.9792,23.861614393939377,24.1347,28.2976,30.9792,12.4702,16500,0,0,0,5082,0,0,0,0.0,0.0,0.0,0.0
permutation_random,1100,m,reps_partition,reps_dfp,reps,-reps_partition_entropy -reps_escalate_threshold 0.2 -reps_warmup_explore_rtts 0.5 -reps_explore_prob 70,0.6,100000,5,660,28.6541,23.71805287878789,23.989,27.6307,28.6541,12.4702,16500,0,0,0,5106,0,0,0,0.0,0.0,0.0,0.0
permutation_random,1100,m,fpar_tuned,fpar,oblivious,-threshold 20750 -disable_hop_rtt_normalization,0.6,500000,1,660,176.099,72.24236000000003,63.3566,154.584,176.099,44.972,81180,3378,0,0,40630,3378,0,0,4.161123429416112,0.0,4.161123429416112,0.0
permutation_random,1100,m,reps_no_partition,reps_dfp,reps,,0.6,500000,1,660,72.1216,62.77761181818186,63.5363,70.3731,72.1216,44.972,81180,1,0,0,28493,1,0,0,0.001231830500123183,0.0,0.001231830500123183,0.0
permutation_random,1100,m,reps_partition,reps_dfp,reps,-reps_partition_entropy -reps_escalate_threshold 0.2 -reps_warmup_explore_rtts 0.5 -reps_explore_prob 70,0.6,500000,1,660,71.133,60.12372606060613,60.7355,69.137,71.133,44.972,81180,0,0,0,25952,0,0,0,0.0,0.0,0.0,0.0
permutation_random,1100,m,fpar_tuned,fpar,oblivious,-threshold 20750 -disable_hop_rtt_normalization,0.6,500000,2,660,163.171,68.53857969696976,62.1456,123.652,163.171,44.972,81180,2408,0,0,38152,2408,0,0,2.9662478442966247,0.0,2.9662478442966247,0.0
permutation_random,1100,m,reps_no_partition,reps_dfp,reps,,0.6,500000,2,660,72.1318,62.67603666666662,63.4659,70.1363,72.1318,44.972,81180,0,0,0,28102,0,0,0,0.0,0.0,0.0,0.0
permutation_random,1100,m,reps_partition,reps_dfp,reps,-reps_partition_entropy -reps_escalate_threshold 0.2 -reps_warmup_explore_rtts 0.5 -reps_explore_prob 70,0.6,500000,2,660,69.8038,60.22413833333329,60.5203,67.9043,69.8038,44.972,81180,0,0,0,25852,0,0,0,0.0,0.0,0.0,0.0
permutation_random,1100,m,fpar_tuned,fpar,oblivious,-threshold 20750 -disable_hop_rtt_normalization,0.6,500000,3,660,142.107,71.61230515151512,64.607,136.071,142.107,45.5808,81180,3193,0,0,40382,3193,0,0,3.9332347868933235,0.0,3.9332347868933235,0.0
permutation_random,1100,m,reps_no_partition,reps_dfp,reps,,0.6,500000,3,660,73.0109,63.86656681818178,64.4981,71.1238,73.0109,45.2534,81180,2,0,0,29377,2,0,0,0.002463661000246366,0.0,0.002463661000246366,0.0
permutation_random,1100,m,reps_partition,reps_dfp,reps,-reps_partition_entropy -reps_escalate_threshold 0.2 -reps_warmup_explore_rtts 0.5 -reps_explore_prob 70,0.6,500000,3,660,71.9318,61.204086060606116,61.1989,69.2886,71.9318,45.304,81180,4,0,0,26800,4,0,0,0.004927322000492732,0.0,0.004927322000492732,0.0
permutation_random,1100,m,fpar_tuned,fpar,oblivious,-threshold 20750 -disable_hop_rtt_normalization,0.6,500000,4,660,147.023,70.34982803030302,62.9402,137.697,147.023,45.0846,81180,2971,0,0,38845,2971,0,0,3.659768415865977,0.0,3.659768415865977,0.0
permutation_random,1100,m,reps_no_partition,reps_dfp,reps,,0.6,500000,4,660,77.117,64.76842590909096,65.1912,74.7747,77.117,45.1874,81180,3,0,0,29462,3,0,0,0.003695491500369549,0.0,0.003695491500369549,0.0
permutation_random,1100,m,reps_partition,reps_dfp,reps,-reps_partition_entropy -reps_escalate_threshold 0.2 -reps_warmup_explore_rtts 0.5 -reps_explore_prob 70,0.6,500000,4,660,74.7918,61.056775151515126,60.9565,71.4906,74.7918,45.2392,81180,6,0,0,26604,6,0,0,0.007390983000739098,0.0,0.007390983000739098,0.0
permutation_random,1100,m,fpar_tuned,fpar,oblivious,-threshold 20750 -disable_hop_rtt_normalization,0.6,500000,5,660,151.671,71.81930787878792,62.7947,137.216,151.671,45.1176,81180,3510,0,0,39977,3510,0,0,4.323725055432372,0.0,4.323725055432372,0.0
permutation_random,1100,m,reps_no_partition,reps_dfp,reps,,0.6,500000,5,660,75.2456,64.1173890909091,64.8096,74.0354,75.2456,45.1976,81180,4,0,0,29213,4,0,0,0.004927322000492732,0.0,0.004927322000492732,0.0
permutation_random,1100,m,reps_partition,reps_dfp,reps,-reps_partition_entropy -reps_escalate_threshold 0.2 -reps_warmup_explore_rtts 0.5 -reps_explore_prob 70,0.6,500000,5,660,70.8115,60.08619484848488,60.359,67.3888,70.8115,45.2027,81180,0,0,0,26137,0,0,0,0.0,0.0,0.0,0.0
permutation_random,1100,m,fpar_tuned,fpar,oblivious,-threshold 20750 -disable_hop_rtt_normalization,0.6,2000000,1,660,693.981,253.76645151515152,198.208,638.724,693.981,166.851,323400,4321,0,0,182055,4321,0,0,1.3361162646876932,0.0,1.3361162646876932,0.0
permutation_random,1100,m,reps_no_partition,reps_dfp,reps,,0.6,2000000,1,660,222.51,200.76794545454564,203.256,218.01,222.51,166.851,323400,43,0,0,123924,43,0,0,0.013296227581941867,0.0,0.013296227581941867,0.0
permutation_random,1100,m,reps_partition,reps_dfp,reps,-reps_partition_entropy -reps_escalate_threshold 0.2 -reps_warmup_explore_rtts 0.5 -reps_explore_prob 70,0.6,2000000,1,660,224.143,193.34376666666665,194.078,211.604,224.143,166.851,323400,34,0,0,113321,34,0,0,0.010513296227581941,0.0,0.010513296227581941,0.0
permutation_random,1100,m,fpar_tuned,fpar,oblivious,-threshold 20750 -disable_hop_rtt_normalization,0.6,2000000,2,660,655.039,237.45899393939382,197.646,492.503,655.039,166.851,323400,3647,0,0,176386,3647,0,0,1.1277056277056277,0.0,1.1277056277056277,0.0
permutation_random,1100,m,reps_no_partition,reps_dfp,reps,,0.6,2000000,2,660,217.376,200.74161515151496,203.306,213.444,217.376,166.851,323400,3,0,0,123221,3,0,0,0.0009276437847866419,0.0,0.0009276437847866419,0.0
permutation_random,1100,m,reps_partition,reps_dfp,reps,-reps_partition_entropy -reps_escalate_threshold 0.2 -reps_warmup_explore_rtts 0.5 -reps_explore_prob 70,0.6,2000000,2,660,215.626,193.91221060606054,194.805,211.271,215.626,166.851,323400,3,0,0,114599,3,0,0,0.0009276437847866419,0.0,0.0009276437847866419,0.0
permutation_random,1100,m,fpar_tuned,fpar,oblivious,-threshold 20750 -disable_hop_rtt_normalization,0.6,2000000,3,660,539.923,248.93793636363628,200.752,514.823,539.923,168.222,323400,4104,0,0,183389,4104,0,0,1.269016697588126,0.0,1.269016697588126,0.0
permutation_random,1100,m,reps_no_partition,reps_dfp,reps,,0.6,2000000,3,660,223.383,204.01303484848495,205.941,220.66,223.383,167.743,323400,46,0,0,129152,46,0,0,0.01422387136672851,0.0,0.01422387136672851,0.0
permutation_random,1100,m,reps_partition,reps_dfp,reps,-reps_partition_entropy -reps_escalate_threshold 0.2 -reps_warmup_explore_rtts 0.5 -reps_explore_prob 70,0.6,2000000,3,660,222.148,197.74341666666652,199.02,213.926,222.148,167.74,323400,125,0,0,118962,125,0,0,0.03865182436611008,0.0,0.03865182436611008,0.0
permutation_random,1100,m,fpar_tuned,fpar,oblivious,-threshold 20750 -disable_hop_rtt_normalization,0.6,2000000,4,660,674.754,245.53307424242396,199.426,526.275,674.754,167.693,323400,3780,0,0,180245,3780,0,0,1.1688311688311688,0.0,1.1688311688311688,0.0
permutation_random,1100,m,reps_no_partition,reps_dfp,reps,,0.6,2000000,4,660,228.021,204.66095303030306,206.168,223.094,228.021,167.64,323400,86,0,0,128977,86,0,0,0.026592455163883734,0.0,0.026592455163883734,0.0
permutation_random,1100,m,reps_partition,reps_dfp,reps,-reps_partition_entropy -reps_escalate_threshold 0.2 -reps_warmup_explore_rtts 0.5 -reps_explore_prob 70,0.6,2000000,4,660,228.034,197.29395151515146,197.101,220.859,228.034,167.614,323400,33,0,0,120007,33,0,0,0.01020408163265306,0.0,0.01020408163265306,0.0
permutation_random,1100,m,fpar_tuned,fpar,oblivious,-threshold 20750 -disable_hop_rtt_normalization,0.6,2000000,5,660,633.11,252.7118454545455,198.319,549.325,633.11,167.901,323400,4450,0,0,182080,4450,0,0,1.3760049474335188,0.0,1.3760049474335188,0.0
permutation_random,1100,m,reps_no_partition,reps_dfp,reps,,0.6,2000000,5,660,223.43,201.6902378787878,204.138,218.284,223.43,167.801,323400,26,0,0,126591,26,0,0,0.008039579468150896,0.0,0.008039579468150896,0.0
permutation_random,1100,m,reps_partition,reps_dfp,reps,-reps_partition_entropy -reps_escalate_threshold 0.2 -reps_warmup_explore_rtts 0.5 -reps_explore_prob 70,0.6,2000000,5,660,217.986,194.90821666666685,195.907,210.972,217.986,167.941,323400,19,0,0,117351,19,0,0,0.005875077303648732,0.0,0.005875077303648732,0.0
permutation_random,1100,m,fpar_tuned,fpar,oblivious,-threshold 20750 -disable_hop_rtt_normalization,0.6,10000000,1,660,3407.02,1220.0509257575757,933.784,3091.1,3407.02,816.876,1615680,5273,0,0,958483,5273,0,0,0.3263641315111903,0.0,0.3263641315111903,0.0
permutation_random,1100,m,reps_no_partition,reps_dfp,reps,,0.6,10000000,1,660,1123.39,934.8917212121212,940.883,1047.91,1123.39,816.876,1615680,513,0,0,623499,513,0,0,0.031751336898395724,0.0,0.031751336898395724,0.0
permutation_random,1100,m,reps_partition,reps_dfp,reps,-reps_partition_entropy -reps_escalate_threshold 0.2 -reps_warmup_explore_rtts 0.5 -reps_explore_prob 70,0.6,10000000,1,660,1484.72,941.7290424242412,939.21,1194.67,1484.72,816.876,1615680,1263,0,0,629447,1263,0,0,0.07817142008318478,0.0,0.07817142008318478,0.0
permutation_random,1100,m,fpar_tuned,fpar,oblivious,-threshold 20750 -disable_hop_rtt_normalization,0.6,10000000,2,660,3292.5,1143.9901787878791,937.993,2433.72,3292.5,816.876,1615680,4750,0,0,936614,4750,0,0,0.29399386017033075,0.0,0.29399386017033075,0.0
permutation_random,1100,m,reps_no_partition,reps_dfp,reps,,0.6,10000000,2,660,1134.66,935.9265621212118,945.04,995.076,1134.66,816.876,1615680,117,0,0,625860,117,0,0,0.007241532976827094,0.0,0.007241532976827094,0.0
permutation_random,1100,m,reps_partition,reps_dfp,reps,-reps_partition_entropy -reps_escalate_threshold 0.2 -reps_warmup_explore_rtts 0.5 -reps_explore_prob 70,0.6,10000000,2,660,1207.3,942.3422045454548,942.505,1119.68,1207.3,816.876,1615680,395,0,0,640700,395,0,0,0.02444791047732224,0.0,0.02444791047732224,0.0
permutation_random,1100,m,fpar_tuned,fpar,oblivious,-threshold 20750 -disable_hop_rtt_normalization,0.6,10000000,3,660,2684.92,1197.7456803030302,949.854,2512.67,2684.92,822.769,1615680,4919,0,0,969508,4919,0,0,0.3044538522479699,0.0,0.3044538522479699,0.0
permutation_random,1100,m,reps_no_partition,reps_dfp,reps,,0.6,10000000,3,660,1115.66,949.4470015151518,956.764,1040.33,1115.66,821.242,1615680,300,0,0,651251,300,0,0,0.018568033273915627,0.0,0.018568033273915627,0.0
permutation_random,1100,m,reps_partition,reps_dfp,reps,-reps_partition_entropy -reps_escalate_threshold 0.2 -reps_warmup_explore_rtts 0.5 -reps_explore_prob 70,0.6,10000000,3,660,1284.93,959.2899833333329,955.724,1188.7,1284.93,821.584,1615680,1108,0,0,658562,1108,0,0,0.06857793622499504,0.0,0.06857793622499504,0.0
permutation_random,1100,m,fpar_tuned,fpar,oblivious,-threshold 20750 -disable_hop_rtt_normalization,0.6,10000000,4,660,3192.22,1184.827606060607,942.561,2638.79,3192.22,821.0,1615680,4783,0,0,960321,4783,0,0,0.29603634383046146,0.0,0.29603634383046146,0.0
permutation_random,1100,m,reps_no_partition,reps_dfp,reps,,0.6,10000000,4,660,1181.12,950.9696803030303,951.512,1078.27,1181.12,821.492,1615680,363,0,0,650501,363,0,0,0.02246732026143791,0.0,0.02246732026143791,0.0
permutation_random,1100,m,reps_partition,reps_dfp,reps,-reps_partition_entropy -reps_escalate_threshold 0.2 -reps_warmup_explore_rtts 0.5 -reps_explore_prob 70,0.6,10000000,4,660,1409.39,959.750042424244,952.813,1175.17,1409.39,821.32,1615680,738,0,0,662320,738,0,0,0.04567736185383244,0.0,0.04567736185383244,0.0
permutation_random,1100,m,fpar_tuned,fpar,oblivious,-threshold 20750 -disable_hop_rtt_normalization,0.6,10000000,5,660,3204.55,1213.9088257575759,939.206,2825.08,3204.55,822.091,1615680,5356,0,0,958667,5356,0,0,0.3315012873836403,0.0,0.3315012873836403,0.0
permutation_random,1100,m,reps_no_partition,reps_dfp,reps,,0.6,10000000,5,660,1083.91,939.3691363636369,947.199,1031.27,1083.91,821.958,1615680,137,0,0,638624,137,0,0,0.008479401861754802,0.0,0.008479401861754802,0.0
permutation_random,1100,m,reps_partition,reps_dfp,reps,-reps_partition_entropy -reps_escalate_threshold 0.2 -reps_warmup_explore_rtts 0.5 -reps_explore_prob 70,0.6,10000000,5,660,1312.21,947.872378787879,945.962,1146.13,1312.21,821.818,1615680,788,0,0,652026,788,0,0,0.048772034066151715,0.0,0.048772034066151715,0.0
permutation_random,1100,m,fpar_tuned,fpar,oblivious,-threshold 20750 -disable_hop_rtt_normalization,0.7,100000,1,770,43.2989,24.402341168831196,22.977,39.3934,43.2989,12.4702,19250,35,0,0,6684,35,0,0,0.18181818181818182,0.0,0.18181818181818182,0.0
permutation_random,1100,m,reps_no_partition,reps_dfp,reps,,0.7,100000,1,770,29.961,24.59851311688311,24.9776,29.2787,29.961,12.4702,19250,0,0,0,6004,0,0,0,0.0,0.0,0.0,0.0
permutation_random,1100,m,reps_partition,reps_dfp,reps,-reps_partition_entropy -reps_escalate_threshold 0.2 -reps_warmup_explore_rtts 0.5 -reps_explore_prob 70,0.7,100000,1,770,31.0082,24.624919610389604,24.9696,30.007,31.0082,12.4702,19250,0,0,0,6020,0,0,0,0.0,0.0,0.0,0.0
permutation_random,1100,m,fpar_tuned,fpar,oblivious,-threshold 20750 -disable_hop_rtt_normalization,0.7,100000,2,770,38.2654,23.821413766233785,22.821,34.5816,38.2654,12.4702,19250,0,0,0,6460,0,0,0,0.0,0.0,0.0,0.0
permutation_random,1100,m,reps_no_partition,reps_dfp,reps,,0.7,100000,2,770,29.8374,24.645594415584398,25.1296,28.6427,29.8374,12.4702,19250,0,0,0,6011,0,0,0,0.0,0.0,0.0,0.0
permutation_random,1100,m,reps_partition,reps_dfp,reps,-reps_partition_entropy -reps_escalate_threshold 0.2 -reps_warmup_explore_rtts 0.5 -reps_explore_prob 70,0.7,100000,2,770,33.1334,24.708407662337674,25.0003,30.8054,33.1334,12.4702,19250,0,0,0,6048,0,0,0,0.0,0.0,0.0,0.0
permutation_random,1100,m,fpar_tuned,fpar,oblivious,-threshold 20750 -disable_hop_rtt_normalization,0.7,100000,3,770,40.951,24.010005584415588,22.6501,37.2427,40.951,12.4702,19250,13,0,0,6568,13,0,0,0.06753246753246753,0.0,0.06753246753246753,0.0
permutation_random,1100,m,reps_no_partition,reps_dfp,reps,,0.7,100000,3,770,30.7901,25.164046883116878,25.4718,28.9563,30.7901,12.4702,19250,0,0,0,6033,0,0,0,0.0,0.0,0.0,0.0
permutation_random,1100,m,reps_partition,reps_dfp,reps,-reps_partition_entropy -reps_escalate_threshold 0.2 -reps_warmup_explore_rtts 0.5 -reps_explore_prob 70,0.7,100000,3,770,31.965,25.0456031168831,25.317,29.7736,31.965,12.4702,19250,0,0,0,6075,0,0,0,0.0,0.0,0.0,0.0
permutation_random,1100,m,fpar_tuned,fpar,oblivious,-threshold 20750 -disable_hop_rtt_normalization,0.7,100000,4,770,42.6093,23.921524545454535,22.817,33.8816,42.6093,12.4702,19250,14,0,0,6477,14,0,0,0.07272727272727272,0.0,0.07272727272727272,0.0
permutation_random,1100,m,reps_no_partition,reps_dfp,reps,,0.7,100000,4,770,31.6027,25.14834233766231,25.4627,30.1403,31.6027,12.4702,19250,0,0,0,6098,0,0,0,0.0,0.0,0.0,0.0
permutation_random,1100,m,reps_partition,reps_dfp,reps,-reps_partition_entropy -reps_escalate_threshold 0.2 -reps_warmup_explore_rtts 0.5 -reps_explore_prob 70,0.7,100000,4,770,30.4496,24.84529740259744,25.141,29.321,30.4496,12.4702,19250,0,0,0,6042,0,0,0,0.0,0.0,0.0,0.0
permutation_random,1100,m,fpar_tuned,fpar,oblivious,-threshold 20750 -disable_hop_rtt_normalization,0.7,100000,5,770,43.9646,24.19717363636361,22.8016,37.8896,43.9646,12.4754,19250,20,0,0,6670,20,0,0,0.1038961038961039,0.0,0.1038961038961039,0.0
permutation_random,1100,m,reps_no_partition,reps_dfp,reps,,0.7,100000,5,770,30.5958,24.80540051948053,25.1603,29.6256,30.5958,12.4754,19250,0,0,0,6041,0,0,0,0.0,0.0,0.0,0.0
permutation_random,1100,m,reps_partition,reps_dfp,reps,-reps_partition_entropy -reps_escalate_threshold 0.2 -reps_warmup_explore_rtts 0.5 -reps_explore_prob 70,0.7,100000,5,770,31.3094,24.646049610389618,24.969,29.6323,31.3094,12.4702,19250,0,0,0,6051,0,0,0,0.0,0.0,0.0,0.0
permutation_random,1100,m,fpar_tuned,fpar,oblivious,-threshold 20750 -disable_hop_rtt_normalization,0.7,500000,1,770,173.75,74.04466155844155,65.923,156.083,173.75,45.0795,94710,4412,0,0,48629,4412,0,0,4.6584309998944144,0.0,4.6584309998944144,0.0
permutation_random,1100,m,reps_no_partition,reps_dfp,reps,,0.7,500000,1,770,81.075,68.47872584415587,69.9472,77.4261,81.075,45.0898,94710,15,0,0,40168,15,0,0,0.015837820715869498,0.0,0.015837820715869498,0.0
permutation_random,1100,m,reps_partition,reps_dfp,reps,-reps_partition_entropy -reps_escalate_threshold 0.2 -reps_warmup_explore_rtts 0.5 -reps_explore_prob 70,0.7,500000,1,770,74.1246,63.968849350649315,64.9077,72.1437,74.1246,45.0898,94710,36,0,0,34876,36,0,0,0.03801076971808679,0.0,0.03801076971808679,0.0
permutation_random,1100,m,fpar_tuned,fpar,oblivious,-threshold 20750 -disable_hop_rtt_normalization,0.7,500000,2,770,167.773,71.42612181818181,64.9912,129.133,167.773,45.1205,94710,3796,0,0,47237,3796,0,0,4.008024495829374,0.0,4.008024495829374,0.0
permutation_random,1100,m,reps_no_partition,reps_dfp,reps,,0.7,500000,2,770,78.9112,69.06014285714294,70.6886,77.6629,78.9112,45.1205,94710,40,0,0,40456,40,0,0,0.04223418857565199,0.0,0.04223418857565199,0.0
permutation_random,1100,m,reps_partition,reps_dfp,reps,-reps_partition_entropy -reps_escalate_threshold 0.2 -reps_warmup_explore_rtts 0.5 -reps_explore_prob 70,0.7,500000,2,770,75.9098,63.87171285714289,64.8056,72.9931,75.9098,45.0846,94710,7,0,0,34925,7,0,0,0.007390983000739098,0.0,0.007390983000739098,0.0
permutation_random,1100,m,fpar_tuned,fpar,oblivious,-threshold 20750 -disable_hop_rtt_normalization,0.7,500000,3,770,156.591,72.73935714285717,65.9829,136.313,156.591,45.3267,94710,4081,0,0,48199,4081,0,0,4.308943089430894,0.0,4.308943089430894,0.0
permutation_random,1100,m,reps_no_partition,reps_dfp,reps,,0.7,500000,3,770,81.3344,70.01192272727268,71.1227,79.6704,81.3344,45.1256,94710,52,0,0,43153,52,0,0,0.05490444514834759,0.0,0.05490444514834759,0.0
permutation_random,1100,m,reps_partition,reps_dfp,reps,-reps_partition_entropy -reps_escalate_threshold 0.2 -reps_warmup_explore_rtts 0.5 -reps_explore_prob 70,0.7,500000,3,770,77.8347,65.79513207792209,66.4861,75.0285,77.8347,45.2272,94710,18,0,0,36673,18,0,0,0.019005384859043396,0.0,0.019005384859043396,0.0
permutation_random,1100,m,fpar_tuned,fpar,oblivious,-threshold 20750 -disable_hop_rtt_normalization,0.7,500000,4,770,179.544,72.43150805194804,66.249,128.365,179.544,45.187,94710,3860,0,0,47880,3860,0,0,4.075599197550417,0.0,4.075599197550417,0.0
permutation_random,1100,m,reps_no_partition,reps_dfp,reps,,0.7,500000,4,770,79.6822,69.76550376623378,71.1534,78.4187,79.6822,45.1142,94710,71,0,0,41845,71,0,0,0.07496568472178228,0.0,0.07496568472178228,0.0
permutation_random,1100,m,reps_partition,reps_dfp,reps,-reps_partition_entropy -reps_escalate_threshold 0.2 -reps_warmup_explore_rtts 0.5 -reps_explore_prob 70,0.7,500000,4,770,75.1232,64.94820948051945,65.7142,74.4592,75.1232,45.1102,94710,3,0,0,35456,3,0,0,0.0031675641431738993,0.0,0.0031675641431738993,0.0
permutation_random,1100,m,fpar_tuned,fpar,oblivious,-threshold 20750 -disable_hop_rtt_normalization,0.7,500000,5,770,169.092,73.87593766233766,65.7275,143.21,169.092,45.1614,94710,4504,0,0,48809,4504,0,0,4.755569633618414,0.0,4.755569633618414,0.0
permutation_random,1100,m,reps_no_partition,reps_dfp,reps,,0.7,500000,5,770,78.0499,68.29036142857142,69.7534,77.1642,78.0499,45.5325,94710,33,0,0,40329,33,0,0,0.03484320557491289,0.0,0.03484320557491289,0.0
permutation_random,1100,m,reps_partition,reps_dfp,reps,-reps_partition_entropy -reps_escalate_threshold 0.2 -reps_warmup_explore_rtts 0.5 -reps_explore_prob 70,0.7,500000,5,770,76.7141,64.42589987012985,65.1942,73.7144,76.7141,45.3677,94710,7,0,0,35114,7,0,0,0.007390983000739098,0.0,0.007390983000739098,0.0
permutation_random,1100,m,fpar_tuned,fpar,oblivious,-threshold 20750 -disable_hop_rtt_normalization,0.7,2000000,1,770,694.79,262.45855844155864,208.556,629.37,694.79,167.621,377300,5969,0,0,221784,5969,0,0,1.5820302146832759,0.0,1.5820302146832759,0.0
permutation_random,1100,m,reps_no_partition,reps_dfp,reps,,0.7,2000000,1,770,270.385,218.69121298701305,222.508,242.604,270.385,167.773,377300,377,0,0,183290,377,0,0,0.09992048767558971,0.0,0.09992048767558971,0.0
permutation_random,1100,m,reps_partition,reps_dfp,reps,-reps_partition_entropy -reps_escalate_threshold 0.2 -reps_warmup_explore_rtts 0.5 -reps_explore_prob 70,0.7,2000000,1,770,271.058,214.12490129870136,217.242,243.082,271.058,167.716,377300,688,0,0,174109,688,0,0,0.18234826398091705,0.0,0.18234826398091705,0.0
permutation_random,1100,m,fpar_tuned,fpar,oblivious,-threshold 20750 -disable_hop_rtt_normalization,0.7,2000000,2,770,650.193,248.21826363636373,204.595,519.425,650.193,167.471,377300,5079,0,0,212554,5079,0,0,1.3461436522661012,0.0,1.3461436522661012,0.0
permutation_random,1100,m,reps_no_partition,reps_dfp,reps,,0.7,2000000,2,770,269.546,220.0078103896102,224.485,240.28,269.546,167.465,377300,461,0,0,185545,461,0,0,0.12218393851046912,0.0,0.12218393851046912,0.0
permutation_random,1100,m,reps_partition,reps_dfp,reps,-reps_partition_entropy -reps_escalate_threshold 0.2 -reps_warmup_explore_rtts 0.5 -reps_explore_prob 70,0.7,2000000,2,770,275.142,215.0733246753245,218.915,239.076,275.142,167.471,377300,560,0,0,176469,560,0,0,0.14842300556586271,0.0,0.14842300556586271,0.0
permutation_random,1100,m,fpar_tuned,fpar,oblivious,-threshold 20750 -disable_hop_rtt_normalization,0.7,2000000,3,770,656.513,253.91299870129856,205.402,519.948,656.513,168.018,377300,5449,0,0,217977,5449,0,0,1.4442088523721177,0.0,1.4442088523721177,0.0
permutation_random,1100,m,reps_no_partition,reps_dfp,reps,,0.7,2000000,3,770,287.075,223.23487012986996,225.952,261.901,287.075,167.913,377300,460,0,0,197259,460,0,0,0.12191889742910152,0.0,0.12191889742910152,0.0
permutation_random,1100,m,reps_partition,reps_dfp,reps,-reps_partition_entropy -reps_escalate_threshold 0.2 -reps_warmup_explore_rtts 0.5 -reps_explore_prob 70,0.7,2000000,3,770,293.308,219.70589480519487,222.423,257.719,293.308,167.78,377300,1003,0,0,185356,1003,0,0,0.2658362046117148,0.0,0.2658362046117148,0.0
permutation_random,1100,m,fpar_tuned,fpar,oblivious,-threshold 20750 -disable_hop_rtt_normalization,0.7,2000000,4,770,659.977,256.32288311688313,208.553,594.273,659.977,167.706,377300,5274,0,0,222333,5274,0,0,1.3978266631327856,0.0,1.3978266631327856,0.0
permutation_random,1100,m,reps_no_partition,reps_dfp,reps,,0.7,2000000,4,770,290.769,222.01042597402582,225.393,257.037,290.769,167.874,377300,499,0,0,191205,499,0,0,0.13225549960243838,0.0,0.13225549960243838,0.0
permutation_random,1100,m,reps_partition,reps_dfp,reps,-reps_partition_entropy -reps_escalate_threshold 0.2 -reps_warmup_explore_rtts 0.5 -reps_explore_prob 70,0.7,2000000,4,770,292.564,217.5952909090908,220.185,255.302,292.564,167.908,377300,818,0,0,179987,818,0,0,0.2168036045587066,0.0,0.2168036045587066,0.0
permutation_random,1100,m,fpar_tuned,fpar,oblivious,-threshold 20750 -disable_hop_rtt_normalization,0.7,2000000,5,770,734.034,260.9937389610391,207.06,623.719,734.034,167.89,377300,5661,0,0,220162,5661,0,0,1.5003975616220515,0.0,1.5003975616220515,0.0
permutation_random,1100,m,reps_no_partition,reps_dfp,reps,,0.7,2000000,5,770,259.016,218.60381428571398,222.518,242.817,259.016,168.192,377300,227,0,0,185794,227,0,0,0.06016432547044792,0.0,0.06016432547044792,0.0
permutation_random,1100,m,reps_partition,reps_dfp,reps,-reps_partition_entropy -reps_escalate_threshold 0.2 -reps_warmup_explore_rtts 0.5 -reps_explore_prob 70,0.7,2000000,5,770,280.729,214.82150519480533,218.205,249.208,280.729,168.051,377300,456,0,0,177139,456,0,0,0.12085873310363106,0.0,0.12085873310363106,0.0
permutation_random,1100,m,fpar_tuned,fpar,oblivious,-threshold 20750 -disable_hop_rtt_normalization,0.7,10000000,1,770,3381.03,1264.86695974026,999.396,3134.69,3381.03,820.61,1884960,7147,0,0,1153086,7147,0,0,0.3791592394533571,0.0,0.3791592394533571,0.0
permutation_random,1100,m,reps_no_partition,reps_dfp,reps,,0.7,10000000,1,770,1436.0,1019.5840935064932,1016.25,1264.17,1436.0,821.563,1884960,1023,0,0,869161,1023,0,0,0.05427170868347339,0.0,0.05427170868347339,0.0
permutation_random,1100,m,reps_partition,reps_dfp,reps,-reps_partition_entropy -reps_escalate_threshold 0.2 -reps_warmup_explore_rtts 0.5 -reps_explore_prob 70,0.7,10000000,1,770,1529.94,1031.324755844157,1016.87,1364.92,1529.94,821.919,1884960,1753,0,0,863594,1753,0,0,0.09299932094049741,0.0,0.09299932094049741,0.0
permutation_random,1100,m,fpar_tuned,fpar,oblivious,-threshold 20750 -disable_hop_rtt_normalization,0.7,10000000,2,770,3296.01,1198.0953818181813,975.671,2537.99,3296.01,820.016,1884960,6427,0,0,1127453,6427,0,0,0.34096214243273065,0.0,0.34096214243273065,0.0
permutation_random,1100,m,reps_no_partition,reps_dfp,reps,,0.7,10000000,2,770,1455.22,1025.410171428572,1027.08,1253.71,1455.22,819.994,1884960,1031,0,0,881758,1031,0,0,0.05469612087259146,0.0,0.05469612087259146,0.0
permutation_random,1100,m,reps_partition,reps_dfp,reps,-reps_partition_entropy -reps_escalate_threshold 0.2 -reps_warmup_explore_rtts 0.5 -reps_explore_prob 70,0.7,10000000,2,770,1454.59,1036.1061025974027,1029.31,1309.89,1454.59,819.999,1884960,1315,0,0,874075,1315,0,0,0.06976275358628299,0.0,0.06976275358628299,0.0
permutation_random,1100,m,fpar_tuned,fpar,oblivious,-threshold 20750 -disable_hop_rtt_normalization,0.7,10000000,3,770,3336.43,1227.814567532468,974.21,2647.14,3336.43,821.76,1884960,6588,0,0,1154799,6588,0,0,0.3495034377387319,0.0,0.3495034377387319,0.0
permutation_random,1100,m,reps_no_partition,reps_dfp,reps,,0.7,10000000,3,770,1385.6,1040.6302636363632,1031.71,1292.35,1385.6,821.737,1884960,906,0,0,913612,906,0,0,0.048064680417621596,0.0,0.048064680417621596,0.0
permutation_random,1100,m,reps_partition,reps_dfp,reps,-reps_partition_entropy -reps_escalate_threshold 0.2 -reps_warmup_explore_rtts 0.5 -reps_explore_prob 70,0.7,10000000,3,770,1444.27,1054.5654142857147,1037.64,1347.35,1444.27,821.635,1884960,1880,0,0,884863,1880,0,0,0.09973686444274679,0.0,0.09973686444274679,0.0
permutation_random,1100,m,fpar_tuned,fpar,oblivious,-threshold 20750 -disable_hop_rtt_normalization,0.7,10000000,4,770,3249.35,1235.5738610389612,1001.97,2876.02,3249.35,819.84,1884960,6622,0,0,1170744,6622,0,0,0.35130718954248363,0.0,0.35130718954248363,0.0
permutation_random,1100,m,reps_no_partition,reps_dfp,reps,,0.7,10000000,4,770,1404.89,1037.3105532467516,1027.16,1311.79,1404.89,821.722,1884960,1007,0,0,890863,1007,0,0,0.05342288430523725,0.0,0.05342288430523725,0.0
permutation_random,1100,m,reps_partition,reps_dfp,reps,-reps_partition_entropy -reps_escalate_threshold 0.2 -reps_warmup_explore_rtts 0.5 -reps_explore_prob 70,0.7,10000000,4,770,1460.48,1045.4137480519478,1029.42,1357.04,1460.48,821.074,1884960,1577,0,0,877536,1577,0,0,0.08366225277989985,0.0,0.08366225277989985,0.0
permutation_random,1100,m,fpar_tuned,fpar,oblivious,-threshold 20750 -disable_hop_rtt_normalization,0.7,10000000,5,770,3781.36,1258.0952545454554,971.553,3116.15,3781.36,821.374,1884960,6750,0,0,1156363,6750,0,0,0.3580977845683728,0.0,0.3580977845683728,0.0
permutation_random,1100,m,reps_no_partition,reps_dfp,reps,,0.7,10000000,5,770,1329.84,1019.6824480519474,1021.04,1266.06,1329.84,822.372,1884960,431,0,0,885744,431,0,0,0.022865206688736102,0.0,0.022865206688736102,0.0
permutation_random,1100,m,reps_partition,reps_dfp,reps,-reps_partition_entropy -reps_escalate_threshold 0.2 -reps_warmup_explore_rtts 0.5 -reps_explore_prob 70,0.7,10000000,5,770,1496.04,1033.0738662337662,1023.05,1315.61,1496.04,822.229,1884960,1527,0,0,868904,1527,0,0,0.08100967659791189,0.0,0.08100967659791189,0.0
permutation_random,1100,m,fpar_tuned,fpar,oblivious,-threshold 20750 -disable_hop_rtt_normalization,0.8,100000,1,880,43.4538,24.623441590909092,23.4861,40.4624,43.4538,12.4702,22000,34,0,0,7611,34,0,0,0.15454545454545454,0.0,0.15454545454545454,0.0
permutation_random,1100,m,reps_no_partition,reps_dfp,reps,,0.8,100000,1,880,31.5144,25.833187954545455,26.3261,30.4427,31.5144,12.4702,22000,0,0,0,7038,0,0,0,0.0,0.0,0.0,0.0
permutation_random,1100,m,reps_partition,reps_dfp,reps,-reps_partition_entropy -reps_escalate_threshold 0.2 -reps_warmup_explore_rtts 0.5 -reps_explore_prob 70,0.8,100000,1,880,31.3112,25.666043409090936,26.2816,30.3163,31.3112,12.4702,22000,0,0,0,7059,0,0,0,0.0,0.0,0.0,0.0
permutation_random,1100,m,fpar_tuned,fpar,oblivious,-threshold 20750 -disable_hop_rtt_normalization,0.8,100000,2,880,39.1048,24.395336477272725,23.4656,34.1146,39.1048,12.4702,22000,3,0,0,7458,3,0,0,0.013636363636363636,0.0,0.013636363636363636,0.0
permutation_random,1100,m,reps_no_partition,reps_dfp,reps,,0.8,100000,2,880,31.8208,25.909686363636357,26.4536,30.9882,31.8208,12.4702,22000,0,0,0,7053,0,0,0,0.0,0.0,0.0,0.0
permutation_random,1100,m,reps_partition,reps_dfp,reps,-reps_partition_entropy -reps_escalate_threshold 0.2 -reps_warmup_explore_rtts 0.5 -reps_explore_prob 70,0.8,100000,2,880,34.4915,25.866645227272723,26.2856,32.8248,34.4915,12.4702,22000,0,0,0,7103,0,0,0,0.0,0.0,0.0,0.0
permutation_random,1100,m,fpar_tuned,fpar,oblivious,-threshold 20750 -disable_hop_rtt_normalization,0.8,100000,3,880,40.7688,24.383360000000028,23.3061,36.0867,40.7688,12.6411,22000,11,0,0,7448,11,0,0,0.05,0.0,0.05,0.0
permutation_random,1100,m,reps_no_partition,reps_dfp,reps,,0.8,100000,3,880,31.7696,26.362939431818166,26.7896,30.6061,31.7696,12.4702,22000,0,0,0,7102,0,0,0,0.0,0.0,0.0,0.0
permutation_random,1100,m,reps_partition,reps_dfp,reps,-reps_partition_entropy -reps_escalate_threshold 0.2 -reps_warmup_explore_rtts 0.5 -reps_explore_prob 70,0.8,100000,3,880,32.2816,26.057486136363668,26.3107,31.1528,32.2816,12.4754,22000,0,0,0,7106,0,0,0,0.0,0.0,0.0,0.0
permutation_random,1100,m,fpar_tuned,fpar,oblivious,-threshold 20750 -disable_hop_rtt_normalization,0.8,100000,4,880,41.2506,24.44240136363633,23.6376,35.4176,41.2506,12.6411,22000,8,0,0,7410,8,0,0,0.03636363636363636,0.0,0.03636363636363636,0.0
permutation_random,1100,m,reps_no_partition,reps_dfp,reps,,0.8,100000,4,880,32.2867,26.214955681818232,26.6256,30.945,32.2867,12.4702,22000,0,0,0,7075,0,0,0,0.0,0.0,0.0,0.0
permutation_random,1100,m,reps_partition,reps_dfp,reps,-reps_partition_entropy -reps_escalate_threshold 0.2 -reps_warmup_explore_rtts 0.5 -reps_explore_prob 70,0.8,100000,4,880,31.965,25.987571250000023,26.3181,30.7627,31.965,12.4702,22000,0,0,0,7103,0,0,0,0.0,0.0,0.0,0.0
permutation_random,1100,m,fpar_tuned,fpar,oblivious,-threshold 20750 -disable_hop_rtt_normalization,0.8,100000,5,880,46.4896,24.97860738636362,23.4707,42.0016,46.4896,12.4754,22000,62,0,0,7861,62,0,0,0.2818181818181818,0.0,0.2818181818181818,0.0
permutation_random,1100,m,reps_no_partition,reps_dfp,reps,,0.8,100000,5,880,33.121,25.858727499999997,26.297,30.9576,33.121,12.6411,22000,0,0,0,7039,0,0,0,0.0,0.0,0.0,0.0
permutation_random,1100,m,reps_partition,reps_dfp,reps,-reps_partition_entropy -reps_escalate_threshold 0.2 -reps_warmup_explore_rtts 0.5 -reps_explore_prob 70,0.8,100000,5,880,31.6523,25.694193181818193,26.1318,30.6643,31.6523,12.4754,22000,0,0,0,7044,0,0,0,0.0,0.0,0.0,0.0
permutation_random,1100,m,fpar_tuned,fpar,oblivious,-threshold 20750 -disable_hop_rtt_normalization,0.8,500000,1,880,197.903,75.1747661363636,67.8558,138.601,197.903,45.0744,108240,5485,0,0,56562,5485,0,0,5.067442719881744,0.0,5.067442719881744,0.0
permutation_random,1100,m,reps_no_partition,reps_dfp,reps,,0.8,500000,1,880,85.5082,74.39905159090902,76.751,83.3302,85.5082,45.0744,108240,154,0,0,58456,154,0,0,0.14227642276422764,0.0,0.14227642276422764,0.0
permutation_random,1100,m,reps_partition,reps_dfp,reps,-reps_partition_entropy -reps_escalate_threshold 0.2 -reps_warmup_explore_rtts 0.5 -reps_explore_prob 70,0.8,500000,1,880,80.5547,69.68489761363638,71.3696,79.7854,80.5547,45.0949,108240,93,0,0,48199,93,0,0,0.08592017738359202,0.0,0.08592017738359202,0.0
permutation_random,1100,m,fpar_tuned,fpar,oblivious,-threshold 20750 -disable_hop_rtt_normalization,0.8,500000,2,880,162.711,73.26518477272732,67.6987,123.26,162.711,45.1205,108240,4761,0,0,55583,4761,0,0,4.398558758314856,0.0,4.398558758314856,0.0
permutation_random,1100,m,reps_no_partition,reps_dfp,reps,,0.8,500000,2,880,85.8952,75.0482862500001,77.1467,83.605,85.8952,45.1205,108240,224,0,0,59034,224,0,0,0.20694752402069475,0.0,0.20694752402069475,0.0
permutation_random,1100,m,reps_partition,reps_dfp,reps,-reps_partition_entropy -reps_escalate_threshold 0.2 -reps_warmup_explore_rtts 0.5 -reps_explore_prob 70,0.8,500000,2,880,80.2653,70.09118261363636,71.5856,78.4235,80.2653,45.1154,108240,131,0,0,49074,131,0,0,0.12102734663710274,0.0,0.12102734663710274,0.0
permutation_random,1100,m,fpar_tuned,fpar,oblivious,-threshold 20750 -disable_hop_rtt_normalization,0.8,500000,3,880,156.612,73.65963977272726,67.8413,134.877,156.612,45.3318,108240,4619,0,0,55535,4619,0,0,4.267368810051737,0.0,4.267368810051737,0.0
permutation_random,1100,m,reps_no_partition,reps_dfp,reps,,0.8,500000,3,880,86.9645,76.21221954545457,78.2202,84.7798,86.9645,45.2336,108240,117,0,0,62250,117,0,0,0.10809312638580931,0.0,0.10809312638580931,0.0
permutation_random,1100,m,reps_partition,reps_dfp,reps,-reps_partition_entropy -reps_escalate_threshold 0.2 -reps_warmup_explore_rtts 0.5 -reps_explore_prob 70,0.8,500000,3,880,82.5238,71.12202079545453,72.2302,80.7381,82.5238,45.1358,108240,157,0,0,50416,157,0,0,0.1450480413895048,0.0,0.1450480413895048,0.0
permutation_random,1100,m,fpar_tuned,fpar,oblivious,-threshold 20750 -disable_hop_rtt_normalization,0.8,500000,4,880,172.638,74.28095636363634,69.037,124.271,172.638,45.1461,108240,4776,0,0,56836,4776,0,0,4.412416851441241,0.0,4.412416851441241,0.0
permutation_random,1100,m,reps_no_partition,reps_dfp,reps,,0.8,500000,4,880,86.4075,76.18781965909095,78.4534,84.0653,86.4075,45.1914,108240,272,0,0,60881,272,0,0,0.25129342202512933,0.0,0.25129342202512933,0.0
permutation_random,1100,m,reps_partition,reps_dfp,reps,-reps_partition_entropy -reps_escalate_threshold 0.2 -reps_warmup_explore_rtts 0.5 -reps_explore_prob 70,0.8,500000,4,880,79.4342,70.43996147727272,71.7878,78.5269,79.4342,45.2227,108240,82,0,0,49701,82,0,0,0.07575757575757576,0.0,0.07575757575757576,0.0
permutation_random,1100,m,fpar_tuned,fpar,oblivious,-threshold 20750 -disable_hop_rtt_normalization,0.8,500000,5,880,178.984,76.94251079545454,68.4445,153.421,178.984,45.157,108240,5961,0,0,58367,5961,0,0,5.50720620842572,0.0,5.50720620842572,0.0
permutation_random,1100,m,reps_no_partition,reps_dfp,reps,,0.8,500000,5,880,86.6994,74.77230909090903,77.0398,84.7022,86.6994,45.1822,108240,145,0,0,58117,145,0,0,0.13396156688839617,0.0,0.13396156688839617,0.0
permutation_random,1100,m,reps_partition,reps_dfp,reps,-reps_partition_entropy -reps_escalate_threshold 0.2 -reps_warmup_explore_rtts 0.5 -reps_explore_prob 70,0.8,500000,5,880,81.1997,69.65587147727271,70.9318,79.7131,81.1997,45.4638,108240,95,0,0,48109,95,0,0,0.08776792313377679,0.0,0.08776792313377679,0.0
permutation_random,1100,m,fpar_tuned,fpar,oblivious,-threshold 20750 -disable_hop_rtt_normalization,0.8,2000000,1,880,713.235,268.8643840909094,217.768,627.04,713.235,167.739,431200,7400,0,0,254154,7400,0,0,1.7161410018552876,0.0,1.7161410018552876,0.0
permutation_random,1100,m,reps_no_partition,reps_dfp,reps,,0.8,2000000,1,880,391.65,237.59176590909092,236.895,313.767,391.65,168.01,431200,665,0,0,252016,665,0,0,0.15422077922077923,0.0,0.15422077922077923,0.0
permutation_random,1100,m,reps_partition,reps_dfp,reps,-reps_partition_entropy -reps_escalate_threshold 0.2 -reps_warmup_explore_rtts 0.5 -reps_explore_prob 70,0.8,2000000,1,880,407.825,235.6658318181817,232.94,325.972,407.825,167.931,431200,1329,0,0,237886,1329,0,0,0.3082096474953618,0.0,0.3082096474953618,0.0
permutation_random,1100,m,fpar_tuned,fpar,oblivious,-threshold 20750 -disable_hop_rtt_normalization,0.8,2000000,2,880,668.464,257.6702272727272,212.788,513.935,668.464,167.765,431200,6547,0,0,249732,6547,0,0,1.5183209647495362,0.0,1.5183209647495362,0.0
permutation_random,1100,m,reps_no_partition,reps_dfp,reps,,0.8,2000000,2,880,375.707,240.68588409090887,238.69,323.206,375.707,167.993,431200,920,0,0,252261,920,0,0,0.21335807050092764,0.0,0.21335807050092764,0.0
permutation_random,1100,m,reps_partition,reps_dfp,reps,-reps_partition_entropy -reps_escalate_threshold 0.2 -reps_warmup_explore_rtts 0.5 -reps_explore_prob 70,0.8,2000000,2,880,397.393,238.01626136363637,234.932,328.711,397.393,167.901,431200,1411,0,0,240266,1411,0,0,0.32722634508348797,0.0,0.32722634508348797,0.0
permutation_random,1100,m,fpar_tuned,fpar,oblivious,-threshold 20750 -disable_hop_rtt_normalization,0.8,2000000,3,880,652.856,258.4186750000001,215.169,516.356,652.856,168.017,431200,6751,0,0,249995,6751,0,0,1.565630797773655,0.0,1.565630797773655,0.0
permutation_random,1100,m,reps_no_partition,reps_dfp,reps,,0.8,2000000,3,880,410.101,244.47479204545462,241.475,331.232,410.101,168.013,431200,794,0,0,260242,794,0,0,0.1841372912801484,0.0,0.1841372912801484,0.0
permutation_random,1100,m,reps_partition,reps_dfp,reps,-reps_partition_entropy -reps_escalate_threshold 0.2 -reps_warmup_explore_rtts 0.5 -reps_explore_prob 70,0.8,2000000,3,880,371.829,241.97313409090893,238.115,331.864,371.829,168.173,431200,1658,0,0,246560,1658,0,0,0.3845083487940631,0.0,0.3845083487940631,0.0
permutation_random,1100,m,fpar_tuned,fpar,oblivious,-threshold 20750 -disable_hop_rtt_normalization,0.8,2000000,4,880,656.859,264.5306306818181,226.659,553.054,656.859,168.079,431200,6863,0,0,259016,6863,0,0,1.591604823747681,0.0,1.591604823747681,0.0
permutation_random,1100,m,reps_no_partition,reps_dfp,reps,,0.8,2000000,4,880,382.847,243.11258750000036,239.617,331.444,382.847,168.044,431200,948,0,0,256468,948,0,0,0.21985157699443414,0.0,0.21985157699443414,0.0
permutation_random,1100,m,reps_partition,reps_dfp,reps,-reps_partition_entropy -reps_escalate_threshold 0.2 -reps_warmup_explore_rtts 0.5 -reps_explore_prob 70,0.8,2000000,4,880,370.375,239.91013181818175,236.677,330.392,370.375,167.957,431200,1379,0,0,246978,1379,0,0,0.3198051948051948,0.0,0.3198051948051948,0.0
permutation_random,1100,m,fpar_tuned,fpar,oblivious,-threshold 20750 -disable_hop_rtt_normalization,0.8,2000000,5,880,801.888,273.1758352272726,219.579,655.974,801.888,167.865,431200,7797,0,0,260497,7797,0,0,1.8082096474953617,0.0,1.8082096474953617,0.0
permutation_random,1100,m,reps_no_partition,reps_dfp,reps,,0.8,2000000,5,880,364.59,238.37252386363656,237.217,327.35,364.59,168.243,431200,530,0,0,254593,530,0,0,0.12291280148423006,0.0,0.12291280148423006,0.0
permutation_random,1100,m,reps_partition,reps_dfp,reps,-reps_partition_entropy -reps_escalate_threshold 0.2 -reps_warmup_explore_rtts 0.5 -reps_explore_prob 70,0.8,2000000,5,880,350.712,236.43790568181822,234.705,324.284,350.712,168.164,431200,1489,0,0,239911,1489,0,0,0.34531539888682744,0.0,0.34531539888682744,0.0
permutation_random,1100,m,fpar_tuned,fpar,oblivious,-threshold 20750 -disable_hop_rtt_normalization,0.8,10000000,1,880,3600.05,1299.5543511363637,1047.72,3110.55,3600.05,821.168,2154240,9259,0,0,1342134,9259,0,0,0.42980355020796196,0.0,0.42980355020796196,0.0
permutation_random,1100,m,reps_no_partition,reps_dfp,reps,,0.8,10000000,1,880,1707.24,1109.3613034090909,1110.29,1431.34,1707.24,821.095,2154240,1110,0,0,1129319,1110,0,0,0.05152629233511587,0.0,0.05152629233511587,0.0
permutation_random,1100,m,reps_partition,reps_dfp,reps,-reps_partition_entropy -reps_escalate_threshold 0.2 -reps_warmup_explore_rtts 0.5 -reps_explore_prob 70,0.8,10000000,1,880,1739.01,1121.0533284090893,1116.08,1516.41,1739.01,821.466,2154240,1885,0,0,1091190,1885,0,0,0.0875018568033274,0.0,0.0875018568033274,0.0
permutation_random,1100,m,fpar_tuned,fpar,oblivious,-threshold 20750 -disable_hop_rtt_normalization,0.8,10000000,2,880,3310.91,1247.4288534090902,1026.24,2489.87,3310.91,821.533,2154240,8387,0,0,1327065,8387,0,0,0.3893252376708259,0.0,0.3893252376708259,0.0
permutation_random,1100,m,reps_no_partition,reps_dfp,reps,,0.8,10000000,2,880,1579.84,1121.955267045455,1122.8,1459.47,1579.84,821.644,2154240,1282,0,0,1128357,1282,0,0,0.059510546642899585,0.0,0.059510546642899585,0.0
permutation_random,1100,m,reps_partition,reps_dfp,reps,-reps_partition_entropy -reps_escalate_threshold 0.2 -reps_warmup_explore_rtts 0.5 -reps_explore_prob 70,0.8,10000000,2,880,1692.6,1132.283364772728,1136.86,1516.49,1692.6,821.279,2154240,2068,0,0,1100667,2068,0,0,0.0959967320261438,0.0,0.0959967320261438,0.0
permutation_random,1100,m,fpar_tuned,fpar,oblivious,-threshold 20750 -disable_hop_rtt_normalization,0.8,10000000,3,880,3330.18,1253.1996318181816,1039.96,2559.15,3330.18,822.184,2154240,8638,0,0,1329804,8638,0,0,0.40097667855020797,0.0,0.40097667855020797,0.0
permutation_random,1100,m,reps_no_partition,reps_dfp,reps,,0.8,10000000,3,880,1692.42,1139.9756818181822,1143.58,1458.12,1692.42,822.166,2154240,1153,0,0,1168527,1153,0,0,0.053522355912061795,0.0,0.053522355912061795,0.0
permutation_random,1100,m,reps_partition,reps_dfp,reps,-reps_partition_entropy -reps_escalate_threshold 0.2 -reps_warmup_explore_rtts 0.5 -reps_explore_prob 70,0.8,10000000,3,880,1627.73,1152.1568147727276,1152.06,1507.76,1627.73,821.33,2154240,2612,0,0,1120369,2612,0,0,0.12124925727866905,0.0,0.12124925727866905,0.0
permutation_random,1100,m,fpar_tuned,fpar,oblivious,-threshold 20750 -disable_hop_rtt_normalization,0.8,10000000,4,880,3264.05,1287.6982556818164,1101.98,2806.05,3264.05,821.574,2154240,8657,0,0,1384282,8657,0,0,0.40185866013071897,0.0,0.40185866013071897,0.0
permutation_random,1100,m,reps_no_partition,reps_dfp,reps,,0.8,10000000,4,880,1597.04,1133.782024999999,1135.38,1429.44,1597.04,822.037,2154240,1325,0,0,1150080,1325,0,0,0.06150661021984551,0.0,0.06150661021984551,0.0
permutation_random,1100,m,reps_partition,reps_dfp,reps,-reps_partition_entropy -reps_escalate_threshold 0.2 -reps_warmup_explore_rtts 0.5 -reps_explore_prob 70,0.8,10000000,4,880,1777.13,1142.3172056818196,1140.21,1504.39,1777.13,821.594,2154240,2047,0,0,1119582,2047,0,0,0.09502191027926322,0.0,0.09502191027926322,0.0
permutation_random,1100,m,fpar_tuned,fpar,oblivious,-threshold 20750 -disable_hop_rtt_normalization,0.8,10000000,5,880,3935.23,1330.4565102272736,1073.78,3322.33,3935.23,821.286,2154240,9662,0,0,1370149,9662,0,0,0.44851084373143196,0.0,0.44851084373143196,0.0
permutation_random,1100,m,reps_no_partition,reps_dfp,reps,,0.8,10000000,5,880,1549.17,1114.3794204545454,1114.23,1401.9,1549.17,822.803,2154240,766,0,0,1144812,766,0,0,0.03555778371954842,0.0,0.03555778371954842,0.0
permutation_random,1100,m,reps_partition,reps_dfp,reps,-reps_partition_entropy -reps_escalate_threshold 0.2 -reps_warmup_explore_rtts 0.5 -reps_explore_prob 70,0.8,10000000,5,880,1581.99,1126.7669113636362,1129.93,1462.34,1581.99,822.098,2154240,2220,0,0,1094666,2220,0,0,0.10305258467023173,0.0,0.10305258467023173,0.0
permutation_random,1100,m,fpar_tuned,fpar,oblivious,-threshold 20750 -disable_hop_rtt_normalization,0.9,100000,1,990,45.8768,25.412493030303043,24.2896,39.6725,45.8768,12.4702,24750,45,0,0,8672,45,0,0,0.18181818181818182,0.0,0.18181818181818182,0.0
permutation_random,1100,m,reps_no_partition,reps_dfp,reps,,0.9,100000,1,990,33.8309,26.93265737373735,27.5162,32.1426,33.8309,12.4702,24750,0,0,0,8177,0,0,0,0.0,0.0,0.0,0.0
permutation_random,1100,m,reps_partition,reps_dfp,reps,-reps_partition_entropy -reps_escalate_threshold 0.2 -reps_warmup_explore_rtts 0.5 -reps_explore_prob 70,0.9,100000,1,990,33.8128,26.895146767676763,27.3306,32.449,33.8128,12.4702,24750,0,0,0,8249,0,0,0,0.0,0.0,0.0,0.0
permutation_random,1100,m,fpar_tuned,fpar,oblivious,-threshold 20750 -disable_hop_rtt_normalization,0.9,100000,2,990,39.0894,24.993871818181844,24.1501,35.5896,39.0894,12.4702,24750,0,0,0,8426,0,0,0,0.0,0.0,0.0,0.0
permutation_random,1100,m,reps_no_partition,reps_dfp,reps,,0.9,100000,2,990,33.0736,27.112514747474776,27.7901,31.7776,33.0736,12.4702,24750,0,0,0,8245,0,0,0,0.0,0.0,0.0,0.0
permutation_random,1100,m,reps_partition,reps_dfp,reps,-reps_partition_entropy -reps_escalate_threshold 0.2 -reps_warmup_explore_rtts 0.5 -reps_explore_prob 70,0.9,100000,2,990,32.6426,26.650590101010092,27.2936,31.1893,32.6426,12.4702,24750,0,0,0,8166,0,0,0,0.0,0.0,0.0,0.0
permutation_random,1100,m,fpar_tuned,fpar,oblivious,-threshold 20750 -disable_hop_rtt_normalization,0.9,100000,3,990,43.1355,24.88219474747471,24.0003,36.9995,43.1355,12.4754,24750,17,0,0,8342,17,0,0,0.06868686868686869,0.0,0.06868686868686869,0.0
permutation_random,1100,m,reps_no_partition,reps_dfp,reps,,0.9,100000,3,990,34.4574,27.520626666666665,27.8214,33.1506,34.4574,12.6411,24750,0,0,0,8296,0,0,0,0.0,0.0,0.0,0.0
permutation_random,1100,m,reps_partition,reps_dfp,reps,-reps_partition_entropy -reps_escalate_threshold 0.2 -reps_warmup_explore_rtts 0.5 -reps_explore_prob 70,0.9,100000,3,990,35.0976,27.394892828282792,27.6626,33.0696,35.0976,12.4754,24750,0,0,0,8295,0,0,0,0.0,0.0,0.0,0.0
permutation_random,1100,m,fpar_tuned,fpar,oblivious,-threshold 20750 -disable_hop_rtt_normalization,0.9,100000,4,990,42.2978,25.167955555555558,24.3152,36.0696,42.2978,12.4754,24750,10,0,0,8432,10,0,0,0.04040404040404041,0.0,0.04040404040404041,0.0
permutation_random,1100,m,reps_no_partition,reps_dfp,reps,,0.9,100000,4,990,35.0616,27.1873972727273,27.6421,32.0976,35.0616,12.4702,24750,0,0,0,8205,0,0,0,0.0,0.0,0.0,0.0
permutation_random,1100,m,reps_partition,reps_dfp,reps,-reps_partition_entropy -reps_escalate_threshold 0.2 -reps_warmup_explore_rtts 0.5 -reps_explore_prob 70,0.9,100000,4,990,35.1112,27.10229727272724,27.4547,32.8128,35.1112,12.4702,24750,0,0,0,8259,0,0,0,0.0,0.0,0.0,0.0
permutation_random,1100,m,fpar_tuned,fpar,oblivious,-threshold 20750 -disable_hop_rtt_normalization,0.9,100000,5,990,46.8318,25.577923131313124,24.3221,42.2995,46.8318,12.4754,24750,68,0,0,8840,68,0,0,0.27474747474747474,0.0,0.27474747474747474,0.0
permutation_random,1100,m,reps_no_partition,reps_dfp,reps,,0.9,100000,5,990,35.003,26.996897272727285,27.6147,31.8134,35.003,12.4702,24750,0,0,0,8155,0,0,0,0.0,0.0,0.0,0.0
permutation_random,1100,m,reps_partition,reps_dfp,reps,-reps_partition_entropy -reps_escalate_threshold 0.2 -reps_warmup_explore_rtts 0.5 -reps_explore_prob 70,0.9,100000,5,990,35.6909,26.906933434343426,27.3766,33.4392,35.6909,12.4702,24750,0,0,0,8216,0,0,0,0.0,0.0,0.0,0.0
permutation_random,1100,m,fpar_tuned,fpar,oblivious,-threshold 20750 -disable_hop_rtt_normalization,0.9,500000,1,990,183.908,76.58362909090916,70.7978,140.435,183.908,45.1205,121770,6158,0,0,60925,6158,0,0,5.057074813172374,0.0,5.057074813172374,0.0
permutation_random,1100,m,reps_no_partition,reps_dfp,reps,,0.9,500000,1,990,90.8069,80.45530717171715,83.4899,88.616,90.8069,45.141,121770,689,0,0,80076,689,0,0,0.5658208097232488,0.0,0.5658208097232488,0.0
permutation_random,1100,m,reps_partition,reps_dfp,reps,-reps_partition_entropy -reps_escalate_threshold 0.2 -reps_warmup_explore_rtts 0.5 -reps_explore_prob 70,0.9,500000,1,990,89.257,75.85178404040403,78.0392,86.2851,89.257,45.1307,121770,462,0,0,66877,462,0,0,0.3794037940379404,0.0,0.3794037940379404,0.0
permutation_random,1100,m,fpar_tuned,fpar,oblivious,-threshold 20750 -disable_hop_rtt_normalization,0.9,500000,2,990,172.52,75.44522040404037,71.597,121.803,172.52,45.1358,121770,5326,0,0,60779,5326,0,0,4.373819495770715,0.0,4.373819495770715,0.0
permutation_random,1100,m,reps_no_partition,reps_dfp,reps,,0.9,500000,2,990,92.7528,80.80670080808089,83.8618,89.6339,92.7528,45.0898,121770,848,0,0,79636,848,0,0,0.6963948427363061,0.0,0.6963948427363061,0.0
permutation_random,1100,m,reps_partition,reps_dfp,reps,-reps_partition_entropy -reps_escalate_threshold 0.2 -reps_warmup_explore_rtts 0.5 -reps_explore_prob 70,0.9,500000,2,990,87.7819,75.44069828282832,77.6088,84.4269,87.7819,45.1205,121770,352,0,0,66696,352,0,0,0.28906955736224027,0.0,0.28906955736224027,0.0
permutation_random,1100,m,fpar_tuned,fpar,oblivious,-threshold 20750 -disable_hop_rtt_normalization,0.9,500000,3,990,186.456,75.03375606060604,71.2051,125.018,186.456,45.424,121770,4842,0,0,59218,4842,0,0,3.976348854397635,0.0,3.976348854397635,0.0
permutation_random,1100,m,reps_no_partition,reps_dfp,reps,,0.9,500000,3,990,91.344,82.106150909091,84.5717,89.9334,91.344,45.3398,121770,905,0,0,83315,905,0,0,0.7432044017409871,0.0,0.7432044017409871,0.0
permutation_random,1100,m,reps_partition,reps_dfp,reps,-reps_partition_entropy -reps_escalate_threshold 0.2 -reps_warmup_explore_rtts 0.5 -reps_explore_prob 70,0.9,500000,3,990,89.2237,77.35986757575772,79.2882,86.5677,89.2237,45.1512,121770,604,0,0,69552,604,0,0,0.49601708138293504,0.0,0.49601708138293504,0.0
permutation_random,1100,m,fpar_tuned,fpar,oblivious,-threshold 20750 -disable_hop_rtt_normalization,0.9,500000,4,990,168.83,75.92715383838383,72.1875,129.636,168.83,45.337,121770,5115,0,0,60681,5115,0,0,4.200542005420054,0.0,4.200542005420054,0.0
permutation_random,1100,m,reps_no_partition,reps_dfp,reps,,0.9,500000,4,990,91.8848,81.79042505050508,84.583,89.7586,91.8848,45.1358,121770,886,0,0,82210,886,0,0,0.7276012154060935,0.0,0.7276012154060935,0.0
permutation_random,1100,m,reps_partition,reps_dfp,reps,-reps_partition_entropy -reps_escalate_threshold 0.2 -reps_warmup_explore_rtts 0.5 -reps_explore_prob 70,0.9,500000,4,990,86.0021,76.74884141414132,78.8115,85.0006,86.0021,45.1512,121770,372,0,0,68944,372,0,0,0.3054939640305494,0.0,0.3054939640305494,0.0
permutation_random,1100,m,fpar_tuned,fpar,oblivious,-threshold 20750 -disable_hop_rtt_normalization,0.9,500000,5,990,178.637,77.46865505050503,70.6222,150.662,178.637,45.2445,121770,6643,0,0,63393,6643,0,0,5.45536667487887,0.0,5.45536667487887,0.0
permutation_random,1100,m,reps_no_partition,reps_dfp,reps,,0.9,500000,5,990,91.5883,80.50477808080811,83.2702,89.7624,91.5883,45.1256,121770,721,0,0,78921,721,0,0,0.5920998603925434,0.0,0.5920998603925434,0.0
permutation_random,1100,m,reps_partition,reps_dfp,reps,-reps_partition_entropy -reps_escalate_threshold 0.2 -reps_warmup_explore_rtts 0.5 -reps_explore_prob 70,0.9,500000,5,990,87.3806,75.3095483838384,77.4845,84.8595,87.3806,45.3677,121770,396,0,0,66244,396,0,0,0.3252032520325203,0.0,0.3252032520325203,0.0
permutation_random,1100,m,fpar_tuned,fpar,oblivious,-threshold 20750 -disable_hop_rtt_normalization,0.9,2000000,1,990,705.175,273.97107979798,229.922,610.982,705.175,167.771,485100,9183,0,0,283345,9183,0,0,1.8930117501546073,0.0,1.8930117501546073,0.0
permutation_random,1100,m,reps_no_partition,reps_dfp,reps,,0.9,2000000,1,990,406.876,262.61401818181866,260.865,362.068,406.876,167.983,485100,1542,0,0,292620,1542,0,0,0.3178726035868893,0.0,0.3178726035868893,0.0
permutation_random,1100,m,reps_partition,reps_dfp,reps,-reps_partition_entropy -reps_escalate_threshold 0.2 -reps_warmup_explore_rtts 0.5 -reps_explore_prob 70,0.9,2000000,1,990,444.561,261.5929393939393,260.844,370.713,444.561,167.988,485100,2316,0,0,282938,2316,0,0,0.4774273345701917,0.0,0.4774273345701917,0.0
permutation_random,1100,m,fpar_tuned,fpar,oblivious,-threshold 20750 -disable_hop_rtt_normalization,0.9,2000000,2,990,613.22,265.86970707070685,227.927,527.581,613.22,167.836,485100,8561,0,0,280204,8561,0,0,1.7647907647907648,0.0,1.7647907647907648,0.0
permutation_random,1100,m,reps_no_partition,reps_dfp,reps,,0.9,2000000,2,990,432.714,264.05746868686884,263.536,366.508,432.714,167.57,485100,1702,0,0,289827,1702,0,0,0.3508554937126366,0.0,0.3508554937126366,0.0
permutation_random,1100,m,reps_partition,reps_dfp,reps,-reps_partition_entropy -reps_escalate_threshold 0.2 -reps_warmup_explore_rtts 0.5 -reps_explore_prob 70,0.9,2000000,2,990,383.261,261.3747757575759,261.081,361.555,383.261,167.896,485100,2365,0,0,284997,2365,0,0,0.4875283446712018,0.0,0.4875283446712018,0.0
permutation_random,1100,m,fpar_tuned,fpar,oblivious,-threshold 20750 -disable_hop_rtt_normalization,0.9,2000000,3,990,805.434,265.1626464646463,228.352,507.12,805.434,167.979,485100,8478,0,0,280760,8478,0,0,1.7476808905380334,0.0,1.7476808905380334,0.0
permutation_random,1100,m,reps_no_partition,reps_dfp,reps,,0.9,2000000,3,990,401.401,269.5451404040403,268.218,370.862,401.401,167.962,485100,1600,0,0,297832,1600,0,0,0.32982890125747266,0.0,0.32982890125747266,0.0
permutation_random,1100,m,reps_partition,reps_dfp,reps,-reps_partition_entropy -reps_escalate_threshold 0.2 -reps_warmup_explore_rtts 0.5 -reps_explore_prob 70,0.9,2000000,3,990,418.698,268.315091919192,266.505,369.492,418.698,167.952,485100,2613,0,0,287870,2613,0,0,0.53865182436611,0.0,0.53865182436611,0.0
permutation_random,1100,m,fpar_tuned,fpar,oblivious,-threshold 20750 -disable_hop_rtt_normalization,0.9,2000000,4,990,655.915,271.44281313131347,237.425,580.971,655.915,167.892,485100,8849,0,0,286016,8849,0,0,1.8241599670171098,0.0,1.8241599670171098,0.0
permutation_random,1100,m,reps_no_partition,reps_dfp,reps,,0.9,2000000,4,990,453.761,268.1701949494949,268.64,372.888,453.761,168.193,485100,1784,0,0,294587,1784,0,0,0.36775922490208207,0.0,0.36775922490208207,0.0
permutation_random,1100,m,reps_partition,reps_dfp,reps,-reps_partition_entropy -reps_escalate_threshold 0.2 -reps_warmup_explore_rtts 0.5 -reps_explore_prob 70,0.9,2000000,4,990,424.821,265.8124585858586,264.762,364.418,424.821,168.024,485100,2340,0,0,289146,2340,0,0,0.48237476808905383,0.0,0.48237476808905383,0.0
permutation_random,1100,m,fpar_tuned,fpar,oblivious,-threshold 20750 -disable_hop_rtt_normalization,0.9,2000000,5,990,785.624,280.720606060606,232.453,654.176,785.624,168.01,485100,9740,0,0,295013,9740,0,0,2.007833436404865,0.0,2.007833436404865,0.0
permutation_random,1100,m,reps_no_partition,reps_dfp,reps,,0.9,2000000,5,990,419.241,262.8844919191918,260.317,368.325,419.241,168.039,485100,1415,0,0,294080,1415,0,0,0.2916924345495774,0.0,0.2916924345495774,0.0
permutation_random,1100,m,reps_partition,reps_dfp,reps,-reps_partition_entropy -reps_escalate_threshold 0.2 -reps_warmup_explore_rtts 0.5 -reps_explore_prob 70,0.9,2000000,5,990,410.774,261.0923606060609,260.366,367.602,410.774,168.116,485100,2227,0,0,284033,2227,0,0,0.4590806019377448,0.0,0.4590806019377448,0.0
permutation_random,1100,m,fpar_tuned,fpar,oblivious,-threshold 20750 -disable_hop_rtt_normalization,0.9,10000000,1,990,3577.03,1353.0536808080808,1147.07,3193.93,3577.03,821.17,2423520,11317,0,0,1539007,11317,0,0,0.4669654056908959,0.0,0.4669654056908959,0.0
permutation_random,1100,m,reps_no_partition,reps_dfp,reps,,0.9,10000000,1,990,1741.33,1218.9785212121205,1244.83,1557.19,1741.33,821.914,2423520,1840,0,0,1364718,1840,0,0,0.07592262494223279,0.0,0.07592262494223279,0.0
permutation_random,1100,m,reps_partition,reps_dfp,reps,-reps_partition_entropy -reps_escalate_threshold 0.2 -reps_warmup_explore_rtts 0.5 -reps_explore_prob 70,0.9,10000000,1,990,1934.92,1228.3991141414133,1253.83,1634.68,1934.92,822.342,2423520,3219,0,0,1330415,3219,0,0,0.13282333135274313,0.0,0.13282333135274313,0.0
permutation_random,1100,m,fpar_tuned,fpar,oblivious,-threshold 20750 -disable_hop_rtt_normalization,0.9,10000000,2,990,3167.44,1298.1027242424252,1134.59,2788.59,3167.44,821.359,2423520,10730,0,0,1510589,10730,0,0,0.4427444378424771,0.0,0.4427444378424771,0.0
permutation_random,1100,m,reps_no_partition,reps_dfp,reps,,0.9,10000000,2,990,1714.02,1218.6701050505048,1247.78,1564.94,1714.02,820.728,2423520,1956,0,0,1354096,1956,0,0,0.08070905129728659,0.0,0.08070905129728659,0.0
permutation_random,1100,m,reps_partition,reps_dfp,reps,-reps_partition_entropy -reps_escalate_threshold 0.2 -reps_warmup_explore_rtts 0.5 -reps_explore_prob 70,0.9,10000000,2,990,1724.51,1228.8849707070715,1253.59,1627.9,1724.51,820.86,2423520,3083,0,0,1326857,3083,0,0,0.12721165907440418,0.0,0.12721165907440418,0.0
permutation_random,1100,m,fpar_tuned,fpar,oblivious,-threshold 20750 -disable_hop_rtt_normalization,0.9,10000000,3,990,4104.41,1297.623196969697,1124.93,2550.65,4104.41,821.671,2423520,10611,0,0,1525820,10611,0,0,0.43783422459893045,0.0,0.43783422459893045,0.0
permutation_random,1100,m,reps_no_partition,reps_dfp,reps,,0.9,10000000,3,990,1689.56,1245.920315151515,1266.2,1617.66,1689.56,822.141,2423520,1863,0,0,1399862,1863,0,0,0.0768716577540107,0.0,0.0768716577540107,0.0
permutation_random,1100,m,reps_partition,reps_dfp,reps,-reps_partition_entropy -reps_escalate_threshold 0.2 -reps_warmup_explore_rtts 0.5 -reps_explore_prob 70,0.9,10000000,3,990,1777.42,1254.389901010101,1274.04,1629.05,1777.42,821.54,2423520,3585,0,0,1358805,3585,0,0,0.14792533174886116,0.0,0.14792533174886116,0.0
permutation_random,1100,m,fpar_tuned,fpar,oblivious,-threshold 20750 -disable_hop_rtt_normalization,0.9,10000000,4,990,3266.04,1335.7959030303034,1156.38,2968.67,3266.04,820.468,2423520,10834,0,0,1555852,10834,0,0,0.4470357166435598,0.0,0.4470357166435598,0.0
permutation_random,1100,m,reps_no_partition,reps_dfp,reps,,0.9,10000000,4,990,1684.98,1241.5876181818173,1267.99,1592.4,1684.98,821.991,2423520,2138,0,0,1392908,2138,0,0,0.08821878919918136,0.0,0.08821878919918136,0.0
permutation_random,1100,m,reps_partition,reps_dfp,reps,-reps_partition_entropy -reps_escalate_threshold 0.2 -reps_warmup_explore_rtts 0.5 -reps_explore_prob 70,0.9,10000000,4,990,1899.03,1248.4478666666676,1275.27,1603.34,1899.03,821.665,2423520,3173,0,0,1360395,3173,0,0,0.1309252657291873,0.0,0.1309252657291873,0.0
permutation_random,1100,m,fpar_tuned,fpar,oblivious,-threshold 20750 -disable_hop_rtt_normalization,0.9,10000000,5,990,4018.34,1376.188911111112,1133.09,3300.76,4018.34,820.928,2423520,11618,0,0,1578181,11618,0,0,0.4793853568363372,0.0,0.4793853568363372,0.0
permutation_random,1100,m,reps_no_partition,reps_dfp,reps,,0.9,10000000,5,990,1765.09,1217.4401868686873,1241.81,1555.26,1765.09,821.853,2423520,1702,0,0,1371299,1702,0,0,0.07022842807156533,0.0,0.07022842807156533,0.0
permutation_random,1100,m,reps_partition,reps_dfp,reps,-reps_partition_entropy -reps_escalate_threshold 0.2 -reps_warmup_explore_rtts 0.5 -reps_explore_prob 70,0.9,10000000,5,990,1692.94,1225.0207505050505,1251.86,1576.17,1692.94,822.436,2423520,2712,0,0,1330518,2712,0,0,0.11190334719746485,0.0,0.11190334719746485,0.0
