pattern,nodes,size,strat_label,strat,load_balancing_algo,extra_flags,load_fraction,flowsize,seed,n_flows,duration_us,fct_mean,fct_p50,fct_p99,fct_max,fct_min,new,rtx,rts,bounced,acks,nacks,pulls,sleek_pkts,rtx_rate_pct,rts_rate_pct,nack_rate_pct,bounced_rate_pct
tornado,1100,m,fpar_tuned,fpar,oblivious,-threshold 20750 -disable_hop_rtt_normalization,0.25,100000,1,275,29.2736,22.569353090909104,21.8056,28.9416,29.2736,19.4867,6875,0,0,0,2231,0,0,0,0.0,0.0,0.0,0.0
tornado,1100,m,reps_uniform_defl,reps_dfp,reps,-dfp_low_uniform,0.25,100000,1,275,27.821,24.53447818181814,24.3256,27.4941,27.821,23.1336,6875,0,0,0,2119,0,0,0,0.0,0.0,0.0,0.0
tornado,1100,m,reps_no_partition,reps_dfp,reps,,0.25,100000,1,275,24.6547,22.42283854545455,22.3136,24.3278,24.6547,21.1416,6875,0,0,0,2110,0,0,0,0.0,0.0,0.0,0.0
tornado,1100,m,reps_minshare10,reps_dfp,reps,-dfp_minimal_share 10,0.25,100000,1,275,24.9867,22.322589090909084,22.1416,24.6547,24.9867,20.8176,6875,0,0,0,2127,0,0,0,0.0,0.0,0.0,0.0
tornado,1100,m,reps_partition,reps_dfp,reps,-reps_partition_entropy -reps_escalate_threshold 0.2 -reps_warmup_explore_rtts 0.5 -reps_explore_prob 70,0.25,100000,1,275,24.8147,22.242439636363624,22.1376,24.6496,24.8147,21.1416,6875,0,0,0,2123,0,0,0,0.0,0.0,0.0,0.0
tornado,1100,m,fpar_tuned,fpar,oblivious,-threshold 20750 -disable_hop_rtt_normalization,0.25,100000,2,275,28.9416,23.012805818181832,21.8107,28.9376,28.9416,19.4816,6875,0,0,0,2263,0,0,0,0.0,0.0,0.0,0.0
tornado,1100,m,reps_uniform_defl,reps_dfp,reps,-dfp_low_uniform,0.25,100000,2,275,27.993,24.595743272727244,24.4616,27.821,27.993,23.1456,6875,0,0,0,2130,0,0,0,0.0,0.0,0.0,0.0
tornado,1100,m,reps_no_partition,reps_dfp,reps,,0.25,100000,2,275,28.993,22.47380509090909,22.2958,25.157,28.993,21.1456,6875,0,0,0,2113,0,0,0,0.0,0.0,0.0,0.0
tornado,1100,m,reps_minshare10,reps_dfp,reps,-dfp_minimal_share 10,0.25,100000,2,275,26.665,22.272912363636358,22.1376,24.6547,26.665,20.8136,6875,0,0,0,2119,0,0,0,0.0,0.0,0.0,0.0
tornado,1100,m,reps_partition,reps_dfp,reps,-reps_partition_entropy -reps_escalate_threshold 0.2 -reps_warmup_explore_rtts 0.5 -reps_explore_prob 70,0.25,100000,2,275,25.005,22.249626181818158,22.1416,24.7976,25.005,21.1416,6875,0,0,0,2120,0,0,0,0.0,0.0,0.0,0.0
tornado,1100,m,fpar_tuned,fpar,oblivious,-threshold 20750 -disable_hop_rtt_normalization,0.25,100000,3,275,30.9336,22.571790545454547,21.8056,30.1096,30.9336,20.1456,6875,0,0,0,2225,0,0,0,0.0,0.0,0.0,0.0
tornado,1100,m,reps_uniform_defl,reps_dfp,reps,-dfp_low_uniform,0.25,100000,3,275,28.325,24.551423272727227,24.3187,28.141,28.325,23.4656,6875,0,0,0,2114,0,0,0,0.0,0.0,0.0,0.0
tornado,1100,m,reps_no_partition,reps_dfp,reps,,0.25,100000,3,275,25.673,22.425004000000023,22.3216,24.9907,25.673,21.1416,6875,0,0,0,2109,0,0,0,0.0,0.0,0.0,0.0
tornado,1100,m,reps_minshare10,reps_dfp,reps,-dfp_minimal_share 10,0.25,100000,3,275,24.6547,22.198209090909096,21.9896,24.4827,24.6547,20.9856,6875,0,0,0,2128,0,0,0,0.0,0.0,0.0,0.0
tornado,1100,m,reps_partition,reps_dfp,reps,-reps_partition_entropy -reps_escalate_threshold 0.2 -reps_warmup_explore_rtts 0.5 -reps_explore_prob 70,0.25,100000,3,275,26.825,22.258493090909077,22.1376,24.6547,26.825,21.1416,6875,0,0,0,2126,0,0,0,0.0,0.0,0.0,0.0
tornado,1100,m,fpar_tuned,fpar,oblivious,-threshold 20750 -disable_hop_rtt_normalization,0.25,100000,4,275,36.7694,23.2563861818182,21.8056,36.1054,36.7694,19.4816,6875,0,0,0,2342,0,0,0,0.0,0.0,0.0,0.0
tornado,1100,m,reps_uniform_defl,reps_dfp,reps,-dfp_low_uniform,0.25,100000,4,275,28.005,24.652851636363607,24.3256,27.809,28.005,23.1598,6875,0,0,0,2124,0,0,0,0.0,0.0,0.0,0.0
tornado,1100,m,reps_no_partition,reps_dfp,reps,,0.25,100000,4,275,25.3267,22.50730763636364,22.3256,24.8301,25.3267,21.1456,6875,0,0,0,2134,0,0,0,0.0,0.0,0.0,0.0
tornado,1100,m,reps_minshare10,reps_dfp,reps,-dfp_minimal_share 10,0.25,100000,4,275,26.0141,22.163699636363628,21.9936,24.3238,26.0141,20.8176,6875,0,0,0,2128,0,0,0,0.0,0.0,0.0,0.0
tornado,1100,m,reps_partition,reps_dfp,reps,-reps_partition_entropy -reps_escalate_threshold 0.2 -reps_warmup_explore_rtts 0.5 -reps_explore_prob 70,0.25,100000,4,275,25.153,22.33097818181817,22.1427,24.6216,25.153,20.8227,6875,0,0,0,2118,0,0,0,0.0,0.0,0.0,0.0
tornado,1100,m,fpar_tuned,fpar,oblivious,-threshold 20750 -disable_hop_rtt_normalization,0.25,100000,5,275,28.9416,22.49600618181819,21.4838,28.6466,28.9416,19.4867,6875,0,0,0,2227,0,0,0,0.0,0.0,0.0,0.0
tornado,1100,m,reps_uniform_defl,reps_dfp,reps,-dfp_low_uniform,0.25,100000,5,275,28.6621,24.531446909090906,24.3136,27.8294,28.6621,23.3176,6875,0,0,0,2114,0,0,0,0.0,0.0,0.0,0.0
tornado,1100,m,reps_no_partition,reps_dfp,reps,,0.25,100000,5,275,25.153,22.46328181818183,22.3256,24.8363,25.153,20.9816,6875,0,0,0,2121,0,0,0,0.0,0.0,0.0,0.0
tornado,1100,m,reps_minshare10,reps_dfp,reps,-dfp_minimal_share 10,0.25,100000,5,275,24.6547,22.235137818181826,22.1376,24.3227,24.6547,20.8176,6875,0,0,0,2132,0,0,0,0.0,0.0,0.0,0.0
tornado,1100,m,reps_partition,reps_dfp,reps,-reps_partition_entropy -reps_escalate_threshold 0.2 -reps_warmup_explore_rtts 0.5 -reps_explore_prob 70,0.25,100000,5,275,26.013,22.14197454545454,21.9816,25.3216,26.013,21.1416,6875,0,0,0,2125,0,0,0,0.0,0.0,0.0,0.0
tornado,1100,m,fpar_tuned,fpar,oblivious,-threshold 20750 -disable_hop_rtt_normalization,0.25,250000,1,275,54.0613,36.96159709090908,34.0565,53.4536,54.0613,31.7171,17050,210,0,0,5902,210,0,0,1.2316715542521994,0.0,1.2316715542521994,0.0
tornado,1100,m,reps_uniform_defl,reps_dfp,reps,-dfp_low_uniform,0.25,250000,1,275,43.9797,37.50760909090909,37.0291,43.708,43.9797,35.6875,17050,0,0,0,4983,0,0,0,0.0,0.0,0.0,0.0
tornado,1100,m,reps_no_partition,reps_dfp,reps,,0.25,250000,1,275,37.9552,34.79561636363633,34.659,37.0224,37.9552,33.3914,17050,0,0,0,4679,0,0,0,0.0,0.0,0.0,0.0
tornado,1100,m,reps_minshare10,reps_dfp,reps,-dfp_minimal_share 10,0.25,250000,1,275,38.953,34.655616,34.3874,36.6824,38.953,33.3566,17050,0,0,0,4678,0,0,0,0.0,0.0,0.0,0.0
tornado,1100,m,reps_partition,reps_dfp,reps,-reps_partition_entropy -reps_escalate_threshold 0.2 -reps_warmup_explore_rtts 0.5 -reps_explore_prob 70,0.25,250000,1,275,38.9843,34.68141527272727,34.3874,37.3061,38.9843,33.3914,17050,0,0,0,4690,0,0,0,0.0,0.0,0.0,0.0
tornado,1100,m,fpar_tuned,fpar,oblivious,-threshold 20750 -disable_hop_rtt_normalization,0.25,250000,2,275,54.4906,38.23365999999996,34.3925,54.0715,54.4906,31.671,17050,297,0,0,6438,297,0,0,1.7419354838709677,0.0,1.7419354838709677,0.0
tornado,1100,m,reps_uniform_defl,reps_dfp,reps,-dfp_low_uniform,0.25,250000,2,275,44.0435,37.80275090909089,37.2896,43.6261,44.0435,35.6904,17050,0,0,0,5013,0,0,0,0.0,0.0,0.0,0.0
tornado,1100,m,reps_no_partition,reps_dfp,reps,,0.25,250000,2,275,38.0064,34.87732363636361,34.6642,37.3566,38.0064,33.671,17050,0,0,0,4680,0,0,0,0.0,0.0,0.0,0.0
tornado,1100,m,reps_minshare10,reps_dfp,reps,-dfp_minimal_share 10,0.25,250000,2,275,37.621,34.67519454545456,34.3965,37.3424,37.621,33.335,17050,0,0,0,4677,0,0,0,0.0,0.0,0.0,0.0
tornado,1100,m,reps_partition,reps_dfp,reps,-reps_partition_entropy -reps_escalate_threshold 0.2 -reps_warmup_explore_rtts 0.5 -reps_explore_prob 70,0.25,250000,2,275,40.303,35.130526545454565,34.7051,39.5736,40.303,33.339,17050,0,0,0,4735,0,0,0,0.0,0.0,0.0,0.0
tornado,1100,m,fpar_tuned,fpar,oblivious,-threshold 20750 -disable_hop_rtt_normalization,0.25,250000,3,275,57.0146,36.892810545454545,34.077,55.3546,57.0146,33.331,17050,138,0,0,5713,138,0,0,0.8093841642228738,0.0,0.8093841642228738,0.0
tornado,1100,m,reps_uniform_defl,reps_dfp,reps,-dfp_low_uniform,0.25,250000,3,275,43.313,37.54302290909091,37.0373,42.9786,43.313,35.999,17050,0,0,0,4987,0,0,0,0.0,0.0,0.0,0.0
tornado,1100,m,reps_no_partition,reps_dfp,reps,,0.25,250000,3,275,38.9541,34.78597454545454,34.663,37.0298,38.9541,33.663,17050,0,0,0,4678,0,0,0,0.0,0.0,0.0,0.0
tornado,1100,m,reps_minshare10,reps_dfp,reps,-dfp_minimal_share 10,0.25,250000,3,275,37.633,34.691728363636344,34.3731,37.327,37.633,33.3413,17050,0,0,0,4679,0,0,0,0.0,0.0,0.0,0.0
tornado,1100,m,reps_partition,reps_dfp,reps,-reps_partition_entropy -reps_escalate_threshold 0.2 -reps_warmup_explore_rtts 0.5 -reps_explore_prob 70,0.25,250000,3,275,38.643,34.839376727272715,34.6056,37.979,38.643,33.339,17050,0,0,0,4707,0,0,0,0.0,0.0,0.0,0.0
tornado,1100,m,fpar_tuned,fpar,oblivious,-threshold 20750 -disable_hop_rtt_normalization,0.25,250000,4,275,73.7474,38.755633090909065,34.0514,72.7514,73.7474,31.671,17050,465,0,0,6415,465,0,0,2.727272727272727,0.0,2.727272727272727,0.0
tornado,1100,m,reps_uniform_defl,reps_dfp,reps,-dfp_low_uniform,0.25,250000,4,275,44.6101,37.79151963636363,37.0445,43.3829,44.6101,35.987,17050,0,0,0,5002,0,0,0,0.0,0.0,0.0,0.0
tornado,1100,m,reps_no_partition,reps_dfp,reps,,0.25,250000,4,275,37.6744,34.846487999999994,34.6662,36.9296,37.6744,33.663,17050,0,0,0,4690,0,0,0,0.0,0.0,0.0,0.0
tornado,1100,m,reps_minshare10,reps_dfp,reps,-dfp_minimal_share 10,0.25,250000,4,275,38.949,34.685296727272735,34.4016,37.6202,38.949,33.335,17050,0,0,0,4679,0,0,0,0.0,0.0,0.0,0.0
tornado,1100,m,reps_partition,reps_dfp,reps,-reps_partition_entropy -reps_escalate_threshold 0.2 -reps_warmup_explore_rtts 0.5 -reps_explore_prob 70,0.25,250000,4,275,43.5883,35.51047745454547,34.659,43.1861,43.5883,33.335,17050,0,0,0,4759,0,0,0,0.0,0.0,0.0,0.0
tornado,1100,m,fpar_tuned,fpar,oblivious,-threshold 20750 -disable_hop_rtt_normalization,0.25,250000,5,275,55.0829,36.86737272727272,33.995,54.4189,55.0829,31.7222,17050,218,0,0,5877,218,0,0,1.278592375366569,0.0,1.278592375366569,0.0
tornado,1100,m,reps_uniform_defl,reps_dfp,reps,-dfp_low_uniform,0.25,250000,5,275,44.0115,37.538916727272714,37.007,43.6926,44.0115,35.9456,17050,0,0,0,4982,0,0,0,0.0,0.0,0.0,0.0
tornado,1100,m,reps_no_partition,reps_dfp,reps,,0.25,250000,5,275,37.3544,34.72060618181817,34.6056,37.0043,37.3544,33.667,17050,0,0,0,4688,0,0,0,0.0,0.0,0.0,0.0
tornado,1100,m,reps_minshare10,reps_dfp,reps,-dfp_minimal_share 10,0.25,250000,5,275,39.3163,34.62438436363631,34.339,38.3152,39.3163,33.331,17050,0,0,0,4677,0,0,0,0.0,0.0,0.0,0.0
tornado,1100,m,reps_partition,reps_dfp,reps,-reps_partition_entropy -reps_escalate_threshold 0.2 -reps_warmup_explore_rtts 0.5 -reps_explore_prob 70,0.25,250000,5,275,40.5696,34.93521454545452,34.6056,40.1019,40.5696,33.335,17050,0,0,0,4716,0,0,0,0.0,0.0,0.0,0.0
tornado,1100,m,fpar_tuned,fpar,oblivious,-threshold 20750 -disable_hop_rtt_normalization,0.25,500000,1,275,105.108,60.87409854545452,54.5941,95.7445,105.108,52.1062,33825,430,0,0,12383,430,0,0,1.271249076127125,0.0,1.271249076127125,0.0
tornado,1100,m,reps_uniform_defl,reps_dfp,reps,-dfp_low_uniform,0.25,500000,1,275,68.7235,59.20093709090908,58.6576,67.6402,68.7235,56.5901,33825,0,0,0,10460,0,0,0,0.0,0.0,0.0,0.0
tornado,1100,m,reps_no_partition,reps_dfp,reps,,0.25,500000,1,275,59.1736,55.279790909090934,55.1045,57.8941,59.1736,53.9834,33825,0,0,0,8910,0,0,0,0.0,0.0,0.0,0.0
tornado,1100,m,reps_minshare10,reps_dfp,reps,-dfp_minimal_share 10,0.25,500000,1,275,57.756,55.046496363636415,54.8576,57.3672,57.756,53.9794,33825,0,0,0,8907,0,0,0,0.0,0.0,0.0,0.0
tornado,1100,m,reps_partition,reps_dfp,reps,-reps_partition_entropy -reps_escalate_threshold 0.2 -reps_warmup_explore_rtts 0.5 -reps_explore_prob 70,0.25,500000,1,275,59.6491,55.542058545454545,55.2802,59.2874,59.6491,53.7805,33825,0,0,0,9003,0,0,0,0.0,0.0,0.0,0.0
tornado,1100,m,fpar_tuned,fpar,oblivious,-threshold 20750 -disable_hop_rtt_normalization,0.25,500000,2,275,98.0674,63.42903999999995,55.0328,96.2238,98.0674,51.9834,33825,560,0,0,14058,560,0,0,1.655580192165558,0.0,1.655580192165558,0.0
tornado,1100,m,reps_uniform_defl,reps_dfp,reps,-dfp_low_uniform,0.25,500000,2,275,68.6939,59.60977272727273,58.693,67.7499,68.6939,56.6299,33825,0,0,0,10505,0,0,0,0.0,0.0,0.0,0.0
tornado,1100,m,reps_no_partition,reps_dfp,reps,,0.25,500000,2,275,60.1787,55.420397090909134,55.1896,59.2574,60.1787,54.3074,33825,0,0,0,8924,0,0,0,0.0,0.0,0.0,0.0
tornado,1100,m,reps_minshare10,reps_dfp,reps,-dfp_minimal_share 10,0.25,500000,2,275,59.0762,55.22891490909095,55.0123,58.6485,59.0762,53.9794,33825,0,0,0,8896,0,0,0,0.0,0.0,0.0,0.0
tornado,1100,m,reps_partition,reps_dfp,reps,-reps_partition_entropy -reps_escalate_threshold 0.2 -reps_warmup_explore_rtts 0.5 -reps_explore_prob 70,0.25,500000,2,275,65.5954,57.398189818181805,56.2038,65.2634,65.5954,53.6514,33825,0,0,0,9288,0,0,0,0.0,0.0,0.0,0.0
tornado,1100,m,fpar_tuned,fpar,oblivious,-threshold 20750 -disable_hop_rtt_normalization,0.25,500000,3,275,113.907,60.94688509090904,54.6394,94.596,113.907,53.6434,33825,435,0,0,12359,435,0,0,1.2860310421286032,0.0,1.2860310421286032,0.0
tornado,1100,m,reps_uniform_defl,reps_dfp,reps,-dfp_low_uniform,0.25,500000,3,275,68.1923,59.255188727272774,58.611,67.5683,68.1923,57.0038,33825,0,0,0,10445,0,0,0,0.0,0.0,0.0,0.0
tornado,1100,m,reps_no_partition,reps_dfp,reps,,0.25,500000,3,275,58.5642,55.32714909090912,55.0994,57.9346,58.5642,53.9794,33825,0,0,0,8923,0,0,0,0.0,0.0,0.0,0.0
tornado,1100,m,reps_minshare10,reps_dfp,reps,-dfp_minimal_share 10,0.25,500000,3,275,59.9277,55.19274327272733,54.9805,58.1696,59.9277,53.9754,33825,0,0,0,8903,0,0,0,0.0,0.0,0.0,0.0
tornado,1100,m,reps_partition,reps_dfp,reps,-reps_partition_entropy -reps_escalate_threshold 0.2 -reps_warmup_explore_rtts 0.5 -reps_explore_prob 70,0.25,500000,3,275,63.2714,56.05907054545456,55.5216,62.8136,63.2714,53.9794,33825,0,0,0,9122,0,0,0,0.0,0.0,0.0,0.0
tornado,1100,m,fpar_tuned,fpar,oblivious,-threshold 20750 -disable_hop_rtt_normalization,0.25,500000,4,275,141.629,64.93862399999995,54.6394,132.648,141.629,51.9834,33825,834,0,0,13780,834,0,0,2.4656319290465634,0.0,2.4656319290465634,0.0
tornado,1100,m,reps_uniform_defl,reps_dfp,reps,-dfp_low_uniform,0.25,500000,4,275,68.1144,59.52734472727275,58.6776,67.4014,68.1144,56.721,33825,0,0,0,10531,0,0,0,0.0,0.0,0.0,0.0
tornado,1100,m,reps_no_partition,reps_dfp,reps,,0.25,500000,4,275,59.2682,55.463085090909104,55.3034,58.9878,59.2682,53.9874,33825,0,0,0,8950,0,0,0,0.0,0.0,0.0,0.0
tornado,1100,m,reps_minshare10,reps_dfp,reps,-dfp_minimal_share 10,0.25,500000,4,275,57.8587,55.20857563636369,55.0624,57.5307,57.8587,53.9754,33825,0,0,0,8928,0,0,0,0.0,0.0,0.0,0.0
tornado,1100,m,reps_partition,reps_dfp,reps,-reps_partition_entropy -reps_escalate_threshold 0.2 -reps_warmup_explore_rtts 0.5 -reps_explore_prob 70,0.25,500000,4,275,68.1819,57.428923636363606,55.6485,67.5179,68.1819,53.6474,33825,19,0,0,9390,19,0,0,0.05617147080561715,0.0,0.05617147080561715,0.0
tornado,1100,m,fpar_tuned,fpar,oblivious,-threshold 20750 -disable_hop_rtt_normalization,0.25,500000,5,275,97.7405,60.62965599999995,54.3074,96.6187,97.7405,52.1114,33825,422,0,0,12318,422,0,0,1.2475979305247598,0.0,1.2475979305247598,0.0
tornado,1100,m,reps_uniform_defl,reps_dfp,reps,-dfp_low_uniform,0.25,500000,5,275,68.2402,59.05641745454545,58.4101,67.6219,68.2402,56.3838,33825,0,0,0,10519,0,0,0,0.0,0.0,0.0,0.0
tornado,1100,m,reps_no_partition,reps_dfp,reps,,0.25,500000,5,275,62.376,55.33157781818186,55.0334,58.4478,62.376,53.9834,33825,0,0,0,8931,0,0,0,0.0,0.0,0.0,0.0
tornado,1100,m,reps_minshare10,reps_dfp,reps,-dfp_minimal_share 10,0.25,500000,5,275,59.3131,55.134918181818215,54.9714,57.3136,59.3131,53.9754,33825,0,0,0,8900,0,0,0,0.0,0.0,0.0,0.0
tornado,1100,m,reps_partition,reps_dfp,reps,-reps_partition_entropy -reps_escalate_threshold 0.2 -reps_warmup_explore_rtts 0.5 -reps_explore_prob 70,0.25,500000,5,275,61.8629,56.06464400000003,55.607,61.4856,61.8629,53.6605,33825,0,0,0,9104,0,0,0,0.0,0.0,0.0,0.0
tornado,1100,m,fpar_tuned,fpar,oblivious,-threshold 20750 -disable_hop_rtt_normalization,0.25,2000000,1,275,480.814,203.8952290909091,177.186,368.109,480.814,175.02,134750,458,0,0,50751,458,0,0,0.3398886827458256,0.0,0.3398886827458256,0.0
tornado,1100,m,reps_uniform_defl,reps_dfp,reps,-dfp_low_uniform,0.25,2000000,1,275,215.349,189.03254909090907,187.206,212.883,215.349,180.228,134750,0,0,0,43555,0,0,0,0.0,0.0,0.0,0.0
tornado,1100,m,reps_no_partition,reps_dfp,reps,,0.25,2000000,1,275,190.043,177.87995272727264,177.378,186.995,190.043,176.434,134750,0,0,0,34575,0,0,0,0.0,0.0,0.0,0.0
tornado,1100,m,reps_minshare10,reps_dfp,reps,-dfp_minimal_share 10,0.25,2000000,1,275,183.85,177.44911636363625,177.182,182.993,183.85,176.186,134750,0,0,0,34395,0,0,0,0.0,0.0,0.0,0.0
tornado,1100,m,reps_partition,reps_dfp,reps,-reps_partition_entropy -reps_escalate_threshold 0.2 -reps_warmup_explore_rtts 0.5 -reps_explore_prob 70,0.25,2000000,1,275,185.178,177.66025090909102,177.514,182.405,185.178,175.862,134750,0,0,0,35293,0,0,0,0.0,0.0,0.0,0.0
tornado,1100,m,fpar_tuned,fpar,oblivious,-threshold 20750 -disable_hop_rtt_normalization,0.25,2000000,2,275,356.318,213.99994181818184,178.178,347.258,356.318,174.092,134750,590,0,0,56609,590,0,0,0.437847866419295,0.0,0.437847866419295,0.0
tornado,1100,m,reps_uniform_defl,reps_dfp,reps,-dfp_low_uniform,0.25,2000000,2,275,215.99,189.6969636363636,187.516,213.547,215.99,181.763,134750,0,0,0,43643,0,0,0,0.0,0.0,0.0,0.0
tornado,1100,m,reps_no_partition,reps_dfp,reps,,0.25,2000000,2,275,188.685,178.04449090909117,177.518,186.829,188.685,176.19,134750,0,0,0,34870,0,0,0,0.0,0.0,0.0,0.0
tornado,1100,m,reps_minshare10,reps_dfp,reps,-dfp_minimal_share 10,0.25,2000000,2,275,185.282,177.5360727272726,177.186,182.913,185.282,176.186,134750,0,0,0,34425,0,0,0,0.0,0.0,0.0,0.0
tornado,1100,m,reps_partition,reps_dfp,reps,-reps_partition_entropy -reps_escalate_threshold 0.2 -reps_warmup_explore_rtts 0.5 -reps_explore_prob 70,0.25,2000000,2,275,185.953,178.09374909090906,177.846,184.526,185.953,176.059,134750,0,0,0,36508,0,0,0,0.0,0.0,0.0,0.0
tornado,1100,m,fpar_tuned,fpar,oblivious,-threshold 20750 -disable_hop_rtt_normalization,0.25,2000000,3,275,490.512,205.06599272727274,177.496,395.6,490.512,175.522,134750,489,0,0,50861,489,0,0,0.3628942486085343,0.0,0.3628942486085343,0.0
tornado,1100,m,reps_uniform_defl,reps_dfp,reps,-dfp_low_uniform,0.25,2000000,3,275,215.408,189.4026909090909,187.332,214.17,215.408,181.868,134750,0,0,0,43428,0,0,0,0.0,0.0,0.0,0.0
tornado,1100,m,reps_no_partition,reps_dfp,reps,,0.25,2000000,3,275,187.995,177.92118545454554,177.39,186.06,187.995,176.36,134750,0,0,0,34637,0,0,0,0.0,0.0,0.0,0.0
tornado,1100,m,reps_minshare10,reps_dfp,reps,-dfp_minimal_share 10,0.25,2000000,3,275,187.266,177.5222909090908,177.186,182.722,187.266,176.186,134750,0,0,0,34453,0,0,0,0.0,0.0,0.0,0.0
tornado,1100,m,reps_partition,reps_dfp,reps,-reps_partition_entropy -reps_escalate_threshold 0.2 -reps_warmup_explore_rtts 0.5 -reps_explore_prob 70,0.25,2000000,3,275,185.369,177.8162181818183,177.514,184.116,185.369,176.05,134750,0,0,0,35611,0,0,0,0.0,0.0,0.0,0.0
tornado,1100,m,fpar_tuned,fpar,oblivious,-threshold 20750 -disable_hop_rtt_normalization,0.25,2000000,4,275,511.627,222.00121818181816,177.182,504.625,511.627,173.862,134750,891,0,0,55586,891,0,0,0.6612244897959184,0.0,0.6612244897959184,0.0
tornado,1100,m,reps_uniform_defl,reps_dfp,reps,-dfp_low_uniform,0.25,2000000,4,275,216.904,190.65057818181816,187.577,214.77,216.904,181.67,134750,0,0,0,43750,0,0,0,0.0,0.0,0.0,0.0
tornado,1100,m,reps_no_partition,reps_dfp,reps,,0.25,2000000,4,275,187.12,178.16922909090906,177.454,185.71,187.12,176.483,134750,0,0,0,35028,0,0,0,0.0,0.0,0.0,0.0
tornado,1100,m,reps_minshare10,reps_dfp,reps,-dfp_minimal_share 10,0.25,2000000,4,275,186.719,177.7059054545454,177.192,184.238,186.719,176.19,134750,0,0,0,34616,0,0,0,0.0,0.0,0.0,0.0
tornado,1100,m,reps_partition,reps_dfp,reps,-reps_partition_entropy -reps_escalate_threshold 0.2 -reps_warmup_explore_rtts 0.5 -reps_explore_prob 70,0.25,2000000,4,275,188.51,178.48667636363646,177.485,187.037,188.51,175.858,134750,19,0,0,36433,19,0,0,0.014100185528756958,0.0,0.014100185528756958,0.0
tornado,1100,m,fpar_tuned,fpar,oblivious,-threshold 20750 -disable_hop_rtt_normalization,0.25,2000000,5,275,354.43,201.5131890909092,176.878,349.319,354.43,174.456,134750,443,0,0,49986,443,0,0,0.3287569573283859,0.0,0.3287569573283859,0.0
tornado,1100,m,reps_uniform_defl,reps_dfp,reps,-dfp_low_uniform,0.25,2000000,5,275,216.367,188.97848727272714,187.03,213.475,216.367,182.394,134750,0,0,0,43483,0,0,0,0.0,0.0,0.0,0.0
tornado,1100,m,reps_no_partition,reps_dfp,reps,,0.25,2000000,5,275,186.855,177.86807636363636,177.424,185.322,186.855,176.211,134750,0,0,0,34657,0,0,0,0.0,0.0,0.0,0.0
tornado,1100,m,reps_minshare10,reps_dfp,reps,-dfp_minimal_share 10,0.25,2000000,5,275,187.72,177.4152036363637,177.182,182.745,187.72,176.19,134750,0,0,0,34395,0,0,0,0.0,0.0,0.0,0.0
tornado,1100,m,reps_partition,reps_dfp,reps,-reps_partition_entropy -reps_escalate_threshold 0.2 -reps_warmup_explore_rtts 0.5 -reps_explore_prob 70,0.25,2000000,5,275,183.14,177.69815636363643,177.535,182.405,183.14,175.862,134750,0,0,0,36022,0,0,0,0.0,0.0,0.0,0.0
tornado,1100,m,fpar_tuned,fpar,oblivious,-threshold 20750 -disable_hop_rtt_normalization,0.25,5000000,1,275,1213.97,490.0675490909091,422.249,882.447,1213.97,418.968,336600,458,0,0,132013,458,0,0,0.13606654783125371,0.0,0.13606654783125371,0.0
tornado,1100,m,reps_uniform_defl,reps_dfp,reps,-dfp_low_uniform,0.25,5000000,1,275,515.526,449.0414981818183,444.531,506.453,515.526,431.135,336600,0,0,0,109667,0,0,0,0.0,0.0,0.0,0.0
tornado,1100,m,reps_no_partition,reps_dfp,reps,,0.25,5000000,1,275,448.277,422.66254909090895,421.812,441.088,448.277,420.192,336600,0,0,0,86777,0,0,0,0.0,0.0,0.0,0.0
tornado,1100,m,reps_minshare10,reps_dfp,reps,-dfp_minimal_share 10,0.25,5000000,1,275,434.775,422.0658763636361,421.616,432.189,434.775,420.247,336600,0,0,0,86203,0,0,0,0.0,0.0,0.0,0.0
tornado,1100,m,reps_partition,reps_dfp,reps,-reps_partition_entropy -reps_escalate_threshold 0.2 -reps_warmup_explore_rtts 0.5 -reps_explore_prob 70,0.25,5000000,1,275,437.155,422.172829090909,421.752,430.417,437.155,419.766,336600,0,0,0,87846,0,0,0,0.0,0.0,0.0,0.0
tornado,1100,m,fpar_tuned,fpar,oblivious,-threshold 20750 -disable_hop_rtt_normalization,0.25,5000000,2,275,852.702,514.8793090909086,423.328,848.373,852.702,417.62,336600,651,0,0,147656,651,0,0,0.19340463458110516,0.0,0.19340463458110516,0.0
tornado,1100,m,reps_uniform_defl,reps_dfp,reps,-dfp_low_uniform,0.25,5000000,2,275,509.975,450.3407600000002,445.658,506.187,509.975,429.85,336600,0,0,0,109562,0,0,0,0.0,0.0,0.0,0.0
tornado,1100,m,reps_no_partition,reps_dfp,reps,,0.25,5000000,2,275,443.948,423.01965818181804,421.963,440.602,443.948,420.276,336600,0,0,0,87676,0,0,0,0.0,0.0,0.0,0.0
tornado,1100,m,reps_minshare10,reps_dfp,reps,-dfp_minimal_share 10,0.25,5000000,2,275,437.528,422.2997054545453,421.708,432.586,437.528,420.052,336600,0,0,0,86467,0,0,0,0.0,0.0,0.0,0.0
tornado,1100,m,reps_partition,reps_dfp,reps,-reps_partition_entropy -reps_escalate_threshold 0.2 -reps_warmup_explore_rtts 0.5 -reps_explore_prob 70,0.25,5000000,2,275,440.975,422.8817345454544,422.006,439.656,440.975,419.817,336600,0,0,0,90022,0,0,0,0.0,0.0,0.0,0.0
tornado,1100,m,fpar_tuned,fpar,oblivious,-threshold 20750 -disable_hop_rtt_normalization,0.25,5000000,3,275,1234.73,491.8840654545454,422.611,1092.61,1234.73,419.28,336600,522,0,0,131997,522,0,0,0.15508021390374332,0.0,0.15508021390374332,0.0
tornado,1100,m,reps_uniform_defl,reps_dfp,reps,-dfp_low_uniform,0.25,5000000,3,275,508.844,449.3978836363635,444.234,508.55,508.844,430.608,336600,0,0,0,109410,0,0,0,0.0,0.0,0.0,0.0
tornado,1100,m,reps_no_partition,reps_dfp,reps,,0.25,5000000,3,275,442.616,422.7830399999998,421.74,440.293,442.616,420.284,336600,0,0,0,86988,0,0,0,0.0,0.0,0.0,0.0
tornado,1100,m,reps_minshare10,reps_dfp,reps,-dfp_minimal_share 10,0.25,5000000,3,275,436.004,422.2003090909089,421.604,434.21,436.004,419.948,336600,0,0,0,86359,0,0,0,0.0,0.0,0.0,0.0
tornado,1100,m,reps_partition,reps_dfp,reps,-reps_partition_entropy -reps_escalate_threshold 0.2 -reps_warmup_explore_rtts 0.5 -reps_explore_prob 70,0.25,5000000,3,275,443.762,422.59700727272696,421.628,438.098,443.762,419.95,336600,0,0,0,88208,0,0,0,0.0,0.0,0.0,0.0
tornado,1100,m,fpar_tuned,fpar,oblivious,-threshold 20750 -disable_hop_rtt_normalization,0.25,5000000,4,275,1280.4,538.8351163636362,422.268,1240.63,1280.4,417.62,336600,924,0,0,145817,924,0,0,0.27450980392156865,0.0,0.27450980392156865,0.0
tornado,1100,m,reps_uniform_defl,reps_dfp,reps,-dfp_low_uniform,0.25,5000000,4,275,515.328,452.60996,445.326,513.932,515.328,432.011,336600,0,0,0,109997,0,0,0,0.0,0.0,0.0,0.0
tornado,1100,m,reps_no_partition,reps_dfp,reps,,0.25,5000000,4,275,441.28,423.3769527272726,421.801,440.107,441.28,420.28,336600,0,0,0,87842,0,0,0,0.0,0.0,0.0,0.0
tornado,1100,m,reps_minshare10,reps_dfp,reps,-dfp_minimal_share 10,0.25,5000000,4,275,436.362,422.51172727272706,421.608,435.324,436.362,419.948,336600,0,0,0,86828,0,0,0,0.0,0.0,0.0,0.0
tornado,1100,m,reps_partition,reps_dfp,reps,-reps_partition_entropy -reps_escalate_threshold 0.2 -reps_warmup_explore_rtts 0.5 -reps_explore_prob 70,0.25,5000000,4,275,443.298,423.650338181818,421.971,441.13,443.298,419.679,336600,19,0,0,90214,19,0,0,0.00564468211527035,0.0,0.00564468211527035,0.0
tornado,1100,m,fpar_tuned,fpar,oblivious,-threshold 20750 -disable_hop_rtt_normalization,0.25,5000000,5,275,871.097,482.381,422.084,861.022,871.097,419.008,336600,458,0,0,130813,458,0,0,0.13606654783125371,0.0,0.13606654783125371,0.0
tornado,1100,m,reps_uniform_defl,reps_dfp,reps,-dfp_low_uniform,0.25,5000000,5,275,510.361,448.51344000000006,443.596,506.87,510.361,430.94,336600,0,0,0,109556,0,0,0,0.0,0.0,0.0,0.0
tornado,1100,m,reps_no_partition,reps_dfp,reps,,0.25,5000000,5,275,442.798,422.47551999999973,421.624,434.976,442.798,420.23,336600,0,0,0,86911,0,0,0,0.0,0.0,0.0,0.0
tornado,1100,m,reps_minshare10,reps_dfp,reps,-dfp_minimal_share 10,0.25,5000000,5,275,439.045,422.0845345454545,421.604,433.159,439.045,419.948,336600,0,0,0,86074,0,0,0,0.0,0.0,0.0,0.0
tornado,1100,m,reps_partition,reps_dfp,reps,-reps_partition_entropy -reps_escalate_threshold 0.2 -reps_warmup_explore_rtts 0.5 -reps_explore_prob 70,0.25,5000000,5,275,432.285,422.24032363636354,421.827,430.742,432.285,419.96,336600,0,0,0,88878,0,0,0,0.0,0.0,0.0,0.0
tornado,1100,m,fpar_tuned,fpar,oblivious,-threshold 20750 -disable_hop_rtt_normalization,0.25,10000000,1,275,2424.28,969.7806109090903,831.296,2074.89,2424.28,825.552,673200,458,0,0,270622,458,0,0,0.06803327391562686,0.0,0.06803327391562686,0.0
tornado,1100,m,reps_uniform_defl,reps_dfp,reps,-dfp_low_uniform,0.25,10000000,1,275,1010.17,882.2037563636363,873.348,992.528,1010.17,849.14,673200,0,0,0,219995,0,0,0,0.0,0.0,0.0,0.0
tornado,1100,m,reps_no_partition,reps_dfp,reps,,0.25,10000000,1,275,868.913,830.5089818181817,829.323,862.11,868.913,826.578,673200,0,0,0,174741,0,0,0,0.0,0.0,0.0,0.0
tornado,1100,m,reps_minshare10,reps_dfp,reps,-dfp_minimal_share 10,0.25,10000000,1,275,850.495,829.6199454545455,829.222,848.432,850.495,826.547,673200,0,0,0,173536,0,0,0,0.0,0.0,0.0,0.0
tornado,1100,m,reps_partition,reps_dfp,reps,-reps_partition_entropy -reps_escalate_threshold 0.2 -reps_warmup_explore_rtts 0.5 -reps_explore_prob 70,0.25,10000000,1,275,855.492,829.5547963636371,829.319,845.813,855.492,826.215,673200,0,0,0,175640,0,0,0,0.0,0.0,0.0,0.0
tornado,1100,m,fpar_tuned,fpar,oblivious,-threshold 20750 -disable_hop_rtt_normalization,0.25,10000000,2,275,1698.28,1016.3396799999998,831.781,1693.83,1698.28,824.219,673200,659,0,0,301625,659,0,0,0.09789067142008319,0.0,0.09789067142008319,0.0
tornado,1100,m,reps_uniform_defl,reps_dfp,reps,-dfp_low_uniform,0.25,10000000,2,275,1002.79,884.7187781818185,875.375,995.998,1002.79,842.749,673200,0,0,0,219491,0,0,0,0.0,0.0,0.0,0.0
tornado,1100,m,reps_no_partition,reps_dfp,reps,,0.25,10000000,2,275,865.699,831.2252509090904,829.655,863.727,865.699,826.543,673200,0,0,0,176127,0,0,0,0.0,0.0,0.0,0.0
tornado,1100,m,reps_minshare10,reps_dfp,reps,-dfp_minimal_share 10,0.25,10000000,2,275,857.909,830.0021745454547,829.431,850.638,857.909,826.319,673200,0,0,0,174167,0,0,0,0.0,0.0,0.0,0.0
tornado,1100,m,reps_partition,reps_dfp,reps,-reps_partition_entropy -reps_escalate_threshold 0.2 -reps_warmup_explore_rtts 0.5 -reps_explore_prob 70,0.25,10000000,2,275,866.721,831.0071745454541,829.788,860.862,866.721,826.321,673200,0,0,0,179311,0,0,0,0.0,0.0,0.0,0.0
tornado,1100,m,fpar_tuned,fpar,oblivious,-threshold 20750 -disable_hop_rtt_normalization,0.25,10000000,3,275,2474.78,973.4060072727277,831.69,2367.82,2474.78,825.547,673200,613,0,0,270937,613,0,0,0.09105763517528223,0.0,0.09105763517528223,0.0
tornado,1100,m,reps_uniform_defl,reps_dfp,reps,-dfp_low_uniform,0.25,10000000,3,275,996.873,883.3489599999996,873.465,992.912,996.873,848.338,673200,0,0,0,219305,0,0,0,0.0,0.0,0.0,0.0
tornado,1100,m,reps_no_partition,reps_dfp,reps,,0.25,10000000,3,275,863.504,830.8128763636362,828.424,862.436,863.504,826.547,673200,0,0,0,174781,0,0,0,0.0,0.0,0.0,0.0
tornado,1100,m,reps_minshare10,reps_dfp,reps,-dfp_minimal_share 10,0.25,10000000,3,275,860.456,829.9504800000004,828.418,849.383,860.456,826.543,673200,0,0,0,173881,0,0,0,0.0,0.0,0.0,0.0
tornado,1100,m,reps_partition,reps_dfp,reps,-reps_partition_entropy -reps_escalate_threshold 0.2 -reps_warmup_explore_rtts 0.5 -reps_explore_prob 70,0.25,10000000,3,275,868.024,830.4831818181823,829.116,864.468,868.024,826.216,673200,0,0,0,176205,0,0,0,0.0,0.0,0.0,0.0
tornado,1100,m,fpar_tuned,fpar,oblivious,-threshold 20750 -disable_hop_rtt_normalization,0.25,10000000,4,275,2561.55,1057.7433818181821,831.055,2458.9,2561.55,823.887,673200,1009,0,0,295998,1009,0,0,0.14988116458704695,0.0,0.14988116458704695,0.0
tornado,1100,m,reps_uniform_defl,reps_dfp,reps,-dfp_low_uniform,0.25,10000000,4,275,1009.17,888.7359963636359,873.63,1005.58,1009.17,850.055,673200,0,0,0,220202,0,0,0,0.0,0.0,0.0,0.0
tornado,1100,m,reps_no_partition,reps_dfp,reps,,0.25,10000000,4,275,868.752,831.8918872727272,828.742,867.246,868.752,826.704,673200,0,0,0,176686,0,0,0,0.0,0.0,0.0,0.0
tornado,1100,m,reps_minshare10,reps_dfp,reps,-dfp_minimal_share 10,0.25,10000000,4,275,862.932,830.5017199999996,828.336,854.822,862.932,826.215,673200,0,0,0,174476,0,0,0,0.0,0.0,0.0,0.0
tornado,1100,m,reps_partition,reps_dfp,reps,-reps_partition_entropy -reps_escalate_threshold 0.2 -reps_warmup_explore_rtts 0.5 -reps_explore_prob 70,0.25,10000000,4,275,873.737,832.3737963636366,829.638,870.771,873.737,826.211,673200,19,0,0,179925,19,0,0,0.002822341057635175,0.0,0.002822341057635175,0.0
tornado,1100,m,fpar_tuned,fpar,oblivious,-threshold 20750 -disable_hop_rtt_normalization,0.25,10000000,5,275,1720.88,950.4393454545454,830.256,1713.58,1720.88,825.507,673200,474,0,0,266820,474,0,0,0.07040998217468805,0.0,0.07040998217468805,0.0
tornado,1100,m,reps_uniform_defl,reps_dfp,reps,-dfp_low_uniform,0.25,10000000,5,275,1005.49,881.2793818181816,871.403,998.678,1005.49,846.418,673200,0,0,0,219582,0,0,0,0.0,0.0,0.0,0.0
tornado,1100,m,reps_no_partition,reps_dfp,reps,,0.25,10000000,5,275,869.769,830.228792727273,828.124,854.749,869.769,826.548,673200,0,0,0,174525,0,0,0,0.0,0.0,0.0,0.0
tornado,1100,m,reps_minshare10,reps_dfp,reps,-dfp_minimal_share 10,0.25,10000000,5,275,862.123,829.6453381818184,827.843,851.836,862.123,826.215,673200,0,0,0,173103,0,0,0,0.0,0.0,0.0,0.0
tornado,1100,m,reps_partition,reps_dfp,reps,-reps_partition_entropy -reps_escalate_threshold 0.2 -reps_warmup_explore_rtts 0.5 -reps_explore_prob 70,0.25,10000000,5,275,850.905,829.5054763636366,828.754,848.093,850.905,826.371,673200,0,0,0,176864,0,0,0,0.0,0.0,0.0,0.0
tornado,1100,m,fpar_tuned,fpar,oblivious,-threshold 20750 -disable_hop_rtt_normalization,0.5,100000,1,550,51.0874,24.96161872727274,23.149,37.3976,51.0874,21.4736,13750,40,0,0,4732,40,0,0,0.2909090909090909,0.0,0.2909090909090909,0.0
tornado,1100,m,reps_uniform_defl,reps_dfp,reps,-dfp_low_uniform,0.5,100000,1,550,32.6701,26.559648727272723,26.2987,30.4821,32.6701,24.3256,13750,0,0,0,4246,0,0,0,0.0,0.0,0.0,0.0
tornado,1100,m,reps_no_partition,reps_dfp,reps,,0.5,100000,1,550,27.313,24.053107818181807,23.9816,26.7827,27.313,21.997,13750,0,0,0,4246,0,0,0,0.0,0.0,0.0,0.0
tornado,1100,m,reps_minshare10,reps_dfp,reps,-dfp_minimal_share 10,0.5,100000,1,550,26.997,23.524723636363614,23.3296,26.469,26.997,21.8056,13750,0,0,0,4240,0,0,0,0.0,0.0,0.0,0.0
tornado,1100,m,reps_partition,reps_dfp,reps,-reps_partition_entropy -reps_escalate_threshold 0.2 -reps_warmup_explore_rtts 0.5 -reps_explore_prob 70,0.5,100000,1,550,28.4576,23.813052363636398,23.6672,26.7856,28.4576,21.7816,13750,0,0,0,4249,0,0,0,0.0,0.0,0.0,0.0
tornado,1100,m,fpar_tuned,fpar,oblivious,-threshold 20750 -disable_hop_rtt_normalization,0.5,100000,2,550,35.6954,24.750700000000005,23.485,33.4256,35.6954,21.4736,13750,0,0,0,4571,0,0,0,0.0,0.0,0.0,0.0
tornado,1100,m,reps_uniform_defl,reps_dfp,reps,-dfp_low_uniform,0.5,100000,2,550,31.313,26.360147272727314,26.1096,30.317,31.313,23.813,13750,0,0,0,4245,0,0,0,0.0,0.0,0.0,0.0
tornado,1100,m,reps_no_partition,reps_dfp,reps,,0.5,100000,2,550,29.9667,24.136242727272727,23.9696,27.9776,29.9667,21.8198,13750,0,0,0,4263,0,0,0,0.0,0.0,0.0,0.0
tornado,1100,m,reps_minshare10,reps_dfp,reps,-dfp_minimal_share 10,0.5,100000,2,550,28.1398,23.621045999999986,23.3869,27.1176,28.1398,21.4816,13750,0,0,0,4268,0,0,0,0.0,0.0,0.0,0.0
tornado,1100,m,reps_partition,reps_dfp,reps,-reps_partition_entropy -reps_escalate_threshold 0.2 -reps_warmup_explore_rtts 0.5 -reps_explore_prob 70,0.5,100000,2,550,29.5906,23.85299527272727,23.6496,27.813,29.5906,21.8096,13750,0,0,0,4258,0,0,0,0.0,0.0,0.0,0.0
tornado,1100,m,fpar_tuned,fpar,oblivious,-threshold 20750 -disable_hop_rtt_normalization,0.5,100000,3,550,38.5536,24.956033090909095,23.3459,35.8976,38.5536,21.4736,13750,0,0,0,4680,0,0,0,0.0,0.0,0.0,0.0
tornado,1100,m,reps_uniform_defl,reps_dfp,reps,-dfp_low_uniform,0.5,100000,3,550,32.6016,26.42720381818184,26.1216,30.4136,32.6016,24.1296,13750,0,0,0,4261,0,0,0,0.0,0.0,0.0,0.0
tornado,1100,m,reps_no_partition,reps_dfp,reps,,0.5,100000,3,550,28.485,23.95743381818184,23.7976,26.973,28.485,21.8096,13750,0,0,0,4223,0,0,0,0.0,0.0,0.0,0.0
tornado,1100,m,reps_minshare10,reps_dfp,reps,-dfp_minimal_share 10,0.5,100000,3,550,26.633,23.39732145454546,23.3107,26.1427,26.633,21.4776,13750,0,0,0,4234,0,0,0,0.0,0.0,0.0,0.0
tornado,1100,m,reps_partition,reps_dfp,reps,-reps_partition_entropy -reps_escalate_threshold 0.2 -reps_warmup_explore_rtts 0.5 -reps_explore_prob 70,0.5,100000,3,550,30.1158,23.853720000000003,23.6496,27.2558,30.1158,21.8198,13750,0,0,0,4270,0,0,0,0.0,0.0,0.0,0.0
tornado,1100,m,fpar_tuned,fpar,oblivious,-threshold 20750 -disable_hop_rtt_normalization,0.5,100000,4,550,37.7336,24.947520363636386,23.4656,36.4056,37.7336,21.4776,13750,0,0,0,4660,0,0,0,0.0,0.0,0.0,0.0
tornado,1100,m,reps_uniform_defl,reps_dfp,reps,-dfp_low_uniform,0.5,100000,4,550,32.1283,26.447537454545476,26.1421,29.7496,32.1283,23.8096,13750,0,0,0,4249,0,0,0,0.0,0.0,0.0,0.0
tornado,1100,m,reps_no_partition,reps_dfp,reps,,0.5,100000,4,550,28.4707,24.283783636363655,24.1398,27.7856,28.4707,21.4827,13750,0,0,0,4261,0,0,0,0.0,0.0,0.0,0.0
tornado,1100,m,reps_minshare10,reps_dfp,reps,-dfp_minimal_share 10,0.5,100000,4,550,29.2936,23.77568400000002,23.6256,27.6376,29.2936,21.4736,13750,0,0,0,4249,0,0,0,0.0,0.0,0.0,0.0
tornado,1100,m,reps_partition,reps_dfp,reps,-reps_partition_entropy -reps_escalate_threshold 0.2 -reps_warmup_explore_rtts 0.5 -reps_explore_prob 70,0.5,100000,4,550,28.8027,23.89487,23.6376,27.985,28.8027,21.4736,13750,0,0,0,4250,0,0,0,0.0,0.0,0.0,0.0
tornado,1100,m,fpar_tuned,fpar,oblivious,-threshold 20750 -disable_hop_rtt_normalization,0.5,100000,5,550,37.9426,24.813962181818194,23.1632,36.7336,37.9426,21.4736,13750,0,0,0,4656,0,0,0,0.0,0.0,0.0,0.0
tornado,1100,m,reps_uniform_defl,reps_dfp,reps,-dfp_low_uniform,0.5,100000,5,550,31.4934,26.37688254545458,26.1216,30.649,31.4934,23.813,13750,0,0,0,4257,0,0,0,0.0,0.0,0.0,0.0
tornado,1100,m,reps_no_partition,reps_dfp,reps,,0.5,100000,5,550,28.6581,24.067632909090914,23.9638,27.5589,28.6581,21.9867,13750,0,0,0,4239,0,0,0,0.0,0.0,0.0,0.0
tornado,1100,m,reps_minshare10,reps_dfp,reps,-dfp_minimal_share 10,0.5,100000,5,550,27.6267,23.490815454545437,23.3147,26.6581,27.6267,21.4816,13750,0,0,0,4229,0,0,0,0.0,0.0,0.0,0.0
tornado,1100,m,reps_partition,reps_dfp,reps,-reps_partition_entropy -reps_escalate_threshold 0.2 -reps_warmup_explore_rtts 0.5 -reps_explore_prob 70,0.5,100000,5,550,28.4781,23.768264363636344,23.6136,27.4376,28.4781,21.4827,13750,0,0,0,4245,0,0,0,0.0,0.0,0.0,0.0
tornado,1100,m,fpar_tuned,fpar,oblivious,-threshold 20750 -disable_hop_rtt_normalization,0.5,250000,1,550,117.334,42.8880796363637,38.315,74.3499,117.334,33.999,34100,1159,0,0,13216,1159,0,0,3.398826979472141,0.0,3.398826979472141,0.0
tornado,1100,m,reps_uniform_defl,reps_dfp,reps,-dfp_low_uniform,0.5,250000,1,550,51.6424,43.682431272727214,43.352,50.2728,51.6424,38.3469,34100,0,0,0,11040,0,0,0,0.0,0.0,0.0,0.0
tornado,1100,m,reps_no_partition,reps_dfp,reps,,0.5,250000,1,550,46.9027,39.191891272727254,38.9443,43.2507,46.9027,35.5531,34100,0,0,0,10027,0,0,0,0.0,0.0,0.0,0.0
tornado,1100,m,reps_minshare10,reps_dfp,reps,-dfp_minimal_share 10,0.5,250000,1,550,42.3856,37.576409818181766,37.2963,41.6965,42.3856,34.704,34100,0,0,0,9696,0,0,0,0.0,0.0,0.0,0.0
tornado,1100,m,reps_partition,reps_dfp,reps,-reps_partition_entropy -reps_escalate_threshold 0.2 -reps_warmup_explore_rtts 0.5 -reps_explore_prob 70,0.5,250000,1,550,49.0312,43.54752145454547,43.5627,48.599,49.0312,36.0536,34100,65,0,0,11517,65,0,0,0.1906158357771261,0.0,0.1906158357771261,0.0
tornado,1100,m,fpar_tuned,fpar,oblivious,-threshold 20750 -disable_hop_rtt_normalization,0.5,250000,2,550,73.5547,42.01416836363638,38.7125,65.9128,73.5547,33.7285,34100,639,0,0,13243,639,0,0,1.8739002932551319,0.0,1.8739002932551319,0.0
tornado,1100,m,reps_uniform_defl,reps_dfp,reps,-dfp_low_uniform,0.5,250000,2,550,52.2107,43.073210909090854,42.5616,50.3144,52.2107,38.5998,34100,0,0,0,11008,0,0,0,0.0,0.0,0.0,0.0
tornado,1100,m,reps_no_partition,reps_dfp,reps,,0.5,250000,2,550,49.573,39.2919701818182,38.9216,45.0768,49.573,35.2171,34100,0,0,0,10037,0,0,0,0.0,0.0,0.0,0.0
tornado,1100,m,reps_minshare10,reps_dfp,reps,-dfp_minimal_share 10,0.5,250000,2,550,46.6202,37.58439818181819,37.0229,44.8947,46.6202,34.873,34100,0,0,0,9701,0,0,0,0.0,0.0,0.0,0.0
tornado,1100,m,reps_partition,reps_dfp,reps,-reps_partition_entropy -reps_escalate_threshold 0.2 -reps_warmup_explore_rtts 0.5 -reps_explore_prob 70,0.5,250000,2,550,50.6082,43.99832163636365,44.2216,49.9066,50.6082,36.0064,34100,182,0,0,11646,182,0,0,0.533724340175953,0.0,0.533724340175953,0.0
tornado,1100,m,fpar_tuned,fpar,oblivious,-threshold 20750 -disable_hop_rtt_normalization,0.5,250000,3,550,74.019,42.49498418181817,38.3776,70.367,74.019,34.0093,34100,956,0,0,13495,956,0,0,2.803519061583578,0.0,2.803519061583578,0.0
tornado,1100,m,reps_uniform_defl,reps_dfp,reps,-dfp_low_uniform,0.5,250000,3,550,52.0392,42.943156000000016,42.627,49.893,52.0392,38.3088,34100,0,0,0,10894,0,0,0,0.0,0.0,0.0,0.0
tornado,1100,m,reps_no_partition,reps_dfp,reps,,0.5,250000,3,550,46.9704,38.93138327272721,38.647,43.9642,46.9704,35.0411,34100,0,0,0,9936,0,0,0,0.0,0.0,0.0,0.0
tornado,1100,m,reps_minshare10,reps_dfp,reps,-dfp_minimal_share 10,0.5,250000,3,550,42.4914,37.58998327272729,37.315,42.0237,42.4914,34.6949,34100,0,0,0,9681,0,0,0,0.0,0.0,0.0,0.0
tornado,1100,m,reps_partition,reps_dfp,reps,-reps_partition_entropy -reps_escalate_threshold 0.2 -reps_warmup_explore_rtts 0.5 -reps_explore_prob 70,0.5,250000,3,550,51.9976,43.37577636363633,43.5883,49.0278,51.9976,35.3595,34100,55,0,0,11437,55,0,0,0.16129032258064516,0.0,0.16129032258064516,0.0
tornado,1100,m,fpar_tuned,fpar,oblivious,-threshold 20750 -disable_hop_rtt_normalization,0.5,250000,4,550,74.6808,42.53306963636365,38.5816,71.4234,74.6808,33.667,34100,770,0,0,13714,770,0,0,2.2580645161290325,0.0,2.2580645161290325,0.0
tornado,1100,m,reps_uniform_defl,reps_dfp,reps,-dfp_low_uniform,0.5,250000,4,550,51.565,43.173452909090884,42.9346,49.5781,51.565,38.3213,34100,0,0,0,11036,0,0,0,0.0,0.0,0.0,0.0
tornado,1100,m,reps_no_partition,reps_dfp,reps,,0.5,250000,4,550,46.2882,39.816184000000035,39.5736,45.8936,46.2882,35.663,34100,0,0,0,10132,0,0,0,0.0,0.0,0.0,0.0
tornado,1100,m,reps_minshare10,reps_dfp,reps,-dfp_minimal_share 10,0.5,250000,4,550,50.275,38.095143636363616,37.6306,45.3525,50.275,34.3822,34100,0,0,0,9824,0,0,0,0.0,0.0,0.0,0.0
tornado,1100,m,reps_partition,reps_dfp,reps,-reps_partition_entropy -reps_escalate_threshold 0.2 -reps_warmup_explore_rtts 0.5 -reps_explore_prob 70,0.5,250000,4,550,50.927,44.28411563636361,44.5958,50.0579,50.927,35.0565,34100,182,0,0,11653,182,0,0,0.533724340175953,0.0,0.533724340175953,0.0
tornado,1100,m,fpar_tuned,fpar,oblivious,-threshold 20750 -disable_hop_rtt_normalization,0.5,250000,5,550,76.0674,42.25777636363638,37.9136,72.445,76.0674,33.995,34100,947,0,0,13407,947,0,0,2.777126099706745,0.0,2.777126099706745,0.0
tornado,1100,m,reps_uniform_defl,reps_dfp,reps,-dfp_low_uniform,0.5,250000,5,550,50.6253,43.19624927272729,42.9176,49.2973,50.6253,38.1219,34100,0,0,0,10933,0,0,0,0.0,0.0,0.0,0.0
tornado,1100,m,reps_no_partition,reps_dfp,reps,,0.5,250000,5,550,45.4307,38.858834727272715,38.5896,44.3525,45.4307,35.3845,34100,0,0,0,9946,0,0,0,0.0,0.0,0.0,0.0
tornado,1100,m,reps_minshare10,reps_dfp,reps,-dfp_minimal_share 10,0.5,250000,5,550,45.5496,37.96605981818181,37.3242,44.5536,45.5496,34.7102,34100,0,0,0,9690,0,0,0,0.0,0.0,0.0,0.0
tornado,1100,m,reps_partition,reps_dfp,reps,-reps_partition_entropy -reps_escalate_threshold 0.2 -reps_warmup_explore_rtts 0.5 -reps_explore_prob 70,0.5,250000,5,550,53.2886,43.951277272727275,44.4179,49.6389,53.2886,35.6653,34100,80,0,0,11558,80,0,0,0.23460410557184752,0.0,0.23460410557184752,0.0
tornado,1100,m,fpar_tuned,fpar,oblivious,-threshold 20750 -disable_hop_rtt_normalization,0.5,500000,1,550,216.88,70.64704927272732,60.6442,160.056,216.88,54.6536,67650,1979,0,0,31156,1979,0,0,2.925351071692535,0.0,2.925351071692535,0.0
tornado,1100,m,reps_uniform_defl,reps_dfp,reps,-dfp_low_uniform,0.5,500000,1,550,80.7926,69.86511290909091,69.568,79.2232,80.7926,62.6067,67650,1,0,0,24166,1,0,0,0.0014781966001478197,0.0,0.0014781966001478197,0.0
tornado,1100,m,reps_no_partition,reps_dfp,reps,,0.5,500000,1,550,73.2806,62.98977527272725,62.6859,71.8269,73.2806,56.6758,67650,0,0,0,22844,0,0,0,0.0,0.0,0.0,0.0
tornado,1100,m,reps_minshare10,reps_dfp,reps,-dfp_minimal_share 10,0.5,500000,1,550,67.3795,60.17167218181814,59.9754,65.5954,67.3795,55.6725,67650,0,0,0,21204,0,0,0,0.0,0.0,0.0,0.0
tornado,1100,m,reps_partition,reps_dfp,reps,-reps_partition_entropy -reps_escalate_threshold 0.2 -reps_warmup_explore_rtts 0.5 -reps_explore_prob 70,0.5,500000,1,550,73.6526,64.34010381818179,64.5994,69.6824,73.6526,57.7429,67650,955,0,0,26227,955,0,0,1.4116777531411677,0.0,1.4116777531411677,0.0
tornado,1100,m,fpar_tuned,fpar,oblivious,-threshold 20750 -disable_hop_rtt_normalization,0.5,500000,2,550,138.084,70.11932,62.9394,127.151,138.084,54.4893,67650,2018,0,0,32364,2018,0,0,2.9830007390983,0.0,2.9830007390983,0.0
tornado,1100,m,reps_uniform_defl,reps_dfp,reps,-dfp_low_uniform,0.5,500000,2,550,78.8874,69.17268018181822,68.5954,78.3464,78.8874,61.3581,67650,0,0,0,24162,0,0,0,0.0,0.0,0.0,0.0
tornado,1100,m,reps_no_partition,reps_dfp,reps,,0.5,500000,2,550,73.4587,63.1980516363636,62.4373,72.1589,73.4587,56.8141,67650,0,0,0,22710,0,0,0,0.0,0.0,0.0,0.0
tornado,1100,m,reps_minshare10,reps_dfp,reps,-dfp_minimal_share 10,0.5,500000,2,550,71.2496,60.341732000000036,59.6386,69.5896,71.2496,55.6405,67650,0,0,0,20870,0,0,0,0.0,0.0,0.0,0.0
tornado,1100,m,reps_partition,reps_dfp,reps,-reps_partition_entropy -reps_escalate_threshold 0.2 -reps_warmup_explore_rtts 0.5 -reps_explore_prob 70,0.5,500000,2,550,73.4886,64.94195145454547,65.0622,71.6266,73.4886,57.3739,67650,1080,0,0,26073,1080,0,0,1.5964523281596452,0.0,1.5964523281596452,0.0
tornado,1100,m,fpar_tuned,fpar,oblivious,-threshold 20750 -disable_hop_rtt_normalization,0.5,500000,3,550,153.553,70.57531036363645,61.125,130.906,153.553,54.4445,67650,2252,0,0,32146,2252,0,0,3.32889874353289,0.0,3.32889874353289,0.0
tornado,1100,m,reps_uniform_defl,reps_dfp,reps,-dfp_low_uniform,0.5,500000,3,550,80.5682,69.43721927272726,69.2104,77.461,80.5682,62.2197,67650,0,0,0,23901,0,0,0,0.0,0.0,0.0,0.0
tornado,1100,m,reps_no_partition,reps_dfp,reps,,0.5,500000,3,550,71.473,63.46078836363633,63.2754,70.4616,71.473,56.6661,67650,0,0,0,22545,0,0,0,0.0,0.0,0.0,0.0
tornado,1100,m,reps_minshare10,reps_dfp,reps,-dfp_minimal_share 10,0.5,500000,3,550,68.9427,60.38862654545449,59.9674,67.4616,68.9427,55.4883,67650,0,0,0,21037,0,0,0,0.0,0.0,0.0,0.0
tornado,1100,m,reps_partition,reps_dfp,reps,-reps_partition_entropy -reps_escalate_threshold 0.2 -reps_warmup_explore_rtts 0.5 -reps_explore_prob 70,0.5,500000,3,550,69.6005,64.37013454545458,64.8107,68.9142,69.6005,56.4507,67650,924,0,0,25959,924,0,0,1.3658536585365855,0.0,1.3658536585365855,0.0
tornado,1100,m,fpar_tuned,fpar,oblivious,-threshold 20750 -disable_hop_rtt_normalization,0.5,500000,4,550,139.204,70.93455036363628,62.0229,130.985,139.204,54.3176,67650,2164,0,0,32981,2164,0,0,3.1988174427198817,0.0,3.1988174427198817,0.0
tornado,1100,m,reps_uniform_defl,reps_dfp,reps,-dfp_low_uniform,0.5,500000,4,550,81.8102,69.52789072727276,69.056,79.6925,81.8102,62.1598,67650,0,0,0,24341,0,0,0,0.0,0.0,0.0,0.0
tornado,1100,m,reps_no_partition,reps_dfp,reps,,0.5,500000,4,550,77.2646,64.09764309090912,63.6154,75.7304,77.2646,56.9685,67650,0,0,0,23064,0,0,0,0.0,0.0,0.0,0.0
tornado,1100,m,reps_minshare10,reps_dfp,reps,-dfp_minimal_share 10,0.5,500000,4,550,73.5805,61.058835999999985,60.4936,71.4627,73.5805,55.5381,67650,1,0,0,21513,1,0,0,0.0014781966001478197,0.0,0.0014781966001478197,0.0
tornado,1100,m,reps_partition,reps_dfp,reps,-reps_partition_entropy -reps_escalate_threshold 0.2 -reps_warmup_explore_rtts 0.5 -reps_explore_prob 70,0.5,500000,4,550,75.5674,64.73192109090908,64.8158,72.0411,75.5674,57.5277,67650,1290,0,0,26232,1290,0,0,1.9068736141906875,0.0,1.9068736141906875,0.0
tornado,1100,m,fpar_tuned,fpar,oblivious,-threshold 20750 -disable_hop_rtt_normalization,0.5,500000,5,550,149.343,70.32502436363636,61.4051,134.809,149.343,54.3074,67650,2039,0,0,31679,2039,0,0,3.0140428677014044,0.0,3.0140428677014044,0.0
tornado,1100,m,reps_uniform_defl,reps_dfp,reps,-dfp_low_uniform,0.5,500000,5,550,80.2427,69.14865054545453,68.665,77.6339,80.2427,62.2557,67650,0,0,0,23919,0,0,0,0.0,0.0,0.0,0.0
tornado,1100,m,reps_no_partition,reps_dfp,reps,,0.5,500000,5,550,72.9114,62.79129654545451,62.501,70.1387,72.9114,56.1166,67650,0,0,0,22568,0,0,0,0.0,0.0,0.0,0.0
tornado,1100,m,reps_minshare10,reps_dfp,reps,-dfp_minimal_share 10,0.5,500000,5,550,70.9075,60.61791018181817,60.1576,67.2282,70.9075,55.6485,67650,0,0,0,21002,0,0,0,0.0,0.0,0.0,0.0
tornado,1100,m,reps_partition,reps_dfp,reps,-reps_partition_entropy -reps_escalate_threshold 0.2 -reps_warmup_explore_rtts 0.5 -reps_explore_prob 70,0.5,500000,5,550,71.9278,64.78651454545458,64.9234,71.2456,71.9278,56.928,67650,1180,0,0,26177,1180,0,0,1.7442719881744273,0.0,1.7442719881744273,0.0
tornado,1100,m,fpar_tuned,fpar,oblivious,-threshold 20750 -disable_hop_rtt_normalization,0.5,2000000,1,550,842.791,241.904089090909,192.19,607.083,842.791,176.659,269500,2491,0,0,136124,2491,0,0,0.92430426716141,0.0,0.92430426716141,0.0
tornado,1100,m,reps_uniform_defl,reps_dfp,reps,-dfp_low_uniform,0.5,2000000,1,550,253.618,223.81107636363652,222.018,246.893,253.618,205.094,269500,40,0,0,105270,40,0,0,0.014842300556586271,0.0,0.014842300556586271,0.0
tornado,1100,m,reps_no_partition,reps_dfp,reps,,0.5,2000000,1,550,213.086,198.72708545454546,198.942,211.407,213.086,180.637,269500,23,0,0,100357,23,0,0,0.008534322820037106,0.0,0.008534322820037106,0.0
tornado,1100,m,reps_minshare10,reps_dfp,reps,-dfp_minimal_share 10,0.5,2000000,1,550,204.946,190.25572727272728,190.468,202.612,204.946,178.976,269500,3,0,0,91475,3,0,0,0.0011131725417439704,0.0,0.0011131725417439704,0.0
tornado,1100,m,reps_partition,reps_dfp,reps,-reps_partition_entropy -reps_escalate_threshold 0.2 -reps_warmup_explore_rtts 0.5 -reps_explore_prob 70,0.5,2000000,1,550,221.904,203.93096909090906,203.475,220.902,221.904,186.729,269500,1102,0,0,106454,1102,0,0,0.40890538033395174,0.0,0.40890538033395174,0.0
tornado,1100,m,fpar_tuned,fpar,oblivious,-threshold 20750 -disable_hop_rtt_normalization,0.5,2000000,2,550,636.699,240.27101272727262,194.45,514.92,636.699,176.85,269500,2515,0,0,139016,2515,0,0,0.9332096474953617,0.0,0.9332096474953617,0.0
tornado,1100,m,reps_uniform_defl,reps_dfp,reps,-dfp_low_uniform,0.5,2000000,2,550,254.979,222.07662363636368,219.391,247.917,254.979,201.249,269500,11,0,0,103124,11,0,0,0.004081632653061225,0.0,0.004081632653061225,0.0
tornado,1100,m,reps_no_partition,reps_dfp,reps,,0.5,2000000,2,550,222.853,197.80179454545444,196.278,214.968,222.853,183.741,269500,11,0,0,99717,11,0,0,0.004081632653061225,0.0,0.004081632653061225,0.0
tornado,1100,m,reps_minshare10,reps_dfp,reps,-dfp_minimal_share 10,0.5,2000000,2,550,209.414,190.0760163636363,188.338,206.73,209.414,179.441,269500,0,0,0,90833,0,0,0,0.0,0.0,0.0,0.0
tornado,1100,m,reps_partition,reps_dfp,reps,-reps_partition_entropy -reps_escalate_threshold 0.2 -reps_warmup_explore_rtts 0.5 -reps_explore_prob 70,0.5,2000000,2,550,226.645,203.33920727272732,202.345,225.304,226.645,188.317,269500,1262,0,0,106275,1262,0,0,0.46827458256029686,0.0,0.46827458256029686,0.0
tornado,1100,m,fpar_tuned,fpar,oblivious,-threshold 20750 -disable_hop_rtt_normalization,0.5,2000000,3,550,639.601,241.39305090909116,192.122,513.712,639.601,176.85,269500,2678,0,0,136594,2678,0,0,0.9936920222634509,0.0,0.9936920222634509,0.0
tornado,1100,m,reps_uniform_defl,reps_dfp,reps,-dfp_low_uniform,0.5,2000000,3,550,251.815,221.59188363636366,219.925,244.83,251.815,203.174,269500,1,0,0,102722,1,0,0,0.00037105751391465676,0.0,0.00037105751391465676,0.0
tornado,1100,m,reps_no_partition,reps_dfp,reps,,0.5,2000000,3,550,213.521,198.65109636363627,198.607,211.166,213.521,183.486,269500,14,0,0,100443,14,0,0,0.005194805194805195,0.0,0.005194805194805195,0.0
tornado,1100,m,reps_minshare10,reps_dfp,reps,-dfp_minimal_share 10,0.5,2000000,3,550,203.211,189.98781818181828,189.319,201.483,203.211,179.621,269500,0,0,0,91339,0,0,0,0.0,0.0,0.0,0.0
tornado,1100,m,reps_partition,reps_dfp,reps,-reps_partition_entropy -reps_escalate_threshold 0.2 -reps_warmup_explore_rtts 0.5 -reps_explore_prob 70,0.5,2000000,3,550,223.044,204.60502000000002,204.518,220.75,223.044,188.017,269500,1052,0,0,107800,1052,0,0,0.3903525046382189,0.0,0.3903525046382189,0.0
tornado,1100,m,fpar_tuned,fpar,oblivious,-threshold 20750 -disable_hop_rtt_normalization,0.5,2000000,4,550,521.332,243.46062363636347,193.089,497.442,521.332,176.197,269500,2645,0,0,139593,2645,0,0,0.9814471243042672,0.0,0.9814471243042672,0.0
tornado,1100,m,reps_uniform_defl,reps_dfp,reps,-dfp_low_uniform,0.5,2000000,4,550,248.636,222.1598981818183,220.176,246.547,248.636,202.298,269500,0,0,0,104749,0,0,0,0.0,0.0,0.0,0.0
tornado,1100,m,reps_no_partition,reps_dfp,reps,,0.5,2000000,4,550,223.187,199.80353090909077,198.253,221.698,223.187,184.468,269500,74,0,0,102140,74,0,0,0.027458256029684602,0.0,0.027458256029684602,0.0
tornado,1100,m,reps_minshare10,reps_dfp,reps,-dfp_minimal_share 10,0.5,2000000,4,550,212.465,191.15606545454554,189.713,210.222,212.465,179.254,269500,4,0,0,93434,4,0,0,0.001484230055658627,0.0,0.001484230055658627,0.0
tornado,1100,m,reps_partition,reps_dfp,reps,-reps_partition_entropy -reps_escalate_threshold 0.2 -reps_warmup_explore_rtts 0.5 -reps_explore_prob 70,0.5,2000000,4,550,239.661,204.84466545454532,204.088,230.3,239.661,186.372,269500,1498,0,0,107769,1498,0,0,0.5558441558441558,0.0,0.5558441558441558,0.0
tornado,1100,m,fpar_tuned,fpar,oblivious,-threshold 20750 -disable_hop_rtt_normalization,0.5,2000000,5,550,588.579,238.6065309090909,191.794,524.36,588.579,176.285,269500,2412,0,0,136062,2412,0,0,0.8949907235621521,0.0,0.8949907235621521,0.0
tornado,1100,m,reps_uniform_defl,reps_dfp,reps,-dfp_low_uniform,0.5,2000000,5,550,254.329,221.52499454545477,219.847,243.923,254.329,202.906,269500,1,0,0,102245,1,0,0,0.00037105751391465676,0.0,0.00037105751391465676,0.0
tornado,1100,m,reps_no_partition,reps_dfp,reps,,0.5,2000000,5,550,219.899,197.81155090909078,197.102,216.708,219.899,182.699,269500,2,0,0,99406,2,0,0,0.0007421150278293135,0.0,0.0007421150278293135,0.0
tornado,1100,m,reps_minshare10,reps_dfp,reps,-dfp_minimal_share 10,0.5,2000000,5,550,207.119,190.83060909090904,190.036,205.326,207.119,179.326,269500,0,0,0,91616,0,0,0,0.0,0.0,0.0,0.0
tornado,1100,m,reps_partition,reps_dfp,reps,-reps_partition_entropy -reps_escalate_threshold 0.2 -reps_warmup_explore_rtts 0.5 -reps_explore_prob 70,0.5,2000000,5,550,242.921,203.85570363636361,203.59,221.999,242.921,182.817,269500,1230,0,0,107583,1230,0,0,0.45640074211502785,0.0,0.45640074211502785,0.0
tornado,1100,m,fpar_tuned,fpar,oblivious,-threshold 20750 -disable_hop_rtt_normalization,0.5,5000000,1,550,2057.46,587.1373163636365,455.274,1483.69,2057.46,421.016,673200,2622,0,0,351081,2622,0,0,0.3894830659536542,0.0,0.3894830659536542,0.0
tornado,1100,m,reps_uniform_defl,reps_dfp,reps,-dfp_low_uniform,0.5,5000000,1,550,643.998,530.1803000000001,525.209,585.698,643.998,484.375,673200,40,0,0,265227,40,0,0,0.0059417706476530005,0.0,0.0059417706476530005,0.0
tornado,1100,m,reps_no_partition,reps_dfp,reps,,0.5,5000000,1,550,531.569,470.2944636363638,471.455,497.936,531.569,428.999,673200,97,0,0,255067,97,0,0,0.014408793820558527,0.0,0.014408793820558527,0.0
tornado,1100,m,reps_minshare10,reps_dfp,reps,-dfp_minimal_share 10,0.5,5000000,1,550,483.199,450.399512727273,450.051,479.528,483.199,424.58,673200,17,0,0,232016,17,0,0,0.0025252525252525255,0.0,0.0025252525252525255,0.0
tornado,1100,m,reps_partition,reps_dfp,reps,-reps_partition_entropy -reps_escalate_threshold 0.2 -reps_warmup_explore_rtts 0.5 -reps_explore_prob 70,0.5,5000000,1,550,651.942,479.75054727272715,477.881,580.578,651.942,438.36,673200,1210,0,0,266516,1210,0,0,0.17973856209150327,0.0,0.17973856209150327,0.0
tornado,1100,m,fpar_tuned,fpar,oblivious,-threshold 20750 -disable_hop_rtt_normalization,0.5,5000000,2,550,1599.28,582.6873127272726,461.496,1240.21,1599.28,420.796,673200,2761,0,0,365959,2761,0,0,0.41013071895424835,0.0,0.41013071895424835,0.0
tornado,1100,m,reps_uniform_defl,reps_dfp,reps,-dfp_low_uniform,0.5,5000000,2,550,615.155,526.1979309090913,520.325,594.905,615.155,477.411,673200,11,0,0,258407,11,0,0,0.0016339869281045752,0.0,0.0016339869281045752,0.0
tornado,1100,m,reps_no_partition,reps_dfp,reps,,0.5,5000000,2,550,562.448,467.75160545454577,462.955,511.761,562.448,438.497,673200,56,0,0,252156,56,0,0,0.008318478906714201,0.0,0.008318478906714201,0.0
tornado,1100,m,reps_minshare10,reps_dfp,reps,-dfp_minimal_share 10,0.5,5000000,2,550,493.39,449.7098127272729,445.385,486.292,493.39,426.494,673200,14,0,0,230348,14,0,0,0.0020796197266785502,0.0,0.0020796197266785502,0.0
tornado,1100,m,reps_partition,reps_dfp,reps,-reps_partition_entropy -reps_escalate_threshold 0.2 -reps_warmup_explore_rtts 0.5 -reps_explore_prob 70,0.5,5000000,2,550,679.426,480.41534545454505,475.202,583.396,679.426,442.185,673200,1672,0,0,265045,1672,0,0,0.24836601307189543,0.0,0.24836601307189543,0.0
tornado,1100,m,fpar_tuned,fpar,oblivious,-threshold 20750 -disable_hop_rtt_normalization,0.5,5000000,3,550,1503.0,582.2907527272729,456.812,1262.42,1503.0,420.608,673200,2929,0,0,355567,2929,0,0,0.43508615567439096,0.0,0.43508615567439096,0.0
tornado,1100,m,reps_uniform_defl,reps_dfp,reps,-dfp_low_uniform,0.5,5000000,3,550,600.917,526.7855254545454,523.032,586.316,600.917,477.907,673200,1,0,0,259181,1,0,0,0.00014854426619132502,0.0,0.00014854426619132502,0.0
tornado,1100,m,reps_no_partition,reps_dfp,reps,,0.5,5000000,3,550,528.252,471.05524181818146,470.929,500.671,528.252,438.038,673200,68,0,0,254827,68,0,0,0.010101010101010102,0.0,0.010101010101010102,0.0
tornado,1100,m,reps_minshare10,reps_dfp,reps,-dfp_minimal_share 10,0.5,5000000,3,550,482.218,449.2939290909091,448.355,474.334,482.218,423.944,673200,0,0,0,230598,0,0,0,0.0,0.0,0.0,0.0
tornado,1100,m,reps_partition,reps_dfp,reps,-reps_partition_entropy -reps_escalate_threshold 0.2 -reps_warmup_explore_rtts 0.5 -reps_explore_prob 70,0.5,5000000,3,550,608.055,482.3133945454547,480.019,549.868,608.055,440.941,673200,1321,0,0,270867,1321,0,0,0.19622697563874034,0.0,0.19622697563874034,0.0
tornado,1100,m,fpar_tuned,fpar,oblivious,-threshold 20750 -disable_hop_rtt_normalization,0.5,5000000,4,550,1297.45,591.6308618181818,459.796,1247.3,1297.45,420.407,673200,2802,0,0,363678,2802,0,0,0.41622103386809267,0.0,0.41622103386809267,0.0
tornado,1100,m,reps_uniform_defl,reps_dfp,reps,-dfp_low_uniform,0.5,5000000,4,550,716.479,527.5449327272728,522.113,586.986,716.479,477.792,673200,14,0,0,263533,14,0,0,0.0020796197266785502,0.0,0.0020796197266785502,0.0
tornado,1100,m,reps_no_partition,reps_dfp,reps,,0.5,5000000,4,550,570.907,471.27370181818196,465.512,536.532,570.907,433.84,673200,201,0,0,256892,201,0,0,0.029857397504456328,0.0,0.029857397504456328,0.0
tornado,1100,m,reps_minshare10,reps_dfp,reps,-dfp_minimal_share 10,0.5,5000000,4,550,504.947,451.88659272727284,447.871,498.582,504.947,426.719,673200,20,0,0,235994,20,0,0,0.0029708853238265003,0.0,0.0029708853238265003,0.0
tornado,1100,m,reps_partition,reps_dfp,reps,-reps_partition_entropy -reps_escalate_threshold 0.2 -reps_warmup_explore_rtts 0.5 -reps_explore_prob 70,0.5,5000000,4,550,665.314,482.396009090909,476.165,601.989,665.314,438.864,673200,1803,0,0,267918,1803,0,0,0.267825311942959,0.0,0.267825311942959,0.0
tornado,1100,m,fpar_tuned,fpar,oblivious,-threshold 20750 -disable_hop_rtt_normalization,0.5,5000000,5,550,1417.05,574.443741818182,457.997,1273.42,1417.05,419.944,673200,2577,0,0,354496,2577,0,0,0.3827985739750446,0.0,0.3827985739750446,0.0
tornado,1100,m,reps_uniform_defl,reps_dfp,reps,-dfp_low_uniform,0.5,5000000,5,550,601.412,525.9292836363637,521.402,582.78,601.412,477.48,673200,6,0,0,257876,6,0,0,0.00089126559714795,0.0,0.00089126559714795,0.0
tornado,1100,m,reps_no_partition,reps_dfp,reps,,0.5,5000000,5,550,513.218,467.9313690909092,467.223,503.392,513.218,432.272,673200,21,0,0,253017,21,0,0,0.0031194295900178253,0.0,0.0031194295900178253,0.0
tornado,1100,m,reps_minshare10,reps_dfp,reps,-dfp_minimal_share 10,0.5,5000000,5,550,490.486,450.42079090909056,448.154,488.008,490.486,425.147,673200,0,0,0,230725,0,0,0,0.0,0.0,0.0,0.0
tornado,1100,m,reps_partition,reps_dfp,reps,-reps_partition_entropy -reps_escalate_threshold 0.2 -reps_warmup_explore_rtts 0.5 -reps_explore_prob 70,0.5,5000000,5,550,608.064,480.7365163636357,478.851,550.96,608.064,437.723,673200,1473,0,0,269449,1473,0,0,0.21880570409982175,0.0,0.21880570409982175,0.0
tornado,1100,m,fpar_tuned,fpar,oblivious,-threshold 20750 -disable_hop_rtt_normalization,0.5,10000000,1,550,4079.52,1162.2036527272735,894.935,2945.04,4079.52,827.796,1346400,2798,0,0,715383,2798,0,0,0.2078134284016637,0.0,0.2078134284016637,0.0
tornado,1100,m,reps_uniform_defl,reps_dfp,reps,-dfp_low_uniform,0.5,10000000,1,550,1288.42,1041.944649090909,1032.38,1163.8,1288.42,950.998,1346400,92,0,0,531536,92,0,0,0.006833036244800951,0.0,0.006833036244800951,0.0
tornado,1100,m,reps_no_partition,reps_dfp,reps,,0.5,10000000,1,550,1043.86,922.4948345454543,924.004,984.903,1043.86,845.608,1346400,172,0,0,511884,172,0,0,0.01277480689245395,0.0,0.01277480689245395,0.0
tornado,1100,m,reps_minshare10,reps_dfp,reps,-dfp_minimal_share 10,0.5,10000000,1,550,952.055,884.392505454546,883.441,943.08,952.055,831.594,1346400,45,0,0,466931,45,0,0,0.0033422459893048127,0.0,0.0033422459893048127,0.0
tornado,1100,m,reps_partition,reps_dfp,reps,-reps_partition_entropy -reps_escalate_threshold 0.2 -reps_warmup_explore_rtts 0.5 -reps_explore_prob 70,0.5,10000000,1,550,1246.54,941.9962763636364,937.252,1120.82,1246.54,859.674,1346400,1560,0,0,532771,1560,0,0,0.11586452762923351,0.0,0.11586452762923351,0.0
tornado,1100,m,fpar_tuned,fpar,oblivious,-threshold 20750 -disable_hop_rtt_normalization,0.5,10000000,2,550,3163.35,1156.74888,909.838,2590.54,3163.35,827.263,1346400,2938,0,0,746303,2938,0,0,0.21821152703505645,0.0,0.21821152703505645,0.0
tornado,1100,m,reps_uniform_defl,reps_dfp,reps,-dfp_low_uniform,0.5,10000000,2,550,1238.4,1034.9947745454542,1022.7,1174.72,1238.4,946.872,1346400,14,0,0,518881,14,0,0,0.0010398098633392751,0.0,0.0010398098633392751,0.0
tornado,1100,m,reps_no_partition,reps_dfp,reps,,0.5,10000000,2,550,1097.4,918.3010036363625,910.015,1004.04,1097.4,860.993,1346400,130,0,0,504114,130,0,0,0.009655377302436126,0.0,0.009655377302436126,0.0
tornado,1100,m,reps_minshare10,reps_dfp,reps,-dfp_minimal_share 10,0.5,10000000,2,550,966.525,882.3248272727274,873.404,956.291,966.525,838.212,1346400,16,0,0,461899,16,0,0,0.0011883541295306002,0.0,0.0011883541295306002,0.0
tornado,1100,m,reps_partition,reps_dfp,reps,-reps_partition_entropy -reps_escalate_threshold 0.2 -reps_warmup_explore_rtts 0.5 -reps_explore_prob 70,0.5,10000000,2,550,1328.69,941.8006254545451,929.421,1146.48,1328.69,856.84,1346400,2051,0,0,528547,2051,0,0,0.1523321449792038,0.0,0.1523321449792038,0.0
tornado,1100,m,fpar_tuned,fpar,oblivious,-threshold 20750 -disable_hop_rtt_normalization,0.5,10000000,3,550,3015.44,1156.0841599999992,895.697,2530.65,3015.44,827.068,1346400,3220,0,0,724536,3220,0,0,0.23915626856803326,0.0,0.23915626856803326,0.0
tornado,1100,m,reps_uniform_defl,reps_dfp,reps,-dfp_low_uniform,0.5,10000000,3,550,1177.03,1035.5399109090904,1027.39,1156.38,1177.03,937.385,1346400,1,0,0,519436,1,0,0,7.427213309566251e-05,0.0,7.427213309566251e-05,0.0
tornado,1100,m,reps_no_partition,reps_dfp,reps,,0.5,10000000,3,550,1029.24,922.5019472727281,922.873,983.425,1029.24,853.764,1346400,112,0,0,512157,112,0,0,0.008318478906714201,0.0,0.008318478906714201,0.0
tornado,1100,m,reps_minshare10,reps_dfp,reps,-dfp_minimal_share 10,0.5,10000000,3,550,943.844,882.4123381818181,880.496,933.002,943.844,839.191,1346400,3,0,0,463358,3,0,0,0.0002228163992869875,0.0,0.0002228163992869875,0.0
tornado,1100,m,reps_partition,reps_dfp,reps,-reps_partition_entropy -reps_escalate_threshold 0.2 -reps_warmup_explore_rtts 0.5 -reps_explore_prob 70,0.5,10000000,3,550,1156.59,947.3107981818184,940.824,1105.23,1156.59,867.297,1346400,1730,0,0,539611,1730,0,0,0.12849079025549615,0.0,0.12849079025549615,0.0
tornado,1100,m,fpar_tuned,fpar,oblivious,-threshold 20750 -disable_hop_rtt_normalization,0.5,10000000,4,550,2605.52,1170.2965181818183,905.579,2481.11,2605.52,826.843,1346400,3067,0,0,738767,3067,0,0,0.2277926322043969,0.0,0.2277926322043969,0.0
tornado,1100,m,reps_uniform_defl,reps_dfp,reps,-dfp_low_uniform,0.5,10000000,4,550,1383.52,1035.7991672727271,1023.92,1195.33,1383.52,942.027,1346400,9,0,0,525212,9,0,0,0.0006684491978609625,0.0,0.0006684491978609625,0.0
tornado,1100,m,reps_no_partition,reps_dfp,reps,,0.5,10000000,4,550,1156.91,924.1716127272731,911.138,1078.47,1156.91,851.636,1346400,385,0,0,512560,385,0,0,0.028594771241830064,0.0,0.028594771241830064,0.0
tornado,1100,m,reps_minshare10,reps_dfp,reps,-dfp_minimal_share 10,0.5,10000000,4,550,986.827,887.18498,879.062,978.294,986.827,839.033,1346400,27,0,0,472640,27,0,0,0.002005347593582888,0.0,0.002005347593582888,0.0
tornado,1100,m,reps_partition,reps_dfp,reps,-reps_partition_entropy -reps_escalate_threshold 0.2 -reps_warmup_explore_rtts 0.5 -reps_explore_prob 70,0.5,10000000,4,550,1262.99,945.720496363637,929.145,1194.95,1262.99,855.681,1346400,2235,0,0,531941,2235,0,0,0.1659982174688057,0.0,0.1659982174688057,0.0
tornado,1100,m,fpar_tuned,fpar,oblivious,-threshold 20750 -disable_hop_rtt_normalization,0.5,10000000,5,550,2763.77,1138.704996363636,902.053,2562.82,2763.77,826.211,1346400,2849,0,0,723144,2849,0,0,0.21160130718954248,0.0,0.21160130718954248,0.0
tornado,1100,m,reps_uniform_defl,reps_dfp,reps,-dfp_low_uniform,0.5,10000000,5,550,1187.83,1033.6398472727271,1024.76,1150.29,1187.83,936.776,1346400,22,0,0,517154,22,0,0,0.0016339869281045752,0.0,0.0016339869281045752,0.0
tornado,1100,m,reps_no_partition,reps_dfp,reps,,0.5,10000000,5,550,1008.2,919.1089981818182,917.845,996.258,1008.2,853.56,1346400,65,0,0,507625,65,0,0,0.004827688651218063,0.0,0.004827688651218063,0.0
tornado,1100,m,reps_minshare10,reps_dfp,reps,-dfp_minimal_share 10,0.5,10000000,5,550,964.532,884.12556,879.521,954.923,964.532,837.073,1346400,0,0,0,463380,0,0,0,0.0,0.0,0.0,0.0
tornado,1100,m,reps_partition,reps_dfp,reps,-reps_partition_entropy -reps_escalate_threshold 0.2 -reps_warmup_explore_rtts 0.5 -reps_explore_prob 70,0.5,10000000,5,550,1155.04,942.0953090909082,934.401,1117.94,1155.04,858.003,1346400,1811,0,0,537239,1811,0,0,0.1345068330362448,0.0,0.1345068330362448,0.0
tornado,1100,m,fpar_tuned,fpar,oblivious,-threshold 20750 -disable_hop_rtt_normalization,0.75,100000,1,825,49.4029,27.163854424242402,26.125,35.7376,49.4029,23.7976,20625,29,0,0,6795,29,0,0,0.1406060606060606,0.0,0.1406060606060606,0.0
tornado,1100,m,reps_uniform_defl,reps_dfp,reps,-dfp_low_uniform,0.75,100000,1,825,35.4928,29.31429551515153,29.1216,34.1374,35.4928,25.8118,20625,0,0,0,6577,0,0,0,0.0,0.0,0.0,0.0
tornado,1100,m,reps_no_partition,reps_dfp,reps,,0.75,100000,1,825,33.1056,27.378842545454553,27.2576,31.2992,33.1056,23.3107,20625,0,0,0,6733,0,0,0,0.0,0.0,0.0,0.0
tornado,1100,m,reps_minshare10,reps_dfp,reps,-dfp_minimal_share 10,0.75,100000,1,825,31.761,26.60126824242426,26.4536,30.4376,31.761,23.3056,20625,0,0,0,6675,0,0,0,0.0,0.0,0.0,0.0
tornado,1100,m,reps_partition,reps_dfp,reps,-reps_partition_entropy -reps_escalate_threshold 0.2 -reps_warmup_explore_rtts 0.5 -reps_explore_prob 70,0.75,100000,1,825,32.7616,26.870944363636376,26.6136,31.5856,32.7616,23.153,20625,0,0,0,6665,0,0,0,0.0,0.0,0.0,0.0
tornado,1100,m,fpar_tuned,fpar,oblivious,-threshold 20750 -disable_hop_rtt_normalization,0.75,100000,2,825,37.1014,26.946984848484934,26.1198,35.0736,37.1014,23.801,20625,0,0,0,6714,0,0,0,0.0,0.0,0.0,0.0
tornado,1100,m,reps_uniform_defl,reps_dfp,reps,-dfp_low_uniform,0.75,100000,2,825,34.965,29.330766060606067,29.0976,33.6512,34.965,26.1438,20625,0,0,0,6627,0,0,0,0.0,0.0,0.0,0.0
tornado,1100,m,reps_no_partition,reps_dfp,reps,,0.75,100000,2,825,34.953,27.33584884848486,27.1267,33.0907,34.953,23.6307,20625,0,0,0,6730,0,0,0,0.0,0.0,0.0,0.0
tornado,1100,m,reps_minshare10,reps_dfp,reps,-dfp_minimal_share 10,0.75,100000,2,825,31.2616,26.360646303030286,26.2752,29.7867,31.2616,23.149,20625,0,0,0,6577,0,0,0,0.0,0.0,0.0,0.0
tornado,1100,m,reps_partition,reps_dfp,reps,-reps_partition_entropy -reps_escalate_threshold 0.2 -reps_warmup_explore_rtts 0.5 -reps_explore_prob 70,0.75,100000,2,825,32.4416,26.863420848484814,26.7776,31.0936,32.4416,22.9496,20625,0,0,0,6742,0,0,0,0.0,0.0,0.0,0.0
tornado,1100,m,fpar_tuned,fpar,oblivious,-threshold 20750 -disable_hop_rtt_normalization,0.75,100000,3,825,41.5416,27.060736727272737,26.1472,35.9677,41.5416,23.641,20625,0,0,0,6682,0,0,0,0.0,0.0,0.0,0.0
tornado,1100,m,reps_uniform_defl,reps_dfp,reps,-dfp_low_uniform,0.75,100000,3,825,36.785,29.285052606060614,28.9616,33.785,36.785,26.1267,20625,0,0,0,6539,0,0,0,0.0,0.0,0.0,0.0
tornado,1100,m,reps_no_partition,reps_dfp,reps,,0.75,100000,3,825,32.4296,27.358802545454566,27.1227,31.4096,32.4296,24.1096,20625,0,0,0,6738,0,0,0,0.0,0.0,0.0,0.0
tornado,1100,m,reps_minshare10,reps_dfp,reps,-dfp_minimal_share 10,0.75,100000,3,825,31.4547,26.296029454545465,26.1387,29.9496,31.4547,22.6216,20625,0,0,0,6606,0,0,0,0.0,0.0,0.0,0.0
tornado,1100,m,reps_partition,reps_dfp,reps,-reps_partition_entropy -reps_escalate_threshold 0.2 -reps_warmup_explore_rtts 0.5 -reps_explore_prob 70,0.75,100000,3,825,32.1187,26.74729842424244,26.633,30.6318,32.1187,23.3038,20625,0,0,0,6686,0,0,0,0.0,0.0,0.0,0.0
tornado,1100,m,fpar_tuned,fpar,oblivious,-threshold 20750 -disable_hop_rtt_normalization,0.75,100000,4,825,35.4414,26.730283878787912,25.9854,34.0325,35.4414,23.4838,20625,0,0,0,6631,0,0,0,0.0,0.0,0.0,0.0
tornado,1100,m,reps_uniform_defl,reps_dfp,reps,-dfp_low_uniform,0.75,100000,4,825,35.113,29.129176848484857,28.7827,33.511,35.113,25.6278,20625,0,0,0,6511,0,0,0,0.0,0.0,0.0,0.0
tornado,1100,m,reps_no_partition,reps_dfp,reps,,0.75,100000,4,825,35.433,27.395707878787945,27.2878,31.2736,35.433,24.1216,20625,0,0,0,6730,0,0,0,0.0,0.0,0.0,0.0
tornado,1100,m,reps_minshare10,reps_dfp,reps,-dfp_minimal_share 10,0.75,100000,4,825,31.1136,26.347171757575804,26.2627,30.2696,31.1136,23.1336,20625,0,0,0,6594,0,0,0,0.0,0.0,0.0,0.0
tornado,1100,m,reps_partition,reps_dfp,reps,-reps_partition_entropy -reps_escalate_threshold 0.2 -reps_warmup_explore_rtts 0.5 -reps_explore_prob 70,0.75,100000,4,825,31.2867,26.797106787878807,26.6296,30.6216,31.2867,23.4747,20625,0,0,0,6737,0,0,0,0.0,0.0,0.0,0.0
tornado,1100,m,fpar_tuned,fpar,oblivious,-threshold 20750 -disable_hop_rtt_normalization,0.75,100000,5,825,38.6054,26.999571878787876,26.1318,36.5776,38.6054,23.6376,20625,0,0,0,6678,0,0,0,0.0,0.0,0.0,0.0
tornado,1100,m,reps_uniform_defl,reps_dfp,reps,-dfp_low_uniform,0.75,100000,5,825,36.9962,29.334691030303027,28.9837,33.797,36.9962,26.1387,20625,0,0,0,6591,0,0,0,0.0,0.0,0.0,0.0
tornado,1100,m,reps_no_partition,reps_dfp,reps,,0.75,100000,5,825,33.6277,27.55539648484849,27.4376,32.125,33.6277,23.8846,20625,0,0,0,6760,0,0,0,0.0,0.0,0.0,0.0
tornado,1100,m,reps_minshare10,reps_dfp,reps,-dfp_minimal_share 10,0.75,100000,5,825,34.781,26.39335951515154,26.1336,30.9296,34.781,23.0629,20625,0,0,0,6609,0,0,0,0.0,0.0,0.0,0.0
tornado,1100,m,reps_partition,reps_dfp,reps,-reps_partition_entropy -reps_escalate_threshold 0.2 -reps_warmup_explore_rtts 0.5 -reps_explore_prob 70,0.75,100000,5,825,31.6896,26.777902666666662,26.4792,30.9576,31.6896,23.1438,20625,0,0,0,6687,0,0,0,0.0,0.0,0.0,0.0
tornado,1100,m,fpar_tuned,fpar,oblivious,-threshold 20750 -disable_hop_rtt_normalization,0.75,250000,1,825,83.6094,47.717203757575724,47.607,61.105,83.6094,39.3275,51150,1765,0,0,19452,1765,0,0,3.450635386119257,0.0,3.450635386119257,0.0
tornado,1100,m,reps_uniform_defl,reps_dfp,reps,-dfp_low_uniform,0.75,250000,1,825,62.031,51.91874193939396,51.6485,59.6416,62.031,44.9931,51150,5,0,0,22874,5,0,0,0.009775171065493646,0.0,0.009775171065493646,0.0
tornado,1100,m,reps_no_partition,reps_dfp,reps,,0.75,250000,1,825,54.8456,48.67135757575759,48.6451,53.6758,54.8456,42.0746,51150,8,0,0,23937,8,0,0,0.015640273704789834,0.0,0.015640273704789834,0.0
tornado,1100,m,reps_minshare10,reps_dfp,reps,-dfp_minimal_share 10,0.75,250000,1,825,54.5347,46.161970060606116,45.9522,52.9845,54.5347,40.2666,51150,8,0,0,21153,8,0,0,0.015640273704789834,0.0,0.015640273704789834,0.0
tornado,1100,m,reps_partition,reps_dfp,reps,-reps_partition_entropy -reps_escalate_threshold 0.2 -reps_warmup_explore_rtts 0.5 -reps_explore_prob 70,0.75,250000,1,825,56.1736,49.09329248484851,49.0312,54.8043,56.1736,40.5696,51150,2315,0,0,23108,2315,0,0,4.525904203323559,0.0,4.525904203323559,0.0
tornado,1100,m,fpar_tuned,fpar,oblivious,-threshold 20750 -disable_hop_rtt_normalization,0.75,250000,2,825,66.0451,47.25486824242419,47.0608,64.0531,66.0451,39.0507,51150,1426,0,0,19357,1426,0,0,2.787878787878788,0.0,2.787878787878788,0.0
tornado,1100,m,reps_uniform_defl,reps_dfp,reps,-dfp_low_uniform,0.75,250000,2,825,69.0355,51.96349406060613,51.4013,61.2606,69.0355,44.9362,51150,6,0,0,23233,6,0,0,0.011730205278592375,0.0,0.011730205278592375,0.0
tornado,1100,m,reps_no_partition,reps_dfp,reps,,0.75,250000,2,825,57.043,48.74485721212118,48.603,55.247,57.043,42.6566,51150,0,0,0,23818,0,0,0,0.0,0.0,0.0,0.0
tornado,1100,m,reps_minshare10,reps_dfp,reps,-dfp_minimal_share 10,0.75,250000,2,825,54.2637,45.730192363636384,45.4885,51.6656,54.2637,39.307,51150,12,0,0,21068,12,0,0,0.02346041055718475,0.0,0.02346041055718475,0.0
tornado,1100,m,reps_partition,reps_dfp,reps,-reps_partition_entropy -reps_escalate_threshold 0.2 -reps_warmup_explore_rtts 0.5 -reps_explore_prob 70,0.75,250000,2,825,57.3437,49.1314650909091,49.244,54.4938,57.3437,42.6389,51150,2375,0,0,23190,2375,0,0,4.643206256109482,0.0,4.643206256109482,0.0
tornado,1100,m,fpar_tuned,fpar,oblivious,-threshold 20750 -disable_hop_rtt_normalization,0.75,250000,3,825,71.9184,47.483095757575796,47.4093,66.591,71.9184,39.033,51150,1708,0,0,19389,1708,0,0,3.3391984359726297,0.0,3.3391984359726297,0.0
tornado,1100,m,reps_uniform_defl,reps_dfp,reps,-dfp_low_uniform,0.75,250000,3,825,60.9595,51.73882048484846,51.6565,59.239,60.9595,45.1355,51150,0,0,0,23139,0,0,0,0.0,0.0,0.0,0.0
tornado,1100,m,reps_no_partition,reps_dfp,reps,,0.75,250000,3,825,57.5443,48.60534218181822,48.5376,55.2032,57.5443,41.5696,51150,5,0,0,23567,5,0,0,0.009775171065493646,0.0,0.009775171065493646,0.0
tornado,1100,m,reps_minshare10,reps_dfp,reps,-dfp_minimal_share 10,0.75,250000,3,825,54.9805,46.27057551515151,46.2136,52.931,54.9805,40.2939,51150,29,0,0,21096,29,0,0,0.056695992179863146,0.0,0.056695992179863146,0.0
tornado,1100,m,reps_partition,reps_dfp,reps,-reps_partition_entropy -reps_escalate_threshold 0.2 -reps_warmup_explore_rtts 0.5 -reps_explore_prob 70,0.75,250000,3,825,55.5702,49.206149454545425,49.1672,53.9878,55.5702,41.299,51150,2376,0,0,23099,2376,0,0,4.645161290322581,0.0,4.645161290322581,0.0
tornado,1100,m,fpar_tuned,fpar,oblivious,-threshold 20750 -disable_hop_rtt_normalization,0.75,250000,4,825,64.176,47.2202374545455,47.4714,58.6592,64.176,39.1059,51150,1423,0,0,19145,1423,0,0,2.782013685239492,0.0,2.782013685239492,0.0
tornado,1100,m,reps_uniform_defl,reps_dfp,reps,-dfp_low_uniform,0.75,250000,4,825,62.0835,51.310954909090945,51.259,57.8675,62.0835,44.2899,51150,12,0,0,22625,12,0,0,0.02346041055718475,0.0,0.02346041055718475,0.0
tornado,1100,m,reps_no_partition,reps_dfp,reps,,0.75,250000,4,825,57.6325,49.181840969696964,48.7379,56.5056,57.6325,43.1902,51150,8,0,0,23597,8,0,0,0.015640273704789834,0.0,0.015640273704789834,0.0
tornado,1100,m,reps_minshare10,reps_dfp,reps,-dfp_minimal_share 10,0.75,250000,4,825,53.7322,45.735497575757584,45.6253,50.931,53.7322,39.6466,51150,21,0,0,20947,21,0,0,0.04105571847507331,0.0,0.04105571847507331,0.0
tornado,1100,m,reps_partition,reps_dfp,reps,-reps_partition_entropy -reps_escalate_threshold 0.2 -reps_warmup_explore_rtts 0.5 -reps_explore_prob 70,0.75,250000,4,825,57.4003,49.11829369696973,49.0272,54.8328,57.4003,42.419,51150,2555,0,0,23337,2555,0,0,4.995112414467253,0.0,4.995112414467253,0.0
tornado,1100,m,fpar_tuned,fpar,oblivious,-threshold 20750 -disable_hop_rtt_normalization,0.75,250000,5,825,69.2544,47.502960000000066,47.8118,65.3672,69.2544,38.7624,51150,1657,0,0,19473,1657,0,0,3.239491691104594,0.0,3.239491691104594,0.0
tornado,1100,m,reps_uniform_defl,reps_dfp,reps,-dfp_low_uniform,0.75,250000,5,825,63.7269,51.7228833939394,51.3245,60.3278,63.7269,44.1274,51150,6,0,0,22776,6,0,0,0.011730205278592375,0.0,0.011730205278592375,0.0
tornado,1100,m,reps_no_partition,reps_dfp,reps,,0.75,250000,5,825,57.2624,48.838512727272686,48.603,54.9194,57.2624,43.5883,51150,31,0,0,23757,31,0,0,0.06060606060606061,0.0,0.06060606060606061,0.0
tornado,1100,m,reps_minshare10,reps_dfp,reps,-dfp_minimal_share 10,0.75,250000,5,825,52.7453,45.85663733333335,45.8856,51.0658,52.7453,39.3326,51150,22,0,0,20903,22,0,0,0.043010752688172046,0.0,0.043010752688172046,0.0
tornado,1100,m,reps_partition,reps_dfp,reps,-reps_partition_entropy -reps_escalate_threshold 0.2 -reps_warmup_explore_rtts 0.5 -reps_explore_prob 70,0.75,250000,5,825,55.0854,49.067827515151514,49.2042,53.2974,55.0854,42.373,51150,2414,0,0,23178,2414,0,0,4.719452590420333,0.0,4.719452590420333,0.0
tornado,1100,m,fpar_tuned,fpar,oblivious,-threshold 20750 -disable_hop_rtt_normalization,0.75,500000,1,825,171.438,77.40895357575761,74.9558,116.999,171.438,63.6363,101475,4860,0,0,44204,4860,0,0,4.789356984478935,0.0,4.789356984478935,0.0
tornado,1100,m,reps_uniform_defl,reps_dfp,reps,-dfp_low_uniform,0.75,500000,1,825,98.8176,87.50183551515158,87.8798,95.6739,98.8176,74.5043,101475,126,0,0,56146,126,0,0,0.12416851441241686,0.0,0.12416851441241686,0.0
tornado,1100,m,reps_no_partition,reps_dfp,reps,,0.75,500000,1,825,90.0691,82.25629006060602,82.3138,89.2072,90.0691,69.544,101475,338,0,0,63712,338,0,0,0.3330869672333087,0.0,0.3330869672333087,0.0
tornado,1100,m,reps_minshare10,reps_dfp,reps,-dfp_minimal_share 10,0.75,500000,1,825,86.4349,77.72047200000007,77.5598,85.3131,86.4349,67.4638,101475,294,0,0,57785,294,0,0,0.28972653362897266,0.0,0.28972653362897266,0.0
tornado,1100,m,reps_partition,reps_dfp,reps,-reps_partition_entropy -reps_escalate_threshold 0.2 -reps_warmup_explore_rtts 0.5 -reps_explore_prob 70,0.75,500000,1,825,91.1838,78.57491915151515,78.3371,89.1918,91.1838,66.1074,101475,4968,0,0,55269,4968,0,0,4.8957871396895785,0.0,4.8957871396895785,0.0
tornado,1100,m,fpar_tuned,fpar,oblivious,-threshold 20750 -disable_hop_rtt_normalization,0.75,500000,2,825,138.577,76.76962981818184,74.9038,115.839,138.577,63.4506,101475,4398,0,0,44278,4398,0,0,4.334072431633407,0.0,4.334072431633407,0.0
tornado,1100,m,reps_uniform_defl,reps_dfp,reps,-dfp_low_uniform,0.75,500000,2,825,102.408,87.42474072727285,87.3464,96.7134,102.408,77.2581,101475,125,0,0,56942,125,0,0,0.1231830500123183,0.0,0.1231830500123183,0.0
tornado,1100,m,reps_no_partition,reps_dfp,reps,,0.75,500000,2,825,92.8533,82.15103599999992,82.0096,89.1373,92.8533,73.8138,101475,280,0,0,63575,280,0,0,0.27593003202759303,0.0,0.27593003202759303,0.0
tornado,1100,m,reps_minshare10,reps_dfp,reps,-dfp_minimal_share 10,0.75,500000,2,825,87.9235,77.27767842424248,77.0443,85.5944,87.9235,66.4835,101475,109,0,0,57511,109,0,0,0.10741561961074156,0.0,0.10741561961074156,0.0
tornado,1100,m,reps_partition,reps_dfp,reps,-reps_partition_entropy -reps_escalate_threshold 0.2 -reps_warmup_explore_rtts 0.5 -reps_explore_prob 70,0.75,500000,2,825,87.8518,78.06557272727274,77.905,86.2789,87.8518,68.0902,101475,5000,0,0,55472,5000,0,0,4.927322000492732,0.0,4.927322000492732,0.0
tornado,1100,m,fpar_tuned,fpar,oblivious,-threshold 20750 -disable_hop_rtt_normalization,0.75,500000,3,825,164.182,76.57100072727266,74.6397,125.99,164.182,62.1861,101475,4973,0,0,43749,4973,0,0,4.900714461690072,0.0,4.900714461690072,0.0
tornado,1100,m,reps_uniform_defl,reps_dfp,reps,-dfp_low_uniform,0.75,500000,3,825,98.6256,87.09244581818189,86.7467,97.7112,98.6256,75.7485,101475,80,0,0,56694,80,0,0,0.07883715200788372,0.0,0.07883715200788372,0.0
tornado,1100,m,reps_no_partition,reps_dfp,reps,,0.75,500000,3,825,92.2424,81.99294242424236,82.0736,89.5864,92.2424,70.837,101475,231,0,0,63173,231,0,0,0.22764227642276422,0.0,0.22764227642276422,0.0
tornado,1100,m,reps_minshare10,reps_dfp,reps,-dfp_minimal_share 10,0.75,500000,3,825,85.5154,76.887474909091,77.1038,84.3936,85.5154,66.5374,101475,372,0,0,57680,372,0,0,0.36659275683665926,0.0,0.36659275683665926,0.0
tornado,1100,m,reps_partition,reps_dfp,reps,-reps_partition_entropy -reps_escalate_threshold 0.2 -reps_warmup_explore_rtts 0.5 -reps_explore_prob 70,0.75,500000,3,825,90.6365,78.98153818181822,79.0816,89.5819,90.6365,65.9672,101475,5068,0,0,54853,5068,0,0,4.9943335796994335,0.0,4.9943335796994335,0.0
tornado,1100,m,fpar_tuned,fpar,oblivious,-threshold 20750 -disable_hop_rtt_normalization,0.75,500000,4,825,125.493,76.36870618181828,75.4362,107.396,125.493,62.1408,101475,4401,0,0,43972,4401,0,0,4.337028824833703,0.0,4.337028824833703,0.0
tornado,1100,m,reps_uniform_defl,reps_dfp,reps,-dfp_low_uniform,0.75,500000,4,825,99.8699,86.59646921212125,86.1109,96.6253,99.8699,70.5946,101475,64,0,0,55624,64,0,0,0.06306972160630697,0.0,0.06306972160630697,0.0
tornado,1100,m,reps_no_partition,reps_dfp,reps,,0.75,500000,4,825,93.2595,82.36180218181815,82.4016,89.9547,93.2595,72.0842,101475,290,0,0,63499,290,0,0,0.2857846760285785,0.0,0.2857846760285785,0.0
tornado,1100,m,reps_minshare10,reps_dfp,reps,-dfp_minimal_share 10,0.75,500000,4,825,86.1936,77.13371260606067,77.1349,84.7749,86.1936,67.6222,101475,243,0,0,57568,243,0,0,0.2394678492239468,0.0,0.2394678492239468,0.0
tornado,1100,m,reps_partition,reps_dfp,reps,-reps_partition_entropy -reps_escalate_threshold 0.2 -reps_warmup_explore_rtts 0.5 -reps_explore_prob 70,0.75,500000,4,825,93.1814,78.75744981818178,78.4662,91.9187,93.1814,67.3168,101475,5148,0,0,55604,5148,0,0,5.073170731707317,0.0,5.073170731707317,0.0
tornado,1100,m,fpar_tuned,fpar,oblivious,-threshold 20750 -disable_hop_rtt_normalization,0.75,500000,5,825,141.789,77.05261030303038,75.2176,119.84,141.789,61.4605,101475,4608,0,0,44636,4608,0,0,4.541019955654102,0.0,4.541019955654102,0.0
tornado,1100,m,reps_uniform_defl,reps_dfp,reps,-dfp_low_uniform,0.75,500000,5,825,101.102,86.71085187878789,86.6371,96.4096,101.102,74.453,101475,100,0,0,55943,100,0,0,0.09854644000985464,0.0,0.09854644000985464,0.0
tornado,1100,m,reps_no_partition,reps_dfp,reps,,0.75,500000,5,825,92.1213,81.83593903030295,81.9424,89.7973,92.1213,72.3206,101475,405,0,0,63596,405,0,0,0.3991130820399113,0.0,0.3991130820399113,0.0
tornado,1100,m,reps_minshare10,reps_dfp,reps,-dfp_minimal_share 10,0.75,500000,5,825,86.5216,76.87251006060619,76.6872,84.5234,86.5216,66.5714,101475,247,0,0,57748,247,0,0,0.24340970682434096,0.0,0.24340970682434096,0.0
tornado,1100,m,reps_partition,reps_dfp,reps,-reps_partition_entropy -reps_escalate_threshold 0.2 -reps_warmup_explore_rtts 0.5 -reps_explore_prob 70,0.75,500000,5,825,90.5646,78.49796133333331,78.3854,89.4882,90.5646,65.9434,101475,4883,0,0,54936,4883,0,0,4.812022665681202,0.0,4.812022665681202,0.0
tornado,1100,m,fpar_tuned,fpar,oblivious,-threshold 20750 -disable_hop_rtt_normalization,0.75,2000000,1,825,762.594,263.49347757575725,226.904,544.454,762.594,193.259,404250,7384,0,0,197044,7384,0,0,1.8265924551638837,0.0,1.8265924551638837,0.0
tornado,1100,m,reps_uniform_defl,reps_dfp,reps,-dfp_low_uniform,0.75,2000000,1,825,458.245,279.33891393939393,267.65,388.28,458.245,239.119,404250,415,0,0,233403,415,0,0,0.10265924551638837,0.0,0.10265924551638837,0.0
tornado,1100,m,reps_no_partition,reps_dfp,reps,,0.75,2000000,1,825,384.759,262.3426254545452,254.841,350.409,384.759,215.45,404250,1136,0,0,243741,1136,0,0,0.2810142238713667,0.0,0.2810142238713667,0.0
tornado,1100,m,reps_minshare10,reps_dfp,reps,-dfp_minimal_share 10,0.75,2000000,1,825,368.036,247.13769575757595,240.96,334.941,368.036,214.974,404250,1155,0,0,251751,1155,0,0,0.2857142857142857,0.0,0.2857142857142857,0.0
tornado,1100,m,reps_partition,reps_dfp,reps,-reps_partition_entropy -reps_escalate_threshold 0.2 -reps_warmup_explore_rtts 0.5 -reps_explore_prob 70,0.75,2000000,1,825,390.236,262.5575345454545,255.533,345.276,390.236,220.482,404250,5914,0,0,245276,5914,0,0,1.4629560915275202,0.0,1.4629560915275202,0.0
tornado,1100,m,fpar_tuned,fpar,oblivious,-threshold 20750 -disable_hop_rtt_normalization,0.75,2000000,2,825,594.759,264.4850872727271,231.229,511.939,594.759,192.571,404250,7754,0,0,201939,7754,0,0,1.9181199752628324,0.0,1.9181199752628324,0.0
tornado,1100,m,reps_uniform_defl,reps_dfp,reps,-dfp_low_uniform,0.75,2000000,2,825,564.137,281.0456618181818,267.202,414.601,564.137,241.527,404250,611,0,0,235953,611,0,0,0.15114409400123685,0.0,0.15114409400123685,0.0
tornado,1100,m,reps_no_partition,reps_dfp,reps,,0.75,2000000,2,825,379.432,259.9361393939393,253.149,349.892,379.432,218.495,404250,1076,0,0,245085,1076,0,0,0.26617192331478046,0.0,0.26617192331478046,0.0
tornado,1100,m,reps_minshare10,reps_dfp,reps,-dfp_minimal_share 10,0.75,2000000,2,825,361.463,246.30638666666678,240.174,318.826,361.463,216.23,404250,863,0,0,254974,863,0,0,0.2134817563388992,0.0,0.2134817563388992,0.0
tornado,1100,m,reps_partition,reps_dfp,reps,-reps_partition_entropy -reps_escalate_threshold 0.2 -reps_warmup_explore_rtts 0.5 -reps_explore_prob 70,0.75,2000000,2,825,397.026,261.58031393939416,253.507,346.751,397.026,222.73,404250,6022,0,0,246865,6022,0,0,1.4896722325293754,0.0,1.4896722325293754,0.0
tornado,1100,m,fpar_tuned,fpar,oblivious,-threshold 20750 -disable_hop_rtt_normalization,0.75,2000000,3,825,745.574,263.72525939393944,229.458,608.171,745.574,190.008,404250,7879,0,0,199686,7879,0,0,1.9490414347557206,0.0,1.9490414347557206,0.0
tornado,1100,m,reps_uniform_defl,reps_dfp,reps,-dfp_low_uniform,0.75,2000000,3,825,474.96,279.4441624242423,265.076,412.047,474.96,238.187,404250,272,0,0,235236,272,0,0,0.06728509585652442,0.0,0.06728509585652442,0.0
tornado,1100,m,reps_no_partition,reps_dfp,reps,,0.75,2000000,3,825,376.559,261.7164812121213,254.686,348.212,376.559,214.66,404250,1198,0,0,243232,1198,0,0,0.2963512677798392,0.0,0.2963512677798392,0.0
tornado,1100,m,reps_minshare10,reps_dfp,reps,-dfp_minimal_share 10,0.75,2000000,3,825,370.801,246.6898715151513,240.48,324.814,370.801,213.305,404250,1022,0,0,255205,1022,0,0,0.2528138528138528,0.0,0.2528138528138528,0.0
tornado,1100,m,reps_partition,reps_dfp,reps,-reps_partition_entropy -reps_escalate_threshold 0.2 -reps_warmup_explore_rtts 0.5 -reps_explore_prob 70,0.75,2000000,3,825,385.42,262.6855600000002,254.633,369.379,385.42,219.915,404250,6236,0,0,245657,6236,0,0,1.5426097711811997,0.0,1.5426097711811997,0.0
tornado,1100,m,fpar_tuned,fpar,oblivious,-threshold 20750 -disable_hop_rtt_normalization,0.75,2000000,4,825,592.817,263.92928848484866,234.191,490.244,592.817,190.836,404250,7999,0,0,200895,7999,0,0,1.978726035868893,0.0,1.978726035868893,0.0
tornado,1100,m,reps_uniform_defl,reps_dfp,reps,-dfp_low_uniform,0.75,2000000,4,825,453.472,279.01190787878784,265.584,412.364,453.472,235.17,404250,217,0,0,236557,217,0,0,0.05367965367965368,0.0,0.05367965367965368,0.0
tornado,1100,m,reps_no_partition,reps_dfp,reps,,0.75,2000000,4,825,405.396,260.97100484848465,251.227,360.481,405.396,216.129,404250,1023,0,0,246255,1023,0,0,0.2530612244897959,0.0,0.2530612244897959,0.0
tornado,1100,m,reps_minshare10,reps_dfp,reps,-dfp_minimal_share 10,0.75,2000000,4,825,337.688,246.44528363636357,239.245,319.199,337.688,219.496,404250,1067,0,0,257154,1067,0,0,0.2639455782312925,0.0,0.2639455782312925,0.0
tornado,1100,m,reps_partition,reps_dfp,reps,-reps_partition_entropy -reps_escalate_threshold 0.2 -reps_warmup_explore_rtts 0.5 -reps_explore_prob 70,0.75,2000000,4,825,418.066,263.0024024242425,254.176,360.584,418.066,221.966,404250,6070,0,0,247196,6070,0,0,1.5015460729746444,0.0,1.5015460729746444,0.0
tornado,1100,m,fpar_tuned,fpar,oblivious,-threshold 20750 -disable_hop_rtt_normalization,0.75,2000000,5,825,742.017,265.3684121212124,232.433,503.878,742.017,189.62,404250,7863,0,0,202637,7863,0,0,1.945083487940631,0.0,1.945083487940631,0.0
tornado,1100,m,reps_uniform_defl,reps_dfp,reps,-dfp_low_uniform,0.75,2000000,5,825,453.902,279.24947272727263,267.742,391.003,453.902,238.639,404250,362,0,0,234190,362,0,0,0.08954854669140383,0.0,0.08954854669140383,0.0
tornado,1100,m,reps_no_partition,reps_dfp,reps,,0.75,2000000,5,825,418.308,261.9213587878784,252.403,356.076,418.308,215.206,404250,1163,0,0,243567,1163,0,0,0.2876932591218305,0.0,0.2876932591218305,0.0
tornado,1100,m,reps_minshare10,reps_dfp,reps,-dfp_minimal_share 10,0.75,2000000,5,825,352.389,245.9147927272729,239.231,328.674,352.389,216.629,404250,771,0,0,257345,771,0,0,0.19072356215213357,0.0,0.19072356215213357,0.0
tornado,1100,m,reps_partition,reps_dfp,reps,-reps_partition_entropy -reps_escalate_threshold 0.2 -reps_warmup_explore_rtts 0.5 -reps_explore_prob 70,0.75,2000000,5,825,422.704,263.0818993939395,254.903,363.582,422.704,217.925,404250,6223,0,0,242590,6223,0,0,1.5393939393939393,0.0,1.5393939393939393,0.0
tornado,1100,m,fpar_tuned,fpar,oblivious,-threshold 20750 -disable_hop_rtt_normalization,0.75,5000000,1,825,1931.48,641.6074387878784,523.616,1458.2,1931.48,448.603,1009800,8749,0,0,502885,8749,0,0,0.8664091899386017,0.0,0.8664091899386017,0.0
tornado,1100,m,reps_uniform_defl,reps_dfp,reps,-dfp_low_uniform,0.75,5000000,1,825,1062.37,659.9470630303032,641.223,858.053,1062.37,557.626,1009800,451,0,0,546477,451,0,0,0.044662309368191724,0.0,0.044662309368191724,0.0
tornado,1100,m,reps_no_partition,reps_dfp,reps,,0.75,5000000,1,825,813.65,617.4219406060607,609.855,790.278,813.65,507.268,1009800,1325,0,0,563506,1325,0,0,0.13121410180233709,0.0,0.13121410180233709,0.0
tornado,1100,m,reps_minshare10,reps_dfp,reps,-dfp_minimal_share 10,0.75,5000000,1,825,851.953,583.8329078787875,570.989,761.946,851.953,499.996,1009800,1368,0,0,573393,1368,0,0,0.1354723707664884,0.0,0.1354723707664884,0.0
tornado,1100,m,reps_partition,reps_dfp,reps,-reps_partition_entropy -reps_escalate_threshold 0.2 -reps_warmup_explore_rtts 0.5 -reps_explore_prob 70,0.75,5000000,1,825,880.707,623.3032593939397,616.356,809.408,880.707,508.05,1009800,6169,0,0,566390,6169,0,0,0.6109130520895226,0.0,0.6109130520895226,0.0
tornado,1100,m,fpar_tuned,fpar,oblivious,-threshold 20750 -disable_hop_rtt_normalization,0.75,5000000,2,825,1435.27,647.7903478787874,541.767,1303.64,1435.27,450.811,1009800,8894,0,0,528446,8894,0,0,0.8807684690037632,0.0,0.8807684690037632,0.0
tornado,1100,m,reps_uniform_defl,reps_dfp,reps,-dfp_low_uniform,0.75,5000000,2,825,1130.24,661.1664472727267,633.863,913.398,1130.24,569.481,1009800,632,0,0,550256,632,0,0,0.06258665082194494,0.0,0.06258665082194494,0.0
tornado,1100,m,reps_no_partition,reps_dfp,reps,,0.75,5000000,2,825,914.472,614.4286957575758,606.365,793.341,914.472,507.23,1009800,1301,0,0,568814,1301,0,0,0.1288373935432759,0.0,0.1288373935432759,0.0
tornado,1100,m,reps_minshare10,reps_dfp,reps,-dfp_minimal_share 10,0.75,5000000,2,825,804.847,581.6037175757573,566.967,716.825,804.847,513.135,1009800,1001,0,0,582087,1001,0,0,0.09912854030501089,0.0,0.09912854030501089,0.0
tornado,1100,m,reps_partition,reps_dfp,reps,-reps_partition_entropy -reps_escalate_threshold 0.2 -reps_warmup_explore_rtts 0.5 -reps_explore_prob 70,0.75,5000000,2,825,962.568,618.92661939394,605.697,821.059,962.568,499.197,1009800,6168,0,0,567468,6168,0,0,0.6108140225787284,0.0,0.6108140225787284,0.0
tornado,1100,m,fpar_tuned,fpar,oblivious,-threshold 20750 -disable_hop_rtt_normalization,0.75,5000000,3,825,1903.0,644.1732666666666,534.839,1510.37,1903.0,442.305,1009800,8591,0,0,526765,8591,0,0,0.8507625272331155,0.0,0.8507625272331155,0.0
tornado,1100,m,reps_uniform_defl,reps_dfp,reps,-dfp_low_uniform,0.75,5000000,3,825,1059.59,658.9086290909088,630.89,888.294,1059.59,568.943,1009800,296,0,0,550096,296,0,0,0.029312735195088136,0.0,0.029312735195088136,0.0
tornado,1100,m,reps_no_partition,reps_dfp,reps,,0.75,5000000,3,825,852.743,615.3832836363636,608.476,794.1,852.743,507.221,1009800,1376,0,0,559473,1376,0,0,0.13626460685284214,0.0,0.13626460685284214,0.0
tornado,1100,m,reps_minshare10,reps_dfp,reps,-dfp_minimal_share 10,0.75,5000000,3,825,815.212,581.494247272727,566.652,750.09,815.212,502.295,1009800,1184,0,0,580485,1184,0,0,0.11725094078035254,0.0,0.11725094078035254,0.0
tornado,1100,m,reps_partition,reps_dfp,reps,-reps_partition_entropy -reps_escalate_threshold 0.2 -reps_warmup_explore_rtts 0.5 -reps_explore_prob 70,0.75,5000000,3,825,936.022,622.5888036363641,613.375,845.648,936.022,495.602,1009800,6465,0,0,564967,6465,0,0,0.6402257872846108,0.0,0.6402257872846108,0.0
tornado,1100,m,fpar_tuned,fpar,oblivious,-threshold 20750 -disable_hop_rtt_normalization,0.75,5000000,4,825,1573.61,644.2909563636362,548.142,1267.87,1573.61,447.303,1009800,9268,0,0,520436,9268,0,0,0.9178055060408001,0.0,0.9178055060408001,0.0
tornado,1100,m,reps_uniform_defl,reps_dfp,reps,-dfp_low_uniform,0.75,5000000,4,825,993.946,657.0782436363639,631.229,904.949,993.946,551.914,1009800,241,0,0,552456,241,0,0,0.02386611210140622,0.0,0.02386611210140622,0.0
tornado,1100,m,reps_no_partition,reps_dfp,reps,,0.75,5000000,4,825,934.752,614.2279999999993,603.708,821.93,934.752,505.795,1009800,1173,0,0,568964,1173,0,0,0.11616161616161616,0.0,0.11616161616161616,0.0
tornado,1100,m,reps_minshare10,reps_dfp,reps,-dfp_minimal_share 10,0.75,5000000,4,825,803.624,582.6779587878787,567.644,730.528,803.624,510.634,1009800,1190,0,0,584887,1190,0,0,0.11784511784511785,0.0,0.11784511784511785,0.0
tornado,1100,m,reps_partition,reps_dfp,reps,-reps_partition_entropy -reps_escalate_threshold 0.2 -reps_warmup_explore_rtts 0.5 -reps_explore_prob 70,0.75,5000000,4,825,981.876,622.135909090909,610.135,823.854,981.876,495.153,1009800,6227,0,0,566312,6227,0,0,0.6166567637155872,0.0,0.6166567637155872,0.0
tornado,1100,m,fpar_tuned,fpar,oblivious,-threshold 20750 -disable_hop_rtt_normalization,0.75,5000000,5,825,1954.41,652.9378484848481,546.831,1514.72,1954.41,438.837,1009800,9001,0,0,538464,9001,0,0,0.8913646266587443,0.0,0.8913646266587443,0.0
tornado,1100,m,reps_uniform_defl,reps_dfp,reps,-dfp_low_uniform,0.75,5000000,5,825,1031.13,658.0646363636351,635.946,875.47,1031.13,554.864,1009800,418,0,0,546538,418,0,0,0.04139433551198257,0.0,0.04139433551198257,0.0
tornado,1100,m,reps_no_partition,reps_dfp,reps,,0.75,5000000,5,825,998.38,615.2688981818183,603.258,823.195,998.38,501.799,1009800,1218,0,0,560757,1218,0,0,0.12061794414735591,0.0,0.12061794414735591,0.0
tornado,1100,m,reps_minshare10,reps_dfp,reps,-dfp_minimal_share 10,0.75,5000000,5,825,815.635,582.443876363637,568.991,738.446,815.635,510.096,1009800,877,0,0,589431,877,0,0,0.08684888096652803,0.0,0.08684888096652803,0.0
tornado,1100,m,reps_partition,reps_dfp,reps,-reps_partition_entropy -reps_escalate_threshold 0.2 -reps_warmup_explore_rtts 0.5 -reps_explore_prob 70,0.75,5000000,5,825,1009.41,621.5371454545452,609.508,852.462,1009.41,511.122,1009800,6473,0,0,560682,6473,0,0,0.6410180233709646,0.0,0.6410180233709646,0.0
tornado,1100,m,fpar_tuned,fpar,oblivious,-threshold 20750 -disable_hop_rtt_normalization,0.75,10000000,1,825,3865.51,1267.2171442424237,1024.54,2893.57,3865.51,875.271,2019600,10692,0,0,1016246,10692,0,0,0.5294117647058824,0.0,0.5294117647058824,0.0
tornado,1100,m,reps_uniform_defl,reps_dfp,reps,-dfp_low_uniform,0.75,10000000,1,825,1805.74,1298.957612121212,1277.08,1649.65,1805.74,1082.79,2019600,556,0,0,1077435,556,0,0,0.027530204000792237,0.0,0.027530204000792237,0.0
tornado,1100,m,reps_no_partition,reps_dfp,reps,,0.75,10000000,1,825,1566.48,1214.5015187878796,1210.57,1487.01,1566.48,983.793,2019600,1595,0,0,1114735,1595,0,0,0.0789760348583878,0.0,0.0789760348583878,0.0
tornado,1100,m,reps_minshare10,reps_dfp,reps,-dfp_minimal_share 10,0.75,10000000,1,825,1576.31,1146.938673939393,1137.29,1418.21,1576.31,971.378,2019600,1699,0,0,1121299,1699,0,0,0.08412556941968706,0.0,0.08412556941968706,0.0
tornado,1100,m,reps_partition,reps_dfp,reps,-reps_partition_entropy -reps_escalate_threshold 0.2 -reps_warmup_explore_rtts 0.5 -reps_explore_prob 70,0.75,10000000,1,825,1716.07,1228.392256969697,1222.37,1574.5,1716.07,994.043,2019600,6735,0,0,1111617,6735,0,0,0.33348187759952463,0.0,0.33348187759952463,0.0
tornado,1100,m,fpar_tuned,fpar,oblivious,-threshold 20750 -disable_hop_rtt_normalization,0.75,10000000,2,825,2988.48,1276.6851103030306,1054.78,2555.21,2988.48,873.522,2019600,10187,0,0,1069050,10187,0,0,0.5044068132303426,0.0,0.5044068132303426,0.0
tornado,1100,m,reps_uniform_defl,reps_dfp,reps,-dfp_low_uniform,0.75,10000000,2,825,1962.39,1300.1034666666674,1265.03,1715.01,1962.39,1116.61,2019600,679,0,0,1076886,679,0,0,0.03362051891463656,0.0,0.03362051891463656,0.0
tornado,1100,m,reps_no_partition,reps_dfp,reps,,0.75,10000000,2,825,1623.68,1210.9260484848492,1200.67,1495.42,1623.68,1005.08,2019600,1578,0,0,1124165,1578,0,0,0.07813428401663695,0.0,0.07813428401663695,0.0
tornado,1100,m,reps_minshare10,reps_dfp,reps,-dfp_minimal_share 10,0.75,10000000,2,825,1581.23,1145.8674424242424,1131.04,1377.85,1581.23,1002.38,2019600,1184,0,0,1137677,1184,0,0,0.05862547039017627,0.0,0.05862547039017627,0.0
tornado,1100,m,reps_partition,reps_dfp,reps,-reps_partition_entropy -reps_escalate_threshold 0.2 -reps_warmup_explore_rtts 0.5 -reps_explore_prob 70,0.75,10000000,2,825,1706.14,1221.539818181816,1208.59,1543.64,1706.14,996.1,2019600,6691,0,0,1116061,6691,0,0,0.3313032283620519,0.0,0.3313032283620519,0.0
tornado,1100,m,fpar_tuned,fpar,oblivious,-threshold 20750 -disable_hop_rtt_normalization,0.75,10000000,3,825,3647.32,1266.0868327272744,1048.4,2954.85,3647.32,874.725,2019600,10709,0,0,1044281,10709,0,0,0.5302535155476332,0.0,0.5302535155476332,0.0
tornado,1100,m,reps_uniform_defl,reps_dfp,reps,-dfp_low_uniform,0.75,10000000,3,825,1887.84,1295.3030424242422,1260.61,1688.4,1887.84,1097.52,2019600,363,0,0,1077935,363,0,0,0.017973856209150325,0.0,0.017973856209150325,0.0
tornado,1100,m,reps_no_partition,reps_dfp,reps,,0.75,10000000,3,825,1598.99,1211.5021018181824,1202.97,1492.79,1598.99,984.263,2019600,1621,0,0,1111986,1621,0,0,0.08026341849871262,0.0,0.08026341849871262,0.0
tornado,1100,m,reps_minshare10,reps_dfp,reps,-dfp_minimal_share 10,0.75,10000000,3,825,1594.97,1145.092530909092,1128.07,1444.32,1594.97,975.224,2019600,1431,0,0,1136059,1431,0,0,0.07085561497326204,0.0,0.07085561497326204,0.0
tornado,1100,m,reps_partition,reps_dfp,reps,-reps_partition_entropy -reps_escalate_threshold 0.2 -reps_warmup_explore_rtts 0.5 -reps_explore_prob 70,0.75,10000000,3,825,1772.89,1226.0235151515155,1217.34,1561.85,1772.89,972.021,2019600,6820,0,0,1111159,6820,0,0,0.33769063180827885,0.0,0.33769063180827885,0.0
tornado,1100,m,fpar_tuned,fpar,oblivious,-threshold 20750 -disable_hop_rtt_normalization,0.75,10000000,4,825,3205.83,1273.5990557575772,1062.4,2708.59,3205.83,868.024,2019600,10832,0,0,1050098,10832,0,0,0.5363438304614775,0.0,0.5363438304614775,0.0
tornado,1100,m,reps_uniform_defl,reps_dfp,reps,-dfp_low_uniform,0.75,10000000,4,825,1879.26,1293.167296969699,1255.28,1707.13,1879.26,1083.6,2019600,277,0,0,1083156,277,0,0,0.01371558724499901,0.0,0.01371558724499901,0.0
tornado,1100,m,reps_no_partition,reps_dfp,reps,,0.75,10000000,4,825,1625.54,1211.5865418181806,1200.41,1552.12,1625.54,987.637,2019600,1532,0,0,1122029,1532,0,0,0.07585660526836997,0.0,0.07585660526836997,0.0
tornado,1100,m,reps_minshare10,reps_dfp,reps,-dfp_minimal_share 10,0.75,10000000,4,825,1550.01,1146.7255406060603,1131.07,1404.39,1550.01,998.081,2019600,1401,0,0,1139637,1401,0,0,0.06937017231134879,0.0,0.06937017231134879,0.0
tornado,1100,m,reps_partition,reps_dfp,reps,-reps_partition_entropy -reps_escalate_threshold 0.2 -reps_warmup_explore_rtts 0.5 -reps_explore_prob 70,0.75,10000000,4,825,1768.06,1224.0874048484861,1218.2,1558.14,1768.06,975.822,2019600,6591,0,0,1114693,6591,0,0,0.3263517528223411,0.0,0.3263517528223411,0.0
tornado,1100,m,fpar_tuned,fpar,oblivious,-threshold 20750 -disable_hop_rtt_normalization,0.75,10000000,5,825,3937.77,1285.3282169696963,1089.48,3319.93,3937.77,862.157,2019600,10933,0,0,1074980,10933,0,0,0.5413448207565854,0.0,0.5413448207565854,0.0
tornado,1100,m,reps_uniform_defl,reps_dfp,reps,-dfp_low_uniform,0.75,10000000,5,825,1788.21,1295.655345454545,1265.61,1670.79,1788.21,1082.52,2019600,496,0,0,1075084,496,0,0,0.024559318676965737,0.0,0.024559318676965737,0.0
tornado,1100,m,reps_no_partition,reps_dfp,reps,,0.75,10000000,5,825,1716.79,1209.7040496969696,1198.41,1508.32,1716.79,974.959,2019600,1439,0,0,1115309,1439,0,0,0.0712517330164389,0.0,0.0712517330164389,0.0
tornado,1100,m,reps_minshare10,reps_dfp,reps,-dfp_minimal_share 10,0.75,10000000,5,825,1530.81,1146.137929696969,1128.61,1394.16,1530.81,991.782,2019600,1144,0,0,1148057,1144,0,0,0.05664488017429194,0.0,0.05664488017429194,0.0
tornado,1100,m,reps_partition,reps_dfp,reps,-reps_partition_entropy -reps_escalate_threshold 0.2 -reps_warmup_explore_rtts 0.5 -reps_explore_prob 70,0.75,10000000,5,825,1746.48,1222.512401212122,1207.74,1587.14,1746.48,981.25,2019600,7157,0,0,1105519,7157,0,0,0.3543771043771044,0.0,0.3543771043771044,0.0
tornado,1100,m,fpar_tuned,fpar,oblivious,-threshold 20750 -disable_hop_rtt_normalization,1.0,100000,1,1100,37.9806,30.953523727272756,30.7336,36.517,37.9806,26.7907,27500,13,0,0,9468,13,0,0,0.04727272727272727,0.0,0.04727272727272727,0.0
tornado,1100,m,reps_uniform_defl,reps_dfp,reps,-dfp_low_uniform,1.0,100000,1,1100,39.1294,32.86691899999999,32.7496,37.769,39.1294,29.113,27500,0,0,0,9718,0,0,0,0.0,0.0,0.0,0.0
tornado,1100,m,reps_no_partition,reps_dfp,reps,,1.0,100000,1,1100,38.7136,31.26178300000006,31.0896,37.0776,38.7136,26.9456,27500,0,0,0,10410,0,0,0,0.0,0.0,0.0,0.0
tornado,1100,m,reps_minshare10,reps_dfp,reps,-dfp_minimal_share 10,1.0,100000,1,1100,35.4176,29.900265272727307,29.7496,34.4461,35.4176,26.2936,27500,0,0,0,9962,0,0,0,0.0,0.0,0.0,0.0
tornado,1100,m,reps_partition,reps_dfp,reps,-reps_partition_entropy -reps_escalate_threshold 0.2 -reps_warmup_explore_rtts 0.5 -reps_explore_prob 70,1.0,100000,1,1100,38.445,30.441321363636387,30.2776,35.2576,38.445,26.2987,27500,0,0,0,10169,0,0,0,0.0,0.0,0.0,0.0
tornado,1100,m,fpar_tuned,fpar,oblivious,-threshold 20750 -disable_hop_rtt_normalization,1.0,100000,2,1100,37.6106,30.92592918181817,30.5856,36.7866,37.6106,26.2867,27500,57,0,0,9458,57,0,0,0.20727272727272728,0.0,0.20727272727272728,0.0
tornado,1100,m,reps_uniform_defl,reps_dfp,reps,-dfp_low_uniform,1.0,100000,2,1100,42.2056,32.96196145454544,32.7376,38.7376,42.2056,28.9074,27500,0,0,0,9833,0,0,0,0.0,0.0,0.0,0.0
tornado,1100,m,reps_no_partition,reps_dfp,reps,,1.0,100000,2,1100,36.5514,31.42085436363637,31.3678,35.261,36.5514,27.4598,27500,0,0,0,10516,0,0,0,0.0,0.0,0.0,0.0
tornado,1100,m,reps_minshare10,reps_dfp,reps,-dfp_minimal_share 10,1.0,100000,2,1100,36.8275,29.99465018181817,29.7787,34.4626,36.8275,25.6296,27500,0,0,0,10000,0,0,0,0.0,0.0,0.0,0.0
tornado,1100,m,reps_partition,reps_dfp,reps,-reps_partition_entropy -reps_escalate_threshold 0.2 -reps_warmup_explore_rtts 0.5 -reps_explore_prob 70,1.0,100000,2,1100,38.3907,30.368128818181862,30.133,35.7467,38.3907,25.7474,27500,0,0,0,10148,0,0,0,0.0,0.0,0.0,0.0
tornado,1100,m,fpar_tuned,fpar,oblivious,-threshold 20750 -disable_hop_rtt_normalization,1.0,100000,3,1100,37.2546,31.01995863636363,30.6352,36.5496,37.2546,26.7856,27500,39,0,0,9492,39,0,0,0.14181818181818182,0.0,0.14181818181818182,0.0
tornado,1100,m,reps_uniform_defl,reps_dfp,reps,-dfp_low_uniform,1.0,100000,3,1100,39.7746,32.83915418181819,32.6107,36.979,39.7746,28.8083,27500,0,0,0,9707,0,0,0,0.0,0.0,0.0,0.0
tornado,1100,m,reps_no_partition,reps_dfp,reps,,1.0,100000,3,1100,36.8816,31.50976281818179,31.4267,35.443,36.8816,27.133,27500,0,0,0,10485,0,0,0,0.0,0.0,0.0,0.0
tornado,1100,m,reps_minshare10,reps_dfp,reps,-dfp_minimal_share 10,1.0,100000,3,1100,36.4136,29.991029909090926,29.7787,34.953,36.4136,26.4416,27500,0,0,0,9955,0,0,0,0.0,0.0,0.0,0.0
tornado,1100,m,reps_partition,reps_dfp,reps,-reps_partition_entropy -reps_escalate_threshold 0.2 -reps_warmup_explore_rtts 0.5 -reps_explore_prob 70,1.0,100000,3,1100,37.425,30.46720872727273,30.2776,35.1283,37.425,25.7998,27500,0,0,0,10139,0,0,0,0.0,0.0,0.0,0.0
tornado,1100,m,fpar_tuned,fpar,oblivious,-threshold 20750 -disable_hop_rtt_normalization,1.0,100000,4,1100,37.4306,30.96900072727273,30.6454,36.6112,37.4306,26.641,27500,45,0,0,9481,45,0,0,0.16363636363636364,0.0,0.16363636363636364,0.0
tornado,1100,m,reps_uniform_defl,reps_dfp,reps,-dfp_low_uniform,1.0,100000,4,1100,39.933,32.70394318181816,32.4432,38.0786,39.933,28.633,27500,0,0,0,9678,0,0,0,0.0,0.0,0.0,0.0
tornado,1100,m,reps_no_partition,reps_dfp,reps,,1.0,100000,4,1100,37.097,31.390281181818203,31.2707,35.9256,37.097,26.9576,27500,0,0,0,10431,0,0,0,0.0,0.0,0.0,0.0
tornado,1100,m,reps_minshare10,reps_dfp,reps,-dfp_minimal_share 10,1.0,100000,4,1100,36.151,29.94372199999998,29.7736,34.5496,36.151,26.1267,27500,0,0,0,9984,0,0,0,0.0,0.0,0.0,0.0
tornado,1100,m,reps_partition,reps_dfp,reps,-reps_partition_entropy -reps_escalate_threshold 0.2 -reps_warmup_explore_rtts 0.5 -reps_explore_prob 70,1.0,100000,4,1100,38.4096,30.610608727272776,30.4256,35.8976,38.4096,25.9416,27500,0,0,0,10148,0,0,0,0.0,0.0,0.0,0.0
tornado,1100,m,fpar_tuned,fpar,oblivious,-threshold 20750 -disable_hop_rtt_normalization,1.0,100000,5,1100,37.253,31.206541181818174,30.9416,36.7421,37.253,25.9667,27500,37,0,0,9541,37,0,0,0.13454545454545455,0.0,0.13454545454545455,0.0
tornado,1100,m,reps_uniform_defl,reps_dfp,reps,-dfp_low_uniform,1.0,100000,5,1100,39.589,32.784939636363646,32.5656,37.832,39.589,28.9496,27500,0,0,0,9765,0,0,0,0.0,0.0,0.0,0.0
tornado,1100,m,reps_no_partition,reps_dfp,reps,,1.0,100000,5,1100,36.9176,31.322360272727277,31.0896,35.9096,36.9176,27.4478,27500,0,0,0,10371,0,0,0,0.0,0.0,0.0,0.0
tornado,1100,m,reps_minshare10,reps_dfp,reps,-dfp_minimal_share 10,1.0,100000,5,1100,38.765,29.927440999999938,29.6843,35.9307,38.765,26.3038,27500,0,0,0,9819,0,0,0,0.0,0.0,0.0,0.0
tornado,1100,m,reps_partition,reps_dfp,reps,-reps_partition_entropy -reps_escalate_threshold 0.2 -reps_warmup_explore_rtts 0.5 -reps_explore_prob 70,1.0,100000,5,1100,37.3976,30.380474363636367,30.2656,35.9506,37.3976,26.0902,27500,0,0,0,10122,0,0,0,0.0,0.0,0.0,0.0
tornado,1100,m,fpar_tuned,fpar,oblivious,-threshold 20750 -disable_hop_rtt_normalization,1.0,250000,1,1100,75.7942,52.767521000000016,52.5662,62.3635,75.7942,44.316,68200,9044,0,0,35338,9044,0,0,13.260997067448681,0.0,13.260997067448681,0.0
tornado,1100,m,reps_uniform_defl,reps_dfp,reps,-dfp_low_uniform,1.0,250000,1,1100,74.0483,61.193876363636335,60.8922,69.3834,74.0483,54.5571,68200,34,0,0,46181,34,0,0,0.04985337243401759,0.0,0.04985337243401759,0.0
tornado,1100,m,reps_no_partition,reps_dfp,reps,,1.0,250000,1,1100,64.9862,58.14515600000005,58.1758,62.9803,64.9862,52.2038,68200,356,0,0,47799,356,0,0,0.5219941348973607,0.0,0.5219941348973607,0.0
tornado,1100,m,reps_minshare10,reps_dfp,reps,-dfp_minimal_share 10,1.0,250000,1,1100,63.5942,55.33590718181819,55.0546,62.8187,63.5942,48.3467,68200,499,0,0,44443,499,0,0,0.7316715542521994,0.0,0.7316715542521994,0.0
tornado,1100,m,reps_partition,reps_dfp,reps,-reps_partition_entropy -reps_escalate_threshold 0.2 -reps_warmup_explore_rtts 0.5 -reps_explore_prob 70,1.0,250000,1,1100,62.6779,56.229713181818155,56.216,61.4154,62.6779,49.3325,68200,6201,0,0,43666,6201,0,0,9.092375366568914,0.0,9.092375366568914,0.0
tornado,1100,m,fpar_tuned,fpar,oblivious,-threshold 20750 -disable_hop_rtt_normalization,1.0,250000,2,1100,66.0346,53.00216854545453,52.6792,63.6656,66.0346,45.5918,68200,8818,0,0,35393,8818,0,0,12.929618768328446,0.0,12.929618768328446,0.0
tornado,1100,m,reps_uniform_defl,reps_dfp,reps,-dfp_low_uniform,1.0,250000,2,1100,69.2918,61.1354702727272,60.8922,68.1467,69.2918,54.3258,68200,100,0,0,45936,100,0,0,0.1466275659824047,0.0,0.1466275659824047,0.0
tornado,1100,m,reps_no_partition,reps_dfp,reps,,1.0,250000,2,1100,66.8027,58.38349190909082,58.235,65.1323,66.8027,50.8917,68200,259,0,0,47701,259,0,0,0.37976539589442815,0.0,0.37976539589442815,0.0
tornado,1100,m,reps_minshare10,reps_dfp,reps,-dfp_minimal_share 10,1.0,250000,2,1100,62.6466,55.11169572727276,54.997,60.9525,62.6466,48.8952,68200,399,0,0,44777,399,0,0,0.5850439882697948,0.0,0.5850439882697948,0.0
tornado,1100,m,reps_partition,reps_dfp,reps,-reps_partition_entropy -reps_escalate_threshold 0.2 -reps_warmup_explore_rtts 0.5 -reps_explore_prob 70,1.0,250000,2,1100,65.0878,56.5121305454546,56.4336,63.7478,65.0878,47.6448,68200,6108,0,0,43485,6108,0,0,8.956011730205278,0.0,8.956011730205278,0.0
tornado,1100,m,fpar_tuned,fpar,oblivious,-threshold 20750 -disable_hop_rtt_normalization,1.0,250000,3,1100,63.2506,52.81892290909091,52.6661,60.3408,63.2506,46.051,68200,8998,0,0,35153,8998,0,0,13.193548387096774,0.0,13.193548387096774,0.0
tornado,1100,m,reps_uniform_defl,reps_dfp,reps,-dfp_low_uniform,1.0,250000,3,1100,73.6134,61.38489799999988,61.0206,69.5197,73.6134,54.9787,68200,47,0,0,46162,47,0,0,0.0689149560117302,0.0,0.0689149560117302,0.0
tornado,1100,m,reps_no_partition,reps_dfp,reps,,1.0,250000,3,1100,64.8419,58.44392745454546,58.4976,63.5734,64.8419,53.0499,68200,318,0,0,47788,318,0,0,0.4662756598240469,0.0,0.4662756598240469,0.0
tornado,1100,m,reps_minshare10,reps_dfp,reps,-dfp_minimal_share 10,1.0,250000,3,1100,64.6318,54.83547118181817,54.579,61.3733,64.6318,47.939,68200,550,0,0,44408,550,0,0,0.8064516129032258,0.0,0.8064516129032258,0.0
tornado,1100,m,reps_partition,reps_dfp,reps,-reps_partition_entropy -reps_escalate_threshold 0.2 -reps_warmup_explore_rtts 0.5 -reps_explore_prob 70,1.0,250000,3,1100,66.6795,56.313746545454514,56.1328,63.7518,66.6795,49.4019,68200,6022,0,0,43600,6022,0,0,8.82991202346041,0.0,8.82991202346041,0.0
tornado,1100,m,fpar_tuned,fpar,oblivious,-threshold 20750 -disable_hop_rtt_normalization,1.0,250000,4,1100,64.3797,52.93953681818188,52.6749,62.0235,64.3797,46.0206,68200,9064,0,0,35039,9064,0,0,13.290322580645162,0.0,13.290322580645162,0.0
tornado,1100,m,reps_uniform_defl,reps_dfp,reps,-dfp_low_uniform,1.0,250000,4,1100,70.6766,60.86584527272731,60.5835,68.3526,70.6766,53.5005,68200,20,0,0,45791,20,0,0,0.02932551319648094,0.0,0.02932551319648094,0.0
tornado,1100,m,reps_no_partition,reps_dfp,reps,,1.0,250000,4,1100,66.2355,58.410061909090864,58.2453,64.4421,66.2355,51.9333,68200,333,0,0,47383,333,0,0,0.48826979472140764,0.0,0.48826979472140764,0.0
tornado,1100,m,reps_minshare10,reps_dfp,reps,-dfp_minimal_share 10,1.0,250000,4,1100,63.7365,55.15569709090907,55.0146,61.6091,63.7365,48.7083,68200,541,0,0,44487,541,0,0,0.7932551319648093,0.0,0.7932551319648093,0.0
tornado,1100,m,reps_partition,reps_dfp,reps,-reps_partition_entropy -reps_escalate_threshold 0.2 -reps_warmup_explore_rtts 0.5 -reps_explore_prob 70,1.0,250000,4,1100,62.6398,55.946577454545505,56.008,60.9616,62.6398,48.0096,68200,6242,0,0,43536,6242,0,0,9.1524926686217,0.0,9.1524926686217,0.0
tornado,1100,m,fpar_tuned,fpar,oblivious,-threshold 20750 -disable_hop_rtt_normalization,1.0,250000,5,1100,65.9144,53.165708090909085,52.8266,61.8291,65.9144,44.9146,68200,9076,0,0,35244,9076,0,0,13.30791788856305,0.0,13.30791788856305,0.0
tornado,1100,m,reps_uniform_defl,reps_dfp,reps,-dfp_low_uniform,1.0,250000,5,1100,70.6238,61.25171899999993,61.0315,68.3133,70.6238,54.0861,68200,92,0,0,46038,92,0,0,0.1348973607038123,0.0,0.1348973607038123,0.0
tornado,1100,m,reps_no_partition,reps_dfp,reps,,1.0,250000,5,1100,64.588,58.46881472727266,58.4808,63.8789,64.588,50.2682,68200,253,0,0,47750,253,0,0,0.3709677419354839,0.0,0.3709677419354839,0.0
tornado,1100,m,reps_minshare10,reps_dfp,reps,-dfp_minimal_share 10,1.0,250000,5,1100,64.6645,54.9316554545455,54.6573,62.3251,64.6645,49.2827,68200,516,0,0,44304,516,0,0,0.7565982404692082,0.0,0.7565982404692082,0.0
tornado,1100,m,reps_partition,reps_dfp,reps,-reps_partition_entropy -reps_escalate_threshold 0.2 -reps_warmup_explore_rtts 0.5 -reps_explore_prob 70,1.0,250000,5,1100,66.0429,56.525535818181815,56.3096,64.539,66.0429,48.8021,68200,6418,0,0,43551,6418,0,0,9.410557184750733,0.0,9.410557184750733,0.0
tornado,1100,m,fpar_tuned,fpar,oblivious,-threshold 20750 -disable_hop_rtt_normalization,1.0,500000,1,1100,170.583,90.16428118181818,88.8598,112.931,170.583,72.8742,135300,19034,0,0,75450,19034,0,0,14.0679970436068,0.0,14.0679970436068,0.0
tornado,1100,m,reps_uniform_defl,reps_dfp,reps,-dfp_low_uniform,1.0,500000,1,1100,121.463,105.49272454545455,105.433,115.334,121.463,94.3717,135300,763,0,0,110087,763,0,0,0.5639320029563932,0.0,0.5639320029563932,0.0
tornado,1100,m,reps_no_partition,reps_dfp,reps,,1.0,500000,1,1100,105.093,98.28042081818178,98.3229,104.077,105.093,89.6102,135300,3205,0,0,113239,3205,0,0,2.368810051736881,0.0,2.368810051736881,0.0
tornado,1100,m,reps_minshare10,reps_dfp,reps,-dfp_minimal_share 10,1.0,500000,1,1100,102.523,94.75937499999998,94.9262,101.502,102.523,85.0888,135300,3124,0,0,113783,3124,0,0,2.3089430894308944,0.0,2.3089430894308944,0.0
tornado,1100,m,reps_partition,reps_dfp,reps,-reps_partition_entropy -reps_escalate_threshold 0.2 -reps_warmup_explore_rtts 0.5 -reps_explore_prob 70,1.0,500000,1,1100,106.935,97.67746754545466,97.7291,105.488,106.935,85.8768,135300,10326,0,0,106558,10326,0,0,7.631929046563193,0.0,7.631929046563193,0.0
tornado,1100,m,fpar_tuned,fpar,oblivious,-threshold 20750 -disable_hop_rtt_normalization,1.0,500000,2,1100,131.981,90.41442290909104,89.0299,116.312,131.981,72.4011,135300,18543,0,0,75880,18543,0,0,13.70509977827051,0.0,13.70509977827051,0.0
tornado,1100,m,reps_uniform_defl,reps_dfp,reps,-dfp_low_uniform,1.0,500000,2,1100,116.104,105.58019927272734,105.612,113.684,116.104,94.5549,135300,929,0,0,109863,929,0,0,0.6866223207686623,0.0,0.6866223207686623,0.0
tornado,1100,m,reps_no_partition,reps_dfp,reps,,1.0,500000,2,1100,104.744,98.24032281818185,98.3232,103.123,104.744,88.8512,135300,3036,0,0,113141,3036,0,0,2.2439024390243905,0.0,2.2439024390243905,0.0
tornado,1100,m,reps_minshare10,reps_dfp,reps,-dfp_minimal_share 10,1.0,500000,2,1100,105.887,94.73249181818173,94.711,101.926,105.887,85.9429,135300,2644,0,0,114054,2644,0,0,1.9541759053954175,0.0,1.9541759053954175,0.0
tornado,1100,m,reps_partition,reps_dfp,reps,-reps_partition_entropy -reps_escalate_threshold 0.2 -reps_warmup_explore_rtts 0.5 -reps_explore_prob 70,1.0,500000,2,1100,106.391,97.21781872727269,97.2227,104.605,106.391,86.0211,135300,10323,0,0,106573,10323,0,0,7.629711751662971,0.0,7.629711751662971,0.0
tornado,1100,m,fpar_tuned,fpar,oblivious,-threshold 20750 -disable_hop_rtt_normalization,1.0,500000,3,1100,140.388,90.3548074545455,89.075,115.998,140.388,74.5386,135300,19108,0,0,75305,19108,0,0,14.12269031781227,0.0,14.12269031781227,0.0
tornado,1100,m,reps_uniform_defl,reps_dfp,reps,-dfp_low_uniform,1.0,500000,3,1100,117.659,105.48107890909102,105.384,115.566,117.659,95.4451,135300,777,0,0,109906,777,0,0,0.5742793791574279,0.0,0.5742793791574279,0.0
tornado,1100,m,reps_no_partition,reps_dfp,reps,,1.0,500000,3,1100,106.469,98.65506081818191,98.8096,104.127,106.469,89.445,135300,3258,0,0,113071,3258,0,0,2.4079822616407984,0.0,2.4079822616407984,0.0
tornado,1100,m,reps_minshare10,reps_dfp,reps,-dfp_minimal_share 10,1.0,500000,3,1100,102.492,94.61620454545451,94.6595,100.689,102.492,86.1661,135300,2944,0,0,113449,2944,0,0,2.1759053954175904,0.0,2.1759053954175904,0.0
tornado,1100,m,reps_partition,reps_dfp,reps,-reps_partition_entropy -reps_escalate_threshold 0.2 -reps_warmup_explore_rtts 0.5 -reps_explore_prob 70,1.0,500000,3,1100,107.023,97.7228669090909,97.9603,105.853,107.023,80.677,135300,10128,0,0,106420,10128,0,0,7.4855875831485585,0.0,7.4855875831485585,0.0
tornado,1100,m,fpar_tuned,fpar,oblivious,-threshold 20750 -disable_hop_rtt_normalization,1.0,500000,4,1100,128.814,90.42837727272716,89.1856,115.212,128.814,72.2102,135300,18644,0,0,75508,18644,0,0,13.779748706577974,0.0,13.779748706577974,0.0
tornado,1100,m,reps_uniform_defl,reps_dfp,reps,-dfp_low_uniform,1.0,500000,4,1100,118.276,104.95251981818187,104.724,114.132,118.276,94.4419,135300,729,0,0,109625,729,0,0,0.5388026607538803,0.0,0.5388026607538803,0.0
tornado,1100,m,reps_no_partition,reps_dfp,reps,,1.0,500000,4,1100,107.0,98.54824318181822,98.6914,104.244,107.0,90.3525,135300,3212,0,0,112592,3212,0,0,2.3739837398373984,0.0,2.3739837398373984,0.0
tornado,1100,m,reps_minshare10,reps_dfp,reps,-dfp_minimal_share 10,1.0,500000,4,1100,105.818,95.12292327272733,94.9986,103.714,105.818,86.2406,135300,3182,0,0,113635,3182,0,0,2.3518107908351813,0.0,2.3518107908351813,0.0
tornado,1100,m,reps_partition,reps_dfp,reps,-reps_partition_entropy -reps_escalate_threshold 0.2 -reps_warmup_explore_rtts 0.5 -reps_explore_prob 70,1.0,500000,4,1100,109.134,97.16484700000005,97.1861,105.544,109.134,85.9285,135300,10225,0,0,106508,10225,0,0,7.557280118255728,0.0,7.557280118255728,0.0
tornado,1100,m,fpar_tuned,fpar,oblivious,-threshold 20750 -disable_hop_rtt_normalization,1.0,500000,5,1100,155.587,90.96517209090914,89.3789,117.313,155.587,73.1814,135300,18762,0,0,75806,18762,0,0,13.866962305986696,0.0,13.866962305986696,0.0
tornado,1100,m,reps_uniform_defl,reps_dfp,reps,-dfp_low_uniform,1.0,500000,5,1100,118.466,105.25335718181809,105.174,114.692,118.466,95.415,135300,934,0,0,109472,934,0,0,0.6903178122690318,0.0,0.6903178122690318,0.0
tornado,1100,m,reps_no_partition,reps_dfp,reps,,1.0,500000,5,1100,106.852,98.75495999999995,98.821,105.179,106.852,89.0928,135300,3082,0,0,112970,3082,0,0,2.27790096082779,0.0,2.27790096082779,0.0
tornado,1100,m,reps_minshare10,reps_dfp,reps,-dfp_minimal_share 10,1.0,500000,5,1100,105.461,94.86500136363635,94.7411,102.117,105.461,86.808,135300,2950,0,0,113484,2950,0,0,2.180339985218034,0.0,2.180339985218034,0.0
tornado,1100,m,reps_partition,reps_dfp,reps,-reps_partition_entropy -reps_escalate_threshold 0.2 -reps_warmup_explore_rtts 0.5 -reps_explore_prob 70,1.0,500000,5,1100,106.113,97.51481681818188,97.6085,105.145,106.113,82.5878,135300,10405,0,0,106352,10405,0,0,7.690317812269032,0.0,7.690317812269032,0.0
tornado,1100,m,fpar_tuned,fpar,oblivious,-threshold 20750 -disable_hop_rtt_normalization,1.0,2000000,1,1100,780.804,316.8947790909096,296.508,567.544,780.804,219.795,539000,29244,0,0,291714,29244,0,0,5.425602968460112,0.0,5.425602968460112,0.0
tornado,1100,m,reps_uniform_defl,reps_dfp,reps,-dfp_low_uniform,1.0,2000000,1,1100,564.137,360.1043090909095,357.849,491.956,564.137,244.11,539000,1333,0,0,337252,1333,0,0,0.24730983302411874,0.0,0.24730983302411874,0.0
tornado,1100,m,reps_no_partition,reps_dfp,reps,,1.0,2000000,1,1100,555.359,341.96858727272695,338.847,451.652,555.359,236.538,539000,4012,0,0,338131,4012,0,0,0.7443413729128014,0.0,0.7443413729128014,0.0
tornado,1100,m,reps_minshare10,reps_dfp,reps,-dfp_minimal_share 10,1.0,2000000,1,1100,496.78,326.74501727272707,324.506,407.079,496.78,227.465,539000,4453,0,0,343016,4453,0,0,0.8261595547309833,0.0,0.8261595547309833,0.0
tornado,1100,m,reps_partition,reps_dfp,reps,-reps_partition_entropy -reps_escalate_threshold 0.2 -reps_warmup_explore_rtts 0.5 -reps_explore_prob 70,1.0,2000000,1,1100,492.698,331.5884299999997,329.232,458.181,492.698,232.641,539000,11698,0,0,350929,11698,0,0,2.1703153988868276,0.0,2.1703153988868276,0.0
tornado,1100,m,fpar_tuned,fpar,oblivious,-threshold 20750 -disable_hop_rtt_normalization,1.0,2000000,2,1100,698.504,316.899282727273,303.473,560.069,698.504,227.791,539000,29420,0,0,291919,29420,0,0,5.458256029684601,0.0,5.458256029684601,0.0
tornado,1100,m,reps_uniform_defl,reps_dfp,reps,-dfp_low_uniform,1.0,2000000,2,1100,558.212,360.6356936363636,358.445,491.062,558.212,252.177,539000,1601,0,0,335931,1601,0,0,0.29703153988868275,0.0,0.29703153988868275,0.0
tornado,1100,m,reps_no_partition,reps_dfp,reps,,1.0,2000000,2,1100,473.778,343.20103454545495,340.325,453.654,473.778,248.424,539000,3941,0,0,341054,3941,0,0,0.7311688311688311,0.0,0.7311688311688311,0.0
tornado,1100,m,reps_minshare10,reps_dfp,reps,-dfp_minimal_share 10,1.0,2000000,2,1100,483.819,327.7796981818181,326.778,412.833,483.819,232.789,539000,3795,0,0,343990,3795,0,0,0.7040816326530612,0.0,0.7040816326530612,0.0
tornado,1100,m,reps_partition,reps_dfp,reps,-reps_partition_entropy -reps_escalate_threshold 0.2 -reps_warmup_explore_rtts 0.5 -reps_explore_prob 70,1.0,2000000,2,1100,515.362,331.258482727273,328.29,444.164,515.362,236.318,539000,11499,0,0,350633,11499,0,0,2.133395176252319,0.0,2.133395176252319,0.0
tornado,1100,m,fpar_tuned,fpar,oblivious,-threshold 20750 -disable_hop_rtt_normalization,1.0,2000000,3,1100,725.032,320.61328000000043,298.911,584.405,725.032,218.818,539000,29028,0,0,292391,29028,0,0,5.385528756957329,0.0,5.385528756957329,0.0
tornado,1100,m,reps_uniform_defl,reps_dfp,reps,-dfp_low_uniform,1.0,2000000,3,1100,544.904,360.34460545454533,357.552,499.639,544.904,246.554,539000,1566,0,0,337221,1566,0,0,0.29053803339517625,0.0,0.29053803339517625,0.0
tornado,1100,m,reps_no_partition,reps_dfp,reps,,1.0,2000000,3,1100,492.324,342.77342636363636,341.346,448.43,492.324,248.282,539000,4215,0,0,338202,4215,0,0,0.7820037105751392,0.0,0.7820037105751392,0.0
tornado,1100,m,reps_minshare10,reps_dfp,reps,-dfp_minimal_share 10,1.0,2000000,3,1100,467.869,327.2138181818185,326.495,416.412,467.869,238.587,539000,4217,0,0,343579,4217,0,0,0.7823747680890538,0.0,0.7823747680890538,0.0
tornado,1100,m,reps_partition,reps_dfp,reps,-reps_partition_entropy -reps_escalate_threshold 0.2 -reps_warmup_explore_rtts 0.5 -reps_explore_prob 70,1.0,2000000,3,1100,508.735,331.29585454545486,326.654,444.443,508.735,242.037,539000,11432,0,0,348364,11432,0,0,2.1209647495361783,0.0,2.1209647495361783,0.0
tornado,1100,m,fpar_tuned,fpar,oblivious,-threshold 20750 -disable_hop_rtt_normalization,1.0,2000000,4,1100,612.465,317.7493145454546,298.528,541.863,612.465,216.178,539000,28592,0,0,294209,28592,0,0,5.304638218923933,0.0,5.304638218923933,0.0
tornado,1100,m,reps_uniform_defl,reps_dfp,reps,-dfp_low_uniform,1.0,2000000,4,1100,548.069,358.35520454545366,355.01,487.099,548.069,246.626,539000,1347,0,0,338318,1347,0,0,0.24990723562152134,0.0,0.24990723562152134,0.0
tornado,1100,m,reps_no_partition,reps_dfp,reps,,1.0,2000000,4,1100,490.126,341.99214545454527,339.76,442.927,490.126,231.663,539000,4212,0,0,336798,4212,0,0,0.7814471243042672,0.0,0.7814471243042672,0.0
tornado,1100,m,reps_minshare10,reps_dfp,reps,-dfp_minimal_share 10,1.0,2000000,4,1100,462.333,327.0214590909091,325.951,416.124,462.333,243.408,539000,4409,0,0,343211,4409,0,0,0.8179962894248608,0.0,0.8179962894248608,0.0
tornado,1100,m,reps_partition,reps_dfp,reps,-reps_partition_entropy -reps_escalate_threshold 0.2 -reps_warmup_explore_rtts 0.5 -reps_explore_prob 70,1.0,2000000,4,1100,518.691,331.6324509090903,328.41,455.394,518.691,235.959,539000,11677,0,0,349801,11677,0,0,2.1664192949907237,0.0,2.1664192949907237,0.0
tornado,1100,m,fpar_tuned,fpar,oblivious,-threshold 20750 -disable_hop_rtt_normalization,1.0,2000000,5,1100,661.058,321.1492872727269,292.049,563.011,661.058,220.826,539000,27346,0,0,295136,27346,0,0,5.073469387755102,0.0,5.073469387755102,0.0
tornado,1100,m,reps_uniform_defl,reps_dfp,reps,-dfp_low_uniform,1.0,2000000,5,1100,529.956,360.16024909090856,358.502,486.042,529.956,242.435,539000,1539,0,0,336897,1539,0,0,0.2855287569573284,0.0,0.2855287569573284,0.0
tornado,1100,m,reps_no_partition,reps_dfp,reps,,1.0,2000000,5,1100,534.764,342.8986399999998,339.853,468.486,534.764,233.418,539000,4020,0,0,337115,4020,0,0,0.7458256029684601,0.0,0.7458256029684601,0.0
tornado,1100,m,reps_minshare10,reps_dfp,reps,-dfp_minimal_share 10,1.0,2000000,5,1100,475.456,326.8527672727276,325.897,413.47,475.456,228.388,539000,4276,0,0,342369,4276,0,0,0.7933209647495362,0.0,0.7933209647495362,0.0
tornado,1100,m,reps_partition,reps_dfp,reps,-reps_partition_entropy -reps_escalate_threshold 0.2 -reps_warmup_explore_rtts 0.5 -reps_explore_prob 70,1.0,2000000,5,1100,506.041,330.767968181818,328.484,453.613,506.041,237.382,539000,11606,0,0,349400,11606,0,0,2.153246753246753,0.0,2.153246753246753,0.0
tornado,1100,m,fpar_tuned,fpar,oblivious,-threshold 20750 -disable_hop_rtt_normalization,1.0,5000000,1,1100,1875.66,768.613506363638,724.802,1509.04,1875.66,499.295,1346400,32686,0,0,712616,32686,0,0,2.427658942364825,0.0,2.427658942364825,0.0
tornado,1100,m,reps_uniform_defl,reps_dfp,reps,-dfp_low_uniform,1.0,5000000,1,1100,1292.27,838.3643463636365,836.635,1084.2,1292.27,583.0,1346400,1385,0,0,808819,1385,0,0,0.10286690433749257,0.0,0.10286690433749257,0.0
tornado,1100,m,reps_no_partition,reps_dfp,reps,,1.0,5000000,1,1100,1195.68,796.0245309090905,792.404,1008.0,1195.68,570.487,1346400,4211,0,0,860506,4211,0,0,0.3127599524658348,0.0,0.3127599524658348,0.0
tornado,1100,m,reps_minshare10,reps_dfp,reps,-dfp_minimal_share 10,1.0,5000000,1,1100,1107.47,763.1115572727275,759.909,947.895,1107.47,558.805,1346400,4759,0,0,877270,4759,0,0,0.35346108140225785,0.0,0.35346108140225785,0.0
tornado,1100,m,reps_partition,reps_dfp,reps,-reps_partition_entropy -reps_escalate_threshold 0.2 -reps_warmup_explore_rtts 0.5 -reps_explore_prob 70,1.0,5000000,1,1100,1160.31,781.8893963636356,776.125,1060.12,1160.31,543.608,1346400,12011,0,0,871016,12011,0,0,0.8920825906120023,0.0,0.8920825906120023,0.0
tornado,1100,m,fpar_tuned,fpar,oblivious,-threshold 20750 -disable_hop_rtt_normalization,1.0,5000000,2,1100,1804.92,767.0203118181814,733.943,1406.61,1804.92,498.094,1346400,35032,0,0,711260,35032,0,0,2.601901366607249,0.0,2.601901366607249,0.0
tornado,1100,m,reps_uniform_defl,reps_dfp,reps,-dfp_low_uniform,1.0,5000000,2,1100,1295.51,837.0571781818192,831.846,1071.38,1295.51,601.014,1346400,1656,0,0,805348,1656,0,0,0.12299465240641712,0.0,0.12299465240641712,0.0
tornado,1100,m,reps_no_partition,reps_dfp,reps,,1.0,5000000,2,1100,1107.21,797.6792918181816,795.69,1021.8,1107.21,579.302,1346400,4097,0,0,862697,4097,0,0,0.3042929292929293,0.0,0.3042929292929293,0.0
tornado,1100,m,reps_minshare10,reps_dfp,reps,-dfp_minimal_share 10,1.0,5000000,2,1100,987.954,766.6785445454543,763.662,942.733,987.954,562.775,1346400,4011,0,0,887225,4011,0,0,0.2979055258467023,0.0,0.2979055258467023,0.0
tornado,1100,m,reps_partition,reps_dfp,reps,-reps_partition_entropy -reps_escalate_threshold 0.2 -reps_warmup_explore_rtts 0.5 -reps_explore_prob 70,1.0,5000000,2,1100,1161.18,779.0417927272738,775.576,1040.88,1161.18,552.787,1346400,11816,0,0,870555,11816,0,0,0.8775995246583482,0.0,0.8775995246583482,0.0
tornado,1100,m,fpar_tuned,fpar,oblivious,-threshold 20750 -disable_hop_rtt_normalization,1.0,5000000,3,1100,1731.19,781.8225045454549,724.293,1513.08,1731.19,500.696,1346400,35371,0,0,720436,35371,0,0,2.6270796197266786,0.0,2.6270796197266786,0.0
tornado,1100,m,reps_uniform_defl,reps_dfp,reps,-dfp_low_uniform,1.0,5000000,3,1100,1193.48,836.7000027272724,832.526,1109.34,1193.48,588.313,1346400,1637,0,0,807385,1637,0,0,0.12158348187759953,0.0,0.12158348187759953,0.0
tornado,1100,m,reps_no_partition,reps_dfp,reps,,1.0,5000000,3,1100,1144.35,796.7664063636349,794.364,1015.21,1144.35,568.506,1346400,4371,0,0,859395,4371,0,0,0.3246434937611408,0.0,0.3246434937611408,0.0
tornado,1100,m,reps_minshare10,reps_dfp,reps,-dfp_minimal_share 10,1.0,5000000,3,1100,1009.93,763.8368672727271,761.898,943.256,1009.93,567.277,1346400,4460,0,0,878935,4460,0,0,0.3312537136066548,0.0,0.3312537136066548,0.0
tornado,1100,m,reps_partition,reps_dfp,reps,-reps_partition_entropy -reps_escalate_threshold 0.2 -reps_warmup_explore_rtts 0.5 -reps_explore_prob 70,1.0,5000000,3,1100,1130.8,781.4965427272722,777.708,1038.7,1130.8,542.416,1346400,11631,0,0,872718,11631,0,0,0.8638591800356507,0.0,0.8638591800356507,0.0
tornado,1100,m,fpar_tuned,fpar,oblivious,-threshold 20750 -disable_hop_rtt_normalization,1.0,5000000,4,1100,1500.42,773.158581818182,729.371,1374.22,1500.42,512.428,1346400,34474,0,0,716099,34474,0,0,2.560457516339869,0.0,2.560457516339869,0.0
tornado,1100,m,reps_uniform_defl,reps_dfp,reps,-dfp_low_uniform,1.0,5000000,4,1100,1225.54,834.5362990909089,835.242,1086.06,1225.54,582.28,1346400,1394,0,0,811618,1394,0,0,0.10353535353535354,0.0,0.10353535353535354,0.0
tornado,1100,m,reps_no_partition,reps_dfp,reps,,1.0,5000000,4,1100,1093.13,794.9016754545459,790.627,998.702,1093.13,538.197,1346400,4321,0,0,861183,4321,0,0,0.32092988710635767,0.0,0.32092988710635767,0.0
tornado,1100,m,reps_minshare10,reps_dfp,reps,-dfp_minimal_share 10,1.0,5000000,4,1100,1060.34,763.8846318181811,761.55,944.782,1060.34,558.775,1346400,4627,0,0,882252,4627,0,0,0.34365715983363043,0.0,0.34365715983363043,0.0
tornado,1100,m,reps_partition,reps_dfp,reps,-reps_partition_entropy -reps_escalate_threshold 0.2 -reps_warmup_explore_rtts 0.5 -reps_explore_prob 70,1.0,5000000,4,1100,1170.4,780.2386845454554,776.202,1048.95,1170.4,542.879,1346400,11888,0,0,868579,11888,0,0,0.8829471182412358,0.0,0.8829471182412358,0.0
tornado,1100,m,fpar_tuned,fpar,oblivious,-threshold 20750 -disable_hop_rtt_normalization,1.0,5000000,5,1100,1638.42,784.9294809090918,723.225,1498.27,1638.42,504.327,1346400,32446,0,0,721771,32446,0,0,2.4098336304218657,0.0,2.4098336304218657,0.0
tornado,1100,m,reps_uniform_defl,reps_dfp,reps,-dfp_low_uniform,1.0,5000000,5,1100,1192.94,837.2838090909091,835.401,1072.32,1192.94,576.635,1346400,1673,0,0,804210,1673,0,0,0.12425727866904338,0.0,0.12425727866904338,0.0
tornado,1100,m,reps_no_partition,reps_dfp,reps,,1.0,5000000,5,1100,1151.32,795.6037099999988,790.765,1036.03,1151.32,558.915,1346400,4291,0,0,852581,4291,0,0,0.3187017231134878,0.0,0.3187017231134878,0.0
tornado,1100,m,reps_minshare10,reps_dfp,reps,-dfp_minimal_share 10,1.0,5000000,5,1100,1043.99,762.3084172727275,762.774,931.187,1043.99,548.779,1346400,4510,0,0,872470,4510,0,0,0.3349673202614379,0.0,0.3349673202614379,0.0
tornado,1100,m,reps_partition,reps_dfp,reps,-reps_partition_entropy -reps_escalate_threshold 0.2 -reps_warmup_explore_rtts 0.5 -reps_explore_prob 70,1.0,5000000,5,1100,1196.23,779.3866545454543,776.859,1041.66,1196.23,536.116,1346400,11872,0,0,868756,11872,0,0,0.8817587641117053,0.0,0.8817587641117053,0.0
tornado,1100,m,fpar_tuned,fpar,oblivious,-threshold 20750 -disable_hop_rtt_normalization,1.0,10000000,1,1100,3731.25,1526.814721818182,1431.42,2920.32,3731.25,986.631,2692800,45673,0,0,1404275,45673,0,0,1.6961155674390969,0.0,1.6961155674390969,0.0
tornado,1100,m,reps_uniform_defl,reps_dfp,reps,-dfp_low_uniform,1.0,10000000,1,1100,2146.95,1646.706390909092,1649.15,1993.18,2146.95,1177.8,2692800,1467,0,0,1616229,1467,0,0,0.05447860962566845,0.0,0.05447860962566845,0.0
tornado,1100,m,reps_no_partition,reps_dfp,reps,,1.0,10000000,1,1100,2046.58,1553.243554545454,1548.01,1889.61,2046.58,1165.1,2692800,4372,0,0,1735506,4372,0,0,0.16235888294711825,0.0,0.16235888294711825,0.0
tornado,1100,m,reps_minshare10,reps_dfp,reps,-dfp_minimal_share 10,1.0,10000000,1,1100,2113.5,1493.5289909090893,1493.3,1801.42,2113.5,1106.33,2692800,4914,0,0,1780671,4914,0,0,0.1824866310160428,0.0,0.1824866310160428,0.0
tornado,1100,m,reps_partition,reps_dfp,reps,-reps_partition_entropy -reps_escalate_threshold 0.2 -reps_warmup_explore_rtts 0.5 -reps_explore_prob 70,1.0,10000000,1,1100,2120.3,1538.2850363636367,1535.23,1999.47,2120.3,1065.71,2692800,12572,0,0,1741907,12572,0,0,0.46687462863933454,0.0,0.46687462863933454,0.0
tornado,1100,m,fpar_tuned,fpar,oblivious,-threshold 20750 -disable_hop_rtt_normalization,1.0,10000000,2,1100,3518.55,1514.5897554545463,1428.35,2867.43,3518.55,972.415,2692800,47165,0,0,1392749,47165,0,0,1.7515225787284612,0.0,1.7515225787284612,0.0
tornado,1100,m,reps_uniform_defl,reps_dfp,reps,-dfp_low_uniform,1.0,10000000,2,1100,2275.67,1642.4169363636377,1644.93,1996.49,2275.67,1209.84,2692800,1768,0,0,1608153,1768,0,0,0.06565656565656566,0.0,0.06565656565656566,0.0
tornado,1100,m,reps_no_partition,reps_dfp,reps,,1.0,10000000,2,1100,2054.62,1554.2798636363643,1553.91,1916.45,2054.62,1135.36,2692800,4247,0,0,1737582,4247,0,0,0.15771687462863934,0.0,0.15771687462863934,0.0
tornado,1100,m,reps_minshare10,reps_dfp,reps,-dfp_minimal_share 10,1.0,10000000,2,1100,1871.05,1495.6991000000003,1495.74,1788.01,1871.05,1146.33,2692800,4269,0,0,1793067,4269,0,0,0.15853386809269163,0.0,0.15853386809269163,0.0
tornado,1100,m,reps_partition,reps_dfp,reps,-reps_partition_entropy -reps_escalate_threshold 0.2 -reps_warmup_explore_rtts 0.5 -reps_explore_prob 70,1.0,10000000,2,1100,2208.54,1529.5118090909107,1533.47,1951.93,2208.54,1063.87,2692800,12280,0,0,1747504,12280,0,0,0.4560308972073678,0.0,0.4560308972073678,0.0
tornado,1100,m,fpar_tuned,fpar,oblivious,-threshold 20750 -disable_hop_rtt_normalization,1.0,10000000,3,1100,3519.39,1538.153997272726,1432.76,2937.21,3519.39,980.138,2692800,45514,0,0,1425405,45514,0,0,1.6902109328579917,0.0,1.6902109328579917,0.0
tornado,1100,m,reps_uniform_defl,reps_dfp,reps,-dfp_low_uniform,1.0,10000000,3,1100,2139.33,1640.8291454545454,1639.13,2032.47,2139.33,1206.06,2692800,1735,0,0,1610797,1735,0,0,0.06443107546048722,0.0,0.06443107546048722,0.0
tornado,1100,m,reps_no_partition,reps_dfp,reps,,1.0,10000000,3,1100,2087.76,1553.6797272727288,1554.85,1889.97,2087.76,1200.01,2692800,4517,0,0,1728397,4517,0,0,0.16774361259655376,0.0,0.16774361259655376,0.0
tornado,1100,m,reps_minshare10,reps_dfp,reps,-dfp_minimal_share 10,1.0,10000000,3,1100,1932.36,1494.9976818181817,1497.97,1803.38,1932.36,1125.19,2692800,4656,0,0,1787891,4656,0,0,0.17290552584670232,0.0,0.17290552584670232,0.0
tornado,1100,m,reps_partition,reps_dfp,reps,-reps_partition_entropy -reps_escalate_threshold 0.2 -reps_warmup_explore_rtts 0.5 -reps_explore_prob 70,1.0,10000000,3,1100,2148.17,1538.4947272727265,1533.75,1967.02,2148.17,1088.46,2692800,12200,0,0,1749357,12200,0,0,0.4530600118835413,0.0,0.4530600118835413,0.0
tornado,1100,m,fpar_tuned,fpar,oblivious,-threshold 20750 -disable_hop_rtt_normalization,1.0,10000000,4,1100,2927.64,1543.2320000000032,1460.69,2756.02,2927.64,1005.15,2692800,52514,0,0,1427460,52514,0,0,1.9501633986928104,0.0,1.9501633986928104,0.0
tornado,1100,m,reps_uniform_defl,reps_dfp,reps,-dfp_low_uniform,1.0,10000000,4,1100,2140.99,1638.7419363636347,1639.89,2012.43,2140.99,1171.97,2692800,1462,0,0,1625752,1462,0,0,0.054292929292929296,0.0,0.054292929292929296,0.0
tornado,1100,m,reps_no_partition,reps_dfp,reps,,1.0,10000000,4,1100,2054.04,1552.9885363636367,1555.01,1879.57,2054.04,1084.39,2692800,4521,0,0,1733603,4521,0,0,0.16789215686274508,0.0,0.16789215686274508,0.0
tornado,1100,m,reps_minshare10,reps_dfp,reps,-dfp_minimal_share 10,1.0,10000000,4,1100,1930.27,1491.7755090909084,1485.86,1805.8,1930.27,1094.88,2692800,4757,0,0,1787607,4757,0,0,0.17665626856803326,0.0,0.17665626856803326,0.0
tornado,1100,m,reps_partition,reps_dfp,reps,-reps_partition_entropy -reps_escalate_threshold 0.2 -reps_warmup_explore_rtts 0.5 -reps_explore_prob 70,1.0,10000000,4,1100,2277.7,1530.137854545455,1527.48,1972.13,2277.7,1054.93,2692800,12423,0,0,1736073,12423,0,0,0.4613413547237077,0.0,0.4613413547237077,0.0
tornado,1100,m,fpar_tuned,fpar,oblivious,-threshold 20750 -disable_hop_rtt_normalization,1.0,10000000,5,1100,3348.09,1560.6049872727265,1437.53,2984.86,3348.09,992.646,2692800,50368,0,0,1427195,50368,0,0,1.8704693998811646,0.0,1.8704693998811646,0.0
tornado,1100,m,reps_uniform_defl,reps_dfp,reps,-dfp_low_uniform,1.0,10000000,5,1100,2106.54,1642.995945454546,1646.12,2001.03,2106.54,1225.17,2692800,1786,0,0,1608714,1786,0,0,0.06632501485442661,0.0,0.06632501485442661,0.0
tornado,1100,m,reps_no_partition,reps_dfp,reps,,1.0,10000000,5,1100,2102.23,1551.223590909092,1548.25,1905.16,2102.23,1129.44,2692800,4439,0,0,1726132,4439,0,0,0.16484699940582292,0.0,0.16484699940582292,0.0
tornado,1100,m,reps_minshare10,reps_dfp,reps,-dfp_minimal_share 10,1.0,10000000,5,1100,1920.39,1493.4066454545452,1496.37,1779.01,1920.39,1103.24,2692800,4780,0,0,1769215,4780,0,0,0.1775103980986334,0.0,0.1775103980986334,0.0
tornado,1100,m,reps_partition,reps_dfp,reps,-reps_partition_entropy -reps_escalate_threshold 0.2 -reps_warmup_explore_rtts 0.5 -reps_explore_prob 70,1.0,10000000,5,1100,2134.8,1531.9206636363647,1541.2,1934.95,2134.8,1074.37,2692800,12478,0,0,1739306,12478,0,0,0.4633838383838384,0.0,0.4633838383838384,0.0
permutation,1100,m,fpar_tuned,fpar,oblivious,-threshold 20750 -disable_hop_rtt_normalization,0.6,100000,1,660,25.4781,23.417823030303065,23.4587,24.981,25.4781,21.4941,16500,0,0,0,5105,0,0,0,0.0,0.0,0.0,0.0
permutation,1100,m,reps_uniform_defl,reps_dfp,reps,-dfp_low_uniform,0.6,100000,1,660,32.973,27.43922530303029,27.1296,31.3181,32.973,25.1307,16500,0,0,0,5132,0,0,0,0.0,0.0,0.0,0.0
permutation,1100,m,reps_no_partition,reps_dfp,reps,,0.6,100000,1,660,29.9496,25.264714242424255,25.1307,28.9376,29.9496,22.4798,16500,0,0,0,5150,0,0,0,0.0,0.0,0.0,0.0
permutation,1100,m,reps_minshare10,reps_dfp,reps,-dfp_minimal_share 10,0.6,100000,1,660,30.273,24.552725757575775,24.3187,28.281,30.273,21.8158,16500,0,0,0,5146,0,0,0,0.0,0.0,0.0,0.0
permutation,1100,m,reps_partition,reps_dfp,reps,-reps_partition_entropy -reps_escalate_threshold 0.2 -reps_warmup_explore_rtts 0.5 -reps_explore_prob 70,0.6,100000,1,660,32.9387,25.089388636363637,24.6576,29.9187,32.9387,21.8158,16500,0,0,0,5192,0,0,0,0.0,0.0,0.0,0.0
permutation,1100,m,fpar_tuned,fpar,oblivious,-threshold 20750 -disable_hop_rtt_normalization,0.6,100000,2,660,26.0366,23.449895757575792,23.4758,25.2958,26.0366,21.1467,16500,0,0,0,5089,0,0,0,0.0,0.0,0.0,0.0
permutation,1100,m,reps_uniform_defl,reps_dfp,reps,-dfp_low_uniform,0.6,100000,2,660,31.9666,27.276489242424237,27.1176,31.129,31.9666,24.1467,16500,0,0,0,5133,0,0,0,0.0,0.0,0.0,0.0
permutation,1100,m,reps_no_partition,reps_dfp,reps,,0.6,100000,2,660,29.4376,25.144409242424267,24.9696,28.7736,29.4376,22.3067,16500,0,0,0,5185,0,0,0,0.0,0.0,0.0,0.0
permutation,1100,m,reps_minshare10,reps_dfp,reps,-dfp_minimal_share 10,0.6,100000,2,660,28.977,24.58655439393939,24.4616,27.6387,28.977,22.3016,16500,0,0,0,5119,0,0,0,0.0,0.0,0.0,0.0
permutation,1100,m,reps_partition,reps_dfp,reps,-reps_partition_entropy -reps_escalate_threshold 0.2 -reps_warmup_explore_rtts 0.5 -reps_explore_prob 70,0.6,100000,2,660,31.4763,24.85259803030306,24.6416,30.1414,31.4763,22.1376,16500,0,0,0,5132,0,0,0,0.0,0.0,0.0,0.0
permutation,1100,m,fpar_tuned,fpar,oblivious,-threshold 20750 -disable_hop_rtt_normalization,0.6,100000,3,660,25.3283,23.411050303030315,23.4656,25.1256,25.3283,21.4776,16500,0,0,0,5099,0,0,0,0.0,0.0,0.0,0.0
permutation,1100,m,reps_uniform_defl,reps_dfp,reps,-dfp_low_uniform,0.6,100000,3,660,33.969,27.431789848484886,27.1296,31.4096,33.969,24.4872,16500,0,0,0,5126,0,0,0,0.0,0.0,0.0,0.0
permutation,1100,m,reps_no_partition,reps_dfp,reps,,0.6,100000,3,660,29.9576,25.243288787878807,24.985,28.9638,29.9576,22.4747,16500,0,0,0,5160,0,0,0,0.0,0.0,0.0,0.0
permutation,1100,m,reps_minshare10,reps_dfp,reps,-dfp_minimal_share 10,0.6,100000,3,660,32.3283,24.76946575757577,24.6376,28.0867,32.3283,22.1376,16500,0,0,0,5110,0,0,0,0.0,0.0,0.0,0.0
permutation,1100,m,reps_partition,reps_dfp,reps,-reps_partition_entropy -reps_escalate_threshold 0.2 -reps_warmup_explore_rtts 0.5 -reps_explore_prob 70,0.6,100000,3,660,29.645,24.819493030303025,24.6438,28.4616,29.645,22.4696,16500,0,0,0,5142,0,0,0,0.0,0.0,0.0,0.0
permutation,1100,m,fpar_tuned,fpar,oblivious,-threshold 20750 -disable_hop_rtt_normalization,0.6,100000,4,660,25.313,23.335377575757587,23.321,24.9536,25.313,20.8147,16500,0,0,0,5093,0,0,0,0.0,0.0,0.0,0.0
permutation,1100,m,reps_uniform_defl,reps_dfp,reps,-dfp_low_uniform,0.6,100000,4,660,33.305,27.506935303030293,27.1416,32.457,33.305,24.7936,16500,0,0,0,5137,0,0,0,0.0,0.0,0.0,0.0
permutation,1100,m,reps_no_partition,reps_dfp,reps,,0.6,100000,4,660,30.945,25.365425606060615,25.1427,29.1659,30.945,22.3506,16500,0,0,0,5174,0,0,0,0.0,0.0,0.0,0.0
permutation,1100,m,reps_minshare10,reps_dfp,reps,-dfp_minimal_share 10,0.6,100000,4,660,32.3653,24.744242878787897,24.5026,29.2907,32.3653,22.1336,16500,0,0,0,5120,0,0,0,0.0,0.0,0.0,0.0
permutation,1100,m,reps_partition,reps_dfp,reps,-reps_partition_entropy -reps_escalate_threshold 0.2 -reps_warmup_explore_rtts 0.5 -reps_explore_prob 70,0.6,100000,4,660,30.9416,25.15072681818185,24.9456,29.6466,30.9416,21.8238,16500,0,0,0,5195,0,0,0,0.0,0.0,0.0,0.0
permutation,1100,m,fpar_tuned,fpar,oblivious,-threshold 20750 -disable_hop_rtt_normalization,0.6,100000,5,660,25.6518,23.43704181818184,23.4736,24.9678,25.6518,21.4736,16500,0,0,0,5070,0,0,0,0.0,0.0,0.0,0.0
permutation,1100,m,reps_uniform_defl,reps_dfp,reps,-dfp_low_uniform,0.6,100000,5,660,32.777,27.591141818181782,27.2776,31.977,32.777,24.661,16500,0,0,0,5152,0,0,0,0.0,0.0,0.0,0.0
permutation,1100,m,reps_no_partition,reps_dfp,reps,,0.6,100000,5,660,31.9496,25.28796636363637,25.015,29.1187,31.9496,22.4816,16500,0,0,0,5167,0,0,0,0.0,0.0,0.0,0.0
permutation,1100,m,reps_minshare10,reps_dfp,reps,-dfp_minimal_share 10,0.6,100000,5,660,28.6278,24.58596863636367,24.4616,28.0157,28.6278,22.1376,16500,0,0,0,5109,0,0,0,0.0,0.0,0.0,0.0
permutation,1100,m,reps_partition,reps_dfp,reps,-reps_partition_entropy -reps_escalate_threshold 0.2 -reps_warmup_explore_rtts 0.5 -reps_explore_prob 70,0.6,100000,5,660,31.2907,25.120467272727304,24.8096,29.4398,31.2907,22.317,16500,0,0,0,5184,0,0,0,0.0,0.0,0.0,0.0
permutation,1100,m,fpar_tuned,fpar,oblivious,-threshold 20750 -disable_hop_rtt_normalization,0.6,250000,1,660,49.8174,37.982217121212145,37.4186,49.0226,49.8174,34.6642,40920,31,0,0,11617,31,0,0,0.07575757575757576,0.0,0.07575757575757576,0.0
permutation,1100,m,reps_uniform_defl,reps_dfp,reps,-dfp_low_uniform,0.6,250000,1,660,56.6104,46.05508015151516,45.6435,53.017,56.6104,40.6795,40920,0,0,0,14277,0,0,0,0.0,0.0,0.0,0.0
permutation,1100,m,reps_no_partition,reps_dfp,reps,,0.6,250000,1,660,49.6776,42.584653181818204,42.4914,48.0438,49.6776,37.9187,40920,0,0,0,13926,0,0,0,0.0,0.0,0.0,0.0
permutation,1100,m,reps_minshare10,reps_dfp,reps,-dfp_minimal_share 10,0.6,250000,1,660,48.4275,41.17115621212123,40.9118,47.4264,48.4275,36.1974,40920,0,0,0,13027,0,0,0,0.0,0.0,0.0,0.0
permutation,1100,m,reps_partition,reps_dfp,reps,-reps_partition_entropy -reps_escalate_threshold 0.2 -reps_warmup_explore_rtts 0.5 -reps_explore_prob 70,0.6,250000,1,660,52.3933,43.62641575757579,43.6392,51.6283,52.3933,36.0126,40920,56,0,0,14559,56,0,0,0.13685239491691104,0.0,0.13685239491691104,0.0
permutation,1100,m,fpar_tuned,fpar,oblivious,-threshold 20750 -disable_hop_rtt_normalization,0.6,250000,2,660,49.8821,38.929901818181804,37.6573,49.2181,49.8821,34.7307,40920,15,0,0,11796,15,0,0,0.036656891495601175,0.0,0.036656891495601175,0.0
permutation,1100,m,reps_uniform_defl,reps_dfp,reps,-dfp_low_uniform,0.6,250000,2,660,54.3819,46.14616075757579,45.9573,52.3677,54.3819,40.2626,40920,0,0,0,14326,0,0,0,0.0,0.0,0.0,0.0
permutation,1100,m,reps_no_partition,reps_dfp,reps,,0.6,250000,2,660,51.2312,42.50510545454545,42.2336,48.271,51.2312,37.983,40920,0,0,0,13835,0,0,0,0.0,0.0,0.0,0.0
permutation,1100,m,reps_minshare10,reps_dfp,reps,-dfp_minimal_share 10,0.6,250000,2,660,49.3325,40.864873333333314,40.5747,47.275,49.3325,36.6909,40920,0,0,0,12879,0,0,0,0.0,0.0,0.0,0.0
permutation,1100,m,reps_partition,reps_dfp,reps,-reps_partition_entropy -reps_escalate_threshold 0.2 -reps_warmup_explore_rtts 0.5 -reps_explore_prob 70,0.6,250000,2,660,52.3827,43.712511363636374,43.5174,50.3253,52.3827,36.8958,40920,41,0,0,14708,41,0,0,0.10019550342130987,0.0,0.10019550342130987,0.0
permutation,1100,m,fpar_tuned,fpar,oblivious,-threshold 20750 -disable_hop_rtt_normalization,0.6,250000,3,660,49.6294,38.082067121212084,37.6018,48.236,49.6294,34.7973,40920,23,0,0,11595,23,0,0,0.056207233626588464,0.0,0.056207233626588464,0.0
permutation,1100,m,reps_uniform_defl,reps_dfp,reps,-dfp_low_uniform,0.6,250000,3,660,54.395,46.27836999999999,46.0899,53.0659,54.395,40.3133,40920,0,0,0,14599,0,0,0,0.0,0.0,0.0,0.0
permutation,1100,m,reps_no_partition,reps_dfp,reps,,0.6,250000,3,660,51.9936,42.94808030303032,42.623,50.259,51.9936,37.3446,40920,1,0,0,13951,1,0,0,0.0024437927663734115,0.0,0.0024437927663734115,0.0
permutation,1100,m,reps_minshare10,reps_dfp,reps,-dfp_minimal_share 10,0.6,250000,3,660,47.253,40.894038181818175,40.9016,45.7613,47.253,36.655,40920,0,0,0,12929,0,0,0,0.0,0.0,0.0,0.0
permutation,1100,m,reps_partition,reps_dfp,reps,-reps_partition_entropy -reps_escalate_threshold 0.2 -reps_warmup_explore_rtts 0.5 -reps_explore_prob 70,0.6,250000,3,660,50.5139,43.034553333333335,42.8355,49.5179,50.5139,36.9478,40920,5,0,0,14466,5,0,0,0.012218963831867057,0.0,0.012218963831867057,0.0
permutation,1100,m,fpar_tuned,fpar,oblivious,-threshold 20750 -disable_hop_rtt_normalization,0.6,250000,4,660,47.2306,37.823100454545425,37.3845,45.7891,47.2306,34.659,40920,0,0,0,11542,0,0,0,0.0,0.0,0.0,0.0
permutation,1100,m,reps_uniform_defl,reps_dfp,reps,-dfp_low_uniform,0.6,250000,4,660,59.571,46.49975530303034,45.7138,55.907,59.571,39.6493,40920,1,0,0,14432,1,0,0,0.0024437927663734115,0.0,0.0024437927663734115,0.0
permutation,1100,m,reps_no_partition,reps_dfp,reps,,0.6,250000,4,660,51.259,43.21894454545456,43.099,49.9965,51.259,36.2837,40920,0,0,0,13983,0,0,0,0.0,0.0,0.0,0.0
permutation,1100,m,reps_minshare10,reps_dfp,reps,-dfp_minimal_share 10,0.6,250000,4,660,46.361,40.807623484848506,40.639,45.3496,46.361,36.3446,40920,0,0,0,13021,0,0,0,0.0,0.0,0.0,0.0
permutation,1100,m,reps_partition,reps_dfp,reps,-reps_partition_entropy -reps_escalate_threshold 0.2 -reps_warmup_explore_rtts 0.5 -reps_explore_prob 70,0.6,250000,4,660,55.8394,44.00657833333331,43.8,51.0989,55.8394,36.323,40920,29,0,0,14800,29,0,0,0.07086999022482894,0.0,0.07086999022482894,0.0
permutation,1100,m,fpar_tuned,fpar,oblivious,-threshold 20750 -disable_hop_rtt_normalization,0.6,250000,5,660,50.8982,38.31679818181817,37.6163,48.1128,50.8982,34.5936,40920,3,0,0,11620,3,0,0,0.007331378299120235,0.0,0.007331378299120235,0.0
permutation,1100,m,reps_uniform_defl,reps_dfp,reps,-dfp_low_uniform,0.6,250000,5,660,55.869,46.40039878787879,45.9738,53.7059,55.869,40.963,40920,0,0,0,14670,0,0,0,0.0,0.0,0.0,0.0
permutation,1100,m,reps_no_partition,reps_dfp,reps,,0.6,250000,5,660,51.0198,42.88820242424246,42.5821,49.271,51.0198,37.3102,40920,0,0,0,13997,0,0,0,0.0,0.0,0.0,0.0
permutation,1100,m,reps_minshare10,reps_dfp,reps,-dfp_minimal_share 10,0.6,250000,5,660,48.2176,41.098707121212136,40.9016,46.6008,48.2176,35.7717,40920,0,0,0,12934,0,0,0,0.0,0.0,0.0,0.0
permutation,1100,m,reps_partition,reps_dfp,reps,-reps_partition_entropy -reps_escalate_threshold 0.2 -reps_warmup_explore_rtts 0.5 -reps_explore_prob 70,0.6,250000,5,660,52.5651,43.855848030303,43.66,51.5414,52.5651,36.7243,40920,26,0,0,14631,26,0,0,0.0635386119257087,0.0,0.0635386119257087,0.0
permutation,1100,m,fpar_tuned,fpar,oblivious,-threshold 20750 -disable_hop_rtt_normalization,0.6,500000,1,660,80.3074,61.71689651515154,60.652,73.5621,80.3074,56.8376,81180,174,0,0,25460,174,0,0,0.21433850702143384,0.0,0.21433850702143384,0.0
permutation,1100,m,reps_uniform_defl,reps_dfp,reps,-dfp_low_uniform,0.6,500000,1,660,89.8555,75.40822969696976,74.9586,86.8675,89.8555,66.9483,81180,5,0,0,32748,5,0,0,0.006159152500615915,0.0,0.006159152500615915,0.0
permutation,1100,m,reps_no_partition,reps_dfp,reps,,0.6,500000,1,660,77.9533,69.92520757575757,70.1216,76.2933,77.9533,60.3437,81180,7,0,0,35189,7,0,0,0.008622813500862282,0.0,0.008622813500862282,0.0
permutation,1100,m,reps_minshare10,reps_dfp,reps,-dfp_minimal_share 10,0.6,500000,1,660,76.5827,66.92338803030304,66.7976,75.159,76.5827,59.3418,81180,7,0,0,31986,7,0,0,0.008622813500862282,0.0,0.008622813500862282,0.0
permutation,1100,m,reps_partition,reps_dfp,reps,-reps_partition_entropy -reps_escalate_threshold 0.2 -reps_warmup_explore_rtts 0.5 -reps_explore_prob 70,0.6,500000,1,660,78.0237,69.35924378787873,69.4898,75.6712,78.0237,59.9443,81180,580,0,0,36304,580,0,0,0.7144616900714462,0.0,0.7144616900714462,0.0
permutation,1100,m,fpar_tuned,fpar,oblivious,-threshold 20750 -disable_hop_rtt_normalization,0.6,500000,2,660,74.8682,62.57097818181819,60.8275,74.0696,74.8682,55.7173,81180,408,0,0,26089,408,0,0,0.5025868440502587,0.0,0.5025868440502587,0.0
permutation,1100,m,reps_uniform_defl,reps_dfp,reps,-dfp_low_uniform,0.6,500000,2,660,87.4192,75.55854090909084,75.2614,84.7563,87.4192,66.9096,81180,11,0,0,33183,11,0,0,0.013550135501355014,0.0,0.013550135501355014,0.0
permutation,1100,m,reps_no_partition,reps_dfp,reps,,0.6,500000,2,660,78.445,69.86738909090906,69.7896,77.3491,78.445,59.035,81180,12,0,0,34794,12,0,0,0.014781966001478197,0.0,0.014781966001478197,0.0
permutation,1100,m,reps_minshare10,reps_dfp,reps,-dfp_minimal_share 10,0.6,500000,2,660,74.8413,66.31851712121217,66.1336,73.6426,74.8413,59.1616,81180,14,0,0,31741,14,0,0,0.017245627001724564,0.0,0.017245627001724564,0.0
permutation,1100,m,reps_partition,reps_dfp,reps,-reps_partition_entropy -reps_escalate_threshold 0.2 -reps_warmup_explore_rtts 0.5 -reps_explore_prob 70,0.6,500000,2,660,76.6976,69.43353045454552,69.601,75.5758,76.6976,60.1074,81180,533,0,0,36875,533,0,0,0.6565656565656566,0.0,0.6565656565656566,0.0
permutation,1100,m,fpar_tuned,fpar,oblivious,-threshold 20750 -disable_hop_rtt_normalization,0.6,500000,3,660,75.2528,61.354502575757614,60.6154,72.3664,75.2528,56.2994,81180,99,0,0,25363,99,0,0,0.12195121951219512,0.0,0.12195121951219512,0.0
permutation,1100,m,reps_uniform_defl,reps_dfp,reps,-dfp_low_uniform,0.6,500000,3,660,87.7562,75.39581348484847,75.0029,86.2451,87.7562,65.2763,81180,3,0,0,33444,3,0,0,0.003695491500369549,0.0,0.003695491500369549,0.0
permutation,1100,m,reps_no_partition,reps_dfp,reps,,0.6,500000,3,660,77.6282,69.76830409090898,69.5834,76.8384,77.6282,60.4896,81180,30,0,0,34591,30,0,0,0.03695491500369549,0.0,0.03695491500369549,0.0
permutation,1100,m,reps_minshare10,reps_dfp,reps,-dfp_minimal_share 10,0.6,500000,3,660,75.1118,66.61846333333337,66.3891,74.2314,75.1118,58.9714,81180,14,0,0,31599,14,0,0,0.017245627001724564,0.0,0.017245627001724564,0.0
permutation,1100,m,reps_partition,reps_dfp,reps,-reps_partition_entropy -reps_escalate_threshold 0.2 -reps_warmup_explore_rtts 0.5 -reps_explore_prob 70,0.6,500000,3,660,75.9389,69.09087636363631,69.295,75.2267,75.9389,60.0549,81180,271,0,0,36259,271,0,0,0.3338260655333826,0.0,0.3338260655333826,0.0
permutation,1100,m,fpar_tuned,fpar,oblivious,-threshold 20750 -disable_hop_rtt_normalization,0.6,500000,4,660,73.9154,61.66772621212117,60.355,73.1254,73.9154,55.6558,81180,66,0,0,25370,66,0,0,0.08130081300813008,0.0,0.08130081300813008,0.0
permutation,1100,m,reps_uniform_defl,reps_dfp,reps,-dfp_low_uniform,0.6,500000,4,660,95.2976,75.87671060606058,74.9064,89.4131,95.2976,63.1106,81180,42,0,0,33124,42,0,0,0.051736881005173686,0.0,0.051736881005173686,0.0
permutation,1100,m,reps_no_partition,reps_dfp,reps,,0.6,500000,4,660,81.4267,70.8506512121212,70.9629,79.241,81.4267,60.2867,81180,40,0,0,34894,40,0,0,0.04927322000492732,0.0,0.04927322000492732,0.0
permutation,1100,m,reps_minshare10,reps_dfp,reps,-dfp_minimal_share 10,0.6,500000,4,660,78.0802,66.65009560606056,66.4696,75.1966,78.0802,57.5498,81180,0,0,0,31629,0,0,0,0.0,0.0,0.0,0.0
permutation,1100,m,reps_partition,reps_dfp,reps,-reps_partition_entropy -reps_escalate_threshold 0.2 -reps_warmup_explore_rtts 0.5 -reps_explore_prob 70,0.6,500000,4,660,77.6338,69.61098712121215,69.6987,76.879,77.6338,59.7462,81180,500,0,0,36516,500,0,0,0.6159152500615915,0.0,0.6159152500615915,0.0
permutation,1100,m,fpar_tuned,fpar,oblivious,-threshold 20750 -disable_hop_rtt_normalization,0.6,500000,5,660,74.6248,61.89403575757566,60.4501,73.3486,74.6248,55.681,81180,241,0,0,25612,241,0,0,0.2968711505296871,0.0,0.2968711505296871,0.0
permutation,1100,m,reps_uniform_defl,reps_dfp,reps,-dfp_low_uniform,0.6,500000,5,660,92.7474,76.27141727272722,75.4877,89.6336,92.7474,65.4482,81180,14,0,0,33823,14,0,0,0.017245627001724564,0.0,0.017245627001724564,0.0
permutation,1100,m,reps_no_partition,reps_dfp,reps,,0.6,500000,5,660,77.369,69.92042696969698,70.1176,76.0936,77.369,60.5056,81180,21,0,0,35080,21,0,0,0.025868440502586843,0.0,0.025868440502586843,0.0
permutation,1100,m,reps_minshare10,reps_dfp,reps,-dfp_minimal_share 10,0.6,500000,5,660,75.7773,66.79722257575756,66.4656,74.6765,75.7773,58.7139,81180,9,0,0,31431,9,0,0,0.011086474501108648,0.0,0.011086474501108648,0.0
permutation,1100,m,reps_partition,reps_dfp,reps,-reps_partition_entropy -reps_escalate_threshold 0.2 -reps_warmup_explore_rtts 0.5 -reps_explore_prob 70,0.6,500000,5,660,77.7403,69.6814906060606,69.7632,75.9733,77.7403,61.5888,81180,610,0,0,36385,610,0,0,0.7514166050751416,0.0,0.7514166050751416,0.0
permutation,1100,m,fpar_tuned,fpar,oblivious,-threshold 20750 -disable_hop_rtt_normalization,0.6,2000000,1,660,299.107,198.7356272727272,195.94,258.99,299.107,182.98,323400,810,0,0,109388,810,0,0,0.2504638218923933,0.0,0.2504638218923933,0.0
permutation,1100,m,reps_uniform_defl,reps_dfp,reps,-dfp_low_uniform,0.6,2000000,1,660,326.742,240.11076969696975,239.367,271.442,326.742,213.874,323400,10,0,0,144379,10,0,0,0.0030921459492888066,0.0,0.0030921459492888066,0.0
permutation,1100,m,reps_no_partition,reps_dfp,reps,,0.6,2000000,1,660,284.84,221.5417666666666,221.329,244.144,284.84,199.907,323400,317,0,0,163179,317,0,0,0.09802102659245517,0.0,0.09802102659245517,0.0
permutation,1100,m,reps_minshare10,reps_dfp,reps,-dfp_minimal_share 10,0.6,2000000,1,660,270.965,210.63134545454577,210.105,228.356,270.965,191.344,323400,166,0,0,144109,166,0,0,0.051329622758194186,0.0,0.051329622758194186,0.0
permutation,1100,m,reps_partition,reps_dfp,reps,-reps_partition_entropy -reps_escalate_threshold 0.2 -reps_warmup_explore_rtts 0.5 -reps_explore_prob 70,0.6,2000000,1,660,285.865,221.91308181818184,221.065,262.062,285.865,196.14,323400,1236,0,0,164367,1236,0,0,0.3821892393320965,0.0,0.3821892393320965,0.0
permutation,1100,m,fpar_tuned,fpar,oblivious,-threshold 20750 -disable_hop_rtt_normalization,0.6,2000000,2,660,331.59,200.3607954545455,197.086,270.397,331.59,180.981,323400,1370,0,0,111627,1370,0,0,0.4236239950525665,0.0,0.4236239950525665,0.0
permutation,1100,m,reps_uniform_defl,reps_dfp,reps,-dfp_low_uniform,0.6,2000000,2,660,338.877,240.7391757575757,239.116,289.156,338.877,214.344,323400,77,0,0,146428,77,0,0,0.023809523809523808,0.0,0.023809523809523808,0.0
permutation,1100,m,reps_no_partition,reps_dfp,reps,,0.6,2000000,2,660,299.804,220.39590303030334,219.406,257.39,299.804,202.08,323400,454,0,0,158916,454,0,0,0.14038342609771182,0.0,0.14038342609771182,0.0
permutation,1100,m,reps_minshare10,reps_dfp,reps,-dfp_minimal_share 10,0.6,2000000,2,660,261.874,210.44357575757564,209.28,232.748,261.874,193.846,323400,105,0,0,145082,105,0,0,0.032467532467532464,0.0,0.032467532467532464,0.0
permutation,1100,m,reps_partition,reps_dfp,reps,-reps_partition_entropy -reps_escalate_threshold 0.2 -reps_warmup_explore_rtts 0.5 -reps_explore_prob 70,0.6,2000000,2,660,307.134,222.55150151515176,220.078,279.757,307.134,197.68,323400,1126,0,0,166220,1126,0,0,0.3481756338899196,0.0,0.3481756338899196,0.0
permutation,1100,m,fpar_tuned,fpar,oblivious,-threshold 20750 -disable_hop_rtt_normalization,0.6,2000000,3,660,257.05,198.64452878787873,197.506,229.649,257.05,182.973,323400,526,0,0,108959,526,0,0,0.16264687693259122,0.0,0.16264687693259122,0.0
permutation,1100,m,reps_uniform_defl,reps_dfp,reps,-dfp_low_uniform,0.6,2000000,3,660,289.031,240.6957984848485,239.578,273.05,289.031,213.82,323400,28,0,0,147866,28,0,0,0.008658008658008658,0.0,0.008658008658008658,0.0
permutation,1100,m,reps_no_partition,reps_dfp,reps,,0.6,2000000,3,660,276.23,219.45661515151548,218.957,246.282,276.23,198.27,323400,487,0,0,159621,487,0,0,0.15058750773036486,0.0,0.15058750773036486,0.0
permutation,1100,m,reps_minshare10,reps_dfp,reps,-dfp_minimal_share 10,0.6,2000000,3,660,238.138,210.4269212121211,210.378,224.766,238.138,193.265,323400,221,0,0,143344,221,0,0,0.06833642547928262,0.0,0.06833642547928262,0.0
permutation,1100,m,reps_partition,reps_dfp,reps,-reps_partition_entropy -reps_escalate_threshold 0.2 -reps_warmup_explore_rtts 0.5 -reps_explore_prob 70,0.6,2000000,3,660,315.375,223.10668333333334,221.858,277.152,315.375,201.441,323400,1009,0,0,164960,1009,0,0,0.31199752628324057,0.0,0.31199752628324057,0.0
permutation,1100,m,fpar_tuned,fpar,oblivious,-threshold 20750 -disable_hop_rtt_normalization,0.6,2000000,4,660,265.615,198.64093787878784,195.923,236.212,265.615,181.311,323400,643,0,0,108857,643,0,0,0.19882498453927025,0.0,0.19882498453927025,0.0
permutation,1100,m,reps_uniform_defl,reps_dfp,reps,-dfp_low_uniform,0.6,2000000,4,660,365.098,241.56453333333326,238.606,311.916,365.098,207.397,323400,87,0,0,146861,87,0,0,0.026901669758812616,0.0,0.026901669758812616,0.0
permutation,1100,m,reps_no_partition,reps_dfp,reps,,0.6,2000000,4,660,290.308,221.76656818181806,220.83,271.653,290.308,199.74,323400,532,0,0,160741,532,0,0,0.1645021645021645,0.0,0.1645021645021645,0.0
permutation,1100,m,reps_minshare10,reps_dfp,reps,-dfp_minimal_share 10,0.6,2000000,4,660,236.62,211.08401212121194,210.59,233.774,236.62,186.618,323400,234,0,0,143514,234,0,0,0.07235621521335807,0.0,0.07235621521335807,0.0
permutation,1100,m,reps_partition,reps_dfp,reps,-reps_partition_entropy -reps_escalate_threshold 0.2 -reps_warmup_explore_rtts 0.5 -reps_explore_prob 70,0.6,2000000,4,660,325.414,224.5507939393937,221.478,276.075,325.414,196.989,323400,1222,0,0,167029,1222,0,0,0.3778602350030921,0.0,0.3778602350030921,0.0
permutation,1100,m,fpar_tuned,fpar,oblivious,-threshold 20750 -disable_hop_rtt_normalization,0.6,2000000,5,660,283.556,198.3580742424242,196.425,240.208,283.556,180.953,323400,828,0,0,109560,828,0,0,0.2560296846011132,0.0,0.2560296846011132,0.0
permutation,1100,m,reps_uniform_defl,reps_dfp,reps,-dfp_low_uniform,0.6,2000000,5,660,361.996,241.42839545454572,238.524,291.755,361.996,216.564,323400,78,0,0,146708,78,0,0,0.02411873840445269,0.0,0.02411873840445269,0.0
permutation,1100,m,reps_no_partition,reps_dfp,reps,,0.6,2000000,5,660,260.301,220.57475909090908,220.171,245.887,260.301,197.264,323400,447,0,0,160915,447,0,0,0.13821892393320964,0.0,0.13821892393320964,0.0
permutation,1100,m,reps_minshare10,reps_dfp,reps,-dfp_minimal_share 10,0.6,2000000,5,660,247.043,210.5862863636363,210.061,233.931,247.043,192.944,323400,177,0,0,142069,177,0,0,0.05473098330241188,0.0,0.05473098330241188,0.0
permutation,1100,m,reps_partition,reps_dfp,reps,-reps_partition_entropy -reps_escalate_threshold 0.2 -reps_warmup_explore_rtts 0.5 -reps_explore_prob 70,0.6,2000000,5,660,332.659,223.51736363636354,221.439,274.167,332.659,201.217,323400,1235,0,0,166788,1235,0,0,0.3818800247371676,0.0,0.3818800247371676,0.0
permutation,1100,m,fpar_tuned,fpar,oblivious,-threshold 20750 -disable_hop_rtt_normalization,0.6,5000000,1,660,740.706,472.311496969697,464.229,634.134,740.706,432.555,807840,1140,0,0,273327,1140,0,0,0.14111705288175877,0.0,0.14111705288175877,0.0
permutation,1100,m,reps_uniform_defl,reps_dfp,reps,-dfp_low_uniform,0.6,5000000,1,660,766.337,570.7140772727271,567.114,679.892,766.337,505.049,807840,12,0,0,361591,12,0,0,0.0014854426619132501,0.0,0.0014854426619132501,0.0
permutation,1100,m,reps_no_partition,reps_dfp,reps,,0.6,5000000,1,660,748.044,522.2070787878795,512.542,652.364,748.044,465.087,807840,445,0,0,389668,445,0,0,0.05508516537928303,0.0,0.05508516537928303,0.0
permutation,1100,m,reps_minshare10,reps_dfp,reps,-dfp_minimal_share 10,0.6,5000000,1,660,652.85,497.22452878787857,492.775,586.526,652.85,454.241,807840,337,0,0,355582,337,0,0,0.04171618142206378,0.0,0.04171618142206378,0.0
permutation,1100,m,reps_partition,reps_dfp,reps,-reps_partition_entropy -reps_escalate_threshold 0.2 -reps_warmup_explore_rtts 0.5 -reps_explore_prob 70,0.6,5000000,1,660,748.253,528.0437121212125,515.263,666.138,748.253,460.322,807840,1481,0,0,385347,1481,0,0,0.18332838185779363,0.0,0.18332838185779363,0.0
permutation,1100,m,fpar_tuned,fpar,oblivious,-threshold 20750 -disable_hop_rtt_normalization,0.6,5000000,2,660,740.149,475.2668242424245,467.051,647.521,740.149,430.083,807840,1799,0,0,278184,1799,0,0,0.22269261239849475,0.0,0.22269261239849475,0.0
permutation,1100,m,reps_uniform_defl,reps_dfp,reps,-dfp_low_uniform,0.6,5000000,2,660,764.117,571.6363560606063,567.408,692.564,764.117,509.22,807840,97,0,0,364662,97,0,0,0.012007328183798772,0.0,0.012007328183798772,0.0
permutation,1100,m,reps_no_partition,reps_dfp,reps,,0.6,5000000,2,660,718.162,520.3049878787878,511.366,657.21,718.162,470.491,807840,647,0,0,384382,647,0,0,0.08009011685482274,0.0,0.08009011685482274,0.0
permutation,1100,m,reps_minshare10,reps_dfp,reps,-dfp_minimal_share 10,0.6,5000000,2,660,635.933,498.04065909090895,493.936,593.629,635.933,460.245,807840,242,0,0,359409,242,0,0,0.029956427015250545,0.0,0.029956427015250545,0.0
permutation,1100,m,reps_partition,reps_dfp,reps,-reps_partition_entropy -reps_escalate_threshold 0.2 -reps_warmup_explore_rtts 0.5 -reps_explore_prob 70,0.6,5000000,2,660,793.91,528.5487257575764,513.782,690.502,793.91,458.668,807840,1432,0,0,388208,1432,0,0,0.17726282432164786,0.0,0.17726282432164786,0.0
permutation,1100,m,fpar_tuned,fpar,oblivious,-threshold 20750 -disable_hop_rtt_normalization,0.6,5000000,3,660,711.182,472.9266666666668,469.065,598.446,711.182,435.111,807840,855,0,0,272990,855,0,0,0.10583778966131907,0.0,0.10583778966131907,0.0
permutation,1100,m,reps_uniform_defl,reps_dfp,reps,-dfp_low_uniform,0.6,5000000,3,660,762.387,571.0122772727275,566.276,690.475,762.387,505.851,807840,21,0,0,366101,21,0,0,0.002599524658348188,0.0,0.002599524658348188,0.0
permutation,1100,m,reps_no_partition,reps_dfp,reps,,0.6,5000000,3,660,746.19,520.8080272727277,512.058,665.625,746.19,470.363,807840,757,0,0,383506,757,0,0,0.09370667458902752,0.0,0.09370667458902752,0.0
permutation,1100,m,reps_minshare10,reps_dfp,reps,-dfp_minimal_share 10,0.6,5000000,3,660,628.001,498.0065590909092,496.024,573.981,628.001,459.077,807840,419,0,0,358647,419,0,0,0.05186670627847098,0.0,0.05186670627847098,0.0
permutation,1100,m,reps_partition,reps_dfp,reps,-reps_partition_entropy -reps_escalate_threshold 0.2 -reps_warmup_explore_rtts 0.5 -reps_explore_prob 70,0.6,5000000,3,660,824.574,529.4298742424248,514.399,723.374,824.574,465.265,807840,1150,0,0,382542,1150,0,0,0.14235492176668646,0.0,0.14235492176668646,0.0
permutation,1100,m,fpar_tuned,fpar,oblivious,-threshold 20750 -disable_hop_rtt_normalization,0.6,5000000,4,660,720.515,473.21019242424194,465.649,631.385,720.515,431.017,807840,911,0,0,272770,911,0,0,0.11276985541691424,0.0,0.11276985541691424,0.0
permutation,1100,m,reps_uniform_defl,reps_dfp,reps,-dfp_low_uniform,0.6,5000000,4,660,838.255,573.8103651515146,566.211,726.623,838.255,508.141,807840,98,0,0,362977,98,0,0,0.012131115072291542,0.0,0.012131115072291542,0.0
permutation,1100,m,reps_no_partition,reps_dfp,reps,,0.6,5000000,4,660,819.238,524.3389621212121,513.481,717.532,819.238,461.501,807840,723,0,0,381600,723,0,0,0.08949792038027332,0.0,0.08949792038027332,0.0
permutation,1100,m,reps_minshare10,reps_dfp,reps,-dfp_minimal_share 10,0.6,5000000,4,660,722.528,499.09687424242367,492.625,613.257,722.528,443.711,807840,409,0,0,353186,409,0,0,0.05062883739354328,0.0,0.05062883739354328,0.0
permutation,1100,m,reps_partition,reps_dfp,reps,-reps_partition_entropy -reps_escalate_threshold 0.2 -reps_warmup_explore_rtts 0.5 -reps_explore_prob 70,0.6,5000000,4,660,784.069,534.677265151515,516.509,728.72,784.069,457.185,807840,1578,0,0,386452,1578,0,0,0.1953357100415924,0.0,0.1953357100415924,0.0
permutation,1100,m,fpar_tuned,fpar,oblivious,-threshold 20750 -disable_hop_rtt_normalization,0.6,5000000,5,660,699.409,471.8460833333336,465.18,596.064,699.409,428.83,807840,1149,0,0,274720,1149,0,0,0.1422311348781937,0.0,0.1422311348781937,0.0
permutation,1100,m,reps_uniform_defl,reps_dfp,reps,-dfp_low_uniform,0.6,5000000,5,660,815.751,573.2335469696969,565.697,713.764,815.751,510.145,807840,128,0,0,364047,128,0,0,0.015844721727074667,0.0,0.015844721727074667,0.0
permutation,1100,m,reps_no_partition,reps_dfp,reps,,0.6,5000000,5,660,725.985,522.0496560606059,512.79,653.454,725.985,467.7,807840,682,0,0,386697,682,0,0,0.08442265795206971,0.0,0.08442265795206971,0.0
permutation,1100,m,reps_minshare10,reps_dfp,reps,-dfp_minimal_share 10,0.6,5000000,5,660,671.538,498.25873636363593,493.532,602.75,671.538,454.381,807840,347,0,0,353804,347,0,0,0.04295405030699148,0.0,0.04295405030699148,0.0
permutation,1100,m,reps_partition,reps_dfp,reps,-reps_partition_entropy -reps_escalate_threshold 0.2 -reps_warmup_explore_rtts 0.5 -reps_explore_prob 70,0.6,5000000,5,660,751.242,531.4876499999999,516.782,691.208,751.242,465.072,807840,1480,0,0,387829,1480,0,0,0.18320459496930086,0.0,0.18320459496930086,0.0
permutation,1100,m,fpar_tuned,fpar,oblivious,-threshold 20750 -disable_hop_rtt_normalization,0.6,10000000,1,660,1430.82,927.6929954545452,913.705,1179.8,1430.82,856.112,1615680,1586,0,0,545835,1586,0,0,0.09816300257476727,0.0,0.09816300257476727,0.0
permutation,1100,m,reps_uniform_defl,reps_dfp,reps,-dfp_low_uniform,0.6,10000000,1,660,1445.67,1122.9346909090918,1115.82,1334.78,1445.67,998.364,1615680,37,0,0,721890,37,0,0,0.0022900574371162606,0.0,0.0022900574371162606,0.0
permutation,1100,m,reps_no_partition,reps_dfp,reps,,0.6,10000000,1,660,1368.97,1025.6845681818181,1005.13,1239.11,1368.97,902.438,1615680,692,0,0,763750,692,0,0,0.042830263418498715,0.0,0.042830263418498715,0.0
permutation,1100,m,reps_minshare10,reps_dfp,reps,-dfp_minimal_share 10,0.6,10000000,1,660,1259.58,975.6897893939398,966.734,1163.92,1259.58,889.019,1615680,478,0,0,706919,478,0,0,0.029585066349772232,0.0,0.029585066349772232,0.0
permutation,1100,m,reps_partition,reps_dfp,reps,-reps_partition_entropy -reps_escalate_threshold 0.2 -reps_warmup_explore_rtts 0.5 -reps_explore_prob 70,0.6,10000000,1,660,1425.93,1039.886024242424,1014.73,1317.9,1425.93,896.498,1615680,2016,0,0,754601,2016,0,0,0.12477718360071301,0.0,0.12477718360071301,0.0
permutation,1100,m,fpar_tuned,fpar,oblivious,-threshold 20750 -disable_hop_rtt_normalization,0.6,10000000,2,660,1410.71,933.6129393939382,919.648,1230.43,1410.71,843.739,1615680,2605,0,0,556425,2605,0,0,0.161232422261834,0.0,0.161232422261834,0.0
permutation,1100,m,reps_uniform_defl,reps_dfp,reps,-dfp_low_uniform,0.6,10000000,2,660,1489.93,1123.4315106060612,1111.58,1342.58,1489.93,985.957,1615680,122,0,0,725242,122,0,0,0.007551000198059022,0.0,0.007551000198059022,0.0
permutation,1100,m,reps_no_partition,reps_dfp,reps,,0.6,10000000,2,660,1381.81,1021.693386363637,1001.31,1267.42,1381.81,912.392,1615680,974,0,0,755462,974,0,0,0.0602842146959794,0.0,0.0602842146959794,0.0
permutation,1100,m,reps_minshare10,reps_dfp,reps,-dfp_minimal_share 10,0.6,10000000,2,660,1269.39,977.4965696969701,967.284,1170.07,1269.39,899.817,1615680,537,0,0,710247,537,0,0,0.033236779560308974,0.0,0.033236779560308974,0.0
permutation,1100,m,reps_partition,reps_dfp,reps,-reps_partition_entropy -reps_escalate_threshold 0.2 -reps_warmup_explore_rtts 0.5 -reps_explore_prob 70,0.6,10000000,2,660,1444.79,1039.8224712121205,1012.53,1334.5,1444.79,894.634,1615680,2068,0,0,760101,2068,0,0,0.12799564270152505,0.0,0.12799564270152505,0.0
permutation,1100,m,fpar_tuned,fpar,oblivious,-threshold 20750 -disable_hop_rtt_normalization,0.6,10000000,3,660,1369.02,930.0012833333333,921.824,1199.56,1369.02,852.036,1615680,1356,0,0,546529,1356,0,0,0.08392751039809863,0.0,0.08392751039809863,0.0
permutation,1100,m,reps_uniform_defl,reps_dfp,reps,-dfp_low_uniform,0.6,10000000,3,660,1497.32,1122.5125151515165,1111.67,1355.79,1497.32,1005.86,1615680,24,0,0,726341,24,0,0,0.0014854426619132501,0.0,0.0014854426619132501,0.0
permutation,1100,m,reps_no_partition,reps_dfp,reps,,0.6,10000000,3,660,1389.38,1022.3544075757583,1003.67,1273.14,1389.38,920.176,1615680,1252,0,0,755978,1252,0,0,0.07749059219647456,0.0,0.07749059219647456,0.0
permutation,1100,m,reps_minshare10,reps_dfp,reps,-dfp_minimal_share 10,0.6,10000000,3,660,1224.62,977.365463636364,970.508,1149.24,1224.62,895.286,1615680,640,0,0,710266,640,0,0,0.03961180431768667,0.0,0.03961180431768667,0.0
permutation,1100,m,reps_partition,reps_dfp,reps,-reps_partition_entropy -reps_escalate_threshold 0.2 -reps_warmup_explore_rtts 0.5 -reps_explore_prob 70,0.6,10000000,3,660,1517.04,1040.1677424242428,1013.73,1370.13,1517.04,905.516,1615680,1814,0,0,750598,1814,0,0,0.11227470786294316,0.0,0.11227470786294316,0.0
permutation,1100,m,fpar_tuned,fpar,oblivious,-threshold 20750 -disable_hop_rtt_normalization,0.6,10000000,4,660,1297.46,929.2435712121219,915.456,1198.93,1297.46,848.396,1615680,1242,0,0,545486,1242,0,0,0.0768716577540107,0.0,0.0768716577540107,0.0
permutation,1100,m,reps_uniform_defl,reps_dfp,reps,-dfp_low_uniform,0.6,10000000,4,660,1613.18,1127.7541893939388,1111.31,1382.5,1613.18,978.278,1615680,112,0,0,720897,112,0,0,0.0069320657555951674,0.0,0.0069320657555951674,0.0
permutation,1100,m,reps_no_partition,reps_dfp,reps,,0.6,10000000,4,660,1464.85,1029.0456954545464,1007.72,1324.71,1464.85,895.843,1615680,987,0,0,752199,987,0,0,0.06108882947118241,0.0,0.06108882947118241,0.0
permutation,1100,m,reps_minshare10,reps_dfp,reps,-dfp_minimal_share 10,0.6,10000000,4,660,1350.97,980.8688363636375,967.214,1208.06,1350.97,872.293,1615680,686,0,0,702708,686,0,0,0.0424589027530204,0.0,0.0424589027530204,0.0
permutation,1100,m,reps_partition,reps_dfp,reps,-reps_partition_entropy -reps_escalate_threshold 0.2 -reps_warmup_explore_rtts 0.5 -reps_explore_prob 70,0.6,10000000,4,660,1480.32,1051.4440484848492,1020.86,1370.42,1480.32,894.46,1615680,2332,0,0,755457,2332,0,0,0.1443355119825708,0.0,0.1443355119825708,0.0
permutation,1100,m,fpar_tuned,fpar,oblivious,-threshold 20750 -disable_hop_rtt_normalization,0.6,10000000,5,660,1241.65,926.695528787878,914.726,1183.92,1241.65,841.681,1615680,1650,0,0,549713,1650,0,0,0.10212418300653595,0.0,0.10212418300653595,0.0
permutation,1100,m,reps_uniform_defl,reps_dfp,reps,-dfp_low_uniform,0.6,10000000,5,660,1539.66,1126.7164545454546,1109.99,1395.27,1539.66,1001.5,1615680,162,0,0,722802,162,0,0,0.010026737967914439,0.0,0.010026737967914439,0.0
permutation,1100,m,reps_no_partition,reps_dfp,reps,,0.6,10000000,5,660,1303.12,1024.6294575757577,1005.32,1233.95,1303.12,908.819,1615680,958,0,0,763590,958,0,0,0.05929391958803724,0.0,0.05929391958803724,0.0
permutation,1100,m,reps_minshare10,reps_dfp,reps,-dfp_minimal_share 10,0.6,10000000,5,660,1235.24,978.7427378787872,966.262,1192.53,1235.24,890.556,1615680,603,0,0,702680,603,0,0,0.03732174688057041,0.0,0.03732174688057041,0.0
permutation,1100,m,reps_partition,reps_dfp,reps,-reps_partition_entropy -reps_escalate_threshold 0.2 -reps_warmup_explore_rtts 0.5 -reps_explore_prob 70,0.6,10000000,5,660,1398.6,1045.3489590909078,1019.62,1325.14,1398.6,908.212,1615680,2126,0,0,760150,2126,0,0,0.1315854624678154,0.0,0.1315854624678154,0.0
permutation,1100,m,fpar_tuned,fpar,oblivious,-threshold 20750 -disable_hop_rtt_normalization,0.7,100000,1,770,27.0974,24.36104441558442,24.3158,26.2274,27.0974,22.3147,19250,0,0,0,5959,0,0,0,0.0,0.0,0.0,0.0
permutation,1100,m,reps_uniform_defl,reps_dfp,reps,-dfp_low_uniform,0.7,100000,1,770,36.109,28.685418181818207,28.4336,32.9866,36.109,25.9547,19250,0,0,0,6084,0,0,0,0.0,0.0,0.0,0.0
permutation,1100,m,reps_no_partition,reps_dfp,reps,,0.7,100000,1,770,32.8032,26.758956103896125,26.6187,30.9587,32.8032,23.3096,19250,0,0,0,6208,0,0,0,0.0,0.0,0.0,0.0
permutation,1100,m,reps_minshare10,reps_dfp,reps,-dfp_minimal_share 10,0.7,100000,1,770,31.2856,25.869105584415568,25.6587,29.4547,31.2856,22.8067,19250,0,0,0,6110,0,0,0,0.0,0.0,0.0,0.0
permutation,1100,m,reps_partition,reps_dfp,reps,-reps_partition_entropy -reps_escalate_threshold 0.2 -reps_warmup_explore_rtts 0.5 -reps_explore_prob 70,0.7,100000,1,770,32.289,26.172805974025994,25.977,30.6107,32.289,22.8118,19250,0,0,0,6174,0,0,0,0.0,0.0,0.0,0.0
permutation,1100,m,fpar_tuned,fpar,oblivious,-threshold 20750 -disable_hop_rtt_normalization,0.7,100000,2,770,27.4755,24.35086064935068,24.3187,26.1027,27.4755,22.3187,19250,0,0,0,5921,0,0,0,0.0,0.0,0.0,0.0
permutation,1100,m,reps_uniform_defl,reps_dfp,reps,-dfp_low_uniform,0.7,100000,2,770,33.4376,28.48984779220782,28.2856,32.617,33.4376,25.7896,19250,0,0,0,6069,0,0,0,0.0,0.0,0.0,0.0
permutation,1100,m,reps_no_partition,reps_dfp,reps,,0.7,100000,2,770,31.2736,26.65223415584417,26.4781,30.2747,31.2736,23.6496,19250,0,0,0,6171,0,0,0,0.0,0.0,0.0,0.0
permutation,1100,m,reps_minshare10,reps_dfp,reps,-dfp_minimal_share 10,0.7,100000,2,770,31.0389,25.803842597402582,25.6654,29.6016,31.0389,22.4798,19250,0,0,0,6098,0,0,0,0.0,0.0,0.0,0.0
permutation,1100,m,reps_partition,reps_dfp,reps,-reps_partition_entropy -reps_escalate_threshold 0.2 -reps_warmup_explore_rtts 0.5 -reps_explore_prob 70,0.7,100000,2,770,33.2656,26.12075025974027,25.9616,31.2987,33.2656,22.4901,19250,0,0,0,6169,0,0,0,0.0,0.0,0.0,0.0
permutation,1100,m,fpar_tuned,fpar,oblivious,-threshold 20750 -disable_hop_rtt_normalization,0.7,100000,3,770,26.4741,24.306787922077927,24.3067,25.9877,26.4741,21.8158,19250,0,0,0,5937,0,0,0,0.0,0.0,0.0,0.0
permutation,1100,m,reps_uniform_defl,reps_dfp,reps,-dfp_low_uniform,0.7,100000,3,770,34.133,28.62819350649354,28.4216,32.5776,34.133,25.645,19250,0,0,0,6069,0,0,0,0.0,0.0,0.0,0.0
permutation,1100,m,reps_no_partition,reps_dfp,reps,,0.7,100000,3,770,32.2827,26.65391129870132,26.4576,30.7696,32.2827,23.4656,19250,0,0,0,6206,0,0,0,0.0,0.0,0.0,0.0
permutation,1100,m,reps_minshare10,reps_dfp,reps,-dfp_minimal_share 10,0.7,100000,3,770,30.4587,25.87132740259741,25.7896,29.1358,30.4587,22.821,19250,0,0,0,6094,0,0,0,0.0,0.0,0.0,0.0
permutation,1100,m,reps_partition,reps_dfp,reps,-reps_partition_entropy -reps_escalate_threshold 0.2 -reps_warmup_explore_rtts 0.5 -reps_explore_prob 70,0.7,100000,3,770,31.8021,26.100265584415627,25.9496,30.3021,31.8021,23.1438,19250,0,0,0,6193,0,0,0,0.0,0.0,0.0,0.0
permutation,1100,m,fpar_tuned,fpar,oblivious,-threshold 20750 -disable_hop_rtt_normalization,0.7,100000,4,770,27.3339,24.28422818181817,24.3056,25.9736,27.3339,22.1376,19250,0,0,0,5939,0,0,0,0.0,0.0,0.0,0.0
permutation,1100,m,reps_uniform_defl,reps_dfp,reps,-dfp_low_uniform,0.7,100000,4,770,35.1552,28.548194285714317,28.3016,33.1534,35.1552,25.4507,19250,0,0,0,6069,0,0,0,0.0,0.0,0.0,0.0
permutation,1100,m,reps_no_partition,reps_dfp,reps,,0.7,100000,4,770,34.6158,26.88892597402599,26.7656,32.2816,34.6158,23.6683,19250,0,0,0,6230,0,0,0,0.0,0.0,0.0,0.0
permutation,1100,m,reps_minshare10,reps_dfp,reps,-dfp_minimal_share 10,0.7,100000,4,770,32.917,25.867791818181818,25.6427,29.9696,32.917,22.8016,19250,0,0,0,6104,0,0,0,0.0,0.0,0.0,0.0
permutation,1100,m,reps_partition,reps_dfp,reps,-reps_partition_entropy -reps_escalate_threshold 0.2 -reps_warmup_explore_rtts 0.5 -reps_explore_prob 70,0.7,100000,4,770,32.949,26.468088701298754,26.3016,30.973,32.949,22.1683,19250,0,0,0,6215,0,0,0,0.0,0.0,0.0,0.0
permutation,1100,m,fpar_tuned,fpar,oblivious,-threshold 20750 -disable_hop_rtt_normalization,0.7,100000,5,770,26.801,24.28362532467529,24.3016,25.9923,26.801,21.993,19250,0,0,0,5956,0,0,0,0.0,0.0,0.0,0.0
permutation,1100,m,reps_uniform_defl,reps_dfp,reps,-dfp_low_uniform,0.7,100000,5,770,34.7723,28.66803454545461,28.4216,33.3083,34.7723,25.4627,19250,0,0,0,6064,0,0,0,0.0,0.0,0.0,0.0
permutation,1100,m,reps_no_partition,reps_dfp,reps,,0.7,100000,5,770,31.5976,26.484449870129882,26.3107,30.1027,31.5976,22.9638,19250,0,0,0,6157,0,0,0,0.0,0.0,0.0,0.0
permutation,1100,m,reps_minshare10,reps_dfp,reps,-dfp_minimal_share 10,0.7,100000,5,770,31.449,26.047220519480533,25.9587,29.7856,31.449,22.8766,19250,0,0,0,6121,0,0,0,0.0,0.0,0.0,0.0
permutation,1100,m,reps_partition,reps_dfp,reps,-reps_partition_entropy -reps_escalate_threshold 0.2 -reps_warmup_explore_rtts 0.5 -reps_explore_prob 70,0.7,100000,5,770,32.9358,26.322252987013,26.137,31.2758,32.9358,22.9776,19250,0,0,0,6227,0,0,0,0.0,0.0,0.0,0.0
permutation,1100,m,fpar_tuned,fpar,oblivious,-threshold 20750 -disable_hop_rtt_normalization,0.7,250000,1,770,53.4278,43.268203636363644,42.4723,52.4171,53.4278,36.733,47740,135,0,0,14951,135,0,0,0.2827817343946376,0.0,0.2827817343946376,0.0
permutation,1100,m,reps_uniform_defl,reps_dfp,reps,-dfp_low_uniform,0.7,250000,1,770,58.4314,49.454665974025964,49.3427,56.3074,58.4314,41.0438,47740,4,0,0,19653,4,0,0,0.008378718056137411,0.0,0.008378718056137411,0.0
permutation,1100,m,reps_no_partition,reps_dfp,reps,,0.7,250000,1,770,56.4565,46.566791428571364,46.3229,54.1947,56.4565,39.5707,47740,12,0,0,20123,12,0,0,0.025136154168412233,0.0,0.025136154168412233,0.0
permutation,1100,m,reps_minshare10,reps_dfp,reps,-dfp_minimal_share 10,0.7,250000,1,770,53.1856,44.61325103896107,44.4261,51.8174,53.1856,38.4134,47740,4,0,0,18031,4,0,0,0.008378718056137411,0.0,0.008378718056137411,0.0
permutation,1100,m,reps_partition,reps_dfp,reps,-reps_partition_entropy -reps_escalate_threshold 0.2 -reps_warmup_explore_rtts 0.5 -reps_explore_prob 70,0.7,250000,1,770,57.3741,47.34738441558436,47.6763,53.905,57.3741,38.5045,47740,158,0,0,20035,158,0,0,0.33095936321742775,0.0,0.33095936321742775,0.0
permutation,1100,m,fpar_tuned,fpar,oblivious,-threshold 20750 -disable_hop_rtt_normalization,0.7,250000,2,770,52.3126,43.381622727272685,42.844,51.3048,52.3126,37.2547,47740,130,0,0,14952,130,0,0,0.27230833682446587,0.0,0.27230833682446587,0.0
permutation,1100,m,reps_uniform_defl,reps_dfp,reps,-dfp_low_uniform,0.7,250000,2,770,58.6405,49.561480519480504,49.3683,56.055,58.6405,42.9898,47740,1,0,0,19353,1,0,0,0.0020946795140343527,0.0,0.0020946795140343527,0.0
permutation,1100,m,reps_no_partition,reps_dfp,reps,,0.7,250000,2,770,54.6565,46.5415661038961,46.279,53.4587,54.6565,39.9056,47740,4,0,0,19866,4,0,0,0.008378718056137411,0.0,0.008378718056137411,0.0
permutation,1100,m,reps_minshare10,reps_dfp,reps,-dfp_minimal_share 10,0.7,250000,2,770,52.9936,44.44561142857146,44.3024,50.0056,52.9936,39.1754,47740,0,0,0,18032,0,0,0,0.0,0.0,0.0,0.0
permutation,1100,m,reps_partition,reps_dfp,reps,-reps_partition_entropy -reps_escalate_threshold 0.2 -reps_warmup_explore_rtts 0.5 -reps_explore_prob 70,0.7,250000,2,770,54.6149,46.812930000000044,46.8147,52.9677,54.6149,38.7925,47740,159,0,0,20097,159,0,0,0.3330540427314621,0.0,0.3330540427314621,0.0
permutation,1100,m,fpar_tuned,fpar,oblivious,-threshold 20750 -disable_hop_rtt_normalization,0.7,250000,3,770,51.5827,43.191421428571424,42.6717,50.6774,51.5827,37.1835,47740,55,0,0,14923,55,0,0,0.1152073732718894,0.0,0.1152073732718894,0.0
permutation,1100,m,reps_uniform_defl,reps_dfp,reps,-dfp_low_uniform,0.7,250000,3,770,58.4976,49.84657896103897,49.7299,57.5685,58.4976,42.6429,47740,0,0,0,19640,0,0,0,0.0,0.0,0.0,0.0
permutation,1100,m,reps_no_partition,reps_dfp,reps,,0.7,250000,3,770,53.6656,46.66074948051946,46.5456,52.4565,53.6656,40.6947,47740,18,0,0,19937,18,0,0,0.03770423125261835,0.0,0.03770423125261835,0.0
permutation,1100,m,reps_minshare10,reps_dfp,reps,-dfp_minimal_share 10,0.7,250000,3,770,52.931,44.72948168831172,44.5576,50.927,52.931,39.5787,47740,0,0,0,18023,0,0,0,0.0,0.0,0.0,0.0
permutation,1100,m,reps_partition,reps_dfp,reps,-reps_partition_entropy -reps_escalate_threshold 0.2 -reps_warmup_explore_rtts 0.5 -reps_explore_prob 70,0.7,250000,3,770,53.5133,46.550964415584424,46.6795,52.2456,53.5133,39.6174,47740,89,0,0,19977,89,0,0,0.1864264767490574,0.0,0.1864264767490574,0.0
permutation,1100,m,fpar_tuned,fpar,oblivious,-threshold 20750 -disable_hop_rtt_normalization,0.7,250000,4,770,53.1357,43.86244298701291,43.124,52.4598,53.1357,36.7165,47740,60,0,0,14929,60,0,0,0.12568077084206117,0.0,0.12568077084206117,0.0
permutation,1100,m,reps_uniform_defl,reps_dfp,reps,-dfp_low_uniform,0.7,250000,4,770,59.227,49.78814831168829,49.5336,58.231,59.227,42.4117,47740,0,0,0,19476,0,0,0,0.0,0.0,0.0,0.0
permutation,1100,m,reps_no_partition,reps_dfp,reps,,0.7,250000,4,770,56.2664,47.282724935064905,47.2454,53.9242,56.2664,40.2478,47740,0,0,0,20234,0,0,0,0.0,0.0,0.0,0.0
permutation,1100,m,reps_minshare10,reps_dfp,reps,-dfp_minimal_share 10,0.7,250000,4,770,52.3173,44.598821948051885,44.3843,50.8827,52.3173,38.929,47740,5,0,0,17951,5,0,0,0.010473397570171765,0.0,0.010473397570171765,0.0
permutation,1100,m,reps_partition,reps_dfp,reps,-reps_partition_entropy -reps_escalate_threshold 0.2 -reps_warmup_explore_rtts 0.5 -reps_explore_prob 70,0.7,250000,4,770,55.4142,47.34044168831169,47.424,53.8126,55.4142,38.975,47740,207,0,0,20450,207,0,0,0.433598659405111,0.0,0.433598659405111,0.0
permutation,1100,m,fpar_tuned,fpar,oblivious,-threshold 20750 -disable_hop_rtt_normalization,0.7,250000,5,770,52.7622,43.24116025974022,42.0461,51.7125,52.7622,36.551,47740,164,0,0,14837,164,0,0,0.34352744030163385,0.0,0.34352744030163385,0.0
permutation,1100,m,reps_uniform_defl,reps_dfp,reps,-dfp_low_uniform,0.7,250000,5,770,60.0339,49.99280727272734,49.611,58.537,60.0339,42.9237,47740,12,0,0,19620,12,0,0,0.025136154168412233,0.0,0.025136154168412233,0.0
permutation,1100,m,reps_no_partition,reps_dfp,reps,,0.7,250000,5,770,52.595,46.31303181818183,46.2136,51.591,52.595,40.3189,47740,0,0,0,20012,0,0,0,0.0,0.0,0.0,0.0
permutation,1100,m,reps_minshare10,reps_dfp,reps,-dfp_minimal_share 10,0.7,250000,5,770,52.537,44.677905194805156,44.3576,51.873,52.537,37.327,47740,3,0,0,18059,3,0,0,0.006284038542103058,0.0,0.006284038542103058,0.0
permutation,1100,m,reps_partition,reps_dfp,reps,-reps_partition_entropy -reps_escalate_threshold 0.2 -reps_warmup_explore_rtts 0.5 -reps_explore_prob 70,0.7,250000,5,770,54.3374,47.21543272727274,47.3742,52.9198,54.3374,39.2131,47740,168,0,0,20307,168,0,0,0.3519061583577713,0.0,0.3519061583577713,0.0
permutation,1100,m,fpar_tuned,fpar,oblivious,-threshold 20750 -disable_hop_rtt_normalization,0.7,500000,1,770,97.9451,70.46376337662335,70.3355,79.5083,97.9451,60.6461,94710,1024,0,0,34672,1024,0,0,1.081195227536691,0.0,1.081195227536691,0.0
permutation,1100,m,reps_uniform_defl,reps_dfp,reps,-dfp_low_uniform,0.7,500000,1,770,96.1093,82.85744116883119,82.5274,94.7693,96.1093,70.5754,94710,67,0,0,46838,67,0,0,0.07074226586421709,0.0,0.07074226586421709,0.0
permutation,1100,m,reps_no_partition,reps_dfp,reps,,0.7,500000,1,770,85.5285,77.18916467532465,77.3502,83.6656,85.5285,66.1438,94710,195,0,0,54024,195,0,0,0.20589166930630345,0.0,0.20589166930630345,0.0
permutation,1100,m,reps_minshare10,reps_dfp,reps,-dfp_minimal_share 10,0.7,500000,1,770,82.86,73.92304623376621,73.9467,81.1394,82.86,64.0286,94710,113,0,0,48223,113,0,0,0.11931158272621688,0.0,0.11931158272621688,0.0
permutation,1100,m,reps_partition,reps_dfp,reps,-reps_partition_entropy -reps_escalate_threshold 0.2 -reps_warmup_explore_rtts 0.5 -reps_explore_prob 70,0.7,500000,1,770,83.4179,74.00165649350646,74.1221,80.7885,83.4179,63.8624,94710,1809,0,0,50077,1809,0,0,1.9100411783338613,0.0,1.9100411783338613,0.0
permutation,1100,m,fpar_tuned,fpar,oblivious,-threshold 20750 -disable_hop_rtt_normalization,0.7,500000,2,770,81.4224,70.67422311688321,71.087,78.3368,81.4224,60.524,94710,1152,0,0,35019,1152,0,0,1.2163446309787773,0.0,1.2163446309787773,0.0
permutation,1100,m,reps_uniform_defl,reps_dfp,reps,-dfp_low_uniform,0.7,500000,2,770,95.0706,82.06572753246748,81.9272,93.065,95.0706,71.1653,94710,37,0,0,46504,37,0,0,0.03906662443247809,0.0,0.03906662443247809,0.0
permutation,1100,m,reps_no_partition,reps_dfp,reps,,0.7,500000,2,770,88.993,77.19820948051955,77.1704,86.005,88.993,67.916,94710,138,0,0,52792,138,0,0,0.14570795058599936,0.0,0.14570795058599936,0.0
permutation,1100,m,reps_minshare10,reps_dfp,reps,-dfp_minimal_share 10,0.7,500000,2,770,81.8634,73.53785116883111,73.68,80.2688,81.8634,64.5382,94710,101,0,0,47931,101,0,0,0.10664132615352127,0.0,0.10664132615352127,0.0
permutation,1100,m,reps_partition,reps_dfp,reps,-reps_partition_entropy -reps_escalate_threshold 0.2 -reps_warmup_explore_rtts 0.5 -reps_explore_prob 70,0.7,500000,2,770,83.4027,74.4096775324675,74.4336,81.8406,83.4027,66.1467,94710,1498,0,0,51177,1498,0,0,1.5816703621581671,0.0,1.5816703621581671,0.0
permutation,1100,m,fpar_tuned,fpar,oblivious,-threshold 20750 -disable_hop_rtt_normalization,0.7,500000,3,770,82.6725,70.27526246753249,70.2054,78.4626,82.6725,60.1085,94710,483,0,0,34692,483,0,0,0.5099778270509978,0.0,0.5099778270509978,0.0
permutation,1100,m,reps_uniform_defl,reps_dfp,reps,-dfp_low_uniform,0.7,500000,3,770,97.7416,82.81041350649349,82.4341,96.0816,97.7416,71.0627,94710,60,0,0,47191,60,0,0,0.06335128286347799,0.0,0.06335128286347799,0.0
permutation,1100,m,reps_no_partition,reps_dfp,reps,,0.7,500000,3,770,86.0243,77.30813571428564,77.2194,84.7256,86.0243,67.3578,94710,252,0,0,53134,252,0,0,0.2660753880266075,0.0,0.2660753880266075,0.0
permutation,1100,m,reps_minshare10,reps_dfp,reps,-dfp_minimal_share 10,0.7,500000,3,770,80.0315,73.84728597402598,74.1056,79.3573,80.0315,65.7662,94710,141,0,0,48028,141,0,0,0.14887551472917326,0.0,0.14887551472917326,0.0
permutation,1100,m,reps_partition,reps_dfp,reps,-reps_partition_entropy -reps_escalate_threshold 0.2 -reps_warmup_explore_rtts 0.5 -reps_explore_prob 70,0.7,500000,3,770,83.5507,74.44339064935063,74.2853,82.1954,83.5507,64.9014,94710,1308,0,0,51331,1308,0,0,1.38105796642382,0.0,1.38105796642382,0.0
permutation,1100,m,fpar_tuned,fpar,oblivious,-threshold 20750 -disable_hop_rtt_normalization,0.7,500000,4,770,81.419,70.58901571428571,70.7573,79.9667,81.419,59.5573,94710,1162,0,0,34516,1162,0,0,1.2269031781226902,0.0,1.2269031781226902,0.0
permutation,1100,m,reps_uniform_defl,reps_dfp,reps,-dfp_low_uniform,0.7,500000,4,770,95.7638,82.86144103896098,82.6605,94.4382,95.7638,69.779,94710,45,0,0,47041,45,0,0,0.04751346214760849,0.0,0.04751346214760849,0.0
permutation,1100,m,reps_no_partition,reps_dfp,reps,,0.7,500000,4,770,87.9176,78.16748194805194,78.2443,86.4638,87.9176,68.4747,94710,373,0,0,53507,373,0,0,0.3938338084679548,0.0,0.3938338084679548,0.0
permutation,1100,m,reps_minshare10,reps_dfp,reps,-dfp_minimal_share 10,0.7,500000,4,770,82.6464,73.7071872727272,73.5878,81.4882,82.6464,64.8494,94710,133,0,0,48025,133,0,0,0.14042867701404288,0.0,0.14042867701404288,0.0
permutation,1100,m,reps_partition,reps_dfp,reps,-reps_partition_entropy -reps_escalate_threshold 0.2 -reps_warmup_explore_rtts 0.5 -reps_explore_prob 70,0.7,500000,4,770,85.6941,75.00911428571428,74.8226,84.0341,85.6941,66.2632,94710,1699,0,0,51739,1699,0,0,1.7938971597508182,0.0,1.7938971597508182,0.0
permutation,1100,m,fpar_tuned,fpar,oblivious,-threshold 20750 -disable_hop_rtt_normalization,0.7,500000,5,770,81.86,70.44183311688305,70.7285,80.1816,81.86,57.4182,94710,1300,0,0,34672,1300,0,0,1.3726111287086897,0.0,1.3726111287086897,0.0
permutation,1100,m,reps_uniform_defl,reps_dfp,reps,-dfp_low_uniform,0.7,500000,5,770,100.275,83.01678558441559,82.7923,95.8776,100.275,70.965,94710,87,0,0,47252,87,0,0,0.09185936015204307,0.0,0.09185936015204307,0.0
permutation,1100,m,reps_no_partition,reps_dfp,reps,,0.7,500000,5,770,85.0502,77.55951194805195,77.5781,84.0821,85.0502,67.9685,94710,165,0,0,53562,165,0,0,0.17421602787456447,0.0,0.17421602787456447,0.0
permutation,1100,m,reps_minshare10,reps_dfp,reps,-dfp_minimal_share 10,0.7,500000,5,770,84.1114,73.67770389610385,73.7816,81.4275,84.1114,64.3054,94710,154,0,0,47958,154,0,0,0.16260162601626016,0.0,0.16260162601626016,0.0
permutation,1100,m,reps_partition,reps_dfp,reps,-reps_partition_entropy -reps_escalate_threshold 0.2 -reps_warmup_explore_rtts 0.5 -reps_explore_prob 70,0.7,500000,5,770,84.6834,74.66459519480513,74.7483,81.3058,84.6834,65.3752,94710,1587,0,0,51509,1587,0,0,1.6756414317389927,0.0,1.6756414317389927,0.0
permutation,1100,m,fpar_tuned,fpar,oblivious,-threshold 20750 -disable_hop_rtt_normalization,0.7,2000000,1,770,366.611,223.68916103896106,218.256,303.479,366.611,190.34,377300,4240,0,0,145813,4240,0,0,1.1237741849986749,0.0,1.1237741849986749,0.0
permutation,1100,m,reps_uniform_defl,reps_dfp,reps,-dfp_low_uniform,0.7,2000000,1,770,451.116,264.3578597402601,257.314,380.611,451.116,229.742,377300,189,0,0,205528,189,0,0,0.05009276437847866,0.0,0.05009276437847866,0.0
permutation,1100,m,reps_no_partition,reps_dfp,reps,,0.7,2000000,1,770,377.043,245.47758961038986,237.853,332.353,377.043,206.951,377300,943,0,0,224517,943,0,0,0.2499337397296581,0.0,0.2499337397296581,0.0
permutation,1100,m,reps_minshare10,reps_dfp,reps,-dfp_minimal_share 10,0.7,2000000,1,770,319.048,233.37194285714307,229.207,291.216,319.048,204.87,377300,707,0,0,219886,707,0,0,0.18738404452690166,0.0,0.18738404452690166,0.0
permutation,1100,m,reps_partition,reps_dfp,reps,-reps_partition_entropy -reps_escalate_threshold 0.2 -reps_warmup_explore_rtts 0.5 -reps_explore_prob 70,0.7,2000000,1,770,377.825,247.15242207792215,239.634,339.872,377.825,208.712,377300,2642,0,0,221936,2642,0,0,0.7002385369732308,0.0,0.7002385369732308,0.0
permutation,1100,m,fpar_tuned,fpar,oblivious,-threshold 20750 -disable_hop_rtt_normalization,0.7,2000000,2,770,343.283,224.3970363636362,218.182,308.708,343.283,191.61,377300,4490,0,0,147824,4490,0,0,1.1900344553405777,0.0,1.1900344553405777,0.0
permutation,1100,m,reps_uniform_defl,reps_dfp,reps,-dfp_low_uniform,0.7,2000000,2,770,401.332,262.7187649350652,258.601,352.883,401.332,235.093,377300,156,0,0,207568,156,0,0,0.04134640869334747,0.0,0.04134640869334747,0.0
permutation,1100,m,reps_no_partition,reps_dfp,reps,,0.7,2000000,2,770,393.521,243.9635623376623,236.762,320.857,393.521,213.642,377300,889,0,0,226525,889,0,0,0.23562152133580705,0.0,0.23562152133580705,0.0
permutation,1100,m,reps_minshare10,reps_dfp,reps,-dfp_minimal_share 10,0.7,2000000,2,770,323.136,233.3437857142856,230.365,305.984,323.136,210.785,377300,594,0,0,222390,594,0,0,0.15743440233236153,0.0,0.15743440233236153,0.0
permutation,1100,m,reps_partition,reps_dfp,reps,-reps_partition_entropy -reps_escalate_threshold 0.2 -reps_warmup_explore_rtts 0.5 -reps_explore_prob 70,0.7,2000000,2,770,360.583,246.19216883116908,239.353,322.62,360.583,211.264,377300,2553,0,0,221129,2553,0,0,0.6766498807315133,0.0,0.6766498807315133,0.0
permutation,1100,m,fpar_tuned,fpar,oblivious,-threshold 20750 -disable_hop_rtt_normalization,0.7,2000000,3,770,356.423,223.61705454545455,218.935,304.099,356.423,196.31,377300,3122,0,0,147676,3122,0,0,0.8274582560296846,0.0,0.8274582560296846,0.0
permutation,1100,m,reps_uniform_defl,reps_dfp,reps,-dfp_low_uniform,0.7,2000000,3,770,409.164,263.7537428571426,257.499,352.92,409.164,231.536,377300,178,0,0,206287,178,0,0,0.04717731248343493,0.0,0.04717731248343493,0.0
permutation,1100,m,reps_no_partition,reps_dfp,reps,,0.7,2000000,3,770,360.238,245.0057805194808,237.646,318.83,360.238,215.417,377300,1143,0,0,225206,1143,0,0,0.30294195600318047,0.0,0.30294195600318047,0.0
permutation,1100,m,reps_minshare10,reps_dfp,reps,-dfp_minimal_share 10,0.7,2000000,3,770,344.408,233.74524025974014,230.087,290.842,344.408,214.264,377300,718,0,0,221092,718,0,0,0.1902994964219454,0.0,0.1902994964219454,0.0
permutation,1100,m,reps_partition,reps_dfp,reps,-reps_partition_entropy -reps_escalate_threshold 0.2 -reps_warmup_explore_rtts 0.5 -reps_explore_prob 70,0.7,2000000,3,770,387.498,246.41636493506468,239.982,338.943,387.498,210.943,377300,2308,0,0,223793,2308,0,0,0.6117148157964485,0.0,0.6117148157964485,0.0
permutation,1100,m,fpar_tuned,fpar,oblivious,-threshold 20750 -disable_hop_rtt_normalization,0.7,2000000,4,770,350.125,223.90768441558444,217.783,317.105,350.125,195.242,377300,4736,0,0,146287,4736,0,0,1.2552345613570104,0.0,1.2552345613570104,0.0
permutation,1100,m,reps_uniform_defl,reps_dfp,reps,-dfp_low_uniform,0.7,2000000,4,770,388.079,264.5345363636364,257.984,367.887,388.079,228.933,377300,172,0,0,205676,172,0,0,0.04558706599522926,0.0,0.04558706599522926,0.0
permutation,1100,m,reps_no_partition,reps_dfp,reps,,0.7,2000000,4,770,376.978,246.74076623376592,237.776,324.464,376.978,215.244,377300,1387,0,0,222153,1387,0,0,0.3676119798568778,0.0,0.3676119798568778,0.0
permutation,1100,m,reps_minshare10,reps_dfp,reps,-dfp_minimal_share 10,0.7,2000000,4,770,359.604,234.64208701298733,229.494,308.014,359.604,210.823,377300,794,0,0,219212,794,0,0,0.21044261860588392,0.0,0.21044261860588392,0.0
permutation,1100,m,reps_partition,reps_dfp,reps,-reps_partition_entropy -reps_escalate_threshold 0.2 -reps_warmup_explore_rtts 0.5 -reps_explore_prob 70,0.7,2000000,4,770,382.069,248.55029220779235,240.528,344.145,382.069,208.366,377300,2750,0,0,222760,2750,0,0,0.7288629737609329,0.0,0.7288629737609329,0.0
permutation,1100,m,fpar_tuned,fpar,oblivious,-threshold 20750 -disable_hop_rtt_normalization,0.7,2000000,5,770,344.288,224.06514155844138,216.775,319.443,344.288,188.29,377300,4906,0,0,146107,4906,0,0,1.3002915451895043,0.0,1.3002915451895043,0.0
permutation,1100,m,reps_uniform_defl,reps_dfp,reps,-dfp_low_uniform,0.7,2000000,5,770,398.62,263.94760389610383,257.587,375.781,398.62,226.024,377300,267,0,0,204429,267,0,0,0.0707659687251524,0.0,0.0707659687251524,0.0
permutation,1100,m,reps_no_partition,reps_dfp,reps,,0.7,2000000,5,770,362.119,245.1153883116883,237.442,332.596,362.119,210.85,377300,866,0,0,226609,866,0,0,0.22952557646435198,0.0,0.22952557646435198,0.0
permutation,1100,m,reps_minshare10,reps_dfp,reps,-dfp_minimal_share 10,0.7,2000000,5,770,346.977,232.86819999999972,229.297,288.261,346.977,206.648,377300,762,0,0,217922,762,0,0,0.20196130400212034,0.0,0.20196130400212034,0.0
permutation,1100,m,reps_partition,reps_dfp,reps,-reps_partition_entropy -reps_escalate_threshold 0.2 -reps_warmup_explore_rtts 0.5 -reps_explore_prob 70,0.7,2000000,5,770,373.096,248.9010675324673,241.503,346.334,373.096,206.639,377300,2699,0,0,223371,2699,0,0,0.7153458786111847,0.0,0.7153458786111847,0.0
permutation,1100,m,fpar_tuned,fpar,oblivious,-threshold 20750 -disable_hop_rtt_normalization,0.7,5000000,1,770,782.478,529.0597532467526,506.952,754.474,782.478,457.863,942480,5961,0,0,351446,5961,0,0,0.632480264833206,0.0,0.632480264833206,0.0
permutation,1100,m,reps_uniform_defl,reps_dfp,reps,-dfp_low_uniform,0.7,5000000,1,770,995.197,626.89475974026,609.093,861.981,995.197,530.172,942480,208,0,0,487417,208,0,0,0.022069433834139715,0.0,0.022069433834139715,0.0
permutation,1100,m,reps_no_partition,reps_dfp,reps,,0.7,5000000,1,770,824.519,579.8623116883115,562.096,777.287,824.519,490.202,942480,1093,0,0,513012,1093,0,0,0.11597063067651303,0.0,0.11597063067651303,0.0
permutation,1100,m,reps_minshare10,reps_dfp,reps,-dfp_minimal_share 10,0.7,5000000,1,770,778.257,553.9644688311686,537.433,721.637,778.257,487.744,942480,875,0,0,505305,875,0,0,0.09284016636957813,0.0,0.09284016636957813,0.0
permutation,1100,m,reps_partition,reps_dfp,reps,-reps_partition_entropy -reps_escalate_threshold 0.2 -reps_warmup_explore_rtts 0.5 -reps_explore_prob 70,0.7,5000000,1,770,888.896,586.0576870129868,572.699,787.232,888.896,487.719,942480,2877,0,0,503758,2877,0,0,0.3052584670231729,0.0,0.3052584670231729,0.0
permutation,1100,m,fpar_tuned,fpar,oblivious,-threshold 20750 -disable_hop_rtt_normalization,0.7,5000000,2,770,800.361,530.2123870129865,509.446,733.486,800.361,456.367,942480,6197,0,0,357442,6197,0,0,0.6575205839911722,0.0,0.6575205839911722,0.0
permutation,1100,m,reps_uniform_defl,reps_dfp,reps,-dfp_low_uniform,0.7,5000000,2,770,912.94,623.4752233766238,609.62,801.0,912.94,543.785,942480,167,0,0,495480,167,0,0,0.017719208895679486,0.0,0.017719208895679486,0.0
permutation,1100,m,reps_no_partition,reps_dfp,reps,,0.7,5000000,2,770,895.623,577.9347636363632,561.414,742.039,895.623,499.568,942480,1057,0,0,518829,1057,0,0,0.11215092097445038,0.0,0.11215092097445038,0.0
permutation,1100,m,reps_minshare10,reps_dfp,reps,-dfp_minimal_share 10,0.7,5000000,2,770,748.329,553.10174025974,539.126,715.971,748.329,493.203,942480,796,0,0,517430,796,0,0,0.08445802563449623,0.0,0.08445802563449623,0.0
permutation,1100,m,reps_partition,reps_dfp,reps,-reps_partition_entropy -reps_escalate_threshold 0.2 -reps_warmup_explore_rtts 0.5 -reps_explore_prob 70,0.7,5000000,2,770,805.797,585.3311909090902,569.528,773.073,805.797,486.957,942480,2855,0,0,505090,2855,0,0,0.3029241999830235,0.0,0.3029241999830235,0.0
permutation,1100,m,fpar_tuned,fpar,oblivious,-threshold 20750 -disable_hop_rtt_normalization,0.7,5000000,3,770,767.112,529.7080792207788,509.552,705.259,767.112,451.658,942480,4661,0,0,354010,4661,0,0,0.4945463033698328,0.0,0.4945463033698328,0.0
permutation,1100,m,reps_uniform_defl,reps_dfp,reps,-dfp_low_uniform,0.7,5000000,3,770,899.072,626.2896363636369,609.322,808.74,899.072,539.593,942480,199,0,0,492968,199,0,0,0.021114506408624056,0.0,0.021114506408624056,0.0
permutation,1100,m,reps_no_partition,reps_dfp,reps,,0.7,5000000,3,770,820.893,579.7802740259737,562.821,747.697,820.893,505.395,942480,1434,0,0,511919,1434,0,0,0.15215176979882863,0.0,0.15215176979882863,0.0
permutation,1100,m,reps_minshare10,reps_dfp,reps,-dfp_minimal_share 10,0.7,5000000,3,770,807.411,554.4529116883119,538.377,698.171,807.411,499.505,942480,1010,0,0,506182,1010,0,0,0.10716407775231304,0.0,0.10716407775231304,0.0
permutation,1100,m,reps_partition,reps_dfp,reps,-reps_partition_entropy -reps_escalate_threshold 0.2 -reps_warmup_explore_rtts 0.5 -reps_explore_prob 70,0.7,5000000,3,770,930.381,586.3578025974026,572.768,796.438,930.381,485.916,942480,2587,0,0,506267,2587,0,0,0.27448858331211273,0.0,0.27448858331211273,0.0
permutation,1100,m,fpar_tuned,fpar,oblivious,-threshold 20750 -disable_hop_rtt_normalization,0.7,5000000,4,770,813.916,529.9622506493512,506.513,756.161,813.916,464.39,942480,6189,0,0,350653,6189,0,0,0.6566717596129361,0.0,0.6566717596129361,0.0
permutation,1100,m,reps_uniform_defl,reps_dfp,reps,-dfp_low_uniform,0.7,5000000,4,770,954.515,626.8459701298702,610.692,851.756,954.515,536.767,942480,191,0,0,488833,191,0,0,0.02026568203038791,0.0,0.02026568203038791,0.0
permutation,1100,m,reps_no_partition,reps_dfp,reps,,0.7,5000000,4,770,842.095,582.6442740259741,565.824,760.662,842.095,502.699,942480,1608,0,0,507202,1608,0,0,0.17061370002546472,0.0,0.17061370002546472,0.0
permutation,1100,m,reps_minshare10,reps_dfp,reps,-dfp_minimal_share 10,0.7,5000000,4,770,888.905,554.0127103896111,535.378,726.281,888.905,492.242,942480,956,0,0,503945,956,0,0,0.10143451319921908,0.0,0.10143451319921908,0.0
permutation,1100,m,reps_partition,reps_dfp,reps,-reps_partition_entropy -reps_escalate_threshold 0.2 -reps_warmup_explore_rtts 0.5 -reps_explore_prob 70,0.7,5000000,4,770,941.518,590.5777298701299,579.891,794.744,941.518,482.796,942480,3049,0,0,502611,3049,0,0,0.32350819115525,0.0,0.32350819115525,0.0
permutation,1100,m,fpar_tuned,fpar,oblivious,-threshold 20750 -disable_hop_rtt_normalization,0.7,5000000,5,770,890.454,530.3521948051947,504.256,765.885,890.454,443.25,942480,6616,0,0,352760,6616,0,0,0.7019777608012903,0.0,0.7019777608012903,0.0
permutation,1100,m,reps_uniform_defl,reps_dfp,reps,-dfp_low_uniform,0.7,5000000,5,770,919.23,626.3712441558442,608.602,842.788,919.23,539.2,942480,309,0,0,488691,309,0,0,0.03278584160937102,0.0,0.03278584160937102,0.0
permutation,1100,m,reps_no_partition,reps_dfp,reps,,0.7,5000000,5,770,846.357,579.0505298701303,561.537,778.224,846.357,482.812,942480,1099,0,0,516385,1099,0,0,0.11660724896019013,0.0,0.11660724896019013,0.0
permutation,1100,m,reps_minshare10,reps_dfp,reps,-dfp_minimal_share 10,0.7,5000000,5,770,758.421,552.9964571428575,538.427,686.927,758.421,486.167,942480,853,0,0,507492,853,0,0,0.09050589932942874,0.0,0.09050589932942874,0.0
permutation,1100,m,reps_partition,reps_dfp,reps,-reps_partition_entropy -reps_escalate_threshold 0.2 -reps_warmup_explore_rtts 0.5 -reps_explore_prob 70,0.7,5000000,5,770,969.24,589.0589922077927,572.214,783.809,969.24,485.414,942480,2957,0,0,503884,2957,0,0,0.31374671080553435,0.0,0.31374671080553435,0.0
permutation,1100,m,fpar_tuned,fpar,oblivious,-threshold 20750 -disable_hop_rtt_normalization,0.7,10000000,1,770,1569.2,1038.2391051948046,991.808,1460.83,1569.2,908.205,1884960,8909,0,0,695141,8909,0,0,0.4726360241066123,0.0,0.4726360241066123,0.0
permutation,1100,m,reps_uniform_defl,reps_dfp,reps,-dfp_low_uniform,0.7,10000000,1,770,1902.3,1232.6050909090918,1201.3,1657.52,1902.3,1044.71,1884960,284,0,0,957718,284,0,0,0.015066632713691536,0.0,0.015066632713691536,0.0
permutation,1100,m,reps_no_partition,reps_dfp,reps,,0.7,10000000,1,770,1509.29,1140.8764961038962,1123.74,1440.0,1509.29,948.202,1884960,1412,0,0,1007350,1412,0,0,0.07490875137933961,0.0,0.07490875137933961,0.0
permutation,1100,m,reps_minshare10,reps_dfp,reps,-dfp_minimal_share 10,0.7,10000000,1,770,1487.03,1088.733536363635,1066.14,1370.38,1487.03,942.338,1884960,1246,0,0,983490,1246,0,0,0.06610219845513964,0.0,0.06610219845513964,0.0
permutation,1100,m,reps_partition,reps_dfp,reps,-reps_partition_entropy -reps_escalate_threshold 0.2 -reps_warmup_explore_rtts 0.5 -reps_explore_prob 70,0.7,10000000,1,770,1644.61,1155.2570532467519,1142.49,1499.59,1644.61,948.318,1884960,3394,0,0,990154,3394,0,0,0.18005687123334183,0.0,0.18005687123334183,0.0
permutation,1100,m,fpar_tuned,fpar,oblivious,-threshold 20750 -disable_hop_rtt_normalization,0.7,10000000,2,770,1550.09,1040.046833766234,999.292,1451.87,1550.09,905.776,1884960,9115,0,0,704859,9115,0,0,0.4835646379764027,0.0,0.4835646379764027,0.0
permutation,1100,m,reps_uniform_defl,reps_dfp,reps,-dfp_low_uniform,0.7,10000000,2,770,1754.73,1227.6825454545462,1204.5,1573.62,1754.73,1066.76,1884960,200,0,0,972690,200,0,0,0.010610304727951787,0.0,0.010610304727951787,0.0
permutation,1100,m,reps_no_partition,reps_dfp,reps,,0.7,10000000,2,770,1559.64,1137.0234532467525,1122.2,1420.15,1559.64,973.952,1884960,1384,0,0,1011793,1384,0,0,0.07342330871742636,0.0,0.07342330871742636,0.0
permutation,1100,m,reps_minshare10,reps_dfp,reps,-dfp_minimal_share 10,0.7,10000000,2,770,1368.97,1087.542029870129,1065.57,1343.84,1368.97,961.885,1884960,1052,0,0,1003769,1052,0,0,0.055810202869026396,0.0,0.055810202869026396,0.0
permutation,1100,m,reps_partition,reps_dfp,reps,-reps_partition_entropy -reps_escalate_threshold 0.2 -reps_warmup_explore_rtts 0.5 -reps_explore_prob 70,0.7,10000000,2,770,1550.47,1151.5821194805187,1135.5,1445.2,1550.47,958.234,1884960,3397,0,0,988700,3397,0,0,0.1802160258042611,0.0,0.1802160258042611,0.0
permutation,1100,m,fpar_tuned,fpar,oblivious,-threshold 20750 -disable_hop_rtt_normalization,0.7,10000000,3,770,1471.67,1039.455049350649,999.97,1383.05,1471.67,908.718,1884960,7220,0,0,699212,7220,0,0,0.3830320006790595,0.0,0.3830320006790595,0.0
permutation,1100,m,reps_uniform_defl,reps_dfp,reps,-dfp_low_uniform,0.7,10000000,3,770,1774.23,1233.2685064935056,1203.01,1550.69,1774.23,1059.41,1884960,269,0,0,965226,269,0,0,0.014270859859095153,0.0,0.014270859859095153,0.0
permutation,1100,m,reps_no_partition,reps_dfp,reps,,0.7,10000000,3,770,1525.11,1141.312141558443,1127.86,1409.44,1525.11,979.916,1884960,2014,0,0,997264,2014,0,0,0.1068457686104745,0.0,0.1068457686104745,0.0
permutation,1100,m,reps_minshare10,reps_dfp,reps,-dfp_minimal_share 10,0.7,10000000,3,770,1476.73,1090.099725974026,1070.62,1359.82,1476.73,972.825,1884960,1338,0,0,984981,1338,0,0,0.07098293862999745,0.0,0.07098293862999745,0.0
permutation,1100,m,reps_partition,reps_dfp,reps,-reps_partition_entropy -reps_escalate_threshold 0.2 -reps_warmup_explore_rtts 0.5 -reps_explore_prob 70,0.7,10000000,3,770,1661.18,1154.3808142857142,1136.29,1502.81,1661.18,938.403,1884960,3147,0,0,986398,3147,0,0,0.16695314489432136,0.0,0.16695314489432136,0.0
permutation,1100,m,fpar_tuned,fpar,oblivious,-threshold 20750 -disable_hop_rtt_normalization,0.7,10000000,4,770,1565.62,1040.3700454545458,993.207,1474.71,1565.62,907.15,1884960,9665,0,0,694765,9665,0,0,0.5127429759782701,0.0,0.5127429759782701,0.0
permutation,1100,m,reps_uniform_defl,reps_dfp,reps,-dfp_low_uniform,0.7,10000000,4,770,1691.99,1232.4173116883107,1202.62,1594.68,1691.99,1051.28,1884960,235,0,0,963548,235,0,0,0.012467108055343349,0.0,0.012467108055343349,0.0
permutation,1100,m,reps_no_partition,reps_dfp,reps,,0.7,10000000,4,770,1589.52,1146.0961064935072,1120.74,1463.15,1589.52,979.812,1884960,2141,0,0,992743,2141,0,0,0.11358331211272388,0.0,0.11358331211272388,0.0
permutation,1100,m,reps_minshare10,reps_dfp,reps,-dfp_minimal_share 10,0.7,10000000,4,770,1630.48,1089.8905623376625,1060.35,1384.37,1630.48,960.228,1884960,1294,0,0,981611,1294,0,0,0.06864867158984805,0.0,0.06864867158984805,0.0
permutation,1100,m,reps_partition,reps_dfp,reps,-reps_partition_entropy -reps_escalate_threshold 0.2 -reps_warmup_explore_rtts 0.5 -reps_explore_prob 70,0.7,10000000,4,770,1790.76,1161.6775688311682,1150.97,1527.46,1790.76,934.202,1884960,3619,0,0,980337,3619,0,0,0.1919934640522876,0.0,0.1919934640522876,0.0
permutation,1100,m,fpar_tuned,fpar,oblivious,-threshold 20750 -disable_hop_rtt_normalization,0.7,10000000,5,770,1738.88,1039.7520389610393,988.1,1521.84,1738.88,872.935,1884960,9627,0,0,700000,9627,0,0,0.5107270180799592,0.0,0.5107270180799592,0.0
permutation,1100,m,reps_uniform_defl,reps_dfp,reps,-dfp_low_uniform,0.7,10000000,5,770,1744.1,1232.3646753246762,1197.76,1592.58,1744.1,1054.73,1884960,347,0,0,961257,347,0,0,0.01840887870299635,0.0,0.01840887870299635,0.0
permutation,1100,m,reps_no_partition,reps_dfp,reps,,0.7,10000000,5,770,1541.37,1138.9371428571417,1119.68,1446.45,1541.37,946.386,1884960,1309,0,0,1013181,1309,0,0,0.06944444444444445,0.0,0.06944444444444445,0.0
permutation,1100,m,reps_minshare10,reps_dfp,reps,-dfp_minimal_share 10,0.7,10000000,5,770,1387.05,1087.4973415584427,1064.8,1316.57,1387.05,950.283,1884960,1148,0,0,983673,1148,0,0,0.060903149138443254,0.0,0.060903149138443254,0.0
permutation,1100,m,reps_partition,reps_dfp,reps,-reps_partition_entropy -reps_escalate_threshold 0.2 -reps_warmup_explore_rtts 0.5 -reps_explore_prob 70,0.7,10000000,5,770,1806.2,1160.3048363636367,1150.24,1469.54,1806.2,950.28,1884960,3644,0,0,990604,3644,0,0,0.19331975214328156,0.0,0.19331975214328156,0.0
permutation,1100,m,fpar_tuned,fpar,oblivious,-threshold 20750 -disable_hop_rtt_normalization,0.8,100000,1,880,28.6213,25.50944465909091,25.4763,27.2947,28.6213,23.4656,22000,0,0,0,6823,0,0,0,0.0,0.0,0.0,0.0
permutation,1100,m,reps_uniform_defl,reps_dfp,reps,-dfp_low_uniform,0.8,100000,1,880,37.4694,29.753488522727288,29.4536,34.4592,37.4694,26.2816,22000,0,0,0,7077,0,0,0,0.0,0.0,0.0,0.0
permutation,1100,m,reps_no_partition,reps_dfp,reps,,0.8,100000,1,880,33.4347,28.10522443181817,27.9518,32.4438,33.4347,24.4547,22000,0,0,0,7371,0,0,0,0.0,0.0,0.0,0.0
permutation,1100,m,reps_minshare10,reps_dfp,reps,-dfp_minimal_share 10,0.8,100000,1,880,33.6168,27.146881590909114,26.9496,31.9683,33.6168,23.813,22000,0,0,0,7175,0,0,0,0.0,0.0,0.0,0.0
permutation,1100,m,reps_partition,reps_dfp,reps,-reps_partition_entropy -reps_escalate_threshold 0.2 -reps_warmup_explore_rtts 0.5 -reps_explore_prob 70,0.8,100000,1,880,34.953,27.52751113636366,27.305,33.285,34.953,23.4758,22000,0,0,0,7311,0,0,0,0.0,0.0,0.0,0.0
permutation,1100,m,fpar_tuned,fpar,oblivious,-threshold 20750 -disable_hop_rtt_normalization,0.8,100000,2,880,28.5274,25.52453579545462,25.4707,27.6675,28.5274,23.3192,22000,0,0,0,6817,0,0,0,0.0,0.0,0.0,0.0
permutation,1100,m,reps_uniform_defl,reps_dfp,reps,-dfp_low_uniform,0.8,100000,2,880,36.269,30.063697840909107,29.8266,35.2456,36.269,25.7998,22000,0,0,0,7165,0,0,0,0.0,0.0,0.0,0.0
permutation,1100,m,reps_no_partition,reps_dfp,reps,,0.8,100000,2,880,33.2656,28.039585681818224,27.9416,31.6334,33.2656,24.6376,22000,0,0,0,7314,0,0,0,0.0,0.0,0.0,0.0
permutation,1100,m,reps_minshare10,reps_dfp,reps,-dfp_minimal_share 10,0.8,100000,2,880,33.433,27.289540681818202,27.1056,31.7536,33.433,23.4816,22000,0,0,0,7191,0,0,0,0.0,0.0,0.0,0.0
permutation,1100,m,reps_partition,reps_dfp,reps,-reps_partition_entropy -reps_escalate_threshold 0.2 -reps_warmup_explore_rtts 0.5 -reps_explore_prob 70,0.8,100000,2,880,33.8936,27.573974090909083,27.4467,32.2576,33.8936,23.8078,22000,0,0,0,7328,0,0,0,0.0,0.0,0.0,0.0
permutation,1100,m,fpar_tuned,fpar,oblivious,-threshold 20750 -disable_hop_rtt_normalization,0.8,100000,3,880,28.1733,25.49699306818188,25.4832,27.1483,28.1733,22.817,22000,0,0,0,6817,0,0,0,0.0,0.0,0.0,0.0
permutation,1100,m,reps_uniform_defl,reps_dfp,reps,-dfp_low_uniform,0.8,100000,3,880,35.101,29.86507306818181,29.6256,33.9501,35.101,26.8027,22000,0,0,0,7070,0,0,0,0.0,0.0,0.0,0.0
permutation,1100,m,reps_no_partition,reps_dfp,reps,,0.8,100000,3,880,33.5907,28.087687386363616,27.9638,32.2832,33.5907,23.9798,22000,0,0,0,7383,0,0,0,0.0,0.0,0.0,0.0
permutation,1100,m,reps_minshare10,reps_dfp,reps,-dfp_minimal_share 10,0.8,100000,3,880,36.2416,27.349186931818167,27.1266,32.5936,36.2416,23.485,22000,0,0,0,7211,0,0,0,0.0,0.0,0.0,0.0
permutation,1100,m,reps_partition,reps_dfp,reps,-reps_partition_entropy -reps_escalate_threshold 0.2 -reps_warmup_explore_rtts 0.5 -reps_explore_prob 70,0.8,100000,3,880,33.453,27.45594738636364,27.3152,31.793,33.453,23.4758,22000,0,0,0,7337,0,0,0,0.0,0.0,0.0,0.0
permutation,1100,m,fpar_tuned,fpar,oblivious,-threshold 20750 -disable_hop_rtt_normalization,0.8,100000,4,880,28.3589,25.505675454545493,25.4678,27.3475,28.3589,23.481,22000,0,0,0,6828,0,0,0,0.0,0.0,0.0,0.0
permutation,1100,m,reps_uniform_defl,reps_dfp,reps,-dfp_low_uniform,0.8,100000,4,880,37.769,29.783809659090952,29.6067,34.163,37.769,26.3038,22000,0,0,0,7104,0,0,0,0.0,0.0,0.0,0.0
permutation,1100,m,reps_no_partition,reps_dfp,reps,,0.8,100000,4,880,32.961,28.401006249999977,28.2856,32.273,32.961,23.9787,22000,0,0,0,7380,0,0,0,0.0,0.0,0.0,0.0
permutation,1100,m,reps_minshare10,reps_dfp,reps,-dfp_minimal_share 10,0.8,100000,4,880,32.4296,27.11735931818185,26.9934,30.9576,32.4296,23.4696,22000,0,0,0,7156,0,0,0,0.0,0.0,0.0,0.0
permutation,1100,m,reps_partition,reps_dfp,reps,-reps_partition_entropy -reps_escalate_threshold 0.2 -reps_warmup_explore_rtts 0.5 -reps_explore_prob 70,0.8,100000,4,880,35.285,27.638451249999985,27.4427,33.625,35.285,23.6467,22000,0,0,0,7342,0,0,0,0.0,0.0,0.0,0.0
permutation,1100,m,fpar_tuned,fpar,oblivious,-threshold 20750 -disable_hop_rtt_normalization,0.8,100000,5,880,30.4566,25.61658988636369,25.473,29.3838,30.4566,23.1478,22000,0,0,0,6836,0,0,0,0.0,0.0,0.0,0.0
permutation,1100,m,reps_uniform_defl,reps_dfp,reps,-dfp_low_uniform,0.8,100000,5,880,35.617,29.898105454545462,29.6307,34.285,35.617,26.2987,22000,0,0,0,7151,0,0,0,0.0,0.0,0.0,0.0
permutation,1100,m,reps_no_partition,reps_dfp,reps,,0.8,100000,5,880,35.449,28.309968295454524,28.1136,32.8384,35.449,24.4616,22000,0,0,0,7386,0,0,0,0.0,0.0,0.0,0.0
permutation,1100,m,reps_minshare10,reps_dfp,reps,-dfp_minimal_share 10,0.8,100000,5,880,32.4176,27.20282295454546,26.9776,31.1136,32.4176,23.4696,22000,0,0,0,7187,0,0,0,0.0,0.0,0.0,0.0
permutation,1100,m,reps_partition,reps_dfp,reps,-reps_partition_entropy -reps_escalate_threshold 0.2 -reps_warmup_explore_rtts 0.5 -reps_explore_prob 70,0.8,100000,5,880,35.4278,27.701847045454517,27.4496,32.9427,35.4278,23.0931,22000,0,0,0,7342,0,0,0,0.0,0.0,0.0,0.0
permutation,1100,m,fpar_tuned,fpar,oblivious,-threshold 20750 -disable_hop_rtt_normalization,0.8,250000,1,880,56.9368,48.75204772727269,49.0926,55.5934,56.9368,39.4158,54560,393,0,0,20541,393,0,0,0.7203079178885631,0.0,0.7203079178885631,0.0
permutation,1100,m,reps_uniform_defl,reps_dfp,reps,-dfp_low_uniform,0.8,250000,1,880,64.5082,53.260732499999996,53.1958,60.08,64.5082,45.2278,54560,5,0,0,26349,5,0,0,0.009164222873900294,0.0,0.009164222873900294,0.0
permutation,1100,m,reps_no_partition,reps_dfp,reps,,0.8,250000,1,880,59.1707,50.30132329545451,50.0722,56.6928,59.1707,43.984,54560,4,0,0,28596,4,0,0,0.007331378299120235,0.0,0.007331378299120235,0.0
permutation,1100,m,reps_minshare10,reps_dfp,reps,-dfp_minimal_share 10,0.8,250000,1,880,55.2533,48.3642857954545,48.3331,54.2573,55.2533,40.5504,54560,9,0,0,25600,9,0,0,0.016495601173020527,0.0,0.016495601173020527,0.0
permutation,1100,m,reps_partition,reps_dfp,reps,-reps_partition_entropy -reps_escalate_threshold 0.2 -reps_warmup_explore_rtts 0.5 -reps_explore_prob 70,0.8,250000,1,880,58.4805,50.22716295454546,50.288,57.1525,58.4805,40.4843,54560,787,0,0,27111,787,0,0,1.442448680351906,0.0,1.442448680351906,0.0
permutation,1100,m,fpar_tuned,fpar,oblivious,-threshold 20750 -disable_hop_rtt_normalization,0.8,250000,2,880,57.0864,49.14182056818182,49.3782,55.6275,57.0864,39.5736,54560,419,0,0,20627,419,0,0,0.7679618768328446,0.0,0.7679618768328446,0.0
permutation,1100,m,reps_uniform_defl,reps_dfp,reps,-dfp_low_uniform,0.8,250000,2,880,65.177,53.79736431818185,53.3939,62.8136,65.177,45.3963,54560,16,0,0,26776,16,0,0,0.02932551319648094,0.0,0.02932551319648094,0.0
permutation,1100,m,reps_no_partition,reps_dfp,reps,,0.8,250000,2,880,59.2373,50.50994988636362,50.0659,57.3659,59.2373,43.955,54560,11,0,0,28187,11,0,0,0.020161290322580645,0.0,0.020161290322580645,0.0
permutation,1100,m,reps_minshare10,reps_dfp,reps,-dfp_minimal_share 10,0.8,250000,2,880,57.1085,48.51236738636364,48.2941,55.4445,57.1085,41.6362,54560,27,0,0,25406,27,0,0,0.04948680351906158,0.0,0.04948680351906158,0.0
permutation,1100,m,reps_partition,reps_dfp,reps,-reps_partition_entropy -reps_escalate_threshold 0.2 -reps_warmup_explore_rtts 0.5 -reps_explore_prob 70,0.8,250000,2,880,56.5997,49.89502102272733,50.0106,55.4611,56.5997,42.5658,54560,601,0,0,27166,601,0,0,1.1015395894428153,0.0,1.1015395894428153,0.0
permutation,1100,m,fpar_tuned,fpar,oblivious,-threshold 20750 -disable_hop_rtt_normalization,0.8,250000,3,880,55.3422,48.737148181818206,48.9838,54.483,55.3422,39.5488,54560,433,0,0,20396,433,0,0,0.7936217008797654,0.0,0.7936217008797654,0.0
permutation,1100,m,reps_uniform_defl,reps_dfp,reps,-dfp_low_uniform,0.8,250000,3,880,65.9552,53.519346590909095,53.0619,63.9632,65.9552,46.4674,54560,6,0,0,26280,6,0,0,0.010997067448680353,0.0,0.010997067448680353,0.0
permutation,1100,m,reps_no_partition,reps_dfp,reps,,0.8,250000,3,880,57.899,50.32895636363633,49.9976,56.903,57.899,43.1942,54560,56,0,0,28065,56,0,0,0.10263929618768329,0.0,0.10263929618768329,0.0
permutation,1100,m,reps_minshare10,reps_dfp,reps,-dfp_minimal_share 10,0.8,250000,3,880,57.0094,48.454431931818206,48.199,55.1469,57.0094,41.7648,54560,28,0,0,25535,28,0,0,0.051319648093841645,0.0,0.051319648093841645,0.0
permutation,1100,m,reps_partition,reps_dfp,reps,-reps_partition_entropy -reps_escalate_threshold 0.2 -reps_warmup_explore_rtts 0.5 -reps_explore_prob 70,0.8,250000,3,880,56.579,49.77217863636357,49.8712,54.8461,56.579,41.7051,54560,495,0,0,26960,495,0,0,0.907258064516129,0.0,0.907258064516129,0.0
permutation,1100,m,fpar_tuned,fpar,oblivious,-threshold 20750 -disable_hop_rtt_normalization,0.8,250000,4,880,56.1512,48.85124988636367,49.2302,55.3176,56.1512,39.6363,54560,491,0,0,20428,491,0,0,0.8999266862170088,0.0,0.8999266862170088,0.0
permutation,1100,m,reps_uniform_defl,reps_dfp,reps,-dfp_low_uniform,0.8,250000,4,880,66.0253,53.171740568181775,52.9845,60.532,66.0253,45.6418,54560,13,0,0,26365,13,0,0,0.023826979472140762,0.0,0.023826979472140762,0.0
permutation,1100,m,reps_no_partition,reps_dfp,reps,,0.8,250000,4,880,59.9184,50.85702602272731,50.6082,57.1696,59.9184,44.2922,54560,73,0,0,28577,73,0,0,0.13379765395894427,0.0,0.13379765395894427,0.0
permutation,1100,m,reps_minshare10,reps_dfp,reps,-dfp_minimal_share 10,0.8,250000,4,880,55.9283,48.48677374999998,48.5376,54.2286,55.9283,41.641,54560,31,0,0,25401,31,0,0,0.056818181818181816,0.0,0.056818181818181816,0.0
permutation,1100,m,reps_partition,reps_dfp,reps,-reps_partition_entropy -reps_escalate_threshold 0.2 -reps_warmup_explore_rtts 0.5 -reps_explore_prob 70,0.8,250000,4,880,58.312,50.08565261363634,50.0149,55.813,58.312,41.8662,54560,670,0,0,27103,670,0,0,1.2280058651026393,0.0,1.2280058651026393,0.0
permutation,1100,m,fpar_tuned,fpar,oblivious,-threshold 20750 -disable_hop_rtt_normalization,0.8,250000,5,880,55.6995,49.01618090909094,49.3309,54.7627,55.6995,39.0376,54560,393,0,0,20554,393,0,0,0.7203079178885631,0.0,0.7203079178885631,0.0
permutation,1100,m,reps_uniform_defl,reps_dfp,reps,-dfp_low_uniform,0.8,250000,5,880,65.3078,53.733683409090865,53.5384,62.547,65.3078,46.2341,54560,0,0,0,26362,0,0,0,0.0,0.0,0.0,0.0
permutation,1100,m,reps_no_partition,reps_dfp,reps,,0.8,250000,5,880,58.1696,50.47274318181824,50.3285,57.1078,58.1696,43.885,54560,63,0,0,28267,63,0,0,0.11546920821114369,0.0,0.11546920821114369,0.0
permutation,1100,m,reps_minshare10,reps_dfp,reps,-dfp_minimal_share 10,0.8,250000,5,880,55.7704,47.88224568181815,47.7094,53.9845,55.7704,41.4538,54560,24,0,0,25536,24,0,0,0.04398826979472141,0.0,0.04398826979472141,0.0
permutation,1100,m,reps_partition,reps_dfp,reps,-reps_partition_entropy -reps_escalate_threshold 0.2 -reps_warmup_explore_rtts 0.5 -reps_explore_prob 70,0.8,250000,5,880,58.085,50.117458977272754,50.1418,56.3021,58.085,41.965,54560,634,0,0,27382,634,0,0,1.1620234604105573,0.0,1.1620234604105573,0.0
permutation,1100,m,fpar_tuned,fpar,oblivious,-threshold 20750 -disable_hop_rtt_normalization,0.8,500000,1,880,87.9254,78.418025340909,78.9174,85.7891,87.9254,64.4595,108240,3177,0,0,48167,3177,0,0,2.9351441241685143,0.0,2.9351441241685143,0.0
permutation,1100,m,reps_uniform_defl,reps_dfp,reps,-dfp_low_uniform,0.8,500000,1,880,104.174,90.23583693181808,90.42,99.8827,104.174,75.8579,108240,140,0,0,65121,140,0,0,0.1293422025129342,0.0,0.1293422025129342,0.0
permutation,1100,m,reps_no_partition,reps_dfp,reps,,0.8,500000,1,880,93.0706,84.62134602272722,84.6821,91.4322,93.0706,74.1416,108240,784,0,0,76037,784,0,0,0.7243163340724317,0.0,0.7243163340724317,0.0
permutation,1100,m,reps_minshare10,reps_dfp,reps,-dfp_minimal_share 10,0.8,500000,1,880,90.0829,80.34849045454543,80.5467,88.1714,90.0829,70.7867,108240,566,0,0,70312,566,0,0,0.5229120473022912,0.0,0.5229120473022912,0.0
permutation,1100,m,reps_partition,reps_dfp,reps,-reps_partition_entropy -reps_escalate_threshold 0.2 -reps_warmup_explore_rtts 0.5 -reps_explore_prob 70,0.8,500000,1,880,90.1074,80.42014897727279,80.4725,88.1224,90.1074,70.2614,108240,3505,0,0,69782,3505,0,0,3.2381744271988175,0.0,3.2381744271988175,0.0
permutation,1100,m,fpar_tuned,fpar,oblivious,-threshold 20750 -disable_hop_rtt_normalization,0.8,500000,2,880,86.3051,77.97325863636365,78.7229,85.1059,86.3051,66.461,108240,3658,0,0,48207,3658,0,0,3.3795269770879526,0.0,3.3795269770879526,0.0
permutation,1100,m,reps_uniform_defl,reps_dfp,reps,-dfp_low_uniform,0.8,500000,2,880,104.845,90.65551409090905,90.5334,101.813,104.845,78.2558,108240,248,0,0,65941,248,0,0,0.22912047302291205,0.0,0.22912047302291205,0.0
permutation,1100,m,reps_no_partition,reps_dfp,reps,,0.8,500000,2,880,93.1886,84.52805386363627,84.4397,91.4029,93.1886,74.6862,108240,739,0,0,75070,739,0,0,0.6827420546932742,0.0,0.6827420546932742,0.0
permutation,1100,m,reps_minshare10,reps_dfp,reps,-dfp_minimal_share 10,0.8,500000,2,880,87.4138,80.54964943181815,80.84,86.5216,87.4138,70.597,108240,519,0,0,70621,519,0,0,0.479490022172949,0.0,0.479490022172949,0.0
permutation,1100,m,reps_partition,reps_dfp,reps,-reps_partition_entropy -reps_escalate_threshold 0.2 -reps_warmup_explore_rtts 0.5 -reps_explore_prob 70,0.8,500000,2,880,92.5232,80.78576522727269,80.7547,90.5312,92.5232,69.0902,108240,3395,0,0,69012,3395,0,0,3.136548410938655,0.0,3.136548410938655,0.0
permutation,1100,m,fpar_tuned,fpar,oblivious,-threshold 20750 -disable_hop_rtt_normalization,0.8,500000,3,880,90.0595,78.26110261363627,78.9493,85.2715,90.0595,64.9182,108240,3090,0,0,48144,3090,0,0,2.854767184035477,0.0,2.854767184035477,0.0
permutation,1100,m,reps_uniform_defl,reps_dfp,reps,-dfp_low_uniform,0.8,500000,3,880,102.115,90.14409465909098,90.1006,99.5123,102.115,78.4606,108240,158,0,0,65310,158,0,0,0.14597191426459719,0.0,0.14597191426459719,0.0
permutation,1100,m,reps_no_partition,reps_dfp,reps,,0.8,500000,3,880,92.2453,84.43847102272733,84.4192,90.9736,92.2453,75.52,108240,910,0,0,75197,910,0,0,0.8407243163340724,0.0,0.8407243163340724,0.0
permutation,1100,m,reps_minshare10,reps_dfp,reps,-dfp_minimal_share 10,0.8,500000,3,880,89.6627,80.67784636363632,80.761,87.9586,89.6627,71.4078,108240,594,0,0,70193,594,0,0,0.5487804878048781,0.0,0.5487804878048781,0.0
permutation,1100,m,reps_partition,reps_dfp,reps,-reps_partition_entropy -reps_escalate_threshold 0.2 -reps_warmup_explore_rtts 0.5 -reps_explore_prob 70,0.8,500000,3,880,91.189,80.06334977272726,79.8213,87.4542,91.189,69.7301,108240,3109,0,0,69615,3109,0,0,2.8723207686622323,0.0,2.8723207686622323,0.0
permutation,1100,m,fpar_tuned,fpar,oblivious,-threshold 20750 -disable_hop_rtt_normalization,0.8,500000,4,880,90.9938,78.51633488636367,78.8536,86.3966,90.9938,66.1837,108240,3211,0,0,48080,3211,0,0,2.966555801921656,0.0,2.966555801921656,0.0
permutation,1100,m,reps_uniform_defl,reps_dfp,reps,-dfp_low_uniform,0.8,500000,4,880,110.664,90.36900386363634,90.2282,104.009,110.664,77.0542,108240,127,0,0,65502,127,0,0,0.11733185513673318,0.0,0.11733185513673318,0.0
permutation,1100,m,reps_no_partition,reps_dfp,reps,,0.8,500000,4,880,92.8942,84.88929318181805,84.8067,92.1045,92.8942,74.3931,108240,974,0,0,75430,974,0,0,0.8998521803399853,0.0,0.8998521803399853,0.0
permutation,1100,m,reps_minshare10,reps_dfp,reps,-dfp_minimal_share 10,0.8,500000,4,880,90.6792,81.01002306818181,81.1589,87.673,90.6792,70.161,108240,785,0,0,70051,785,0,0,0.725240206947524,0.0,0.725240206947524,0.0
permutation,1100,m,reps_partition,reps_dfp,reps,-reps_partition_entropy -reps_escalate_threshold 0.2 -reps_warmup_explore_rtts 0.5 -reps_explore_prob 70,0.8,500000,4,880,91.9523,81.36913136363638,81.2366,90.189,91.9523,71.199,108240,3592,0,0,69533,3592,0,0,3.318551367331855,0.0,3.318551367331855,0.0
permutation,1100,m,fpar_tuned,fpar,oblivious,-threshold 20750 -disable_hop_rtt_normalization,0.8,500000,5,880,88.5285,78.4261394318182,78.8142,86.0826,88.5285,66.4181,108240,3207,0,0,48680,3207,0,0,2.962860310421286,0.0,2.962860310421286,0.0
permutation,1100,m,reps_uniform_defl,reps_dfp,reps,-dfp_low_uniform,0.8,500000,5,880,102.075,90.18525693181812,90.065,99.7032,102.075,79.32,108240,220,0,0,64914,220,0,0,0.2032520325203252,0.0,0.2032520325203252,0.0
permutation,1100,m,reps_no_partition,reps_dfp,reps,,0.8,500000,5,880,92.3917,84.61019568181818,84.7674,90.8496,92.3917,76.536,108240,929,0,0,75037,929,0,0,0.8582779009608278,0.0,0.8582779009608278,0.0
permutation,1100,m,reps_minshare10,reps_dfp,reps,-dfp_minimal_share 10,0.8,500000,5,880,90.7725,80.54420375000001,80.6611,88.197,90.7725,71.0859,108240,415,0,0,70607,415,0,0,0.38340724316334074,0.0,0.38340724316334074,0.0
permutation,1100,m,reps_partition,reps_dfp,reps,-reps_partition_entropy -reps_escalate_threshold 0.2 -reps_warmup_explore_rtts 0.5 -reps_explore_prob 70,0.8,500000,5,880,90.3147,80.87809159090902,80.8646,88.2053,90.3147,69.9216,108240,3423,0,0,69677,3423,0,0,3.162416851441242,0.0,3.162416851441242,0.0
permutation,1100,m,fpar_tuned,fpar,oblivious,-threshold 20750 -disable_hop_rtt_normalization,0.8,2000000,1,880,408.208,251.54673295454563,239.988,349.382,408.208,206.34,431200,9309,0,0,194082,9309,0,0,2.1588589981447126,0.0,2.1588589981447126,0.0
permutation,1100,m,reps_uniform_defl,reps_dfp,reps,-dfp_low_uniform,0.8,2000000,1,880,495.802,292.19974318181863,276.146,464.581,495.802,233.066,431200,424,0,0,257368,424,0,0,0.09833024118738404,0.0,0.09833024118738404,0.0
permutation,1100,m,reps_no_partition,reps_dfp,reps,,0.8,2000000,1,880,412.879,274.75241363636337,269.473,374.106,412.879,215.239,431200,1767,0,0,266155,1767,0,0,0.4097866419294991,0.0,0.4097866419294991,0.0
permutation,1100,m,reps_minshare10,reps_dfp,reps,-dfp_minimal_share 10,0.8,2000000,1,880,436.731,261.2422443181815,252.937,362.273,436.731,219.834,431200,1510,0,0,275435,1510,0,0,0.35018552875695735,0.0,0.35018552875695735,0.0
permutation,1100,m,reps_partition,reps_dfp,reps,-reps_partition_entropy -reps_escalate_threshold 0.2 -reps_warmup_explore_rtts 0.5 -reps_explore_prob 70,0.8,2000000,1,880,433.438,273.0622704545453,267.606,366.458,433.438,214.574,431200,4611,0,0,269756,4611,0,0,1.0693413729128014,0.0,1.0693413729128014,0.0
permutation,1100,m,fpar_tuned,fpar,oblivious,-threshold 20750 -disable_hop_rtt_normalization,0.8,2000000,2,880,421.952,252.22606704545427,238.458,374.096,421.952,203.645,431200,9984,0,0,192320,9984,0,0,2.315398886827458,0.0,2.315398886827458,0.0
permutation,1100,m,reps_uniform_defl,reps_dfp,reps,-dfp_low_uniform,0.8,2000000,2,880,483.897,290.896259090909,276.178,420.238,483.897,233.936,431200,499,0,0,258618,499,0,0,0.11572356215213359,0.0,0.11572356215213359,0.0
permutation,1100,m,reps_no_partition,reps_dfp,reps,,0.8,2000000,2,880,411.353,273.7518795454542,267.316,379.898,411.353,216.821,431200,1750,0,0,266683,1750,0,0,0.40584415584415584,0.0,0.40584415584415584,0.0
permutation,1100,m,reps_minshare10,reps_dfp,reps,-dfp_minimal_share 10,0.8,2000000,2,880,395.892,261.19353068181806,254.421,360.005,395.892,218.333,431200,1379,0,0,275978,1379,0,0,0.3198051948051948,0.0,0.3198051948051948,0.0
permutation,1100,m,reps_partition,reps_dfp,reps,-reps_partition_entropy -reps_escalate_threshold 0.2 -reps_warmup_explore_rtts 0.5 -reps_explore_prob 70,0.8,2000000,2,880,390.482,273.8342295454548,267.02,372.412,390.482,216.362,431200,4544,0,0,268383,4544,0,0,1.0538033395176252,0.0,1.0538033395176252,0.0
permutation,1100,m,fpar_tuned,fpar,oblivious,-threshold 20750 -disable_hop_rtt_normalization,0.8,2000000,3,880,377.021,250.72512159090877,239.529,352.403,377.021,211.182,431200,9043,0,0,193708,9043,0,0,2.097170686456401,0.0,2.097170686456401,0.0
permutation,1100,m,reps_uniform_defl,reps_dfp,reps,-dfp_low_uniform,0.8,2000000,3,880,437.34,290.1768988636364,277.702,410.713,437.34,235.877,431200,448,0,0,258895,448,0,0,0.1038961038961039,0.0,0.1038961038961039,0.0
permutation,1100,m,reps_no_partition,reps_dfp,reps,,0.8,2000000,3,880,394.334,273.5931215909086,267.277,368.691,394.334,221.62,431200,2002,0,0,267320,2002,0,0,0.4642857142857143,0.0,0.4642857142857143,0.0
permutation,1100,m,reps_minshare10,reps_dfp,reps,-dfp_minimal_share 10,0.8,2000000,3,880,386.627,261.2715306818183,254.295,355.396,386.627,219.326,431200,1733,0,0,277087,1733,0,0,0.40190166975881264,0.0,0.40190166975881264,0.0
permutation,1100,m,reps_partition,reps_dfp,reps,-reps_partition_entropy -reps_escalate_threshold 0.2 -reps_warmup_explore_rtts 0.5 -reps_explore_prob 70,0.8,2000000,3,880,432.331,273.8691488636364,267.748,370.074,432.331,216.904,431200,4275,0,0,270029,4275,0,0,0.9914192949907236,0.0,0.9914192949907236,0.0
permutation,1100,m,fpar_tuned,fpar,oblivious,-threshold 20750 -disable_hop_rtt_normalization,0.8,2000000,4,880,398.434,252.99705795454537,238.772,371.441,398.434,205.538,431200,9204,0,0,193547,9204,0,0,2.1345083487940633,0.0,2.1345083487940633,0.0
permutation,1100,m,reps_uniform_defl,reps_dfp,reps,-dfp_low_uniform,0.8,2000000,4,880,455.968,292.34793522727244,278.92,426.193,455.968,239.926,431200,390,0,0,259303,390,0,0,0.09044526901669758,0.0,0.09044526901669758,0.0
permutation,1100,m,reps_no_partition,reps_dfp,reps,,0.8,2000000,4,880,414.107,276.28818977272715,269.609,379.705,414.107,216.249,431200,2255,0,0,263107,2255,0,0,0.5229591836734694,0.0,0.5229591836734694,0.0
permutation,1100,m,reps_minshare10,reps_dfp,reps,-dfp_minimal_share 10,0.8,2000000,4,880,379.481,261.2220545454547,252.576,354.044,379.481,215.495,431200,1673,0,0,274739,1673,0,0,0.387987012987013,0.0,0.387987012987013,0.0
permutation,1100,m,reps_partition,reps_dfp,reps,-reps_partition_entropy -reps_escalate_threshold 0.2 -reps_warmup_explore_rtts 0.5 -reps_explore_prob 70,0.8,2000000,4,880,418.76,276.062327272727,271.088,374.498,418.76,212.789,431200,4978,0,0,266501,4978,0,0,1.1544526901669758,0.0,1.1544526901669758,0.0
permutation,1100,m,fpar_tuned,fpar,oblivious,-threshold 20750 -disable_hop_rtt_normalization,0.8,2000000,5,880,420.903,251.73779318181792,236.568,369.084,420.903,208.24,431200,8772,0,0,193376,8772,0,0,2.0343228200371057,0.0,2.0343228200371057,0.0
permutation,1100,m,reps_uniform_defl,reps_dfp,reps,-dfp_low_uniform,0.8,2000000,5,880,497.367,292.0713079545456,277.999,422.258,497.367,230.585,431200,547,0,0,257523,547,0,0,0.1268552875695733,0.0,0.1268552875695733,0.0
permutation,1100,m,reps_no_partition,reps_dfp,reps,,0.8,2000000,5,880,431.589,273.3154602272726,267.931,369.239,431.589,216.307,431200,1906,0,0,267191,1906,0,0,0.4420222634508349,0.0,0.4420222634508349,0.0
permutation,1100,m,reps_minshare10,reps_dfp,reps,-dfp_minimal_share 10,0.8,2000000,5,880,396.724,260.4691863636362,253.528,342.223,396.724,216.287,431200,1334,0,0,278954,1334,0,0,0.30936920222634506,0.0,0.30936920222634506,0.0
permutation,1100,m,reps_partition,reps_dfp,reps,-reps_partition_entropy -reps_escalate_threshold 0.2 -reps_warmup_explore_rtts 0.5 -reps_explore_prob 70,0.8,2000000,5,880,426.651,277.04809545454543,270.586,382.056,426.651,215.66,431200,4671,0,0,267553,4671,0,0,1.0832560296846012,0.0,1.0832560296846012,0.0
permutation,1100,m,fpar_tuned,fpar,oblivious,-threshold 20750 -disable_hop_rtt_normalization,0.8,5000000,1,880,920.465,591.566613636363,561.132,842.548,920.465,489.331,1077120,12381,0,0,445540,12381,0,0,1.1494540998217468,0.0,1.1494540998217468,0.0
permutation,1100,m,reps_uniform_defl,reps_dfp,reps,-dfp_low_uniform,0.8,5000000,1,880,1110.68,685.9235045454537,661.316,1025.32,1110.68,556.275,1077120,431,0,0,600557,431,0,0,0.04001411170528817,0.0,0.04001411170528817,0.0
permutation,1100,m,reps_no_partition,reps_dfp,reps,,0.8,5000000,1,880,967.1,643.5445829545458,641.019,832.513,967.1,501.957,1077120,1958,0,0,621014,1958,0,0,0.18178104575163398,0.0,0.18178104575163398,0.0
permutation,1100,m,reps_minshare10,reps_dfp,reps,-dfp_minimal_share 10,0.8,5000000,1,880,978.155,613.5589738636363,604.684,814.75,978.155,509.316,1077120,1650,0,0,634531,1650,0,0,0.15318627450980393,0.0,0.15318627450980393,0.0
permutation,1100,m,reps_partition,reps_dfp,reps,-reps_partition_entropy -reps_escalate_threshold 0.2 -reps_warmup_explore_rtts 0.5 -reps_explore_prob 70,0.8,5000000,1,880,1045.21,646.6554284090907,643.225,871.064,1045.21,504.834,1077120,4829,0,0,630212,4829,0,0,0.4483251633986928,0.0,0.4483251633986928,0.0
permutation,1100,m,fpar_tuned,fpar,oblivious,-threshold 20750 -disable_hop_rtt_normalization,0.8,5000000,2,880,908.135,591.5659715909094,553.151,859.506,908.135,479.484,1077120,13751,0,0,440830,13751,0,0,1.2766451277480688,0.0,1.2766451277480688,0.0
permutation,1100,m,reps_uniform_defl,reps_dfp,reps,-dfp_low_uniform,0.8,5000000,2,880,1041.17,685.4997977272723,667.096,920.845,1041.17,559.934,1077120,555,0,0,605305,555,0,0,0.05152629233511587,0.0,0.05152629233511587,0.0
permutation,1100,m,reps_no_partition,reps_dfp,reps,,0.8,5000000,2,880,925.579,640.520863636363,636.135,824.661,925.579,512.127,1077120,1895,0,0,620364,1895,0,0,0.17593211527035058,0.0,0.17593211527035058,0.0
permutation,1100,m,reps_minshare10,reps_dfp,reps,-dfp_minimal_share 10,0.8,5000000,2,880,897.529,613.2024511363633,603.487,806.853,897.529,506.061,1077120,1551,0,0,636261,1551,0,0,0.14399509803921567,0.0,0.14399509803921567,0.0
permutation,1100,m,reps_partition,reps_dfp,reps,-reps_partition_entropy -reps_escalate_threshold 0.2 -reps_warmup_explore_rtts 0.5 -reps_explore_prob 70,0.8,5000000,2,880,895.471,644.8074693181811,637.35,858.707,895.471,499.473,1077120,4818,0,0,624268,4818,0,0,0.44730392156862747,0.0,0.44730392156862747,0.0
permutation,1100,m,fpar_tuned,fpar,oblivious,-threshold 20750 -disable_hop_rtt_normalization,0.8,5000000,3,880,906.334,590.403863636363,562.353,829.679,906.334,489.004,1077120,12573,0,0,449751,12573,0,0,1.1672794117647058,0.0,1.1672794117647058,0.0
permutation,1100,m,reps_uniform_defl,reps_dfp,reps,-dfp_low_uniform,0.8,5000000,3,880,1052.63,685.7340079545464,665.119,916.449,1052.63,551.87,1077120,529,0,0,603717,529,0,0,0.049112448009506836,0.0,0.049112448009506836,0.0
permutation,1100,m,reps_no_partition,reps_dfp,reps,,0.8,5000000,3,880,935.502,641.5480704545463,634.54,849.709,935.502,513.785,1077120,2180,0,0,624352,2180,0,0,0.20239156268568034,0.0,0.20239156268568034,0.0
permutation,1100,m,reps_minshare10,reps_dfp,reps,-dfp_minimal_share 10,0.8,5000000,3,880,931.547,613.523434090909,604.344,793.889,931.547,511.767,1077120,1867,0,0,629620,1867,0,0,0.17333259061200237,0.0,0.17333259061200237,0.0
permutation,1100,m,reps_partition,reps_dfp,reps,-reps_partition_entropy -reps_escalate_threshold 0.2 -reps_warmup_explore_rtts 0.5 -reps_explore_prob 70,0.8,5000000,3,880,969.49,647.1967715909088,639.985,873.723,969.49,510.991,1077120,4635,0,0,627035,4635,0,0,0.43031417112299464,0.0,0.43031417112299464,0.0
permutation,1100,m,fpar_tuned,fpar,oblivious,-threshold 20750 -disable_hop_rtt_normalization,0.8,5000000,4,880,915.542,591.5122806818188,554.472,851.587,915.542,489.87,1077120,11627,0,0,441699,11627,0,0,1.079452614379085,0.0,1.079452614379085,0.0
permutation,1100,m,reps_uniform_defl,reps_dfp,reps,-dfp_low_uniform,0.8,5000000,4,880,1043.93,686.618571590909,669.459,928.523,1043.93,559.656,1077120,413,0,0,603536,413,0,0,0.03834298871063577,0.0,0.03834298871063577,0.0
permutation,1100,m,reps_no_partition,reps_dfp,reps,,0.8,5000000,4,880,1016.55,645.4916670454546,639.199,844.007,1016.55,507.888,1077120,2457,0,0,614282,2457,0,0,0.22810828877005349,0.0,0.22810828877005349,0.0
permutation,1100,m,reps_minshare10,reps_dfp,reps,-dfp_minimal_share 10,0.8,5000000,4,880,813.126,613.0709340909102,600.925,786.129,813.126,509.584,1077120,1880,0,0,628466,1880,0,0,0.1745395127748069,0.0,0.1745395127748069,0.0
permutation,1100,m,reps_partition,reps_dfp,reps,-reps_partition_entropy -reps_escalate_threshold 0.2 -reps_warmup_explore_rtts 0.5 -reps_explore_prob 70,0.8,5000000,4,880,1109.84,651.0474454545455,646.025,862.829,1109.84,499.423,1077120,5372,0,0,621358,5372,0,0,0.49873737373737376,0.0,0.49873737373737376,0.0
permutation,1100,m,fpar_tuned,fpar,oblivious,-threshold 20750 -disable_hop_rtt_normalization,0.8,5000000,5,880,946.832,591.7602329545458,553.391,877.949,946.832,484.423,1077120,11826,0,0,443487,11826,0,0,1.097927807486631,0.0,1.097927807486631,0.0
permutation,1100,m,reps_uniform_defl,reps_dfp,reps,-dfp_low_uniform,0.8,5000000,5,880,1041.52,685.4932374999999,665.59,931.506,1041.52,547.657,1077120,573,0,0,598195,573,0,0,0.05319741532976827,0.0,0.05319741532976827,0.0
permutation,1100,m,reps_no_partition,reps_dfp,reps,,0.8,5000000,5,880,891.504,641.6944647727275,637.209,823.775,891.504,504.468,1077120,2038,0,0,631465,2038,0,0,0.18920825906120023,0.0,0.18920825906120023,0.0
permutation,1100,m,reps_minshare10,reps_dfp,reps,-dfp_minimal_share 10,0.8,5000000,5,880,883.66,613.3331170454549,604.402,786.936,883.66,512.785,1077120,1555,0,0,640986,1555,0,0,0.144366458704694,0.0,0.144366458704694,0.0
permutation,1100,m,reps_partition,reps_dfp,reps,-reps_partition_entropy -reps_escalate_threshold 0.2 -reps_warmup_explore_rtts 0.5 -reps_explore_prob 70,0.8,5000000,5,880,1034.37,651.3581602272727,643.45,874.44,1034.37,499.992,1077120,4999,0,0,619009,4999,0,0,0.4641079916815211,0.0,0.4641079916815211,0.0
permutation,1100,m,fpar_tuned,fpar,oblivious,-threshold 20750 -disable_hop_rtt_normalization,0.8,10000000,1,880,1662.7,1156.6430034090904,1097.87,1597.15,1662.7,958.514,2154240,18725,0,0,869463,18725,0,0,0.8692160576351753,0.0,0.8692160576351753,0.0
permutation,1100,m,reps_uniform_defl,reps_dfp,reps,-dfp_low_uniform,0.8,10000000,1,880,1977.93,1348.6291590909088,1318.92,1810.16,1977.93,1101.41,2154240,471,0,0,1183187,471,0,0,0.02186385918003565,0.0,0.02186385918003565,0.0
permutation,1100,m,reps_no_partition,reps_dfp,reps,,0.8,10000000,1,880,1785.31,1264.856368181818,1263.48,1602.23,1785.31,976.275,2154240,2237,0,0,1247698,2237,0,0,0.10384172608437314,0.0,0.10384172608437314,0.0
permutation,1100,m,reps_minshare10,reps_dfp,reps,-dfp_minimal_share 10,0.8,10000000,1,880,1745.69,1208.4035625000008,1198.18,1528.16,1745.69,997.559,2154240,1943,0,0,1255261,1943,0,0,0.09019422162804516,0.0,0.09019422162804516,0.0
permutation,1100,m,reps_partition,reps_dfp,reps,-reps_partition_entropy -reps_escalate_threshold 0.2 -reps_warmup_explore_rtts 0.5 -reps_explore_prob 70,0.8,10000000,1,880,1811.86,1271.4994636363654,1265.65,1649.69,1811.86,989.824,2154240,5300,0,0,1248220,5300,0,0,0.24602644087938205,0.0,0.24602644087938205,0.0
permutation,1100,m,fpar_tuned,fpar,oblivious,-threshold 20750 -disable_hop_rtt_normalization,0.8,10000000,2,880,1720.02,1153.3046159090907,1086.23,1627.2,1720.02,941.249,2154240,20145,0,0,861412,20145,0,0,0.9351325757575758,0.0,0.9351325757575758,0.0
permutation,1100,m,reps_uniform_defl,reps_dfp,reps,-dfp_low_uniform,0.8,10000000,2,880,1807.2,1349.6207386363637,1340.62,1737.32,1807.2,1100.95,2154240,666,0,0,1187109,666,0,0,0.030915775401069517,0.0,0.030915775401069517,0.0
permutation,1100,m,reps_no_partition,reps_dfp,reps,,0.8,10000000,2,880,1668.6,1261.4994204545462,1260.49,1588.49,1668.6,1014.01,2154240,2196,0,0,1241390,2196,0,0,0.1019385026737968,0.0,0.1019385026737968,0.0
permutation,1100,m,reps_minshare10,reps_dfp,reps,-dfp_minimal_share 10,0.8,10000000,2,880,1623.07,1206.1650681818187,1194.33,1516.82,1623.07,1005.76,2154240,1801,0,0,1254977,1801,0,0,0.0836025698158051,0.0,0.0836025698158051,0.0
permutation,1100,m,reps_partition,reps_dfp,reps,-reps_partition_entropy -reps_escalate_threshold 0.2 -reps_warmup_explore_rtts 0.5 -reps_explore_prob 70,0.8,10000000,2,880,1727.19,1271.3956647727287,1260.28,1616.78,1727.19,962.167,2154240,5446,0,0,1237651,5446,0,0,0.25280377302436124,0.0,0.25280377302436124,0.0
permutation,1100,m,fpar_tuned,fpar,oblivious,-threshold 20750 -disable_hop_rtt_normalization,0.8,10000000,3,880,1723.67,1158.2936125000003,1108.68,1552.45,1723.67,960.179,2154240,18648,0,0,882759,18648,0,0,0.8656417112299465,0.0,0.8656417112299465,0.0
permutation,1100,m,reps_uniform_defl,reps_dfp,reps,-dfp_low_uniform,0.8,10000000,3,880,1830.38,1348.3726250000004,1326.85,1738.83,1830.38,1097.75,2154240,553,0,0,1186381,553,0,0,0.025670306001188355,0.0,0.025670306001188355,0.0
permutation,1100,m,reps_no_partition,reps_dfp,reps,,0.8,10000000,3,880,1685.82,1264.0903181818182,1255.57,1567.62,1685.82,1013.91,2154240,2562,0,0,1240997,2562,0,0,0.11892825311942959,0.0,0.11892825311942959,0.0
permutation,1100,m,reps_minshare10,reps_dfp,reps,-dfp_minimal_share 10,0.8,10000000,3,880,1673.83,1208.5192272727274,1203.39,1508.94,1673.83,1004.28,2154240,2200,0,0,1239672,2200,0,0,0.10212418300653595,0.0,0.10212418300653595,0.0
permutation,1100,m,reps_partition,reps_dfp,reps,-reps_partition_entropy -reps_escalate_threshold 0.2 -reps_warmup_explore_rtts 0.5 -reps_explore_prob 70,0.8,10000000,3,880,1761.18,1272.7572613636362,1264.04,1633.8,1761.18,1002.66,2154240,5284,0,0,1235899,5284,0,0,0.24528371954842543,0.0,0.24528371954842543,0.0
permutation,1100,m,fpar_tuned,fpar,oblivious,-threshold 20750 -disable_hop_rtt_normalization,0.8,10000000,4,880,1683.66,1157.453993181819,1102.4,1603.1,1683.66,963.736,2154240,17316,0,0,866428,17316,0,0,0.8038101604278075,0.0,0.8038101604278075,0.0
permutation,1100,m,reps_uniform_defl,reps_dfp,reps,-dfp_low_uniform,0.8,10000000,4,880,1896.31,1351.6256704545451,1335.16,1712.52,1896.31,1105.67,2154240,430,0,0,1189325,430,0,0,0.0199606357694593,0.0,0.0199606357694593,0.0
permutation,1100,m,reps_no_partition,reps_dfp,reps,,0.8,10000000,4,880,1868.96,1268.4108954545466,1261.59,1615.95,1868.96,993.208,2154240,2799,0,0,1232608,2799,0,0,0.1299298128342246,0.0,0.1299298128342246,0.0
permutation,1100,m,reps_minshare10,reps_dfp,reps,-dfp_minimal_share 10,0.8,10000000,4,880,1573.12,1207.4506022727273,1193.56,1508.43,1573.12,1000.66,2154240,2166,0,0,1242241,2166,0,0,0.10054590017825311,0.0,0.10054590017825311,0.0
permutation,1100,m,reps_partition,reps_dfp,reps,-reps_partition_entropy -reps_escalate_threshold 0.2 -reps_warmup_explore_rtts 0.5 -reps_explore_prob 70,0.8,10000000,4,880,2038.65,1281.7923931818184,1274.88,1656.49,2038.65,972.393,2154240,5956,0,0,1228418,5956,0,0,0.2764780154486037,0.0,0.2764780154486037,0.0
permutation,1100,m,fpar_tuned,fpar,oblivious,-threshold 20750 -disable_hop_rtt_normalization,0.8,10000000,5,880,1824.8,1157.1564306818182,1096.73,1676.45,1824.8,957.186,2154240,17673,0,0,872696,17673,0,0,0.8203821301247772,0.0,0.8203821301247772,0.0
permutation,1100,m,reps_uniform_defl,reps_dfp,reps,-dfp_low_uniform,0.8,10000000,5,880,1852.4,1348.6524545454527,1324.89,1736.16,1852.4,1062.35,2154240,652,0,0,1177137,652,0,0,0.03026589423648247,0.0,0.03026589423648247,0.0
permutation,1100,m,reps_no_partition,reps_dfp,reps,,0.8,10000000,5,880,1708.51,1263.5363568181817,1252.96,1586.76,1708.51,986.992,2154240,2370,0,0,1254561,2370,0,0,0.11001559714795009,0.0,0.11001559714795009,0.0
permutation,1100,m,reps_minshare10,reps_dfp,reps,-dfp_minimal_share 10,0.8,10000000,5,880,1617.14,1208.5922931818202,1199.48,1515.61,1617.14,994.008,2154240,1902,0,0,1262928,1902,0,0,0.0882909982174688,0.0,0.0882909982174688,0.0
permutation,1100,m,reps_partition,reps_dfp,reps,-reps_partition_entropy -reps_escalate_threshold 0.2 -reps_warmup_explore_rtts 0.5 -reps_explore_prob 70,0.8,10000000,5,880,1963.74,1280.6853897727276,1278.02,1628.19,1963.74,987.947,2154240,5918,0,0,1227013,5918,0,0,0.2747140522875817,0.0,0.2747140522875817,0.0
permutation,1100,m,fpar_tuned,fpar,oblivious,-threshold 20750 -disable_hop_rtt_normalization,0.9,100000,1,990,31.9618,26.986394949494947,26.801,30.6883,31.9618,24.7816,24750,0,0,0,7782,0,0,0,0.0,0.0,0.0,0.0
permutation,1100,m,reps_uniform_defl,reps_dfp,reps,-dfp_low_uniform,0.9,100000,1,990,37.585,31.34151838383838,31.1016,36.2946,37.585,27.6267,24750,0,0,0,8329,0,0,0,0.0,0.0,0.0,0.0
permutation,1100,m,reps_no_partition,reps_dfp,reps,,0.9,100000,1,990,37.413,29.62477606060603,29.4416,34.4216,37.413,25.6176,24750,0,0,0,8759,0,0,0,0.0,0.0,0.0,0.0
permutation,1100,m,reps_minshare10,reps_dfp,reps,-dfp_minimal_share 10,0.9,100000,1,990,32.9541,28.569321818181812,28.4678,31.9581,32.9541,24.8078,24750,0,0,0,8484,0,0,0,0.0,0.0,0.0,0.0
permutation,1100,m,reps_partition,reps_dfp,reps,-reps_partition_entropy -reps_escalate_threshold 0.2 -reps_warmup_explore_rtts 0.5 -reps_explore_prob 70,0.9,100000,1,990,35.7656,29.12349060606058,28.9536,34.2587,35.7656,25.1358,24750,0,0,0,8714,0,0,0,0.0,0.0,0.0,0.0
permutation,1100,m,fpar_tuned,fpar,oblivious,-threshold 20750 -disable_hop_rtt_normalization,0.9,100000,2,990,30.089,26.882472727272674,26.801,29.3326,30.089,24.7987,24750,0,0,0,7757,0,0,0,0.0,0.0,0.0,0.0
permutation,1100,m,reps_uniform_defl,reps_dfp,reps,-dfp_low_uniform,0.9,100000,2,990,39.2216,31.201602828282834,30.9467,35.7581,39.2216,27.6096,24750,0,0,0,8259,0,0,0,0.0,0.0,0.0,0.0
permutation,1100,m,reps_no_partition,reps_dfp,reps,,0.9,100000,2,990,35.7587,29.72125696969695,29.6016,34.4216,35.7587,25.6347,24750,0,0,0,8817,0,0,0,0.0,0.0,0.0,0.0
permutation,1100,m,reps_minshare10,reps_dfp,reps,-dfp_minimal_share 10,0.9,100000,2,990,35.0976,28.601685151515174,28.4456,32.9632,35.0976,24.8078,24750,0,0,0,8464,0,0,0,0.0,0.0,0.0,0.0
permutation,1100,m,reps_partition,reps_dfp,reps,-reps_partition_entropy -reps_escalate_threshold 0.2 -reps_warmup_explore_rtts 0.5 -reps_explore_prob 70,0.9,100000,2,990,34.793,28.90250848484849,28.7776,33.2536,34.793,24.9234,24750,0,0,0,8688,0,0,0,0.0,0.0,0.0,0.0
permutation,1100,m,fpar_tuned,fpar,oblivious,-threshold 20750 -disable_hop_rtt_normalization,0.9,100000,3,990,30.1686,26.793047373737327,26.6904,29.1624,30.1686,24.3477,24750,0,0,0,7769,0,0,0,0.0,0.0,0.0,0.0
permutation,1100,m,reps_uniform_defl,reps_dfp,reps,-dfp_low_uniform,0.9,100000,3,990,40.4061,31.294867878787894,31.0896,36.5496,40.4061,27.2947,24750,0,0,0,8372,0,0,0,0.0,0.0,0.0,0.0
permutation,1100,m,reps_no_partition,reps_dfp,reps,,0.9,100000,3,990,35.621,29.585191111111143,29.4507,33.5992,35.621,25.645,24750,0,0,0,8786,0,0,0,0.0,0.0,0.0,0.0
permutation,1100,m,reps_minshare10,reps_dfp,reps,-dfp_minimal_share 10,0.9,100000,3,990,33.6096,28.561016262626268,28.4496,32.4096,33.6096,24.5128,24750,0,0,0,8507,0,0,0,0.0,0.0,0.0,0.0
permutation,1100,m,reps_partition,reps_dfp,reps,-reps_partition_entropy -reps_escalate_threshold 0.2 -reps_warmup_explore_rtts 0.5 -reps_explore_prob 70,0.9,100000,3,990,35.4336,28.917351414141393,28.7986,33.1238,35.4336,24.4547,24750,0,0,0,8648,0,0,0,0.0,0.0,0.0,0.0
permutation,1100,m,fpar_tuned,fpar,oblivious,-threshold 20750 -disable_hop_rtt_normalization,0.9,100000,4,990,33.7648,26.914285555555526,26.7958,31.0678,33.7648,24.3016,24750,0,0,0,7765,0,0,0,0.0,0.0,0.0,0.0
permutation,1100,m,reps_uniform_defl,reps_dfp,reps,-dfp_low_uniform,0.9,100000,4,990,39.5616,31.308004141414138,31.1016,37.105,39.5616,27.1227,24750,0,0,0,8334,0,0,0,0.0,0.0,0.0,0.0
permutation,1100,m,reps_no_partition,reps_dfp,reps,,0.9,100000,4,990,36.957,29.904156565656535,29.6187,34.9256,36.957,25.9616,24750,0,0,0,8904,0,0,0,0.0,0.0,0.0,0.0
permutation,1100,m,reps_minshare10,reps_dfp,reps,-dfp_minimal_share 10,0.9,100000,4,990,36.2416,28.558348888888908,28.321,33.5899,36.2416,23.9394,24750,0,0,0,8462,0,0,0,0.0,0.0,0.0,0.0
permutation,1100,m,reps_partition,reps_dfp,reps,-reps_partition_entropy -reps_escalate_threshold 0.2 -reps_warmup_explore_rtts 0.5 -reps_explore_prob 70,0.9,100000,4,990,37.613,29.28082676767679,29.0451,35.2456,37.613,24.9251,24750,0,0,0,8692,0,0,0,0.0,0.0,0.0,0.0
permutation,1100,m,fpar_tuned,fpar,oblivious,-threshold 20750 -disable_hop_rtt_normalization,0.9,100000,5,990,31.0336,26.93336010101004,26.8061,30.0206,31.0336,24.8038,24750,0,0,0,7755,0,0,0,0.0,0.0,0.0,0.0
permutation,1100,m,reps_uniform_defl,reps_dfp,reps,-dfp_low_uniform,0.9,100000,5,990,36.441,31.276917474747428,31.0998,35.617,36.441,27.293,24750,0,0,0,8348,0,0,0,0.0,0.0,0.0,0.0
permutation,1100,m,reps_no_partition,reps_dfp,reps,,0.9,100000,5,990,38.0616,29.760583030303028,29.4672,36.2296,38.0616,25.6176,24750,0,0,0,8834,0,0,0,0.0,0.0,0.0,0.0
permutation,1100,m,reps_minshare10,reps_dfp,reps,-dfp_minimal_share 10,0.9,100000,5,990,34.441,28.681923838383838,28.5344,33.0976,34.441,24.6614,24750,0,0,0,8525,0,0,0,0.0,0.0,0.0,0.0
permutation,1100,m,reps_partition,reps_dfp,reps,-reps_partition_entropy -reps_escalate_threshold 0.2 -reps_warmup_explore_rtts 0.5 -reps_explore_prob 70,0.9,100000,5,990,34.5056,28.972690808080774,28.8021,33.6016,34.5056,24.6717,24750,0,0,0,8689,0,0,0,0.0,0.0,0.0,0.0
permutation,1100,m,fpar_tuned,fpar,oblivious,-threshold 20750 -disable_hop_rtt_normalization,0.9,250000,1,990,58.899,52.38671757575759,52.652,57.719,58.899,42.1029,61380,1380,0,0,27388,1380,0,0,2.2482893450635384,0.0,2.2482893450635384,0.0
permutation,1100,m,reps_uniform_defl,reps_dfp,reps,-dfp_low_uniform,0.9,250000,1,990,68.1515,57.31036797979794,56.8376,66.2216,68.1515,50.0386,61380,18,0,0,35524,18,0,0,0.02932551319648094,0.0,0.02932551319648094,0.0
permutation,1100,m,reps_no_partition,reps_dfp,reps,,0.9,250000,1,990,61.2845,54.19425141414142,54.1816,59.6267,61.2845,47.6725,61380,102,0,0,38153,102,0,0,0.16617790811339198,0.0,0.16617790811339198,0.0
permutation,1100,m,reps_minshare10,reps_dfp,reps,-dfp_minimal_share 10,0.9,250000,1,990,59.3238,51.5863757575758,51.5067,56.9418,59.3238,45.5131,61380,170,0,0,34698,170,0,0,0.27696318018898664,0.0,0.27696318018898664,0.0
permutation,1100,m,reps_partition,reps_dfp,reps,-reps_partition_entropy -reps_escalate_threshold 0.2 -reps_warmup_explore_rtts 0.5 -reps_explore_prob 70,0.9,250000,1,990,60.8526,52.846464040403916,52.9026,58.4155,60.8526,45.5422,61380,1698,0,0,35319,1698,0,0,2.766373411534702,0.0,2.766373411534702,0.0
permutation,1100,m,fpar_tuned,fpar,oblivious,-threshold 20750 -disable_hop_rtt_normalization,0.9,250000,2,990,59.7154,52.78131575757571,53.1312,58.3771,59.7154,42.312,61380,1450,0,0,27544,1450,0,0,2.3623330074942976,0.0,2.3623330074942976,0.0
permutation,1100,m,reps_uniform_defl,reps_dfp,reps,-dfp_low_uniform,0.9,250000,2,990,68.2304,57.33875616161617,57.121,65.6005,68.2304,49.2802,61380,53,0,0,35297,53,0,0,0.08634734441186054,0.0,0.08634734441186054,0.0
permutation,1100,m,reps_no_partition,reps_dfp,reps,,0.9,250000,2,990,60.5725,53.61156101010102,53.5176,59.7371,60.5725,47.693,61380,81,0,0,37942,81,0,0,0.13196480938416422,0.0,0.13196480938416422,0.0
permutation,1100,m,reps_minshare10,reps_dfp,reps,-dfp_minimal_share 10,0.9,250000,2,990,61.2515,51.47542616161621,51.3134,57.7725,61.2515,43.916,61380,101,0,0,34886,101,0,0,0.16454871293580972,0.0,0.16454871293580972,0.0
permutation,1100,m,reps_partition,reps_dfp,reps,-reps_partition_entropy -reps_escalate_threshold 0.2 -reps_warmup_explore_rtts 0.5 -reps_explore_prob 70,0.9,250000,2,990,61.8736,52.98666313131311,53.0365,59.3987,61.8736,44.1838,61380,1712,0,0,35036,1712,0,0,2.7891821440208537,0.0,2.7891821440208537,0.0
permutation,1100,m,fpar_tuned,fpar,oblivious,-threshold 20750 -disable_hop_rtt_normalization,0.9,250000,3,990,59.4456,52.665421212121245,52.9722,58.4496,59.4456,42.7011,61380,1152,0,0,27511,1152,0,0,1.8768328445747802,0.0,1.8768328445747802,0.0
permutation,1100,m,reps_uniform_defl,reps_dfp,reps,-dfp_low_uniform,0.9,250000,3,990,69.0406,57.38777252525253,57.1978,65.6659,69.0406,49.1478,61380,31,0,0,35418,31,0,0,0.050505050505050504,0.0,0.050505050505050504,0.0
permutation,1100,m,reps_no_partition,reps_dfp,reps,,0.9,250000,3,990,62.1598,54.02799454545448,53.915,59.5038,62.1598,48.0085,61380,132,0,0,38385,132,0,0,0.21505376344086022,0.0,0.21505376344086022,0.0
permutation,1100,m,reps_minshare10,reps_dfp,reps,-dfp_minimal_share 10,0.9,250000,3,990,58.235,51.545389696969735,51.5563,56.907,58.235,44.5843,61380,84,0,0,34940,84,0,0,0.13685239491691104,0.0,0.13685239491691104,0.0
permutation,1100,m,reps_partition,reps_dfp,reps,-reps_partition_entropy -reps_escalate_threshold 0.2 -reps_warmup_explore_rtts 0.5 -reps_explore_prob 70,0.9,250000,3,990,61.1782,52.70311636363634,52.7608,58.409,61.1782,45.0288,61380,1412,0,0,35079,1412,0,0,2.3004235907461714,0.0,2.3004235907461714,0.0
permutation,1100,m,fpar_tuned,fpar,oblivious,-threshold 20750 -disable_hop_rtt_normalization,0.9,250000,4,990,59.595,52.62220737373737,52.9966,58.2082,59.595,40.5504,61380,1495,0,0,27506,1495,0,0,2.4356467904855004,0.0,2.4356467904855004,0.0
permutation,1100,m,reps_uniform_defl,reps_dfp,reps,-dfp_low_uniform,0.9,250000,4,990,66.4147,57.23003989898988,57.0411,64.2816,66.4147,48.211,61380,8,0,0,35209,8,0,0,0.013033561420658195,0.0,0.013033561420658195,0.0
permutation,1100,m,reps_no_partition,reps_dfp,reps,,0.9,250000,4,990,63.173,54.2315891919192,54.201,60.1667,63.173,46.656,61380,186,0,0,38088,186,0,0,0.30303030303030304,0.0,0.30303030303030304,0.0
permutation,1100,m,reps_minshare10,reps_dfp,reps,-dfp_minimal_share 10,0.9,250000,4,990,59.6354,51.41608646464646,51.2642,57.2998,59.6354,43.7602,61380,141,0,0,34765,141,0,0,0.22971652003910067,0.0,0.22971652003910067,0.0
permutation,1100,m,reps_partition,reps_dfp,reps,-reps_partition_entropy -reps_escalate_threshold 0.2 -reps_warmup_explore_rtts 0.5 -reps_explore_prob 70,0.9,250000,4,990,61.7542,53.24189979797982,53.2586,59.7552,61.7542,46.1574,61380,1763,0,0,35268,1763,0,0,2.8722710980775497,0.0,2.8722710980775497,0.0
permutation,1100,m,fpar_tuned,fpar,oblivious,-threshold 20750 -disable_hop_rtt_normalization,0.9,250000,5,990,58.7048,52.699892626262645,53.0325,57.6949,58.7048,41.3829,61380,1420,0,0,27762,1420,0,0,2.3134571521668295,0.0,2.3134571521668295,0.0
permutation,1100,m,reps_uniform_defl,reps_dfp,reps,-dfp_low_uniform,0.9,250000,5,990,67.6973,57.2754080808081,57.1477,64.221,67.6973,49.972,61380,50,0,0,35700,50,0,0,0.08145975887911372,0.0,0.08145975887911372,0.0
permutation,1100,m,reps_no_partition,reps_dfp,reps,,0.9,250000,5,990,62.0611,54.00436898989897,53.8536,60.4011,62.0611,46.357,61380,198,0,0,38190,198,0,0,0.3225806451612903,0.0,0.3225806451612903,0.0
permutation,1100,m,reps_minshare10,reps_dfp,reps,-dfp_minimal_share 10,0.9,250000,5,990,57.3462,51.66572161616162,51.7403,56.3955,57.3462,44.9771,61380,147,0,0,34815,147,0,0,0.23949169110459434,0.0,0.23949169110459434,0.0
permutation,1100,m,reps_partition,reps_dfp,reps,-reps_partition_entropy -reps_escalate_threshold 0.2 -reps_warmup_explore_rtts 0.5 -reps_explore_prob 70,0.9,250000,5,990,61.0261,52.72163020202022,52.7098,58.6981,61.0261,45.9496,61380,1507,0,0,35297,1507,0,0,2.4551971326164876,0.0,2.4551971326164876,0.0
permutation,1100,m,fpar_tuned,fpar,oblivious,-threshold 20750 -disable_hop_rtt_normalization,0.9,500000,1,990,95.0882,84.73336101010085,84.9216,91.1267,95.0882,72.4862,121770,7374,0,0,63717,7374,0,0,6.055678738605568,0.0,6.055678738605568,0.0
permutation,1100,m,reps_uniform_defl,reps_dfp,reps,-dfp_low_uniform,0.9,500000,1,990,109.063,97.6034974747476,97.664,107.517,109.063,85.8965,121770,350,0,0,87271,350,0,0,0.2874271166954094,0.0,0.2874271166954094,0.0
permutation,1100,m,reps_no_partition,reps_dfp,reps,,0.9,500000,1,990,100.363,91.1344066666667,91.0526,98.7026,100.363,81.2938,121770,1947,0,0,96960,1947,0,0,1.5989159891598916,0.0,1.5989159891598916,0.0
permutation,1100,m,reps_minshare10,reps_dfp,reps,-dfp_minimal_share 10,0.9,500000,1,990,95.3942,87.08650828282829,87.1754,93.505,95.3942,78.7837,121770,1558,0,0,93686,1558,0,0,1.2794612794612794,0.0,1.2794612794612794,0.0
permutation,1100,m,reps_partition,reps_dfp,reps,-reps_partition_entropy -reps_escalate_threshold 0.2 -reps_warmup_explore_rtts 0.5 -reps_explore_prob 70,0.9,500000,1,990,99.9467,87.25346151515147,87.3165,95.9598,99.9467,72.1133,121770,5730,0,0,89805,5730,0,0,4.705592510470559,0.0,4.705592510470559,0.0
permutation,1100,m,fpar_tuned,fpar,oblivious,-threshold 20750 -disable_hop_rtt_normalization,0.9,500000,2,990,96.4704,85.24241363636368,85.3178,92.8958,96.4704,73.1203,121770,7452,0,0,63967,7452,0,0,6.119733924611974,0.0,6.119733924611974,0.0
permutation,1100,m,reps_uniform_defl,reps_dfp,reps,-dfp_low_uniform,0.9,500000,2,990,111.467,97.45014313131306,97.4674,106.728,111.467,83.4365,121770,433,0,0,86955,433,0,0,0.35558840436889216,0.0,0.35558840436889216,0.0
permutation,1100,m,reps_no_partition,reps_dfp,reps,,0.9,500000,2,990,98.26,90.91218383838385,90.9878,96.8714,98.26,82.1874,121770,1552,0,0,96590,1552,0,0,1.2745339574607868,0.0,1.2745339574607868,0.0
permutation,1100,m,reps_minshare10,reps_dfp,reps,-dfp_minimal_share 10,0.9,500000,2,990,98.5094,86.91524828282832,86.8112,95.301,98.5094,78.4437,121770,1570,0,0,94040,1570,0,0,1.2893159234622649,0.0,1.2893159234622649,0.0
permutation,1100,m,reps_partition,reps_dfp,reps,-reps_partition_entropy -reps_escalate_threshold 0.2 -reps_warmup_explore_rtts 0.5 -reps_explore_prob 70,0.9,500000,2,990,100.689,87.08878787878778,87.0686,96.5522,100.689,75.3478,121770,5531,0,0,89740,5531,0,0,4.542169664120884,0.0,4.542169664120884,0.0
permutation,1100,m,fpar_tuned,fpar,oblivious,-threshold 20750 -disable_hop_rtt_normalization,0.9,500000,3,990,97.1362,84.8053077777778,84.9877,91.7539,97.1362,71.1086,121770,6919,0,0,64201,6919,0,0,5.682023486901536,0.0,5.682023486901536,0.0
permutation,1100,m,reps_uniform_defl,reps_dfp,reps,-dfp_low_uniform,0.9,500000,3,990,109.536,97.8680002020201,98.0838,106.522,109.536,80.5962,121770,392,0,0,87583,392,0,0,0.3219183706988585,0.0,0.3219183706988585,0.0
permutation,1100,m,reps_no_partition,reps_dfp,reps,,0.9,500000,3,990,99.1618,90.81780040404041,90.7414,97.5123,99.1618,82.9066,121770,1977,0,0,96773,1977,0,0,1.6235525991623552,0.0,1.6235525991623552,0.0
permutation,1100,m,reps_minshare10,reps_dfp,reps,-dfp_minimal_share 10,0.9,500000,3,990,96.8925,87.16575474747474,87.0562,94.8421,96.8925,76.5149,121770,1718,0,0,93896,1718,0,0,1.4108565328077523,0.0,1.4108565328077523,0.0
permutation,1100,m,reps_partition,reps_dfp,reps,-reps_partition_entropy -reps_escalate_threshold 0.2 -reps_warmup_explore_rtts 0.5 -reps_explore_prob 70,0.9,500000,3,990,96.7758,86.90822262626263,86.8829,95.5118,96.7758,75.0099,121770,5466,0,0,90108,5466,0,0,4.488790342448879,0.0,4.488790342448879,0.0
permutation,1100,m,fpar_tuned,fpar,oblivious,-threshold 20750 -disable_hop_rtt_normalization,0.9,500000,4,990,97.9266,84.68227191919195,84.8416,93.0733,97.9266,72.2176,121770,7057,0,0,64007,7057,0,0,5.795351892912868,0.0,5.795351892912868,0.0
permutation,1100,m,reps_uniform_defl,reps_dfp,reps,-dfp_low_uniform,0.9,500000,4,990,111.139,97.60642989898986,97.6907,107.313,111.139,82.7478,121770,433,0,0,86345,433,0,0,0.35558840436889216,0.0,0.35558840436889216,0.0
permutation,1100,m,reps_no_partition,reps_dfp,reps,,0.9,500000,4,990,101.604,91.50701232323205,91.4936,99.3075,101.604,80.9139,121770,2370,0,0,96426,2370,0,0,1.9462921901946293,0.0,1.9462921901946293,0.0
permutation,1100,m,reps_minshare10,reps_dfp,reps,-dfp_minimal_share 10,0.9,500000,4,990,97.6779,87.0625969696971,87.2061,93.6621,97.6779,76.2432,121770,1686,0,0,94001,1686,0,0,1.3845774821384578,0.0,1.3845774821384578,0.0
permutation,1100,m,reps_partition,reps_dfp,reps,-reps_partition_entropy -reps_escalate_threshold 0.2 -reps_warmup_explore_rtts 0.5 -reps_explore_prob 70,0.9,500000,4,990,98.908,87.90823585858577,88.0462,95.92,98.908,75.6338,121770,5911,0,0,89420,5911,0,0,4.854233390818757,0.0,4.854233390818757,0.0
permutation,1100,m,fpar_tuned,fpar,oblivious,-threshold 20750 -disable_hop_rtt_normalization,0.9,500000,5,990,94.5094,85.05684434343438,85.1325,91.967,94.5094,74.1107,121770,7163,0,0,64847,7163,0,0,5.882401248254907,0.0,5.882401248254907,0.0
permutation,1100,m,reps_uniform_defl,reps_dfp,reps,-dfp_low_uniform,0.9,500000,5,990,111.367,97.3701935353535,97.3643,108.711,111.367,84.6371,121770,386,0,0,87579,386,0,0,0.31699104869836575,0.0,0.31699104869836575,0.0
permutation,1100,m,reps_no_partition,reps_dfp,reps,,0.9,500000,5,990,100.418,90.92571494949492,90.9558,97.433,100.418,80.9259,121770,1939,0,0,96329,1939,0,0,1.5923462264925679,0.0,1.5923462264925679,0.0
permutation,1100,m,reps_minshare10,reps_dfp,reps,-dfp_minimal_share 10,0.9,500000,5,990,94.7309,87.36498111111125,87.3955,93.26,94.7309,77.3205,121770,1508,0,0,93746,1508,0,0,1.2384002627905066,0.0,1.2384002627905066,0.0
permutation,1100,m,reps_partition,reps_dfp,reps,-reps_partition_entropy -reps_escalate_threshold 0.2 -reps_warmup_explore_rtts 0.5 -reps_explore_prob 70,0.9,500000,5,990,97.8238,87.43689000000005,87.4005,95.8483,97.8238,77.6318,121770,5515,0,0,89947,5515,0,0,4.529030138786236,0.0,4.529030138786236,0.0
permutation,1100,m,fpar_tuned,fpar,oblivious,-threshold 20750 -disable_hop_rtt_normalization,0.9,2000000,1,990,423.416,277.9213808080809,268.611,387.571,423.416,218.813,485100,14236,0,0,237872,14236,0,0,2.9346526489383633,0.0,2.9346526489383633,0.0
permutation,1100,m,reps_uniform_defl,reps_dfp,reps,-dfp_low_uniform,0.9,2000000,1,990,484.245,321.8659070707073,312.791,455.739,484.245,246.732,485100,759,0,0,300191,759,0,0,0.1564625850340136,0.0,0.1564625850340136,0.0
permutation,1100,m,reps_no_partition,reps_dfp,reps,,0.9,2000000,1,990,448.462,306.27238080808115,303.794,414.586,448.462,225.798,485100,3149,0,0,301903,3149,0,0,0.6491445062873634,0.0,0.6491445062873634,0.0
permutation,1100,m,reps_minshare10,reps_dfp,reps,-dfp_minimal_share 10,0.9,2000000,1,990,438.797,292.90116969697,290.537,382.075,438.797,223.442,485100,2611,0,0,311425,2611,0,0,0.5382395382395382,0.0,0.5382395382395382,0.0
permutation,1100,m,reps_partition,reps_dfp,reps,-reps_partition_entropy -reps_escalate_threshold 0.2 -reps_warmup_explore_rtts 0.5 -reps_explore_prob 70,0.9,2000000,1,990,461.636,302.8799424242425,298.544,408.921,461.636,224.607,485100,6791,0,0,310841,6791,0,0,1.3999175427746857,0.0,1.3999175427746857,0.0
permutation,1100,m,fpar_tuned,fpar,oblivious,-threshold 20750 -disable_hop_rtt_normalization,0.9,2000000,2,990,415.166,277.01764949494935,266.453,383.882,415.166,219.638,485100,14148,0,0,236014,14148,0,0,2.9165120593692024,0.0,2.9165120593692024,0.0
permutation,1100,m,reps_uniform_defl,reps_dfp,reps,-dfp_low_uniform,0.9,2000000,2,990,485.878,322.04185454545404,314.744,456.205,485.878,248.115,485100,880,0,0,299927,880,0,0,0.18140589569160998,0.0,0.18140589569160998,0.0
permutation,1100,m,reps_no_partition,reps_dfp,reps,,0.9,2000000,2,990,437.142,304.3926606060604,303.054,396.08,437.142,218.413,485100,2659,0,0,302795,2659,0,0,0.5481344052772624,0.0,0.5481344052772624,0.0
permutation,1100,m,reps_minshare10,reps_dfp,reps,-dfp_minimal_share 10,0.9,2000000,2,990,427.728,292.56189696969716,289.316,383.036,427.728,220.07,485100,2763,0,0,308894,2763,0,0,0.5695732838589982,0.0,0.5695732838589982,0.0
permutation,1100,m,reps_partition,reps_dfp,reps,-reps_partition_entropy -reps_escalate_threshold 0.2 -reps_warmup_explore_rtts 0.5 -reps_explore_prob 70,0.9,2000000,2,990,429.094,302.5832666666667,300.159,409.061,429.094,224.266,485100,6679,0,0,311396,6679,0,0,1.3768295196866625,0.0,1.3768295196866625,0.0
permutation,1100,m,fpar_tuned,fpar,oblivious,-threshold 20750 -disable_hop_rtt_normalization,0.9,2000000,3,990,441.765,275.8487323232324,267.761,387.013,441.765,216.23,485100,13314,0,0,237334,13314,0,0,2.7445887445887447,0.0,2.7445887445887447,0.0
permutation,1100,m,reps_uniform_defl,reps_dfp,reps,-dfp_low_uniform,0.9,2000000,3,990,530.152,323.3413808080804,314.18,460.175,530.152,246.529,485100,988,0,0,298585,988,0,0,0.20366934652648938,0.0,0.20366934652648938,0.0
permutation,1100,m,reps_no_partition,reps_dfp,reps,,0.9,2000000,3,990,460.598,305.7780727272728,302.864,400.469,460.598,224.083,485100,3035,0,0,302200,3035,0,0,0.6256441970727685,0.0,0.6256441970727685,0.0
permutation,1100,m,reps_minshare10,reps_dfp,reps,-dfp_minimal_share 10,0.9,2000000,3,990,397.853,292.7666383838382,290.928,382.688,397.853,221.637,485100,2897,0,0,308893,2897,0,0,0.5971964543393115,0.0,0.5971964543393115,0.0
permutation,1100,m,reps_partition,reps_dfp,reps,-reps_partition_entropy -reps_escalate_threshold 0.2 -reps_warmup_explore_rtts 0.5 -reps_explore_prob 70,0.9,2000000,3,990,464.336,302.55551818181874,299.426,411.531,464.336,225.238,485100,6704,0,0,310454,6704,0,0,1.3819830962688107,0.0,1.3819830962688107,0.0
permutation,1100,m,fpar_tuned,fpar,oblivious,-threshold 20750 -disable_hop_rtt_normalization,0.9,2000000,4,990,417.078,276.2798606060604,270.268,381.084,417.078,217.163,485100,13175,0,0,237440,13175,0,0,2.715934858792002,0.0,2.715934858792002,0.0
permutation,1100,m,reps_uniform_defl,reps_dfp,reps,-dfp_low_uniform,0.9,2000000,4,990,507.499,322.3814939393944,316.504,456.232,507.499,241.391,485100,935,0,0,296883,935,0,0,0.1927437641723356,0.0,0.1927437641723356,0.0
permutation,1100,m,reps_no_partition,reps_dfp,reps,,0.9,2000000,4,990,481.069,306.95256565656587,305.261,400.767,481.069,219.789,485100,3488,0,0,302687,3488,0,0,0.7190270047412904,0.0,0.7190270047412904,0.0
permutation,1100,m,reps_minshare10,reps_dfp,reps,-dfp_minimal_share 10,0.9,2000000,4,990,435.742,293.3880878787878,291.781,394.02,435.742,220.351,485100,3241,0,0,310053,3241,0,0,0.6681096681096681,0.0,0.6681096681096681,0.0
permutation,1100,m,reps_partition,reps_dfp,reps,-reps_partition_entropy -reps_escalate_threshold 0.2 -reps_warmup_explore_rtts 0.5 -reps_explore_prob 70,0.9,2000000,4,990,464.716,304.62439595959574,302.474,411.134,464.716,219.925,485100,7350,0,0,308690,7350,0,0,1.5151515151515151,0.0,1.5151515151515151,0.0
permutation,1100,m,fpar_tuned,fpar,oblivious,-threshold 20750 -disable_hop_rtt_normalization,0.9,2000000,5,990,430.707,277.74762626262634,265.679,392.941,430.707,220.882,485100,13058,0,0,238022,13058,0,0,2.691816120387549,0.0,2.691816120387549,0.0
permutation,1100,m,reps_uniform_defl,reps_dfp,reps,-dfp_low_uniform,0.9,2000000,5,990,494.177,322.7449777777779,313.861,454.728,494.177,247.237,485100,876,0,0,299769,876,0,0,0.1805813234384663,0.0,0.1805813234384663,0.0
permutation,1100,m,reps_no_partition,reps_dfp,reps,,0.9,2000000,5,990,451.035,305.96137272727293,305.997,404.188,451.035,219.345,485100,3125,0,0,303646,3125,0,0,0.6441970727685014,0.0,0.6441970727685014,0.0
permutation,1100,m,reps_minshare10,reps_dfp,reps,-dfp_minimal_share 10,0.9,2000000,5,990,435.306,293.5095484848484,291.758,386.033,435.306,224.128,485100,2887,0,0,309024,2887,0,0,0.5951350237064523,0.0,0.5951350237064523,0.0
permutation,1100,m,reps_partition,reps_dfp,reps,-reps_partition_entropy -reps_escalate_threshold 0.2 -reps_warmup_explore_rtts 0.5 -reps_explore_prob 70,0.9,2000000,5,990,463.49,303.9991404040406,302.335,404.118,463.49,222.769,485100,6666,0,0,309829,6666,0,0,1.3741496598639455,0.0,1.3741496598639455,0.0
permutation,1100,m,fpar_tuned,fpar,oblivious,-threshold 20750 -disable_hop_rtt_normalization,0.9,5000000,1,990,968.336,652.6734969696967,626.898,913.509,968.336,495.925,1211760,19039,0,0,539417,19039,0,0,1.5711857133425762,0.0,1.5711857133425762,0.0
permutation,1100,m,reps_uniform_defl,reps_dfp,reps,-dfp_low_uniform,0.9,5000000,1,990,1053.14,752.1645010101007,746.708,990.039,1053.14,590.614,1211760,787,0,0,703235,787,0,0,0.06494685416254044,0.0,0.06494685416254044,0.0
permutation,1100,m,reps_no_partition,reps_dfp,reps,,0.9,5000000,1,990,1037.06,716.355682828283,713.238,925.303,1037.06,521.063,1211760,3365,0,0,744044,3365,0,0,0.27769525318544924,0.0,0.27769525318544924,0.0
permutation,1100,m,reps_minshare10,reps_dfp,reps,-dfp_minimal_share 10,0.9,5000000,1,990,1033.3,684.2329383838384,682.505,869.078,1033.3,521.961,1211760,2717,0,0,750991,2717,0,0,0.22421931735657225,0.0,0.22421931735657225,0.0
permutation,1100,m,reps_partition,reps_dfp,reps,-reps_partition_entropy -reps_escalate_threshold 0.2 -reps_warmup_explore_rtts 0.5 -reps_explore_prob 70,0.9,5000000,1,990,1055.71,713.134412121212,711.796,924.231,1055.71,511.046,1211760,7106,0,0,756057,7106,0,0,0.5864197530864198,0.0,0.5864197530864198,0.0
permutation,1100,m,fpar_tuned,fpar,oblivious,-threshold 20750 -disable_hop_rtt_normalization,0.9,5000000,2,990,987.739,650.6353101010105,620.319,936.104,987.739,509.645,1211760,19322,0,0,537776,19322,0,0,1.5945401729715456,0.0,1.5945401729715456,0.0
permutation,1100,m,reps_uniform_defl,reps_dfp,reps,-dfp_low_uniform,0.9,5000000,2,990,1119.15,753.397134343435,751.943,1018.49,1119.15,580.325,1211760,915,0,0,701019,915,0,0,0.07551000198059021,0.0,0.07551000198059021,0.0
permutation,1100,m,reps_no_partition,reps_dfp,reps,,0.9,5000000,2,990,1002.88,711.4819373737377,710.295,902.879,1002.88,509.082,1211760,2859,0,0,747374,2859,0,0,0.23593780946722123,0.0,0.23593780946722123,0.0
permutation,1100,m,reps_minshare10,reps_dfp,reps,-dfp_minimal_share 10,0.9,5000000,2,990,1007.55,682.8117686868688,683.11,879.645,1007.55,514.226,1211760,2914,0,0,743608,2914,0,0,0.2404766620452895,0.0,0.2404766620452895,0.0
permutation,1100,m,reps_partition,reps_dfp,reps,-reps_partition_entropy -reps_escalate_threshold 0.2 -reps_warmup_explore_rtts 0.5 -reps_explore_prob 70,0.9,5000000,2,990,993.651,711.9146848484844,711.006,922.626,993.651,517.599,1211760,6934,0,0,755874,6934,0,0,0.5722255232059154,0.0,0.5722255232059154,0.0
permutation,1100,m,fpar_tuned,fpar,oblivious,-threshold 20750 -disable_hop_rtt_normalization,0.9,5000000,3,990,1005.74,651.8457222222227,624.779,938.336,1005.74,497.262,1211760,18059,0,0,538856,18059,0,0,1.4903116128606324,0.0,1.4903116128606324,0.0
permutation,1100,m,reps_uniform_defl,reps_dfp,reps,-dfp_low_uniform,0.9,5000000,3,990,1146.43,754.2738070707079,747.508,1039.84,1146.43,582.39,1211760,1012,0,0,696932,1012,0,0,0.08351488743645606,0.0,0.08351488743645606,0.0
permutation,1100,m,reps_no_partition,reps_dfp,reps,,0.9,5000000,3,990,1096.59,713.9256444444455,712.852,907.491,1096.59,527.909,1211760,3275,0,0,742186,3275,0,0,0.270268039875883,0.0,0.270268039875883,0.0
permutation,1100,m,reps_minshare10,reps_dfp,reps,-dfp_minimal_share 10,0.9,5000000,3,990,909.38,684.0106838383838,687.344,855.746,909.38,522.691,1211760,3077,0,0,744545,3077,0,0,0.25392817059483724,0.0,0.25392817059483724,0.0
permutation,1100,m,reps_partition,reps_dfp,reps,-reps_partition_entropy -reps_escalate_threshold 0.2 -reps_warmup_explore_rtts 0.5 -reps_explore_prob 70,0.9,5000000,3,990,1046.39,713.015826262627,711.162,936.003,1046.39,513.448,1211760,7107,0,0,749398,7107,0,0,0.5865022776787483,0.0,0.5865022776787483,0.0
permutation,1100,m,fpar_tuned,fpar,oblivious,-threshold 20750 -disable_hop_rtt_normalization,0.9,5000000,4,990,978.146,649.6333040404037,630.025,881.283,978.146,512.34,1211760,18847,0,0,540515,18847,0,0,1.5553409916155014,0.0,1.5553409916155014,0.0
permutation,1100,m,reps_uniform_defl,reps_dfp,reps,-dfp_low_uniform,0.9,5000000,4,990,1124.78,752.7091010101011,753.383,1018.45,1124.78,579.265,1211760,957,0,0,697703,957,0,0,0.0789760348583878,0.0,0.0789760348583878,0.0
permutation,1100,m,reps_no_partition,reps_dfp,reps,,0.9,5000000,4,990,1084.25,717.1279282828286,716.19,930.863,1084.25,522.161,1211760,3641,0,0,743335,3641,0,0,0.3004720406681191,0.0,0.3004720406681191,0.0
permutation,1100,m,reps_minshare10,reps_dfp,reps,-dfp_minimal_share 10,0.9,5000000,4,990,950.07,683.97412121212,683.524,868.002,950.07,523.45,1211760,3361,0,0,740729,3361,0,0,0.2773651548161352,0.0,0.2773651548161352,0.0
permutation,1100,m,reps_partition,reps_dfp,reps,-reps_partition_entropy -reps_escalate_threshold 0.2 -reps_warmup_explore_rtts 0.5 -reps_explore_prob 70,0.9,5000000,4,990,1105.36,715.8373525252537,717.137,939.761,1105.36,517.484,1211760,7702,0,0,752036,7702,0,0,0.6356044101142141,0.0,0.6356044101142141,0.0
permutation,1100,m,fpar_tuned,fpar,oblivious,-threshold 20750 -disable_hop_rtt_normalization,0.9,5000000,5,990,1023.58,651.8754676767671,617.97,950.301,1023.58,517.296,1211760,17726,0,0,537094,17726,0,0,1.4628309236152373,0.0,1.4628309236152373,0.0
permutation,1100,m,reps_uniform_defl,reps_dfp,reps,-dfp_low_uniform,0.9,5000000,5,990,1059.84,754.6256444444438,751.188,1002.82,1059.84,585.901,1211760,920,0,0,702267,920,0,0,0.07592262494223279,0.0,0.07592262494223279,0.0
permutation,1100,m,reps_no_partition,reps_dfp,reps,,0.9,5000000,5,990,1014.23,715.9733313131318,715.778,896.716,1014.23,517.981,1211760,3283,0,0,753076,3283,0,0,0.2709282366145111,0.0,0.2709282366145111,0.0
permutation,1100,m,reps_minshare10,reps_dfp,reps,-dfp_minimal_share 10,0.9,5000000,5,990,1011.83,684.617343434344,685.059,849.533,1011.83,525.96,1211760,3004,0,0,743568,3004,0,0,0.24790387535485575,0.0,0.24790387535485575,0.0
permutation,1100,m,reps_partition,reps_dfp,reps,-reps_partition_entropy -reps_escalate_threshold 0.2 -reps_warmup_explore_rtts 0.5 -reps_explore_prob 70,0.9,5000000,5,990,1018.11,716.2047040404043,714.826,934.936,1018.11,531.131,1211760,7138,0,0,752203,7138,0,0,0.5890605400409322,0.0,0.5890605400409322,0.0
permutation,1100,m,fpar_tuned,fpar,oblivious,-threshold 20750 -disable_hop_rtt_normalization,0.9,10000000,1,990,1895.71,1269.5090464646469,1242.54,1700.7,1895.71,983.486,2423520,26709,0,0,1047673,26709,0,0,1.1020746682511389,0.0,1.1020746682511389,0.0
permutation,1100,m,reps_uniform_defl,reps_dfp,reps,-dfp_low_uniform,0.9,10000000,1,990,2055.94,1481.4457979797978,1477.8,1844.53,2055.94,1161.67,2423520,853,0,0,1405735,853,0,0,0.03519673862811118,0.0,0.03519673862811118,0.0
permutation,1100,m,reps_no_partition,reps_dfp,reps,,0.9,10000000,1,990,1875.26,1404.1868181818193,1398.37,1728.37,1875.26,1038.97,2423520,3560,0,0,1495206,3560,0,0,0.14689377434475473,0.0,0.14689377434475473,0.0
permutation,1100,m,reps_minshare10,reps_dfp,reps,-dfp_minimal_share 10,0.9,10000000,1,990,1805.23,1343.9648989898976,1339.45,1670.88,1805.23,1048.34,2423520,3002,0,0,1511995,3002,0,0,0.12386941308509936,0.0,0.12386941308509936,0.0
permutation,1100,m,reps_partition,reps_dfp,reps,-reps_partition_entropy -reps_escalate_threshold 0.2 -reps_warmup_explore_rtts 0.5 -reps_explore_prob 70,0.9,10000000,1,990,1868.83,1401.7888000000012,1402.11,1784.27,1868.83,994.242,2423520,7630,0,0,1507837,7630,0,0,0.3148313197332805,0.0,0.3148313197332805,0.0
permutation,1100,m,fpar_tuned,fpar,oblivious,-threshold 20750 -disable_hop_rtt_normalization,0.9,10000000,2,990,1920.19,1268.6255707070704,1231.94,1699.83,1920.19,984.424,2423520,28028,0,0,1045463,28028,0,0,1.1564996368917937,0.0,1.1564996368917937,0.0
permutation,1100,m,reps_uniform_defl,reps_dfp,reps,-dfp_low_uniform,0.9,10000000,2,990,2080.37,1480.9102525252524,1477.27,1841.19,2080.37,1137.48,2423520,951,0,0,1399858,951,0,0,0.03924044365220836,0.0,0.03924044365220836,0.0
permutation,1100,m,reps_no_partition,reps_dfp,reps,,0.9,10000000,2,990,1843.06,1397.6835151515147,1393.97,1705.71,1843.06,1030.97,2423520,3215,0,0,1502940,3215,0,0,0.1326582821680861,0.0,0.1326582821680861,0.0
permutation,1100,m,reps_minshare10,reps_dfp,reps,-dfp_minimal_share 10,0.9,10000000,2,990,1793.7,1341.4153737373733,1341.7,1653.24,1793.7,1020.26,2423520,3210,0,0,1510920,3210,0,0,0.1324519706872648,0.0,0.1324519706872648,0.0
permutation,1100,m,reps_partition,reps_dfp,reps,-reps_partition_entropy -reps_escalate_threshold 0.2 -reps_warmup_explore_rtts 0.5 -reps_explore_prob 70,0.9,10000000,2,990,1903.49,1401.5724141414137,1401.22,1774.54,1903.49,1009.83,2423520,7411,0,0,1510482,7411,0,0,0.30579487687330825,0.0,0.30579487687330825,0.0
permutation,1100,m,fpar_tuned,fpar,oblivious,-threshold 20750 -disable_hop_rtt_normalization,0.9,10000000,3,990,1757.62,1278.482613131313,1261.08,1630.13,1757.62,989.091,2423520,28408,0,0,1053707,28408,0,0,1.1721793094342114,0.0,1.1721793094342114,0.0
permutation,1100,m,reps_uniform_defl,reps_dfp,reps,-dfp_low_uniform,0.9,10000000,3,990,2080.31,1481.9696868686865,1481.37,1874.4,2080.31,1139.83,2423520,1095,0,0,1388399,1095,0,0,0.045182214299861356,0.0,0.045182214299861356,0.0
permutation,1100,m,reps_no_partition,reps_dfp,reps,,0.9,10000000,3,990,1999.82,1399.836575757578,1395.86,1721.3,1999.82,1042.94,2423520,3559,0,0,1489652,3559,0,0,0.14685251204859048,0.0,0.14685251204859048,0.0
permutation,1100,m,reps_minshare10,reps_dfp,reps,-dfp_minimal_share 10,0.9,10000000,3,990,1706.07,1343.2642929292929,1345.99,1650.24,1706.07,1044.88,2423520,3367,0,0,1502432,3367,0,0,0.13893015118505314,0.0,0.13893015118505314,0.0
permutation,1100,m,reps_partition,reps_dfp,reps,-reps_partition_entropy -reps_escalate_threshold 0.2 -reps_warmup_explore_rtts 0.5 -reps_explore_prob 70,0.9,10000000,3,990,1979.34,1402.8016060606076,1399.1,1777.64,1979.34,999.8,2423520,7547,0,0,1489616,7547,0,0,0.31140654915164717,0.0,0.31140654915164717,0.0
permutation,1100,m,fpar_tuned,fpar,oblivious,-threshold 20750 -disable_hop_rtt_normalization,0.9,10000000,4,990,1768.16,1268.1690464646483,1249.9,1695.65,1768.16,998.026,2423520,28010,0,0,1045203,28010,0,0,1.1557569155608372,0.0,1.1557569155608372,0.0
permutation,1100,m,reps_uniform_defl,reps_dfp,reps,-dfp_low_uniform,0.9,10000000,4,990,1968.75,1481.0364747474773,1484.29,1892.84,1968.75,1130.23,2423520,1049,0,0,1394503,1049,0,0,0.04328414867630554,0.0,0.04328414867630554,0.0
permutation,1100,m,reps_no_partition,reps_dfp,reps,,0.9,10000000,4,990,1900.77,1404.8255353535358,1408.98,1762.63,1900.77,1046.73,2423520,3955,0,0,1491781,3955,0,0,0.16319238132963623,0.0,0.16319238132963623,0.0
permutation,1100,m,reps_minshare10,reps_dfp,reps,-dfp_minimal_share 10,0.9,10000000,4,990,1808.9,1342.7391212121197,1346.17,1661.9,1808.9,1024.87,2423520,3590,0,0,1498077,3590,0,0,0.14813164322968245,0.0,0.14813164322968245,0.0
permutation,1100,m,reps_partition,reps_dfp,reps,-reps_partition_entropy -reps_escalate_threshold 0.2 -reps_warmup_explore_rtts 0.5 -reps_explore_prob 70,0.9,10000000,4,990,1999.5,1405.0284545454554,1407.7,1774.43,1999.5,1014.98,2423520,8357,0,0,1497006,8357,0,0,0.3448290090446953,0.0,0.3448290090446953,0.0
permutation,1100,m,fpar_tuned,fpar,oblivious,-threshold 20750 -disable_hop_rtt_normalization,0.9,10000000,5,990,1934.79,1270.547323232324,1224.91,1788.87,1934.79,1006.27,2423520,26549,0,0,1041950,26549,0,0,1.0954727008648577,0.0,1.0954727008648577,0.0
permutation,1100,m,reps_uniform_defl,reps_dfp,reps,-dfp_low_uniform,0.9,10000000,5,990,2028.89,1482.5915353535354,1485.07,1864.68,2028.89,1173.76,2423520,989,0,0,1401031,989,0,0,0.04080841090645012,0.0,0.04080841090645012,0.0
permutation,1100,m,reps_no_partition,reps_dfp,reps,,0.9,10000000,5,990,1817.17,1403.5971515151518,1402.99,1706.59,1817.17,1034.55,2423520,3597,0,0,1513147,3597,0,0,0.14842047930283225,0.0,0.14842047930283225,0.0
permutation,1100,m,reps_minshare10,reps_dfp,reps,-dfp_minimal_share 10,0.9,10000000,5,990,1788.06,1343.4069393939387,1343.96,1630.48,1788.06,1040.58,2423520,3174,0,0,1503935,3174,0,0,0.13096652802535155,0.0,0.13096652802535155,0.0
permutation,1100,m,reps_partition,reps_dfp,reps,-reps_partition_entropy -reps_escalate_threshold 0.2 -reps_warmup_explore_rtts 0.5 -reps_explore_prob 70,0.9,10000000,5,990,1961.63,1407.325505050505,1404.61,1758.23,1961.63,1036.43,2423520,7898,0,0,1503655,7898,0,0,0.3258896151053014,0.0,0.3258896151053014,0.0
permutation_random,1100,m,fpar_tuned,fpar,oblivious,-threshold 20750 -disable_hop_rtt_normalization,0.6,100000,1,660,43.636,23.771546363636375,22.3403,38.1709,43.636,12.4702,16500,32,0,0,5675,32,0,0,0.19393939393939394,0.0,0.19393939393939394,0.0
permutation_random,1100,m,reps_uniform_defl,reps_dfp,reps,-dfp_low_uniform,0.6,100000,1,660,34.129,26.123991515151538,26.493,30.6403,34.129,12.4702,16500,0,0,0,5092,0,0,0,0.0,0.0,0.0,0.0
permutation_random,1100,m,reps_no_partition,reps_dfp,reps,,0.6,100000,1,660,29.4627,23.91402303030302,24.3072,28.0139,29.4627,12.4702,16500,0,0,0,5098,0,0,0,0.0,0.0,0.0,0.0
permutation_random,1100,m,reps_minshare10,reps_dfp,reps,-dfp_minimal_share 10,0.6,100000,1,660,28.945,23.330551515151505,23.6621,26.9696,28.945,12.4702,16500,0,0,0,5086,0,0,0,0.0,0.0,0.0,0.0
permutation_random,1100,m,reps_partition,reps_dfp,reps,-reps_partition_entropy -reps_escalate_threshold 0.2 -reps_warmup_explore_rtts 0.5 -reps_explore_prob 70,0.6,100000,1,660,28.9427,23.70983757575755,23.9867,27.7867,28.9427,12.4702,16500,0,0,0,5109,0,0,0,0.0,0.0,0.0,0.0
permutation_random,1100,m,fpar_tuned,fpar,oblivious,-threshold 20750 -disable_hop_rtt_normalization,0.6,100000,2,660,40.4584,23.170374999999996,22.153,32.1266,40.4584,12.4702,16500,8,0,0,5435,8,0,0,0.048484848484848485,0.0,0.048484848484848485,0.0
permutation_random,1100,m,reps_uniform_defl,reps_dfp,reps,-dfp_low_uniform,0.6,100000,2,660,31.989,26.112702575757595,26.4861,30.969,31.989,12.4702,16500,0,0,0,5122,0,0,0,0.0,0.0,0.0,0.0
permutation_random,1100,m,reps_no_partition,reps_dfp,reps,,0.6,100000,2,660,30.9467,23.780849090909093,24.1296,28.2998,30.9467,12.4702,16500,0,0,0,5114,0,0,0,0.0,0.0,0.0,0.0
permutation_random,1100,m,reps_minshare10,reps_dfp,reps,-dfp_minimal_share 10,0.6,100000,2,660,28.3341,23.397770151515132,23.6547,27.1432,28.3341,12.4702,16500,0,0,0,5110,0,0,0,0.0,0.0,0.0,0.0
permutation_random,1100,m,reps_partition,reps_dfp,reps,-reps_partition_entropy -reps_escalate_threshold 0.2 -reps_warmup_explore_rtts 0.5 -reps_explore_prob 70,0.6,100000,2,660,28.6363,23.507814696969692,23.8181,27.0117,28.6363,12.4702,16500,0,0,0,5113,0,0,0,0.0,0.0,0.0,0.0
permutation_random,1100,m,fpar_tuned,fpar,oblivious,-threshold 20750 -disable_hop_rtt_normalization,0.6,100000,3,660,36.7336,23.704074696969705,22.3357,36.1208,36.7336,12.6462,16500,0,0,0,5616,0,0,0,0.0,0.0,0.0,0.0
permutation_random,1100,m,reps_uniform_defl,reps_dfp,reps,-dfp_low_uniform,0.6,100000,3,660,32.4861,26.433096515151494,26.6358,30.993,32.4861,12.6422,16500,0,0,0,5116,0,0,0,0.0,0.0,0.0,0.0
permutation_random,1100,m,reps_no_partition,reps_dfp,reps,,0.6,100000,3,660,29.9797,24.052629090909118,24.3056,27.973,29.9797,12.6422,16500,0,0,0,5109,0,0,0,0.0,0.0,0.0,0.0
permutation_random,1100,m,reps_minshare10,reps_dfp,reps,-dfp_minimal_share 10,0.6,100000,3,660,28.6296,23.76712863636364,23.9718,27.6712,28.6296,12.6451,16500,0,0,0,5121,0,0,0,0.0,0.0,0.0,0.0
permutation_random,1100,m,reps_partition,reps_dfp,reps,-reps_partition_entropy -reps_escalate_threshold 0.2 -reps_warmup_explore_rtts 0.5 -reps_explore_prob 70,0.6,100000,3,660,28.7936,23.909357121212132,24.1296,27.7976,28.7936,12.4754,16500,0,0,0,5101,0,0,0,0.0,0.0,0.0,0.0
permutation_random,1100,m,fpar_tuned,fpar,oblivious,-threshold 20750 -disable_hop_rtt_normalization,0.6,100000,4,660,37.9016,23.610177575757564,22.3466,36.0696,37.9016,12.4702,16500,0,0,0,5587,0,0,0,0.0,0.0,0.0,0.0
permutation_random,1100,m,reps_uniform_defl,reps_dfp,reps,-dfp_low_uniform,0.6,100000,4,660,33.1072,26.420807575757582,26.6494,31.6654,33.1072,12.4702,16500,0,0,0,5134,0,0,0,0.0,0.0,0.0,0.0
permutation_random,1100,m,reps_no_partition,reps_dfp,reps,,0.6,100000,4,660,29.9616,24.011002727272743,24.1541,28.2976,29.9616,12.4702,16500,0,0,0,5108,0,0,0,0.0,0.0,0.0,0.0
permutation_random,1100,m,reps_minshare10,reps_dfp,reps,-dfp_minimal_share 10,0.6,100000,4,660,28.6483,23.70575530303032,23.9816,27.6518,28.6483,12.4702,16500,0,0,0,5100,0,0,0,0.0,0.0,0.0,0.0
permutation_random,1100,m,reps_partition,reps_dfp,reps,-reps_partition_entropy -reps_escalate_threshold 0.2 -reps_warmup_explore_rtts 0.5 -reps_explore_prob 70,0.6,100000,4,660,30.6216,23.96131848484848,24.145,28.6216,30.6216,12.4702,16500,0,0,0,5117,0,0,0,0.0,0.0,0.0,0.0
permutation_random,1100,m,fpar_tuned,fpar,oblivious,-threshold 20750 -disable_hop_rtt_normalization,0.6,100000,5,660,38.5587,23.771020606060606,22.1581,36.5736,38.5587,12.6371,16500,1,0,0,5666,1,0,0,0.006060606060606061,0.0,0.006060606060606061,0.0
permutation_random,1100,m,reps_uniform_defl,reps_dfp,reps,-dfp_low_uniform,0.6,100000,5,660,33.301,26.202465606060578,26.6187,30.465,33.301,12.4702,16500,0,0,0,5123,0,0,0,0.0,0.0,0.0,0.0
permutation_random,1100,m,reps_no_partition,reps_dfp,reps,,0.6,100000,5,660,30.9792,23.861614393939377,24.1347,28.2976,30.9792,12.4702,16500,0,0,0,5082,0,0,0,0.0,0.0,0.0,0.0
permutation_random,1100,m,reps_minshare10,reps_dfp,reps,-dfp_minimal_share 10,0.6,100000,5,660,28.3568,23.61902818181817,23.8221,27.6318,28.3568,12.4702,16500,0,0,0,5126,0,0,0,0.0,0.0,0.0,0.0
permutation_random,1100,m,reps_partition,reps_dfp,reps,-reps_partition_entropy -reps_escalate_threshold 0.2 -reps_warmup_explore_rtts 0.5 -reps_explore_prob 70,0.6,100000,5,660,28.6541,23.71805287878789,23.989,27.6307,28.6541,12.4702,16500,0,0,0,5106,0,0,0,0.0,0.0,0.0,0.0
permutation_random,1100,m,fpar_tuned,fpar,oblivious,-threshold 20750 -disable_hop_rtt_normalization,0.6,250000,1,660,89.5563,42.31928181818187,38.1133,77.6246,89.5563,24.6597,40920,1691,0,0,17234,1691,0,0,4.132453567937439,0.0,4.132453567937439,0.0
permutation_random,1100,m,reps_uniform_defl,reps_dfp,reps,-dfp_low_uniform,0.6,250000,1,660,52.6978,43.53613121212122,44.0421,51.1638,52.6978,24.6597,40920,0,0,0,13658,0,0,0,0.0,0.0,0.0,0.0
permutation_random,1100,m,reps_no_partition,reps_dfp,reps,,0.6,250000,1,660,51.5467,39.25696696969699,39.635,48.1485,51.5467,24.6597,40920,0,0,0,12445,0,0,0,0.0,0.0,0.0,0.0
permutation_random,1100,m,reps_minshare10,reps_dfp,reps,-dfp_minimal_share 10,0.6,250000,1,660,45.2358,37.91874151515146,38.273,43.9602,45.2358,24.6597,40920,0,0,0,11969,0,0,0,0.0,0.0,0.0,0.0
permutation_random,1100,m,reps_partition,reps_dfp,reps,-reps_partition_entropy -reps_escalate_threshold 0.2 -reps_warmup_explore_rtts 0.5 -reps_explore_prob 70,0.6,250000,1,660,46.5781,38.073289545454564,38.1133,45.6202,46.5781,24.6597,40920,0,0,0,12222,0,0,0,0.0,0.0,0.0,0.0
permutation_random,1100,m,fpar_tuned,fpar,oblivious,-threshold 20750 -disable_hop_rtt_normalization,0.6,250000,2,660,85.341,40.665016818181854,37.647,66.1341,85.341,24.6597,40920,975,0,0,16054,975,0,0,2.3826979472140764,0.0,2.3826979472140764,0.0
permutation_random,1100,m,reps_uniform_defl,reps_dfp,reps,-dfp_low_uniform,0.6,250000,2,660,52.3661,43.511147727272665,43.9941,51.0318,52.3661,24.6597,40920,0,0,0,13592,0,0,0,0.0,0.0,0.0,0.0
permutation_random,1100,m,reps_no_partition,reps_dfp,reps,,0.6,250000,2,660,46.3115,38.9153977272727,39.3242,44.7949,46.3115,24.6597,40920,0,0,0,12322,0,0,0,0.0,0.0,0.0,0.0
permutation_random,1100,m,reps_minshare10,reps_dfp,reps,-dfp_minimal_share 10,0.6,250000,2,660,45.0307,38.01206015151515,38.3406,43.6446,45.0307,24.6597,40920,0,0,0,11945,0,0,0,0.0,0.0,0.0,0.0
permutation_random,1100,m,reps_partition,reps_dfp,reps,-reps_partition_entropy -reps_escalate_threshold 0.2 -reps_warmup_explore_rtts 0.5 -reps_explore_prob 70,0.6,250000,2,660,46.3115,37.529190757575776,37.647,44.393,46.3115,24.6597,40920,0,0,0,12038,0,0,0,0.0,0.0,0.0,0.0
permutation_random,1100,m,fpar_tuned,fpar,oblivious,-threshold 20750 -disable_hop_rtt_normalization,0.6,250000,3,660,75.1203,42.213363333333355,39.1338,71.7806,75.1203,24.716,40920,1444,0,0,16990,1444,0,0,3.5288367546432062,0.0,3.5288367546432062,0.0
permutation_random,1100,m,reps_uniform_defl,reps_dfp,reps,-dfp_low_uniform,0.6,250000,3,660,54.3205,44.14531196969698,44.3291,52.784,54.3205,24.9354,40920,0,0,0,13956,0,0,0,0.0,0.0,0.0,0.0
permutation_random,1100,m,reps_no_partition,reps_dfp,reps,,0.6,250000,3,660,46.279,39.61217090909091,40.0302,44.9795,46.279,24.9866,40920,0,0,0,12659,0,0,0,0.0,0.0,0.0,0.0
permutation_random,1100,m,reps_minshare10,reps_dfp,reps,-dfp_minimal_share 10,0.6,250000,3,660,46.5678,38.88640318181819,38.9136,45.2278,46.5678,24.9547,40920,0,0,0,12164,0,0,0,0.0,0.0,0.0,0.0
permutation_random,1100,m,reps_partition,reps_dfp,reps,-reps_partition_entropy -reps_escalate_threshold 0.2 -reps_warmup_explore_rtts 0.5 -reps_explore_prob 70,0.6,250000,3,660,44.8976,38.58776863636361,38.9096,43.6549,44.8976,24.9598,40920,0,0,0,12303,0,0,0,0.0,0.0,0.0,0.0
permutation_random,1100,m,fpar_tuned,fpar,oblivious,-threshold 20750 -disable_hop_rtt_normalization,0.6,250000,4,660,73.6878,41.3086540909091,37.356,71.7502,73.6878,24.6904,40920,1282,0,0,16548,1282,0,0,3.1329423264907135,0.0,3.1329423264907135,0.0
permutation_random,1100,m,reps_uniform_defl,reps_dfp,reps,-dfp_low_uniform,0.6,250000,4,660,53.644,44.696792424242425,44.9675,52.8254,53.644,24.9467,40920,0,0,0,14115,0,0,0,0.0,0.0,0.0,0.0
permutation_random,1100,m,reps_no_partition,reps_dfp,reps,,0.6,250000,4,660,48.3507,40.122703030303015,40.3758,47.3814,48.3507,24.6802,40920,0,0,0,12745,0,0,0,0.0,0.0,0.0,0.0
permutation_random,1100,m,reps_minshare10,reps_dfp,reps,-dfp_minimal_share 10,0.6,250000,4,660,47.411,38.95848227272729,38.979,44.9909,47.411,24.6802,40920,0,0,0,12244,0,0,0,0.0,0.0,0.0,0.0
permutation_random,1100,m,reps_partition,reps_dfp,reps,-reps_partition_entropy -reps_escalate_threshold 0.2 -reps_warmup_explore_rtts 0.5 -reps_explore_prob 70,0.6,250000,4,660,49.2107,38.565789696969695,38.5856,47.2147,49.2107,24.6802,40920,0,0,0,12317,0,0,0,0.0,0.0,0.0,0.0
permutation_random,1100,m,fpar_tuned,fpar,oblivious,-threshold 20750 -disable_hop_rtt_normalization,0.6,250000,5,660,76.0107,42.24521666666669,37.92,72.8918,76.0107,24.961,40920,1737,0,0,17089,1737,0,0,4.244868035190616,0.0,4.244868035190616,0.0
permutation_random,1100,m,reps_uniform_defl,reps_dfp,reps,-dfp_low_uniform,0.6,250000,5,660,53.4173,44.01043939393941,44.4435,51.3979,53.4173,24.6853,40920,0,0,0,13867,0,0,0,0.0,0.0,0.0,0.0
permutation_random,1100,m,reps_no_partition,reps_dfp,reps,,0.6,250000,5,660,46.245,39.3994390909091,39.9147,45.2008,46.245,24.7006,40920,0,0,0,12563,0,0,0,0.0,0.0,0.0,0.0
permutation_random,1100,m,reps_minshare10,reps_dfp,reps,-dfp_minimal_share 10,0.6,250000,5,660,47.4418,38.74416106060609,38.692,46.3002,47.4418,24.9405,40920,0,0,0,12060,0,0,0,0.0,0.0,0.0,0.0
permutation_random,1100,m,reps_partition,reps_dfp,reps,-reps_partition_entropy -reps_escalate_threshold 0.2 -reps_warmup_explore_rtts 0.5 -reps_explore_prob 70,0.6,250000,5,660,46.311,37.711622727272754,37.9278,44.3178,46.311,24.9445,40920,0,0,0,12135,0,0,0,0.0,0.0,0.0,0.0
permutation_random,1100,m,fpar_tuned,fpar,oblivious,-threshold 20750 -disable_hop_rtt_normalization,0.6,500000,1,660,176.099,72.24236000000003,63.3566,154.584,176.099,44.972,81180,3378,0,0,40630,3378,0,0,4.161123429416112,0.0,4.161123429416112,0.0
permutation_random,1100,m,reps_uniform_defl,reps_dfp,reps,-dfp_low_uniform,0.6,500000,1,660,87.9549,70.45269499999998,70.8723,82.9965,87.9549,44.972,81180,6,0,0,30255,6,0,0,0.007390983000739098,0.0,0.007390983000739098,0.0
permutation_random,1100,m,reps_no_partition,reps_dfp,reps,,0.6,500000,1,660,72.1216,62.77761181818186,63.5363,70.3731,72.1216,44.972,81180,1,0,0,28493,1,0,0,0.001231830500123183,0.0,0.001231830500123183,0.0
permutation_random,1100,m,reps_minshare10,reps_dfp,reps,-dfp_minimal_share 10,0.6,500000,1,660,71.504,61.41444378787876,61.841,70.1421,71.504,44.972,81180,0,0,0,26749,0,0,0,0.0,0.0,0.0,0.0
permutation_random,1100,m,reps_partition,reps_dfp,reps,-reps_partition_entropy -reps_escalate_threshold 0.2 -reps_warmup_explore_rtts 0.5 -reps_explore_prob 70,0.6,500000,1,660,71.133,60.12372606060613,60.7355,69.137,71.133,44.972,81180,0,0,0,25952,0,0,0,0.0,0.0,0.0,0.0
permutation_random,1100,m,fpar_tuned,fpar,oblivious,-threshold 20750 -disable_hop_rtt_normalization,0.6,500000,2,660,163.171,68.53857969696976,62.1456,123.652,163.171,44.972,81180,2408,0,0,38152,2408,0,0,2.9662478442966247,0.0,2.9662478442966247,0.0
permutation_random,1100,m,reps_uniform_defl,reps_dfp,reps,-dfp_low_uniform,0.6,500000,2,660,84.251,70.30541909090911,71.1787,80.931,84.251,44.972,81180,0,0,0,30752,0,0,0,0.0,0.0,0.0,0.0
permutation_random,1100,m,reps_no_partition,reps_dfp,reps,,0.6,500000,2,660,72.1318,62.67603666666662,63.4659,70.1363,72.1318,44.972,81180,0,0,0,28102,0,0,0,0.0,0.0,0.0,0.0
permutation_random,1100,m,reps_minshare10,reps_dfp,reps,-dfp_minimal_share 10,0.6,500000,2,660,70.1256,61.337667575757585,62.0059,68.8016,70.1256,44.972,81180,0,0,0,26770,0,0,0,0.0,0.0,0.0,0.0
permutation_random,1100,m,reps_partition,reps_dfp,reps,-reps_partition_entropy -reps_escalate_threshold 0.2 -reps_warmup_explore_rtts 0.5 -reps_explore_prob 70,0.6,500000,2,660,69.8038,60.22413833333329,60.5203,67.9043,69.8038,44.972,81180,0,0,0,25852,0,0,0,0.0,0.0,0.0,0.0
permutation_random,1100,m,fpar_tuned,fpar,oblivious,-threshold 20750 -disable_hop_rtt_normalization,0.6,500000,3,660,142.107,71.61230515151512,64.607,136.071,142.107,45.5808,81180,3193,0,0,40382,3193,0,0,3.9332347868933235,0.0,3.9332347868933235,0.0
permutation_random,1100,m,reps_uniform_defl,reps_dfp,reps,-dfp_low_uniform,0.6,500000,3,660,88.455,71.89992606060608,72.1242,86.2589,88.455,45.2762,81180,0,0,0,31486,0,0,0,0.0,0.0,0.0,0.0
permutation_random,1100,m,reps_no_partition,reps_dfp,reps,,0.6,500000,3,660,73.0109,63.86656681818178,64.4981,71.1238,73.0109,45.2534,81180,2,0,0,29377,2,0,0,0.002463661000246366,0.0,0.002463661000246366,0.0
permutation_random,1100,m,reps_minshare10,reps_dfp,reps,-dfp_minimal_share 10,0.6,500000,3,660,71.3624,62.48301666666663,63.0059,69.9475,71.3624,45.3768,81180,0,0,0,27563,0,0,0,0.0,0.0,0.0,0.0
permutation_random,1100,m,reps_partition,reps_dfp,reps,-reps_partition_entropy -reps_escalate_threshold 0.2 -reps_warmup_explore_rtts 0.5 -reps_explore_prob 70,0.6,500000,3,660,71.9318,61.204086060606116,61.1989,69.2886,71.9318,45.304,81180,4,0,0,26800,4,0,0,0.004927322000492732,0.0,0.004927322000492732,0.0
permutation_random,1100,m,fpar_tuned,fpar,oblivious,-threshold 20750 -disable_hop_rtt_normalization,0.6,500000,4,660,147.023,70.34982803030302,62.9402,137.697,147.023,45.0846,81180,2971,0,0,38845,2971,0,0,3.659768415865977,0.0,3.659768415865977,0.0
permutation_random,1100,m,reps_uniform_defl,reps_dfp,reps,-dfp_low_uniform,0.6,500000,4,660,87.1387,72.78121378787878,73.4259,84.5552,87.1387,45.0488,81180,1,0,0,32191,1,0,0,0.001231830500123183,0.0,0.001231830500123183,0.0
permutation_random,1100,m,reps_no_partition,reps_dfp,reps,,0.6,500000,4,660,77.117,64.76842590909096,65.1912,74.7747,77.117,45.1874,81180,3,0,0,29462,3,0,0,0.003695491500369549,0.0,0.003695491500369549,0.0
permutation_random,1100,m,reps_minshare10,reps_dfp,reps,-dfp_minimal_share 10,0.6,500000,4,660,76.959,62.8917915151515,63.2016,74.6299,76.959,45.0949,81180,13,0,0,27906,13,0,0,0.01601379650160138,0.0,0.01601379650160138,0.0
permutation_random,1100,m,reps_partition,reps_dfp,reps,-reps_partition_entropy -reps_escalate_threshold 0.2 -reps_warmup_explore_rtts 0.5 -reps_explore_prob 70,0.6,500000,4,660,74.7918,61.056775151515126,60.9565,71.4906,74.7918,45.2392,81180,6,0,0,26604,6,0,0,0.007390983000739098,0.0,0.007390983000739098,0.0
permutation_random,1100,m,fpar_tuned,fpar,oblivious,-threshold 20750 -disable_hop_rtt_normalization,0.6,500000,5,660,151.671,71.81930787878792,62.7947,137.216,151.671,45.1176,81180,3510,0,0,39977,3510,0,0,4.323725055432372,0.0,4.323725055432372,0.0
permutation_random,1100,m,reps_uniform_defl,reps_dfp,reps,-dfp_low_uniform,0.6,500000,5,660,85.0352,71.56006409090917,72.2496,82.4512,85.0352,45.0846,81180,3,0,0,31531,3,0,0,0.003695491500369549,0.0,0.003695491500369549,0.0
permutation_random,1100,m,reps_no_partition,reps_dfp,reps,,0.6,500000,5,660,75.2456,64.1173890909091,64.8096,74.0354,75.2456,45.1976,81180,4,0,0,29213,4,0,0,0.004927322000492732,0.0,0.004927322000492732,0.0
permutation_random,1100,m,reps_minshare10,reps_dfp,reps,-dfp_minimal_share 10,0.6,500000,5,660,73.5824,62.311729696969664,62.3262,72.8658,73.5824,45.2067,81180,13,0,0,27248,13,0,0,0.01601379650160138,0.0,0.01601379650160138,0.0
permutation_random,1100,m,reps_partition,reps_dfp,reps,-reps_partition_entropy -reps_escalate_threshold 0.2 -reps_warmup_explore_rtts 0.5 -reps_explore_prob 70,0.6,500000,5,660,70.8115,60.08619484848488,60.359,67.3888,70.8115,45.2027,81180,0,0,0,26137,0,0,0,0.0,0.0,0.0,0.0
permutation_random,1100,m,fpar_tuned,fpar,oblivious,-threshold 20750 -disable_hop_rtt_normalization,0.6,2000000,1,660,693.981,253.76645151515152,198.208,638.724,693.981,166.851,323400,4321,0,0,182055,4321,0,0,1.3361162646876932,0.0,1.3361162646876932,0.0
permutation_random,1100,m,reps_uniform_defl,reps_dfp,reps,-dfp_low_uniform,0.6,2000000,1,660,296.023,225.78241666666673,227.465,258.805,296.023,166.851,323400,32,0,0,132964,32,0,0,0.009894867037724181,0.0,0.009894867037724181,0.0
permutation_random,1100,m,reps_no_partition,reps_dfp,reps,,0.6,2000000,1,660,222.51,200.76794545454564,203.256,218.01,222.51,166.851,323400,43,0,0,123924,43,0,0,0.013296227581941867,0.0,0.013296227581941867,0.0
permutation_random,1100,m,reps_minshare10,reps_dfp,reps,-dfp_minimal_share 10,0.6,2000000,1,660,215.476,195.18972272727254,196.596,211.568,215.476,166.851,323400,4,0,0,115674,4,0,0,0.0012368583797155227,0.0,0.0012368583797155227,0.0
permutation_random,1100,m,reps_partition,reps_dfp,reps,-reps_partition_entropy -reps_escalate_threshold 0.2 -reps_warmup_explore_rtts 0.5 -reps_explore_prob 70,0.6,2000000,1,660,224.143,193.34376666666665,194.078,211.604,224.143,166.851,323400,34,0,0,113321,34,0,0,0.010513296227581941,0.0,0.010513296227581941,0.0
permutation_random,1100,m,fpar_tuned,fpar,oblivious,-threshold 20750 -disable_hop_rtt_normalization,0.6,2000000,2,660,655.039,237.45899393939382,197.646,492.503,655.039,166.851,323400,3647,0,0,176386,3647,0,0,1.1277056277056277,0.0,1.1277056277056277,0.0
permutation_random,1100,m,reps_uniform_defl,reps_dfp,reps,-dfp_low_uniform,0.6,2000000,2,660,266.008,226.68470757575759,229.134,255.436,266.008,166.851,323400,5,0,0,135077,5,0,0,0.0015460729746444033,0.0,0.0015460729746444033,0.0
permutation_random,1100,m,reps_no_partition,reps_dfp,reps,,0.6,2000000,2,660,217.376,200.74161515151496,203.306,213.444,217.376,166.851,323400,3,0,0,123221,3,0,0,0.0009276437847866419,0.0,0.0009276437847866419,0.0
permutation_random,1100,m,reps_minshare10,reps_dfp,reps,-dfp_minimal_share 10,0.6,2000000,2,660,211.554,195.35870757575756,196.888,210.13,211.554,166.851,323400,3,0,0,116204,3,0,0,0.0009276437847866419,0.0,0.0009276437847866419,0.0
permutation_random,1100,m,reps_partition,reps_dfp,reps,-reps_partition_entropy -reps_escalate_threshold 0.2 -reps_warmup_explore_rtts 0.5 -reps_explore_prob 70,0.6,2000000,2,660,215.626,193.91221060606054,194.805,211.271,215.626,166.851,323400,3,0,0,114599,3,0,0,0.0009276437847866419,0.0,0.0009276437847866419,0.0
permutation_random,1100,m,fpar_tuned,fpar,oblivious,-threshold 20750 -disable_hop_rtt_normalization,0.6,2000000,3,660,539.923,248.93793636363628,200.752,514.823,539.923,168.222,323400,4104,0,0,183389,4104,0,0,1.269016697588126,0.0,1.269016697588126,0.0
permutation_random,1100,m,reps_uniform_defl,reps_dfp,reps,-dfp_low_uniform,0.6,2000000,3,660,295.907,230.8314666666668,232.028,262.869,295.907,167.898,323400,23,0,0,139945,23,0,0,0.007111935683364255,0.0,0.007111935683364255,0.0
permutation_random,1100,m,reps_no_partition,reps_dfp,reps,,0.6,2000000,3,660,223.383,204.01303484848495,205.941,220.66,223.383,167.743,323400,46,0,0,129152,46,0,0,0.01422387136672851,0.0,0.01422387136672851,0.0
permutation_random,1100,m,reps_minshare10,reps_dfp,reps,-dfp_minimal_share 10,0.6,2000000,3,660,214.256,198.10568181818198,199.783,213.0,214.256,167.621,323400,0,0,0,120395,0,0,0,0.0,0.0,0.0,0.0
permutation_random,1100,m,reps_partition,reps_dfp,reps,-reps_partition_entropy -reps_escalate_threshold 0.2 -reps_warmup_explore_rtts 0.5 -reps_explore_prob 70,0.6,2000000,3,660,222.148,197.74341666666652,199.02,213.926,222.148,167.74,323400,125,0,0,118962,125,0,0,0.03865182436611008,0.0,0.03865182436611008,0.0
permutation_random,1100,m,fpar_tuned,fpar,oblivious,-threshold 20750 -disable_hop_rtt_normalization,0.6,2000000,4,660,674.754,245.53307424242396,199.426,526.275,674.754,167.693,323400,3780,0,0,180245,3780,0,0,1.1688311688311688,0.0,1.1688311688311688,0.0
permutation_random,1100,m,reps_uniform_defl,reps_dfp,reps,-dfp_low_uniform,0.6,2000000,4,660,309.572,231.58265000000014,233.023,269.136,309.572,167.672,323400,23,0,0,142020,23,0,0,0.007111935683364255,0.0,0.007111935683364255,0.0
permutation_random,1100,m,reps_no_partition,reps_dfp,reps,,0.6,2000000,4,660,228.021,204.66095303030306,206.168,223.094,228.021,167.64,323400,86,0,0,128977,86,0,0,0.026592455163883734,0.0,0.026592455163883734,0.0
permutation_random,1100,m,reps_minshare10,reps_dfp,reps,-dfp_minimal_share 10,0.6,2000000,4,660,225.149,197.9414939393939,198.406,217.013,225.149,167.734,323400,34,0,0,120674,34,0,0,0.010513296227581941,0.0,0.010513296227581941,0.0
permutation_random,1100,m,reps_partition,reps_dfp,reps,-reps_partition_entropy -reps_escalate_threshold 0.2 -reps_warmup_explore_rtts 0.5 -reps_explore_prob 70,0.6,2000000,4,660,228.034,197.29395151515146,197.101,220.859,228.034,167.614,323400,33,0,0,120007,33,0,0,0.01020408163265306,0.0,0.01020408163265306,0.0
permutation_random,1100,m,fpar_tuned,fpar,oblivious,-threshold 20750 -disable_hop_rtt_normalization,0.6,2000000,5,660,633.11,252.7118454545455,198.319,549.325,633.11,167.901,323400,4450,0,0,182080,4450,0,0,1.3760049474335188,0.0,1.3760049474335188,0.0
permutation_random,1100,m,reps_uniform_defl,reps_dfp,reps,-dfp_low_uniform,0.6,2000000,5,660,317.614,228.6385969696973,231.665,255.512,317.614,167.71,323400,7,0,0,139705,7,0,0,0.0021645021645021645,0.0,0.0021645021645021645,0.0
permutation_random,1100,m,reps_no_partition,reps_dfp,reps,,0.6,2000000,5,660,223.43,201.6902378787878,204.138,218.284,223.43,167.801,323400,26,0,0,126591,26,0,0,0.008039579468150896,0.0,0.008039579468150896,0.0
permutation_random,1100,m,reps_minshare10,reps_dfp,reps,-dfp_minimal_share 10,0.6,2000000,5,660,213.104,196.5305000000002,198.025,210.44,213.104,167.78,323400,58,0,0,117997,58,0,0,0.017934446505875078,0.0,0.017934446505875078,0.0
permutation_random,1100,m,reps_partition,reps_dfp,reps,-reps_partition_entropy -reps_escalate_threshold 0.2 -reps_warmup_explore_rtts 0.5 -reps_explore_prob 70,0.6,2000000,5,660,217.986,194.90821666666685,195.907,210.972,217.986,167.941,323400,19,0,0,117351,19,0,0,0.005875077303648732,0.0,0.005875077303648732,0.0
permutation_random,1100,m,fpar_tuned,fpar,oblivious,-threshold 20750 -disable_hop_rtt_normalization,0.6,5000000,1,660,1700.47,615.5778151515148,475.953,1538.66,1700.47,410.609,807840,4791,0,0,472578,4791,0,0,0.5930629827688652,0.0,0.5930629827688652,0.0
permutation_random,1100,m,reps_uniform_defl,reps_dfp,reps,-dfp_low_uniform,0.6,5000000,1,660,882.25,537.9603257575754,540.332,634.103,882.25,410.609,807840,51,0,0,332578,51,0,0,0.006313131313131313,0.0,0.006313131313131313,0.0
permutation_random,1100,m,reps_no_partition,reps_dfp,reps,,0.6,5000000,1,660,549.353,476.6035378787874,480.816,525.016,549.353,410.609,807840,213,0,0,312499,213,0,0,0.02636660724896019,0.0,0.02636660724896019,0.0
permutation_random,1100,m,reps_minshare10,reps_dfp,reps,-dfp_minimal_share 10,0.6,5000000,1,660,513.839,462.41595000000007,464.557,504.334,513.839,410.609,807840,29,0,0,291895,29,0,0,0.0035898197662903547,0.0,0.0035898197662903547,0.0
permutation_random,1100,m,reps_partition,reps_dfp,reps,-reps_partition_entropy -reps_escalate_threshold 0.2 -reps_warmup_explore_rtts 0.5 -reps_explore_prob 70,0.6,5000000,1,660,759.884,472.74447121212097,474.299,560.793,759.884,410.609,807840,531,0,0,307506,531,0,0,0.06573083778966132,0.0,0.06573083778966132,0.0
permutation_random,1100,m,fpar_tuned,fpar,oblivious,-threshold 20750 -disable_hop_rtt_normalization,0.6,5000000,2,660,1633.14,576.9216303030305,473.996,1213.34,1633.14,410.609,807840,4042,0,0,460985,4042,0,0,0.5003466032877798,0.0,0.5003466032877798,0.0
permutation_random,1100,m,reps_uniform_defl,reps_dfp,reps,-dfp_low_uniform,0.6,5000000,2,660,730.275,539.7047651515155,543.426,639.556,730.275,410.609,807840,5,0,0,339929,5,0,0,0.0006189344424638542,0.0,0.0006189344424638542,0.0
permutation_random,1100,m,reps_no_partition,reps_dfp,reps,,0.6,5000000,2,660,548.674,476.7947999999996,482.422,507.382,548.674,410.609,807840,47,0,0,312513,47,0,0,0.00581798375916023,0.0,0.00581798375916023,0.0
permutation_random,1100,m,reps_minshare10,reps_dfp,reps,-dfp_minimal_share 10,0.6,5000000,2,660,503.017,463.63304090909105,466.185,497.862,503.017,410.609,807840,22,0,0,293851,22,0,0,0.0027233115468409588,0.0,0.0027233115468409588,0.0
permutation_random,1100,m,reps_partition,reps_dfp,reps,-reps_partition_entropy -reps_escalate_threshold 0.2 -reps_warmup_explore_rtts 0.5 -reps_explore_prob 70,0.6,5000000,2,660,582.729,473.0626045454539,476.205,540.357,582.729,410.609,807840,225,0,0,311564,225,0,0,0.02785204991087344,0.0,0.02785204991087344,0.0
permutation_random,1100,m,fpar_tuned,fpar,oblivious,-threshold 20750 -disable_hop_rtt_normalization,0.6,5000000,3,660,1348.15,606.4524893939392,479.704,1264.99,1348.15,413.666,807840,4405,0,0,479962,4405,0,0,0.5452812438106556,0.0,0.5452812438106556,0.0
permutation_random,1100,m,reps_uniform_defl,reps_dfp,reps,-dfp_low_uniform,0.6,5000000,3,660,856.84,548.9543348484841,549.72,653.902,856.84,412.772,807840,37,0,0,349451,37,0,0,0.004580114874232521,0.0,0.004580114874232521,0.0
permutation_random,1100,m,reps_no_partition,reps_dfp,reps,,0.6,5000000,3,660,538.15,483.3582106060617,487.851,524.308,538.15,412.959,807840,139,0,0,325678,139,0,0,0.017206377500495147,0.0,0.017206377500495147,0.0
permutation_random,1100,m,reps_minshare10,reps_dfp,reps,-dfp_minimal_share 10,0.6,5000000,3,660,517.173,468.95819999999975,471.815,507.103,517.173,412.861,807840,25,0,0,303576,25,0,0,0.0030946722123192712,0.0,0.0030946722123192712,0.0
permutation_random,1100,m,reps_partition,reps_dfp,reps,-reps_partition_entropy -reps_escalate_threshold 0.2 -reps_warmup_explore_rtts 0.5 -reps_explore_prob 70,0.6,5000000,3,660,640.425,481.5035696969699,481.843,594.494,640.425,412.821,807840,474,0,0,321352,474,0,0,0.05867498514557338,0.0,0.05867498514557338,0.0
permutation_random,1100,m,fpar_tuned,fpar,oblivious,-threshold 20750 -disable_hop_rtt_normalization,0.6,5000000,4,660,1699.35,598.4610515151513,481.186,1302.65,1699.35,412.641,807840,4192,0,0,472888,4192,0,0,0.5189146365616953,0.0,0.5189146365616953,0.0
permutation_random,1100,m,reps_uniform_defl,reps_dfp,reps,-dfp_low_uniform,0.6,5000000,4,660,778.765,550.7881439393935,551.951,675.093,778.765,412.63,807840,45,0,0,353729,45,0,0,0.005570409982174688,0.0,0.005570409982174688,0.0
permutation_random,1100,m,reps_no_partition,reps_dfp,reps,,0.6,5000000,4,660,563.82,484.47225303030274,486.097,541.004,563.82,412.825,807840,177,0,0,325541,177,0,0,0.02191027926322044,0.0,0.02191027926322044,0.0
permutation_random,1100,m,reps_minshare10,reps_dfp,reps,-dfp_minimal_share 10,0.6,5000000,4,660,538.501,468.99383030303034,468.864,514.178,538.501,412.896,807840,144,0,0,303816,144,0,0,0.017825311942959002,0.0,0.017825311942959002,0.0
permutation_random,1100,m,reps_partition,reps_dfp,reps,-reps_partition_entropy -reps_escalate_threshold 0.2 -reps_warmup_explore_rtts 0.5 -reps_explore_prob 70,0.6,5000000,4,660,660.074,481.9552712121215,480.991,588.16,660.074,412.958,807840,303,0,0,325152,303,0,0,0.03750742721330957,0.0,0.03750742721330957,0.0
permutation_random,1100,m,fpar_tuned,fpar,oblivious,-threshold 20750 -disable_hop_rtt_normalization,0.6,5000000,5,660,1610.66,614.2617606060595,477.126,1401.39,1610.66,413.062,807840,4830,0,0,475059,4830,0,0,0.5978906714200832,0.0,0.5978906714200832,0.0
permutation_random,1100,m,reps_uniform_defl,reps_dfp,reps,-dfp_low_uniform,0.6,5000000,5,660,799.081,543.9430424242423,547.499,633.113,799.081,412.822,807840,21,0,0,348809,21,0,0,0.002599524658348188,0.0,0.002599524658348188,0.0
permutation_random,1100,m,reps_no_partition,reps_dfp,reps,,0.6,5000000,5,660,548.334,478.4569333333333,482.921,518.692,548.334,413.01,807840,50,0,0,319443,50,0,0,0.0061893444246385425,0.0,0.0061893444246385425,0.0
permutation_random,1100,m,reps_minshare10,reps_dfp,reps,-dfp_minimal_share 10,0.6,5000000,5,660,525.022,465.6505424242418,468.549,502.929,525.022,413.142,807840,57,0,0,298914,57,0,0,0.007055852644087938,0.0,0.007055852644087938,0.0
permutation_random,1100,m,reps_partition,reps_dfp,reps,-reps_partition_entropy -reps_escalate_threshold 0.2 -reps_warmup_explore_rtts 0.5 -reps_explore_prob 70,0.6,5000000,5,660,691.28,476.13893484848484,477.22,562.916,691.28,413.099,807840,374,0,0,318824,374,0,0,0.046296296296296294,0.0,0.046296296296296294,0.0
permutation_random,1100,m,fpar_tuned,fpar,oblivious,-threshold 20750 -disable_hop_rtt_normalization,0.6,10000000,1,660,3407.02,1220.0509257575757,933.784,3091.1,3407.02,816.876,1615680,5273,0,0,958483,5273,0,0,0.3263641315111903,0.0,0.3263641315111903,0.0
permutation_random,1100,m,reps_uniform_defl,reps_dfp,reps,-dfp_low_uniform,0.6,10000000,1,660,1649.45,1057.9095439393934,1062.5,1254.8,1649.45,816.876,1615680,83,0,0,665019,83,0,0,0.00513715587244999,0.0,0.00513715587244999,0.0
permutation_random,1100,m,reps_no_partition,reps_dfp,reps,,0.6,10000000,1,660,1123.39,934.8917212121212,940.883,1047.91,1123.39,816.876,1615680,513,0,0,623499,513,0,0,0.031751336898395724,0.0,0.031751336898395724,0.0
permutation_random,1100,m,reps_minshare10,reps_dfp,reps,-dfp_minimal_share 10,0.6,10000000,1,660,1010.91,907.9634227272725,911.487,992.057,1010.91,816.876,1615680,23,0,0,585555,23,0,0,0.0014235492176668646,0.0,0.0014235492176668646,0.0
permutation_random,1100,m,reps_partition,reps_dfp,reps,-reps_partition_entropy -reps_escalate_threshold 0.2 -reps_warmup_explore_rtts 0.5 -reps_explore_prob 70,0.6,10000000,1,660,1484.72,941.7290424242412,939.21,1194.67,1484.72,816.876,1615680,1263,0,0,629447,1263,0,0,0.07817142008318478,0.0,0.07817142008318478,0.0
permutation_random,1100,m,fpar_tuned,fpar,oblivious,-threshold 20750 -disable_hop_rtt_normalization,0.6,10000000,2,660,3292.5,1143.9901787878791,937.993,2433.72,3292.5,816.876,1615680,4750,0,0,936614,4750,0,0,0.29399386017033075,0.0,0.29399386017033075,0.0
permutation_random,1100,m,reps_uniform_defl,reps_dfp,reps,-dfp_low_uniform,0.6,10000000,2,660,1374.52,1062.2059893939388,1071.66,1264.96,1374.52,816.876,1615680,11,0,0,679731,11,0,0,0.0006808278867102397,0.0,0.0006808278867102397,0.0
permutation_random,1100,m,reps_no_partition,reps_dfp,reps,,0.6,10000000,2,660,1134.66,935.9265621212118,945.04,995.076,1134.66,816.876,1615680,117,0,0,625860,117,0,0,0.007241532976827094,0.0,0.007241532976827094,0.0
permutation_random,1100,m,reps_minshare10,reps_dfp,reps,-dfp_minimal_share 10,0.6,10000000,2,660,992.408,910.3377242424224,914.584,979.508,992.408,816.876,1615680,30,0,0,589845,30,0,0,0.0018568033273915626,0.0,0.0018568033273915626,0.0
permutation_random,1100,m,reps_partition,reps_dfp,reps,-reps_partition_entropy -reps_escalate_threshold 0.2 -reps_warmup_explore_rtts 0.5 -reps_explore_prob 70,0.6,10000000,2,660,1207.3,942.3422045454548,942.505,1119.68,1207.3,816.876,1615680,395,0,0,640700,395,0,0,0.02444791047732224,0.0,0.02444791047732224,0.0
permutation_random,1100,m,fpar_tuned,fpar,oblivious,-threshold 20750 -disable_hop_rtt_normalization,0.6,10000000,3,660,2684.92,1197.7456803030302,949.854,2512.67,2684.92,822.769,1615680,4919,0,0,969508,4919,0,0,0.3044538522479699,0.0,0.3044538522479699,0.0
permutation_random,1100,m,reps_uniform_defl,reps_dfp,reps,-dfp_low_uniform,0.6,10000000,3,660,1556.46,1078.8257696969692,1079.65,1298.52,1556.46,821.278,1615680,45,0,0,696620,45,0,0,0.002785204991087344,0.0,0.002785204991087344,0.0
permutation_random,1100,m,reps_no_partition,reps_dfp,reps,,0.6,10000000,3,660,1115.66,949.4470015151518,956.764,1040.33,1115.66,821.242,1615680,300,0,0,651251,300,0,0,0.018568033273915627,0.0,0.018568033273915627,0.0
permutation_random,1100,m,reps_minshare10,reps_dfp,reps,-dfp_minimal_share 10,0.6,10000000,3,660,1081.25,921.3950242424241,925.45,1000.86,1081.25,821.044,1615680,52,0,0,607769,52,0,0,0.0032184591008120418,0.0,0.0032184591008120418,0.0
permutation_random,1100,m,reps_partition,reps_dfp,reps,-reps_partition_entropy -reps_escalate_threshold 0.2 -reps_warmup_explore_rtts 0.5 -reps_explore_prob 70,0.6,10000000,3,660,1284.93,959.2899833333329,955.724,1188.7,1284.93,821.584,1615680,1108,0,0,658562,1108,0,0,0.06857793622499504,0.0,0.06857793622499504,0.0
permutation_random,1100,m,fpar_tuned,fpar,oblivious,-threshold 20750 -disable_hop_rtt_normalization,0.6,10000000,4,660,3192.22,1184.827606060607,942.561,2638.79,3192.22,821.0,1615680,4783,0,0,960321,4783,0,0,0.29603634383046146,0.0,0.29603634383046146,0.0
permutation_random,1100,m,reps_uniform_defl,reps_dfp,reps,-dfp_low_uniform,0.6,10000000,4,660,1487.92,1083.3588151515153,1081.75,1353.49,1487.92,820.772,1615680,49,0,0,701651,49,0,0,0.0030327787680728855,0.0,0.0030327787680728855,0.0
permutation_random,1100,m,reps_no_partition,reps_dfp,reps,,0.6,10000000,4,660,1181.12,950.9696803030303,951.512,1078.27,1181.12,821.492,1615680,363,0,0,650501,363,0,0,0.02246732026143791,0.0,0.02246732026143791,0.0
permutation_random,1100,m,reps_minshare10,reps_dfp,reps,-dfp_minimal_share 10,0.6,10000000,4,660,1059.22,920.8464424242422,919.75,1016.19,1059.22,821.351,1615680,283,0,0,608083,283,0,0,0.017515844721727073,0.0,0.017515844721727073,0.0
permutation_random,1100,m,reps_partition,reps_dfp,reps,-reps_partition_entropy -reps_escalate_threshold 0.2 -reps_warmup_explore_rtts 0.5 -reps_explore_prob 70,0.6,10000000,4,660,1409.39,959.750042424244,952.813,1175.17,1409.39,821.32,1615680,738,0,0,662320,738,0,0,0.04567736185383244,0.0,0.04567736185383244,0.0
permutation_random,1100,m,fpar_tuned,fpar,oblivious,-threshold 20750 -disable_hop_rtt_normalization,0.6,10000000,5,660,3204.55,1213.9088257575759,939.206,2825.08,3204.55,822.091,1615680,5356,0,0,958667,5356,0,0,0.3315012873836403,0.0,0.3315012873836403,0.0
permutation_random,1100,m,reps_uniform_defl,reps_dfp,reps,-dfp_low_uniform,0.6,10000000,5,660,1519.86,1070.3243075757575,1077.99,1263.78,1519.86,821.059,1615680,38,0,0,695339,38,0,0,0.0023519508813626463,0.0,0.0023519508813626463,0.0
permutation_random,1100,m,reps_no_partition,reps_dfp,reps,,0.6,10000000,5,660,1083.91,939.3691363636369,947.199,1031.27,1083.91,821.958,1615680,137,0,0,638624,137,0,0,0.008479401861754802,0.0,0.008479401861754802,0.0
permutation_random,1100,m,reps_minshare10,reps_dfp,reps,-dfp_minimal_share 10,0.6,10000000,5,660,1080.12,914.3094696969684,919.523,993.553,1080.12,821.441,1615680,92,0,0,600190,92,0,0,0.005694196870667459,0.0,0.005694196870667459,0.0
permutation_random,1100,m,reps_partition,reps_dfp,reps,-reps_partition_entropy -reps_escalate_threshold 0.2 -reps_warmup_explore_rtts 0.5 -reps_explore_prob 70,0.6,10000000,5,660,1312.21,947.872378787879,945.962,1146.13,1312.21,821.818,1615680,788,0,0,652026,788,0,0,0.048772034066151715,0.0,0.048772034066151715,0.0
permutation_random,1100,m,fpar_tuned,fpar,oblivious,-threshold 20750 -disable_hop_rtt_normalization,0.7,100000,1,770,43.2989,24.402341168831196,22.977,39.3934,43.2989,12.4702,19250,35,0,0,6684,35,0,0,0.18181818181818182,0.0,0.18181818181818182,0.0
permutation_random,1100,m,reps_uniform_defl,reps_dfp,reps,-dfp_low_uniform,0.7,100000,1,770,34.8237,26.93748974025974,27.3016,33.3322,34.8237,12.4702,19250,0,0,0,6009,0,0,0,0.0,0.0,0.0,0.0
permutation_random,1100,m,reps_no_partition,reps_dfp,reps,,0.7,100000,1,770,29.961,24.59851311688311,24.9776,29.2787,29.961,12.4702,19250,0,0,0,6004,0,0,0,0.0,0.0,0.0,0.0
permutation_random,1100,m,reps_minshare10,reps_dfp,reps,-dfp_minimal_share 10,0.7,100000,1,770,31.7776,24.287504025974037,24.6336,28.6541,31.7776,12.4702,19250,0,0,0,5990,0,0,0,0.0,0.0,0.0,0.0
permutation_random,1100,m,reps_partition,reps_dfp,reps,-reps_partition_entropy -reps_escalate_threshold 0.2 -reps_warmup_explore_rtts 0.5 -reps_explore_prob 70,0.7,100000,1,770,31.0082,24.624919610389604,24.9696,30.007,31.0082,12.4702,19250,0,0,0,6020,0,0,0,0.0,0.0,0.0,0.0
permutation_random,1100,m,fpar_tuned,fpar,oblivious,-threshold 20750 -disable_hop_rtt_normalization,0.7,100000,2,770,38.2654,23.821413766233785,22.821,34.5816,38.2654,12.4702,19250,0,0,0,6460,0,0,0,0.0,0.0,0.0,0.0
permutation_random,1100,m,reps_uniform_defl,reps_dfp,reps,-dfp_low_uniform,0.7,100000,2,770,33.2997,27.013110129870103,27.4616,31.9872,33.2997,12.4702,19250,0,0,0,5994,0,0,0,0.0,0.0,0.0,0.0
permutation_random,1100,m,reps_no_partition,reps_dfp,reps,,0.7,100000,2,770,29.8374,24.645594415584398,25.1296,28.6427,29.8374,12.4702,19250,0,0,0,6011,0,0,0,0.0,0.0,0.0,0.0
permutation_random,1100,m,reps_minshare10,reps_dfp,reps,-dfp_minimal_share 10,0.7,100000,2,770,29.4296,24.311317792207806,24.6541,28.6638,29.4296,12.4702,19250,0,0,0,5962,0,0,0,0.0,0.0,0.0,0.0
permutation_random,1100,m,reps_partition,reps_dfp,reps,-reps_partition_entropy -reps_escalate_threshold 0.2 -reps_warmup_explore_rtts 0.5 -reps_explore_prob 70,0.7,100000,2,770,33.1334,24.708407662337674,25.0003,30.8054,33.1334,12.4702,19250,0,0,0,6048,0,0,0,0.0,0.0,0.0,0.0
permutation_random,1100,m,fpar_tuned,fpar,oblivious,-threshold 20750 -disable_hop_rtt_normalization,0.7,100000,3,770,40.951,24.010005584415588,22.6501,37.2427,40.951,12.4702,19250,13,0,0,6568,13,0,0,0.06753246753246753,0.0,0.06753246753246753,0.0
permutation_random,1100,m,reps_uniform_defl,reps_dfp,reps,-dfp_low_uniform,0.7,100000,3,770,33.973,27.22933090909092,27.4701,31.9923,33.973,12.4702,19250,0,0,0,6023,0,0,0,0.0,0.0,0.0,0.0
permutation_random,1100,m,reps_no_partition,reps_dfp,reps,,0.7,100000,3,770,30.7901,25.164046883116878,25.4718,28.9563,30.7901,12.4702,19250,0,0,0,6033,0,0,0,0.0,0.0,0.0,0.0
permutation_random,1100,m,reps_minshare10,reps_dfp,reps,-dfp_minimal_share 10,0.7,100000,3,770,29.3437,24.481055064935067,24.7856,28.1654,29.3437,12.4702,19250,0,0,0,5999,0,0,0,0.0,0.0,0.0,0.0
permutation_random,1100,m,reps_partition,reps_dfp,reps,-reps_partition_entropy -reps_escalate_threshold 0.2 -reps_warmup_explore_rtts 0.5 -reps_explore_prob 70,0.7,100000,3,770,31.965,25.0456031168831,25.317,29.7736,31.965,12.4702,19250,0,0,0,6075,0,0,0,0.0,0.0,0.0,0.0
permutation_random,1100,m,fpar_tuned,fpar,oblivious,-threshold 20750 -disable_hop_rtt_normalization,0.7,100000,4,770,42.6093,23.921524545454535,22.817,33.8816,42.6093,12.4702,19250,14,0,0,6477,14,0,0,0.07272727272727272,0.0,0.07272727272727272,0.0
permutation_random,1100,m,reps_uniform_defl,reps_dfp,reps,-dfp_low_uniform,0.7,100000,4,770,33.317,27.278000129870133,27.6318,32.4946,33.317,12.4702,19250,0,0,0,6032,0,0,0,0.0,0.0,0.0,0.0
permutation_random,1100,m,reps_no_partition,reps_dfp,reps,,0.7,100000,4,770,31.6027,25.14834233766231,25.4627,30.1403,31.6027,12.4702,19250,0,0,0,6098,0,0,0,0.0,0.0,0.0,0.0
permutation_random,1100,m,reps_minshare10,reps_dfp,reps,-dfp_minimal_share 10,0.7,100000,4,770,29.9786,24.606550000000006,24.9656,28.6363,29.9786,12.4702,19250,0,0,0,6032,0,0,0,0.0,0.0,0.0,0.0
permutation_random,1100,m,reps_partition,reps_dfp,reps,-reps_partition_entropy -reps_escalate_threshold 0.2 -reps_warmup_explore_rtts 0.5 -reps_explore_prob 70,0.7,100000,4,770,30.4496,24.84529740259744,25.141,29.321,30.4496,12.4702,19250,0,0,0,6042,0,0,0,0.0,0.0,0.0,0.0
permutation_random,1100,m,fpar_tuned,fpar,oblivious,-threshold 20750 -disable_hop_rtt_normalization,0.7,100000,5,770,43.9646,24.19717363636361,22.8016,37.8896,43.9646,12.4754,19250,20,0,0,6670,20,0,0,0.1038961038961039,0.0,0.1038961038961039,0.0
permutation_random,1100,m,reps_uniform_defl,reps_dfp,reps,-dfp_low_uniform,0.7,100000,5,770,33.293,26.995073636363625,27.4616,31.3181,33.293,12.4702,19250,0,0,0,6010,0,0,0,0.0,0.0,0.0,0.0
permutation_random,1100,m,reps_no_partition,reps_dfp,reps,,0.7,100000,5,770,30.5958,24.80540051948053,25.1603,29.6256,30.5958,12.4754,19250,0,0,0,6041,0,0,0,0.0,0.0,0.0,0.0
permutation_random,1100,m,reps_minshare10,reps_dfp,reps,-dfp_minimal_share 10,0.7,100000,5,770,30.6216,24.447014155844137,24.6558,29.1472,30.6216,12.6411,19250,0,0,0,6017,0,0,0,0.0,0.0,0.0,0.0
permutation_random,1100,m,reps_partition,reps_dfp,reps,-reps_partition_entropy -reps_escalate_threshold 0.2 -reps_warmup_explore_rtts 0.5 -reps_explore_prob 70,0.7,100000,5,770,31.3094,24.646049610389618,24.969,29.6323,31.3094,12.4702,19250,0,0,0,6051,0,0,0,0.0,0.0,0.0,0.0
permutation_random,1100,m,fpar_tuned,fpar,oblivious,-threshold 20750 -disable_hop_rtt_normalization,0.7,250000,1,770,88.9986,43.442670519480494,40.6118,76.5782,88.9986,24.6853,47740,1938,0,0,19889,1938,0,0,4.059488898198576,0.0,4.059488898198576,0.0
permutation_random,1100,m,reps_uniform_defl,reps_dfp,reps,-dfp_low_uniform,0.7,250000,1,770,58.9594,46.24310064935064,46.6925,56.163,58.9594,24.6699,47740,0,0,0,17301,0,0,0,0.0,0.0,0.0,0.0
permutation_random,1100,m,reps_no_partition,reps_dfp,reps,,0.7,250000,1,770,51.0016,41.87375272727275,42.627,49.1786,51.0016,24.6802,47740,0,0,0,16461,0,0,0,0.0,0.0,0.0,0.0
permutation_random,1100,m,reps_minshare10,reps_dfp,reps,-dfp_minimal_share 10,0.7,250000,1,770,47.4139,40.549224675324695,41.2581,46.5661,47.4139,24.6802,47740,0,0,0,15525,0,0,0,0.0,0.0,0.0,0.0
permutation_random,1100,m,reps_partition,reps_dfp,reps,-reps_partition_entropy -reps_escalate_threshold 0.2 -reps_warmup_explore_rtts 0.5 -reps_explore_prob 70,0.7,250000,1,770,51.1336,40.28746999999997,40.639,48.7339,51.1336,24.6853,47740,2,0,0,15534,2,0,0,0.0041893590280687055,0.0,0.0041893590280687055,0.0
permutation_random,1100,m,fpar_tuned,fpar,oblivious,-threshold 20750 -disable_hop_rtt_normalization,0.7,250000,2,770,74.5826,42.61829103896105,40.2626,66.4086,74.5826,24.6853,47740,1390,0,0,19583,1390,0,0,2.91160452450775,0.0,2.91160452450775,0.0
permutation_random,1100,m,reps_uniform_defl,reps_dfp,reps,-dfp_low_uniform,0.7,250000,2,770,55.9526,46.23410766233767,46.8238,54.7344,55.9526,24.675,47740,0,0,0,17694,0,0,0,0.0,0.0,0.0,0.0
permutation_random,1100,m,reps_no_partition,reps_dfp,reps,,0.7,250000,2,770,51.5387,42.03282142857145,42.7038,49.2056,51.5387,24.6853,47740,0,0,0,16430,0,0,0,0.0,0.0,0.0,0.0
permutation_random,1100,m,reps_minshare10,reps_dfp,reps,-dfp_minimal_share 10,0.7,250000,2,770,50.275,40.9952203896104,41.5707,48.935,50.275,24.6853,47740,0,0,0,15594,0,0,0,0.0,0.0,0.0,0.0
permutation_random,1100,m,reps_partition,reps_dfp,reps,-reps_partition_entropy -reps_escalate_threshold 0.2 -reps_warmup_explore_rtts 0.5 -reps_explore_prob 70,0.7,250000,2,770,51.0872,40.21933740259738,40.631,48.2261,51.0872,24.6802,47740,0,0,0,15361,0,0,0,0.0,0.0,0.0,0.0
permutation_random,1100,m,fpar_tuned,fpar,oblivious,-threshold 20750 -disable_hop_rtt_normalization,0.7,250000,3,770,81.5114,43.02909025974025,40.576,72.6549,81.5114,24.6853,47740,1659,0,0,19838,1659,0,0,3.4750733137829912,0.0,3.4750733137829912,0.0
permutation_random,1100,m,reps_uniform_defl,reps_dfp,reps,-dfp_low_uniform,0.7,250000,3,770,57.6064,46.72835584415583,47.2096,53.9726,57.6064,24.6699,47740,0,0,0,17988,0,0,0,0.0,0.0,0.0,0.0
permutation_random,1100,m,reps_no_partition,reps_dfp,reps,,0.7,250000,3,770,49.6122,42.504552337662325,43.2347,48.0136,49.6122,24.6853,47740,0,0,0,17145,0,0,0,0.0,0.0,0.0,0.0
permutation_random,1100,m,reps_minshare10,reps_dfp,reps,-dfp_minimal_share 10,0.7,250000,3,770,47.897,41.264387142857125,41.7579,46.66,47.897,24.6853,47740,0,0,0,15892,0,0,0,0.0,0.0,0.0,0.0
permutation_random,1100,m,reps_partition,reps_dfp,reps,-reps_partition_entropy -reps_escalate_threshold 0.2 -reps_warmup_explore_rtts 0.5 -reps_explore_prob 70,0.7,250000,3,770,50.7544,41.056976233766235,41.3104,48.3365,50.7544,24.6802,47740,0,0,0,15904,0,0,0,0.0,0.0,0.0,0.0
permutation_random,1100,m,fpar_tuned,fpar,oblivious,-threshold 20750 -disable_hop_rtt_normalization,0.7,250000,4,770,87.3334,42.51249116883115,39.3598,68.0112,87.3334,24.6802,47740,1422,0,0,19517,1422,0,0,2.9786342689568497,0.0,2.9786342689568497,0.0
permutation_random,1100,m,reps_uniform_defl,reps_dfp,reps,-dfp_low_uniform,0.7,250000,4,770,58.5904,47.02769415584414,47.5339,55.6418,58.5904,24.6904,47740,9,0,0,18286,9,0,0,0.018852115626309174,0.0,0.018852115626309174,0.0
permutation_random,1100,m,reps_no_partition,reps_dfp,reps,,0.7,250000,4,770,54.6064,42.56229246753249,43.2307,51.9322,54.6064,24.6802,47740,3,0,0,16866,3,0,0,0.006284038542103058,0.0,0.006284038542103058,0.0
permutation_random,1100,m,reps_minshare10,reps_dfp,reps,-dfp_minimal_share 10,0.7,250000,4,770,50.4867,41.27370506493509,41.6595,48.5467,50.4867,24.6802,47740,0,0,0,15748,0,0,0,0.0,0.0,0.0,0.0
permutation_random,1100,m,reps_partition,reps_dfp,reps,-reps_partition_entropy -reps_escalate_threshold 0.2 -reps_warmup_explore_rtts 0.5 -reps_explore_prob 70,0.7,250000,4,770,49.5814,40.43774194805196,40.9966,46.3126,49.5814,24.6802,47740,0,0,0,15600,0,0,0,0.0,0.0,0.0,0.0
permutation_random,1100,m,fpar_tuned,fpar,oblivious,-threshold 20750 -disable_hop_rtt_normalization,0.7,250000,5,770,81.6763,43.48149922077926,40.6435,74.8651,81.6763,24.716,47740,2009,0,0,20258,2009,0,0,4.2082111436950145,0.0,4.2082111436950145,0.0
permutation_random,1100,m,reps_uniform_defl,reps_dfp,reps,-dfp_low_uniform,0.7,250000,5,770,57.5651,46.510526103896105,47.0205,53.889,57.5651,24.6802,47740,0,0,0,17989,0,0,0,0.0,0.0,0.0,0.0
permutation_random,1100,m,reps_no_partition,reps_dfp,reps,,0.7,250000,5,770,50.075,41.5712307792208,42.3155,47.9442,50.075,24.6904,47740,0,0,0,16381,0,0,0,0.0,0.0,0.0,0.0
permutation_random,1100,m,reps_minshare10,reps_dfp,reps,-dfp_minimal_share 10,0.7,250000,5,770,50.2722,40.96942623376623,41.5096,48.611,50.2722,24.7058,47740,0,0,0,15578,0,0,0,0.0,0.0,0.0,0.0
permutation_random,1100,m,reps_partition,reps_dfp,reps,-reps_partition_entropy -reps_escalate_threshold 0.2 -reps_warmup_explore_rtts 0.5 -reps_explore_prob 70,0.7,250000,5,770,49.6582,40.35214987012986,40.717,47.9862,49.6582,24.9394,47740,1,0,0,15540,1,0,0,0.0020946795140343527,0.0,0.0020946795140343527,0.0
permutation_random,1100,m,fpar_tuned,fpar,oblivious,-threshold 20750 -disable_hop_rtt_normalization,0.7,500000,1,770,173.75,74.04466155844155,65.923,156.083,173.75,45.0795,94710,4412,0,0,48629,4412,0,0,4.6584309998944144,0.0,4.6584309998944144,0.0
permutation_random,1100,m,reps_uniform_defl,reps_dfp,reps,-dfp_low_uniform,0.7,500000,1,770,91.691,75.45744857142857,76.6267,87.363,91.691,45.0488,94710,9,0,0,40250,9,0,0,0.009502692429521698,0.0,0.009502692429521698,0.0
permutation_random,1100,m,reps_no_partition,reps_dfp,reps,,0.7,500000,1,770,81.075,68.47872584415587,69.9472,77.4261,81.075,45.0898,94710,15,0,0,40168,15,0,0,0.015837820715869498,0.0,0.015837820715869498,0.0
permutation_random,1100,m,reps_minshare10,reps_dfp,reps,-dfp_minimal_share 10,0.7,500000,1,770,79.0424,66.56317493506499,67.4758,76.1715,79.0424,45.2824,94710,20,0,0,37205,20,0,0,0.021117094287825995,0.0,0.021117094287825995,0.0
permutation_random,1100,m,reps_partition,reps_dfp,reps,-reps_partition_entropy -reps_escalate_threshold 0.2 -reps_warmup_explore_rtts 0.5 -reps_explore_prob 70,0.7,500000,1,770,74.1246,63.968849350649315,64.9077,72.1437,74.1246,45.0898,94710,36,0,0,34876,36,0,0,0.03801076971808679,0.0,0.03801076971808679,0.0
permutation_random,1100,m,fpar_tuned,fpar,oblivious,-threshold 20750 -disable_hop_rtt_normalization,0.7,500000,2,770,167.773,71.42612181818181,64.9912,129.133,167.773,45.1205,94710,3796,0,0,47237,3796,0,0,4.008024495829374,0.0,4.008024495829374,0.0
permutation_random,1100,m,reps_uniform_defl,reps_dfp,reps,-dfp_low_uniform,0.7,500000,2,770,93.1539,76.51690649350651,77.5206,90.3568,93.1539,45.1205,94710,5,0,0,41693,5,0,0,0.005279273571956499,0.0,0.005279273571956499,0.0
permutation_random,1100,m,reps_no_partition,reps_dfp,reps,,0.7,500000,2,770,78.9112,69.06014285714294,70.6886,77.6629,78.9112,45.1205,94710,40,0,0,40456,40,0,0,0.04223418857565199,0.0,0.04223418857565199,0.0
permutation_random,1100,m,reps_minshare10,reps_dfp,reps,-dfp_minimal_share 10,0.7,500000,2,770,77.9078,66.42321506493514,67.5299,75.948,77.9078,45.1205,94710,17,0,0,37354,17,0,0,0.017949530144652098,0.0,0.017949530144652098,0.0
permutation_random,1100,m,reps_partition,reps_dfp,reps,-reps_partition_entropy -reps_escalate_threshold 0.2 -reps_warmup_explore_rtts 0.5 -reps_explore_prob 70,0.7,500000,2,770,75.9098,63.87171285714289,64.8056,72.9931,75.9098,45.0846,94710,7,0,0,34925,7,0,0,0.007390983000739098,0.0,0.007390983000739098,0.0
permutation_random,1100,m,fpar_tuned,fpar,oblivious,-threshold 20750 -disable_hop_rtt_normalization,0.7,500000,3,770,156.591,72.73935714285717,65.9829,136.313,156.591,45.3267,94710,4081,0,0,48199,4081,0,0,4.308943089430894,0.0,4.308943089430894,0.0
permutation_random,1100,m,reps_uniform_defl,reps_dfp,reps,-dfp_low_uniform,0.7,500000,3,770,95.016,78.20988025974037,79.1965,91.6566,95.016,45.1051,94710,15,0,0,42731,15,0,0,0.015837820715869498,0.0,0.015837820715869498,0.0
permutation_random,1100,m,reps_no_partition,reps_dfp,reps,,0.7,500000,3,770,81.3344,70.01192272727268,71.1227,79.6704,81.3344,45.1256,94710,52,0,0,43153,52,0,0,0.05490444514834759,0.0,0.05490444514834759,0.0
permutation_random,1100,m,reps_minshare10,reps_dfp,reps,-dfp_minimal_share 10,0.7,500000,3,770,79.8421,67.98277064935056,68.7381,78.1054,79.8421,45.2858,94710,34,0,0,39339,34,0,0,0.035899060289304195,0.0,0.035899060289304195,0.0
permutation_random,1100,m,reps_partition,reps_dfp,reps,-reps_partition_entropy -reps_escalate_threshold 0.2 -reps_warmup_explore_rtts 0.5 -reps_explore_prob 70,0.7,500000,3,770,77.8347,65.79513207792209,66.4861,75.0285,77.8347,45.2272,94710,18,0,0,36673,18,0,0,0.019005384859043396,0.0,0.019005384859043396,0.0
permutation_random,1100,m,fpar_tuned,fpar,oblivious,-threshold 20750 -disable_hop_rtt_normalization,0.7,500000,4,770,179.544,72.43150805194804,66.249,128.365,179.544,45.187,94710,3860,0,0,47880,3860,0,0,4.075599197550417,0.0,4.075599197550417,0.0
permutation_random,1100,m,reps_uniform_defl,reps_dfp,reps,-dfp_low_uniform,0.7,500000,4,770,95.1064,77.81606935064927,78.7821,91.4424,95.1064,45.059,94710,48,0,0,43304,48,0,0,0.05068102629078239,0.0,0.05068102629078239,0.0
permutation_random,1100,m,reps_no_partition,reps_dfp,reps,,0.7,500000,4,770,79.6822,69.76550376623378,71.1534,78.4187,79.6822,45.1142,94710,71,0,0,41845,71,0,0,0.07496568472178228,0.0,0.07496568472178228,0.0
permutation_random,1100,m,reps_minshare10,reps_dfp,reps,-dfp_minimal_share 10,0.7,500000,4,770,79.4461,67.32132298701292,68.2514,76.1634,79.4461,45.2272,94710,14,0,0,38225,14,0,0,0.014781966001478197,0.0,0.014781966001478197,0.0
permutation_random,1100,m,reps_partition,reps_dfp,reps,-reps_partition_entropy -reps_escalate_threshold 0.2 -reps_warmup_explore_rtts 0.5 -reps_explore_prob 70,0.7,500000,4,770,75.1232,64.94820948051945,65.7142,74.4592,75.1232,45.1102,94710,3,0,0,35456,3,0,0,0.0031675641431738993,0.0,0.0031675641431738993,0.0
permutation_random,1100,m,fpar_tuned,fpar,oblivious,-threshold 20750 -disable_hop_rtt_normalization,0.7,500000,5,770,169.092,73.87593766233766,65.7275,143.21,169.092,45.1614,94710,4504,0,0,48809,4504,0,0,4.755569633618414,0.0,4.755569633618414,0.0
permutation_random,1100,m,reps_uniform_defl,reps_dfp,reps,-dfp_low_uniform,0.7,500000,5,770,92.6789,76.92745246753253,78.0864,88.3194,92.6789,45.5091,94710,2,0,0,42424,2,0,0,0.0021117094287825995,0.0,0.0021117094287825995,0.0
permutation_random,1100,m,reps_no_partition,reps_dfp,reps,,0.7,500000,5,770,78.0499,68.29036142857142,69.7534,77.1642,78.0499,45.5325,94710,33,0,0,40329,33,0,0,0.03484320557491289,0.0,0.03484320557491289,0.0
permutation_random,1100,m,reps_minshare10,reps_dfp,reps,-dfp_minimal_share 10,0.7,500000,5,770,77.8117,66.94758077922077,68.1742,75.8168,77.8117,45.2118,94710,27,0,0,37532,27,0,0,0.028508077288565095,0.0,0.028508077288565095,0.0
permutation_random,1100,m,reps_partition,reps_dfp,reps,-reps_partition_entropy -reps_escalate_threshold 0.2 -reps_warmup_explore_rtts 0.5 -reps_explore_prob 70,0.7,500000,5,770,76.7141,64.42589987012985,65.1942,73.7144,76.7141,45.3677,94710,7,0,0,35114,7,0,0,0.007390983000739098,0.0,0.007390983000739098,0.0
permutation_random,1100,m,fpar_tuned,fpar,oblivious,-threshold 20750 -disable_hop_rtt_normalization,0.7,2000000,1,770,694.79,262.45855844155864,208.556,629.37,694.79,167.621,377300,5969,0,0,221784,5969,0,0,1.5820302146832759,0.0,1.5820302146832759,0.0
permutation_random,1100,m,reps_uniform_defl,reps_dfp,reps,-dfp_low_uniform,0.7,2000000,1,770,319.699,243.04643766233772,245.717,298.637,319.699,167.659,377300,48,0,0,182279,48,0,0,0.012721971905645375,0.0,0.012721971905645375,0.0
permutation_random,1100,m,reps_no_partition,reps_dfp,reps,,0.7,2000000,1,770,270.385,218.69121298701305,222.508,242.604,270.385,167.773,377300,377,0,0,183290,377,0,0,0.09992048767558971,0.0,0.09992048767558971,0.0
permutation_random,1100,m,reps_minshare10,reps_dfp,reps,-dfp_minimal_share 10,0.7,2000000,1,770,241.623,211.38634545454522,213.934,235.607,241.623,167.836,377300,258,0,0,169101,258,0,0,0.06838059899284389,0.0,0.06838059899284389,0.0
permutation_random,1100,m,reps_partition,reps_dfp,reps,-reps_partition_entropy -reps_escalate_threshold 0.2 -reps_warmup_explore_rtts 0.5 -reps_explore_prob 70,0.7,2000000,1,770,271.058,214.12490129870136,217.242,243.082,271.058,167.716,377300,688,0,0,174109,688,0,0,0.18234826398091705,0.0,0.18234826398091705,0.0
permutation_random,1100,m,fpar_tuned,fpar,oblivious,-threshold 20750 -disable_hop_rtt_normalization,0.7,2000000,2,770,650.193,248.21826363636373,204.595,519.425,650.193,167.471,377300,5079,0,0,212554,5079,0,0,1.3461436522661012,0.0,1.3461436522661012,0.0
permutation_random,1100,m,reps_uniform_defl,reps_dfp,reps,-dfp_low_uniform,0.7,2000000,2,770,363.719,244.51835584415593,246.801,316.531,363.719,167.471,377300,60,0,0,186839,60,0,0,0.015902464882056717,0.0,0.015902464882056717,0.0
permutation_random,1100,m,reps_no_partition,reps_dfp,reps,,0.7,2000000,2,770,269.546,220.0078103896102,224.485,240.28,269.546,167.465,377300,461,0,0,185545,461,0,0,0.12218393851046912,0.0,0.12218393851046912,0.0
permutation_random,1100,m,reps_minshare10,reps_dfp,reps,-dfp_minimal_share 10,0.7,2000000,2,770,236.055,212.4035974025973,216.539,229.101,236.055,167.465,377300,234,0,0,167447,234,0,0,0.0620196130400212,0.0,0.0620196130400212,0.0
permutation_random,1100,m,reps_partition,reps_dfp,reps,-reps_partition_entropy -reps_escalate_threshold 0.2 -reps_warmup_explore_rtts 0.5 -reps_explore_prob 70,0.7,2000000,2,770,275.142,215.0733246753245,218.915,239.076,275.142,167.471,377300,560,0,0,176469,560,0,0,0.14842300556586271,0.0,0.14842300556586271,0.0
permutation_random,1100,m,fpar_tuned,fpar,oblivious,-threshold 20750 -disable_hop_rtt_normalization,0.7,2000000,3,770,656.513,253.91299870129856,205.402,519.948,656.513,168.018,377300,5449,0,0,217977,5449,0,0,1.4442088523721177,0.0,1.4442088523721177,0.0
permutation_random,1100,m,reps_uniform_defl,reps_dfp,reps,-dfp_low_uniform,0.7,2000000,3,770,406.394,249.2555766233768,249.822,330.707,406.394,168.107,377300,142,0,0,192214,142,0,0,0.0376358335542009,0.0,0.0376358335542009,0.0
permutation_random,1100,m,reps_no_partition,reps_dfp,reps,,0.7,2000000,3,770,287.075,223.23487012986996,225.952,261.901,287.075,167.913,377300,460,0,0,197259,460,0,0,0.12191889742910152,0.0,0.12191889742910152,0.0
permutation_random,1100,m,reps_minshare10,reps_dfp,reps,-dfp_minimal_share 10,0.7,2000000,3,770,247.783,215.87604545454553,218.717,238.793,247.783,167.8,377300,314,0,0,180168,314,0,0,0.08322289954943016,0.0,0.08322289954943016,0.0
permutation_random,1100,m,reps_partition,reps_dfp,reps,-reps_partition_entropy -reps_escalate_threshold 0.2 -reps_warmup_explore_rtts 0.5 -reps_explore_prob 70,0.7,2000000,3,770,293.308,219.70589480519487,222.423,257.719,293.308,167.78,377300,1003,0,0,185356,1003,0,0,0.2658362046117148,0.0,0.2658362046117148,0.0
permutation_random,1100,m,fpar_tuned,fpar,oblivious,-threshold 20750 -disable_hop_rtt_normalization,0.7,2000000,4,770,659.977,256.32288311688313,208.553,594.273,659.977,167.706,377300,5274,0,0,222333,5274,0,0,1.3978266631327856,0.0,1.3978266631327856,0.0
permutation_random,1100,m,reps_uniform_defl,reps_dfp,reps,-dfp_low_uniform,0.7,2000000,4,770,419.255,248.6320454545455,248.862,335.284,419.255,167.517,377300,172,0,0,191866,172,0,0,0.04558706599522926,0.0,0.04558706599522926,0.0
permutation_random,1100,m,reps_no_partition,reps_dfp,reps,,0.7,2000000,4,770,290.769,222.01042597402582,225.393,257.037,290.769,167.874,377300,499,0,0,191205,499,0,0,0.13225549960243838,0.0,0.13225549960243838,0.0
permutation_random,1100,m,reps_minshare10,reps_dfp,reps,-dfp_minimal_share 10,0.7,2000000,4,770,255.024,214.37637532467522,217.265,234.165,255.024,167.945,377300,259,0,0,173863,259,0,0,0.0686456400742115,0.0,0.0686456400742115,0.0
permutation_random,1100,m,reps_partition,reps_dfp,reps,-reps_partition_entropy -reps_escalate_threshold 0.2 -reps_warmup_explore_rtts 0.5 -reps_explore_prob 70,0.7,2000000,4,770,292.564,217.5952909090908,220.185,255.302,292.564,167.908,377300,818,0,0,179987,818,0,0,0.2168036045587066,0.0,0.2168036045587066,0.0
permutation_random,1100,m,fpar_tuned,fpar,oblivious,-threshold 20750 -disable_hop_rtt_normalization,0.7,2000000,5,770,734.034,260.9937389610391,207.06,623.719,734.034,167.89,377300,5661,0,0,220162,5661,0,0,1.5003975616220515,0.0,1.5003975616220515,0.0
permutation_random,1100,m,reps_uniform_defl,reps_dfp,reps,-dfp_low_uniform,0.7,2000000,5,770,450.653,245.6849259740258,247.823,306.682,450.653,167.901,377300,58,0,0,189510,58,0,0,0.015372382719321495,0.0,0.015372382719321495,0.0
permutation_random,1100,m,reps_no_partition,reps_dfp,reps,,0.7,2000000,5,770,259.016,218.60381428571398,222.518,242.817,259.016,168.192,377300,227,0,0,185794,227,0,0,0.06016432547044792,0.0,0.06016432547044792,0.0
permutation_random,1100,m,reps_minshare10,reps_dfp,reps,-dfp_minimal_share 10,0.7,2000000,5,770,252.25,212.29422727272703,216.196,230.924,252.25,167.985,377300,309,0,0,169851,309,0,0,0.0818976941425921,0.0,0.0818976941425921,0.0
permutation_random,1100,m,reps_partition,reps_dfp,reps,-reps_partition_entropy -reps_escalate_threshold 0.2 -reps_warmup_explore_rtts 0.5 -reps_explore_prob 70,0.7,2000000,5,770,280.729,214.82150519480533,218.205,249.208,280.729,168.051,377300,456,0,0,177139,456,0,0,0.12085873310363106,0.0,0.12085873310363106,0.0
permutation_random,1100,m,fpar_tuned,fpar,oblivious,-threshold 20750 -disable_hop_rtt_normalization,0.7,5000000,1,770,1688.19,637.8194168831175,504.87,1575.95,1688.19,412.62,942480,6397,0,0,568270,6397,0,0,0.6787411934470758,0.0,0.6787411934470758,0.0
permutation_random,1100,m,reps_uniform_defl,reps_dfp,reps,-dfp_low_uniform,0.7,5000000,1,770,917.504,580.1122610389606,582.515,783.605,917.504,412.473,942480,61,0,0,445541,61,0,0,0.00647228588405059,0.0,0.00647228588405059,0.0
permutation_random,1100,m,reps_no_partition,reps_dfp,reps,,0.7,5000000,1,770,756.648,518.6011012987011,519.763,650.57,756.648,413.076,942480,492,0,0,443461,492,0,0,0.05220269926152279,0.0,0.05220269926152279,0.0
permutation_random,1100,m,reps_minshare10,reps_dfp,reps,-dfp_minimal_share 10,0.7,5000000,1,770,665.36,501.1926311688307,503.562,625.592,665.36,412.932,942480,571,0,0,416217,571,0,0,0.0605848399966047,0.0,0.0605848399966047,0.0
permutation_random,1100,m,reps_partition,reps_dfp,reps,-reps_partition_entropy -reps_escalate_threshold 0.2 -reps_warmup_explore_rtts 0.5 -reps_explore_prob 70,0.7,5000000,1,770,835.45,520.9164155844157,512.945,717.791,835.45,413.183,942480,1054,0,0,432673,1054,0,0,0.11183261183261184,0.0,0.11183261183261184,0.0
permutation_random,1100,m,fpar_tuned,fpar,oblivious,-threshold 20750 -disable_hop_rtt_normalization,0.7,5000000,2,770,1643.23,604.614588311689,493.316,1270.79,1643.23,412.166,942480,5610,0,0,555672,5610,0,0,0.5952380952380952,0.0,0.5952380952380952,0.0
permutation_random,1100,m,reps_uniform_defl,reps_dfp,reps,-dfp_low_uniform,0.7,5000000,2,770,897.66,582.562574025974,585.495,772.953,897.66,412.166,942480,66,0,0,457068,66,0,0,0.0070028011204481795,0.0,0.0070028011204481795,0.0
permutation_random,1100,m,reps_no_partition,reps_dfp,reps,,0.7,5000000,2,770,763.316,521.9094987012988,524.879,639.412,763.316,412.166,942480,742,0,0,449681,742,0,0,0.07872846108140226,0.0,0.07872846108140226,0.0
permutation_random,1100,m,reps_minshare10,reps_dfp,reps,-dfp_minimal_share 10,0.7,5000000,2,770,669.847,502.9057298701295,507.221,591.694,669.847,412.16,942480,560,0,0,417181,560,0,0,0.059417706476530004,0.0,0.059417706476530004,0.0
permutation_random,1100,m,reps_partition,reps_dfp,reps,-reps_partition_entropy -reps_escalate_threshold 0.2 -reps_warmup_explore_rtts 0.5 -reps_explore_prob 70,0.7,5000000,2,770,776.896,522.7451376623379,519.173,667.525,776.896,412.166,942480,861,0,0,438705,861,0,0,0.09135472370766488,0.0,0.09135472370766488,0.0
permutation_random,1100,m,fpar_tuned,fpar,oblivious,-threshold 20750 -disable_hop_rtt_normalization,0.7,5000000,3,770,1660.89,619.2355129870127,492.111,1308.78,1660.89,412.949,942480,5926,0,0,568738,5926,0,0,0.6287666581784229,0.0,0.6287666581784229,0.0
permutation_random,1100,m,reps_uniform_defl,reps_dfp,reps,-dfp_low_uniform,0.7,5000000,3,770,968.07,592.5105688311688,589.99,771.531,968.07,412.907,942480,141,0,0,465466,141,0,0,0.01496052966641202,0.0,0.01496052966641202,0.0
permutation_random,1100,m,reps_no_partition,reps_dfp,reps,,0.7,5000000,3,770,728.614,529.0116727272724,526.586,666.856,728.614,412.978,942480,610,0,0,468210,610,0,0,0.0647228588405059,0.0,0.0647228588405059,0.0
permutation_random,1100,m,reps_minshare10,reps_dfp,reps,-dfp_minimal_share 10,0.7,5000000,3,770,692.72,512.157720779221,512.506,641.041,692.72,412.85,942480,413,0,0,438082,413,0,0,0.04382055852644088,0.0,0.04382055852644088,0.0
permutation_random,1100,m,reps_partition,reps_dfp,reps,-reps_partition_entropy -reps_escalate_threshold 0.2 -reps_warmup_explore_rtts 0.5 -reps_explore_prob 70,0.7,5000000,3,770,798.569,532.5324025974029,522.714,715.61,798.569,412.866,942480,1357,0,0,444407,1357,0,0,0.14398183515830576,0.0,0.14398183515830576,0.0
permutation_random,1100,m,fpar_tuned,fpar,oblivious,-threshold 20750 -disable_hop_rtt_normalization,0.7,5000000,4,770,1641.11,621.6084181818179,506.347,1482.78,1641.11,412.196,942480,5806,0,0,577179,5806,0,0,0.6160342925048807,0.0,0.6160342925048807,0.0
permutation_random,1100,m,reps_uniform_defl,reps_dfp,reps,-dfp_low_uniform,0.7,5000000,4,770,1067.59,591.6773506493506,589.422,784.781,1067.59,412.717,942480,177,0,0,462500,177,0,0,0.01878023936847466,0.0,0.01878023936847466,0.0
permutation_random,1100,m,reps_no_partition,reps_dfp,reps,,0.7,5000000,4,770,767.864,527.2799363636364,525.684,670.159,767.864,413.115,942480,735,0,0,454661,735,0,0,0.07798573975044563,0.0,0.07798573975044563,0.0
permutation_random,1100,m,reps_minshare10,reps_dfp,reps,-dfp_minimal_share 10,0.7,5000000,4,770,695.55,507.4933974025977,509.496,631.414,695.55,413.06,942480,516,0,0,425665,516,0,0,0.05474917239623122,0.0,0.05474917239623122,0.0
permutation_random,1100,m,reps_partition,reps_dfp,reps,-reps_partition_entropy -reps_escalate_threshold 0.2 -reps_warmup_explore_rtts 0.5 -reps_explore_prob 70,0.7,5000000,4,770,811.649,527.5844558441548,518.998,713.071,811.649,413.007,942480,1029,0,0,441357,1029,0,0,0.10918003565062388,0.0,0.10918003565062388,0.0
permutation_random,1100,m,fpar_tuned,fpar,oblivious,-threshold 20750 -disable_hop_rtt_normalization,0.7,5000000,5,770,1926.45,636.7755701298695,492.31,1505.69,1926.45,412.994,942480,6144,0,0,571878,6144,0,0,0.6518971224853578,0.0,0.6518971224853578,0.0
permutation_random,1100,m,reps_uniform_defl,reps_dfp,reps,-dfp_low_uniform,0.7,5000000,5,770,1010.57,584.1582883116889,586.21,767.793,1010.57,412.743,942480,57,0,0,459284,57,0,0,0.006047873694932518,0.0,0.006047873694932518,0.0
permutation_random,1100,m,reps_no_partition,reps_dfp,reps,,0.7,5000000,5,770,698.622,518.8554324675324,522.248,645.038,698.622,413.49,942480,325,0,0,451234,325,0,0,0.034483490365843306,0.0,0.034483490365843306,0.0
permutation_random,1100,m,reps_minshare10,reps_dfp,reps,-dfp_minimal_share 10,0.7,5000000,5,770,726.536,502.2461857142862,506.41,605.622,726.536,413.219,942480,517,0,0,417506,517,0,0,0.05485527544351074,0.0,0.05485527544351074,0.0
permutation_random,1100,m,reps_partition,reps_dfp,reps,-reps_partition_entropy -reps_escalate_threshold 0.2 -reps_warmup_explore_rtts 0.5 -reps_explore_prob 70,0.7,5000000,5,770,787.268,520.8944844155847,515.968,690.35,787.268,413.409,942480,899,0,0,438348,899,0,0,0.09538663950428657,0.0,0.09538663950428657,0.0
permutation_random,1100,m,fpar_tuned,fpar,oblivious,-threshold 20750 -disable_hop_rtt_normalization,0.7,10000000,1,770,3381.03,1264.86695974026,999.396,3134.69,3381.03,820.61,1884960,7147,0,0,1153086,7147,0,0,0.3791592394533571,0.0,0.3791592394533571,0.0
permutation_random,1100,m,reps_uniform_defl,reps_dfp,reps,-dfp_low_uniform,0.7,10000000,1,770,1722.81,1139.2842480519475,1139.4,1524.78,1722.81,820.995,1884960,71,0,0,877441,71,0,0,0.003766658178422884,0.0,0.003766658178422884,0.0
permutation_random,1100,m,reps_no_partition,reps_dfp,reps,,0.7,10000000,1,770,1436.0,1019.5840935064932,1016.25,1264.17,1436.0,821.563,1884960,1023,0,0,869161,1023,0,0,0.05427170868347339,0.0,0.05427170868347339,0.0
permutation_random,1100,m,reps_minshare10,reps_dfp,reps,-dfp_minimal_share 10,0.7,10000000,1,770,1326.1,984.6034012987008,984.752,1200.74,1326.1,821.625,1884960,887,0,0,823405,887,0,0,0.047056701468466175,0.0,0.047056701468466175,0.0
permutation_random,1100,m,reps_partition,reps_dfp,reps,-reps_partition_entropy -reps_escalate_threshold 0.2 -reps_warmup_explore_rtts 0.5 -reps_explore_prob 70,0.7,10000000,1,770,1529.94,1031.324755844157,1016.87,1364.92,1529.94,821.919,1884960,1753,0,0,863594,1753,0,0,0.09299932094049741,0.0,0.09299932094049741,0.0
permutation_random,1100,m,fpar_tuned,fpar,oblivious,-threshold 20750 -disable_hop_rtt_normalization,0.7,10000000,2,770,3296.01,1198.0953818181813,975.671,2537.99,3296.01,820.016,1884960,6427,0,0,1127453,6427,0,0,0.34096214243273065,0.0,0.34096214243273065,0.0
permutation_random,1100,m,reps_uniform_defl,reps_dfp,reps,-dfp_low_uniform,0.7,10000000,2,770,1623.83,1145.420336363636,1150.21,1437.19,1623.83,819.999,1884960,104,0,0,899405,104,0,0,0.005517358458534929,0.0,0.005517358458534929,0.0
permutation_random,1100,m,reps_no_partition,reps_dfp,reps,,0.7,10000000,2,770,1455.22,1025.410171428572,1027.08,1253.71,1455.22,819.994,1884960,1031,0,0,881758,1031,0,0,0.05469612087259146,0.0,0.05469612087259146,0.0
permutation_random,1100,m,reps_minshare10,reps_dfp,reps,-dfp_minimal_share 10,0.7,10000000,2,770,1258.91,988.698935064934,992.507,1181.13,1258.91,819.994,1884960,890,0,0,826402,890,0,0,0.047215856039385454,0.0,0.047215856039385454,0.0
permutation_random,1100,m,reps_partition,reps_dfp,reps,-reps_partition_entropy -reps_escalate_threshold 0.2 -reps_warmup_explore_rtts 0.5 -reps_explore_prob 70,0.7,10000000,2,770,1454.59,1036.1061025974027,1029.31,1309.89,1454.59,819.999,1884960,1315,0,0,874075,1315,0,0,0.06976275358628299,0.0,0.06976275358628299,0.0
permutation_random,1100,m,fpar_tuned,fpar,oblivious,-threshold 20750 -disable_hop_rtt_normalization,0.7,10000000,3,770,3336.43,1227.814567532468,974.21,2647.14,3336.43,821.76,1884960,6588,0,0,1154799,6588,0,0,0.3495034377387319,0.0,0.3495034377387319,0.0
permutation_random,1100,m,reps_uniform_defl,reps_dfp,reps,-dfp_low_uniform,0.7,10000000,3,770,1738.54,1164.1353285714295,1157.76,1478.16,1738.54,821.834,1884960,153,0,0,918506,153,0,0,0.008116883116883116,0.0,0.008116883116883116,0.0
permutation_random,1100,m,reps_no_partition,reps_dfp,reps,,0.7,10000000,3,770,1385.6,1040.6302636363632,1031.71,1292.35,1385.6,821.737,1884960,906,0,0,913612,906,0,0,0.048064680417621596,0.0,0.048064680417621596,0.0
permutation_random,1100,m,reps_minshare10,reps_dfp,reps,-dfp_minimal_share 10,0.7,10000000,3,770,1354.49,1005.3997649350654,1001.39,1259.01,1354.49,821.466,1884960,704,0,0,860755,704,0,0,0.03734827264239029,0.0,0.03734827264239029,0.0
permutation_random,1100,m,reps_partition,reps_dfp,reps,-reps_partition_entropy -reps_escalate_threshold 0.2 -reps_warmup_explore_rtts 0.5 -reps_explore_prob 70,0.7,10000000,3,770,1444.27,1054.5654142857147,1037.64,1347.35,1444.27,821.635,1884960,1880,0,0,884863,1880,0,0,0.09973686444274679,0.0,0.09973686444274679,0.0
permutation_random,1100,m,fpar_tuned,fpar,oblivious,-threshold 20750 -disable_hop_rtt_normalization,0.7,10000000,4,770,3249.35,1235.5738610389612,1001.97,2876.02,3249.35,819.84,1884960,6622,0,0,1170744,6622,0,0,0.35130718954248363,0.0,0.35130718954248363,0.0
permutation_random,1100,m,reps_uniform_defl,reps_dfp,reps,-dfp_low_uniform,0.7,10000000,4,770,1827.75,1163.1315155844147,1155.23,1527.42,1827.75,821.205,1884960,223,0,0,910518,223,0,0,0.011830489771666243,0.0,0.011830489771666243,0.0
permutation_random,1100,m,reps_no_partition,reps_dfp,reps,,0.7,10000000,4,770,1404.89,1037.3105532467516,1027.16,1311.79,1404.89,821.722,1884960,1007,0,0,890863,1007,0,0,0.05342288430523725,0.0,0.05342288430523725,0.0
permutation_random,1100,m,reps_minshare10,reps_dfp,reps,-dfp_minimal_share 10,0.7,10000000,4,770,1335.33,997.2134454545449,996.366,1228.16,1335.33,821.77,1884960,790,0,0,839928,790,0,0,0.041910703675409555,0.0,0.041910703675409555,0.0
permutation_random,1100,m,reps_partition,reps_dfp,reps,-reps_partition_entropy -reps_escalate_threshold 0.2 -reps_warmup_explore_rtts 0.5 -reps_explore_prob 70,0.7,10000000,4,770,1460.48,1045.4137480519478,1029.42,1357.04,1460.48,821.074,1884960,1577,0,0,877536,1577,0,0,0.08366225277989985,0.0,0.08366225277989985,0.0
permutation_random,1100,m,fpar_tuned,fpar,oblivious,-threshold 20750 -disable_hop_rtt_normalization,0.7,10000000,5,770,3781.36,1258.0952545454554,971.553,3116.15,3781.36,821.374,1884960,6750,0,0,1156363,6750,0,0,0.3580977845683728,0.0,0.3580977845683728,0.0
permutation_random,1100,m,reps_uniform_defl,reps_dfp,reps,-dfp_low_uniform,0.7,10000000,5,770,1709.63,1147.9521493506493,1147.93,1482.64,1709.63,821.369,1884960,88,0,0,903463,88,0,0,0.004668534080298786,0.0,0.004668534080298786,0.0
permutation_random,1100,m,reps_no_partition,reps_dfp,reps,,0.7,10000000,5,770,1329.84,1019.6824480519474,1021.04,1266.06,1329.84,822.372,1884960,431,0,0,885744,431,0,0,0.022865206688736102,0.0,0.022865206688736102,0.0
permutation_random,1100,m,reps_minshare10,reps_dfp,reps,-dfp_minimal_share 10,0.7,10000000,5,770,1335.12,987.7439675324678,991.936,1200.53,1335.12,822.254,1884960,872,0,0,827180,872,0,0,0.04626092861386979,0.0,0.04626092861386979,0.0
permutation_random,1100,m,reps_partition,reps_dfp,reps,-reps_partition_entropy -reps_escalate_threshold 0.2 -reps_warmup_explore_rtts 0.5 -reps_explore_prob 70,0.7,10000000,5,770,1496.04,1033.0738662337662,1023.05,1315.61,1496.04,822.229,1884960,1527,0,0,868904,1527,0,0,0.08100967659791189,0.0,0.08100967659791189,0.0
permutation_random,1100,m,fpar_tuned,fpar,oblivious,-threshold 20750 -disable_hop_rtt_normalization,0.8,100000,1,880,43.4538,24.623441590909092,23.4861,40.4624,43.4538,12.4702,22000,34,0,0,7611,34,0,0,0.15454545454545454,0.0,0.15454545454545454,0.0
permutation_random,1100,m,reps_uniform_defl,reps_dfp,reps,-dfp_low_uniform,0.8,100000,1,880,33.969,27.838151022727267,28.4456,32.617,33.969,12.4702,22000,0,0,0,6973,0,0,0,0.0,0.0,0.0,0.0
permutation_random,1100,m,reps_no_partition,reps_dfp,reps,,0.8,100000,1,880,31.5144,25.833187954545455,26.3261,30.4427,31.5144,12.4702,22000,0,0,0,7038,0,0,0,0.0,0.0,0.0,0.0
permutation_random,1100,m,reps_minshare10,reps_dfp,reps,-dfp_minimal_share 10,0.8,100000,1,880,31.2856,25.155872159090922,25.6227,29.9427,31.2856,12.4702,22000,0,0,0,6939,0,0,0,0.0,0.0,0.0,0.0
permutation_random,1100,m,reps_partition,reps_dfp,reps,-reps_partition_entropy -reps_escalate_threshold 0.2 -reps_warmup_explore_rtts 0.5 -reps_explore_prob 70,0.8,100000,1,880,31.3112,25.666043409090936,26.2816,30.3163,31.3112,12.4702,22000,0,0,0,7059,0,0,0,0.0,0.0,0.0,0.0
permutation_random,1100,m,fpar_tuned,fpar,oblivious,-threshold 20750 -disable_hop_rtt_normalization,0.8,100000,2,880,39.1048,24.395336477272725,23.4656,34.1146,39.1048,12.4702,22000,3,0,0,7458,3,0,0,0.013636363636363636,0.0,0.013636363636363636,0.0
permutation_random,1100,m,reps_uniform_defl,reps_dfp,reps,-dfp_low_uniform,0.8,100000,2,880,34.6666,28.16743238636363,28.6176,33.2901,34.6666,12.4702,22000,0,0,0,7004,0,0,0,0.0,0.0,0.0,0.0
permutation_random,1100,m,reps_no_partition,reps_dfp,reps,,0.8,100000,2,880,31.8208,25.909686363636357,26.4536,30.9882,31.8208,12.4702,22000,0,0,0,7053,0,0,0,0.0,0.0,0.0,0.0
permutation_random,1100,m,reps_minshare10,reps_dfp,reps,-dfp_minimal_share 10,0.8,100000,2,880,32.1546,25.51975840909091,25.9718,30.3101,32.1546,12.4702,22000,0,0,0,6987,0,0,0,0.0,0.0,0.0,0.0
permutation_random,1100,m,reps_partition,reps_dfp,reps,-reps_partition_entropy -reps_escalate_threshold 0.2 -reps_warmup_explore_rtts 0.5 -reps_explore_prob 70,0.8,100000,2,880,34.4915,25.866645227272723,26.2856,32.8248,34.4915,12.4702,22000,0,0,0,7103,0,0,0,0.0,0.0,0.0,0.0
permutation_random,1100,m,fpar_tuned,fpar,oblivious,-threshold 20750 -disable_hop_rtt_normalization,0.8,100000,3,880,40.7688,24.383360000000028,23.3061,36.0867,40.7688,12.6411,22000,11,0,0,7448,11,0,0,0.05,0.0,0.05,0.0
permutation_random,1100,m,reps_uniform_defl,reps_dfp,reps,-dfp_low_uniform,0.8,100000,3,880,35.3208,28.482855568181847,28.7827,33.957,35.3208,12.4754,22000,0,0,0,7042,0,0,0,0.0,0.0,0.0,0.0
permutation_random,1100,m,reps_no_partition,reps_dfp,reps,,0.8,100000,3,880,31.7696,26.362939431818166,26.7896,30.6061,31.7696,12.4702,22000,0,0,0,7102,0,0,0,0.0,0.0,0.0,0.0
permutation_random,1100,m,reps_minshare10,reps_dfp,reps,-dfp_minimal_share 10,0.8,100000,3,880,32.9592,25.57904818181822,25.8101,29.6666,32.9592,12.4754,22000,0,0,0,6974,0,0,0,0.0,0.0,0.0,0.0
permutation_random,1100,m,reps_partition,reps_dfp,reps,-reps_partition_entropy -reps_escalate_threshold 0.2 -reps_warmup_explore_rtts 0.5 -reps_explore_prob 70,0.8,100000,3,880,32.2816,26.057486136363668,26.3107,31.1528,32.2816,12.4754,22000,0,0,0,7106,0,0,0,0.0,0.0,0.0,0.0
permutation_random,1100,m,fpar_tuned,fpar,oblivious,-threshold 20750 -disable_hop_rtt_normalization,0.8,100000,4,880,41.2506,24.44240136363633,23.6376,35.4176,41.2506,12.6411,22000,8,0,0,7410,8,0,0,0.03636363636363636,0.0,0.03636363636363636,0.0
permutation_random,1100,m,reps_uniform_defl,reps_dfp,reps,-dfp_low_uniform,0.8,100000,4,880,34.6107,28.428407386363606,28.7981,33.4512,34.6107,12.4702,22000,0,0,0,7025,0,0,0,0.0,0.0,0.0,0.0
permutation_random,1100,m,reps_no_partition,reps_dfp,reps,,0.8,100000,4,880,32.2867,26.214955681818232,26.6256,30.945,32.2867,12.4702,22000,0,0,0,7075,0,0,0,0.0,0.0,0.0,0.0
permutation_random,1100,m,reps_minshare10,reps_dfp,reps,-dfp_minimal_share 10,0.8,100000,4,880,32.4557,25.510600795454557,25.805,30.6494,32.4557,12.4702,22000,0,0,0,6951,0,0,0,0.0,0.0,0.0,0.0
permutation_random,1100,m,reps_partition,reps_dfp,reps,-reps_partition_entropy -reps_escalate_threshold 0.2 -reps_warmup_explore_rtts 0.5 -reps_explore_prob 70,0.8,100000,4,880,31.965,25.987571250000023,26.3181,30.7627,31.965,12.4702,22000,0,0,0,7103,0,0,0,0.0,0.0,0.0,0.0
permutation_random,1100,m,fpar_tuned,fpar,oblivious,-threshold 20750 -disable_hop_rtt_normalization,0.8,100000,5,880,46.4896,24.97860738636362,23.4707,42.0016,46.4896,12.4754,22000,62,0,0,7861,62,0,0,0.2818181818181818,0.0,0.2818181818181818,0.0
permutation_random,1100,m,reps_uniform_defl,reps_dfp,reps,-dfp_low_uniform,0.8,100000,5,880,36.2878,28.12273613636367,28.4507,33.9494,36.2878,12.4702,22000,0,0,0,6973,0,0,0,0.0,0.0,0.0,0.0
permutation_random,1100,m,reps_no_partition,reps_dfp,reps,,0.8,100000,5,880,33.121,25.858727499999997,26.297,30.9576,33.121,12.6411,22000,0,0,0,7039,0,0,0,0.0,0.0,0.0,0.0
permutation_random,1100,m,reps_minshare10,reps_dfp,reps,-dfp_minimal_share 10,0.8,100000,5,880,31.1341,25.52958227272732,26.0179,29.9734,31.1341,12.4702,22000,0,0,0,7002,0,0,0,0.0,0.0,0.0,0.0
permutation_random,1100,m,reps_partition,reps_dfp,reps,-reps_partition_entropy -reps_escalate_threshold 0.2 -reps_warmup_explore_rtts 0.5 -reps_explore_prob 70,0.8,100000,5,880,31.6523,25.694193181818193,26.1318,30.6643,31.6523,12.4754,22000,0,0,0,7044,0,0,0,0.0,0.0,0.0,0.0
permutation_random,1100,m,fpar_tuned,fpar,oblivious,-threshold 20750 -disable_hop_rtt_normalization,0.8,250000,1,880,93.5506,44.29099374999999,42.041,70.4131,93.5506,24.6853,54560,2025,0,0,22794,2025,0,0,3.7115102639296187,0.0,3.7115102639296187,0.0
permutation_random,1100,m,reps_uniform_defl,reps_dfp,reps,-dfp_low_uniform,0.8,250000,1,880,58.9998,48.74344590909091,49.6224,56.6576,58.9998,24.675,54560,0,0,0,23175,0,0,0,0.0,0.0,0.0,0.0
permutation_random,1100,m,reps_no_partition,reps_dfp,reps,,0.8,250000,1,880,55.0594,44.98859545454541,46.1342,52.3478,55.0594,24.6802,54560,0,0,0,22476,0,0,0,0.0,0.0,0.0,0.0
permutation_random,1100,m,reps_minshare10,reps_dfp,reps,-dfp_minimal_share 10,0.8,250000,1,880,52.8656,43.15287159090911,43.9861,50.6758,52.8656,24.6802,54560,0,0,0,20327,0,0,0,0.0,0.0,0.0,0.0
permutation_random,1100,m,reps_partition,reps_dfp,reps,-reps_partition_entropy -reps_escalate_threshold 0.2 -reps_warmup_explore_rtts 0.5 -reps_explore_prob 70,0.8,250000,1,880,54.0795,43.0335607954546,43.7579,50.8642,54.0795,24.6802,54560,1,0,0,20149,1,0,0,0.0018328445747800588,0.0,0.0018328445747800588,0.0
permutation_random,1100,m,fpar_tuned,fpar,oblivious,-threshold 20750 -disable_hop_rtt_normalization,0.8,250000,2,880,84.5706,43.81247772727274,42.623,65.923,84.5706,24.6853,54560,1371,0,0,22296,1371,0,0,2.5128299120234603,0.0,2.5128299120234603,0.0
permutation_random,1100,m,reps_uniform_defl,reps_dfp,reps,-dfp_low_uniform,0.8,250000,2,880,64.3112,49.99556238636362,50.719,60.449,64.3112,24.6699,54560,6,0,0,23508,6,0,0,0.010997067448680353,0.0,0.010997067448680353,0.0
permutation_random,1100,m,reps_no_partition,reps_dfp,reps,,0.8,250000,2,880,53.4667,45.33870704545455,46.4674,52.5318,53.4667,24.6853,54560,0,0,0,22752,0,0,0,0.0,0.0,0.0,0.0
permutation_random,1100,m,reps_minshare10,reps_dfp,reps,-dfp_minimal_share 10,0.8,250000,2,880,54.7918,44.16118715909086,44.9701,52.7947,54.7918,24.6802,54560,8,0,0,20832,8,0,0,0.01466275659824047,0.0,0.01466275659824047,0.0
permutation_random,1100,m,reps_partition,reps_dfp,reps,-reps_partition_entropy -reps_escalate_threshold 0.2 -reps_warmup_explore_rtts 0.5 -reps_explore_prob 70,0.8,250000,2,880,54.212,43.694987159090886,44.3342,52.4814,54.212,24.6802,54560,12,0,0,20549,12,0,0,0.021994134897360705,0.0,0.021994134897360705,0.0
permutation_random,1100,m,fpar_tuned,fpar,oblivious,-threshold 20750 -disable_hop_rtt_normalization,0.8,250000,3,880,80.3834,44.19814295454551,42.627,72.691,80.3834,24.9763,54560,1716,0,0,22433,1716,0,0,3.1451612903225805,0.0,3.1451612903225805,0.0
permutation_random,1100,m,reps_uniform_defl,reps_dfp,reps,-dfp_low_uniform,0.8,250000,3,880,63.6581,50.20888840909098,50.7749,58.2618,63.6581,24.7058,54560,3,0,0,24261,3,0,0,0.005498533724340176,0.0,0.005498533724340176,0.0
permutation_random,1100,m,reps_no_partition,reps_dfp,reps,,0.8,250000,3,880,54.9925,45.74199840909088,46.5661,52.2872,54.9925,24.7006,54560,0,0,0,23551,0,0,0,0.0,0.0,0.0,0.0
permutation_random,1100,m,reps_minshare10,reps_dfp,reps,-dfp_minimal_share 10,0.8,250000,3,880,54.1842,44.43525920454545,44.8947,51.6224,54.1842,24.961,54560,0,0,0,21309,0,0,0,0.0,0.0,0.0,0.0
permutation_random,1100,m,reps_partition,reps_dfp,reps,-reps_partition_entropy -reps_escalate_threshold 0.2 -reps_warmup_explore_rtts 0.5 -reps_explore_prob 70,0.8,250000,3,880,52.9413,44.15168772727273,44.6424,52.1197,52.9413,24.6955,54560,0,0,0,20768,0,0,0,0.0,0.0,0.0,0.0
permutation_random,1100,m,fpar_tuned,fpar,oblivious,-threshold 20750 -disable_hop_rtt_normalization,0.8,250000,4,880,82.3432,43.87726590909091,42.305,65.1219,82.3432,24.7058,54560,1350,0,0,22478,1350,0,0,2.474340175953079,0.0,2.474340175953079,0.0
permutation_random,1100,m,reps_uniform_defl,reps_dfp,reps,-dfp_low_uniform,0.8,250000,4,880,60.253,50.13485761363638,50.9043,58.1693,60.253,24.6802,54560,2,0,0,24273,2,0,0,0.0036656891495601175,0.0,0.0036656891495601175,0.0
permutation_random,1100,m,reps_no_partition,reps_dfp,reps,,0.8,250000,4,880,57.1984,45.81141761363635,46.6941,52.727,57.1984,24.6955,54560,4,0,0,23093,4,0,0,0.007331378299120235,0.0,0.007331378299120235,0.0
permutation_random,1100,m,reps_minshare10,reps_dfp,reps,-dfp_minimal_share 10,0.8,250000,4,880,54.1125,44.18391397727277,44.9829,52.0107,54.1125,24.9302,54560,1,0,0,20976,1,0,0,0.0018328445747800588,0.0,0.0018328445747800588,0.0
permutation_random,1100,m,reps_partition,reps_dfp,reps,-reps_partition_entropy -reps_escalate_threshold 0.2 -reps_warmup_explore_rtts 0.5 -reps_explore_prob 70,0.8,250000,4,880,53.3376,43.39515102272732,43.909,50.889,53.3376,24.6955,54560,1,0,0,20460,1,0,0,0.0018328445747800588,0.0,0.0018328445747800588,0.0
permutation_random,1100,m,fpar_tuned,fpar,oblivious,-threshold 20750 -disable_hop_rtt_normalization,0.8,250000,5,880,98.0242,45.39018920454545,43.0245,77.8757,98.0242,24.961,54560,2555,0,0,23935,2555,0,0,4.68291788856305,0.0,4.68291788856305,0.0
permutation_random,1100,m,reps_uniform_defl,reps_dfp,reps,-dfp_low_uniform,0.8,250000,5,880,63.1806,49.41762409090909,50.0886,59.6014,63.1806,24.6802,54560,9,0,0,23459,9,0,0,0.016495601173020527,0.0,0.016495601173020527,0.0
permutation_random,1100,m,reps_no_partition,reps_dfp,reps,,0.8,250000,5,880,55.8638,44.89815329545452,45.66,53.1157,55.8638,24.6904,54560,0,0,0,22229,0,0,0,0.0,0.0,0.0,0.0
permutation_random,1100,m,reps_minshare10,reps_dfp,reps,-dfp_minimal_share 10,0.8,250000,5,880,52.7976,44.109631818181796,45.0933,50.8667,52.7976,24.6955,54560,0,0,0,21082,0,0,0,0.0,0.0,0.0,0.0
permutation_random,1100,m,reps_partition,reps_dfp,reps,-reps_partition_entropy -reps_escalate_threshold 0.2 -reps_warmup_explore_rtts 0.5 -reps_explore_prob 70,0.8,250000,5,880,52.1819,43.162292840909124,43.905,50.927,52.1819,24.9456,54560,0,0,0,20218,0,0,0,0.0,0.0,0.0,0.0
permutation_random,1100,m,fpar_tuned,fpar,oblivious,-threshold 20750 -disable_hop_rtt_normalization,0.8,500000,1,880,197.903,75.1747661363636,67.8558,138.601,197.903,45.0744,108240,5485,0,0,56562,5485,0,0,5.067442719881744,0.0,5.067442719881744,0.0
permutation_random,1100,m,reps_uniform_defl,reps_dfp,reps,-dfp_low_uniform,0.8,500000,1,880,95.2862,81.74530431818182,83.3053,93.8922,95.2862,45.059,108240,56,0,0,55965,56,0,0,0.051736881005173686,0.0,0.051736881005173686,0.0
permutation_random,1100,m,reps_no_partition,reps_dfp,reps,,0.8,500000,1,880,85.5082,74.39905159090902,76.751,83.3302,85.5082,45.0744,108240,154,0,0,58456,154,0,0,0.14227642276422764,0.0,0.14227642276422764,0.0
permutation_random,1100,m,reps_minshare10,reps_dfp,reps,-dfp_minimal_share 10,0.8,500000,1,880,82.7043,71.67825295454553,73.4117,80.403,82.7043,45.0846,108240,90,0,0,52255,90,0,0,0.08314855875831485,0.0,0.08314855875831485,0.0
permutation_random,1100,m,reps_partition,reps_dfp,reps,-reps_partition_entropy -reps_escalate_threshold 0.2 -reps_warmup_explore_rtts 0.5 -reps_explore_prob 70,0.8,500000,1,880,80.5547,69.68489761363638,71.3696,79.7854,80.5547,45.0949,108240,93,0,0,48199,93,0,0,0.08592017738359202,0.0,0.08592017738359202,0.0
permutation_random,1100,m,fpar_tuned,fpar,oblivious,-threshold 20750 -disable_hop_rtt_normalization,0.8,500000,2,880,162.711,73.26518477272732,67.6987,123.26,162.711,45.1205,108240,4761,0,0,55583,4761,0,0,4.398558758314856,0.0,4.398558758314856,0.0
permutation_random,1100,m,reps_uniform_defl,reps_dfp,reps,-dfp_low_uniform,0.8,500000,2,880,100.969,83.06818977272727,84.4707,97.6486,100.969,45.1205,108240,45,0,0,57038,45,0,0,0.041574279379157426,0.0,0.041574279379157426,0.0
permutation_random,1100,m,reps_no_partition,reps_dfp,reps,,0.8,500000,2,880,85.8952,75.0482862500001,77.1467,83.605,85.8952,45.1205,108240,224,0,0,59034,224,0,0,0.20694752402069475,0.0,0.20694752402069475,0.0
permutation_random,1100,m,reps_minshare10,reps_dfp,reps,-dfp_minimal_share 10,0.8,500000,2,880,83.5368,72.47087477272731,74.2107,81.5448,83.5368,45.0846,108240,222,0,0,53715,222,0,0,0.20509977827050999,0.0,0.20509977827050999,0.0
permutation_random,1100,m,reps_partition,reps_dfp,reps,-reps_partition_entropy -reps_escalate_threshold 0.2 -reps_warmup_explore_rtts 0.5 -reps_explore_prob 70,0.8,500000,2,880,80.2653,70.09118261363636,71.5856,78.4235,80.2653,45.1154,108240,131,0,0,49074,131,0,0,0.12102734663710274,0.0,0.12102734663710274,0.0
permutation_random,1100,m,fpar_tuned,fpar,oblivious,-threshold 20750 -disable_hop_rtt_normalization,0.8,500000,3,880,156.612,73.65963977272726,67.8413,134.877,156.612,45.3318,108240,4619,0,0,55535,4619,0,0,4.267368810051737,0.0,4.267368810051737,0.0
permutation_random,1100,m,reps_uniform_defl,reps_dfp,reps,-dfp_low_uniform,0.8,500000,3,880,98.8531,84.4122727272727,85.7242,97.3774,98.8531,45.6133,108240,93,0,0,59328,93,0,0,0.08592017738359202,0.0,0.08592017738359202,0.0
permutation_random,1100,m,reps_no_partition,reps_dfp,reps,,0.8,500000,3,880,86.9645,76.21221954545457,78.2202,84.7798,86.9645,45.2336,108240,117,0,0,62250,117,0,0,0.10809312638580931,0.0,0.10809312638580931,0.0
permutation_random,1100,m,reps_minshare10,reps_dfp,reps,-dfp_minimal_share 10,0.8,500000,3,880,83.1227,73.43859079545456,75.1158,82.0022,83.1227,45.2846,108240,130,0,0,56510,130,0,0,0.12010347376201035,0.0,0.12010347376201035,0.0
permutation_random,1100,m,reps_partition,reps_dfp,reps,-reps_partition_entropy -reps_escalate_threshold 0.2 -reps_warmup_explore_rtts 0.5 -reps_explore_prob 70,0.8,500000,3,880,82.5238,71.12202079545453,72.2302,80.7381,82.5238,45.1358,108240,157,0,0,50416,157,0,0,0.1450480413895048,0.0,0.1450480413895048,0.0
permutation_random,1100,m,fpar_tuned,fpar,oblivious,-threshold 20750 -disable_hop_rtt_normalization,0.8,500000,4,880,172.638,74.28095636363634,69.037,124.271,172.638,45.1461,108240,4776,0,0,56836,4776,0,0,4.412416851441241,0.0,4.412416851441241,0.0
permutation_random,1100,m,reps_uniform_defl,reps_dfp,reps,-dfp_low_uniform,0.8,500000,4,880,98.856,84.14283318181818,85.6934,95.7542,98.856,45.1205,108240,45,0,0,59696,45,0,0,0.041574279379157426,0.0,0.041574279379157426,0.0
permutation_random,1100,m,reps_no_partition,reps_dfp,reps,,0.8,500000,4,880,86.4075,76.18781965909095,78.4534,84.0653,86.4075,45.1914,108240,272,0,0,60881,272,0,0,0.25129342202512933,0.0,0.25129342202512933,0.0
permutation_random,1100,m,reps_minshare10,reps_dfp,reps,-dfp_minimal_share 10,0.8,500000,4,880,83.4864,73.06488363636372,74.8003,81.6243,83.4864,45.1256,108240,112,0,0,54615,112,0,0,0.10347376201034737,0.0,0.10347376201034737,0.0
permutation_random,1100,m,reps_partition,reps_dfp,reps,-reps_partition_entropy -reps_escalate_threshold 0.2 -reps_warmup_explore_rtts 0.5 -reps_explore_prob 70,0.8,500000,4,880,79.4342,70.43996147727272,71.7878,78.5269,79.4342,45.2227,108240,82,0,0,49701,82,0,0,0.07575757575757576,0.0,0.07575757575757576,0.0
permutation_random,1100,m,fpar_tuned,fpar,oblivious,-threshold 20750 -disable_hop_rtt_normalization,0.8,500000,5,880,178.984,76.94251079545454,68.4445,153.421,178.984,45.157,108240,5961,0,0,58367,5961,0,0,5.50720620842572,0.0,5.50720620842572,0.0
permutation_random,1100,m,reps_uniform_defl,reps_dfp,reps,-dfp_low_uniform,0.8,500000,5,880,100.583,82.88643511363621,84.421,95.8611,100.583,45.0949,108240,79,0,0,57121,79,0,0,0.07298595713229859,0.0,0.07298595713229859,0.0
permutation_random,1100,m,reps_no_partition,reps_dfp,reps,,0.8,500000,5,880,86.6994,74.77230909090903,77.0398,84.7022,86.6994,45.1822,108240,145,0,0,58117,145,0,0,0.13396156688839617,0.0,0.13396156688839617,0.0
permutation_random,1100,m,reps_minshare10,reps_dfp,reps,-dfp_minimal_share 10,0.8,500000,5,880,83.4093,72.67104806818175,74.6504,81.2392,83.4093,45.2483,108240,140,0,0,53833,140,0,0,0.1293422025129342,0.0,0.1293422025129342,0.0
permutation_random,1100,m,reps_partition,reps_dfp,reps,-reps_partition_entropy -reps_escalate_threshold 0.2 -reps_warmup_explore_rtts 0.5 -reps_explore_prob 70,0.8,500000,5,880,81.1997,69.65587147727271,70.9318,79.7131,81.1997,45.4638,108240,95,0,0,48109,95,0,0,0.08776792313377679,0.0,0.08776792313377679,0.0
permutation_random,1100,m,fpar_tuned,fpar,oblivious,-threshold 20750 -disable_hop_rtt_normalization,0.8,2000000,1,880,713.235,268.8643840909094,217.768,627.04,713.235,167.739,431200,7400,0,0,254154,7400,0,0,1.7161410018552876,0.0,1.7161410018552876,0.0
permutation_random,1100,m,reps_uniform_defl,reps_dfp,reps,-dfp_low_uniform,0.8,2000000,1,880,439.299,263.50163295454524,262.063,365.053,439.299,167.764,431200,174,0,0,242758,174,0,0,0.040352504638218926,0.0,0.040352504638218926,0.0
permutation_random,1100,m,reps_no_partition,reps_dfp,reps,,0.8,2000000,1,880,391.65,237.59176590909092,236.895,313.767,391.65,168.01,431200,665,0,0,252016,665,0,0,0.15422077922077923,0.0,0.15422077922077923,0.0
permutation_random,1100,m,reps_minshare10,reps_dfp,reps,-dfp_minimal_share 10,0.8,2000000,1,880,346.606,228.43284659090915,230.765,294.924,346.606,167.926,431200,790,0,0,239476,790,0,0,0.18320964749536178,0.0,0.18320964749536178,0.0
permutation_random,1100,m,reps_partition,reps_dfp,reps,-reps_partition_entropy -reps_escalate_threshold 0.2 -reps_warmup_explore_rtts 0.5 -reps_explore_prob 70,0.8,2000000,1,880,407.825,235.6658318181817,232.94,325.972,407.825,167.931,431200,1329,0,0,237886,1329,0,0,0.3082096474953618,0.0,0.3082096474953618,0.0
permutation_random,1100,m,fpar_tuned,fpar,oblivious,-threshold 20750 -disable_hop_rtt_normalization,0.8,2000000,2,880,668.464,257.6702272727272,212.788,513.935,668.464,167.765,431200,6547,0,0,249732,6547,0,0,1.5183209647495362,0.0,1.5183209647495362,0.0
permutation_random,1100,m,reps_uniform_defl,reps_dfp,reps,-dfp_low_uniform,0.8,2000000,2,880,510.918,265.92781136363664,263.57,393.13,510.918,167.754,431200,164,0,0,246965,164,0,0,0.038033395176252316,0.0,0.038033395176252316,0.0
permutation_random,1100,m,reps_no_partition,reps_dfp,reps,,0.8,2000000,2,880,375.707,240.68588409090887,238.69,323.206,375.707,167.993,431200,920,0,0,252261,920,0,0,0.21335807050092764,0.0,0.21335807050092764,0.0
permutation_random,1100,m,reps_minshare10,reps_dfp,reps,-dfp_minimal_share 10,0.8,2000000,2,880,358.734,231.27709090909056,231.748,316.838,358.734,168.091,431200,844,0,0,239178,844,0,0,0.19573283858998144,0.0,0.19573283858998144,0.0
permutation_random,1100,m,reps_partition,reps_dfp,reps,-reps_partition_entropy -reps_escalate_threshold 0.2 -reps_warmup_explore_rtts 0.5 -reps_explore_prob 70,0.8,2000000,2,880,397.393,238.01626136363637,234.932,328.711,397.393,167.901,431200,1411,0,0,240266,1411,0,0,0.32722634508348797,0.0,0.32722634508348797,0.0
permutation_random,1100,m,fpar_tuned,fpar,oblivious,-threshold 20750 -disable_hop_rtt_normalization,0.8,2000000,3,880,652.856,258.4186750000001,215.169,516.356,652.856,168.017,431200,6751,0,0,249995,6751,0,0,1.565630797773655,0.0,1.565630797773655,0.0
permutation_random,1100,m,reps_uniform_defl,reps_dfp,reps,-dfp_low_uniform,0.8,2000000,3,880,438.731,271.5630602272725,264.108,399.963,438.731,167.814,431200,294,0,0,248732,294,0,0,0.06818181818181818,0.0,0.06818181818181818,0.0
permutation_random,1100,m,reps_no_partition,reps_dfp,reps,,0.8,2000000,3,880,410.101,244.47479204545462,241.475,331.232,410.101,168.013,431200,794,0,0,260242,794,0,0,0.1841372912801484,0.0,0.1841372912801484,0.0
permutation_random,1100,m,reps_minshare10,reps_dfp,reps,-dfp_minimal_share 10,0.8,2000000,3,880,366.327,234.4412977272727,233.966,301.188,366.327,167.89,431200,524,0,0,253709,524,0,0,0.12152133580705009,0.0,0.12152133580705009,0.0
permutation_random,1100,m,reps_partition,reps_dfp,reps,-reps_partition_entropy -reps_escalate_threshold 0.2 -reps_warmup_explore_rtts 0.5 -reps_explore_prob 70,0.8,2000000,3,880,371.829,241.97313409090893,238.115,331.864,371.829,168.173,431200,1658,0,0,246560,1658,0,0,0.3845083487940631,0.0,0.3845083487940631,0.0
permutation_random,1100,m,fpar_tuned,fpar,oblivious,-threshold 20750 -disable_hop_rtt_normalization,0.8,2000000,4,880,656.859,264.5306306818181,226.659,553.054,656.859,168.079,431200,6863,0,0,259016,6863,0,0,1.591604823747681,0.0,1.591604823747681,0.0
permutation_random,1100,m,reps_uniform_defl,reps_dfp,reps,-dfp_low_uniform,0.8,2000000,4,880,467.231,270.0073193181818,264.647,401.996,467.231,167.98,431200,243,0,0,247972,243,0,0,0.056354359925788494,0.0,0.056354359925788494,0.0
permutation_random,1100,m,reps_no_partition,reps_dfp,reps,,0.8,2000000,4,880,382.847,243.11258750000036,239.617,331.444,382.847,168.044,431200,948,0,0,256468,948,0,0,0.21985157699443414,0.0,0.21985157699443414,0.0
permutation_random,1100,m,reps_minshare10,reps_dfp,reps,-dfp_minimal_share 10,0.8,2000000,4,880,329.974,232.61481477272736,232.824,305.26,329.974,167.875,431200,646,0,0,245416,646,0,0,0.14981447124304267,0.0,0.14981447124304267,0.0
permutation_random,1100,m,reps_partition,reps_dfp,reps,-reps_partition_entropy -reps_escalate_threshold 0.2 -reps_warmup_explore_rtts 0.5 -reps_explore_prob 70,0.8,2000000,4,880,370.375,239.91013181818175,236.677,330.392,370.375,167.957,431200,1379,0,0,246978,1379,0,0,0.3198051948051948,0.0,0.3198051948051948,0.0
permutation_random,1100,m,fpar_tuned,fpar,oblivious,-threshold 20750 -disable_hop_rtt_normalization,0.8,2000000,5,880,801.888,273.1758352272726,219.579,655.974,801.888,167.865,431200,7797,0,0,260497,7797,0,0,1.8082096474953617,0.0,1.8082096474953617,0.0
permutation_random,1100,m,reps_uniform_defl,reps_dfp,reps,-dfp_low_uniform,0.8,2000000,5,880,449.718,266.9711943181821,262.437,401.258,449.718,167.923,431200,332,0,0,245164,332,0,0,0.07699443413729128,0.0,0.07699443413729128,0.0
permutation_random,1100,m,reps_no_partition,reps_dfp,reps,,0.8,2000000,5,880,364.59,238.37252386363656,237.217,327.35,364.59,168.243,431200,530,0,0,254593,530,0,0,0.12291280148423006,0.0,0.12291280148423006,0.0
permutation_random,1100,m,reps_minshare10,reps_dfp,reps,-dfp_minimal_share 10,0.8,2000000,5,880,349.327,230.61821590909088,231.49,305.277,349.327,168.079,431200,919,0,0,238658,919,0,0,0.213126159554731,0.0,0.213126159554731,0.0
permutation_random,1100,m,reps_partition,reps_dfp,reps,-reps_partition_entropy -reps_escalate_threshold 0.2 -reps_warmup_explore_rtts 0.5 -reps_explore_prob 70,0.8,2000000,5,880,350.712,236.43790568181822,234.705,324.284,350.712,168.164,431200,1489,0,0,239911,1489,0,0,0.34531539888682744,0.0,0.34531539888682744,0.0
permutation_random,1100,m,fpar_tuned,fpar,oblivious,-threshold 20750 -disable_hop_rtt_normalization,0.8,5000000,1,880,1772.56,653.5924363636367,529.843,1582.53,1772.56,412.809,1077120,8141,0,0,663348,8141,0,0,0.7558117944147356,0.0,0.7558117944147356,0.0
permutation_random,1100,m,reps_uniform_defl,reps_dfp,reps,-dfp_low_uniform,0.8,5000000,1,880,1033.74,625.6095829545459,620.971,860.412,1033.74,412.763,1077120,179,0,0,572336,179,0,0,0.016618389780154487,0.0,0.016618389780154487,0.0
permutation_random,1100,m,reps_no_partition,reps_dfp,reps,,0.8,5000000,1,880,926.988,563.7326090909092,556.887,746.987,926.988,412.939,1077120,802,0,0,582221,802,0,0,0.07445781342840166,0.0,0.07445781342840166,0.0
permutation_random,1100,m,reps_minshare10,reps_dfp,reps,-dfp_minimal_share 10,0.8,5000000,1,880,874.799,543.5967840909091,540.002,738.08,874.799,412.795,1077120,916,0,0,552784,916,0,0,0.08504159239453357,0.0,0.08504159239453357,0.0
permutation_random,1100,m,reps_partition,reps_dfp,reps,-reps_partition_entropy -reps_escalate_threshold 0.2 -reps_warmup_explore_rtts 0.5 -reps_explore_prob 70,0.8,5000000,1,880,975.814,566.5994340909093,556.498,798.893,975.814,412.734,1077120,1511,0,0,552102,1511,0,0,0.14028149138443255,0.0,0.14028149138443255,0.0
permutation_random,1100,m,fpar_tuned,fpar,oblivious,-threshold 20750 -disable_hop_rtt_normalization,0.8,5000000,2,880,1665.73,628.4006795454553,515.824,1285.78,1665.73,412.678,1077120,7310,0,0,654759,7310,0,0,0.6786616161616161,0.0,0.6786616161616161,0.0
permutation_random,1100,m,reps_uniform_defl,reps_dfp,reps,-dfp_low_uniform,0.8,5000000,2,880,1021.89,630.0158852272727,622.013,912.298,1021.89,412.683,1077120,171,0,0,577367,171,0,0,0.015875668449197862,0.0,0.015875668449197862,0.0
permutation_random,1100,m,reps_no_partition,reps_dfp,reps,,0.8,5000000,2,880,822.564,569.8903488636365,563.718,762.386,822.564,413.056,1077120,1036,0,0,577744,1036,0,0,0.09618241235888295,0.0,0.09618241235888295,0.0
permutation_random,1100,m,reps_minshare10,reps_dfp,reps,-dfp_minimal_share 10,0.8,5000000,2,880,869.604,548.7339443181824,541.541,738.462,869.604,413.144,1077120,1168,0,0,553425,1168,0,0,0.10843731431966726,0.0,0.10843731431966726,0.0
permutation_random,1100,m,reps_partition,reps_dfp,reps,-reps_partition_entropy -reps_escalate_threshold 0.2 -reps_warmup_explore_rtts 0.5 -reps_explore_prob 70,0.8,5000000,2,880,899.534,572.1611227272725,563.266,811.431,899.534,412.954,1077120,1679,0,0,554241,1679,0,0,0.15587863933452167,0.0,0.15587863933452167,0.0
permutation_random,1100,m,fpar_tuned,fpar,oblivious,-threshold 20750 -disable_hop_rtt_normalization,0.8,5000000,3,880,1674.1,630.7476374999994,525.503,1296.51,1674.1,413.419,1077120,7364,0,0,655347,7364,0,0,0.6836749851455733,0.0,0.6836749851455733,0.0
permutation_random,1100,m,reps_uniform_defl,reps_dfp,reps,-dfp_low_uniform,0.8,5000000,3,880,1041.08,641.7958499999999,627.238,889.569,1041.08,413.056,1077120,330,0,0,581983,330,0,0,0.030637254901960783,0.0,0.030637254901960783,0.0
permutation_random,1100,m,reps_no_partition,reps_dfp,reps,,0.8,5000000,3,880,905.889,578.7833113636361,572.583,776.265,905.889,413.375,1077120,935,0,0,599468,935,0,0,0.08680555555555555,0.0,0.08680555555555555,0.0
permutation_random,1100,m,reps_minshare10,reps_dfp,reps,-dfp_minimal_share 10,0.8,5000000,3,880,911.498,557.3936602272727,550.525,708.319,911.498,413.333,1077120,701,0,0,584441,701,0,0,0.06508095662507427,0.0,0.06508095662507427,0.0
permutation_random,1100,m,reps_partition,reps_dfp,reps,-reps_partition_entropy -reps_escalate_threshold 0.2 -reps_warmup_explore_rtts 0.5 -reps_explore_prob 70,0.8,5000000,3,880,907.217,582.3811249999998,577.318,778.176,907.217,413.105,1077120,2046,0,0,566124,2046,0,0,0.18995098039215685,0.0,0.18995098039215685,0.0
permutation_random,1100,m,fpar_tuned,fpar,oblivious,-threshold 20750 -disable_hop_rtt_normalization,0.8,5000000,4,880,1629.68,646.3610125000005,552.0,1454.96,1629.68,412.958,1077120,7692,0,0,678211,7692,0,0,0.714126559714795,0.0,0.714126559714795,0.0
permutation_random,1100,m,reps_uniform_defl,reps_dfp,reps,-dfp_low_uniform,0.8,5000000,4,880,1025.52,639.0227465909086,627.777,880.944,1025.52,413.11,1077120,256,0,0,580474,256,0,0,0.023767082590612002,0.0,0.023767082590612002,0.0
permutation_random,1100,m,reps_no_partition,reps_dfp,reps,,0.8,5000000,4,880,880.954,575.2783056818183,565.398,751.529,880.954,413.401,1077120,1092,0,0,589394,1092,0,0,0.10138146167557932,0.0,0.10138146167557932,0.0
permutation_random,1100,m,reps_minshare10,reps_dfp,reps,-dfp_minimal_share 10,0.8,5000000,4,880,786.213,553.3818852272726,546.611,716.654,786.213,413.296,1077120,769,0,0,567493,769,0,0,0.07139408793820559,0.0,0.07139408793820559,0.0
permutation_random,1100,m,reps_partition,reps_dfp,reps,-reps_partition_entropy -reps_escalate_threshold 0.2 -reps_warmup_explore_rtts 0.5 -reps_explore_prob 70,0.8,5000000,4,880,984.157,577.8776318181822,566.858,780.741,984.157,412.918,1077120,1608,0,0,567289,1608,0,0,0.14928698752228164,0.0,0.14928698752228164,0.0
permutation_random,1100,m,fpar_tuned,fpar,oblivious,-threshold 20750 -disable_hop_rtt_normalization,0.8,5000000,5,880,2036.35,666.7722556818179,538.721,1655.01,2036.35,412.959,1077120,8569,0,0,672215,8569,0,0,0.795547385620915,0.0,0.795547385620915,0.0
permutation_random,1100,m,reps_uniform_defl,reps_dfp,reps,-dfp_low_uniform,0.8,5000000,5,880,1067.55,631.3537056818185,620.814,892.314,1067.55,413.174,1077120,355,0,0,573875,355,0,0,0.032958259061200236,0.0,0.032958259061200236,0.0
permutation_random,1100,m,reps_no_partition,reps_dfp,reps,,0.8,5000000,5,880,912.704,566.1698624999999,559.317,750.441,912.704,413.675,1077120,634,0,0,587066,634,0,0,0.058860665478312535,0.0,0.058860665478312535,0.0
permutation_random,1100,m,reps_minshare10,reps_dfp,reps,-dfp_minimal_share 10,0.8,5000000,5,880,828.699,547.5243034090909,540.935,747.05,828.699,413.552,1077120,1196,0,0,550074,1196,0,0,0.11103683897801545,0.0,0.11103683897801545,0.0
permutation_random,1100,m,reps_partition,reps_dfp,reps,-reps_partition_entropy -reps_escalate_threshold 0.2 -reps_warmup_explore_rtts 0.5 -reps_explore_prob 70,0.8,5000000,5,880,825.232,569.5794681818178,562.02,766.441,825.232,413.121,1077120,1768,0,0,554845,1768,0,0,0.16414141414141414,0.0,0.16414141414141414,0.0
permutation_random,1100,m,fpar_tuned,fpar,oblivious,-threshold 20750 -disable_hop_rtt_normalization,0.8,10000000,1,880,3600.05,1299.5543511363637,1047.72,3110.55,3600.05,821.168,2154240,9259,0,0,1342134,9259,0,0,0.42980355020796196,0.0,0.42980355020796196,0.0
permutation_random,1100,m,reps_uniform_defl,reps_dfp,reps,-dfp_low_uniform,0.8,10000000,1,880,1869.73,1230.1661818181813,1225.77,1653.99,1869.73,821.026,2154240,217,0,0,1119129,217,0,0,0.010073158051099228,0.0,0.010073158051099228,0.0
permutation_random,1100,m,reps_no_partition,reps_dfp,reps,,0.8,10000000,1,880,1707.24,1109.3613034090909,1110.29,1431.34,1707.24,821.095,2154240,1110,0,0,1129319,1110,0,0,0.05152629233511587,0.0,0.05152629233511587,0.0
permutation_random,1100,m,reps_minshare10,reps_dfp,reps,-dfp_minimal_share 10,0.8,10000000,1,880,1685.52,1069.2038579545454,1063.2,1399.14,1685.52,821.543,2154240,1199,0,0,1073649,1199,0,0,0.05565767973856209,0.0,0.05565767973856209,0.0
permutation_random,1100,m,reps_partition,reps_dfp,reps,-reps_partition_entropy -reps_escalate_threshold 0.2 -reps_warmup_explore_rtts 0.5 -reps_explore_prob 70,0.8,10000000,1,880,1739.01,1121.0533284090893,1116.08,1516.41,1739.01,821.466,2154240,1885,0,0,1091190,1885,0,0,0.0875018568033274,0.0,0.0875018568033274,0.0
permutation_random,1100,m,fpar_tuned,fpar,oblivious,-threshold 20750 -disable_hop_rtt_normalization,0.8,10000000,2,880,3310.91,1247.4288534090902,1026.24,2489.87,3310.91,821.533,2154240,8387,0,0,1327065,8387,0,0,0.3893252376708259,0.0,0.3893252376708259,0.0
permutation_random,1100,m,reps_uniform_defl,reps_dfp,reps,-dfp_low_uniform,0.8,10000000,2,880,1865.78,1240.2769579545452,1235.74,1665.2,1865.78,821.197,2154240,191,0,0,1129442,191,0,0,0.008866235888294712,0.0,0.008866235888294712,0.0
permutation_random,1100,m,reps_no_partition,reps_dfp,reps,,0.8,10000000,2,880,1579.84,1121.955267045455,1122.8,1459.47,1579.84,821.644,2154240,1282,0,0,1128357,1282,0,0,0.059510546642899585,0.0,0.059510546642899585,0.0
permutation_random,1100,m,reps_minshare10,reps_dfp,reps,-dfp_minimal_share 10,0.8,10000000,2,880,1599.18,1079.3480068181816,1071.33,1387.97,1599.18,821.611,2154240,1492,0,0,1079437,1492,0,0,0.06925876411170528,0.0,0.06925876411170528,0.0
permutation_random,1100,m,reps_partition,reps_dfp,reps,-reps_partition_entropy -reps_escalate_threshold 0.2 -reps_warmup_explore_rtts 0.5 -reps_explore_prob 70,0.8,10000000,2,880,1692.6,1132.283364772728,1136.86,1516.49,1692.6,821.279,2154240,2068,0,0,1100667,2068,0,0,0.0959967320261438,0.0,0.0959967320261438,0.0
permutation_random,1100,m,fpar_tuned,fpar,oblivious,-threshold 20750 -disable_hop_rtt_normalization,0.8,10000000,3,880,3330.18,1253.1996318181816,1039.96,2559.15,3330.18,822.184,2154240,8638,0,0,1329804,8638,0,0,0.40097667855020797,0.0,0.40097667855020797,0.0
permutation_random,1100,m,reps_uniform_defl,reps_dfp,reps,-dfp_low_uniform,0.8,10000000,3,880,1878.47,1260.8205386363647,1247.49,1680.09,1878.47,822.097,2154240,330,0,0,1140312,330,0,0,0.015318627450980392,0.0,0.015318627450980392,0.0
permutation_random,1100,m,reps_no_partition,reps_dfp,reps,,0.8,10000000,3,880,1692.42,1139.9756818181822,1143.58,1458.12,1692.42,822.166,2154240,1153,0,0,1168527,1153,0,0,0.053522355912061795,0.0,0.053522355912061795,0.0
permutation_random,1100,m,reps_minshare10,reps_dfp,reps,-dfp_minimal_share 10,0.8,10000000,3,880,1672.3,1097.8126034090924,1093.74,1390.14,1672.3,822.378,2154240,1002,0,0,1130142,1002,0,0,0.04651292335115865,0.0,0.04651292335115865,0.0
permutation_random,1100,m,reps_partition,reps_dfp,reps,-reps_partition_entropy -reps_escalate_threshold 0.2 -reps_warmup_explore_rtts 0.5 -reps_explore_prob 70,0.8,10000000,3,880,1627.73,1152.1568147727276,1152.06,1507.76,1627.73,821.33,2154240,2612,0,0,1120369,2612,0,0,0.12124925727866905,0.0,0.12124925727866905,0.0
permutation_random,1100,m,fpar_tuned,fpar,oblivious,-threshold 20750 -disable_hop_rtt_normalization,0.8,10000000,4,880,3264.05,1287.6982556818164,1101.98,2806.05,3264.05,821.574,2154240,8657,0,0,1384282,8657,0,0,0.40185866013071897,0.0,0.40185866013071897,0.0
permutation_random,1100,m,reps_uniform_defl,reps_dfp,reps,-dfp_low_uniform,0.8,10000000,4,880,1879.89,1255.8819840909077,1244.98,1672.57,1879.89,821.816,2154240,291,0,0,1137078,291,0,0,0.013508244206773618,0.0,0.013508244206773618,0.0
permutation_random,1100,m,reps_no_partition,reps_dfp,reps,,0.8,10000000,4,880,1597.04,1133.782024999999,1135.38,1429.44,1597.04,822.037,2154240,1325,0,0,1150080,1325,0,0,0.06150661021984551,0.0,0.06150661021984551,0.0
permutation_random,1100,m,reps_minshare10,reps_dfp,reps,-dfp_minimal_share 10,0.8,10000000,4,880,1533.65,1088.8626159090913,1081.81,1383.58,1533.65,822.158,2154240,1190,0,0,1098360,1190,0,0,0.05523989898989899,0.0,0.05523989898989899,0.0
permutation_random,1100,m,reps_partition,reps_dfp,reps,-reps_partition_entropy -reps_escalate_threshold 0.2 -reps_warmup_explore_rtts 0.5 -reps_explore_prob 70,0.8,10000000,4,880,1777.13,1142.3172056818196,1140.21,1504.39,1777.13,821.594,2154240,2047,0,0,1119582,2047,0,0,0.09502191027926322,0.0,0.09502191027926322,0.0
permutation_random,1100,m,fpar_tuned,fpar,oblivious,-threshold 20750 -disable_hop_rtt_normalization,0.8,10000000,5,880,3935.23,1330.4565102272736,1073.78,3322.33,3935.23,821.286,2154240,9662,0,0,1370149,9662,0,0,0.44851084373143196,0.0,0.44851084373143196,0.0
permutation_random,1100,m,reps_uniform_defl,reps_dfp,reps,-dfp_low_uniform,0.8,10000000,5,880,1918.94,1242.1609102272726,1226.42,1652.42,1918.94,821.906,2154240,359,0,0,1126902,359,0,0,0.016664809863339274,0.0,0.016664809863339274,0.0
permutation_random,1100,m,reps_no_partition,reps_dfp,reps,,0.8,10000000,5,880,1549.17,1114.3794204545454,1114.23,1401.9,1549.17,822.803,2154240,766,0,0,1144812,766,0,0,0.03555778371954842,0.0,0.03555778371954842,0.0
permutation_random,1100,m,reps_minshare10,reps_dfp,reps,-dfp_minimal_share 10,0.8,10000000,5,880,1578.32,1077.175603409091,1065.56,1406.83,1578.32,822.382,2154240,1652,0,0,1072977,1652,0,0,0.07668597742127153,0.0,0.07668597742127153,0.0
permutation_random,1100,m,reps_partition,reps_dfp,reps,-reps_partition_entropy -reps_escalate_threshold 0.2 -reps_warmup_explore_rtts 0.5 -reps_explore_prob 70,0.8,10000000,5,880,1581.99,1126.7669113636362,1129.93,1462.34,1581.99,822.098,2154240,2220,0,0,1094666,2220,0,0,0.10305258467023173,0.0,0.10305258467023173,0.0
permutation_random,1100,m,fpar_tuned,fpar,oblivious,-threshold 20750 -disable_hop_rtt_normalization,0.9,100000,1,990,45.8768,25.412493030303043,24.2896,39.6725,45.8768,12.4702,24750,45,0,0,8672,45,0,0,0.18181818181818182,0.0,0.18181818181818182,0.0
permutation_random,1100,m,reps_uniform_defl,reps_dfp,reps,-dfp_low_uniform,0.9,100000,1,990,38.445,29.13692484848485,29.6136,34.9752,38.445,12.4702,24750,0,0,0,8085,0,0,0,0.0,0.0,0.0,0.0
permutation_random,1100,m,reps_no_partition,reps_dfp,reps,,0.9,100000,1,990,33.8309,26.93265737373735,27.5162,32.1426,33.8309,12.4702,24750,0,0,0,8177,0,0,0,0.0,0.0,0.0,0.0
permutation_random,1100,m,reps_minshare10,reps_dfp,reps,-dfp_minimal_share 10,0.9,100000,1,990,32.6392,26.326977171717182,26.9576,31.0013,32.6392,12.4702,24750,0,0,0,8007,0,0,0,0.0,0.0,0.0,0.0
permutation_random,1100,m,reps_partition,reps_dfp,reps,-reps_partition_entropy -reps_escalate_threshold 0.2 -reps_warmup_explore_rtts 0.5 -reps_explore_prob 70,0.9,100000,1,990,33.8128,26.895146767676763,27.3306,32.449,33.8128,12.4702,24750,0,0,0,8249,0,0,0,0.0,0.0,0.0,0.0
permutation_random,1100,m,fpar_tuned,fpar,oblivious,-threshold 20750 -disable_hop_rtt_normalization,0.9,100000,2,990,39.0894,24.993871818181844,24.1501,35.5896,39.0894,12.4702,24750,0,0,0,8426,0,0,0,0.0,0.0,0.0,0.0
permutation_random,1100,m,reps_uniform_defl,reps_dfp,reps,-dfp_low_uniform,0.9,100000,2,990,36.921,29.212101212121198,29.7667,34.6261,36.921,12.4702,24750,0,0,0,8068,0,0,0,0.0,0.0,0.0,0.0
permutation_random,1100,m,reps_no_partition,reps_dfp,reps,,0.9,100000,2,990,33.0736,27.112514747474776,27.7901,31.7776,33.0736,12.4702,24750,0,0,0,8245,0,0,0,0.0,0.0,0.0,0.0
permutation_random,1100,m,reps_minshare10,reps_dfp,reps,-dfp_minimal_share 10,0.9,100000,2,990,32.6363,26.483119898989862,26.9781,31.2616,32.6363,12.4702,24750,0,0,0,7982,0,0,0,0.0,0.0,0.0,0.0
permutation_random,1100,m,reps_partition,reps_dfp,reps,-reps_partition_entropy -reps_escalate_threshold 0.2 -reps_warmup_explore_rtts 0.5 -reps_explore_prob 70,0.9,100000,2,990,32.6426,26.650590101010092,27.2936,31.1893,32.6426,12.4702,24750,0,0,0,8166,0,0,0,0.0,0.0,0.0,0.0
permutation_random,1100,m,fpar_tuned,fpar,oblivious,-threshold 20750 -disable_hop_rtt_normalization,0.9,100000,3,990,43.1355,24.88219474747471,24.0003,36.9995,43.1355,12.4754,24750,17,0,0,8342,17,0,0,0.06868686868686869,0.0,0.06868686868686869,0.0
permutation_random,1100,m,reps_uniform_defl,reps_dfp,reps,-dfp_low_uniform,0.9,100000,3,990,36.4648,29.596217878787886,29.8043,34.9768,36.4648,12.4702,24750,0,0,0,8142,0,0,0,0.0,0.0,0.0,0.0
permutation_random,1100,m,reps_no_partition,reps_dfp,reps,,0.9,100000,3,990,34.4574,27.520626666666665,27.8214,33.1506,34.4574,12.6411,24750,0,0,0,8296,0,0,0,0.0,0.0,0.0,0.0
permutation_random,1100,m,reps_minshare10,reps_dfp,reps,-dfp_minimal_share 10,0.9,100000,3,990,33.9416,26.827905858585897,27.2981,31.4336,33.9416,12.6411,24750,0,0,0,8100,0,0,0,0.0,0.0,0.0,0.0
permutation_random,1100,m,reps_partition,reps_dfp,reps,-reps_partition_entropy -reps_escalate_threshold 0.2 -reps_warmup_explore_rtts 0.5 -reps_explore_prob 70,0.9,100000,3,990,35.0976,27.394892828282792,27.6626,33.0696,35.0976,12.4754,24750,0,0,0,8295,0,0,0,0.0,0.0,0.0,0.0
permutation_random,1100,m,fpar_tuned,fpar,oblivious,-threshold 20750 -disable_hop_rtt_normalization,0.9,100000,4,990,42.2978,25.167955555555558,24.3152,36.0696,42.2978,12.4754,24750,10,0,0,8432,10,0,0,0.04040404040404041,0.0,0.04040404040404041,0.0
permutation_random,1100,m,reps_uniform_defl,reps_dfp,reps,-dfp_low_uniform,0.9,100000,4,990,36.293,29.42222989898991,29.7958,34.6208,36.293,12.4702,24750,0,0,0,8108,0,0,0,0.0,0.0,0.0,0.0
permutation_random,1100,m,reps_no_partition,reps_dfp,reps,,0.9,100000,4,990,35.0616,27.1873972727273,27.6421,32.0976,35.0616,12.4702,24750,0,0,0,8205,0,0,0,0.0,0.0,0.0,0.0
permutation_random,1100,m,reps_minshare10,reps_dfp,reps,-dfp_minimal_share 10,0.9,100000,4,990,33.6403,26.695373030303013,27.1267,31.6466,33.6403,12.4702,24750,0,0,0,8036,0,0,0,0.0,0.0,0.0,0.0
permutation_random,1100,m,reps_partition,reps_dfp,reps,-reps_partition_entropy -reps_escalate_threshold 0.2 -reps_warmup_explore_rtts 0.5 -reps_explore_prob 70,0.9,100000,4,990,35.1112,27.10229727272724,27.4547,32.8128,35.1112,12.4702,24750,0,0,0,8259,0,0,0,0.0,0.0,0.0,0.0
permutation_random,1100,m,fpar_tuned,fpar,oblivious,-threshold 20750 -disable_hop_rtt_normalization,0.9,100000,5,990,46.8318,25.577923131313124,24.3221,42.2995,46.8318,12.4754,24750,68,0,0,8840,68,0,0,0.27474747474747474,0.0,0.27474747474747474,0.0
permutation_random,1100,m,reps_uniform_defl,reps_dfp,reps,-dfp_low_uniform,0.9,100000,5,990,37.987,29.228532929292914,29.6579,34.2854,37.987,12.4702,24750,0,0,0,8038,0,0,0,0.0,0.0,0.0,0.0
permutation_random,1100,m,reps_no_partition,reps_dfp,reps,,0.9,100000,5,990,35.003,26.996897272727285,27.6147,31.8134,35.003,12.4702,24750,0,0,0,8155,0,0,0,0.0,0.0,0.0,0.0
permutation_random,1100,m,reps_minshare10,reps_dfp,reps,-dfp_minimal_share 10,0.9,100000,5,990,33.3134,26.47808484848484,26.9718,31.0037,33.3134,12.4702,24750,0,0,0,8016,0,0,0,0.0,0.0,0.0,0.0
permutation_random,1100,m,reps_partition,reps_dfp,reps,-reps_partition_entropy -reps_escalate_threshold 0.2 -reps_warmup_explore_rtts 0.5 -reps_explore_prob 70,0.9,100000,5,990,35.6909,26.906933434343426,27.3766,33.4392,35.6909,12.4702,24750,0,0,0,8216,0,0,0,0.0,0.0,0.0,0.0
permutation_random,1100,m,fpar_tuned,fpar,oblivious,-threshold 20750 -disable_hop_rtt_normalization,0.9,250000,1,990,94.9221,46.18069202020202,45.283,69.5594,94.9221,24.6904,61380,1869,0,0,24936,1869,0,0,3.0449657869012707,0.0,3.0449657869012707,0.0
permutation_random,1100,m,reps_uniform_defl,reps_dfp,reps,-dfp_low_uniform,0.9,250000,1,990,61.2635,52.18459989898991,53.1907,60.2123,61.2635,24.6802,61380,19,0,0,30893,19,0,0,0.030954708374063212,0.0,0.030954708374063212,0.0
permutation_random,1100,m,reps_no_partition,reps_dfp,reps,,0.9,250000,1,990,58.6387,48.04728080808084,49.316,56.7246,58.6387,24.6802,61380,21,0,0,30324,21,0,0,0.03421309872922776,0.0,0.03421309872922776,0.0
permutation_random,1100,m,reps_minshare10,reps_dfp,reps,-dfp_minimal_share 10,0.9,250000,1,990,55.3648,46.497269898989884,47.6827,54.1677,55.3648,24.6904,61380,11,0,0,27334,11,0,0,0.017921146953405017,0.0,0.017921146953405017,0.0
permutation_random,1100,m,reps_partition,reps_dfp,reps,-reps_partition_entropy -reps_escalate_threshold 0.2 -reps_warmup_explore_rtts 0.5 -reps_explore_prob 70,0.9,250000,1,990,58.6211,46.2145744444444,47.2198,55.9352,58.6211,24.6802,61380,31,0,0,26652,31,0,0,0.050505050505050504,0.0,0.050505050505050504,0.0
permutation_random,1100,m,fpar_tuned,fpar,oblivious,-threshold 20750 -disable_hop_rtt_normalization,0.9,250000,2,990,73.1214,45.57991696969696,45.4066,64.1811,73.1214,24.6802,61380,1138,0,0,24614,1138,0,0,1.8540241120886283,0.0,1.8540241120886283,0.0
permutation_random,1100,m,reps_uniform_defl,reps_dfp,reps,-dfp_low_uniform,0.9,250000,2,990,64.6614,52.324658383838425,53.3643,59.7165,64.6614,24.6699,61380,4,0,0,31094,4,0,0,0.006516780710329097,0.0,0.006516780710329097,0.0
permutation_random,1100,m,reps_no_partition,reps_dfp,reps,,0.9,250000,2,990,57.6712,48.08854282828276,49.4787,54.8942,57.6712,24.6802,61380,20,0,0,30313,20,0,0,0.03258390355164549,0.0,0.03258390355164549,0.0
permutation_random,1100,m,reps_minshare10,reps_dfp,reps,-dfp_minimal_share 10,0.9,250000,2,990,55.6013,47.06646252525248,48.0608,54.6046,55.6013,24.6802,61380,39,0,0,27367,39,0,0,0.0635386119257087,0.0,0.0635386119257087,0.0
permutation_random,1100,m,reps_partition,reps_dfp,reps,-reps_partition_entropy -reps_escalate_threshold 0.2 -reps_warmup_explore_rtts 0.5 -reps_explore_prob 70,0.9,250000,2,990,56.1074,45.754147777777746,46.8816,52.9421,56.1074,24.6802,61380,12,0,0,26464,12,0,0,0.019550342130987292,0.0,0.019550342130987292,0.0
permutation_random,1100,m,fpar_tuned,fpar,oblivious,-threshold 20750 -disable_hop_rtt_normalization,0.9,250000,3,990,84.2643,45.26209565656572,44.4418,71.1056,84.2643,24.7058,61380,1285,0,0,24207,1285,0,0,2.0935158031932226,0.0,2.0935158031932226,0.0
permutation_random,1100,m,reps_uniform_defl,reps_dfp,reps,-dfp_low_uniform,0.9,250000,3,990,63.4523,53.24088515151518,54.0432,60.615,63.4523,24.675,61380,9,0,0,31897,9,0,0,0.01466275659824047,0.0,0.01466275659824047,0.0
permutation_random,1100,m,reps_no_partition,reps_dfp,reps,,0.9,250000,3,990,60.0373,48.997230303030314,49.9822,56.7122,60.0373,24.965,61380,20,0,0,31550,20,0,0,0.03258390355164549,0.0,0.03258390355164549,0.0
permutation_random,1100,m,reps_minshare10,reps_dfp,reps,-dfp_minimal_share 10,0.9,250000,3,990,58.6923,47.52672404040407,48.3786,54.6547,58.6923,24.7006,61380,10,0,0,28448,10,0,0,0.016291951775822745,0.0,0.016291951775822745,0.0
permutation_random,1100,m,reps_partition,reps_dfp,reps,-reps_partition_entropy -reps_escalate_threshold 0.2 -reps_warmup_explore_rtts 0.5 -reps_explore_prob 70,0.9,250000,3,990,56.3005,46.854939898989834,47.5174,54.5341,56.3005,24.7058,61380,26,0,0,27299,26,0,0,0.042359074617139135,0.0,0.042359074617139135,0.0
permutation_random,1100,m,fpar_tuned,fpar,oblivious,-threshold 20750 -disable_hop_rtt_normalization,0.9,250000,4,990,79.4781,45.78725727272727,45.0126,68.4694,79.4781,24.7058,61380,1400,0,0,24742,1400,0,0,2.280873248615184,0.0,2.280873248615184,0.0
permutation_random,1100,m,reps_uniform_defl,reps_dfp,reps,-dfp_low_uniform,0.9,250000,4,990,62.491,53.0124507070707,53.7773,61.2592,62.491,24.6802,61380,25,0,0,31799,25,0,0,0.04072987943955686,0.0,0.04072987943955686,0.0
permutation_random,1100,m,reps_no_partition,reps_dfp,reps,,0.9,250000,4,990,57.9776,48.84240717171713,50.0294,55.6354,57.9776,24.6955,61380,13,0,0,31032,13,0,0,0.021179537308569567,0.0,0.021179537308569567,0.0
permutation_random,1100,m,reps_minshare10,reps_dfp,reps,-dfp_minimal_share 10,0.9,250000,4,990,55.6456,47.2516693939394,48.1325,54.8507,55.6456,24.6922,61380,10,0,0,28137,10,0,0,0.016291951775822745,0.0,0.016291951775822745,0.0
permutation_random,1100,m,reps_partition,reps_dfp,reps,-reps_partition_entropy -reps_escalate_threshold 0.2 -reps_warmup_explore_rtts 0.5 -reps_explore_prob 70,0.9,250000,4,990,55.8237,46.404206868686785,47.1456,54.7878,55.8237,24.9342,61380,3,0,0,27250,3,0,0,0.004887585532746823,0.0,0.004887585532746823,0.0
permutation_random,1100,m,fpar_tuned,fpar,oblivious,-threshold 20750 -disable_hop_rtt_normalization,0.9,250000,5,990,88.9701,46.81553707070701,45.5496,80.6627,88.9701,24.716,61380,2165,0,0,25711,2165,0,0,3.527207559465624,0.0,3.527207559465624,0.0
permutation_random,1100,m,reps_uniform_defl,reps_dfp,reps,-dfp_low_uniform,0.9,250000,5,990,62.0242,52.688363535353496,53.5398,60.8253,62.0242,24.675,61380,14,0,0,31242,14,0,0,0.022808732486151843,0.0,0.022808732486151843,0.0
permutation_random,1100,m,reps_no_partition,reps_dfp,reps,,0.9,250000,5,990,57.7907,48.11581595959595,49.2722,56.3978,57.7907,24.6904,61380,20,0,0,29662,20,0,0,0.03258390355164549,0.0,0.03258390355164549,0.0
permutation_random,1100,m,reps_minshare10,reps_dfp,reps,-dfp_minimal_share 10,0.9,250000,5,990,56.4826,46.87396161616164,47.7771,54.7037,56.4826,24.7006,61380,15,0,0,27450,15,0,0,0.024437927663734114,0.0,0.024437927663734114,0.0
permutation_random,1100,m,reps_partition,reps_dfp,reps,-reps_partition_entropy -reps_escalate_threshold 0.2 -reps_warmup_explore_rtts 0.5 -reps_explore_prob 70,0.9,250000,5,990,58.1264,45.80788040404044,46.7262,54.8302,58.1264,24.6904,61380,28,0,0,26443,28,0,0,0.045617464972303685,0.0,0.045617464972303685,0.0
permutation_random,1100,m,fpar_tuned,fpar,oblivious,-threshold 20750 -disable_hop_rtt_normalization,0.9,500000,1,990,183.908,76.58362909090916,70.7978,140.435,183.908,45.1205,121770,6158,0,0,60925,6158,0,0,5.057074813172374,0.0,5.057074813172374,0.0
permutation_random,1100,m,reps_uniform_defl,reps_dfp,reps,-dfp_low_uniform,0.9,500000,1,990,104.491,88.36355414141427,90.3616,101.479,104.491,45.0488,121770,182,0,0,76286,182,0,0,0.14946210068161286,0.0,0.14946210068161286,0.0
permutation_random,1100,m,reps_no_partition,reps_dfp,reps,,0.9,500000,1,990,90.8069,80.45530717171715,83.4899,88.616,90.8069,45.141,121770,689,0,0,80076,689,0,0,0.5658208097232488,0.0,0.5658208097232488,0.0
permutation_random,1100,m,reps_minshare10,reps_dfp,reps,-dfp_minimal_share 10,0.9,500000,1,990,87.6181,77.57114929292926,80.2187,86.0283,87.6181,45.1307,121770,516,0,0,72981,516,0,0,0.42374969204237495,0.0,0.42374969204237495,0.0
permutation_random,1100,m,reps_partition,reps_dfp,reps,-reps_partition_entropy -reps_escalate_threshold 0.2 -reps_warmup_explore_rtts 0.5 -reps_explore_prob 70,0.9,500000,1,990,89.257,75.85178404040403,78.0392,86.2851,89.257,45.1307,121770,462,0,0,66877,462,0,0,0.3794037940379404,0.0,0.3794037940379404,0.0
permutation_random,1100,m,fpar_tuned,fpar,oblivious,-threshold 20750 -disable_hop_rtt_normalization,0.9,500000,2,990,172.52,75.44522040404037,71.597,121.803,172.52,45.1358,121770,5326,0,0,60779,5326,0,0,4.373819495770715,0.0,4.373819495770715,0.0
permutation_random,1100,m,reps_uniform_defl,reps_dfp,reps,-dfp_low_uniform,0.9,500000,2,990,105.548,89.06991222222209,91.1214,102.222,105.548,45.0949,121770,166,0,0,76852,166,0,0,0.1363225753469656,0.0,0.1363225753469656,0.0
permutation_random,1100,m,reps_no_partition,reps_dfp,reps,,0.9,500000,2,990,92.7528,80.80670080808089,83.8618,89.6339,92.7528,45.0898,121770,848,0,0,79636,848,0,0,0.6963948427363061,0.0,0.6963948427363061,0.0
permutation_random,1100,m,reps_minshare10,reps_dfp,reps,-dfp_minimal_share 10,0.9,500000,2,990,87.62,77.78340404040406,80.5939,86.0214,87.62,45.1318,121770,625,0,0,72947,625,0,0,0.5132627083846596,0.0,0.5132627083846596,0.0
permutation_random,1100,m,reps_partition,reps_dfp,reps,-reps_partition_entropy -reps_escalate_threshold 0.2 -reps_warmup_explore_rtts 0.5 -reps_explore_prob 70,0.9,500000,2,990,87.7819,75.44069828282832,77.6088,84.4269,87.7819,45.1205,121770,352,0,0,66696,352,0,0,0.28906955736224027,0.0,0.28906955736224027,0.0
permutation_random,1100,m,fpar_tuned,fpar,oblivious,-threshold 20750 -disable_hop_rtt_normalization,0.9,500000,3,990,186.456,75.03375606060604,71.2051,125.018,186.456,45.424,121770,4842,0,0,59218,4842,0,0,3.976348854397635,0.0,3.976348854397635,0.0
permutation_random,1100,m,reps_uniform_defl,reps_dfp,reps,-dfp_low_uniform,0.9,500000,3,990,107.891,90.64072404040414,92.1562,104.227,107.891,45.296,121770,201,0,0,79311,201,0,0,0.16506528701650652,0.0,0.16506528701650652,0.0
permutation_random,1100,m,reps_no_partition,reps_dfp,reps,,0.9,500000,3,990,91.344,82.106150909091,84.5717,89.9334,91.344,45.3398,121770,905,0,0,83315,905,0,0,0.7432044017409871,0.0,0.7432044017409871,0.0
permutation_random,1100,m,reps_minshare10,reps_dfp,reps,-dfp_minimal_share 10,0.9,500000,3,990,88.2942,78.99296090909097,81.0112,86.873,88.2942,45.141,121770,448,0,0,76585,448,0,0,0.367906709370124,0.0,0.367906709370124,0.0
permutation_random,1100,m,reps_partition,reps_dfp,reps,-reps_partition_entropy -reps_escalate_threshold 0.2 -reps_warmup_explore_rtts 0.5 -reps_explore_prob 70,0.9,500000,3,990,89.2237,77.35986757575772,79.2882,86.5677,89.2237,45.1512,121770,604,0,0,69552,604,0,0,0.49601708138293504,0.0,0.49601708138293504,0.0
permutation_random,1100,m,fpar_tuned,fpar,oblivious,-threshold 20750 -disable_hop_rtt_normalization,0.9,500000,4,990,168.83,75.92715383838383,72.1875,129.636,168.83,45.337,121770,5115,0,0,60681,5115,0,0,4.200542005420054,0.0,4.200542005420054,0.0
permutation_random,1100,m,reps_uniform_defl,reps_dfp,reps,-dfp_low_uniform,0.9,500000,4,990,105.256,90.53790959595968,92.3016,101.631,105.256,45.0744,121770,299,0,0,79157,299,0,0,0.24554487969122116,0.0,0.24554487969122116,0.0
permutation_random,1100,m,reps_no_partition,reps_dfp,reps,,0.9,500000,4,990,91.8848,81.79042505050508,84.583,89.7586,91.8848,45.1358,121770,886,0,0,82210,886,0,0,0.7276012154060935,0.0,0.7276012154060935,0.0
permutation_random,1100,m,reps_minshare10,reps_dfp,reps,-dfp_minimal_share 10,0.9,500000,4,990,89.009,78.70675636363637,81.0653,86.6774,89.009,45.1461,121770,569,0,0,76014,569,0,0,0.4672743697133941,0.0,0.4672743697133941,0.0
permutation_random,1100,m,reps_partition,reps_dfp,reps,-reps_partition_entropy -reps_escalate_threshold 0.2 -reps_warmup_explore_rtts 0.5 -reps_explore_prob 70,0.9,500000,4,990,86.0021,76.74884141414132,78.8115,85.0006,86.0021,45.1512,121770,372,0,0,68944,372,0,0,0.3054939640305494,0.0,0.3054939640305494,0.0
permutation_random,1100,m,fpar_tuned,fpar,oblivious,-threshold 20750 -disable_hop_rtt_normalization,0.9,500000,5,990,178.637,77.46865505050503,70.6222,150.662,178.637,45.2445,121770,6643,0,0,63393,6643,0,0,5.45536667487887,0.0,5.45536667487887,0.0
permutation_random,1100,m,reps_uniform_defl,reps_dfp,reps,-dfp_low_uniform,0.9,500000,5,990,105.923,89.87131585858596,91.7621,104.117,105.923,45.0949,121770,189,0,0,77292,189,0,0,0.15521064301552107,0.0,0.15521064301552107,0.0
permutation_random,1100,m,reps_no_partition,reps_dfp,reps,,0.9,500000,5,990,91.5883,80.50477808080811,83.2702,89.7624,91.5883,45.1256,121770,721,0,0,78921,721,0,0,0.5920998603925434,0.0,0.5920998603925434,0.0
permutation_random,1100,m,reps_minshare10,reps_dfp,reps,-dfp_minimal_share 10,0.9,500000,5,990,89.7158,77.97863010101021,80.5648,87.6035,89.7158,45.3216,121770,445,0,0,73153,445,0,0,0.3654430483698776,0.0,0.3654430483698776,0.0
permutation_random,1100,m,reps_partition,reps_dfp,reps,-reps_partition_entropy -reps_escalate_threshold 0.2 -reps_warmup_explore_rtts 0.5 -reps_explore_prob 70,0.9,500000,5,990,87.3806,75.3095483838384,77.4845,84.8595,87.3806,45.3677,121770,396,0,0,66244,396,0,0,0.3252032520325203,0.0,0.3252032520325203,0.0
permutation_random,1100,m,fpar_tuned,fpar,oblivious,-threshold 20750 -disable_hop_rtt_normalization,0.9,2000000,1,990,705.175,273.97107979798,229.922,610.982,705.175,167.771,485100,9183,0,0,283345,9183,0,0,1.8930117501546073,0.0,1.8930117501546073,0.0
permutation_random,1100,m,reps_uniform_defl,reps_dfp,reps,-dfp_low_uniform,0.9,2000000,1,990,483.102,289.1162343434345,281.034,438.856,483.102,167.829,485100,382,0,0,293395,382,0,0,0.0787466501752216,0.0,0.0787466501752216,0.0
permutation_random,1100,m,reps_no_partition,reps_dfp,reps,,0.9,2000000,1,990,406.876,262.61401818181866,260.865,362.068,406.876,167.983,485100,1542,0,0,292620,1542,0,0,0.3178726035868893,0.0,0.3178726035868893,0.0
permutation_random,1100,m,reps_minshare10,reps_dfp,reps,-dfp_minimal_share 10,0.9,2000000,1,990,395.544,250.86148888888923,246.282,355.476,395.544,167.983,485100,1364,0,0,289713,1364,0,0,0.2811791383219955,0.0,0.2811791383219955,0.0
permutation_random,1100,m,reps_partition,reps_dfp,reps,-reps_partition_entropy -reps_escalate_threshold 0.2 -reps_warmup_explore_rtts 0.5 -reps_explore_prob 70,0.9,2000000,1,990,444.561,261.5929393939393,260.844,370.713,444.561,167.988,485100,2316,0,0,282938,2316,0,0,0.4774273345701917,0.0,0.4774273345701917,0.0
permutation_random,1100,m,fpar_tuned,fpar,oblivious,-threshold 20750 -disable_hop_rtt_normalization,0.9,2000000,2,990,613.22,265.86970707070685,227.927,527.581,613.22,167.836,485100,8561,0,0,280204,8561,0,0,1.7647907647907648,0.0,1.7647907647907648,0.0
permutation_random,1100,m,reps_uniform_defl,reps_dfp,reps,-dfp_low_uniform,0.9,2000000,2,990,477.422,290.9424434343436,281.535,430.608,477.422,167.773,485100,488,0,0,291799,488,0,0,0.10059781488352917,0.0,0.10059781488352917,0.0
permutation_random,1100,m,reps_no_partition,reps_dfp,reps,,0.9,2000000,2,990,432.714,264.05746868686884,263.536,366.508,432.714,167.57,485100,1702,0,0,289827,1702,0,0,0.3508554937126366,0.0,0.3508554937126366,0.0
permutation_random,1100,m,reps_minshare10,reps_dfp,reps,-dfp_minimal_share 10,0.9,2000000,2,990,412.188,250.8558030303031,247.882,352.353,412.188,167.598,485100,1491,0,0,288570,1491,0,0,0.30735930735930733,0.0,0.30735930735930733,0.0
permutation_random,1100,m,reps_partition,reps_dfp,reps,-reps_partition_entropy -reps_escalate_threshold 0.2 -reps_warmup_explore_rtts 0.5 -reps_explore_prob 70,0.9,2000000,2,990,383.261,261.3747757575759,261.081,361.555,383.261,167.896,485100,2365,0,0,284997,2365,0,0,0.4875283446712018,0.0,0.4875283446712018,0.0
permutation_random,1100,m,fpar_tuned,fpar,oblivious,-threshold 20750 -disable_hop_rtt_normalization,0.9,2000000,3,990,805.434,265.1626464646463,228.352,507.12,805.434,167.979,485100,8478,0,0,280760,8478,0,0,1.7476808905380334,0.0,1.7476808905380334,0.0
permutation_random,1100,m,reps_uniform_defl,reps_dfp,reps,-dfp_low_uniform,0.9,2000000,3,990,560.471,297.2121272727275,285.004,450.156,560.471,168.01,485100,460,0,0,296154,460,0,0,0.0948258091115234,0.0,0.0948258091115234,0.0
permutation_random,1100,m,reps_no_partition,reps_dfp,reps,,0.9,2000000,3,990,401.401,269.5451404040403,268.218,370.862,401.401,167.962,485100,1600,0,0,297832,1600,0,0,0.32982890125747266,0.0,0.32982890125747266,0.0
permutation_random,1100,m,reps_minshare10,reps_dfp,reps,-dfp_minimal_share 10,0.9,2000000,3,990,400.992,256.19490808080815,254.418,350.165,400.992,168.078,485100,1120,0,0,299237,1120,0,0,0.23088023088023088,0.0,0.23088023088023088,0.0
permutation_random,1100,m,reps_partition,reps_dfp,reps,-reps_partition_entropy -reps_escalate_threshold 0.2 -reps_warmup_explore_rtts 0.5 -reps_explore_prob 70,0.9,2000000,3,990,418.698,268.315091919192,266.505,369.492,418.698,167.952,485100,2613,0,0,287870,2613,0,0,0.53865182436611,0.0,0.53865182436611,0.0
permutation_random,1100,m,fpar_tuned,fpar,oblivious,-threshold 20750 -disable_hop_rtt_normalization,0.9,2000000,4,990,655.915,271.44281313131347,237.425,580.971,655.915,167.892,485100,8849,0,0,286016,8849,0,0,1.8241599670171098,0.0,1.8241599670171098,0.0
permutation_random,1100,m,reps_uniform_defl,reps_dfp,reps,-dfp_low_uniform,0.9,2000000,4,990,476.142,297.2696515151514,284.906,434.932,476.142,167.814,485100,575,0,0,292838,575,0,0,0.11853226138940424,0.0,0.11853226138940424,0.0
permutation_random,1100,m,reps_no_partition,reps_dfp,reps,,0.9,2000000,4,990,453.761,268.1701949494949,268.64,372.888,453.761,168.193,485100,1784,0,0,294587,1784,0,0,0.36775922490208207,0.0,0.36775922490208207,0.0
permutation_random,1100,m,reps_minshare10,reps_dfp,reps,-dfp_minimal_share 10,0.9,2000000,4,990,362.311,254.40526767676764,250.688,352.022,362.311,168.044,485100,1398,0,0,295371,1398,0,0,0.2881880024737168,0.0,0.2881880024737168,0.0
permutation_random,1100,m,reps_partition,reps_dfp,reps,-reps_partition_entropy -reps_escalate_threshold 0.2 -reps_warmup_explore_rtts 0.5 -reps_explore_prob 70,0.9,2000000,4,990,424.821,265.8124585858586,264.762,364.418,424.821,168.024,485100,2340,0,0,289146,2340,0,0,0.48237476808905383,0.0,0.48237476808905383,0.0
permutation_random,1100,m,fpar_tuned,fpar,oblivious,-threshold 20750 -disable_hop_rtt_normalization,0.9,2000000,5,990,785.624,280.720606060606,232.453,654.176,785.624,168.01,485100,9740,0,0,295013,9740,0,0,2.007833436404865,0.0,2.007833436404865,0.0
permutation_random,1100,m,reps_uniform_defl,reps_dfp,reps,-dfp_low_uniform,0.9,2000000,5,990,504.639,293.6257404040405,284.925,445.02,504.639,168.097,485100,532,0,0,292163,532,0,0,0.10966810966810966,0.0,0.10966810966810966,0.0
permutation_random,1100,m,reps_no_partition,reps_dfp,reps,,0.9,2000000,5,990,419.241,262.8844919191918,260.317,368.325,419.241,168.039,485100,1415,0,0,294080,1415,0,0,0.2916924345495774,0.0,0.2916924345495774,0.0
permutation_random,1100,m,reps_minshare10,reps_dfp,reps,-dfp_minimal_share 10,0.9,2000000,5,990,425.806,250.98048787878784,246.65,366.522,425.806,168.174,485100,1203,0,0,290139,1203,0,0,0.24799010513296227,0.0,0.24799010513296227,0.0
permutation_random,1100,m,reps_partition,reps_dfp,reps,-reps_partition_entropy -reps_escalate_threshold 0.2 -reps_warmup_explore_rtts 0.5 -reps_explore_prob 70,0.9,2000000,5,990,410.774,261.0923606060609,260.366,367.602,410.774,168.116,485100,2227,0,0,284033,2227,0,0,0.4590806019377448,0.0,0.4590806019377448,0.0
permutation_random,1100,m,fpar_tuned,fpar,oblivious,-threshold 20750 -disable_hop_rtt_normalization,0.9,5000000,1,990,1797.47,676.9104505050507,570.578,1601.48,1797.47,412.604,1211760,9974,0,0,753166,9974,0,0,0.8231002838845977,0.0,0.8231002838845977,0.0
permutation_random,1100,m,reps_uniform_defl,reps_dfp,reps,-dfp_low_uniform,0.9,5000000,1,990,1112.73,678.2597989898992,673.167,958.792,1112.73,412.376,1211760,388,0,0,680263,388,0,0,0.03201954182346339,0.0,0.03201954182346339,0.0
permutation_random,1100,m,reps_no_partition,reps_dfp,reps,,0.9,5000000,1,990,976.492,618.9311080808071,626.072,814.799,976.492,412.963,1211760,1669,0,0,686378,1669,0,0,0.1377335445962897,0.0,0.1377335445962897,0.0
permutation_random,1100,m,reps_minshare10,reps_dfp,reps,-dfp_minimal_share 10,0.9,5000000,1,990,924.448,591.0626939393945,588.887,768.238,924.448,413.209,1211760,1501,0,0,666896,1501,0,0,0.12386941308509936,0.0,0.12386941308509936,0.0
permutation_random,1100,m,reps_partition,reps_dfp,reps,-reps_partition_entropy -reps_escalate_threshold 0.2 -reps_warmup_explore_rtts 0.5 -reps_explore_prob 70,0.9,5000000,1,990,982.664,621.1739414141415,630.755,833.937,982.664,413.01,1211760,2649,0,0,662992,2649,0,0,0.21860764507823333,0.0,0.21860764507823333,0.0
permutation_random,1100,m,fpar_tuned,fpar,oblivious,-threshold 20750 -disable_hop_rtt_normalization,0.9,5000000,2,990,1551.3,651.4266424242421,563.59,1309.11,1551.3,412.743,1211760,9361,0,0,740683,9361,0,0,0.7725127087872186,0.0,0.7725127087872186,0.0
permutation_random,1100,m,reps_uniform_defl,reps_dfp,reps,-dfp_low_uniform,0.9,5000000,2,990,1079.12,680.3244555555548,673.71,954.578,1079.12,412.58,1211760,517,0,0,675098,517,0,0,0.04266521423384168,0.0,0.04266521423384168,0.0
permutation_random,1100,m,reps_no_partition,reps_dfp,reps,,0.9,5000000,2,990,906.526,619.3706363636369,626.216,828.516,906.526,412.527,1211760,1812,0,0,678101,1812,0,0,0.14953456129926718,0.0,0.14953456129926718,0.0
permutation_random,1100,m,reps_minshare10,reps_dfp,reps,-dfp_minimal_share 10,0.9,5000000,2,990,903.203,592.6461404040404,592.038,798.54,903.203,412.377,1211760,1737,0,0,664323,1737,0,0,0.14334521687462864,0.0,0.14334521687462864,0.0
permutation_random,1100,m,reps_partition,reps_dfp,reps,-reps_partition_entropy -reps_escalate_threshold 0.2 -reps_warmup_explore_rtts 0.5 -reps_explore_prob 70,0.9,5000000,2,990,965.699,622.4524070707073,630.156,835.628,965.699,412.887,1211760,2577,0,0,664070,2577,0,0,0.21266587443058033,0.0,0.21266587443058033,0.0
permutation_random,1100,m,fpar_tuned,fpar,oblivious,-threshold 20750 -disable_hop_rtt_normalization,0.9,5000000,3,990,2065.26,650.2152565656567,566.08,1280.34,2065.26,412.594,1211760,9269,0,0,745009,9269,0,0,0.7649204462929953,0.0,0.7649204462929953,0.0
permutation_random,1100,m,reps_uniform_defl,reps_dfp,reps,-dfp_low_uniform,0.9,5000000,3,990,1135.53,693.4584909090906,684.802,1016.8,1135.53,413.178,1211760,473,0,0,684548,473,0,0,0.03903413217138707,0.0,0.03903413217138707,0.0
permutation_random,1100,m,reps_no_partition,reps_dfp,reps,,0.9,5000000,3,990,913.25,632.1829303030302,638.499,845.711,913.25,413.105,1211760,1652,0,0,700617,1652,0,0,0.13633062652670497,0.0,0.13633062652670497,0.0
permutation_random,1100,m,reps_minshare10,reps_dfp,reps,-dfp_minimal_share 10,0.9,5000000,3,990,847.427,604.559519191919,605.269,800.055,847.427,413.313,1211760,1251,0,0,691432,1251,0,0,0.10323826500297088,0.0,0.10323826500297088,0.0
permutation_random,1100,m,reps_partition,reps_dfp,reps,-reps_partition_entropy -reps_escalate_threshold 0.2 -reps_warmup_explore_rtts 0.5 -reps_explore_prob 70,0.9,5000000,3,990,948.214,635.2767929292933,644.83,841.523,948.214,413.097,1211760,2931,0,0,675799,2931,0,0,0.24187958011487423,0.0,0.24187958011487423,0.0
permutation_random,1100,m,fpar_tuned,fpar,oblivious,-threshold 20750 -disable_hop_rtt_normalization,0.9,5000000,4,990,1655.82,668.0540616161617,587.095,1484.42,1655.82,412.696,1211760,9695,0,0,760720,9695,0,0,0.8000759226249422,0.0,0.8000759226249422,0.0
permutation_random,1100,m,reps_uniform_defl,reps_dfp,reps,-dfp_low_uniform,0.9,5000000,4,990,1088.88,692.3381161616156,686.83,957.849,1088.88,413.03,1211760,630,0,0,675212,630,0,0,0.051990493166963754,0.0,0.051990493166963754,0.0
permutation_random,1100,m,reps_no_partition,reps_dfp,reps,,0.9,5000000,4,990,922.249,629.3745737373737,639.011,831.058,922.249,412.862,1211760,1904,0,0,696652,1904,0,0,0.15712682379349047,0.0,0.15712682379349047,0.0
permutation_random,1100,m,reps_minshare10,reps_dfp,reps,-dfp_minimal_share 10,0.9,5000000,4,990,867.329,600.9507444444451,603.358,785.148,867.329,413.116,1211760,1495,0,0,682176,1495,0,0,0.12337426553112828,0.0,0.12337426553112828,0.0
permutation_random,1100,m,reps_partition,reps_dfp,reps,-reps_partition_entropy -reps_escalate_threshold 0.2 -reps_warmup_explore_rtts 0.5 -reps_explore_prob 70,0.9,5000000,4,990,939.282,631.1154424242422,640.912,845.29,939.282,413.111,1211760,2636,0,0,676068,2636,0,0,0.21753482537796262,0.0,0.21753482537796262,0.0
permutation_random,1100,m,fpar_tuned,fpar,oblivious,-threshold 20750 -disable_hop_rtt_normalization,0.9,5000000,5,990,1985.35,688.2482151515154,573.096,1652.26,1985.35,412.856,1211760,10489,0,0,771771,10489,0,0,0.8656004489337823,0.0,0.8656004489337823,0.0
permutation_random,1100,m,reps_uniform_defl,reps_dfp,reps,-dfp_low_uniform,0.9,5000000,5,990,1109.29,683.9420212121214,679.331,988.088,1109.29,412.895,1211760,539,0,0,672581,539,0,0,0.04448075526506899,0.0,0.04448075526506899,0.0
permutation_random,1100,m,reps_no_partition,reps_dfp,reps,,0.9,5000000,5,990,984.522,618.2042636363637,625.501,855.422,984.522,413.111,1211760,1519,0,0,688749,1519,0,0,0.1253548557470126,0.0,0.1253548557470126,0.0
permutation_random,1100,m,reps_minshare10,reps_dfp,reps,-dfp_minimal_share 10,0.9,5000000,5,990,964.211,591.7250888888885,588.054,786.214,964.211,413.43,1211760,1454,0,0,670815,1454,0,0,0.1199907572456592,0.0,0.1199907572456592,0.0
permutation_random,1100,m,reps_partition,reps_dfp,reps,-reps_partition_entropy -reps_escalate_threshold 0.2 -reps_warmup_explore_rtts 0.5 -reps_explore_prob 70,0.9,5000000,5,990,906.342,620.3885484848481,629.77,847.485,906.342,413.287,1211760,2416,0,0,663015,2416,0,0,0.19937941506568957,0.0,0.19937941506568957,0.0
permutation_random,1100,m,fpar_tuned,fpar,oblivious,-threshold 20750 -disable_hop_rtt_normalization,0.9,10000000,1,990,3577.03,1353.0536808080808,1147.07,3193.93,3577.03,821.17,2423520,11317,0,0,1539007,11317,0,0,0.4669654056908959,0.0,0.4669654056908959,0.0
permutation_random,1100,m,reps_uniform_defl,reps_dfp,reps,-dfp_low_uniform,0.9,10000000,1,990,1882.11,1336.2024494949492,1346.06,1801.8,1882.11,821.077,2423520,404,0,0,1338898,404,0,0,0.01666996765035981,0.0,0.01666996765035981,0.0
permutation_random,1100,m,reps_no_partition,reps_dfp,reps,,0.9,10000000,1,990,1741.33,1218.9785212121205,1244.83,1557.19,1741.33,821.914,2423520,1840,0,0,1364718,1840,0,0,0.07592262494223279,0.0,0.07592262494223279,0.0
permutation_random,1100,m,reps_minshare10,reps_dfp,reps,-dfp_minimal_share 10,0.9,10000000,1,990,1660.56,1164.7683151515157,1173.97,1474.83,1660.56,822.127,2423520,1870,0,0,1312557,1870,0,0,0.07716049382716049,0.0,0.07716049382716049,0.0
permutation_random,1100,m,reps_partition,reps_dfp,reps,-reps_partition_entropy -reps_escalate_threshold 0.2 -reps_warmup_explore_rtts 0.5 -reps_explore_prob 70,0.9,10000000,1,990,1934.92,1228.3991141414133,1253.83,1634.68,1934.92,822.342,2423520,3219,0,0,1330415,3219,0,0,0.13282333135274313,0.0,0.13282333135274313,0.0
permutation_random,1100,m,fpar_tuned,fpar,oblivious,-threshold 20750 -disable_hop_rtt_normalization,0.9,10000000,2,990,3167.44,1298.1027242424252,1134.59,2788.59,3167.44,821.359,2423520,10730,0,0,1510589,10730,0,0,0.4427444378424771,0.0,0.4427444378424771,0.0
permutation_random,1100,m,reps_uniform_defl,reps_dfp,reps,-dfp_low_uniform,0.9,10000000,2,990,1954.39,1340.8190010101007,1342.44,1767.32,1954.39,821.001,2423520,513,0,0,1328470,513,0,0,0.021167557932263815,0.0,0.021167557932263815,0.0
permutation_random,1100,m,reps_no_partition,reps_dfp,reps,,0.9,10000000,2,990,1714.02,1218.6701050505048,1247.78,1564.94,1714.02,820.728,2423520,1956,0,0,1354096,1956,0,0,0.08070905129728659,0.0,0.08070905129728659,0.0
permutation_random,1100,m,reps_minshare10,reps_dfp,reps,-dfp_minimal_share 10,0.9,10000000,2,990,1647.02,1166.6616555555552,1180.26,1511.12,1647.02,820.583,2423520,2203,0,0,1306564,2203,0,0,0.09090083844985805,0.0,0.09090083844985805,0.0
permutation_random,1100,m,reps_partition,reps_dfp,reps,-reps_partition_entropy -reps_escalate_threshold 0.2 -reps_warmup_explore_rtts 0.5 -reps_explore_prob 70,0.9,10000000,2,990,1724.51,1228.8849707070715,1253.59,1627.9,1724.51,820.86,2423520,3083,0,0,1326857,3083,0,0,0.12721165907440418,0.0,0.12721165907440418,0.0
permutation_random,1100,m,fpar_tuned,fpar,oblivious,-threshold 20750 -disable_hop_rtt_normalization,0.9,10000000,3,990,4104.41,1297.623196969697,1124.93,2550.65,4104.41,821.671,2423520,10611,0,0,1525820,10611,0,0,0.43783422459893045,0.0,0.43783422459893045,0.0
permutation_random,1100,m,reps_uniform_defl,reps_dfp,reps,-dfp_low_uniform,0.9,10000000,3,990,2047.24,1367.8560656565624,1377.69,1846.74,2047.24,822.184,2423520,519,0,0,1351595,519,0,0,0.021415131709249358,0.0,0.021415131709249358,0.0
permutation_random,1100,m,reps_no_partition,reps_dfp,reps,,0.9,10000000,3,990,1689.56,1245.920315151515,1266.2,1617.66,1689.56,822.141,2423520,1863,0,0,1399862,1863,0,0,0.0768716577540107,0.0,0.0768716577540107,0.0
permutation_random,1100,m,reps_minshare10,reps_dfp,reps,-dfp_minimal_share 10,0.9,10000000,3,990,1670.83,1192.345907070709,1204.2,1540.69,1670.83,821.65,2423520,1418,0,0,1366682,1418,0,0,0.05850993596091635,0.0,0.05850993596091635,0.0
permutation_random,1100,m,reps_partition,reps_dfp,reps,-reps_partition_entropy -reps_escalate_threshold 0.2 -reps_warmup_explore_rtts 0.5 -reps_explore_prob 70,0.9,10000000,3,990,1777.42,1254.389901010101,1274.04,1629.05,1777.42,821.54,2423520,3585,0,0,1358805,3585,0,0,0.14792533174886116,0.0,0.14792533174886116,0.0
permutation_random,1100,m,fpar_tuned,fpar,oblivious,-threshold 20750 -disable_hop_rtt_normalization,0.9,10000000,4,990,3266.04,1335.7959030303034,1156.38,2968.67,3266.04,820.468,2423520,10834,0,0,1555852,10834,0,0,0.4470357166435598,0.0,0.4470357166435598,0.0
permutation_random,1100,m,reps_uniform_defl,reps_dfp,reps,-dfp_low_uniform,0.9,10000000,4,990,1921.69,1363.5580070707072,1381.54,1801.85,1921.69,821.737,2423520,623,0,0,1335858,623,0,0,0.025706410510332078,0.0,0.025706410510332078,0.0
permutation_random,1100,m,reps_no_partition,reps_dfp,reps,,0.9,10000000,4,990,1684.98,1241.5876181818173,1267.99,1592.4,1684.98,821.991,2423520,2138,0,0,1392908,2138,0,0,0.08821878919918136,0.0,0.08821878919918136,0.0
permutation_random,1100,m,reps_minshare10,reps_dfp,reps,-dfp_minimal_share 10,0.9,10000000,4,990,1706.56,1184.9448595959595,1201.3,1512.27,1706.56,822.354,2423520,1708,0,0,1350651,1708,0,0,0.07047600184855086,0.0,0.07047600184855086,0.0
permutation_random,1100,m,reps_partition,reps_dfp,reps,-reps_partition_entropy -reps_escalate_threshold 0.2 -reps_warmup_explore_rtts 0.5 -reps_explore_prob 70,0.9,10000000,4,990,1899.03,1248.4478666666676,1275.27,1603.34,1899.03,821.665,2423520,3173,0,0,1360395,3173,0,0,0.1309252657291873,0.0,0.1309252657291873,0.0
permutation_random,1100,m,fpar_tuned,fpar,oblivious,-threshold 20750 -disable_hop_rtt_normalization,0.9,10000000,5,990,4018.34,1376.188911111112,1133.09,3300.76,4018.34,820.928,2423520,11618,0,0,1578181,11618,0,0,0.4793853568363372,0.0,0.4793853568363372,0.0
permutation_random,1100,m,reps_uniform_defl,reps_dfp,reps,-dfp_low_uniform,0.9,10000000,5,990,2040.12,1347.5729737373765,1360.4,1771.68,2040.12,821.691,2423520,553,0,0,1333378,553,0,0,0.02281804977883409,0.0,0.02281804977883409,0.0
permutation_random,1100,m,reps_no_partition,reps_dfp,reps,,0.9,10000000,5,990,1765.09,1217.4401868686873,1241.81,1555.26,1765.09,821.853,2423520,1702,0,0,1371299,1702,0,0,0.07022842807156533,0.0,0.07022842807156533,0.0
permutation_random,1100,m,reps_minshare10,reps_dfp,reps,-dfp_minimal_share 10,0.9,10000000,5,990,1798.27,1166.1058424242412,1174.25,1485.44,1798.27,822.864,2423520,1761,0,0,1314559,1761,0,0,0.07266290354525648,0.0,0.07266290354525648,0.0
permutation_random,1100,m,reps_partition,reps_dfp,reps,-reps_partition_entropy -reps_escalate_threshold 0.2 -reps_warmup_explore_rtts 0.5 -reps_explore_prob 70,0.9,10000000,5,990,1692.94,1225.0207505050505,1251.86,1576.17,1692.94,822.436,2423520,2712,0,0,1330518,2712,0,0,0.11190334719746485,0.0,0.11190334719746485,0.0
