Load balancing algorithm set to oblivious
no_of_nodes 1100
Dragonfly+ strategy: FPAR
Setting queuesize to 50 packets
endtime(us) 100000
random seed 3
queue size threshold 186750
Using generated Dragonfly+ tornado traffic instead of -tm
Tornado active connections 550
Tornado flow size 500000 bytes
Packet size (MTU) is 4150
Parsed args
Logging to /home/chiara/Desktop/tesi_project/uet-htsim/htsim/sim/datacenter/fpar_tuning_sweep/fpar_th0.90_tornado_l0.50_fs500000_s3.dat
Setting ECN low 33200 high 120350
Dragonfly+ with medium topology type
Link latencies: 1 and switch latencies: 0
queue_id 2 ecn_low 33200 ecn_high 120350
DragonFly+ constructor done, 1100 nodes created
Generating tornado connection matrix: python3 connection_matrices/gen_tornado_dfp.py /tmp/dfp_tornado_275827.cm 1100 550 500000 0.0 3 10 10
Nodes:  1100
Connections:  550
Flowsize:  500000 bytes
ExtraStartTime:  0.0 us
Random Seed  3
Dragonfly+ p= 10 l= 10
group_size=100  no_groups=11  opposite group offset=5
Loading generated tornado connection matrix from /tmp/dfp_tornado_275827.cm
Nodes: 1100 Connections: 550 Triggers: 0 Failures: 0
network_max_unloaded_rtt 11.6856 us
Setting min RTO to 114.6
Per-hop RTT normalization: ON (strategy fpar)
Initializing static NSCC parameters: _reference_network_linkspeed=100000000000 _reference_network_rtt=12000000 _reference_network_bdp=150000 _target_Qdelay=8764200 _network_linkspeed=100000000000 _network_rtt=11685600 _network_bdp=146070 _qa_gate=2^3 _qa_threshold=3.50568e+07 _scaling_factor_a=0.9738 _scaling_factor_b=0.73035 _alpha=0.00132632 _fi=19894.7 _eta=596.842 _qa_scaling=1 _gamma=0.8 _fi_scale=0.24345 _delay_alpha=0.0125 _adjust_period_threshold=11685600 _adjust_bytes_threshold=33200
Initialize per-instance NSCC parameters: flowid 1 _base_rtt=11685600 _base_bdp=146070 _bdp=146070 _min_cwnd=4150 _maxwnd=219105 _cwnd=219105
Initialize per-instance NSCC parameters: flowid 2 _base_rtt=11685600 _base_bdp=146070 _bdp=146070 _min_cwnd=4150 _maxwnd=219105 _cwnd=219105
Initialize per-instance NSCC parameters: flowid 3 _base_rtt=11685600 _base_bdp=146070 _bdp=146070 _min_cwnd=4150 _maxwnd=219105 _cwnd=219105
Initialize per-instance NSCC parameters: flowid 4 _base_rtt=11685600 _base_bdp=146070 _bdp=146070 _min_cwnd=4150 _maxwnd=219105 _cwnd=219105
Initialize per-instance NSCC parameters: flowid 5 _base_rtt=11685600 _base_bdp=146070 _bdp=146070 _min_cwnd=4150 _maxwnd=219105 _cwnd=219105
Initialize per-instance NSCC parameters: flowid 6 _base_rtt=11685600 _base_bdp=146070 _bdp=146070 _min_cwnd=4150 _maxwnd=219105 _cwnd=219105
Initialize per-instance NSCC parameters: flowid 7 _base_rtt=11685600 _base_bdp=146070 _bdp=146070 _min_cwnd=4150 _maxwnd=219105 _cwnd=219105
Initialize per-instance NSCC parameters: flowid 8 _base_rtt=11685600 _base_bdp=146070 _bdp=146070 _min_cwnd=4150 _maxwnd=219105 _cwnd=219105
Initialize per-instance NSCC parameters: flowid 9 _base_rtt=11685600 _base_bdp=146070 _bdp=146070 _min_cwnd=4150 _maxwnd=219105 _cwnd=219105
Initialize per-instance NSCC parameters: flowid 10 _base_rtt=11685600 _base_bdp=146070 _bdp=146070 _min_cwnd=4150 _maxwnd=219105 _cwnd=219105
Initialize per-instance NSCC parameters: flowid 11 _base_rtt=11685600 _base_bdp=146070 _bdp=146070 _min_cwnd=4150 _maxwnd=219105 _cwnd=219105
Initialize per-instance NSCC parameters: flowid 12 _base_rtt=11685600 _base_bdp=146070 _bdp=146070 _min_cwnd=4150 _maxwnd=219105 _cwnd=219105
Initialize per-instance NSCC parameters: flowid 13 _base_rtt=11685600 _base_bdp=146070 _bdp=146070 _min_cwnd=4150 _maxwnd=219105 _cwnd=219105
Initialize per-instance NSCC parameters: flowid 14 _base_rtt=11685600 _base_bdp=146070 _bdp=146070 _min_cwnd=4150 _maxwnd=219105 _cwnd=219105
Initialize per-instance NSCC parameters: flowid 15 _base_rtt=11685600 _base_bdp=146070 _bdp=146070 _min_cwnd=4150 _maxwnd=219105 _cwnd=219105
Initialize per-instance NSCC parameters: flowid 16 _base_rtt=11685600 _base_bdp=146070 _bdp=146070 _min_cwnd=4150 _maxwnd=219105 _cwnd=219105
Initialize per-instance NSCC parameters: flowid 17 _base_rtt=11685600 _base_bdp=146070 _bdp=146070 _min_cwnd=4150 _maxwnd=219105 _cwnd=219105
Initialize per-instance NSCC parameters: flowid 18 _base_rtt=11685600 _base_bdp=146070 _bdp=146070 _min_cwnd=4150 _maxwnd=219105 _cwnd=219105
Initialize per-instance NSCC parameters: flowid 19 _base_rtt=11685600 _base_bdp=146070 _bdp=146070 _min_cwnd=4150 _maxwnd=219105 _cwnd=219105
Initialize per-instance NSCC parameters: flowid 20 _base_rtt=11685600 _base_bdp=146070 _bdp=146070 _min_cwnd=4150 _maxwnd=219105 _cwnd=219105
Initialize per-instance NSCC parameters: flowid 21 _base_rtt=11685600 _base_bdp=146070 _bdp=146070 _min_cwnd=4150 _maxwnd=219105 _cwnd=219105
Initialize per-instance NSCC parameters: flowid 22 _base_rtt=11685600 _base_bdp=146070 _bdp=146070 _min_cwnd=4150 _maxwnd=219105 _cwnd=219105
Initialize per-instance NSCC parameters: flowid 23 _base_rtt=11685600 _base_bdp=146070 _bdp=146070 _min_cwnd=4150 _maxwnd=219105 _cwnd=219105
Initialize per-instance NSCC parameters: flowid 24 _base_rtt=11685600 _base_bdp=146070 _bdp=146070 _min_cwnd=4150 _maxwnd=219105 _cwnd=219105
Initialize per-instance NSCC parameters: flowid 25 _base_rtt=11685600 _base_bdp=146070 _bdp=146070 _min_cwnd=4150 _maxwnd=219105 _cwnd=219105
Initialize per-instance NSCC parameters: flowid 26 _base_rtt=11685600 _base_bdp=146070 _bdp=146070 _min_cwnd=4150 _maxwnd=219105 _cwnd=219105
Initialize per-instance NSCC parameters: flowid 27 _base_rtt=11685600 _base_bdp=146070 _bdp=146070 _min_cwnd=4150 _maxwnd=219105 _cwnd=219105
Initialize per-instance NSCC parameters: flowid 28 _base_rtt=11685600 _base_bdp=146070 _bdp=146070 _min_cwnd=4150 _maxwnd=219105 _cwnd=219105
Initialize per-instance NSCC parameters: flowid 29 _base_rtt=11685600 _base_bdp=146070 _bdp=146070 _min_cwnd=4150 _maxwnd=219105 _cwnd=219105
Initialize per-instance NSCC parameters: flowid 30 _base_rtt=11685600 _base_bdp=146070 _bdp=146070 _min_cwnd=4150 _maxwnd=219105 _cwnd=219105
Initialize per-instance NSCC parameters: flowid 31 _base_rtt=11685600 _base_bdp=146070 _bdp=146070 _min_cwnd=4150 _maxwnd=219105 _cwnd=219105
Initialize per-instance NSCC parameters: flowid 32 _base_rtt=11685600 _base_bdp=146070 _bdp=146070 _min_cwnd=4150 _maxwnd=219105 _cwnd=219105
Initialize per-instance NSCC parameters: flowid 33 _base_rtt=11685600 _base_bdp=146070 _bdp=146070 _min_cwnd=4150 _maxwnd=219105 _cwnd=219105
Initialize per-instance NSCC parameters: flowid 34 _base_rtt=11685600 _base_bdp=146070 _bdp=146070 _min_cwnd=4150 _maxwnd=219105 _cwnd=219105
Initialize per-instance NSCC parameters: flowid 35 _base_rtt=11685600 _base_bdp=146070 _bdp=146070 _min_cwnd=4150 _maxwnd=219105 _cwnd=219105
Initialize per-instance NSCC parameters: flowid 36 _base_rtt=11685600 _base_bdp=146070 _bdp=146070 _min_cwnd=4150 _maxwnd=219105 _cwnd=219105
Initialize per-instance NSCC parameters: flowid 37 _base_rtt=11685600 _base_bdp=146070 _bdp=146070 _min_cwnd=4150 _maxwnd=219105 _cwnd=219105
Initialize per-instance NSCC parameters: flowid 38 _base_rtt=11685600 _base_bdp=146070 _bdp=146070 _min_cwnd=4150 _maxwnd=219105 _cwnd=219105
Initialize per-instance NSCC parameters: flowid 39 _base_rtt=11685600 _base_bdp=146070 _bdp=146070 _min_cwnd=4150 _maxwnd=219105 _cwnd=219105
Initialize per-instance NSCC parameters: flowid 40 _base_rtt=11685600 _base_bdp=146070 _bdp=146070 _min_cwnd=4150 _maxwnd=219105 _cwnd=219105
Initialize per-instance NSCC parameters: flowid 41 _base_rtt=11685600 _base_bdp=146070 _bdp=146070 _min_cwnd=4150 _maxwnd=219105 _cwnd=219105
Initialize per-instance NSCC parameters: flowid 42 _base_rtt=11685600 _base_bdp=146070 _bdp=146070 _min_cwnd=4150 _maxwnd=219105 _cwnd=219105
Initialize per-instance NSCC parameters: flowid 43 _base_rtt=11685600 _base_bdp=146070 _bdp=146070 _min_cwnd=4150 _maxwnd=219105 _cwnd=219105
Initialize per-instance NSCC parameters: flowid 44 _base_rtt=11685600 _base_bdp=146070 _bdp=146070 _min_cwnd=4150 _maxwnd=219105 _cwnd=219105
Initialize per-instance NSCC parameters: flowid 45 _base_rtt=11685600 _base_bdp=146070 _bdp=146070 _min_cwnd=4150 _maxwnd=219105 _cwnd=219105
Initialize per-instance NSCC parameters: flowid 46 _base_rtt=11685600 _base_bdp=146070 _bdp=146070 _min_cwnd=4150 _maxwnd=219105 _cwnd=219105
Initialize per-instance NSCC parameters: flowid 47 _base_rtt=11685600 _base_bdp=146070 _bdp=146070 _min_cwnd=4150 _maxwnd=219105 _cwnd=219105
Initialize per-instance NSCC parameters: flowid 48 _base_rtt=11685600 _base_bdp=146070 _bdp=146070 _min_cwnd=4150 _maxwnd=219105 _cwnd=219105
Initialize per-instance NSCC parameters: flowid 49 _base_rtt=11685600 _base_bdp=146070 _bdp=146070 _min_cwnd=4150 _maxwnd=219105 _cwnd=219105
Initialize per-instance NSCC parameters: flowid 50 _base_rtt=11685600 _base_bdp=146070 _bdp=146070 _min_cwnd=4150 _maxwnd=219105 _cwnd=219105
Initialize per-instance NSCC parameters: flowid 51 _base_rtt=11685600 _base_bdp=146070 _bdp=146070 _min_cwnd=4150 _maxwnd=219105 _cwnd=219105
Initialize per-instance NSCC parameters: flowid 52 _base_rtt=11685600 _base_bdp=146070 _bdp=146070 _min_cwnd=4150 _maxwnd=219105 _cwnd=219105
Initialize per-instance NSCC parameters: flowid 53 _base_rtt=11685600 _base_bdp=146070 _bdp=146070 _min_cwnd=4150 _maxwnd=219105 _cwnd=219105
Initialize per-instance NSCC parameters: flowid 54 _base_rtt=11685600 _base_bdp=146070 _bdp=146070 _min_cwnd=4150 _maxwnd=219105 _cwnd=219105
Initialize per-instance NSCC parameters: flowid 55 _base_rtt=11685600 _base_bdp=146070 _bdp=146070 _min_cwnd=4150 _maxwnd=219105 _cwnd=219105
Initialize per-instance NSCC parameters: flowid 56 _base_rtt=11685600 _base_bdp=146070 _bdp=146070 _min_cwnd=4150 _maxwnd=219105 _cwnd=219105
Initialize per-instance NSCC parameters: flowid 57 _base_rtt=11685600 _base_bdp=146070 _bdp=146070 _min_cwnd=4150 _maxwnd=219105 _cwnd=219105
Initialize per-instance NSCC parameters: flowid 58 _base_rtt=11685600 _base_bdp=146070 _bdp=146070 _min_cwnd=4150 _maxwnd=219105 _cwnd=219105
Initialize per-instance NSCC parameters: flowid 59 _base_rtt=11685600 _base_bdp=146070 _bdp=146070 _min_cwnd=4150 _maxwnd=219105 _cwnd=219105
Initialize per-instance NSCC parameters: flowid 60 _base_rtt=11685600 _base_bdp=146070 _bdp=146070 _min_cwnd=4150 _maxwnd=219105 _cwnd=219105
Initialize per-instance NSCC parameters: flowid 61 _base_rtt=11685600 _base_bdp=146070 _bdp=146070 _min_cwnd=4150 _maxwnd=219105 _cwnd=219105
Initialize per-instance NSCC parameters: flowid 62 _base_rtt=11685600 _base_bdp=146070 _bdp=146070 _min_cwnd=4150 _maxwnd=219105 _cwnd=219105
Initialize per-instance NSCC parameters: flowid 63 _base_rtt=11685600 _base_bdp=146070 _bdp=146070 _min_cwnd=4150 _maxwnd=219105 _cwnd=219105
Initialize per-instance NSCC parameters: flowid 64 _base_rtt=11685600 _base_bdp=146070 _bdp=146070 _min_cwnd=4150 _maxwnd=219105 _cwnd=219105
Initialize per-instance NSCC parameters: flowid 65 _base_rtt=11685600 _base_bdp=146070 _bdp=146070 _min_cwnd=4150 _maxwnd=219105 _cwnd=219105
Initialize per-instance NSCC parameters: flowid 66 _base_rtt=11685600 _base_bdp=146070 _bdp=146070 _min_cwnd=4150 _maxwnd=219105 _cwnd=219105
Initialize per-instance NSCC parameters: flowid 67 _base_rtt=11685600 _base_bdp=146070 _bdp=146070 _min_cwnd=4150 _maxwnd=219105 _cwnd=219105
Initialize per-instance NSCC parameters: flowid 68 _base_rtt=11685600 _base_bdp=146070 _bdp=146070 _min_cwnd=4150 _maxwnd=219105 _cwnd=219105
Initialize per-instance NSCC parameters: flowid 69 _base_rtt=11685600 _base_bdp=146070 _bdp=146070 _min_cwnd=4150 _maxwnd=219105 _cwnd=219105
Initialize per-instance NSCC parameters: flowid 70 _base_rtt=11685600 _base_bdp=146070 _bdp=146070 _min_cwnd=4150 _maxwnd=219105 _cwnd=219105
Initialize per-instance NSCC parameters: flowid 71 _base_rtt=11685600 _base_bdp=146070 _bdp=146070 _min_cwnd=4150 _maxwnd=219105 _cwnd=219105
Initialize per-instance NSCC parameters: flowid 72 _base_rtt=11685600 _base_bdp=146070 _bdp=146070 _min_cwnd=4150 _maxwnd=219105 _cwnd=219105
Initialize per-instance NSCC parameters: flowid 73 _base_rtt=11685600 _base_bdp=146070 _bdp=146070 _min_cwnd=4150 _maxwnd=219105 _cwnd=219105
Initialize per-instance NSCC parameters: flowid 74 _base_rtt=11685600 _base_bdp=146070 _bdp=146070 _min_cwnd=4150 _maxwnd=219105 _cwnd=219105
Initialize per-instance NSCC parameters: flowid 75 _base_rtt=11685600 _base_bdp=146070 _bdp=146070 _min_cwnd=4150 _maxwnd=219105 _cwnd=219105
Initialize per-instance NSCC parameters: flowid 76 _base_rtt=11685600 _base_bdp=146070 _bdp=146070 _min_cwnd=4150 _maxwnd=219105 _cwnd=219105
Initialize per-instance NSCC parameters: flowid 77 _base_rtt=11685600 _base_bdp=146070 _bdp=146070 _min_cwnd=4150 _maxwnd=219105 _cwnd=219105
Initialize per-instance NSCC parameters: flowid 78 _base_rtt=11685600 _base_bdp=146070 _bdp=146070 _min_cwnd=4150 _maxwnd=219105 _cwnd=219105
Initialize per-instance NSCC parameters: flowid 79 _base_rtt=11685600 _base_bdp=146070 _bdp=146070 _min_cwnd=4150 _maxwnd=219105 _cwnd=219105
Initialize per-instance NSCC parameters: flowid 80 _base_rtt=11685600 _base_bdp=146070 _bdp=146070 _min_cwnd=4150 _maxwnd=219105 _cwnd=219105
Initialize per-instance NSCC parameters: flowid 81 _base_rtt=11685600 _base_bdp=146070 _bdp=146070 _min_cwnd=4150 _maxwnd=219105 _cwnd=219105
Initialize per-instance NSCC parameters: flowid 82 _base_rtt=11685600 _base_bdp=146070 _bdp=146070 _min_cwnd=4150 _maxwnd=219105 _cwnd=219105
Initialize per-instance NSCC parameters: flowid 83 _base_rtt=11685600 _base_bdp=146070 _bdp=146070 _min_cwnd=4150 _maxwnd=219105 _cwnd=219105
Initialize per-instance NSCC parameters: flowid 84 _base_rtt=11685600 _base_bdp=146070 _bdp=146070 _min_cwnd=4150 _maxwnd=219105 _cwnd=219105
Initialize per-instance NSCC parameters: flowid 85 _base_rtt=11685600 _base_bdp=146070 _bdp=146070 _min_cwnd=4150 _maxwnd=219105 _cwnd=219105
Initialize per-instance NSCC parameters: flowid 86 _base_rtt=11685600 _base_bdp=146070 _bdp=146070 _min_cwnd=4150 _maxwnd=219105 _cwnd=219105
Initialize per-instance NSCC parameters: flowid 87 _base_rtt=11685600 _base_bdp=146070 _bdp=146070 _min_cwnd=4150 _maxwnd=219105 _cwnd=219105
Initialize per-instance NSCC parameters: flowid 88 _base_rtt=11685600 _base_bdp=146070 _bdp=146070 _min_cwnd=4150 _maxwnd=219105 _cwnd=219105
Initialize per-instance NSCC parameters: flowid 89 _base_rtt=11685600 _base_bdp=146070 _bdp=146070 _min_cwnd=4150 _maxwnd=219105 _cwnd=219105
Initialize per-instance NSCC parameters: flowid 90 _base_rtt=11685600 _base_bdp=146070 _bdp=146070 _min_cwnd=4150 _maxwnd=219105 _cwnd=219105
Initialize per-instance NSCC parameters: flowid 91 _base_rtt=11685600 _base_bdp=146070 _bdp=146070 _min_cwnd=4150 _maxwnd=219105 _cwnd=219105
Initialize per-instance NSCC parameters: flowid 92 _base_rtt=11685600 _base_bdp=146070 _bdp=146070 _min_cwnd=4150 _maxwnd=219105 _cwnd=219105
Initialize per-instance NSCC parameters: flowid 93 _base_rtt=11685600 _base_bdp=146070 _bdp=146070 _min_cwnd=4150 _maxwnd=219105 _cwnd=219105
Initialize per-instance NSCC parameters: flowid 94 _base_rtt=11685600 _base_bdp=146070 _bdp=146070 _min_cwnd=4150 _maxwnd=219105 _cwnd=219105
Initialize per-instance NSCC parameters: flowid 95 _base_rtt=11685600 _base_bdp=146070 _bdp=146070 _min_cwnd=4150 _maxwnd=219105 _cwnd=219105
Initialize per-instance NSCC parameters: flowid 96 _base_rtt=11685600 _base_bdp=146070 _bdp=146070 _min_cwnd=4150 _maxwnd=219105 _cwnd=219105
Initialize per-instance NSCC parameters: flowid 97 _base_rtt=11685600 _base_bdp=146070 _bdp=146070 _min_cwnd=4150 _maxwnd=219105 _cwnd=219105
Initialize per-instance NSCC parameters: flowid 98 _base_rtt=11685600 _base_bdp=146070 _bdp=146070 _min_cwnd=4150 _maxwnd=219105 _cwnd=219105
Initialize per-instance NSCC parameters: flowid 99 _base_rtt=11685600 _base_bdp=146070 _bdp=146070 _min_cwnd=4150 _maxwnd=219105 _cwnd=219105
Initialize per-instance NSCC parameters: flowid 100 _base_rtt=11685600 _base_bdp=146070 _bdp=146070 _min_cwnd=4150 _maxwnd=219105 _cwnd=219105
Initialize per-instance NSCC parameters: flowid 101 _base_rtt=11685600 _base_bdp=146070 _bdp=146070 _min_cwnd=4150 _maxwnd=219105 _cwnd=219105
Initialize per-instance NSCC parameters: flowid 102 _base_rtt=11685600 _base_bdp=146070 _bdp=146070 _min_cwnd=4150 _maxwnd=219105 _cwnd=219105
Initialize per-instance NSCC parameters: flowid 103 _base_rtt=11685600 _base_bdp=146070 _bdp=146070 _min_cwnd=4150 _maxwnd=219105 _cwnd=219105
Initialize per-instance NSCC parameters: flowid 104 _base_rtt=11685600 _base_bdp=146070 _bdp=146070 _min_cwnd=4150 _maxwnd=219105 _cwnd=219105
Initialize per-instance NSCC parameters: flowid 105 _base_rtt=11685600 _base_bdp=146070 _bdp=146070 _min_cwnd=4150 _maxwnd=219105 _cwnd=219105
Initialize per-instance NSCC parameters: flowid 106 _base_rtt=11685600 _base_bdp=146070 _bdp=146070 _min_cwnd=4150 _maxwnd=219105 _cwnd=219105
Initialize per-instance NSCC parameters: flowid 107 _base_rtt=11685600 _base_bdp=146070 _bdp=146070 _min_cwnd=4150 _maxwnd=219105 _cwnd=219105
Initialize per-instance NSCC parameters: flowid 108 _base_rtt=11685600 _base_bdp=146070 _bdp=146070 _min_cwnd=4150 _maxwnd=219105 _cwnd=219105
Initialize per-instance NSCC parameters: flowid 109 _base_rtt=11685600 _base_bdp=146070 _bdp=146070 _min_cwnd=4150 _maxwnd=219105 _cwnd=219105
Initialize per-instance NSCC parameters: flowid 110 _base_rtt=11685600 _base_bdp=146070 _bdp=146070 _min_cwnd=4150 _maxwnd=219105 _cwnd=219105
Initialize per-instance NSCC parameters: flowid 111 _base_rtt=11685600 _base_bdp=146070 _bdp=146070 _min_cwnd=4150 _maxwnd=219105 _cwnd=219105
Initialize per-instance NSCC parameters: flowid 112 _base_rtt=11685600 _base_bdp=146070 _bdp=146070 _min_cwnd=4150 _maxwnd=219105 _cwnd=219105
Initialize per-instance NSCC parameters: flowid 113 _base_rtt=11685600 _base_bdp=146070 _bdp=146070 _min_cwnd=4150 _maxwnd=219105 _cwnd=219105
Initialize per-instance NSCC parameters: flowid 114 _base_rtt=11685600 _base_bdp=146070 _bdp=146070 _min_cwnd=4150 _maxwnd=219105 _cwnd=219105
Initialize per-instance NSCC parameters: flowid 115 _base_rtt=11685600 _base_bdp=146070 _bdp=146070 _min_cwnd=4150 _maxwnd=219105 _cwnd=219105
Initialize per-instance NSCC parameters: flowid 116 _base_rtt=11685600 _base_bdp=146070 _bdp=146070 _min_cwnd=4150 _maxwnd=219105 _cwnd=219105
Initialize per-instance NSCC parameters: flowid 117 _base_rtt=11685600 _base_bdp=146070 _bdp=146070 _min_cwnd=4150 _maxwnd=219105 _cwnd=219105
Initialize per-instance NSCC parameters: flowid 118 _base_rtt=11685600 _base_bdp=146070 _bdp=146070 _min_cwnd=4150 _maxwnd=219105 _cwnd=219105
Initialize per-instance NSCC parameters: flowid 119 _base_rtt=11685600 _base_bdp=146070 _bdp=146070 _min_cwnd=4150 _maxwnd=219105 _cwnd=219105
Initialize per-instance NSCC parameters: flowid 120 _base_rtt=11685600 _base_bdp=146070 _bdp=146070 _min_cwnd=4150 _maxwnd=219105 _cwnd=219105
Initialize per-instance NSCC parameters: flowid 121 _base_rtt=11685600 _base_bdp=146070 _bdp=146070 _min_cwnd=4150 _maxwnd=219105 _cwnd=219105
Initialize per-instance NSCC parameters: flowid 122 _base_rtt=11685600 _base_bdp=146070 _bdp=146070 _min_cwnd=4150 _maxwnd=219105 _cwnd=219105
Initialize per-instance NSCC parameters: flowid 123 _base_rtt=11685600 _base_bdp=146070 _bdp=146070 _min_cwnd=4150 _maxwnd=219105 _cwnd=219105
Initialize per-instance NSCC parameters: flowid 124 _base_rtt=11685600 _base_bdp=146070 _bdp=146070 _min_cwnd=4150 _maxwnd=219105 _cwnd=219105
Initialize per-instance NSCC parameters: flowid 125 _base_rtt=11685600 _base_bdp=146070 _bdp=146070 _min_cwnd=4150 _maxwnd=219105 _cwnd=219105
Initialize per-instance NSCC parameters: flowid 126 _base_rtt=11685600 _base_bdp=146070 _bdp=146070 _min_cwnd=4150 _maxwnd=219105 _cwnd=219105
Initialize per-instance NSCC parameters: flowid 127 _base_rtt=11685600 _base_bdp=146070 _bdp=146070 _min_cwnd=4150 _maxwnd=219105 _cwnd=219105
Initialize per-instance NSCC parameters: flowid 128 _base_rtt=11685600 _base_bdp=146070 _bdp=146070 _min_cwnd=4150 _maxwnd=219105 _cwnd=219105
Initialize per-instance NSCC parameters: flowid 129 _base_rtt=11685600 _base_bdp=146070 _bdp=146070 _min_cwnd=4150 _maxwnd=219105 _cwnd=219105
Initialize per-instance NSCC parameters: flowid 130 _base_rtt=11685600 _base_bdp=146070 _bdp=146070 _min_cwnd=4150 _maxwnd=219105 _cwnd=219105
Initialize per-instance NSCC parameters: flowid 131 _base_rtt=11685600 _base_bdp=146070 _bdp=146070 _min_cwnd=4150 _maxwnd=219105 _cwnd=219105
Initialize per-instance NSCC parameters: flowid 132 _base_rtt=11685600 _base_bdp=146070 _bdp=146070 _min_cwnd=4150 _maxwnd=219105 _cwnd=219105
Initialize per-instance NSCC parameters: flowid 133 _base_rtt=11685600 _base_bdp=146070 _bdp=146070 _min_cwnd=4150 _maxwnd=219105 _cwnd=219105
Initialize per-instance NSCC parameters: flowid 134 _base_rtt=11685600 _base_bdp=146070 _bdp=146070 _min_cwnd=4150 _maxwnd=219105 _cwnd=219105
Initialize per-instance NSCC parameters: flowid 135 _base_rtt=11685600 _base_bdp=146070 _bdp=146070 _min_cwnd=4150 _maxwnd=219105 _cwnd=219105
Initialize per-instance NSCC parameters: flowid 136 _base_rtt=11685600 _base_bdp=146070 _bdp=146070 _min_cwnd=4150 _maxwnd=219105 _cwnd=219105
Initialize per-instance NSCC parameters: flowid 137 _base_rtt=11685600 _base_bdp=146070 _bdp=146070 _min_cwnd=4150 _maxwnd=219105 _cwnd=219105
Initialize per-instance NSCC parameters: flowid 138 _base_rtt=11685600 _base_bdp=146070 _bdp=146070 _min_cwnd=4150 _maxwnd=219105 _cwnd=219105
Initialize per-instance NSCC parameters: flowid 139 _base_rtt=11685600 _base_bdp=146070 _bdp=146070 _min_cwnd=4150 _maxwnd=219105 _cwnd=219105
Initialize per-instance NSCC parameters: flowid 140 _base_rtt=11685600 _base_bdp=146070 _bdp=146070 _min_cwnd=4150 _maxwnd=219105 _cwnd=219105
Initialize per-instance NSCC parameters: flowid 141 _base_rtt=11685600 _base_bdp=146070 _bdp=146070 _min_cwnd=4150 _maxwnd=219105 _cwnd=219105
Initialize per-instance NSCC parameters: flowid 142 _base_rtt=11685600 _base_bdp=146070 _bdp=146070 _min_cwnd=4150 _maxwnd=219105 _cwnd=219105
Initialize per-instance NSCC parameters: flowid 143 _base_rtt=11685600 _base_bdp=146070 _bdp=146070 _min_cwnd=4150 _maxwnd=219105 _cwnd=219105
Initialize per-instance NSCC parameters: flowid 144 _base_rtt=11685600 _base_bdp=146070 _bdp=146070 _min_cwnd=4150 _maxwnd=219105 _cwnd=219105
Initialize per-instance NSCC parameters: flowid 145 _base_rtt=11685600 _base_bdp=146070 _bdp=146070 _min_cwnd=4150 _maxwnd=219105 _cwnd=219105
Initialize per-instance NSCC parameters: flowid 146 _base_rtt=11685600 _base_bdp=146070 _bdp=146070 _min_cwnd=4150 _maxwnd=219105 _cwnd=219105
Initialize per-instance NSCC parameters: flowid 147 _base_rtt=11685600 _base_bdp=146070 _bdp=146070 _min_cwnd=4150 _maxwnd=219105 _cwnd=219105
Initialize per-instance NSCC parameters: flowid 148 _base_rtt=11685600 _base_bdp=146070 _bdp=146070 _min_cwnd=4150 _maxwnd=219105 _cwnd=219105
Initialize per-instance NSCC parameters: flowid 149 _base_rtt=11685600 _base_bdp=146070 _bdp=146070 _min_cwnd=4150 _maxwnd=219105 _cwnd=219105
Initialize per-instance NSCC parameters: flowid 150 _base_rtt=11685600 _base_bdp=146070 _bdp=146070 _min_cwnd=4150 _maxwnd=219105 _cwnd=219105
Initialize per-instance NSCC parameters: flowid 151 _base_rtt=11685600 _base_bdp=146070 _bdp=146070 _min_cwnd=4150 _maxwnd=219105 _cwnd=219105
Initialize per-instance NSCC parameters: flowid 152 _base_rtt=11685600 _base_bdp=146070 _bdp=146070 _min_cwnd=4150 _maxwnd=219105 _cwnd=219105
Initialize per-instance NSCC parameters: flowid 153 _base_rtt=11685600 _base_bdp=146070 _bdp=146070 _min_cwnd=4150 _maxwnd=219105 _cwnd=219105
Initialize per-instance NSCC parameters: flowid 154 _base_rtt=11685600 _base_bdp=146070 _bdp=146070 _min_cwnd=4150 _maxwnd=219105 _cwnd=219105
Initialize per-instance NSCC parameters: flowid 155 _base_rtt=11685600 _base_bdp=146070 _bdp=146070 _min_cwnd=4150 _maxwnd=219105 _cwnd=219105
Initialize per-instance NSCC parameters: flowid 156 _base_rtt=11685600 _base_bdp=146070 _bdp=146070 _min_cwnd=4150 _maxwnd=219105 _cwnd=219105
Initialize per-instance NSCC parameters: flowid 157 _base_rtt=11685600 _base_bdp=146070 _bdp=146070 _min_cwnd=4150 _maxwnd=219105 _cwnd=219105
Initialize per-instance NSCC parameters: flowid 158 _base_rtt=11685600 _base_bdp=146070 _bdp=146070 _min_cwnd=4150 _maxwnd=219105 _cwnd=219105
Initialize per-instance NSCC parameters: flowid 159 _base_rtt=11685600 _base_bdp=146070 _bdp=146070 _min_cwnd=4150 _maxwnd=219105 _cwnd=219105
Initialize per-instance NSCC parameters: flowid 160 _base_rtt=11685600 _base_bdp=146070 _bdp=146070 _min_cwnd=4150 _maxwnd=219105 _cwnd=219105
Initialize per-instance NSCC parameters: flowid 161 _base_rtt=11685600 _base_bdp=146070 _bdp=146070 _min_cwnd=4150 _maxwnd=219105 _cwnd=219105
Initialize per-instance NSCC parameters: flowid 162 _base_rtt=11685600 _base_bdp=146070 _bdp=146070 _min_cwnd=4150 _maxwnd=219105 _cwnd=219105
Initialize per-instance NSCC parameters: flowid 163 _base_rtt=11685600 _base_bdp=146070 _bdp=146070 _min_cwnd=4150 _maxwnd=219105 _cwnd=219105
Initialize per-instance NSCC parameters: flowid 164 _base_rtt=11685600 _base_bdp=146070 _bdp=146070 _min_cwnd=4150 _maxwnd=219105 _cwnd=219105
Initialize per-instance NSCC parameters: flowid 165 _base_rtt=11685600 _base_bdp=146070 _bdp=146070 _min_cwnd=4150 _maxwnd=219105 _cwnd=219105
Initialize per-instance NSCC parameters: flowid 166 _base_rtt=11685600 _base_bdp=146070 _bdp=146070 _min_cwnd=4150 _maxwnd=219105 _cwnd=219105
Initialize per-instance NSCC parameters: flowid 167 _base_rtt=11685600 _base_bdp=146070 _bdp=146070 _min_cwnd=4150 _maxwnd=219105 _cwnd=219105
Initialize per-instance NSCC parameters: flowid 168 _base_rtt=11685600 _base_bdp=146070 _bdp=146070 _min_cwnd=4150 _maxwnd=219105 _cwnd=219105
Initialize per-instance NSCC parameters: flowid 169 _base_rtt=11685600 _base_bdp=146070 _bdp=146070 _min_cwnd=4150 _maxwnd=219105 _cwnd=219105
Initialize per-instance NSCC parameters: flowid 170 _base_rtt=11685600 _base_bdp=146070 _bdp=146070 _min_cwnd=4150 _maxwnd=219105 _cwnd=219105
Initialize per-instance NSCC parameters: flowid 171 _base_rtt=11685600 _base_bdp=146070 _bdp=146070 _min_cwnd=4150 _maxwnd=219105 _cwnd=219105
Initialize per-instance NSCC parameters: flowid 172 _base_rtt=11685600 _base_bdp=146070 _bdp=146070 _min_cwnd=4150 _maxwnd=219105 _cwnd=219105
Initialize per-instance NSCC parameters: flowid 173 _base_rtt=11685600 _base_bdp=146070 _bdp=146070 _min_cwnd=4150 _maxwnd=219105 _cwnd=219105
Initialize per-instance NSCC parameters: flowid 174 _base_rtt=11685600 _base_bdp=146070 _bdp=146070 _min_cwnd=4150 _maxwnd=219105 _cwnd=219105
Initialize per-instance NSCC parameters: flowid 175 _base_rtt=11685600 _base_bdp=146070 _bdp=146070 _min_cwnd=4150 _maxwnd=219105 _cwnd=219105
Initialize per-instance NSCC parameters: flowid 176 _base_rtt=11685600 _base_bdp=146070 _bdp=146070 _min_cwnd=4150 _maxwnd=219105 _cwnd=219105
Initialize per-instance NSCC parameters: flowid 177 _base_rtt=11685600 _base_bdp=146070 _bdp=146070 _min_cwnd=4150 _maxwnd=219105 _cwnd=219105
Initialize per-instance NSCC parameters: flowid 178 _base_rtt=11685600 _base_bdp=146070 _bdp=146070 _min_cwnd=4150 _maxwnd=219105 _cwnd=219105
Initialize per-instance NSCC parameters: flowid 179 _base_rtt=11685600 _base_bdp=146070 _bdp=146070 _min_cwnd=4150 _maxwnd=219105 _cwnd=219105
Initialize per-instance NSCC parameters: flowid 180 _base_rtt=11685600 _base_bdp=146070 _bdp=146070 _min_cwnd=4150 _maxwnd=219105 _cwnd=219105
Initialize per-instance NSCC parameters: flowid 181 _base_rtt=11685600 _base_bdp=146070 _bdp=146070 _min_cwnd=4150 _maxwnd=219105 _cwnd=219105
Initialize per-instance NSCC parameters: flowid 182 _base_rtt=11685600 _base_bdp=146070 _bdp=146070 _min_cwnd=4150 _maxwnd=219105 _cwnd=219105
Initialize per-instance NSCC parameters: flowid 183 _base_rtt=11685600 _base_bdp=146070 _bdp=146070 _min_cwnd=4150 _maxwnd=219105 _cwnd=219105
Initialize per-instance NSCC parameters: flowid 184 _base_rtt=11685600 _base_bdp=146070 _bdp=146070 _min_cwnd=4150 _maxwnd=219105 _cwnd=219105
Initialize per-instance NSCC parameters: flowid 185 _base_rtt=11685600 _base_bdp=146070 _bdp=146070 _min_cwnd=4150 _maxwnd=219105 _cwnd=219105
Initialize per-instance NSCC parameters: flowid 186 _base_rtt=11685600 _base_bdp=146070 _bdp=146070 _min_cwnd=4150 _maxwnd=219105 _cwnd=219105
Initialize per-instance NSCC parameters: flowid 187 _base_rtt=11685600 _base_bdp=146070 _bdp=146070 _min_cwnd=4150 _maxwnd=219105 _cwnd=219105
Initialize per-instance NSCC parameters: flowid 188 _base_rtt=11685600 _base_bdp=146070 _bdp=146070 _min_cwnd=4150 _maxwnd=219105 _cwnd=219105
Initialize per-instance NSCC parameters: flowid 189 _base_rtt=11685600 _base_bdp=146070 _bdp=146070 _min_cwnd=4150 _maxwnd=219105 _cwnd=219105
Initialize per-instance NSCC parameters: flowid 190 _base_rtt=11685600 _base_bdp=146070 _bdp=146070 _min_cwnd=4150 _maxwnd=219105 _cwnd=219105
Initialize per-instance NSCC parameters: flowid 191 _base_rtt=11685600 _base_bdp=146070 _bdp=146070 _min_cwnd=4150 _maxwnd=219105 _cwnd=219105
Initialize per-instance NSCC parameters: flowid 192 _base_rtt=11685600 _base_bdp=146070 _bdp=146070 _min_cwnd=4150 _maxwnd=219105 _cwnd=219105
Initialize per-instance NSCC parameters: flowid 193 _base_rtt=11685600 _base_bdp=146070 _bdp=146070 _min_cwnd=4150 _maxwnd=219105 _cwnd=219105
Initialize per-instance NSCC parameters: flowid 194 _base_rtt=11685600 _base_bdp=146070 _bdp=146070 _min_cwnd=4150 _maxwnd=219105 _cwnd=219105
Initialize per-instance NSCC parameters: flowid 195 _base_rtt=11685600 _base_bdp=146070 _bdp=146070 _min_cwnd=4150 _maxwnd=219105 _cwnd=219105
Initialize per-instance NSCC parameters: flowid 196 _base_rtt=11685600 _base_bdp=146070 _bdp=146070 _min_cwnd=4150 _maxwnd=219105 _cwnd=219105
Initialize per-instance NSCC parameters: flowid 197 _base_rtt=11685600 _base_bdp=146070 _bdp=146070 _min_cwnd=4150 _maxwnd=219105 _cwnd=219105
Initialize per-instance NSCC parameters: flowid 198 _base_rtt=11685600 _base_bdp=146070 _bdp=146070 _min_cwnd=4150 _maxwnd=219105 _cwnd=219105
Initialize per-instance NSCC parameters: flowid 199 _base_rtt=11685600 _base_bdp=146070 _bdp=146070 _min_cwnd=4150 _maxwnd=219105 _cwnd=219105
Initialize per-instance NSCC parameters: flowid 200 _base_rtt=11685600 _base_bdp=146070 _bdp=146070 _min_cwnd=4150 _maxwnd=219105 _cwnd=219105
Initialize per-instance NSCC parameters: flowid 201 _base_rtt=11685600 _base_bdp=146070 _bdp=146070 _min_cwnd=4150 _maxwnd=219105 _cwnd=219105
Initialize per-instance NSCC parameters: flowid 202 _base_rtt=11685600 _base_bdp=146070 _bdp=146070 _min_cwnd=4150 _maxwnd=219105 _cwnd=219105
Initialize per-instance NSCC parameters: flowid 203 _base_rtt=11685600 _base_bdp=146070 _bdp=146070 _min_cwnd=4150 _maxwnd=219105 _cwnd=219105
Initialize per-instance NSCC parameters: flowid 204 _base_rtt=11685600 _base_bdp=146070 _bdp=146070 _min_cwnd=4150 _maxwnd=219105 _cwnd=219105
Initialize per-instance NSCC parameters: flowid 205 _base_rtt=11685600 _base_bdp=146070 _bdp=146070 _min_cwnd=4150 _maxwnd=219105 _cwnd=219105
Initialize per-instance NSCC parameters: flowid 206 _base_rtt=11685600 _base_bdp=146070 _bdp=146070 _min_cwnd=4150 _maxwnd=219105 _cwnd=219105
Initialize per-instance NSCC parameters: flowid 207 _base_rtt=11685600 _base_bdp=146070 _bdp=146070 _min_cwnd=4150 _maxwnd=219105 _cwnd=219105
Initialize per-instance NSCC parameters: flowid 208 _base_rtt=11685600 _base_bdp=146070 _bdp=146070 _min_cwnd=4150 _maxwnd=219105 _cwnd=219105
Initialize per-instance NSCC parameters: flowid 209 _base_rtt=11685600 _base_bdp=146070 _bdp=146070 _min_cwnd=4150 _maxwnd=219105 _cwnd=219105
Initialize per-instance NSCC parameters: flowid 210 _base_rtt=11685600 _base_bdp=146070 _bdp=146070 _min_cwnd=4150 _maxwnd=219105 _cwnd=219105
Initialize per-instance NSCC parameters: flowid 211 _base_rtt=11685600 _base_bdp=146070 _bdp=146070 _min_cwnd=4150 _maxwnd=219105 _cwnd=219105
Initialize per-instance NSCC parameters: flowid 212 _base_rtt=11685600 _base_bdp=146070 _bdp=146070 _min_cwnd=4150 _maxwnd=219105 _cwnd=219105
Initialize per-instance NSCC parameters: flowid 213 _base_rtt=11685600 _base_bdp=146070 _bdp=146070 _min_cwnd=4150 _maxwnd=219105 _cwnd=219105
Initialize per-instance NSCC parameters: flowid 214 _base_rtt=11685600 _base_bdp=146070 _bdp=146070 _min_cwnd=4150 _maxwnd=219105 _cwnd=219105
Initialize per-instance NSCC parameters: flowid 215 _base_rtt=11685600 _base_bdp=146070 _bdp=146070 _min_cwnd=4150 _maxwnd=219105 _cwnd=219105
Initialize per-instance NSCC parameters: flowid 216 _base_rtt=11685600 _base_bdp=146070 _bdp=146070 _min_cwnd=4150 _maxwnd=219105 _cwnd=219105
Initialize per-instance NSCC parameters: flowid 217 _base_rtt=11685600 _base_bdp=146070 _bdp=146070 _min_cwnd=4150 _maxwnd=219105 _cwnd=219105
Initialize per-instance NSCC parameters: flowid 218 _base_rtt=11685600 _base_bdp=146070 _bdp=146070 _min_cwnd=4150 _maxwnd=219105 _cwnd=219105
Initialize per-instance NSCC parameters: flowid 219 _base_rtt=11685600 _base_bdp=146070 _bdp=146070 _min_cwnd=4150 _maxwnd=219105 _cwnd=219105
Initialize per-instance NSCC parameters: flowid 220 _base_rtt=11685600 _base_bdp=146070 _bdp=146070 _min_cwnd=4150 _maxwnd=219105 _cwnd=219105
Initialize per-instance NSCC parameters: flowid 221 _base_rtt=11685600 _base_bdp=146070 _bdp=146070 _min_cwnd=4150 _maxwnd=219105 _cwnd=219105
Initialize per-instance NSCC parameters: flowid 222 _base_rtt=11685600 _base_bdp=146070 _bdp=146070 _min_cwnd=4150 _maxwnd=219105 _cwnd=219105
Initialize per-instance NSCC parameters: flowid 223 _base_rtt=11685600 _base_bdp=146070 _bdp=146070 _min_cwnd=4150 _maxwnd=219105 _cwnd=219105
Initialize per-instance NSCC parameters: flowid 224 _base_rtt=11685600 _base_bdp=146070 _bdp=146070 _min_cwnd=4150 _maxwnd=219105 _cwnd=219105
Initialize per-instance NSCC parameters: flowid 225 _base_rtt=11685600 _base_bdp=146070 _bdp=146070 _min_cwnd=4150 _maxwnd=219105 _cwnd=219105
Initialize per-instance NSCC parameters: flowid 226 _base_rtt=11685600 _base_bdp=146070 _bdp=146070 _min_cwnd=4150 _maxwnd=219105 _cwnd=219105
Initialize per-instance NSCC parameters: flowid 227 _base_rtt=11685600 _base_bdp=146070 _bdp=146070 _min_cwnd=4150 _maxwnd=219105 _cwnd=219105
Initialize per-instance NSCC parameters: flowid 228 _base_rtt=11685600 _base_bdp=146070 _bdp=146070 _min_cwnd=4150 _maxwnd=219105 _cwnd=219105
Initialize per-instance NSCC parameters: flowid 229 _base_rtt=11685600 _base_bdp=146070 _bdp=146070 _min_cwnd=4150 _maxwnd=219105 _cwnd=219105
Initialize per-instance NSCC parameters: flowid 230 _base_rtt=11685600 _base_bdp=146070 _bdp=146070 _min_cwnd=4150 _maxwnd=219105 _cwnd=219105
Initialize per-instance NSCC parameters: flowid 231 _base_rtt=11685600 _base_bdp=146070 _bdp=146070 _min_cwnd=4150 _maxwnd=219105 _cwnd=219105
Initialize per-instance NSCC parameters: flowid 232 _base_rtt=11685600 _base_bdp=146070 _bdp=146070 _min_cwnd=4150 _maxwnd=219105 _cwnd=219105
Initialize per-instance NSCC parameters: flowid 233 _base_rtt=11685600 _base_bdp=146070 _bdp=146070 _min_cwnd=4150 _maxwnd=219105 _cwnd=219105
Initialize per-instance NSCC parameters: flowid 234 _base_rtt=11685600 _base_bdp=146070 _bdp=146070 _min_cwnd=4150 _maxwnd=219105 _cwnd=219105
Initialize per-instance NSCC parameters: flowid 235 _base_rtt=11685600 _base_bdp=146070 _bdp=146070 _min_cwnd=4150 _maxwnd=219105 _cwnd=219105
Initialize per-instance NSCC parameters: flowid 236 _base_rtt=11685600 _base_bdp=146070 _bdp=146070 _min_cwnd=4150 _maxwnd=219105 _cwnd=219105
Initialize per-instance NSCC parameters: flowid 237 _base_rtt=11685600 _base_bdp=146070 _bdp=146070 _min_cwnd=4150 _maxwnd=219105 _cwnd=219105
Initialize per-instance NSCC parameters: flowid 238 _base_rtt=11685600 _base_bdp=146070 _bdp=146070 _min_cwnd=4150 _maxwnd=219105 _cwnd=219105
Initialize per-instance NSCC parameters: flowid 239 _base_rtt=11685600 _base_bdp=146070 _bdp=146070 _min_cwnd=4150 _maxwnd=219105 _cwnd=219105
Initialize per-instance NSCC parameters: flowid 240 _base_rtt=11685600 _base_bdp=146070 _bdp=146070 _min_cwnd=4150 _maxwnd=219105 _cwnd=219105
Initialize per-instance NSCC parameters: flowid 241 _base_rtt=11685600 _base_bdp=146070 _bdp=146070 _min_cwnd=4150 _maxwnd=219105 _cwnd=219105
Initialize per-instance NSCC parameters: flowid 242 _base_rtt=11685600 _base_bdp=146070 _bdp=146070 _min_cwnd=4150 _maxwnd=219105 _cwnd=219105
Initialize per-instance NSCC parameters: flowid 243 _base_rtt=11685600 _base_bdp=146070 _bdp=146070 _min_cwnd=4150 _maxwnd=219105 _cwnd=219105
Initialize per-instance NSCC parameters: flowid 244 _base_rtt=11685600 _base_bdp=146070 _bdp=146070 _min_cwnd=4150 _maxwnd=219105 _cwnd=219105
Initialize per-instance NSCC parameters: flowid 245 _base_rtt=11685600 _base_bdp=146070 _bdp=146070 _min_cwnd=4150 _maxwnd=219105 _cwnd=219105
Initialize per-instance NSCC parameters: flowid 246 _base_rtt=11685600 _base_bdp=146070 _bdp=146070 _min_cwnd=4150 _maxwnd=219105 _cwnd=219105
Initialize per-instance NSCC parameters: flowid 247 _base_rtt=11685600 _base_bdp=146070 _bdp=146070 _min_cwnd=4150 _maxwnd=219105 _cwnd=219105
Initialize per-instance NSCC parameters: flowid 248 _base_rtt=11685600 _base_bdp=146070 _bdp=146070 _min_cwnd=4150 _maxwnd=219105 _cwnd=219105
Initialize per-instance NSCC parameters: flowid 249 _base_rtt=11685600 _base_bdp=146070 _bdp=146070 _min_cwnd=4150 _maxwnd=219105 _cwnd=219105
Initialize per-instance NSCC parameters: flowid 250 _base_rtt=11685600 _base_bdp=146070 _bdp=146070 _min_cwnd=4150 _maxwnd=219105 _cwnd=219105
Initialize per-instance NSCC parameters: flowid 251 _base_rtt=11685600 _base_bdp=146070 _bdp=146070 _min_cwnd=4150 _maxwnd=219105 _cwnd=219105
Initialize per-instance NSCC parameters: flowid 252 _base_rtt=11685600 _base_bdp=146070 _bdp=146070 _min_cwnd=4150 _maxwnd=219105 _cwnd=219105
Initialize per-instance NSCC parameters: flowid 253 _base_rtt=11685600 _base_bdp=146070 _bdp=146070 _min_cwnd=4150 _maxwnd=219105 _cwnd=219105
Initialize per-instance NSCC parameters: flowid 254 _base_rtt=11685600 _base_bdp=146070 _bdp=146070 _min_cwnd=4150 _maxwnd=219105 _cwnd=219105
Initialize per-instance NSCC parameters: flowid 255 _base_rtt=11685600 _base_bdp=146070 _bdp=146070 _min_cwnd=4150 _maxwnd=219105 _cwnd=219105
Initialize per-instance NSCC parameters: flowid 256 _base_rtt=11685600 _base_bdp=146070 _bdp=146070 _min_cwnd=4150 _maxwnd=219105 _cwnd=219105
Initialize per-instance NSCC parameters: flowid 257 _base_rtt=11685600 _base_bdp=146070 _bdp=146070 _min_cwnd=4150 _maxwnd=219105 _cwnd=219105
Initialize per-instance NSCC parameters: flowid 258 _base_rtt=11685600 _base_bdp=146070 _bdp=146070 _min_cwnd=4150 _maxwnd=219105 _cwnd=219105
Initialize per-instance NSCC parameters: flowid 259 _base_rtt=11685600 _base_bdp=146070 _bdp=146070 _min_cwnd=4150 _maxwnd=219105 _cwnd=219105
Initialize per-instance NSCC parameters: flowid 260 _base_rtt=11685600 _base_bdp=146070 _bdp=146070 _min_cwnd=4150 _maxwnd=219105 _cwnd=219105
Initialize per-instance NSCC parameters: flowid 261 _base_rtt=11685600 _base_bdp=146070 _bdp=146070 _min_cwnd=4150 _maxwnd=219105 _cwnd=219105
Initialize per-instance NSCC parameters: flowid 262 _base_rtt=11685600 _base_bdp=146070 _bdp=146070 _min_cwnd=4150 _maxwnd=219105 _cwnd=219105
Initialize per-instance NSCC parameters: flowid 263 _base_rtt=11685600 _base_bdp=146070 _bdp=146070 _min_cwnd=4150 _maxwnd=219105 _cwnd=219105
Initialize per-instance NSCC parameters: flowid 264 _base_rtt=11685600 _base_bdp=146070 _bdp=146070 _min_cwnd=4150 _maxwnd=219105 _cwnd=219105
Initialize per-instance NSCC parameters: flowid 265 _base_rtt=11685600 _base_bdp=146070 _bdp=146070 _min_cwnd=4150 _maxwnd=219105 _cwnd=219105
Initialize per-instance NSCC parameters: flowid 266 _base_rtt=11685600 _base_bdp=146070 _bdp=146070 _min_cwnd=4150 _maxwnd=219105 _cwnd=219105
Initialize per-instance NSCC parameters: flowid 267 _base_rtt=11685600 _base_bdp=146070 _bdp=146070 _min_cwnd=4150 _maxwnd=219105 _cwnd=219105
Initialize per-instance NSCC parameters: flowid 268 _base_rtt=11685600 _base_bdp=146070 _bdp=146070 _min_cwnd=4150 _maxwnd=219105 _cwnd=219105
Initialize per-instance NSCC parameters: flowid 269 _base_rtt=11685600 _base_bdp=146070 _bdp=146070 _min_cwnd=4150 _maxwnd=219105 _cwnd=219105
Initialize per-instance NSCC parameters: flowid 270 _base_rtt=11685600 _base_bdp=146070 _bdp=146070 _min_cwnd=4150 _maxwnd=219105 _cwnd=219105
Initialize per-instance NSCC parameters: flowid 271 _base_rtt=11685600 _base_bdp=146070 _bdp=146070 _min_cwnd=4150 _maxwnd=219105 _cwnd=219105
Initialize per-instance NSCC parameters: flowid 272 _base_rtt=11685600 _base_bdp=146070 _bdp=146070 _min_cwnd=4150 _maxwnd=219105 _cwnd=219105
Initialize per-instance NSCC parameters: flowid 273 _base_rtt=11685600 _base_bdp=146070 _bdp=146070 _min_cwnd=4150 _maxwnd=219105 _cwnd=219105
Initialize per-instance NSCC parameters: flowid 274 _base_rtt=11685600 _base_bdp=146070 _bdp=146070 _min_cwnd=4150 _maxwnd=219105 _cwnd=219105
Initialize per-instance NSCC parameters: flowid 275 _base_rtt=11685600 _base_bdp=146070 _bdp=146070 _min_cwnd=4150 _maxwnd=219105 _cwnd=219105
Initialize per-instance NSCC parameters: flowid 276 _base_rtt=11685600 _base_bdp=146070 _bdp=146070 _min_cwnd=4150 _maxwnd=219105 _cwnd=219105
Initialize per-instance NSCC parameters: flowid 277 _base_rtt=11685600 _base_bdp=146070 _bdp=146070 _min_cwnd=4150 _maxwnd=219105 _cwnd=219105
Initialize per-instance NSCC parameters: flowid 278 _base_rtt=11685600 _base_bdp=146070 _bdp=146070 _min_cwnd=4150 _maxwnd=219105 _cwnd=219105
Initialize per-instance NSCC parameters: flowid 279 _base_rtt=11685600 _base_bdp=146070 _bdp=146070 _min_cwnd=4150 _maxwnd=219105 _cwnd=219105
Initialize per-instance NSCC parameters: flowid 280 _base_rtt=11685600 _base_bdp=146070 _bdp=146070 _min_cwnd=4150 _maxwnd=219105 _cwnd=219105
Initialize per-instance NSCC parameters: flowid 281 _base_rtt=11685600 _base_bdp=146070 _bdp=146070 _min_cwnd=4150 _maxwnd=219105 _cwnd=219105
Initialize per-instance NSCC parameters: flowid 282 _base_rtt=11685600 _base_bdp=146070 _bdp=146070 _min_cwnd=4150 _maxwnd=219105 _cwnd=219105
Initialize per-instance NSCC parameters: flowid 283 _base_rtt=11685600 _base_bdp=146070 _bdp=146070 _min_cwnd=4150 _maxwnd=219105 _cwnd=219105
Initialize per-instance NSCC parameters: flowid 284 _base_rtt=11685600 _base_bdp=146070 _bdp=146070 _min_cwnd=4150 _maxwnd=219105 _cwnd=219105
Initialize per-instance NSCC parameters: flowid 285 _base_rtt=11685600 _base_bdp=146070 _bdp=146070 _min_cwnd=4150 _maxwnd=219105 _cwnd=219105
Initialize per-instance NSCC parameters: flowid 286 _base_rtt=11685600 _base_bdp=146070 _bdp=146070 _min_cwnd=4150 _maxwnd=219105 _cwnd=219105
Initialize per-instance NSCC parameters: flowid 287 _base_rtt=11685600 _base_bdp=146070 _bdp=146070 _min_cwnd=4150 _maxwnd=219105 _cwnd=219105
Initialize per-instance NSCC parameters: flowid 288 _base_rtt=11685600 _base_bdp=146070 _bdp=146070 _min_cwnd=4150 _maxwnd=219105 _cwnd=219105
Initialize per-instance NSCC parameters: flowid 289 _base_rtt=11685600 _base_bdp=146070 _bdp=146070 _min_cwnd=4150 _maxwnd=219105 _cwnd=219105
Initialize per-instance NSCC parameters: flowid 290 _base_rtt=11685600 _base_bdp=146070 _bdp=146070 _min_cwnd=4150 _maxwnd=219105 _cwnd=219105
Initialize per-instance NSCC parameters: flowid 291 _base_rtt=11685600 _base_bdp=146070 _bdp=146070 _min_cwnd=4150 _maxwnd=219105 _cwnd=219105
Initialize per-instance NSCC parameters: flowid 292 _base_rtt=11685600 _base_bdp=146070 _bdp=146070 _min_cwnd=4150 _maxwnd=219105 _cwnd=219105
Initialize per-instance NSCC parameters: flowid 293 _base_rtt=11685600 _base_bdp=146070 _bdp=146070 _min_cwnd=4150 _maxwnd=219105 _cwnd=219105
Initialize per-instance NSCC parameters: flowid 294 _base_rtt=11685600 _base_bdp=146070 _bdp=146070 _min_cwnd=4150 _maxwnd=219105 _cwnd=219105
Initialize per-instance NSCC parameters: flowid 295 _base_rtt=11685600 _base_bdp=146070 _bdp=146070 _min_cwnd=4150 _maxwnd=219105 _cwnd=219105
Initialize per-instance NSCC parameters: flowid 296 _base_rtt=11685600 _base_bdp=146070 _bdp=146070 _min_cwnd=4150 _maxwnd=219105 _cwnd=219105
Initialize per-instance NSCC parameters: flowid 297 _base_rtt=11685600 _base_bdp=146070 _bdp=146070 _min_cwnd=4150 _maxwnd=219105 _cwnd=219105
Initialize per-instance NSCC parameters: flowid 298 _base_rtt=11685600 _base_bdp=146070 _bdp=146070 _min_cwnd=4150 _maxwnd=219105 _cwnd=219105
Initialize per-instance NSCC parameters: flowid 299 _base_rtt=11685600 _base_bdp=146070 _bdp=146070 _min_cwnd=4150 _maxwnd=219105 _cwnd=219105
Initialize per-instance NSCC parameters: flowid 300 _base_rtt=11685600 _base_bdp=146070 _bdp=146070 _min_cwnd=4150 _maxwnd=219105 _cwnd=219105
Initialize per-instance NSCC parameters: flowid 301 _base_rtt=11685600 _base_bdp=146070 _bdp=146070 _min_cwnd=4150 _maxwnd=219105 _cwnd=219105
Initialize per-instance NSCC parameters: flowid 302 _base_rtt=11685600 _base_bdp=146070 _bdp=146070 _min_cwnd=4150 _maxwnd=219105 _cwnd=219105
Initialize per-instance NSCC parameters: flowid 303 _base_rtt=11685600 _base_bdp=146070 _bdp=146070 _min_cwnd=4150 _maxwnd=219105 _cwnd=219105
Initialize per-instance NSCC parameters: flowid 304 _base_rtt=11685600 _base_bdp=146070 _bdp=146070 _min_cwnd=4150 _maxwnd=219105 _cwnd=219105
Initialize per-instance NSCC parameters: flowid 305 _base_rtt=11685600 _base_bdp=146070 _bdp=146070 _min_cwnd=4150 _maxwnd=219105 _cwnd=219105
Initialize per-instance NSCC parameters: flowid 306 _base_rtt=11685600 _base_bdp=146070 _bdp=146070 _min_cwnd=4150 _maxwnd=219105 _cwnd=219105
Initialize per-instance NSCC parameters: flowid 307 _base_rtt=11685600 _base_bdp=146070 _bdp=146070 _min_cwnd=4150 _maxwnd=219105 _cwnd=219105
Initialize per-instance NSCC parameters: flowid 308 _base_rtt=11685600 _base_bdp=146070 _bdp=146070 _min_cwnd=4150 _maxwnd=219105 _cwnd=219105
Initialize per-instance NSCC parameters: flowid 309 _base_rtt=11685600 _base_bdp=146070 _bdp=146070 _min_cwnd=4150 _maxwnd=219105 _cwnd=219105
Initialize per-instance NSCC parameters: flowid 310 _base_rtt=11685600 _base_bdp=146070 _bdp=146070 _min_cwnd=4150 _maxwnd=219105 _cwnd=219105
Initialize per-instance NSCC parameters: flowid 311 _base_rtt=11685600 _base_bdp=146070 _bdp=146070 _min_cwnd=4150 _maxwnd=219105 _cwnd=219105
Initialize per-instance NSCC parameters: flowid 312 _base_rtt=11685600 _base_bdp=146070 _bdp=146070 _min_cwnd=4150 _maxwnd=219105 _cwnd=219105
Initialize per-instance NSCC parameters: flowid 313 _base_rtt=11685600 _base_bdp=146070 _bdp=146070 _min_cwnd=4150 _maxwnd=219105 _cwnd=219105
Initialize per-instance NSCC parameters: flowid 314 _base_rtt=11685600 _base_bdp=146070 _bdp=146070 _min_cwnd=4150 _maxwnd=219105 _cwnd=219105
Initialize per-instance NSCC parameters: flowid 315 _base_rtt=11685600 _base_bdp=146070 _bdp=146070 _min_cwnd=4150 _maxwnd=219105 _cwnd=219105
Initialize per-instance NSCC parameters: flowid 316 _base_rtt=11685600 _base_bdp=146070 _bdp=146070 _min_cwnd=4150 _maxwnd=219105 _cwnd=219105
Initialize per-instance NSCC parameters: flowid 317 _base_rtt=11685600 _base_bdp=146070 _bdp=146070 _min_cwnd=4150 _maxwnd=219105 _cwnd=219105
Initialize per-instance NSCC parameters: flowid 318 _base_rtt=11685600 _base_bdp=146070 _bdp=146070 _min_cwnd=4150 _maxwnd=219105 _cwnd=219105
Initialize per-instance NSCC parameters: flowid 319 _base_rtt=11685600 _base_bdp=146070 _bdp=146070 _min_cwnd=4150 _maxwnd=219105 _cwnd=219105
Initialize per-instance NSCC parameters: flowid 320 _base_rtt=11685600 _base_bdp=146070 _bdp=146070 _min_cwnd=4150 _maxwnd=219105 _cwnd=219105
Initialize per-instance NSCC parameters: flowid 321 _base_rtt=11685600 _base_bdp=146070 _bdp=146070 _min_cwnd=4150 _maxwnd=219105 _cwnd=219105
Initialize per-instance NSCC parameters: flowid 322 _base_rtt=11685600 _base_bdp=146070 _bdp=146070 _min_cwnd=4150 _maxwnd=219105 _cwnd=219105
Initialize per-instance NSCC parameters: flowid 323 _base_rtt=11685600 _base_bdp=146070 _bdp=146070 _min_cwnd=4150 _maxwnd=219105 _cwnd=219105
Initialize per-instance NSCC parameters: flowid 324 _base_rtt=11685600 _base_bdp=146070 _bdp=146070 _min_cwnd=4150 _maxwnd=219105 _cwnd=219105
Initialize per-instance NSCC parameters: flowid 325 _base_rtt=11685600 _base_bdp=146070 _bdp=146070 _min_cwnd=4150 _maxwnd=219105 _cwnd=219105
Initialize per-instance NSCC parameters: flowid 326 _base_rtt=11685600 _base_bdp=146070 _bdp=146070 _min_cwnd=4150 _maxwnd=219105 _cwnd=219105
Initialize per-instance NSCC parameters: flowid 327 _base_rtt=11685600 _base_bdp=146070 _bdp=146070 _min_cwnd=4150 _maxwnd=219105 _cwnd=219105
Initialize per-instance NSCC parameters: flowid 328 _base_rtt=11685600 _base_bdp=146070 _bdp=146070 _min_cwnd=4150 _maxwnd=219105 _cwnd=219105
Initialize per-instance NSCC parameters: flowid 329 _base_rtt=11685600 _base_bdp=146070 _bdp=146070 _min_cwnd=4150 _maxwnd=219105 _cwnd=219105
Initialize per-instance NSCC parameters: flowid 330 _base_rtt=11685600 _base_bdp=146070 _bdp=146070 _min_cwnd=4150 _maxwnd=219105 _cwnd=219105
Initialize per-instance NSCC parameters: flowid 331 _base_rtt=11685600 _base_bdp=146070 _bdp=146070 _min_cwnd=4150 _maxwnd=219105 _cwnd=219105
Initialize per-instance NSCC parameters: flowid 332 _base_rtt=11685600 _base_bdp=146070 _bdp=146070 _min_cwnd=4150 _maxwnd=219105 _cwnd=219105
Initialize per-instance NSCC parameters: flowid 333 _base_rtt=11685600 _base_bdp=146070 _bdp=146070 _min_cwnd=4150 _maxwnd=219105 _cwnd=219105
Initialize per-instance NSCC parameters: flowid 334 _base_rtt=11685600 _base_bdp=146070 _bdp=146070 _min_cwnd=4150 _maxwnd=219105 _cwnd=219105
Initialize per-instance NSCC parameters: flowid 335 _base_rtt=11685600 _base_bdp=146070 _bdp=146070 _min_cwnd=4150 _maxwnd=219105 _cwnd=219105
Initialize per-instance NSCC parameters: flowid 336 _base_rtt=11685600 _base_bdp=146070 _bdp=146070 _min_cwnd=4150 _maxwnd=219105 _cwnd=219105
Initialize per-instance NSCC parameters: flowid 337 _base_rtt=11685600 _base_bdp=146070 _bdp=146070 _min_cwnd=4150 _maxwnd=219105 _cwnd=219105
Initialize per-instance NSCC parameters: flowid 338 _base_rtt=11685600 _base_bdp=146070 _bdp=146070 _min_cwnd=4150 _maxwnd=219105 _cwnd=219105
Initialize per-instance NSCC parameters: flowid 339 _base_rtt=11685600 _base_bdp=146070 _bdp=146070 _min_cwnd=4150 _maxwnd=219105 _cwnd=219105
Initialize per-instance NSCC parameters: flowid 340 _base_rtt=11685600 _base_bdp=146070 _bdp=146070 _min_cwnd=4150 _maxwnd=219105 _cwnd=219105
Initialize per-instance NSCC parameters: flowid 341 _base_rtt=11685600 _base_bdp=146070 _bdp=146070 _min_cwnd=4150 _maxwnd=219105 _cwnd=219105
Initialize per-instance NSCC parameters: flowid 342 _base_rtt=11685600 _base_bdp=146070 _bdp=146070 _min_cwnd=4150 _maxwnd=219105 _cwnd=219105
Initialize per-instance NSCC parameters: flowid 343 _base_rtt=11685600 _base_bdp=146070 _bdp=146070 _min_cwnd=4150 _maxwnd=219105 _cwnd=219105
Initialize per-instance NSCC parameters: flowid 344 _base_rtt=11685600 _base_bdp=146070 _bdp=146070 _min_cwnd=4150 _maxwnd=219105 _cwnd=219105
Initialize per-instance NSCC parameters: flowid 345 _base_rtt=11685600 _base_bdp=146070 _bdp=146070 _min_cwnd=4150 _maxwnd=219105 _cwnd=219105
Initialize per-instance NSCC parameters: flowid 346 _base_rtt=11685600 _base_bdp=146070 _bdp=146070 _min_cwnd=4150 _maxwnd=219105 _cwnd=219105
Initialize per-instance NSCC parameters: flowid 347 _base_rtt=11685600 _base_bdp=146070 _bdp=146070 _min_cwnd=4150 _maxwnd=219105 _cwnd=219105
Initialize per-instance NSCC parameters: flowid 348 _base_rtt=11685600 _base_bdp=146070 _bdp=146070 _min_cwnd=4150 _maxwnd=219105 _cwnd=219105
Initialize per-instance NSCC parameters: flowid 349 _base_rtt=11685600 _base_bdp=146070 _bdp=146070 _min_cwnd=4150 _maxwnd=219105 _cwnd=219105
Initialize per-instance NSCC parameters: flowid 350 _base_rtt=11685600 _base_bdp=146070 _bdp=146070 _min_cwnd=4150 _maxwnd=219105 _cwnd=219105
Initialize per-instance NSCC parameters: flowid 351 _base_rtt=11685600 _base_bdp=146070 _bdp=146070 _min_cwnd=4150 _maxwnd=219105 _cwnd=219105
Initialize per-instance NSCC parameters: flowid 352 _base_rtt=11685600 _base_bdp=146070 _bdp=146070 _min_cwnd=4150 _maxwnd=219105 _cwnd=219105
Initialize per-instance NSCC parameters: flowid 353 _base_rtt=11685600 _base_bdp=146070 _bdp=146070 _min_cwnd=4150 _maxwnd=219105 _cwnd=219105
Initialize per-instance NSCC parameters: flowid 354 _base_rtt=11685600 _base_bdp=146070 _bdp=146070 _min_cwnd=4150 _maxwnd=219105 _cwnd=219105
Initialize per-instance NSCC parameters: flowid 355 _base_rtt=11685600 _base_bdp=146070 _bdp=146070 _min_cwnd=4150 _maxwnd=219105 _cwnd=219105
Initialize per-instance NSCC parameters: flowid 356 _base_rtt=11685600 _base_bdp=146070 _bdp=146070 _min_cwnd=4150 _maxwnd=219105 _cwnd=219105
Initialize per-instance NSCC parameters: flowid 357 _base_rtt=11685600 _base_bdp=146070 _bdp=146070 _min_cwnd=4150 _maxwnd=219105 _cwnd=219105
Initialize per-instance NSCC parameters: flowid 358 _base_rtt=11685600 _base_bdp=146070 _bdp=146070 _min_cwnd=4150 _maxwnd=219105 _cwnd=219105
Initialize per-instance NSCC parameters: flowid 359 _base_rtt=11685600 _base_bdp=146070 _bdp=146070 _min_cwnd=4150 _maxwnd=219105 _cwnd=219105
Initialize per-instance NSCC parameters: flowid 360 _base_rtt=11685600 _base_bdp=146070 _bdp=146070 _min_cwnd=4150 _maxwnd=219105 _cwnd=219105
Initialize per-instance NSCC parameters: flowid 361 _base_rtt=11685600 _base_bdp=146070 _bdp=146070 _min_cwnd=4150 _maxwnd=219105 _cwnd=219105
Initialize per-instance NSCC parameters: flowid 362 _base_rtt=11685600 _base_bdp=146070 _bdp=146070 _min_cwnd=4150 _maxwnd=219105 _cwnd=219105
Initialize per-instance NSCC parameters: flowid 363 _base_rtt=11685600 _base_bdp=146070 _bdp=146070 _min_cwnd=4150 _maxwnd=219105 _cwnd=219105
Initialize per-instance NSCC parameters: flowid 364 _base_rtt=11685600 _base_bdp=146070 _bdp=146070 _min_cwnd=4150 _maxwnd=219105 _cwnd=219105
Initialize per-instance NSCC parameters: flowid 365 _base_rtt=11685600 _base_bdp=146070 _bdp=146070 _min_cwnd=4150 _maxwnd=219105 _cwnd=219105
Initialize per-instance NSCC parameters: flowid 366 _base_rtt=11685600 _base_bdp=146070 _bdp=146070 _min_cwnd=4150 _maxwnd=219105 _cwnd=219105
Initialize per-instance NSCC parameters: flowid 367 _base_rtt=11685600 _base_bdp=146070 _bdp=146070 _min_cwnd=4150 _maxwnd=219105 _cwnd=219105
Initialize per-instance NSCC parameters: flowid 368 _base_rtt=11685600 _base_bdp=146070 _bdp=146070 _min_cwnd=4150 _maxwnd=219105 _cwnd=219105
Initialize per-instance NSCC parameters: flowid 369 _base_rtt=11685600 _base_bdp=146070 _bdp=146070 _min_cwnd=4150 _maxwnd=219105 _cwnd=219105
Initialize per-instance NSCC parameters: flowid 370 _base_rtt=11685600 _base_bdp=146070 _bdp=146070 _min_cwnd=4150 _maxwnd=219105 _cwnd=219105
Initialize per-instance NSCC parameters: flowid 371 _base_rtt=11685600 _base_bdp=146070 _bdp=146070 _min_cwnd=4150 _maxwnd=219105 _cwnd=219105
Initialize per-instance NSCC parameters: flowid 372 _base_rtt=11685600 _base_bdp=146070 _bdp=146070 _min_cwnd=4150 _maxwnd=219105 _cwnd=219105
Initialize per-instance NSCC parameters: flowid 373 _base_rtt=11685600 _base_bdp=146070 _bdp=146070 _min_cwnd=4150 _maxwnd=219105 _cwnd=219105
Initialize per-instance NSCC parameters: flowid 374 _base_rtt=11685600 _base_bdp=146070 _bdp=146070 _min_cwnd=4150 _maxwnd=219105 _cwnd=219105
Initialize per-instance NSCC parameters: flowid 375 _base_rtt=11685600 _base_bdp=146070 _bdp=146070 _min_cwnd=4150 _maxwnd=219105 _cwnd=219105
Initialize per-instance NSCC parameters: flowid 376 _base_rtt=11685600 _base_bdp=146070 _bdp=146070 _min_cwnd=4150 _maxwnd=219105 _cwnd=219105
Initialize per-instance NSCC parameters: flowid 377 _base_rtt=11685600 _base_bdp=146070 _bdp=146070 _min_cwnd=4150 _maxwnd=219105 _cwnd=219105
Initialize per-instance NSCC parameters: flowid 378 _base_rtt=11685600 _base_bdp=146070 _bdp=146070 _min_cwnd=4150 _maxwnd=219105 _cwnd=219105
Initialize per-instance NSCC parameters: flowid 379 _base_rtt=11685600 _base_bdp=146070 _bdp=146070 _min_cwnd=4150 _maxwnd=219105 _cwnd=219105
Initialize per-instance NSCC parameters: flowid 380 _base_rtt=11685600 _base_bdp=146070 _bdp=146070 _min_cwnd=4150 _maxwnd=219105 _cwnd=219105
Initialize per-instance NSCC parameters: flowid 381 _base_rtt=11685600 _base_bdp=146070 _bdp=146070 _min_cwnd=4150 _maxwnd=219105 _cwnd=219105
Initialize per-instance NSCC parameters: flowid 382 _base_rtt=11685600 _base_bdp=146070 _bdp=146070 _min_cwnd=4150 _maxwnd=219105 _cwnd=219105
Initialize per-instance NSCC parameters: flowid 383 _base_rtt=11685600 _base_bdp=146070 _bdp=146070 _min_cwnd=4150 _maxwnd=219105 _cwnd=219105
Initialize per-instance NSCC parameters: flowid 384 _base_rtt=11685600 _base_bdp=146070 _bdp=146070 _min_cwnd=4150 _maxwnd=219105 _cwnd=219105
Initialize per-instance NSCC parameters: flowid 385 _base_rtt=11685600 _base_bdp=146070 _bdp=146070 _min_cwnd=4150 _maxwnd=219105 _cwnd=219105
Initialize per-instance NSCC parameters: flowid 386 _base_rtt=11685600 _base_bdp=146070 _bdp=146070 _min_cwnd=4150 _maxwnd=219105 _cwnd=219105
Initialize per-instance NSCC parameters: flowid 387 _base_rtt=11685600 _base_bdp=146070 _bdp=146070 _min_cwnd=4150 _maxwnd=219105 _cwnd=219105
Initialize per-instance NSCC parameters: flowid 388 _base_rtt=11685600 _base_bdp=146070 _bdp=146070 _min_cwnd=4150 _maxwnd=219105 _cwnd=219105
Initialize per-instance NSCC parameters: flowid 389 _base_rtt=11685600 _base_bdp=146070 _bdp=146070 _min_cwnd=4150 _maxwnd=219105 _cwnd=219105
Initialize per-instance NSCC parameters: flowid 390 _base_rtt=11685600 _base_bdp=146070 _bdp=146070 _min_cwnd=4150 _maxwnd=219105 _cwnd=219105
Initialize per-instance NSCC parameters: flowid 391 _base_rtt=11685600 _base_bdp=146070 _bdp=146070 _min_cwnd=4150 _maxwnd=219105 _cwnd=219105
Initialize per-instance NSCC parameters: flowid 392 _base_rtt=11685600 _base_bdp=146070 _bdp=146070 _min_cwnd=4150 _maxwnd=219105 _cwnd=219105
Initialize per-instance NSCC parameters: flowid 393 _base_rtt=11685600 _base_bdp=146070 _bdp=146070 _min_cwnd=4150 _maxwnd=219105 _cwnd=219105
Initialize per-instance NSCC parameters: flowid 394 _base_rtt=11685600 _base_bdp=146070 _bdp=146070 _min_cwnd=4150 _maxwnd=219105 _cwnd=219105
Initialize per-instance NSCC parameters: flowid 395 _base_rtt=11685600 _base_bdp=146070 _bdp=146070 _min_cwnd=4150 _maxwnd=219105 _cwnd=219105
Initialize per-instance NSCC parameters: flowid 396 _base_rtt=11685600 _base_bdp=146070 _bdp=146070 _min_cwnd=4150 _maxwnd=219105 _cwnd=219105
Initialize per-instance NSCC parameters: flowid 397 _base_rtt=11685600 _base_bdp=146070 _bdp=146070 _min_cwnd=4150 _maxwnd=219105 _cwnd=219105
Initialize per-instance NSCC parameters: flowid 398 _base_rtt=11685600 _base_bdp=146070 _bdp=146070 _min_cwnd=4150 _maxwnd=219105 _cwnd=219105
Initialize per-instance NSCC parameters: flowid 399 _base_rtt=11685600 _base_bdp=146070 _bdp=146070 _min_cwnd=4150 _maxwnd=219105 _cwnd=219105
Initialize per-instance NSCC parameters: flowid 400 _base_rtt=11685600 _base_bdp=146070 _bdp=146070 _min_cwnd=4150 _maxwnd=219105 _cwnd=219105
Initialize per-instance NSCC parameters: flowid 401 _base_rtt=11685600 _base_bdp=146070 _bdp=146070 _min_cwnd=4150 _maxwnd=219105 _cwnd=219105
Initialize per-instance NSCC parameters: flowid 402 _base_rtt=11685600 _base_bdp=146070 _bdp=146070 _min_cwnd=4150 _maxwnd=219105 _cwnd=219105
Initialize per-instance NSCC parameters: flowid 403 _base_rtt=11685600 _base_bdp=146070 _bdp=146070 _min_cwnd=4150 _maxwnd=219105 _cwnd=219105
Initialize per-instance NSCC parameters: flowid 404 _base_rtt=11685600 _base_bdp=146070 _bdp=146070 _min_cwnd=4150 _maxwnd=219105 _cwnd=219105
Initialize per-instance NSCC parameters: flowid 405 _base_rtt=11685600 _base_bdp=146070 _bdp=146070 _min_cwnd=4150 _maxwnd=219105 _cwnd=219105
Initialize per-instance NSCC parameters: flowid 406 _base_rtt=11685600 _base_bdp=146070 _bdp=146070 _min_cwnd=4150 _maxwnd=219105 _cwnd=219105
Initialize per-instance NSCC parameters: flowid 407 _base_rtt=11685600 _base_bdp=146070 _bdp=146070 _min_cwnd=4150 _maxwnd=219105 _cwnd=219105
Initialize per-instance NSCC parameters: flowid 408 _base_rtt=11685600 _base_bdp=146070 _bdp=146070 _min_cwnd=4150 _maxwnd=219105 _cwnd=219105
Initialize per-instance NSCC parameters: flowid 409 _base_rtt=11685600 _base_bdp=146070 _bdp=146070 _min_cwnd=4150 _maxwnd=219105 _cwnd=219105
Initialize per-instance NSCC parameters: flowid 410 _base_rtt=11685600 _base_bdp=146070 _bdp=146070 _min_cwnd=4150 _maxwnd=219105 _cwnd=219105
Initialize per-instance NSCC parameters: flowid 411 _base_rtt=11685600 _base_bdp=146070 _bdp=146070 _min_cwnd=4150 _maxwnd=219105 _cwnd=219105
Initialize per-instance NSCC parameters: flowid 412 _base_rtt=11685600 _base_bdp=146070 _bdp=146070 _min_cwnd=4150 _maxwnd=219105 _cwnd=219105
Initialize per-instance NSCC parameters: flowid 413 _base_rtt=11685600 _base_bdp=146070 _bdp=146070 _min_cwnd=4150 _maxwnd=219105 _cwnd=219105
Initialize per-instance NSCC parameters: flowid 414 _base_rtt=11685600 _base_bdp=146070 _bdp=146070 _min_cwnd=4150 _maxwnd=219105 _cwnd=219105
Initialize per-instance NSCC parameters: flowid 415 _base_rtt=11685600 _base_bdp=146070 _bdp=146070 _min_cwnd=4150 _maxwnd=219105 _cwnd=219105
Initialize per-instance NSCC parameters: flowid 416 _base_rtt=11685600 _base_bdp=146070 _bdp=146070 _min_cwnd=4150 _maxwnd=219105 _cwnd=219105
Initialize per-instance NSCC parameters: flowid 417 _base_rtt=11685600 _base_bdp=146070 _bdp=146070 _min_cwnd=4150 _maxwnd=219105 _cwnd=219105
Initialize per-instance NSCC parameters: flowid 418 _base_rtt=11685600 _base_bdp=146070 _bdp=146070 _min_cwnd=4150 _maxwnd=219105 _cwnd=219105
Initialize per-instance NSCC parameters: flowid 419 _base_rtt=11685600 _base_bdp=146070 _bdp=146070 _min_cwnd=4150 _maxwnd=219105 _cwnd=219105
Initialize per-instance NSCC parameters: flowid 420 _base_rtt=11685600 _base_bdp=146070 _bdp=146070 _min_cwnd=4150 _maxwnd=219105 _cwnd=219105
Initialize per-instance NSCC parameters: flowid 421 _base_rtt=11685600 _base_bdp=146070 _bdp=146070 _min_cwnd=4150 _maxwnd=219105 _cwnd=219105
Initialize per-instance NSCC parameters: flowid 422 _base_rtt=11685600 _base_bdp=146070 _bdp=146070 _min_cwnd=4150 _maxwnd=219105 _cwnd=219105
Initialize per-instance NSCC parameters: flowid 423 _base_rtt=11685600 _base_bdp=146070 _bdp=146070 _min_cwnd=4150 _maxwnd=219105 _cwnd=219105
Initialize per-instance NSCC parameters: flowid 424 _base_rtt=11685600 _base_bdp=146070 _bdp=146070 _min_cwnd=4150 _maxwnd=219105 _cwnd=219105
Initialize per-instance NSCC parameters: flowid 425 _base_rtt=11685600 _base_bdp=146070 _bdp=146070 _min_cwnd=4150 _maxwnd=219105 _cwnd=219105
Initialize per-instance NSCC parameters: flowid 426 _base_rtt=11685600 _base_bdp=146070 _bdp=146070 _min_cwnd=4150 _maxwnd=219105 _cwnd=219105
Initialize per-instance NSCC parameters: flowid 427 _base_rtt=11685600 _base_bdp=146070 _bdp=146070 _min_cwnd=4150 _maxwnd=219105 _cwnd=219105
Initialize per-instance NSCC parameters: flowid 428 _base_rtt=11685600 _base_bdp=146070 _bdp=146070 _min_cwnd=4150 _maxwnd=219105 _cwnd=219105
Initialize per-instance NSCC parameters: flowid 429 _base_rtt=11685600 _base_bdp=146070 _bdp=146070 _min_cwnd=4150 _maxwnd=219105 _cwnd=219105
Initialize per-instance NSCC parameters: flowid 430 _base_rtt=11685600 _base_bdp=146070 _bdp=146070 _min_cwnd=4150 _maxwnd=219105 _cwnd=219105
Initialize per-instance NSCC parameters: flowid 431 _base_rtt=11685600 _base_bdp=146070 _bdp=146070 _min_cwnd=4150 _maxwnd=219105 _cwnd=219105
Initialize per-instance NSCC parameters: flowid 432 _base_rtt=11685600 _base_bdp=146070 _bdp=146070 _min_cwnd=4150 _maxwnd=219105 _cwnd=219105
Initialize per-instance NSCC parameters: flowid 433 _base_rtt=11685600 _base_bdp=146070 _bdp=146070 _min_cwnd=4150 _maxwnd=219105 _cwnd=219105
Initialize per-instance NSCC parameters: flowid 434 _base_rtt=11685600 _base_bdp=146070 _bdp=146070 _min_cwnd=4150 _maxwnd=219105 _cwnd=219105
Initialize per-instance NSCC parameters: flowid 435 _base_rtt=11685600 _base_bdp=146070 _bdp=146070 _min_cwnd=4150 _maxwnd=219105 _cwnd=219105
Initialize per-instance NSCC parameters: flowid 436 _base_rtt=11685600 _base_bdp=146070 _bdp=146070 _min_cwnd=4150 _maxwnd=219105 _cwnd=219105
Initialize per-instance NSCC parameters: flowid 437 _base_rtt=11685600 _base_bdp=146070 _bdp=146070 _min_cwnd=4150 _maxwnd=219105 _cwnd=219105
Initialize per-instance NSCC parameters: flowid 438 _base_rtt=11685600 _base_bdp=146070 _bdp=146070 _min_cwnd=4150 _maxwnd=219105 _cwnd=219105
Initialize per-instance NSCC parameters: flowid 439 _base_rtt=11685600 _base_bdp=146070 _bdp=146070 _min_cwnd=4150 _maxwnd=219105 _cwnd=219105
Initialize per-instance NSCC parameters: flowid 440 _base_rtt=11685600 _base_bdp=146070 _bdp=146070 _min_cwnd=4150 _maxwnd=219105 _cwnd=219105
Initialize per-instance NSCC parameters: flowid 441 _base_rtt=11685600 _base_bdp=146070 _bdp=146070 _min_cwnd=4150 _maxwnd=219105 _cwnd=219105
Initialize per-instance NSCC parameters: flowid 442 _base_rtt=11685600 _base_bdp=146070 _bdp=146070 _min_cwnd=4150 _maxwnd=219105 _cwnd=219105
Initialize per-instance NSCC parameters: flowid 443 _base_rtt=11685600 _base_bdp=146070 _bdp=146070 _min_cwnd=4150 _maxwnd=219105 _cwnd=219105
Initialize per-instance NSCC parameters: flowid 444 _base_rtt=11685600 _base_bdp=146070 _bdp=146070 _min_cwnd=4150 _maxwnd=219105 _cwnd=219105
Initialize per-instance NSCC parameters: flowid 445 _base_rtt=11685600 _base_bdp=146070 _bdp=146070 _min_cwnd=4150 _maxwnd=219105 _cwnd=219105
Initialize per-instance NSCC parameters: flowid 446 _base_rtt=11685600 _base_bdp=146070 _bdp=146070 _min_cwnd=4150 _maxwnd=219105 _cwnd=219105
Initialize per-instance NSCC parameters: flowid 447 _base_rtt=11685600 _base_bdp=146070 _bdp=146070 _min_cwnd=4150 _maxwnd=219105 _cwnd=219105
Initialize per-instance NSCC parameters: flowid 448 _base_rtt=11685600 _base_bdp=146070 _bdp=146070 _min_cwnd=4150 _maxwnd=219105 _cwnd=219105
Initialize per-instance NSCC parameters: flowid 449 _base_rtt=11685600 _base_bdp=146070 _bdp=146070 _min_cwnd=4150 _maxwnd=219105 _cwnd=219105
Initialize per-instance NSCC parameters: flowid 450 _base_rtt=11685600 _base_bdp=146070 _bdp=146070 _min_cwnd=4150 _maxwnd=219105 _cwnd=219105
Initialize per-instance NSCC parameters: flowid 451 _base_rtt=11685600 _base_bdp=146070 _bdp=146070 _min_cwnd=4150 _maxwnd=219105 _cwnd=219105
Initialize per-instance NSCC parameters: flowid 452 _base_rtt=11685600 _base_bdp=146070 _bdp=146070 _min_cwnd=4150 _maxwnd=219105 _cwnd=219105
Initialize per-instance NSCC parameters: flowid 453 _base_rtt=11685600 _base_bdp=146070 _bdp=146070 _min_cwnd=4150 _maxwnd=219105 _cwnd=219105
Initialize per-instance NSCC parameters: flowid 454 _base_rtt=11685600 _base_bdp=146070 _bdp=146070 _min_cwnd=4150 _maxwnd=219105 _cwnd=219105
Initialize per-instance NSCC parameters: flowid 455 _base_rtt=11685600 _base_bdp=146070 _bdp=146070 _min_cwnd=4150 _maxwnd=219105 _cwnd=219105
Initialize per-instance NSCC parameters: flowid 456 _base_rtt=11685600 _base_bdp=146070 _bdp=146070 _min_cwnd=4150 _maxwnd=219105 _cwnd=219105
Initialize per-instance NSCC parameters: flowid 457 _base_rtt=11685600 _base_bdp=146070 _bdp=146070 _min_cwnd=4150 _maxwnd=219105 _cwnd=219105
Initialize per-instance NSCC parameters: flowid 458 _base_rtt=11685600 _base_bdp=146070 _bdp=146070 _min_cwnd=4150 _maxwnd=219105 _cwnd=219105
Initialize per-instance NSCC parameters: flowid 459 _base_rtt=11685600 _base_bdp=146070 _bdp=146070 _min_cwnd=4150 _maxwnd=219105 _cwnd=219105
Initialize per-instance NSCC parameters: flowid 460 _base_rtt=11685600 _base_bdp=146070 _bdp=146070 _min_cwnd=4150 _maxwnd=219105 _cwnd=219105
Initialize per-instance NSCC parameters: flowid 461 _base_rtt=11685600 _base_bdp=146070 _bdp=146070 _min_cwnd=4150 _maxwnd=219105 _cwnd=219105
Initialize per-instance NSCC parameters: flowid 462 _base_rtt=11685600 _base_bdp=146070 _bdp=146070 _min_cwnd=4150 _maxwnd=219105 _cwnd=219105
Initialize per-instance NSCC parameters: flowid 463 _base_rtt=11685600 _base_bdp=146070 _bdp=146070 _min_cwnd=4150 _maxwnd=219105 _cwnd=219105
Initialize per-instance NSCC parameters: flowid 464 _base_rtt=11685600 _base_bdp=146070 _bdp=146070 _min_cwnd=4150 _maxwnd=219105 _cwnd=219105
Initialize per-instance NSCC parameters: flowid 465 _base_rtt=11685600 _base_bdp=146070 _bdp=146070 _min_cwnd=4150 _maxwnd=219105 _cwnd=219105
Initialize per-instance NSCC parameters: flowid 466 _base_rtt=11685600 _base_bdp=146070 _bdp=146070 _min_cwnd=4150 _maxwnd=219105 _cwnd=219105
Initialize per-instance NSCC parameters: flowid 467 _base_rtt=11685600 _base_bdp=146070 _bdp=146070 _min_cwnd=4150 _maxwnd=219105 _cwnd=219105
Initialize per-instance NSCC parameters: flowid 468 _base_rtt=11685600 _base_bdp=146070 _bdp=146070 _min_cwnd=4150 _maxwnd=219105 _cwnd=219105
Initialize per-instance NSCC parameters: flowid 469 _base_rtt=11685600 _base_bdp=146070 _bdp=146070 _min_cwnd=4150 _maxwnd=219105 _cwnd=219105
Initialize per-instance NSCC parameters: flowid 470 _base_rtt=11685600 _base_bdp=146070 _bdp=146070 _min_cwnd=4150 _maxwnd=219105 _cwnd=219105
Initialize per-instance NSCC parameters: flowid 471 _base_rtt=11685600 _base_bdp=146070 _bdp=146070 _min_cwnd=4150 _maxwnd=219105 _cwnd=219105
Initialize per-instance NSCC parameters: flowid 472 _base_rtt=11685600 _base_bdp=146070 _bdp=146070 _min_cwnd=4150 _maxwnd=219105 _cwnd=219105
Initialize per-instance NSCC parameters: flowid 473 _base_rtt=11685600 _base_bdp=146070 _bdp=146070 _min_cwnd=4150 _maxwnd=219105 _cwnd=219105
Initialize per-instance NSCC parameters: flowid 474 _base_rtt=11685600 _base_bdp=146070 _bdp=146070 _min_cwnd=4150 _maxwnd=219105 _cwnd=219105
Initialize per-instance NSCC parameters: flowid 475 _base_rtt=11685600 _base_bdp=146070 _bdp=146070 _min_cwnd=4150 _maxwnd=219105 _cwnd=219105
Initialize per-instance NSCC parameters: flowid 476 _base_rtt=11685600 _base_bdp=146070 _bdp=146070 _min_cwnd=4150 _maxwnd=219105 _cwnd=219105
Initialize per-instance NSCC parameters: flowid 477 _base_rtt=11685600 _base_bdp=146070 _bdp=146070 _min_cwnd=4150 _maxwnd=219105 _cwnd=219105
Initialize per-instance NSCC parameters: flowid 478 _base_rtt=11685600 _base_bdp=146070 _bdp=146070 _min_cwnd=4150 _maxwnd=219105 _cwnd=219105
Initialize per-instance NSCC parameters: flowid 479 _base_rtt=11685600 _base_bdp=146070 _bdp=146070 _min_cwnd=4150 _maxwnd=219105 _cwnd=219105
Initialize per-instance NSCC parameters: flowid 480 _base_rtt=11685600 _base_bdp=146070 _bdp=146070 _min_cwnd=4150 _maxwnd=219105 _cwnd=219105
Initialize per-instance NSCC parameters: flowid 481 _base_rtt=11685600 _base_bdp=146070 _bdp=146070 _min_cwnd=4150 _maxwnd=219105 _cwnd=219105
Initialize per-instance NSCC parameters: flowid 482 _base_rtt=11685600 _base_bdp=146070 _bdp=146070 _min_cwnd=4150 _maxwnd=219105 _cwnd=219105
Initialize per-instance NSCC parameters: flowid 483 _base_rtt=11685600 _base_bdp=146070 _bdp=146070 _min_cwnd=4150 _maxwnd=219105 _cwnd=219105
Initialize per-instance NSCC parameters: flowid 484 _base_rtt=11685600 _base_bdp=146070 _bdp=146070 _min_cwnd=4150 _maxwnd=219105 _cwnd=219105
Initialize per-instance NSCC parameters: flowid 485 _base_rtt=11685600 _base_bdp=146070 _bdp=146070 _min_cwnd=4150 _maxwnd=219105 _cwnd=219105
Initialize per-instance NSCC parameters: flowid 486 _base_rtt=11685600 _base_bdp=146070 _bdp=146070 _min_cwnd=4150 _maxwnd=219105 _cwnd=219105
Initialize per-instance NSCC parameters: flowid 487 _base_rtt=11685600 _base_bdp=146070 _bdp=146070 _min_cwnd=4150 _maxwnd=219105 _cwnd=219105
Initialize per-instance NSCC parameters: flowid 488 _base_rtt=11685600 _base_bdp=146070 _bdp=146070 _min_cwnd=4150 _maxwnd=219105 _cwnd=219105
Initialize per-instance NSCC parameters: flowid 489 _base_rtt=11685600 _base_bdp=146070 _bdp=146070 _min_cwnd=4150 _maxwnd=219105 _cwnd=219105
Initialize per-instance NSCC parameters: flowid 490 _base_rtt=11685600 _base_bdp=146070 _bdp=146070 _min_cwnd=4150 _maxwnd=219105 _cwnd=219105
Initialize per-instance NSCC parameters: flowid 491 _base_rtt=11685600 _base_bdp=146070 _bdp=146070 _min_cwnd=4150 _maxwnd=219105 _cwnd=219105
Initialize per-instance NSCC parameters: flowid 492 _base_rtt=11685600 _base_bdp=146070 _bdp=146070 _min_cwnd=4150 _maxwnd=219105 _cwnd=219105
Initialize per-instance NSCC parameters: flowid 493 _base_rtt=11685600 _base_bdp=146070 _bdp=146070 _min_cwnd=4150 _maxwnd=219105 _cwnd=219105
Initialize per-instance NSCC parameters: flowid 494 _base_rtt=11685600 _base_bdp=146070 _bdp=146070 _min_cwnd=4150 _maxwnd=219105 _cwnd=219105
Initialize per-instance NSCC parameters: flowid 495 _base_rtt=11685600 _base_bdp=146070 _bdp=146070 _min_cwnd=4150 _maxwnd=219105 _cwnd=219105
Initialize per-instance NSCC parameters: flowid 496 _base_rtt=11685600 _base_bdp=146070 _bdp=146070 _min_cwnd=4150 _maxwnd=219105 _cwnd=219105
Initialize per-instance NSCC parameters: flowid 497 _base_rtt=11685600 _base_bdp=146070 _bdp=146070 _min_cwnd=4150 _maxwnd=219105 _cwnd=219105
Initialize per-instance NSCC parameters: flowid 498 _base_rtt=11685600 _base_bdp=146070 _bdp=146070 _min_cwnd=4150 _maxwnd=219105 _cwnd=219105
Initialize per-instance NSCC parameters: flowid 499 _base_rtt=11685600 _base_bdp=146070 _bdp=146070 _min_cwnd=4150 _maxwnd=219105 _cwnd=219105
Initialize per-instance NSCC parameters: flowid 500 _base_rtt=11685600 _base_bdp=146070 _bdp=146070 _min_cwnd=4150 _maxwnd=219105 _cwnd=219105
Initialize per-instance NSCC parameters: flowid 501 _base_rtt=11685600 _base_bdp=146070 _bdp=146070 _min_cwnd=4150 _maxwnd=219105 _cwnd=219105
Initialize per-instance NSCC parameters: flowid 502 _base_rtt=11685600 _base_bdp=146070 _bdp=146070 _min_cwnd=4150 _maxwnd=219105 _cwnd=219105
Initialize per-instance NSCC parameters: flowid 503 _base_rtt=11685600 _base_bdp=146070 _bdp=146070 _min_cwnd=4150 _maxwnd=219105 _cwnd=219105
Initialize per-instance NSCC parameters: flowid 504 _base_rtt=11685600 _base_bdp=146070 _bdp=146070 _min_cwnd=4150 _maxwnd=219105 _cwnd=219105
Initialize per-instance NSCC parameters: flowid 505 _base_rtt=11685600 _base_bdp=146070 _bdp=146070 _min_cwnd=4150 _maxwnd=219105 _cwnd=219105
Initialize per-instance NSCC parameters: flowid 506 _base_rtt=11685600 _base_bdp=146070 _bdp=146070 _min_cwnd=4150 _maxwnd=219105 _cwnd=219105
Initialize per-instance NSCC parameters: flowid 507 _base_rtt=11685600 _base_bdp=146070 _bdp=146070 _min_cwnd=4150 _maxwnd=219105 _cwnd=219105
Initialize per-instance NSCC parameters: flowid 508 _base_rtt=11685600 _base_bdp=146070 _bdp=146070 _min_cwnd=4150 _maxwnd=219105 _cwnd=219105
Initialize per-instance NSCC parameters: flowid 509 _base_rtt=11685600 _base_bdp=146070 _bdp=146070 _min_cwnd=4150 _maxwnd=219105 _cwnd=219105
Initialize per-instance NSCC parameters: flowid 510 _base_rtt=11685600 _base_bdp=146070 _bdp=146070 _min_cwnd=4150 _maxwnd=219105 _cwnd=219105
Initialize per-instance NSCC parameters: flowid 511 _base_rtt=11685600 _base_bdp=146070 _bdp=146070 _min_cwnd=4150 _maxwnd=219105 _cwnd=219105
Initialize per-instance NSCC parameters: flowid 512 _base_rtt=11685600 _base_bdp=146070 _bdp=146070 _min_cwnd=4150 _maxwnd=219105 _cwnd=219105
Initialize per-instance NSCC parameters: flowid 513 _base_rtt=11685600 _base_bdp=146070 _bdp=146070 _min_cwnd=4150 _maxwnd=219105 _cwnd=219105
Initialize per-instance NSCC parameters: flowid 514 _base_rtt=11685600 _base_bdp=146070 _bdp=146070 _min_cwnd=4150 _maxwnd=219105 _cwnd=219105
Initialize per-instance NSCC parameters: flowid 515 _base_rtt=11685600 _base_bdp=146070 _bdp=146070 _min_cwnd=4150 _maxwnd=219105 _cwnd=219105
Initialize per-instance NSCC parameters: flowid 516 _base_rtt=11685600 _base_bdp=146070 _bdp=146070 _min_cwnd=4150 _maxwnd=219105 _cwnd=219105
Initialize per-instance NSCC parameters: flowid 517 _base_rtt=11685600 _base_bdp=146070 _bdp=146070 _min_cwnd=4150 _maxwnd=219105 _cwnd=219105
Initialize per-instance NSCC parameters: flowid 518 _base_rtt=11685600 _base_bdp=146070 _bdp=146070 _min_cwnd=4150 _maxwnd=219105 _cwnd=219105
Initialize per-instance NSCC parameters: flowid 519 _base_rtt=11685600 _base_bdp=146070 _bdp=146070 _min_cwnd=4150 _maxwnd=219105 _cwnd=219105
Initialize per-instance NSCC parameters: flowid 520 _base_rtt=11685600 _base_bdp=146070 _bdp=146070 _min_cwnd=4150 _maxwnd=219105 _cwnd=219105
Initialize per-instance NSCC parameters: flowid 521 _base_rtt=11685600 _base_bdp=146070 _bdp=146070 _min_cwnd=4150 _maxwnd=219105 _cwnd=219105
Initialize per-instance NSCC parameters: flowid 522 _base_rtt=11685600 _base_bdp=146070 _bdp=146070 _min_cwnd=4150 _maxwnd=219105 _cwnd=219105
Initialize per-instance NSCC parameters: flowid 523 _base_rtt=11685600 _base_bdp=146070 _bdp=146070 _min_cwnd=4150 _maxwnd=219105 _cwnd=219105
Initialize per-instance NSCC parameters: flowid 524 _base_rtt=11685600 _base_bdp=146070 _bdp=146070 _min_cwnd=4150 _maxwnd=219105 _cwnd=219105
Initialize per-instance NSCC parameters: flowid 525 _base_rtt=11685600 _base_bdp=146070 _bdp=146070 _min_cwnd=4150 _maxwnd=219105 _cwnd=219105
Initialize per-instance NSCC parameters: flowid 526 _base_rtt=11685600 _base_bdp=146070 _bdp=146070 _min_cwnd=4150 _maxwnd=219105 _cwnd=219105
Initialize per-instance NSCC parameters: flowid 527 _base_rtt=11685600 _base_bdp=146070 _bdp=146070 _min_cwnd=4150 _maxwnd=219105 _cwnd=219105
Initialize per-instance NSCC parameters: flowid 528 _base_rtt=11685600 _base_bdp=146070 _bdp=146070 _min_cwnd=4150 _maxwnd=219105 _cwnd=219105
Initialize per-instance NSCC parameters: flowid 529 _base_rtt=11685600 _base_bdp=146070 _bdp=146070 _min_cwnd=4150 _maxwnd=219105 _cwnd=219105
Initialize per-instance NSCC parameters: flowid 530 _base_rtt=11685600 _base_bdp=146070 _bdp=146070 _min_cwnd=4150 _maxwnd=219105 _cwnd=219105
Initialize per-instance NSCC parameters: flowid 531 _base_rtt=11685600 _base_bdp=146070 _bdp=146070 _min_cwnd=4150 _maxwnd=219105 _cwnd=219105
Initialize per-instance NSCC parameters: flowid 532 _base_rtt=11685600 _base_bdp=146070 _bdp=146070 _min_cwnd=4150 _maxwnd=219105 _cwnd=219105
Initialize per-instance NSCC parameters: flowid 533 _base_rtt=11685600 _base_bdp=146070 _bdp=146070 _min_cwnd=4150 _maxwnd=219105 _cwnd=219105
Initialize per-instance NSCC parameters: flowid 534 _base_rtt=11685600 _base_bdp=146070 _bdp=146070 _min_cwnd=4150 _maxwnd=219105 _cwnd=219105
Initialize per-instance NSCC parameters: flowid 535 _base_rtt=11685600 _base_bdp=146070 _bdp=146070 _min_cwnd=4150 _maxwnd=219105 _cwnd=219105
Initialize per-instance NSCC parameters: flowid 536 _base_rtt=11685600 _base_bdp=146070 _bdp=146070 _min_cwnd=4150 _maxwnd=219105 _cwnd=219105
Initialize per-instance NSCC parameters: flowid 537 _base_rtt=11685600 _base_bdp=146070 _bdp=146070 _min_cwnd=4150 _maxwnd=219105 _cwnd=219105
Initialize per-instance NSCC parameters: flowid 538 _base_rtt=11685600 _base_bdp=146070 _bdp=146070 _min_cwnd=4150 _maxwnd=219105 _cwnd=219105
Initialize per-instance NSCC parameters: flowid 539 _base_rtt=11685600 _base_bdp=146070 _bdp=146070 _min_cwnd=4150 _maxwnd=219105 _cwnd=219105
Initialize per-instance NSCC parameters: flowid 540 _base_rtt=11685600 _base_bdp=146070 _bdp=146070 _min_cwnd=4150 _maxwnd=219105 _cwnd=219105
Initialize per-instance NSCC parameters: flowid 541 _base_rtt=11685600 _base_bdp=146070 _bdp=146070 _min_cwnd=4150 _maxwnd=219105 _cwnd=219105
Initialize per-instance NSCC parameters: flowid 542 _base_rtt=11685600 _base_bdp=146070 _bdp=146070 _min_cwnd=4150 _maxwnd=219105 _cwnd=219105
Initialize per-instance NSCC parameters: flowid 543 _base_rtt=11685600 _base_bdp=146070 _bdp=146070 _min_cwnd=4150 _maxwnd=219105 _cwnd=219105
Initialize per-instance NSCC parameters: flowid 544 _base_rtt=11685600 _base_bdp=146070 _bdp=146070 _min_cwnd=4150 _maxwnd=219105 _cwnd=219105
Initialize per-instance NSCC parameters: flowid 545 _base_rtt=11685600 _base_bdp=146070 _bdp=146070 _min_cwnd=4150 _maxwnd=219105 _cwnd=219105
Initialize per-instance NSCC parameters: flowid 546 _base_rtt=11685600 _base_bdp=146070 _bdp=146070 _min_cwnd=4150 _maxwnd=219105 _cwnd=219105
Initialize per-instance NSCC parameters: flowid 547 _base_rtt=11685600 _base_bdp=146070 _bdp=146070 _min_cwnd=4150 _maxwnd=219105 _cwnd=219105
Initialize per-instance NSCC parameters: flowid 548 _base_rtt=11685600 _base_bdp=146070 _bdp=146070 _min_cwnd=4150 _maxwnd=219105 _cwnd=219105
Initialize per-instance NSCC parameters: flowid 549 _base_rtt=11685600 _base_bdp=146070 _bdp=146070 _min_cwnd=4150 _maxwnd=219105 _cwnd=219105
Initialize per-instance NSCC parameters: flowid 550 _base_rtt=11685600 _base_bdp=146070 _bdp=146070 _min_cwnd=4150 _maxwnd=219105 _cwnd=219105
Starting simulation
Flow Uec_450_963 flowId 1 uecSrc 0 starting at 0
Flow Uec_878_223 flowId 2 uecSrc 1 starting at 0
Flow Uec_495_913 flowId 3 uecSrc 2 starting at 0
Flow Uec_164_683 flowId 4 uecSrc 3 starting at 0
Flow Uec_39_591 flowId 5 uecSrc 4 starting at 0
Flow Uec_829_255 flowId 6 uecSrc 5 starting at 0
Flow Uec_396_898 flowId 7 uecSrc 6 starting at 0
Flow Uec_1093_426 flowId 8 uecSrc 7 starting at 0
Flow Uec_377_860 flowId 9 uecSrc 8 starting at 0
Flow Uec_266_766 flowId 10 uecSrc 9 starting at 0
Flow Uec_803_242 flowId 11 uecSrc 10 starting at 0
Flow Uec_250_739 flowId 12 uecSrc 11 starting at 0
Flow Uec_1005_405 flowId 13 uecSrc 12 starting at 0
Flow Uec_213_778 flowId 14 uecSrc 13 starting at 0
Flow Uec_882_277 flowId 15 uecSrc 14 starting at 0
Flow Uec_697_72 flowId 16 uecSrc 15 starting at 0
Flow Uec_41_559 flowId 17 uecSrc 16 starting at 0
Flow Uec_338_852 flowId 18 uecSrc 17 starting at 0
Flow Uec_762_120 flowId 19 uecSrc 18 starting at 0
Flow Uec_519_1081 flowId 20 uecSrc 19 starting at 0
Flow Uec_903_339 flowId 21 uecSrc 20 starting at 0
Flow Uec_758_144 flowId 22 uecSrc 21 starting at 0
Flow Uec_893_226 flowId 23 uecSrc 22 starting at 0
Flow Uec_788_167 flowId 24 uecSrc 23 starting at 0
Flow Uec_866_250 flowId 25 uecSrc 24 starting at 0
Flow Uec_574_1008 flowId 26 uecSrc 25 starting at 0
Flow Uec_74_566 flowId 27 uecSrc 26 starting at 0
Flow Uec_6_500 flowId 28 uecSrc 27 starting at 0
Flow Uec_636_78 flowId 29 uecSrc 28 starting at 0
Flow Uec_711_135 flowId 30 uecSrc 29 starting at 0
Flow Uec_952_350 flowId 31 uecSrc 30 starting at 0
Flow Uec_529_1069 flowId 32 uecSrc 31 starting at 0
Flow Uec_859_269 flowId 33 uecSrc 32 starting at 0
Flow Uec_877_207 flowId 34 uecSrc 33 starting at 0
Flow Uec_4_576 flowId 35 uecSrc 34 starting at 0
Flow Uec_89_594 flowId 36 uecSrc 35 starting at 0
Flow Uec_988_346 flowId 37 uecSrc 36 starting at 0
Flow Uec_73_549 flowId 38 uecSrc 37 starting at 0
Flow Uec_259_761 flowId 39 uecSrc 38 starting at 0
Flow Uec_158_615 flowId 40 uecSrc 39 starting at 0
Flow Uec_1012_472 flowId 41 uecSrc 40 starting at 0
Flow Uec_1032_403 flowId 42 uecSrc 41 starting at 0
Flow Uec_257_764 flowId 43 uecSrc 42 starting at 0
Flow Uec_681_76 flowId 44 uecSrc 43 starting at 0
Flow Uec_981_334 flowId 45 uecSrc 44 starting at 0
Flow Uec_581_1090 flowId 46 uecSrc 45 starting at 0
Flow Uec_19_552 flowId 47 uecSrc 46 starting at 0
Flow Uec_193_675 flowId 48 uecSrc 47 starting at 0
Flow Uec_995_351 flowId 49 uecSrc 48 starting at 0
Flow Uec_439_910 flowId 50 uecSrc 49 starting at 0
Flow Uec_509_1015 flowId 51 uecSrc 50 starting at 0
Flow Uec_633_26 flowId 52 uecSrc 51 starting at 0
Flow Uec_482_948 flowId 53 uecSrc 52 starting at 0
Flow Uec_911_354 flowId 54 uecSrc 53 starting at 0
Flow Uec_918_382 flowId 55 uecSrc 54 starting at 0
Flow Uec_802_213 flowId 56 uecSrc 55 starting at 0
Flow Uec_768_191 flowId 57 uecSrc 56 starting at 0
Flow Uec_62_525 flowId 58 uecSrc 57 starting at 0
Flow Uec_944_363 flowId 59 uecSrc 58 starting at 0
Flow Uec_316_856 flowId 60 uecSrc 59 starting at 0
Flow Uec_703_198 flowId 61 uecSrc 60 starting at 0
Flow Uec_1008_494 flowId 62 uecSrc 61 starting at 0
Flow Uec_388_873 flowId 63 uecSrc 62 starting at 0
Flow Uec_656_17 flowId 64 uecSrc 63 starting at 0
Flow Uec_1068_495 flowId 65 uecSrc 64 starting at 0
Flow Uec_253_797 flowId 66 uecSrc 65 starting at 0
Flow Uec_810_234 flowId 67 uecSrc 66 starting at 0
Flow Uec_264_759 flowId 68 uecSrc 67 starting at 0
Flow Uec_386_806 flowId 69 uecSrc 68 starting at 0
Flow Uec_816_278 flowId 70 uecSrc 69 starting at 0
Flow Uec_540_1060 flowId 71 uecSrc 70 starting at 0
Flow Uec_485_911 flowId 72 uecSrc 71 starting at 0
Flow Uec_578_1005 flowId 73 uecSrc 72 starting at 0
Flow Uec_986_356 flowId 74 uecSrc 73 starting at 0
Flow Uec_787_180 flowId 75 uecSrc 74 starting at 0
Flow Uec_239_765 flowId 76 uecSrc 75 starting at 0
Flow Uec_247_775 flowId 77 uecSrc 76 starting at 0
Flow Uec_105_659 flowId 78 uecSrc 77 starting at 0
Flow Uec_400_966 flowId 79 uecSrc 78 starting at 0
Flow Uec_335_843 flowId 80 uecSrc 79 starting at 0
Flow Uec_648_28 flowId 81 uecSrc 80 starting at 0
Flow Uec_343_855 flowId 82 uecSrc 81 starting at 0
Flow Uec_631_60 flowId 83 uecSrc 82 starting at 0
Flow Uec_1002_483 flowId 84 uecSrc 83 starting at 0
Flow Uec_431_955 flowId 85 uecSrc 84 starting at 0
Flow Uec_15_515 flowId 86 uecSrc 85 starting at 0
Flow Uec_838_253 flowId 87 uecSrc 86 starting at 0
Flow Uec_369_808 flowId 88 uecSrc 87 starting at 0
Flow Uec_101_655 flowId 89 uecSrc 88 starting at 0
Flow Uec_268_753 flowId 90 uecSrc 89 starting at 0
Flow Uec_520_1067 flowId 91 uecSrc 90 starting at 0
Flow Uec_97_569 flowId 92 uecSrc 91 starting at 0
Flow Uec_610_20 flowId 93 uecSrc 92 starting at 0
Flow Uec_945_375 flowId 94 uecSrc 93 starting at 0
Flow Uec_665_34 flowId 95 uecSrc 94 starting at 0
Flow Uec_240_760 flowId 96 uecSrc 95 starting at 0
Flow Uec_1085_443 flowId 97 uecSrc 96 starting at 0
Flow Uec_211_738 flowId 98 uecSrc 97 starting at 0
Flow Uec_974_319 flowId 99 uecSrc 98 starting at 0
Flow Uec_915_385 flowId 100 uecSrc 99 starting at 0
Flow Uec_169_695 flowId 101 uecSrc 100 starting at 0
Flow Uec_789_122 flowId 102 uecSrc 101 starting at 0
Flow Uec_284_772 flowId 103 uecSrc 102 starting at 0
Flow Uec_775_119 flowId 104 uecSrc 103 starting at 0
Flow Uec_297_712 flowId 105 uecSrc 104 starting at 0
Flow Uec_900_331 flowId 106 uecSrc 105 starting at 0
Flow Uec_926_396 flowId 107 uecSrc 106 starting at 0
Flow Uec_116_628 flowId 108 uecSrc 107 starting at 0
Flow Uec_270_744 flowId 109 uecSrc 108 starting at 0
Flow Uec_361_810 flowId 110 uecSrc 109 starting at 0
Flow Uec_683_18 flowId 111 uecSrc 110 starting at 0
Flow Uec_603_59 flowId 112 uecSrc 111 starting at 0
Flow Uec_622_16 flowId 113 uecSrc 112 starting at 0
Flow Uec_503_1084 flowId 114 uecSrc 113 starting at 0
Flow Uec_464_941 flowId 115 uecSrc 114 starting at 0
Flow Uec_438_998 flowId 116 uecSrc 115 starting at 0
Flow Uec_831_261 flowId 117 uecSrc 116 starting at 0
Flow Uec_833_236 flowId 118 uecSrc 117 starting at 0
Flow Uec_1086_409 flowId 119 uecSrc 118 starting at 0
Flow Uec_168_669 flowId 120 uecSrc 119 starting at 0
Flow Uec_895_224 flowId 121 uecSrc 120 starting at 0
Flow Uec_593_1018 flowId 122 uecSrc 121 starting at 0
Flow Uec_146_601 flowId 123 uecSrc 122 starting at 0
Flow Uec_971_359 flowId 124 uecSrc 123 starting at 0
Flow Uec_112_663 flowId 125 uecSrc 124 starting at 0
Flow Uec_557_1079 flowId 126 uecSrc 125 starting at 0
Flow Uec_414_969 flowId 127 uecSrc 126 starting at 0
Flow Uec_1010_417 flowId 128 uecSrc 127 starting at 0
Flow Uec_397_868 flowId 129 uecSrc 128 starting at 0
Flow Uec_976_362 flowId 130 uecSrc 129 starting at 0
Flow Uec_644_31 flowId 131 uecSrc 130 starting at 0
Flow Uec_943_313 flowId 132 uecSrc 131 starting at 0
Flow Uec_385_834 flowId 133 uecSrc 132 starting at 0
Flow Uec_10_581 flowId 134 uecSrc 133 starting at 0
Flow Uec_138_629 flowId 135 uecSrc 134 starting at 0
Flow Uec_473_938 flowId 136 uecSrc 135 starting at 0
Flow Uec_826_233 flowId 137 uecSrc 136 starting at 0
Flow Uec_156_662 flowId 138 uecSrc 137 starting at 0
Flow Uec_907_391 flowId 139 uecSrc 138 starting at 0
Flow Uec_1015_419 flowId 140 uecSrc 139 starting at 0
Flow Uec_394_830 flowId 141 uecSrc 140 starting at 0
Flow Uec_993_393 flowId 142 uecSrc 141 starting at 0
Flow Uec_45_598 flowId 143 uecSrc 142 starting at 0
Flow Uec_25_567 flowId 144 uecSrc 143 starting at 0
Flow Uec_1047_478 flowId 145 uecSrc 144 starting at 0
Flow Uec_46_540 flowId 146 uecSrc 145 starting at 0
Flow Uec_98_575 flowId 147 uecSrc 146 starting at 0
Flow Uec_761_121 flowId 148 uecSrc 147 starting at 0
Flow Uec_855_239 flowId 149 uecSrc 148 starting at 0
Flow Uec_454_944 flowId 150 uecSrc 149 starting at 0
Flow Uec_490_918 flowId 151 uecSrc 150 starting at 0
Flow Uec_672_8 flowId 152 uecSrc 151 starting at 0
Flow Uec_262_795 flowId 153 uecSrc 152 starting at 0
Flow Uec_673_90 flowId 154 uecSrc 153 starting at 0
Flow Uec_492_900 flowId 155 uecSrc 154 starting at 0
Flow Uec_255_792 flowId 156 uecSrc 155 starting at 0
Flow Uec_916_381 flowId 157 uecSrc 156 starting at 0
Flow Uec_744_195 flowId 158 uecSrc 157 starting at 0
Flow Uec_358_822 flowId 159 uecSrc 158 starting at 0
Flow Uec_24_561 flowId 160 uecSrc 159 starting at 0
Flow Uec_892_202 flowId 161 uecSrc 160 starting at 0
Flow Uec_776_136 flowId 162 uecSrc 161 starting at 0
Flow Uec_650_21 flowId 163 uecSrc 162 starting at 0
Flow Uec_580_1009 flowId 164 uecSrc 163 starting at 0
Flow Uec_66_534 flowId 165 uecSrc 164 starting at 0
Flow Uec_162_627 flowId 166 uecSrc 165 starting at 0
Flow Uec_686_15 flowId 167 uecSrc 166 starting at 0
Flow Uec_215_751 flowId 168 uecSrc 167 starting at 0
Flow Uec_583_1071 flowId 169 uecSrc 168 starting at 0
Flow Uec_668_50 flowId 170 uecSrc 169 starting at 0
Flow Uec_154_682 flowId 171 uecSrc 170 starting at 0
Flow Uec_830_232 flowId 172 uecSrc 171 starting at 0
Flow Uec_119_644 flowId 173 uecSrc 172 starting at 0
Flow Uec_344_875 flowId 174 uecSrc 173 starting at 0
Flow Uec_301_894 flowId 175 uecSrc 174 starting at 0
Flow Uec_663_49 flowId 176 uecSrc 175 starting at 0
Flow Uec_975_305 flowId 177 uecSrc 176 starting at 0
Flow Uec_870_206 flowId 178 uecSrc 177 starting at 0
Flow Uec_267_737 flowId 179 uecSrc 178 starting at 0
Flow Uec_481_922 flowId 180 uecSrc 179 starting at 0
Flow Uec_448_962 flowId 181 uecSrc 180 starting at 0
Flow Uec_368_861 flowId 182 uecSrc 181 starting at 0
Flow Uec_477_980 flowId 183 uecSrc 182 starting at 0
Flow Uec_1095_456 flowId 184 uecSrc 183 starting at 0
Flow Uec_621_5 flowId 185 uecSrc 184 starting at 0
Flow Uec_271_788 flowId 186 uecSrc 185 starting at 0
Flow Uec_677_96 flowId 187 uecSrc 186 starting at 0
Flow Uec_1023_474 flowId 188 uecSrc 187 starting at 0
Flow Uec_983_361 flowId 189 uecSrc 188 starting at 0
Flow Uec_793_113 flowId 190 uecSrc 189 starting at 0
Flow Uec_459_984 flowId 191 uecSrc 190 starting at 0
Flow Uec_786_158 flowId 192 uecSrc 191 starting at 0
Flow Uec_854_282 flowId 193 uecSrc 192 starting at 0
Flow Uec_680_53 flowId 194 uecSrc 193 starting at 0
Flow Uec_229_725 flowId 195 uecSrc 194 starting at 0
Flow Uec_745_196 flowId 196 uecSrc 195 starting at 0
Flow Uec_191_670 flowId 197 uecSrc 196 starting at 0
Flow Uec_569_1033 flowId 198 uecSrc 197 starting at 0
Flow Uec_824_273 flowId 199 uecSrc 198 starting at 0
Flow Uec_531_1055 flowId 200 uecSrc 199 starting at 0
Flow Uec_753_153 flowId 201 uecSrc 200 starting at 0
Flow Uec_984_386 flowId 202 uecSrc 201 starting at 0
Flow Uec_346_869 flowId 203 uecSrc 202 starting at 0
Flow Uec_337_829 flowId 204 uecSrc 203 starting at 0
Flow Uec_174_696 flowId 205 uecSrc 204 starting at 0
Flow Uec_696_95 flowId 206 uecSrc 205 starting at 0
Flow Uec_11_539 flowId 207 uecSrc 206 starting at 0
Flow Uec_166_666 flowId 208 uecSrc 207 starting at 0
Flow Uec_682_42 flowId 209 uecSrc 208 starting at 0
Flow Uec_514_1047 flowId 210 uecSrc 209 starting at 0
Flow Uec_313_853 flowId 211 uecSrc 210 starting at 0
Flow Uec_426_947 flowId 212 uecSrc 211 starting at 0
Flow Uec_79_582 flowId 213 uecSrc 212 starting at 0
Flow Uec_430_977 flowId 214 uecSrc 213 starting at 0
Flow Uec_243_729 flowId 215 uecSrc 214 starting at 0
Flow Uec_799_103 flowId 216 uecSrc 215 starting at 0
Flow Uec_973_380 flowId 217 uecSrc 216 starting at 0
Flow Uec_897_258 flowId 218 uecSrc 217 starting at 0
Flow Uec_811_245 flowId 219 uecSrc 218 starting at 0
Flow Uec_676_87 flowId 220 uecSrc 219 starting at 0
Flow Uec_1017_433 flowId 221 uecSrc 220 starting at 0
Flow Uec_366_811 flowId 222 uecSrc 221 starting at 0
Flow Uec_249_732 flowId 223 uecSrc 222 starting at 0
Flow Uec_308_818 flowId 224 uecSrc 223 starting at 0
Flow Uec_461_971 flowId 225 uecSrc 224 starting at 0
Flow Uec_460_978 flowId 226 uecSrc 225 starting at 0
Flow Uec_783_188 flowId 227 uecSrc 226 starting at 0
Flow Uec_420_908 flowId 228 uecSrc 227 starting at 0
Flow Uec_418_921 flowId 229 uecSrc 228 starting at 0
Flow Uec_130_688 flowId 230 uecSrc 229 starting at 0
Flow Uec_549_1028 flowId 231 uecSrc 230 starting at 0
Flow Uec_813_272 flowId 232 uecSrc 231 starting at 0
Flow Uec_315_884 flowId 233 uecSrc 232 starting at 0
Flow Uec_1016_463 flowId 234 uecSrc 233 starting at 0
Flow Uec_402_901 flowId 235 uecSrc 234 starting at 0
Flow Uec_554_1056 flowId 236 uecSrc 235 starting at 0
Flow Uec_411_928 flowId 237 uecSrc 236 starting at 0
Flow Uec_300_801 flowId 238 uecSrc 237 starting at 0
Flow Uec_356_876 flowId 239 uecSrc 238 starting at 0
Flow Uec_470_965 flowId 240 uecSrc 239 starting at 0
Flow Uec_1007_451 flowId 241 uecSrc 240 starting at 0
Flow Uec_606_70 flowId 242 uecSrc 241 starting at 0
Flow Uec_63_554 flowId 243 uecSrc 242 starting at 0
Flow Uec_834_227 flowId 244 uecSrc 243 starting at 0
Flow Uec_1094_448 flowId 245 uecSrc 244 starting at 0
Flow Uec_17_562 flowId 246 uecSrc 245 starting at 0
Flow Uec_476_914 flowId 247 uecSrc 246 starting at 0
Flow Uec_617_54 flowId 248 uecSrc 247 starting at 0
Flow Uec_1000_490 flowId 249 uecSrc 248 starting at 0
Flow Uec_801_208 flowId 250 uecSrc 249 starting at 0
Flow Uec_317_846 flowId 251 uecSrc 250 starting at 0
Flow Uec_93_560 flowId 252 uecSrc 251 starting at 0
Flow Uec_545_1064 flowId 253 uecSrc 252 starting at 0
Flow Uec_43_532 flowId 254 uecSrc 253 starting at 0
Flow Uec_424_976 flowId 255 uecSrc 254 starting at 0
Flow Uec_724_139 flowId 256 uecSrc 255 starting at 0
Flow Uec_64_573 flowId 257 uecSrc 256 starting at 0
Flow Uec_224_747 flowId 258 uecSrc 257 starting at 0
Flow Uec_1048_412 flowId 259 uecSrc 258 starting at 0
Flow Uec_863_228 flowId 260 uecSrc 259 starting at 0
Flow Uec_440_945 flowId 261 uecSrc 260 starting at 0
Flow Uec_571_1075 flowId 262 uecSrc 261 starting at 0
Flow Uec_294_741 flowId 263 uecSrc 262 starting at 0
Flow Uec_91_574 flowId 264 uecSrc 263 starting at 0
Flow Uec_32_510 flowId 265 uecSrc 264 starting at 0
Flow Uec_157_693 flowId 266 uecSrc 265 starting at 0
Flow Uec_1031_485 flowId 267 uecSrc 266 starting at 0
Flow Uec_107_632 flowId 268 uecSrc 267 starting at 0
Flow Uec_195_648 flowId 269 uecSrc 268 starting at 0
Flow Uec_412_920 flowId 270 uecSrc 269 starting at 0
Flow Uec_409_919 flowId 271 uecSrc 270 starting at 0
Flow Uec_772_111 flowId 272 uecSrc 271 starting at 0
Flow Uec_516_1080 flowId 273 uecSrc 272 starting at 0
Flow Uec_947_366 flowId 274 uecSrc 273 starting at 0
Flow Uec_173_643 flowId 275 uecSrc 274 starting at 0
Flow Uec_13_548 flowId 276 uecSrc 275 starting at 0
Flow Uec_511_1010 flowId 277 uecSrc 276 starting at 0
Flow Uec_725_152 flowId 278 uecSrc 277 starting at 0
Flow Uec_471_904 flowId 279 uecSrc 278 starting at 0
Flow Uec_873_240 flowId 280 uecSrc 279 starting at 0
Flow Uec_124_618 flowId 281 uecSrc 280 starting at 0
Flow Uec_1001_473 flowId 282 uecSrc 281 starting at 0
Flow Uec_483_912 flowId 283 uecSrc 282 starting at 0
Flow Uec_433_953 flowId 284 uecSrc 283 starting at 0
Flow Uec_202_771 flowId 285 uecSrc 284 starting at 0
Flow Uec_889_251 flowId 286 uecSrc 285 starting at 0
Flow Uec_825_216 flowId 287 uecSrc 286 starting at 0
Flow Uec_637_36 flowId 288 uecSrc 287 starting at 0
Flow Uec_832_200 flowId 289 uecSrc 288 starting at 0
Flow Uec_425_951 flowId 290 uecSrc 289 starting at 0
Flow Uec_522_1088 flowId 291 uecSrc 290 starting at 0
Flow Uec_176_633 flowId 292 uecSrc 291 starting at 0
Flow Uec_2_545 flowId 293 uecSrc 292 starting at 0
Flow Uec_121_674 flowId 294 uecSrc 293 starting at 0
Flow Uec_1062_447 flowId 295 uecSrc 294 starting at 0
Flow Uec_723_130 flowId 296 uecSrc 295 starting at 0
Flow Uec_998_342 flowId 297 uecSrc 296 starting at 0
Flow Uec_306_840 flowId 298 uecSrc 297 starting at 0
Flow Uec_535_1038 flowId 299 uecSrc 298 starting at 0
Flow Uec_539_1070 flowId 300 uecSrc 299 starting at 0
Flow Uec_1070_430 flowId 301 uecSrc 300 starting at 0
Flow Uec_991_399 flowId 302 uecSrc 301 starting at 0
Flow Uec_447_981 flowId 303 uecSrc 302 starting at 0
Flow Uec_619_68 flowId 304 uecSrc 303 starting at 0
Flow Uec_750_183 flowId 305 uecSrc 304 starting at 0
Flow Uec_969_312 flowId 306 uecSrc 305 starting at 0
Flow Uec_741_178 flowId 307 uecSrc 306 starting at 0
Flow Uec_963_371 flowId 308 uecSrc 307 starting at 0
Flow Uec_336_883 flowId 309 uecSrc 308 starting at 0
Flow Uec_364_864 flowId 310 uecSrc 309 starting at 0
Flow Uec_326_897 flowId 311 uecSrc 310 starting at 0
Flow Uec_785_125 flowId 312 uecSrc 311 starting at 0
Flow Uec_678_38 flowId 313 uecSrc 312 starting at 0
Flow Uec_144_686 flowId 314 uecSrc 313 starting at 0
Flow Uec_35_521 flowId 315 uecSrc 314 starting at 0
Flow Uec_1_541 flowId 316 uecSrc 315 starting at 0
Flow Uec_634_66 flowId 317 uecSrc 316 starting at 0
Flow Uec_416_931 flowId 318 uecSrc 317 starting at 0
Flow Uec_977_392 flowId 319 uecSrc 318 starting at 0
Flow Uec_840_201 flowId 320 uecSrc 319 starting at 0
Flow Uec_1066_432 flowId 321 uecSrc 320 starting at 0
Flow Uec_233_780 flowId 322 uecSrc 321 starting at 0
Flow Uec_200_768 flowId 323 uecSrc 322 starting at 0
Flow Uec_265_782 flowId 324 uecSrc 323 starting at 0
Flow Uec_794_100 flowId 325 uecSrc 324 starting at 0
Flow Uec_395_821 flowId 326 uecSrc 325 starting at 0
Flow Uec_1078_454 flowId 327 uecSrc 326 starting at 0
Flow Uec_978_377 flowId 328 uecSrc 327 starting at 0
Flow Uec_645_51 flowId 329 uecSrc 328 starting at 0
Flow Uec_40_522 flowId 330 uecSrc 329 starting at 0
Flow Uec_809_241 flowId 331 uecSrc 330 starting at 0
Flow Uec_44_526 flowId 332 uecSrc 331 starting at 0
Flow Uec_769_146 flowId 333 uecSrc 332 starting at 0
Flow Uec_404_942 flowId 334 uecSrc 333 starting at 0
Flow Uec_465_907 flowId 335 uecSrc 334 starting at 0
Flow Uec_548_1037 flowId 336 uecSrc 335 starting at 0
Flow Uec_560_1073 flowId 337 uecSrc 336 starting at 0
Flow Uec_689_47 flowId 338 uecSrc 337 starting at 0
Flow Uec_59_536 flowId 339 uecSrc 338 starting at 0
Flow Uec_738_171 flowId 340 uecSrc 339 starting at 0
Flow Uec_914_376 flowId 341 uecSrc 340 starting at 0
Flow Uec_927_310 flowId 342 uecSrc 341 starting at 0
Flow Uec_462_952 flowId 343 uecSrc 342 starting at 0
Flow Uec_37_544 flowId 344 uecSrc 343 starting at 0
Flow Uec_111_650 flowId 345 uecSrc 344 starting at 0
Flow Uec_941_303 flowId 346 uecSrc 345 starting at 0
Flow Uec_1091_469 flowId 347 uecSrc 346 starting at 0
Flow Uec_654_44 flowId 348 uecSrc 347 starting at 0
Flow Uec_528_1057 flowId 349 uecSrc 348 starting at 0
Flow Uec_790_162 flowId 350 uecSrc 349 starting at 0
Flow Uec_747_147 flowId 351 uecSrc 350 starting at 0
Flow Uec_694_82 flowId 352 uecSrc 351 starting at 0
Flow Uec_22_563 flowId 353 uecSrc 352 starting at 0
Flow Uec_1046_450 flowId 354 uecSrc 353 starting at 0
Flow Uec_718_134 flowId 355 uecSrc 354 starting at 0
Flow Uec_965_306 flowId 356 uecSrc 355 starting at 0
Flow Uec_592_1053 flowId 357 uecSrc 356 starting at 0
Flow Uec_1071_442 flowId 358 uecSrc 357 starting at 0
Flow Uec_936_347 flowId 359 uecSrc 358 starting at 0
Flow Uec_422_954 flowId 360 uecSrc 359 starting at 0
Flow Uec_705_170 flowId 361 uecSrc 360 starting at 0
Flow Uec_327_858 flowId 362 uecSrc 361 starting at 0
Flow Uec_555_1007 flowId 363 uecSrc 362 starting at 0
Flow Uec_626_89 flowId 364 uecSrc 363 starting at 0
Flow Uec_16_553 flowId 365 uecSrc 364 starting at 0
Flow Uec_23_565 flowId 366 uecSrc 365 starting at 0
Flow Uec_867_205 flowId 367 uecSrc 366 starting at 0
Flow Uec_436_933 flowId 368 uecSrc 367 starting at 0
Flow Uec_502_1044 flowId 369 uecSrc 368 starting at 0
Flow Uec_139_651 flowId 370 uecSrc 369 starting at 0
Flow Uec_278_767 flowId 371 uecSrc 370 starting at 0
Flow Uec_843_279 flowId 372 uecSrc 371 starting at 0
Flow Uec_131_654 flowId 373 uecSrc 372 starting at 0
Flow Uec_556_1077 flowId 374 uecSrc 373 starting at 0
Flow Uec_906_394 flowId 375 uecSrc 374 starting at 0
Flow Uec_653_63 flowId 376 uecSrc 375 starting at 0
Flow Uec_351_888 flowId 377 uecSrc 376 starting at 0
Flow Uec_699_86 flowId 378 uecSrc 377 starting at 0
Flow Uec_444_987 flowId 379 uecSrc 378 starting at 0
Flow Uec_1089_459 flowId 380 uecSrc 379 starting at 0
Flow Uec_564_1021 flowId 381 uecSrc 380 starting at 0
Flow Uec_818_290 flowId 382 uecSrc 381 starting at 0
Flow Uec_68_538 flowId 383 uecSrc 382 starting at 0
Flow Uec_260_718 flowId 384 uecSrc 383 starting at 0
Flow Uec_137_622 flowId 385 uecSrc 384 starting at 0
Flow Uec_932_335 flowId 386 uecSrc 385 starting at 0
Flow Uec_905_308 flowId 387 uecSrc 386 starting at 0
Flow Uec_852_254 flowId 388 uecSrc 387 starting at 0
Flow Uec_700_128 flowId 389 uecSrc 388 starting at 0
Flow Uec_72_588 flowId 390 uecSrc 389 starting at 0
Flow Uec_167_658 flowId 391 uecSrc 390 starting at 0
Flow Uec_579_1051 flowId 392 uecSrc 391 starting at 0
Flow Uec_170_617 flowId 393 uecSrc 392 starting at 0
Flow Uec_234_707 flowId 394 uecSrc 393 starting at 0
Flow Uec_115_679 flowId 395 uecSrc 394 starting at 0
Flow Uec_589_1091 flowId 396 uecSrc 395 starting at 0
Flow Uec_384_831 flowId 397 uecSrc 396 starting at 0
Flow Uec_69_505 flowId 398 uecSrc 397 starting at 0
Flow Uec_869_230 flowId 399 uecSrc 398 starting at 0
Flow Uec_962_379 flowId 400 uecSrc 399 starting at 0
Flow Uec_908_367 flowId 401 uecSrc 400 starting at 0
Flow Uec_175_619 flowId 402 uecSrc 401 starting at 0
Flow Uec_576_1029 flowId 403 uecSrc 402 starting at 0
Flow Uec_733_110 flowId 404 uecSrc 403 starting at 0
Flow Uec_937_384 flowId 405 uecSrc 404 starting at 0
Flow Uec_773_159 flowId 406 uecSrc 405 starting at 0
Flow Uec_114_612 flowId 407 uecSrc 406 starting at 0
Flow Uec_341_836 flowId 408 uecSrc 407 starting at 0
Flow Uec_1079_446 flowId 409 uecSrc 408 starting at 0
Flow Uec_1059_479 flowId 410 uecSrc 409 starting at 0
Flow Uec_880_256 flowId 411 uecSrc 410 starting at 0
Flow Uec_292_786 flowId 412 uecSrc 411 starting at 0
Flow Uec_135_694 flowId 413 uecSrc 412 starting at 0
Flow Uec_95_547 flowId 414 uecSrc 413 starting at 0
Flow Uec_567_1023 flowId 415 uecSrc 414 starting at 0
Flow Uec_479_943 flowId 416 uecSrc 415 starting at 0
Flow Uec_875_289 flowId 417 uecSrc 416 starting at 0
Flow Uec_75_589 flowId 418 uecSrc 417 starting at 0
Flow Uec_222_752 flowId 419 uecSrc 418 starting at 0
Flow Uec_585_1074 flowId 420 uecSrc 419 starting at 0
Flow Uec_244_790 flowId 421 uecSrc 420 starting at 0
Flow Uec_552_1093 flowId 422 uecSrc 421 starting at 0
Flow Uec_108_680 flowId 423 uecSrc 422 starting at 0
Flow Uec_437_974 flowId 424 uecSrc 423 starting at 0
Flow Uec_1022_488 flowId 425 uecSrc 424 starting at 0
Flow Uec_980_321 flowId 426 uecSrc 425 starting at 0
Flow Uec_160_671 flowId 427 uecSrc 426 starting at 0
Flow Uec_997_368 flowId 428 uecSrc 427 starting at 0
Flow Uec_141_608 flowId 429 uecSrc 428 starting at 0
Flow Uec_623_41 flowId 430 uecSrc 429 starting at 0
Flow Uec_33_517 flowId 431 uecSrc 430 starting at 0
Flow Uec_140_603 flowId 432 uecSrc 431 starting at 0
Flow Uec_203_711 flowId 433 uecSrc 432 starting at 0
Flow Uec_812_293 flowId 434 uecSrc 433 starting at 0
Flow Uec_263_770 flowId 435 uecSrc 434 starting at 0
Flow Uec_1029_471 flowId 436 uecSrc 435 starting at 0
Flow Uec_639_6 flowId 437 uecSrc 436 starting at 0
Flow Uec_1074_431 flowId 438 uecSrc 437 starting at 0
Flow Uec_275_773 flowId 439 uecSrc 438 starting at 0
Flow Uec_1088_438 flowId 440 uecSrc 439 starting at 0
Flow Uec_51_531 flowId 441 uecSrc 440 starting at 0
Flow Uec_1072_407 flowId 442 uecSrc 441 starting at 0
Flow Uec_659_2 flowId 443 uecSrc 442 starting at 0
Flow Uec_340_889 flowId 444 uecSrc 443 starting at 0
Flow Uec_258_736 flowId 445 uecSrc 444 starting at 0
Flow Uec_84_529 flowId 446 uecSrc 445 starting at 0
Flow Uec_103_689 flowId 447 uecSrc 446 starting at 0
Flow Uec_508_1052 flowId 448 uecSrc 447 starting at 0
Flow Uec_246_745 flowId 449 uecSrc 448 starting at 0
Flow Uec_310_842 flowId 450 uecSrc 449 starting at 0
Flow Uec_671_85 flowId 451 uecSrc 450 starting at 0
Flow Uec_990_345 flowId 452 uecSrc 451 starting at 0
Flow Uec_954_369 flowId 453 uecSrc 452 starting at 0
Flow Uec_187_604 flowId 454 uecSrc 453 starting at 0
Flow Uec_295_776 flowId 455 uecSrc 454 starting at 0
Flow Uec_820_237 flowId 456 uecSrc 455 starting at 0
Flow Uec_209_774 flowId 457 uecSrc 456 starting at 0
Flow Uec_100_607 flowId 458 uecSrc 457 starting at 0
Flow Uec_238_798 flowId 459 uecSrc 458 starting at 0
Flow Uec_698_93 flowId 460 uecSrc 459 starting at 0
Flow Uec_1009_464 flowId 461 uecSrc 460 starting at 0
Flow Uec_88_501 flowId 462 uecSrc 461 starting at 0
Flow Uec_248_785 flowId 463 uecSrc 462 starting at 0
Flow Uec_371_896 flowId 464 uecSrc 463 starting at 0
Flow Uec_163_634 flowId 465 uecSrc 464 starting at 0
Flow Uec_82_587 flowId 466 uecSrc 465 starting at 0
Flow Uec_283_757 flowId 467 uecSrc 466 starting at 0
Flow Uec_611_40 flowId 468 uecSrc 467 starting at 0
Flow Uec_734_165 flowId 469 uecSrc 468 starting at 0
Flow Uec_365_865 flowId 470 uecSrc 469 starting at 0
Flow Uec_197_697 flowId 471 uecSrc 470 starting at 0
Flow Uec_748_160 flowId 472 uecSrc 471 starting at 0
Flow Uec_928_348 flowId 473 uecSrc 472 starting at 0
Flow Uec_642_9 flowId 474 uecSrc 473 starting at 0
Flow Uec_630_88 flowId 475 uecSrc 474 starting at 0
Flow Uec_1030_436 flowId 476 uecSrc 475 starting at 0
Flow Uec_127_647 flowId 477 uecSrc 476 starting at 0
Flow Uec_1041_402 flowId 478 uecSrc 477 starting at 0
Flow Uec_290_756 flowId 479 uecSrc 478 starting at 0
Flow Uec_189_664 flowId 480 uecSrc 479 starting at 0
Flow Uec_628_46 flowId 481 uecSrc 480 starting at 0
Flow Uec_487_905 flowId 482 uecSrc 481 starting at 0
Flow Uec_1006_467 flowId 483 uecSrc 482 starting at 0
Flow Uec_968_340 flowId 484 uecSrc 483 starting at 0
Flow Uec_376_841 flowId 485 uecSrc 484 starting at 0
Flow Uec_992_349 flowId 486 uecSrc 485 starting at 0
Flow Uec_500_1006 flowId 487 uecSrc 486 starting at 0
Flow Uec_739_190 flowId 488 uecSrc 487 starting at 0
Flow Uec_929_324 flowId 489 uecSrc 488 starting at 0
Flow Uec_493_991 flowId 490 uecSrc 489 starting at 0
Flow Uec_712_177 flowId 491 uecSrc 490 starting at 0
Flow Uec_883_214 flowId 492 uecSrc 491 starting at 0
Flow Uec_515_1050 flowId 493 uecSrc 492 starting at 0
Flow Uec_922_390 flowId 494 uecSrc 493 starting at 0
Flow Uec_640_37 flowId 495 uecSrc 494 starting at 0
Flow Uec_210_717 flowId 496 uecSrc 495 starting at 0
Flow Uec_165_649 flowId 497 uecSrc 496 starting at 0
Flow Uec_961_355 flowId 498 uecSrc 497 starting at 0
Flow Uec_524_1014 flowId 499 uecSrc 498 starting at 0
Flow Uec_693_94 flowId 500 uecSrc 499 starting at 0
Flow Uec_525_1082 flowId 501 uecSrc 500 starting at 0
Flow Uec_456_929 flowId 502 uecSrc 501 starting at 0
Flow Uec_299_783 flowId 503 uecSrc 502 starting at 0
Flow Uec_910_378 flowId 504 uecSrc 503 starting at 0
Flow Uec_303_809 flowId 505 uecSrc 504 starting at 0
Flow Uec_282_734 flowId 506 uecSrc 505 starting at 0
Flow Uec_1039_401 flowId 507 uecSrc 506 starting at 0
Flow Uec_389_880 flowId 508 uecSrc 507 starting at 0
Flow Uec_670_77 flowId 509 uecSrc 508 starting at 0
Flow Uec_47_527 flowId 510 uecSrc 509 starting at 0
Flow Uec_597_1046 flowId 511 uecSrc 510 starting at 0
Flow Uec_782_127 flowId 512 uecSrc 511 starting at 0
Flow Uec_355_857 flowId 513 uecSrc 512 starting at 0
Flow Uec_1081_486 flowId 514 uecSrc 513 starting at 0
Flow Uec_504_1048 flowId 515 uecSrc 514 starting at 0
Flow Uec_546_1043 flowId 516 uecSrc 515 starting at 0
Flow Uec_657_32 flowId 517 uecSrc 516 starting at 0
Flow Uec_887_291 flowId 518 uecSrc 517 starting at 0
Flow Uec_1034_440 flowId 519 uecSrc 518 starting at 0
Flow Uec_674_39 flowId 520 uecSrc 519 starting at 0
Flow Uec_890_274 flowId 521 uecSrc 520 starting at 0
Flow Uec_357_824 flowId 522 uecSrc 521 starting at 0
Flow Uec_110_667 flowId 523 uecSrc 522 starting at 0
Flow Uec_329_871 flowId 524 uecSrc 523 starting at 0
Flow Uec_912_352 flowId 525 uecSrc 524 starting at 0
Flow Uec_688_83 flowId 526 uecSrc 525 starting at 0
Flow Uec_806_211 flowId 527 uecSrc 526 starting at 0
Flow Uec_815_248 flowId 528 uecSrc 527 starting at 0
Flow Uec_828_276 flowId 529 uecSrc 528 starting at 0
Flow Uec_558_1097 flowId 530 uecSrc 529 starting at 0
Flow Uec_415_970 flowId 531 uecSrc 530 starting at 0
Flow Uec_1098_414 flowId 532 uecSrc 531 starting at 0
Flow Uec_857_210 flowId 533 uecSrc 532 starting at 0
Flow Uec_989_323 flowId 534 uecSrc 533 starting at 0
Flow Uec_575_1096 flowId 535 uecSrc 534 starting at 0
Flow Uec_227_769 flowId 536 uecSrc 535 starting at 0
Flow Uec_805_265 flowId 537 uecSrc 536 starting at 0
Flow Uec_429_958 flowId 538 uecSrc 537 starting at 0
Flow Uec_532_1062 flowId 539 uecSrc 538 starting at 0
Flow Uec_1063_421 flowId 540 uecSrc 539 starting at 0
Flow Uec_756_108 flowId 541 uecSrc 540 starting at 0
Flow Uec_18_509 flowId 542 uecSrc 541 starting at 0
Flow Uec_717_175 flowId 543 uecSrc 542 starting at 0
Flow Uec_468_989 flowId 544 uecSrc 543 starting at 0
Flow Uec_80_585 flowId 545 uecSrc 544 starting at 0
Flow Uec_57_571 flowId 546 uecSrc 545 starting at 0
Flow Uec_807_209 flowId 547 uecSrc 546 starting at 0
Flow Uec_996_387 flowId 548 uecSrc 547 starting at 0
Flow Uec_309_826 flowId 549 uecSrc 548 starting at 0
Flow Uec_727_174 flowId 550 uecSrc 549 starting at 0
Flow Uec_535_1038 flowId 299 uecSrc 298 finished at 56.3085 total messages 1 total packets 123 RTS 0 total bytes 502578 in_flight now 0 fair_inc 0 prop_inc 15278 fast_inc 0 eta_inc 2384 multi_dec -0 quick_dec -0 nack_dec -0
Flow Uec_316_856 flowId 60 uecSrc 59 finished at 56.6354 total messages 1 total packets 123 RTS 0 total bytes 502578 in_flight now 0 fair_inc 0 prop_inc 13653 fast_inc 0 eta_inc 2384 multi_dec -0 quick_dec -0 nack_dec -0
Flow Uec_1068_495 flowId 65 uecSrc 64 finished at 56.7003 total messages 1 total packets 123 RTS 0 total bytes 502578 in_flight now 0 fair_inc 0 prop_inc 17146 fast_inc 0 eta_inc 2384 multi_dec -0 quick_dec -0 nack_dec -0
Flow Uec_895_224 flowId 121 uecSrc 120 finished at 56.9669 total messages 1 total packets 123 RTS 0 total bytes 502578 in_flight now 0 fair_inc 0 prop_inc 16808 fast_inc 0 eta_inc 2384 multi_dec -0 quick_dec -0 nack_dec -0
Flow Uec_503_1084 flowId 114 uecSrc 113 finished at 57.1747 total messages 1 total packets 123 RTS 0 total bytes 502578 in_flight now 0 fair_inc 0 prop_inc 15135 fast_inc 0 eta_inc 2384 multi_dec -0 quick_dec -0 nack_dec -0
Flow Uec_1030_436 flowId 476 uecSrc 475 finished at 57.6376 total messages 1 total packets 123 RTS 0 total bytes 502578 in_flight now 0 fair_inc 0 prop_inc 14291 fast_inc 0 eta_inc 2384 multi_dec -0 quick_dec -0 nack_dec -0
Flow Uec_265_782 flowId 324 uecSrc 323 finished at 57.6534 total messages 1 total packets 123 RTS 0 total bytes 502578 in_flight now 0 fair_inc 0 prop_inc 15675 fast_inc 0 eta_inc 2384 multi_dec -0 quick_dec -0 nack_dec -0
Flow Uec_1078_454 flowId 327 uecSrc 326 finished at 57.8101 total messages 1 total packets 123 RTS 0 total bytes 502578 in_flight now 0 fair_inc 0 prop_inc 12235 fast_inc 0 eta_inc 2384 multi_dec -0 quick_dec -0 nack_dec -0
Flow Uec_229_725 flowId 195 uecSrc 194 finished at 57.868 total messages 1 total packets 123 RTS 0 total bytes 502578 in_flight now 0 fair_inc 0 prop_inc 13261 fast_inc 0 eta_inc 2384 multi_dec -0 quick_dec -0 nack_dec -0
Flow Uec_1089_459 flowId 380 uecSrc 379 finished at 58.1707 total messages 1 total packets 123 RTS 0 total bytes 502578 in_flight now 0 fair_inc 0 prop_inc 11613 fast_inc 0 eta_inc 2384 multi_dec -0 quick_dec -0 nack_dec -0
Flow Uec_963_371 flowId 308 uecSrc 307 finished at 58.4571 total messages 1 total packets 123 RTS 0 total bytes 502578 in_flight now 0 fair_inc 0 prop_inc 14576 fast_inc 0 eta_inc 2384 multi_dec -0 quick_dec -0 nack_dec -0
Flow Uec_1071_442 flowId 358 uecSrc 357 finished at 58.4622 total messages 1 total packets 123 RTS 0 total bytes 502578 in_flight now 0 fair_inc 0 prop_inc 12821 fast_inc 0 eta_inc 2384 multi_dec -0 quick_dec -0 nack_dec -0
Flow Uec_681_76 flowId 44 uecSrc 43 finished at 58.7904 total messages 1 total packets 123 RTS 0 total bytes 502578 in_flight now 0 fair_inc 0 prop_inc 16032 fast_inc 0 eta_inc 2384 multi_dec -0 quick_dec -0 nack_dec -0
Flow Uec_135_694 flowId 413 uecSrc 412 finished at 59.5499 total messages 1 total packets 123 RTS 0 total bytes 502578 in_flight now 0 fair_inc 0 prop_inc 17457 fast_inc 0 eta_inc 2384 multi_dec -0 quick_dec -0 nack_dec -8300
Flow Uec_511_1010 flowId 277 uecSrc 276 finished at 59.6102 total messages 1 total packets 123 RTS 0 total bytes 502578 in_flight now 0 fair_inc 0 prop_inc 13404 fast_inc 0 eta_inc 2384 multi_dec -0 quick_dec -0 nack_dec -0
Flow Uec_394_830 flowId 141 uecSrc 140 finished at 59.6245 total messages 1 total packets 123 RTS 0 total bytes 502578 in_flight now 0 fair_inc 0 prop_inc 15956 fast_inc 0 eta_inc 2384 multi_dec -0 quick_dec -0 nack_dec -0
Flow Uec_983_361 flowId 189 uecSrc 188 finished at 59.7902 total messages 1 total packets 123 RTS 0 total bytes 502578 in_flight now 0 fair_inc 0 prop_inc 10795 fast_inc 0 eta_inc 2384 multi_dec -0 quick_dec -0 nack_dec -0
Flow Uec_368_861 flowId 182 uecSrc 181 finished at 60.1171 total messages 1 total packets 123 RTS 0 total bytes 502578 in_flight now 0 fair_inc 0 prop_inc 11698 fast_inc 0 eta_inc 2384 multi_dec -0 quick_dec -0 nack_dec -0
Flow Uec_1095_456 flowId 184 uecSrc 183 finished at 60.4896 total messages 1 total packets 123 RTS 0 total bytes 502578 in_flight now 0 fair_inc 0 prop_inc 16029 fast_inc 0 eta_inc 2384 multi_dec -0 quick_dec -0 nack_dec -0
Flow Uec_866_250 flowId 25 uecSrc 24 finished at 60.7808 total messages 1 total packets 123 RTS 0 total bytes 502578 in_flight now 0 fair_inc 0 prop_inc 13684 fast_inc 0 eta_inc 2980 multi_dec -0 quick_dec -0 nack_dec -0
Flow Uec_514_1047 flowId 210 uecSrc 209 finished at 60.9142 total messages 1 total packets 123 RTS 0 total bytes 502578 in_flight now 0 fair_inc 0 prop_inc 4536 fast_inc 0 eta_inc 2384 multi_dec -0 quick_dec -0 nack_dec -0
Flow Uec_24_561 flowId 160 uecSrc 159 finished at 61.1536 total messages 1 total packets 123 RTS 0 total bytes 502578 in_flight now 0 fair_inc 0 prop_inc 11547 fast_inc 0 eta_inc 2980 multi_dec -0 quick_dec -0 nack_dec -0
Flow Uec_140_603 flowId 432 uecSrc 431 finished at 61.2099 total messages 1 total packets 123 RTS 0 total bytes 502578 in_flight now 0 fair_inc 0 prop_inc 7749 fast_inc 0 eta_inc 2384 multi_dec -0 quick_dec -0 nack_dec -0
Flow Uec_397_868 flowId 129 uecSrc 128 finished at 62.1194 total messages 1 total packets 123 RTS 0 total bytes 502578 in_flight now 0 fair_inc 3339 prop_inc 9513 fast_inc 0 eta_inc 2980 multi_dec -0 quick_dec -0 nack_dec -0
Flow Uec_270_744 flowId 109 uecSrc 108 finished at 62.1314 total messages 1 total packets 123 RTS 0 total bytes 502578 in_flight now 0 fair_inc 0 prop_inc 15505 fast_inc 0 eta_inc 2980 multi_dec -0 quick_dec -0 nack_dec -0
Flow Uec_110_667 flowId 523 uecSrc 522 finished at 63.3406 total messages 1 total packets 123 RTS 0 total bytes 502578 in_flight now 0 fair_inc 0 prop_inc 16308 fast_inc 0 eta_inc 2980 multi_dec -0 quick_dec -0 nack_dec -0
Flow Uec_275_773 flowId 439 uecSrc 438 finished at 63.6931 total messages 1 total packets 123 RTS 0 total bytes 502578 in_flight now 0 fair_inc 0 prop_inc 12818 fast_inc 0 eta_inc 2980 multi_dec -0 quick_dec -0 nack_dec -0
Flow Uec_386_806 flowId 69 uecSrc 68 finished at 63.8518 total messages 1 total packets 123 RTS 0 total bytes 502578 in_flight now 0 fair_inc 376 prop_inc 8392 fast_inc 0 eta_inc 2980 multi_dec -0 quick_dec -0 nack_dec -0
Flow Uec_623_41 flowId 430 uecSrc 429 finished at 64.1933 total messages 1 total packets 123 RTS 0 total bytes 502578 in_flight now 0 fair_inc 0 prop_inc 10739 fast_inc 0 eta_inc 2980 multi_dec -0 quick_dec -0 nack_dec -0
Flow Uec_255_792 flowId 156 uecSrc 155 finished at 64.4382 total messages 1 total packets 123 RTS 0 total bytes 502578 in_flight now 0 fair_inc 0 prop_inc 12342 fast_inc 0 eta_inc 2980 multi_dec -0 quick_dec -0 nack_dec -0
Flow Uec_358_822 flowId 159 uecSrc 158 finished at 64.4525 total messages 1 total packets 123 RTS 0 total bytes 502578 in_flight now 0 fair_inc 0 prop_inc 5870 fast_inc 0 eta_inc 2980 multi_dec -0 quick_dec -0 nack_dec -0
Flow Uec_495_913 flowId 3 uecSrc 2 finished at 64.4736 total messages 1 total packets 123 RTS 0 total bytes 502578 in_flight now 0 fair_inc 0 prop_inc 5950 fast_inc 0 eta_inc 2980 multi_dec -0 quick_dec -0 nack_dec -0
Flow Uec_833_236 flowId 118 uecSrc 117 finished at 64.9365 total messages 1 total packets 123 RTS 0 total bytes 502578 in_flight now 0 fair_inc 1872 prop_inc 8085 fast_inc 0 eta_inc 2980 multi_dec -0 quick_dec -0 nack_dec -0
Flow Uec_268_753 flowId 90 uecSrc 89 finished at 65.1022 total messages 1 total packets 123 RTS 0 total bytes 502578 in_flight now 0 fair_inc 0 prop_inc 14743 fast_inc 0 eta_inc 2980 multi_dec -0 quick_dec -0 nack_dec -0
Flow Uec_160_671 flowId 427 uecSrc 426 finished at 65.1432 total messages 1 total packets 123 RTS 0 total bytes 502578 in_flight now 0 fair_inc 0 prop_inc 11658 fast_inc 0 eta_inc 2980 multi_dec -0 quick_dec -0 nack_dec -0
Flow Uec_968_340 flowId 484 uecSrc 483 finished at 65.1632 total messages 1 total packets 123 RTS 0 total bytes 502578 in_flight now 0 fair_inc 0 prop_inc 14856 fast_inc 0 eta_inc 2980 multi_dec -0 quick_dec -0 nack_dec -4150
Flow Uec_805_265 flowId 537 uecSrc 536 finished at 65.3504 total messages 1 total packets 123 RTS 0 total bytes 502578 in_flight now 0 fair_inc 0 prop_inc 9414 fast_inc 0 eta_inc 2980 multi_dec -0 quick_dec -0 nack_dec -0
Flow Uec_705_170 flowId 361 uecSrc 360 finished at 65.4798 total messages 1 total packets 123 RTS 0 total bytes 502578 in_flight now 0 fair_inc 0 prop_inc 6976 fast_inc 0 eta_inc 2980 multi_dec -0 quick_dec -0 nack_dec -0
Flow Uec_723_130 flowId 296 uecSrc 295 finished at 65.8221 total messages 1 total packets 123 RTS 0 total bytes 502578 in_flight now 0 fair_inc 0 prop_inc 12145 fast_inc 0 eta_inc 2980 multi_dec -0 quick_dec -0 nack_dec -0
Flow Uec_282_734 flowId 506 uecSrc 505 finished at 66.149 total messages 1 total packets 123 RTS 0 total bytes 502578 in_flight now 0 fair_inc 0 prop_inc 15164 fast_inc 0 eta_inc 2980 multi_dec -0 quick_dec -0 nack_dec -0
Flow Uec_962_379 flowId 400 uecSrc 399 finished at 66.2394 total messages 1 total packets 123 RTS 0 total bytes 502578 in_flight now 0 fair_inc 0 prop_inc 8409 fast_inc 0 eta_inc 2980 multi_dec -0 quick_dec -0 nack_dec -0
Flow Uec_456_929 flowId 502 uecSrc 501 finished at 66.2594 total messages 1 total packets 123 RTS 0 total bytes 502578 in_flight now 0 fair_inc 1123 prop_inc 6756 fast_inc 0 eta_inc 2980 multi_dec -0 quick_dec -0 nack_dec -0
Flow Uec_811_245 flowId 219 uecSrc 218 finished at 66.3389 total messages 1 total packets 123 RTS 0 total bytes 502578 in_flight now 0 fair_inc 0 prop_inc 15399 fast_inc 0 eta_inc 2980 multi_dec -0 quick_dec -0 nack_dec -0
Flow Uec_828_276 flowId 529 uecSrc 528 finished at 66.4656 total messages 1 total packets 123 RTS 0 total bytes 502578 in_flight now 0 fair_inc 0 prop_inc 15528 fast_inc 0 eta_inc 2980 multi_dec -0 quick_dec -0 nack_dec -0
Flow Uec_906_394 flowId 375 uecSrc 374 finished at 66.4758 total messages 1 total packets 123 RTS 0 total bytes 502578 in_flight now 0 fair_inc 0 prop_inc 10076 fast_inc 0 eta_inc 2980 multi_dec -0 quick_dec -0 nack_dec -0
Flow Uec_724_139 flowId 256 uecSrc 255 finished at 66.5526 total messages 1 total packets 123 RTS 0 total bytes 502578 in_flight now 0 fair_inc 0 prop_inc 8174 fast_inc 0 eta_inc 2980 multi_dec -0 quick_dec -0 nack_dec -0
Flow Uec_425_951 flowId 290 uecSrc 289 finished at 66.5914 total messages 1 total packets 123 RTS 0 total bytes 502578 in_flight now 0 fair_inc 0 prop_inc 5508 fast_inc 0 eta_inc 2980 multi_dec -0 quick_dec -0 nack_dec -4150
Flow Uec_1086_409 flowId 119 uecSrc 118 finished at 66.8027 total messages 1 total packets 123 RTS 0 total bytes 502578 in_flight now 0 fair_inc 0 prop_inc 14902 fast_inc 0 eta_inc 2980 multi_dec -0 quick_dec -0 nack_dec -0
Flow Uec_733_110 flowId 404 uecSrc 403 finished at 66.8027 total messages 1 total packets 123 RTS 0 total bytes 502578 in_flight now 0 fair_inc 0 prop_inc 10022 fast_inc 0 eta_inc 2980 multi_dec -0 quick_dec -0 nack_dec -0
Flow Uec_927_310 flowId 342 uecSrc 341 finished at 66.8283 total messages 1 total packets 123 RTS 0 total bytes 502578 in_flight now 0 fair_inc 0 prop_inc 12640 fast_inc 0 eta_inc 2980 multi_dec -0 quick_dec -0 nack_dec -0
Flow Uec_315_884 flowId 233 uecSrc 232 finished at 66.8429 total messages 1 total packets 123 RTS 0 total bytes 502578 in_flight now 0 fair_inc 0 prop_inc 14889 fast_inc 0 eta_inc 2980 multi_dec -0 quick_dec -0 nack_dec -0
Flow Uec_683_18 flowId 111 uecSrc 110 finished at 66.9069 total messages 1 total packets 123 RTS 0 total bytes 502578 in_flight now 0 fair_inc 0 prop_inc 13911 fast_inc 0 eta_inc 2980 multi_dec -0 quick_dec -0 nack_dec -0
Flow Uec_1008_494 flowId 62 uecSrc 61 finished at 66.9285 total messages 1 total packets 123 RTS 0 total bytes 502578 in_flight now 0 fair_inc 0 prop_inc 14366 fast_inc 0 eta_inc 2980 multi_dec -0 quick_dec -0 nack_dec -0
Flow Uec_1063_421 flowId 540 uecSrc 539 finished at 67.1347 total messages 1 total packets 123 RTS 0 total bytes 502578 in_flight now 0 fair_inc 0 prop_inc 12151 fast_inc 0 eta_inc 2980 multi_dec -0 quick_dec -0 nack_dec -0
Flow Uec_653_63 flowId 376 uecSrc 375 finished at 67.3656 total messages 1 total packets 123 RTS 0 total bytes 502578 in_flight now 0 fair_inc 0 prop_inc 12939 fast_inc 0 eta_inc 2980 multi_dec -0 quick_dec -0 nack_dec -0
Flow Uec_72_588 flowId 390 uecSrc 389 finished at 67.4616 total messages 1 total packets 123 RTS 0 total bytes 502578 in_flight now 0 fair_inc 0 prop_inc 14659 fast_inc 0 eta_inc 2980 multi_dec -0 quick_dec -0 nack_dec -0
Flow Uec_439_910 flowId 50 uecSrc 49 finished at 67.4667 total messages 1 total packets 123 RTS 0 total bytes 502578 in_flight now 0 fair_inc 0 prop_inc 16181 fast_inc 0 eta_inc 2980 multi_dec -0 quick_dec -0 nack_dec -0
Flow Uec_213_778 flowId 14 uecSrc 13 finished at 67.4667 total messages 1 total packets 123 RTS 0 total bytes 502578 in_flight now 0 fair_inc 0 prop_inc 13763 fast_inc 0 eta_inc 2980 multi_dec -0 quick_dec -0 nack_dec -0
Flow Uec_516_1080 flowId 273 uecSrc 272 finished at 67.5069 total messages 1 total packets 123 RTS 0 total bytes 502578 in_flight now 0 fair_inc 0 prop_inc 16361 fast_inc 0 eta_inc 2980 multi_dec -0 quick_dec -0 nack_dec -0
Flow Uec_1032_403 flowId 42 uecSrc 41 finished at 67.5874 total messages 1 total packets 123 RTS 0 total bytes 502578 in_flight now 0 fair_inc 0 prop_inc 7092 fast_inc 0 eta_inc 2980 multi_dec -0 quick_dec -0 nack_dec -0
Flow Uec_794_100 flowId 325 uecSrc 324 finished at 67.6658 total messages 1 total packets 123 RTS 0 total bytes 502578 in_flight now 0 fair_inc 0 prop_inc 10562 fast_inc 0 eta_inc 2980 multi_dec -0 quick_dec -0 nack_dec -0
Flow Uec_545_1064 flowId 253 uecSrc 252 finished at 67.7272 total messages 1 total packets 123 RTS 0 total bytes 502578 in_flight now 0 fair_inc 0 prop_inc 14755 fast_inc 0 eta_inc 2980 multi_dec -0 quick_dec -0 nack_dec -0
Flow Uec_260_718 flowId 384 uecSrc 383 finished at 67.809 total messages 1 total packets 123 RTS 0 total bytes 502578 in_flight now 0 fair_inc 0 prop_inc 14371 fast_inc 0 eta_inc 2980 multi_dec -0 quick_dec -0 nack_dec -0
Flow Uec_23_565 flowId 366 uecSrc 365 finished at 67.8154 total messages 1 total packets 123 RTS 0 total bytes 502578 in_flight now 0 fair_inc 0 prop_inc 10021 fast_inc 0 eta_inc 2980 multi_dec -0 quick_dec -0 nack_dec -0
Flow Uec_158_615 flowId 40 uecSrc 39 finished at 67.884 total messages 1 total packets 123 RTS 0 total bytes 502578 in_flight now 0 fair_inc 0 prop_inc 12106 fast_inc 0 eta_inc 2980 multi_dec -0 quick_dec -0 nack_dec -0
Flow Uec_750_183 flowId 305 uecSrc 304 finished at 67.9773 total messages 1 total packets 123 RTS 0 total bytes 502578 in_flight now 0 fair_inc 0 prop_inc 17374 fast_inc 0 eta_inc 2980 multi_dec -0 quick_dec -0 nack_dec -0
Flow Uec_16_553 flowId 365 uecSrc 364 finished at 68.1005 total messages 1 total packets 123 RTS 0 total bytes 502578 in_flight now 0 fair_inc 0 prop_inc 15450 fast_inc 0 eta_inc 2980 multi_dec -0 quick_dec -0 nack_dec -0
Flow Uec_854_282 flowId 193 uecSrc 192 finished at 68.1256 total messages 1 total packets 123 RTS 0 total bytes 502578 in_flight now 0 fair_inc 0 prop_inc 16554 fast_inc 0 eta_inc 2980 multi_dec -0 quick_dec -0 nack_dec -0
Flow Uec_1072_407 flowId 442 uecSrc 441 finished at 68.1264 total messages 1 total packets 123 RTS 0 total bytes 502578 in_flight now 0 fair_inc 0 prop_inc 13294 fast_inc 0 eta_inc 2980 multi_dec -0 quick_dec -0 nack_dec -0
Flow Uec_250_739 flowId 12 uecSrc 11 finished at 68.1347 total messages 1 total packets 123 RTS 0 total bytes 502578 in_flight now 0 fair_inc 0 prop_inc 12966 fast_inc 0 eta_inc 2980 multi_dec -0 quick_dec -0 nack_dec -0
Flow Uec_552_1093 flowId 422 uecSrc 421 finished at 68.141 total messages 1 total packets 123 RTS 0 total bytes 502578 in_flight now 0 fair_inc 0 prop_inc 17076 fast_inc 0 eta_inc 2980 multi_dec -0 quick_dec -0 nack_dec -4150
Flow Uec_926_396 flowId 107 uecSrc 106 finished at 68.1512 total messages 1 total packets 123 RTS 0 total bytes 502578 in_flight now 0 fair_inc 0 prop_inc 13482 fast_inc 0 eta_inc 2980 multi_dec -0 quick_dec -0 nack_dec -0
Flow Uec_892_202 flowId 161 uecSrc 160 finished at 68.1709 total messages 1 total packets 123 RTS 0 total bytes 502578 in_flight now 0 fair_inc 0 prop_inc 14661 fast_inc 0 eta_inc 2980 multi_dec -0 quick_dec -0 nack_dec -0
Flow Uec_574_1008 flowId 26 uecSrc 25 finished at 68.2109 total messages 1 total packets 123 RTS 0 total bytes 502578 in_flight now 0 fair_inc 0 prop_inc 14991 fast_inc 0 eta_inc 2980 multi_dec -0 quick_dec -0 nack_dec -0
Flow Uec_569_1033 flowId 198 uecSrc 197 finished at 68.2514 total messages 1 total packets 123 RTS 0 total bytes 502578 in_flight now 0 fair_inc 0 prop_inc 13246 fast_inc 0 eta_inc 2980 multi_dec -0 quick_dec -0 nack_dec -0
Flow Uec_680_53 flowId 194 uecSrc 193 finished at 68.2554 total messages 1 total packets 123 RTS 0 total bytes 502578 in_flight now 0 fair_inc 0 prop_inc 9368 fast_inc 0 eta_inc 2980 multi_dec -0 quick_dec -0 nack_dec -0
Flow Uec_146_601 flowId 123 uecSrc 122 finished at 68.4171 total messages 1 total packets 123 RTS 0 total bytes 502578 in_flight now 0 fair_inc 0 prop_inc 11299 fast_inc 0 eta_inc 2980 multi_dec -0 quick_dec -0 nack_dec -0
Flow Uec_79_582 flowId 213 uecSrc 212 finished at 68.423 total messages 1 total packets 123 RTS 0 total bytes 502578 in_flight now 0 fair_inc 0 prop_inc 9926 fast_inc 0 eta_inc 2980 multi_dec -0 quick_dec -0 nack_dec -0
Flow Uec_476_914 flowId 247 uecSrc 246 finished at 68.4274 total messages 1 total packets 123 RTS 0 total bytes 502578 in_flight now 0 fair_inc 0 prop_inc 14315 fast_inc 0 eta_inc 2980 multi_dec -0 quick_dec -0 nack_dec -0
Flow Uec_141_608 flowId 429 uecSrc 428 finished at 68.4576 total messages 1 total packets 123 RTS 0 total bytes 502578 in_flight now 0 fair_inc 0 prop_inc 7606 fast_inc 0 eta_inc 2980 multi_dec -0 quick_dec -0 nack_dec -0
Flow Uec_508_1052 flowId 448 uecSrc 447 finished at 68.5029 total messages 1 total packets 123 RTS 0 total bytes 502578 in_flight now 0 fair_inc 0 prop_inc 11795 fast_inc 0 eta_inc 2980 multi_dec -0 quick_dec -0 nack_dec -0
Flow Uec_173_643 flowId 275 uecSrc 274 finished at 68.5029 total messages 1 total packets 123 RTS 0 total bytes 502578 in_flight now 0 fair_inc 0 prop_inc 9824 fast_inc 0 eta_inc 2980 multi_dec -0 quick_dec -0 nack_dec -0
Flow Uec_803_242 flowId 11 uecSrc 10 finished at 68.5037 total messages 1 total packets 123 RTS 0 total bytes 502578 in_flight now 0 fair_inc 0 prop_inc 5468 fast_inc 0 eta_inc 2980 multi_dec -0 quick_dec -0 nack_dec -0
Flow Uec_1031_485 flowId 267 uecSrc 266 finished at 68.5498 total messages 1 total packets 123 RTS 0 total bytes 502578 in_flight now 0 fair_inc 0 prop_inc 7453 fast_inc 0 eta_inc 2980 multi_dec -0 quick_dec -0 nack_dec -0
Flow Uec_157_693 flowId 266 uecSrc 265 finished at 68.5531 total messages 1 total packets 123 RTS 0 total bytes 502578 in_flight now 0 fair_inc 0 prop_inc 10256 fast_inc 0 eta_inc 2980 multi_dec -0 quick_dec -0 nack_dec -0
Flow Uec_234_707 flowId 394 uecSrc 393 finished at 68.5531 total messages 1 total packets 123 RTS 0 total bytes 502578 in_flight now 0 fair_inc 0 prop_inc 12855 fast_inc 0 eta_inc 2980 multi_dec -0 quick_dec -0 nack_dec -0
Flow Uec_336_883 flowId 309 uecSrc 308 finished at 68.7947 total messages 1 total packets 123 RTS 0 total bytes 502578 in_flight now 0 fair_inc 0 prop_inc 7180 fast_inc 0 eta_inc 2980 multi_dec -0 quick_dec -0 nack_dec -0
Flow Uec_88_501 flowId 462 uecSrc 461 finished at 68.7998 total messages 1 total packets 123 RTS 0 total bytes 502578 in_flight now 0 fair_inc 0 prop_inc 14349 fast_inc 0 eta_inc 2980 multi_dec -0 quick_dec -0 nack_dec -4150
Flow Uec_557_1079 flowId 126 uecSrc 125 finished at 68.8038 total messages 1 total packets 123 RTS 0 total bytes 502578 in_flight now 0 fair_inc 0 prop_inc 8659 fast_inc 0 eta_inc 2980 multi_dec -0 quick_dec -0 nack_dec -0
Flow Uec_210_717 flowId 496 uecSrc 495 finished at 68.8256 total messages 1 total packets 123 RTS 0 total bytes 502578 in_flight now 0 fair_inc 142 prop_inc 13721 fast_inc 0 eta_inc 2980 multi_dec -0 quick_dec -0 nack_dec -0
Flow Uec_263_770 flowId 435 uecSrc 434 finished at 68.8574 total messages 1 total packets 123 RTS 0 total bytes 502578 in_flight now 0 fair_inc 0 prop_inc 3495 fast_inc 0 eta_inc 2980 multi_dec -0 quick_dec -0 nack_dec -0
Flow Uec_916_381 flowId 157 uecSrc 156 finished at 68.8582 total messages 1 total packets 123 RTS 0 total bytes 502578 in_flight now 0 fair_inc 0 prop_inc 9045 fast_inc 0 eta_inc 2980 multi_dec -0 quick_dec -0 nack_dec -0
Flow Uec_187_604 flowId 454 uecSrc 453 finished at 68.8902 total messages 1 total packets 123 RTS 0 total bytes 502578 in_flight now 0 fair_inc 0 prop_inc 8688 fast_inc 0 eta_inc 2980 multi_dec -0 quick_dec -0 nack_dec -0
Flow Uec_422_954 flowId 360 uecSrc 359 finished at 68.9154 total messages 1 total packets 123 RTS 0 total bytes 502578 in_flight now 0 fair_inc 0 prop_inc 8634 fast_inc 0 eta_inc 2980 multi_dec -0 quick_dec -0 nack_dec -0
Flow Uec_202_771 flowId 285 uecSrc 284 finished at 69.0398 total messages 1 total packets 123 RTS 0 total bytes 502578 in_flight now 0 fair_inc 0 prop_inc 8697 fast_inc 0 eta_inc 2980 multi_dec -0 quick_dec -0 nack_dec -0
Flow Uec_32_510 flowId 265 uecSrc 264 finished at 69.0717 total messages 1 total packets 123 RTS 0 total bytes 502578 in_flight now 0 fair_inc 0 prop_inc 9186 fast_inc 0 eta_inc 2980 multi_dec -0 quick_dec -0 nack_dec -0
Flow Uec_340_889 flowId 444 uecSrc 443 finished at 69.0965 total messages 1 total packets 123 RTS 0 total bytes 502578 in_flight now 0 fair_inc 0 prop_inc 11700 fast_inc 0 eta_inc 2980 multi_dec -0 quick_dec -0 nack_dec -0
Flow Uec_444_987 flowId 379 uecSrc 378 finished at 69.1216 total messages 1 total packets 123 RTS 0 total bytes 502578 in_flight now 0 fair_inc 0 prop_inc 9759 fast_inc 0 eta_inc 2980 multi_dec -0 quick_dec -0 nack_dec -0
Flow Uec_364_864 flowId 310 uecSrc 309 finished at 69.2474 total messages 1 total packets 123 RTS 0 total bytes 502578 in_flight now 0 fair_inc 0 prop_inc 5664 fast_inc 0 eta_inc 2980 multi_dec -0 quick_dec -0 nack_dec -0
Flow Uec_1006_467 flowId 483 uecSrc 482 finished at 69.4587 total messages 1 total packets 123 RTS 0 total bytes 502578 in_flight now 0 fair_inc 0 prop_inc 13415 fast_inc 0 eta_inc 2980 multi_dec -0 quick_dec -0 nack_dec -0
Flow Uec_310_842 flowId 450 uecSrc 449 finished at 69.4896 total messages 1 total packets 123 RTS 0 total bytes 502578 in_flight now 0 fair_inc 0 prop_inc 9160 fast_inc 0 eta_inc 2980 multi_dec -0 quick_dec -0 nack_dec -0
Flow Uec_1074_431 flowId 438 uecSrc 437 finished at 69.6637 total messages 1 total packets 123 RTS 0 total bytes 502578 in_flight now 0 fair_inc 0 prop_inc 10555 fast_inc 0 eta_inc 2980 multi_dec -0 quick_dec -0 nack_dec -0
Flow Uec_852_254 flowId 388 uecSrc 387 finished at 69.7507 total messages 1 total packets 123 RTS 0 total bytes 502578 in_flight now 0 fair_inc 0 prop_inc 12614 fast_inc 0 eta_inc 2980 multi_dec -0 quick_dec -0 nack_dec -0
Flow Uec_246_745 flowId 449 uecSrc 448 finished at 69.801 total messages 1 total packets 123 RTS 0 total bytes 502578 in_flight now 0 fair_inc 0 prop_inc 16741 fast_inc 0 eta_inc 2980 multi_dec -0 quick_dec -0 nack_dec -8300
Flow Uec_1070_430 flowId 301 uecSrc 300 finished at 69.8184 total messages 1 total packets 123 RTS 0 total bytes 502578 in_flight now 0 fair_inc 0 prop_inc 13190 fast_inc 0 eta_inc 2980 multi_dec -0 quick_dec -0 nack_dec -0
Flow Uec_1005_405 flowId 13 uecSrc 12 finished at 69.8309 total messages 1 total packets 123 RTS 0 total bytes 502578 in_flight now 0 fair_inc 1258 prop_inc 8735 fast_inc 0 eta_inc 2980 multi_dec -0 quick_dec -0 nack_dec -0
Flow Uec_606_70 flowId 242 uecSrc 241 finished at 70.1176 total messages 1 total packets 123 RTS 0 total bytes 502578 in_flight now 0 fair_inc 0 prop_inc 7789 fast_inc 0 eta_inc 2980 multi_dec -0 quick_dec -0 nack_dec -0
Flow Uec_700_128 flowId 389 uecSrc 388 finished at 70.1176 total messages 1 total packets 123 RTS 0 total bytes 502578 in_flight now 0 fair_inc 0 prop_inc 4935 fast_inc 0 eta_inc 2980 multi_dec -0 quick_dec -0 nack_dec -0
Flow Uec_944_363 flowId 59 uecSrc 58 finished at 70.1176 total messages 1 total packets 123 RTS 0 total bytes 502578 in_flight now 0 fair_inc 0 prop_inc 10212 fast_inc 0 eta_inc 2980 multi_dec -0 quick_dec -0 nack_dec -0
Flow Uec_130_688 flowId 230 uecSrc 229 finished at 70.1227 total messages 1 total packets 123 RTS 0 total bytes 502578 in_flight now 0 fair_inc 0 prop_inc 5800 fast_inc 0 eta_inc 2980 multi_dec -0 quick_dec -0 nack_dec -0
Flow Uec_636_78 flowId 29 uecSrc 28 finished at 70.1464 total messages 1 total packets 123 RTS 0 total bytes 502578 in_flight now 0 fair_inc 0 prop_inc 3213 fast_inc 0 eta_inc 2980 multi_dec -0 quick_dec -0 nack_dec -0
Flow Uec_343_855 flowId 82 uecSrc 81 finished at 70.1483 total messages 1 total packets 123 RTS 0 total bytes 502578 in_flight now 0 fair_inc 0 prop_inc 4914 fast_inc 0 eta_inc 2980 multi_dec -0 quick_dec -0 nack_dec -0
Flow Uec_578_1005 flowId 73 uecSrc 72 finished at 70.1586 total messages 1 total packets 123 RTS 0 total bytes 502578 in_flight now 0 fair_inc 0 prop_inc 8911 fast_inc 0 eta_inc 2980 multi_dec -0 quick_dec -0 nack_dec -0
Flow Uec_420_908 flowId 228 uecSrc 227 finished at 70.1629 total messages 1 total packets 123 RTS 0 total bytes 502578 in_flight now 0 fair_inc 0 prop_inc 4575 fast_inc 0 eta_inc 2980 multi_dec -0 quick_dec -0 nack_dec -0
Flow Uec_531_1055 flowId 200 uecSrc 199 finished at 70.4296 total messages 1 total packets 123 RTS 0 total bytes 502578 in_flight now 0 fair_inc 0 prop_inc 7321 fast_inc 0 eta_inc 2980 multi_dec -0 quick_dec -0 nack_dec -0
Flow Uec_889_251 flowId 286 uecSrc 285 finished at 70.4954 total messages 1 total packets 123 RTS 0 total bytes 502578 in_flight now 0 fair_inc 0 prop_inc 3641 fast_inc 0 eta_inc 2980 multi_dec -0 quick_dec -0 nack_dec -0
Flow Uec_941_303 flowId 346 uecSrc 345 finished at 70.5349 total messages 1 total packets 123 RTS 0 total bytes 502578 in_flight now 0 fair_inc 0 prop_inc 9166 fast_inc 0 eta_inc 2980 multi_dec -0 quick_dec -0 nack_dec -0
Flow Uec_341_836 flowId 408 uecSrc 407 finished at 70.7462 total messages 1 total packets 123 RTS 0 total bytes 502578 in_flight now 0 fair_inc 0 prop_inc 8633 fast_inc 0 eta_inc 2980 multi_dec -0 quick_dec -0 nack_dec -0
Flow Uec_19_552 flowId 47 uecSrc 46 finished at 70.7565 total messages 1 total packets 123 RTS 0 total bytes 502578 in_flight now 0 fair_inc 0 prop_inc 11419 fast_inc 0 eta_inc 2980 multi_dec -0 quick_dec -0 nack_dec -0
Flow Uec_971_359 flowId 124 uecSrc 123 finished at 70.7816 total messages 1 total packets 123 RTS 0 total bytes 502578 in_flight now 0 fair_inc 751 prop_inc 6950 fast_inc 0 eta_inc 2980 multi_dec -0 quick_dec -0 nack_dec -0
Flow Uec_843_279 flowId 372 uecSrc 371 finished at 70.7867 total messages 1 total packets 123 RTS 0 total bytes 502578 in_flight now 0 fair_inc 0 prop_inc 8814 fast_inc 0 eta_inc 2980 multi_dec -0 quick_dec -0 nack_dec -0
Flow Uec_515_1050 flowId 493 uecSrc 492 finished at 70.8168 total messages 1 total packets 123 RTS 0 total bytes 502578 in_flight now 0 fair_inc 0 prop_inc 11498 fast_inc 0 eta_inc 2980 multi_dec -0 quick_dec -0 nack_dec -4150
Flow Uec_831_261 flowId 117 uecSrc 116 finished at 70.8338 total messages 1 total packets 123 RTS 0 total bytes 502578 in_flight now 0 fair_inc 0 prop_inc 8149 fast_inc 0 eta_inc 2980 multi_dec -0 quick_dec -0 nack_dec -0
Flow Uec_525_1082 flowId 501 uecSrc 500 finished at 71.0874 total messages 1 total packets 123 RTS 0 total bytes 502578 in_flight now 0 fair_inc 0 prop_inc 9966 fast_inc 0 eta_inc 2980 multi_dec -0 quick_dec -0 nack_dec -0
Flow Uec_369_808 flowId 88 uecSrc 87 finished at 71.1136 total messages 1 total packets 123 RTS 0 total bytes 502578 in_flight now 0 fair_inc 0 prop_inc 6732 fast_inc 0 eta_inc 2980 multi_dec -0 quick_dec -0 nack_dec -0
Flow Uec_747_147 flowId 351 uecSrc 350 finished at 71.1235 total messages 1 total packets 123 RTS 0 total bytes 502578 in_flight now 0 fair_inc 0 prop_inc 5901 fast_inc 0 eta_inc 2980 multi_dec -0 quick_dec -0 nack_dec -0
Flow Uec_468_989 flowId 544 uecSrc 543 finished at 71.1494 total messages 1 total packets 123 RTS 0 total bytes 502578 in_flight now 0 fair_inc 0 prop_inc 5207 fast_inc 0 eta_inc 2980 multi_dec -0 quick_dec -0 nack_dec -8300
Flow Uec_116_628 flowId 108 uecSrc 107 finished at 71.2496 total messages 1 total packets 123 RTS 0 total bytes 502578 in_flight now 0 fair_inc 0 prop_inc 9027 fast_inc 0 eta_inc 2980 multi_dec -0 quick_dec -0 nack_dec -0
Flow Uec_583_1071 flowId 169 uecSrc 168 finished at 71.2846 total messages 1 total packets 123 RTS 0 total bytes 502578 in_flight now 0 fair_inc 142 prop_inc 5814 fast_inc 0 eta_inc 2980 multi_dec -0 quick_dec -0 nack_dec -0
Flow Uec_997_368 flowId 428 uecSrc 427 finished at 71.4456 total messages 1 total packets 123 RTS 0 total bytes 502578 in_flight now 0 fair_inc 0 prop_inc 3871 fast_inc 0 eta_inc 2980 multi_dec -0 quick_dec -0 nack_dec -0
Flow Uec_437_974 flowId 424 uecSrc 423 finished at 71.4661 total messages 1 total packets 123 RTS 0 total bytes 502578 in_flight now 0 fair_inc 0 prop_inc 4598 fast_inc 0 eta_inc 2980 multi_dec -0 quick_dec -0 nack_dec -4150
Flow Uec_529_1069 flowId 32 uecSrc 31 finished at 71.4661 total messages 1 total packets 123 RTS 0 total bytes 502578 in_flight now 0 fair_inc 0 prop_inc 6612 fast_inc 0 eta_inc 2980 multi_dec -0 quick_dec -0 nack_dec -0
Flow Uec_59_536 flowId 339 uecSrc 338 finished at 71.7411 total messages 1 total packets 123 RTS 0 total bytes 502578 in_flight now 0 fair_inc 0 prop_inc 7632 fast_inc 0 eta_inc 2980 multi_dec -0 quick_dec -0 nack_dec -0
Flow Uec_176_633 flowId 292 uecSrc 291 finished at 71.7776 total messages 1 total packets 123 RTS 0 total bytes 502578 in_flight now 0 fair_inc 0 prop_inc 4676 fast_inc 0 eta_inc 2980 multi_dec -0 quick_dec -0 nack_dec -0
Flow Uec_745_196 flowId 196 uecSrc 195 finished at 71.7776 total messages 1 total packets 123 RTS 0 total bytes 502578 in_flight now 0 fair_inc 0 prop_inc 7592 fast_inc 0 eta_inc 2980 multi_dec -0 quick_dec -0 nack_dec -0
Flow Uec_867_205 flowId 367 uecSrc 366 finished at 71.7776 total messages 1 total packets 123 RTS 0 total bytes 502578 in_flight now 0 fair_inc 2238 prop_inc 5955 fast_inc 0 eta_inc 2980 multi_dec -0 quick_dec -0 nack_dec -0
Flow Uec_799_103 flowId 216 uecSrc 215 finished at 71.8229 total messages 1 total packets 123 RTS 0 total bytes 502578 in_flight now 0 fair_inc 0 prop_inc 4897 fast_inc 0 eta_inc 2980 multi_dec -0 quick_dec -0 nack_dec -0
Flow Uec_481_922 flowId 180 uecSrc 179 finished at 71.8237 total messages 1 total packets 123 RTS 0 total bytes 502578 in_flight now 0 fair_inc 0 prop_inc 9173 fast_inc 0 eta_inc 2980 multi_dec -0 quick_dec -0 nack_dec -0
Flow Uec_335_843 flowId 80 uecSrc 79 finished at 72.0731 total messages 1 total packets 123 RTS 0 total bytes 502578 in_flight now 0 fair_inc 0 prop_inc 9637 fast_inc 0 eta_inc 2980 multi_dec -0 quick_dec -0 nack_dec -0
Flow Uec_783_188 flowId 227 uecSrc 226 finished at 72.1096 total messages 1 total packets 123 RTS 0 total bytes 502578 in_flight now 0 fair_inc 376 prop_inc 5384 fast_inc 0 eta_inc 2980 multi_dec -0 quick_dec -0 nack_dec -0
Flow Uec_436_933 flowId 368 uecSrc 367 finished at 72.1518 total messages 1 total packets 123 RTS 0 total bytes 502578 in_flight now 0 fair_inc 0 prop_inc 5419 fast_inc 0 eta_inc 2980 multi_dec -0 quick_dec -0 nack_dec -0
Flow Uec_593_1018 flowId 122 uecSrc 121 finished at 72.4467 total messages 1 total packets 123 RTS 0 total bytes 502578 in_flight now 0 fair_inc 0 prop_inc 3588 fast_inc 0 eta_inc 2980 multi_dec -0 quick_dec -0 nack_dec -0
Flow Uec_793_113 flowId 190 uecSrc 189 finished at 72.4869 total messages 1 total packets 123 RTS 0 total bytes 502578 in_flight now 0 fair_inc 0 prop_inc 9886 fast_inc 0 eta_inc 2980 multi_dec -0 quick_dec -0 nack_dec -0
Flow Uec_471_904 flowId 279 uecSrc 278 finished at 72.5123 total messages 1 total packets 123 RTS 0 total bytes 502578 in_flight now 0 fair_inc 0 prop_inc 9249 fast_inc 0 eta_inc 2980 multi_dec -0 quick_dec -0 nack_dec -0
Flow Uec_686_15 flowId 167 uecSrc 166 finished at 72.5816 total messages 1 total packets 123 RTS 0 total bytes 502578 in_flight now 0 fair_inc 0 prop_inc 7325 fast_inc 0 eta_inc 2980 multi_dec -0 quick_dec -0 nack_dec -0
Flow Uec_703_198 flowId 61 uecSrc 60 finished at 72.6931 total messages 1 total packets 123 RTS 0 total bytes 502578 in_flight now 0 fair_inc 0 prop_inc 4904 fast_inc 0 eta_inc 2980 multi_dec -0 quick_dec -0 nack_dec -0
Flow Uec_174_696 flowId 205 uecSrc 204 finished at 72.7091 total messages 1 total packets 123 RTS 0 total bytes 502578 in_flight now 0 fair_inc 0 prop_inc 7677 fast_inc 0 eta_inc 2980 multi_dec -0 quick_dec -0 nack_dec -0
Flow Uec_400_966 flowId 79 uecSrc 78 finished at 72.7941 total messages 1 total packets 123 RTS 0 total bytes 502578 in_flight now 0 fair_inc 0 prop_inc 5202 fast_inc 0 eta_inc 3576 multi_dec -0 quick_dec -0 nack_dec -0
Flow Uec_308_818 flowId 224 uecSrc 223 finished at 72.7971 total messages 1 total packets 123 RTS 0 total bytes 502578 in_flight now 0 fair_inc 0 prop_inc 6911 fast_inc 0 eta_inc 2980 multi_dec -0 quick_dec -0 nack_dec -0
Flow Uec_493_991 flowId 490 uecSrc 489 finished at 72.8994 total messages 1 total packets 123 RTS 0 total bytes 502578 in_flight now 0 fair_inc 0 prop_inc 4088 fast_inc 0 eta_inc 2980 multi_dec -0 quick_dec -0 nack_dec -0
Flow Uec_1010_417 flowId 128 uecSrc 127 finished at 73.0602 total messages 1 total packets 123 RTS 0 total bytes 502578 in_flight now 0 fair_inc 0 prop_inc 6823 fast_inc 0 eta_inc 3576 multi_dec -0 quick_dec -0 nack_dec -0
Flow Uec_611_40 flowId 468 uecSrc 467 finished at 73.0794 total messages 1 total packets 123 RTS 0 total bytes 502578 in_flight now 0 fair_inc 2982 prop_inc 7376 fast_inc 0 eta_inc 2980 multi_dec -0 quick_dec -0 nack_dec -0
Flow Uec_696_95 flowId 206 uecSrc 205 finished at 73.1056 total messages 1 total packets 123 RTS 0 total bytes 502578 in_flight now 0 fair_inc 0 prop_inc 10034 fast_inc 0 eta_inc 2980 multi_dec -0 quick_dec -0 nack_dec -0
Flow Uec_465_907 flowId 335 uecSrc 334 finished at 73.1998 total messages 1 total packets 123 RTS 0 total bytes 502578 in_flight now 0 fair_inc 0 prop_inc 6565 fast_inc 0 eta_inc 2980 multi_dec -0 quick_dec -0 nack_dec -0
Flow Uec_875_289 flowId 417 uecSrc 416 finished at 73.4278 total messages 1 total packets 123 RTS 0 total bytes 502578 in_flight now 0 fair_inc 0 prop_inc 8565 fast_inc 0 eta_inc 2980 multi_dec -0 quick_dec -0 nack_dec -0
Flow Uec_965_306 flowId 356 uecSrc 355 finished at 73.433 total messages 1 total packets 123 RTS 0 total bytes 502578 in_flight now 0 fair_inc 0 prop_inc 6560 fast_inc 0 eta_inc 2980 multi_dec -0 quick_dec -0 nack_dec -0
Flow Uec_519_1081 flowId 20 uecSrc 19 finished at 73.4518 total messages 1 total packets 123 RTS 0 total bytes 502578 in_flight now 0 fair_inc 0 prop_inc 7685 fast_inc 0 eta_inc 3576 multi_dec -0 quick_dec -0 nack_dec -0
Flow Uec_2_545 flowId 293 uecSrc 292 finished at 73.4829 total messages 1 total packets 123 RTS 0 total bytes 502578 in_flight now 0 fair_inc 0 prop_inc 7549 fast_inc 0 eta_inc 2980 multi_dec -669 quick_dec -0 nack_dec -0
Flow Uec_300_801 flowId 238 uecSrc 237 finished at 73.7747 total messages 1 total packets 123 RTS 0 total bytes 502578 in_flight now 0 fair_inc 0 prop_inc 6529 fast_inc 0 eta_inc 3576 multi_dec -0 quick_dec -0 nack_dec -0
Flow Uec_37_544 flowId 344 uecSrc 343 finished at 73.7747 total messages 1 total packets 123 RTS 0 total bytes 502578 in_flight now 0 fair_inc 0 prop_inc 1974 fast_inc 0 eta_inc 2980 multi_dec -1774 quick_dec -0 nack_dec -0
Flow Uec_487_905 flowId 482 uecSrc 481 finished at 73.8651 total messages 1 total packets 123 RTS 0 total bytes 502578 in_flight now 0 fair_inc 2247 prop_inc 3481 fast_inc 0 eta_inc 3576 multi_dec -0 quick_dec -0 nack_dec -0
Flow Uec_1047_478 flowId 145 uecSrc 144 finished at 73.8954 total messages 1 total packets 123 RTS 0 total bytes 502578 in_flight now 0 fair_inc 4474 prop_inc 5006 fast_inc 0 eta_inc 3576 multi_dec -0 quick_dec -0 nack_dec -0
Flow Uec_389_880 flowId 508 uecSrc 507 finished at 73.8954 total messages 1 total packets 123 RTS 0 total bytes 502578 in_flight now 0 fair_inc 3124 prop_inc 3644 fast_inc 0 eta_inc 3576 multi_dec -0 quick_dec -0 nack_dec -0
Flow Uec_753_153 flowId 201 uecSrc 200 finished at 73.9907 total messages 1 total packets 123 RTS 0 total bytes 502578 in_flight now 0 fair_inc 0 prop_inc 7941 fast_inc 0 eta_inc 2980 multi_dec -0 quick_dec -0 nack_dec -0
Flow Uec_105_659 flowId 78 uecSrc 77 finished at 74.0754 total messages 1 total packets 123 RTS 0 total bytes 502578 in_flight now 0 fair_inc 1874 prop_inc 2806 fast_inc 0 eta_inc 3576 multi_dec -274 quick_dec -0 nack_dec -0
Flow Uec_168_669 flowId 120 uecSrc 119 finished at 74.1016 total messages 1 total packets 123 RTS 0 total bytes 502578 in_flight now 0 fair_inc 1124 prop_inc 3150 fast_inc 0 eta_inc 3576 multi_dec -0 quick_dec -0 nack_dec -0
Flow Uec_928_348 flowId 473 uecSrc 472 finished at 74.1118 total messages 1 total packets 123 RTS 0 total bytes 502578 in_flight now 0 fair_inc 1496 prop_inc 5609 fast_inc 0 eta_inc 3576 multi_dec -0 quick_dec -0 nack_dec -0
Flow Uec_922_390 flowId 494 uecSrc 493 finished at 74.1272 total messages 1 total packets 123 RTS 0 total bytes 502578 in_flight now 0 fair_inc 0 prop_inc 2798 fast_inc 0 eta_inc 3576 multi_dec -0 quick_dec -0 nack_dec -0
Flow Uec_645_51 flowId 329 uecSrc 328 finished at 74.1886 total messages 1 total packets 123 RTS 0 total bytes 502578 in_flight now 0 fair_inc 0 prop_inc 6749 fast_inc 0 eta_inc 2980 multi_dec -1878 quick_dec -0 nack_dec -0
Flow Uec_929_324 flowId 489 uecSrc 488 finished at 74.2274 total messages 1 total packets 123 RTS 0 total bytes 502578 in_flight now 0 fair_inc 0 prop_inc 6493 fast_inc 0 eta_inc 3576 multi_dec -0 quick_dec -0 nack_dec -0
Flow Uec_492_900 flowId 155 uecSrc 154 finished at 74.2325 total messages 1 total packets 123 RTS 0 total bytes 502578 in_flight now 0 fair_inc 0 prop_inc 3973 fast_inc 0 eta_inc 3576 multi_dec -0 quick_dec -0 nack_dec -0
Flow Uec_166_666 flowId 208 uecSrc 207 finished at 74.2982 total messages 1 total packets 123 RTS 0 total bytes 502578 in_flight now 0 fair_inc 376 prop_inc 4692 fast_inc 0 eta_inc 3576 multi_dec -366 quick_dec -0 nack_dec -0
Flow Uec_1093_426 flowId 8 uecSrc 7 finished at 74.4336 total messages 1 total packets 123 RTS 0 total bytes 502578 in_flight now 0 fair_inc 1501 prop_inc 2988 fast_inc 0 eta_inc 3576 multi_dec -633 quick_dec -0 nack_dec -0
Flow Uec_189_664 flowId 480 uecSrc 479 finished at 74.4336 total messages 1 total packets 123 RTS 0 total bytes 502578 in_flight now 0 fair_inc 2243 prop_inc 4901 fast_inc 0 eta_inc 3576 multi_dec -0 quick_dec -0 nack_dec -0
Flow Uec_628_46 flowId 481 uecSrc 480 finished at 74.4336 total messages 1 total packets 123 RTS 0 total bytes 502578 in_flight now 0 fair_inc 0 prop_inc 3032 fast_inc 0 eta_inc 2980 multi_dec -0 quick_dec -0 nack_dec -0
Flow Uec_659_2 flowId 443 uecSrc 442 finished at 74.4861 total messages 1 total packets 123 RTS 0 total bytes 502578 in_flight now 0 fair_inc 0 prop_inc 5589 fast_inc 0 eta_inc 3576 multi_dec -0 quick_dec -0 nack_dec -0
Flow Uec_203_711 flowId 433 uecSrc 432 finished at 74.7758 total messages 1 total packets 123 RTS 0 total bytes 502578 in_flight now 0 fair_inc 0 prop_inc 6052 fast_inc 0 eta_inc 3576 multi_dec -0 quick_dec -0 nack_dec -0
Flow Uec_454_944 flowId 150 uecSrc 149 finished at 74.9366 total messages 1 total packets 123 RTS 0 total bytes 502578 in_flight now 0 fair_inc 0 prop_inc 8450 fast_inc 0 eta_inc 2980 multi_dec -0 quick_dec -0 nack_dec -0
Flow Uec_448_962 flowId 181 uecSrc 180 finished at 74.9418 total messages 1 total packets 123 RTS 0 total bytes 502578 in_flight now 0 fair_inc 0 prop_inc 10016 fast_inc 0 eta_inc 2980 multi_dec -0 quick_dec -0 nack_dec -0
Flow Uec_271_788 flowId 186 uecSrc 185 finished at 75.0376 total messages 1 total packets 123 RTS 0 total bytes 502578 in_flight now 0 fair_inc 1491 prop_inc 5543 fast_inc 0 eta_inc 3576 multi_dec -0 quick_dec -0 nack_dec -0
Flow Uec_258_736 flowId 445 uecSrc 444 finished at 75.0976 total messages 1 total packets 123 RTS 0 total bytes 502578 in_flight now 0 fair_inc 0 prop_inc 7667 fast_inc 0 eta_inc 2980 multi_dec -0 quick_dec -0 nack_dec -0
Flow Uec_818_290 flowId 382 uecSrc 381 finished at 75.113 total messages 1 total packets 123 RTS 0 total bytes 502578 in_flight now 0 fair_inc 0 prop_inc 6272 fast_inc 0 eta_inc 3576 multi_dec -1803 quick_dec -0 nack_dec -0
Flow Uec_25_567 flowId 144 uecSrc 143 finished at 75.1971 total messages 1 total packets 123 RTS 0 total bytes 502578 in_flight now 0 fair_inc 0 prop_inc 2550 fast_inc 0 eta_inc 3576 multi_dec -0 quick_dec -0 nack_dec -0
Flow Uec_490_918 flowId 151 uecSrc 150 finished at 75.2576 total messages 1 total packets 123 RTS 0 total bytes 502578 in_flight now 0 fair_inc 0 prop_inc 1332 fast_inc 0 eta_inc 3576 multi_dec -483 quick_dec -0 nack_dec -0
Flow Uec_980_321 flowId 426 uecSrc 425 finished at 75.2696 total messages 1 total packets 123 RTS 0 total bytes 502578 in_flight now 0 fair_inc 2243 prop_inc 6470 fast_inc 0 eta_inc 3576 multi_dec -0 quick_dec -0 nack_dec -0
Flow Uec_677_96 flowId 187 uecSrc 186 finished at 75.2986 total messages 1 total packets 123 RTS 0 total bytes 502578 in_flight now 0 fair_inc 0 prop_inc 344 fast_inc 0 eta_inc 3576 multi_dec -0 quick_dec -0 nack_dec -0
Flow Uec_769_146 flowId 333 uecSrc 332 finished at 75.3066 total messages 1 total packets 123 RTS 0 total bytes 502578 in_flight now 0 fair_inc 0 prop_inc 5193 fast_inc 0 eta_inc 3576 multi_dec -0 quick_dec -0 nack_dec -0
Flow Uec_739_190 flowId 488 uecSrc 487 finished at 75.3491 total messages 1 total packets 123 RTS 0 total bytes 502578 in_flight now 0 fair_inc 1496 prop_inc 4213 fast_inc 0 eta_inc 3576 multi_dec -0 quick_dec -0 nack_dec -0
Flow Uec_294_741 flowId 263 uecSrc 262 finished at 75.4296 total messages 1 total packets 123 RTS 0 total bytes 502578 in_flight now 0 fair_inc 0 prop_inc 4044 fast_inc 0 eta_inc 3576 multi_dec -0 quick_dec -0 nack_dec -0
Flow Uec_520_1067 flowId 91 uecSrc 90 finished at 75.4347 total messages 1 total packets 123 RTS 0 total bytes 502578 in_flight now 0 fair_inc 2252 prop_inc 1704 fast_inc 0 eta_inc 3576 multi_dec -1469 quick_dec -0 nack_dec -0
Flow Uec_1022_488 flowId 425 uecSrc 424 finished at 75.5605 total messages 1 total packets 123 RTS 0 total bytes 502578 in_flight now 0 fair_inc 0 prop_inc 7526 fast_inc 0 eta_inc 2980 multi_dec -95 quick_dec -0 nack_dec -0
Flow Uec_91_574 flowId 264 uecSrc 263 finished at 75.5874 total messages 1 total packets 123 RTS 0 total bytes 502578 in_flight now 0 fair_inc 0 prop_inc 6317 fast_inc 0 eta_inc 3576 multi_dec -1373 quick_dec -0 nack_dec -0
Flow Uec_1029_471 flowId 436 uecSrc 435 finished at 75.7262 total messages 1 total packets 123 RTS 0 total bytes 502578 in_flight now 0 fair_inc 2620 prop_inc 5483 fast_inc 0 eta_inc 3576 multi_dec -0 quick_dec -0 nack_dec -0
Flow Uec_89_594 flowId 36 uecSrc 35 finished at 75.8874 total messages 1 total packets 123 RTS 0 total bytes 502578 in_flight now 0 fair_inc 0 prop_inc 4773 fast_inc 0 eta_inc 3576 multi_dec -1485 quick_dec -0 nack_dec -0
Flow Uec_175_619 flowId 402 uecSrc 401 finished at 76.0582 total messages 1 total packets 123 RTS 0 total bytes 502578 in_flight now 0 fair_inc 0 prop_inc 6076 fast_inc 0 eta_inc 3576 multi_dec -0 quick_dec -0 nack_dec -0
Flow Uec_409_919 flowId 271 uecSrc 270 finished at 76.1389 total messages 1 total packets 123 RTS 0 total bytes 502578 in_flight now 0 fair_inc 0 prop_inc 4192 fast_inc 0 eta_inc 3576 multi_dec -722 quick_dec -0 nack_dec -0
Flow Uec_825_216 flowId 287 uecSrc 286 finished at 76.2194 total messages 1 total packets 123 RTS 0 total bytes 502578 in_flight now 0 fair_inc 3361 prop_inc 4024 fast_inc 0 eta_inc 3576 multi_dec -0 quick_dec -0 nack_dec -0
Flow Uec_622_16 flowId 113 uecSrc 112 finished at 76.2296 total messages 1 total packets 123 RTS 0 total bytes 502578 in_flight now 0 fair_inc 0 prop_inc 4298 fast_inc 0 eta_inc 3576 multi_dec -0 quick_dec -0 nack_dec -0
Flow Uec_224_747 flowId 258 uecSrc 257 finished at 76.2707 total messages 1 total packets 123 RTS 0 total bytes 502578 in_flight now 0 fair_inc 2008 prop_inc 4606 fast_inc 0 eta_inc 2980 multi_dec -0 quick_dec -0 nack_dec -0
Flow Uec_567_1023 flowId 415 uecSrc 414 finished at 76.3554 total messages 1 total packets 123 RTS 0 total bytes 502578 in_flight now 0 fair_inc 1875 prop_inc 5420 fast_inc 0 eta_inc 3576 multi_dec -0 quick_dec -0 nack_dec -0
Flow Uec_238_798 flowId 459 uecSrc 458 finished at 76.4256 total messages 1 total packets 123 RTS 0 total bytes 502578 in_flight now 0 fair_inc 4474 prop_inc 3236 fast_inc 0 eta_inc 3576 multi_dec -49 quick_dec -0 nack_dec -0
Flow Uec_768_191 flowId 57 uecSrc 56 finished at 76.4403 total messages 1 total packets 123 RTS 0 total bytes 502578 in_flight now 0 fair_inc 1124 prop_inc 4751 fast_inc 0 eta_inc 3576 multi_dec -0 quick_dec -0 nack_dec -0
Flow Uec_447_981 flowId 303 uecSrc 302 finished at 76.4512 total messages 1 total packets 123 RTS 0 total bytes 502578 in_flight now 0 fair_inc 0 prop_inc 2787 fast_inc 0 eta_inc 3576 multi_dec -782 quick_dec -0 nack_dec -0
Flow Uec_63_554 flowId 243 uecSrc 242 finished at 76.4709 total messages 1 total packets 123 RTS 0 total bytes 502578 in_flight now 0 fair_inc 0 prop_inc 6022 fast_inc 0 eta_inc 3576 multi_dec -1262 quick_dec -0 nack_dec -0
Flow Uec_1048_412 flowId 259 uecSrc 258 finished at 76.5518 total messages 1 total packets 123 RTS 0 total bytes 502578 in_flight now 0 fair_inc 3364 prop_inc 3561 fast_inc 0 eta_inc 3576 multi_dec -0 quick_dec -0 nack_dec -0
Flow Uec_240_760 flowId 96 uecSrc 95 finished at 76.7107 total messages 1 total packets 123 RTS 0 total bytes 502578 in_flight now 0 fair_inc 0 prop_inc 3372 fast_inc 0 eta_inc 3576 multi_dec -25 quick_dec -0 nack_dec -0
Flow Uec_47_527 flowId 510 uecSrc 509 finished at 76.7171 total messages 1 total packets 123 RTS 0 total bytes 502578 in_flight now 0 fair_inc 0 prop_inc 5804 fast_inc 0 eta_inc 3576 multi_dec -0 quick_dec -0 nack_dec -0
Flow Uec_840_201 flowId 320 uecSrc 319 finished at 76.7576 total messages 1 total packets 123 RTS 0 total bytes 502578 in_flight now 0 fair_inc 0 prop_inc 5188 fast_inc 0 eta_inc 3576 multi_dec -1931 quick_dec -0 nack_dec -0
Flow Uec_1081_486 flowId 514 uecSrc 513 finished at 76.773 total messages 1 total packets 123 RTS 0 total bytes 502578 in_flight now 0 fair_inc 0 prop_inc 5949 fast_inc 0 eta_inc 3576 multi_dec -0 quick_dec -0 nack_dec -0
Flow Uec_1002_483 flowId 84 uecSrc 83 finished at 77.0896 total messages 1 total packets 123 RTS 0 total bytes 502578 in_flight now 0 fair_inc 376 prop_inc 3625 fast_inc 0 eta_inc 3576 multi_dec -0 quick_dec -0 nack_dec -0
Flow Uec_581_1090 flowId 46 uecSrc 45 finished at 77.0896 total messages 1 total packets 123 RTS 0 total bytes 502578 in_flight now 0 fair_inc 0 prop_inc 5195 fast_inc 0 eta_inc 2980 multi_dec -1997 quick_dec -0 nack_dec -0
Flow Uec_6_500 flowId 28 uecSrc 27 finished at 77.2096 total messages 1 total packets 123 RTS 0 total bytes 502578 in_flight now 0 fair_inc 0 prop_inc 5228 fast_inc 0 eta_inc 3576 multi_dec -527 quick_dec -0 nack_dec -0
Flow Uec_418_921 flowId 229 uecSrc 228 finished at 77.2205 total messages 1 total packets 123 RTS 0 total bytes 502578 in_flight now 0 fair_inc 142 prop_inc 3179 fast_inc 0 eta_inc 3576 multi_dec -0 quick_dec -0 nack_dec -0
Flow Uec_195_648 flowId 269 uecSrc 268 finished at 77.4894 total messages 1 total packets 123 RTS 0 total bytes 502578 in_flight now 0 fair_inc 0 prop_inc 2748 fast_inc 0 eta_inc 3576 multi_dec -1755 quick_dec -0 nack_dec -0
Flow Uec_834_227 flowId 244 uecSrc 243 finished at 77.5147 total messages 1 total packets 123 RTS 0 total bytes 502578 in_flight now 0 fair_inc 0 prop_inc 2491 fast_inc 0 eta_inc 3576 multi_dec -1413 quick_dec -0 nack_dec -0
Flow Uec_1046_450 flowId 354 uecSrc 353 finished at 77.5262 total messages 1 total packets 123 RTS 0 total bytes 502578 in_flight now 0 fair_inc 0 prop_inc 3836 fast_inc 0 eta_inc 3576 multi_dec -133 quick_dec -0 nack_dec -0
Flow Uec_366_811 flowId 222 uecSrc 221 finished at 77.5525 total messages 1 total packets 123 RTS 0 total bytes 502578 in_flight now 0 fair_inc 1125 prop_inc 3190 fast_inc 0 eta_inc 2980 multi_dec -0 quick_dec -0 nack_dec -0
Flow Uec_440_945 flowId 261 uecSrc 260 finished at 77.5678 total messages 1 total packets 123 RTS 0 total bytes 502578 in_flight now 0 fair_inc 2241 prop_inc 3977 fast_inc 0 eta_inc 3576 multi_dec -0 quick_dec -0 nack_dec -0
Flow Uec_775_119 flowId 104 uecSrc 103 finished at 77.7107 total messages 1 total packets 123 RTS 0 total bytes 502578 in_flight now 0 fair_inc 0 prop_inc 4619 fast_inc 0 eta_inc 3576 multi_dec -980 quick_dec -0 nack_dec -0
Flow Uec_111_650 flowId 345 uecSrc 344 finished at 77.7131 total messages 1 total packets 123 RTS 0 total bytes 502578 in_flight now 0 fair_inc 0 prop_inc 5891 fast_inc 0 eta_inc 3576 multi_dec -388 quick_dec -0 nack_dec -0
Flow Uec_154_682 flowId 171 uecSrc 170 finished at 77.7576 total messages 1 total packets 123 RTS 0 total bytes 502578 in_flight now 0 fair_inc 0 prop_inc 2721 fast_inc 0 eta_inc 3576 multi_dec -895 quick_dec -0 nack_dec -0
Flow Uec_473_938 flowId 136 uecSrc 135 finished at 77.8096 total messages 1 total packets 123 RTS 0 total bytes 502578 in_flight now 0 fair_inc 751 prop_inc 3396 fast_inc 0 eta_inc 3576 multi_dec -0 quick_dec -0 nack_dec -0
Flow Uec_485_911 flowId 72 uecSrc 71 finished at 77.8896 total messages 1 total packets 123 RTS 0 total bytes 502578 in_flight now 0 fair_inc 0 prop_inc 7994 fast_inc 0 eta_inc 2980 multi_dec -127 quick_dec -0 nack_dec -0
Flow Uec_222_752 flowId 419 uecSrc 418 finished at 77.9246 total messages 1 total packets 123 RTS 0 total bytes 502578 in_flight now 0 fair_inc 0 prop_inc 3376 fast_inc 0 eta_inc 3576 multi_dec -1413 quick_dec -0 nack_dec -0
Flow Uec_114_612 flowId 407 uecSrc 406 finished at 78.5434 total messages 1 total packets 123 RTS 0 total bytes 502578 in_flight now 0 fair_inc 0 prop_inc 3441 fast_inc 0 eta_inc 3576 multi_dec -0 quick_dec -0 nack_dec -0
Flow Uec_253_797 flowId 66 uecSrc 65 finished at 78.5614 total messages 1 total packets 123 RTS 0 total bytes 502578 in_flight now 0 fair_inc 0 prop_inc 4502 fast_inc 0 eta_inc 3576 multi_dec -0 quick_dec -0 nack_dec -0
Flow Uec_429_958 flowId 538 uecSrc 537 finished at 78.8754 total messages 1 total packets 123 RTS 0 total bytes 502578 in_flight now 0 fair_inc 0 prop_inc 1783 fast_inc 0 eta_inc 3576 multi_dec -1587 quick_dec -0 nack_dec -0
Flow Uec_882_277 flowId 15 uecSrc 14 finished at 79.1314 total messages 1 total packets 123 RTS 0 total bytes 502578 in_flight now 0 fair_inc 2389 prop_inc 3217 fast_inc 0 eta_inc 3576 multi_dec -1258 quick_dec -0 nack_dec -0
Flow Uec_984_386 flowId 202 uecSrc 201 finished at 79.5458 total messages 1 total packets 123 RTS 0 total bytes 502578 in_flight now 0 fair_inc 1872 prop_inc 2053 fast_inc 0 eta_inc 3576 multi_dec -0 quick_dec -0 nack_dec -0
Flow Uec_989_323 flowId 534 uecSrc 533 finished at 79.7496 total messages 1 total packets 123 RTS 0 total bytes 502578 in_flight now 0 fair_inc 376 prop_inc 1507 fast_inc 0 eta_inc 3576 multi_dec -0 quick_dec -0 nack_dec -0
Flow Uec_1059_479 flowId 410 uecSrc 409 finished at 79.8765 total messages 1 total packets 123 RTS 0 total bytes 502578 in_flight now 0 fair_inc 1268 prop_inc 2326 fast_inc 0 eta_inc 3576 multi_dec -871 quick_dec -0 nack_dec -0
Flow Uec_758_144 flowId 22 uecSrc 21 finished at 80.023 total messages 1 total packets 123 RTS 0 total bytes 502578 in_flight now 0 fair_inc 3339 prop_inc 2790 fast_inc 0 eta_inc 3576 multi_dec -0 quick_dec -0 nack_dec -0
Flow Uec_107_632 flowId 268 uecSrc 267 finished at 80.2034 total messages 1 total packets 123 RTS 0 total bytes 502578 in_flight now 0 fair_inc 2237 prop_inc 2989 fast_inc 0 eta_inc 2980 multi_dec -0 quick_dec -0 nack_dec -0
Flow Uec_477_980 flowId 183 uecSrc 182 finished at 80.2901 total messages 1 total packets 123 RTS 0 total bytes 502578 in_flight now 0 fair_inc 0 prop_inc 3252 fast_inc 0 eta_inc 3576 multi_dec -0 quick_dec -0 nack_dec -0
Flow Uec_610_20 flowId 93 uecSrc 92 finished at 80.5394 total messages 1 total packets 123 RTS 0 total bytes 502578 in_flight now 0 fair_inc 0 prop_inc 643 fast_inc 0 eta_inc 3576 multi_dec -495 quick_dec -0 nack_dec -0
Flow Uec_621_5 flowId 185 uecSrc 184 finished at 80.5496 total messages 1 total packets 123 RTS 0 total bytes 502578 in_flight now 0 fair_inc 1500 prop_inc 1870 fast_inc 0 eta_inc 3576 multi_dec -1383 quick_dec -0 nack_dec -0
Flow Uec_756_108 flowId 541 uecSrc 540 finished at 80.687 total messages 1 total packets 123 RTS 0 total bytes 502578 in_flight now 0 fair_inc 2995 prop_inc 1457 fast_inc 0 eta_inc 3576 multi_dec -0 quick_dec -0 nack_dec -0
Flow Uec_264_759 flowId 68 uecSrc 67 finished at 80.7595 total messages 1 total packets 123 RTS 0 total bytes 502578 in_flight now 0 fair_inc 750 prop_inc 370 fast_inc 0 eta_inc 3576 multi_dec -1111 quick_dec -0 nack_dec -0
Flow Uec_556_1077 flowId 374 uecSrc 373 finished at 80.791 total messages 1 total packets 123 RTS 0 total bytes 502578 in_flight now 0 fair_inc 2832 prop_inc 0 fast_inc 0 eta_inc 3576 multi_dec -796 quick_dec -0 nack_dec -8300
Flow Uec_1066_432 flowId 321 uecSrc 320 finished at 80.8714 total messages 1 total packets 123 RTS 0 total bytes 502578 in_flight now 0 fair_inc 0 prop_inc 658 fast_inc 0 eta_inc 3576 multi_dec -0 quick_dec -0 nack_dec -0
Flow Uec_674_39 flowId 520 uecSrc 519 finished at 81.0176 total messages 1 total packets 123 RTS 0 total bytes 502578 in_flight now 0 fair_inc 4112 prop_inc 1695 fast_inc 0 eta_inc 3576 multi_dec -1201 quick_dec -0 nack_dec -0
Flow Uec_361_810 flowId 110 uecSrc 109 finished at 81.075 total messages 1 total packets 123 RTS 0 total bytes 502578 in_flight now 0 fair_inc 1507 prop_inc 1708 fast_inc 0 eta_inc 3576 multi_dec -932 quick_dec -0 nack_dec -4150
Flow Uec_631_60 flowId 83 uecSrc 82 finished at 81.2085 total messages 1 total packets 123 RTS 0 total bytes 502578 in_flight now 0 fair_inc 378 prop_inc 1430 fast_inc 0 eta_inc 3576 multi_dec -1385 quick_dec -0 nack_dec -0
Flow Uec_670_77 flowId 509 uecSrc 508 finished at 82.0291 total messages 1 total packets 123 RTS 0 total bytes 502578 in_flight now 0 fair_inc 2606 prop_inc 0 fast_inc 0 eta_inc 3576 multi_dec -0 quick_dec -0 nack_dec -0
Flow Uec_351_888 flowId 377 uecSrc 376 finished at 82.1848 total messages 1 total packets 123 RTS 0 total bytes 502578 in_flight now 0 fair_inc 0 prop_inc 531 fast_inc 0 eta_inc 3576 multi_dec -15824 quick_dec -0 nack_dec -0
Flow Uec_82_587 flowId 466 uecSrc 465 finished at 82.3867 total messages 1 total packets 123 RTS 0 total bytes 502578 in_flight now 0 fair_inc 751 prop_inc 265 fast_inc 0 eta_inc 3576 multi_dec -1655 quick_dec -0 nack_dec -0
Flow Uec_693_94 flowId 500 uecSrc 499 finished at 82.5998 total messages 1 total packets 123 RTS 0 total bytes 502578 in_flight now 0 fair_inc 764 prop_inc 2088 fast_inc 0 eta_inc 3576 multi_dec -3959 quick_dec -0 nack_dec -0
Flow Uec_388_873 flowId 63 uecSrc 62 finished at 82.661 total messages 1 total packets 123 RTS 0 total bytes 502578 in_flight now 0 fair_inc 751 prop_inc 237 fast_inc 0 eta_inc 3576 multi_dec -2028 quick_dec -0 nack_dec -0
Flow Uec_539_1070 flowId 300 uecSrc 299 finished at 82.9685 total messages 1 total packets 123 RTS 0 total bytes 502578 in_flight now 0 fair_inc 0 prop_inc 1454 fast_inc 0 eta_inc 3576 multi_dec -975 quick_dec -0 nack_dec -0
Flow Uec_45_598 flowId 143 uecSrc 142 finished at 83.1914 total messages 1 total packets 123 RTS 0 total bytes 502578 in_flight now 0 fair_inc 1646 prop_inc 1942 fast_inc 0 eta_inc 3576 multi_dec -436 quick_dec -0 nack_dec -0
Flow Uec_914_376 flowId 341 uecSrc 340 finished at 83.1914 total messages 1 total packets 123 RTS 0 total bytes 502578 in_flight now 0 fair_inc 376 prop_inc 5249 fast_inc 0 eta_inc 3576 multi_dec -1398 quick_dec -0 nack_dec -0
Flow Uec_976_362 flowId 130 uecSrc 129 finished at 83.3702 total messages 1 total packets 123 RTS 0 total bytes 502578 in_flight now 0 fair_inc 0 prop_inc 656 fast_inc 0 eta_inc 3576 multi_dec -47441 quick_dec -0 nack_dec -0
Flow Uec_532_1062 flowId 539 uecSrc 538 finished at 83.529 total messages 1 total packets 123 RTS 0 total bytes 502578 in_flight now 0 fair_inc 0 prop_inc 1447 fast_inc 0 eta_inc 3576 multi_dec -29150 quick_dec -0 nack_dec -0
Flow Uec_993_393 flowId 142 uecSrc 141 finished at 83.7296 total messages 1 total packets 123 RTS 0 total bytes 502578 in_flight now 0 fair_inc 376 prop_inc 5093 fast_inc 0 eta_inc 3576 multi_dec -5242 quick_dec -0 nack_dec -0
Flow Uec_954_369 flowId 453 uecSrc 452 finished at 83.7794 total messages 1 total packets 123 RTS 0 total bytes 502578 in_flight now 0 fair_inc 1501 prop_inc 2051 fast_inc 0 eta_inc 3576 multi_dec -157 quick_dec -0 nack_dec -0
Flow Uec_11_539 flowId 207 uecSrc 206 finished at 83.8554 total messages 1 total packets 123 RTS 0 total bytes 502578 in_flight now 0 fair_inc 0 prop_inc 994 fast_inc 0 eta_inc 3576 multi_dec -52275 quick_dec -0 nack_dec -0
Flow Uec_787_180 flowId 75 uecSrc 74 finished at 83.8554 total messages 1 total packets 123 RTS 0 total bytes 502578 in_flight now 0 fair_inc 1268 prop_inc 3732 fast_inc 0 eta_inc 3576 multi_dec -2093 quick_dec -0 nack_dec -0
Flow Uec_84_529 flowId 446 uecSrc 445 finished at 83.8554 total messages 1 total packets 123 RTS 0 total bytes 502578 in_flight now 0 fair_inc 380 prop_inc 1815 fast_inc 0 eta_inc 3576 multi_dec -47511 quick_dec -0 nack_dec -0
Flow Uec_470_965 flowId 240 uecSrc 239 finished at 83.8605 total messages 1 total packets 123 RTS 0 total bytes 502578 in_flight now 0 fair_inc 1892 prop_inc 1746 fast_inc 0 eta_inc 3576 multi_dec -2643 quick_dec -0 nack_dec -0
Flow Uec_863_228 flowId 260 uecSrc 259 finished at 83.9472 total messages 1 total packets 123 RTS 0 total bytes 502578 in_flight now 0 fair_inc 1502 prop_inc 3365 fast_inc 0 eta_inc 3576 multi_dec -164 quick_dec -0 nack_dec -0
Flow Uec_267_737 flowId 179 uecSrc 178 finished at 84.3582 total messages 1 total packets 123 RTS 0 total bytes 502578 in_flight now 0 fair_inc 0 prop_inc 1248 fast_inc 0 eta_inc 3576 multi_dec -40578 quick_dec -0 nack_dec -0
Flow Uec_869_230 flowId 399 uecSrc 398 finished at 84.5194 total messages 1 total packets 123 RTS 0 total bytes 502578 in_flight now 0 fair_inc 1145 prop_inc 1465 fast_inc 0 eta_inc 3576 multi_dec -29300 quick_dec -0 nack_dec -0
Flow Uec_915_385 flowId 100 uecSrc 99 finished at 84.8565 total messages 1 total packets 123 RTS 0 total bytes 502578 in_flight now 0 fair_inc 380 prop_inc 5013 fast_inc 0 eta_inc 3576 multi_dec -1240 quick_dec -0 nack_dec -4150
Flow Uec_619_68 flowId 304 uecSrc 303 finished at 84.9771 total messages 1 total packets 123 RTS 0 total bytes 502578 in_flight now 0 fair_inc 1503 prop_inc 2715 fast_inc 0 eta_inc 3576 multi_dec -34201 quick_dec -0 nack_dec -0
Flow Uec_678_38 flowId 313 uecSrc 312 finished at 85.1186 total messages 1 total packets 123 RTS 0 total bytes 502578 in_flight now 0 fair_inc 376 prop_inc 1836 fast_inc 0 eta_inc 3576 multi_dec -3599 quick_dec -0 nack_dec -0
Flow Uec_603_59 flowId 112 uecSrc 111 finished at 85.1874 total messages 1 total packets 123 RTS 0 total bytes 502578 in_flight now 0 fair_inc 0 prop_inc 1096 fast_inc 0 eta_inc 3576 multi_dec -27706 quick_dec -0 nack_dec -0
Flow Uec_306_840 flowId 298 uecSrc 297 finished at 85.7216 total messages 1 total packets 123 RTS 0 total bytes 502578 in_flight now 0 fair_inc 0 prop_inc 833 fast_inc 0 eta_inc 3576 multi_dec -37842 quick_dec -0 nack_dec -0
Flow Uec_682_42 flowId 209 uecSrc 208 finished at 85.8474 total messages 1 total packets 123 RTS 0 total bytes 502578 in_flight now 0 fair_inc 0 prop_inc 755 fast_inc 0 eta_inc 3576 multi_dec -23157 quick_dec -0 nack_dec -0
Flow Uec_51_531 flowId 441 uecSrc 440 finished at 86.1998 total messages 1 total packets 123 RTS 0 total bytes 502578 in_flight now 0 fair_inc 0 prop_inc 1096 fast_inc 0 eta_inc 4172 multi_dec -46864 quick_dec -0 nack_dec -8300
Flow Uec_193_675 flowId 48 uecSrc 47 finished at 86.3856 total messages 1 total packets 123 RTS 0 total bytes 502578 in_flight now 0 fair_inc 0 prop_inc 5245 fast_inc 0 eta_inc 4172 multi_dec -0 quick_dec -0 nack_dec -0
Flow Uec_820_237 flowId 456 uecSrc 455 finished at 86.9203 total messages 1 total packets 123 RTS 0 total bytes 502578 in_flight now 0 fair_inc 0 prop_inc 1096 fast_inc 0 eta_inc 4172 multi_dec -1121 quick_dec -0 nack_dec -12450
Flow Uec_119_644 flowId 173 uecSrc 172 finished at 87.1754 total messages 1 total packets 123 RTS 0 total bytes 502578 in_flight now 0 fair_inc 0 prop_inc 893 fast_inc 0 eta_inc 4172 multi_dec -87780 quick_dec -0 nack_dec -0
Flow Uec_644_31 flowId 131 uecSrc 130 finished at 87.1794 total messages 1 total packets 123 RTS 0 total bytes 502578 in_flight now 0 fair_inc 0 prop_inc 2673 fast_inc 0 eta_inc 4172 multi_dec -44931 quick_dec -0 nack_dec -0
Flow Uec_100_607 flowId 458 uecSrc 457 finished at 87.3816 total messages 1 total packets 123 RTS 0 total bytes 502578 in_flight now 0 fair_inc 751 prop_inc 1447 fast_inc 0 eta_inc 3576 multi_dec -4250 quick_dec -0 nack_dec -0
Flow Uec_1034_440 flowId 519 uecSrc 518 finished at 87.5074 total messages 1 total packets 123 RTS 0 total bytes 502578 in_flight now 0 fair_inc 381 prop_inc 2455 fast_inc 0 eta_inc 4172 multi_dec -39954 quick_dec -0 nack_dec -0
Flow Uec_597_1046 flowId 511 uecSrc 510 finished at 87.5165 total messages 1 total packets 123 RTS 0 total bytes 502578 in_flight now 0 fair_inc 0 prop_inc 2442 fast_inc 0 eta_inc 4172 multi_dec -29572 quick_dec -0 nack_dec -4150
Flow Uec_479_943 flowId 416 uecSrc 415 finished at 87.8598 total messages 1 total packets 123 RTS 0 total bytes 502578 in_flight now 0 fair_inc 3409 prop_inc 1621 fast_inc 0 eta_inc 3576 multi_dec -4798 quick_dec -0 nack_dec -0
Flow Uec_95_547 flowId 414 uecSrc 413 finished at 88.8094 total messages 1 total packets 123 RTS 0 total bytes 502578 in_flight now 0 fair_inc 403 prop_inc 1692 fast_inc 0 eta_inc 4172 multi_dec -32598 quick_dec -0 nack_dec -12450
Flow Uec_115_679 flowId 395 uecSrc 394 finished at 89.1226 total messages 1 total packets 123 RTS 0 total bytes 502578 in_flight now 0 fair_inc 404 prop_inc 1463 fast_inc 0 eta_inc 4172 multi_dec -44814 quick_dec -0 nack_dec -8300
Flow Uec_139_651 flowId 370 uecSrc 369 finished at 89.4438 total messages 1 total packets 123 RTS 0 total bytes 502578 in_flight now 0 fair_inc 0 prop_inc 1564 fast_inc 0 eta_inc 4172 multi_dec -36017 quick_dec -0 nack_dec -4150
Flow Uec_741_178 flowId 307 uecSrc 306 finished at 89.4994 total messages 1 total packets 123 RTS 0 total bytes 502578 in_flight now 0 fair_inc 2741 prop_inc 2157 fast_inc 0 eta_inc 4172 multi_dec -647 quick_dec -0 nack_dec -0
Flow Uec_694_82 flowId 352 uecSrc 351 finished at 89.5301 total messages 1 total packets 123 RTS 0 total bytes 502578 in_flight now 0 fair_inc 0 prop_inc 4678 fast_inc 0 eta_inc 4172 multi_dec -53963 quick_dec -0 nack_dec -4150
Flow Uec_877_207 flowId 34 uecSrc 33 finished at 89.7901 total messages 1 total packets 123 RTS 0 total bytes 502578 in_flight now 0 fair_inc 921 prop_inc 1799 fast_inc 0 eta_inc 4172 multi_dec -22587 quick_dec -0 nack_dec -41500
Flow Uec_1001_473 flowId 282 uecSrc 281 finished at 89.8672 total messages 1 total packets 123 RTS 0 total bytes 502578 in_flight now 0 fair_inc 1206 prop_inc 219 fast_inc 0 eta_inc 4172 multi_dec -65737 quick_dec -0 nack_dec -8300
Flow Uec_257_764 flowId 43 uecSrc 42 finished at 89.9602 total messages 1 total packets 123 RTS 0 total bytes 502578 in_flight now 0 fair_inc 1266 prop_inc 1140 fast_inc 0 eta_inc 4172 multi_dec -38137 quick_dec -0 nack_dec -24900
Flow Uec_295_776 flowId 455 uecSrc 454 finished at 89.9958 total messages 1 total packets 123 RTS 0 total bytes 502578 in_flight now 0 fair_inc 0 prop_inc 224 fast_inc 0 eta_inc 4172 multi_dec -0 quick_dec -0 nack_dec -0
Flow Uec_887_291 flowId 518 uecSrc 517 finished at 90.2086 total messages 1 total packets 123 RTS 0 total bytes 502578 in_flight now 0 fair_inc 0 prop_inc 864 fast_inc 0 eta_inc 4172 multi_dec -1390 quick_dec -0 nack_dec -0
Flow Uec_244_790 flowId 421 uecSrc 420 finished at 90.7922 total messages 1 total packets 123 RTS 0 total bytes 502578 in_flight now 0 fair_inc 0 prop_inc 475 fast_inc 0 eta_inc 4172 multi_dec -0 quick_dec -0 nack_dec -0
Flow Uec_689_47 flowId 338 uecSrc 337 finished at 91.0336 total messages 1 total packets 123 RTS 0 total bytes 502578 in_flight now 0 fair_inc 376 prop_inc 552 fast_inc 0 eta_inc 4172 multi_dec -39353 quick_dec -0 nack_dec -0
Flow Uec_317_846 flowId 251 uecSrc 250 finished at 91.0336 total messages 1 total packets 123 RTS 0 total bytes 502578 in_flight now 0 fair_inc 376 prop_inc 349 fast_inc 0 eta_inc 4172 multi_dec -784 quick_dec -0 nack_dec -0
Flow Uec_412_920 flowId 270 uecSrc 269 finished at 91.1594 total messages 1 total packets 123 RTS 0 total bytes 502578 in_flight now 0 fair_inc 521 prop_inc 2971 fast_inc 0 eta_inc 4172 multi_dec -40268 quick_dec -0 nack_dec -0
Flow Uec_785_125 flowId 312 uecSrc 311 finished at 91.1594 total messages 1 total packets 123 RTS 0 total bytes 502578 in_flight now 0 fair_inc 1656 prop_inc 3604 fast_inc 0 eta_inc 4172 multi_dec -2300 quick_dec -0 nack_dec -0
Flow Uec_905_308 flowId 387 uecSrc 386 finished at 91.1594 total messages 1 total packets 123 RTS 0 total bytes 502578 in_flight now 0 fair_inc 0 prop_inc 2563 fast_inc 0 eta_inc 4172 multi_dec -3111 quick_dec -0 nack_dec -0
Flow Uec_981_334 flowId 45 uecSrc 44 finished at 91.1634 total messages 1 total packets 123 RTS 0 total bytes 502578 in_flight now 0 fair_inc 0 prop_inc 2555 fast_inc 0 eta_inc 4172 multi_dec -43324 quick_dec -0 nack_dec -0
Flow Uec_789_122 flowId 102 uecSrc 101 finished at 91.1645 total messages 1 total packets 123 RTS 0 total bytes 502578 in_flight now 0 fair_inc 0 prop_inc 216 fast_inc 0 eta_inc 4172 multi_dec -0 quick_dec -0 nack_dec -0
Flow Uec_969_312 flowId 306 uecSrc 305 finished at 91.3107 total messages 1 total packets 123 RTS 0 total bytes 502578 in_flight now 0 fair_inc 3222 prop_inc 658 fast_inc 0 eta_inc 4172 multi_dec -72518 quick_dec -0 nack_dec -0
Flow Uec_998_342 flowId 297 uecSrc 296 finished at 91.3656 total messages 1 total packets 123 RTS 0 total bytes 502578 in_flight now 0 fair_inc 1500 prop_inc 3037 fast_inc 0 eta_inc 4172 multi_dec -21211 quick_dec -0 nack_dec -0
Flow Uec_717_175 flowId 543 uecSrc 542 finished at 91.3707 total messages 1 total packets 123 RTS 0 total bytes 502578 in_flight now 0 fair_inc 813 prop_inc 3904 fast_inc 0 eta_inc 3576 multi_dec -28128 quick_dec -0 nack_dec -4150
Flow Uec_41_559 flowId 17 uecSrc 16 finished at 91.4965 total messages 1 total packets 123 RTS 0 total bytes 502578 in_flight now 0 fair_inc 1036 prop_inc 3063 fast_inc 0 eta_inc 4172 multi_dec -61411 quick_dec -0 nack_dec -0
Flow Uec_124_618 flowId 281 uecSrc 280 finished at 91.5312 total messages 1 total packets 123 RTS 0 total bytes 502578 in_flight now 0 fair_inc 0 prop_inc 1071 fast_inc 0 eta_inc 4172 multi_dec -64302 quick_dec -0 nack_dec -4150
Flow Uec_416_931 flowId 318 uecSrc 317 finished at 91.6171 total messages 1 total packets 123 RTS 0 total bytes 502578 in_flight now 0 fair_inc 146 prop_inc 3346 fast_inc 0 eta_inc 4172 multi_dec -5767 quick_dec -0 nack_dec -0
Flow Uec_299_783 flowId 503 uecSrc 502 finished at 91.7027 total messages 1 total packets 123 RTS 0 total bytes 502578 in_flight now 0 fair_inc 0 prop_inc 1785 fast_inc 0 eta_inc 4172 multi_dec -4701 quick_dec -0 nack_dec -0
Flow Uec_961_355 flowId 498 uecSrc 497 finished at 91.7429 total messages 1 total packets 123 RTS 0 total bytes 502578 in_flight now 0 fair_inc 904 prop_inc 1301 fast_inc 0 eta_inc 4172 multi_dec -14983 quick_dec -0 nack_dec -0
Flow Uec_482_948 flowId 53 uecSrc 52 finished at 92.1474 total messages 1 total packets 123 RTS 0 total bytes 502578 in_flight now 0 fair_inc 142 prop_inc 1140 fast_inc 0 eta_inc 4172 multi_dec -40470 quick_dec -0 nack_dec -0
Flow Uec_162_627 flowId 166 uecSrc 165 finished at 92.2066 total messages 1 total packets 123 RTS 0 total bytes 502578 in_flight now 0 fair_inc 844 prop_inc 1096 fast_inc 0 eta_inc 4172 multi_dec -68334 quick_dec -0 nack_dec -12450
Flow Uec_744_195 flowId 158 uecSrc 157 finished at 92.2811 total messages 1 total packets 123 RTS 0 total bytes 502578 in_flight now 0 fair_inc 2255 prop_inc 2091 fast_inc 0 eta_inc 4172 multi_dec -2383 quick_dec -0 nack_dec -0
Flow Uec_903_339 flowId 21 uecSrc 20 finished at 92.2811 total messages 1 total packets 123 RTS 0 total bytes 502578 in_flight now 0 fair_inc 2180 prop_inc 2568 fast_inc 0 eta_inc 4172 multi_dec -25992 quick_dec -0 nack_dec -0
Flow Uec_992_349 flowId 486 uecSrc 485 finished at 92.3616 total messages 1 total packets 123 RTS 0 total bytes 502578 in_flight now 0 fair_inc 2051 prop_inc 2174 fast_inc 0 eta_inc 4172 multi_dec -3362 quick_dec -0 nack_dec -8300
Flow Uec_524_1014 flowId 499 uecSrc 498 finished at 92.4222 total messages 1 total packets 123 RTS 0 total bytes 502578 in_flight now 0 fair_inc 1958 prop_inc 3493 fast_inc 0 eta_inc 4172 multi_dec -21768 quick_dec -0 nack_dec -0
Flow Uec_411_928 flowId 237 uecSrc 236 finished at 92.4874 total messages 1 total packets 123 RTS 0 total bytes 502578 in_flight now 0 fair_inc 2400 prop_inc 1763 fast_inc 0 eta_inc 4172 multi_dec -51680 quick_dec -0 nack_dec -0
Flow Uec_459_984 flowId 191 uecSrc 190 finished at 92.5326 total messages 1 total packets 123 RTS 0 total bytes 502578 in_flight now 0 fair_inc 895 prop_inc 1960 fast_inc 0 eta_inc 4172 multi_dec -1175 quick_dec -0 nack_dec -0
Flow Uec_1098_414 flowId 532 uecSrc 531 finished at 92.6234 total messages 1 total packets 123 RTS 0 total bytes 502578 in_flight now 0 fair_inc 751 prop_inc 0 fast_inc 0 eta_inc 4172 multi_dec -3972 quick_dec -0 nack_dec -0
Flow Uec_893_226 flowId 23 uecSrc 22 finished at 92.6584 total messages 1 total packets 123 RTS 0 total bytes 502578 in_flight now 0 fair_inc 380 prop_inc 295 fast_inc 0 eta_inc 4172 multi_dec -26896 quick_dec -0 nack_dec -0
Flow Uec_990_345 flowId 452 uecSrc 451 finished at 92.6936 total messages 1 total packets 123 RTS 0 total bytes 502578 in_flight now 0 fair_inc 920 prop_inc 2660 fast_inc 0 eta_inc 4172 multi_dec -18586 quick_dec -0 nack_dec -4150
Flow Uec_672_8 flowId 152 uecSrc 151 finished at 92.8045 total messages 1 total packets 123 RTS 0 total bytes 502578 in_flight now 0 fair_inc 3503 prop_inc 1148 fast_inc 0 eta_inc 4172 multi_dec -76764 quick_dec -0 nack_dec -16600
Flow Uec_1000_490 flowId 249 uecSrc 248 finished at 92.8194 total messages 1 total packets 123 RTS 0 total bytes 502578 in_flight now 0 fair_inc 5361 prop_inc 780 fast_inc 0 eta_inc 4172 multi_dec -0 quick_dec -0 nack_dec -0
Flow Uec_918_382 flowId 55 uecSrc 54 finished at 92.8194 total messages 1 total packets 123 RTS 0 total bytes 502578 in_flight now 0 fair_inc 378 prop_inc 3627 fast_inc 0 eta_inc 4172 multi_dec -13005 quick_dec -0 nack_dec -0
Flow Uec_1039_401 flowId 507 uecSrc 506 finished at 92.8694 total messages 1 total packets 123 RTS 0 total bytes 502578 in_flight now 0 fair_inc 0 prop_inc 1096 fast_inc 0 eta_inc 4172 multi_dec -71183 quick_dec -0 nack_dec -8300
Flow Uec_75_589 flowId 418 uecSrc 417 finished at 92.8694 total messages 1 total packets 123 RTS 0 total bytes 502578 in_flight now 0 fair_inc 2071 prop_inc 877 fast_inc 0 eta_inc 4172 multi_dec -88308 quick_dec -0 nack_dec -12450
Flow Uec_782_127 flowId 512 uecSrc 511 finished at 92.9451 total messages 1 total packets 123 RTS 0 total bytes 502578 in_flight now 0 fair_inc 2871 prop_inc 5016 fast_inc 0 eta_inc 3576 multi_dec -0 quick_dec -0 nack_dec -0
Flow Uec_43_532 flowId 254 uecSrc 253 finished at 92.9963 total messages 1 total packets 123 RTS 0 total bytes 502578 in_flight now 0 fair_inc 8491 prop_inc 964 fast_inc 0 eta_inc 4172 multi_dec -87422 quick_dec -0 nack_dec -0
Flow Uec_197_697 flowId 471 uecSrc 470 finished at 93.0256 total messages 1 total packets 123 RTS 0 total bytes 502578 in_flight now 0 fair_inc 892 prop_inc 3325 fast_inc 0 eta_inc 3576 multi_dec -0 quick_dec -0 nack_dec -0
Flow Uec_18_509 flowId 542 uecSrc 541 finished at 93.1565 total messages 1 total packets 123 RTS 0 total bytes 502578 in_flight now 0 fair_inc 0 prop_inc 1955 fast_inc 0 eta_inc 4172 multi_dec -4541 quick_dec -0 nack_dec -0
Flow Uec_33_517 flowId 431 uecSrc 430 finished at 93.2219 total messages 1 total packets 123 RTS 0 total bytes 502578 in_flight now 0 fair_inc 965 prop_inc 219 fast_inc 0 eta_inc 4172 multi_dec -67461 quick_dec -0 nack_dec -24900
Flow Uec_395_821 flowId 326 uecSrc 325 finished at 93.5448 total messages 1 total packets 123 RTS 0 total bytes 502578 in_flight now 0 fair_inc 2184 prop_inc 274 fast_inc 0 eta_inc 4172 multi_dec -36904 quick_dec -0 nack_dec -24900
Flow Uec_62_525 flowId 58 uecSrc 57 finished at 93.6896 total messages 1 total packets 123 RTS 0 total bytes 502578 in_flight now 0 fair_inc 143 prop_inc 3728 fast_inc 0 eta_inc 4172 multi_dec -23718 quick_dec -0 nack_dec -0
Flow Uec_776_136 flowId 162 uecSrc 161 finished at 93.6896 total messages 1 total packets 123 RTS 0 total bytes 502578 in_flight now 0 fair_inc 2013 prop_inc 1962 fast_inc 0 eta_inc 4172 multi_dec -95 quick_dec -0 nack_dec -0
Flow Uec_907_391 flowId 139 uecSrc 138 finished at 93.7349 total messages 1 total packets 123 RTS 0 total bytes 502578 in_flight now 0 fair_inc 376 prop_inc 4967 fast_inc 0 eta_inc 4172 multi_dec -944 quick_dec -0 nack_dec -0
Flow Uec_1015_419 flowId 140 uecSrc 139 finished at 93.8154 total messages 1 total packets 123 RTS 0 total bytes 502578 in_flight now 0 fair_inc 376 prop_inc 657 fast_inc 0 eta_inc 4172 multi_dec -71294 quick_dec -0 nack_dec -0
Flow Uec_297_712 flowId 105 uecSrc 104 finished at 93.8154 total messages 1 total packets 123 RTS 0 total bytes 502578 in_flight now 0 fair_inc 4149 prop_inc 1221 fast_inc 0 eta_inc 4172 multi_dec -4321 quick_dec -0 nack_dec -0
Flow Uec_326_897 flowId 311 uecSrc 310 finished at 93.912 total messages 1 total packets 123 RTS 0 total bytes 502578 in_flight now 0 fair_inc 0 prop_inc 1096 fast_inc 0 eta_inc 4172 multi_dec -41565 quick_dec -0 nack_dec -4150
Flow Uec_103_689 flowId 447 uecSrc 446 finished at 94.0216 total messages 1 total packets 123 RTS 0 total bytes 502578 in_flight now 0 fair_inc 1867 prop_inc 3346 fast_inc 0 eta_inc 4172 multi_dec -61802 quick_dec -0 nack_dec -0
Flow Uec_404_942 flowId 334 uecSrc 333 finished at 94.0669 total messages 1 total packets 123 RTS 0 total bytes 502578 in_flight now 0 fair_inc 0 prop_inc 2163 fast_inc 0 eta_inc 4172 multi_dec -55323 quick_dec -0 nack_dec -0
Flow Uec_554_1056 flowId 236 uecSrc 235 finished at 94.1474 total messages 1 total packets 123 RTS 0 total bytes 502578 in_flight now 0 fair_inc 807 prop_inc 1389 fast_inc 0 eta_inc 4172 multi_dec -15445 quick_dec -0 nack_dec -0
Flow Uec_656_17 flowId 64 uecSrc 63 finished at 94.1525 total messages 1 total packets 123 RTS 0 total bytes 502578 in_flight now 0 fair_inc 1068 prop_inc 1515 fast_inc 0 eta_inc 4172 multi_dec -56058 quick_dec -0 nack_dec -0
Flow Uec_813_272 flowId 232 uecSrc 231 finished at 94.1926 total messages 1 total packets 123 RTS 0 total bytes 502578 in_flight now 0 fair_inc 3634 prop_inc 1093 fast_inc 0 eta_inc 4172 multi_dec -33594 quick_dec -0 nack_dec -0
Flow Uec_991_399 flowId 302 uecSrc 301 finished at 94.1926 total messages 1 total packets 123 RTS 0 total bytes 502578 in_flight now 0 fair_inc 1145 prop_inc 438 fast_inc 0 eta_inc 4172 multi_dec -4053 quick_dec -0 nack_dec -0
Flow Uec_522_1088 flowId 291 uecSrc 290 finished at 94.248 total messages 1 total packets 123 RTS 0 total bytes 502578 in_flight now 0 fair_inc 3885 prop_inc 618 fast_inc 0 eta_inc 4172 multi_dec -0 quick_dec -0 nack_dec -0
Flow Uec_44_526 flowId 332 uecSrc 331 finished at 94.2731 total messages 1 total packets 123 RTS 0 total bytes 502578 in_flight now 0 fair_inc 3010 prop_inc 1533 fast_inc 0 eta_inc 4172 multi_dec -2923 quick_dec -0 nack_dec -0
Flow Uec_13_548 flowId 276 uecSrc 275 finished at 94.3386 total messages 1 total packets 123 RTS 0 total bytes 502578 in_flight now 0 fair_inc 1235 prop_inc 958 fast_inc 0 eta_inc 4172 multi_dec -72538 quick_dec -0 nack_dec -16600
Flow Uec_112_663 flowId 125 uecSrc 124 finished at 94.3518 total messages 1 total packets 123 RTS 0 total bytes 502578 in_flight now 0 fair_inc 3237 prop_inc 1836 fast_inc 0 eta_inc 4172 multi_dec -54221 quick_dec -0 nack_dec -29050
Flow Uec_384_831 flowId 397 uecSrc 396 finished at 94.3792 total messages 1 total packets 123 RTS 0 total bytes 502578 in_flight now 0 fair_inc 2028 prop_inc 2181 fast_inc 0 eta_inc 4172 multi_dec -37356 quick_dec -0 nack_dec -0
Flow Uec_35_521 flowId 315 uecSrc 314 finished at 94.3989 total messages 1 total packets 123 RTS 0 total bytes 502578 in_flight now 0 fair_inc 378 prop_inc 1069 fast_inc 0 eta_inc 4172 multi_dec -41276 quick_dec -0 nack_dec -0
Flow Uec_438_998 flowId 116 uecSrc 115 finished at 94.4442 total messages 1 total packets 123 RTS 0 total bytes 502578 in_flight now 0 fair_inc 0 prop_inc 1908 fast_inc 0 eta_inc 4172 multi_dec -64357 quick_dec -0 nack_dec -0
Flow Uec_952_350 flowId 31 uecSrc 30 finished at 94.4696 total messages 1 total packets 123 RTS 0 total bytes 502578 in_flight now 0 fair_inc 0 prop_inc 1096 fast_inc 0 eta_inc 4172 multi_dec -76813 quick_dec -0 nack_dec -0
Flow Uec_812_293 flowId 434 uecSrc 433 finished at 94.4845 total messages 1 total packets 123 RTS 0 total bytes 502578 in_flight now 0 fair_inc 0 prop_inc 643 fast_inc 0 eta_inc 4172 multi_dec -4514 quick_dec -0 nack_dec -0
Flow Uec_824_273 flowId 199 uecSrc 198 finished at 94.5357 total messages 1 total packets 123 RTS 0 total bytes 502578 in_flight now 0 fair_inc 3611 prop_inc 1096 fast_inc 0 eta_inc 4172 multi_dec -65509 quick_dec -0 nack_dec -24900
Flow Uec_996_387 flowId 548 uecSrc 547 finished at 94.5621 total messages 1 total packets 123 RTS 0 total bytes 502578 in_flight now 0 fair_inc 0 prop_inc 2791 fast_inc 0 eta_inc 4172 multi_dec -42495 quick_dec -0 nack_dec -8300
Flow Uec_790_162 flowId 350 uecSrc 349 finished at 94.6024 total messages 1 total packets 123 RTS 0 total bytes 502578 in_flight now 0 fair_inc 0 prop_inc 767 fast_inc 0 eta_inc 4172 multi_dec -72871 quick_dec -0 nack_dec -0
Flow Uec_200_768 flowId 323 uecSrc 322 finished at 94.7709 total messages 1 total packets 123 RTS 0 total bytes 502578 in_flight now 0 fair_inc 633 prop_inc 836 fast_inc 0 eta_inc 4172 multi_dec -79271 quick_dec -0 nack_dec -12450
Flow Uec_283_757 flowId 467 uecSrc 466 finished at 94.7973 total messages 1 total packets 123 RTS 0 total bytes 502578 in_flight now 0 fair_inc 2207 prop_inc 219 fast_inc 0 eta_inc 4172 multi_dec -29506 quick_dec -0 nack_dec -29050
Flow Uec_4_576 flowId 35 uecSrc 34 finished at 94.8768 total messages 1 total packets 123 RTS 0 total bytes 502578 in_flight now 0 fair_inc 2254 prop_inc 349 fast_inc 0 eta_inc 4172 multi_dec -23323 quick_dec -0 nack_dec -24900
Flow Uec_555_1007 flowId 363 uecSrc 362 finished at 94.9371 total messages 1 total packets 123 RTS 0 total bytes 502578 in_flight now 0 fair_inc 156 prop_inc 2797 fast_inc 0 eta_inc 4172 multi_dec -19428 quick_dec -0 nack_dec -0
Flow Uec_433_953 flowId 284 uecSrc 283 finished at 94.9824 total messages 1 total packets 123 RTS 0 total bytes 502578 in_flight now 0 fair_inc 382 prop_inc 58 fast_inc 0 eta_inc 4172 multi_dec -66935 quick_dec -0 nack_dec -0
Flow Uec_859_269 flowId 33 uecSrc 32 finished at 95.0176 total messages 1 total packets 123 RTS 0 total bytes 502578 in_flight now 0 fair_inc 0 prop_inc 658 fast_inc 0 eta_inc 4172 multi_dec -50320 quick_dec -0 nack_dec -0
Flow Uec_266_766 flowId 10 uecSrc 9 finished at 95.0629 total messages 1 total packets 123 RTS 0 total bytes 502578 in_flight now 0 fair_inc 3616 prop_inc 877 fast_inc 0 eta_inc 4172 multi_dec -109465 quick_dec -0 nack_dec -0
Flow Uec_1017_433 flowId 221 uecSrc 220 finished at 95.2312 total messages 1 total packets 123 RTS 0 total bytes 502578 in_flight now 0 fair_inc 1279 prop_inc 1096 fast_inc 0 eta_inc 4172 multi_dec -48611 quick_dec -0 nack_dec -8300
Flow Uec_772_111 flowId 272 uecSrc 271 finished at 95.2536 total messages 1 total packets 123 RTS 0 total bytes 502578 in_flight now 0 fair_inc 2133 prop_inc 1053 fast_inc 0 eta_inc 4172 multi_dec -48049 quick_dec -0 nack_dec -0
Flow Uec_548_1037 flowId 336 uecSrc 335 finished at 95.2691 total messages 1 total packets 123 RTS 0 total bytes 502578 in_flight now 0 fair_inc 2579 prop_inc 873 fast_inc 0 eta_inc 4172 multi_dec -77549 quick_dec -0 nack_dec -0
Flow Uec_483_912 flowId 283 uecSrc 282 finished at 95.2742 total messages 1 total packets 123 RTS 0 total bytes 502578 in_flight now 0 fair_inc 4897 prop_inc 375 fast_inc 0 eta_inc 4172 multi_dec -4493 quick_dec -0 nack_dec -0
Flow Uec_589_1091 flowId 396 uecSrc 395 finished at 95.3346 total messages 1 total packets 123 RTS 0 total bytes 502578 in_flight now 0 fair_inc 638 prop_inc 1096 fast_inc 0 eta_inc 4172 multi_dec -64095 quick_dec -0 nack_dec -20750
Flow Uec_576_1029 flowId 403 uecSrc 402 finished at 95.3496 total messages 1 total packets 123 RTS 0 total bytes 502578 in_flight now 0 fair_inc 145 prop_inc 219 fast_inc 0 eta_inc 4172 multi_dec -66848 quick_dec -0 nack_dec -0
Flow Uec_170_617 flowId 393 uecSrc 392 finished at 95.3704 total messages 1 total packets 123 RTS 0 total bytes 502578 in_flight now 0 fair_inc 6089 prop_inc 893 fast_inc 0 eta_inc 4172 multi_dec -96696 quick_dec -0 nack_dec -24900
Flow Uec_357_824 flowId 522 uecSrc 521 finished at 95.436 total messages 1 total packets 123 RTS 0 total bytes 502578 in_flight now 0 fair_inc 1677 prop_inc 877 fast_inc 0 eta_inc 4172 multi_dec -69763 quick_dec -0 nack_dec -20750
Flow Uec_1016_463 flowId 234 uecSrc 233 finished at 95.4514 total messages 1 total packets 123 RTS 0 total bytes 502578 in_flight now 0 fair_inc 3237 prop_inc 148 fast_inc 0 eta_inc 4172 multi_dec -21566 quick_dec -0 nack_dec -49800
Flow Uec_101_655 flowId 89 uecSrc 88 finished at 95.4907 total messages 1 total packets 123 RTS 0 total bytes 502578 in_flight now 0 fair_inc 5326 prop_inc 1096 fast_inc 0 eta_inc 4172 multi_dec -86784 quick_dec -0 nack_dec -0
Flow Uec_57_571 flowId 546 uecSrc 545 finished at 95.5368 total messages 1 total packets 123 RTS 0 total bytes 502578 in_flight now 0 fair_inc 2676 prop_inc 233 fast_inc 0 eta_inc 4172 multi_dec -33652 quick_dec -0 nack_dec -24900
Flow Uec_46_540 flowId 146 uecSrc 145 finished at 95.6011 total messages 1 total packets 123 RTS 0 total bytes 502578 in_flight now 0 fair_inc 0 prop_inc 704 fast_inc 0 eta_inc 4172 multi_dec -67842 quick_dec -0 nack_dec -0
Flow Uec_337_829 flowId 204 uecSrc 203 finished at 95.6626 total messages 1 total packets 123 RTS 0 total bytes 502578 in_flight now 0 fair_inc 8003 prop_inc 219 fast_inc 0 eta_inc 4172 multi_dec -79821 quick_dec -0 nack_dec -24900
Flow Uec_1_541 flowId 316 uecSrc 315 finished at 95.6666 total messages 1 total packets 123 RTS 0 total bytes 502578 in_flight now 0 fair_inc 2759 prop_inc 877 fast_inc 0 eta_inc 4172 multi_dec -61070 quick_dec -0 nack_dec -33200
Flow Uec_15_515 flowId 86 uecSrc 85 finished at 95.6717 total messages 1 total packets 123 RTS 0 total bytes 502578 in_flight now 0 fair_inc 6705 prop_inc 1096 fast_inc 0 eta_inc 4172 multi_dec -72968 quick_dec -0 nack_dec -29050
Flow Uec_98_575 flowId 147 uecSrc 146 finished at 95.6768 total messages 1 total packets 123 RTS 0 total bytes 502578 in_flight now 0 fair_inc 7963 prop_inc 219 fast_inc 0 eta_inc 4768 multi_dec -58926 quick_dec -0 nack_dec -24900
Flow Uec_1041_402 flowId 478 uecSrc 477 finished at 95.6768 total messages 1 total packets 123 RTS 0 total bytes 502578 in_flight now 0 fair_inc 5084 prop_inc 0 fast_inc 0 eta_inc 4172 multi_dec -75321 quick_dec -0 nack_dec -29050
Flow Uec_748_160 flowId 472 uecSrc 471 finished at 95.7627 total messages 1 total packets 123 RTS 0 total bytes 502578 in_flight now 0 fair_inc 0 prop_inc 0 fast_inc 0 eta_inc 4172 multi_dec -89412 quick_dec -0 nack_dec -20750
Flow Uec_633_26 flowId 52 uecSrc 51 finished at 95.8074 total messages 1 total packets 123 RTS 0 total bytes 502578 in_flight now 0 fair_inc 1141 prop_inc 1087 fast_inc 0 eta_inc 4172 multi_dec -44125 quick_dec -0 nack_dec -0
Flow Uec_156_662 flowId 138 uecSrc 137 finished at 95.8158 total messages 1 total packets 123 RTS 0 total bytes 502578 in_flight now 0 fair_inc 2440 prop_inc 1096 fast_inc 0 eta_inc 4172 multi_dec -57901 quick_dec -0 nack_dec -37350
Flow Uec_127_647 flowId 477 uecSrc 476 finished at 95.8227 total messages 1 total packets 123 RTS 0 total bytes 502578 in_flight now 0 fair_inc 1124 prop_inc 438 fast_inc 0 eta_inc 4172 multi_dec -5206 quick_dec -0 nack_dec -0
Flow Uec_788_167 flowId 24 uecSrc 23 finished at 95.8432 total messages 1 total packets 123 RTS 0 total bytes 502578 in_flight now 0 fair_inc 0 prop_inc 219 fast_inc 0 eta_inc 4172 multi_dec -89912 quick_dec -0 nack_dec -8300
Flow Uec_396_898 flowId 7 uecSrc 6 finished at 95.9091 total messages 1 total packets 123 RTS 0 total bytes 502578 in_flight now 0 fair_inc 2145 prop_inc 1854 fast_inc 0 eta_inc 4768 multi_dec -55772 quick_dec -0 nack_dec -37350
Flow Uec_810_234 flowId 67 uecSrc 66 finished at 95.9331 total messages 1 total packets 123 RTS 0 total bytes 502578 in_flight now 0 fair_inc 2798 prop_inc 678 fast_inc 0 eta_inc 4172 multi_dec -4257 quick_dec -0 nack_dec -0
Flow Uec_163_634 flowId 465 uecSrc 464 finished at 95.9485 total messages 1 total packets 123 RTS 0 total bytes 502578 in_flight now 0 fair_inc 2836 prop_inc 1501 fast_inc 0 eta_inc 4172 multi_dec -47643 quick_dec -0 nack_dec -0
Flow Uec_1023_474 flowId 188 uecSrc 187 finished at 95.969 total messages 1 total packets 123 RTS 0 total bytes 502578 in_flight now 0 fair_inc 9600 prop_inc 219 fast_inc 0 eta_inc 4172 multi_dec -93947 quick_dec -0 nack_dec -20750
Flow Uec_426_947 flowId 212 uecSrc 211 finished at 95.9741 total messages 1 total packets 123 RTS 0 total bytes 502578 in_flight now 0 fair_inc 5461 prop_inc 712 fast_inc 0 eta_inc 4172 multi_dec -57728 quick_dec -0 nack_dec -0
Flow Uec_138_629 flowId 135 uecSrc 134 finished at 95.9843 total messages 1 total packets 123 RTS 0 total bytes 502578 in_flight now 0 fair_inc 4971 prop_inc 219 fast_inc 0 eta_inc 4172 multi_dec -34558 quick_dec -0 nack_dec -29050
Flow Uec_64_573 flowId 257 uecSrc 256 finished at 95.9946 total messages 1 total packets 123 RTS 0 total bytes 502578 in_flight now 0 fair_inc 3521 prop_inc 263 fast_inc 0 eta_inc 4172 multi_dec -77382 quick_dec -0 nack_dec -24900
Flow Uec_371_896 flowId 464 uecSrc 463 finished at 96.0136 total messages 1 total packets 123 RTS 0 total bytes 502578 in_flight now 0 fair_inc 376 prop_inc 994 fast_inc 0 eta_inc 4172 multi_dec -54353 quick_dec -0 nack_dec -0
Flow Uec_826_233 flowId 137 uecSrc 136 finished at 96.1394 total messages 1 total packets 123 RTS 0 total bytes 502578 in_flight now 0 fair_inc 3505 prop_inc 1893 fast_inc 0 eta_inc 4172 multi_dec -12548 quick_dec -0 nack_dec -0
Flow Uec_974_319 flowId 99 uecSrc 98 finished at 96.1394 total messages 1 total packets 123 RTS 0 total bytes 502578 in_flight now 0 fair_inc 2669 prop_inc 1319 fast_inc 0 eta_inc 4172 multi_dec -68388 quick_dec -0 nack_dec -0
Flow Uec_278_767 flowId 371 uecSrc 370 finished at 96.1398 total messages 1 total packets 123 RTS 0 total bytes 502578 in_flight now 0 fair_inc 1456 prop_inc 877 fast_inc 0 eta_inc 4172 multi_dec -72087 quick_dec -0 nack_dec -20750
Flow Uec_592_1053 flowId 357 uecSrc 356 finished at 96.1485 total messages 1 total packets 123 RTS 0 total bytes 502578 in_flight now 0 fair_inc 3039 prop_inc 927 fast_inc 0 eta_inc 4172 multi_dec -111204 quick_dec -0 nack_dec -4150
Flow Uec_1091_469 flowId 347 uecSrc 346 finished at 96.2462 total messages 1 total packets 123 RTS 0 total bytes 502578 in_flight now 0 fair_inc 2401 prop_inc 2090 fast_inc 0 eta_inc 4172 multi_dec -102838 quick_dec -0 nack_dec -16600
Flow Uec_131_654 flowId 373 uecSrc 372 finished at 96.2702 total messages 1 total packets 123 RTS 0 total bytes 502578 in_flight now 0 fair_inc 3032 prop_inc 1096 fast_inc 0 eta_inc 4172 multi_dec -58985 quick_dec -0 nack_dec -0
Flow Uec_66_534 flowId 165 uecSrc 164 finished at 96.2856 total messages 1 total packets 123 RTS 0 total bytes 502578 in_flight now 0 fair_inc 2799 prop_inc 1865 fast_inc 0 eta_inc 4172 multi_dec -141223 quick_dec -0 nack_dec -8300
Flow Uec_344_875 flowId 174 uecSrc 173 finished at 96.2907 total messages 1 total packets 123 RTS 0 total bytes 502578 in_flight now 0 fair_inc 2196 prop_inc 0 fast_inc 0 eta_inc 4172 multi_dec -32396 quick_dec -0 nack_dec -4150
Flow Uec_80_585 flowId 545 uecSrc 544 finished at 96.3254 total messages 1 total packets 123 RTS 0 total bytes 502578 in_flight now 0 fair_inc 3802 prop_inc 0 fast_inc 0 eta_inc 4172 multi_dec -63835 quick_dec -0 nack_dec -20750
Flow Uec_259_761 flowId 39 uecSrc 38 finished at 96.3306 total messages 1 total packets 123 RTS 0 total bytes 502578 in_flight now 0 fair_inc 644 prop_inc 1096 fast_inc 0 eta_inc 4172 multi_dec -65499 quick_dec -0 nack_dec -29050
Flow Uec_211_738 flowId 98 uecSrc 97 finished at 96.3763 total messages 1 total packets 123 RTS 0 total bytes 502578 in_flight now 0 fair_inc 0 prop_inc 219 fast_inc 0 eta_inc 4172 multi_dec -62936 quick_dec -0 nack_dec -0
Flow Uec_402_901 flowId 235 uecSrc 234 finished at 96.4714 total messages 1 total packets 123 RTS 0 total bytes 502578 in_flight now 0 fair_inc 4780 prop_inc 1112 fast_inc 0 eta_inc 4172 multi_dec -27724 quick_dec -0 nack_dec -0
Flow Uec_806_211 flowId 527 uecSrc 526 finished at 96.4765 total messages 1 total packets 123 RTS 0 total bytes 502578 in_flight now 0 fair_inc 1151 prop_inc 219 fast_inc 0 eta_inc 4172 multi_dec -43864 quick_dec -0 nack_dec -0
Flow Uec_857_210 flowId 533 uecSrc 532 finished at 96.5462 total messages 1 total packets 123 RTS 0 total bytes 502578 in_flight now 0 fair_inc 1210 prop_inc 0 fast_inc 0 eta_inc 4172 multi_dec -73925 quick_dec -0 nack_dec -12450
Flow Uec_309_826 flowId 549 uecSrc 548 finished at 96.5629 total messages 1 total packets 123 RTS 0 total bytes 502578 in_flight now 0 fair_inc 3357 prop_inc 0 fast_inc 0 eta_inc 4172 multi_dec -81851 quick_dec -0 nack_dec -20750
Flow Uec_301_894 flowId 175 uecSrc 174 finished at 96.5971 total messages 1 total packets 123 RTS 0 total bytes 502578 in_flight now 0 fair_inc 516 prop_inc 1008 fast_inc 0 eta_inc 4172 multi_dec -61536 quick_dec -0 nack_dec -0
Flow Uec_424_976 flowId 255 uecSrc 254 finished at 96.6022 total messages 1 total packets 123 RTS 0 total bytes 502578 in_flight now 0 fair_inc 529 prop_inc 861 fast_inc 0 eta_inc 4172 multi_dec -53976 quick_dec -0 nack_dec -12450
Flow Uec_642_9 flowId 474 uecSrc 473 finished at 96.613 total messages 1 total packets 123 RTS 0 total bytes 502578 in_flight now 0 fair_inc 6134 prop_inc 0 fast_inc 0 eta_inc 4172 multi_dec -25820 quick_dec -0 nack_dec -41500
Flow Uec_431_955 flowId 85 uecSrc 84 finished at 96.6424 total messages 1 total packets 123 RTS 0 total bytes 502578 in_flight now 0 fair_inc 2635 prop_inc 438 fast_inc 0 eta_inc 4172 multi_dec -66349 quick_dec -0 nack_dec -0
Flow Uec_815_248 flowId 528 uecSrc 527 finished at 96.6432 total messages 1 total packets 123 RTS 0 total bytes 502578 in_flight now 0 fair_inc 0 prop_inc 0 fast_inc 0 eta_inc 4172 multi_dec -79521 quick_dec -0 nack_dec -16600
Flow Uec_558_1097 flowId 530 uecSrc 529 finished at 96.6574 total messages 1 total packets 123 RTS 0 total bytes 502578 in_flight now 0 fair_inc 618 prop_inc 0 fast_inc 0 eta_inc 4172 multi_dec -85722 quick_dec -0 nack_dec -24900
Flow Uec_239_765 flowId 76 uecSrc 75 finished at 96.7037 total messages 1 total packets 123 RTS 0 total bytes 502578 in_flight now 0 fair_inc 0 prop_inc 219 fast_inc 0 eta_inc 4172 multi_dec -73670 quick_dec -0 nack_dec -20750
Flow Uec_137_622 flowId 385 uecSrc 384 finished at 96.7229 total messages 1 total packets 123 RTS 0 total bytes 502578 in_flight now 0 fair_inc 5306 prop_inc 877 fast_inc 0 eta_inc 4172 multi_dec -51121 quick_dec -0 nack_dec -0
Flow Uec_802_213 flowId 56 uecSrc 55 finished at 96.7229 total messages 1 total packets 123 RTS 0 total bytes 502578 in_flight now 0 fair_inc 881 prop_inc 1298 fast_inc 0 eta_inc 4172 multi_dec -31788 quick_dec -0 nack_dec -4150
Flow Uec_169_695 flowId 101 uecSrc 100 finished at 96.728 total messages 1 total packets 123 RTS 0 total bytes 502578 in_flight now 0 fair_inc 4862 prop_inc 1365 fast_inc 0 eta_inc 4172 multi_dec -67090 quick_dec -0 nack_dec -0
Flow Uec_549_1028 flowId 231 uecSrc 230 finished at 96.8034 total messages 1 total packets 123 RTS 0 total bytes 502578 in_flight now 0 fair_inc 920 prop_inc 219 fast_inc 0 eta_inc 4172 multi_dec -104322 quick_dec -0 nack_dec -0
Flow Uec_973_380 flowId 217 uecSrc 216 finished at 96.8034 total messages 1 total packets 123 RTS 0 total bytes 502578 in_flight now 0 fair_inc 2878 prop_inc 1705 fast_inc 0 eta_inc 4172 multi_dec -39790 quick_dec -0 nack_dec -0
Flow Uec_546_1043 flowId 516 uecSrc 515 finished at 96.9291 total messages 1 total packets 123 RTS 0 total bytes 502578 in_flight now 0 fair_inc 897 prop_inc 1295 fast_inc 0 eta_inc 4172 multi_dec -1072 quick_dec -0 nack_dec -0
Flow Uec_911_354 flowId 54 uecSrc 53 finished at 96.9291 total messages 1 total packets 123 RTS 0 total bytes 502578 in_flight now 0 fair_inc 2624 prop_inc 991 fast_inc 0 eta_inc 4172 multi_dec -96772 quick_dec -0 nack_dec -0
Flow Uec_873_240 flowId 280 uecSrc 279 finished at 97.1205 total messages 1 total packets 123 RTS 0 total bytes 502578 in_flight now 0 fair_inc 1101 prop_inc 1514 fast_inc 0 eta_inc 4172 multi_dec -67878 quick_dec -0 nack_dec -20750
Flow Uec_69_505 flowId 398 uecSrc 397 finished at 97.1354 total messages 1 total packets 123 RTS 0 total bytes 502578 in_flight now 0 fair_inc 1112 prop_inc 2523 fast_inc 0 eta_inc 3576 multi_dec -56929 quick_dec -0 nack_dec -0
Flow Uec_464_941 flowId 115 uecSrc 114 finished at 97.1354 total messages 1 total packets 123 RTS 0 total bytes 502578 in_flight now 0 fair_inc 376 prop_inc 435 fast_inc 0 eta_inc 4172 multi_dec -55044 quick_dec -0 nack_dec -0
Flow Uec_579_1051 flowId 392 uecSrc 391 finished at 97.1354 total messages 1 total packets 123 RTS 0 total bytes 502578 in_flight now 0 fair_inc 2948 prop_inc 1288 fast_inc 0 eta_inc 4768 multi_dec -50397 quick_dec -0 nack_dec -0
Flow Uec_654_44 flowId 348 uecSrc 347 finished at 97.1558 total messages 1 total packets 123 RTS 0 total bytes 502578 in_flight now 0 fair_inc 3526 prop_inc 223 fast_inc 0 eta_inc 4172 multi_dec -106525 quick_dec -0 nack_dec -0
Flow Uec_68_538 flowId 383 uecSrc 382 finished at 97.1806 total messages 1 total packets 123 RTS 0 total bytes 502578 in_flight now 0 fair_inc 2189 prop_inc 658 fast_inc 0 eta_inc 4172 multi_dec -79971 quick_dec -0 nack_dec -0
Flow Uec_262_795 flowId 153 uecSrc 152 finished at 97.1806 total messages 1 total packets 123 RTS 0 total bytes 502578 in_flight now 0 fair_inc 2228 prop_inc 1070 fast_inc 0 eta_inc 4172 multi_dec -54249 quick_dec -0 nack_dec -0
Flow Uec_509_1015 flowId 51 uecSrc 50 finished at 97.196 total messages 1 total packets 123 RTS 0 total bytes 502578 in_flight now 0 fair_inc 4407 prop_inc 877 fast_inc 0 eta_inc 4172 multi_dec -28636 quick_dec -0 nack_dec -0
Flow Uec_450_963 flowId 1 uecSrc 0 finished at 97.2611 total messages 1 total packets 123 RTS 0 total bytes 502578 in_flight now 0 fair_inc 7458 prop_inc 858 fast_inc 0 eta_inc 4768 multi_dec -53345 quick_dec -0 nack_dec -0
Flow Uec_829_255 flowId 6 uecSrc 5 finished at 97.2611 total messages 1 total packets 123 RTS 0 total bytes 502578 in_flight now 0 fair_inc 2240 prop_inc 419 fast_inc 0 eta_inc 4172 multi_dec -840 quick_dec -0 nack_dec -0
Flow Uec_528_1057 flowId 349 uecSrc 348 finished at 97.2702 total messages 1 total packets 123 RTS 0 total bytes 502578 in_flight now 0 fair_inc 2899 prop_inc 0 fast_inc 0 eta_inc 4172 multi_dec -127389 quick_dec -0 nack_dec -0
Flow Uec_734_165 flowId 469 uecSrc 468 finished at 97.2789 total messages 1 total packets 123 RTS 0 total bytes 502578 in_flight now 0 fair_inc 0 prop_inc 877 fast_inc 0 eta_inc 4172 multi_dec -52076 quick_dec -0 nack_dec -0
Flow Uec_191_670 flowId 197 uecSrc 196 finished at 97.3416 total messages 1 total packets 123 RTS 0 total bytes 502578 in_flight now 0 fair_inc 2685 prop_inc 600 fast_inc 0 eta_inc 4172 multi_dec -45878 quick_dec -0 nack_dec -0
Flow Uec_1007_451 flowId 241 uecSrc 240 finished at 97.3416 total messages 1 total packets 123 RTS 0 total bytes 502578 in_flight now 0 fair_inc 2689 prop_inc 1053 fast_inc 0 eta_inc 4172 multi_dec -75302 quick_dec -0 nack_dec -0
Flow Uec_1088_438 flowId 440 uecSrc 439 finished at 97.3592 total messages 1 total packets 123 RTS 0 total bytes 502578 in_flight now 0 fair_inc 8208 prop_inc 1096 fast_inc 0 eta_inc 4172 multi_dec -89252 quick_dec -0 nack_dec -4150
Flow Uec_575_1096 flowId 535 uecSrc 534 finished at 97.4674 total messages 1 total packets 123 RTS 0 total bytes 502578 in_flight now 0 fair_inc 4549 prop_inc 4 fast_inc 0 eta_inc 4172 multi_dec -54576 quick_dec -0 nack_dec -0
Flow Uec_290_756 flowId 479 uecSrc 478 finished at 97.579 total messages 1 total packets 123 RTS 0 total bytes 502578 in_flight now 0 fair_inc 10359 prop_inc 825 fast_inc 0 eta_inc 4172 multi_dec -82243 quick_dec -0 nack_dec -33200
Flow Uec_167_658 flowId 391 uecSrc 390 finished at 97.5931 total messages 1 total packets 123 RTS 0 total bytes 502578 in_flight now 0 fair_inc 1812 prop_inc 219 fast_inc 0 eta_inc 4768 multi_dec -39294 quick_dec -0 nack_dec -0
Flow Uec_890_274 flowId 521 uecSrc 520 finished at 97.6494 total messages 1 total packets 123 RTS 0 total bytes 502578 in_flight now 0 fair_inc 6934 prop_inc 235 fast_inc 0 eta_inc 4172 multi_dec -87723 quick_dec -0 nack_dec -20750
Flow Uec_648_28 flowId 81 uecSrc 80 finished at 97.6787 total messages 1 total packets 123 RTS 0 total bytes 502578 in_flight now 0 fair_inc 143 prop_inc 219 fast_inc 0 eta_inc 4768 multi_dec -67235 quick_dec -0 nack_dec -0
Flow Uec_900_331 flowId 106 uecSrc 105 finished at 97.6787 total messages 1 total packets 123 RTS 0 total bytes 502578 in_flight now 0 fair_inc 3181 prop_inc 438 fast_inc 0 eta_inc 4172 multi_dec -90574 quick_dec -0 nack_dec -0
Flow Uec_801_208 flowId 250 uecSrc 249 finished at 97.7994 total messages 1 total packets 123 RTS 0 total bytes 502578 in_flight now 0 fair_inc 1747 prop_inc 3458 fast_inc 0 eta_inc 4172 multi_dec -33044 quick_dec -0 nack_dec -4150
Flow Uec_97_569 flowId 92 uecSrc 91 finished at 97.7994 total messages 1 total packets 123 RTS 0 total bytes 502578 in_flight now 0 fair_inc 3152 prop_inc 1270 fast_inc 0 eta_inc 4172 multi_dec -70819 quick_dec -0 nack_dec -0
Flow Uec_385_834 flowId 133 uecSrc 132 finished at 97.8702 total messages 1 total packets 123 RTS 0 total bytes 502578 in_flight now 0 fair_inc 5130 prop_inc 1946 fast_inc 0 eta_inc 4172 multi_dec -50706 quick_dec -0 nack_dec -4150
Flow Uec_414_969 flowId 127 uecSrc 126 finished at 98.0509 total messages 1 total packets 123 RTS 0 total bytes 502578 in_flight now 0 fair_inc 2584 prop_inc 3105 fast_inc 0 eta_inc 4172 multi_dec -78897 quick_dec -0 nack_dec -0
Flow Uec_303_809 flowId 505 uecSrc 504 finished at 98.056 total messages 1 total packets 123 RTS 0 total bytes 502578 in_flight now 0 fair_inc 3186 prop_inc 219 fast_inc 0 eta_inc 4172 multi_dec -52921 quick_dec -0 nack_dec -0
Flow Uec_580_1009 flowId 164 uecSrc 163 finished at 98.0714 total messages 1 total packets 123 RTS 0 total bytes 502578 in_flight now 0 fair_inc 865 prop_inc 438 fast_inc 0 eta_inc 4172 multi_dec -51688 quick_dec -0 nack_dec -0
Flow Uec_718_134 flowId 355 uecSrc 354 finished at 98.1314 total messages 1 total packets 123 RTS 0 total bytes 502578 in_flight now 0 fair_inc 872 prop_inc 1965 fast_inc 0 eta_inc 4172 multi_dec -44699 quick_dec -0 nack_dec -0
Flow Uec_671_85 flowId 451 uecSrc 450 finished at 98.388 total messages 1 total packets 123 RTS 0 total bytes 502578 in_flight now 0 fair_inc 2209 prop_inc 219 fast_inc 0 eta_inc 4172 multi_dec -78574 quick_dec -0 nack_dec -0
Flow Uec_697_72 flowId 16 uecSrc 15 finished at 98.4634 total messages 1 total packets 123 RTS 0 total bytes 502578 in_flight now 0 fair_inc 5306 prop_inc 3828 fast_inc 0 eta_inc 4172 multi_dec -123490 quick_dec -0 nack_dec -0
Flow Uec_10_581 flowId 134 uecSrc 133 finished at 98.4634 total messages 1 total packets 123 RTS 0 total bytes 502578 in_flight now 0 fair_inc 5424 prop_inc 1208 fast_inc 0 eta_inc 4768 multi_dec -56924 quick_dec -0 nack_dec -0
Flow Uec_807_209 flowId 547 uecSrc 546 finished at 98.4685 total messages 1 total packets 123 RTS 0 total bytes 502578 in_flight now 0 fair_inc 0 prop_inc 3880 fast_inc 0 eta_inc 4172 multi_dec -50944 quick_dec -0 nack_dec -8300
Flow Uec_327_858 flowId 362 uecSrc 361 finished at 98.7149 total messages 1 total packets 123 RTS 0 total bytes 502578 in_flight now 0 fair_inc 0 prop_inc 219 fast_inc 0 eta_inc 4768 multi_dec -108474 quick_dec -0 nack_dec -8300
Flow Uec_564_1021 flowId 381 uecSrc 380 finished at 98.7149 total messages 1 total packets 123 RTS 0 total bytes 502578 in_flight now 0 fair_inc 1706 prop_inc 693 fast_inc 0 eta_inc 4768 multi_dec -76860 quick_dec -0 nack_dec -0
Flow Uec_809_241 flowId 331 uecSrc 330 finished at 98.8458 total messages 1 total packets 123 RTS 0 total bytes 502578 in_flight now 0 fair_inc 5364 prop_inc 438 fast_inc 0 eta_inc 4768 multi_dec -70130 quick_dec -0 nack_dec -0
Flow Uec_73_549 flowId 38 uecSrc 37 finished at 98.9262 total messages 1 total packets 123 RTS 0 total bytes 502578 in_flight now 0 fair_inc 2683 prop_inc 338 fast_inc 0 eta_inc 4172 multi_dec -116495 quick_dec -0 nack_dec -8300
Flow Uec_630_88 flowId 475 uecSrc 474 finished at 98.9314 total messages 1 total packets 123 RTS 0 total bytes 502578 in_flight now 0 fair_inc 5732 prop_inc 445 fast_inc 0 eta_inc 4172 multi_dec -68425 quick_dec -0 nack_dec -4150
Flow Uec_165_649 flowId 497 uecSrc 496 finished at 99.0469 total messages 1 total packets 123 RTS 0 total bytes 502578 in_flight now 0 fair_inc 5146 prop_inc 2337 fast_inc 0 eta_inc 4768 multi_dec -71395 quick_dec -0 nack_dec -0
Flow Uec_585_1074 flowId 420 uecSrc 419 finished at 99.0622 total messages 1 total packets 123 RTS 0 total bytes 502578 in_flight now 0 fair_inc 5236 prop_inc 1499 fast_inc 0 eta_inc 4172 multi_dec -86055 quick_dec -0 nack_dec -0
Flow Uec_883_214 flowId 492 uecSrc 491 finished at 99.141 total messages 1 total packets 123 RTS 0 total bytes 502578 in_flight now 0 fair_inc 263 prop_inc 1096 fast_inc 0 eta_inc 4172 multi_dec -78714 quick_dec -0 nack_dec -24900
Flow Uec_1009_464 flowId 461 uecSrc 460 finished at 99.3789 total messages 1 total packets 123 RTS 0 total bytes 502578 in_flight now 0 fair_inc 3582 prop_inc 606 fast_inc 0 eta_inc 4172 multi_dec -93050 quick_dec -0 nack_dec -0
Flow Uec_908_367 flowId 401 uecSrc 400 finished at 99.4594 total messages 1 total packets 123 RTS 0 total bytes 502578 in_flight now 0 fair_inc 6768 prop_inc 1285 fast_inc 0 eta_inc 4172 multi_dec -112923 quick_dec -0 nack_dec -0
Flow Uec_93_560 flowId 252 uecSrc 251 finished at 99.4645 total messages 1 total packets 123 RTS 0 total bytes 502578 in_flight now 0 fair_inc 2287 prop_inc 0 fast_inc 0 eta_inc 4172 multi_dec -34487 quick_dec -0 nack_dec -0
Flow Uec_698_93 flowId 460 uecSrc 459 finished at 99.8067 total messages 1 total packets 123 RTS 0 total bytes 502578 in_flight now 0 fair_inc 5366 prop_inc 3607 fast_inc 0 eta_inc 4172 multi_dec -112308 quick_dec -0 nack_dec -0
Flow Uec_711_135 flowId 30 uecSrc 29 finished at 99.9171 total messages 1 total packets 123 RTS 0 total bytes 502578 in_flight now 0 fair_inc 4884 prop_inc 1169 fast_inc 0 eta_inc 4172 multi_dec -72948 quick_dec -0 nack_dec -0
Flow Uec_540_1060 flowId 71 uecSrc 70 finished at 99.9171 total messages 1 total packets 123 RTS 0 total bytes 502578 in_flight now 0 fair_inc 4018 prop_inc 1091 fast_inc 0 eta_inc 4768 multi_dec -110584 quick_dec -0 nack_dec -0
Flow Uec_502_1044 flowId 369 uecSrc 368 finished at 100.058 total messages 1 total packets 123 RTS 0 total bytes 502578 in_flight now 0 fair_inc 4006 prop_inc 2574 fast_inc 0 eta_inc 4768 multi_dec -50746 quick_dec -0 nack_dec -0
Flow Uec_1012_472 flowId 41 uecSrc 40 finished at 100.123 total messages 1 total packets 123 RTS 0 total bytes 502578 in_flight now 0 fair_inc 9526 prop_inc 1739 fast_inc 0 eta_inc 4768 multi_dec -109385 quick_dec -0 nack_dec -0
Flow Uec_665_34 flowId 95 uecSrc 94 finished at 100.33 total messages 1 total packets 123 RTS 0 total bytes 502578 in_flight now 0 fair_inc 1773 prop_inc 1655 fast_inc 0 eta_inc 4172 multi_dec -129555 quick_dec -0 nack_dec -0
Flow Uec_243_729 flowId 215 uecSrc 214 finished at 100.455 total messages 1 total packets 123 RTS 0 total bytes 502578 in_flight now 0 fair_inc 0 prop_inc 438 fast_inc 0 eta_inc 4172 multi_dec -132843 quick_dec -0 nack_dec -0
Flow Uec_870_206 flowId 178 uecSrc 177 finished at 100.581 total messages 1 total packets 123 RTS 0 total bytes 502578 in_flight now 0 fair_inc 543 prop_inc 13 fast_inc 0 eta_inc 4768 multi_dec -68962 quick_dec -0 nack_dec -0
Flow Uec_215_751 flowId 168 uecSrc 167 finished at 100.787 total messages 1 total packets 123 RTS 0 total bytes 502578 in_flight now 0 fair_inc 8396 prop_inc 853 fast_inc 0 eta_inc 4768 multi_dec -100260 quick_dec -0 nack_dec -0
Flow Uec_673_90 flowId 154 uecSrc 153 finished at 100.913 total messages 1 total packets 123 RTS 0 total bytes 502578 in_flight now 0 fair_inc 3776 prop_inc 866 fast_inc 0 eta_inc 4768 multi_dec -100429 quick_dec -0 nack_dec -0
Flow Uec_668_50 flowId 170 uecSrc 169 finished at 100.994 total messages 1 total packets 123 RTS 0 total bytes 502578 in_flight now 0 fair_inc 3423 prop_inc 1278 fast_inc 0 eta_inc 4768 multi_dec -80123 quick_dec -0 nack_dec -0
Flow Uec_932_335 flowId 386 uecSrc 385 finished at 101.019 total messages 1 total packets 123 RTS 0 total bytes 502578 in_flight now 0 fair_inc 4281 prop_inc 334 fast_inc 0 eta_inc 4768 multi_dec -94390 quick_dec -0 nack_dec -0
Flow Uec_504_1048 flowId 515 uecSrc 514 finished at 101.039 total messages 1 total packets 123 RTS 0 total bytes 502578 in_flight now 0 fair_inc 2596 prop_inc 219 fast_inc 0 eta_inc 4768 multi_dec -111526 quick_dec -0 nack_dec -0
Flow Uec_637_36 flowId 288 uecSrc 287 finished at 101.119 total messages 1 total packets 123 RTS 0 total bytes 502578 in_flight now 0 fair_inc 9089 prop_inc 1096 fast_inc 0 eta_inc 4768 multi_dec -97173 quick_dec -0 nack_dec -0
Flow Uec_663_49 flowId 176 uecSrc 175 finished at 101.326 total messages 1 total packets 123 RTS 0 total bytes 502578 in_flight now 0 fair_inc 1505 prop_inc 1799 fast_inc 0 eta_inc 4172 multi_dec -81063 quick_dec -0 nack_dec -0
Flow Uec_617_54 flowId 248 uecSrc 247 finished at 101.451 total messages 1 total packets 123 RTS 0 total bytes 502578 in_flight now 0 fair_inc 9644 prop_inc 440 fast_inc 0 eta_inc 4768 multi_dec -108012 quick_dec -0 nack_dec -0
Flow Uec_975_305 flowId 177 uecSrc 176 finished at 101.578 total messages 1 total packets 123 RTS 0 total bytes 502578 in_flight now 0 fair_inc 1997 prop_inc 721 fast_inc 0 eta_inc 4768 multi_dec -126910 quick_dec -0 nack_dec -0
Flow Uec_943_313 flowId 132 uecSrc 131 finished at 101.703 total messages 1 total packets 123 RTS 0 total bytes 502578 in_flight now 0 fair_inc 1476 prop_inc 219 fast_inc 0 eta_inc 4768 multi_dec -94941 quick_dec -0 nack_dec -0
Flow Uec_40_522 flowId 330 uecSrc 329 finished at 101.723 total messages 1 total packets 123 RTS 0 total bytes 502578 in_flight now 0 fair_inc 8923 prop_inc 652 fast_inc 0 eta_inc 4768 multi_dec -144946 quick_dec -0 nack_dec -0
Flow Uec_657_32 flowId 517 uecSrc 516 finished at 101.783 total messages 1 total packets 123 RTS 0 total bytes 502578 in_flight now 0 fair_inc 2878 prop_inc 52 fast_inc 0 eta_inc 4768 multi_dec -45613 quick_dec -0 nack_dec -0
Flow Uec_855_239 flowId 149 uecSrc 148 finished at 101.855 total messages 1 total packets 123 RTS 0 total bytes 502578 in_flight now 0 fair_inc 8410 prop_inc 219 fast_inc 0 eta_inc 4768 multi_dec -88920 quick_dec -0 nack_dec -0
Flow Uec_376_841 flowId 485 uecSrc 484 finished at 101.915 total messages 1 total packets 123 RTS 0 total bytes 502578 in_flight now 0 fair_inc 7469 prop_inc 469 fast_inc 0 eta_inc 4768 multi_dec -116718 quick_dec -0 nack_dec -0
Flow Uec_227_769 flowId 536 uecSrc 535 finished at 102.106 total messages 1 total packets 123 RTS 0 total bytes 502578 in_flight now 0 fair_inc 10080 prop_inc 1668 fast_inc 0 eta_inc 4768 multi_dec -102328 quick_dec -0 nack_dec -20750
Flow Uec_816_278 flowId 70 uecSrc 69 finished at 102.161 total messages 1 total packets 123 RTS 0 total bytes 502578 in_flight now 0 fair_inc 5249 prop_inc 328 fast_inc 0 eta_inc 4768 multi_dec -153679 quick_dec -0 nack_dec -0
Flow Uec_634_66 flowId 317 uecSrc 316 finished at 102.241 total messages 1 total packets 123 RTS 0 total bytes 502578 in_flight now 0 fair_inc 1809 prop_inc 219 fast_inc 0 eta_inc 4172 multi_dec -99451 quick_dec -0 nack_dec -0
Flow Uec_356_876 flowId 239 uecSrc 238 finished at 102.706 total messages 1 total packets 123 RTS 0 total bytes 502578 in_flight now 0 fair_inc 7503 prop_inc 1282 fast_inc 0 eta_inc 4768 multi_dec -112995 quick_dec -0 nack_dec -8300
Flow Uec_249_732 flowId 223 uecSrc 222 finished at 102.779 total messages 1 total packets 123 RTS 0 total bytes 502578 in_flight now 0 fair_inc 7611 prop_inc 249 fast_inc 0 eta_inc 4768 multi_dec -134738 quick_dec -0 nack_dec -0
Flow Uec_977_392 flowId 319 uecSrc 318 finished at 102.807 total messages 1 total packets 123 RTS 0 total bytes 502578 in_flight now 0 fair_inc 2084 prop_inc 502 fast_inc 0 eta_inc 4768 multi_dec -125865 quick_dec -0 nack_dec -0
Flow Uec_560_1073 flowId 337 uecSrc 336 finished at 102.85 total messages 1 total packets 123 RTS 0 total bytes 502578 in_flight now 0 fair_inc 11810 prop_inc 1129 fast_inc 0 eta_inc 4768 multi_dec -147829 quick_dec -0 nack_dec -0
Flow Uec_650_21 flowId 163 uecSrc 162 finished at 102.905 total messages 1 total packets 123 RTS 0 total bytes 502578 in_flight now 0 fair_inc 2241 prop_inc 869 fast_inc 0 eta_inc 4768 multi_dec -78245 quick_dec -0 nack_dec -0
Flow Uec_39_591 flowId 5 uecSrc 4 finished at 103.031 total messages 1 total packets 123 RTS 0 total bytes 502578 in_flight now 0 fair_inc 9192 prop_inc 219 fast_inc 0 eta_inc 4768 multi_dec -141724 quick_dec -0 nack_dec -0
Flow Uec_1062_447 flowId 295 uecSrc 294 finished at 103.237 total messages 1 total packets 123 RTS 0 total bytes 502578 in_flight now 0 fair_inc 9656 prop_inc 438 fast_inc 0 eta_inc 4768 multi_dec -140899 quick_dec -0 nack_dec -4150
Flow Uec_762_120 flowId 19 uecSrc 18 finished at 103.443 total messages 1 total packets 123 RTS 0 total bytes 502578 in_flight now 0 fair_inc 5862 prop_inc 219 fast_inc 0 eta_inc 4768 multi_dec -112670 quick_dec -0 nack_dec -0
Flow Uec_121_674 flowId 294 uecSrc 293 finished at 103.459 total messages 1 total packets 123 RTS 0 total bytes 502578 in_flight now 0 fair_inc 7170 prop_inc 1030 fast_inc 0 eta_inc 4768 multi_dec -141340 quick_dec -0 nack_dec -0
Flow Uec_329_871 flowId 524 uecSrc 523 finished at 103.469 total messages 1 total packets 123 RTS 0 total bytes 502578 in_flight now 0 fair_inc 8769 prop_inc 675 fast_inc 0 eta_inc 4768 multi_dec -144774 quick_dec -0 nack_dec -0
Flow Uec_500_1006 flowId 487 uecSrc 486 finished at 103.489 total messages 1 total packets 123 RTS 0 total bytes 502578 in_flight now 0 fair_inc 7119 prop_inc 219 fast_inc 0 eta_inc 4768 multi_dec -106654 quick_dec -0 nack_dec -0
Flow Uec_936_347 flowId 359 uecSrc 358 finished at 103.58 total messages 1 total packets 123 RTS 0 total bytes 502578 in_flight now 0 fair_inc 1641 prop_inc 219 fast_inc 0 eta_inc 4768 multi_dec -116380 quick_dec -0 nack_dec -41500
Flow Uec_878_223 flowId 2 uecSrc 1 finished at 103.901 total messages 1 total packets 123 RTS 0 total bytes 502578 in_flight now 0 fair_inc 7882 prop_inc 753 fast_inc 0 eta_inc 4768 multi_dec -112575 quick_dec -0 nack_dec -0
Flow Uec_761_121 flowId 148 uecSrc 147 finished at 103.906 total messages 1 total packets 123 RTS 0 total bytes 502578 in_flight now 0 fair_inc 3580 prop_inc 219 fast_inc 0 eta_inc 4768 multi_dec -108633 quick_dec -0 nack_dec -0
Flow Uec_462_952 flowId 343 uecSrc 342 finished at 103.937 total messages 1 total packets 123 RTS 0 total bytes 502578 in_flight now 0 fair_inc 11196 prop_inc 877 fast_inc 0 eta_inc 4768 multi_dec -141459 quick_dec -0 nack_dec -0
Flow Uec_830_232 flowId 172 uecSrc 171 finished at 104.233 total messages 1 total packets 123 RTS 0 total bytes 502578 in_flight now 0 fair_inc 13434 prop_inc 0 fast_inc 0 eta_inc 4768 multi_dec -139298 quick_dec -0 nack_dec -0
Flow Uec_947_366 flowId 274 uecSrc 273 finished at 104.359 total messages 1 total packets 123 RTS 0 total bytes 502578 in_flight now 0 fair_inc 8685 prop_inc 116 fast_inc 0 eta_inc 4768 multi_dec -114019 quick_dec -0 nack_dec -0
Flow Uec_640_37 flowId 495 uecSrc 494 finished at 104.771 total messages 1 total packets 123 RTS 0 total bytes 502578 in_flight now 0 fair_inc 13870 prop_inc 658 fast_inc 0 eta_inc 4768 multi_dec -156144 quick_dec -0 nack_dec -0
Flow Uec_639_6 flowId 437 uecSrc 436 finished at 105.229 total messages 1 total packets 123 RTS 0 total bytes 502578 in_flight now 0 fair_inc 611 prop_inc 1416 fast_inc 0 eta_inc 4172 multi_dec -78845 quick_dec -0 nack_dec -8300
Flow Uec_937_384 flowId 405 uecSrc 404 finished at 105.335 total messages 1 total packets 123 RTS 0 total bytes 502578 in_flight now 0 fair_inc 4415 prop_inc 534 fast_inc 0 eta_inc 4768 multi_dec -131119 quick_dec -0 nack_dec -12450
Flow Uec_988_346 flowId 37 uecSrc 36 finished at 105.724 total messages 1 total packets 123 RTS 0 total bytes 502578 in_flight now 0 fair_inc 7983 prop_inc 806 fast_inc 0 eta_inc 4768 multi_dec -96243 quick_dec -0 nack_dec -53950
Flow Uec_832_200 flowId 289 uecSrc 288 finished at 107.015 total messages 1 total packets 123 RTS 0 total bytes 502578 in_flight now 0 fair_inc 12819 prop_inc 2914 fast_inc 0 eta_inc 4768 multi_dec -130602 quick_dec -0 nack_dec -24900
Flow Uec_377_860 flowId 9 uecSrc 8 finished at 110.951 total messages 1 total packets 123 RTS 0 total bytes 502578 in_flight now 0 fair_inc 0 prop_inc 1799 fast_inc 0 eta_inc 4768 multi_dec -102447 quick_dec -0 nack_dec -53950
Flow Uec_571_1075 flowId 262 uecSrc 261 finished at 111.145 total messages 1 total packets 123 RTS 0 total bytes 502578 in_flight now 0 fair_inc 13873 prop_inc 2994 fast_inc 0 eta_inc 5364 multi_dec -136525 quick_dec -0 nack_dec -12450
Flow Uec_838_253 flowId 87 uecSrc 86 finished at 113.588 total messages 1 total packets 123 RTS 0 total bytes 502578 in_flight now 0 fair_inc 6469 prop_inc 219 fast_inc 0 eta_inc 4768 multi_dec -132972 quick_dec -0 nack_dec -33200
Flow Uec_1085_443 flowId 97 uecSrc 96 finished at 114.026 total messages 1 total packets 123 RTS 0 total bytes 502578 in_flight now 0 fair_inc 7150 prop_inc 1062 fast_inc 0 eta_inc 4768 multi_dec -62256 quick_dec -0 nack_dec -74700
Flow Uec_986_356 flowId 74 uecSrc 73 finished at 115.695 total messages 1 total packets 123 RTS 0 total bytes 502578 in_flight now 0 fair_inc 932 prop_inc 859 fast_inc 0 eta_inc 5364 multi_dec -101891 quick_dec -0 nack_dec -33200
Flow Uec_912_352 flowId 525 uecSrc 524 finished at 116.359 total messages 1 total packets 123 RTS 0 total bytes 502578 in_flight now 0 fair_inc 1274 prop_inc 1503 fast_inc 0 eta_inc 4768 multi_dec -100781 quick_dec -0 nack_dec -29050
Flow Uec_995_351 flowId 49 uecSrc 48 finished at 116.691 total messages 1 total packets 123 RTS 0 total bytes 502578 in_flight now 0 fair_inc 10288 prop_inc 438 fast_inc 0 eta_inc 5364 multi_dec -134572 quick_dec -0 nack_dec -20750
Flow Uec_248_785 flowId 463 uecSrc 462 finished at 120.288 total messages 1 total packets 123 RTS 0 total bytes 502578 in_flight now 0 fair_inc 0 prop_inc 0 fast_inc 0 eta_inc 5364 multi_dec -146872 quick_dec -0 nack_dec -41500
Flow Uec_233_780 flowId 322 uecSrc 321 finished at 122.074 total messages 1 total packets 123 RTS 0 total bytes 502578 in_flight now 0 fair_inc 6228 prop_inc 219 fast_inc 0 eta_inc 5364 multi_dec -123509 quick_dec -0 nack_dec -53950
Flow Uec_338_852 flowId 18 uecSrc 17 finished at 124.268 total messages 1 total packets 123 RTS 0 total bytes 502578 in_flight now 0 fair_inc 5605 prop_inc 1028 fast_inc 0 eta_inc 5960 multi_dec -71442 quick_dec -0 nack_dec -83000
Flow Uec_727_174 flowId 550 uecSrc 549 finished at 124.361 total messages 1 total packets 123 RTS 0 total bytes 502578 in_flight now 0 fair_inc 9713 prop_inc 1596 fast_inc 0 eta_inc 5364 multi_dec -80939 quick_dec -0 nack_dec -87150
Flow Uec_284_772 flowId 103 uecSrc 102 finished at 124.963 total messages 1 total packets 123 RTS 0 total bytes 502578 in_flight now 0 fair_inc 9145 prop_inc 1079 fast_inc 0 eta_inc 5960 multi_dec -91118 quick_dec -0 nack_dec -83000
Flow Uec_209_774 flowId 457 uecSrc 456 finished at 126.748 total messages 1 total packets 123 RTS 0 total bytes 502578 in_flight now 0 fair_inc 5474 prop_inc 979 fast_inc 0 eta_inc 5960 multi_dec -98484 quick_dec -0 nack_dec -70550
Flow Uec_144_686 flowId 314 uecSrc 313 finished at 128.524 total messages 1 total packets 123 RTS 0 total bytes 502578 in_flight now 0 fair_inc 5363 prop_inc 1737 fast_inc 0 eta_inc 5960 multi_dec -121004 quick_dec -0 nack_dec -66400
Flow Uec_346_869 flowId 203 uecSrc 202 finished at 128.738 total messages 1 total packets 123 RTS 0 total bytes 502578 in_flight now 0 fair_inc 12979 prop_inc 3266 fast_inc 0 eta_inc 5960 multi_dec -143893 quick_dec -0 nack_dec -37350
Flow Uec_786_158 flowId 192 uecSrc 191 finished at 131.043 total messages 1 total packets 123 RTS 0 total bytes 502578 in_flight now 0 fair_inc 1572 prop_inc 4974 fast_inc 0 eta_inc 5960 multi_dec -137054 quick_dec -0 nack_dec -37350
Flow Uec_365_865 flowId 470 uecSrc 469 finished at 131.062 total messages 1 total packets 123 RTS 0 total bytes 502578 in_flight now 0 fair_inc 6876 prop_inc 11963 fast_inc 0 eta_inc 5960 multi_dec -103813 quick_dec -0 nack_dec -70550
Flow Uec_17_562 flowId 246 uecSrc 245 finished at 131.215 total messages 1 total packets 123 RTS 0 total bytes 502578 in_flight now 0 fair_inc 17546 prop_inc 595 fast_inc 0 eta_inc 5960 multi_dec -88506 quick_dec -0 nack_dec -87150
Flow Uec_74_566 flowId 27 uecSrc 26 finished at 131.295 total messages 1 total packets 123 RTS 0 total bytes 502578 in_flight now 0 fair_inc 4371 prop_inc 6693 fast_inc 0 eta_inc 5960 multi_dec -130575 quick_dec -0 nack_dec -45650
Flow Uec_910_378 flowId 504 uecSrc 503 finished at 132.957 total messages 1 total packets 123 RTS 0 total bytes 502578 in_flight now 0 fair_inc 11986 prop_inc 536 fast_inc 0 eta_inc 5960 multi_dec -71352 quick_dec -0 nack_dec -91300
Flow Uec_1094_448 flowId 245 uecSrc 244 finished at 133.141 total messages 1 total packets 123 RTS 0 total bytes 502578 in_flight now 0 fair_inc 1297 prop_inc 6344 fast_inc 0 eta_inc 5960 multi_dec -106885 quick_dec -0 nack_dec -53950
Flow Uec_725_152 flowId 278 uecSrc 277 finished at 133.493 total messages 1 total packets 123 RTS 0 total bytes 502578 in_flight now 0 fair_inc 4152 prop_inc 1027 fast_inc 0 eta_inc 5960 multi_dec -105226 quick_dec -0 nack_dec -83000
Flow Uec_108_680 flowId 423 uecSrc 422 finished at 134.626 total messages 1 total packets 123 RTS 0 total bytes 502578 in_flight now 0 fair_inc 4662 prop_inc 2818 fast_inc 0 eta_inc 5960 multi_dec -102466 quick_dec -0 nack_dec -53950
Flow Uec_355_857 flowId 513 uecSrc 512 finished at 134.958 total messages 1 total packets 123 RTS 0 total bytes 502578 in_flight now 0 fair_inc 10297 prop_inc 7699 fast_inc 0 eta_inc 5960 multi_dec -107983 quick_dec -0 nack_dec -70550
Flow Uec_897_258 flowId 218 uecSrc 217 finished at 135.359 total messages 1 total packets 123 RTS 0 total bytes 502578 in_flight now 0 fair_inc 2291 prop_inc 12910 fast_inc 3412 eta_inc 5960 multi_dec -95444 quick_dec -0 nack_dec -58100
Flow Uec_773_159 flowId 406 uecSrc 405 finished at 135.817 total messages 1 total packets 123 RTS 0 total bytes 502578 in_flight now 0 fair_inc 10515 prop_inc 5887 fast_inc 0 eta_inc 5960 multi_dec -99406 quick_dec -0 nack_dec -78850
Flow Uec_978_377 flowId 328 uecSrc 327 finished at 136.735 total messages 1 total packets 123 RTS 0 total bytes 502578 in_flight now 0 fair_inc 16886 prop_inc 3152 fast_inc 0 eta_inc 5960 multi_dec -64551 quick_dec -0 nack_dec -103750
Flow Uec_945_375 flowId 94 uecSrc 93 finished at 138.002 total messages 1 total packets 123 RTS 0 total bytes 502578 in_flight now 0 fair_inc 5678 prop_inc 5999 fast_inc 0 eta_inc 6556 multi_dec -106003 quick_dec -0 nack_dec -74700
Flow Uec_22_563 flowId 353 uecSrc 352 finished at 140.657 total messages 1 total packets 123 RTS 0 total bytes 502578 in_flight now 0 fair_inc 6990 prop_inc 5980 fast_inc 0 eta_inc 6556 multi_dec -81137 quick_dec -0 nack_dec -103750
Flow Uec_313_853 flowId 211 uecSrc 210 finished at 141 total messages 1 total packets 123 RTS 0 total bytes 502578 in_flight now 0 fair_inc 9480 prop_inc 14421 fast_inc 2402 eta_inc 6556 multi_dec -101602 quick_dec -0 nack_dec -74700
Flow Uec_738_171 flowId 340 uecSrc 339 finished at 141.756 total messages 1 total packets 123 RTS 0 total bytes 502578 in_flight now 0 fair_inc 9953 prop_inc 10156 fast_inc 0 eta_inc 6556 multi_dec -109247 quick_dec -0 nack_dec -83000
Flow Uec_164_683 flowId 4 uecSrc 3 finished at 142.327 total messages 1 total packets 123 RTS 0 total bytes 502578 in_flight now 0 fair_inc 7333 prop_inc 10126 fast_inc 0 eta_inc 5960 multi_dec -102076 quick_dec -0 nack_dec -87150
Flow Uec_1079_446 flowId 409 uecSrc 408 finished at 142.835 total messages 1 total packets 123 RTS 0 total bytes 502578 in_flight now 0 fair_inc 15185 prop_inc 13681 fast_inc 0 eta_inc 5960 multi_dec -79762 quick_dec -0 nack_dec -99600
Flow Uec_415_970 flowId 531 uecSrc 530 finished at 143.799 total messages 1 total packets 123 RTS 0 total bytes 502578 in_flight now 0 fair_inc 8675 prop_inc 5769 fast_inc 0 eta_inc 5364 multi_dec -63237 quick_dec -0 nack_dec -116200
Flow Uec_712_177 flowId 491 uecSrc 490 finished at 145.076 total messages 1 total packets 123 RTS 0 total bytes 502578 in_flight now 0 fair_inc 2063 prop_inc 14871 fast_inc 0 eta_inc 6556 multi_dec -115516 quick_dec -0 nack_dec -70550
Flow Uec_292_786 flowId 412 uecSrc 411 finished at 148.78 total messages 1 total packets 123 RTS 0 total bytes 502578 in_flight now 0 fair_inc 12277 prop_inc 13172 fast_inc 18564 eta_inc 6556 multi_dec -75715 quick_dec -0 nack_dec -99600
Flow Uec_460_978 flowId 226 uecSrc 225 finished at 151.833 total messages 1 total packets 123 RTS 0 total bytes 502578 in_flight now 0 fair_inc 7972 prop_inc 9650 fast_inc 0 eta_inc 7152 multi_dec -91417 quick_dec -0 nack_dec -91300
Flow Uec_880_256 flowId 411 uecSrc 410 finished at 154.253 total messages 1 total packets 123 RTS 0 total bytes 502578 in_flight now 0 fair_inc 5527 prop_inc 6938 fast_inc 25637 eta_inc 6556 multi_dec -127951 quick_dec -0 nack_dec -58100
Flow Uec_247_775 flowId 77 uecSrc 76 finished at 155.04 total messages 1 total packets 123 RTS 0 total bytes 502578 in_flight now 0 fair_inc 4050 prop_inc 14649 fast_inc 0 eta_inc 7152 multi_dec -121643 quick_dec -0 nack_dec -66400
Flow Uec_430_977 flowId 214 uecSrc 213 finished at 167.296 total messages 1 total packets 123 RTS 0 total bytes 502578 in_flight now 0 fair_inc 3966 prop_inc 8226 fast_inc 21595 eta_inc 7152 multi_dec -81259 quick_dec -0 nack_dec -103750
Flow Uec_461_971 flowId 225 uecSrc 224 finished at 171.391 total messages 1 total packets 123 RTS 0 total bytes 502578 in_flight now 0 fair_inc 10923 prop_inc 8186 fast_inc 0 eta_inc 7748 multi_dec -117030 quick_dec -0 nack_dec -91300
Flow Uec_676_87 flowId 220 uecSrc 219 finished at 172.72 total messages 1 total packets 123 RTS 0 total bytes 502578 in_flight now 0 fair_inc 7093 prop_inc 15954 fast_inc 0 eta_inc 7748 multi_dec -77198 quick_dec -0 nack_dec -99600
Flow Uec_626_89 flowId 364 uecSrc 363 finished at 173.51 total messages 1 total packets 123 RTS 0 total bytes 502578 in_flight now 0 fair_inc 5264 prop_inc 7004 fast_inc 0 eta_inc 7152 multi_dec -56137 quick_dec -0 nack_dec -124500
Flow Uec_699_86 flowId 378 uecSrc 377 finished at 175.96 total messages 1 total packets 123 RTS 0 total bytes 502578 in_flight now 0 fair_inc 11816 prop_inc 6206 fast_inc 0 eta_inc 7748 multi_dec -73842 quick_dec -0 nack_dec -112050
Flow Uec_688_83 flowId 526 uecSrc 525 finished at 177.102 total messages 1 total packets 123 RTS 0 total bytes 502578 in_flight now 0 fair_inc 0 prop_inc 19220 fast_inc 0 eta_inc 7748 multi_dec -68643 quick_dec -0 nack_dec -103750
.Done
New: 67650 Rtx: 1152 RTS: 0 Bounced: 0 ACKs: 52000 NACKs: 1152 Pulls: 0 sleek_pkts: 0
