pattern,nodes,size,strat_label,strat,load_balancing_algo,extra_flags,load_fraction,flowsize,seed,n_flows,duration_us,fct_mean,fct_p50,fct_p99,fct_max,fct_min,new,rtx,rts,bounced,acks,nacks,pulls,sleek_pkts,rtx_rate_pct,rts_rate_pct,nack_rate_pct,bounced_rate_pct
tornado,1100,m,fpar,fpar,oblivious,-threshold 20750 -disable_hop_rtt_normalization,0.25,100000,1,275,29.2736,22.58131309090911,21.6091,28.9416,29.2736,19.4867,6875,0,0,0,2235,0,0,0,0.0,0.0,0.0,0.0
tornado,1100,m,reps_uniform_draws,reps_dfp,reps,-dfp_low_uniform,0.25,100000,1,275,26.9816,24.13739854545455,24.1296,25.6456,26.9816,22.9856,6875,0,0,0,2136,0,0,0,0.0,0.0,0.0,0.0
tornado,1100,m,reps_share,reps_dfp,reps,,0.25,100000,1,275,24.6456,22.24588727272726,21.9896,24.3136,24.6456,20.8176,6875,0,0,0,2127,0,0,0,0.0,0.0,0.0,0.0
tornado,1100,m,reps_partition,reps_dfp,reps,-reps_partition_entropy -reps_escalate_threshold 0.2 -reps_warmup_explore_rtts 0.5 -reps_explore_prob 70,0.25,100000,1,275,24.6496,22.162170181818176,21.829,23.8096,24.6496,20.8318,6875,0,0,0,2122,0,0,0,0.0,0.0,0.0,0.0
tornado,1100,m,fpar,fpar,oblivious,-threshold 20750 -disable_hop_rtt_normalization,0.25,100000,2,275,28.9416,23.030862181818183,21.8147,28.9376,28.9416,19.4816,6875,0,0,0,2258,0,0,0,0.0,0.0,0.0,0.0
tornado,1100,m,reps_uniform_draws,reps_dfp,reps,-dfp_low_uniform,0.25,100000,2,275,26.6667,24.08551818181818,23.9936,25.9856,26.6667,23.1456,6875,0,0,0,2126,0,0,0,0.0,0.0,0.0,0.0
tornado,1100,m,reps_share,reps_dfp,reps,,0.25,100000,2,275,24.3136,22.18892763636362,21.9947,23.9856,24.3136,20.8136,6875,0,0,0,2119,0,0,0,0.0,0.0,0.0,0.0
tornado,1100,m,reps_partition,reps_dfp,reps,-reps_partition_entropy -reps_escalate_threshold 0.2 -reps_warmup_explore_rtts 0.5 -reps_explore_prob 70,0.25,100000,2,275,24.9896,22.161974181818152,22.1376,23.9856,24.9896,21.1416,6875,0,0,0,2121,0,0,0,0.0,0.0,0.0,0.0
tornado,1100,m,fpar,fpar,oblivious,-threshold 20750 -disable_hop_rtt_normalization,0.25,100000,3,275,30.9336,22.55962981818183,21.8056,29.4456,30.9336,19.8136,6875,0,0,0,2218,0,0,0,0.0,0.0,0.0,0.0
tornado,1100,m,reps_uniform_draws,reps_dfp,reps,-dfp_low_uniform,0.25,100000,3,275,25.4576,24.10109599999999,24.1296,25.3096,25.4576,22.8016,6875,0,0,0,2136,0,0,0,0.0,0.0,0.0,0.0
tornado,1100,m,reps_share,reps_dfp,reps,,0.25,100000,3,275,24.3136,22.09592327272728,21.821,23.9856,24.3136,20.9856,6875,0,0,0,2128,0,0,0,0.0,0.0,0.0,0.0
tornado,1100,m,reps_partition,reps_dfp,reps,-reps_partition_entropy -reps_escalate_threshold 0.2 -reps_warmup_explore_rtts 0.5 -reps_explore_prob 70,0.25,100000,3,275,24.3216,22.159873090909098,21.9576,24.1456,24.3216,21.1416,6875,0,0,0,2126,0,0,0,0.0,0.0,0.0,0.0
tornado,1100,m,fpar,fpar,oblivious,-threshold 20750 -disable_hop_rtt_normalization,0.25,100000,4,275,36.7694,23.28316509090911,21.8056,36.1054,36.7694,19.4816,6875,0,0,0,2342,0,0,0,0.0,0.0,0.0,0.0
tornado,1100,m,reps_uniform_draws,reps_dfp,reps,-dfp_low_uniform,0.25,100000,4,275,26.1336,24.12305854545454,24.1336,25.6416,26.1336,22.4696,6875,0,0,0,2134,0,0,0,0.0,0.0,0.0,0.0
tornado,1100,m,reps_share,reps_dfp,reps,,0.25,100000,4,275,24.3238,22.054074909090904,21.8176,23.9816,24.3238,20.8176,6875,0,0,0,2128,0,0,0,0.0,0.0,0.0,0.0
tornado,1100,m,reps_partition,reps_dfp,reps,-reps_partition_entropy -reps_escalate_threshold 0.2 -reps_warmup_explore_rtts 0.5 -reps_explore_prob 70,0.25,100000,4,275,24.9536,22.229947999999986,22.1376,24.3176,24.9536,20.8176,6875,0,0,0,2118,0,0,0,0.0,0.0,0.0,0.0
tornado,1100,m,fpar,fpar,oblivious,-threshold 20750 -disable_hop_rtt_normalization,0.25,100000,5,275,28.9416,22.49506254545456,21.4838,28.6096,28.9416,19.4867,6875,0,0,0,2235,0,0,0,0.0,0.0,0.0,0.0
tornado,1100,m,reps_uniform_draws,reps_dfp,reps,-dfp_low_uniform,0.25,100000,5,275,25.2976,24.101155636363668,24.1296,25.1256,25.2976,22.8016,6875,0,0,0,2135,0,0,0,0.0,0.0,0.0,0.0
tornado,1100,m,reps_share,reps_dfp,reps,,0.25,100000,5,275,24.3176,22.157736363636367,21.9896,23.9816,24.3176,20.8176,6875,0,0,0,2132,0,0,0,0.0,0.0,0.0,0.0
tornado,1100,m,reps_partition,reps_dfp,reps,-reps_partition_entropy -reps_escalate_threshold 0.2 -reps_warmup_explore_rtts 0.5 -reps_explore_prob 70,0.25,100000,5,275,25.3216,22.046967272727272,21.821,23.9816,25.3216,21.1416,6875,0,0,0,2124,0,0,0,0.0,0.0,0.0,0.0
tornado,1100,m,fpar,fpar,oblivious,-threshold 20750 -disable_hop_rtt_normalization,0.25,250000,1,275,54.7406,37.00596945454544,34.0462,53.7907,54.7406,31.7171,17050,212,0,0,5914,212,0,0,1.2434017595307918,0.0,1.2434017595307918,0.0
tornado,1100,m,reps_uniform_draws,reps_dfp,reps,-dfp_low_uniform,0.25,250000,1,275,39.2656,36.686925454545474,36.6352,38.6016,39.2656,35.3658,17050,0,0,0,4897,0,0,0,0.0,0.0,0.0,0.0
tornado,1100,m,reps_share,reps_dfp,reps,,0.25,250000,1,275,36.5976,34.49193345454545,34.3362,36.0349,36.5976,33.663,17050,0,0,0,4676,0,0,0,0.0,0.0,0.0,0.0
tornado,1100,m,reps_partition,reps_dfp,reps,-reps_partition_entropy -reps_escalate_threshold 0.2 -reps_warmup_explore_rtts 0.5 -reps_explore_prob 70,0.25,250000,1,275,39.2416,34.80093236363638,34.339,38.9096,39.2416,33.335,17050,0,0,0,4701,0,0,0,0.0,0.0,0.0,0.0
tornado,1100,m,fpar,fpar,oblivious,-threshold 20750 -disable_hop_rtt_normalization,0.25,250000,2,275,54.3933,38.20629163636358,34.659,53.3882,54.3933,31.671,17050,289,0,0,6421,289,0,0,1.6950146627565983,0.0,1.6950146627565983,0.0
tornado,1100,m,reps_uniform_draws,reps_dfp,reps,-dfp_low_uniform,0.25,250000,2,275,39.9176,36.643528363636364,36.637,39.2536,39.9176,35.3794,17050,0,0,0,4891,0,0,0,0.0,0.0,0.0,0.0
tornado,1100,m,reps_share,reps_dfp,reps,,0.25,250000,2,275,37.5936,34.71229927272724,34.3925,37.0597,37.5936,33.3874,17050,0,0,0,4675,0,0,0,0.0,0.0,0.0,0.0
tornado,1100,m,reps_partition,reps_dfp,reps,-reps_partition_entropy -reps_escalate_threshold 0.2 -reps_warmup_explore_rtts 0.5 -reps_explore_prob 70,0.25,250000,2,275,39.307,35.08817563636364,34.671,39.0405,39.307,33.347,17050,0,0,0,4714,0,0,0,0.0,0.0,0.0,0.0
tornado,1100,m,fpar,fpar,oblivious,-threshold 20750 -disable_hop_rtt_normalization,0.25,250000,3,275,56.6723,36.85141636363634,34.0002,55.7418,56.6723,33.331,17050,138,0,0,5723,138,0,0,0.8093841642228738,0.0,0.8093841642228738,0.0
tornado,1100,m,reps_uniform_draws,reps_dfp,reps,-dfp_low_uniform,0.25,250000,3,275,40.979,36.66874363636366,36.6301,38.7085,40.979,35.6523,17050,0,0,0,4896,0,0,0,0.0,0.0,0.0,0.0
tornado,1100,m,reps_share,reps_dfp,reps,,0.25,250000,3,275,36.5976,34.526590545454525,34.331,36.305,36.5976,33.3618,17050,0,0,0,4675,0,0,0,0.0,0.0,0.0,0.0
tornado,1100,m,reps_partition,reps_dfp,reps,-reps_partition_entropy -reps_escalate_threshold 0.2 -reps_warmup_explore_rtts 0.5 -reps_explore_prob 70,0.25,250000,3,275,37.9136,34.643843999999966,34.5936,37.4459,37.9136,33.335,17050,0,0,0,4690,0,0,0,0.0,0.0,0.0,0.0
tornado,1100,m,fpar,fpar,oblivious,-threshold 20750 -disable_hop_rtt_normalization,0.25,250000,4,275,73.7474,38.878264727272715,34.0605,73.3323,73.7474,31.671,17050,460,0,0,6452,460,0,0,2.697947214076246,0.0,2.697947214076246,0.0
tornado,1100,m,reps_uniform_draws,reps_dfp,reps,-dfp_low_uniform,0.25,250000,4,275,41.5896,36.865246545454546,36.663,41.1907,41.5896,34.991,17050,0,0,0,4919,0,0,0,0.0,0.0,0.0,0.0
tornado,1100,m,reps_share,reps_dfp,reps,,0.25,250000,4,275,36.9336,34.5660018181818,34.339,36.6381,36.9336,33.376,17050,0,0,0,4676,0,0,0,0.0,0.0,0.0,0.0
tornado,1100,m,reps_partition,reps_dfp,reps,-reps_partition_entropy -reps_escalate_threshold 0.2 -reps_warmup_explore_rtts 0.5 -reps_explore_prob 70,0.25,250000,4,275,43.623,35.594661818181805,34.6056,43.1554,43.623,33.331,17050,0,0,0,4749,0,0,0,0.0,0.0,0.0,0.0
tornado,1100,m,fpar,fpar,oblivious,-threshold 20750 -disable_hop_rtt_normalization,0.25,250000,5,275,54.4138,36.79562654545454,33.995,54.0163,54.4138,31.7222,17050,209,0,0,5837,209,0,0,1.2258064516129032,0.0,1.2258064516129032,0.0
tornado,1100,m,reps_uniform_draws,reps_dfp,reps,-dfp_low_uniform,0.25,250000,5,275,40.2496,36.67761418181822,36.651,38.2576,40.2496,35.6136,17050,0,0,0,4886,0,0,0,0.0,0.0,0.0,0.0
tornado,1100,m,reps_share,reps_dfp,reps,,0.25,250000,5,275,36.6272,34.51929199999998,34.331,36.6016,36.6272,33.335,17050,0,0,0,4675,0,0,0,0.0,0.0,0.0,0.0
tornado,1100,m,reps_partition,reps_dfp,reps,-reps_partition_entropy -reps_escalate_threshold 0.2 -reps_warmup_explore_rtts 0.5 -reps_explore_prob 70,0.25,250000,5,275,36.983,34.58099818181818,34.3322,36.6562,36.983,33.335,17050,0,0,0,4696,0,0,0,0.0,0.0,0.0,0.0
tornado,1100,m,fpar,fpar,oblivious,-threshold 20750 -disable_hop_rtt_normalization,0.25,500000,1,275,105.471,60.99974181818179,54.4712,95.924,105.471,52.1165,33825,432,0,0,12447,432,0,0,1.2771618625277161,0.0,1.2771618625277161,0.0
tornado,1100,m,reps_uniform_draws,reps_dfp,reps,-dfp_low_uniform,0.25,500000,1,275,61.9968,57.81391418181818,57.705,61.1896,61.9968,55.9824,33825,0,0,0,10146,0,0,0,0.0,0.0,0.0,0.0
tornado,1100,m,reps_share,reps_dfp,reps,,0.25,500000,1,275,56.9714,54.97926181818182,54.7816,56.8496,56.9714,53.9794,33825,0,0,0,8871,0,0,0,0.0,0.0,0.0,0.0
tornado,1100,m,reps_partition,reps_dfp,reps,-reps_partition_entropy -reps_escalate_threshold 0.2 -reps_warmup_explore_rtts 0.5 -reps_explore_prob 70,0.25,500000,1,275,59.4936,55.80136690909093,55.5096,59.1616,59.4936,53.9754,33825,0,0,0,9055,0,0,0,0.0,0.0,0.0,0.0
tornado,1100,m,fpar,fpar,oblivious,-threshold 20750 -disable_hop_rtt_normalization,0.25,500000,2,275,97.0765,63.50188836363635,55.3034,95.2227,97.0765,51.9834,33825,552,0,0,14065,552,0,0,1.6319290465631928,0.0,1.6319290465631928,0.0
tornado,1100,m,reps_uniform_draws,reps_dfp,reps,-dfp_low_uniform,0.25,500000,2,275,63.1576,57.9254538181818,57.9014,61.2877,63.1576,56.233,33825,0,0,0,10241,0,0,0,0.0,0.0,0.0,0.0
tornado,1100,m,reps_share,reps_dfp,reps,,0.25,500000,2,275,57.1856,55.01015745454549,54.8616,56.8456,57.1856,53.9794,33825,0,0,0,8890,0,0,0,0.0,0.0,0.0,0.0
tornado,1100,m,reps_partition,reps_dfp,reps,-reps_partition_entropy -reps_escalate_threshold 0.2 -reps_warmup_explore_rtts 0.5 -reps_explore_prob 70,0.25,500000,2,275,63.0651,56.74889490909092,55.711,62.7784,63.0651,53.6594,33825,0,0,0,9175,0,0,0,0.0,0.0,0.0,0.0
tornado,1100,m,fpar,fpar,oblivious,-threshold 20750 -disable_hop_rtt_normalization,0.25,500000,3,275,116.488,60.82898545454546,54.636,94.3189,116.488,53.6434,33825,429,0,0,12391,429,0,0,1.2682926829268293,0.0,1.2682926829268293,0.0
tornado,1100,m,reps_uniform_draws,reps_dfp,reps,-dfp_low_uniform,0.25,500000,3,275,60.1598,57.803262545454544,57.713,59.8376,60.1598,56.2994,33825,0,0,0,10224,0,0,0,0.0,0.0,0.0,0.0
tornado,1100,m,reps_share,reps_dfp,reps,,0.25,500000,3,275,57.6394,55.02954945454547,54.8986,57.1816,57.6394,53.9754,33825,0,0,0,8871,0,0,0,0.0,0.0,0.0,0.0
tornado,1100,m,reps_partition,reps_dfp,reps,-reps_partition_entropy -reps_escalate_threshold 0.2 -reps_warmup_explore_rtts 0.5 -reps_explore_prob 70,0.25,500000,3,275,60.4896,55.93692872727275,55.5096,60.2834,60.4896,53.9794,33825,0,0,0,9046,0,0,0,0.0,0.0,0.0,0.0
tornado,1100,m,fpar,fpar,oblivious,-threshold 20750 -disable_hop_rtt_normalization,0.25,500000,4,275,140.395,64.76001927272723,54.5776,131.493,140.395,51.9834,33825,816,0,0,13807,816,0,0,2.412416851441242,0.0,2.412416851441242,0.0
tornado,1100,m,reps_uniform_draws,reps_dfp,reps,-dfp_low_uniform,0.25,500000,4,275,65.2574,58.04722909090908,57.8787,63.1346,65.2574,55.9714,33825,0,0,0,10224,0,0,0,0.0,0.0,0.0,0.0
tornado,1100,m,reps_share,reps_dfp,reps,,0.25,500000,4,275,59.8376,55.111064363636416,54.9765,57.4864,59.8376,53.8536,33825,0,0,0,8872,0,0,0,0.0,0.0,0.0,0.0
tornado,1100,m,reps_partition,reps_dfp,reps,-reps_partition_entropy -reps_escalate_threshold 0.2 -reps_warmup_explore_rtts 0.5 -reps_explore_prob 70,0.25,500000,4,275,67.8448,57.2934650909091,55.5216,67.2261,67.8448,53.9754,33825,26,0,0,9385,26,0,0,0.07686622320768663,0.0,0.07686622320768663,0.0
tornado,1100,m,fpar,fpar,oblivious,-threshold 20750 -disable_hop_rtt_normalization,0.25,500000,5,275,97.0622,60.56861854545452,54.4098,94.9496,97.0622,52.1114,33825,407,0,0,12278,407,0,0,1.2032520325203253,0.0,1.2032520325203253,0.0
tornado,1100,m,reps_uniform_draws,reps_dfp,reps,-dfp_low_uniform,0.25,500000,5,275,68.5954,57.9108669090909,57.6576,67.4736,68.5954,55.9061,33825,0,0,0,10251,0,0,0,0.0,0.0,0.0,0.0
tornado,1100,m,reps_share,reps_dfp,reps,,0.25,500000,5,275,56.5176,54.92197600000002,54.7691,56.3085,56.5176,53.9754,33825,0,0,0,8870,0,0,0,0.0,0.0,0.0,0.0
tornado,1100,m,reps_partition,reps_dfp,reps,-reps_partition_entropy -reps_escalate_threshold 0.2 -reps_warmup_explore_rtts 0.5 -reps_explore_prob 70,0.25,500000,5,275,61.1587,55.802466181818154,55.1896,60.8267,61.1587,53.9754,33825,0,0,0,9042,0,0,0,0.0,0.0,0.0,0.0
tornado,1100,m,fpar,fpar,oblivious,-threshold 20750 -disable_hop_rtt_normalization,0.25,2000000,1,275,481.941,203.84098181818172,177.299,372.425,481.941,175.214,134750,437,0,0,50827,437,0,0,0.32430426716141003,0.0,0.32430426716141003,0.0
tornado,1100,m,reps_uniform_draws,reps_dfp,reps,-dfp_low_uniform,0.25,2000000,1,275,191.303,184.20007272727273,184.002,189.961,191.303,178.782,134750,0,0,0,41967,0,0,0,0.0,0.0,0.0,0.0
tornado,1100,m,reps_share,reps_dfp,reps,,0.25,2000000,1,275,179.026,177.2241745454545,177.182,178.854,179.026,176.19,134750,0,0,0,34220,0,0,0,0.0,0.0,0.0,0.0
tornado,1100,m,reps_partition,reps_dfp,reps,-reps_partition_entropy -reps_escalate_threshold 0.2 -reps_warmup_explore_rtts 0.5 -reps_explore_prob 70,0.25,2000000,1,275,180.692,177.41137818181804,177.366,179.701,180.692,176.186,134750,0,0,0,35199,0,0,0,0.0,0.0,0.0,0.0
tornado,1100,m,fpar,fpar,oblivious,-threshold 20750 -disable_hop_rtt_normalization,0.25,2000000,2,275,349.784,213.57464363636362,178.418,346.811,349.784,173.862,134750,593,0,0,56703,593,0,0,0.4400742115027829,0.0,0.4400742115027829,0.0
tornado,1100,m,reps_uniform_draws,reps_dfp,reps,-dfp_low_uniform,0.25,2000000,2,275,192.619,184.75078181818185,184.35,191.366,192.619,178.955,134750,0,0,0,42192,0,0,0,0.0,0.0,0.0,0.0
tornado,1100,m,reps_share,reps_dfp,reps,,0.25,2000000,2,275,180.113,177.29899999999984,177.182,179.393,180.113,175.866,134750,0,0,0,34357,0,0,0,0.0,0.0,0.0,0.0
tornado,1100,m,reps_partition,reps_dfp,reps,-reps_partition_entropy -reps_escalate_threshold 0.2 -reps_warmup_explore_rtts 0.5 -reps_explore_prob 70,0.25,2000000,2,275,183.06,177.82618181818194,177.778,182.061,183.06,175.739,134750,0,0,0,36511,0,0,0,0.0,0.0,0.0,0.0
tornado,1100,m,fpar,fpar,oblivious,-threshold 20750 -disable_hop_rtt_normalization,0.25,2000000,3,275,488.322,205.10806909090905,177.399,428.506,488.322,175.522,134750,467,0,0,51766,467,0,0,0.34656771799628944,0.0,0.34656771799628944,0.0
tornado,1100,m,reps_uniform_draws,reps_dfp,reps,-dfp_low_uniform,0.25,2000000,3,275,193.252,184.61936000000006,184.249,191.677,193.252,179.524,134750,0,0,0,42156,0,0,0,0.0,0.0,0.0,0.0
tornado,1100,m,reps_share,reps_dfp,reps,,0.25,2000000,3,275,178.733,177.1725818181817,177.117,178.703,178.733,176.19,134750,0,0,0,34194,0,0,0,0.0,0.0,0.0,0.0
tornado,1100,m,reps_partition,reps_dfp,reps,-reps_partition_entropy -reps_escalate_threshold 0.2 -reps_warmup_explore_rtts 0.5 -reps_explore_prob 70,0.25,2000000,3,275,185.675,177.6115054545454,177.438,183.322,185.675,175.862,134750,0,0,0,35614,0,0,0,0.0,0.0,0.0,0.0
tornado,1100,m,fpar,fpar,oblivious,-threshold 20750 -disable_hop_rtt_normalization,0.25,2000000,4,275,521.054,221.52282181818188,177.178,499.912,521.054,173.862,134750,864,0,0,55298,864,0,0,0.6411873840445269,0.0,0.6411873840445269,0.0
tornado,1100,m,reps_uniform_draws,reps_dfp,reps,-dfp_low_uniform,0.25,2000000,4,275,201.359,185.1064072727271,184.554,195.965,201.359,179.006,134750,0,0,0,42348,0,0,0,0.0,0.0,0.0,0.0
tornado,1100,m,reps_share,reps_dfp,reps,,0.25,2000000,4,275,179.366,177.2393381818181,177.182,178.749,179.366,175.899,134750,0,0,0,34292,0,0,0,0.0,0.0,0.0,0.0
tornado,1100,m,reps_partition,reps_dfp,reps,-reps_partition_entropy -reps_escalate_threshold 0.2 -reps_warmup_explore_rtts 0.5 -reps_explore_prob 70,0.25,2000000,4,275,185.88,178.09918545454548,177.518,183.197,185.88,175.993,134750,26,0,0,36457,26,0,0,0.019294990723562153,0.0,0.019294990723562153,0.0
tornado,1100,m,fpar,fpar,oblivious,-threshold 20750 -disable_hop_rtt_normalization,0.25,2000000,5,275,354.631,201.03712727272722,176.93,351.831,354.631,174.456,134750,447,0,0,49797,447,0,0,0.33172541743970313,0.0,0.33172541743970313,0.0
tornado,1100,m,reps_uniform_draws,reps_dfp,reps,-dfp_low_uniform,0.25,2000000,5,275,192.017,184.25202545454542,183.971,190.371,192.017,179.491,134750,0,0,0,42202,0,0,0,0.0,0.0,0.0,0.0
tornado,1100,m,reps_share,reps_dfp,reps,,0.25,2000000,5,275,178.946,177.10732727272722,177.041,178.699,178.946,176.162,134750,0,0,0,34227,0,0,0,0.0,0.0,0.0,0.0
tornado,1100,m,reps_partition,reps_dfp,reps,-reps_partition_entropy -reps_escalate_threshold 0.2 -reps_warmup_explore_rtts 0.5 -reps_explore_prob 70,0.25,2000000,5,275,179.674,177.46461454545448,177.366,179.392,179.674,175.858,134750,0,0,0,35602,0,0,0,0.0,0.0,0.0,0.0
tornado,1100,m,fpar,fpar,oblivious,-threshold 20750 -disable_hop_rtt_normalization,0.25,5000000,1,275,1213.45,490.85609818181814,422.556,1063.39,1213.45,418.975,336600,458,0,0,133720,458,0,0,0.13606654783125371,0.0,0.13606654783125371,0.0
tornado,1100,m,reps_uniform_draws,reps_dfp,reps,-dfp_low_uniform,0.25,5000000,1,275,453.082,437.2812763636369,436.667,450.559,453.082,424.306,336600,0,0,0,105425,0,0,0,0.0,0.0,0.0,0.0
tornado,1100,m,reps_share,reps_dfp,reps,,0.25,5000000,1,275,423.293,421.49544727272735,421.491,423.2,423.293,419.948,336600,0,0,0,85839,0,0,0,0.0,0.0,0.0,0.0
tornado,1100,m,reps_partition,reps_dfp,reps,-reps_partition_entropy -reps_escalate_threshold 0.2 -reps_warmup_explore_rtts 0.5 -reps_explore_prob 70,0.25,5000000,1,275,424.115,421.6098690909087,421.604,423.769,424.115,419.944,336600,0,0,0,87469,0,0,0,0.0,0.0,0.0,0.0
tornado,1100,m,fpar,fpar,oblivious,-threshold 20750 -disable_hop_rtt_normalization,0.25,5000000,2,275,861.768,513.7615781818181,423.264,852.904,861.768,417.62,336600,622,0,0,147347,622,0,0,0.18478906714200832,0.0,0.18478906714200832,0.0
tornado,1100,m,reps_uniform_draws,reps_dfp,reps,-dfp_low_uniform,0.25,5000000,2,275,458.411,438.90409090909094,438.229,455.599,458.411,427.2,336600,0,0,0,106172,0,0,0,0.0,0.0,0.0,0.0
tornado,1100,m,reps_share,reps_dfp,reps,,0.25,5000000,2,275,428.92,421.5711018181818,421.48,425.588,428.92,419.948,336600,0,0,0,86212,0,0,0,0.0,0.0,0.0,0.0
tornado,1100,m,reps_partition,reps_dfp,reps,-reps_partition_entropy -reps_escalate_threshold 0.2 -reps_warmup_explore_rtts 0.5 -reps_explore_prob 70,0.25,5000000,2,275,426.139,422.0435927272725,421.936,425.187,426.139,419.59,336600,0,0,0,89964,0,0,0,0.0,0.0,0.0,0.0
tornado,1100,m,fpar,fpar,oblivious,-threshold 20750 -disable_hop_rtt_normalization,0.25,5000000,3,275,1218.7,492.36919999999986,422.399,1072.56,1218.7,419.28,336600,508,0,0,133245,508,0,0,0.1509209744503862,0.0,0.1509209744503862,0.0
tornado,1100,m,reps_uniform_draws,reps_dfp,reps,-dfp_low_uniform,0.25,5000000,3,275,456.219,437.86963272727274,437.25,452.892,456.219,425.913,336600,0,0,0,106010,0,0,0,0.0,0.0,0.0,0.0
tornado,1100,m,reps_share,reps_dfp,reps,,0.25,5000000,3,275,423.326,421.3985854545456,421.353,423.195,423.326,419.952,336600,0,0,0,85781,0,0,0,0.0,0.0,0.0,0.0
tornado,1100,m,reps_partition,reps_dfp,reps,-reps_partition_entropy -reps_escalate_threshold 0.2 -reps_warmup_explore_rtts 0.5 -reps_explore_prob 70,0.25,5000000,3,275,425.036,421.63059272727253,421.608,424.2,425.036,419.62,336600,0,0,0,88152,0,0,0,0.0,0.0,0.0,0.0
tornado,1100,m,fpar,fpar,oblivious,-threshold 20750 -disable_hop_rtt_normalization,0.25,5000000,4,275,1281.55,535.5245999999996,422.232,1235.24,1281.55,417.62,336600,903,0,0,145429,903,0,0,0.26827094474153296,0.0,0.26827094474153296,0.0
tornado,1100,m,reps_uniform_draws,reps_dfp,reps,-dfp_low_uniform,0.25,5000000,4,275,474.842,438.79354545454555,437.485,469.923,474.842,423.97,336600,0,0,0,106613,0,0,0,0.0,0.0,0.0,0.0
tornado,1100,m,reps_share,reps_dfp,reps,,0.25,5000000,4,275,426.273,421.5693709090906,421.386,424.629,426.273,419.954,336600,0,0,0,86287,0,0,0,0.0,0.0,0.0,0.0
tornado,1100,m,reps_partition,reps_dfp,reps,-reps_partition_entropy -reps_escalate_threshold 0.2 -reps_warmup_explore_rtts 0.5 -reps_explore_prob 70,0.25,5000000,4,275,443.664,422.50258545454534,421.775,431.979,443.664,419.944,336600,26,0,0,90009,26,0,0,0.007724301841948901,0.0,0.007724301841948901,0.0
tornado,1100,m,fpar,fpar,oblivious,-threshold 20750 -disable_hop_rtt_normalization,0.25,5000000,5,275,862.82,482.0651927272731,421.894,860.062,862.82,419.163,336600,444,0,0,129645,444,0,0,0.1319073083778966,0.0,0.1319073083778966,0.0
tornado,1100,m,reps_uniform_draws,reps_dfp,reps,-dfp_low_uniform,0.25,5000000,5,275,454.62,436.9357818181816,436.537,450.535,454.62,426.973,336600,0,0,0,105913,0,0,0,0.0,0.0,0.0,0.0
tornado,1100,m,reps_share,reps_dfp,reps,,0.25,5000000,5,275,423.639,421.33872727272706,421.276,423.212,423.639,419.948,336600,0,0,0,85735,0,0,0,0.0,0.0,0.0,0.0
tornado,1100,m,reps_partition,reps_dfp,reps,-reps_partition_entropy -reps_escalate_threshold 0.2 -reps_warmup_explore_rtts 0.5 -reps_explore_prob 70,0.25,5000000,5,275,425.026,421.66791999999975,421.604,424.366,425.026,419.948,336600,0,0,0,88113,0,0,0,0.0,0.0,0.0,0.0
tornado,1100,m,fpar,fpar,oblivious,-threshold 20750 -disable_hop_rtt_normalization,0.25,10000000,1,275,2423.15,970.1808981818181,831.321,2018.45,2423.15,825.284,673200,475,0,0,272588,475,0,0,0.07055852644087938,0.0,0.07055852644087938,0.0
tornado,1100,m,reps_uniform_draws,reps_dfp,reps,-dfp_low_uniform,0.25,10000000,1,275,889.851,858.7239127272724,857.622,886.922,889.851,833.937,673200,0,0,0,211151,0,0,0,0.0,0.0,0.0,0.0
tornado,1100,m,reps_share,reps_dfp,reps,,0.25,10000000,1,275,831.673,828.5419236363642,827.995,831.402,831.673,826.486,673200,0,0,0,172713,0,0,0,0.0,0.0,0.0,0.0
tornado,1100,m,reps_partition,reps_dfp,reps,-reps_partition_entropy -reps_escalate_threshold 0.2 -reps_warmup_explore_rtts 0.5 -reps_explore_prob 70,0.25,10000000,1,275,832.338,828.6534109090908,828.144,832.023,832.338,826.211,673200,0,0,0,175133,0,0,0,0.0,0.0,0.0,0.0
tornado,1100,m,fpar,fpar,oblivious,-threshold 20750 -disable_hop_rtt_normalization,0.25,10000000,2,275,1704.68,1013.0107527272729,831.706,1673.55,1704.68,824.219,673200,663,0,0,298722,663,0,0,0.09848484848484848,0.0,0.09848484848484848,0.0
tornado,1100,m,reps_uniform_draws,reps_dfp,reps,-dfp_low_uniform,0.25,10000000,2,275,907.648,861.8220509090912,859.974,902.065,907.648,840.146,673200,0,0,0,212828,0,0,0,0.0,0.0,0.0,0.0
tornado,1100,m,reps_share,reps_dfp,reps,,0.25,10000000,2,275,835.874,828.7072109090913,828.086,834.214,835.874,826.25,673200,0,0,0,173730,0,0,0,0.0,0.0,0.0,0.0
tornado,1100,m,reps_partition,reps_dfp,reps,-reps_partition_entropy -reps_escalate_threshold 0.2 -reps_warmup_explore_rtts 0.5 -reps_explore_prob 70,0.25,10000000,2,275,835.776,829.1742545454545,829.086,834.779,835.776,826.0,673200,0,0,0,178817,0,0,0,0.0,0.0,0.0,0.0
tornado,1100,m,fpar,fpar,oblivious,-threshold 20750 -disable_hop_rtt_normalization,0.25,10000000,3,275,2456.66,965.6413890909084,831.332,2322.2,2456.66,825.547,673200,577,0,0,268483,577,0,0,0.08571004159239454,0.0,0.08571004159239454,0.0
tornado,1100,m,reps_uniform_draws,reps_dfp,reps,-dfp_low_uniform,0.25,10000000,3,275,899.189,860.0107309090907,858.83,890.685,899.189,836.68,673200,0,0,0,212232,0,0,0,0.0,0.0,0.0,0.0
tornado,1100,m,reps_share,reps_dfp,reps,,0.25,10000000,3,275,831.302,828.4004181818177,827.754,831.22,831.302,826.247,673200,0,0,0,172599,0,0,0,0.0,0.0,0.0,0.0
tornado,1100,m,reps_partition,reps_dfp,reps,-reps_partition_entropy -reps_escalate_threshold 0.2 -reps_warmup_explore_rtts 0.5 -reps_explore_prob 70,0.25,10000000,3,275,836.752,828.8900545454547,828.619,834.76,836.752,826.22,673200,0,0,0,175887,0,0,0,0.0,0.0,0.0,0.0
tornado,1100,m,fpar,fpar,oblivious,-threshold 20750 -disable_hop_rtt_normalization,0.25,10000000,4,275,2575.05,1055.4392254545457,831.275,2462.07,2575.05,823.887,673200,967,0,0,295189,967,0,0,0.14364230540701128,0.0,0.14364230540701128,0.0
tornado,1100,m,reps_uniform_draws,reps_dfp,reps,-dfp_low_uniform,0.25,10000000,4,275,937.41,861.8757563636362,858.991,922.604,937.41,833.032,673200,0,0,0,213475,0,0,0,0.0,0.0,0.0,0.0
tornado,1100,m,reps_share,reps_dfp,reps,,0.25,10000000,4,275,836.261,828.5012036363637,827.616,835.385,836.261,826.22,673200,0,0,0,173629,0,0,0,0.0,0.0,0.0,0.0
tornado,1100,m,reps_partition,reps_dfp,reps,-reps_partition_entropy -reps_escalate_threshold 0.2 -reps_warmup_explore_rtts 0.5 -reps_explore_prob 70,0.25,10000000,4,275,873.363,829.9483454545457,829.251,848.946,873.363,826.211,673200,26,0,0,179694,26,0,0,0.0038621509209744503,0.0,0.0038621509209744503,0.0
tornado,1100,m,fpar,fpar,oblivious,-threshold 20750 -disable_hop_rtt_normalization,0.25,10000000,5,275,1712.78,951.2035418181821,830.154,1708.72,1712.78,825.52,673200,470,0,0,265895,470,0,0,0.06981580510992276,0.0,0.06981580510992276,0.0
tornado,1100,m,reps_uniform_draws,reps_dfp,reps,-dfp_low_uniform,0.25,10000000,5,275,889.523,858.3771490909097,857.885,884.638,889.523,837.851,673200,0,0,0,212093,0,0,0,0.0,0.0,0.0,0.0
tornado,1100,m,reps_share,reps_dfp,reps,,0.25,10000000,5,275,833.267,828.3147309090906,827.627,831.222,833.267,826.543,673200,0,0,0,172454,0,0,0,0.0,0.0,0.0,0.0
tornado,1100,m,reps_partition,reps_dfp,reps,-reps_partition_entropy -reps_escalate_threshold 0.2 -reps_warmup_explore_rtts 0.5 -reps_explore_prob 70,0.25,10000000,5,275,833.424,828.5886654545451,828.086,832.888,833.424,826.215,673200,0,0,0,175892,0,0,0,0.0,0.0,0.0,0.0
tornado,1100,m,fpar,fpar,oblivious,-threshold 20750 -disable_hop_rtt_normalization,0.5,100000,1,550,51.5947,25.00880672727273,23.3056,37.7296,51.5947,21.4736,13750,43,0,0,4703,43,0,0,0.31272727272727274,0.0,0.31272727272727274,0.0
tornado,1100,m,reps_uniform_draws,reps_dfp,reps,-dfp_low_uniform,0.5,100000,1,550,30.4376,25.754025090909078,25.6398,29.2936,30.4376,23.6358,13750,0,0,0,4266,0,0,0,0.0,0.0,0.0,0.0
tornado,1100,m,reps_share,reps_dfp,reps,,0.5,100000,1,550,26.4336,23.424263999999983,23.3176,25.9896,26.4336,21.8056,13750,0,0,0,4239,0,0,0,0.0,0.0,0.0,0.0
tornado,1100,m,reps_partition,reps_dfp,reps,-reps_partition_entropy -reps_escalate_threshold 0.2 -reps_warmup_explore_rtts 0.5 -reps_explore_prob 70,0.5,100000,1,550,28.1256,23.726003454545484,23.6427,26.6376,28.1256,21.7816,13750,0,0,0,4249,0,0,0,0.0,0.0,0.0,0.0
tornado,1100,m,fpar,fpar,oblivious,-threshold 20750 -disable_hop_rtt_normalization,0.5,100000,2,550,35.3634,24.736202909090892,23.481,33.6306,35.3634,21.4776,13750,0,0,0,4549,0,0,0,0.0,0.0,0.0,0.0
tornado,1100,m,reps_uniform_draws,reps_dfp,reps,-dfp_low_uniform,0.5,100000,2,550,28.9667,25.673973999999976,25.6278,28.1256,28.9667,23.9696,13750,0,0,0,4270,0,0,0,0.0,0.0,0.0,0.0
tornado,1100,m,reps_share,reps_dfp,reps,,0.5,100000,2,550,27.4718,23.51980036363635,23.3176,26.9696,27.4718,21.4867,13750,0,0,0,4269,0,0,0,0.0,0.0,0.0,0.0
tornado,1100,m,reps_partition,reps_dfp,reps,-reps_partition_entropy -reps_escalate_threshold 0.2 -reps_warmup_explore_rtts 0.5 -reps_explore_prob 70,0.5,100000,2,550,28.5854,23.750757636363627,23.6416,27.4496,28.5854,21.8096,13750,0,0,0,4257,0,0,0,0.0,0.0,0.0,0.0
tornado,1100,m,fpar,fpar,oblivious,-threshold 20750 -disable_hop_rtt_normalization,0.5,100000,3,550,38.3936,24.917954363636376,23.3158,35.4466,38.3936,21.4736,13750,0,0,0,4684,0,0,0,0.0,0.0,0.0,0.0
tornado,1100,m,reps_uniform_draws,reps_dfp,reps,-dfp_low_uniform,0.5,100000,3,550,29.6016,25.727195090909053,25.6416,28.1376,29.6016,23.8198,13750,0,0,0,4251,0,0,0,0.0,0.0,0.0,0.0
tornado,1100,m,reps_share,reps_dfp,reps,,0.5,100000,3,550,26.4696,23.311349818181824,23.153,25.6456,26.4696,21.4787,13750,0,0,0,4234,0,0,0,0.0,0.0,0.0,0.0
tornado,1100,m,reps_partition,reps_dfp,reps,-reps_partition_entropy -reps_escalate_threshold 0.2 -reps_warmup_explore_rtts 0.5 -reps_explore_prob 70,0.5,100000,3,550,30.1056,23.774218000000012,23.6376,27.1296,30.1056,21.8198,13750,0,0,0,4270,0,0,0,0.0,0.0,0.0,0.0
tornado,1100,m,fpar,fpar,oblivious,-threshold 20750 -disable_hop_rtt_normalization,0.5,100000,4,550,37.4016,25.036382181818183,23.4798,36.2296,37.4016,21.4787,13750,0,0,0,4659,0,0,0,0.0,0.0,0.0,0.0
tornado,1100,m,reps_uniform_draws,reps_dfp,reps,-dfp_low_uniform,0.5,100000,4,550,30.2896,25.86388745454544,25.6467,28.9616,30.2896,23.3176,13750,0,0,0,4254,0,0,0,0.0,0.0,0.0,0.0
tornado,1100,m,reps_share,reps_dfp,reps,,0.5,100000,4,550,29.2936,23.685020545454545,23.4656,27.4296,29.2936,21.4736,13750,0,0,0,4248,0,0,0,0.0,0.0,0.0,0.0
tornado,1100,m,reps_partition,reps_dfp,reps,-reps_partition_entropy -reps_escalate_threshold 0.2 -reps_warmup_explore_rtts 0.5 -reps_explore_prob 70,0.5,100000,4,550,28.2896,23.791931090909095,23.5424,27.4496,28.2896,21.4736,13750,0,0,0,4248,0,0,0,0.0,0.0,0.0,0.0
tornado,1100,m,fpar,fpar,oblivious,-threshold 20750 -disable_hop_rtt_normalization,0.5,100000,5,550,37.9426,24.79992709090909,23.285,36.7336,37.9426,21.4736,13750,0,0,0,4654,0,0,0,0.0,0.0,0.0,0.0
tornado,1100,m,reps_uniform_draws,reps_dfp,reps,-dfp_low_uniform,0.5,100000,5,550,28.2736,25.675286181818183,25.6416,27.9416,28.2736,23.9576,13750,0,0,0,4241,0,0,0,0.0,0.0,0.0,0.0
tornado,1100,m,reps_share,reps_dfp,reps,,0.5,100000,5,550,27.6267,23.388566363636368,23.2936,26.4456,27.6267,21.4816,13750,0,0,0,4230,0,0,0,0.0,0.0,0.0,0.0
tornado,1100,m,reps_partition,reps_dfp,reps,-reps_partition_entropy -reps_escalate_threshold 0.2 -reps_warmup_explore_rtts 0.5 -reps_explore_prob 70,0.5,100000,5,550,27.9696,23.67861054545454,23.481,26.6416,27.9696,21.4816,13750,0,0,0,4243,0,0,0,0.0,0.0,0.0,0.0
tornado,1100,m,fpar,fpar,oblivious,-threshold 20750 -disable_hop_rtt_normalization,0.5,250000,1,550,126.645,42.910007818181796,38.311,75.0395,126.645,33.7131,34100,1125,0,0,13176,1125,0,0,3.2991202346041058,0.0,3.2991202346041058,0.0
tornado,1100,m,reps_uniform_draws,reps_dfp,reps,-dfp_low_uniform,0.5,250000,1,550,48.8816,41.566802181818176,41.1707,47.8736,48.8816,37.1499,34100,0,0,0,10714,0,0,0,0.0,0.0,0.0,0.0
tornado,1100,m,reps_share,reps_dfp,reps,,0.5,250000,1,550,42.959,37.55297618181818,37.2536,41.963,42.959,34.6773,34100,0,0,0,9671,0,0,0,0.0,0.0,0.0,0.0
tornado,1100,m,reps_partition,reps_dfp,reps,-reps_partition_entropy -reps_escalate_threshold 0.2 -reps_warmup_explore_rtts 0.5 -reps_explore_prob 70,0.5,250000,1,550,51.2795,43.68534509090908,43.8896,49.3029,51.2795,35.0064,34100,50,0,0,11453,50,0,0,0.1466275659824047,0.0,0.1466275659824047,0.0
tornado,1100,m,fpar,fpar,oblivious,-threshold 20750 -disable_hop_rtt_normalization,0.5,250000,2,550,74.2494,41.91297563636361,38.5872,64.5336,74.2494,34.0514,34100,616,0,0,13256,616,0,0,1.8064516129032258,0.0,1.8064516129032258,0.0
tornado,1100,m,reps_uniform_draws,reps_dfp,reps,-dfp_low_uniform,0.5,250000,2,550,48.9686,41.50571400000002,41.2798,47.2133,48.9686,37.327,34100,0,0,0,10689,0,0,0,0.0,0.0,0.0,0.0
tornado,1100,m,reps_share,reps_dfp,reps,,0.5,250000,2,550,43.1397,37.396364545454496,36.991,41.963,43.1397,34.712,34100,0,0,0,9673,0,0,0,0.0,0.0,0.0,0.0
tornado,1100,m,reps_partition,reps_dfp,reps,-reps_partition_entropy -reps_escalate_threshold 0.2 -reps_warmup_explore_rtts 0.5 -reps_explore_prob 70,0.5,250000,2,550,49.4195,43.91700363636364,44.3525,48.6184,49.4195,35.2798,34100,129,0,0,11594,129,0,0,0.3782991202346041,0.0,0.3782991202346041,0.0
tornado,1100,m,fpar,fpar,oblivious,-threshold 20750 -disable_hop_rtt_normalization,0.5,250000,3,550,73.7075,42.43391690909089,38.1952,71.0398,73.7075,33.6824,34100,936,0,0,13497,936,0,0,2.7448680351906156,0.0,2.7448680351906156,0.0
tornado,1100,m,reps_uniform_draws,reps_dfp,reps,-dfp_low_uniform,0.5,250000,3,550,50.2096,41.20350636363641,40.7067,46.943,50.2096,37.6682,34100,0,0,0,10622,0,0,0,0.0,0.0,0.0,0.0
tornado,1100,m,reps_share,reps_dfp,reps,,0.5,250000,3,550,42.8936,37.32239654545454,37.0342,41.307,42.8936,34.7154,34100,0,0,0,9646,0,0,0,0.0,0.0,0.0,0.0
tornado,1100,m,reps_partition,reps_dfp,reps,-reps_partition_entropy -reps_escalate_threshold 0.2 -reps_warmup_explore_rtts 0.5 -reps_explore_prob 70,0.5,250000,3,550,50.2235,43.695053818181826,43.9254,48.6605,50.2235,35.655,34100,81,0,0,11422,81,0,0,0.2375366568914956,0.0,0.2375366568914956,0.0
tornado,1100,m,fpar,fpar,oblivious,-threshold 20750 -disable_hop_rtt_normalization,0.5,250000,4,550,73.6694,42.53185090909088,38.7637,70.2902,73.6694,33.999,34100,762,0,0,13691,762,0,0,2.2346041055718473,0.0,2.2346041055718473,0.0
tornado,1100,m,reps_uniform_draws,reps_dfp,reps,-dfp_low_uniform,0.5,250000,4,550,51.2056,42.04495781818186,41.5827,49.931,51.2056,37.7098,34100,0,0,0,10884,0,0,0,0.0,0.0,0.0,0.0
tornado,1100,m,reps_share,reps_dfp,reps,,0.5,250000,4,550,47.2216,37.85056545454543,37.3202,44.2336,47.2216,34.7102,34100,0,0,0,9742,0,0,0,0.0,0.0,0.0,0.0
tornado,1100,m,reps_partition,reps_dfp,reps,-reps_partition_entropy -reps_escalate_threshold 0.2 -reps_warmup_explore_rtts 0.5 -reps_explore_prob 70,0.5,250000,4,550,50.5282,43.8953349090909,44.2336,49.8642,50.5282,35.6016,34100,196,0,0,11623,196,0,0,0.5747800586510264,0.0,0.5747800586510264,0.0
tornado,1100,m,fpar,fpar,oblivious,-threshold 20750 -disable_hop_rtt_normalization,0.5,250000,5,550,76.475,42.44256763636367,38.0307,73.3806,76.475,33.995,34100,904,0,0,13468,904,0,0,2.6510263929618767,0.0,2.6510263929618767,0.0
tornado,1100,m,reps_uniform_draws,reps_dfp,reps,-dfp_low_uniform,0.5,250000,5,550,49.7072,41.47514363636364,41.2456,46.9549,49.7072,37.991,34100,0,0,0,10720,0,0,0,0.0,0.0,0.0,0.0
tornado,1100,m,reps_share,reps_dfp,reps,,0.5,250000,5,550,42.2416,37.316445999999964,37.0406,40.8325,42.2416,34.6693,34100,0,0,0,9619,0,0,0,0.0,0.0,0.0,0.0
tornado,1100,m,reps_partition,reps_dfp,reps,-reps_partition_entropy -reps_escalate_threshold 0.2 -reps_warmup_explore_rtts 0.5 -reps_explore_prob 70,0.5,250000,5,550,49.9464,44.017789636363645,44.5536,49.0005,49.9464,35.4078,34100,74,0,0,11568,74,0,0,0.21700879765395895,0.0,0.21700879765395895,0.0
tornado,1100,m,fpar,fpar,oblivious,-threshold 20750 -disable_hop_rtt_normalization,0.5,500000,1,550,217.238,70.59131690909102,60.516,146.847,217.238,54.3933,67650,1997,0,0,31091,1997,0,0,2.951958610495196,0.0,2.951958610495196,0.0
tornado,1100,m,reps_uniform_draws,reps_dfp,reps,-dfp_low_uniform,0.5,500000,1,550,80.5594,67.02888327272724,66.2886,76.7696,80.5594,59.9467,67650,0,0,0,23732,0,0,0,0.0,0.0,0.0,0.0
tornado,1100,m,reps_share,reps_dfp,reps,,0.5,500000,1,550,69.1216,60.451563090909,60.0006,67.3811,69.1216,55.3592,67650,0,0,0,21153,0,0,0,0.0,0.0,0.0,0.0
tornado,1100,m,reps_partition,reps_dfp,reps,-reps_partition_entropy -reps_escalate_threshold 0.2 -reps_warmup_explore_rtts 0.5 -reps_explore_prob 70,0.5,500000,1,550,69.8061,64.27715072727271,64.4941,69.2474,69.8061,57.251,67650,960,0,0,26051,960,0,0,1.419068736141907,0.0,1.419068736141907,0.0
tornado,1100,m,fpar,fpar,oblivious,-threshold 20750 -disable_hop_rtt_normalization,0.5,500000,2,550,137.898,69.7311532727273,62.7331,123.948,137.898,54.3176,67650,1877,0,0,32329,1877,0,0,2.7745750184774574,0.0,2.7745750184774574,0.0
tornado,1100,m,reps_uniform_draws,reps_dfp,reps,-dfp_low_uniform,0.5,500000,2,550,76.6322,66.41800436363636,65.9672,75.3042,76.6322,60.4626,67650,0,0,0,23578,0,0,0,0.0,0.0,0.0,0.0
tornado,1100,m,reps_share,reps_dfp,reps,,0.5,500000,2,550,69.7856,60.17858163636363,59.6314,68.1256,69.7856,55.6707,67650,0,0,0,21005,0,0,0,0.0,0.0,0.0,0.0
tornado,1100,m,reps_partition,reps_dfp,reps,-reps_partition_entropy -reps_escalate_threshold 0.2 -reps_warmup_explore_rtts 0.5 -reps_explore_prob 70,0.5,500000,2,550,72.2878,64.51912800000001,64.8107,69.2867,72.2878,57.235,67650,1072,0,0,26142,1072,0,0,1.5846267553584628,0.0,1.5846267553584628,0.0
tornado,1100,m,fpar,fpar,oblivious,-threshold 20750 -disable_hop_rtt_normalization,0.5,500000,3,550,147.44,70.38967581818187,60.9474,133.856,147.44,54.6394,67650,2209,0,0,32109,2209,0,0,3.2653362897265334,0.0,3.2653362897265334,0.0
tornado,1100,m,reps_uniform_draws,reps_dfp,reps,-dfp_low_uniform,0.5,500000,3,550,75.4248,65.99527290909086,65.8136,73.4496,75.4248,59.8496,67650,0,0,0,23124,0,0,0,0.0,0.0,0.0,0.0
tornado,1100,m,reps_share,reps_dfp,reps,,0.5,500000,3,550,67.7131,60.49515381818174,60.1736,66.5914,67.7131,55.9714,67650,0,0,0,21134,0,0,0,0.0,0.0,0.0,0.0
tornado,1100,m,reps_partition,reps_dfp,reps,-reps_partition_entropy -reps_escalate_threshold 0.2 -reps_warmup_explore_rtts 0.5 -reps_explore_prob 70,0.5,500000,3,550,70.2302,64.41307927272722,64.5709,69.061,70.2302,56.3085,67650,965,0,0,25969,965,0,0,1.426459719142646,0.0,1.426459719142646,0.0
tornado,1100,m,fpar,fpar,oblivious,-threshold 20750 -disable_hop_rtt_normalization,0.5,500000,4,550,139.552,70.64994800000007,61.3661,130.144,139.552,54.6394,67650,2147,0,0,32753,2147,0,0,3.173688100517369,0.0,3.173688100517369,0.0
tornado,1100,m,reps_uniform_draws,reps_dfp,reps,-dfp_low_uniform,0.5,500000,4,550,80.4136,67.03879963636358,66.4656,77.5061,80.4136,59.7856,67650,0,0,0,23947,0,0,0,0.0,0.0,0.0,0.0
tornado,1100,m,reps_share,reps_dfp,reps,,0.5,500000,4,550,72.5794,60.47615327272728,59.8336,69.5834,72.5794,55.4467,67650,0,0,0,21490,0,0,0,0.0,0.0,0.0,0.0
tornado,1100,m,reps_partition,reps_dfp,reps,-reps_partition_entropy -reps_escalate_threshold 0.2 -reps_warmup_explore_rtts 0.5 -reps_explore_prob 70,0.5,500000,4,550,75.4496,65.06475272727278,64.9285,72.2886,75.4496,57.5014,67650,1193,0,0,26464,1193,0,0,1.7634885439763488,0.0,1.7634885439763488,0.0
tornado,1100,m,fpar,fpar,oblivious,-threshold 20750 -disable_hop_rtt_normalization,0.5,500000,5,550,147.79,70.19255672727272,61.2179,136.429,147.79,54.3074,67650,2108,0,0,31797,2108,0,0,3.116038433111604,0.0,3.116038433111604,0.0
tornado,1100,m,reps_uniform_draws,reps_dfp,reps,-dfp_low_uniform,0.5,500000,5,550,76.9744,66.91853636363635,66.7518,74.4456,76.9744,60.5926,67650,0,0,0,23596,0,0,0,0.0,0.0,0.0,0.0
tornado,1100,m,reps_share,reps_dfp,reps,,0.5,500000,5,550,67.1416,60.43985145454546,60.2834,65.9274,67.1416,55.4558,67650,0,0,0,21115,0,0,0,0.0,0.0,0.0,0.0
tornado,1100,m,reps_partition,reps_dfp,reps,-reps_partition_entropy -reps_escalate_threshold 0.2 -reps_warmup_explore_rtts 0.5 -reps_explore_prob 70,0.5,500000,5,550,70.6624,64.92506872727269,65.1427,70.1907,70.6624,57.0208,67650,1101,0,0,26237,1101,0,0,1.6274944567627494,0.0,1.6274944567627494,0.0
tornado,1100,m,fpar,fpar,oblivious,-threshold 20750 -disable_hop_rtt_normalization,0.5,2000000,1,550,823.12,242.4066636363636,192.454,616.539,823.12,176.518,269500,2470,0,0,136520,2470,0,0,0.9165120593692022,0.0,0.9165120593692022,0.0
tornado,1100,m,reps_uniform_draws,reps_dfp,reps,-dfp_low_uniform,0.5,2000000,1,550,241.036,213.18548545454556,211.796,233.954,241.036,195.203,269500,0,0,0,102007,0,0,0,0.0,0.0,0.0,0.0
tornado,1100,m,reps_share,reps_dfp,reps,,0.5,2000000,1,550,205.816,190.1921509090908,189.798,203.996,205.816,177.864,269500,16,0,0,92510,16,0,0,0.005936920222634508,0.0,0.005936920222634508,0.0
tornado,1100,m,reps_partition,reps_dfp,reps,-reps_partition_entropy -reps_escalate_threshold 0.2 -reps_warmup_explore_rtts 0.5 -reps_explore_prob 70,0.5,2000000,1,550,230.046,204.03658545454533,203.248,228.547,230.046,187.324,269500,1100,0,0,108649,1100,0,0,0.40816326530612246,0.0,0.40816326530612246,0.0
tornado,1100,m,fpar,fpar,oblivious,-threshold 20750 -disable_hop_rtt_normalization,0.5,2000000,2,550,601.948,238.33383636363638,195.601,497.004,601.948,176.888,269500,2328,0,0,138778,2328,0,0,0.863821892393321,0.0,0.863821892393321,0.0
tornado,1100,m,reps_uniform_draws,reps_dfp,reps,-dfp_low_uniform,0.5,2000000,2,550,235.76,212.7821254545453,212.187,231.628,235.76,195.363,269500,0,0,0,100441,0,0,0,0.0,0.0,0.0,0.0
tornado,1100,m,reps_share,reps_dfp,reps,,0.5,2000000,2,550,206.34,189.4879854545455,188.529,204.519,206.34,180.055,269500,30,0,0,91567,30,0,0,0.011131725417439703,0.0,0.011131725417439703,0.0
tornado,1100,m,reps_partition,reps_dfp,reps,-reps_partition_entropy -reps_escalate_threshold 0.2 -reps_warmup_explore_rtts 0.5 -reps_explore_prob 70,0.5,2000000,2,550,225.083,202.9694636363638,202.254,223.755,225.083,188.291,269500,1238,0,0,107623,1238,0,0,0.4593692022263451,0.0,0.4593692022263451,0.0
tornado,1100,m,fpar,fpar,oblivious,-threshold 20750 -disable_hop_rtt_normalization,0.5,2000000,3,550,589.59,240.73866909090944,191.79,505.646,589.59,176.83,269500,2542,0,0,136303,2542,0,0,0.9432282003710575,0.0,0.9432282003710575,0.0
tornado,1100,m,reps_uniform_draws,reps_dfp,reps,-dfp_low_uniform,0.5,2000000,3,550,233.598,212.55298909090894,212.054,230.505,233.598,195.287,269500,0,0,0,99847,0,0,0,0.0,0.0,0.0,0.0
tornado,1100,m,reps_share,reps_dfp,reps,,0.5,2000000,3,550,202.249,189.7583818181817,189.676,200.614,202.249,179.642,269500,0,0,0,92762,0,0,0,0.0,0.0,0.0,0.0
tornado,1100,m,reps_partition,reps_dfp,reps,-reps_partition_entropy -reps_escalate_threshold 0.2 -reps_warmup_explore_rtts 0.5 -reps_explore_prob 70,0.5,2000000,3,550,221.405,204.58975272727275,204.609,219.584,221.405,187.835,269500,1057,0,0,110027,1057,0,0,0.3922077922077922,0.0,0.3922077922077922,0.0
tornado,1100,m,fpar,fpar,oblivious,-threshold 20750 -disable_hop_rtt_normalization,0.5,2000000,4,550,517.47,244.32848545454522,192.616,503.367,517.47,176.608,269500,2581,0,0,138758,2581,0,0,0.9576994434137291,0.0,0.9576994434137291,0.0
tornado,1100,m,reps_uniform_draws,reps_dfp,reps,-dfp_low_uniform,0.5,2000000,4,550,249.536,213.48093818181817,212.991,241.033,249.536,195.124,269500,18,0,0,102030,18,0,0,0.006679035250463822,0.0,0.006679035250463822,0.0
tornado,1100,m,reps_share,reps_dfp,reps,,0.5,2000000,4,550,211.378,190.49674000000002,189.125,210.714,211.378,179.244,269500,0,0,0,94377,0,0,0,0.0,0.0,0.0,0.0
tornado,1100,m,reps_partition,reps_dfp,reps,-reps_partition_entropy -reps_escalate_threshold 0.2 -reps_warmup_explore_rtts 0.5 -reps_explore_prob 70,0.5,2000000,4,550,242.317,205.05800545454534,203.914,228.008,242.317,185.356,269500,1374,0,0,109727,1374,0,0,0.5098330241187384,0.0,0.5098330241187384,0.0
tornado,1100,m,fpar,fpar,oblivious,-threshold 20750 -disable_hop_rtt_normalization,0.5,2000000,5,550,591.664,239.07484181818182,191.438,513.964,591.664,176.54,269500,2469,0,0,136130,2469,0,0,0.9161410018552876,0.0,0.9161410018552876,0.0
tornado,1100,m,reps_uniform_draws,reps_dfp,reps,-dfp_low_uniform,0.5,2000000,5,550,241.361,213.44945636363616,212.829,234.045,241.361,195.488,269500,0,0,0,100769,0,0,0,0.0,0.0,0.0,0.0
tornado,1100,m,reps_share,reps_dfp,reps,,0.5,2000000,5,550,203.464,189.95047818181814,189.748,200.215,203.464,179.569,269500,0,0,0,92289,0,0,0,0.0,0.0,0.0,0.0
tornado,1100,m,reps_partition,reps_dfp,reps,-reps_partition_entropy -reps_escalate_threshold 0.2 -reps_warmup_explore_rtts 0.5 -reps_explore_prob 70,0.5,2000000,5,550,222.358,203.4852436363636,203.636,218.238,222.358,185.396,269500,1224,0,0,108723,1224,0,0,0.4541743970315399,0.0,0.4541743970315399,0.0
tornado,1100,m,fpar,fpar,oblivious,-threshold 20750 -disable_hop_rtt_normalization,0.5,5000000,1,550,2041.54,588.4140527272725,456.178,1537.05,2041.54,420.608,673200,2691,0,0,354485,2691,0,0,0.3997326203208556,0.0,0.3997326203208556,0.0
tornado,1100,m,reps_uniform_draws,reps_dfp,reps,-dfp_low_uniform,0.5,5000000,1,550,584.312,505.6933072727271,502.664,557.42,584.312,465.022,673200,17,0,0,257743,17,0,0,0.0025252525252525255,0.0,0.0025252525252525255,0.0
tornado,1100,m,reps_share,reps_dfp,reps,,0.5,5000000,1,550,482.352,450.2835545454543,449.56,478.257,482.352,423.742,673200,84,0,0,235498,84,0,0,0.012477718360071301,0.0,0.012477718360071301,0.0
tornado,1100,m,reps_partition,reps_dfp,reps,-reps_partition_entropy -reps_escalate_threshold 0.2 -reps_warmup_explore_rtts 0.5 -reps_explore_prob 70,0.5,5000000,1,550,596.116,479.6944745454549,478.624,562.578,596.116,438.425,673200,1391,0,0,272434,1391,0,0,0.20662507427213309,0.0,0.20662507427213309,0.0
tornado,1100,m,fpar,fpar,oblivious,-threshold 20750 -disable_hop_rtt_normalization,0.5,5000000,2,550,1537.49,580.6891436363637,464.829,1238.21,1537.49,420.725,673200,2527,0,0,364646,2527,0,0,0.3753713606654783,0.0,0.3753713606654783,0.0
tornado,1100,m,reps_uniform_draws,reps_dfp,reps,-dfp_low_uniform,0.5,5000000,2,550,564.618,505.4452436363642,503.636,549.447,564.618,467.405,673200,0,0,0,254047,0,0,0,0.0,0.0,0.0,0.0
tornado,1100,m,reps_share,reps_dfp,reps,,0.5,5000000,2,550,482.736,448.6302854545454,446.267,474.175,482.736,426.032,673200,63,0,0,233247,63,0,0,0.009358288770053475,0.0,0.009358288770053475,0.0
tornado,1100,m,reps_partition,reps_dfp,reps,-reps_partition_entropy -reps_escalate_threshold 0.2 -reps_warmup_explore_rtts 0.5 -reps_explore_prob 70,0.5,5000000,2,550,616.755,479.86582909090953,476.896,553.113,616.755,442.848,673200,1663,0,0,271735,1663,0,0,0.2470291146761735,0.0,0.2470291146761735,0.0
tornado,1100,m,fpar,fpar,oblivious,-threshold 20750 -disable_hop_rtt_normalization,0.5,5000000,3,550,1445.44,580.8549200000006,458.441,1255.06,1445.44,421.016,673200,2928,0,0,357261,2928,0,0,0.43493761140819964,0.0,0.43493761140819964,0.0
tornado,1100,m,reps_uniform_draws,reps_dfp,reps,-dfp_low_uniform,0.5,5000000,3,550,557.535,504.6072872727267,503.774,548.671,557.535,461.752,673200,0,0,0,252086,0,0,0,0.0,0.0,0.0,0.0
tornado,1100,m,reps_share,reps_dfp,reps,,0.5,5000000,3,550,486.36,449.4938545454549,449.594,475.593,486.36,427.366,673200,21,0,0,234994,21,0,0,0.0031194295900178253,0.0,0.0031194295900178253,0.0
tornado,1100,m,reps_partition,reps_dfp,reps,-reps_partition_entropy -reps_escalate_threshold 0.2 -reps_warmup_explore_rtts 0.5 -reps_explore_prob 70,0.5,5000000,3,550,604.817,482.52138181818185,482.609,534.89,604.817,439.029,673200,1453,0,0,277957,1453,0,0,0.21583481877599525,0.0,0.21583481877599525,0.0
tornado,1100,m,fpar,fpar,oblivious,-threshold 20750 -disable_hop_rtt_normalization,0.5,5000000,4,550,1298.19,591.2208854545453,458.826,1237.25,1298.19,420.455,673200,2846,0,0,361083,2846,0,0,0.422756981580511,0.0,0.422756981580511,0.0
tornado,1100,m,reps_uniform_draws,reps_dfp,reps,-dfp_low_uniform,0.5,5000000,4,550,651.143,505.59049818181825,501.732,572.913,651.143,460.738,673200,29,0,0,255915,29,0,0,0.004307783719548425,0.0,0.004307783719548425,0.0
tornado,1100,m,reps_share,reps_dfp,reps,,0.5,5000000,4,550,505.338,451.51300181818164,447.997,500.913,505.338,426.648,673200,8,0,0,240022,8,0,0,0.0011883541295306002,0.0,0.0011883541295306002,0.0
tornado,1100,m,reps_partition,reps_dfp,reps,-reps_partition_entropy -reps_escalate_threshold 0.2 -reps_warmup_explore_rtts 0.5 -reps_explore_prob 70,0.5,5000000,4,550,651.721,481.5542363636363,477.064,577.382,651.721,441.434,673200,1722,0,0,274305,1722,0,0,0.2557932263814617,0.0,0.2557932263814617,0.0
tornado,1100,m,fpar,fpar,oblivious,-threshold 20750 -disable_hop_rtt_normalization,0.5,5000000,5,550,1396.74,574.2965818181818,455.446,1285.56,1396.74,420.612,673200,2627,0,0,355335,2627,0,0,0.3902257872846108,0.0,0.3902257872846108,0.0
tornado,1100,m,reps_uniform_draws,reps_dfp,reps,-dfp_low_uniform,0.5,5000000,5,550,578.264,506.49535636363686,504.99,555.713,578.264,467.161,673200,2,0,0,254342,2,0,0,0.00029708853238265005,0.0,0.00029708853238265005,0.0
tornado,1100,m,reps_share,reps_dfp,reps,,0.5,5000000,5,550,487.128,449.82311454545487,449.122,479.578,487.128,425.824,673200,0,0,0,235112,0,0,0,0.0,0.0,0.0,0.0
tornado,1100,m,reps_partition,reps_dfp,reps,-reps_partition_entropy -reps_escalate_threshold 0.2 -reps_warmup_explore_rtts 0.5 -reps_explore_prob 70,0.5,5000000,5,550,581.128,479.8701981818183,479.669,535.968,581.128,442.259,673200,1568,0,0,274550,1568,0,0,0.23291740938799763,0.0,0.23291740938799763,0.0
tornado,1100,m,fpar,fpar,oblivious,-threshold 20750 -disable_hop_rtt_normalization,0.5,10000000,1,550,4090.73,1163.0564563636365,895.599,3011.76,4090.73,826.875,1346400,2852,0,0,714584,2852,0,0,0.21182412358882946,0.0,0.21182412358882946,0.0
tornado,1100,m,reps_uniform_draws,reps_dfp,reps,-dfp_low_uniform,0.5,10000000,1,550,1182.15,993.1578981818185,986.252,1101.7,1182.15,917.638,1346400,26,0,0,516511,26,0,0,0.0019310754604872252,0.0,0.0019310754604872252,0.0
tornado,1100,m,reps_share,reps_dfp,reps,,0.5,10000000,1,550,951.158,883.1669272727273,882.537,943.051,951.158,832.169,1346400,70,0,0,474134,70,0,0,0.005199049316696376,0.0,0.005199049316696376,0.0
tornado,1100,m,reps_partition,reps_dfp,reps,-reps_partition_entropy -reps_escalate_threshold 0.2 -reps_warmup_explore_rtts 0.5 -reps_explore_prob 70,0.5,10000000,1,550,1191.5,941.2147290909093,936.897,1123.62,1191.5,865.047,1346400,1779,0,0,545612,1779,0,0,0.1321301247771836,0.0,0.1321301247771836,0.0
tornado,1100,m,fpar,fpar,oblivious,-threshold 20750 -disable_hop_rtt_normalization,0.5,10000000,2,550,3104.38,1150.0828200000003,908.762,2474.32,3104.38,827.072,1346400,2770,0,0,741368,2770,0,0,0.20573380867498514,0.0,0.20573380867498514,0.0
tornado,1100,m,reps_uniform_draws,reps_dfp,reps,-dfp_low_uniform,0.5,10000000,2,550,1113.29,993.3686818181823,989.494,1087.54,1113.29,919.172,1346400,6,0,0,508947,6,0,0,0.000445632798573975,0.0,0.000445632798573975,0.0
tornado,1100,m,reps_share,reps_dfp,reps,,0.5,10000000,2,550,939.438,880.3114581818188,874.74,935.006,939.438,835.573,1346400,97,0,0,468361,97,0,0,0.0072043969102792635,0.0,0.0072043969102792635,0.0
tornado,1100,m,reps_partition,reps_dfp,reps,-reps_partition_entropy -reps_escalate_threshold 0.2 -reps_warmup_explore_rtts 0.5 -reps_explore_prob 70,0.5,10000000,2,550,1235.15,941.3843890909092,935.656,1123.53,1235.15,861.491,1346400,2375,0,0,543374,2375,0,0,0.17639631610219844,0.0,0.17639631610219844,0.0
tornado,1100,m,fpar,fpar,oblivious,-threshold 20750 -disable_hop_rtt_normalization,0.5,10000000,3,550,2880.24,1150.301932727273,895.496,2506.7,2880.24,827.477,1346400,3247,0,0,724342,3247,0,0,0.24116161616161616,0.0,0.24116161616161616,0.0
tornado,1100,m,reps_uniform_draws,reps_dfp,reps,-dfp_low_uniform,0.5,10000000,3,550,1095.83,991.9075854545459,989.835,1083.7,1095.83,909.011,1346400,0,0,0,506757,0,0,0,0.0,0.0,0.0,0.0
tornado,1100,m,reps_share,reps_dfp,reps,,0.5,10000000,3,550,955.193,882.2566945454539,882.234,934.674,955.193,840.644,1346400,40,0,0,473483,40,0,0,0.0029708853238265003,0.0,0.0029708853238265003,0.0
tornado,1100,m,reps_partition,reps_dfp,reps,-reps_partition_entropy -reps_escalate_threshold 0.2 -reps_warmup_explore_rtts 0.5 -reps_explore_prob 70,0.5,10000000,3,550,1160.16,946.1888218181819,943.895,1063.42,1160.16,863.201,1346400,1895,0,0,556255,1895,0,0,0.14074569221628044,0.0,0.14074569221628044,0.0
tornado,1100,m,fpar,fpar,oblivious,-threshold 20750 -disable_hop_rtt_normalization,0.5,10000000,4,550,2609.6,1168.9208690909095,901.373,2465.89,2609.6,826.548,1346400,3141,0,0,735288,3141,0,0,0.23328877005347592,0.0,0.23328877005347592,0.0
tornado,1100,m,reps_uniform_draws,reps_dfp,reps,-dfp_low_uniform,0.5,10000000,4,550,1221.24,993.1761818181812,986.48,1148.38,1221.24,906.452,1346400,27,0,0,513843,27,0,0,0.002005347593582888,0.0,0.002005347593582888,0.0
tornado,1100,m,reps_share,reps_dfp,reps,,0.5,10000000,4,550,991.966,886.1913490909085,878.732,982.413,991.966,839.727,1346400,12,0,0,482680,12,0,0,0.00089126559714795,0.0,0.00089126559714795,0.0
tornado,1100,m,reps_partition,reps_dfp,reps,-reps_partition_entropy -reps_escalate_threshold 0.2 -reps_warmup_explore_rtts 0.5 -reps_explore_prob 70,0.5,10000000,4,550,1273.47,944.9478709090913,934.365,1154.7,1273.47,863.448,1346400,2311,0,0,548371,2311,0,0,0.17164289958407605,0.0,0.17164289958407605,0.0
tornado,1100,m,fpar,fpar,oblivious,-threshold 20750 -disable_hop_rtt_normalization,0.5,10000000,5,550,2914.76,1140.0366345454554,899.312,2551.75,2914.76,826.564,1346400,2908,0,0,723826,2908,0,0,0.21598336304218657,0.0,0.21598336304218657,0.0
tornado,1100,m,reps_uniform_draws,reps_dfp,reps,-dfp_low_uniform,0.5,10000000,5,550,1128.1,994.5196418181823,990.984,1093.0,1128.1,917.121,1346400,3,0,0,509533,3,0,0,0.0002228163992869875,0.0,0.0002228163992869875,0.0
tornado,1100,m,reps_share,reps_dfp,reps,,0.5,10000000,5,550,954.145,882.716134545454,882.885,940.19,954.145,836.113,1346400,0,0,0,472335,0,0,0,0.0,0.0,0.0,0.0
tornado,1100,m,reps_partition,reps_dfp,reps,-reps_partition_entropy -reps_escalate_threshold 0.2 -reps_warmup_explore_rtts 0.5 -reps_explore_prob 70,0.5,10000000,5,550,1136.41,940.058734545454,937.212,1078.23,1136.41,864.005,1346400,2053,0,0,549833,2053,0,0,0.15248068924539512,0.0,0.15248068924539512,0.0
tornado,1100,m,fpar,fpar,oblivious,-threshold 20750 -disable_hop_rtt_normalization,0.75,100000,1,825,48.8835,27.03175527272727,25.9736,35.4824,48.8835,23.7571,20625,25,0,0,6751,25,0,0,0.12121212121212122,0.0,0.12121212121212122,0.0
tornado,1100,m,reps_uniform_draws,reps_dfp,reps,-dfp_low_uniform,0.75,100000,1,825,34.2776,28.431590666666626,28.2976,32.0736,34.2776,25.6416,20625,0,0,0,6579,0,0,0,0.0,0.0,0.0,0.0
tornado,1100,m,reps_share,reps_dfp,reps,,0.75,100000,1,825,31.5936,26.501033333333325,26.2976,30.423,31.5936,23.3056,20625,0,0,0,6659,0,0,0,0.0,0.0,0.0,0.0
tornado,1100,m,reps_partition,reps_dfp,reps,-reps_partition_entropy -reps_escalate_threshold 0.2 -reps_warmup_explore_rtts 0.5 -reps_explore_prob 70,0.75,100000,1,825,32.7616,26.77328981818182,26.4536,31.5856,32.7616,23.153,20625,0,0,0,6686,0,0,0,0.0,0.0,0.0,0.0
tornado,1100,m,fpar,fpar,oblivious,-threshold 20750 -disable_hop_rtt_normalization,0.75,100000,2,825,38.3936,26.96791224242425,26.1027,36.7746,38.3936,23.8027,20625,0,0,0,6688,0,0,0,0.0,0.0,0.0,0.0
tornado,1100,m,reps_uniform_draws,reps_dfp,reps,-dfp_low_uniform,0.75,100000,2,825,34.1272,28.39019684848486,28.2821,32.2936,34.1272,25.1398,20625,0,0,0,6587,0,0,0,0.0,0.0,0.0,0.0
tornado,1100,m,reps_share,reps_dfp,reps,,0.75,100000,2,825,31.2616,26.275099151515146,26.1216,29.7736,31.2616,23.149,20625,0,0,0,6587,0,0,0,0.0,0.0,0.0,0.0
tornado,1100,m,reps_partition,reps_dfp,reps,-reps_partition_entropy -reps_escalate_threshold 0.2 -reps_warmup_explore_rtts 0.5 -reps_explore_prob 70,0.75,100000,2,825,32.4416,26.76207333333334,26.6296,31.0936,32.4416,22.9496,20625,0,0,0,6735,0,0,0,0.0,0.0,0.0,0.0
tornado,1100,m,fpar,fpar,oblivious,-threshold 20750 -disable_hop_rtt_normalization,0.75,100000,3,825,42.5376,27.117998424242437,26.1461,37.2786,42.5376,23.4798,20625,0,0,0,6695,0,0,0,0.0,0.0,0.0,0.0
tornado,1100,m,reps_uniform_draws,reps_dfp,reps,-dfp_low_uniform,0.75,100000,3,825,34.7029,28.309625575757593,28.1187,32.1454,34.7029,25.7998,20625,0,0,0,6623,0,0,0,0.0,0.0,0.0,0.0
tornado,1100,m,reps_share,reps_dfp,reps,,0.75,100000,3,825,31.4547,26.190419878787882,26.1152,29.9376,31.4547,22.6216,20625,0,0,0,6609,0,0,0,0.0,0.0,0.0,0.0
tornado,1100,m,reps_partition,reps_dfp,reps,-reps_partition_entropy -reps_escalate_threshold 0.2 -reps_warmup_explore_rtts 0.5 -reps_explore_prob 70,0.75,100000,3,825,31.2856,26.634588121212136,26.6136,30.2536,31.2856,23.2936,20625,0,0,0,6701,0,0,0,0.0,0.0,0.0,0.0
tornado,1100,m,fpar,fpar,oblivious,-threshold 20750 -disable_hop_rtt_normalization,0.75,100000,4,825,37.2614,26.723825212121216,25.9667,34.2803,37.2614,23.4656,20625,0,0,0,6626,0,0,0,0.0,0.0,0.0,0.0
tornado,1100,m,reps_uniform_draws,reps_dfp,reps,-dfp_low_uniform,0.75,100000,4,825,33.1123,28.270815272727262,28.1307,31.6214,33.1123,24.4736,20625,0,0,0,6549,0,0,0,0.0,0.0,0.0,0.0
tornado,1100,m,reps_share,reps_dfp,reps,,0.75,100000,4,825,31.1136,26.255134666666734,26.1216,29.9376,31.1136,23.1336,20625,0,0,0,6596,0,0,0,0.0,0.0,0.0,0.0
tornado,1100,m,reps_partition,reps_dfp,reps,-reps_partition_entropy -reps_escalate_threshold 0.2 -reps_warmup_explore_rtts 0.5 -reps_explore_prob 70,0.75,100000,4,825,31.1016,26.717451272727274,26.6256,30.2816,31.1016,23.4696,20625,0,0,0,6740,0,0,0,0.0,0.0,0.0,0.0
tornado,1100,m,fpar,fpar,oblivious,-threshold 20750 -disable_hop_rtt_normalization,0.75,100000,5,825,38.1186,27.052869333333337,26.2816,36.4586,38.1186,23.6376,20625,0,0,0,6710,0,0,0,0.0,0.0,0.0,0.0
tornado,1100,m,reps_uniform_draws,reps_dfp,reps,-dfp_low_uniform,0.75,100000,5,825,33.6096,28.376839878787898,28.1443,32.2883,33.6096,25.6278,20625,0,0,0,6574,0,0,0,0.0,0.0,0.0,0.0
tornado,1100,m,reps_share,reps_dfp,reps,,0.75,100000,5,825,31.7656,26.282842545454542,26.1147,30.5856,31.7656,23.0629,20625,0,0,0,6611,0,0,0,0.0,0.0,0.0,0.0
tornado,1100,m,reps_partition,reps_dfp,reps,-reps_partition_entropy -reps_escalate_threshold 0.2 -reps_warmup_explore_rtts 0.5 -reps_explore_prob 70,0.75,100000,5,825,31.705,26.69455696969696,26.4536,30.9416,31.705,23.1438,20625,0,0,0,6678,0,0,0,0.0,0.0,0.0,0.0
tornado,1100,m,fpar,fpar,oblivious,-threshold 20750 -disable_hop_rtt_normalization,0.75,250000,1,825,76.739,47.880232121212096,47.8955,62.8867,76.739,39.3122,51150,2039,0,0,19907,2039,0,0,3.986314760508309,0.0,3.986314760508309,0.0
tornado,1100,m,reps_uniform_draws,reps_dfp,reps,-dfp_low_uniform,0.75,250000,1,825,64.2717,49.48903696969697,49.2016,60.6077,64.2717,43.5242,51150,0,0,0,22159,0,0,0,0.0,0.0,0.0,0.0
tornado,1100,m,reps_share,reps_dfp,reps,,0.75,250000,1,825,52.3859,45.89115951515149,45.8278,51.6565,52.3859,40.2688,51150,42,0,0,21057,42,0,0,0.08211143695014662,0.0,0.08211143695014662,0.0
tornado,1100,m,reps_partition,reps_dfp,reps,-reps_partition_entropy -reps_escalate_threshold 0.2 -reps_warmup_explore_rtts 0.5 -reps_explore_prob 70,0.75,250000,1,825,54.7794,49.011845090909084,49.0067,53.5304,54.7794,42.6742,51150,2476,0,0,23169,2476,0,0,4.840664711632454,0.0,4.840664711632454,0.0
tornado,1100,m,fpar,fpar,oblivious,-threshold 20750 -disable_hop_rtt_normalization,0.75,250000,2,825,66.4579,47.53241030303027,47.5709,61.6378,66.4579,39.5787,51150,1686,0,0,19703,1686,0,0,3.2961876832844577,0.0,3.2961876832844577,0.0
tornado,1100,m,reps_uniform_draws,reps_dfp,reps,-dfp_low_uniform,0.75,250000,2,825,60.6128,49.813474303030276,49.4418,57.8336,60.6128,43.091,51150,14,0,0,22228,14,0,0,0.02737047898338221,0.0,0.02737047898338221,0.0
tornado,1100,m,reps_share,reps_dfp,reps,,0.75,250000,2,825,51.9925,45.544646303030376,45.3466,51.0208,51.9925,40.2666,51150,22,0,0,20892,22,0,0,0.043010752688172046,0.0,0.043010752688172046,0.0
tornado,1100,m,reps_partition,reps_dfp,reps,-reps_partition_entropy -reps_escalate_threshold 0.2 -reps_warmup_explore_rtts 0.5 -reps_explore_prob 70,0.75,250000,2,825,54.8686,49.08018351515151,49.108,54.0035,54.8686,42.6021,51150,2416,0,0,23119,2416,0,0,4.72336265884653,0.0,4.72336265884653,0.0
tornado,1100,m,fpar,fpar,oblivious,-threshold 20750 -disable_hop_rtt_normalization,0.75,250000,3,825,75.0742,47.72693527272729,47.6346,68.0112,75.0742,38.6581,51150,2177,0,0,19964,2177,0,0,4.256109481915933,0.0,4.256109481915933,0.0
tornado,1100,m,reps_uniform_draws,reps_dfp,reps,-dfp_low_uniform,0.75,250000,3,825,57.0072,49.45943151515153,49.3899,54.931,57.0072,42.6386,51150,18,0,0,21868,18,0,0,0.03519061583577713,0.0,0.03519061583577713,0.0
tornado,1100,m,reps_share,reps_dfp,reps,,0.75,250000,3,825,53.587,45.963800848484865,45.8114,51.8576,53.587,39.2456,51150,27,0,0,21026,27,0,0,0.05278592375366569,0.0,0.05278592375366569,0.0
tornado,1100,m,reps_partition,reps_dfp,reps,-reps_partition_entropy -reps_escalate_threshold 0.2 -reps_warmup_explore_rtts 0.5 -reps_explore_prob 70,0.75,250000,3,825,53.7362,48.82819139393939,48.9544,52.9165,53.7362,41.2392,51150,2270,0,0,23019,2270,0,0,4.437927663734115,0.0,4.437927663734115,0.0
tornado,1100,m,fpar,fpar,oblivious,-threshold 20750 -disable_hop_rtt_normalization,0.75,250000,4,825,61.728,47.40914193939388,47.825,58.9784,61.728,38.9842,51150,1737,0,0,19570,1737,0,0,3.3958944281524928,0.0,3.3958944281524928,0.0
tornado,1100,m,reps_uniform_draws,reps_dfp,reps,-dfp_low_uniform,0.75,250000,4,825,58.8259,49.41578521212116,49.2067,56.3458,58.8259,41.963,51150,0,0,0,21790,0,0,0,0.0,0.0,0.0,0.0
tornado,1100,m,reps_share,reps_dfp,reps,,0.75,250000,4,825,54.9765,45.99524012121212,45.947,53.5176,54.9765,39.3725,51150,26,0,0,20960,26,0,0,0.05083088954056696,0.0,0.05083088954056696,0.0
tornado,1100,m,reps_partition,reps_dfp,reps,-reps_partition_entropy -reps_escalate_threshold 0.2 -reps_warmup_explore_rtts 0.5 -reps_explore_prob 70,0.75,250000,4,825,55.3363,49.18792727272727,48.9837,54.3403,55.3363,41.4299,51150,2584,0,0,23283,2584,0,0,5.051808406647116,0.0,5.051808406647116,0.0
tornado,1100,m,fpar,fpar,oblivious,-threshold 20750 -disable_hop_rtt_normalization,0.75,250000,5,825,76.2802,47.866365696969716,47.9819,63.893,76.2802,39.5827,51150,1995,0,0,19884,1995,0,0,3.900293255131965,0.0,3.900293255131965,0.0
tornado,1100,m,reps_uniform_draws,reps_dfp,reps,-dfp_low_uniform,0.75,250000,5,825,59.571,49.28660618181821,48.9789,57.3005,59.571,43.1939,51150,0,0,0,22011,0,0,0,0.0,0.0,0.0,0.0
tornado,1100,m,reps_share,reps_dfp,reps,,0.75,250000,5,825,55.6405,45.75814957575755,45.5496,52.587,55.6405,39.975,51150,68,0,0,20864,68,0,0,0.13294232649071358,0.0,0.13294232649071358,0.0
tornado,1100,m,reps_partition,reps_dfp,reps,-reps_partition_entropy -reps_escalate_threshold 0.2 -reps_warmup_explore_rtts 0.5 -reps_explore_prob 70,0.75,250000,5,825,55.1813,49.07439696969699,49.0682,53.8675,55.1813,40.9621,51150,2494,0,0,23174,2494,0,0,4.875855327468231,0.0,4.875855327468231,0.0
tornado,1100,m,fpar,fpar,oblivious,-threshold 20750 -disable_hop_rtt_normalization,0.75,500000,1,825,174.08,77.86285745454543,75.1642,122.504,174.08,62.5144,101475,6269,0,0,46437,6269,0,0,6.177876324217787,0.0,6.177876324217787,0.0
tornado,1100,m,reps_uniform_draws,reps_dfp,reps,-dfp_low_uniform,0.75,500000,1,825,96.5285,82.61049115151532,82.464,92.8803,96.5285,71.4154,101475,49,0,0,54345,49,0,0,0.04828775560482878,0.0,0.04828775560482878,0.0
tornado,1100,m,reps_share,reps_dfp,reps,,0.75,500000,1,825,88.3776,77.48544133333334,77.4216,85.4286,88.3776,68.3394,101475,424,0,0,57918,424,0,0,0.4178369056417837,0.0,0.4178369056417837,0.0
tornado,1100,m,reps_partition,reps_dfp,reps,-reps_partition_entropy -reps_escalate_threshold 0.2 -reps_warmup_explore_rtts 0.5 -reps_explore_prob 70,0.75,500000,1,825,93.3066,78.63894703030304,78.0907,90.5197,93.3066,67.5134,101475,5098,0,0,55584,5098,0,0,5.02389751170239,0.0,5.02389751170239,0.0
tornado,1100,m,fpar,fpar,oblivious,-threshold 20750 -disable_hop_rtt_normalization,0.75,500000,2,825,131.339,77.49280460606057,75.4554,118.531,131.339,62.392,101475,5940,0,0,46172,5940,0,0,5.853658536585366,0.0,5.853658536585366,0.0
tornado,1100,m,reps_uniform_draws,reps_dfp,reps,-dfp_low_uniform,0.75,500000,2,825,95.0728,83.28327478787881,83.1016,93.6162,95.0728,70.9422,101475,90,0,0,55171,90,0,0,0.08869179600886919,0.0,0.08869179600886919,0.0
tornado,1100,m,reps_share,reps_dfp,reps,,0.75,500000,2,825,85.3091,76.35161527272724,76.2686,83.6491,85.3091,68.1307,101475,187,0,0,57548,187,0,0,0.1842818428184282,0.0,0.1842818428184282,0.0
tornado,1100,m,reps_partition,reps_dfp,reps,-reps_partition_entropy -reps_escalate_threshold 0.2 -reps_warmup_explore_rtts 0.5 -reps_explore_prob 70,0.75,500000,2,825,89.3554,78.0350551515153,77.5978,88.0104,89.3554,68.7136,101475,5170,0,0,55253,5170,0,0,5.094850948509485,0.0,5.094850948509485,0.0
tornado,1100,m,fpar,fpar,oblivious,-threshold 20750 -disable_hop_rtt_normalization,0.75,500000,3,825,165.331,77.33448218181812,75.159,120.054,165.331,61.036,101475,6283,0,0,46143,6283,0,0,6.191672825819167,0.0,6.191672825819167,0.0
tornado,1100,m,reps_uniform_draws,reps_dfp,reps,-dfp_low_uniform,0.75,500000,3,825,95.9554,82.89353272727274,82.6952,93.113,95.9554,69.9118,101475,91,0,0,54222,91,0,0,0.08967726040896773,0.0,0.08967726040896773,0.0
tornado,1100,m,reps_share,reps_dfp,reps,,0.75,500000,3,825,84.4579,76.60517454545467,76.6526,83.2184,84.4579,65.8056,101475,239,0,0,57924,239,0,0,0.2355259916235526,0.0,0.2355259916235526,0.0
tornado,1100,m,reps_partition,reps_dfp,reps,-reps_partition_entropy -reps_escalate_threshold 0.2 -reps_warmup_explore_rtts 0.5 -reps_explore_prob 70,0.75,500000,3,825,90.0683,77.86472072727274,77.5686,87.8547,90.0683,66.2701,101475,4832,0,0,55326,4832,0,0,4.761763981276176,0.0,4.761763981276176,0.0
tornado,1100,m,fpar,fpar,oblivious,-threshold 20750 -disable_hop_rtt_normalization,0.75,500000,4,825,122.449,76.93320157575762,75.4077,109.694,122.449,61.8176,101475,5656,0,0,45741,5656,0,0,5.5737866469573785,0.0,5.5737866469573785,0.0
tornado,1100,m,reps_uniform_draws,reps_dfp,reps,-dfp_low_uniform,0.75,500000,4,825,94.1963,82.62336545454541,82.7088,91.8603,94.1963,71.3216,101475,78,0,0,53995,78,0,0,0.07686622320768663,0.0,0.07686622320768663,0.0
tornado,1100,m,reps_share,reps_dfp,reps,,0.75,500000,4,825,87.9856,77.07601806060609,76.8834,85.8474,87.9856,66.5914,101475,235,0,0,58387,235,0,0,0.23158413402315842,0.0,0.23158413402315842,0.0
tornado,1100,m,reps_partition,reps_dfp,reps,-reps_partition_entropy -reps_escalate_threshold 0.2 -reps_warmup_explore_rtts 0.5 -reps_explore_prob 70,0.75,500000,4,825,92.1912,78.87843527272732,78.7678,89.6474,92.1912,67.2733,101475,5261,0,0,55789,5261,0,0,5.184528208918453,0.0,5.184528208918453,0.0
tornado,1100,m,fpar,fpar,oblivious,-threshold 20750 -disable_hop_rtt_normalization,0.75,500000,5,825,154.771,77.65881587878789,75.3595,122.166,154.771,61.6653,101475,5806,0,0,46763,5806,0,0,5.721606306972161,0.0,5.721606306972161,0.0
tornado,1100,m,reps_uniform_draws,reps_dfp,reps,-dfp_low_uniform,0.75,500000,5,825,95.796,82.51538933333335,82.4016,92.796,95.796,70.777,101475,88,0,0,54176,88,0,0,0.08672086720867209,0.0,0.08672086720867209,0.0
tornado,1100,m,reps_share,reps_dfp,reps,,0.75,500000,5,825,87.7059,76.90536375757583,76.6221,85.9541,87.7059,68.4576,101475,363,0,0,58205,363,0,0,0.35772357723577236,0.0,0.35772357723577236,0.0
tornado,1100,m,reps_partition,reps_dfp,reps,-reps_partition_entropy -reps_escalate_threshold 0.2 -reps_warmup_explore_rtts 0.5 -reps_explore_prob 70,0.75,500000,5,825,92.1966,78.14531684848488,77.9286,89.9691,92.1966,66.7622,101475,5065,0,0,55543,5065,0,0,4.991377186499138,0.0,4.991377186499138,0.0
tornado,1100,m,fpar,fpar,oblivious,-threshold 20750 -disable_hop_rtt_normalization,0.75,2000000,1,825,774.228,269.336487272727,229.317,547.735,774.228,190.224,404250,8674,0,0,208233,8674,0,0,2.1457019171304887,0.0,2.1457019171304887,0.0
tornado,1100,m,reps_uniform_draws,reps_dfp,reps,-dfp_low_uniform,0.75,2000000,1,825,393.407,263.61633818181815,260.339,347.186,393.407,235.676,404250,177,0,0,242404,177,0,0,0.0437847866419295,0.0,0.0437847866419295,0.0
tornado,1100,m,reps_share,reps_dfp,reps,,0.75,2000000,1,825,349.422,244.89099393939387,240.492,301.937,349.422,221.531,404250,1380,0,0,271340,1380,0,0,0.34137291280148424,0.0,0.34137291280148424,0.0
tornado,1100,m,reps_partition,reps_dfp,reps,-reps_partition_entropy -reps_escalate_threshold 0.2 -reps_warmup_explore_rtts 0.5 -reps_explore_prob 70,0.75,2000000,1,825,369.564,259.60534666666666,253.724,330.979,369.564,222.694,404250,6156,0,0,255732,6156,0,0,1.5228200371057514,0.0,1.5228200371057514,0.0
tornado,1100,m,fpar,fpar,oblivious,-threshold 20750 -disable_hop_rtt_normalization,0.75,2000000,2,825,567.168,270.6608521212123,236.749,495.902,567.168,190.611,404250,9085,0,0,211326,9085,0,0,2.2473716759431044,0.0,2.2473716759431044,0.0
tornado,1100,m,reps_uniform_draws,reps_dfp,reps,-dfp_low_uniform,0.75,2000000,2,825,429.571,264.8344993939388,258.644,367.395,429.571,231.166,404250,238,0,0,241578,238,0,0,0.05887445887445888,0.0,0.05887445887445888,0.0
tornado,1100,m,reps_share,reps_dfp,reps,,0.75,2000000,2,825,351.747,244.49961696969714,240.761,302.091,351.747,223.475,404250,803,0,0,275724,803,0,0,0.19863945578231293,0.0,0.19863945578231293,0.0
tornado,1100,m,reps_partition,reps_dfp,reps,-reps_partition_entropy -reps_escalate_threshold 0.2 -reps_warmup_explore_rtts 0.5 -reps_explore_prob 70,0.75,2000000,2,825,377.371,258.6924848484845,252.717,329.188,377.371,226.71,404250,6307,0,0,257372,6307,0,0,1.56017316017316,0.0,1.56017316017316,0.0
tornado,1100,m,fpar,fpar,oblivious,-threshold 20750 -disable_hop_rtt_normalization,0.75,2000000,3,825,734.081,269.63874303030275,234.135,586.922,734.081,186.73,404250,9242,0,0,210307,9242,0,0,2.286209029066172,0.0,2.286209029066172,0.0
tornado,1100,m,reps_uniform_draws,reps_dfp,reps,-dfp_low_uniform,0.75,2000000,3,825,441.287,264.10564606060615,259.319,365.495,441.287,226.902,404250,236,0,0,239958,236,0,0,0.058379715522572664,0.0,0.058379715522572664,0.0
tornado,1100,m,reps_share,reps_dfp,reps,,0.75,2000000,3,825,317.118,244.94382787878808,241.232,304.224,317.118,215.401,404250,956,0,0,273163,956,0,0,0.23648732220160792,0.0,0.23648732220160792,0.0
tornado,1100,m,reps_partition,reps_dfp,reps,-reps_partition_entropy -reps_escalate_threshold 0.2 -reps_warmup_explore_rtts 0.5 -reps_explore_prob 70,0.75,2000000,3,825,352.417,258.6009527272725,253.088,327.554,352.417,218.187,404250,5968,0,0,258137,5968,0,0,1.4763141620284477,0.0,1.4763141620284477,0.0
tornado,1100,m,fpar,fpar,oblivious,-threshold 20750 -disable_hop_rtt_normalization,0.75,2000000,4,825,613.343,269.3697272727275,238.631,497.629,613.343,189.793,404250,9108,0,0,209821,9108,0,0,2.253061224489796,0.0,2.253061224489796,0.0
tornado,1100,m,reps_uniform_draws,reps_dfp,reps,-dfp_low_uniform,0.75,2000000,4,825,392.148,263.07216727272714,259.673,341.058,392.148,238.037,404250,239,0,0,241431,239,0,0,0.05912183055040198,0.0,0.05912183055040198,0.0
tornado,1100,m,reps_share,reps_dfp,reps,,0.75,2000000,4,825,346.331,245.1318303030302,240.625,313.801,346.331,220.141,404250,892,0,0,274479,892,0,0,0.22065553494124923,0.0,0.22065553494124923,0.0
tornado,1100,m,reps_partition,reps_dfp,reps,-reps_partition_entropy -reps_escalate_threshold 0.2 -reps_warmup_explore_rtts 0.5 -reps_explore_prob 70,0.75,2000000,4,825,358.318,258.80052363636344,252.082,333.524,358.318,223.577,404250,6365,0,0,257079,6365,0,0,1.5745207173778601,0.0,1.5745207173778601,0.0
tornado,1100,m,fpar,fpar,oblivious,-threshold 20750 -disable_hop_rtt_normalization,0.75,2000000,5,825,726.61,270.1642981818186,237.637,551.923,726.61,183.407,404250,8309,0,0,211371,8309,0,0,2.0554112554112556,0.0,2.0554112554112556,0.0
tornado,1100,m,reps_uniform_draws,reps_dfp,reps,-dfp_low_uniform,0.75,2000000,5,825,421.647,263.6011163636365,259.622,351.313,421.647,234.389,404250,203,0,0,240179,203,0,0,0.050216450216450215,0.0,0.050216450216450215,0.0
tornado,1100,m,reps_share,reps_dfp,reps,,0.75,2000000,5,825,336.353,244.67587878787876,239.819,300.775,336.353,221.509,404250,1109,0,0,274053,1109,0,0,0.2743351886209029,0.0,0.2743351886209029,0.0
tornado,1100,m,reps_partition,reps_dfp,reps,-reps_partition_entropy -reps_escalate_threshold 0.2 -reps_warmup_explore_rtts 0.5 -reps_explore_prob 70,0.75,2000000,5,825,379.544,258.45501212121246,252.93,337.97,379.544,219.31,404250,6408,0,0,257924,6408,0,0,1.5851576994434138,0.0,1.5851576994434138,0.0
tornado,1100,m,fpar,fpar,oblivious,-threshold 20750 -disable_hop_rtt_normalization,0.75,5000000,1,825,1942.34,649.908364848484,531.809,1482.47,1942.34,442.586,1009800,9927,0,0,526853,9927,0,0,0.9830659536541889,0.0,0.9830659536541889,0.0
tornado,1100,m,reps_uniform_draws,reps_dfp,reps,-dfp_low_uniform,0.75,5000000,1,825,924.403,624.5636448484851,613.64,772.145,924.403,547.482,1009800,210,0,0,580491,210,0,0,0.020796197266785502,0.0,0.020796197266785502,0.0
tornado,1100,m,reps_share,reps_dfp,reps,,0.75,5000000,1,825,792.372,581.2793890909085,568.234,708.278,792.372,516.467,1009800,1779,0,0,643958,1779,0,0,0.17617349970291146,0.0,0.17617349970291146,0.0
tornado,1100,m,reps_partition,reps_dfp,reps,-reps_partition_entropy -reps_escalate_threshold 0.2 -reps_warmup_explore_rtts 0.5 -reps_explore_prob 70,0.75,5000000,1,825,861.064,618.1869018181822,609.26,779.051,861.064,515.621,1009800,6413,0,0,605303,6413,0,0,0.6350762527233116,0.0,0.6350762527233116,0.0
tornado,1100,m,fpar,fpar,oblivious,-threshold 20750 -disable_hop_rtt_normalization,0.75,5000000,2,825,1489.65,658.7592278787885,550.272,1248.7,1489.65,441.289,1009800,10118,0,0,552136,10118,0,0,1.0019805902158843,0.0,1.0019805902158843,0.0
tornado,1100,m,reps_uniform_draws,reps_dfp,reps,-dfp_low_uniform,0.75,5000000,2,825,914.535,626.6970606060604,609.847,832.92,914.535,546.217,1009800,275,0,0,573140,275,0,0,0.027233115468409588,0.0,0.027233115468409588,0.0
tornado,1100,m,reps_share,reps_dfp,reps,,0.75,5000000,2,825,763.893,579.2361066666665,565.001,726.649,763.893,528.327,1009800,997,0,0,651456,997,0,0,0.09873242226183403,0.0,0.09873242226183403,0.0
tornado,1100,m,reps_partition,reps_dfp,reps,-reps_partition_entropy -reps_escalate_threshold 0.2 -reps_warmup_explore_rtts 0.5 -reps_explore_prob 70,0.75,5000000,2,825,921.364,614.8077551515154,602.966,769.988,921.364,521.255,1009800,6682,0,0,599010,6682,0,0,0.6617151911269559,0.0,0.6617151911269559,0.0
tornado,1100,m,fpar,fpar,oblivious,-threshold 20750 -disable_hop_rtt_normalization,0.75,5000000,3,825,1855.78,651.6860606060611,539.675,1449.37,1855.78,438.558,1009800,10530,0,0,537006,10530,0,0,1.0427807486631016,0.0,1.0427807486631016,0.0
tornado,1100,m,reps_uniform_draws,reps_dfp,reps,-dfp_low_uniform,0.75,5000000,3,825,975.951,625.5503393939393,612.788,801.339,975.951,541.953,1009800,253,0,0,572008,253,0,0,0.02505446623093682,0.0,0.02505446623093682,0.0
tornado,1100,m,reps_share,reps_dfp,reps,,0.75,5000000,3,825,733.641,580.8442933333333,568.638,712.23,733.641,502.034,1009800,1057,0,0,651225,1057,0,0,0.10467419290948703,0.0,0.10467419290948703,0.0
tornado,1100,m,reps_partition,reps_dfp,reps,-reps_partition_entropy -reps_escalate_threshold 0.2 -reps_warmup_explore_rtts 0.5 -reps_explore_prob 70,0.75,5000000,3,825,816.876,616.5662303030305,606.738,775.469,816.876,510.794,1009800,6286,0,0,606491,6286,0,0,0.622499504852446,0.0,0.622499504852446,0.0
tornado,1100,m,fpar,fpar,oblivious,-threshold 20750 -disable_hop_rtt_normalization,0.75,5000000,4,825,1597.54,653.7530593939397,560.099,1332.19,1597.54,438.64,1009800,10959,0,0,538465,10959,0,0,1.0852644087938206,0.0,1.0852644087938206,0.0
tornado,1100,m,reps_uniform_draws,reps_dfp,reps,-dfp_low_uniform,0.75,5000000,4,825,932.068,623.814355151515,611.769,775.277,932.068,552.314,1009800,316,0,0,578828,316,0,0,0.03129332541097247,0.0,0.03129332541097247,0.0
tornado,1100,m,reps_share,reps_dfp,reps,,0.75,5000000,4,825,774.954,580.3306036363634,565.617,725.205,774.954,518.747,1009800,1120,0,0,651315,1120,0,0,0.11091305208952268,0.0,0.11091305208952268,0.0
tornado,1100,m,reps_partition,reps_dfp,reps,-reps_partition_entropy -reps_escalate_threshold 0.2 -reps_warmup_explore_rtts 0.5 -reps_explore_prob 70,0.75,5000000,4,825,842.563,615.2057381818175,604.401,773.187,842.563,512.4,1009800,6748,0,0,602141,6748,0,0,0.6682511388393741,0.0,0.6682511388393741,0.0
tornado,1100,m,fpar,fpar,oblivious,-threshold 20750 -disable_hop_rtt_normalization,0.75,5000000,5,825,1899.13,652.9672230303033,555.194,1508.21,1899.13,438.54,1009800,9600,0,0,542107,9600,0,0,0.9506833036244801,0.0,0.9506833036244801,0.0
tornado,1100,m,reps_uniform_draws,reps_dfp,reps,-dfp_low_uniform,0.75,5000000,5,825,951.664,625.4105406060606,612.789,794.532,951.664,538.709,1009800,213,0,0,576584,213,0,0,0.02109328579916815,0.0,0.02109328579916815,0.0
tornado,1100,m,reps_share,reps_dfp,reps,,0.75,5000000,5,825,771.135,580.4347599999995,566.236,703.138,771.135,518.65,1009800,1334,0,0,649217,1334,0,0,0.13210536739948506,0.0,0.13210536739948506,0.0
tornado,1100,m,reps_partition,reps_dfp,reps,-reps_partition_entropy -reps_escalate_threshold 0.2 -reps_warmup_explore_rtts 0.5 -reps_explore_prob 70,0.75,5000000,5,825,916.115,615.4264703030301,608.913,773.45,916.115,509.41,1009800,6707,0,0,602260,6707,0,0,0.6641909288968112,0.0,0.6641909288968112,0.0
tornado,1100,m,fpar,fpar,oblivious,-threshold 20750 -disable_hop_rtt_normalization,0.75,10000000,1,825,3893.64,1277.8698654545458,1045.42,3006.98,3893.64,868.9,2019600,11018,0,0,1057690,11018,0,0,0.5455535749653396,0.0,0.5455535749653396,0.0
tornado,1100,m,reps_uniform_draws,reps_dfp,reps,-dfp_low_uniform,0.75,10000000,1,825,1699.84,1227.921236363637,1204.24,1484.39,1699.84,1072.0,2019600,245,0,0,1135643,245,0,0,0.012131115072291542,0.0,0.012131115072291542,0.0
tornado,1100,m,reps_share,reps_dfp,reps,,0.75,10000000,1,825,1512.25,1144.5398181818193,1131.07,1383.36,1512.25,1002.66,2019600,2356,0,0,1267173,2356,0,0,0.11665676371558724,0.0,0.11665676371558724,0.0
tornado,1100,m,reps_partition,reps_dfp,reps,-reps_partition_entropy -reps_escalate_threshold 0.2 -reps_warmup_explore_rtts 0.5 -reps_explore_prob 70,0.75,10000000,1,825,1586.15,1219.5816703030305,1214.41,1488.61,1586.15,995.078,2019600,7119,0,0,1198980,7119,0,0,0.35249554367201424,0.0,0.35249554367201424,0.0
tornado,1100,m,fpar,fpar,oblivious,-threshold 20750 -disable_hop_rtt_normalization,0.75,10000000,2,825,2983.55,1293.895487272727,1061.9,2533.4,2983.55,863.312,2019600,11314,0,0,1112751,11314,0,0,0.5602099425628837,0.0,0.5602099425628837,0.0
tornado,1100,m,reps_uniform_draws,reps_dfp,reps,-dfp_low_uniform,0.75,10000000,2,825,1695.02,1232.53353939394,1200.93,1577.8,1695.02,1072.74,2019600,308,0,0,1123750,308,0,0,0.015250544662309368,0.0,0.015250544662309368,0.0
tornado,1100,m,reps_share,reps_dfp,reps,,0.75,10000000,2,825,1420.06,1141.7619151515144,1123.77,1363.8,1420.06,1027.08,2019600,1347,0,0,1284405,1347,0,0,0.06669637551990493,0.0,0.06669637551990493,0.0
tornado,1100,m,reps_partition,reps_dfp,reps,-reps_partition_entropy -reps_escalate_threshold 0.2 -reps_warmup_explore_rtts 0.5 -reps_explore_prob 70,0.75,10000000,2,825,1734.79,1213.2523757575764,1206.98,1481.21,1734.79,1007.27,2019600,7495,0,0,1185373,7495,0,0,0.371113091701327,0.0,0.371113091701327,0.0
tornado,1100,m,fpar,fpar,oblivious,-threshold 20750 -disable_hop_rtt_normalization,0.75,10000000,3,825,3690.55,1279.4837054545437,1049.6,2832.28,3690.55,864.918,2019600,12025,0,0,1073671,12025,0,0,0.5954149336502278,0.0,0.5954149336502278,0.0
tornado,1100,m,reps_uniform_draws,reps_dfp,reps,-dfp_low_uniform,0.75,10000000,3,825,1779.69,1230.1907030303037,1205.67,1526.18,1779.69,1064.66,2019600,283,0,0,1126620,283,0,0,0.01401267577738166,0.0,0.01401267577738166,0.0
tornado,1100,m,reps_share,reps_dfp,reps,,0.75,10000000,3,825,1428.87,1142.4771696969697,1128.34,1354.57,1428.87,986.851,2019600,1380,0,0,1291261,1380,0,0,0.06833036244800951,0.0,0.06833036244800951,0.0
tornado,1100,m,reps_partition,reps_dfp,reps,-reps_partition_entropy -reps_escalate_threshold 0.2 -reps_warmup_explore_rtts 0.5 -reps_explore_prob 70,0.75,10000000,3,825,1643.46,1217.9616993939385,1211.74,1505.59,1643.46,995.452,2019600,7080,0,0,1198811,7080,0,0,0.35056446821152704,0.0,0.35056446821152704,0.0
tornado,1100,m,fpar,fpar,oblivious,-threshold 20750 -disable_hop_rtt_normalization,0.75,10000000,4,825,3225.32,1291.3006909090914,1094.06,2690.54,3225.32,856.652,2019600,12415,0,0,1092167,12415,0,0,0.6147256882551,0.0,0.6147256882551,0.0
tornado,1100,m,reps_uniform_draws,reps_dfp,reps,-dfp_low_uniform,0.75,10000000,4,825,1684.82,1227.6174909090923,1201.61,1524.26,1684.82,1080.1,2019600,509,0,0,1131979,509,0,0,0.025203010497128146,0.0,0.025203010497128146,0.0
tornado,1100,m,reps_share,reps_dfp,reps,,0.75,10000000,4,825,1441.36,1144.0751151515153,1127.26,1383.11,1441.36,1013.01,2019600,1562,0,0,1281291,1562,0,0,0.07734204793028322,0.0,0.07734204793028322,0.0
tornado,1100,m,reps_partition,reps_dfp,reps,-reps_partition_entropy -reps_escalate_threshold 0.2 -reps_warmup_explore_rtts 0.5 -reps_explore_prob 70,0.75,10000000,4,825,1559.09,1214.8097272727282,1202.64,1478.27,1559.09,986.435,2019600,7379,0,0,1199213,7379,0,0,0.36536938007526243,0.0,0.36536938007526243,0.0
tornado,1100,m,fpar,fpar,oblivious,-threshold 20750 -disable_hop_rtt_normalization,0.75,10000000,5,825,3791.28,1283.8760727272727,1093.36,3160.18,3791.28,868.964,2019600,11078,0,0,1086249,11078,0,0,0.5485244602891661,0.0,0.5485244602891661,0.0
tornado,1100,m,reps_uniform_draws,reps_dfp,reps,-dfp_low_uniform,0.75,10000000,5,825,1659.01,1229.3217333333323,1201.73,1529.9,1659.01,1072.4,2019600,245,0,0,1127700,245,0,0,0.012131115072291542,0.0,0.012131115072291542,0.0
tornado,1100,m,reps_share,reps_dfp,reps,,0.75,10000000,5,825,1470.58,1143.2107272727274,1127.09,1357.17,1470.58,1020.4,2019600,1700,0,0,1285405,1700,0,0,0.08417508417508418,0.0,0.08417508417508418,0.0
tornado,1100,m,reps_partition,reps_dfp,reps,-reps_partition_entropy -reps_escalate_threshold 0.2 -reps_warmup_explore_rtts 0.5 -reps_explore_prob 70,0.75,10000000,5,825,1620.25,1214.4372933333334,1210.0,1492.34,1620.25,991.11,2019600,7733,0,0,1192657,7733,0,0,0.3828976034858388,0.0,0.3828976034858388,0.0
tornado,1100,m,fpar,fpar,oblivious,-threshold 20750 -disable_hop_rtt_normalization,1.0,100000,1,1100,37.6555,30.911565272727238,30.5976,36.5856,37.6555,26.2936,27500,21,0,0,9449,21,0,0,0.07636363636363637,0.0,0.07636363636363637,0.0
tornado,1100,m,reps_uniform_draws,reps_dfp,reps,-dfp_low_uniform,1.0,100000,1,1100,36.8816,31.450159545454536,31.3026,34.9682,36.8816,28.117,27500,0,0,0,9641,0,0,0,0.0,0.0,0.0,0.0
tornado,1100,m,reps_share,reps_dfp,reps,,1.0,100000,1,1100,35.4176,29.81172327272729,29.6136,34.4216,35.4176,26.2987,27500,0,0,0,9968,0,0,0,0.0,0.0,0.0,0.0
tornado,1100,m,reps_partition,reps_dfp,reps,-reps_partition_entropy -reps_escalate_threshold 0.2 -reps_warmup_explore_rtts 0.5 -reps_explore_prob 70,1.0,100000,1,1100,36.0696,30.35311390909098,30.2536,34.8781,36.0696,26.2987,27500,0,0,0,10162,0,0,0,0.0,0.0,0.0,0.0
tornado,1100,m,fpar,fpar,oblivious,-threshold 20750 -disable_hop_rtt_normalization,1.0,100000,2,1100,39.4306,30.97504990909093,30.5856,36.9243,39.4306,26.757,27500,43,0,0,9444,43,0,0,0.15636363636363637,0.0,0.15636363636363637,0.0
tornado,1100,m,reps_uniform_draws,reps_dfp,reps,-dfp_low_uniform,1.0,100000,2,1100,37.9203,31.43125954545454,31.2616,35.6475,37.9203,28.1341,27500,0,0,0,9625,0,0,0,0.0,0.0,0.0,0.0
tornado,1100,m,reps_share,reps_dfp,reps,,1.0,100000,2,1100,36.7456,29.910883363636337,29.7656,34.4096,36.7456,25.6296,27500,0,0,0,9991,0,0,0,0.0,0.0,0.0,0.0
tornado,1100,m,reps_partition,reps_dfp,reps,-reps_partition_entropy -reps_escalate_threshold 0.2 -reps_warmup_explore_rtts 0.5 -reps_explore_prob 70,1.0,100000,2,1100,37.3856,30.28658545454546,30.1107,34.9376,37.3856,25.7371,27500,0,0,0,10171,0,0,0,0.0,0.0,0.0,0.0
tornado,1100,m,fpar,fpar,oblivious,-threshold 20750 -disable_hop_rtt_normalization,1.0,100000,3,1100,37.2067,30.90209236363638,30.5856,36.3776,37.2067,26.3531,27500,11,0,0,9509,11,0,0,0.04,0.0,0.04,0.0
tornado,1100,m,reps_uniform_draws,reps_dfp,reps,-dfp_low_uniform,1.0,100000,3,1100,38.3936,31.37497054545455,31.2496,35.5776,38.3936,28.449,27500,0,0,0,9669,0,0,0,0.0,0.0,0.0,0.0
tornado,1100,m,reps_share,reps_dfp,reps,,1.0,100000,3,1100,36.4136,29.901232090909115,29.7547,34.5816,36.4136,26.4416,27500,0,0,0,9905,0,0,0,0.0,0.0,0.0,0.0
tornado,1100,m,reps_partition,reps_dfp,reps,-reps_partition_entropy -reps_escalate_threshold 0.2 -reps_warmup_explore_rtts 0.5 -reps_explore_prob 70,1.0,100000,3,1100,36.9296,30.38616954545458,30.167,34.9256,36.9296,25.7947,27500,0,0,0,10118,0,0,0,0.0,0.0,0.0,0.0
tornado,1100,m,fpar,fpar,oblivious,-threshold 20750 -disable_hop_rtt_normalization,1.0,100000,4,1100,37.2786,30.734945999999976,30.5736,36.2466,37.2786,26.4638,27500,29,0,0,9464,29,0,0,0.10545454545454545,0.0,0.10545454545454545,0.0
tornado,1100,m,reps_uniform_draws,reps_dfp,reps,-dfp_low_uniform,1.0,100000,4,1100,37.4882,31.32924654545451,31.117,35.6016,37.4882,27.4939,27500,0,0,0,9648,0,0,0,0.0,0.0,0.0,0.0
tornado,1100,m,reps_share,reps_dfp,reps,,1.0,100000,4,1100,36.151,29.86538318181814,29.7232,34.5496,36.151,26.1216,27500,0,0,0,9961,0,0,0,0.0,0.0,0.0,0.0
tornado,1100,m,reps_partition,reps_dfp,reps,-reps_partition_entropy -reps_escalate_threshold 0.2 -reps_warmup_explore_rtts 0.5 -reps_explore_prob 70,1.0,100000,4,1100,38.4096,30.505624000000044,30.2776,35.5656,38.4096,25.9416,27500,0,0,0,10109,0,0,0,0.0,0.0,0.0,0.0
tornado,1100,m,fpar,fpar,oblivious,-threshold 20750 -disable_hop_rtt_normalization,1.0,100000,5,1100,37.229,31.026156999999994,30.8936,36.577,37.229,26.7856,27500,30,0,0,9510,30,0,0,0.10909090909090909,0.0,0.10909090909090909,0.0
tornado,1100,m,reps_uniform_draws,reps_dfp,reps,-dfp_low_uniform,1.0,100000,5,1100,39.4016,31.64797327272727,31.4336,37.0776,39.4016,27.9587,27500,0,0,0,9664,0,0,0,0.0,0.0,0.0,0.0
tornado,1100,m,reps_share,reps_dfp,reps,,1.0,100000,5,1100,37.2931,29.842999999999982,29.6136,35.2576,37.2931,26.3038,27500,0,0,0,9824,0,0,0,0.0,0.0,0.0,0.0
tornado,1100,m,reps_partition,reps_dfp,reps,-reps_partition_entropy -reps_escalate_threshold 0.2 -reps_warmup_explore_rtts 0.5 -reps_explore_prob 70,1.0,100000,5,1100,37.3976,30.28801609090911,30.1056,35.5896,37.3976,26.0902,27500,0,0,0,10208,0,0,0,0.0,0.0,0.0,0.0
tornado,1100,m,fpar,fpar,oblivious,-threshold 20750 -disable_hop_rtt_normalization,1.0,250000,1,1100,72.136,52.567270454545366,52.265,62.883,72.136,44.6414,68200,10032,0,0,35358,10032,0,0,14.709677419354838,0.0,14.709677419354838,0.0
tornado,1100,m,reps_uniform_draws,reps_dfp,reps,-dfp_low_uniform,1.0,250000,1,1100,67.0901,57.88798236363638,57.6325,64.1467,67.0901,51.9435,68200,94,0,0,44287,94,0,0,0.1378299120234604,0.0,0.1378299120234604,0.0
tornado,1100,m,reps_share,reps_dfp,reps,,1.0,250000,1,1100,64.5902,55.492790090909146,55.243,62.7738,64.5902,48.3222,68200,638,0,0,44256,638,0,0,0.9354838709677419,0.0,0.9354838709677419,0.0
tornado,1100,m,reps_partition,reps_dfp,reps,-reps_partition_entropy -reps_escalate_threshold 0.2 -reps_warmup_explore_rtts 0.5 -reps_explore_prob 70,1.0,250000,1,1100,62.9923,55.98271836363644,56.1744,61.563,62.9923,48.4514,68200,6083,0,0,43468,6083,0,0,8.919354838709678,0.0,8.919354838709678,0.0
tornado,1100,m,fpar,fpar,oblivious,-threshold 20750 -disable_hop_rtt_normalization,1.0,250000,2,1100,67.9395,52.89411345454543,52.404,63.3942,67.9395,44.2261,68200,9939,0,0,35550,9939,0,0,14.573313782991203,0.0,14.573313782991203,0.0
tornado,1100,m,reps_uniform_draws,reps_dfp,reps,-dfp_low_uniform,1.0,250000,2,1100,67.293,57.80268636363641,57.4686,65.5611,67.293,51.5666,68200,92,0,0,44281,92,0,0,0.1348973607038123,0.0,0.1348973607038123,0.0
tornado,1100,m,reps_share,reps_dfp,reps,,1.0,250000,2,1100,63.8496,54.99969827272727,54.7099,61.86,63.8496,48.5598,68200,496,0,0,44657,496,0,0,0.7272727272727273,0.0,0.7272727272727273,0.0
tornado,1100,m,reps_partition,reps_dfp,reps,-reps_partition_entropy -reps_escalate_threshold 0.2 -reps_warmup_explore_rtts 0.5 -reps_explore_prob 70,1.0,250000,2,1100,63.0304,56.08358718181826,56.163,61.7024,63.0304,49.385,68200,6304,0,0,43628,6304,0,0,9.243401759530792,0.0,9.243401759530792,0.0
tornado,1100,m,fpar,fpar,oblivious,-threshold 20750 -disable_hop_rtt_normalization,1.0,250000,3,1100,63.7197,52.74706663636362,52.3838,61.4469,63.7197,45.6053,68200,10085,0,0,35359,10085,0,0,14.787390029325513,0.0,14.787390029325513,0.0
tornado,1100,m,reps_uniform_draws,reps_dfp,reps,-dfp_low_uniform,1.0,250000,3,1100,67.9365,58.19157827272723,57.8669,65.1547,67.9365,52.3125,68200,85,0,0,44178,85,0,0,0.12463343108504399,0.0,0.12463343108504399,0.0
tornado,1100,m,reps_share,reps_dfp,reps,,1.0,250000,3,1100,64.461,55.14591663636366,54.6485,62.1317,64.461,48.5379,68200,631,0,0,44264,631,0,0,0.9252199413489736,0.0,0.9252199413489736,0.0
tornado,1100,m,reps_partition,reps_dfp,reps,-reps_partition_entropy -reps_escalate_threshold 0.2 -reps_warmup_explore_rtts 0.5 -reps_explore_prob 70,1.0,250000,3,1100,65.4096,56.23926636363635,56.1437,63.1061,65.4096,48.2158,68200,6115,0,0,43434,6115,0,0,8.966275659824047,0.0,8.966275659824047,0.0
tornado,1100,m,fpar,fpar,oblivious,-threshold 20750 -disable_hop_rtt_normalization,1.0,250000,4,1100,64.3398,52.836932000000054,52.4456,63.0104,64.3398,45.5547,68200,10047,0,0,35521,10047,0,0,14.7316715542522,0.0,14.7316715542522,0.0
tornado,1100,m,reps_uniform_draws,reps_dfp,reps,-dfp_low_uniform,1.0,250000,4,1100,67.5683,58.272098272727206,57.7912,66.1749,67.5683,51.1795,68200,119,0,0,44296,119,0,0,0.1744868035190616,0.0,0.1744868035190616,0.0
tornado,1100,m,reps_share,reps_dfp,reps,,1.0,250000,4,1100,64.1589,55.21039227272733,55.0989,61.8258,64.1589,48.577,68200,553,0,0,44387,553,0,0,0.8108504398826979,0.0,0.8108504398826979,0.0
tornado,1100,m,reps_partition,reps_dfp,reps,-reps_partition_entropy -reps_escalate_threshold 0.2 -reps_warmup_explore_rtts 0.5 -reps_explore_prob 70,1.0,250000,4,1100,65.1448,56.2692083636364,56.2094,63.0936,65.1448,49.5416,68200,6206,0,0,43387,6206,0,0,9.099706744868035,0.0,9.099706744868035,0.0
tornado,1100,m,fpar,fpar,oblivious,-threshold 20750 -disable_hop_rtt_normalization,1.0,250000,5,1100,69.0069,53.00063990909092,52.5736,64.9531,69.0069,44.2784,68200,10372,0,0,35569,10372,0,0,15.208211143695015,0.0,15.208211143695015,0.0
tornado,1100,m,reps_uniform_draws,reps_dfp,reps,-dfp_low_uniform,1.0,250000,5,1100,71.7947,58.262958090909024,57.7634,66.8027,71.7947,52.2067,68200,110,0,0,44380,110,0,0,0.16129032258064516,0.0,0.16129032258064516,0.0
tornado,1100,m,reps_share,reps_dfp,reps,,1.0,250000,5,1100,66.6382,55.060675545454565,54.8456,62.3069,66.6382,47.9077,68200,513,0,0,44393,513,0,0,0.7521994134897361,0.0,0.7521994134897361,0.0
tornado,1100,m,reps_partition,reps_dfp,reps,-reps_partition_entropy -reps_escalate_threshold 0.2 -reps_warmup_explore_rtts 0.5 -reps_explore_prob 70,1.0,250000,5,1100,64.6819,56.16513172727283,55.9725,63.2566,64.6819,49.8126,68200,6347,0,0,43530,6347,0,0,9.306451612903226,0.0,9.306451612903226,0.0
tornado,1100,m,fpar,fpar,oblivious,-threshold 20750 -disable_hop_rtt_normalization,1.0,500000,1,1100,148.441,90.43602036363642,88.952,121.009,148.441,71.3387,135300,20815,0,0,76769,20815,0,0,15.384331116038434,0.0,15.384331116038434,0.0
tornado,1100,m,reps_uniform_draws,reps_dfp,reps,-dfp_low_uniform,1.0,500000,1,1100,113.212,100.29948199999997,100.058,110.224,113.212,90.9483,135300,716,0,0,108312,716,0,0,0.5291943828529194,0.0,0.5291943828529194,0.0
tornado,1100,m,reps_share,reps_dfp,reps,,1.0,500000,1,1100,103.496,94.71933299999986,94.7326,101.588,103.496,85.4902,135300,3610,0,0,113613,3610,0,0,2.6681448632668143,0.0,2.6681448632668143,0.0
tornado,1100,m,reps_partition,reps_dfp,reps,-reps_partition_entropy -reps_escalate_threshold 0.2 -reps_warmup_explore_rtts 0.5 -reps_explore_prob 70,1.0,500000,1,1100,108.055,97.16790963636372,97.3672,104.796,108.055,85.8515,135300,10321,0,0,106304,10321,0,0,7.628233555062823,0.0,7.628233555062823,0.0
tornado,1100,m,fpar,fpar,oblivious,-threshold 20750 -disable_hop_rtt_normalization,1.0,500000,2,1100,145.012,91.26388136363632,89.2114,121.705,145.012,70.9402,135300,21021,0,0,77265,21021,0,0,15.536585365853659,0.0,15.536585365853659,0.0
tornado,1100,m,reps_uniform_draws,reps_dfp,reps,-dfp_low_uniform,1.0,500000,2,1100,110.249,100.17933309090894,99.9478,108.626,110.249,91.5053,135300,581,0,0,108480,581,0,0,0.42941611234294164,0.0,0.42941611234294164,0.0
tornado,1100,m,reps_share,reps_dfp,reps,,1.0,500000,2,1100,103.574,94.68919709090905,94.5096,101.664,103.574,85.0678,135300,2874,0,0,114270,2874,0,0,2.1241685144124167,0.0,2.1241685144124167,0.0
tornado,1100,m,reps_partition,reps_dfp,reps,-reps_partition_entropy -reps_escalate_threshold 0.2 -reps_warmup_explore_rtts 0.5 -reps_explore_prob 70,1.0,500000,2,1100,107.208,97.20381700000006,97.4421,105.165,107.208,85.6006,135300,10374,0,0,106804,10374,0,0,7.66740576496674,0.0,7.66740576496674,0.0
tornado,1100,m,fpar,fpar,oblivious,-threshold 20750 -disable_hop_rtt_normalization,1.0,500000,3,1100,140.147,90.93568027272717,89.3187,117.822,140.147,70.3317,135300,21168,0,0,77065,21168,0,0,15.645232815964523,0.0,15.645232815964523,0.0
tornado,1100,m,reps_uniform_draws,reps_dfp,reps,-dfp_low_uniform,1.0,500000,3,1100,113.289,100.41886300000004,100.089,110.965,113.289,90.017,135300,836,0,0,108277,836,0,0,0.6178861788617886,0.0,0.6178861788617886,0.0
tornado,1100,m,reps_share,reps_dfp,reps,,1.0,500000,3,1100,103.487,94.56146045454543,94.6678,101.555,103.487,86.5118,135300,3251,0,0,113646,3251,0,0,2.402808573540281,0.0,2.402808573540281,0.0
tornado,1100,m,reps_partition,reps_dfp,reps,-reps_partition_entropy -reps_escalate_threshold 0.2 -reps_warmup_explore_rtts 0.5 -reps_explore_prob 70,1.0,500000,3,1100,105.298,97.37636445454551,97.5584,104.634,105.298,87.6306,135300,10357,0,0,106718,10357,0,0,7.6548410938654845,0.0,7.6548410938654845,0.0
tornado,1100,m,fpar,fpar,oblivious,-threshold 20750 -disable_hop_rtt_normalization,1.0,500000,4,1100,129.102,91.18445645454541,89.1277,119.619,129.102,72.4099,135300,20962,0,0,77609,20962,0,0,15.492978566149297,0.0,15.492978566149297,0.0
tornado,1100,m,reps_uniform_draws,reps_dfp,reps,-dfp_low_uniform,1.0,500000,4,1100,110.823,100.66541472727266,100.104,109.908,110.823,90.7496,135300,765,0,0,108654,765,0,0,0.565410199556541,0.0,0.565410199556541,0.0
tornado,1100,m,reps_share,reps_dfp,reps,,1.0,500000,4,1100,103.665,94.83943827272726,94.887,101.521,103.665,84.3674,135300,3349,0,0,113961,3349,0,0,2.475240206947524,0.0,2.475240206947524,0.0
tornado,1100,m,reps_partition,reps_dfp,reps,-reps_partition_entropy -reps_escalate_threshold 0.2 -reps_warmup_explore_rtts 0.5 -reps_explore_prob 70,1.0,500000,4,1100,106.367,96.89656745454553,97.0147,105.325,106.367,85.816,135300,10266,0,0,106776,10266,0,0,7.587583148558759,0.0,7.587583148558759,0.0
tornado,1100,m,fpar,fpar,oblivious,-threshold 20750 -disable_hop_rtt_normalization,1.0,500000,5,1100,156.28,91.77177254545468,89.8683,123.982,156.28,70.4088,135300,21098,0,0,77818,21098,0,0,15.59349593495935,0.0,15.59349593495935,0.0
tornado,1100,m,reps_uniform_draws,reps_dfp,reps,-dfp_low_uniform,1.0,500000,5,1100,112.131,100.72932254545445,100.669,109.736,112.131,89.7523,135300,809,0,0,108296,809,0,0,0.597930524759793,0.0,0.597930524759793,0.0
tornado,1100,m,reps_share,reps_dfp,reps,,1.0,500000,5,1100,102.588,94.70272118181835,94.6043,101.244,102.588,83.4067,135300,2851,0,0,113865,2851,0,0,2.1071692535107167,0.0,2.1071692535107167,0.0
tornado,1100,m,reps_partition,reps_dfp,reps,-reps_partition_entropy -reps_escalate_threshold 0.2 -reps_warmup_explore_rtts 0.5 -reps_explore_prob 70,1.0,500000,5,1100,107.328,97.30624527272745,97.4765,106.196,107.328,81.7074,135300,10462,0,0,106426,10462,0,0,7.732446415373245,0.0,7.732446415373245,0.0
tornado,1100,m,fpar,fpar,oblivious,-threshold 20750 -disable_hop_rtt_normalization,1.0,2000000,1,1100,725.112,320.81215181818203,297.606,564.558,725.112,215.03,539000,28022,0,0,298895,28022,0,0,5.198886827458256,0.0,5.198886827458256,0.0
tornado,1100,m,reps_uniform_draws,reps_dfp,reps,-dfp_low_uniform,1.0,2000000,1,1100,505.625,334.2588418181817,331.596,456.386,505.625,248.508,539000,1241,0,0,353714,1241,0,0,0.23024118738404453,0.0,0.23024118738404453,0.0
tornado,1100,m,reps_share,reps_dfp,reps,,1.0,2000000,1,1100,421.257,319.6888881818181,321.349,387.245,421.257,239.821,539000,5049,0,0,356492,5049,0,0,0.936734693877551,0.0,0.936734693877551,0.0
tornado,1100,m,reps_partition,reps_dfp,reps,-reps_partition_entropy -reps_escalate_threshold 0.2 -reps_warmup_explore_rtts 0.5 -reps_explore_prob 70,1.0,2000000,1,1100,446.278,325.4171781818181,321.07,423.286,446.278,237.619,539000,11697,0,0,364458,11697,0,0,2.17012987012987,0.0,2.17012987012987,0.0
tornado,1100,m,fpar,fpar,oblivious,-threshold 20750 -disable_hop_rtt_normalization,1.0,2000000,2,1100,727.868,322.7763209090913,305.298,585.443,727.868,207.215,539000,29079,0,0,303193,29079,0,0,5.394990723562152,0.0,5.394990723562152,0.0
tornado,1100,m,reps_uniform_draws,reps_dfp,reps,-dfp_low_uniform,1.0,2000000,2,1100,482.614,332.7191190909092,329.119,441.629,482.614,253.448,539000,1112,0,0,353247,1112,0,0,0.20630797773654916,0.0,0.20630797773654916,0.0
tornado,1100,m,reps_share,reps_dfp,reps,,1.0,2000000,2,1100,405.531,319.6326563636364,321.392,385.401,405.531,231.597,539000,4207,0,0,355657,4207,0,0,0.7805194805194805,0.0,0.7805194805194805,0.0
tornado,1100,m,reps_partition,reps_dfp,reps,-reps_partition_entropy -reps_escalate_threshold 0.2 -reps_warmup_explore_rtts 0.5 -reps_explore_prob 70,1.0,2000000,2,1100,481.402,323.9665836363641,321.639,430.828,481.402,237.123,539000,11924,0,0,364767,11924,0,0,2.2122448979591836,0.0,2.2122448979591836,0.0
tornado,1100,m,fpar,fpar,oblivious,-threshold 20750 -disable_hop_rtt_normalization,1.0,2000000,3,1100,682.042,323.4155854545457,299.454,596.226,682.042,212.118,539000,28828,0,0,301582,28828,0,0,5.348423005565863,0.0,5.348423005565863,0.0
tornado,1100,m,reps_uniform_draws,reps_dfp,reps,-dfp_low_uniform,1.0,2000000,3,1100,500.239,334.6539745454541,332.079,440.0,500.239,256.737,539000,1435,0,0,353088,1435,0,0,0.2662337662337662,0.0,0.2662337662337662,0.0
tornado,1100,m,reps_share,reps_dfp,reps,,1.0,2000000,3,1100,406.599,320.24953545454537,321.339,388.455,406.599,234.101,539000,4683,0,0,355517,4683,0,0,0.8688311688311688,0.0,0.8688311688311688,0.0
tornado,1100,m,reps_partition,reps_dfp,reps,-reps_partition_entropy -reps_escalate_threshold 0.2 -reps_warmup_explore_rtts 0.5 -reps_explore_prob 70,1.0,2000000,3,1100,467.56,324.75596909090996,320.592,435.146,467.56,244.139,539000,11593,0,0,364956,11593,0,0,2.150834879406308,0.0,2.150834879406308,0.0
tornado,1100,m,fpar,fpar,oblivious,-threshold 20750 -disable_hop_rtt_normalization,1.0,2000000,4,1100,650.96,322.19378909090943,302.075,557.606,650.96,211.854,539000,27486,0,0,303468,27486,0,0,5.099443413729128,0.0,5.099443413729128,0.0
tornado,1100,m,reps_uniform_draws,reps_dfp,reps,-dfp_low_uniform,1.0,2000000,4,1100,476.238,334.00610727272704,331.416,443.446,476.238,252.417,539000,1375,0,0,354091,1375,0,0,0.25510204081632654,0.0,0.25510204081632654,0.0
tornado,1100,m,reps_share,reps_dfp,reps,,1.0,2000000,4,1100,412.66,319.9592409090903,321.227,385.186,412.66,236.934,539000,4830,0,0,355065,4830,0,0,0.8961038961038961,0.0,0.8961038961038961,0.0
tornado,1100,m,reps_partition,reps_dfp,reps,-reps_partition_entropy -reps_escalate_threshold 0.2 -reps_warmup_explore_rtts 0.5 -reps_explore_prob 70,1.0,2000000,4,1100,470.425,324.40769363636326,321.755,427.833,470.425,240.134,539000,11730,0,0,363526,11730,0,0,2.176252319109462,0.0,2.176252319109462,0.0
tornado,1100,m,fpar,fpar,oblivious,-threshold 20750 -disable_hop_rtt_normalization,1.0,2000000,5,1100,745.592,324.9932236363637,299.783,610.635,745.592,208.023,539000,26981,0,0,304015,26981,0,0,5.005751391465677,0.0,5.005751391465677,0.0
tornado,1100,m,reps_uniform_draws,reps_dfp,reps,-dfp_low_uniform,1.0,2000000,5,1100,506.271,333.8206472727279,330.334,459.832,506.271,252.771,539000,1274,0,0,352647,1274,0,0,0.23636363636363636,0.0,0.23636363636363636,0.0
tornado,1100,m,reps_share,reps_dfp,reps,,1.0,2000000,5,1100,418.915,319.72129636363655,321.672,385.922,418.915,228.743,539000,4245,0,0,355207,4245,0,0,0.787569573283859,0.0,0.787569573283859,0.0
tornado,1100,m,reps_partition,reps_dfp,reps,-reps_partition_entropy -reps_escalate_threshold 0.2 -reps_warmup_explore_rtts 0.5 -reps_explore_prob 70,1.0,2000000,5,1100,463.273,323.99723090909094,318.926,434.213,463.273,234.554,539000,12058,0,0,364907,12058,0,0,2.2371057513914656,0.0,2.2371057513914656,0.0
tornado,1100,m,fpar,fpar,oblivious,-threshold 20750 -disable_hop_rtt_normalization,1.0,5000000,1,1100,1718.63,776.3961509090913,720.339,1504.44,1718.63,502.673,1346400,32851,0,0,726922,32851,0,0,2.439913844325609,0.0,2.439913844325609,0.0
tornado,1100,m,reps_uniform_draws,reps_dfp,reps,-dfp_low_uniform,1.0,5000000,1,1100,1133.05,784.1224399999999,784.683,988.409,1133.05,603.195,1346400,1370,0,0,872559,1370,0,0,0.10175282234105763,0.0,0.10175282234105763,0.0
tornado,1100,m,reps_share,reps_dfp,reps,,1.0,5000000,1,1100,968.165,753.7806609090899,756.021,893.714,968.165,565.717,1346400,5358,0,0,952764,5358,0,0,0.3979500891265597,0.0,0.3979500891265597,0.0
tornado,1100,m,reps_partition,reps_dfp,reps,-reps_partition_entropy -reps_escalate_threshold 0.2 -reps_warmup_explore_rtts 0.5 -reps_explore_prob 70,1.0,5000000,1,1100,1114.13,768.2669809090913,769.151,978.051,1114.13,564.858,1346400,12024,0,0,920825,12024,0,0,0.893048128342246,0.0,0.893048128342246,0.0
tornado,1100,m,fpar,fpar,oblivious,-threshold 20750 -disable_hop_rtt_normalization,1.0,5000000,2,1100,1708.71,782.1914554545457,740.986,1451.53,1708.71,490.465,1346400,35345,0,0,740070,35345,0,0,2.6251485442661915,0.0,2.6251485442661915,0.0
tornado,1100,m,reps_uniform_draws,reps_dfp,reps,-dfp_low_uniform,1.0,5000000,2,1100,1080.26,782.693690909091,786.253,969.213,1080.26,606.928,1346400,1156,0,0,873747,1156,0,0,0.08585858585858586,0.0,0.08585858585858586,0.0
tornado,1100,m,reps_share,reps_dfp,reps,,1.0,5000000,2,1100,934.107,753.7196954545453,757.0,887.307,934.107,556.45,1346400,4438,0,0,955311,4438,0,0,0.3296197266785502,0.0,0.3296197266785502,0.0
tornado,1100,m,reps_partition,reps_dfp,reps,-reps_partition_entropy -reps_escalate_threshold 0.2 -reps_warmup_explore_rtts 0.5 -reps_explore_prob 70,1.0,5000000,2,1100,1137.54,766.37826,766.323,1018.03,1137.54,549.585,1346400,12365,0,0,919583,12365,0,0,0.9183749257278669,0.0,0.9183749257278669,0.0
tornado,1100,m,fpar,fpar,oblivious,-threshold 20750 -disable_hop_rtt_normalization,1.0,5000000,3,1100,1751.56,783.9351000000001,735.061,1507.42,1751.56,487.115,1346400,34856,0,0,730458,34856,0,0,2.5888294711824122,0.0,2.5888294711824122,0.0
tornado,1100,m,reps_uniform_draws,reps_dfp,reps,-dfp_low_uniform,1.0,5000000,3,1100,1116.73,785.8928581818196,787.454,974.005,1116.73,617.823,1346400,1506,0,0,869809,1506,0,0,0.11185383244206773,0.0,0.11185383244206773,0.0
tornado,1100,m,reps_share,reps_dfp,reps,,1.0,5000000,3,1100,944.76,754.7544909090899,756.846,904.342,944.76,573.522,1346400,4891,0,0,952345,4891,0,0,0.3632650029708853,0.0,0.3632650029708853,0.0
tornado,1100,m,reps_partition,reps_dfp,reps,-reps_partition_entropy -reps_escalate_threshold 0.2 -reps_warmup_explore_rtts 0.5 -reps_explore_prob 70,1.0,5000000,3,1100,1157.33,769.8718627272742,770.538,1022.34,1157.33,546.117,1346400,11990,0,0,922505,11990,0,0,0.8905228758169934,0.0,0.8905228758169934,0.0
tornado,1100,m,fpar,fpar,oblivious,-threshold 20750 -disable_hop_rtt_normalization,1.0,5000000,4,1100,1589.56,785.4235581818193,737.795,1440.67,1589.56,500.344,1346400,33841,0,0,741447,33841,0,0,2.513443256090315,0.0,2.513443256090315,0.0
tornado,1100,m,reps_uniform_draws,reps_dfp,reps,-dfp_low_uniform,1.0,5000000,4,1100,1088.1,786.111424545454,785.164,966.186,1088.1,613.241,1346400,1482,0,0,872952,1482,0,0,0.11007130124777184,0.0,0.11007130124777184,0.0
tornado,1100,m,reps_share,reps_dfp,reps,,1.0,5000000,4,1100,964.365,754.6025381818177,758.367,888.367,964.365,557.981,1346400,5018,0,0,957887,5018,0,0,0.37269756387403447,0.0,0.37269756387403447,0.0
tornado,1100,m,reps_partition,reps_dfp,reps,-reps_partition_entropy -reps_escalate_threshold 0.2 -reps_warmup_explore_rtts 0.5 -reps_explore_prob 70,1.0,5000000,4,1100,1124.18,768.0245409090919,768.554,984.879,1124.18,559.886,1346400,12147,0,0,919129,12147,0,0,0.9021836007130125,0.0,0.9021836007130125,0.0
tornado,1100,m,fpar,fpar,oblivious,-threshold 20750 -disable_hop_rtt_normalization,1.0,5000000,5,1100,1884.2,793.8072618181819,731.707,1634.79,1884.2,488.073,1346400,32721,0,0,742716,32721,0,0,2.430258467023173,0.0,2.430258467023173,0.0
tornado,1100,m,reps_uniform_draws,reps_dfp,reps,-dfp_low_uniform,1.0,5000000,5,1100,1048.23,784.1511209090909,785.027,964.143,1048.23,606.388,1346400,1295,0,0,868629,1295,0,0,0.09618241235888295,0.0,0.09618241235888295,0.0
tornado,1100,m,reps_share,reps_dfp,reps,,1.0,5000000,5,1100,948.159,754.1360890909085,756.697,890.019,948.159,551.559,1346400,4402,0,0,952205,4402,0,0,0.32694592988710636,0.0,0.32694592988710636,0.0
tornado,1100,m,reps_partition,reps_dfp,reps,-reps_partition_entropy -reps_escalate_threshold 0.2 -reps_warmup_explore_rtts 0.5 -reps_explore_prob 70,1.0,5000000,5,1100,1149.28,765.383268181818,763.601,1009.35,1149.28,545.165,1346400,12464,0,0,913295,12464,0,0,0.9257278669043375,0.0,0.9257278669043375,0.0
tornado,1100,m,fpar,fpar,oblivious,-threshold 20750 -disable_hop_rtt_normalization,1.0,10000000,1,1100,3532.83,1532.0947790909092,1418.14,2963.53,3532.83,952.242,2692800,37980,0,0,1432936,37980,0,0,1.410427807486631,0.0,1.410427807486631,0.0
tornado,1100,m,reps_uniform_draws,reps_dfp,reps,-dfp_low_uniform,1.0,10000000,1,1100,1982.1,1548.543872727274,1549.54,1835.34,1982.1,1180.57,2692800,1427,0,0,1769055,1427,0,0,0.0529931669637552,0.0,0.0529931669637552,0.0
tornado,1100,m,reps_share,reps_dfp,reps,,1.0,10000000,1,1100,1806.94,1486.7474454545459,1493.73,1726.38,1806.94,1161.26,2692800,5649,0,0,1972336,5649,0,0,0.20978163992869875,0.0,0.20978163992869875,0.0
tornado,1100,m,reps_partition,reps_dfp,reps,-reps_partition_entropy -reps_escalate_threshold 0.2 -reps_warmup_explore_rtts 0.5 -reps_explore_prob 70,1.0,10000000,1,1100,2122.18,1516.4105454545468,1519.74,1866.79,2122.18,1113.63,2692800,12864,0,0,1873268,12864,0,0,0.47771836007130125,0.0,0.47771836007130125,0.0
tornado,1100,m,fpar,fpar,oblivious,-threshold 20750 -disable_hop_rtt_normalization,1.0,10000000,2,1100,3355.28,1529.946887272727,1434.08,2816.27,3355.28,948.64,2692800,45031,0,0,1444438,45031,0,0,1.6722742127153891,0.0,1.6722742127153891,0.0
tornado,1100,m,reps_uniform_draws,reps_dfp,reps,-dfp_low_uniform,1.0,10000000,2,1100,1942.96,1544.1473727272737,1547.68,1849.18,1942.96,1215.25,2692800,1238,0,0,1760326,1238,0,0,0.045974450386215095,0.0,0.045974450386215095,0.0
tornado,1100,m,reps_share,reps_dfp,reps,,1.0,10000000,2,1100,1818.69,1485.2918454545465,1487.01,1747.12,1818.69,1148.61,2692800,4615,0,0,1975577,4615,0,0,0.17138294711824123,0.0,0.17138294711824123,0.0
tornado,1100,m,reps_partition,reps_dfp,reps,-reps_partition_entropy -reps_escalate_threshold 0.2 -reps_warmup_explore_rtts 0.5 -reps_explore_prob 70,1.0,10000000,2,1100,2208.0,1512.2694181818167,1519.04,1946.57,2208.0,1092.04,2692800,13159,0,0,1861159,13159,0,0,0.48867349970291146,0.0,0.48867349970291146,0.0
tornado,1100,m,fpar,fpar,oblivious,-threshold 20750 -disable_hop_rtt_normalization,1.0,10000000,3,1100,3451.29,1537.5009645454545,1427.69,3040.06,3451.29,943.409,2692800,41676,0,0,1444193,41676,0,0,1.5476827094474153,0.0,1.5476827094474153,0.0
tornado,1100,m,reps_uniform_draws,reps_dfp,reps,-dfp_low_uniform,1.0,10000000,3,1100,1993.12,1547.4770272727267,1546.58,1826.65,1993.12,1233.18,2692800,1543,0,0,1756293,1543,0,0,0.057300950683303625,0.0,0.057300950683303625,0.0
tornado,1100,m,reps_share,reps_dfp,reps,,1.0,10000000,3,1100,1813.17,1486.4493818181816,1491.57,1729.58,1813.17,1126.63,2692800,5173,0,0,1970882,5173,0,0,0.19210487225193107,0.0,0.19210487225193107,0.0
tornado,1100,m,reps_partition,reps_dfp,reps,-reps_partition_entropy -reps_escalate_threshold 0.2 -reps_warmup_explore_rtts 0.5 -reps_explore_prob 70,1.0,10000000,3,1100,2075.62,1518.6472090909094,1519.1,1909.87,2075.62,1043.08,2692800,12749,0,0,1858577,12749,0,0,0.47344771241830064,0.0,0.47344771241830064,0.0
tornado,1100,m,fpar,fpar,oblivious,-threshold 20750 -disable_hop_rtt_normalization,1.0,10000000,4,1100,3195.34,1546.169226363635,1446.87,2814.25,3195.34,981.199,2692800,42881,0,0,1463668,42881,0,0,1.592431669637552,0.0,1.592431669637552,0.0
tornado,1100,m,reps_uniform_draws,reps_dfp,reps,-dfp_low_uniform,1.0,10000000,4,1100,1935.39,1545.8682454545449,1549.72,1836.26,1935.39,1214.55,2692800,1601,0,0,1758621,1601,0,0,0.05945484254307784,0.0,0.05945484254307784,0.0
tornado,1100,m,reps_share,reps_dfp,reps,,1.0,10000000,4,1100,1864.07,1485.023700000003,1489.27,1747.25,1864.07,1166.3,2692800,5333,0,0,1969896,5333,0,0,0.19804664289958407,0.0,0.19804664289958407,0.0
tornado,1100,m,reps_partition,reps_dfp,reps,-reps_partition_entropy -reps_escalate_threshold 0.2 -reps_warmup_explore_rtts 0.5 -reps_explore_prob 70,1.0,10000000,4,1100,2032.53,1515.4883636363643,1521.07,1926.9,2032.53,1082.92,2692800,12861,0,0,1860856,12861,0,0,0.47760695187165775,0.0,0.47760695187165775,0.0
tornado,1100,m,fpar,fpar,oblivious,-threshold 20750 -disable_hop_rtt_normalization,1.0,10000000,5,1100,3425.73,1551.9117900000008,1431.72,3087.72,3425.73,972.772,2692800,42213,0,0,1453767,42213,0,0,1.5676247771836007,0.0,1.5676247771836007,0.0
tornado,1100,m,reps_uniform_draws,reps_dfp,reps,-dfp_low_uniform,1.0,10000000,5,1100,2117.4,1545.731981818181,1546.52,1847.12,2117.4,1193.23,2692800,1372,0,0,1759626,1372,0,0,0.05095068330362448,0.0,0.05095068330362448,0.0
tornado,1100,m,reps_share,reps_dfp,reps,,1.0,10000000,5,1100,1902.02,1485.4048636363643,1491.32,1718.64,1902.02,1108.38,2692800,4733,0,0,1968921,4733,0,0,0.17576500297088532,0.0,0.17576500297088532,0.0
tornado,1100,m,reps_partition,reps_dfp,reps,-reps_partition_entropy -reps_escalate_threshold 0.2 -reps_warmup_explore_rtts 0.5 -reps_explore_prob 70,1.0,10000000,5,1100,2198.38,1511.3763090909106,1513.11,1907.72,2198.38,1100.15,2692800,13210,0,0,1851670,13210,0,0,0.49056743909685085,0.0,0.49056743909685085,0.0
permutation,1100,m,fpar,fpar,oblivious,-threshold 20750 -disable_hop_rtt_normalization,0.6,100000,1,660,25.3419,23.40871696969698,23.4656,25.0168,25.3419,21.5043,16500,0,0,0,5085,0,0,0,0.0,0.0,0.0,0.0
permutation,1100,m,reps_uniform_draws,reps_dfp,reps,-dfp_low_uniform,0.6,100000,1,660,31.4456,26.595596060606045,26.3158,29.9456,31.4456,24.4667,16500,0,0,0,5129,0,0,0,0.0,0.0,0.0,0.0
permutation,1100,m,reps_share,reps_dfp,reps,,0.6,100000,1,660,30.2576,24.480957575757596,24.3136,27.9336,30.2576,21.8056,16500,0,0,0,5144,0,0,0,0.0,0.0,0.0,0.0
permutation,1100,m,reps_partition,reps_dfp,reps,-reps_partition_entropy -reps_escalate_threshold 0.2 -reps_warmup_explore_rtts 0.5 -reps_explore_prob 70,0.6,100000,1,660,32.9336,24.989359848484856,24.6456,29.9136,32.9336,21.8158,16500,0,0,0,5202,0,0,0,0.0,0.0,0.0,0.0
permutation,1100,m,fpar,fpar,oblivious,-threshold 20750 -disable_hop_rtt_normalization,0.6,100000,2,660,25.9736,23.445889393939417,23.4758,25.1461,25.9736,21.4787,16500,0,0,0,5096,0,0,0,0.0,0.0,0.0,0.0
permutation,1100,m,reps_uniform_draws,reps_dfp,reps,-dfp_low_uniform,0.6,100000,2,660,31.9496,26.700224393939376,26.6136,29.9712,31.9496,24.3307,16500,0,0,0,5124,0,0,0,0.0,0.0,0.0,0.0
permutation,1100,m,reps_share,reps_dfp,reps,,0.6,100000,2,660,28.7947,24.498632272727274,24.3267,27.2776,28.7947,22.3016,16500,0,0,0,5120,0,0,0,0.0,0.0,0.0,0.0
permutation,1100,m,reps_partition,reps_dfp,reps,-reps_partition_entropy -reps_escalate_threshold 0.2 -reps_warmup_explore_rtts 0.5 -reps_explore_prob 70,0.6,100000,2,660,31.4712,24.77468833333334,24.6096,30.1363,31.4712,22.1376,16500,0,0,0,5134,0,0,0,0.0,0.0,0.0,0.0
permutation,1100,m,fpar,fpar,oblivious,-threshold 20750 -disable_hop_rtt_normalization,0.6,100000,3,660,26.1318,23.453560606060616,23.4707,25.1682,26.1318,21.5043,16500,0,0,0,5084,0,0,0,0.0,0.0,0.0,0.0
permutation,1100,m,reps_uniform_draws,reps_dfp,reps,-dfp_low_uniform,0.6,100000,3,660,30.7456,26.717213787878773,26.6376,29.3158,30.7456,24.4718,16500,0,0,0,5129,0,0,0,0.0,0.0,0.0,0.0
permutation,1100,m,reps_share,reps_dfp,reps,,0.6,100000,3,660,29.7856,24.66339318181819,24.6216,27.6016,29.7856,22.1376,16500,0,0,0,5113,0,0,0,0.0,0.0,0.0,0.0
permutation,1100,m,reps_partition,reps_dfp,reps,-reps_partition_entropy -reps_escalate_threshold 0.2 -reps_warmup_explore_rtts 0.5 -reps_explore_prob 70,0.6,100000,3,660,29.2787,24.720606060606077,24.6336,28.4216,29.2787,22.1416,16500,0,0,0,5150,0,0,0,0.0,0.0,0.0,0.0
permutation,1100,m,fpar,fpar,oblivious,-threshold 20750 -disable_hop_rtt_normalization,0.6,100000,4,660,25.1768,23.346520909090923,23.3363,24.9114,25.1768,21.1518,16500,0,0,0,5095,0,0,0,0.0,0.0,0.0,0.0
permutation,1100,m,reps_uniform_draws,reps_dfp,reps,-dfp_low_uniform,0.6,100000,4,660,30.4496,26.731599090909093,26.6398,29.7736,30.4496,24.6387,16500,0,0,0,5131,0,0,0,0.0,0.0,0.0,0.0
permutation,1100,m,reps_share,reps_dfp,reps,,0.6,100000,4,660,29.3499,24.6224060606061,24.4616,28.4718,29.3499,22.1336,16500,0,0,0,5118,0,0,0,0.0,0.0,0.0,0.0
permutation,1100,m,reps_partition,reps_dfp,reps,-reps_partition_entropy -reps_escalate_threshold 0.2 -reps_warmup_explore_rtts 0.5 -reps_explore_prob 70,0.6,100000,4,660,30.9416,25.04384863636364,24.8027,29.2816,30.9416,21.8238,16500,0,0,0,5212,0,0,0,0.0,0.0,0.0,0.0
permutation,1100,m,fpar,fpar,oblivious,-threshold 20750 -disable_hop_rtt_normalization,0.6,100000,5,660,25.6416,23.415832272727283,23.3858,25.3096,25.6416,21.3176,16500,0,0,0,5077,0,0,0,0.0,0.0,0.0,0.0
permutation,1100,m,reps_uniform_draws,reps_dfp,reps,-dfp_low_uniform,0.6,100000,5,660,31.7062,26.757805909090905,26.6376,30.4616,31.7062,24.1416,16500,0,0,0,5137,0,0,0,0.0,0.0,0.0,0.0
permutation,1100,m,reps_share,reps_dfp,reps,,0.6,100000,5,660,28.6176,24.49601803030305,24.3187,27.9696,28.6176,22.1376,16500,0,0,0,5121,0,0,0,0.0,0.0,0.0,0.0
permutation,1100,m,reps_partition,reps_dfp,reps,-reps_partition_entropy -reps_escalate_threshold 0.2 -reps_warmup_explore_rtts 0.5 -reps_explore_prob 70,0.6,100000,5,660,31.2856,25.01460621212122,24.7816,29.2936,31.2856,22.3136,16500,0,0,0,5180,0,0,0,0.0,0.0,0.0,0.0
permutation,1100,m,fpar,fpar,oblivious,-threshold 20750 -disable_hop_rtt_normalization,0.6,250000,1,660,51.276,38.25295166666668,37.4459,49.6368,51.276,34.659,40920,29,0,0,11632,29,0,0,0.07086999022482894,0.0,0.07086999022482894,0.0
permutation,1100,m,reps_uniform_draws,reps_dfp,reps,-dfp_low_uniform,0.6,250000,1,660,52.4781,44.49294393939392,44.2899,51.1432,52.4781,38.6789,40920,0,0,0,13889,0,0,0,0.0,0.0,0.0,0.0
permutation,1100,m,reps_share,reps_dfp,reps,,0.6,250000,1,660,48.8696,40.907551818181844,40.7005,47.8736,48.8696,35.987,40920,0,0,0,12835,0,0,0,0.0,0.0,0.0,0.0
permutation,1100,m,reps_partition,reps_dfp,reps,-reps_partition_entropy -reps_escalate_threshold 0.2 -reps_warmup_explore_rtts 0.5 -reps_explore_prob 70,0.6,250000,1,660,52.3918,43.90048075757573,43.753,51.2963,52.3918,36.5936,40920,71,0,0,14537,71,0,0,0.17350928641251223,0.0,0.17350928641251223,0.0
permutation,1100,m,fpar,fpar,oblivious,-threshold 20750 -disable_hop_rtt_normalization,0.6,250000,2,660,51.0766,38.99599045454548,37.6675,49.5805,51.0766,34.6693,40920,37,0,0,11785,37,0,0,0.09042033235581623,0.0,0.09042033235581623,0.0
permutation,1100,m,reps_uniform_draws,reps_dfp,reps,-dfp_low_uniform,0.6,250000,2,660,55.243,44.4778606060606,44.2387,50.8616,55.243,39.6299,40920,0,0,0,13978,0,0,0,0.0,0.0,0.0,0.0
permutation,1100,m,reps_share,reps_dfp,reps,,0.6,250000,2,660,46.6682,40.50970166666668,40.2496,45.999,46.6682,35.987,40920,0,0,0,12798,0,0,0,0.0,0.0,0.0,0.0
permutation,1100,m,reps_partition,reps_dfp,reps,-reps_partition_entropy -reps_escalate_threshold 0.2 -reps_warmup_explore_rtts 0.5 -reps_explore_prob 70,0.6,250000,2,660,51.8141,43.7666175757576,43.6614,50.0741,51.8141,36.4845,40920,18,0,0,14588,18,0,0,0.04398826979472141,0.0,0.04398826979472141,0.0
permutation,1100,m,fpar,fpar,oblivious,-threshold 20750 -disable_hop_rtt_normalization,0.6,250000,3,660,50.1768,38.38107621212123,37.651,48.331,50.1768,34.6744,40920,14,0,0,11622,14,0,0,0.03421309872922776,0.0,0.03421309872922776,0.0
permutation,1100,m,reps_uniform_draws,reps_dfp,reps,-dfp_low_uniform,0.6,250000,3,660,53.927,44.27659196969699,43.9579,51.923,53.927,39.3446,40920,0,0,0,13879,0,0,0,0.0,0.0,0.0,0.0
permutation,1100,m,reps_share,reps_dfp,reps,,0.6,250000,3,660,48.1182,41.003550303030316,40.9227,46.611,48.1182,36.319,40920,0,0,0,12908,0,0,0,0.0,0.0,0.0,0.0
permutation,1100,m,reps_partition,reps_dfp,reps,-reps_partition_entropy -reps_escalate_threshold 0.2 -reps_warmup_explore_rtts 0.5 -reps_explore_prob 70,0.6,250000,3,660,52.8573,43.33378090909088,43.2776,50.3458,52.8573,36.5856,40920,15,0,0,14425,15,0,0,0.036656891495601175,0.0,0.036656891495601175,0.0
permutation,1100,m,fpar,fpar,oblivious,-threshold 20750 -disable_hop_rtt_normalization,0.6,250000,4,660,49.9746,37.94256909090909,37.4277,48.2491,49.9746,33.7926,40920,0,0,0,11528,0,0,0,0.0,0.0,0.0,0.0
permutation,1100,m,reps_uniform_draws,reps_dfp,reps,-dfp_low_uniform,0.6,250000,4,660,53.0659,44.735891818181834,44.3525,51.2762,53.0659,39.0928,40920,0,0,0,14122,0,0,0,0.0,0.0,0.0,0.0
permutation,1100,m,reps_share,reps_dfp,reps,,0.6,250000,4,660,47.5536,41.017284393939384,40.7021,47.2096,47.5536,35.9922,40920,0,0,0,12965,0,0,0,0.0,0.0,0.0,0.0
permutation,1100,m,reps_partition,reps_dfp,reps,-reps_partition_entropy -reps_escalate_threshold 0.2 -reps_warmup_explore_rtts 0.5 -reps_explore_prob 70,0.6,250000,4,660,51.3925,44.1324687878788,44.0747,50.4645,51.3925,36.0126,40920,49,0,0,14960,49,0,0,0.11974584555229717,0.0,0.11974584555229717,0.0
permutation,1100,m,fpar,fpar,oblivious,-threshold 20750 -disable_hop_rtt_normalization,0.6,250000,5,660,50.5242,38.54204318181819,37.616,49.2843,50.5242,34.7563,40920,11,0,0,11663,11,0,0,0.026881720430107527,0.0,0.026881720430107527,0.0
permutation,1100,m,reps_uniform_draws,reps_dfp,reps,-dfp_low_uniform,0.6,250000,5,660,52.7794,44.693837424242446,44.5536,51.271,52.7794,38.5776,40920,0,0,0,14092,0,0,0,0.0,0.0,0.0,0.0
permutation,1100,m,reps_share,reps_dfp,reps,,0.6,250000,5,660,48.8696,40.86597969696968,40.5992,47.8114,48.8696,35.3782,40920,0,0,0,12865,0,0,0,0.0,0.0,0.0,0.0
permutation,1100,m,reps_partition,reps_dfp,reps,-reps_partition_entropy -reps_escalate_threshold 0.2 -reps_warmup_explore_rtts 0.5 -reps_explore_prob 70,0.6,250000,5,660,53.6715,43.82109469696971,43.749,50.7944,53.6715,36.319,40920,11,0,0,14658,11,0,0,0.026881720430107527,0.0,0.026881720430107527,0.0
permutation,1100,m,fpar,fpar,oblivious,-threshold 20750 -disable_hop_rtt_normalization,0.6,500000,1,660,80.2946,62.55417424242425,60.7974,74.0067,80.2946,56.1824,81180,283,0,0,26089,283,0,0,0.3486080315348608,0.0,0.3486080315348608,0.0
permutation,1100,m,reps_uniform_draws,reps_dfp,reps,-dfp_low_uniform,0.6,500000,1,660,83.561,72.40639121212119,72.063,82.2795,83.561,62.3638,81180,5,0,0,31948,5,0,0,0.006159152500615915,0.0,0.006159152500615915,0.0
permutation,1100,m,reps_share,reps_dfp,reps,,0.6,500000,1,660,77.5474,66.62600348484845,66.4747,75.8043,77.5474,58.6792,81180,14,0,0,31672,14,0,0,0.017245627001724564,0.0,0.017245627001724564,0.0
permutation,1100,m,reps_partition,reps_dfp,reps,-reps_partition_entropy -reps_escalate_threshold 0.2 -reps_warmup_explore_rtts 0.5 -reps_explore_prob 70,0.6,500000,1,660,79.049,69.37912939393945,69.6258,76.1811,79.049,58.4878,81180,736,0,0,36557,736,0,0,0.9066272480906628,0.0,0.9066272480906628,0.0
permutation,1100,m,fpar,fpar,oblivious,-threshold 20750 -disable_hop_rtt_normalization,0.6,500000,2,660,76.953,63.35777196969694,61.4171,74.3723,76.953,55.9674,81180,504,0,0,26703,504,0,0,0.6208425720620843,0.0,0.6208425720620843,0.0
permutation,1100,m,reps_uniform_draws,reps_dfp,reps,-dfp_low_uniform,0.6,500000,2,660,87.6192,72.48811333333339,72.1267,85.1694,87.6192,63.2331,81180,13,0,0,31944,13,0,0,0.01601379650160138,0.0,0.01601379650160138,0.0
permutation,1100,m,reps_share,reps_dfp,reps,,0.6,500000,2,660,77.4261,66.2919139393939,65.9274,74.4024,77.4261,58.0413,81180,1,0,0,31847,1,0,0,0.001231830500123183,0.0,0.001231830500123183,0.0
permutation,1100,m,reps_partition,reps_dfp,reps,-reps_partition_entropy -reps_escalate_threshold 0.2 -reps_warmup_explore_rtts 0.5 -reps_explore_prob 70,0.6,500000,2,660,76.9662,69.46890681818182,69.4222,75.8685,76.9662,59.7765,81180,541,0,0,36797,541,0,0,0.666420300566642,0.0,0.666420300566642,0.0
permutation,1100,m,fpar,fpar,oblivious,-threshold 20750 -disable_hop_rtt_normalization,0.6,500000,3,660,76.5427,62.47880378787882,60.7536,73.78,76.5427,55.8467,81180,210,0,0,25960,210,0,0,0.2586844050258684,0.0,0.2586844050258684,0.0
permutation,1100,m,reps_uniform_draws,reps_dfp,reps,-dfp_low_uniform,0.6,500000,3,660,83.9014,72.02114363636372,71.4456,82.1277,83.9014,60.3432,81180,11,0,0,31653,11,0,0,0.013550135501355014,0.0,0.013550135501355014,0.0
permutation,1100,m,reps_share,reps_dfp,reps,,0.6,500000,3,660,75.3662,66.79971606060613,66.6722,73.5402,75.3662,58.785,81180,1,0,0,31747,1,0,0,0.001231830500123183,0.0,0.001231830500123183,0.0
permutation,1100,m,reps_partition,reps_dfp,reps,-reps_partition_entropy -reps_escalate_threshold 0.2 -reps_warmup_explore_rtts 0.5 -reps_explore_prob 70,0.6,500000,3,660,77.3915,69.13672742424242,69.3418,75.0222,77.3915,58.6093,81180,435,0,0,36402,435,0,0,0.5358462675535847,0.0,0.5358462675535847,0.0
permutation,1100,m,fpar,fpar,oblivious,-threshold 20750 -disable_hop_rtt_normalization,0.6,500000,4,660,76.425,62.34807045454547,61.0139,74.6392,76.425,56.3608,81180,140,0,0,25847,140,0,0,0.17245627001724562,0.0,0.17245627001724562,0.0
permutation,1100,m,reps_uniform_draws,reps_dfp,reps,-dfp_low_uniform,0.6,500000,4,660,86.2923,73.06890196969698,72.5762,84.6155,86.2923,63.2013,81180,20,0,0,32799,20,0,0,0.02463661000246366,0.0,0.02463661000246366,0.0
permutation,1100,m,reps_share,reps_dfp,reps,,0.6,500000,4,660,76.2517,66.66155454545452,66.4656,74.631,76.2517,58.4126,81180,24,0,0,32052,24,0,0,0.029563932002956393,0.0,0.029563932002956393,0.0
permutation,1100,m,reps_partition,reps_dfp,reps,-reps_partition_entropy -reps_escalate_threshold 0.2 -reps_warmup_explore_rtts 0.5 -reps_explore_prob 70,0.6,500000,4,660,82.4016,69.35327893939396,69.4816,78.4176,82.4016,57.9408,81180,566,0,0,37390,566,0,0,0.6972160630697216,0.0,0.6972160630697216,0.0
permutation,1100,m,fpar,fpar,oblivious,-threshold 20750 -disable_hop_rtt_normalization,0.6,500000,5,660,76.2883,62.84079848484849,61.172,73.9154,76.2883,55.5243,81180,295,0,0,26192,295,0,0,0.363389997536339,0.0,0.363389997536339,0.0
permutation,1100,m,reps_uniform_draws,reps_dfp,reps,-dfp_low_uniform,0.6,500000,5,660,91.3315,72.66899439393944,71.907,87.9782,91.3315,63.2381,81180,4,0,0,32646,4,0,0,0.004927322000492732,0.0,0.004927322000492732,0.0
permutation,1100,m,reps_share,reps_dfp,reps,,0.6,500000,5,660,76.7616,66.76121181818188,66.5739,75.7912,76.7616,59.0086,81180,8,0,0,31660,8,0,0,0.009854644000985464,0.0,0.009854644000985464,0.0
permutation,1100,m,reps_partition,reps_dfp,reps,-reps_partition_entropy -reps_escalate_threshold 0.2 -reps_warmup_explore_rtts 0.5 -reps_explore_prob 70,0.6,500000,5,660,76.4472,69.50730227272719,69.5706,75.2773,76.4472,60.3389,81180,544,0,0,36505,544,0,0,0.6701157920670116,0.0,0.6701157920670116,0.0
permutation,1100,m,fpar,fpar,oblivious,-threshold 20750 -disable_hop_rtt_normalization,0.6,2000000,1,660,326.478,200.1897196969696,196.054,262.987,326.478,182.464,323400,1568,0,0,113687,1568,0,0,0.48484848484848486,0.0,0.48484848484848486,0.0
permutation,1100,m,reps_uniform_draws,reps_dfp,reps,-dfp_low_uniform,0.6,2000000,1,660,276.574,230.11990909090952,229.712,250.707,276.574,204.4,323400,32,0,0,139325,32,0,0,0.009894867037724181,0.0,0.009894867037724181,0.0
permutation,1100,m,reps_share,reps_dfp,reps,,0.6,2000000,1,660,227.337,209.82889848484857,210.226,223.679,227.337,191.743,323400,97,0,0,144183,97,0,0,0.02999381570810142,0.0,0.02999381570810142,0.0
permutation,1100,m,reps_partition,reps_dfp,reps,-reps_partition_entropy -reps_escalate_threshold 0.2 -reps_warmup_explore_rtts 0.5 -reps_explore_prob 70,0.6,2000000,1,660,275.316,221.25754545454544,221.339,240.976,275.316,191.907,323400,1412,0,0,168118,1412,0,0,0.4366110080395795,0.0,0.4366110080395795,0.0
permutation,1100,m,fpar,fpar,oblivious,-threshold 20750 -disable_hop_rtt_normalization,0.6,2000000,2,660,302.191,201.8943712121211,196.442,273.371,302.191,180.638,323400,1945,0,0,116823,1945,0,0,0.6014223871366728,0.0,0.6014223871366728,0.0
permutation,1100,m,reps_uniform_draws,reps_dfp,reps,-dfp_low_uniform,0.6,2000000,2,660,304.105,230.9881818181819,230.396,255.47,304.105,204.075,323400,74,0,0,140734,74,0,0,0.022881880024737167,0.0,0.022881880024737167,0.0
permutation,1100,m,reps_share,reps_dfp,reps,,0.6,2000000,2,660,233.605,210.35992272727296,209.376,230.285,233.605,192.5,323400,106,0,0,146211,106,0,0,0.03277674706246135,0.0,0.03277674706246135,0.0
permutation,1100,m,reps_partition,reps_dfp,reps,-reps_partition_entropy -reps_escalate_threshold 0.2 -reps_warmup_explore_rtts 0.5 -reps_explore_prob 70,0.6,2000000,2,660,280.94,222.12306363636355,221.15,260.745,280.94,198.027,323400,1340,0,0,168918,1340,0,0,0.41434755720470007,0.0,0.41434755720470007,0.0
permutation,1100,m,fpar,fpar,oblivious,-threshold 20750 -disable_hop_rtt_normalization,0.6,2000000,3,660,298.694,199.94701515151525,196.696,261.749,298.694,182.159,323400,1438,0,0,113626,1438,0,0,0.44465058750773034,0.0,0.44465058750773034,0.0
permutation,1100,m,reps_uniform_draws,reps_dfp,reps,-dfp_low_uniform,0.6,2000000,3,660,259.022,229.95422727272705,228.81,253.334,259.022,206.16,323400,21,0,0,140642,21,0,0,0.006493506493506494,0.0,0.006493506493506494,0.0
permutation,1100,m,reps_share,reps_dfp,reps,,0.6,2000000,3,660,226.064,210.66558787878776,210.513,225.042,226.064,189.716,323400,203,0,0,144923,203,0,0,0.06277056277056277,0.0,0.06277056277056277,0.0
permutation,1100,m,reps_partition,reps_dfp,reps,-reps_partition_entropy -reps_escalate_threshold 0.2 -reps_warmup_explore_rtts 0.5 -reps_explore_prob 70,0.6,2000000,3,660,301.253,221.88688333333332,221.889,250.923,301.253,198.059,323400,1155,0,0,167057,1155,0,0,0.35714285714285715,0.0,0.35714285714285715,0.0
permutation,1100,m,fpar,fpar,oblivious,-threshold 20750 -disable_hop_rtt_normalization,0.6,2000000,4,660,284.207,199.2698530303029,196.776,253.379,284.207,181.643,323400,1068,0,0,111903,1068,0,0,0.3302411873840445,0.0,0.3302411873840445,0.0
permutation,1100,m,reps_uniform_draws,reps_dfp,reps,-dfp_low_uniform,0.6,2000000,4,660,329.348,231.2357742424242,230.528,264.908,329.348,206.28,323400,19,0,0,143908,19,0,0,0.005875077303648732,0.0,0.005875077303648732,0.0
permutation,1100,m,reps_share,reps_dfp,reps,,0.6,2000000,4,660,248.714,211.13025454545453,210.54,230.791,248.714,190.483,323400,210,0,0,146774,210,0,0,0.06493506493506493,0.0,0.06493506493506493,0.0
permutation,1100,m,reps_partition,reps_dfp,reps,-reps_partition_entropy -reps_escalate_threshold 0.2 -reps_warmup_explore_rtts 0.5 -reps_explore_prob 70,0.6,2000000,4,660,289.867,224.06666060606068,223.074,261.501,289.867,194.863,323400,1441,0,0,169685,1441,0,0,0.445578231292517,0.0,0.445578231292517,0.0
permutation,1100,m,fpar,fpar,oblivious,-threshold 20750 -disable_hop_rtt_normalization,0.6,2000000,5,660,328.511,200.10810757575766,196.386,282.338,328.511,181.615,323400,1602,0,0,113450,1602,0,0,0.49536178107606677,0.0,0.49536178107606677,0.0
permutation,1100,m,reps_uniform_draws,reps_dfp,reps,-dfp_low_uniform,0.6,2000000,5,660,308.756,231.0245348484847,229.453,284.478,308.756,202.781,323400,45,0,0,141621,45,0,0,0.013914656771799629,0.0,0.013914656771799629,0.0
permutation,1100,m,reps_share,reps_dfp,reps,,0.6,2000000,5,660,234.603,210.64796818181821,209.921,229.607,234.603,192.69,323400,240,0,0,145213,240,0,0,0.07421150278293136,0.0,0.07421150278293136,0.0
permutation,1100,m,reps_partition,reps_dfp,reps,-reps_partition_entropy -reps_escalate_threshold 0.2 -reps_warmup_explore_rtts 0.5 -reps_explore_prob 70,0.6,2000000,5,660,288.521,222.14063636363642,221.818,252.789,288.521,200.917,323400,1193,0,0,168850,1193,0,0,0.3688930117501546,0.0,0.3688930117501546,0.0
permutation,1100,m,fpar,fpar,oblivious,-threshold 20750 -disable_hop_rtt_normalization,0.6,5000000,1,660,744.192,476.8530257575758,462.485,684.473,744.192,434.303,807840,2235,0,0,284476,2235,0,0,0.27666369578134287,0.0,0.27666369578134287,0.0
permutation,1100,m,reps_uniform_draws,reps_dfp,reps,-dfp_low_uniform,0.6,5000000,1,660,713.622,546.2276242424241,544.503,615.697,713.622,482.738,807840,46,0,0,351466,46,0,0,0.005694196870667459,0.0,0.005694196870667459,0.0
permutation,1100,m,reps_share,reps_dfp,reps,,0.6,5000000,1,660,574.476,496.31199393939335,495.636,537.904,574.476,458.003,807840,369,0,0,366676,369,0,0,0.04567736185383244,0.0,0.04567736185383244,0.0
permutation,1100,m,reps_partition,reps_dfp,reps,-reps_partition_entropy -reps_escalate_threshold 0.2 -reps_warmup_explore_rtts 0.5 -reps_explore_prob 70,0.6,5000000,1,660,737.69,525.5415090909089,516.926,658.647,737.69,454.919,807840,1819,0,0,406038,1819,0,0,0.22516835016835016,0.0,0.22516835016835016,0.0
permutation,1100,m,fpar,fpar,oblivious,-threshold 20750 -disable_hop_rtt_normalization,0.6,5000000,2,660,760.149,479.5896484848482,463.916,669.043,760.149,428.974,807840,2566,0,0,289214,2566,0,0,0.31763715587245,0.0,0.31763715587245,0.0
permutation,1100,m,reps_uniform_draws,reps_dfp,reps,-dfp_low_uniform,0.6,5000000,2,660,718.379,548.3497469696962,545.747,636.199,718.379,486.234,807840,98,0,0,354408,98,0,0,0.012131115072291542,0.0,0.012131115072291542,0.0
permutation,1100,m,reps_share,reps_dfp,reps,,0.6,5000000,2,660,605.279,497.3919651515155,493.48,557.891,605.279,449.925,807840,289,0,0,368759,289,0,0,0.03577441077441077,0.0,0.03577441077441077,0.0
permutation,1100,m,reps_partition,reps_dfp,reps,-reps_partition_entropy -reps_escalate_threshold 0.2 -reps_warmup_explore_rtts 0.5 -reps_explore_prob 70,0.6,5000000,2,660,710.166,526.4889787878789,515.288,660.02,710.166,461.69,807840,1696,0,0,403395,1696,0,0,0.20994256288373936,0.0,0.20994256288373936,0.0
permutation,1100,m,fpar,fpar,oblivious,-threshold 20750 -disable_hop_rtt_normalization,0.6,5000000,3,660,712.988,474.77406060606114,463.925,647.664,712.988,429.246,807840,2038,0,0,283159,2038,0,0,0.252277678748267,0.0,0.252277678748267,0.0
permutation,1100,m,reps_uniform_draws,reps_dfp,reps,-dfp_low_uniform,0.6,5000000,3,660,672.204,546.9475530303027,543.364,635.661,672.204,489.8,807840,55,0,0,352438,55,0,0,0.006808278867102397,0.0,0.006808278867102397,0.0
permutation,1100,m,reps_share,reps_dfp,reps,,0.6,5000000,3,660,574.903,497.0789545454546,495.99,534.948,574.903,455.889,807840,415,0,0,368511,415,0,0,0.0513715587244999,0.0,0.0513715587244999,0.0
permutation,1100,m,reps_partition,reps_dfp,reps,-reps_partition_entropy -reps_escalate_threshold 0.2 -reps_warmup_explore_rtts 0.5 -reps_explore_prob 70,0.6,5000000,3,660,769.657,526.113266666667,515.173,653.847,769.657,467.012,807840,1685,0,0,400076,1685,0,0,0.20858090711031887,0.0,0.20858090711031887,0.0
permutation,1100,m,fpar,fpar,oblivious,-threshold 20750 -disable_hop_rtt_normalization,0.6,5000000,4,660,672.03,473.7270409090913,465.455,627.373,672.03,430.955,807840,1586,0,0,280580,1586,0,0,0.19632600514953455,0.0,0.19632600514953455,0.0
permutation,1100,m,reps_uniform_draws,reps_dfp,reps,-dfp_low_uniform,0.6,5000000,4,660,762.821,549.2586075757579,547.451,657.135,762.821,488.787,807840,26,0,0,358622,26,0,0,0.0032184591008120418,0.0,0.0032184591008120418,0.0
permutation,1100,m,reps_share,reps_dfp,reps,,0.6,5000000,4,660,648.185,499.19994999999983,497.414,563.625,648.185,453.368,807840,526,0,0,371696,526,0,0,0.06511190334719746,0.0,0.06511190334719746,0.0
permutation,1100,m,reps_partition,reps_dfp,reps,-reps_partition_entropy -reps_escalate_threshold 0.2 -reps_warmup_explore_rtts 0.5 -reps_explore_prob 70,0.6,5000000,4,660,741.154,530.7408636363634,519.729,681.794,741.154,460.312,807840,1943,0,0,404564,1943,0,0,0.24051792434145375,0.0,0.24051792434145375,0.0
permutation,1100,m,fpar,fpar,oblivious,-threshold 20750 -disable_hop_rtt_normalization,0.6,5000000,5,660,793.776,475.34999393939347,464.104,727.661,793.776,431.635,807840,2157,0,0,284411,2157,0,0,0.2670083184789067,0.0,0.2670083184789067,0.0
permutation,1100,m,reps_uniform_draws,reps_dfp,reps,-dfp_low_uniform,0.6,5000000,5,660,716.069,547.64176969697,542.304,683.479,716.069,493.595,807840,66,0,0,353142,66,0,0,0.008169934640522876,0.0,0.008169934640522876,0.0
permutation,1100,m,reps_share,reps_dfp,reps,,0.6,5000000,5,660,627.285,497.52218333333315,495.529,567.26,627.285,458.647,807840,445,0,0,365774,445,0,0,0.05508516537928303,0.0,0.05508516537928303,0.0
permutation,1100,m,reps_partition,reps_dfp,reps,-reps_partition_entropy -reps_escalate_threshold 0.2 -reps_warmup_explore_rtts 0.5 -reps_explore_prob 70,0.6,5000000,5,660,692.848,528.0885272727271,518.079,647.659,692.848,468.528,807840,1789,0,0,407258,1789,0,0,0.22145474351356703,0.0,0.22145474351356703,0.0
permutation,1100,m,fpar,fpar,oblivious,-threshold 20750 -disable_hop_rtt_normalization,0.6,10000000,1,660,1454.3,935.2248590909095,907.995,1294.37,1454.3,850.228,1615680,3325,0,0,566184,3325,0,0,0.20579570211923154,0.0,0.20579570211923154,0.0
permutation,1100,m,reps_uniform_draws,reps_dfp,reps,-dfp_low_uniform,0.6,10000000,1,660,1375.2,1073.5821121212123,1069.65,1207.36,1375.2,940.719,1615680,60,0,0,702636,60,0,0,0.0037136066547831252,0.0,0.0037136066547831252,0.0
permutation,1100,m,reps_share,reps_dfp,reps,,0.6,10000000,1,660,1163.08,974.4575681818181,972.819,1080.21,1163.08,894.986,1615680,690,0,0,735897,690,0,0,0.04270647653000594,0.0,0.04270647653000594,0.0
permutation,1100,m,reps_partition,reps_dfp,reps,-reps_partition_entropy -reps_escalate_threshold 0.2 -reps_warmup_explore_rtts 0.5 -reps_explore_prob 70,0.6,10000000,1,660,1332.61,1034.1066803030303,1014.75,1278.73,1332.61,897.339,1615680,2569,0,0,800855,2569,0,0,0.15900425826896414,0.0,0.15900425826896414,0.0
permutation,1100,m,fpar,fpar,oblivious,-threshold 20750 -disable_hop_rtt_normalization,0.6,10000000,2,660,1474.32,941.6463803030304,911.035,1329.97,1474.32,842.37,1615680,3653,0,0,575552,3653,0,0,0.22609675183204594,0.0,0.22609675183204594,0.0
permutation,1100,m,reps_uniform_draws,reps_dfp,reps,-dfp_low_uniform,0.6,10000000,2,660,1388.67,1076.4589030303039,1071.58,1290.49,1388.67,952.023,1615680,119,0,0,706363,119,0,0,0.007365319865319866,0.0,0.007365319865319866,0.0
permutation,1100,m,reps_share,reps_dfp,reps,,0.6,10000000,2,660,1201.85,976.0027803030305,968.525,1114.24,1201.85,875.708,1615680,536,0,0,737211,536,0,0,0.033174886116062584,0.0,0.033174886116062584,0.0
permutation,1100,m,reps_partition,reps_dfp,reps,-reps_partition_entropy -reps_escalate_threshold 0.2 -reps_warmup_explore_rtts 0.5 -reps_explore_prob 70,0.6,10000000,2,660,1371.43,1035.0303030303048,1011.91,1288.26,1371.43,904.708,1615680,2479,0,0,797220,2479,0,0,0.15343384828678946,0.0,0.15343384828678946,0.0
permutation,1100,m,fpar,fpar,oblivious,-threshold 20750 -disable_hop_rtt_normalization,0.6,10000000,3,660,1321.15,930.4836515151505,912.52,1214.2,1321.15,848.208,1615680,2782,0,0,564545,2782,0,0,0.17218756189344425,0.0,0.17218756189344425,0.0
permutation,1100,m,reps_uniform_draws,reps_dfp,reps,-dfp_low_uniform,0.6,10000000,3,660,1357.13,1073.9818484848488,1065.44,1245.44,1357.13,959.497,1615680,68,0,0,702401,68,0,0,0.004208754208754209,0.0,0.004208754208754209,0.0
permutation,1100,m,reps_share,reps_dfp,reps,,0.6,10000000,3,660,1150.26,976.6850196969674,973.664,1078.06,1150.26,901.975,1615680,803,0,0,737708,803,0,0,0.049700435729847496,0.0,0.049700435729847496,0.0
permutation,1100,m,reps_partition,reps_dfp,reps,-reps_partition_entropy -reps_escalate_threshold 0.2 -reps_warmup_explore_rtts 0.5 -reps_explore_prob 70,0.6,10000000,3,660,1448.45,1035.385657575759,1010.03,1288.53,1448.45,910.15,1615680,2449,0,0,790076,2449,0,0,0.1515770449593979,0.0,0.1515770449593979,0.0
permutation,1100,m,fpar,fpar,oblivious,-threshold 20750 -disable_hop_rtt_normalization,0.6,10000000,4,660,1344.01,930.2686151515138,915.135,1264.71,1344.01,843.926,1615680,2254,0,0,559848,2254,0,0,0.13950782333135275,0.0,0.13950782333135275,0.0
permutation,1100,m,reps_uniform_draws,reps_dfp,reps,-dfp_low_uniform,0.6,10000000,4,660,1475.66,1077.8193363636371,1072.29,1285.79,1475.66,953.997,1615680,42,0,0,713626,42,0,0,0.002599524658348188,0.0,0.002599524658348188,0.0
permutation,1100,m,reps_share,reps_dfp,reps,,0.6,10000000,4,660,1214.29,978.8073121212127,973.448,1115.79,1214.29,878.33,1615680,864,0,0,743406,864,0,0,0.053475935828877004,0.0,0.053475935828877004,0.0
permutation,1100,m,reps_partition,reps_dfp,reps,-reps_partition_entropy -reps_escalate_threshold 0.2 -reps_warmup_explore_rtts 0.5 -reps_explore_prob 70,0.6,10000000,4,660,1382.06,1044.9589681818184,1023.38,1315.55,1382.06,896.041,1615680,3107,0,0,796505,3107,0,0,0.1923029312735195,0.0,0.1923029312735195,0.0
permutation,1100,m,fpar,fpar,oblivious,-threshold 20750 -disable_hop_rtt_normalization,0.6,10000000,5,660,1466.38,932.7245909090904,911.958,1365.1,1466.38,846.298,1615680,3123,0,0,568275,3123,0,0,0.19329322638146168,0.0,0.19329322638146168,0.0
permutation,1100,m,reps_uniform_draws,reps_dfp,reps,-dfp_low_uniform,0.6,10000000,5,660,1457.66,1076.239665151515,1066.04,1339.77,1457.66,959.08,1615680,86,0,0,702373,86,0,0,0.005322836205189146,0.0,0.005322836205189146,0.0
permutation,1100,m,reps_share,reps_dfp,reps,,0.6,10000000,5,660,1207.7,976.4379818181809,970.709,1130.86,1207.7,895.823,1615680,826,0,0,730808,826,0,0,0.051123984947514356,0.0,0.051123984947514356,0.0
permutation,1100,m,reps_partition,reps_dfp,reps,-reps_partition_entropy -reps_escalate_threshold 0.2 -reps_warmup_explore_rtts 0.5 -reps_explore_prob 70,0.6,10000000,5,660,1363.61,1039.5369393939397,1014.25,1261.51,1363.61,918.83,1615680,2677,0,0,802442,2677,0,0,0.1656887502475738,0.0,0.1656887502475738,0.0
permutation,1100,m,fpar,fpar,oblivious,-threshold 20750 -disable_hop_rtt_normalization,0.7,100000,1,770,26.803,24.383412857142826,24.3306,26.3021,26.803,22.1672,19250,0,0,0,5958,0,0,0,0.0,0.0,0.0,0.0
permutation,1100,m,reps_uniform_draws,reps_dfp,reps,-dfp_low_uniform,0.7,100000,1,770,31.4952,27.66389376623377,27.6096,30.4187,31.4952,24.3203,19250,0,0,0,6034,0,0,0,0.0,0.0,0.0,0.0
permutation,1100,m,reps_share,reps_dfp,reps,,0.7,100000,1,770,31.2856,25.775102207792195,25.6336,28.9616,31.2856,22.8016,19250,0,0,0,6094,0,0,0,0.0,0.0,0.0,0.0
permutation,1100,m,reps_partition,reps_dfp,reps,-reps_partition_entropy -reps_escalate_threshold 0.2 -reps_warmup_explore_rtts 0.5 -reps_explore_prob 70,0.7,100000,1,770,31.0896,26.06836935064935,25.9616,29.7616,31.0896,22.8118,19250,0,0,0,6159,0,0,0,0.0,0.0,0.0,0.0
permutation,1100,m,fpar,fpar,oblivious,-threshold 20750 -disable_hop_rtt_normalization,0.7,100000,2,770,26.6392,24.355538701298713,24.317,26.1352,26.6392,22.4627,19250,0,0,0,5946,0,0,0,0.0,0.0,0.0,0.0
permutation,1100,m,reps_uniform_draws,reps_dfp,reps,-dfp_low_uniform,0.7,100000,2,770,32.3362,27.722794285714283,27.6147,31.1221,32.3362,24.7936,19250,0,0,0,6030,0,0,0,0.0,0.0,0.0,0.0
permutation,1100,m,reps_share,reps_dfp,reps,,0.7,100000,2,770,31.0389,25.73962584415586,25.6416,29.5645,31.0389,22.4798,19250,0,0,0,6086,0,0,0,0.0,0.0,0.0,0.0
permutation,1100,m,reps_partition,reps_dfp,reps,-reps_partition_entropy -reps_escalate_threshold 0.2 -reps_warmup_explore_rtts 0.5 -reps_explore_prob 70,0.7,100000,2,770,33.2656,26.036538311688318,25.8016,31.2736,33.2656,22.4901,19250,0,0,0,6146,0,0,0,0.0,0.0,0.0,0.0
permutation,1100,m,fpar,fpar,oblivious,-threshold 20750 -disable_hop_rtt_normalization,0.7,100000,3,770,27.1381,24.354491038961,24.317,25.8288,27.1381,22.1478,19250,0,0,0,5953,0,0,0,0.0,0.0,0.0,0.0
permutation,1100,m,reps_uniform_draws,reps_dfp,reps,-dfp_low_uniform,0.7,100000,3,770,37.2496,27.764644805194777,27.4616,32.2576,37.2496,24.8176,19250,0,0,0,6031,0,0,0,0.0,0.0,0.0,0.0
permutation,1100,m,reps_share,reps_dfp,reps,,0.7,100000,3,770,30.0293,25.789982207792246,25.6416,29.1256,30.0293,22.821,19250,0,0,0,6113,0,0,0,0.0,0.0,0.0,0.0
permutation,1100,m,reps_partition,reps_dfp,reps,-reps_partition_entropy -reps_escalate_threshold 0.2 -reps_warmup_explore_rtts 0.5 -reps_explore_prob 70,0.7,100000,3,770,31.4376,25.997409350649363,25.7936,29.649,31.4376,23.1438,19250,0,0,0,6183,0,0,0,0.0,0.0,0.0,0.0
permutation,1100,m,fpar,fpar,oblivious,-threshold 20750 -disable_hop_rtt_normalization,0.7,100000,4,770,27.3357,24.31370610389607,24.3067,26.1494,27.3357,22.1478,19250,0,0,0,5941,0,0,0,0.0,0.0,0.0,0.0
permutation,1100,m,reps_uniform_draws,reps_dfp,reps,-dfp_low_uniform,0.7,100000,4,770,33.7696,27.780524675324642,27.6336,31.6312,33.7696,24.9998,19250,0,0,0,6047,0,0,0,0.0,0.0,0.0,0.0
permutation,1100,m,reps_share,reps_dfp,reps,,0.7,100000,4,770,31.4456,25.781661428571415,25.6296,29.8845,31.4456,22.8016,19250,0,0,0,6104,0,0,0,0.0,0.0,0.0,0.0
permutation,1100,m,reps_partition,reps_dfp,reps,-reps_partition_entropy -reps_escalate_threshold 0.2 -reps_warmup_explore_rtts 0.5 -reps_explore_prob 70,0.7,100000,4,770,32.2736,26.373667792207815,26.2856,30.6136,32.2736,22.1683,19250,0,0,0,6227,0,0,0,0.0,0.0,0.0,0.0
permutation,1100,m,fpar,fpar,oblivious,-threshold 20750 -disable_hop_rtt_normalization,0.7,100000,5,770,27.2114,24.296093636363576,24.305,26.3874,27.2114,21.9827,19250,0,0,0,5935,0,0,0,0.0,0.0,0.0,0.0
permutation,1100,m,reps_uniform_draws,reps_dfp,reps,-dfp_low_uniform,0.7,100000,5,770,32.7941,27.705440519480554,27.6216,30.809,32.7941,25.2856,19250,0,0,0,6025,0,0,0,0.0,0.0,0.0,0.0
permutation,1100,m,reps_share,reps_dfp,reps,,0.7,100000,5,770,30.7816,25.950622077922095,25.7936,29.7616,30.7816,22.8766,19250,0,0,0,6110,0,0,0,0.0,0.0,0.0,0.0
permutation,1100,m,reps_partition,reps_dfp,reps,-reps_partition_entropy -reps_escalate_threshold 0.2 -reps_warmup_explore_rtts 0.5 -reps_explore_prob 70,0.7,100000,5,770,32.9256,26.214892077922077,26.1096,31.2656,32.9256,22.9776,19250,0,0,0,6211,0,0,0,0.0,0.0,0.0,0.0
permutation,1100,m,fpar,fpar,oblivious,-threshold 20750 -disable_hop_rtt_normalization,0.7,250000,1,770,53.0424,44.34502272727272,43.9968,52.3546,53.0424,36.1691,47740,151,0,0,15310,151,0,0,0.31629660661918724,0.0,0.31629660661918724,0.0
permutation,1100,m,reps_uniform_draws,reps_dfp,reps,-dfp_low_uniform,0.7,250000,1,770,58.8518,47.773062337662324,47.607,54.6445,58.8518,41.0643,47740,2,0,0,18629,2,0,0,0.0041893590280687055,0.0,0.0041893590280687055,0.0
permutation,1100,m,reps_share,reps_dfp,reps,,0.7,250000,1,770,51.263,44.51681844155845,44.5536,50.2016,51.263,38.3509,47740,2,0,0,17972,2,0,0,0.0041893590280687055,0.0,0.0041893590280687055,0.0
permutation,1100,m,reps_partition,reps_dfp,reps,-reps_partition_entropy -reps_escalate_threshold 0.2 -reps_warmup_explore_rtts 0.5 -reps_explore_prob 70,0.7,250000,1,770,54.237,47.15009597402596,47.368,52.4598,54.237,38.339,47740,196,0,0,20005,196,0,0,0.41055718475073316,0.0,0.41055718475073316,0.0
permutation,1100,m,fpar,fpar,oblivious,-threshold 20750 -disable_hop_rtt_normalization,0.7,250000,2,770,52.6981,44.03184025974028,43.7174,52.029,52.6981,36.983,47740,162,0,0,15128,162,0,0,0.33933808127356513,0.0,0.33933808127356513,0.0
permutation,1100,m,reps_uniform_draws,reps_dfp,reps,-dfp_low_uniform,0.7,250000,2,770,57.1867,47.47298766233765,47.275,54.1867,57.1867,39.4606,47740,3,0,0,18391,3,0,0,0.006284038542103058,0.0,0.006284038542103058,0.0
permutation,1100,m,reps_share,reps_dfp,reps,,0.7,250000,2,770,53.4054,44.62784987012989,44.2922,51.733,53.4054,38.9238,47740,5,0,0,18084,5,0,0,0.010473397570171765,0.0,0.010473397570171765,0.0
permutation,1100,m,reps_partition,reps_dfp,reps,-reps_partition_entropy -reps_escalate_threshold 0.2 -reps_warmup_explore_rtts 0.5 -reps_explore_prob 70,0.7,250000,2,770,53.0376,46.829296363636374,47.0432,51.9845,53.0376,38.691,47740,185,0,0,20089,185,0,0,0.38751571009635527,0.0,0.38751571009635527,0.0
permutation,1100,m,fpar,fpar,oblivious,-threshold 20750 -disable_hop_rtt_normalization,0.7,250000,3,770,52.0373,43.29059623376623,42.9269,51.1483,52.0373,36.6739,47740,100,0,0,14977,100,0,0,0.20946795140343527,0.0,0.20946795140343527,0.0
permutation,1100,m,reps_uniform_draws,reps_dfp,reps,-dfp_low_uniform,0.7,250000,3,770,57.5136,47.58415584415586,47.3395,54.923,57.5136,40.9419,47740,0,0,0,18491,0,0,0,0.0,0.0,0.0,0.0
permutation,1100,m,reps_share,reps_dfp,reps,,0.7,250000,3,770,53.656,44.60842506493512,44.291,51.5978,53.656,38.8514,47740,11,0,0,17964,11,0,0,0.02304147465437788,0.0,0.02304147465437788,0.0
permutation,1100,m,reps_partition,reps_dfp,reps,-reps_partition_entropy -reps_escalate_threshold 0.2 -reps_warmup_explore_rtts 0.5 -reps_explore_prob 70,0.7,250000,3,770,54.0054,46.58451376623378,46.8514,51.6934,54.0054,40.3898,47740,121,0,0,19894,121,0,0,0.2534562211981567,0.0,0.2534562211981567,0.0
permutation,1100,m,fpar,fpar,oblivious,-threshold 20750 -disable_hop_rtt_normalization,0.7,250000,4,770,53.9739,44.243086753246736,43.7982,52.8478,53.9739,36.1269,47740,90,0,0,15109,90,0,0,0.18852115626309174,0.0,0.18852115626309174,0.0
permutation,1100,m,reps_uniform_draws,reps_dfp,reps,-dfp_low_uniform,0.7,250000,4,770,54.416,47.62891805194806,47.607,53.6605,54.416,41.5938,47740,0,0,0,18679,0,0,0,0.0,0.0,0.0,0.0
permutation,1100,m,reps_share,reps_dfp,reps,,0.7,250000,4,770,51.3221,44.559146753246694,44.2296,50.8616,51.3221,39.061,47740,7,0,0,17867,7,0,0,0.01466275659824047,0.0,0.01466275659824047,0.0
permutation,1100,m,reps_partition,reps_dfp,reps,-reps_partition_entropy -reps_escalate_threshold 0.2 -reps_warmup_explore_rtts 0.5 -reps_explore_prob 70,0.7,250000,4,770,54.0936,47.22542025974025,47.3464,53.2171,54.0936,40.2682,47740,242,0,0,20436,242,0,0,0.5069124423963134,0.0,0.5069124423963134,0.0
permutation,1100,m,fpar,fpar,oblivious,-threshold 20750 -disable_hop_rtt_normalization,0.7,250000,5,770,52.8146,43.705016623376636,42.731,51.9912,52.8146,36.837,47740,150,0,0,15022,150,0,0,0.31420192710515293,0.0,0.31420192710515293,0.0
permutation,1100,m,reps_uniform_draws,reps_dfp,reps,-dfp_low_uniform,0.7,250000,5,770,55.341,47.77047870129869,47.6117,54.6115,55.341,41.3606,47740,4,0,0,18527,4,0,0,0.008378718056137411,0.0,0.008378718056137411,0.0
permutation,1100,m,reps_share,reps_dfp,reps,,0.7,250000,5,770,52.9845,44.78331207792212,44.5536,51.6605,52.9845,37.6931,47740,0,0,0,17918,0,0,0,0.0,0.0,0.0,0.0
permutation,1100,m,reps_partition,reps_dfp,reps,-reps_partition_entropy -reps_escalate_threshold 0.2 -reps_warmup_explore_rtts 0.5 -reps_explore_prob 70,0.7,250000,5,770,55.4373,47.04840363636362,47.1314,52.88,55.4373,39.1814,47740,174,0,0,20165,174,0,0,0.3644742354419774,0.0,0.3644742354419774,0.0
permutation,1100,m,fpar,fpar,oblivious,-threshold 20750 -disable_hop_rtt_normalization,0.7,500000,1,770,89.9859,71.47051441558439,72.4798,79.7317,89.9859,60.9931,94710,1792,0,0,36062,1792,0,0,1.8920916481892092,0.0,1.8920916481892092,0.0
permutation,1100,m,reps_uniform_draws,reps_dfp,reps,-dfp_low_uniform,0.7,500000,1,770,91.5085,79.18890402597401,78.9683,88.8405,91.5085,68.249,94710,10,0,0,45001,10,0,0,0.010558547143912998,0.0,0.010558547143912998,0.0
permutation,1100,m,reps_share,reps_dfp,reps,,0.7,500000,1,770,82.1189,73.72748844155842,73.8949,81.241,82.1189,64.1416,94710,150,0,0,48261,150,0,0,0.15837820715869497,0.0,0.15837820715869497,0.0
permutation,1100,m,reps_partition,reps_dfp,reps,-reps_partition_entropy -reps_escalate_threshold 0.2 -reps_warmup_explore_rtts 0.5 -reps_explore_prob 70,0.7,500000,1,770,83.4469,74.16737740259738,74.1778,82.1994,83.4469,63.8598,94710,1640,0,0,51105,1640,0,0,1.7316017316017316,0.0,1.7316017316017316,0.0
permutation,1100,m,fpar,fpar,oblivious,-threshold 20750 -disable_hop_rtt_normalization,0.7,500000,2,770,86.693,71.63938688311691,72.7342,78.9138,86.693,60.2152,94710,1632,0,0,36321,1632,0,0,1.7231548938866013,0.0,1.7231548938866013,0.0
permutation,1100,m,reps_uniform_draws,reps_dfp,reps,-dfp_low_uniform,0.7,500000,2,770,90.7187,78.10799649350649,77.7827,87.9754,90.7187,68.9502,94710,35,0,0,43582,35,0,0,0.03695491500369549,0.0,0.03695491500369549,0.0
permutation,1100,m,reps_share,reps_dfp,reps,,0.7,500000,2,770,83.4016,73.55461428571425,73.5685,81.4096,83.4016,63.4062,94710,142,0,0,48142,142,0,0,0.14993136944356455,0.0,0.14993136944356455,0.0
permutation,1100,m,reps_partition,reps_dfp,reps,-reps_partition_entropy -reps_escalate_threshold 0.2 -reps_warmup_explore_rtts 0.5 -reps_explore_prob 70,0.7,500000,2,770,82.2114,73.99577870129875,73.9797,81.2325,82.2114,65.9963,94710,1596,0,0,51506,1596,0,0,1.6851441241685143,0.0,1.6851441241685143,0.0
permutation,1100,m,fpar,fpar,oblivious,-threshold 20750 -disable_hop_rtt_normalization,0.7,500000,3,770,83.0826,71.20146792207795,71.9422,78.4814,83.0826,58.9166,94710,1225,0,0,36082,1225,0,0,1.2934220251293422,0.0,1.2934220251293422,0.0
permutation,1100,m,reps_uniform_draws,reps_dfp,reps,-dfp_low_uniform,0.7,500000,3,770,91.3776,78.81521805194808,78.5605,90.0478,91.3776,67.5589,94710,22,0,0,44793,22,0,0,0.023228803716608595,0.0,0.023228803716608595,0.0
permutation,1100,m,reps_share,reps_dfp,reps,,0.7,500000,3,770,84.5296,73.46901649350653,73.3262,81.8736,84.5296,65.5699,94710,123,0,0,48133,123,0,0,0.12987012987012986,0.0,0.12987012987012986,0.0
permutation,1100,m,reps_partition,reps_dfp,reps,-reps_partition_entropy -reps_escalate_threshold 0.2 -reps_warmup_explore_rtts 0.5 -reps_explore_prob 70,0.7,500000,3,770,81.0736,73.89943649350639,73.852,79.8267,81.0736,66.3982,94710,1277,0,0,51620,1277,0,0,1.3483264702776898,0.0,1.3483264702776898,0.0
permutation,1100,m,fpar,fpar,oblivious,-threshold 20750 -disable_hop_rtt_normalization,0.7,500000,4,770,82.4269,71.04364623376624,71.8056,79.5168,82.4269,58.6234,94710,1486,0,0,35616,1486,0,0,1.5690001055854714,0.0,1.5690001055854714,0.0
permutation,1100,m,reps_uniform_draws,reps_dfp,reps,-dfp_low_uniform,0.7,500000,4,770,95.347,79.54511545454547,79.209,89.703,95.347,68.56,94710,64,0,0,45161,64,0,0,0.06757470172104318,0.0,0.06757470172104318,0.0
permutation,1100,m,reps_share,reps_dfp,reps,,0.7,500000,4,770,81.7376,73.51091610389607,73.6018,80.7416,81.7376,64.4422,94710,129,0,0,47813,129,0,0,0.13620525815647766,0.0,0.13620525815647766,0.0
permutation,1100,m,reps_partition,reps_dfp,reps,-reps_partition_entropy -reps_escalate_threshold 0.2 -reps_warmup_explore_rtts 0.5 -reps_explore_prob 70,0.7,500000,4,770,85.8714,74.8233566233766,74.7846,83.033,85.8714,65.1627,94710,1759,0,0,52177,1759,0,0,1.8572484426142963,0.0,1.8572484426142963,0.0
permutation,1100,m,fpar,fpar,oblivious,-threshold 20750 -disable_hop_rtt_normalization,0.7,500000,5,770,84.0619,71.20488220779224,72.3666,80.1355,84.0619,58.3307,94710,1729,0,0,36160,1729,0,0,1.8255728011825574,0.0,1.8255728011825574,0.0
permutation,1100,m,reps_uniform_draws,reps_dfp,reps,-dfp_low_uniform,0.7,500000,5,770,92.9854,79.27716220779209,78.9763,90.3717,92.9854,68.315,94710,27,0,0,44679,27,0,0,0.028508077288565095,0.0,0.028508077288565095,0.0
permutation,1100,m,reps_share,reps_dfp,reps,,0.7,500000,5,770,81.8674,73.92529935064938,74.0651,80.3744,81.8674,66.3208,94710,96,0,0,48058,96,0,0,0.10136205258156478,0.0,0.10136205258156478,0.0
permutation,1100,m,reps_partition,reps_dfp,reps,-reps_partition_entropy -reps_escalate_threshold 0.2 -reps_warmup_explore_rtts 0.5 -reps_explore_prob 70,0.7,500000,5,770,89.7901,74.69326467532467,74.5357,85.3483,89.7901,65.1546,94710,1703,0,0,50966,1703,0,0,1.7981205786083836,0.0,1.7981205786083836,0.0
permutation,1100,m,fpar,fpar,oblivious,-threshold 20750 -disable_hop_rtt_normalization,0.7,2000000,1,770,370.016,226.15661948051957,214.304,334.614,370.016,192.093,377300,6145,0,0,152466,6145,0,0,1.6286774450039756,0.0,1.6286774450039756,0.0
permutation,1100,m,reps_uniform_draws,reps_dfp,reps,-dfp_low_uniform,0.7,2000000,1,770,341.734,250.95890779220764,250.026,307.285,341.734,219.106,377300,117,0,0,203823,117,0,0,0.0310098065200106,0.0,0.0310098065200106,0.0
permutation,1100,m,reps_share,reps_dfp,reps,,0.7,2000000,1,770,285.879,232.8105610389609,232.281,268.463,285.879,204.134,377300,832,0,0,231356,832,0,0,0.22051417969785317,0.0,0.22051417969785317,0.0
permutation,1100,m,reps_partition,reps_dfp,reps,-reps_partition_entropy -reps_escalate_threshold 0.2 -reps_warmup_explore_rtts 0.5 -reps_explore_prob 70,0.7,2000000,1,770,335.246,243.17367532467534,236.36,309.403,335.246,214.407,377300,2477,0,0,234251,2477,0,0,0.6565067585475749,0.0,0.6565067585475749,0.0
permutation,1100,m,fpar,fpar,oblivious,-threshold 20750 -disable_hop_rtt_normalization,0.7,2000000,2,770,353.881,225.8967077922078,214.596,333.787,353.881,192.888,377300,6187,0,0,152350,6187,0,0,1.6398091704214153,0.0,1.6398091704214153,0.0
permutation,1100,m,reps_uniform_draws,reps_dfp,reps,-dfp_low_uniform,0.7,2000000,2,770,399.727,251.19730259740268,249.398,313.1,399.727,224.889,377300,90,0,0,199950,90,0,0,0.02385369732308508,0.0,0.02385369732308508,0.0
permutation,1100,m,reps_share,reps_dfp,reps,,0.7,2000000,2,770,292.189,232.76778441558466,232.176,261.349,292.189,206.05,377300,551,0,0,231767,551,0,0,0.1460376358335542,0.0,0.1460376358335542,0.0
permutation,1100,m,reps_partition,reps_dfp,reps,-reps_partition_entropy -reps_escalate_threshold 0.2 -reps_warmup_explore_rtts 0.5 -reps_explore_prob 70,0.7,2000000,2,770,334.044,242.84951818181824,237.365,310.69,334.044,214.551,377300,2529,0,0,233144,2529,0,0,0.6702888947786907,0.0,0.6702888947786907,0.0
permutation,1100,m,fpar,fpar,oblivious,-threshold 20750 -disable_hop_rtt_normalization,0.7,2000000,3,770,385.367,225.02949740259774,215.626,327.98,385.367,190.684,377300,4977,0,0,152758,4977,0,0,1.3191094619666048,0.0,1.3191094619666048,0.0
permutation,1100,m,reps_uniform_draws,reps_dfp,reps,-dfp_low_uniform,0.7,2000000,3,770,358.527,250.5918103896103,248.65,320.887,358.527,221.652,377300,61,0,0,201181,61,0,0,0.016167505963424332,0.0,0.016167505963424332,0.0
permutation,1100,m,reps_share,reps_dfp,reps,,0.7,2000000,3,770,297.257,233.39065454545496,232.499,271.647,297.257,215.361,377300,857,0,0,228910,857,0,0,0.22714020673204346,0.0,0.22714020673204346,0.0
permutation,1100,m,reps_partition,reps_dfp,reps,-reps_partition_entropy -reps_escalate_threshold 0.2 -reps_warmup_explore_rtts 0.5 -reps_explore_prob 70,0.7,2000000,3,770,332.962,243.41157402597423,237.144,309.196,332.962,214.257,377300,2302,0,0,232671,2302,0,0,0.6101245693082428,0.0,0.6101245693082428,0.0
permutation,1100,m,fpar,fpar,oblivious,-threshold 20750 -disable_hop_rtt_normalization,0.7,2000000,4,770,387.278,224.59698441558436,216.217,323.794,387.278,193.819,377300,5349,0,0,152231,5349,0,0,1.4177047442353565,0.0,1.4177047442353565,0.0
permutation,1100,m,reps_uniform_draws,reps_dfp,reps,-dfp_low_uniform,0.7,2000000,4,770,354.384,251.77972987012998,250.49,310.589,354.384,217.517,377300,226,0,0,203506,226,0,0,0.05989928438908031,0.0,0.05989928438908031,0.0
permutation,1100,m,reps_share,reps_dfp,reps,,0.7,2000000,4,770,293.908,233.0649220779222,231.147,275.27,293.908,212.737,377300,748,0,0,232016,748,0,0,0.19825072886297376,0.0,0.19825072886297376,0.0
permutation,1100,m,reps_partition,reps_dfp,reps,-reps_partition_entropy -reps_escalate_threshold 0.2 -reps_warmup_explore_rtts 0.5 -reps_explore_prob 70,0.7,2000000,4,770,341.792,245.18993116883075,239.319,318.639,341.792,207.105,377300,2891,0,0,232487,2891,0,0,0.7662337662337663,0.0,0.7662337662337663,0.0
permutation,1100,m,fpar,fpar,oblivious,-threshold 20750 -disable_hop_rtt_normalization,0.7,2000000,5,770,381.872,225.7229116883116,214.091,345.57,381.872,189.358,377300,5944,0,0,152024,5944,0,0,1.5754041876490856,0.0,1.5754041876490856,0.0
permutation,1100,m,reps_uniform_draws,reps_dfp,reps,-dfp_low_uniform,0.7,2000000,5,770,388.192,251.33628961038968,248.242,341.147,388.192,221.982,377300,128,0,0,199933,128,0,0,0.03392525841505433,0.0,0.03392525841505433,0.0
permutation,1100,m,reps_share,reps_dfp,reps,,0.7,2000000,5,770,326.666,232.7214779220778,231.322,272.261,326.666,211.873,377300,640,0,0,229700,640,0,0,0.16962629207527166,0.0,0.16962629207527166,0.0
permutation,1100,m,reps_partition,reps_dfp,reps,-reps_partition_entropy -reps_escalate_threshold 0.2 -reps_warmup_explore_rtts 0.5 -reps_explore_prob 70,0.7,2000000,5,770,353.145,244.94038051948044,238.258,319.326,353.145,210.31,377300,3008,0,0,232958,3008,0,0,0.7972435727537769,0.0,0.7972435727537769,0.0
permutation,1100,m,fpar,fpar,oblivious,-threshold 20750 -disable_hop_rtt_normalization,0.7,5000000,1,770,876.332,533.6674116883123,494.641,806.812,876.332,451.515,942480,8072,0,0,363203,8072,0,0,0.8564637976402683,0.0,0.8564637976402683,0.0
permutation,1100,m,reps_uniform_draws,reps_dfp,reps,-dfp_low_uniform,0.7,5000000,1,770,762.015,596.2261636363633,590.61,721.003,762.015,517.969,942480,164,0,0,496435,164,0,0,0.01740089975384093,0.0,0.01740089975384093,0.0
permutation,1100,m,reps_share,reps_dfp,reps,,0.7,5000000,1,770,719.024,551.7312090909095,543.763,667.636,719.024,485.168,942480,1090,0,0,553908,1090,0,0,0.11565232153467447,0.0,0.11565232153467447,0.0
permutation,1100,m,reps_partition,reps_dfp,reps,-reps_partition_entropy -reps_escalate_threshold 0.2 -reps_warmup_explore_rtts 0.5 -reps_explore_prob 70,0.7,5000000,1,770,768.31,580.4511038961035,567.927,733.514,768.31,481.163,942480,2816,0,0,544211,2816,0,0,0.2987861811391223,0.0,0.2987861811391223,0.0
permutation,1100,m,fpar,fpar,oblivious,-threshold 20750 -disable_hop_rtt_normalization,0.7,5000000,2,770,898.473,533.4535480519479,496.355,781.791,898.473,447.918,942480,8101,0,0,366105,8101,0,0,0.8595407860113743,0.0,0.8595407860113743,0.0
permutation,1100,m,reps_uniform_draws,reps_dfp,reps,-dfp_low_uniform,0.7,5000000,2,770,825.319,596.5597987012984,588.853,743.961,825.319,532.745,942480,109,0,0,489808,109,0,0,0.011565232153467447,0.0,0.011565232153467447,0.0
permutation,1100,m,reps_share,reps_dfp,reps,,0.7,5000000,2,770,727.455,551.3359896103894,544.594,651.512,727.455,485.594,942480,806,0,0,561531,806,0,0,0.08551905610729141,0.0,0.08551905610729141,0.0
permutation,1100,m,reps_partition,reps_dfp,reps,-reps_partition_entropy -reps_escalate_threshold 0.2 -reps_warmup_explore_rtts 0.5 -reps_explore_prob 70,0.7,5000000,2,770,851.52,580.0911831168833,567.953,728.033,851.52,500.739,942480,3023,0,0,539877,3023,0,0,0.3207495119259825,0.0,0.3207495119259825,0.0
permutation,1100,m,fpar,fpar,oblivious,-threshold 20750 -disable_hop_rtt_normalization,0.7,5000000,3,770,896.341,531.7351454545457,502.454,776.597,896.341,451.892,942480,6322,0,0,366406,6322,0,0,0.670783464901112,0.0,0.670783464901112,0.0
permutation,1100,m,reps_uniform_draws,reps_dfp,reps,-dfp_low_uniform,0.7,5000000,3,770,853.18,595.8763714285707,588.436,733.082,853.18,526.263,942480,87,0,0,494042,87,0,0,0.009230965113318055,0.0,0.009230965113318055,0.0
permutation,1100,m,reps_share,reps_dfp,reps,,0.7,5000000,3,770,784.54,552.8440116883114,543.718,687.53,784.54,505.492,942480,1208,0,0,549300,1208,0,0,0.1281724811136576,0.0,0.1281724811136576,0.0
permutation,1100,m,reps_partition,reps_dfp,reps,-reps_partition_entropy -reps_escalate_threshold 0.2 -reps_warmup_explore_rtts 0.5 -reps_explore_prob 70,0.7,5000000,3,770,805.896,580.0462090909092,565.461,732.232,805.896,496.608,942480,2619,0,0,535290,2619,0,0,0.2778838808250573,0.0,0.2778838808250573,0.0
permutation,1100,m,fpar,fpar,oblivious,-threshold 20750 -disable_hop_rtt_normalization,0.7,5000000,4,770,826.145,531.8655766233776,499.63,780.158,826.145,464.398,942480,6994,0,0,366334,6994,0,0,0.742084712672948,0.0,0.742084712672948,0.0
permutation,1100,m,reps_uniform_draws,reps_dfp,reps,-dfp_low_uniform,0.7,5000000,4,770,850.988,597.425109090909,589.255,744.952,850.988,520.896,942480,247,0,0,493913,247,0,0,0.026207452678040914,0.0,0.026207452678040914,0.0
permutation,1100,m,reps_share,reps_dfp,reps,,0.7,5000000,4,770,755.918,552.1721220779222,543.941,680.855,755.918,501.234,942480,1173,0,0,556444,1173,0,0,0.12445887445887446,0.0,0.12445887445887446,0.0
permutation,1100,m,reps_partition,reps_dfp,reps,-reps_partition_entropy -reps_escalate_threshold 0.2 -reps_warmup_explore_rtts 0.5 -reps_explore_prob 70,0.7,5000000,4,770,857.284,584.6785753246754,574.304,740.181,857.284,494.382,942480,3234,0,0,534358,3234,0,0,0.3431372549019608,0.0,0.3431372549019608,0.0
permutation,1100,m,fpar,fpar,oblivious,-threshold 20750 -disable_hop_rtt_normalization,0.7,5000000,5,770,913.909,531.7387376623369,494.788,818.957,913.909,447.872,942480,7186,0,0,364097,7186,0,0,0.7624564977506154,0.0,0.7624564977506154,0.0
permutation,1100,m,reps_uniform_draws,reps_dfp,reps,-dfp_low_uniform,0.7,5000000,5,770,853.029,595.7150896103897,587.648,770.626,853.029,528.941,942480,132,0,0,487578,132,0,0,0.014005602240896359,0.0,0.014005602240896359,0.0
permutation,1100,m,reps_share,reps_dfp,reps,,0.7,5000000,5,770,795.004,551.7141012987017,543.882,675.806,795.004,502.02,942480,991,0,0,552087,991,0,0,0.1051481198540022,0.0,0.1051481198540022,0.0
permutation,1100,m,reps_partition,reps_dfp,reps,-reps_partition_entropy -reps_escalate_threshold 0.2 -reps_warmup_explore_rtts 0.5 -reps_explore_prob 70,0.7,5000000,5,770,809.944,584.774222077922,575.328,759.123,809.944,494.264,942480,3421,0,0,537767,3421,0,0,0.3629785247432306,0.0,0.3629785247432306,0.0
permutation,1100,m,fpar,fpar,oblivious,-threshold 20750 -disable_hop_rtt_normalization,0.7,10000000,1,770,1734.35,1041.6143805194804,971.075,1515.53,1734.35,884.099,1884960,11392,0,0,715363,11392,0,0,0.6043629573041338,0.0,0.6043629573041338,0.0
permutation,1100,m,reps_uniform_draws,reps_dfp,reps,-dfp_low_uniform,0.7,10000000,1,770,1449.31,1172.3870129870133,1159.36,1398.58,1449.31,1000.96,1884960,203,0,0,977648,203,0,0,0.010769459298871064,0.0,0.010769459298871064,0.0
permutation,1100,m,reps_share,reps_dfp,reps,,0.7,10000000,1,770,1346.95,1084.9118012987005,1067.99,1275.74,1346.95,957.642,1884960,1807,0,0,1084334,1807,0,0,0.09586410321704439,0.0,0.09586410321704439,0.0
permutation,1100,m,reps_partition,reps_dfp,reps,-reps_partition_entropy -reps_escalate_threshold 0.2 -reps_warmup_explore_rtts 0.5 -reps_explore_prob 70,0.7,10000000,1,770,1562.86,1145.5720467532462,1133.07,1437.86,1562.86,936.611,1884960,3649,0,0,1072461,3649,0,0,0.19358500976148035,0.0,0.19358500976148035,0.0
permutation,1100,m,fpar,fpar,oblivious,-threshold 20750 -disable_hop_rtt_normalization,0.7,10000000,2,770,1702.03,1044.7565597402595,972.673,1528.83,1702.03,878.572,1884960,11161,0,0,722340,11161,0,0,0.5921080553433494,0.0,0.5921080553433494,0.0
permutation,1100,m,reps_uniform_draws,reps_dfp,reps,-dfp_low_uniform,0.7,10000000,2,770,1544.11,1173.377298701298,1155.43,1457.09,1544.11,1045.4,1884960,163,0,0,969322,163,0,0,0.008647398353280706,0.0,0.008647398353280706,0.0
permutation,1100,m,reps_share,reps_dfp,reps,,0.7,10000000,2,770,1327.2,1084.7649142857135,1069.59,1271.78,1327.2,953.76,1884960,1339,0,0,1107276,1339,0,0,0.07103599015363721,0.0,0.07103599015363721,0.0
permutation,1100,m,reps_partition,reps_dfp,reps,-reps_partition_entropy -reps_escalate_threshold 0.2 -reps_warmup_explore_rtts 0.5 -reps_explore_prob 70,0.7,10000000,2,770,1515.59,1144.0817142857143,1131.41,1406.36,1515.59,972.417,1884960,3902,0,0,1060153,3902,0,0,0.20700704524233937,0.0,0.20700704524233937,0.0
permutation,1100,m,fpar,fpar,oblivious,-threshold 20750 -disable_hop_rtt_normalization,0.7,10000000,3,770,1625.87,1041.116346753246,983.547,1535.09,1625.87,883.69,1884960,8773,0,0,722903,8773,0,0,0.46542101689160514,0.0,0.46542101689160514,0.0
permutation,1100,m,reps_uniform_draws,reps_dfp,reps,-dfp_low_uniform,0.7,10000000,3,770,1581.86,1171.7954675324672,1154.03,1405.2,1581.86,1027.52,1884960,130,0,0,973670,130,0,0,0.006896698073168662,0.0,0.006896698073168662,0.0
permutation,1100,m,reps_share,reps_dfp,reps,,0.7,10000000,3,770,1437.25,1086.694033766234,1071.01,1307.25,1437.25,983.355,1884960,1837,0,0,1077325,1837,0,0,0.09745564892623716,0.0,0.09745564892623716,0.0
permutation,1100,m,reps_partition,reps_dfp,reps,-reps_partition_entropy -reps_escalate_threshold 0.2 -reps_warmup_explore_rtts 0.5 -reps_explore_prob 70,0.7,10000000,3,770,1549.34,1146.1971389610392,1136.21,1419.03,1549.34,968.885,1884960,3550,0,0,1055572,3550,0,0,0.1883329089211442,0.0,0.1883329089211442,0.0
permutation,1100,m,fpar,fpar,oblivious,-threshold 20750 -disable_hop_rtt_normalization,0.7,10000000,4,770,1659.95,1039.8473246753242,976.52,1511.51,1659.95,901.415,1884960,9999,0,0,719021,9999,0,0,0.5304621848739496,0.0,0.5304621848739496,0.0
permutation,1100,m,reps_uniform_draws,reps_dfp,reps,-dfp_low_uniform,0.7,10000000,4,770,1588.75,1174.6926103896099,1155.39,1466.48,1588.75,1021.58,1884960,337,0,0,972302,337,0,0,0.01787836346659876,0.0,0.01787836346659876,0.0
permutation,1100,m,reps_share,reps_dfp,reps,,0.7,10000000,4,770,1398.72,1085.2411350649363,1065.27,1321.98,1398.72,976.271,1884960,1588,0,0,1095476,1588,0,0,0.08424581953993719,0.0,0.08424581953993719,0.0
permutation,1100,m,reps_partition,reps_dfp,reps,-reps_partition_entropy -reps_escalate_threshold 0.2 -reps_warmup_explore_rtts 0.5 -reps_explore_prob 70,0.7,10000000,4,770,1566.43,1153.4900116883116,1148.09,1409.88,1566.43,952.025,1884960,4121,0,0,1059694,4121,0,0,0.21862532891944655,0.0,0.21862532891944655,0.0
permutation,1100,m,fpar,fpar,oblivious,-threshold 20750 -disable_hop_rtt_normalization,0.7,10000000,5,770,1792.13,1041.4431766233758,970.777,1586.75,1792.13,881.668,1884960,10054,0,0,720055,10054,0,0,0.5333800186741363,0.0,0.5333800186741363,0.0
permutation,1100,m,reps_uniform_draws,reps_dfp,reps,-dfp_low_uniform,0.7,10000000,5,770,1615.67,1170.9758961038965,1153.88,1472.36,1615.67,1021.82,1884960,165,0,0,966401,165,0,0,0.008753501400560224,0.0,0.008753501400560224,0.0
permutation,1100,m,reps_share,reps_dfp,reps,,0.7,10000000,5,770,1454.71,1084.3957012986998,1068.09,1308.0,1454.71,977.563,1884960,1514,0,0,1084130,1514,0,0,0.08032000679059502,0.0,0.08032000679059502,0.0
permutation,1100,m,reps_partition,reps_dfp,reps,-reps_partition_entropy -reps_escalate_threshold 0.2 -reps_warmup_explore_rtts 0.5 -reps_explore_prob 70,0.7,10000000,5,770,1472.87,1153.1666584415582,1143.51,1433.37,1472.87,961.44,1884960,4259,0,0,1061463,4259,0,0,0.2259464391817333,0.0,0.2259464391817333,0.0
permutation,1100,m,fpar,fpar,oblivious,-threshold 20750 -disable_hop_rtt_normalization,0.8,100000,1,880,27.9843,25.55686590909095,25.4781,27.351,27.9843,23.4747,22000,0,0,0,6835,0,0,0,0.0,0.0,0.0,0.0
permutation,1100,m,reps_uniform_draws,reps_dfp,reps,-dfp_low_uniform,0.8,100000,1,880,35.5896,28.949340227272756,28.7896,32.6272,35.5896,25.9736,22000,0,0,0,7038,0,0,0,0.0,0.0,0.0,0.0
permutation,1100,m,reps_share,reps_dfp,reps,,0.8,100000,1,880,33.6168,27.047677500000024,26.7907,31.9376,33.6168,23.813,22000,0,0,0,7156,0,0,0,0.0,0.0,0.0,0.0
permutation,1100,m,reps_partition,reps_dfp,reps,-reps_partition_entropy -reps_escalate_threshold 0.2 -reps_warmup_explore_rtts 0.5 -reps_explore_prob 70,0.8,100000,1,880,34.9376,27.425771477272754,27.2827,33.2696,34.9376,23.4758,22000,0,0,0,7316,0,0,0,0.0,0.0,0.0,0.0
permutation,1100,m,fpar,fpar,oblivious,-threshold 20750 -disable_hop_rtt_normalization,0.8,100000,2,880,29.2277,25.54967352272734,25.473,27.8434,29.2277,23.2936,22000,0,0,0,6818,0,0,0,0.0,0.0,0.0,0.0
permutation,1100,m,reps_uniform_draws,reps_dfp,reps,-dfp_low_uniform,0.8,100000,2,880,33.9621,28.74825193181818,28.6347,32.1232,33.9621,25.6227,22000,0,0,0,7057,0,0,0,0.0,0.0,0.0,0.0
permutation,1100,m,reps_share,reps_dfp,reps,,0.8,100000,2,880,32.2576,27.199596931818185,27.0106,31.4336,32.2576,23.4816,22000,0,0,0,7220,0,0,0,0.0,0.0,0.0,0.0
permutation,1100,m,reps_partition,reps_dfp,reps,-reps_partition_entropy -reps_escalate_threshold 0.2 -reps_warmup_explore_rtts 0.5 -reps_explore_prob 70,0.8,100000,2,880,33.8936,27.478350568181817,27.3117,32.0856,33.8936,23.8078,22000,0,0,0,7318,0,0,0,0.0,0.0,0.0,0.0
permutation,1100,m,fpar,fpar,oblivious,-threshold 20750 -disable_hop_rtt_normalization,0.8,100000,3,880,28.8035,25.50443909090915,25.4678,27.5093,28.8035,23.149,22000,0,0,0,6829,0,0,0,0.0,0.0,0.0,0.0
permutation,1100,m,reps_uniform_draws,reps_dfp,reps,-dfp_low_uniform,0.8,100000,3,880,33.7952,28.778252045454543,28.6347,32.3072,33.7952,26.2936,22000,0,0,0,7060,0,0,0,0.0,0.0,0.0,0.0
permutation,1100,m,reps_share,reps_dfp,reps,,0.8,100000,3,880,36.2416,27.246865227272696,27.0496,32.5936,36.2416,23.485,22000,0,0,0,7239,0,0,0,0.0,0.0,0.0,0.0
permutation,1100,m,reps_partition,reps_dfp,reps,-reps_partition_entropy -reps_escalate_threshold 0.2 -reps_warmup_explore_rtts 0.5 -reps_explore_prob 70,0.8,100000,3,880,32.1096,27.35812136363636,27.2936,30.9979,32.1096,23.4758,22000,0,0,0,7294,0,0,0,0.0,0.0,0.0,0.0
permutation,1100,m,fpar,fpar,oblivious,-threshold 20750 -disable_hop_rtt_normalization,0.8,100000,4,880,28.069,25.480405454545505,25.4678,27.3186,28.069,23.4656,22000,0,0,0,6784,0,0,0,0.0,0.0,0.0,0.0
permutation,1100,m,reps_uniform_draws,reps_dfp,reps,-dfp_low_uniform,0.8,100000,4,880,33.6654,29.029447613636368,28.941,32.6016,33.6654,26.1147,22000,0,0,0,7060,0,0,0,0.0,0.0,0.0,0.0
permutation,1100,m,reps_share,reps_dfp,reps,,0.8,100000,4,880,32.4296,27.034915454545473,26.9496,30.7696,32.4296,23.4696,22000,0,0,0,7163,0,0,0,0.0,0.0,0.0,0.0
permutation,1100,m,reps_partition,reps_dfp,reps,-reps_partition_entropy -reps_escalate_threshold 0.2 -reps_warmup_explore_rtts 0.5 -reps_explore_prob 70,0.8,100000,4,880,34.2616,27.530699431818135,27.2936,33.0936,34.2616,23.6416,22000,0,0,0,7340,0,0,0,0.0,0.0,0.0,0.0
permutation,1100,m,fpar,fpar,oblivious,-threshold 20750 -disable_hop_rtt_normalization,0.8,100000,5,880,30.4874,25.547632386363674,25.4678,28.3675,30.4874,23.481,22000,0,0,0,6828,0,0,0,0.0,0.0,0.0,0.0
permutation,1100,m,reps_uniform_draws,reps_dfp,reps,-dfp_low_uniform,0.8,100000,5,880,33.2656,28.847662727272745,28.7758,31.9563,33.2656,25.9598,22000,0,0,0,7037,0,0,0,0.0,0.0,0.0,0.0
permutation,1100,m,reps_share,reps_dfp,reps,,0.8,100000,5,880,32.4176,27.10880045454547,26.9558,31.0776,32.4176,23.4696,22000,0,0,0,7176,0,0,0,0.0,0.0,0.0,0.0
permutation,1100,m,reps_partition,reps_dfp,reps,-reps_partition_entropy -reps_escalate_threshold 0.2 -reps_warmup_explore_rtts 0.5 -reps_explore_prob 70,0.8,100000,5,880,35.4176,27.597778295454535,27.2936,32.7616,35.4176,23.0931,22000,0,0,0,7361,0,0,0,0.0,0.0,0.0,0.0
permutation,1100,m,fpar,fpar,oblivious,-threshold 20750 -disable_hop_rtt_normalization,0.8,250000,1,880,56.2267,49.0782239772727,49.4496,55.14,56.2267,39.912,54560,615,0,0,20968,615,0,0,1.127199413489736,0.0,1.127199413489736,0.0
permutation,1100,m,reps_uniform_draws,reps_dfp,reps,-dfp_low_uniform,0.8,250000,1,880,59.903,51.30165204545453,51.2934,57.567,59.903,43.5506,54560,10,0,0,25205,10,0,0,0.018328445747800588,0.0,0.018328445747800588,0.0
permutation,1100,m,reps_share,reps_dfp,reps,,0.8,250000,1,880,54.9765,48.31002318181817,48.0229,54.5088,54.9765,42.4354,54560,25,0,0,25572,25,0,0,0.04582111436950147,0.0,0.04582111436950147,0.0
permutation,1100,m,reps_partition,reps_dfp,reps,-reps_partition_entropy -reps_escalate_threshold 0.2 -reps_warmup_explore_rtts 0.5 -reps_explore_prob 70,0.8,250000,1,880,57.6149,49.99388102272731,50.0854,55.7986,57.6149,41.7706,54560,776,0,0,26950,776,0,0,1.4222873900293256,0.0,1.4222873900293256,0.0
permutation,1100,m,fpar,fpar,oblivious,-threshold 20750 -disable_hop_rtt_normalization,0.8,250000,2,880,55.687,49.330096818181886,49.6664,54.6694,55.687,39.2674,54560,655,0,0,21141,655,0,0,1.2005131964809383,0.0,1.2005131964809383,0.0
permutation,1100,m,reps_uniform_draws,reps_dfp,reps,-dfp_low_uniform,0.8,250000,2,880,63.0451,51.37598386363638,51.1206,59.3811,63.0451,43.6037,54560,4,0,0,24956,4,0,0,0.007331378299120235,0.0,0.007331378299120235,0.0
permutation,1100,m,reps_share,reps_dfp,reps,,0.8,250000,2,880,57.8942,48.2046109090909,47.9891,55.4434,57.8942,40.9016,54560,19,0,0,25306,19,0,0,0.03482404692082111,0.0,0.03482404692082111,0.0
permutation,1100,m,reps_partition,reps_dfp,reps,-reps_partition_entropy -reps_escalate_threshold 0.2 -reps_warmup_explore_rtts 0.5 -reps_explore_prob 70,0.8,250000,2,880,57.4083,49.79477693181816,49.9477,54.7331,57.4083,42.5355,54560,639,0,0,27081,639,0,0,1.1711876832844574,0.0,1.1711876832844574,0.0
permutation,1100,m,fpar,fpar,oblivious,-threshold 20750 -disable_hop_rtt_normalization,0.8,250000,3,880,55.6144,49.2933592045454,49.6203,54.299,55.6144,39.7234,54560,593,0,0,20875,593,0,0,1.0868768328445748,0.0,1.0868768328445748,0.0
permutation,1100,m,reps_uniform_draws,reps_dfp,reps,-dfp_low_uniform,0.8,250000,3,880,58.2482,50.79425897727271,50.609,56.7109,58.2482,42.1942,54560,0,0,0,24641,0,0,0,0.0,0.0,0.0,0.0
permutation,1100,m,reps_share,reps_dfp,reps,,0.8,250000,3,880,56.235,48.38431795454544,48.2056,54.965,56.235,42.0584,54560,61,0,0,25554,61,0,0,0.11180351906158358,0.0,0.11180351906158358,0.0
permutation,1100,m,reps_partition,reps_dfp,reps,-reps_partition_entropy -reps_escalate_threshold 0.2 -reps_warmup_explore_rtts 0.5 -reps_explore_prob 70,0.8,250000,3,880,57.2134,49.62648852272726,49.6573,54.5242,57.2134,41.0634,54560,513,0,0,26830,513,0,0,0.9402492668621701,0.0,0.9402492668621701,0.0
permutation,1100,m,fpar,fpar,oblivious,-threshold 20750 -disable_hop_rtt_normalization,0.8,250000,4,880,54.6842,49.00361727272735,49.3458,53.891,54.6842,39.4418,54560,657,0,0,20940,657,0,0,1.2041788856304985,0.0,1.2041788856304985,0.0
permutation,1100,m,reps_uniform_draws,reps_dfp,reps,-dfp_low_uniform,0.8,250000,4,880,62.9565,51.133003181818225,50.8656,58.5096,62.9565,43.955,54560,22,0,0,25062,22,0,0,0.04032258064516129,0.0,0.04032258064516129,0.0
permutation,1100,m,reps_share,reps_dfp,reps,,0.8,250000,4,880,55.4318,48.212811818181784,48.0699,54.8099,55.4318,41.0899,54560,23,0,0,25468,23,0,0,0.042155425219941346,0.0,0.042155425219941346,0.0
permutation,1100,m,reps_partition,reps_dfp,reps,-reps_partition_entropy -reps_escalate_threshold 0.2 -reps_warmup_explore_rtts 0.5 -reps_explore_prob 70,0.8,250000,4,880,56.8712,50.15037875000001,50.1574,55.2493,56.8712,42.0008,54560,661,0,0,27167,661,0,0,1.2115102639296187,0.0,1.2115102639296187,0.0
permutation,1100,m,fpar,fpar,oblivious,-threshold 20750 -disable_hop_rtt_normalization,0.8,250000,5,880,56.3843,49.48783454545453,49.7918,55.3078,56.3843,39.9403,54560,728,0,0,21120,728,0,0,1.3343108504398826,0.0,1.3343108504398826,0.0
permutation,1100,m,reps_uniform_draws,reps_dfp,reps,-dfp_low_uniform,0.8,250000,5,880,61.5189,51.25692511363634,50.9925,60.0219,61.5189,44.4958,54560,3,0,0,24868,3,0,0,0.005498533724340176,0.0,0.005498533724340176,0.0
permutation,1100,m,reps_share,reps_dfp,reps,,0.8,250000,5,880,56.3739,48.01074659090904,47.8974,54.915,56.3739,41.7075,54560,6,0,0,25491,6,0,0,0.010997067448680353,0.0,0.010997067448680353,0.0
permutation,1100,m,reps_partition,reps_dfp,reps,-reps_partition_entropy -reps_escalate_threshold 0.2 -reps_warmup_explore_rtts 0.5 -reps_explore_prob 70,0.8,250000,5,880,57.4515,49.97242227272731,50.1366,55.6469,57.4515,41.409,54560,621,0,0,27359,621,0,0,1.1381964809384164,0.0,1.1381964809384164,0.0
permutation,1100,m,fpar,fpar,oblivious,-threshold 20750 -disable_hop_rtt_normalization,0.8,500000,1,880,92.7707,78.82377011363637,79.2392,85.8493,92.7707,65.3432,108240,4277,0,0,49637,4277,0,0,3.95140428677014,0.0,3.95140428677014,0.0
permutation,1100,m,reps_uniform_draws,reps_dfp,reps,-dfp_low_uniform,0.8,500000,1,880,99.9291,86.25493136363627,86.3405,96.5251,99.9291,73.884,108240,142,0,0,62234,142,0,0,0.131189948263119,0.0,0.131189948263119,0.0
permutation,1100,m,reps_share,reps_dfp,reps,,0.8,500000,1,880,88.567,80.29717159090902,80.4198,87.0547,88.567,71.6989,108240,559,0,0,70649,559,0,0,0.5164449371766445,0.0,0.5164449371766445,0.0
permutation,1100,m,reps_partition,reps_dfp,reps,-reps_partition_entropy -reps_escalate_threshold 0.2 -reps_warmup_explore_rtts 0.5 -reps_explore_prob 70,0.8,500000,1,880,87.98,79.74215886363646,79.9848,86.429,87.98,69.2885,108240,3636,0,0,69463,3636,0,0,3.3592017738359203,0.0,3.3592017738359203,0.0
permutation,1100,m,fpar,fpar,oblivious,-threshold 20750 -disable_hop_rtt_normalization,0.8,500000,2,880,90.7509,78.54167784090913,79.0875,87.1176,90.7509,65.7936,108240,4652,0,0,49921,4652,0,0,4.297856614929786,0.0,4.297856614929786,0.0
permutation,1100,m,reps_uniform_draws,reps_dfp,reps,-dfp_low_uniform,0.8,500000,2,880,101.398,86.47294636363625,86.3274,97.1354,101.398,74.6958,108240,125,0,0,62409,125,0,0,0.1154841093865484,0.0,0.1154841093865484,0.0
permutation,1100,m,reps_share,reps_dfp,reps,,0.8,500000,2,880,90.9144,80.48975886363641,80.4592,88.888,90.9144,71.7947,108240,576,0,0,70654,576,0,0,0.532150776053215,0.0,0.532150776053215,0.0
permutation,1100,m,reps_partition,reps_dfp,reps,-reps_partition_entropy -reps_escalate_threshold 0.2 -reps_warmup_explore_rtts 0.5 -reps_explore_prob 70,0.8,500000,2,880,88.3981,80.12313352272729,80.0776,87.4021,88.3981,71.0131,108240,3442,0,0,69727,3442,0,0,3.1799704360679972,0.0,3.1799704360679972,0.0
permutation,1100,m,fpar,fpar,oblivious,-threshold 20750 -disable_hop_rtt_normalization,0.8,500000,3,880,90.7619,78.4560650000001,79.1542,84.9278,90.7619,65.6261,108240,4306,0,0,49439,4306,0,0,3.9781966001478195,0.0,3.9781966001478195,0.0
permutation,1100,m,reps_uniform_draws,reps_dfp,reps,-dfp_low_uniform,0.8,500000,3,880,98.2742,85.55458636363637,85.4525,94.0117,98.2742,72.5474,108240,87,0,0,61571,87,0,0,0.0803769401330377,0.0,0.0803769401330377,0.0
permutation,1100,m,reps_share,reps_dfp,reps,,0.8,500000,3,880,87.1198,80.59874477272731,80.6611,86.3125,87.1198,72.604,108240,708,0,0,71021,708,0,0,0.6541019955654102,0.0,0.6541019955654102,0.0
permutation,1100,m,reps_partition,reps_dfp,reps,-reps_partition_entropy -reps_escalate_threshold 0.2 -reps_warmup_explore_rtts 0.5 -reps_explore_prob 70,0.8,500000,3,880,89.6478,80.10099431818182,80.1123,87.1981,89.6478,68.7819,108240,3050,0,0,69716,3050,0,0,2.8178122690317813,0.0,2.8178122690317813,0.0
permutation,1100,m,fpar,fpar,oblivious,-threshold 20750 -disable_hop_rtt_normalization,0.8,500000,4,880,93.4282,78.52694693181809,79.131,86.1869,93.4282,66.5709,108240,4280,0,0,49766,4280,0,0,3.9541759053954175,0.0,3.9541759053954175,0.0
permutation,1100,m,reps_uniform_draws,reps_dfp,reps,-dfp_low_uniform,0.8,500000,4,880,97.1248,85.92480204545448,86.1306,94.8694,97.1248,74.4592,108240,138,0,0,62586,138,0,0,0.12749445676274945,0.0,0.12749445676274945,0.0
permutation,1100,m,reps_share,reps_dfp,reps,,0.8,500000,4,880,89.5045,80.38774181818178,80.5354,87.579,89.5045,70.9074,108240,664,0,0,70753,664,0,0,0.6134515890613451,0.0,0.6134515890613451,0.0
permutation,1100,m,reps_partition,reps_dfp,reps,-reps_partition_entropy -reps_escalate_threshold 0.2 -reps_warmup_explore_rtts 0.5 -reps_explore_prob 70,0.8,500000,4,880,89.1421,80.72819670454545,80.7621,88.4821,89.1421,72.1318,108240,3616,0,0,69681,3616,0,0,3.3407243163340725,0.0,3.3407243163340725,0.0
permutation,1100,m,fpar,fpar,oblivious,-threshold 20750 -disable_hop_rtt_normalization,0.8,500000,5,880,92.0365,78.82701374999996,79.3459,85.7998,92.0365,65.5958,108240,4664,0,0,49935,4664,0,0,4.308943089430894,0.0,4.308943089430894,0.0
permutation,1100,m,reps_uniform_draws,reps_dfp,reps,-dfp_low_uniform,0.8,500000,5,880,101.357,86.1869962500001,85.9264,99.3555,101.357,71.3528,108240,163,0,0,61686,163,0,0,0.15059127864005914,0.0,0.15059127864005914,0.0
permutation,1100,m,reps_share,reps_dfp,reps,,0.8,500000,5,880,90.2891,80.77486034090903,80.7416,88.8354,90.2891,71.6387,108240,561,0,0,70972,561,0,0,0.5182926829268293,0.0,0.5182926829268293,0.0
permutation,1100,m,reps_partition,reps_dfp,reps,-reps_partition_entropy -reps_escalate_threshold 0.2 -reps_warmup_explore_rtts 0.5 -reps_explore_prob 70,0.8,500000,5,880,88.5074,80.6908129545455,80.681,87.7238,88.5074,70.5754,108240,3416,0,0,70106,3416,0,0,3.155949741315595,0.0,3.155949741315595,0.0
permutation,1100,m,fpar,fpar,oblivious,-threshold 20750 -disable_hop_rtt_normalization,0.8,2000000,1,880,437.295,252.9230420454545,236.619,390.006,437.295,203.586,431200,10927,0,0,195616,10927,0,0,2.534090909090909,0.0,2.534090909090909,0.0
permutation,1100,m,reps_uniform_draws,reps_dfp,reps,-dfp_low_uniform,0.8,2000000,1,880,434.929,274.7450374999999,266.095,392.865,434.929,231.856,431200,381,0,0,268709,381,0,0,0.08835807050092764,0.0,0.08835807050092764,0.0
permutation,1100,m,reps_share,reps_dfp,reps,,0.8,2000000,1,880,377.23,258.07802613636346,249.719,335.238,377.23,221.983,431200,1550,0,0,295233,1550,0,0,0.35946196660482377,0.0,0.35946196660482377,0.0
permutation,1100,m,reps_partition,reps_dfp,reps,-reps_partition_entropy -reps_escalate_threshold 0.2 -reps_warmup_explore_rtts 0.5 -reps_explore_prob 70,0.8,2000000,1,880,368.526,269.1152522727273,262.792,350.427,368.526,216.958,431200,4749,0,0,282569,4749,0,0,1.1013450834879406,0.0,1.1013450834879406,0.0
permutation,1100,m,fpar,fpar,oblivious,-threshold 20750 -disable_hop_rtt_normalization,0.8,2000000,2,880,404.222,254.33736477272743,238.209,383.194,404.222,199.413,431200,11416,0,0,196560,11416,0,0,2.647495361781076,0.0,2.647495361781076,0.0
permutation,1100,m,reps_uniform_draws,reps_dfp,reps,-dfp_low_uniform,0.8,2000000,2,880,426.992,274.28557272727284,266.622,375.413,426.992,236.9,431200,272,0,0,270987,272,0,0,0.06307977736549165,0.0,0.06307977736549165,0.0
permutation,1100,m,reps_share,reps_dfp,reps,,0.8,2000000,2,880,355.111,257.50541363636364,249.584,330.61,355.111,220.274,431200,1543,0,0,298630,1543,0,0,0.35783858998144713,0.0,0.35783858998144713,0.0
permutation,1100,m,reps_partition,reps_dfp,reps,-reps_partition_entropy -reps_escalate_threshold 0.2 -reps_warmup_explore_rtts 0.5 -reps_explore_prob 70,0.8,2000000,2,880,387.808,268.8719806818182,264.151,352.92,387.808,216.572,431200,4485,0,0,282141,4485,0,0,1.0401205936920224,0.0,1.0401205936920224,0.0
permutation,1100,m,fpar,fpar,oblivious,-threshold 20750 -disable_hop_rtt_normalization,0.8,2000000,3,880,384.844,252.19022840909062,236.559,355.418,384.844,207.383,431200,11115,0,0,196685,11115,0,0,2.577690166975881,0.0,2.577690166975881,0.0
permutation,1100,m,reps_uniform_draws,reps_dfp,reps,-dfp_low_uniform,0.8,2000000,3,880,395.61,272.9642886363635,267.28,352.409,395.61,240.204,431200,205,0,0,274339,205,0,0,0.0475417439703154,0.0,0.0475417439703154,0.0
permutation,1100,m,reps_share,reps_dfp,reps,,0.8,2000000,3,880,369.836,257.8682602272725,250.517,330.397,369.836,221.152,431200,1784,0,0,296068,1784,0,0,0.4137291280148423,0.0,0.4137291280148423,0.0
permutation,1100,m,reps_partition,reps_dfp,reps,-reps_partition_entropy -reps_escalate_threshold 0.2 -reps_warmup_explore_rtts 0.5 -reps_explore_prob 70,0.8,2000000,3,880,374.778,268.6689818181818,263.102,342.805,374.778,223.248,431200,4216,0,0,281078,4216,0,0,0.9777365491651205,0.0,0.9777365491651205,0.0
permutation,1100,m,fpar,fpar,oblivious,-threshold 20750 -disable_hop_rtt_normalization,0.8,2000000,4,880,376.431,254.02223977272715,237.66,367.84,376.431,205.206,431200,10838,0,0,197120,10838,0,0,2.5134508348794062,0.0,2.5134508348794062,0.0
permutation,1100,m,reps_uniform_draws,reps_dfp,reps,-dfp_low_uniform,0.8,2000000,4,880,406.234,273.9468681818182,267.626,359.908,406.234,232.85,431200,322,0,0,271744,322,0,0,0.07467532467532467,0.0,0.07467532467532467,0.0
permutation,1100,m,reps_share,reps_dfp,reps,,0.8,2000000,4,880,369.297,257.9374749999998,250.055,338.52,369.297,224.466,431200,1689,0,0,295733,1689,0,0,0.39169758812615957,0.0,0.39169758812615957,0.0
permutation,1100,m,reps_partition,reps_dfp,reps,-reps_partition_entropy -reps_escalate_threshold 0.2 -reps_warmup_explore_rtts 0.5 -reps_explore_prob 70,0.8,2000000,4,880,399.831,270.6553909090911,265.527,359.355,399.831,219.644,431200,4951,0,0,280541,4951,0,0,1.148191094619666,0.0,1.148191094619666,0.0
permutation,1100,m,fpar,fpar,oblivious,-threshold 20750 -disable_hop_rtt_normalization,0.8,2000000,5,880,457.582,253.71654659090888,234.909,389.017,457.582,202.24,431200,11382,0,0,196281,11382,0,0,2.6396103896103895,0.0,2.6396103896103895,0.0
permutation,1100,m,reps_uniform_draws,reps_dfp,reps,-dfp_low_uniform,0.8,2000000,5,880,432.952,274.2819545454544,266.108,393.241,432.952,234.936,431200,392,0,0,267854,392,0,0,0.09090909090909091,0.0,0.09090909090909091,0.0
permutation,1100,m,reps_share,reps_dfp,reps,,0.8,2000000,5,880,358.859,257.3590806818181,249.549,330.494,358.859,221.201,431200,1281,0,0,302437,1281,0,0,0.29707792207792205,0.0,0.29707792207792205,0.0
permutation,1100,m,reps_partition,reps_dfp,reps,-reps_partition_entropy -reps_escalate_threshold 0.2 -reps_warmup_explore_rtts 0.5 -reps_explore_prob 70,0.8,2000000,5,880,375.046,270.89067727272726,264.926,361.96,375.046,220.721,431200,4661,0,0,279749,4661,0,0,1.0809369202226344,0.0,1.0809369202226344,0.0
permutation,1100,m,fpar,fpar,oblivious,-threshold 20750 -disable_hop_rtt_normalization,0.8,5000000,1,880,1003.7,592.3743284090913,545.491,876.789,1003.7,477.18,1077120,13878,0,0,449002,13878,0,0,1.2884358288770053,0.0,1.2884358288770053,0.0
permutation,1100,m,reps_uniform_draws,reps_dfp,reps,-dfp_low_uniform,0.8,5000000,1,880,1007.49,650.0391386363638,632.353,844.908,1007.49,548.748,1077120,450,0,0,633491,450,0,0,0.04177807486631016,0.0,0.04177807486631016,0.0
permutation,1100,m,reps_share,reps_dfp,reps,,0.8,5000000,1,880,840.207,609.0291318181819,594.735,757.593,840.207,527.601,1077120,1769,0,0,703359,1769,0,0,0.1642342543077837,0.0,0.1642342543077837,0.0
permutation,1100,m,reps_partition,reps_dfp,reps,-reps_partition_entropy -reps_escalate_threshold 0.2 -reps_warmup_explore_rtts 0.5 -reps_explore_prob 70,0.8,5000000,1,880,853.704,638.8505340909095,634.331,782.029,853.704,505.676,1077120,5015,0,0,672387,5015,0,0,0.46559343434343436,0.0,0.46559343434343436,0.0
permutation,1100,m,fpar,fpar,oblivious,-threshold 20750 -disable_hop_rtt_normalization,0.8,5000000,2,880,932.582,593.5742477272735,545.228,881.574,932.582,461.842,1077120,14586,0,0,451687,14586,0,0,1.3541666666666667,0.0,1.3541666666666667,0.0
permutation,1100,m,reps_uniform_draws,reps_dfp,reps,-dfp_low_uniform,0.8,5000000,2,880,915.986,650.2640590909083,632.794,832.019,915.986,559.468,1077120,299,0,0,641550,299,0,0,0.02775920974450386,0.0,0.02775920974450386,0.0
permutation,1100,m,reps_share,reps_dfp,reps,,0.8,5000000,2,880,809.803,608.4551568181826,597.966,747.152,809.803,524.42,1077120,1718,0,0,709081,1718,0,0,0.15949940582293523,0.0,0.15949940582293523,0.0
permutation,1100,m,reps_partition,reps_dfp,reps,-reps_partition_entropy -reps_escalate_threshold 0.2 -reps_warmup_explore_rtts 0.5 -reps_explore_prob 70,0.8,5000000,2,880,902.13,638.2529374999998,635.284,808.524,902.13,514.69,1077120,4840,0,0,672789,4840,0,0,0.4493464052287582,0.0,0.4493464052287582,0.0
permutation,1100,m,fpar,fpar,oblivious,-threshold 20750 -disable_hop_rtt_normalization,0.8,5000000,3,880,912.451,593.9036931818183,557.972,858.076,912.451,476.652,1077120,14208,0,0,458020,14208,0,0,1.3190730837789661,0.0,1.3190730837789661,0.0
permutation,1100,m,reps_uniform_draws,reps_dfp,reps,-dfp_low_uniform,0.8,5000000,3,880,957.269,648.6267602272725,634.924,809.933,957.269,566.558,1077120,236,0,0,652701,236,0,0,0.02191027926322044,0.0,0.02191027926322044,0.0
permutation,1100,m,reps_share,reps_dfp,reps,,0.8,5000000,3,880,813.129,609.6037500000001,598.801,748.71,813.129,529.674,1077120,2089,0,0,702688,2089,0,0,0.1939431075460487,0.0,0.1939431075460487,0.0
permutation,1100,m,reps_partition,reps_dfp,reps,-reps_partition_entropy -reps_escalate_threshold 0.2 -reps_warmup_explore_rtts 0.5 -reps_explore_prob 70,0.8,5000000,3,880,933.298,639.3172715909093,636.639,778.433,933.298,524.588,1077120,4582,0,0,668540,4582,0,0,0.425393642305407,0.0,0.425393642305407,0.0
permutation,1100,m,fpar,fpar,oblivious,-threshold 20750 -disable_hop_rtt_normalization,0.8,5000000,4,880,953.388,592.8213931818178,555.708,884.049,953.388,482.666,1077120,13996,0,0,452316,13996,0,0,1.2993909685086156,0.0,1.2993909685086156,0.0
permutation,1100,m,reps_uniform_draws,reps_dfp,reps,-dfp_low_uniform,0.8,5000000,4,880,889.357,650.0011977272727,634.857,809.543,889.357,557.355,1077120,349,0,0,642346,349,0,0,0.03240121806298277,0.0,0.03240121806298277,0.0
permutation,1100,m,reps_share,reps_dfp,reps,,0.8,5000000,4,880,812.986,609.2370011363631,598.119,756.848,812.986,528.616,1077120,1809,0,0,702298,1809,0,0,0.16794786096256684,0.0,0.16794786096256684,0.0
permutation,1100,m,reps_partition,reps_dfp,reps,-reps_partition_entropy -reps_escalate_threshold 0.2 -reps_warmup_explore_rtts 0.5 -reps_explore_prob 70,0.8,5000000,4,880,938.837,642.657406818182,638.848,828.364,938.837,512.155,1077120,5510,0,0,670387,5510,0,0,0.5115493166963755,0.0,0.5115493166963755,0.0
permutation,1100,m,fpar,fpar,oblivious,-threshold 20750 -disable_hop_rtt_normalization,0.8,5000000,5,880,973.187,592.9570954545453,543.256,907.904,973.187,477.211,1077120,14131,0,0,455167,14131,0,0,1.3119243909685085,0.0,1.3119243909685085,0.0
permutation,1100,m,reps_uniform_draws,reps_dfp,reps,-dfp_low_uniform,0.8,5000000,5,880,931.913,648.9260875000003,630.409,844.924,931.913,563.812,1077120,448,0,0,634445,448,0,0,0.041592394533571005,0.0,0.041592394533571005,0.0
permutation,1100,m,reps_share,reps_dfp,reps,,0.8,5000000,5,880,851.524,608.5492556818178,593.927,756.76,851.524,527.974,1077120,1541,0,0,717006,1541,0,0,0.14306669637551991,0.0,0.14306669637551991,0.0
permutation,1100,m,reps_partition,reps_dfp,reps,-reps_partition_entropy -reps_escalate_threshold 0.2 -reps_warmup_explore_rtts 0.5 -reps_explore_prob 70,0.8,5000000,5,880,886.637,641.9216920454546,636.827,811.443,886.637,509.054,1077120,5175,0,0,660676,5175,0,0,0.48044786096256686,0.0,0.48044786096256686,0.0
permutation,1100,m,fpar,fpar,oblivious,-threshold 20750 -disable_hop_rtt_normalization,0.8,10000000,1,880,1808.22,1151.1320056818183,1067.64,1674.17,1808.22,922.006,2154240,19441,0,0,874264,19441,0,0,0.9024528371954843,0.0,0.9024528371954843,0.0
permutation,1100,m,reps_uniform_draws,reps_dfp,reps,-dfp_low_uniform,0.8,10000000,1,880,1853.81,1278.7087840909096,1252.28,1597.32,1853.81,1069.63,2154240,504,0,0,1241592,504,0,0,0.02339572192513369,0.0,0.02339572192513369,0.0
permutation,1100,m,reps_share,reps_dfp,reps,,0.8,10000000,1,880,1590.38,1200.5850000000003,1189.02,1428.97,1590.38,1026.5,2154240,2028,0,0,1410622,2028,0,0,0.09413992869875223,0.0,0.09413992869875223,0.0
permutation,1100,m,reps_partition,reps_dfp,reps,-reps_partition_entropy -reps_escalate_threshold 0.2 -reps_warmup_explore_rtts 0.5 -reps_explore_prob 70,0.8,10000000,1,880,1627.35,1261.0103840909078,1259.15,1527.65,1627.35,994.674,2154240,5841,0,0,1344214,5841,0,0,0.2711397058823529,0.0,0.2711397058823529,0.0
permutation,1100,m,fpar,fpar,oblivious,-threshold 20750 -disable_hop_rtt_normalization,0.8,10000000,2,880,1755.07,1152.7783340909095,1066.79,1672.2,1755.07,913.367,2154240,19257,0,0,880657,19257,0,0,0.8939115418894831,0.0,0.8939115418894831,0.0
permutation,1100,m,reps_uniform_draws,reps_dfp,reps,-dfp_low_uniform,0.8,10000000,2,880,1670.48,1280.5355681818182,1257.16,1578.44,1670.48,1090.12,2154240,345,0,0,1253688,345,0,0,0.016014928698752227,0.0,0.016014928698752227,0.0
permutation,1100,m,reps_share,reps_dfp,reps,,0.8,10000000,2,880,1509.33,1199.9164545454544,1191.67,1454.85,1509.33,1023.82,2154240,2193,0,0,1414305,2193,0,0,0.10179924242424243,0.0,0.10179924242424243,0.0
permutation,1100,m,reps_partition,reps_dfp,reps,-reps_partition_entropy -reps_escalate_threshold 0.2 -reps_warmup_explore_rtts 0.5 -reps_explore_prob 70,0.8,10000000,2,880,1654.34,1261.3112613636376,1261.48,1550.22,1654.34,1013.56,2154240,5725,0,0,1343942,5725,0,0,0.2657549762329174,0.0,0.2657549762329174,0.0
permutation,1100,m,fpar,fpar,oblivious,-threshold 20750 -disable_hop_rtt_normalization,0.8,10000000,3,880,1705.57,1154.9254852272732,1095.3,1596.8,1705.57,921.172,2154240,19535,0,0,892307,19535,0,0,0.9068163250148544,0.0,0.9068163250148544,0.0
permutation,1100,m,reps_uniform_draws,reps_dfp,reps,-dfp_low_uniform,0.8,10000000,3,880,1715.67,1277.8789772727287,1259.7,1591.67,1715.67,1098.32,2154240,252,0,0,1270789,252,0,0,0.011697860962566845,0.0,0.011697860962566845,0.0
permutation,1100,m,reps_share,reps_dfp,reps,,0.8,10000000,3,880,1503.07,1201.809227272726,1190.24,1447.72,1503.07,1044.06,2154240,2528,0,0,1399984,2528,0,0,0.11734997029114676,0.0,0.11734997029114676,0.0
permutation,1100,m,reps_partition,reps_dfp,reps,-reps_partition_entropy -reps_escalate_threshold 0.2 -reps_warmup_explore_rtts 0.5 -reps_explore_prob 70,0.8,10000000,3,880,1672.39,1263.5773636363645,1260.0,1523.49,1672.39,1021.01,2154240,5572,0,0,1333134,5572,0,0,0.2586527035056447,0.0,0.2586527035056447,0.0
permutation,1100,m,fpar,fpar,oblivious,-threshold 20750 -disable_hop_rtt_normalization,0.8,10000000,4,880,1787.26,1154.022340909091,1089.41,1705.56,1787.26,945.898,2154240,19195,0,0,880220,19195,0,0,0.8910334967320261,0.0,0.8910334967320261,0.0
permutation,1100,m,reps_uniform_draws,reps_dfp,reps,-dfp_low_uniform,0.8,10000000,4,880,1646.78,1280.0074772727273,1265.69,1539.64,1646.78,1085.79,2154240,376,0,0,1256728,376,0,0,0.01745395127748069,0.0,0.01745395127748069,0.0
permutation,1100,m,reps_share,reps_dfp,reps,,0.8,10000000,4,880,1547.61,1201.001715909091,1187.5,1470.44,1547.61,1028.51,2154240,2111,0,0,1414615,2111,0,0,0.09799279560308972,0.0,0.09799279560308972,0.0
permutation,1100,m,reps_partition,reps_dfp,reps,-reps_partition_entropy -reps_escalate_threshold 0.2 -reps_warmup_explore_rtts 0.5 -reps_explore_prob 70,0.8,10000000,4,880,1766.99,1269.7581193181813,1275.68,1584.18,1766.99,992.465,2154240,6678,0,0,1332626,6678,0,0,0.3099933155080214,0.0,0.3099933155080214,0.0
permutation,1100,m,fpar,fpar,oblivious,-threshold 20750 -disable_hop_rtt_normalization,0.8,10000000,5,880,1844.79,1153.028044318181,1077.13,1719.63,1844.79,922.99,2154240,19102,0,0,885744,19102,0,0,0.8867164289958408,0.0,0.8867164289958408,0.0
permutation,1100,m,reps_uniform_draws,reps_dfp,reps,-dfp_low_uniform,0.8,10000000,5,880,1745.15,1278.0106477272718,1252.05,1596.09,1745.15,1104.07,2154240,524,0,0,1242613,524,0,0,0.02432412358882947,0.0,0.02432412358882947,0.0
permutation,1100,m,reps_share,reps_dfp,reps,,0.8,10000000,5,880,1573.81,1199.7501363636366,1188.52,1443.29,1573.81,1027.8,2154240,1961,0,0,1427252,1961,0,0,0.09102978312537136,0.0,0.09102978312537136,0.0
permutation,1100,m,reps_partition,reps_dfp,reps,-reps_partition_entropy -reps_escalate_threshold 0.2 -reps_warmup_explore_rtts 0.5 -reps_explore_prob 70,0.8,10000000,5,880,1724.11,1268.952219318181,1263.37,1570.5,1724.11,994.511,2154240,6138,0,0,1329946,6138,0,0,0.2849264705882353,0.0,0.2849264705882353,0.0
permutation,1100,m,fpar,fpar,oblivious,-threshold 20750 -disable_hop_rtt_normalization,0.9,100000,1,990,30.9862,26.932311414141314,26.7976,30.1282,30.9862,24.4667,24750,0,0,0,7775,0,0,0,0.0,0.0,0.0,0.0
permutation,1100,m,reps_uniform_draws,reps_dfp,reps,-dfp_low_uniform,0.9,100000,1,990,35.5896,30.13620545454545,29.9627,33.7576,35.5896,26.4638,24750,0,0,0,8153,0,0,0,0.0,0.0,0.0,0.0
permutation,1100,m,reps_share,reps_dfp,reps,,0.9,100000,1,990,32.9336,28.491193535353563,28.4456,31.7816,32.9336,24.7918,24750,0,0,0,8492,0,0,0,0.0,0.0,0.0,0.0
permutation,1100,m,reps_partition,reps_dfp,reps,-reps_partition_entropy -reps_escalate_threshold 0.2 -reps_warmup_explore_rtts 0.5 -reps_explore_prob 70,0.9,100000,1,990,35.7656,29.03536494949493,28.9376,34.0936,35.7656,24.7976,24750,0,0,0,8719,0,0,0,0.0,0.0,0.0,0.0
permutation,1100,m,fpar,fpar,oblivious,-threshold 20750 -disable_hop_rtt_normalization,0.9,100000,2,990,31.005,26.91830080808078,26.801,29.9134,31.005,24.8038,24750,0,0,0,7777,0,0,0,0.0,0.0,0.0,0.0
permutation,1100,m,reps_uniform_draws,reps_dfp,reps,-dfp_low_uniform,0.9,100000,2,990,36.4016,30.30535868686869,30.1056,34.4216,36.4016,26.7736,24750,0,0,0,8230,0,0,0,0.0,0.0,0.0,0.0
permutation,1100,m,reps_share,reps_dfp,reps,,0.9,100000,2,990,35.0976,28.513374141414157,28.3214,32.4347,35.0976,24.8243,24750,0,0,0,8463,0,0,0,0.0,0.0,0.0,0.0
permutation,1100,m,reps_partition,reps_dfp,reps,-reps_partition_entropy -reps_escalate_threshold 0.2 -reps_warmup_explore_rtts 0.5 -reps_explore_prob 70,0.9,100000,2,990,34.0776,28.81260676767678,28.7147,33.0696,34.0776,24.9182,24750,0,0,0,8686,0,0,0,0.0,0.0,0.0,0.0
permutation,1100,m,fpar,fpar,oblivious,-threshold 20750 -disable_hop_rtt_normalization,0.9,100000,3,990,31.0627,26.87057737373732,26.7907,29.6715,31.0627,24.6438,24750,0,0,0,7771,0,0,0,0.0,0.0,0.0,0.0
permutation,1100,m,reps_uniform_draws,reps_dfp,reps,-dfp_low_uniform,0.9,100000,3,990,35.0616,30.095566161616105,29.9576,33.9176,35.0616,26.6341,24750,0,0,0,8184,0,0,0,0.0,0.0,0.0,0.0
permutation,1100,m,reps_share,reps_dfp,reps,,0.9,100000,3,990,33.6096,28.46494545454545,28.3083,32.2616,33.6096,24.5128,24750,0,0,0,8487,0,0,0,0.0,0.0,0.0,0.0
permutation,1100,m,reps_partition,reps_dfp,reps,-reps_partition_entropy -reps_escalate_threshold 0.2 -reps_warmup_explore_rtts 0.5 -reps_explore_prob 70,0.9,100000,3,990,35.4336,28.81867696969693,28.7696,33.0936,35.4336,24.4547,24750,0,0,0,8643,0,0,0,0.0,0.0,0.0,0.0
permutation,1100,m,fpar,fpar,oblivious,-threshold 20750 -disable_hop_rtt_normalization,0.9,100000,4,990,31.5683,26.899468484848473,26.7958,29.6715,31.5683,24.4821,24750,0,0,0,7792,0,0,0,0.0,0.0,0.0,0.0
permutation,1100,m,reps_uniform_draws,reps_dfp,reps,-dfp_low_uniform,0.9,100000,4,990,35.5896,30.127037878787906,29.9456,34.5696,35.5896,26.7856,24750,0,0,0,8198,0,0,0,0.0,0.0,0.0,0.0
permutation,1100,m,reps_share,reps_dfp,reps,,0.9,100000,4,990,36.2416,28.46171282828286,28.2736,33.6002,36.2416,23.9445,24750,0,0,0,8436,0,0,0,0.0,0.0,0.0,0.0
permutation,1100,m,reps_partition,reps_dfp,reps,-reps_partition_entropy -reps_escalate_threshold 0.2 -reps_warmup_explore_rtts 0.5 -reps_explore_prob 70,0.9,100000,4,990,36.9056,29.182379797979813,28.9536,35.0616,36.9056,24.9251,24750,0,0,0,8731,0,0,0,0.0,0.0,0.0,0.0
permutation,1100,m,fpar,fpar,oblivious,-threshold 20750 -disable_hop_rtt_normalization,0.9,100000,5,990,31.3776,26.922943232323203,26.8112,29.6869,31.3776,24.4718,24750,0,0,0,7800,0,0,0,0.0,0.0,0.0,0.0
permutation,1100,m,reps_uniform_draws,reps_dfp,reps,-dfp_low_uniform,0.9,100000,5,990,34.4541,29.975715353535346,29.9336,33.1056,34.4541,26.7736,24750,0,0,0,8155,0,0,0,0.0,0.0,0.0,0.0
permutation,1100,m,reps_share,reps_dfp,reps,,0.9,100000,5,990,34.1056,28.59845737373738,28.4456,32.8845,34.1056,24.6614,24750,0,0,0,8468,0,0,0,0.0,0.0,0.0,0.0
permutation,1100,m,reps_partition,reps_dfp,reps,-reps_partition_entropy -reps_escalate_threshold 0.2 -reps_warmup_explore_rtts 0.5 -reps_explore_prob 70,0.9,100000,5,990,34.5056,28.88978222222221,28.7776,33.4994,34.5056,24.6717,24750,0,0,0,8726,0,0,0,0.0,0.0,0.0,0.0
permutation,1100,m,fpar,fpar,oblivious,-threshold 20750 -disable_hop_rtt_normalization,0.9,250000,1,990,59.9746,52.94844898989892,53.1941,58.6414,59.9746,42.9614,61380,1904,0,0,27921,1904,0,0,3.1019876181166506,0.0,3.1019876181166506,0.0
permutation,1100,m,reps_uniform_draws,reps_dfp,reps,-dfp_low_uniform,0.9,250000,1,990,60.9645,53.92456747474749,53.8501,59.6805,60.9645,47.78,61380,3,0,0,33253,3,0,0,0.004887585532746823,0.0,0.004887585532746823,0.0
permutation,1100,m,reps_share,reps_dfp,reps,,0.9,250000,1,990,57.3288,51.19357010101008,51.1976,56.3739,57.3288,43.909,61380,128,0,0,34657,128,0,0,0.20853698273053112,0.0,0.20853698273053112,0.0
permutation,1100,m,reps_partition,reps_dfp,reps,-reps_partition_entropy -reps_escalate_threshold 0.2 -reps_warmup_explore_rtts 0.5 -reps_explore_prob 70,0.9,250000,1,990,60.1106,52.939901818181845,52.996,58.7069,60.1106,45.0658,61380,1685,0,0,35110,1685,0,0,2.7451938742261324,0.0,2.7451938742261324,0.0
permutation,1100,m,fpar,fpar,oblivious,-threshold 20750 -disable_hop_rtt_normalization,0.9,250000,2,990,60.711,52.90604353535347,53.2443,58.1813,60.711,41.8523,61380,1961,0,0,28019,1961,0,0,3.19485174323884,0.0,3.19485174323884,0.0
permutation,1100,m,reps_uniform_draws,reps_dfp,reps,-dfp_low_uniform,0.9,250000,2,990,64.883,54.666750808080835,54.3882,63.2282,64.883,47.873,61380,20,0,0,33359,20,0,0,0.03258390355164549,0.0,0.03258390355164549,0.0
permutation,1100,m,reps_share,reps_dfp,reps,,0.9,250000,2,990,58.563,51.54359434343442,51.4144,57.2658,58.563,45.4181,61380,103,0,0,34806,103,0,0,0.16780710329097426,0.0,0.16780710329097426,0.0
permutation,1100,m,reps_partition,reps_dfp,reps,-reps_partition_entropy -reps_escalate_threshold 0.2 -reps_warmup_explore_rtts 0.5 -reps_explore_prob 70,0.9,250000,2,990,61.6139,52.899478484848515,53.0043,57.8074,61.6139,45.2733,61380,1580,0,0,34887,1580,0,0,2.5741283805799933,0.0,2.5741283805799933,0.0
permutation,1100,m,fpar,fpar,oblivious,-threshold 20750 -disable_hop_rtt_normalization,0.9,250000,3,990,58.081,52.83302282828276,53.1064,57.4067,58.081,41.4346,61380,1494,0,0,27880,1494,0,0,2.434017595307918,0.0,2.434017595307918,0.0
permutation,1100,m,reps_uniform_draws,reps_dfp,reps,-dfp_low_uniform,0.9,250000,3,990,63.3818,54.29932727272723,54.1392,61.0458,63.3818,47.292,61380,8,0,0,33134,8,0,0,0.013033561420658195,0.0,0.013033561420658195,0.0
permutation,1100,m,reps_share,reps_dfp,reps,,0.9,250000,3,990,58.8603,51.54144181818186,51.5256,57.0419,58.8603,43.0646,61380,114,0,0,35099,114,0,0,0.18572825024437928,0.0,0.18572825024437928,0.0
permutation,1100,m,reps_partition,reps_dfp,reps,-reps_partition_entropy -reps_escalate_threshold 0.2 -reps_warmup_explore_rtts 0.5 -reps_explore_prob 70,0.9,250000,3,990,61.4568,52.55529888888893,52.6387,58.1386,61.4568,45.1392,61380,1571,0,0,35089,1571,0,0,2.559465623981753,0.0,2.559465623981753,0.0
permutation,1100,m,fpar,fpar,oblivious,-threshold 20750 -disable_hop_rtt_normalization,0.9,250000,4,990,58.6282,52.732425050504986,53.0853,57.3683,58.6282,41.7102,61380,1908,0,0,28143,1908,0,0,3.1085043988269794,0.0,3.1085043988269794,0.0
permutation,1100,m,reps_uniform_draws,reps_dfp,reps,-dfp_low_uniform,0.9,250000,4,990,63.485,54.3407095959596,54.1762,61.0834,63.485,46.9533,61380,25,0,0,33224,25,0,0,0.04072987943955686,0.0,0.04072987943955686,0.0
permutation,1100,m,reps_share,reps_dfp,reps,,0.9,250000,4,990,58.8096,51.052290303030205,50.9464,56.6445,58.8096,44.2216,61380,85,0,0,34539,85,0,0,0.13848159009449332,0.0,0.13848159009449332,0.0
permutation,1100,m,reps_partition,reps_dfp,reps,-reps_partition_entropy -reps_escalate_threshold 0.2 -reps_warmup_explore_rtts 0.5 -reps_explore_prob 70,0.9,250000,4,990,60.0266,53.007553131313124,53.0966,58.6554,60.0266,45.8565,61380,1862,0,0,35201,1862,0,0,3.0335614206581947,0.0,3.0335614206581947,0.0
permutation,1100,m,fpar,fpar,oblivious,-threshold 20750 -disable_hop_rtt_normalization,0.9,250000,5,990,60.1498,52.82971282828289,53.0165,58.5453,60.1498,42.3832,61380,1910,0,0,28137,1910,0,0,3.111762789182144,0.0,3.111762789182144,0.0
permutation,1100,m,reps_uniform_draws,reps_dfp,reps,-dfp_low_uniform,0.9,250000,5,990,62.9749,54.34514777777779,54.247,60.887,62.9749,47.2853,61380,13,0,0,32943,13,0,0,0.021179537308569567,0.0,0.021179537308569567,0.0
permutation,1100,m,reps_share,reps_dfp,reps,,0.9,250000,5,990,58.907,51.96520979797979,51.9333,57.8438,58.907,43.295,61380,99,0,0,34744,99,0,0,0.16129032258064516,0.0,0.16129032258064516,0.0
permutation,1100,m,reps_partition,reps_dfp,reps,-reps_partition_entropy -reps_escalate_threshold 0.2 -reps_warmup_explore_rtts 0.5 -reps_explore_prob 70,0.9,250000,5,990,59.3045,52.83122818181822,52.971,57.903,59.3045,43.135,61380,1447,0,0,35303,1447,0,0,2.357445421961551,0.0,2.357445421961551,0.0
permutation,1100,m,fpar,fpar,oblivious,-threshold 20750 -disable_hop_rtt_normalization,0.9,500000,1,990,101.482,84.86420090909085,85.0795,93.2597,101.482,71.8435,121770,9103,0,0,65197,9103,0,0,7.475568695080891,0.0,7.475568695080891,0.0
permutation,1100,m,reps_uniform_draws,reps_dfp,reps,-dfp_low_uniform,0.9,500000,1,990,106.296,92.58227979797975,92.6395,102.036,106.296,81.331,121770,251,0,0,84328,251,0,0,0.2061263036872793,0.0,0.2061263036872793,0.0
permutation,1100,m,reps_share,reps_dfp,reps,,0.9,500000,1,990,96.365,86.7700586868688,86.8354,93.377,96.365,78.6982,121770,1697,0,0,94080,1697,0,0,1.3936109058060278,0.0,1.3936109058060278,0.0
permutation,1100,m,reps_partition,reps_dfp,reps,-reps_partition_entropy -reps_escalate_threshold 0.2 -reps_warmup_explore_rtts 0.5 -reps_explore_prob 70,0.9,500000,1,990,99.0571,86.9516696969698,86.7782,96.4816,99.0571,77.0862,121770,5722,0,0,89558,5722,0,0,4.699022747803236,0.0,4.699022747803236,0.0
permutation,1100,m,fpar,fpar,oblivious,-threshold 20750 -disable_hop_rtt_normalization,0.9,500000,2,990,103.893,85.0889198989899,85.3987,93.6856,103.893,71.6056,121770,9208,0,0,65255,9208,0,0,7.561796830089513,0.0,7.561796830089513,0.0
permutation,1100,m,reps_uniform_draws,reps_dfp,reps,-dfp_low_uniform,0.9,500000,2,990,108.106,93.0440276767676,93.0717,102.794,108.106,81.1517,121770,317,0,0,83996,317,0,0,0.26032684569269937,0.0,0.26032684569269937,0.0
permutation,1100,m,reps_share,reps_dfp,reps,,0.9,500000,2,990,96.739,86.88424090909106,86.8205,94.6867,96.739,78.1506,121770,1562,0,0,93584,1562,0,0,1.2827461607949413,0.0,1.2827461607949413,0.0
permutation,1100,m,reps_partition,reps_dfp,reps,-reps_partition_entropy -reps_escalate_threshold 0.2 -reps_warmup_explore_rtts 0.5 -reps_explore_prob 70,0.9,500000,2,990,97.3474,87.13588252525254,87.1987,94.7718,97.3474,77.0189,121770,5604,0,0,89404,5604,0,0,4.602118748460212,0.0,4.602118748460212,0.0
permutation,1100,m,fpar,fpar,oblivious,-threshold 20750 -disable_hop_rtt_normalization,0.9,500000,3,990,106.732,85.14110373737378,85.1899,94.3445,106.732,69.5389,121770,8707,0,0,65640,8707,0,0,7.15036544304837,0.0,7.15036544304837,0.0
permutation,1100,m,reps_uniform_draws,reps_dfp,reps,-dfp_low_uniform,0.9,500000,3,990,104.515,92.6638518181819,92.6131,101.634,104.515,81.8357,121770,214,0,0,83815,214,0,0,0.17574115135090745,0.0,0.17574115135090745,0.0
permutation,1100,m,reps_share,reps_dfp,reps,,0.9,500000,3,990,97.2224,87.38164090909085,87.5074,94.4245,97.2224,77.8658,121770,1742,0,0,94144,1742,0,0,1.4305658208097232,0.0,1.4305658208097232,0.0
permutation,1100,m,reps_partition,reps_dfp,reps,-reps_partition_entropy -reps_escalate_threshold 0.2 -reps_warmup_explore_rtts 0.5 -reps_explore_prob 70,0.9,500000,3,990,95.5326,86.95404212121218,87.1805,93.8106,95.5326,75.2373,121770,5444,0,0,89887,5444,0,0,4.470723495113739,0.0,4.470723495113739,0.0
permutation,1100,m,fpar,fpar,oblivious,-threshold 20750 -disable_hop_rtt_normalization,0.9,500000,4,990,102.274,85.03340494949482,85.1707,94.3427,102.274,69.4746,121770,9093,0,0,65440,9093,0,0,7.467356491746735,0.0,7.467356491746735,0.0
permutation,1100,m,reps_uniform_draws,reps_dfp,reps,-dfp_low_uniform,0.9,500000,4,990,103.792,92.94139262626257,93.023,102.071,103.792,79.3878,121770,326,0,0,83999,326,0,0,0.26771782869343846,0.0,0.26771782869343846,0.0
permutation,1100,m,reps_share,reps_dfp,reps,,0.9,500000,4,990,97.8198,87.0808951515151,87.0536,95.4958,97.8198,77.7587,121770,1628,0,0,94267,1628,0,0,1.3369467028003614,0.0,1.3369467028003614,0.0
permutation,1100,m,reps_partition,reps_dfp,reps,-reps_partition_entropy -reps_escalate_threshold 0.2 -reps_warmup_explore_rtts 0.5 -reps_explore_prob 70,0.9,500000,4,990,97.8454,87.60790393939405,87.6251,96.2366,97.8454,73.7946,121770,6019,0,0,89590,6019,0,0,4.942925186827626,0.0,4.942925186827626,0.0
permutation,1100,m,fpar,fpar,oblivious,-threshold 20750 -disable_hop_rtt_normalization,0.9,500000,5,990,100.842,85.22140030303026,85.3338,93.7547,100.842,73.7478,121770,8985,0,0,65669,8985,0,0,7.378664695737866,0.0,7.378664695737866,0.0
permutation,1100,m,reps_uniform_draws,reps_dfp,reps,-dfp_low_uniform,0.9,500000,5,990,103.022,92.3387915151516,92.4874,101.265,103.022,79.6458,121770,271,0,0,82815,271,0,0,0.2225507103555884,0.0,0.2225507103555884,0.0
permutation,1100,m,reps_share,reps_dfp,reps,,0.9,500000,5,990,94.8626,87.25989666666669,87.1896,93.8066,94.8626,78.8349,121770,1571,0,0,94094,1571,0,0,1.2901371437956803,0.0,1.2901371437956803,0.0
permutation,1100,m,reps_partition,reps_dfp,reps,-reps_partition_entropy -reps_escalate_threshold 0.2 -reps_warmup_explore_rtts 0.5 -reps_explore_prob 70,0.9,500000,5,990,96.3101,86.99437333333343,87.055,94.6672,96.3101,76.7416,121770,5477,0,0,90751,5477,0,0,4.497823766116449,0.0,4.497823766116449,0.0
permutation,1100,m,fpar,fpar,oblivious,-threshold 20750 -disable_hop_rtt_normalization,0.9,2000000,1,990,430.581,278.2295202020202,268.515,392.192,430.581,210.86,485100,16033,0,0,239029,16033,0,0,3.3050917336631622,0.0,3.3050917336631622,0.0
permutation,1100,m,reps_uniform_draws,reps_dfp,reps,-dfp_low_uniform,0.9,2000000,1,990,458.094,300.27197777777815,289.704,418.351,458.094,248.679,485100,564,0,0,321980,564,0,0,0.11626468769325912,0.0,0.11626468769325912,0.0
permutation,1100,m,reps_share,reps_dfp,reps,,0.9,2000000,1,990,388.439,286.2325878787879,283.649,357.386,388.439,229.633,485100,3021,0,0,325200,3021,0,0,0.6227581941867656,0.0,0.6227581941867656,0.0
permutation,1100,m,reps_partition,reps_dfp,reps,-reps_partition_entropy -reps_escalate_threshold 0.2 -reps_warmup_explore_rtts 0.5 -reps_explore_prob 70,0.9,2000000,1,990,430.415,297.03115656565666,294.212,387.539,430.415,226.034,485100,7059,0,0,322722,7059,0,0,1.4551638837353122,0.0,1.4551638837353122,0.0
permutation,1100,m,fpar,fpar,oblivious,-threshold 20750 -disable_hop_rtt_normalization,0.9,2000000,2,990,435.175,280.1787171717171,267.783,406.961,435.175,211.762,485100,16829,0,0,239286,16829,0,0,3.469181612038755,0.0,3.469181612038755,0.0
permutation,1100,m,reps_uniform_draws,reps_dfp,reps,-dfp_low_uniform,0.9,2000000,2,990,488.06,301.45687777777783,291.029,409.244,488.06,245.416,485100,743,0,0,319734,743,0,0,0.15316429602143888,0.0,0.15316429602143888,0.0
permutation,1100,m,reps_share,reps_dfp,reps,,0.9,2000000,2,990,420.594,287.10066262626276,285.25,365.337,420.594,229.241,485100,2808,0,0,323900,2808,0,0,0.5788497217068646,0.0,0.5788497217068646,0.0
permutation,1100,m,reps_partition,reps_dfp,reps,-reps_partition_entropy -reps_escalate_threshold 0.2 -reps_warmup_explore_rtts 0.5 -reps_explore_prob 70,0.9,2000000,2,990,424.725,297.07853939393937,295.477,382.102,424.725,223.836,485100,6861,0,0,323632,6861,0,0,1.4143475572047,0.0,1.4143475572047,0.0
permutation,1100,m,fpar,fpar,oblivious,-threshold 20750 -disable_hop_rtt_normalization,0.9,2000000,3,990,431.069,277.01659898989914,269.648,392.502,431.069,209.394,485100,14844,0,0,239731,14844,0,0,3.059987631416203,0.0,3.059987631416203,0.0
permutation,1100,m,reps_uniform_draws,reps_dfp,reps,-dfp_low_uniform,0.9,2000000,3,990,464.021,300.81628787878776,291.864,416.976,464.021,246.254,485100,602,0,0,321185,602,0,0,0.1240981240981241,0.0,0.1240981240981241,0.0
permutation,1100,m,reps_share,reps_dfp,reps,,0.9,2000000,3,990,407.603,287.417946464647,285.761,360.436,407.603,228.0,485100,2815,0,0,324426,2815,0,0,0.580292723149866,0.0,0.580292723149866,0.0
permutation,1100,m,reps_partition,reps_dfp,reps,-reps_partition_entropy -reps_escalate_threshold 0.2 -reps_warmup_explore_rtts 0.5 -reps_explore_prob 70,0.9,2000000,3,990,443.133,297.6864979797977,294.757,386.417,443.133,228.149,485100,7078,0,0,321881,7078,0,0,1.4590806019377447,0.0,1.4590806019377447,0.0
permutation,1100,m,fpar,fpar,oblivious,-threshold 20750 -disable_hop_rtt_normalization,0.9,2000000,4,990,421.963,277.5296151515149,268.132,396.242,421.963,211.195,485100,15843,0,0,239586,15843,0,0,3.2659245516388373,0.0,3.2659245516388373,0.0
permutation,1100,m,reps_uniform_draws,reps_dfp,reps,-dfp_low_uniform,0.9,2000000,4,990,471.279,301.1128919191919,290.867,422.586,471.279,248.757,485100,609,0,0,321040,609,0,0,0.12554112554112554,0.0,0.12554112554112554,0.0
permutation,1100,m,reps_share,reps_dfp,reps,,0.9,2000000,4,990,400.405,287.79638787878787,287.357,365.495,400.405,225.235,485100,2961,0,0,323422,2961,0,0,0.6103896103896104,0.0,0.6103896103896104,0.0
permutation,1100,m,reps_partition,reps_dfp,reps,-reps_partition_entropy -reps_escalate_threshold 0.2 -reps_warmup_explore_rtts 0.5 -reps_explore_prob 70,0.9,2000000,4,990,417.18,297.5510989898987,294.092,380.432,417.18,221.364,485100,7350,0,0,324633,7350,0,0,1.5151515151515151,0.0,1.5151515151515151,0.0
permutation,1100,m,fpar,fpar,oblivious,-threshold 20750 -disable_hop_rtt_normalization,0.9,2000000,5,990,436.184,277.3039434343433,265.051,400.721,436.184,210.435,485100,15666,0,0,237891,15666,0,0,3.2294372294372296,0.0,3.2294372294372296,0.0
permutation,1100,m,reps_uniform_draws,reps_dfp,reps,-dfp_low_uniform,0.9,2000000,5,990,472.294,301.18380606060623,288.68,416.272,472.294,252.257,485100,669,0,0,318801,669,0,0,0.13790970933828076,0.0,0.13790970933828076,0.0
permutation,1100,m,reps_share,reps_dfp,reps,,0.9,2000000,5,990,414.668,286.90745757575746,285.173,362.134,414.668,226.915,485100,2825,0,0,323909,2825,0,0,0.5823541537827253,0.0,0.5823541537827253,0.0
permutation,1100,m,reps_partition,reps_dfp,reps,-reps_partition_entropy -reps_escalate_threshold 0.2 -reps_warmup_explore_rtts 0.5 -reps_explore_prob 70,0.9,2000000,5,990,431.587,297.79288484848473,293.711,395.518,431.587,227.52,485100,6909,0,0,322811,6909,0,0,1.4242424242424243,0.0,1.4242424242424243,0.0
permutation,1100,m,fpar,fpar,oblivious,-threshold 20750 -disable_hop_rtt_normalization,0.9,5000000,1,990,991.238,650.1802595959598,619.8,925.25,991.238,483.759,1211760,20923,0,0,545636,20923,0,0,1.7266620452894963,0.0,1.7266620452894963,0.0
permutation,1100,m,reps_uniform_draws,reps_dfp,reps,-dfp_low_uniform,0.9,5000000,1,990,1017.65,709.3143242424244,698.241,891.207,1017.65,592.247,1211760,623,0,0,763472,623,0,0,0.051412821020664155,0.0,0.051412821020664155,0.0
permutation,1100,m,reps_share,reps_dfp,reps,,0.9,5000000,1,990,842.152,673.9619171717169,675.423,824.008,842.152,542.346,1211760,3238,0,0,816460,3238,0,0,0.267214629959728,0.0,0.267214629959728,0.0
permutation,1100,m,reps_partition,reps_dfp,reps,-reps_partition_entropy -reps_escalate_threshold 0.2 -reps_warmup_explore_rtts 0.5 -reps_explore_prob 70,0.9,5000000,1,990,970.113,701.8717636363635,701.029,875.386,970.113,527.462,1211760,7416,0,0,800537,7416,0,0,0.6120023767082591,0.0,0.6120023767082591,0.0
permutation,1100,m,fpar,fpar,oblivious,-threshold 20750 -disable_hop_rtt_normalization,0.9,5000000,2,990,1000.31,650.7910292929299,625.306,928.794,1000.31,492.669,1211760,21569,0,0,541557,21569,0,0,1.7799729319337163,0.0,1.7799729319337163,0.0
permutation,1100,m,reps_uniform_draws,reps_dfp,reps,-dfp_low_uniform,0.9,5000000,2,990,1078.37,710.2791373737373,702.353,888.004,1078.37,586.509,1211760,853,0,0,755846,853,0,0,0.07039347725622236,0.0,0.07039347725622236,0.0
permutation,1100,m,reps_share,reps_dfp,reps,,0.9,5000000,2,990,916.526,674.9905232323226,673.316,819.281,916.526,537.984,1211760,3040,0,0,815443,3040,0,0,0.25087476067868225,0.0,0.25087476067868225,0.0
permutation,1100,m,reps_partition,reps_dfp,reps,-reps_partition_entropy -reps_escalate_threshold 0.2 -reps_warmup_explore_rtts 0.5 -reps_explore_prob 70,0.9,5000000,2,990,979.778,703.0722383838379,703.537,883.979,979.778,524.743,1211760,7305,0,0,805012,7305,0,0,0.602842146959794,0.0,0.602842146959794,0.0
permutation,1100,m,fpar,fpar,oblivious,-threshold 20750 -disable_hop_rtt_normalization,0.9,5000000,3,990,976.97,650.4305474747472,627.343,913.779,976.97,496.374,1211760,19863,0,0,546525,19863,0,0,1.6391859774212716,0.0,1.6391859774212716,0.0
permutation,1100,m,reps_uniform_draws,reps_dfp,reps,-dfp_low_uniform,0.9,5000000,3,990,969.888,709.2131949494953,703.436,910.442,969.888,587.655,1211760,651,0,0,762606,651,0,0,0.05372350960586255,0.0,0.05372350960586255,0.0
permutation,1100,m,reps_share,reps_dfp,reps,,0.9,5000000,3,990,977.764,677.3791585858586,682.323,807.031,977.764,537.504,1211760,3040,0,0,818532,3040,0,0,0.25087476067868225,0.0,0.25087476067868225,0.0
permutation,1100,m,reps_partition,reps_dfp,reps,-reps_partition_entropy -reps_escalate_threshold 0.2 -reps_warmup_explore_rtts 0.5 -reps_explore_prob 70,0.9,5000000,3,990,1035.63,704.7599888888894,705.461,889.861,1035.63,550.025,1211760,7441,0,0,799511,7441,0,0,0.6140654915164719,0.0,0.6140654915164719,0.0
permutation,1100,m,fpar,fpar,oblivious,-threshold 20750 -disable_hop_rtt_normalization,0.9,5000000,4,990,976.466,649.185543434344,626.837,930.137,976.466,488.739,1211760,20142,0,0,547128,20142,0,0,1.6622103386809268,0.0,1.6622103386809268,0.0
permutation,1100,m,reps_uniform_draws,reps_dfp,reps,-dfp_low_uniform,0.9,5000000,4,990,1084.47,710.4180101010112,703.812,892.424,1084.47,581.465,1211760,637,0,0,759613,637,0,0,0.05256816531326335,0.0,0.05256816531326335,0.0
permutation,1100,m,reps_share,reps_dfp,reps,,0.9,5000000,4,990,946.473,676.8886575757574,681.143,828.195,946.473,535.191,1211760,3171,0,0,813439,3171,0,0,0.2616854822737176,0.0,0.2616854822737176,0.0
permutation,1100,m,reps_partition,reps_dfp,reps,-reps_partition_entropy -reps_escalate_threshold 0.2 -reps_warmup_explore_rtts 0.5 -reps_explore_prob 70,0.9,5000000,4,990,978.501,705.7758232323229,712.726,902.718,978.501,517.87,1211760,7830,0,0,806009,7830,0,0,0.6461675579322638,0.0,0.6461675579322638,0.0
permutation,1100,m,fpar,fpar,oblivious,-threshold 20750 -disable_hop_rtt_normalization,0.9,5000000,5,990,1043.7,648.7866535353543,619.837,958.618,1043.7,491.126,1211760,20164,0,0,542620,20164,0,0,1.6640258797121543,0.0,1.6640258797121543,0.0
permutation,1100,m,reps_uniform_draws,reps_dfp,reps,-dfp_low_uniform,0.9,5000000,5,990,1011.39,707.7448565656568,699.919,904.977,1011.39,594.386,1211760,699,0,0,755026,699,0,0,0.057684690037631214,0.0,0.057684690037631214,0.0
permutation,1100,m,reps_share,reps_dfp,reps,,0.9,5000000,5,990,915.361,673.6651040404026,674.3,821.062,915.361,534.803,1211760,2968,0,0,812433,2968,0,0,0.24493299003102925,0.0,0.24493299003102925,0.0
permutation,1100,m,reps_partition,reps_dfp,reps,-reps_partition_entropy -reps_escalate_threshold 0.2 -reps_warmup_explore_rtts 0.5 -reps_explore_prob 70,0.9,5000000,5,990,1068.93,704.0173696969701,703.288,892.67,1068.93,530.98,1211760,7476,0,0,797389,7476,0,0,0.61695385224797,0.0,0.61695385224797,0.0
permutation,1100,m,fpar,fpar,oblivious,-threshold 20750 -disable_hop_rtt_normalization,0.9,10000000,1,990,2105.7,1261.6705757575762,1214.49,1752.75,2105.7,956.517,2423520,27929,0,0,1061486,27929,0,0,1.1524146695715323,0.0,1.1524146695715323,0.0
permutation,1100,m,reps_uniform_draws,reps_dfp,reps,-dfp_low_uniform,0.9,10000000,1,990,1861.22,1397.0956767676762,1388.96,1710.78,1861.22,1136.1,2423520,653,0,0,1512868,653,0,0,0.026944279395259788,0.0,0.026944279395259788,0.0
permutation,1100,m,reps_share,reps_dfp,reps,,0.9,10000000,1,990,1661.2,1329.3568989898986,1333.81,1571.27,1661.2,1071.62,2423520,3558,0,0,1686899,3558,0,0,0.1468112497524262,0.0,0.1468112497524262,0.0
permutation,1100,m,reps_partition,reps_dfp,reps,-reps_partition_entropy -reps_escalate_threshold 0.2 -reps_warmup_explore_rtts 0.5 -reps_explore_prob 70,0.9,10000000,1,990,1822.68,1381.84576767677,1390.7,1690.16,1822.68,1021.82,2423520,8030,0,0,1614970,8030,0,0,0.3313362381989833,0.0,0.3313362381989833,0.0
permutation,1100,m,fpar,fpar,oblivious,-threshold 20750 -disable_hop_rtt_normalization,0.9,10000000,2,990,1805.27,1257.6551272727277,1216.85,1738.46,1805.27,953.642,2423520,29188,0,0,1045918,29188,0,0,1.2043639004423319,0.0,1.2043639004423319,0.0
permutation,1100,m,reps_uniform_draws,reps_dfp,reps,-dfp_low_uniform,0.9,10000000,2,990,1946.6,1401.664212121211,1396.36,1686.43,1946.6,1140.49,2423520,912,0,0,1501405,912,0,0,0.03763121410180234,0.0,0.03763121410180234,0.0
permutation,1100,m,reps_share,reps_dfp,reps,,0.9,10000000,2,990,1721.83,1331.7154141414144,1336.29,1575.37,1721.83,1067.02,2423520,3279,0,0,1684397,3279,0,0,0.13529906912259854,0.0,0.13529906912259854,0.0
permutation,1100,m,reps_partition,reps_dfp,reps,-reps_partition_entropy -reps_escalate_threshold 0.2 -reps_warmup_explore_rtts 0.5 -reps_explore_prob 70,0.9,10000000,2,990,1969.86,1388.2792828282834,1391.23,1700.71,1969.86,1029.11,2423520,8090,0,0,1624967,8090,0,0,0.3338119759688387,0.0,0.3338119759688387,0.0
permutation,1100,m,fpar,fpar,oblivious,-threshold 20750 -disable_hop_rtt_normalization,0.9,10000000,3,990,1797.78,1263.3090979797976,1227.24,1730.09,1797.78,956.331,2423520,28195,0,0,1057148,28195,0,0,1.1633904403512247,0.0,1.1633904403512247,0.0
permutation,1100,m,reps_uniform_draws,reps_dfp,reps,-dfp_low_uniform,0.9,10000000,3,990,1855.6,1399.076969696968,1396.65,1699.65,1855.6,1156.46,2423520,696,0,0,1514669,696,0,0,0.028718558130322838,0.0,0.028718558130322838,0.0
permutation,1100,m,reps_share,reps_dfp,reps,,0.9,10000000,3,990,1701.74,1335.8573232323236,1337.5,1604.29,1701.74,1074.49,2423520,3459,0,0,1684253,3459,0,0,0.14272628243216479,0.0,0.14272628243216479,0.0
permutation,1100,m,reps_partition,reps_dfp,reps,-reps_partition_entropy -reps_escalate_threshold 0.2 -reps_warmup_explore_rtts 0.5 -reps_explore_prob 70,0.9,10000000,3,990,1914.45,1389.8217373737402,1393.11,1710.06,1914.45,1066.17,2423520,8313,0,0,1607728,8313,0,0,0.343013468013468,0.0,0.343013468013468,0.0
permutation,1100,m,fpar,fpar,oblivious,-threshold 20750 -disable_hop_rtt_normalization,0.9,10000000,4,990,1909.04,1259.6381383838375,1228.97,1709.33,1909.04,953.566,2423520,27510,0,0,1055264,27510,0,0,1.1351257674787087,0.0,1.1351257674787087,0.0
permutation,1100,m,reps_uniform_draws,reps_dfp,reps,-dfp_low_uniform,0.9,10000000,4,990,1882.67,1399.7664343434335,1394.94,1716.08,1882.67,1140.79,2423520,709,0,0,1511443,709,0,0,0.029254967980458176,0.0,0.029254967980458176,0.0
permutation,1100,m,reps_share,reps_dfp,reps,,0.9,10000000,4,990,1744.62,1334.4691313131325,1342.35,1593.34,1744.62,1050.52,2423520,3545,0,0,1684159,3545,0,0,0.14627483990229087,0.0,0.14627483990229087,0.0
permutation,1100,m,reps_partition,reps_dfp,reps,-reps_partition_entropy -reps_escalate_threshold 0.2 -reps_warmup_explore_rtts 0.5 -reps_explore_prob 70,0.9,10000000,4,990,1848.47,1391.0661717171736,1400.58,1710.74,1848.47,1003.23,2423520,8566,0,0,1623237,8566,0,0,0.35345282894302504,0.0,0.35345282894302504,0.0
permutation,1100,m,fpar,fpar,oblivious,-threshold 20750 -disable_hop_rtt_normalization,0.9,10000000,5,990,1942.06,1257.7327343434345,1212.6,1788.88,1942.06,957.581,2423520,26761,0,0,1047805,26761,0,0,1.10422030765168,0.0,1.10422030765168,0.0
permutation,1100,m,reps_uniform_draws,reps_dfp,reps,-dfp_low_uniform,0.9,10000000,5,990,1802.8,1394.8381919191947,1389.47,1731.6,1802.8,1164.59,2423520,746,0,0,1498286,746,0,0,0.030781672938535683,0.0,0.030781672938535683,0.0
permutation,1100,m,reps_share,reps_dfp,reps,,0.9,10000000,5,990,1742.14,1329.598070707071,1329.9,1578.56,1742.14,1075.85,2423520,3319,0,0,1678791,3319,0,0,0.1369495609691688,0.0,0.1369495609691688,0.0
permutation,1100,m,reps_partition,reps_dfp,reps,-reps_partition_entropy -reps_escalate_threshold 0.2 -reps_warmup_explore_rtts 0.5 -reps_explore_prob 70,0.9,10000000,5,990,2003.87,1388.9920707070721,1392.83,1728.95,2003.87,1054.43,2423520,8590,0,0,1610456,8590,0,0,0.3544431240509672,0.0,0.3544431240509672,0.0
permutation_random,1100,m,fpar,fpar,oblivious,-threshold 20750 -disable_hop_rtt_normalization,0.6,100000,1,660,44.3051,23.784335757575786,22.3187,38.9522,44.3051,12.4702,16500,32,0,0,5694,32,0,0,0.19393939393939394,0.0,0.19393939393939394,0.0
permutation_random,1100,m,reps_uniform_draws,reps_dfp,reps,-dfp_low_uniform,0.6,100000,1,660,29.9456,25.31590272727271,25.8136,29.3056,29.9456,12.4702,16500,0,0,0,5101,0,0,0,0.0,0.0,0.0,0.0
permutation_random,1100,m,reps_share,reps_dfp,reps,,0.6,100000,1,660,27.1278,23.246416363636357,23.6536,26.6016,27.1278,12.4702,16500,0,0,0,5086,0,0,0,0.0,0.0,0.0,0.0
permutation_random,1100,m,reps_partition,reps_dfp,reps,-reps_partition_entropy -reps_escalate_threshold 0.2 -reps_warmup_explore_rtts 0.5 -reps_explore_prob 70,0.6,100000,1,660,28.9427,23.618669848484842,23.9776,27.7816,28.9427,12.4702,16500,0,0,0,5111,0,0,0,0.0,0.0,0.0,0.0
permutation_random,1100,m,fpar,fpar,oblivious,-threshold 20750 -disable_hop_rtt_normalization,0.6,100000,2,660,40.7904,23.13367257575758,22.1478,32.1214,40.7904,12.4702,16500,8,0,0,5428,8,0,0,0.048484848484848485,0.0,0.048484848484848485,0.0
permutation_random,1100,m,reps_uniform_draws,reps_dfp,reps,-dfp_low_uniform,0.6,100000,2,660,29.3056,25.353799090909078,25.8118,28.6296,29.3056,12.4702,16500,0,0,0,5130,0,0,0,0.0,0.0,0.0,0.0
permutation_random,1100,m,reps_share,reps_dfp,reps,,0.6,100000,2,660,27.637,23.313677121212077,23.6478,26.9798,27.637,12.4702,16500,0,0,0,5113,0,0,0,0.0,0.0,0.0,0.0
permutation_random,1100,m,reps_partition,reps_dfp,reps,-reps_partition_entropy -reps_escalate_threshold 0.2 -reps_warmup_explore_rtts 0.5 -reps_explore_prob 70,0.6,100000,2,660,27.9656,23.4216409090909,23.8016,26.9798,27.9656,12.4702,16500,0,0,0,5112,0,0,0,0.0,0.0,0.0,0.0
permutation_random,1100,m,fpar,fpar,oblivious,-threshold 20750 -disable_hop_rtt_normalization,0.6,100000,3,660,37.7962,23.658462727272674,22.3096,36.1515,37.7962,12.4805,16500,4,0,0,5586,4,0,0,0.024242424242424242,0.0,0.024242424242424242,0.0
permutation_random,1100,m,reps_uniform_draws,reps_dfp,reps,-dfp_low_uniform,0.6,100000,3,660,29.6256,25.75116181818183,26.1336,28.8016,29.6256,12.4754,16500,0,0,0,5108,0,0,0,0.0,0.0,0.0,0.0
permutation_random,1100,m,reps_share,reps_dfp,reps,,0.6,100000,3,660,28.6296,23.675731666666675,23.8118,27.6592,28.6296,12.6451,16500,0,0,0,5129,0,0,0,0.0,0.0,0.0,0.0
permutation_random,1100,m,reps_partition,reps_dfp,reps,-reps_partition_entropy -reps_escalate_threshold 0.2 -reps_warmup_explore_rtts 0.5 -reps_explore_prob 70,0.6,100000,3,660,28.7936,23.824628636363663,23.985,27.6136,28.7936,12.4754,16500,0,0,0,5097,0,0,0,0.0,0.0,0.0,0.0
permutation_random,1100,m,fpar,fpar,oblivious,-threshold 20750 -disable_hop_rtt_normalization,0.6,100000,4,660,37.3976,23.580924090909072,22.3403,35.8104,37.3976,12.4702,16500,0,0,0,5578,0,0,0,0.0,0.0,0.0,0.0
permutation_random,1100,m,reps_uniform_draws,reps_dfp,reps,-dfp_low_uniform,0.6,100000,4,660,30.6506,25.798085151515156,26.137,29.9592,30.6506,12.4702,16500,0,0,0,5106,0,0,0,0.0,0.0,0.0,0.0
permutation_random,1100,m,reps_share,reps_dfp,reps,,0.6,100000,4,660,28.141,23.619345303030332,23.9496,26.9747,28.141,12.4702,16500,0,0,0,5104,0,0,0,0.0,0.0,0.0,0.0
permutation_random,1100,m,reps_partition,reps_dfp,reps,-reps_partition_entropy -reps_escalate_threshold 0.2 -reps_warmup_explore_rtts 0.5 -reps_explore_prob 70,0.6,100000,4,660,30.6216,23.86867,24.0003,28.3056,30.6216,12.4702,16500,0,0,0,5122,0,0,0,0.0,0.0,0.0,0.0
permutation_random,1100,m,fpar,fpar,oblivious,-threshold 20750 -disable_hop_rtt_normalization,0.6,100000,5,660,40.2494,23.845816515151515,22.3096,36.6026,40.2494,12.6371,16500,7,0,0,5690,7,0,0,0.04242424242424243,0.0,0.04242424242424243,0.0
permutation_random,1100,m,reps_uniform_draws,reps_dfp,reps,-dfp_low_uniform,0.6,100000,5,660,30.2896,25.59208575757575,26.1216,28.981,30.2896,12.6411,16500,0,0,0,5112,0,0,0,0.0,0.0,0.0,0.0
permutation_random,1100,m,reps_share,reps_dfp,reps,,0.6,100000,5,660,28.3568,23.544322272727264,23.8118,27.1478,28.3568,12.4702,16500,0,0,0,5133,0,0,0,0.0,0.0,0.0,0.0
permutation_random,1100,m,reps_partition,reps_dfp,reps,-reps_partition_entropy -reps_escalate_threshold 0.2 -reps_warmup_explore_rtts 0.5 -reps_explore_prob 70,0.6,100000,5,660,28.473,23.64194363636365,23.9747,27.5304,28.473,12.4702,16500,0,0,0,5111,0,0,0,0.0,0.0,0.0,0.0
permutation_random,1100,m,fpar,fpar,oblivious,-threshold 20750 -disable_hop_rtt_normalization,0.6,250000,1,660,90.9752,42.50362015151512,38.4402,76.8554,90.9752,24.6597,40920,1641,0,0,17269,1641,0,0,4.010263929618769,0.0,4.010263929618769,0.0
permutation_random,1100,m,reps_uniform_draws,reps_dfp,reps,-dfp_low_uniform,0.6,250000,1,660,50.9606,42.03045863636367,42.3634,48.4139,50.9606,24.6597,40920,0,0,0,13060,0,0,0,0.0,0.0,0.0,0.0
permutation_random,1100,m,reps_share,reps_dfp,reps,,0.6,250000,1,660,45.2296,38.228416969696944,38.6522,43.4629,45.2296,24.6597,40920,0,0,0,11970,0,0,0,0.0,0.0,0.0,0.0
permutation_random,1100,m,reps_partition,reps_dfp,reps,-reps_partition_entropy -reps_escalate_threshold 0.2 -reps_warmup_explore_rtts 0.5 -reps_explore_prob 70,0.6,250000,1,660,46.5576,37.925606060606086,38.0558,44.951,46.5576,24.6597,40920,0,0,0,12110,0,0,0,0.0,0.0,0.0,0.0
permutation_random,1100,m,fpar,fpar,oblivious,-threshold 20750 -disable_hop_rtt_normalization,0.6,250000,2,660,77.5285,40.62026681818181,37.4773,65.387,77.5285,24.6597,40920,980,0,0,16155,980,0,0,2.3949169110459434,0.0,2.3949169110459434,0.0
permutation_random,1100,m,reps_uniform_draws,reps_dfp,reps,-dfp_low_uniform,0.6,250000,2,660,48.7709,42.31833560606056,42.7539,48.1069,48.7709,24.6597,40920,0,0,0,13293,0,0,0,0.0,0.0,0.0,0.0
permutation_random,1100,m,reps_share,reps_dfp,reps,,0.6,250000,2,660,46.7123,37.9688659090909,38.2576,44.1832,46.7123,24.6597,40920,0,0,0,11890,0,0,0,0.0,0.0,0.0,0.0
permutation_random,1100,m,reps_partition,reps_dfp,reps,-reps_partition_entropy -reps_escalate_threshold 0.2 -reps_warmup_explore_rtts 0.5 -reps_explore_prob 70,0.6,250000,2,660,44.2376,37.614997272727244,38.0456,42.295,44.2376,24.6597,40920,0,0,0,12053,0,0,0,0.0,0.0,0.0,0.0
permutation_random,1100,m,fpar,fpar,oblivious,-threshold 20750 -disable_hop_rtt_normalization,0.6,250000,3,660,74.4114,41.969292878787876,38.3304,72.3024,74.4114,24.9456,40920,1438,0,0,16912,1438,0,0,3.5141739980449658,0.0,3.5141739980449658,0.0
permutation_random,1100,m,reps_uniform_draws,reps_dfp,reps,-dfp_low_uniform,0.6,250000,3,660,54.3062,43.16201090909088,43.316,50.976,54.3062,24.9661,40920,0,0,0,13545,0,0,0,0.0,0.0,0.0,0.0
permutation_random,1100,m,reps_share,reps_dfp,reps,,0.6,250000,3,660,47.5416,38.98635166666666,39.2456,46.5456,47.5416,24.961,40920,0,0,0,12150,0,0,0,0.0,0.0,0.0,0.0
permutation_random,1100,m,reps_partition,reps_dfp,reps,-reps_partition_entropy -reps_escalate_threshold 0.2 -reps_warmup_explore_rtts 0.5 -reps_explore_prob 70,0.6,250000,3,660,46.947,38.3187787878788,38.2482,45.5818,46.947,24.9781,40920,0,0,0,12191,0,0,0,0.0,0.0,0.0,0.0
permutation_random,1100,m,fpar,fpar,oblivious,-threshold 20750 -disable_hop_rtt_normalization,0.6,250000,4,660,75.9805,41.30790893939392,37.3422,72.3579,75.9805,24.6904,40920,1358,0,0,16537,1358,0,0,3.318670576735093,0.0,3.318670576735093,0.0
permutation_random,1100,m,reps_uniform_draws,reps_dfp,reps,-dfp_low_uniform,0.6,250000,4,660,56.7765,43.120690757575744,43.291,51.3512,56.7765,24.6802,40920,3,0,0,13551,3,0,0,0.007331378299120235,0.0,0.007331378299120235,0.0
permutation_random,1100,m,reps_share,reps_dfp,reps,,0.6,250000,4,660,45.4259,38.61617666666668,38.9136,43.955,45.4259,24.6802,40920,0,0,0,12137,0,0,0,0.0,0.0,0.0,0.0
permutation_random,1100,m,reps_partition,reps_dfp,reps,-reps_partition_entropy -reps_escalate_threshold 0.2 -reps_warmup_explore_rtts 0.5 -reps_explore_prob 70,0.6,250000,4,660,45.6486,38.34112681818178,38.3776,44.7499,45.6486,24.6802,40920,0,0,0,12313,0,0,0,0.0,0.0,0.0,0.0
permutation_random,1100,m,fpar,fpar,oblivious,-threshold 20750 -disable_hop_rtt_normalization,0.6,250000,5,660,75.98,42.240089696969676,37.7853,72.1283,75.98,24.9507,40920,1757,0,0,17074,1757,0,0,4.293743890518084,0.0,4.293743890518084,0.0
permutation_random,1100,m,reps_uniform_draws,reps_dfp,reps,-dfp_low_uniform,0.6,250000,5,660,53.6923,42.78412090909091,43.1554,49.8272,53.6923,24.9507,40920,0,0,0,13494,0,0,0,0.0,0.0,0.0,0.0
permutation_random,1100,m,reps_share,reps_dfp,reps,,0.6,250000,5,660,45.635,38.430147424242406,38.643,44.4059,45.635,24.9661,40920,0,0,0,12058,0,0,0,0.0,0.0,0.0,0.0
permutation_random,1100,m,reps_partition,reps_dfp,reps,-reps_partition_entropy -reps_escalate_threshold 0.2 -reps_warmup_explore_rtts 0.5 -reps_explore_prob 70,0.6,250000,5,660,44.393,37.544212575757534,37.7176,42.5736,44.393,24.7058,40920,0,0,0,12078,0,0,0,0.0,0.0,0.0,0.0
permutation_random,1100,m,fpar,fpar,oblivious,-threshold 20750 -disable_hop_rtt_normalization,0.6,500000,1,660,179.373,72.57094409090914,63.3304,154.946,179.373,44.972,81180,3428,0,0,40761,3428,0,0,4.222714954422272,0.0,4.222714954422272,0.0
permutation_random,1100,m,reps_uniform_draws,reps_dfp,reps,-dfp_low_uniform,0.6,500000,1,660,80.6315,68.06948893939392,68.7976,77.4304,80.6315,44.972,81180,0,0,0,29692,0,0,0,0.0,0.0,0.0,0.0
permutation_random,1100,m,reps_share,reps_dfp,reps,,0.6,500000,1,660,71.22,61.81882636363631,62.4856,70.224,71.22,44.972,81180,0,0,0,27194,0,0,0,0.0,0.0,0.0,0.0
permutation_random,1100,m,reps_partition,reps_dfp,reps,-reps_partition_entropy -reps_escalate_threshold 0.2 -reps_warmup_explore_rtts 0.5 -reps_explore_prob 70,0.6,500000,1,660,72.3731,59.70558893939395,60.1656,67.8176,72.3731,44.972,81180,0,0,0,26101,0,0,0,0.0,0.0,0.0,0.0
permutation_random,1100,m,fpar,fpar,oblivious,-threshold 20750 -disable_hop_rtt_normalization,0.6,500000,2,660,156.3,68.70362666666661,62.5942,123.827,156.3,44.972,81180,2430,0,0,38454,2430,0,0,2.9933481152993346,0.0,2.9933481152993346,0.0
permutation_random,1100,m,reps_uniform_draws,reps_dfp,reps,-dfp_low_uniform,0.6,500000,2,660,81.3416,68.99523954545454,69.6448,79.0936,81.3416,44.972,81180,0,0,0,30268,0,0,0,0.0,0.0,0.0,0.0
permutation_random,1100,m,reps_share,reps_dfp,reps,,0.6,500000,2,660,72.9486,61.33619681818181,61.8176,71.7816,72.9486,44.972,81180,0,0,0,26843,0,0,0,0.0,0.0,0.0,0.0
permutation_random,1100,m,reps_partition,reps_dfp,reps,-reps_partition_entropy -reps_escalate_threshold 0.2 -reps_warmup_explore_rtts 0.5 -reps_explore_prob 70,0.6,500000,2,660,71.9294,60.03437318181825,60.2834,69.5069,71.9294,44.972,81180,0,0,0,25987,0,0,0,0.0,0.0,0.0,0.0
permutation_random,1100,m,fpar,fpar,oblivious,-threshold 20750 -disable_hop_rtt_normalization,0.6,500000,3,660,144.243,71.56870530303026,64.2491,134.565,144.243,45.6013,81180,3178,0,0,40122,3178,0,0,3.9147573293914757,0.0,3.9147573293914757,0.0
permutation_random,1100,m,reps_uniform_draws,reps_dfp,reps,-dfp_low_uniform,0.6,500000,3,660,82.9914,69.52348151515154,70.101,80.8381,82.9914,45.2744,81180,12,0,0,30713,12,0,0,0.014781966001478197,0.0,0.014781966001478197,0.0
permutation_random,1100,m,reps_share,reps_dfp,reps,,0.6,500000,3,660,72.8994,62.38521242424238,62.7752,70.9074,72.8994,45.3394,81180,0,0,0,27918,0,0,0,0.0,0.0,0.0,0.0
permutation_random,1100,m,reps_partition,reps_dfp,reps,-reps_partition_entropy -reps_escalate_threshold 0.2 -reps_warmup_explore_rtts 0.5 -reps_explore_prob 70,0.6,500000,3,660,71.3286,61.34578606060607,61.4523,70.1366,71.3286,45.2078,81180,0,0,0,26663,0,0,0,0.0,0.0,0.0,0.0
permutation_random,1100,m,fpar,fpar,oblivious,-threshold 20750 -disable_hop_rtt_normalization,0.6,500000,4,660,151.869,70.47411212121216,62.4816,135.368,151.869,45.0744,81180,3069,0,0,38940,3069,0,0,3.7804878048780486,0.0,3.7804878048780486,0.0
permutation_random,1100,m,reps_uniform_draws,reps_dfp,reps,-dfp_low_uniform,0.6,500000,4,660,85.673,70.0065442424242,70.092,83.5234,85.673,45.0744,81180,19,0,0,30903,19,0,0,0.02340477950234048,0.0,0.02340477950234048,0.0
permutation_random,1100,m,reps_share,reps_dfp,reps,,0.6,500000,4,660,71.1176,62.331863484848554,62.9474,69.7976,71.1176,45.0846,81180,0,0,0,27820,0,0,0,0.0,0.0,0.0,0.0
permutation_random,1100,m,reps_partition,reps_dfp,reps,-reps_partition_entropy -reps_escalate_threshold 0.2 -reps_warmup_explore_rtts 0.5 -reps_explore_prob 70,0.6,500000,4,660,69.9154,60.634883181818196,60.6944,68.9154,69.9154,45.0795,81180,0,0,0,26819,0,0,0,0.0,0.0,0.0,0.0
permutation_random,1100,m,fpar,fpar,oblivious,-threshold 20750 -disable_hop_rtt_normalization,0.6,500000,5,660,148.962,71.94685272727274,63.0701,137.215,148.962,45.428,81180,3461,0,0,40037,3461,0,0,4.263365360926336,0.0,4.263365360926336,0.0
permutation_random,1100,m,reps_uniform_draws,reps_dfp,reps,-dfp_low_uniform,0.6,500000,5,660,82.5894,69.42083075757579,69.673,80.1229,82.5894,45.1925,81180,4,0,0,30845,4,0,0,0.004927322000492732,0.0,0.004927322000492732,0.0
permutation_random,1100,m,reps_share,reps_dfp,reps,,0.6,500000,5,660,73.2573,61.83284212121215,62.3667,71.775,73.2573,45.229,81180,0,0,0,27397,0,0,0,0.0,0.0,0.0,0.0
permutation_random,1100,m,reps_partition,reps_dfp,reps,-reps_partition_entropy -reps_escalate_threshold 0.2 -reps_warmup_explore_rtts 0.5 -reps_explore_prob 70,0.6,500000,5,660,72.647,60.213670454545486,60.3067,69.6624,72.647,45.2386,81180,0,0,0,26175,0,0,0,0.0,0.0,0.0,0.0
permutation_random,1100,m,fpar,fpar,oblivious,-threshold 20750 -disable_hop_rtt_normalization,0.6,2000000,1,660,698.708,254.60502727272745,197.598,625.534,698.708,166.851,323400,4425,0,0,183290,4425,0,0,1.3682745825602969,0.0,1.3682745825602969,0.0
permutation_random,1100,m,reps_uniform_draws,reps_dfp,reps,-dfp_low_uniform,0.6,2000000,1,660,251.817,217.9316863636364,220.646,240.926,251.817,166.851,323400,2,0,0,130399,2,0,0,0.0006184291898577613,0.0,0.0006184291898577613,0.0
permutation_random,1100,m,reps_share,reps_dfp,reps,,0.6,2000000,1,660,211.455,195.01150606060614,197.274,208.052,211.455,166.851,323400,12,0,0,116772,12,0,0,0.0037105751391465678,0.0,0.0037105751391465678,0.0
permutation_random,1100,m,reps_partition,reps_dfp,reps,-reps_partition_entropy -reps_escalate_threshold 0.2 -reps_warmup_explore_rtts 0.5 -reps_explore_prob 70,0.6,2000000,1,660,210.212,193.14377878787883,194.732,207.433,210.212,166.851,323400,39,0,0,115298,39,0,0,0.012059369202226345,0.0,0.012059369202226345,0.0
permutation_random,1100,m,fpar,fpar,oblivious,-threshold 20750 -disable_hop_rtt_normalization,0.6,2000000,2,660,654.625,237.55884090909112,197.937,492.123,654.625,166.851,323400,3501,0,0,176627,3501,0,0,1.082560296846011,0.0,1.082560296846011,0.0
permutation_random,1100,m,reps_uniform_draws,reps_dfp,reps,-dfp_low_uniform,0.6,2000000,2,660,262.2,219.84610454545447,221.7,245.91,262.2,166.851,323400,17,0,0,132724,17,0,0,0.005256648113790971,0.0,0.005256648113790971,0.0
permutation_random,1100,m,reps_share,reps_dfp,reps,,0.6,2000000,2,660,210.281,194.84593333333342,196.413,207.91,210.281,166.851,323400,1,0,0,116867,1,0,0,0.00030921459492888067,0.0,0.00030921459492888067,0.0
permutation_random,1100,m,reps_partition,reps_dfp,reps,-reps_partition_entropy -reps_escalate_threshold 0.2 -reps_warmup_explore_rtts 0.5 -reps_explore_prob 70,0.6,2000000,2,660,212.846,192.8876409090909,193.515,209.854,212.846,166.851,323400,40,0,0,114985,40,0,0,0.012368583797155226,0.0,0.012368583797155226,0.0
permutation_random,1100,m,fpar,fpar,oblivious,-threshold 20750 -disable_hop_rtt_normalization,0.6,2000000,3,660,554.848,249.55606666666668,200.272,514.702,554.848,168.253,323400,4221,0,0,183487,4221,0,0,1.3051948051948052,0.0,1.3051948051948052,0.0
permutation_random,1100,m,reps_uniform_draws,reps_dfp,reps,-dfp_low_uniform,0.6,2000000,3,660,253.991,222.40223787878796,224.264,249.256,253.991,168.44,323400,19,0,0,135062,19,0,0,0.005875077303648732,0.0,0.005875077303648732,0.0
permutation_random,1100,m,reps_share,reps_dfp,reps,,0.6,2000000,3,660,218.682,197.67752424242423,199.372,211.55,218.682,167.716,323400,2,0,0,121332,2,0,0,0.0006184291898577613,0.0,0.0006184291898577613,0.0
permutation_random,1100,m,reps_partition,reps_dfp,reps,-reps_partition_entropy -reps_escalate_threshold 0.2 -reps_warmup_explore_rtts 0.5 -reps_explore_prob 70,0.6,2000000,3,660,217.206,196.6873636363636,197.796,215.425,217.206,167.752,323400,109,0,0,119167,109,0,0,0.03370439084724799,0.0,0.03370439084724799,0.0
permutation_random,1100,m,fpar,fpar,oblivious,-threshold 20750 -disable_hop_rtt_normalization,0.6,2000000,4,660,653.828,247.15358939393928,198.617,517.114,653.828,167.737,323400,3886,0,0,181457,3886,0,0,1.2016079158936301,0.0,1.2016079158936301,0.0
permutation_random,1100,m,reps_uniform_draws,reps_dfp,reps,-dfp_low_uniform,0.6,2000000,4,660,283.676,222.42310606060602,223.007,256.995,283.676,167.583,323400,40,0,0,136760,40,0,0,0.012368583797155226,0.0,0.012368583797155226,0.0
permutation_random,1100,m,reps_share,reps_dfp,reps,,0.6,2000000,4,660,217.571,198.06381363636365,199.174,214.623,217.571,167.76,323400,30,0,0,121779,30,0,0,0.00927643784786642,0.0,0.00927643784786642,0.0
permutation_random,1100,m,reps_partition,reps_dfp,reps,-reps_partition_entropy -reps_escalate_threshold 0.2 -reps_warmup_explore_rtts 0.5 -reps_explore_prob 70,0.6,2000000,4,660,222.754,197.351615151515,197.723,217.287,222.754,167.78,323400,54,0,0,121420,54,0,0,0.016697588126159554,0.0,0.016697588126159554,0.0
permutation_random,1100,m,fpar,fpar,oblivious,-threshold 20750 -disable_hop_rtt_normalization,0.6,2000000,5,660,643.412,252.51465,198.53,558.928,643.412,167.921,323400,4388,0,0,181222,4388,0,0,1.3568336425479282,0.0,1.3568336425479282,0.0
permutation_random,1100,m,reps_uniform_draws,reps_dfp,reps,-dfp_low_uniform,0.6,2000000,5,660,279.481,221.03223030303008,222.654,246.301,279.481,167.577,323400,43,0,0,136205,43,0,0,0.013296227581941867,0.0,0.013296227581941867,0.0
permutation_random,1100,m,reps_share,reps_dfp,reps,,0.6,2000000,5,660,214.16,196.21070151515158,197.36,210.402,214.16,167.67,323400,1,0,0,119074,1,0,0,0.00030921459492888067,0.0,0.00030921459492888067,0.0
permutation_random,1100,m,reps_partition,reps_dfp,reps,-reps_partition_entropy -reps_escalate_threshold 0.2 -reps_warmup_explore_rtts 0.5 -reps_explore_prob 70,0.6,2000000,5,660,216.215,194.68377121212106,195.249,211.508,216.215,167.877,323400,23,0,0,117828,23,0,0,0.007111935683364255,0.0,0.007111935683364255,0.0
permutation_random,1100,m,fpar,fpar,oblivious,-threshold 20750 -disable_hop_rtt_normalization,0.6,5000000,1,660,1731.47,617.8514530303033,472.847,1571.69,1731.47,410.609,807840,4787,0,0,474430,4787,0,0,0.5925678352148941,0.0,0.5925678352148941,0.0
permutation_random,1100,m,reps_uniform_draws,reps_dfp,reps,-dfp_low_uniform,0.6,5000000,1,660,671.038,518.4651954545456,523.844,579.381,671.038,410.609,807840,20,0,0,328523,20,0,0,0.002475737769855417,0.0,0.002475737769855417,0.0
permutation_random,1100,m,reps_share,reps_dfp,reps,,0.6,5000000,1,660,502.75,462.147222727273,465.253,491.297,502.75,410.609,807840,16,0,0,297143,16,0,0,0.0019805902158843334,0.0,0.0019805902158843334,0.0
permutation_random,1100,m,reps_partition,reps_dfp,reps,-reps_partition_entropy -reps_escalate_threshold 0.2 -reps_warmup_explore_rtts 0.5 -reps_explore_prob 70,0.6,5000000,1,660,586.834,472.64484545454604,476.5,523.349,586.834,410.609,807840,615,0,0,316652,615,0,0,0.07612893642305407,0.0,0.07612893642305407,0.0
permutation_random,1100,m,fpar,fpar,oblivious,-threshold 20750 -disable_hop_rtt_normalization,0.6,5000000,2,660,1641.22,576.4492409090905,475.697,1187.69,1641.22,410.609,807840,3971,0,0,462256,3971,0,0,0.49155773420479304,0.0,0.49155773420479304,0.0
permutation_random,1100,m,reps_uniform_draws,reps_dfp,reps,-dfp_low_uniform,0.6,5000000,2,660,696.668,521.6574196969698,524.681,601.96,696.668,410.609,807840,24,0,0,335300,24,0,0,0.0029708853238265003,0.0,0.0029708853238265003,0.0
permutation_random,1100,m,reps_share,reps_dfp,reps,,0.6,5000000,2,660,503.233,463.03663636363626,465.317,497.416,503.233,410.609,807840,7,0,0,298681,7,0,0,0.0008665082194493959,0.0,0.0008665082194493959,0.0
permutation_random,1100,m,reps_partition,reps_dfp,reps,-reps_partition_entropy -reps_escalate_threshold 0.2 -reps_warmup_explore_rtts 0.5 -reps_explore_prob 70,0.6,5000000,2,660,533.697,472.1494969696972,475.389,518.65,533.697,410.609,807840,285,0,0,317404,285,0,0,0.03527926322043969,0.0,0.03527926322043969,0.0
permutation_random,1100,m,fpar,fpar,oblivious,-threshold 20750 -disable_hop_rtt_normalization,0.6,5000000,3,660,1355.85,606.6527166666668,479.704,1267.61,1355.85,413.716,807840,4614,0,0,479941,4614,0,0,0.5711527035056447,0.0,0.5711527035056447,0.0
permutation_random,1100,m,reps_uniform_draws,reps_dfp,reps,-dfp_low_uniform,0.6,5000000,3,660,624.197,528.0540666666668,531.331,593.933,624.197,412.941,807840,26,0,0,340453,26,0,0,0.0032184591008120418,0.0,0.0032184591008120418,0.0
permutation_random,1100,m,reps_share,reps_dfp,reps,,0.6,5000000,3,660,516.97,468.54198787878755,472.295,502.9,516.97,413.007,807840,3,0,0,308189,3,0,0,0.00037136066547831253,0.0,0.00037136066547831253,0.0
permutation_random,1100,m,reps_partition,reps_dfp,reps,-reps_partition_entropy -reps_escalate_threshold 0.2 -reps_warmup_explore_rtts 0.5 -reps_explore_prob 70,0.6,5000000,3,660,577.465,479.6417757575757,482.59,548.516,577.465,412.902,807840,815,0,0,326786,815,0,0,0.10088631412160824,0.0,0.10088631412160824,0.0
permutation_random,1100,m,fpar,fpar,oblivious,-threshold 20750 -disable_hop_rtt_normalization,0.6,5000000,4,660,1673.57,602.3857242424247,477.38,1308.15,1673.57,412.615,807840,4245,0,0,473292,4245,0,0,0.5254753416518122,0.0,0.5254753416518122,0.0
permutation_random,1100,m,reps_uniform_draws,reps_dfp,reps,-dfp_low_uniform,0.6,5000000,4,660,712.356,527.6576909090908,528.227,644.632,712.356,412.635,807840,53,0,0,340236,53,0,0,0.006560705090116855,0.0,0.006560705090116855,0.0
permutation_random,1100,m,reps_share,reps_dfp,reps,,0.6,5000000,4,660,523.641,469.3022060606059,470.152,511.652,523.641,412.915,807840,140,0,0,309765,140,0,0,0.017330164388987917,0.0,0.017330164388987917,0.0
permutation_random,1100,m,reps_partition,reps_dfp,reps,-reps_partition_entropy -reps_escalate_threshold 0.2 -reps_warmup_explore_rtts 0.5 -reps_explore_prob 70,0.6,5000000,4,660,603.133,480.63499848484923,480.96,565.277,603.133,412.902,807840,322,0,0,332411,322,0,0,0.039859378094672215,0.0,0.039859378094672215,0.0
permutation_random,1100,m,fpar,fpar,oblivious,-threshold 20750 -disable_hop_rtt_normalization,0.6,5000000,5,660,1604.92,612.9152166666668,477.844,1336.72,1604.92,413.36,807840,4895,0,0,473719,4895,0,0,0.6059368191721133,0.0,0.6059368191721133,0.0
permutation_random,1100,m,reps_uniform_draws,reps_dfp,reps,-dfp_low_uniform,0.6,5000000,5,660,691.918,525.2000560606057,528.205,607.06,691.918,412.493,807840,54,0,0,341810,54,0,0,0.0066844919786096255,0.0,0.0066844919786096255,0.0
permutation_random,1100,m,reps_share,reps_dfp,reps,,0.6,5000000,5,660,511.694,465.00170454545463,468.391,500.257,511.694,412.862,807840,9,0,0,302860,9,0,0,0.0011140819964349377,0.0,0.0011140819964349377,0.0
permutation_random,1100,m,reps_partition,reps_dfp,reps,-reps_partition_entropy -reps_escalate_threshold 0.2 -reps_warmup_explore_rtts 0.5 -reps_explore_prob 70,0.6,5000000,5,660,586.006,475.57433636363623,478.324,535.032,586.006,413.057,807840,383,0,0,325337,383,0,0,0.04741037829273123,0.0,0.04741037829273123,0.0
permutation_random,1100,m,fpar,fpar,oblivious,-threshold 20750 -disable_hop_rtt_normalization,0.6,10000000,1,660,3404.28,1221.966072727272,928.319,3141.48,3404.28,816.876,1615680,5256,0,0,963231,5256,0,0,0.3253119429590018,0.0,0.3253119429590018,0.0
permutation_random,1100,m,reps_uniform_draws,reps_dfp,reps,-dfp_low_uniform,0.6,10000000,1,660,1276.5,1020.0801106060607,1029.43,1154.3,1276.5,816.876,1615680,27,0,0,657746,27,0,0,0.0016711229946524064,0.0,0.0016711229946524064,0.0
permutation_random,1100,m,reps_share,reps_dfp,reps,,0.6,10000000,1,660,989.555,907.5704909090912,913.456,967.24,989.555,816.876,1615680,31,0,0,596705,31,0,0,0.001918696771637948,0.0,0.001918696771637948,0.0
permutation_random,1100,m,reps_partition,reps_dfp,reps,-reps_partition_entropy -reps_escalate_threshold 0.2 -reps_warmup_explore_rtts 0.5 -reps_explore_prob 70,0.6,10000000,1,660,1255.55,939.8914060606064,945.189,1091.41,1255.55,816.876,1615680,1624,0,0,652124,1624,0,0,0.10051495345612993,0.0,0.10051495345612993,0.0
permutation_random,1100,m,fpar,fpar,oblivious,-threshold 20750 -disable_hop_rtt_normalization,0.6,10000000,2,660,3302.29,1140.329931818182,939.496,2378.29,3302.29,816.876,1615680,4574,0,0,937537,4574,0,0,0.28310061398296693,0.0,0.28310061398296693,0.0
permutation_random,1100,m,reps_uniform_draws,reps_dfp,reps,-dfp_low_uniform,0.6,10000000,2,660,1335.35,1025.1078272727266,1027.22,1179.57,1335.35,816.876,1615680,42,0,0,670114,42,0,0,0.002599524658348188,0.0,0.002599524658348188,0.0
permutation_random,1100,m,reps_share,reps_dfp,reps,,0.6,10000000,2,660,984.636,909.4049439393941,914.296,977.669,984.636,816.876,1615680,26,0,0,599153,26,0,0,0.0016092295504060209,0.0,0.0016092295504060209,0.0
permutation_random,1100,m,reps_partition,reps_dfp,reps,-reps_partition_entropy -reps_escalate_threshold 0.2 -reps_warmup_explore_rtts 0.5 -reps_explore_prob 70,0.6,10000000,2,660,1103.03,939.3294863636371,944.052,1065.96,1103.03,816.876,1615680,577,0,0,657134,577,0,0,0.03571251733016439,0.0,0.03571251733016439,0.0
permutation_random,1100,m,fpar,fpar,oblivious,-threshold 20750 -disable_hop_rtt_normalization,0.6,10000000,3,660,2688.44,1197.269768181818,947.728,2504.95,2688.44,823.21,1615680,5082,0,0,972358,5082,0,0,0.3145424836601307,0.0,0.3145424836601307,0.0
permutation_random,1100,m,reps_uniform_draws,reps_dfp,reps,-dfp_low_uniform,0.6,10000000,3,660,1290.92,1037.9546469696963,1041.0,1194.94,1290.92,821.492,1615680,49,0,0,679176,49,0,0,0.0030327787680728855,0.0,0.0030327787680728855,0.0
permutation_random,1100,m,reps_share,reps_dfp,reps,,0.6,10000000,3,660,1024.0,920.6588272727286,927.273,989.736,1024.0,821.146,1615680,23,0,0,619236,23,0,0,0.0014235492176668646,0.0,0.0014235492176668646,0.0
permutation_random,1100,m,reps_partition,reps_dfp,reps,-reps_partition_entropy -reps_escalate_threshold 0.2 -reps_warmup_explore_rtts 0.5 -reps_explore_prob 70,0.6,10000000,3,660,1216.12,955.0073348484863,957.301,1129.71,1216.12,821.642,1615680,1591,0,0,674108,1591,0,0,0.0984724697959992,0.0,0.0984724697959992,0.0
permutation_random,1100,m,fpar,fpar,oblivious,-threshold 20750 -disable_hop_rtt_normalization,0.6,10000000,4,660,3390.54,1191.6871287878796,939.298,2629.14,3390.54,820.911,1615680,4706,0,0,956784,4706,0,0,0.2912705486234898,0.0,0.2912705486234898,0.0
permutation_random,1100,m,reps_uniform_draws,reps_dfp,reps,-dfp_low_uniform,0.6,10000000,4,660,1372.47,1036.9917196969698,1038.07,1256.98,1372.47,821.008,1615680,78,0,0,679505,78,0,0,0.004827688651218063,0.0,0.004827688651218063,0.0
permutation_random,1100,m,reps_share,reps_dfp,reps,,0.6,10000000,4,660,1035.88,921.4638454545459,923.431,1004.74,1035.88,821.492,1615680,158,0,0,622637,158,0,0,0.009779164190928898,0.0,0.009779164190928898,0.0
permutation_random,1100,m,reps_partition,reps_dfp,reps,-reps_partition_entropy -reps_escalate_threshold 0.2 -reps_warmup_explore_rtts 0.5 -reps_explore_prob 70,0.6,10000000,4,660,1186.22,957.5322227272724,957.013,1144.48,1186.22,821.51,1615680,785,0,0,685014,785,0,0,0.04858635373341256,0.0,0.04858635373341256,0.0
permutation_random,1100,m,fpar,fpar,oblivious,-threshold 20750 -disable_hop_rtt_normalization,0.6,10000000,5,660,3183.48,1214.1667045454558,939.351,2755.28,3183.48,821.857,1615680,5357,0,0,958937,5357,0,0,0.3315631808278867,0.0,0.3315631808278867,0.0
permutation_random,1100,m,reps_uniform_draws,reps_dfp,reps,-dfp_low_uniform,0.6,10000000,5,660,1368.74,1031.406142424243,1037.33,1186.24,1368.74,820.842,1615680,60,0,0,683203,60,0,0,0.0037136066547831252,0.0,0.0037136066547831252,0.0
permutation_random,1100,m,reps_share,reps_dfp,reps,,0.6,10000000,5,660,1002.89,913.0509545454546,917.544,985.964,1002.89,821.653,1615680,66,0,0,609939,66,0,0,0.004084967320261438,0.0,0.004084967320261438,0.0
permutation_random,1100,m,reps_partition,reps_dfp,reps,-reps_partition_entropy -reps_escalate_threshold 0.2 -reps_warmup_explore_rtts 0.5 -reps_explore_prob 70,0.6,10000000,5,660,1192.57,946.8200924242437,950.2,1100.48,1192.57,821.936,1615680,980,0,0,672711,980,0,0,0.060655575361457714,0.0,0.060655575361457714,0.0
permutation_random,1100,m,fpar,fpar,oblivious,-threshold 20750 -disable_hop_rtt_normalization,0.7,100000,1,770,42.9669,24.375832077922077,22.8283,39.0894,42.9669,12.4702,19250,34,0,0,6715,34,0,0,0.17662337662337663,0.0,0.17662337662337663,0.0
permutation_random,1100,m,reps_uniform_draws,reps_dfp,reps,-dfp_low_uniform,0.7,100000,1,770,31.1254,26.24309519480521,26.8419,30.0411,31.1254,12.4702,19250,0,0,0,5972,0,0,0,0.0,0.0,0.0,0.0
permutation_random,1100,m,reps_share,reps_dfp,reps,,0.7,100000,1,770,31.7776,24.196512987012998,24.4821,28.317,31.7776,12.4702,19250,0,0,0,5998,0,0,0,0.0,0.0,0.0,0.0
permutation_random,1100,m,reps_partition,reps_dfp,reps,-reps_partition_entropy -reps_escalate_threshold 0.2 -reps_warmup_explore_rtts 0.5 -reps_explore_prob 70,0.7,100000,1,770,31.0082,24.52132597402596,24.809,29.6136,31.0082,12.4702,19250,0,0,0,6028,0,0,0,0.0,0.0,0.0,0.0
permutation_random,1100,m,fpar,fpar,oblivious,-threshold 20750 -disable_hop_rtt_normalization,0.7,100000,2,770,38.7574,23.877425584415565,22.8016,35.0736,38.7574,12.4702,19250,0,0,0,6487,0,0,0,0.0,0.0,0.0,0.0
permutation_random,1100,m,reps_uniform_draws,reps_dfp,reps,-dfp_low_uniform,0.7,100000,2,770,31.4917,26.35037688311686,26.9558,30.1187,31.4917,12.4702,19250,0,0,0,5993,0,0,0,0.0,0.0,0.0,0.0
permutation_random,1100,m,reps_share,reps_dfp,reps,,0.7,100000,2,770,29.4296,24.23386467532468,24.6438,28.4496,29.4296,12.4702,19250,0,0,0,5972,0,0,0,0.0,0.0,0.0,0.0
permutation_random,1100,m,reps_partition,reps_dfp,reps,-reps_partition_entropy -reps_escalate_threshold 0.2 -reps_warmup_explore_rtts 0.5 -reps_explore_prob 70,0.7,100000,2,770,33.1283,24.60179025974024,24.9696,30.8003,33.1283,12.4702,19250,0,0,0,6064,0,0,0,0.0,0.0,0.0,0.0
permutation_random,1100,m,fpar,fpar,oblivious,-threshold 20750 -disable_hop_rtt_normalization,0.7,100000,3,770,40.9459,24.12533584415585,22.8118,36.5736,40.9459,12.4702,19250,11,0,0,6555,11,0,0,0.05714285714285714,0.0,0.05714285714285714,0.0
permutation_random,1100,m,reps_uniform_draws,reps_dfp,reps,-dfp_low_uniform,0.7,100000,3,770,32.457,26.812352337662322,27.281,30.7696,32.457,12.4702,19250,0,0,0,6010,0,0,0,0.0,0.0,0.0,0.0
permutation_random,1100,m,reps_share,reps_dfp,reps,,0.7,100000,3,770,28.6347,24.401625974025954,24.653,27.8294,28.6347,12.4702,19250,0,0,0,5989,0,0,0,0.0,0.0,0.0,0.0
permutation_random,1100,m,reps_partition,reps_dfp,reps,-reps_partition_entropy -reps_escalate_threshold 0.2 -reps_warmup_explore_rtts 0.5 -reps_explore_prob 70,0.7,100000,3,770,31.6381,24.968948571428545,25.2907,29.4672,31.6381,12.4702,19250,0,0,0,6081,0,0,0,0.0,0.0,0.0,0.0
permutation_random,1100,m,fpar,fpar,oblivious,-threshold 20750 -disable_hop_rtt_normalization,0.7,100000,4,770,42.6093,23.98476025974026,22.8323,34.2616,42.6093,12.4702,19250,14,0,0,6510,14,0,0,0.07272727272727272,0.0,0.07272727272727272,0.0
permutation_random,1100,m,reps_uniform_draws,reps_dfp,reps,-dfp_low_uniform,0.7,100000,4,770,31.3214,26.470379090909084,26.9696,30.1398,31.3214,12.4702,19250,0,0,0,5994,0,0,0,0.0,0.0,0.0,0.0
permutation_random,1100,m,reps_share,reps_dfp,reps,,0.7,100000,4,770,29.9781,24.520515844155845,24.9456,28.6296,29.9781,12.4702,19250,0,0,0,6041,0,0,0,0.0,0.0,0.0,0.0
permutation_random,1100,m,reps_partition,reps_dfp,reps,-reps_partition_entropy -reps_escalate_threshold 0.2 -reps_warmup_explore_rtts 0.5 -reps_explore_prob 70,0.7,100000,4,770,30.4496,24.759949610389647,25.1256,29.1136,30.4496,12.4702,19250,0,0,0,6033,0,0,0,0.0,0.0,0.0,0.0
permutation_random,1100,m,fpar,fpar,oblivious,-threshold 20750 -disable_hop_rtt_normalization,0.7,100000,5,770,43.8029,24.243561558441538,22.6706,38.377,43.8029,12.4754,19250,27,0,0,6670,27,0,0,0.14025974025974025,0.0,0.14025974025974025,0.0
permutation_random,1100,m,reps_uniform_draws,reps_dfp,reps,-dfp_low_uniform,0.7,100000,5,770,32.7941,26.31566116883119,26.7856,30.2912,32.7941,12.4702,19250,0,0,0,5997,0,0,0,0.0,0.0,0.0,0.0
permutation_random,1100,m,reps_share,reps_dfp,reps,,0.7,100000,5,770,30.6216,24.370056233766213,24.6456,29.1096,30.6216,12.6411,19250,0,0,0,6016,0,0,0,0.0,0.0,0.0,0.0
permutation_random,1100,m,reps_partition,reps_dfp,reps,-reps_partition_entropy -reps_escalate_threshold 0.2 -reps_warmup_explore_rtts 0.5 -reps_explore_prob 70,0.7,100000,5,770,31.3094,24.56539766233768,24.813,29.6323,31.3094,12.4702,19250,0,0,0,6051,0,0,0,0.0,0.0,0.0,0.0
permutation_random,1100,m,fpar,fpar,oblivious,-threshold 20750 -disable_hop_rtt_normalization,0.7,250000,1,770,87.3078,43.43140259740264,40.8117,74.7786,87.3078,24.6853,47740,1913,0,0,19988,1913,0,0,4.007121910347717,0.0,4.007121910347717,0.0
permutation_random,1100,m,reps_uniform_draws,reps_dfp,reps,-dfp_low_uniform,0.7,250000,1,770,54.7691,44.56791207792205,45.2122,53.3603,54.7691,24.675,47740,0,0,0,16785,0,0,0,0.0,0.0,0.0,0.0
permutation_random,1100,m,reps_share,reps_dfp,reps,,0.7,250000,1,770,50.2096,40.764959870129935,41.307,48.1387,50.2096,24.6802,47740,0,0,0,15561,0,0,0,0.0,0.0,0.0,0.0
permutation_random,1100,m,reps_partition,reps_dfp,reps,-reps_partition_entropy -reps_escalate_threshold 0.2 -reps_warmup_explore_rtts 0.5 -reps_explore_prob 70,0.7,250000,1,770,51.4718,40.49742012987013,40.9016,50.2075,51.4718,24.6853,47740,6,0,0,15571,6,0,0,0.012568077084206116,0.0,0.012568077084206116,0.0
permutation_random,1100,m,fpar,fpar,oblivious,-threshold 20750 -disable_hop_rtt_normalization,0.7,250000,2,770,75.3314,42.52151857142858,40.0173,71.4178,75.3314,24.6904,47740,1428,0,0,19592,1428,0,0,2.9912023460410557,0.0,2.9912023460410557,0.0
permutation_random,1100,m,reps_uniform_draws,reps_dfp,reps,-dfp_low_uniform,0.7,250000,2,770,55.1722,44.988395714285765,45.5496,52.6645,55.1722,24.675,47740,0,0,0,17184,0,0,0,0.0,0.0,0.0,0.0
permutation_random,1100,m,reps_share,reps_dfp,reps,,0.7,250000,2,770,51.0414,41.00912688311692,41.3362,48.6685,51.0414,24.6853,47740,0,0,0,15512,0,0,0,0.0,0.0,0.0,0.0
permutation_random,1100,m,reps_partition,reps_dfp,reps,-reps_partition_entropy -reps_escalate_threshold 0.2 -reps_warmup_explore_rtts 0.5 -reps_explore_prob 70,0.7,250000,2,770,50.9666,40.02820493506492,40.2416,47.9131,50.9666,24.6802,47740,0,0,0,15390,0,0,0,0.0,0.0,0.0,0.0
permutation_random,1100,m,fpar,fpar,oblivious,-threshold 20750 -disable_hop_rtt_normalization,0.7,250000,3,770,82.5534,42.966771168831215,40.4622,72.3886,82.5534,24.6802,47740,1713,0,0,19770,1713,0,0,3.588186007540846,0.0,3.588186007540846,0.0
permutation_random,1100,m,reps_uniform_draws,reps_dfp,reps,-dfp_low_uniform,0.7,250000,3,770,56.3802,45.975372077922074,46.2136,53.3717,56.3802,24.6802,47740,12,0,0,17556,12,0,0,0.025136154168412233,0.0,0.025136154168412233,0.0
permutation_random,1100,m,reps_share,reps_dfp,reps,,0.7,250000,3,770,49.8005,41.39996376623378,41.8762,48.2195,49.8005,24.6853,47740,0,0,0,15891,0,0,0,0.0,0.0,0.0,0.0
permutation_random,1100,m,reps_partition,reps_dfp,reps,-reps_partition_entropy -reps_escalate_threshold 0.2 -reps_warmup_explore_rtts 0.5 -reps_explore_prob 70,0.7,250000,3,770,50.931,41.04432272727274,41.2336,49.931,50.931,24.6802,47740,0,0,0,15849,0,0,0,0.0,0.0,0.0,0.0
permutation_random,1100,m,fpar,fpar,oblivious,-threshold 20750 -disable_hop_rtt_normalization,0.7,250000,4,770,85.653,42.5291583116883,39.439,69.0288,85.653,24.6853,47740,1419,0,0,19549,1419,0,0,2.9723502304147464,0.0,2.9723502304147464,0.0
permutation_random,1100,m,reps_uniform_draws,reps_dfp,reps,-dfp_low_uniform,0.7,250000,4,770,55.6411,45.398527662337656,45.7072,53.2898,55.6411,24.6802,47740,0,0,0,17253,0,0,0,0.0,0.0,0.0,0.0
permutation_random,1100,m,reps_share,reps_dfp,reps,,0.7,250000,4,770,52.7219,41.367554025974016,41.9016,48.9829,52.7219,24.6802,47740,0,0,0,15772,0,0,0,0.0,0.0,0.0,0.0
permutation_random,1100,m,reps_partition,reps_dfp,reps,-reps_partition_entropy -reps_escalate_threshold 0.2 -reps_warmup_explore_rtts 0.5 -reps_explore_prob 70,0.7,250000,4,770,49.4674,40.60568727272726,41.0405,48.3365,49.4674,24.6802,47740,0,0,0,15677,0,0,0,0.0,0.0,0.0,0.0
permutation_random,1100,m,fpar,fpar,oblivious,-threshold 20750 -disable_hop_rtt_normalization,0.7,250000,5,770,79.8059,43.10286181818179,39.7294,72.5072,79.8059,24.7058,47740,1952,0,0,20256,1952,0,0,4.088814411395057,0.0,4.088814411395057,0.0
permutation_random,1100,m,reps_uniform_draws,reps_dfp,reps,-dfp_low_uniform,0.7,250000,5,770,53.8616,45.016421038961006,45.631,51.7994,53.8616,24.6904,47740,0,0,0,17201,0,0,0,0.0,0.0,0.0,0.0
permutation_random,1100,m,reps_share,reps_dfp,reps,,0.7,250000,5,770,50.3723,41.00647805194807,41.5656,47.7698,50.3723,24.9547,47740,0,0,0,15573,0,0,0,0.0,0.0,0.0,0.0
permutation_random,1100,m,reps_partition,reps_dfp,reps,-reps_partition_entropy -reps_escalate_threshold 0.2 -reps_warmup_explore_rtts 0.5 -reps_explore_prob 70,0.7,250000,5,770,48.8147,40.5352349350649,40.967,47.4045,48.8147,24.7006,47740,0,0,0,15552,0,0,0,0.0,0.0,0.0,0.0
permutation_random,1100,m,fpar,fpar,oblivious,-threshold 20750 -disable_hop_rtt_normalization,0.7,500000,1,770,172.723,74.1001254545454,65.5219,152.965,172.723,45.0693,94710,4492,0,0,48619,4492,0,0,4.742899377045719,0.0,4.742899377045719,0.0
permutation_random,1100,m,reps_uniform_draws,reps_dfp,reps,-dfp_low_uniform,0.7,500000,1,770,87.8146,73.30096688311679,74.4456,85.4906,87.8146,45.0744,94710,9,0,0,39800,9,0,0,0.009502692429521698,0.0,0.009502692429521698,0.0
permutation_random,1100,m,reps_share,reps_dfp,reps,,0.7,500000,1,770,77.8914,66.056822077922,67.2714,74.7138,77.8914,45.0744,94710,7,0,0,37648,7,0,0,0.007390983000739098,0.0,0.007390983000739098,0.0
permutation_random,1100,m,reps_partition,reps_dfp,reps,-reps_partition_entropy -reps_escalate_threshold 0.2 -reps_warmup_explore_rtts 0.5 -reps_explore_prob 70,0.7,500000,1,770,75.2085,63.96669844155843,64.9394,72.3542,75.2085,45.1,94710,27,0,0,35063,27,0,0,0.028508077288565095,0.0,0.028508077288565095,0.0
permutation_random,1100,m,fpar,fpar,oblivious,-threshold 20750 -disable_hop_rtt_normalization,0.7,500000,2,770,150.532,71.410611948052,65.364,130.446,150.532,45.1,94710,3723,0,0,47184,3723,0,0,3.930947101678809,0.0,3.930947101678809,0.0
permutation_random,1100,m,reps_uniform_draws,reps_dfp,reps,-dfp_low_uniform,0.7,500000,2,770,88.1834,74.34544415584419,75.1565,86.4429,88.1834,45.0642,94710,13,0,0,40844,13,0,0,0.013726111287086897,0.0,0.013726111287086897,0.0
permutation_random,1100,m,reps_share,reps_dfp,reps,,0.7,500000,2,770,77.7832,66.65639779220774,67.7936,76.1056,77.7832,45.1205,94710,31,0,0,37636,31,0,0,0.032731496146130294,0.0,0.032731496146130294,0.0
permutation_random,1100,m,reps_partition,reps_dfp,reps,-reps_partition_entropy -reps_escalate_threshold 0.2 -reps_warmup_explore_rtts 0.5 -reps_explore_prob 70,0.7,500000,2,770,75.5734,64.11283038961035,64.6989,73.9094,75.5734,45.1051,94710,9,0,0,34859,9,0,0,0.009502692429521698,0.0,0.009502692429521698,0.0
permutation_random,1100,m,fpar,fpar,oblivious,-threshold 20750 -disable_hop_rtt_normalization,0.7,500000,3,770,156.113,72.95525857142856,66.1557,134.628,156.113,45.296,94710,4149,0,0,48137,4149,0,0,4.380741210009503,0.0,4.380741210009503,0.0
permutation_random,1100,m,reps_uniform_draws,reps_dfp,reps,-dfp_low_uniform,0.7,500000,3,770,89.457,75.67439116883118,76.2314,87.121,89.457,45.2653,94710,81,0,0,41919,81,0,0,0.08552423186569529,0.0,0.08552423186569529,0.0
permutation_random,1100,m,reps_share,reps_dfp,reps,,0.7,500000,3,770,77.7774,67.75004389610389,68.8784,75.3118,77.7774,45.0898,94710,44,0,0,39844,44,0,0,0.04645760743321719,0.0,0.04645760743321719,0.0
permutation_random,1100,m,reps_partition,reps_dfp,reps,-reps_partition_entropy -reps_escalate_threshold 0.2 -reps_warmup_explore_rtts 0.5 -reps_explore_prob 70,0.7,500000,3,770,75.7878,65.42670597402594,66.0184,74.3627,75.7878,45.0795,94710,33,0,0,36344,33,0,0,0.03484320557491289,0.0,0.03484320557491289,0.0
permutation_random,1100,m,fpar,fpar,oblivious,-threshold 20750 -disable_hop_rtt_normalization,0.7,500000,4,770,174.363,72.47962428571431,65.7723,129.176,174.363,45.2229,94710,3995,0,0,48082,3995,0,0,4.218139583993243,0.0,4.218139583993243,0.0
permutation_random,1100,m,reps_uniform_draws,reps_dfp,reps,-dfp_low_uniform,0.7,500000,4,770,88.1834,74.97965753246756,75.6981,86.3232,88.1834,45.2739,94710,12,0,0,41161,12,0,0,0.012670256572695597,0.0,0.012670256572695597,0.0
permutation_random,1100,m,reps_share,reps_dfp,reps,,0.7,500000,4,770,77.7734,67.71921285714284,68.769,76.592,77.7734,45.2858,94710,41,0,0,38976,41,0,0,0.04329004329004329,0.0,0.04329004329004329,0.0
permutation_random,1100,m,reps_partition,reps_dfp,reps,-reps_partition_entropy -reps_escalate_threshold 0.2 -reps_warmup_explore_rtts 0.5 -reps_explore_prob 70,0.7,500000,4,770,75.1016,65.23035155844153,65.965,74.1016,75.1016,45.279,94710,10,0,0,36114,10,0,0,0.010558547143912998,0.0,0.010558547143912998,0.0
permutation_random,1100,m,fpar,fpar,oblivious,-threshold 20750 -disable_hop_rtt_normalization,0.7,500000,5,770,165.994,73.4963187012987,65.4362,139.384,165.994,45.2126,94710,4429,0,0,48673,4429,0,0,4.676380530039067,0.0,4.676380530039067,0.0
permutation_random,1100,m,reps_uniform_draws,reps_dfp,reps,-dfp_low_uniform,0.7,500000,5,770,88.7643,74.3792536363637,75.4256,85.5154,88.7643,45.3314,94710,12,0,0,41090,12,0,0,0.012670256572695597,0.0,0.012670256572695597,0.0
permutation_random,1100,m,reps_share,reps_dfp,reps,,0.7,500000,5,770,79.1038,66.81750766233765,67.8371,76.1118,79.1038,45.3741,94710,24,0,0,37922,24,0,0,0.025340513145391194,0.0,0.025340513145391194,0.0
permutation_random,1100,m,reps_partition,reps_dfp,reps,-reps_partition_entropy -reps_escalate_threshold 0.2 -reps_warmup_explore_rtts 0.5 -reps_explore_prob 70,0.7,500000,5,770,74.7949,64.40884792207794,65.2397,73.5634,74.7949,45.391,94710,6,0,0,35493,6,0,0,0.0063351282863477985,0.0,0.0063351282863477985,0.0
permutation_random,1100,m,fpar,fpar,oblivious,-threshold 20750 -disable_hop_rtt_normalization,0.7,2000000,1,770,690.221,263.18311818181826,209.689,631.746,690.221,167.424,377300,5901,0,0,220489,5901,0,0,1.5640074211502784,0.0,1.5640074211502784,0.0
permutation_random,1100,m,reps_uniform_draws,reps_dfp,reps,-dfp_low_uniform,0.7,2000000,1,770,320.014,234.36077922077908,237.953,269.337,320.014,167.78,377300,23,0,0,178784,23,0,0,0.0060959448714550755,0.0,0.0060959448714550755,0.0
permutation_random,1100,m,reps_share,reps_dfp,reps,,0.7,2000000,1,770,236.318,211.54239870129882,214.907,228.921,236.318,167.732,377300,278,0,0,170342,278,0,0,0.07368142062019613,0.0,0.07368142062019613,0.0
permutation_random,1100,m,reps_partition,reps_dfp,reps,-reps_partition_entropy -reps_escalate_threshold 0.2 -reps_warmup_explore_rtts 0.5 -reps_explore_prob 70,0.7,2000000,1,770,296.978,214.21699350649334,218.193,233.98,296.978,167.824,377300,660,0,0,177156,660,0,0,0.1749271137026239,0.0,0.1749271137026239,0.0
permutation_random,1100,m,fpar,fpar,oblivious,-threshold 20750 -disable_hop_rtt_normalization,0.7,2000000,2,770,638.979,248.05771428571387,205.282,507.002,638.979,167.465,377300,5054,0,0,213152,5054,0,0,1.339517625231911,0.0,1.339517625231911,0.0
permutation_random,1100,m,reps_uniform_draws,reps_dfp,reps,-dfp_low_uniform,0.7,2000000,2,770,319.679,236.1054324675323,239.027,275.934,319.679,167.465,377300,96,0,0,183271,96,0,0,0.02544394381129075,0.0,0.02544394381129075,0.0
permutation_random,1100,m,reps_share,reps_dfp,reps,,0.7,2000000,2,770,232.396,212.00695324675317,215.916,227.5,232.396,167.465,377300,220,0,0,170435,220,0,0,0.05830903790087463,0.0,0.05830903790087463,0.0
permutation_random,1100,m,reps_partition,reps_dfp,reps,-reps_partition_entropy -reps_escalate_threshold 0.2 -reps_warmup_explore_rtts 0.5 -reps_explore_prob 70,0.7,2000000,2,770,247.88,215.49572467532474,219.547,235.04,247.88,167.471,377300,422,0,0,178935,422,0,0,0.11184733633713226,0.0,0.11184733633713226,0.0
permutation_random,1100,m,fpar,fpar,oblivious,-threshold 20750 -disable_hop_rtt_normalization,0.7,2000000,3,770,672.334,254.34603636363613,205.806,511.904,672.334,168.008,377300,5456,0,0,217386,5456,0,0,1.446064139941691,0.0,1.446064139941691,0.0
permutation_random,1100,m,reps_uniform_draws,reps_dfp,reps,-dfp_low_uniform,0.7,2000000,3,770,398.649,240.86927922077953,243.015,298.897,398.649,167.749,377300,160,0,0,189959,160,0,0,0.042406573018817915,0.0,0.042406573018817915,0.0
permutation_random,1100,m,reps_share,reps_dfp,reps,,0.7,2000000,3,770,237.812,215.7394597402597,219.309,232.341,237.812,167.811,377300,299,0,0,183822,299,0,0,0.07924728332891598,0.0,0.07924728332891598,0.0
permutation_random,1100,m,reps_partition,reps_dfp,reps,-reps_partition_entropy -reps_escalate_threshold 0.2 -reps_warmup_explore_rtts 0.5 -reps_explore_prob 70,0.7,2000000,3,770,275.448,218.22384285714267,221.518,248.709,275.448,167.852,377300,754,0,0,187007,754,0,0,0.19984097535117942,0.0,0.19984097535117942,0.0
permutation_random,1100,m,fpar,fpar,oblivious,-threshold 20750 -disable_hop_rtt_normalization,0.7,2000000,4,770,651.335,256.3955857142856,208.401,567.053,651.335,167.757,377300,5431,0,0,221097,5431,0,0,1.4394381129075007,0.0,1.4394381129075007,0.0
permutation_random,1100,m,reps_uniform_draws,reps_dfp,reps,-dfp_low_uniform,0.7,2000000,4,770,371.983,238.33366363636327,240.609,301.434,371.983,167.841,377300,102,0,0,185869,102,0,0,0.02703419029949642,0.0,0.02703419029949642,0.0
permutation_random,1100,m,reps_share,reps_dfp,reps,,0.7,2000000,4,770,234.195,214.2237818181819,217.841,229.672,234.195,167.885,377300,369,0,0,176390,369,0,0,0.09780015902464882,0.0,0.09780015902464882,0.0
permutation_random,1100,m,reps_partition,reps_dfp,reps,-reps_partition_entropy -reps_escalate_threshold 0.2 -reps_warmup_explore_rtts 0.5 -reps_explore_prob 70,0.7,2000000,4,770,261.711,217.1603337662337,220.69,242.464,261.711,167.867,377300,795,0,0,182990,795,0,0,0.21070765968725153,0.0,0.21070765968725153,0.0
permutation_random,1100,m,fpar,fpar,oblivious,-threshold 20750 -disable_hop_rtt_normalization,0.7,2000000,5,770,745.808,261.0030623376623,205.315,600.474,745.808,167.778,377300,5640,0,0,219903,5640,0,0,1.4948316989133317,0.0,1.4948316989133317,0.0
permutation_random,1100,m,reps_uniform_draws,reps_dfp,reps,-dfp_low_uniform,0.7,2000000,5,770,321.602,235.94382727272705,239.129,277.046,321.602,167.629,377300,137,0,0,183677,137,0,0,0.03631062814736284,0.0,0.03631062814736284,0.0
permutation_random,1100,m,reps_share,reps_dfp,reps,,0.7,2000000,5,770,232.641,211.67795974025984,215.403,228.821,232.641,168.03,377300,239,0,0,172287,239,0,0,0.06334481844685927,0.0,0.06334481844685927,0.0
permutation_random,1100,m,reps_partition,reps_dfp,reps,-reps_partition_entropy -reps_escalate_threshold 0.2 -reps_warmup_explore_rtts 0.5 -reps_explore_prob 70,0.7,2000000,5,770,250.557,214.5226610389608,218.27,233.147,250.557,168.171,377300,569,0,0,177088,569,0,0,0.1508083752981712,0.0,0.1508083752981712,0.0
permutation_random,1100,m,fpar,fpar,oblivious,-threshold 20750 -disable_hop_rtt_normalization,0.7,5000000,1,770,1694.86,639.1071818181822,507.288,1581.14,1694.86,412.646,942480,6452,0,0,569683,6452,0,0,0.6845768610474493,0.0,0.6845768610474493,0.0
permutation_random,1100,m,reps_uniform_draws,reps_dfp,reps,-dfp_low_uniform,0.7,5000000,1,770,748.096,557.6940727272724,564.174,670.102,748.096,412.615,942480,29,0,0,444425,29,0,0,0.003076988371106018,0.0,0.003076988371106018,0.0
permutation_random,1100,m,reps_share,reps_dfp,reps,,0.7,5000000,1,770,618.112,500.3559584415581,506.365,567.388,618.112,413.016,942480,586,0,0,429670,586,0,0,0.06217638570579747,0.0,0.06217638570579747,0.0
permutation_random,1100,m,reps_partition,reps_dfp,reps,-reps_partition_entropy -reps_escalate_threshold 0.2 -reps_warmup_explore_rtts 0.5 -reps_explore_prob 70,0.7,5000000,1,770,789.84,518.4105415584417,517.986,657.196,789.84,413.116,942480,1342,0,0,453152,1342,0,0,0.14239028944911297,0.0,0.14239028944911297,0.0
permutation_random,1100,m,fpar,fpar,oblivious,-threshold 20750 -disable_hop_rtt_normalization,0.7,5000000,2,770,1651.17,604.359993506494,494.875,1251.72,1651.17,412.16,942480,5548,0,0,555482,5548,0,0,0.5886597063067651,0.0,0.5886597063067651,0.0
permutation_random,1100,m,reps_uniform_draws,reps_dfp,reps,-dfp_low_uniform,0.7,5000000,2,770,783.159,560.7900090909094,566.25,671.993,783.159,412.16,942480,121,0,0,451505,121,0,0,0.012838468720821661,0.0,0.012838468720821661,0.0
permutation_random,1100,m,reps_share,reps_dfp,reps,,0.7,5000000,2,770,599.431,501.77745714285834,509.244,559.229,599.431,412.16,942480,641,0,0,432457,641,0,0,0.06801205330617095,0.0,0.06801205330617095,0.0
permutation_random,1100,m,reps_partition,reps_dfp,reps,-reps_partition_entropy -reps_escalate_threshold 0.2 -reps_warmup_explore_rtts 0.5 -reps_explore_prob 70,0.7,5000000,2,770,658.427,520.4063155844156,522.022,637.892,658.427,412.166,942480,1023,0,0,457836,1023,0,0,0.10854341736694678,0.0,0.10854341736694678,0.0
permutation_random,1100,m,fpar,fpar,oblivious,-threshold 20750 -disable_hop_rtt_normalization,0.7,5000000,3,770,1659.85,618.2243038961041,493.614,1315.56,1659.85,412.739,942480,5988,0,0,567813,5988,0,0,0.635345047109753,0.0,0.635345047109753,0.0
permutation_random,1100,m,reps_uniform_draws,reps_dfp,reps,-dfp_low_uniform,0.7,5000000,3,770,888.126,570.081257142857,572.448,725.584,888.126,412.642,942480,185,0,0,463806,185,0,0,0.019629063746710806,0.0,0.019629063746710806,0.0
permutation_random,1100,m,reps_share,reps_dfp,reps,,0.7,5000000,3,770,644.023,511.30549220779227,515.334,598.341,644.023,412.789,942480,599,0,0,459930,599,0,0,0.0635557253204312,0.0,0.0635557253204312,0.0
permutation_random,1100,m,reps_partition,reps_dfp,reps,-reps_partition_entropy -reps_escalate_threshold 0.2 -reps_warmup_explore_rtts 0.5 -reps_explore_prob 70,0.7,5000000,3,770,717.07,528.4666142857149,525.364,681.773,717.07,413.026,942480,1472,0,0,471663,1472,0,0,0.1561836855954503,0.0,0.1561836855954503,0.0
permutation_random,1100,m,fpar,fpar,oblivious,-threshold 20750 -disable_hop_rtt_normalization,0.7,5000000,4,770,1631.81,623.6985545454551,504.811,1508.57,1631.81,412.304,942480,5960,0,0,575411,5960,0,0,0.6323741617859265,0.0,0.6323741617859265,0.0
permutation_random,1100,m,reps_uniform_draws,reps_dfp,reps,-dfp_low_uniform,0.7,5000000,4,770,795.665,565.54582987013,567.945,723.172,795.665,412.58,942480,191,0,0,455351,191,0,0,0.02026568203038791,0.0,0.02026568203038791,0.0
permutation_random,1100,m,reps_share,reps_dfp,reps,,0.7,5000000,4,770,632.73,506.5235155844154,512.732,582.682,632.73,413.327,942480,759,0,0,443025,759,0,0,0.08053221288515407,0.0,0.08053221288515407,0.0
permutation_random,1100,m,reps_partition,reps_dfp,reps,-reps_partition_entropy -reps_escalate_threshold 0.2 -reps_warmup_explore_rtts 0.5 -reps_explore_prob 70,0.7,5000000,4,770,691.35,524.8442337662328,522.691,666.979,691.35,412.898,942480,1216,0,0,461317,1216,0,0,0.12902130549189372,0.0,0.12902130549189372,0.0
permutation_random,1100,m,fpar,fpar,oblivious,-threshold 20750 -disable_hop_rtt_normalization,0.7,5000000,5,770,1939.35,635.7275870129866,492.984,1488.21,1939.35,413.032,942480,6139,0,0,566861,6139,0,0,0.6513666072489602,0.0,0.6513666072489602,0.0
permutation_random,1100,m,reps_uniform_draws,reps_dfp,reps,-dfp_low_uniform,0.7,5000000,5,770,764.454,561.6487051948053,566.985,702.278,764.454,412.885,942480,167,0,0,455682,167,0,0,0.017719208895679486,0.0,0.017719208895679486,0.0
permutation_random,1100,m,reps_share,reps_dfp,reps,,0.7,5000000,5,770,612.358,501.2677363636361,508.181,567.816,612.358,413.401,942480,620,0,0,431017,620,0,0,0.06578388931330108,0.0,0.06578388931330108,0.0
permutation_random,1100,m,reps_partition,reps_dfp,reps,-reps_partition_entropy -reps_escalate_threshold 0.2 -reps_warmup_explore_rtts 0.5 -reps_explore_prob 70,0.7,5000000,5,770,682.244,518.9776116883125,518.527,649.646,682.244,413.435,942480,1436,0,0,452668,1436,0,0,0.15236397589338765,0.0,0.15236397589338765,0.0
permutation_random,1100,m,fpar,fpar,oblivious,-threshold 20750 -disable_hop_rtt_normalization,0.7,10000000,1,770,3375.37,1273.3601688311696,1001.03,3126.48,3375.37,820.911,1884960,7408,0,0,1159349,7408,0,0,0.39300568712333417,0.0,0.39300568712333417,0.0
permutation_random,1100,m,reps_uniform_draws,reps_dfp,reps,-dfp_low_uniform,0.7,10000000,1,770,1526.42,1095.71528051948,1106.16,1310.17,1526.42,821.21,1884960,65,0,0,882131,65,0,0,0.003448349036584331,0.0,0.003448349036584331,0.0
permutation_random,1100,m,reps_share,reps_dfp,reps,,0.7,10000000,1,770,1211.84,982.9839038961039,990.968,1130.81,1211.84,821.594,1884960,1037,0,0,857665,1037,0,0,0.055014430014430016,0.0,0.055014430014430016,0.0
permutation_random,1100,m,reps_partition,reps_dfp,reps,-reps_partition_entropy -reps_escalate_threshold 0.2 -reps_warmup_explore_rtts 0.5 -reps_explore_prob 70,0.7,10000000,1,770,1441.32,1026.581980519482,1023.91,1248.68,1441.32,822.034,1884960,2227,0,0,912995,2227,0,0,0.11814574314574315,0.0,0.11814574314574315,0.0
permutation_random,1100,m,fpar,fpar,oblivious,-threshold 20750 -disable_hop_rtt_normalization,0.7,10000000,2,770,3315.64,1198.7470662337653,982.179,2495.13,3315.64,820.008,1884960,6409,0,0,1128711,6409,0,0,0.340007215007215,0.0,0.340007215007215,0.0
permutation_random,1100,m,reps_uniform_draws,reps_dfp,reps,-dfp_low_uniform,0.7,10000000,2,770,1467.46,1102.3938000000003,1109.94,1314.77,1467.46,819.994,1884960,175,0,0,895075,175,0,0,0.009284016636957814,0.0,0.009284016636957814,0.0
permutation_random,1100,m,reps_share,reps_dfp,reps,,0.7,10000000,2,770,1239.32,986.7288311688312,997.125,1133.14,1239.32,819.994,1884960,1245,0,0,859628,1245,0,0,0.06604914693149987,0.0,0.06604914693149987,0.0
permutation_random,1100,m,reps_partition,reps_dfp,reps,-reps_partition_entropy -reps_escalate_threshold 0.2 -reps_warmup_explore_rtts 0.5 -reps_explore_prob 70,0.7,10000000,2,770,1359.9,1031.5257532467535,1030.37,1239.98,1359.9,820.098,1884960,1670,0,0,920516,1670,0,0,0.08859604447839742,0.0,0.08859604447839742,0.0
permutation_random,1100,m,fpar,fpar,oblivious,-threshold 20750 -disable_hop_rtt_normalization,0.7,10000000,3,770,3328.87,1229.4298883116871,981.604,2624.15,3328.87,821.571,1884960,6550,0,0,1153833,6550,0,0,0.347487479840421,0.0,0.347487479840421,0.0
permutation_random,1100,m,reps_uniform_draws,reps_dfp,reps,-dfp_low_uniform,0.7,10000000,3,770,1674.0,1120.9435909090912,1123.01,1375.14,1674.0,821.19,1884960,231,0,0,916718,231,0,0,0.012254901960784314,0.0,0.012254901960784314,0.0
permutation_random,1100,m,reps_share,reps_dfp,reps,,0.7,10000000,3,770,1228.52,1004.2789961038959,1009.98,1185.78,1228.52,821.481,1884960,1013,0,0,912939,1013,0,0,0.0537411934470758,0.0,0.0537411934470758,0.0
permutation_random,1100,m,reps_partition,reps_dfp,reps,-reps_partition_entropy -reps_escalate_threshold 0.2 -reps_warmup_explore_rtts 0.5 -reps_explore_prob 70,0.7,10000000,3,770,1340.21,1048.2536415584416,1039.42,1319.47,1340.21,821.958,1884960,2232,0,0,946155,2232,0,0,0.11841100076394194,0.0,0.11841100076394194,0.0
permutation_random,1100,m,fpar,fpar,oblivious,-threshold 20750 -disable_hop_rtt_normalization,0.7,10000000,4,770,3247.74,1235.6654506493517,1002.77,2870.14,3247.74,820.26,1884960,6600,0,0,1170055,6600,0,0,0.35014005602240894,0.0,0.35014005602240894,0.0
permutation_random,1100,m,reps_uniform_draws,reps_dfp,reps,-dfp_low_uniform,0.7,10000000,4,770,1504.0,1112.0436870129881,1114.41,1421.53,1504.0,821.312,1884960,238,0,0,902358,238,0,0,0.012626262626262626,0.0,0.012626262626262626,0.0
permutation_random,1100,m,reps_share,reps_dfp,reps,,0.7,10000000,4,770,1226.65,995.3863766233771,1004.95,1162.51,1226.65,821.842,1884960,1166,0,0,883433,1166,0,0,0.06185807656395892,0.0,0.06185807656395892,0.0
permutation_random,1100,m,reps_partition,reps_dfp,reps,-reps_partition_entropy -reps_escalate_threshold 0.2 -reps_warmup_explore_rtts 0.5 -reps_explore_prob 70,0.7,10000000,4,770,1359.47,1041.2583974025983,1032.4,1297.45,1359.47,821.105,1884960,2063,0,0,928018,2063,0,0,0.10944529326882269,0.0,0.10944529326882269,0.0
permutation_random,1100,m,fpar,fpar,oblivious,-threshold 20750 -disable_hop_rtt_normalization,0.7,10000000,5,770,3888.02,1262.704528571429,976.93,3066.0,3888.02,821.461,1884960,6775,0,0,1154184,6775,0,0,0.35942407265936677,0.0,0.35942407265936677,0.0
permutation_random,1100,m,reps_uniform_draws,reps_dfp,reps,-dfp_low_uniform,0.7,10000000,5,770,1436.81,1104.2683675324672,1110.58,1378.26,1436.81,821.251,1884960,184,0,0,901063,184,0,0,0.009761480349715643,0.0,0.009761480349715643,0.0
permutation_random,1100,m,reps_share,reps_dfp,reps,,0.7,10000000,5,770,1212.67,985.0873324675322,995.128,1132.09,1212.67,822.12,1884960,1318,0,0,861081,1318,0,0,0.06992190815720227,0.0,0.06992190815720227,0.0
permutation_random,1100,m,reps_partition,reps_dfp,reps,-reps_partition_entropy -reps_escalate_threshold 0.2 -reps_warmup_explore_rtts 0.5 -reps_explore_prob 70,0.7,10000000,5,770,1334.49,1028.6419831168826,1024.89,1249.15,1334.49,822.493,1884960,2356,0,0,911111,2356,0,0,0.12498938969527205,0.0,0.12498938969527205,0.0
permutation_random,1100,m,fpar,fpar,oblivious,-threshold 20750 -disable_hop_rtt_normalization,0.8,100000,1,880,43.6258,24.64021068181819,23.4901,39.4459,43.6258,12.4702,22000,29,0,0,7606,29,0,0,0.1318181818181818,0.0,0.1318181818181818,0.0
permutation_random,1100,m,reps_uniform_draws,reps_dfp,reps,-dfp_low_uniform,0.8,100000,1,880,32.6301,27.105640681818155,27.649,31.4096,32.6301,12.4702,22000,0,0,0,6904,0,0,0,0.0,0.0,0.0,0.0
permutation_random,1100,m,reps_share,reps_dfp,reps,,0.8,100000,1,880,31.2856,25.07088931818184,25.4901,29.7736,31.2856,12.4702,22000,0,0,0,6953,0,0,0,0.0,0.0,0.0,0.0
permutation_random,1100,m,reps_partition,reps_dfp,reps,-reps_partition_entropy -reps_escalate_threshold 0.2 -reps_warmup_explore_rtts 0.5 -reps_explore_prob 70,0.8,100000,1,880,31.3061,25.593460909090954,26.137,29.8186,31.3061,12.4702,22000,0,0,0,7065,0,0,0,0.0,0.0,0.0,0.0
permutation_random,1100,m,fpar,fpar,oblivious,-threshold 20750 -disable_hop_rtt_normalization,0.8,100000,2,880,37.5894,24.33503681818181,23.4656,34.9136,37.5894,12.4702,22000,0,0,0,7393,0,0,0,0.0,0.0,0.0,0.0
permutation_random,1100,m,reps_uniform_draws,reps_dfp,reps,-dfp_low_uniform,0.8,100000,2,880,33.6317,27.388345681818187,27.9398,31.6483,33.6317,12.4702,22000,0,0,0,6916,0,0,0,0.0,0.0,0.0,0.0
permutation_random,1100,m,reps_share,reps_dfp,reps,,0.8,100000,2,880,31.4661,25.432460568181817,25.809,29.8032,31.4661,12.4702,22000,0,0,0,7009,0,0,0,0.0,0.0,0.0,0.0
permutation_random,1100,m,reps_partition,reps_dfp,reps,-reps_partition_entropy -reps_escalate_threshold 0.2 -reps_warmup_explore_rtts 0.5 -reps_explore_prob 70,0.8,100000,2,880,34.4915,25.788325340909076,26.1461,32.6664,34.4915,12.4702,22000,0,0,0,7134,0,0,0,0.0,0.0,0.0,0.0
permutation_random,1100,m,fpar,fpar,oblivious,-threshold 20750 -disable_hop_rtt_normalization,0.8,100000,3,880,40.6088,24.456912840909055,23.305,36.8258,40.6088,12.6411,22000,12,0,0,7450,12,0,0,0.05454545454545454,0.0,0.05454545454545454,0.0
permutation_random,1100,m,reps_uniform_draws,reps_dfp,reps,-dfp_low_uniform,0.8,100000,3,880,33.6363,27.785414318181843,28.2907,31.5816,33.6363,12.4754,22000,0,0,0,6963,0,0,0,0.0,0.0,0.0,0.0
permutation_random,1100,m,reps_share,reps_dfp,reps,,0.8,100000,3,880,32.9643,25.504347272727298,25.7936,29.6392,32.9643,12.4754,22000,0,0,0,6980,0,0,0,0.0,0.0,0.0,0.0
permutation_random,1100,m,reps_partition,reps_dfp,reps,-reps_partition_entropy -reps_escalate_threshold 0.2 -reps_warmup_explore_rtts 0.5 -reps_explore_prob 70,0.8,100000,3,880,32.2816,25.967030795454555,26.2936,30.9296,32.2816,12.4754,22000,0,0,0,7085,0,0,0,0.0,0.0,0.0,0.0
permutation_random,1100,m,fpar,fpar,oblivious,-threshold 20750 -disable_hop_rtt_normalization,0.8,100000,4,880,41.5928,24.40701977272728,23.6376,35.2814,41.5928,12.4754,22000,10,0,0,7435,10,0,0,0.045454545454545456,0.0,0.045454545454545456,0.0
permutation_random,1100,m,reps_uniform_draws,reps_dfp,reps,-dfp_low_uniform,0.8,100000,4,880,32.4774,27.447338863636364,27.9707,30.785,32.4774,12.4702,22000,0,0,0,6956,0,0,0,0.0,0.0,0.0,0.0
permutation_random,1100,m,reps_share,reps_dfp,reps,,0.8,100000,4,880,31.6397,25.431862272727273,25.7896,30.1176,31.6397,12.4702,22000,0,0,0,6937,0,0,0,0.0,0.0,0.0,0.0
permutation_random,1100,m,reps_partition,reps_dfp,reps,-reps_partition_entropy -reps_escalate_threshold 0.2 -reps_warmup_explore_rtts 0.5 -reps_explore_prob 70,0.8,100000,4,880,31.6176,25.899756590909096,26.2976,30.5776,31.6176,12.4702,22000,0,0,0,7114,0,0,0,0.0,0.0,0.0,0.0
permutation_random,1100,m,fpar,fpar,oblivious,-threshold 20750 -disable_hop_rtt_normalization,0.8,100000,5,880,46.1627,25.035251818181834,23.4707,40.8627,46.1627,12.6411,22000,61,0,0,7896,61,0,0,0.2772727272727273,0.0,0.2772727272727273,0.0
permutation_random,1100,m,reps_uniform_draws,reps_dfp,reps,-dfp_low_uniform,0.8,100000,5,880,34.0235,27.395624886363652,27.9638,31.8014,34.0235,12.4702,22000,0,0,0,6946,0,0,0,0.0,0.0,0.0,0.0
permutation_random,1100,m,reps_share,reps_dfp,reps,,0.8,100000,5,880,31.1341,25.458417840909124,25.9656,29.629,31.1341,12.4702,22000,0,0,0,7002,0,0,0,0.0,0.0,0.0,0.0
permutation_random,1100,m,reps_partition,reps_dfp,reps,-reps_partition_entropy -reps_escalate_threshold 0.2 -reps_warmup_explore_rtts 0.5 -reps_explore_prob 70,0.8,100000,5,880,30.9667,25.593988409090894,26.0059,29.9496,30.9667,12.4754,22000,0,0,0,7062,0,0,0,0.0,0.0,0.0,0.0
permutation_random,1100,m,fpar,fpar,oblivious,-threshold 20750 -disable_hop_rtt_normalization,0.8,250000,1,880,86.0157,44.39251715909087,42.295,73.7229,86.0157,24.6802,54560,2056,0,0,23024,2056,0,0,3.768328445747801,0.0,3.768328445747801,0.0
permutation_random,1100,m,reps_uniform_draws,reps_dfp,reps,-dfp_low_uniform,0.8,250000,1,880,56.4843,47.154739545454525,48.0312,54.4854,56.4843,24.675,54560,0,0,0,21778,0,0,0,0.0,0.0,0.0,0.0
permutation_random,1100,m,reps_share,reps_dfp,reps,,0.8,250000,1,880,50.931,43.0710880681819,43.955,49.8656,50.931,24.6802,54560,0,0,0,20303,0,0,0,0.0,0.0,0.0,0.0
permutation_random,1100,m,reps_partition,reps_dfp,reps,-reps_partition_entropy -reps_escalate_threshold 0.2 -reps_warmup_explore_rtts 0.5 -reps_explore_prob 70,0.8,250000,1,880,51.9669,42.836972727272716,43.6885,49.9962,51.9669,24.6802,54560,0,0,0,20149,0,0,0,0.0,0.0,0.0,0.0
permutation_random,1100,m,fpar,fpar,oblivious,-threshold 20750 -disable_hop_rtt_normalization,0.8,250000,2,880,76.3376,43.71914443181815,42.468,65.2989,76.3376,24.6802,54560,1291,0,0,22335,1291,0,0,2.3662023460410557,0.0,2.3662023460410557,0.0
permutation_random,1100,m,reps_uniform_draws,reps_dfp,reps,-dfp_low_uniform,0.8,250000,2,880,56.7139,47.963428522727284,48.7146,54.911,56.7139,24.6802,54560,13,0,0,22381,13,0,0,0.023826979472140762,0.0,0.023826979472140762,0.0
permutation_random,1100,m,reps_share,reps_dfp,reps,,0.8,250000,2,880,53.1062,43.91935375000003,44.7419,51.3808,53.1062,24.6802,54560,9,0,0,20807,9,0,0,0.016495601173020527,0.0,0.016495601173020527,0.0
permutation_random,1100,m,reps_partition,reps_dfp,reps,-reps_partition_entropy -reps_escalate_threshold 0.2 -reps_warmup_explore_rtts 0.5 -reps_explore_prob 70,0.8,250000,2,880,54.5099,43.605341704545474,44.324,52.5162,54.5099,24.6802,54560,4,0,0,20661,4,0,0,0.007331378299120235,0.0,0.007331378299120235,0.0
permutation_random,1100,m,fpar,fpar,oblivious,-threshold 20750 -disable_hop_rtt_normalization,0.8,250000,3,880,79.4579,44.01058090909094,42.2794,71.46,79.4579,24.9661,54560,1700,0,0,22393,1700,0,0,3.1158357771260996,0.0,3.1158357771260996,0.0
permutation_random,1100,m,reps_uniform_draws,reps_dfp,reps,-dfp_low_uniform,0.8,250000,3,880,60.0768,48.850138522727285,49.3746,56.6365,60.0768,24.9507,54560,11,0,0,23107,11,0,0,0.020161290322580645,0.0,0.020161290322580645,0.0
permutation_random,1100,m,reps_share,reps_dfp,reps,,0.8,250000,3,880,52.3907,44.10180522727274,44.8856,49.9885,52.3907,24.9342,54560,0,0,0,21269,0,0,0,0.0,0.0,0.0,0.0
permutation_random,1100,m,reps_partition,reps_dfp,reps,-reps_partition_entropy -reps_escalate_threshold 0.2 -reps_warmup_explore_rtts 0.5 -reps_explore_prob 70,0.8,250000,3,880,54.2024,43.7294189772727,44.0414,51.813,54.2024,24.9456,54560,5,0,0,20762,5,0,0,0.009164222873900294,0.0,0.009164222873900294,0.0
permutation_random,1100,m,fpar,fpar,oblivious,-threshold 20750 -disable_hop_rtt_normalization,0.8,250000,4,880,78.9925,43.824945340909075,42.3605,65.8891,78.9925,24.7006,54560,1361,0,0,22574,1361,0,0,2.49450146627566,0.0,2.49450146627566,0.0
permutation_random,1100,m,reps_uniform_draws,reps_dfp,reps,-dfp_low_uniform,0.8,250000,4,880,56.4274,47.957731704545395,48.6253,55.0339,56.4274,24.7058,54560,1,0,0,22470,1,0,0,0.0018328445747800588,0.0,0.0018328445747800588,0.0
permutation_random,1100,m,reps_share,reps_dfp,reps,,0.8,250000,4,880,53.3165,43.91498909090914,44.8034,51.259,53.3165,24.6955,54560,0,0,0,20958,0,0,0,0.0,0.0,0.0,0.0
permutation_random,1100,m,reps_partition,reps_dfp,reps,-reps_partition_entropy -reps_escalate_threshold 0.2 -reps_warmup_explore_rtts 0.5 -reps_explore_prob 70,0.8,250000,4,880,52.5834,43.52071545454552,44.2256,50.9965,52.5834,24.7006,54560,3,0,0,20636,3,0,0,0.005498533724340176,0.0,0.005498533724340176,0.0
permutation_random,1100,m,fpar,fpar,oblivious,-threshold 20750 -disable_hop_rtt_normalization,0.8,250000,5,880,93.7285,45.43535125000002,43.291,80.3469,93.7285,24.7109,54560,2586,0,0,23903,2586,0,0,4.739736070381231,0.0,4.739736070381231,0.0
permutation_random,1100,m,reps_uniform_draws,reps_dfp,reps,-dfp_low_uniform,0.8,250000,5,880,58.6066,48.150611818181815,48.7054,56.2982,58.6066,24.6904,54560,12,0,0,22460,12,0,0,0.021994134897360705,0.0,0.021994134897360705,0.0
permutation_random,1100,m,reps_share,reps_dfp,reps,,0.8,250000,5,880,53.5933,44.171659999999974,44.6845,52.7805,53.5933,24.6955,54560,3,0,0,20774,3,0,0,0.005498533724340176,0.0,0.005498533724340176,0.0
permutation_random,1100,m,reps_partition,reps_dfp,reps,-reps_partition_entropy -reps_escalate_threshold 0.2 -reps_warmup_explore_rtts 0.5 -reps_explore_prob 70,0.8,250000,5,880,53.0038,43.01727999999998,43.7187,50.5296,53.0038,24.9405,54560,3,0,0,20087,3,0,0,0.005498533724340176,0.0,0.005498533724340176,0.0
permutation_random,1100,m,fpar,fpar,oblivious,-threshold 20750 -disable_hop_rtt_normalization,0.8,500000,1,880,177.72,75.50463329545451,68.3341,157.541,177.72,45.0744,108240,5553,0,0,56857,5553,0,0,5.130266075388026,0.0,5.130266075388026,0.0
permutation_random,1100,m,reps_uniform_draws,reps_dfp,reps,-dfp_low_uniform,0.8,500000,1,880,95.8051,79.34021136363639,80.6752,91.9397,95.8051,45.1154,108240,55,0,0,53530,55,0,0,0.0508130081300813,0.0,0.0508130081300813,0.0
permutation_random,1100,m,reps_share,reps_dfp,reps,,0.8,500000,1,880,81.4158,71.57033113636359,73.4376,80.3291,81.4158,45.0795,108240,70,0,0,52713,70,0,0,0.0646711012564671,0.0,0.0646711012564671,0.0
permutation_random,1100,m,reps_partition,reps_dfp,reps,-reps_partition_entropy -reps_escalate_threshold 0.2 -reps_warmup_explore_rtts 0.5 -reps_explore_prob 70,0.8,500000,1,880,79.8154,69.41287363636367,70.8712,78.7928,79.8154,45.1205,108240,58,0,0,48486,58,0,0,0.05358462675535846,0.0,0.05358462675535846,0.0
permutation_random,1100,m,fpar,fpar,oblivious,-threshold 20750 -disable_hop_rtt_normalization,0.8,500000,2,880,159.813,73.21091068181825,67.2878,125.43,159.813,45.1,108240,4675,0,0,56057,4675,0,0,4.319105691056911,0.0,4.319105691056911,0.0
permutation_random,1100,m,reps_uniform_draws,reps_dfp,reps,-dfp_low_uniform,0.8,500000,2,880,95.5488,80.14312375000002,81.5434,91.8848,95.5488,45.1256,108240,78,0,0,55043,78,0,0,0.07206208425720621,0.0,0.07206208425720621,0.0
permutation_random,1100,m,reps_share,reps_dfp,reps,,0.8,500000,2,880,85.244,72.50656454545454,74.3781,82.7891,85.244,45.1307,108240,136,0,0,53972,136,0,0,0.12564671101256467,0.0,0.12564671101256467,0.0
permutation_random,1100,m,reps_partition,reps_dfp,reps,-reps_partition_entropy -reps_escalate_threshold 0.2 -reps_warmup_explore_rtts 0.5 -reps_explore_prob 70,0.8,500000,2,880,81.3368,70.29701431818177,71.9302,78.7866,81.3368,45.1205,108240,128,0,0,49541,128,0,0,0.11825572801182557,0.0,0.11825572801182557,0.0
permutation_random,1100,m,fpar,fpar,oblivious,-threshold 20750 -disable_hop_rtt_normalization,0.8,500000,3,880,158.141,73.63150874999998,67.4136,135.066,158.141,45.5706,108240,4626,0,0,55834,4626,0,0,4.273835920177383,0.0,4.273835920177383,0.0
permutation_random,1100,m,reps_uniform_draws,reps_dfp,reps,-dfp_low_uniform,0.8,500000,3,880,95.7645,80.95427136363628,82.3037,91.7317,95.7645,45.1771,108240,76,0,0,57200,76,0,0,0.07021433850702144,0.0,0.07021433850702144,0.0
permutation_random,1100,m,reps_share,reps_dfp,reps,,0.8,500000,3,880,81.904,73.37484261363646,75.0664,81.1939,81.904,45.2842,108240,107,0,0,57085,107,0,0,0.09885439763488545,0.0,0.09885439763488545,0.0
permutation_random,1100,m,reps_partition,reps_dfp,reps,-reps_partition_entropy -reps_escalate_threshold 0.2 -reps_warmup_explore_rtts 0.5 -reps_explore_prob 70,0.8,500000,3,880,82.8342,71.38244000000002,72.5528,80.7416,82.8342,45.1256,108240,114,0,0,50732,114,0,0,0.10532150776053215,0.0,0.10532150776053215,0.0
permutation_random,1100,m,fpar,fpar,oblivious,-threshold 20750 -disable_hop_rtt_normalization,0.8,500000,4,880,163.03,74.34332170454547,68.7779,125.12,163.03,45.3162,108240,4918,0,0,57008,4918,0,0,4.543606799704361,0.0,4.543606799704361,0.0
permutation_random,1100,m,reps_uniform_draws,reps_dfp,reps,-dfp_low_uniform,0.8,500000,4,880,92.4256,80.00026829545446,81.3251,90.0443,92.4256,45.1,108240,26,0,0,55380,26,0,0,0.02402069475240207,0.0,0.02402069475240207,0.0
permutation_random,1100,m,reps_share,reps_dfp,reps,,0.8,500000,4,880,82.5435,73.00996625000005,74.7914,81.3354,82.5435,45.1461,108240,124,0,0,55040,124,0,0,0.11456023651145603,0.0,0.11456023651145603,0.0
permutation_random,1100,m,reps_partition,reps_dfp,reps,-reps_partition_entropy -reps_escalate_threshold 0.2 -reps_warmup_explore_rtts 0.5 -reps_explore_prob 70,0.8,500000,4,880,81.1854,70.7504198863636,72.2354,79.4139,81.1854,45.2414,108240,137,0,0,49913,137,0,0,0.12657058388765705,0.0,0.12657058388765705,0.0
permutation_random,1100,m,fpar,fpar,oblivious,-threshold 20750 -disable_hop_rtt_normalization,0.8,500000,5,880,197.483,77.03898897727284,68.4021,154.596,197.483,45.3421,108240,6028,0,0,58613,6028,0,0,5.569105691056911,0.0,5.569105691056911,0.0
permutation_random,1100,m,reps_uniform_draws,reps_dfp,reps,-dfp_low_uniform,0.8,500000,5,880,97.1138,80.4513880681818,81.7581,92.0376,97.1138,45.2858,108240,64,0,0,55852,64,0,0,0.059127864005912786,0.0,0.059127864005912786,0.0
permutation_random,1100,m,reps_share,reps_dfp,reps,,0.8,500000,5,880,82.7307,72.37931965909094,74.3531,81.2198,82.7307,45.1205,108240,177,0,0,54248,177,0,0,0.16352549889135254,0.0,0.16352549889135254,0.0
permutation_random,1100,m,reps_partition,reps_dfp,reps,-reps_partition_entropy -reps_escalate_threshold 0.2 -reps_warmup_explore_rtts 0.5 -reps_explore_prob 70,0.8,500000,5,880,81.2346,70.12185034090915,71.4942,79.6611,81.2346,45.1205,108240,80,0,0,48762,80,0,0,0.07390983000739099,0.0,0.07390983000739099,0.0
permutation_random,1100,m,fpar,fpar,oblivious,-threshold 20750 -disable_hop_rtt_normalization,0.8,2000000,1,880,710.591,267.67486931818183,218.318,624.552,710.591,167.908,431200,7441,0,0,252771,7441,0,0,1.7256493506493507,0.0,1.7256493506493507,0.0
permutation_random,1100,m,reps_uniform_draws,reps_dfp,reps,-dfp_low_uniform,0.8,2000000,1,880,409.672,252.11567840909106,253.896,341.919,409.672,167.76,431200,204,0,0,239256,204,0,0,0.04730983302411874,0.0,0.04730983302411874,0.0
permutation_random,1100,m,reps_share,reps_dfp,reps,,0.8,2000000,1,880,282.711,227.90876818181806,232.511,266.352,282.711,167.936,431200,522,0,0,250389,522,0,0,0.12105751391465677,0.0,0.12105751391465677,0.0
permutation_random,1100,m,reps_partition,reps_dfp,reps,-reps_partition_entropy -reps_escalate_threshold 0.2 -reps_warmup_explore_rtts 0.5 -reps_explore_prob 70,0.8,2000000,1,880,335.06,232.55589090909075,233.049,298.987,335.06,168.061,431200,1352,0,0,246994,1352,0,0,0.313543599257885,0.0,0.313543599257885,0.0
permutation_random,1100,m,fpar,fpar,oblivious,-threshold 20750 -disable_hop_rtt_normalization,0.8,2000000,2,880,668.404,257.23280113636366,213.492,523.11,668.404,167.839,431200,6635,0,0,250205,6635,0,0,1.5387291280148423,0.0,1.5387291280148423,0.0
permutation_random,1100,m,reps_uniform_draws,reps_dfp,reps,-dfp_low_uniform,0.8,2000000,2,880,409.038,254.669096590909,255.382,342.924,409.038,167.686,431200,199,0,0,244902,199,0,0,0.046150278293135436,0.0,0.046150278293135436,0.0
permutation_random,1100,m,reps_share,reps_dfp,reps,,0.8,2000000,2,880,293.163,230.24117954545432,233.59,279.265,293.163,167.89,431200,868,0,0,251348,868,0,0,0.2012987012987013,0.0,0.2012987012987013,0.0
permutation_random,1100,m,reps_partition,reps_dfp,reps,-reps_partition_entropy -reps_escalate_threshold 0.2 -reps_warmup_explore_rtts 0.5 -reps_explore_prob 70,0.8,2000000,2,880,337.144,235.21632840909115,235.177,300.764,337.144,167.834,431200,1394,0,0,252218,1394,0,0,0.3232838589981447,0.0,0.3232838589981447,0.0
permutation_random,1100,m,fpar,fpar,oblivious,-threshold 20750 -disable_hop_rtt_normalization,0.8,2000000,3,880,672.369,258.79592954545456,213.289,518.979,672.369,167.739,431200,6734,0,0,252256,6734,0,0,1.5616883116883118,0.0,1.5616883116883118,0.0
permutation_random,1100,m,reps_uniform_draws,reps_dfp,reps,-dfp_low_uniform,0.8,2000000,3,880,405.112,258.1492352272729,256.943,359.499,405.112,167.81,431200,247,0,0,249293,247,0,0,0.05728200371057514,0.0,0.05728200371057514,0.0
permutation_random,1100,m,reps_share,reps_dfp,reps,,0.8,2000000,3,880,314.308,234.01649090909083,236.903,281.647,314.308,168.008,431200,603,0,0,266070,603,0,0,0.13984230055658628,0.0,0.13984230055658628,0.0
permutation_random,1100,m,reps_partition,reps_dfp,reps,-reps_partition_entropy -reps_escalate_threshold 0.2 -reps_warmup_explore_rtts 0.5 -reps_explore_prob 70,0.8,2000000,3,880,363.248,239.47091590909082,237.55,316.535,363.248,168.085,431200,1773,0,0,257901,1773,0,0,0.41117810760667906,0.0,0.41117810760667906,0.0
permutation_random,1100,m,fpar,fpar,oblivious,-threshold 20750 -disable_hop_rtt_normalization,0.8,2000000,4,880,651.919,263.63334659090896,225.913,566.559,651.919,167.828,431200,6708,0,0,259958,6708,0,0,1.5556586270871986,0.0,1.5556586270871986,0.0
permutation_random,1100,m,reps_uniform_draws,reps_dfp,reps,-dfp_low_uniform,0.8,2000000,4,880,369.269,255.7533568181819,256.678,337.452,369.269,167.86,431200,81,0,0,249455,81,0,0,0.0187847866419295,0.0,0.0187847866419295,0.0
permutation_random,1100,m,reps_share,reps_dfp,reps,,0.8,2000000,4,880,295.953,231.471905681818,234.721,275.736,295.953,167.921,431200,653,0,0,260061,653,0,0,0.15143784786641928,0.0,0.15143784786641928,0.0
permutation_random,1100,m,reps_partition,reps_dfp,reps,-reps_partition_entropy -reps_escalate_threshold 0.2 -reps_warmup_explore_rtts 0.5 -reps_explore_prob 70,0.8,2000000,4,880,368.065,237.85896022727277,235.871,312.254,368.065,167.963,431200,1463,0,0,254157,1463,0,0,0.3392857142857143,0.0,0.3392857142857143,0.0
permutation_random,1100,m,fpar,fpar,oblivious,-threshold 20750 -disable_hop_rtt_normalization,0.8,2000000,5,880,794.428,273.7710999999995,218.321,673.821,794.428,167.88,431200,7833,0,0,260555,7833,0,0,1.8165584415584415,0.0,1.8165584415584415,0.0
permutation_random,1100,m,reps_uniform_draws,reps_dfp,reps,-dfp_low_uniform,0.8,2000000,5,880,415.717,255.05047386363646,254.776,338.491,415.717,168.079,431200,226,0,0,244363,226,0,0,0.05241187384044527,0.0,0.05241187384044527,0.0
permutation_random,1100,m,reps_share,reps_dfp,reps,,0.8,2000000,5,880,314.97,229.41584886363617,232.721,275.7,314.97,168.275,431200,820,0,0,251189,820,0,0,0.1901669758812616,0.0,0.1901669758812616,0.0
permutation_random,1100,m,reps_partition,reps_dfp,reps,-reps_partition_entropy -reps_escalate_threshold 0.2 -reps_warmup_explore_rtts 0.5 -reps_explore_prob 70,0.8,2000000,5,880,322.552,234.46233636363655,233.974,300.384,322.552,168.036,431200,1630,0,0,249171,1630,0,0,0.3780148423005566,0.0,0.3780148423005566,0.0
permutation_random,1100,m,fpar,fpar,oblivious,-threshold 20750 -disable_hop_rtt_normalization,0.8,5000000,1,880,1807.1,654.1580477272736,532.579,1567.63,1807.1,412.922,1077120,8094,0,0,661565,8094,0,0,0.7514483065953654,0.0,0.7514483065953654,0.0
permutation_random,1100,m,reps_uniform_draws,reps_dfp,reps,-dfp_low_uniform,0.8,5000000,1,880,927.141,598.9511795454546,600.616,777.648,927.141,412.876,1077120,203,0,0,573733,203,0,0,0.018846553773024362,0.0,0.018846553773024362,0.0
permutation_random,1100,m,reps_share,reps_dfp,reps,,0.8,5000000,1,880,740.428,541.1284136363641,544.929,658.628,740.428,413.406,1077120,989,0,0,600755,989,0,0,0.09181892453951278,0.0,0.09181892453951278,0.0
permutation_random,1100,m,reps_partition,reps_dfp,reps,-reps_partition_entropy -reps_escalate_threshold 0.2 -reps_warmup_explore_rtts 0.5 -reps_explore_prob 70,0.8,5000000,1,880,789.819,561.986357954546,557.959,718.348,789.819,413.166,1077120,1700,0,0,591885,1700,0,0,0.15782828282828282,0.0,0.15782828282828282,0.0
permutation_random,1100,m,fpar,fpar,oblivious,-threshold 20750 -disable_hop_rtt_normalization,0.8,5000000,2,880,1662.12,626.4530727272731,516.608,1260.52,1662.12,412.784,1077120,7324,0,0,649241,7324,0,0,0.6799613784907903,0.0,0.6799613784907903,0.0
permutation_random,1100,m,reps_uniform_draws,reps_dfp,reps,-dfp_low_uniform,0.8,5000000,2,880,991.905,603.974910227273,602.337,781.156,991.905,412.816,1077120,203,0,0,583386,203,0,0,0.018846553773024362,0.0,0.018846553773024362,0.0
permutation_random,1100,m,reps_share,reps_dfp,reps,,0.8,5000000,2,880,712.203,545.8522250000007,546.49,679.932,712.203,413.4,1077120,1199,0,0,599219,1199,0,0,0.11131535947712418,0.0,0.11131535947712418,0.0
permutation_random,1100,m,reps_partition,reps_dfp,reps,-reps_partition_entropy -reps_escalate_threshold 0.2 -reps_warmup_explore_rtts 0.5 -reps_explore_prob 70,0.8,5000000,2,880,794.236,567.9822965909087,563.238,733.723,794.236,412.98,1077120,1788,0,0,597752,1788,0,0,0.1659982174688057,0.0,0.1659982174688057,0.0
permutation_random,1100,m,fpar,fpar,oblivious,-threshold 20750 -disable_hop_rtt_normalization,0.8,5000000,3,880,1676.35,630.1069352272727,517.502,1280.23,1676.35,413.437,1077120,7285,0,0,658617,7285,0,0,0.6763406120023767,0.0,0.6763406120023767,0.0
permutation_random,1100,m,reps_uniform_draws,reps_dfp,reps,-dfp_low_uniform,0.8,5000000,3,880,943.922,612.8184306818188,607.16,814.528,943.922,413.085,1077120,280,0,0,591253,280,0,0,0.025995246583481877,0.0,0.025995246583481877,0.0
permutation_random,1100,m,reps_share,reps_dfp,reps,,0.8,5000000,3,880,768.18,555.0812306818174,553.71,692.988,768.18,413.732,1077120,906,0,0,628454,906,0,0,0.08411319073083778,0.0,0.08411319073083778,0.0
permutation_random,1100,m,reps_partition,reps_dfp,reps,-reps_partition_entropy -reps_escalate_threshold 0.2 -reps_warmup_explore_rtts 0.5 -reps_explore_prob 70,0.8,5000000,3,880,881.125,577.0422250000004,570.722,741.007,881.125,413.565,1077120,2290,0,0,607577,2290,0,0,0.21260398098633393,0.0,0.21260398098633393,0.0
permutation_random,1100,m,fpar,fpar,oblivious,-threshold 20750 -disable_hop_rtt_normalization,0.8,5000000,4,880,1629.01,644.6182261363641,549.379,1482.56,1629.01,413.035,1077120,7428,0,0,677608,7428,0,0,0.6896167557932263,0.0,0.6896167557932263,0.0
permutation_random,1100,m,reps_uniform_draws,reps_dfp,reps,-dfp_low_uniform,0.8,5000000,4,880,839.353,607.7950079545457,605.895,761.056,839.353,413.067,1077120,110,0,0,591282,110,0,0,0.010212418300653595,0.0,0.010212418300653595,0.0
permutation_random,1100,m,reps_share,reps_dfp,reps,,0.8,5000000,4,880,721.546,550.5261022727273,550.756,669.167,721.546,413.446,1077120,1051,0,0,614951,1051,0,0,0.09757501485442661,0.0,0.09757501485442661,0.0
permutation_random,1100,m,reps_partition,reps_dfp,reps,-reps_partition_entropy -reps_escalate_threshold 0.2 -reps_warmup_explore_rtts 0.5 -reps_explore_prob 70,0.8,5000000,4,880,850.716,573.7355625000002,567.02,741.188,850.716,412.944,1077120,1801,0,0,604479,1801,0,0,0.1672051396316102,0.0,0.1672051396316102,0.0
permutation_random,1100,m,fpar,fpar,oblivious,-threshold 20750 -disable_hop_rtt_normalization,0.8,5000000,5,880,2007.74,668.9803215909083,532.697,1651.34,2007.74,412.734,1077120,8603,0,0,676927,8603,0,0,0.7987039512774807,0.0,0.7987039512774807,0.0
permutation_random,1100,m,reps_uniform_draws,reps_dfp,reps,-dfp_low_uniform,0.8,5000000,5,880,990.539,604.8886352272724,602.651,798.677,990.539,413.076,1077120,244,0,0,583139,244,0,0,0.022653000594177065,0.0,0.022653000594177065,0.0
permutation_random,1100,m,reps_share,reps_dfp,reps,,0.8,5000000,5,880,743.029,545.3875625000004,546.797,675.287,743.029,413.79,1077120,1230,0,0,598829,1230,0,0,0.11419340463458111,0.0,0.11419340463458111,0.0
permutation_random,1100,m,reps_partition,reps_dfp,reps,-reps_partition_entropy -reps_escalate_threshold 0.2 -reps_warmup_explore_rtts 0.5 -reps_explore_prob 70,0.8,5000000,5,880,774.191,565.037697727273,557.92,741.364,774.191,413.357,1077120,2026,0,0,592725,2026,0,0,0.1880941770647653,0.0,0.1880941770647653,0.0
permutation_random,1100,m,fpar,fpar,oblivious,-threshold 20750 -disable_hop_rtt_normalization,0.8,10000000,1,880,3588.0,1299.6498238636352,1068.24,3190.33,3588.0,821.211,2154240,9221,0,0,1339715,9221,0,0,0.42803958704694,0.0,0.42803958704694,0.0
permutation_random,1100,m,reps_uniform_draws,reps_dfp,reps,-dfp_low_uniform,0.8,10000000,1,880,1598.59,1177.9637170454537,1178.64,1484.75,1598.59,821.295,2154240,245,0,0,1128237,245,0,0,0.011372920380273321,0.0,0.011372920380273321,0.0
permutation_random,1100,m,reps_share,reps_dfp,reps,,0.8,10000000,1,880,1354.31,1064.3878511363646,1069.33,1281.68,1354.31,821.825,2154240,1401,0,0,1175821,1401,0,0,0.06503453654188948,0.0,0.06503453654188948,0.0
permutation_random,1100,m,reps_partition,reps_dfp,reps,-reps_partition_entropy -reps_escalate_threshold 0.2 -reps_warmup_explore_rtts 0.5 -reps_explore_prob 70,0.8,10000000,1,880,1516.5,1113.5137113636354,1115.76,1410.24,1516.5,822.079,2154240,2389,0,0,1173788,2389,0,0,0.11089757872846108,0.0,0.11089757872846108,0.0
permutation_random,1100,m,fpar,fpar,oblivious,-threshold 20750 -disable_hop_rtt_normalization,0.8,10000000,2,880,3320.55,1244.609402272728,1022.74,2513.36,3320.55,821.287,2154240,8411,0,0,1323615,8411,0,0,0.39043931966726086,0.0,0.39043931966726086,0.0
permutation_random,1100,m,reps_uniform_draws,reps_dfp,reps,-dfp_low_uniform,0.8,10000000,2,880,1770.18,1187.4659511363643,1183.41,1490.63,1770.18,821.295,2154240,226,0,0,1140543,226,0,0,0.01049093879976233,0.0,0.01049093879976233,0.0
permutation_random,1100,m,reps_share,reps_dfp,reps,,0.8,10000000,2,880,1360.72,1073.5051340909083,1071.25,1305.18,1360.72,822.185,2154240,1874,0,0,1167672,1874,0,0,0.08699123588829472,0.0,0.08699123588829472,0.0
permutation_random,1100,m,reps_partition,reps_dfp,reps,-reps_partition_entropy -reps_escalate_threshold 0.2 -reps_warmup_explore_rtts 0.5 -reps_explore_prob 70,0.8,10000000,2,880,1500.71,1124.1675363636348,1125.11,1412.92,1500.71,821.801,2154240,2423,0,0,1187087,2423,0,0,0.11247586155674391,0.0,0.11247586155674391,0.0
permutation_random,1100,m,fpar,fpar,oblivious,-threshold 20750 -disable_hop_rtt_normalization,0.8,10000000,3,880,3335.82,1248.7589909090923,1026.24,2552.32,3335.82,822.367,2154240,8371,0,0,1329365,8371,0,0,0.3885825163398693,0.0,0.3885825163398693,0.0
permutation_random,1100,m,reps_uniform_draws,reps_dfp,reps,-dfp_low_uniform,0.8,10000000,3,880,1671.29,1206.0345602272723,1199.56,1527.68,1671.29,821.693,2154240,328,0,0,1160399,328,0,0,0.015225787284610813,0.0,0.015225787284610813,0.0
permutation_random,1100,m,reps_share,reps_dfp,reps,,0.8,10000000,3,880,1414.47,1091.72680909091,1087.94,1319.51,1414.47,822.887,2154240,1323,0,0,1225096,1323,0,0,0.06141377005347594,0.0,0.06141377005347594,0.0
permutation_random,1100,m,reps_partition,reps_dfp,reps,-reps_partition_entropy -reps_escalate_threshold 0.2 -reps_warmup_explore_rtts 0.5 -reps_explore_prob 70,0.8,10000000,3,880,1596.4,1143.08182159091,1143.46,1436.33,1596.4,822.642,2154240,3029,0,0,1209314,3029,0,0,0.1406064319667261,0.0,0.1406064319667261,0.0
permutation_random,1100,m,fpar,fpar,oblivious,-threshold 20750 -disable_hop_rtt_normalization,0.8,10000000,4,880,3259.85,1282.6803681818178,1102.3,2830.21,3259.85,821.333,2154240,8452,0,0,1376266,8452,0,0,0.39234254307783717,0.0,0.39234254307783717,0.0
permutation_random,1100,m,reps_uniform_draws,reps_dfp,reps,-dfp_low_uniform,0.8,10000000,4,880,1544.76,1195.8416590909096,1189.59,1463.41,1544.76,821.879,2154240,138,0,0,1160096,138,0,0,0.006405971479500891,0.0,0.006405971479500891,0.0
permutation_random,1100,m,reps_share,reps_dfp,reps,,0.8,10000000,4,880,1397.01,1083.3308738636376,1085.83,1298.8,1397.01,822.629,2154240,1495,0,0,1200618,1495,0,0,0.06939802436125965,0.0,0.06939802436125965,0.0
permutation_random,1100,m,reps_partition,reps_dfp,reps,-reps_partition_entropy -reps_escalate_threshold 0.2 -reps_warmup_explore_rtts 0.5 -reps_explore_prob 70,0.8,10000000,4,880,1534.2,1135.4871613636358,1135.56,1418.72,1534.2,821.78,2154240,2318,0,0,1208563,2318,0,0,0.10760175282234105,0.0,0.10760175282234105,0.0
permutation_random,1100,m,fpar,fpar,oblivious,-threshold 20750 -disable_hop_rtt_normalization,0.8,10000000,5,880,3989.07,1328.751303409091,1062.98,3307.04,3989.07,820.926,2154240,9402,0,0,1373846,9402,0,0,0.43644162210338683,0.0,0.43644162210338683,0.0
permutation_random,1100,m,reps_uniform_draws,reps_dfp,reps,-dfp_low_uniform,0.8,10000000,5,880,1705.94,1189.4845750000004,1183.0,1532.93,1705.94,821.85,2154240,291,0,0,1145251,291,0,0,0.013508244206773618,0.0,0.013508244206773618,0.0
permutation_random,1100,m,reps_share,reps_dfp,reps,,0.8,10000000,5,880,1416.43,1071.910290909092,1069.92,1297.29,1416.43,823.007,2154240,1873,0,0,1162554,1873,0,0,0.08694481580510992,0.0,0.08694481580510992,0.0
permutation_random,1100,m,reps_partition,reps_dfp,reps,-reps_partition_entropy -reps_escalate_threshold 0.2 -reps_warmup_explore_rtts 0.5 -reps_explore_prob 70,0.8,10000000,5,880,1501.3,1118.8991295454546,1118.85,1413.29,1501.3,822.59,2154240,2724,0,0,1172758,2724,0,0,0.1264483065953654,0.0,0.1264483065953654,0.0
permutation_random,1100,m,fpar,fpar,oblivious,-threshold 20750 -disable_hop_rtt_normalization,0.9,100000,1,990,45.8443,25.485170505050505,24.4496,39.9994,45.8443,12.4702,24750,40,0,0,8678,40,0,0,0.16161616161616163,0.0,0.16161616161616163,0.0
permutation_random,1100,m,reps_uniform_draws,reps_dfp,reps,-dfp_low_uniform,0.9,100000,1,990,36.7576,28.35389515151516,28.9598,33.4256,36.7576,12.4702,24750,0,0,0,7949,0,0,0,0.0,0.0,0.0,0.0
permutation_random,1100,m,reps_share,reps_dfp,reps,,0.9,100000,1,990,32.6392,26.24872272727275,26.8146,30.7952,32.6392,12.4702,24750,0,0,0,7982,0,0,0,0.0,0.0,0.0,0.0
permutation_random,1100,m,reps_partition,reps_dfp,reps,-reps_partition_entropy -reps_escalate_threshold 0.2 -reps_warmup_explore_rtts 0.5 -reps_explore_prob 70,0.9,100000,1,990,33.8077,26.809841919191904,27.3038,31.9752,33.8077,12.4702,24750,0,0,0,8248,0,0,0,0.0,0.0,0.0,0.0
permutation_random,1100,m,fpar,fpar,oblivious,-threshold 20750 -disable_hop_rtt_normalization,0.9,100000,2,990,37.9386,25.021534343434347,24.3067,35.9466,37.9386,12.4702,24750,1,0,0,8420,1,0,0,0.00404040404040404,0.0,0.00404040404040404,0.0
permutation_random,1100,m,reps_uniform_draws,reps_dfp,reps,-dfp_low_uniform,0.9,100000,2,990,33.9581,28.178532525252525,28.7878,32.2696,33.9581,12.4702,24750,0,0,0,7969,0,0,0,0.0,0.0,0.0,0.0
permutation_random,1100,m,reps_share,reps_dfp,reps,,0.9,100000,2,990,32.4416,26.39144676767676,26.9507,30.9781,32.4416,12.4702,24750,0,0,0,8002,0,0,0,0.0,0.0,0.0,0.0
permutation_random,1100,m,reps_partition,reps_dfp,reps,-reps_partition_entropy -reps_escalate_threshold 0.2 -reps_warmup_explore_rtts 0.5 -reps_explore_prob 70,0.9,100000,2,990,32.6016,26.55491252525251,27.1483,30.9997,32.6016,12.4702,24750,0,0,0,8186,0,0,0,0.0,0.0,0.0,0.0
permutation_random,1100,m,fpar,fpar,oblivious,-threshold 20750 -disable_hop_rtt_normalization,0.9,100000,3,990,42.9533,24.813171414141436,23.973,36.2416,42.9533,12.4754,24750,14,0,0,8310,14,0,0,0.05656565656565657,0.0,0.05656565656565657,0.0
permutation_random,1100,m,reps_uniform_draws,reps_dfp,reps,-dfp_low_uniform,0.9,100000,3,990,36.2656,28.82868979797982,29.1488,33.5976,36.2656,12.4702,24750,0,0,0,8039,0,0,0,0.0,0.0,0.0,0.0
permutation_random,1100,m,reps_share,reps_dfp,reps,,0.9,100000,3,990,33.9416,26.7465097979798,27.1381,31.2736,33.9416,12.6411,24750,0,0,0,8105,0,0,0,0.0,0.0,0.0,0.0
permutation_random,1100,m,reps_partition,reps_dfp,reps,-reps_partition_entropy -reps_escalate_threshold 0.2 -reps_warmup_explore_rtts 0.5 -reps_explore_prob 70,0.9,100000,3,990,35.0976,27.31512828282826,27.6387,33.0696,35.0976,12.4754,24750,0,0,0,8334,0,0,0,0.0,0.0,0.0,0.0
permutation_random,1100,m,fpar,fpar,oblivious,-threshold 20750 -disable_hop_rtt_normalization,0.9,100000,4,990,41.9658,25.167891616161647,24.3101,36.1635,41.9658,12.4754,24750,10,0,0,8469,10,0,0,0.04040404040404041,0.0,0.04040404040404041,0.0
permutation_random,1100,m,reps_uniform_draws,reps_dfp,reps,-dfp_low_uniform,0.9,100000,4,990,35.1453,28.671421111111155,29.1261,33.1653,35.1453,12.4702,24750,0,0,0,8009,0,0,0,0.0,0.0,0.0,0.0
permutation_random,1100,m,reps_share,reps_dfp,reps,,0.9,100000,4,990,33.6403,26.615295454545432,27.0077,31.4336,33.6403,12.4702,24750,0,0,0,8039,0,0,0,0.0,0.0,0.0,0.0
permutation_random,1100,m,reps_partition,reps_dfp,reps,-reps_partition_entropy -reps_escalate_threshold 0.2 -reps_warmup_explore_rtts 0.5 -reps_explore_prob 70,0.9,100000,4,990,35.0856,27.02158060606059,27.309,32.6414,35.0856,12.4702,24750,0,0,0,8252,0,0,0,0.0,0.0,0.0,0.0
permutation_random,1100,m,fpar,fpar,oblivious,-threshold 20750 -disable_hop_rtt_normalization,0.9,100000,5,990,46.3074,25.454693737373734,24.1586,41.4738,46.3074,12.4754,24750,68,0,0,8766,68,0,0,0.27474747474747474,0.0,0.27474747474747474,0.0
permutation_random,1100,m,reps_uniform_draws,reps_dfp,reps,-dfp_low_uniform,0.9,100000,5,990,34.0976,28.446108989899,28.9547,32.9661,34.0976,12.4702,24750,0,0,0,7960,0,0,0,0.0,0.0,0.0,0.0
permutation_random,1100,m,reps_share,reps_dfp,reps,,0.9,100000,5,990,33.3083,26.39614121212121,26.9496,30.9416,33.3083,12.4702,24750,0,0,0,8062,0,0,0,0.0,0.0,0.0,0.0
permutation_random,1100,m,reps_partition,reps_dfp,reps,-reps_partition_entropy -reps_escalate_threshold 0.2 -reps_warmup_explore_rtts 0.5 -reps_explore_prob 70,0.9,100000,5,990,35.672,26.818658484848534,27.3174,33.0309,35.672,12.4702,24750,0,0,0,8224,0,0,0,0.0,0.0,0.0,0.0
permutation_random,1100,m,fpar,fpar,oblivious,-threshold 20750 -disable_hop_rtt_normalization,0.9,250000,1,990,92.8698,46.02532202020203,44.9675,70.1886,92.8698,24.6853,61380,1812,0,0,24769,1812,0,0,2.952101661779081,0.0,2.952101661779081,0.0
permutation_random,1100,m,reps_uniform_draws,reps_dfp,reps,-dfp_low_uniform,0.9,250000,1,990,61.6469,50.44799424242425,51.2744,58.8322,61.6469,24.6802,61380,0,0,0,28642,0,0,0,0.0,0.0,0.0,0.0
permutation_random,1100,m,reps_share,reps_dfp,reps,,0.9,250000,1,990,55.001,46.44525969696956,47.4754,53.5736,55.001,24.6853,61380,0,0,0,27399,0,0,0,0.0,0.0,0.0,0.0
permutation_random,1100,m,reps_partition,reps_dfp,reps,-reps_partition_entropy -reps_escalate_threshold 0.2 -reps_warmup_explore_rtts 0.5 -reps_explore_prob 70,0.9,250000,1,990,54.5216,45.85053282828272,46.8907,53.583,54.5216,24.6853,61380,9,0,0,26632,9,0,0,0.01466275659824047,0.0,0.01466275659824047,0.0
permutation_random,1100,m,fpar,fpar,oblivious,-threshold 20750 -disable_hop_rtt_normalization,0.9,250000,2,990,75.9784,45.66845949494946,45.4605,68.3813,75.9784,24.6853,61380,1205,0,0,24649,1205,0,0,1.9631801889866407,0.0,1.9631801889866407,0.0
permutation_random,1100,m,reps_uniform_draws,reps_dfp,reps,-dfp_low_uniform,0.9,250000,2,990,62.1795,50.18903454545456,51.045,57.5136,62.1795,24.6853,61380,7,0,0,28991,7,0,0,0.011404366243075921,0.0,0.011404366243075921,0.0
permutation_random,1100,m,reps_share,reps_dfp,reps,,0.9,250000,2,990,57.1696,46.65391050505047,47.6594,55.2942,57.1696,24.6802,61380,17,0,0,27443,17,0,0,0.027696318018898665,0.0,0.027696318018898665,0.0
permutation_random,1100,m,reps_partition,reps_dfp,reps,-reps_partition_entropy -reps_escalate_threshold 0.2 -reps_warmup_explore_rtts 0.5 -reps_explore_prob 70,0.9,250000,2,990,55.2296,45.88524606060606,46.8776,53.9958,55.2296,24.6802,61380,21,0,0,26541,21,0,0,0.03421309872922776,0.0,0.03421309872922776,0.0
permutation_random,1100,m,fpar,fpar,oblivious,-threshold 20750 -disable_hop_rtt_normalization,0.9,250000,3,990,91.781,45.40810383838385,44.287,68.6701,91.781,24.9354,61380,1317,0,0,24273,1317,0,0,2.145650048875855,0.0,2.145650048875855,0.0
permutation_random,1100,m,reps_uniform_draws,reps_dfp,reps,-dfp_low_uniform,0.9,250000,3,990,63.2918,51.44223212121209,51.983,59.9616,63.2918,24.6955,61380,13,0,0,29961,13,0,0,0.021179537308569567,0.0,0.021179537308569567,0.0
permutation_random,1100,m,reps_share,reps_dfp,reps,,0.9,250000,3,990,57.3374,47.58810010101012,48.271,56.3374,57.3374,24.961,61380,14,0,0,28522,14,0,0,0.022808732486151843,0.0,0.022808732486151843,0.0
permutation_random,1100,m,reps_partition,reps_dfp,reps,-reps_partition_entropy -reps_escalate_threshold 0.2 -reps_warmup_explore_rtts 0.5 -reps_explore_prob 70,0.9,250000,3,990,56.6814,46.709281414141394,47.481,54.6485,56.6814,24.9598,61380,29,0,0,27403,29,0,0,0.047246660149885954,0.0,0.047246660149885954,0.0
permutation_random,1100,m,fpar,fpar,oblivious,-threshold 20750 -disable_hop_rtt_normalization,0.9,250000,4,990,81.22,45.92433838383845,45.3741,69.5616,81.22,24.716,61380,1444,0,0,24808,1444,0,0,2.352557836428804,0.0,2.352557836428804,0.0
permutation_random,1100,m,reps_uniform_draws,reps_dfp,reps,-dfp_low_uniform,0.9,250000,4,990,61.1608,51.53187464646463,52.1062,59.2666,61.1608,24.6904,61380,0,0,0,29772,0,0,0,0.0,0.0,0.0,0.0
permutation_random,1100,m,reps_share,reps_dfp,reps,,0.9,250000,4,990,56.239,47.22125212121213,48.112,55.1162,56.239,24.7006,61380,37,0,0,27988,37,0,0,0.06028022157054415,0.0,0.06028022157054415,0.0
permutation_random,1100,m,reps_partition,reps_dfp,reps,-reps_partition_entropy -reps_escalate_threshold 0.2 -reps_warmup_explore_rtts 0.5 -reps_explore_prob 70,0.9,250000,4,990,55.1896,46.1854398989899,47.0085,53.7139,55.1896,24.6955,61380,19,0,0,27058,19,0,0,0.030954708374063212,0.0,0.030954708374063212,0.0
permutation_random,1100,m,fpar,fpar,oblivious,-threshold 20750 -disable_hop_rtt_normalization,0.9,250000,5,990,90.147,46.70832494949495,45.2258,78.6627,90.147,24.9405,61380,2256,0,0,26007,2256,0,0,3.675464320625611,0.0,3.675464320625611,0.0
permutation_random,1100,m,reps_uniform_draws,reps_dfp,reps,-dfp_low_uniform,0.9,250000,5,990,59.7144,50.75071151515151,51.519,57.7726,59.7144,24.6802,61380,6,0,0,29249,6,0,0,0.009775171065493646,0.0,0.009775171065493646,0.0
permutation_random,1100,m,reps_share,reps_dfp,reps,,0.9,250000,5,990,58.7042,46.95381878787872,47.943,56.0482,58.7042,24.6955,61380,4,0,0,27449,4,0,0,0.006516780710329097,0.0,0.006516780710329097,0.0
permutation_random,1100,m,reps_partition,reps_dfp,reps,-reps_partition_entropy -reps_escalate_threshold 0.2 -reps_warmup_explore_rtts 0.5 -reps_explore_prob 70,0.9,250000,5,990,55.0018,45.91159707070706,46.6845,53.5008,55.0018,24.7006,61380,24,0,0,26475,24,0,0,0.039100684261974585,0.0,0.039100684261974585,0.0
permutation_random,1100,m,fpar,fpar,oblivious,-threshold 20750 -disable_hop_rtt_normalization,0.9,500000,1,990,169.676,76.37948646464656,71.0331,141.042,169.676,45.1102,121770,5914,0,0,60499,5914,0,0,4.856697051819003,0.0,4.856697051819003,0.0
permutation_random,1100,m,reps_uniform_draws,reps_dfp,reps,-dfp_low_uniform,0.9,500000,1,990,100.593,85.35525474747483,87.2206,97.5021,100.593,45.0846,121770,96,0,0,72064,96,0,0,0.07883715200788372,0.0,0.07883715200788372,0.0
permutation_random,1100,m,reps_share,reps_dfp,reps,,0.9,500000,1,990,87.2906,77.54284616161605,80.1021,86.1085,87.2906,45.3216,121770,426,0,0,73925,426,0,0,0.34983986203498396,0.0,0.34983986203498396,0.0
permutation_random,1100,m,reps_partition,reps_dfp,reps,-reps_partition_entropy -reps_escalate_threshold 0.2 -reps_warmup_explore_rtts 0.5 -reps_explore_prob 70,0.9,500000,1,990,85.7226,75.60650929292929,78.0133,84.912,85.7226,45.1563,121770,370,0,0,67247,370,0,0,0.3038515233637185,0.0,0.3038515233637185,0.0
permutation_random,1100,m,fpar,fpar,oblivious,-threshold 20750 -disable_hop_rtt_normalization,0.9,500000,2,990,160.404,75.32966999999998,71.4507,125.276,160.404,45.1102,121770,5194,0,0,60661,5194,0,0,4.2654184117598755,0.0,4.2654184117598755,0.0
permutation_random,1100,m,reps_uniform_draws,reps_dfp,reps,-dfp_low_uniform,0.9,500000,2,990,97.9976,85.12160030303025,87.027,96.2702,97.9976,45.0539,121770,101,0,0,72863,101,0,0,0.082943253674961,0.0,0.082943253674961,0.0
permutation_random,1100,m,reps_share,reps_dfp,reps,,0.9,500000,2,990,87.2502,77.64183919191919,80.2021,86.099,87.2502,45.2835,121770,582,0,0,73648,582,0,0,0.477950234047795,0.0,0.477950234047795,0.0
permutation_random,1100,m,reps_partition,reps_dfp,reps,-reps_partition_entropy -reps_escalate_threshold 0.2 -reps_warmup_explore_rtts 0.5 -reps_explore_prob 70,0.9,500000,2,990,84.7362,75.4550008080808,77.9987,83.5059,84.7362,45.1387,121770,398,0,0,67594,398,0,0,0.3268456926993512,0.0,0.3268456926993512,0.0
permutation_random,1100,m,fpar,fpar,oblivious,-threshold 20750 -disable_hop_rtt_normalization,0.9,500000,3,990,182.173,74.69390393939398,70.8109,125.603,182.173,45.6832,121770,4548,0,0,59338,4548,0,0,3.734910076373491,0.0,3.734910076373491,0.0
permutation_random,1100,m,reps_uniform_draws,reps_dfp,reps,-dfp_low_uniform,0.9,500000,3,990,101.17,86.9199713131314,88.3904,97.3989,101.17,45.2909,121770,185,0,0,74870,185,0,0,0.15192576168185926,0.0,0.15192576168185926,0.0
permutation_random,1100,m,reps_share,reps_dfp,reps,,0.9,500000,3,990,87.6248,79.08659313131304,81.4056,86.3051,87.6248,45.3154,121770,592,0,0,77255,592,0,0,0.4861624373819496,0.0,0.4861624373819496,0.0
permutation_random,1100,m,reps_partition,reps_dfp,reps,-reps_partition_entropy -reps_escalate_threshold 0.2 -reps_warmup_explore_rtts 0.5 -reps_explore_prob 70,0.9,500000,3,990,87.0474,77.21352747474748,79.1419,85.3824,87.0474,45.3398,121770,620,0,0,69724,620,0,0,0.5091566067175823,0.0,0.5091566067175823,0.0
permutation_random,1100,m,fpar,fpar,oblivious,-threshold 20750 -disable_hop_rtt_normalization,0.9,500000,4,990,164.785,76.07581505050501,71.9261,129.258,164.785,45.1512,121770,5037,0,0,61240,5037,0,0,4.136486819413649,0.0,4.136486819413649,0.0
permutation_random,1100,m,reps_uniform_draws,reps_dfp,reps,-dfp_low_uniform,0.9,500000,4,990,99.8034,86.74147282828302,88.3061,96.9411,99.8034,45.1102,121770,141,0,0,74755,141,0,0,0.11579206701157921,0.0,0.11579206701157921,0.0
permutation_random,1100,m,reps_share,reps_dfp,reps,,0.9,500000,4,990,90.4632,78.70469666666659,80.9509,87.2648,90.4632,45.1256,121770,623,0,0,75655,623,0,0,0.5116202677178286,0.0,0.5116202677178286,0.0
permutation_random,1100,m,reps_partition,reps_dfp,reps,-reps_partition_entropy -reps_escalate_threshold 0.2 -reps_warmup_explore_rtts 0.5 -reps_explore_prob 70,0.9,500000,4,990,87.1603,75.98393292929293,77.8794,84.2227,87.1603,45.1256,121770,451,0,0,68872,451,0,0,0.37037037037037035,0.0,0.37037037037037035,0.0
permutation_random,1100,m,fpar,fpar,oblivious,-threshold 20750 -disable_hop_rtt_normalization,0.9,500000,5,990,203.419,78.35678010101027,71.2782,155.55,203.419,45.352,121770,6978,0,0,64565,6978,0,0,5.730475486573048,0.0,5.730475486573048,0.0
permutation_random,1100,m,reps_uniform_draws,reps_dfp,reps,-dfp_low_uniform,0.9,500000,5,990,100.429,85.86846000000001,87.5074,97.3485,100.429,45.1925,121770,101,0,0,73764,101,0,0,0.082943253674961,0.0,0.082943253674961,0.0
permutation_random,1100,m,reps_share,reps_dfp,reps,,0.9,500000,5,990,86.7426,77.86791909090904,80.5526,85.5014,86.7426,45.1307,121770,506,0,0,73737,506,0,0,0.41553748870822044,0.0,0.41553748870822044,0.0
permutation_random,1100,m,reps_partition,reps_dfp,reps,-reps_partition_entropy -reps_escalate_threshold 0.2 -reps_warmup_explore_rtts 0.5 -reps_explore_prob 70,0.9,500000,5,990,85.667,75.52677464646476,77.7901,84.9979,85.667,45.1984,121770,435,0,0,66425,435,0,0,0.3572308450357231,0.0,0.3572308450357231,0.0
permutation_random,1100,m,fpar,fpar,oblivious,-threshold 20750 -disable_hop_rtt_normalization,0.9,2000000,1,990,712.613,274.10757272727244,232.125,645.589,712.613,167.808,485100,9324,0,0,285687,9324,0,0,1.922077922077922,0.0,1.922077922077922,0.0
permutation_random,1100,m,reps_uniform_draws,reps_dfp,reps,-dfp_low_uniform,0.9,2000000,1,990,420.65,271.5200727272728,267.944,368.544,420.65,167.839,485100,233,0,0,301621,233,0,0,0.04803133374561946,0.0,0.04803133374561946,0.0
permutation_random,1100,m,reps_share,reps_dfp,reps,,0.9,2000000,1,990,337.328,247.36529696969725,246.612,324.772,337.328,168.1,485100,1288,0,0,310704,1288,0,0,0.26551226551226553,0.0,0.26551226551226553,0.0
permutation_random,1100,m,reps_partition,reps_dfp,reps,-reps_partition_entropy -reps_escalate_threshold 0.2 -reps_warmup_explore_rtts 0.5 -reps_explore_prob 70,0.9,2000000,1,990,389.0,257.0039555555553,253.949,346.794,389.0,167.901,485100,2453,0,0,296144,2453,0,0,0.5056689342403629,0.0,0.5056689342403629,0.0
permutation_random,1100,m,fpar,fpar,oblivious,-threshold 20750 -disable_hop_rtt_normalization,0.9,2000000,2,990,617.005,264.80385656565625,227.281,533.226,617.005,167.957,485100,8460,0,0,280110,8460,0,0,1.7439703153988868,0.0,1.7439703153988868,0.0
permutation_random,1100,m,reps_uniform_draws,reps_dfp,reps,-dfp_low_uniform,0.9,2000000,2,990,460.989,273.470354545455,266.864,390.378,460.989,167.798,485100,302,0,0,299381,302,0,0,0.06225520511234797,0.0,0.06225520511234797,0.0
permutation_random,1100,m,reps_share,reps_dfp,reps,,0.9,2000000,2,990,352.721,247.51901414141412,246.138,326.589,352.721,167.64,485100,1511,0,0,307754,1511,0,0,0.31148216862502576,0.0,0.31148216862502576,0.0
permutation_random,1100,m,reps_partition,reps_dfp,reps,-reps_partition_entropy -reps_escalate_threshold 0.2 -reps_warmup_explore_rtts 0.5 -reps_explore_prob 70,0.9,2000000,2,990,377.925,257.42514242424227,257.026,355.23,377.925,167.601,485100,2323,0,0,296823,2323,0,0,0.4788703360131932,0.0,0.4788703360131932,0.0
permutation_random,1100,m,fpar,fpar,oblivious,-threshold 20750 -disable_hop_rtt_normalization,0.9,2000000,3,990,835.464,264.79110202020183,229.958,518.38,835.464,167.956,485100,8355,0,0,280822,8355,0,0,1.7223252937538651,0.0,1.7223252937538651,0.0
permutation_random,1100,m,reps_uniform_draws,reps_dfp,reps,-dfp_low_uniform,0.9,2000000,3,990,432.076,278.9319242424242,270.115,395.803,432.076,167.99,485100,484,0,0,303655,484,0,0,0.09977324263038549,0.0,0.09977324263038549,0.0
permutation_random,1100,m,reps_share,reps_dfp,reps,,0.9,2000000,3,990,401.894,252.6357737373736,250.505,334.78,401.894,168.353,485100,1393,0,0,318321,1393,0,0,0.28715728715728717,0.0,0.28715728715728717,0.0
permutation_random,1100,m,reps_partition,reps_dfp,reps,-reps_partition_entropy -reps_escalate_threshold 0.2 -reps_warmup_explore_rtts 0.5 -reps_explore_prob 70,0.9,2000000,3,990,374.812,262.8475080808079,260.887,359.23,374.812,168.013,485100,2667,0,0,300877,2667,0,0,0.5497835497835498,0.0,0.5497835497835498,0.0
permutation_random,1100,m,fpar,fpar,oblivious,-threshold 20750 -disable_hop_rtt_normalization,0.9,2000000,4,990,671.912,272.20324848484836,238.816,587.095,671.912,168.1,485100,8730,0,0,286427,8730,0,0,1.7996289424860854,0.0,1.7996289424860854,0.0
permutation_random,1100,m,reps_uniform_draws,reps_dfp,reps,-dfp_low_uniform,0.9,2000000,4,990,419.582,277.0923393939393,268.984,387.156,419.582,167.99,485100,336,0,0,301903,336,0,0,0.06926406926406926,0.0,0.06926406926406926,0.0
permutation_random,1100,m,reps_share,reps_dfp,reps,,0.9,2000000,4,990,370.794,250.97904747474732,248.288,330.28,370.794,168.172,485100,1600,0,0,311421,1600,0,0,0.32982890125747266,0.0,0.32982890125747266,0.0
permutation_random,1100,m,reps_partition,reps_dfp,reps,-reps_partition_entropy -reps_escalate_threshold 0.2 -reps_warmup_explore_rtts 0.5 -reps_explore_prob 70,0.9,2000000,4,990,389.445,260.9229333333333,260.116,352.285,389.445,167.911,485100,2192,0,0,302209,2192,0,0,0.4518655947227376,0.0,0.4518655947227376,0.0
permutation_random,1100,m,fpar,fpar,oblivious,-threshold 20750 -disable_hop_rtt_normalization,0.9,2000000,5,990,764.904,282.0022888888889,234.342,666.868,764.904,167.788,485100,9773,0,0,295296,9773,0,0,2.0146361574933005,0.0,2.0146361574933005,0.0
permutation_random,1100,m,reps_uniform_draws,reps_dfp,reps,-dfp_low_uniform,0.9,2000000,5,990,439.058,274.9780616161613,269.344,393.548,439.058,168.011,485100,359,0,0,302827,359,0,0,0.07400535971964543,0.0,0.07400535971964543,0.0
permutation_random,1100,m,reps_share,reps_dfp,reps,,0.9,2000000,5,990,340.918,247.45467676767709,246.751,325.126,340.918,168.085,485100,1410,0,0,308579,1410,0,0,0.2906617192331478,0.0,0.2906617192331478,0.0
permutation_random,1100,m,reps_partition,reps_dfp,reps,-reps_partition_entropy -reps_escalate_threshold 0.2 -reps_warmup_explore_rtts 0.5 -reps_explore_prob 70,0.9,2000000,5,990,384.936,256.41929494949494,256.191,348.175,384.936,168.164,485100,2345,0,0,295024,2345,0,0,0.4834054834054834,0.0,0.4834054834054834,0.0
permutation_random,1100,m,fpar,fpar,oblivious,-threshold 20750 -disable_hop_rtt_normalization,0.9,5000000,1,990,1796.14,675.3643282828282,574.213,1598.6,1796.14,412.713,1211760,10344,0,0,757635,10344,0,0,0.8536343830461478,0.0,0.8536343830461478,0.0
permutation_random,1100,m,reps_uniform_draws,reps_dfp,reps,-dfp_low_uniform,0.9,5000000,1,990,1012.18,643.542391919191,638.439,855.378,1012.18,413.184,1211760,250,0,0,705616,250,0,0,0.020631148082128473,0.0,0.020631148082128473,0.0
permutation_random,1100,m,reps_share,reps_dfp,reps,,0.9,5000000,1,990,810.006,587.6505262626262,586.262,748.758,810.006,413.516,1211760,1568,0,0,735011,1568,0,0,0.12939856077110978,0.0,0.12939856077110978,0.0
permutation_random,1100,m,reps_partition,reps_dfp,reps,-reps_partition_entropy -reps_escalate_threshold 0.2 -reps_warmup_explore_rtts 0.5 -reps_explore_prob 70,0.9,5000000,1,990,985.393,613.0893919191923,616.319,796.209,985.393,412.908,1211760,2886,0,0,706888,2886,0,0,0.2381659734600911,0.0,0.2381659734600911,0.0
permutation_random,1100,m,fpar,fpar,oblivious,-threshold 20750 -disable_hop_rtt_normalization,0.9,5000000,2,990,1556.86,648.8530737373729,567.55,1365.38,1556.86,412.733,1211760,9431,0,0,739399,9431,0,0,0.7782894302502146,0.0,0.7782894302502146,0.0
permutation_random,1100,m,reps_uniform_draws,reps_dfp,reps,-dfp_low_uniform,0.9,5000000,2,990,1010.73,645.7484535353539,636.212,860.92,1010.73,412.749,1211760,324,0,0,701616,324,0,0,0.026737967914438502,0.0,0.026737967914438502,0.0
permutation_random,1100,m,reps_share,reps_dfp,reps,,0.9,5000000,2,990,811.847,587.4879626262626,586.237,737.978,811.847,412.682,1211760,1855,0,0,730745,1855,0,0,0.1530831187693933,0.0,0.1530831187693933,0.0
permutation_random,1100,m,reps_partition,reps_dfp,reps,-reps_partition_entropy -reps_escalate_threshold 0.2 -reps_warmup_explore_rtts 0.5 -reps_explore_prob 70,0.9,5000000,2,990,946.47,614.2878555555553,621.483,804.48,946.47,412.53,1211760,2602,0,0,712155,2602,0,0,0.21472898923879316,0.0,0.21472898923879316,0.0
permutation_random,1100,m,fpar,fpar,oblivious,-threshold 20750 -disable_hop_rtt_normalization,0.9,5000000,3,990,2102.44,650.4640191919192,560.885,1274.34,2102.44,412.99,1211760,9272,0,0,744552,9272,0,0,0.7651680200699809,0.0,0.7651680200699809,0.0
permutation_random,1100,m,reps_uniform_draws,reps_dfp,reps,-dfp_low_uniform,0.9,5000000,3,990,912.297,658.4688101010099,647.288,860.135,912.297,413.03,1211760,498,0,0,713306,498,0,0,0.04109724697959992,0.0,0.04109724697959992,0.0
permutation_random,1100,m,reps_share,reps_dfp,reps,,0.9,5000000,3,990,934.653,598.8612383838389,596.655,760.19,934.653,413.64,1211760,1597,0,0,755527,1597,0,0,0.1317917739486367,0.0,0.1317917739486367,0.0
permutation_random,1100,m,reps_partition,reps_dfp,reps,-reps_partition_entropy -reps_escalate_threshold 0.2 -reps_warmup_explore_rtts 0.5 -reps_explore_prob 70,0.9,5000000,3,990,847.57,626.8816070707071,630.747,823.205,847.57,413.117,1211760,2999,0,0,722729,2999,0,0,0.24749125239321318,0.0,0.24749125239321318,0.0
permutation_random,1100,m,fpar,fpar,oblivious,-threshold 20750 -disable_hop_rtt_normalization,0.9,5000000,4,990,1627.65,666.6231333333326,586.167,1463.27,1627.65,412.922,1211760,9596,0,0,758113,9596,0,0,0.7919059879844194,0.0,0.7919059879844194,0.0
permutation_random,1100,m,reps_uniform_draws,reps_dfp,reps,-dfp_low_uniform,0.9,5000000,4,990,968.992,654.9905181818189,646.324,876.36,968.992,413.101,1211760,355,0,0,709089,355,0,0,0.029296230276622433,0.0,0.029296230276622433,0.0
permutation_random,1100,m,reps_share,reps_dfp,reps,,0.9,5000000,4,990,821.496,594.7110262626268,590.889,754.061,821.496,413.654,1211760,1807,0,0,740083,1807,0,0,0.1491219383376246,0.0,0.1491219383376246,0.0
permutation_random,1100,m,reps_partition,reps_dfp,reps,-reps_partition_entropy -reps_escalate_threshold 0.2 -reps_warmup_explore_rtts 0.5 -reps_explore_prob 70,0.9,5000000,4,990,868.514,623.9139898989899,629.188,820.042,868.514,412.816,1211760,2648,0,0,726687,2648,0,0,0.2185251204859048,0.0,0.2185251204859048,0.0
permutation_random,1100,m,fpar,fpar,oblivious,-threshold 20750 -disable_hop_rtt_normalization,0.9,5000000,5,990,1960.31,692.1548424242421,560.999,1635.29,1960.31,412.781,1211760,10515,0,0,772910,10515,0,0,0.8677460883343237,0.0,0.8677460883343237,0.0
permutation_random,1100,m,reps_uniform_draws,reps_dfp,reps,-dfp_low_uniform,0.9,5000000,5,990,982.075,649.891014141414,643.213,860.039,982.075,413.365,1211760,379,0,0,710785,379,0,0,0.03127682049250677,0.0,0.03127682049250677,0.0
permutation_random,1100,m,reps_share,reps_dfp,reps,,0.9,5000000,5,990,773.707,587.8355919191922,587.021,744.406,773.707,413.813,1211760,1722,0,0,731576,1722,0,0,0.14210734798970093,0.0,0.14210734798970093,0.0
permutation_random,1100,m,reps_partition,reps_dfp,reps,-reps_partition_entropy -reps_escalate_threshold 0.2 -reps_warmup_explore_rtts 0.5 -reps_explore_prob 70,0.9,5000000,5,990,935.99,613.5670919191923,623.267,799.446,935.99,413.327,1211760,2728,0,0,707983,2728,0,0,0.2251270878721859,0.0,0.2251270878721859,0.0
permutation_random,1100,m,fpar,fpar,oblivious,-threshold 20750 -disable_hop_rtt_normalization,0.9,10000000,1,990,3618.96,1348.5112434343434,1137.21,3150.09,3618.96,821.103,2423520,11665,0,0,1549410,11665,0,0,0.48132468475605733,0.0,0.48132468475605733,0.0
permutation_random,1100,m,reps_uniform_draws,reps_dfp,reps,-dfp_low_uniform,0.9,10000000,1,990,1788.8,1270.0531353535357,1272.26,1585.94,1788.8,821.981,2423520,278,0,0,1378777,278,0,0,0.011470918333663432,0.0,0.011470918333663432,0.0
permutation_random,1100,m,reps_share,reps_dfp,reps,,0.9,10000000,1,990,1540.05,1157.4460343434334,1167.29,1421.22,1540.05,822.831,2423520,2031,0,0,1450708,2031,0,0,0.08380372350960587,0.0,0.08380372350960587,0.0
permutation_random,1100,m,reps_partition,reps_dfp,reps,-reps_partition_entropy -reps_escalate_threshold 0.2 -reps_warmup_explore_rtts 0.5 -reps_explore_prob 70,0.9,10000000,1,990,1823.21,1215.0061505050494,1236.16,1531.38,1823.21,822.262,2423520,3454,0,0,1425318,3454,0,0,0.1425199709513435,0.0,0.1425199709513435,0.0
permutation_random,1100,m,fpar,fpar,oblivious,-threshold 20750 -disable_hop_rtt_normalization,0.9,10000000,2,990,3165.6,1294.4441303030296,1126.13,2739.88,3165.6,821.285,2423520,10695,0,0,1512524,10695,0,0,0.4413002574767281,0.0,0.4413002574767281,0.0
permutation_random,1100,m,reps_uniform_draws,reps_dfp,reps,-dfp_low_uniform,0.9,10000000,2,990,1825.94,1272.808073737373,1279.04,1617.57,1825.94,821.346,2423520,343,0,0,1373510,343,0,0,0.014152967584340133,0.0,0.014152967584340133,0.0
permutation_random,1100,m,reps_share,reps_dfp,reps,,0.9,10000000,2,990,1566.99,1157.9509525252536,1171.01,1416.63,1566.99,820.939,2423520,2316,0,0,1437417,2316,0,0,0.09556347791641909,0.0,0.09556347791641909,0.0
permutation_random,1100,m,reps_partition,reps_dfp,reps,-reps_partition_entropy -reps_escalate_threshold 0.2 -reps_warmup_explore_rtts 0.5 -reps_explore_prob 70,0.9,10000000,2,990,1666.53,1217.6031555555548,1243.66,1532.98,1666.53,820.918,2423520,3238,0,0,1443229,3238,0,0,0.133607314979864,0.0,0.133607314979864,0.0
permutation_random,1100,m,fpar,fpar,oblivious,-threshold 20750 -disable_hop_rtt_normalization,0.9,10000000,3,990,4283.67,1300.8758787878794,1123.01,2608.85,4283.67,821.385,2423520,10725,0,0,1526219,10725,0,0,0.4425381263616558,0.0,0.4425381263616558,0.0
permutation_random,1100,m,reps_uniform_draws,reps_dfp,reps,-dfp_low_uniform,0.9,10000000,3,990,1691.03,1297.3028292929287,1292.43,1645.73,1691.03,821.896,2423520,537,0,0,1392125,537,0,0,0.022157853040205983,0.0,0.022157853040205983,0.0
permutation_random,1100,m,reps_share,reps_dfp,reps,,0.9,10000000,3,990,1666.07,1181.0479545454539,1190.65,1447.4,1666.07,823.239,2423520,1819,0,0,1499901,1819,0,0,0.0750561167227834,0.0,0.0750561167227834,0.0
permutation_random,1100,m,reps_partition,reps_dfp,reps,-reps_partition_entropy -reps_escalate_threshold 0.2 -reps_warmup_explore_rtts 0.5 -reps_explore_prob 70,0.9,10000000,3,990,1641.71,1242.4138515151528,1265.94,1562.32,1641.71,822.288,2423520,3807,0,0,1466231,3807,0,0,0.1570855614973262,0.0,0.1570855614973262,0.0
permutation_random,1100,m,fpar,fpar,oblivious,-threshold 20750 -disable_hop_rtt_normalization,0.9,10000000,4,990,3257.55,1330.589414141415,1170.92,2850.82,3257.55,820.97,2423520,10701,0,0,1556357,10701,0,0,0.4415478312537136,0.0,0.4415478312537136,0.0
permutation_random,1100,m,reps_uniform_draws,reps_dfp,reps,-dfp_low_uniform,0.9,10000000,4,990,1761.54,1288.2810636363638,1293.74,1662.32,1761.54,821.995,2423520,406,0,0,1389823,406,0,0,0.01675249224268832,0.0,0.01675249224268832,0.0
permutation_random,1100,m,reps_share,reps_dfp,reps,,0.9,10000000,4,990,1563.8,1172.8276929292917,1181.6,1455.82,1563.8,822.974,2423520,2095,0,0,1469854,2095,0,0,0.0864445104641183,0.0,0.0864445104641183,0.0
permutation_random,1100,m,reps_partition,reps_dfp,reps,-reps_partition_entropy -reps_escalate_threshold 0.2 -reps_warmup_explore_rtts 0.5 -reps_explore_prob 70,0.9,10000000,4,990,1693.8,1233.788073737376,1255.4,1565.14,1693.8,821.53,2423520,3119,0,0,1474668,3119,0,0,0.12869710173631743,0.0,0.12869710173631743,0.0
permutation_random,1100,m,fpar,fpar,oblivious,-threshold 20750 -disable_hop_rtt_normalization,0.9,10000000,5,990,4016.09,1382.0894969696963,1141.58,3302.74,4016.09,820.829,2423520,11760,0,0,1580678,11760,0,0,0.4852446028916617,0.0,0.4852446028916617,0.0
permutation_random,1100,m,reps_uniform_draws,reps_dfp,reps,-dfp_low_uniform,0.9,10000000,5,990,1733.09,1279.7961232323214,1287.68,1616.2,1733.09,822.023,2423520,454,0,0,1387718,454,0,0,0.018733082458572654,0.0,0.018733082458572654,0.0
permutation_random,1100,m,reps_share,reps_dfp,reps,,0.9,10000000,5,990,1546.43,1157.9776636363629,1169.53,1423.38,1546.43,822.956,2423520,2097,0,0,1436490,2097,0,0,0.08652703505644682,0.0,0.08652703505644682,0.0
permutation_random,1100,m,reps_partition,reps_dfp,reps,-reps_partition_entropy -reps_escalate_threshold 0.2 -reps_warmup_explore_rtts 0.5 -reps_explore_prob 70,0.9,10000000,5,990,1780.86,1213.3838919191921,1237.43,1519.06,1780.86,822.968,2423520,3239,0,0,1426993,3239,0,0,0.13364857727602825,0.0,0.13364857727602825,0.0
