Load balancing algorithm set to reps
no_of_nodes 1100
Dragonfly+ strategy: REPS_DFP
Setting queuesize to 50 packets
endtime(us) 100000
random seed 1
Using generated Dragonfly+ tornado traffic instead of -tm
Tornado active connections 275
Tornado flow size 10000000 bytes
REPS partition entropy enabled.
REPS open-tier escalation threshold 0.5
REPS warmup explore duration 0.5 x this flow's base RTT
REPS continuous explore probability 70%
Packet size (MTU) is 4150
Parsed args
Logging to tuned_for_real/runs/tornado_reps_partition_load0.25_fs10000000_seed1_e0.5_w0.5_p70.dat
Setting ECN low 33200 high 120350
Dragonfly+ with large topology type
Link latencies: 1 and switch latencies: 0
queue_id 2 ecn_low 33200 ecn_high 120350
DragonFly+ constructor done, 1332 nodes created
Note: topology supports 1332 hosts; 232 host port(s) will be unused.
Generating tornado connection matrix: python3 connection_matrices/gen_tornado_dfp.py /tmp/dfp_tornado_50079.cm 1100 275 10000000 0.0 1 6 6
Nodes:  1100
Connections:  275
Flowsize:  10000000 bytes
ExtraStartTime:  0.0 us
Random Seed  1
Dragonfly+ p= 6 l= 6
group_size=36  no_groups=31  opposite group offset=15
Loading generated tornado connection matrix from /tmp/dfp_tornado_50079.cm
Nodes: 1100 Connections: 275 Triggers: 0 Failures: 0
network_max_unloaded_rtt 11.6856 us
Setting min RTO to 114.6
Per-hop RTT normalization: ON (strategy reps_dfp)
Initializing static NSCC parameters: _reference_network_linkspeed=100000000000 _reference_network_rtt=12000000 _reference_network_bdp=150000 _target_Qdelay=8764200 _network_linkspeed=100000000000 _network_rtt=11685600 _network_bdp=146070 _qa_gate=2^3 _qa_threshold=3.50568e+07 _scaling_factor_a=0.9738 _scaling_factor_b=0.73035 _alpha=0.00132632 _fi=19894.7 _eta=596.842 _qa_scaling=1 _gamma=0.8 _fi_scale=0.24345 _delay_alpha=0.0125 _adjust_period_threshold=11685600 _adjust_bytes_threshold=33200
Initialize per-instance NSCC parameters: flowid 1 _base_rtt=11685600 _base_bdp=146070 _bdp=146070 _min_cwnd=4150 _maxwnd=219105 _cwnd=219105
Initialize per-instance NSCC parameters: flowid 2 _base_rtt=11685600 _base_bdp=146070 _bdp=146070 _min_cwnd=4150 _maxwnd=219105 _cwnd=219105
Initialize per-instance NSCC parameters: flowid 3 _base_rtt=11685600 _base_bdp=146070 _bdp=146070 _min_cwnd=4150 _maxwnd=219105 _cwnd=219105
Initialize per-instance NSCC parameters: flowid 4 _base_rtt=11685600 _base_bdp=146070 _bdp=146070 _min_cwnd=4150 _maxwnd=219105 _cwnd=219105
Initialize per-instance NSCC parameters: flowid 5 _base_rtt=11685600 _base_bdp=146070 _bdp=146070 _min_cwnd=4150 _maxwnd=219105 _cwnd=219105
Initialize per-instance NSCC parameters: flowid 6 _base_rtt=11685600 _base_bdp=146070 _bdp=146070 _min_cwnd=4150 _maxwnd=219105 _cwnd=219105
Initialize per-instance NSCC parameters: flowid 7 _base_rtt=11685600 _base_bdp=146070 _bdp=146070 _min_cwnd=4150 _maxwnd=219105 _cwnd=219105
Initialize per-instance NSCC parameters: flowid 8 _base_rtt=11685600 _base_bdp=146070 _bdp=146070 _min_cwnd=4150 _maxwnd=219105 _cwnd=219105
Initialize per-instance NSCC parameters: flowid 9 _base_rtt=11685600 _base_bdp=146070 _bdp=146070 _min_cwnd=4150 _maxwnd=219105 _cwnd=219105
Initialize per-instance NSCC parameters: flowid 10 _base_rtt=11685600 _base_bdp=146070 _bdp=146070 _min_cwnd=4150 _maxwnd=219105 _cwnd=219105
Initialize per-instance NSCC parameters: flowid 11 _base_rtt=11685600 _base_bdp=146070 _bdp=146070 _min_cwnd=4150 _maxwnd=219105 _cwnd=219105
Initialize per-instance NSCC parameters: flowid 12 _base_rtt=11685600 _base_bdp=146070 _bdp=146070 _min_cwnd=4150 _maxwnd=219105 _cwnd=219105
Initialize per-instance NSCC parameters: flowid 13 _base_rtt=11685600 _base_bdp=146070 _bdp=146070 _min_cwnd=4150 _maxwnd=219105 _cwnd=219105
Initialize per-instance NSCC parameters: flowid 14 _base_rtt=11685600 _base_bdp=146070 _bdp=146070 _min_cwnd=4150 _maxwnd=219105 _cwnd=219105
Initialize per-instance NSCC parameters: flowid 15 _base_rtt=11685600 _base_bdp=146070 _bdp=146070 _min_cwnd=4150 _maxwnd=219105 _cwnd=219105
Initialize per-instance NSCC parameters: flowid 16 _base_rtt=11685600 _base_bdp=146070 _bdp=146070 _min_cwnd=4150 _maxwnd=219105 _cwnd=219105
Initialize per-instance NSCC parameters: flowid 17 _base_rtt=11685600 _base_bdp=146070 _bdp=146070 _min_cwnd=4150 _maxwnd=219105 _cwnd=219105
Initialize per-instance NSCC parameters: flowid 18 _base_rtt=11685600 _base_bdp=146070 _bdp=146070 _min_cwnd=4150 _maxwnd=219105 _cwnd=219105
Initialize per-instance NSCC parameters: flowid 19 _base_rtt=11685600 _base_bdp=146070 _bdp=146070 _min_cwnd=4150 _maxwnd=219105 _cwnd=219105
Initialize per-instance NSCC parameters: flowid 20 _base_rtt=11685600 _base_bdp=146070 _bdp=146070 _min_cwnd=4150 _maxwnd=219105 _cwnd=219105
Initialize per-instance NSCC parameters: flowid 21 _base_rtt=11685600 _base_bdp=146070 _bdp=146070 _min_cwnd=4150 _maxwnd=219105 _cwnd=219105
Initialize per-instance NSCC parameters: flowid 22 _base_rtt=11685600 _base_bdp=146070 _bdp=146070 _min_cwnd=4150 _maxwnd=219105 _cwnd=219105
Initialize per-instance NSCC parameters: flowid 23 _base_rtt=11685600 _base_bdp=146070 _bdp=146070 _min_cwnd=4150 _maxwnd=219105 _cwnd=219105
Initialize per-instance NSCC parameters: flowid 24 _base_rtt=11685600 _base_bdp=146070 _bdp=146070 _min_cwnd=4150 _maxwnd=219105 _cwnd=219105
Initialize per-instance NSCC parameters: flowid 25 _base_rtt=11685600 _base_bdp=146070 _bdp=146070 _min_cwnd=4150 _maxwnd=219105 _cwnd=219105
Initialize per-instance NSCC parameters: flowid 26 _base_rtt=11685600 _base_bdp=146070 _bdp=146070 _min_cwnd=4150 _maxwnd=219105 _cwnd=219105
Initialize per-instance NSCC parameters: flowid 27 _base_rtt=11685600 _base_bdp=146070 _bdp=146070 _min_cwnd=4150 _maxwnd=219105 _cwnd=219105
Initialize per-instance NSCC parameters: flowid 28 _base_rtt=11685600 _base_bdp=146070 _bdp=146070 _min_cwnd=4150 _maxwnd=219105 _cwnd=219105
Initialize per-instance NSCC parameters: flowid 29 _base_rtt=11685600 _base_bdp=146070 _bdp=146070 _min_cwnd=4150 _maxwnd=219105 _cwnd=219105
Initialize per-instance NSCC parameters: flowid 30 _base_rtt=11685600 _base_bdp=146070 _bdp=146070 _min_cwnd=4150 _maxwnd=219105 _cwnd=219105
Initialize per-instance NSCC parameters: flowid 31 _base_rtt=11685600 _base_bdp=146070 _bdp=146070 _min_cwnd=4150 _maxwnd=219105 _cwnd=219105
Initialize per-instance NSCC parameters: flowid 32 _base_rtt=11685600 _base_bdp=146070 _bdp=146070 _min_cwnd=4150 _maxwnd=219105 _cwnd=219105
Initialize per-instance NSCC parameters: flowid 33 _base_rtt=11685600 _base_bdp=146070 _bdp=146070 _min_cwnd=4150 _maxwnd=219105 _cwnd=219105
Initialize per-instance NSCC parameters: flowid 34 _base_rtt=11685600 _base_bdp=146070 _bdp=146070 _min_cwnd=4150 _maxwnd=219105 _cwnd=219105
Initialize per-instance NSCC parameters: flowid 35 _base_rtt=11685600 _base_bdp=146070 _bdp=146070 _min_cwnd=4150 _maxwnd=219105 _cwnd=219105
Initialize per-instance NSCC parameters: flowid 36 _base_rtt=11685600 _base_bdp=146070 _bdp=146070 _min_cwnd=4150 _maxwnd=219105 _cwnd=219105
Initialize per-instance NSCC parameters: flowid 37 _base_rtt=11685600 _base_bdp=146070 _bdp=146070 _min_cwnd=4150 _maxwnd=219105 _cwnd=219105
Initialize per-instance NSCC parameters: flowid 38 _base_rtt=11685600 _base_bdp=146070 _bdp=146070 _min_cwnd=4150 _maxwnd=219105 _cwnd=219105
Initialize per-instance NSCC parameters: flowid 39 _base_rtt=11685600 _base_bdp=146070 _bdp=146070 _min_cwnd=4150 _maxwnd=219105 _cwnd=219105
Initialize per-instance NSCC parameters: flowid 40 _base_rtt=11685600 _base_bdp=146070 _bdp=146070 _min_cwnd=4150 _maxwnd=219105 _cwnd=219105
Initialize per-instance NSCC parameters: flowid 41 _base_rtt=11685600 _base_bdp=146070 _bdp=146070 _min_cwnd=4150 _maxwnd=219105 _cwnd=219105
Initialize per-instance NSCC parameters: flowid 42 _base_rtt=11685600 _base_bdp=146070 _bdp=146070 _min_cwnd=4150 _maxwnd=219105 _cwnd=219105
Initialize per-instance NSCC parameters: flowid 43 _base_rtt=11685600 _base_bdp=146070 _bdp=146070 _min_cwnd=4150 _maxwnd=219105 _cwnd=219105
Initialize per-instance NSCC parameters: flowid 44 _base_rtt=11685600 _base_bdp=146070 _bdp=146070 _min_cwnd=4150 _maxwnd=219105 _cwnd=219105
Initialize per-instance NSCC parameters: flowid 45 _base_rtt=11685600 _base_bdp=146070 _bdp=146070 _min_cwnd=4150 _maxwnd=219105 _cwnd=219105
Initialize per-instance NSCC parameters: flowid 46 _base_rtt=11685600 _base_bdp=146070 _bdp=146070 _min_cwnd=4150 _maxwnd=219105 _cwnd=219105
Initialize per-instance NSCC parameters: flowid 47 _base_rtt=11685600 _base_bdp=146070 _bdp=146070 _min_cwnd=4150 _maxwnd=219105 _cwnd=219105
Initialize per-instance NSCC parameters: flowid 48 _base_rtt=11685600 _base_bdp=146070 _bdp=146070 _min_cwnd=4150 _maxwnd=219105 _cwnd=219105
Initialize per-instance NSCC parameters: flowid 49 _base_rtt=11685600 _base_bdp=146070 _bdp=146070 _min_cwnd=4150 _maxwnd=219105 _cwnd=219105
Initialize per-instance NSCC parameters: flowid 50 _base_rtt=11685600 _base_bdp=146070 _bdp=146070 _min_cwnd=4150 _maxwnd=219105 _cwnd=219105
Initialize per-instance NSCC parameters: flowid 51 _base_rtt=11685600 _base_bdp=146070 _bdp=146070 _min_cwnd=4150 _maxwnd=219105 _cwnd=219105
Initialize per-instance NSCC parameters: flowid 52 _base_rtt=11685600 _base_bdp=146070 _bdp=146070 _min_cwnd=4150 _maxwnd=219105 _cwnd=219105
Initialize per-instance NSCC parameters: flowid 53 _base_rtt=11685600 _base_bdp=146070 _bdp=146070 _min_cwnd=4150 _maxwnd=219105 _cwnd=219105
Initialize per-instance NSCC parameters: flowid 54 _base_rtt=11685600 _base_bdp=146070 _bdp=146070 _min_cwnd=4150 _maxwnd=219105 _cwnd=219105
Initialize per-instance NSCC parameters: flowid 55 _base_rtt=11685600 _base_bdp=146070 _bdp=146070 _min_cwnd=4150 _maxwnd=219105 _cwnd=219105
Initialize per-instance NSCC parameters: flowid 56 _base_rtt=11685600 _base_bdp=146070 _bdp=146070 _min_cwnd=4150 _maxwnd=219105 _cwnd=219105
Initialize per-instance NSCC parameters: flowid 57 _base_rtt=11685600 _base_bdp=146070 _bdp=146070 _min_cwnd=4150 _maxwnd=219105 _cwnd=219105
Initialize per-instance NSCC parameters: flowid 58 _base_rtt=11685600 _base_bdp=146070 _bdp=146070 _min_cwnd=4150 _maxwnd=219105 _cwnd=219105
Initialize per-instance NSCC parameters: flowid 59 _base_rtt=11685600 _base_bdp=146070 _bdp=146070 _min_cwnd=4150 _maxwnd=219105 _cwnd=219105
Initialize per-instance NSCC parameters: flowid 60 _base_rtt=11685600 _base_bdp=146070 _bdp=146070 _min_cwnd=4150 _maxwnd=219105 _cwnd=219105
Initialize per-instance NSCC parameters: flowid 61 _base_rtt=11685600 _base_bdp=146070 _bdp=146070 _min_cwnd=4150 _maxwnd=219105 _cwnd=219105
Initialize per-instance NSCC parameters: flowid 62 _base_rtt=11685600 _base_bdp=146070 _bdp=146070 _min_cwnd=4150 _maxwnd=219105 _cwnd=219105
Initialize per-instance NSCC parameters: flowid 63 _base_rtt=11685600 _base_bdp=146070 _bdp=146070 _min_cwnd=4150 _maxwnd=219105 _cwnd=219105
Initialize per-instance NSCC parameters: flowid 64 _base_rtt=11685600 _base_bdp=146070 _bdp=146070 _min_cwnd=4150 _maxwnd=219105 _cwnd=219105
Initialize per-instance NSCC parameters: flowid 65 _base_rtt=11685600 _base_bdp=146070 _bdp=146070 _min_cwnd=4150 _maxwnd=219105 _cwnd=219105
Initialize per-instance NSCC parameters: flowid 66 _base_rtt=11685600 _base_bdp=146070 _bdp=146070 _min_cwnd=4150 _maxwnd=219105 _cwnd=219105
Initialize per-instance NSCC parameters: flowid 67 _base_rtt=11685600 _base_bdp=146070 _bdp=146070 _min_cwnd=4150 _maxwnd=219105 _cwnd=219105
Initialize per-instance NSCC parameters: flowid 68 _base_rtt=11685600 _base_bdp=146070 _bdp=146070 _min_cwnd=4150 _maxwnd=219105 _cwnd=219105
Initialize per-instance NSCC parameters: flowid 69 _base_rtt=11685600 _base_bdp=146070 _bdp=146070 _min_cwnd=4150 _maxwnd=219105 _cwnd=219105
Initialize per-instance NSCC parameters: flowid 70 _base_rtt=11685600 _base_bdp=146070 _bdp=146070 _min_cwnd=4150 _maxwnd=219105 _cwnd=219105
Initialize per-instance NSCC parameters: flowid 71 _base_rtt=11685600 _base_bdp=146070 _bdp=146070 _min_cwnd=4150 _maxwnd=219105 _cwnd=219105
Initialize per-instance NSCC parameters: flowid 72 _base_rtt=11685600 _base_bdp=146070 _bdp=146070 _min_cwnd=4150 _maxwnd=219105 _cwnd=219105
Initialize per-instance NSCC parameters: flowid 73 _base_rtt=11685600 _base_bdp=146070 _bdp=146070 _min_cwnd=4150 _maxwnd=219105 _cwnd=219105
Initialize per-instance NSCC parameters: flowid 74 _base_rtt=11685600 _base_bdp=146070 _bdp=146070 _min_cwnd=4150 _maxwnd=219105 _cwnd=219105
Initialize per-instance NSCC parameters: flowid 75 _base_rtt=11685600 _base_bdp=146070 _bdp=146070 _min_cwnd=4150 _maxwnd=219105 _cwnd=219105
Initialize per-instance NSCC parameters: flowid 76 _base_rtt=11685600 _base_bdp=146070 _bdp=146070 _min_cwnd=4150 _maxwnd=219105 _cwnd=219105
Initialize per-instance NSCC parameters: flowid 77 _base_rtt=11685600 _base_bdp=146070 _bdp=146070 _min_cwnd=4150 _maxwnd=219105 _cwnd=219105
Initialize per-instance NSCC parameters: flowid 78 _base_rtt=11685600 _base_bdp=146070 _bdp=146070 _min_cwnd=4150 _maxwnd=219105 _cwnd=219105
Initialize per-instance NSCC parameters: flowid 79 _base_rtt=11685600 _base_bdp=146070 _bdp=146070 _min_cwnd=4150 _maxwnd=219105 _cwnd=219105
Initialize per-instance NSCC parameters: flowid 80 _base_rtt=11685600 _base_bdp=146070 _bdp=146070 _min_cwnd=4150 _maxwnd=219105 _cwnd=219105
Initialize per-instance NSCC parameters: flowid 81 _base_rtt=11685600 _base_bdp=146070 _bdp=146070 _min_cwnd=4150 _maxwnd=219105 _cwnd=219105
Initialize per-instance NSCC parameters: flowid 82 _base_rtt=11685600 _base_bdp=146070 _bdp=146070 _min_cwnd=4150 _maxwnd=219105 _cwnd=219105
Initialize per-instance NSCC parameters: flowid 83 _base_rtt=11685600 _base_bdp=146070 _bdp=146070 _min_cwnd=4150 _maxwnd=219105 _cwnd=219105
Initialize per-instance NSCC parameters: flowid 84 _base_rtt=11685600 _base_bdp=146070 _bdp=146070 _min_cwnd=4150 _maxwnd=219105 _cwnd=219105
Initialize per-instance NSCC parameters: flowid 85 _base_rtt=11685600 _base_bdp=146070 _bdp=146070 _min_cwnd=4150 _maxwnd=219105 _cwnd=219105
Initialize per-instance NSCC parameters: flowid 86 _base_rtt=11685600 _base_bdp=146070 _bdp=146070 _min_cwnd=4150 _maxwnd=219105 _cwnd=219105
Initialize per-instance NSCC parameters: flowid 87 _base_rtt=11685600 _base_bdp=146070 _bdp=146070 _min_cwnd=4150 _maxwnd=219105 _cwnd=219105
Initialize per-instance NSCC parameters: flowid 88 _base_rtt=11685600 _base_bdp=146070 _bdp=146070 _min_cwnd=4150 _maxwnd=219105 _cwnd=219105
Initialize per-instance NSCC parameters: flowid 89 _base_rtt=11685600 _base_bdp=146070 _bdp=146070 _min_cwnd=4150 _maxwnd=219105 _cwnd=219105
Initialize per-instance NSCC parameters: flowid 90 _base_rtt=11685600 _base_bdp=146070 _bdp=146070 _min_cwnd=4150 _maxwnd=219105 _cwnd=219105
Initialize per-instance NSCC parameters: flowid 91 _base_rtt=11685600 _base_bdp=146070 _bdp=146070 _min_cwnd=4150 _maxwnd=219105 _cwnd=219105
Initialize per-instance NSCC parameters: flowid 92 _base_rtt=11685600 _base_bdp=146070 _bdp=146070 _min_cwnd=4150 _maxwnd=219105 _cwnd=219105
Initialize per-instance NSCC parameters: flowid 93 _base_rtt=11685600 _base_bdp=146070 _bdp=146070 _min_cwnd=4150 _maxwnd=219105 _cwnd=219105
Initialize per-instance NSCC parameters: flowid 94 _base_rtt=11685600 _base_bdp=146070 _bdp=146070 _min_cwnd=4150 _maxwnd=219105 _cwnd=219105
Initialize per-instance NSCC parameters: flowid 95 _base_rtt=11685600 _base_bdp=146070 _bdp=146070 _min_cwnd=4150 _maxwnd=219105 _cwnd=219105
Initialize per-instance NSCC parameters: flowid 96 _base_rtt=11685600 _base_bdp=146070 _bdp=146070 _min_cwnd=4150 _maxwnd=219105 _cwnd=219105
Initialize per-instance NSCC parameters: flowid 97 _base_rtt=11685600 _base_bdp=146070 _bdp=146070 _min_cwnd=4150 _maxwnd=219105 _cwnd=219105
Initialize per-instance NSCC parameters: flowid 98 _base_rtt=11685600 _base_bdp=146070 _bdp=146070 _min_cwnd=4150 _maxwnd=219105 _cwnd=219105
Initialize per-instance NSCC parameters: flowid 99 _base_rtt=11685600 _base_bdp=146070 _bdp=146070 _min_cwnd=4150 _maxwnd=219105 _cwnd=219105
Initialize per-instance NSCC parameters: flowid 100 _base_rtt=11685600 _base_bdp=146070 _bdp=146070 _min_cwnd=4150 _maxwnd=219105 _cwnd=219105
Initialize per-instance NSCC parameters: flowid 101 _base_rtt=11685600 _base_bdp=146070 _bdp=146070 _min_cwnd=4150 _maxwnd=219105 _cwnd=219105
Initialize per-instance NSCC parameters: flowid 102 _base_rtt=11685600 _base_bdp=146070 _bdp=146070 _min_cwnd=4150 _maxwnd=219105 _cwnd=219105
Initialize per-instance NSCC parameters: flowid 103 _base_rtt=11685600 _base_bdp=146070 _bdp=146070 _min_cwnd=4150 _maxwnd=219105 _cwnd=219105
Initialize per-instance NSCC parameters: flowid 104 _base_rtt=11685600 _base_bdp=146070 _bdp=146070 _min_cwnd=4150 _maxwnd=219105 _cwnd=219105
Initialize per-instance NSCC parameters: flowid 105 _base_rtt=11685600 _base_bdp=146070 _bdp=146070 _min_cwnd=4150 _maxwnd=219105 _cwnd=219105
Initialize per-instance NSCC parameters: flowid 106 _base_rtt=11685600 _base_bdp=146070 _bdp=146070 _min_cwnd=4150 _maxwnd=219105 _cwnd=219105
Initialize per-instance NSCC parameters: flowid 107 _base_rtt=11685600 _base_bdp=146070 _bdp=146070 _min_cwnd=4150 _maxwnd=219105 _cwnd=219105
Initialize per-instance NSCC parameters: flowid 108 _base_rtt=11685600 _base_bdp=146070 _bdp=146070 _min_cwnd=4150 _maxwnd=219105 _cwnd=219105
Initialize per-instance NSCC parameters: flowid 109 _base_rtt=11685600 _base_bdp=146070 _bdp=146070 _min_cwnd=4150 _maxwnd=219105 _cwnd=219105
Initialize per-instance NSCC parameters: flowid 110 _base_rtt=11685600 _base_bdp=146070 _bdp=146070 _min_cwnd=4150 _maxwnd=219105 _cwnd=219105
Initialize per-instance NSCC parameters: flowid 111 _base_rtt=11685600 _base_bdp=146070 _bdp=146070 _min_cwnd=4150 _maxwnd=219105 _cwnd=219105
Initialize per-instance NSCC parameters: flowid 112 _base_rtt=11685600 _base_bdp=146070 _bdp=146070 _min_cwnd=4150 _maxwnd=219105 _cwnd=219105
Initialize per-instance NSCC parameters: flowid 113 _base_rtt=11685600 _base_bdp=146070 _bdp=146070 _min_cwnd=4150 _maxwnd=219105 _cwnd=219105
Initialize per-instance NSCC parameters: flowid 114 _base_rtt=11685600 _base_bdp=146070 _bdp=146070 _min_cwnd=4150 _maxwnd=219105 _cwnd=219105
Initialize per-instance NSCC parameters: flowid 115 _base_rtt=11685600 _base_bdp=146070 _bdp=146070 _min_cwnd=4150 _maxwnd=219105 _cwnd=219105
Initialize per-instance NSCC parameters: flowid 116 _base_rtt=11685600 _base_bdp=146070 _bdp=146070 _min_cwnd=4150 _maxwnd=219105 _cwnd=219105
Initialize per-instance NSCC parameters: flowid 117 _base_rtt=11685600 _base_bdp=146070 _bdp=146070 _min_cwnd=4150 _maxwnd=219105 _cwnd=219105
Initialize per-instance NSCC parameters: flowid 118 _base_rtt=11685600 _base_bdp=146070 _bdp=146070 _min_cwnd=4150 _maxwnd=219105 _cwnd=219105
Initialize per-instance NSCC parameters: flowid 119 _base_rtt=11685600 _base_bdp=146070 _bdp=146070 _min_cwnd=4150 _maxwnd=219105 _cwnd=219105
Initialize per-instance NSCC parameters: flowid 120 _base_rtt=11685600 _base_bdp=146070 _bdp=146070 _min_cwnd=4150 _maxwnd=219105 _cwnd=219105
Initialize per-instance NSCC parameters: flowid 121 _base_rtt=11685600 _base_bdp=146070 _bdp=146070 _min_cwnd=4150 _maxwnd=219105 _cwnd=219105
Initialize per-instance NSCC parameters: flowid 122 _base_rtt=11685600 _base_bdp=146070 _bdp=146070 _min_cwnd=4150 _maxwnd=219105 _cwnd=219105
Initialize per-instance NSCC parameters: flowid 123 _base_rtt=11685600 _base_bdp=146070 _bdp=146070 _min_cwnd=4150 _maxwnd=219105 _cwnd=219105
Initialize per-instance NSCC parameters: flowid 124 _base_rtt=11685600 _base_bdp=146070 _bdp=146070 _min_cwnd=4150 _maxwnd=219105 _cwnd=219105
Initialize per-instance NSCC parameters: flowid 125 _base_rtt=11685600 _base_bdp=146070 _bdp=146070 _min_cwnd=4150 _maxwnd=219105 _cwnd=219105
Initialize per-instance NSCC parameters: flowid 126 _base_rtt=11685600 _base_bdp=146070 _bdp=146070 _min_cwnd=4150 _maxwnd=219105 _cwnd=219105
Initialize per-instance NSCC parameters: flowid 127 _base_rtt=11685600 _base_bdp=146070 _bdp=146070 _min_cwnd=4150 _maxwnd=219105 _cwnd=219105
Initialize per-instance NSCC parameters: flowid 128 _base_rtt=11685600 _base_bdp=146070 _bdp=146070 _min_cwnd=4150 _maxwnd=219105 _cwnd=219105
Initialize per-instance NSCC parameters: flowid 129 _base_rtt=11685600 _base_bdp=146070 _bdp=146070 _min_cwnd=4150 _maxwnd=219105 _cwnd=219105
Initialize per-instance NSCC parameters: flowid 130 _base_rtt=11685600 _base_bdp=146070 _bdp=146070 _min_cwnd=4150 _maxwnd=219105 _cwnd=219105
Initialize per-instance NSCC parameters: flowid 131 _base_rtt=11685600 _base_bdp=146070 _bdp=146070 _min_cwnd=4150 _maxwnd=219105 _cwnd=219105
Initialize per-instance NSCC parameters: flowid 132 _base_rtt=11685600 _base_bdp=146070 _bdp=146070 _min_cwnd=4150 _maxwnd=219105 _cwnd=219105
Initialize per-instance NSCC parameters: flowid 133 _base_rtt=11685600 _base_bdp=146070 _bdp=146070 _min_cwnd=4150 _maxwnd=219105 _cwnd=219105
Initialize per-instance NSCC parameters: flowid 134 _base_rtt=11685600 _base_bdp=146070 _bdp=146070 _min_cwnd=4150 _maxwnd=219105 _cwnd=219105
Initialize per-instance NSCC parameters: flowid 135 _base_rtt=11685600 _base_bdp=146070 _bdp=146070 _min_cwnd=4150 _maxwnd=219105 _cwnd=219105
Initialize per-instance NSCC parameters: flowid 136 _base_rtt=11685600 _base_bdp=146070 _bdp=146070 _min_cwnd=4150 _maxwnd=219105 _cwnd=219105
Initialize per-instance NSCC parameters: flowid 137 _base_rtt=11685600 _base_bdp=146070 _bdp=146070 _min_cwnd=4150 _maxwnd=219105 _cwnd=219105
Initialize per-instance NSCC parameters: flowid 138 _base_rtt=11685600 _base_bdp=146070 _bdp=146070 _min_cwnd=4150 _maxwnd=219105 _cwnd=219105
Initialize per-instance NSCC parameters: flowid 139 _base_rtt=11685600 _base_bdp=146070 _bdp=146070 _min_cwnd=4150 _maxwnd=219105 _cwnd=219105
Initialize per-instance NSCC parameters: flowid 140 _base_rtt=11685600 _base_bdp=146070 _bdp=146070 _min_cwnd=4150 _maxwnd=219105 _cwnd=219105
Initialize per-instance NSCC parameters: flowid 141 _base_rtt=11685600 _base_bdp=146070 _bdp=146070 _min_cwnd=4150 _maxwnd=219105 _cwnd=219105
Initialize per-instance NSCC parameters: flowid 142 _base_rtt=11685600 _base_bdp=146070 _bdp=146070 _min_cwnd=4150 _maxwnd=219105 _cwnd=219105
Initialize per-instance NSCC parameters: flowid 143 _base_rtt=11685600 _base_bdp=146070 _bdp=146070 _min_cwnd=4150 _maxwnd=219105 _cwnd=219105
Initialize per-instance NSCC parameters: flowid 144 _base_rtt=11685600 _base_bdp=146070 _bdp=146070 _min_cwnd=4150 _maxwnd=219105 _cwnd=219105
Initialize per-instance NSCC parameters: flowid 145 _base_rtt=11685600 _base_bdp=146070 _bdp=146070 _min_cwnd=4150 _maxwnd=219105 _cwnd=219105
Initialize per-instance NSCC parameters: flowid 146 _base_rtt=11685600 _base_bdp=146070 _bdp=146070 _min_cwnd=4150 _maxwnd=219105 _cwnd=219105
Initialize per-instance NSCC parameters: flowid 147 _base_rtt=11685600 _base_bdp=146070 _bdp=146070 _min_cwnd=4150 _maxwnd=219105 _cwnd=219105
Initialize per-instance NSCC parameters: flowid 148 _base_rtt=11685600 _base_bdp=146070 _bdp=146070 _min_cwnd=4150 _maxwnd=219105 _cwnd=219105
Initialize per-instance NSCC parameters: flowid 149 _base_rtt=11685600 _base_bdp=146070 _bdp=146070 _min_cwnd=4150 _maxwnd=219105 _cwnd=219105
Initialize per-instance NSCC parameters: flowid 150 _base_rtt=11685600 _base_bdp=146070 _bdp=146070 _min_cwnd=4150 _maxwnd=219105 _cwnd=219105
Initialize per-instance NSCC parameters: flowid 151 _base_rtt=11685600 _base_bdp=146070 _bdp=146070 _min_cwnd=4150 _maxwnd=219105 _cwnd=219105
Initialize per-instance NSCC parameters: flowid 152 _base_rtt=11685600 _base_bdp=146070 _bdp=146070 _min_cwnd=4150 _maxwnd=219105 _cwnd=219105
Initialize per-instance NSCC parameters: flowid 153 _base_rtt=11685600 _base_bdp=146070 _bdp=146070 _min_cwnd=4150 _maxwnd=219105 _cwnd=219105
Initialize per-instance NSCC parameters: flowid 154 _base_rtt=11685600 _base_bdp=146070 _bdp=146070 _min_cwnd=4150 _maxwnd=219105 _cwnd=219105
Initialize per-instance NSCC parameters: flowid 155 _base_rtt=11685600 _base_bdp=146070 _bdp=146070 _min_cwnd=4150 _maxwnd=219105 _cwnd=219105
Initialize per-instance NSCC parameters: flowid 156 _base_rtt=11685600 _base_bdp=146070 _bdp=146070 _min_cwnd=4150 _maxwnd=219105 _cwnd=219105
Initialize per-instance NSCC parameters: flowid 157 _base_rtt=11685600 _base_bdp=146070 _bdp=146070 _min_cwnd=4150 _maxwnd=219105 _cwnd=219105
Initialize per-instance NSCC parameters: flowid 158 _base_rtt=11685600 _base_bdp=146070 _bdp=146070 _min_cwnd=4150 _maxwnd=219105 _cwnd=219105
Initialize per-instance NSCC parameters: flowid 159 _base_rtt=11685600 _base_bdp=146070 _bdp=146070 _min_cwnd=4150 _maxwnd=219105 _cwnd=219105
Initialize per-instance NSCC parameters: flowid 160 _base_rtt=11685600 _base_bdp=146070 _bdp=146070 _min_cwnd=4150 _maxwnd=219105 _cwnd=219105
Initialize per-instance NSCC parameters: flowid 161 _base_rtt=11685600 _base_bdp=146070 _bdp=146070 _min_cwnd=4150 _maxwnd=219105 _cwnd=219105
Initialize per-instance NSCC parameters: flowid 162 _base_rtt=11685600 _base_bdp=146070 _bdp=146070 _min_cwnd=4150 _maxwnd=219105 _cwnd=219105
Initialize per-instance NSCC parameters: flowid 163 _base_rtt=11685600 _base_bdp=146070 _bdp=146070 _min_cwnd=4150 _maxwnd=219105 _cwnd=219105
Initialize per-instance NSCC parameters: flowid 164 _base_rtt=11685600 _base_bdp=146070 _bdp=146070 _min_cwnd=4150 _maxwnd=219105 _cwnd=219105
Initialize per-instance NSCC parameters: flowid 165 _base_rtt=11685600 _base_bdp=146070 _bdp=146070 _min_cwnd=4150 _maxwnd=219105 _cwnd=219105
Initialize per-instance NSCC parameters: flowid 166 _base_rtt=11685600 _base_bdp=146070 _bdp=146070 _min_cwnd=4150 _maxwnd=219105 _cwnd=219105
Initialize per-instance NSCC parameters: flowid 167 _base_rtt=11685600 _base_bdp=146070 _bdp=146070 _min_cwnd=4150 _maxwnd=219105 _cwnd=219105
Initialize per-instance NSCC parameters: flowid 168 _base_rtt=11685600 _base_bdp=146070 _bdp=146070 _min_cwnd=4150 _maxwnd=219105 _cwnd=219105
Initialize per-instance NSCC parameters: flowid 169 _base_rtt=11685600 _base_bdp=146070 _bdp=146070 _min_cwnd=4150 _maxwnd=219105 _cwnd=219105
Initialize per-instance NSCC parameters: flowid 170 _base_rtt=11685600 _base_bdp=146070 _bdp=146070 _min_cwnd=4150 _maxwnd=219105 _cwnd=219105
Initialize per-instance NSCC parameters: flowid 171 _base_rtt=11685600 _base_bdp=146070 _bdp=146070 _min_cwnd=4150 _maxwnd=219105 _cwnd=219105
Initialize per-instance NSCC parameters: flowid 172 _base_rtt=11685600 _base_bdp=146070 _bdp=146070 _min_cwnd=4150 _maxwnd=219105 _cwnd=219105
Initialize per-instance NSCC parameters: flowid 173 _base_rtt=11685600 _base_bdp=146070 _bdp=146070 _min_cwnd=4150 _maxwnd=219105 _cwnd=219105
Initialize per-instance NSCC parameters: flowid 174 _base_rtt=11685600 _base_bdp=146070 _bdp=146070 _min_cwnd=4150 _maxwnd=219105 _cwnd=219105
Initialize per-instance NSCC parameters: flowid 175 _base_rtt=11685600 _base_bdp=146070 _bdp=146070 _min_cwnd=4150 _maxwnd=219105 _cwnd=219105
Initialize per-instance NSCC parameters: flowid 176 _base_rtt=11685600 _base_bdp=146070 _bdp=146070 _min_cwnd=4150 _maxwnd=219105 _cwnd=219105
Initialize per-instance NSCC parameters: flowid 177 _base_rtt=11685600 _base_bdp=146070 _bdp=146070 _min_cwnd=4150 _maxwnd=219105 _cwnd=219105
Initialize per-instance NSCC parameters: flowid 178 _base_rtt=11685600 _base_bdp=146070 _bdp=146070 _min_cwnd=4150 _maxwnd=219105 _cwnd=219105
Initialize per-instance NSCC parameters: flowid 179 _base_rtt=11685600 _base_bdp=146070 _bdp=146070 _min_cwnd=4150 _maxwnd=219105 _cwnd=219105
Initialize per-instance NSCC parameters: flowid 180 _base_rtt=11685600 _base_bdp=146070 _bdp=146070 _min_cwnd=4150 _maxwnd=219105 _cwnd=219105
Initialize per-instance NSCC parameters: flowid 181 _base_rtt=11685600 _base_bdp=146070 _bdp=146070 _min_cwnd=4150 _maxwnd=219105 _cwnd=219105
Initialize per-instance NSCC parameters: flowid 182 _base_rtt=11685600 _base_bdp=146070 _bdp=146070 _min_cwnd=4150 _maxwnd=219105 _cwnd=219105
Initialize per-instance NSCC parameters: flowid 183 _base_rtt=11685600 _base_bdp=146070 _bdp=146070 _min_cwnd=4150 _maxwnd=219105 _cwnd=219105
Initialize per-instance NSCC parameters: flowid 184 _base_rtt=11685600 _base_bdp=146070 _bdp=146070 _min_cwnd=4150 _maxwnd=219105 _cwnd=219105
Initialize per-instance NSCC parameters: flowid 185 _base_rtt=11685600 _base_bdp=146070 _bdp=146070 _min_cwnd=4150 _maxwnd=219105 _cwnd=219105
Initialize per-instance NSCC parameters: flowid 186 _base_rtt=11685600 _base_bdp=146070 _bdp=146070 _min_cwnd=4150 _maxwnd=219105 _cwnd=219105
Initialize per-instance NSCC parameters: flowid 187 _base_rtt=11685600 _base_bdp=146070 _bdp=146070 _min_cwnd=4150 _maxwnd=219105 _cwnd=219105
Initialize per-instance NSCC parameters: flowid 188 _base_rtt=11685600 _base_bdp=146070 _bdp=146070 _min_cwnd=4150 _maxwnd=219105 _cwnd=219105
Initialize per-instance NSCC parameters: flowid 189 _base_rtt=11685600 _base_bdp=146070 _bdp=146070 _min_cwnd=4150 _maxwnd=219105 _cwnd=219105
Initialize per-instance NSCC parameters: flowid 190 _base_rtt=11685600 _base_bdp=146070 _bdp=146070 _min_cwnd=4150 _maxwnd=219105 _cwnd=219105
Initialize per-instance NSCC parameters: flowid 191 _base_rtt=11685600 _base_bdp=146070 _bdp=146070 _min_cwnd=4150 _maxwnd=219105 _cwnd=219105
Initialize per-instance NSCC parameters: flowid 192 _base_rtt=11685600 _base_bdp=146070 _bdp=146070 _min_cwnd=4150 _maxwnd=219105 _cwnd=219105
Initialize per-instance NSCC parameters: flowid 193 _base_rtt=11685600 _base_bdp=146070 _bdp=146070 _min_cwnd=4150 _maxwnd=219105 _cwnd=219105
Initialize per-instance NSCC parameters: flowid 194 _base_rtt=11685600 _base_bdp=146070 _bdp=146070 _min_cwnd=4150 _maxwnd=219105 _cwnd=219105
Initialize per-instance NSCC parameters: flowid 195 _base_rtt=11685600 _base_bdp=146070 _bdp=146070 _min_cwnd=4150 _maxwnd=219105 _cwnd=219105
Initialize per-instance NSCC parameters: flowid 196 _base_rtt=11685600 _base_bdp=146070 _bdp=146070 _min_cwnd=4150 _maxwnd=219105 _cwnd=219105
Initialize per-instance NSCC parameters: flowid 197 _base_rtt=11685600 _base_bdp=146070 _bdp=146070 _min_cwnd=4150 _maxwnd=219105 _cwnd=219105
Initialize per-instance NSCC parameters: flowid 198 _base_rtt=11685600 _base_bdp=146070 _bdp=146070 _min_cwnd=4150 _maxwnd=219105 _cwnd=219105
Initialize per-instance NSCC parameters: flowid 199 _base_rtt=11685600 _base_bdp=146070 _bdp=146070 _min_cwnd=4150 _maxwnd=219105 _cwnd=219105
Initialize per-instance NSCC parameters: flowid 200 _base_rtt=11685600 _base_bdp=146070 _bdp=146070 _min_cwnd=4150 _maxwnd=219105 _cwnd=219105
Initialize per-instance NSCC parameters: flowid 201 _base_rtt=11685600 _base_bdp=146070 _bdp=146070 _min_cwnd=4150 _maxwnd=219105 _cwnd=219105
Initialize per-instance NSCC parameters: flowid 202 _base_rtt=11685600 _base_bdp=146070 _bdp=146070 _min_cwnd=4150 _maxwnd=219105 _cwnd=219105
Initialize per-instance NSCC parameters: flowid 203 _base_rtt=11685600 _base_bdp=146070 _bdp=146070 _min_cwnd=4150 _maxwnd=219105 _cwnd=219105
Initialize per-instance NSCC parameters: flowid 204 _base_rtt=11685600 _base_bdp=146070 _bdp=146070 _min_cwnd=4150 _maxwnd=219105 _cwnd=219105
Initialize per-instance NSCC parameters: flowid 205 _base_rtt=11685600 _base_bdp=146070 _bdp=146070 _min_cwnd=4150 _maxwnd=219105 _cwnd=219105
Initialize per-instance NSCC parameters: flowid 206 _base_rtt=11685600 _base_bdp=146070 _bdp=146070 _min_cwnd=4150 _maxwnd=219105 _cwnd=219105
Initialize per-instance NSCC parameters: flowid 207 _base_rtt=11685600 _base_bdp=146070 _bdp=146070 _min_cwnd=4150 _maxwnd=219105 _cwnd=219105
Initialize per-instance NSCC parameters: flowid 208 _base_rtt=11685600 _base_bdp=146070 _bdp=146070 _min_cwnd=4150 _maxwnd=219105 _cwnd=219105
Initialize per-instance NSCC parameters: flowid 209 _base_rtt=11685600 _base_bdp=146070 _bdp=146070 _min_cwnd=4150 _maxwnd=219105 _cwnd=219105
Initialize per-instance NSCC parameters: flowid 210 _base_rtt=11685600 _base_bdp=146070 _bdp=146070 _min_cwnd=4150 _maxwnd=219105 _cwnd=219105
Initialize per-instance NSCC parameters: flowid 211 _base_rtt=11685600 _base_bdp=146070 _bdp=146070 _min_cwnd=4150 _maxwnd=219105 _cwnd=219105
Initialize per-instance NSCC parameters: flowid 212 _base_rtt=11685600 _base_bdp=146070 _bdp=146070 _min_cwnd=4150 _maxwnd=219105 _cwnd=219105
Initialize per-instance NSCC parameters: flowid 213 _base_rtt=11685600 _base_bdp=146070 _bdp=146070 _min_cwnd=4150 _maxwnd=219105 _cwnd=219105
Initialize per-instance NSCC parameters: flowid 214 _base_rtt=11685600 _base_bdp=146070 _bdp=146070 _min_cwnd=4150 _maxwnd=219105 _cwnd=219105
Initialize per-instance NSCC parameters: flowid 215 _base_rtt=11685600 _base_bdp=146070 _bdp=146070 _min_cwnd=4150 _maxwnd=219105 _cwnd=219105
Initialize per-instance NSCC parameters: flowid 216 _base_rtt=11685600 _base_bdp=146070 _bdp=146070 _min_cwnd=4150 _maxwnd=219105 _cwnd=219105
Initialize per-instance NSCC parameters: flowid 217 _base_rtt=11685600 _base_bdp=146070 _bdp=146070 _min_cwnd=4150 _maxwnd=219105 _cwnd=219105
Initialize per-instance NSCC parameters: flowid 218 _base_rtt=11685600 _base_bdp=146070 _bdp=146070 _min_cwnd=4150 _maxwnd=219105 _cwnd=219105
Initialize per-instance NSCC parameters: flowid 219 _base_rtt=11685600 _base_bdp=146070 _bdp=146070 _min_cwnd=4150 _maxwnd=219105 _cwnd=219105
Initialize per-instance NSCC parameters: flowid 220 _base_rtt=11685600 _base_bdp=146070 _bdp=146070 _min_cwnd=4150 _maxwnd=219105 _cwnd=219105
Initialize per-instance NSCC parameters: flowid 221 _base_rtt=11685600 _base_bdp=146070 _bdp=146070 _min_cwnd=4150 _maxwnd=219105 _cwnd=219105
Initialize per-instance NSCC parameters: flowid 222 _base_rtt=11685600 _base_bdp=146070 _bdp=146070 _min_cwnd=4150 _maxwnd=219105 _cwnd=219105
Initialize per-instance NSCC parameters: flowid 223 _base_rtt=11685600 _base_bdp=146070 _bdp=146070 _min_cwnd=4150 _maxwnd=219105 _cwnd=219105
Initialize per-instance NSCC parameters: flowid 224 _base_rtt=11685600 _base_bdp=146070 _bdp=146070 _min_cwnd=4150 _maxwnd=219105 _cwnd=219105
Initialize per-instance NSCC parameters: flowid 225 _base_rtt=11685600 _base_bdp=146070 _bdp=146070 _min_cwnd=4150 _maxwnd=219105 _cwnd=219105
Initialize per-instance NSCC parameters: flowid 226 _base_rtt=11685600 _base_bdp=146070 _bdp=146070 _min_cwnd=4150 _maxwnd=219105 _cwnd=219105
Initialize per-instance NSCC parameters: flowid 227 _base_rtt=11685600 _base_bdp=146070 _bdp=146070 _min_cwnd=4150 _maxwnd=219105 _cwnd=219105
Initialize per-instance NSCC parameters: flowid 228 _base_rtt=11685600 _base_bdp=146070 _bdp=146070 _min_cwnd=4150 _maxwnd=219105 _cwnd=219105
Initialize per-instance NSCC parameters: flowid 229 _base_rtt=11685600 _base_bdp=146070 _bdp=146070 _min_cwnd=4150 _maxwnd=219105 _cwnd=219105
Initialize per-instance NSCC parameters: flowid 230 _base_rtt=11685600 _base_bdp=146070 _bdp=146070 _min_cwnd=4150 _maxwnd=219105 _cwnd=219105
Initialize per-instance NSCC parameters: flowid 231 _base_rtt=11685600 _base_bdp=146070 _bdp=146070 _min_cwnd=4150 _maxwnd=219105 _cwnd=219105
Initialize per-instance NSCC parameters: flowid 232 _base_rtt=11685600 _base_bdp=146070 _bdp=146070 _min_cwnd=4150 _maxwnd=219105 _cwnd=219105
Initialize per-instance NSCC parameters: flowid 233 _base_rtt=11685600 _base_bdp=146070 _bdp=146070 _min_cwnd=4150 _maxwnd=219105 _cwnd=219105
Initialize per-instance NSCC parameters: flowid 234 _base_rtt=11685600 _base_bdp=146070 _bdp=146070 _min_cwnd=4150 _maxwnd=219105 _cwnd=219105
Initialize per-instance NSCC parameters: flowid 235 _base_rtt=11685600 _base_bdp=146070 _bdp=146070 _min_cwnd=4150 _maxwnd=219105 _cwnd=219105
Initialize per-instance NSCC parameters: flowid 236 _base_rtt=11685600 _base_bdp=146070 _bdp=146070 _min_cwnd=4150 _maxwnd=219105 _cwnd=219105
Initialize per-instance NSCC parameters: flowid 237 _base_rtt=11685600 _base_bdp=146070 _bdp=146070 _min_cwnd=4150 _maxwnd=219105 _cwnd=219105
Initialize per-instance NSCC parameters: flowid 238 _base_rtt=11685600 _base_bdp=146070 _bdp=146070 _min_cwnd=4150 _maxwnd=219105 _cwnd=219105
Initialize per-instance NSCC parameters: flowid 239 _base_rtt=11685600 _base_bdp=146070 _bdp=146070 _min_cwnd=4150 _maxwnd=219105 _cwnd=219105
Initialize per-instance NSCC parameters: flowid 240 _base_rtt=11685600 _base_bdp=146070 _bdp=146070 _min_cwnd=4150 _maxwnd=219105 _cwnd=219105
Initialize per-instance NSCC parameters: flowid 241 _base_rtt=11685600 _base_bdp=146070 _bdp=146070 _min_cwnd=4150 _maxwnd=219105 _cwnd=219105
Initialize per-instance NSCC parameters: flowid 242 _base_rtt=11685600 _base_bdp=146070 _bdp=146070 _min_cwnd=4150 _maxwnd=219105 _cwnd=219105
Initialize per-instance NSCC parameters: flowid 243 _base_rtt=11685600 _base_bdp=146070 _bdp=146070 _min_cwnd=4150 _maxwnd=219105 _cwnd=219105
Initialize per-instance NSCC parameters: flowid 244 _base_rtt=11685600 _base_bdp=146070 _bdp=146070 _min_cwnd=4150 _maxwnd=219105 _cwnd=219105
Initialize per-instance NSCC parameters: flowid 245 _base_rtt=11685600 _base_bdp=146070 _bdp=146070 _min_cwnd=4150 _maxwnd=219105 _cwnd=219105
Initialize per-instance NSCC parameters: flowid 246 _base_rtt=11685600 _base_bdp=146070 _bdp=146070 _min_cwnd=4150 _maxwnd=219105 _cwnd=219105
Initialize per-instance NSCC parameters: flowid 247 _base_rtt=11685600 _base_bdp=146070 _bdp=146070 _min_cwnd=4150 _maxwnd=219105 _cwnd=219105
Initialize per-instance NSCC parameters: flowid 248 _base_rtt=11685600 _base_bdp=146070 _bdp=146070 _min_cwnd=4150 _maxwnd=219105 _cwnd=219105
Initialize per-instance NSCC parameters: flowid 249 _base_rtt=11685600 _base_bdp=146070 _bdp=146070 _min_cwnd=4150 _maxwnd=219105 _cwnd=219105
Initialize per-instance NSCC parameters: flowid 250 _base_rtt=11685600 _base_bdp=146070 _bdp=146070 _min_cwnd=4150 _maxwnd=219105 _cwnd=219105
Initialize per-instance NSCC parameters: flowid 251 _base_rtt=11685600 _base_bdp=146070 _bdp=146070 _min_cwnd=4150 _maxwnd=219105 _cwnd=219105
Initialize per-instance NSCC parameters: flowid 252 _base_rtt=11685600 _base_bdp=146070 _bdp=146070 _min_cwnd=4150 _maxwnd=219105 _cwnd=219105
Initialize per-instance NSCC parameters: flowid 253 _base_rtt=11685600 _base_bdp=146070 _bdp=146070 _min_cwnd=4150 _maxwnd=219105 _cwnd=219105
Initialize per-instance NSCC parameters: flowid 254 _base_rtt=11685600 _base_bdp=146070 _bdp=146070 _min_cwnd=4150 _maxwnd=219105 _cwnd=219105
Initialize per-instance NSCC parameters: flowid 255 _base_rtt=11685600 _base_bdp=146070 _bdp=146070 _min_cwnd=4150 _maxwnd=219105 _cwnd=219105
Initialize per-instance NSCC parameters: flowid 256 _base_rtt=11685600 _base_bdp=146070 _bdp=146070 _min_cwnd=4150 _maxwnd=219105 _cwnd=219105
Initialize per-instance NSCC parameters: flowid 257 _base_rtt=11685600 _base_bdp=146070 _bdp=146070 _min_cwnd=4150 _maxwnd=219105 _cwnd=219105
Initialize per-instance NSCC parameters: flowid 258 _base_rtt=11685600 _base_bdp=146070 _bdp=146070 _min_cwnd=4150 _maxwnd=219105 _cwnd=219105
Initialize per-instance NSCC parameters: flowid 259 _base_rtt=11685600 _base_bdp=146070 _bdp=146070 _min_cwnd=4150 _maxwnd=219105 _cwnd=219105
Initialize per-instance NSCC parameters: flowid 260 _base_rtt=11685600 _base_bdp=146070 _bdp=146070 _min_cwnd=4150 _maxwnd=219105 _cwnd=219105
Initialize per-instance NSCC parameters: flowid 261 _base_rtt=11685600 _base_bdp=146070 _bdp=146070 _min_cwnd=4150 _maxwnd=219105 _cwnd=219105
Initialize per-instance NSCC parameters: flowid 262 _base_rtt=11685600 _base_bdp=146070 _bdp=146070 _min_cwnd=4150 _maxwnd=219105 _cwnd=219105
Initialize per-instance NSCC parameters: flowid 263 _base_rtt=11685600 _base_bdp=146070 _bdp=146070 _min_cwnd=4150 _maxwnd=219105 _cwnd=219105
Initialize per-instance NSCC parameters: flowid 264 _base_rtt=11685600 _base_bdp=146070 _bdp=146070 _min_cwnd=4150 _maxwnd=219105 _cwnd=219105
Initialize per-instance NSCC parameters: flowid 265 _base_rtt=11685600 _base_bdp=146070 _bdp=146070 _min_cwnd=4150 _maxwnd=219105 _cwnd=219105
Initialize per-instance NSCC parameters: flowid 266 _base_rtt=11685600 _base_bdp=146070 _bdp=146070 _min_cwnd=4150 _maxwnd=219105 _cwnd=219105
Initialize per-instance NSCC parameters: flowid 267 _base_rtt=11685600 _base_bdp=146070 _bdp=146070 _min_cwnd=4150 _maxwnd=219105 _cwnd=219105
Initialize per-instance NSCC parameters: flowid 268 _base_rtt=11685600 _base_bdp=146070 _bdp=146070 _min_cwnd=4150 _maxwnd=219105 _cwnd=219105
Initialize per-instance NSCC parameters: flowid 269 _base_rtt=11685600 _base_bdp=146070 _bdp=146070 _min_cwnd=4150 _maxwnd=219105 _cwnd=219105
Initialize per-instance NSCC parameters: flowid 270 _base_rtt=11685600 _base_bdp=146070 _bdp=146070 _min_cwnd=4150 _maxwnd=219105 _cwnd=219105
Initialize per-instance NSCC parameters: flowid 271 _base_rtt=11685600 _base_bdp=146070 _bdp=146070 _min_cwnd=4150 _maxwnd=219105 _cwnd=219105
Initialize per-instance NSCC parameters: flowid 272 _base_rtt=11685600 _base_bdp=146070 _bdp=146070 _min_cwnd=4150 _maxwnd=219105 _cwnd=219105
Initialize per-instance NSCC parameters: flowid 273 _base_rtt=11685600 _base_bdp=146070 _bdp=146070 _min_cwnd=4150 _maxwnd=219105 _cwnd=219105
Initialize per-instance NSCC parameters: flowid 274 _base_rtt=11685600 _base_bdp=146070 _bdp=146070 _min_cwnd=4150 _maxwnd=219105 _cwnd=219105
Initialize per-instance NSCC parameters: flowid 275 _base_rtt=11685600 _base_bdp=146070 _bdp=146070 _min_cwnd=4150 _maxwnd=219105 _cwnd=219105
Starting simulation
Flow Uec_431_955 flowId 1 uecSrc 0 starting at 0
Flow Uec_110_672 flowId 2 uecSrc 1 starting at 0
Flow Uec_1068_493 flowId 3 uecSrc 2 starting at 0
Flow Uec_585_30 flowId 4 uecSrc 3 starting at 0
Flow Uec_722_172 flowId 5 uecSrc 4 starting at 0
Flow Uec_393_916 flowId 6 uecSrc 5 starting at 0
Flow Uec_569_1087 flowId 7 uecSrc 6 starting at 0
Flow Uec_468_1009 flowId 8 uecSrc 7 starting at 0
Flow Uec_727_161 flowId 9 uecSrc 8 starting at 0
Flow Uec_1006_398 flowId 10 uecSrc 9 starting at 0
Flow Uec_319_841 flowId 11 uecSrc 10 starting at 0
Flow Uec_127_675 flowId 12 uecSrc 11 starting at 0
Flow Uec_1051_474 flowId 13 uecSrc 12 starting at 0
Flow Uec_744_167 flowId 14 uecSrc 13 starting at 0
Flow Uec_820_224 flowId 15 uecSrc 14 starting at 0
Flow Uec_810_228 flowId 16 uecSrc 15 starting at 0
Flow Uec_35_548 flowId 17 uecSrc 16 starting at 0
Flow Uec_657_107 flowId 18 uecSrc 17 starting at 0
Flow Uec_205_733 flowId 19 uecSrc 18 starting at 0
Flow Uec_477_1037 flowId 20 uecSrc 19 starting at 0
Flow Uec_104_638 flowId 21 uecSrc 20 starting at 0
Flow Uec_847_283 flowId 22 uecSrc 21 starting at 0
Flow Uec_789_186 flowId 23 uecSrc 22 starting at 0
Flow Uec_843_268 flowId 24 uecSrc 23 starting at 0
Flow Uec_167_705 flowId 25 uecSrc 24 starting at 0
Flow Uec_1032_442 flowId 26 uecSrc 25 starting at 0
Flow Uec_662_73 flowId 27 uecSrc 26 starting at 0
Flow Uec_908_327 flowId 28 uecSrc 27 starting at 0
Flow Uec_98_636 flowId 29 uecSrc 28 starting at 0
Flow Uec_353_892 flowId 30 uecSrc 29 starting at 0
Flow Uec_452_974 flowId 31 uecSrc 30 starting at 0
Flow Uec_69_604 flowId 32 uecSrc 31 starting at 0
Flow Uec_228_788 flowId 33 uecSrc 32 starting at 0
Flow Uec_359_869 flowId 34 uecSrc 33 starting at 0
Flow Uec_942_362 flowId 35 uecSrc 34 starting at 0
Flow Uec_99_634 flowId 36 uecSrc 35 starting at 0
Flow Uec_208_729 flowId 37 uecSrc 36 starting at 0
Flow Uec_674_90 flowId 38 uecSrc 37 starting at 0
Flow Uec_389_906 flowId 39 uecSrc 38 starting at 0
Flow Uec_544_1094 flowId 40 uecSrc 39 starting at 0
Flow Uec_265_809 flowId 41 uecSrc 40 starting at 0
Flow Uec_573_1084 flowId 42 uecSrc 41 starting at 0
Flow Uec_365_915 flowId 43 uecSrc 42 starting at 0
Flow Uec_165_706 flowId 44 uecSrc 43 starting at 0
Flow Uec_704_125 flowId 45 uecSrc 44 starting at 0
Flow Uec_440_999 flowId 46 uecSrc 45 starting at 0
Flow Uec_713_131 flowId 47 uecSrc 46 starting at 0
Flow Uec_391_920 flowId 48 uecSrc 47 starting at 0
Flow Uec_173_686 flowId 49 uecSrc 48 starting at 0
Flow Uec_40_611 flowId 50 uecSrc 49 starting at 0
Flow Uec_716_133 flowId 51 uecSrc 50 starting at 0
Flow Uec_471_1043 flowId 52 uecSrc 51 starting at 0
Flow Uec_30_564 flowId 53 uecSrc 52 starting at 0
Flow Uec_242_765 flowId 54 uecSrc 53 starting at 0
Flow Uec_306_843 flowId 55 uecSrc 54 starting at 0
Flow Uec_28_555 flowId 56 uecSrc 55 starting at 0
Flow Uec_217_777 flowId 57 uecSrc 56 starting at 0
Flow Uec_144_702 flowId 58 uecSrc 57 starting at 0
Flow Uec_890_295 flowId 59 uecSrc 58 starting at 0
Flow Uec_925_342 flowId 60 uecSrc 59 starting at 0
Flow Uec_800_246 flowId 61 uecSrc 60 starting at 0
Flow Uec_387_910 flowId 62 uecSrc 61 starting at 0
Flow Uec_598_17 flowId 63 uecSrc 62 starting at 0
Flow Uec_1064_490 flowId 64 uecSrc 63 starting at 0
Flow Uec_875_301 flowId 65 uecSrc 64 starting at 0
Flow Uec_787_184 flowId 66 uecSrc 65 starting at 0
Flow Uec_192_735 flowId 67 uecSrc 66 starting at 0
Flow Uec_866_310 flowId 68 uecSrc 67 starting at 0
Flow Uec_397_947 flowId 69 uecSrc 68 starting at 0
Flow Uec_580_23 flowId 70 uecSrc 69 starting at 0
Flow Uec_711_126 flowId 71 uecSrc 70 starting at 0
Flow Uec_991_408 flowId 72 uecSrc 71 starting at 0
Flow Uec_327_884 flowId 73 uecSrc 72 starting at 0
Flow Uec_479_1033 flowId 74 uecSrc 73 starting at 0
Flow Uec_438_993 flowId 75 uecSrc 74 starting at 0
Flow Uec_330_899 flowId 76 uecSrc 75 starting at 0
Flow Uec_348_873 flowId 77 uecSrc 76 starting at 0
Flow Uec_340_890 flowId 78 uecSrc 77 starting at 0
Flow Uec_903_353 flowId 79 uecSrc 78 starting at 0
Flow Uec_967_376 flowId 80 uecSrc 79 starting at 0
Flow Uec_532_1049 flowId 81 uecSrc 80 starting at 0
Flow Uec_209_720 flowId 82 uecSrc 81 starting at 0
Flow Uec_983_428 flowId 83 uecSrc 82 starting at 0
Flow Uec_381_927 flowId 84 uecSrc 83 starting at 0
Flow Uec_189_753 flowId 85 uecSrc 84 starting at 0
Flow Uec_1066_492 flowId 86 uecSrc 85 starting at 0
Flow Uec_168_718 flowId 87 uecSrc 86 starting at 0
Flow Uec_1015_457 flowId 88 uecSrc 87 starting at 0
Flow Uec_981_409 flowId 89 uecSrc 88 starting at 0
Flow Uec_524_1054 flowId 90 uecSrc 89 starting at 0
Flow Uec_175_716 flowId 91 uecSrc 90 starting at 0
Flow Uec_831_265 flowId 92 uecSrc 91 starting at 0
Flow Uec_959_365 flowId 93 uecSrc 92 starting at 0
Flow Uec_377_922 flowId 94 uecSrc 93 starting at 0
Flow Uec_493_1032 flowId 95 uecSrc 94 starting at 0
Flow Uec_323_833 flowId 96 uecSrc 95 starting at 0
Flow Uec_84_612 flowId 97 uecSrc 96 starting at 0
Flow Uec_1063_471 flowId 98 uecSrc 97 starting at 0
Flow Uec_668_105 flowId 99 uecSrc 98 starting at 0
Flow Uec_298_830 flowId 100 uecSrc 99 starting at 0
Flow Uec_624_60 flowId 101 uecSrc 100 starting at 0
Flow Uec_512_1078 flowId 102 uecSrc 101 starting at 0
Flow Uec_186_724 flowId 103 uecSrc 102 starting at 0
Flow Uec_905_329 flowId 104 uecSrc 103 starting at 0
Flow Uec_1003_426 flowId 105 uecSrc 104 starting at 0
Flow Uec_1041_439 flowId 106 uecSrc 105 starting at 0
Flow Uec_634_69 flowId 107 uecSrc 106 starting at 0
Flow Uec_522_1058 flowId 108 uecSrc 107 starting at 0
Flow Uec_565_1097 flowId 109 uecSrc 108 starting at 0
Flow Uec_945_389 flowId 110 uecSrc 109 starting at 0
Flow Uec_772_204 flowId 111 uecSrc 110 starting at 0
Flow Uec_269_812 flowId 112 uecSrc 111 starting at 0
Flow Uec_24_546 flowId 113 uecSrc 112 starting at 0
Flow Uec_166_719 flowId 114 uecSrc 113 starting at 0
Flow Uec_293_857 flowId 115 uecSrc 114 starting at 0
Flow Uec_885_306 flowId 116 uecSrc 115 starting at 0
Flow Uec_248_759 flowId 117 uecSrc 116 starting at 0
Flow Uec_1070_497 flowId 118 uecSrc 117 starting at 0
Flow Uec_865_299 flowId 119 uecSrc 118 starting at 0
Flow Uec_617_58 flowId 120 uecSrc 119 starting at 0
Flow Uec_808_229 flowId 121 uecSrc 120 starting at 0
Flow Uec_446_985 flowId 122 uecSrc 121 starting at 0
Flow Uec_177_698 flowId 123 uecSrc 122 starting at 0
Flow Uec_1002_412 flowId 124 uecSrc 123 starting at 0
Flow Uec_1014_453 flowId 125 uecSrc 124 starting at 0
Flow Uec_592_18 flowId 126 uecSrc 125 starting at 0
Flow Uec_518_1071 flowId 127 uecSrc 126 starting at 0
Flow Uec_652_74 flowId 128 uecSrc 127 starting at 0
Flow Uec_1091_517 flowId 129 uecSrc 128 starting at 0
Flow Uec_1093_506 flowId 130 uecSrc 129 starting at 0
Flow Uec_702_116 flowId 131 uecSrc 130 starting at 0
Flow Uec_1058_498 flowId 132 uecSrc 131 starting at 0
Flow Uec_1097_508 flowId 133 uecSrc 132 starting at 0
Flow Uec_64_597 flowId 134 uecSrc 133 starting at 0
Flow Uec_953_386 flowId 135 uecSrc 134 starting at 0
Flow Uec_492_1010 flowId 136 uecSrc 135 starting at 0
Flow Uec_496_1029 flowId 137 uecSrc 136 starting at 0
Flow Uec_965_390 flowId 138 uecSrc 137 starting at 0
Flow Uec_2_542 flowId 139 uecSrc 138 starting at 0
Flow Uec_56_596 flowId 140 uecSrc 139 starting at 0
Flow Uec_291_842 flowId 141 uecSrc 140 starting at 0
Flow Uec_600_35 flowId 142 uecSrc 141 starting at 0
Flow Uec_595_2 flowId 143 uecSrc 142 starting at 0
Flow Uec_506_1070 flowId 144 uecSrc 143 starting at 0
Flow Uec_14_549 flowId 145 uecSrc 144 starting at 0
Flow Uec_579_4 flowId 146 uecSrc 145 starting at 0
Flow Uec_117_659 flowId 147 uecSrc 146 starting at 0
Flow Uec_627_65 flowId 148 uecSrc 147 starting at 0
Flow Uec_714_140 flowId 149 uecSrc 148 starting at 0
Flow Uec_449_990 flowId 150 uecSrc 149 starting at 0
Flow Uec_523_1065 flowId 151 uecSrc 150 starting at 0
Flow Uec_923_332 flowId 152 uecSrc 151 starting at 0
Flow Uec_816_251 flowId 153 uecSrc 152 starting at 0
Flow Uec_669_72 flowId 154 uecSrc 153 starting at 0
Flow Uec_827_238 flowId 155 uecSrc 154 starting at 0
Flow Uec_770_183 flowId 156 uecSrc 155 starting at 0
Flow Uec_790_212 flowId 157 uecSrc 156 starting at 0
Flow Uec_356_882 flowId 158 uecSrc 157 starting at 0
Flow Uec_134_667 flowId 159 uecSrc 158 starting at 0
Flow Uec_1054_480 flowId 160 uecSrc 159 starting at 0
Flow Uec_508_1067 flowId 161 uecSrc 160 starting at 0
Flow Uec_883_323 flowId 162 uecSrc 161 starting at 0
Flow Uec_599_5 flowId 163 uecSrc 162 starting at 0
Flow Uec_561_1090 flowId 164 uecSrc 163 starting at 0
Flow Uec_436_1002 flowId 165 uecSrc 164 starting at 0
Flow Uec_745_157 flowId 166 uecSrc 165 starting at 0
Flow Uec_169_692 flowId 167 uecSrc 166 starting at 0
Flow Uec_726_147 flowId 168 uecSrc 167 starting at 0
Flow Uec_631_36 flowId 169 uecSrc 168 starting at 0
Flow Uec_586_26 flowId 170 uecSrc 169 starting at 0
Flow Uec_34_544 flowId 171 uecSrc 170 starting at 0
Flow Uec_460_997 flowId 172 uecSrc 171 starting at 0
Flow Uec_797_240 flowId 173 uecSrc 172 starting at 0
Flow Uec_784_201 flowId 174 uecSrc 173 starting at 0
Flow Uec_748_153 flowId 175 uecSrc 174 starting at 0
Flow Uec_643_43 flowId 176 uecSrc 175 starting at 0
Flow Uec_572_1088 flowId 177 uecSrc 176 starting at 0
Flow Uec_453_982 flowId 178 uecSrc 177 starting at 0
Flow Uec_604_22 flowId 179 uecSrc 178 starting at 0
Flow Uec_474_1040 flowId 180 uecSrc 179 starting at 0
Flow Uec_131_660 flowId 181 uecSrc 180 starting at 0
Flow Uec_651_91 flowId 182 uecSrc 181 starting at 0
Flow Uec_735_155 flowId 183 uecSrc 182 starting at 0
Flow Uec_416_943 flowId 184 uecSrc 183 starting at 0
Flow Uec_464_973 flowId 185 uecSrc 184 starting at 0
Flow Uec_53_602 flowId 186 uecSrc 185 starting at 0
Flow Uec_60_585 flowId 187 uecSrc 186 starting at 0
Flow Uec_930_328 flowId 188 uecSrc 187 starting at 0
Flow Uec_907_344 flowId 189 uecSrc 188 starting at 0
Flow Uec_1076_488 flowId 190 uecSrc 189 starting at 0
Flow Uec_141_670 flowId 191 uecSrc 190 starting at 0
Flow Uec_358_881 flowId 192 uecSrc 191 starting at 0
Flow Uec_32_547 flowId 193 uecSrc 192 starting at 0
Flow Uec_840_252 flowId 194 uecSrc 193 starting at 0
Flow Uec_1001_407 flowId 195 uecSrc 194 starting at 0
Flow Uec_352_872 flowId 196 uecSrc 195 starting at 0
Flow Uec_632_71 flowId 197 uecSrc 196 starting at 0
Flow Uec_181_746 flowId 198 uecSrc 197 starting at 0
Flow Uec_610_27 flowId 199 uecSrc 198 starting at 0
Flow Uec_741_168 flowId 200 uecSrc 199 starting at 0
Flow Uec_158_708 flowId 201 uecSrc 200 starting at 0
Flow Uec_342_877 flowId 202 uecSrc 201 starting at 0
Flow Uec_454_988 flowId 203 uecSrc 202 starting at 0
Flow Uec_72_630 flowId 204 uecSrc 203 starting at 0
Flow Uec_331_874 flowId 205 uecSrc 204 starting at 0
Flow Uec_441_980 flowId 206 uecSrc 205 starting at 0
Flow Uec_892_312 flowId 207 uecSrc 206 starting at 0
Flow Uec_467_989 flowId 208 uecSrc 207 starting at 0
Flow Uec_284_816 flowId 209 uecSrc 208 starting at 0
Flow Uec_63_605 flowId 210 uecSrc 209 starting at 0
Flow Uec_686_119 flowId 211 uecSrc 210 starting at 0
Flow Uec_904_343 flowId 212 uecSrc 211 starting at 0
Flow Uec_1074_477 flowId 213 uecSrc 212 starting at 0
Flow Uec_696_135 flowId 214 uecSrc 213 starting at 0
Flow Uec_743_171 flowId 215 uecSrc 214 starting at 0
Flow Uec_478_1012 flowId 216 uecSrc 215 starting at 0
Flow Uec_943_369 flowId 217 uecSrc 216 starting at 0
Flow Uec_1028_450 flowId 218 uecSrc 217 starting at 0
Flow Uec_87_644 flowId 219 uecSrc 218 starting at 0
Flow Uec_911_340 flowId 220 uecSrc 219 starting at 0
Flow Uec_332_895 flowId 221 uecSrc 220 starting at 0
Flow Uec_107_642 flowId 222 uecSrc 221 starting at 0
Flow Uec_536_1061 flowId 223 uecSrc 222 starting at 0
Flow Uec_672_102 flowId 224 uecSrc 223 starting at 0
Flow Uec_502_1027 flowId 225 uecSrc 224 starting at 0
Flow Uec_347_864 flowId 226 uecSrc 225 starting at 0
Flow Uec_27_560 flowId 227 uecSrc 226 starting at 0
Flow Uec_150_699 flowId 228 uecSrc 227 starting at 0
Flow Uec_798_232 flowId 229 uecSrc 228 starting at 0
Flow Uec_867_307 flowId 230 uecSrc 229 starting at 0
Flow Uec_249_783 flowId 231 uecSrc 230 starting at 0
Flow Uec_409_971 flowId 232 uecSrc 231 starting at 0
Flow Uec_817_226 flowId 233 uecSrc 232 starting at 0
Flow Uec_92_628 flowId 234 uecSrc 233 starting at 0
Flow Uec_83_645 flowId 235 uecSrc 234 starting at 0
Flow Uec_860_277 flowId 236 uecSrc 235 starting at 0
Flow Uec_529_1051 flowId 237 uecSrc 236 starting at 0
Flow Uec_236_769 flowId 238 uecSrc 237 starting at 0
Flow Uec_680_103 flowId 239 uecSrc 238 starting at 0
Flow Uec_328_875 flowId 240 uecSrc 239 starting at 0
Flow Uec_420_956 flowId 241 uecSrc 240 starting at 0
Flow Uec_539_1052 flowId 242 uecSrc 241 starting at 0
Flow Uec_625_46 flowId 243 uecSrc 242 starting at 0
Flow Uec_1055_486 flowId 244 uecSrc 243 starting at 0
Flow Uec_986_419 flowId 245 uecSrc 244 starting at 0
Flow Uec_822_231 flowId 246 uecSrc 245 starting at 0
Flow Uec_310_851 flowId 247 uecSrc 246 starting at 0
Flow Uec_311_856 flowId 248 uecSrc 247 starting at 0
Flow Uec_270_796 flowId 249 uecSrc 248 starting at 0
Flow Uec_513_1066 flowId 250 uecSrc 249 starting at 0
Flow Uec_560_1095 flowId 251 uecSrc 250 starting at 0
Flow Uec_261_814 flowId 252 uecSrc 251 starting at 0
Flow Uec_969_381 flowId 253 uecSrc 252 starting at 0
Flow Uec_759_190 flowId 254 uecSrc 253 starting at 0
Flow Uec_954_391 flowId 255 uecSrc 254 starting at 0
Flow Uec_17_569 flowId 256 uecSrc 255 starting at 0
Flow Uec_188_741 flowId 257 uecSrc 256 starting at 0
Flow Uec_679_98 flowId 258 uecSrc 257 starting at 0
Flow Uec_170_712 flowId 259 uecSrc 258 starting at 0
Flow Uec_803_217 flowId 260 uecSrc 259 starting at 0
Flow Uec_7_557 flowId 261 uecSrc 260 starting at 0
Flow Uec_1017_452 flowId 262 uecSrc 261 starting at 0
Flow Uec_58_589 flowId 263 uecSrc 262 starting at 0
Flow Uec_848_262 flowId 264 uecSrc 263 starting at 0
Flow Uec_899_294 flowId 265 uecSrc 264 starting at 0
Flow Uec_501_1035 flowId 266 uecSrc 265 starting at 0
Flow Uec_297_846 flowId 267 uecSrc 266 starting at 0
Flow Uec_941_387 flowId 268 uecSrc 267 starting at 0
Flow Uec_455_975 flowId 269 uecSrc 268 starting at 0
Flow Uec_570_1082 flowId 270 uecSrc 269 starting at 0
Flow Uec_494_1016 flowId 271 uecSrc 270 starting at 0
Flow Uec_155_707 flowId 272 uecSrc 271 starting at 0
Flow Uec_819_243 flowId 273 uecSrc 272 starting at 0
Flow Uec_1019_443 flowId 274 uecSrc 273 starting at 0
Flow Uec_511_1048 flowId 275 uecSrc 274 starting at 0
Flow Uec_860_277 flowId 236 uecSrc 235 finished at 852.124 total messages 1 total packets 2448 RTS 0 total bytes 10002528 in_flight now 0 fair_inc 0 prop_inc 439400 fast_inc 0 eta_inc 41124 multi_dec -0 quick_dec -0 nack_dec -0
Flow Uec_181_746 flowId 198 uecSrc 197 finished at 853.704 total messages 1 total packets 2448 RTS 0 total bytes 10002528 in_flight now 0 fair_inc 0 prop_inc 433604 fast_inc 0 eta_inc 40528 multi_dec -0 quick_dec -0 nack_dec -0
Flow Uec_784_201 flowId 174 uecSrc 173 finished at 854.792 total messages 1 total packets 2448 RTS 0 total bytes 10002528 in_flight now 0 fair_inc 0 prop_inc 439303 fast_inc 0 eta_inc 41124 multi_dec -0 quick_dec -0 nack_dec -0
Flow Uec_270_796 flowId 249 uecSrc 248 finished at 855.209 total messages 1 total packets 2448 RTS 0 total bytes 10002528 in_flight now 0 fair_inc 0 prop_inc 445845 fast_inc 0 eta_inc 40528 multi_dec -0 quick_dec -0 nack_dec -0
Flow Uec_117_659 flowId 147 uecSrc 146 finished at 856.6 total messages 1 total packets 2448 RTS 0 total bytes 10002528 in_flight now 0 fair_inc 0 prop_inc 419881 fast_inc 0 eta_inc 41124 multi_dec -0 quick_dec -0 nack_dec -0
Flow Uec_242_765 flowId 54 uecSrc 53 finished at 857.272 total messages 1 total packets 2448 RTS 0 total bytes 10002528 in_flight now 0 fair_inc 0 prop_inc 440389 fast_inc 0 eta_inc 41124 multi_dec -0 quick_dec -0 nack_dec -0
Flow Uec_1091_517 flowId 129 uecSrc 128 finished at 859.36 total messages 1 total packets 2448 RTS 0 total bytes 10002528 in_flight now 0 fair_inc 0 prop_inc 431116 fast_inc 0 eta_inc 41124 multi_dec -0 quick_dec -0 nack_dec -0
Flow Uec_986_419 flowId 245 uecSrc 244 finished at 859.967 total messages 1 total packets 2448 RTS 0 total bytes 10002528 in_flight now 0 fair_inc 0 prop_inc 442993 fast_inc 0 eta_inc 41124 multi_dec -0 quick_dec -0 nack_dec -0
Flow Uec_772_204 flowId 111 uecSrc 110 finished at 860.248 total messages 1 total packets 2448 RTS 0 total bytes 10002528 in_flight now 0 fair_inc 0 prop_inc 429681 fast_inc 0 eta_inc 41124 multi_dec -0 quick_dec -0 nack_dec -0
Flow Uec_1001_407 flowId 195 uecSrc 194 finished at 860.298 total messages 1 total packets 2448 RTS 0 total bytes 10002528 in_flight now 0 fair_inc 0 prop_inc 438430 fast_inc 0 eta_inc 41124 multi_dec -0 quick_dec -0 nack_dec -0
Flow Uec_727_161 flowId 9 uecSrc 8 finished at 860.433 total messages 1 total packets 2448 RTS 0 total bytes 10002528 in_flight now 0 fair_inc 0 prop_inc 433244 fast_inc 0 eta_inc 41124 multi_dec -0 quick_dec -0 nack_dec -0
Flow Uec_236_769 flowId 238 uecSrc 237 finished at 860.512 total messages 1 total packets 2448 RTS 0 total bytes 10002528 in_flight now 0 fair_inc 0 prop_inc 444835 fast_inc 0 eta_inc 41124 multi_dec -0 quick_dec -0 nack_dec -0
Flow Uec_141_670 flowId 191 uecSrc 190 finished at 861.202 total messages 1 total packets 2448 RTS 0 total bytes 10002528 in_flight now 0 fair_inc 0 prop_inc 413259 fast_inc 0 eta_inc 41124 multi_dec -0 quick_dec -0 nack_dec -0
Flow Uec_150_699 flowId 228 uecSrc 227 finished at 861.71 total messages 1 total packets 2448 RTS 0 total bytes 10002528 in_flight now 0 fair_inc 0 prop_inc 398345 fast_inc 0 eta_inc 41124 multi_dec -0 quick_dec -0 nack_dec -0
Flow Uec_770_183 flowId 156 uecSrc 155 finished at 861.868 total messages 1 total packets 2448 RTS 0 total bytes 10002528 in_flight now 0 fair_inc 0 prop_inc 425920 fast_inc 0 eta_inc 41124 multi_dec -0 quick_dec -0 nack_dec -0
Flow Uec_7_557 flowId 261 uecSrc 260 finished at 862.184 total messages 1 total packets 2448 RTS 0 total bytes 10002528 in_flight now 0 fair_inc 0 prop_inc 432466 fast_inc 0 eta_inc 41124 multi_dec -0 quick_dec -0 nack_dec -0
Flow Uec_625_46 flowId 243 uecSrc 242 finished at 862.705 total messages 1 total packets 2448 RTS 0 total bytes 10002528 in_flight now 0 fair_inc 0 prop_inc 436486 fast_inc 0 eta_inc 41124 multi_dec -0 quick_dec -0 nack_dec -0
Flow Uec_714_140 flowId 149 uecSrc 148 finished at 862.768 total messages 1 total packets 2448 RTS 0 total bytes 10002528 in_flight now 0 fair_inc 0 prop_inc 446735 fast_inc 0 eta_inc 41124 multi_dec -0 quick_dec -0 nack_dec -0
Flow Uec_840_252 flowId 194 uecSrc 193 finished at 863.134 total messages 1 total packets 2448 RTS 0 total bytes 10002528 in_flight now 0 fair_inc 0 prop_inc 434923 fast_inc 0 eta_inc 41124 multi_dec -0 quick_dec -0 nack_dec -0
Flow Uec_643_43 flowId 176 uecSrc 175 finished at 863.339 total messages 1 total packets 2448 RTS 0 total bytes 10002528 in_flight now 0 fair_inc 0 prop_inc 435300 fast_inc 0 eta_inc 41124 multi_dec -0 quick_dec -0 nack_dec -0
Flow Uec_261_814 flowId 252 uecSrc 251 finished at 863.605 total messages 1 total packets 2448 RTS 0 total bytes 10002528 in_flight now 0 fair_inc 0 prop_inc 445172 fast_inc 0 eta_inc 41124 multi_dec -0 quick_dec -0 nack_dec -0
Flow Uec_436_1002 flowId 165 uecSrc 164 finished at 863.769 total messages 1 total packets 2448 RTS 0 total bytes 10002528 in_flight now 0 fair_inc 0 prop_inc 405422 fast_inc 0 eta_inc 41124 multi_dec -0 quick_dec -0 nack_dec -0
Flow Uec_704_125 flowId 45 uecSrc 44 finished at 863.928 total messages 1 total packets 2448 RTS 0 total bytes 10002528 in_flight now 0 fair_inc 0 prop_inc 438634 fast_inc 0 eta_inc 41124 multi_dec -0 quick_dec -0 nack_dec -0
Flow Uec_651_91 flowId 182 uecSrc 181 finished at 863.956 total messages 1 total packets 2448 RTS 0 total bytes 10002528 in_flight now 0 fair_inc 374 prop_inc 427890 fast_inc 0 eta_inc 41124 multi_dec -0 quick_dec -0 nack_dec -0
Flow Uec_377_922 flowId 94 uecSrc 93 finished at 863.96 total messages 1 total packets 2448 RTS 0 total bytes 10002528 in_flight now 0 fair_inc 0 prop_inc 436602 fast_inc 0 eta_inc 41720 multi_dec -0 quick_dec -0 nack_dec -0
Flow Uec_965_390 flowId 138 uecSrc 137 finished at 864.369 total messages 1 total packets 2448 RTS 0 total bytes 10002528 in_flight now 0 fair_inc 0 prop_inc 434239 fast_inc 0 eta_inc 41124 multi_dec -0 quick_dec -0 nack_dec -0
Flow Uec_827_238 flowId 155 uecSrc 154 finished at 864.41 total messages 1 total packets 2448 RTS 0 total bytes 10002528 in_flight now 0 fair_inc 0 prop_inc 420527 fast_inc 0 eta_inc 41124 multi_dec -0 quick_dec -0 nack_dec -0
Flow Uec_848_262 flowId 264 uecSrc 263 finished at 864.429 total messages 1 total packets 2448 RTS 0 total bytes 10002528 in_flight now 0 fair_inc 0 prop_inc 424541 fast_inc 0 eta_inc 41124 multi_dec -0 quick_dec -0 nack_dec -0
Flow Uec_967_376 flowId 80 uecSrc 79 finished at 865.392 total messages 1 total packets 2448 RTS 0 total bytes 10002528 in_flight now 0 fair_inc 0 prop_inc 429263 fast_inc 0 eta_inc 41124 multi_dec -0 quick_dec -0 nack_dec -0
Flow Uec_983_428 flowId 83 uecSrc 82 finished at 865.501 total messages 1 total packets 2448 RTS 0 total bytes 10002528 in_flight now 0 fair_inc 0 prop_inc 437659 fast_inc 0 eta_inc 41720 multi_dec -0 quick_dec -0 nack_dec -0
Flow Uec_1006_398 flowId 10 uecSrc 9 finished at 865.664 total messages 1 total packets 2448 RTS 0 total bytes 10002528 in_flight now 0 fair_inc 0 prop_inc 431872 fast_inc 0 eta_inc 41720 multi_dec -0 quick_dec -0 nack_dec -0
Flow Uec_217_777 flowId 57 uecSrc 56 finished at 865.828 total messages 1 total packets 2448 RTS 0 total bytes 10002528 in_flight now 0 fair_inc 0 prop_inc 435515 fast_inc 0 eta_inc 41124 multi_dec -0 quick_dec -0 nack_dec -0
Flow Uec_293_857 flowId 115 uecSrc 114 finished at 866.489 total messages 1 total packets 2448 RTS 0 total bytes 10002528 in_flight now 0 fair_inc 0 prop_inc 427732 fast_inc 0 eta_inc 41720 multi_dec -0 quick_dec -0 nack_dec -0
Flow Uec_953_386 flowId 135 uecSrc 134 finished at 866.705 total messages 1 total packets 2448 RTS 0 total bytes 10002528 in_flight now 0 fair_inc 0 prop_inc 433890 fast_inc 0 eta_inc 41720 multi_dec -0 quick_dec -0 nack_dec -0
Flow Uec_847_283 flowId 22 uecSrc 21 finished at 867.308 total messages 1 total packets 2448 RTS 0 total bytes 10002528 in_flight now 0 fair_inc 0 prop_inc 423533 fast_inc 0 eta_inc 41124 multi_dec -0 quick_dec -0 nack_dec -0
Flow Uec_84_612 flowId 97 uecSrc 96 finished at 867.617 total messages 1 total packets 2448 RTS 0 total bytes 10002528 in_flight now 0 fair_inc 0 prop_inc 438064 fast_inc 0 eta_inc 41720 multi_dec -0 quick_dec -0 nack_dec -0
Flow Uec_209_720 flowId 82 uecSrc 81 finished at 868.103 total messages 1 total packets 2448 RTS 0 total bytes 10002528 in_flight now 0 fair_inc 2983 prop_inc 400917 fast_inc 0 eta_inc 41124 multi_dec -0 quick_dec -0 nack_dec -0
Flow Uec_56_596 flowId 140 uecSrc 139 finished at 868.24 total messages 1 total packets 2448 RTS 0 total bytes 10002528 in_flight now 0 fair_inc 0 prop_inc 436522 fast_inc 0 eta_inc 41720 multi_dec -0 quick_dec -0 nack_dec -0
Flow Uec_393_916 flowId 6 uecSrc 5 finished at 868.58 total messages 1 total packets 2448 RTS 0 total bytes 10002528 in_flight now 0 fair_inc 0 prop_inc 422138 fast_inc 0 eta_inc 41720 multi_dec -0 quick_dec -0 nack_dec -0
Flow Uec_397_947 flowId 69 uecSrc 68 finished at 868.756 total messages 1 total packets 2448 RTS 0 total bytes 10002528 in_flight now 0 fair_inc 0 prop_inc 429060 fast_inc 0 eta_inc 41124 multi_dec -0 quick_dec -0 nack_dec -0
Flow Uec_189_753 flowId 85 uecSrc 84 finished at 868.786 total messages 1 total packets 2448 RTS 0 total bytes 10002528 in_flight now 0 fair_inc 1117 prop_inc 426896 fast_inc 0 eta_inc 41720 multi_dec -0 quick_dec -0 nack_dec -0
Flow Uec_87_644 flowId 219 uecSrc 218 finished at 869.003 total messages 1 total packets 2448 RTS 0 total bytes 10002528 in_flight now 0 fair_inc 0 prop_inc 437317 fast_inc 0 eta_inc 41720 multi_dec -0 quick_dec -0 nack_dec -0
Flow Uec_53_602 flowId 186 uecSrc 185 finished at 869.116 total messages 1 total packets 2448 RTS 0 total bytes 10002528 in_flight now 0 fair_inc 748 prop_inc 400448 fast_inc 0 eta_inc 41720 multi_dec -0 quick_dec -0 nack_dec -0
Flow Uec_460_997 flowId 172 uecSrc 171 finished at 869.182 total messages 1 total packets 2448 RTS 0 total bytes 10002528 in_flight now 0 fair_inc 0 prop_inc 423236 fast_inc 0 eta_inc 41720 multi_dec -0 quick_dec -0 nack_dec -0
Flow Uec_58_589 flowId 263 uecSrc 262 finished at 869.474 total messages 1 total packets 2448 RTS 0 total bytes 10002528 in_flight now 0 fair_inc 0 prop_inc 426596 fast_inc 0 eta_inc 41720 multi_dec -0 quick_dec -0 nack_dec -0
Flow Uec_110_672 flowId 2 uecSrc 1 finished at 869.618 total messages 1 total packets 2448 RTS 0 total bytes 10002528 in_flight now 0 fair_inc 4097 prop_inc 422961 fast_inc 0 eta_inc 41124 multi_dec -0 quick_dec -0 nack_dec -0
Flow Uec_797_240 flowId 173 uecSrc 172 finished at 869.696 total messages 1 total packets 2448 RTS 0 total bytes 10002528 in_flight now 0 fair_inc 0 prop_inc 437771 fast_inc 0 eta_inc 41720 multi_dec -0 quick_dec -0 nack_dec -0
Flow Uec_696_135 flowId 214 uecSrc 213 finished at 869.796 total messages 1 total packets 2448 RTS 0 total bytes 10002528 in_flight now 0 fair_inc 0 prop_inc 437247 fast_inc 0 eta_inc 41720 multi_dec -0 quick_dec -0 nack_dec -0
Flow Uec_298_830 flowId 100 uecSrc 99 finished at 869.797 total messages 1 total packets 2448 RTS 0 total bytes 10002528 in_flight now 0 fair_inc 0 prop_inc 436629 fast_inc 0 eta_inc 41720 multi_dec -0 quick_dec -0 nack_dec -0
Flow Uec_249_783 flowId 231 uecSrc 230 finished at 870.358 total messages 1 total packets 2448 RTS 0 total bytes 10002528 in_flight now 0 fair_inc 0 prop_inc 411870 fast_inc 0 eta_inc 41720 multi_dec -0 quick_dec -0 nack_dec -0
Flow Uec_790_212 flowId 157 uecSrc 156 finished at 870.478 total messages 1 total packets 2448 RTS 0 total bytes 10002528 in_flight now 0 fair_inc 0 prop_inc 413730 fast_inc 0 eta_inc 41720 multi_dec -0 quick_dec -0 nack_dec -0
Flow Uec_743_171 flowId 215 uecSrc 214 finished at 870.58 total messages 1 total packets 2448 RTS 0 total bytes 10002528 in_flight now 0 fair_inc 0 prop_inc 418233 fast_inc 0 eta_inc 41124 multi_dec -0 quick_dec -0 nack_dec -0
Flow Uec_284_816 flowId 209 uecSrc 208 finished at 870.866 total messages 1 total packets 2448 RTS 0 total bytes 10002528 in_flight now 0 fair_inc 0 prop_inc 431364 fast_inc 0 eta_inc 41124 multi_dec -0 quick_dec -0 nack_dec -0
Flow Uec_502_1027 flowId 225 uecSrc 224 finished at 870.985 total messages 1 total packets 2448 RTS 0 total bytes 10002528 in_flight now 0 fair_inc 0 prop_inc 423714 fast_inc 0 eta_inc 41720 multi_dec -0 quick_dec -0 nack_dec -0
Flow Uec_409_971 flowId 232 uecSrc 231 finished at 871.226 total messages 1 total packets 2448 RTS 0 total bytes 10002528 in_flight now 0 fair_inc 0 prop_inc 455690 fast_inc 0 eta_inc 41720 multi_dec -0 quick_dec -0 nack_dec -0
Flow Uec_711_126 flowId 71 uecSrc 70 finished at 871.271 total messages 1 total packets 2448 RTS 0 total bytes 10002528 in_flight now 0 fair_inc 0 prop_inc 426972 fast_inc 0 eta_inc 41720 multi_dec -0 quick_dec -0 nack_dec -0
Flow Uec_1058_498 flowId 132 uecSrc 131 finished at 871.387 total messages 1 total packets 2448 RTS 0 total bytes 10002528 in_flight now 0 fair_inc 0 prop_inc 411230 fast_inc 0 eta_inc 41720 multi_dec -0 quick_dec -0 nack_dec -0
Flow Uec_875_301 flowId 65 uecSrc 64 finished at 871.389 total messages 1 total packets 2448 RTS 0 total bytes 10002528 in_flight now 0 fair_inc 0 prop_inc 435763 fast_inc 0 eta_inc 41124 multi_dec -0 quick_dec -0 nack_dec -0
Flow Uec_72_630 flowId 204 uecSrc 203 finished at 871.567 total messages 1 total packets 2448 RTS 0 total bytes 10002528 in_flight now 0 fair_inc 0 prop_inc 419178 fast_inc 0 eta_inc 41720 multi_dec -0 quick_dec -0 nack_dec -0
Flow Uec_131_660 flowId 181 uecSrc 180 finished at 871.615 total messages 1 total packets 2448 RTS 0 total bytes 10002528 in_flight now 0 fair_inc 0 prop_inc 428651 fast_inc 0 eta_inc 41720 multi_dec -0 quick_dec -0 nack_dec -0
Flow Uec_381_927 flowId 84 uecSrc 83 finished at 871.623 total messages 1 total packets 2448 RTS 0 total bytes 10002528 in_flight now 0 fair_inc 0 prop_inc 448966 fast_inc 0 eta_inc 41720 multi_dec -0 quick_dec -0 nack_dec -0
Flow Uec_631_36 flowId 169 uecSrc 168 finished at 871.949 total messages 1 total packets 2448 RTS 0 total bytes 10002528 in_flight now 0 fair_inc 0 prop_inc 419198 fast_inc 0 eta_inc 42316 multi_dec -0 quick_dec -0 nack_dec -0
Flow Uec_536_1061 flowId 223 uecSrc 222 finished at 872.064 total messages 1 total packets 2448 RTS 0 total bytes 10002528 in_flight now 0 fair_inc 0 prop_inc 427338 fast_inc 0 eta_inc 41720 multi_dec -0 quick_dec -0 nack_dec -0
Flow Uec_532_1049 flowId 81 uecSrc 80 finished at 872.073 total messages 1 total packets 2448 RTS 0 total bytes 10002528 in_flight now 0 fair_inc 0 prop_inc 422596 fast_inc 0 eta_inc 41720 multi_dec -0 quick_dec -0 nack_dec -0
Flow Uec_83_645 flowId 235 uecSrc 234 finished at 872.349 total messages 1 total packets 2448 RTS 0 total bytes 10002528 in_flight now 0 fair_inc 0 prop_inc 429194 fast_inc 0 eta_inc 41720 multi_dec -0 quick_dec -0 nack_dec -0
Flow Uec_269_812 flowId 112 uecSrc 111 finished at 872.384 total messages 1 total packets 2448 RTS 0 total bytes 10002528 in_flight now 0 fair_inc 0 prop_inc 426694 fast_inc 0 eta_inc 41720 multi_dec -0 quick_dec -0 nack_dec -0
Flow Uec_627_65 flowId 148 uecSrc 147 finished at 872.584 total messages 1 total packets 2448 RTS 0 total bytes 10002528 in_flight now 0 fair_inc 1118 prop_inc 421974 fast_inc 0 eta_inc 41720 multi_dec -0 quick_dec -0 nack_dec -0
Flow Uec_40_611 flowId 50 uecSrc 49 finished at 872.655 total messages 1 total packets 2448 RTS 0 total bytes 10002528 in_flight now 0 fair_inc 0 prop_inc 435946 fast_inc 0 eta_inc 41720 multi_dec -0 quick_dec -0 nack_dec -0
Flow Uec_1003_426 flowId 105 uecSrc 104 finished at 872.704 total messages 1 total packets 2448 RTS 0 total bytes 10002528 in_flight now 0 fair_inc 0 prop_inc 417819 fast_inc 0 eta_inc 42316 multi_dec -0 quick_dec -0 nack_dec -0
Flow Uec_92_628 flowId 234 uecSrc 233 finished at 872.706 total messages 1 total packets 2448 RTS 0 total bytes 10002528 in_flight now 0 fair_inc 0 prop_inc 444105 fast_inc 0 eta_inc 41720 multi_dec -0 quick_dec -0 nack_dec -0
Flow Uec_440_999 flowId 46 uecSrc 45 finished at 873.128 total messages 1 total packets 2448 RTS 0 total bytes 10002528 in_flight now 0 fair_inc 0 prop_inc 422696 fast_inc 0 eta_inc 41720 multi_dec -0 quick_dec -0 nack_dec -0
Flow Uec_134_667 flowId 159 uecSrc 158 finished at 873.389 total messages 1 total packets 2448 RTS 0 total bytes 10002528 in_flight now 0 fair_inc 373 prop_inc 427475 fast_inc 0 eta_inc 41720 multi_dec -0 quick_dec -0 nack_dec -0
Flow Uec_923_332 flowId 152 uecSrc 151 finished at 873.683 total messages 1 total packets 2448 RTS 0 total bytes 10002528 in_flight now 0 fair_inc 0 prop_inc 437880 fast_inc 0 eta_inc 41720 multi_dec -0 quick_dec -0 nack_dec -0
Flow Uec_365_915 flowId 43 uecSrc 42 finished at 873.833 total messages 1 total packets 2448 RTS 0 total bytes 10002528 in_flight now 0 fair_inc 0 prop_inc 434131 fast_inc 0 eta_inc 41720 multi_dec -0 quick_dec -0 nack_dec -0
Flow Uec_748_153 flowId 175 uecSrc 174 finished at 873.956 total messages 1 total packets 2448 RTS 0 total bytes 10002528 in_flight now 0 fair_inc 0 prop_inc 435351 fast_inc 0 eta_inc 41720 multi_dec -0 quick_dec -0 nack_dec -0
Flow Uec_726_147 flowId 168 uecSrc 167 finished at 873.961 total messages 1 total packets 2448 RTS 0 total bytes 10002528 in_flight now 0 fair_inc 373 prop_inc 443065 fast_inc 0 eta_inc 41720 multi_dec -0 quick_dec -0 nack_dec -0
Flow Uec_2_542 flowId 139 uecSrc 138 finished at 874.401 total messages 1 total packets 2448 RTS 0 total bytes 10002528 in_flight now 0 fair_inc 0 prop_inc 438064 fast_inc 0 eta_inc 41720 multi_dec -0 quick_dec -0 nack_dec -0
Flow Uec_420_956 flowId 241 uecSrc 240 finished at 874.612 total messages 1 total packets 2448 RTS 0 total bytes 10002528 in_flight now 0 fair_inc 746 prop_inc 439654 fast_inc 0 eta_inc 41720 multi_dec -0 quick_dec -0 nack_dec -0
Flow Uec_892_312 flowId 207 uecSrc 206 finished at 874.62 total messages 1 total packets 2448 RTS 0 total bytes 10002528 in_flight now 0 fair_inc 0 prop_inc 425843 fast_inc 0 eta_inc 41720 multi_dec -0 quick_dec -0 nack_dec -0
Flow Uec_991_408 flowId 72 uecSrc 71 finished at 874.636 total messages 1 total packets 2448 RTS 0 total bytes 10002528 in_flight now 0 fair_inc 0 prop_inc 424113 fast_inc 0 eta_inc 41124 multi_dec -0 quick_dec -0 nack_dec -0
Flow Uec_959_365 flowId 93 uecSrc 92 finished at 874.785 total messages 1 total packets 2448 RTS 0 total bytes 10002528 in_flight now 0 fair_inc 0 prop_inc 409332 fast_inc 0 eta_inc 41720 multi_dec -0 quick_dec -0 nack_dec -0
Flow Uec_205_733 flowId 19 uecSrc 18 finished at 874.807 total messages 1 total packets 2448 RTS 0 total bytes 10002528 in_flight now 0 fair_inc 0 prop_inc 417973 fast_inc 0 eta_inc 41720 multi_dec -0 quick_dec -0 nack_dec -0
Flow Uec_759_190 flowId 254 uecSrc 253 finished at 874.891 total messages 1 total packets 2448 RTS 0 total bytes 10002528 in_flight now 0 fair_inc 0 prop_inc 443421 fast_inc 0 eta_inc 41720 multi_dec -0 quick_dec -0 nack_dec -0
Flow Uec_449_990 flowId 150 uecSrc 149 finished at 874.94 total messages 1 total packets 2448 RTS 0 total bytes 10002528 in_flight now 0 fair_inc 1118 prop_inc 411721 fast_inc 0 eta_inc 41720 multi_dec -0 quick_dec -0 nack_dec -0
Flow Uec_716_133 flowId 51 uecSrc 50 finished at 875.523 total messages 1 total packets 2448 RTS 0 total bytes 10002528 in_flight now 0 fair_inc 0 prop_inc 444132 fast_inc 0 eta_inc 41720 multi_dec -0 quick_dec -0 nack_dec -0
Flow Uec_523_1065 flowId 151 uecSrc 150 finished at 875.559 total messages 1 total packets 2448 RTS 0 total bytes 10002528 in_flight now 0 fair_inc 0 prop_inc 398061 fast_inc 0 eta_inc 41720 multi_dec -0 quick_dec -0 nack_dec -0
Flow Uec_297_846 flowId 267 uecSrc 266 finished at 876.021 total messages 1 total packets 2448 RTS 0 total bytes 10002528 in_flight now 0 fair_inc 0 prop_inc 433999 fast_inc 0 eta_inc 41720 multi_dec -0 quick_dec -0 nack_dec -0
Flow Uec_98_636 flowId 29 uecSrc 28 finished at 876.508 total messages 1 total packets 2448 RTS 0 total bytes 10002528 in_flight now 0 fair_inc 0 prop_inc 428911 fast_inc 0 eta_inc 41720 multi_dec -0 quick_dec -0 nack_dec -0
Flow Uec_632_71 flowId 197 uecSrc 196 finished at 876.55 total messages 1 total packets 2448 RTS 0 total bytes 10002528 in_flight now 0 fair_inc 0 prop_inc 424945 fast_inc 0 eta_inc 42316 multi_dec -0 quick_dec -0 nack_dec -0
Flow Uec_416_943 flowId 184 uecSrc 183 finished at 876.667 total messages 1 total packets 2448 RTS 0 total bytes 10002528 in_flight now 0 fair_inc 0 prop_inc 440142 fast_inc 0 eta_inc 41720 multi_dec -0 quick_dec -0 nack_dec -0
Flow Uec_1028_450 flowId 218 uecSrc 217 finished at 876.689 total messages 1 total packets 2448 RTS 0 total bytes 10002528 in_flight now 0 fair_inc 0 prop_inc 426818 fast_inc 0 eta_inc 41720 multi_dec -0 quick_dec -0 nack_dec -0
Flow Uec_127_675 flowId 12 uecSrc 11 finished at 876.736 total messages 1 total packets 2448 RTS 0 total bytes 10002528 in_flight now 0 fair_inc 1490 prop_inc 428621 fast_inc 0 eta_inc 41720 multi_dec -0 quick_dec -0 nack_dec -0
Flow Uec_745_157 flowId 166 uecSrc 165 finished at 876.784 total messages 1 total packets 2448 RTS 0 total bytes 10002528 in_flight now 0 fair_inc 0 prop_inc 429271 fast_inc 0 eta_inc 41720 multi_dec -0 quick_dec -0 nack_dec -0
Flow Uec_1054_480 flowId 160 uecSrc 159 finished at 876.824 total messages 1 total packets 2448 RTS 0 total bytes 10002528 in_flight now 0 fair_inc 0 prop_inc 430360 fast_inc 0 eta_inc 41720 multi_dec -0 quick_dec -0 nack_dec -0
Flow Uec_1055_486 flowId 244 uecSrc 243 finished at 876.949 total messages 1 total packets 2448 RTS 0 total bytes 10002528 in_flight now 0 fair_inc 747 prop_inc 402939 fast_inc 0 eta_inc 41720 multi_dec -0 quick_dec -0 nack_dec -0
Flow Uec_265_809 flowId 41 uecSrc 40 finished at 877.043 total messages 1 total packets 2448 RTS 0 total bytes 10002528 in_flight now 0 fair_inc 1118 prop_inc 448682 fast_inc 0 eta_inc 41720 multi_dec -0 quick_dec -0 nack_dec -0
Flow Uec_1041_439 flowId 106 uecSrc 105 finished at 877.163 total messages 1 total packets 2448 RTS 0 total bytes 10002528 in_flight now 0 fair_inc 0 prop_inc 430610 fast_inc 0 eta_inc 41720 multi_dec -0 quick_dec -0 nack_dec -0
Flow Uec_228_788 flowId 33 uecSrc 32 finished at 877.509 total messages 1 total packets 2448 RTS 0 total bytes 10002528 in_flight now 0 fair_inc 0 prop_inc 435147 fast_inc 0 eta_inc 41720 multi_dec -0 quick_dec -0 nack_dec -0
Flow Uec_679_98 flowId 258 uecSrc 257 finished at 877.526 total messages 1 total packets 2448 RTS 0 total bytes 10002528 in_flight now 0 fair_inc 0 prop_inc 427099 fast_inc 0 eta_inc 41720 multi_dec -0 quick_dec -0 nack_dec -0
Flow Uec_539_1052 flowId 242 uecSrc 241 finished at 877.535 total messages 1 total packets 2448 RTS 0 total bytes 10002528 in_flight now 0 fair_inc 1115 prop_inc 403322 fast_inc 0 eta_inc 41720 multi_dec -0 quick_dec -0 nack_dec -0
Flow Uec_674_90 flowId 38 uecSrc 37 finished at 877.608 total messages 1 total packets 2448 RTS 0 total bytes 10002528 in_flight now 0 fair_inc 2981 prop_inc 417529 fast_inc 0 eta_inc 41720 multi_dec -0 quick_dec -0 nack_dec -0
Flow Uec_158_708 flowId 201 uecSrc 200 finished at 877.616 total messages 1 total packets 2448 RTS 0 total bytes 10002528 in_flight now 0 fair_inc 746 prop_inc 434549 fast_inc 0 eta_inc 41720 multi_dec -0 quick_dec -0 nack_dec -0
Flow Uec_311_856 flowId 248 uecSrc 247 finished at 877.625 total messages 1 total packets 2448 RTS 0 total bytes 10002528 in_flight now 0 fair_inc 0 prop_inc 424357 fast_inc 0 eta_inc 42316 multi_dec -0 quick_dec -0 nack_dec -0
Flow Uec_387_910 flowId 62 uecSrc 61 finished at 877.697 total messages 1 total packets 2448 RTS 0 total bytes 10002528 in_flight now 0 fair_inc 0 prop_inc 432335 fast_inc 0 eta_inc 41720 multi_dec -0 quick_dec -0 nack_dec -0
Flow Uec_389_906 flowId 39 uecSrc 38 finished at 877.78 total messages 1 total packets 2448 RTS 0 total bytes 10002528 in_flight now 0 fair_inc 0 prop_inc 445238 fast_inc 0 eta_inc 41720 multi_dec -0 quick_dec -0 nack_dec -0
Flow Uec_800_246 flowId 61 uecSrc 60 finished at 877.899 total messages 1 total packets 2448 RTS 0 total bytes 10002528 in_flight now 0 fair_inc 0 prop_inc 413186 fast_inc 0 eta_inc 41720 multi_dec -0 quick_dec -0 nack_dec -0
Flow Uec_431_955 flowId 1 uecSrc 0 finished at 878.248 total messages 1 total packets 2448 RTS 0 total bytes 10002528 in_flight now 0 fair_inc 2986 prop_inc 420145 fast_inc 0 eta_inc 41720 multi_dec -0 quick_dec -0 nack_dec -0
Flow Uec_467_989 flowId 208 uecSrc 207 finished at 878.471 total messages 1 total packets 2448 RTS 0 total bytes 10002528 in_flight now 0 fair_inc 0 prop_inc 417450 fast_inc 0 eta_inc 41720 multi_dec -0 quick_dec -0 nack_dec -0
Flow Uec_391_920 flowId 48 uecSrc 47 finished at 878.591 total messages 1 total packets 2448 RTS 0 total bytes 10002528 in_flight now 0 fair_inc 0 prop_inc 415889 fast_inc 0 eta_inc 41720 multi_dec -0 quick_dec -0 nack_dec -0
Flow Uec_104_638 flowId 21 uecSrc 20 finished at 878.632 total messages 1 total packets 2448 RTS 0 total bytes 10002528 in_flight now 0 fair_inc 0 prop_inc 437584 fast_inc 0 eta_inc 42316 multi_dec -0 quick_dec -0 nack_dec -0
Flow Uec_831_265 flowId 92 uecSrc 91 finished at 878.733 total messages 1 total packets 2448 RTS 0 total bytes 10002528 in_flight now 0 fair_inc 0 prop_inc 433084 fast_inc 0 eta_inc 41720 multi_dec -0 quick_dec -0 nack_dec -0
Flow Uec_560_1095 flowId 251 uecSrc 250 finished at 878.805 total messages 1 total packets 2448 RTS 0 total bytes 10002528 in_flight now 0 fair_inc 0 prop_inc 415619 fast_inc 0 eta_inc 42316 multi_dec -0 quick_dec -0 nack_dec -0
Flow Uec_787_184 flowId 66 uecSrc 65 finished at 879.527 total messages 1 total packets 2448 RTS 0 total bytes 10002528 in_flight now 0 fair_inc 1489 prop_inc 408336 fast_inc 0 eta_inc 42316 multi_dec -0 quick_dec -0 nack_dec -0
Flow Uec_883_323 flowId 162 uecSrc 161 finished at 879.549 total messages 1 total packets 2448 RTS 0 total bytes 10002528 in_flight now 0 fair_inc 0 prop_inc 428085 fast_inc 0 eta_inc 41720 multi_dec -0 quick_dec -0 nack_dec -0
Flow Uec_248_759 flowId 117 uecSrc 116 finished at 879.555 total messages 1 total packets 2448 RTS 0 total bytes 10002528 in_flight now 0 fair_inc 0 prop_inc 426160 fast_inc 0 eta_inc 42316 multi_dec -0 quick_dec -0 nack_dec -0
Flow Uec_1076_488 flowId 190 uecSrc 189 finished at 879.632 total messages 1 total packets 2448 RTS 0 total bytes 10002528 in_flight now 0 fair_inc 0 prop_inc 421690 fast_inc 0 eta_inc 42316 multi_dec -0 quick_dec -0 nack_dec -0
Flow Uec_1032_442 flowId 26 uecSrc 25 finished at 879.967 total messages 1 total packets 2448 RTS 0 total bytes 10002528 in_flight now 0 fair_inc 0 prop_inc 439086 fast_inc 0 eta_inc 41720 multi_dec -0 quick_dec -0 nack_dec -0
Flow Uec_570_1082 flowId 270 uecSrc 269 finished at 880.011 total messages 1 total packets 2448 RTS 0 total bytes 10002528 in_flight now 0 fair_inc 0 prop_inc 413315 fast_inc 0 eta_inc 41720 multi_dec -0 quick_dec -0 nack_dec -0
Flow Uec_954_391 flowId 255 uecSrc 254 finished at 880.227 total messages 1 total packets 2448 RTS 0 total bytes 10002528 in_flight now 0 fair_inc 0 prop_inc 418936 fast_inc 0 eta_inc 42316 multi_dec -0 quick_dec -0 nack_dec -0
Flow Uec_186_724 flowId 103 uecSrc 102 finished at 880.294 total messages 1 total packets 2448 RTS 0 total bytes 10002528 in_flight now 0 fair_inc 0 prop_inc 434616 fast_inc 0 eta_inc 41720 multi_dec -0 quick_dec -0 nack_dec -0
Flow Uec_561_1090 flowId 164 uecSrc 163 finished at 881.024 total messages 1 total packets 2448 RTS 0 total bytes 10002528 in_flight now 0 fair_inc 2235 prop_inc 403183 fast_inc 0 eta_inc 42316 multi_dec -0 quick_dec -0 nack_dec -0
Flow Uec_177_698 flowId 123 uecSrc 122 finished at 881.194 total messages 1 total packets 2448 RTS 0 total bytes 10002528 in_flight now 0 fair_inc 1489 prop_inc 426572 fast_inc 0 eta_inc 41720 multi_dec -0 quick_dec -0 nack_dec -0
Flow Uec_208_729 flowId 37 uecSrc 36 finished at 881.291 total messages 1 total packets 2448 RTS 0 total bytes 10002528 in_flight now 0 fair_inc 3731 prop_inc 417147 fast_inc 0 eta_inc 42316 multi_dec -0 quick_dec -0 nack_dec -0
Flow Uec_843_268 flowId 24 uecSrc 23 finished at 881.742 total messages 1 total packets 2448 RTS 0 total bytes 10002528 in_flight now 0 fair_inc 0 prop_inc 429910 fast_inc 0 eta_inc 41720 multi_dec -0 quick_dec -0 nack_dec -0
Flow Uec_867_307 flowId 230 uecSrc 229 finished at 881.751 total messages 1 total packets 2448 RTS 0 total bytes 10002528 in_flight now 0 fair_inc 0 prop_inc 425230 fast_inc 0 eta_inc 42316 multi_dec -0 quick_dec -0 nack_dec -0
Flow Uec_192_735 flowId 67 uecSrc 66 finished at 881.795 total messages 1 total packets 2448 RTS 0 total bytes 10002528 in_flight now 0 fair_inc 0 prop_inc 415112 fast_inc 0 eta_inc 42316 multi_dec -0 quick_dec -0 nack_dec -0
Flow Uec_903_353 flowId 79 uecSrc 78 finished at 881.846 total messages 1 total packets 2448 RTS 0 total bytes 10002528 in_flight now 0 fair_inc 0 prop_inc 427056 fast_inc 0 eta_inc 42316 multi_dec -0 quick_dec -0 nack_dec -0
Flow Uec_99_634 flowId 36 uecSrc 35 finished at 881.852 total messages 1 total packets 2448 RTS 0 total bytes 10002528 in_flight now 0 fair_inc 0 prop_inc 434287 fast_inc 0 eta_inc 41720 multi_dec -0 quick_dec -0 nack_dec -0
Flow Uec_969_381 flowId 253 uecSrc 252 finished at 881.932 total messages 1 total packets 2448 RTS 0 total bytes 10002528 in_flight now 0 fair_inc 0 prop_inc 431708 fast_inc 0 eta_inc 41720 multi_dec -0 quick_dec -0 nack_dec -0
Flow Uec_1097_508 flowId 133 uecSrc 132 finished at 882.013 total messages 1 total packets 2448 RTS 0 total bytes 10002528 in_flight now 0 fair_inc 0 prop_inc 424261 fast_inc 0 eta_inc 41720 multi_dec -0 quick_dec -0 nack_dec -0
Flow Uec_544_1094 flowId 40 uecSrc 39 finished at 882.204 total messages 1 total packets 2448 RTS 0 total bytes 10002528 in_flight now 0 fair_inc 0 prop_inc 421022 fast_inc 0 eta_inc 41720 multi_dec -0 quick_dec -0 nack_dec -0
Flow Uec_518_1071 flowId 127 uecSrc 126 finished at 882.397 total messages 1 total packets 2448 RTS 0 total bytes 10002528 in_flight now 0 fair_inc 1489 prop_inc 416419 fast_inc 0 eta_inc 42316 multi_dec -0 quick_dec -0 nack_dec -0
Flow Uec_686_119 flowId 211 uecSrc 210 finished at 882.531 total messages 1 total packets 2448 RTS 0 total bytes 10002528 in_flight now 0 fair_inc 0 prop_inc 424992 fast_inc 0 eta_inc 42316 multi_dec -0 quick_dec -0 nack_dec -0
Flow Uec_941_387 flowId 268 uecSrc 267 finished at 882.598 total messages 1 total packets 2448 RTS 0 total bytes 10002528 in_flight now 0 fair_inc 0 prop_inc 429329 fast_inc 0 eta_inc 41720 multi_dec -0 quick_dec -0 nack_dec -0
Flow Uec_441_980 flowId 206 uecSrc 205 finished at 882.746 total messages 1 total packets 2448 RTS 0 total bytes 10002528 in_flight now 0 fair_inc 0 prop_inc 418542 fast_inc 0 eta_inc 42316 multi_dec -0 quick_dec -0 nack_dec -0
Flow Uec_512_1078 flowId 102 uecSrc 101 finished at 883 total messages 1 total packets 2448 RTS 0 total bytes 10002528 in_flight now 0 fair_inc 0 prop_inc 406272 fast_inc 0 eta_inc 42316 multi_dec -0 quick_dec -0 nack_dec -0
Flow Uec_310_851 flowId 247 uecSrc 246 finished at 883.019 total messages 1 total packets 2448 RTS 0 total bytes 10002528 in_flight now 0 fair_inc 0 prop_inc 421940 fast_inc 0 eta_inc 42316 multi_dec -0 quick_dec -0 nack_dec -0
Flow Uec_942_362 flowId 35 uecSrc 34 finished at 883.222 total messages 1 total packets 2448 RTS 0 total bytes 10002528 in_flight now 0 fair_inc 0 prop_inc 407904 fast_inc 0 eta_inc 42316 multi_dec -0 quick_dec -0 nack_dec -0
Flow Uec_64_597 flowId 134 uecSrc 133 finished at 883.226 total messages 1 total packets 2448 RTS 0 total bytes 10002528 in_flight now 0 fair_inc 0 prop_inc 414818 fast_inc 0 eta_inc 42316 multi_dec -0 quick_dec -0 nack_dec -0
Flow Uec_511_1048 flowId 275 uecSrc 274 finished at 883.658 total messages 1 total packets 2448 RTS 0 total bytes 10002528 in_flight now 0 fair_inc 0 prop_inc 405374 fast_inc 0 eta_inc 42316 multi_dec -0 quick_dec -0 nack_dec -0
Flow Uec_713_131 flowId 47 uecSrc 46 finished at 883.742 total messages 1 total packets 2448 RTS 0 total bytes 10002528 in_flight now 0 fair_inc 0 prop_inc 425135 fast_inc 0 eta_inc 41720 multi_dec -0 quick_dec -0 nack_dec -0
Flow Uec_471_1043 flowId 52 uecSrc 51 finished at 884.555 total messages 1 total packets 2448 RTS 0 total bytes 10002528 in_flight now 0 fair_inc 1116 prop_inc 428936 fast_inc 0 eta_inc 42316 multi_dec -0 quick_dec -0 nack_dec -0
Flow Uec_169_692 flowId 167 uecSrc 166 finished at 884.839 total messages 1 total packets 2448 RTS 0 total bytes 10002528 in_flight now 0 fair_inc 1868 prop_inc 398695 fast_inc 0 eta_inc 42316 multi_dec -0 quick_dec -0 nack_dec -0
Flow Uec_803_217 flowId 260 uecSrc 259 finished at 884.974 total messages 1 total packets 2448 RTS 0 total bytes 10002528 in_flight now 0 fair_inc 0 prop_inc 432518 fast_inc 0 eta_inc 42316 multi_dec -0 quick_dec -0 nack_dec -0
Flow Uec_702_116 flowId 131 uecSrc 130 finished at 885.226 total messages 1 total packets 2448 RTS 0 total bytes 10002528 in_flight now 0 fair_inc 0 prop_inc 426998 fast_inc 0 eta_inc 42316 multi_dec -0 quick_dec -0 nack_dec -0
Flow Uec_323_833 flowId 96 uecSrc 95 finished at 885.251 total messages 1 total packets 2448 RTS 0 total bytes 10002528 in_flight now 0 fair_inc 0 prop_inc 436626 fast_inc 0 eta_inc 42316 multi_dec -0 quick_dec -0 nack_dec -0
Flow Uec_899_294 flowId 265 uecSrc 264 finished at 885.311 total messages 1 total packets 2448 RTS 0 total bytes 10002528 in_flight now 0 fair_inc 0 prop_inc 427683 fast_inc 0 eta_inc 42316 multi_dec -0 quick_dec -0 nack_dec -0
Flow Uec_188_741 flowId 257 uecSrc 256 finished at 885.944 total messages 1 total packets 2448 RTS 0 total bytes 10002528 in_flight now 0 fair_inc 0 prop_inc 434427 fast_inc 0 eta_inc 42316 multi_dec -0 quick_dec -0 nack_dec -0
Flow Uec_529_1051 flowId 237 uecSrc 236 finished at 886.093 total messages 1 total packets 2448 RTS 0 total bytes 10002528 in_flight now 0 fair_inc 0 prop_inc 425363 fast_inc 0 eta_inc 42316 multi_dec -0 quick_dec -0 nack_dec -0
Flow Uec_722_172 flowId 5 uecSrc 4 finished at 886.134 total messages 1 total packets 2448 RTS 0 total bytes 10002528 in_flight now 0 fair_inc 0 prop_inc 431865 fast_inc 0 eta_inc 42316 multi_dec -0 quick_dec -0 nack_dec -0
Flow Uec_1093_506 flowId 130 uecSrc 129 finished at 886.463 total messages 1 total packets 2448 RTS 0 total bytes 10002528 in_flight now 0 fair_inc 0 prop_inc 425596 fast_inc 0 eta_inc 42316 multi_dec -0 quick_dec -0 nack_dec -0
Flow Uec_107_642 flowId 222 uecSrc 221 finished at 886.563 total messages 1 total packets 2448 RTS 0 total bytes 10002528 in_flight now 0 fair_inc 0 prop_inc 430172 fast_inc 0 eta_inc 42912 multi_dec -0 quick_dec -0 nack_dec -0
Flow Uec_522_1058 flowId 108 uecSrc 107 finished at 886.991 total messages 1 total packets 2448 RTS 0 total bytes 10002528 in_flight now 0 fair_inc 0 prop_inc 410948 fast_inc 0 eta_inc 42316 multi_dec -0 quick_dec -0 nack_dec -0
Flow Uec_573_1084 flowId 42 uecSrc 41 finished at 886.999 total messages 1 total packets 2448 RTS 0 total bytes 10002528 in_flight now 0 fair_inc 1486 prop_inc 406254 fast_inc 0 eta_inc 42316 multi_dec -0 quick_dec -0 nack_dec -0
Flow Uec_1063_471 flowId 98 uecSrc 97 finished at 887.089 total messages 1 total packets 2448 RTS 0 total bytes 10002528 in_flight now 0 fair_inc 0 prop_inc 412140 fast_inc 0 eta_inc 41720 multi_dec -0 quick_dec -0 nack_dec -0
Flow Uec_744_167 flowId 14 uecSrc 13 finished at 887.092 total messages 1 total packets 2448 RTS 0 total bytes 10002528 in_flight now 0 fair_inc 0 prop_inc 412538 fast_inc 0 eta_inc 42316 multi_dec -0 quick_dec -0 nack_dec -0
Flow Uec_1074_477 flowId 213 uecSrc 212 finished at 887.24 total messages 1 total packets 2448 RTS 0 total bytes 10002528 in_flight now 0 fair_inc 0 prop_inc 422378 fast_inc 0 eta_inc 42316 multi_dec -0 quick_dec -0 nack_dec -0
Flow Uec_347_864 flowId 226 uecSrc 225 finished at 887.317 total messages 1 total packets 2448 RTS 0 total bytes 10002528 in_flight now 0 fair_inc 5967 prop_inc 407297 fast_inc 0 eta_inc 42316 multi_dec -0 quick_dec -0 nack_dec -0
Flow Uec_617_58 flowId 120 uecSrc 119 finished at 887.377 total messages 1 total packets 2448 RTS 0 total bytes 10002528 in_flight now 0 fair_inc 1491 prop_inc 416172 fast_inc 0 eta_inc 42316 multi_dec -0 quick_dec -0 nack_dec -0
Flow Uec_1064_490 flowId 64 uecSrc 63 finished at 887.395 total messages 1 total packets 2448 RTS 0 total bytes 10002528 in_flight now 0 fair_inc 0 prop_inc 407060 fast_inc 0 eta_inc 42316 multi_dec -0 quick_dec -0 nack_dec -0
Flow Uec_340_890 flowId 78 uecSrc 77 finished at 887.585 total messages 1 total packets 2448 RTS 0 total bytes 10002528 in_flight now 0 fair_inc 3353 prop_inc 409716 fast_inc 0 eta_inc 42316 multi_dec -0 quick_dec -0 nack_dec -0
Flow Uec_680_103 flowId 239 uecSrc 238 finished at 888.118 total messages 1 total packets 2448 RTS 0 total bytes 10002528 in_flight now 0 fair_inc 745 prop_inc 399904 fast_inc 0 eta_inc 42316 multi_dec -0 quick_dec -0 nack_dec -0
Flow Uec_865_299 flowId 119 uecSrc 118 finished at 888.315 total messages 1 total packets 2448 RTS 0 total bytes 10002528 in_flight now 0 fair_inc 0 prop_inc 418919 fast_inc 0 eta_inc 42316 multi_dec -0 quick_dec -0 nack_dec -0
Flow Uec_925_342 flowId 60 uecSrc 59 finished at 888.415 total messages 1 total packets 2448 RTS 0 total bytes 10002528 in_flight now 0 fair_inc 0 prop_inc 410599 fast_inc 0 eta_inc 42316 multi_dec -0 quick_dec -0 nack_dec -0
Flow Uec_358_881 flowId 192 uecSrc 191 finished at 888.438 total messages 1 total packets 2448 RTS 0 total bytes 10002528 in_flight now 0 fair_inc 4476 prop_inc 374908 fast_inc 0 eta_inc 42316 multi_dec -0 quick_dec -0 nack_dec -0
Flow Uec_735_155 flowId 183 uecSrc 182 finished at 888.636 total messages 1 total packets 2448 RTS 0 total bytes 10002528 in_flight now 0 fair_inc 0 prop_inc 429277 fast_inc 0 eta_inc 42316 multi_dec -0 quick_dec -0 nack_dec -0
Flow Uec_1002_412 flowId 124 uecSrc 123 finished at 888.704 total messages 1 total packets 2448 RTS 0 total bytes 10002528 in_flight now 0 fair_inc 0 prop_inc 412175 fast_inc 0 eta_inc 42316 multi_dec -0 quick_dec -0 nack_dec -0
Flow Uec_508_1067 flowId 161 uecSrc 160 finished at 888.996 total messages 1 total packets 2448 RTS 0 total bytes 10002528 in_flight now 0 fair_inc 1493 prop_inc 400549 fast_inc 0 eta_inc 42316 multi_dec -0 quick_dec -0 nack_dec -0
Flow Uec_943_369 flowId 217 uecSrc 216 finished at 889.238 total messages 1 total packets 2448 RTS 0 total bytes 10002528 in_flight now 0 fair_inc 0 prop_inc 428383 fast_inc 0 eta_inc 42316 multi_dec -0 quick_dec -0 nack_dec -0
Flow Uec_356_882 flowId 158 uecSrc 157 finished at 889.253 total messages 1 total packets 2448 RTS 0 total bytes 10002528 in_flight now 0 fair_inc 2613 prop_inc 384324 fast_inc 0 eta_inc 42316 multi_dec -0 quick_dec -0 nack_dec -0
Flow Uec_624_60 flowId 101 uecSrc 100 finished at 889.264 total messages 1 total packets 2448 RTS 0 total bytes 10002528 in_flight now 0 fair_inc 2237 prop_inc 405363 fast_inc 0 eta_inc 42316 multi_dec -0 quick_dec -0 nack_dec -0
Flow Uec_166_719 flowId 114 uecSrc 113 finished at 889.472 total messages 1 total packets 2448 RTS 0 total bytes 10002528 in_flight now 0 fair_inc 0 prop_inc 401571 fast_inc 0 eta_inc 42316 multi_dec -0 quick_dec -0 nack_dec -0
Flow Uec_565_1097 flowId 109 uecSrc 108 finished at 889.554 total messages 1 total packets 2448 RTS 0 total bytes 10002528 in_flight now 0 fair_inc 1121 prop_inc 419060 fast_inc 0 eta_inc 42316 multi_dec -0 quick_dec -0 nack_dec -0
Flow Uec_327_884 flowId 73 uecSrc 72 finished at 890.56 total messages 1 total packets 2448 RTS 0 total bytes 10002528 in_flight now 0 fair_inc 1486 prop_inc 391724 fast_inc 0 eta_inc 42912 multi_dec -0 quick_dec -0 nack_dec -0
Flow Uec_572_1088 flowId 177 uecSrc 176 finished at 891.311 total messages 1 total packets 2448 RTS 0 total bytes 10002528 in_flight now 0 fair_inc 0 prop_inc 397983 fast_inc 0 eta_inc 42316 multi_dec -0 quick_dec -0 nack_dec -0
Flow Uec_904_343 flowId 212 uecSrc 211 finished at 891.612 total messages 1 total packets 2448 RTS 0 total bytes 10002528 in_flight now 0 fair_inc 1491 prop_inc 394365 fast_inc 0 eta_inc 42912 multi_dec -0 quick_dec -0 nack_dec -0
Flow Uec_524_1054 flowId 90 uecSrc 89 finished at 891.94 total messages 1 total packets 2448 RTS 0 total bytes 10002528 in_flight now 0 fair_inc 0 prop_inc 398488 fast_inc 0 eta_inc 42912 multi_dec -0 quick_dec -0 nack_dec -0
Flow Uec_981_409 flowId 89 uecSrc 88 finished at 892.006 total messages 1 total packets 2448 RTS 0 total bytes 10002528 in_flight now 0 fair_inc 0 prop_inc 423045 fast_inc 0 eta_inc 42316 multi_dec -0 quick_dec -0 nack_dec -0
Flow Uec_464_973 flowId 185 uecSrc 184 finished at 892.042 total messages 1 total packets 2448 RTS 0 total bytes 10002528 in_flight now 0 fair_inc 2986 prop_inc 391949 fast_inc 0 eta_inc 42912 multi_dec -0 quick_dec -0 nack_dec -0
Flow Uec_885_306 flowId 116 uecSrc 115 finished at 892.112 total messages 1 total packets 2448 RTS 0 total bytes 10002528 in_flight now 0 fair_inc 0 prop_inc 426183 fast_inc 0 eta_inc 42316 multi_dec -0 quick_dec -0 nack_dec -0
Flow Uec_652_74 flowId 128 uecSrc 127 finished at 892.657 total messages 1 total packets 2448 RTS 0 total bytes 10002528 in_flight now 0 fair_inc 2244 prop_inc 374644 fast_inc 0 eta_inc 42912 multi_dec -0 quick_dec -0 nack_dec -0
Flow Uec_634_69 flowId 107 uecSrc 106 finished at 892.88 total messages 1 total packets 2448 RTS 0 total bytes 10002528 in_flight now 0 fair_inc 1119 prop_inc 412791 fast_inc 0 eta_inc 42316 multi_dec -0 quick_dec -0 nack_dec -0
Flow Uec_890_295 flowId 59 uecSrc 58 finished at 892.937 total messages 1 total packets 2448 RTS 0 total bytes 10002528 in_flight now 0 fair_inc 0 prop_inc 419827 fast_inc 0 eta_inc 42912 multi_dec -0 quick_dec -0 nack_dec -0
Flow Uec_907_344 flowId 189 uecSrc 188 finished at 893.004 total messages 1 total packets 2448 RTS 0 total bytes 10002528 in_flight now 0 fair_inc 1492 prop_inc 395008 fast_inc 0 eta_inc 42912 multi_dec -0 quick_dec -0 nack_dec -0
Flow Uec_446_985 flowId 122 uecSrc 121 finished at 893.021 total messages 1 total packets 2448 RTS 0 total bytes 10002528 in_flight now 0 fair_inc 2611 prop_inc 405579 fast_inc 0 eta_inc 42316 multi_dec -0 quick_dec -0 nack_dec -0
Flow Uec_911_340 flowId 220 uecSrc 219 finished at 893.024 total messages 1 total packets 2448 RTS 0 total bytes 10002528 in_flight now 0 fair_inc 0 prop_inc 430351 fast_inc 0 eta_inc 42316 multi_dec -0 quick_dec -0 nack_dec -0
Flow Uec_1051_474 flowId 13 uecSrc 12 finished at 893.077 total messages 1 total packets 2448 RTS 0 total bytes 10002528 in_flight now 0 fair_inc 0 prop_inc 395182 fast_inc 0 eta_inc 42316 multi_dec -0 quick_dec -0 nack_dec -0
Flow Uec_359_869 flowId 34 uecSrc 33 finished at 894.195 total messages 1 total packets 2448 RTS 0 total bytes 10002528 in_flight now 0 fair_inc 1490 prop_inc 397475 fast_inc 0 eta_inc 42912 multi_dec -0 quick_dec -0 nack_dec -0
Flow Uec_342_877 flowId 202 uecSrc 201 finished at 894.284 total messages 1 total packets 2448 RTS 0 total bytes 10002528 in_flight now 0 fair_inc 4110 prop_inc 369487 fast_inc 0 eta_inc 42912 multi_dec -0 quick_dec -0 nack_dec -0
Flow Uec_438_993 flowId 75 uecSrc 74 finished at 894.296 total messages 1 total packets 2448 RTS 0 total bytes 10002528 in_flight now 0 fair_inc 373 prop_inc 398147 fast_inc 0 eta_inc 42912 multi_dec -0 quick_dec -0 nack_dec -0
Flow Uec_1068_493 flowId 3 uecSrc 2 finished at 894.69 total messages 1 total packets 2448 RTS 0 total bytes 10002528 in_flight now 0 fair_inc 0 prop_inc 410107 fast_inc 0 eta_inc 42912 multi_dec -0 quick_dec -0 nack_dec -0
Flow Uec_173_686 flowId 49 uecSrc 48 finished at 894.712 total messages 1 total packets 2448 RTS 0 total bytes 10002528 in_flight now 0 fair_inc 373 prop_inc 396465 fast_inc 0 eta_inc 42316 multi_dec -0 quick_dec -0 nack_dec -0
Flow Uec_789_186 flowId 23 uecSrc 22 finished at 894.745 total messages 1 total packets 2448 RTS 0 total bytes 10002528 in_flight now 0 fair_inc 0 prop_inc 414097 fast_inc 0 eta_inc 42912 multi_dec -0 quick_dec -0 nack_dec -0
Flow Uec_17_569 flowId 256 uecSrc 255 finished at 894.835 total messages 1 total packets 2448 RTS 0 total bytes 10002528 in_flight now 0 fair_inc 1487 prop_inc 416726 fast_inc 0 eta_inc 42316 multi_dec -0 quick_dec -0 nack_dec -0
Flow Uec_945_389 flowId 110 uecSrc 109 finished at 895.219 total messages 1 total packets 2448 RTS 0 total bytes 10002528 in_flight now 0 fair_inc 0 prop_inc 408470 fast_inc 0 eta_inc 42316 multi_dec -0 quick_dec -0 nack_dec -0
Flow Uec_1070_497 flowId 118 uecSrc 117 finished at 895.328 total messages 1 total packets 2448 RTS 0 total bytes 10002528 in_flight now 0 fair_inc 1489 prop_inc 420129 fast_inc 0 eta_inc 42912 multi_dec -0 quick_dec -0 nack_dec -0
Flow Uec_468_1009 flowId 8 uecSrc 7 finished at 895.346 total messages 1 total packets 2448 RTS 0 total bytes 10002528 in_flight now 0 fair_inc 6338 prop_inc 379704 fast_inc 0 eta_inc 42912 multi_dec -0 quick_dec -0 nack_dec -0
Flow Uec_28_555 flowId 56 uecSrc 55 finished at 895.486 total messages 1 total packets 2448 RTS 0 total bytes 10002528 in_flight now 0 fair_inc 1122 prop_inc 381891 fast_inc 0 eta_inc 42912 multi_dec -0 quick_dec -0 nack_dec -0
Flow Uec_513_1066 flowId 250 uecSrc 249 finished at 896.009 total messages 1 total packets 2448 RTS 0 total bytes 10002528 in_flight now 0 fair_inc 746 prop_inc 393962 fast_inc 0 eta_inc 42912 multi_dec -0 quick_dec -0 nack_dec -0
Flow Uec_332_895 flowId 221 uecSrc 220 finished at 896.751 total messages 1 total packets 2448 RTS 0 total bytes 10002528 in_flight now 0 fair_inc 2988 prop_inc 391908 fast_inc 0 eta_inc 42316 multi_dec -0 quick_dec -0 nack_dec -0
Flow Uec_63_605 flowId 210 uecSrc 209 finished at 896.94 total messages 1 total packets 2448 RTS 0 total bytes 10002528 in_flight now 0 fair_inc 747 prop_inc 396642 fast_inc 0 eta_inc 42912 multi_dec -0 quick_dec -0 nack_dec -0
Flow Uec_175_716 flowId 91 uecSrc 90 finished at 897.774 total messages 1 total packets 2448 RTS 0 total bytes 10002528 in_flight now 0 fair_inc 0 prop_inc 404238 fast_inc 0 eta_inc 42316 multi_dec -0 quick_dec -0 nack_dec -0
Flow Uec_866_310 flowId 68 uecSrc 67 finished at 898.006 total messages 1 total packets 2448 RTS 0 total bytes 10002528 in_flight now 0 fair_inc 0 prop_inc 407253 fast_inc 0 eta_inc 42912 multi_dec -0 quick_dec -0 nack_dec -0
Flow Uec_454_988 flowId 203 uecSrc 202 finished at 898.284 total messages 1 total packets 2448 RTS 0 total bytes 10002528 in_flight now 0 fair_inc 1862 prop_inc 395145 fast_inc 0 eta_inc 42912 multi_dec -0 quick_dec -0 nack_dec -0
Flow Uec_569_1087 flowId 7 uecSrc 6 finished at 898.333 total messages 1 total packets 2448 RTS 0 total bytes 10002528 in_flight now 0 fair_inc 2236 prop_inc 395645 fast_inc 0 eta_inc 42316 multi_dec -0 quick_dec -0 nack_dec -0
Flow Uec_662_73 flowId 27 uecSrc 26 finished at 898.432 total messages 1 total packets 2448 RTS 0 total bytes 10002528 in_flight now 0 fair_inc 0 prop_inc 374161 fast_inc 0 eta_inc 42912 multi_dec -0 quick_dec -0 nack_dec -0
Flow Uec_69_604 flowId 32 uecSrc 31 finished at 898.942 total messages 1 total packets 2448 RTS 0 total bytes 10002528 in_flight now 0 fair_inc 2979 prop_inc 395598 fast_inc 0 eta_inc 42912 multi_dec -0 quick_dec -0 nack_dec -0
Flow Uec_14_549 flowId 145 uecSrc 144 finished at 899.211 total messages 1 total packets 2448 RTS 0 total bytes 10002528 in_flight now 0 fair_inc 2237 prop_inc 396933 fast_inc 0 eta_inc 43508 multi_dec -0 quick_dec -0 nack_dec -0
Flow Uec_657_107 flowId 18 uecSrc 17 finished at 899.354 total messages 1 total packets 2448 RTS 0 total bytes 10002528 in_flight now 0 fair_inc 1490 prop_inc 391324 fast_inc 0 eta_inc 42316 multi_dec -0 quick_dec -0 nack_dec -0
Flow Uec_168_718 flowId 87 uecSrc 86 finished at 899.684 total messages 1 total packets 2448 RTS 0 total bytes 10002528 in_flight now 0 fair_inc 2968 prop_inc 390789 fast_inc 0 eta_inc 42912 multi_dec -0 quick_dec -0 nack_dec -0
Flow Uec_506_1070 flowId 144 uecSrc 143 finished at 899.83 total messages 1 total packets 2448 RTS 0 total bytes 10002528 in_flight now 0 fair_inc 747 prop_inc 401423 fast_inc 0 eta_inc 42912 multi_dec -0 quick_dec -0 nack_dec -0
Flow Uec_1015_457 flowId 88 uecSrc 87 finished at 899.848 total messages 1 total packets 2448 RTS 0 total bytes 10002528 in_flight now 0 fair_inc 0 prop_inc 387564 fast_inc 0 eta_inc 42912 multi_dec -0 quick_dec -0 nack_dec -0
Flow Uec_741_168 flowId 200 uecSrc 199 finished at 901.119 total messages 1 total packets 2448 RTS 0 total bytes 10002528 in_flight now 0 fair_inc 0 prop_inc 420709 fast_inc 0 eta_inc 42912 multi_dec -0 quick_dec -0 nack_dec -0
Flow Uec_672_102 flowId 224 uecSrc 223 finished at 901.334 total messages 1 total packets 2448 RTS 0 total bytes 10002528 in_flight now 0 fair_inc 746 prop_inc 386937 fast_inc 0 eta_inc 42912 multi_dec -0 quick_dec -0 nack_dec -0
Flow Uec_669_72 flowId 154 uecSrc 153 finished at 901.365 total messages 1 total packets 2448 RTS 0 total bytes 10002528 in_flight now 0 fair_inc 373 prop_inc 380695 fast_inc 0 eta_inc 42912 multi_dec -0 quick_dec -0 nack_dec -0
Flow Uec_170_712 flowId 259 uecSrc 258 finished at 901.506 total messages 1 total packets 2448 RTS 0 total bytes 10002528 in_flight now 0 fair_inc 749 prop_inc 382553 fast_inc 0 eta_inc 42912 multi_dec -0 quick_dec -0 nack_dec -0
Flow Uec_668_105 flowId 99 uecSrc 98 finished at 901.95 total messages 1 total packets 2448 RTS 0 total bytes 10002528 in_flight now 0 fair_inc 0 prop_inc 379617 fast_inc 0 eta_inc 42912 multi_dec -0 quick_dec -0 nack_dec -0
Flow Uec_60_585 flowId 187 uecSrc 186 finished at 902.19 total messages 1 total packets 2448 RTS 0 total bytes 10002528 in_flight now 0 fair_inc 0 prop_inc 404849 fast_inc 0 eta_inc 42912 multi_dec -0 quick_dec -0 nack_dec -0
Flow Uec_496_1029 flowId 137 uecSrc 136 finished at 902.564 total messages 1 total packets 2448 RTS 0 total bytes 10002528 in_flight now 0 fair_inc 0 prop_inc 398153 fast_inc 0 eta_inc 42912 multi_dec -0 quick_dec -0 nack_dec -0
Flow Uec_330_899 flowId 76 uecSrc 75 finished at 902.789 total messages 1 total packets 2448 RTS 0 total bytes 10002528 in_flight now 0 fair_inc 7084 prop_inc 377644 fast_inc 0 eta_inc 43508 multi_dec -0 quick_dec -0 nack_dec -0
Flow Uec_455_975 flowId 269 uecSrc 268 finished at 902.88 total messages 1 total packets 2448 RTS 0 total bytes 10002528 in_flight now 0 fair_inc 7075 prop_inc 374105 fast_inc 0 eta_inc 43508 multi_dec -0 quick_dec -0 nack_dec -0
Flow Uec_34_544 flowId 171 uecSrc 170 finished at 903.617 total messages 1 total packets 2448 RTS 0 total bytes 10002528 in_flight now 0 fair_inc 1118 prop_inc 391146 fast_inc 0 eta_inc 42912 multi_dec -0 quick_dec -0 nack_dec -0
Flow Uec_798_232 flowId 229 uecSrc 228 finished at 903.693 total messages 1 total packets 2448 RTS 0 total bytes 10002528 in_flight now 0 fair_inc 4482 prop_inc 358368 fast_inc 0 eta_inc 42912 multi_dec -0 quick_dec -0 nack_dec -0
Flow Uec_822_231 flowId 246 uecSrc 245 finished at 904.733 total messages 1 total packets 2448 RTS 0 total bytes 10002528 in_flight now 0 fair_inc 4107 prop_inc 346984 fast_inc 0 eta_inc 43508 multi_dec -0 quick_dec -0 nack_dec -0
Flow Uec_452_974 flowId 31 uecSrc 30 finished at 905.511 total messages 1 total packets 2448 RTS 0 total bytes 10002528 in_flight now 0 fair_inc 8948 prop_inc 372452 fast_inc 0 eta_inc 43508 multi_dec -0 quick_dec -0 nack_dec -0
Flow Uec_1066_492 flowId 86 uecSrc 85 finished at 906.371 total messages 1 total packets 2448 RTS 0 total bytes 10002528 in_flight now 0 fair_inc 0 prop_inc 414184 fast_inc 0 eta_inc 43508 multi_dec -0 quick_dec -0 nack_dec -0
Flow Uec_27_560 flowId 227 uecSrc 226 finished at 906.534 total messages 1 total packets 2448 RTS 0 total bytes 10002528 in_flight now 0 fair_inc 745 prop_inc 387386 fast_inc 0 eta_inc 42912 multi_dec -0 quick_dec -0 nack_dec -0
Flow Uec_501_1035 flowId 266 uecSrc 265 finished at 906.931 total messages 1 total packets 2448 RTS 0 total bytes 10002528 in_flight now 0 fair_inc 4476 prop_inc 344591 fast_inc 0 eta_inc 43508 multi_dec -0 quick_dec -0 nack_dec -0
Flow Uec_453_982 flowId 178 uecSrc 177 finished at 906.932 total messages 1 total packets 2448 RTS 0 total bytes 10002528 in_flight now 0 fair_inc 5963 prop_inc 365236 fast_inc 0 eta_inc 43508 multi_dec -0 quick_dec -0 nack_dec -0
Flow Uec_817_226 flowId 233 uecSrc 232 finished at 907.174 total messages 1 total packets 2448 RTS 0 total bytes 10002528 in_flight now 0 fair_inc 7830 prop_inc 363955 fast_inc 0 eta_inc 42912 multi_dec -0 quick_dec -0 nack_dec -0
Flow Uec_1019_443 flowId 274 uecSrc 273 finished at 907.294 total messages 1 total packets 2448 RTS 0 total bytes 10002528 in_flight now 0 fair_inc 7831 prop_inc 377494 fast_inc 0 eta_inc 43508 multi_dec -0 quick_dec -0 nack_dec -0
Flow Uec_1017_452 flowId 262 uecSrc 261 finished at 908.004 total messages 1 total packets 2448 RTS 0 total bytes 10002528 in_flight now 0 fair_inc 2991 prop_inc 379491 fast_inc 0 eta_inc 42912 multi_dec -0 quick_dec -0 nack_dec -0
Flow Uec_291_842 flowId 141 uecSrc 140 finished at 908.411 total messages 1 total packets 2448 RTS 0 total bytes 10002528 in_flight now 0 fair_inc 6339 prop_inc 342420 fast_inc 0 eta_inc 43508 multi_dec -0 quick_dec -0 nack_dec -0
Flow Uec_30_564 flowId 53 uecSrc 52 finished at 909.211 total messages 1 total packets 2448 RTS 0 total bytes 10002528 in_flight now 0 fair_inc 0 prop_inc 391271 fast_inc 0 eta_inc 42912 multi_dec -0 quick_dec -0 nack_dec -0
Flow Uec_319_841 flowId 11 uecSrc 10 finished at 909.407 total messages 1 total packets 2448 RTS 0 total bytes 10002528 in_flight now 0 fair_inc 2610 prop_inc 351304 fast_inc 0 eta_inc 43508 multi_dec -0 quick_dec -0 nack_dec -0
Flow Uec_144_702 flowId 58 uecSrc 57 finished at 910.831 total messages 1 total packets 2448 RTS 0 total bytes 10002528 in_flight now 0 fair_inc 5225 prop_inc 366669 fast_inc 0 eta_inc 43508 multi_dec -0 quick_dec -0 nack_dec -0
Flow Uec_810_228 flowId 16 uecSrc 15 finished at 911.373 total messages 1 total packets 2448 RTS 0 total bytes 10002528 in_flight now 0 fair_inc 2243 prop_inc 372957 fast_inc 0 eta_inc 42912 multi_dec -0 quick_dec -0 nack_dec -0
Flow Uec_474_1040 flowId 180 uecSrc 179 finished at 912.299 total messages 1 total packets 2448 RTS 0 total bytes 10002528 in_flight now 0 fair_inc 0 prop_inc 380582 fast_inc 0 eta_inc 43508 multi_dec -0 quick_dec -0 nack_dec -0
Flow Uec_494_1016 flowId 271 uecSrc 270 finished at 912.52 total messages 1 total packets 2448 RTS 0 total bytes 10002528 in_flight now 0 fair_inc 1117 prop_inc 377543 fast_inc 0 eta_inc 43508 multi_dec -0 quick_dec -0 nack_dec -0
Flow Uec_35_548 flowId 17 uecSrc 16 finished at 913.471 total messages 1 total packets 2448 RTS 0 total bytes 10002528 in_flight now 0 fair_inc 2233 prop_inc 382812 fast_inc 0 eta_inc 43508 multi_dec -0 quick_dec -0 nack_dec -0
Flow Uec_32_547 flowId 193 uecSrc 192 finished at 914.736 total messages 1 total packets 2448 RTS 0 total bytes 10002528 in_flight now 0 fair_inc 4096 prop_inc 364579 fast_inc 0 eta_inc 43508 multi_dec -0 quick_dec -0 nack_dec -0
Flow Uec_478_1012 flowId 216 uecSrc 215 finished at 915.012 total messages 1 total packets 2448 RTS 0 total bytes 10002528 in_flight now 0 fair_inc 15295 prop_inc 351955 fast_inc 0 eta_inc 43508 multi_dec -0 quick_dec -0 nack_dec -0
Flow Uec_353_892 flowId 30 uecSrc 29 finished at 916.819 total messages 1 total packets 2448 RTS 0 total bytes 10002528 in_flight now 0 fair_inc 6329 prop_inc 383468 fast_inc 0 eta_inc 43508 multi_dec -0 quick_dec -0 nack_dec -0
Flow Uec_1014_453 flowId 125 uecSrc 124 finished at 917.576 total messages 1 total packets 2448 RTS 0 total bytes 10002528 in_flight now 0 fair_inc 1867 prop_inc 374163 fast_inc 0 eta_inc 43508 multi_dec -0 quick_dec -0 nack_dec -0
Flow Uec_492_1010 flowId 136 uecSrc 135 finished at 917.618 total messages 1 total packets 2448 RTS 0 total bytes 10002528 in_flight now 0 fair_inc 17901 prop_inc 360308 fast_inc 0 eta_inc 44104 multi_dec -0 quick_dec -0 nack_dec -0
Flow Uec_816_251 flowId 153 uecSrc 152 finished at 918.632 total messages 1 total packets 2448 RTS 0 total bytes 10002528 in_flight now 0 fair_inc 9700 prop_inc 314771 fast_inc 0 eta_inc 44104 multi_dec -0 quick_dec -0 nack_dec -0
Flow Uec_808_229 flowId 121 uecSrc 120 finished at 919.534 total messages 1 total packets 2448 RTS 0 total bytes 10002528 in_flight now 0 fair_inc 2618 prop_inc 348772 fast_inc 0 eta_inc 44104 multi_dec -0 quick_dec -0 nack_dec -0
Flow Uec_819_243 flowId 273 uecSrc 272 finished at 922.129 total messages 1 total packets 2448 RTS 0 total bytes 10002528 in_flight now 0 fair_inc 5223 prop_inc 344721 fast_inc 0 eta_inc 44104 multi_dec -0 quick_dec -0 nack_dec -0
Flow Uec_908_327 flowId 28 uecSrc 27 finished at 922.593 total messages 1 total packets 2448 RTS 0 total bytes 10002528 in_flight now 0 fair_inc 6724 prop_inc 353498 fast_inc 0 eta_inc 44104 multi_dec -0 quick_dec -0 nack_dec -0
Flow Uec_905_329 flowId 104 uecSrc 103 finished at 922.645 total messages 1 total packets 2448 RTS 0 total bytes 10002528 in_flight now 0 fair_inc 2989 prop_inc 327477 fast_inc 0 eta_inc 44104 multi_dec -0 quick_dec -0 nack_dec -0
Flow Uec_155_707 flowId 272 uecSrc 271 finished at 922.883 total messages 1 total packets 2448 RTS 0 total bytes 10002528 in_flight now 0 fair_inc 4099 prop_inc 378629 fast_inc 0 eta_inc 44104 multi_dec -0 quick_dec -0 nack_dec -0
Flow Uec_167_705 flowId 25 uecSrc 24 finished at 923.394 total messages 1 total packets 2448 RTS 0 total bytes 10002528 in_flight now 0 fair_inc 2241 prop_inc 359563 fast_inc 0 eta_inc 44104 multi_dec -0 quick_dec -0 nack_dec -0
Flow Uec_930_328 flowId 188 uecSrc 187 finished at 924.165 total messages 1 total packets 2448 RTS 0 total bytes 10002528 in_flight now 0 fair_inc 10072 prop_inc 350226 fast_inc 0 eta_inc 44104 multi_dec -0 quick_dec -0 nack_dec -0
Flow Uec_820_224 flowId 15 uecSrc 14 finished at 924.668 total messages 1 total packets 2448 RTS 0 total bytes 10002528 in_flight now 0 fair_inc 8592 prop_inc 318865 fast_inc 0 eta_inc 44104 multi_dec -0 quick_dec -0 nack_dec -0
Flow Uec_306_843 flowId 55 uecSrc 54 finished at 924.74 total messages 1 total packets 2448 RTS 0 total bytes 10002528 in_flight now 0 fair_inc 3734 prop_inc 350764 fast_inc 0 eta_inc 44104 multi_dec -0 quick_dec -0 nack_dec -0
Flow Uec_165_706 flowId 44 uecSrc 43 finished at 926.067 total messages 1 total packets 2448 RTS 0 total bytes 10002528 in_flight now 0 fair_inc 2605 prop_inc 364028 fast_inc 0 eta_inc 44104 multi_dec -0 quick_dec -0 nack_dec -0
Flow Uec_24_546 flowId 113 uecSrc 112 finished at 926.201 total messages 1 total packets 2448 RTS 0 total bytes 10002528 in_flight now 0 fair_inc 7079 prop_inc 352505 fast_inc 0 eta_inc 44104 multi_dec -0 quick_dec -0 nack_dec -0
Flow Uec_348_873 flowId 77 uecSrc 76 finished at 936.362 total messages 1 total packets 2448 RTS 0 total bytes 10002528 in_flight now 0 fair_inc 32063 prop_inc 302799 fast_inc 0 eta_inc 44700 multi_dec -0 quick_dec -0 nack_dec -0
Flow Uec_328_875 flowId 240 uecSrc 239 finished at 940.352 total messages 1 total packets 2448 RTS 0 total bytes 10002528 in_flight now 0 fair_inc 10070 prop_inc 346019 fast_inc 0 eta_inc 44104 multi_dec -0 quick_dec -0 nack_dec -0
Flow Uec_477_1037 flowId 20 uecSrc 19 finished at 940.747 total messages 1 total packets 2448 RTS 0 total bytes 10002528 in_flight now 0 fair_inc 3735 prop_inc 330099 fast_inc 0 eta_inc 44700 multi_dec -0 quick_dec -0 nack_dec -0
Flow Uec_352_872 flowId 196 uecSrc 195 finished at 941.674 total messages 1 total packets 2448 RTS 0 total bytes 10002528 in_flight now 0 fair_inc 14188 prop_inc 315968 fast_inc 0 eta_inc 44700 multi_dec -0 quick_dec -0 nack_dec -0
Flow Uec_331_874 flowId 205 uecSrc 204 finished at 944.336 total messages 1 total packets 2448 RTS 0 total bytes 10002528 in_flight now 0 fair_inc 10819 prop_inc 302421 fast_inc 0 eta_inc 44700 multi_dec -0 quick_dec -0 nack_dec -0
Flow Uec_479_1033 flowId 74 uecSrc 73 finished at 948.311 total messages 1 total packets 2448 RTS 0 total bytes 10002528 in_flight now 0 fair_inc 16794 prop_inc 304194 fast_inc 0 eta_inc 45296 multi_dec -0 quick_dec -0 nack_dec -0
Flow Uec_493_1032 flowId 95 uecSrc 94 finished at 955.812 total messages 1 total packets 2448 RTS 0 total bytes 10002528 in_flight now 0 fair_inc 10823 prop_inc 336082 fast_inc 0 eta_inc 45296 multi_dec -0 quick_dec -0 nack_dec -0
Flow Uec_600_35 flowId 142 uecSrc 141 finished at 998.435 total messages 1 total packets 2448 RTS 0 total bytes 10002528 in_flight now 0 fair_inc 4096 prop_inc 336181 fast_inc 0 eta_inc 46488 multi_dec -0 quick_dec -0 nack_dec -0
Flow Uec_599_5 flowId 163 uecSrc 162 finished at 998.446 total messages 1 total packets 2448 RTS 0 total bytes 10002528 in_flight now 0 fair_inc 0 prop_inc 321972 fast_inc 0 eta_inc 47084 multi_dec -0 quick_dec -0 nack_dec -0
Flow Uec_580_23 flowId 70 uecSrc 69 finished at 1000.58 total messages 1 total packets 2448 RTS 0 total bytes 10002528 in_flight now 0 fair_inc 1121 prop_inc 306546 fast_inc 0 eta_inc 47084 multi_dec -0 quick_dec -0 nack_dec -0
Flow Uec_586_26 flowId 170 uecSrc 169 finished at 1002.71 total messages 1 total packets 2448 RTS 0 total bytes 10002528 in_flight now 0 fair_inc 2977 prop_inc 316976 fast_inc 0 eta_inc 47084 multi_dec -0 quick_dec -0 nack_dec -0
Flow Uec_592_18 flowId 126 uecSrc 125 finished at 1004.74 total messages 1 total packets 2448 RTS 0 total bytes 10002528 in_flight now 0 fair_inc 4473 prop_inc 313233 fast_inc 0 eta_inc 47084 multi_dec -0 quick_dec -0 nack_dec -0
Flow Uec_579_4 flowId 146 uecSrc 145 finished at 1009.59 total messages 1 total packets 2448 RTS 0 total bytes 10002528 in_flight now 0 fair_inc 5970 prop_inc 313220 fast_inc 0 eta_inc 47680 multi_dec -0 quick_dec -0 nack_dec -0
Flow Uec_610_27 flowId 199 uecSrc 198 finished at 1012.02 total messages 1 total packets 2448 RTS 0 total bytes 10002528 in_flight now 0 fair_inc 3351 prop_inc 295897 fast_inc 0 eta_inc 47680 multi_dec -0 quick_dec -0 nack_dec -0
Flow Uec_598_17 flowId 63 uecSrc 62 finished at 1012.07 total messages 1 total packets 2448 RTS 0 total bytes 10002528 in_flight now 0 fair_inc 0 prop_inc 302365 fast_inc 0 eta_inc 47084 multi_dec -0 quick_dec -0 nack_dec -0
Flow Uec_604_22 flowId 179 uecSrc 178 finished at 1014.06 total messages 1 total packets 2448 RTS 0 total bytes 10002528 in_flight now 0 fair_inc 2980 prop_inc 316238 fast_inc 0 eta_inc 47084 multi_dec -0 quick_dec -0 nack_dec -0
Flow Uec_585_30 flowId 4 uecSrc 3 finished at 1015.68 total messages 1 total packets 2448 RTS 0 total bytes 10002528 in_flight now 0 fair_inc 0 prop_inc 308364 fast_inc 0 eta_inc 48276 multi_dec -0 quick_dec -0 nack_dec -0
Flow Uec_595_2 flowId 143 uecSrc 142 finished at 1024.37 total messages 1 total packets 2448 RTS 0 total bytes 10002528 in_flight now 0 fair_inc 8571 prop_inc 272756 fast_inc 0 eta_inc 47680 multi_dec -0 quick_dec -0 nack_dec -0
.Done
New: 673200 Rtx: 0 RTS: 0 Bounced: 0 ACKs: 228115 NACKs: 0 Pulls: 0 sleek_pkts: 0
