Load balancing algorithm set to oblivious
no_of_nodes 1100
Dragonfly+ strategy: FPAR
Setting queuesize to 50 packets
endtime(us) 100000
random seed 5
Using generated Dragonfly+ tornado traffic instead of -tm
Tornado active connections 550
Tornado flow size 250000 bytes
queue size threshold 20750
Forcing per-hop RTT normalization OFF regardless of strategy.
Packet size (MTU) is 4150
Parsed args
Logging to M_tuned_for_real/runs/tornado_fpar_tuned_load0.50_fs250000_seed5.dat
Setting ECN low 33200 high 120350
Dragonfly+ with medium topology type
Link latencies: 1 and switch latencies: 0
queue_id 2 ecn_low 33200 ecn_high 120350
DragonFly+ constructor done, 1100 nodes created
Generating tornado connection matrix: python3 connection_matrices/gen_tornado_dfp.py /tmp/dfp_tornado_77375.cm 1100 550 250000 0.0 5 10 10
Nodes:  1100
Connections:  550
Flowsize:  250000 bytes
ExtraStartTime:  0.0 us
Random Seed  5
Dragonfly+ p= 10 l= 10
group_size=100  no_groups=11  opposite group offset=5
Loading generated tornado connection matrix from /tmp/dfp_tornado_77375.cm
Nodes: 1100 Connections: 550 Triggers: 0 Failures: 0
network_max_unloaded_rtt 11.6856 us
Setting min RTO to 114.6
Per-hop RTT normalization: OFF (strategy fpar)
Initializing static NSCC parameters: _reference_network_linkspeed=100000000000 _reference_network_rtt=12000000 _reference_network_bdp=150000 _target_Qdelay=8764200 _network_linkspeed=100000000000 _network_rtt=11685600 _network_bdp=146070 _qa_gate=2^3 _qa_threshold=3.50568e+07 _scaling_factor_a=0.9738 _scaling_factor_b=0.73035 _alpha=0.00132632 _fi=19894.7 _eta=596.842 _qa_scaling=1 _gamma=0.8 _fi_scale=0.24345 _delay_alpha=0.0125 _adjust_period_threshold=11685600 _adjust_bytes_threshold=33200
Initialize per-instance NSCC parameters: flowid 1 _base_rtt=11685600 _base_bdp=146070 _bdp=146070 _min_cwnd=4150 _maxwnd=219105 _cwnd=219105
Initialize per-instance NSCC parameters: flowid 2 _base_rtt=11685600 _base_bdp=146070 _bdp=146070 _min_cwnd=4150 _maxwnd=219105 _cwnd=219105
Initialize per-instance NSCC parameters: flowid 3 _base_rtt=11685600 _base_bdp=146070 _bdp=146070 _min_cwnd=4150 _maxwnd=219105 _cwnd=219105
Initialize per-instance NSCC parameters: flowid 4 _base_rtt=11685600 _base_bdp=146070 _bdp=146070 _min_cwnd=4150 _maxwnd=219105 _cwnd=219105
Initialize per-instance NSCC parameters: flowid 5 _base_rtt=11685600 _base_bdp=146070 _bdp=146070 _min_cwnd=4150 _maxwnd=219105 _cwnd=219105
Initialize per-instance NSCC parameters: flowid 6 _base_rtt=11685600 _base_bdp=146070 _bdp=146070 _min_cwnd=4150 _maxwnd=219105 _cwnd=219105
Initialize per-instance NSCC parameters: flowid 7 _base_rtt=11685600 _base_bdp=146070 _bdp=146070 _min_cwnd=4150 _maxwnd=219105 _cwnd=219105
Initialize per-instance NSCC parameters: flowid 8 _base_rtt=11685600 _base_bdp=146070 _bdp=146070 _min_cwnd=4150 _maxwnd=219105 _cwnd=219105
Initialize per-instance NSCC parameters: flowid 9 _base_rtt=11685600 _base_bdp=146070 _bdp=146070 _min_cwnd=4150 _maxwnd=219105 _cwnd=219105
Initialize per-instance NSCC parameters: flowid 10 _base_rtt=11685600 _base_bdp=146070 _bdp=146070 _min_cwnd=4150 _maxwnd=219105 _cwnd=219105
Initialize per-instance NSCC parameters: flowid 11 _base_rtt=11685600 _base_bdp=146070 _bdp=146070 _min_cwnd=4150 _maxwnd=219105 _cwnd=219105
Initialize per-instance NSCC parameters: flowid 12 _base_rtt=11685600 _base_bdp=146070 _bdp=146070 _min_cwnd=4150 _maxwnd=219105 _cwnd=219105
Initialize per-instance NSCC parameters: flowid 13 _base_rtt=11685600 _base_bdp=146070 _bdp=146070 _min_cwnd=4150 _maxwnd=219105 _cwnd=219105
Initialize per-instance NSCC parameters: flowid 14 _base_rtt=11685600 _base_bdp=146070 _bdp=146070 _min_cwnd=4150 _maxwnd=219105 _cwnd=219105
Initialize per-instance NSCC parameters: flowid 15 _base_rtt=11685600 _base_bdp=146070 _bdp=146070 _min_cwnd=4150 _maxwnd=219105 _cwnd=219105
Initialize per-instance NSCC parameters: flowid 16 _base_rtt=11685600 _base_bdp=146070 _bdp=146070 _min_cwnd=4150 _maxwnd=219105 _cwnd=219105
Initialize per-instance NSCC parameters: flowid 17 _base_rtt=11685600 _base_bdp=146070 _bdp=146070 _min_cwnd=4150 _maxwnd=219105 _cwnd=219105
Initialize per-instance NSCC parameters: flowid 18 _base_rtt=11685600 _base_bdp=146070 _bdp=146070 _min_cwnd=4150 _maxwnd=219105 _cwnd=219105
Initialize per-instance NSCC parameters: flowid 19 _base_rtt=11685600 _base_bdp=146070 _bdp=146070 _min_cwnd=4150 _maxwnd=219105 _cwnd=219105
Initialize per-instance NSCC parameters: flowid 20 _base_rtt=11685600 _base_bdp=146070 _bdp=146070 _min_cwnd=4150 _maxwnd=219105 _cwnd=219105
Initialize per-instance NSCC parameters: flowid 21 _base_rtt=11685600 _base_bdp=146070 _bdp=146070 _min_cwnd=4150 _maxwnd=219105 _cwnd=219105
Initialize per-instance NSCC parameters: flowid 22 _base_rtt=11685600 _base_bdp=146070 _bdp=146070 _min_cwnd=4150 _maxwnd=219105 _cwnd=219105
Initialize per-instance NSCC parameters: flowid 23 _base_rtt=11685600 _base_bdp=146070 _bdp=146070 _min_cwnd=4150 _maxwnd=219105 _cwnd=219105
Initialize per-instance NSCC parameters: flowid 24 _base_rtt=11685600 _base_bdp=146070 _bdp=146070 _min_cwnd=4150 _maxwnd=219105 _cwnd=219105
Initialize per-instance NSCC parameters: flowid 25 _base_rtt=11685600 _base_bdp=146070 _bdp=146070 _min_cwnd=4150 _maxwnd=219105 _cwnd=219105
Initialize per-instance NSCC parameters: flowid 26 _base_rtt=11685600 _base_bdp=146070 _bdp=146070 _min_cwnd=4150 _maxwnd=219105 _cwnd=219105
Initialize per-instance NSCC parameters: flowid 27 _base_rtt=11685600 _base_bdp=146070 _bdp=146070 _min_cwnd=4150 _maxwnd=219105 _cwnd=219105
Initialize per-instance NSCC parameters: flowid 28 _base_rtt=11685600 _base_bdp=146070 _bdp=146070 _min_cwnd=4150 _maxwnd=219105 _cwnd=219105
Initialize per-instance NSCC parameters: flowid 29 _base_rtt=11685600 _base_bdp=146070 _bdp=146070 _min_cwnd=4150 _maxwnd=219105 _cwnd=219105
Initialize per-instance NSCC parameters: flowid 30 _base_rtt=11685600 _base_bdp=146070 _bdp=146070 _min_cwnd=4150 _maxwnd=219105 _cwnd=219105
Initialize per-instance NSCC parameters: flowid 31 _base_rtt=11685600 _base_bdp=146070 _bdp=146070 _min_cwnd=4150 _maxwnd=219105 _cwnd=219105
Initialize per-instance NSCC parameters: flowid 32 _base_rtt=11685600 _base_bdp=146070 _bdp=146070 _min_cwnd=4150 _maxwnd=219105 _cwnd=219105
Initialize per-instance NSCC parameters: flowid 33 _base_rtt=11685600 _base_bdp=146070 _bdp=146070 _min_cwnd=4150 _maxwnd=219105 _cwnd=219105
Initialize per-instance NSCC parameters: flowid 34 _base_rtt=11685600 _base_bdp=146070 _bdp=146070 _min_cwnd=4150 _maxwnd=219105 _cwnd=219105
Initialize per-instance NSCC parameters: flowid 35 _base_rtt=11685600 _base_bdp=146070 _bdp=146070 _min_cwnd=4150 _maxwnd=219105 _cwnd=219105
Initialize per-instance NSCC parameters: flowid 36 _base_rtt=11685600 _base_bdp=146070 _bdp=146070 _min_cwnd=4150 _maxwnd=219105 _cwnd=219105
Initialize per-instance NSCC parameters: flowid 37 _base_rtt=11685600 _base_bdp=146070 _bdp=146070 _min_cwnd=4150 _maxwnd=219105 _cwnd=219105
Initialize per-instance NSCC parameters: flowid 38 _base_rtt=11685600 _base_bdp=146070 _bdp=146070 _min_cwnd=4150 _maxwnd=219105 _cwnd=219105
Initialize per-instance NSCC parameters: flowid 39 _base_rtt=11685600 _base_bdp=146070 _bdp=146070 _min_cwnd=4150 _maxwnd=219105 _cwnd=219105
Initialize per-instance NSCC parameters: flowid 40 _base_rtt=11685600 _base_bdp=146070 _bdp=146070 _min_cwnd=4150 _maxwnd=219105 _cwnd=219105
Initialize per-instance NSCC parameters: flowid 41 _base_rtt=11685600 _base_bdp=146070 _bdp=146070 _min_cwnd=4150 _maxwnd=219105 _cwnd=219105
Initialize per-instance NSCC parameters: flowid 42 _base_rtt=11685600 _base_bdp=146070 _bdp=146070 _min_cwnd=4150 _maxwnd=219105 _cwnd=219105
Initialize per-instance NSCC parameters: flowid 43 _base_rtt=11685600 _base_bdp=146070 _bdp=146070 _min_cwnd=4150 _maxwnd=219105 _cwnd=219105
Initialize per-instance NSCC parameters: flowid 44 _base_rtt=11685600 _base_bdp=146070 _bdp=146070 _min_cwnd=4150 _maxwnd=219105 _cwnd=219105
Initialize per-instance NSCC parameters: flowid 45 _base_rtt=11685600 _base_bdp=146070 _bdp=146070 _min_cwnd=4150 _maxwnd=219105 _cwnd=219105
Initialize per-instance NSCC parameters: flowid 46 _base_rtt=11685600 _base_bdp=146070 _bdp=146070 _min_cwnd=4150 _maxwnd=219105 _cwnd=219105
Initialize per-instance NSCC parameters: flowid 47 _base_rtt=11685600 _base_bdp=146070 _bdp=146070 _min_cwnd=4150 _maxwnd=219105 _cwnd=219105
Initialize per-instance NSCC parameters: flowid 48 _base_rtt=11685600 _base_bdp=146070 _bdp=146070 _min_cwnd=4150 _maxwnd=219105 _cwnd=219105
Initialize per-instance NSCC parameters: flowid 49 _base_rtt=11685600 _base_bdp=146070 _bdp=146070 _min_cwnd=4150 _maxwnd=219105 _cwnd=219105
Initialize per-instance NSCC parameters: flowid 50 _base_rtt=11685600 _base_bdp=146070 _bdp=146070 _min_cwnd=4150 _maxwnd=219105 _cwnd=219105
Initialize per-instance NSCC parameters: flowid 51 _base_rtt=11685600 _base_bdp=146070 _bdp=146070 _min_cwnd=4150 _maxwnd=219105 _cwnd=219105
Initialize per-instance NSCC parameters: flowid 52 _base_rtt=11685600 _base_bdp=146070 _bdp=146070 _min_cwnd=4150 _maxwnd=219105 _cwnd=219105
Initialize per-instance NSCC parameters: flowid 53 _base_rtt=11685600 _base_bdp=146070 _bdp=146070 _min_cwnd=4150 _maxwnd=219105 _cwnd=219105
Initialize per-instance NSCC parameters: flowid 54 _base_rtt=11685600 _base_bdp=146070 _bdp=146070 _min_cwnd=4150 _maxwnd=219105 _cwnd=219105
Initialize per-instance NSCC parameters: flowid 55 _base_rtt=11685600 _base_bdp=146070 _bdp=146070 _min_cwnd=4150 _maxwnd=219105 _cwnd=219105
Initialize per-instance NSCC parameters: flowid 56 _base_rtt=11685600 _base_bdp=146070 _bdp=146070 _min_cwnd=4150 _maxwnd=219105 _cwnd=219105
Initialize per-instance NSCC parameters: flowid 57 _base_rtt=11685600 _base_bdp=146070 _bdp=146070 _min_cwnd=4150 _maxwnd=219105 _cwnd=219105
Initialize per-instance NSCC parameters: flowid 58 _base_rtt=11685600 _base_bdp=146070 _bdp=146070 _min_cwnd=4150 _maxwnd=219105 _cwnd=219105
Initialize per-instance NSCC parameters: flowid 59 _base_rtt=11685600 _base_bdp=146070 _bdp=146070 _min_cwnd=4150 _maxwnd=219105 _cwnd=219105
Initialize per-instance NSCC parameters: flowid 60 _base_rtt=11685600 _base_bdp=146070 _bdp=146070 _min_cwnd=4150 _maxwnd=219105 _cwnd=219105
Initialize per-instance NSCC parameters: flowid 61 _base_rtt=11685600 _base_bdp=146070 _bdp=146070 _min_cwnd=4150 _maxwnd=219105 _cwnd=219105
Initialize per-instance NSCC parameters: flowid 62 _base_rtt=11685600 _base_bdp=146070 _bdp=146070 _min_cwnd=4150 _maxwnd=219105 _cwnd=219105
Initialize per-instance NSCC parameters: flowid 63 _base_rtt=11685600 _base_bdp=146070 _bdp=146070 _min_cwnd=4150 _maxwnd=219105 _cwnd=219105
Initialize per-instance NSCC parameters: flowid 64 _base_rtt=11685600 _base_bdp=146070 _bdp=146070 _min_cwnd=4150 _maxwnd=219105 _cwnd=219105
Initialize per-instance NSCC parameters: flowid 65 _base_rtt=11685600 _base_bdp=146070 _bdp=146070 _min_cwnd=4150 _maxwnd=219105 _cwnd=219105
Initialize per-instance NSCC parameters: flowid 66 _base_rtt=11685600 _base_bdp=146070 _bdp=146070 _min_cwnd=4150 _maxwnd=219105 _cwnd=219105
Initialize per-instance NSCC parameters: flowid 67 _base_rtt=11685600 _base_bdp=146070 _bdp=146070 _min_cwnd=4150 _maxwnd=219105 _cwnd=219105
Initialize per-instance NSCC parameters: flowid 68 _base_rtt=11685600 _base_bdp=146070 _bdp=146070 _min_cwnd=4150 _maxwnd=219105 _cwnd=219105
Initialize per-instance NSCC parameters: flowid 69 _base_rtt=11685600 _base_bdp=146070 _bdp=146070 _min_cwnd=4150 _maxwnd=219105 _cwnd=219105
Initialize per-instance NSCC parameters: flowid 70 _base_rtt=11685600 _base_bdp=146070 _bdp=146070 _min_cwnd=4150 _maxwnd=219105 _cwnd=219105
Initialize per-instance NSCC parameters: flowid 71 _base_rtt=11685600 _base_bdp=146070 _bdp=146070 _min_cwnd=4150 _maxwnd=219105 _cwnd=219105
Initialize per-instance NSCC parameters: flowid 72 _base_rtt=11685600 _base_bdp=146070 _bdp=146070 _min_cwnd=4150 _maxwnd=219105 _cwnd=219105
Initialize per-instance NSCC parameters: flowid 73 _base_rtt=11685600 _base_bdp=146070 _bdp=146070 _min_cwnd=4150 _maxwnd=219105 _cwnd=219105
Initialize per-instance NSCC parameters: flowid 74 _base_rtt=11685600 _base_bdp=146070 _bdp=146070 _min_cwnd=4150 _maxwnd=219105 _cwnd=219105
Initialize per-instance NSCC parameters: flowid 75 _base_rtt=11685600 _base_bdp=146070 _bdp=146070 _min_cwnd=4150 _maxwnd=219105 _cwnd=219105
Initialize per-instance NSCC parameters: flowid 76 _base_rtt=11685600 _base_bdp=146070 _bdp=146070 _min_cwnd=4150 _maxwnd=219105 _cwnd=219105
Initialize per-instance NSCC parameters: flowid 77 _base_rtt=11685600 _base_bdp=146070 _bdp=146070 _min_cwnd=4150 _maxwnd=219105 _cwnd=219105
Initialize per-instance NSCC parameters: flowid 78 _base_rtt=11685600 _base_bdp=146070 _bdp=146070 _min_cwnd=4150 _maxwnd=219105 _cwnd=219105
Initialize per-instance NSCC parameters: flowid 79 _base_rtt=11685600 _base_bdp=146070 _bdp=146070 _min_cwnd=4150 _maxwnd=219105 _cwnd=219105
Initialize per-instance NSCC parameters: flowid 80 _base_rtt=11685600 _base_bdp=146070 _bdp=146070 _min_cwnd=4150 _maxwnd=219105 _cwnd=219105
Initialize per-instance NSCC parameters: flowid 81 _base_rtt=11685600 _base_bdp=146070 _bdp=146070 _min_cwnd=4150 _maxwnd=219105 _cwnd=219105
Initialize per-instance NSCC parameters: flowid 82 _base_rtt=11685600 _base_bdp=146070 _bdp=146070 _min_cwnd=4150 _maxwnd=219105 _cwnd=219105
Initialize per-instance NSCC parameters: flowid 83 _base_rtt=11685600 _base_bdp=146070 _bdp=146070 _min_cwnd=4150 _maxwnd=219105 _cwnd=219105
Initialize per-instance NSCC parameters: flowid 84 _base_rtt=11685600 _base_bdp=146070 _bdp=146070 _min_cwnd=4150 _maxwnd=219105 _cwnd=219105
Initialize per-instance NSCC parameters: flowid 85 _base_rtt=11685600 _base_bdp=146070 _bdp=146070 _min_cwnd=4150 _maxwnd=219105 _cwnd=219105
Initialize per-instance NSCC parameters: flowid 86 _base_rtt=11685600 _base_bdp=146070 _bdp=146070 _min_cwnd=4150 _maxwnd=219105 _cwnd=219105
Initialize per-instance NSCC parameters: flowid 87 _base_rtt=11685600 _base_bdp=146070 _bdp=146070 _min_cwnd=4150 _maxwnd=219105 _cwnd=219105
Initialize per-instance NSCC parameters: flowid 88 _base_rtt=11685600 _base_bdp=146070 _bdp=146070 _min_cwnd=4150 _maxwnd=219105 _cwnd=219105
Initialize per-instance NSCC parameters: flowid 89 _base_rtt=11685600 _base_bdp=146070 _bdp=146070 _min_cwnd=4150 _maxwnd=219105 _cwnd=219105
Initialize per-instance NSCC parameters: flowid 90 _base_rtt=11685600 _base_bdp=146070 _bdp=146070 _min_cwnd=4150 _maxwnd=219105 _cwnd=219105
Initialize per-instance NSCC parameters: flowid 91 _base_rtt=11685600 _base_bdp=146070 _bdp=146070 _min_cwnd=4150 _maxwnd=219105 _cwnd=219105
Initialize per-instance NSCC parameters: flowid 92 _base_rtt=11685600 _base_bdp=146070 _bdp=146070 _min_cwnd=4150 _maxwnd=219105 _cwnd=219105
Initialize per-instance NSCC parameters: flowid 93 _base_rtt=11685600 _base_bdp=146070 _bdp=146070 _min_cwnd=4150 _maxwnd=219105 _cwnd=219105
Initialize per-instance NSCC parameters: flowid 94 _base_rtt=11685600 _base_bdp=146070 _bdp=146070 _min_cwnd=4150 _maxwnd=219105 _cwnd=219105
Initialize per-instance NSCC parameters: flowid 95 _base_rtt=11685600 _base_bdp=146070 _bdp=146070 _min_cwnd=4150 _maxwnd=219105 _cwnd=219105
Initialize per-instance NSCC parameters: flowid 96 _base_rtt=11685600 _base_bdp=146070 _bdp=146070 _min_cwnd=4150 _maxwnd=219105 _cwnd=219105
Initialize per-instance NSCC parameters: flowid 97 _base_rtt=11685600 _base_bdp=146070 _bdp=146070 _min_cwnd=4150 _maxwnd=219105 _cwnd=219105
Initialize per-instance NSCC parameters: flowid 98 _base_rtt=11685600 _base_bdp=146070 _bdp=146070 _min_cwnd=4150 _maxwnd=219105 _cwnd=219105
Initialize per-instance NSCC parameters: flowid 99 _base_rtt=11685600 _base_bdp=146070 _bdp=146070 _min_cwnd=4150 _maxwnd=219105 _cwnd=219105
Initialize per-instance NSCC parameters: flowid 100 _base_rtt=11685600 _base_bdp=146070 _bdp=146070 _min_cwnd=4150 _maxwnd=219105 _cwnd=219105
Initialize per-instance NSCC parameters: flowid 101 _base_rtt=11685600 _base_bdp=146070 _bdp=146070 _min_cwnd=4150 _maxwnd=219105 _cwnd=219105
Initialize per-instance NSCC parameters: flowid 102 _base_rtt=11685600 _base_bdp=146070 _bdp=146070 _min_cwnd=4150 _maxwnd=219105 _cwnd=219105
Initialize per-instance NSCC parameters: flowid 103 _base_rtt=11685600 _base_bdp=146070 _bdp=146070 _min_cwnd=4150 _maxwnd=219105 _cwnd=219105
Initialize per-instance NSCC parameters: flowid 104 _base_rtt=11685600 _base_bdp=146070 _bdp=146070 _min_cwnd=4150 _maxwnd=219105 _cwnd=219105
Initialize per-instance NSCC parameters: flowid 105 _base_rtt=11685600 _base_bdp=146070 _bdp=146070 _min_cwnd=4150 _maxwnd=219105 _cwnd=219105
Initialize per-instance NSCC parameters: flowid 106 _base_rtt=11685600 _base_bdp=146070 _bdp=146070 _min_cwnd=4150 _maxwnd=219105 _cwnd=219105
Initialize per-instance NSCC parameters: flowid 107 _base_rtt=11685600 _base_bdp=146070 _bdp=146070 _min_cwnd=4150 _maxwnd=219105 _cwnd=219105
Initialize per-instance NSCC parameters: flowid 108 _base_rtt=11685600 _base_bdp=146070 _bdp=146070 _min_cwnd=4150 _maxwnd=219105 _cwnd=219105
Initialize per-instance NSCC parameters: flowid 109 _base_rtt=11685600 _base_bdp=146070 _bdp=146070 _min_cwnd=4150 _maxwnd=219105 _cwnd=219105
Initialize per-instance NSCC parameters: flowid 110 _base_rtt=11685600 _base_bdp=146070 _bdp=146070 _min_cwnd=4150 _maxwnd=219105 _cwnd=219105
Initialize per-instance NSCC parameters: flowid 111 _base_rtt=11685600 _base_bdp=146070 _bdp=146070 _min_cwnd=4150 _maxwnd=219105 _cwnd=219105
Initialize per-instance NSCC parameters: flowid 112 _base_rtt=11685600 _base_bdp=146070 _bdp=146070 _min_cwnd=4150 _maxwnd=219105 _cwnd=219105
Initialize per-instance NSCC parameters: flowid 113 _base_rtt=11685600 _base_bdp=146070 _bdp=146070 _min_cwnd=4150 _maxwnd=219105 _cwnd=219105
Initialize per-instance NSCC parameters: flowid 114 _base_rtt=11685600 _base_bdp=146070 _bdp=146070 _min_cwnd=4150 _maxwnd=219105 _cwnd=219105
Initialize per-instance NSCC parameters: flowid 115 _base_rtt=11685600 _base_bdp=146070 _bdp=146070 _min_cwnd=4150 _maxwnd=219105 _cwnd=219105
Initialize per-instance NSCC parameters: flowid 116 _base_rtt=11685600 _base_bdp=146070 _bdp=146070 _min_cwnd=4150 _maxwnd=219105 _cwnd=219105
Initialize per-instance NSCC parameters: flowid 117 _base_rtt=11685600 _base_bdp=146070 _bdp=146070 _min_cwnd=4150 _maxwnd=219105 _cwnd=219105
Initialize per-instance NSCC parameters: flowid 118 _base_rtt=11685600 _base_bdp=146070 _bdp=146070 _min_cwnd=4150 _maxwnd=219105 _cwnd=219105
Initialize per-instance NSCC parameters: flowid 119 _base_rtt=11685600 _base_bdp=146070 _bdp=146070 _min_cwnd=4150 _maxwnd=219105 _cwnd=219105
Initialize per-instance NSCC parameters: flowid 120 _base_rtt=11685600 _base_bdp=146070 _bdp=146070 _min_cwnd=4150 _maxwnd=219105 _cwnd=219105
Initialize per-instance NSCC parameters: flowid 121 _base_rtt=11685600 _base_bdp=146070 _bdp=146070 _min_cwnd=4150 _maxwnd=219105 _cwnd=219105
Initialize per-instance NSCC parameters: flowid 122 _base_rtt=11685600 _base_bdp=146070 _bdp=146070 _min_cwnd=4150 _maxwnd=219105 _cwnd=219105
Initialize per-instance NSCC parameters: flowid 123 _base_rtt=11685600 _base_bdp=146070 _bdp=146070 _min_cwnd=4150 _maxwnd=219105 _cwnd=219105
Initialize per-instance NSCC parameters: flowid 124 _base_rtt=11685600 _base_bdp=146070 _bdp=146070 _min_cwnd=4150 _maxwnd=219105 _cwnd=219105
Initialize per-instance NSCC parameters: flowid 125 _base_rtt=11685600 _base_bdp=146070 _bdp=146070 _min_cwnd=4150 _maxwnd=219105 _cwnd=219105
Initialize per-instance NSCC parameters: flowid 126 _base_rtt=11685600 _base_bdp=146070 _bdp=146070 _min_cwnd=4150 _maxwnd=219105 _cwnd=219105
Initialize per-instance NSCC parameters: flowid 127 _base_rtt=11685600 _base_bdp=146070 _bdp=146070 _min_cwnd=4150 _maxwnd=219105 _cwnd=219105
Initialize per-instance NSCC parameters: flowid 128 _base_rtt=11685600 _base_bdp=146070 _bdp=146070 _min_cwnd=4150 _maxwnd=219105 _cwnd=219105
Initialize per-instance NSCC parameters: flowid 129 _base_rtt=11685600 _base_bdp=146070 _bdp=146070 _min_cwnd=4150 _maxwnd=219105 _cwnd=219105
Initialize per-instance NSCC parameters: flowid 130 _base_rtt=11685600 _base_bdp=146070 _bdp=146070 _min_cwnd=4150 _maxwnd=219105 _cwnd=219105
Initialize per-instance NSCC parameters: flowid 131 _base_rtt=11685600 _base_bdp=146070 _bdp=146070 _min_cwnd=4150 _maxwnd=219105 _cwnd=219105
Initialize per-instance NSCC parameters: flowid 132 _base_rtt=11685600 _base_bdp=146070 _bdp=146070 _min_cwnd=4150 _maxwnd=219105 _cwnd=219105
Initialize per-instance NSCC parameters: flowid 133 _base_rtt=11685600 _base_bdp=146070 _bdp=146070 _min_cwnd=4150 _maxwnd=219105 _cwnd=219105
Initialize per-instance NSCC parameters: flowid 134 _base_rtt=11685600 _base_bdp=146070 _bdp=146070 _min_cwnd=4150 _maxwnd=219105 _cwnd=219105
Initialize per-instance NSCC parameters: flowid 135 _base_rtt=11685600 _base_bdp=146070 _bdp=146070 _min_cwnd=4150 _maxwnd=219105 _cwnd=219105
Initialize per-instance NSCC parameters: flowid 136 _base_rtt=11685600 _base_bdp=146070 _bdp=146070 _min_cwnd=4150 _maxwnd=219105 _cwnd=219105
Initialize per-instance NSCC parameters: flowid 137 _base_rtt=11685600 _base_bdp=146070 _bdp=146070 _min_cwnd=4150 _maxwnd=219105 _cwnd=219105
Initialize per-instance NSCC parameters: flowid 138 _base_rtt=11685600 _base_bdp=146070 _bdp=146070 _min_cwnd=4150 _maxwnd=219105 _cwnd=219105
Initialize per-instance NSCC parameters: flowid 139 _base_rtt=11685600 _base_bdp=146070 _bdp=146070 _min_cwnd=4150 _maxwnd=219105 _cwnd=219105
Initialize per-instance NSCC parameters: flowid 140 _base_rtt=11685600 _base_bdp=146070 _bdp=146070 _min_cwnd=4150 _maxwnd=219105 _cwnd=219105
Initialize per-instance NSCC parameters: flowid 141 _base_rtt=11685600 _base_bdp=146070 _bdp=146070 _min_cwnd=4150 _maxwnd=219105 _cwnd=219105
Initialize per-instance NSCC parameters: flowid 142 _base_rtt=11685600 _base_bdp=146070 _bdp=146070 _min_cwnd=4150 _maxwnd=219105 _cwnd=219105
Initialize per-instance NSCC parameters: flowid 143 _base_rtt=11685600 _base_bdp=146070 _bdp=146070 _min_cwnd=4150 _maxwnd=219105 _cwnd=219105
Initialize per-instance NSCC parameters: flowid 144 _base_rtt=11685600 _base_bdp=146070 _bdp=146070 _min_cwnd=4150 _maxwnd=219105 _cwnd=219105
Initialize per-instance NSCC parameters: flowid 145 _base_rtt=11685600 _base_bdp=146070 _bdp=146070 _min_cwnd=4150 _maxwnd=219105 _cwnd=219105
Initialize per-instance NSCC parameters: flowid 146 _base_rtt=11685600 _base_bdp=146070 _bdp=146070 _min_cwnd=4150 _maxwnd=219105 _cwnd=219105
Initialize per-instance NSCC parameters: flowid 147 _base_rtt=11685600 _base_bdp=146070 _bdp=146070 _min_cwnd=4150 _maxwnd=219105 _cwnd=219105
Initialize per-instance NSCC parameters: flowid 148 _base_rtt=11685600 _base_bdp=146070 _bdp=146070 _min_cwnd=4150 _maxwnd=219105 _cwnd=219105
Initialize per-instance NSCC parameters: flowid 149 _base_rtt=11685600 _base_bdp=146070 _bdp=146070 _min_cwnd=4150 _maxwnd=219105 _cwnd=219105
Initialize per-instance NSCC parameters: flowid 150 _base_rtt=11685600 _base_bdp=146070 _bdp=146070 _min_cwnd=4150 _maxwnd=219105 _cwnd=219105
Initialize per-instance NSCC parameters: flowid 151 _base_rtt=11685600 _base_bdp=146070 _bdp=146070 _min_cwnd=4150 _maxwnd=219105 _cwnd=219105
Initialize per-instance NSCC parameters: flowid 152 _base_rtt=11685600 _base_bdp=146070 _bdp=146070 _min_cwnd=4150 _maxwnd=219105 _cwnd=219105
Initialize per-instance NSCC parameters: flowid 153 _base_rtt=11685600 _base_bdp=146070 _bdp=146070 _min_cwnd=4150 _maxwnd=219105 _cwnd=219105
Initialize per-instance NSCC parameters: flowid 154 _base_rtt=11685600 _base_bdp=146070 _bdp=146070 _min_cwnd=4150 _maxwnd=219105 _cwnd=219105
Initialize per-instance NSCC parameters: flowid 155 _base_rtt=11685600 _base_bdp=146070 _bdp=146070 _min_cwnd=4150 _maxwnd=219105 _cwnd=219105
Initialize per-instance NSCC parameters: flowid 156 _base_rtt=11685600 _base_bdp=146070 _bdp=146070 _min_cwnd=4150 _maxwnd=219105 _cwnd=219105
Initialize per-instance NSCC parameters: flowid 157 _base_rtt=11685600 _base_bdp=146070 _bdp=146070 _min_cwnd=4150 _maxwnd=219105 _cwnd=219105
Initialize per-instance NSCC parameters: flowid 158 _base_rtt=11685600 _base_bdp=146070 _bdp=146070 _min_cwnd=4150 _maxwnd=219105 _cwnd=219105
Initialize per-instance NSCC parameters: flowid 159 _base_rtt=11685600 _base_bdp=146070 _bdp=146070 _min_cwnd=4150 _maxwnd=219105 _cwnd=219105
Initialize per-instance NSCC parameters: flowid 160 _base_rtt=11685600 _base_bdp=146070 _bdp=146070 _min_cwnd=4150 _maxwnd=219105 _cwnd=219105
Initialize per-instance NSCC parameters: flowid 161 _base_rtt=11685600 _base_bdp=146070 _bdp=146070 _min_cwnd=4150 _maxwnd=219105 _cwnd=219105
Initialize per-instance NSCC parameters: flowid 162 _base_rtt=11685600 _base_bdp=146070 _bdp=146070 _min_cwnd=4150 _maxwnd=219105 _cwnd=219105
Initialize per-instance NSCC parameters: flowid 163 _base_rtt=11685600 _base_bdp=146070 _bdp=146070 _min_cwnd=4150 _maxwnd=219105 _cwnd=219105
Initialize per-instance NSCC parameters: flowid 164 _base_rtt=11685600 _base_bdp=146070 _bdp=146070 _min_cwnd=4150 _maxwnd=219105 _cwnd=219105
Initialize per-instance NSCC parameters: flowid 165 _base_rtt=11685600 _base_bdp=146070 _bdp=146070 _min_cwnd=4150 _maxwnd=219105 _cwnd=219105
Initialize per-instance NSCC parameters: flowid 166 _base_rtt=11685600 _base_bdp=146070 _bdp=146070 _min_cwnd=4150 _maxwnd=219105 _cwnd=219105
Initialize per-instance NSCC parameters: flowid 167 _base_rtt=11685600 _base_bdp=146070 _bdp=146070 _min_cwnd=4150 _maxwnd=219105 _cwnd=219105
Initialize per-instance NSCC parameters: flowid 168 _base_rtt=11685600 _base_bdp=146070 _bdp=146070 _min_cwnd=4150 _maxwnd=219105 _cwnd=219105
Initialize per-instance NSCC parameters: flowid 169 _base_rtt=11685600 _base_bdp=146070 _bdp=146070 _min_cwnd=4150 _maxwnd=219105 _cwnd=219105
Initialize per-instance NSCC parameters: flowid 170 _base_rtt=11685600 _base_bdp=146070 _bdp=146070 _min_cwnd=4150 _maxwnd=219105 _cwnd=219105
Initialize per-instance NSCC parameters: flowid 171 _base_rtt=11685600 _base_bdp=146070 _bdp=146070 _min_cwnd=4150 _maxwnd=219105 _cwnd=219105
Initialize per-instance NSCC parameters: flowid 172 _base_rtt=11685600 _base_bdp=146070 _bdp=146070 _min_cwnd=4150 _maxwnd=219105 _cwnd=219105
Initialize per-instance NSCC parameters: flowid 173 _base_rtt=11685600 _base_bdp=146070 _bdp=146070 _min_cwnd=4150 _maxwnd=219105 _cwnd=219105
Initialize per-instance NSCC parameters: flowid 174 _base_rtt=11685600 _base_bdp=146070 _bdp=146070 _min_cwnd=4150 _maxwnd=219105 _cwnd=219105
Initialize per-instance NSCC parameters: flowid 175 _base_rtt=11685600 _base_bdp=146070 _bdp=146070 _min_cwnd=4150 _maxwnd=219105 _cwnd=219105
Initialize per-instance NSCC parameters: flowid 176 _base_rtt=11685600 _base_bdp=146070 _bdp=146070 _min_cwnd=4150 _maxwnd=219105 _cwnd=219105
Initialize per-instance NSCC parameters: flowid 177 _base_rtt=11685600 _base_bdp=146070 _bdp=146070 _min_cwnd=4150 _maxwnd=219105 _cwnd=219105
Initialize per-instance NSCC parameters: flowid 178 _base_rtt=11685600 _base_bdp=146070 _bdp=146070 _min_cwnd=4150 _maxwnd=219105 _cwnd=219105
Initialize per-instance NSCC parameters: flowid 179 _base_rtt=11685600 _base_bdp=146070 _bdp=146070 _min_cwnd=4150 _maxwnd=219105 _cwnd=219105
Initialize per-instance NSCC parameters: flowid 180 _base_rtt=11685600 _base_bdp=146070 _bdp=146070 _min_cwnd=4150 _maxwnd=219105 _cwnd=219105
Initialize per-instance NSCC parameters: flowid 181 _base_rtt=11685600 _base_bdp=146070 _bdp=146070 _min_cwnd=4150 _maxwnd=219105 _cwnd=219105
Initialize per-instance NSCC parameters: flowid 182 _base_rtt=11685600 _base_bdp=146070 _bdp=146070 _min_cwnd=4150 _maxwnd=219105 _cwnd=219105
Initialize per-instance NSCC parameters: flowid 183 _base_rtt=11685600 _base_bdp=146070 _bdp=146070 _min_cwnd=4150 _maxwnd=219105 _cwnd=219105
Initialize per-instance NSCC parameters: flowid 184 _base_rtt=11685600 _base_bdp=146070 _bdp=146070 _min_cwnd=4150 _maxwnd=219105 _cwnd=219105
Initialize per-instance NSCC parameters: flowid 185 _base_rtt=11685600 _base_bdp=146070 _bdp=146070 _min_cwnd=4150 _maxwnd=219105 _cwnd=219105
Initialize per-instance NSCC parameters: flowid 186 _base_rtt=11685600 _base_bdp=146070 _bdp=146070 _min_cwnd=4150 _maxwnd=219105 _cwnd=219105
Initialize per-instance NSCC parameters: flowid 187 _base_rtt=11685600 _base_bdp=146070 _bdp=146070 _min_cwnd=4150 _maxwnd=219105 _cwnd=219105
Initialize per-instance NSCC parameters: flowid 188 _base_rtt=11685600 _base_bdp=146070 _bdp=146070 _min_cwnd=4150 _maxwnd=219105 _cwnd=219105
Initialize per-instance NSCC parameters: flowid 189 _base_rtt=11685600 _base_bdp=146070 _bdp=146070 _min_cwnd=4150 _maxwnd=219105 _cwnd=219105
Initialize per-instance NSCC parameters: flowid 190 _base_rtt=11685600 _base_bdp=146070 _bdp=146070 _min_cwnd=4150 _maxwnd=219105 _cwnd=219105
Initialize per-instance NSCC parameters: flowid 191 _base_rtt=11685600 _base_bdp=146070 _bdp=146070 _min_cwnd=4150 _maxwnd=219105 _cwnd=219105
Initialize per-instance NSCC parameters: flowid 192 _base_rtt=11685600 _base_bdp=146070 _bdp=146070 _min_cwnd=4150 _maxwnd=219105 _cwnd=219105
Initialize per-instance NSCC parameters: flowid 193 _base_rtt=11685600 _base_bdp=146070 _bdp=146070 _min_cwnd=4150 _maxwnd=219105 _cwnd=219105
Initialize per-instance NSCC parameters: flowid 194 _base_rtt=11685600 _base_bdp=146070 _bdp=146070 _min_cwnd=4150 _maxwnd=219105 _cwnd=219105
Initialize per-instance NSCC parameters: flowid 195 _base_rtt=11685600 _base_bdp=146070 _bdp=146070 _min_cwnd=4150 _maxwnd=219105 _cwnd=219105
Initialize per-instance NSCC parameters: flowid 196 _base_rtt=11685600 _base_bdp=146070 _bdp=146070 _min_cwnd=4150 _maxwnd=219105 _cwnd=219105
Initialize per-instance NSCC parameters: flowid 197 _base_rtt=11685600 _base_bdp=146070 _bdp=146070 _min_cwnd=4150 _maxwnd=219105 _cwnd=219105
Initialize per-instance NSCC parameters: flowid 198 _base_rtt=11685600 _base_bdp=146070 _bdp=146070 _min_cwnd=4150 _maxwnd=219105 _cwnd=219105
Initialize per-instance NSCC parameters: flowid 199 _base_rtt=11685600 _base_bdp=146070 _bdp=146070 _min_cwnd=4150 _maxwnd=219105 _cwnd=219105
Initialize per-instance NSCC parameters: flowid 200 _base_rtt=11685600 _base_bdp=146070 _bdp=146070 _min_cwnd=4150 _maxwnd=219105 _cwnd=219105
Initialize per-instance NSCC parameters: flowid 201 _base_rtt=11685600 _base_bdp=146070 _bdp=146070 _min_cwnd=4150 _maxwnd=219105 _cwnd=219105
Initialize per-instance NSCC parameters: flowid 202 _base_rtt=11685600 _base_bdp=146070 _bdp=146070 _min_cwnd=4150 _maxwnd=219105 _cwnd=219105
Initialize per-instance NSCC parameters: flowid 203 _base_rtt=11685600 _base_bdp=146070 _bdp=146070 _min_cwnd=4150 _maxwnd=219105 _cwnd=219105
Initialize per-instance NSCC parameters: flowid 204 _base_rtt=11685600 _base_bdp=146070 _bdp=146070 _min_cwnd=4150 _maxwnd=219105 _cwnd=219105
Initialize per-instance NSCC parameters: flowid 205 _base_rtt=11685600 _base_bdp=146070 _bdp=146070 _min_cwnd=4150 _maxwnd=219105 _cwnd=219105
Initialize per-instance NSCC parameters: flowid 206 _base_rtt=11685600 _base_bdp=146070 _bdp=146070 _min_cwnd=4150 _maxwnd=219105 _cwnd=219105
Initialize per-instance NSCC parameters: flowid 207 _base_rtt=11685600 _base_bdp=146070 _bdp=146070 _min_cwnd=4150 _maxwnd=219105 _cwnd=219105
Initialize per-instance NSCC parameters: flowid 208 _base_rtt=11685600 _base_bdp=146070 _bdp=146070 _min_cwnd=4150 _maxwnd=219105 _cwnd=219105
Initialize per-instance NSCC parameters: flowid 209 _base_rtt=11685600 _base_bdp=146070 _bdp=146070 _min_cwnd=4150 _maxwnd=219105 _cwnd=219105
Initialize per-instance NSCC parameters: flowid 210 _base_rtt=11685600 _base_bdp=146070 _bdp=146070 _min_cwnd=4150 _maxwnd=219105 _cwnd=219105
Initialize per-instance NSCC parameters: flowid 211 _base_rtt=11685600 _base_bdp=146070 _bdp=146070 _min_cwnd=4150 _maxwnd=219105 _cwnd=219105
Initialize per-instance NSCC parameters: flowid 212 _base_rtt=11685600 _base_bdp=146070 _bdp=146070 _min_cwnd=4150 _maxwnd=219105 _cwnd=219105
Initialize per-instance NSCC parameters: flowid 213 _base_rtt=11685600 _base_bdp=146070 _bdp=146070 _min_cwnd=4150 _maxwnd=219105 _cwnd=219105
Initialize per-instance NSCC parameters: flowid 214 _base_rtt=11685600 _base_bdp=146070 _bdp=146070 _min_cwnd=4150 _maxwnd=219105 _cwnd=219105
Initialize per-instance NSCC parameters: flowid 215 _base_rtt=11685600 _base_bdp=146070 _bdp=146070 _min_cwnd=4150 _maxwnd=219105 _cwnd=219105
Initialize per-instance NSCC parameters: flowid 216 _base_rtt=11685600 _base_bdp=146070 _bdp=146070 _min_cwnd=4150 _maxwnd=219105 _cwnd=219105
Initialize per-instance NSCC parameters: flowid 217 _base_rtt=11685600 _base_bdp=146070 _bdp=146070 _min_cwnd=4150 _maxwnd=219105 _cwnd=219105
Initialize per-instance NSCC parameters: flowid 218 _base_rtt=11685600 _base_bdp=146070 _bdp=146070 _min_cwnd=4150 _maxwnd=219105 _cwnd=219105
Initialize per-instance NSCC parameters: flowid 219 _base_rtt=11685600 _base_bdp=146070 _bdp=146070 _min_cwnd=4150 _maxwnd=219105 _cwnd=219105
Initialize per-instance NSCC parameters: flowid 220 _base_rtt=11685600 _base_bdp=146070 _bdp=146070 _min_cwnd=4150 _maxwnd=219105 _cwnd=219105
Initialize per-instance NSCC parameters: flowid 221 _base_rtt=11685600 _base_bdp=146070 _bdp=146070 _min_cwnd=4150 _maxwnd=219105 _cwnd=219105
Initialize per-instance NSCC parameters: flowid 222 _base_rtt=11685600 _base_bdp=146070 _bdp=146070 _min_cwnd=4150 _maxwnd=219105 _cwnd=219105
Initialize per-instance NSCC parameters: flowid 223 _base_rtt=11685600 _base_bdp=146070 _bdp=146070 _min_cwnd=4150 _maxwnd=219105 _cwnd=219105
Initialize per-instance NSCC parameters: flowid 224 _base_rtt=11685600 _base_bdp=146070 _bdp=146070 _min_cwnd=4150 _maxwnd=219105 _cwnd=219105
Initialize per-instance NSCC parameters: flowid 225 _base_rtt=11685600 _base_bdp=146070 _bdp=146070 _min_cwnd=4150 _maxwnd=219105 _cwnd=219105
Initialize per-instance NSCC parameters: flowid 226 _base_rtt=11685600 _base_bdp=146070 _bdp=146070 _min_cwnd=4150 _maxwnd=219105 _cwnd=219105
Initialize per-instance NSCC parameters: flowid 227 _base_rtt=11685600 _base_bdp=146070 _bdp=146070 _min_cwnd=4150 _maxwnd=219105 _cwnd=219105
Initialize per-instance NSCC parameters: flowid 228 _base_rtt=11685600 _base_bdp=146070 _bdp=146070 _min_cwnd=4150 _maxwnd=219105 _cwnd=219105
Initialize per-instance NSCC parameters: flowid 229 _base_rtt=11685600 _base_bdp=146070 _bdp=146070 _min_cwnd=4150 _maxwnd=219105 _cwnd=219105
Initialize per-instance NSCC parameters: flowid 230 _base_rtt=11685600 _base_bdp=146070 _bdp=146070 _min_cwnd=4150 _maxwnd=219105 _cwnd=219105
Initialize per-instance NSCC parameters: flowid 231 _base_rtt=11685600 _base_bdp=146070 _bdp=146070 _min_cwnd=4150 _maxwnd=219105 _cwnd=219105
Initialize per-instance NSCC parameters: flowid 232 _base_rtt=11685600 _base_bdp=146070 _bdp=146070 _min_cwnd=4150 _maxwnd=219105 _cwnd=219105
Initialize per-instance NSCC parameters: flowid 233 _base_rtt=11685600 _base_bdp=146070 _bdp=146070 _min_cwnd=4150 _maxwnd=219105 _cwnd=219105
Initialize per-instance NSCC parameters: flowid 234 _base_rtt=11685600 _base_bdp=146070 _bdp=146070 _min_cwnd=4150 _maxwnd=219105 _cwnd=219105
Initialize per-instance NSCC parameters: flowid 235 _base_rtt=11685600 _base_bdp=146070 _bdp=146070 _min_cwnd=4150 _maxwnd=219105 _cwnd=219105
Initialize per-instance NSCC parameters: flowid 236 _base_rtt=11685600 _base_bdp=146070 _bdp=146070 _min_cwnd=4150 _maxwnd=219105 _cwnd=219105
Initialize per-instance NSCC parameters: flowid 237 _base_rtt=11685600 _base_bdp=146070 _bdp=146070 _min_cwnd=4150 _maxwnd=219105 _cwnd=219105
Initialize per-instance NSCC parameters: flowid 238 _base_rtt=11685600 _base_bdp=146070 _bdp=146070 _min_cwnd=4150 _maxwnd=219105 _cwnd=219105
Initialize per-instance NSCC parameters: flowid 239 _base_rtt=11685600 _base_bdp=146070 _bdp=146070 _min_cwnd=4150 _maxwnd=219105 _cwnd=219105
Initialize per-instance NSCC parameters: flowid 240 _base_rtt=11685600 _base_bdp=146070 _bdp=146070 _min_cwnd=4150 _maxwnd=219105 _cwnd=219105
Initialize per-instance NSCC parameters: flowid 241 _base_rtt=11685600 _base_bdp=146070 _bdp=146070 _min_cwnd=4150 _maxwnd=219105 _cwnd=219105
Initialize per-instance NSCC parameters: flowid 242 _base_rtt=11685600 _base_bdp=146070 _bdp=146070 _min_cwnd=4150 _maxwnd=219105 _cwnd=219105
Initialize per-instance NSCC parameters: flowid 243 _base_rtt=11685600 _base_bdp=146070 _bdp=146070 _min_cwnd=4150 _maxwnd=219105 _cwnd=219105
Initialize per-instance NSCC parameters: flowid 244 _base_rtt=11685600 _base_bdp=146070 _bdp=146070 _min_cwnd=4150 _maxwnd=219105 _cwnd=219105
Initialize per-instance NSCC parameters: flowid 245 _base_rtt=11685600 _base_bdp=146070 _bdp=146070 _min_cwnd=4150 _maxwnd=219105 _cwnd=219105
Initialize per-instance NSCC parameters: flowid 246 _base_rtt=11685600 _base_bdp=146070 _bdp=146070 _min_cwnd=4150 _maxwnd=219105 _cwnd=219105
Initialize per-instance NSCC parameters: flowid 247 _base_rtt=11685600 _base_bdp=146070 _bdp=146070 _min_cwnd=4150 _maxwnd=219105 _cwnd=219105
Initialize per-instance NSCC parameters: flowid 248 _base_rtt=11685600 _base_bdp=146070 _bdp=146070 _min_cwnd=4150 _maxwnd=219105 _cwnd=219105
Initialize per-instance NSCC parameters: flowid 249 _base_rtt=11685600 _base_bdp=146070 _bdp=146070 _min_cwnd=4150 _maxwnd=219105 _cwnd=219105
Initialize per-instance NSCC parameters: flowid 250 _base_rtt=11685600 _base_bdp=146070 _bdp=146070 _min_cwnd=4150 _maxwnd=219105 _cwnd=219105
Initialize per-instance NSCC parameters: flowid 251 _base_rtt=11685600 _base_bdp=146070 _bdp=146070 _min_cwnd=4150 _maxwnd=219105 _cwnd=219105
Initialize per-instance NSCC parameters: flowid 252 _base_rtt=11685600 _base_bdp=146070 _bdp=146070 _min_cwnd=4150 _maxwnd=219105 _cwnd=219105
Initialize per-instance NSCC parameters: flowid 253 _base_rtt=11685600 _base_bdp=146070 _bdp=146070 _min_cwnd=4150 _maxwnd=219105 _cwnd=219105
Initialize per-instance NSCC parameters: flowid 254 _base_rtt=11685600 _base_bdp=146070 _bdp=146070 _min_cwnd=4150 _maxwnd=219105 _cwnd=219105
Initialize per-instance NSCC parameters: flowid 255 _base_rtt=11685600 _base_bdp=146070 _bdp=146070 _min_cwnd=4150 _maxwnd=219105 _cwnd=219105
Initialize per-instance NSCC parameters: flowid 256 _base_rtt=11685600 _base_bdp=146070 _bdp=146070 _min_cwnd=4150 _maxwnd=219105 _cwnd=219105
Initialize per-instance NSCC parameters: flowid 257 _base_rtt=11685600 _base_bdp=146070 _bdp=146070 _min_cwnd=4150 _maxwnd=219105 _cwnd=219105
Initialize per-instance NSCC parameters: flowid 258 _base_rtt=11685600 _base_bdp=146070 _bdp=146070 _min_cwnd=4150 _maxwnd=219105 _cwnd=219105
Initialize per-instance NSCC parameters: flowid 259 _base_rtt=11685600 _base_bdp=146070 _bdp=146070 _min_cwnd=4150 _maxwnd=219105 _cwnd=219105
Initialize per-instance NSCC parameters: flowid 260 _base_rtt=11685600 _base_bdp=146070 _bdp=146070 _min_cwnd=4150 _maxwnd=219105 _cwnd=219105
Initialize per-instance NSCC parameters: flowid 261 _base_rtt=11685600 _base_bdp=146070 _bdp=146070 _min_cwnd=4150 _maxwnd=219105 _cwnd=219105
Initialize per-instance NSCC parameters: flowid 262 _base_rtt=11685600 _base_bdp=146070 _bdp=146070 _min_cwnd=4150 _maxwnd=219105 _cwnd=219105
Initialize per-instance NSCC parameters: flowid 263 _base_rtt=11685600 _base_bdp=146070 _bdp=146070 _min_cwnd=4150 _maxwnd=219105 _cwnd=219105
Initialize per-instance NSCC parameters: flowid 264 _base_rtt=11685600 _base_bdp=146070 _bdp=146070 _min_cwnd=4150 _maxwnd=219105 _cwnd=219105
Initialize per-instance NSCC parameters: flowid 265 _base_rtt=11685600 _base_bdp=146070 _bdp=146070 _min_cwnd=4150 _maxwnd=219105 _cwnd=219105
Initialize per-instance NSCC parameters: flowid 266 _base_rtt=11685600 _base_bdp=146070 _bdp=146070 _min_cwnd=4150 _maxwnd=219105 _cwnd=219105
Initialize per-instance NSCC parameters: flowid 267 _base_rtt=11685600 _base_bdp=146070 _bdp=146070 _min_cwnd=4150 _maxwnd=219105 _cwnd=219105
Initialize per-instance NSCC parameters: flowid 268 _base_rtt=11685600 _base_bdp=146070 _bdp=146070 _min_cwnd=4150 _maxwnd=219105 _cwnd=219105
Initialize per-instance NSCC parameters: flowid 269 _base_rtt=11685600 _base_bdp=146070 _bdp=146070 _min_cwnd=4150 _maxwnd=219105 _cwnd=219105
Initialize per-instance NSCC parameters: flowid 270 _base_rtt=11685600 _base_bdp=146070 _bdp=146070 _min_cwnd=4150 _maxwnd=219105 _cwnd=219105
Initialize per-instance NSCC parameters: flowid 271 _base_rtt=11685600 _base_bdp=146070 _bdp=146070 _min_cwnd=4150 _maxwnd=219105 _cwnd=219105
Initialize per-instance NSCC parameters: flowid 272 _base_rtt=11685600 _base_bdp=146070 _bdp=146070 _min_cwnd=4150 _maxwnd=219105 _cwnd=219105
Initialize per-instance NSCC parameters: flowid 273 _base_rtt=11685600 _base_bdp=146070 _bdp=146070 _min_cwnd=4150 _maxwnd=219105 _cwnd=219105
Initialize per-instance NSCC parameters: flowid 274 _base_rtt=11685600 _base_bdp=146070 _bdp=146070 _min_cwnd=4150 _maxwnd=219105 _cwnd=219105
Initialize per-instance NSCC parameters: flowid 275 _base_rtt=11685600 _base_bdp=146070 _bdp=146070 _min_cwnd=4150 _maxwnd=219105 _cwnd=219105
Initialize per-instance NSCC parameters: flowid 276 _base_rtt=11685600 _base_bdp=146070 _bdp=146070 _min_cwnd=4150 _maxwnd=219105 _cwnd=219105
Initialize per-instance NSCC parameters: flowid 277 _base_rtt=11685600 _base_bdp=146070 _bdp=146070 _min_cwnd=4150 _maxwnd=219105 _cwnd=219105
Initialize per-instance NSCC parameters: flowid 278 _base_rtt=11685600 _base_bdp=146070 _bdp=146070 _min_cwnd=4150 _maxwnd=219105 _cwnd=219105
Initialize per-instance NSCC parameters: flowid 279 _base_rtt=11685600 _base_bdp=146070 _bdp=146070 _min_cwnd=4150 _maxwnd=219105 _cwnd=219105
Initialize per-instance NSCC parameters: flowid 280 _base_rtt=11685600 _base_bdp=146070 _bdp=146070 _min_cwnd=4150 _maxwnd=219105 _cwnd=219105
Initialize per-instance NSCC parameters: flowid 281 _base_rtt=11685600 _base_bdp=146070 _bdp=146070 _min_cwnd=4150 _maxwnd=219105 _cwnd=219105
Initialize per-instance NSCC parameters: flowid 282 _base_rtt=11685600 _base_bdp=146070 _bdp=146070 _min_cwnd=4150 _maxwnd=219105 _cwnd=219105
Initialize per-instance NSCC parameters: flowid 283 _base_rtt=11685600 _base_bdp=146070 _bdp=146070 _min_cwnd=4150 _maxwnd=219105 _cwnd=219105
Initialize per-instance NSCC parameters: flowid 284 _base_rtt=11685600 _base_bdp=146070 _bdp=146070 _min_cwnd=4150 _maxwnd=219105 _cwnd=219105
Initialize per-instance NSCC parameters: flowid 285 _base_rtt=11685600 _base_bdp=146070 _bdp=146070 _min_cwnd=4150 _maxwnd=219105 _cwnd=219105
Initialize per-instance NSCC parameters: flowid 286 _base_rtt=11685600 _base_bdp=146070 _bdp=146070 _min_cwnd=4150 _maxwnd=219105 _cwnd=219105
Initialize per-instance NSCC parameters: flowid 287 _base_rtt=11685600 _base_bdp=146070 _bdp=146070 _min_cwnd=4150 _maxwnd=219105 _cwnd=219105
Initialize per-instance NSCC parameters: flowid 288 _base_rtt=11685600 _base_bdp=146070 _bdp=146070 _min_cwnd=4150 _maxwnd=219105 _cwnd=219105
Initialize per-instance NSCC parameters: flowid 289 _base_rtt=11685600 _base_bdp=146070 _bdp=146070 _min_cwnd=4150 _maxwnd=219105 _cwnd=219105
Initialize per-instance NSCC parameters: flowid 290 _base_rtt=11685600 _base_bdp=146070 _bdp=146070 _min_cwnd=4150 _maxwnd=219105 _cwnd=219105
Initialize per-instance NSCC parameters: flowid 291 _base_rtt=11685600 _base_bdp=146070 _bdp=146070 _min_cwnd=4150 _maxwnd=219105 _cwnd=219105
Initialize per-instance NSCC parameters: flowid 292 _base_rtt=11685600 _base_bdp=146070 _bdp=146070 _min_cwnd=4150 _maxwnd=219105 _cwnd=219105
Initialize per-instance NSCC parameters: flowid 293 _base_rtt=11685600 _base_bdp=146070 _bdp=146070 _min_cwnd=4150 _maxwnd=219105 _cwnd=219105
Initialize per-instance NSCC parameters: flowid 294 _base_rtt=11685600 _base_bdp=146070 _bdp=146070 _min_cwnd=4150 _maxwnd=219105 _cwnd=219105
Initialize per-instance NSCC parameters: flowid 295 _base_rtt=11685600 _base_bdp=146070 _bdp=146070 _min_cwnd=4150 _maxwnd=219105 _cwnd=219105
Initialize per-instance NSCC parameters: flowid 296 _base_rtt=11685600 _base_bdp=146070 _bdp=146070 _min_cwnd=4150 _maxwnd=219105 _cwnd=219105
Initialize per-instance NSCC parameters: flowid 297 _base_rtt=11685600 _base_bdp=146070 _bdp=146070 _min_cwnd=4150 _maxwnd=219105 _cwnd=219105
Initialize per-instance NSCC parameters: flowid 298 _base_rtt=11685600 _base_bdp=146070 _bdp=146070 _min_cwnd=4150 _maxwnd=219105 _cwnd=219105
Initialize per-instance NSCC parameters: flowid 299 _base_rtt=11685600 _base_bdp=146070 _bdp=146070 _min_cwnd=4150 _maxwnd=219105 _cwnd=219105
Initialize per-instance NSCC parameters: flowid 300 _base_rtt=11685600 _base_bdp=146070 _bdp=146070 _min_cwnd=4150 _maxwnd=219105 _cwnd=219105
Initialize per-instance NSCC parameters: flowid 301 _base_rtt=11685600 _base_bdp=146070 _bdp=146070 _min_cwnd=4150 _maxwnd=219105 _cwnd=219105
Initialize per-instance NSCC parameters: flowid 302 _base_rtt=11685600 _base_bdp=146070 _bdp=146070 _min_cwnd=4150 _maxwnd=219105 _cwnd=219105
Initialize per-instance NSCC parameters: flowid 303 _base_rtt=11685600 _base_bdp=146070 _bdp=146070 _min_cwnd=4150 _maxwnd=219105 _cwnd=219105
Initialize per-instance NSCC parameters: flowid 304 _base_rtt=11685600 _base_bdp=146070 _bdp=146070 _min_cwnd=4150 _maxwnd=219105 _cwnd=219105
Initialize per-instance NSCC parameters: flowid 305 _base_rtt=11685600 _base_bdp=146070 _bdp=146070 _min_cwnd=4150 _maxwnd=219105 _cwnd=219105
Initialize per-instance NSCC parameters: flowid 306 _base_rtt=11685600 _base_bdp=146070 _bdp=146070 _min_cwnd=4150 _maxwnd=219105 _cwnd=219105
Initialize per-instance NSCC parameters: flowid 307 _base_rtt=11685600 _base_bdp=146070 _bdp=146070 _min_cwnd=4150 _maxwnd=219105 _cwnd=219105
Initialize per-instance NSCC parameters: flowid 308 _base_rtt=11685600 _base_bdp=146070 _bdp=146070 _min_cwnd=4150 _maxwnd=219105 _cwnd=219105
Initialize per-instance NSCC parameters: flowid 309 _base_rtt=11685600 _base_bdp=146070 _bdp=146070 _min_cwnd=4150 _maxwnd=219105 _cwnd=219105
Initialize per-instance NSCC parameters: flowid 310 _base_rtt=11685600 _base_bdp=146070 _bdp=146070 _min_cwnd=4150 _maxwnd=219105 _cwnd=219105
Initialize per-instance NSCC parameters: flowid 311 _base_rtt=11685600 _base_bdp=146070 _bdp=146070 _min_cwnd=4150 _maxwnd=219105 _cwnd=219105
Initialize per-instance NSCC parameters: flowid 312 _base_rtt=11685600 _base_bdp=146070 _bdp=146070 _min_cwnd=4150 _maxwnd=219105 _cwnd=219105
Initialize per-instance NSCC parameters: flowid 313 _base_rtt=11685600 _base_bdp=146070 _bdp=146070 _min_cwnd=4150 _maxwnd=219105 _cwnd=219105
Initialize per-instance NSCC parameters: flowid 314 _base_rtt=11685600 _base_bdp=146070 _bdp=146070 _min_cwnd=4150 _maxwnd=219105 _cwnd=219105
Initialize per-instance NSCC parameters: flowid 315 _base_rtt=11685600 _base_bdp=146070 _bdp=146070 _min_cwnd=4150 _maxwnd=219105 _cwnd=219105
Initialize per-instance NSCC parameters: flowid 316 _base_rtt=11685600 _base_bdp=146070 _bdp=146070 _min_cwnd=4150 _maxwnd=219105 _cwnd=219105
Initialize per-instance NSCC parameters: flowid 317 _base_rtt=11685600 _base_bdp=146070 _bdp=146070 _min_cwnd=4150 _maxwnd=219105 _cwnd=219105
Initialize per-instance NSCC parameters: flowid 318 _base_rtt=11685600 _base_bdp=146070 _bdp=146070 _min_cwnd=4150 _maxwnd=219105 _cwnd=219105
Initialize per-instance NSCC parameters: flowid 319 _base_rtt=11685600 _base_bdp=146070 _bdp=146070 _min_cwnd=4150 _maxwnd=219105 _cwnd=219105
Initialize per-instance NSCC parameters: flowid 320 _base_rtt=11685600 _base_bdp=146070 _bdp=146070 _min_cwnd=4150 _maxwnd=219105 _cwnd=219105
Initialize per-instance NSCC parameters: flowid 321 _base_rtt=11685600 _base_bdp=146070 _bdp=146070 _min_cwnd=4150 _maxwnd=219105 _cwnd=219105
Initialize per-instance NSCC parameters: flowid 322 _base_rtt=11685600 _base_bdp=146070 _bdp=146070 _min_cwnd=4150 _maxwnd=219105 _cwnd=219105
Initialize per-instance NSCC parameters: flowid 323 _base_rtt=11685600 _base_bdp=146070 _bdp=146070 _min_cwnd=4150 _maxwnd=219105 _cwnd=219105
Initialize per-instance NSCC parameters: flowid 324 _base_rtt=11685600 _base_bdp=146070 _bdp=146070 _min_cwnd=4150 _maxwnd=219105 _cwnd=219105
Initialize per-instance NSCC parameters: flowid 325 _base_rtt=11685600 _base_bdp=146070 _bdp=146070 _min_cwnd=4150 _maxwnd=219105 _cwnd=219105
Initialize per-instance NSCC parameters: flowid 326 _base_rtt=11685600 _base_bdp=146070 _bdp=146070 _min_cwnd=4150 _maxwnd=219105 _cwnd=219105
Initialize per-instance NSCC parameters: flowid 327 _base_rtt=11685600 _base_bdp=146070 _bdp=146070 _min_cwnd=4150 _maxwnd=219105 _cwnd=219105
Initialize per-instance NSCC parameters: flowid 328 _base_rtt=11685600 _base_bdp=146070 _bdp=146070 _min_cwnd=4150 _maxwnd=219105 _cwnd=219105
Initialize per-instance NSCC parameters: flowid 329 _base_rtt=11685600 _base_bdp=146070 _bdp=146070 _min_cwnd=4150 _maxwnd=219105 _cwnd=219105
Initialize per-instance NSCC parameters: flowid 330 _base_rtt=11685600 _base_bdp=146070 _bdp=146070 _min_cwnd=4150 _maxwnd=219105 _cwnd=219105
Initialize per-instance NSCC parameters: flowid 331 _base_rtt=11685600 _base_bdp=146070 _bdp=146070 _min_cwnd=4150 _maxwnd=219105 _cwnd=219105
Initialize per-instance NSCC parameters: flowid 332 _base_rtt=11685600 _base_bdp=146070 _bdp=146070 _min_cwnd=4150 _maxwnd=219105 _cwnd=219105
Initialize per-instance NSCC parameters: flowid 333 _base_rtt=11685600 _base_bdp=146070 _bdp=146070 _min_cwnd=4150 _maxwnd=219105 _cwnd=219105
Initialize per-instance NSCC parameters: flowid 334 _base_rtt=11685600 _base_bdp=146070 _bdp=146070 _min_cwnd=4150 _maxwnd=219105 _cwnd=219105
Initialize per-instance NSCC parameters: flowid 335 _base_rtt=11685600 _base_bdp=146070 _bdp=146070 _min_cwnd=4150 _maxwnd=219105 _cwnd=219105
Initialize per-instance NSCC parameters: flowid 336 _base_rtt=11685600 _base_bdp=146070 _bdp=146070 _min_cwnd=4150 _maxwnd=219105 _cwnd=219105
Initialize per-instance NSCC parameters: flowid 337 _base_rtt=11685600 _base_bdp=146070 _bdp=146070 _min_cwnd=4150 _maxwnd=219105 _cwnd=219105
Initialize per-instance NSCC parameters: flowid 338 _base_rtt=11685600 _base_bdp=146070 _bdp=146070 _min_cwnd=4150 _maxwnd=219105 _cwnd=219105
Initialize per-instance NSCC parameters: flowid 339 _base_rtt=11685600 _base_bdp=146070 _bdp=146070 _min_cwnd=4150 _maxwnd=219105 _cwnd=219105
Initialize per-instance NSCC parameters: flowid 340 _base_rtt=11685600 _base_bdp=146070 _bdp=146070 _min_cwnd=4150 _maxwnd=219105 _cwnd=219105
Initialize per-instance NSCC parameters: flowid 341 _base_rtt=11685600 _base_bdp=146070 _bdp=146070 _min_cwnd=4150 _maxwnd=219105 _cwnd=219105
Initialize per-instance NSCC parameters: flowid 342 _base_rtt=11685600 _base_bdp=146070 _bdp=146070 _min_cwnd=4150 _maxwnd=219105 _cwnd=219105
Initialize per-instance NSCC parameters: flowid 343 _base_rtt=11685600 _base_bdp=146070 _bdp=146070 _min_cwnd=4150 _maxwnd=219105 _cwnd=219105
Initialize per-instance NSCC parameters: flowid 344 _base_rtt=11685600 _base_bdp=146070 _bdp=146070 _min_cwnd=4150 _maxwnd=219105 _cwnd=219105
Initialize per-instance NSCC parameters: flowid 345 _base_rtt=11685600 _base_bdp=146070 _bdp=146070 _min_cwnd=4150 _maxwnd=219105 _cwnd=219105
Initialize per-instance NSCC parameters: flowid 346 _base_rtt=11685600 _base_bdp=146070 _bdp=146070 _min_cwnd=4150 _maxwnd=219105 _cwnd=219105
Initialize per-instance NSCC parameters: flowid 347 _base_rtt=11685600 _base_bdp=146070 _bdp=146070 _min_cwnd=4150 _maxwnd=219105 _cwnd=219105
Initialize per-instance NSCC parameters: flowid 348 _base_rtt=11685600 _base_bdp=146070 _bdp=146070 _min_cwnd=4150 _maxwnd=219105 _cwnd=219105
Initialize per-instance NSCC parameters: flowid 349 _base_rtt=11685600 _base_bdp=146070 _bdp=146070 _min_cwnd=4150 _maxwnd=219105 _cwnd=219105
Initialize per-instance NSCC parameters: flowid 350 _base_rtt=11685600 _base_bdp=146070 _bdp=146070 _min_cwnd=4150 _maxwnd=219105 _cwnd=219105
Initialize per-instance NSCC parameters: flowid 351 _base_rtt=11685600 _base_bdp=146070 _bdp=146070 _min_cwnd=4150 _maxwnd=219105 _cwnd=219105
Initialize per-instance NSCC parameters: flowid 352 _base_rtt=11685600 _base_bdp=146070 _bdp=146070 _min_cwnd=4150 _maxwnd=219105 _cwnd=219105
Initialize per-instance NSCC parameters: flowid 353 _base_rtt=11685600 _base_bdp=146070 _bdp=146070 _min_cwnd=4150 _maxwnd=219105 _cwnd=219105
Initialize per-instance NSCC parameters: flowid 354 _base_rtt=11685600 _base_bdp=146070 _bdp=146070 _min_cwnd=4150 _maxwnd=219105 _cwnd=219105
Initialize per-instance NSCC parameters: flowid 355 _base_rtt=11685600 _base_bdp=146070 _bdp=146070 _min_cwnd=4150 _maxwnd=219105 _cwnd=219105
Initialize per-instance NSCC parameters: flowid 356 _base_rtt=11685600 _base_bdp=146070 _bdp=146070 _min_cwnd=4150 _maxwnd=219105 _cwnd=219105
Initialize per-instance NSCC parameters: flowid 357 _base_rtt=11685600 _base_bdp=146070 _bdp=146070 _min_cwnd=4150 _maxwnd=219105 _cwnd=219105
Initialize per-instance NSCC parameters: flowid 358 _base_rtt=11685600 _base_bdp=146070 _bdp=146070 _min_cwnd=4150 _maxwnd=219105 _cwnd=219105
Initialize per-instance NSCC parameters: flowid 359 _base_rtt=11685600 _base_bdp=146070 _bdp=146070 _min_cwnd=4150 _maxwnd=219105 _cwnd=219105
Initialize per-instance NSCC parameters: flowid 360 _base_rtt=11685600 _base_bdp=146070 _bdp=146070 _min_cwnd=4150 _maxwnd=219105 _cwnd=219105
Initialize per-instance NSCC parameters: flowid 361 _base_rtt=11685600 _base_bdp=146070 _bdp=146070 _min_cwnd=4150 _maxwnd=219105 _cwnd=219105
Initialize per-instance NSCC parameters: flowid 362 _base_rtt=11685600 _base_bdp=146070 _bdp=146070 _min_cwnd=4150 _maxwnd=219105 _cwnd=219105
Initialize per-instance NSCC parameters: flowid 363 _base_rtt=11685600 _base_bdp=146070 _bdp=146070 _min_cwnd=4150 _maxwnd=219105 _cwnd=219105
Initialize per-instance NSCC parameters: flowid 364 _base_rtt=11685600 _base_bdp=146070 _bdp=146070 _min_cwnd=4150 _maxwnd=219105 _cwnd=219105
Initialize per-instance NSCC parameters: flowid 365 _base_rtt=11685600 _base_bdp=146070 _bdp=146070 _min_cwnd=4150 _maxwnd=219105 _cwnd=219105
Initialize per-instance NSCC parameters: flowid 366 _base_rtt=11685600 _base_bdp=146070 _bdp=146070 _min_cwnd=4150 _maxwnd=219105 _cwnd=219105
Initialize per-instance NSCC parameters: flowid 367 _base_rtt=11685600 _base_bdp=146070 _bdp=146070 _min_cwnd=4150 _maxwnd=219105 _cwnd=219105
Initialize per-instance NSCC parameters: flowid 368 _base_rtt=11685600 _base_bdp=146070 _bdp=146070 _min_cwnd=4150 _maxwnd=219105 _cwnd=219105
Initialize per-instance NSCC parameters: flowid 369 _base_rtt=11685600 _base_bdp=146070 _bdp=146070 _min_cwnd=4150 _maxwnd=219105 _cwnd=219105
Initialize per-instance NSCC parameters: flowid 370 _base_rtt=11685600 _base_bdp=146070 _bdp=146070 _min_cwnd=4150 _maxwnd=219105 _cwnd=219105
Initialize per-instance NSCC parameters: flowid 371 _base_rtt=11685600 _base_bdp=146070 _bdp=146070 _min_cwnd=4150 _maxwnd=219105 _cwnd=219105
Initialize per-instance NSCC parameters: flowid 372 _base_rtt=11685600 _base_bdp=146070 _bdp=146070 _min_cwnd=4150 _maxwnd=219105 _cwnd=219105
Initialize per-instance NSCC parameters: flowid 373 _base_rtt=11685600 _base_bdp=146070 _bdp=146070 _min_cwnd=4150 _maxwnd=219105 _cwnd=219105
Initialize per-instance NSCC parameters: flowid 374 _base_rtt=11685600 _base_bdp=146070 _bdp=146070 _min_cwnd=4150 _maxwnd=219105 _cwnd=219105
Initialize per-instance NSCC parameters: flowid 375 _base_rtt=11685600 _base_bdp=146070 _bdp=146070 _min_cwnd=4150 _maxwnd=219105 _cwnd=219105
Initialize per-instance NSCC parameters: flowid 376 _base_rtt=11685600 _base_bdp=146070 _bdp=146070 _min_cwnd=4150 _maxwnd=219105 _cwnd=219105
Initialize per-instance NSCC parameters: flowid 377 _base_rtt=11685600 _base_bdp=146070 _bdp=146070 _min_cwnd=4150 _maxwnd=219105 _cwnd=219105
Initialize per-instance NSCC parameters: flowid 378 _base_rtt=11685600 _base_bdp=146070 _bdp=146070 _min_cwnd=4150 _maxwnd=219105 _cwnd=219105
Initialize per-instance NSCC parameters: flowid 379 _base_rtt=11685600 _base_bdp=146070 _bdp=146070 _min_cwnd=4150 _maxwnd=219105 _cwnd=219105
Initialize per-instance NSCC parameters: flowid 380 _base_rtt=11685600 _base_bdp=146070 _bdp=146070 _min_cwnd=4150 _maxwnd=219105 _cwnd=219105
Initialize per-instance NSCC parameters: flowid 381 _base_rtt=11685600 _base_bdp=146070 _bdp=146070 _min_cwnd=4150 _maxwnd=219105 _cwnd=219105
Initialize per-instance NSCC parameters: flowid 382 _base_rtt=11685600 _base_bdp=146070 _bdp=146070 _min_cwnd=4150 _maxwnd=219105 _cwnd=219105
Initialize per-instance NSCC parameters: flowid 383 _base_rtt=11685600 _base_bdp=146070 _bdp=146070 _min_cwnd=4150 _maxwnd=219105 _cwnd=219105
Initialize per-instance NSCC parameters: flowid 384 _base_rtt=11685600 _base_bdp=146070 _bdp=146070 _min_cwnd=4150 _maxwnd=219105 _cwnd=219105
Initialize per-instance NSCC parameters: flowid 385 _base_rtt=11685600 _base_bdp=146070 _bdp=146070 _min_cwnd=4150 _maxwnd=219105 _cwnd=219105
Initialize per-instance NSCC parameters: flowid 386 _base_rtt=11685600 _base_bdp=146070 _bdp=146070 _min_cwnd=4150 _maxwnd=219105 _cwnd=219105
Initialize per-instance NSCC parameters: flowid 387 _base_rtt=11685600 _base_bdp=146070 _bdp=146070 _min_cwnd=4150 _maxwnd=219105 _cwnd=219105
Initialize per-instance NSCC parameters: flowid 388 _base_rtt=11685600 _base_bdp=146070 _bdp=146070 _min_cwnd=4150 _maxwnd=219105 _cwnd=219105
Initialize per-instance NSCC parameters: flowid 389 _base_rtt=11685600 _base_bdp=146070 _bdp=146070 _min_cwnd=4150 _maxwnd=219105 _cwnd=219105
Initialize per-instance NSCC parameters: flowid 390 _base_rtt=11685600 _base_bdp=146070 _bdp=146070 _min_cwnd=4150 _maxwnd=219105 _cwnd=219105
Initialize per-instance NSCC parameters: flowid 391 _base_rtt=11685600 _base_bdp=146070 _bdp=146070 _min_cwnd=4150 _maxwnd=219105 _cwnd=219105
Initialize per-instance NSCC parameters: flowid 392 _base_rtt=11685600 _base_bdp=146070 _bdp=146070 _min_cwnd=4150 _maxwnd=219105 _cwnd=219105
Initialize per-instance NSCC parameters: flowid 393 _base_rtt=11685600 _base_bdp=146070 _bdp=146070 _min_cwnd=4150 _maxwnd=219105 _cwnd=219105
Initialize per-instance NSCC parameters: flowid 394 _base_rtt=11685600 _base_bdp=146070 _bdp=146070 _min_cwnd=4150 _maxwnd=219105 _cwnd=219105
Initialize per-instance NSCC parameters: flowid 395 _base_rtt=11685600 _base_bdp=146070 _bdp=146070 _min_cwnd=4150 _maxwnd=219105 _cwnd=219105
Initialize per-instance NSCC parameters: flowid 396 _base_rtt=11685600 _base_bdp=146070 _bdp=146070 _min_cwnd=4150 _maxwnd=219105 _cwnd=219105
Initialize per-instance NSCC parameters: flowid 397 _base_rtt=11685600 _base_bdp=146070 _bdp=146070 _min_cwnd=4150 _maxwnd=219105 _cwnd=219105
Initialize per-instance NSCC parameters: flowid 398 _base_rtt=11685600 _base_bdp=146070 _bdp=146070 _min_cwnd=4150 _maxwnd=219105 _cwnd=219105
Initialize per-instance NSCC parameters: flowid 399 _base_rtt=11685600 _base_bdp=146070 _bdp=146070 _min_cwnd=4150 _maxwnd=219105 _cwnd=219105
Initialize per-instance NSCC parameters: flowid 400 _base_rtt=11685600 _base_bdp=146070 _bdp=146070 _min_cwnd=4150 _maxwnd=219105 _cwnd=219105
Initialize per-instance NSCC parameters: flowid 401 _base_rtt=11685600 _base_bdp=146070 _bdp=146070 _min_cwnd=4150 _maxwnd=219105 _cwnd=219105
Initialize per-instance NSCC parameters: flowid 402 _base_rtt=11685600 _base_bdp=146070 _bdp=146070 _min_cwnd=4150 _maxwnd=219105 _cwnd=219105
Initialize per-instance NSCC parameters: flowid 403 _base_rtt=11685600 _base_bdp=146070 _bdp=146070 _min_cwnd=4150 _maxwnd=219105 _cwnd=219105
Initialize per-instance NSCC parameters: flowid 404 _base_rtt=11685600 _base_bdp=146070 _bdp=146070 _min_cwnd=4150 _maxwnd=219105 _cwnd=219105
Initialize per-instance NSCC parameters: flowid 405 _base_rtt=11685600 _base_bdp=146070 _bdp=146070 _min_cwnd=4150 _maxwnd=219105 _cwnd=219105
Initialize per-instance NSCC parameters: flowid 406 _base_rtt=11685600 _base_bdp=146070 _bdp=146070 _min_cwnd=4150 _maxwnd=219105 _cwnd=219105
Initialize per-instance NSCC parameters: flowid 407 _base_rtt=11685600 _base_bdp=146070 _bdp=146070 _min_cwnd=4150 _maxwnd=219105 _cwnd=219105
Initialize per-instance NSCC parameters: flowid 408 _base_rtt=11685600 _base_bdp=146070 _bdp=146070 _min_cwnd=4150 _maxwnd=219105 _cwnd=219105
Initialize per-instance NSCC parameters: flowid 409 _base_rtt=11685600 _base_bdp=146070 _bdp=146070 _min_cwnd=4150 _maxwnd=219105 _cwnd=219105
Initialize per-instance NSCC parameters: flowid 410 _base_rtt=11685600 _base_bdp=146070 _bdp=146070 _min_cwnd=4150 _maxwnd=219105 _cwnd=219105
Initialize per-instance NSCC parameters: flowid 411 _base_rtt=11685600 _base_bdp=146070 _bdp=146070 _min_cwnd=4150 _maxwnd=219105 _cwnd=219105
Initialize per-instance NSCC parameters: flowid 412 _base_rtt=11685600 _base_bdp=146070 _bdp=146070 _min_cwnd=4150 _maxwnd=219105 _cwnd=219105
Initialize per-instance NSCC parameters: flowid 413 _base_rtt=11685600 _base_bdp=146070 _bdp=146070 _min_cwnd=4150 _maxwnd=219105 _cwnd=219105
Initialize per-instance NSCC parameters: flowid 414 _base_rtt=11685600 _base_bdp=146070 _bdp=146070 _min_cwnd=4150 _maxwnd=219105 _cwnd=219105
Initialize per-instance NSCC parameters: flowid 415 _base_rtt=11685600 _base_bdp=146070 _bdp=146070 _min_cwnd=4150 _maxwnd=219105 _cwnd=219105
Initialize per-instance NSCC parameters: flowid 416 _base_rtt=11685600 _base_bdp=146070 _bdp=146070 _min_cwnd=4150 _maxwnd=219105 _cwnd=219105
Initialize per-instance NSCC parameters: flowid 417 _base_rtt=11685600 _base_bdp=146070 _bdp=146070 _min_cwnd=4150 _maxwnd=219105 _cwnd=219105
Initialize per-instance NSCC parameters: flowid 418 _base_rtt=11685600 _base_bdp=146070 _bdp=146070 _min_cwnd=4150 _maxwnd=219105 _cwnd=219105
Initialize per-instance NSCC parameters: flowid 419 _base_rtt=11685600 _base_bdp=146070 _bdp=146070 _min_cwnd=4150 _maxwnd=219105 _cwnd=219105
Initialize per-instance NSCC parameters: flowid 420 _base_rtt=11685600 _base_bdp=146070 _bdp=146070 _min_cwnd=4150 _maxwnd=219105 _cwnd=219105
Initialize per-instance NSCC parameters: flowid 421 _base_rtt=11685600 _base_bdp=146070 _bdp=146070 _min_cwnd=4150 _maxwnd=219105 _cwnd=219105
Initialize per-instance NSCC parameters: flowid 422 _base_rtt=11685600 _base_bdp=146070 _bdp=146070 _min_cwnd=4150 _maxwnd=219105 _cwnd=219105
Initialize per-instance NSCC parameters: flowid 423 _base_rtt=11685600 _base_bdp=146070 _bdp=146070 _min_cwnd=4150 _maxwnd=219105 _cwnd=219105
Initialize per-instance NSCC parameters: flowid 424 _base_rtt=11685600 _base_bdp=146070 _bdp=146070 _min_cwnd=4150 _maxwnd=219105 _cwnd=219105
Initialize per-instance NSCC parameters: flowid 425 _base_rtt=11685600 _base_bdp=146070 _bdp=146070 _min_cwnd=4150 _maxwnd=219105 _cwnd=219105
Initialize per-instance NSCC parameters: flowid 426 _base_rtt=11685600 _base_bdp=146070 _bdp=146070 _min_cwnd=4150 _maxwnd=219105 _cwnd=219105
Initialize per-instance NSCC parameters: flowid 427 _base_rtt=11685600 _base_bdp=146070 _bdp=146070 _min_cwnd=4150 _maxwnd=219105 _cwnd=219105
Initialize per-instance NSCC parameters: flowid 428 _base_rtt=11685600 _base_bdp=146070 _bdp=146070 _min_cwnd=4150 _maxwnd=219105 _cwnd=219105
Initialize per-instance NSCC parameters: flowid 429 _base_rtt=11685600 _base_bdp=146070 _bdp=146070 _min_cwnd=4150 _maxwnd=219105 _cwnd=219105
Initialize per-instance NSCC parameters: flowid 430 _base_rtt=11685600 _base_bdp=146070 _bdp=146070 _min_cwnd=4150 _maxwnd=219105 _cwnd=219105
Initialize per-instance NSCC parameters: flowid 431 _base_rtt=11685600 _base_bdp=146070 _bdp=146070 _min_cwnd=4150 _maxwnd=219105 _cwnd=219105
Initialize per-instance NSCC parameters: flowid 432 _base_rtt=11685600 _base_bdp=146070 _bdp=146070 _min_cwnd=4150 _maxwnd=219105 _cwnd=219105
Initialize per-instance NSCC parameters: flowid 433 _base_rtt=11685600 _base_bdp=146070 _bdp=146070 _min_cwnd=4150 _maxwnd=219105 _cwnd=219105
Initialize per-instance NSCC parameters: flowid 434 _base_rtt=11685600 _base_bdp=146070 _bdp=146070 _min_cwnd=4150 _maxwnd=219105 _cwnd=219105
Initialize per-instance NSCC parameters: flowid 435 _base_rtt=11685600 _base_bdp=146070 _bdp=146070 _min_cwnd=4150 _maxwnd=219105 _cwnd=219105
Initialize per-instance NSCC parameters: flowid 436 _base_rtt=11685600 _base_bdp=146070 _bdp=146070 _min_cwnd=4150 _maxwnd=219105 _cwnd=219105
Initialize per-instance NSCC parameters: flowid 437 _base_rtt=11685600 _base_bdp=146070 _bdp=146070 _min_cwnd=4150 _maxwnd=219105 _cwnd=219105
Initialize per-instance NSCC parameters: flowid 438 _base_rtt=11685600 _base_bdp=146070 _bdp=146070 _min_cwnd=4150 _maxwnd=219105 _cwnd=219105
Initialize per-instance NSCC parameters: flowid 439 _base_rtt=11685600 _base_bdp=146070 _bdp=146070 _min_cwnd=4150 _maxwnd=219105 _cwnd=219105
Initialize per-instance NSCC parameters: flowid 440 _base_rtt=11685600 _base_bdp=146070 _bdp=146070 _min_cwnd=4150 _maxwnd=219105 _cwnd=219105
Initialize per-instance NSCC parameters: flowid 441 _base_rtt=11685600 _base_bdp=146070 _bdp=146070 _min_cwnd=4150 _maxwnd=219105 _cwnd=219105
Initialize per-instance NSCC parameters: flowid 442 _base_rtt=11685600 _base_bdp=146070 _bdp=146070 _min_cwnd=4150 _maxwnd=219105 _cwnd=219105
Initialize per-instance NSCC parameters: flowid 443 _base_rtt=11685600 _base_bdp=146070 _bdp=146070 _min_cwnd=4150 _maxwnd=219105 _cwnd=219105
Initialize per-instance NSCC parameters: flowid 444 _base_rtt=11685600 _base_bdp=146070 _bdp=146070 _min_cwnd=4150 _maxwnd=219105 _cwnd=219105
Initialize per-instance NSCC parameters: flowid 445 _base_rtt=11685600 _base_bdp=146070 _bdp=146070 _min_cwnd=4150 _maxwnd=219105 _cwnd=219105
Initialize per-instance NSCC parameters: flowid 446 _base_rtt=11685600 _base_bdp=146070 _bdp=146070 _min_cwnd=4150 _maxwnd=219105 _cwnd=219105
Initialize per-instance NSCC parameters: flowid 447 _base_rtt=11685600 _base_bdp=146070 _bdp=146070 _min_cwnd=4150 _maxwnd=219105 _cwnd=219105
Initialize per-instance NSCC parameters: flowid 448 _base_rtt=11685600 _base_bdp=146070 _bdp=146070 _min_cwnd=4150 _maxwnd=219105 _cwnd=219105
Initialize per-instance NSCC parameters: flowid 449 _base_rtt=11685600 _base_bdp=146070 _bdp=146070 _min_cwnd=4150 _maxwnd=219105 _cwnd=219105
Initialize per-instance NSCC parameters: flowid 450 _base_rtt=11685600 _base_bdp=146070 _bdp=146070 _min_cwnd=4150 _maxwnd=219105 _cwnd=219105
Initialize per-instance NSCC parameters: flowid 451 _base_rtt=11685600 _base_bdp=146070 _bdp=146070 _min_cwnd=4150 _maxwnd=219105 _cwnd=219105
Initialize per-instance NSCC parameters: flowid 452 _base_rtt=11685600 _base_bdp=146070 _bdp=146070 _min_cwnd=4150 _maxwnd=219105 _cwnd=219105
Initialize per-instance NSCC parameters: flowid 453 _base_rtt=11685600 _base_bdp=146070 _bdp=146070 _min_cwnd=4150 _maxwnd=219105 _cwnd=219105
Initialize per-instance NSCC parameters: flowid 454 _base_rtt=11685600 _base_bdp=146070 _bdp=146070 _min_cwnd=4150 _maxwnd=219105 _cwnd=219105
Initialize per-instance NSCC parameters: flowid 455 _base_rtt=11685600 _base_bdp=146070 _bdp=146070 _min_cwnd=4150 _maxwnd=219105 _cwnd=219105
Initialize per-instance NSCC parameters: flowid 456 _base_rtt=11685600 _base_bdp=146070 _bdp=146070 _min_cwnd=4150 _maxwnd=219105 _cwnd=219105
Initialize per-instance NSCC parameters: flowid 457 _base_rtt=11685600 _base_bdp=146070 _bdp=146070 _min_cwnd=4150 _maxwnd=219105 _cwnd=219105
Initialize per-instance NSCC parameters: flowid 458 _base_rtt=11685600 _base_bdp=146070 _bdp=146070 _min_cwnd=4150 _maxwnd=219105 _cwnd=219105
Initialize per-instance NSCC parameters: flowid 459 _base_rtt=11685600 _base_bdp=146070 _bdp=146070 _min_cwnd=4150 _maxwnd=219105 _cwnd=219105
Initialize per-instance NSCC parameters: flowid 460 _base_rtt=11685600 _base_bdp=146070 _bdp=146070 _min_cwnd=4150 _maxwnd=219105 _cwnd=219105
Initialize per-instance NSCC parameters: flowid 461 _base_rtt=11685600 _base_bdp=146070 _bdp=146070 _min_cwnd=4150 _maxwnd=219105 _cwnd=219105
Initialize per-instance NSCC parameters: flowid 462 _base_rtt=11685600 _base_bdp=146070 _bdp=146070 _min_cwnd=4150 _maxwnd=219105 _cwnd=219105
Initialize per-instance NSCC parameters: flowid 463 _base_rtt=11685600 _base_bdp=146070 _bdp=146070 _min_cwnd=4150 _maxwnd=219105 _cwnd=219105
Initialize per-instance NSCC parameters: flowid 464 _base_rtt=11685600 _base_bdp=146070 _bdp=146070 _min_cwnd=4150 _maxwnd=219105 _cwnd=219105
Initialize per-instance NSCC parameters: flowid 465 _base_rtt=11685600 _base_bdp=146070 _bdp=146070 _min_cwnd=4150 _maxwnd=219105 _cwnd=219105
Initialize per-instance NSCC parameters: flowid 466 _base_rtt=11685600 _base_bdp=146070 _bdp=146070 _min_cwnd=4150 _maxwnd=219105 _cwnd=219105
Initialize per-instance NSCC parameters: flowid 467 _base_rtt=11685600 _base_bdp=146070 _bdp=146070 _min_cwnd=4150 _maxwnd=219105 _cwnd=219105
Initialize per-instance NSCC parameters: flowid 468 _base_rtt=11685600 _base_bdp=146070 _bdp=146070 _min_cwnd=4150 _maxwnd=219105 _cwnd=219105
Initialize per-instance NSCC parameters: flowid 469 _base_rtt=11685600 _base_bdp=146070 _bdp=146070 _min_cwnd=4150 _maxwnd=219105 _cwnd=219105
Initialize per-instance NSCC parameters: flowid 470 _base_rtt=11685600 _base_bdp=146070 _bdp=146070 _min_cwnd=4150 _maxwnd=219105 _cwnd=219105
Initialize per-instance NSCC parameters: flowid 471 _base_rtt=11685600 _base_bdp=146070 _bdp=146070 _min_cwnd=4150 _maxwnd=219105 _cwnd=219105
Initialize per-instance NSCC parameters: flowid 472 _base_rtt=11685600 _base_bdp=146070 _bdp=146070 _min_cwnd=4150 _maxwnd=219105 _cwnd=219105
Initialize per-instance NSCC parameters: flowid 473 _base_rtt=11685600 _base_bdp=146070 _bdp=146070 _min_cwnd=4150 _maxwnd=219105 _cwnd=219105
Initialize per-instance NSCC parameters: flowid 474 _base_rtt=11685600 _base_bdp=146070 _bdp=146070 _min_cwnd=4150 _maxwnd=219105 _cwnd=219105
Initialize per-instance NSCC parameters: flowid 475 _base_rtt=11685600 _base_bdp=146070 _bdp=146070 _min_cwnd=4150 _maxwnd=219105 _cwnd=219105
Initialize per-instance NSCC parameters: flowid 476 _base_rtt=11685600 _base_bdp=146070 _bdp=146070 _min_cwnd=4150 _maxwnd=219105 _cwnd=219105
Initialize per-instance NSCC parameters: flowid 477 _base_rtt=11685600 _base_bdp=146070 _bdp=146070 _min_cwnd=4150 _maxwnd=219105 _cwnd=219105
Initialize per-instance NSCC parameters: flowid 478 _base_rtt=11685600 _base_bdp=146070 _bdp=146070 _min_cwnd=4150 _maxwnd=219105 _cwnd=219105
Initialize per-instance NSCC parameters: flowid 479 _base_rtt=11685600 _base_bdp=146070 _bdp=146070 _min_cwnd=4150 _maxwnd=219105 _cwnd=219105
Initialize per-instance NSCC parameters: flowid 480 _base_rtt=11685600 _base_bdp=146070 _bdp=146070 _min_cwnd=4150 _maxwnd=219105 _cwnd=219105
Initialize per-instance NSCC parameters: flowid 481 _base_rtt=11685600 _base_bdp=146070 _bdp=146070 _min_cwnd=4150 _maxwnd=219105 _cwnd=219105
Initialize per-instance NSCC parameters: flowid 482 _base_rtt=11685600 _base_bdp=146070 _bdp=146070 _min_cwnd=4150 _maxwnd=219105 _cwnd=219105
Initialize per-instance NSCC parameters: flowid 483 _base_rtt=11685600 _base_bdp=146070 _bdp=146070 _min_cwnd=4150 _maxwnd=219105 _cwnd=219105
Initialize per-instance NSCC parameters: flowid 484 _base_rtt=11685600 _base_bdp=146070 _bdp=146070 _min_cwnd=4150 _maxwnd=219105 _cwnd=219105
Initialize per-instance NSCC parameters: flowid 485 _base_rtt=11685600 _base_bdp=146070 _bdp=146070 _min_cwnd=4150 _maxwnd=219105 _cwnd=219105
Initialize per-instance NSCC parameters: flowid 486 _base_rtt=11685600 _base_bdp=146070 _bdp=146070 _min_cwnd=4150 _maxwnd=219105 _cwnd=219105
Initialize per-instance NSCC parameters: flowid 487 _base_rtt=11685600 _base_bdp=146070 _bdp=146070 _min_cwnd=4150 _maxwnd=219105 _cwnd=219105
Initialize per-instance NSCC parameters: flowid 488 _base_rtt=11685600 _base_bdp=146070 _bdp=146070 _min_cwnd=4150 _maxwnd=219105 _cwnd=219105
Initialize per-instance NSCC parameters: flowid 489 _base_rtt=11685600 _base_bdp=146070 _bdp=146070 _min_cwnd=4150 _maxwnd=219105 _cwnd=219105
Initialize per-instance NSCC parameters: flowid 490 _base_rtt=11685600 _base_bdp=146070 _bdp=146070 _min_cwnd=4150 _maxwnd=219105 _cwnd=219105
Initialize per-instance NSCC parameters: flowid 491 _base_rtt=11685600 _base_bdp=146070 _bdp=146070 _min_cwnd=4150 _maxwnd=219105 _cwnd=219105
Initialize per-instance NSCC parameters: flowid 492 _base_rtt=11685600 _base_bdp=146070 _bdp=146070 _min_cwnd=4150 _maxwnd=219105 _cwnd=219105
Initialize per-instance NSCC parameters: flowid 493 _base_rtt=11685600 _base_bdp=146070 _bdp=146070 _min_cwnd=4150 _maxwnd=219105 _cwnd=219105
Initialize per-instance NSCC parameters: flowid 494 _base_rtt=11685600 _base_bdp=146070 _bdp=146070 _min_cwnd=4150 _maxwnd=219105 _cwnd=219105
Initialize per-instance NSCC parameters: flowid 495 _base_rtt=11685600 _base_bdp=146070 _bdp=146070 _min_cwnd=4150 _maxwnd=219105 _cwnd=219105
Initialize per-instance NSCC parameters: flowid 496 _base_rtt=11685600 _base_bdp=146070 _bdp=146070 _min_cwnd=4150 _maxwnd=219105 _cwnd=219105
Initialize per-instance NSCC parameters: flowid 497 _base_rtt=11685600 _base_bdp=146070 _bdp=146070 _min_cwnd=4150 _maxwnd=219105 _cwnd=219105
Initialize per-instance NSCC parameters: flowid 498 _base_rtt=11685600 _base_bdp=146070 _bdp=146070 _min_cwnd=4150 _maxwnd=219105 _cwnd=219105
Initialize per-instance NSCC parameters: flowid 499 _base_rtt=11685600 _base_bdp=146070 _bdp=146070 _min_cwnd=4150 _maxwnd=219105 _cwnd=219105
Initialize per-instance NSCC parameters: flowid 500 _base_rtt=11685600 _base_bdp=146070 _bdp=146070 _min_cwnd=4150 _maxwnd=219105 _cwnd=219105
Initialize per-instance NSCC parameters: flowid 501 _base_rtt=11685600 _base_bdp=146070 _bdp=146070 _min_cwnd=4150 _maxwnd=219105 _cwnd=219105
Initialize per-instance NSCC parameters: flowid 502 _base_rtt=11685600 _base_bdp=146070 _bdp=146070 _min_cwnd=4150 _maxwnd=219105 _cwnd=219105
Initialize per-instance NSCC parameters: flowid 503 _base_rtt=11685600 _base_bdp=146070 _bdp=146070 _min_cwnd=4150 _maxwnd=219105 _cwnd=219105
Initialize per-instance NSCC parameters: flowid 504 _base_rtt=11685600 _base_bdp=146070 _bdp=146070 _min_cwnd=4150 _maxwnd=219105 _cwnd=219105
Initialize per-instance NSCC parameters: flowid 505 _base_rtt=11685600 _base_bdp=146070 _bdp=146070 _min_cwnd=4150 _maxwnd=219105 _cwnd=219105
Initialize per-instance NSCC parameters: flowid 506 _base_rtt=11685600 _base_bdp=146070 _bdp=146070 _min_cwnd=4150 _maxwnd=219105 _cwnd=219105
Initialize per-instance NSCC parameters: flowid 507 _base_rtt=11685600 _base_bdp=146070 _bdp=146070 _min_cwnd=4150 _maxwnd=219105 _cwnd=219105
Initialize per-instance NSCC parameters: flowid 508 _base_rtt=11685600 _base_bdp=146070 _bdp=146070 _min_cwnd=4150 _maxwnd=219105 _cwnd=219105
Initialize per-instance NSCC parameters: flowid 509 _base_rtt=11685600 _base_bdp=146070 _bdp=146070 _min_cwnd=4150 _maxwnd=219105 _cwnd=219105
Initialize per-instance NSCC parameters: flowid 510 _base_rtt=11685600 _base_bdp=146070 _bdp=146070 _min_cwnd=4150 _maxwnd=219105 _cwnd=219105
Initialize per-instance NSCC parameters: flowid 511 _base_rtt=11685600 _base_bdp=146070 _bdp=146070 _min_cwnd=4150 _maxwnd=219105 _cwnd=219105
Initialize per-instance NSCC parameters: flowid 512 _base_rtt=11685600 _base_bdp=146070 _bdp=146070 _min_cwnd=4150 _maxwnd=219105 _cwnd=219105
Initialize per-instance NSCC parameters: flowid 513 _base_rtt=11685600 _base_bdp=146070 _bdp=146070 _min_cwnd=4150 _maxwnd=219105 _cwnd=219105
Initialize per-instance NSCC parameters: flowid 514 _base_rtt=11685600 _base_bdp=146070 _bdp=146070 _min_cwnd=4150 _maxwnd=219105 _cwnd=219105
Initialize per-instance NSCC parameters: flowid 515 _base_rtt=11685600 _base_bdp=146070 _bdp=146070 _min_cwnd=4150 _maxwnd=219105 _cwnd=219105
Initialize per-instance NSCC parameters: flowid 516 _base_rtt=11685600 _base_bdp=146070 _bdp=146070 _min_cwnd=4150 _maxwnd=219105 _cwnd=219105
Initialize per-instance NSCC parameters: flowid 517 _base_rtt=11685600 _base_bdp=146070 _bdp=146070 _min_cwnd=4150 _maxwnd=219105 _cwnd=219105
Initialize per-instance NSCC parameters: flowid 518 _base_rtt=11685600 _base_bdp=146070 _bdp=146070 _min_cwnd=4150 _maxwnd=219105 _cwnd=219105
Initialize per-instance NSCC parameters: flowid 519 _base_rtt=11685600 _base_bdp=146070 _bdp=146070 _min_cwnd=4150 _maxwnd=219105 _cwnd=219105
Initialize per-instance NSCC parameters: flowid 520 _base_rtt=11685600 _base_bdp=146070 _bdp=146070 _min_cwnd=4150 _maxwnd=219105 _cwnd=219105
Initialize per-instance NSCC parameters: flowid 521 _base_rtt=11685600 _base_bdp=146070 _bdp=146070 _min_cwnd=4150 _maxwnd=219105 _cwnd=219105
Initialize per-instance NSCC parameters: flowid 522 _base_rtt=11685600 _base_bdp=146070 _bdp=146070 _min_cwnd=4150 _maxwnd=219105 _cwnd=219105
Initialize per-instance NSCC parameters: flowid 523 _base_rtt=11685600 _base_bdp=146070 _bdp=146070 _min_cwnd=4150 _maxwnd=219105 _cwnd=219105
Initialize per-instance NSCC parameters: flowid 524 _base_rtt=11685600 _base_bdp=146070 _bdp=146070 _min_cwnd=4150 _maxwnd=219105 _cwnd=219105
Initialize per-instance NSCC parameters: flowid 525 _base_rtt=11685600 _base_bdp=146070 _bdp=146070 _min_cwnd=4150 _maxwnd=219105 _cwnd=219105
Initialize per-instance NSCC parameters: flowid 526 _base_rtt=11685600 _base_bdp=146070 _bdp=146070 _min_cwnd=4150 _maxwnd=219105 _cwnd=219105
Initialize per-instance NSCC parameters: flowid 527 _base_rtt=11685600 _base_bdp=146070 _bdp=146070 _min_cwnd=4150 _maxwnd=219105 _cwnd=219105
Initialize per-instance NSCC parameters: flowid 528 _base_rtt=11685600 _base_bdp=146070 _bdp=146070 _min_cwnd=4150 _maxwnd=219105 _cwnd=219105
Initialize per-instance NSCC parameters: flowid 529 _base_rtt=11685600 _base_bdp=146070 _bdp=146070 _min_cwnd=4150 _maxwnd=219105 _cwnd=219105
Initialize per-instance NSCC parameters: flowid 530 _base_rtt=11685600 _base_bdp=146070 _bdp=146070 _min_cwnd=4150 _maxwnd=219105 _cwnd=219105
Initialize per-instance NSCC parameters: flowid 531 _base_rtt=11685600 _base_bdp=146070 _bdp=146070 _min_cwnd=4150 _maxwnd=219105 _cwnd=219105
Initialize per-instance NSCC parameters: flowid 532 _base_rtt=11685600 _base_bdp=146070 _bdp=146070 _min_cwnd=4150 _maxwnd=219105 _cwnd=219105
Initialize per-instance NSCC parameters: flowid 533 _base_rtt=11685600 _base_bdp=146070 _bdp=146070 _min_cwnd=4150 _maxwnd=219105 _cwnd=219105
Initialize per-instance NSCC parameters: flowid 534 _base_rtt=11685600 _base_bdp=146070 _bdp=146070 _min_cwnd=4150 _maxwnd=219105 _cwnd=219105
Initialize per-instance NSCC parameters: flowid 535 _base_rtt=11685600 _base_bdp=146070 _bdp=146070 _min_cwnd=4150 _maxwnd=219105 _cwnd=219105
Initialize per-instance NSCC parameters: flowid 536 _base_rtt=11685600 _base_bdp=146070 _bdp=146070 _min_cwnd=4150 _maxwnd=219105 _cwnd=219105
Initialize per-instance NSCC parameters: flowid 537 _base_rtt=11685600 _base_bdp=146070 _bdp=146070 _min_cwnd=4150 _maxwnd=219105 _cwnd=219105
Initialize per-instance NSCC parameters: flowid 538 _base_rtt=11685600 _base_bdp=146070 _bdp=146070 _min_cwnd=4150 _maxwnd=219105 _cwnd=219105
Initialize per-instance NSCC parameters: flowid 539 _base_rtt=11685600 _base_bdp=146070 _bdp=146070 _min_cwnd=4150 _maxwnd=219105 _cwnd=219105
Initialize per-instance NSCC parameters: flowid 540 _base_rtt=11685600 _base_bdp=146070 _bdp=146070 _min_cwnd=4150 _maxwnd=219105 _cwnd=219105
Initialize per-instance NSCC parameters: flowid 541 _base_rtt=11685600 _base_bdp=146070 _bdp=146070 _min_cwnd=4150 _maxwnd=219105 _cwnd=219105
Initialize per-instance NSCC parameters: flowid 542 _base_rtt=11685600 _base_bdp=146070 _bdp=146070 _min_cwnd=4150 _maxwnd=219105 _cwnd=219105
Initialize per-instance NSCC parameters: flowid 543 _base_rtt=11685600 _base_bdp=146070 _bdp=146070 _min_cwnd=4150 _maxwnd=219105 _cwnd=219105
Initialize per-instance NSCC parameters: flowid 544 _base_rtt=11685600 _base_bdp=146070 _bdp=146070 _min_cwnd=4150 _maxwnd=219105 _cwnd=219105
Initialize per-instance NSCC parameters: flowid 545 _base_rtt=11685600 _base_bdp=146070 _bdp=146070 _min_cwnd=4150 _maxwnd=219105 _cwnd=219105
Initialize per-instance NSCC parameters: flowid 546 _base_rtt=11685600 _base_bdp=146070 _bdp=146070 _min_cwnd=4150 _maxwnd=219105 _cwnd=219105
Initialize per-instance NSCC parameters: flowid 547 _base_rtt=11685600 _base_bdp=146070 _bdp=146070 _min_cwnd=4150 _maxwnd=219105 _cwnd=219105
Initialize per-instance NSCC parameters: flowid 548 _base_rtt=11685600 _base_bdp=146070 _bdp=146070 _min_cwnd=4150 _maxwnd=219105 _cwnd=219105
Initialize per-instance NSCC parameters: flowid 549 _base_rtt=11685600 _base_bdp=146070 _bdp=146070 _min_cwnd=4150 _maxwnd=219105 _cwnd=219105
Initialize per-instance NSCC parameters: flowid 550 _base_rtt=11685600 _base_bdp=146070 _bdp=146070 _min_cwnd=4150 _maxwnd=219105 _cwnd=219105
Starting simulation
Flow Uec_737_138 flowId 1 uecSrc 0 starting at 0
Flow Uec_289_783 flowId 2 uecSrc 1 starting at 0
Flow Uec_415_912 flowId 3 uecSrc 2 starting at 0
Flow Uec_620_52 flowId 4 uecSrc 3 starting at 0
Flow Uec_384_859 flowId 5 uecSrc 4 starting at 0
Flow Uec_1060_483 flowId 6 uecSrc 5 starting at 0
Flow Uec_901_307 flowId 7 uecSrc 6 starting at 0
Flow Uec_334_802 flowId 8 uecSrc 7 starting at 0
Flow Uec_746_188 flowId 9 uecSrc 8 starting at 0
Flow Uec_692_38 flowId 10 uecSrc 9 starting at 0
Flow Uec_1091_431 flowId 11 uecSrc 10 starting at 0
Flow Uec_707_172 flowId 12 uecSrc 11 starting at 0
Flow Uec_235_711 flowId 13 uecSrc 12 starting at 0
Flow Uec_180_618 flowId 14 uecSrc 13 starting at 0
Flow Uec_903_356 flowId 15 uecSrc 14 starting at 0
Flow Uec_19_508 flowId 16 uecSrc 15 starting at 0
Flow Uec_1050_465 flowId 17 uecSrc 16 starting at 0
Flow Uec_632_51 flowId 18 uecSrc 17 starting at 0
Flow Uec_881_296 flowId 19 uecSrc 18 starting at 0
Flow Uec_66_516 flowId 20 uecSrc 19 starting at 0
Flow Uec_600_58 flowId 21 uecSrc 20 starting at 0
Flow Uec_1047_490 flowId 22 uecSrc 21 starting at 0
Flow Uec_452_951 flowId 23 uecSrc 22 starting at 0
Flow Uec_683_83 flowId 24 uecSrc 23 starting at 0
Flow Uec_508_1056 flowId 25 uecSrc 24 starting at 0
Flow Uec_1046_420 flowId 26 uecSrc 25 starting at 0
Flow Uec_637_23 flowId 27 uecSrc 26 starting at 0
Flow Uec_35_563 flowId 28 uecSrc 27 starting at 0
Flow Uec_519_1061 flowId 29 uecSrc 28 starting at 0
Flow Uec_876_295 flowId 30 uecSrc 29 starting at 0
Flow Uec_983_341 flowId 31 uecSrc 30 starting at 0
Flow Uec_641_74 flowId 32 uecSrc 31 starting at 0
Flow Uec_685_24 flowId 33 uecSrc 32 starting at 0
Flow Uec_999_379 flowId 34 uecSrc 33 starting at 0
Flow Uec_203_731 flowId 35 uecSrc 34 starting at 0
Flow Uec_256_763 flowId 36 uecSrc 35 starting at 0
Flow Uec_921_347 flowId 37 uecSrc 36 starting at 0
Flow Uec_809_283 flowId 38 uecSrc 37 starting at 0
Flow Uec_252_710 flowId 39 uecSrc 38 starting at 0
Flow Uec_84_547 flowId 40 uecSrc 39 starting at 0
Flow Uec_165_671 flowId 41 uecSrc 40 starting at 0
Flow Uec_470_994 flowId 42 uecSrc 41 starting at 0
Flow Uec_575_1032 flowId 43 uecSrc 42 starting at 0
Flow Uec_1076_472 flowId 44 uecSrc 43 starting at 0
Flow Uec_272_787 flowId 45 uecSrc 44 starting at 0
Flow Uec_645_2 flowId 46 uecSrc 45 starting at 0
Flow Uec_360_830 flowId 47 uecSrc 46 starting at 0
Flow Uec_829_284 flowId 48 uecSrc 47 starting at 0
Flow Uec_1041_404 flowId 49 uecSrc 48 starting at 0
Flow Uec_178_635 flowId 50 uecSrc 49 starting at 0
Flow Uec_581_1079 flowId 51 uecSrc 50 starting at 0
Flow Uec_1022_444 flowId 52 uecSrc 51 starting at 0
Flow Uec_842_297 flowId 53 uecSrc 52 starting at 0
Flow Uec_362_831 flowId 54 uecSrc 53 starting at 0
Flow Uec_988_321 flowId 55 uecSrc 54 starting at 0
Flow Uec_598_1076 flowId 56 uecSrc 55 starting at 0
Flow Uec_982_361 flowId 57 uecSrc 56 starting at 0
Flow Uec_751_119 flowId 58 uecSrc 57 starting at 0
Flow Uec_0_591 flowId 59 uecSrc 58 starting at 0
Flow Uec_353_856 flowId 60 uecSrc 59 starting at 0
Flow Uec_83_560 flowId 61 uecSrc 60 starting at 0
Flow Uec_367_870 flowId 62 uecSrc 61 starting at 0
Flow Uec_875_245 flowId 63 uecSrc 62 starting at 0
Flow Uec_572_1091 flowId 64 uecSrc 63 starting at 0
Flow Uec_1082_484 flowId 65 uecSrc 64 starting at 0
Flow Uec_944_343 flowId 66 uecSrc 65 starting at 0
Flow Uec_675_32 flowId 67 uecSrc 66 starting at 0
Flow Uec_1061_456 flowId 68 uecSrc 67 starting at 0
Flow Uec_161_690 flowId 69 uecSrc 68 starting at 0
Flow Uec_783_139 flowId 70 uecSrc 69 starting at 0
Flow Uec_284_770 flowId 71 uecSrc 70 starting at 0
Flow Uec_539_1057 flowId 72 uecSrc 71 starting at 0
Flow Uec_852_258 flowId 73 uecSrc 72 starting at 0
Flow Uec_573_1066 flowId 74 uecSrc 73 starting at 0
Flow Uec_956_352 flowId 75 uecSrc 74 starting at 0
Flow Uec_228_747 flowId 76 uecSrc 75 starting at 0
Flow Uec_162_615 flowId 77 uecSrc 76 starting at 0
Flow Uec_717_103 flowId 78 uecSrc 77 starting at 0
Flow Uec_695_0 flowId 79 uecSrc 78 starting at 0
Flow Uec_483_984 flowId 80 uecSrc 79 starting at 0
Flow Uec_496_916 flowId 81 uecSrc 80 starting at 0
Flow Uec_1080_452 flowId 82 uecSrc 81 starting at 0
Flow Uec_713_186 flowId 83 uecSrc 82 starting at 0
Flow Uec_250_749 flowId 84 uecSrc 83 starting at 0
Flow Uec_838_257 flowId 85 uecSrc 84 starting at 0
Flow Uec_553_1015 flowId 86 uecSrc 85 starting at 0
Flow Uec_169_673 flowId 87 uecSrc 86 starting at 0
Flow Uec_522_1004 flowId 88 uecSrc 87 starting at 0
Flow Uec_253_726 flowId 89 uecSrc 88 starting at 0
Flow Uec_520_1068 flowId 90 uecSrc 89 starting at 0
Flow Uec_122_633 flowId 91 uecSrc 90 starting at 0
Flow Uec_688_59 flowId 92 uecSrc 91 starting at 0
Flow Uec_385_847 flowId 93 uecSrc 92 starting at 0
Flow Uec_551_1054 flowId 94 uecSrc 93 starting at 0
Flow Uec_887_286 flowId 95 uecSrc 94 starting at 0
Flow Uec_904_367 flowId 96 uecSrc 95 starting at 0
Flow Uec_1016_450 flowId 97 uecSrc 96 starting at 0
Flow Uec_146_608 flowId 98 uecSrc 97 starting at 0
Flow Uec_822_232 flowId 99 uecSrc 98 starting at 0
Flow Uec_473_959 flowId 100 uecSrc 99 starting at 0
Flow Uec_1002_416 flowId 101 uecSrc 100 starting at 0
Flow Uec_338_807 flowId 102 uecSrc 101 starting at 0
Flow Uec_1036_443 flowId 103 uecSrc 102 starting at 0
Flow Uec_971_349 flowId 104 uecSrc 103 starting at 0
Flow Uec_260_730 flowId 105 uecSrc 104 starting at 0
Flow Uec_871_229 flowId 106 uecSrc 105 starting at 0
Flow Uec_773_129 flowId 107 uecSrc 106 starting at 0
Flow Uec_561_1042 flowId 108 uecSrc 107 starting at 0
Flow Uec_60_562 flowId 109 uecSrc 108 starting at 0
Flow Uec_482_976 flowId 110 uecSrc 109 starting at 0
Flow Uec_4_558 flowId 111 uecSrc 110 starting at 0
Flow Uec_767_109 flowId 112 uecSrc 111 starting at 0
Flow Uec_808_249 flowId 113 uecSrc 112 starting at 0
Flow Uec_1059_411 flowId 114 uecSrc 113 starting at 0
Flow Uec_406_915 flowId 115 uecSrc 114 starting at 0
Flow Uec_914_369 flowId 116 uecSrc 115 starting at 0
Flow Uec_870_267 flowId 117 uecSrc 116 starting at 0
Flow Uec_975_301 flowId 118 uecSrc 117 starting at 0
Flow Uec_205_716 flowId 119 uecSrc 118 starting at 0
Flow Uec_484_954 flowId 120 uecSrc 119 starting at 0
Flow Uec_328_829 flowId 121 uecSrc 120 starting at 0
Flow Uec_198_644 flowId 122 uecSrc 121 starting at 0
Flow Uec_935_376 flowId 123 uecSrc 122 starting at 0
Flow Uec_638_25 flowId 124 uecSrc 123 starting at 0
Flow Uec_488_990 flowId 125 uecSrc 124 starting at 0
Flow Uec_946_355 flowId 126 uecSrc 125 starting at 0
Flow Uec_942_374 flowId 127 uecSrc 126 starting at 0
Flow Uec_1087_439 flowId 128 uecSrc 127 starting at 0
Flow Uec_879_280 flowId 129 uecSrc 128 starting at 0
Flow Uec_805_266 flowId 130 uecSrc 129 starting at 0
Flow Uec_62_599 flowId 131 uecSrc 130 starting at 0
Flow Uec_1038_477 flowId 132 uecSrc 131 starting at 0
Flow Uec_844_291 flowId 133 uecSrc 132 starting at 0
Flow Uec_866_225 flowId 134 uecSrc 133 starting at 0
Flow Uec_702_173 flowId 135 uecSrc 134 starting at 0
Flow Uec_433_963 flowId 136 uecSrc 135 starting at 0
Flow Uec_630_33 flowId 137 uecSrc 136 starting at 0
Flow Uec_30_542 flowId 138 uecSrc 137 starting at 0
Flow Uec_627_64 flowId 139 uecSrc 138 starting at 0
Flow Uec_132_656 flowId 140 uecSrc 139 starting at 0
Flow Uec_391_816 flowId 141 uecSrc 140 starting at 0
Flow Uec_872_202 flowId 142 uecSrc 141 starting at 0
Flow Uec_672_82 flowId 143 uecSrc 142 starting at 0
Flow Uec_646_10 flowId 144 uecSrc 143 starting at 0
Flow Uec_80_569 flowId 145 uecSrc 144 starting at 0
Flow Uec_294_733 flowId 146 uecSrc 145 starting at 0
Flow Uec_851_240 flowId 147 uecSrc 146 starting at 0
Flow Uec_545_1034 flowId 148 uecSrc 147 starting at 0
Flow Uec_893_208 flowId 149 uecSrc 148 starting at 0
Flow Uec_276_744 flowId 150 uecSrc 149 starting at 0
Flow Uec_743_199 flowId 151 uecSrc 150 starting at 0
Flow Uec_772_110 flowId 152 uecSrc 151 starting at 0
Flow Uec_511_1099 flowId 153 uecSrc 152 starting at 0
Flow Uec_138_623 flowId 154 uecSrc 153 starting at 0
Flow Uec_869_254 flowId 155 uecSrc 154 starting at 0
Flow Uec_586_1080 flowId 156 uecSrc 155 starting at 0
Flow Uec_315_803 flowId 157 uecSrc 156 starting at 0
Flow Uec_583_1071 flowId 158 uecSrc 157 starting at 0
Flow Uec_744_176 flowId 159 uecSrc 158 starting at 0
Flow Uec_99_579 flowId 160 uecSrc 159 starting at 0
Flow Uec_930_370 flowId 161 uecSrc 160 starting at 0
Flow Uec_194_632 flowId 162 uecSrc 161 starting at 0
Flow Uec_721_164 flowId 163 uecSrc 162 starting at 0
Flow Uec_94_597 flowId 164 uecSrc 163 starting at 0
Flow Uec_69_509 flowId 165 uecSrc 164 starting at 0
Flow Uec_1007_497 flowId 166 uecSrc 165 starting at 0
Flow Uec_28_515 flowId 167 uecSrc 166 starting at 0
Flow Uec_22_575 flowId 168 uecSrc 167 starting at 0
Flow Uec_1077_408 flowId 169 uecSrc 168 starting at 0
Flow Uec_806_223 flowId 170 uecSrc 169 starting at 0
Flow Uec_1049_459 flowId 171 uecSrc 170 starting at 0
Flow Uec_215_789 flowId 172 uecSrc 171 starting at 0
Flow Uec_652_72 flowId 173 uecSrc 172 starting at 0
Flow Uec_320_804 flowId 174 uecSrc 173 starting at 0
Flow Uec_118_696 flowId 175 uecSrc 174 starting at 0
Flow Uec_535_1078 flowId 176 uecSrc 175 starting at 0
Flow Uec_375_811 flowId 177 uecSrc 176 starting at 0
Flow Uec_101_625 flowId 178 uecSrc 177 starting at 0
Flow Uec_144_681 flowId 179 uecSrc 178 starting at 0
Flow Uec_1018_402 flowId 180 uecSrc 179 starting at 0
Flow Uec_659_29 flowId 181 uecSrc 180 starting at 0
Flow Uec_329_881 flowId 182 uecSrc 181 starting at 0
Flow Uec_985_336 flowId 183 uecSrc 182 starting at 0
Flow Uec_515_1046 flowId 184 uecSrc 183 starting at 0
Flow Uec_303_866 flowId 185 uecSrc 184 starting at 0
Flow Uec_976_391 flowId 186 uecSrc 185 starting at 0
Flow Uec_116_605 flowId 187 uecSrc 186 starting at 0
Flow Uec_478_949 flowId 188 uecSrc 187 starting at 0
Flow Uec_317_822 flowId 189 uecSrc 188 starting at 0
Flow Uec_544_1052 flowId 190 uecSrc 189 starting at 0
Flow Uec_229_784 flowId 191 uecSrc 190 starting at 0
Flow Uec_619_53 flowId 192 uecSrc 191 starting at 0
Flow Uec_763_145 flowId 193 uecSrc 192 starting at 0
Flow Uec_74_552 flowId 194 uecSrc 193 starting at 0
Flow Uec_945_375 flowId 195 uecSrc 194 starting at 0
Flow Uec_577_1082 flowId 196 uecSrc 195 starting at 0
Flow Uec_661_1 flowId 197 uecSrc 196 starting at 0
Flow Uec_405_993 flowId 198 uecSrc 197 starting at 0
Flow Uec_437_952 flowId 199 uecSrc 198 starting at 0
Flow Uec_800_219 flowId 200 uecSrc 199 starting at 0
Flow Uec_193_699 flowId 201 uecSrc 200 starting at 0
Flow Uec_684_19 flowId 202 uecSrc 201 starting at 0
Flow Uec_458_964 flowId 203 uecSrc 202 starting at 0
Flow Uec_813_243 flowId 204 uecSrc 203 starting at 0
Flow Uec_769_197 flowId 205 uecSrc 204 starting at 0
Flow Uec_934_319 flowId 206 uecSrc 205 starting at 0
Flow Uec_434_948 flowId 207 uecSrc 206 starting at 0
Flow Uec_280_759 flowId 208 uecSrc 207 starting at 0
Flow Uec_474_937 flowId 209 uecSrc 208 starting at 0
Flow Uec_858_262 flowId 210 uecSrc 209 starting at 0
Flow Uec_691_79 flowId 211 uecSrc 210 starting at 0
Flow Uec_720_192 flowId 212 uecSrc 211 starting at 0
Flow Uec_987_350 flowId 213 uecSrc 212 starting at 0
Flow Uec_275_781 flowId 214 uecSrc 213 starting at 0
Flow Uec_1003_417 flowId 215 uecSrc 214 starting at 0
Flow Uec_524_1012 flowId 216 uecSrc 215 starting at 0
Flow Uec_815_287 flowId 217 uecSrc 216 starting at 0
Flow Uec_1015_499 flowId 218 uecSrc 217 starting at 0
Flow Uec_1074_469 flowId 219 uecSrc 218 starting at 0
Flow Uec_358_824 flowId 220 uecSrc 219 starting at 0
Flow Uec_332_877 flowId 221 uecSrc 220 starting at 0
Flow Uec_16_584 flowId 222 uecSrc 221 starting at 0
Flow Uec_417_947 flowId 223 uecSrc 222 starting at 0
Flow Uec_461_935 flowId 224 uecSrc 223 starting at 0
Flow Uec_109_670 flowId 225 uecSrc 224 starting at 0
Flow Uec_425_919 flowId 226 uecSrc 225 starting at 0
Flow Uec_186_611 flowId 227 uecSrc 226 starting at 0
Flow Uec_157_616 flowId 228 uecSrc 227 starting at 0
Flow Uec_960_396 flowId 229 uecSrc 228 starting at 0
Flow Uec_326_890 flowId 230 uecSrc 229 starting at 0
Flow Uec_957_387 flowId 231 uecSrc 230 starting at 0
Flow Uec_115_648 flowId 232 uecSrc 231 starting at 0
Flow Uec_318_894 flowId 233 uecSrc 232 starting at 0
Flow Uec_145_636 flowId 234 uecSrc 233 starting at 0
Flow Uec_130_657 flowId 235 uecSrc 234 starting at 0
Flow Uec_374_844 flowId 236 uecSrc 235 starting at 0
Flow Uec_715_170 flowId 237 uecSrc 236 starting at 0
Flow Uec_1065_475 flowId 238 uecSrc 237 starting at 0
Flow Uec_591_1017 flowId 239 uecSrc 238 starting at 0
Flow Uec_912_386 flowId 240 uecSrc 239 starting at 0
Flow Uec_931_315 flowId 241 uecSrc 240 starting at 0
Flow Uec_785_152 flowId 242 uecSrc 241 starting at 0
Flow Uec_248_794 flowId 243 uecSrc 242 starting at 0
Flow Uec_719_167 flowId 244 uecSrc 243 starting at 0
Flow Uec_531_1018 flowId 245 uecSrc 244 starting at 0
Flow Uec_955_337 flowId 246 uecSrc 245 starting at 0
Flow Uec_846_247 flowId 247 uecSrc 246 starting at 0
Flow Uec_463_979 flowId 248 uecSrc 247 starting at 0
Flow Uec_1051_462 flowId 249 uecSrc 248 starting at 0
Flow Uec_1032_424 flowId 250 uecSrc 249 starting at 0
Flow Uec_152_603 flowId 251 uecSrc 250 starting at 0
Flow Uec_521_1026 flowId 252 uecSrc 251 starting at 0
Flow Uec_964_364 flowId 253 uecSrc 252 starting at 0
Flow Uec_223_715 flowId 254 uecSrc 253 starting at 0
Flow Uec_790_163 flowId 255 uecSrc 254 starting at 0
Flow Uec_1023_400 flowId 256 uecSrc 255 starting at 0
Flow Uec_951_380 flowId 257 uecSrc 256 starting at 0
Flow Uec_369_897 flowId 258 uecSrc 257 starting at 0
Flow Uec_254_756 flowId 259 uecSrc 258 starting at 0
Flow Uec_50_595 flowId 260 uecSrc 259 starting at 0
Flow Uec_302_857 flowId 261 uecSrc 260 starting at 0
Flow Uec_236_728 flowId 262 uecSrc 261 starting at 0
Flow Uec_343_849 flowId 263 uecSrc 262 starting at 0
Flow Uec_182_678 flowId 264 uecSrc 263 starting at 0
Flow Uec_898_213 flowId 265 uecSrc 264 starting at 0
Flow Uec_175_639 flowId 266 uecSrc 265 starting at 0
Flow Uec_410_967 flowId 267 uecSrc 266 starting at 0
Flow Uec_283_732 flowId 268 uecSrc 267 starting at 0
Flow Uec_177_669 flowId 269 uecSrc 268 starting at 0
Flow Uec_714_112 flowId 270 uecSrc 269 starting at 0
Flow Uec_49_511 flowId 271 uecSrc 270 starting at 0
Flow Uec_323_851 flowId 272 uecSrc 271 starting at 0
Flow Uec_149_631 flowId 273 uecSrc 272 starting at 0
Flow Uec_192_613 flowId 274 uecSrc 273 starting at 0
Flow Uec_37_521 flowId 275 uecSrc 274 starting at 0
Flow Uec_154_685 flowId 276 uecSrc 275 starting at 0
Flow Uec_1025_415 flowId 277 uecSrc 276 starting at 0
Flow Uec_440_945 flowId 278 uecSrc 277 starting at 0
Flow Uec_124_628 flowId 279 uecSrc 278 starting at 0
Flow Uec_756_171 flowId 280 uecSrc 279 starting at 0
Flow Uec_947_372 flowId 281 uecSrc 280 starting at 0
Flow Uec_388_872 flowId 282 uecSrc 281 starting at 0
Flow Uec_589_1037 flowId 283 uecSrc 282 starting at 0
Flow Uec_611_65 flowId 284 uecSrc 283 starting at 0
Flow Uec_485_901 flowId 285 uecSrc 284 starting at 0
Flow Uec_1086_434 flowId 286 uecSrc 285 starting at 0
Flow Uec_762_193 flowId 287 uecSrc 286 starting at 0
Flow Uec_622_6 flowId 288 uecSrc 287 starting at 0
Flow Uec_761_166 flowId 289 uecSrc 288 starting at 0
Flow Uec_1089_427 flowId 290 uecSrc 289 starting at 0
Flow Uec_371_813 flowId 291 uecSrc 290 starting at 0
Flow Uec_20_581 flowId 292 uecSrc 291 starting at 0
Flow Uec_752_148 flowId 293 uecSrc 292 starting at 0
Flow Uec_307_864 flowId 294 uecSrc 293 starting at 0
Flow Uec_1013_486 flowId 295 uecSrc 294 starting at 0
Flow Uec_63_564 flowId 296 uecSrc 295 starting at 0
Flow Uec_158_652 flowId 297 uecSrc 296 starting at 0
Flow Uec_867_246 flowId 298 uecSrc 297 starting at 0
Flow Uec_706_117 flowId 299 uecSrc 298 starting at 0
Flow Uec_164_651 flowId 300 uecSrc 299 starting at 0
Flow Uec_89_531 flowId 301 uecSrc 300 starting at 0
Flow Uec_208_778 flowId 302 uecSrc 301 starting at 0
Flow Uec_339_846 flowId 303 uecSrc 302 starting at 0
Flow Uec_41_557 flowId 304 uecSrc 303 starting at 0
Flow Uec_693_60 flowId 305 uecSrc 304 starting at 0
Flow Uec_1035_446 flowId 306 uecSrc 305 starting at 0
Flow Uec_865_242 flowId 307 uecSrc 306 starting at 0
Flow Uec_42_526 flowId 308 uecSrc 307 starting at 0
Flow Uec_408_923 flowId 309 uecSrc 308 starting at 0
Flow Uec_247_755 flowId 310 uecSrc 309 starting at 0
Flow Uec_1097_413 flowId 311 uecSrc 310 starting at 0
Flow Uec_958_328 flowId 312 uecSrc 311 starting at 0
Flow Uec_562_1074 flowId 313 uecSrc 312 starting at 0
Flow Uec_55_570 flowId 314 uecSrc 313 starting at 0
Flow Uec_1057_401 flowId 315 uecSrc 314 starting at 0
Flow Uec_687_88 flowId 316 uecSrc 315 starting at 0
Flow Uec_491_958 flowId 317 uecSrc 316 starting at 0
Flow Uec_888_263 flowId 318 uecSrc 317 starting at 0
Flow Uec_1069_461 flowId 319 uecSrc 318 starting at 0
Flow Uec_286_701 flowId 320 uecSrc 319 starting at 0
Flow Uec_218_734 flowId 321 uecSrc 320 starting at 0
Flow Uec_705_159 flowId 322 uecSrc 321 starting at 0
Flow Uec_504_1039 flowId 323 uecSrc 322 starting at 0
Flow Uec_552_1024 flowId 324 uecSrc 323 starting at 0
Flow Uec_694_54 flowId 325 uecSrc 324 starting at 0
Flow Uec_748_114 flowId 326 uecSrc 325 starting at 0
Flow Uec_168_661 flowId 327 uecSrc 326 starting at 0
Flow Uec_628_89 flowId 328 uecSrc 327 starting at 0
Flow Uec_292_791 flowId 329 uecSrc 328 starting at 0
Flow Uec_135_642 flowId 330 uecSrc 329 starting at 0
Flow Uec_441_988 flowId 331 uecSrc 330 starting at 0
Flow Uec_443_985 flowId 332 uecSrc 331 starting at 0
Flow Uec_639_39 flowId 333 uecSrc 332 starting at 0
Flow Uec_1053_436 flowId 334 uecSrc 333 starting at 0
Flow Uec_653_42 flowId 335 uecSrc 334 starting at 0
Flow Uec_1048_489 flowId 336 uecSrc 335 starting at 0
Flow Uec_618_13 flowId 337 uecSrc 336 starting at 0
Flow Uec_249_792 flowId 338 uecSrc 337 starting at 0
Flow Uec_599_1087 flowId 339 uecSrc 338 starting at 0
Flow Uec_166_606 flowId 340 uecSrc 339 starting at 0
Flow Uec_563_1010 flowId 341 uecSrc 340 starting at 0
Flow Uec_281_796 flowId 342 uecSrc 341 starting at 0
Flow Uec_347_826 flowId 343 uecSrc 342 starting at 0
Flow Uec_624_27 flowId 344 uecSrc 343 starting at 0
Flow Uec_905_329 flowId 345 uecSrc 344 starting at 0
Flow Uec_76_501 flowId 346 uecSrc 345 starting at 0
Flow Uec_604_26 flowId 347 uecSrc 346 starting at 0
Flow Uec_826_298 flowId 348 uecSrc 347 starting at 0
Flow Uec_93_583 flowId 349 uecSrc 348 starting at 0
Flow Uec_807_205 flowId 350 uecSrc 349 starting at 0
Flow Uec_681_9 flowId 351 uecSrc 350 starting at 0
Flow Uec_629_22 flowId 352 uecSrc 351 starting at 0
Flow Uec_594_1083 flowId 353 uecSrc 352 starting at 0
Flow Uec_689_41 flowId 354 uecSrc 353 starting at 0
Flow Uec_910_353 flowId 355 uecSrc 354 starting at 0
Flow Uec_836_265 flowId 356 uecSrc 355 starting at 0
Flow Uec_324_839 flowId 357 uecSrc 356 starting at 0
Flow Uec_187_655 flowId 358 uecSrc 357 starting at 0
Flow Uec_82_589 flowId 359 uecSrc 358 starting at 0
Flow Uec_781_194 flowId 360 uecSrc 359 starting at 0
Flow Uec_968_303 flowId 361 uecSrc 360 starting at 0
Flow Uec_23_546 flowId 362 uecSrc 361 starting at 0
Flow Uec_980_368 flowId 363 uecSrc 362 starting at 0
Flow Uec_128_662 flowId 364 uecSrc 363 starting at 0
Flow Uec_480_980 flowId 365 uecSrc 364 starting at 0
Flow Uec_907_359 flowId 366 uecSrc 365 starting at 0
Flow Uec_928_324 flowId 367 uecSrc 366 starting at 0
Flow Uec_711_126 flowId 368 uecSrc 367 starting at 0
Flow Uec_1020_405 flowId 369 uecSrc 368 starting at 0
Flow Uec_365_854 flowId 370 uecSrc 369 starting at 0
Flow Uec_287_774 flowId 371 uecSrc 370 starting at 0
Flow Uec_462_944 flowId 372 uecSrc 371 starting at 0
Flow Uec_649_78 flowId 373 uecSrc 372 starting at 0
Flow Uec_621_91 flowId 374 uecSrc 373 starting at 0
Flow Uec_1052_464 flowId 375 uecSrc 374 starting at 0
Flow Uec_667_69 flowId 376 uecSrc 375 starting at 0
Flow Uec_47_554 flowId 377 uecSrc 376 starting at 0
Flow Uec_857_270 flowId 378 uecSrc 377 starting at 0
Flow Uec_349_862 flowId 379 uecSrc 378 starting at 0
Flow Uec_1095_470 flowId 380 uecSrc 379 starting at 0
Flow Uec_355_810 flowId 381 uecSrc 380 starting at 0
Flow Uec_642_71 flowId 382 uecSrc 381 starting at 0
Flow Uec_804_272 flowId 383 uecSrc 382 starting at 0
Flow Uec_233_798 flowId 384 uecSrc 383 starting at 0
Flow Uec_908_354 flowId 385 uecSrc 384 starting at 0
Flow Uec_13_539 flowId 386 uecSrc 385 starting at 0
Flow Uec_209_700 flowId 387 uecSrc 386 starting at 0
Flow Uec_569_1058 flowId 388 uecSrc 387 starting at 0
Flow Uec_230_707 flowId 389 uecSrc 388 starting at 0
Flow Uec_206_723 flowId 390 uecSrc 389 starting at 0
Flow Uec_801_274 flowId 391 uecSrc 390 starting at 0
Flow Uec_111_601 flowId 392 uecSrc 391 starting at 0
Flow Uec_1009_473 flowId 393 uecSrc 392 starting at 0
Flow Uec_847_227 flowId 394 uecSrc 393 starting at 0
Flow Uec_593_1047 flowId 395 uecSrc 394 starting at 0
Flow Uec_58_555 flowId 396 uecSrc 395 starting at 0
Flow Uec_395_843 flowId 397 uecSrc 396 starting at 0
Flow Uec_609_45 flowId 398 uecSrc 397 starting at 0
Flow Uec_677_97 flowId 399 uecSrc 398 starting at 0
Flow Uec_534_1044 flowId 400 uecSrc 399 starting at 0
Flow Uec_940_383 flowId 401 uecSrc 400 starting at 0
Flow Uec_635_11 flowId 402 uecSrc 401 starting at 0
Flow Uec_716_177 flowId 403 uecSrc 402 starting at 0
Flow Uec_584_1090 flowId 404 uecSrc 403 starting at 0
Flow Uec_925_366 flowId 405 uecSrc 404 starting at 0
Flow Uec_697_84 flowId 406 uecSrc 405 starting at 0
Flow Uec_863_201 flowId 407 uecSrc 406 starting at 0
Flow Uec_202_727 flowId 408 uecSrc 407 starting at 0
Flow Uec_112_650 flowId 409 uecSrc 408 starting at 0
Flow Uec_446_905 flowId 410 uecSrc 409 starting at 0
Flow Uec_45_519 flowId 411 uecSrc 410 starting at 0
Flow Uec_936_322 flowId 412 uecSrc 411 starting at 0
Flow Uec_932_317 flowId 413 uecSrc 412 starting at 0
Flow Uec_742_105 flowId 414 uecSrc 413 starting at 0
Flow Uec_654_50 flowId 415 uecSrc 414 starting at 0
Flow Uec_614_16 flowId 416 uecSrc 415 starting at 0
Flow Uec_356_896 flowId 417 uecSrc 416 starting at 0
Flow Uec_547_1081 flowId 418 uecSrc 417 starting at 0
Flow Uec_507_1035 flowId 419 uecSrc 418 starting at 0
Flow Uec_943_333 flowId 420 uecSrc 419 starting at 0
Flow Uec_465_918 flowId 421 uecSrc 420 starting at 0
Flow Uec_510_1060 flowId 422 uecSrc 421 starting at 0
Flow Uec_1043_498 flowId 423 uecSrc 422 starting at 0
Flow Uec_486_924 flowId 424 uecSrc 423 starting at 0
Flow Uec_884_204 flowId 425 uecSrc 424 starting at 0
Flow Uec_674_14 flowId 426 uecSrc 425 starting at 0
Flow Uec_850_264 flowId 427 uecSrc 426 starting at 0
Flow Uec_877_206 flowId 428 uecSrc 427 starting at 0
Flow Uec_316_893 flowId 429 uecSrc 428 starting at 0
Flow Uec_729_118 flowId 430 uecSrc 429 starting at 0
Flow Uec_883_293 flowId 431 uecSrc 430 starting at 0
Flow Uec_529_1051 flowId 432 uecSrc 431 starting at 0
Flow Uec_585_1064 flowId 433 uecSrc 432 starting at 0
Flow Uec_792_182 flowId 434 uecSrc 433 starting at 0
Flow Uec_357_858 flowId 435 uecSrc 434 starting at 0
Flow Uec_407_920 flowId 436 uecSrc 435 starting at 0
Flow Uec_929_338 flowId 437 uecSrc 436 starting at 0
Flow Uec_897_248 flowId 438 uecSrc 437 starting at 0
Flow Uec_38_504 flowId 439 uecSrc 438 starting at 0
Flow Uec_267_766 flowId 440 uecSrc 439 starting at 0
Flow Uec_741_116 flowId 441 uecSrc 440 starting at 0
Flow Uec_873_289 flowId 442 uecSrc 441 starting at 0
Flow Uec_1090_412 flowId 443 uecSrc 442 starting at 0
Flow Uec_411_992 flowId 444 uecSrc 443 starting at 0
Flow Uec_224_729 flowId 445 uecSrc 444 starting at 0
Flow Uec_234_714 flowId 446 uecSrc 445 starting at 0
Flow Uec_668_98 flowId 447 uecSrc 446 starting at 0
Flow Uec_699_62 flowId 448 uecSrc 447 starting at 0
Flow Uec_864_275 flowId 449 uecSrc 448 starting at 0
Flow Uec_392_845 flowId 450 uecSrc 449 starting at 0
Flow Uec_610_34 flowId 451 uecSrc 450 starting at 0
Flow Uec_7_507 flowId 452 uecSrc 451 starting at 0
Flow Uec_237_750 flowId 453 uecSrc 452 starting at 0
Flow Uec_29_551 flowId 454 uecSrc 453 starting at 0
Flow Uec_841_214 flowId 455 uecSrc 454 starting at 0
Flow Uec_961_345 flowId 456 uecSrc 455 starting at 0
Flow Uec_839_253 flowId 457 uecSrc 456 starting at 0
Flow Uec_526_1011 flowId 458 uecSrc 457 starting at 0
Flow Uec_1088_437 flowId 459 uecSrc 458 starting at 0
Flow Uec_133_689 flowId 460 uecSrc 459 starting at 0
Flow Uec_456_909 flowId 461 uecSrc 460 starting at 0
Flow Uec_1037_433 flowId 462 uecSrc 461 starting at 0
Flow Uec_972_323 flowId 463 uecSrc 462 starting at 0
Flow Uec_351_885 flowId 464 uecSrc 463 starting at 0
Flow Uec_401_930 flowId 465 uecSrc 464 starting at 0
Flow Uec_227_704 flowId 466 uecSrc 465 starting at 0
Flow Uec_412_941 flowId 467 uecSrc 466 starting at 0
Flow Uec_994_395 flowId 468 uecSrc 467 starting at 0
Flow Uec_810_268 flowId 469 uecSrc 468 starting at 0
Flow Uec_557_1092 flowId 470 uecSrc 469 starting at 0
Flow Uec_285_760 flowId 471 uecSrc 470 starting at 0
Flow Uec_190_647 flowId 472 uecSrc 471 starting at 0
Flow Uec_48_544 flowId 473 uecSrc 472 starting at 0
Flow Uec_376_817 flowId 474 uecSrc 473 starting at 0
Flow Uec_114_668 flowId 475 uecSrc 474 starting at 0
Flow Uec_156_629 flowId 476 uecSrc 475 starting at 0
Flow Uec_1056_482 flowId 477 uecSrc 476 starting at 0
Flow Uec_222_706 flowId 478 uecSrc 477 starting at 0
Flow Uec_191_675 flowId 479 uecSrc 478 starting at 0
Flow Uec_657_90 flowId 480 uecSrc 479 starting at 0
Flow Uec_882_269 flowId 481 uecSrc 480 starting at 0
Flow Uec_380_848 flowId 482 uecSrc 481 starting at 0
Flow Uec_34_537 flowId 483 uecSrc 482 starting at 0
Flow Uec_297_785 flowId 484 uecSrc 483 starting at 0
Flow Uec_770_113 flowId 485 uecSrc 484 starting at 0
Flow Uec_336_815 flowId 486 uecSrc 485 starting at 0
Flow Uec_104_677 flowId 487 uecSrc 486 starting at 0
Flow Uec_5_568 flowId 488 uecSrc 487 starting at 0
Flow Uec_896_271 flowId 489 uecSrc 488 starting at 0
Flow Uec_886_294 flowId 490 uecSrc 489 starting at 0
Flow Uec_559_1005 flowId 491 uecSrc 490 starting at 0
Flow Uec_754_146 flowId 492 uecSrc 491 starting at 0
Flow Uec_997_351 flowId 493 uecSrc 492 starting at 0
Flow Uec_731_161 flowId 494 uecSrc 493 starting at 0
Flow Uec_213_761 flowId 495 uecSrc 494 starting at 0
Flow Uec_197_665 flowId 496 uecSrc 495 starting at 0
Flow Uec_52_543 flowId 497 uecSrc 496 starting at 0
Flow Uec_592_1007 flowId 498 uecSrc 497 starting at 0
Flow Uec_204_795 flowId 499 uecSrc 498 starting at 0
Flow Uec_538_1059 flowId 500 uecSrc 499 starting at 0
Flow Uec_340_860 flowId 501 uecSrc 500 starting at 0
Flow Uec_121_624 flowId 502 uecSrc 501 starting at 0
Flow Uec_259_767 flowId 503 uecSrc 502 starting at 0
Flow Uec_436_907 flowId 504 uecSrc 503 starting at 0
Flow Uec_933_300 flowId 505 uecSrc 504 starting at 0
Flow Uec_724_184 flowId 506 uecSrc 505 starting at 0
Flow Uec_86_520 flowId 507 uecSrc 506 starting at 0
Flow Uec_1062_466 flowId 508 uecSrc 507 starting at 0
Flow Uec_909_310 flowId 509 uecSrc 508 starting at 0
Flow Uec_819_250 flowId 510 uecSrc 509 starting at 0
Flow Uec_497_975 flowId 511 uecSrc 510 starting at 0
Flow Uec_490_999 flowId 512 uecSrc 511 starting at 0
Flow Uec_970_302 flowId 513 uecSrc 512 starting at 0
Flow Uec_232_702 flowId 514 uecSrc 513 starting at 0
Flow Uec_1085_479 flowId 515 uecSrc 514 starting at 0
Flow Uec_833_230 flowId 516 uecSrc 515 starting at 0
Flow Uec_727_154 flowId 517 uecSrc 516 starting at 0
Flow Uec_494_900 flowId 518 uecSrc 517 starting at 0
Flow Uec_532_1053 flowId 519 uecSrc 518 starting at 0
Flow Uec_777_165 flowId 520 uecSrc 519 starting at 0
Flow Uec_709_180 flowId 521 uecSrc 520 starting at 0
Flow Uec_996_344 flowId 522 uecSrc 521 starting at 0
Flow Uec_335_842 flowId 523 uecSrc 522 starting at 0
Flow Uec_517_1021 flowId 524 uecSrc 523 starting at 0
Flow Uec_812_251 flowId 525 uecSrc 524 starting at 0
Flow Uec_679_49 flowId 526 uecSrc 525 starting at 0
Flow Uec_540_1014 flowId 527 uecSrc 526 starting at 0
Flow Uec_546_1001 flowId 528 uecSrc 527 starting at 0
Flow Uec_427_940 flowId 529 uecSrc 528 starting at 0
Flow Uec_662_66 flowId 530 uecSrc 529 starting at 0
Flow Uec_163_688 flowId 531 uecSrc 530 starting at 0
Flow Uec_499_987 flowId 532 uecSrc 531 starting at 0
Flow Uec_750_144 flowId 533 uecSrc 532 starting at 0
Flow Uec_1040_403 flowId 534 uecSrc 533 starting at 0
Flow Uec_199_659 flowId 535 uecSrc 534 starting at 0
Flow Uec_623_21 flowId 536 uecSrc 535 starting at 0
Flow Uec_131_679 flowId 537 uecSrc 536 starting at 0
Flow Uec_859_252 flowId 538 uecSrc 537 starting at 0
Flow Uec_424_926 flowId 539 uecSrc 538 starting at 0
Flow Uec_301_871 flowId 540 uecSrc 539 starting at 0
Flow Uec_430_922 flowId 541 uecSrc 540 starting at 0
Flow Uec_536_1013 flowId 542 uecSrc 541 starting at 0
Flow Uec_567_1022 flowId 543 uecSrc 542 starting at 0
Flow Uec_295_762 flowId 544 uecSrc 543 starting at 0
Flow Uec_59_510 flowId 545 uecSrc 544 starting at 0
Flow Uec_341_809 flowId 546 uecSrc 545 starting at 0
Flow Uec_1042_460 flowId 547 uecSrc 546 starting at 0
Flow Uec_533_1067 flowId 548 uecSrc 547 starting at 0
Flow Uec_500_1023 flowId 549 uecSrc 548 starting at 0
Flow Uec_892_239 flowId 550 uecSrc 549 starting at 0
Flow Uec_773_129 flowId 107 uecSrc 106 finished at 33.995 total messages 1 total packets 62 RTS 0 total bytes 253332 in_flight now 0 fair_inc 0 prop_inc 9635 fast_inc 0 eta_inc 1192 multi_dec -0 quick_dec -0 nack_dec -0
Flow Uec_907_359 flowId 366 uecSrc 365 finished at 34.0002 total messages 1 total packets 62 RTS 0 total bytes 253332 in_flight now 0 fair_inc 0 prop_inc 8832 fast_inc 0 eta_inc 1192 multi_dec -0 quick_dec -0 nack_dec -0
Flow Uec_228_747 flowId 76 uecSrc 75 finished at 34.0462 total messages 1 total packets 62 RTS 0 total bytes 253332 in_flight now 0 fair_inc 0 prop_inc 8414 fast_inc 0 eta_inc 1192 multi_dec -0 quick_dec -0 nack_dec -0
Flow Uec_767_109 flowId 112 uecSrc 111 finished at 34.0502 total messages 1 total packets 62 RTS 0 total bytes 253332 in_flight now 0 fair_inc 0 prop_inc 7933 fast_inc 0 eta_inc 1192 multi_dec -0 quick_dec -0 nack_dec -0
Flow Uec_315_803 flowId 157 uecSrc 156 finished at 34.2507 total messages 1 total packets 62 RTS 0 total bytes 253332 in_flight now 0 fair_inc 0 prop_inc 8839 fast_inc 0 eta_inc 1192 multi_dec -0 quick_dec -0 nack_dec -0
Flow Uec_932_317 flowId 413 uecSrc 412 finished at 34.2667 total messages 1 total packets 62 RTS 0 total bytes 253332 in_flight now 0 fair_inc 0 prop_inc 8727 fast_inc 0 eta_inc 1192 multi_dec -0 quick_dec -0 nack_dec -0
Flow Uec_912_386 flowId 240 uecSrc 239 finished at 34.327 total messages 1 total packets 62 RTS 0 total bytes 253332 in_flight now 0 fair_inc 0 prop_inc 8683 fast_inc 0 eta_inc 1192 multi_dec -0 quick_dec -0 nack_dec -0
Flow Uec_358_824 flowId 220 uecSrc 219 finished at 34.331 total messages 1 total packets 62 RTS 0 total bytes 253332 in_flight now 0 fair_inc 0 prop_inc 8394 fast_inc 0 eta_inc 1192 multi_dec -0 quick_dec -0 nack_dec -0
Flow Uec_641_74 flowId 32 uecSrc 31 finished at 34.3322 total messages 1 total packets 62 RTS 0 total bytes 253332 in_flight now 0 fair_inc 0 prop_inc 9173 fast_inc 0 eta_inc 1192 multi_dec -0 quick_dec -0 nack_dec -0
Flow Uec_58_555 flowId 396 uecSrc 395 finished at 34.3578 total messages 1 total packets 62 RTS 0 total bytes 253332 in_flight now 0 fair_inc 0 prop_inc 8526 fast_inc 0 eta_inc 1192 multi_dec -0 quick_dec -0 nack_dec -0
Flow Uec_717_103 flowId 78 uecSrc 77 finished at 34.3782 total messages 1 total packets 62 RTS 0 total bytes 253332 in_flight now 0 fair_inc 0 prop_inc 9739 fast_inc 0 eta_inc 1192 multi_dec -0 quick_dec -0 nack_dec -0
Flow Uec_317_822 flowId 189 uecSrc 188 finished at 34.3782 total messages 1 total packets 62 RTS 0 total bytes 253332 in_flight now 0 fair_inc 0 prop_inc 8291 fast_inc 0 eta_inc 1192 multi_dec -0 quick_dec -0 nack_dec -0
Flow Uec_328_829 flowId 121 uecSrc 120 finished at 34.3885 total messages 1 total packets 62 RTS 0 total bytes 253332 in_flight now 0 fair_inc 0 prop_inc 8528 fast_inc 0 eta_inc 1192 multi_dec -0 quick_dec -0 nack_dec -0
Flow Uec_871_229 flowId 106 uecSrc 105 finished at 34.3925 total messages 1 total packets 62 RTS 0 total bytes 253332 in_flight now 0 fair_inc 0 prop_inc 8129 fast_inc 0 eta_inc 1192 multi_dec -0 quick_dec -0 nack_dec -0
Flow Uec_539_1057 flowId 72 uecSrc 71 finished at 34.5051 total messages 1 total packets 62 RTS 0 total bytes 253332 in_flight now 0 fair_inc 0 prop_inc 7897 fast_inc 0 eta_inc 1192 multi_dec -0 quick_dec -0 nack_dec -0
Flow Uec_716_177 flowId 403 uecSrc 402 finished at 34.5582 total messages 1 total packets 62 RTS 0 total bytes 253332 in_flight now 0 fair_inc 0 prop_inc 8554 fast_inc 0 eta_inc 1192 multi_dec -0 quick_dec -0 nack_dec -0
Flow Uec_511_1099 flowId 153 uecSrc 152 finished at 34.659 total messages 1 total packets 62 RTS 0 total bytes 253332 in_flight now 0 fair_inc 0 prop_inc 7815 fast_inc 0 eta_inc 1192 multi_dec -0 quick_dec -0 nack_dec -0
Flow Uec_702_173 flowId 135 uecSrc 134 finished at 34.659 total messages 1 total packets 62 RTS 0 total bytes 253332 in_flight now 0 fair_inc 0 prop_inc 8358 fast_inc 0 eta_inc 1192 multi_dec -0 quick_dec -0 nack_dec -0
Flow Uec_351_885 flowId 464 uecSrc 463 finished at 34.659 total messages 1 total packets 62 RTS 0 total bytes 253332 in_flight now 0 fair_inc 0 prop_inc 8811 fast_inc 0 eta_inc 1192 multi_dec -0 quick_dec -0 nack_dec -0
Flow Uec_55_570 flowId 314 uecSrc 313 finished at 34.6642 total messages 1 total packets 62 RTS 0 total bytes 253332 in_flight now 0 fair_inc 0 prop_inc 8631 fast_inc 0 eta_inc 1192 multi_dec -0 quick_dec -0 nack_dec -0
Flow Uec_1061_456 flowId 68 uecSrc 67 finished at 34.6642 total messages 1 total packets 62 RTS 0 total bytes 253332 in_flight now 0 fair_inc 0 prop_inc 7837 fast_inc 0 eta_inc 1192 multi_dec -0 quick_dec -0 nack_dec -0
Flow Uec_1048_489 flowId 336 uecSrc 335 finished at 34.6693 total messages 1 total packets 62 RTS 0 total bytes 253332 in_flight now 0 fair_inc 0 prop_inc 7644 fast_inc 0 eta_inc 1192 multi_dec -0 quick_dec -0 nack_dec -0
Flow Uec_756_171 flowId 280 uecSrc 279 finished at 34.6693 total messages 1 total packets 62 RTS 0 total bytes 253332 in_flight now 0 fair_inc 0 prop_inc 8230 fast_inc 0 eta_inc 1192 multi_dec -0 quick_dec -0 nack_dec -0
Flow Uec_622_6 flowId 288 uecSrc 287 finished at 34.6733 total messages 1 total packets 62 RTS 0 total bytes 253332 in_flight now 0 fair_inc 0 prop_inc 8555 fast_inc 0 eta_inc 1192 multi_dec -0 quick_dec -0 nack_dec -0
Flow Uec_785_152 flowId 242 uecSrc 241 finished at 34.676 total messages 1 total packets 62 RTS 0 total bytes 253332 in_flight now 0 fair_inc 0 prop_inc 8510 fast_inc 0 eta_inc 1192 multi_dec -0 quick_dec -0 nack_dec -0
Flow Uec_235_711 flowId 13 uecSrc 12 finished at 34.7051 total messages 1 total packets 62 RTS 0 total bytes 253332 in_flight now 0 fair_inc 0 prop_inc 8260 fast_inc 0 eta_inc 1192 multi_dec -0 quick_dec -0 nack_dec -0
Flow Uec_1097_413 flowId 311 uecSrc 310 finished at 34.7051 total messages 1 total packets 62 RTS 0 total bytes 253332 in_flight now 0 fair_inc 0 prop_inc 8872 fast_inc 0 eta_inc 1192 multi_dec -0 quick_dec -0 nack_dec -0
Flow Uec_750_144 flowId 533 uecSrc 532 finished at 34.7142 total messages 1 total packets 62 RTS 0 total bytes 253332 in_flight now 0 fair_inc 0 prop_inc 7833 fast_inc 0 eta_inc 1192 multi_dec -0 quick_dec -0 nack_dec -0
Flow Uec_324_839 flowId 357 uecSrc 356 finished at 34.7154 total messages 1 total packets 62 RTS 0 total bytes 253332 in_flight now 0 fair_inc 0 prop_inc 7857 fast_inc 0 eta_inc 1192 multi_dec -0 quick_dec -0 nack_dec -0
Flow Uec_737_138 flowId 1 uecSrc 0 finished at 34.7205 total messages 1 total packets 62 RTS 0 total bytes 253332 in_flight now 0 fair_inc 0 prop_inc 8394 fast_inc 0 eta_inc 1192 multi_dec -0 quick_dec -0 nack_dec -0
Flow Uec_369_897 flowId 258 uecSrc 257 finished at 34.7307 total messages 1 total packets 62 RTS 0 total bytes 253332 in_flight now 0 fair_inc 0 prop_inc 7860 fast_inc 0 eta_inc 1192 multi_dec -0 quick_dec -0 nack_dec -0
Flow Uec_1032_424 flowId 250 uecSrc 249 finished at 34.767 total messages 1 total packets 62 RTS 0 total bytes 253332 in_flight now 0 fair_inc 0 prop_inc 7958 fast_inc 0 eta_inc 1192 multi_dec -0 quick_dec -0 nack_dec -0
Flow Uec_178_635 flowId 50 uecSrc 49 finished at 34.7971 total messages 1 total packets 62 RTS 0 total bytes 253332 in_flight now 0 fair_inc 0 prop_inc 8018 fast_inc 0 eta_inc 1192 multi_dec -0 quick_dec -0 nack_dec -0
Flow Uec_470_994 flowId 42 uecSrc 41 finished at 34.8902 total messages 1 total packets 62 RTS 0 total bytes 253332 in_flight now 0 fair_inc 0 prop_inc 8041 fast_inc 0 eta_inc 1192 multi_dec -0 quick_dec -0 nack_dec -0
Flow Uec_706_117 flowId 299 uecSrc 298 finished at 34.9026 total messages 1 total packets 62 RTS 0 total bytes 253332 in_flight now 0 fair_inc 0 prop_inc 8432 fast_inc 0 eta_inc 1192 multi_dec -0 quick_dec -0 nack_dec -0
Flow Uec_283_732 flowId 268 uecSrc 267 finished at 34.9466 total messages 1 total packets 62 RTS 0 total bytes 253332 in_flight now 0 fair_inc 0 prop_inc 8466 fast_inc 0 eta_inc 1192 multi_dec -0 quick_dec -0 nack_dec -0
Flow Uec_473_959 flowId 100 uecSrc 99 finished at 34.9466 total messages 1 total packets 62 RTS 0 total bytes 253332 in_flight now 0 fair_inc 0 prop_inc 9167 fast_inc 0 eta_inc 1192 multi_dec -0 quick_dec -0 nack_dec -0
Flow Uec_584_1090 flowId 404 uecSrc 403 finished at 34.9808 total messages 1 total packets 62 RTS 0 total bytes 253332 in_flight now 0 fair_inc 0 prop_inc 7533 fast_inc 0 eta_inc 1192 multi_dec -0 quick_dec -0 nack_dec -0
Flow Uec_362_831 flowId 54 uecSrc 53 finished at 34.991 total messages 1 total packets 62 RTS 0 total bytes 253332 in_flight now 0 fair_inc 0 prop_inc 8671 fast_inc 0 eta_inc 1192 multi_dec -0 quick_dec -0 nack_dec -0
Flow Uec_687_88 flowId 316 uecSrc 315 finished at 34.991 total messages 1 total packets 62 RTS 0 total bytes 253332 in_flight now 0 fair_inc 0 prop_inc 7882 fast_inc 0 eta_inc 1192 multi_dec -0 quick_dec -0 nack_dec -0
Flow Uec_1036_443 flowId 103 uecSrc 102 finished at 34.991 total messages 1 total packets 62 RTS 0 total bytes 253332 in_flight now 0 fair_inc 0 prop_inc 8248 fast_inc 0 eta_inc 1192 multi_dec -0 quick_dec -0 nack_dec -0
Flow Uec_165_671 flowId 41 uecSrc 40 finished at 34.991 total messages 1 total packets 62 RTS 0 total bytes 253332 in_flight now 0 fair_inc 0 prop_inc 7749 fast_inc 0 eta_inc 1192 multi_dec -0 quick_dec -0 nack_dec -0
Flow Uec_360_830 flowId 47 uecSrc 46 finished at 34.991 total messages 1 total packets 62 RTS 0 total bytes 253332 in_flight now 0 fair_inc 0 prop_inc 7755 fast_inc 0 eta_inc 1192 multi_dec -0 quick_dec -0 nack_dec -0
Flow Uec_406_915 flowId 115 uecSrc 114 finished at 34.991 total messages 1 total packets 62 RTS 0 total bytes 253332 in_flight now 0 fair_inc 0 prop_inc 8052 fast_inc 0 eta_inc 1192 multi_dec -0 quick_dec -0 nack_dec -0
Flow Uec_99_579 flowId 160 uecSrc 159 finished at 34.995 total messages 1 total packets 62 RTS 0 total bytes 253332 in_flight now 0 fair_inc 0 prop_inc 8217 fast_inc 0 eta_inc 1192 multi_dec -0 quick_dec -0 nack_dec -0
Flow Uec_627_64 flowId 139 uecSrc 138 finished at 34.9962 total messages 1 total packets 62 RTS 0 total bytes 253332 in_flight now 0 fair_inc 0 prop_inc 8168 fast_inc 0 eta_inc 1192 multi_dec -0 quick_dec -0 nack_dec -0
Flow Uec_101_625 flowId 178 uecSrc 177 finished at 35.0002 total messages 1 total packets 62 RTS 0 total bytes 253332 in_flight now 0 fair_inc 0 prop_inc 8638 fast_inc 0 eta_inc 1192 multi_dec -0 quick_dec -0 nack_dec -0
Flow Uec_415_912 flowId 3 uecSrc 2 finished at 35.0013 total messages 1 total packets 62 RTS 0 total bytes 253332 in_flight now 0 fair_inc 0 prop_inc 8407 fast_inc 0 eta_inc 1192 multi_dec -0 quick_dec -0 nack_dec -0
Flow Uec_881_296 flowId 19 uecSrc 18 finished at 35.0053 total messages 1 total packets 62 RTS 0 total bytes 253332 in_flight now 0 fair_inc 0 prop_inc 7861 fast_inc 0 eta_inc 1192 multi_dec -0 quick_dec -0 nack_dec -0
Flow Uec_806_223 flowId 170 uecSrc 169 finished at 35.0166 total messages 1 total packets 62 RTS 0 total bytes 253332 in_flight now 0 fair_inc 0 prop_inc 8446 fast_inc 0 eta_inc 1192 multi_dec -0 quick_dec -0 nack_dec -0
Flow Uec_161_690 flowId 69 uecSrc 68 finished at 35.0184 total messages 1 total packets 62 RTS 0 total bytes 253332 in_flight now 0 fair_inc 0 prop_inc 7909 fast_inc 0 eta_inc 1192 multi_dec -0 quick_dec -0 nack_dec -0
Flow Uec_490_999 flowId 512 uecSrc 511 finished at 35.0206 total messages 1 total packets 62 RTS 0 total bytes 253332 in_flight now 0 fair_inc 0 prop_inc 7866 fast_inc 0 eta_inc 1192 multi_dec -0 quick_dec -0 nack_dec -0
Flow Uec_138_623 flowId 154 uecSrc 153 finished at 35.0269 total messages 1 total packets 62 RTS 0 total bytes 253332 in_flight now 0 fair_inc 0 prop_inc 7755 fast_inc 0 eta_inc 1192 multi_dec -0 quick_dec -0 nack_dec -0
Flow Uec_452_951 flowId 23 uecSrc 22 finished at 35.0309 total messages 1 total packets 62 RTS 0 total bytes 253332 in_flight now 0 fair_inc 0 prop_inc 7127 fast_inc 0 eta_inc 1192 multi_dec -0 quick_dec -0 nack_dec -0
Flow Uec_193_699 flowId 201 uecSrc 200 finished at 35.032 total messages 1 total packets 62 RTS 0 total bytes 253332 in_flight now 0 fair_inc 0 prop_inc 7015 fast_inc 0 eta_inc 1192 multi_dec -0 quick_dec -0 nack_dec -0
Flow Uec_930_370 flowId 161 uecSrc 160 finished at 35.0371 total messages 1 total packets 62 RTS 0 total bytes 253332 in_flight now 0 fair_inc 0 prop_inc 8101 fast_inc 0 eta_inc 1192 multi_dec -0 quick_dec -0 nack_dec -0
Flow Uec_353_856 flowId 60 uecSrc 59 finished at 35.0371 total messages 1 total packets 62 RTS 0 total bytes 253332 in_flight now 0 fair_inc 0 prop_inc 8703 fast_inc 0 eta_inc 1192 multi_dec -0 quick_dec -0 nack_dec -0
Flow Uec_777_165 flowId 520 uecSrc 519 finished at 35.0371 total messages 1 total packets 62 RTS 0 total bytes 253332 in_flight now 0 fair_inc 0 prop_inc 7030 fast_inc 0 eta_inc 1192 multi_dec -0 quick_dec -0 nack_dec -0
Flow Uec_1047_490 flowId 22 uecSrc 21 finished at 35.0474 total messages 1 total packets 62 RTS 0 total bytes 253332 in_flight now 0 fair_inc 0 prop_inc 7998 fast_inc 0 eta_inc 1192 multi_dec -0 quick_dec -0 nack_dec -0
Flow Uec_89_531 flowId 301 uecSrc 300 finished at 35.0474 total messages 1 total packets 62 RTS 0 total bytes 253332 in_flight now 0 fair_inc 0 prop_inc 6308 fast_inc 0 eta_inc 1192 multi_dec -0 quick_dec -0 nack_dec -0
Flow Uec_124_628 flowId 279 uecSrc 278 finished at 35.0525 total messages 1 total packets 62 RTS 0 total bytes 253332 in_flight now 0 fair_inc 0 prop_inc 8759 fast_inc 0 eta_inc 1192 multi_dec -0 quick_dec -0 nack_dec -0
Flow Uec_769_197 flowId 205 uecSrc 204 finished at 35.0549 total messages 1 total packets 62 RTS 0 total bytes 253332 in_flight now 0 fair_inc 0 prop_inc 7505 fast_inc 0 eta_inc 1192 multi_dec -0 quick_dec -0 nack_dec -0
Flow Uec_1074_469 flowId 219 uecSrc 218 finished at 35.1037 total messages 1 total packets 62 RTS 0 total bytes 253332 in_flight now 0 fair_inc 0 prop_inc 8502 fast_inc 0 eta_inc 1192 multi_dec -0 quick_dec -0 nack_dec -0
Flow Uec_388_872 flowId 282 uecSrc 281 finished at 35.2576 total messages 1 total packets 62 RTS 0 total bytes 253332 in_flight now 0 fair_inc 0 prop_inc 7842 fast_inc 0 eta_inc 1192 multi_dec -0 quick_dec -0 nack_dec -0
Flow Uec_681_9 flowId 351 uecSrc 350 finished at 35.2616 total messages 1 total packets 62 RTS 0 total bytes 253332 in_flight now 0 fair_inc 0 prop_inc 7797 fast_inc 0 eta_inc 1192 multi_dec -0 quick_dec -0 nack_dec -0
Flow Uec_600_58 flowId 21 uecSrc 20 finished at 35.2781 total messages 1 total packets 62 RTS 0 total bytes 253332 in_flight now 0 fair_inc 0 prop_inc 8163 fast_inc 0 eta_inc 1192 multi_dec -0 quick_dec -0 nack_dec -0
Flow Uec_118_696 flowId 175 uecSrc 174 finished at 35.3042 total messages 1 total packets 62 RTS 0 total bytes 253332 in_flight now 0 fair_inc 0 prop_inc 7833 fast_inc 0 eta_inc 1192 multi_dec -0 quick_dec -0 nack_dec -0
Flow Uec_340_860 flowId 501 uecSrc 500 finished at 35.323 total messages 1 total packets 62 RTS 0 total bytes 253332 in_flight now 0 fair_inc 0 prop_inc 7651 fast_inc 0 eta_inc 1192 multi_dec -0 quick_dec -0 nack_dec -0
Flow Uec_69_509 flowId 165 uecSrc 164 finished at 35.323 total messages 1 total packets 62 RTS 0 total bytes 253332 in_flight now 0 fair_inc 0 prop_inc 7574 fast_inc 0 eta_inc 1192 multi_dec -0 quick_dec -0 nack_dec -0
Flow Uec_122_633 flowId 91 uecSrc 90 finished at 35.323 total messages 1 total packets 62 RTS 0 total bytes 253332 in_flight now 0 fair_inc 0 prop_inc 8950 fast_inc 0 eta_inc 1192 multi_dec -0 quick_dec -0 nack_dec -0
Flow Uec_960_396 flowId 229 uecSrc 228 finished at 35.323 total messages 1 total packets 62 RTS 0 total bytes 253332 in_flight now 0 fair_inc 0 prop_inc 8215 fast_inc 0 eta_inc 1192 multi_dec -0 quick_dec -0 nack_dec -0
Flow Uec_145_636 flowId 234 uecSrc 233 finished at 35.323 total messages 1 total packets 62 RTS 0 total bytes 253332 in_flight now 0 fair_inc 0 prop_inc 8262 fast_inc 0 eta_inc 1192 multi_dec -0 quick_dec -0 nack_dec -0
Flow Uec_1016_450 flowId 97 uecSrc 96 finished at 35.323 total messages 1 total packets 62 RTS 0 total bytes 253332 in_flight now 0 fair_inc 0 prop_inc 7441 fast_inc 0 eta_inc 1192 multi_dec -0 quick_dec -0 nack_dec -0
Flow Uec_425_919 flowId 226 uecSrc 225 finished at 35.323 total messages 1 total packets 62 RTS 0 total bytes 253332 in_flight now 0 fair_inc 0 prop_inc 8759 fast_inc 0 eta_inc 1192 multi_dec -0 quick_dec -0 nack_dec -0
Flow Uec_1049_459 flowId 171 uecSrc 170 finished at 35.3242 total messages 1 total packets 62 RTS 0 total bytes 253332 in_flight now 0 fair_inc 0 prop_inc 7751 fast_inc 0 eta_inc 1192 multi_dec -0 quick_dec -0 nack_dec -0
Flow Uec_1085_479 flowId 515 uecSrc 514 finished at 35.3282 total messages 1 total packets 62 RTS 0 total bytes 253332 in_flight now 0 fair_inc 0 prop_inc 7599 fast_inc 0 eta_inc 1192 multi_dec -0 quick_dec -0 nack_dec -0
Flow Uec_197_665 flowId 496 uecSrc 495 finished at 35.3282 total messages 1 total packets 62 RTS 0 total bytes 253332 in_flight now 0 fair_inc 0 prop_inc 6932 fast_inc 0 eta_inc 1192 multi_dec -0 quick_dec -0 nack_dec -0
Flow Uec_1051_462 flowId 249 uecSrc 248 finished at 35.3357 total messages 1 total packets 62 RTS 0 total bytes 253332 in_flight now 0 fair_inc 0 prop_inc 7476 fast_inc 0 eta_inc 1192 multi_dec -0 quick_dec -0 nack_dec -0
Flow Uec_41_557 flowId 304 uecSrc 303 finished at 35.3384 total messages 1 total packets 62 RTS 0 total bytes 253332 in_flight now 0 fair_inc 0 prop_inc 7151 fast_inc 0 eta_inc 1192 multi_dec -0 quick_dec -0 nack_dec -0
Flow Uec_720_192 flowId 212 uecSrc 211 finished at 35.3384 total messages 1 total packets 62 RTS 0 total bytes 253332 in_flight now 0 fair_inc 0 prop_inc 7941 fast_inc 0 eta_inc 1192 multi_dec -0 quick_dec -0 nack_dec -0
Flow Uec_168_661 flowId 327 uecSrc 326 finished at 35.3435 total messages 1 total packets 62 RTS 0 total bytes 253332 in_flight now 0 fair_inc 0 prop_inc 6946 fast_inc 0 eta_inc 1192 multi_dec -0 quick_dec -0 nack_dec -0
Flow Uec_458_964 flowId 203 uecSrc 202 finished at 35.3435 total messages 1 total packets 62 RTS 0 total bytes 253332 in_flight now 0 fair_inc 0 prop_inc 7608 fast_inc 0 eta_inc 1192 multi_dec -0 quick_dec -0 nack_dec -0
Flow Uec_781_194 flowId 360 uecSrc 359 finished at 35.3451 total messages 1 total packets 62 RTS 0 total bytes 253332 in_flight now 0 fair_inc 0 prop_inc 8266 fast_inc 0 eta_inc 1192 multi_dec -0 quick_dec -0 nack_dec -0
Flow Uec_903_356 flowId 15 uecSrc 14 finished at 35.3475 total messages 1 total packets 62 RTS 0 total bytes 253332 in_flight now 0 fair_inc 0 prop_inc 7832 fast_inc 0 eta_inc 1192 multi_dec -0 quick_dec -0 nack_dec -0
Flow Uec_742_105 flowId 414 uecSrc 413 finished at 35.3486 total messages 1 total packets 62 RTS 0 total bytes 253332 in_flight now 0 fair_inc 0 prop_inc 6336 fast_inc 0 eta_inc 1192 multi_dec -0 quick_dec -0 nack_dec -0
Flow Uec_557_1092 flowId 470 uecSrc 469 finished at 35.3538 total messages 1 total packets 62 RTS 0 total bytes 253332 in_flight now 0 fair_inc 0 prop_inc 7447 fast_inc 0 eta_inc 1192 multi_dec -0 quick_dec -0 nack_dec -0
Flow Uec_711_126 flowId 368 uecSrc 367 finished at 35.3554 total messages 1 total packets 62 RTS 0 total bytes 253332 in_flight now 0 fair_inc 0 prop_inc 7130 fast_inc 0 eta_inc 1192 multi_dec -0 quick_dec -0 nack_dec -0
Flow Uec_485_901 flowId 285 uecSrc 284 finished at 35.3629 total messages 1 total packets 62 RTS 0 total bytes 253332 in_flight now 0 fair_inc 0 prop_inc 7343 fast_inc 0 eta_inc 1192 multi_dec -0 quick_dec -0 nack_dec -0
Flow Uec_598_1076 flowId 56 uecSrc 55 finished at 35.364 total messages 1 total packets 62 RTS 0 total bytes 253332 in_flight now 0 fair_inc 0 prop_inc 8148 fast_inc 0 eta_inc 1192 multi_dec -0 quick_dec -0 nack_dec -0
Flow Uec_935_376 flowId 123 uecSrc 122 finished at 35.3742 total messages 1 total packets 62 RTS 0 total bytes 253332 in_flight now 0 fair_inc 0 prop_inc 7744 fast_inc 0 eta_inc 1192 multi_dec -0 quick_dec -0 nack_dec -0
Flow Uec_958_328 flowId 312 uecSrc 311 finished at 35.3794 total messages 1 total packets 62 RTS 0 total bytes 253332 in_flight now 0 fair_inc 0 prop_inc 7340 fast_inc 0 eta_inc 1192 multi_dec -0 quick_dec -0 nack_dec -0
Flow Uec_833_230 flowId 516 uecSrc 515 finished at 35.3794 total messages 1 total packets 62 RTS 0 total bytes 253332 in_flight now 0 fair_inc 0 prop_inc 6504 fast_inc 0 eta_inc 1192 multi_dec -0 quick_dec -0 nack_dec -0
Flow Uec_94_597 flowId 164 uecSrc 163 finished at 35.3834 total messages 1 total packets 62 RTS 0 total bytes 253332 in_flight now 0 fair_inc 0 prop_inc 8180 fast_inc 0 eta_inc 1192 multi_dec -0 quick_dec -0 nack_dec -0
Flow Uec_259_767 flowId 503 uecSrc 502 finished at 35.3845 total messages 1 total packets 62 RTS 0 total bytes 253332 in_flight now 0 fair_inc 0 prop_inc 6897 fast_inc 0 eta_inc 1192 multi_dec -0 quick_dec -0 nack_dec -0
Flow Uec_815_287 flowId 217 uecSrc 216 finished at 35.3845 total messages 1 total packets 62 RTS 0 total bytes 253332 in_flight now 0 fair_inc 0 prop_inc 6791 fast_inc 0 eta_inc 1192 multi_dec -0 quick_dec -0 nack_dec -0
Flow Uec_572_1091 flowId 64 uecSrc 63 finished at 35.3936 total messages 1 total packets 62 RTS 0 total bytes 253332 in_flight now 0 fair_inc 0 prop_inc 8918 fast_inc 0 eta_inc 1192 multi_dec -0 quick_dec -0 nack_dec -0
Flow Uec_1062_466 flowId 508 uecSrc 507 finished at 35.3947 total messages 1 total packets 62 RTS 0 total bytes 253332 in_flight now 0 fair_inc 0 prop_inc 7562 fast_inc 0 eta_inc 1192 multi_dec -0 quick_dec -0 nack_dec -0
Flow Uec_1050_465 flowId 17 uecSrc 16 finished at 35.4027 total messages 1 total packets 62 RTS 0 total bytes 253332 in_flight now 0 fair_inc 0 prop_inc 7836 fast_inc 0 eta_inc 1192 multi_dec -0 quick_dec -0 nack_dec -0
Flow Uec_135_642 flowId 330 uecSrc 329 finished at 35.4459 total messages 1 total packets 62 RTS 0 total bytes 253332 in_flight now 0 fair_inc 0 prop_inc 7992 fast_inc 0 eta_inc 1192 multi_dec -0 quick_dec -0 nack_dec -0
Flow Uec_227_704 flowId 466 uecSrc 465 finished at 35.4664 total messages 1 total packets 62 RTS 0 total bytes 253332 in_flight now 0 fair_inc 0 prop_inc 7520 fast_inc 0 eta_inc 1192 multi_dec -0 quick_dec -0 nack_dec -0
Flow Uec_847_227 flowId 394 uecSrc 393 finished at 35.5346 total messages 1 total packets 62 RTS 0 total bytes 253332 in_flight now 0 fair_inc 0 prop_inc 7364 fast_inc 0 eta_inc 1192 multi_dec -0 quick_dec -0 nack_dec -0
Flow Uec_589_1037 flowId 283 uecSrc 282 finished at 35.5491 total messages 1 total packets 62 RTS 0 total bytes 253332 in_flight now 0 fair_inc 0 prop_inc 7262 fast_inc 0 eta_inc 1192 multi_dec -0 quick_dec -0 nack_dec -0
Flow Uec_1077_408 flowId 169 uecSrc 168 finished at 35.5896 total messages 1 total packets 62 RTS 0 total bytes 253332 in_flight now 0 fair_inc 0 prop_inc 7883 fast_inc 0 eta_inc 1192 multi_dec -0 quick_dec -0 nack_dec -0
Flow Uec_486_924 flowId 424 uecSrc 423 finished at 35.655 total messages 1 total packets 62 RTS 0 total bytes 253332 in_flight now 0 fair_inc 0 prop_inc 7514 fast_inc 0 eta_inc 1192 multi_dec -0 quick_dec -0 nack_dec -0
Flow Uec_484_954 flowId 120 uecSrc 119 finished at 35.655 total messages 1 total packets 62 RTS 0 total bytes 253332 in_flight now 0 fair_inc 0 prop_inc 7873 fast_inc 0 eta_inc 1192 multi_dec -0 quick_dec -0 nack_dec -0
Flow Uec_483_984 flowId 80 uecSrc 79 finished at 35.655 total messages 1 total packets 62 RTS 0 total bytes 253332 in_flight now 0 fair_inc 0 prop_inc 7737 fast_inc 0 eta_inc 1192 multi_dec -0 quick_dec -0 nack_dec -0
Flow Uec_1022_444 flowId 52 uecSrc 51 finished at 35.655 total messages 1 total packets 62 RTS 0 total bytes 253332 in_flight now 0 fair_inc 0 prop_inc 7084 fast_inc 0 eta_inc 1192 multi_dec -0 quick_dec -0 nack_dec -0
Flow Uec_705_159 flowId 322 uecSrc 321 finished at 35.6579 total messages 1 total packets 62 RTS 0 total bytes 253332 in_flight now 0 fair_inc 0 prop_inc 7365 fast_inc 0 eta_inc 1192 multi_dec -0 quick_dec -0 nack_dec -0
Flow Uec_496_916 flowId 81 uecSrc 80 finished at 35.659 total messages 1 total packets 62 RTS 0 total bytes 253332 in_flight now 0 fair_inc 0 prop_inc 7521 fast_inc 0 eta_inc 1192 multi_dec -0 quick_dec -0 nack_dec -0
Flow Uec_286_701 flowId 320 uecSrc 319 finished at 35.6602 total messages 1 total packets 62 RTS 0 total bytes 253332 in_flight now 0 fair_inc 0 prop_inc 6795 fast_inc 0 eta_inc 1192 multi_dec -0 quick_dec -0 nack_dec -0
Flow Uec_50_595 flowId 260 uecSrc 259 finished at 35.6642 total messages 1 total packets 62 RTS 0 total bytes 253332 in_flight now 0 fair_inc 1490 prop_inc 7624 fast_inc 0 eta_inc 1192 multi_dec -0 quick_dec -0 nack_dec -0
Flow Uec_463_979 flowId 248 uecSrc 247 finished at 35.6642 total messages 1 total packets 62 RTS 0 total bytes 253332 in_flight now 0 fair_inc 0 prop_inc 8317 fast_inc 0 eta_inc 1192 multi_dec -0 quick_dec -0 nack_dec -0
Flow Uec_1035_446 flowId 306 uecSrc 305 finished at 35.6653 total messages 1 total packets 62 RTS 0 total bytes 253332 in_flight now 0 fair_inc 0 prop_inc 7263 fast_inc 0 eta_inc 1192 multi_dec -0 quick_dec -0 nack_dec -0
Flow Uec_332_877 flowId 221 uecSrc 220 finished at 35.6909 total messages 1 total packets 62 RTS 0 total bytes 253332 in_flight now 0 fair_inc 0 prop_inc 7803 fast_inc 0 eta_inc 1192 multi_dec -0 quick_dec -0 nack_dec -0
Flow Uec_462_944 flowId 372 uecSrc 371 finished at 35.6909 total messages 1 total packets 62 RTS 0 total bytes 253332 in_flight now 0 fair_inc 0 prop_inc 6685 fast_inc 0 eta_inc 1192 multi_dec -0 quick_dec -0 nack_dec -0
Flow Uec_144_681 flowId 179 uecSrc 178 finished at 35.6909 total messages 1 total packets 62 RTS 0 total bytes 253332 in_flight now 0 fair_inc 0 prop_inc 6027 fast_inc 0 eta_inc 1192 multi_dec -0 quick_dec -0 nack_dec -0
Flow Uec_975_301 flowId 118 uecSrc 117 finished at 35.696 total messages 1 total packets 62 RTS 0 total bytes 253332 in_flight now 0 fair_inc 0 prop_inc 7063 fast_inc 0 eta_inc 1192 multi_dec -0 quick_dec -0 nack_dec -0
Flow Uec_154_685 flowId 276 uecSrc 275 finished at 35.696 total messages 1 total packets 62 RTS 0 total bytes 253332 in_flight now 0 fair_inc 0 prop_inc 6584 fast_inc 0 eta_inc 1192 multi_dec -0 quick_dec -0 nack_dec -0
Flow Uec_972_323 flowId 463 uecSrc 462 finished at 35.7029 total messages 1 total packets 62 RTS 0 total bytes 253332 in_flight now 0 fair_inc 0 prop_inc 8222 fast_inc 0 eta_inc 1192 multi_dec -0 quick_dec -0 nack_dec -0
Flow Uec_684_19 flowId 202 uecSrc 201 finished at 35.7091 total messages 1 total packets 62 RTS 0 total bytes 253332 in_flight now 0 fair_inc 0 prop_inc 7299 fast_inc 0 eta_inc 1192 multi_dec -0 quick_dec -0 nack_dec -0
Flow Uec_276_744 flowId 150 uecSrc 149 finished at 35.7118 total messages 1 total packets 62 RTS 0 total bytes 253332 in_flight now 0 fair_inc 0 prop_inc 7967 fast_inc 0 eta_inc 1192 multi_dec -0 quick_dec -0 nack_dec -0
Flow Uec_635_11 flowId 402 uecSrc 401 finished at 35.7205 total messages 1 total packets 62 RTS 0 total bytes 253332 in_flight now 0 fair_inc 0 prop_inc 7568 fast_inc 0 eta_inc 1192 multi_dec -0 quick_dec -0 nack_dec -0
Flow Uec_4_558 flowId 111 uecSrc 110 finished at 35.7245 total messages 1 total packets 62 RTS 0 total bytes 253332 in_flight now 0 fair_inc 0 prop_inc 9259 fast_inc 0 eta_inc 1192 multi_dec -0 quick_dec -0 nack_dec -0
Flow Uec_792_182 flowId 434 uecSrc 433 finished at 35.7245 total messages 1 total packets 62 RTS 0 total bytes 253332 in_flight now 0 fair_inc 0 prop_inc 7002 fast_inc 0 eta_inc 1192 multi_dec -0 quick_dec -0 nack_dec -0
Flow Uec_237_750 flowId 453 uecSrc 452 finished at 35.7256 total messages 1 total packets 62 RTS 0 total bytes 253332 in_flight now 0 fair_inc 0 prop_inc 6390 fast_inc 0 eta_inc 1192 multi_dec -0 quick_dec -0 nack_dec -0
Flow Uec_561_1042 flowId 108 uecSrc 107 finished at 35.7307 total messages 1 total packets 62 RTS 0 total bytes 253332 in_flight now 0 fair_inc 0 prop_inc 7177 fast_inc 0 eta_inc 1192 multi_dec -0 quick_dec -0 nack_dec -0
Flow Uec_465_918 flowId 421 uecSrc 420 finished at 35.7354 total messages 1 total packets 62 RTS 0 total bytes 253332 in_flight now 0 fair_inc 0 prop_inc 6956 fast_inc 0 eta_inc 1192 multi_dec -0 quick_dec -0 nack_dec -0
Flow Uec_42_526 flowId 308 uecSrc 307 finished at 35.737 total messages 1 total packets 62 RTS 0 total bytes 253332 in_flight now 0 fair_inc 0 prop_inc 6565 fast_inc 0 eta_inc 1192 multi_dec -0 quick_dec -0 nack_dec -0
Flow Uec_822_232 flowId 99 uecSrc 98 finished at 35.7398 total messages 1 total packets 62 RTS 0 total bytes 253332 in_flight now 0 fair_inc 0 prop_inc 7556 fast_inc 0 eta_inc 1192 multi_dec -0 quick_dec -0 nack_dec -0
Flow Uec_461_935 flowId 224 uecSrc 223 finished at 35.7405 total messages 1 total packets 62 RTS 0 total bytes 253332 in_flight now 0 fair_inc 0 prop_inc 7331 fast_inc 0 eta_inc 1192 multi_dec -0 quick_dec -0 nack_dec -0
Flow Uec_307_864 flowId 294 uecSrc 293 finished at 35.7472 total messages 1 total packets 62 RTS 0 total bytes 253332 in_flight now 0 fair_inc 0 prop_inc 7554 fast_inc 0 eta_inc 1192 multi_dec -0 quick_dec -0 nack_dec -0
Flow Uec_301_871 flowId 540 uecSrc 539 finished at 35.7574 total messages 1 total packets 62 RTS 0 total bytes 253332 in_flight now 0 fair_inc 0 prop_inc 7001 fast_inc 0 eta_inc 1192 multi_dec -0 quick_dec -0 nack_dec -0
Flow Uec_367_870 flowId 62 uecSrc 61 finished at 35.7574 total messages 1 total packets 62 RTS 0 total bytes 253332 in_flight now 0 fair_inc 0 prop_inc 6758 fast_inc 0 eta_inc 1192 multi_dec -0 quick_dec -0 nack_dec -0
Flow Uec_437_952 flowId 199 uecSrc 198 finished at 35.824 total messages 1 total packets 62 RTS 0 total bytes 253332 in_flight now 0 fair_inc 0 prop_inc 8047 fast_inc 0 eta_inc 1192 multi_dec -0 quick_dec -0 nack_dec -0
Flow Uec_653_42 flowId 335 uecSrc 334 finished at 35.8461 total messages 1 total packets 62 RTS 0 total bytes 253332 in_flight now 0 fair_inc 0 prop_inc 6918 fast_inc 0 eta_inc 1192 multi_dec -0 quick_dec -0 nack_dec -0
Flow Uec_944_343 flowId 66 uecSrc 65 finished at 35.9256 total messages 1 total packets 62 RTS 0 total bytes 253332 in_flight now 0 fair_inc 0 prop_inc 8447 fast_inc 0 eta_inc 1192 multi_dec -0 quick_dec -0 nack_dec -0
Flow Uec_114_668 flowId 475 uecSrc 474 finished at 35.9374 total messages 1 total packets 62 RTS 0 total bytes 253332 in_flight now 0 fair_inc 0 prop_inc 6407 fast_inc 0 eta_inc 1192 multi_dec -0 quick_dec -0 nack_dec -0
Flow Uec_934_319 flowId 206 uecSrc 205 finished at 35.9376 total messages 1 total packets 62 RTS 0 total bytes 253332 in_flight now 0 fair_inc 0 prop_inc 7444 fast_inc 0 eta_inc 1192 multi_dec -0 quick_dec -0 nack_dec -0
Flow Uec_968_303 flowId 361 uecSrc 360 finished at 35.9563 total messages 1 total packets 62 RTS 0 total bytes 253332 in_flight now 0 fair_inc 0 prop_inc 5983 fast_inc 0 eta_inc 1192 multi_dec -0 quick_dec -0 nack_dec -0
Flow Uec_152_603 flowId 251 uecSrc 250 finished at 35.9779 total messages 1 total packets 62 RTS 0 total bytes 253332 in_flight now 0 fair_inc 0 prop_inc 7068 fast_inc 0 eta_inc 1192 multi_dec -0 quick_dec -0 nack_dec -0
Flow Uec_630_33 flowId 137 uecSrc 136 finished at 35.987 total messages 1 total packets 62 RTS 0 total bytes 253332 in_flight now 0 fair_inc 0 prop_inc 7361 fast_inc 0 eta_inc 1192 multi_dec -0 quick_dec -0 nack_dec -0
Flow Uec_955_337 flowId 246 uecSrc 245 finished at 35.987 total messages 1 total packets 62 RTS 0 total bytes 253332 in_flight now 0 fair_inc 0 prop_inc 8656 fast_inc 0 eta_inc 1788 multi_dec -0 quick_dec -0 nack_dec -0
Flow Uec_410_967 flowId 267 uecSrc 266 finished at 35.987 total messages 1 total packets 62 RTS 0 total bytes 253332 in_flight now 0 fair_inc 0 prop_inc 6927 fast_inc 0 eta_inc 1192 multi_dec -0 quick_dec -0 nack_dec -0
Flow Uec_646_10 flowId 144 uecSrc 143 finished at 35.987 total messages 1 total packets 62 RTS 0 total bytes 253332 in_flight now 0 fair_inc 0 prop_inc 8529 fast_inc 0 eta_inc 1788 multi_dec -0 quick_dec -0 nack_dec -0
Flow Uec_250_749 flowId 84 uecSrc 83 finished at 35.9922 total messages 1 total packets 62 RTS 0 total bytes 253332 in_flight now 0 fair_inc 0 prop_inc 7209 fast_inc 0 eta_inc 1192 multi_dec -0 quick_dec -0 nack_dec -0
Flow Uec_713_186 flowId 83 uecSrc 82 finished at 35.9973 total messages 1 total packets 62 RTS 0 total bytes 253332 in_flight now 0 fair_inc 0 prop_inc 7010 fast_inc 0 eta_inc 1192 multi_dec -0 quick_dec -0 nack_dec -0
Flow Uec_752_148 flowId 293 uecSrc 292 finished at 35.9973 total messages 1 total packets 62 RTS 0 total bytes 253332 in_flight now 0 fair_inc 0 prop_inc 7942 fast_inc 0 eta_inc 1192 multi_dec -0 quick_dec -0 nack_dec -0
Flow Uec_886_294 flowId 490 uecSrc 489 finished at 35.9984 total messages 1 total packets 62 RTS 0 total bytes 253332 in_flight now 0 fair_inc 0 prop_inc 7101 fast_inc 0 eta_inc 1192 multi_dec -0 quick_dec -0 nack_dec -0
Flow Uec_303_866 flowId 185 uecSrc 184 finished at 36.0178 total messages 1 total packets 62 RTS 0 total bytes 253332 in_flight now 0 fair_inc 0 prop_inc 7608 fast_inc 0 eta_inc 1192 multi_dec -0 quick_dec -0 nack_dec -0
Flow Uec_1090_412 flowId 443 uecSrc 442 finished at 36.0218 total messages 1 total packets 62 RTS 0 total bytes 253332 in_flight now 0 fair_inc 1491 prop_inc 5898 fast_inc 0 eta_inc 1192 multi_dec -0 quick_dec -0 nack_dec -0
Flow Uec_254_756 flowId 259 uecSrc 258 finished at 36.0229 total messages 1 total packets 62 RTS 0 total bytes 253332 in_flight now 0 fair_inc 0 prop_inc 6153 fast_inc 0 eta_inc 1192 multi_dec -0 quick_dec -0 nack_dec -0
Flow Uec_497_975 flowId 511 uecSrc 510 finished at 36.028 total messages 1 total packets 62 RTS 0 total bytes 253332 in_flight now 0 fair_inc 0 prop_inc 6757 fast_inc 0 eta_inc 1192 multi_dec -0 quick_dec -0 nack_dec -0
Flow Uec_864_275 flowId 449 uecSrc 448 finished at 36.032 total messages 1 total packets 62 RTS 0 total bytes 253332 in_flight now 0 fair_inc 0 prop_inc 7120 fast_inc 0 eta_inc 1192 multi_dec -0 quick_dec -0 nack_dec -0
Flow Uec_1007_497 flowId 166 uecSrc 165 finished at 36.0331 total messages 1 total packets 62 RTS 0 total bytes 253332 in_flight now 0 fair_inc 0 prop_inc 7021 fast_inc 0 eta_inc 1192 multi_dec -0 quick_dec -0 nack_dec -0
Flow Uec_879_280 flowId 129 uecSrc 128 finished at 36.0331 total messages 1 total packets 62 RTS 0 total bytes 253332 in_flight now 0 fair_inc 0 prop_inc 6620 fast_inc 0 eta_inc 1192 multi_dec -0 quick_dec -0 nack_dec -0
Flow Uec_175_639 flowId 266 uecSrc 265 finished at 36.0382 total messages 1 total packets 62 RTS 0 total bytes 253332 in_flight now 0 fair_inc 0 prop_inc 6929 fast_inc 0 eta_inc 1192 multi_dec -0 quick_dec -0 nack_dec -0
Flow Uec_754_146 flowId 492 uecSrc 491 finished at 36.0422 total messages 1 total packets 62 RTS 0 total bytes 253332 in_flight now 0 fair_inc 0 prop_inc 6995 fast_inc 0 eta_inc 1192 multi_dec -0 quick_dec -0 nack_dec -0
Flow Uec_947_372 flowId 281 uecSrc 280 finished at 36.0434 total messages 1 total packets 62 RTS 0 total bytes 253332 in_flight now 0 fair_inc 0 prop_inc 7054 fast_inc 0 eta_inc 1192 multi_dec -0 quick_dec -0 nack_dec -0
Flow Uec_614_16 flowId 416 uecSrc 415 finished at 36.0536 total messages 1 total packets 62 RTS 0 total bytes 253332 in_flight now 0 fair_inc 0 prop_inc 7798 fast_inc 0 eta_inc 1192 multi_dec -0 quick_dec -0 nack_dec -0
Flow Uec_121_624 flowId 502 uecSrc 501 finished at 36.0638 total messages 1 total packets 62 RTS 0 total bytes 253332 in_flight now 0 fair_inc 0 prop_inc 6266 fast_inc 0 eta_inc 1192 multi_dec -0 quick_dec -0 nack_dec -0
Flow Uec_552_1024 flowId 324 uecSrc 323 finished at 36.0741 total messages 1 total packets 62 RTS 0 total bytes 253332 in_flight now 0 fair_inc 0 prop_inc 8069 fast_inc 0 eta_inc 1192 multi_dec -0 quick_dec -0 nack_dec -0
Flow Uec_163_688 flowId 531 uecSrc 530 finished at 36.0894 total messages 1 total packets 62 RTS 0 total bytes 253332 in_flight now 0 fair_inc 0 prop_inc 6506 fast_inc 0 eta_inc 1192 multi_dec -0 quick_dec -0 nack_dec -0
Flow Uec_743_199 flowId 151 uecSrc 150 finished at 36.1157 total messages 1 total packets 62 RTS 0 total bytes 253332 in_flight now 0 fair_inc 0 prop_inc 7337 fast_inc 0 eta_inc 1192 multi_dec -0 quick_dec -0 nack_dec -0
Flow Uec_729_118 flowId 430 uecSrc 429 finished at 36.2478 total messages 1 total packets 62 RTS 0 total bytes 253332 in_flight now 0 fair_inc 0 prop_inc 7342 fast_inc 0 eta_inc 1192 multi_dec -0 quick_dec -0 nack_dec -0
Flow Uec_500_1023 flowId 549 uecSrc 548 finished at 36.2536 total messages 1 total packets 62 RTS 0 total bytes 253332 in_flight now 0 fair_inc 0 prop_inc 5564 fast_inc 0 eta_inc 1192 multi_dec -0 quick_dec -0 nack_dec -0
Flow Uec_800_219 flowId 200 uecSrc 199 finished at 36.2576 total messages 1 total packets 62 RTS 0 total bytes 253332 in_flight now 0 fair_inc 0 prop_inc 7448 fast_inc 0 eta_inc 1192 multi_dec -0 quick_dec -0 nack_dec -0
Flow Uec_914_369 flowId 116 uecSrc 115 finished at 36.2638 total messages 1 total packets 62 RTS 0 total bytes 253332 in_flight now 0 fair_inc 1495 prop_inc 7201 fast_inc 0 eta_inc 1192 multi_dec -0 quick_dec -0 nack_dec -0
Flow Uec_347_826 flowId 343 uecSrc 342 finished at 36.295 total messages 1 total packets 62 RTS 0 total bytes 253332 in_flight now 0 fair_inc 0 prop_inc 6903 fast_inc 0 eta_inc 1192 multi_dec -0 quick_dec -0 nack_dec -0
Flow Uec_593_1047 flowId 395 uecSrc 394 finished at 36.3146 total messages 1 total packets 62 RTS 0 total bytes 253332 in_flight now 0 fair_inc 0 prop_inc 6600 fast_inc 0 eta_inc 1192 multi_dec -0 quick_dec -0 nack_dec -0
Flow Uec_29_551 flowId 454 uecSrc 453 finished at 36.319 total messages 1 total packets 62 RTS 0 total bytes 253332 in_flight now 0 fair_inc 0 prop_inc 6779 fast_inc 0 eta_inc 1192 multi_dec -0 quick_dec -0 nack_dec -0
Flow Uec_534_1044 flowId 400 uecSrc 399 finished at 36.319 total messages 1 total packets 62 RTS 0 total bytes 253332 in_flight now 0 fair_inc 0 prop_inc 6576 fast_inc 0 eta_inc 1192 multi_dec -0 quick_dec -0 nack_dec -0
Flow Uec_375_811 flowId 177 uecSrc 176 finished at 36.319 total messages 1 total packets 62 RTS 0 total bytes 253332 in_flight now 0 fair_inc 0 prop_inc 6391 fast_inc 0 eta_inc 1192 multi_dec -0 quick_dec -0 nack_dec -0
Flow Uec_866_225 flowId 134 uecSrc 133 finished at 36.331 total messages 1 total packets 62 RTS 0 total bytes 253332 in_flight now 0 fair_inc 0 prop_inc 7423 fast_inc 0 eta_inc 1192 multi_dec -0 quick_dec -0 nack_dec -0
Flow Uec_1080_452 flowId 82 uecSrc 81 finished at 36.34 total messages 1 total packets 62 RTS 0 total bytes 253332 in_flight now 0 fair_inc 0 prop_inc 7473 fast_inc 0 eta_inc 1192 multi_dec -0 quick_dec -0 nack_dec -0
Flow Uec_551_1054 flowId 94 uecSrc 93 finished at 36.3446 total messages 1 total packets 62 RTS 0 total bytes 253332 in_flight now 0 fair_inc 0 prop_inc 7851 fast_inc 0 eta_inc 1788 multi_dec -0 quick_dec -0 nack_dec -0
Flow Uec_727_154 flowId 517 uecSrc 516 finished at 36.3498 total messages 1 total packets 62 RTS 0 total bytes 253332 in_flight now 0 fair_inc 0 prop_inc 5608 fast_inc 0 eta_inc 1192 multi_dec -0 quick_dec -0 nack_dec -0
Flow Uec_783_139 flowId 70 uecSrc 69 finished at 36.3514 total messages 1 total packets 62 RTS 0 total bytes 253332 in_flight now 0 fair_inc 0 prop_inc 7661 fast_inc 0 eta_inc 1192 multi_dec -0 quick_dec -0 nack_dec -0
Flow Uec_1089_427 flowId 290 uecSrc 289 finished at 36.3549 total messages 1 total packets 62 RTS 0 total bytes 253332 in_flight now 0 fair_inc 0 prop_inc 6869 fast_inc 0 eta_inc 1192 multi_dec -0 quick_dec -0 nack_dec -0
Flow Uec_320_804 flowId 174 uecSrc 173 finished at 36.356 total messages 1 total packets 62 RTS 0 total bytes 253332 in_flight now 0 fair_inc 0 prop_inc 8289 fast_inc 0 eta_inc 1192 multi_dec -0 quick_dec -0 nack_dec -0
Flow Uec_133_689 flowId 460 uecSrc 459 finished at 36.3566 total messages 1 total packets 62 RTS 0 total bytes 253332 in_flight now 0 fair_inc 0 prop_inc 6737 fast_inc 0 eta_inc 1192 multi_dec -0 quick_dec -0 nack_dec -0
Flow Uec_316_893 flowId 429 uecSrc 428 finished at 36.3691 total messages 1 total packets 62 RTS 0 total bytes 253332 in_flight now 0 fair_inc 0 prop_inc 5873 fast_inc 0 eta_inc 1192 multi_dec -0 quick_dec -0 nack_dec -0
Flow Uec_295_762 flowId 544 uecSrc 543 finished at 36.3805 total messages 1 total packets 62 RTS 0 total bytes 253332 in_flight now 0 fair_inc 0 prop_inc 6579 fast_inc 0 eta_inc 1192 multi_dec -0 quick_dec -0 nack_dec -0
Flow Uec_84_547 flowId 40 uecSrc 39 finished at 36.3821 total messages 1 total packets 62 RTS 0 total bytes 253332 in_flight now 0 fair_inc 0 prop_inc 6571 fast_inc 0 eta_inc 1192 multi_dec -0 quick_dec -0 nack_dec -0
Flow Uec_335_842 flowId 523 uecSrc 522 finished at 36.3896 total messages 1 total packets 62 RTS 0 total bytes 253332 in_flight now 0 fair_inc 0 prop_inc 7561 fast_inc 0 eta_inc 1192 multi_dec -0 quick_dec -0 nack_dec -0
Flow Uec_936_322 flowId 412 uecSrc 411 finished at 36.397 total messages 1 total packets 62 RTS 0 total bytes 253332 in_flight now 0 fair_inc 0 prop_inc 7672 fast_inc 0 eta_inc 1192 multi_dec -0 quick_dec -0 nack_dec -0
Flow Uec_334_802 flowId 8 uecSrc 7 finished at 36.405 total messages 1 total packets 62 RTS 0 total bytes 253332 in_flight now 0 fair_inc 0 prop_inc 8910 fast_inc 0 eta_inc 1788 multi_dec -0 quick_dec -0 nack_dec -0
Flow Uec_533_1067 flowId 548 uecSrc 547 finished at 36.4152 total messages 1 total packets 62 RTS 0 total bytes 253332 in_flight now 0 fair_inc 0 prop_inc 7019 fast_inc 0 eta_inc 1192 multi_dec -0 quick_dec -0 nack_dec -0
Flow Uec_842_297 flowId 53 uecSrc 52 finished at 36.4266 total messages 1 total packets 62 RTS 0 total bytes 253332 in_flight now 0 fair_inc 0 prop_inc 7047 fast_inc 0 eta_inc 1192 multi_dec -0 quick_dec -0 nack_dec -0
Flow Uec_443_985 flowId 332 uecSrc 331 finished at 36.4357 total messages 1 total packets 62 RTS 0 total bytes 253332 in_flight now 0 fair_inc 0 prop_inc 7164 fast_inc 0 eta_inc 1192 multi_dec -0 quick_dec -0 nack_dec -0
Flow Uec_204_795 flowId 499 uecSrc 498 finished at 36.4573 total messages 1 total packets 62 RTS 0 total bytes 253332 in_flight now 0 fair_inc 0 prop_inc 7161 fast_inc 0 eta_inc 1192 multi_dec -0 quick_dec -0 nack_dec -0
Flow Uec_433_963 flowId 136 uecSrc 135 finished at 36.4936 total messages 1 total packets 62 RTS 0 total bytes 253332 in_flight now 0 fair_inc 0 prop_inc 6385 fast_inc 0 eta_inc 1192 multi_dec -0 quick_dec -0 nack_dec -0
Flow Uec_519_1061 flowId 29 uecSrc 28 finished at 36.4998 total messages 1 total packets 62 RTS 0 total bytes 253332 in_flight now 0 fair_inc 0 prop_inc 6566 fast_inc 0 eta_inc 1192 multi_dec -0 quick_dec -0 nack_dec -0
Flow Uec_652_72 flowId 173 uecSrc 172 finished at 36.5152 total messages 1 total packets 62 RTS 0 total bytes 253332 in_flight now 0 fair_inc 0 prop_inc 6706 fast_inc 0 eta_inc 1192 multi_dec -0 quick_dec -0 nack_dec -0
Flow Uec_395_843 flowId 397 uecSrc 396 finished at 36.5152 total messages 1 total packets 62 RTS 0 total bytes 253332 in_flight now 0 fair_inc 0 prop_inc 7834 fast_inc 0 eta_inc 1788 multi_dec -0 quick_dec -0 nack_dec -0
Flow Uec_591_1017 flowId 239 uecSrc 238 finished at 36.5451 total messages 1 total packets 62 RTS 0 total bytes 253332 in_flight now 0 fair_inc 1121 prop_inc 8049 fast_inc 0 eta_inc 1192 multi_dec -0 quick_dec -0 nack_dec -0
Flow Uec_573_1066 flowId 74 uecSrc 73 finished at 36.5494 total messages 1 total packets 62 RTS 0 total bytes 253332 in_flight now 0 fair_inc 0 prop_inc 7559 fast_inc 0 eta_inc 1788 multi_dec -0 quick_dec -0 nack_dec -0
Flow Uec_1013_486 flowId 295 uecSrc 294 finished at 36.5554 total messages 1 total packets 62 RTS 0 total bytes 253332 in_flight now 0 fair_inc 0 prop_inc 5690 fast_inc 0 eta_inc 1192 multi_dec -0 quick_dec -0 nack_dec -0
Flow Uec_562_1074 flowId 313 uecSrc 312 finished at 36.5842 total messages 1 total packets 62 RTS 0 total bytes 253332 in_flight now 0 fair_inc 0 prop_inc 6548 fast_inc 0 eta_inc 1192 multi_dec -0 quick_dec -0 nack_dec -0
Flow Uec_679_49 flowId 526 uecSrc 525 finished at 36.5856 total messages 1 total packets 62 RTS 0 total bytes 253332 in_flight now 0 fair_inc 0 prop_inc 6615 fast_inc 0 eta_inc 1192 multi_dec -0 quick_dec -0 nack_dec -0
Flow Uec_1046_420 flowId 26 uecSrc 25 finished at 36.5856 total messages 1 total packets 62 RTS 0 total bytes 253332 in_flight now 0 fair_inc 0 prop_inc 7229 fast_inc 0 eta_inc 1192 multi_dec -0 quick_dec -0 nack_dec -0
Flow Uec_499_987 flowId 532 uecSrc 531 finished at 36.6014 total messages 1 total packets 62 RTS 0 total bytes 253332 in_flight now 0 fair_inc 0 prop_inc 6562 fast_inc 0 eta_inc 1192 multi_dec -0 quick_dec -0 nack_dec -0
Flow Uec_287_774 flowId 371 uecSrc 370 finished at 36.6163 total messages 1 total packets 62 RTS 0 total bytes 253332 in_flight now 0 fair_inc 0 prop_inc 7790 fast_inc 0 eta_inc 1192 multi_dec -0 quick_dec -0 nack_dec -0
Flow Uec_624_27 flowId 344 uecSrc 343 finished at 36.6334 total messages 1 total packets 62 RTS 0 total bytes 253332 in_flight now 0 fair_inc 0 prop_inc 6936 fast_inc 0 eta_inc 1192 multi_dec -0 quick_dec -0 nack_dec -0
Flow Uec_355_810 flowId 381 uecSrc 380 finished at 36.651 total messages 1 total packets 62 RTS 0 total bytes 253332 in_flight now 0 fair_inc 0 prop_inc 7644 fast_inc 0 eta_inc 1192 multi_dec -0 quick_dec -0 nack_dec -0
Flow Uec_801_274 flowId 391 uecSrc 390 finished at 36.651 total messages 1 total packets 62 RTS 0 total bytes 253332 in_flight now 0 fair_inc 0 prop_inc 6745 fast_inc 0 eta_inc 1192 multi_dec -0 quick_dec -0 nack_dec -0
Flow Uec_34_537 flowId 483 uecSrc 482 finished at 36.651 total messages 1 total packets 62 RTS 0 total bytes 253332 in_flight now 0 fair_inc 0 prop_inc 5101 fast_inc 0 eta_inc 1192 multi_dec -0 quick_dec -0 nack_dec -0
Flow Uec_146_608 flowId 98 uecSrc 97 finished at 36.6522 total messages 1 total packets 62 RTS 0 total bytes 253332 in_flight now 0 fair_inc 0 prop_inc 8160 fast_inc 0 eta_inc 1192 multi_dec -0 quick_dec -0 nack_dec -0
Flow Uec_908_354 flowId 385 uecSrc 384 finished at 36.655 total messages 1 total packets 62 RTS 0 total bytes 253332 in_flight now 0 fair_inc 0 prop_inc 7292 fast_inc 0 eta_inc 1192 multi_dec -0 quick_dec -0 nack_dec -0
Flow Uec_48_544 flowId 473 uecSrc 472 finished at 36.6613 total messages 1 total packets 62 RTS 0 total bytes 253332 in_flight now 0 fair_inc 0 prop_inc 8107 fast_inc 0 eta_inc 1788 multi_dec -0 quick_dec -0 nack_dec -0
Flow Uec_695_0 flowId 79 uecSrc 78 finished at 36.6704 total messages 1 total packets 62 RTS 0 total bytes 253332 in_flight now 0 fair_inc 0 prop_inc 6905 fast_inc 0 eta_inc 1192 multi_dec -0 quick_dec -0 nack_dec -0
Flow Uec_329_881 flowId 182 uecSrc 181 finished at 36.692 total messages 1 total packets 62 RTS 0 total bytes 253332 in_flight now 0 fair_inc 0 prop_inc 5855 fast_inc 0 eta_inc 1192 multi_dec -0 quick_dec -0 nack_dec -0
Flow Uec_218_734 flowId 321 uecSrc 320 finished at 36.7165 total messages 1 total packets 62 RTS 0 total bytes 253332 in_flight now 0 fair_inc 0 prop_inc 7338 fast_inc 0 eta_inc 1788 multi_dec -0 quick_dec -0 nack_dec -0
Flow Uec_654_50 flowId 415 uecSrc 414 finished at 36.7192 total messages 1 total packets 62 RTS 0 total bytes 253332 in_flight now 0 fair_inc 0 prop_inc 6738 fast_inc 0 eta_inc 1192 multi_dec -0 quick_dec -0 nack_dec -0
Flow Uec_456_909 flowId 461 uecSrc 460 finished at 36.7278 total messages 1 total packets 62 RTS 0 total bytes 253332 in_flight now 0 fair_inc 0 prop_inc 6171 fast_inc 0 eta_inc 1192 multi_dec -0 quick_dec -0 nack_dec -0
Flow Uec_247_755 flowId 310 uecSrc 309 finished at 36.7733 total messages 1 total packets 62 RTS 0 total bytes 253332 in_flight now 0 fair_inc 0 prop_inc 6885 fast_inc 0 eta_inc 1788 multi_dec -0 quick_dec -0 nack_dec -0
Flow Uec_628_89 flowId 328 uecSrc 327 finished at 36.779 total messages 1 total packets 62 RTS 0 total bytes 253332 in_flight now 0 fair_inc 0 prop_inc 6664 fast_inc 0 eta_inc 1192 multi_dec -0 quick_dec -0 nack_dec -0
Flow Uec_531_1018 flowId 245 uecSrc 244 finished at 36.7842 total messages 1 total packets 62 RTS 0 total bytes 253332 in_flight now 0 fair_inc 0 prop_inc 6834 fast_inc 0 eta_inc 1192 multi_dec -0 quick_dec -0 nack_dec -0
Flow Uec_819_250 flowId 510 uecSrc 509 finished at 36.8086 total messages 1 total packets 62 RTS 0 total bytes 253332 in_flight now 0 fair_inc 0 prop_inc 6450 fast_inc 0 eta_inc 1192 multi_dec -0 quick_dec -0 nack_dec -0
Flow Uec_957_387 flowId 231 uecSrc 230 finished at 36.8752 total messages 1 total packets 62 RTS 0 total bytes 253332 in_flight now 0 fair_inc 0 prop_inc 7432 fast_inc 0 eta_inc 1788 multi_dec -0 quick_dec -0 nack_dec -0
Flow Uec_162_615 flowId 77 uecSrc 76 finished at 36.9176 total messages 1 total packets 62 RTS 0 total bytes 253332 in_flight now 0 fair_inc 1496 prop_inc 6084 fast_inc 0 eta_inc 1192 multi_dec -0 quick_dec -0 nack_dec -0
Flow Uec_1040_403 flowId 534 uecSrc 533 finished at 36.9176 total messages 1 total packets 62 RTS 0 total bytes 253332 in_flight now 0 fair_inc 0 prop_inc 7532 fast_inc 0 eta_inc 1192 multi_dec -0 quick_dec -0 nack_dec -0
Flow Uec_621_91 flowId 374 uecSrc 373 finished at 36.9757 total messages 1 total packets 62 RTS 0 total bytes 253332 in_flight now 0 fair_inc 0 prop_inc 7631 fast_inc 0 eta_inc 1192 multi_dec -0 quick_dec -0 nack_dec -0
Flow Uec_371_813 flowId 291 uecSrc 290 finished at 36.983 total messages 1 total packets 62 RTS 0 total bytes 253332 in_flight now 0 fair_inc 1491 prop_inc 6386 fast_inc 0 eta_inc 1192 multi_dec -0 quick_dec -0 nack_dec -0
Flow Uec_376_817 flowId 474 uecSrc 473 finished at 36.983 total messages 1 total packets 62 RTS 0 total bytes 253332 in_flight now 0 fair_inc 0 prop_inc 6830 fast_inc 0 eta_inc 1788 multi_dec -0 quick_dec -0 nack_dec -0
Flow Uec_474_937 flowId 209 uecSrc 208 finished at 36.983 total messages 1 total packets 62 RTS 0 total bytes 253332 in_flight now 0 fair_inc 0 prop_inc 6905 fast_inc 0 eta_inc 1788 multi_dec -0 quick_dec -0 nack_dec -0
Flow Uec_852_258 flowId 73 uecSrc 72 finished at 36.9842 total messages 1 total packets 62 RTS 0 total bytes 253332 in_flight now 0 fair_inc 0 prop_inc 7378 fast_inc 0 eta_inc 1788 multi_dec -0 quick_dec -0 nack_dec -0
Flow Uec_645_2 flowId 46 uecSrc 45 finished at 36.987 total messages 1 total packets 62 RTS 0 total bytes 253332 in_flight now 0 fair_inc 0 prop_inc 6852 fast_inc 0 eta_inc 1192 multi_dec -0 quick_dec -0 nack_dec -0
Flow Uec_632_51 flowId 18 uecSrc 17 finished at 36.987 total messages 1 total packets 62 RTS 0 total bytes 253332 in_flight now 0 fair_inc 0 prop_inc 7108 fast_inc 0 eta_inc 1788 multi_dec -0 quick_dec -0 nack_dec -0
Flow Uec_567_1022 flowId 543 uecSrc 542 finished at 36.9882 total messages 1 total packets 62 RTS 0 total bytes 253332 in_flight now 0 fair_inc 1120 prop_inc 7443 fast_inc 0 eta_inc 1788 multi_dec -0 quick_dec -0 nack_dec -0
Flow Uec_63_564 flowId 296 uecSrc 295 finished at 36.9882 total messages 1 total packets 62 RTS 0 total bytes 253332 in_flight now 0 fair_inc 0 prop_inc 5942 fast_inc 0 eta_inc 1192 multi_dec -0 quick_dec -0 nack_dec -0
Flow Uec_657_90 flowId 480 uecSrc 479 finished at 37.024 total messages 1 total packets 62 RTS 0 total bytes 253332 in_flight now 0 fair_inc 0 prop_inc 5503 fast_inc 0 eta_inc 1192 multi_dec -0 quick_dec -0 nack_dec -0
Flow Uec_230_707 flowId 389 uecSrc 388 finished at 37.0496 total messages 1 total packets 62 RTS 0 total bytes 253332 in_flight now 0 fair_inc 0 prop_inc 6280 fast_inc 0 eta_inc 1192 multi_dec -0 quick_dec -0 nack_dec -0
Flow Uec_844_291 flowId 133 uecSrc 132 finished at 37.0803 total messages 1 total packets 62 RTS 0 total bytes 253332 in_flight now 0 fair_inc 0 prop_inc 5715 fast_inc 0 eta_inc 1192 multi_dec -0 quick_dec -0 nack_dec -0
Flow Uec_515_1046 flowId 184 uecSrc 183 finished at 37.1638 total messages 1 total packets 62 RTS 0 total bytes 253332 in_flight now 0 fair_inc 0 prop_inc 6424 fast_inc 0 eta_inc 1788 multi_dec -0 quick_dec -0 nack_dec -0
Flow Uec_391_816 flowId 141 uecSrc 140 finished at 37.1792 total messages 1 total packets 62 RTS 0 total bytes 253332 in_flight now 0 fair_inc 0 prop_inc 7172 fast_inc 0 eta_inc 1192 multi_dec -0 quick_dec -0 nack_dec -0
Flow Uec_940_383 flowId 401 uecSrc 400 finished at 37.2091 total messages 1 total packets 62 RTS 0 total bytes 253332 in_flight now 0 fair_inc 0 prop_inc 7365 fast_inc 0 eta_inc 1192 multi_dec -0 quick_dec -0 nack_dec -0
Flow Uec_677_97 flowId 399 uecSrc 398 finished at 37.2496 total messages 1 total packets 62 RTS 0 total bytes 253332 in_flight now 0 fair_inc 374 prop_inc 8141 fast_inc 0 eta_inc 1788 multi_dec -0 quick_dec -0 nack_dec -0
Flow Uec_280_759 flowId 208 uecSrc 207 finished at 37.3059 total messages 1 total packets 62 RTS 0 total bytes 253332 in_flight now 0 fair_inc 0 prop_inc 5960 fast_inc 0 eta_inc 1788 multi_dec -0 quick_dec -0 nack_dec -0
Flow Uec_1042_460 flowId 547 uecSrc 546 finished at 37.315 total messages 1 total packets 62 RTS 0 total bytes 253332 in_flight now 0 fair_inc 1495 prop_inc 5096 fast_inc 0 eta_inc 1192 multi_dec -0 quick_dec -0 nack_dec -0
Flow Uec_349_862 flowId 379 uecSrc 378 finished at 37.315 total messages 1 total packets 62 RTS 0 total bytes 253332 in_flight now 0 fair_inc 0 prop_inc 6726 fast_inc 0 eta_inc 1192 multi_dec -0 quick_dec -0 nack_dec -0
Flow Uec_943_333 flowId 420 uecSrc 419 finished at 37.315 total messages 1 total packets 62 RTS 0 total bytes 253332 in_flight now 0 fair_inc 0 prop_inc 7497 fast_inc 0 eta_inc 1788 multi_dec -0 quick_dec -0 nack_dec -0
Flow Uec_841_214 flowId 455 uecSrc 454 finished at 37.319 total messages 1 total packets 62 RTS 0 total bytes 253332 in_flight now 0 fair_inc 0 prop_inc 5051 fast_inc 0 eta_inc 1192 multi_dec -0 quick_dec -0 nack_dec -0
Flow Uec_905_329 flowId 345 uecSrc 344 finished at 37.3373 total messages 1 total packets 62 RTS 0 total bytes 253332 in_flight now 0 fair_inc 1490 prop_inc 6370 fast_inc 0 eta_inc 1192 multi_dec -0 quick_dec -0 nack_dec -0
Flow Uec_191_675 flowId 479 uecSrc 478 finished at 37.3406 total messages 1 total packets 62 RTS 0 total bytes 253332 in_flight now 0 fair_inc 0 prop_inc 5464 fast_inc 0 eta_inc 1192 multi_dec -0 quick_dec -0 nack_dec -0
Flow Uec_553_1015 flowId 86 uecSrc 85 finished at 37.3458 total messages 1 total packets 62 RTS 0 total bytes 253332 in_flight now 0 fair_inc 0 prop_inc 8021 fast_inc 0 eta_inc 1192 multi_dec -0 quick_dec -0 nack_dec -0
Flow Uec_194_632 flowId 162 uecSrc 161 finished at 37.3498 total messages 1 total packets 62 RTS 0 total bytes 253332 in_flight now 0 fair_inc 0 prop_inc 5892 fast_inc 0 eta_inc 1192 multi_dec -0 quick_dec -0 nack_dec -0
Flow Uec_494_900 flowId 518 uecSrc 517 finished at 37.356 total messages 1 total packets 62 RTS 0 total bytes 253332 in_flight now 0 fair_inc 0 prop_inc 6375 fast_inc 0 eta_inc 1788 multi_dec -0 quick_dec -0 nack_dec -0
Flow Uec_763_145 flowId 193 uecSrc 192 finished at 37.3789 total messages 1 total packets 62 RTS 0 total bytes 253332 in_flight now 0 fair_inc 0 prop_inc 7327 fast_inc 0 eta_inc 1788 multi_dec -0 quick_dec -0 nack_dec -0
Flow Uec_441_988 flowId 331 uecSrc 330 finished at 37.4459 total messages 1 total packets 62 RTS 0 total bytes 253332 in_flight now 0 fair_inc 0 prop_inc 7775 fast_inc 0 eta_inc 1788 multi_dec -0 quick_dec -0 nack_dec -0
Flow Uec_30_542 flowId 138 uecSrc 137 finished at 37.4522 total messages 1 total packets 62 RTS 0 total bytes 253332 in_flight now 0 fair_inc 0 prop_inc 6430 fast_inc 0 eta_inc 1788 multi_dec -0 quick_dec -0 nack_dec -0
Flow Uec_336_815 flowId 486 uecSrc 485 finished at 37.4931 total messages 1 total packets 62 RTS 0 total bytes 253332 in_flight now 0 fair_inc 0 prop_inc 6120 fast_inc 0 eta_inc 1192 multi_dec -0 quick_dec -0 nack_dec -0
Flow Uec_517_1021 flowId 524 uecSrc 523 finished at 37.501 total messages 1 total packets 62 RTS 0 total bytes 253332 in_flight now 0 fair_inc 0 prop_inc 6720 fast_inc 0 eta_inc 1192 multi_dec -0 quick_dec -0 nack_dec -0
Flow Uec_436_907 flowId 504 uecSrc 503 finished at 37.5114 total messages 1 total packets 62 RTS 0 total bytes 253332 in_flight now 0 fair_inc 0 prop_inc 7508 fast_inc 0 eta_inc 1788 multi_dec -0 quick_dec -0 nack_dec -0
Flow Uec_507_1035 flowId 419 uecSrc 418 finished at 37.5816 total messages 1 total packets 62 RTS 0 total bytes 253332 in_flight now 0 fair_inc 0 prop_inc 6460 fast_inc 0 eta_inc 1192 multi_dec -0 quick_dec -0 nack_dec -0
Flow Uec_510_1060 flowId 422 uecSrc 421 finished at 37.5853 total messages 1 total packets 62 RTS 0 total bytes 253332 in_flight now 0 fair_inc 0 prop_inc 6342 fast_inc 0 eta_inc 1192 multi_dec -0 quick_dec -0 nack_dec -0
Flow Uec_583_1071 flowId 158 uecSrc 157 finished at 37.5955 total messages 1 total packets 62 RTS 0 total bytes 253332 in_flight now 0 fair_inc 0 prop_inc 6455 fast_inc 0 eta_inc 1192 multi_dec -0 quick_dec -0 nack_dec -0
Flow Uec_898_213 flowId 265 uecSrc 264 finished at 37.6174 total messages 1 total packets 62 RTS 0 total bytes 253332 in_flight now 0 fair_inc 0 prop_inc 6185 fast_inc 0 eta_inc 1192 multi_dec -0 quick_dec -0 nack_dec -0
Flow Uec_446_905 flowId 410 uecSrc 409 finished at 37.6266 total messages 1 total packets 62 RTS 0 total bytes 253332 in_flight now 0 fair_inc 0 prop_inc 4766 fast_inc 0 eta_inc 1192 multi_dec -0 quick_dec -0 nack_dec -0
Flow Uec_951_380 flowId 257 uecSrc 256 finished at 37.6379 total messages 1 total packets 62 RTS 0 total bytes 253332 in_flight now 0 fair_inc 0 prop_inc 5926 fast_inc 0 eta_inc 1192 multi_dec -0 quick_dec -0 nack_dec -0
Flow Uec_985_336 flowId 183 uecSrc 182 finished at 37.647 total messages 1 total packets 62 RTS 0 total bytes 253332 in_flight now 0 fair_inc 0 prop_inc 7736 fast_inc 0 eta_inc 1788 multi_dec -0 quick_dec -0 nack_dec -0
Flow Uec_961_345 flowId 456 uecSrc 455 finished at 37.647 total messages 1 total packets 62 RTS 0 total bytes 253332 in_flight now 0 fair_inc 0 prop_inc 4795 fast_inc 0 eta_inc 1192 multi_dec -0 quick_dec -0 nack_dec -0
Flow Uec_52_543 flowId 497 uecSrc 496 finished at 37.6482 total messages 1 total packets 62 RTS 0 total bytes 253332 in_flight now 0 fair_inc 0 prop_inc 6314 fast_inc 0 eta_inc 1192 multi_dec -0 quick_dec -0 nack_dec -0
Flow Uec_1023_400 flowId 256 uecSrc 255 finished at 37.6482 total messages 1 total packets 62 RTS 0 total bytes 253332 in_flight now 0 fair_inc 0 prop_inc 6832 fast_inc 0 eta_inc 1788 multi_dec -0 quick_dec -0 nack_dec -0
Flow Uec_609_45 flowId 398 uecSrc 397 finished at 37.6522 total messages 1 total packets 62 RTS 0 total bytes 253332 in_flight now 0 fair_inc 0 prop_inc 7033 fast_inc 0 eta_inc 1788 multi_dec -0 quick_dec -0 nack_dec -0
Flow Uec_166_606 flowId 340 uecSrc 339 finished at 37.655 total messages 1 total packets 62 RTS 0 total bytes 253332 in_flight now 0 fair_inc 0 prop_inc 6051 fast_inc 0 eta_inc 1192 multi_dec -0 quick_dec -0 nack_dec -0
Flow Uec_232_702 flowId 514 uecSrc 513 finished at 37.6573 total messages 1 total packets 62 RTS 0 total bytes 253332 in_flight now 0 fair_inc 0 prop_inc 5737 fast_inc 0 eta_inc 1788 multi_dec -0 quick_dec -0 nack_dec -0
Flow Uec_180_618 flowId 14 uecSrc 13 finished at 37.6845 total messages 1 total packets 62 RTS 0 total bytes 253332 in_flight now 0 fair_inc 0 prop_inc 6538 fast_inc 0 eta_inc 1788 multi_dec -0 quick_dec -0 nack_dec -0
Flow Uec_401_930 flowId 465 uecSrc 464 finished at 37.6885 total messages 1 total packets 62 RTS 0 total bytes 253332 in_flight now 0 fair_inc 0 prop_inc 4562 fast_inc 0 eta_inc 1192 multi_dec -0 quick_dec -0 nack_dec -0
Flow Uec_86_520 flowId 507 uecSrc 506 finished at 37.7152 total messages 1 total packets 62 RTS 0 total bytes 253332 in_flight now 0 fair_inc 0 prop_inc 6743 fast_inc 0 eta_inc 1788 multi_dec -0 quick_dec -0 nack_dec -0
Flow Uec_581_1079 flowId 51 uecSrc 50 finished at 37.7165 total messages 1 total packets 62 RTS 0 total bytes 253332 in_flight now 0 fair_inc 0 prop_inc 5426 fast_inc 0 eta_inc 1788 multi_dec -0 quick_dec -0 nack_dec -0
Flow Uec_762_193 flowId 287 uecSrc 286 finished at 37.7176 total messages 1 total packets 62 RTS 0 total bytes 253332 in_flight now 0 fair_inc 0 prop_inc 5159 fast_inc 0 eta_inc 1192 multi_dec -0 quick_dec -0 nack_dec -0
Flow Uec_13_539 flowId 386 uecSrc 385 finished at 37.7187 total messages 1 total packets 62 RTS 0 total bytes 253332 in_flight now 0 fair_inc 0 prop_inc 5849 fast_inc 0 eta_inc 1192 multi_dec -0 quick_dec -0 nack_dec -0
Flow Uec_116_605 flowId 187 uecSrc 186 finished at 37.7187 total messages 1 total packets 62 RTS 0 total bytes 253332 in_flight now 0 fair_inc 0 prop_inc 7555 fast_inc 0 eta_inc 1788 multi_dec -0 quick_dec -0 nack_dec -0
Flow Uec_988_321 flowId 55 uecSrc 54 finished at 37.7506 total messages 1 total packets 62 RTS 0 total bytes 253332 in_flight now 0 fair_inc 751 prop_inc 6724 fast_inc 0 eta_inc 1788 multi_dec -0 quick_dec -0 nack_dec -0
Flow Uec_385_847 flowId 93 uecSrc 92 finished at 37.9136 total messages 1 total packets 62 RTS 0 total bytes 253332 in_flight now 0 fair_inc 0 prop_inc 6732 fast_inc 0 eta_inc 1192 multi_dec -0 quick_dec -0 nack_dec -0
Flow Uec_1076_472 flowId 44 uecSrc 43 finished at 37.9136 total messages 1 total packets 62 RTS 0 total bytes 253332 in_flight now 0 fair_inc 0 prop_inc 8087 fast_inc 0 eta_inc 1788 multi_dec -0 quick_dec -0 nack_dec -0
Flow Uec_629_22 flowId 352 uecSrc 351 finished at 37.9539 total messages 1 total packets 62 RTS 0 total bytes 253332 in_flight now 0 fair_inc 0 prop_inc 5692 fast_inc 0 eta_inc 1192 multi_dec -0 quick_dec -0 nack_dec -0
Flow Uec_508_1056 flowId 25 uecSrc 24 finished at 37.9597 total messages 1 total packets 62 RTS 0 total bytes 253332 in_flight now 0 fair_inc 0 prop_inc 6273 fast_inc 0 eta_inc 1788 multi_dec -0 quick_dec -0 nack_dec -0
Flow Uec_929_338 flowId 437 uecSrc 436 finished at 37.979 total messages 1 total packets 62 RTS 0 total bytes 253332 in_flight now 0 fair_inc 0 prop_inc 7639 fast_inc 0 eta_inc 1788 multi_dec -0 quick_dec -0 nack_dec -0
Flow Uec_741_116 flowId 441 uecSrc 440 finished at 37.9853 total messages 1 total packets 62 RTS 0 total bytes 253332 in_flight now 0 fair_inc 375 prop_inc 6289 fast_inc 0 eta_inc 1788 multi_dec -0 quick_dec -0 nack_dec -0
Flow Uec_1052_464 flowId 375 uecSrc 374 finished at 38.007 total messages 1 total packets 62 RTS 0 total bytes 253332 in_flight now 0 fair_inc 0 prop_inc 5628 fast_inc 0 eta_inc 1192 multi_dec -0 quick_dec -0 nack_dec -0
Flow Uec_661_1 flowId 197 uecSrc 196 finished at 38.0451 total messages 1 total packets 62 RTS 0 total bytes 253332 in_flight now 0 fair_inc 0 prop_inc 5028 fast_inc 0 eta_inc 1788 multi_dec -0 quick_dec -0 nack_dec -0
Flow Uec_892_239 flowId 550 uecSrc 549 finished at 38.107 total messages 1 total packets 62 RTS 0 total bytes 253332 in_flight now 0 fair_inc 0 prop_inc 4335 fast_inc 0 eta_inc 1788 multi_dec -0 quick_dec -0 nack_dec -0
Flow Uec_35_563 flowId 28 uecSrc 27 finished at 38.2811 total messages 1 total packets 62 RTS 0 total bytes 253332 in_flight now 0 fair_inc 0 prop_inc 7757 fast_inc 0 eta_inc 1788 multi_dec -0 quick_dec -0 nack_dec -4150
Flow Uec_1003_417 flowId 215 uecSrc 214 finished at 38.2866 total messages 1 total packets 62 RTS 0 total bytes 253332 in_flight now 0 fair_inc 0 prop_inc 8003 fast_inc 0 eta_inc 1788 multi_dec -0 quick_dec -0 nack_dec -0
Flow Uec_192_613 flowId 274 uecSrc 273 finished at 38.311 total messages 1 total packets 62 RTS 0 total bytes 253332 in_flight now 0 fair_inc 0 prop_inc 5470 fast_inc 0 eta_inc 1788 multi_dec -0 quick_dec -0 nack_dec -0
Flow Uec_338_807 flowId 102 uecSrc 101 finished at 38.3117 total messages 1 total packets 62 RTS 0 total bytes 253332 in_flight now 0 fair_inc 0 prop_inc 7872 fast_inc 0 eta_inc 1788 multi_dec -0 quick_dec -0 nack_dec -0
Flow Uec_1056_482 flowId 477 uecSrc 476 finished at 38.3122 total messages 1 total packets 62 RTS 0 total bytes 253332 in_flight now 0 fair_inc 0 prop_inc 6960 fast_inc 0 eta_inc 1788 multi_dec -0 quick_dec -0 nack_dec -0
Flow Uec_480_980 flowId 365 uecSrc 364 finished at 38.3162 total messages 1 total packets 62 RTS 0 total bytes 253332 in_flight now 0 fair_inc 0 prop_inc 5836 fast_inc 0 eta_inc 1788 multi_dec -0 quick_dec -0 nack_dec -0
Flow Uec_642_71 flowId 382 uecSrc 381 finished at 38.3173 total messages 1 total packets 62 RTS 0 total bytes 253332 in_flight now 0 fair_inc 1496 prop_inc 4704 fast_inc 0 eta_inc 1788 multi_dec -0 quick_dec -0 nack_dec -0
Flow Uec_1069_461 flowId 319 uecSrc 318 finished at 38.3202 total messages 1 total packets 62 RTS 0 total bytes 253332 in_flight now 0 fair_inc 0 prop_inc 5273 fast_inc 0 eta_inc 1788 multi_dec -0 quick_dec -0 nack_dec -0
Flow Uec_559_1005 flowId 491 uecSrc 490 finished at 38.4419 total messages 1 total packets 62 RTS 0 total bytes 253332 in_flight now 0 fair_inc 1492 prop_inc 6171 fast_inc 0 eta_inc 1788 multi_dec -0 quick_dec -0 nack_dec -0
Flow Uec_535_1078 flowId 176 uecSrc 175 finished at 38.4555 total messages 1 total packets 62 RTS 0 total bytes 253332 in_flight now 0 fair_inc 0 prop_inc 7139 fast_inc 0 eta_inc 1788 multi_dec -0 quick_dec -0 nack_dec -0
Flow Uec_928_324 flowId 367 uecSrc 366 finished at 38.4851 total messages 1 total packets 62 RTS 0 total bytes 253332 in_flight now 0 fair_inc 0 prop_inc 4998 fast_inc 0 eta_inc 1788 multi_dec -0 quick_dec -0 nack_dec -0
Flow Uec_520_1068 flowId 90 uecSrc 89 finished at 38.5813 total messages 1 total packets 62 RTS 0 total bytes 253332 in_flight now 0 fair_inc 0 prop_inc 5818 fast_inc 0 eta_inc 1788 multi_dec -0 quick_dec -0 nack_dec -0
Flow Uec_668_98 flowId 447 uecSrc 446 finished at 38.5974 total messages 1 total packets 62 RTS 0 total bytes 253332 in_flight now 0 fair_inc 0 prop_inc 6047 fast_inc 0 eta_inc 1788 multi_dec -0 quick_dec -0 nack_dec -0
Flow Uec_341_809 flowId 546 uecSrc 545 finished at 38.6344 total messages 1 total packets 62 RTS 0 total bytes 253332 in_flight now 0 fair_inc 0 prop_inc 3802 fast_inc 0 eta_inc 1192 multi_dec -0 quick_dec -0 nack_dec -0
Flow Uec_1082_484 flowId 65 uecSrc 64 finished at 38.6691 total messages 1 total packets 62 RTS 0 total bytes 253332 in_flight now 0 fair_inc 0 prop_inc 6885 fast_inc 0 eta_inc 1788 multi_dec -0 quick_dec -0 nack_dec -0
Flow Uec_689_41 flowId 354 uecSrc 353 finished at 38.6726 total messages 1 total packets 62 RTS 0 total bytes 253332 in_flight now 0 fair_inc 0 prop_inc 3081 fast_inc 0 eta_inc 1788 multi_dec -0 quick_dec -0 nack_dec -0
Flow Uec_491_958 flowId 317 uecSrc 316 finished at 38.7085 total messages 1 total packets 62 RTS 0 total bytes 253332 in_flight now 0 fair_inc 0 prop_inc 6166 fast_inc 0 eta_inc 1788 multi_dec -0 quick_dec -0 nack_dec -0
Flow Uec_182_678 flowId 264 uecSrc 263 finished at 38.7085 total messages 1 total packets 62 RTS 0 total bytes 253332 in_flight now 0 fair_inc 0 prop_inc 6326 fast_inc 0 eta_inc 1788 multi_dec -0 quick_dec -0 nack_dec -0
Flow Uec_158_652 flowId 297 uecSrc 296 finished at 38.7125 total messages 1 total packets 62 RTS 0 total bytes 253332 in_flight now 0 fair_inc 0 prop_inc 6005 fast_inc 0 eta_inc 1788 multi_dec -0 quick_dec -0 nack_dec -0
Flow Uec_662_66 flowId 530 uecSrc 529 finished at 38.725 total messages 1 total packets 62 RTS 0 total bytes 253332 in_flight now 0 fair_inc 0 prop_inc 4586 fast_inc 0 eta_inc 1788 multi_dec -0 quick_dec -0 nack_dec -0
Flow Uec_482_976 flowId 110 uecSrc 109 finished at 38.843 total messages 1 total packets 62 RTS 0 total bytes 253332 in_flight now 0 fair_inc 0 prop_inc 6665 fast_inc 0 eta_inc 1788 multi_dec -0 quick_dec -0 nack_dec -0
Flow Uec_23_546 flowId 362 uecSrc 361 finished at 38.8637 total messages 1 total packets 62 RTS 0 total bytes 253332 in_flight now 0 fair_inc 0 prop_inc 5319 fast_inc 0 eta_inc 1788 multi_dec -0 quick_dec -0 nack_dec -0
Flow Uec_374_844 flowId 236 uecSrc 235 finished at 38.8691 total messages 1 total packets 62 RTS 0 total bytes 253332 in_flight now 0 fair_inc 0 prop_inc 4829 fast_inc 0 eta_inc 1788 multi_dec -0 quick_dec -0 nack_dec -0
Flow Uec_585_1064 flowId 433 uecSrc 432 finished at 38.9096 total messages 1 total packets 62 RTS 0 total bytes 253332 in_flight now 0 fair_inc 0 prop_inc 5987 fast_inc 0 eta_inc 1788 multi_dec -0 quick_dec -0 nack_dec -0
Flow Uec_532_1053 flowId 519 uecSrc 518 finished at 38.9608 total messages 1 total packets 62 RTS 0 total bytes 253332 in_flight now 0 fair_inc 0 prop_inc 7192 fast_inc 0 eta_inc 1788 multi_dec -0 quick_dec -0 nack_dec -0
Flow Uec_659_29 flowId 181 uecSrc 180 finished at 38.9864 total messages 1 total packets 62 RTS 0 total bytes 253332 in_flight now 0 fair_inc 0 prop_inc 5888 fast_inc 0 eta_inc 1788 multi_dec -0 quick_dec -0 nack_dec -0
Flow Uec_411_992 flowId 444 uecSrc 443 finished at 39.0405 total messages 1 total packets 62 RTS 0 total bytes 253332 in_flight now 0 fair_inc 754 prop_inc 7060 fast_inc 0 eta_inc 1788 multi_dec -0 quick_dec -0 nack_dec -0
Flow Uec_109_670 flowId 225 uecSrc 224 finished at 39.0405 total messages 1 total packets 62 RTS 0 total bytes 253332 in_flight now 0 fair_inc 0 prop_inc 5484 fast_inc 0 eta_inc 1788 multi_dec -0 quick_dec -0 nack_dec -0
Flow Uec_863_201 flowId 407 uecSrc 406 finished at 39.0518 total messages 1 total packets 62 RTS 0 total bytes 253332 in_flight now 0 fair_inc 0 prop_inc 6854 fast_inc 0 eta_inc 1788 multi_dec -0 quick_dec -0 nack_dec -0
Flow Uec_872_202 flowId 142 uecSrc 141 finished at 39.0518 total messages 1 total packets 62 RTS 0 total bytes 253332 in_flight now 0 fair_inc 0 prop_inc 2187 fast_inc 0 eta_inc 1788 multi_dec -0 quick_dec -0 nack_dec -0
Flow Uec_234_714 flowId 446 uecSrc 445 finished at 39.2416 total messages 1 total packets 62 RTS 0 total bytes 253332 in_flight now 0 fair_inc 0 prop_inc 7819 fast_inc 0 eta_inc 1788 multi_dec -0 quick_dec -0 nack_dec -0
Flow Uec_521_1026 flowId 252 uecSrc 251 finished at 39.307 total messages 1 total packets 62 RTS 0 total bytes 253332 in_flight now 0 fair_inc 0 prop_inc 5037 fast_inc 0 eta_inc 1788 multi_dec -0 quick_dec -0 nack_dec -0
Flow Uec_592_1007 flowId 498 uecSrc 497 finished at 39.311 total messages 1 total packets 62 RTS 0 total bytes 253332 in_flight now 0 fair_inc 1494 prop_inc 6255 fast_inc 0 eta_inc 1788 multi_dec -0 quick_dec -0 nack_dec -0
Flow Uec_104_677 flowId 487 uecSrc 486 finished at 39.3275 total messages 1 total packets 62 RTS 0 total bytes 253332 in_flight now 0 fair_inc 0 prop_inc 4524 fast_inc 0 eta_inc 1788 multi_dec -0 quick_dec -0 nack_dec -0
Flow Uec_639_39 flowId 333 uecSrc 332 finished at 39.3725 total messages 1 total packets 62 RTS 0 total bytes 253332 in_flight now 0 fair_inc 0 prop_inc 6788 fast_inc 0 eta_inc 1192 multi_dec -0 quick_dec -0 nack_dec -0
Flow Uec_198_644 flowId 122 uecSrc 121 finished at 39.4248 total messages 1 total packets 62 RTS 0 total bytes 253332 in_flight now 0 fair_inc 0 prop_inc 7538 fast_inc 0 eta_inc 1788 multi_dec -0 quick_dec -0 nack_dec -0
Flow Uec_675_32 flowId 67 uecSrc 66 finished at 39.7045 total messages 1 total packets 62 RTS 0 total bytes 253332 in_flight now 0 fair_inc 0 prop_inc 7178 fast_inc 0 eta_inc 1788 multi_dec -0 quick_dec -0 nack_dec -0
Flow Uec_808_249 flowId 113 uecSrc 112 finished at 39.857 total messages 1 total packets 62 RTS 0 total bytes 253332 in_flight now 0 fair_inc 0 prop_inc 3622 fast_inc 0 eta_inc 1788 multi_dec -0 quick_dec -0 nack_dec -0
Flow Uec_157_616 flowId 228 uecSrc 227 finished at 39.9056 total messages 1 total packets 62 RTS 0 total bytes 253332 in_flight now 0 fair_inc 0 prop_inc 1981 fast_inc 0 eta_inc 1788 multi_dec -0 quick_dec -0 nack_dec -0
Flow Uec_851_240 flowId 147 uecSrc 146 finished at 39.9096 total messages 1 total packets 62 RTS 0 total bytes 253332 in_flight now 0 fair_inc 0 prop_inc 5817 fast_inc 0 eta_inc 1788 multi_dec -0 quick_dec -0 nack_dec -0
Flow Uec_544_1052 flowId 190 uecSrc 189 finished at 39.967 total messages 1 total packets 62 RTS 0 total bytes 253332 in_flight now 0 fair_inc 0 prop_inc 3252 fast_inc 0 eta_inc 1788 multi_dec -0 quick_dec -0 nack_dec -8300
Flow Uec_253_726 flowId 89 uecSrc 88 finished at 39.971 total messages 1 total packets 62 RTS 0 total bytes 253332 in_flight now 0 fair_inc 2618 prop_inc 6031 fast_inc 0 eta_inc 1788 multi_dec -0 quick_dec -0 nack_dec -0
Flow Uec_131_679 flowId 537 uecSrc 536 finished at 39.975 total messages 1 total packets 62 RTS 0 total bytes 253332 in_flight now 0 fair_inc 1493 prop_inc 5267 fast_inc 0 eta_inc 1192 multi_dec -0 quick_dec -0 nack_dec -0
Flow Uec_407_920 flowId 436 uecSrc 435 finished at 40.0069 total messages 1 total packets 62 RTS 0 total bytes 253332 in_flight now 0 fair_inc 1496 prop_inc 6731 fast_inc 0 eta_inc 1788 multi_dec -0 quick_dec -0 nack_dec -0
Flow Uec_692_38 flowId 10 uecSrc 9 finished at 40.0365 total messages 1 total packets 62 RTS 0 total bytes 253332 in_flight now 0 fair_inc 0 prop_inc 4434 fast_inc 0 eta_inc 1788 multi_dec -0 quick_dec -0 nack_dec -0
Flow Uec_1060_483 flowId 6 uecSrc 5 finished at 40.0427 total messages 1 total packets 62 RTS 0 total bytes 253332 in_flight now 0 fair_inc 0 prop_inc 3455 fast_inc 0 eta_inc 1788 multi_dec -0 quick_dec -0 nack_dec -0
Flow Uec_956_352 flowId 75 uecSrc 74 finished at 40.0792 total messages 1 total packets 62 RTS 0 total bytes 253332 in_flight now 0 fair_inc 0 prop_inc 7686 fast_inc 0 eta_inc 1788 multi_dec -0 quick_dec -0 nack_dec -8300
Flow Uec_20_581 flowId 292 uecSrc 291 finished at 40.2376 total messages 1 total packets 62 RTS 0 total bytes 253332 in_flight now 0 fair_inc 1123 prop_inc 8228 fast_inc 0 eta_inc 1788 multi_dec -0 quick_dec -0 nack_dec -0
Flow Uec_186_611 flowId 227 uecSrc 226 finished at 40.2376 total messages 1 total packets 62 RTS 0 total bytes 253332 in_flight now 0 fair_inc 376 prop_inc 6603 fast_inc 0 eta_inc 1788 multi_dec -0 quick_dec -0 nack_dec -0
Flow Uec_22_575 flowId 168 uecSrc 167 finished at 40.2376 total messages 1 total packets 62 RTS 0 total bytes 253332 in_flight now 0 fair_inc 375 prop_inc 6016 fast_inc 0 eta_inc 1788 multi_dec -0 quick_dec -0 nack_dec -0
Flow Uec_205_716 flowId 119 uecSrc 118 finished at 40.2472 total messages 1 total packets 62 RTS 0 total bytes 253332 in_flight now 0 fair_inc 0 prop_inc 4433 fast_inc 0 eta_inc 1788 multi_dec -0 quick_dec -0 nack_dec -0
Flow Uec_522_1004 flowId 88 uecSrc 87 finished at 40.307 total messages 1 total packets 62 RTS 0 total bytes 253332 in_flight now 0 fair_inc 0 prop_inc 3425 fast_inc 0 eta_inc 1788 multi_dec -0 quick_dec -0 nack_dec -0
Flow Uec_610_34 flowId 451 uecSrc 450 finished at 40.3685 total messages 1 total packets 62 RTS 0 total bytes 253332 in_flight now 0 fair_inc 375 prop_inc 6049 fast_inc 0 eta_inc 1788 multi_dec -0 quick_dec -0 nack_dec -0
Flow Uec_169_673 flowId 87 uecSrc 86 finished at 40.3917 total messages 1 total packets 62 RTS 0 total bytes 253332 in_flight now 0 fair_inc 0 prop_inc 3012 fast_inc 0 eta_inc 1788 multi_dec -0 quick_dec -0 nack_dec -0
Flow Uec_888_263 flowId 318 uecSrc 317 finished at 40.4618 total messages 1 total packets 62 RTS 0 total bytes 253332 in_flight now 0 fair_inc 1496 prop_inc 3742 fast_inc 0 eta_inc 1788 multi_dec -0 quick_dec -0 nack_dec -0
Flow Uec_813_243 flowId 204 uecSrc 203 finished at 40.5736 total messages 1 total packets 62 RTS 0 total bytes 253332 in_flight now 0 fair_inc 0 prop_inc 5411 fast_inc 0 eta_inc 1788 multi_dec -0 quick_dec -0 nack_dec -0
Flow Uec_424_926 flowId 539 uecSrc 538 finished at 40.585 total messages 1 total packets 62 RTS 0 total bytes 253332 in_flight now 0 fair_inc 0 prop_inc 5807 fast_inc 0 eta_inc 1788 multi_dec -0 quick_dec -0 nack_dec -0
Flow Uec_693_60 flowId 305 uecSrc 304 finished at 40.6307 total messages 1 total packets 62 RTS 0 total bytes 253332 in_flight now 0 fair_inc 0 prop_inc 6735 fast_inc 0 eta_inc 1788 multi_dec -0 quick_dec -0 nack_dec -0
Flow Uec_76_501 flowId 346 uecSrc 345 finished at 40.635 total messages 1 total packets 62 RTS 0 total bytes 253332 in_flight now 0 fair_inc 0 prop_inc 3312 fast_inc 0 eta_inc 1788 multi_dec -0 quick_dec -0 nack_dec -0
Flow Uec_236_728 flowId 262 uecSrc 261 finished at 40.6362 total messages 1 total packets 62 RTS 0 total bytes 253332 in_flight now 0 fair_inc 0 prop_inc 2776 fast_inc 0 eta_inc 1788 multi_dec -0 quick_dec -0 nack_dec -0
Flow Uec_546_1001 flowId 528 uecSrc 527 finished at 40.639 total messages 1 total packets 62 RTS 0 total bytes 253332 in_flight now 0 fair_inc 1493 prop_inc 5321 fast_inc 0 eta_inc 1788 multi_dec -0 quick_dec -0 nack_dec -0
Flow Uec_284_770 flowId 71 uecSrc 70 finished at 40.6413 total messages 1 total packets 62 RTS 0 total bytes 253332 in_flight now 0 fair_inc 750 prop_inc 2831 fast_inc 0 eta_inc 1788 multi_dec -0 quick_dec -0 nack_dec -0
Flow Uec_770_113 flowId 485 uecSrc 484 finished at 40.717 total messages 1 total packets 62 RTS 0 total bytes 253332 in_flight now 0 fair_inc 0 prop_inc 2168 fast_inc 0 eta_inc 1788 multi_dec -0 quick_dec -0 nack_dec -0
Flow Uec_115_648 flowId 232 uecSrc 231 finished at 40.8387 total messages 1 total packets 62 RTS 0 total bytes 253332 in_flight now 0 fair_inc 0 prop_inc 4281 fast_inc 0 eta_inc 1788 multi_dec -0 quick_dec -0 nack_dec -0
Flow Uec_751_119 flowId 58 uecSrc 57 finished at 40.853 total messages 1 total packets 62 RTS 0 total bytes 253332 in_flight now 0 fair_inc 822 prop_inc 7412 fast_inc 0 eta_inc 1788 multi_dec -0 quick_dec -0 nack_dec -0
Flow Uec_638_25 flowId 124 uecSrc 123 finished at 40.9421 total messages 1 total packets 62 RTS 0 total bytes 253332 in_flight now 0 fair_inc 0 prop_inc 6495 fast_inc 0 eta_inc 1788 multi_dec -0 quick_dec -0 nack_dec -4150
Flow Uec_190_647 flowId 472 uecSrc 471 finished at 41.1133 total messages 1 total packets 62 RTS 0 total bytes 253332 in_flight now 0 fair_inc 1195 prop_inc 6990 fast_inc 0 eta_inc 1788 multi_dec -0 quick_dec -0 nack_dec -0
Flow Uec_59_510 flowId 545 uecSrc 544 finished at 41.2187 total messages 1 total packets 62 RTS 0 total bytes 253332 in_flight now 0 fair_inc 74 prop_inc 6221 fast_inc 0 eta_inc 1788 multi_dec -0 quick_dec -0 nack_dec -0
Flow Uec_80_569 flowId 145 uecSrc 144 finished at 41.2288 total messages 1 total packets 62 RTS 0 total bytes 253332 in_flight now 0 fair_inc 74 prop_inc 5733 fast_inc 0 eta_inc 1788 multi_dec -0 quick_dec -0 nack_dec -0
Flow Uec_37_521 flowId 275 uecSrc 274 finished at 41.2339 total messages 1 total packets 62 RTS 0 total bytes 253332 in_flight now 0 fair_inc 1122 prop_inc 7316 fast_inc 0 eta_inc 1788 multi_dec -0 quick_dec -0 nack_dec -0
Flow Uec_685_24 flowId 33 uecSrc 32 finished at 41.2894 total messages 1 total packets 62 RTS 0 total bytes 253332 in_flight now 0 fair_inc 3017 prop_inc 5724 fast_inc 0 eta_inc 1788 multi_dec -0 quick_dec -0 nack_dec -4150
Flow Uec_208_778 flowId 302 uecSrc 301 finished at 41.299 total messages 1 total packets 62 RTS 0 total bytes 253332 in_flight now 0 fair_inc 4467 prop_inc 3336 fast_inc 0 eta_inc 1788 multi_dec -0 quick_dec -0 nack_dec -0
Flow Uec_674_14 flowId 426 uecSrc 425 finished at 41.3798 total messages 1 total packets 62 RTS 0 total bytes 253332 in_flight now 0 fair_inc 1496 prop_inc 5559 fast_inc 0 eta_inc 1788 multi_dec -0 quick_dec -0 nack_dec -0
Flow Uec_867_246 flowId 298 uecSrc 297 finished at 41.4566 total messages 1 total packets 62 RTS 0 total bytes 253332 in_flight now 0 fair_inc 750 prop_inc 6121 fast_inc 0 eta_inc 1788 multi_dec -0 quick_dec -0 nack_dec -0
Flow Uec_16_584 flowId 222 uecSrc 221 finished at 41.5656 total messages 1 total packets 62 RTS 0 total bytes 253332 in_flight now 0 fair_inc 1496 prop_inc 4928 fast_inc 0 eta_inc 1788 multi_dec -0 quick_dec -0 nack_dec -0
Flow Uec_526_1011 flowId 458 uecSrc 457 finished at 41.5656 total messages 1 total packets 62 RTS 0 total bytes 253332 in_flight now 0 fair_inc 6312 prop_inc 2939 fast_inc 0 eta_inc 1788 multi_dec -0 quick_dec -0 nack_dec -0
Flow Uec_618_13 flowId 337 uecSrc 336 finished at 41.7118 total messages 1 total packets 62 RTS 0 total bytes 253332 in_flight now 0 fair_inc 0 prop_inc 2918 fast_inc 0 eta_inc 1788 multi_dec -0 quick_dec -0 nack_dec -0
Flow Uec_857_270 flowId 378 uecSrc 377 finished at 41.9723 total messages 1 total packets 62 RTS 0 total bytes 253332 in_flight now 0 fair_inc 0 prop_inc 7617 fast_inc 0 eta_inc 1788 multi_dec -0 quick_dec -0 nack_dec -4150
Flow Uec_111_601 flowId 392 uecSrc 391 finished at 41.9784 total messages 1 total packets 62 RTS 0 total bytes 253332 in_flight now 0 fair_inc 2243 prop_inc 5750 fast_inc 0 eta_inc 1788 multi_dec -0 quick_dec -0 nack_dec -0
Flow Uec_846_247 flowId 247 uecSrc 246 finished at 42.1899 total messages 1 total packets 62 RTS 0 total bytes 253332 in_flight now 0 fair_inc 3411 prop_inc 2938 fast_inc 0 eta_inc 1788 multi_dec -0 quick_dec -0 nack_dec -0
Flow Uec_577_1082 flowId 196 uecSrc 195 finished at 42.295 total messages 1 total packets 62 RTS 0 total bytes 253332 in_flight now 0 fair_inc 4541 prop_inc 2373 fast_inc 0 eta_inc 1788 multi_dec -0 quick_dec -0 nack_dec -0
Flow Uec_611_65 flowId 284 uecSrc 283 finished at 42.3163 total messages 1 total packets 62 RTS 0 total bytes 253332 in_flight now 0 fair_inc 0 prop_inc 5241 fast_inc 0 eta_inc 1788 multi_dec -0 quick_dec -0 nack_dec -0
Flow Uec_904_367 flowId 96 uecSrc 95 finished at 42.5616 total messages 1 total packets 62 RTS 0 total bytes 253332 in_flight now 0 fair_inc 749 prop_inc 6664 fast_inc 0 eta_inc 1788 multi_dec -0 quick_dec -0 nack_dec -0
Flow Uec_715_170 flowId 237 uecSrc 236 finished at 42.6275 total messages 1 total packets 62 RTS 0 total bytes 253332 in_flight now 0 fair_inc 0 prop_inc 5918 fast_inc 0 eta_inc 1788 multi_dec -0 quick_dec -0 nack_dec -818
Flow Uec_699_62 flowId 448 uecSrc 447 finished at 42.6586 total messages 1 total packets 62 RTS 0 total bytes 253332 in_flight now 0 fair_inc 0 prop_inc 2224 fast_inc 0 eta_inc 1788 multi_dec -0 quick_dec -0 nack_dec -0
Flow Uec_980_368 flowId 363 uecSrc 362 finished at 42.8936 total messages 1 total packets 62 RTS 0 total bytes 253332 in_flight now 0 fair_inc 375 prop_inc 6187 fast_inc 0 eta_inc 1788 multi_dec -0 quick_dec -0 nack_dec -0
Flow Uec_209_700 flowId 387 uecSrc 386 finished at 42.8936 total messages 1 total packets 62 RTS 0 total bytes 253332 in_flight now 0 fair_inc 1496 prop_inc 4853 fast_inc 0 eta_inc 1788 multi_dec -0 quick_dec -0 nack_dec -0
Flow Uec_594_1083 flowId 353 uecSrc 352 finished at 42.959 total messages 1 total packets 62 RTS 0 total bytes 253332 in_flight now 0 fair_inc 1496 prop_inc 4652 fast_inc 0 eta_inc 1788 multi_dec -0 quick_dec -0 nack_dec -0
Flow Uec_667_69 flowId 376 uecSrc 375 finished at 42.9906 total messages 1 total packets 62 RTS 0 total bytes 253332 in_flight now 0 fair_inc 0 prop_inc 5190 fast_inc 0 eta_inc 1788 multi_dec -0 quick_dec -0 nack_dec -0
Flow Uec_93_583 flowId 349 uecSrc 348 finished at 43.0899 total messages 1 total packets 62 RTS 0 total bytes 253332 in_flight now 0 fair_inc 1124 prop_inc 4520 fast_inc 0 eta_inc 1788 multi_dec -0 quick_dec -0 nack_dec -0
Flow Uec_82_589 flowId 359 uecSrc 358 finished at 43.291 total messages 1 total packets 62 RTS 0 total bytes 253332 in_flight now 0 fair_inc 1496 prop_inc 2370 fast_inc 0 eta_inc 1788 multi_dec -0 quick_dec -0 nack_dec -0
Flow Uec_149_631 flowId 273 uecSrc 272 finished at 43.3718 total messages 1 total packets 62 RTS 0 total bytes 253332 in_flight now 0 fair_inc 0 prop_inc 4950 fast_inc 0 eta_inc 1788 multi_dec -0 quick_dec -0 nack_dec -0
Flow Uec_504_1039 flowId 323 uecSrc 322 finished at 43.4651 total messages 1 total packets 62 RTS 0 total bytes 253332 in_flight now 0 fair_inc 0 prop_inc 6402 fast_inc 0 eta_inc 1788 multi_dec -0 quick_dec -0 nack_dec -0
Flow Uec_620_52 flowId 4 uecSrc 3 finished at 43.5832 total messages 1 total packets 62 RTS 0 total bytes 253332 in_flight now 0 fair_inc 1493 prop_inc 6090 fast_inc 0 eta_inc 1788 multi_dec -0 quick_dec -0 nack_dec -0
Flow Uec_156_629 flowId 476 uecSrc 475 finished at 43.7038 total messages 1 total packets 62 RTS 0 total bytes 253332 in_flight now 0 fair_inc 0 prop_inc 4719 fast_inc 0 eta_inc 1788 multi_dec -0 quick_dec -0 nack_dec -0
Flow Uec_887_286 flowId 95 uecSrc 94 finished at 44.0525 total messages 1 total packets 62 RTS 0 total bytes 253332 in_flight now 0 fair_inc 0 prop_inc 6627 fast_inc 0 eta_inc 1788 multi_dec -0 quick_dec -0 nack_dec -8300
Flow Uec_982_361 flowId 57 uecSrc 56 finished at 44.2216 total messages 1 total packets 62 RTS 0 total bytes 253332 in_flight now 0 fair_inc 1496 prop_inc 6135 fast_inc 0 eta_inc 1788 multi_dec -0 quick_dec -0 nack_dec -0
Flow Uec_876_295 flowId 30 uecSrc 29 finished at 44.287 total messages 1 total packets 62 RTS 0 total bytes 253332 in_flight now 0 fair_inc 0 prop_inc 5265 fast_inc 0 eta_inc 1788 multi_dec -0 quick_dec -0 nack_dec -0
Flow Uec_222_706 flowId 478 uecSrc 477 finished at 44.287 total messages 1 total packets 62 RTS 0 total bytes 253332 in_flight now 0 fair_inc 4835 prop_inc 2674 fast_inc 0 eta_inc 1788 multi_dec -0 quick_dec -0 nack_dec -0
Flow Uec_709_180 flowId 521 uecSrc 520 finished at 44.4958 total messages 1 total packets 62 RTS 0 total bytes 253332 in_flight now 0 fair_inc 1496 prop_inc 1930 fast_inc 0 eta_inc 1788 multi_dec -0 quick_dec -0 nack_dec -0
Flow Uec_996_344 flowId 522 uecSrc 521 finished at 44.6509 total messages 1 total packets 62 RTS 0 total bytes 253332 in_flight now 0 fair_inc 0 prop_inc 7354 fast_inc 0 eta_inc 1788 multi_dec -0 quick_dec -0 nack_dec -0
Flow Uec_714_112 flowId 270 uecSrc 269 finished at 44.6539 total messages 1 total packets 62 RTS 0 total bytes 253332 in_flight now 0 fair_inc 0 prop_inc 5509 fast_inc 0 eta_inc 1788 multi_dec -0 quick_dec -0 nack_dec -4150
Flow Uec_540_1014 flowId 527 uecSrc 526 finished at 44.6845 total messages 1 total packets 62 RTS 0 total bytes 253332 in_flight now 0 fair_inc 376 prop_inc 5740 fast_inc 0 eta_inc 1788 multi_dec -0 quick_dec -0 nack_dec -0
Flow Uec_563_1010 flowId 341 uecSrc 340 finished at 44.7499 total messages 1 total packets 62 RTS 0 total bytes 253332 in_flight now 0 fair_inc 74 prop_inc 5264 fast_inc 0 eta_inc 1788 multi_dec -0 quick_dec -0 nack_dec -0
Flow Uec_964_364 flowId 253 uecSrc 252 finished at 45.0819 total messages 1 total packets 62 RTS 0 total bytes 253332 in_flight now 0 fair_inc 822 prop_inc 4790 fast_inc 0 eta_inc 1788 multi_dec -0 quick_dec -0 nack_dec -0
Flow Uec_724_184 flowId 506 uecSrc 505 finished at 45.165 total messages 1 total packets 62 RTS 0 total bytes 253332 in_flight now 0 fair_inc 0 prop_inc 7618 fast_inc 0 eta_inc 1788 multi_dec -0 quick_dec -0 nack_dec -0
Flow Uec_897_248 flowId 438 uecSrc 437 finished at 45.2216 total messages 1 total packets 62 RTS 0 total bytes 253332 in_flight now 0 fair_inc 0 prop_inc 4125 fast_inc 0 eta_inc 1788 multi_dec -0 quick_dec -0 nack_dec -0
Flow Uec_873_289 flowId 442 uecSrc 441 finished at 45.279 total messages 1 total packets 62 RTS 0 total bytes 253332 in_flight now 0 fair_inc 0 prop_inc 6319 fast_inc 0 eta_inc 1788 multi_dec -0 quick_dec -0 nack_dec -4150
Flow Uec_925_366 flowId 405 uecSrc 404 finished at 45.283 total messages 1 total packets 62 RTS 0 total bytes 253332 in_flight now 0 fair_inc 3411 prop_inc 1731 fast_inc 0 eta_inc 1788 multi_dec -0 quick_dec -0 nack_dec -0
Flow Uec_1088_437 flowId 459 uecSrc 458 finished at 45.3242 total messages 1 total packets 62 RTS 0 total bytes 253332 in_flight now 0 fair_inc 0 prop_inc 7800 fast_inc 0 eta_inc 1788 multi_dec -0 quick_dec -0 nack_dec -4150
Flow Uec_826_298 flowId 348 uecSrc 347 finished at 45.3485 total messages 1 total packets 62 RTS 0 total bytes 253332 in_flight now 0 fair_inc 1496 prop_inc 2681 fast_inc 0 eta_inc 1788 multi_dec -0 quick_dec -0 nack_dec -0
Flow Uec_882_269 flowId 481 uecSrc 480 finished at 45.5496 total messages 1 total packets 62 RTS 0 total bytes 253332 in_flight now 0 fair_inc 1496 prop_inc 5593 fast_inc 0 eta_inc 1788 multi_dec -0 quick_dec -0 nack_dec -0
Flow Uec_999_379 flowId 34 uecSrc 33 finished at 45.615 total messages 1 total packets 62 RTS 0 total bytes 253332 in_flight now 0 fair_inc 2310 prop_inc 3766 fast_inc 0 eta_inc 1788 multi_dec -0 quick_dec -0 nack_dec -0
Flow Uec_202_727 flowId 408 uecSrc 407 finished at 45.6862 total messages 1 total packets 62 RTS 0 total bytes 253332 in_flight now 0 fair_inc 0 prop_inc 8084 fast_inc 0 eta_inc 1788 multi_dec -0 quick_dec -0 nack_dec -4150
Flow Uec_901_307 flowId 7 uecSrc 6 finished at 45.7544 total messages 1 total packets 62 RTS 0 total bytes 253332 in_flight now 0 fair_inc 0 prop_inc 6804 fast_inc 0 eta_inc 1788 multi_dec -0 quick_dec -0 nack_dec -0
Flow Uec_746_188 flowId 9 uecSrc 8 finished at 45.829 total messages 1 total packets 62 RTS 0 total bytes 253332 in_flight now 0 fair_inc 2237 prop_inc 2987 fast_inc 0 eta_inc 1788 multi_dec -0 quick_dec -0 nack_dec -0
Flow Uec_946_355 flowId 126 uecSrc 125 finished at 45.9666 total messages 1 total packets 62 RTS 0 total bytes 253332 in_flight now 0 fair_inc 0 prop_inc 8602 fast_inc 0 eta_inc 1788 multi_dec -0 quick_dec -0 nack_dec -4150
Flow Uec_357_858 flowId 435 uecSrc 434 finished at 46.0144 total messages 1 total packets 62 RTS 0 total bytes 253332 in_flight now 0 fair_inc 0 prop_inc 7456 fast_inc 0 eta_inc 1788 multi_dec -0 quick_dec -0 nack_dec -8300
Flow Uec_343_849 flowId 263 uecSrc 262 finished at 46.2093 total messages 1 total packets 62 RTS 0 total bytes 253332 in_flight now 0 fair_inc 0 prop_inc 4266 fast_inc 0 eta_inc 1788 multi_dec -0 quick_dec -0 nack_dec -4968
Flow Uec_883_293 flowId 431 uecSrc 430 finished at 46.4099 total messages 1 total packets 62 RTS 0 total bytes 253332 in_flight now 0 fair_inc 2310 prop_inc 3183 fast_inc 0 eta_inc 1788 multi_dec -0 quick_dec -0 nack_dec -0
Flow Uec_524_1012 flowId 216 uecSrc 215 finished at 46.4099 total messages 1 total packets 62 RTS 0 total bytes 253332 in_flight now 0 fair_inc 2973 prop_inc 1874 fast_inc 0 eta_inc 1788 multi_dec -0 quick_dec -0 nack_dec -0
Flow Uec_45_519 flowId 411 uecSrc 410 finished at 46.5054 total messages 1 total packets 62 RTS 0 total bytes 253332 in_flight now 0 fair_inc 0 prop_inc 6098 fast_inc 0 eta_inc 1788 multi_dec -0 quick_dec -0 nack_dec -8300
Flow Uec_810_268 flowId 469 uecSrc 468 finished at 46.5456 total messages 1 total packets 62 RTS 0 total bytes 253332 in_flight now 0 fair_inc 0 prop_inc 6140 fast_inc 0 eta_inc 1788 multi_dec -0 quick_dec -0 nack_dec -4968
Flow Uec_875_245 flowId 63 uecSrc 62 finished at 46.5496 total messages 1 total packets 62 RTS 0 total bytes 253332 in_flight now 0 fair_inc 1496 prop_inc 4402 fast_inc 0 eta_inc 1788 multi_dec -0 quick_dec -0 nack_dec -0
Flow Uec_536_1013 flowId 542 uecSrc 541 finished at 46.8074 total messages 1 total packets 62 RTS 0 total bytes 253332 in_flight now 0 fair_inc 1494 prop_inc 2217 fast_inc 0 eta_inc 1788 multi_dec -0 quick_dec -0 nack_dec -0
Flow Uec_945_375 flowId 195 uecSrc 194 finished at 46.8123 total messages 1 total packets 62 RTS 0 total bytes 253332 in_flight now 0 fair_inc 0 prop_inc 7807 fast_inc 0 eta_inc 1788 multi_dec -0 quick_dec -0 nack_dec -0
Flow Uec_836_265 flowId 356 uecSrc 355 finished at 46.943 total messages 1 total packets 62 RTS 0 total bytes 253332 in_flight now 0 fair_inc 2678 prop_inc 2098 fast_inc 0 eta_inc 1788 multi_dec -0 quick_dec -0 nack_dec -0
Flow Uec_38_504 flowId 439 uecSrc 438 finished at 46.984 total messages 1 total packets 62 RTS 0 total bytes 253332 in_flight now 0 fair_inc 2985 prop_inc 3425 fast_inc 0 eta_inc 1788 multi_dec -0 quick_dec -0 nack_dec -0
Flow Uec_49_511 flowId 271 uecSrc 270 finished at 47.1694 total messages 1 total packets 62 RTS 0 total bytes 253332 in_flight now 0 fair_inc 0 prop_inc 5406 fast_inc 0 eta_inc 1788 multi_dec -0 quick_dec -0 nack_dec -818
Flow Uec_884_204 flowId 425 uecSrc 424 finished at 47.2597 total messages 1 total packets 62 RTS 0 total bytes 253332 in_flight now 0 fair_inc 0 prop_inc 5796 fast_inc 0 eta_inc 1788 multi_dec -0 quick_dec -0 nack_dec -0
Flow Uec_942_374 flowId 127 uecSrc 126 finished at 47.552 total messages 1 total packets 62 RTS 0 total bytes 253332 in_flight now 0 fair_inc 2973 prop_inc 3451 fast_inc 0 eta_inc 1788 multi_dec -0 quick_dec -0 nack_dec -0
Flow Uec_865_242 flowId 307 uecSrc 306 finished at 47.611 total messages 1 total packets 62 RTS 0 total bytes 253332 in_flight now 0 fair_inc 4541 prop_inc 2483 fast_inc 0 eta_inc 1788 multi_dec -0 quick_dec -0 nack_dec -0
Flow Uec_318_894 flowId 233 uecSrc 232 finished at 47.7544 total messages 1 total packets 62 RTS 0 total bytes 253332 in_flight now 0 fair_inc 0 prop_inc 6772 fast_inc 0 eta_inc 1788 multi_dec -0 quick_dec -0 nack_dec -4150
Flow Uec_1002_416 flowId 101 uecSrc 100 finished at 47.9146 total messages 1 total packets 62 RTS 0 total bytes 253332 in_flight now 0 fair_inc 0 prop_inc 7272 fast_inc 0 eta_inc 1788 multi_dec -0 quick_dec -0 nack_dec -818
Flow Uec_697_84 flowId 406 uecSrc 405 finished at 48.1131 total messages 1 total packets 62 RTS 0 total bytes 253332 in_flight now 0 fair_inc 4112 prop_inc 2897 fast_inc 0 eta_inc 1788 multi_dec -0 quick_dec -0 nack_dec -0
Flow Uec_719_167 flowId 244 uecSrc 243 finished at 48.2056 total messages 1 total packets 62 RTS 0 total bytes 253332 in_flight now 0 fair_inc 0 prop_inc 5230 fast_inc 0 eta_inc 1788 multi_dec -0 quick_dec -0 nack_dec -4150
Flow Uec_994_395 flowId 468 uecSrc 467 finished at 48.2667 total messages 1 total packets 62 RTS 0 total bytes 253332 in_flight now 0 fair_inc 751 prop_inc 1776 fast_inc 0 eta_inc 1788 multi_dec -0 quick_dec -0 nack_dec -0
Flow Uec_215_789 flowId 172 uecSrc 171 finished at 48.3438 total messages 1 total packets 62 RTS 0 total bytes 253332 in_flight now 0 fair_inc 0 prop_inc 7771 fast_inc 0 eta_inc 2384 multi_dec -0 quick_dec -0 nack_dec -0
Flow Uec_983_341 flowId 31 uecSrc 30 finished at 48.3683 total messages 1 total packets 62 RTS 0 total bytes 253332 in_flight now 0 fair_inc 1496 prop_inc 2419 fast_inc 0 eta_inc 1788 multi_dec -0 quick_dec -0 nack_dec -0
Flow Uec_683_83 flowId 24 uecSrc 23 finished at 48.4451 total messages 1 total packets 62 RTS 0 total bytes 253332 in_flight now 0 fair_inc 0 prop_inc 5303 fast_inc 0 eta_inc 1788 multi_dec -0 quick_dec -0 nack_dec -0
Flow Uec_971_349 flowId 104 uecSrc 103 finished at 48.4992 total messages 1 total packets 62 RTS 0 total bytes 253332 in_flight now 0 fair_inc 0 prop_inc 6361 fast_inc 0 eta_inc 1788 multi_dec -0 quick_dec -0 nack_dec -0
Flow Uec_805_266 flowId 130 uecSrc 129 finished at 48.603 total messages 1 total packets 62 RTS 0 total bytes 253332 in_flight now 0 fair_inc 1496 prop_inc 2793 fast_inc 0 eta_inc 1788 multi_dec -0 quick_dec -0 nack_dec -0
Flow Uec_921_347 flowId 37 uecSrc 36 finished at 48.7003 total messages 1 total packets 62 RTS 0 total bytes 253332 in_flight now 0 fair_inc 3045 prop_inc 2468 fast_inc 0 eta_inc 2384 multi_dec -0 quick_dec -0 nack_dec -0
Flow Uec_672_82 flowId 143 uecSrc 142 finished at 48.7771 total messages 1 total packets 62 RTS 0 total bytes 253332 in_flight now 0 fair_inc 2247 prop_inc 913 fast_inc 0 eta_inc 2384 multi_dec -0 quick_dec -0 nack_dec -0
Flow Uec_0_591 flowId 59 uecSrc 58 finished at 48.8696 total messages 1 total packets 62 RTS 0 total bytes 253332 in_flight now 0 fair_inc 0 prop_inc 1490 fast_inc 0 eta_inc 1788 multi_dec -0 quick_dec -0 nack_dec -0
Flow Uec_839_253 flowId 457 uecSrc 456 finished at 48.8901 total messages 1 total packets 62 RTS 0 total bytes 253332 in_flight now 0 fair_inc 375 prop_inc 5336 fast_inc 0 eta_inc 1788 multi_dec -0 quick_dec -0 nack_dec -0
Flow Uec_434_948 flowId 207 uecSrc 206 finished at 48.935 total messages 1 total packets 62 RTS 0 total bytes 253332 in_flight now 0 fair_inc 2988 prop_inc 2390 fast_inc 0 eta_inc 1788 multi_dec -0 quick_dec -0 nack_dec -0
Flow Uec_478_949 flowId 188 uecSrc 187 finished at 49.267 total messages 1 total packets 62 RTS 0 total bytes 253332 in_flight now 0 fair_inc 1496 prop_inc 1366 fast_inc 0 eta_inc 1788 multi_dec -0 quick_dec -0 nack_dec -0
Flow Uec_408_923 flowId 309 uecSrc 308 finished at 49.2824 total messages 1 total packets 62 RTS 0 total bytes 253332 in_flight now 0 fair_inc 1570 prop_inc 1518 fast_inc 0 eta_inc 1788 multi_dec -0 quick_dec -0 nack_dec -0
Flow Uec_203_731 flowId 35 uecSrc 34 finished at 49.4246 total messages 1 total packets 62 RTS 0 total bytes 253332 in_flight now 0 fair_inc 0 prop_inc 6763 fast_inc 0 eta_inc 1788 multi_dec -0 quick_dec -0 nack_dec -4150
Flow Uec_281_796 flowId 342 uecSrc 341 finished at 49.6645 total messages 1 total packets 62 RTS 0 total bytes 253332 in_flight now 0 fair_inc 0 prop_inc 5298 fast_inc 0 eta_inc 1788 multi_dec -0 quick_dec -0 nack_dec -4150
Flow Uec_289_783 flowId 2 uecSrc 1 finished at 49.6718 total messages 1 total packets 62 RTS 0 total bytes 253332 in_flight now 0 fair_inc 0 prop_inc 5922 fast_inc 0 eta_inc 1788 multi_dec -0 quick_dec -0 nack_dec -0
Flow Uec_893_208 flowId 149 uecSrc 148 finished at 49.9157 total messages 1 total packets 62 RTS 0 total bytes 253332 in_flight now 0 fair_inc 0 prop_inc 5643 fast_inc 0 eta_inc 1788 multi_dec -0 quick_dec -0 nack_dec -0
Flow Uec_1095_470 flowId 380 uecSrc 379 finished at 50.3285 total messages 1 total packets 62 RTS 0 total bytes 253332 in_flight now 0 fair_inc 1868 prop_inc 1257 fast_inc 0 eta_inc 2384 multi_dec -0 quick_dec -0 nack_dec -0
Flow Uec_62_599 flowId 131 uecSrc 130 finished at 50.5296 total messages 1 total packets 62 RTS 0 total bytes 253332 in_flight now 0 fair_inc 3364 prop_inc 907 fast_inc 0 eta_inc 2384 multi_dec -0 quick_dec -0 nack_dec -0
Flow Uec_933_300 flowId 505 uecSrc 504 finished at 50.564 total messages 1 total packets 62 RTS 0 total bytes 253332 in_flight now 0 fair_inc 1521 prop_inc 701 fast_inc 0 eta_inc 2384 multi_dec -0 quick_dec -0 nack_dec -4150
Flow Uec_976_391 flowId 186 uecSrc 185 finished at 50.6163 total messages 1 total packets 62 RTS 0 total bytes 253332 in_flight now 0 fair_inc 3020 prop_inc 2657 fast_inc 0 eta_inc 2384 multi_dec -0 quick_dec -0 nack_dec -4150
Flow Uec_1038_477 flowId 132 uecSrc 131 finished at 50.6605 total messages 1 total packets 62 RTS 0 total bytes 253332 in_flight now 0 fair_inc 1124 prop_inc 1535 fast_inc 0 eta_inc 2384 multi_dec -0 quick_dec -0 nack_dec -0
Flow Uec_909_310 flowId 509 uecSrc 508 finished at 50.685 total messages 1 total packets 62 RTS 0 total bytes 253332 in_flight now 0 fair_inc 1868 prop_inc 845 fast_inc 0 eta_inc 2384 multi_dec -0 quick_dec -0 nack_dec -0
Flow Uec_384_859 flowId 5 uecSrc 4 finished at 50.824 total messages 1 total packets 62 RTS 0 total bytes 253332 in_flight now 0 fair_inc 0 prop_inc 7283 fast_inc 0 eta_inc 2384 multi_dec -0 quick_dec -0 nack_dec -8300
Flow Uec_417_947 flowId 223 uecSrc 222 finished at 50.8317 total messages 1 total packets 62 RTS 0 total bytes 253332 in_flight now 0 fair_inc 375 prop_inc 7824 fast_inc 0 eta_inc 1788 multi_dec -0 quick_dec -0 nack_dec -0
Flow Uec_731_161 flowId 494 uecSrc 493 finished at 50.8616 total messages 1 total packets 62 RTS 0 total bytes 253332 in_flight now 0 fair_inc 2237 prop_inc 1562 fast_inc 0 eta_inc 2384 multi_dec -0 quick_dec -0 nack_dec -0
Flow Uec_545_1034 flowId 148 uecSrc 147 finished at 50.9165 total messages 1 total packets 62 RTS 0 total bytes 253332 in_flight now 0 fair_inc 0 prop_inc 3220 fast_inc 0 eta_inc 2384 multi_dec -0 quick_dec -0 nack_dec -0
Flow Uec_721_164 flowId 163 uecSrc 162 finished at 51.1936 total messages 1 total packets 62 RTS 0 total bytes 253332 in_flight now 0 fair_inc 2655 prop_inc 2296 fast_inc 0 eta_inc 2384 multi_dec -0 quick_dec -0 nack_dec -4150
Flow Uec_575_1032 flowId 43 uecSrc 42 finished at 51.2485 total messages 1 total packets 62 RTS 0 total bytes 253332 in_flight now 0 fair_inc 824 prop_inc 1811 fast_inc 0 eta_inc 2384 multi_dec -0 quick_dec -0 nack_dec -0
Flow Uec_430_922 flowId 541 uecSrc 540 finished at 51.2744 total messages 1 total packets 62 RTS 0 total bytes 253332 in_flight now 0 fair_inc 3137 prop_inc 2652 fast_inc 0 eta_inc 2384 multi_dec -0 quick_dec -0 nack_dec -12450
Flow Uec_599_1087 flowId 339 uecSrc 338 finished at 51.3256 total messages 1 total packets 62 RTS 0 total bytes 253332 in_flight now 0 fair_inc 1496 prop_inc 5761 fast_inc 0 eta_inc 1788 multi_dec -0 quick_dec -0 nack_dec -0
Flow Uec_859_252 flowId 538 uecSrc 537 finished at 51.345 total messages 1 total packets 62 RTS 0 total bytes 253332 in_flight now 0 fair_inc 854 prop_inc 1193 fast_inc 0 eta_inc 2384 multi_dec -0 quick_dec -0 nack_dec -8300
Flow Uec_229_784 flowId 191 uecSrc 190 finished at 51.3746 total messages 1 total packets 62 RTS 0 total bytes 253332 in_flight now 0 fair_inc 1657 prop_inc 978 fast_inc 0 eta_inc 2384 multi_dec -0 quick_dec -0 nack_dec -12450
Flow Uec_74_552 flowId 194 uecSrc 193 finished at 51.6565 total messages 1 total packets 62 RTS 0 total bytes 253332 in_flight now 0 fair_inc 2620 prop_inc 1462 fast_inc 0 eta_inc 2384 multi_dec -0 quick_dec -0 nack_dec -0
Flow Uec_812_251 flowId 525 uecSrc 524 finished at 51.677 total messages 1 total packets 62 RTS 0 total bytes 253332 in_flight now 0 fair_inc 1550 prop_inc 1155 fast_inc 0 eta_inc 2384 multi_dec -0 quick_dec -0 nack_dec -8300
Flow Uec_206_723 flowId 390 uecSrc 389 finished at 51.7515 total messages 1 total packets 62 RTS 0 total bytes 253332 in_flight now 0 fair_inc 1502 prop_inc 1341 fast_inc 0 eta_inc 2384 multi_dec -0 quick_dec -0 nack_dec -818
Flow Uec_47_554 flowId 377 uecSrc 376 finished at 51.8576 total messages 1 total packets 62 RTS 0 total bytes 253332 in_flight now 0 fair_inc 2237 prop_inc 987 fast_inc 0 eta_inc 2384 multi_dec -0 quick_dec -0 nack_dec -0
Flow Uec_970_302 flowId 513 uecSrc 512 finished at 51.9022 total messages 1 total packets 62 RTS 0 total bytes 253332 in_flight now 0 fair_inc 2020 prop_inc 1164 fast_inc 0 eta_inc 2384 multi_dec -0 quick_dec -0 nack_dec -17418
Flow Uec_224_729 flowId 445 uecSrc 444 finished at 51.9526 total messages 1 total packets 62 RTS 0 total bytes 253332 in_flight now 0 fair_inc 1942 prop_inc 1236 fast_inc 0 eta_inc 2384 multi_dec -0 quick_dec -0 nack_dec -9118
Flow Uec_272_787 flowId 45 uecSrc 44 finished at 52.0386 total messages 1 total packets 62 RTS 0 total bytes 253332 in_flight now 0 fair_inc 0 prop_inc 2008 fast_inc 0 eta_inc 2384 multi_dec -0 quick_dec -0 nack_dec -21568
Flow Uec_412_941 flowId 467 uecSrc 466 finished at 52.2354 total messages 1 total packets 62 RTS 0 total bytes 253332 in_flight now 0 fair_inc 1496 prop_inc 3144 fast_inc 0 eta_inc 2384 multi_dec -0 quick_dec -0 nack_dec -0
Flow Uec_772_110 flowId 152 uecSrc 151 finished at 52.2459 total messages 1 total packets 62 RTS 0 total bytes 253332 in_flight now 0 fair_inc 0 prop_inc 1481 fast_inc 0 eta_inc 2384 multi_dec -0 quick_dec -0 nack_dec -20750
Flow Uec_694_54 flowId 325 uecSrc 324 finished at 52.2806 total messages 1 total packets 62 RTS 0 total bytes 253332 in_flight now 0 fair_inc 0 prop_inc 6303 fast_inc 0 eta_inc 1788 multi_dec -0 quick_dec -0 nack_dec -0
Flow Uec_877_206 flowId 428 uecSrc 427 finished at 52.3102 total messages 1 total packets 62 RTS 0 total bytes 253332 in_flight now 0 fair_inc 0 prop_inc 2073 fast_inc 0 eta_inc 2384 multi_dec -0 quick_dec -0 nack_dec -13268
Flow Uec_829_284 flowId 48 uecSrc 47 finished at 52.3165 total messages 1 total packets 62 RTS 0 total bytes 253332 in_flight now 0 fair_inc 0 prop_inc 1636 fast_inc 0 eta_inc 2384 multi_dec -0 quick_dec -0 nack_dec -17418
Flow Uec_931_315 flowId 241 uecSrc 240 finished at 52.345 total messages 1 total packets 62 RTS 0 total bytes 253332 in_flight now 0 fair_inc 2090 prop_inc 1315 fast_inc 0 eta_inc 2384 multi_dec -0 quick_dec -0 nack_dec -16600
Flow Uec_691_79 flowId 211 uecSrc 210 finished at 52.3563 total messages 1 total packets 62 RTS 0 total bytes 253332 in_flight now 0 fair_inc 1169 prop_inc 1605 fast_inc 0 eta_inc 2384 multi_dec -0 quick_dec -0 nack_dec -9118
Flow Uec_177_669 flowId 269 uecSrc 268 finished at 52.4462 total messages 1 total packets 62 RTS 0 total bytes 253332 in_flight now 0 fair_inc 1496 prop_inc 1216 fast_inc 0 eta_inc 2384 multi_dec -0 quick_dec -0 nack_dec -0
Flow Uec_1057_401 flowId 315 uecSrc 314 finished at 52.4678 total messages 1 total packets 62 RTS 0 total bytes 253332 in_flight now 0 fair_inc 0 prop_inc 1206 fast_inc 0 eta_inc 2384 multi_dec -0 quick_dec -0 nack_dec -8300
Flow Uec_547_1081 flowId 418 uecSrc 417 finished at 52.5179 total messages 1 total packets 62 RTS 0 total bytes 253332 in_flight now 0 fair_inc 3090 prop_inc 694 fast_inc 0 eta_inc 2384 multi_dec -0 quick_dec -0 nack_dec -9118
Flow Uec_405_993 flowId 198 uecSrc 197 finished at 52.5304 total messages 1 total packets 62 RTS 0 total bytes 253332 in_flight now 0 fair_inc 0 prop_inc 1501 fast_inc 0 eta_inc 2384 multi_dec -0 quick_dec -0 nack_dec -8300
Flow Uec_427_940 flowId 529 uecSrc 528 finished at 52.5674 total messages 1 total packets 62 RTS 0 total bytes 253332 in_flight now 0 fair_inc 1574 prop_inc 4452 fast_inc 0 eta_inc 2384 multi_dec -0 quick_dec -0 nack_dec -0
Flow Uec_748_114 flowId 326 uecSrc 325 finished at 52.6434 total messages 1 total packets 62 RTS 0 total bytes 253332 in_flight now 0 fair_inc 0 prop_inc 1372 fast_inc 0 eta_inc 2384 multi_dec -0 quick_dec -0 nack_dec -17418
Flow Uec_128_662 flowId 364 uecSrc 363 finished at 52.6474 total messages 1 total packets 62 RTS 0 total bytes 253332 in_flight now 0 fair_inc 450 prop_inc 1237 fast_inc 0 eta_inc 2384 multi_dec -0 quick_dec -0 nack_dec -0
Flow Uec_1086_434 flowId 286 uecSrc 285 finished at 52.6624 total messages 1 total packets 62 RTS 0 total bytes 253332 in_flight now 0 fair_inc 1345 prop_inc 1175 fast_inc 0 eta_inc 2384 multi_dec -0 quick_dec -0 nack_dec -24900
Flow Uec_1015_499 flowId 218 uecSrc 217 finished at 52.7088 total messages 1 total packets 62 RTS 0 total bytes 253332 in_flight now 0 fair_inc 83 prop_inc 1173 fast_inc 0 eta_inc 2384 multi_dec -0 quick_dec -0 nack_dec -24900
Flow Uec_1020_405 flowId 369 uecSrc 368 finished at 52.7998 total messages 1 total packets 62 RTS 0 total bytes 253332 in_flight now 0 fair_inc 1374 prop_inc 1014 fast_inc 0 eta_inc 2384 multi_dec -0 quick_dec -0 nack_dec -29050
Flow Uec_761_166 flowId 289 uecSrc 288 finished at 52.847 total messages 1 total packets 62 RTS 0 total bytes 253332 in_flight now 0 fair_inc 495 prop_inc 1274 fast_inc 0 eta_inc 2384 multi_dec -0 quick_dec -0 nack_dec -20750
Flow Uec_488_990 flowId 125 uecSrc 124 finished at 52.8624 total messages 1 total packets 62 RTS 0 total bytes 253332 in_flight now 0 fair_inc 1581 prop_inc 1174 fast_inc 0 eta_inc 2384 multi_dec -0 quick_dec -0 nack_dec -12450
Flow Uec_809_283 flowId 38 uecSrc 37 finished at 52.9805 total messages 1 total packets 62 RTS 0 total bytes 253332 in_flight now 0 fair_inc 0 prop_inc 1987 fast_inc 0 eta_inc 2384 multi_dec -0 quick_dec -0 nack_dec -16600
Flow Uec_744_176 flowId 159 uecSrc 158 finished at 52.9845 total messages 1 total packets 62 RTS 0 total bytes 253332 in_flight now 0 fair_inc 2061 prop_inc 1084 fast_inc 0 eta_inc 2384 multi_dec -0 quick_dec -0 nack_dec -21568
Flow Uec_649_78 flowId 373 uecSrc 372 finished at 53.0203 total messages 1 total packets 62 RTS 0 total bytes 253332 in_flight now 0 fair_inc 1292 prop_inc 1182 fast_inc 0 eta_inc 2384 multi_dec -0 quick_dec -0 nack_dec -16600
Flow Uec_1059_411 flowId 114 uecSrc 113 finished at 53.0254 total messages 1 total packets 62 RTS 0 total bytes 253332 in_flight now 0 fair_inc 0 prop_inc 773 fast_inc 0 eta_inc 2384 multi_dec -0 quick_dec -0 nack_dec -9118
Flow Uec_1043_498 flowId 423 uecSrc 422 finished at 53.0408 total messages 1 total packets 62 RTS 0 total bytes 253332 in_flight now 0 fair_inc 1317 prop_inc 1063 fast_inc 0 eta_inc 2384 multi_dec -0 quick_dec -0 nack_dec -20750
Flow Uec_1041_404 flowId 49 uecSrc 48 finished at 53.0459 total messages 1 total packets 62 RTS 0 total bytes 253332 in_flight now 0 fair_inc 517 prop_inc 1331 fast_inc 0 eta_inc 2384 multi_dec -0 quick_dec -0 nack_dec -29050
Flow Uec_292_791 flowId 329 uecSrc 328 finished at 53.0459 total messages 1 total packets 62 RTS 0 total bytes 253332 in_flight now 0 fair_inc 829 prop_inc 1022 fast_inc 0 eta_inc 2384 multi_dec -0 quick_dec -0 nack_dec -21568
Flow Uec_275_781 flowId 214 uecSrc 213 finished at 53.1227 total messages 1 total packets 62 RTS 0 total bytes 253332 in_flight now 0 fair_inc 1687 prop_inc 1159 fast_inc 0 eta_inc 2384 multi_dec -0 quick_dec -0 nack_dec -25718
Flow Uec_1053_436 flowId 334 uecSrc 333 finished at 53.3264 total messages 1 total packets 62 RTS 0 total bytes 253332 in_flight now 0 fair_inc 2020 prop_inc 968 fast_inc 0 eta_inc 2384 multi_dec -0 quick_dec -0 nack_dec -17418
Flow Uec_1025_415 flowId 277 uecSrc 276 finished at 53.3574 total messages 1 total packets 62 RTS 0 total bytes 253332 in_flight now 0 fair_inc 2372 prop_inc 636 fast_inc 0 eta_inc 2384 multi_dec -0 quick_dec -0 nack_dec -13268
Flow Uec_1009_473 flowId 393 uecSrc 392 finished at 53.3728 total messages 1 total packets 62 RTS 0 total bytes 253332 in_flight now 0 fair_inc 495 prop_inc 1030 fast_inc 0 eta_inc 2384 multi_dec -0 quick_dec -0 nack_dec -20750
Flow Uec_1018_402 flowId 180 uecSrc 179 finished at 53.3779 total messages 1 total packets 62 RTS 0 total bytes 253332 in_flight now 0 fair_inc 0 prop_inc 1261 fast_inc 0 eta_inc 2384 multi_dec -0 quick_dec -0 nack_dec -17418
Flow Uec_297_785 flowId 484 uecSrc 483 finished at 53.3893 total messages 1 total packets 62 RTS 0 total bytes 253332 in_flight now 0 fair_inc 781 prop_inc 984 fast_inc 0 eta_inc 2384 multi_dec -0 quick_dec -0 nack_dec -9118
Flow Uec_586_1080 flowId 156 uecSrc 155 finished at 53.4485 total messages 1 total packets 62 RTS 0 total bytes 253332 in_flight now 0 fair_inc 3138 prop_inc 1466 fast_inc 0 eta_inc 2384 multi_dec -0 quick_dec -0 nack_dec -12450
Flow Uec_252_710 flowId 39 uecSrc 38 finished at 53.4547 total messages 1 total packets 62 RTS 0 total bytes 253332 in_flight now 0 fair_inc 1646 prop_inc 1330 fast_inc 0 eta_inc 2384 multi_dec -0 quick_dec -0 nack_dec -20750
Flow Uec_807_205 flowId 350 uecSrc 349 finished at 53.6331 total messages 1 total packets 62 RTS 0 total bytes 253332 in_flight now 0 fair_inc 2458 prop_inc 1643 fast_inc 0 eta_inc 2384 multi_dec -0 quick_dec -0 nack_dec -20750
Flow Uec_440_945 flowId 278 uecSrc 277 finished at 53.6339 total messages 1 total packets 62 RTS 0 total bytes 253332 in_flight now 0 fair_inc 778 prop_inc 1191 fast_inc 0 eta_inc 2384 multi_dec -0 quick_dec -0 nack_dec -8300
Flow Uec_619_53 flowId 192 uecSrc 191 finished at 53.6741 total messages 1 total packets 62 RTS 0 total bytes 253332 in_flight now 0 fair_inc 0 prop_inc 1164 fast_inc 0 eta_inc 2384 multi_dec -0 quick_dec -0 nack_dec -8300
Flow Uec_1065_475 flowId 238 uecSrc 237 finished at 53.7048 total messages 1 total packets 62 RTS 0 total bytes 253332 in_flight now 0 fair_inc 2178 prop_inc 709 fast_inc 0 eta_inc 2384 multi_dec -0 quick_dec -0 nack_dec -24900
Flow Uec_248_794 flowId 243 uecSrc 242 finished at 53.7099 total messages 1 total packets 62 RTS 0 total bytes 253332 in_flight now 0 fair_inc 1317 prop_inc 1231 fast_inc 0 eta_inc 2384 multi_dec -0 quick_dec -0 nack_dec -20750
Flow Uec_707_172 flowId 12 uecSrc 11 finished at 53.7139 total messages 1 total packets 62 RTS 0 total bytes 253332 in_flight now 0 fair_inc 1217 prop_inc 1674 fast_inc 0 eta_inc 2384 multi_dec -0 quick_dec -0 nack_dec -17418
Flow Uec_223_715 flowId 254 uecSrc 253 finished at 53.7867 total messages 1 total packets 62 RTS 0 total bytes 253332 in_flight now 0 fair_inc 1727 prop_inc 611 fast_inc 0 eta_inc 2384 multi_dec -0 quick_dec -0 nack_dec -20750
Flow Uec_326_890 flowId 230 uecSrc 229 finished at 53.7958 total messages 1 total packets 62 RTS 0 total bytes 253332 in_flight now 0 fair_inc 897 prop_inc 1418 fast_inc 0 eta_inc 2384 multi_dec -0 quick_dec -0 nack_dec -37350
Flow Uec_294_733 flowId 146 uecSrc 145 finished at 54.0726 total messages 1 total packets 62 RTS 0 total bytes 253332 in_flight now 0 fair_inc 0 prop_inc 769 fast_inc 0 eta_inc 2384 multi_dec -0 quick_dec -0 nack_dec -33200
Flow Uec_356_896 flowId 417 uecSrc 416 finished at 54.1278 total messages 1 total packets 62 RTS 0 total bytes 253332 in_flight now 0 fair_inc 83 prop_inc 1390 fast_inc 0 eta_inc 2384 multi_dec -0 quick_dec -0 nack_dec -24900
Flow Uec_896_271 flowId 489 uecSrc 488 finished at 54.1432 total messages 1 total packets 62 RTS 0 total bytes 253332 in_flight now 0 fair_inc 3474 prop_inc 1218 fast_inc 0 eta_inc 2384 multi_dec -0 quick_dec -0 nack_dec -29050
Flow Uec_790_163 flowId 255 uecSrc 254 finished at 54.175 total messages 1 total packets 62 RTS 0 total bytes 253332 in_flight now 0 fair_inc 1373 prop_inc 1221 fast_inc 0 eta_inc 2384 multi_dec -0 quick_dec -0 nack_dec -29050
Flow Uec_688_59 flowId 92 uecSrc 91 finished at 54.3381 total messages 1 total packets 62 RTS 0 total bytes 253332 in_flight now 0 fair_inc 0 prop_inc 785 fast_inc 0 eta_inc 2384 multi_dec -0 quick_dec -0 nack_dec -12450
Flow Uec_249_792 flowId 338 uecSrc 337 finished at 54.3779 total messages 1 total packets 62 RTS 0 total bytes 253332 in_flight now 0 fair_inc 843 prop_inc 1151 fast_inc 0 eta_inc 2384 multi_dec -0 quick_dec -0 nack_dec -24900
Flow Uec_838_257 flowId 85 uecSrc 84 finished at 54.379 total messages 1 total packets 62 RTS 0 total bytes 253332 in_flight now 0 fair_inc 3220 prop_inc 923 fast_inc 0 eta_inc 2384 multi_dec -0 quick_dec -0 nack_dec -17418
Flow Uec_804_272 flowId 383 uecSrc 382 finished at 54.4752 total messages 1 total packets 62 RTS 0 total bytes 253332 in_flight now 0 fair_inc 926 prop_inc 852 fast_inc 0 eta_inc 2384 multi_dec -0 quick_dec -0 nack_dec -24900
Flow Uec_233_798 flowId 384 uecSrc 383 finished at 54.7099 total messages 1 total packets 62 RTS 0 total bytes 253332 in_flight now 0 fair_inc 422 prop_inc 1345 fast_inc 0 eta_inc 2384 multi_dec -0 quick_dec -0 nack_dec -24900
Flow Uec_869_254 flowId 155 uecSrc 154 finished at 54.711 total messages 1 total packets 62 RTS 0 total bytes 253332 in_flight now 0 fair_inc 0 prop_inc 787 fast_inc 0 eta_inc 2384 multi_dec -0 quick_dec -0 nack_dec -29868
Flow Uec_850_264 flowId 427 uecSrc 426 finished at 54.8034 total messages 1 total packets 62 RTS 0 total bytes 253332 in_flight now 0 fair_inc 0 prop_inc 3806 fast_inc 0 eta_inc 2384 multi_dec -0 quick_dec -0 nack_dec -12450
Flow Uec_260_730 flowId 105 uecSrc 104 finished at 55.0686 total messages 1 total packets 62 RTS 0 total bytes 253332 in_flight now 0 fair_inc 0 prop_inc 1224 fast_inc 0 eta_inc 2384 multi_dec -0 quick_dec -0 nack_dec -37350
Flow Uec_7_507 flowId 452 uecSrc 451 finished at 55.6814 total messages 1 total packets 62 RTS 0 total bytes 253332 in_flight now 0 fair_inc 2387 prop_inc 660 fast_inc 0 eta_inc 2384 multi_dec -0 quick_dec -0 nack_dec -49800
Flow Uec_19_508 flowId 16 uecSrc 15 finished at 56.0789 total messages 1 total packets 62 RTS 0 total bytes 253332 in_flight now 0 fair_inc 3070 prop_inc 777 fast_inc 0 eta_inc 2384 multi_dec -0 quick_dec -0 nack_dec -29868
Flow Uec_28_515 flowId 167 uecSrc 166 finished at 56.2643 total messages 1 total packets 62 RTS 0 total bytes 253332 in_flight now 0 fair_inc 0 prop_inc 733 fast_inc 0 eta_inc 2384 multi_dec -0 quick_dec -0 nack_dec -24900
Flow Uec_66_516 flowId 20 uecSrc 19 finished at 56.5963 total messages 1 total packets 62 RTS 0 total bytes 253332 in_flight now 0 fair_inc 2803 prop_inc 703 fast_inc 0 eta_inc 2384 multi_dec -0 quick_dec -0 nack_dec -46468
Flow Uec_870_267 flowId 117 uecSrc 116 finished at 56.6786 total messages 1 total packets 62 RTS 0 total bytes 253332 in_flight now 0 fair_inc 862 prop_inc 1205 fast_inc 0 eta_inc 2384 multi_dec -0 quick_dec -0 nack_dec -29868
Flow Uec_187_655 flowId 358 uecSrc 357 finished at 56.8106 total messages 1 total packets 62 RTS 0 total bytes 253332 in_flight now 0 fair_inc 1242 prop_inc 875 fast_inc 0 eta_inc 2384 multi_dec -0 quick_dec -0 nack_dec -21568
Flow Uec_164_651 flowId 300 uecSrc 299 finished at 56.9386 total messages 1 total packets 62 RTS 0 total bytes 253332 in_flight now 0 fair_inc 3896 prop_inc 684 fast_inc 0 eta_inc 2384 multi_dec -0 quick_dec -0 nack_dec -54768
Flow Uec_858_262 flowId 210 uecSrc 209 finished at 57.0106 total messages 1 total packets 62 RTS 0 total bytes 253332 in_flight now 0 fair_inc 441 prop_inc 2701 fast_inc 0 eta_inc 2384 multi_dec -0 quick_dec -0 nack_dec -33200
Flow Uec_130_657 flowId 235 uecSrc 234 finished at 57.4091 total messages 1 total packets 62 RTS 0 total bytes 253332 in_flight now 0 fair_inc 775 prop_inc 3205 fast_inc 0 eta_inc 2384 multi_dec -0 quick_dec -0 nack_dec -8300
Flow Uec_199_659 flowId 535 uecSrc 534 finished at 57.6026 total messages 1 total packets 62 RTS 0 total bytes 253332 in_flight now 0 fair_inc 2180 prop_inc 653 fast_inc 0 eta_inc 2384 multi_dec -0 quick_dec -0 nack_dec -33200
Flow Uec_112_650 flowId 409 uecSrc 408 finished at 58.4051 total messages 1 total packets 62 RTS 0 total bytes 253332 in_flight now 0 fair_inc 0 prop_inc 1564 fast_inc 0 eta_inc 2384 multi_dec -0 quick_dec -0 nack_dec -29050
Flow Uec_132_656 flowId 140 uecSrc 139 finished at 58.7371 total messages 1 total packets 62 RTS 0 total bytes 253332 in_flight now 0 fair_inc 0 prop_inc 3978 fast_inc 0 eta_inc 2384 multi_dec -0 quick_dec -0 nack_dec -16600
Flow Uec_339_846 flowId 303 uecSrc 302 finished at 63.6093 total messages 1 total packets 62 RTS 0 total bytes 253332 in_flight now 0 fair_inc 0 prop_inc 3478 fast_inc 0 eta_inc 2384 multi_dec -0 quick_dec -0 nack_dec -29050
Flow Uec_380_848 flowId 482 uecSrc 481 finished at 64.6053 total messages 1 total packets 62 RTS 0 total bytes 253332 in_flight now 0 fair_inc 4663 prop_inc 619 fast_inc 0 eta_inc 2980 multi_dec -0 quick_dec -0 nack_dec -79668
Flow Uec_392_845 flowId 450 uecSrc 449 finished at 64.9373 total messages 1 total packets 62 RTS 0 total bytes 253332 in_flight now 0 fair_inc 2900 prop_inc 705 fast_inc 0 eta_inc 2980 multi_dec -0 quick_dec -0 nack_dec -75518
Flow Uec_285_760 flowId 471 uecSrc 470 finished at 64.9805 total messages 1 total packets 62 RTS 0 total bytes 253332 in_flight now 0 fair_inc 0 prop_inc 3684 fast_inc 0 eta_inc 2384 multi_dec -0 quick_dec -190651 nack_dec -12450
Flow Uec_323_851 flowId 272 uecSrc 271 finished at 66.8613 total messages 1 total packets 62 RTS 0 total bytes 253332 in_flight now 0 fair_inc 654 prop_inc 570 fast_inc 0 eta_inc 2980 multi_dec -0 quick_dec -0 nack_dec -95450
Flow Uec_1091_431 flowId 11 uecSrc 10 finished at 68.2869 total messages 1 total packets 62 RTS 0 total bytes 253332 in_flight now 0 fair_inc 0 prop_inc 744 fast_inc 0 eta_inc 2980 multi_dec -0 quick_dec -0 nack_dec -78850
Flow Uec_1087_439 flowId 128 uecSrc 127 finished at 68.6189 total messages 1 total packets 62 RTS 0 total bytes 253332 in_flight now 0 fair_inc 652 prop_inc 1875 fast_inc 0 eta_inc 2980 multi_dec -0 quick_dec -0 nack_dec -95450
Flow Uec_1037_433 flowId 462 uecSrc 461 finished at 68.9509 total messages 1 total packets 62 RTS 0 total bytes 253332 in_flight now 0 fair_inc 2981 prop_inc 199 fast_inc 0 eta_inc 2980 multi_dec -0 quick_dec -0 nack_dec -112050
Flow Uec_302_857 flowId 261 uecSrc 260 finished at 69.1853 total messages 1 total packets 62 RTS 0 total bytes 253332 in_flight now 0 fair_inc 2495 prop_inc 2331 fast_inc 0 eta_inc 2980 multi_dec -0 quick_dec -0 nack_dec -91300
Flow Uec_365_854 flowId 370 uecSrc 369 finished at 69.5173 total messages 1 total packets 62 RTS 0 total bytes 253332 in_flight now 0 fair_inc 0 prop_inc 627 fast_inc 0 eta_inc 2980 multi_dec -0 quick_dec -0 nack_dec -75518
Flow Uec_5_568 flowId 488 uecSrc 487 finished at 70.3546 total messages 1 total packets 62 RTS 0 total bytes 253332 in_flight now 0 fair_inc 1214 prop_inc 746 fast_inc 0 eta_inc 2980 multi_dec -200 quick_dec -0 nack_dec -87150
Flow Uec_637_23 flowId 27 uecSrc 26 finished at 70.3699 total messages 1 total packets 62 RTS 0 total bytes 253332 in_flight now 0 fair_inc 0 prop_inc 187 fast_inc 0 eta_inc 2980 multi_dec -982 quick_dec -0 nack_dec -84636
Flow Uec_623_21 flowId 536 uecSrc 535 finished at 70.7019 total messages 1 total packets 62 RTS 0 total bytes 253332 in_flight now 0 fair_inc 666 prop_inc 137 fast_inc 0 eta_inc 2980 multi_dec -555 quick_dec -0 nack_dec -97086
Flow Uec_910_353 flowId 355 uecSrc 354 finished at 71.0146 total messages 1 total packets 62 RTS 0 total bytes 253332 in_flight now 0 fair_inc 1308 prop_inc 170 fast_inc 0 eta_inc 2980 multi_dec -536 quick_dec -0 nack_dec -95450
Flow Uec_604_26 flowId 347 uecSrc 346 finished at 71.0339 total messages 1 total packets 62 RTS 0 total bytes 253332 in_flight now 0 fair_inc 1529 prop_inc 713 fast_inc 0 eta_inc 2980 multi_dec -0 quick_dec -0 nack_dec -104568
Flow Uec_997_351 flowId 493 uecSrc 492 finished at 71.3466 total messages 1 total packets 62 RTS 0 total bytes 253332 in_flight now 0 fair_inc 3843 prop_inc 219 fast_inc 0 eta_inc 2980 multi_dec -555 quick_dec -0 nack_dec -95450
Flow Uec_60_562 flowId 109 uecSrc 108 finished at 71.6826 total messages 1 total packets 62 RTS 0 total bytes 253332 in_flight now 0 fair_inc 3192 prop_inc 195 fast_inc 0 eta_inc 2980 multi_dec -0 quick_dec -0 nack_dec -95450
Flow Uec_987_350 flowId 213 uecSrc 212 finished at 72.0106 total messages 1 total packets 62 RTS 0 total bytes 253332 in_flight now 0 fair_inc 3201 prop_inc 154 fast_inc 0 eta_inc 2980 multi_dec -362 quick_dec -0 nack_dec -95450
Flow Uec_538_1059 flowId 500 uecSrc 499 finished at 72.0475 total messages 1 total packets 62 RTS 0 total bytes 253332 in_flight now 0 fair_inc 2416 prop_inc 186 fast_inc 0 eta_inc 2980 multi_dec -161 quick_dec -0 nack_dec -87150
Flow Uec_569_1058 flowId 388 uecSrc 387 finished at 72.445 total messages 1 total packets 62 RTS 0 total bytes 253332 in_flight now 0 fair_inc 2711 prop_inc 611 fast_inc 0 eta_inc 2980 multi_dec -174 quick_dec -0 nack_dec -96268
Flow Uec_83_560 flowId 61 uecSrc 60 finished at 73.6746 total messages 1 total packets 62 RTS 0 total bytes 253332 in_flight now 0 fair_inc 5798 prop_inc 644 fast_inc 0 eta_inc 3576 multi_dec -0 quick_dec -0 nack_dec -112050
Flow Uec_529_1051 flowId 432 uecSrc 431 finished at 74.437 total messages 1 total packets 62 RTS 0 total bytes 253332 in_flight now 0 fair_inc 7403 prop_inc 626 fast_inc 0 eta_inc 3576 multi_dec -254 quick_dec -0 nack_dec -116200
Flow Uec_267_766 flowId 440 uecSrc 439 finished at 75.0714 total messages 1 total packets 62 RTS 0 total bytes 253332 in_flight now 0 fair_inc 5123 prop_inc 668 fast_inc 0 eta_inc 3576 multi_dec -0 quick_dec -0 nack_dec -112868
Flow Uec_213_761 flowId 495 uecSrc 494 finished at 75.7354 total messages 1 total packets 62 RTS 0 total bytes 253332 in_flight now 0 fair_inc 4466 prop_inc 1652 fast_inc 0 eta_inc 2980 multi_dec -0 quick_dec -0 nack_dec -116200
Flow Uec_256_763 flowId 36 uecSrc 35 finished at 76.0674 total messages 1 total packets 62 RTS 0 total bytes 253332 in_flight now 0 fair_inc 636 prop_inc 610 fast_inc 0 eta_inc 3576 multi_dec -287 quick_dec -0 nack_dec -92118
.Done
New: 34100 Rtx: 947 RTS: 0 Bounced: 0 ACKs: 13407 NACKs: 947 Pulls: 0 sleek_pkts: 0
