pattern,nodes,size,strat_label,strat,load_balancing_algo,extra_flags,load_fraction,flowsize,seed,n_flows,duration_us,fct_mean,fct_p50,fct_p99,fct_max,fct_min,new,rtx,rts,bounced,acks,nacks,pulls,sleek_pkts,rtx_rate_pct,rts_rate_pct,nack_rate_pct,bounced_rate_pct
tornado,1100,m,fpar,fpar,oblivious,,0.25,100000,1,275,38.2376,28.280521454545486,27.4547,35.7547,38.2376,19.4816,6875,0,0,0,3246,0,0,0,0.0,0.0,0.0,0.0
tornado,1100,m,reps_no_partition,reps_dfp,reps,,0.25,100000,1,275,24.6547,22.42283854545455,22.3136,24.3278,24.6547,21.1416,6875,0,0,0,2110,0,0,0,0.0,0.0,0.0,0.0
tornado,1100,m,reps_partition,reps_dfp,reps,-reps_partition_entropy -reps_escalate_threshold 0.2 -reps_warmup_explore_rtts 1.0 -reps_explore_prob 70,0.25,100000,1,275,25.3238,22.539538545454565,22.3376,24.6627,25.3238,21.1456,6875,0,0,0,2115,0,0,0,0.0,0.0,0.0,0.0
tornado,1100,m,fpar,fpar,oblivious,,0.25,100000,2,275,35.7496,28.113413090909113,27.4496,35.7496,35.7496,19.4816,6875,0,0,0,3188,0,0,0,0.0,0.0,0.0,0.0
tornado,1100,m,reps_no_partition,reps_dfp,reps,,0.25,100000,2,275,28.993,22.47380509090909,22.2958,25.157,28.993,21.1456,6875,0,0,0,2113,0,0,0,0.0,0.0,0.0,0.0
tornado,1100,m,reps_partition,reps_dfp,reps,-reps_partition_entropy -reps_escalate_threshold 0.2 -reps_warmup_explore_rtts 1.0 -reps_explore_prob 70,0.25,100000,2,275,26.505,22.566772363636368,22.4696,25.3227,26.505,21.1416,6875,0,0,0,2118,0,0,0,0.0,0.0,0.0,0.0
tornado,1100,m,fpar,fpar,oblivious,,0.25,100000,3,275,37.5736,28.271660727272753,27.4496,35.7496,37.5736,19.4816,6875,0,0,0,3180,0,0,0,0.0,0.0,0.0,0.0
tornado,1100,m,reps_no_partition,reps_dfp,reps,,0.25,100000,3,275,25.673,22.425004000000023,22.3216,24.9907,25.673,21.1416,6875,0,0,0,2109,0,0,0,0.0,0.0,0.0,0.0
tornado,1100,m,reps_partition,reps_dfp,reps,-reps_partition_entropy -reps_escalate_threshold 0.2 -reps_warmup_explore_rtts 1.0 -reps_explore_prob 70,0.25,100000,3,275,27.337,22.422598181818177,22.153,24.6547,27.337,20.8227,6875,0,0,0,2114,0,0,0,0.0,0.0,0.0,0.0
tornado,1100,m,fpar,fpar,oblivious,,0.25,100000,4,275,38.2376,28.48531818181822,27.4496,37.9056,38.2376,19.4816,6875,0,0,0,3257,0,0,0,0.0,0.0,0.0,0.0
tornado,1100,m,reps_no_partition,reps_dfp,reps,,0.25,100000,4,275,25.3267,22.50730763636364,22.3256,24.8301,25.3267,21.1456,6875,0,0,0,2134,0,0,0,0.0,0.0,0.0,0.0
tornado,1100,m,reps_partition,reps_dfp,reps,-reps_partition_entropy -reps_escalate_threshold 0.2 -reps_warmup_explore_rtts 1.0 -reps_explore_prob 70,0.25,100000,4,275,25.9827,22.525881818181816,22.4336,24.8147,25.9827,21.1456,6875,0,0,0,2118,0,0,0,0.0,0.0,0.0,0.0
tornado,1100,m,fpar,fpar,oblivious,,0.25,100000,5,275,35.9096,28.057039636363687,27.4496,35.5896,35.9096,19.4816,6875,0,0,0,3125,0,0,0,0.0,0.0,0.0,0.0
tornado,1100,m,reps_no_partition,reps_dfp,reps,,0.25,100000,5,275,25.153,22.46328181818183,22.3256,24.8363,25.153,20.9816,6875,0,0,0,2121,0,0,0,0.0,0.0,0.0,0.0
tornado,1100,m,reps_partition,reps_dfp,reps,-reps_partition_entropy -reps_escalate_threshold 0.2 -reps_warmup_explore_rtts 1.0 -reps_explore_prob 70,0.25,100000,5,275,26.337,22.42710836363637,22.3216,24.9867,26.337,21.1416,6875,0,0,0,2119,0,0,0,0.0,0.0,0.0,0.0
tornado,1100,m,fpar,fpar,oblivious,,0.25,500000,1,275,117.109,68.25772545454547,63.4776,116.445,117.109,52.183,33825,184,0,0,19684,184,0,0,0.5439763488543976,0.0,0.5439763488543976,0.0
tornado,1100,m,reps_no_partition,reps_dfp,reps,,0.25,500000,1,275,59.1736,55.279790909090934,55.1045,57.8941,59.1736,53.9834,33825,0,0,0,8910,0,0,0,0.0,0.0,0.0,0.0
tornado,1100,m,reps_partition,reps_dfp,reps,-reps_partition_entropy -reps_escalate_threshold 0.2 -reps_warmup_explore_rtts 1.0 -reps_explore_prob 70,0.25,500000,1,275,59.7451,55.37665890909093,55.0994,59.1616,59.7451,53.9754,33825,0,0,0,8939,0,0,0,0.0,0.0,0.0,0.0
tornado,1100,m,fpar,fpar,oblivious,,0.25,500000,2,275,95.973,69.8412058181818,63.4776,95.641,95.973,51.9834,33825,181,0,0,20370,181,0,0,0.5351071692535108,0.0,0.5351071692535108,0.0
tornado,1100,m,reps_no_partition,reps_dfp,reps,,0.25,500000,2,275,60.1787,55.420397090909134,55.1896,59.2574,60.1787,54.3074,33825,0,0,0,8924,0,0,0,0.0,0.0,0.0,0.0
tornado,1100,m,reps_partition,reps_dfp,reps,-reps_partition_entropy -reps_escalate_threshold 0.2 -reps_warmup_explore_rtts 1.0 -reps_explore_prob 70,0.25,500000,2,275,59.9514,55.91346763636364,55.6354,59.2874,59.9514,53.7498,33825,0,0,0,9019,0,0,0,0.0,0.0,0.0,0.0
tornado,1100,m,fpar,fpar,oblivious,,0.25,500000,3,275,128.046,68.63939527272727,63.2714,120.012,128.046,53.669,33825,172,0,0,19601,172,0,0,0.50849963045085,0.0,0.50849963045085,0.0
tornado,1100,m,reps_no_partition,reps_dfp,reps,,0.25,500000,3,275,58.5642,55.32714909090912,55.0994,57.9346,58.5642,53.9794,33825,0,0,0,8923,0,0,0,0.0,0.0,0.0,0.0
tornado,1100,m,reps_partition,reps_dfp,reps,-reps_partition_entropy -reps_escalate_threshold 0.2 -reps_warmup_explore_rtts 1.0 -reps_explore_prob 70,0.25,500000,3,275,60.551,55.524472363636384,55.1827,60.219,60.551,53.9754,33825,0,0,0,8976,0,0,0,0.0,0.0,0.0,0.0
tornado,1100,m,fpar,fpar,oblivious,,0.25,500000,4,275,143.419,71.2174290909091,62.9394,135.097,143.419,51.9834,33825,516,0,0,19757,516,0,0,1.5254988913525498,0.0,1.5254988913525498,0.0
tornado,1100,m,reps_no_partition,reps_dfp,reps,,0.25,500000,4,275,59.2682,55.463085090909104,55.3034,58.9878,59.2682,53.9874,33825,0,0,0,8950,0,0,0,0.0,0.0,0.0,0.0
tornado,1100,m,reps_partition,reps_dfp,reps,-reps_partition_entropy -reps_escalate_threshold 0.2 -reps_warmup_explore_rtts 1.0 -reps_explore_prob 70,0.25,500000,4,275,65.2787,56.709712,55.3125,65.1178,65.2787,53.7816,33825,0,0,0,9144,0,0,0,0.0,0.0,0.0,0.0
tornado,1100,m,fpar,fpar,oblivious,,0.25,500000,5,275,97.1522,67.32016800000002,62.9394,96.9957,97.1522,52.1267,33825,171,0,0,19092,171,0,0,0.5055432372505543,0.0,0.5055432372505543,0.0
tornado,1100,m,reps_no_partition,reps_dfp,reps,,0.25,500000,5,275,62.376,55.33157781818186,55.0334,58.4478,62.376,53.9834,33825,0,0,0,8931,0,0,0,0.0,0.0,0.0,0.0
tornado,1100,m,reps_partition,reps_dfp,reps,-reps_partition_entropy -reps_escalate_threshold 0.2 -reps_warmup_explore_rtts 1.0 -reps_explore_prob 70,0.25,500000,5,275,63.8454,55.82710109090905,55.1896,63.5134,63.8454,53.7856,33825,0,0,0,8989,0,0,0,0.0,0.0,0.0,0.0
tornado,1100,m,fpar,fpar,oblivious,,0.25,2000000,1,275,528.756,234.73415272727286,201.641,458.849,528.756,175.235,134750,249,0,0,85127,249,0,0,0.18478664192949906,0.0,0.18478664192949906,0.0
tornado,1100,m,reps_no_partition,reps_dfp,reps,,0.25,2000000,1,275,190.043,177.87995272727264,177.378,186.995,190.043,176.434,134750,0,0,0,34575,0,0,0,0.0,0.0,0.0,0.0
tornado,1100,m,reps_partition,reps_dfp,reps,-reps_partition_entropy -reps_escalate_threshold 0.2 -reps_warmup_explore_rtts 1.0 -reps_explore_prob 70,0.25,2000000,1,275,182.397,177.64190545454545,177.514,181.631,182.397,175.862,134750,0,0,0,35367,0,0,0,0.0,0.0,0.0,0.0
tornado,1100,m,fpar,fpar,oblivious,,0.25,2000000,2,275,550.905,249.62474181818177,202.414,495.727,550.905,173.862,134750,269,0,0,86385,269,0,0,0.19962894248608534,0.0,0.19962894248608534,0.0
tornado,1100,m,reps_no_partition,reps_dfp,reps,,0.25,2000000,2,275,188.685,178.04449090909117,177.518,186.829,188.685,176.19,134750,0,0,0,34870,0,0,0,0.0,0.0,0.0,0.0
tornado,1100,m,reps_partition,reps_dfp,reps,-reps_partition_entropy -reps_escalate_threshold 0.2 -reps_warmup_explore_rtts 1.0 -reps_explore_prob 70,0.25,2000000,2,275,184.565,178.01113090909107,177.723,183.23,184.565,176.032,134750,0,0,0,36321,0,0,0,0.0,0.0,0.0,0.0
tornado,1100,m,fpar,fpar,oblivious,,0.25,2000000,3,275,528.559,244.15429818181812,201.086,517.544,528.559,176.522,134750,229,0,0,84946,229,0,0,0.1699443413729128,0.0,0.1699443413729128,0.0
tornado,1100,m,reps_no_partition,reps_dfp,reps,,0.25,2000000,3,275,187.995,177.92118545454554,177.39,186.06,187.995,176.36,134750,0,0,0,34637,0,0,0,0.0,0.0,0.0,0.0
tornado,1100,m,reps_partition,reps_dfp,reps,-reps_partition_entropy -reps_escalate_threshold 0.2 -reps_warmup_explore_rtts 1.0 -reps_explore_prob 70,0.25,2000000,3,275,188.267,177.89631636363637,177.518,184.961,188.267,175.858,134750,0,0,0,35673,0,0,0,0.0,0.0,0.0,0.0
tornado,1100,m,fpar,fpar,oblivious,,0.25,2000000,4,275,678.634,256.48638545454554,200.681,644.634,678.634,173.862,134750,544,0,0,82919,544,0,0,0.40371057513914654,0.0,0.40371057513914654,0.0
tornado,1100,m,reps_no_partition,reps_dfp,reps,,0.25,2000000,4,275,187.12,178.16922909090906,177.454,185.71,187.12,176.483,134750,0,0,0,35028,0,0,0,0.0,0.0,0.0,0.0
tornado,1100,m,reps_partition,reps_dfp,reps,-reps_partition_entropy -reps_escalate_threshold 0.2 -reps_warmup_explore_rtts 1.0 -reps_explore_prob 70,0.25,2000000,4,275,187.068,178.4895018181818,177.608,186.634,187.068,175.858,134750,3,0,0,36239,3,0,0,0.0022263450834879408,0.0,0.0022263450834879408,0.0
tornado,1100,m,fpar,fpar,oblivious,,0.25,2000000,5,275,534.038,228.4289527272728,200.926,435.898,534.038,175.552,134750,236,0,0,81782,236,0,0,0.175139146567718,0.0,0.175139146567718,0.0
tornado,1100,m,reps_no_partition,reps_dfp,reps,,0.25,2000000,5,275,186.855,177.86807636363636,177.424,185.322,186.855,176.211,134750,0,0,0,34657,0,0,0,0.0,0.0,0.0,0.0
tornado,1100,m,reps_partition,reps_dfp,reps,-reps_partition_entropy -reps_escalate_threshold 0.2 -reps_warmup_explore_rtts 1.0 -reps_explore_prob 70,0.25,2000000,5,275,185.064,177.70268727272727,177.508,182.7,185.064,176.186,134750,0,0,0,35690,0,0,0,0.0,0.0,0.0,0.0
tornado,1100,m,fpar,fpar,oblivious,,0.25,10000000,1,275,2531.18,1105.5846109090905,941.776,2262.57,2531.18,827.098,673200,249,0,0,457027,249,0,0,0.03698752228163993,0.0,0.03698752228163993,0.0
tornado,1100,m,reps_no_partition,reps_dfp,reps,,0.25,10000000,1,275,868.913,830.5089818181817,829.323,862.11,868.913,826.578,673200,0,0,0,174741,0,0,0,0.0,0.0,0.0,0.0
tornado,1100,m,reps_partition,reps_dfp,reps,-reps_partition_entropy -reps_escalate_threshold 0.2 -reps_warmup_explore_rtts 1.0 -reps_explore_prob 70,0.25,10000000,1,275,859.681,829.7149636363638,828.906,849.741,859.681,826.211,673200,0,0,0,175963,0,0,0,0.0,0.0,0.0,0.0
tornado,1100,m,fpar,fpar,oblivious,,0.25,10000000,2,275,2255.6,1137.6730436363625,945.973,2060.72,2255.6,823.909,673200,269,0,0,458171,269,0,0,0.03995840760546643,0.0,0.03995840760546643,0.0
tornado,1100,m,reps_no_partition,reps_dfp,reps,,0.25,10000000,2,275,865.699,831.2252509090904,829.655,863.727,865.699,826.543,673200,0,0,0,176127,0,0,0,0.0,0.0,0.0,0.0
tornado,1100,m,reps_partition,reps_dfp,reps,-reps_partition_entropy -reps_escalate_threshold 0.2 -reps_warmup_explore_rtts 1.0 -reps_explore_prob 70,0.25,10000000,2,275,863.742,830.6556218181813,829.671,859.732,863.742,826.057,673200,0,0,0,178983,0,0,0,0.0,0.0,0.0,0.0
tornado,1100,m,fpar,fpar,oblivious,,0.25,10000000,3,275,2510.04,1144.3833672727267,937.174,2487.47,2510.04,826.547,673200,229,0,0,451524,229,0,0,0.03401663695781343,0.0,0.03401663695781343,0.0
tornado,1100,m,reps_no_partition,reps_dfp,reps,,0.25,10000000,3,275,863.504,830.8128763636362,828.424,862.436,863.504,826.547,673200,0,0,0,174781,0,0,0,0.0,0.0,0.0,0.0
tornado,1100,m,reps_partition,reps_dfp,reps,-reps_partition_entropy -reps_escalate_threshold 0.2 -reps_warmup_explore_rtts 1.0 -reps_explore_prob 70,0.25,10000000,3,275,870.129,830.7267672727278,829.329,864.045,870.129,826.189,673200,0,0,0,176730,0,0,0,0.0,0.0,0.0,0.0
tornado,1100,m,fpar,fpar,oblivious,,0.25,10000000,4,275,2974.58,1169.2350690909088,939.423,2613.89,2974.58,823.887,673200,544,0,0,440088,544,0,0,0.08080808080808081,0.0,0.08080808080808081,0.0
tornado,1100,m,reps_no_partition,reps_dfp,reps,,0.25,10000000,4,275,868.752,831.8918872727272,828.742,867.246,868.752,826.704,673200,0,0,0,176686,0,0,0,0.0,0.0,0.0,0.0
tornado,1100,m,reps_partition,reps_dfp,reps,-reps_partition_entropy -reps_escalate_threshold 0.2 -reps_warmup_explore_rtts 1.0 -reps_explore_prob 70,0.25,10000000,4,275,876.491,832.3346109090912,829.508,866.75,876.491,826.145,673200,3,0,0,179357,3,0,0,0.000445632798573975,0.0,0.000445632798573975,0.0
tornado,1100,m,fpar,fpar,oblivious,,0.25,10000000,5,275,1962.65,1056.2661600000001,940.606,1869.48,1962.65,827.211,673200,236,0,0,433911,236,0,0,0.035056446821152706,0.0,0.035056446821152706,0.0
tornado,1100,m,reps_no_partition,reps_dfp,reps,,0.25,10000000,5,275,869.769,830.228792727273,828.124,854.749,869.769,826.548,673200,0,0,0,174525,0,0,0,0.0,0.0,0.0,0.0
tornado,1100,m,reps_partition,reps_dfp,reps,-reps_partition_entropy -reps_escalate_threshold 0.2 -reps_warmup_explore_rtts 1.0 -reps_explore_prob 70,0.25,10000000,5,275,855.212,829.339272727273,828.539,844.591,855.212,826.222,673200,0,0,0,176605,0,0,0,0.0,0.0,0.0,0.0
tornado,1100,m,fpar,fpar,oblivious,,0.5,100000,1,550,52.9085,30.702103090909176,28.5771,45.5256,52.9085,21.6267,13750,35,0,0,7054,35,0,0,0.2545454545454545,0.0,0.2545454545454545,0.0
tornado,1100,m,reps_no_partition,reps_dfp,reps,,0.5,100000,1,550,27.313,24.053107818181807,23.9816,26.7827,27.313,21.997,13750,0,0,0,4246,0,0,0,0.0,0.0,0.0,0.0
tornado,1100,m,reps_partition,reps_dfp,reps,-reps_partition_entropy -reps_escalate_threshold 0.2 -reps_warmup_explore_rtts 1.0 -reps_explore_prob 40,0.5,100000,1,550,28.7776,24.29724781818184,24.1427,27.6336,28.7776,21.8107,13750,0,0,0,4249,0,0,0,0.0,0.0,0.0,0.0
tornado,1100,m,fpar,fpar,oblivious,,0.5,100000,2,550,45.3656,30.306823272727335,28.7627,39.3896,45.3656,19.497,13750,0,0,0,6977,0,0,0,0.0,0.0,0.0,0.0
tornado,1100,m,reps_no_partition,reps_dfp,reps,,0.5,100000,2,550,29.9667,24.136242727272727,23.9696,27.9776,29.9667,21.8198,13750,0,0,0,4263,0,0,0,0.0,0.0,0.0,0.0
tornado,1100,m,reps_partition,reps_dfp,reps,-reps_partition_entropy -reps_escalate_threshold 0.2 -reps_warmup_explore_rtts 1.0 -reps_explore_prob 40,0.5,100000,2,550,29.1267,24.390447272727272,24.1336,27.997,29.1267,21.821,13750,0,0,0,4260,0,0,0,0.0,0.0,0.0,0.0
tornado,1100,m,fpar,fpar,oblivious,,0.5,100000,3,550,45.0376,30.42530109090913,28.9598,39.2336,45.0376,19.6416,13750,0,0,0,7063,0,0,0,0.0,0.0,0.0,0.0
tornado,1100,m,reps_no_partition,reps_dfp,reps,,0.5,100000,3,550,28.485,23.95743381818184,23.7976,26.973,28.485,21.8096,13750,0,0,0,4223,0,0,0,0.0,0.0,0.0,0.0
tornado,1100,m,reps_partition,reps_dfp,reps,-reps_partition_entropy -reps_escalate_threshold 0.2 -reps_warmup_explore_rtts 1.0 -reps_explore_prob 40,0.5,100000,3,550,30.7816,24.359352181818156,24.1416,28.4216,30.7816,21.8198,13750,0,0,0,4235,0,0,0,0.0,0.0,0.0,0.0
tornado,1100,m,fpar,fpar,oblivious,,0.5,100000,4,550,38.7256,30.0633176363637,28.6176,37.589,38.7256,19.4867,13750,0,0,0,6870,0,0,0,0.0,0.0,0.0,0.0
tornado,1100,m,reps_no_partition,reps_dfp,reps,,0.5,100000,4,550,28.4707,24.283783636363655,24.1398,27.7856,28.4707,21.4827,13750,0,0,0,4261,0,0,0,0.0,0.0,0.0,0.0
tornado,1100,m,reps_partition,reps_dfp,reps,-reps_partition_entropy -reps_escalate_threshold 0.2 -reps_warmup_explore_rtts 1.0 -reps_explore_prob 40,0.5,100000,4,550,29.641,24.338367818181837,24.1398,27.9627,29.641,21.8107,13750,0,0,0,4245,0,0,0,0.0,0.0,0.0,0.0
tornado,1100,m,fpar,fpar,oblivious,,0.5,100000,5,550,45.0888,30.30308781818188,28.5771,40.4317,45.0888,21.0384,13750,0,0,0,7007,0,0,0,0.0,0.0,0.0,0.0
tornado,1100,m,reps_no_partition,reps_dfp,reps,,0.5,100000,5,550,28.6581,24.067632909090914,23.9638,27.5589,28.6581,21.9867,13750,0,0,0,4239,0,0,0,0.0,0.0,0.0,0.0
tornado,1100,m,reps_partition,reps_dfp,reps,-reps_partition_entropy -reps_escalate_threshold 0.2 -reps_warmup_explore_rtts 1.0 -reps_explore_prob 40,0.5,100000,5,550,29.641,24.317596727272747,24.1176,27.993,29.641,21.8107,13750,0,0,0,4248,0,0,0,0.0,0.0,0.0,0.0
tornado,1100,m,fpar,fpar,oblivious,,0.5,500000,1,550,219.695,77.83216290909083,71.8496,173.641,219.695,55.3368,67650,1594,0,0,43815,1594,0,0,2.3562453806356247,0.0,2.3562453806356247,0.0
tornado,1100,m,reps_no_partition,reps_dfp,reps,,0.5,500000,1,550,73.2806,62.98977527272725,62.6859,71.8269,73.2806,56.6758,67650,0,0,0,22844,0,0,0,0.0,0.0,0.0,0.0
tornado,1100,m,reps_partition,reps_dfp,reps,-reps_partition_entropy -reps_escalate_threshold 0.2 -reps_warmup_explore_rtts 1.0 -reps_explore_prob 40,0.5,500000,1,550,72.3952,66.6345652727272,66.7114,71.5539,72.3952,60.4594,67650,5986,0,0,30495,5986,0,0,8.848484848484848,0.0,8.848484848484848,0.0
tornado,1100,m,fpar,fpar,oblivious,,0.5,500000,2,550,169.647,77.11235836363632,74.5645,141.405,169.647,55.6661,67650,1243,0,0,44788,1243,0,0,1.8373983739837398,0.0,1.8373983739837398,0.0
tornado,1100,m,reps_no_partition,reps_dfp,reps,,0.5,500000,2,550,73.4587,63.1980516363636,62.4373,72.1589,73.4587,56.8141,67650,0,0,0,22710,0,0,0,0.0,0.0,0.0,0.0
tornado,1100,m,reps_partition,reps_dfp,reps,-reps_partition_entropy -reps_escalate_threshold 0.2 -reps_warmup_explore_rtts 1.0 -reps_explore_prob 40,0.5,500000,2,550,74.5142,66.80231199999997,66.5995,72.1602,74.5142,61.4006,67650,5930,0,0,30478,5930,0,0,8.76570583887657,0.0,8.76570583887657,0.0
tornado,1100,m,fpar,fpar,oblivious,,0.5,500000,3,550,176.423,77.51714763636359,74.0262,145.497,176.423,55.5491,67650,1534,0,0,45012,1534,0,0,2.2675535846267554,0.0,2.2675535846267554,0.0
tornado,1100,m,reps_no_partition,reps_dfp,reps,,0.5,500000,3,550,71.473,63.46078836363633,63.2754,70.4616,71.473,56.6661,67650,0,0,0,22545,0,0,0,0.0,0.0,0.0,0.0
tornado,1100,m,reps_partition,reps_dfp,reps,-reps_partition_entropy -reps_escalate_threshold 0.2 -reps_warmup_explore_rtts 1.0 -reps_explore_prob 40,0.5,500000,3,550,73.3458,66.46127127272723,66.3088,71.6478,73.3458,60.6557,67650,5871,0,0,30338,5871,0,0,8.678492239467849,0.0,8.678492239467849,0.0
tornado,1100,m,fpar,fpar,oblivious,,0.5,500000,4,550,143.569,77.52758109090907,74.3531,137.236,143.569,55.3214,67650,1574,0,0,44549,1574,0,0,2.326681448632668,0.0,2.326681448632668,0.0
tornado,1100,m,reps_no_partition,reps_dfp,reps,,0.5,500000,4,550,77.2646,64.09764309090912,63.6154,75.7304,77.2646,56.9685,67650,0,0,0,23064,0,0,0,0.0,0.0,0.0,0.0
tornado,1100,m,reps_partition,reps_dfp,reps,-reps_partition_entropy -reps_escalate_threshold 0.2 -reps_warmup_explore_rtts 1.0 -reps_explore_prob 40,0.5,500000,4,550,76.0363,66.65877109090903,66.6149,72.4614,76.0363,60.2502,67650,5971,0,0,30513,5971,0,0,8.826311899482631,0.0,8.826311899482631,0.0
tornado,1100,m,fpar,fpar,oblivious,,0.5,500000,5,550,211.926,76.99869472727273,74.0387,144.866,211.926,54.98,67650,1431,0,0,44066,1431,0,0,2.11529933481153,0.0,2.11529933481153,0.0
tornado,1100,m,reps_no_partition,reps_dfp,reps,,0.5,500000,5,550,72.9114,62.79129654545451,62.501,70.1387,72.9114,56.1166,67650,0,0,0,22568,0,0,0,0.0,0.0,0.0,0.0
tornado,1100,m,reps_partition,reps_dfp,reps,-reps_partition_entropy -reps_escalate_threshold 0.2 -reps_warmup_explore_rtts 1.0 -reps_explore_prob 40,0.5,500000,5,550,73.143,66.75829363636363,66.6621,71.8619,73.143,60.7874,67650,5977,0,0,30374,5977,0,0,8.835181079083519,0.0,8.835181079083519,0.0
tornado,1100,m,fpar,fpar,oblivious,,0.5,2000000,1,550,854.963,277.01685818181835,220.976,671.651,854.963,181.488,269500,1927,0,0,178675,1927,0,0,0.7150278293135436,0.0,0.7150278293135436,0.0
tornado,1100,m,reps_no_partition,reps_dfp,reps,,0.5,2000000,1,550,213.086,198.72708545454546,198.942,211.407,213.086,180.637,269500,23,0,0,100357,23,0,0,0.008534322820037106,0.0,0.008534322820037106,0.0
tornado,1100,m,reps_partition,reps_dfp,reps,-reps_partition_entropy -reps_escalate_threshold 0.2 -reps_warmup_explore_rtts 1.0 -reps_explore_prob 40,0.5,2000000,1,550,241.167,212.35642181818167,212.324,233.963,241.167,188.797,269500,5999,0,0,107345,5999,0,0,2.225974025974026,0.0,2.225974025974026,0.0
tornado,1100,m,fpar,fpar,oblivious,,0.5,2000000,2,550,711.422,288.1925818181819,228.642,627.857,711.422,178.078,269500,1512,0,0,183095,1512,0,0,0.561038961038961,0.0,0.561038961038961,0.0
tornado,1100,m,reps_no_partition,reps_dfp,reps,,0.5,2000000,2,550,222.853,197.80179454545444,196.278,214.968,222.853,183.741,269500,11,0,0,99717,11,0,0,0.004081632653061225,0.0,0.004081632653061225,0.0
tornado,1100,m,reps_partition,reps_dfp,reps,-reps_partition_entropy -reps_escalate_threshold 0.2 -reps_warmup_explore_rtts 1.0 -reps_explore_prob 40,0.5,2000000,2,550,237.832,211.76212181818175,210.25,235.412,237.832,191.736,269500,5980,0,0,107308,5980,0,0,2.2189239332096475,0.0,2.2189239332096475,0.0
tornado,1100,m,fpar,fpar,oblivious,,0.5,2000000,3,550,701.878,281.8811363636362,225.826,594.12,701.878,177.66,269500,1839,0,0,182343,1839,0,0,0.6823747680890538,0.0,0.6823747680890538,0.0
tornado,1100,m,reps_no_partition,reps_dfp,reps,,0.5,2000000,3,550,213.521,198.65109636363627,198.607,211.166,213.521,183.486,269500,14,0,0,100443,14,0,0,0.005194805194805195,0.0,0.005194805194805195,0.0
tornado,1100,m,reps_partition,reps_dfp,reps,-reps_partition_entropy -reps_escalate_threshold 0.2 -reps_warmup_explore_rtts 1.0 -reps_explore_prob 40,0.5,2000000,3,550,233.522,212.54858181818196,212.236,229.849,233.522,191.9,269500,5895,0,0,108206,5895,0,0,2.1873840445269015,0.0,2.1873840445269015,0.0
tornado,1100,m,fpar,fpar,oblivious,,0.5,2000000,4,550,588.578,284.2280509090912,227.968,565.627,588.578,177.304,269500,1848,0,0,178950,1848,0,0,0.6857142857142857,0.0,0.6857142857142857,0.0
tornado,1100,m,reps_no_partition,reps_dfp,reps,,0.5,2000000,4,550,223.187,199.80353090909077,198.253,221.698,223.187,184.468,269500,74,0,0,102140,74,0,0,0.027458256029684602,0.0,0.027458256029684602,0.0
tornado,1100,m,reps_partition,reps_dfp,reps,-reps_partition_entropy -reps_escalate_threshold 0.2 -reps_warmup_explore_rtts 1.0 -reps_explore_prob 40,0.5,2000000,4,550,251.372,212.09369090909095,210.812,237.057,251.372,188.244,269500,5971,0,0,108290,5971,0,0,2.2155844155844155,0.0,2.2155844155844155,0.0
tornado,1100,m,fpar,fpar,oblivious,,0.5,2000000,5,550,703.714,280.39302909090895,224.166,586.987,703.714,177.495,269500,1694,0,0,178503,1694,0,0,0.6285714285714286,0.0,0.6285714285714286,0.0
tornado,1100,m,reps_no_partition,reps_dfp,reps,,0.5,2000000,5,550,219.899,197.81155090909078,197.102,216.708,219.899,182.699,269500,2,0,0,99406,2,0,0,0.0007421150278293135,0.0,0.0007421150278293135,0.0
tornado,1100,m,reps_partition,reps_dfp,reps,-reps_partition_entropy -reps_escalate_threshold 0.2 -reps_warmup_explore_rtts 1.0 -reps_explore_prob 40,0.5,2000000,5,550,238.342,211.55768909090915,210.993,232.671,238.342,189.497,269500,5998,0,0,107351,5998,0,0,2.2256029684601115,0.0,2.2256029684601115,0.0
tornado,1100,m,fpar,fpar,oblivious,,0.5,10000000,1,550,4084.71,1282.523325454546,1015.79,3172.45,4084.71,841.878,1346400,1951,0,0,915583,1951,0,0,0.14490493166963755,0.0,0.14490493166963755,0.0
tornado,1100,m,reps_no_partition,reps_dfp,reps,,0.5,10000000,1,550,1043.86,922.4948345454543,924.004,984.903,1043.86,845.608,1346400,172,0,0,511884,172,0,0,0.01277480689245395,0.0,0.01277480689245395,0.0
tornado,1100,m,reps_partition,reps_dfp,reps,-reps_partition_entropy -reps_escalate_threshold 0.2 -reps_warmup_explore_rtts 1.0 -reps_explore_prob 40,0.5,10000000,1,550,1141.36,960.1083254545457,958.441,1108.26,1141.36,868.202,1346400,6470,0,0,526907,6470,0,0,0.48054070112893643,0.0,0.48054070112893643,0.0
tornado,1100,m,fpar,fpar,oblivious,,0.5,10000000,2,550,3345.15,1318.9662254545453,1059.94,2897.15,3345.15,828.104,1346400,1512,0,0,942852,1512,0,0,0.11229946524064172,0.0,0.11229946524064172,0.0
tornado,1100,m,reps_no_partition,reps_dfp,reps,,0.5,10000000,2,550,1097.4,918.3010036363625,910.015,1004.04,1097.4,860.993,1346400,130,0,0,504114,130,0,0,0.009655377302436126,0.0,0.009655377302436126,0.0
tornado,1100,m,reps_partition,reps_dfp,reps,-reps_partition_entropy -reps_escalate_threshold 0.2 -reps_warmup_explore_rtts 1.0 -reps_explore_prob 40,0.5,10000000,2,550,1295.21,957.780605454545,949.245,1106.46,1295.21,875.884,1346400,6509,0,0,523984,6509,0,0,0.48343731431966724,0.0,0.48343731431966724,0.0
tornado,1100,m,fpar,fpar,oblivious,,0.5,10000000,3,550,3287.99,1305.515134545455,1063.92,2647.75,3287.99,827.554,1346400,1839,0,0,930389,1839,0,0,0.13658645276292336,0.0,0.13658645276292336,0.0
tornado,1100,m,reps_no_partition,reps_dfp,reps,,0.5,10000000,3,550,1029.24,922.5019472727281,922.873,983.425,1029.24,853.764,1346400,112,0,0,512157,112,0,0,0.008318478906714201,0.0,0.008318478906714201,0.0
tornado,1100,m,reps_partition,reps_dfp,reps,-reps_partition_entropy -reps_escalate_threshold 0.2 -reps_warmup_explore_rtts 1.0 -reps_explore_prob 40,0.5,10000000,3,550,1183.51,964.1075363636367,961.472,1051.88,1183.51,882.66,1346400,6320,0,0,535316,6320,0,0,0.46939988116458703,0.0,0.46939988116458703,0.0
tornado,1100,m,fpar,fpar,oblivious,,0.5,10000000,4,550,2771.05,1299.0053600000008,1051.74,2532.28,2771.05,827.431,1346400,1848,0,0,917372,1848,0,0,0.13725490196078433,0.0,0.13725490196078433,0.0
tornado,1100,m,reps_no_partition,reps_dfp,reps,,0.5,10000000,4,550,1156.91,924.1716127272731,911.138,1078.47,1156.91,851.636,1346400,385,0,0,512560,385,0,0,0.028594771241830064,0.0,0.028594771241830064,0.0
tornado,1100,m,reps_partition,reps_dfp,reps,-reps_partition_entropy -reps_escalate_threshold 0.2 -reps_warmup_explore_rtts 1.0 -reps_explore_prob 40,0.5,10000000,4,550,1252.95,961.7432890909093,949.096,1193.37,1252.95,861.159,1346400,6508,0,0,527263,6508,0,0,0.4833630421865716,0.0,0.4833630421865716,0.0
tornado,1100,m,fpar,fpar,oblivious,,0.5,10000000,5,550,3254.13,1279.928283636362,1030.39,2747.91,3254.13,827.55,1346400,1698,0,0,917165,1698,0,0,0.12611408199643495,0.0,0.12611408199643495,0.0
tornado,1100,m,reps_no_partition,reps_dfp,reps,,0.5,10000000,5,550,1008.2,919.1089981818182,917.845,996.258,1008.2,853.56,1346400,65,0,0,507625,65,0,0,0.004827688651218063,0.0,0.004827688651218063,0.0
tornado,1100,m,reps_partition,reps_dfp,reps,-reps_partition_entropy -reps_escalate_threshold 0.2 -reps_warmup_explore_rtts 1.0 -reps_explore_prob 40,0.5,10000000,5,550,1142.84,958.3140563636375,952.954,1098.68,1142.84,864.93,1346400,6610,0,0,529904,6610,0,0,0.4909387997623292,0.0,0.4909387997623292,0.0
tornado,1100,m,fpar,fpar,oblivious,,0.75,100000,1,825,53.307,31.30158363636362,29.9051,44.9947,53.307,24.9707,20625,39,0,0,10479,39,0,0,0.1890909090909091,0.0,0.1890909090909091,0.0
tornado,1100,m,reps_no_partition,reps_dfp,reps,,0.75,100000,1,825,33.1056,27.378842545454553,27.2576,31.2992,33.1056,23.3107,20625,0,0,0,6733,0,0,0,0.0,0.0,0.0,0.0
tornado,1100,m,reps_partition,reps_dfp,reps,-reps_partition_entropy -reps_escalate_threshold 0.2 -reps_warmup_explore_rtts 1.0 -reps_explore_prob 40,0.75,100000,1,825,34.9256,27.97396169696971,27.7907,33.8442,34.9256,23.8027,20625,0,0,0,6814,0,0,0,0.0,0.0,0.0,0.0
tornado,1100,m,fpar,fpar,oblivious,,0.75,100000,2,825,43.103,31.36464957575758,29.9734,41.0536,43.103,24.3016,20625,0,0,0,10420,0,0,0,0.0,0.0,0.0,0.0
tornado,1100,m,reps_no_partition,reps_dfp,reps,,0.75,100000,2,825,34.953,27.33584884848486,27.1267,33.0907,34.953,23.6307,20625,0,0,0,6730,0,0,0,0.0,0.0,0.0,0.0
tornado,1100,m,reps_partition,reps_dfp,reps,-reps_partition_entropy -reps_escalate_threshold 0.2 -reps_warmup_explore_rtts 1.0 -reps_explore_prob 40,0.75,100000,2,825,33.2776,27.78266484848486,27.6216,32.7536,33.2776,23.8101,20625,0,0,0,6777,0,0,0,0.0,0.0,0.0,0.0
tornado,1100,m,fpar,fpar,oblivious,,0.75,100000,3,825,50.5762,31.264943030303026,29.6875,45.6976,50.5762,23.6376,20625,14,0,0,10316,14,0,0,0.06787878787878789,0.0,0.06787878787878789,0.0
tornado,1100,m,reps_no_partition,reps_dfp,reps,,0.75,100000,3,825,32.4296,27.358802545454566,27.1227,31.4096,32.4296,24.1096,20625,0,0,0,6738,0,0,0,0.0,0.0,0.0,0.0
tornado,1100,m,reps_partition,reps_dfp,reps,-reps_partition_entropy -reps_escalate_threshold 0.2 -reps_warmup_explore_rtts 1.0 -reps_explore_prob 40,0.75,100000,3,825,33.7696,27.642919636363633,27.4267,32.5896,33.7696,23.8693,20625,0,0,0,6776,0,0,0,0.0,0.0,0.0,0.0
tornado,1100,m,fpar,fpar,oblivious,,0.75,100000,4,825,45.4566,31.060992363636334,29.9051,39.0736,45.4566,24.5931,20625,0,0,0,10260,0,0,0,0.0,0.0,0.0,0.0
tornado,1100,m,reps_no_partition,reps_dfp,reps,,0.75,100000,4,825,35.433,27.395707878787945,27.2878,31.2736,35.433,24.1216,20625,0,0,0,6730,0,0,0,0.0,0.0,0.0,0.0
tornado,1100,m,reps_partition,reps_dfp,reps,-reps_partition_entropy -reps_escalate_threshold 0.2 -reps_warmup_explore_rtts 1.0 -reps_explore_prob 40,0.75,100000,4,825,33.4176,27.858539272727253,27.6376,32.1426,33.4176,24.236,20625,0,0,0,6829,0,0,0,0.0,0.0,0.0,0.0
tornado,1100,m,fpar,fpar,oblivious,,0.75,100000,5,825,53.3254,31.247578303030284,29.9456,41.9573,53.3254,24.9656,20625,16,0,0,10370,16,0,0,0.07757575757575758,0.0,0.07757575757575758,0.0
tornado,1100,m,reps_no_partition,reps_dfp,reps,,0.75,100000,5,825,33.6277,27.55539648484849,27.4376,32.125,33.6277,23.8846,20625,0,0,0,6760,0,0,0,0.0,0.0,0.0,0.0
tornado,1100,m,reps_partition,reps_dfp,reps,-reps_partition_entropy -reps_escalate_threshold 0.2 -reps_warmup_explore_rtts 1.0 -reps_explore_prob 40,0.75,100000,5,825,34.5094,27.972965575757513,27.7394,32.4296,34.5094,23.8027,20625,0,0,0,6795,0,0,0,0.0,0.0,0.0,0.0
tornado,1100,m,fpar,fpar,oblivious,,0.75,500000,1,825,219.382,87.30907612121213,82.5274,169.47,219.382,60.4634,101475,2669,0,0,74486,2669,0,0,2.6302044838630203,0.0,2.6302044838630203,0.0
tornado,1100,m,reps_no_partition,reps_dfp,reps,,0.75,500000,1,825,90.0691,82.25629006060602,82.3138,89.2072,90.0691,69.544,101475,338,0,0,63712,338,0,0,0.3330869672333087,0.0,0.3330869672333087,0.0
tornado,1100,m,reps_partition,reps_dfp,reps,-reps_partition_entropy -reps_escalate_threshold 0.2 -reps_warmup_explore_rtts 1.0 -reps_explore_prob 40,0.75,500000,1,825,87.9333,78.73986218181825,78.8499,85.2499,87.9333,67.4419,101475,10766,0,0,55476,10766,0,0,10.609509731460951,0.0,10.609509731460951,0.0
tornado,1100,m,fpar,fpar,oblivious,,0.75,500000,2,825,175.773,87.92136036363635,83.1914,151.532,175.773,61.2896,101475,2858,0,0,75112,2858,0,0,2.816457255481646,0.0,2.816457255481646,0.0
tornado,1100,m,reps_no_partition,reps_dfp,reps,,0.75,500000,2,825,92.8533,82.15103599999992,82.0096,89.1373,92.8533,73.8138,101475,280,0,0,63575,280,0,0,0.27593003202759303,0.0,0.27593003202759303,0.0
tornado,1100,m,reps_partition,reps_dfp,reps,-reps_partition_entropy -reps_escalate_threshold 0.2 -reps_warmup_explore_rtts 1.0 -reps_explore_prob 40,0.75,500000,2,825,86.8235,78.15675272727275,78.2054,84.8787,86.8235,68.1694,101475,10732,0,0,55352,10732,0,0,10.5760039418576,0.0,10.5760039418576,0.0
tornado,1100,m,fpar,fpar,oblivious,,0.75,500000,3,825,202.867,87.58309090909084,83.3158,165.346,202.867,61.5054,101475,2640,0,0,75308,2640,0,0,2.6016260162601625,0.0,2.6016260162601625,0.0
tornado,1100,m,reps_no_partition,reps_dfp,reps,,0.75,500000,3,825,92.2424,81.99294242424236,82.0736,89.5864,92.2424,70.837,101475,231,0,0,63173,231,0,0,0.22764227642276422,0.0,0.22764227642276422,0.0
tornado,1100,m,reps_partition,reps_dfp,reps,-reps_partition_entropy -reps_escalate_threshold 0.2 -reps_warmup_explore_rtts 1.0 -reps_explore_prob 40,0.75,500000,3,825,90.3074,78.84243672727267,78.5827,89.1674,90.3074,69.2906,101475,10912,0,0,55142,10912,0,0,10.753387533875339,0.0,10.753387533875339,0.0
tornado,1100,m,fpar,fpar,oblivious,,0.75,500000,4,825,169.48,86.78646933333324,83.1965,143.251,169.48,61.4645,101475,2512,0,0,75375,2512,0,0,2.4754865730475486,0.0,2.4754865730475486,0.0
tornado,1100,m,reps_no_partition,reps_dfp,reps,,0.75,500000,4,825,93.2595,82.36180218181815,82.4016,89.9547,93.2595,72.0842,101475,290,0,0,63499,290,0,0,0.2857846760285785,0.0,0.2857846760285785,0.0
tornado,1100,m,reps_partition,reps_dfp,reps,-reps_partition_entropy -reps_escalate_threshold 0.2 -reps_warmup_explore_rtts 1.0 -reps_explore_prob 40,0.75,500000,4,825,89.4582,78.55081369696966,78.4963,87.1874,89.4582,67.9483,101475,10801,0,0,55616,10801,0,0,10.6440009854644,0.0,10.6440009854644,0.0
tornado,1100,m,fpar,fpar,oblivious,,0.75,500000,5,825,204.779,87.37257636363636,83.5086,168.966,204.779,61.1715,101475,2623,0,0,75879,2623,0,0,2.5848731214584872,0.0,2.5848731214584872,0.0
tornado,1100,m,reps_no_partition,reps_dfp,reps,,0.75,500000,5,825,92.1213,81.83593903030295,81.9424,89.7973,92.1213,72.3206,101475,405,0,0,63596,405,0,0,0.3991130820399113,0.0,0.3991130820399113,0.0
tornado,1100,m,reps_partition,reps_dfp,reps,-reps_partition_entropy -reps_escalate_threshold 0.2 -reps_warmup_explore_rtts 1.0 -reps_explore_prob 40,0.75,500000,5,825,90.2027,78.35905515151512,78.4176,87.0536,90.2027,68.4784,101475,10829,0,0,55379,10829,0,0,10.67159398866716,0.0,10.67159398866716,0.0
tornado,1100,m,fpar,fpar,oblivious,,0.75,2000000,1,825,835.31,334.89406303030296,288.402,717.358,835.31,189.332,404250,2724,0,0,293264,2724,0,0,0.6738404452690167,0.0,0.6738404452690167,0.0
tornado,1100,m,reps_no_partition,reps_dfp,reps,,0.75,2000000,1,825,384.759,262.3426254545452,254.841,350.409,384.759,215.45,404250,1136,0,0,243741,1136,0,0,0.2810142238713667,0.0,0.2810142238713667,0.0
tornado,1100,m,reps_partition,reps_dfp,reps,-reps_partition_entropy -reps_escalate_threshold 0.2 -reps_warmup_explore_rtts 1.0 -reps_explore_prob 40,0.75,2000000,1,825,357.732,265.3264848484848,263.568,324.975,357.732,224.666,404250,11348,0,0,248431,11348,0,0,2.80717377860235,0.0,2.80717377860235,0.0
tornado,1100,m,fpar,fpar,oblivious,,0.75,2000000,2,825,774.038,342.5314230303033,304.992,690.135,774.038,192.972,404250,2795,0,0,294814,2795,0,0,0.6914038342609771,0.0,0.6914038342609771,0.0
tornado,1100,m,reps_no_partition,reps_dfp,reps,,0.75,2000000,2,825,379.432,259.9361393939393,253.149,349.892,379.432,218.495,404250,1076,0,0,245085,1076,0,0,0.26617192331478046,0.0,0.26617192331478046,0.0
tornado,1100,m,reps_partition,reps_dfp,reps,-reps_partition_entropy -reps_escalate_threshold 0.2 -reps_warmup_explore_rtts 1.0 -reps_explore_prob 40,0.75,2000000,2,825,349.687,264.2693078787877,262.394,311.915,349.687,228.99,404250,11395,0,0,246487,11395,0,0,2.818800247371676,0.0,2.818800247371676,0.0
tornado,1100,m,fpar,fpar,oblivious,,0.75,2000000,3,825,870.247,338.36349090909107,307.487,697.98,870.247,191.277,404250,2640,0,0,293047,2640,0,0,0.6530612244897959,0.0,0.6530612244897959,0.0
tornado,1100,m,reps_no_partition,reps_dfp,reps,,0.75,2000000,3,825,376.559,261.7164812121213,254.686,348.212,376.559,214.66,404250,1198,0,0,243232,1198,0,0,0.2963512677798392,0.0,0.2963512677798392,0.0
tornado,1100,m,reps_partition,reps_dfp,reps,-reps_partition_entropy -reps_escalate_threshold 0.2 -reps_warmup_explore_rtts 1.0 -reps_explore_prob 40,0.75,2000000,3,825,364.616,265.70596242424233,263.89,322.455,364.616,225.792,404250,11515,0,0,245854,11515,0,0,2.8484848484848486,0.0,2.8484848484848486,0.0
tornado,1100,m,fpar,fpar,oblivious,,0.75,2000000,4,825,766.257,338.0045842424243,311.468,672.002,766.257,189.01,404250,2563,0,0,295855,2563,0,0,0.6340136054421769,0.0,0.6340136054421769,0.0
tornado,1100,m,reps_no_partition,reps_dfp,reps,,0.75,2000000,4,825,405.396,260.97100484848465,251.227,360.481,405.396,216.129,404250,1023,0,0,246255,1023,0,0,0.2530612244897959,0.0,0.2530612244897959,0.0
tornado,1100,m,reps_partition,reps_dfp,reps,-reps_partition_entropy -reps_escalate_threshold 0.2 -reps_warmup_explore_rtts 1.0 -reps_explore_prob 40,0.75,2000000,4,825,375.487,265.47105575757587,262.944,322.035,375.487,231.209,404250,11309,0,0,249419,11309,0,0,2.7975262832405687,0.0,2.7975262832405687,0.0
tornado,1100,m,fpar,fpar,oblivious,,0.75,2000000,5,825,836.557,340.57319878787877,305.973,711.984,836.557,189.332,404250,2601,0,0,296678,2601,0,0,0.6434137291280149,0.0,0.6434137291280149,0.0
tornado,1100,m,reps_no_partition,reps_dfp,reps,,0.75,2000000,5,825,418.308,261.9213587878784,252.403,356.076,418.308,215.206,404250,1163,0,0,243567,1163,0,0,0.2876932591218305,0.0,0.2876932591218305,0.0
tornado,1100,m,reps_partition,reps_dfp,reps,-reps_partition_entropy -reps_escalate_threshold 0.2 -reps_warmup_explore_rtts 1.0 -reps_explore_prob 40,0.75,2000000,5,825,355.963,264.77196848484834,262.682,319.19,355.963,232.255,404250,11481,0,0,247644,11481,0,0,2.840074211502783,0.0,2.840074211502783,0.0
tornado,1100,m,fpar,fpar,oblivious,,0.75,10000000,1,825,4094.82,1495.0521442424251,1381.34,3248.73,4094.82,870.606,2019600,2738,0,0,1480262,2738,0,0,0.13557140027728262,0.0,0.13557140027728262,0.0
tornado,1100,m,reps_no_partition,reps_dfp,reps,,0.75,10000000,1,825,1566.48,1214.5015187878796,1210.57,1487.01,1566.48,983.793,2019600,1595,0,0,1114735,1595,0,0,0.0789760348583878,0.0,0.0789760348583878,0.0
tornado,1100,m,reps_partition,reps_dfp,reps,-reps_partition_entropy -reps_escalate_threshold 0.2 -reps_warmup_explore_rtts 1.0 -reps_explore_prob 40,0.75,10000000,1,825,1804.91,1234.114116363635,1223.76,1543.94,1804.91,990.215,2019600,12141,0,0,1127287,12141,0,0,0.6011586452762924,0.0,0.6011586452762924,0.0
tornado,1100,m,fpar,fpar,oblivious,,0.75,10000000,2,825,3496.01,1536.57152,1451.98,3149.2,3496.01,874.63,2019600,2795,0,0,1499081,2795,0,0,0.1383937413349178,0.0,0.1383937413349178,0.0
tornado,1100,m,reps_no_partition,reps_dfp,reps,,0.75,10000000,2,825,1623.68,1210.9260484848492,1200.67,1495.42,1623.68,1005.08,2019600,1578,0,0,1124165,1578,0,0,0.07813428401663695,0.0,0.07813428401663695,0.0
tornado,1100,m,reps_partition,reps_dfp,reps,-reps_partition_entropy -reps_escalate_threshold 0.2 -reps_warmup_explore_rtts 1.0 -reps_explore_prob 40,0.75,10000000,2,825,1692.58,1228.9157818181818,1218.97,1558.81,1692.58,1004.23,2019600,12017,0,0,1119263,12017,0,0,0.5950188156070509,0.0,0.5950188156070509,0.0
tornado,1100,m,fpar,fpar,oblivious,,0.75,10000000,3,825,4122.67,1520.7515381818182,1427.05,3395.94,4122.67,869.419,2019600,2644,0,0,1485529,2644,0,0,0.13091701326995445,0.0,0.13091701326995445,0.0
tornado,1100,m,reps_no_partition,reps_dfp,reps,,0.75,10000000,3,825,1598.99,1211.5021018181824,1202.97,1492.79,1598.99,984.263,2019600,1621,0,0,1111986,1621,0,0,0.08026341849871262,0.0,0.08026341849871262,0.0
tornado,1100,m,reps_partition,reps_dfp,reps,-reps_partition_entropy -reps_escalate_threshold 0.2 -reps_warmup_explore_rtts 1.0 -reps_explore_prob 40,0.75,10000000,3,825,1679.08,1234.4870012121198,1224.6,1566.48,1679.08,996.046,2019600,12267,0,0,1121078,12267,0,0,0.607397504456328,0.0,0.607397504456328,0.0
tornado,1100,m,fpar,fpar,oblivious,,0.75,10000000,4,825,3364.51,1508.560105454545,1455.94,2898.21,3364.51,874.222,2019600,2563,0,0,1493613,2563,0,0,0.12690631808278868,0.0,0.12690631808278868,0.0
tornado,1100,m,reps_no_partition,reps_dfp,reps,,0.75,10000000,4,825,1625.54,1211.5865418181806,1200.41,1552.12,1625.54,987.637,2019600,1532,0,0,1122029,1532,0,0,0.07585660526836997,0.0,0.07585660526836997,0.0
tornado,1100,m,reps_partition,reps_dfp,reps,-reps_partition_entropy -reps_escalate_threshold 0.2 -reps_warmup_explore_rtts 1.0 -reps_explore_prob 40,0.75,10000000,4,825,1695.51,1231.1092763636366,1225.01,1531.98,1695.51,989.453,2019600,11887,0,0,1123643,11887,0,0,0.5885818974054268,0.0,0.5885818974054268,0.0
tornado,1100,m,fpar,fpar,oblivious,,0.75,10000000,5,825,4087.37,1499.9002593939388,1397.31,3412.01,4087.37,862.373,2019600,2606,0,0,1489658,2606,0,0,0.12903545256486432,0.0,0.12903545256486432,0.0
tornado,1100,m,reps_no_partition,reps_dfp,reps,,0.75,10000000,5,825,1716.79,1209.7040496969696,1198.41,1508.32,1716.79,974.959,2019600,1439,0,0,1115309,1439,0,0,0.0712517330164389,0.0,0.0712517330164389,0.0
tornado,1100,m,reps_partition,reps_dfp,reps,-reps_partition_entropy -reps_escalate_threshold 0.2 -reps_warmup_explore_rtts 1.0 -reps_explore_prob 40,0.75,10000000,5,825,1702.98,1228.7836121212122,1217.58,1561.76,1702.98,1008.41,2019600,12452,0,0,1118787,12452,0,0,0.616557734204793,0.0,0.616557734204793,0.0
tornado,1100,m,fpar,fpar,oblivious,,1.0,100000,1,1100,53.224,32.3102209090909,32.0986,45.3776,53.224,25.1461,27500,34,0,0,13555,34,0,0,0.12363636363636364,0.0,0.12363636363636364,0.0
tornado,1100,m,reps_no_partition,reps_dfp,reps,,1.0,100000,1,1100,38.7136,31.26178300000006,31.0896,37.0776,38.7136,26.9456,27500,0,0,0,10410,0,0,0,0.0,0.0,0.0,0.0
tornado,1100,m,reps_partition,reps_dfp,reps,-reps_partition_entropy -reps_escalate_threshold 0.2 -reps_warmup_explore_rtts 1.0 -reps_explore_prob 40,1.0,100000,1,1100,39.9056,31.93952318181819,31.7496,38.4323,39.9056,26.7166,27500,0,0,0,10623,0,0,0,0.0,0.0,0.0,0.0
tornado,1100,m,fpar,fpar,oblivious,,1.0,100000,2,1100,51.0648,32.39450454545454,31.9723,42.1366,51.0648,24.9866,27500,14,0,0,13675,14,0,0,0.05090909090909091,0.0,0.05090909090909091,0.0
tornado,1100,m,reps_no_partition,reps_dfp,reps,,1.0,100000,2,1100,36.5514,31.42085436363637,31.3678,35.261,36.5514,27.4598,27500,0,0,0,10516,0,0,0,0.0,0.0,0.0,0.0
tornado,1100,m,reps_partition,reps_dfp,reps,-reps_partition_entropy -reps_escalate_threshold 0.2 -reps_warmup_explore_rtts 1.0 -reps_explore_prob 40,1.0,100000,2,1100,38.4147,31.64318454545451,31.4216,36.3896,38.4147,26.4682,27500,0,0,0,10598,0,0,0,0.0,0.0,0.0,0.0
tornado,1100,m,fpar,fpar,oblivious,,1.0,100000,3,1100,49.0882,32.485976818181776,31.9256,45.9088,49.0882,25.3288,27500,1,0,0,13740,1,0,0,0.0036363636363636364,0.0,0.0036363636363636364,0.0
tornado,1100,m,reps_no_partition,reps_dfp,reps,,1.0,100000,3,1100,36.8816,31.50976281818179,31.4267,35.443,36.8816,27.133,27500,0,0,0,10485,0,0,0,0.0,0.0,0.0,0.0
tornado,1100,m,reps_partition,reps_dfp,reps,-reps_partition_entropy -reps_escalate_threshold 0.2 -reps_warmup_explore_rtts 1.0 -reps_explore_prob 40,1.0,100000,3,1100,37.429,31.802018181818223,31.6056,36.7626,37.429,27.2918,27500,0,0,0,10608,0,0,0,0.0,0.0,0.0,0.0
tornado,1100,m,fpar,fpar,oblivious,,1.0,100000,4,1100,46.9834,32.43059863636361,32.1157,43.4931,46.9834,25.2638,27500,11,0,0,13713,11,0,0,0.04,0.0,0.04,0.0
tornado,1100,m,reps_no_partition,reps_dfp,reps,,1.0,100000,4,1100,37.097,31.390281181818203,31.2707,35.9256,37.097,26.9576,27500,0,0,0,10431,0,0,0,0.0,0.0,0.0,0.0
tornado,1100,m,reps_partition,reps_dfp,reps,-reps_partition_entropy -reps_escalate_threshold 0.2 -reps_warmup_explore_rtts 1.0 -reps_explore_prob 40,1.0,100000,4,1100,39.4147,31.732516090909055,31.5936,37.9267,39.4147,26.9616,27500,0,0,0,10598,0,0,0,0.0,0.0,0.0,0.0
tornado,1100,m,fpar,fpar,oblivious,,1.0,100000,5,1100,48.1701,32.55570890909094,32.0218,45.9242,48.1701,24.9558,27500,8,0,0,13843,8,0,0,0.02909090909090909,0.0,0.02909090909090909,0.0
tornado,1100,m,reps_no_partition,reps_dfp,reps,,1.0,100000,5,1100,36.9176,31.322360272727277,31.0896,35.9096,36.9176,27.4478,27500,0,0,0,10371,0,0,0,0.0,0.0,0.0,0.0
tornado,1100,m,reps_partition,reps_dfp,reps,-reps_partition_entropy -reps_escalate_threshold 0.2 -reps_warmup_explore_rtts 1.0 -reps_explore_prob 40,1.0,100000,5,1100,38.6322,31.847753181818195,31.7294,37.0816,38.6322,27.305,27500,0,0,0,10629,0,0,0,0.0,0.0,0.0,0.0
tornado,1100,m,fpar,fpar,oblivious,,1.0,500000,1,1100,201.042,99.26307763636372,95.2774,167.043,201.042,72.4797,135300,3244,0,0,119916,3244,0,0,2.3976348854397633,0.0,2.3976348854397633,0.0
tornado,1100,m,reps_no_partition,reps_dfp,reps,,1.0,500000,1,1100,105.093,98.28042081818178,98.3229,104.077,105.093,89.6102,135300,3205,0,0,113239,3205,0,0,2.368810051736881,0.0,2.368810051736881,0.0
tornado,1100,m,reps_partition,reps_dfp,reps,-reps_partition_entropy -reps_escalate_threshold 0.2 -reps_warmup_explore_rtts 1.0 -reps_explore_prob 40,1.0,500000,1,1100,106.356,96.35759372727269,96.1774,104.804,106.356,82.7125,135300,15248,0,0,103956,15248,0,0,11.269770879526977,0.0,11.269770879526977,0.0
tornado,1100,m,fpar,fpar,oblivious,,1.0,500000,2,1100,187.935,99.8712466363635,95.9939,161.115,187.935,70.6416,135300,3976,0,0,120013,3976,0,0,2.9386548410938653,0.0,2.9386548410938653,0.0
tornado,1100,m,reps_no_partition,reps_dfp,reps,,1.0,500000,2,1100,104.744,98.24032281818185,98.3232,103.123,104.744,88.8512,135300,3036,0,0,113141,3036,0,0,2.2439024390243905,0.0,2.2439024390243905,0.0
tornado,1100,m,reps_partition,reps_dfp,reps,-reps_partition_entropy -reps_escalate_threshold 0.2 -reps_warmup_explore_rtts 1.0 -reps_explore_prob 40,1.0,500000,2,1100,105.431,96.62253181818194,96.6677,104.665,105.431,83.7045,135300,15473,0,0,103418,15473,0,0,11.436067997043606,0.0,11.436067997043606,0.0
tornado,1100,m,fpar,fpar,oblivious,,1.0,500000,3,1100,192.198,100.60983818181822,96.3875,167.612,192.198,71.1728,135300,3857,0,0,120018,3857,0,0,2.85070214338507,0.0,2.85070214338507,0.0
tornado,1100,m,reps_no_partition,reps_dfp,reps,,1.0,500000,3,1100,106.469,98.65506081818191,98.8096,104.127,106.469,89.445,135300,3258,0,0,113071,3258,0,0,2.4079822616407984,0.0,2.4079822616407984,0.0
tornado,1100,m,reps_partition,reps_dfp,reps,-reps_partition_entropy -reps_escalate_threshold 0.2 -reps_warmup_explore_rtts 1.0 -reps_explore_prob 40,1.0,500000,3,1100,105.799,96.50371136363655,96.5107,104.619,105.799,84.651,135300,15151,0,0,103564,15151,0,0,11.198078344419807,0.0,11.198078344419807,0.0
tornado,1100,m,fpar,fpar,oblivious,,1.0,500000,4,1100,186.242,100.42327572727271,95.648,163.229,186.242,69.7275,135300,4241,0,0,119809,4241,0,0,3.1345158906134514,0.0,3.1345158906134514,0.0
tornado,1100,m,reps_no_partition,reps_dfp,reps,,1.0,500000,4,1100,107.0,98.54824318181822,98.6914,104.244,107.0,90.3525,135300,3212,0,0,112592,3212,0,0,2.3739837398373984,0.0,2.3739837398373984,0.0
tornado,1100,m,reps_partition,reps_dfp,reps,-reps_partition_entropy -reps_escalate_threshold 0.2 -reps_warmup_explore_rtts 1.0 -reps_explore_prob 40,1.0,500000,4,1100,110.549,96.5500318181819,96.1787,107.426,110.549,85.4254,135300,15352,0,0,103589,15352,0,0,11.346637102734663,0.0,11.346637102734663,0.0
tornado,1100,m,fpar,fpar,oblivious,,1.0,500000,5,1100,185.426,101.15486281818191,96.8803,172.565,185.426,71.4307,135300,4365,0,0,119937,4365,0,0,3.2261640798226163,0.0,3.2261640798226163,0.0
tornado,1100,m,reps_no_partition,reps_dfp,reps,,1.0,500000,5,1100,106.852,98.75495999999995,98.821,105.179,106.852,89.0928,135300,3082,0,0,112970,3082,0,0,2.27790096082779,0.0,2.27790096082779,0.0
tornado,1100,m,reps_partition,reps_dfp,reps,-reps_partition_entropy -reps_escalate_threshold 0.2 -reps_warmup_explore_rtts 1.0 -reps_explore_prob 40,1.0,500000,5,1100,107.997,96.87428572727272,96.4642,106.988,107.997,85.8069,135300,15349,0,0,103510,15349,0,0,11.344419807834441,0.0,11.344419807834441,0.0
tornado,1100,m,fpar,fpar,oblivious,,1.0,2000000,1,1100,865.981,385.0159509090908,365.632,761.488,865.981,205.349,539000,2614,0,0,417432,2614,0,0,0.4849721706864564,0.0,0.4849721706864564,0.0
tornado,1100,m,reps_no_partition,reps_dfp,reps,,1.0,2000000,1,1100,555.359,341.96858727272695,338.847,451.652,555.359,236.538,539000,4012,0,0,338131,4012,0,0,0.7443413729128014,0.0,0.7443413729128014,0.0
tornado,1100,m,reps_partition,reps_dfp,reps,-reps_partition_entropy -reps_escalate_threshold 0.2 -reps_warmup_explore_rtts 1.0 -reps_explore_prob 40,1.0,2000000,1,1100,515.573,326.55137727272734,318.74,442.092,515.573,256.475,539000,15856,0,0,379893,15856,0,0,2.941743970315399,0.0,2.941743970315399,0.0
tornado,1100,m,fpar,fpar,oblivious,,1.0,2000000,2,1100,874.157,391.4024090909095,377.036,748.427,874.157,202.255,539000,3247,0,0,416708,3247,0,0,0.6024118738404453,0.0,0.6024118738404453,0.0
tornado,1100,m,reps_no_partition,reps_dfp,reps,,1.0,2000000,2,1100,473.778,343.20103454545495,340.325,453.654,473.778,248.424,539000,3941,0,0,341054,3941,0,0,0.7311688311688311,0.0,0.7311688311688311,0.0
tornado,1100,m,reps_partition,reps_dfp,reps,-reps_partition_entropy -reps_escalate_threshold 0.2 -reps_warmup_explore_rtts 1.0 -reps_explore_prob 40,1.0,2000000,2,1100,500.689,325.40842818181807,314.873,452.864,500.689,246.247,539000,16087,0,0,379564,16087,0,0,2.9846011131725416,0.0,2.9846011131725416,0.0
tornado,1100,m,fpar,fpar,oblivious,,1.0,2000000,3,1100,881.106,392.25396909090904,375.075,749.147,881.106,204.47,539000,3308,0,0,418601,3308,0,0,0.6137291280148423,0.0,0.6137291280148423,0.0
tornado,1100,m,reps_no_partition,reps_dfp,reps,,1.0,2000000,3,1100,492.324,342.77342636363636,341.346,448.43,492.324,248.282,539000,4215,0,0,338202,4215,0,0,0.7820037105751392,0.0,0.7820037105751392,0.0
tornado,1100,m,reps_partition,reps_dfp,reps,-reps_partition_entropy -reps_escalate_threshold 0.2 -reps_warmup_explore_rtts 1.0 -reps_explore_prob 40,1.0,2000000,3,1100,484.56,326.4362127272732,318.602,455.167,484.56,253.856,539000,15749,0,0,380972,15749,0,0,2.921892393320965,0.0,2.921892393320965,0.0
tornado,1100,m,fpar,fpar,oblivious,,1.0,2000000,4,1100,837.808,392.30179454545413,379.29,745.301,837.808,208.102,539000,3529,0,0,414040,3529,0,0,0.6547309833024119,0.0,0.6547309833024119,0.0
tornado,1100,m,reps_no_partition,reps_dfp,reps,,1.0,2000000,4,1100,490.126,341.99214545454527,339.76,442.927,490.126,231.663,539000,4212,0,0,336798,4212,0,0,0.7814471243042672,0.0,0.7814471243042672,0.0
tornado,1100,m,reps_partition,reps_dfp,reps,-reps_partition_entropy -reps_escalate_threshold 0.2 -reps_warmup_explore_rtts 1.0 -reps_explore_prob 40,1.0,2000000,4,1100,487.543,325.82662454545425,317.425,450.703,487.543,253.063,539000,16050,0,0,380742,16050,0,0,2.9777365491651206,0.0,2.9777365491651206,0.0
tornado,1100,m,fpar,fpar,oblivious,,1.0,2000000,5,1100,852.687,388.2279345454542,372.016,756.925,852.687,205.616,539000,3875,0,0,420392,3875,0,0,0.7189239332096475,0.0,0.7189239332096475,0.0
tornado,1100,m,reps_no_partition,reps_dfp,reps,,1.0,2000000,5,1100,534.764,342.8986399999998,339.853,468.486,534.764,233.418,539000,4020,0,0,337115,4020,0,0,0.7458256029684601,0.0,0.7458256029684601,0.0
tornado,1100,m,reps_partition,reps_dfp,reps,-reps_partition_entropy -reps_escalate_threshold 0.2 -reps_warmup_explore_rtts 1.0 -reps_explore_prob 40,1.0,2000000,5,1100,472.491,325.40422272727267,317.873,441.18,472.491,248.703,539000,16057,0,0,376352,16057,0,0,2.979035250463822,0.0,2.979035250463822,0.0
tornado,1100,m,fpar,fpar,oblivious,,1.0,10000000,1,1100,4087.85,1723.1768481818187,1677.04,3402.98,4087.85,894.306,2692800,2614,0,0,2110811,2614,0,0,0.09707367795603089,0.0,0.09707367795603089,0.0
tornado,1100,m,reps_no_partition,reps_dfp,reps,,1.0,10000000,1,1100,2046.58,1553.243554545454,1548.01,1889.61,2046.58,1165.1,2692800,4372,0,0,1735506,4372,0,0,0.16235888294711825,0.0,0.16235888294711825,0.0
tornado,1100,m,reps_partition,reps_dfp,reps,-reps_partition_entropy -reps_escalate_threshold 0.2 -reps_warmup_explore_rtts 1.0 -reps_explore_prob 40,1.0,10000000,1,1100,2169.96,1528.8600909090899,1527.89,1953.49,2169.96,1075.62,2692800,16660,0,0,1807108,16660,0,0,0.6186868686868687,0.0,0.6186868686868687,0.0
tornado,1100,m,fpar,fpar,oblivious,,1.0,10000000,2,1100,4083.05,1771.8417418181816,1704.09,3482.0,4083.05,904.769,2692800,3263,0,0,2141592,3263,0,0,0.12117498514557339,0.0,0.12117498514557339,0.0
tornado,1100,m,reps_no_partition,reps_dfp,reps,,1.0,10000000,2,1100,2054.62,1554.2798636363643,1553.91,1916.45,2054.62,1135.36,2692800,4247,0,0,1737582,4247,0,0,0.15771687462863934,0.0,0.15771687462863934,0.0
tornado,1100,m,reps_partition,reps_dfp,reps,-reps_partition_entropy -reps_escalate_threshold 0.2 -reps_warmup_explore_rtts 1.0 -reps_explore_prob 40,1.0,10000000,2,1100,2192.33,1518.8873818181805,1518.5,1978.22,2192.33,1105.58,2692800,17193,0,0,1791540,17193,0,0,0.6384803921568627,0.0,0.6384803921568627,0.0
tornado,1100,m,fpar,fpar,oblivious,,1.0,10000000,3,1100,4178.13,1787.6058281818164,1699.84,3674.7,4178.13,907.047,2692800,3308,0,0,2145824,3308,0,0,0.12284610814022578,0.0,0.12284610814022578,0.0
tornado,1100,m,reps_no_partition,reps_dfp,reps,,1.0,10000000,3,1100,2087.76,1553.6797272727288,1554.85,1889.97,2087.76,1200.01,2692800,4517,0,0,1728397,4517,0,0,0.16774361259655376,0.0,0.16774361259655376,0.0
tornado,1100,m,reps_partition,reps_dfp,reps,-reps_partition_entropy -reps_escalate_threshold 0.2 -reps_warmup_explore_rtts 1.0 -reps_explore_prob 40,1.0,10000000,3,1100,2023.22,1526.5200909090925,1522.1,1916.76,2023.22,1128.2,2692800,16721,0,0,1798406,16721,0,0,0.6209521687462864,0.0,0.6209521687462864,0.0
tornado,1100,m,fpar,fpar,oblivious,,1.0,10000000,4,1100,3491.18,1758.6257654545468,1708.43,3321.12,3491.18,901.589,2692800,3538,0,0,2135973,3538,0,0,0.13138740344622699,0.0,0.13138740344622699,0.0
tornado,1100,m,reps_no_partition,reps_dfp,reps,,1.0,10000000,4,1100,2054.04,1552.9885363636367,1555.01,1879.57,2054.04,1084.39,2692800,4521,0,0,1733603,4521,0,0,0.16789215686274508,0.0,0.16789215686274508,0.0
tornado,1100,m,reps_partition,reps_dfp,reps,-reps_partition_entropy -reps_escalate_threshold 0.2 -reps_warmup_explore_rtts 1.0 -reps_explore_prob 40,1.0,10000000,4,1100,2139.37,1519.7252272727303,1511.12,1978.2,2139.37,1087.79,2692800,17001,0,0,1797059,17001,0,0,0.6313502673796791,0.0,0.6313502673796791,0.0
tornado,1100,m,fpar,fpar,oblivious,,1.0,10000000,5,1100,4170.27,1751.7432000000003,1683.46,3884.59,4170.27,901.986,2692800,3875,0,0,2147717,3875,0,0,0.1439022578728461,0.0,0.1439022578728461,0.0
tornado,1100,m,reps_no_partition,reps_dfp,reps,,1.0,10000000,5,1100,2102.23,1551.223590909092,1548.25,1905.16,2102.23,1129.44,2692800,4439,0,0,1726132,4439,0,0,0.16484699940582292,0.0,0.16484699940582292,0.0
tornado,1100,m,reps_partition,reps_dfp,reps,-reps_partition_entropy -reps_escalate_threshold 0.2 -reps_warmup_explore_rtts 1.0 -reps_explore_prob 40,1.0,10000000,5,1100,2130.24,1519.983090909091,1516.21,1942.9,2130.24,1099.99,2692800,16934,0,0,1798487,16934,0,0,0.6288621509209744,0.0,0.6288621509209744,0.0
permutation,1100,m,fpar,fpar,oblivious,,0.6,100000,1,660,36.4285,30.584923333333354,29.0264,36.0965,36.4285,19.6848,16500,0,0,0,8569,0,0,0,0.0,0.0,0.0,0.0
permutation,1100,m,reps_no_partition,reps_dfp,reps,,0.6,100000,1,660,29.9496,25.264714242424255,25.1307,28.9376,29.9496,22.4798,16500,0,0,0,5150,0,0,0,0.0,0.0,0.0,0.0
permutation,1100,m,reps_partition,reps_dfp,reps,-reps_partition_entropy -reps_escalate_threshold 0.2 -reps_warmup_explore_rtts 1.0 -reps_explore_prob 70,0.6,100000,1,660,32.9318,25.828092424242413,25.4667,32.1078,32.9318,22.4736,16500,0,0,0,5227,0,0,0,0.0,0.0,0.0,0.0
permutation,1100,m,fpar,fpar,oblivious,,0.6,100000,2,660,36.3458,30.53518954545456,28.9778,36.0653,36.3458,19.5282,16500,0,0,0,8523,0,0,0,0.0,0.0,0.0,0.0
permutation,1100,m,reps_no_partition,reps_dfp,reps,,0.6,100000,2,660,29.4376,25.144409242424267,24.9696,28.7736,29.4376,22.3067,16500,0,0,0,5185,0,0,0,0.0,0.0,0.0,0.0
permutation,1100,m,reps_partition,reps_dfp,reps,-reps_partition_entropy -reps_escalate_threshold 0.2 -reps_warmup_explore_rtts 1.0 -reps_explore_prob 70,0.6,100000,2,660,31.1016,25.389950454545495,25.2856,29.6016,31.1016,22.6507,16500,0,0,0,5193,0,0,0,0.0,0.0,0.0,0.0
permutation,1100,m,fpar,fpar,oblivious,,0.6,100000,3,660,36.3115,30.330678181818165,28.7917,36.2424,36.3115,19.6467,16500,0,0,0,8453,0,0,0,0.0,0.0,0.0,0.0
permutation,1100,m,reps_no_partition,reps_dfp,reps,,0.6,100000,3,660,29.9576,25.243288787878807,24.985,28.9638,29.9576,22.4747,16500,0,0,0,5160,0,0,0,0.0,0.0,0.0,0.0
permutation,1100,m,reps_partition,reps_dfp,reps,-reps_partition_entropy -reps_escalate_threshold 0.2 -reps_warmup_explore_rtts 1.0 -reps_explore_prob 70,0.6,100000,3,660,31.289,25.551888333333338,25.3016,29.6752,31.289,22.8067,16500,0,0,0,5217,0,0,0,0.0,0.0,0.0,0.0
permutation,1100,m,fpar,fpar,oblivious,,0.6,100000,4,660,36.5416,30.54505651515151,29.0674,36.1229,36.5416,19.6797,16500,0,0,0,8593,0,0,0,0.0,0.0,0.0,0.0
permutation,1100,m,reps_no_partition,reps_dfp,reps,,0.6,100000,4,660,30.945,25.365425606060615,25.1427,29.1659,30.945,22.3506,16500,0,0,0,5174,0,0,0,0.0,0.0,0.0,0.0
permutation,1100,m,reps_partition,reps_dfp,reps,-reps_partition_entropy -reps_escalate_threshold 0.2 -reps_warmup_explore_rtts 1.0 -reps_explore_prob 70,0.6,100000,4,660,31.645,25.61795181818183,25.4216,29.995,31.645,22.6296,16500,0,0,0,5189,0,0,0,0.0,0.0,0.0,0.0
permutation,1100,m,fpar,fpar,oblivious,,0.6,100000,5,660,36.4651,30.554176212121195,29.2043,36.0994,36.4651,19.6541,16500,0,0,0,8501,0,0,0,0.0,0.0,0.0,0.0
permutation,1100,m,reps_no_partition,reps_dfp,reps,,0.6,100000,5,660,31.9496,25.28796636363637,25.015,29.1187,31.9496,22.4816,16500,0,0,0,5167,0,0,0,0.0,0.0,0.0,0.0
permutation,1100,m,reps_partition,reps_dfp,reps,-reps_partition_entropy -reps_escalate_threshold 0.2 -reps_warmup_explore_rtts 1.0 -reps_explore_prob 70,0.6,100000,5,660,30.9416,25.764064393939414,25.4781,29.7736,30.9416,22.1518,16500,0,0,0,5191,0,0,0,0.0,0.0,0.0,0.0
permutation,1100,m,fpar,fpar,oblivious,,0.6,500000,1,660,88.7795,71.79937636363637,70.1491,85.7022,88.7795,59.4914,81180,0,0,0,49182,0,0,0,0.0,0.0,0.0,0.0
permutation,1100,m,reps_no_partition,reps_dfp,reps,,0.6,500000,1,660,77.9533,69.92520757575757,70.1216,76.2933,77.9533,60.3437,81180,7,0,0,35189,7,0,0,0.008622813500862282,0.0,0.008622813500862282,0.0
permutation,1100,m,reps_partition,reps_dfp,reps,-reps_partition_entropy -reps_escalate_threshold 0.2 -reps_warmup_explore_rtts 1.0 -reps_explore_prob 70,0.6,500000,1,660,78.0213,70.00086954545458,70.1933,76.6262,78.0213,58.9322,81180,524,0,0,35534,524,0,0,0.6454791820645479,0.0,0.6454791820645479,0.0
permutation,1100,m,fpar,fpar,oblivious,,0.6,500000,2,660,85.92,71.89421939393938,70.7525,83.4989,85.92,58.6946,81180,0,0,0,49518,0,0,0,0.0,0.0,0.0,0.0
permutation,1100,m,reps_no_partition,reps_dfp,reps,,0.6,500000,2,660,78.445,69.86738909090906,69.7896,77.3491,78.445,59.035,81180,12,0,0,34794,12,0,0,0.014781966001478197,0.0,0.014781966001478197,0.0
permutation,1100,m,reps_partition,reps_dfp,reps,-reps_partition_entropy -reps_escalate_threshold 0.2 -reps_warmup_explore_rtts 1.0 -reps_explore_prob 70,0.6,500000,2,660,77.4128,69.86111833333337,69.9656,76.4502,77.4128,58.6354,81180,357,0,0,35517,357,0,0,0.43976348854397634,0.0,0.43976348854397634,0.0
permutation,1100,m,fpar,fpar,oblivious,,0.6,500000,3,660,89.3181,71.56773999999997,70.0717,84.76,89.3181,57.9366,81180,0,0,0,48788,0,0,0,0.0,0.0,0.0,0.0
permutation,1100,m,reps_no_partition,reps_dfp,reps,,0.6,500000,3,660,77.6282,69.76830409090898,69.5834,76.8384,77.6282,60.4896,81180,30,0,0,34591,30,0,0,0.03695491500369549,0.0,0.03695491500369549,0.0
permutation,1100,m,reps_partition,reps_dfp,reps,-reps_partition_entropy -reps_escalate_threshold 0.2 -reps_warmup_explore_rtts 1.0 -reps_explore_prob 70,0.6,500000,3,660,78.6141,69.49949227272732,69.656,76.1221,78.6141,60.7981,81180,244,0,0,34890,244,0,0,0.3005666420300567,0.0,0.3005666420300567,0.0
permutation,1100,m,fpar,fpar,oblivious,,0.6,500000,4,660,84.5794,71.4981807575759,69.916,83.2382,84.5794,60.4523,81180,0,0,0,48749,0,0,0,0.0,0.0,0.0,0.0
permutation,1100,m,reps_no_partition,reps_dfp,reps,,0.6,500000,4,660,81.4267,70.8506512121212,70.9629,79.241,81.4267,60.2867,81180,40,0,0,34894,40,0,0,0.04927322000492732,0.0,0.04927322000492732,0.0
permutation,1100,m,reps_partition,reps_dfp,reps,-reps_partition_entropy -reps_escalate_threshold 0.2 -reps_warmup_explore_rtts 1.0 -reps_explore_prob 70,0.6,500000,4,660,80.1158,69.64743348484858,69.8669,76.6798,80.1158,59.3992,81180,211,0,0,36000,211,0,0,0.25991623552599163,0.0,0.25991623552599163,0.0
permutation,1100,m,fpar,fpar,oblivious,,0.6,500000,5,660,85.7176,71.918121969697,70.2616,84.4056,85.7176,57.2646,81180,0,0,0,49029,0,0,0,0.0,0.0,0.0,0.0
permutation,1100,m,reps_no_partition,reps_dfp,reps,,0.6,500000,5,660,77.369,69.92042696969698,70.1176,76.0936,77.369,60.5056,81180,21,0,0,35080,21,0,0,0.025868440502586843,0.0,0.025868440502586843,0.0
permutation,1100,m,reps_partition,reps_dfp,reps,-reps_partition_entropy -reps_escalate_threshold 0.2 -reps_warmup_explore_rtts 1.0 -reps_explore_prob 70,0.6,500000,5,660,78.0112,70.00270515151506,70.5045,76.9862,78.0112,59.6365,81180,478,0,0,35636,478,0,0,0.5888149790588815,0.0,0.5888149790588815,0.0
permutation,1100,m,fpar,fpar,oblivious,,0.6,2000000,1,660,593.218,251.8841727272729,212.535,471.374,593.218,189.426,323400,0,0,0,211638,0,0,0,0.0,0.0,0.0,0.0
permutation,1100,m,reps_no_partition,reps_dfp,reps,,0.6,2000000,1,660,284.84,221.5417666666666,221.329,244.144,284.84,199.907,323400,317,0,0,163179,317,0,0,0.09802102659245517,0.0,0.09802102659245517,0.0
permutation,1100,m,reps_partition,reps_dfp,reps,-reps_partition_entropy -reps_escalate_threshold 0.2 -reps_warmup_explore_rtts 1.0 -reps_explore_prob 70,0.6,2000000,1,660,302.192,222.41550757575752,221.32,267.574,302.192,200.289,323400,1257,0,0,163853,1257,0,0,0.38868274582560297,0.0,0.38868274582560297,0.0
permutation,1100,m,fpar,fpar,oblivious,,0.6,2000000,2,660,532.452,253.21368333333322,217.56,440.466,532.452,189.533,323400,0,0,0,214044,0,0,0,0.0,0.0,0.0,0.0
permutation,1100,m,reps_no_partition,reps_dfp,reps,,0.6,2000000,2,660,299.804,220.39590303030334,219.406,257.39,299.804,202.08,323400,454,0,0,158916,454,0,0,0.14038342609771182,0.0,0.14038342609771182,0.0
permutation,1100,m,reps_partition,reps_dfp,reps,-reps_partition_entropy -reps_escalate_threshold 0.2 -reps_warmup_explore_rtts 1.0 -reps_explore_prob 70,0.6,2000000,2,660,312.528,222.2974363636364,220.186,275.967,312.528,199.825,323400,980,0,0,164227,980,0,0,0.30303030303030304,0.0,0.30303030303030304,0.0
permutation,1100,m,fpar,fpar,oblivious,,0.6,2000000,3,660,548.147,250.80025151515164,212.352,465.494,548.147,194.728,323400,0,0,0,210722,0,0,0,0.0,0.0,0.0,0.0
permutation,1100,m,reps_no_partition,reps_dfp,reps,,0.6,2000000,3,660,276.23,219.45661515151548,218.957,246.282,276.23,198.27,323400,487,0,0,159621,487,0,0,0.15058750773036486,0.0,0.15058750773036486,0.0
permutation,1100,m,reps_partition,reps_dfp,reps,-reps_partition_entropy -reps_escalate_threshold 0.2 -reps_warmup_explore_rtts 1.0 -reps_explore_prob 70,0.6,2000000,3,660,290.722,221.8677818181818,221.188,261.971,290.722,199.079,323400,955,0,0,163850,955,0,0,0.295299938157081,0.0,0.295299938157081,0.0
permutation,1100,m,fpar,fpar,oblivious,,0.6,2000000,4,660,497.1,248.0194621212124,213.299,388.282,497.1,190.22,323400,0,0,0,210567,0,0,0,0.0,0.0,0.0,0.0
permutation,1100,m,reps_no_partition,reps_dfp,reps,,0.6,2000000,4,660,290.308,221.76656818181806,220.83,271.653,290.308,199.74,323400,532,0,0,160741,532,0,0,0.1645021645021645,0.0,0.1645021645021645,0.0
permutation,1100,m,reps_partition,reps_dfp,reps,-reps_partition_entropy -reps_escalate_threshold 0.2 -reps_warmup_explore_rtts 1.0 -reps_explore_prob 70,0.6,2000000,4,660,346.195,224.53742727272743,222.471,285.937,346.195,193.019,323400,1106,0,0,166554,1106,0,0,0.341991341991342,0.0,0.341991341991342,0.0
permutation,1100,m,fpar,fpar,oblivious,,0.6,2000000,5,660,515.14,250.35329242424226,214.347,449.645,515.14,186.117,323400,0,0,0,211632,0,0,0,0.0,0.0,0.0,0.0
permutation,1100,m,reps_no_partition,reps_dfp,reps,,0.6,2000000,5,660,260.301,220.57475909090908,220.171,245.887,260.301,197.264,323400,447,0,0,160915,447,0,0,0.13821892393320964,0.0,0.13821892393320964,0.0
permutation,1100,m,reps_partition,reps_dfp,reps,-reps_partition_entropy -reps_escalate_threshold 0.2 -reps_warmup_explore_rtts 1.0 -reps_explore_prob 70,0.6,2000000,5,660,276.112,223.2008515151516,222.107,263.885,276.112,199.903,323400,1184,0,0,166047,1184,0,0,0.3661100803957947,0.0,0.3661100803957947,0.0
permutation,1100,m,fpar,fpar,oblivious,,0.6,10000000,1,660,3012.38,1307.5002772727269,1004.38,2761.38,3012.38,869.461,1615680,0,0,0,1112494,0,0,0,0.0,0.0,0.0,0.0
permutation,1100,m,reps_no_partition,reps_dfp,reps,,0.6,10000000,1,660,1368.97,1025.6845681818181,1005.13,1239.11,1368.97,902.438,1615680,692,0,0,763750,692,0,0,0.042830263418498715,0.0,0.042830263418498715,0.0
permutation,1100,m,reps_partition,reps_dfp,reps,-reps_partition_entropy -reps_escalate_threshold 0.2 -reps_warmup_explore_rtts 1.0 -reps_explore_prob 70,0.6,10000000,1,660,1406.13,1039.411440909091,1018.7,1297.6,1406.13,895.106,1615680,1976,0,0,756358,1976,0,0,0.1223014458308576,0.0,0.1223014458308576,0.0
permutation,1100,m,fpar,fpar,oblivious,,0.6,10000000,2,660,2502.57,1276.0094666666655,1008.2,2355.64,2502.57,891.691,1615680,0,0,0,1104257,0,0,0,0.0,0.0,0.0,0.0
permutation,1100,m,reps_no_partition,reps_dfp,reps,,0.6,10000000,2,660,1381.81,1021.693386363637,1001.31,1267.42,1381.81,912.392,1615680,974,0,0,755462,974,0,0,0.0602842146959794,0.0,0.0602842146959794,0.0
permutation,1100,m,reps_partition,reps_dfp,reps,-reps_partition_entropy -reps_escalate_threshold 0.2 -reps_warmup_explore_rtts 1.0 -reps_explore_prob 70,0.6,10000000,2,660,1462.47,1038.5532696969701,1009.23,1314.92,1462.47,903.657,1615680,1721,0,0,755896,1721,0,0,0.10651861754802931,0.0,0.10651861754802931,0.0
permutation,1100,m,fpar,fpar,oblivious,,0.6,10000000,3,660,2683.58,1267.0672045454533,991.326,2416.72,2683.58,884.131,1615680,0,0,0,1095393,0,0,0,0.0,0.0,0.0,0.0
permutation,1100,m,reps_no_partition,reps_dfp,reps,,0.6,10000000,3,660,1389.38,1022.3544075757583,1003.67,1273.14,1389.38,920.176,1615680,1252,0,0,755978,1252,0,0,0.07749059219647456,0.0,0.07749059219647456,0.0
permutation,1100,m,reps_partition,reps_dfp,reps,-reps_partition_entropy -reps_escalate_threshold 0.2 -reps_warmup_explore_rtts 1.0 -reps_explore_prob 70,0.6,10000000,3,660,1421.39,1038.6555454545448,1007.27,1313.18,1421.39,903.187,1615680,1656,0,0,754373,1656,0,0,0.10249554367201426,0.0,0.10249554367201426,0.0
permutation,1100,m,fpar,fpar,oblivious,,0.6,10000000,4,660,2880.39,1278.016742424243,989.889,2427.35,2880.39,894.512,1615680,0,0,0,1104248,0,0,0,0.0,0.0,0.0,0.0
permutation,1100,m,reps_no_partition,reps_dfp,reps,,0.6,10000000,4,660,1464.85,1029.0456954545464,1007.72,1324.71,1464.85,895.843,1615680,987,0,0,752199,987,0,0,0.06108882947118241,0.0,0.06108882947118241,0.0
permutation,1100,m,reps_partition,reps_dfp,reps,-reps_partition_entropy -reps_escalate_threshold 0.2 -reps_warmup_explore_rtts 1.0 -reps_explore_prob 70,0.6,10000000,4,660,1635.11,1049.6500045454552,1023.49,1389.22,1635.11,897.147,1615680,1855,0,0,751977,1855,0,0,0.11481233907704495,0.0,0.11481233907704495,0.0
permutation,1100,m,fpar,fpar,oblivious,,0.6,10000000,5,660,2867.07,1277.208948484848,994.59,2415.8,2867.07,890.684,1615680,0,0,0,1106638,0,0,0,0.0,0.0,0.0,0.0
permutation,1100,m,reps_no_partition,reps_dfp,reps,,0.6,10000000,5,660,1303.12,1024.6294575757577,1005.32,1233.95,1303.12,908.819,1615680,958,0,0,763590,958,0,0,0.05929391958803724,0.0,0.05929391958803724,0.0
permutation,1100,m,reps_partition,reps_dfp,reps,-reps_partition_entropy -reps_escalate_threshold 0.2 -reps_warmup_explore_rtts 1.0 -reps_explore_prob 70,0.6,10000000,5,660,1483.81,1045.551331818182,1020.67,1325.88,1483.81,899.967,1615680,2102,0,0,758555,2102,0,0,0.13010001980590216,0.0,0.13010001980590216,0.0
permutation,1100,m,fpar,fpar,oblivious,,0.7,100000,1,770,36.5304,31.478041818181797,31.3885,36.2864,36.5304,19.7206,19250,0,0,0,10217,0,0,0,0.0,0.0,0.0,0.0
permutation,1100,m,reps_no_partition,reps_dfp,reps,,0.7,100000,1,770,32.8032,26.758956103896125,26.6187,30.9587,32.8032,23.3096,19250,0,0,0,6208,0,0,0,0.0,0.0,0.0,0.0
permutation,1100,m,reps_partition,reps_dfp,reps,-reps_partition_entropy -reps_escalate_threshold 0.2 -reps_warmup_explore_rtts 1.0 -reps_explore_prob 70,0.7,100000,1,770,32.961,26.963962727272726,26.6438,31.6192,32.961,23.2936,19250,0,0,0,6225,0,0,0,0.0,0.0,0.0,0.0
permutation,1100,m,fpar,fpar,oblivious,,0.7,100000,2,770,36.7256,31.502208961038967,30.7179,36.3307,36.7256,20.359,19250,0,0,0,10295,0,0,0,0.0,0.0,0.0,0.0
permutation,1100,m,reps_no_partition,reps_dfp,reps,,0.7,100000,2,770,31.2736,26.65223415584417,26.4781,30.2747,31.2736,23.6496,19250,0,0,0,6171,0,0,0,0.0,0.0,0.0,0.0
permutation,1100,m,reps_partition,reps_dfp,reps,-reps_partition_entropy -reps_escalate_threshold 0.2 -reps_warmup_explore_rtts 1.0 -reps_explore_prob 70,0.7,100000,2,770,33.2656,26.85319025974026,26.6256,32.2696,33.2656,22.9736,19250,0,0,0,6184,0,0,0,0.0,0.0,0.0,0.0
permutation,1100,m,fpar,fpar,oblivious,,0.7,100000,3,770,36.6525,31.097314805194802,29.7339,36.2846,36.6525,19.4816,19250,0,0,0,10089,0,0,0,0.0,0.0,0.0,0.0
permutation,1100,m,reps_no_partition,reps_dfp,reps,,0.7,100000,3,770,32.2827,26.65391129870132,26.4576,30.7696,32.2827,23.4656,19250,0,0,0,6206,0,0,0,0.0,0.0,0.0,0.0
permutation,1100,m,reps_partition,reps_dfp,reps,-reps_partition_entropy -reps_escalate_threshold 0.2 -reps_warmup_explore_rtts 1.0 -reps_explore_prob 70,0.7,100000,3,770,31.9416,27.0244538961039,26.7907,31.129,31.9416,23.6256,19250,0,0,0,6223,0,0,0,0.0,0.0,0.0,0.0
permutation,1100,m,fpar,fpar,oblivious,,0.7,100000,4,770,37.0917,31.413739090909093,30.7602,36.329,37.0917,20.0219,19250,0,0,0,10334,0,0,0,0.0,0.0,0.0,0.0
permutation,1100,m,reps_no_partition,reps_dfp,reps,,0.7,100000,4,770,34.6158,26.88892597402599,26.7656,32.2816,34.6158,23.6683,19250,0,0,0,6230,0,0,0,0.0,0.0,0.0,0.0
permutation,1100,m,reps_partition,reps_dfp,reps,-reps_partition_entropy -reps_escalate_threshold 0.2 -reps_warmup_explore_rtts 1.0 -reps_explore_prob 70,0.7,100000,4,770,32.4541,27.069178961038958,26.9576,31.4216,32.4541,23.4758,19250,0,0,0,6226,0,0,0,0.0,0.0,0.0,0.0
permutation,1100,m,fpar,fpar,oblivious,,0.7,100000,5,770,37.1125,31.374573766233727,30.7427,36.4909,37.1125,19.695,19250,0,0,0,10216,0,0,0,0.0,0.0,0.0,0.0
permutation,1100,m,reps_no_partition,reps_dfp,reps,,0.7,100000,5,770,31.5976,26.484449870129882,26.3107,30.1027,31.5976,22.9638,19250,0,0,0,6157,0,0,0,0.0,0.0,0.0,0.0
permutation,1100,m,reps_partition,reps_dfp,reps,-reps_partition_entropy -reps_escalate_threshold 0.2 -reps_warmup_explore_rtts 1.0 -reps_explore_prob 70,0.7,100000,5,770,34.9398,27.144040129870113,26.9736,32.1386,34.9398,23.4776,19250,0,0,0,6272,0,0,0,0.0,0.0,0.0,0.0
permutation,1100,m,fpar,fpar,oblivious,,0.7,500000,1,770,97.1174,76.00783012987003,77.2883,91.5008,97.1174,62.9453,94710,47,0,0,61726,47,0,0,0.04962517157639109,0.0,0.04962517157639109,0.0
permutation,1100,m,reps_no_partition,reps_dfp,reps,,0.7,500000,1,770,85.5285,77.18916467532465,77.3502,83.6656,85.5285,66.1438,94710,195,0,0,54024,195,0,0,0.20589166930630345,0.0,0.20589166930630345,0.0
permutation,1100,m,reps_partition,reps_dfp,reps,-reps_partition_entropy -reps_escalate_threshold 0.2 -reps_warmup_explore_rtts 1.0 -reps_explore_prob 70,0.7,500000,1,770,82.3246,74.80379376623371,74.869,81.607,82.3246,64.6274,94710,1210,0,0,51002,1210,0,0,1.2775842044134726,0.0,1.2775842044134726,0.0
permutation,1100,m,fpar,fpar,oblivious,,0.7,500000,2,770,94.732,75.9562680519481,77.1734,91.6336,94.732,60.9395,94710,53,0,0,62126,53,0,0,0.055960299862738885,0.0,0.055960299862738885,0.0
permutation,1100,m,reps_no_partition,reps_dfp,reps,,0.7,500000,2,770,88.993,77.19820948051955,77.1704,86.005,88.993,67.916,94710,138,0,0,52792,138,0,0,0.14570795058599936,0.0,0.14570795058599936,0.0
permutation,1100,m,reps_partition,reps_dfp,reps,-reps_partition_entropy -reps_escalate_threshold 0.2 -reps_warmup_explore_rtts 1.0 -reps_explore_prob 70,0.7,500000,2,770,81.0896,74.84585623376624,75.0624,80.0928,81.0896,66.8525,94710,1120,0,0,51559,1120,0,0,1.1825572801182558,0.0,1.1825572801182558,0.0
permutation,1100,m,fpar,fpar,oblivious,,0.7,500000,3,770,92.7437,75.42109831168827,75.4685,90.7656,92.7437,61.3606,94710,0,0,0,61381,0,0,0,0.0,0.0,0.0,0.0
permutation,1100,m,reps_no_partition,reps_dfp,reps,,0.7,500000,3,770,86.0243,77.30813571428564,77.2194,84.7256,86.0243,67.3578,94710,252,0,0,53134,252,0,0,0.2660753880266075,0.0,0.2660753880266075,0.0
permutation,1100,m,reps_partition,reps_dfp,reps,-reps_partition_entropy -reps_escalate_threshold 0.2 -reps_warmup_explore_rtts 1.0 -reps_explore_prob 70,0.7,500000,3,770,85.8634,74.71968493506489,74.8421,81.8392,85.8634,65.6662,94710,980,0,0,51595,980,0,0,1.0347376201034737,0.0,1.0347376201034737,0.0
permutation,1100,m,fpar,fpar,oblivious,,0.7,500000,4,770,92.227,75.40446441558439,75.8693,89.9869,92.227,62.157,94710,0,0,0,60501,0,0,0,0.0,0.0,0.0,0.0
permutation,1100,m,reps_no_partition,reps_dfp,reps,,0.7,500000,4,770,87.9176,78.16748194805194,78.2443,86.4638,87.9176,68.4747,94710,373,0,0,53507,373,0,0,0.3938338084679548,0.0,0.3938338084679548,0.0
permutation,1100,m,reps_partition,reps_dfp,reps,-reps_partition_entropy -reps_escalate_threshold 0.2 -reps_warmup_explore_rtts 1.0 -reps_explore_prob 70,0.7,500000,4,770,84.6656,75.53390155844164,75.2285,83.225,84.6656,67.531,94710,1132,0,0,51654,1132,0,0,1.1952275366909513,0.0,1.1952275366909513,0.0
permutation,1100,m,fpar,fpar,oblivious,,0.7,500000,5,770,104.733,75.65485623376632,75.8989,95.2782,104.733,61.8035,94710,155,0,0,61360,155,0,0,0.16365748073065145,0.0,0.16365748073065145,0.0
permutation,1100,m,reps_no_partition,reps_dfp,reps,,0.7,500000,5,770,85.0502,77.55951194805195,77.5781,84.0821,85.0502,67.9685,94710,165,0,0,53562,165,0,0,0.17421602787456447,0.0,0.17421602787456447,0.0
permutation,1100,m,reps_partition,reps_dfp,reps,-reps_partition_entropy -reps_escalate_threshold 0.2 -reps_warmup_explore_rtts 1.0 -reps_explore_prob 70,0.7,500000,5,770,82.2229,75.23616610389607,75.4379,81.4331,82.2229,66.2949,94710,1192,0,0,51830,1192,0,0,1.2585788195544294,0.0,1.2585788195544294,0.0
permutation,1100,m,fpar,fpar,oblivious,,0.7,2000000,1,770,585.964,280.7334714285715,246.135,527.91,585.964,197.537,377300,55,0,0,263205,55,0,0,0.014577259475218658,0.0,0.014577259475218658,0.0
permutation,1100,m,reps_no_partition,reps_dfp,reps,,0.7,2000000,1,770,377.043,245.47758961038986,237.853,332.353,377.043,206.951,377300,943,0,0,224517,943,0,0,0.2499337397296581,0.0,0.2499337397296581,0.0
permutation,1100,m,reps_partition,reps_dfp,reps,-reps_partition_entropy -reps_escalate_threshold 0.2 -reps_warmup_explore_rtts 1.0 -reps_explore_prob 70,0.7,2000000,1,770,349.669,245.6924987012985,240.068,325.261,349.669,208.852,377300,2141,0,0,224772,2141,0,0,0.5674529552080573,0.0,0.5674529552080573,0.0
permutation,1100,m,fpar,fpar,oblivious,,0.7,2000000,2,770,610.65,280.151314285714,234.761,546.566,610.65,196.791,377300,113,0,0,263295,113,0,0,0.029949642194540153,0.0,0.029949642194540153,0.0
permutation,1100,m,reps_no_partition,reps_dfp,reps,,0.7,2000000,2,770,393.521,243.9635623376623,236.762,320.857,393.521,213.642,377300,889,0,0,226525,889,0,0,0.23562152133580705,0.0,0.23562152133580705,0.0
permutation,1100,m,reps_partition,reps_dfp,reps,-reps_partition_entropy -reps_escalate_threshold 0.2 -reps_warmup_explore_rtts 1.0 -reps_explore_prob 70,0.7,2000000,2,770,335.908,245.5681012987013,238.618,321.293,335.908,212.94,377300,1992,0,0,226240,1992,0,0,0.5279618340842831,0.0,0.5279618340842831,0.0
permutation,1100,m,fpar,fpar,oblivious,,0.7,2000000,3,770,613.15,272.26869480519497,230.313,535.637,613.15,199.57,377300,0,0,0,262594,0,0,0,0.0,0.0,0.0,0.0
permutation,1100,m,reps_no_partition,reps_dfp,reps,,0.7,2000000,3,770,360.238,245.0057805194808,237.646,318.83,360.238,215.417,377300,1143,0,0,225206,1143,0,0,0.30294195600318047,0.0,0.30294195600318047,0.0
permutation,1100,m,reps_partition,reps_dfp,reps,-reps_partition_entropy -reps_escalate_threshold 0.2 -reps_warmup_explore_rtts 1.0 -reps_explore_prob 70,0.7,2000000,3,770,372.303,245.87767272727282,238.356,329.522,372.303,212.472,377300,2158,0,0,226071,2158,0,0,0.5719586535913066,0.0,0.5719586535913066,0.0
permutation,1100,m,fpar,fpar,oblivious,,0.7,2000000,4,770,638.389,271.8431727272726,234.785,526.772,638.389,193.852,377300,0,0,0,259940,0,0,0,0.0,0.0,0.0,0.0
permutation,1100,m,reps_no_partition,reps_dfp,reps,,0.7,2000000,4,770,376.978,246.74076623376592,237.776,324.464,376.978,215.244,377300,1387,0,0,222153,1387,0,0,0.3676119798568778,0.0,0.3676119798568778,0.0
permutation,1100,m,reps_partition,reps_dfp,reps,-reps_partition_entropy -reps_escalate_threshold 0.2 -reps_warmup_explore_rtts 1.0 -reps_explore_prob 70,0.7,2000000,4,770,355.423,248.47043766233764,239.356,335.987,355.423,209.881,377300,2197,0,0,223045,2197,0,0,0.5822952557646435,0.0,0.5822952557646435,0.0
permutation,1100,m,fpar,fpar,oblivious,,0.7,2000000,5,770,634.045,274.9986675324676,234.64,519.914,634.045,196.736,377300,263,0,0,262821,263,0,0,0.06970580439968195,0.0,0.06970580439968195,0.0
permutation,1100,m,reps_no_partition,reps_dfp,reps,,0.7,2000000,5,770,362.119,245.1153883116883,237.442,332.596,362.119,210.85,377300,866,0,0,226609,866,0,0,0.22952557646435198,0.0,0.22952557646435198,0.0
permutation,1100,m,reps_partition,reps_dfp,reps,-reps_partition_entropy -reps_escalate_threshold 0.2 -reps_warmup_explore_rtts 1.0 -reps_explore_prob 70,0.7,2000000,5,770,376.302,248.35107792207776,240.726,332.116,376.302,212.925,377300,2435,0,0,224752,2435,0,0,0.6453750331301352,0.0,0.6453750331301352,0.0
permutation,1100,m,fpar,fpar,oblivious,,0.7,10000000,1,770,3215.54,1410.4793103896102,1235.5,2760.27,3215.54,903.174,1884960,55,0,0,1347297,55,0,0,0.0029178338001867414,0.0,0.0029178338001867414,0.0
permutation,1100,m,reps_no_partition,reps_dfp,reps,,0.7,10000000,1,770,1509.29,1140.8764961038962,1123.74,1440.0,1509.29,948.202,1884960,1412,0,0,1007350,1412,0,0,0.07490875137933961,0.0,0.07490875137933961,0.0
permutation,1100,m,reps_partition,reps_dfp,reps,-reps_partition_entropy -reps_escalate_threshold 0.2 -reps_warmup_explore_rtts 1.0 -reps_explore_prob 70,0.7,10000000,1,770,1615.09,1153.3445272727279,1139.4,1474.65,1615.09,931.036,1884960,2833,0,0,998358,2833,0,0,0.15029496647143706,0.0,0.15029496647143706,0.0
permutation,1100,m,fpar,fpar,oblivious,,0.7,10000000,2,770,2880.08,1371.412774025975,1104.12,2465.46,2880.08,887.039,1884960,113,0,0,1325394,113,0,0,0.00599482217129276,0.0,0.00599482217129276,0.0
permutation,1100,m,reps_no_partition,reps_dfp,reps,,0.7,10000000,2,770,1559.64,1137.0234532467525,1122.2,1420.15,1559.64,973.952,1884960,1384,0,0,1011793,1384,0,0,0.07342330871742636,0.0,0.07342330871742636,0.0
permutation,1100,m,reps_partition,reps_dfp,reps,-reps_partition_entropy -reps_escalate_threshold 0.2 -reps_warmup_explore_rtts 1.0 -reps_explore_prob 70,0.7,10000000,2,770,1578.8,1152.3597168831159,1147.24,1424.85,1578.8,951.173,1884960,2887,0,0,990373,2887,0,0,0.15315974874798405,0.0,0.15315974874798405,0.0
permutation,1100,m,fpar,fpar,oblivious,,0.7,10000000,3,770,3091.15,1340.8595012987007,1045.1,2612.0,3091.15,902.205,1884960,0,0,0,1301284,0,0,0,0.0,0.0,0.0,0.0
permutation,1100,m,reps_no_partition,reps_dfp,reps,,0.7,10000000,3,770,1525.11,1141.312141558443,1127.86,1409.44,1525.11,979.916,1884960,2014,0,0,997264,2014,0,0,0.1068457686104745,0.0,0.1068457686104745,0.0
permutation,1100,m,reps_partition,reps_dfp,reps,-reps_partition_entropy -reps_escalate_threshold 0.2 -reps_warmup_explore_rtts 1.0 -reps_explore_prob 70,0.7,10000000,3,770,1673.57,1153.6774116883118,1134.54,1479.47,1673.57,935.93,1884960,2768,0,0,985634,2768,0,0,0.14684661743485272,0.0,0.14684661743485272,0.0
permutation,1100,m,fpar,fpar,oblivious,,0.7,10000000,4,770,3099.56,1369.828492207793,1071.12,2742.22,3099.56,904.566,1884960,0,0,0,1326784,0,0,0,0.0,0.0,0.0,0.0
permutation,1100,m,reps_no_partition,reps_dfp,reps,,0.7,10000000,4,770,1589.52,1146.0961064935072,1120.74,1463.15,1589.52,979.812,1884960,2141,0,0,992743,2141,0,0,0.11358331211272388,0.0,0.11358331211272388,0.0
permutation,1100,m,reps_partition,reps_dfp,reps,-reps_partition_entropy -reps_escalate_threshold 0.2 -reps_warmup_explore_rtts 1.0 -reps_explore_prob 70,0.7,10000000,4,770,1684.76,1162.4998909090916,1144.46,1527.02,1684.76,927.844,1884960,3327,0,0,986078,3327,0,0,0.17650241914947798,0.0,0.17650241914947798,0.0
permutation,1100,m,fpar,fpar,oblivious,,0.7,10000000,5,770,2918.17,1364.8694870129875,1071.51,2507.53,2918.17,884.277,1884960,263,0,0,1330766,263,0,0,0.013952550717256599,0.0,0.013952550717256599,0.0
permutation,1100,m,reps_no_partition,reps_dfp,reps,,0.7,10000000,5,770,1541.37,1138.9371428571417,1119.68,1446.45,1541.37,946.386,1884960,1309,0,0,1013181,1309,0,0,0.06944444444444445,0.0,0.06944444444444445,0.0
permutation,1100,m,reps_partition,reps_dfp,reps,-reps_partition_entropy -reps_escalate_threshold 0.2 -reps_warmup_explore_rtts 1.0 -reps_explore_prob 70,0.7,10000000,5,770,1603.68,1160.8872324675322,1149.54,1497.66,1603.68,941.246,1884960,3401,0,0,989959,3401,0,0,0.18042823189882012,0.0,0.18042823189882012,0.0
permutation,1100,m,fpar,fpar,oblivious,,0.8,100000,1,880,37.1125,32.19154647727271,33.0701,36.6627,37.1125,21.7382,22000,0,0,0,11907,0,0,0,0.0,0.0,0.0,0.0
permutation,1100,m,reps_no_partition,reps_dfp,reps,,0.8,100000,1,880,33.4347,28.10522443181817,27.9518,32.4438,33.4347,24.4547,22000,0,0,0,7371,0,0,0,0.0,0.0,0.0,0.0
permutation,1100,m,reps_partition,reps_dfp,reps,-reps_partition_entropy -reps_escalate_threshold 0.2 -reps_warmup_explore_rtts 1.0 -reps_explore_prob 40,0.8,100000,1,880,35.5896,28.450013409090886,28.2496,33.2536,35.5896,24.6078,22000,0,0,0,7432,0,0,0,0.0,0.0,0.0,0.0
permutation,1100,m,fpar,fpar,oblivious,,0.8,100000,2,880,37.3446,32.21320488636359,33.0923,36.8821,37.3446,20.5446,22000,0,0,0,11846,0,0,0,0.0,0.0,0.0,0.0
permutation,1100,m,reps_no_partition,reps_dfp,reps,,0.8,100000,2,880,33.2656,28.039585681818224,27.9416,31.6334,33.2656,24.6376,22000,0,0,0,7314,0,0,0,0.0,0.0,0.0,0.0
permutation,1100,m,reps_partition,reps_dfp,reps,-reps_partition_entropy -reps_escalate_threshold 0.2 -reps_warmup_explore_rtts 1.0 -reps_explore_prob 40,0.8,100000,2,880,35.2547,28.683561136363636,28.6107,33.2507,35.2547,24.6336,22000,0,0,0,7478,0,0,0,0.0,0.0,0.0,0.0
permutation,1100,m,fpar,fpar,oblivious,,0.8,100000,3,880,36.7955,31.891709659090914,31.2757,36.4587,36.7955,20.3693,22000,0,0,0,11637,0,0,0,0.0,0.0,0.0,0.0
permutation,1100,m,reps_no_partition,reps_dfp,reps,,0.8,100000,3,880,33.5907,28.087687386363616,27.9638,32.2832,33.5907,23.9798,22000,0,0,0,7383,0,0,0,0.0,0.0,0.0,0.0
permutation,1100,m,reps_partition,reps_dfp,reps,-reps_partition_entropy -reps_escalate_threshold 0.2 -reps_warmup_explore_rtts 1.0 -reps_explore_prob 40,0.8,100000,3,880,34.781,28.493000568181795,28.2947,33.1027,34.781,24.2918,22000,0,0,0,7484,0,0,0,0.0,0.0,0.0,0.0
permutation,1100,m,fpar,fpar,oblivious,,0.8,100000,4,880,36.9166,32.180867613636345,32.7094,36.484,36.9166,20.6962,22000,0,0,0,11942,0,0,0,0.0,0.0,0.0,0.0
permutation,1100,m,reps_no_partition,reps_dfp,reps,,0.8,100000,4,880,32.961,28.401006249999977,28.2856,32.273,32.961,23.9787,22000,0,0,0,7380,0,0,0,0.0,0.0,0.0,0.0
permutation,1100,m,reps_partition,reps_dfp,reps,-reps_partition_entropy -reps_escalate_threshold 0.2 -reps_warmup_explore_rtts 1.0 -reps_explore_prob 40,0.8,100000,4,880,38.605,28.791169204545465,28.3067,36.7456,38.605,24.1808,22000,0,0,0,7521,0,0,0,0.0,0.0,0.0,0.0
permutation,1100,m,fpar,fpar,oblivious,,0.8,100000,5,880,37.1637,32.13085670454551,32.1744,36.6032,37.1637,20.3949,22000,0,0,0,11897,0,0,0,0.0,0.0,0.0,0.0
permutation,1100,m,reps_no_partition,reps_dfp,reps,,0.8,100000,5,880,35.449,28.309968295454524,28.1136,32.8384,35.449,24.4616,22000,0,0,0,7386,0,0,0,0.0,0.0,0.0,0.0
permutation,1100,m,reps_partition,reps_dfp,reps,-reps_partition_entropy -reps_escalate_threshold 0.2 -reps_warmup_explore_rtts 1.0 -reps_explore_prob 40,0.8,100000,5,880,34.9461,28.650650681818153,28.4456,33.7827,34.9461,24.4667,22000,0,0,0,7511,0,0,0,0.0,0.0,0.0,0.0
permutation,1100,m,fpar,fpar,oblivious,,0.8,500000,1,880,101.851,81.43390818181815,82.4699,96.5712,101.851,65.504,108240,171,0,0,78063,171,0,0,0.15798226164079823,0.0,0.15798226164079823,0.0
permutation,1100,m,reps_no_partition,reps_dfp,reps,,0.8,500000,1,880,93.0706,84.62134602272722,84.6821,91.4322,93.0706,74.1416,108240,784,0,0,76037,784,0,0,0.7243163340724317,0.0,0.7243163340724317,0.0
permutation,1100,m,reps_partition,reps_dfp,reps,-reps_partition_entropy -reps_escalate_threshold 0.2 -reps_warmup_explore_rtts 1.0 -reps_explore_prob 40,0.8,500000,1,880,91.0387,80.71664897727271,80.6582,88.0923,91.0387,71.5389,108240,8480,0,0,68497,8480,0,0,7.834441980783444,0.0,7.834441980783444,0.0
permutation,1100,m,fpar,fpar,oblivious,,0.8,500000,2,880,101.342,81.32989000000015,82.0816,97.3699,101.342,64.8493,108240,137,0,0,78138,137,0,0,0.12657058388765705,0.0,0.12657058388765705,0.0
permutation,1100,m,reps_no_partition,reps_dfp,reps,,0.8,500000,2,880,93.1886,84.52805386363627,84.4397,91.4029,93.1886,74.6862,108240,739,0,0,75070,739,0,0,0.6827420546932742,0.0,0.6827420546932742,0.0
permutation,1100,m,reps_partition,reps_dfp,reps,-reps_partition_entropy -reps_escalate_threshold 0.2 -reps_warmup_explore_rtts 1.0 -reps_explore_prob 40,0.8,500000,2,880,91.2354,80.91910727272719,80.7757,89.5454,91.2354,71.7683,108240,8561,0,0,69231,8561,0,0,7.9092756836659275,0.0,7.9092756836659275,0.0
permutation,1100,m,fpar,fpar,oblivious,,0.8,500000,3,880,97.8685,80.75818522727273,81.5306,95.3155,97.8685,63.1872,108240,9,0,0,78624,9,0,0,0.008314855875831485,0.0,0.008314855875831485,0.0
permutation,1100,m,reps_no_partition,reps_dfp,reps,,0.8,500000,3,880,92.2453,84.43847102272733,84.4192,90.9736,92.2453,75.52,108240,910,0,0,75197,910,0,0,0.8407243163340724,0.0,0.8407243163340724,0.0
permutation,1100,m,reps_partition,reps_dfp,reps,-reps_partition_entropy -reps_escalate_threshold 0.2 -reps_warmup_explore_rtts 1.0 -reps_explore_prob 40,0.8,500000,3,880,89.1114,80.39124568181819,80.2283,87.6608,89.1114,72.0882,108240,8371,0,0,67525,8371,0,0,7.733739837398374,0.0,7.733739837398374,0.0
permutation,1100,m,fpar,fpar,oblivious,,0.8,500000,4,880,97.9162,81.05084545454541,82.1645,96.1013,97.9162,65.6131,108240,2,0,0,78085,2,0,0,0.0018477457501847746,0.0,0.0018477457501847746,0.0
permutation,1100,m,reps_no_partition,reps_dfp,reps,,0.8,500000,4,880,92.8942,84.88929318181805,84.8067,92.1045,92.8942,74.3931,108240,974,0,0,75430,974,0,0,0.8998521803399853,0.0,0.8998521803399853,0.0
permutation,1100,m,reps_partition,reps_dfp,reps,-reps_partition_entropy -reps_escalate_threshold 0.2 -reps_warmup_explore_rtts 1.0 -reps_explore_prob 40,0.8,500000,4,880,90.9173,80.94270477272735,80.7576,89.4416,90.9173,71.2614,108240,8693,0,0,68248,8693,0,0,8.031226903178123,0.0,8.031226903178123,0.0
permutation,1100,m,fpar,fpar,oblivious,,0.8,500000,5,880,106.371,81.02053420454541,82.1062,98.4382,106.371,65.3752,108240,154,0,0,77772,154,0,0,0.14227642276422764,0.0,0.14227642276422764,0.0
permutation,1100,m,reps_no_partition,reps_dfp,reps,,0.8,500000,5,880,92.3917,84.61019568181818,84.7674,90.8496,92.3917,76.536,108240,929,0,0,75037,929,0,0,0.8582779009608278,0.0,0.8582779009608278,0.0
permutation,1100,m,reps_partition,reps_dfp,reps,-reps_partition_entropy -reps_escalate_threshold 0.2 -reps_warmup_explore_rtts 1.0 -reps_explore_prob 40,0.8,500000,5,880,90.549,80.88227511363628,80.8867,87.9634,90.549,68.4336,108240,8696,0,0,68755,8696,0,0,8.0339985218034,0.0,8.0339985218034,0.0
permutation,1100,m,fpar,fpar,oblivious,,0.8,2000000,1,880,698.235,316.77891931818243,304.054,601.044,698.235,195.576,431200,317,0,0,322665,317,0,0,0.07351576994434138,0.0,0.07351576994434138,0.0
permutation,1100,m,reps_no_partition,reps_dfp,reps,,0.8,2000000,1,880,412.879,274.75241363636337,269.473,374.106,412.879,215.239,431200,1767,0,0,266155,1767,0,0,0.4097866419294991,0.0,0.4097866419294991,0.0
permutation,1100,m,reps_partition,reps_dfp,reps,-reps_partition_entropy -reps_escalate_threshold 0.2 -reps_warmup_explore_rtts 1.0 -reps_explore_prob 40,0.8,2000000,1,880,433.41,273.6765840909092,267.243,365.502,433.41,224.156,431200,8791,0,0,276904,8791,0,0,2.0387291280148423,0.0,2.0387291280148423,0.0
permutation,1100,m,fpar,fpar,oblivious,,0.8,2000000,2,880,610.012,312.7540306818178,296.625,576.435,610.012,201.61,431200,420,0,0,318651,420,0,0,0.09740259740259741,0.0,0.09740259740259741,0.0
permutation,1100,m,reps_no_partition,reps_dfp,reps,,0.8,2000000,2,880,411.353,273.7518795454542,267.316,379.898,411.353,216.821,431200,1750,0,0,266683,1750,0,0,0.40584415584415584,0.0,0.40584415584415584,0.0
permutation,1100,m,reps_partition,reps_dfp,reps,-reps_partition_entropy -reps_escalate_threshold 0.2 -reps_warmup_explore_rtts 1.0 -reps_explore_prob 40,0.8,2000000,2,880,403.445,272.9750181818179,265.382,362.174,403.445,223.283,431200,9138,0,0,277088,9138,0,0,2.1192022263450836,0.0,2.1192022263450836,0.0
permutation,1100,m,fpar,fpar,oblivious,,0.8,2000000,3,880,645.313,305.197965909091,275.494,567.513,645.313,203.191,431200,26,0,0,319369,26,0,0,0.006029684601113173,0.0,0.006029684601113173,0.0
permutation,1100,m,reps_no_partition,reps_dfp,reps,,0.8,2000000,3,880,394.334,273.5931215909086,267.277,368.691,394.334,221.62,431200,2002,0,0,267320,2002,0,0,0.4642857142857143,0.0,0.4642857142857143,0.0
permutation,1100,m,reps_partition,reps_dfp,reps,-reps_partition_entropy -reps_escalate_threshold 0.2 -reps_warmup_explore_rtts 1.0 -reps_explore_prob 40,0.8,2000000,3,880,415.296,274.0832238636361,267.722,363.247,415.296,228.377,431200,8939,0,0,275275,8939,0,0,2.073051948051948,0.0,2.073051948051948,0.0
permutation,1100,m,fpar,fpar,oblivious,,0.8,2000000,4,880,650.519,306.39360795454525,284.37,567.173,650.519,202.565,431200,28,0,0,321237,28,0,0,0.006493506493506494,0.0,0.006493506493506494,0.0
permutation,1100,m,reps_no_partition,reps_dfp,reps,,0.8,2000000,4,880,414.107,276.28818977272715,269.609,379.705,414.107,216.249,431200,2255,0,0,263107,2255,0,0,0.5229591836734694,0.0,0.5229591836734694,0.0
permutation,1100,m,reps_partition,reps_dfp,reps,-reps_partition_entropy -reps_escalate_threshold 0.2 -reps_warmup_explore_rtts 1.0 -reps_explore_prob 40,0.8,2000000,4,880,485.781,275.39499090909123,266.563,388.498,485.781,226.997,431200,9232,0,0,276629,9232,0,0,2.1410018552875694,0.0,2.1410018552875694,0.0
permutation,1100,m,fpar,fpar,oblivious,,0.8,2000000,5,880,701.517,306.3196499999998,289.907,558.228,701.517,198.386,431200,317,0,0,319907,317,0,0,0.07351576994434138,0.0,0.07351576994434138,0.0
permutation,1100,m,reps_no_partition,reps_dfp,reps,,0.8,2000000,5,880,431.589,273.3154602272726,267.931,369.239,431.589,216.307,431200,1906,0,0,267191,1906,0,0,0.4420222634508349,0.0,0.4420222634508349,0.0
permutation,1100,m,reps_partition,reps_dfp,reps,-reps_partition_entropy -reps_escalate_threshold 0.2 -reps_warmup_explore_rtts 1.0 -reps_explore_prob 40,0.8,2000000,5,880,398.5,274.576069318182,266.956,371.133,398.5,226.896,431200,9249,0,0,277179,9249,0,0,2.144944341372913,0.0,2.144944341372913,0.0
permutation,1100,m,fpar,fpar,oblivious,,0.8,10000000,1,880,3361.94,1513.3126374999995,1552.3,2960.71,3361.94,914.126,2154240,317,0,0,1580721,317,0,0,0.014715166369578134,0.0,0.014715166369578134,0.0
permutation,1100,m,reps_no_partition,reps_dfp,reps,,0.8,10000000,1,880,1785.31,1264.856368181818,1263.48,1602.23,1785.31,976.275,2154240,2237,0,0,1247698,2237,0,0,0.10384172608437314,0.0,0.10384172608437314,0.0
permutation,1100,m,reps_partition,reps_dfp,reps,-reps_partition_entropy -reps_escalate_threshold 0.2 -reps_warmup_explore_rtts 1.0 -reps_explore_prob 40,0.8,10000000,1,880,1877.25,1273.3446431818186,1272.7,1625.27,1877.25,995.226,2154240,9687,0,0,1253971,9687,0,0,0.44967134581105167,0.0,0.44967134581105167,0.0
permutation,1100,m,fpar,fpar,oblivious,,0.8,10000000,2,880,3560.17,1491.1242522727275,1489.11,2836.84,3560.17,901.061,2154240,420,0,0,1579703,420,0,0,0.01949643493761141,0.0,0.01949643493761141,0.0
permutation,1100,m,reps_no_partition,reps_dfp,reps,,0.8,10000000,2,880,1668.6,1261.4994204545462,1260.49,1588.49,1668.6,1014.01,2154240,2196,0,0,1241390,2196,0,0,0.1019385026737968,0.0,0.1019385026737968,0.0
permutation,1100,m,reps_partition,reps_dfp,reps,-reps_partition_entropy -reps_escalate_threshold 0.2 -reps_warmup_explore_rtts 1.0 -reps_explore_prob 40,0.8,10000000,2,880,1806.99,1273.4525454545458,1264.79,1623.05,1806.99,1007.86,2154240,9979,0,0,1247411,9979,0,0,0.4632260101010101,0.0,0.4632260101010101,0.0
permutation,1100,m,fpar,fpar,oblivious,,0.8,10000000,3,880,3123.43,1447.8405852272722,1214.7,2694.52,3123.43,912.697,2154240,26,0,0,1555308,26,0,0,0.0012069221628045158,0.0,0.0012069221628045158,0.0
permutation,1100,m,reps_no_partition,reps_dfp,reps,,0.8,10000000,3,880,1685.82,1264.0903181818182,1255.57,1567.62,1685.82,1013.91,2154240,2562,0,0,1240997,2562,0,0,0.11892825311942959,0.0,0.11892825311942959,0.0
permutation,1100,m,reps_partition,reps_dfp,reps,-reps_partition_entropy -reps_escalate_threshold 0.2 -reps_warmup_explore_rtts 1.0 -reps_explore_prob 40,0.8,10000000,3,880,1864.93,1275.29375,1267.65,1679.06,1864.93,1025.72,2154240,9852,0,0,1247062,9852,0,0,0.4573306595365419,0.0,0.4573306595365419,0.0
permutation,1100,m,fpar,fpar,oblivious,,0.8,10000000,4,880,3219.87,1469.195031818182,1462.22,3011.23,3219.87,918.453,2154240,28,0,0,1563423,28,0,0,0.001299762329174094,0.0,0.001299762329174094,0.0
permutation,1100,m,reps_no_partition,reps_dfp,reps,,0.8,10000000,4,880,1868.96,1268.4108954545466,1261.59,1615.95,1868.96,993.208,2154240,2799,0,0,1232608,2799,0,0,0.1299298128342246,0.0,0.1299298128342246,0.0
permutation,1100,m,reps_partition,reps_dfp,reps,-reps_partition_entropy -reps_escalate_threshold 0.2 -reps_warmup_explore_rtts 1.0 -reps_explore_prob 40,0.8,10000000,4,880,1908.7,1281.4914772727273,1273.41,1651.82,1908.7,1000.13,2154240,10249,0,0,1246057,10249,0,0,0.47575943256090314,0.0,0.47575943256090314,0.0
permutation,1100,m,fpar,fpar,oblivious,,0.8,10000000,5,880,3255.43,1461.048952272726,1475.68,2668.46,3255.43,912.567,2154240,317,0,0,1563601,317,0,0,0.014715166369578134,0.0,0.014715166369578134,0.0
permutation,1100,m,reps_no_partition,reps_dfp,reps,,0.8,10000000,5,880,1708.51,1263.5363568181817,1252.96,1586.76,1708.51,986.992,2154240,2370,0,0,1254561,2370,0,0,0.11001559714795009,0.0,0.11001559714795009,0.0
permutation,1100,m,reps_partition,reps_dfp,reps,-reps_partition_entropy -reps_escalate_threshold 0.2 -reps_warmup_explore_rtts 1.0 -reps_explore_prob 40,0.8,10000000,5,880,1903.7,1280.0151818181826,1272.35,1618.99,1903.7,1003.95,2154240,10345,0,0,1254102,10345,0,0,0.4802157605466429,0.0,0.4802157605466429,0.0
permutation,1100,m,fpar,fpar,oblivious,,0.9,100000,1,990,37.468,32.79347565656566,34.0853,37.0408,37.468,24.3226,24750,0,0,0,13425,0,0,0,0.0,0.0,0.0,0.0
permutation,1100,m,reps_no_partition,reps_dfp,reps,,0.9,100000,1,990,37.413,29.62477606060603,29.4416,34.4216,37.413,25.6176,24750,0,0,0,8759,0,0,0,0.0,0.0,0.0,0.0
permutation,1100,m,reps_partition,reps_dfp,reps,-reps_partition_entropy -reps_escalate_threshold 0.2 -reps_warmup_explore_rtts 1.0 -reps_explore_prob 40,0.9,100000,1,990,37.4136,30.056255050505055,29.9438,35.7576,37.4136,25.1296,24750,0,0,0,8925,0,0,0,0.0,0.0,0.0,0.0
permutation,1100,m,fpar,fpar,oblivious,,0.9,100000,2,990,37.1918,32.737482626262626,34.6707,36.7106,37.1918,21.0742,24750,0,0,0,13436,0,0,0,0.0,0.0,0.0,0.0
permutation,1100,m,reps_no_partition,reps_dfp,reps,,0.9,100000,2,990,35.7587,29.72125696969695,29.6016,34.4216,35.7587,25.6347,24750,0,0,0,8817,0,0,0,0.0,0.0,0.0,0.0
permutation,1100,m,reps_partition,reps_dfp,reps,-reps_partition_entropy -reps_escalate_threshold 0.2 -reps_warmup_explore_rtts 1.0 -reps_explore_prob 40,0.9,100000,2,990,39.441,30.09192111111113,29.9336,35.0736,39.441,25.7947,24750,0,0,0,8927,0,0,0,0.0,0.0,0.0,0.0
permutation,1100,m,fpar,fpar,oblivious,,0.9,100000,3,990,37.6544,32.764795858585885,34.5547,36.9008,37.6544,20.0731,24750,0,0,0,13394,0,0,0,0.0,0.0,0.0,0.0
permutation,1100,m,reps_no_partition,reps_dfp,reps,,0.9,100000,3,990,35.621,29.585191111111143,29.4507,33.5992,35.621,25.645,24750,0,0,0,8786,0,0,0,0.0,0.0,0.0,0.0
permutation,1100,m,reps_partition,reps_dfp,reps,-reps_partition_entropy -reps_escalate_threshold 0.2 -reps_warmup_explore_rtts 1.0 -reps_explore_prob 40,0.9,100000,3,990,36.2536,30.044792323232326,29.9558,34.4016,36.2536,25.6347,24750,0,0,0,8971,0,0,0,0.0,0.0,0.0,0.0
permutation,1100,m,fpar,fpar,oblivious,,0.9,100000,4,990,37.2128,32.744002727272736,34.4646,36.8414,37.2128,22.3766,24750,0,0,0,13433,0,0,0,0.0,0.0,0.0,0.0
permutation,1100,m,reps_no_partition,reps_dfp,reps,,0.9,100000,4,990,36.957,29.904156565656535,29.6187,34.9256,36.957,25.9616,24750,0,0,0,8904,0,0,0,0.0,0.0,0.0,0.0
permutation,1100,m,reps_partition,reps_dfp,reps,-reps_partition_entropy -reps_escalate_threshold 0.2 -reps_warmup_explore_rtts 1.0 -reps_explore_prob 40,0.9,100000,4,990,39.0736,30.238304545454568,30.0936,36.6203,39.0736,25.5851,24750,0,0,0,8964,0,0,0,0.0,0.0,0.0,0.0
permutation,1100,m,fpar,fpar,oblivious,,0.9,100000,5,990,37.6186,32.773947979797946,34.7373,36.9238,37.6186,22.3192,24750,0,0,0,13499,0,0,0,0.0,0.0,0.0,0.0
permutation,1100,m,reps_no_partition,reps_dfp,reps,,0.9,100000,5,990,38.0616,29.760583030303028,29.4672,36.2296,38.0616,25.6176,24750,0,0,0,8834,0,0,0,0.0,0.0,0.0,0.0
permutation,1100,m,reps_partition,reps_dfp,reps,-reps_partition_entropy -reps_escalate_threshold 0.2 -reps_warmup_explore_rtts 1.0 -reps_explore_prob 40,0.9,100000,5,990,37.1168,30.197851616161625,29.9456,35.4574,37.1168,25.7896,24750,0,0,0,8998,0,0,0,0.0,0.0,0.0,0.0
permutation,1100,m,fpar,fpar,oblivious,,0.9,500000,1,990,105.336,87.32133272727272,87.7822,102.124,105.336,68.6602,121770,373,0,0,98568,373,0,0,0.3063151843639649,0.0,0.3063151843639649,0.0
permutation,1100,m,reps_no_partition,reps_dfp,reps,,0.9,500000,1,990,100.363,91.1344066666667,91.0526,98.7026,100.363,81.2938,121770,1947,0,0,96960,1947,0,0,1.5989159891598916,0.0,1.5989159891598916,0.0
permutation,1100,m,reps_partition,reps_dfp,reps,-reps_partition_entropy -reps_escalate_threshold 0.2 -reps_warmup_explore_rtts 1.0 -reps_explore_prob 40,0.9,500000,1,990,96.0136,86.53813767676775,86.5318,94.1781,96.0136,77.3098,121770,11023,0,0,87283,11023,0,0,9.052311735238565,0.0,9.052311735238565,0.0
permutation,1100,m,fpar,fpar,oblivious,,0.9,500000,2,990,101.921,87.20494606060599,87.6451,100.148,101.921,68.9536,121770,170,0,0,98300,170,0,0,0.1396074566806274,0.0,0.1396074566806274,0.0
permutation,1100,m,reps_no_partition,reps_dfp,reps,,0.9,500000,2,990,98.26,90.91218383838385,90.9878,96.8714,98.26,82.1874,121770,1552,0,0,96590,1552,0,0,1.2745339574607868,0.0,1.2745339574607868,0.0
permutation,1100,m,reps_partition,reps_dfp,reps,-reps_partition_entropy -reps_escalate_threshold 0.2 -reps_warmup_explore_rtts 1.0 -reps_explore_prob 40,0.9,500000,2,990,99.029,86.36039464646463,86.3856,94.2926,99.029,75.7696,121770,11098,0,0,86896,11098,0,0,9.113903260244724,0.0,9.113903260244724,0.0
permutation,1100,m,fpar,fpar,oblivious,,0.9,500000,3,990,104.285,87.05168464646462,87.9336,99.7118,104.285,67.8146,121770,104,0,0,98408,104,0,0,0.08540691467520736,0.0,0.08540691467520736,0.0
permutation,1100,m,reps_no_partition,reps_dfp,reps,,0.9,500000,3,990,99.1618,90.81780040404041,90.7414,97.5123,99.1618,82.9066,121770,1977,0,0,96773,1977,0,0,1.6235525991623552,0.0,1.6235525991623552,0.0
permutation,1100,m,reps_partition,reps_dfp,reps,-reps_partition_entropy -reps_escalate_threshold 0.2 -reps_warmup_explore_rtts 1.0 -reps_explore_prob 40,0.9,500000,3,990,97.8454,86.70259151515148,86.711,94.8614,97.8454,77.8531,121770,10572,0,0,87736,10572,0,0,8.681941364868194,0.0,8.681941364868194,0.0
permutation,1100,m,fpar,fpar,oblivious,,0.9,500000,4,990,101.487,87.3308396969695,88.1699,99.2363,101.487,68.0037,121770,39,0,0,99072,39,0,0,0.03202759300320276,0.0,0.03202759300320276,0.0
permutation,1100,m,reps_no_partition,reps_dfp,reps,,0.9,500000,4,990,101.604,91.50701232323205,91.4936,99.3075,101.604,80.9139,121770,2370,0,0,96426,2370,0,0,1.9462921901946293,0.0,1.9462921901946293,0.0
permutation,1100,m,reps_partition,reps_dfp,reps,-reps_partition_entropy -reps_escalate_threshold 0.2 -reps_warmup_explore_rtts 1.0 -reps_explore_prob 40,0.9,500000,4,990,96.7187,87.44633525252523,87.412,95.5573,96.7187,74.8387,121770,11148,0,0,87356,11148,0,0,9.154964276915496,0.0,9.154964276915496,0.0
permutation,1100,m,fpar,fpar,oblivious,,0.9,500000,5,990,120.495,86.84316161616158,87.8995,101.654,120.495,68.8208,121770,239,0,0,98022,239,0,0,0.19627165968629384,0.0,0.19627165968629384,0.0
permutation,1100,m,reps_no_partition,reps_dfp,reps,,0.9,500000,5,990,100.418,90.92571494949492,90.9558,97.433,100.418,80.9259,121770,1939,0,0,96329,1939,0,0,1.5923462264925679,0.0,1.5923462264925679,0.0
permutation,1100,m,reps_partition,reps_dfp,reps,-reps_partition_entropy -reps_escalate_threshold 0.2 -reps_warmup_explore_rtts 1.0 -reps_explore_prob 40,0.9,500000,5,990,96.5061,86.54853313131322,86.5995,94.035,96.5061,75.6198,121770,11158,0,0,86916,11158,0,0,9.163176480249652,0.0,9.163176480249652,0.0
permutation,1100,m,fpar,fpar,oblivious,,0.9,2000000,1,990,689.865,345.3960727272725,338.549,633.9,689.865,212.926,485100,710,0,0,377175,710,0,0,0.1463615749330035,0.0,0.1463615749330035,0.0
permutation,1100,m,reps_no_partition,reps_dfp,reps,,0.9,2000000,1,990,448.462,306.27238080808115,303.794,414.586,448.462,225.798,485100,3149,0,0,301903,3149,0,0,0.6491445062873634,0.0,0.6491445062873634,0.0
permutation,1100,m,reps_partition,reps_dfp,reps,-reps_partition_entropy -reps_escalate_threshold 0.2 -reps_warmup_explore_rtts 1.0 -reps_explore_prob 40,0.9,2000000,1,990,439.871,299.81975252525217,289.127,412.476,439.871,238.843,485100,11420,0,0,325603,11420,0,0,2.3541537827252115,0.0,2.3541537827252115,0.0
permutation,1100,m,fpar,fpar,oblivious,,0.9,2000000,2,990,683.99,344.3004787878787,335.519,621.061,683.99,211.871,485100,417,0,0,377350,417,0,0,0.08596165739022882,0.0,0.08596165739022882,0.0
permutation,1100,m,reps_no_partition,reps_dfp,reps,,0.9,2000000,2,990,437.142,304.3926606060604,303.054,396.08,437.142,218.413,485100,2659,0,0,302795,2659,0,0,0.5481344052772624,0.0,0.5481344052772624,0.0
permutation,1100,m,reps_partition,reps_dfp,reps,-reps_partition_entropy -reps_escalate_threshold 0.2 -reps_warmup_explore_rtts 1.0 -reps_explore_prob 40,0.9,2000000,2,990,442.779,298.5726969696966,292.046,400.07,442.779,238.766,485100,11606,0,0,329022,11606,0,0,2.3924963924963927,0.0,2.3924963924963927,0.0
permutation,1100,m,fpar,fpar,oblivious,,0.9,2000000,3,990,688.704,334.0255676767679,321.215,599.87,688.704,212.567,485100,287,0,0,376283,287,0,0,0.05916305916305916,0.0,0.05916305916305916,0.0
permutation,1100,m,reps_no_partition,reps_dfp,reps,,0.9,2000000,3,990,460.598,305.7780727272728,302.864,400.469,460.598,224.083,485100,3035,0,0,302200,3035,0,0,0.6256441970727685,0.0,0.6256441970727685,0.0
permutation,1100,m,reps_partition,reps_dfp,reps,-reps_partition_entropy -reps_escalate_threshold 0.2 -reps_warmup_explore_rtts 1.0 -reps_explore_prob 40,0.9,2000000,3,990,470.546,298.9424959595965,291.775,416.226,470.546,236.283,485100,11047,0,0,327729,11047,0,0,2.277262420119563,0.0,2.277262420119563,0.0
permutation,1100,m,fpar,fpar,oblivious,,0.9,2000000,4,990,637.97,336.5244888888886,331.074,597.946,637.97,212.258,485100,221,0,0,379958,221,0,0,0.04555761698618842,0.0,0.04555761698618842,0.0
permutation,1100,m,reps_no_partition,reps_dfp,reps,,0.9,2000000,4,990,481.069,306.95256565656587,305.261,400.767,481.069,219.789,485100,3488,0,0,302687,3488,0,0,0.7190270047412904,0.0,0.7190270047412904,0.0
permutation,1100,m,reps_partition,reps_dfp,reps,-reps_partition_entropy -reps_escalate_threshold 0.2 -reps_warmup_explore_rtts 1.0 -reps_explore_prob 40,0.9,2000000,4,990,499.34,300.6939585858581,293.842,413.263,499.34,237.893,485100,11709,0,0,327257,11709,0,0,2.4137291280148423,0.0,2.4137291280148423,0.0
permutation,1100,m,fpar,fpar,oblivious,,0.9,2000000,5,990,682.0,337.3571161616164,329.424,578.013,682.0,211.603,485100,513,0,0,377611,513,0,0,0.10575139146567718,0.0,0.10575139146567718,0.0
permutation,1100,m,reps_no_partition,reps_dfp,reps,,0.9,2000000,5,990,451.035,305.96137272727293,305.997,404.188,451.035,219.345,485100,3125,0,0,303646,3125,0,0,0.6441970727685014,0.0,0.6441970727685014,0.0
permutation,1100,m,reps_partition,reps_dfp,reps,-reps_partition_entropy -reps_escalate_threshold 0.2 -reps_warmup_explore_rtts 1.0 -reps_explore_prob 40,0.9,2000000,5,990,454.392,299.57062222222237,291.652,410.496,454.392,236.836,485100,11621,0,0,325793,11621,0,0,2.3955885384456814,0.0,2.3955885384456814,0.0
permutation,1100,m,fpar,fpar,oblivious,,0.9,10000000,1,990,3560.88,1607.8619343434355,1650.36,3129.24,3560.88,947.016,2423520,710,0,0,1832105,710,0,0,0.029296230276622433,0.0,0.029296230276622433,0.0
permutation,1100,m,reps_no_partition,reps_dfp,reps,,0.9,10000000,1,990,1875.26,1404.1868181818193,1398.37,1728.37,1875.26,1038.97,2423520,3560,0,0,1495206,3560,0,0,0.14689377434475473,0.0,0.14689377434475473,0.0
permutation,1100,m,reps_partition,reps_dfp,reps,-reps_partition_entropy -reps_escalate_threshold 0.2 -reps_warmup_explore_rtts 1.0 -reps_explore_prob 40,0.9,10000000,1,990,1924.02,1390.7813939393934,1389.38,1805.02,1924.02,1062.78,2423520,12330,0,0,1525663,12330,0,0,0.5087641117052881,0.0,0.5087641117052881,0.0
permutation,1100,m,fpar,fpar,oblivious,,0.9,10000000,2,990,3823.36,1596.6224101010112,1646.37,3070.18,3823.36,938.463,2423520,417,0,0,1842420,417,0,0,0.017206377500495147,0.0,0.017206377500495147,0.0
permutation,1100,m,reps_no_partition,reps_dfp,reps,,0.9,10000000,2,990,1843.06,1397.6835151515147,1393.97,1705.71,1843.06,1030.97,2423520,3215,0,0,1502940,3215,0,0,0.1326582821680861,0.0,0.1326582821680861,0.0
permutation,1100,m,reps_partition,reps_dfp,reps,-reps_partition_entropy -reps_escalate_threshold 0.2 -reps_warmup_explore_rtts 1.0 -reps_explore_prob 40,0.9,10000000,2,990,1935.78,1393.2422222222224,1392.09,1774.74,1935.78,1044.56,2423520,12501,0,0,1532364,12501,0,0,0.5158199643493762,0.0,0.5158199643493762,0.0
permutation,1100,m,fpar,fpar,oblivious,,0.9,10000000,3,990,3854.14,1555.6968313131292,1556.98,3003.54,3854.14,920.003,2423520,287,0,0,1809658,287,0,0,0.011842278999141745,0.0,0.011842278999141745,0.0
permutation,1100,m,reps_no_partition,reps_dfp,reps,,0.9,10000000,3,990,1999.82,1399.836575757578,1395.86,1721.3,1999.82,1042.94,2423520,3559,0,0,1489652,3559,0,0,0.14685251204859048,0.0,0.14685251204859048,0.0
permutation,1100,m,reps_partition,reps_dfp,reps,-reps_partition_entropy -reps_escalate_threshold 0.2 -reps_warmup_explore_rtts 1.0 -reps_explore_prob 40,0.9,10000000,3,990,1916.48,1391.6186363636368,1390.95,1817.51,1916.48,1031.95,2423520,12148,0,0,1523448,12148,0,0,0.5012543738033934,0.0,0.5012543738033934,0.0
permutation,1100,m,fpar,fpar,oblivious,,0.9,10000000,4,990,3295.72,1582.9503656565635,1634.35,3126.61,3295.72,937.47,2423520,221,0,0,1834649,221,0,0,0.009118967452300786,0.0,0.009118967452300786,0.0
permutation,1100,m,reps_no_partition,reps_dfp,reps,,0.9,10000000,4,990,1900.77,1404.8255353535358,1408.98,1762.63,1900.77,1046.73,2423520,3955,0,0,1491781,3955,0,0,0.16319238132963623,0.0,0.16319238132963623,0.0
permutation,1100,m,reps_partition,reps_dfp,reps,-reps_partition_entropy -reps_escalate_threshold 0.2 -reps_warmup_explore_rtts 1.0 -reps_explore_prob 40,0.9,10000000,4,990,1914.66,1400.252777777778,1399.42,1819.1,1914.66,1059.61,2423520,12572,0,0,1530238,12572,0,0,0.5187495873770384,0.0,0.5187495873770384,0.0
permutation,1100,m,fpar,fpar,oblivious,,0.9,10000000,5,990,3947.18,1577.2319060606055,1641.32,3174.55,3947.18,943.267,2423520,513,0,0,1825679,513,0,0,0.021167557932263815,0.0,0.021167557932263815,0.0
permutation,1100,m,reps_no_partition,reps_dfp,reps,,0.9,10000000,5,990,1817.17,1403.5971515151518,1402.99,1706.59,1817.17,1034.55,2423520,3597,0,0,1513147,3597,0,0,0.14842047930283225,0.0,0.14842047930283225,0.0
permutation,1100,m,reps_partition,reps_dfp,reps,-reps_partition_entropy -reps_escalate_threshold 0.2 -reps_warmup_explore_rtts 1.0 -reps_explore_prob 40,0.9,10000000,5,990,1991.99,1394.9965353535356,1385.71,1829.13,1991.99,1040.48,2423520,12664,0,0,1522901,12664,0,0,0.52254571862415,0.0,0.52254571862415,0.0
incast,1100,m,fpar,fpar,oblivious,,0.6,100000,1,660,6205.87,5230.285413636364,5554.55,6193.85,6205.87,152.67,16500,163846,0,0,16499,160200,0,0,993.0060606060606,0.0,970.9090909090909,0.0
incast,1100,m,reps_no_partition,reps_dfp,reps,,0.6,100000,1,660,6189.89,5070.779651515149,5310.48,6178.15,6189.89,123.16,16500,161842,0,0,16500,155977,0,0,980.8606060606061,0.0,945.3151515151516,0.0
incast,1100,m,reps_partition,reps_dfp,reps,-reps_partition_entropy -reps_escalate_threshold 0.2 -reps_warmup_explore_rtts 1.0 -reps_explore_prob 40,0.6,100000,1,660,6205.46,5143.769143939392,5364.1,6187.65,6205.46,119.225,16500,164831,0,0,16500,158869,0,0,998.9757575757576,0.0,962.8424242424243,0.0
incast,1100,m,fpar,fpar,oblivious,,0.6,100000,2,660,6216.3,5205.136156060602,5385.47,6210.55,6216.3,137.144,16500,167422,0,0,16500,163642,0,0,1014.6787878787878,0.0,991.769696969697,0.0
incast,1100,m,reps_no_partition,reps_dfp,reps,,0.6,100000,2,660,6202.48,5159.947122727273,5431.83,6189.71,6202.48,118.445,16500,165277,0,0,16496,159468,0,0,1001.6787878787878,0.0,966.4727272727273,0.0
incast,1100,m,reps_partition,reps_dfp,reps,-reps_partition_entropy -reps_escalate_threshold 0.2 -reps_warmup_explore_rtts 1.0 -reps_explore_prob 40,0.6,100000,2,660,6205.86,5134.063906060606,5352.42,6185.11,6205.86,118.536,16500,164295,0,0,16499,158431,0,0,995.7272727272727,0.0,960.1878787878788,0.0
incast,1100,m,fpar,fpar,oblivious,,0.6,100000,3,660,6217.89,5380.184774242428,5611.62,6212.95,6217.89,129.953,16500,166923,0,0,16498,163253,0,0,1011.6545454545454,0.0,989.4121212121212,0.0
incast,1100,m,reps_no_partition,reps_dfp,reps,,0.6,100000,3,660,6246.31,5356.871696969703,5566.82,6231.49,6246.31,113.393,16500,171160,0,0,16498,165276,0,0,1037.3333333333333,0.0,1001.6727272727272,0.0
incast,1100,m,reps_partition,reps_dfp,reps,-reps_partition_entropy -reps_escalate_threshold 0.2 -reps_warmup_explore_rtts 1.0 -reps_explore_prob 40,0.6,100000,3,660,6213.51,5075.284004545458,5390.16,6181.24,6213.51,117.337,16500,162315,0,0,16499,156450,0,0,983.7272727272727,0.0,948.1818181818181,0.0
incast,1100,m,fpar,fpar,oblivious,,0.6,100000,4,660,6205.32,5223.084351515149,5441.6,6195.45,6205.32,152.035,16500,164498,0,0,16500,160731,0,0,996.9575757575758,0.0,974.1272727272727,0.0
incast,1100,m,reps_no_partition,reps_dfp,reps,,0.6,100000,4,660,6222.14,5191.945054545459,5508.87,6199.13,6222.14,119.732,16500,166069,0,0,16499,160196,0,0,1006.4787878787879,0.0,970.8848484848485,0.0
incast,1100,m,reps_partition,reps_dfp,reps,-reps_partition_entropy -reps_escalate_threshold 0.2 -reps_warmup_explore_rtts 1.0 -reps_explore_prob 40,0.6,100000,4,660,6196.68,5120.005733333336,5353.26,6182.02,6196.68,119.261,16500,163029,0,0,16499,157092,0,0,988.0545454545454,0.0,952.0727272727273,0.0
incast,1100,m,fpar,fpar,oblivious,,0.6,100000,5,660,6254.45,5308.88571818182,5556.84,6236.18,6254.45,132.52,16500,172207,0,0,16499,168314,0,0,1043.678787878788,0.0,1020.0848484848485,0.0
incast,1100,m,reps_no_partition,reps_dfp,reps,,0.6,100000,5,660,6213.38,5213.122101515153,5426.54,6203.6,6213.38,117.963,16500,166288,0,0,16497,160368,0,0,1007.8060606060606,0.0,971.9272727272727,0.0
incast,1100,m,reps_partition,reps_dfp,reps,-reps_partition_entropy -reps_escalate_threshold 0.2 -reps_warmup_explore_rtts 1.0 -reps_explore_prob 40,0.6,100000,5,660,6196.95,5062.740822727271,5218.22,6179.29,6196.95,113.412,16500,162961,0,0,16493,156925,0,0,987.6424242424242,0.0,951.060606060606,0.0
incast,1100,m,fpar,fpar,oblivious,,0.6,500000,1,660,30509.3,24862.34757575758,25440.0,30485.3,30509.3,15468.7,81180,733334,0,0,81089,716473,0,0,903.3431879773343,0.0,882.5732939147573,0.0
incast,1100,m,reps_no_partition,reps_dfp,reps,,0.6,500000,1,660,30949.9,26765.631060606072,28831.4,30908.9,30949.9,12240.0,81180,817674,0,0,81139,798631,0,0,1007.2357723577236,0.0,983.7780241438778,0.0
incast,1100,m,reps_partition,reps_dfp,reps,-reps_partition_entropy -reps_escalate_threshold 0.2 -reps_warmup_explore_rtts 1.0 -reps_explore_prob 40,0.6,500000,1,660,31018.3,27688.751818181765,29040.6,30974.0,31018.3,13715.8,81180,831146,0,0,81124,811879,0,0,1023.8309928553831,0.0,1000.0973146095097,0.0
incast,1100,m,fpar,fpar,oblivious,,0.6,500000,2,660,30085.6,21452.58406060605,23398.5,30054.1,30085.6,9388.36,81180,648384,0,0,81087,631464,0,0,798.69918699187,0.0,777.8566149297857,0.0
incast,1100,m,reps_no_partition,reps_dfp,reps,,0.6,500000,2,660,31087.4,28381.004545454547,29650.4,31074.9,31087.4,11942.5,81180,849574,0,0,81127,830673,0,0,1046.531165311653,0.0,1023.2483370288248,0.0
incast,1100,m,reps_partition,reps_dfp,reps,-reps_partition_entropy -reps_escalate_threshold 0.2 -reps_warmup_explore_rtts 1.0 -reps_explore_prob 40,0.6,500000,2,660,31042.0,27711.085151515115,29052.0,31006.9,31042.0,11184.7,81180,836242,0,0,81123,817032,0,0,1030.108401084011,0.0,1006.4449371766445,0.0
incast,1100,m,fpar,fpar,oblivious,,0.6,500000,3,660,30025.9,22048.698181818178,21791.5,29996.6,30025.9,12021.3,81180,637261,0,0,81099,620398,0,0,784.9975363389998,0.0,764.2251786154225,0.0
incast,1100,m,reps_no_partition,reps_dfp,reps,,0.6,500000,3,660,30821.5,25649.235651515155,28632.5,30801.5,30821.5,9371.02,81180,795134,0,0,81119,776170,0,0,979.470312884947,0.0,956.109879280611,0.0
incast,1100,m,reps_partition,reps_dfp,reps,-reps_partition_entropy -reps_escalate_threshold 0.2 -reps_warmup_explore_rtts 1.0 -reps_explore_prob 40,0.6,500000,3,660,30902.8,26868.803787878773,28196.5,30846.7,30902.8,12550.5,81180,806319,0,0,81104,787086,0,0,993.2483370288248,0.0,969.5565410199556,0.0
incast,1100,m,fpar,fpar,oblivious,,0.6,500000,4,660,30345.6,23813.937121212104,24118.1,30324.2,30345.6,14257.9,81180,703260,0,0,81069,686425,0,0,866.2971175166297,0.0,845.5592510470559,0.0
incast,1100,m,reps_no_partition,reps_dfp,reps,,0.6,500000,4,660,30904.2,26670.89045454546,28540.5,30876.7,30904.2,10100.1,81180,810823,0,0,81138,791802,0,0,998.7965016013796,0.0,975.3658536585366,0.0
incast,1100,m,reps_partition,reps_dfp,reps,-reps_partition_entropy -reps_escalate_threshold 0.2 -reps_warmup_explore_rtts 1.0 -reps_explore_prob 40,0.6,500000,4,660,31065.3,27662.387727272726,28849.7,30972.3,31065.3,16140.3,81180,830104,0,0,81152,810829,0,0,1022.5474254742547,0.0,998.8038925843804,0.0
incast,1100,m,fpar,fpar,oblivious,,0.6,500000,5,660,30809.9,25322.93469696973,26848.4,30786.0,30809.9,16071.2,81180,792298,0,0,81119,775463,0,0,975.9768415865976,0.0,955.2389751170239,0.0
incast,1100,m,reps_no_partition,reps_dfp,reps,,0.6,500000,5,660,31084.6,28057.126666666663,29414.7,31050.8,31084.6,13735.8,81180,844706,0,0,81111,825940,0,0,1040.5346144370535,0.0,1017.4180832717418,0.0
incast,1100,m,reps_partition,reps_dfp,reps,-reps_partition_entropy -reps_escalate_threshold 0.2 -reps_warmup_explore_rtts 1.0 -reps_explore_prob 40,0.6,500000,5,660,31145.0,28855.561969696944,29722.3,31121.2,31145.0,18773.0,81180,857650,0,0,81091,838458,0,0,1056.4794284306479,0.0,1032.8381374722837,0.0
incast,1100,m,fpar,fpar,oblivious,,0.6,2000000,1,303,99973.3,83771.64785478543,85357.5,99858.7,99973.3,65655.4,260857,2665088,0,0,260499,2648227,0,0,1021.6662769256719,0.0,1015.202582257712,0.0
incast,1100,m,reps_no_partition,reps_dfp,reps,,0.6,2000000,1,26,99309.5,93277.61923076924,95051.4,99309.5,99309.5,83611.7,259162,2785639,0,0,258528,2766596,0,0,1074.8639846891133,0.0,1067.5160710289317,0.0
incast,1100,m,reps_partition,reps_dfp,reps,-reps_partition_entropy -reps_escalate_threshold 0.2 -reps_warmup_explore_rtts 1.0 -reps_explore_prob 40,0.6,2000000,1,27,99973.3,93689.3333333333,93761.2,99973.3,99973.3,87264.0,259162,2785861,0,0,258526,2766594,0,0,1074.9496453955442,0.0,1067.5152993108557,0.0
incast,1100,m,fpar,fpar,oblivious,,0.6,2000000,2,381,99367.7,62842.54199475067,63342.1,98216.7,99367.7,37578.1,266207,2315674,0,0,265923,2298754,0,0,869.8772008249219,0.0,863.5212447456303,0.0
incast,1100,m,reps_no_partition,reps_dfp,reps,,0.6,2000000,2,34,99834.2,94464.13235294117,95563.0,99834.2,99834.2,80725.6,258867,2804286,0,0,258236,2785385,0,0,1083.292192515848,0.0,1075.9907597337628,0.0
incast,1100,m,reps_partition,reps_dfp,reps,-reps_partition_entropy -reps_escalate_threshold 0.2 -reps_warmup_explore_rtts 1.0 -reps_explore_prob 40,0.6,2000000,2,28,99818.8,93499.49642857144,94823.8,99818.8,99818.8,81020.3,258850,2806030,0,0,258207,2786820,0,0,1084.0370871160903,0.0,1076.615800656751,0.0
incast,1100,m,fpar,fpar,oblivious,,0.6,2000000,3,363,99975.0,68345.18126721757,67193.4,94959.4,99975.0,47095.3,266075,2324731,0,0,265771,2307868,0,0,873.712674997651,0.0,867.3749882551912,0.0
incast,1100,m,reps_no_partition,reps_dfp,reps,,0.6,2000000,3,22,99585.5,87886.66363636362,85042.6,99585.5,99585.5,78754.2,259503,2763480,0,0,258844,2744516,0,0,1064.912544363649,0.0,1057.6047290397414,0.0
incast,1100,m,reps_partition,reps_dfp,reps,-reps_partition_entropy -reps_escalate_threshold 0.2 -reps_warmup_explore_rtts 1.0 -reps_explore_prob 40,0.6,2000000,3,29,99968.0,92552.67586206897,93867.0,99968.0,99968.0,83369.5,259464,2766082,0,0,258826,2746849,0,0,1066.0754478463293,0.0,1058.6628588166375,0.0
incast,1100,m,fpar,fpar,oblivious,,0.6,2000000,4,381,99966.5,83010.59527559055,86731.0,99723.0,99966.5,59740.9,261832,2599337,0,0,261553,2582502,0,0,992.7499312536282,0.0,986.3202358764398,0.0
incast,1100,m,reps_no_partition,reps_dfp,reps,,0.6,2000000,4,25,99791.9,92925.90399999998,94993.2,99791.9,99791.9,80959.3,259129,2787793,0,0,258487,2768772,0,0,1075.8321145066743,0.0,1068.4917550717983,0.0
incast,1100,m,reps_partition,reps_dfp,reps,-reps_partition_entropy -reps_escalate_threshold 0.2 -reps_warmup_explore_rtts 1.0 -reps_explore_prob 40,0.6,2000000,4,23,99957.2,95041.22608695654,95397.2,99957.2,99957.2,88423.5,259072,2791709,0,0,258432,2772435,0,0,1077.5803637598815,0.0,1070.1407330780632,0.0
incast,1100,m,fpar,fpar,oblivious,,0.6,2000000,5,307,99964.1,82595.88241042341,78099.6,99214.7,99964.1,64651.3,258735,2802444,0,0,258378,2785609,0,0,1083.1329352426228,0.0,1076.6262778518562,0.0
incast,1100,m,reps_no_partition,reps_dfp,reps,,0.6,2000000,5,34,99765.8,95414.80882352941,95903.1,99765.8,99765.8,88389.4,258738,2812407,0,0,258103,2793641,0,0,1086.9709899589545,0.0,1079.718093206255,0.0
incast,1100,m,reps_partition,reps_dfp,reps,-reps_partition_entropy -reps_escalate_threshold 0.2 -reps_warmup_explore_rtts 1.0 -reps_explore_prob 40,0.6,2000000,5,38,99831.1,97021.16315789476,97866.4,99831.1,99831.1,90886.6,258714,2814253,0,0,258080,2795061,0,0,1087.7853537110477,0.0,1080.367123541826,0.0
incast,1100,m,fpar,fpar,oblivious,,0.7,100000,1,770,7312.91,6199.696777922075,6473.66,7283.94,7312.91,166.453,19250,206261,0,0,19249,199834,0,0,1071.4857142857143,0.0,1038.0987012987014,0.0
incast,1100,m,reps_no_partition,reps_dfp,reps,,0.7,100000,1,770,7271.92,6119.04812337662,6381.47,7257.04,7271.92,120.521,19250,200777,0,0,19250,192197,0,0,1042.9974025974027,0.0,998.425974025974,0.0
incast,1100,m,reps_partition,reps_dfp,reps,-reps_partition_entropy -reps_escalate_threshold 0.2 -reps_warmup_explore_rtts 1.0 -reps_explore_prob 40,0.7,100000,1,770,7245.79,6013.764780519482,6198.58,7233.28,7245.79,120.771,19250,196297,0,0,19250,187645,0,0,1019.7246753246753,0.0,974.7792207792207,0.0
incast,1100,m,fpar,fpar,oblivious,,0.7,100000,2,770,7321.99,6362.229488311679,6612.51,7305.39,7321.99,133.621,19250,210612,0,0,19250,204024,0,0,1094.0883116883117,0.0,1059.864935064935,0.0
incast,1100,m,reps_no_partition,reps_dfp,reps,,0.7,100000,2,770,7267.11,6082.566610389609,6309.7,7239.84,7267.11,120.256,19250,198620,0,0,19248,190039,0,0,1031.7922077922078,0.0,987.2155844155844,0.0
incast,1100,m,reps_partition,reps_dfp,reps,-reps_partition_entropy -reps_escalate_threshold 0.2 -reps_warmup_explore_rtts 1.0 -reps_explore_prob 40,0.7,100000,2,770,7280.09,6178.017637662337,6457.87,7262.75,7280.09,119.551,19250,202906,0,0,19248,194347,0,0,1054.057142857143,0.0,1009.5948051948052,0.0
incast,1100,m,fpar,fpar,oblivious,,0.7,100000,3,770,7257.16,6036.5749610389585,6367.24,7252.55,7257.16,1255.43,19250,198574,0,0,19243,192132,0,0,1031.5532467532466,0.0,998.0883116883117,0.0
incast,1100,m,reps_no_partition,reps_dfp,reps,,0.7,100000,3,770,7292.25,6083.022080519483,6290.2,7271.66,7292.25,126.408,19250,202950,0,0,19244,194466,0,0,1054.2857142857142,0.0,1010.212987012987,0.0
incast,1100,m,reps_partition,reps_dfp,reps,-reps_partition_entropy -reps_escalate_threshold 0.2 -reps_warmup_explore_rtts 1.0 -reps_explore_prob 40,0.7,100000,3,770,7353.86,6436.847566233763,6651.11,7329.93,7353.86,124.614,19250,214214,0,0,19241,205645,0,0,1112.8,0.0,1068.2857142857142,0.0
incast,1100,m,fpar,fpar,oblivious,,0.7,100000,4,770,7296.87,6053.881616883124,6201.31,7288.12,7296.87,632.608,19250,204987,0,0,19245,198505,0,0,1064.8675324675326,0.0,1031.1948051948052,0.0
incast,1100,m,reps_no_partition,reps_dfp,reps,,0.7,100000,4,770,7265.3,5910.674174025974,6089.24,7242.16,7265.3,130.147,19250,196794,0,0,19241,188344,0,0,1022.3064935064936,0.0,978.4103896103896,0.0
incast,1100,m,reps_partition,reps_dfp,reps,-reps_partition_entropy -reps_escalate_threshold 0.2 -reps_warmup_explore_rtts 1.0 -reps_explore_prob 40,0.7,100000,4,770,7330.8,6232.273500000006,6440.07,7308.61,7330.8,129.61,19250,210188,0,0,19244,201624,0,0,1091.8857142857144,0.0,1047.3974025974026,0.0
incast,1100,m,fpar,fpar,oblivious,,0.7,100000,5,770,7379.21,6270.996799999999,6518.96,7365.71,7379.21,349.568,19250,220719,0,0,19241,214090,0,0,1146.5922077922078,0.0,1112.155844155844,0.0
incast,1100,m,reps_no_partition,reps_dfp,reps,,0.7,100000,5,770,7328.4,6226.296444155844,6494.92,7305.43,7328.4,132.313,19250,208777,0,0,19241,200210,0,0,1084.5558441558442,0.0,1040.051948051948,0.0
incast,1100,m,reps_partition,reps_dfp,reps,-reps_partition_entropy -reps_escalate_threshold 0.2 -reps_warmup_explore_rtts 1.0 -reps_explore_prob 40,0.7,100000,5,770,7293.54,6125.0519298701265,6401.9,7276.9,7293.54,124.834,19250,204627,0,0,19242,195994,0,0,1062.9974025974027,0.0,1018.1506493506494,0.0
incast,1100,m,fpar,fpar,oblivious,,0.7,500000,1,770,35696.4,28739.915883116882,29202.7,35680.8,35696.4,7719.97,94710,880888,0,0,94643,858473,0,0,930.0897476507232,0.0,906.4227642276422,0.0
incast,1100,m,reps_no_partition,reps_dfp,reps,,0.7,500000,1,770,36495.5,32910.59766233769,34610.7,36467.8,36495.5,15992.5,94710,1035355,0,0,94650,1011144,0,0,1093.1844578186042,0.0,1067.6211593284763,0.0
incast,1100,m,reps_partition,reps_dfp,reps,-reps_partition_entropy -reps_escalate_threshold 0.2 -reps_warmup_explore_rtts 1.0 -reps_explore_prob 40,0.7,500000,1,770,36546.5,33649.03311688311,34431.8,36528.4,36546.5,18880.7,94710,1046495,0,0,94652,1021985,0,0,1104.9466793369234,0.0,1079.0676802871924,0.0
incast,1100,m,fpar,fpar,oblivious,,0.7,500000,2,770,36076.7,30797.098441558475,30796.1,36057.0,36076.7,20123.6,94710,953783,0,0,94632,931256,0,0,1007.056277056277,0.0,983.2710379051842,0.0
incast,1100,m,reps_no_partition,reps_dfp,reps,,0.7,500000,2,770,36627.9,33992.66064935068,34818.1,36593.3,36627.9,17691.3,94710,1059200,0,0,94643,1034978,0,0,1118.3613134832647,0.0,1092.7864005912786,0.0
incast,1100,m,reps_partition,reps_dfp,reps,-reps_partition_entropy -reps_escalate_threshold 0.2 -reps_warmup_explore_rtts 1.0 -reps_explore_prob 40,0.7,500000,2,770,36614.3,34004.33935064933,34870.7,36594.7,36614.3,16062.2,94710,1059198,0,0,94646,1034762,0,0,1118.3592017738358,0.0,1092.55833597297,0.0
incast,1100,m,fpar,fpar,oblivious,,0.7,500000,3,770,36015.3,30062.439870129885,30342.1,35980.0,36015.3,17913.3,94710,938955,0,0,94585,916639,0,0,991.4000633512828,0.0,967.8376095449266,0.0
incast,1100,m,reps_no_partition,reps_dfp,reps,,0.7,500000,3,770,36510.7,32406.818311688327,34362.1,36484.7,36510.7,14651.4,94710,1035033,0,0,94660,1011052,0,0,1092.8444726005703,0.0,1067.5240206947524,0.0
incast,1100,m,reps_partition,reps_dfp,reps,-reps_partition_entropy -reps_escalate_threshold 0.2 -reps_warmup_explore_rtts 1.0 -reps_explore_prob 40,0.7,500000,3,770,36655.7,34051.76714285715,34970.8,36642.7,36655.7,18373.4,94710,1065160,0,0,94636,1040876,0,0,1124.6542075810369,0.0,1099.0138316967584,0.0
incast,1100,m,fpar,fpar,oblivious,,0.7,500000,4,770,36098.3,30071.781662337675,30144.1,36075.6,36098.3,5548.86,94710,957479,0,0,94587,935158,0,0,1010.9587160806673,0.0,987.3909830007391,0.0
incast,1100,m,reps_no_partition,reps_dfp,reps,,0.7,500000,4,770,36496.7,32415.0077922078,33870.5,36472.2,36496.7,17107.7,94710,1034299,0,0,94643,1010202,0,0,1092.0694752402069,0.0,1066.6265441875198,0.0
incast,1100,m,reps_partition,reps_dfp,reps,-reps_partition_entropy -reps_escalate_threshold 0.2 -reps_warmup_explore_rtts 1.0 -reps_explore_prob 40,0.7,500000,4,770,36600.4,33225.17285714285,34786.9,36563.1,36600.4,17648.2,94710,1052230,0,0,94643,1027817,0,0,1111.0020061239572,0.0,1085.2254249815226,0.0
incast,1100,m,fpar,fpar,oblivious,,0.7,500000,5,770,36221.1,30228.345103896096,31097.5,36210.1,36221.1,4665.99,94710,981882,0,0,94656,959534,0,0,1036.7247386759582,0.0,1013.1284975187414,0.0
incast,1100,m,reps_no_partition,reps_dfp,reps,,0.7,500000,5,770,36645.3,34009.39467532469,34982.2,36616.3,36645.3,14563.1,94710,1064542,0,0,94652,1040552,0,0,1124.0016893675431,0.0,1098.6717347692957,0.0
incast,1100,m,reps_partition,reps_dfp,reps,-reps_partition_entropy -reps_escalate_threshold 0.2 -reps_warmup_explore_rtts 1.0 -reps_explore_prob 40,0.7,500000,5,770,36694.0,34138.63779220781,35307.7,36659.7,36694.0,18393.4,94710,1071217,0,0,94631,1046848,0,0,1131.049519586105,0.0,1105.3193960511035,0.0
incast,1100,m,fpar,fpar,oblivious,,0.7,2000000,1,140,99982.5,83069.95214285712,92584.4,99946.9,99982.5,36187.3,257757,2884185,0,0,257120,2861776,0,0,1118.9550623261443,0.0,1110.2612150203486,0.0
incast,1100,m,reps_no_partition,reps_dfp,reps,,0.7,2000000,1,5,72226.4,65864.45999999999,63807.8,72226.4,72226.4,62038.8,255831,3014546,0,0,255064,2990335,0,0,1178.334916409661,0.0,1168.871247034175,0.0
incast,1100,m,reps_partition,reps_dfp,reps,-reps_partition_entropy -reps_escalate_threshold 0.2 -reps_warmup_explore_rtts 1.0 -reps_explore_prob 40,0.7,2000000,1,5,74216.3,69226.62,67754.8,74216.3,74216.3,63849.8,255821,3015485,0,0,255053,2990975,0,0,1178.7480308496956,0.0,1169.1671129422525,0.0
incast,1100,m,fpar,fpar,oblivious,,0.7,2000000,2,57,99851.4,95585.09824561406,95992.3,99851.4,99851.4,87072.8,255823,3012412,0,0,255099,2989892,0,0,1177.5375943523452,0.0,1168.734632929799,0.0
incast,1100,m,reps_no_partition,reps_dfp,reps,,0.7,2000000,2,6,66484.9,61277.81666666667,62836.3,66484.9,66484.9,56873.9,255705,3022746,0,0,254935,2998524,0,0,1182.1223675720069,0.0,1172.6497330908664,0.0
incast,1100,m,reps_partition,reps_dfp,reps,-reps_partition_entropy -reps_escalate_threshold 0.2 -reps_warmup_explore_rtts 1.0 -reps_explore_prob 40,0.7,2000000,2,6,73524.7,64022.93333333334,63591.8,73524.7,73524.7,57518.9,255788,3017464,0,0,255018,2993028,0,0,1179.6737923592975,0.0,1170.1205685958685,0.0
incast,1100,m,fpar,fpar,oblivious,,0.7,2000000,3,134,99261.6,91018.0850746269,91466.2,98829.3,99261.6,71775.5,255740,3012680,0,0,255096,2990364,0,0,1178.0245561898803,0.0,1169.2985062954563,0.0
incast,1100,m,reps_no_partition,reps_dfp,reps,,0.7,2000000,3,7,64509.0,58948.74285714286,57935.3,64509.0,64509.0,56757.7,255571,3028436,0,0,254800,3004455,0,0,1184.9685605956856,0.0,1175.5852581083143,0.0
incast,1100,m,reps_partition,reps_dfp,reps,-reps_partition_entropy -reps_escalate_threshold 0.2 -reps_warmup_explore_rtts 1.0 -reps_explore_prob 40,0.7,2000000,3,7,64902.8,61353.42857142857,62108.5,64902.8,64902.8,58032.8,255591,3026362,0,0,254818,3002078,0,0,1184.0643841136816,0.0,1174.5632670946943,0.0
incast,1100,m,fpar,fpar,oblivious,,0.7,2000000,4,101,99991.4,87256.00297029704,91604.6,99891.0,99991.4,26086.1,255309,3042303,0,0,254633,3019982,0,0,1191.616041737659,0.0,1182.8733025471097,0.0
incast,1100,m,reps_no_partition,reps_dfp,reps,,0.7,2000000,4,8,57170.8,54486.45,55401.4,57170.8,57170.8,50232.2,255541,3030385,0,0,254769,3006288,0,0,1185.8703691384162,0.0,1176.4405711803586,0.0
incast,1100,m,reps_partition,reps_dfp,reps,-reps_partition_entropy -reps_escalate_threshold 0.2 -reps_warmup_explore_rtts 1.0 -reps_explore_prob 40,0.7,2000000,4,8,63077.2,56731.200000000004,55872.2,63077.2,63077.2,53755.5,255567,3028839,0,0,254797,3004426,0,0,1185.1447956895843,0.0,1175.5923104313154,0.0
incast,1100,m,fpar,fpar,oblivious,,0.7,2000000,5,98,99885.6,81045.56122448981,79689.1,99885.6,99885.6,21617.4,254180,3115771,0,0,253501,3093423,0,0,1225.8128098198126,0.0,1217.0206153119836,0.0
incast,1100,m,reps_no_partition,reps_dfp,reps,,0.7,2000000,5,7,60612.5,57402.78571428572,59371.7,60612.5,60612.5,49624.0,255626,3026973,0,0,254835,3002983,0,0,1184.1412845328723,0.0,1174.7564801702488,0.0
incast,1100,m,reps_partition,reps_dfp,reps,-reps_partition_entropy -reps_escalate_threshold 0.2 -reps_warmup_explore_rtts 1.0 -reps_explore_prob 40,0.7,2000000,5,7,66018.1,61019.68571428572,60429.0,66018.1,66018.1,57173.4,255612,3026427,0,0,254830,3002058,0,0,1183.9925355617106,0.0,1174.458945589409,0.0
incast,1100,m,fpar,fpar,oblivious,,0.8,100000,1,880,8552.04,7254.945467045448,7598.6,8525.89,8552.04,128.888,22000,277155,0,0,21994,267936,0,0,1259.7954545454545,0.0,1217.8909090909092,0.0
incast,1100,m,reps_no_partition,reps_dfp,reps,,0.8,100000,1,880,8408.71,7531.5899465909115,7842.24,8387.11,8408.71,117.813,22000,250788,0,0,21997,239583,0,0,1139.9454545454546,0.0,1089.0136363636364,0.0
incast,1100,m,reps_partition,reps_dfp,reps,-reps_partition_entropy -reps_escalate_threshold 0.2 -reps_warmup_explore_rtts 1.0 -reps_explore_prob 40,0.8,100000,1,880,8418.42,7531.479712500002,7775.11,8405.52,8418.42,116.245,22000,253095,0,0,21989,241874,0,0,1150.4318181818182,0.0,1099.4272727272728,0.0
incast,1100,m,fpar,fpar,oblivious,,0.8,100000,2,880,8551.58,7454.917777272731,7773.08,8539.09,8551.58,418.574,22000,278030,0,0,21992,268655,0,0,1263.7727272727273,0.0,1221.159090909091,0.0
incast,1100,m,reps_no_partition,reps_dfp,reps,,0.8,100000,2,880,8435.97,7496.8742136363635,7774.77,8416.14,8435.97,126.357,22000,253937,0,0,21990,242864,0,0,1154.259090909091,0.0,1103.9272727272728,0.0
incast,1100,m,reps_partition,reps_dfp,reps,-reps_partition_entropy -reps_escalate_threshold 0.2 -reps_warmup_explore_rtts 1.0 -reps_explore_prob 40,0.8,100000,2,880,8434.61,7553.767206818182,7805.98,8419.46,8434.61,127.208,22000,255563,0,0,21992,244396,0,0,1161.65,0.0,1110.8909090909092,0.0
incast,1100,m,fpar,fpar,oblivious,,0.8,100000,3,880,8528.36,7304.099328409083,7623.86,8513.38,8528.36,126.697,22000,273657,0,0,21990,264364,0,0,1243.8954545454546,0.0,1201.6545454545455,0.0
incast,1100,m,reps_no_partition,reps_dfp,reps,,0.8,100000,3,880,8446.56,7504.994131818179,7779.89,8426.44,8446.56,296.335,22000,255399,0,0,21993,244272,0,0,1160.9045454545455,0.0,1110.3272727272727,0.0
incast,1100,m,reps_partition,reps_dfp,reps,-reps_partition_entropy -reps_escalate_threshold 0.2 -reps_warmup_explore_rtts 1.0 -reps_explore_prob 40,0.8,100000,3,880,8438.85,7542.5955340909095,7788.9,8418.96,8438.85,136.579,22000,254991,0,0,21997,243829,0,0,1159.05,0.0,1108.3136363636363,0.0
incast,1100,m,fpar,fpar,oblivious,,0.8,100000,4,880,8526.49,7264.157034090903,7661.63,8510.23,8526.49,715.173,22000,271869,0,0,21995,262533,0,0,1235.7681818181818,0.0,1193.331818181818,0.0
incast,1100,m,reps_no_partition,reps_dfp,reps,,0.8,100000,4,880,8455.63,7523.5118431818255,7795.08,8434.09,8455.63,235.51,22000,256866,0,0,21994,245715,0,0,1167.5727272727272,0.0,1116.8863636363637,0.0
incast,1100,m,reps_partition,reps_dfp,reps,-reps_partition_entropy -reps_escalate_threshold 0.2 -reps_warmup_explore_rtts 1.0 -reps_explore_prob 40,0.8,100000,4,880,8451.87,7531.416295454546,7800.87,8436.24,8451.87,1080.51,22000,256458,0,0,21994,245300,0,0,1165.7181818181818,0.0,1115.0,0.0
incast,1100,m,fpar,fpar,oblivious,,0.8,100000,5,880,8631.61,7319.39654659091,7618.59,8620.59,8631.61,564.259,22000,293745,0,0,21992,284309,0,0,1335.2045454545455,0.0,1292.3136363636363,0.0
incast,1100,m,reps_no_partition,reps_dfp,reps,,0.8,100000,5,880,8442.68,7558.857924999988,7817.7,8425.28,8442.68,125.719,22000,256288,0,0,21992,245099,0,0,1164.9454545454546,0.0,1114.0863636363636,0.0
incast,1100,m,reps_partition,reps_dfp,reps,-reps_partition_entropy -reps_escalate_threshold 0.2 -reps_warmup_explore_rtts 1.0 -reps_explore_prob 40,0.8,100000,5,880,8465.15,7575.62419318181,7851.03,8445.35,8465.15,1373.8,22000,257908,0,0,21992,246659,0,0,1172.3090909090909,0.0,1121.1772727272728,0.0
incast,1100,m,fpar,fpar,oblivious,,0.8,500000,1,880,42531.8,37416.961397727275,38555.8,42504.9,42531.8,4731.4,108240,1347302,0,0,108102,1319544,0,0,1244.7357723577236,0.0,1219.090909090909,0.0
incast,1100,m,reps_no_partition,reps_dfp,reps,,0.8,500000,1,880,42095.2,39668.143943181865,40599.5,42016.2,42095.2,9569.37,108240,1250949,0,0,108175,1221724,0,0,1155.7178492239468,0.0,1128.7176644493718,0.0
incast,1100,m,reps_partition,reps_dfp,reps,-reps_partition_entropy -reps_escalate_threshold 0.2 -reps_warmup_explore_rtts 1.0 -reps_explore_prob 40,0.8,500000,1,880,42044.9,39791.87124999996,40618.0,42021.1,42044.9,17349.5,108240,1252719,0,0,108188,1223213,0,0,1157.3531042128602,0.0,1130.0933111603842,0.0
incast,1100,m,fpar,fpar,oblivious,,0.8,500000,2,880,42463.1,38080.75097727273,39972.5,42430.2,42463.1,4857.85,108240,1329754,0,0,108160,1301937,0,0,1228.5236511456023,0.0,1202.8242793791574,0.0
incast,1100,m,reps_no_partition,reps_dfp,reps,,0.8,500000,2,880,42050.5,39607.97715909088,40536.8,42020.6,42050.5,12549.3,108240,1250424,0,0,108192,1221324,0,0,1155.2328159645233,0.0,1128.3481152993347,0.0
incast,1100,m,reps_partition,reps_dfp,reps,-reps_partition_entropy -reps_escalate_threshold 0.2 -reps_warmup_explore_rtts 1.0 -reps_explore_prob 40,0.8,500000,2,880,42073.3,39624.49488636363,40552.6,42026.1,42073.3,10518.3,108240,1252013,0,0,108191,1222492,0,0,1156.7008499630451,0.0,1129.4271988174428,0.0
incast,1100,m,fpar,fpar,oblivious,,0.8,500000,3,880,42533.6,38075.27539772728,39317.5,42494.3,42533.6,4687.97,108240,1344044,0,0,108145,1316354,0,0,1241.7257945306726,0.0,1216.1437546193645,0.0
incast,1100,m,reps_no_partition,reps_dfp,reps,,0.8,500000,3,880,42095.8,39774.95954545459,40699.2,42071.1,42095.8,19042.9,108240,1258306,0,0,108206,1229340,0,0,1162.5147819660015,0.0,1135.7538802660754,0.0
incast,1100,m,reps_partition,reps_dfp,reps,-reps_partition_entropy -reps_escalate_threshold 0.2 -reps_warmup_explore_rtts 1.0 -reps_explore_prob 40,0.8,500000,3,880,42040.1,39544.604306818204,40539.5,41995.3,42040.1,7234.92,108240,1247764,0,0,108172,1218417,0,0,1152.7753141167775,0.0,1125.6624168514413,0.0
incast,1100,m,fpar,fpar,oblivious,,0.8,500000,4,880,42570.9,38318.613193181845,39242.9,42552.6,42570.9,4996.33,108240,1353731,0,0,108164,1326135,0,0,1250.6753510716926,0.0,1225.180155210643,0.0
incast,1100,m,reps_no_partition,reps_dfp,reps,,0.8,500000,4,880,42075.7,39632.01772727275,40669.6,42044.0,42075.7,10433.4,108240,1253178,0,0,108193,1224091,0,0,1157.7771618625277,0.0,1130.9044715447155,0.0
incast,1100,m,reps_partition,reps_dfp,reps,-reps_partition_entropy -reps_escalate_threshold 0.2 -reps_warmup_explore_rtts 1.0 -reps_explore_prob 40,0.8,500000,4,880,42111.3,39701.01113636362,40701.6,42055.8,42111.3,15956.8,108240,1258783,0,0,108178,1229437,0,0,1162.9554693274206,0.0,1135.8434959349593,0.0
incast,1100,m,fpar,fpar,oblivious,,0.8,500000,5,880,42479.0,35562.16243181819,37230.7,42446.2,42479.0,5078.66,108240,1334050,0,0,108143,1306272,0,0,1232.4926090169993,0.0,1206.8292682926829,0.0
incast,1100,m,reps_no_partition,reps_dfp,reps,,0.8,500000,5,880,42078.2,39803.56295454549,40766.3,42047.0,42078.2,14615.2,108240,1256738,0,0,108183,1227660,0,0,1161.0661492978566,0.0,1134.2017738359202,0.0
incast,1100,m,reps_partition,reps_dfp,reps,-reps_partition_entropy -reps_escalate_threshold 0.2 -reps_warmup_explore_rtts 1.0 -reps_explore_prob 40,0.8,500000,5,880,42047.9,39583.70420454543,40470.5,42019.5,42047.9,10674.3,108240,1250823,0,0,108165,1221289,0,0,1155.601441241685,0.0,1128.3157797487065,0.0
incast,1100,m,fpar,fpar,oblivious,,0.8,2000000,1,26,96437.3,66842.73076923078,66118.5,96437.3,96437.3,23895.9,247796,3545771,0,0,246933,3518013,0,0,1430.9234208784646,0.0,1419.7214644304186,0.0
incast,1100,m,reps_no_partition,reps_dfp,reps,,0.8,2000000,1,6,89425.7,77497.31666666667,77130.9,89425.7,89425.7,70141.6,255544,3044671,0,0,254650,3015447,0,0,1191.4468741195253,0.0,1180.0108787527784,0.0
incast,1100,m,reps_partition,reps_dfp,reps,-reps_partition_entropy -reps_escalate_threshold 0.2 -reps_warmup_explore_rtts 1.0 -reps_explore_prob 40,0.8,2000000,1,4,95664.2,89329.65,92642.1,95664.2,95664.2,81421.4,255498,3048393,0,0,254605,3018887,0,0,1193.1181457389098,0.0,1181.5697187453522,0.0
incast,1100,m,fpar,fpar,oblivious,,0.8,2000000,2,7,21385.0,20829.085714285717,21056.1,21385.0,21385.0,19734.1,249734,3418922,0,0,248854,3391105,0,0,1369.025443071428,0.0,1357.8867915462051,0.0
incast,1100,m,reps_no_partition,reps_dfp,reps,,0.8,2000000,2,7,79811.2,67649.25714285714,64491.8,79811.2,79811.2,59865.7,255503,3045630,0,0,254619,3016530,0,0,1192.0134010168179,0.0,1180.6241022610302,0.0
incast,1100,m,reps_partition,reps_dfp,reps,-reps_partition_entropy -reps_escalate_threshold 0.2 -reps_warmup_explore_rtts 1.0 -reps_explore_prob 40,0.8,2000000,2,7,75356.8,65861.15714285715,65163.2,75356.8,75356.8,58584.5,255475,3046528,0,0,254595,3017007,0,0,1192.495547509541,0.0,1180.940209413837,0.0
incast,1100,m,fpar,fpar,oblivious,,0.8,2000000,3,8,21784.2,21162.100000000002,21272.0,21784.2,21784.2,20352.0,249263,3449747,0,0,248382,3422057,0,0,1383.9787694122272,0.0,1372.8700208213813,0.0
incast,1100,m,reps_no_partition,reps_dfp,reps,,0.8,2000000,3,8,83364.3,69422.67500000002,66921.1,83364.3,83364.3,64514.1,255457,3047620,0,0,254579,3018654,0,0,1193.0070422810884,0.0,1181.6681476726023,0.0
incast,1100,m,reps_partition,reps_dfp,reps,-reps_partition_entropy -reps_escalate_threshold 0.2 -reps_warmup_explore_rtts 1.0 -reps_explore_prob 40,0.8,2000000,3,8,62328.6,53253.53749999999,52406.8,62328.6,62328.6,48326.0,255627,3037228,0,0,254749,3007881,0,0,1188.1483567854725,0.0,1176.6679576101117,0.0
incast,1100,m,fpar,fpar,oblivious,,0.8,2000000,4,9,20836.3,20711.61111111111,20687.3,20836.3,20836.3,20664.0,249466,3436226,0,0,248589,3408630,0,0,1377.4325960251097,0.0,1366.370567532249,0.0
incast,1100,m,reps_no_partition,reps_dfp,reps,,0.8,2000000,4,9,62493.3,51906.277777777774,50309.0,62493.3,62493.3,47152.1,255603,3038552,0,0,254724,3009465,0,0,1188.7779094924551,0.0,1177.3981526038426,0.0
incast,1100,m,reps_partition,reps_dfp,reps,-reps_partition_entropy -reps_escalate_threshold 0.2 -reps_warmup_explore_rtts 1.0 -reps_explore_prob 40,0.8,2000000,4,9,79497.7,61002.98888888889,59251.9,79497.7,79497.7,55698.0,255489,3046586,0,0,254610,3017240,0,0,1192.4529040389214,0.0,1180.9666952393254,0.0
incast,1100,m,fpar,fpar,oblivious,,0.8,2000000,5,9,98794.2,43656.5,28396.3,98794.2,98794.2,27399.6,246027,3673635,0,0,244933,3646070,0,0,1493.183674962504,0.0,1481.9796201229947,0.0
incast,1100,m,reps_no_partition,reps_dfp,reps,,0.8,2000000,5,7,88140.4,75342.47142857141,73979.9,88140.4,88140.4,67388.2,255510,3045683,0,0,254628,3016605,0,0,1192.0014872216352,0.0,1180.621110719737,0.0
incast,1100,m,reps_partition,reps_dfp,reps,-reps_partition_entropy -reps_escalate_threshold 0.2 -reps_warmup_explore_rtts 1.0 -reps_explore_prob 40,0.8,2000000,5,7,74401.9,69077.44285714286,68260.1,74401.9,74401.9,64822.1,255523,3044551,0,0,254633,3015017,0,0,1191.4978299409447,0.0,1179.9395749110647,0.0
incast,1100,m,fpar,fpar,oblivious,,0.9,100000,1,990,9975.08,8463.402756565643,8875.36,9960.11,9975.08,496.349,24750,384725,0,0,24741,372619,0,0,1554.4444444444443,0.0,1505.531313131313,0.0
incast,1100,m,reps_no_partition,reps_dfp,reps,,0.9,100000,1,990,9639.72,8596.270036363621,8876.38,9606.83,9639.72,135.638,24750,315008,0,0,24742,301186,0,0,1272.759595959596,0.0,1216.9131313131313,0.0
incast,1100,m,reps_partition,reps_dfp,reps,-reps_partition_entropy -reps_escalate_threshold 0.2 -reps_warmup_explore_rtts 1.0 -reps_explore_prob 40,0.9,100000,1,990,9667.84,8618.830983838387,8939.46,9640.36,9667.84,295.472,24750,320728,0,0,24742,306827,0,0,1295.870707070707,0.0,1239.7050505050504,0.0
incast,1100,m,fpar,fpar,oblivious,,0.9,100000,2,990,9977.83,8587.562747474753,9040.63,9963.18,9977.83,3478.1,24750,384569,0,0,24746,372371,0,0,1553.8141414141414,0.0,1504.529292929293,0.0
incast,1100,m,reps_no_partition,reps_dfp,reps,,0.9,100000,2,990,9650.54,8590.419714141422,8917.44,9607.41,9650.54,136.843,24750,315842,0,0,24743,302050,0,0,1276.129292929293,0.0,1220.4040404040404,0.0
incast,1100,m,reps_partition,reps_dfp,reps,-reps_partition_entropy -reps_escalate_threshold 0.2 -reps_warmup_explore_rtts 1.0 -reps_explore_prob 40,0.9,100000,2,990,9625.13,8587.180598989902,8897.92,9610.09,9625.13,554.678,24750,315791,0,0,24744,301961,0,0,1275.9232323232322,0.0,1220.0444444444445,0.0
incast,1100,m,fpar,fpar,oblivious,,0.9,100000,3,990,9999.71,8574.109191919195,9071.64,9974.72,9999.71,1165.98,24750,387077,0,0,24745,374953,0,0,1563.9474747474746,0.0,1514.9616161616161,0.0
incast,1100,m,reps_no_partition,reps_dfp,reps,,0.9,100000,3,990,9630.11,8599.738290909085,8886.52,9612.13,9630.11,116.508,24750,316552,0,0,24740,302806,0,0,1278.9979797979797,0.0,1223.4585858585858,0.0
incast,1100,m,reps_partition,reps_dfp,reps,-reps_partition_entropy -reps_escalate_threshold 0.2 -reps_warmup_explore_rtts 1.0 -reps_explore_prob 40,0.9,100000,3,990,9659.84,8577.334427272723,8909.73,9609.84,9659.84,115.354,24750,316197,0,0,24739,302391,0,0,1277.5636363636363,0.0,1221.7818181818182,0.0
incast,1100,m,fpar,fpar,oblivious,,0.9,100000,4,990,9988.47,8605.809060606067,9029.34,9971.82,9988.47,2504.3,24750,385291,0,0,24745,373131,0,0,1556.731313131313,0.0,1507.6,0.0
incast,1100,m,reps_no_partition,reps_dfp,reps,,0.9,100000,4,990,9639.99,8647.985276767678,8961.85,9623.79,9639.99,593.744,24750,317893,0,0,24745,304125,0,0,1284.4161616161616,0.0,1228.7878787878788,0.0
incast,1100,m,reps_partition,reps_dfp,reps,-reps_partition_entropy -reps_escalate_threshold 0.2 -reps_warmup_explore_rtts 1.0 -reps_explore_prob 40,0.9,100000,4,990,9641.6,8600.62354242424,8926.16,9618.5,9641.6,408.103,24750,317277,0,0,24743,303477,0,0,1281.9272727272728,0.0,1226.169696969697,0.0
incast,1100,m,fpar,fpar,oblivious,,0.9,100000,5,990,10011.5,8380.692959595961,8837.91,9997.69,10011.5,631.78,24750,391491,0,0,24746,379241,0,0,1581.7818181818182,0.0,1532.2868686868687,0.0
incast,1100,m,reps_no_partition,reps_dfp,reps,,0.9,100000,5,990,9627.37,8581.313671717184,8880.87,9616.33,9627.37,133.241,24750,316085,0,0,24744,302323,0,0,1277.111111111111,0.0,1221.5070707070706,0.0
incast,1100,m,reps_partition,reps_dfp,reps,-reps_partition_entropy -reps_escalate_threshold 0.2 -reps_warmup_explore_rtts 1.0 -reps_explore_prob 40,0.9,100000,5,990,9640.18,8581.903887878785,8880.72,9618.55,9640.18,166.17,24750,316533,0,0,24742,302613,0,0,1278.9212121212122,0.0,1222.678787878788,0.0
incast,1100,m,fpar,fpar,oblivious,,0.9,500000,1,990,49912.8,43828.9266666667,45260.4,49879.5,49912.8,16266.3,121770,1920289,0,0,121666,1887152,0,0,1576.9803728340314,0.0,1549.7675946456434,0.0
incast,1100,m,reps_no_partition,reps_dfp,reps,,0.9,500000,1,990,48060.1,45467.533808080785,46488.2,48024.1,48060.1,3260.03,121770,1557118,0,0,121716,1522848,0,0,1278.736963127207,0.0,1250.5937423010594,0.0
incast,1100,m,reps_partition,reps_dfp,reps,-reps_partition_entropy -reps_escalate_threshold 0.2 -reps_warmup_explore_rtts 1.0 -reps_explore_prob 40,0.9,500000,1,990,48067.6,45468.37757575766,46589.1,48032.4,48067.6,5054.67,121770,1555913,0,0,121732,1521304,0,0,1277.7473926254413,0.0,1249.325778106266,0.0
incast,1100,m,fpar,fpar,oblivious,,0.9,500000,2,990,49819.1,44219.94838383838,46709.5,49797.8,49819.1,25806.6,121770,1903249,0,0,121676,1870133,0,0,1562.986778352632,0.0,1535.7912457912457,0.0
incast,1100,m,reps_no_partition,reps_dfp,reps,,0.9,500000,2,990,48062.5,45384.39596969695,46508.9,48021.7,48062.5,4813.51,121770,1555382,0,0,121708,1521246,0,0,1277.3113246283979,0.0,1249.2781473269279,0.0
incast,1100,m,reps_partition,reps_dfp,reps,-reps_partition_entropy -reps_escalate_threshold 0.2 -reps_warmup_explore_rtts 1.0 -reps_explore_prob 40,0.9,500000,2,990,48065.6,45418.99781818184,46508.8,48020.0,48065.6,4531.26,121770,1556219,0,0,121718,1521723,0,0,1277.9986860474664,0.0,1249.669869425967,0.0
incast,1100,m,fpar,fpar,oblivious,,0.9,500000,3,990,49871.4,44199.0829292929,46814.2,49850.3,49871.4,12952.4,121770,1912704,0,0,121703,1879581,0,0,1570.751416605075,0.0,1543.550135501355,0.0
incast,1100,m,reps_no_partition,reps_dfp,reps,,0.9,500000,3,990,48065.9,45464.21087878786,46570.8,48022.9,48065.9,4736.64,121770,1555360,0,0,121715,1521209,0,0,1277.2932577810627,0.0,1249.2477621745913,0.0
incast,1100,m,reps_partition,reps_dfp,reps,-reps_partition_entropy -reps_escalate_threshold 0.2 -reps_warmup_explore_rtts 1.0 -reps_explore_prob 40,0.9,500000,3,990,48040.8,45404.22199999997,46447.4,48008.5,48040.8,2944.02,121770,1554069,0,0,121706,1519604,0,0,1276.2330623306234,0.0,1247.9297035394595,0.0
incast,1100,m,fpar,fpar,oblivious,,0.9,500000,4,990,50045.0,45055.02808080805,46856.2,50016.8,50045.0,26861.4,121770,1945213,0,0,121684,1912171,0,0,1597.448468424078,0.0,1570.3137061673647,0.0
incast,1100,m,reps_no_partition,reps_dfp,reps,,0.9,500000,4,990,48071.2,45401.67968686879,46463.4,48020.8,48071.2,4842.02,121770,1555308,0,0,121720,1521231,0,0,1277.250554323725,0.0,1249.2658290219265,0.0
incast,1100,m,reps_partition,reps_dfp,reps,-reps_partition_entropy -reps_escalate_threshold 0.2 -reps_warmup_explore_rtts 1.0 -reps_explore_prob 40,0.9,500000,4,990,48066.3,45317.84019191923,46452.6,48009.6,48066.3,4913.9,121770,1552545,0,0,121713,1518075,0,0,1274.9815225424982,0.0,1246.6740576496675,0.0
incast,1100,m,fpar,fpar,oblivious,,0.9,500000,5,990,49937.3,42995.53808080809,45459.1,49892.9,49937.3,10564.6,121770,1923112,0,0,121665,1889917,0,0,1579.298677835263,0.0,1552.0382688675372,0.0
incast,1100,m,reps_no_partition,reps_dfp,reps,,0.9,500000,5,990,48067.9,45441.13517171716,46406.2,48024.2,48067.9,4076.1,121770,1555972,0,0,121724,1521823,0,0,1277.795844625113,0.0,1249.7519914593086,0.0
incast,1100,m,reps_partition,reps_dfp,reps,-reps_partition_entropy -reps_escalate_threshold 0.2 -reps_warmup_explore_rtts 1.0 -reps_explore_prob 40,0.9,500000,5,990,48080.3,45466.131939393956,46527.5,48046.4,48080.3,4989.66,121770,1559047,0,0,121710,1524391,0,0,1280.3210971503654,0.0,1251.8608852755194,0.0
incast,1100,m,fpar,fpar,oblivious,,0.9,2000000,1,17,99854.2,93237.36470588236,94058.5,99854.2,99854.2,82912.3,234266,4435208,0,0,233287,4402071,0,0,1893.2358942398812,0.0,1879.0908625237978,0.0
incast,1100,m,reps_no_partition,reps_dfp,reps,,0.9,2000000,1,7,21875.7,20874.057142857142,21257.6,21875.7,21875.7,19237.6,251553,3315746,0,0,250555,3281476,0,0,1318.1102988237071,0.0,1304.4869272081828,0.0
incast,1100,m,reps_partition,reps_dfp,reps,-reps_partition_entropy -reps_escalate_threshold 0.2 -reps_warmup_explore_rtts 1.0 -reps_explore_prob 40,0.9,2000000,1,7,21731.8,21299.600000000002,21268.9,21731.8,21731.8,20855.6,251553,3312627,0,0,250560,3278018,0,0,1316.8704010685622,0.0,1303.1122665998814,0.0
incast,1100,m,reps_no_partition,reps_dfp,reps,,0.9,2000000,2,9,21952.1,21021.955555555556,20851.6,21952.1,21952.1,20451.1,251560,3312900,0,0,250573,3278764,0,0,1316.9422801717285,0.0,1303.3725552552075,0.0
incast,1100,m,reps_partition,reps_dfp,reps,-reps_partition_entropy -reps_escalate_threshold 0.2 -reps_warmup_explore_rtts 1.0 -reps_explore_prob 40,0.9,2000000,2,9,21771.9,20891.933333333334,20800.8,21771.9,21771.9,20122.0,251531,3315640,0,0,250545,3281144,0,0,1318.1834445853592,0.0,1304.4690316501744,0.0
incast,1100,m,fpar,fpar,oblivious,,0.9,2000000,3,17,99654.7,94666.92352941177,95275.8,99654.7,99654.7,83343.7,234734,4404955,0,0,233745,4371832,0,0,1876.5730571625754,0.0,1862.4621912462617,0.0
incast,1100,m,reps_no_partition,reps_dfp,reps,,0.9,2000000,3,8,21537.8,21022.5,20929.4,21537.8,21537.8,20327.4,251615,3309179,0,0,250626,3275028,0,0,1315.1755658446436,0.0,1301.6028456173121,0.0
incast,1100,m,reps_partition,reps_dfp,reps,-reps_partition_entropy -reps_escalate_threshold 0.2 -reps_warmup_explore_rtts 1.0 -reps_explore_prob 40,0.9,2000000,3,8,21904.6,20910.7625,21122.0,21904.6,21904.6,18592.6,251587,3313471,0,0,250571,3279006,0,0,1317.027906847333,0.0,1303.3288683437538,0.0
incast,1100,m,reps_no_partition,reps_dfp,reps,,0.9,2000000,4,9,21919.7,21027.311111111114,20862.9,21919.7,21919.7,20555.4,251542,3313874,0,0,250557,3279797,0,0,1317.4237304307035,0.0,1303.8764898108468,0.0
incast,1100,m,reps_partition,reps_dfp,reps,-reps_partition_entropy -reps_escalate_threshold 0.2 -reps_warmup_explore_rtts 1.0 -reps_explore_prob 40,0.9,2000000,4,9,21481.6,20806.48888888889,20728.1,21481.6,21481.6,20247.9,251563,3312556,0,0,250574,3278086,0,0,1316.7898299829467,0.0,1303.08749696895,0.0
incast,1100,m,fpar,fpar,oblivious,,0.9,2000000,5,12,99700.1,76123.43333333332,66444.1,99700.1,99700.1,59288.3,233972,4453688,0,0,232986,4420493,0,0,1903.5132409006205,0.0,1889.3256458037713,0.0
incast,1100,m,reps_no_partition,reps_dfp,reps,,0.9,2000000,5,7,22564.2,20978.485714285718,21010.9,22564.2,22564.2,19863.4,251528,3315903,0,0,250536,3281754,0,0,1318.303727616806,0.0,1304.727107916415,0.0
incast,1100,m,reps_partition,reps_dfp,reps,-reps_partition_entropy -reps_escalate_threshold 0.2 -reps_warmup_explore_rtts 1.0 -reps_explore_prob 40,0.9,2000000,5,7,22000.7,21170.67142857143,21177.6,22000.7,22000.7,19949.6,251423,3321866,0,0,250432,3287210,0,0,1321.2259817120948,0.0,1307.442039908839,0.0
