Load balancing algorithm set to oblivious
no_of_nodes 1100
Dragonfly+ strategy: FPAR
Setting queuesize to 50 packets
endtime(us) 100000
random seed 3
Using generated Dragonfly+ tornado traffic instead of -tm
Tornado active connections 825
Tornado flow size 10000000 bytes
Packet size (MTU) is 4150
Parsed args
Logging to AAAAAsweep_reps_dfp_4config/runs/tornado_fpar_load0.75_fs10000000_seed3.dat
Setting ECN low 33200 high 120350
Dragonfly+ with medium topology type
Link latencies: 1 and switch latencies: 0
queue_id 2 ecn_low 33200 ecn_high 120350
DragonFly+ constructor done, 1100 nodes created
Generating tornado connection matrix: python3 connection_matrices/gen_tornado_dfp.py /tmp/dfp_tornado_49677.cm 1100 825 10000000 0.0 3 10 10
Nodes:  1100
Connections:  825
Flowsize:  10000000 bytes
ExtraStartTime:  0.0 us
Random Seed  3
Dragonfly+ p= 10 l= 10
group_size=100  no_groups=11  opposite group offset=5
Loading generated tornado connection matrix from /tmp/dfp_tornado_49677.cm
Nodes: 1100 Connections: 825 Triggers: 0 Failures: 0
network_max_unloaded_rtt 11.6856 us
Setting min RTO to 114.6
Per-hop RTT normalization: ON (strategy fpar)
Initializing static NSCC parameters: _reference_network_linkspeed=100000000000 _reference_network_rtt=12000000 _reference_network_bdp=150000 _target_Qdelay=8764200 _network_linkspeed=100000000000 _network_rtt=11685600 _network_bdp=146070 _qa_gate=2^3 _qa_threshold=3.50568e+07 _scaling_factor_a=0.9738 _scaling_factor_b=0.73035 _alpha=0.00132632 _fi=19894.7 _eta=596.842 _qa_scaling=1 _gamma=0.8 _fi_scale=0.24345 _delay_alpha=0.0125 _adjust_period_threshold=11685600 _adjust_bytes_threshold=33200
Initialize per-instance NSCC parameters: flowid 1 _base_rtt=11685600 _base_bdp=146070 _bdp=146070 _min_cwnd=4150 _maxwnd=219105 _cwnd=219105
Initialize per-instance NSCC parameters: flowid 2 _base_rtt=11685600 _base_bdp=146070 _bdp=146070 _min_cwnd=4150 _maxwnd=219105 _cwnd=219105
Initialize per-instance NSCC parameters: flowid 3 _base_rtt=11685600 _base_bdp=146070 _bdp=146070 _min_cwnd=4150 _maxwnd=219105 _cwnd=219105
Initialize per-instance NSCC parameters: flowid 4 _base_rtt=11685600 _base_bdp=146070 _bdp=146070 _min_cwnd=4150 _maxwnd=219105 _cwnd=219105
Initialize per-instance NSCC parameters: flowid 5 _base_rtt=11685600 _base_bdp=146070 _bdp=146070 _min_cwnd=4150 _maxwnd=219105 _cwnd=219105
Initialize per-instance NSCC parameters: flowid 6 _base_rtt=11685600 _base_bdp=146070 _bdp=146070 _min_cwnd=4150 _maxwnd=219105 _cwnd=219105
Initialize per-instance NSCC parameters: flowid 7 _base_rtt=11685600 _base_bdp=146070 _bdp=146070 _min_cwnd=4150 _maxwnd=219105 _cwnd=219105
Initialize per-instance NSCC parameters: flowid 8 _base_rtt=11685600 _base_bdp=146070 _bdp=146070 _min_cwnd=4150 _maxwnd=219105 _cwnd=219105
Initialize per-instance NSCC parameters: flowid 9 _base_rtt=11685600 _base_bdp=146070 _bdp=146070 _min_cwnd=4150 _maxwnd=219105 _cwnd=219105
Initialize per-instance NSCC parameters: flowid 10 _base_rtt=11685600 _base_bdp=146070 _bdp=146070 _min_cwnd=4150 _maxwnd=219105 _cwnd=219105
Initialize per-instance NSCC parameters: flowid 11 _base_rtt=11685600 _base_bdp=146070 _bdp=146070 _min_cwnd=4150 _maxwnd=219105 _cwnd=219105
Initialize per-instance NSCC parameters: flowid 12 _base_rtt=11685600 _base_bdp=146070 _bdp=146070 _min_cwnd=4150 _maxwnd=219105 _cwnd=219105
Initialize per-instance NSCC parameters: flowid 13 _base_rtt=11685600 _base_bdp=146070 _bdp=146070 _min_cwnd=4150 _maxwnd=219105 _cwnd=219105
Initialize per-instance NSCC parameters: flowid 14 _base_rtt=11685600 _base_bdp=146070 _bdp=146070 _min_cwnd=4150 _maxwnd=219105 _cwnd=219105
Initialize per-instance NSCC parameters: flowid 15 _base_rtt=11685600 _base_bdp=146070 _bdp=146070 _min_cwnd=4150 _maxwnd=219105 _cwnd=219105
Initialize per-instance NSCC parameters: flowid 16 _base_rtt=11685600 _base_bdp=146070 _bdp=146070 _min_cwnd=4150 _maxwnd=219105 _cwnd=219105
Initialize per-instance NSCC parameters: flowid 17 _base_rtt=11685600 _base_bdp=146070 _bdp=146070 _min_cwnd=4150 _maxwnd=219105 _cwnd=219105
Initialize per-instance NSCC parameters: flowid 18 _base_rtt=11685600 _base_bdp=146070 _bdp=146070 _min_cwnd=4150 _maxwnd=219105 _cwnd=219105
Initialize per-instance NSCC parameters: flowid 19 _base_rtt=11685600 _base_bdp=146070 _bdp=146070 _min_cwnd=4150 _maxwnd=219105 _cwnd=219105
Initialize per-instance NSCC parameters: flowid 20 _base_rtt=11685600 _base_bdp=146070 _bdp=146070 _min_cwnd=4150 _maxwnd=219105 _cwnd=219105
Initialize per-instance NSCC parameters: flowid 21 _base_rtt=11685600 _base_bdp=146070 _bdp=146070 _min_cwnd=4150 _maxwnd=219105 _cwnd=219105
Initialize per-instance NSCC parameters: flowid 22 _base_rtt=11685600 _base_bdp=146070 _bdp=146070 _min_cwnd=4150 _maxwnd=219105 _cwnd=219105
Initialize per-instance NSCC parameters: flowid 23 _base_rtt=11685600 _base_bdp=146070 _bdp=146070 _min_cwnd=4150 _maxwnd=219105 _cwnd=219105
Initialize per-instance NSCC parameters: flowid 24 _base_rtt=11685600 _base_bdp=146070 _bdp=146070 _min_cwnd=4150 _maxwnd=219105 _cwnd=219105
Initialize per-instance NSCC parameters: flowid 25 _base_rtt=11685600 _base_bdp=146070 _bdp=146070 _min_cwnd=4150 _maxwnd=219105 _cwnd=219105
Initialize per-instance NSCC parameters: flowid 26 _base_rtt=11685600 _base_bdp=146070 _bdp=146070 _min_cwnd=4150 _maxwnd=219105 _cwnd=219105
Initialize per-instance NSCC parameters: flowid 27 _base_rtt=11685600 _base_bdp=146070 _bdp=146070 _min_cwnd=4150 _maxwnd=219105 _cwnd=219105
Initialize per-instance NSCC parameters: flowid 28 _base_rtt=11685600 _base_bdp=146070 _bdp=146070 _min_cwnd=4150 _maxwnd=219105 _cwnd=219105
Initialize per-instance NSCC parameters: flowid 29 _base_rtt=11685600 _base_bdp=146070 _bdp=146070 _min_cwnd=4150 _maxwnd=219105 _cwnd=219105
Initialize per-instance NSCC parameters: flowid 30 _base_rtt=11685600 _base_bdp=146070 _bdp=146070 _min_cwnd=4150 _maxwnd=219105 _cwnd=219105
Initialize per-instance NSCC parameters: flowid 31 _base_rtt=11685600 _base_bdp=146070 _bdp=146070 _min_cwnd=4150 _maxwnd=219105 _cwnd=219105
Initialize per-instance NSCC parameters: flowid 32 _base_rtt=11685600 _base_bdp=146070 _bdp=146070 _min_cwnd=4150 _maxwnd=219105 _cwnd=219105
Initialize per-instance NSCC parameters: flowid 33 _base_rtt=11685600 _base_bdp=146070 _bdp=146070 _min_cwnd=4150 _maxwnd=219105 _cwnd=219105
Initialize per-instance NSCC parameters: flowid 34 _base_rtt=11685600 _base_bdp=146070 _bdp=146070 _min_cwnd=4150 _maxwnd=219105 _cwnd=219105
Initialize per-instance NSCC parameters: flowid 35 _base_rtt=11685600 _base_bdp=146070 _bdp=146070 _min_cwnd=4150 _maxwnd=219105 _cwnd=219105
Initialize per-instance NSCC parameters: flowid 36 _base_rtt=11685600 _base_bdp=146070 _bdp=146070 _min_cwnd=4150 _maxwnd=219105 _cwnd=219105
Initialize per-instance NSCC parameters: flowid 37 _base_rtt=11685600 _base_bdp=146070 _bdp=146070 _min_cwnd=4150 _maxwnd=219105 _cwnd=219105
Initialize per-instance NSCC parameters: flowid 38 _base_rtt=11685600 _base_bdp=146070 _bdp=146070 _min_cwnd=4150 _maxwnd=219105 _cwnd=219105
Initialize per-instance NSCC parameters: flowid 39 _base_rtt=11685600 _base_bdp=146070 _bdp=146070 _min_cwnd=4150 _maxwnd=219105 _cwnd=219105
Initialize per-instance NSCC parameters: flowid 40 _base_rtt=11685600 _base_bdp=146070 _bdp=146070 _min_cwnd=4150 _maxwnd=219105 _cwnd=219105
Initialize per-instance NSCC parameters: flowid 41 _base_rtt=11685600 _base_bdp=146070 _bdp=146070 _min_cwnd=4150 _maxwnd=219105 _cwnd=219105
Initialize per-instance NSCC parameters: flowid 42 _base_rtt=11685600 _base_bdp=146070 _bdp=146070 _min_cwnd=4150 _maxwnd=219105 _cwnd=219105
Initialize per-instance NSCC parameters: flowid 43 _base_rtt=11685600 _base_bdp=146070 _bdp=146070 _min_cwnd=4150 _maxwnd=219105 _cwnd=219105
Initialize per-instance NSCC parameters: flowid 44 _base_rtt=11685600 _base_bdp=146070 _bdp=146070 _min_cwnd=4150 _maxwnd=219105 _cwnd=219105
Initialize per-instance NSCC parameters: flowid 45 _base_rtt=11685600 _base_bdp=146070 _bdp=146070 _min_cwnd=4150 _maxwnd=219105 _cwnd=219105
Initialize per-instance NSCC parameters: flowid 46 _base_rtt=11685600 _base_bdp=146070 _bdp=146070 _min_cwnd=4150 _maxwnd=219105 _cwnd=219105
Initialize per-instance NSCC parameters: flowid 47 _base_rtt=11685600 _base_bdp=146070 _bdp=146070 _min_cwnd=4150 _maxwnd=219105 _cwnd=219105
Initialize per-instance NSCC parameters: flowid 48 _base_rtt=11685600 _base_bdp=146070 _bdp=146070 _min_cwnd=4150 _maxwnd=219105 _cwnd=219105
Initialize per-instance NSCC parameters: flowid 49 _base_rtt=11685600 _base_bdp=146070 _bdp=146070 _min_cwnd=4150 _maxwnd=219105 _cwnd=219105
Initialize per-instance NSCC parameters: flowid 50 _base_rtt=11685600 _base_bdp=146070 _bdp=146070 _min_cwnd=4150 _maxwnd=219105 _cwnd=219105
Initialize per-instance NSCC parameters: flowid 51 _base_rtt=11685600 _base_bdp=146070 _bdp=146070 _min_cwnd=4150 _maxwnd=219105 _cwnd=219105
Initialize per-instance NSCC parameters: flowid 52 _base_rtt=11685600 _base_bdp=146070 _bdp=146070 _min_cwnd=4150 _maxwnd=219105 _cwnd=219105
Initialize per-instance NSCC parameters: flowid 53 _base_rtt=11685600 _base_bdp=146070 _bdp=146070 _min_cwnd=4150 _maxwnd=219105 _cwnd=219105
Initialize per-instance NSCC parameters: flowid 54 _base_rtt=11685600 _base_bdp=146070 _bdp=146070 _min_cwnd=4150 _maxwnd=219105 _cwnd=219105
Initialize per-instance NSCC parameters: flowid 55 _base_rtt=11685600 _base_bdp=146070 _bdp=146070 _min_cwnd=4150 _maxwnd=219105 _cwnd=219105
Initialize per-instance NSCC parameters: flowid 56 _base_rtt=11685600 _base_bdp=146070 _bdp=146070 _min_cwnd=4150 _maxwnd=219105 _cwnd=219105
Initialize per-instance NSCC parameters: flowid 57 _base_rtt=11685600 _base_bdp=146070 _bdp=146070 _min_cwnd=4150 _maxwnd=219105 _cwnd=219105
Initialize per-instance NSCC parameters: flowid 58 _base_rtt=11685600 _base_bdp=146070 _bdp=146070 _min_cwnd=4150 _maxwnd=219105 _cwnd=219105
Initialize per-instance NSCC parameters: flowid 59 _base_rtt=11685600 _base_bdp=146070 _bdp=146070 _min_cwnd=4150 _maxwnd=219105 _cwnd=219105
Initialize per-instance NSCC parameters: flowid 60 _base_rtt=11685600 _base_bdp=146070 _bdp=146070 _min_cwnd=4150 _maxwnd=219105 _cwnd=219105
Initialize per-instance NSCC parameters: flowid 61 _base_rtt=11685600 _base_bdp=146070 _bdp=146070 _min_cwnd=4150 _maxwnd=219105 _cwnd=219105
Initialize per-instance NSCC parameters: flowid 62 _base_rtt=11685600 _base_bdp=146070 _bdp=146070 _min_cwnd=4150 _maxwnd=219105 _cwnd=219105
Initialize per-instance NSCC parameters: flowid 63 _base_rtt=11685600 _base_bdp=146070 _bdp=146070 _min_cwnd=4150 _maxwnd=219105 _cwnd=219105
Initialize per-instance NSCC parameters: flowid 64 _base_rtt=11685600 _base_bdp=146070 _bdp=146070 _min_cwnd=4150 _maxwnd=219105 _cwnd=219105
Initialize per-instance NSCC parameters: flowid 65 _base_rtt=11685600 _base_bdp=146070 _bdp=146070 _min_cwnd=4150 _maxwnd=219105 _cwnd=219105
Initialize per-instance NSCC parameters: flowid 66 _base_rtt=11685600 _base_bdp=146070 _bdp=146070 _min_cwnd=4150 _maxwnd=219105 _cwnd=219105
Initialize per-instance NSCC parameters: flowid 67 _base_rtt=11685600 _base_bdp=146070 _bdp=146070 _min_cwnd=4150 _maxwnd=219105 _cwnd=219105
Initialize per-instance NSCC parameters: flowid 68 _base_rtt=11685600 _base_bdp=146070 _bdp=146070 _min_cwnd=4150 _maxwnd=219105 _cwnd=219105
Initialize per-instance NSCC parameters: flowid 69 _base_rtt=11685600 _base_bdp=146070 _bdp=146070 _min_cwnd=4150 _maxwnd=219105 _cwnd=219105
Initialize per-instance NSCC parameters: flowid 70 _base_rtt=11685600 _base_bdp=146070 _bdp=146070 _min_cwnd=4150 _maxwnd=219105 _cwnd=219105
Initialize per-instance NSCC parameters: flowid 71 _base_rtt=11685600 _base_bdp=146070 _bdp=146070 _min_cwnd=4150 _maxwnd=219105 _cwnd=219105
Initialize per-instance NSCC parameters: flowid 72 _base_rtt=11685600 _base_bdp=146070 _bdp=146070 _min_cwnd=4150 _maxwnd=219105 _cwnd=219105
Initialize per-instance NSCC parameters: flowid 73 _base_rtt=11685600 _base_bdp=146070 _bdp=146070 _min_cwnd=4150 _maxwnd=219105 _cwnd=219105
Initialize per-instance NSCC parameters: flowid 74 _base_rtt=11685600 _base_bdp=146070 _bdp=146070 _min_cwnd=4150 _maxwnd=219105 _cwnd=219105
Initialize per-instance NSCC parameters: flowid 75 _base_rtt=11685600 _base_bdp=146070 _bdp=146070 _min_cwnd=4150 _maxwnd=219105 _cwnd=219105
Initialize per-instance NSCC parameters: flowid 76 _base_rtt=11685600 _base_bdp=146070 _bdp=146070 _min_cwnd=4150 _maxwnd=219105 _cwnd=219105
Initialize per-instance NSCC parameters: flowid 77 _base_rtt=11685600 _base_bdp=146070 _bdp=146070 _min_cwnd=4150 _maxwnd=219105 _cwnd=219105
Initialize per-instance NSCC parameters: flowid 78 _base_rtt=11685600 _base_bdp=146070 _bdp=146070 _min_cwnd=4150 _maxwnd=219105 _cwnd=219105
Initialize per-instance NSCC parameters: flowid 79 _base_rtt=11685600 _base_bdp=146070 _bdp=146070 _min_cwnd=4150 _maxwnd=219105 _cwnd=219105
Initialize per-instance NSCC parameters: flowid 80 _base_rtt=11685600 _base_bdp=146070 _bdp=146070 _min_cwnd=4150 _maxwnd=219105 _cwnd=219105
Initialize per-instance NSCC parameters: flowid 81 _base_rtt=11685600 _base_bdp=146070 _bdp=146070 _min_cwnd=4150 _maxwnd=219105 _cwnd=219105
Initialize per-instance NSCC parameters: flowid 82 _base_rtt=11685600 _base_bdp=146070 _bdp=146070 _min_cwnd=4150 _maxwnd=219105 _cwnd=219105
Initialize per-instance NSCC parameters: flowid 83 _base_rtt=11685600 _base_bdp=146070 _bdp=146070 _min_cwnd=4150 _maxwnd=219105 _cwnd=219105
Initialize per-instance NSCC parameters: flowid 84 _base_rtt=11685600 _base_bdp=146070 _bdp=146070 _min_cwnd=4150 _maxwnd=219105 _cwnd=219105
Initialize per-instance NSCC parameters: flowid 85 _base_rtt=11685600 _base_bdp=146070 _bdp=146070 _min_cwnd=4150 _maxwnd=219105 _cwnd=219105
Initialize per-instance NSCC parameters: flowid 86 _base_rtt=11685600 _base_bdp=146070 _bdp=146070 _min_cwnd=4150 _maxwnd=219105 _cwnd=219105
Initialize per-instance NSCC parameters: flowid 87 _base_rtt=11685600 _base_bdp=146070 _bdp=146070 _min_cwnd=4150 _maxwnd=219105 _cwnd=219105
Initialize per-instance NSCC parameters: flowid 88 _base_rtt=11685600 _base_bdp=146070 _bdp=146070 _min_cwnd=4150 _maxwnd=219105 _cwnd=219105
Initialize per-instance NSCC parameters: flowid 89 _base_rtt=11685600 _base_bdp=146070 _bdp=146070 _min_cwnd=4150 _maxwnd=219105 _cwnd=219105
Initialize per-instance NSCC parameters: flowid 90 _base_rtt=11685600 _base_bdp=146070 _bdp=146070 _min_cwnd=4150 _maxwnd=219105 _cwnd=219105
Initialize per-instance NSCC parameters: flowid 91 _base_rtt=11685600 _base_bdp=146070 _bdp=146070 _min_cwnd=4150 _maxwnd=219105 _cwnd=219105
Initialize per-instance NSCC parameters: flowid 92 _base_rtt=11685600 _base_bdp=146070 _bdp=146070 _min_cwnd=4150 _maxwnd=219105 _cwnd=219105
Initialize per-instance NSCC parameters: flowid 93 _base_rtt=11685600 _base_bdp=146070 _bdp=146070 _min_cwnd=4150 _maxwnd=219105 _cwnd=219105
Initialize per-instance NSCC parameters: flowid 94 _base_rtt=11685600 _base_bdp=146070 _bdp=146070 _min_cwnd=4150 _maxwnd=219105 _cwnd=219105
Initialize per-instance NSCC parameters: flowid 95 _base_rtt=11685600 _base_bdp=146070 _bdp=146070 _min_cwnd=4150 _maxwnd=219105 _cwnd=219105
Initialize per-instance NSCC parameters: flowid 96 _base_rtt=11685600 _base_bdp=146070 _bdp=146070 _min_cwnd=4150 _maxwnd=219105 _cwnd=219105
Initialize per-instance NSCC parameters: flowid 97 _base_rtt=11685600 _base_bdp=146070 _bdp=146070 _min_cwnd=4150 _maxwnd=219105 _cwnd=219105
Initialize per-instance NSCC parameters: flowid 98 _base_rtt=11685600 _base_bdp=146070 _bdp=146070 _min_cwnd=4150 _maxwnd=219105 _cwnd=219105
Initialize per-instance NSCC parameters: flowid 99 _base_rtt=11685600 _base_bdp=146070 _bdp=146070 _min_cwnd=4150 _maxwnd=219105 _cwnd=219105
Initialize per-instance NSCC parameters: flowid 100 _base_rtt=11685600 _base_bdp=146070 _bdp=146070 _min_cwnd=4150 _maxwnd=219105 _cwnd=219105
Initialize per-instance NSCC parameters: flowid 101 _base_rtt=11685600 _base_bdp=146070 _bdp=146070 _min_cwnd=4150 _maxwnd=219105 _cwnd=219105
Initialize per-instance NSCC parameters: flowid 102 _base_rtt=11685600 _base_bdp=146070 _bdp=146070 _min_cwnd=4150 _maxwnd=219105 _cwnd=219105
Initialize per-instance NSCC parameters: flowid 103 _base_rtt=11685600 _base_bdp=146070 _bdp=146070 _min_cwnd=4150 _maxwnd=219105 _cwnd=219105
Initialize per-instance NSCC parameters: flowid 104 _base_rtt=11685600 _base_bdp=146070 _bdp=146070 _min_cwnd=4150 _maxwnd=219105 _cwnd=219105
Initialize per-instance NSCC parameters: flowid 105 _base_rtt=11685600 _base_bdp=146070 _bdp=146070 _min_cwnd=4150 _maxwnd=219105 _cwnd=219105
Initialize per-instance NSCC parameters: flowid 106 _base_rtt=11685600 _base_bdp=146070 _bdp=146070 _min_cwnd=4150 _maxwnd=219105 _cwnd=219105
Initialize per-instance NSCC parameters: flowid 107 _base_rtt=11685600 _base_bdp=146070 _bdp=146070 _min_cwnd=4150 _maxwnd=219105 _cwnd=219105
Initialize per-instance NSCC parameters: flowid 108 _base_rtt=11685600 _base_bdp=146070 _bdp=146070 _min_cwnd=4150 _maxwnd=219105 _cwnd=219105
Initialize per-instance NSCC parameters: flowid 109 _base_rtt=11685600 _base_bdp=146070 _bdp=146070 _min_cwnd=4150 _maxwnd=219105 _cwnd=219105
Initialize per-instance NSCC parameters: flowid 110 _base_rtt=11685600 _base_bdp=146070 _bdp=146070 _min_cwnd=4150 _maxwnd=219105 _cwnd=219105
Initialize per-instance NSCC parameters: flowid 111 _base_rtt=11685600 _base_bdp=146070 _bdp=146070 _min_cwnd=4150 _maxwnd=219105 _cwnd=219105
Initialize per-instance NSCC parameters: flowid 112 _base_rtt=11685600 _base_bdp=146070 _bdp=146070 _min_cwnd=4150 _maxwnd=219105 _cwnd=219105
Initialize per-instance NSCC parameters: flowid 113 _base_rtt=11685600 _base_bdp=146070 _bdp=146070 _min_cwnd=4150 _maxwnd=219105 _cwnd=219105
Initialize per-instance NSCC parameters: flowid 114 _base_rtt=11685600 _base_bdp=146070 _bdp=146070 _min_cwnd=4150 _maxwnd=219105 _cwnd=219105
Initialize per-instance NSCC parameters: flowid 115 _base_rtt=11685600 _base_bdp=146070 _bdp=146070 _min_cwnd=4150 _maxwnd=219105 _cwnd=219105
Initialize per-instance NSCC parameters: flowid 116 _base_rtt=11685600 _base_bdp=146070 _bdp=146070 _min_cwnd=4150 _maxwnd=219105 _cwnd=219105
Initialize per-instance NSCC parameters: flowid 117 _base_rtt=11685600 _base_bdp=146070 _bdp=146070 _min_cwnd=4150 _maxwnd=219105 _cwnd=219105
Initialize per-instance NSCC parameters: flowid 118 _base_rtt=11685600 _base_bdp=146070 _bdp=146070 _min_cwnd=4150 _maxwnd=219105 _cwnd=219105
Initialize per-instance NSCC parameters: flowid 119 _base_rtt=11685600 _base_bdp=146070 _bdp=146070 _min_cwnd=4150 _maxwnd=219105 _cwnd=219105
Initialize per-instance NSCC parameters: flowid 120 _base_rtt=11685600 _base_bdp=146070 _bdp=146070 _min_cwnd=4150 _maxwnd=219105 _cwnd=219105
Initialize per-instance NSCC parameters: flowid 121 _base_rtt=11685600 _base_bdp=146070 _bdp=146070 _min_cwnd=4150 _maxwnd=219105 _cwnd=219105
Initialize per-instance NSCC parameters: flowid 122 _base_rtt=11685600 _base_bdp=146070 _bdp=146070 _min_cwnd=4150 _maxwnd=219105 _cwnd=219105
Initialize per-instance NSCC parameters: flowid 123 _base_rtt=11685600 _base_bdp=146070 _bdp=146070 _min_cwnd=4150 _maxwnd=219105 _cwnd=219105
Initialize per-instance NSCC parameters: flowid 124 _base_rtt=11685600 _base_bdp=146070 _bdp=146070 _min_cwnd=4150 _maxwnd=219105 _cwnd=219105
Initialize per-instance NSCC parameters: flowid 125 _base_rtt=11685600 _base_bdp=146070 _bdp=146070 _min_cwnd=4150 _maxwnd=219105 _cwnd=219105
Initialize per-instance NSCC parameters: flowid 126 _base_rtt=11685600 _base_bdp=146070 _bdp=146070 _min_cwnd=4150 _maxwnd=219105 _cwnd=219105
Initialize per-instance NSCC parameters: flowid 127 _base_rtt=11685600 _base_bdp=146070 _bdp=146070 _min_cwnd=4150 _maxwnd=219105 _cwnd=219105
Initialize per-instance NSCC parameters: flowid 128 _base_rtt=11685600 _base_bdp=146070 _bdp=146070 _min_cwnd=4150 _maxwnd=219105 _cwnd=219105
Initialize per-instance NSCC parameters: flowid 129 _base_rtt=11685600 _base_bdp=146070 _bdp=146070 _min_cwnd=4150 _maxwnd=219105 _cwnd=219105
Initialize per-instance NSCC parameters: flowid 130 _base_rtt=11685600 _base_bdp=146070 _bdp=146070 _min_cwnd=4150 _maxwnd=219105 _cwnd=219105
Initialize per-instance NSCC parameters: flowid 131 _base_rtt=11685600 _base_bdp=146070 _bdp=146070 _min_cwnd=4150 _maxwnd=219105 _cwnd=219105
Initialize per-instance NSCC parameters: flowid 132 _base_rtt=11685600 _base_bdp=146070 _bdp=146070 _min_cwnd=4150 _maxwnd=219105 _cwnd=219105
Initialize per-instance NSCC parameters: flowid 133 _base_rtt=11685600 _base_bdp=146070 _bdp=146070 _min_cwnd=4150 _maxwnd=219105 _cwnd=219105
Initialize per-instance NSCC parameters: flowid 134 _base_rtt=11685600 _base_bdp=146070 _bdp=146070 _min_cwnd=4150 _maxwnd=219105 _cwnd=219105
Initialize per-instance NSCC parameters: flowid 135 _base_rtt=11685600 _base_bdp=146070 _bdp=146070 _min_cwnd=4150 _maxwnd=219105 _cwnd=219105
Initialize per-instance NSCC parameters: flowid 136 _base_rtt=11685600 _base_bdp=146070 _bdp=146070 _min_cwnd=4150 _maxwnd=219105 _cwnd=219105
Initialize per-instance NSCC parameters: flowid 137 _base_rtt=11685600 _base_bdp=146070 _bdp=146070 _min_cwnd=4150 _maxwnd=219105 _cwnd=219105
Initialize per-instance NSCC parameters: flowid 138 _base_rtt=11685600 _base_bdp=146070 _bdp=146070 _min_cwnd=4150 _maxwnd=219105 _cwnd=219105
Initialize per-instance NSCC parameters: flowid 139 _base_rtt=11685600 _base_bdp=146070 _bdp=146070 _min_cwnd=4150 _maxwnd=219105 _cwnd=219105
Initialize per-instance NSCC parameters: flowid 140 _base_rtt=11685600 _base_bdp=146070 _bdp=146070 _min_cwnd=4150 _maxwnd=219105 _cwnd=219105
Initialize per-instance NSCC parameters: flowid 141 _base_rtt=11685600 _base_bdp=146070 _bdp=146070 _min_cwnd=4150 _maxwnd=219105 _cwnd=219105
Initialize per-instance NSCC parameters: flowid 142 _base_rtt=11685600 _base_bdp=146070 _bdp=146070 _min_cwnd=4150 _maxwnd=219105 _cwnd=219105
Initialize per-instance NSCC parameters: flowid 143 _base_rtt=11685600 _base_bdp=146070 _bdp=146070 _min_cwnd=4150 _maxwnd=219105 _cwnd=219105
Initialize per-instance NSCC parameters: flowid 144 _base_rtt=11685600 _base_bdp=146070 _bdp=146070 _min_cwnd=4150 _maxwnd=219105 _cwnd=219105
Initialize per-instance NSCC parameters: flowid 145 _base_rtt=11685600 _base_bdp=146070 _bdp=146070 _min_cwnd=4150 _maxwnd=219105 _cwnd=219105
Initialize per-instance NSCC parameters: flowid 146 _base_rtt=11685600 _base_bdp=146070 _bdp=146070 _min_cwnd=4150 _maxwnd=219105 _cwnd=219105
Initialize per-instance NSCC parameters: flowid 147 _base_rtt=11685600 _base_bdp=146070 _bdp=146070 _min_cwnd=4150 _maxwnd=219105 _cwnd=219105
Initialize per-instance NSCC parameters: flowid 148 _base_rtt=11685600 _base_bdp=146070 _bdp=146070 _min_cwnd=4150 _maxwnd=219105 _cwnd=219105
Initialize per-instance NSCC parameters: flowid 149 _base_rtt=11685600 _base_bdp=146070 _bdp=146070 _min_cwnd=4150 _maxwnd=219105 _cwnd=219105
Initialize per-instance NSCC parameters: flowid 150 _base_rtt=11685600 _base_bdp=146070 _bdp=146070 _min_cwnd=4150 _maxwnd=219105 _cwnd=219105
Initialize per-instance NSCC parameters: flowid 151 _base_rtt=11685600 _base_bdp=146070 _bdp=146070 _min_cwnd=4150 _maxwnd=219105 _cwnd=219105
Initialize per-instance NSCC parameters: flowid 152 _base_rtt=11685600 _base_bdp=146070 _bdp=146070 _min_cwnd=4150 _maxwnd=219105 _cwnd=219105
Initialize per-instance NSCC parameters: flowid 153 _base_rtt=11685600 _base_bdp=146070 _bdp=146070 _min_cwnd=4150 _maxwnd=219105 _cwnd=219105
Initialize per-instance NSCC parameters: flowid 154 _base_rtt=11685600 _base_bdp=146070 _bdp=146070 _min_cwnd=4150 _maxwnd=219105 _cwnd=219105
Initialize per-instance NSCC parameters: flowid 155 _base_rtt=11685600 _base_bdp=146070 _bdp=146070 _min_cwnd=4150 _maxwnd=219105 _cwnd=219105
Initialize per-instance NSCC parameters: flowid 156 _base_rtt=11685600 _base_bdp=146070 _bdp=146070 _min_cwnd=4150 _maxwnd=219105 _cwnd=219105
Initialize per-instance NSCC parameters: flowid 157 _base_rtt=11685600 _base_bdp=146070 _bdp=146070 _min_cwnd=4150 _maxwnd=219105 _cwnd=219105
Initialize per-instance NSCC parameters: flowid 158 _base_rtt=11685600 _base_bdp=146070 _bdp=146070 _min_cwnd=4150 _maxwnd=219105 _cwnd=219105
Initialize per-instance NSCC parameters: flowid 159 _base_rtt=11685600 _base_bdp=146070 _bdp=146070 _min_cwnd=4150 _maxwnd=219105 _cwnd=219105
Initialize per-instance NSCC parameters: flowid 160 _base_rtt=11685600 _base_bdp=146070 _bdp=146070 _min_cwnd=4150 _maxwnd=219105 _cwnd=219105
Initialize per-instance NSCC parameters: flowid 161 _base_rtt=11685600 _base_bdp=146070 _bdp=146070 _min_cwnd=4150 _maxwnd=219105 _cwnd=219105
Initialize per-instance NSCC parameters: flowid 162 _base_rtt=11685600 _base_bdp=146070 _bdp=146070 _min_cwnd=4150 _maxwnd=219105 _cwnd=219105
Initialize per-instance NSCC parameters: flowid 163 _base_rtt=11685600 _base_bdp=146070 _bdp=146070 _min_cwnd=4150 _maxwnd=219105 _cwnd=219105
Initialize per-instance NSCC parameters: flowid 164 _base_rtt=11685600 _base_bdp=146070 _bdp=146070 _min_cwnd=4150 _maxwnd=219105 _cwnd=219105
Initialize per-instance NSCC parameters: flowid 165 _base_rtt=11685600 _base_bdp=146070 _bdp=146070 _min_cwnd=4150 _maxwnd=219105 _cwnd=219105
Initialize per-instance NSCC parameters: flowid 166 _base_rtt=11685600 _base_bdp=146070 _bdp=146070 _min_cwnd=4150 _maxwnd=219105 _cwnd=219105
Initialize per-instance NSCC parameters: flowid 167 _base_rtt=11685600 _base_bdp=146070 _bdp=146070 _min_cwnd=4150 _maxwnd=219105 _cwnd=219105
Initialize per-instance NSCC parameters: flowid 168 _base_rtt=11685600 _base_bdp=146070 _bdp=146070 _min_cwnd=4150 _maxwnd=219105 _cwnd=219105
Initialize per-instance NSCC parameters: flowid 169 _base_rtt=11685600 _base_bdp=146070 _bdp=146070 _min_cwnd=4150 _maxwnd=219105 _cwnd=219105
Initialize per-instance NSCC parameters: flowid 170 _base_rtt=11685600 _base_bdp=146070 _bdp=146070 _min_cwnd=4150 _maxwnd=219105 _cwnd=219105
Initialize per-instance NSCC parameters: flowid 171 _base_rtt=11685600 _base_bdp=146070 _bdp=146070 _min_cwnd=4150 _maxwnd=219105 _cwnd=219105
Initialize per-instance NSCC parameters: flowid 172 _base_rtt=11685600 _base_bdp=146070 _bdp=146070 _min_cwnd=4150 _maxwnd=219105 _cwnd=219105
Initialize per-instance NSCC parameters: flowid 173 _base_rtt=11685600 _base_bdp=146070 _bdp=146070 _min_cwnd=4150 _maxwnd=219105 _cwnd=219105
Initialize per-instance NSCC parameters: flowid 174 _base_rtt=11685600 _base_bdp=146070 _bdp=146070 _min_cwnd=4150 _maxwnd=219105 _cwnd=219105
Initialize per-instance NSCC parameters: flowid 175 _base_rtt=11685600 _base_bdp=146070 _bdp=146070 _min_cwnd=4150 _maxwnd=219105 _cwnd=219105
Initialize per-instance NSCC parameters: flowid 176 _base_rtt=11685600 _base_bdp=146070 _bdp=146070 _min_cwnd=4150 _maxwnd=219105 _cwnd=219105
Initialize per-instance NSCC parameters: flowid 177 _base_rtt=11685600 _base_bdp=146070 _bdp=146070 _min_cwnd=4150 _maxwnd=219105 _cwnd=219105
Initialize per-instance NSCC parameters: flowid 178 _base_rtt=11685600 _base_bdp=146070 _bdp=146070 _min_cwnd=4150 _maxwnd=219105 _cwnd=219105
Initialize per-instance NSCC parameters: flowid 179 _base_rtt=11685600 _base_bdp=146070 _bdp=146070 _min_cwnd=4150 _maxwnd=219105 _cwnd=219105
Initialize per-instance NSCC parameters: flowid 180 _base_rtt=11685600 _base_bdp=146070 _bdp=146070 _min_cwnd=4150 _maxwnd=219105 _cwnd=219105
Initialize per-instance NSCC parameters: flowid 181 _base_rtt=11685600 _base_bdp=146070 _bdp=146070 _min_cwnd=4150 _maxwnd=219105 _cwnd=219105
Initialize per-instance NSCC parameters: flowid 182 _base_rtt=11685600 _base_bdp=146070 _bdp=146070 _min_cwnd=4150 _maxwnd=219105 _cwnd=219105
Initialize per-instance NSCC parameters: flowid 183 _base_rtt=11685600 _base_bdp=146070 _bdp=146070 _min_cwnd=4150 _maxwnd=219105 _cwnd=219105
Initialize per-instance NSCC parameters: flowid 184 _base_rtt=11685600 _base_bdp=146070 _bdp=146070 _min_cwnd=4150 _maxwnd=219105 _cwnd=219105
Initialize per-instance NSCC parameters: flowid 185 _base_rtt=11685600 _base_bdp=146070 _bdp=146070 _min_cwnd=4150 _maxwnd=219105 _cwnd=219105
Initialize per-instance NSCC parameters: flowid 186 _base_rtt=11685600 _base_bdp=146070 _bdp=146070 _min_cwnd=4150 _maxwnd=219105 _cwnd=219105
Initialize per-instance NSCC parameters: flowid 187 _base_rtt=11685600 _base_bdp=146070 _bdp=146070 _min_cwnd=4150 _maxwnd=219105 _cwnd=219105
Initialize per-instance NSCC parameters: flowid 188 _base_rtt=11685600 _base_bdp=146070 _bdp=146070 _min_cwnd=4150 _maxwnd=219105 _cwnd=219105
Initialize per-instance NSCC parameters: flowid 189 _base_rtt=11685600 _base_bdp=146070 _bdp=146070 _min_cwnd=4150 _maxwnd=219105 _cwnd=219105
Initialize per-instance NSCC parameters: flowid 190 _base_rtt=11685600 _base_bdp=146070 _bdp=146070 _min_cwnd=4150 _maxwnd=219105 _cwnd=219105
Initialize per-instance NSCC parameters: flowid 191 _base_rtt=11685600 _base_bdp=146070 _bdp=146070 _min_cwnd=4150 _maxwnd=219105 _cwnd=219105
Initialize per-instance NSCC parameters: flowid 192 _base_rtt=11685600 _base_bdp=146070 _bdp=146070 _min_cwnd=4150 _maxwnd=219105 _cwnd=219105
Initialize per-instance NSCC parameters: flowid 193 _base_rtt=11685600 _base_bdp=146070 _bdp=146070 _min_cwnd=4150 _maxwnd=219105 _cwnd=219105
Initialize per-instance NSCC parameters: flowid 194 _base_rtt=11685600 _base_bdp=146070 _bdp=146070 _min_cwnd=4150 _maxwnd=219105 _cwnd=219105
Initialize per-instance NSCC parameters: flowid 195 _base_rtt=11685600 _base_bdp=146070 _bdp=146070 _min_cwnd=4150 _maxwnd=219105 _cwnd=219105
Initialize per-instance NSCC parameters: flowid 196 _base_rtt=11685600 _base_bdp=146070 _bdp=146070 _min_cwnd=4150 _maxwnd=219105 _cwnd=219105
Initialize per-instance NSCC parameters: flowid 197 _base_rtt=11685600 _base_bdp=146070 _bdp=146070 _min_cwnd=4150 _maxwnd=219105 _cwnd=219105
Initialize per-instance NSCC parameters: flowid 198 _base_rtt=11685600 _base_bdp=146070 _bdp=146070 _min_cwnd=4150 _maxwnd=219105 _cwnd=219105
Initialize per-instance NSCC parameters: flowid 199 _base_rtt=11685600 _base_bdp=146070 _bdp=146070 _min_cwnd=4150 _maxwnd=219105 _cwnd=219105
Initialize per-instance NSCC parameters: flowid 200 _base_rtt=11685600 _base_bdp=146070 _bdp=146070 _min_cwnd=4150 _maxwnd=219105 _cwnd=219105
Initialize per-instance NSCC parameters: flowid 201 _base_rtt=11685600 _base_bdp=146070 _bdp=146070 _min_cwnd=4150 _maxwnd=219105 _cwnd=219105
Initialize per-instance NSCC parameters: flowid 202 _base_rtt=11685600 _base_bdp=146070 _bdp=146070 _min_cwnd=4150 _maxwnd=219105 _cwnd=219105
Initialize per-instance NSCC parameters: flowid 203 _base_rtt=11685600 _base_bdp=146070 _bdp=146070 _min_cwnd=4150 _maxwnd=219105 _cwnd=219105
Initialize per-instance NSCC parameters: flowid 204 _base_rtt=11685600 _base_bdp=146070 _bdp=146070 _min_cwnd=4150 _maxwnd=219105 _cwnd=219105
Initialize per-instance NSCC parameters: flowid 205 _base_rtt=11685600 _base_bdp=146070 _bdp=146070 _min_cwnd=4150 _maxwnd=219105 _cwnd=219105
Initialize per-instance NSCC parameters: flowid 206 _base_rtt=11685600 _base_bdp=146070 _bdp=146070 _min_cwnd=4150 _maxwnd=219105 _cwnd=219105
Initialize per-instance NSCC parameters: flowid 207 _base_rtt=11685600 _base_bdp=146070 _bdp=146070 _min_cwnd=4150 _maxwnd=219105 _cwnd=219105
Initialize per-instance NSCC parameters: flowid 208 _base_rtt=11685600 _base_bdp=146070 _bdp=146070 _min_cwnd=4150 _maxwnd=219105 _cwnd=219105
Initialize per-instance NSCC parameters: flowid 209 _base_rtt=11685600 _base_bdp=146070 _bdp=146070 _min_cwnd=4150 _maxwnd=219105 _cwnd=219105
Initialize per-instance NSCC parameters: flowid 210 _base_rtt=11685600 _base_bdp=146070 _bdp=146070 _min_cwnd=4150 _maxwnd=219105 _cwnd=219105
Initialize per-instance NSCC parameters: flowid 211 _base_rtt=11685600 _base_bdp=146070 _bdp=146070 _min_cwnd=4150 _maxwnd=219105 _cwnd=219105
Initialize per-instance NSCC parameters: flowid 212 _base_rtt=11685600 _base_bdp=146070 _bdp=146070 _min_cwnd=4150 _maxwnd=219105 _cwnd=219105
Initialize per-instance NSCC parameters: flowid 213 _base_rtt=11685600 _base_bdp=146070 _bdp=146070 _min_cwnd=4150 _maxwnd=219105 _cwnd=219105
Initialize per-instance NSCC parameters: flowid 214 _base_rtt=11685600 _base_bdp=146070 _bdp=146070 _min_cwnd=4150 _maxwnd=219105 _cwnd=219105
Initialize per-instance NSCC parameters: flowid 215 _base_rtt=11685600 _base_bdp=146070 _bdp=146070 _min_cwnd=4150 _maxwnd=219105 _cwnd=219105
Initialize per-instance NSCC parameters: flowid 216 _base_rtt=11685600 _base_bdp=146070 _bdp=146070 _min_cwnd=4150 _maxwnd=219105 _cwnd=219105
Initialize per-instance NSCC parameters: flowid 217 _base_rtt=11685600 _base_bdp=146070 _bdp=146070 _min_cwnd=4150 _maxwnd=219105 _cwnd=219105
Initialize per-instance NSCC parameters: flowid 218 _base_rtt=11685600 _base_bdp=146070 _bdp=146070 _min_cwnd=4150 _maxwnd=219105 _cwnd=219105
Initialize per-instance NSCC parameters: flowid 219 _base_rtt=11685600 _base_bdp=146070 _bdp=146070 _min_cwnd=4150 _maxwnd=219105 _cwnd=219105
Initialize per-instance NSCC parameters: flowid 220 _base_rtt=11685600 _base_bdp=146070 _bdp=146070 _min_cwnd=4150 _maxwnd=219105 _cwnd=219105
Initialize per-instance NSCC parameters: flowid 221 _base_rtt=11685600 _base_bdp=146070 _bdp=146070 _min_cwnd=4150 _maxwnd=219105 _cwnd=219105
Initialize per-instance NSCC parameters: flowid 222 _base_rtt=11685600 _base_bdp=146070 _bdp=146070 _min_cwnd=4150 _maxwnd=219105 _cwnd=219105
Initialize per-instance NSCC parameters: flowid 223 _base_rtt=11685600 _base_bdp=146070 _bdp=146070 _min_cwnd=4150 _maxwnd=219105 _cwnd=219105
Initialize per-instance NSCC parameters: flowid 224 _base_rtt=11685600 _base_bdp=146070 _bdp=146070 _min_cwnd=4150 _maxwnd=219105 _cwnd=219105
Initialize per-instance NSCC parameters: flowid 225 _base_rtt=11685600 _base_bdp=146070 _bdp=146070 _min_cwnd=4150 _maxwnd=219105 _cwnd=219105
Initialize per-instance NSCC parameters: flowid 226 _base_rtt=11685600 _base_bdp=146070 _bdp=146070 _min_cwnd=4150 _maxwnd=219105 _cwnd=219105
Initialize per-instance NSCC parameters: flowid 227 _base_rtt=11685600 _base_bdp=146070 _bdp=146070 _min_cwnd=4150 _maxwnd=219105 _cwnd=219105
Initialize per-instance NSCC parameters: flowid 228 _base_rtt=11685600 _base_bdp=146070 _bdp=146070 _min_cwnd=4150 _maxwnd=219105 _cwnd=219105
Initialize per-instance NSCC parameters: flowid 229 _base_rtt=11685600 _base_bdp=146070 _bdp=146070 _min_cwnd=4150 _maxwnd=219105 _cwnd=219105
Initialize per-instance NSCC parameters: flowid 230 _base_rtt=11685600 _base_bdp=146070 _bdp=146070 _min_cwnd=4150 _maxwnd=219105 _cwnd=219105
Initialize per-instance NSCC parameters: flowid 231 _base_rtt=11685600 _base_bdp=146070 _bdp=146070 _min_cwnd=4150 _maxwnd=219105 _cwnd=219105
Initialize per-instance NSCC parameters: flowid 232 _base_rtt=11685600 _base_bdp=146070 _bdp=146070 _min_cwnd=4150 _maxwnd=219105 _cwnd=219105
Initialize per-instance NSCC parameters: flowid 233 _base_rtt=11685600 _base_bdp=146070 _bdp=146070 _min_cwnd=4150 _maxwnd=219105 _cwnd=219105
Initialize per-instance NSCC parameters: flowid 234 _base_rtt=11685600 _base_bdp=146070 _bdp=146070 _min_cwnd=4150 _maxwnd=219105 _cwnd=219105
Initialize per-instance NSCC parameters: flowid 235 _base_rtt=11685600 _base_bdp=146070 _bdp=146070 _min_cwnd=4150 _maxwnd=219105 _cwnd=219105
Initialize per-instance NSCC parameters: flowid 236 _base_rtt=11685600 _base_bdp=146070 _bdp=146070 _min_cwnd=4150 _maxwnd=219105 _cwnd=219105
Initialize per-instance NSCC parameters: flowid 237 _base_rtt=11685600 _base_bdp=146070 _bdp=146070 _min_cwnd=4150 _maxwnd=219105 _cwnd=219105
Initialize per-instance NSCC parameters: flowid 238 _base_rtt=11685600 _base_bdp=146070 _bdp=146070 _min_cwnd=4150 _maxwnd=219105 _cwnd=219105
Initialize per-instance NSCC parameters: flowid 239 _base_rtt=11685600 _base_bdp=146070 _bdp=146070 _min_cwnd=4150 _maxwnd=219105 _cwnd=219105
Initialize per-instance NSCC parameters: flowid 240 _base_rtt=11685600 _base_bdp=146070 _bdp=146070 _min_cwnd=4150 _maxwnd=219105 _cwnd=219105
Initialize per-instance NSCC parameters: flowid 241 _base_rtt=11685600 _base_bdp=146070 _bdp=146070 _min_cwnd=4150 _maxwnd=219105 _cwnd=219105
Initialize per-instance NSCC parameters: flowid 242 _base_rtt=11685600 _base_bdp=146070 _bdp=146070 _min_cwnd=4150 _maxwnd=219105 _cwnd=219105
Initialize per-instance NSCC parameters: flowid 243 _base_rtt=11685600 _base_bdp=146070 _bdp=146070 _min_cwnd=4150 _maxwnd=219105 _cwnd=219105
Initialize per-instance NSCC parameters: flowid 244 _base_rtt=11685600 _base_bdp=146070 _bdp=146070 _min_cwnd=4150 _maxwnd=219105 _cwnd=219105
Initialize per-instance NSCC parameters: flowid 245 _base_rtt=11685600 _base_bdp=146070 _bdp=146070 _min_cwnd=4150 _maxwnd=219105 _cwnd=219105
Initialize per-instance NSCC parameters: flowid 246 _base_rtt=11685600 _base_bdp=146070 _bdp=146070 _min_cwnd=4150 _maxwnd=219105 _cwnd=219105
Initialize per-instance NSCC parameters: flowid 247 _base_rtt=11685600 _base_bdp=146070 _bdp=146070 _min_cwnd=4150 _maxwnd=219105 _cwnd=219105
Initialize per-instance NSCC parameters: flowid 248 _base_rtt=11685600 _base_bdp=146070 _bdp=146070 _min_cwnd=4150 _maxwnd=219105 _cwnd=219105
Initialize per-instance NSCC parameters: flowid 249 _base_rtt=11685600 _base_bdp=146070 _bdp=146070 _min_cwnd=4150 _maxwnd=219105 _cwnd=219105
Initialize per-instance NSCC parameters: flowid 250 _base_rtt=11685600 _base_bdp=146070 _bdp=146070 _min_cwnd=4150 _maxwnd=219105 _cwnd=219105
Initialize per-instance NSCC parameters: flowid 251 _base_rtt=11685600 _base_bdp=146070 _bdp=146070 _min_cwnd=4150 _maxwnd=219105 _cwnd=219105
Initialize per-instance NSCC parameters: flowid 252 _base_rtt=11685600 _base_bdp=146070 _bdp=146070 _min_cwnd=4150 _maxwnd=219105 _cwnd=219105
Initialize per-instance NSCC parameters: flowid 253 _base_rtt=11685600 _base_bdp=146070 _bdp=146070 _min_cwnd=4150 _maxwnd=219105 _cwnd=219105
Initialize per-instance NSCC parameters: flowid 254 _base_rtt=11685600 _base_bdp=146070 _bdp=146070 _min_cwnd=4150 _maxwnd=219105 _cwnd=219105
Initialize per-instance NSCC parameters: flowid 255 _base_rtt=11685600 _base_bdp=146070 _bdp=146070 _min_cwnd=4150 _maxwnd=219105 _cwnd=219105
Initialize per-instance NSCC parameters: flowid 256 _base_rtt=11685600 _base_bdp=146070 _bdp=146070 _min_cwnd=4150 _maxwnd=219105 _cwnd=219105
Initialize per-instance NSCC parameters: flowid 257 _base_rtt=11685600 _base_bdp=146070 _bdp=146070 _min_cwnd=4150 _maxwnd=219105 _cwnd=219105
Initialize per-instance NSCC parameters: flowid 258 _base_rtt=11685600 _base_bdp=146070 _bdp=146070 _min_cwnd=4150 _maxwnd=219105 _cwnd=219105
Initialize per-instance NSCC parameters: flowid 259 _base_rtt=11685600 _base_bdp=146070 _bdp=146070 _min_cwnd=4150 _maxwnd=219105 _cwnd=219105
Initialize per-instance NSCC parameters: flowid 260 _base_rtt=11685600 _base_bdp=146070 _bdp=146070 _min_cwnd=4150 _maxwnd=219105 _cwnd=219105
Initialize per-instance NSCC parameters: flowid 261 _base_rtt=11685600 _base_bdp=146070 _bdp=146070 _min_cwnd=4150 _maxwnd=219105 _cwnd=219105
Initialize per-instance NSCC parameters: flowid 262 _base_rtt=11685600 _base_bdp=146070 _bdp=146070 _min_cwnd=4150 _maxwnd=219105 _cwnd=219105
Initialize per-instance NSCC parameters: flowid 263 _base_rtt=11685600 _base_bdp=146070 _bdp=146070 _min_cwnd=4150 _maxwnd=219105 _cwnd=219105
Initialize per-instance NSCC parameters: flowid 264 _base_rtt=11685600 _base_bdp=146070 _bdp=146070 _min_cwnd=4150 _maxwnd=219105 _cwnd=219105
Initialize per-instance NSCC parameters: flowid 265 _base_rtt=11685600 _base_bdp=146070 _bdp=146070 _min_cwnd=4150 _maxwnd=219105 _cwnd=219105
Initialize per-instance NSCC parameters: flowid 266 _base_rtt=11685600 _base_bdp=146070 _bdp=146070 _min_cwnd=4150 _maxwnd=219105 _cwnd=219105
Initialize per-instance NSCC parameters: flowid 267 _base_rtt=11685600 _base_bdp=146070 _bdp=146070 _min_cwnd=4150 _maxwnd=219105 _cwnd=219105
Initialize per-instance NSCC parameters: flowid 268 _base_rtt=11685600 _base_bdp=146070 _bdp=146070 _min_cwnd=4150 _maxwnd=219105 _cwnd=219105
Initialize per-instance NSCC parameters: flowid 269 _base_rtt=11685600 _base_bdp=146070 _bdp=146070 _min_cwnd=4150 _maxwnd=219105 _cwnd=219105
Initialize per-instance NSCC parameters: flowid 270 _base_rtt=11685600 _base_bdp=146070 _bdp=146070 _min_cwnd=4150 _maxwnd=219105 _cwnd=219105
Initialize per-instance NSCC parameters: flowid 271 _base_rtt=11685600 _base_bdp=146070 _bdp=146070 _min_cwnd=4150 _maxwnd=219105 _cwnd=219105
Initialize per-instance NSCC parameters: flowid 272 _base_rtt=11685600 _base_bdp=146070 _bdp=146070 _min_cwnd=4150 _maxwnd=219105 _cwnd=219105
Initialize per-instance NSCC parameters: flowid 273 _base_rtt=11685600 _base_bdp=146070 _bdp=146070 _min_cwnd=4150 _maxwnd=219105 _cwnd=219105
Initialize per-instance NSCC parameters: flowid 274 _base_rtt=11685600 _base_bdp=146070 _bdp=146070 _min_cwnd=4150 _maxwnd=219105 _cwnd=219105
Initialize per-instance NSCC parameters: flowid 275 _base_rtt=11685600 _base_bdp=146070 _bdp=146070 _min_cwnd=4150 _maxwnd=219105 _cwnd=219105
Initialize per-instance NSCC parameters: flowid 276 _base_rtt=11685600 _base_bdp=146070 _bdp=146070 _min_cwnd=4150 _maxwnd=219105 _cwnd=219105
Initialize per-instance NSCC parameters: flowid 277 _base_rtt=11685600 _base_bdp=146070 _bdp=146070 _min_cwnd=4150 _maxwnd=219105 _cwnd=219105
Initialize per-instance NSCC parameters: flowid 278 _base_rtt=11685600 _base_bdp=146070 _bdp=146070 _min_cwnd=4150 _maxwnd=219105 _cwnd=219105
Initialize per-instance NSCC parameters: flowid 279 _base_rtt=11685600 _base_bdp=146070 _bdp=146070 _min_cwnd=4150 _maxwnd=219105 _cwnd=219105
Initialize per-instance NSCC parameters: flowid 280 _base_rtt=11685600 _base_bdp=146070 _bdp=146070 _min_cwnd=4150 _maxwnd=219105 _cwnd=219105
Initialize per-instance NSCC parameters: flowid 281 _base_rtt=11685600 _base_bdp=146070 _bdp=146070 _min_cwnd=4150 _maxwnd=219105 _cwnd=219105
Initialize per-instance NSCC parameters: flowid 282 _base_rtt=11685600 _base_bdp=146070 _bdp=146070 _min_cwnd=4150 _maxwnd=219105 _cwnd=219105
Initialize per-instance NSCC parameters: flowid 283 _base_rtt=11685600 _base_bdp=146070 _bdp=146070 _min_cwnd=4150 _maxwnd=219105 _cwnd=219105
Initialize per-instance NSCC parameters: flowid 284 _base_rtt=11685600 _base_bdp=146070 _bdp=146070 _min_cwnd=4150 _maxwnd=219105 _cwnd=219105
Initialize per-instance NSCC parameters: flowid 285 _base_rtt=11685600 _base_bdp=146070 _bdp=146070 _min_cwnd=4150 _maxwnd=219105 _cwnd=219105
Initialize per-instance NSCC parameters: flowid 286 _base_rtt=11685600 _base_bdp=146070 _bdp=146070 _min_cwnd=4150 _maxwnd=219105 _cwnd=219105
Initialize per-instance NSCC parameters: flowid 287 _base_rtt=11685600 _base_bdp=146070 _bdp=146070 _min_cwnd=4150 _maxwnd=219105 _cwnd=219105
Initialize per-instance NSCC parameters: flowid 288 _base_rtt=11685600 _base_bdp=146070 _bdp=146070 _min_cwnd=4150 _maxwnd=219105 _cwnd=219105
Initialize per-instance NSCC parameters: flowid 289 _base_rtt=11685600 _base_bdp=146070 _bdp=146070 _min_cwnd=4150 _maxwnd=219105 _cwnd=219105
Initialize per-instance NSCC parameters: flowid 290 _base_rtt=11685600 _base_bdp=146070 _bdp=146070 _min_cwnd=4150 _maxwnd=219105 _cwnd=219105
Initialize per-instance NSCC parameters: flowid 291 _base_rtt=11685600 _base_bdp=146070 _bdp=146070 _min_cwnd=4150 _maxwnd=219105 _cwnd=219105
Initialize per-instance NSCC parameters: flowid 292 _base_rtt=11685600 _base_bdp=146070 _bdp=146070 _min_cwnd=4150 _maxwnd=219105 _cwnd=219105
Initialize per-instance NSCC parameters: flowid 293 _base_rtt=11685600 _base_bdp=146070 _bdp=146070 _min_cwnd=4150 _maxwnd=219105 _cwnd=219105
Initialize per-instance NSCC parameters: flowid 294 _base_rtt=11685600 _base_bdp=146070 _bdp=146070 _min_cwnd=4150 _maxwnd=219105 _cwnd=219105
Initialize per-instance NSCC parameters: flowid 295 _base_rtt=11685600 _base_bdp=146070 _bdp=146070 _min_cwnd=4150 _maxwnd=219105 _cwnd=219105
Initialize per-instance NSCC parameters: flowid 296 _base_rtt=11685600 _base_bdp=146070 _bdp=146070 _min_cwnd=4150 _maxwnd=219105 _cwnd=219105
Initialize per-instance NSCC parameters: flowid 297 _base_rtt=11685600 _base_bdp=146070 _bdp=146070 _min_cwnd=4150 _maxwnd=219105 _cwnd=219105
Initialize per-instance NSCC parameters: flowid 298 _base_rtt=11685600 _base_bdp=146070 _bdp=146070 _min_cwnd=4150 _maxwnd=219105 _cwnd=219105
Initialize per-instance NSCC parameters: flowid 299 _base_rtt=11685600 _base_bdp=146070 _bdp=146070 _min_cwnd=4150 _maxwnd=219105 _cwnd=219105
Initialize per-instance NSCC parameters: flowid 300 _base_rtt=11685600 _base_bdp=146070 _bdp=146070 _min_cwnd=4150 _maxwnd=219105 _cwnd=219105
Initialize per-instance NSCC parameters: flowid 301 _base_rtt=11685600 _base_bdp=146070 _bdp=146070 _min_cwnd=4150 _maxwnd=219105 _cwnd=219105
Initialize per-instance NSCC parameters: flowid 302 _base_rtt=11685600 _base_bdp=146070 _bdp=146070 _min_cwnd=4150 _maxwnd=219105 _cwnd=219105
Initialize per-instance NSCC parameters: flowid 303 _base_rtt=11685600 _base_bdp=146070 _bdp=146070 _min_cwnd=4150 _maxwnd=219105 _cwnd=219105
Initialize per-instance NSCC parameters: flowid 304 _base_rtt=11685600 _base_bdp=146070 _bdp=146070 _min_cwnd=4150 _maxwnd=219105 _cwnd=219105
Initialize per-instance NSCC parameters: flowid 305 _base_rtt=11685600 _base_bdp=146070 _bdp=146070 _min_cwnd=4150 _maxwnd=219105 _cwnd=219105
Initialize per-instance NSCC parameters: flowid 306 _base_rtt=11685600 _base_bdp=146070 _bdp=146070 _min_cwnd=4150 _maxwnd=219105 _cwnd=219105
Initialize per-instance NSCC parameters: flowid 307 _base_rtt=11685600 _base_bdp=146070 _bdp=146070 _min_cwnd=4150 _maxwnd=219105 _cwnd=219105
Initialize per-instance NSCC parameters: flowid 308 _base_rtt=11685600 _base_bdp=146070 _bdp=146070 _min_cwnd=4150 _maxwnd=219105 _cwnd=219105
Initialize per-instance NSCC parameters: flowid 309 _base_rtt=11685600 _base_bdp=146070 _bdp=146070 _min_cwnd=4150 _maxwnd=219105 _cwnd=219105
Initialize per-instance NSCC parameters: flowid 310 _base_rtt=11685600 _base_bdp=146070 _bdp=146070 _min_cwnd=4150 _maxwnd=219105 _cwnd=219105
Initialize per-instance NSCC parameters: flowid 311 _base_rtt=11685600 _base_bdp=146070 _bdp=146070 _min_cwnd=4150 _maxwnd=219105 _cwnd=219105
Initialize per-instance NSCC parameters: flowid 312 _base_rtt=11685600 _base_bdp=146070 _bdp=146070 _min_cwnd=4150 _maxwnd=219105 _cwnd=219105
Initialize per-instance NSCC parameters: flowid 313 _base_rtt=11685600 _base_bdp=146070 _bdp=146070 _min_cwnd=4150 _maxwnd=219105 _cwnd=219105
Initialize per-instance NSCC parameters: flowid 314 _base_rtt=11685600 _base_bdp=146070 _bdp=146070 _min_cwnd=4150 _maxwnd=219105 _cwnd=219105
Initialize per-instance NSCC parameters: flowid 315 _base_rtt=11685600 _base_bdp=146070 _bdp=146070 _min_cwnd=4150 _maxwnd=219105 _cwnd=219105
Initialize per-instance NSCC parameters: flowid 316 _base_rtt=11685600 _base_bdp=146070 _bdp=146070 _min_cwnd=4150 _maxwnd=219105 _cwnd=219105
Initialize per-instance NSCC parameters: flowid 317 _base_rtt=11685600 _base_bdp=146070 _bdp=146070 _min_cwnd=4150 _maxwnd=219105 _cwnd=219105
Initialize per-instance NSCC parameters: flowid 318 _base_rtt=11685600 _base_bdp=146070 _bdp=146070 _min_cwnd=4150 _maxwnd=219105 _cwnd=219105
Initialize per-instance NSCC parameters: flowid 319 _base_rtt=11685600 _base_bdp=146070 _bdp=146070 _min_cwnd=4150 _maxwnd=219105 _cwnd=219105
Initialize per-instance NSCC parameters: flowid 320 _base_rtt=11685600 _base_bdp=146070 _bdp=146070 _min_cwnd=4150 _maxwnd=219105 _cwnd=219105
Initialize per-instance NSCC parameters: flowid 321 _base_rtt=11685600 _base_bdp=146070 _bdp=146070 _min_cwnd=4150 _maxwnd=219105 _cwnd=219105
Initialize per-instance NSCC parameters: flowid 322 _base_rtt=11685600 _base_bdp=146070 _bdp=146070 _min_cwnd=4150 _maxwnd=219105 _cwnd=219105
Initialize per-instance NSCC parameters: flowid 323 _base_rtt=11685600 _base_bdp=146070 _bdp=146070 _min_cwnd=4150 _maxwnd=219105 _cwnd=219105
Initialize per-instance NSCC parameters: flowid 324 _base_rtt=11685600 _base_bdp=146070 _bdp=146070 _min_cwnd=4150 _maxwnd=219105 _cwnd=219105
Initialize per-instance NSCC parameters: flowid 325 _base_rtt=11685600 _base_bdp=146070 _bdp=146070 _min_cwnd=4150 _maxwnd=219105 _cwnd=219105
Initialize per-instance NSCC parameters: flowid 326 _base_rtt=11685600 _base_bdp=146070 _bdp=146070 _min_cwnd=4150 _maxwnd=219105 _cwnd=219105
Initialize per-instance NSCC parameters: flowid 327 _base_rtt=11685600 _base_bdp=146070 _bdp=146070 _min_cwnd=4150 _maxwnd=219105 _cwnd=219105
Initialize per-instance NSCC parameters: flowid 328 _base_rtt=11685600 _base_bdp=146070 _bdp=146070 _min_cwnd=4150 _maxwnd=219105 _cwnd=219105
Initialize per-instance NSCC parameters: flowid 329 _base_rtt=11685600 _base_bdp=146070 _bdp=146070 _min_cwnd=4150 _maxwnd=219105 _cwnd=219105
Initialize per-instance NSCC parameters: flowid 330 _base_rtt=11685600 _base_bdp=146070 _bdp=146070 _min_cwnd=4150 _maxwnd=219105 _cwnd=219105
Initialize per-instance NSCC parameters: flowid 331 _base_rtt=11685600 _base_bdp=146070 _bdp=146070 _min_cwnd=4150 _maxwnd=219105 _cwnd=219105
Initialize per-instance NSCC parameters: flowid 332 _base_rtt=11685600 _base_bdp=146070 _bdp=146070 _min_cwnd=4150 _maxwnd=219105 _cwnd=219105
Initialize per-instance NSCC parameters: flowid 333 _base_rtt=11685600 _base_bdp=146070 _bdp=146070 _min_cwnd=4150 _maxwnd=219105 _cwnd=219105
Initialize per-instance NSCC parameters: flowid 334 _base_rtt=11685600 _base_bdp=146070 _bdp=146070 _min_cwnd=4150 _maxwnd=219105 _cwnd=219105
Initialize per-instance NSCC parameters: flowid 335 _base_rtt=11685600 _base_bdp=146070 _bdp=146070 _min_cwnd=4150 _maxwnd=219105 _cwnd=219105
Initialize per-instance NSCC parameters: flowid 336 _base_rtt=11685600 _base_bdp=146070 _bdp=146070 _min_cwnd=4150 _maxwnd=219105 _cwnd=219105
Initialize per-instance NSCC parameters: flowid 337 _base_rtt=11685600 _base_bdp=146070 _bdp=146070 _min_cwnd=4150 _maxwnd=219105 _cwnd=219105
Initialize per-instance NSCC parameters: flowid 338 _base_rtt=11685600 _base_bdp=146070 _bdp=146070 _min_cwnd=4150 _maxwnd=219105 _cwnd=219105
Initialize per-instance NSCC parameters: flowid 339 _base_rtt=11685600 _base_bdp=146070 _bdp=146070 _min_cwnd=4150 _maxwnd=219105 _cwnd=219105
Initialize per-instance NSCC parameters: flowid 340 _base_rtt=11685600 _base_bdp=146070 _bdp=146070 _min_cwnd=4150 _maxwnd=219105 _cwnd=219105
Initialize per-instance NSCC parameters: flowid 341 _base_rtt=11685600 _base_bdp=146070 _bdp=146070 _min_cwnd=4150 _maxwnd=219105 _cwnd=219105
Initialize per-instance NSCC parameters: flowid 342 _base_rtt=11685600 _base_bdp=146070 _bdp=146070 _min_cwnd=4150 _maxwnd=219105 _cwnd=219105
Initialize per-instance NSCC parameters: flowid 343 _base_rtt=11685600 _base_bdp=146070 _bdp=146070 _min_cwnd=4150 _maxwnd=219105 _cwnd=219105
Initialize per-instance NSCC parameters: flowid 344 _base_rtt=11685600 _base_bdp=146070 _bdp=146070 _min_cwnd=4150 _maxwnd=219105 _cwnd=219105
Initialize per-instance NSCC parameters: flowid 345 _base_rtt=11685600 _base_bdp=146070 _bdp=146070 _min_cwnd=4150 _maxwnd=219105 _cwnd=219105
Initialize per-instance NSCC parameters: flowid 346 _base_rtt=11685600 _base_bdp=146070 _bdp=146070 _min_cwnd=4150 _maxwnd=219105 _cwnd=219105
Initialize per-instance NSCC parameters: flowid 347 _base_rtt=11685600 _base_bdp=146070 _bdp=146070 _min_cwnd=4150 _maxwnd=219105 _cwnd=219105
Initialize per-instance NSCC parameters: flowid 348 _base_rtt=11685600 _base_bdp=146070 _bdp=146070 _min_cwnd=4150 _maxwnd=219105 _cwnd=219105
Initialize per-instance NSCC parameters: flowid 349 _base_rtt=11685600 _base_bdp=146070 _bdp=146070 _min_cwnd=4150 _maxwnd=219105 _cwnd=219105
Initialize per-instance NSCC parameters: flowid 350 _base_rtt=11685600 _base_bdp=146070 _bdp=146070 _min_cwnd=4150 _maxwnd=219105 _cwnd=219105
Initialize per-instance NSCC parameters: flowid 351 _base_rtt=11685600 _base_bdp=146070 _bdp=146070 _min_cwnd=4150 _maxwnd=219105 _cwnd=219105
Initialize per-instance NSCC parameters: flowid 352 _base_rtt=11685600 _base_bdp=146070 _bdp=146070 _min_cwnd=4150 _maxwnd=219105 _cwnd=219105
Initialize per-instance NSCC parameters: flowid 353 _base_rtt=11685600 _base_bdp=146070 _bdp=146070 _min_cwnd=4150 _maxwnd=219105 _cwnd=219105
Initialize per-instance NSCC parameters: flowid 354 _base_rtt=11685600 _base_bdp=146070 _bdp=146070 _min_cwnd=4150 _maxwnd=219105 _cwnd=219105
Initialize per-instance NSCC parameters: flowid 355 _base_rtt=11685600 _base_bdp=146070 _bdp=146070 _min_cwnd=4150 _maxwnd=219105 _cwnd=219105
Initialize per-instance NSCC parameters: flowid 356 _base_rtt=11685600 _base_bdp=146070 _bdp=146070 _min_cwnd=4150 _maxwnd=219105 _cwnd=219105
Initialize per-instance NSCC parameters: flowid 357 _base_rtt=11685600 _base_bdp=146070 _bdp=146070 _min_cwnd=4150 _maxwnd=219105 _cwnd=219105
Initialize per-instance NSCC parameters: flowid 358 _base_rtt=11685600 _base_bdp=146070 _bdp=146070 _min_cwnd=4150 _maxwnd=219105 _cwnd=219105
Initialize per-instance NSCC parameters: flowid 359 _base_rtt=11685600 _base_bdp=146070 _bdp=146070 _min_cwnd=4150 _maxwnd=219105 _cwnd=219105
Initialize per-instance NSCC parameters: flowid 360 _base_rtt=11685600 _base_bdp=146070 _bdp=146070 _min_cwnd=4150 _maxwnd=219105 _cwnd=219105
Initialize per-instance NSCC parameters: flowid 361 _base_rtt=11685600 _base_bdp=146070 _bdp=146070 _min_cwnd=4150 _maxwnd=219105 _cwnd=219105
Initialize per-instance NSCC parameters: flowid 362 _base_rtt=11685600 _base_bdp=146070 _bdp=146070 _min_cwnd=4150 _maxwnd=219105 _cwnd=219105
Initialize per-instance NSCC parameters: flowid 363 _base_rtt=11685600 _base_bdp=146070 _bdp=146070 _min_cwnd=4150 _maxwnd=219105 _cwnd=219105
Initialize per-instance NSCC parameters: flowid 364 _base_rtt=11685600 _base_bdp=146070 _bdp=146070 _min_cwnd=4150 _maxwnd=219105 _cwnd=219105
Initialize per-instance NSCC parameters: flowid 365 _base_rtt=11685600 _base_bdp=146070 _bdp=146070 _min_cwnd=4150 _maxwnd=219105 _cwnd=219105
Initialize per-instance NSCC parameters: flowid 366 _base_rtt=11685600 _base_bdp=146070 _bdp=146070 _min_cwnd=4150 _maxwnd=219105 _cwnd=219105
Initialize per-instance NSCC parameters: flowid 367 _base_rtt=11685600 _base_bdp=146070 _bdp=146070 _min_cwnd=4150 _maxwnd=219105 _cwnd=219105
Initialize per-instance NSCC parameters: flowid 368 _base_rtt=11685600 _base_bdp=146070 _bdp=146070 _min_cwnd=4150 _maxwnd=219105 _cwnd=219105
Initialize per-instance NSCC parameters: flowid 369 _base_rtt=11685600 _base_bdp=146070 _bdp=146070 _min_cwnd=4150 _maxwnd=219105 _cwnd=219105
Initialize per-instance NSCC parameters: flowid 370 _base_rtt=11685600 _base_bdp=146070 _bdp=146070 _min_cwnd=4150 _maxwnd=219105 _cwnd=219105
Initialize per-instance NSCC parameters: flowid 371 _base_rtt=11685600 _base_bdp=146070 _bdp=146070 _min_cwnd=4150 _maxwnd=219105 _cwnd=219105
Initialize per-instance NSCC parameters: flowid 372 _base_rtt=11685600 _base_bdp=146070 _bdp=146070 _min_cwnd=4150 _maxwnd=219105 _cwnd=219105
Initialize per-instance NSCC parameters: flowid 373 _base_rtt=11685600 _base_bdp=146070 _bdp=146070 _min_cwnd=4150 _maxwnd=219105 _cwnd=219105
Initialize per-instance NSCC parameters: flowid 374 _base_rtt=11685600 _base_bdp=146070 _bdp=146070 _min_cwnd=4150 _maxwnd=219105 _cwnd=219105
Initialize per-instance NSCC parameters: flowid 375 _base_rtt=11685600 _base_bdp=146070 _bdp=146070 _min_cwnd=4150 _maxwnd=219105 _cwnd=219105
Initialize per-instance NSCC parameters: flowid 376 _base_rtt=11685600 _base_bdp=146070 _bdp=146070 _min_cwnd=4150 _maxwnd=219105 _cwnd=219105
Initialize per-instance NSCC parameters: flowid 377 _base_rtt=11685600 _base_bdp=146070 _bdp=146070 _min_cwnd=4150 _maxwnd=219105 _cwnd=219105
Initialize per-instance NSCC parameters: flowid 378 _base_rtt=11685600 _base_bdp=146070 _bdp=146070 _min_cwnd=4150 _maxwnd=219105 _cwnd=219105
Initialize per-instance NSCC parameters: flowid 379 _base_rtt=11685600 _base_bdp=146070 _bdp=146070 _min_cwnd=4150 _maxwnd=219105 _cwnd=219105
Initialize per-instance NSCC parameters: flowid 380 _base_rtt=11685600 _base_bdp=146070 _bdp=146070 _min_cwnd=4150 _maxwnd=219105 _cwnd=219105
Initialize per-instance NSCC parameters: flowid 381 _base_rtt=11685600 _base_bdp=146070 _bdp=146070 _min_cwnd=4150 _maxwnd=219105 _cwnd=219105
Initialize per-instance NSCC parameters: flowid 382 _base_rtt=11685600 _base_bdp=146070 _bdp=146070 _min_cwnd=4150 _maxwnd=219105 _cwnd=219105
Initialize per-instance NSCC parameters: flowid 383 _base_rtt=11685600 _base_bdp=146070 _bdp=146070 _min_cwnd=4150 _maxwnd=219105 _cwnd=219105
Initialize per-instance NSCC parameters: flowid 384 _base_rtt=11685600 _base_bdp=146070 _bdp=146070 _min_cwnd=4150 _maxwnd=219105 _cwnd=219105
Initialize per-instance NSCC parameters: flowid 385 _base_rtt=11685600 _base_bdp=146070 _bdp=146070 _min_cwnd=4150 _maxwnd=219105 _cwnd=219105
Initialize per-instance NSCC parameters: flowid 386 _base_rtt=11685600 _base_bdp=146070 _bdp=146070 _min_cwnd=4150 _maxwnd=219105 _cwnd=219105
Initialize per-instance NSCC parameters: flowid 387 _base_rtt=11685600 _base_bdp=146070 _bdp=146070 _min_cwnd=4150 _maxwnd=219105 _cwnd=219105
Initialize per-instance NSCC parameters: flowid 388 _base_rtt=11685600 _base_bdp=146070 _bdp=146070 _min_cwnd=4150 _maxwnd=219105 _cwnd=219105
Initialize per-instance NSCC parameters: flowid 389 _base_rtt=11685600 _base_bdp=146070 _bdp=146070 _min_cwnd=4150 _maxwnd=219105 _cwnd=219105
Initialize per-instance NSCC parameters: flowid 390 _base_rtt=11685600 _base_bdp=146070 _bdp=146070 _min_cwnd=4150 _maxwnd=219105 _cwnd=219105
Initialize per-instance NSCC parameters: flowid 391 _base_rtt=11685600 _base_bdp=146070 _bdp=146070 _min_cwnd=4150 _maxwnd=219105 _cwnd=219105
Initialize per-instance NSCC parameters: flowid 392 _base_rtt=11685600 _base_bdp=146070 _bdp=146070 _min_cwnd=4150 _maxwnd=219105 _cwnd=219105
Initialize per-instance NSCC parameters: flowid 393 _base_rtt=11685600 _base_bdp=146070 _bdp=146070 _min_cwnd=4150 _maxwnd=219105 _cwnd=219105
Initialize per-instance NSCC parameters: flowid 394 _base_rtt=11685600 _base_bdp=146070 _bdp=146070 _min_cwnd=4150 _maxwnd=219105 _cwnd=219105
Initialize per-instance NSCC parameters: flowid 395 _base_rtt=11685600 _base_bdp=146070 _bdp=146070 _min_cwnd=4150 _maxwnd=219105 _cwnd=219105
Initialize per-instance NSCC parameters: flowid 396 _base_rtt=11685600 _base_bdp=146070 _bdp=146070 _min_cwnd=4150 _maxwnd=219105 _cwnd=219105
Initialize per-instance NSCC parameters: flowid 397 _base_rtt=11685600 _base_bdp=146070 _bdp=146070 _min_cwnd=4150 _maxwnd=219105 _cwnd=219105
Initialize per-instance NSCC parameters: flowid 398 _base_rtt=11685600 _base_bdp=146070 _bdp=146070 _min_cwnd=4150 _maxwnd=219105 _cwnd=219105
Initialize per-instance NSCC parameters: flowid 399 _base_rtt=11685600 _base_bdp=146070 _bdp=146070 _min_cwnd=4150 _maxwnd=219105 _cwnd=219105
Initialize per-instance NSCC parameters: flowid 400 _base_rtt=11685600 _base_bdp=146070 _bdp=146070 _min_cwnd=4150 _maxwnd=219105 _cwnd=219105
Initialize per-instance NSCC parameters: flowid 401 _base_rtt=11685600 _base_bdp=146070 _bdp=146070 _min_cwnd=4150 _maxwnd=219105 _cwnd=219105
Initialize per-instance NSCC parameters: flowid 402 _base_rtt=11685600 _base_bdp=146070 _bdp=146070 _min_cwnd=4150 _maxwnd=219105 _cwnd=219105
Initialize per-instance NSCC parameters: flowid 403 _base_rtt=11685600 _base_bdp=146070 _bdp=146070 _min_cwnd=4150 _maxwnd=219105 _cwnd=219105
Initialize per-instance NSCC parameters: flowid 404 _base_rtt=11685600 _base_bdp=146070 _bdp=146070 _min_cwnd=4150 _maxwnd=219105 _cwnd=219105
Initialize per-instance NSCC parameters: flowid 405 _base_rtt=11685600 _base_bdp=146070 _bdp=146070 _min_cwnd=4150 _maxwnd=219105 _cwnd=219105
Initialize per-instance NSCC parameters: flowid 406 _base_rtt=11685600 _base_bdp=146070 _bdp=146070 _min_cwnd=4150 _maxwnd=219105 _cwnd=219105
Initialize per-instance NSCC parameters: flowid 407 _base_rtt=11685600 _base_bdp=146070 _bdp=146070 _min_cwnd=4150 _maxwnd=219105 _cwnd=219105
Initialize per-instance NSCC parameters: flowid 408 _base_rtt=11685600 _base_bdp=146070 _bdp=146070 _min_cwnd=4150 _maxwnd=219105 _cwnd=219105
Initialize per-instance NSCC parameters: flowid 409 _base_rtt=11685600 _base_bdp=146070 _bdp=146070 _min_cwnd=4150 _maxwnd=219105 _cwnd=219105
Initialize per-instance NSCC parameters: flowid 410 _base_rtt=11685600 _base_bdp=146070 _bdp=146070 _min_cwnd=4150 _maxwnd=219105 _cwnd=219105
Initialize per-instance NSCC parameters: flowid 411 _base_rtt=11685600 _base_bdp=146070 _bdp=146070 _min_cwnd=4150 _maxwnd=219105 _cwnd=219105
Initialize per-instance NSCC parameters: flowid 412 _base_rtt=11685600 _base_bdp=146070 _bdp=146070 _min_cwnd=4150 _maxwnd=219105 _cwnd=219105
Initialize per-instance NSCC parameters: flowid 413 _base_rtt=11685600 _base_bdp=146070 _bdp=146070 _min_cwnd=4150 _maxwnd=219105 _cwnd=219105
Initialize per-instance NSCC parameters: flowid 414 _base_rtt=11685600 _base_bdp=146070 _bdp=146070 _min_cwnd=4150 _maxwnd=219105 _cwnd=219105
Initialize per-instance NSCC parameters: flowid 415 _base_rtt=11685600 _base_bdp=146070 _bdp=146070 _min_cwnd=4150 _maxwnd=219105 _cwnd=219105
Initialize per-instance NSCC parameters: flowid 416 _base_rtt=11685600 _base_bdp=146070 _bdp=146070 _min_cwnd=4150 _maxwnd=219105 _cwnd=219105
Initialize per-instance NSCC parameters: flowid 417 _base_rtt=11685600 _base_bdp=146070 _bdp=146070 _min_cwnd=4150 _maxwnd=219105 _cwnd=219105
Initialize per-instance NSCC parameters: flowid 418 _base_rtt=11685600 _base_bdp=146070 _bdp=146070 _min_cwnd=4150 _maxwnd=219105 _cwnd=219105
Initialize per-instance NSCC parameters: flowid 419 _base_rtt=11685600 _base_bdp=146070 _bdp=146070 _min_cwnd=4150 _maxwnd=219105 _cwnd=219105
Initialize per-instance NSCC parameters: flowid 420 _base_rtt=11685600 _base_bdp=146070 _bdp=146070 _min_cwnd=4150 _maxwnd=219105 _cwnd=219105
Initialize per-instance NSCC parameters: flowid 421 _base_rtt=11685600 _base_bdp=146070 _bdp=146070 _min_cwnd=4150 _maxwnd=219105 _cwnd=219105
Initialize per-instance NSCC parameters: flowid 422 _base_rtt=11685600 _base_bdp=146070 _bdp=146070 _min_cwnd=4150 _maxwnd=219105 _cwnd=219105
Initialize per-instance NSCC parameters: flowid 423 _base_rtt=11685600 _base_bdp=146070 _bdp=146070 _min_cwnd=4150 _maxwnd=219105 _cwnd=219105
Initialize per-instance NSCC parameters: flowid 424 _base_rtt=11685600 _base_bdp=146070 _bdp=146070 _min_cwnd=4150 _maxwnd=219105 _cwnd=219105
Initialize per-instance NSCC parameters: flowid 425 _base_rtt=11685600 _base_bdp=146070 _bdp=146070 _min_cwnd=4150 _maxwnd=219105 _cwnd=219105
Initialize per-instance NSCC parameters: flowid 426 _base_rtt=11685600 _base_bdp=146070 _bdp=146070 _min_cwnd=4150 _maxwnd=219105 _cwnd=219105
Initialize per-instance NSCC parameters: flowid 427 _base_rtt=11685600 _base_bdp=146070 _bdp=146070 _min_cwnd=4150 _maxwnd=219105 _cwnd=219105
Initialize per-instance NSCC parameters: flowid 428 _base_rtt=11685600 _base_bdp=146070 _bdp=146070 _min_cwnd=4150 _maxwnd=219105 _cwnd=219105
Initialize per-instance NSCC parameters: flowid 429 _base_rtt=11685600 _base_bdp=146070 _bdp=146070 _min_cwnd=4150 _maxwnd=219105 _cwnd=219105
Initialize per-instance NSCC parameters: flowid 430 _base_rtt=11685600 _base_bdp=146070 _bdp=146070 _min_cwnd=4150 _maxwnd=219105 _cwnd=219105
Initialize per-instance NSCC parameters: flowid 431 _base_rtt=11685600 _base_bdp=146070 _bdp=146070 _min_cwnd=4150 _maxwnd=219105 _cwnd=219105
Initialize per-instance NSCC parameters: flowid 432 _base_rtt=11685600 _base_bdp=146070 _bdp=146070 _min_cwnd=4150 _maxwnd=219105 _cwnd=219105
Initialize per-instance NSCC parameters: flowid 433 _base_rtt=11685600 _base_bdp=146070 _bdp=146070 _min_cwnd=4150 _maxwnd=219105 _cwnd=219105
Initialize per-instance NSCC parameters: flowid 434 _base_rtt=11685600 _base_bdp=146070 _bdp=146070 _min_cwnd=4150 _maxwnd=219105 _cwnd=219105
Initialize per-instance NSCC parameters: flowid 435 _base_rtt=11685600 _base_bdp=146070 _bdp=146070 _min_cwnd=4150 _maxwnd=219105 _cwnd=219105
Initialize per-instance NSCC parameters: flowid 436 _base_rtt=11685600 _base_bdp=146070 _bdp=146070 _min_cwnd=4150 _maxwnd=219105 _cwnd=219105
Initialize per-instance NSCC parameters: flowid 437 _base_rtt=11685600 _base_bdp=146070 _bdp=146070 _min_cwnd=4150 _maxwnd=219105 _cwnd=219105
Initialize per-instance NSCC parameters: flowid 438 _base_rtt=11685600 _base_bdp=146070 _bdp=146070 _min_cwnd=4150 _maxwnd=219105 _cwnd=219105
Initialize per-instance NSCC parameters: flowid 439 _base_rtt=11685600 _base_bdp=146070 _bdp=146070 _min_cwnd=4150 _maxwnd=219105 _cwnd=219105
Initialize per-instance NSCC parameters: flowid 440 _base_rtt=11685600 _base_bdp=146070 _bdp=146070 _min_cwnd=4150 _maxwnd=219105 _cwnd=219105
Initialize per-instance NSCC parameters: flowid 441 _base_rtt=11685600 _base_bdp=146070 _bdp=146070 _min_cwnd=4150 _maxwnd=219105 _cwnd=219105
Initialize per-instance NSCC parameters: flowid 442 _base_rtt=11685600 _base_bdp=146070 _bdp=146070 _min_cwnd=4150 _maxwnd=219105 _cwnd=219105
Initialize per-instance NSCC parameters: flowid 443 _base_rtt=11685600 _base_bdp=146070 _bdp=146070 _min_cwnd=4150 _maxwnd=219105 _cwnd=219105
Initialize per-instance NSCC parameters: flowid 444 _base_rtt=11685600 _base_bdp=146070 _bdp=146070 _min_cwnd=4150 _maxwnd=219105 _cwnd=219105
Initialize per-instance NSCC parameters: flowid 445 _base_rtt=11685600 _base_bdp=146070 _bdp=146070 _min_cwnd=4150 _maxwnd=219105 _cwnd=219105
Initialize per-instance NSCC parameters: flowid 446 _base_rtt=11685600 _base_bdp=146070 _bdp=146070 _min_cwnd=4150 _maxwnd=219105 _cwnd=219105
Initialize per-instance NSCC parameters: flowid 447 _base_rtt=11685600 _base_bdp=146070 _bdp=146070 _min_cwnd=4150 _maxwnd=219105 _cwnd=219105
Initialize per-instance NSCC parameters: flowid 448 _base_rtt=11685600 _base_bdp=146070 _bdp=146070 _min_cwnd=4150 _maxwnd=219105 _cwnd=219105
Initialize per-instance NSCC parameters: flowid 449 _base_rtt=11685600 _base_bdp=146070 _bdp=146070 _min_cwnd=4150 _maxwnd=219105 _cwnd=219105
Initialize per-instance NSCC parameters: flowid 450 _base_rtt=11685600 _base_bdp=146070 _bdp=146070 _min_cwnd=4150 _maxwnd=219105 _cwnd=219105
Initialize per-instance NSCC parameters: flowid 451 _base_rtt=11685600 _base_bdp=146070 _bdp=146070 _min_cwnd=4150 _maxwnd=219105 _cwnd=219105
Initialize per-instance NSCC parameters: flowid 452 _base_rtt=11685600 _base_bdp=146070 _bdp=146070 _min_cwnd=4150 _maxwnd=219105 _cwnd=219105
Initialize per-instance NSCC parameters: flowid 453 _base_rtt=11685600 _base_bdp=146070 _bdp=146070 _min_cwnd=4150 _maxwnd=219105 _cwnd=219105
Initialize per-instance NSCC parameters: flowid 454 _base_rtt=11685600 _base_bdp=146070 _bdp=146070 _min_cwnd=4150 _maxwnd=219105 _cwnd=219105
Initialize per-instance NSCC parameters: flowid 455 _base_rtt=11685600 _base_bdp=146070 _bdp=146070 _min_cwnd=4150 _maxwnd=219105 _cwnd=219105
Initialize per-instance NSCC parameters: flowid 456 _base_rtt=11685600 _base_bdp=146070 _bdp=146070 _min_cwnd=4150 _maxwnd=219105 _cwnd=219105
Initialize per-instance NSCC parameters: flowid 457 _base_rtt=11685600 _base_bdp=146070 _bdp=146070 _min_cwnd=4150 _maxwnd=219105 _cwnd=219105
Initialize per-instance NSCC parameters: flowid 458 _base_rtt=11685600 _base_bdp=146070 _bdp=146070 _min_cwnd=4150 _maxwnd=219105 _cwnd=219105
Initialize per-instance NSCC parameters: flowid 459 _base_rtt=11685600 _base_bdp=146070 _bdp=146070 _min_cwnd=4150 _maxwnd=219105 _cwnd=219105
Initialize per-instance NSCC parameters: flowid 460 _base_rtt=11685600 _base_bdp=146070 _bdp=146070 _min_cwnd=4150 _maxwnd=219105 _cwnd=219105
Initialize per-instance NSCC parameters: flowid 461 _base_rtt=11685600 _base_bdp=146070 _bdp=146070 _min_cwnd=4150 _maxwnd=219105 _cwnd=219105
Initialize per-instance NSCC parameters: flowid 462 _base_rtt=11685600 _base_bdp=146070 _bdp=146070 _min_cwnd=4150 _maxwnd=219105 _cwnd=219105
Initialize per-instance NSCC parameters: flowid 463 _base_rtt=11685600 _base_bdp=146070 _bdp=146070 _min_cwnd=4150 _maxwnd=219105 _cwnd=219105
Initialize per-instance NSCC parameters: flowid 464 _base_rtt=11685600 _base_bdp=146070 _bdp=146070 _min_cwnd=4150 _maxwnd=219105 _cwnd=219105
Initialize per-instance NSCC parameters: flowid 465 _base_rtt=11685600 _base_bdp=146070 _bdp=146070 _min_cwnd=4150 _maxwnd=219105 _cwnd=219105
Initialize per-instance NSCC parameters: flowid 466 _base_rtt=11685600 _base_bdp=146070 _bdp=146070 _min_cwnd=4150 _maxwnd=219105 _cwnd=219105
Initialize per-instance NSCC parameters: flowid 467 _base_rtt=11685600 _base_bdp=146070 _bdp=146070 _min_cwnd=4150 _maxwnd=219105 _cwnd=219105
Initialize per-instance NSCC parameters: flowid 468 _base_rtt=11685600 _base_bdp=146070 _bdp=146070 _min_cwnd=4150 _maxwnd=219105 _cwnd=219105
Initialize per-instance NSCC parameters: flowid 469 _base_rtt=11685600 _base_bdp=146070 _bdp=146070 _min_cwnd=4150 _maxwnd=219105 _cwnd=219105
Initialize per-instance NSCC parameters: flowid 470 _base_rtt=11685600 _base_bdp=146070 _bdp=146070 _min_cwnd=4150 _maxwnd=219105 _cwnd=219105
Initialize per-instance NSCC parameters: flowid 471 _base_rtt=11685600 _base_bdp=146070 _bdp=146070 _min_cwnd=4150 _maxwnd=219105 _cwnd=219105
Initialize per-instance NSCC parameters: flowid 472 _base_rtt=11685600 _base_bdp=146070 _bdp=146070 _min_cwnd=4150 _maxwnd=219105 _cwnd=219105
Initialize per-instance NSCC parameters: flowid 473 _base_rtt=11685600 _base_bdp=146070 _bdp=146070 _min_cwnd=4150 _maxwnd=219105 _cwnd=219105
Initialize per-instance NSCC parameters: flowid 474 _base_rtt=11685600 _base_bdp=146070 _bdp=146070 _min_cwnd=4150 _maxwnd=219105 _cwnd=219105
Initialize per-instance NSCC parameters: flowid 475 _base_rtt=11685600 _base_bdp=146070 _bdp=146070 _min_cwnd=4150 _maxwnd=219105 _cwnd=219105
Initialize per-instance NSCC parameters: flowid 476 _base_rtt=11685600 _base_bdp=146070 _bdp=146070 _min_cwnd=4150 _maxwnd=219105 _cwnd=219105
Initialize per-instance NSCC parameters: flowid 477 _base_rtt=11685600 _base_bdp=146070 _bdp=146070 _min_cwnd=4150 _maxwnd=219105 _cwnd=219105
Initialize per-instance NSCC parameters: flowid 478 _base_rtt=11685600 _base_bdp=146070 _bdp=146070 _min_cwnd=4150 _maxwnd=219105 _cwnd=219105
Initialize per-instance NSCC parameters: flowid 479 _base_rtt=11685600 _base_bdp=146070 _bdp=146070 _min_cwnd=4150 _maxwnd=219105 _cwnd=219105
Initialize per-instance NSCC parameters: flowid 480 _base_rtt=11685600 _base_bdp=146070 _bdp=146070 _min_cwnd=4150 _maxwnd=219105 _cwnd=219105
Initialize per-instance NSCC parameters: flowid 481 _base_rtt=11685600 _base_bdp=146070 _bdp=146070 _min_cwnd=4150 _maxwnd=219105 _cwnd=219105
Initialize per-instance NSCC parameters: flowid 482 _base_rtt=11685600 _base_bdp=146070 _bdp=146070 _min_cwnd=4150 _maxwnd=219105 _cwnd=219105
Initialize per-instance NSCC parameters: flowid 483 _base_rtt=11685600 _base_bdp=146070 _bdp=146070 _min_cwnd=4150 _maxwnd=219105 _cwnd=219105
Initialize per-instance NSCC parameters: flowid 484 _base_rtt=11685600 _base_bdp=146070 _bdp=146070 _min_cwnd=4150 _maxwnd=219105 _cwnd=219105
Initialize per-instance NSCC parameters: flowid 485 _base_rtt=11685600 _base_bdp=146070 _bdp=146070 _min_cwnd=4150 _maxwnd=219105 _cwnd=219105
Initialize per-instance NSCC parameters: flowid 486 _base_rtt=11685600 _base_bdp=146070 _bdp=146070 _min_cwnd=4150 _maxwnd=219105 _cwnd=219105
Initialize per-instance NSCC parameters: flowid 487 _base_rtt=11685600 _base_bdp=146070 _bdp=146070 _min_cwnd=4150 _maxwnd=219105 _cwnd=219105
Initialize per-instance NSCC parameters: flowid 488 _base_rtt=11685600 _base_bdp=146070 _bdp=146070 _min_cwnd=4150 _maxwnd=219105 _cwnd=219105
Initialize per-instance NSCC parameters: flowid 489 _base_rtt=11685600 _base_bdp=146070 _bdp=146070 _min_cwnd=4150 _maxwnd=219105 _cwnd=219105
Initialize per-instance NSCC parameters: flowid 490 _base_rtt=11685600 _base_bdp=146070 _bdp=146070 _min_cwnd=4150 _maxwnd=219105 _cwnd=219105
Initialize per-instance NSCC parameters: flowid 491 _base_rtt=11685600 _base_bdp=146070 _bdp=146070 _min_cwnd=4150 _maxwnd=219105 _cwnd=219105
Initialize per-instance NSCC parameters: flowid 492 _base_rtt=11685600 _base_bdp=146070 _bdp=146070 _min_cwnd=4150 _maxwnd=219105 _cwnd=219105
Initialize per-instance NSCC parameters: flowid 493 _base_rtt=11685600 _base_bdp=146070 _bdp=146070 _min_cwnd=4150 _maxwnd=219105 _cwnd=219105
Initialize per-instance NSCC parameters: flowid 494 _base_rtt=11685600 _base_bdp=146070 _bdp=146070 _min_cwnd=4150 _maxwnd=219105 _cwnd=219105
Initialize per-instance NSCC parameters: flowid 495 _base_rtt=11685600 _base_bdp=146070 _bdp=146070 _min_cwnd=4150 _maxwnd=219105 _cwnd=219105
Initialize per-instance NSCC parameters: flowid 496 _base_rtt=11685600 _base_bdp=146070 _bdp=146070 _min_cwnd=4150 _maxwnd=219105 _cwnd=219105
Initialize per-instance NSCC parameters: flowid 497 _base_rtt=11685600 _base_bdp=146070 _bdp=146070 _min_cwnd=4150 _maxwnd=219105 _cwnd=219105
Initialize per-instance NSCC parameters: flowid 498 _base_rtt=11685600 _base_bdp=146070 _bdp=146070 _min_cwnd=4150 _maxwnd=219105 _cwnd=219105
Initialize per-instance NSCC parameters: flowid 499 _base_rtt=11685600 _base_bdp=146070 _bdp=146070 _min_cwnd=4150 _maxwnd=219105 _cwnd=219105
Initialize per-instance NSCC parameters: flowid 500 _base_rtt=11685600 _base_bdp=146070 _bdp=146070 _min_cwnd=4150 _maxwnd=219105 _cwnd=219105
Initialize per-instance NSCC parameters: flowid 501 _base_rtt=11685600 _base_bdp=146070 _bdp=146070 _min_cwnd=4150 _maxwnd=219105 _cwnd=219105
Initialize per-instance NSCC parameters: flowid 502 _base_rtt=11685600 _base_bdp=146070 _bdp=146070 _min_cwnd=4150 _maxwnd=219105 _cwnd=219105
Initialize per-instance NSCC parameters: flowid 503 _base_rtt=11685600 _base_bdp=146070 _bdp=146070 _min_cwnd=4150 _maxwnd=219105 _cwnd=219105
Initialize per-instance NSCC parameters: flowid 504 _base_rtt=11685600 _base_bdp=146070 _bdp=146070 _min_cwnd=4150 _maxwnd=219105 _cwnd=219105
Initialize per-instance NSCC parameters: flowid 505 _base_rtt=11685600 _base_bdp=146070 _bdp=146070 _min_cwnd=4150 _maxwnd=219105 _cwnd=219105
Initialize per-instance NSCC parameters: flowid 506 _base_rtt=11685600 _base_bdp=146070 _bdp=146070 _min_cwnd=4150 _maxwnd=219105 _cwnd=219105
Initialize per-instance NSCC parameters: flowid 507 _base_rtt=11685600 _base_bdp=146070 _bdp=146070 _min_cwnd=4150 _maxwnd=219105 _cwnd=219105
Initialize per-instance NSCC parameters: flowid 508 _base_rtt=11685600 _base_bdp=146070 _bdp=146070 _min_cwnd=4150 _maxwnd=219105 _cwnd=219105
Initialize per-instance NSCC parameters: flowid 509 _base_rtt=11685600 _base_bdp=146070 _bdp=146070 _min_cwnd=4150 _maxwnd=219105 _cwnd=219105
Initialize per-instance NSCC parameters: flowid 510 _base_rtt=11685600 _base_bdp=146070 _bdp=146070 _min_cwnd=4150 _maxwnd=219105 _cwnd=219105
Initialize per-instance NSCC parameters: flowid 511 _base_rtt=11685600 _base_bdp=146070 _bdp=146070 _min_cwnd=4150 _maxwnd=219105 _cwnd=219105
Initialize per-instance NSCC parameters: flowid 512 _base_rtt=11685600 _base_bdp=146070 _bdp=146070 _min_cwnd=4150 _maxwnd=219105 _cwnd=219105
Initialize per-instance NSCC parameters: flowid 513 _base_rtt=11685600 _base_bdp=146070 _bdp=146070 _min_cwnd=4150 _maxwnd=219105 _cwnd=219105
Initialize per-instance NSCC parameters: flowid 514 _base_rtt=11685600 _base_bdp=146070 _bdp=146070 _min_cwnd=4150 _maxwnd=219105 _cwnd=219105
Initialize per-instance NSCC parameters: flowid 515 _base_rtt=11685600 _base_bdp=146070 _bdp=146070 _min_cwnd=4150 _maxwnd=219105 _cwnd=219105
Initialize per-instance NSCC parameters: flowid 516 _base_rtt=11685600 _base_bdp=146070 _bdp=146070 _min_cwnd=4150 _maxwnd=219105 _cwnd=219105
Initialize per-instance NSCC parameters: flowid 517 _base_rtt=11685600 _base_bdp=146070 _bdp=146070 _min_cwnd=4150 _maxwnd=219105 _cwnd=219105
Initialize per-instance NSCC parameters: flowid 518 _base_rtt=11685600 _base_bdp=146070 _bdp=146070 _min_cwnd=4150 _maxwnd=219105 _cwnd=219105
Initialize per-instance NSCC parameters: flowid 519 _base_rtt=11685600 _base_bdp=146070 _bdp=146070 _min_cwnd=4150 _maxwnd=219105 _cwnd=219105
Initialize per-instance NSCC parameters: flowid 520 _base_rtt=11685600 _base_bdp=146070 _bdp=146070 _min_cwnd=4150 _maxwnd=219105 _cwnd=219105
Initialize per-instance NSCC parameters: flowid 521 _base_rtt=11685600 _base_bdp=146070 _bdp=146070 _min_cwnd=4150 _maxwnd=219105 _cwnd=219105
Initialize per-instance NSCC parameters: flowid 522 _base_rtt=11685600 _base_bdp=146070 _bdp=146070 _min_cwnd=4150 _maxwnd=219105 _cwnd=219105
Initialize per-instance NSCC parameters: flowid 523 _base_rtt=11685600 _base_bdp=146070 _bdp=146070 _min_cwnd=4150 _maxwnd=219105 _cwnd=219105
Initialize per-instance NSCC parameters: flowid 524 _base_rtt=11685600 _base_bdp=146070 _bdp=146070 _min_cwnd=4150 _maxwnd=219105 _cwnd=219105
Initialize per-instance NSCC parameters: flowid 525 _base_rtt=11685600 _base_bdp=146070 _bdp=146070 _min_cwnd=4150 _maxwnd=219105 _cwnd=219105
Initialize per-instance NSCC parameters: flowid 526 _base_rtt=11685600 _base_bdp=146070 _bdp=146070 _min_cwnd=4150 _maxwnd=219105 _cwnd=219105
Initialize per-instance NSCC parameters: flowid 527 _base_rtt=11685600 _base_bdp=146070 _bdp=146070 _min_cwnd=4150 _maxwnd=219105 _cwnd=219105
Initialize per-instance NSCC parameters: flowid 528 _base_rtt=11685600 _base_bdp=146070 _bdp=146070 _min_cwnd=4150 _maxwnd=219105 _cwnd=219105
Initialize per-instance NSCC parameters: flowid 529 _base_rtt=11685600 _base_bdp=146070 _bdp=146070 _min_cwnd=4150 _maxwnd=219105 _cwnd=219105
Initialize per-instance NSCC parameters: flowid 530 _base_rtt=11685600 _base_bdp=146070 _bdp=146070 _min_cwnd=4150 _maxwnd=219105 _cwnd=219105
Initialize per-instance NSCC parameters: flowid 531 _base_rtt=11685600 _base_bdp=146070 _bdp=146070 _min_cwnd=4150 _maxwnd=219105 _cwnd=219105
Initialize per-instance NSCC parameters: flowid 532 _base_rtt=11685600 _base_bdp=146070 _bdp=146070 _min_cwnd=4150 _maxwnd=219105 _cwnd=219105
Initialize per-instance NSCC parameters: flowid 533 _base_rtt=11685600 _base_bdp=146070 _bdp=146070 _min_cwnd=4150 _maxwnd=219105 _cwnd=219105
Initialize per-instance NSCC parameters: flowid 534 _base_rtt=11685600 _base_bdp=146070 _bdp=146070 _min_cwnd=4150 _maxwnd=219105 _cwnd=219105
Initialize per-instance NSCC parameters: flowid 535 _base_rtt=11685600 _base_bdp=146070 _bdp=146070 _min_cwnd=4150 _maxwnd=219105 _cwnd=219105
Initialize per-instance NSCC parameters: flowid 536 _base_rtt=11685600 _base_bdp=146070 _bdp=146070 _min_cwnd=4150 _maxwnd=219105 _cwnd=219105
Initialize per-instance NSCC parameters: flowid 537 _base_rtt=11685600 _base_bdp=146070 _bdp=146070 _min_cwnd=4150 _maxwnd=219105 _cwnd=219105
Initialize per-instance NSCC parameters: flowid 538 _base_rtt=11685600 _base_bdp=146070 _bdp=146070 _min_cwnd=4150 _maxwnd=219105 _cwnd=219105
Initialize per-instance NSCC parameters: flowid 539 _base_rtt=11685600 _base_bdp=146070 _bdp=146070 _min_cwnd=4150 _maxwnd=219105 _cwnd=219105
Initialize per-instance NSCC parameters: flowid 540 _base_rtt=11685600 _base_bdp=146070 _bdp=146070 _min_cwnd=4150 _maxwnd=219105 _cwnd=219105
Initialize per-instance NSCC parameters: flowid 541 _base_rtt=11685600 _base_bdp=146070 _bdp=146070 _min_cwnd=4150 _maxwnd=219105 _cwnd=219105
Initialize per-instance NSCC parameters: flowid 542 _base_rtt=11685600 _base_bdp=146070 _bdp=146070 _min_cwnd=4150 _maxwnd=219105 _cwnd=219105
Initialize per-instance NSCC parameters: flowid 543 _base_rtt=11685600 _base_bdp=146070 _bdp=146070 _min_cwnd=4150 _maxwnd=219105 _cwnd=219105
Initialize per-instance NSCC parameters: flowid 544 _base_rtt=11685600 _base_bdp=146070 _bdp=146070 _min_cwnd=4150 _maxwnd=219105 _cwnd=219105
Initialize per-instance NSCC parameters: flowid 545 _base_rtt=11685600 _base_bdp=146070 _bdp=146070 _min_cwnd=4150 _maxwnd=219105 _cwnd=219105
Initialize per-instance NSCC parameters: flowid 546 _base_rtt=11685600 _base_bdp=146070 _bdp=146070 _min_cwnd=4150 _maxwnd=219105 _cwnd=219105
Initialize per-instance NSCC parameters: flowid 547 _base_rtt=11685600 _base_bdp=146070 _bdp=146070 _min_cwnd=4150 _maxwnd=219105 _cwnd=219105
Initialize per-instance NSCC parameters: flowid 548 _base_rtt=11685600 _base_bdp=146070 _bdp=146070 _min_cwnd=4150 _maxwnd=219105 _cwnd=219105
Initialize per-instance NSCC parameters: flowid 549 _base_rtt=11685600 _base_bdp=146070 _bdp=146070 _min_cwnd=4150 _maxwnd=219105 _cwnd=219105
Initialize per-instance NSCC parameters: flowid 550 _base_rtt=11685600 _base_bdp=146070 _bdp=146070 _min_cwnd=4150 _maxwnd=219105 _cwnd=219105
Initialize per-instance NSCC parameters: flowid 551 _base_rtt=11685600 _base_bdp=146070 _bdp=146070 _min_cwnd=4150 _maxwnd=219105 _cwnd=219105
Initialize per-instance NSCC parameters: flowid 552 _base_rtt=11685600 _base_bdp=146070 _bdp=146070 _min_cwnd=4150 _maxwnd=219105 _cwnd=219105
Initialize per-instance NSCC parameters: flowid 553 _base_rtt=11685600 _base_bdp=146070 _bdp=146070 _min_cwnd=4150 _maxwnd=219105 _cwnd=219105
Initialize per-instance NSCC parameters: flowid 554 _base_rtt=11685600 _base_bdp=146070 _bdp=146070 _min_cwnd=4150 _maxwnd=219105 _cwnd=219105
Initialize per-instance NSCC parameters: flowid 555 _base_rtt=11685600 _base_bdp=146070 _bdp=146070 _min_cwnd=4150 _maxwnd=219105 _cwnd=219105
Initialize per-instance NSCC parameters: flowid 556 _base_rtt=11685600 _base_bdp=146070 _bdp=146070 _min_cwnd=4150 _maxwnd=219105 _cwnd=219105
Initialize per-instance NSCC parameters: flowid 557 _base_rtt=11685600 _base_bdp=146070 _bdp=146070 _min_cwnd=4150 _maxwnd=219105 _cwnd=219105
Initialize per-instance NSCC parameters: flowid 558 _base_rtt=11685600 _base_bdp=146070 _bdp=146070 _min_cwnd=4150 _maxwnd=219105 _cwnd=219105
Initialize per-instance NSCC parameters: flowid 559 _base_rtt=11685600 _base_bdp=146070 _bdp=146070 _min_cwnd=4150 _maxwnd=219105 _cwnd=219105
Initialize per-instance NSCC parameters: flowid 560 _base_rtt=11685600 _base_bdp=146070 _bdp=146070 _min_cwnd=4150 _maxwnd=219105 _cwnd=219105
Initialize per-instance NSCC parameters: flowid 561 _base_rtt=11685600 _base_bdp=146070 _bdp=146070 _min_cwnd=4150 _maxwnd=219105 _cwnd=219105
Initialize per-instance NSCC parameters: flowid 562 _base_rtt=11685600 _base_bdp=146070 _bdp=146070 _min_cwnd=4150 _maxwnd=219105 _cwnd=219105
Initialize per-instance NSCC parameters: flowid 563 _base_rtt=11685600 _base_bdp=146070 _bdp=146070 _min_cwnd=4150 _maxwnd=219105 _cwnd=219105
Initialize per-instance NSCC parameters: flowid 564 _base_rtt=11685600 _base_bdp=146070 _bdp=146070 _min_cwnd=4150 _maxwnd=219105 _cwnd=219105
Initialize per-instance NSCC parameters: flowid 565 _base_rtt=11685600 _base_bdp=146070 _bdp=146070 _min_cwnd=4150 _maxwnd=219105 _cwnd=219105
Initialize per-instance NSCC parameters: flowid 566 _base_rtt=11685600 _base_bdp=146070 _bdp=146070 _min_cwnd=4150 _maxwnd=219105 _cwnd=219105
Initialize per-instance NSCC parameters: flowid 567 _base_rtt=11685600 _base_bdp=146070 _bdp=146070 _min_cwnd=4150 _maxwnd=219105 _cwnd=219105
Initialize per-instance NSCC parameters: flowid 568 _base_rtt=11685600 _base_bdp=146070 _bdp=146070 _min_cwnd=4150 _maxwnd=219105 _cwnd=219105
Initialize per-instance NSCC parameters: flowid 569 _base_rtt=11685600 _base_bdp=146070 _bdp=146070 _min_cwnd=4150 _maxwnd=219105 _cwnd=219105
Initialize per-instance NSCC parameters: flowid 570 _base_rtt=11685600 _base_bdp=146070 _bdp=146070 _min_cwnd=4150 _maxwnd=219105 _cwnd=219105
Initialize per-instance NSCC parameters: flowid 571 _base_rtt=11685600 _base_bdp=146070 _bdp=146070 _min_cwnd=4150 _maxwnd=219105 _cwnd=219105
Initialize per-instance NSCC parameters: flowid 572 _base_rtt=11685600 _base_bdp=146070 _bdp=146070 _min_cwnd=4150 _maxwnd=219105 _cwnd=219105
Initialize per-instance NSCC parameters: flowid 573 _base_rtt=11685600 _base_bdp=146070 _bdp=146070 _min_cwnd=4150 _maxwnd=219105 _cwnd=219105
Initialize per-instance NSCC parameters: flowid 574 _base_rtt=11685600 _base_bdp=146070 _bdp=146070 _min_cwnd=4150 _maxwnd=219105 _cwnd=219105
Initialize per-instance NSCC parameters: flowid 575 _base_rtt=11685600 _base_bdp=146070 _bdp=146070 _min_cwnd=4150 _maxwnd=219105 _cwnd=219105
Initialize per-instance NSCC parameters: flowid 576 _base_rtt=11685600 _base_bdp=146070 _bdp=146070 _min_cwnd=4150 _maxwnd=219105 _cwnd=219105
Initialize per-instance NSCC parameters: flowid 577 _base_rtt=11685600 _base_bdp=146070 _bdp=146070 _min_cwnd=4150 _maxwnd=219105 _cwnd=219105
Initialize per-instance NSCC parameters: flowid 578 _base_rtt=11685600 _base_bdp=146070 _bdp=146070 _min_cwnd=4150 _maxwnd=219105 _cwnd=219105
Initialize per-instance NSCC parameters: flowid 579 _base_rtt=11685600 _base_bdp=146070 _bdp=146070 _min_cwnd=4150 _maxwnd=219105 _cwnd=219105
Initialize per-instance NSCC parameters: flowid 580 _base_rtt=11685600 _base_bdp=146070 _bdp=146070 _min_cwnd=4150 _maxwnd=219105 _cwnd=219105
Initialize per-instance NSCC parameters: flowid 581 _base_rtt=11685600 _base_bdp=146070 _bdp=146070 _min_cwnd=4150 _maxwnd=219105 _cwnd=219105
Initialize per-instance NSCC parameters: flowid 582 _base_rtt=11685600 _base_bdp=146070 _bdp=146070 _min_cwnd=4150 _maxwnd=219105 _cwnd=219105
Initialize per-instance NSCC parameters: flowid 583 _base_rtt=11685600 _base_bdp=146070 _bdp=146070 _min_cwnd=4150 _maxwnd=219105 _cwnd=219105
Initialize per-instance NSCC parameters: flowid 584 _base_rtt=11685600 _base_bdp=146070 _bdp=146070 _min_cwnd=4150 _maxwnd=219105 _cwnd=219105
Initialize per-instance NSCC parameters: flowid 585 _base_rtt=11685600 _base_bdp=146070 _bdp=146070 _min_cwnd=4150 _maxwnd=219105 _cwnd=219105
Initialize per-instance NSCC parameters: flowid 586 _base_rtt=11685600 _base_bdp=146070 _bdp=146070 _min_cwnd=4150 _maxwnd=219105 _cwnd=219105
Initialize per-instance NSCC parameters: flowid 587 _base_rtt=11685600 _base_bdp=146070 _bdp=146070 _min_cwnd=4150 _maxwnd=219105 _cwnd=219105
Initialize per-instance NSCC parameters: flowid 588 _base_rtt=11685600 _base_bdp=146070 _bdp=146070 _min_cwnd=4150 _maxwnd=219105 _cwnd=219105
Initialize per-instance NSCC parameters: flowid 589 _base_rtt=11685600 _base_bdp=146070 _bdp=146070 _min_cwnd=4150 _maxwnd=219105 _cwnd=219105
Initialize per-instance NSCC parameters: flowid 590 _base_rtt=11685600 _base_bdp=146070 _bdp=146070 _min_cwnd=4150 _maxwnd=219105 _cwnd=219105
Initialize per-instance NSCC parameters: flowid 591 _base_rtt=11685600 _base_bdp=146070 _bdp=146070 _min_cwnd=4150 _maxwnd=219105 _cwnd=219105
Initialize per-instance NSCC parameters: flowid 592 _base_rtt=11685600 _base_bdp=146070 _bdp=146070 _min_cwnd=4150 _maxwnd=219105 _cwnd=219105
Initialize per-instance NSCC parameters: flowid 593 _base_rtt=11685600 _base_bdp=146070 _bdp=146070 _min_cwnd=4150 _maxwnd=219105 _cwnd=219105
Initialize per-instance NSCC parameters: flowid 594 _base_rtt=11685600 _base_bdp=146070 _bdp=146070 _min_cwnd=4150 _maxwnd=219105 _cwnd=219105
Initialize per-instance NSCC parameters: flowid 595 _base_rtt=11685600 _base_bdp=146070 _bdp=146070 _min_cwnd=4150 _maxwnd=219105 _cwnd=219105
Initialize per-instance NSCC parameters: flowid 596 _base_rtt=11685600 _base_bdp=146070 _bdp=146070 _min_cwnd=4150 _maxwnd=219105 _cwnd=219105
Initialize per-instance NSCC parameters: flowid 597 _base_rtt=11685600 _base_bdp=146070 _bdp=146070 _min_cwnd=4150 _maxwnd=219105 _cwnd=219105
Initialize per-instance NSCC parameters: flowid 598 _base_rtt=11685600 _base_bdp=146070 _bdp=146070 _min_cwnd=4150 _maxwnd=219105 _cwnd=219105
Initialize per-instance NSCC parameters: flowid 599 _base_rtt=11685600 _base_bdp=146070 _bdp=146070 _min_cwnd=4150 _maxwnd=219105 _cwnd=219105
Initialize per-instance NSCC parameters: flowid 600 _base_rtt=11685600 _base_bdp=146070 _bdp=146070 _min_cwnd=4150 _maxwnd=219105 _cwnd=219105
Initialize per-instance NSCC parameters: flowid 601 _base_rtt=11685600 _base_bdp=146070 _bdp=146070 _min_cwnd=4150 _maxwnd=219105 _cwnd=219105
Initialize per-instance NSCC parameters: flowid 602 _base_rtt=11685600 _base_bdp=146070 _bdp=146070 _min_cwnd=4150 _maxwnd=219105 _cwnd=219105
Initialize per-instance NSCC parameters: flowid 603 _base_rtt=11685600 _base_bdp=146070 _bdp=146070 _min_cwnd=4150 _maxwnd=219105 _cwnd=219105
Initialize per-instance NSCC parameters: flowid 604 _base_rtt=11685600 _base_bdp=146070 _bdp=146070 _min_cwnd=4150 _maxwnd=219105 _cwnd=219105
Initialize per-instance NSCC parameters: flowid 605 _base_rtt=11685600 _base_bdp=146070 _bdp=146070 _min_cwnd=4150 _maxwnd=219105 _cwnd=219105
Initialize per-instance NSCC parameters: flowid 606 _base_rtt=11685600 _base_bdp=146070 _bdp=146070 _min_cwnd=4150 _maxwnd=219105 _cwnd=219105
Initialize per-instance NSCC parameters: flowid 607 _base_rtt=11685600 _base_bdp=146070 _bdp=146070 _min_cwnd=4150 _maxwnd=219105 _cwnd=219105
Initialize per-instance NSCC parameters: flowid 608 _base_rtt=11685600 _base_bdp=146070 _bdp=146070 _min_cwnd=4150 _maxwnd=219105 _cwnd=219105
Initialize per-instance NSCC parameters: flowid 609 _base_rtt=11685600 _base_bdp=146070 _bdp=146070 _min_cwnd=4150 _maxwnd=219105 _cwnd=219105
Initialize per-instance NSCC parameters: flowid 610 _base_rtt=11685600 _base_bdp=146070 _bdp=146070 _min_cwnd=4150 _maxwnd=219105 _cwnd=219105
Initialize per-instance NSCC parameters: flowid 611 _base_rtt=11685600 _base_bdp=146070 _bdp=146070 _min_cwnd=4150 _maxwnd=219105 _cwnd=219105
Initialize per-instance NSCC parameters: flowid 612 _base_rtt=11685600 _base_bdp=146070 _bdp=146070 _min_cwnd=4150 _maxwnd=219105 _cwnd=219105
Initialize per-instance NSCC parameters: flowid 613 _base_rtt=11685600 _base_bdp=146070 _bdp=146070 _min_cwnd=4150 _maxwnd=219105 _cwnd=219105
Initialize per-instance NSCC parameters: flowid 614 _base_rtt=11685600 _base_bdp=146070 _bdp=146070 _min_cwnd=4150 _maxwnd=219105 _cwnd=219105
Initialize per-instance NSCC parameters: flowid 615 _base_rtt=11685600 _base_bdp=146070 _bdp=146070 _min_cwnd=4150 _maxwnd=219105 _cwnd=219105
Initialize per-instance NSCC parameters: flowid 616 _base_rtt=11685600 _base_bdp=146070 _bdp=146070 _min_cwnd=4150 _maxwnd=219105 _cwnd=219105
Initialize per-instance NSCC parameters: flowid 617 _base_rtt=11685600 _base_bdp=146070 _bdp=146070 _min_cwnd=4150 _maxwnd=219105 _cwnd=219105
Initialize per-instance NSCC parameters: flowid 618 _base_rtt=11685600 _base_bdp=146070 _bdp=146070 _min_cwnd=4150 _maxwnd=219105 _cwnd=219105
Initialize per-instance NSCC parameters: flowid 619 _base_rtt=11685600 _base_bdp=146070 _bdp=146070 _min_cwnd=4150 _maxwnd=219105 _cwnd=219105
Initialize per-instance NSCC parameters: flowid 620 _base_rtt=11685600 _base_bdp=146070 _bdp=146070 _min_cwnd=4150 _maxwnd=219105 _cwnd=219105
Initialize per-instance NSCC parameters: flowid 621 _base_rtt=11685600 _base_bdp=146070 _bdp=146070 _min_cwnd=4150 _maxwnd=219105 _cwnd=219105
Initialize per-instance NSCC parameters: flowid 622 _base_rtt=11685600 _base_bdp=146070 _bdp=146070 _min_cwnd=4150 _maxwnd=219105 _cwnd=219105
Initialize per-instance NSCC parameters: flowid 623 _base_rtt=11685600 _base_bdp=146070 _bdp=146070 _min_cwnd=4150 _maxwnd=219105 _cwnd=219105
Initialize per-instance NSCC parameters: flowid 624 _base_rtt=11685600 _base_bdp=146070 _bdp=146070 _min_cwnd=4150 _maxwnd=219105 _cwnd=219105
Initialize per-instance NSCC parameters: flowid 625 _base_rtt=11685600 _base_bdp=146070 _bdp=146070 _min_cwnd=4150 _maxwnd=219105 _cwnd=219105
Initialize per-instance NSCC parameters: flowid 626 _base_rtt=11685600 _base_bdp=146070 _bdp=146070 _min_cwnd=4150 _maxwnd=219105 _cwnd=219105
Initialize per-instance NSCC parameters: flowid 627 _base_rtt=11685600 _base_bdp=146070 _bdp=146070 _min_cwnd=4150 _maxwnd=219105 _cwnd=219105
Initialize per-instance NSCC parameters: flowid 628 _base_rtt=11685600 _base_bdp=146070 _bdp=146070 _min_cwnd=4150 _maxwnd=219105 _cwnd=219105
Initialize per-instance NSCC parameters: flowid 629 _base_rtt=11685600 _base_bdp=146070 _bdp=146070 _min_cwnd=4150 _maxwnd=219105 _cwnd=219105
Initialize per-instance NSCC parameters: flowid 630 _base_rtt=11685600 _base_bdp=146070 _bdp=146070 _min_cwnd=4150 _maxwnd=219105 _cwnd=219105
Initialize per-instance NSCC parameters: flowid 631 _base_rtt=11685600 _base_bdp=146070 _bdp=146070 _min_cwnd=4150 _maxwnd=219105 _cwnd=219105
Initialize per-instance NSCC parameters: flowid 632 _base_rtt=11685600 _base_bdp=146070 _bdp=146070 _min_cwnd=4150 _maxwnd=219105 _cwnd=219105
Initialize per-instance NSCC parameters: flowid 633 _base_rtt=11685600 _base_bdp=146070 _bdp=146070 _min_cwnd=4150 _maxwnd=219105 _cwnd=219105
Initialize per-instance NSCC parameters: flowid 634 _base_rtt=11685600 _base_bdp=146070 _bdp=146070 _min_cwnd=4150 _maxwnd=219105 _cwnd=219105
Initialize per-instance NSCC parameters: flowid 635 _base_rtt=11685600 _base_bdp=146070 _bdp=146070 _min_cwnd=4150 _maxwnd=219105 _cwnd=219105
Initialize per-instance NSCC parameters: flowid 636 _base_rtt=11685600 _base_bdp=146070 _bdp=146070 _min_cwnd=4150 _maxwnd=219105 _cwnd=219105
Initialize per-instance NSCC parameters: flowid 637 _base_rtt=11685600 _base_bdp=146070 _bdp=146070 _min_cwnd=4150 _maxwnd=219105 _cwnd=219105
Initialize per-instance NSCC parameters: flowid 638 _base_rtt=11685600 _base_bdp=146070 _bdp=146070 _min_cwnd=4150 _maxwnd=219105 _cwnd=219105
Initialize per-instance NSCC parameters: flowid 639 _base_rtt=11685600 _base_bdp=146070 _bdp=146070 _min_cwnd=4150 _maxwnd=219105 _cwnd=219105
Initialize per-instance NSCC parameters: flowid 640 _base_rtt=11685600 _base_bdp=146070 _bdp=146070 _min_cwnd=4150 _maxwnd=219105 _cwnd=219105
Initialize per-instance NSCC parameters: flowid 641 _base_rtt=11685600 _base_bdp=146070 _bdp=146070 _min_cwnd=4150 _maxwnd=219105 _cwnd=219105
Initialize per-instance NSCC parameters: flowid 642 _base_rtt=11685600 _base_bdp=146070 _bdp=146070 _min_cwnd=4150 _maxwnd=219105 _cwnd=219105
Initialize per-instance NSCC parameters: flowid 643 _base_rtt=11685600 _base_bdp=146070 _bdp=146070 _min_cwnd=4150 _maxwnd=219105 _cwnd=219105
Initialize per-instance NSCC parameters: flowid 644 _base_rtt=11685600 _base_bdp=146070 _bdp=146070 _min_cwnd=4150 _maxwnd=219105 _cwnd=219105
Initialize per-instance NSCC parameters: flowid 645 _base_rtt=11685600 _base_bdp=146070 _bdp=146070 _min_cwnd=4150 _maxwnd=219105 _cwnd=219105
Initialize per-instance NSCC parameters: flowid 646 _base_rtt=11685600 _base_bdp=146070 _bdp=146070 _min_cwnd=4150 _maxwnd=219105 _cwnd=219105
Initialize per-instance NSCC parameters: flowid 647 _base_rtt=11685600 _base_bdp=146070 _bdp=146070 _min_cwnd=4150 _maxwnd=219105 _cwnd=219105
Initialize per-instance NSCC parameters: flowid 648 _base_rtt=11685600 _base_bdp=146070 _bdp=146070 _min_cwnd=4150 _maxwnd=219105 _cwnd=219105
Initialize per-instance NSCC parameters: flowid 649 _base_rtt=11685600 _base_bdp=146070 _bdp=146070 _min_cwnd=4150 _maxwnd=219105 _cwnd=219105
Initialize per-instance NSCC parameters: flowid 650 _base_rtt=11685600 _base_bdp=146070 _bdp=146070 _min_cwnd=4150 _maxwnd=219105 _cwnd=219105
Initialize per-instance NSCC parameters: flowid 651 _base_rtt=11685600 _base_bdp=146070 _bdp=146070 _min_cwnd=4150 _maxwnd=219105 _cwnd=219105
Initialize per-instance NSCC parameters: flowid 652 _base_rtt=11685600 _base_bdp=146070 _bdp=146070 _min_cwnd=4150 _maxwnd=219105 _cwnd=219105
Initialize per-instance NSCC parameters: flowid 653 _base_rtt=11685600 _base_bdp=146070 _bdp=146070 _min_cwnd=4150 _maxwnd=219105 _cwnd=219105
Initialize per-instance NSCC parameters: flowid 654 _base_rtt=11685600 _base_bdp=146070 _bdp=146070 _min_cwnd=4150 _maxwnd=219105 _cwnd=219105
Initialize per-instance NSCC parameters: flowid 655 _base_rtt=11685600 _base_bdp=146070 _bdp=146070 _min_cwnd=4150 _maxwnd=219105 _cwnd=219105
Initialize per-instance NSCC parameters: flowid 656 _base_rtt=11685600 _base_bdp=146070 _bdp=146070 _min_cwnd=4150 _maxwnd=219105 _cwnd=219105
Initialize per-instance NSCC parameters: flowid 657 _base_rtt=11685600 _base_bdp=146070 _bdp=146070 _min_cwnd=4150 _maxwnd=219105 _cwnd=219105
Initialize per-instance NSCC parameters: flowid 658 _base_rtt=11685600 _base_bdp=146070 _bdp=146070 _min_cwnd=4150 _maxwnd=219105 _cwnd=219105
Initialize per-instance NSCC parameters: flowid 659 _base_rtt=11685600 _base_bdp=146070 _bdp=146070 _min_cwnd=4150 _maxwnd=219105 _cwnd=219105
Initialize per-instance NSCC parameters: flowid 660 _base_rtt=11685600 _base_bdp=146070 _bdp=146070 _min_cwnd=4150 _maxwnd=219105 _cwnd=219105
Initialize per-instance NSCC parameters: flowid 661 _base_rtt=11685600 _base_bdp=146070 _bdp=146070 _min_cwnd=4150 _maxwnd=219105 _cwnd=219105
Initialize per-instance NSCC parameters: flowid 662 _base_rtt=11685600 _base_bdp=146070 _bdp=146070 _min_cwnd=4150 _maxwnd=219105 _cwnd=219105
Initialize per-instance NSCC parameters: flowid 663 _base_rtt=11685600 _base_bdp=146070 _bdp=146070 _min_cwnd=4150 _maxwnd=219105 _cwnd=219105
Initialize per-instance NSCC parameters: flowid 664 _base_rtt=11685600 _base_bdp=146070 _bdp=146070 _min_cwnd=4150 _maxwnd=219105 _cwnd=219105
Initialize per-instance NSCC parameters: flowid 665 _base_rtt=11685600 _base_bdp=146070 _bdp=146070 _min_cwnd=4150 _maxwnd=219105 _cwnd=219105
Initialize per-instance NSCC parameters: flowid 666 _base_rtt=11685600 _base_bdp=146070 _bdp=146070 _min_cwnd=4150 _maxwnd=219105 _cwnd=219105
Initialize per-instance NSCC parameters: flowid 667 _base_rtt=11685600 _base_bdp=146070 _bdp=146070 _min_cwnd=4150 _maxwnd=219105 _cwnd=219105
Initialize per-instance NSCC parameters: flowid 668 _base_rtt=11685600 _base_bdp=146070 _bdp=146070 _min_cwnd=4150 _maxwnd=219105 _cwnd=219105
Initialize per-instance NSCC parameters: flowid 669 _base_rtt=11685600 _base_bdp=146070 _bdp=146070 _min_cwnd=4150 _maxwnd=219105 _cwnd=219105
Initialize per-instance NSCC parameters: flowid 670 _base_rtt=11685600 _base_bdp=146070 _bdp=146070 _min_cwnd=4150 _maxwnd=219105 _cwnd=219105
Initialize per-instance NSCC parameters: flowid 671 _base_rtt=11685600 _base_bdp=146070 _bdp=146070 _min_cwnd=4150 _maxwnd=219105 _cwnd=219105
Initialize per-instance NSCC parameters: flowid 672 _base_rtt=11685600 _base_bdp=146070 _bdp=146070 _min_cwnd=4150 _maxwnd=219105 _cwnd=219105
Initialize per-instance NSCC parameters: flowid 673 _base_rtt=11685600 _base_bdp=146070 _bdp=146070 _min_cwnd=4150 _maxwnd=219105 _cwnd=219105
Initialize per-instance NSCC parameters: flowid 674 _base_rtt=11685600 _base_bdp=146070 _bdp=146070 _min_cwnd=4150 _maxwnd=219105 _cwnd=219105
Initialize per-instance NSCC parameters: flowid 675 _base_rtt=11685600 _base_bdp=146070 _bdp=146070 _min_cwnd=4150 _maxwnd=219105 _cwnd=219105
Initialize per-instance NSCC parameters: flowid 676 _base_rtt=11685600 _base_bdp=146070 _bdp=146070 _min_cwnd=4150 _maxwnd=219105 _cwnd=219105
Initialize per-instance NSCC parameters: flowid 677 _base_rtt=11685600 _base_bdp=146070 _bdp=146070 _min_cwnd=4150 _maxwnd=219105 _cwnd=219105
Initialize per-instance NSCC parameters: flowid 678 _base_rtt=11685600 _base_bdp=146070 _bdp=146070 _min_cwnd=4150 _maxwnd=219105 _cwnd=219105
Initialize per-instance NSCC parameters: flowid 679 _base_rtt=11685600 _base_bdp=146070 _bdp=146070 _min_cwnd=4150 _maxwnd=219105 _cwnd=219105
Initialize per-instance NSCC parameters: flowid 680 _base_rtt=11685600 _base_bdp=146070 _bdp=146070 _min_cwnd=4150 _maxwnd=219105 _cwnd=219105
Initialize per-instance NSCC parameters: flowid 681 _base_rtt=11685600 _base_bdp=146070 _bdp=146070 _min_cwnd=4150 _maxwnd=219105 _cwnd=219105
Initialize per-instance NSCC parameters: flowid 682 _base_rtt=11685600 _base_bdp=146070 _bdp=146070 _min_cwnd=4150 _maxwnd=219105 _cwnd=219105
Initialize per-instance NSCC parameters: flowid 683 _base_rtt=11685600 _base_bdp=146070 _bdp=146070 _min_cwnd=4150 _maxwnd=219105 _cwnd=219105
Initialize per-instance NSCC parameters: flowid 684 _base_rtt=11685600 _base_bdp=146070 _bdp=146070 _min_cwnd=4150 _maxwnd=219105 _cwnd=219105
Initialize per-instance NSCC parameters: flowid 685 _base_rtt=11685600 _base_bdp=146070 _bdp=146070 _min_cwnd=4150 _maxwnd=219105 _cwnd=219105
Initialize per-instance NSCC parameters: flowid 686 _base_rtt=11685600 _base_bdp=146070 _bdp=146070 _min_cwnd=4150 _maxwnd=219105 _cwnd=219105
Initialize per-instance NSCC parameters: flowid 687 _base_rtt=11685600 _base_bdp=146070 _bdp=146070 _min_cwnd=4150 _maxwnd=219105 _cwnd=219105
Initialize per-instance NSCC parameters: flowid 688 _base_rtt=11685600 _base_bdp=146070 _bdp=146070 _min_cwnd=4150 _maxwnd=219105 _cwnd=219105
Initialize per-instance NSCC parameters: flowid 689 _base_rtt=11685600 _base_bdp=146070 _bdp=146070 _min_cwnd=4150 _maxwnd=219105 _cwnd=219105
Initialize per-instance NSCC parameters: flowid 690 _base_rtt=11685600 _base_bdp=146070 _bdp=146070 _min_cwnd=4150 _maxwnd=219105 _cwnd=219105
Initialize per-instance NSCC parameters: flowid 691 _base_rtt=11685600 _base_bdp=146070 _bdp=146070 _min_cwnd=4150 _maxwnd=219105 _cwnd=219105
Initialize per-instance NSCC parameters: flowid 692 _base_rtt=11685600 _base_bdp=146070 _bdp=146070 _min_cwnd=4150 _maxwnd=219105 _cwnd=219105
Initialize per-instance NSCC parameters: flowid 693 _base_rtt=11685600 _base_bdp=146070 _bdp=146070 _min_cwnd=4150 _maxwnd=219105 _cwnd=219105
Initialize per-instance NSCC parameters: flowid 694 _base_rtt=11685600 _base_bdp=146070 _bdp=146070 _min_cwnd=4150 _maxwnd=219105 _cwnd=219105
Initialize per-instance NSCC parameters: flowid 695 _base_rtt=11685600 _base_bdp=146070 _bdp=146070 _min_cwnd=4150 _maxwnd=219105 _cwnd=219105
Initialize per-instance NSCC parameters: flowid 696 _base_rtt=11685600 _base_bdp=146070 _bdp=146070 _min_cwnd=4150 _maxwnd=219105 _cwnd=219105
Initialize per-instance NSCC parameters: flowid 697 _base_rtt=11685600 _base_bdp=146070 _bdp=146070 _min_cwnd=4150 _maxwnd=219105 _cwnd=219105
Initialize per-instance NSCC parameters: flowid 698 _base_rtt=11685600 _base_bdp=146070 _bdp=146070 _min_cwnd=4150 _maxwnd=219105 _cwnd=219105
Initialize per-instance NSCC parameters: flowid 699 _base_rtt=11685600 _base_bdp=146070 _bdp=146070 _min_cwnd=4150 _maxwnd=219105 _cwnd=219105
Initialize per-instance NSCC parameters: flowid 700 _base_rtt=11685600 _base_bdp=146070 _bdp=146070 _min_cwnd=4150 _maxwnd=219105 _cwnd=219105
Initialize per-instance NSCC parameters: flowid 701 _base_rtt=11685600 _base_bdp=146070 _bdp=146070 _min_cwnd=4150 _maxwnd=219105 _cwnd=219105
Initialize per-instance NSCC parameters: flowid 702 _base_rtt=11685600 _base_bdp=146070 _bdp=146070 _min_cwnd=4150 _maxwnd=219105 _cwnd=219105
Initialize per-instance NSCC parameters: flowid 703 _base_rtt=11685600 _base_bdp=146070 _bdp=146070 _min_cwnd=4150 _maxwnd=219105 _cwnd=219105
Initialize per-instance NSCC parameters: flowid 704 _base_rtt=11685600 _base_bdp=146070 _bdp=146070 _min_cwnd=4150 _maxwnd=219105 _cwnd=219105
Initialize per-instance NSCC parameters: flowid 705 _base_rtt=11685600 _base_bdp=146070 _bdp=146070 _min_cwnd=4150 _maxwnd=219105 _cwnd=219105
Initialize per-instance NSCC parameters: flowid 706 _base_rtt=11685600 _base_bdp=146070 _bdp=146070 _min_cwnd=4150 _maxwnd=219105 _cwnd=219105
Initialize per-instance NSCC parameters: flowid 707 _base_rtt=11685600 _base_bdp=146070 _bdp=146070 _min_cwnd=4150 _maxwnd=219105 _cwnd=219105
Initialize per-instance NSCC parameters: flowid 708 _base_rtt=11685600 _base_bdp=146070 _bdp=146070 _min_cwnd=4150 _maxwnd=219105 _cwnd=219105
Initialize per-instance NSCC parameters: flowid 709 _base_rtt=11685600 _base_bdp=146070 _bdp=146070 _min_cwnd=4150 _maxwnd=219105 _cwnd=219105
Initialize per-instance NSCC parameters: flowid 710 _base_rtt=11685600 _base_bdp=146070 _bdp=146070 _min_cwnd=4150 _maxwnd=219105 _cwnd=219105
Initialize per-instance NSCC parameters: flowid 711 _base_rtt=11685600 _base_bdp=146070 _bdp=146070 _min_cwnd=4150 _maxwnd=219105 _cwnd=219105
Initialize per-instance NSCC parameters: flowid 712 _base_rtt=11685600 _base_bdp=146070 _bdp=146070 _min_cwnd=4150 _maxwnd=219105 _cwnd=219105
Initialize per-instance NSCC parameters: flowid 713 _base_rtt=11685600 _base_bdp=146070 _bdp=146070 _min_cwnd=4150 _maxwnd=219105 _cwnd=219105
Initialize per-instance NSCC parameters: flowid 714 _base_rtt=11685600 _base_bdp=146070 _bdp=146070 _min_cwnd=4150 _maxwnd=219105 _cwnd=219105
Initialize per-instance NSCC parameters: flowid 715 _base_rtt=11685600 _base_bdp=146070 _bdp=146070 _min_cwnd=4150 _maxwnd=219105 _cwnd=219105
Initialize per-instance NSCC parameters: flowid 716 _base_rtt=11685600 _base_bdp=146070 _bdp=146070 _min_cwnd=4150 _maxwnd=219105 _cwnd=219105
Initialize per-instance NSCC parameters: flowid 717 _base_rtt=11685600 _base_bdp=146070 _bdp=146070 _min_cwnd=4150 _maxwnd=219105 _cwnd=219105
Initialize per-instance NSCC parameters: flowid 718 _base_rtt=11685600 _base_bdp=146070 _bdp=146070 _min_cwnd=4150 _maxwnd=219105 _cwnd=219105
Initialize per-instance NSCC parameters: flowid 719 _base_rtt=11685600 _base_bdp=146070 _bdp=146070 _min_cwnd=4150 _maxwnd=219105 _cwnd=219105
Initialize per-instance NSCC parameters: flowid 720 _base_rtt=11685600 _base_bdp=146070 _bdp=146070 _min_cwnd=4150 _maxwnd=219105 _cwnd=219105
Initialize per-instance NSCC parameters: flowid 721 _base_rtt=11685600 _base_bdp=146070 _bdp=146070 _min_cwnd=4150 _maxwnd=219105 _cwnd=219105
Initialize per-instance NSCC parameters: flowid 722 _base_rtt=11685600 _base_bdp=146070 _bdp=146070 _min_cwnd=4150 _maxwnd=219105 _cwnd=219105
Initialize per-instance NSCC parameters: flowid 723 _base_rtt=11685600 _base_bdp=146070 _bdp=146070 _min_cwnd=4150 _maxwnd=219105 _cwnd=219105
Initialize per-instance NSCC parameters: flowid 724 _base_rtt=11685600 _base_bdp=146070 _bdp=146070 _min_cwnd=4150 _maxwnd=219105 _cwnd=219105
Initialize per-instance NSCC parameters: flowid 725 _base_rtt=11685600 _base_bdp=146070 _bdp=146070 _min_cwnd=4150 _maxwnd=219105 _cwnd=219105
Initialize per-instance NSCC parameters: flowid 726 _base_rtt=11685600 _base_bdp=146070 _bdp=146070 _min_cwnd=4150 _maxwnd=219105 _cwnd=219105
Initialize per-instance NSCC parameters: flowid 727 _base_rtt=11685600 _base_bdp=146070 _bdp=146070 _min_cwnd=4150 _maxwnd=219105 _cwnd=219105
Initialize per-instance NSCC parameters: flowid 728 _base_rtt=11685600 _base_bdp=146070 _bdp=146070 _min_cwnd=4150 _maxwnd=219105 _cwnd=219105
Initialize per-instance NSCC parameters: flowid 729 _base_rtt=11685600 _base_bdp=146070 _bdp=146070 _min_cwnd=4150 _maxwnd=219105 _cwnd=219105
Initialize per-instance NSCC parameters: flowid 730 _base_rtt=11685600 _base_bdp=146070 _bdp=146070 _min_cwnd=4150 _maxwnd=219105 _cwnd=219105
Initialize per-instance NSCC parameters: flowid 731 _base_rtt=11685600 _base_bdp=146070 _bdp=146070 _min_cwnd=4150 _maxwnd=219105 _cwnd=219105
Initialize per-instance NSCC parameters: flowid 732 _base_rtt=11685600 _base_bdp=146070 _bdp=146070 _min_cwnd=4150 _maxwnd=219105 _cwnd=219105
Initialize per-instance NSCC parameters: flowid 733 _base_rtt=11685600 _base_bdp=146070 _bdp=146070 _min_cwnd=4150 _maxwnd=219105 _cwnd=219105
Initialize per-instance NSCC parameters: flowid 734 _base_rtt=11685600 _base_bdp=146070 _bdp=146070 _min_cwnd=4150 _maxwnd=219105 _cwnd=219105
Initialize per-instance NSCC parameters: flowid 735 _base_rtt=11685600 _base_bdp=146070 _bdp=146070 _min_cwnd=4150 _maxwnd=219105 _cwnd=219105
Initialize per-instance NSCC parameters: flowid 736 _base_rtt=11685600 _base_bdp=146070 _bdp=146070 _min_cwnd=4150 _maxwnd=219105 _cwnd=219105
Initialize per-instance NSCC parameters: flowid 737 _base_rtt=11685600 _base_bdp=146070 _bdp=146070 _min_cwnd=4150 _maxwnd=219105 _cwnd=219105
Initialize per-instance NSCC parameters: flowid 738 _base_rtt=11685600 _base_bdp=146070 _bdp=146070 _min_cwnd=4150 _maxwnd=219105 _cwnd=219105
Initialize per-instance NSCC parameters: flowid 739 _base_rtt=11685600 _base_bdp=146070 _bdp=146070 _min_cwnd=4150 _maxwnd=219105 _cwnd=219105
Initialize per-instance NSCC parameters: flowid 740 _base_rtt=11685600 _base_bdp=146070 _bdp=146070 _min_cwnd=4150 _maxwnd=219105 _cwnd=219105
Initialize per-instance NSCC parameters: flowid 741 _base_rtt=11685600 _base_bdp=146070 _bdp=146070 _min_cwnd=4150 _maxwnd=219105 _cwnd=219105
Initialize per-instance NSCC parameters: flowid 742 _base_rtt=11685600 _base_bdp=146070 _bdp=146070 _min_cwnd=4150 _maxwnd=219105 _cwnd=219105
Initialize per-instance NSCC parameters: flowid 743 _base_rtt=11685600 _base_bdp=146070 _bdp=146070 _min_cwnd=4150 _maxwnd=219105 _cwnd=219105
Initialize per-instance NSCC parameters: flowid 744 _base_rtt=11685600 _base_bdp=146070 _bdp=146070 _min_cwnd=4150 _maxwnd=219105 _cwnd=219105
Initialize per-instance NSCC parameters: flowid 745 _base_rtt=11685600 _base_bdp=146070 _bdp=146070 _min_cwnd=4150 _maxwnd=219105 _cwnd=219105
Initialize per-instance NSCC parameters: flowid 746 _base_rtt=11685600 _base_bdp=146070 _bdp=146070 _min_cwnd=4150 _maxwnd=219105 _cwnd=219105
Initialize per-instance NSCC parameters: flowid 747 _base_rtt=11685600 _base_bdp=146070 _bdp=146070 _min_cwnd=4150 _maxwnd=219105 _cwnd=219105
Initialize per-instance NSCC parameters: flowid 748 _base_rtt=11685600 _base_bdp=146070 _bdp=146070 _min_cwnd=4150 _maxwnd=219105 _cwnd=219105
Initialize per-instance NSCC parameters: flowid 749 _base_rtt=11685600 _base_bdp=146070 _bdp=146070 _min_cwnd=4150 _maxwnd=219105 _cwnd=219105
Initialize per-instance NSCC parameters: flowid 750 _base_rtt=11685600 _base_bdp=146070 _bdp=146070 _min_cwnd=4150 _maxwnd=219105 _cwnd=219105
Initialize per-instance NSCC parameters: flowid 751 _base_rtt=11685600 _base_bdp=146070 _bdp=146070 _min_cwnd=4150 _maxwnd=219105 _cwnd=219105
Initialize per-instance NSCC parameters: flowid 752 _base_rtt=11685600 _base_bdp=146070 _bdp=146070 _min_cwnd=4150 _maxwnd=219105 _cwnd=219105
Initialize per-instance NSCC parameters: flowid 753 _base_rtt=11685600 _base_bdp=146070 _bdp=146070 _min_cwnd=4150 _maxwnd=219105 _cwnd=219105
Initialize per-instance NSCC parameters: flowid 754 _base_rtt=11685600 _base_bdp=146070 _bdp=146070 _min_cwnd=4150 _maxwnd=219105 _cwnd=219105
Initialize per-instance NSCC parameters: flowid 755 _base_rtt=11685600 _base_bdp=146070 _bdp=146070 _min_cwnd=4150 _maxwnd=219105 _cwnd=219105
Initialize per-instance NSCC parameters: flowid 756 _base_rtt=11685600 _base_bdp=146070 _bdp=146070 _min_cwnd=4150 _maxwnd=219105 _cwnd=219105
Initialize per-instance NSCC parameters: flowid 757 _base_rtt=11685600 _base_bdp=146070 _bdp=146070 _min_cwnd=4150 _maxwnd=219105 _cwnd=219105
Initialize per-instance NSCC parameters: flowid 758 _base_rtt=11685600 _base_bdp=146070 _bdp=146070 _min_cwnd=4150 _maxwnd=219105 _cwnd=219105
Initialize per-instance NSCC parameters: flowid 759 _base_rtt=11685600 _base_bdp=146070 _bdp=146070 _min_cwnd=4150 _maxwnd=219105 _cwnd=219105
Initialize per-instance NSCC parameters: flowid 760 _base_rtt=11685600 _base_bdp=146070 _bdp=146070 _min_cwnd=4150 _maxwnd=219105 _cwnd=219105
Initialize per-instance NSCC parameters: flowid 761 _base_rtt=11685600 _base_bdp=146070 _bdp=146070 _min_cwnd=4150 _maxwnd=219105 _cwnd=219105
Initialize per-instance NSCC parameters: flowid 762 _base_rtt=11685600 _base_bdp=146070 _bdp=146070 _min_cwnd=4150 _maxwnd=219105 _cwnd=219105
Initialize per-instance NSCC parameters: flowid 763 _base_rtt=11685600 _base_bdp=146070 _bdp=146070 _min_cwnd=4150 _maxwnd=219105 _cwnd=219105
Initialize per-instance NSCC parameters: flowid 764 _base_rtt=11685600 _base_bdp=146070 _bdp=146070 _min_cwnd=4150 _maxwnd=219105 _cwnd=219105
Initialize per-instance NSCC parameters: flowid 765 _base_rtt=11685600 _base_bdp=146070 _bdp=146070 _min_cwnd=4150 _maxwnd=219105 _cwnd=219105
Initialize per-instance NSCC parameters: flowid 766 _base_rtt=11685600 _base_bdp=146070 _bdp=146070 _min_cwnd=4150 _maxwnd=219105 _cwnd=219105
Initialize per-instance NSCC parameters: flowid 767 _base_rtt=11685600 _base_bdp=146070 _bdp=146070 _min_cwnd=4150 _maxwnd=219105 _cwnd=219105
Initialize per-instance NSCC parameters: flowid 768 _base_rtt=11685600 _base_bdp=146070 _bdp=146070 _min_cwnd=4150 _maxwnd=219105 _cwnd=219105
Initialize per-instance NSCC parameters: flowid 769 _base_rtt=11685600 _base_bdp=146070 _bdp=146070 _min_cwnd=4150 _maxwnd=219105 _cwnd=219105
Initialize per-instance NSCC parameters: flowid 770 _base_rtt=11685600 _base_bdp=146070 _bdp=146070 _min_cwnd=4150 _maxwnd=219105 _cwnd=219105
Initialize per-instance NSCC parameters: flowid 771 _base_rtt=11685600 _base_bdp=146070 _bdp=146070 _min_cwnd=4150 _maxwnd=219105 _cwnd=219105
Initialize per-instance NSCC parameters: flowid 772 _base_rtt=11685600 _base_bdp=146070 _bdp=146070 _min_cwnd=4150 _maxwnd=219105 _cwnd=219105
Initialize per-instance NSCC parameters: flowid 773 _base_rtt=11685600 _base_bdp=146070 _bdp=146070 _min_cwnd=4150 _maxwnd=219105 _cwnd=219105
Initialize per-instance NSCC parameters: flowid 774 _base_rtt=11685600 _base_bdp=146070 _bdp=146070 _min_cwnd=4150 _maxwnd=219105 _cwnd=219105
Initialize per-instance NSCC parameters: flowid 775 _base_rtt=11685600 _base_bdp=146070 _bdp=146070 _min_cwnd=4150 _maxwnd=219105 _cwnd=219105
Initialize per-instance NSCC parameters: flowid 776 _base_rtt=11685600 _base_bdp=146070 _bdp=146070 _min_cwnd=4150 _maxwnd=219105 _cwnd=219105
Initialize per-instance NSCC parameters: flowid 777 _base_rtt=11685600 _base_bdp=146070 _bdp=146070 _min_cwnd=4150 _maxwnd=219105 _cwnd=219105
Initialize per-instance NSCC parameters: flowid 778 _base_rtt=11685600 _base_bdp=146070 _bdp=146070 _min_cwnd=4150 _maxwnd=219105 _cwnd=219105
Initialize per-instance NSCC parameters: flowid 779 _base_rtt=11685600 _base_bdp=146070 _bdp=146070 _min_cwnd=4150 _maxwnd=219105 _cwnd=219105
Initialize per-instance NSCC parameters: flowid 780 _base_rtt=11685600 _base_bdp=146070 _bdp=146070 _min_cwnd=4150 _maxwnd=219105 _cwnd=219105
Initialize per-instance NSCC parameters: flowid 781 _base_rtt=11685600 _base_bdp=146070 _bdp=146070 _min_cwnd=4150 _maxwnd=219105 _cwnd=219105
Initialize per-instance NSCC parameters: flowid 782 _base_rtt=11685600 _base_bdp=146070 _bdp=146070 _min_cwnd=4150 _maxwnd=219105 _cwnd=219105
Initialize per-instance NSCC parameters: flowid 783 _base_rtt=11685600 _base_bdp=146070 _bdp=146070 _min_cwnd=4150 _maxwnd=219105 _cwnd=219105
Initialize per-instance NSCC parameters: flowid 784 _base_rtt=11685600 _base_bdp=146070 _bdp=146070 _min_cwnd=4150 _maxwnd=219105 _cwnd=219105
Initialize per-instance NSCC parameters: flowid 785 _base_rtt=11685600 _base_bdp=146070 _bdp=146070 _min_cwnd=4150 _maxwnd=219105 _cwnd=219105
Initialize per-instance NSCC parameters: flowid 786 _base_rtt=11685600 _base_bdp=146070 _bdp=146070 _min_cwnd=4150 _maxwnd=219105 _cwnd=219105
Initialize per-instance NSCC parameters: flowid 787 _base_rtt=11685600 _base_bdp=146070 _bdp=146070 _min_cwnd=4150 _maxwnd=219105 _cwnd=219105
Initialize per-instance NSCC parameters: flowid 788 _base_rtt=11685600 _base_bdp=146070 _bdp=146070 _min_cwnd=4150 _maxwnd=219105 _cwnd=219105
Initialize per-instance NSCC parameters: flowid 789 _base_rtt=11685600 _base_bdp=146070 _bdp=146070 _min_cwnd=4150 _maxwnd=219105 _cwnd=219105
Initialize per-instance NSCC parameters: flowid 790 _base_rtt=11685600 _base_bdp=146070 _bdp=146070 _min_cwnd=4150 _maxwnd=219105 _cwnd=219105
Initialize per-instance NSCC parameters: flowid 791 _base_rtt=11685600 _base_bdp=146070 _bdp=146070 _min_cwnd=4150 _maxwnd=219105 _cwnd=219105
Initialize per-instance NSCC parameters: flowid 792 _base_rtt=11685600 _base_bdp=146070 _bdp=146070 _min_cwnd=4150 _maxwnd=219105 _cwnd=219105
Initialize per-instance NSCC parameters: flowid 793 _base_rtt=11685600 _base_bdp=146070 _bdp=146070 _min_cwnd=4150 _maxwnd=219105 _cwnd=219105
Initialize per-instance NSCC parameters: flowid 794 _base_rtt=11685600 _base_bdp=146070 _bdp=146070 _min_cwnd=4150 _maxwnd=219105 _cwnd=219105
Initialize per-instance NSCC parameters: flowid 795 _base_rtt=11685600 _base_bdp=146070 _bdp=146070 _min_cwnd=4150 _maxwnd=219105 _cwnd=219105
Initialize per-instance NSCC parameters: flowid 796 _base_rtt=11685600 _base_bdp=146070 _bdp=146070 _min_cwnd=4150 _maxwnd=219105 _cwnd=219105
Initialize per-instance NSCC parameters: flowid 797 _base_rtt=11685600 _base_bdp=146070 _bdp=146070 _min_cwnd=4150 _maxwnd=219105 _cwnd=219105
Initialize per-instance NSCC parameters: flowid 798 _base_rtt=11685600 _base_bdp=146070 _bdp=146070 _min_cwnd=4150 _maxwnd=219105 _cwnd=219105
Initialize per-instance NSCC parameters: flowid 799 _base_rtt=11685600 _base_bdp=146070 _bdp=146070 _min_cwnd=4150 _maxwnd=219105 _cwnd=219105
Initialize per-instance NSCC parameters: flowid 800 _base_rtt=11685600 _base_bdp=146070 _bdp=146070 _min_cwnd=4150 _maxwnd=219105 _cwnd=219105
Initialize per-instance NSCC parameters: flowid 801 _base_rtt=11685600 _base_bdp=146070 _bdp=146070 _min_cwnd=4150 _maxwnd=219105 _cwnd=219105
Initialize per-instance NSCC parameters: flowid 802 _base_rtt=11685600 _base_bdp=146070 _bdp=146070 _min_cwnd=4150 _maxwnd=219105 _cwnd=219105
Initialize per-instance NSCC parameters: flowid 803 _base_rtt=11685600 _base_bdp=146070 _bdp=146070 _min_cwnd=4150 _maxwnd=219105 _cwnd=219105
Initialize per-instance NSCC parameters: flowid 804 _base_rtt=11685600 _base_bdp=146070 _bdp=146070 _min_cwnd=4150 _maxwnd=219105 _cwnd=219105
Initialize per-instance NSCC parameters: flowid 805 _base_rtt=11685600 _base_bdp=146070 _bdp=146070 _min_cwnd=4150 _maxwnd=219105 _cwnd=219105
Initialize per-instance NSCC parameters: flowid 806 _base_rtt=11685600 _base_bdp=146070 _bdp=146070 _min_cwnd=4150 _maxwnd=219105 _cwnd=219105
Initialize per-instance NSCC parameters: flowid 807 _base_rtt=11685600 _base_bdp=146070 _bdp=146070 _min_cwnd=4150 _maxwnd=219105 _cwnd=219105
Initialize per-instance NSCC parameters: flowid 808 _base_rtt=11685600 _base_bdp=146070 _bdp=146070 _min_cwnd=4150 _maxwnd=219105 _cwnd=219105
Initialize per-instance NSCC parameters: flowid 809 _base_rtt=11685600 _base_bdp=146070 _bdp=146070 _min_cwnd=4150 _maxwnd=219105 _cwnd=219105
Initialize per-instance NSCC parameters: flowid 810 _base_rtt=11685600 _base_bdp=146070 _bdp=146070 _min_cwnd=4150 _maxwnd=219105 _cwnd=219105
Initialize per-instance NSCC parameters: flowid 811 _base_rtt=11685600 _base_bdp=146070 _bdp=146070 _min_cwnd=4150 _maxwnd=219105 _cwnd=219105
Initialize per-instance NSCC parameters: flowid 812 _base_rtt=11685600 _base_bdp=146070 _bdp=146070 _min_cwnd=4150 _maxwnd=219105 _cwnd=219105
Initialize per-instance NSCC parameters: flowid 813 _base_rtt=11685600 _base_bdp=146070 _bdp=146070 _min_cwnd=4150 _maxwnd=219105 _cwnd=219105
Initialize per-instance NSCC parameters: flowid 814 _base_rtt=11685600 _base_bdp=146070 _bdp=146070 _min_cwnd=4150 _maxwnd=219105 _cwnd=219105
Initialize per-instance NSCC parameters: flowid 815 _base_rtt=11685600 _base_bdp=146070 _bdp=146070 _min_cwnd=4150 _maxwnd=219105 _cwnd=219105
Initialize per-instance NSCC parameters: flowid 816 _base_rtt=11685600 _base_bdp=146070 _bdp=146070 _min_cwnd=4150 _maxwnd=219105 _cwnd=219105
Initialize per-instance NSCC parameters: flowid 817 _base_rtt=11685600 _base_bdp=146070 _bdp=146070 _min_cwnd=4150 _maxwnd=219105 _cwnd=219105
Initialize per-instance NSCC parameters: flowid 818 _base_rtt=11685600 _base_bdp=146070 _bdp=146070 _min_cwnd=4150 _maxwnd=219105 _cwnd=219105
Initialize per-instance NSCC parameters: flowid 819 _base_rtt=11685600 _base_bdp=146070 _bdp=146070 _min_cwnd=4150 _maxwnd=219105 _cwnd=219105
Initialize per-instance NSCC parameters: flowid 820 _base_rtt=11685600 _base_bdp=146070 _bdp=146070 _min_cwnd=4150 _maxwnd=219105 _cwnd=219105
Initialize per-instance NSCC parameters: flowid 821 _base_rtt=11685600 _base_bdp=146070 _bdp=146070 _min_cwnd=4150 _maxwnd=219105 _cwnd=219105
Initialize per-instance NSCC parameters: flowid 822 _base_rtt=11685600 _base_bdp=146070 _bdp=146070 _min_cwnd=4150 _maxwnd=219105 _cwnd=219105
Initialize per-instance NSCC parameters: flowid 823 _base_rtt=11685600 _base_bdp=146070 _bdp=146070 _min_cwnd=4150 _maxwnd=219105 _cwnd=219105
Initialize per-instance NSCC parameters: flowid 824 _base_rtt=11685600 _base_bdp=146070 _bdp=146070 _min_cwnd=4150 _maxwnd=219105 _cwnd=219105
Initialize per-instance NSCC parameters: flowid 825 _base_rtt=11685600 _base_bdp=146070 _bdp=146070 _min_cwnd=4150 _maxwnd=219105 _cwnd=219105
Starting simulation
Flow Uec_450_963 flowId 1 uecSrc 0 starting at 0
Flow Uec_878_223 flowId 2 uecSrc 1 starting at 0
Flow Uec_495_913 flowId 3 uecSrc 2 starting at 0
Flow Uec_164_683 flowId 4 uecSrc 3 starting at 0
Flow Uec_39_591 flowId 5 uecSrc 4 starting at 0
Flow Uec_829_255 flowId 6 uecSrc 5 starting at 0
Flow Uec_396_898 flowId 7 uecSrc 6 starting at 0
Flow Uec_1093_426 flowId 8 uecSrc 7 starting at 0
Flow Uec_377_860 flowId 9 uecSrc 8 starting at 0
Flow Uec_266_766 flowId 10 uecSrc 9 starting at 0
Flow Uec_803_242 flowId 11 uecSrc 10 starting at 0
Flow Uec_250_739 flowId 12 uecSrc 11 starting at 0
Flow Uec_1005_405 flowId 13 uecSrc 12 starting at 0
Flow Uec_213_778 flowId 14 uecSrc 13 starting at 0
Flow Uec_882_277 flowId 15 uecSrc 14 starting at 0
Flow Uec_697_72 flowId 16 uecSrc 15 starting at 0
Flow Uec_41_559 flowId 17 uecSrc 16 starting at 0
Flow Uec_338_852 flowId 18 uecSrc 17 starting at 0
Flow Uec_762_120 flowId 19 uecSrc 18 starting at 0
Flow Uec_519_1081 flowId 20 uecSrc 19 starting at 0
Flow Uec_903_339 flowId 21 uecSrc 20 starting at 0
Flow Uec_758_144 flowId 22 uecSrc 21 starting at 0
Flow Uec_893_226 flowId 23 uecSrc 22 starting at 0
Flow Uec_788_167 flowId 24 uecSrc 23 starting at 0
Flow Uec_866_250 flowId 25 uecSrc 24 starting at 0
Flow Uec_574_1008 flowId 26 uecSrc 25 starting at 0
Flow Uec_74_566 flowId 27 uecSrc 26 starting at 0
Flow Uec_6_500 flowId 28 uecSrc 27 starting at 0
Flow Uec_636_78 flowId 29 uecSrc 28 starting at 0
Flow Uec_711_135 flowId 30 uecSrc 29 starting at 0
Flow Uec_952_350 flowId 31 uecSrc 30 starting at 0
Flow Uec_529_1069 flowId 32 uecSrc 31 starting at 0
Flow Uec_859_269 flowId 33 uecSrc 32 starting at 0
Flow Uec_877_207 flowId 34 uecSrc 33 starting at 0
Flow Uec_4_576 flowId 35 uecSrc 34 starting at 0
Flow Uec_89_594 flowId 36 uecSrc 35 starting at 0
Flow Uec_988_346 flowId 37 uecSrc 36 starting at 0
Flow Uec_73_549 flowId 38 uecSrc 37 starting at 0
Flow Uec_259_761 flowId 39 uecSrc 38 starting at 0
Flow Uec_158_615 flowId 40 uecSrc 39 starting at 0
Flow Uec_1012_472 flowId 41 uecSrc 40 starting at 0
Flow Uec_1032_403 flowId 42 uecSrc 41 starting at 0
Flow Uec_257_764 flowId 43 uecSrc 42 starting at 0
Flow Uec_681_76 flowId 44 uecSrc 43 starting at 0
Flow Uec_981_334 flowId 45 uecSrc 44 starting at 0
Flow Uec_581_1090 flowId 46 uecSrc 45 starting at 0
Flow Uec_19_552 flowId 47 uecSrc 46 starting at 0
Flow Uec_193_675 flowId 48 uecSrc 47 starting at 0
Flow Uec_995_351 flowId 49 uecSrc 48 starting at 0
Flow Uec_439_910 flowId 50 uecSrc 49 starting at 0
Flow Uec_509_1015 flowId 51 uecSrc 50 starting at 0
Flow Uec_633_26 flowId 52 uecSrc 51 starting at 0
Flow Uec_482_948 flowId 53 uecSrc 52 starting at 0
Flow Uec_911_354 flowId 54 uecSrc 53 starting at 0
Flow Uec_918_382 flowId 55 uecSrc 54 starting at 0
Flow Uec_802_213 flowId 56 uecSrc 55 starting at 0
Flow Uec_768_191 flowId 57 uecSrc 56 starting at 0
Flow Uec_62_525 flowId 58 uecSrc 57 starting at 0
Flow Uec_944_363 flowId 59 uecSrc 58 starting at 0
Flow Uec_316_856 flowId 60 uecSrc 59 starting at 0
Flow Uec_703_198 flowId 61 uecSrc 60 starting at 0
Flow Uec_1008_494 flowId 62 uecSrc 61 starting at 0
Flow Uec_388_873 flowId 63 uecSrc 62 starting at 0
Flow Uec_656_17 flowId 64 uecSrc 63 starting at 0
Flow Uec_1068_495 flowId 65 uecSrc 64 starting at 0
Flow Uec_253_797 flowId 66 uecSrc 65 starting at 0
Flow Uec_810_234 flowId 67 uecSrc 66 starting at 0
Flow Uec_264_759 flowId 68 uecSrc 67 starting at 0
Flow Uec_386_806 flowId 69 uecSrc 68 starting at 0
Flow Uec_816_278 flowId 70 uecSrc 69 starting at 0
Flow Uec_540_1060 flowId 71 uecSrc 70 starting at 0
Flow Uec_485_911 flowId 72 uecSrc 71 starting at 0
Flow Uec_578_1005 flowId 73 uecSrc 72 starting at 0
Flow Uec_986_356 flowId 74 uecSrc 73 starting at 0
Flow Uec_787_180 flowId 75 uecSrc 74 starting at 0
Flow Uec_239_765 flowId 76 uecSrc 75 starting at 0
Flow Uec_247_775 flowId 77 uecSrc 76 starting at 0
Flow Uec_105_659 flowId 78 uecSrc 77 starting at 0
Flow Uec_400_966 flowId 79 uecSrc 78 starting at 0
Flow Uec_335_843 flowId 80 uecSrc 79 starting at 0
Flow Uec_648_28 flowId 81 uecSrc 80 starting at 0
Flow Uec_343_855 flowId 82 uecSrc 81 starting at 0
Flow Uec_631_60 flowId 83 uecSrc 82 starting at 0
Flow Uec_1002_483 flowId 84 uecSrc 83 starting at 0
Flow Uec_431_955 flowId 85 uecSrc 84 starting at 0
Flow Uec_15_515 flowId 86 uecSrc 85 starting at 0
Flow Uec_838_253 flowId 87 uecSrc 86 starting at 0
Flow Uec_369_808 flowId 88 uecSrc 87 starting at 0
Flow Uec_101_655 flowId 89 uecSrc 88 starting at 0
Flow Uec_268_753 flowId 90 uecSrc 89 starting at 0
Flow Uec_520_1067 flowId 91 uecSrc 90 starting at 0
Flow Uec_97_569 flowId 92 uecSrc 91 starting at 0
Flow Uec_610_20 flowId 93 uecSrc 92 starting at 0
Flow Uec_945_375 flowId 94 uecSrc 93 starting at 0
Flow Uec_665_34 flowId 95 uecSrc 94 starting at 0
Flow Uec_240_760 flowId 96 uecSrc 95 starting at 0
Flow Uec_1085_443 flowId 97 uecSrc 96 starting at 0
Flow Uec_211_738 flowId 98 uecSrc 97 starting at 0
Flow Uec_974_319 flowId 99 uecSrc 98 starting at 0
Flow Uec_915_385 flowId 100 uecSrc 99 starting at 0
Flow Uec_169_695 flowId 101 uecSrc 100 starting at 0
Flow Uec_789_122 flowId 102 uecSrc 101 starting at 0
Flow Uec_284_772 flowId 103 uecSrc 102 starting at 0
Flow Uec_775_119 flowId 104 uecSrc 103 starting at 0
Flow Uec_297_712 flowId 105 uecSrc 104 starting at 0
Flow Uec_900_331 flowId 106 uecSrc 105 starting at 0
Flow Uec_926_396 flowId 107 uecSrc 106 starting at 0
Flow Uec_116_628 flowId 108 uecSrc 107 starting at 0
Flow Uec_270_744 flowId 109 uecSrc 108 starting at 0
Flow Uec_361_810 flowId 110 uecSrc 109 starting at 0
Flow Uec_683_18 flowId 111 uecSrc 110 starting at 0
Flow Uec_603_59 flowId 112 uecSrc 111 starting at 0
Flow Uec_622_16 flowId 113 uecSrc 112 starting at 0
Flow Uec_503_1084 flowId 114 uecSrc 113 starting at 0
Flow Uec_464_941 flowId 115 uecSrc 114 starting at 0
Flow Uec_438_998 flowId 116 uecSrc 115 starting at 0
Flow Uec_831_261 flowId 117 uecSrc 116 starting at 0
Flow Uec_833_236 flowId 118 uecSrc 117 starting at 0
Flow Uec_1086_409 flowId 119 uecSrc 118 starting at 0
Flow Uec_168_669 flowId 120 uecSrc 119 starting at 0
Flow Uec_895_224 flowId 121 uecSrc 120 starting at 0
Flow Uec_593_1018 flowId 122 uecSrc 121 starting at 0
Flow Uec_146_601 flowId 123 uecSrc 122 starting at 0
Flow Uec_971_359 flowId 124 uecSrc 123 starting at 0
Flow Uec_112_663 flowId 125 uecSrc 124 starting at 0
Flow Uec_557_1079 flowId 126 uecSrc 125 starting at 0
Flow Uec_414_969 flowId 127 uecSrc 126 starting at 0
Flow Uec_1010_417 flowId 128 uecSrc 127 starting at 0
Flow Uec_397_868 flowId 129 uecSrc 128 starting at 0
Flow Uec_976_362 flowId 130 uecSrc 129 starting at 0
Flow Uec_644_31 flowId 131 uecSrc 130 starting at 0
Flow Uec_943_313 flowId 132 uecSrc 131 starting at 0
Flow Uec_385_834 flowId 133 uecSrc 132 starting at 0
Flow Uec_10_581 flowId 134 uecSrc 133 starting at 0
Flow Uec_138_629 flowId 135 uecSrc 134 starting at 0
Flow Uec_473_938 flowId 136 uecSrc 135 starting at 0
Flow Uec_826_233 flowId 137 uecSrc 136 starting at 0
Flow Uec_156_662 flowId 138 uecSrc 137 starting at 0
Flow Uec_907_391 flowId 139 uecSrc 138 starting at 0
Flow Uec_1015_419 flowId 140 uecSrc 139 starting at 0
Flow Uec_394_830 flowId 141 uecSrc 140 starting at 0
Flow Uec_993_393 flowId 142 uecSrc 141 starting at 0
Flow Uec_45_598 flowId 143 uecSrc 142 starting at 0
Flow Uec_25_567 flowId 144 uecSrc 143 starting at 0
Flow Uec_1047_478 flowId 145 uecSrc 144 starting at 0
Flow Uec_46_540 flowId 146 uecSrc 145 starting at 0
Flow Uec_98_575 flowId 147 uecSrc 146 starting at 0
Flow Uec_761_121 flowId 148 uecSrc 147 starting at 0
Flow Uec_855_239 flowId 149 uecSrc 148 starting at 0
Flow Uec_454_944 flowId 150 uecSrc 149 starting at 0
Flow Uec_490_918 flowId 151 uecSrc 150 starting at 0
Flow Uec_672_8 flowId 152 uecSrc 151 starting at 0
Flow Uec_262_795 flowId 153 uecSrc 152 starting at 0
Flow Uec_673_90 flowId 154 uecSrc 153 starting at 0
Flow Uec_492_900 flowId 155 uecSrc 154 starting at 0
Flow Uec_255_792 flowId 156 uecSrc 155 starting at 0
Flow Uec_916_381 flowId 157 uecSrc 156 starting at 0
Flow Uec_744_195 flowId 158 uecSrc 157 starting at 0
Flow Uec_358_822 flowId 159 uecSrc 158 starting at 0
Flow Uec_24_561 flowId 160 uecSrc 159 starting at 0
Flow Uec_892_202 flowId 161 uecSrc 160 starting at 0
Flow Uec_776_136 flowId 162 uecSrc 161 starting at 0
Flow Uec_650_21 flowId 163 uecSrc 162 starting at 0
Flow Uec_580_1009 flowId 164 uecSrc 163 starting at 0
Flow Uec_66_534 flowId 165 uecSrc 164 starting at 0
Flow Uec_162_627 flowId 166 uecSrc 165 starting at 0
Flow Uec_686_15 flowId 167 uecSrc 166 starting at 0
Flow Uec_215_751 flowId 168 uecSrc 167 starting at 0
Flow Uec_583_1071 flowId 169 uecSrc 168 starting at 0
Flow Uec_668_50 flowId 170 uecSrc 169 starting at 0
Flow Uec_154_682 flowId 171 uecSrc 170 starting at 0
Flow Uec_830_232 flowId 172 uecSrc 171 starting at 0
Flow Uec_119_644 flowId 173 uecSrc 172 starting at 0
Flow Uec_344_875 flowId 174 uecSrc 173 starting at 0
Flow Uec_301_894 flowId 175 uecSrc 174 starting at 0
Flow Uec_663_49 flowId 176 uecSrc 175 starting at 0
Flow Uec_975_305 flowId 177 uecSrc 176 starting at 0
Flow Uec_870_206 flowId 178 uecSrc 177 starting at 0
Flow Uec_267_737 flowId 179 uecSrc 178 starting at 0
Flow Uec_481_922 flowId 180 uecSrc 179 starting at 0
Flow Uec_448_962 flowId 181 uecSrc 180 starting at 0
Flow Uec_368_861 flowId 182 uecSrc 181 starting at 0
Flow Uec_477_980 flowId 183 uecSrc 182 starting at 0
Flow Uec_1095_456 flowId 184 uecSrc 183 starting at 0
Flow Uec_621_5 flowId 185 uecSrc 184 starting at 0
Flow Uec_271_788 flowId 186 uecSrc 185 starting at 0
Flow Uec_677_96 flowId 187 uecSrc 186 starting at 0
Flow Uec_1023_474 flowId 188 uecSrc 187 starting at 0
Flow Uec_983_361 flowId 189 uecSrc 188 starting at 0
Flow Uec_793_113 flowId 190 uecSrc 189 starting at 0
Flow Uec_459_984 flowId 191 uecSrc 190 starting at 0
Flow Uec_786_158 flowId 192 uecSrc 191 starting at 0
Flow Uec_854_282 flowId 193 uecSrc 192 starting at 0
Flow Uec_680_53 flowId 194 uecSrc 193 starting at 0
Flow Uec_229_725 flowId 195 uecSrc 194 starting at 0
Flow Uec_745_196 flowId 196 uecSrc 195 starting at 0
Flow Uec_191_670 flowId 197 uecSrc 196 starting at 0
Flow Uec_569_1033 flowId 198 uecSrc 197 starting at 0
Flow Uec_824_273 flowId 199 uecSrc 198 starting at 0
Flow Uec_531_1055 flowId 200 uecSrc 199 starting at 0
Flow Uec_753_153 flowId 201 uecSrc 200 starting at 0
Flow Uec_984_386 flowId 202 uecSrc 201 starting at 0
Flow Uec_346_869 flowId 203 uecSrc 202 starting at 0
Flow Uec_337_829 flowId 204 uecSrc 203 starting at 0
Flow Uec_174_696 flowId 205 uecSrc 204 starting at 0
Flow Uec_696_95 flowId 206 uecSrc 205 starting at 0
Flow Uec_11_539 flowId 207 uecSrc 206 starting at 0
Flow Uec_166_666 flowId 208 uecSrc 207 starting at 0
Flow Uec_682_42 flowId 209 uecSrc 208 starting at 0
Flow Uec_514_1047 flowId 210 uecSrc 209 starting at 0
Flow Uec_313_853 flowId 211 uecSrc 210 starting at 0
Flow Uec_426_947 flowId 212 uecSrc 211 starting at 0
Flow Uec_79_582 flowId 213 uecSrc 212 starting at 0
Flow Uec_430_977 flowId 214 uecSrc 213 starting at 0
Flow Uec_243_729 flowId 215 uecSrc 214 starting at 0
Flow Uec_799_103 flowId 216 uecSrc 215 starting at 0
Flow Uec_973_380 flowId 217 uecSrc 216 starting at 0
Flow Uec_897_258 flowId 218 uecSrc 217 starting at 0
Flow Uec_811_245 flowId 219 uecSrc 218 starting at 0
Flow Uec_676_87 flowId 220 uecSrc 219 starting at 0
Flow Uec_1017_433 flowId 221 uecSrc 220 starting at 0
Flow Uec_366_811 flowId 222 uecSrc 221 starting at 0
Flow Uec_249_732 flowId 223 uecSrc 222 starting at 0
Flow Uec_308_818 flowId 224 uecSrc 223 starting at 0
Flow Uec_461_971 flowId 225 uecSrc 224 starting at 0
Flow Uec_460_978 flowId 226 uecSrc 225 starting at 0
Flow Uec_783_188 flowId 227 uecSrc 226 starting at 0
Flow Uec_420_908 flowId 228 uecSrc 227 starting at 0
Flow Uec_418_921 flowId 229 uecSrc 228 starting at 0
Flow Uec_130_688 flowId 230 uecSrc 229 starting at 0
Flow Uec_549_1028 flowId 231 uecSrc 230 starting at 0
Flow Uec_813_272 flowId 232 uecSrc 231 starting at 0
Flow Uec_315_884 flowId 233 uecSrc 232 starting at 0
Flow Uec_1016_463 flowId 234 uecSrc 233 starting at 0
Flow Uec_402_901 flowId 235 uecSrc 234 starting at 0
Flow Uec_554_1056 flowId 236 uecSrc 235 starting at 0
Flow Uec_411_928 flowId 237 uecSrc 236 starting at 0
Flow Uec_300_801 flowId 238 uecSrc 237 starting at 0
Flow Uec_356_876 flowId 239 uecSrc 238 starting at 0
Flow Uec_470_965 flowId 240 uecSrc 239 starting at 0
Flow Uec_1007_451 flowId 241 uecSrc 240 starting at 0
Flow Uec_606_70 flowId 242 uecSrc 241 starting at 0
Flow Uec_63_554 flowId 243 uecSrc 242 starting at 0
Flow Uec_834_227 flowId 244 uecSrc 243 starting at 0
Flow Uec_1094_448 flowId 245 uecSrc 244 starting at 0
Flow Uec_17_562 flowId 246 uecSrc 245 starting at 0
Flow Uec_476_914 flowId 247 uecSrc 246 starting at 0
Flow Uec_617_54 flowId 248 uecSrc 247 starting at 0
Flow Uec_1000_490 flowId 249 uecSrc 248 starting at 0
Flow Uec_801_208 flowId 250 uecSrc 249 starting at 0
Flow Uec_317_846 flowId 251 uecSrc 250 starting at 0
Flow Uec_93_560 flowId 252 uecSrc 251 starting at 0
Flow Uec_545_1064 flowId 253 uecSrc 252 starting at 0
Flow Uec_43_532 flowId 254 uecSrc 253 starting at 0
Flow Uec_424_976 flowId 255 uecSrc 254 starting at 0
Flow Uec_724_139 flowId 256 uecSrc 255 starting at 0
Flow Uec_64_573 flowId 257 uecSrc 256 starting at 0
Flow Uec_224_747 flowId 258 uecSrc 257 starting at 0
Flow Uec_1048_412 flowId 259 uecSrc 258 starting at 0
Flow Uec_863_228 flowId 260 uecSrc 259 starting at 0
Flow Uec_440_945 flowId 261 uecSrc 260 starting at 0
Flow Uec_571_1075 flowId 262 uecSrc 261 starting at 0
Flow Uec_294_741 flowId 263 uecSrc 262 starting at 0
Flow Uec_91_574 flowId 264 uecSrc 263 starting at 0
Flow Uec_32_510 flowId 265 uecSrc 264 starting at 0
Flow Uec_157_693 flowId 266 uecSrc 265 starting at 0
Flow Uec_1031_485 flowId 267 uecSrc 266 starting at 0
Flow Uec_107_632 flowId 268 uecSrc 267 starting at 0
Flow Uec_195_648 flowId 269 uecSrc 268 starting at 0
Flow Uec_412_920 flowId 270 uecSrc 269 starting at 0
Flow Uec_409_919 flowId 271 uecSrc 270 starting at 0
Flow Uec_772_111 flowId 272 uecSrc 271 starting at 0
Flow Uec_516_1080 flowId 273 uecSrc 272 starting at 0
Flow Uec_947_366 flowId 274 uecSrc 273 starting at 0
Flow Uec_173_643 flowId 275 uecSrc 274 starting at 0
Flow Uec_13_548 flowId 276 uecSrc 275 starting at 0
Flow Uec_511_1010 flowId 277 uecSrc 276 starting at 0
Flow Uec_725_152 flowId 278 uecSrc 277 starting at 0
Flow Uec_471_904 flowId 279 uecSrc 278 starting at 0
Flow Uec_873_240 flowId 280 uecSrc 279 starting at 0
Flow Uec_124_618 flowId 281 uecSrc 280 starting at 0
Flow Uec_1001_473 flowId 282 uecSrc 281 starting at 0
Flow Uec_483_912 flowId 283 uecSrc 282 starting at 0
Flow Uec_433_953 flowId 284 uecSrc 283 starting at 0
Flow Uec_202_771 flowId 285 uecSrc 284 starting at 0
Flow Uec_889_251 flowId 286 uecSrc 285 starting at 0
Flow Uec_825_216 flowId 287 uecSrc 286 starting at 0
Flow Uec_637_36 flowId 288 uecSrc 287 starting at 0
Flow Uec_832_200 flowId 289 uecSrc 288 starting at 0
Flow Uec_425_951 flowId 290 uecSrc 289 starting at 0
Flow Uec_522_1088 flowId 291 uecSrc 290 starting at 0
Flow Uec_176_633 flowId 292 uecSrc 291 starting at 0
Flow Uec_2_545 flowId 293 uecSrc 292 starting at 0
Flow Uec_121_674 flowId 294 uecSrc 293 starting at 0
Flow Uec_1062_447 flowId 295 uecSrc 294 starting at 0
Flow Uec_723_130 flowId 296 uecSrc 295 starting at 0
Flow Uec_998_342 flowId 297 uecSrc 296 starting at 0
Flow Uec_306_840 flowId 298 uecSrc 297 starting at 0
Flow Uec_535_1038 flowId 299 uecSrc 298 starting at 0
Flow Uec_539_1070 flowId 300 uecSrc 299 starting at 0
Flow Uec_1070_430 flowId 301 uecSrc 300 starting at 0
Flow Uec_991_399 flowId 302 uecSrc 301 starting at 0
Flow Uec_447_981 flowId 303 uecSrc 302 starting at 0
Flow Uec_619_68 flowId 304 uecSrc 303 starting at 0
Flow Uec_750_183 flowId 305 uecSrc 304 starting at 0
Flow Uec_969_312 flowId 306 uecSrc 305 starting at 0
Flow Uec_741_178 flowId 307 uecSrc 306 starting at 0
Flow Uec_963_371 flowId 308 uecSrc 307 starting at 0
Flow Uec_336_883 flowId 309 uecSrc 308 starting at 0
Flow Uec_364_864 flowId 310 uecSrc 309 starting at 0
Flow Uec_326_897 flowId 311 uecSrc 310 starting at 0
Flow Uec_785_125 flowId 312 uecSrc 311 starting at 0
Flow Uec_678_38 flowId 313 uecSrc 312 starting at 0
Flow Uec_144_686 flowId 314 uecSrc 313 starting at 0
Flow Uec_35_521 flowId 315 uecSrc 314 starting at 0
Flow Uec_1_541 flowId 316 uecSrc 315 starting at 0
Flow Uec_634_66 flowId 317 uecSrc 316 starting at 0
Flow Uec_416_931 flowId 318 uecSrc 317 starting at 0
Flow Uec_977_392 flowId 319 uecSrc 318 starting at 0
Flow Uec_840_201 flowId 320 uecSrc 319 starting at 0
Flow Uec_1066_432 flowId 321 uecSrc 320 starting at 0
Flow Uec_233_780 flowId 322 uecSrc 321 starting at 0
Flow Uec_200_768 flowId 323 uecSrc 322 starting at 0
Flow Uec_265_782 flowId 324 uecSrc 323 starting at 0
Flow Uec_794_100 flowId 325 uecSrc 324 starting at 0
Flow Uec_395_821 flowId 326 uecSrc 325 starting at 0
Flow Uec_1078_454 flowId 327 uecSrc 326 starting at 0
Flow Uec_978_377 flowId 328 uecSrc 327 starting at 0
Flow Uec_645_51 flowId 329 uecSrc 328 starting at 0
Flow Uec_40_522 flowId 330 uecSrc 329 starting at 0
Flow Uec_809_241 flowId 331 uecSrc 330 starting at 0
Flow Uec_44_526 flowId 332 uecSrc 331 starting at 0
Flow Uec_769_146 flowId 333 uecSrc 332 starting at 0
Flow Uec_404_942 flowId 334 uecSrc 333 starting at 0
Flow Uec_465_907 flowId 335 uecSrc 334 starting at 0
Flow Uec_548_1037 flowId 336 uecSrc 335 starting at 0
Flow Uec_560_1073 flowId 337 uecSrc 336 starting at 0
Flow Uec_689_47 flowId 338 uecSrc 337 starting at 0
Flow Uec_59_536 flowId 339 uecSrc 338 starting at 0
Flow Uec_738_171 flowId 340 uecSrc 339 starting at 0
Flow Uec_914_376 flowId 341 uecSrc 340 starting at 0
Flow Uec_927_310 flowId 342 uecSrc 341 starting at 0
Flow Uec_462_952 flowId 343 uecSrc 342 starting at 0
Flow Uec_37_544 flowId 344 uecSrc 343 starting at 0
Flow Uec_111_650 flowId 345 uecSrc 344 starting at 0
Flow Uec_941_303 flowId 346 uecSrc 345 starting at 0
Flow Uec_1091_469 flowId 347 uecSrc 346 starting at 0
Flow Uec_654_44 flowId 348 uecSrc 347 starting at 0
Flow Uec_528_1057 flowId 349 uecSrc 348 starting at 0
Flow Uec_790_162 flowId 350 uecSrc 349 starting at 0
Flow Uec_747_147 flowId 351 uecSrc 350 starting at 0
Flow Uec_694_82 flowId 352 uecSrc 351 starting at 0
Flow Uec_22_563 flowId 353 uecSrc 352 starting at 0
Flow Uec_1046_450 flowId 354 uecSrc 353 starting at 0
Flow Uec_718_134 flowId 355 uecSrc 354 starting at 0
Flow Uec_965_306 flowId 356 uecSrc 355 starting at 0
Flow Uec_592_1053 flowId 357 uecSrc 356 starting at 0
Flow Uec_1071_442 flowId 358 uecSrc 357 starting at 0
Flow Uec_936_347 flowId 359 uecSrc 358 starting at 0
Flow Uec_422_954 flowId 360 uecSrc 359 starting at 0
Flow Uec_705_170 flowId 361 uecSrc 360 starting at 0
Flow Uec_327_858 flowId 362 uecSrc 361 starting at 0
Flow Uec_555_1007 flowId 363 uecSrc 362 starting at 0
Flow Uec_626_89 flowId 364 uecSrc 363 starting at 0
Flow Uec_16_553 flowId 365 uecSrc 364 starting at 0
Flow Uec_23_565 flowId 366 uecSrc 365 starting at 0
Flow Uec_867_205 flowId 367 uecSrc 366 starting at 0
Flow Uec_436_933 flowId 368 uecSrc 367 starting at 0
Flow Uec_502_1044 flowId 369 uecSrc 368 starting at 0
Flow Uec_139_651 flowId 370 uecSrc 369 starting at 0
Flow Uec_278_767 flowId 371 uecSrc 370 starting at 0
Flow Uec_843_279 flowId 372 uecSrc 371 starting at 0
Flow Uec_131_654 flowId 373 uecSrc 372 starting at 0
Flow Uec_556_1077 flowId 374 uecSrc 373 starting at 0
Flow Uec_906_394 flowId 375 uecSrc 374 starting at 0
Flow Uec_653_63 flowId 376 uecSrc 375 starting at 0
Flow Uec_351_888 flowId 377 uecSrc 376 starting at 0
Flow Uec_699_86 flowId 378 uecSrc 377 starting at 0
Flow Uec_444_987 flowId 379 uecSrc 378 starting at 0
Flow Uec_1089_459 flowId 380 uecSrc 379 starting at 0
Flow Uec_564_1021 flowId 381 uecSrc 380 starting at 0
Flow Uec_818_290 flowId 382 uecSrc 381 starting at 0
Flow Uec_68_538 flowId 383 uecSrc 382 starting at 0
Flow Uec_260_718 flowId 384 uecSrc 383 starting at 0
Flow Uec_137_622 flowId 385 uecSrc 384 starting at 0
Flow Uec_932_335 flowId 386 uecSrc 385 starting at 0
Flow Uec_905_308 flowId 387 uecSrc 386 starting at 0
Flow Uec_852_254 flowId 388 uecSrc 387 starting at 0
Flow Uec_700_128 flowId 389 uecSrc 388 starting at 0
Flow Uec_72_588 flowId 390 uecSrc 389 starting at 0
Flow Uec_167_658 flowId 391 uecSrc 390 starting at 0
Flow Uec_579_1051 flowId 392 uecSrc 391 starting at 0
Flow Uec_170_617 flowId 393 uecSrc 392 starting at 0
Flow Uec_234_707 flowId 394 uecSrc 393 starting at 0
Flow Uec_115_679 flowId 395 uecSrc 394 starting at 0
Flow Uec_589_1091 flowId 396 uecSrc 395 starting at 0
Flow Uec_384_831 flowId 397 uecSrc 396 starting at 0
Flow Uec_69_505 flowId 398 uecSrc 397 starting at 0
Flow Uec_869_230 flowId 399 uecSrc 398 starting at 0
Flow Uec_962_379 flowId 400 uecSrc 399 starting at 0
Flow Uec_908_367 flowId 401 uecSrc 400 starting at 0
Flow Uec_175_619 flowId 402 uecSrc 401 starting at 0
Flow Uec_576_1029 flowId 403 uecSrc 402 starting at 0
Flow Uec_733_110 flowId 404 uecSrc 403 starting at 0
Flow Uec_937_384 flowId 405 uecSrc 404 starting at 0
Flow Uec_773_159 flowId 406 uecSrc 405 starting at 0
Flow Uec_114_612 flowId 407 uecSrc 406 starting at 0
Flow Uec_341_836 flowId 408 uecSrc 407 starting at 0
Flow Uec_1079_446 flowId 409 uecSrc 408 starting at 0
Flow Uec_1059_479 flowId 410 uecSrc 409 starting at 0
Flow Uec_880_256 flowId 411 uecSrc 410 starting at 0
Flow Uec_292_786 flowId 412 uecSrc 411 starting at 0
Flow Uec_135_694 flowId 413 uecSrc 412 starting at 0
Flow Uec_95_547 flowId 414 uecSrc 413 starting at 0
Flow Uec_567_1023 flowId 415 uecSrc 414 starting at 0
Flow Uec_479_943 flowId 416 uecSrc 415 starting at 0
Flow Uec_875_289 flowId 417 uecSrc 416 starting at 0
Flow Uec_75_589 flowId 418 uecSrc 417 starting at 0
Flow Uec_222_752 flowId 419 uecSrc 418 starting at 0
Flow Uec_585_1074 flowId 420 uecSrc 419 starting at 0
Flow Uec_244_790 flowId 421 uecSrc 420 starting at 0
Flow Uec_552_1093 flowId 422 uecSrc 421 starting at 0
Flow Uec_108_680 flowId 423 uecSrc 422 starting at 0
Flow Uec_437_974 flowId 424 uecSrc 423 starting at 0
Flow Uec_1022_488 flowId 425 uecSrc 424 starting at 0
Flow Uec_980_321 flowId 426 uecSrc 425 starting at 0
Flow Uec_160_671 flowId 427 uecSrc 426 starting at 0
Flow Uec_997_368 flowId 428 uecSrc 427 starting at 0
Flow Uec_141_608 flowId 429 uecSrc 428 starting at 0
Flow Uec_623_41 flowId 430 uecSrc 429 starting at 0
Flow Uec_33_517 flowId 431 uecSrc 430 starting at 0
Flow Uec_140_603 flowId 432 uecSrc 431 starting at 0
Flow Uec_203_711 flowId 433 uecSrc 432 starting at 0
Flow Uec_812_293 flowId 434 uecSrc 433 starting at 0
Flow Uec_263_770 flowId 435 uecSrc 434 starting at 0
Flow Uec_1029_471 flowId 436 uecSrc 435 starting at 0
Flow Uec_639_6 flowId 437 uecSrc 436 starting at 0
Flow Uec_1074_431 flowId 438 uecSrc 437 starting at 0
Flow Uec_275_773 flowId 439 uecSrc 438 starting at 0
Flow Uec_1088_438 flowId 440 uecSrc 439 starting at 0
Flow Uec_51_531 flowId 441 uecSrc 440 starting at 0
Flow Uec_1072_407 flowId 442 uecSrc 441 starting at 0
Flow Uec_659_2 flowId 443 uecSrc 442 starting at 0
Flow Uec_340_889 flowId 444 uecSrc 443 starting at 0
Flow Uec_258_736 flowId 445 uecSrc 444 starting at 0
Flow Uec_84_529 flowId 446 uecSrc 445 starting at 0
Flow Uec_103_689 flowId 447 uecSrc 446 starting at 0
Flow Uec_508_1052 flowId 448 uecSrc 447 starting at 0
Flow Uec_246_745 flowId 449 uecSrc 448 starting at 0
Flow Uec_310_842 flowId 450 uecSrc 449 starting at 0
Flow Uec_671_85 flowId 451 uecSrc 450 starting at 0
Flow Uec_990_345 flowId 452 uecSrc 451 starting at 0
Flow Uec_954_369 flowId 453 uecSrc 452 starting at 0
Flow Uec_187_604 flowId 454 uecSrc 453 starting at 0
Flow Uec_295_776 flowId 455 uecSrc 454 starting at 0
Flow Uec_820_237 flowId 456 uecSrc 455 starting at 0
Flow Uec_209_774 flowId 457 uecSrc 456 starting at 0
Flow Uec_100_607 flowId 458 uecSrc 457 starting at 0
Flow Uec_238_798 flowId 459 uecSrc 458 starting at 0
Flow Uec_698_93 flowId 460 uecSrc 459 starting at 0
Flow Uec_1009_464 flowId 461 uecSrc 460 starting at 0
Flow Uec_88_501 flowId 462 uecSrc 461 starting at 0
Flow Uec_248_785 flowId 463 uecSrc 462 starting at 0
Flow Uec_371_896 flowId 464 uecSrc 463 starting at 0
Flow Uec_163_634 flowId 465 uecSrc 464 starting at 0
Flow Uec_82_587 flowId 466 uecSrc 465 starting at 0
Flow Uec_283_757 flowId 467 uecSrc 466 starting at 0
Flow Uec_611_40 flowId 468 uecSrc 467 starting at 0
Flow Uec_734_165 flowId 469 uecSrc 468 starting at 0
Flow Uec_365_865 flowId 470 uecSrc 469 starting at 0
Flow Uec_197_697 flowId 471 uecSrc 470 starting at 0
Flow Uec_748_160 flowId 472 uecSrc 471 starting at 0
Flow Uec_928_348 flowId 473 uecSrc 472 starting at 0
Flow Uec_642_9 flowId 474 uecSrc 473 starting at 0
Flow Uec_630_88 flowId 475 uecSrc 474 starting at 0
Flow Uec_1030_436 flowId 476 uecSrc 475 starting at 0
Flow Uec_127_647 flowId 477 uecSrc 476 starting at 0
Flow Uec_1041_402 flowId 478 uecSrc 477 starting at 0
Flow Uec_290_756 flowId 479 uecSrc 478 starting at 0
Flow Uec_189_664 flowId 480 uecSrc 479 starting at 0
Flow Uec_628_46 flowId 481 uecSrc 480 starting at 0
Flow Uec_487_905 flowId 482 uecSrc 481 starting at 0
Flow Uec_1006_467 flowId 483 uecSrc 482 starting at 0
Flow Uec_968_340 flowId 484 uecSrc 483 starting at 0
Flow Uec_376_841 flowId 485 uecSrc 484 starting at 0
Flow Uec_992_349 flowId 486 uecSrc 485 starting at 0
Flow Uec_500_1006 flowId 487 uecSrc 486 starting at 0
Flow Uec_739_190 flowId 488 uecSrc 487 starting at 0
Flow Uec_929_324 flowId 489 uecSrc 488 starting at 0
Flow Uec_493_991 flowId 490 uecSrc 489 starting at 0
Flow Uec_712_177 flowId 491 uecSrc 490 starting at 0
Flow Uec_883_214 flowId 492 uecSrc 491 starting at 0
Flow Uec_515_1050 flowId 493 uecSrc 492 starting at 0
Flow Uec_922_390 flowId 494 uecSrc 493 starting at 0
Flow Uec_640_37 flowId 495 uecSrc 494 starting at 0
Flow Uec_210_717 flowId 496 uecSrc 495 starting at 0
Flow Uec_165_649 flowId 497 uecSrc 496 starting at 0
Flow Uec_961_355 flowId 498 uecSrc 497 starting at 0
Flow Uec_524_1014 flowId 499 uecSrc 498 starting at 0
Flow Uec_693_94 flowId 500 uecSrc 499 starting at 0
Flow Uec_525_1082 flowId 501 uecSrc 500 starting at 0
Flow Uec_456_929 flowId 502 uecSrc 501 starting at 0
Flow Uec_299_783 flowId 503 uecSrc 502 starting at 0
Flow Uec_910_378 flowId 504 uecSrc 503 starting at 0
Flow Uec_303_809 flowId 505 uecSrc 504 starting at 0
Flow Uec_282_734 flowId 506 uecSrc 505 starting at 0
Flow Uec_1039_401 flowId 507 uecSrc 506 starting at 0
Flow Uec_389_880 flowId 508 uecSrc 507 starting at 0
Flow Uec_670_77 flowId 509 uecSrc 508 starting at 0
Flow Uec_47_527 flowId 510 uecSrc 509 starting at 0
Flow Uec_597_1046 flowId 511 uecSrc 510 starting at 0
Flow Uec_782_127 flowId 512 uecSrc 511 starting at 0
Flow Uec_355_857 flowId 513 uecSrc 512 starting at 0
Flow Uec_1081_486 flowId 514 uecSrc 513 starting at 0
Flow Uec_504_1048 flowId 515 uecSrc 514 starting at 0
Flow Uec_546_1043 flowId 516 uecSrc 515 starting at 0
Flow Uec_657_32 flowId 517 uecSrc 516 starting at 0
Flow Uec_887_291 flowId 518 uecSrc 517 starting at 0
Flow Uec_1034_440 flowId 519 uecSrc 518 starting at 0
Flow Uec_674_39 flowId 520 uecSrc 519 starting at 0
Flow Uec_890_274 flowId 521 uecSrc 520 starting at 0
Flow Uec_357_824 flowId 522 uecSrc 521 starting at 0
Flow Uec_110_667 flowId 523 uecSrc 522 starting at 0
Flow Uec_329_871 flowId 524 uecSrc 523 starting at 0
Flow Uec_912_352 flowId 525 uecSrc 524 starting at 0
Flow Uec_688_83 flowId 526 uecSrc 525 starting at 0
Flow Uec_806_211 flowId 527 uecSrc 526 starting at 0
Flow Uec_815_248 flowId 528 uecSrc 527 starting at 0
Flow Uec_828_276 flowId 529 uecSrc 528 starting at 0
Flow Uec_558_1097 flowId 530 uecSrc 529 starting at 0
Flow Uec_415_970 flowId 531 uecSrc 530 starting at 0
Flow Uec_1098_414 flowId 532 uecSrc 531 starting at 0
Flow Uec_857_210 flowId 533 uecSrc 532 starting at 0
Flow Uec_989_323 flowId 534 uecSrc 533 starting at 0
Flow Uec_575_1096 flowId 535 uecSrc 534 starting at 0
Flow Uec_227_769 flowId 536 uecSrc 535 starting at 0
Flow Uec_805_265 flowId 537 uecSrc 536 starting at 0
Flow Uec_429_958 flowId 538 uecSrc 537 starting at 0
Flow Uec_532_1062 flowId 539 uecSrc 538 starting at 0
Flow Uec_1063_421 flowId 540 uecSrc 539 starting at 0
Flow Uec_756_108 flowId 541 uecSrc 540 starting at 0
Flow Uec_18_509 flowId 542 uecSrc 541 starting at 0
Flow Uec_717_175 flowId 543 uecSrc 542 starting at 0
Flow Uec_468_989 flowId 544 uecSrc 543 starting at 0
Flow Uec_80_585 flowId 545 uecSrc 544 starting at 0
Flow Uec_57_571 flowId 546 uecSrc 545 starting at 0
Flow Uec_807_209 flowId 547 uecSrc 546 starting at 0
Flow Uec_996_387 flowId 548 uecSrc 547 starting at 0
Flow Uec_309_826 flowId 549 uecSrc 548 starting at 0
Flow Uec_727_174 flowId 550 uecSrc 549 starting at 0
Flow Uec_434_909 flowId 551 uecSrc 550 starting at 0
Flow Uec_403_927 flowId 552 uecSrc 551 starting at 0
Flow Uec_849_246 flowId 553 uecSrc 552 starting at 0
Flow Uec_179_625 flowId 554 uecSrc 553 starting at 0
Flow Uec_624_74 flowId 555 uecSrc 554 starting at 0
Flow Uec_607_48 flowId 556 uecSrc 555 starting at 0
Flow Uec_220_703 flowId 557 uecSrc 556 starting at 0
Flow Uec_702_179 flowId 558 uecSrc 557 starting at 0
Flow Uec_923_332 flowId 559 uecSrc 558 starting at 0
Flow Uec_861_270 flowId 560 uecSrc 559 starting at 0
Flow Uec_913_383 flowId 561 uecSrc 560 starting at 0
Flow Uec_675_61 flowId 562 uecSrc 561 starting at 0
Flow Uec_649_25 flowId 563 uecSrc 562 starting at 0
Flow Uec_311_849 flowId 564 uecSrc 563 starting at 0
Flow Uec_710_116 flowId 565 uecSrc 564 starting at 0
Flow Uec_212_755 flowId 566 uecSrc 565 starting at 0
Flow Uec_113_606 flowId 567 uecSrc 566 starting at 0
Flow Uec_348_827 flowId 568 uecSrc 567 starting at 0
Flow Uec_821_244 flowId 569 uecSrc 568 starting at 0
Flow Uec_1083_424 flowId 570 uecSrc 569 starting at 0
Flow Uec_850_288 flowId 571 uecSrc 570 starting at 0
Flow Uec_949_336 flowId 572 uecSrc 571 starting at 0
Flow Uec_620_81 flowId 573 uecSrc 572 starting at 0
Flow Uec_181_668 flowId 574 uecSrc 573 starting at 0
Flow Uec_228_722 flowId 575 uecSrc 574 starting at 0
Flow Uec_904_320 flowId 576 uecSrc 575 starting at 0
Flow Uec_737_150 flowId 577 uecSrc 576 starting at 0
Flow Uec_410_917 flowId 578 uecSrc 577 starting at 0
Flow Uec_742_182 flowId 579 uecSrc 578 starting at 0
Flow Uec_819_225 flowId 580 uecSrc 579 starting at 0
Flow Uec_781_104 flowId 581 uecSrc 580 starting at 0
Flow Uec_252_700 flowId 582 uecSrc 581 starting at 0
Flow Uec_510_1065 flowId 583 uecSrc 582 starting at 0
Flow Uec_334_839 flowId 584 uecSrc 583 starting at 0
Flow Uec_959_341 flowId 585 uecSrc 584 starting at 0
Flow Uec_190_635 flowId 586 uecSrc 585 starting at 0
Flow Uec_795_181 flowId 587 uecSrc 586 starting at 0
Flow Uec_217_754 flowId 588 uecSrc 587 starting at 0
Flow Uec_966_307 flowId 589 uecSrc 588 starting at 0
Flow Uec_513_1012 flowId 590 uecSrc 589 starting at 0
Flow Uec_122_610 flowId 591 uecSrc 590 starting at 0
Flow Uec_791_129 flowId 592 uecSrc 591 starting at 0
Flow Uec_715_142 flowId 593 uecSrc 592 starting at 0
Flow Uec_666_12 flowId 594 uecSrc 593 starting at 0
Flow Uec_221_794 flowId 595 uecSrc 594 starting at 0
Flow Uec_732_185 flowId 596 uecSrc 595 starting at 0
Flow Uec_198_678 flowId 597 uecSrc 596 starting at 0
Flow Uec_319_870 flowId 598 uecSrc 597 starting at 0
Flow Uec_881_287 flowId 599 uecSrc 598 starting at 0
Flow Uec_61_546 flowId 600 uecSrc 599 starting at 0
Flow Uec_457_999 flowId 601 uecSrc 600 starting at 0
Flow Uec_661_55 flowId 602 uecSrc 601 starting at 0
Flow Uec_939_397 flowId 603 uecSrc 602 starting at 0
Flow Uec_687_58 flowId 604 uecSrc 603 starting at 0
Flow Uec_1014_416 flowId 605 uecSrc 604 starting at 0
Flow Uec_363_890 flowId 606 uecSrc 605 starting at 0
Flow Uec_751_149 flowId 607 uecSrc 606 starting at 0
Flow Uec_373_892 flowId 608 uecSrc 607 starting at 0
Flow Uec_851_238 flowId 609 uecSrc 608 starting at 0
Flow Uec_595_1041 flowId 610 uecSrc 609 starting at 0
Flow Uec_136_673 flowId 611 uecSrc 610 starting at 0
Flow Uec_602_75 flowId 612 uecSrc 611 starting at 0
Flow Uec_350_812 flowId 613 uecSrc 612 starting at 0
Flow Uec_655_99 flowId 614 uecSrc 613 starting at 0
Flow Uec_586_1059 flowId 615 uecSrc 614 starting at 0
Flow Uec_823_243 flowId 616 uecSrc 615 starting at 0
Flow Uec_232_763 flowId 617 uecSrc 616 starting at 0
Flow Uec_754_154 flowId 618 uecSrc 617 starting at 0
Flow Uec_466_983 flowId 619 uecSrc 618 starting at 0
Flow Uec_780_164 flowId 620 uecSrc 619 starting at 0
Flow Uec_291_728 flowId 621 uecSrc 620 starting at 0
Flow Uec_405_992 flowId 622 uecSrc 621 starting at 0
Flow Uec_1056_468 flowId 623 uecSrc 622 starting at 0
Flow Uec_480_903 flowId 624 uecSrc 623 starting at 0
Flow Uec_237_746 flowId 625 uecSrc 624 starting at 0
Flow Uec_899_247 flowId 626 uecSrc 625 starting at 0
Flow Uec_87_593 flowId 627 uecSrc 626 starting at 0
Flow Uec_814_297 flowId 628 uecSrc 627 starting at 0
Flow Uec_245_714 flowId 629 uecSrc 628 starting at 0
Flow Uec_888_264 flowId 630 uecSrc 629 starting at 0
Flow Uec_685_13 flowId 631 uecSrc 630 starting at 0
Flow Uec_1069_455 flowId 632 uecSrc 631 starting at 0
Flow Uec_530_1049 flowId 633 uecSrc 632 starting at 0
Flow Uec_53_502 flowId 634 uecSrc 633 starting at 0
Flow Uec_1055_487 flowId 635 uecSrc 634 starting at 0
Flow Uec_930_316 flowId 636 uecSrc 635 starting at 0
Flow Uec_206_777 flowId 637 uecSrc 636 starting at 0
Flow Uec_792_184 flowId 638 uecSrc 637 starting at 0
Flow Uec_231_749 flowId 639 uecSrc 638 starting at 0
Flow Uec_596_1030 flowId 640 uecSrc 639 starting at 0
Flow Uec_428_950 flowId 641 uecSrc 640 starting at 0
Flow Uec_1051_434 flowId 642 uecSrc 641 starting at 0
Flow Uec_96_516 flowId 643 uecSrc 642 starting at 0
Flow Uec_432_934 flowId 644 uecSrc 643 starting at 0
Flow Uec_491_960 flowId 645 uecSrc 644 starting at 0
Flow Uec_332_803 flowId 646 uecSrc 645 starting at 0
Flow Uec_9_511 flowId 647 uecSrc 646 starting at 0
Flow Uec_67_503 flowId 648 uecSrc 647 starting at 0
Flow Uec_716_148 flowId 649 uecSrc 648 starting at 0
Flow Uec_752_138 flowId 650 uecSrc 649 starting at 0
Flow Uec_779_156 flowId 651 uecSrc 650 starting at 0
Flow Uec_85_570 flowId 652 uecSrc 651 starting at 0
Flow Uec_99_530 flowId 653 uecSrc 652 starting at 0
Flow Uec_679_84 flowId 654 uecSrc 653 starting at 0
Flow Uec_446_935 flowId 655 uecSrc 654 starting at 0
Flow Uec_1082_462 flowId 656 uecSrc 655 starting at 0
Flow Uec_643_7 flowId 657 uecSrc 656 starting at 0
Flow Uec_600_14 flowId 658 uecSrc 657 starting at 0
Flow Uec_442_932 flowId 659 uecSrc 658 starting at 0
Flow Uec_651_73 flowId 660 uecSrc 659 starting at 0
Flow Uec_523_1092 flowId 661 uecSrc 660 starting at 0
Flow Uec_1028_449 flowId 662 uecSrc 661 starting at 0
Flow Uec_729_173 flowId 663 uecSrc 662 starting at 0
Flow Uec_1013_420 flowId 664 uecSrc 663 starting at 0
Flow Uec_280_715 flowId 665 uecSrc 664 starting at 0
Flow Uec_853_222 flowId 666 uecSrc 665 starting at 0
Flow Uec_188_630 flowId 667 uecSrc 666 starting at 0
Flow Uec_501_1035 flowId 668 uecSrc 667 starting at 0
Flow Uec_865_263 flowId 669 uecSrc 668 starting at 0
Flow Uec_884_217 flowId 670 uecSrc 669 starting at 0
Flow Uec_359_881 flowId 671 uecSrc 670 starting at 0
Flow Uec_28_558 flowId 672 uecSrc 671 starting at 0
Flow Uec_730_115 flowId 673 uecSrc 672 starting at 0
Flow Uec_86_533 flowId 674 uecSrc 673 starting at 0
Flow Uec_613_79 flowId 675 uecSrc 674 starting at 0
Flow Uec_177_637 flowId 676 uecSrc 675 starting at 0
Flow Uec_731_140 flowId 677 uecSrc 676 starting at 0
Flow Uec_894_220 flowId 678 uecSrc 677 starting at 0
Flow Uec_565_1098 flowId 679 uecSrc 678 starting at 0
Flow Uec_898_218 flowId 680 uecSrc 679 starting at 0
Flow Uec_314_832 flowId 681 uecSrc 680 starting at 0
Flow Uec_704_101 flowId 682 uecSrc 681 starting at 0
Flow Uec_486_967 flowId 683 uecSrc 682 starting at 0
Flow Uec_230_781 flowId 684 uecSrc 683 starting at 0
Flow Uec_387_851 flowId 685 uecSrc 684 starting at 0
Flow Uec_521_1034 flowId 686 uecSrc 685 starting at 0
Flow Uec_1038_411 flowId 687 uecSrc 686 starting at 0
Flow Uec_940_309 flowId 688 uecSrc 687 starting at 0
Flow Uec_347_874 flowId 689 uecSrc 688 starting at 0
Flow Uec_798_176 flowId 690 uecSrc 689 starting at 0
Flow Uec_218_748 flowId 691 uecSrc 690 starting at 0
Flow Uec_372_805 flowId 692 uecSrc 691 starting at 0
Flow Uec_1096_476 flowId 693 uecSrc 692 starting at 0
Flow Uec_1024_458 flowId 694 uecSrc 693 starting at 0
Flow Uec_321_844 flowId 695 uecSrc 694 starting at 0
Flow Uec_841_299 flowId 696 uecSrc 695 starting at 0
Flow Uec_1084_444 flowId 697 uecSrc 696 starting at 0
Flow Uec_30_599 flowId 698 uecSrc 697 starting at 0
Flow Uec_201_784 flowId 699 uecSrc 698 starting at 0
Flow Uec_1090_400 flowId 700 uecSrc 699 starting at 0
Flow Uec_763_143 flowId 701 uecSrc 700 starting at 0
Flow Uec_328_845 flowId 702 uecSrc 701 starting at 0
Flow Uec_214_708 flowId 703 uecSrc 702 starting at 0
Flow Uec_83_524 flowId 704 uecSrc 703 starting at 0
Flow Uec_142_661 flowId 705 uecSrc 704 starting at 0
Flow Uec_709_133 flowId 706 uecSrc 705 starting at 0
Flow Uec_817_249 flowId 707 uecSrc 706 starting at 0
Flow Uec_860_295 flowId 708 uecSrc 707 starting at 0
Flow Uec_721_194 flowId 709 uecSrc 708 starting at 0
Flow Uec_0_535 flowId 710 uecSrc 709 starting at 0
Flow Uec_225_796 flowId 711 uecSrc 710 starting at 0
Flow Uec_331_838 flowId 712 uecSrc 711 starting at 0
Flow Uec_796_193 flowId 713 uecSrc 712 starting at 0
Flow Uec_1050_493 flowId 714 uecSrc 713 starting at 0
Flow Uec_598_1072 flowId 715 uecSrc 714 starting at 0
Flow Uec_1058_460 flowId 716 uecSrc 715 starting at 0
Flow Uec_808_271 flowId 717 uecSrc 716 starting at 0
Flow Uec_667_45 flowId 718 uecSrc 717 starting at 0
Flow Uec_381_867 flowId 719 uecSrc 718 starting at 0
Flow Uec_449_973 flowId 720 uecSrc 719 starting at 0
Flow Uec_408_979 flowId 721 uecSrc 720 starting at 0
Flow Uec_864_285 flowId 722 uecSrc 721 starting at 0
Flow Uec_517_1039 flowId 723 uecSrc 722 starting at 0
Flow Uec_1018_404 flowId 724 uecSrc 723 starting at 0
Flow Uec_827_259 flowId 725 uecSrc 724 starting at 0
Flow Uec_12_507 flowId 726 uecSrc 725 starting at 0
Flow Uec_370_878 flowId 727 uecSrc 726 starting at 0
Flow Uec_573_1027 flowId 728 uecSrc 727 starting at 0
Flow Uec_728_137 flowId 729 uecSrc 728 starting at 0
Flow Uec_398_815 flowId 730 uecSrc 729 starting at 0
Flow Uec_925_317 flowId 731 uecSrc 730 starting at 0
Flow Uec_120_638 flowId 732 uecSrc 731 starting at 0
Flow Uec_505_1040 flowId 733 uecSrc 732 starting at 0
Flow Uec_561_1011 flowId 734 uecSrc 733 starting at 0
Flow Uec_56_556 flowId 735 uecSrc 734 starting at 0
Flow Uec_1067_410 flowId 736 uecSrc 735 starting at 0
Flow Uec_526_1036 flowId 737 uecSrc 736 starting at 0
Flow Uec_375_891 flowId 738 uecSrc 737 starting at 0
Flow Uec_1052_445 flowId 739 uecSrc 738 starting at 0
Flow Uec_216_750 flowId 740 uecSrc 739 starting at 0
Flow Uec_1027_453 flowId 741 uecSrc 740 starting at 0
Flow Uec_390_862 flowId 742 uecSrc 741 starting at 0
Flow Uec_242_793 flowId 743 uecSrc 742 starting at 0
Flow Uec_1054_439 flowId 744 uecSrc 743 starting at 0
Flow Uec_298_789 flowId 745 uecSrc 744 starting at 0
Flow Uec_956_300 flowId 746 uecSrc 745 starting at 0
Flow Uec_563_1078 flowId 747 uecSrc 746 starting at 0
Flow Uec_435_996 flowId 748 uecSrc 747 starting at 0
Flow Uec_950_358 flowId 749 uecSrc 748 starting at 0
Flow Uec_70_520 flowId 750 uecSrc 749 starting at 0
Flow Uec_52_557 flowId 751 uecSrc 750 starting at 0
Flow Uec_632_92 flowId 752 uecSrc 751 starting at 0
Flow Uec_839_280 flowId 753 uecSrc 752 starting at 0
Flow Uec_1057_491 flowId 754 uecSrc 753 starting at 0
Flow Uec_541_1042 flowId 755 uecSrc 754 starting at 0
Flow Uec_635_11 flowId 756 uecSrc 755 starting at 0
Flow Uec_896_268 flowId 757 uecSrc 756 starting at 0
Flow Uec_544_1000 flowId 758 uecSrc 757 starting at 0
Flow Uec_342_872 flowId 759 uecSrc 758 starting at 0
Flow Uec_862_215 flowId 760 uecSrc 759 starting at 0
Flow Uec_132_692 flowId 761 uecSrc 760 starting at 0
Flow Uec_1020_465 flowId 762 uecSrc 761 starting at 0
Flow Uec_1045_480 flowId 763 uecSrc 762 starting at 0
Flow Uec_985_329 flowId 764 uecSrc 763 starting at 0
Flow Uec_1019_435 flowId 765 uecSrc 764 starting at 0
Flow Uec_254_709 flowId 766 uecSrc 765 starting at 0
Flow Uec_660_97 flowId 767 uecSrc 766 starting at 0
Flow Uec_746_161 flowId 768 uecSrc 767 starting at 0
Flow Uec_778_114 flowId 769 uecSrc 768 starting at 0
Flow Uec_749_145 flowId 770 uecSrc 769 starting at 0
Flow Uec_226_706 flowId 771 uecSrc 770 starting at 0
Flow Uec_512_1054 flowId 772 uecSrc 771 starting at 0
Flow Uec_616_35 flowId 773 uecSrc 772 starting at 0
Flow Uec_934_318 flowId 774 uecSrc 773 starting at 0
Flow Uec_1053_429 flowId 775 uecSrc 774 starting at 0
Flow Uec_276_740 flowId 776 uecSrc 775 starting at 0
Flow Uec_304_882 flowId 777 uecSrc 776 starting at 0
Flow Uec_293_742 flowId 778 uecSrc 777 starting at 0
Flow Uec_1033_496 flowId 779 uecSrc 778 starting at 0
Flow Uec_707_168 flowId 780 uecSrc 779 starting at 0
Flow Uec_352_823 flowId 781 uecSrc 780 starting at 0
Flow Uec_740_131 flowId 782 uecSrc 781 starting at 0
Flow Uec_615_98 flowId 783 uecSrc 782 starting at 0
Flow Uec_719_192 flowId 784 uecSrc 783 starting at 0
Flow Uec_367_804 flowId 785 uecSrc 784 starting at 0
Flow Uec_605_62 flowId 786 uecSrc 785 starting at 0
Flow Uec_1036_457 flowId 787 uecSrc 786 starting at 0
Flow Uec_652_57 flowId 788 uecSrc 787 starting at 0
Flow Uec_382_879 flowId 789 uecSrc 788 starting at 0
Flow Uec_577_1086 flowId 790 uecSrc 789 starting at 0
Flow Uec_518_1019 flowId 791 uecSrc 790 starting at 0
Flow Uec_836_267 flowId 792 uecSrc 791 starting at 0
Flow Uec_330_877 flowId 793 uecSrc 792 starting at 0
Flow Uec_223_701 flowId 794 uecSrc 793 starting at 0
Flow Uec_614_0 flowId 795 uecSrc 794 starting at 0
Flow Uec_604_67 flowId 796 uecSrc 795 starting at 0
Flow Uec_149_626 flowId 797 uecSrc 796 starting at 0
Flow Uec_333_848 flowId 798 uecSrc 797 starting at 0
Flow Uec_451_916 flowId 799 uecSrc 798 starting at 0
Flow Uec_594_1061 flowId 800 uecSrc 799 starting at 0
Flow Uec_553_1016 flowId 801 uecSrc 800 starting at 0
Flow Uec_474_936 flowId 802 uecSrc 801 starting at 0
Flow Uec_94_577 flowId 803 uecSrc 802 starting at 0
Flow Uec_281_791 flowId 804 uecSrc 803 starting at 0
Flow Uec_784_197 flowId 805 uecSrc 804 starting at 0
Flow Uec_713_169 flowId 806 uecSrc 805 starting at 0
Flow Uec_537_1066 flowId 807 uecSrc 806 starting at 0
Flow Uec_383_885 flowId 808 uecSrc 807 starting at 0
Flow Uec_701_132 flowId 809 uecSrc 808 starting at 0
Flow Uec_845_219 flowId 810 uecSrc 809 starting at 0
Flow Uec_413_959 flowId 811 uecSrc 810 starting at 0
Flow Uec_125_684 flowId 812 uecSrc 811 starting at 0
Flow Uec_161_672 flowId 813 uecSrc 812 starting at 0
Flow Uec_14_578 flowId 814 uecSrc 813 starting at 0
Flow Uec_587_1026 flowId 815 uecSrc 814 starting at 0
Flow Uec_874_257 flowId 816 uecSrc 815 starting at 0
Flow Uec_1025_415 flowId 817 uecSrc 816 starting at 0
Flow Uec_629_91 flowId 818 uecSrc 817 starting at 0
Flow Uec_419_906 flowId 819 uecSrc 818 starting at 0
Flow Uec_58_528 flowId 820 uecSrc 819 starting at 0
Flow Uec_868_275 flowId 821 uecSrc 820 starting at 0
Flow Uec_54_506 flowId 822 uecSrc 821 starting at 0
Flow Uec_891_221 flowId 823 uecSrc 822 starting at 0
Flow Uec_207_731 flowId 824 uecSrc 823 starting at 0
Flow Uec_272_787 flowId 825 uecSrc 824 starting at 0
135.481 flowid 648 Spurious 27
135.813 flowid 648 Spurious 30
137.562 flowid 344 Spurious 36
138.895 flowid 344 Spurious 34
139.814 flowid 726 Spurious 50
140.533 flowid 58 Spurious 44
141.147 flowid 353 Spurious 24
141.474 flowid 146 Spurious 19
143.559 flowid 414 Spurious 50
144.216 flowid 58 Spurious 31
144.466 flowid 257 Spurious 54
144.871 flowid 344 Spurious 54
146.131 flowid 257 Spurious 40
147.27 flowid 47 Spurious 40
148.438 flowid 353 Spurious 45
148.455 flowid 257 Spurious 46
149.124 flowid 257 Spurious 47
151.52 flowid 820 Spurious 62
152.313 flowid 414 Spurious 64
158.496 flowid 316 Spurious 67
163.053 flowid 316 Spurious 87
169.362 flowid 316 Spurious 85
174.049 flowid 366 Spurious 90
176.004 flowid 86 Spurious 112
176.441 flowid 398 Spurious 120
177.996 flowid 735 Spurious 115
179.623 flowid 710 Spurious 100
180.995 flowid 86 Spurious 129
185.634 flowid 735 Spurious 131
186.614 flowid 86 Spurious 126
189.444 flowid 293 Spurious 124
193.962 flowid 254 Spurious 179
200.553 flowid 672 Spurious 156
201.989 flowid 710 Spurious 139
202.877 flowid 672 Spurious 161
203.906 flowid 144 Spurious 149
211.629 flowid 674 Spurious 190
213.229 flowid 674 Spurious 189
226.647 flowid 466 Spurious 284
227.98 flowid 466 Spurious 282
228.463 flowid 643 Spurious 227
228.726 flowid 246 Spurious 206
230.526 flowid 246 Spurious 207
231.379 flowid 466 Spurious 287
232.01 flowid 146 Spurious 241
235.712 flowid 710 Spurious 204
236.343 flowid 431 Spurious 219
242.729 flowid 398 Spurious 243
245.024 flowid 257 Spurious 285
247.689 flowid 243 Spurious 313
259.402 flowid 146 Spurious 290
260.066 flowid 146 Spurious 292
261.01 flowid 213 Spurious 286
261.342 flowid 146 Spurious 294
261.782 flowid 653 Spurious 359
264.639 flowid 653 Spurious 357
270.904 flowid 213 Spurious 288
278.773 flowid 668 Spurious 6
287.405 flowid 710 Spurious 320
306.033 flowid 265 Spurious 378
309.024 flowid 265 Spurious 380
312.735 flowid 332 Spurious 387
324.614 flowid 51 Spurious 8
330.089 flowid 737 Spurious 9
330.361 flowid 344 Spurious 501
330.887 flowid 264 Spurious 467
332.685 flowid 344 Spurious 507
333.706 flowid 446 Spurious 329
340.215 flowid 652 Spurious 552
340.547 flowid 652 Spurious 550
340.879 flowid 652 Spurious 553
341.211 flowid 652 Spurious 554
341.543 flowid 652 Spurious 557
341.875 flowid 652 Spurious 556
342.207 flowid 652 Spurious 558
344.199 flowid 652 Spurious 560
348.989 flowid 276 Spurious 381
350.883 flowid 652 Spurious 584
355.95 flowid 383 Spurious 543
357.278 flowid 383 Spurious 538
357.64 flowid 390 Spurious 595
358.636 flowid 390 Spurious 599
363.243 flowid 466 Spurious 609
363.575 flowid 466 Spurious 610
363.907 flowid 466 Spurious 611
376.587 flowid 17 Spurious 528
380.528 flowid 243 Spurious 686
394.467 flowid 820 Spurious 396
396.127 flowid 820 Spurious 401
398.916 flowid 820 Spurious 402
399.26 flowid 820 Spurious 397
406.339 flowid 144 Spurious 517
416.222 flowid 704 Spurious 425
416.885 flowid 668 Spurious 7
418.779 flowid 627 Spurious 558
420.802 flowid 339 Spurious 581
421.328 flowid 92 Spurious 379
423.982 flowid 383 Spurious 659
426.707 flowid 390 Spurious 750
429.363 flowid 390 Spurious 761
430.027 flowid 390 Spurious 763
433.76 flowid 698 Spurious 569
435.457 flowid 698 Spurious 572
442.305 flowid 737 Spurious 9
446.485 flowid 134 Spurious 520
452.26 flowid 252 Spurious 423
463.216 flowid 252 Spurious 433
465.196 flowid 252 Spurious 437
486.554 flowid 647 Spurious 814
487.59 flowid 265 Spurious 653
488.239 flowid 647 Spurious 820
488.254 flowid 265 Spurious 654
493.424 flowid 265 Spurious 656
494.22 flowid 698 Spurious 686
495.094 flowid 265 Spurious 664
510.724 flowid 353 Spurious 483
512.677 flowid 383 Spurious 829
518.303 flowid 92 Spurious 486
519.827 flowid 86 Spurious 725
522.655 flowid 390 Spurious 960
525.65 flowid 653 Spurious 968
525.982 flowid 653 Spurious 943
530.097 flowid 668 Spurious 7
531.118 flowid 51 Spurious 16
533.279 flowid 390 Spurious 984
533.616 flowid 390 Spurious 985
535.669 flowid 546 Spurious 624
552.793 flowid 414 Spurious 485
556.181 flowid 737 Spurious 9
558.47 flowid 814 Spurious 1001
572.904 flowid 265 Spurious 783
573.441 flowid 339 Spurious 786
589.802 flowid 383 Spurious 980
593.35 flowid 383 Spurious 987
594.019 flowid 383 Spurious 988
594.683 flowid 383 Spurious 993
595.679 flowid 383 Spurious 995
606.563 flowid 674 Spurious 750
609.144 flowid 674 Spurious 751
614.643 flowid 674 Spurious 754
624.024 flowid 147 Spurious 817
628.34 flowid 431 Spurious 713
636.194 flowid 147 Spurious 838
637.687 flowid 330 Spurious 1056
639.909 flowid 330 Spurious 1057
640.241 flowid 330 Spurious 1058
641.296 flowid 710 Spurious 793
644.315 flowid 710 Spurious 790
645.633 flowid 668 Spurious 7
646.776 flowid 330 Spurious 1063
648.785 flowid 643 Spurious 743
651.341 flowid 257 Spurious 1024
653.259 flowid 418 Spurious 809
659.107 flowid 252 Spurious 651
662.11 flowid 704 Spurious 703
667.77 flowid 643 Spurious 762
669.577 flowid 344 Spurious 1295
670.348 flowid 643 Spurious 759
671.344 flowid 643 Spurious 760
671.871 flowid 265 Spurious 940
672.877 flowid 265 Spurious 941
674 flowid 643 Spurious 764
674.996 flowid 643 Spurious 765
675.66 flowid 643 Spurious 766
675.992 flowid 643 Spurious 769
679.17 flowid 265 Spurious 949
680.268 flowid 265 Spurious 950
683.96 flowid 643 Spurious 782
688.666 flowid 542 Spurious 898
691.806 flowid 51 Spurious 19
692.018 flowid 390 Spurious 1295
694.56 flowid 414 Spurious 635
694.892 flowid 414 Spurious 636
695.224 flowid 414 Spurious 640
695.536 flowid 383 Spurious 1157
696.864 flowid 383 Spurious 1162
699.188 flowid 383 Spurious 1167
699.463 flowid 814 Spurious 1338
700.368 flowid 814 Spurious 1341
704.264 flowid 751 Spurious 1418
704.807 flowid 264 Spurious 1315
704.928 flowid 751 Spurious 1421
705.26 flowid 751 Spurious 1422
705.471 flowid 264 Spurious 1316
705.592 flowid 751 Spurious 1420
705.803 flowid 264 Spurious 1317
708.82 flowid 414 Spurious 655
710.798 flowid 710 Spurious 910
712.564 flowid 710 Spurious 913
713.898 flowid 710 Spurious 912
714.565 flowid 710 Spurious 917
715.219 flowid 710 Spurious 916
716.548 flowid 600 Spurious 528
718.535 flowid 600 Spurious 527
721.432 flowid 710 Spurious 926
726.294 flowid 710 Spurious 933
757.705 flowid 737 Spurious 14
759.841 flowid 668 Spurious 7
778.298 flowid 147 Spurious 1045
778.63 flowid 147 Spurious 1041
778.967 flowid 147 Spurious 1048
802.694 flowid 51 Spurious 19
812.118 flowid 674 Spurious 939
814.198 flowid 674 Spurious 940
814.53 flowid 674 Spurious 941
815.182 flowid 674 Spurious 943
815.77 flowid 814 Spurious 1589
815.949 flowid 674 Spurious 944
816.434 flowid 814 Spurious 1590
817.098 flowid 814 Spurious 1591
817.2 flowid 751 Spurious 1625
819.876 flowid 751 Spurious 1630
819.879 flowid 315 Spurious 937
821.204 flowid 751 Spurious 1631
821.868 flowid 751 Spurious 1632
822.864 flowid 751 Spurious 1634
825.188 flowid 751 Spurious 1633
829.862 flowid 254 Spurious 1520
830.635 flowid 674 Spurious 946
832.737 flowid 814 Spurious 1618
833.728 flowid 332 Spurious 1088
835.662 flowid 332 Spurious 1086
839.061 flowid 398 Spurious 684
840.105 flowid 390 Spurious 1567
841.717 flowid 648 Spurious 698
844.352 flowid 814 Spurious 1655
844.705 flowid 390 Spurious 1575
845.277 flowid 315 Spurious 951
845.685 flowid 814 Spurious 1660
846.493 flowid 814 Spurious 1663
848.025 flowid 398 Spurious 688
848.975 flowid 92 Spurious 846
851.248 flowid 86 Spurious 1217
Flow Uec_1062_447 flowId 295 uecSrc 294 finished at 854.182 total messages 1 total packets 2448 RTS 0 total bytes 10002528 in_flight now 0 fair_inc 0 prop_inc 112256 fast_inc 0 eta_inc 41124 multi_dec -0 quick_dec -0 nack_dec -0
854.665 flowid 390 Spurious 1592
855.661 flowid 390 Spurious 1594
865.32 flowid 353 Spurious 823
873.053 flowid 668 Spurious 7
875.763 flowid 545 Spurious 1184
876.427 flowid 545 Spurious 1185
877.569 flowid 672 Spurious 819
882.872 flowid 160 Spurious 1783
884.758 flowid 160 Spurious 1785
885.09 flowid 160 Spurious 1786
886.091 flowid 160 Spurious 1778
886.428 flowid 160 Spurious 1779
887.092 flowid 160 Spurious 1789
887.424 flowid 160 Spurious 1781
887.761 flowid 160 Spurious 1790
888.093 flowid 160 Spurious 1782
889.431 flowid 160 Spurious 1793
894.868 flowid 446 Spurious 1011
898.832 flowid 206 Spurious 139
900.028 flowid 92 Spurious 917
918.894 flowid 51 Spurious 19
920.443 flowid 353 Spurious 885
920.62 flowid 207 Spurious 1508
923.263 flowid 353 Spurious 886
924.46 flowid 86 Spurious 1326
924.688 flowid 353 Spurious 889
925.428 flowid 353 Spurious 890
929.458 flowid 390 Spurious 1755
932.227 flowid 814 Spurious 1831
933.582 flowid 814 Spurious 1840
935.61 flowid 814 Spurious 1847
939.68 flowid 814 Spurious 1852
948.533 flowid 92 Spurious 983
951.922 flowid 92 Spurious 975
957.639 flowid 542 Spurious 1204
962.034 flowid 207 Spurious 1611
962.698 flowid 207 Spurious 1613
965.097 flowid 252 Spurious 1085
965.354 flowid 510 Spurious 1236
965.9 flowid 365 Spurious 492
975.912 flowid 710 Spurious 1318
976.295 flowid 710 Spurious 1319
977.307 flowid 710 Spurious 1321
981.644 flowid 710 Spurious 1324
982.118 flowid 710 Spurious 1325
982.818 flowid 820 Spurious 1242
986.208 flowid 710 Spurious 1323
986.54 flowid 710 Spurious 1331
987.925 flowid 668 Spurious 7
994.887 flowid 316 Spurious 1340
1008.4 flowid 390 Spurious 1894
1011.62 flowid 704 Spurious 1147
1014.9 flowid 243 Spurious 2413
1015.4 flowid 243 Spurious 2414
1016.03 flowid 390 Spurious 1908
1016.48 flowid 243 Spurious 2417
1016.9 flowid 243 Spurious 2419
1017.23 flowid 243 Spurious 2418
1019.49 flowid 265 Spurious 1518
1020.68 flowid 414 Spurious 983
1022.32 flowid 243 Spurious 2422
1022.66 flowid 243 Spurious 2423
1023 flowid 243 Spurious 2424
1024.49 flowid 265 Spurious 1531
1024.65 flowid 243 Spurious 2429
1027.6 flowid 243 Spurious 2448
1027.97 flowid 243 Spurious 2439
1028.63 flowid 243 Spurious 2441
1029.63 flowid 243 Spurious 2444
1029.96 flowid 243 Spurious 2445
1034.53 flowid 366 Spurious 1015
1047.27 flowid 672 Spurious 1016
1056.01 flowid 51 Spurious 20
1060.2 flowid 206 Spurious 142
1064.31 flowid 431 Spurious 1161
1066.64 flowid 814 Spurious 2056
1067.64 flowid 814 Spurious 2057
1071.59 flowid 134 Spurious 1100
1072.75 flowid 344 Spurious 2205
1073.09 flowid 344 Spurious 2206
1073.74 flowid 545 Spurious 1435
1077.34 flowid 545 Spurious 1437
1079.88 flowid 339 Spurious 1246
1080.07 flowid 814 Spurious 2078
1081 flowid 814 Spurious 2079
1083.1 flowid 344 Spurious 2222
1095.77 flowid 257 Spurious 1612
1096.17 flowid 652 Spurious 2449
1097.32 flowid 257 Spurious 1615
1098.03 flowid 446 Spurious 1343
1098.58 flowid 257 Spurious 1613
1101.16 flowid 207 Spurious 1869
1101.8 flowid 668 Spurious 7
1102.21 flowid 704 Spurious 1262
1103.57 flowid 257 Spurious 1614
1108.83 flowid 293 Spurious 1431
1110.78 flowid 293 Spurious 1429
1111.79 flowid 293 Spurious 1423
1112.12 flowid 293 Spurious 1425
1112.46 flowid 293 Spurious 1432
Flow Uec_85_570 flowId 652 uecSrc 651 finished at 1113.48 total messages 1 total packets 2455 RTS 7 total bytes 10002528 in_flight now 0 fair_inc 16258 prop_inc 280954 fast_inc 51519 eta_inc 51256 multi_dec -2049 quick_dec -0 nack_dec -0
1113.7 flowid 265 Spurious 1718
1114.36 flowid 265 Spurious 1721
1114.7 flowid 265 Spurious 1722
1115.01 flowid 648 Spurious 908
1116.69 flowid 265 Spurious 1729
1118.04 flowid 265 Spurious 1728
1119.56 flowid 265 Spurious 1731
Flow Uec_63_554 flowId 243 uecSrc 242 finished at 1119.68 total messages 1 total packets 2452 RTS 4 total bytes 10002528 in_flight now 0 fair_inc 16523 prop_inc 248186 fast_inc 0 eta_inc 45296 multi_dec -832 quick_dec -140255 nack_dec -12450
1120.6 flowid 265 Spurious 1734
1120.93 flowid 265 Spurious 1736
Flow Uec_52_557 flowId 751 uecSrc 750 finished at 1130.66 total messages 1 total packets 2455 RTS 7 total bytes 10002528 in_flight now 0 fair_inc 44529 prop_inc 192538 fast_inc 0 eta_inc 53640 multi_dec -105446 quick_dec -0 nack_dec -4150
1138.46 flowid 160 Spurious 2388
1138.79 flowid 160 Spurious 2389
1139.2 flowid 160 Spurious 2390
1139.93 flowid 160 Spurious 2392
1140.27 flowid 160 Spurious 2393
1140.6 flowid 160 Spurious 2394
Flow Uec_37_544 flowId 344 uecSrc 343 finished at 1142.9 total messages 1 total packets 2457 RTS 9 total bytes 10002528 in_flight now 0 fair_inc 46733 prop_inc 189269 fast_inc 0 eta_inc 52448 multi_dec -85491 quick_dec -0 nack_dec -0
1145.48 flowid 643 Spurious 1133
1146.14 flowid 643 Spurious 1135
1147.66 flowid 160 Spurious 2402
1149.98 flowid 160 Spurious 2408
1150.31 flowid 160 Spurious 2412
1150.93 flowid 160 Spurious 2414
1151.81 flowid 160 Spurious 2416
1152.19 flowid 466 Spurious 2258
1155.52 flowid 466 Spurious 2260
1155.86 flowid 466 Spurious 2261
Flow Uec_99_530 flowId 653 uecSrc 652 finished at 1160.39 total messages 1 total packets 2464 RTS 16 total bytes 10002528 in_flight now -64 fair_inc 29180 prop_inc 225218 fast_inc 0 eta_inc 53044 multi_dec -12040 quick_dec -0 nack_dec -0
1163.11 flowid 252 Spurious 1372
1163.78 flowid 252 Spurious 1376
1164.44 flowid 252 Spurious 1379
1164.91 flowid 252 Spurious 1382
1165.77 flowid 252 Spurious 1380
1169.89 flowid 51 Spurious 20
1176.86 flowid 418 Spurious 1956
Flow Uec_51_531 flowId 441 uecSrc 440 finished at 1177.76 total messages 1 total packets 2463 RTS 15 total bytes 10002528 in_flight now 0 fair_inc 21700 prop_inc 283694 fast_inc 0 eta_inc 53044 multi_dec -0 quick_dec -195686 nack_dec -8300
1177.86 flowid 418 Spurious 1960
1178.19 flowid 418 Spurious 1961
1178.86 flowid 418 Spurious 1965
1180.18 flowid 418 Spurious 1966
Flow Uec_82_587 flowId 466 uecSrc 465 finished at 1187.03 total messages 1 total packets 2459 RTS 11 total bytes 10002528 in_flight now 0 fair_inc 36267 prop_inc 254051 fast_inc 0 eta_inc 54832 multi_dec -125009 quick_dec -160636 nack_dec -8300
Flow Uec_39_591 flowId 5 uecSrc 4 finished at 1192.4 total messages 1 total packets 2471 RTS 23 total bytes 10002528 in_flight now -64 fair_inc 18402 prop_inc 360332 fast_inc 0 eta_inc 53640 multi_dec -0 quick_dec -0 nack_dec -0
1199.29 flowid 431 Spurious 1282
1201.02 flowid 366 Spurious 1247
1202.15 flowid 647 Spurious 2067
1205.77 flowid 431 Spurious 1283
1210.56 flowid 542 Spurious 1532
Flow Uec_91_574 flowId 264 uecSrc 263 finished at 1211.49 total messages 1 total packets 2468 RTS 20 total bytes 10002528 in_flight now 0 fair_inc 15248 prop_inc 307488 fast_inc 0 eta_inc 53044 multi_dec -0 quick_dec -196733 nack_dec -16600
1211.61 flowid 431 Spurious 1288
1211.71 flowid 207 Spurious 2069
1213.07 flowid 820 Spurious 1684
1214.72 flowid 820 Spurious 1686
1215.38 flowid 820 Spurious 1687
1217.02 flowid 207 Spurious 2078
1219 flowid 668 Spurious 7
1232.98 flowid 820 Spurious 1722
1233.64 flowid 820 Spurious 1729
1240.02 flowid 17 Spurious 2466
1240.35 flowid 17 Spurious 2467
1244.09 flowid 643 Spurious 1230
Flow Uec_41_559 flowId 17 uecSrc 16 finished at 1247.97 total messages 1 total packets 2471 RTS 23 total bytes 10002528 in_flight now 0 fair_inc 48876 prop_inc 177317 fast_inc 0 eta_inc 57216 multi_dec -1709 quick_dec -194885 nack_dec -12450
1255.37 flowid 254 Spurious 2343
Flow Uec_24_561 flowId 160 uecSrc 159 finished at 1256.42 total messages 1 total packets 2467 RTS 19 total bytes 10002528 in_flight now 0 fair_inc 32456 prop_inc 297039 fast_inc 0 eta_inc 53640 multi_dec -0 quick_dec -149851 nack_dec -4150
1262.74 flowid 28 Spurious 1436
Flow Uec_62_525 flowId 58 uecSrc 57 finished at 1273.91 total messages 1 total packets 2468 RTS 20 total bytes 10002528 in_flight now -128 fair_inc 28278 prop_inc 303188 fast_inc 0 eta_inc 57812 multi_dec -105 quick_dec -159620 nack_dec -8300
1277.49 flowid 86 Spurious 1828
1283.31 flowid 414 Spurious 1265
1287.22 flowid 143 Spurious 2465
1291.11 flowid 542 Spurious 1610
1296.93 flowid 414 Spurious 1275
1300.03 flowid 510 Spurious 1803
1305.67 flowid 51 Spurious 21
Flow Uec_45_598 flowId 143 uecSrc 142 finished at 1307.52 total messages 1 total packets 2476 RTS 28 total bytes 10002528 in_flight now -64 fair_inc 35349 prop_inc 341931 fast_inc 0 eta_inc 57812 multi_dec -0 quick_dec -173827 nack_dec -4150
1321.23 flowid 315 Spurious 1577
Flow Uec_72_588 flowId 390 uecSrc 389 finished at 1322.52 total messages 1 total packets 2463 RTS 15 total bytes 10002528 in_flight now 0 fair_inc 127769 prop_inc 101266 fast_inc 0 eta_inc 60792 multi_dec -177690 quick_dec -0 nack_dec -0
1323.04 flowid 315 Spurious 1580
1325.46 flowid 390 Spurious 2447
Flow Uec_14_578 flowId 814 uecSrc 813 finished at 1329.03 total messages 1 total packets 2472 RTS 24 total bytes 10002528 in_flight now -192 fair_inc 36364 prop_inc 291175 fast_inc 1010 eta_inc 59600 multi_dec -25954 quick_dec -138136 nack_dec -4150
1333.71 flowid 735 Spurious 897
Flow Uec_11_539 flowId 207 uecSrc 206 finished at 1341.95 total messages 1 total packets 2458 RTS 10 total bytes 10002528 in_flight now 0 fair_inc 174639 prop_inc 101763 fast_inc 0 eta_inc 63772 multi_dec -302787 quick_dec -0 nack_dec -4150
1344.29 flowid 332 Spurious 1696
1346.87 flowid 332 Spurious 1690
1347.21 flowid 332 Spurious 1692
1351.19 flowid 332 Spurious 1695
1351.83 flowid 265 Spurious 2172
1353.97 flowid 265 Spurious 2171
1354.51 flowid 332 Spurious 1697
1354.98 flowid 265 Spurious 2169
1356.11 flowid 265 Spurious 2175
1357.77 flowid 668 Spurious 8
Flow Uec_9_511 flowId 647 uecSrc 646 finished at 1367.54 total messages 1 total packets 2485 RTS 37 total bytes 10002528 in_flight now -128 fair_inc 21061 prop_inc 356016 fast_inc 0 eta_inc 61388 multi_dec -232 quick_dec -0 nack_dec -8300
Flow Uec_66_534 flowId 165 uecSrc 164 finished at 1378.52 total messages 1 total packets 2477 RTS 29 total bytes 10002528 in_flight now -64 fair_inc 42282 prop_inc 328921 fast_inc 0 eta_inc 62580 multi_dec -0 quick_dec -129836 nack_dec -12450
1391.69 flowid 38 Spurious 837
1392.7 flowid 38 Spurious 839
1393.69 flowid 38 Spurious 841
1394.69 flowid 38 Spurious 844
1395.02 flowid 38 Spurious 845
Flow Uec_43_532 flowId 254 uecSrc 253 finished at 1415.47 total messages 1 total packets 2476 RTS 28 total bytes 10002528 in_flight now -64 fair_inc 21202 prop_inc 294290 fast_inc 0 eta_inc 60196 multi_dec -0 quick_dec -150587 nack_dec -20750
1417.7 flowid 315 Spurious 1738
1419.66 flowid 315 Spurious 1741
1444.45 flowid 51 Spurious 22
1447.8 flowid 276 Spurious 1170
1463.39 flowid 820 Spurious 2068
Flow Uec_75_589 flowId 418 uecSrc 417 finished at 1469.31 total messages 1 total packets 2460 RTS 12 total bytes 10002528 in_flight now -64 fair_inc 75680 prop_inc 297376 fast_inc 0 eta_inc 64964 multi_dec -337225 quick_dec -0 nack_dec -0
1471.32 flowid 668 Spurious 8
1483.49 flowid 803 Spurious 1207
Flow Uec_47_527 flowId 510 uecSrc 509 finished at 1494.06 total messages 1 total packets 2453 RTS 5 total bytes 10002528 in_flight now 0 fair_inc 216478 prop_inc 139548 fast_inc 0 eta_inc 70924 multi_dec -442931 quick_dec -0 nack_dec -4150
1517.77 flowid 332 Spurious 1881
1520.29 flowid 542 Spurious 1971
1521.16 flowid 144 Spurious 2479
1521.63 flowid 144 Spurious 2480
1522.28 flowid 144 Spurious 2482
1522.28 flowid 542 Spurious 1975
1522.87 flowid 542 Spurious 1976
Flow Uec_25_567 flowId 144 uecSrc 143 finished at 1529.43 total messages 1 total packets 2488 RTS 40 total bytes 10002528 in_flight now -128 fair_inc 24496 prop_inc 340054 fast_inc 0 eta_inc 68540 multi_dec -0 quick_dec -160848 nack_dec -4150
1532.62 flowid 213 Spurious 1946
1543.25 flowid 330 Spurious 2003
1543.32 flowid 213 Spurious 1955
1545.25 flowid 339 Spurious 1667
1558.01 flowid 265 Spurious 2463
1561.66 flowid 265 Spurious 2464
Flow Uec_32_510 flowId 265 uecSrc 264 finished at 1567.02 total messages 1 total packets 2473 RTS 25 total bytes 10002528 in_flight now 0 fair_inc 33669 prop_inc 282542 fast_inc 0 eta_inc 70924 multi_dec -130571 quick_dec -112273 nack_dec -24900
1585.2 flowid 668 Spurious 8
1588.93 flowid 820 Spurious 2223
Flow Uec_0_535 flowId 710 uecSrc 709 finished at 1590.11 total messages 1 total packets 2473 RTS 25 total bytes 10002528 in_flight now -128 fair_inc 30032 prop_inc 304238 fast_inc 0 eta_inc 72712 multi_dec -102259 quick_dec -0 nack_dec -0
Flow Uec_68_538 flowId 383 uecSrc 382 finished at 1600.01 total messages 1 total packets 2487 RTS 39 total bytes 10002528 in_flight now -128 fair_inc 70840 prop_inc 255553 fast_inc 0 eta_inc 71520 multi_dec -43060 quick_dec -112478 nack_dec -8300
1609.24 flowid 726 Spurious 1490
1614.97 flowid 36 Spurious 1453
1618.83 flowid 36 Spurious 1464
1625.1 flowid 252 Spurious 1828
Flow Uec_456_929 flowId 502 uecSrc 501 finished at 1632.81 total messages 1 total packets 2448 RTS 0 total bytes 10002528 in_flight now 0 fair_inc 115108 prop_inc 45099 fast_inc 0 eta_inc 79864 multi_dec -275336 quick_dec -0 nack_dec -45650
1635.75 flowid 546 Spurious 1771
1643.98 flowid 51 Spurious 27
Flow Uec_412_920 flowId 270 uecSrc 269 finished at 1649.26 total messages 1 total packets 2448 RTS 0 total bytes 10002528 in_flight now 0 fair_inc 101413 prop_inc 49390 fast_inc 0 eta_inc 80460 multi_dec -260539 quick_dec -0 nack_dec -41500
1661.54 flowid 293 Spurious 1978
1663.39 flowid 134 Spurious 2074
Flow Uec_64_573 flowId 257 uecSrc 256 finished at 1663.67 total messages 1 total packets 2479 RTS 31 total bytes 10002528 in_flight now -192 fair_inc 97988 prop_inc 248521 fast_inc 0 eta_inc 73904 multi_dec -79857 quick_dec -0 nack_dec -8300
1667.3 flowid 134 Spurious 2072
1694.85 flowid 28 Spurious 1798
1698.74 flowid 668 Spurious 8
1701.95 flowid 339 Spurious 1867
Flow Uec_15_515 flowId 86 uecSrc 85 finished at 1741.72 total messages 1 total packets 2499 RTS 51 total bytes 10002528 in_flight now 0 fair_inc 66481 prop_inc 308422 fast_inc 0 eta_inc 77480 multi_dec -8186 quick_dec -123733 nack_dec -16600
1743.13 flowid 92 Spurious 1917
1784.86 flowid 674 Spurious 1712
1786.19 flowid 674 Spurious 1705
1786.53 flowid 674 Spurious 1707
1786.86 flowid 674 Spurious 1708
1787.52 flowid 674 Spurious 1709
Flow Uec_58_528 flowId 820 uecSrc 819 finished at 1787.53 total messages 1 total packets 2483 RTS 35 total bytes 10002528 in_flight now -64 fair_inc 68861 prop_inc 270711 fast_inc 0 eta_inc 84632 multi_dec -229757 quick_dec -80437 nack_dec -8300
1794.13 flowid 366 Spurious 2089
1800.36 flowid 276 Spurious 1275
1802.68 flowid 51 Spurious 30
1831.13 flowid 146 Spurious 1346
Flow Uec_84_529 flowId 446 uecSrc 445 finished at 1833.53 total messages 1 total packets 2492 RTS 44 total bytes 10002528 in_flight now -320 fair_inc 151500 prop_inc 246495 fast_inc 0 eta_inc 86420 multi_dec -239114 quick_dec -0 nack_dec -12450
1833.79 flowid 146 Spurious 1354
1857.1 flowid 668 Spurious 10
Flow Uec_10_581 flowId 134 uecSrc 133 finished at 1863.72 total messages 1 total packets 2482 RTS 34 total bytes 10002528 in_flight now 0 fair_inc 135803 prop_inc 263504 fast_inc 0 eta_inc 82248 multi_dec -285861 quick_dec -0 nack_dec -4150
1864.64 flowid 398 Spurious 1723
1865.97 flowid 398 Spurious 1728
1867.64 flowid 750 Spurious 2056
Flow Uec_30_599 flowId 698 uecSrc 697 finished at 1869.93 total messages 1 total packets 2497 RTS 49 total bytes 10002528 in_flight now -256 fair_inc 64358 prop_inc 307136 fast_inc 0 eta_inc 83440 multi_dec -20004 quick_dec -126549 nack_dec -12450
1874.24 flowid 246 Spurious 2258
1874.93 flowid 545 Spurious 2306
1880.79 flowid 35 Spurious 1449
1885.15 flowid 545 Spurious 2320
1911.84 flowid 146 Spurious 1439
1914.65 flowid 366 Spurious 2222
1939.78 flowid 627 Spurious 2010
Flow Uec_93_560 flowId 252 uecSrc 251 finished at 1955.45 total messages 1 total packets 2463 RTS 15 total bytes 10002528 in_flight now -64 fair_inc 314345 prop_inc 153526 fast_inc 0 eta_inc 91188 multi_dec -482254 quick_dec -0 nack_dec -0
1961.04 flowid 51 Spurious 35
1964.26 flowid 330 Spurious 2230
1970.98 flowid 668 Spurious 10
Flow Uec_18_509 flowId 542 uecSrc 541 finished at 1971.99 total messages 1 total packets 2504 RTS 56 total bytes 10002528 in_flight now -64 fair_inc 62204 prop_inc 350821 fast_inc 0 eta_inc 85824 multi_dec -3407 quick_dec -107615 nack_dec -33200
1978.4 flowid 366 Spurious 2289
Flow Uec_79_582 flowId 213 uecSrc 212 finished at 1989 total messages 1 total packets 2504 RTS 56 total bytes 10002528 in_flight now -320 fair_inc 88592 prop_inc 288239 fast_inc 0 eta_inc 88208 multi_dec -25004 quick_dec -115343 nack_dec -47272
1992.7 flowid 353 Spurious 2061
Flow Uec_95_547 flowId 414 uecSrc 413 finished at 2017.38 total messages 1 total packets 2490 RTS 42 total bytes 10002528 in_flight now 0 fair_inc 303298 prop_inc 171950 fast_inc 0 eta_inc 92380 multi_dec -283918 quick_dec -0 nack_dec -8300
2023.11 flowid 627 Spurious 2088
2023.69 flowid 545 Spurious 2467
Flow Uec_17_562 flowId 246 uecSrc 245 finished at 2028.91 total messages 1 total packets 2509 RTS 61 total bytes 10002528 in_flight now -448 fair_inc 82768 prop_inc 342653 fast_inc 0 eta_inc 90592 multi_dec -2913 quick_dec -114217 nack_dec -12450
Flow Uec_80_585 flowId 545 uecSrc 544 finished at 2030.81 total messages 1 total packets 2493 RTS 45 total bytes 10002528 in_flight now -128 fair_inc 73810 prop_inc 259981 fast_inc 0 eta_inc 91784 multi_dec -77817 quick_dec -83261 nack_dec -8300
Flow Uec_1_541 flowId 316 uecSrc 315 finished at 2031.12 total messages 1 total packets 2509 RTS 61 total bytes 10002528 in_flight now -128 fair_inc 77455 prop_inc 319523 fast_inc 0 eta_inc 89400 multi_dec -4570 quick_dec -84104 nack_dec -29050
Flow Uec_44_526 flowId 332 uecSrc 331 finished at 2038.03 total messages 1 total packets 2506 RTS 58 total bytes 10002528 in_flight now -320 fair_inc 69094 prop_inc 417564 fast_inc 0 eta_inc 91188 multi_dec -0 quick_dec -107189 nack_dec -41500
2040.27 flowid 293 Spurious 2482
Flow Uec_2_545 flowId 293 uecSrc 292 finished at 2046.65 total messages 1 total packets 2499 RTS 51 total bytes 10002528 in_flight now -128 fair_inc 63627 prop_inc 289555 fast_inc 0 eta_inc 92380 multi_dec -72682 quick_dec -111243 nack_dec -78850
2046.92 flowid 293 Spurious 2489
2066.24 flowid 122 Spurious 686
2075.58 flowid 51 Spurious 35
Flow Uec_35_521 flowId 315 uecSrc 314 finished at 2080.35 total messages 1 total packets 2509 RTS 61 total bytes 10002528 in_flight now -64 fair_inc 82141 prop_inc 334845 fast_inc 0 eta_inc 93572 multi_dec -105282 quick_dec -0 nack_dec -12450
Flow Uec_83_524 flowId 704 uecSrc 703 finished at 2084.61 total messages 1 total packets 2497 RTS 49 total bytes 10002528 in_flight now -320 fair_inc 163267 prop_inc 248211 fast_inc 0 eta_inc 96552 multi_dec -157590 quick_dec -0 nack_dec -12450
2085.85 flowid 668 Spurious 10
2092.3 flowid 315 Spurious 2391
2117.99 flowid 35 Spurious 1857
2122.63 flowid 35 Spurious 1858
2129.44 flowid 147 Spurious 2437
Flow Uec_70_520 flowId 750 uecSrc 749 finished at 2143.59 total messages 1 total packets 2506 RTS 58 total bytes 10002528 in_flight now -192 fair_inc 112581 prop_inc 274817 fast_inc 0 eta_inc 98936 multi_dec -85225 quick_dec -0 nack_dec -29050
Flow Uec_23_565 flowId 366 uecSrc 365 finished at 2149.9 total messages 1 total packets 2484 RTS 36 total bytes 10002528 in_flight now -256 fair_inc 183075 prop_inc 221387 fast_inc 0 eta_inc 92976 multi_dec -351197 quick_dec -0 nack_dec -4150
Flow Uec_12_507 flowId 726 uecSrc 725 finished at 2158.3 total messages 1 total packets 2508 RTS 60 total bytes 10002528 in_flight now -256 fair_inc 179488 prop_inc 333947 fast_inc 0 eta_inc 99532 multi_dec -119408 quick_dec -0 nack_dec -4150
Flow Uec_98_575 flowId 147 uecSrc 146 finished at 2168.71 total messages 1 total packets 2514 RTS 66 total bytes 10002528 in_flight now -256 fair_inc 71463 prop_inc 451381 fast_inc 0 eta_inc 92976 multi_dec -21084 quick_dec -0 nack_dec -0
2171.59 flowid 643 Spurious 1764
2172.92 flowid 643 Spurious 1766
2174.25 flowid 735 Spurious 1652
2177.24 flowid 643 Spurious 1770
2178.9 flowid 92 Spurious 2360
Flow Uec_97_569 flowId 92 uecSrc 91 finished at 2189.7 total messages 1 total packets 2488 RTS 40 total bytes 10002528 in_flight now -128 fair_inc 220460 prop_inc 199505 fast_inc 0 eta_inc 101320 multi_dec -405473 quick_dec -0 nack_dec -8300
2199.39 flowid 668 Spurious 10
2233.75 flowid 28 Spurious 2279
Flow Uec_57_571 flowId 546 uecSrc 545 finished at 2239.06 total messages 1 total packets 2515 RTS 67 total bytes 10002528 in_flight now -256 fair_inc 229372 prop_inc 224504 fast_inc 0 eta_inc 102512 multi_dec -131164 quick_dec -0 nack_dec -16600
2241.36 flowid 220 Spurious 537
2247.19 flowid 122 Spurious 693
2250.63 flowid 735 Spurious 1755
2253.71 flowid 735 Spurious 1759
2271.38 flowid 330 Spurious 2491
Flow Uec_40_522 flowId 330 uecSrc 329 finished at 2271.43 total messages 1 total packets 2496 RTS 48 total bytes 10002528 in_flight now -128 fair_inc 142478 prop_inc 309200 fast_inc 0 eta_inc 94764 multi_dec -144747 quick_dec -91677 nack_dec -8300
Flow Uec_59_536 flowId 339 uecSrc 338 finished at 2276.09 total messages 1 total packets 2513 RTS 65 total bytes 10002528 in_flight now -320 fair_inc 125770 prop_inc 320459 fast_inc 0 eta_inc 95360 multi_dec -20185 quick_dec -95880 nack_dec -8300
2278.51 flowid 431 Spurious 2360
2280.09 flowid 51 Spurious 40
Flow Uec_1066_432 flowId 321 uecSrc 320 finished at 2293.76 total messages 1 total packets 2448 RTS 0 total bytes 10002528 in_flight now 0 fair_inc 107989 prop_inc 21366 fast_inc 0 eta_inc 85228 multi_dec -232328 quick_dec -0 nack_dec -107900
2295.29 flowid 35 Spurious 2197
2308.23 flowid 35 Spurious 2217
Flow Uec_801_208 flowId 250 uecSrc 249 finished at 2312.62 total messages 1 total packets 2448 RTS 0 total bytes 10002528 in_flight now 0 fair_inc 124066 prop_inc 17126 fast_inc 0 eta_inc 86420 multi_dec -262472 quick_dec -0 nack_dec -74700
Flow Uec_28_558 flowId 672 uecSrc 671 finished at 2313.05 total messages 1 total packets 2490 RTS 42 total bytes 10002528 in_flight now -192 fair_inc 244294 prop_inc 237492 fast_inc 0 eta_inc 101916 multi_dec -405747 quick_dec -0 nack_dec -4150
2314.6 flowid 668 Spurious 10
Flow Uec_657_32 flowId 517 uecSrc 516 finished at 2324.54 total messages 1 total packets 2448 RTS 0 total bytes 10002528 in_flight now 0 fair_inc 129964 prop_inc 15938 fast_inc 0 eta_inc 109068 multi_dec -259107 quick_dec -0 nack_dec -116200
Flow Uec_4_576 flowId 35 uecSrc 34 finished at 2338.28 total messages 1 total packets 2510 RTS 62 total bytes 10002528 in_flight now -320 fair_inc 219335 prop_inc 298284 fast_inc 0 eta_inc 98936 multi_dec -48344 quick_dec -46213 nack_dec -4150
2340.88 flowid 35 Spurious 2299
2341.22 flowid 35 Spurious 2300
Flow Uec_87_593 flowId 627 uecSrc 626 finished at 2352.35 total messages 1 total packets 2506 RTS 58 total bytes 10002528 in_flight now -128 fair_inc 83427 prop_inc 274606 fast_inc 0 eta_inc 104896 multi_dec -78872 quick_dec -0 nack_dec -41500
Flow Uec_22_563 flowId 353 uecSrc 352 finished at 2367.54 total messages 1 total packets 2517 RTS 69 total bytes 10002528 in_flight now -256 fair_inc 77575 prop_inc 390477 fast_inc 0 eta_inc 102512 multi_dec -0 quick_dec -129782 nack_dec -49800
Flow Uec_33_517 flowId 431 uecSrc 430 finished at 2386.75 total messages 1 total packets 2513 RTS 65 total bytes 10002528 in_flight now -384 fair_inc 82868 prop_inc 424243 fast_inc 0 eta_inc 103704 multi_dec -72387 quick_dec -113865 nack_dec -41500
Flow Uec_301_894 flowId 175 uecSrc 174 finished at 2399.56 total messages 1 total packets 2448 RTS 0 total bytes 10002528 in_flight now 0 fair_inc 140125 prop_inc 7142 fast_inc 0 eta_inc 70924 multi_dec -186916 quick_dec -0 nack_dec -128650
Flow Uec_53_502 flowId 634 uecSrc 633 finished at 2411.16 total messages 1 total packets 2507 RTS 59 total bytes 10002528 in_flight now -576 fair_inc 255097 prop_inc 217259 fast_inc 0 eta_inc 109068 multi_dec -127928 quick_dec -0 nack_dec -29050
Flow Uec_86_533 flowId 674 uecSrc 673 finished at 2411.8 total messages 1 total packets 2510 RTS 62 total bytes 10002528 in_flight now -128 fair_inc 112258 prop_inc 312863 fast_inc 0 eta_inc 111452 multi_dec -93690 quick_dec -0 nack_dec -16600
2417.54 flowid 51 Spurious 44
Flow Uec_595_1041 flowId 610 uecSrc 609 finished at 2430.33 total messages 1 total packets 2448 RTS 0 total bytes 10002528 in_flight now 0 fair_inc 201915 prop_inc 5663 fast_inc 0 eta_inc 95360 multi_dec -274474 quick_dec -0 nack_dec -149400
Flow Uec_1014_416 flowId 605 uecSrc 604 finished at 2430.66 total messages 1 total packets 2448 RTS 0 total bytes 10002528 in_flight now 0 fair_inc 106139 prop_inc 53886 fast_inc 0 eta_inc 94764 multi_dec -272535 quick_dec -0 nack_dec -78850
Flow Uec_6_500 flowId 28 uecSrc 27 finished at 2436.67 total messages 1 total packets 2511 RTS 63 total bytes 10002528 in_flight now -192 fair_inc 111353 prop_inc 335003 fast_inc 0 eta_inc 109068 multi_dec -52496 quick_dec -0 nack_dec -62250
Flow Uec_874_257 flowId 816 uecSrc 815 finished at 2441.56 total messages 1 total packets 2448 RTS 0 total bytes 10002528 in_flight now 0 fair_inc 128417 prop_inc 45504 fast_inc 0 eta_inc 112644 multi_dec -280114 quick_dec -0 nack_dec -103750
2444.73 flowid 122 Spurious 705
2451.71 flowid 668 Spurious 11
Flow Uec_833_236 flowId 118 uecSrc 117 finished at 2459.73 total messages 1 total packets 2448 RTS 0 total bytes 10002528 in_flight now 0 fair_inc 167460 prop_inc 47784 fast_inc 0 eta_inc 100128 multi_dec -279728 quick_dec -0 nack_dec -124500
Flow Uec_1033_496 flowId 779 uecSrc 778 finished at 2462.35 total messages 1 total packets 2448 RTS 0 total bytes 10002528 in_flight now 0 fair_inc 179340 prop_inc 63564 fast_inc 0 eta_inc 94168 multi_dec -298002 quick_dec -0 nack_dec -116200
Flow Uec_69_505 flowId 398 uecSrc 397 finished at 2463.76 total messages 1 total packets 2465 RTS 17 total bytes 10002528 in_flight now -64 fair_inc 582042 prop_inc 73122 fast_inc 0 eta_inc 106088 multi_dec -751887 quick_dec -3177 nack_dec -8300
Flow Uec_96_516 flowId 643 uecSrc 642 finished at 2536.43 total messages 1 total packets 2496 RTS 48 total bytes 10002528 in_flight now -192 fair_inc 218681 prop_inc 226284 fast_inc 0 eta_inc 112644 multi_dec -229567 quick_dec -0 nack_dec -8300
2543.28 flowid 36 Spurious 2337
Flow Uec_46_540 flowId 146 uecSrc 145 finished at 2552.21 total messages 1 total packets 2492 RTS 44 total bytes 10002528 in_flight now -320 fair_inc 203904 prop_inc 245984 fast_inc 0 eta_inc 98340 multi_dec -127708 quick_dec -40796 nack_dec -20750
Flow Uec_665_34 flowId 95 uecSrc 94 finished at 2553.75 total messages 1 total packets 2448 RTS 0 total bytes 10002528 in_flight now 0 fair_inc 183289 prop_inc 38490 fast_inc 0 eta_inc 110260 multi_dec -275825 quick_dec -0 nack_dec -145250
2564.93 flowid 668 Spurious 11
Flow Uec_971_359 flowId 124 uecSrc 123 finished at 2576.89 total messages 1 total packets 2448 RTS 0 total bytes 10002528 in_flight now 0 fair_inc 167363 prop_inc 10532 fast_inc 0 eta_inc 112644 multi_dec -264439 quick_dec -0 nack_dec -166000
2589.43 flowid 365 Spurious 1091
Flow Uec_19_552 flowId 47 uecSrc 46 finished at 2590.99 total messages 1 total packets 2527 RTS 79 total bytes 10002528 in_flight now -448 fair_inc 155898 prop_inc 387815 fast_inc 0 eta_inc 116816 multi_dec -47551 quick_dec -0 nack_dec -24900
2596.83 flowid 51 Spurious 50
Flow Uec_67_503 flowId 648 uecSrc 647 finished at 2617.73 total messages 1 total packets 2468 RTS 20 total bytes 10002528 in_flight now -64 fair_inc 548484 prop_inc 99720 fast_inc 0 eta_inc 107876 multi_dec -717425 quick_dec -0 nack_dec -0
Flow Uec_460_978 flowId 226 uecSrc 225 finished at 2658.47 total messages 1 total packets 2448 RTS 0 total bytes 10002528 in_flight now 0 fair_inc 7836 prop_inc 15503 fast_inc 0 eta_inc 107876 multi_dec -837 quick_dec -109008 nack_dec -157700
Flow Uec_61_546 flowId 600 uecSrc 599 finished at 2659.68 total messages 1 total packets 2465 RTS 17 total bytes 10002528 in_flight now 0 fair_inc 565946 prop_inc 110983 fast_inc 0 eta_inc 111452 multi_dec -760085 quick_dec -0 nack_dec -4150
Flow Uec_94_577 flowId 803 uecSrc 802 finished at 2669.38 total messages 1 total packets 2501 RTS 53 total bytes 10002528 in_flight now -384 fair_inc 254663 prop_inc 255275 fast_inc 0 eta_inc 116816 multi_dec -235132 quick_dec -12310 nack_dec -24900
Flow Uec_884_217 flowId 670 uecSrc 669 finished at 2677.11 total messages 1 total packets 2448 RTS 0 total bytes 10002528 in_flight now 0 fair_inc 170910 prop_inc 7908 fast_inc 0 eta_inc 85228 multi_dec -259611 quick_dec -0 nack_dec -120350
2678.8 flowid 668 Spurious 11
Flow Uec_89_594 flowId 36 uecSrc 35 finished at 2681.9 total messages 1 total packets 2522 RTS 74 total bytes 10002528 in_flight now -320 fair_inc 138924 prop_inc 463579 fast_inc 0 eta_inc 116816 multi_dec -82792 quick_dec -0 nack_dec -49800
Flow Uec_377_860 flowId 9 uecSrc 8 finished at 2723.76 total messages 1 total packets 2448 RTS 0 total bytes 10002528 in_flight now 0 fair_inc 11266 prop_inc 20903 fast_inc 0 eta_inc 100128 multi_dec -5709 quick_dec -104274 nack_dec -145250
Flow Uec_614_0 flowId 795 uecSrc 794 finished at 2726.05 total messages 1 total packets 2449 RTS 1 total bytes 10002528 in_flight now 0 fair_inc 171132 prop_inc 79820 fast_inc 0 eta_inc 104300 multi_dec -277227 quick_dec -0 nack_dec -132800
Flow Uec_969_312 flowId 306 uecSrc 305 finished at 2732.68 total messages 1 total packets 2448 RTS 0 total bytes 10002528 in_flight now 0 fair_inc 219267 prop_inc 19452 fast_inc 0 eta_inc 101320 multi_dec -296652 quick_dec -0 nack_dec -170150
Flow Uec_54_506 flowId 822 uecSrc 821 finished at 2734.91 total messages 1 total packets 2515 RTS 67 total bytes 10002528 in_flight now -512 fair_inc 236454 prop_inc 267263 fast_inc 0 eta_inc 123968 multi_dec -182155 quick_dec -0 nack_dec -49800
2754.53 flowid 51 Spurious 56
2796.33 flowid 668 Spurious 11
Flow Uec_56_556 flowId 735 uecSrc 734 finished at 2811.59 total messages 1 total packets 2509 RTS 61 total bytes 10002528 in_flight now -64 fair_inc 242774 prop_inc 269000 fast_inc 0 eta_inc 126948 multi_dec -328580 quick_dec -0 nack_dec -33200
Flow Uec_119_644 flowId 173 uecSrc 172 finished at 2852.37 total messages 1 total packets 2448 RTS 0 total bytes 10002528 in_flight now 0 fair_inc 261208 prop_inc 5187 fast_inc 0 eta_inc 97744 multi_dec -356530 quick_dec -0 nack_dec -157700
Flow Uec_310_842 flowId 450 uecSrc 449 finished at 2853.71 total messages 1 total packets 2448 RTS 0 total bytes 10002528 in_flight now 0 fair_inc 225605 prop_inc 13289 fast_inc 0 eta_inc 85824 multi_dec -358335 quick_dec -0 nack_dec -107900
2856.4 flowid 462 Spurious 1944
Flow Uec_640_37 flowId 495 uecSrc 494 finished at 2857.64 total messages 1 total packets 2448 RTS 0 total bytes 10002528 in_flight now 0 fair_inc 204763 prop_inc 5214 fast_inc 0 eta_inc 102512 multi_dec -307247 quick_dec -0 nack_dec -153550
2863.29 flowid 206 Spurious 258
Flow Uec_189_664 flowId 480 uecSrc 479 finished at 2866.02 total messages 1 total packets 2448 RTS 0 total bytes 10002528 in_flight now 0 fair_inc 253290 prop_inc 9152 fast_inc 0 eta_inc 98936 multi_dec -408168 quick_dec -0 nack_dec -116200
Flow Uec_502_1044 flowId 369 uecSrc 368 finished at 2872.79 total messages 1 total packets 2448 RTS 0 total bytes 10002528 in_flight now 0 fair_inc 124378 prop_inc 28385 fast_inc 0 eta_inc 119796 multi_dec -287548 quick_dec -0 nack_dec -116200
Flow Uec_311_849 flowId 564 uecSrc 563 finished at 2898.56 total messages 1 total packets 2448 RTS 0 total bytes 10002528 in_flight now 0 fair_inc 158617 prop_inc 37743 fast_inc 0 eta_inc 100128 multi_dec -290813 quick_dec -0 nack_dec -128650
2911.53 flowid 668 Spurious 11
Flow Uec_428_950 flowId 641 uecSrc 640 finished at 2911.83 total messages 1 total packets 2448 RTS 0 total bytes 10002528 in_flight now 0 fair_inc 246096 prop_inc 11478 fast_inc 0 eta_inc 95360 multi_dec -347341 quick_dec -0 nack_dec -149400
2916.16 flowid 462 Spurious 2038
Flow Uec_862_215 flowId 760 uecSrc 759 finished at 2918.93 total messages 1 total packets 2448 RTS 0 total bytes 10002528 in_flight now 0 fair_inc 243017 prop_inc 26064 fast_inc 0 eta_inc 106088 multi_dec -358335 quick_dec -0 nack_dec -145250
2919.15 flowid 462 Spurious 2043
Flow Uec_511_1010 flowId 277 uecSrc 276 finished at 2953.98 total messages 1 total packets 2448 RTS 0 total bytes 10002528 in_flight now 0 fair_inc 156170 prop_inc 9003 fast_inc 0 eta_inc 104300 multi_dec -270820 quick_dec -0 nack_dec -136950
Flow Uec_142_661 flowId 705 uecSrc 704 finished at 2954.29 total messages 1 total packets 2448 RTS 0 total bytes 10002528 in_flight now 0 fair_inc 181801 prop_inc 4767 fast_inc 0 eta_inc 92976 multi_dec -272268 quick_dec -0 nack_dec -161850
Flow Uec_811_245 flowId 219 uecSrc 218 finished at 2963.35 total messages 1 total packets 2448 RTS 0 total bytes 10002528 in_flight now 0 fair_inc 235622 prop_inc 36457 fast_inc 0 eta_inc 119200 multi_dec -353280 quick_dec -0 nack_dec -157700
Flow Uec_116_628 flowId 108 uecSrc 107 finished at 2971.46 total messages 1 total packets 2448 RTS 0 total bytes 10002528 in_flight now 0 fair_inc 52938 prop_inc 12517 fast_inc 0 eta_inc 91784 multi_dec -53564 quick_dec -130581 nack_dec -112050
Flow Uec_149_626 flowId 797 uecSrc 796 finished at 3022.4 total messages 1 total packets 2448 RTS 0 total bytes 10002528 in_flight now 0 fair_inc 209883 prop_inc 15385 fast_inc 0 eta_inc 98340 multi_dec -310327 quick_dec -0 nack_dec -149400
3025.74 flowid 668 Spurious 11
Flow Uec_438_998 flowId 116 uecSrc 115 finished at 3026.14 total messages 1 total packets 2448 RTS 0 total bytes 10002528 in_flight now 0 fair_inc 183147 prop_inc 5916 fast_inc 0 eta_inc 97148 multi_dec -322226 quick_dec -0 nack_dec -128650
Flow Uec_899_247 flowId 626 uecSrc 625 finished at 3035.18 total messages 1 total packets 2448 RTS 0 total bytes 10002528 in_flight now 0 fair_inc 251750 prop_inc 1941 fast_inc 0 eta_inc 118008 multi_dec -380906 quick_dec -0 nack_dec -157700
Flow Uec_541_1042 flowId 755 uecSrc 754 finished at 3046.07 total messages 1 total packets 2448 RTS 0 total bytes 10002528 in_flight now 0 fair_inc 209857 prop_inc 22151 fast_inc 0 eta_inc 118008 multi_dec -384310 quick_dec -0 nack_dec -91300
3056.61 flowid 462 Spurious 2248
Flow Uec_13_548 flowId 276 uecSrc 275 finished at 3079.02 total messages 1 total packets 2510 RTS 62 total bytes 10002528 in_flight now -576 fair_inc 287775 prop_inc 268235 fast_inc 0 eta_inc 130524 multi_dec -182213 quick_dec -39293 nack_dec -8300
Flow Uec_293_742 flowId 778 uecSrc 777 finished at 3104.99 total messages 1 total packets 2448 RTS 0 total bytes 10002528 in_flight now 0 fair_inc 200848 prop_inc 6071 fast_inc 0 eta_inc 92380 multi_dec -322340 quick_dec -0 nack_dec -124500
Flow Uec_367_804 flowId 785 uecSrc 784 finished at 3114.93 total messages 1 total packets 2448 RTS 0 total bytes 10002528 in_flight now 0 fair_inc 202267 prop_inc 4548 fast_inc 0 eta_inc 97744 multi_dec -328075 quick_dec -0 nack_dec -120350
Flow Uec_468_989 flowId 544 uecSrc 543 finished at 3117.12 total messages 1 total packets 2448 RTS 0 total bytes 10002528 in_flight now 0 fair_inc 202927 prop_inc 21745 fast_inc 0 eta_inc 94168 multi_dec -338253 quick_dec -0 nack_dec -107900
Flow Uec_73_549 flowId 38 uecSrc 37 finished at 3120.71 total messages 1 total packets 2512 RTS 64 total bytes 10002528 in_flight now -576 fair_inc 298287 prop_inc 362093 fast_inc 0 eta_inc 128140 multi_dec -229009 quick_dec -34647 nack_dec -4150
Flow Uec_532_1062 flowId 539 uecSrc 538 finished at 3128.22 total messages 1 total packets 2448 RTS 0 total bytes 10002528 in_flight now 0 fair_inc 173268 prop_inc 5131 fast_inc 0 eta_inc 92380 multi_dec -313551 quick_dec -11485 nack_dec -99600
Flow Uec_314_832 flowId 681 uecSrc 680 finished at 3131.42 total messages 1 total packets 2448 RTS 0 total bytes 10002528 in_flight now 0 fair_inc 255035 prop_inc 19363 fast_inc 0 eta_inc 103108 multi_dec -370815 quick_dec -0 nack_dec -145250
3138.95 flowid 668 Spurious 11
Flow Uec_88_501 flowId 462 uecSrc 461 finished at 3140.12 total messages 1 total packets 2514 RTS 66 total bytes 10002528 in_flight now -384 fair_inc 233895 prop_inc 377190 fast_inc 0 eta_inc 123968 multi_dec -127802 quick_dec -86363 nack_dec -24900
Flow Uec_157_693 flowId 266 uecSrc 265 finished at 3140.4 total messages 1 total packets 2448 RTS 0 total bytes 10002528 in_flight now 0 fair_inc 219272 prop_inc 45778 fast_inc 0 eta_inc 125756 multi_dec -334329 quick_dec -0 nack_dec -153550
Flow Uec_505_1040 flowId 733 uecSrc 732 finished at 3173.3 total messages 1 total packets 2448 RTS 0 total bytes 10002528 in_flight now 0 fair_inc 187220 prop_inc 47956 fast_inc 0 eta_inc 106088 multi_dec -325682 quick_dec -0 nack_dec -99600
Flow Uec_382_879 flowId 789 uecSrc 788 finished at 3179.99 total messages 1 total packets 2448 RTS 0 total bytes 10002528 in_flight now 0 fair_inc 257233 prop_inc 38947 fast_inc 0 eta_inc 141848 multi_dec -438710 quick_dec -0 nack_dec -128650
Flow Uec_233_780 flowId 322 uecSrc 321 finished at 3196.33 total messages 1 total packets 2448 RTS 0 total bytes 10002528 in_flight now 0 fair_inc 216675 prop_inc 7079 fast_inc 0 eta_inc 109664 multi_dec -394759 quick_dec -0 nack_dec -120350
Flow Uec_357_824 flowId 522 uecSrc 521 finished at 3199 total messages 1 total packets 2448 RTS 0 total bytes 10002528 in_flight now 0 fair_inc 226127 prop_inc 66760 fast_inc 0 eta_inc 112644 multi_dec -361915 quick_dec -0 nack_dec -141100
Flow Uec_952_350 flowId 31 uecSrc 30 finished at 3217.44 total messages 1 total packets 2448 RTS 0 total bytes 10002528 in_flight now 0 fair_inc 258397 prop_inc 49607 fast_inc 0 eta_inc 110856 multi_dec -401723 quick_dec -0 nack_dec -116200
3228.31 flowid 51 Spurious 81
Flow Uec_592_1053 flowId 357 uecSrc 356 finished at 3243.81 total messages 1 total packets 2448 RTS 0 total bytes 10002528 in_flight now 0 fair_inc 206115 prop_inc 55029 fast_inc 0 eta_inc 106684 multi_dec -263797 quick_dec -21778 nack_dec -170150
3252.83 flowid 668 Spurious 11
Flow Uec_414_969 flowId 127 uecSrc 126 finished at 3253.37 total messages 1 total packets 2448 RTS 0 total bytes 10002528 in_flight now 0 fair_inc 205449 prop_inc 40522 fast_inc 0 eta_inc 105492 multi_dec -351883 quick_dec -0 nack_dec -112050
Flow Uec_239_765 flowId 76 uecSrc 75 finished at 3255.72 total messages 1 total packets 2448 RTS 0 total bytes 10002528 in_flight now 0 fair_inc 231386 prop_inc 5886 fast_inc 0 eta_inc 110260 multi_dec -349262 quick_dec -0 nack_dec -161850
Flow Uec_587_1026 flowId 815 uecSrc 814 finished at 3265 total messages 1 total packets 2448 RTS 0 total bytes 10002528 in_flight now 0 fair_inc 206822 prop_inc 58917 fast_inc 216583 eta_inc 118008 multi_dec -298264 quick_dec -0 nack_dec -170150
Flow Uec_370_878 flowId 727 uecSrc 726 finished at 3267.61 total messages 1 total packets 2448 RTS 0 total bytes 10002528 in_flight now 0 fair_inc 205210 prop_inc 122535 fast_inc 0 eta_inc 125160 multi_dec -359303 quick_dec -579 nack_dec -136950
Flow Uec_561_1011 flowId 734 uecSrc 733 finished at 3269.63 total messages 1 total packets 2448 RTS 0 total bytes 10002528 in_flight now 0 fair_inc 170893 prop_inc 73716 fast_inc 14535 eta_inc 135292 multi_dec -362986 quick_dec -0 nack_dec -124500
Flow Uec_473_938 flowId 136 uecSrc 135 finished at 3270.76 total messages 1 total packets 2448 RTS 0 total bytes 10002528 in_flight now 0 fair_inc 245288 prop_inc 56524 fast_inc 0 eta_inc 127544 multi_dec -366523 quick_dec -0 nack_dec -145250
Flow Uec_188_630 flowId 667 uecSrc 666 finished at 3277.61 total messages 1 total packets 2448 RTS 0 total bytes 10002528 in_flight now 0 fair_inc 232982 prop_inc 137774 fast_inc 0 eta_inc 115624 multi_dec -404774 quick_dec -0 nack_dec -107900
Flow Uec_950_358 flowId 749 uecSrc 748 finished at 3278.51 total messages 1 total packets 2448 RTS 0 total bytes 10002528 in_flight now 0 fair_inc 219101 prop_inc 91107 fast_inc 0 eta_inc 112048 multi_dec -396735 quick_dec -0 nack_dec -78850
Flow Uec_316_856 flowId 60 uecSrc 59 finished at 3281.8 total messages 1 total packets 2448 RTS 0 total bytes 10002528 in_flight now 0 fair_inc 256554 prop_inc 110029 fast_inc 0 eta_inc 110856 multi_dec -391792 quick_dec -0 nack_dec -132800
Flow Uec_887_291 flowId 518 uecSrc 517 finished at 3283.19 total messages 1 total packets 2448 RTS 0 total bytes 10002528 in_flight now 0 fair_inc 201577 prop_inc 241828 fast_inc 0 eta_inc 107876 multi_dec -347080 quick_dec -11677 nack_dec -107900
Flow Uec_112_663 flowId 125 uecSrc 124 finished at 3315.92 total messages 1 total packets 2448 RTS 0 total bytes 10002528 in_flight now 0 fair_inc 255958 prop_inc 6994 fast_inc 0 eta_inc 108472 multi_dec -378879 quick_dec -0 nack_dec -157700
Flow Uec_959_341 flowId 585 uecSrc 584 finished at 3317.09 total messages 1 total packets 2448 RTS 0 total bytes 10002528 in_flight now 0 fair_inc 223016 prop_inc 9821 fast_inc 0 eta_inc 100128 multi_dec -358580 quick_dec -0 nack_dec -124500
Flow Uec_676_87 flowId 220 uecSrc 219 finished at 3338.38 total messages 1 total packets 2449 RTS 1 total bytes 10002528 in_flight now 0 fair_inc 120989 prop_inc 358305 fast_inc 0 eta_inc 110856 multi_dec -299327 quick_dec -7586 nack_dec -132800
3367.04 flowid 668 Spurious 11
Flow Uec_718_134 flowId 355 uecSrc 354 finished at 3480.8 total messages 1 total packets 2448 RTS 0 total bytes 10002528 in_flight now 0 fair_inc 252551 prop_inc 3035 fast_inc 0 eta_inc 122776 multi_dec -376307 quick_dec -0 nack_dec -178450
3501.5 flowid 668 Spurious 13
Flow Uec_74_566 flowId 27 uecSrc 26 finished at 3520.95 total messages 1 total packets 2506 RTS 58 total bytes 10002528 in_flight now -256 fair_inc 301668 prop_inc 269082 fast_inc 0 eta_inc 134100 multi_dec -183533 quick_dec -85239 nack_dec -12450
Flow Uec_752_138 flowId 650 uecSrc 649 finished at 3529.07 total messages 1 total packets 2448 RTS 0 total bytes 10002528 in_flight now 0 fair_inc 284659 prop_inc 3321 fast_inc 0 eta_inc 122180 multi_dec -394893 quick_dec -0 nack_dec -174300
Flow Uec_203_711 flowId 433 uecSrc 432 finished at 3600.82 total messages 1 total packets 2448 RTS 0 total bytes 10002528 in_flight now 0 fair_inc 225931 prop_inc 13517 fast_inc 0 eta_inc 107876 multi_dec -361626 quick_dec -0 nack_dec -132800
3620.02 flowid 668 Spurious 13
Flow Uec_327_858 flowId 362 uecSrc 361 finished at 3626.34 total messages 1 total packets 2448 RTS 0 total bytes 10002528 in_flight now 0 fair_inc 275818 prop_inc 10566 fast_inc 0 eta_inc 139464 multi_dec -399610 quick_dec -0 nack_dec -170150
Flow Uec_512_1054 flowId 772 uecSrc 771 finished at 3626.83 total messages 1 total packets 2448 RTS 0 total bytes 10002528 in_flight now 0 fair_inc 250153 prop_inc 3284 fast_inc 0 eta_inc 126352 multi_dec -398707 quick_dec -0 nack_dec -153550
Flow Uec_16_553 flowId 365 uecSrc 364 finished at 3652.75 total messages 1 total packets 2505 RTS 57 total bytes 10002528 in_flight now -448 fair_inc 299535 prop_inc 319514 fast_inc 0 eta_inc 140656 multi_dec -203829 quick_dec -73687 nack_dec -29050
Flow Uec_597_1046 flowId 511 uecSrc 510 finished at 3654.58 total messages 1 total packets 2448 RTS 0 total bytes 10002528 in_flight now 0 fair_inc 281212 prop_inc 16310 fast_inc 0 eta_inc 118604 multi_dec -405829 quick_dec -0 nack_dec -157700
Flow Uec_929_324 flowId 489 uecSrc 488 finished at 3668.26 total messages 1 total packets 2448 RTS 0 total bytes 10002528 in_flight now 0 fair_inc 204966 prop_inc 15877 fast_inc 0 eta_inc 110260 multi_dec -346220 quick_dec -0 nack_dec -128650
Flow Uec_297_712 flowId 105 uecSrc 104 finished at 3684.51 total messages 1 total packets 2448 RTS 0 total bytes 10002528 in_flight now 0 fair_inc 223501 prop_inc 7764 fast_inc 0 eta_inc 114432 multi_dec -300126 quick_dec -0 nack_dec -178450
Flow Uec_503_1084 flowId 114 uecSrc 113 finished at 3709.86 total messages 1 total packets 2448 RTS 0 total bytes 10002528 in_flight now 0 fair_inc 242209 prop_inc 18070 fast_inc 0 eta_inc 123372 multi_dec -370116 quick_dec -0 nack_dec -166000
Flow Uec_462_952 flowId 343 uecSrc 342 finished at 3715.22 total messages 1 total packets 2448 RTS 0 total bytes 10002528 in_flight now 0 fair_inc 300924 prop_inc 2720 fast_inc 0 eta_inc 118008 multi_dec -411343 quick_dec -0 nack_dec -182600
Flow Uec_791_129 flowId 592 uecSrc 591 finished at 3719.73 total messages 1 total packets 2448 RTS 0 total bytes 10002528 in_flight now 0 fair_inc 259783 prop_inc 24957 fast_inc 0 eta_inc 120988 multi_dec -387276 quick_dec -0 nack_dec -132800
3735.56 flowid 668 Spurious 13
Flow Uec_694_82 flowId 352 uecSrc 351 finished at 3740.17 total messages 1 total packets 2448 RTS 0 total bytes 10002528 in_flight now 0 fair_inc 260507 prop_inc 10777 fast_inc 0 eta_inc 141252 multi_dec -404187 quick_dec -2327 nack_dec -170150
Flow Uec_190_635 flowId 586 uecSrc 585 finished at 3767.13 total messages 1 total packets 2448 RTS 0 total bytes 10002528 in_flight now 0 fair_inc 289082 prop_inc 14874 fast_inc 0 eta_inc 134696 multi_dec -459552 quick_dec -0 nack_dec -145250
Flow Uec_284_772 flowId 103 uecSrc 102 finished at 3770.33 total messages 1 total packets 2448 RTS 0 total bytes 10002528 in_flight now 0 fair_inc 305308 prop_inc 10134 fast_inc 0 eta_inc 111452 multi_dec -422226 quick_dec -0 nack_dec -161850
Flow Uec_136_673 flowId 611 uecSrc 610 finished at 3773.57 total messages 1 total packets 2448 RTS 0 total bytes 10002528 in_flight now 0 fair_inc 313311 prop_inc 15263 fast_inc 0 eta_inc 115028 multi_dec -466782 quick_dec -0 nack_dec -145250
Flow Uec_409_919 flowId 271 uecSrc 270 finished at 3800.02 total messages 1 total packets 2448 RTS 0 total bytes 10002528 in_flight now 0 fair_inc 234153 prop_inc 7812 fast_inc 0 eta_inc 116816 multi_dec -319672 quick_dec -22885 nack_dec -186750
Flow Uec_247_775 flowId 77 uecSrc 76 finished at 3813 total messages 1 total packets 2448 RTS 0 total bytes 10002528 in_flight now 0 fair_inc 275233 prop_inc 22352 fast_inc 0 eta_inc 116816 multi_dec -411554 quick_dec -0 nack_dec -149400
Flow Uec_304_882 flowId 777 uecSrc 776 finished at 3835.52 total messages 1 total packets 2448 RTS 0 total bytes 10002528 in_flight now 0 fair_inc 235615 prop_inc 25758 fast_inc 0 eta_inc 123372 multi_dec -380085 quick_dec -0 nack_dec -141100
Flow Uec_281_791 flowId 804 uecSrc 803 finished at 3841.96 total messages 1 total packets 2448 RTS 0 total bytes 10002528 in_flight now 0 fair_inc 227309 prop_inc 30895 fast_inc 0 eta_inc 153172 multi_dec -408289 quick_dec -0 nack_dec -141100
3849.77 flowid 668 Spurious 13
Flow Uec_272_787 flowId 825 uecSrc 824 finished at 3853.25 total messages 1 total packets 2448 RTS 0 total bytes 10002528 in_flight now 0 fair_inc 239343 prop_inc 26177 fast_inc 0 eta_inc 131716 multi_dec -377008 quick_dec -8550 nack_dec -153550
Flow Uec_681_76 flowId 44 uecSrc 43 finished at 3860.92 total messages 1 total packets 2448 RTS 0 total bytes 10002528 in_flight now 0 fair_inc 268506 prop_inc 3307 fast_inc 0 eta_inc 112048 multi_dec -408088 quick_dec -0 nack_dec -157700
Flow Uec_107_632 flowId 268 uecSrc 267 finished at 3863.51 total messages 1 total packets 2448 RTS 0 total bytes 10002528 in_flight now 0 fair_inc 301215 prop_inc 2788 fast_inc 0 eta_inc 123968 multi_dec -414404 quick_dec -0 nack_dec -182600
Flow Uec_195_648 flowId 269 uecSrc 268 finished at 3872.21 total messages 1 total packets 2448 RTS 0 total bytes 10002528 in_flight now 0 fair_inc 267419 prop_inc 20772 fast_inc 0 eta_inc 140060 multi_dec -400073 quick_dec -12273 nack_dec -166000
Flow Uec_448_962 flowId 181 uecSrc 180 finished at 3872.38 total messages 1 total packets 2448 RTS 0 total bytes 10002528 in_flight now 0 fair_inc 297792 prop_inc 6461 fast_inc 0 eta_inc 119200 multi_dec -389297 quick_dec -5093 nack_dec -195050
Flow Uec_237_746 flowId 625 uecSrc 624 finished at 3881 total messages 1 total packets 2448 RTS 0 total bytes 10002528 in_flight now 0 fair_inc 268435 prop_inc 42433 fast_inc 0 eta_inc 129332 multi_dec -438172 quick_dec -0 nack_dec -149400
Flow Uec_1032_403 flowId 42 uecSrc 41 finished at 3884.19 total messages 1 total packets 2448 RTS 0 total bytes 10002528 in_flight now 0 fair_inc 255609 prop_inc 3437 fast_inc 0 eta_inc 115028 multi_dec -439193 quick_dec -0 nack_dec -99600
Flow Uec_747_147 flowId 351 uecSrc 350 finished at 3884.76 total messages 1 total packets 2448 RTS 0 total bytes 10002528 in_flight now 0 fair_inc 292382 prop_inc 4421 fast_inc 0 eta_inc 117412 multi_dec -435298 quick_dec -0 nack_dec -153550
Flow Uec_682_42 flowId 209 uecSrc 208 finished at 3886.1 total messages 1 total packets 2448 RTS 0 total bytes 10002528 in_flight now 0 fair_inc 283876 prop_inc 21032 fast_inc 0 eta_inc 126352 multi_dec -397810 quick_dec -12140 nack_dec -170150
Flow Uec_1030_436 flowId 476 uecSrc 475 finished at 3888.3 total messages 1 total packets 2448 RTS 0 total bytes 10002528 in_flight now 0 fair_inc 264126 prop_inc 2975 fast_inc 0 eta_inc 112644 multi_dec -354286 quick_dec -37697 nack_dec -157700
Flow Uec_1088_438 flowId 440 uecSrc 439 finished at 3924.02 total messages 1 total packets 2448 RTS 0 total bytes 10002528 in_flight now 0 fair_inc 257761 prop_inc 22976 fast_inc 0 eta_inc 131120 multi_dec -433176 quick_dec -0 nack_dec -132800
Flow Uec_579_1051 flowId 392 uecSrc 391 finished at 3926.03 total messages 1 total packets 2448 RTS 0 total bytes 10002528 in_flight now 0 fair_inc 239761 prop_inc 46012 fast_inc 0 eta_inc 119796 multi_dec -382906 quick_dec -0 nack_dec -136950
Flow Uec_991_399 flowId 302 uecSrc 301 finished at 3934.01 total messages 1 total packets 2448 RTS 0 total bytes 10002528 in_flight now 0 fair_inc 304185 prop_inc 4410 fast_inc 0 eta_inc 118604 multi_dec -443364 quick_dec -0 nack_dec -157700
Flow Uec_280_715 flowId 665 uecSrc 664 finished at 3945.82 total messages 1 total packets 2448 RTS 0 total bytes 10002528 in_flight now 0 fair_inc 208944 prop_inc 58144 fast_inc 0 eta_inc 130524 multi_dec -385476 quick_dec -0 nack_dec -124500
Flow Uec_535_1038 flowId 299 uecSrc 298 finished at 3950.47 total messages 1 total packets 2448 RTS 0 total bytes 10002528 in_flight now 0 fair_inc 261545 prop_inc 5840 fast_inc 0 eta_inc 112644 multi_dec -354905 quick_dec -88570 nack_dec -141100
Flow Uec_101_655 flowId 89 uecSrc 88 finished at 3955.94 total messages 1 total packets 2448 RTS 0 total bytes 10002528 in_flight now 0 fair_inc 243676 prop_inc 16807 fast_inc 0 eta_inc 118008 multi_dec -369576 quick_dec -4742 nack_dec -141100
Flow Uec_912_352 flowId 525 uecSrc 524 finished at 3957.69 total messages 1 total packets 2448 RTS 0 total bytes 10002528 in_flight now 0 fair_inc 249382 prop_inc 8085 fast_inc 0 eta_inc 132908 multi_dec -411634 quick_dec -0 nack_dec -153550
3963.31 flowid 668 Spurious 13
Flow Uec_344_875 flowId 174 uecSrc 173 finished at 3971.76 total messages 1 total packets 2448 RTS 0 total bytes 10002528 in_flight now 0 fair_inc 284989 prop_inc 37663 fast_inc 0 eta_inc 143636 multi_dec -430702 quick_dec -1982 nack_dec -153550
Flow Uec_925_317 flowId 731 uecSrc 730 finished at 3986.12 total messages 1 total packets 2448 RTS 0 total bytes 10002528 in_flight now 0 fair_inc 289158 prop_inc 20713 fast_inc 0 eta_inc 127544 multi_dec -437196 quick_dec -0 nack_dec -157700
Flow Uec_435_996 flowId 748 uecSrc 747 finished at 4014.48 total messages 1 total packets 2448 RTS 0 total bytes 10002528 in_flight now 0 fair_inc 253555 prop_inc 18471 fast_inc 0 eta_inc 120988 multi_dec -407994 quick_dec -3371 nack_dec -116200
Flow Uec_974_319 flowId 99 uecSrc 98 finished at 4023.89 total messages 1 total packets 2448 RTS 0 total bytes 10002528 in_flight now 0 fair_inc 247077 prop_inc 21501 fast_inc 0 eta_inc 122776 multi_dec -398265 quick_dec -0 nack_dec -128650
Flow Uec_945_375 flowId 94 uecSrc 93 finished at 4026.34 total messages 1 total packets 2448 RTS 0 total bytes 10002528 in_flight now 0 fair_inc 273804 prop_inc 20396 fast_inc 0 eta_inc 148404 multi_dec -453750 quick_dec -0 nack_dec -149400
Flow Uec_131_654 flowId 373 uecSrc 372 finished at 4029.39 total messages 1 total packets 2448 RTS 0 total bytes 10002528 in_flight now 0 fair_inc 248835 prop_inc 40013 fast_inc 0 eta_inc 123372 multi_dec -348603 quick_dec -10210 nack_dec -149400
Flow Uec_262_795 flowId 153 uecSrc 152 finished at 4034.86 total messages 1 total packets 2448 RTS 0 total bytes 10002528 in_flight now 0 fair_inc 206275 prop_inc 47233 fast_inc 0 eta_inc 148404 multi_dec -355821 quick_dec -0 nack_dec -153550
Flow Uec_679_84 flowId 654 uecSrc 653 finished at 4036.44 total messages 1 total packets 2448 RTS 0 total bytes 10002528 in_flight now 0 fair_inc 246673 prop_inc 44332 fast_inc 0 eta_inc 123968 multi_dec -428340 quick_dec -8122 nack_dec -99600
Flow Uec_404_942 flowId 334 uecSrc 333 finished at 4064.09 total messages 1 total packets 2448 RTS 0 total bytes 10002528 in_flight now 0 fair_inc 253087 prop_inc 44800 fast_inc 0 eta_inc 135888 multi_dec -415290 quick_dec -0 nack_dec -161850
Flow Uec_707_168 flowId 780 uecSrc 779 finished at 4066.25 total messages 1 total packets 2448 RTS 0 total bytes 10002528 in_flight now 0 fair_inc 274375 prop_inc 51452 fast_inc 0 eta_inc 128736 multi_dec -455456 quick_dec -6940 nack_dec -124500
Flow Uec_132_692 flowId 761 uecSrc 760 finished at 4073.25 total messages 1 total packets 2448 RTS 0 total bytes 10002528 in_flight now 0 fair_inc 339957 prop_inc 53892 fast_inc 0 eta_inc 133504 multi_dec -484316 quick_dec -0 nack_dec -161850
Flow Uec_1095_456 flowId 184 uecSrc 183 finished at 4079.33 total messages 1 total packets 2448 RTS 0 total bytes 10002528 in_flight now 0 fair_inc 265621 prop_inc 67287 fast_inc 0 eta_inc 122180 multi_dec -367844 quick_dec -15977 nack_dec -190900
Flow Uec_564_1021 flowId 381 uecSrc 380 finished at 4079.45 total messages 1 total packets 2448 RTS 0 total bytes 10002528 in_flight now 0 fair_inc 222755 prop_inc 61380 fast_inc 403477 eta_inc 151980 multi_dec -340937 quick_dec -13393 nack_dec -182600
Flow Uec_701_132 flowId 809 uecSrc 808 finished at 4081.75 total messages 1 total packets 2448 RTS 0 total bytes 10002528 in_flight now 0 fair_inc 292853 prop_inc 58834 fast_inc 0 eta_inc 139464 multi_dec -477329 quick_dec -664 nack_dec -132800
Flow Uec_138_629 flowId 135 uecSrc 134 finished at 4082.05 total messages 1 total packets 2448 RTS 0 total bytes 10002528 in_flight now 0 fair_inc 305056 prop_inc 57421 fast_inc 0 eta_inc 132312 multi_dec -457108 quick_dec -19147 nack_dec -128650
Flow Uec_1045_480 flowId 763 uecSrc 762 finished at 4082.78 total messages 1 total packets 2448 RTS 0 total bytes 10002528 in_flight now 0 fair_inc 261982 prop_inc 64887 fast_inc 0 eta_inc 134100 multi_dec -419331 quick_dec -0 nack_dec -166000
Flow Uec_137_622 flowId 385 uecSrc 384 finished at 4083.31 total messages 1 total packets 2448 RTS 0 total bytes 10002528 in_flight now 0 fair_inc 245983 prop_inc 80938 fast_inc 4041 eta_inc 125756 multi_dec -412795 quick_dec -4368 nack_dec -120350
Flow Uec_355_857 flowId 513 uecSrc 512 finished at 4084.52 total messages 1 total packets 2448 RTS 0 total bytes 10002528 in_flight now 0 fair_inc 238822 prop_inc 106621 fast_inc 22224 eta_inc 141848 multi_dec -364236 quick_dec -8079 nack_dec -153550
Flow Uec_240_760 flowId 96 uecSrc 95 finished at 4085.38 total messages 1 total packets 2448 RTS 0 total bytes 10002528 in_flight now 0 fair_inc 194981 prop_inc 60252 fast_inc 90302 eta_inc 135888 multi_dec -323574 quick_dec -3801 nack_dec -153550
Flow Uec_492_900 flowId 155 uecSrc 154 finished at 4087.42 total messages 1 total packets 2448 RTS 0 total bytes 10002528 in_flight now 0 fair_inc 267608 prop_inc 66595 fast_inc 3030 eta_inc 132908 multi_dec -405117 quick_dec -18508 nack_dec -145250
Flow Uec_650_21 flowId 163 uecSrc 162 finished at 4088.77 total messages 1 total packets 2448 RTS 0 total bytes 10002528 in_flight now 0 fair_inc 260442 prop_inc 79751 fast_inc 0 eta_inc 125160 multi_dec -380868 quick_dec -5452 nack_dec -145250
Flow Uec_257_764 flowId 43 uecSrc 42 finished at 4093.85 total messages 1 total packets 2448 RTS 0 total bytes 10002528 in_flight now 0 fair_inc 251284 prop_inc 65846 fast_inc 373176 eta_inc 126352 multi_dec -343128 quick_dec -34739 nack_dec -178450
Flow Uec_212_755 flowId 566 uecSrc 565 finished at 4094.08 total messages 1 total packets 2448 RTS 0 total bytes 10002528 in_flight now 0 fair_inc 208128 prop_inc 148942 fast_inc 122238 eta_inc 136484 multi_dec -352849 quick_dec -8493 nack_dec -157700
Flow Uec_956_300 flowId 746 uecSrc 745 finished at 4096.81 total messages 1 total packets 2448 RTS 0 total bytes 10002528 in_flight now 0 fair_inc 292819 prop_inc 55307 fast_inc 0 eta_inc 125160 multi_dec -428105 quick_dec -0 nack_dec -170150
Flow Uec_670_77 flowId 509 uecSrc 508 finished at 4097.09 total messages 1 total packets 2448 RTS 0 total bytes 10002528 in_flight now 0 fair_inc 269737 prop_inc 6323 fast_inc 0 eta_inc 122776 multi_dec -368908 quick_dec -13989 nack_dec -186750
Flow Uec_978_377 flowId 328 uecSrc 327 finished at 4097.73 total messages 1 total packets 2448 RTS 0 total bytes 10002528 in_flight now 0 fair_inc 269265 prop_inc 52069 fast_inc 0 eta_inc 127544 multi_dec -380071 quick_dec -10040 nack_dec -190900
4100.76 flowid 668 Spurious 14
Flow Uec_963_371 flowId 308 uecSrc 307 finished at 4109.96 total messages 1 total packets 2448 RTS 0 total bytes 10002528 in_flight now 0 fair_inc 277419 prop_inc 75399 fast_inc 20204 eta_inc 125756 multi_dec -441997 quick_dec -0 nack_dec -149400
Flow Uec_303_809 flowId 505 uecSrc 504 finished at 4110.9 total messages 1 total packets 2448 RTS 0 total bytes 10002528 in_flight now 0 fair_inc 302926 prop_inc 2815 fast_inc 0 eta_inc 131716 multi_dec -473420 quick_dec -5316 nack_dec -170150
Flow Uec_474_936 flowId 802 uecSrc 801 finished at 4114.28 total messages 1 total packets 2448 RTS 0 total bytes 10002528 in_flight now 0 fair_inc 266213 prop_inc 8861 fast_inc 0 eta_inc 130524 multi_dec -389738 quick_dec -0 nack_dec -186750
Flow Uec_146_601 flowId 123 uecSrc 122 finished at 4134.33 total messages 1 total packets 2448 RTS 0 total bytes 10002528 in_flight now 0 fair_inc 317563 prop_inc 2098 fast_inc 0 eta_inc 125160 multi_dec -483857 quick_dec -0 nack_dec -149400
Flow Uec_526_1036 flowId 737 uecSrc 736 finished at 4138.6 total messages 1 total packets 2448 RTS 0 total bytes 10002528 in_flight now 0 fair_inc 5856 prop_inc 4380 fast_inc 0 eta_inc 118008 multi_dec -20319 quick_dec -120101 nack_dec -74700
Flow Uec_337_829 flowId 204 uecSrc 203 finished at 4150.08 total messages 1 total packets 2448 RTS 0 total bytes 10002528 in_flight now 0 fair_inc 248735 prop_inc 5552 fast_inc 0 eta_inc 134100 multi_dec -398723 quick_dec -0 nack_dec -170150
Flow Uec_648_28 flowId 81 uecSrc 80 finished at 4154.78 total messages 1 total packets 2448 RTS 0 total bytes 10002528 in_flight now 0 fair_inc 242223 prop_inc 12239 fast_inc 0 eta_inc 128140 multi_dec -335061 quick_dec -18735 nack_dec -178450
Flow Uec_740_131 flowId 782 uecSrc 781 finished at 4194.89 total messages 1 total packets 2448 RTS 0 total bytes 10002528 in_flight now 0 fair_inc 186562 prop_inc 4199 fast_inc 0 eta_inc 128140 multi_dec -302542 quick_dec -91461 nack_dec -157700
4216.63 flowid 668 Spurious 14
Flow Uec_894_220 flowId 678 uecSrc 677 finished at 4253.61 total messages 1 total packets 2448 RTS 0 total bytes 10002528 in_flight now 0 fair_inc 322823 prop_inc 1971 fast_inc 0 eta_inc 132908 multi_dec -482954 quick_dec -1128 nack_dec -153550
Flow Uec_537_1066 flowId 807 uecSrc 806 finished at 4294.85 total messages 1 total packets 2448 RTS 0 total bytes 10002528 in_flight now 0 fair_inc 282924 prop_inc 7752 fast_inc 0 eta_inc 126352 multi_dec -378154 quick_dec -101746 nack_dec -132800
Flow Uec_356_876 flowId 239 uecSrc 238 finished at 4297.08 total messages 1 total packets 2448 RTS 0 total bytes 10002528 in_flight now 0 fair_inc 322540 prop_inc 5188 fast_inc 0 eta_inc 125756 multi_dec -463645 quick_dec -12186 nack_dec -149400
Flow Uec_947_366 flowId 274 uecSrc 273 finished at 4319.26 total messages 1 total packets 2448 RTS 0 total bytes 10002528 in_flight now 0 fair_inc 330966 prop_inc 2532 fast_inc 0 eta_inc 126948 multi_dec -458746 quick_dec -11152 nack_dec -186750
Flow Uec_575_1096 flowId 535 uecSrc 534 finished at 4328.15 total messages 1 total packets 2448 RTS 0 total bytes 10002528 in_flight now 0 fair_inc 185026 prop_inc 11962 fast_inc 0 eta_inc 128736 multi_dec -354910 quick_dec -0 nack_dec -124500
4330.17 flowid 668 Spurious 14
Flow Uec_125_684 flowId 812 uecSrc 811 finished at 4350.62 total messages 1 total packets 2448 RTS 0 total bytes 10002528 in_flight now 0 fair_inc 336064 prop_inc 4479 fast_inc 0 eta_inc 129928 multi_dec -462199 quick_dec -0 nack_dec -161850
Flow Uec_867_205 flowId 367 uecSrc 366 finished at 4367.88 total messages 1 total packets 2448 RTS 0 total bytes 10002528 in_flight now 0 fair_inc 294991 prop_inc 3343 fast_inc 0 eta_inc 124564 multi_dec -389969 quick_dec -107587 nack_dec -136950
Flow Uec_711_135 flowId 30 uecSrc 29 finished at 4381.6 total messages 1 total packets 2448 RTS 0 total bytes 10002528 in_flight now 0 fair_inc 326470 prop_inc 3703 fast_inc 0 eta_inc 135888 multi_dec -487865 quick_dec -8227 nack_dec -161850
Flow Uec_440_945 flowId 261 uecSrc 260 finished at 4409.46 total messages 1 total packets 2448 RTS 0 total bytes 10002528 in_flight now 0 fair_inc 305340 prop_inc 3360 fast_inc 0 eta_inc 134696 multi_dec -400274 quick_dec -10616 nack_dec -182600
Flow Uec_751_149 flowId 607 uecSrc 606 finished at 4433.35 total messages 1 total packets 2448 RTS 0 total bytes 10002528 in_flight now 0 fair_inc 265835 prop_inc 13531 fast_inc 0 eta_inc 140656 multi_dec -412373 quick_dec -0 nack_dec -170150
Flow Uec_937_384 flowId 405 uecSrc 404 finished at 4442.14 total messages 1 total packets 2448 RTS 0 total bytes 10002528 in_flight now 0 fair_inc 317926 prop_inc 3728 fast_inc 0 eta_inc 132908 multi_dec -468842 quick_dec -6917 nack_dec -174300
4443.71 flowid 668 Spurious 14
Flow Uec_410_917 flowId 578 uecSrc 577 finished at 4446.42 total messages 1 total packets 2448 RTS 0 total bytes 10002528 in_flight now 0 fair_inc 324331 prop_inc 9243 fast_inc 0 eta_inc 132908 multi_dec -489454 quick_dec -0 nack_dec -141100
Flow Uec_778_114 flowId 769 uecSrc 768 finished at 4447.46 total messages 1 total packets 2448 RTS 0 total bytes 10002528 in_flight now 0 fair_inc 316916 prop_inc 8429 fast_inc 0 eta_inc 133504 multi_dec -515214 quick_dec -3613 nack_dec -116200
Flow Uec_589_1091 flowId 396 uecSrc 395 finished at 4462.75 total messages 1 total packets 2448 RTS 0 total bytes 10002528 in_flight now 0 fair_inc 272428 prop_inc 12793 fast_inc 0 eta_inc 137676 multi_dec -445169 quick_dec -22295 nack_dec -128650
Flow Uec_156_662 flowId 138 uecSrc 137 finished at 4466.59 total messages 1 total packets 2448 RTS 0 total bytes 10002528 in_flight now 0 fair_inc 279370 prop_inc 22167 fast_inc 0 eta_inc 147212 multi_dec -423528 quick_dec -14717 nack_dec -182600
Flow Uec_540_1060 flowId 71 uecSrc 70 finished at 4474.83 total messages 1 total packets 2448 RTS 0 total bytes 10002528 in_flight now 0 fair_inc 249371 prop_inc 20878 fast_inc 0 eta_inc 153172 multi_dec -373991 quick_dec -11476 nack_dec -182600
Flow Uec_713_169 flowId 806 uecSrc 805 finished at 4483.16 total messages 1 total packets 2448 RTS 0 total bytes 10002528 in_flight now 0 fair_inc 355004 prop_inc 11911 fast_inc 0 eta_inc 128736 multi_dec -461884 quick_dec -73533 nack_dec -145250
Flow Uec_479_943 flowId 416 uecSrc 415 finished at 4483.4 total messages 1 total packets 2448 RTS 0 total bytes 10002528 in_flight now 0 fair_inc 309534 prop_inc 32576 fast_inc 0 eta_inc 145424 multi_dec -467906 quick_dec -4073 nack_dec -170150
Flow Uec_514_1047 flowId 210 uecSrc 209 finished at 4486.98 total messages 1 total packets 2448 RTS 0 total bytes 10002528 in_flight now 0 fair_inc 288250 prop_inc 20789 fast_inc 0 eta_inc 134696 multi_dec -399488 quick_dec -13393 nack_dec -182600
Flow Uec_633_26 flowId 52 uecSrc 51 finished at 4490.1 total messages 1 total packets 2448 RTS 0 total bytes 10002528 in_flight now 0 fair_inc 323913 prop_inc 30530 fast_inc 0 eta_inc 158536 multi_dec -499519 quick_dec -13443 nack_dec -153550
Flow Uec_712_177 flowId 491 uecSrc 490 finished at 4493.26 total messages 1 total packets 2448 RTS 0 total bytes 10002528 in_flight now 0 fair_inc 339114 prop_inc 6210 fast_inc 0 eta_inc 129332 multi_dec -458409 quick_dec --2664 nack_dec -203350
Flow Uec_573_1027 flowId 728 uecSrc 727 finished at 4503.78 total messages 1 total packets 2448 RTS 0 total bytes 10002528 in_flight now 0 fair_inc 256711 prop_inc 21958 fast_inc 0 eta_inc 137080 multi_dec -406548 quick_dec --1873 nack_dec -145250
Flow Uec_122_610 flowId 591 uecSrc 590 finished at 4504.17 total messages 1 total packets 2448 RTS 0 total bytes 10002528 in_flight now 0 fair_inc 341276 prop_inc 6230 fast_inc 0 eta_inc 140656 multi_dec -493597 quick_dec -6440 nack_dec -157700
4560.58 flowid 668 Spurious 14
Flow Uec_447_981 flowId 303 uecSrc 302 finished at 4575.3 total messages 1 total packets 2448 RTS 0 total bytes 10002528 in_flight now 0 fair_inc 337879 prop_inc 13767 fast_inc 0 eta_inc 141252 multi_dec -522041 quick_dec -1904 nack_dec -141100
4590.54 flowid 122 Spurious 1225
Flow Uec_181_668 flowId 574 uecSrc 573 finished at 4591.65 total messages 1 total packets 2448 RTS 0 total bytes 10002528 in_flight now 0 fair_inc 309953 prop_inc 28061 fast_inc 0 eta_inc 141848 multi_dec -446616 quick_dec -2575 nack_dec -199200
Flow Uec_881_287 flowId 599 uecSrc 598 finished at 4598.82 total messages 1 total packets 2448 RTS 0 total bytes 10002528 in_flight now 0 fair_inc 308497 prop_inc 5667 fast_inc 0 eta_inc 135888 multi_dec -452863 quick_dec -11379 nack_dec -157700
Flow Uec_824_273 flowId 199 uecSrc 198 finished at 4601.35 total messages 1 total packets 2448 RTS 0 total bytes 10002528 in_flight now 0 fair_inc 349681 prop_inc 4499 fast_inc 0 eta_inc 136484 multi_dec -484237 quick_dec -20598 nack_dec -170150
Flow Uec_878_223 flowId 2 uecSrc 1 finished at 4613.79 total messages 1 total packets 2448 RTS 0 total bytes 10002528 in_flight now 0 fair_inc 227441 prop_inc 3367 fast_inc 0 eta_inc 138272 multi_dec -394798 quick_dec -10557 nack_dec -174300
Flow Uec_518_1019 flowId 791 uecSrc 790 finished at 4639.49 total messages 1 total packets 2448 RTS 0 total bytes 10002528 in_flight now 0 fair_inc 277736 prop_inc 27895 fast_inc 0 eta_inc 134696 multi_dec -423039 quick_dec -12797 nack_dec -182600
Flow Uec_802_213 flowId 56 uecSrc 55 finished at 4640 total messages 1 total packets 2448 RTS 0 total bytes 10002528 in_flight now 0 fair_inc 328637 prop_inc 10730 fast_inc 0 eta_inc 140060 multi_dec -503950 quick_dec -2542 nack_dec -157700
Flow Uec_961_355 flowId 498 uecSrc 497 finished at 4651.28 total messages 1 total packets 2448 RTS 0 total bytes 10002528 in_flight now 0 fair_inc 349621 prop_inc 4600 fast_inc 0 eta_inc 143636 multi_dec -497634 quick_dec -4452 nack_dec -178450
Flow Uec_857_210 flowId 533 uecSrc 532 finished at 4651.41 total messages 1 total packets 2448 RTS 0 total bytes 10002528 in_flight now 0 fair_inc 357621 prop_inc 5329 fast_inc 0 eta_inc 147808 multi_dec -504993 quick_dec --1293 nack_dec -178450
Flow Uec_578_1005 flowId 73 uecSrc 72 finished at 4655.6 total messages 1 total packets 2448 RTS 0 total bytes 10002528 in_flight now 0 fair_inc 277571 prop_inc 3302 fast_inc 0 eta_inc 145424 multi_dec -436065 quick_dec -4497 nack_dec -190900
4675.78 flowid 668 Spurious 14
Flow Uec_120_638 flowId 732 uecSrc 731 finished at 4679.76 total messages 1 total packets 2448 RTS 0 total bytes 10002528 in_flight now 0 fair_inc 298588 prop_inc 53514 fast_inc 0 eta_inc 150192 multi_dec -469182 quick_dec -175 nack_dec -153550
Flow Uec_810_234 flowId 67 uecSrc 66 finished at 4700.87 total messages 1 total packets 2448 RTS 0 total bytes 10002528 in_flight now 0 fair_inc 335625 prop_inc 18512 fast_inc 0 eta_inc 147808 multi_dec -465401 quick_dec -4410 nack_dec -190900
Flow Uec_703_198 flowId 61 uecSrc 60 finished at 4701.91 total messages 1 total packets 2448 RTS 0 total bytes 10002528 in_flight now 0 fair_inc 283638 prop_inc 28882 fast_inc 0 eta_inc 148404 multi_dec -407121 quick_dec -9243 nack_dec -195050
Flow Uec_882_277 flowId 15 uecSrc 14 finished at 4705.01 total messages 1 total packets 2448 RTS 0 total bytes 10002528 in_flight now 0 fair_inc 186194 prop_inc 9172 fast_inc 0 eta_inc 134100 multi_dec -294551 quick_dec -106881 nack_dec -157700
Flow Uec_746_161 flowId 768 uecSrc 767 finished at 4708.95 total messages 1 total packets 2448 RTS 0 total bytes 10002528 in_flight now 0 fair_inc 340240 prop_inc 6625 fast_inc 0 eta_inc 143040 multi_dec -548262 quick_dec -0 nack_dec -141100
Flow Uec_788_167 flowId 24 uecSrc 23 finished at 4713.22 total messages 1 total packets 2448 RTS 0 total bytes 10002528 in_flight now 0 fair_inc 320129 prop_inc 28096 fast_inc 0 eta_inc 148404 multi_dec -453159 quick_dec -952 nack_dec -190900
Flow Uec_1098_414 flowId 532 uecSrc 531 finished at 4723.23 total messages 1 total packets 2448 RTS 0 total bytes 10002528 in_flight now 0 fair_inc 346148 prop_inc 402 fast_inc 0 eta_inc 139464 multi_dec -519608 quick_dec -0 nack_dec -161850
Flow Uec_306_840 flowId 298 uecSrc 297 finished at 4727.48 total messages 1 total packets 2448 RTS 0 total bytes 10002528 in_flight now 0 fair_inc 306819 prop_inc 20360 fast_inc 0 eta_inc 144828 multi_dec -473780 quick_dec -5223 nack_dec -149400
Flow Uec_836_267 flowId 792 uecSrc 791 finished at 4727.87 total messages 1 total packets 2448 RTS 0 total bytes 10002528 in_flight now 0 fair_inc 308998 prop_inc 29706 fast_inc 0 eta_inc 146020 multi_dec -462263 quick_dec -5694 nack_dec -170150
Flow Uec_130_688 flowId 230 uecSrc 229 finished at 4739.7 total messages 1 total packets 2448 RTS 0 total bytes 10002528 in_flight now 0 fair_inc 275081 prop_inc 15025 fast_inc 0 eta_inc 150192 multi_dec -436616 quick_dec -4646 nack_dec -170150
Flow Uec_108_680 flowId 423 uecSrc 422 finished at 4755.15 total messages 1 total packets 2448 RTS 0 total bytes 10002528 in_flight now 0 fair_inc 248969 prop_inc 3751 fast_inc 0 eta_inc 150788 multi_dec -409242 quick_dec -9243 nack_dec -186750
Flow Uec_175_619 flowId 402 uecSrc 401 finished at 4762.4 total messages 1 total packets 2448 RTS 0 total bytes 10002528 in_flight now 0 fair_inc 287951 prop_inc 21364 fast_inc 0 eta_inc 137080 multi_dec -412980 quick_dec -110959 nack_dec -132800
Flow Uec_710_116 flowId 565 uecSrc 564 finished at 4782.54 total messages 1 total packets 2448 RTS 0 total bytes 10002528 in_flight now 0 fair_inc 344626 prop_inc 31213 fast_inc 0 eta_inc 141848 multi_dec -473887 quick_dec -68169 nack_dec -157700
Flow Uec_849_246 flowId 553 uecSrc 552 finished at 4783.83 total messages 1 total packets 2448 RTS 0 total bytes 10002528 in_flight now 0 fair_inc 355617 prop_inc 7905 fast_inc 0 eta_inc 137080 multi_dec -502999 quick_dec -4497 nack_dec -195050
Flow Uec_845_219 flowId 810 uecSrc 809 finished at 4785.21 total messages 1 total packets 2448 RTS 0 total bytes 10002528 in_flight now 0 fair_inc 325742 prop_inc 49262 fast_inc 0 eta_inc 150192 multi_dec -485516 quick_dec -11209 nack_dec -170150
Flow Uec_855_239 flowId 149 uecSrc 148 finished at 4800.84 total messages 1 total packets 2448 RTS 0 total bytes 10002528 in_flight now 0 fair_inc 346786 prop_inc 1747 fast_inc 0 eta_inc 144232 multi_dec -519456 quick_dec -12067 nack_dec -170150
Flow Uec_114_612 flowId 407 uecSrc 406 finished at 4809.77 total messages 1 total packets 2448 RTS 0 total bytes 10002528 in_flight now 0 fair_inc 321331 prop_inc 44887 fast_inc 0 eta_inc 147808 multi_dec -471739 quick_dec -5189 nack_dec -161850
Flow Uec_683_18 flowId 111 uecSrc 110 finished at 4812.31 total messages 1 total packets 2448 RTS 0 total bytes 10002528 in_flight now 0 fair_inc 215845 prop_inc 70306 fast_inc 0 eta_inc 152576 multi_dec -381958 quick_dec -1622 nack_dec -166000
Flow Uec_446_935 flowId 655 uecSrc 654 finished at 4812.8 total messages 1 total packets 2448 RTS 0 total bytes 10002528 in_flight now 0 fair_inc 254939 prop_inc 30789 fast_inc 0 eta_inc 154364 multi_dec -416557 quick_dec -5726 nack_dec -170150
4818.26 flowid 122 Spurious 1286
Flow Uec_596_1030 flowId 640 uecSrc 639 finished at 4819.03 total messages 1 total packets 2448 RTS 0 total bytes 10002528 in_flight now 0 fair_inc 273185 prop_inc 50504 fast_inc 0 eta_inc 151384 multi_dec -390346 quick_dec -16947 nack_dec -182600
Flow Uec_738_171 flowId 340 uecSrc 339 finished at 4819.37 total messages 1 total packets 2448 RTS 0 total bytes 10002528 in_flight now 0 fair_inc 275103 prop_inc 54571 fast_inc 0 eta_inc 147808 multi_dec -456468 quick_dec -1124 nack_dec -166000
4834.15 flowid 668 Spurious 16
Flow Uec_425_951 flowId 290 uecSrc 289 finished at 4840.07 total messages 1 total packets 2448 RTS 0 total bytes 10002528 in_flight now 0 fair_inc 235635 prop_inc 11398 fast_inc 0 eta_inc 139464 multi_dec -394862 quick_dec -5198 nack_dec -186750
Flow Uec_431_955 flowId 85 uecSrc 84 finished at 4852.18 total messages 1 total packets 2448 RTS 0 total bytes 10002528 in_flight now 0 fair_inc 304617 prop_inc 63727 fast_inc 0 eta_inc 145424 multi_dec -466053 quick_dec -84437 nack_dec -136950
Flow Uec_388_873 flowId 63 uecSrc 62 finished at 4854.77 total messages 1 total packets 2448 RTS 0 total bytes 10002528 in_flight now 0 fair_inc 265741 prop_inc 37256 fast_inc 0 eta_inc 162112 multi_dec -408166 quick_dec -17553 nack_dec -178450
Flow Uec_465_907 flowId 335 uecSrc 334 finished at 4889.29 total messages 1 total packets 2448 RTS 0 total bytes 10002528 in_flight now 0 fair_inc 335458 prop_inc 46223 fast_inc 0 eta_inc 151980 multi_dec -522678 quick_dec -9808 nack_dec -149400
Flow Uec_981_334 flowId 45 uecSrc 44 finished at 4891.8 total messages 1 total packets 2448 RTS 0 total bytes 10002528 in_flight now 0 fair_inc 357438 prop_inc 4766 fast_inc 0 eta_inc 144232 multi_dec -499218 quick_dec -17513 nack_dec -182600
Flow Uec_461_971 flowId 225 uecSrc 224 finished at 4893.34 total messages 1 total packets 2448 RTS 0 total bytes 10002528 in_flight now 0 fair_inc 388051 prop_inc 39978 fast_inc 0 eta_inc 145424 multi_dec -568505 quick_dec -5066 nack_dec -141100
Flow Uec_779_156 flowId 651 uecSrc 650 finished at 4895.9 total messages 1 total packets 2448 RTS 0 total bytes 10002528 in_flight now 0 fair_inc 336994 prop_inc 11639 fast_inc 0 eta_inc 141252 multi_dec -480068 quick_dec -4497 nack_dec -195050
Flow Uec_637_36 flowId 288 uecSrc 287 finished at 4897.41 total messages 1 total packets 2448 RTS 0 total bytes 10002528 in_flight now 0 fair_inc 296837 prop_inc 114280 fast_inc 0 eta_inc 156748 multi_dec -515504 quick_dec -7941 nack_dec -132800
Flow Uec_350_812 flowId 613 uecSrc 612 finished at 4897.84 total messages 1 total packets 2448 RTS 0 total bytes 10002528 in_flight now 0 fair_inc 330633 prop_inc 65339 fast_inc 0 eta_inc 147808 multi_dec -489734 quick_dec -4117 nack_dec -153550
Flow Uec_839_280 flowId 753 uecSrc 752 finished at 4900.01 total messages 1 total packets 2448 RTS 0 total bytes 10002528 in_flight now 0 fair_inc 247142 prop_inc 130366 fast_inc 28287 eta_inc 150788 multi_dec -471962 quick_dec --649 nack_dec -103750
Flow Uec_521_1034 flowId 686 uecSrc 685 finished at 4900.68 total messages 1 total packets 2448 RTS 0 total bytes 10002528 in_flight now 0 fair_inc 270114 prop_inc 83785 fast_inc 81829 eta_inc 146616 multi_dec -413532 quick_dec -14585 nack_dec -182600
Flow Uec_439_910 flowId 50 uecSrc 49 finished at 4904.26 total messages 1 total packets 2448 RTS 0 total bytes 10002528 in_flight now 0 fair_inc 283218 prop_inc 105501 fast_inc 15153 eta_inc 149000 multi_dec -442488 quick_dec -118842 nack_dec -116200
Flow Uec_110_667 flowId 523 uecSrc 522 finished at 4905.43 total messages 1 total packets 2448 RTS 0 total bytes 10002528 in_flight now 0 fair_inc 308397 prop_inc 189638 fast_inc 0 eta_inc 148404 multi_dec -467836 quick_dec -91823 nack_dec -132800
Flow Uec_481_922 flowId 180 uecSrc 179 finished at 4905.64 total messages 1 total packets 2448 RTS 0 total bytes 10002528 in_flight now 0 fair_inc 364718 prop_inc 2966 fast_inc 0 eta_inc 146020 multi_dec -517261 quick_dec -14689 nack_dec -190900
Flow Uec_715_142 flowId 593 uecSrc 592 finished at 4906.58 total messages 1 total packets 2448 RTS 0 total bytes 10002528 in_flight now 0 fair_inc 332881 prop_inc 112781 fast_inc 0 eta_inc 147212 multi_dec -478555 quick_dec -76156 nack_dec -145250
Flow Uec_864_285 flowId 722 uecSrc 721 finished at 4916.44 total messages 1 total packets 2448 RTS 0 total bytes 10002528 in_flight now 0 fair_inc 298570 prop_inc 155946 fast_inc 0 eta_inc 146616 multi_dec -441777 quick_dec -99746 nack_dec -128650
Flow Uec_176_633 flowId 292 uecSrc 291 finished at 4916.84 total messages 1 total packets 2448 RTS 0 total bytes 10002528 in_flight now 0 fair_inc 222945 prop_inc 116347 fast_inc 39794 eta_inc 144828 multi_dec -367220 quick_dec -81910 nack_dec -141100
Flow Uec_741_178 flowId 307 uecSrc 306 finished at 4932.97 total messages 1 total packets 2448 RTS 0 total bytes 10002528 in_flight now 0 fair_inc 351438 prop_inc 170239 fast_inc 0 eta_inc 146616 multi_dec -502016 quick_dec -97402 nack_dec -136950
Flow Uec_366_811 flowId 222 uecSrc 221 finished at 4947.96 total messages 1 total packets 2448 RTS 0 total bytes 10002528 in_flight now 0 fair_inc 336887 prop_inc 1839 fast_inc 0 eta_inc 151384 multi_dec -511647 quick_dec -14585 nack_dec -182600
4950.01 flowid 668 Spurious 16
Flow Uec_121_674 flowId 294 uecSrc 293 finished at 4961.23 total messages 1 total packets 2448 RTS 0 total bytes 10002528 in_flight now 0 fair_inc 265271 prop_inc 5074 fast_inc 0 eta_inc 151980 multi_dec -427277 quick_dec -8440 nack_dec -178450
Flow Uec_962_379 flowId 400 uecSrc 399 finished at 4973.76 total messages 1 total packets 2448 RTS 0 total bytes 10002528 in_flight now 0 fair_inc 331147 prop_inc 2578 fast_inc 0 eta_inc 149596 multi_dec -483997 quick_dec -14603 nack_dec -182600
Flow Uec_984_386 flowId 202 uecSrc 201 finished at 4987.08 total messages 1 total packets 2448 RTS 0 total bytes 10002528 in_flight now 0 fair_inc 328053 prop_inc 7749 fast_inc 0 eta_inc 144232 multi_dec -457758 quick_dec -66588 nack_dec -153550
Flow Uec_315_884 flowId 233 uecSrc 232 finished at 4991.25 total messages 1 total packets 2448 RTS 0 total bytes 10002528 in_flight now 0 fair_inc 355295 prop_inc 2194 fast_inc 0 eta_inc 149596 multi_dec -516061 quick_dec -1462 nack_dec -182600
Flow Uec_161_672 flowId 813 uecSrc 812 finished at 5019.86 total messages 1 total packets 2448 RTS 0 total bytes 10002528 in_flight now 0 fair_inc 319266 prop_inc 3511 fast_inc 0 eta_inc 143040 multi_dec -464255 quick_dec -73822 nack_dec -141100
Flow Uec_911_354 flowId 54 uecSrc 53 finished at 5037.3 total messages 1 total packets 2448 RTS 0 total bytes 10002528 in_flight now 0 fair_inc 375354 prop_inc 4301 fast_inc 0 eta_inc 149000 multi_dec -540461 quick_dec -9468 nack_dec -157700
Flow Uec_127_647 flowId 477 uecSrc 476 finished at 5040.24 total messages 1 total packets 2448 RTS 0 total bytes 10002528 in_flight now 0 fair_inc 363668 prop_inc 3611 fast_inc 0 eta_inc 144232 multi_dec -522219 quick_dec --1150 nack_dec -195050
5063.23 flowid 668 Spurious 16
Flow Uec_103_689 flowId 447 uecSrc 446 finished at 5066.54 total messages 1 total packets 2448 RTS 0 total bytes 10002528 in_flight now 0 fair_inc 339300 prop_inc 17013 fast_inc 0 eta_inc 159132 multi_dec -511078 quick_dec -12591 nack_dec -178450
Flow Uec_763_143 flowId 701 uecSrc 700 finished at 5080.3 total messages 1 total packets 2448 RTS 0 total bytes 10002528 in_flight now 0 fair_inc 306337 prop_inc 21528 fast_inc 0 eta_inc 157344 multi_dec -469243 quick_dec -9007 nack_dec -166000
Flow Uec_100_607 flowId 458 uecSrc 457 finished at 5082.2 total messages 1 total packets 2448 RTS 0 total bytes 10002528 in_flight now 0 fair_inc 377147 prop_inc 10069 fast_inc 0 eta_inc 146020 multi_dec -536602 quick_dec -12518 nack_dec -174300
Flow Uec_730_115 flowId 673 uecSrc 672 finished at 5085.17 total messages 1 total packets 2448 RTS 0 total bytes 10002528 in_flight now 0 fair_inc 326809 prop_inc 8628 fast_inc 0 eta_inc 172244 multi_dec -515891 quick_dec -4115 nack_dec -178450
Flow Uec_1081_486 flowId 514 uecSrc 513 finished at 5106.48 total messages 1 total packets 2448 RTS 0 total bytes 10002528 in_flight now 0 fair_inc 274964 prop_inc 8423 fast_inc 0 eta_inc 147212 multi_dec -426358 quick_dec -83943 nack_dec -178450
Flow Uec_980_321 flowId 426 uecSrc 425 finished at 5108.04 total messages 1 total packets 2448 RTS 0 total bytes 10002528 in_flight now 0 fair_inc 262511 prop_inc 6680 fast_inc 0 eta_inc 146616 multi_dec -406767 quick_dec -87580 nack_dec -157700
Flow Uec_111_650 flowId 345 uecSrc 344 finished at 5122.17 total messages 1 total packets 2448 RTS 0 total bytes 10002528 in_flight now 0 fair_inc 308211 prop_inc 22391 fast_inc 0 eta_inc 154364 multi_dec -521763 quick_dec -628 nack_dec -153550
Flow Uec_829_255 flowId 6 uecSrc 5 finished at 5136.33 total messages 1 total packets 2448 RTS 0 total bytes 10002528 in_flight now 0 fair_inc 354914 prop_inc 3977 fast_inc 0 eta_inc 151384 multi_dec -536400 quick_dec -0 nack_dec -170150
Flow Uec_369_808 flowId 88 uecSrc 87 finished at 5139.94 total messages 1 total packets 2448 RTS 0 total bytes 10002528 in_flight now 0 fair_inc 312762 prop_inc 17827 fast_inc 0 eta_inc 147808 multi_dec -482698 quick_dec -5294 nack_dec -190900
Flow Uec_1034_440 flowId 519 uecSrc 518 finished at 5158.53 total messages 1 total packets 2448 RTS 0 total bytes 10002528 in_flight now 0 fair_inc 309351 prop_inc 6489 fast_inc 0 eta_inc 148404 multi_dec -437708 quick_dec -82995 nack_dec -157700
Flow Uec_197_697 flowId 471 uecSrc 470 finished at 5166.81 total messages 1 total packets 2448 RTS 0 total bytes 10002528 in_flight now 0 fair_inc 293181 prop_inc 17786 fast_inc 0 eta_inc 155556 multi_dec -445687 quick_dec -16505 nack_dec -178450
Flow Uec_973_380 flowId 217 uecSrc 216 finished at 5182.74 total messages 1 total packets 2448 RTS 0 total bytes 10002528 in_flight now 0 fair_inc 286730 prop_inc 12740 fast_inc 0 eta_inc 152576 multi_dec -461917 quick_dec -20105 nack_dec -170150
Flow Uec_552_1093 flowId 422 uecSrc 421 finished at 5198.89 total messages 1 total packets 2448 RTS 0 total bytes 10002528 in_flight now 0 fair_inc 297144 prop_inc 3133 fast_inc 0 eta_inc 151980 multi_dec -471587 quick_dec -5893 nack_dec -161850
5199.35 flowid 668 Spurious 17
Flow Uec_243_729 flowId 215 uecSrc 214 finished at 5226.19 total messages 1 total packets 2448 RTS 0 total bytes 10002528 in_flight now 0 fair_inc 406161 prop_inc 2111 fast_inc 0 eta_inc 148404 multi_dec -589417 quick_dec -95509 nack_dec -145250
Flow Uec_225_796 flowId 711 uecSrc 710 finished at 5237.84 total messages 1 total packets 2448 RTS 0 total bytes 10002528 in_flight now 0 fair_inc 362955 prop_inc 2928 fast_inc 0 eta_inc 156748 multi_dec -594750 quick_dec -3863 nack_dec -157700
Flow Uec_523_1092 flowId 661 uecSrc 660 finished at 5242.84 total messages 1 total packets 2448 RTS 0 total bytes 10002528 in_flight now 0 fair_inc 293254 prop_inc 5909 fast_inc 0 eta_inc 153768 multi_dec -456778 quick_dec -93771 nack_dec -157700
Flow Uec_164_683 flowId 4 uecSrc 3 finished at 5246.84 total messages 1 total packets 2448 RTS 0 total bytes 10002528 in_flight now 0 fair_inc 271380 prop_inc 10648 fast_inc 0 eta_inc 150192 multi_dec -443684 quick_dec -112748 nack_dec -128650
Flow Uec_422_954 flowId 360 uecSrc 359 finished at 5289.56 total messages 1 total packets 2448 RTS 0 total bytes 10002528 in_flight now 0 fair_inc 374186 prop_inc 3576 fast_inc 0 eta_inc 175820 multi_dec -581144 quick_dec -1507 nack_dec -170150
Flow Uec_1046_450 flowId 354 uecSrc 353 finished at 5289.66 total messages 1 total packets 2448 RTS 0 total bytes 10002528 in_flight now 0 fair_inc 389703 prop_inc 2804 fast_inc 0 eta_inc 156748 multi_dec -587979 quick_dec -11910 nack_dec -174300
Flow Uec_996_387 flowId 548 uecSrc 547 finished at 5294.36 total messages 1 total packets 2448 RTS 0 total bytes 10002528 in_flight now 0 fair_inc 321119 prop_inc 13450 fast_inc 0 eta_inc 164496 multi_dec -494277 quick_dec -1785 nack_dec -170150
Flow Uec_819_225 flowId 580 uecSrc 579 finished at 5301.42 total messages 1 total packets 2448 RTS 0 total bytes 10002528 in_flight now 0 fair_inc 296146 prop_inc 6369 fast_inc 0 eta_inc 151384 multi_dec -431489 quick_dec -74330 nack_dec -153550
Flow Uec_1054_439 flowId 744 uecSrc 743 finished at 5301.75 total messages 1 total packets 2448 RTS 0 total bytes 10002528 in_flight now 0 fair_inc 322315 prop_inc 19001 fast_inc 0 eta_inc 157344 multi_dec -497383 quick_dec -2858 nack_dec -170150
5316.21 flowid 668 Spurious 17
Flow Uec_944_363 flowId 59 uecSrc 58 finished at 5325.19 total messages 1 total packets 2448 RTS 0 total bytes 10002528 in_flight now 0 fair_inc 345986 prop_inc 12193 fast_inc 0 eta_inc 155556 multi_dec -539962 quick_dec -11945 nack_dec -174300
Flow Uec_593_1018 flowId 122 uecSrc 121 finished at 5327.94 total messages 1 total packets 2456 RTS 8 total bytes 10002528 in_flight now 0 fair_inc 102938 prop_inc 312862 fast_inc 19193 eta_inc 135888 multi_dec -259403 quick_dec -14942 nack_dec -99600
Flow Uec_903_339 flowId 21 uecSrc 20 finished at 5344.25 total messages 1 total packets 2448 RTS 0 total bytes 10002528 in_flight now 0 fair_inc 372191 prop_inc 8984 fast_inc 0 eta_inc 153768 multi_dec -527892 quick_dec -71493 nack_dec -166000
Flow Uec_704_101 flowId 682 uecSrc 681 finished at 5355.21 total messages 1 total packets 2448 RTS 0 total bytes 10002528 in_flight now 0 fair_inc 388752 prop_inc 8339 fast_inc 0 eta_inc 157344 multi_dec -550355 quick_dec -347 nack_dec -195050
Flow Uec_557_1079 flowId 126 uecSrc 125 finished at 5356.85 total messages 1 total packets 2448 RTS 0 total bytes 10002528 in_flight now 0 fair_inc 316307 prop_inc 12724 fast_inc 0 eta_inc 153172 multi_dec -459359 quick_dec -103477 nack_dec -149400
Flow Uec_626_89 flowId 364 uecSrc 363 finished at 5365.3 total messages 1 total packets 2448 RTS 0 total bytes 10002528 in_flight now 0 fair_inc 267494 prop_inc 10181 fast_inc 0 eta_inc 157940 multi_dec -454173 quick_dec -8696 nack_dec -178450
Flow Uec_193_675 flowId 48 uecSrc 47 finished at 5389.4 total messages 1 total packets 2448 RTS 0 total bytes 10002528 in_flight now 0 fair_inc 361578 prop_inc 11014 fast_inc 0 eta_inc 159728 multi_dec -548274 quick_dec -347 nack_dec -203350
Flow Uec_113_606 flowId 567 uecSrc 566 finished at 5394.95 total messages 1 total packets 2448 RTS 0 total bytes 10002528 in_flight now 0 fair_inc 286871 prop_inc 11943 fast_inc 0 eta_inc 172840 multi_dec -458195 quick_dec -12186 nack_dec -161850
Flow Uec_308_818 flowId 224 uecSrc 223 finished at 5398.74 total messages 1 total packets 2448 RTS 0 total bytes 10002528 in_flight now 0 fair_inc 384527 prop_inc 2664 fast_inc 0 eta_inc 159728 multi_dec -578900 quick_dec -4 nack_dec -170150
Flow Uec_198_678 flowId 597 uecSrc 596 finished at 5403.71 total messages 1 total packets 2448 RTS 0 total bytes 10002528 in_flight now 0 fair_inc 389532 prop_inc 10352 fast_inc 0 eta_inc 172244 multi_dec -569110 quick_dec -9243 nack_dec -186750
Flow Uec_977_392 flowId 319 uecSrc 318 finished at 5411.77 total messages 1 total packets 2448 RTS 0 total bytes 10002528 in_flight now 0 fair_inc 336104 prop_inc 29544 fast_inc 0 eta_inc 160920 multi_dec -537463 quick_dec -13473 nack_dec -153550
Flow Uec_290_756 flowId 479 uecSrc 478 finished at 5418.01 total messages 1 total packets 2448 RTS 0 total bytes 10002528 in_flight now 0 fair_inc 342272 prop_inc 2199 fast_inc 0 eta_inc 154960 multi_dec -511504 quick_dec -8647 nack_dec -190900
Flow Uec_776_136 flowId 162 uecSrc 161 finished at 5422.43 total messages 1 total packets 2448 RTS 0 total bytes 10002528 in_flight now 0 fair_inc 282859 prop_inc 7314 fast_inc 0 eta_inc 174032 multi_dec -476269 quick_dec --7368 nack_dec -199200
Flow Uec_144_686 flowId 314 uecSrc 313 finished at 5425.44 total messages 1 total packets 2448 RTS 0 total bytes 10002528 in_flight now 0 fair_inc 271429 prop_inc 27339 fast_inc 0 eta_inc 159728 multi_dec -476544 quick_dec -2873 nack_dec -157700
5428.09 flowid 668 Spurious 17
Flow Uec_259_761 flowId 39 uecSrc 38 finished at 5435.4 total messages 1 total packets 2448 RTS 0 total bytes 10002528 in_flight now 0 fair_inc 386957 prop_inc 3065 fast_inc 0 eta_inc 170456 multi_dec -572144 quick_dec -10577 nack_dec -174300
Flow Uec_253_797 flowId 66 uecSrc 65 finished at 5445.13 total messages 1 total packets 2448 RTS 0 total bytes 10002528 in_flight now 0 fair_inc 374323 prop_inc 5160 fast_inc 0 eta_inc 157344 multi_dec -554219 quick_dec -21300 nack_dec -166000
Flow Uec_115_679 flowId 395 uecSrc 394 finished at 5453.48 total messages 1 total packets 2448 RTS 0 total bytes 10002528 in_flight now 0 fair_inc 389405 prop_inc 15083 fast_inc 0 eta_inc 157940 multi_dec -531888 quick_dec -20981 nack_dec -195050
Flow Uec_139_651 flowId 370 uecSrc 369 finished at 5459.83 total messages 1 total packets 2448 RTS 0 total bytes 10002528 in_flight now 0 fair_inc 310168 prop_inc 38427 fast_inc 0 eta_inc 172244 multi_dec -505033 quick_dec -16051 nack_dec -161850
Flow Uec_141_608 flowId 429 uecSrc 428 finished at 5463.4 total messages 1 total packets 2448 RTS 0 total bytes 10002528 in_flight now 0 fair_inc 353229 prop_inc 38789 fast_inc 0 eta_inc 162112 multi_dec -507923 quick_dec --1056 nack_dec -190900
Flow Uec_792_184 flowId 638 uecSrc 637 finished at 5482.71 total messages 1 total packets 2448 RTS 0 total bytes 10002528 in_flight now 0 fair_inc 430840 prop_inc 26432 fast_inc 0 eta_inc 165688 multi_dec -625793 quick_dec -52923 nack_dec -170150
Flow Uec_941_303 flowId 346 uecSrc 345 finished at 5487.45 total messages 1 total packets 2448 RTS 0 total bytes 10002528 in_flight now 0 fair_inc 321066 prop_inc 19200 fast_inc 0 eta_inc 166284 multi_dec -494889 quick_dec -7225 nack_dec -161850
Flow Uec_936_347 flowId 359 uecSrc 358 finished at 5504.77 total messages 1 total packets 2448 RTS 0 total bytes 10002528 in_flight now 0 fair_inc 388554 prop_inc 12393 fast_inc 0 eta_inc 162112 multi_dec -561199 quick_dec -82993 nack_dec -149400
Flow Uec_656_17 flowId 64 uecSrc 63 finished at 5523.7 total messages 1 total packets 2449 RTS 1 total bytes 10002528 in_flight now 0 fair_inc 386626 prop_inc 2214 fast_inc 0 eta_inc 163304 multi_dec -621616 quick_dec -4648 nack_dec -149400
Flow Uec_245_714 flowId 629 uecSrc 628 finished at 5530.02 total messages 1 total packets 2448 RTS 0 total bytes 10002528 in_flight now 0 fair_inc 365719 prop_inc 5955 fast_inc 0 eta_inc 162708 multi_dec -530571 quick_dec -11686 nack_dec -186750
Flow Uec_988_346 flowId 37 uecSrc 36 finished at 5537.38 total messages 1 total packets 2448 RTS 0 total bytes 10002528 in_flight now 0 fair_inc 360044 prop_inc 30512 fast_inc 0 eta_inc 160920 multi_dec -513802 quick_dec -46857 nack_dec -174300
Flow Uec_158_615 flowId 40 uecSrc 39 finished at 5540.65 total messages 1 total packets 2448 RTS 0 total bytes 10002528 in_flight now 0 fair_inc 361239 prop_inc 23133 fast_inc 0 eta_inc 161516 multi_dec -548625 quick_dec -13182 nack_dec -178450
Flow Uec_529_1069 flowId 32 uecSrc 31 finished at 5544.22 total messages 1 total packets 2448 RTS 0 total bytes 10002528 in_flight now 0 fair_inc 260187 prop_inc 34488 fast_inc 0 eta_inc 160324 multi_dec -402707 quick_dec -105307 nack_dec -153550
Flow Uec_351_888 flowId 377 uecSrc 376 finished at 5547.31 total messages 1 total packets 2448 RTS 0 total bytes 10002528 in_flight now 0 fair_inc 359600 prop_inc 3751 fast_inc 0 eta_inc 158536 multi_dec -518561 quick_dec -93910 nack_dec -145250
Flow Uec_1071_442 flowId 358 uecSrc 357 finished at 5550.1 total messages 1 total packets 2448 RTS 0 total bytes 10002528 in_flight now 0 fair_inc 288926 prop_inc 25774 fast_inc 0 eta_inc 172244 multi_dec -453749 quick_dec -12797 nack_dec -182600
Flow Uec_167_658 flowId 391 uecSrc 390 finished at 5550.86 total messages 1 total packets 2448 RTS 0 total bytes 10002528 in_flight now 0 fair_inc 438683 prop_inc 28935 fast_inc 0 eta_inc 165092 multi_dec -613549 quick_dec -66167 nack_dec -153550
Flow Uec_918_382 flowId 55 uecSrc 54 finished at 5557.4 total messages 1 total packets 2448 RTS 0 total bytes 10002528 in_flight now 0 fair_inc 365659 prop_inc 18560 fast_inc 0 eta_inc 168072 multi_dec -611324 quick_dec -5532 nack_dec -136950
Flow Uec_586_1059 flowId 615 uecSrc 614 finished at 5559.97 total messages 1 total packets 2448 RTS 0 total bytes 10002528 in_flight now 0 fair_inc 352016 prop_inc 27681 fast_inc 0 eta_inc 166880 multi_dec -543410 quick_dec -1749 nack_dec -178450
Flow Uec_160_671 flowId 427 uecSrc 426 finished at 5562.94 total messages 1 total packets 2448 RTS 0 total bytes 10002528 in_flight now 0 fair_inc 385848 prop_inc 28915 fast_inc 0 eta_inc 163304 multi_dec -530558 quick_dec -70748 nack_dec -157700
Flow Uec_798_176 flowId 690 uecSrc 689 finished at 5568.26 total messages 1 total packets 2448 RTS 0 total bytes 10002528 in_flight now 0 fair_inc 377450 prop_inc 49416 fast_inc 0 eta_inc 167476 multi_dec -546177 quick_dec -75535 nack_dec -153550
Flow Uec_913_383 flowId 561 uecSrc 560 finished at 5572.52 total messages 1 total packets 2448 RTS 0 total bytes 10002528 in_flight now 0 fair_inc 303247 prop_inc 8955 fast_inc 0 eta_inc 161516 multi_dec -482604 quick_dec -16947 nack_dec -178450
Flow Uec_381_867 flowId 719 uecSrc 718 finished at 5583.29 total messages 1 total packets 2448 RTS 0 total bytes 10002528 in_flight now 0 fair_inc 258014 prop_inc 21175 fast_inc 0 eta_inc 159728 multi_dec -437259 quick_dec -83958 nack_dec -153550
5584.47 flowid 668 Spurious 19
Flow Uec_889_251 flowId 286 uecSrc 285 finished at 5599.02 total messages 1 total packets 2448 RTS 0 total bytes 10002528 in_flight now 0 fair_inc 333307 prop_inc 11186 fast_inc 0 eta_inc 171648 multi_dec -488199 quick_dec -10535 nack_dec -182600
Flow Uec_249_732 flowId 223 uecSrc 222 finished at 5607.84 total messages 1 total packets 2448 RTS 0 total bytes 10002528 in_flight now 0 fair_inc 390673 prop_inc 14430 fast_inc 0 eta_inc 162112 multi_dec -578873 quick_dec -87497 nack_dec -161850
Flow Uec_359_881 flowId 671 uecSrc 670 finished at 5619.65 total messages 1 total packets 2448 RTS 0 total bytes 10002528 in_flight now 0 fair_inc 347740 prop_inc 4583 fast_inc 0 eta_inc 162112 multi_dec -520485 quick_dec -2855 nack_dec -190900
Flow Uec_930_316 flowId 636 uecSrc 635 finished at 5623.01 total messages 1 total packets 2448 RTS 0 total bytes 10002528 in_flight now 0 fair_inc 358385 prop_inc 44744 fast_inc 0 eta_inc 163900 multi_dec -507894 quick_dec -62908 nack_dec -166000
Flow Uec_869_230 flowId 399 uecSrc 398 finished at 5636.34 total messages 1 total packets 2448 RTS 0 total bytes 10002528 in_flight now 0 fair_inc 316375 prop_inc 28772 fast_inc 0 eta_inc 167476 multi_dec -494249 quick_dec -7198 nack_dec -182600
Flow Uec_252_700 flowId 582 uecSrc 581 finished at 5641.94 total messages 1 total packets 2448 RTS 0 total bytes 10002528 in_flight now 0 fair_inc 384115 prop_inc 3162 fast_inc 0 eta_inc 163304 multi_dec -626285 quick_dec -9182 nack_dec -153550
Flow Uec_263_770 flowId 435 uecSrc 434 finished at 5650.13 total messages 1 total packets 2448 RTS 0 total bytes 10002528 in_flight now 0 fair_inc 380569 prop_inc 14133 fast_inc 0 eta_inc 171648 multi_dec -568585 quick_dec -728 nack_dec -178450
Flow Uec_434_909 flowId 551 uecSrc 550 finished at 5652.36 total messages 1 total packets 2448 RTS 0 total bytes 10002528 in_flight now 0 fair_inc 297534 prop_inc 7350 fast_inc 0 eta_inc 168072 multi_dec -497172 quick_dec -3771 nack_dec -166000
Flow Uec_483_912 flowId 283 uecSrc 282 finished at 5666.98 total messages 1 total packets 2448 RTS 0 total bytes 10002528 in_flight now 0 fair_inc 419056 prop_inc 6815 fast_inc 0 eta_inc 172244 multi_dec -617913 quick_dec -21710 nack_dec -174300
Flow Uec_437_974 flowId 424 uecSrc 423 finished at 5672.08 total messages 1 total packets 2448 RTS 0 total bytes 10002528 in_flight now 0 fair_inc 414595 prop_inc 5244 fast_inc 0 eta_inc 167476 multi_dec -652714 quick_dec -4324 nack_dec -149400
Flow Uec_135_694 flowId 413 uecSrc 412 finished at 5672.64 total messages 1 total packets 2448 RTS 0 total bytes 10002528 in_flight now 0 fair_inc 310303 prop_inc 53394 fast_inc 25256 eta_inc 175224 multi_dec -522751 quick_dec -5388 nack_dec -178450
5675.33 flowid 206 Spurious 550
Flow Uec_661_55 flowId 602 uecSrc 601 finished at 5676.04 total messages 1 total packets 2448 RTS 0 total bytes 10002528 in_flight now 0 fair_inc 408268 prop_inc 7103 fast_inc 0 eta_inc 172244 multi_dec -619616 quick_dec --3698 nack_dec -195050
Flow Uec_761_121 flowId 148 uecSrc 147 finished at 5678.38 total messages 1 total packets 2448 RTS 0 total bytes 10002528 in_flight now 0 fair_inc 371488 prop_inc 9277 fast_inc 0 eta_inc 171648 multi_dec -606092 quick_dec --447 nack_dec -170150
Flow Uec_1089_459 flowId 380 uecSrc 379 finished at 5680.49 total messages 1 total packets 2448 RTS 0 total bytes 10002528 in_flight now 0 fair_inc 351317 prop_inc 44552 fast_inc 0 eta_inc 174032 multi_dec -560954 quick_dec -2202 nack_dec -161850
Flow Uec_343_855 flowId 82 uecSrc 81 finished at 5685.52 total messages 1 total packets 2448 RTS 0 total bytes 10002528 in_flight now 0 fair_inc 384387 prop_inc 8179 fast_inc 0 eta_inc 174032 multi_dec -568051 quick_dec -8441 nack_dec -174300
Flow Uec_426_947 flowId 212 uecSrc 211 finished at 5685.78 total messages 1 total packets 2448 RTS 0 total bytes 10002528 in_flight now 0 fair_inc 343412 prop_inc 14397 fast_inc 0 eta_inc 175224 multi_dec -575489 quick_dec -1713 nack_dec -157700
Flow Uec_904_320 flowId 576 uecSrc 575 finished at 5689.15 total messages 1 total packets 2448 RTS 0 total bytes 10002528 in_flight now 0 fair_inc 394283 prop_inc 64841 fast_inc 0 eta_inc 168072 multi_dec -572876 quick_dec -67727 nack_dec -157700
Flow Uec_383_885 flowId 808 uecSrc 807 finished at 5690.96 total messages 1 total packets 2448 RTS 0 total bytes 10002528 in_flight now 0 fair_inc 389982 prop_inc 10568 fast_inc 0 eta_inc 166284 multi_dec -633617 quick_dec -4507 nack_dec -132800
Flow Uec_222_752 flowId 419 uecSrc 418 finished at 5692.76 total messages 1 total packets 2448 RTS 0 total bytes 10002528 in_flight now 0 fair_inc 399630 prop_inc 31838 fast_inc 0 eta_inc 166880 multi_dec -631447 quick_dec -1252 nack_dec -149400
5700 flowid 668 Spurious 19
Flow Uec_795_181 flowId 587 uecSrc 586 finished at 5710.88 total messages 1 total packets 2448 RTS 0 total bytes 10002528 in_flight now 0 fair_inc 294354 prop_inc 152106 fast_inc 16164 eta_inc 171648 multi_dec -467925 quick_dec -79010 nack_dec -132800
Flow Uec_546_1043 flowId 516 uecSrc 515 finished at 5711.34 total messages 1 total packets 2448 RTS 0 total bytes 10002528 in_flight now 0 fair_inc 262160 prop_inc 55130 fast_inc 382264 eta_inc 174032 multi_dec -461957 quick_dec --43 nack_dec -170150
Flow Uec_1031_485 flowId 267 uecSrc 266 finished at 5714.61 total messages 1 total packets 2448 RTS 0 total bytes 10002528 in_flight now 0 fair_inc 385880 prop_inc 60533 fast_inc 0 eta_inc 169860 multi_dec -613776 quick_dec -2301 nack_dec -157700
Flow Uec_166_666 flowId 208 uecSrc 207 finished at 5715.85 total messages 1 total packets 2448 RTS 0 total bytes 10002528 in_flight now 0 fair_inc 327621 prop_inc 136512 fast_inc 0 eta_inc 169860 multi_dec -473197 quick_dec -82147 nack_dec -153550
Flow Uec_907_391 flowId 139 uecSrc 138 finished at 5718.29 total messages 1 total packets 2448 RTS 0 total bytes 10002528 in_flight now 0 fair_inc 345769 prop_inc 80538 fast_inc 0 eta_inc 169264 multi_dec -508800 quick_dec -73909 nack_dec -157700
Flow Uec_165_649 flowId 497 uecSrc 496 finished at 5721.12 total messages 1 total packets 2448 RTS 0 total bytes 10002528 in_flight now 0 fair_inc 298619 prop_inc 89975 fast_inc 30701 eta_inc 171052 multi_dec -561229 quick_dec --5926 nack_dec -132800
Flow Uec_220_703 flowId 557 uecSrc 556 finished at 5722.17 total messages 1 total packets 2448 RTS 0 total bytes 10002528 in_flight now 0 fair_inc 403097 prop_inc 56395 fast_inc 0 eta_inc 170456 multi_dec -611001 quick_dec -1023 nack_dec -161850
Flow Uec_816_278 flowId 70 uecSrc 69 finished at 5722.2 total messages 1 total packets 2448 RTS 0 total bytes 10002528 in_flight now 0 fair_inc 353843 prop_inc 93805 fast_inc 0 eta_inc 167476 multi_dec -523948 quick_dec -98234 nack_dec -132800
Flow Uec_989_323 flowId 534 uecSrc 533 finished at 5722.56 total messages 1 total packets 2448 RTS 0 total bytes 10002528 in_flight now 0 fair_inc 322945 prop_inc 157252 fast_inc 0 eta_inc 169264 multi_dec -484093 quick_dec -78050 nack_dec -145250
Flow Uec_332_803 flowId 646 uecSrc 645 finished at 5723.03 total messages 1 total packets 2448 RTS 0 total bytes 10002528 in_flight now 0 fair_inc 337554 prop_inc 24570 fast_inc 24241 eta_inc 167476 multi_dec -547073 quick_dec -804 nack_dec -149400
Flow Uec_939_397 flowId 603 uecSrc 602 finished at 5723.21 total messages 1 total packets 2448 RTS 0 total bytes 10002528 in_flight now 0 fair_inc 380218 prop_inc 112512 fast_inc 0 eta_inc 166880 multi_dec -575766 quick_dec -61999 nack_dec -157700
Flow Uec_162_627 flowId 166 uecSrc 165 finished at 5724.21 total messages 1 total packets 2448 RTS 0 total bytes 10002528 in_flight now 0 fair_inc 280482 prop_inc 216166 fast_inc 0 eta_inc 171052 multi_dec -475004 quick_dec -108742 nack_dec -120350
Flow Uec_487_905 flowId 482 uecSrc 481 finished at 5731.93 total messages 1 total packets 2448 RTS 0 total bytes 10002528 in_flight now 0 fair_inc 392434 prop_inc 46535 fast_inc 0 eta_inc 172244 multi_dec -589107 quick_dec -15911 nack_dec -170150
Flow Uec_828_276 flowId 529 uecSrc 528 finished at 5732.08 total messages 1 total packets 2448 RTS 0 total bytes 10002528 in_flight now 0 fair_inc 348095 prop_inc 13236 fast_inc 0 eta_inc 165092 multi_dec -544834 quick_dec --8136 nack_dec -195050
Flow Uec_685_13 flowId 631 uecSrc 630 finished at 5738.64 total messages 1 total packets 2448 RTS 0 total bytes 10002528 in_flight now 0 fair_inc 329468 prop_inc 5454 fast_inc 0 eta_inc 174628 multi_dec -544296 quick_dec -6276 nack_dec -170150
Flow Uec_697_72 flowId 16 uecSrc 15 finished at 5749.73 total messages 1 total packets 2448 RTS 0 total bytes 10002528 in_flight now 0 fair_inc 291412 prop_inc 10387 fast_inc 0 eta_inc 163900 multi_dec -486621 quick_dec -2624 nack_dec -190900
Flow Uec_619_68 flowId 304 uecSrc 303 finished at 5761.34 total messages 1 total packets 2448 RTS 0 total bytes 10002528 in_flight now 0 fair_inc 215874 prop_inc 11154 fast_inc 0 eta_inc 173436 multi_dec -399592 quick_dec -8641 nack_dec -166000
Flow Uec_975_305 flowId 177 uecSrc 176 finished at 5774.63 total messages 1 total packets 2448 RTS 0 total bytes 10002528 in_flight now 0 fair_inc 363622 prop_inc 8943 fast_inc 0 eta_inc 174032 multi_dec -569437 quick_dec -14627 nack_dec -178450
Flow Uec_213_778 flowId 14 uecSrc 13 finished at 5792.13 total messages 1 total packets 2448 RTS 0 total bytes 10002528 in_flight now 0 fair_inc 396109 prop_inc 7863 fast_inc 0 eta_inc 165092 multi_dec -581087 quick_dec -73398 nack_dec -178450
Flow Uec_666_12 flowId 594 uecSrc 593 finished at 5800.32 total messages 1 total packets 2448 RTS 0 total bytes 10002528 in_flight now 0 fair_inc 305526 prop_inc 12468 fast_inc 0 eta_inc 165092 multi_dec -473016 quick_dec -75643 nack_dec -166000
5816.53 flowid 668 Spurious 19
Flow Uec_796_193 flowId 713 uecSrc 712 finished at 5834.55 total messages 1 total packets 2448 RTS 0 total bytes 10002528 in_flight now 0 fair_inc 366958 prop_inc 11391 fast_inc 0 eta_inc 169860 multi_dec -542217 quick_dec -12806 nack_dec -178450
Flow Uec_603_59 flowId 112 uecSrc 111 finished at 5854.45 total messages 1 total packets 2448 RTS 0 total bytes 10002528 in_flight now 0 fair_inc 311860 prop_inc 10750 fast_inc 0 eta_inc 170456 multi_dec -520380 quick_dec -11500 nack_dec -174300
Flow Uec_754_154 flowId 618 uecSrc 617 finished at 5859.34 total messages 1 total packets 2448 RTS 0 total bytes 10002528 in_flight now 0 fair_inc 384236 prop_inc 7042 fast_inc 0 eta_inc 169860 multi_dec -594742 quick_dec -77507 nack_dec -170150
Flow Uec_340_889 flowId 444 uecSrc 443 finished at 5859.58 total messages 1 total packets 2448 RTS 0 total bytes 10002528 in_flight now 0 fair_inc 290241 prop_inc 29140 fast_inc 0 eta_inc 171648 multi_dec -513270 quick_dec -4984 nack_dec -166000
Flow Uec_790_162 flowId 350 uecSrc 349 finished at 5871.09 total messages 1 total packets 2448 RTS 0 total bytes 10002528 in_flight now 0 fair_inc 370725 prop_inc 4682 fast_inc 0 eta_inc 168072 multi_dec -582903 quick_dec -91455 nack_dec -136950
5882.5 flowid 206 Spurious 557
Flow Uec_986_356 flowId 74 uecSrc 73 finished at 5886.31 total messages 1 total packets 2448 RTS 0 total bytes 10002528 in_flight now 0 fair_inc 383424 prop_inc 10202 fast_inc 0 eta_inc 168668 multi_dec -558990 quick_dec -80640 nack_dec -153550
Flow Uec_264_759 flowId 68 uecSrc 67 finished at 5888.48 total messages 1 total packets 2448 RTS 0 total bytes 10002528 in_flight now 0 fair_inc 298755 prop_inc 8876 fast_inc 0 eta_inc 168668 multi_dec -491273 quick_dec -260 nack_dec -195050
Flow Uec_329_871 flowId 524 uecSrc 523 finished at 5892.72 total messages 1 total packets 2448 RTS 0 total bytes 10002528 in_flight now 0 fair_inc 347268 prop_inc 5754 fast_inc 0 eta_inc 168668 multi_dec -541790 quick_dec -8560 nack_dec -190900
Flow Uec_200_768 flowId 323 uecSrc 322 finished at 5906.47 total messages 1 total packets 2448 RTS 0 total bytes 10002528 in_flight now 0 fair_inc 340205 prop_inc 9671 fast_inc 0 eta_inc 169860 multi_dec -521862 quick_dec -356 nack_dec -186750
Flow Uec_631_60 flowId 83 uecSrc 82 finished at 5917.03 total messages 1 total packets 2448 RTS 0 total bytes 10002528 in_flight now 0 fair_inc 298540 prop_inc 19771 fast_inc 0 eta_inc 173436 multi_dec -534121 quick_dec -753 nack_dec -170150
Flow Uec_385_834 flowId 133 uecSrc 132 finished at 5919.15 total messages 1 total packets 2448 RTS 0 total bytes 10002528 in_flight now 0 fair_inc 290440 prop_inc 5358 fast_inc 0 eta_inc 172840 multi_dec -515285 quick_dec -23186 nack_dec -141100
Flow Uec_1094_448 flowId 245 uecSrc 244 finished at 5928.25 total messages 1 total packets 2448 RTS 0 total bytes 10002528 in_flight now 0 fair_inc 329486 prop_inc 3524 fast_inc 0 eta_inc 174628 multi_dec -527862 quick_dec -2736 nack_dec -174300
5929.41 flowid 668 Spurious 19
Flow Uec_823_243 flowId 616 uecSrc 615 finished at 5965.6 total messages 1 total packets 2448 RTS 0 total bytes 10002528 in_flight now 0 fair_inc 365812 prop_inc 6064 fast_inc 0 eta_inc 171648 multi_dec -593183 quick_dec -5173 nack_dec -174300
Flow Uec_1012_472 flowId 41 uecSrc 40 finished at 5980.82 total messages 1 total packets 2448 RTS 0 total bytes 10002528 in_flight now 0 fair_inc 413341 prop_inc 4618 fast_inc 0 eta_inc 170456 multi_dec -629462 quick_dec -91647 nack_dec -170150
Flow Uec_390_862 flowId 742 uecSrc 741 finished at 5981.64 total messages 1 total packets 2448 RTS 0 total bytes 10002528 in_flight now 0 fair_inc 380557 prop_inc 4829 fast_inc 0 eta_inc 171052 multi_dec -586344 quick_dec -5144 nack_dec -195050
Flow Uec_524_1014 flowId 499 uecSrc 498 finished at 5989.02 total messages 1 total packets 2448 RTS 0 total bytes 10002528 in_flight now 0 fair_inc 308554 prop_inc 16461 fast_inc 0 eta_inc 172840 multi_dec -526060 quick_dec -67036 nack_dec -195050
Flow Uec_717_175 flowId 543 uecSrc 542 finished at 5995.8 total messages 1 total packets 2448 RTS 0 total bytes 10002528 in_flight now 0 fair_inc 358025 prop_inc 13425 fast_inc 0 eta_inc 172244 multi_dec -576019 quick_dec -4314 nack_dec -186750
Flow Uec_745_196 flowId 196 uecSrc 195 finished at 5996.26 total messages 1 total packets 2448 RTS 0 total bytes 10002528 in_flight now 0 fair_inc 355631 prop_inc 10820 fast_inc 0 eta_inc 172244 multi_dec -545083 quick_dec -6650 nack_dec -203350
Flow Uec_282_734 flowId 506 uecSrc 505 finished at 6000.76 total messages 1 total packets 2448 RTS 0 total bytes 10002528 in_flight now 0 fair_inc 374049 prop_inc 7448 fast_inc 0 eta_inc 175224 multi_dec -561276 quick_dec -5102 nack_dec -190900
Flow Uec_173_643 flowId 275 uecSrc 274 finished at 6001.33 total messages 1 total packets 2448 RTS 0 total bytes 10002528 in_flight now 0 fair_inc 382845 prop_inc 22403 fast_inc 0 eta_inc 172244 multi_dec -574679 quick_dec -102476 nack_dec -149400
6021.94 flowid 206 Spurious 558
Flow Uec_210_717 flowId 496 uecSrc 495 finished at 6033.75 total messages 1 total packets 2448 RTS 0 total bytes 10002528 in_flight now 0 fair_inc 395054 prop_inc 6032 fast_inc 0 eta_inc 181184 multi_dec -622192 quick_dec -4298 nack_dec -182600
Flow Uec_940_309 flowId 688 uecSrc 687 finished at 6045.3 total messages 1 total packets 2448 RTS 0 total bytes 10002528 in_flight now 0 fair_inc 215456 prop_inc 9854 fast_inc 0 eta_inc 172244 multi_dec -391522 quick_dec -85383 nack_dec -149400
Flow Uec_883_214 flowId 492 uecSrc 491 finished at 6046.07 total messages 1 total packets 2448 RTS 0 total bytes 10002528 in_flight now 0 fair_inc 321670 prop_inc 9743 fast_inc 0 eta_inc 177608 multi_dec -539753 quick_dec -2160 nack_dec -178450
6046.08 flowid 668 Spurious 19
Flow Uec_1009_464 flowId 461 uecSrc 460 finished at 6050.33 total messages 1 total packets 2448 RTS 0 total bytes 10002528 in_flight now 0 fair_inc 263156 prop_inc 16705 fast_inc 0 eta_inc 185356 multi_dec -445972 quick_dec -1539 nack_dec -195050
Flow Uec_895_224 flowId 121 uecSrc 120 finished at 6080.21 total messages 1 total packets 2448 RTS 0 total bytes 10002528 in_flight now 0 fair_inc 381687 prop_inc 7859 fast_inc 0 eta_inc 174032 multi_dec -573055 quick_dec -88554 nack_dec -161850
Flow Uec_968_340 flowId 484 uecSrc 483 finished at 6083.32 total messages 1 total packets 2448 RTS 0 total bytes 10002528 in_flight now 0 fair_inc 304663 prop_inc 13320 fast_inc 0 eta_inc 179992 multi_dec -529047 quick_dec -7822 nack_dec -157700
Flow Uec_700_128 flowId 389 uecSrc 388 finished at 6099.51 total messages 1 total packets 2448 RTS 0 total bytes 10002528 in_flight now 0 fair_inc 349717 prop_inc 5492 fast_inc 0 eta_inc 177608 multi_dec -547934 quick_dec -91647 nack_dec -166000
Flow Uec_926_396 flowId 107 uecSrc 106 finished at 6105.36 total messages 1 total packets 2448 RTS 0 total bytes 10002528 in_flight now 0 fair_inc 365680 prop_inc 21590 fast_inc 0 eta_inc 177608 multi_dec -566005 quick_dec -89105 nack_dec -178450
Flow Uec_934_318 flowId 774 uecSrc 773 finished at 6106.96 total messages 1 total packets 2448 RTS 0 total bytes 10002528 in_flight now 0 fair_inc 403365 prop_inc 7350 fast_inc 0 eta_inc 179396 multi_dec -619107 quick_dec --3227 nack_dec -195050
Flow Uec_896_268 flowId 757 uecSrc 756 finished at 6114.94 total messages 1 total packets 2448 RTS 0 total bytes 10002528 in_flight now 0 fair_inc 399373 prop_inc 6066 fast_inc 0 eta_inc 174628 multi_dec -609624 quick_dec -93657 nack_dec -166000
Flow Uec_728_137 flowId 729 uecSrc 728 finished at 6117.83 total messages 1 total packets 2448 RTS 0 total bytes 10002528 in_flight now 0 fair_inc 325543 prop_inc 8486 fast_inc 0 eta_inc 175224 multi_dec -541318 quick_dec -76847 nack_dec -161850
Flow Uec_784_197 flowId 805 uecSrc 804 finished at 6125.21 total messages 1 total packets 2448 RTS 0 total bytes 10002528 in_flight now 0 fair_inc 349937 prop_inc 21042 fast_inc 0 eta_inc 181184 multi_dec -594497 quick_dec -3612 nack_dec -178450
Flow Uec_611_40 flowId 468 uecSrc 467 finished at 6127.36 total messages 1 total packets 2448 RTS 0 total bytes 10002528 in_flight now 0 fair_inc 156677 prop_inc 22096 fast_inc 0 eta_inc 172840 multi_dec -318142 quick_dec -87703 nack_dec -178450
Flow Uec_1067_410 flowId 736 uecSrc 735 finished at 6137.87 total messages 1 total packets 2448 RTS 0 total bytes 10002528 in_flight now 0 fair_inc 295580 prop_inc 11536 fast_inc 0 eta_inc 179992 multi_dec -518481 quick_dec -12391 nack_dec -170150
Flow Uec_875_289 flowId 417 uecSrc 416 finished at 6140.44 total messages 1 total packets 2448 RTS 0 total bytes 10002528 in_flight now 0 fair_inc 322575 prop_inc 20837 fast_inc 0 eta_inc 178204 multi_dec -572280 quick_dec -1608 nack_dec -136950
Flow Uec_319_870 flowId 598 uecSrc 597 finished at 6140.73 total messages 1 total packets 2448 RTS 0 total bytes 10002528 in_flight now 0 fair_inc 386806 prop_inc 6453 fast_inc 0 eta_inc 181780 multi_dec -649083 quick_dec -5353 nack_dec -145250
Flow Uec_762_120 flowId 19 uecSrc 18 finished at 6144.12 total messages 1 total packets 2448 RTS 0 total bytes 10002528 in_flight now 0 fair_inc 369149 prop_inc 10283 fast_inc 0 eta_inc 181184 multi_dec -602249 quick_dec -4795 nack_dec -178450
Flow Uec_250_739 flowId 12 uecSrc 11 finished at 6153.98 total messages 1 total packets 2448 RTS 0 total bytes 10002528 in_flight now 0 fair_inc 386483 prop_inc 11156 fast_inc 0 eta_inc 176416 multi_dec -589478 quick_dec -85097 nack_dec -166000
Flow Uec_932_335 flowId 386 uecSrc 385 finished at 6155 total messages 1 total packets 2448 RTS 0 total bytes 10002528 in_flight now 0 fair_inc 367547 prop_inc 6996 fast_inc 0 eta_inc 177608 multi_dec -590220 quick_dec -5093 nack_dec -190900
6157.63 flowid 668 Spurious 19
Flow Uec_255_792 flowId 156 uecSrc 155 finished at 6161.41 total messages 1 total packets 2448 RTS 0 total bytes 10002528 in_flight now 0 fair_inc 397254 prop_inc 10363 fast_inc 0 eta_inc 176416 multi_dec -633349 quick_dec -89140 nack_dec -161850
Flow Uec_1025_415 flowId 817 uecSrc 816 finished at 6166 total messages 1 total packets 2448 RTS 0 total bytes 10002528 in_flight now 0 fair_inc 374038 prop_inc 26066 fast_inc 0 eta_inc 184164 multi_dec -589209 quick_dec -4687 nack_dec -174300
Flow Uec_854_282 flowId 193 uecSrc 192 finished at 6191.52 total messages 1 total packets 2448 RTS 0 total bytes 10002528 in_flight now 0 fair_inc 359909 prop_inc 15734 fast_inc 0 eta_inc 178204 multi_dec -574805 quick_dec -104627 nack_dec -136950
Flow Uec_500_1006 flowId 487 uecSrc 486 finished at 6195.05 total messages 1 total packets 2448 RTS 0 total bytes 10002528 in_flight now 0 fair_inc 106322 prop_inc 15595 fast_inc 0 eta_inc 173436 multi_dec -289934 quick_dec -70301 nack_dec -207500
Flow Uec_748_160 flowId 472 uecSrc 471 finished at 6195.56 total messages 1 total packets 2448 RTS 0 total bytes 10002528 in_flight now 0 fair_inc 280865 prop_inc 29029 fast_inc 0 eta_inc 191316 multi_dec -492551 quick_dec -2271 nack_dec -190900
Flow Uec_799_103 flowId 216 uecSrc 215 finished at 6206.01 total messages 1 total packets 2448 RTS 0 total bytes 10002528 in_flight now 0 fair_inc 330033 prop_inc 20809 fast_inc 0 eta_inc 178800 multi_dec -561471 quick_dec -548 nack_dec -190900
Flow Uec_615_98 flowId 783 uecSrc 782 finished at 6211.06 total messages 1 total packets 2448 RTS 0 total bytes 10002528 in_flight now 0 fair_inc 315303 prop_inc 20089 fast_inc 0 eta_inc 193700 multi_dec -519982 quick_dec -21097 nack_dec -174300
Flow Uec_893_226 flowId 23 uecSrc 22 finished at 6215.32 total messages 1 total packets 2448 RTS 0 total bytes 10002528 in_flight now 0 fair_inc 362334 prop_inc 17970 fast_inc 0 eta_inc 181780 multi_dec -580455 quick_dec -88833 nack_dec -161850
Flow Uec_545_1064 flowId 253 uecSrc 252 finished at 6215.76 total messages 1 total packets 2448 RTS 0 total bytes 10002528 in_flight now 0 fair_inc 265885 prop_inc 28801 fast_inc 0 eta_inc 177012 multi_dec -475872 quick_dec -95925 nack_dec -174300
Flow Uec_772_111 flowId 272 uecSrc 271 finished at 6219.93 total messages 1 total packets 2448 RTS 0 total bytes 10002528 in_flight now 0 fair_inc 340124 prop_inc 20349 fast_inc 0 eta_inc 184164 multi_dec -539080 quick_dec -1539 nack_dec -199200
Flow Uec_373_892 flowId 608 uecSrc 607 finished at 6232.98 total messages 1 total packets 2448 RTS 0 total bytes 10002528 in_flight now 0 fair_inc 290775 prop_inc 15332 fast_inc 0 eta_inc 184164 multi_dec -493327 quick_dec -943 nack_dec -195050
Flow Uec_238_798 flowId 459 uecSrc 458 finished at 6239.06 total messages 1 total packets 2448 RTS 0 total bytes 10002528 in_flight now 0 fair_inc 362222 prop_inc 12750 fast_inc 0 eta_inc 193700 multi_dec -578103 quick_dec -5973 nack_dec -190900
Flow Uec_943_313 flowId 132 uecSrc 131 finished at 6239.44 total messages 1 total packets 2448 RTS 0 total bytes 10002528 in_flight now 0 fair_inc 346436 prop_inc 6669 fast_inc 0 eta_inc 182376 multi_dec -534155 quick_dec -94133 nack_dec -149400
Flow Uec_992_349 flowId 486 uecSrc 485 finished at 6244.55 total messages 1 total packets 2448 RTS 0 total bytes 10002528 in_flight now 0 fair_inc 394712 prop_inc 6515 fast_inc 0 eta_inc 185356 multi_dec -627140 quick_dec -10539 nack_dec -190900
Flow Uec_910_378 flowId 504 uecSrc 503 finished at 6257.96 total messages 1 total packets 2448 RTS 0 total bytes 10002528 in_flight now 0 fair_inc 380693 prop_inc 5007 fast_inc 0 eta_inc 185952 multi_dec -616288 quick_dec -2392 nack_dec -170150
Flow Uec_292_786 flowId 412 uecSrc 411 finished at 6266.62 total messages 1 total packets 2448 RTS 0 total bytes 10002528 in_flight now 0 fair_inc 373058 prop_inc 16153 fast_inc 0 eta_inc 179992 multi_dec -561665 quick_dec -84235 nack_dec -145250
Flow Uec_1023_474 flowId 188 uecSrc 187 finished at 6268.47 total messages 1 total packets 2448 RTS 0 total bytes 10002528 in_flight now 0 fair_inc 310332 prop_inc 14354 fast_inc 0 eta_inc 181184 multi_dec -510114 quick_dec -41728 nack_dec -178450
6272.5 flowid 668 Spurious 19
Flow Uec_727_174 flowId 550 uecSrc 549 finished at 6280.73 total messages 1 total packets 2448 RTS 0 total bytes 10002528 in_flight now 0 fair_inc 423920 prop_inc 17296 fast_inc 0 eta_inc 179992 multi_dec -630497 quick_dec -108291 nack_dec -141100
Flow Uec_223_701 flowId 794 uecSrc 793 finished at 6283.49 total messages 1 total packets 2448 RTS 0 total bytes 10002528 in_flight now 0 fair_inc 380537 prop_inc 11622 fast_inc 0 eta_inc 188336 multi_dec -655278 quick_dec -5339 nack_dec -136950
Flow Uec_1057_491 flowId 754 uecSrc 753 finished at 6284.65 total messages 1 total packets 2448 RTS 0 total bytes 10002528 in_flight now 0 fair_inc 396967 prop_inc 35483 fast_inc 0 eta_inc 183568 multi_dec -615497 quick_dec -92243 nack_dec -157700
Flow Uec_525_1082 flowId 501 uecSrc 500 finished at 6301.54 total messages 1 total packets 2448 RTS 0 total bytes 10002528 in_flight now 0 fair_inc 155537 prop_inc 37364 fast_inc 0 eta_inc 177608 multi_dec -342856 quick_dec -74451 nack_dec -186750
Flow Uec_338_852 flowId 18 uecSrc 17 finished at 6310.63 total messages 1 total packets 2448 RTS 0 total bytes 10002528 in_flight now 0 fair_inc 355975 prop_inc 21545 fast_inc 0 eta_inc 187144 multi_dec -585600 quick_dec -260 nack_dec -190900
Flow Uec_211_738 flowId 98 uecSrc 97 finished at 6313.48 total messages 1 total packets 2448 RTS 0 total bytes 10002528 in_flight now 0 fair_inc 391166 prop_inc 16194 fast_inc 0 eta_inc 190720 multi_dec -583711 quick_dec -54893 nack_dec -170150
Flow Uec_376_841 flowId 485 uecSrc 484 finished at 6315.81 total messages 1 total packets 2448 RTS 0 total bytes 10002528 in_flight now 0 fair_inc 337400 prop_inc 4968 fast_inc 0 eta_inc 179992 multi_dec -543751 quick_dec -84996 nack_dec -166000
Flow Uec_832_200 flowId 289 uecSrc 288 finished at 6326.6 total messages 1 total packets 2448 RTS 0 total bytes 10002528 in_flight now 0 fair_inc 360466 prop_inc 41329 fast_inc 0 eta_inc 193104 multi_dec -595969 quick_dec -14630 nack_dec -182600
Flow Uec_317_846 flowId 251 uecSrc 250 finished at 6329.69 total messages 1 total packets 2448 RTS 0 total bytes 10002528 in_flight now 0 fair_inc 378641 prop_inc 18937 fast_inc 0 eta_inc 185952 multi_dec -600519 quick_dec -5011 nack_dec -166000
Flow Uec_786_158 flowId 192 uecSrc 191 finished at 6333.66 total messages 1 total packets 2448 RTS 0 total bytes 10002528 in_flight now 0 fair_inc 388939 prop_inc 56003 fast_inc 0 eta_inc 188336 multi_dec -600688 quick_dec -90555 nack_dec -149400
Flow Uec_201_784 flowId 699 uecSrc 698 finished at 6341.69 total messages 1 total packets 2448 RTS 0 total bytes 10002528 in_flight now 0 fair_inc 351785 prop_inc 59393 fast_inc 0 eta_inc 188932 multi_dec -580955 quick_dec -6434 nack_dec -182600
Flow Uec_965_306 flowId 356 uecSrc 355 finished at 6360.84 total messages 1 total packets 2448 RTS 0 total bytes 10002528 in_flight now 0 fair_inc 371164 prop_inc 26308 fast_inc 0 eta_inc 191316 multi_dec -622728 quick_dec --262 nack_dec -170150
Flow Uec_358_822 flowId 159 uecSrc 158 finished at 6362.22 total messages 1 total packets 2448 RTS 0 total bytes 10002528 in_flight now 0 fair_inc 326486 prop_inc 16173 fast_inc 0 eta_inc 182376 multi_dec -520700 quick_dec -90311 nack_dec -149400
Flow Uec_335_843 flowId 80 uecSrc 79 finished at 6367.74 total messages 1 total packets 2448 RTS 0 total bytes 10002528 in_flight now 0 fair_inc 350959 prop_inc 6488 fast_inc 0 eta_inc 181780 multi_dec -554989 quick_dec -84389 nack_dec -166000
Flow Uec_976_362 flowId 130 uecSrc 129 finished at 6370.57 total messages 1 total packets 2448 RTS 0 total bytes 10002528 in_flight now 0 fair_inc 382650 prop_inc 31010 fast_inc 0 eta_inc 191316 multi_dec -621648 quick_dec -6417 nack_dec -178450
Flow Uec_672_8 flowId 152 uecSrc 151 finished at 6371.5 total messages 1 total packets 2448 RTS 0 total bytes 10002528 in_flight now 0 fair_inc 229933 prop_inc 13932 fast_inc 0 eta_inc 185952 multi_dec -434573 quick_dec -4864 nack_dec -174300
Flow Uec_298_789 flowId 745 uecSrc 744 finished at 6376.68 total messages 1 total packets 2448 RTS 0 total bytes 10002528 in_flight now 0 fair_inc 363241 prop_inc 18862 fast_inc 0 eta_inc 188336 multi_dec -591290 quick_dec -6293 nack_dec -199200
Flow Uec_387_851 flowId 685 uecSrc 684 finished at 6378.62 total messages 1 total packets 2448 RTS 0 total bytes 10002528 in_flight now 0 fair_inc 374695 prop_inc 17394 fast_inc 0 eta_inc 184164 multi_dec -562855 quick_dec -12797 nack_dec -195050
Flow Uec_888_264 flowId 630 uecSrc 629 finished at 6379.61 total messages 1 total packets 2448 RTS 0 total bytes 10002528 in_flight now 0 fair_inc 298662 prop_inc 33994 fast_inc 0 eta_inc 195488 multi_dec -501718 quick_dec -68794 nack_dec -170150
6387.04 flowid 668 Spurious 19
Flow Uec_275_773 flowId 439 uecSrc 438 finished at 6390.09 total messages 1 total packets 2448 RTS 0 total bytes 10002528 in_flight now 0 fair_inc 269847 prop_inc 22979 fast_inc 0 eta_inc 192508 multi_dec -525250 quick_dec --505 nack_dec -161850
Flow Uec_168_669 flowId 120 uecSrc 119 finished at 6409.16 total messages 1 total packets 2448 RTS 0 total bytes 10002528 in_flight now 0 fair_inc 454714 prop_inc 26569 fast_inc 0 eta_inc 193104 multi_dec -681438 quick_dec -84312 nack_dec -182600
Flow Uec_793_113 flowId 190 uecSrc 189 finished at 6410.85 total messages 1 total packets 2448 RTS 0 total bytes 10002528 in_flight now 0 fair_inc 378582 prop_inc 10610 fast_inc 0 eta_inc 184760 multi_dec -585868 quick_dec -101944 nack_dec -145250
Flow Uec_785_125 flowId 312 uecSrc 311 finished at 6411.64 total messages 1 total packets 2448 RTS 0 total bytes 10002528 in_flight now 0 fair_inc 355341 prop_inc 12493 fast_inc 0 eta_inc 187144 multi_dec -596574 quick_dec -7566 nack_dec -170150
Flow Uec_865_263 flowId 669 uecSrc 668 finished at 6416.84 total messages 1 total packets 2448 RTS 0 total bytes 10002528 in_flight now 0 fair_inc 346271 prop_inc 37979 fast_inc 0 eta_inc 193700 multi_dec -554287 quick_dec --249 nack_dec -203350
Flow Uec_733_110 flowId 404 uecSrc 403 finished at 6421.41 total messages 1 total packets 2448 RTS 0 total bytes 10002528 in_flight now 0 fair_inc 360372 prop_inc 27678 fast_inc 0 eta_inc 187740 multi_dec -561962 quick_dec -102139 nack_dec -157700
Flow Uec_725_152 flowId 278 uecSrc 277 finished at 6424.93 total messages 1 total packets 2448 RTS 0 total bytes 10002528 in_flight now 0 fair_inc 303453 prop_inc 19138 fast_inc 0 eta_inc 184760 multi_dec -494976 quick_dec -95797 nack_dec -174300
Flow Uec_202_771 flowId 285 uecSrc 284 finished at 6427.4 total messages 1 total packets 2448 RTS 0 total bytes 10002528 in_flight now 0 fair_inc 400513 prop_inc 31026 fast_inc 0 eta_inc 185356 multi_dec -620362 quick_dec -98410 nack_dec -166000
Flow Uec_1018_404 flowId 724 uecSrc 723 finished at 6427.87 total messages 1 total packets 2448 RTS 0 total bytes 10002528 in_flight now 0 fair_inc 361511 prop_inc 66608 fast_inc 0 eta_inc 188932 multi_dec -582949 quick_dec -66747 nack_dec -190900
Flow Uec_174_696 flowId 205 uecSrc 204 finished at 6428.54 total messages 1 total packets 2448 RTS 0 total bytes 10002528 in_flight now 0 fair_inc 382403 prop_inc 34377 fast_inc 0 eta_inc 190720 multi_dec -594252 quick_dec -63569 nack_dec -166000
Flow Uec_215_751 flowId 168 uecSrc 167 finished at 6428.67 total messages 1 total packets 2448 RTS 0 total bytes 10002528 in_flight now 0 fair_inc 367892 prop_inc 56385 fast_inc 0 eta_inc 187144 multi_dec -578252 quick_dec -42740 nack_dec -170150
Flow Uec_744_195 flowId 158 uecSrc 157 finished at 6430.12 total messages 1 total packets 2448 RTS 0 total bytes 10002528 in_flight now 0 fair_inc 383201 prop_inc 15240 fast_inc 0 eta_inc 190720 multi_dec -638163 quick_dec -10071 nack_dec -174300
Flow Uec_787_180 flowId 75 uecSrc 74 finished at 6434.02 total messages 1 total packets 2448 RTS 0 total bytes 10002528 in_flight now 0 fair_inc 354127 prop_inc 16904 fast_inc 0 eta_inc 193104 multi_dec -588426 quick_dec -10805 nack_dec -182600
Flow Uec_723_130 flowId 296 uecSrc 295 finished at 6434.75 total messages 1 total packets 2448 RTS 0 total bytes 10002528 in_flight now 0 fair_inc 471608 prop_inc 19039 fast_inc 0 eta_inc 184760 multi_dec -686248 quick_dec -90616 nack_dec -186750
Flow Uec_652_57 flowId 788 uecSrc 787 finished at 6445.65 total messages 1 total packets 2448 RTS 0 total bytes 10002528 in_flight now 0 fair_inc 360410 prop_inc 33923 fast_inc 0 eta_inc 197276 multi_dec -595136 quick_dec -11615 nack_dec -170150
Flow Uec_602_75 flowId 612 uecSrc 611 finished at 6445.98 total messages 1 total packets 2448 RTS 0 total bytes 10002528 in_flight now 0 fair_inc 295944 prop_inc 8617 fast_inc 0 eta_inc 183568 multi_dec -515490 quick_dec -88729 nack_dec -128650
Flow Uec_667_45 flowId 718 uecSrc 717 finished at 6452.74 total messages 1 total packets 2448 RTS 0 total bytes 10002528 in_flight now 0 fair_inc 347551 prop_inc 5300 fast_inc 0 eta_inc 187740 multi_dec -575397 quick_dec -3911 nack_dec -182600
Flow Uec_616_35 flowId 773 uecSrc 772 finished at 6454.06 total messages 1 total packets 2448 RTS 0 total bytes 10002528 in_flight now 0 fair_inc 381985 prop_inc 7630 fast_inc 0 eta_inc 184760 multi_dec -617058 quick_dec -4497 nack_dec -203350
Flow Uec_352_823 flowId 781 uecSrc 780 finished at 6456.18 total messages 1 total packets 2448 RTS 0 total bytes 10002528 in_flight now 0 fair_inc 377836 prop_inc 14217 fast_inc 0 eta_inc 186548 multi_dec -602088 quick_dec -915 nack_dec -182600
Flow Uec_990_345 flowId 452 uecSrc 451 finished at 6456.91 total messages 1 total packets 2448 RTS 0 total bytes 10002528 in_flight now 0 fair_inc 262694 prop_inc 66385 fast_inc 0 eta_inc 200852 multi_dec -476972 quick_dec --1940 nack_dec -190900
Flow Uec_687_58 flowId 604 uecSrc 603 finished at 6459.51 total messages 1 total packets 2448 RTS 0 total bytes 10002528 in_flight now 0 fair_inc 319158 prop_inc 6625 fast_inc 0 eta_inc 189528 multi_dec -547313 quick_dec -2462 nack_dec -190900
Flow Uec_655_99 flowId 614 uecSrc 613 finished at 6460.94 total messages 1 total packets 2448 RTS 0 total bytes 10002528 in_flight now 0 fair_inc 253204 prop_inc 10631 fast_inc 0 eta_inc 185356 multi_dec -424164 quick_dec -99669 nack_dec -149400
Flow Uec_705_170 flowId 361 uecSrc 360 finished at 6461.83 total messages 1 total packets 2448 RTS 0 total bytes 10002528 in_flight now 0 fair_inc 404435 prop_inc 35127 fast_inc 0 eta_inc 185356 multi_dec -623571 quick_dec -74981 nack_dec -161850
Flow Uec_642_9 flowId 474 uecSrc 473 finished at 6462.64 total messages 1 total packets 2448 RTS 0 total bytes 10002528 in_flight now 0 fair_inc 378354 prop_inc 15740 fast_inc 0 eta_inc 190124 multi_dec -617179 quick_dec -1692 nack_dec -182600
Flow Uec_654_44 flowId 348 uecSrc 347 finished at 6482.58 total messages 1 total packets 2448 RTS 0 total bytes 10002528 in_flight now 0 fair_inc 279287 prop_inc 12628 fast_inc 0 eta_inc 184760 multi_dec -497656 quick_dec -99708 nack_dec -153550
Flow Uec_363_890 flowId 606 uecSrc 605 finished at 6483.76 total messages 1 total packets 2448 RTS 0 total bytes 10002528 in_flight now 0 fair_inc 336289 prop_inc 22255 fast_inc 0 eta_inc 197872 multi_dec -553012 quick_dec -4314 nack_dec -190900
Flow Uec_207_731 flowId 824 uecSrc 823 finished at 6494.93 total messages 1 total packets 2448 RTS 0 total bytes 10002528 in_flight now 0 fair_inc 365588 prop_inc 70395 fast_inc 0 eta_inc 188932 multi_dec -592847 quick_dec -89717 nack_dec -166000
Flow Uec_877_207 flowId 34 uecSrc 33 finished at 6498.24 total messages 1 total packets 2448 RTS 0 total bytes 10002528 in_flight now 0 fair_inc 331006 prop_inc 64919 fast_inc 0 eta_inc 204428 multi_dec -556305 quick_dec -1654 nack_dec -195050
Flow Uec_371_896 flowId 464 uecSrc 463 finished at 6502.51 total messages 1 total packets 2448 RTS 0 total bytes 10002528 in_flight now 0 fair_inc 360054 prop_inc 67964 fast_inc 0 eta_inc 188932 multi_dec -591393 quick_dec -83304 nack_dec -166000
6502.91 flowid 668 Spurious 19
Flow Uec_739_190 flowId 488 uecSrc 487 finished at 6507.19 total messages 1 total packets 2448 RTS 0 total bytes 10002528 in_flight now 0 fair_inc 261294 prop_inc 56136 fast_inc 0 eta_inc 193700 multi_dec -443119 quick_dec -95721 nack_dec -157700
Flow Uec_660_97 flowId 767 uecSrc 766 finished at 6513.51 total messages 1 total packets 2448 RTS 0 total bytes 10002528 in_flight now 0 fair_inc 393458 prop_inc 43809 fast_inc 0 eta_inc 196680 multi_dec -606751 quick_dec -28801 nack_dec -190900
Flow Uec_1093_426 flowId 8 uecSrc 7 finished at 6514.42 total messages 1 total packets 2448 RTS 0 total bytes 10002528 in_flight now 0 fair_inc 396575 prop_inc 8973 fast_inc 0 eta_inc 187144 multi_dec -631726 quick_dec -5512 nack_dec -190900
Flow Uec_396_898 flowId 7 uecSrc 6 finished at 6516 total messages 1 total packets 2448 RTS 0 total bytes 10002528 in_flight now 0 fair_inc 365133 prop_inc 57793 fast_inc 0 eta_inc 201448 multi_dec -601319 quick_dec --2718 nack_dec -195050
Flow Uec_347_874 flowId 689 uecSrc 688 finished at 6519.45 total messages 1 total packets 2448 RTS 0 total bytes 10002528 in_flight now 0 fair_inc 328869 prop_inc 62182 fast_inc 0 eta_inc 193700 multi_dec -563873 quick_dec -1044 nack_dec -170150
Flow Uec_758_144 flowId 22 uecSrc 21 finished at 6520 total messages 1 total packets 2448 RTS 0 total bytes 10002528 in_flight now 0 fair_inc 370683 prop_inc 67717 fast_inc 0 eta_inc 189528 multi_dec -598088 quick_dec -99455 nack_dec -182600
Flow Uec_668_50 flowId 170 uecSrc 169 finished at 6520.22 total messages 1 total packets 2448 RTS 0 total bytes 10002528 in_flight now 0 fair_inc 345580 prop_inc 49262 fast_inc 0 eta_inc 187740 multi_dec -553036 quick_dec -83347 nack_dec -170150
Flow Uec_721_194 flowId 709 uecSrc 708 finished at 6523.45 total messages 1 total packets 2448 RTS 0 total bytes 10002528 in_flight now 0 fair_inc 406202 prop_inc 65645 fast_inc 0 eta_inc 189528 multi_dec -628648 quick_dec -93260 nack_dec -178450
Flow Uec_954_369 flowId 453 uecSrc 452 finished at 6524.65 total messages 1 total packets 2448 RTS 0 total bytes 10002528 in_flight now 0 fair_inc 273867 prop_inc 110055 fast_inc 82837 eta_inc 197276 multi_dec -476091 quick_dec --246 nack_dec -182600
Flow Uec_850_288 flowId 571 uecSrc 570 finished at 6524.73 total messages 1 total packets 2448 RTS 0 total bytes 10002528 in_flight now 0 fair_inc 332933 prop_inc 79165 fast_inc 0 eta_inc 193104 multi_dec -551603 quick_dec -75967 nack_dec -170150
Flow Uec_177_637 flowId 676 uecSrc 675 finished at 6525.35 total messages 1 total packets 2448 RTS 0 total bytes 10002528 in_flight now 0 fair_inc 318026 prop_inc 104201 fast_inc 0 eta_inc 192508 multi_dec -523271 quick_dec -52208 nack_dec -161850
Flow Uec_780_164 flowId 620 uecSrc 619 finished at 6525.98 total messages 1 total packets 2448 RTS 0 total bytes 10002528 in_flight now 0 fair_inc 294595 prop_inc 180202 fast_inc 0 eta_inc 193104 multi_dec -514135 quick_dec -109050 nack_dec -132800
Flow Uec_375_891 flowId 738 uecSrc 737 finished at 6526.29 total messages 1 total packets 2448 RTS 0 total bytes 10002528 in_flight now 0 fair_inc 396819 prop_inc 41958 fast_inc 0 eta_inc 187740 multi_dec -632266 quick_dec -71886 nack_dec -174300
Flow Uec_331_838 flowId 712 uecSrc 711 finished at 6526.97 total messages 1 total packets 2448 RTS 0 total bytes 10002528 in_flight now 0 fair_inc 387540 prop_inc 47764 fast_inc 0 eta_inc 187740 multi_dec -602949 quick_dec -98323 nack_dec -157700
Flow Uec_1038_411 flowId 687 uecSrc 686 finished at 6527.17 total messages 1 total packets 2448 RTS 0 total bytes 10002528 in_flight now 0 fair_inc 324010 prop_inc 15164 fast_inc 0 eta_inc 193700 multi_dec -568407 quick_dec -2682 nack_dec -195050
Flow Uec_386_806 flowId 69 uecSrc 68 finished at 6528.08 total messages 1 total packets 2448 RTS 0 total bytes 10002528 in_flight now 0 fair_inc 343545 prop_inc 81847 fast_inc 0 eta_inc 190124 multi_dec -587695 quick_dec -93587 nack_dec -161850
Flow Uec_724_139 flowId 256 uecSrc 255 finished at 6529.9 total messages 1 total packets 2448 RTS 0 total bytes 10002528 in_flight now 0 fair_inc 427859 prop_inc 55435 fast_inc 0 eta_inc 190720 multi_dec -666151 quick_dec -117581 nack_dec -132800
Flow Uec_1053_429 flowId 775 uecSrc 774 finished at 6530.67 total messages 1 total packets 2448 RTS 0 total bytes 10002528 in_flight now 0 fair_inc 337713 prop_inc 136740 fast_inc 0 eta_inc 194296 multi_dec -633833 quick_dec --1071 nack_dec -141100
Flow Uec_923_332 flowId 559 uecSrc 558 finished at 6531.5 total messages 1 total packets 2448 RTS 0 total bytes 10002528 in_flight now 0 fair_inc 323377 prop_inc 116971 fast_inc 0 eta_inc 196680 multi_dec -554687 quick_dec -87300 nack_dec -174300
Flow Uec_891_221 flowId 823 uecSrc 822 finished at 6531.63 total messages 1 total packets 2448 RTS 0 total bytes 10002528 in_flight now 0 fair_inc 319015 prop_inc 124661 fast_inc 0 eta_inc 191912 multi_dec -535484 quick_dec -76364 nack_dec -157700
Flow Uec_229_725 flowId 195 uecSrc 194 finished at 6532.66 total messages 1 total packets 2448 RTS 0 total bytes 10002528 in_flight now 0 fair_inc 285447 prop_inc 85381 fast_inc 52927 eta_inc 191316 multi_dec -543022 quick_dec -1926 nack_dec -161850
Flow Uec_216_750 flowId 740 uecSrc 739 finished at 6535.28 total messages 1 total packets 2448 RTS 0 total bytes 10002528 in_flight now 0 fair_inc 348742 prop_inc 130040 fast_inc 0 eta_inc 190720 multi_dec -570122 quick_dec -32153 nack_dec -182600
Flow Uec_294_741 flowId 263 uecSrc 262 finished at 6543.17 total messages 1 total packets 2448 RTS 0 total bytes 10002528 in_flight now 0 fair_inc 308623 prop_inc 186793 fast_inc 0 eta_inc 192508 multi_dec -528759 quick_dec -75047 nack_dec -153550
Flow Uec_753_153 flowId 201 uecSrc 200 finished at 6556.28 total messages 1 total packets 2448 RTS 0 total bytes 10002528 in_flight now 0 fair_inc 343872 prop_inc 72285 fast_inc 90305 eta_inc 194296 multi_dec -611523 quick_dec -11133 nack_dec -136950
Flow Uec_565_1098 flowId 679 uecSrc 678 finished at 6592.72 total messages 1 total packets 2448 RTS 0 total bytes 10002528 in_flight now 0 fair_inc 315392 prop_inc 14184 fast_inc 0 eta_inc 188932 multi_dec -547627 quick_dec -83642 nack_dec -182600
Flow Uec_258_736 flowId 445 uecSrc 444 finished at 6607.3 total messages 1 total packets 2448 RTS 0 total bytes 10002528 in_flight now 0 fair_inc 370018 prop_inc 8322 fast_inc 0 eta_inc 189528 multi_dec -627803 quick_dec -4746 nack_dec -186750
6612.93 flowid 668 Spurious 19
Flow Uec_486_967 flowId 683 uecSrc 682 finished at 6624.61 total messages 1 total packets 2448 RTS 0 total bytes 10002528 in_flight now 0 fair_inc 372415 prop_inc 15507 fast_inc 0 eta_inc 196084 multi_dec -640760 quick_dec -14562 nack_dec -178450
Flow Uec_629_91 flowId 818 uecSrc 817 finished at 6647.48 total messages 1 total packets 2448 RTS 0 total bytes 10002528 in_flight now 0 fair_inc 309008 prop_inc 23749 fast_inc 0 eta_inc 206216 multi_dec -540642 quick_dec -8647 nack_dec -195050
Flow Uec_509_1015 flowId 51 uecSrc 50 finished at 6667.02 total messages 1 total packets 2453 RTS 5 total bytes 10002528 in_flight now 0 fair_inc 2608 prop_inc 25048 fast_inc 6061 eta_inc 129332 multi_dec -0 quick_dec -140851 nack_dec -83000
Flow Uec_689_47 flowId 338 uecSrc 337 finished at 6673.31 total messages 1 total packets 2448 RTS 0 total bytes 10002528 in_flight now 0 fair_inc 296194 prop_inc 10098 fast_inc 0 eta_inc 197872 multi_dec -549347 quick_dec -2326 nack_dec -178450
Flow Uec_659_2 flowId 443 uecSrc 442 finished at 6673.91 total messages 1 total packets 2448 RTS 0 total bytes 10002528 in_flight now 0 fair_inc 290739 prop_inc 27089 fast_inc 0 eta_inc 191912 multi_dec -512700 quick_dec --7357 nack_dec -203350
Flow Uec_620_81 flowId 573 uecSrc 572 finished at 6678.59 total messages 1 total packets 2448 RTS 0 total bytes 10002528 in_flight now 0 fair_inc 418998 prop_inc 7987 fast_inc 0 eta_inc 190124 multi_dec -662589 quick_dec -83347 nack_dec -166000
Flow Uec_677_96 flowId 187 uecSrc 186 finished at 6681.89 total messages 1 total packets 2448 RTS 0 total bytes 10002528 in_flight now 0 fair_inc 384984 prop_inc 14254 fast_inc 0 eta_inc 197276 multi_dec -625093 quick_dec -51629 nack_dec -182600
Flow Uec_1008_494 flowId 62 uecSrc 61 finished at 6688.25 total messages 1 total packets 2448 RTS 0 total bytes 10002528 in_flight now 0 fair_inc 392127 prop_inc 10801 fast_inc 0 eta_inc 194296 multi_dec -656226 quick_dec --3294 nack_dec -195050
Flow Uec_643_7 flowId 657 uecSrc 656 finished at 6691.97 total messages 1 total packets 2448 RTS 0 total bytes 10002528 in_flight now 0 fair_inc 311911 prop_inc 24460 fast_inc 0 eta_inc 191316 multi_dec -523919 quick_dec -83412 nack_dec -174300
Flow Uec_1019_435 flowId 765 uecSrc 764 finished at 6708.24 total messages 1 total packets 2448 RTS 0 total bytes 10002528 in_flight now 0 fair_inc 305599 prop_inc 15087 fast_inc 0 eta_inc 191316 multi_dec -530288 quick_dec -125127 nack_dec -132800
Flow Uec_221_794 flowId 595 uecSrc 594 finished at 6717.88 total messages 1 total packets 2448 RTS 0 total bytes 10002528 in_flight now 0 fair_inc 426301 prop_inc 6793 fast_inc 0 eta_inc 191316 multi_dec -674437 quick_dec -91647 nack_dec -166000
Flow Uec_1017_433 flowId 221 uecSrc 220 finished at 6721.25 total messages 1 total packets 2448 RTS 0 total bytes 10002528 in_flight now 0 fair_inc 346671 prop_inc 13221 fast_inc 0 eta_inc 194296 multi_dec -571661 quick_dec --3207 nack_dec -207500
Flow Uec_450_963 flowId 1 uecSrc 0 finished at 6722.68 total messages 1 total packets 2448 RTS 0 total bytes 10002528 in_flight now 0 fair_inc 359458 prop_inc 12993 fast_inc 0 eta_inc 192508 multi_dec -621444 quick_dec -12570 nack_dec -178450
6731.12 flowid 668 Spurious 19
Flow Uec_644_31 flowId 131 uecSrc 130 finished at 6733.31 total messages 1 total packets 2448 RTS 0 total bytes 10002528 in_flight now 0 fair_inc 415762 prop_inc 14034 fast_inc 0 eta_inc 192508 multi_dec -655001 quick_dec -6773 nack_dec -186750
Flow Uec_476_914 flowId 247 uecSrc 246 finished at 6733.93 total messages 1 total packets 2448 RTS 0 total bytes 10002528 in_flight now 0 fair_inc 421798 prop_inc 7843 fast_inc 0 eta_inc 192508 multi_dec -668474 quick_dec -79714 nack_dec -182600
Flow Uec_916_381 flowId 157 uecSrc 156 finished at 6760.99 total messages 1 total packets 2448 RTS 0 total bytes 10002528 in_flight now 0 fair_inc 365127 prop_inc 7416 fast_inc 0 eta_inc 197276 multi_dec -643792 quick_dec -7721 nack_dec -170150
Flow Uec_276_740 flowId 776 uecSrc 775 finished at 6782.86 total messages 1 total packets 2448 RTS 0 total bytes 10002528 in_flight now 0 fair_inc 433939 prop_inc 5816 fast_inc 0 eta_inc 198468 multi_dec -691173 quick_dec -29397 nack_dec -190900
Flow Uec_432_934 flowId 644 uecSrc 643 finished at 6790.5 total messages 1 total packets 2448 RTS 0 total bytes 10002528 in_flight now 0 fair_inc 372724 prop_inc 16766 fast_inc 0 eta_inc 200256 multi_dec -670715 quick_dec -280 nack_dec -149400
Flow Uec_124_618 flowId 281 uecSrc 280 finished at 6794.19 total messages 1 total packets 2448 RTS 0 total bytes 10002528 in_flight now 0 fair_inc 405124 prop_inc 11732 fast_inc 0 eta_inc 193700 multi_dec -674378 quick_dec -12450 nack_dec -203350
Flow Uec_1048_412 flowId 259 uecSrc 258 finished at 6836.92 total messages 1 total packets 2448 RTS 0 total bytes 10002528 in_flight now 0 fair_inc 326361 prop_inc 17335 fast_inc 0 eta_inc 200852 multi_dec -574690 quick_dec -3901 nack_dec -195050
Flow Uec_244_790 flowId 421 uecSrc 420 finished at 6839.56 total messages 1 total packets 2448 RTS 0 total bytes 10002528 in_flight now 0 fair_inc 381610 prop_inc 6634 fast_inc 0 eta_inc 196084 multi_dec -618549 quick_dec --7060 nack_dec -207500
Flow Uec_686_15 flowId 167 uecSrc 166 finished at 6844.39 total messages 1 total packets 2448 RTS 0 total bytes 10002528 in_flight now 0 fair_inc 394446 prop_inc 12021 fast_inc 0 eta_inc 195488 multi_dec -654676 quick_dec -96393 nack_dec -170150
6845.66 flowid 668 Spurious 19
Flow Uec_610_20 flowId 93 uecSrc 92 finished at 6856.32 total messages 1 total packets 2448 RTS 0 total bytes 10002528 in_flight now 0 fair_inc 371736 prop_inc 20379 fast_inc 0 eta_inc 196680 multi_dec -636640 quick_dec -3382 nack_dec -186750
Flow Uec_716_148 flowId 649 uecSrc 648 finished at 6875.14 total messages 1 total packets 2448 RTS 0 total bytes 10002528 in_flight now 0 fair_inc 421946 prop_inc 11843 fast_inc 0 eta_inc 195488 multi_dec -677384 quick_dec -103433 nack_dec -153550
Flow Uec_419_906 flowId 819 uecSrc 818 finished at 6877.52 total messages 1 total packets 2448 RTS 0 total bytes 10002528 in_flight now 0 fair_inc 426512 prop_inc 13334 fast_inc 0 eta_inc 196680 multi_dec -697807 quick_dec -73311 nack_dec -186750
Flow Uec_997_368 flowId 428 uecSrc 427 finished at 6887.34 total messages 1 total packets 2448 RTS 0 total bytes 10002528 in_flight now 0 fair_inc 430462 prop_inc 3546 fast_inc 0 eta_inc 196084 multi_dec -688011 quick_dec -75907 nack_dec -166000
Flow Uec_914_376 flowId 341 uecSrc 340 finished at 6911.01 total messages 1 total packets 2448 RTS 0 total bytes 10002528 in_flight now 0 fair_inc 320582 prop_inc 13262 fast_inc 0 eta_inc 202640 multi_dec -555559 quick_dec -99444 nack_dec -178450
Flow Uec_1096_476 flowId 693 uecSrc 692 finished at 6914.66 total messages 1 total packets 2448 RTS 0 total bytes 10002528 in_flight now 0 fair_inc 389188 prop_inc 17738 fast_inc 0 eta_inc 202044 multi_dec -625491 quick_dec -4497 nack_dec -190900
Flow Uec_214_708 flowId 703 uecSrc 702 finished at 6928.53 total messages 1 total packets 2448 RTS 0 total bytes 10002528 in_flight now 0 fair_inc 416162 prop_inc 10433 fast_inc 0 eta_inc 203832 multi_dec -666121 quick_dec -4723 nack_dec -170150
Flow Uec_922_390 flowId 494 uecSrc 493 finished at 6937.14 total messages 1 total packets 2448 RTS 0 total bytes 10002528 in_flight now 0 fair_inc 412458 prop_inc 7684 fast_inc 0 eta_inc 197276 multi_dec -650529 quick_dec -84197 nack_dec -157700
Flow Uec_539_1070 flowId 300 uecSrc 299 finished at 6938.12 total messages 1 total packets 2448 RTS 0 total bytes 10002528 in_flight now 0 fair_inc 312502 prop_inc 26412 fast_inc 0 eta_inc 200852 multi_dec -578809 quick_dec -96146 nack_dec -170150
Flow Uec_429_958 flowId 538 uecSrc 537 finished at 6947.37 total messages 1 total packets 2448 RTS 0 total bytes 10002528 in_flight now 0 fair_inc 319673 prop_inc 19791 fast_inc 0 eta_inc 198468 multi_dec -553103 quick_dec -80045 nack_dec -166000
Flow Uec_985_329 flowId 764 uecSrc 763 finished at 6950.32 total messages 1 total packets 2448 RTS 0 total bytes 10002528 in_flight now 0 fair_inc 383003 prop_inc 12839 fast_inc 0 eta_inc 203236 multi_dec -691470 quick_dec --3179 nack_dec -166000
6961.2 flowid 668 Spurious 19
Flow Uec_613_79 flowId 675 uecSrc 674 finished at 6983.3 total messages 1 total packets 2448 RTS 0 total bytes 10002528 in_flight now 0 fair_inc 287553 prop_inc 14681 fast_inc 0 eta_inc 203832 multi_dec -551872 quick_dec -4899 nack_dec -174300
Flow Uec_993_393 flowId 142 uecSrc 141 finished at 6993.92 total messages 1 total packets 2448 RTS 0 total bytes 10002528 in_flight now 0 fair_inc 356780 prop_inc 8842 fast_inc 0 eta_inc 199660 multi_dec -589043 quick_dec -67496 nack_dec -166000
Flow Uec_1070_430 flowId 301 uecSrc 300 finished at 7012.47 total messages 1 total packets 2448 RTS 0 total bytes 10002528 in_flight now 0 fair_inc 328032 prop_inc 36865 fast_inc 0 eta_inc 205024 multi_dec -556928 quick_dec -16351 nack_dec -199200
Flow Uec_1041_402 flowId 478 uecSrc 477 finished at 7015.73 total messages 1 total packets 2448 RTS 0 total bytes 10002528 in_flight now 0 fair_inc 329463 prop_inc 14792 fast_inc 0 eta_inc 202640 multi_dec -662754 quick_dec --691 nack_dec -145250
Flow Uec_1091_469 flowId 347 uecSrc 346 finished at 7027.38 total messages 1 total packets 2448 RTS 0 total bytes 10002528 in_flight now 0 fair_inc 230976 prop_inc 15232 fast_inc 0 eta_inc 198468 multi_dec -464749 quick_dec -72993 nack_dec -186750
Flow Uec_651_73 flowId 660 uecSrc 659 finished at 7028.91 total messages 1 total packets 2448 RTS 0 total bytes 10002528 in_flight now 0 fair_inc 379343 prop_inc 10994 fast_inc 0 eta_inc 200852 multi_dec -608575 quick_dec -62597 nack_dec -182600
Flow Uec_600_14 flowId 658 uecSrc 657 finished at 7030.75 total messages 1 total packets 2448 RTS 0 total bytes 10002528 in_flight now 0 fair_inc 395559 prop_inc 12635 fast_inc 0 eta_inc 203832 multi_dec -639529 quick_dec -64086 nack_dec -174300
Flow Uec_283_757 flowId 467 uecSrc 466 finished at 7035.1 total messages 1 total packets 2448 RTS 0 total bytes 10002528 in_flight now 0 fair_inc 408661 prop_inc 11121 fast_inc 0 eta_inc 200256 multi_dec -689507 quick_dec -12738 nack_dec -186750
Flow Uec_480_903 flowId 624 uecSrc 623 finished at 7035.64 total messages 1 total packets 2448 RTS 0 total bytes 10002528 in_flight now 0 fair_inc 396348 prop_inc 11194 fast_inc 0 eta_inc 201448 multi_dec -662306 quick_dec -58651 nack_dec -170150
Flow Uec_403_927 flowId 552 uecSrc 551 finished at 7046.01 total messages 1 total packets 2448 RTS 0 total bytes 10002528 in_flight now 0 fair_inc 223374 prop_inc 18843 fast_inc 0 eta_inc 198468 multi_dec -473486 quick_dec -91647 nack_dec -178450
Flow Uec_295_776 flowId 455 uecSrc 454 finished at 7049.84 total messages 1 total packets 2448 RTS 0 total bytes 10002528 in_flight now 0 fair_inc 394770 prop_inc 14963 fast_inc 0 eta_inc 208600 multi_dec -636817 quick_dec -12363 nack_dec -178450
Flow Uec_1058_460 flowId 716 uecSrc 715 finished at 7057.64 total messages 1 total packets 2448 RTS 0 total bytes 10002528 in_flight now 0 fair_inc 404122 prop_inc 14445 fast_inc 0 eta_inc 203236 multi_dec -659554 quick_dec -25843 nack_dec -170150
Flow Uec_105_659 flowId 78 uecSrc 77 finished at 7061.58 total messages 1 total packets 2448 RTS 0 total bytes 10002528 in_flight now 0 fair_inc 394812 prop_inc 12780 fast_inc 0 eta_inc 200852 multi_dec -644912 quick_dec -3901 nack_dec -224100
Flow Uec_271_788 flowId 186 uecSrc 185 finished at 7070.56 total messages 1 total packets 2448 RTS 0 total bytes 10002528 in_flight now 0 fair_inc 406487 prop_inc 12562 fast_inc 0 eta_inc 202640 multi_dec -622983 quick_dec -70897 nack_dec -161850
Flow Uec_634_66 flowId 317 uecSrc 316 finished at 7071.75 total messages 1 total packets 2448 RTS 0 total bytes 10002528 in_flight now 0 fair_inc 401090 prop_inc 14103 fast_inc 0 eta_inc 202640 multi_dec -661434 quick_dec -59423 nack_dec -174300
Flow Uec_400_966 flowId 79 uecSrc 78 finished at 7077.87 total messages 1 total packets 2448 RTS 0 total bytes 10002528 in_flight now 0 fair_inc 311699 prop_inc 13789 fast_inc 0 eta_inc 200256 multi_dec -574500 quick_dec -88462 nack_dec -182600
Flow Uec_645_51 flowId 329 uecSrc 328 finished at 7088.1 total messages 1 total packets 2448 RTS 0 total bytes 10002528 in_flight now 0 fair_inc 343258 prop_inc 7938 fast_inc 0 eta_inc 208004 multi_dec -631252 quick_dec -5670 nack_dec -170150
Flow Uec_639_6 flowId 437 uecSrc 436 finished at 7091.22 total messages 1 total packets 2448 RTS 0 total bytes 10002528 in_flight now 0 fair_inc 457815 prop_inc 5274 fast_inc 0 eta_inc 202044 multi_dec -723452 quick_dec -60996 nack_dec -166000
Flow Uec_905_308 flowId 387 uecSrc 386 finished at 7096.3 total messages 1 total packets 2448 RTS 0 total bytes 10002528 in_flight now 0 fair_inc 331559 prop_inc 11428 fast_inc 0 eta_inc 205024 multi_dec -552152 quick_dec -9084 nack_dec -178450
Flow Uec_678_38 flowId 313 uecSrc 312 finished at 7100.6 total messages 1 total packets 2448 RTS 0 total bytes 10002528 in_flight now 0 fair_inc 380349 prop_inc 17595 fast_inc 0 eta_inc 203832 multi_dec -603613 quick_dec -82194 nack_dec -166000
Flow Uec_576_1029 flowId 403 uecSrc 402 finished at 7103.47 total messages 1 total packets 2448 RTS 0 total bytes 10002528 in_flight now 0 fair_inc 310504 prop_inc 24578 fast_inc 0 eta_inc 204428 multi_dec -587388 quick_dec -48369 nack_dec -145250
Flow Uec_471_904 flowId 279 uecSrc 278 finished at 7103.5 total messages 1 total packets 2448 RTS 0 total bytes 10002528 in_flight now 0 fair_inc 400853 prop_inc 9245 fast_inc 0 eta_inc 212176 multi_dec -663570 quick_dec -32090 nack_dec -195050
Flow Uec_604_67 flowId 796 uecSrc 795 finished at 7108.7 total messages 1 total packets 2448 RTS 0 total bytes 10002528 in_flight now 0 fair_inc 340881 prop_inc 22558 fast_inc 0 eta_inc 205024 multi_dec -571601 quick_dec -77418 nack_dec -157700
7115.71 flowid 668 Spurious 23
Flow Uec_1063_421 flowId 540 uecSrc 539 finished at 7119.13 total messages 1 total packets 2448 RTS 0 total bytes 10002528 in_flight now 0 fair_inc 404269 prop_inc 9504 fast_inc 0 eta_inc 202044 multi_dec -651987 quick_dec -11922 nack_dec -199200
7129.3 flowid 206 Spurious 646
Flow Uec_420_908 flowId 228 uecSrc 227 finished at 7131.76 total messages 1 total packets 2448 RTS 0 total bytes 10002528 in_flight now 0 fair_inc 391744 prop_inc 21880 fast_inc 0 eta_inc 204428 multi_dec -656186 quick_dec -79197 nack_dec -174300
Flow Uec_454_944 flowId 150 uecSrc 149 finished at 7132.97 total messages 1 total packets 2448 RTS 0 total bytes 10002528 in_flight now 0 fair_inc 289573 prop_inc 13198 fast_inc 0 eta_inc 201448 multi_dec -551357 quick_dec -100711 nack_dec -161850
Flow Uec_384_831 flowId 397 uecSrc 396 finished at 7166.25 total messages 1 total packets 2448 RTS 0 total bytes 10002528 in_flight now 0 fair_inc 321803 prop_inc 17302 fast_inc 0 eta_inc 207408 multi_dec -624951 quick_dec -5294 nack_dec -174300
Flow Uec_630_88 flowId 475 uecSrc 474 finished at 7179.45 total messages 1 total packets 2448 RTS 0 total bytes 10002528 in_flight now 0 fair_inc 404471 prop_inc 15033 fast_inc 0 eta_inc 206216 multi_dec -631655 quick_dec -68704 nack_dec -182600
Flow Uec_1005_405 flowId 13 uecSrc 12 finished at 7180.86 total messages 1 total packets 2448 RTS 0 total bytes 10002528 in_flight now 0 fair_inc 351749 prop_inc 15240 fast_inc 0 eta_inc 203236 multi_dec -604426 quick_dec -8252 nack_dec -207500
Flow Uec_624_74 flowId 555 uecSrc 554 finished at 7187.4 total messages 1 total packets 2448 RTS 0 total bytes 10002528 in_flight now 0 fair_inc 394769 prop_inc 41139 fast_inc 0 eta_inc 206812 multi_dec -646546 quick_dec -47028 nack_dec -178450
Flow Uec_675_61 flowId 562 uecSrc 561 finished at 7190.5 total messages 1 total packets 2448 RTS 0 total bytes 10002528 in_flight now 0 fair_inc 251683 prop_inc 54589 fast_inc 0 eta_inc 213964 multi_dec -544782 quick_dec -2490 nack_dec -166000
Flow Uec_653_63 flowId 376 uecSrc 375 finished at 7191.2 total messages 1 total packets 2448 RTS 0 total bytes 10002528 in_flight now 0 fair_inc 398645 prop_inc 13836 fast_inc 0 eta_inc 211580 multi_dec -664078 quick_dec -80003 nack_dec -166000
Flow Uec_477_980 flowId 183 uecSrc 182 finished at 7193.94 total messages 1 total packets 2448 RTS 0 total bytes 10002528 in_flight now 0 fair_inc 416262 prop_inc 10659 fast_inc 0 eta_inc 206812 multi_dec -655355 quick_dec -64669 nack_dec -182600
Flow Uec_1052_445 flowId 739 uecSrc 738 finished at 7212.51 total messages 1 total packets 2448 RTS 0 total bytes 10002528 in_flight now 0 fair_inc 430431 prop_inc 57450 fast_inc 0 eta_inc 210984 multi_dec -694318 quick_dec -83511 nack_dec -141100
Flow Uec_1083_424 flowId 570 uecSrc 569 finished at 7215.14 total messages 1 total packets 2448 RTS 0 total bytes 10002528 in_flight now 0 fair_inc 521450 prop_inc 12436 fast_inc 0 eta_inc 206216 multi_dec -794130 quick_dec -74622 nack_dec -190900
Flow Uec_621_5 flowId 185 uecSrc 184 finished at 7215.75 total messages 1 total packets 2448 RTS 0 total bytes 10002528 in_flight now 0 fair_inc 376034 prop_inc 43351 fast_inc 0 eta_inc 209196 multi_dec -620016 quick_dec -41251 nack_dec -203350
Flow Uec_485_911 flowId 72 uecSrc 71 finished at 7229.92 total messages 1 total packets 2448 RTS 0 total bytes 10002528 in_flight now 0 fair_inc 385902 prop_inc 17759 fast_inc 0 eta_inc 208600 multi_dec -627159 quick_dec -67406 nack_dec -166000
7232.24 flowid 668 Spurious 23
Flow Uec_702_179 flowId 558 uecSrc 557 finished at 7235.16 total messages 1 total packets 2448 RTS 0 total bytes 10002528 in_flight now 0 fair_inc 387513 prop_inc 13789 fast_inc 0 eta_inc 207408 multi_dec -659958 quick_dec --4486 nack_dec -199200
Flow Uec_444_987 flowId 379 uecSrc 378 finished at 7236.41 total messages 1 total packets 2448 RTS 0 total bytes 10002528 in_flight now 0 fair_inc 340755 prop_inc 24090 fast_inc 0 eta_inc 213964 multi_dec -599864 quick_dec -4377 nack_dec -157700
Flow Uec_983_361 flowId 189 uecSrc 188 finished at 7245.41 total messages 1 total packets 2448 RTS 0 total bytes 10002528 in_flight now 0 fair_inc 389557 prop_inc 18287 fast_inc 0 eta_inc 211580 multi_dec -639606 quick_dec -1426 nack_dec -178450
Flow Uec_1016_463 flowId 234 uecSrc 233 finished at 7245.53 total messages 1 total packets 2448 RTS 0 total bytes 10002528 in_flight now 0 fair_inc 425701 prop_inc 12671 fast_inc 0 eta_inc 208004 multi_dec -673060 quick_dec -108642 nack_dec -161850
Flow Uec_966_307 flowId 589 uecSrc 588 finished at 7254.93 total messages 1 total packets 2448 RTS 0 total bytes 10002528 in_flight now 0 fair_inc 364213 prop_inc 21423 fast_inc 0 eta_inc 210388 multi_dec -608979 quick_dec --480 nack_dec -190900
Flow Uec_635_11 flowId 756 uecSrc 755 finished at 7259.01 total messages 1 total packets 2448 RTS 0 total bytes 10002528 in_flight now 0 fair_inc 400011 prop_inc 13790 fast_inc 0 eta_inc 207408 multi_dec -644491 quick_dec -66352 nack_dec -161850
Flow Uec_154_682 flowId 171 uecSrc 170 finished at 7269.54 total messages 1 total packets 2448 RTS 0 total bytes 10002528 in_flight now 0 fair_inc 406901 prop_inc 16418 fast_inc 0 eta_inc 210984 multi_dec -684698 quick_dec --3803 nack_dec -203350
Flow Uec_636_78 flowId 29 uecSrc 28 finished at 7275.41 total messages 1 total packets 2448 RTS 0 total bytes 10002528 in_flight now 0 fair_inc 409593 prop_inc 10219 fast_inc 0 eta_inc 208004 multi_dec -625170 quick_dec -59259 nack_dec -161850
Flow Uec_226_706 flowId 771 uecSrc 770 finished at 7281.7 total messages 1 total packets 2448 RTS 0 total bytes 10002528 in_flight now 0 fair_inc 407063 prop_inc 54909 fast_inc 0 eta_inc 213964 multi_dec -694947 quick_dec -5257 nack_dec -170150
Flow Uec_1050_493 flowId 714 uecSrc 713 finished at 7289.95 total messages 1 total packets 2448 RTS 0 total bytes 10002528 in_flight now 0 fair_inc 407793 prop_inc 35747 fast_inc 0 eta_inc 209792 multi_dec -649329 quick_dec -107668 nack_dec -145250
Flow Uec_606_70 flowId 242 uecSrc 241 finished at 7293.88 total messages 1 total packets 2448 RTS 0 total bytes 10002528 in_flight now 0 fair_inc 355933 prop_inc 81735 fast_inc 0 eta_inc 212772 multi_dec -617112 quick_dec -84552 nack_dec -157700
Flow Uec_482_948 flowId 53 uecSrc 52 finished at 7301.23 total messages 1 total packets 2448 RTS 0 total bytes 10002528 in_flight now 0 fair_inc 437844 prop_inc 45880 fast_inc 0 eta_inc 210388 multi_dec -678511 quick_dec -71546 nack_dec -166000
Flow Uec_671_85 flowId 451 uecSrc 450 finished at 7308.21 total messages 1 total packets 2448 RTS 0 total bytes 10002528 in_flight now 0 fair_inc 324841 prop_inc 33956 fast_inc 0 eta_inc 213964 multi_dec -558846 quick_dec -5093 nack_dec -199200
Flow Uec_411_928 flowId 237 uecSrc 236 finished at 7321.89 total messages 1 total packets 2448 RTS 0 total bytes 10002528 in_flight now 0 fair_inc 390827 prop_inc 41594 fast_inc 0 eta_inc 211580 multi_dec -627977 quick_dec -80156 nack_dec -182600
Flow Uec_949_336 flowId 572 uecSrc 571 finished at 7325.94 total messages 1 total packets 2448 RTS 0 total bytes 10002528 in_flight now 0 fair_inc 421627 prop_inc 11985 fast_inc 0 eta_inc 218136 multi_dec -712679 quick_dec -2431 nack_dec -199200
Flow Uec_649_25 flowId 563 uecSrc 562 finished at 7328.08 total messages 1 total packets 2448 RTS 0 total bytes 10002528 in_flight now 0 fair_inc 314759 prop_inc 81857 fast_inc 0 eta_inc 218136 multi_dec -597687 quick_dec -80685 nack_dec -174300
Flow Uec_563_1078 flowId 747 uecSrc 746 finished at 7332.2 total messages 1 total packets 2448 RTS 0 total bytes 10002528 in_flight now 0 fair_inc 361110 prop_inc 26893 fast_inc 0 eta_inc 218732 multi_dec -660170 quick_dec -9520 nack_dec -190900
Flow Uec_466_983 flowId 619 uecSrc 618 finished at 7332.28 total messages 1 total packets 2448 RTS 0 total bytes 10002528 in_flight now 0 fair_inc 345088 prop_inc 47804 fast_inc 0 eta_inc 218136 multi_dec -606396 quick_dec -66151 nack_dec -186750
Flow Uec_1085_443 flowId 97 uecSrc 96 finished at 7333.52 total messages 1 total packets 2448 RTS 0 total bytes 10002528 in_flight now 0 fair_inc 460499 prop_inc 53461 fast_inc 0 eta_inc 214560 multi_dec -748287 quick_dec -84845 nack_dec -190900
Flow Uec_1055_487 flowId 635 uecSrc 634 finished at 7336.1 total messages 1 total packets 2448 RTS 0 total bytes 10002528 in_flight now 0 fair_inc 363565 prop_inc 141252 fast_inc 0 eta_inc 217540 multi_dec -647242 quick_dec -102553 nack_dec -124500
Flow Uec_270_744 flowId 109 uecSrc 108 finished at 7341.84 total messages 1 total packets 2448 RTS 0 total bytes 10002528 in_flight now 0 fair_inc 369892 prop_inc 104633 fast_inc 0 eta_inc 214560 multi_dec -625998 quick_dec -99449 nack_dec -153550
Flow Uec_1069_455 flowId 632 uecSrc 631 finished at 7342.21 total messages 1 total packets 2448 RTS 0 total bytes 10002528 in_flight now 0 fair_inc 304563 prop_inc 67111 fast_inc 0 eta_inc 212772 multi_dec -548932 quick_dec -4497 nack_dec -199200
Flow Uec_402_901 flowId 235 uecSrc 234 finished at 7344.25 total messages 1 total packets 2448 RTS 0 total bytes 10002528 in_flight now 0 fair_inc 322963 prop_inc 63816 fast_inc 69089 eta_inc 214560 multi_dec -586213 quick_dec -3064 nack_dec -182600
Flow Uec_928_348 flowId 473 uecSrc 472 finished at 7345.05 total messages 1 total packets 2448 RTS 0 total bytes 10002528 in_flight now 0 fair_inc 345478 prop_inc 90769 fast_inc 0 eta_inc 212772 multi_dec -564651 quick_dec -80613 nack_dec -174300
7347.44 flowid 668 Spurious 23
Flow Uec_605_62 flowId 786 uecSrc 785 finished at 7347.53 total messages 1 total packets 2448 RTS 0 total bytes 10002528 in_flight now 0 fair_inc 354856 prop_inc 93183 fast_inc 0 eta_inc 213964 multi_dec -635636 quick_dec -56616 nack_dec -190900
Flow Uec_688_83 flowId 526 uecSrc 525 finished at 7351.8 total messages 1 total packets 2448 RTS 0 total bytes 10002528 in_flight now 0 fair_inc 330333 prop_inc 137333 fast_inc 0 eta_inc 218732 multi_dec -638621 quick_dec -7110 nack_dec -161850
Flow Uec_663_49 flowId 176 uecSrc 175 finished at 7353.02 total messages 1 total packets 2448 RTS 0 total bytes 10002528 in_flight now 0 fair_inc 283832 prop_inc 44390 fast_inc 71108 eta_inc 218732 multi_dec -533869 quick_dec -576 nack_dec -182600
Flow Uec_673_90 flowId 154 uecSrc 153 finished at 7353.04 total messages 1 total packets 2448 RTS 0 total bytes 10002528 in_flight now 0 fair_inc 356048 prop_inc 106280 fast_inc 0 eta_inc 212772 multi_dec -614524 quick_dec -50177 nack_dec -178450
Flow Uec_632_92 flowId 752 uecSrc 751 finished at 7369.14 total messages 1 total packets 2448 RTS 0 total bytes 10002528 in_flight now 0 fair_inc 325338 prop_inc 142368 fast_inc 0 eta_inc 214560 multi_dec -571205 quick_dec -56886 nack_dec -178450
Flow Uec_756_108 flowId 541 uecSrc 540 finished at 7371.74 total messages 1 total packets 2448 RTS 0 total bytes 10002528 in_flight now 0 fair_inc 381004 prop_inc 13286 fast_inc 0 eta_inc 209792 multi_dec -656745 quick_dec -3901 nack_dec -219950
Flow Uec_927_310 flowId 342 uecSrc 341 finished at 7383.84 total messages 1 total packets 2448 RTS 0 total bytes 10002528 in_flight now 0 fair_inc 342564 prop_inc 12358 fast_inc 0 eta_inc 212176 multi_dec -612076 quick_dec -3219 nack_dec -190900
Flow Uec_457_999 flowId 601 uecSrc 600 finished at 7392.79 total messages 1 total packets 2448 RTS 0 total bytes 10002528 in_flight now 0 fair_inc 314566 prop_inc 13636 fast_inc 0 eta_inc 208004 multi_dec -585598 quick_dec -91647 nack_dec -190900
Flow Uec_224_747 flowId 258 uecSrc 257 finished at 7399.1 total messages 1 total packets 2448 RTS 0 total bytes 10002528 in_flight now 0 fair_inc 314034 prop_inc 14822 fast_inc 0 eta_inc 213964 multi_dec -592955 quick_dec -5093 nack_dec -190900
Flow Uec_368_861 flowId 182 uecSrc 181 finished at 7404.43 total messages 1 total packets 2448 RTS 0 total bytes 10002528 in_flight now 0 fair_inc 431057 prop_inc 13071 fast_inc 0 eta_inc 209792 multi_dec -734613 quick_dec -77211 nack_dec -190900
Flow Uec_1028_449 flowId 662 uecSrc 661 finished at 7422.82 total messages 1 total packets 2448 RTS 0 total bytes 10002528 in_flight now 0 fair_inc 406008 prop_inc 17070 fast_inc 0 eta_inc 211580 multi_dec -700318 quick_dec -94576 nack_dec -157700
Flow Uec_731_140 flowId 677 uecSrc 676 finished at 7436.61 total messages 1 total packets 2448 RTS 0 total bytes 10002528 in_flight now 0 fair_inc 390178 prop_inc 12455 fast_inc 0 eta_inc 211580 multi_dec -679225 quick_dec -65816 nack_dec -178450
7461.32 flowid 668 Spurious 23
Flow Uec_729_173 flowId 663 uecSrc 662 finished at 7485.55 total messages 1 total packets 2448 RTS 0 total bytes 10002528 in_flight now 0 fair_inc 390808 prop_inc 13893 fast_inc 0 eta_inc 213964 multi_dec -651684 quick_dec -7770 nack_dec -215800
Flow Uec_544_1000 flowId 758 uecSrc 757 finished at 7486.06 total messages 1 total packets 2448 RTS 0 total bytes 10002528 in_flight now 0 fair_inc 279459 prop_inc 38252 fast_inc 0 eta_inc 215752 multi_dec -546888 quick_dec -88358 nack_dec -182600
Flow Uec_522_1088 flowId 291 uecSrc 290 finished at 7486.72 total messages 1 total packets 2448 RTS 0 total bytes 10002528 in_flight now 0 fair_inc 362311 prop_inc 23350 fast_inc 0 eta_inc 212772 multi_dec -637407 quick_dec -125342 nack_dec -166000
Flow Uec_528_1057 flowId 349 uecSrc 348 finished at 7565.46 total messages 1 total packets 2448 RTS 0 total bytes 10002528 in_flight now 0 fair_inc 345608 prop_inc 19081 fast_inc 0 eta_inc 214560 multi_dec -627220 quick_dec -99005 nack_dec -170150
Flow Uec_569_1033 flowId 198 uecSrc 197 finished at 7567.66 total messages 1 total packets 2448 RTS 0 total bytes 10002528 in_flight now 0 fair_inc 334920 prop_inc 15806 fast_inc 0 eta_inc 215156 multi_dec -609937 quick_dec -79843 nack_dec -161850
7573.33 flowid 668 Spurious 23
Flow Uec_1029_471 flowId 436 uecSrc 435 finished at 7580.65 total messages 1 total packets 2448 RTS 0 total bytes 10002528 in_flight now 0 fair_inc 411101 prop_inc 16942 fast_inc 0 eta_inc 221712 multi_dec -729569 quick_dec -93567 nack_dec -166000
Flow Uec_742_182 flowId 579 uecSrc 578 finished at 7587.93 total messages 1 total packets 2448 RTS 0 total bytes 10002528 in_flight now 0 fair_inc 396460 prop_inc 22265 fast_inc 0 eta_inc 220520 multi_dec -692031 quick_dec -3564 nack_dec -178450
Flow Uec_228_722 flowId 575 uecSrc 574 finished at 7647.21 total messages 1 total packets 2448 RTS 0 total bytes 10002528 in_flight now 0 fair_inc 379505 prop_inc 10217 fast_inc 0 eta_inc 221712 multi_dec -666093 quick_dec -66747 nack_dec -207500
Flow Uec_187_604 flowId 454 uecSrc 453 finished at 7658.77 total messages 1 total packets 2448 RTS 0 total bytes 10002528 in_flight now 0 fair_inc 310031 prop_inc 20759 fast_inc 0 eta_inc 218732 multi_dec -587381 quick_dec -12614 nack_dec -203350
Flow Uec_530_1049 flowId 633 uecSrc 632 finished at 7663.93 total messages 1 total packets 2448 RTS 0 total bytes 10002528 in_flight now 0 fair_inc 449922 prop_inc 19162 fast_inc 0 eta_inc 217540 multi_dec -759458 quick_dec -99176 nack_dec -182600
Flow Uec_571_1075 flowId 262 uecSrc 261 finished at 7668.24 total messages 1 total packets 2448 RTS 0 total bytes 10002528 in_flight now 0 fair_inc 357591 prop_inc 36052 fast_inc 0 eta_inc 218136 multi_dec -638814 quick_dec -24644 nack_dec -195050
7692.19 flowid 668 Spurious 23
Flow Uec_732_185 flowId 596 uecSrc 595 finished at 7693.97 total messages 1 total packets 2448 RTS 0 total bytes 10002528 in_flight now 0 fair_inc 318193 prop_inc 25208 fast_inc 0 eta_inc 220520 multi_dec -592322 quick_dec -91066 nack_dec -145250
Flow Uec_170_617 flowId 393 uecSrc 392 finished at 7699.07 total messages 1 total packets 2448 RTS 0 total bytes 10002528 in_flight now 0 fair_inc 488337 prop_inc 9593 fast_inc 0 eta_inc 221712 multi_dec -797620 quick_dec -86873 nack_dec -170150
Flow Uec_191_670 flowId 197 uecSrc 196 finished at 7784.53 total messages 1 total packets 2448 RTS 0 total bytes 10002528 in_flight now 0 fair_inc 402523 prop_inc 19075 fast_inc 0 eta_inc 227672 multi_dec -685546 quick_dec -16351 nack_dec -182600
Flow Uec_995_351 flowId 49 uecSrc 48 finished at 7802.62 total messages 1 total packets 2448 RTS 0 total bytes 10002528 in_flight now 0 fair_inc 517372 prop_inc 6517 fast_inc 0 eta_inc 225884 multi_dec -826661 quick_dec -95866 nack_dec -166000
7804.4 flowid 668 Spurious 23
Flow Uec_555_1007 flowId 363 uecSrc 362 finished at 7804.43 total messages 1 total packets 2448 RTS 0 total bytes 10002528 in_flight now 0 fair_inc 417500 prop_inc 22642 fast_inc 0 eta_inc 223500 multi_dec -721084 quick_dec -943 nack_dec -199200
Flow Uec_179_625 flowId 554 uecSrc 553 finished at 7808.89 total messages 1 total packets 2448 RTS 0 total bytes 10002528 in_flight now 0 fair_inc 426372 prop_inc 20312 fast_inc 0 eta_inc 223500 multi_dec -735745 quick_dec -97004 nack_dec -153550
Flow Uec_998_342 flowId 297 uecSrc 296 finished at 7849.56 total messages 1 total packets 2448 RTS 0 total bytes 10002528 in_flight now 0 fair_inc 422208 prop_inc 9957 fast_inc 0 eta_inc 223500 multi_dec -717268 quick_dec -71652 nack_dec -157700
Flow Uec_773_159 flowId 406 uecSrc 405 finished at 7866.41 total messages 1 total packets 2448 RTS 0 total bytes 10002528 in_flight now 0 fair_inc 375541 prop_inc 28987 fast_inc 0 eta_inc 228864 multi_dec -646381 quick_dec -7128 nack_dec -186750
Flow Uec_915_385 flowId 100 uecSrc 99 finished at 7891.52 total messages 1 total packets 2448 RTS 0 total bytes 10002528 in_flight now 0 fair_inc 511798 prop_inc 14866 fast_inc 0 eta_inc 225884 multi_dec -824253 quick_dec -73714 nack_dec -190900
7918.61 flowid 668 Spurious 23
Flow Uec_510_1065 flowId 583 uecSrc 582 finished at 7921.49 total messages 1 total packets 2448 RTS 0 total bytes 10002528 in_flight now 0 fair_inc 334050 prop_inc 29534 fast_inc 0 eta_inc 233632 multi_dec -611953 quick_dec -96392 nack_dec -190900
Flow Uec_1020_465 flowId 762 uecSrc 761 finished at 7932.57 total messages 1 total packets 2448 RTS 0 total bytes 10002528 in_flight now 0 fair_inc 459449 prop_inc 9003 fast_inc 0 eta_inc 225288 multi_dec -774896 quick_dec -16947 nack_dec -186750
Flow Uec_585_1074 flowId 420 uecSrc 419 finished at 7962.06 total messages 1 total packets 2448 RTS 0 total bytes 10002528 in_flight now 0 fair_inc 341893 prop_inc 35380 fast_inc 0 eta_inc 226480 multi_dec -608123 quick_dec -123628 nack_dec -153550
Flow Uec_140_603 flowId 432 uecSrc 431 finished at 7973.43 total messages 1 total packets 2448 RTS 0 total bytes 10002528 in_flight now 0 fair_inc 316936 prop_inc 52249 fast_inc 0 eta_inc 235420 multi_dec -595731 quick_dec -15381 nack_dec -174300
Flow Uec_1051_434 flowId 642 uecSrc 641 finished at 7986.89 total messages 1 total packets 2448 RTS 0 total bytes 10002528 in_flight now 0 fair_inc 365226 prop_inc 10770 fast_inc 0 eta_inc 225884 multi_dec -640429 quick_dec -68842 nack_dec -178450
Flow Uec_908_367 flowId 401 uecSrc 400 finished at 8005.53 total messages 1 total packets 2448 RTS 0 total bytes 10002528 in_flight now 0 fair_inc 439240 prop_inc 32372 fast_inc 0 eta_inc 229460 multi_dec -737635 quick_dec -45997 nack_dec -199200
Flow Uec_577_1086 flowId 790 uecSrc 789 finished at 8008.94 total messages 1 total packets 2448 RTS 0 total bytes 10002528 in_flight now 0 fair_inc 401443 prop_inc 30074 fast_inc 0 eta_inc 231844 multi_dec -695428 quick_dec -347 nack_dec -195050
Flow Uec_1068_495 flowId 65 uecSrc 64 finished at 8011.25 total messages 1 total packets 2448 RTS 0 total bytes 10002528 in_flight now 0 fair_inc 372926 prop_inc 14879 fast_inc 0 eta_inc 231844 multi_dec -684582 quick_dec -12210 nack_dec -195050
Flow Uec_169_695 flowId 101 uecSrc 100 finished at 8026.68 total messages 1 total packets 2448 RTS 0 total bytes 10002528 in_flight now 0 fair_inc 422544 prop_inc 56421 fast_inc 0 eta_inc 233036 multi_dec -722794 quick_dec -75668 nack_dec -161850
Flow Uec_583_1071 flowId 169 uecSrc 168 finished at 8033.24 total messages 1 total packets 2448 RTS 0 total bytes 10002528 in_flight now 0 fair_inc 322191 prop_inc 35904 fast_inc 0 eta_inc 231844 multi_dec -597150 quick_dec -93831 nack_dec -170150
Flow Uec_598_1072 flowId 715 uecSrc 714 finished at 8033.99 total messages 1 total packets 2448 RTS 0 total bytes 10002528 in_flight now 0 fair_inc 411140 prop_inc 17403 fast_inc 0 eta_inc 229460 multi_dec -730449 quick_dec -12797 nack_dec -190900
Flow Uec_870_206 flowId 178 uecSrc 177 finished at 8043.6 total messages 1 total packets 2448 RTS 0 total bytes 10002528 in_flight now 0 fair_inc 351167 prop_inc 16101 fast_inc 0 eta_inc 227672 multi_dec -667773 quick_dec -347 nack_dec -203350
8051.87 flowid 668 Spurious 24
Flow Uec_554_1056 flowId 236 uecSrc 235 finished at 8061.99 total messages 1 total packets 2448 RTS 0 total bytes 10002528 in_flight now 0 fair_inc 305266 prop_inc 55017 fast_inc 0 eta_inc 231844 multi_dec -591958 quick_dec -4497 nack_dec -203350
Flow Uec_719_192 flowId 784 uecSrc 783 finished at 8069.06 total messages 1 total packets 2448 RTS 0 total bytes 10002528 in_flight now 0 fair_inc 335107 prop_inc 53914 fast_inc 0 eta_inc 235420 multi_dec -608647 quick_dec -121906 nack_dec -124500
Flow Uec_520_1067 flowId 91 uecSrc 90 finished at 8073.63 total messages 1 total packets 2448 RTS 0 total bytes 10002528 in_flight now 0 fair_inc 434347 prop_inc 18019 fast_inc 0 eta_inc 230652 multi_dec -746116 quick_dec -94147 nack_dec -166000
Flow Uec_553_1016 flowId 801 uecSrc 800 finished at 8074.42 total messages 1 total packets 2448 RTS 0 total bytes 10002528 in_flight now 0 fair_inc 375534 prop_inc 18940 fast_inc 0 eta_inc 233632 multi_dec -676529 quick_dec -9243 nack_dec -195050
Flow Uec_900_331 flowId 106 uecSrc 105 finished at 8100.61 total messages 1 total packets 2448 RTS 0 total bytes 10002528 in_flight now 0 fair_inc 383850 prop_inc 60096 fast_inc 0 eta_inc 232440 multi_dec -692714 quick_dec -72468 nack_dec -178450
Flow Uec_580_1009 flowId 164 uecSrc 163 finished at 8102.77 total messages 1 total packets 2448 RTS 0 total bytes 10002528 in_flight now 0 fair_inc 396699 prop_inc 37458 fast_inc 0 eta_inc 231844 multi_dec -675881 quick_dec -38894 nack_dec -190900
Flow Uec_508_1052 flowId 448 uecSrc 447 finished at 8116.37 total messages 1 total packets 2448 RTS 0 total bytes 10002528 in_flight now 0 fair_inc 396992 prop_inc 62633 fast_inc 0 eta_inc 233632 multi_dec -698924 quick_dec -69199 nack_dec -174300
Flow Uec_1079_446 flowId 409 uecSrc 408 finished at 8124.68 total messages 1 total packets 2448 RTS 0 total bytes 10002528 in_flight now 0 fair_inc 309051 prop_inc 18184 fast_inc 0 eta_inc 234228 multi_dec -624977 quick_dec -1379 nack_dec -178450
Flow Uec_234_707 flowId 394 uecSrc 393 finished at 8127.97 total messages 1 total packets 2448 RTS 0 total bytes 10002528 in_flight now 0 fair_inc 460017 prop_inc 7413 fast_inc 0 eta_inc 230652 multi_dec -789775 quick_dec -63574 nack_dec -174300
Flow Uec_1036_457 flowId 787 uecSrc 786 finished at 8145.73 total messages 1 total packets 2448 RTS 0 total bytes 10002528 in_flight now 0 fair_inc 405132 prop_inc 13424 fast_inc 0 eta_inc 236016 multi_dec -756571 quick_dec -4110 nack_dec -170150
Flow Uec_519_1081 flowId 20 uecSrc 19 finished at 8151.82 total messages 1 total packets 2448 RTS 0 total bytes 10002528 in_flight now 0 fair_inc 366362 prop_inc 82011 fast_inc 31709 eta_inc 240188 multi_dec -681655 quick_dec -78521 nack_dec -182600
Flow Uec_782_127 flowId 512 uecSrc 511 finished at 8153.27 total messages 1 total packets 2448 RTS 0 total bytes 10002528 in_flight now 0 fair_inc 231163 prop_inc 81597 fast_inc 154959 eta_inc 241380 multi_dec -521360 quick_dec -4497 nack_dec -190900
Flow Uec_906_394 flowId 375 uecSrc 374 finished at 8154.14 total messages 1 total packets 2448 RTS 0 total bytes 10002528 in_flight now 0 fair_inc 361937 prop_inc 97394 fast_inc 0 eta_inc 236016 multi_dec -659905 quick_dec -59568 nack_dec -170150
Flow Uec_517_1039 flowId 723 uecSrc 722 finished at 8156.93 total messages 1 total packets 2448 RTS 0 total bytes 10002528 in_flight now 0 fair_inc 327219 prop_inc 95711 fast_inc 91931 eta_inc 236016 multi_dec -642734 quick_dec -9243 nack_dec -195050
Flow Uec_163_634 flowId 465 uecSrc 464 finished at 8158.74 total messages 1 total packets 2448 RTS 0 total bytes 10002528 in_flight now 0 fair_inc 407948 prop_inc 150705 fast_inc 0 eta_inc 237804 multi_dec -739302 quick_dec -108399 nack_dec -157700
Flow Uec_1007_451 flowId 241 uecSrc 240 finished at 8160.12 total messages 1 total packets 2448 RTS 0 total bytes 10002528 in_flight now 0 fair_inc 492498 prop_inc 10848 fast_inc 0 eta_inc 231844 multi_dec -838128 quick_dec -26932 nack_dec -190900
8161.69 flowid 668 Spurious 24
Flow Uec_548_1037 flowId 336 uecSrc 335 finished at 8167.18 total messages 1 total packets 2448 RTS 0 total bytes 10002528 in_flight now 0 fair_inc 387163 prop_inc 63670 fast_inc 0 eta_inc 234824 multi_dec -672086 quick_dec -12201 nack_dec -215800
Flow Uec_1056_468 flowId 623 uecSrc 622 finished at 8167.77 total messages 1 total packets 2448 RTS 0 total bytes 10002528 in_flight now 0 fair_inc 393247 prop_inc 15156 fast_inc 0 eta_inc 236016 multi_dec -752499 quick_dec -1137 nack_dec -178450
Flow Uec_1082_462 flowId 656 uecSrc 655 finished at 8185.09 total messages 1 total packets 2448 RTS 0 total bytes 10002528 in_flight now 0 fair_inc 345934 prop_inc 17828 fast_inc 0 eta_inc 233036 multi_dec -639196 quick_dec -84365 nack_dec -182600
Flow Uec_372_805 flowId 692 uecSrc 691 finished at 8190.73 total messages 1 total packets 2448 RTS 0 total bytes 10002528 in_flight now 0 fair_inc 397303 prop_inc 14036 fast_inc 0 eta_inc 238996 multi_dec -756444 quick_dec --982 nack_dec -182600
Flow Uec_513_1012 flowId 590 uecSrc 589 finished at 8191.54 total messages 1 total packets 2448 RTS 0 total bytes 10002528 in_flight now 0 fair_inc 312473 prop_inc 73862 fast_inc 12517 eta_inc 240784 multi_dec -627354 quick_dec -5093 nack_dec -199200
Flow Uec_709_133 flowId 706 uecSrc 705 finished at 8250.18 total messages 1 total packets 2448 RTS 0 total bytes 10002528 in_flight now 0 fair_inc 439656 prop_inc 11390 fast_inc 0 eta_inc 236016 multi_dec -778080 quick_dec -11930 nack_dec -186750
8275.1 flowid 668 Spurious 24
Flow Uec_365_865 flowId 470 uecSrc 469 finished at 8280.5 total messages 1 total packets 2448 RTS 0 total bytes 10002528 in_flight now 0 fair_inc 386463 prop_inc 13276 fast_inc 0 eta_inc 238400 multi_dec -703270 quick_dec -62001 nack_dec -199200
Flow Uec_395_821 flowId 326 uecSrc 325 finished at 8341.06 total messages 1 total packets 2448 RTS 0 total bytes 10002528 in_flight now 0 fair_inc 513561 prop_inc 9950 fast_inc 0 eta_inc 237208 multi_dec -850674 quick_dec -58447 nack_dec -182600
Flow Uec_1084_444 flowId 697 uecSrc 696 finished at 8341.33 total messages 1 total packets 2448 RTS 0 total bytes 10002528 in_flight now 0 fair_inc 412474 prop_inc 29151 fast_inc 0 eta_inc 239592 multi_dec -737202 quick_dec -89014 nack_dec -166000
8389.7 flowid 668 Spurious 24
8393.23 flowid 206 Spurious 735
Flow Uec_1074_431 flowId 438 uecSrc 437 finished at 8427.71 total messages 1 total packets 2448 RTS 0 total bytes 10002528 in_flight now 0 fair_inc 410850 prop_inc 16125 fast_inc 0 eta_inc 240188 multi_dec -739707 quick_dec -12797 nack_dec -195050
Flow Uec_346_869 flowId 203 uecSrc 202 finished at 8445.43 total messages 1 total packets 2448 RTS 0 total bytes 10002528 in_flight now 0 fair_inc 396083 prop_inc 12051 fast_inc 0 eta_inc 240188 multi_dec -710414 quick_dec -57851 nack_dec -199200
Flow Uec_1078_454 flowId 327 uecSrc 326 finished at 8455.07 total messages 1 total packets 2448 RTS 0 total bytes 10002528 in_flight now 0 fair_inc 420519 prop_inc 16052 fast_inc 0 eta_inc 240784 multi_dec -765781 quick_dec -87231 nack_dec -166000
Flow Uec_418_921 flowId 229 uecSrc 228 finished at 8493.45 total messages 1 total packets 2448 RTS 0 total bytes 10002528 in_flight now 0 fair_inc 414208 prop_inc 9762 fast_inc 0 eta_inc 240784 multi_dec -756722 quick_dec -100543 nack_dec -186750
8504.3 flowid 668 Spurious 24
Flow Uec_775_119 flowId 104 uecSrc 103 finished at 8520.56 total messages 1 total packets 2448 RTS 0 total bytes 10002528 in_flight now 0 fair_inc 468874 prop_inc 14014 fast_inc 0 eta_inc 240784 multi_dec -816661 quick_dec -12201 nack_dec -195050
Flow Uec_265_782 flowId 324 uecSrc 323 finished at 8525.18 total messages 1 total packets 2448 RTS 0 total bytes 10002528 in_flight now 0 fair_inc 428097 prop_inc 12381 fast_inc 0 eta_inc 241380 multi_dec -745188 quick_dec -64184 nack_dec -186750
Flow Uec_341_836 flowId 408 uecSrc 407 finished at 8526.57 total messages 1 total packets 2448 RTS 0 total bytes 10002528 in_flight now 0 fair_inc 392773 prop_inc 13776 fast_inc 0 eta_inc 242572 multi_dec -707018 quick_dec -55454 nack_dec -186750
Flow Uec_1013_420 flowId 664 uecSrc 663 finished at 8533.42 total messages 1 total packets 2448 RTS 0 total bytes 10002528 in_flight now 0 fair_inc 416026 prop_inc 17130 fast_inc 0 eta_inc 241976 multi_dec -721326 quick_dec -41251 nack_dec -199200
8550.6 flowid 206 Spurious 739
Flow Uec_248_785 flowId 463 uecSrc 462 finished at 8557.36 total messages 1 total packets 2448 RTS 0 total bytes 10002528 in_flight now 0 fair_inc 237984 prop_inc 16559 fast_inc 0 eta_inc 243764 multi_dec -537720 quick_dec -84843 nack_dec -182600
Flow Uec_1001_473 flowId 282 uecSrc 281 finished at 8585.67 total messages 1 total packets 2448 RTS 0 total bytes 10002528 in_flight now 0 fair_inc 468736 prop_inc 15817 fast_inc 0 eta_inc 243764 multi_dec -807256 quick_dec -48567 nack_dec -182600
Flow Uec_1086_409 flowId 119 uecSrc 118 finished at 8587.13 total messages 1 total packets 2448 RTS 0 total bytes 10002528 in_flight now 0 fair_inc 333222 prop_inc 22426 fast_inc 0 eta_inc 248532 multi_dec -669589 quick_dec -3774 nack_dec -186750
Flow Uec_1090_400 flowId 700 uecSrc 699 finished at 8590.13 total messages 1 total packets 2448 RTS 0 total bytes 10002528 in_flight now 0 fair_inc 441980 prop_inc 26545 fast_inc 0 eta_inc 245552 multi_dec -773397 quick_dec -72435 nack_dec -182600
Flow Uec_873_240 flowId 280 uecSrc 279 finished at 8590.83 total messages 1 total packets 2448 RTS 0 total bytes 10002528 in_flight now 0 fair_inc 330739 prop_inc 20745 fast_inc 0 eta_inc 246744 multi_dec -674002 quick_dec -7440 nack_dec -195050
Flow Uec_783_188 flowId 227 uecSrc 226 finished at 8595.38 total messages 1 total packets 2448 RTS 0 total bytes 10002528 in_flight now 0 fair_inc 471833 prop_inc 8540 fast_inc 0 eta_inc 241976 multi_dec -801215 quick_dec -72042 nack_dec -178450
Flow Uec_394_830 flowId 141 uecSrc 140 finished at 8600.07 total messages 1 total packets 2448 RTS 0 total bytes 10002528 in_flight now 0 fair_inc 422251 prop_inc 15629 fast_inc 0 eta_inc 244956 multi_dec -742240 quick_dec -95797 nack_dec -153550
Flow Uec_617_54 flowId 248 uecSrc 247 finished at 8625.94 total messages 1 total packets 2448 RTS 0 total bytes 10002528 in_flight now 0 fair_inc 408404 prop_inc 9434 fast_inc 0 eta_inc 244360 multi_dec -749404 quick_dec -85738 nack_dec -186750
8632.26 flowid 668 Spurious 25
Flow Uec_1039_401 flowId 507 uecSrc 506 finished at 8638.13 total messages 1 total packets 2448 RTS 0 total bytes 10002528 in_flight now 0 fair_inc 387728 prop_inc 22288 fast_inc 0 eta_inc 246744 multi_dec -711581 quick_dec -1019 nack_dec -195050
Flow Uec_242_793 flowId 743 uecSrc 742 finished at 8654.45 total messages 1 total packets 2448 RTS 0 total bytes 10002528 in_flight now 0 fair_inc 341565 prop_inc 16322 fast_inc 0 eta_inc 251512 multi_dec -725717 quick_dec -2560 nack_dec -149400
Flow Uec_1072_407 flowId 442 uecSrc 441 finished at 8654.99 total messages 1 total packets 2448 RTS 0 total bytes 10002528 in_flight now 0 fair_inc 441504 prop_inc 31709 fast_inc 0 eta_inc 248532 multi_dec -791557 quick_dec -25247 nack_dec -178450
Flow Uec_674_39 flowId 520 uecSrc 519 finished at 8656.82 total messages 1 total packets 2448 RTS 0 total bytes 10002528 in_flight now 0 fair_inc 338185 prop_inc 10054 fast_inc 0 eta_inc 251512 multi_dec -676573 quick_dec -8440 nack_dec -190900
Flow Uec_328_845 flowId 702 uecSrc 701 finished at 8679.55 total messages 1 total packets 2448 RTS 0 total bytes 10002528 in_flight now 0 fair_inc 395061 prop_inc 25757 fast_inc 0 eta_inc 252704 multi_dec -741031 quick_dec -8544 nack_dec -178450
Flow Uec_495_913 flowId 3 uecSrc 2 finished at 8684.36 total messages 1 total packets 2448 RTS 0 total bytes 10002528 in_flight now 0 fair_inc 483564 prop_inc 7717 fast_inc 0 eta_inc 249724 multi_dec -828153 quick_dec -82751 nack_dec -203350
Flow Uec_794_100 flowId 325 uecSrc 324 finished at 8698.43 total messages 1 total packets 2448 RTS 0 total bytes 10002528 in_flight now 0 fair_inc 442920 prop_inc 14362 fast_inc 0 eta_inc 246744 multi_dec -782147 quick_dec -4497 nack_dec -207500
8703.59 flowid 206 Spurious 744
Flow Uec_291_728 flowId 621 uecSrc 620 finished at 8713.02 total messages 1 total packets 2448 RTS 0 total bytes 10002528 in_flight now 0 fair_inc 395948 prop_inc 13511 fast_inc 0 eta_inc 249128 multi_dec -717765 quick_dec -9156 nack_dec -186750
Flow Uec_254_709 flowId 766 uecSrc 765 finished at 8722.7 total messages 1 total packets 2448 RTS 0 total bytes 10002528 in_flight now 0 fair_inc 411337 prop_inc 14568 fast_inc 0 eta_inc 255088 multi_dec -765001 quick_dec -356 nack_dec -186750
8746.86 flowid 668 Spurious 25
Flow Uec_268_753 flowId 90 uecSrc 89 finished at 8748.8 total messages 1 total packets 2448 RTS 0 total bytes 10002528 in_flight now 0 fair_inc 509438 prop_inc 13777 fast_inc 0 eta_inc 249128 multi_dec -857877 quick_dec -39291 nack_dec -190900
Flow Uec_1024_458 flowId 694 uecSrc 693 finished at 8766.55 total messages 1 total packets 2448 RTS 0 total bytes 10002528 in_flight now 0 fair_inc 451028 prop_inc 40709 fast_inc 0 eta_inc 250320 multi_dec -792114 quick_dec -32951 nack_dec -203350
Flow Uec_623_41 flowId 430 uecSrc 429 finished at 8766.84 total messages 1 total packets 2448 RTS 0 total bytes 10002528 in_flight now 0 fair_inc 454905 prop_inc 8462 fast_inc 0 eta_inc 249128 multi_dec -788997 quick_dec -39060 nack_dec -174300
Flow Uec_680_53 flowId 194 uecSrc 193 finished at 8788.55 total messages 1 total packets 2448 RTS 0 total bytes 10002528 in_flight now 0 fair_inc 364916 prop_inc 11971 fast_inc 0 eta_inc 252704 multi_dec -721100 quick_dec -20129 nack_dec -166000
Flow Uec_1047_478 flowId 145 uecSrc 144 finished at 8816.8 total messages 1 total packets 2448 RTS 0 total bytes 10002528 in_flight now 0 fair_inc 364708 prop_inc 41889 fast_inc 0 eta_inc 257472 multi_dec -698449 quick_dec -3670 nack_dec -178450
Flow Uec_813_272 flowId 232 uecSrc 231 finished at 8835.55 total messages 1 total packets 2448 RTS 0 total bytes 10002528 in_flight now 0 fair_inc 482318 prop_inc 8360 fast_inc 0 eta_inc 257472 multi_dec -871034 quick_dec -20501 nack_dec -203350
Flow Uec_342_872 flowId 759 uecSrc 758 finished at 8837.05 total messages 1 total packets 2448 RTS 0 total bytes 10002528 in_flight now 0 fair_inc 417934 prop_inc 42313 fast_inc 0 eta_inc 255088 multi_dec -724650 quick_dec -50743 nack_dec -195050
8861.46 flowid 668 Spurious 25
Flow Uec_607_48 flowId 556 uecSrc 555 finished at 8866.7 total messages 1 total packets 2448 RTS 0 total bytes 10002528 in_flight now 0 fair_inc 420462 prop_inc 11787 fast_inc 0 eta_inc 252108 multi_dec -759188 quick_dec -8647 nack_dec -203350
Flow Uec_1059_479 flowId 410 uecSrc 409 finished at 8873.98 total messages 1 total packets 2448 RTS 0 total bytes 10002528 in_flight now 0 fair_inc 319528 prop_inc 34436 fast_inc 0 eta_inc 256280 multi_dec -635827 quick_dec -88707 nack_dec -174300
Flow Uec_260_718 flowId 384 uecSrc 383 finished at 8880.07 total messages 1 total packets 2448 RTS 0 total bytes 10002528 in_flight now 0 fair_inc 402428 prop_inc 39641 fast_inc 0 eta_inc 254492 multi_dec -715892 quick_dec -38440 nack_dec -182600
Flow Uec_1027_453 flowId 741 uecSrc 740 finished at 8896.16 total messages 1 total packets 2448 RTS 0 total bytes 10002528 in_flight now 0 fair_inc 459206 prop_inc 38058 fast_inc 0 eta_inc 256876 multi_dec -776918 quick_dec -75869 nack_dec -178450
Flow Uec_1010_417 flowId 128 uecSrc 127 finished at 8906.98 total messages 1 total packets 2448 RTS 0 total bytes 10002528 in_flight now 0 fair_inc 347861 prop_inc 38858 fast_inc 0 eta_inc 256280 multi_dec -658391 quick_dec -52399 nack_dec -186750
Flow Uec_693_94 flowId 500 uecSrc 499 finished at 8909.99 total messages 1 total packets 2448 RTS 0 total bytes 10002528 in_flight now 0 fair_inc 464796 prop_inc 11657 fast_inc 0 eta_inc 252704 multi_dec -793919 quick_dec -59403 nack_dec -178450
Flow Uec_556_1077 flowId 374 uecSrc 373 finished at 8910.61 total messages 1 total packets 2448 RTS 0 total bytes 10002528 in_flight now 0 fair_inc 257646 prop_inc 10678 fast_inc 0 eta_inc 249724 multi_dec -550329 quick_dec -75643 nack_dec -170150
Flow Uec_266_766 flowId 10 uecSrc 9 finished at 8927.76 total messages 1 total packets 2448 RTS 0 total bytes 10002528 in_flight now 0 fair_inc 488024 prop_inc 57523 fast_inc 0 eta_inc 255684 multi_dec -847111 quick_dec -48780 nack_dec -190900
Flow Uec_840_201 flowId 320 uecSrc 319 finished at 8930.93 total messages 1 total packets 2448 RTS 0 total bytes 10002528 in_flight now 0 fair_inc 475151 prop_inc 11834 fast_inc 0 eta_inc 252108 multi_dec -859484 quick_dec -53701 nack_dec -195050
Flow Uec_1002_483 flowId 84 uecSrc 83 finished at 8944.75 total messages 1 total packets 2448 RTS 0 total bytes 10002528 in_flight now 0 fair_inc 393456 prop_inc 43343 fast_inc 0 eta_inc 260452 multi_dec -750352 quick_dec -19585 nack_dec -182600
Flow Uec_1006_467 flowId 483 uecSrc 482 finished at 8949.53 total messages 1 total packets 2448 RTS 0 total bytes 10002528 in_flight now 0 fair_inc 460934 prop_inc 33674 fast_inc 0 eta_inc 256280 multi_dec -802142 quick_dec -48919 nack_dec -166000
Flow Uec_1000_490 flowId 249 uecSrc 248 finished at 8955.98 total messages 1 total packets 2448 RTS 0 total bytes 10002528 in_flight now 0 fair_inc 442486 prop_inc 40853 fast_inc 0 eta_inc 257472 multi_dec -803810 quick_dec -27235 nack_dec -203350
Flow Uec_1022_488 flowId 425 uecSrc 424 finished at 8959.96 total messages 1 total packets 2448 RTS 0 total bytes 10002528 in_flight now 0 fair_inc 403712 prop_inc 87216 fast_inc 0 eta_inc 261644 multi_dec -744483 quick_dec -41494 nack_dec -203350
Flow Uec_1015_419 flowId 140 uecSrc 139 finished at 8970.18 total messages 1 total packets 2448 RTS 0 total bytes 10002528 in_flight now 0 fair_inc 386963 prop_inc 72392 fast_inc 0 eta_inc 258664 multi_dec -708813 quick_dec -67569 nack_dec -170150
Flow Uec_231_749 flowId 639 uecSrc 638 finished at 8974.51 total messages 1 total packets 2448 RTS 0 total bytes 10002528 in_flight now 0 fair_inc 464143 prop_inc 86824 fast_inc 0 eta_inc 258068 multi_dec -836297 quick_dec -86150 nack_dec -182600
Flow Uec_398_815 flowId 730 uecSrc 729 finished at 8975.49 total messages 1 total packets 2448 RTS 0 total bytes 10002528 in_flight now 0 fair_inc 326781 prop_inc 140723 fast_inc 0 eta_inc 262240 multi_dec -654955 quick_dec -52947 nack_dec -178450
Flow Uec_628_46 flowId 481 uecSrc 480 finished at 8976.19 total messages 1 total packets 2448 RTS 0 total bytes 10002528 in_flight now 0 fair_inc 357717 prop_inc 23315 fast_inc 0 eta_inc 255088 multi_dec -689247 quick_dec -87496 nack_dec -182600
8990.74 flowid 668 Spurious 28
Flow Uec_424_976 flowId 255 uecSrc 254 finished at 8997.56 total messages 1 total packets 2448 RTS 0 total bytes 10002528 in_flight now 0 fair_inc 426511 prop_inc 11266 fast_inc 0 eta_inc 255088 multi_dec -802680 quick_dec -4602 nack_dec -195050
Flow Uec_459_984 flowId 191 uecSrc 190 finished at 9001.54 total messages 1 total packets 2448 RTS 0 total bytes 10002528 in_flight now 0 fair_inc 427207 prop_inc 12508 fast_inc 0 eta_inc 258664 multi_dec -790041 quick_dec -72071 nack_dec -174300
Flow Uec_880_256 flowId 411 uecSrc 410 finished at 9070.95 total messages 1 total packets 2448 RTS 0 total bytes 10002528 in_flight now 0 fair_inc 455386 prop_inc 11554 fast_inc 0 eta_inc 256876 multi_dec -833879 quick_dec --768 nack_dec -195050
9134.09 flowid 668 Spurious 44
Flow Uec_698_93 flowId 460 uecSrc 459 finished at 9153.27 total messages 1 total packets 2448 RTS 0 total bytes 10002528 in_flight now 0 fair_inc 467557 prop_inc 25160 fast_inc 0 eta_inc 261048 multi_dec -802718 quick_dec -14381 nack_dec -207500
Flow Uec_436_933 flowId 368 uecSrc 367 finished at 9159.7 total messages 1 total packets 2448 RTS 0 total bytes 10002528 in_flight now 0 fair_inc 454165 prop_inc 9205 fast_inc 0 eta_inc 262240 multi_dec -837806 quick_dec -33597 nack_dec -190900
Flow Uec_861_270 flowId 560 uecSrc 559 finished at 9159.81 total messages 1 total packets 2448 RTS 0 total bytes 10002528 in_flight now 0 fair_inc 431140 prop_inc 11322 fast_inc 0 eta_inc 258664 multi_dec -784907 quick_dec -12201 nack_dec -215800
Flow Uec_749_145 flowId 770 uecSrc 769 finished at 9169.34 total messages 1 total packets 2448 RTS 0 total bytes 10002528 in_flight now 0 fair_inc 413539 prop_inc 13316 fast_inc 0 eta_inc 262240 multi_dec -800290 quick_dec --1963 nack_dec -178450
Flow Uec_818_290 flowId 382 uecSrc 381 finished at 9198.36 total messages 1 total packets 2448 RTS 0 total bytes 10002528 in_flight now 0 fair_inc 409397 prop_inc 14510 fast_inc 0 eta_inc 260452 multi_dec -768400 quick_dec -92839 nack_dec -186750
Flow Uec_490_918 flowId 151 uecSrc 150 finished at 9208.3 total messages 1 total packets 2448 RTS 0 total bytes 10002528 in_flight now 0 fair_inc 346341 prop_inc 12135 fast_inc 0 eta_inc 261048 multi_dec -659860 quick_dec -85517 nack_dec -182600
Flow Uec_464_941 flowId 115 uecSrc 114 finished at 9226.11 total messages 1 total packets 2448 RTS 0 total bytes 10002528 in_flight now 0 fair_inc 387857 prop_inc 11721 fast_inc 0 eta_inc 265816 multi_dec -756169 quick_dec -15516 nack_dec -178450
Flow Uec_549_1028 flowId 231 uecSrc 230 finished at 9237.43 total messages 1 total packets 2448 RTS 0 total bytes 10002528 in_flight now 0 fair_inc 411166 prop_inc 10869 fast_inc 0 eta_inc 263432 multi_dec -791625 quick_dec -8051 nack_dec -199200
Flow Uec_622_16 flowId 113 uecSrc 112 finished at 9255.33 total messages 1 total packets 2448 RTS 0 total bytes 10002528 in_flight now 0 fair_inc 391055 prop_inc 38384 fast_inc 0 eta_inc 271180 multi_dec -731969 quick_dec -28801 nack_dec -195050
Flow Uec_300_801 flowId 238 uecSrc 237 finished at 9256.7 total messages 1 total packets 2448 RTS 0 total bytes 10002528 in_flight now 0 fair_inc 328856 prop_inc 21874 fast_inc 0 eta_inc 261644 multi_dec -673909 quick_dec -82233 nack_dec -186750
Flow Uec_491_960 flowId 645 uecSrc 644 finished at 9274.04 total messages 1 total packets 2448 RTS 0 total bytes 10002528 in_flight now 0 fair_inc 473189 prop_inc 12675 fast_inc 0 eta_inc 266412 multi_dec -863886 quick_dec -57851 nack_dec -190900
Flow Uec_699_86 flowId 378 uecSrc 377 finished at 9274.65 total messages 1 total packets 2448 RTS 0 total bytes 10002528 in_flight now 0 fair_inc 412455 prop_inc 41944 fast_inc 0 eta_inc 265816 multi_dec -761595 quick_dec -8924 nack_dec -186750
Flow Uec_750_183 flowId 305 uecSrc 304 finished at 9283.68 total messages 1 total packets 2448 RTS 0 total bytes 10002528 in_flight now 0 fair_inc 407263 prop_inc 16439 fast_inc 0 eta_inc 263432 multi_dec -786847 quick_dec -9345 nack_dec -195050
Flow Uec_218_748 flowId 691 uecSrc 690 finished at 9300.54 total messages 1 total packets 2448 RTS 0 total bytes 10002528 in_flight now 0 fair_inc 338439 prop_inc 13098 fast_inc 0 eta_inc 261644 multi_dec -661631 quick_dec -70897 nack_dec -186750
Flow Uec_449_973 flowId 720 uecSrc 719 finished at 9325.3 total messages 1 total packets 2448 RTS 0 total bytes 10002528 in_flight now 0 fair_inc 443151 prop_inc 15569 fast_inc 0 eta_inc 267008 multi_dec -840599 quick_dec -81123 nack_dec -174300
Flow Uec_531_1055 flowId 200 uecSrc 199 finished at 9326.2 total messages 1 total packets 2448 RTS 0 total bytes 10002528 in_flight now 0 fair_inc 385062 prop_inc 8668 fast_inc 0 eta_inc 261644 multi_dec -734613 quick_dec -47496 nack_dec -161850
Flow Uec_470_965 flowId 240 uecSrc 239 finished at 9327.95 total messages 1 total packets 2448 RTS 0 total bytes 10002528 in_flight now 0 fair_inc 412724 prop_inc 14024 fast_inc 0 eta_inc 268796 multi_dec -768332 quick_dec -10711 nack_dec -190900
Flow Uec_515_1050 flowId 493 uecSrc 492 finished at 9357.21 total messages 1 total packets 2448 RTS 0 total bytes 10002528 in_flight now 0 fair_inc 320492 prop_inc 12285 fast_inc 0 eta_inc 262836 multi_dec -635962 quick_dec -66747 nack_dec -199200
Flow Uec_504_1048 flowId 515 uecSrc 514 finished at 9367.96 total messages 1 total packets 2448 RTS 0 total bytes 10002528 in_flight now 0 fair_inc 273117 prop_inc 18504 fast_inc 0 eta_inc 263432 multi_dec -598874 quick_dec -66747 nack_dec -203350
Flow Uec_430_977 flowId 214 uecSrc 213 finished at 9376.55 total messages 1 total packets 2448 RTS 0 total bytes 10002528 in_flight now 0 fair_inc 438692 prop_inc 13095 fast_inc 0 eta_inc 267008 multi_dec -810235 quick_dec -71493 nack_dec -170150
Flow Uec_769_146 flowId 333 uecSrc 332 finished at 9390.71 total messages 1 total packets 2448 RTS 0 total bytes 10002528 in_flight now 0 fair_inc 341973 prop_inc 25838 fast_inc 0 eta_inc 266412 multi_dec -704785 quick_dec -69258 nack_dec -195050
Flow Uec_416_931 flowId 318 uecSrc 317 finished at 9424.82 total messages 1 total packets 2448 RTS 0 total bytes 10002528 in_flight now 0 fair_inc 503321 prop_inc 12610 fast_inc 0 eta_inc 271180 multi_dec -885687 quick_dec -62001 nack_dec -203350
Flow Uec_898_218 flowId 680 uecSrc 679 finished at 9433.17 total messages 1 total packets 2448 RTS 0 total bytes 10002528 in_flight now 0 fair_inc 467211 prop_inc 13186 fast_inc 0 eta_inc 267008 multi_dec -857426 quick_dec -6262 nack_dec -195050
Flow Uec_831_261 flowId 117 uecSrc 116 finished at 9449.48 total messages 1 total packets 2448 RTS 0 total bytes 10002528 in_flight now 0 fair_inc 478050 prop_inc 13684 fast_inc 0 eta_inc 266412 multi_dec -879342 quick_dec -87497 nack_dec -174300
Flow Uec_768_191 flowId 57 uecSrc 56 finished at 9467.53 total messages 1 total packets 2448 RTS 0 total bytes 10002528 in_flight now 0 fair_inc 351273 prop_inc 22812 fast_inc 0 eta_inc 268796 multi_dec -708730 quick_dec -78601 nack_dec -195050
Flow Uec_433_953 flowId 284 uecSrc 283 finished at 9574.02 total messages 1 total packets 2448 RTS 0 total bytes 10002528 in_flight now 0 fair_inc 445302 prop_inc 33255 fast_inc 0 eta_inc 274756 multi_dec -842669 quick_dec -56289 nack_dec -190900
9584.55 flowid 668 Spurious 447
Flow Uec_413_959 flowId 811 uecSrc 810 finished at 9588.05 total messages 1 total packets 2448 RTS 0 total bytes 10002528 in_flight now 0 fair_inc 517396 prop_inc 12129 fast_inc 0 eta_inc 272968 multi_dec -933948 quick_dec -80389 nack_dec -182600
Flow Uec_853_222 flowId 666 uecSrc 665 finished at 9595.98 total messages 1 total packets 2448 RTS 0 total bytes 10002528 in_flight now 0 fair_inc 459974 prop_inc 12269 fast_inc 0 eta_inc 274756 multi_dec -856522 quick_dec -11402 nack_dec -186750
Flow Uec_841_299 flowId 696 uecSrc 695 finished at 9600.64 total messages 1 total packets 2448 RTS 0 total bytes 10002528 in_flight now 0 fair_inc 471360 prop_inc 18781 fast_inc 0 eta_inc 269988 multi_dec -894874 quick_dec -4497 nack_dec -199200
Flow Uec_781_104 flowId 581 uecSrc 580 finished at 9606.77 total messages 1 total packets 2448 RTS 0 total bytes 10002528 in_flight now 0 fair_inc 543935 prop_inc 12738 fast_inc 0 eta_inc 272372 multi_dec -929098 quick_dec -48780 nack_dec -186750
Flow Uec_415_970 flowId 531 uecSrc 530 finished at 9619.06 total messages 1 total packets 2448 RTS 0 total bytes 10002528 in_flight now 0 fair_inc 431817 prop_inc 18547 fast_inc 0 eta_inc 273564 multi_dec -828617 quick_dec -75643 nack_dec -182600
Flow Uec_734_165 flowId 469 uecSrc 468 finished at 9628.48 total messages 1 total packets 2448 RTS 0 total bytes 10002528 in_flight now 0 fair_inc 422042 prop_inc 23850 fast_inc 0 eta_inc 274160 multi_dec -786663 quick_dec -71493 nack_dec -174300
Flow Uec_405_992 flowId 622 uecSrc 621 finished at 9638.77 total messages 1 total packets 2448 RTS 0 total bytes 10002528 in_flight now 0 fair_inc 297783 prop_inc 38680 fast_inc 0 eta_inc 283100 multi_dec -654467 quick_dec -72474 nack_dec -195050
Flow Uec_789_122 flowId 102 uecSrc 101 finished at 9669.25 total messages 1 total packets 2448 RTS 0 total bytes 10002528 in_flight now 0 fair_inc 466151 prop_inc 38430 fast_inc 0 eta_inc 275948 multi_dec -832559 quick_dec -46593 nack_dec -170150
Flow Uec_451_916 flowId 799 uecSrc 798 finished at 9685.78 total messages 1 total packets 2448 RTS 0 total bytes 10002528 in_flight now 0 fair_inc 445877 prop_inc 55140 fast_inc 0 eta_inc 276544 multi_dec -839551 quick_dec -67931 nack_dec -199200
Flow Uec_227_769 flowId 536 uecSrc 535 finished at 9699.45 total messages 1 total packets 2448 RTS 0 total bytes 10002528 in_flight now 0 fair_inc 464994 prop_inc 6842 fast_inc 0 eta_inc 273564 multi_dec -874525 quick_dec -66151 nack_dec -195050
Flow Uec_299_783 flowId 503 uecSrc 502 finished at 9713.77 total messages 1 total packets 2448 RTS 0 total bytes 10002528 in_flight now 0 fair_inc 478439 prop_inc 7653 fast_inc 0 eta_inc 277140 multi_dec -910527 quick_dec --26 nack_dec -178450
Flow Uec_408_979 flowId 721 uecSrc 720 finished at 9758.41 total messages 1 total packets 2448 RTS 0 total bytes 10002528 in_flight now 0 fair_inc 411813 prop_inc 49396 fast_inc 0 eta_inc 283696 multi_dec -806213 quick_dec -70301 nack_dec -203350
Flow Uec_493_991 flowId 490 uecSrc 489 finished at 9772.88 total messages 1 total packets 2448 RTS 0 total bytes 10002528 in_flight now 0 fair_inc 320581 prop_inc 65670 fast_inc 0 eta_inc 281908 multi_dec -685581 quick_dec -57851 nack_dec -195050
9789.9 flowid 668 Spurious 634
Flow Uec_737_150 flowId 577 uecSrc 576 finished at 9792.01 total messages 1 total packets 2448 RTS 0 total bytes 10002528 in_flight now 0 fair_inc 376714 prop_inc 128979 fast_inc 0 eta_inc 281312 multi_dec -757012 quick_dec -85783 nack_dec -178450
Flow Uec_442_932 flowId 659 uecSrc 658 finished at 9794.94 total messages 1 total packets 2448 RTS 0 total bytes 10002528 in_flight now 0 fair_inc 353166 prop_inc 66883 fast_inc 266088 eta_inc 286080 multi_dec -743620 quick_dec -116050 nack_dec -161850
Flow Uec_820_237 flowId 456 uecSrc 455 finished at 9818.14 total messages 1 total packets 2448 RTS 0 total bytes 10002528 in_flight now 0 fair_inc 485507 prop_inc 12844 fast_inc 0 eta_inc 278928 multi_dec -903233 quick_dec -42443 nack_dec -199200
Flow Uec_246_745 flowId 449 uecSrc 448 finished at 9887.2 total messages 1 total packets 2448 RTS 0 total bytes 10002528 in_flight now 0 fair_inc 468020 prop_inc 12705 fast_inc 0 eta_inc 279524 multi_dec -881388 quick_dec -88093 nack_dec -174300
9904.5 flowid 668 Spurious 634
Flow Uec_852_254 flowId 388 uecSrc 387 finished at 9918.86 total messages 1 total packets 2448 RTS 0 total bytes 10002528 in_flight now 0 fair_inc 413192 prop_inc 15619 fast_inc 0 eta_inc 280716 multi_dec -804087 quick_dec -79197 nack_dec -182600
Flow Uec_313_853 flowId 211 uecSrc 210 finished at 9929.13 total messages 1 total packets 2448 RTS 0 total bytes 10002528 in_flight now 0 fair_inc 390839 prop_inc 18006 fast_inc 0 eta_inc 280120 multi_dec -800749 quick_dec -4497 nack_dec -190900
Flow Uec_859_269 flowId 33 uecSrc 32 finished at 9937.41 total messages 1 total packets 2448 RTS 0 total bytes 10002528 in_flight now 0 fair_inc 476163 prop_inc 20253 fast_inc 0 eta_inc 278928 multi_dec -905147 quick_dec -9345 nack_dec -195050
Flow Uec_267_737 flowId 179 uecSrc 178 finished at 9945.1 total messages 1 total packets 2448 RTS 0 total bytes 10002528 in_flight now 0 fair_inc 379907 prop_inc 18264 fast_inc 0 eta_inc 286080 multi_dec -792602 quick_dec --1545 nack_dec -186750
Flow Uec_838_253 flowId 87 uecSrc 86 finished at 9977.05 total messages 1 total packets 2448 RTS 0 total bytes 10002528 in_flight now 0 fair_inc 450995 prop_inc 20962 fast_inc 0 eta_inc 282504 multi_dec -895303 quick_dec -12201 nack_dec -186750
9993.06 flowid 206 Spurious 2455
9993.19 flowid 206 Spurious 2456
Flow Uec_206_777 flowId 637 uecSrc 636 finished at 9997.15 total messages 1 total packets 2448 RTS 0 total bytes 10002528 in_flight now 0 fair_inc 376919 prop_inc 17050 fast_inc 0 eta_inc 282504 multi_dec -729625 quick_dec -88093 nack_dec -182600
Flow Uec_696_95 flowId 206 uecSrc 205 finished at 9999.22 total messages 1 total packets 2457 RTS 9 total bytes 10002528 in_flight now 0 fair_inc 251256 prop_inc 324763 fast_inc 0 eta_inc 249724 multi_dec -755070 quick_dec -67866 nack_dec -170150
10019.1 flowid 668 Spurious 634
Flow Uec_826_233 flowId 137 uecSrc 136 finished at 10043.3 total messages 1 total packets 2448 RTS 0 total bytes 10002528 in_flight now 0 fair_inc 448292 prop_inc 15369 fast_inc 0 eta_inc 285484 multi_dec -839994 quick_dec -12806 nack_dec -195050
Flow Uec_812_293 flowId 434 uecSrc 433 finished at 10051.4 total messages 1 total packets 2448 RTS 0 total bytes 10002528 in_flight now 0 fair_inc 370260 prop_inc 13046 fast_inc 0 eta_inc 284292 multi_dec -757480 quick_dec -68684 nack_dec -178450
Flow Uec_843_279 flowId 372 uecSrc 371 finished at 10061.1 total messages 1 total packets 2448 RTS 0 total bytes 10002528 in_flight now 0 fair_inc 444263 prop_inc 14916 fast_inc 0 eta_inc 284292 multi_dec -848824 quick_dec -77174 nack_dec -195050
10133.7 flowid 668 Spurious 634
Flow Uec_516_1080 flowId 273 uecSrc 272 finished at 10141.7 total messages 1 total packets 2448 RTS 0 total bytes 10002528 in_flight now 0 fair_inc 363422 prop_inc 15305 fast_inc 0 eta_inc 285484 multi_dec -752799 quick_dec -62001 nack_dec -186750
Flow Uec_230_781 flowId 684 uecSrc 683 finished at 10151.9 total messages 1 total packets 2448 RTS 0 total bytes 10002528 in_flight now 0 fair_inc 377332 prop_inc 18786 fast_inc 0 eta_inc 288464 multi_dec -742364 quick_dec -62597 nack_dec -207500
Flow Uec_558_1097 flowId 530 uecSrc 529 finished at 10168.7 total messages 1 total packets 2448 RTS 0 total bytes 10002528 in_flight now 0 fair_inc 365386 prop_inc 14760 fast_inc 0 eta_inc 286080 multi_dec -740401 quick_dec -83943 nack_dec -178450
Flow Uec_851_238 flowId 609 uecSrc 608 finished at 10171.6 total messages 1 total packets 2448 RTS 0 total bytes 10002528 in_flight now 0 fair_inc 319050 prop_inc 22758 fast_inc 0 eta_inc 291444 multi_dec -731656 quick_dec --770 nack_dec -166000
Flow Uec_560_1073 flowId 337 uecSrc 336 finished at 10179.1 total messages 1 total packets 2448 RTS 0 total bytes 10002528 in_flight now 0 fair_inc 292043 prop_inc 22140 fast_inc 0 eta_inc 286676 multi_dec -658637 quick_dec -66151 nack_dec -199200
Flow Uec_567_1023 flowId 415 uecSrc 414 finished at 10192.8 total messages 1 total packets 2448 RTS 0 total bytes 10002528 in_flight now 0 fair_inc 242117 prop_inc 16591 fast_inc 0 eta_inc 292040 multi_dec -570202 quick_dec -75047 nack_dec -211650
Flow Uec_815_248 flowId 528 uecSrc 527 finished at 10234.2 total messages 1 total packets 2448 RTS 0 total bytes 10002528 in_flight now 0 fair_inc 472060 prop_inc 18871 fast_inc 0 eta_inc 292040 multi_dec -930486 quick_dec --922 nack_dec -170150
10248.3 flowid 668 Spurious 634
Flow Uec_278_767 flowId 371 uecSrc 370 finished at 10279.2 total messages 1 total packets 2448 RTS 0 total bytes 10002528 in_flight now 0 fair_inc 371067 prop_inc 19624 fast_inc 0 eta_inc 292040 multi_dec -741663 quick_dec -12797 nack_dec -207500
Flow Uec_863_228 flowId 260 uecSrc 259 finished at 10287.3 total messages 1 total packets 2448 RTS 0 total bytes 10002528 in_flight now 0 fair_inc 408113 prop_inc 24539 fast_inc 0 eta_inc 296808 multi_dec -840231 quick_dec -1091 nack_dec -174300
Flow Uec_827_259 flowId 725 uecSrc 724 finished at 10320.2 total messages 1 total packets 2448 RTS 0 total bytes 10002528 in_flight now 0 fair_inc 452504 prop_inc 19967 fast_inc 0 eta_inc 292040 multi_dec -846520 quick_dec -95797 nack_dec -190900
Flow Uec_389_880 flowId 508 uecSrc 507 finished at 10359.9 total messages 1 total packets 2448 RTS 0 total bytes 10002528 in_flight now 0 fair_inc 486383 prop_inc 17254 fast_inc 0 eta_inc 292636 multi_dec -922326 quick_dec -4497 nack_dec -203350
10362.9 flowid 668 Spurious 634
Flow Uec_397_868 flowId 129 uecSrc 128 finished at 10380.6 total messages 1 total packets 2448 RTS 0 total bytes 10002528 in_flight now 0 fair_inc 441925 prop_inc 21268 fast_inc 0 eta_inc 293232 multi_dec -861744 quick_dec -8656 nack_dec -215800
Flow Uec_830_232 flowId 172 uecSrc 171 finished at 10401.1 total messages 1 total packets 2448 RTS 0 total bytes 10002528 in_flight now 0 fair_inc 385229 prop_inc 26499 fast_inc 0 eta_inc 296808 multi_dec -798315 quick_dec -20596 nack_dec -186750
Flow Uec_581_1090 flowId 46 uecSrc 45 finished at 10422 total messages 1 total packets 2448 RTS 0 total bytes 10002528 in_flight now 0 fair_inc 340760 prop_inc 44144 fast_inc 0 eta_inc 297404 multi_dec -732964 quick_dec -25843 nack_dec -178450
Flow Uec_814_297 flowId 628 uecSrc 627 finished at 10425.6 total messages 1 total packets 2448 RTS 0 total bytes 10002528 in_flight now 0 fair_inc 353135 prop_inc 28640 fast_inc 0 eta_inc 295616 multi_dec -735903 quick_dec -82938 nack_dec -145250
Flow Uec_817_249 flowId 707 uecSrc 706 finished at 10432 total messages 1 total packets 2448 RTS 0 total bytes 10002528 in_flight now 0 fair_inc 402393 prop_inc 31259 fast_inc 0 eta_inc 297404 multi_dec -799145 quick_dec -33547 nack_dec -207500
Flow Uec_217_754 flowId 588 uecSrc 587 finished at 10436.6 total messages 1 total packets 2448 RTS 0 total bytes 10002528 in_flight now 0 fair_inc 440480 prop_inc 29539 fast_inc 0 eta_inc 297404 multi_dec -858496 quick_dec -87497 nack_dec -178450
10477.5 flowid 668 Spurious 634
Flow Uec_336_883 flowId 309 uecSrc 308 finished at 10523.1 total messages 1 total packets 2448 RTS 0 total bytes 10002528 in_flight now 0 fair_inc 463374 prop_inc 14317 fast_inc 0 eta_inc 295616 multi_dec -904011 quick_dec -61209 nack_dec -190900
Flow Uec_808_271 flowId 717 uecSrc 716 finished at 10524.4 total messages 1 total packets 2448 RTS 0 total bytes 10002528 in_flight now 0 fair_inc 477763 prop_inc 45853 fast_inc 0 eta_inc 299192 multi_dec -909264 quick_dec -72450 nack_dec -186750
Flow Uec_834_227 flowId 244 uecSrc 243 finished at 10527.5 total messages 1 total packets 2448 RTS 0 total bytes 10002528 in_flight now 0 fair_inc 409892 prop_inc 59616 fast_inc 0 eta_inc 301576 multi_dec -817738 quick_dec -92839 nack_dec -166000
Flow Uec_805_265 flowId 537 uecSrc 536 finished at 10536.8 total messages 1 total packets 2448 RTS 0 total bytes 10002528 in_flight now 0 fair_inc 451069 prop_inc 46816 fast_inc 0 eta_inc 299788 multi_dec -889451 quick_dec -37101 nack_dec -207500
Flow Uec_232_763 flowId 617 uecSrc 616 finished at 10549 total messages 1 total packets 2448 RTS 0 total bytes 10002528 in_flight now 0 fair_inc 290870 prop_inc 73393 fast_inc 0 eta_inc 304556 multi_dec -680465 quick_dec -74451 nack_dec -199200
Flow Uec_594_1061 flowId 800 uecSrc 799 finished at 10574.2 total messages 1 total packets 2448 RTS 0 total bytes 10002528 in_flight now 0 fair_inc 306832 prop_inc 63013 fast_inc 0 eta_inc 307536 multi_dec -727051 quick_dec --2418 nack_dec -178450
Flow Uec_574_1008 flowId 26 uecSrc 25 finished at 10577.3 total messages 1 total packets 2448 RTS 0 total bytes 10002528 in_flight now 0 fair_inc 286653 prop_inc 55107 fast_inc 0 eta_inc 306344 multi_dec -667900 quick_dec -8051 nack_dec -203350
10592.1 flowid 668 Spurious 634
Flow Uec_209_774 flowId 457 uecSrc 456 finished at 10595.7 total messages 1 total packets 2448 RTS 0 total bytes 10002528 in_flight now 0 fair_inc 331887 prop_inc 90121 fast_inc 11112 eta_inc 303364 multi_dec -746537 quick_dec -87497 nack_dec -186750
Flow Uec_825_216 flowId 287 uecSrc 286 finished at 10599.6 total messages 1 total packets 2448 RTS 0 total bytes 10002528 in_flight now 0 fair_inc 380901 prop_inc 111321 fast_inc 0 eta_inc 304556 multi_dec -810821 quick_dec -28801 nack_dec -203350
Flow Uec_803_242 flowId 11 uecSrc 10 finished at 10624.3 total messages 1 total packets 2448 RTS 0 total bytes 10002528 in_flight now 0 fair_inc 415790 prop_inc 107192 fast_inc 0 eta_inc 304556 multi_dec -880936 quick_dec -41251 nack_dec -203350
10706.7 flowid 668 Spurious 634
Flow Uec_807_209 flowId 547 uecSrc 546 finished at 10783.7 total messages 1 total packets 2448 RTS 0 total bytes 10002528 in_flight now 0 fair_inc 502865 prop_inc 18381 fast_inc 0 eta_inc 305152 multi_dec -1004929 quick_dec -28801 nack_dec -186750
10821.3 flowid 668 Spurious 634
Flow Uec_309_826 flowId 549 uecSrc 548 finished at 10867.5 total messages 1 total packets 2448 RTS 0 total bytes 10002528 in_flight now 0 fair_inc 465176 prop_inc 17857 fast_inc 0 eta_inc 309920 multi_dec -932251 quick_dec -70897 nack_dec -207500
10935.9 flowid 668 Spurious 634
Flow Uec_330_877 flowId 793 uecSrc 792 finished at 10968.2 total messages 1 total packets 2448 RTS 0 total bytes 10002528 in_flight now 0 fair_inc 562159 prop_inc 9940 fast_inc 0 eta_inc 308728 multi_dec -1057110 quick_dec -40310 nack_dec -190900
Flow Uec_890_274 flowId 521 uecSrc 520 finished at 11003.7 total messages 1 total packets 2448 RTS 0 total bytes 10002528 in_flight now 0 fair_inc 591638 prop_inc 10827 fast_inc 0 eta_inc 308728 multi_dec -1102331 quick_dec -52605 nack_dec -190900
Flow Uec_333_848 flowId 798 uecSrc 797 finished at 11007.6 total messages 1 total packets 2448 RTS 0 total bytes 10002528 in_flight now 0 fair_inc 549903 prop_inc 10793 fast_inc 0 eta_inc 309324 multi_dec -1053664 quick_dec -36462 nack_dec -190900
11050.5 flowid 668 Spurious 634
Flow Uec_897_258 flowId 218 uecSrc 217 finished at 11064.2 total messages 1 total packets 2448 RTS 0 total bytes 10002528 in_flight now 0 fair_inc 503298 prop_inc 15008 fast_inc 0 eta_inc 310516 multi_dec -978538 quick_dec -20501 nack_dec -199200
Flow Uec_860_295 flowId 708 uecSrc 707 finished at 11145.3 total messages 1 total packets 2448 RTS 0 total bytes 10002528 in_flight now 0 fair_inc 534933 prop_inc 12803 fast_inc 0 eta_inc 312900 multi_dec -1009136 quick_dec -54297 nack_dec -195050
Flow Uec_321_844 flowId 695 uecSrc 694 finished at 11214.2 total messages 1 total packets 2448 RTS 0 total bytes 10002528 in_flight now 0 fair_inc 340215 prop_inc 25771 fast_inc 0 eta_inc 316476 multi_dec -765600 quick_dec -69169 nack_dec -178450
11220.1 flowid 668 Spurious 755
Flow Uec_364_864 flowId 310 uecSrc 309 finished at 11224.6 total messages 1 total packets 2448 RTS 0 total bytes 10002528 in_flight now 0 fair_inc 424621 prop_inc 16816 fast_inc 0 eta_inc 321244 multi_dec -908759 quick_dec -70897 nack_dec -203350
Flow Uec_361_810 flowId 110 uecSrc 109 finished at 11225.4 total messages 1 total packets 2448 RTS 0 total bytes 10002528 in_flight now 0 fair_inc 435746 prop_inc 16354 fast_inc 0 eta_inc 317072 multi_dec -886763 quick_dec -66151 nack_dec -195050
Flow Uec_821_244 flowId 569 uecSrc 568 finished at 11250.7 total messages 1 total packets 2448 RTS 0 total bytes 10002528 in_flight now 0 fair_inc 390212 prop_inc 23852 fast_inc 0 eta_inc 317668 multi_dec -858613 quick_dec -12797 nack_dec -186750
Flow Uec_809_241 flowId 331 uecSrc 330 finished at 11303.6 total messages 1 total packets 2448 RTS 0 total bytes 10002528 in_flight now 0 fair_inc 548156 prop_inc 17296 fast_inc 0 eta_inc 318264 multi_dec -1045734 quick_dec -63627 nack_dec -195050
Flow Uec_348_827 flowId 568 uecSrc 567 finished at 11318.3 total messages 1 total packets 2448 RTS 0 total bytes 10002528 in_flight now 0 fair_inc 333268 prop_inc 49295 fast_inc 0 eta_inc 324820 multi_dec -786420 quick_dec --2070 nack_dec -174300
11334.7 flowid 668 Spurious 755
Flow Uec_326_897 flowId 311 uecSrc 310 finished at 11348.3 total messages 1 total packets 2448 RTS 0 total bytes 10002528 in_flight now 0 fair_inc 478618 prop_inc 45387 fast_inc 0 eta_inc 322436 multi_dec -931112 quick_dec -76248 nack_dec -182600
Flow Uec_866_250 flowId 25 uecSrc 24 finished at 11360.5 total messages 1 total packets 2448 RTS 0 total bytes 10002528 in_flight now 0 fair_inc 459119 prop_inc 24978 fast_inc 0 eta_inc 320648 multi_dec -933638 quick_dec -24651 nack_dec -199200
Flow Uec_892_202 flowId 161 uecSrc 160 finished at 11373.6 total messages 1 total packets 2448 RTS 0 total bytes 10002528 in_flight now 0 fair_inc 490553 prop_inc 26936 fast_inc 0 eta_inc 320648 multi_dec -968167 quick_dec -76497 nack_dec -190900
Flow Uec_868_275 flowId 821 uecSrc 820 finished at 11394.7 total messages 1 total packets 2448 RTS 0 total bytes 10002528 in_flight now 0 fair_inc 467431 prop_inc 29277 fast_inc 0 eta_inc 321244 multi_dec -939442 quick_dec -66151 nack_dec -199200
Flow Uec_806_211 flowId 527 uecSrc 526 finished at 11406.4 total messages 1 total packets 2448 RTS 0 total bytes 10002528 in_flight now 0 fair_inc 482302 prop_inc 46094 fast_inc 0 eta_inc 321840 multi_dec -944426 quick_dec -89987 nack_dec -174300
Flow Uec_334_839 flowId 584 uecSrc 583 finished at 11410.3 total messages 1 total packets 2448 RTS 0 total bytes 10002528 in_flight now 0 fair_inc 389173 prop_inc 62840 fast_inc 121622 eta_inc 324224 multi_dec -836943 quick_dec -52874 nack_dec -190900
11449.3 flowid 668 Spurious 755
11563.9 flowid 668 Spurious 755
11678.5 flowid 668 Spurious 755
11793.1 flowid 668 Spurious 755
11975.1 flowid 668 Spurious 888
12089.7 flowid 668 Spurious 888
12204.3 flowid 668 Spurious 888
12318.9 flowid 668 Spurious 888
12541.7 flowid 668 Spurious 1137
12656.3 flowid 668 Spurious 1137
13080.7 flowid 668 Spurious 1607
13195.3 flowid 668 Spurious 1607
13443.3 flowid 668 Spurious 1916
13557.9 flowid 668 Spurious 1916
13672.5 flowid 668 Spurious 1916
13962 flowid 668 Spurious 2265
14076.6 flowid 668 Spurious 2265
14191.2 flowid 668 Spurious 2265
14305.8 flowid 668 Spurious 2265
14420.4 flowid 668 Spurious 2265
14535 flowid 668 Spurious 2265
14649.6 flowid 668 Spurious 2265
14834.8 flowid 668 Spurious 2438
14835.2 flowid 668 Spurious 2439
14835.5 flowid 668 Spurious 2440
14835.8 flowid 668 Spurious 2441
14836.2 flowid 668 Spurious 2442
14836.5 flowid 668 Spurious 2443
14836.8 flowid 668 Spurious 2444
14837.2 flowid 668 Spurious 2445
14837.5 flowid 668 Spurious 2446
14837.8 flowid 668 Spurious 2447
14838.2 flowid 668 Spurious 2448
14838.5 flowid 668 Spurious 2449
14838.8 flowid 668 Spurious 2450
14839.2 flowid 668 Spurious 2451
14839.5 flowid 668 Spurious 2452
14839.8 flowid 668 Spurious 2453
14840.2 flowid 668 Spurious 2454
14840.5 flowid 668 Spurious 2455
14840.8 flowid 668 Spurious 2456
Flow Uec_501_1035 flowId 668 uecSrc 667 finished at 14840.9 total messages 1 total packets 2460 RTS 12 total bytes 10002528 in_flight now 0 fair_inc 0 prop_inc 431000 fast_inc 142453 eta_inc 42316 multi_dec -0 quick_dec -174051 nack_dec -20750
14841.1 flowid 668 Spurious 2457
14841.5 flowid 668 Spurious 2458
14841.6 flowid 668 Spurious 2459
.Done
New: 2019600 Rtx: 38486 RTS: 3034 Bounced: 0 ACKs: 1923218 NACKs: 30927 Pulls: 0 sleek_pkts: 0
