Load balancing algorithm set to reps
no_of_nodes 1100
Dragonfly+ strategy: REPS_DFP
Setting queuesize to 50 packets
endtime(us) 100000
random seed 4
Using generated Dragonfly+ tornado traffic instead of -tm
Tornado active connections 550
Tornado flow size 2000000 bytes
Packet size (MTU) is 4150
Parsed args
Logging to finalmaybe/runs/tornado_reps_share_load0.50_fs2000000_seed4.dat
Sizing queues and ECN thresholds for an unloaded RTT of 11.6856 us
Setting ECN low 33200 high 120350
Dragonfly+ with medium topology type
Link latencies: 1 and switch latencies: 0
queue_id 2 ecn_low 33200 ecn_high 120350
DragonFly+ constructor done, 1100 nodes created
Generating tornado connection matrix: python3 connection_matrices/gen_tornado_dfp.py /tmp/dfp_tornado_152191.cm 1100 550 2000000 0.0 4 10 10
Nodes:  1100
Connections:  550
Flowsize:  2000000 bytes
ExtraStartTime:  0.0 us
Random Seed  4
Dragonfly+ p= 10 l= 10
group_size=100  no_groups=11  opposite group offset=5
Loading generated tornado connection matrix from /tmp/dfp_tornado_152191.cm
Nodes: 1100 Connections: 550 Triggers: 0 Failures: 0
network_max_unloaded_rtt 11.6856 us
Setting min RTO to 114.6
Per-hop RTT normalization: ON (strategy reps_dfp)
Initializing static NSCC parameters: _reference_network_linkspeed=100000000000 _reference_network_rtt=12000000 _reference_network_bdp=150000 _target_Qdelay=8764200 _network_linkspeed=100000000000 _network_rtt=11685600 _network_bdp=146070 _qa_gate=2^3 _qa_threshold=3.50568e+07 _scaling_factor_a=0.9738 _scaling_factor_b=0.73035 _alpha=0.00132632 _fi=19894.7 _eta=596.842 _qa_scaling=1 _gamma=0.8 _fi_scale=0.24345 _delay_alpha=0.0125 _adjust_period_threshold=11685600 _adjust_bytes_threshold=33200
Initialize per-instance NSCC parameters: flowid 1 _base_rtt=11685600 _base_bdp=146070 _bdp=146070 _min_cwnd=4150 _maxwnd=219105 _cwnd=219105
Initialize per-instance NSCC parameters: flowid 2 _base_rtt=11685600 _base_bdp=146070 _bdp=146070 _min_cwnd=4150 _maxwnd=219105 _cwnd=219105
Initialize per-instance NSCC parameters: flowid 3 _base_rtt=11685600 _base_bdp=146070 _bdp=146070 _min_cwnd=4150 _maxwnd=219105 _cwnd=219105
Initialize per-instance NSCC parameters: flowid 4 _base_rtt=11685600 _base_bdp=146070 _bdp=146070 _min_cwnd=4150 _maxwnd=219105 _cwnd=219105
Initialize per-instance NSCC parameters: flowid 5 _base_rtt=11685600 _base_bdp=146070 _bdp=146070 _min_cwnd=4150 _maxwnd=219105 _cwnd=219105
Initialize per-instance NSCC parameters: flowid 6 _base_rtt=11685600 _base_bdp=146070 _bdp=146070 _min_cwnd=4150 _maxwnd=219105 _cwnd=219105
Initialize per-instance NSCC parameters: flowid 7 _base_rtt=11685600 _base_bdp=146070 _bdp=146070 _min_cwnd=4150 _maxwnd=219105 _cwnd=219105
Initialize per-instance NSCC parameters: flowid 8 _base_rtt=11685600 _base_bdp=146070 _bdp=146070 _min_cwnd=4150 _maxwnd=219105 _cwnd=219105
Initialize per-instance NSCC parameters: flowid 9 _base_rtt=11685600 _base_bdp=146070 _bdp=146070 _min_cwnd=4150 _maxwnd=219105 _cwnd=219105
Initialize per-instance NSCC parameters: flowid 10 _base_rtt=11685600 _base_bdp=146070 _bdp=146070 _min_cwnd=4150 _maxwnd=219105 _cwnd=219105
Initialize per-instance NSCC parameters: flowid 11 _base_rtt=11685600 _base_bdp=146070 _bdp=146070 _min_cwnd=4150 _maxwnd=219105 _cwnd=219105
Initialize per-instance NSCC parameters: flowid 12 _base_rtt=11685600 _base_bdp=146070 _bdp=146070 _min_cwnd=4150 _maxwnd=219105 _cwnd=219105
Initialize per-instance NSCC parameters: flowid 13 _base_rtt=11685600 _base_bdp=146070 _bdp=146070 _min_cwnd=4150 _maxwnd=219105 _cwnd=219105
Initialize per-instance NSCC parameters: flowid 14 _base_rtt=11685600 _base_bdp=146070 _bdp=146070 _min_cwnd=4150 _maxwnd=219105 _cwnd=219105
Initialize per-instance NSCC parameters: flowid 15 _base_rtt=11685600 _base_bdp=146070 _bdp=146070 _min_cwnd=4150 _maxwnd=219105 _cwnd=219105
Initialize per-instance NSCC parameters: flowid 16 _base_rtt=11685600 _base_bdp=146070 _bdp=146070 _min_cwnd=4150 _maxwnd=219105 _cwnd=219105
Initialize per-instance NSCC parameters: flowid 17 _base_rtt=11685600 _base_bdp=146070 _bdp=146070 _min_cwnd=4150 _maxwnd=219105 _cwnd=219105
Initialize per-instance NSCC parameters: flowid 18 _base_rtt=11685600 _base_bdp=146070 _bdp=146070 _min_cwnd=4150 _maxwnd=219105 _cwnd=219105
Initialize per-instance NSCC parameters: flowid 19 _base_rtt=11685600 _base_bdp=146070 _bdp=146070 _min_cwnd=4150 _maxwnd=219105 _cwnd=219105
Initialize per-instance NSCC parameters: flowid 20 _base_rtt=11685600 _base_bdp=146070 _bdp=146070 _min_cwnd=4150 _maxwnd=219105 _cwnd=219105
Initialize per-instance NSCC parameters: flowid 21 _base_rtt=11685600 _base_bdp=146070 _bdp=146070 _min_cwnd=4150 _maxwnd=219105 _cwnd=219105
Initialize per-instance NSCC parameters: flowid 22 _base_rtt=11685600 _base_bdp=146070 _bdp=146070 _min_cwnd=4150 _maxwnd=219105 _cwnd=219105
Initialize per-instance NSCC parameters: flowid 23 _base_rtt=11685600 _base_bdp=146070 _bdp=146070 _min_cwnd=4150 _maxwnd=219105 _cwnd=219105
Initialize per-instance NSCC parameters: flowid 24 _base_rtt=11685600 _base_bdp=146070 _bdp=146070 _min_cwnd=4150 _maxwnd=219105 _cwnd=219105
Initialize per-instance NSCC parameters: flowid 25 _base_rtt=11685600 _base_bdp=146070 _bdp=146070 _min_cwnd=4150 _maxwnd=219105 _cwnd=219105
Initialize per-instance NSCC parameters: flowid 26 _base_rtt=11685600 _base_bdp=146070 _bdp=146070 _min_cwnd=4150 _maxwnd=219105 _cwnd=219105
Initialize per-instance NSCC parameters: flowid 27 _base_rtt=11685600 _base_bdp=146070 _bdp=146070 _min_cwnd=4150 _maxwnd=219105 _cwnd=219105
Initialize per-instance NSCC parameters: flowid 28 _base_rtt=11685600 _base_bdp=146070 _bdp=146070 _min_cwnd=4150 _maxwnd=219105 _cwnd=219105
Initialize per-instance NSCC parameters: flowid 29 _base_rtt=11685600 _base_bdp=146070 _bdp=146070 _min_cwnd=4150 _maxwnd=219105 _cwnd=219105
Initialize per-instance NSCC parameters: flowid 30 _base_rtt=11685600 _base_bdp=146070 _bdp=146070 _min_cwnd=4150 _maxwnd=219105 _cwnd=219105
Initialize per-instance NSCC parameters: flowid 31 _base_rtt=11685600 _base_bdp=146070 _bdp=146070 _min_cwnd=4150 _maxwnd=219105 _cwnd=219105
Initialize per-instance NSCC parameters: flowid 32 _base_rtt=11685600 _base_bdp=146070 _bdp=146070 _min_cwnd=4150 _maxwnd=219105 _cwnd=219105
Initialize per-instance NSCC parameters: flowid 33 _base_rtt=11685600 _base_bdp=146070 _bdp=146070 _min_cwnd=4150 _maxwnd=219105 _cwnd=219105
Initialize per-instance NSCC parameters: flowid 34 _base_rtt=11685600 _base_bdp=146070 _bdp=146070 _min_cwnd=4150 _maxwnd=219105 _cwnd=219105
Initialize per-instance NSCC parameters: flowid 35 _base_rtt=11685600 _base_bdp=146070 _bdp=146070 _min_cwnd=4150 _maxwnd=219105 _cwnd=219105
Initialize per-instance NSCC parameters: flowid 36 _base_rtt=11685600 _base_bdp=146070 _bdp=146070 _min_cwnd=4150 _maxwnd=219105 _cwnd=219105
Initialize per-instance NSCC parameters: flowid 37 _base_rtt=11685600 _base_bdp=146070 _bdp=146070 _min_cwnd=4150 _maxwnd=219105 _cwnd=219105
Initialize per-instance NSCC parameters: flowid 38 _base_rtt=11685600 _base_bdp=146070 _bdp=146070 _min_cwnd=4150 _maxwnd=219105 _cwnd=219105
Initialize per-instance NSCC parameters: flowid 39 _base_rtt=11685600 _base_bdp=146070 _bdp=146070 _min_cwnd=4150 _maxwnd=219105 _cwnd=219105
Initialize per-instance NSCC parameters: flowid 40 _base_rtt=11685600 _base_bdp=146070 _bdp=146070 _min_cwnd=4150 _maxwnd=219105 _cwnd=219105
Initialize per-instance NSCC parameters: flowid 41 _base_rtt=11685600 _base_bdp=146070 _bdp=146070 _min_cwnd=4150 _maxwnd=219105 _cwnd=219105
Initialize per-instance NSCC parameters: flowid 42 _base_rtt=11685600 _base_bdp=146070 _bdp=146070 _min_cwnd=4150 _maxwnd=219105 _cwnd=219105
Initialize per-instance NSCC parameters: flowid 43 _base_rtt=11685600 _base_bdp=146070 _bdp=146070 _min_cwnd=4150 _maxwnd=219105 _cwnd=219105
Initialize per-instance NSCC parameters: flowid 44 _base_rtt=11685600 _base_bdp=146070 _bdp=146070 _min_cwnd=4150 _maxwnd=219105 _cwnd=219105
Initialize per-instance NSCC parameters: flowid 45 _base_rtt=11685600 _base_bdp=146070 _bdp=146070 _min_cwnd=4150 _maxwnd=219105 _cwnd=219105
Initialize per-instance NSCC parameters: flowid 46 _base_rtt=11685600 _base_bdp=146070 _bdp=146070 _min_cwnd=4150 _maxwnd=219105 _cwnd=219105
Initialize per-instance NSCC parameters: flowid 47 _base_rtt=11685600 _base_bdp=146070 _bdp=146070 _min_cwnd=4150 _maxwnd=219105 _cwnd=219105
Initialize per-instance NSCC parameters: flowid 48 _base_rtt=11685600 _base_bdp=146070 _bdp=146070 _min_cwnd=4150 _maxwnd=219105 _cwnd=219105
Initialize per-instance NSCC parameters: flowid 49 _base_rtt=11685600 _base_bdp=146070 _bdp=146070 _min_cwnd=4150 _maxwnd=219105 _cwnd=219105
Initialize per-instance NSCC parameters: flowid 50 _base_rtt=11685600 _base_bdp=146070 _bdp=146070 _min_cwnd=4150 _maxwnd=219105 _cwnd=219105
Initialize per-instance NSCC parameters: flowid 51 _base_rtt=11685600 _base_bdp=146070 _bdp=146070 _min_cwnd=4150 _maxwnd=219105 _cwnd=219105
Initialize per-instance NSCC parameters: flowid 52 _base_rtt=11685600 _base_bdp=146070 _bdp=146070 _min_cwnd=4150 _maxwnd=219105 _cwnd=219105
Initialize per-instance NSCC parameters: flowid 53 _base_rtt=11685600 _base_bdp=146070 _bdp=146070 _min_cwnd=4150 _maxwnd=219105 _cwnd=219105
Initialize per-instance NSCC parameters: flowid 54 _base_rtt=11685600 _base_bdp=146070 _bdp=146070 _min_cwnd=4150 _maxwnd=219105 _cwnd=219105
Initialize per-instance NSCC parameters: flowid 55 _base_rtt=11685600 _base_bdp=146070 _bdp=146070 _min_cwnd=4150 _maxwnd=219105 _cwnd=219105
Initialize per-instance NSCC parameters: flowid 56 _base_rtt=11685600 _base_bdp=146070 _bdp=146070 _min_cwnd=4150 _maxwnd=219105 _cwnd=219105
Initialize per-instance NSCC parameters: flowid 57 _base_rtt=11685600 _base_bdp=146070 _bdp=146070 _min_cwnd=4150 _maxwnd=219105 _cwnd=219105
Initialize per-instance NSCC parameters: flowid 58 _base_rtt=11685600 _base_bdp=146070 _bdp=146070 _min_cwnd=4150 _maxwnd=219105 _cwnd=219105
Initialize per-instance NSCC parameters: flowid 59 _base_rtt=11685600 _base_bdp=146070 _bdp=146070 _min_cwnd=4150 _maxwnd=219105 _cwnd=219105
Initialize per-instance NSCC parameters: flowid 60 _base_rtt=11685600 _base_bdp=146070 _bdp=146070 _min_cwnd=4150 _maxwnd=219105 _cwnd=219105
Initialize per-instance NSCC parameters: flowid 61 _base_rtt=11685600 _base_bdp=146070 _bdp=146070 _min_cwnd=4150 _maxwnd=219105 _cwnd=219105
Initialize per-instance NSCC parameters: flowid 62 _base_rtt=11685600 _base_bdp=146070 _bdp=146070 _min_cwnd=4150 _maxwnd=219105 _cwnd=219105
Initialize per-instance NSCC parameters: flowid 63 _base_rtt=11685600 _base_bdp=146070 _bdp=146070 _min_cwnd=4150 _maxwnd=219105 _cwnd=219105
Initialize per-instance NSCC parameters: flowid 64 _base_rtt=11685600 _base_bdp=146070 _bdp=146070 _min_cwnd=4150 _maxwnd=219105 _cwnd=219105
Initialize per-instance NSCC parameters: flowid 65 _base_rtt=11685600 _base_bdp=146070 _bdp=146070 _min_cwnd=4150 _maxwnd=219105 _cwnd=219105
Initialize per-instance NSCC parameters: flowid 66 _base_rtt=11685600 _base_bdp=146070 _bdp=146070 _min_cwnd=4150 _maxwnd=219105 _cwnd=219105
Initialize per-instance NSCC parameters: flowid 67 _base_rtt=11685600 _base_bdp=146070 _bdp=146070 _min_cwnd=4150 _maxwnd=219105 _cwnd=219105
Initialize per-instance NSCC parameters: flowid 68 _base_rtt=11685600 _base_bdp=146070 _bdp=146070 _min_cwnd=4150 _maxwnd=219105 _cwnd=219105
Initialize per-instance NSCC parameters: flowid 69 _base_rtt=11685600 _base_bdp=146070 _bdp=146070 _min_cwnd=4150 _maxwnd=219105 _cwnd=219105
Initialize per-instance NSCC parameters: flowid 70 _base_rtt=11685600 _base_bdp=146070 _bdp=146070 _min_cwnd=4150 _maxwnd=219105 _cwnd=219105
Initialize per-instance NSCC parameters: flowid 71 _base_rtt=11685600 _base_bdp=146070 _bdp=146070 _min_cwnd=4150 _maxwnd=219105 _cwnd=219105
Initialize per-instance NSCC parameters: flowid 72 _base_rtt=11685600 _base_bdp=146070 _bdp=146070 _min_cwnd=4150 _maxwnd=219105 _cwnd=219105
Initialize per-instance NSCC parameters: flowid 73 _base_rtt=11685600 _base_bdp=146070 _bdp=146070 _min_cwnd=4150 _maxwnd=219105 _cwnd=219105
Initialize per-instance NSCC parameters: flowid 74 _base_rtt=11685600 _base_bdp=146070 _bdp=146070 _min_cwnd=4150 _maxwnd=219105 _cwnd=219105
Initialize per-instance NSCC parameters: flowid 75 _base_rtt=11685600 _base_bdp=146070 _bdp=146070 _min_cwnd=4150 _maxwnd=219105 _cwnd=219105
Initialize per-instance NSCC parameters: flowid 76 _base_rtt=11685600 _base_bdp=146070 _bdp=146070 _min_cwnd=4150 _maxwnd=219105 _cwnd=219105
Initialize per-instance NSCC parameters: flowid 77 _base_rtt=11685600 _base_bdp=146070 _bdp=146070 _min_cwnd=4150 _maxwnd=219105 _cwnd=219105
Initialize per-instance NSCC parameters: flowid 78 _base_rtt=11685600 _base_bdp=146070 _bdp=146070 _min_cwnd=4150 _maxwnd=219105 _cwnd=219105
Initialize per-instance NSCC parameters: flowid 79 _base_rtt=11685600 _base_bdp=146070 _bdp=146070 _min_cwnd=4150 _maxwnd=219105 _cwnd=219105
Initialize per-instance NSCC parameters: flowid 80 _base_rtt=11685600 _base_bdp=146070 _bdp=146070 _min_cwnd=4150 _maxwnd=219105 _cwnd=219105
Initialize per-instance NSCC parameters: flowid 81 _base_rtt=11685600 _base_bdp=146070 _bdp=146070 _min_cwnd=4150 _maxwnd=219105 _cwnd=219105
Initialize per-instance NSCC parameters: flowid 82 _base_rtt=11685600 _base_bdp=146070 _bdp=146070 _min_cwnd=4150 _maxwnd=219105 _cwnd=219105
Initialize per-instance NSCC parameters: flowid 83 _base_rtt=11685600 _base_bdp=146070 _bdp=146070 _min_cwnd=4150 _maxwnd=219105 _cwnd=219105
Initialize per-instance NSCC parameters: flowid 84 _base_rtt=11685600 _base_bdp=146070 _bdp=146070 _min_cwnd=4150 _maxwnd=219105 _cwnd=219105
Initialize per-instance NSCC parameters: flowid 85 _base_rtt=11685600 _base_bdp=146070 _bdp=146070 _min_cwnd=4150 _maxwnd=219105 _cwnd=219105
Initialize per-instance NSCC parameters: flowid 86 _base_rtt=11685600 _base_bdp=146070 _bdp=146070 _min_cwnd=4150 _maxwnd=219105 _cwnd=219105
Initialize per-instance NSCC parameters: flowid 87 _base_rtt=11685600 _base_bdp=146070 _bdp=146070 _min_cwnd=4150 _maxwnd=219105 _cwnd=219105
Initialize per-instance NSCC parameters: flowid 88 _base_rtt=11685600 _base_bdp=146070 _bdp=146070 _min_cwnd=4150 _maxwnd=219105 _cwnd=219105
Initialize per-instance NSCC parameters: flowid 89 _base_rtt=11685600 _base_bdp=146070 _bdp=146070 _min_cwnd=4150 _maxwnd=219105 _cwnd=219105
Initialize per-instance NSCC parameters: flowid 90 _base_rtt=11685600 _base_bdp=146070 _bdp=146070 _min_cwnd=4150 _maxwnd=219105 _cwnd=219105
Initialize per-instance NSCC parameters: flowid 91 _base_rtt=11685600 _base_bdp=146070 _bdp=146070 _min_cwnd=4150 _maxwnd=219105 _cwnd=219105
Initialize per-instance NSCC parameters: flowid 92 _base_rtt=11685600 _base_bdp=146070 _bdp=146070 _min_cwnd=4150 _maxwnd=219105 _cwnd=219105
Initialize per-instance NSCC parameters: flowid 93 _base_rtt=11685600 _base_bdp=146070 _bdp=146070 _min_cwnd=4150 _maxwnd=219105 _cwnd=219105
Initialize per-instance NSCC parameters: flowid 94 _base_rtt=11685600 _base_bdp=146070 _bdp=146070 _min_cwnd=4150 _maxwnd=219105 _cwnd=219105
Initialize per-instance NSCC parameters: flowid 95 _base_rtt=11685600 _base_bdp=146070 _bdp=146070 _min_cwnd=4150 _maxwnd=219105 _cwnd=219105
Initialize per-instance NSCC parameters: flowid 96 _base_rtt=11685600 _base_bdp=146070 _bdp=146070 _min_cwnd=4150 _maxwnd=219105 _cwnd=219105
Initialize per-instance NSCC parameters: flowid 97 _base_rtt=11685600 _base_bdp=146070 _bdp=146070 _min_cwnd=4150 _maxwnd=219105 _cwnd=219105
Initialize per-instance NSCC parameters: flowid 98 _base_rtt=11685600 _base_bdp=146070 _bdp=146070 _min_cwnd=4150 _maxwnd=219105 _cwnd=219105
Initialize per-instance NSCC parameters: flowid 99 _base_rtt=11685600 _base_bdp=146070 _bdp=146070 _min_cwnd=4150 _maxwnd=219105 _cwnd=219105
Initialize per-instance NSCC parameters: flowid 100 _base_rtt=11685600 _base_bdp=146070 _bdp=146070 _min_cwnd=4150 _maxwnd=219105 _cwnd=219105
Initialize per-instance NSCC parameters: flowid 101 _base_rtt=11685600 _base_bdp=146070 _bdp=146070 _min_cwnd=4150 _maxwnd=219105 _cwnd=219105
Initialize per-instance NSCC parameters: flowid 102 _base_rtt=11685600 _base_bdp=146070 _bdp=146070 _min_cwnd=4150 _maxwnd=219105 _cwnd=219105
Initialize per-instance NSCC parameters: flowid 103 _base_rtt=11685600 _base_bdp=146070 _bdp=146070 _min_cwnd=4150 _maxwnd=219105 _cwnd=219105
Initialize per-instance NSCC parameters: flowid 104 _base_rtt=11685600 _base_bdp=146070 _bdp=146070 _min_cwnd=4150 _maxwnd=219105 _cwnd=219105
Initialize per-instance NSCC parameters: flowid 105 _base_rtt=11685600 _base_bdp=146070 _bdp=146070 _min_cwnd=4150 _maxwnd=219105 _cwnd=219105
Initialize per-instance NSCC parameters: flowid 106 _base_rtt=11685600 _base_bdp=146070 _bdp=146070 _min_cwnd=4150 _maxwnd=219105 _cwnd=219105
Initialize per-instance NSCC parameters: flowid 107 _base_rtt=11685600 _base_bdp=146070 _bdp=146070 _min_cwnd=4150 _maxwnd=219105 _cwnd=219105
Initialize per-instance NSCC parameters: flowid 108 _base_rtt=11685600 _base_bdp=146070 _bdp=146070 _min_cwnd=4150 _maxwnd=219105 _cwnd=219105
Initialize per-instance NSCC parameters: flowid 109 _base_rtt=11685600 _base_bdp=146070 _bdp=146070 _min_cwnd=4150 _maxwnd=219105 _cwnd=219105
Initialize per-instance NSCC parameters: flowid 110 _base_rtt=11685600 _base_bdp=146070 _bdp=146070 _min_cwnd=4150 _maxwnd=219105 _cwnd=219105
Initialize per-instance NSCC parameters: flowid 111 _base_rtt=11685600 _base_bdp=146070 _bdp=146070 _min_cwnd=4150 _maxwnd=219105 _cwnd=219105
Initialize per-instance NSCC parameters: flowid 112 _base_rtt=11685600 _base_bdp=146070 _bdp=146070 _min_cwnd=4150 _maxwnd=219105 _cwnd=219105
Initialize per-instance NSCC parameters: flowid 113 _base_rtt=11685600 _base_bdp=146070 _bdp=146070 _min_cwnd=4150 _maxwnd=219105 _cwnd=219105
Initialize per-instance NSCC parameters: flowid 114 _base_rtt=11685600 _base_bdp=146070 _bdp=146070 _min_cwnd=4150 _maxwnd=219105 _cwnd=219105
Initialize per-instance NSCC parameters: flowid 115 _base_rtt=11685600 _base_bdp=146070 _bdp=146070 _min_cwnd=4150 _maxwnd=219105 _cwnd=219105
Initialize per-instance NSCC parameters: flowid 116 _base_rtt=11685600 _base_bdp=146070 _bdp=146070 _min_cwnd=4150 _maxwnd=219105 _cwnd=219105
Initialize per-instance NSCC parameters: flowid 117 _base_rtt=11685600 _base_bdp=146070 _bdp=146070 _min_cwnd=4150 _maxwnd=219105 _cwnd=219105
Initialize per-instance NSCC parameters: flowid 118 _base_rtt=11685600 _base_bdp=146070 _bdp=146070 _min_cwnd=4150 _maxwnd=219105 _cwnd=219105
Initialize per-instance NSCC parameters: flowid 119 _base_rtt=11685600 _base_bdp=146070 _bdp=146070 _min_cwnd=4150 _maxwnd=219105 _cwnd=219105
Initialize per-instance NSCC parameters: flowid 120 _base_rtt=11685600 _base_bdp=146070 _bdp=146070 _min_cwnd=4150 _maxwnd=219105 _cwnd=219105
Initialize per-instance NSCC parameters: flowid 121 _base_rtt=11685600 _base_bdp=146070 _bdp=146070 _min_cwnd=4150 _maxwnd=219105 _cwnd=219105
Initialize per-instance NSCC parameters: flowid 122 _base_rtt=11685600 _base_bdp=146070 _bdp=146070 _min_cwnd=4150 _maxwnd=219105 _cwnd=219105
Initialize per-instance NSCC parameters: flowid 123 _base_rtt=11685600 _base_bdp=146070 _bdp=146070 _min_cwnd=4150 _maxwnd=219105 _cwnd=219105
Initialize per-instance NSCC parameters: flowid 124 _base_rtt=11685600 _base_bdp=146070 _bdp=146070 _min_cwnd=4150 _maxwnd=219105 _cwnd=219105
Initialize per-instance NSCC parameters: flowid 125 _base_rtt=11685600 _base_bdp=146070 _bdp=146070 _min_cwnd=4150 _maxwnd=219105 _cwnd=219105
Initialize per-instance NSCC parameters: flowid 126 _base_rtt=11685600 _base_bdp=146070 _bdp=146070 _min_cwnd=4150 _maxwnd=219105 _cwnd=219105
Initialize per-instance NSCC parameters: flowid 127 _base_rtt=11685600 _base_bdp=146070 _bdp=146070 _min_cwnd=4150 _maxwnd=219105 _cwnd=219105
Initialize per-instance NSCC parameters: flowid 128 _base_rtt=11685600 _base_bdp=146070 _bdp=146070 _min_cwnd=4150 _maxwnd=219105 _cwnd=219105
Initialize per-instance NSCC parameters: flowid 129 _base_rtt=11685600 _base_bdp=146070 _bdp=146070 _min_cwnd=4150 _maxwnd=219105 _cwnd=219105
Initialize per-instance NSCC parameters: flowid 130 _base_rtt=11685600 _base_bdp=146070 _bdp=146070 _min_cwnd=4150 _maxwnd=219105 _cwnd=219105
Initialize per-instance NSCC parameters: flowid 131 _base_rtt=11685600 _base_bdp=146070 _bdp=146070 _min_cwnd=4150 _maxwnd=219105 _cwnd=219105
Initialize per-instance NSCC parameters: flowid 132 _base_rtt=11685600 _base_bdp=146070 _bdp=146070 _min_cwnd=4150 _maxwnd=219105 _cwnd=219105
Initialize per-instance NSCC parameters: flowid 133 _base_rtt=11685600 _base_bdp=146070 _bdp=146070 _min_cwnd=4150 _maxwnd=219105 _cwnd=219105
Initialize per-instance NSCC parameters: flowid 134 _base_rtt=11685600 _base_bdp=146070 _bdp=146070 _min_cwnd=4150 _maxwnd=219105 _cwnd=219105
Initialize per-instance NSCC parameters: flowid 135 _base_rtt=11685600 _base_bdp=146070 _bdp=146070 _min_cwnd=4150 _maxwnd=219105 _cwnd=219105
Initialize per-instance NSCC parameters: flowid 136 _base_rtt=11685600 _base_bdp=146070 _bdp=146070 _min_cwnd=4150 _maxwnd=219105 _cwnd=219105
Initialize per-instance NSCC parameters: flowid 137 _base_rtt=11685600 _base_bdp=146070 _bdp=146070 _min_cwnd=4150 _maxwnd=219105 _cwnd=219105
Initialize per-instance NSCC parameters: flowid 138 _base_rtt=11685600 _base_bdp=146070 _bdp=146070 _min_cwnd=4150 _maxwnd=219105 _cwnd=219105
Initialize per-instance NSCC parameters: flowid 139 _base_rtt=11685600 _base_bdp=146070 _bdp=146070 _min_cwnd=4150 _maxwnd=219105 _cwnd=219105
Initialize per-instance NSCC parameters: flowid 140 _base_rtt=11685600 _base_bdp=146070 _bdp=146070 _min_cwnd=4150 _maxwnd=219105 _cwnd=219105
Initialize per-instance NSCC parameters: flowid 141 _base_rtt=11685600 _base_bdp=146070 _bdp=146070 _min_cwnd=4150 _maxwnd=219105 _cwnd=219105
Initialize per-instance NSCC parameters: flowid 142 _base_rtt=11685600 _base_bdp=146070 _bdp=146070 _min_cwnd=4150 _maxwnd=219105 _cwnd=219105
Initialize per-instance NSCC parameters: flowid 143 _base_rtt=11685600 _base_bdp=146070 _bdp=146070 _min_cwnd=4150 _maxwnd=219105 _cwnd=219105
Initialize per-instance NSCC parameters: flowid 144 _base_rtt=11685600 _base_bdp=146070 _bdp=146070 _min_cwnd=4150 _maxwnd=219105 _cwnd=219105
Initialize per-instance NSCC parameters: flowid 145 _base_rtt=11685600 _base_bdp=146070 _bdp=146070 _min_cwnd=4150 _maxwnd=219105 _cwnd=219105
Initialize per-instance NSCC parameters: flowid 146 _base_rtt=11685600 _base_bdp=146070 _bdp=146070 _min_cwnd=4150 _maxwnd=219105 _cwnd=219105
Initialize per-instance NSCC parameters: flowid 147 _base_rtt=11685600 _base_bdp=146070 _bdp=146070 _min_cwnd=4150 _maxwnd=219105 _cwnd=219105
Initialize per-instance NSCC parameters: flowid 148 _base_rtt=11685600 _base_bdp=146070 _bdp=146070 _min_cwnd=4150 _maxwnd=219105 _cwnd=219105
Initialize per-instance NSCC parameters: flowid 149 _base_rtt=11685600 _base_bdp=146070 _bdp=146070 _min_cwnd=4150 _maxwnd=219105 _cwnd=219105
Initialize per-instance NSCC parameters: flowid 150 _base_rtt=11685600 _base_bdp=146070 _bdp=146070 _min_cwnd=4150 _maxwnd=219105 _cwnd=219105
Initialize per-instance NSCC parameters: flowid 151 _base_rtt=11685600 _base_bdp=146070 _bdp=146070 _min_cwnd=4150 _maxwnd=219105 _cwnd=219105
Initialize per-instance NSCC parameters: flowid 152 _base_rtt=11685600 _base_bdp=146070 _bdp=146070 _min_cwnd=4150 _maxwnd=219105 _cwnd=219105
Initialize per-instance NSCC parameters: flowid 153 _base_rtt=11685600 _base_bdp=146070 _bdp=146070 _min_cwnd=4150 _maxwnd=219105 _cwnd=219105
Initialize per-instance NSCC parameters: flowid 154 _base_rtt=11685600 _base_bdp=146070 _bdp=146070 _min_cwnd=4150 _maxwnd=219105 _cwnd=219105
Initialize per-instance NSCC parameters: flowid 155 _base_rtt=11685600 _base_bdp=146070 _bdp=146070 _min_cwnd=4150 _maxwnd=219105 _cwnd=219105
Initialize per-instance NSCC parameters: flowid 156 _base_rtt=11685600 _base_bdp=146070 _bdp=146070 _min_cwnd=4150 _maxwnd=219105 _cwnd=219105
Initialize per-instance NSCC parameters: flowid 157 _base_rtt=11685600 _base_bdp=146070 _bdp=146070 _min_cwnd=4150 _maxwnd=219105 _cwnd=219105
Initialize per-instance NSCC parameters: flowid 158 _base_rtt=11685600 _base_bdp=146070 _bdp=146070 _min_cwnd=4150 _maxwnd=219105 _cwnd=219105
Initialize per-instance NSCC parameters: flowid 159 _base_rtt=11685600 _base_bdp=146070 _bdp=146070 _min_cwnd=4150 _maxwnd=219105 _cwnd=219105
Initialize per-instance NSCC parameters: flowid 160 _base_rtt=11685600 _base_bdp=146070 _bdp=146070 _min_cwnd=4150 _maxwnd=219105 _cwnd=219105
Initialize per-instance NSCC parameters: flowid 161 _base_rtt=11685600 _base_bdp=146070 _bdp=146070 _min_cwnd=4150 _maxwnd=219105 _cwnd=219105
Initialize per-instance NSCC parameters: flowid 162 _base_rtt=11685600 _base_bdp=146070 _bdp=146070 _min_cwnd=4150 _maxwnd=219105 _cwnd=219105
Initialize per-instance NSCC parameters: flowid 163 _base_rtt=11685600 _base_bdp=146070 _bdp=146070 _min_cwnd=4150 _maxwnd=219105 _cwnd=219105
Initialize per-instance NSCC parameters: flowid 164 _base_rtt=11685600 _base_bdp=146070 _bdp=146070 _min_cwnd=4150 _maxwnd=219105 _cwnd=219105
Initialize per-instance NSCC parameters: flowid 165 _base_rtt=11685600 _base_bdp=146070 _bdp=146070 _min_cwnd=4150 _maxwnd=219105 _cwnd=219105
Initialize per-instance NSCC parameters: flowid 166 _base_rtt=11685600 _base_bdp=146070 _bdp=146070 _min_cwnd=4150 _maxwnd=219105 _cwnd=219105
Initialize per-instance NSCC parameters: flowid 167 _base_rtt=11685600 _base_bdp=146070 _bdp=146070 _min_cwnd=4150 _maxwnd=219105 _cwnd=219105
Initialize per-instance NSCC parameters: flowid 168 _base_rtt=11685600 _base_bdp=146070 _bdp=146070 _min_cwnd=4150 _maxwnd=219105 _cwnd=219105
Initialize per-instance NSCC parameters: flowid 169 _base_rtt=11685600 _base_bdp=146070 _bdp=146070 _min_cwnd=4150 _maxwnd=219105 _cwnd=219105
Initialize per-instance NSCC parameters: flowid 170 _base_rtt=11685600 _base_bdp=146070 _bdp=146070 _min_cwnd=4150 _maxwnd=219105 _cwnd=219105
Initialize per-instance NSCC parameters: flowid 171 _base_rtt=11685600 _base_bdp=146070 _bdp=146070 _min_cwnd=4150 _maxwnd=219105 _cwnd=219105
Initialize per-instance NSCC parameters: flowid 172 _base_rtt=11685600 _base_bdp=146070 _bdp=146070 _min_cwnd=4150 _maxwnd=219105 _cwnd=219105
Initialize per-instance NSCC parameters: flowid 173 _base_rtt=11685600 _base_bdp=146070 _bdp=146070 _min_cwnd=4150 _maxwnd=219105 _cwnd=219105
Initialize per-instance NSCC parameters: flowid 174 _base_rtt=11685600 _base_bdp=146070 _bdp=146070 _min_cwnd=4150 _maxwnd=219105 _cwnd=219105
Initialize per-instance NSCC parameters: flowid 175 _base_rtt=11685600 _base_bdp=146070 _bdp=146070 _min_cwnd=4150 _maxwnd=219105 _cwnd=219105
Initialize per-instance NSCC parameters: flowid 176 _base_rtt=11685600 _base_bdp=146070 _bdp=146070 _min_cwnd=4150 _maxwnd=219105 _cwnd=219105
Initialize per-instance NSCC parameters: flowid 177 _base_rtt=11685600 _base_bdp=146070 _bdp=146070 _min_cwnd=4150 _maxwnd=219105 _cwnd=219105
Initialize per-instance NSCC parameters: flowid 178 _base_rtt=11685600 _base_bdp=146070 _bdp=146070 _min_cwnd=4150 _maxwnd=219105 _cwnd=219105
Initialize per-instance NSCC parameters: flowid 179 _base_rtt=11685600 _base_bdp=146070 _bdp=146070 _min_cwnd=4150 _maxwnd=219105 _cwnd=219105
Initialize per-instance NSCC parameters: flowid 180 _base_rtt=11685600 _base_bdp=146070 _bdp=146070 _min_cwnd=4150 _maxwnd=219105 _cwnd=219105
Initialize per-instance NSCC parameters: flowid 181 _base_rtt=11685600 _base_bdp=146070 _bdp=146070 _min_cwnd=4150 _maxwnd=219105 _cwnd=219105
Initialize per-instance NSCC parameters: flowid 182 _base_rtt=11685600 _base_bdp=146070 _bdp=146070 _min_cwnd=4150 _maxwnd=219105 _cwnd=219105
Initialize per-instance NSCC parameters: flowid 183 _base_rtt=11685600 _base_bdp=146070 _bdp=146070 _min_cwnd=4150 _maxwnd=219105 _cwnd=219105
Initialize per-instance NSCC parameters: flowid 184 _base_rtt=11685600 _base_bdp=146070 _bdp=146070 _min_cwnd=4150 _maxwnd=219105 _cwnd=219105
Initialize per-instance NSCC parameters: flowid 185 _base_rtt=11685600 _base_bdp=146070 _bdp=146070 _min_cwnd=4150 _maxwnd=219105 _cwnd=219105
Initialize per-instance NSCC parameters: flowid 186 _base_rtt=11685600 _base_bdp=146070 _bdp=146070 _min_cwnd=4150 _maxwnd=219105 _cwnd=219105
Initialize per-instance NSCC parameters: flowid 187 _base_rtt=11685600 _base_bdp=146070 _bdp=146070 _min_cwnd=4150 _maxwnd=219105 _cwnd=219105
Initialize per-instance NSCC parameters: flowid 188 _base_rtt=11685600 _base_bdp=146070 _bdp=146070 _min_cwnd=4150 _maxwnd=219105 _cwnd=219105
Initialize per-instance NSCC parameters: flowid 189 _base_rtt=11685600 _base_bdp=146070 _bdp=146070 _min_cwnd=4150 _maxwnd=219105 _cwnd=219105
Initialize per-instance NSCC parameters: flowid 190 _base_rtt=11685600 _base_bdp=146070 _bdp=146070 _min_cwnd=4150 _maxwnd=219105 _cwnd=219105
Initialize per-instance NSCC parameters: flowid 191 _base_rtt=11685600 _base_bdp=146070 _bdp=146070 _min_cwnd=4150 _maxwnd=219105 _cwnd=219105
Initialize per-instance NSCC parameters: flowid 192 _base_rtt=11685600 _base_bdp=146070 _bdp=146070 _min_cwnd=4150 _maxwnd=219105 _cwnd=219105
Initialize per-instance NSCC parameters: flowid 193 _base_rtt=11685600 _base_bdp=146070 _bdp=146070 _min_cwnd=4150 _maxwnd=219105 _cwnd=219105
Initialize per-instance NSCC parameters: flowid 194 _base_rtt=11685600 _base_bdp=146070 _bdp=146070 _min_cwnd=4150 _maxwnd=219105 _cwnd=219105
Initialize per-instance NSCC parameters: flowid 195 _base_rtt=11685600 _base_bdp=146070 _bdp=146070 _min_cwnd=4150 _maxwnd=219105 _cwnd=219105
Initialize per-instance NSCC parameters: flowid 196 _base_rtt=11685600 _base_bdp=146070 _bdp=146070 _min_cwnd=4150 _maxwnd=219105 _cwnd=219105
Initialize per-instance NSCC parameters: flowid 197 _base_rtt=11685600 _base_bdp=146070 _bdp=146070 _min_cwnd=4150 _maxwnd=219105 _cwnd=219105
Initialize per-instance NSCC parameters: flowid 198 _base_rtt=11685600 _base_bdp=146070 _bdp=146070 _min_cwnd=4150 _maxwnd=219105 _cwnd=219105
Initialize per-instance NSCC parameters: flowid 199 _base_rtt=11685600 _base_bdp=146070 _bdp=146070 _min_cwnd=4150 _maxwnd=219105 _cwnd=219105
Initialize per-instance NSCC parameters: flowid 200 _base_rtt=11685600 _base_bdp=146070 _bdp=146070 _min_cwnd=4150 _maxwnd=219105 _cwnd=219105
Initialize per-instance NSCC parameters: flowid 201 _base_rtt=11685600 _base_bdp=146070 _bdp=146070 _min_cwnd=4150 _maxwnd=219105 _cwnd=219105
Initialize per-instance NSCC parameters: flowid 202 _base_rtt=11685600 _base_bdp=146070 _bdp=146070 _min_cwnd=4150 _maxwnd=219105 _cwnd=219105
Initialize per-instance NSCC parameters: flowid 203 _base_rtt=11685600 _base_bdp=146070 _bdp=146070 _min_cwnd=4150 _maxwnd=219105 _cwnd=219105
Initialize per-instance NSCC parameters: flowid 204 _base_rtt=11685600 _base_bdp=146070 _bdp=146070 _min_cwnd=4150 _maxwnd=219105 _cwnd=219105
Initialize per-instance NSCC parameters: flowid 205 _base_rtt=11685600 _base_bdp=146070 _bdp=146070 _min_cwnd=4150 _maxwnd=219105 _cwnd=219105
Initialize per-instance NSCC parameters: flowid 206 _base_rtt=11685600 _base_bdp=146070 _bdp=146070 _min_cwnd=4150 _maxwnd=219105 _cwnd=219105
Initialize per-instance NSCC parameters: flowid 207 _base_rtt=11685600 _base_bdp=146070 _bdp=146070 _min_cwnd=4150 _maxwnd=219105 _cwnd=219105
Initialize per-instance NSCC parameters: flowid 208 _base_rtt=11685600 _base_bdp=146070 _bdp=146070 _min_cwnd=4150 _maxwnd=219105 _cwnd=219105
Initialize per-instance NSCC parameters: flowid 209 _base_rtt=11685600 _base_bdp=146070 _bdp=146070 _min_cwnd=4150 _maxwnd=219105 _cwnd=219105
Initialize per-instance NSCC parameters: flowid 210 _base_rtt=11685600 _base_bdp=146070 _bdp=146070 _min_cwnd=4150 _maxwnd=219105 _cwnd=219105
Initialize per-instance NSCC parameters: flowid 211 _base_rtt=11685600 _base_bdp=146070 _bdp=146070 _min_cwnd=4150 _maxwnd=219105 _cwnd=219105
Initialize per-instance NSCC parameters: flowid 212 _base_rtt=11685600 _base_bdp=146070 _bdp=146070 _min_cwnd=4150 _maxwnd=219105 _cwnd=219105
Initialize per-instance NSCC parameters: flowid 213 _base_rtt=11685600 _base_bdp=146070 _bdp=146070 _min_cwnd=4150 _maxwnd=219105 _cwnd=219105
Initialize per-instance NSCC parameters: flowid 214 _base_rtt=11685600 _base_bdp=146070 _bdp=146070 _min_cwnd=4150 _maxwnd=219105 _cwnd=219105
Initialize per-instance NSCC parameters: flowid 215 _base_rtt=11685600 _base_bdp=146070 _bdp=146070 _min_cwnd=4150 _maxwnd=219105 _cwnd=219105
Initialize per-instance NSCC parameters: flowid 216 _base_rtt=11685600 _base_bdp=146070 _bdp=146070 _min_cwnd=4150 _maxwnd=219105 _cwnd=219105
Initialize per-instance NSCC parameters: flowid 217 _base_rtt=11685600 _base_bdp=146070 _bdp=146070 _min_cwnd=4150 _maxwnd=219105 _cwnd=219105
Initialize per-instance NSCC parameters: flowid 218 _base_rtt=11685600 _base_bdp=146070 _bdp=146070 _min_cwnd=4150 _maxwnd=219105 _cwnd=219105
Initialize per-instance NSCC parameters: flowid 219 _base_rtt=11685600 _base_bdp=146070 _bdp=146070 _min_cwnd=4150 _maxwnd=219105 _cwnd=219105
Initialize per-instance NSCC parameters: flowid 220 _base_rtt=11685600 _base_bdp=146070 _bdp=146070 _min_cwnd=4150 _maxwnd=219105 _cwnd=219105
Initialize per-instance NSCC parameters: flowid 221 _base_rtt=11685600 _base_bdp=146070 _bdp=146070 _min_cwnd=4150 _maxwnd=219105 _cwnd=219105
Initialize per-instance NSCC parameters: flowid 222 _base_rtt=11685600 _base_bdp=146070 _bdp=146070 _min_cwnd=4150 _maxwnd=219105 _cwnd=219105
Initialize per-instance NSCC parameters: flowid 223 _base_rtt=11685600 _base_bdp=146070 _bdp=146070 _min_cwnd=4150 _maxwnd=219105 _cwnd=219105
Initialize per-instance NSCC parameters: flowid 224 _base_rtt=11685600 _base_bdp=146070 _bdp=146070 _min_cwnd=4150 _maxwnd=219105 _cwnd=219105
Initialize per-instance NSCC parameters: flowid 225 _base_rtt=11685600 _base_bdp=146070 _bdp=146070 _min_cwnd=4150 _maxwnd=219105 _cwnd=219105
Initialize per-instance NSCC parameters: flowid 226 _base_rtt=11685600 _base_bdp=146070 _bdp=146070 _min_cwnd=4150 _maxwnd=219105 _cwnd=219105
Initialize per-instance NSCC parameters: flowid 227 _base_rtt=11685600 _base_bdp=146070 _bdp=146070 _min_cwnd=4150 _maxwnd=219105 _cwnd=219105
Initialize per-instance NSCC parameters: flowid 228 _base_rtt=11685600 _base_bdp=146070 _bdp=146070 _min_cwnd=4150 _maxwnd=219105 _cwnd=219105
Initialize per-instance NSCC parameters: flowid 229 _base_rtt=11685600 _base_bdp=146070 _bdp=146070 _min_cwnd=4150 _maxwnd=219105 _cwnd=219105
Initialize per-instance NSCC parameters: flowid 230 _base_rtt=11685600 _base_bdp=146070 _bdp=146070 _min_cwnd=4150 _maxwnd=219105 _cwnd=219105
Initialize per-instance NSCC parameters: flowid 231 _base_rtt=11685600 _base_bdp=146070 _bdp=146070 _min_cwnd=4150 _maxwnd=219105 _cwnd=219105
Initialize per-instance NSCC parameters: flowid 232 _base_rtt=11685600 _base_bdp=146070 _bdp=146070 _min_cwnd=4150 _maxwnd=219105 _cwnd=219105
Initialize per-instance NSCC parameters: flowid 233 _base_rtt=11685600 _base_bdp=146070 _bdp=146070 _min_cwnd=4150 _maxwnd=219105 _cwnd=219105
Initialize per-instance NSCC parameters: flowid 234 _base_rtt=11685600 _base_bdp=146070 _bdp=146070 _min_cwnd=4150 _maxwnd=219105 _cwnd=219105
Initialize per-instance NSCC parameters: flowid 235 _base_rtt=11685600 _base_bdp=146070 _bdp=146070 _min_cwnd=4150 _maxwnd=219105 _cwnd=219105
Initialize per-instance NSCC parameters: flowid 236 _base_rtt=11685600 _base_bdp=146070 _bdp=146070 _min_cwnd=4150 _maxwnd=219105 _cwnd=219105
Initialize per-instance NSCC parameters: flowid 237 _base_rtt=11685600 _base_bdp=146070 _bdp=146070 _min_cwnd=4150 _maxwnd=219105 _cwnd=219105
Initialize per-instance NSCC parameters: flowid 238 _base_rtt=11685600 _base_bdp=146070 _bdp=146070 _min_cwnd=4150 _maxwnd=219105 _cwnd=219105
Initialize per-instance NSCC parameters: flowid 239 _base_rtt=11685600 _base_bdp=146070 _bdp=146070 _min_cwnd=4150 _maxwnd=219105 _cwnd=219105
Initialize per-instance NSCC parameters: flowid 240 _base_rtt=11685600 _base_bdp=146070 _bdp=146070 _min_cwnd=4150 _maxwnd=219105 _cwnd=219105
Initialize per-instance NSCC parameters: flowid 241 _base_rtt=11685600 _base_bdp=146070 _bdp=146070 _min_cwnd=4150 _maxwnd=219105 _cwnd=219105
Initialize per-instance NSCC parameters: flowid 242 _base_rtt=11685600 _base_bdp=146070 _bdp=146070 _min_cwnd=4150 _maxwnd=219105 _cwnd=219105
Initialize per-instance NSCC parameters: flowid 243 _base_rtt=11685600 _base_bdp=146070 _bdp=146070 _min_cwnd=4150 _maxwnd=219105 _cwnd=219105
Initialize per-instance NSCC parameters: flowid 244 _base_rtt=11685600 _base_bdp=146070 _bdp=146070 _min_cwnd=4150 _maxwnd=219105 _cwnd=219105
Initialize per-instance NSCC parameters: flowid 245 _base_rtt=11685600 _base_bdp=146070 _bdp=146070 _min_cwnd=4150 _maxwnd=219105 _cwnd=219105
Initialize per-instance NSCC parameters: flowid 246 _base_rtt=11685600 _base_bdp=146070 _bdp=146070 _min_cwnd=4150 _maxwnd=219105 _cwnd=219105
Initialize per-instance NSCC parameters: flowid 247 _base_rtt=11685600 _base_bdp=146070 _bdp=146070 _min_cwnd=4150 _maxwnd=219105 _cwnd=219105
Initialize per-instance NSCC parameters: flowid 248 _base_rtt=11685600 _base_bdp=146070 _bdp=146070 _min_cwnd=4150 _maxwnd=219105 _cwnd=219105
Initialize per-instance NSCC parameters: flowid 249 _base_rtt=11685600 _base_bdp=146070 _bdp=146070 _min_cwnd=4150 _maxwnd=219105 _cwnd=219105
Initialize per-instance NSCC parameters: flowid 250 _base_rtt=11685600 _base_bdp=146070 _bdp=146070 _min_cwnd=4150 _maxwnd=219105 _cwnd=219105
Initialize per-instance NSCC parameters: flowid 251 _base_rtt=11685600 _base_bdp=146070 _bdp=146070 _min_cwnd=4150 _maxwnd=219105 _cwnd=219105
Initialize per-instance NSCC parameters: flowid 252 _base_rtt=11685600 _base_bdp=146070 _bdp=146070 _min_cwnd=4150 _maxwnd=219105 _cwnd=219105
Initialize per-instance NSCC parameters: flowid 253 _base_rtt=11685600 _base_bdp=146070 _bdp=146070 _min_cwnd=4150 _maxwnd=219105 _cwnd=219105
Initialize per-instance NSCC parameters: flowid 254 _base_rtt=11685600 _base_bdp=146070 _bdp=146070 _min_cwnd=4150 _maxwnd=219105 _cwnd=219105
Initialize per-instance NSCC parameters: flowid 255 _base_rtt=11685600 _base_bdp=146070 _bdp=146070 _min_cwnd=4150 _maxwnd=219105 _cwnd=219105
Initialize per-instance NSCC parameters: flowid 256 _base_rtt=11685600 _base_bdp=146070 _bdp=146070 _min_cwnd=4150 _maxwnd=219105 _cwnd=219105
Initialize per-instance NSCC parameters: flowid 257 _base_rtt=11685600 _base_bdp=146070 _bdp=146070 _min_cwnd=4150 _maxwnd=219105 _cwnd=219105
Initialize per-instance NSCC parameters: flowid 258 _base_rtt=11685600 _base_bdp=146070 _bdp=146070 _min_cwnd=4150 _maxwnd=219105 _cwnd=219105
Initialize per-instance NSCC parameters: flowid 259 _base_rtt=11685600 _base_bdp=146070 _bdp=146070 _min_cwnd=4150 _maxwnd=219105 _cwnd=219105
Initialize per-instance NSCC parameters: flowid 260 _base_rtt=11685600 _base_bdp=146070 _bdp=146070 _min_cwnd=4150 _maxwnd=219105 _cwnd=219105
Initialize per-instance NSCC parameters: flowid 261 _base_rtt=11685600 _base_bdp=146070 _bdp=146070 _min_cwnd=4150 _maxwnd=219105 _cwnd=219105
Initialize per-instance NSCC parameters: flowid 262 _base_rtt=11685600 _base_bdp=146070 _bdp=146070 _min_cwnd=4150 _maxwnd=219105 _cwnd=219105
Initialize per-instance NSCC parameters: flowid 263 _base_rtt=11685600 _base_bdp=146070 _bdp=146070 _min_cwnd=4150 _maxwnd=219105 _cwnd=219105
Initialize per-instance NSCC parameters: flowid 264 _base_rtt=11685600 _base_bdp=146070 _bdp=146070 _min_cwnd=4150 _maxwnd=219105 _cwnd=219105
Initialize per-instance NSCC parameters: flowid 265 _base_rtt=11685600 _base_bdp=146070 _bdp=146070 _min_cwnd=4150 _maxwnd=219105 _cwnd=219105
Initialize per-instance NSCC parameters: flowid 266 _base_rtt=11685600 _base_bdp=146070 _bdp=146070 _min_cwnd=4150 _maxwnd=219105 _cwnd=219105
Initialize per-instance NSCC parameters: flowid 267 _base_rtt=11685600 _base_bdp=146070 _bdp=146070 _min_cwnd=4150 _maxwnd=219105 _cwnd=219105
Initialize per-instance NSCC parameters: flowid 268 _base_rtt=11685600 _base_bdp=146070 _bdp=146070 _min_cwnd=4150 _maxwnd=219105 _cwnd=219105
Initialize per-instance NSCC parameters: flowid 269 _base_rtt=11685600 _base_bdp=146070 _bdp=146070 _min_cwnd=4150 _maxwnd=219105 _cwnd=219105
Initialize per-instance NSCC parameters: flowid 270 _base_rtt=11685600 _base_bdp=146070 _bdp=146070 _min_cwnd=4150 _maxwnd=219105 _cwnd=219105
Initialize per-instance NSCC parameters: flowid 271 _base_rtt=11685600 _base_bdp=146070 _bdp=146070 _min_cwnd=4150 _maxwnd=219105 _cwnd=219105
Initialize per-instance NSCC parameters: flowid 272 _base_rtt=11685600 _base_bdp=146070 _bdp=146070 _min_cwnd=4150 _maxwnd=219105 _cwnd=219105
Initialize per-instance NSCC parameters: flowid 273 _base_rtt=11685600 _base_bdp=146070 _bdp=146070 _min_cwnd=4150 _maxwnd=219105 _cwnd=219105
Initialize per-instance NSCC parameters: flowid 274 _base_rtt=11685600 _base_bdp=146070 _bdp=146070 _min_cwnd=4150 _maxwnd=219105 _cwnd=219105
Initialize per-instance NSCC parameters: flowid 275 _base_rtt=11685600 _base_bdp=146070 _bdp=146070 _min_cwnd=4150 _maxwnd=219105 _cwnd=219105
Initialize per-instance NSCC parameters: flowid 276 _base_rtt=11685600 _base_bdp=146070 _bdp=146070 _min_cwnd=4150 _maxwnd=219105 _cwnd=219105
Initialize per-instance NSCC parameters: flowid 277 _base_rtt=11685600 _base_bdp=146070 _bdp=146070 _min_cwnd=4150 _maxwnd=219105 _cwnd=219105
Initialize per-instance NSCC parameters: flowid 278 _base_rtt=11685600 _base_bdp=146070 _bdp=146070 _min_cwnd=4150 _maxwnd=219105 _cwnd=219105
Initialize per-instance NSCC parameters: flowid 279 _base_rtt=11685600 _base_bdp=146070 _bdp=146070 _min_cwnd=4150 _maxwnd=219105 _cwnd=219105
Initialize per-instance NSCC parameters: flowid 280 _base_rtt=11685600 _base_bdp=146070 _bdp=146070 _min_cwnd=4150 _maxwnd=219105 _cwnd=219105
Initialize per-instance NSCC parameters: flowid 281 _base_rtt=11685600 _base_bdp=146070 _bdp=146070 _min_cwnd=4150 _maxwnd=219105 _cwnd=219105
Initialize per-instance NSCC parameters: flowid 282 _base_rtt=11685600 _base_bdp=146070 _bdp=146070 _min_cwnd=4150 _maxwnd=219105 _cwnd=219105
Initialize per-instance NSCC parameters: flowid 283 _base_rtt=11685600 _base_bdp=146070 _bdp=146070 _min_cwnd=4150 _maxwnd=219105 _cwnd=219105
Initialize per-instance NSCC parameters: flowid 284 _base_rtt=11685600 _base_bdp=146070 _bdp=146070 _min_cwnd=4150 _maxwnd=219105 _cwnd=219105
Initialize per-instance NSCC parameters: flowid 285 _base_rtt=11685600 _base_bdp=146070 _bdp=146070 _min_cwnd=4150 _maxwnd=219105 _cwnd=219105
Initialize per-instance NSCC parameters: flowid 286 _base_rtt=11685600 _base_bdp=146070 _bdp=146070 _min_cwnd=4150 _maxwnd=219105 _cwnd=219105
Initialize per-instance NSCC parameters: flowid 287 _base_rtt=11685600 _base_bdp=146070 _bdp=146070 _min_cwnd=4150 _maxwnd=219105 _cwnd=219105
Initialize per-instance NSCC parameters: flowid 288 _base_rtt=11685600 _base_bdp=146070 _bdp=146070 _min_cwnd=4150 _maxwnd=219105 _cwnd=219105
Initialize per-instance NSCC parameters: flowid 289 _base_rtt=11685600 _base_bdp=146070 _bdp=146070 _min_cwnd=4150 _maxwnd=219105 _cwnd=219105
Initialize per-instance NSCC parameters: flowid 290 _base_rtt=11685600 _base_bdp=146070 _bdp=146070 _min_cwnd=4150 _maxwnd=219105 _cwnd=219105
Initialize per-instance NSCC parameters: flowid 291 _base_rtt=11685600 _base_bdp=146070 _bdp=146070 _min_cwnd=4150 _maxwnd=219105 _cwnd=219105
Initialize per-instance NSCC parameters: flowid 292 _base_rtt=11685600 _base_bdp=146070 _bdp=146070 _min_cwnd=4150 _maxwnd=219105 _cwnd=219105
Initialize per-instance NSCC parameters: flowid 293 _base_rtt=11685600 _base_bdp=146070 _bdp=146070 _min_cwnd=4150 _maxwnd=219105 _cwnd=219105
Initialize per-instance NSCC parameters: flowid 294 _base_rtt=11685600 _base_bdp=146070 _bdp=146070 _min_cwnd=4150 _maxwnd=219105 _cwnd=219105
Initialize per-instance NSCC parameters: flowid 295 _base_rtt=11685600 _base_bdp=146070 _bdp=146070 _min_cwnd=4150 _maxwnd=219105 _cwnd=219105
Initialize per-instance NSCC parameters: flowid 296 _base_rtt=11685600 _base_bdp=146070 _bdp=146070 _min_cwnd=4150 _maxwnd=219105 _cwnd=219105
Initialize per-instance NSCC parameters: flowid 297 _base_rtt=11685600 _base_bdp=146070 _bdp=146070 _min_cwnd=4150 _maxwnd=219105 _cwnd=219105
Initialize per-instance NSCC parameters: flowid 298 _base_rtt=11685600 _base_bdp=146070 _bdp=146070 _min_cwnd=4150 _maxwnd=219105 _cwnd=219105
Initialize per-instance NSCC parameters: flowid 299 _base_rtt=11685600 _base_bdp=146070 _bdp=146070 _min_cwnd=4150 _maxwnd=219105 _cwnd=219105
Initialize per-instance NSCC parameters: flowid 300 _base_rtt=11685600 _base_bdp=146070 _bdp=146070 _min_cwnd=4150 _maxwnd=219105 _cwnd=219105
Initialize per-instance NSCC parameters: flowid 301 _base_rtt=11685600 _base_bdp=146070 _bdp=146070 _min_cwnd=4150 _maxwnd=219105 _cwnd=219105
Initialize per-instance NSCC parameters: flowid 302 _base_rtt=11685600 _base_bdp=146070 _bdp=146070 _min_cwnd=4150 _maxwnd=219105 _cwnd=219105
Initialize per-instance NSCC parameters: flowid 303 _base_rtt=11685600 _base_bdp=146070 _bdp=146070 _min_cwnd=4150 _maxwnd=219105 _cwnd=219105
Initialize per-instance NSCC parameters: flowid 304 _base_rtt=11685600 _base_bdp=146070 _bdp=146070 _min_cwnd=4150 _maxwnd=219105 _cwnd=219105
Initialize per-instance NSCC parameters: flowid 305 _base_rtt=11685600 _base_bdp=146070 _bdp=146070 _min_cwnd=4150 _maxwnd=219105 _cwnd=219105
Initialize per-instance NSCC parameters: flowid 306 _base_rtt=11685600 _base_bdp=146070 _bdp=146070 _min_cwnd=4150 _maxwnd=219105 _cwnd=219105
Initialize per-instance NSCC parameters: flowid 307 _base_rtt=11685600 _base_bdp=146070 _bdp=146070 _min_cwnd=4150 _maxwnd=219105 _cwnd=219105
Initialize per-instance NSCC parameters: flowid 308 _base_rtt=11685600 _base_bdp=146070 _bdp=146070 _min_cwnd=4150 _maxwnd=219105 _cwnd=219105
Initialize per-instance NSCC parameters: flowid 309 _base_rtt=11685600 _base_bdp=146070 _bdp=146070 _min_cwnd=4150 _maxwnd=219105 _cwnd=219105
Initialize per-instance NSCC parameters: flowid 310 _base_rtt=11685600 _base_bdp=146070 _bdp=146070 _min_cwnd=4150 _maxwnd=219105 _cwnd=219105
Initialize per-instance NSCC parameters: flowid 311 _base_rtt=11685600 _base_bdp=146070 _bdp=146070 _min_cwnd=4150 _maxwnd=219105 _cwnd=219105
Initialize per-instance NSCC parameters: flowid 312 _base_rtt=11685600 _base_bdp=146070 _bdp=146070 _min_cwnd=4150 _maxwnd=219105 _cwnd=219105
Initialize per-instance NSCC parameters: flowid 313 _base_rtt=11685600 _base_bdp=146070 _bdp=146070 _min_cwnd=4150 _maxwnd=219105 _cwnd=219105
Initialize per-instance NSCC parameters: flowid 314 _base_rtt=11685600 _base_bdp=146070 _bdp=146070 _min_cwnd=4150 _maxwnd=219105 _cwnd=219105
Initialize per-instance NSCC parameters: flowid 315 _base_rtt=11685600 _base_bdp=146070 _bdp=146070 _min_cwnd=4150 _maxwnd=219105 _cwnd=219105
Initialize per-instance NSCC parameters: flowid 316 _base_rtt=11685600 _base_bdp=146070 _bdp=146070 _min_cwnd=4150 _maxwnd=219105 _cwnd=219105
Initialize per-instance NSCC parameters: flowid 317 _base_rtt=11685600 _base_bdp=146070 _bdp=146070 _min_cwnd=4150 _maxwnd=219105 _cwnd=219105
Initialize per-instance NSCC parameters: flowid 318 _base_rtt=11685600 _base_bdp=146070 _bdp=146070 _min_cwnd=4150 _maxwnd=219105 _cwnd=219105
Initialize per-instance NSCC parameters: flowid 319 _base_rtt=11685600 _base_bdp=146070 _bdp=146070 _min_cwnd=4150 _maxwnd=219105 _cwnd=219105
Initialize per-instance NSCC parameters: flowid 320 _base_rtt=11685600 _base_bdp=146070 _bdp=146070 _min_cwnd=4150 _maxwnd=219105 _cwnd=219105
Initialize per-instance NSCC parameters: flowid 321 _base_rtt=11685600 _base_bdp=146070 _bdp=146070 _min_cwnd=4150 _maxwnd=219105 _cwnd=219105
Initialize per-instance NSCC parameters: flowid 322 _base_rtt=11685600 _base_bdp=146070 _bdp=146070 _min_cwnd=4150 _maxwnd=219105 _cwnd=219105
Initialize per-instance NSCC parameters: flowid 323 _base_rtt=11685600 _base_bdp=146070 _bdp=146070 _min_cwnd=4150 _maxwnd=219105 _cwnd=219105
Initialize per-instance NSCC parameters: flowid 324 _base_rtt=11685600 _base_bdp=146070 _bdp=146070 _min_cwnd=4150 _maxwnd=219105 _cwnd=219105
Initialize per-instance NSCC parameters: flowid 325 _base_rtt=11685600 _base_bdp=146070 _bdp=146070 _min_cwnd=4150 _maxwnd=219105 _cwnd=219105
Initialize per-instance NSCC parameters: flowid 326 _base_rtt=11685600 _base_bdp=146070 _bdp=146070 _min_cwnd=4150 _maxwnd=219105 _cwnd=219105
Initialize per-instance NSCC parameters: flowid 327 _base_rtt=11685600 _base_bdp=146070 _bdp=146070 _min_cwnd=4150 _maxwnd=219105 _cwnd=219105
Initialize per-instance NSCC parameters: flowid 328 _base_rtt=11685600 _base_bdp=146070 _bdp=146070 _min_cwnd=4150 _maxwnd=219105 _cwnd=219105
Initialize per-instance NSCC parameters: flowid 329 _base_rtt=11685600 _base_bdp=146070 _bdp=146070 _min_cwnd=4150 _maxwnd=219105 _cwnd=219105
Initialize per-instance NSCC parameters: flowid 330 _base_rtt=11685600 _base_bdp=146070 _bdp=146070 _min_cwnd=4150 _maxwnd=219105 _cwnd=219105
Initialize per-instance NSCC parameters: flowid 331 _base_rtt=11685600 _base_bdp=146070 _bdp=146070 _min_cwnd=4150 _maxwnd=219105 _cwnd=219105
Initialize per-instance NSCC parameters: flowid 332 _base_rtt=11685600 _base_bdp=146070 _bdp=146070 _min_cwnd=4150 _maxwnd=219105 _cwnd=219105
Initialize per-instance NSCC parameters: flowid 333 _base_rtt=11685600 _base_bdp=146070 _bdp=146070 _min_cwnd=4150 _maxwnd=219105 _cwnd=219105
Initialize per-instance NSCC parameters: flowid 334 _base_rtt=11685600 _base_bdp=146070 _bdp=146070 _min_cwnd=4150 _maxwnd=219105 _cwnd=219105
Initialize per-instance NSCC parameters: flowid 335 _base_rtt=11685600 _base_bdp=146070 _bdp=146070 _min_cwnd=4150 _maxwnd=219105 _cwnd=219105
Initialize per-instance NSCC parameters: flowid 336 _base_rtt=11685600 _base_bdp=146070 _bdp=146070 _min_cwnd=4150 _maxwnd=219105 _cwnd=219105
Initialize per-instance NSCC parameters: flowid 337 _base_rtt=11685600 _base_bdp=146070 _bdp=146070 _min_cwnd=4150 _maxwnd=219105 _cwnd=219105
Initialize per-instance NSCC parameters: flowid 338 _base_rtt=11685600 _base_bdp=146070 _bdp=146070 _min_cwnd=4150 _maxwnd=219105 _cwnd=219105
Initialize per-instance NSCC parameters: flowid 339 _base_rtt=11685600 _base_bdp=146070 _bdp=146070 _min_cwnd=4150 _maxwnd=219105 _cwnd=219105
Initialize per-instance NSCC parameters: flowid 340 _base_rtt=11685600 _base_bdp=146070 _bdp=146070 _min_cwnd=4150 _maxwnd=219105 _cwnd=219105
Initialize per-instance NSCC parameters: flowid 341 _base_rtt=11685600 _base_bdp=146070 _bdp=146070 _min_cwnd=4150 _maxwnd=219105 _cwnd=219105
Initialize per-instance NSCC parameters: flowid 342 _base_rtt=11685600 _base_bdp=146070 _bdp=146070 _min_cwnd=4150 _maxwnd=219105 _cwnd=219105
Initialize per-instance NSCC parameters: flowid 343 _base_rtt=11685600 _base_bdp=146070 _bdp=146070 _min_cwnd=4150 _maxwnd=219105 _cwnd=219105
Initialize per-instance NSCC parameters: flowid 344 _base_rtt=11685600 _base_bdp=146070 _bdp=146070 _min_cwnd=4150 _maxwnd=219105 _cwnd=219105
Initialize per-instance NSCC parameters: flowid 345 _base_rtt=11685600 _base_bdp=146070 _bdp=146070 _min_cwnd=4150 _maxwnd=219105 _cwnd=219105
Initialize per-instance NSCC parameters: flowid 346 _base_rtt=11685600 _base_bdp=146070 _bdp=146070 _min_cwnd=4150 _maxwnd=219105 _cwnd=219105
Initialize per-instance NSCC parameters: flowid 347 _base_rtt=11685600 _base_bdp=146070 _bdp=146070 _min_cwnd=4150 _maxwnd=219105 _cwnd=219105
Initialize per-instance NSCC parameters: flowid 348 _base_rtt=11685600 _base_bdp=146070 _bdp=146070 _min_cwnd=4150 _maxwnd=219105 _cwnd=219105
Initialize per-instance NSCC parameters: flowid 349 _base_rtt=11685600 _base_bdp=146070 _bdp=146070 _min_cwnd=4150 _maxwnd=219105 _cwnd=219105
Initialize per-instance NSCC parameters: flowid 350 _base_rtt=11685600 _base_bdp=146070 _bdp=146070 _min_cwnd=4150 _maxwnd=219105 _cwnd=219105
Initialize per-instance NSCC parameters: flowid 351 _base_rtt=11685600 _base_bdp=146070 _bdp=146070 _min_cwnd=4150 _maxwnd=219105 _cwnd=219105
Initialize per-instance NSCC parameters: flowid 352 _base_rtt=11685600 _base_bdp=146070 _bdp=146070 _min_cwnd=4150 _maxwnd=219105 _cwnd=219105
Initialize per-instance NSCC parameters: flowid 353 _base_rtt=11685600 _base_bdp=146070 _bdp=146070 _min_cwnd=4150 _maxwnd=219105 _cwnd=219105
Initialize per-instance NSCC parameters: flowid 354 _base_rtt=11685600 _base_bdp=146070 _bdp=146070 _min_cwnd=4150 _maxwnd=219105 _cwnd=219105
Initialize per-instance NSCC parameters: flowid 355 _base_rtt=11685600 _base_bdp=146070 _bdp=146070 _min_cwnd=4150 _maxwnd=219105 _cwnd=219105
Initialize per-instance NSCC parameters: flowid 356 _base_rtt=11685600 _base_bdp=146070 _bdp=146070 _min_cwnd=4150 _maxwnd=219105 _cwnd=219105
Initialize per-instance NSCC parameters: flowid 357 _base_rtt=11685600 _base_bdp=146070 _bdp=146070 _min_cwnd=4150 _maxwnd=219105 _cwnd=219105
Initialize per-instance NSCC parameters: flowid 358 _base_rtt=11685600 _base_bdp=146070 _bdp=146070 _min_cwnd=4150 _maxwnd=219105 _cwnd=219105
Initialize per-instance NSCC parameters: flowid 359 _base_rtt=11685600 _base_bdp=146070 _bdp=146070 _min_cwnd=4150 _maxwnd=219105 _cwnd=219105
Initialize per-instance NSCC parameters: flowid 360 _base_rtt=11685600 _base_bdp=146070 _bdp=146070 _min_cwnd=4150 _maxwnd=219105 _cwnd=219105
Initialize per-instance NSCC parameters: flowid 361 _base_rtt=11685600 _base_bdp=146070 _bdp=146070 _min_cwnd=4150 _maxwnd=219105 _cwnd=219105
Initialize per-instance NSCC parameters: flowid 362 _base_rtt=11685600 _base_bdp=146070 _bdp=146070 _min_cwnd=4150 _maxwnd=219105 _cwnd=219105
Initialize per-instance NSCC parameters: flowid 363 _base_rtt=11685600 _base_bdp=146070 _bdp=146070 _min_cwnd=4150 _maxwnd=219105 _cwnd=219105
Initialize per-instance NSCC parameters: flowid 364 _base_rtt=11685600 _base_bdp=146070 _bdp=146070 _min_cwnd=4150 _maxwnd=219105 _cwnd=219105
Initialize per-instance NSCC parameters: flowid 365 _base_rtt=11685600 _base_bdp=146070 _bdp=146070 _min_cwnd=4150 _maxwnd=219105 _cwnd=219105
Initialize per-instance NSCC parameters: flowid 366 _base_rtt=11685600 _base_bdp=146070 _bdp=146070 _min_cwnd=4150 _maxwnd=219105 _cwnd=219105
Initialize per-instance NSCC parameters: flowid 367 _base_rtt=11685600 _base_bdp=146070 _bdp=146070 _min_cwnd=4150 _maxwnd=219105 _cwnd=219105
Initialize per-instance NSCC parameters: flowid 368 _base_rtt=11685600 _base_bdp=146070 _bdp=146070 _min_cwnd=4150 _maxwnd=219105 _cwnd=219105
Initialize per-instance NSCC parameters: flowid 369 _base_rtt=11685600 _base_bdp=146070 _bdp=146070 _min_cwnd=4150 _maxwnd=219105 _cwnd=219105
Initialize per-instance NSCC parameters: flowid 370 _base_rtt=11685600 _base_bdp=146070 _bdp=146070 _min_cwnd=4150 _maxwnd=219105 _cwnd=219105
Initialize per-instance NSCC parameters: flowid 371 _base_rtt=11685600 _base_bdp=146070 _bdp=146070 _min_cwnd=4150 _maxwnd=219105 _cwnd=219105
Initialize per-instance NSCC parameters: flowid 372 _base_rtt=11685600 _base_bdp=146070 _bdp=146070 _min_cwnd=4150 _maxwnd=219105 _cwnd=219105
Initialize per-instance NSCC parameters: flowid 373 _base_rtt=11685600 _base_bdp=146070 _bdp=146070 _min_cwnd=4150 _maxwnd=219105 _cwnd=219105
Initialize per-instance NSCC parameters: flowid 374 _base_rtt=11685600 _base_bdp=146070 _bdp=146070 _min_cwnd=4150 _maxwnd=219105 _cwnd=219105
Initialize per-instance NSCC parameters: flowid 375 _base_rtt=11685600 _base_bdp=146070 _bdp=146070 _min_cwnd=4150 _maxwnd=219105 _cwnd=219105
Initialize per-instance NSCC parameters: flowid 376 _base_rtt=11685600 _base_bdp=146070 _bdp=146070 _min_cwnd=4150 _maxwnd=219105 _cwnd=219105
Initialize per-instance NSCC parameters: flowid 377 _base_rtt=11685600 _base_bdp=146070 _bdp=146070 _min_cwnd=4150 _maxwnd=219105 _cwnd=219105
Initialize per-instance NSCC parameters: flowid 378 _base_rtt=11685600 _base_bdp=146070 _bdp=146070 _min_cwnd=4150 _maxwnd=219105 _cwnd=219105
Initialize per-instance NSCC parameters: flowid 379 _base_rtt=11685600 _base_bdp=146070 _bdp=146070 _min_cwnd=4150 _maxwnd=219105 _cwnd=219105
Initialize per-instance NSCC parameters: flowid 380 _base_rtt=11685600 _base_bdp=146070 _bdp=146070 _min_cwnd=4150 _maxwnd=219105 _cwnd=219105
Initialize per-instance NSCC parameters: flowid 381 _base_rtt=11685600 _base_bdp=146070 _bdp=146070 _min_cwnd=4150 _maxwnd=219105 _cwnd=219105
Initialize per-instance NSCC parameters: flowid 382 _base_rtt=11685600 _base_bdp=146070 _bdp=146070 _min_cwnd=4150 _maxwnd=219105 _cwnd=219105
Initialize per-instance NSCC parameters: flowid 383 _base_rtt=11685600 _base_bdp=146070 _bdp=146070 _min_cwnd=4150 _maxwnd=219105 _cwnd=219105
Initialize per-instance NSCC parameters: flowid 384 _base_rtt=11685600 _base_bdp=146070 _bdp=146070 _min_cwnd=4150 _maxwnd=219105 _cwnd=219105
Initialize per-instance NSCC parameters: flowid 385 _base_rtt=11685600 _base_bdp=146070 _bdp=146070 _min_cwnd=4150 _maxwnd=219105 _cwnd=219105
Initialize per-instance NSCC parameters: flowid 386 _base_rtt=11685600 _base_bdp=146070 _bdp=146070 _min_cwnd=4150 _maxwnd=219105 _cwnd=219105
Initialize per-instance NSCC parameters: flowid 387 _base_rtt=11685600 _base_bdp=146070 _bdp=146070 _min_cwnd=4150 _maxwnd=219105 _cwnd=219105
Initialize per-instance NSCC parameters: flowid 388 _base_rtt=11685600 _base_bdp=146070 _bdp=146070 _min_cwnd=4150 _maxwnd=219105 _cwnd=219105
Initialize per-instance NSCC parameters: flowid 389 _base_rtt=11685600 _base_bdp=146070 _bdp=146070 _min_cwnd=4150 _maxwnd=219105 _cwnd=219105
Initialize per-instance NSCC parameters: flowid 390 _base_rtt=11685600 _base_bdp=146070 _bdp=146070 _min_cwnd=4150 _maxwnd=219105 _cwnd=219105
Initialize per-instance NSCC parameters: flowid 391 _base_rtt=11685600 _base_bdp=146070 _bdp=146070 _min_cwnd=4150 _maxwnd=219105 _cwnd=219105
Initialize per-instance NSCC parameters: flowid 392 _base_rtt=11685600 _base_bdp=146070 _bdp=146070 _min_cwnd=4150 _maxwnd=219105 _cwnd=219105
Initialize per-instance NSCC parameters: flowid 393 _base_rtt=11685600 _base_bdp=146070 _bdp=146070 _min_cwnd=4150 _maxwnd=219105 _cwnd=219105
Initialize per-instance NSCC parameters: flowid 394 _base_rtt=11685600 _base_bdp=146070 _bdp=146070 _min_cwnd=4150 _maxwnd=219105 _cwnd=219105
Initialize per-instance NSCC parameters: flowid 395 _base_rtt=11685600 _base_bdp=146070 _bdp=146070 _min_cwnd=4150 _maxwnd=219105 _cwnd=219105
Initialize per-instance NSCC parameters: flowid 396 _base_rtt=11685600 _base_bdp=146070 _bdp=146070 _min_cwnd=4150 _maxwnd=219105 _cwnd=219105
Initialize per-instance NSCC parameters: flowid 397 _base_rtt=11685600 _base_bdp=146070 _bdp=146070 _min_cwnd=4150 _maxwnd=219105 _cwnd=219105
Initialize per-instance NSCC parameters: flowid 398 _base_rtt=11685600 _base_bdp=146070 _bdp=146070 _min_cwnd=4150 _maxwnd=219105 _cwnd=219105
Initialize per-instance NSCC parameters: flowid 399 _base_rtt=11685600 _base_bdp=146070 _bdp=146070 _min_cwnd=4150 _maxwnd=219105 _cwnd=219105
Initialize per-instance NSCC parameters: flowid 400 _base_rtt=11685600 _base_bdp=146070 _bdp=146070 _min_cwnd=4150 _maxwnd=219105 _cwnd=219105
Initialize per-instance NSCC parameters: flowid 401 _base_rtt=11685600 _base_bdp=146070 _bdp=146070 _min_cwnd=4150 _maxwnd=219105 _cwnd=219105
Initialize per-instance NSCC parameters: flowid 402 _base_rtt=11685600 _base_bdp=146070 _bdp=146070 _min_cwnd=4150 _maxwnd=219105 _cwnd=219105
Initialize per-instance NSCC parameters: flowid 403 _base_rtt=11685600 _base_bdp=146070 _bdp=146070 _min_cwnd=4150 _maxwnd=219105 _cwnd=219105
Initialize per-instance NSCC parameters: flowid 404 _base_rtt=11685600 _base_bdp=146070 _bdp=146070 _min_cwnd=4150 _maxwnd=219105 _cwnd=219105
Initialize per-instance NSCC parameters: flowid 405 _base_rtt=11685600 _base_bdp=146070 _bdp=146070 _min_cwnd=4150 _maxwnd=219105 _cwnd=219105
Initialize per-instance NSCC parameters: flowid 406 _base_rtt=11685600 _base_bdp=146070 _bdp=146070 _min_cwnd=4150 _maxwnd=219105 _cwnd=219105
Initialize per-instance NSCC parameters: flowid 407 _base_rtt=11685600 _base_bdp=146070 _bdp=146070 _min_cwnd=4150 _maxwnd=219105 _cwnd=219105
Initialize per-instance NSCC parameters: flowid 408 _base_rtt=11685600 _base_bdp=146070 _bdp=146070 _min_cwnd=4150 _maxwnd=219105 _cwnd=219105
Initialize per-instance NSCC parameters: flowid 409 _base_rtt=11685600 _base_bdp=146070 _bdp=146070 _min_cwnd=4150 _maxwnd=219105 _cwnd=219105
Initialize per-instance NSCC parameters: flowid 410 _base_rtt=11685600 _base_bdp=146070 _bdp=146070 _min_cwnd=4150 _maxwnd=219105 _cwnd=219105
Initialize per-instance NSCC parameters: flowid 411 _base_rtt=11685600 _base_bdp=146070 _bdp=146070 _min_cwnd=4150 _maxwnd=219105 _cwnd=219105
Initialize per-instance NSCC parameters: flowid 412 _base_rtt=11685600 _base_bdp=146070 _bdp=146070 _min_cwnd=4150 _maxwnd=219105 _cwnd=219105
Initialize per-instance NSCC parameters: flowid 413 _base_rtt=11685600 _base_bdp=146070 _bdp=146070 _min_cwnd=4150 _maxwnd=219105 _cwnd=219105
Initialize per-instance NSCC parameters: flowid 414 _base_rtt=11685600 _base_bdp=146070 _bdp=146070 _min_cwnd=4150 _maxwnd=219105 _cwnd=219105
Initialize per-instance NSCC parameters: flowid 415 _base_rtt=11685600 _base_bdp=146070 _bdp=146070 _min_cwnd=4150 _maxwnd=219105 _cwnd=219105
Initialize per-instance NSCC parameters: flowid 416 _base_rtt=11685600 _base_bdp=146070 _bdp=146070 _min_cwnd=4150 _maxwnd=219105 _cwnd=219105
Initialize per-instance NSCC parameters: flowid 417 _base_rtt=11685600 _base_bdp=146070 _bdp=146070 _min_cwnd=4150 _maxwnd=219105 _cwnd=219105
Initialize per-instance NSCC parameters: flowid 418 _base_rtt=11685600 _base_bdp=146070 _bdp=146070 _min_cwnd=4150 _maxwnd=219105 _cwnd=219105
Initialize per-instance NSCC parameters: flowid 419 _base_rtt=11685600 _base_bdp=146070 _bdp=146070 _min_cwnd=4150 _maxwnd=219105 _cwnd=219105
Initialize per-instance NSCC parameters: flowid 420 _base_rtt=11685600 _base_bdp=146070 _bdp=146070 _min_cwnd=4150 _maxwnd=219105 _cwnd=219105
Initialize per-instance NSCC parameters: flowid 421 _base_rtt=11685600 _base_bdp=146070 _bdp=146070 _min_cwnd=4150 _maxwnd=219105 _cwnd=219105
Initialize per-instance NSCC parameters: flowid 422 _base_rtt=11685600 _base_bdp=146070 _bdp=146070 _min_cwnd=4150 _maxwnd=219105 _cwnd=219105
Initialize per-instance NSCC parameters: flowid 423 _base_rtt=11685600 _base_bdp=146070 _bdp=146070 _min_cwnd=4150 _maxwnd=219105 _cwnd=219105
Initialize per-instance NSCC parameters: flowid 424 _base_rtt=11685600 _base_bdp=146070 _bdp=146070 _min_cwnd=4150 _maxwnd=219105 _cwnd=219105
Initialize per-instance NSCC parameters: flowid 425 _base_rtt=11685600 _base_bdp=146070 _bdp=146070 _min_cwnd=4150 _maxwnd=219105 _cwnd=219105
Initialize per-instance NSCC parameters: flowid 426 _base_rtt=11685600 _base_bdp=146070 _bdp=146070 _min_cwnd=4150 _maxwnd=219105 _cwnd=219105
Initialize per-instance NSCC parameters: flowid 427 _base_rtt=11685600 _base_bdp=146070 _bdp=146070 _min_cwnd=4150 _maxwnd=219105 _cwnd=219105
Initialize per-instance NSCC parameters: flowid 428 _base_rtt=11685600 _base_bdp=146070 _bdp=146070 _min_cwnd=4150 _maxwnd=219105 _cwnd=219105
Initialize per-instance NSCC parameters: flowid 429 _base_rtt=11685600 _base_bdp=146070 _bdp=146070 _min_cwnd=4150 _maxwnd=219105 _cwnd=219105
Initialize per-instance NSCC parameters: flowid 430 _base_rtt=11685600 _base_bdp=146070 _bdp=146070 _min_cwnd=4150 _maxwnd=219105 _cwnd=219105
Initialize per-instance NSCC parameters: flowid 431 _base_rtt=11685600 _base_bdp=146070 _bdp=146070 _min_cwnd=4150 _maxwnd=219105 _cwnd=219105
Initialize per-instance NSCC parameters: flowid 432 _base_rtt=11685600 _base_bdp=146070 _bdp=146070 _min_cwnd=4150 _maxwnd=219105 _cwnd=219105
Initialize per-instance NSCC parameters: flowid 433 _base_rtt=11685600 _base_bdp=146070 _bdp=146070 _min_cwnd=4150 _maxwnd=219105 _cwnd=219105
Initialize per-instance NSCC parameters: flowid 434 _base_rtt=11685600 _base_bdp=146070 _bdp=146070 _min_cwnd=4150 _maxwnd=219105 _cwnd=219105
Initialize per-instance NSCC parameters: flowid 435 _base_rtt=11685600 _base_bdp=146070 _bdp=146070 _min_cwnd=4150 _maxwnd=219105 _cwnd=219105
Initialize per-instance NSCC parameters: flowid 436 _base_rtt=11685600 _base_bdp=146070 _bdp=146070 _min_cwnd=4150 _maxwnd=219105 _cwnd=219105
Initialize per-instance NSCC parameters: flowid 437 _base_rtt=11685600 _base_bdp=146070 _bdp=146070 _min_cwnd=4150 _maxwnd=219105 _cwnd=219105
Initialize per-instance NSCC parameters: flowid 438 _base_rtt=11685600 _base_bdp=146070 _bdp=146070 _min_cwnd=4150 _maxwnd=219105 _cwnd=219105
Initialize per-instance NSCC parameters: flowid 439 _base_rtt=11685600 _base_bdp=146070 _bdp=146070 _min_cwnd=4150 _maxwnd=219105 _cwnd=219105
Initialize per-instance NSCC parameters: flowid 440 _base_rtt=11685600 _base_bdp=146070 _bdp=146070 _min_cwnd=4150 _maxwnd=219105 _cwnd=219105
Initialize per-instance NSCC parameters: flowid 441 _base_rtt=11685600 _base_bdp=146070 _bdp=146070 _min_cwnd=4150 _maxwnd=219105 _cwnd=219105
Initialize per-instance NSCC parameters: flowid 442 _base_rtt=11685600 _base_bdp=146070 _bdp=146070 _min_cwnd=4150 _maxwnd=219105 _cwnd=219105
Initialize per-instance NSCC parameters: flowid 443 _base_rtt=11685600 _base_bdp=146070 _bdp=146070 _min_cwnd=4150 _maxwnd=219105 _cwnd=219105
Initialize per-instance NSCC parameters: flowid 444 _base_rtt=11685600 _base_bdp=146070 _bdp=146070 _min_cwnd=4150 _maxwnd=219105 _cwnd=219105
Initialize per-instance NSCC parameters: flowid 445 _base_rtt=11685600 _base_bdp=146070 _bdp=146070 _min_cwnd=4150 _maxwnd=219105 _cwnd=219105
Initialize per-instance NSCC parameters: flowid 446 _base_rtt=11685600 _base_bdp=146070 _bdp=146070 _min_cwnd=4150 _maxwnd=219105 _cwnd=219105
Initialize per-instance NSCC parameters: flowid 447 _base_rtt=11685600 _base_bdp=146070 _bdp=146070 _min_cwnd=4150 _maxwnd=219105 _cwnd=219105
Initialize per-instance NSCC parameters: flowid 448 _base_rtt=11685600 _base_bdp=146070 _bdp=146070 _min_cwnd=4150 _maxwnd=219105 _cwnd=219105
Initialize per-instance NSCC parameters: flowid 449 _base_rtt=11685600 _base_bdp=146070 _bdp=146070 _min_cwnd=4150 _maxwnd=219105 _cwnd=219105
Initialize per-instance NSCC parameters: flowid 450 _base_rtt=11685600 _base_bdp=146070 _bdp=146070 _min_cwnd=4150 _maxwnd=219105 _cwnd=219105
Initialize per-instance NSCC parameters: flowid 451 _base_rtt=11685600 _base_bdp=146070 _bdp=146070 _min_cwnd=4150 _maxwnd=219105 _cwnd=219105
Initialize per-instance NSCC parameters: flowid 452 _base_rtt=11685600 _base_bdp=146070 _bdp=146070 _min_cwnd=4150 _maxwnd=219105 _cwnd=219105
Initialize per-instance NSCC parameters: flowid 453 _base_rtt=11685600 _base_bdp=146070 _bdp=146070 _min_cwnd=4150 _maxwnd=219105 _cwnd=219105
Initialize per-instance NSCC parameters: flowid 454 _base_rtt=11685600 _base_bdp=146070 _bdp=146070 _min_cwnd=4150 _maxwnd=219105 _cwnd=219105
Initialize per-instance NSCC parameters: flowid 455 _base_rtt=11685600 _base_bdp=146070 _bdp=146070 _min_cwnd=4150 _maxwnd=219105 _cwnd=219105
Initialize per-instance NSCC parameters: flowid 456 _base_rtt=11685600 _base_bdp=146070 _bdp=146070 _min_cwnd=4150 _maxwnd=219105 _cwnd=219105
Initialize per-instance NSCC parameters: flowid 457 _base_rtt=11685600 _base_bdp=146070 _bdp=146070 _min_cwnd=4150 _maxwnd=219105 _cwnd=219105
Initialize per-instance NSCC parameters: flowid 458 _base_rtt=11685600 _base_bdp=146070 _bdp=146070 _min_cwnd=4150 _maxwnd=219105 _cwnd=219105
Initialize per-instance NSCC parameters: flowid 459 _base_rtt=11685600 _base_bdp=146070 _bdp=146070 _min_cwnd=4150 _maxwnd=219105 _cwnd=219105
Initialize per-instance NSCC parameters: flowid 460 _base_rtt=11685600 _base_bdp=146070 _bdp=146070 _min_cwnd=4150 _maxwnd=219105 _cwnd=219105
Initialize per-instance NSCC parameters: flowid 461 _base_rtt=11685600 _base_bdp=146070 _bdp=146070 _min_cwnd=4150 _maxwnd=219105 _cwnd=219105
Initialize per-instance NSCC parameters: flowid 462 _base_rtt=11685600 _base_bdp=146070 _bdp=146070 _min_cwnd=4150 _maxwnd=219105 _cwnd=219105
Initialize per-instance NSCC parameters: flowid 463 _base_rtt=11685600 _base_bdp=146070 _bdp=146070 _min_cwnd=4150 _maxwnd=219105 _cwnd=219105
Initialize per-instance NSCC parameters: flowid 464 _base_rtt=11685600 _base_bdp=146070 _bdp=146070 _min_cwnd=4150 _maxwnd=219105 _cwnd=219105
Initialize per-instance NSCC parameters: flowid 465 _base_rtt=11685600 _base_bdp=146070 _bdp=146070 _min_cwnd=4150 _maxwnd=219105 _cwnd=219105
Initialize per-instance NSCC parameters: flowid 466 _base_rtt=11685600 _base_bdp=146070 _bdp=146070 _min_cwnd=4150 _maxwnd=219105 _cwnd=219105
Initialize per-instance NSCC parameters: flowid 467 _base_rtt=11685600 _base_bdp=146070 _bdp=146070 _min_cwnd=4150 _maxwnd=219105 _cwnd=219105
Initialize per-instance NSCC parameters: flowid 468 _base_rtt=11685600 _base_bdp=146070 _bdp=146070 _min_cwnd=4150 _maxwnd=219105 _cwnd=219105
Initialize per-instance NSCC parameters: flowid 469 _base_rtt=11685600 _base_bdp=146070 _bdp=146070 _min_cwnd=4150 _maxwnd=219105 _cwnd=219105
Initialize per-instance NSCC parameters: flowid 470 _base_rtt=11685600 _base_bdp=146070 _bdp=146070 _min_cwnd=4150 _maxwnd=219105 _cwnd=219105
Initialize per-instance NSCC parameters: flowid 471 _base_rtt=11685600 _base_bdp=146070 _bdp=146070 _min_cwnd=4150 _maxwnd=219105 _cwnd=219105
Initialize per-instance NSCC parameters: flowid 472 _base_rtt=11685600 _base_bdp=146070 _bdp=146070 _min_cwnd=4150 _maxwnd=219105 _cwnd=219105
Initialize per-instance NSCC parameters: flowid 473 _base_rtt=11685600 _base_bdp=146070 _bdp=146070 _min_cwnd=4150 _maxwnd=219105 _cwnd=219105
Initialize per-instance NSCC parameters: flowid 474 _base_rtt=11685600 _base_bdp=146070 _bdp=146070 _min_cwnd=4150 _maxwnd=219105 _cwnd=219105
Initialize per-instance NSCC parameters: flowid 475 _base_rtt=11685600 _base_bdp=146070 _bdp=146070 _min_cwnd=4150 _maxwnd=219105 _cwnd=219105
Initialize per-instance NSCC parameters: flowid 476 _base_rtt=11685600 _base_bdp=146070 _bdp=146070 _min_cwnd=4150 _maxwnd=219105 _cwnd=219105
Initialize per-instance NSCC parameters: flowid 477 _base_rtt=11685600 _base_bdp=146070 _bdp=146070 _min_cwnd=4150 _maxwnd=219105 _cwnd=219105
Initialize per-instance NSCC parameters: flowid 478 _base_rtt=11685600 _base_bdp=146070 _bdp=146070 _min_cwnd=4150 _maxwnd=219105 _cwnd=219105
Initialize per-instance NSCC parameters: flowid 479 _base_rtt=11685600 _base_bdp=146070 _bdp=146070 _min_cwnd=4150 _maxwnd=219105 _cwnd=219105
Initialize per-instance NSCC parameters: flowid 480 _base_rtt=11685600 _base_bdp=146070 _bdp=146070 _min_cwnd=4150 _maxwnd=219105 _cwnd=219105
Initialize per-instance NSCC parameters: flowid 481 _base_rtt=11685600 _base_bdp=146070 _bdp=146070 _min_cwnd=4150 _maxwnd=219105 _cwnd=219105
Initialize per-instance NSCC parameters: flowid 482 _base_rtt=11685600 _base_bdp=146070 _bdp=146070 _min_cwnd=4150 _maxwnd=219105 _cwnd=219105
Initialize per-instance NSCC parameters: flowid 483 _base_rtt=11685600 _base_bdp=146070 _bdp=146070 _min_cwnd=4150 _maxwnd=219105 _cwnd=219105
Initialize per-instance NSCC parameters: flowid 484 _base_rtt=11685600 _base_bdp=146070 _bdp=146070 _min_cwnd=4150 _maxwnd=219105 _cwnd=219105
Initialize per-instance NSCC parameters: flowid 485 _base_rtt=11685600 _base_bdp=146070 _bdp=146070 _min_cwnd=4150 _maxwnd=219105 _cwnd=219105
Initialize per-instance NSCC parameters: flowid 486 _base_rtt=11685600 _base_bdp=146070 _bdp=146070 _min_cwnd=4150 _maxwnd=219105 _cwnd=219105
Initialize per-instance NSCC parameters: flowid 487 _base_rtt=11685600 _base_bdp=146070 _bdp=146070 _min_cwnd=4150 _maxwnd=219105 _cwnd=219105
Initialize per-instance NSCC parameters: flowid 488 _base_rtt=11685600 _base_bdp=146070 _bdp=146070 _min_cwnd=4150 _maxwnd=219105 _cwnd=219105
Initialize per-instance NSCC parameters: flowid 489 _base_rtt=11685600 _base_bdp=146070 _bdp=146070 _min_cwnd=4150 _maxwnd=219105 _cwnd=219105
Initialize per-instance NSCC parameters: flowid 490 _base_rtt=11685600 _base_bdp=146070 _bdp=146070 _min_cwnd=4150 _maxwnd=219105 _cwnd=219105
Initialize per-instance NSCC parameters: flowid 491 _base_rtt=11685600 _base_bdp=146070 _bdp=146070 _min_cwnd=4150 _maxwnd=219105 _cwnd=219105
Initialize per-instance NSCC parameters: flowid 492 _base_rtt=11685600 _base_bdp=146070 _bdp=146070 _min_cwnd=4150 _maxwnd=219105 _cwnd=219105
Initialize per-instance NSCC parameters: flowid 493 _base_rtt=11685600 _base_bdp=146070 _bdp=146070 _min_cwnd=4150 _maxwnd=219105 _cwnd=219105
Initialize per-instance NSCC parameters: flowid 494 _base_rtt=11685600 _base_bdp=146070 _bdp=146070 _min_cwnd=4150 _maxwnd=219105 _cwnd=219105
Initialize per-instance NSCC parameters: flowid 495 _base_rtt=11685600 _base_bdp=146070 _bdp=146070 _min_cwnd=4150 _maxwnd=219105 _cwnd=219105
Initialize per-instance NSCC parameters: flowid 496 _base_rtt=11685600 _base_bdp=146070 _bdp=146070 _min_cwnd=4150 _maxwnd=219105 _cwnd=219105
Initialize per-instance NSCC parameters: flowid 497 _base_rtt=11685600 _base_bdp=146070 _bdp=146070 _min_cwnd=4150 _maxwnd=219105 _cwnd=219105
Initialize per-instance NSCC parameters: flowid 498 _base_rtt=11685600 _base_bdp=146070 _bdp=146070 _min_cwnd=4150 _maxwnd=219105 _cwnd=219105
Initialize per-instance NSCC parameters: flowid 499 _base_rtt=11685600 _base_bdp=146070 _bdp=146070 _min_cwnd=4150 _maxwnd=219105 _cwnd=219105
Initialize per-instance NSCC parameters: flowid 500 _base_rtt=11685600 _base_bdp=146070 _bdp=146070 _min_cwnd=4150 _maxwnd=219105 _cwnd=219105
Initialize per-instance NSCC parameters: flowid 501 _base_rtt=11685600 _base_bdp=146070 _bdp=146070 _min_cwnd=4150 _maxwnd=219105 _cwnd=219105
Initialize per-instance NSCC parameters: flowid 502 _base_rtt=11685600 _base_bdp=146070 _bdp=146070 _min_cwnd=4150 _maxwnd=219105 _cwnd=219105
Initialize per-instance NSCC parameters: flowid 503 _base_rtt=11685600 _base_bdp=146070 _bdp=146070 _min_cwnd=4150 _maxwnd=219105 _cwnd=219105
Initialize per-instance NSCC parameters: flowid 504 _base_rtt=11685600 _base_bdp=146070 _bdp=146070 _min_cwnd=4150 _maxwnd=219105 _cwnd=219105
Initialize per-instance NSCC parameters: flowid 505 _base_rtt=11685600 _base_bdp=146070 _bdp=146070 _min_cwnd=4150 _maxwnd=219105 _cwnd=219105
Initialize per-instance NSCC parameters: flowid 506 _base_rtt=11685600 _base_bdp=146070 _bdp=146070 _min_cwnd=4150 _maxwnd=219105 _cwnd=219105
Initialize per-instance NSCC parameters: flowid 507 _base_rtt=11685600 _base_bdp=146070 _bdp=146070 _min_cwnd=4150 _maxwnd=219105 _cwnd=219105
Initialize per-instance NSCC parameters: flowid 508 _base_rtt=11685600 _base_bdp=146070 _bdp=146070 _min_cwnd=4150 _maxwnd=219105 _cwnd=219105
Initialize per-instance NSCC parameters: flowid 509 _base_rtt=11685600 _base_bdp=146070 _bdp=146070 _min_cwnd=4150 _maxwnd=219105 _cwnd=219105
Initialize per-instance NSCC parameters: flowid 510 _base_rtt=11685600 _base_bdp=146070 _bdp=146070 _min_cwnd=4150 _maxwnd=219105 _cwnd=219105
Initialize per-instance NSCC parameters: flowid 511 _base_rtt=11685600 _base_bdp=146070 _bdp=146070 _min_cwnd=4150 _maxwnd=219105 _cwnd=219105
Initialize per-instance NSCC parameters: flowid 512 _base_rtt=11685600 _base_bdp=146070 _bdp=146070 _min_cwnd=4150 _maxwnd=219105 _cwnd=219105
Initialize per-instance NSCC parameters: flowid 513 _base_rtt=11685600 _base_bdp=146070 _bdp=146070 _min_cwnd=4150 _maxwnd=219105 _cwnd=219105
Initialize per-instance NSCC parameters: flowid 514 _base_rtt=11685600 _base_bdp=146070 _bdp=146070 _min_cwnd=4150 _maxwnd=219105 _cwnd=219105
Initialize per-instance NSCC parameters: flowid 515 _base_rtt=11685600 _base_bdp=146070 _bdp=146070 _min_cwnd=4150 _maxwnd=219105 _cwnd=219105
Initialize per-instance NSCC parameters: flowid 516 _base_rtt=11685600 _base_bdp=146070 _bdp=146070 _min_cwnd=4150 _maxwnd=219105 _cwnd=219105
Initialize per-instance NSCC parameters: flowid 517 _base_rtt=11685600 _base_bdp=146070 _bdp=146070 _min_cwnd=4150 _maxwnd=219105 _cwnd=219105
Initialize per-instance NSCC parameters: flowid 518 _base_rtt=11685600 _base_bdp=146070 _bdp=146070 _min_cwnd=4150 _maxwnd=219105 _cwnd=219105
Initialize per-instance NSCC parameters: flowid 519 _base_rtt=11685600 _base_bdp=146070 _bdp=146070 _min_cwnd=4150 _maxwnd=219105 _cwnd=219105
Initialize per-instance NSCC parameters: flowid 520 _base_rtt=11685600 _base_bdp=146070 _bdp=146070 _min_cwnd=4150 _maxwnd=219105 _cwnd=219105
Initialize per-instance NSCC parameters: flowid 521 _base_rtt=11685600 _base_bdp=146070 _bdp=146070 _min_cwnd=4150 _maxwnd=219105 _cwnd=219105
Initialize per-instance NSCC parameters: flowid 522 _base_rtt=11685600 _base_bdp=146070 _bdp=146070 _min_cwnd=4150 _maxwnd=219105 _cwnd=219105
Initialize per-instance NSCC parameters: flowid 523 _base_rtt=11685600 _base_bdp=146070 _bdp=146070 _min_cwnd=4150 _maxwnd=219105 _cwnd=219105
Initialize per-instance NSCC parameters: flowid 524 _base_rtt=11685600 _base_bdp=146070 _bdp=146070 _min_cwnd=4150 _maxwnd=219105 _cwnd=219105
Initialize per-instance NSCC parameters: flowid 525 _base_rtt=11685600 _base_bdp=146070 _bdp=146070 _min_cwnd=4150 _maxwnd=219105 _cwnd=219105
Initialize per-instance NSCC parameters: flowid 526 _base_rtt=11685600 _base_bdp=146070 _bdp=146070 _min_cwnd=4150 _maxwnd=219105 _cwnd=219105
Initialize per-instance NSCC parameters: flowid 527 _base_rtt=11685600 _base_bdp=146070 _bdp=146070 _min_cwnd=4150 _maxwnd=219105 _cwnd=219105
Initialize per-instance NSCC parameters: flowid 528 _base_rtt=11685600 _base_bdp=146070 _bdp=146070 _min_cwnd=4150 _maxwnd=219105 _cwnd=219105
Initialize per-instance NSCC parameters: flowid 529 _base_rtt=11685600 _base_bdp=146070 _bdp=146070 _min_cwnd=4150 _maxwnd=219105 _cwnd=219105
Initialize per-instance NSCC parameters: flowid 530 _base_rtt=11685600 _base_bdp=146070 _bdp=146070 _min_cwnd=4150 _maxwnd=219105 _cwnd=219105
Initialize per-instance NSCC parameters: flowid 531 _base_rtt=11685600 _base_bdp=146070 _bdp=146070 _min_cwnd=4150 _maxwnd=219105 _cwnd=219105
Initialize per-instance NSCC parameters: flowid 532 _base_rtt=11685600 _base_bdp=146070 _bdp=146070 _min_cwnd=4150 _maxwnd=219105 _cwnd=219105
Initialize per-instance NSCC parameters: flowid 533 _base_rtt=11685600 _base_bdp=146070 _bdp=146070 _min_cwnd=4150 _maxwnd=219105 _cwnd=219105
Initialize per-instance NSCC parameters: flowid 534 _base_rtt=11685600 _base_bdp=146070 _bdp=146070 _min_cwnd=4150 _maxwnd=219105 _cwnd=219105
Initialize per-instance NSCC parameters: flowid 535 _base_rtt=11685600 _base_bdp=146070 _bdp=146070 _min_cwnd=4150 _maxwnd=219105 _cwnd=219105
Initialize per-instance NSCC parameters: flowid 536 _base_rtt=11685600 _base_bdp=146070 _bdp=146070 _min_cwnd=4150 _maxwnd=219105 _cwnd=219105
Initialize per-instance NSCC parameters: flowid 537 _base_rtt=11685600 _base_bdp=146070 _bdp=146070 _min_cwnd=4150 _maxwnd=219105 _cwnd=219105
Initialize per-instance NSCC parameters: flowid 538 _base_rtt=11685600 _base_bdp=146070 _bdp=146070 _min_cwnd=4150 _maxwnd=219105 _cwnd=219105
Initialize per-instance NSCC parameters: flowid 539 _base_rtt=11685600 _base_bdp=146070 _bdp=146070 _min_cwnd=4150 _maxwnd=219105 _cwnd=219105
Initialize per-instance NSCC parameters: flowid 540 _base_rtt=11685600 _base_bdp=146070 _bdp=146070 _min_cwnd=4150 _maxwnd=219105 _cwnd=219105
Initialize per-instance NSCC parameters: flowid 541 _base_rtt=11685600 _base_bdp=146070 _bdp=146070 _min_cwnd=4150 _maxwnd=219105 _cwnd=219105
Initialize per-instance NSCC parameters: flowid 542 _base_rtt=11685600 _base_bdp=146070 _bdp=146070 _min_cwnd=4150 _maxwnd=219105 _cwnd=219105
Initialize per-instance NSCC parameters: flowid 543 _base_rtt=11685600 _base_bdp=146070 _bdp=146070 _min_cwnd=4150 _maxwnd=219105 _cwnd=219105
Initialize per-instance NSCC parameters: flowid 544 _base_rtt=11685600 _base_bdp=146070 _bdp=146070 _min_cwnd=4150 _maxwnd=219105 _cwnd=219105
Initialize per-instance NSCC parameters: flowid 545 _base_rtt=11685600 _base_bdp=146070 _bdp=146070 _min_cwnd=4150 _maxwnd=219105 _cwnd=219105
Initialize per-instance NSCC parameters: flowid 546 _base_rtt=11685600 _base_bdp=146070 _bdp=146070 _min_cwnd=4150 _maxwnd=219105 _cwnd=219105
Initialize per-instance NSCC parameters: flowid 547 _base_rtt=11685600 _base_bdp=146070 _bdp=146070 _min_cwnd=4150 _maxwnd=219105 _cwnd=219105
Initialize per-instance NSCC parameters: flowid 548 _base_rtt=11685600 _base_bdp=146070 _bdp=146070 _min_cwnd=4150 _maxwnd=219105 _cwnd=219105
Initialize per-instance NSCC parameters: flowid 549 _base_rtt=11685600 _base_bdp=146070 _bdp=146070 _min_cwnd=4150 _maxwnd=219105 _cwnd=219105
Initialize per-instance NSCC parameters: flowid 550 _base_rtt=11685600 _base_bdp=146070 _bdp=146070 _min_cwnd=4150 _maxwnd=219105 _cwnd=219105
Starting simulation
Flow Uec_456_973 flowId 1 uecSrc 0 starting at 0
Flow Uec_827_252 flowId 2 uecSrc 1 starting at 0
Flow Uec_1043_404 flowId 3 uecSrc 2 starting at 0
Flow Uec_46_512 flowId 4 uecSrc 3 starting at 0
Flow Uec_314_804 flowId 5 uecSrc 4 starting at 0
Flow Uec_21_575 flowId 6 uecSrc 5 starting at 0
Flow Uec_1079_427 flowId 7 uecSrc 6 starting at 0
Flow Uec_963_324 flowId 8 uecSrc 7 starting at 0
Flow Uec_159_628 flowId 9 uecSrc 8 starting at 0
Flow Uec_110_611 flowId 10 uecSrc 9 starting at 0
Flow Uec_829_298 flowId 11 uecSrc 10 starting at 0
Flow Uec_124_670 flowId 12 uecSrc 11 starting at 0
Flow Uec_18_567 flowId 13 uecSrc 12 starting at 0
Flow Uec_298_799 flowId 14 uecSrc 13 starting at 0
Flow Uec_1063_436 flowId 15 uecSrc 14 starting at 0
Flow Uec_894_221 flowId 16 uecSrc 15 starting at 0
Flow Uec_38_514 flowId 17 uecSrc 16 starting at 0
Flow Uec_821_261 flowId 18 uecSrc 17 starting at 0
Flow Uec_855_296 flowId 19 uecSrc 18 starting at 0
Flow Uec_258_700 flowId 20 uecSrc 19 starting at 0
Flow Uec_891_286 flowId 21 uecSrc 20 starting at 0
Flow Uec_874_215 flowId 22 uecSrc 21 starting at 0
Flow Uec_409_918 flowId 23 uecSrc 22 starting at 0
Flow Uec_663_70 flowId 24 uecSrc 23 starting at 0
Flow Uec_619_37 flowId 25 uecSrc 24 starting at 0
Flow Uec_294_763 flowId 26 uecSrc 25 starting at 0
Flow Uec_1088_465 flowId 27 uecSrc 26 starting at 0
Flow Uec_1014_454 flowId 28 uecSrc 27 starting at 0
Flow Uec_236_701 flowId 29 uecSrc 28 starting at 0
Flow Uec_90_502 flowId 30 uecSrc 29 starting at 0
Flow Uec_628_34 flowId 31 uecSrc 30 starting at 0
Flow Uec_550_1047 flowId 32 uecSrc 31 starting at 0
Flow Uec_767_114 flowId 33 uecSrc 32 starting at 0
Flow Uec_494_986 flowId 34 uecSrc 33 starting at 0
Flow Uec_1013_435 flowId 35 uecSrc 34 starting at 0
Flow Uec_765_171 flowId 36 uecSrc 35 starting at 0
Flow Uec_695_95 flowId 37 uecSrc 36 starting at 0
Flow Uec_400_935 flowId 38 uecSrc 37 starting at 0
Flow Uec_155_607 flowId 39 uecSrc 38 starting at 0
Flow Uec_678_26 flowId 40 uecSrc 39 starting at 0
Flow Uec_800_231 flowId 41 uecSrc 40 starting at 0
Flow Uec_272_724 flowId 42 uecSrc 41 starting at 0
Flow Uec_705_195 flowId 43 uecSrc 42 starting at 0
Flow Uec_637_0 flowId 44 uecSrc 43 starting at 0
Flow Uec_127_669 flowId 45 uecSrc 44 starting at 0
Flow Uec_510_1075 flowId 46 uecSrc 45 starting at 0
Flow Uec_883_268 flowId 47 uecSrc 46 starting at 0
Flow Uec_331_818 flowId 48 uecSrc 47 starting at 0
Flow Uec_600_12 flowId 49 uecSrc 48 starting at 0
Flow Uec_301_817 flowId 50 uecSrc 49 starting at 0
Flow Uec_951_373 flowId 51 uecSrc 50 starting at 0
Flow Uec_956_376 flowId 52 uecSrc 51 starting at 0
Flow Uec_186_602 flowId 53 uecSrc 52 starting at 0
Flow Uec_704_179 flowId 54 uecSrc 53 starting at 0
Flow Uec_880_219 flowId 55 uecSrc 54 starting at 0
Flow Uec_808_295 flowId 56 uecSrc 55 starting at 0
Flow Uec_8_576 flowId 57 uecSrc 56 starting at 0
Flow Uec_363_837 flowId 58 uecSrc 57 starting at 0
Flow Uec_179_609 flowId 59 uecSrc 58 starting at 0
Flow Uec_960_337 flowId 60 uecSrc 59 starting at 0
Flow Uec_749_131 flowId 61 uecSrc 60 starting at 0
Flow Uec_564_1043 flowId 62 uecSrc 61 starting at 0
Flow Uec_652_39 flowId 63 uecSrc 62 starting at 0
Flow Uec_878_288 flowId 64 uecSrc 63 starting at 0
Flow Uec_910_378 flowId 65 uecSrc 64 starting at 0
Flow Uec_509_1082 flowId 66 uecSrc 65 starting at 0
Flow Uec_436_910 flowId 67 uecSrc 66 starting at 0
Flow Uec_339_892 flowId 68 uecSrc 67 starting at 0
Flow Uec_715_174 flowId 69 uecSrc 68 starting at 0
Flow Uec_865_283 flowId 70 uecSrc 69 starting at 0
Flow Uec_832_243 flowId 71 uecSrc 70 starting at 0
Flow Uec_45_526 flowId 72 uecSrc 71 starting at 0
Flow Uec_904_342 flowId 73 uecSrc 72 starting at 0
Flow Uec_589_1038 flowId 74 uecSrc 73 starting at 0
Flow Uec_19_595 flowId 75 uecSrc 74 starting at 0
Flow Uec_572_1073 flowId 76 uecSrc 75 starting at 0
Flow Uec_1070_476 flowId 77 uecSrc 76 starting at 0
Flow Uec_3_523 flowId 78 uecSrc 77 starting at 0
Flow Uec_1028_477 flowId 79 uecSrc 78 starting at 0
Flow Uec_898_240 flowId 80 uecSrc 79 starting at 0
Flow Uec_1066_426 flowId 81 uecSrc 80 starting at 0
Flow Uec_938_350 flowId 82 uecSrc 81 starting at 0
Flow Uec_211_706 flowId 83 uecSrc 82 starting at 0
Flow Uec_777_119 flowId 84 uecSrc 83 starting at 0
Flow Uec_574_1001 flowId 85 uecSrc 84 starting at 0
Flow Uec_26_563 flowId 86 uecSrc 85 starting at 0
Flow Uec_251_725 flowId 87 uecSrc 86 starting at 0
Flow Uec_841_285 flowId 88 uecSrc 87 starting at 0
Flow Uec_1076_480 flowId 89 uecSrc 88 starting at 0
Flow Uec_344_845 flowId 90 uecSrc 89 starting at 0
Flow Uec_63_580 flowId 91 uecSrc 90 starting at 0
Flow Uec_23_572 flowId 92 uecSrc 91 starting at 0
Flow Uec_701_182 flowId 93 uecSrc 92 starting at 0
Flow Uec_849_291 flowId 94 uecSrc 93 starting at 0
Flow Uec_986_382 flowId 95 uecSrc 94 starting at 0
Flow Uec_684_8 flowId 96 uecSrc 95 starting at 0
Flow Uec_552_1026 flowId 97 uecSrc 96 starting at 0
Flow Uec_229_770 flowId 98 uecSrc 97 starting at 0
Flow Uec_465_946 flowId 99 uecSrc 98 starting at 0
Flow Uec_603_23 flowId 100 uecSrc 99 starting at 0
Flow Uec_412_933 flowId 101 uecSrc 100 starting at 0
Flow Uec_20_579 flowId 102 uecSrc 101 starting at 0
Flow Uec_807_264 flowId 103 uecSrc 102 starting at 0
Flow Uec_604_19 flowId 104 uecSrc 103 starting at 0
Flow Uec_357_840 flowId 105 uecSrc 104 starting at 0
Flow Uec_889_284 flowId 106 uecSrc 105 starting at 0
Flow Uec_549_1080 flowId 107 uecSrc 106 starting at 0
Flow Uec_743_108 flowId 108 uecSrc 107 starting at 0
Flow Uec_872_277 flowId 109 uecSrc 108 starting at 0
Flow Uec_116_674 flowId 110 uecSrc 109 starting at 0
Flow Uec_557_1030 flowId 111 uecSrc 110 starting at 0
Flow Uec_758_159 flowId 112 uecSrc 111 starting at 0
Flow Uec_290_726 flowId 113 uecSrc 112 starting at 0
Flow Uec_964_303 flowId 114 uecSrc 113 starting at 0
Flow Uec_303_890 flowId 115 uecSrc 114 starting at 0
Flow Uec_1040_423 flowId 116 uecSrc 115 starting at 0
Flow Uec_811_266 flowId 117 uecSrc 116 starting at 0
Flow Uec_858_230 flowId 118 uecSrc 117 starting at 0
Flow Uec_422_944 flowId 119 uecSrc 118 starting at 0
Flow Uec_965_361 flowId 120 uecSrc 119 starting at 0
Flow Uec_737_100 flowId 121 uecSrc 120 starting at 0
Flow Uec_801_237 flowId 122 uecSrc 121 starting at 0
Flow Uec_927_362 flowId 123 uecSrc 122 starting at 0
Flow Uec_226_792 flowId 124 uecSrc 123 starting at 0
Flow Uec_1012_468 flowId 125 uecSrc 124 starting at 0
Flow Uec_651_48 flowId 126 uecSrc 125 starting at 0
Flow Uec_1010_430 flowId 127 uecSrc 126 starting at 0
Flow Uec_466_958 flowId 128 uecSrc 127 starting at 0
Flow Uec_328_806 flowId 129 uecSrc 128 starting at 0
Flow Uec_873_209 flowId 130 uecSrc 129 starting at 0
Flow Uec_819_271 flowId 131 uecSrc 130 starting at 0
Flow Uec_1008_459 flowId 132 uecSrc 131 starting at 0
Flow Uec_394_825 flowId 133 uecSrc 132 starting at 0
Flow Uec_548_1040 flowId 134 uecSrc 133 starting at 0
Flow Uec_123_635 flowId 135 uecSrc 134 starting at 0
Flow Uec_531_1055 flowId 136 uecSrc 135 starting at 0
Flow Uec_54_593 flowId 137 uecSrc 136 starting at 0
Flow Uec_911_322 flowId 138 uecSrc 137 starting at 0
Flow Uec_60_517 flowId 139 uecSrc 138 starting at 0
Flow Uec_474_987 flowId 140 uecSrc 139 starting at 0
Flow Uec_761_134 flowId 141 uecSrc 140 starting at 0
Flow Uec_730_103 flowId 142 uecSrc 141 starting at 0
Flow Uec_818_278 flowId 143 uecSrc 142 starting at 0
Flow Uec_900_372 flowId 144 uecSrc 143 starting at 0
Flow Uec_658_16 flowId 145 uecSrc 144 starting at 0
Flow Uec_380_843 flowId 146 uecSrc 145 starting at 0
Flow Uec_76_503 flowId 147 uecSrc 146 starting at 0
Flow Uec_213_715 flowId 148 uecSrc 147 starting at 0
Flow Uec_992_335 flowId 149 uecSrc 148 starting at 0
Flow Uec_75_578 flowId 150 uecSrc 149 starting at 0
Flow Uec_224_729 flowId 151 uecSrc 150 starting at 0
Flow Uec_806_211 flowId 152 uecSrc 151 starting at 0
Flow Uec_198_642 flowId 153 uecSrc 152 starting at 0
Flow Uec_851_248 flowId 154 uecSrc 153 starting at 0
Flow Uec_1009_484 flowId 155 uecSrc 154 starting at 0
Flow Uec_498_914 flowId 156 uecSrc 155 starting at 0
Flow Uec_150_690 flowId 157 uecSrc 156 starting at 0
Flow Uec_727_147 flowId 158 uecSrc 157 starting at 0
Flow Uec_277_787 flowId 159 uecSrc 158 starting at 0
Flow Uec_35_590 flowId 160 uecSrc 159 starting at 0
Flow Uec_532_1062 flowId 161 uecSrc 160 starting at 0
Flow Uec_442_960 flowId 162 uecSrc 161 starting at 0
Flow Uec_228_704 flowId 163 uecSrc 162 starting at 0
Flow Uec_464_974 flowId 164 uecSrc 163 starting at 0
Flow Uec_230_719 flowId 165 uecSrc 164 starting at 0
Flow Uec_405_978 flowId 166 uecSrc 165 starting at 0
Flow Uec_1000_469 flowId 167 uecSrc 166 starting at 0
Flow Uec_403_927 flowId 168 uecSrc 167 starting at 0
Flow Uec_237_728 flowId 169 uecSrc 168 starting at 0
Flow Uec_775_128 flowId 170 uecSrc 169 starting at 0
Flow Uec_820_289 flowId 171 uecSrc 170 starting at 0
Flow Uec_134_612 flowId 172 uecSrc 171 starting at 0
Flow Uec_1085_499 flowId 173 uecSrc 172 starting at 0
Flow Uec_488_951 flowId 174 uecSrc 173 starting at 0
Flow Uec_825_234 flowId 175 uecSrc 174 starting at 0
Flow Uec_642_69 flowId 176 uecSrc 175 starting at 0
Flow Uec_489_988 flowId 177 uecSrc 176 starting at 0
Flow Uec_809_228 flowId 178 uecSrc 177 starting at 0
Flow Uec_93_519 flowId 179 uecSrc 178 starting at 0
Flow Uec_646_92 flowId 180 uecSrc 179 starting at 0
Flow Uec_348_883 flowId 181 uecSrc 180 starting at 0
Flow Uec_541_1066 flowId 182 uecSrc 181 starting at 0
Flow Uec_1032_402 flowId 183 uecSrc 182 starting at 0
Flow Uec_210_723 flowId 184 uecSrc 183 starting at 0
Flow Uec_871_220 flowId 185 uecSrc 184 starting at 0
Flow Uec_304_872 flowId 186 uecSrc 185 starting at 0
Flow Uec_234_702 flowId 187 uecSrc 186 starting at 0
Flow Uec_214_746 flowId 188 uecSrc 187 starting at 0
Flow Uec_499_997 flowId 189 uecSrc 188 starting at 0
Flow Uec_538_1005 flowId 190 uecSrc 189 starting at 0
Flow Uec_861_239 flowId 191 uecSrc 190 starting at 0
Flow Uec_253_769 flowId 192 uecSrc 191 starting at 0
Flow Uec_605_62 flowId 193 uecSrc 192 starting at 0
Flow Uec_160_606 flowId 194 uecSrc 193 starting at 0
Flow Uec_748_102 flowId 195 uecSrc 194 starting at 0
Flow Uec_385_820 flowId 196 uecSrc 195 starting at 0
Flow Uec_583_1054 flowId 197 uecSrc 196 starting at 0
Flow Uec_907_325 flowId 198 uecSrc 197 starting at 0
Flow Uec_653_84 flowId 199 uecSrc 198 starting at 0
Flow Uec_1021_440 flowId 200 uecSrc 199 starting at 0
Flow Uec_597_1048 flowId 201 uecSrc 200 starting at 0
Flow Uec_378_869 flowId 202 uecSrc 201 starting at 0
Flow Uec_857_256 flowId 203 uecSrc 202 starting at 0
Flow Uec_580_1002 flowId 204 uecSrc 203 starting at 0
Flow Uec_792_125 flowId 205 uecSrc 204 starting at 0
Flow Uec_618_50 flowId 206 uecSrc 205 starting at 0
Flow Uec_274_709 flowId 207 uecSrc 206 starting at 0
Flow Uec_994_343 flowId 208 uecSrc 207 starting at 0
Flow Uec_89_551 flowId 209 uecSrc 208 starting at 0
Flow Uec_413_911 flowId 210 uecSrc 209 starting at 0
Flow Uec_698_46 flowId 211 uecSrc 210 starting at 0
Flow Uec_659_25 flowId 212 uecSrc 211 starting at 0
Flow Uec_207_779 flowId 213 uecSrc 212 starting at 0
Flow Uec_1031_415 flowId 214 uecSrc 213 starting at 0
Flow Uec_43_598 flowId 215 uecSrc 214 starting at 0
Flow Uec_187_641 flowId 216 uecSrc 215 starting at 0
Flow Uec_680_71 flowId 217 uecSrc 216 starting at 0
Flow Uec_674_99 flowId 218 uecSrc 217 starting at 0
Flow Uec_710_167 flowId 219 uecSrc 218 starting at 0
Flow Uec_368_867 flowId 220 uecSrc 219 starting at 0
Flow Uec_679_36 flowId 221 uecSrc 220 starting at 0
Flow Uec_1078_462 flowId 222 uecSrc 221 starting at 0
Flow Uec_720_116 flowId 223 uecSrc 222 starting at 0
Flow Uec_842_200 flowId 224 uecSrc 223 starting at 0
Flow Uec_420_920 flowId 225 uecSrc 224 starting at 0
Flow Uec_661_5 flowId 226 uecSrc 225 starting at 0
Flow Uec_633_98 flowId 227 uecSrc 226 starting at 0
Flow Uec_631_6 flowId 228 uecSrc 227 starting at 0
Flow Uec_0_573 flowId 229 uecSrc 228 starting at 0
Flow Uec_163_664 flowId 230 uecSrc 229 starting at 0
Flow Uec_961_395 flowId 231 uecSrc 230 starting at 0
Flow Uec_282_740 flowId 232 uecSrc 231 starting at 0
Flow Uec_982_300 flowId 233 uecSrc 232 starting at 0
Flow Uec_1029_493 flowId 234 uecSrc 233 starting at 0
Flow Uec_25_571 flowId 235 uecSrc 234 starting at 0
Flow Uec_779_180 flowId 236 uecSrc 235 starting at 0
Flow Uec_1025_486 flowId 237 uecSrc 236 starting at 0
Flow Uec_836_212 flowId 238 uecSrc 237 starting at 0
Flow Uec_895_247 flowId 239 uecSrc 238 starting at 0
Flow Uec_191_689 flowId 240 uecSrc 239 starting at 0
Flow Uec_949_381 flowId 241 uecSrc 240 starting at 0
Flow Uec_97_513 flowId 242 uecSrc 241 starting at 0
Flow Uec_57_555 flowId 243 uecSrc 242 starting at 0
Flow Uec_100_650 flowId 244 uecSrc 243 starting at 0
Flow Uec_24_504 flowId 245 uecSrc 244 starting at 0
Flow Uec_630_3 flowId 246 uecSrc 245 starting at 0
Flow Uec_47_532 flowId 247 uecSrc 246 starting at 0
Flow Uec_315_844 flowId 248 uecSrc 247 starting at 0
Flow Uec_892_244 flowId 249 uecSrc 248 starting at 0
Flow Uec_445_953 flowId 250 uecSrc 249 starting at 0
Flow Uec_728_109 flowId 251 uecSrc 250 starting at 0
Flow Uec_626_56 flowId 252 uecSrc 251 starting at 0
Flow Uec_1082_412 flowId 253 uecSrc 252 starting at 0
Flow Uec_610_14 flowId 254 uecSrc 253 starting at 0
Flow Uec_312_879 flowId 255 uecSrc 254 starting at 0
Flow Uec_1090_447 flowId 256 uecSrc 255 starting at 0
Flow Uec_632_15 flowId 257 uecSrc 256 starting at 0
Flow Uec_716_140 flowId 258 uecSrc 257 starting at 0
Flow Uec_990_375 flowId 259 uecSrc 258 starting at 0
Flow Uec_208_720 flowId 260 uecSrc 259 starting at 0
Flow Uec_752_168 flowId 261 uecSrc 260 starting at 0
Flow Uec_518_1094 flowId 262 uecSrc 261 starting at 0
Flow Uec_702_132 flowId 263 uecSrc 262 starting at 0
Flow Uec_675_87 flowId 264 uecSrc 263 starting at 0
Flow Uec_81_535 flowId 265 uecSrc 264 starting at 0
Flow Uec_391_861 flowId 266 uecSrc 265 starting at 0
Flow Uec_936_306 flowId 267 uecSrc 266 starting at 0
Flow Uec_581_1035 flowId 268 uecSrc 267 starting at 0
Flow Uec_854_213 flowId 269 uecSrc 268 starting at 0
Flow Uec_421_926 flowId 270 uecSrc 269 starting at 0
Flow Uec_816_257 flowId 271 uecSrc 270 starting at 0
Flow Uec_629_59 flowId 272 uecSrc 271 starting at 0
Flow Uec_524_1046 flowId 273 uecSrc 272 starting at 0
Flow Uec_138_655 flowId 274 uecSrc 273 starting at 0
Flow Uec_815_254 flowId 275 uecSrc 274 starting at 0
Flow Uec_742_165 flowId 276 uecSrc 275 starting at 0
Flow Uec_939_323 flowId 277 uecSrc 276 starting at 0
Flow Uec_1019_488 flowId 278 uecSrc 277 starting at 0
Flow Uec_240_747 flowId 279 uecSrc 278 starting at 0
Flow Uec_199_615 flowId 280 uecSrc 279 starting at 0
Flow Uec_91_508 flowId 281 uecSrc 280 starting at 0
Flow Uec_921_340 flowId 282 uecSrc 281 starting at 0
Flow Uec_353_874 flowId 283 uecSrc 282 starting at 0
Flow Uec_582_1003 flowId 284 uecSrc 283 starting at 0
Flow Uec_147_680 flowId 285 uecSrc 284 starting at 0
Flow Uec_255_758 flowId 286 uecSrc 285 starting at 0
Flow Uec_14_588 flowId 287 uecSrc 286 starting at 0
Flow Uec_235_771 flowId 288 uecSrc 287 starting at 0
Flow Uec_796_185 flowId 289 uecSrc 288 starting at 0
Flow Uec_640_97 flowId 290 uecSrc 289 starting at 0
Flow Uec_189_636 flowId 291 uecSrc 290 starting at 0
Flow Uec_296_795 flowId 292 uecSrc 291 starting at 0
Flow Uec_51_536 flowId 293 uecSrc 292 starting at 0
Flow Uec_345_899 flowId 294 uecSrc 293 starting at 0
Flow Uec_1039_414 flowId 295 uecSrc 294 starting at 0
Flow Uec_106_623 flowId 296 uecSrc 295 starting at 0
Flow Uec_329_886 flowId 297 uecSrc 296 starting at 0
Flow Uec_42_558 flowId 298 uecSrc 297 starting at 0
Flow Uec_216_748 flowId 299 uecSrc 298 starting at 0
Flow Uec_337_876 flowId 300 uecSrc 299 starting at 0
Flow Uec_614_74 flowId 301 uecSrc 300 starting at 0
Flow Uec_719_188 flowId 302 uecSrc 301 starting at 0
Flow Uec_53_500 flowId 303 uecSrc 302 starting at 0
Flow Uec_5_542 flowId 304 uecSrc 303 starting at 0
Flow Uec_813_214 flowId 305 uecSrc 304 starting at 0
Flow Uec_481_929 flowId 306 uecSrc 305 starting at 0
Flow Uec_244_756 flowId 307 uecSrc 306 starting at 0
Flow Uec_617_40 flowId 308 uecSrc 307 starting at 0
Flow Uec_137_633 flowId 309 uecSrc 308 starting at 0
Flow Uec_521_1084 flowId 310 uecSrc 309 starting at 0
Flow Uec_48_548 flowId 311 uecSrc 310 starting at 0
Flow Uec_537_1015 flowId 312 uecSrc 311 starting at 0
Flow Uec_125_629 flowId 313 uecSrc 312 starting at 0
Flow Uec_284_760 flowId 314 uecSrc 313 starting at 0
Flow Uec_591_1068 flowId 315 uecSrc 314 starting at 0
Flow Uec_718_138 flowId 316 uecSrc 315 starting at 0
Flow Uec_844_226 flowId 317 uecSrc 316 starting at 0
Flow Uec_771_124 flowId 318 uecSrc 317 starting at 0
Flow Uec_463_949 flowId 319 uecSrc 318 starting at 0
Flow Uec_118_697 flowId 320 uecSrc 319 starting at 0
Flow Uec_1060_461 flowId 321 uecSrc 320 starting at 0
Flow Uec_566_1057 flowId 322 uecSrc 321 starting at 0
Flow Uec_598_1008 flowId 323 uecSrc 322 starting at 0
Flow Uec_185_687 flowId 324 uecSrc 323 starting at 0
Flow Uec_568_1091 flowId 325 uecSrc 324 starting at 0
Flow Uec_434_934 flowId 326 uecSrc 325 starting at 0
Flow Uec_914_359 flowId 327 uecSrc 326 starting at 0
Flow Uec_310_860 flowId 328 uecSrc 327 starting at 0
Flow Uec_781_151 flowId 329 uecSrc 328 starting at 0
Flow Uec_66_549 flowId 330 uecSrc 329 starting at 0
Flow Uec_835_227 flowId 331 uecSrc 330 starting at 0
Flow Uec_859_270 flowId 332 uecSrc 331 starting at 0
Flow Uec_1004_482 flowId 333 uecSrc 332 starting at 0
Flow Uec_435_925 flowId 334 uecSrc 333 starting at 0
Flow Uec_863_222 flowId 335 uecSrc 334 starting at 0
Flow Uec_1094_494 flowId 336 uecSrc 335 starting at 0
Flow Uec_810_272 flowId 337 uecSrc 336 starting at 0
Flow Uec_817_262 flowId 338 uecSrc 337 starting at 0
Flow Uec_567_1023 flowId 339 uecSrc 338 starting at 0
Flow Uec_668_86 flowId 340 uecSrc 339 starting at 0
Flow Uec_204_757 flowId 341 uecSrc 340 starting at 0
Flow Uec_223_732 flowId 342 uecSrc 341 starting at 0
Flow Uec_529_1034 flowId 343 uecSrc 342 starting at 0
Flow Uec_918_348 flowId 344 uecSrc 343 starting at 0
Flow Uec_837_282 flowId 345 uecSrc 344 starting at 0
Flow Uec_222_797 flowId 346 uecSrc 345 starting at 0
Flow Uec_148_643 flowId 347 uecSrc 346 starting at 0
Flow Uec_346_828 flowId 348 uecSrc 347 starting at 0
Flow Uec_388_871 flowId 349 uecSrc 348 starting at 0
Flow Uec_884_242 flowId 350 uecSrc 349 starting at 0
Flow Uec_877_225 flowId 351 uecSrc 350 starting at 0
Flow Uec_513_1098 flowId 352 uecSrc 351 starting at 0
Flow Uec_683_65 flowId 353 uecSrc 352 starting at 0
Flow Uec_643_58 flowId 354 uecSrc 353 starting at 0
Flow Uec_461_969 flowId 355 uecSrc 354 starting at 0
Flow Uec_144_634 flowId 356 uecSrc 355 starting at 0
Flow Uec_15_583 flowId 357 uecSrc 356 starting at 0
Flow Uec_307_864 flowId 358 uecSrc 357 starting at 0
Flow Uec_260_713 flowId 359 uecSrc 358 starting at 0
Flow Uec_853_241 flowId 360 uecSrc 359 starting at 0
Flow Uec_822_232 flowId 361 uecSrc 360 starting at 0
Flow Uec_798_133 flowId 362 uecSrc 361 starting at 0
Flow Uec_856_255 flowId 363 uecSrc 362 starting at 0
Flow Uec_790_150 flowId 364 uecSrc 363 starting at 0
Flow Uec_95_550 flowId 365 uecSrc 364 starting at 0
Flow Uec_791_117 flowId 366 uecSrc 365 starting at 0
Flow Uec_623_88 flowId 367 uecSrc 366 starting at 0
Flow Uec_200_798 flowId 368 uecSrc 367 starting at 0
Flow Uec_202_744 flowId 369 uecSrc 368 starting at 0
Flow Uec_432_995 flowId 370 uecSrc 369 starting at 0
Flow Uec_676_41 flowId 371 uecSrc 370 starting at 0
Flow Uec_424_902 flowId 372 uecSrc 371 starting at 0
Flow Uec_55_553 flowId 373 uecSrc 372 starting at 0
Flow Uec_693_38 flowId 374 uecSrc 373 starting at 0
Flow Uec_154_694 flowId 375 uecSrc 374 starting at 0
Flow Uec_780_104 flowId 376 uecSrc 375 starting at 0
Flow Uec_1054_466 flowId 377 uecSrc 376 starting at 0
Flow Uec_69_547 flowId 378 uecSrc 377 starting at 0
Flow Uec_153_654 flowId 379 uecSrc 378 starting at 0
Flow Uec_433_963 flowId 380 uecSrc 379 starting at 0
Flow Uec_734_136 flowId 381 uecSrc 380 starting at 0
Flow Uec_650_20 flowId 382 uecSrc 381 starting at 0
Flow Uec_169_601 flowId 383 uecSrc 382 starting at 0
Flow Uec_10_525 flowId 384 uecSrc 383 starting at 0
Flow Uec_611_85 flowId 385 uecSrc 384 starting at 0
Flow Uec_974_345 flowId 386 uecSrc 385 starting at 0
Flow Uec_997_366 flowId 387 uecSrc 386 starting at 0
Flow Uec_685_63 flowId 388 uecSrc 387 starting at 0
Flow Uec_367_809 flowId 389 uecSrc 388 starting at 0
Flow Uec_176_656 flowId 390 uecSrc 389 starting at 0
Flow Uec_975_390 flowId 391 uecSrc 390 starting at 0
Flow Uec_657_81 flowId 392 uecSrc 391 starting at 0
Flow Uec_387_821 flowId 393 uecSrc 392 starting at 0
Flow Uec_773_130 flowId 394 uecSrc 393 starting at 0
Flow Uec_16_574 flowId 395 uecSrc 394 starting at 0
Flow Uec_491_984 flowId 396 uecSrc 395 starting at 0
Flow Uec_149_638 flowId 397 uecSrc 396 starting at 0
Flow Uec_241_766 flowId 398 uecSrc 397 starting at 0
Flow Uec_599_1064 flowId 399 uecSrc 398 starting at 0
Flow Uec_1098_450 flowId 400 uecSrc 399 starting at 0
Flow Uec_83_568 flowId 401 uecSrc 400 starting at 0
Flow Uec_926_386 flowId 402 uecSrc 401 starting at 0
Flow Uec_519_1081 flowId 403 uecSrc 402 starting at 0
Flow Uec_805_207 flowId 404 uecSrc 403 starting at 0
Flow Uec_709_173 flowId 405 uecSrc 404 starting at 0
Flow Uec_427_906 flowId 406 uecSrc 405 starting at 0
Flow Uec_389_815 flowId 407 uecSrc 406 starting at 0
Flow Uec_528_1088 flowId 408 uecSrc 407 starting at 0
Flow Uec_945_399 flowId 409 uecSrc 408 starting at 0
Flow Uec_319_851 flowId 410 uecSrc 409 starting at 0
Flow Uec_365_831 flowId 411 uecSrc 410 starting at 0
Flow Uec_13_541 flowId 412 uecSrc 411 starting at 0
Flow Uec_299_783 flowId 413 uecSrc 412 starting at 0
Flow Uec_1044_432 flowId 414 uecSrc 413 starting at 0
Flow Uec_203_718 flowId 415 uecSrc 414 starting at 0
Flow Uec_738_184 flowId 416 uecSrc 415 starting at 0
Flow Uec_338_823 flowId 417 uecSrc 416 starting at 0
Flow Uec_239_730 flowId 418 uecSrc 417 starting at 0
Flow Uec_983_377 flowId 419 uecSrc 418 starting at 0
Flow Uec_897_269 flowId 420 uecSrc 419 starting at 0
Flow Uec_318_810 flowId 421 uecSrc 420 starting at 0
Flow Uec_1058_491 flowId 422 uecSrc 421 starting at 0
Flow Uec_571_1070 flowId 423 uecSrc 422 starting at 0
Flow Uec_731_160 flowId 424 uecSrc 423 starting at 0
Flow Uec_121_625 flowId 425 uecSrc 424 starting at 0
Flow Uec_324_893 flowId 426 uecSrc 425 starting at 0
Flow Uec_305_830 flowId 427 uecSrc 426 starting at 0
Flow Uec_882_204 flowId 428 uecSrc 427 starting at 0
Flow Uec_281_753 flowId 429 uecSrc 428 starting at 0
Flow Uec_12_509 flowId 430 uecSrc 429 starting at 0
Flow Uec_243_742 flowId 431 uecSrc 430 starting at 0
Flow Uec_1048_483 flowId 432 uecSrc 431 starting at 0
Flow Uec_133_630 flowId 433 uecSrc 432 starting at 0
Flow Uec_845_250 flowId 434 uecSrc 433 starting at 0
Flow Uec_112_682 flowId 435 uecSrc 434 starting at 0
Flow Uec_1011_489 flowId 436 uecSrc 435 starting at 0
Flow Uec_976_338 flowId 437 uecSrc 436 starting at 0
Flow Uec_772_183 flowId 438 uecSrc 437 starting at 0
Flow Uec_523_1017 flowId 439 uecSrc 438 starting at 0
Flow Uec_164_668 flowId 440 uecSrc 439 starting at 0
Flow Uec_595_1020 flowId 441 uecSrc 440 starting at 0
Flow Uec_763_178 flowId 442 uecSrc 441 starting at 0
Flow Uec_622_73 flowId 443 uecSrc 442 starting at 0
Flow Uec_812_279 flowId 444 uecSrc 443 starting at 0
Flow Uec_374_839 flowId 445 uecSrc 444 starting at 0
Flow Uec_562_1053 flowId 446 uecSrc 445 starting at 0
Flow Uec_850_259 flowId 447 uecSrc 446 starting at 0
Flow Uec_866_210 flowId 448 uecSrc 447 starting at 0
Flow Uec_959_394 flowId 449 uecSrc 448 starting at 0
Flow Uec_972_367 flowId 450 uecSrc 449 starting at 0
Flow Uec_98_538 flowId 451 uecSrc 450 starting at 0
Flow Uec_182_619 flowId 452 uecSrc 451 starting at 0
Flow Uec_682_83 flowId 453 uecSrc 452 starting at 0
Flow Uec_486_930 flowId 454 uecSrc 453 starting at 0
Flow Uec_140_671 flowId 455 uecSrc 454 starting at 0
Flow Uec_359_811 flowId 456 uecSrc 455 starting at 0
Flow Uec_247_789 flowId 457 uecSrc 456 starting at 0
Flow Uec_703_135 flowId 458 uecSrc 457 starting at 0
Flow Uec_402_985 flowId 459 uecSrc 458 starting at 0
Flow Uec_384_822 flowId 460 uecSrc 459 starting at 0
Flow Uec_321_870 flowId 461 uecSrc 460 starting at 0
Flow Uec_233_752 flowId 462 uecSrc 461 starting at 0
Flow Uec_834_205 flowId 463 uecSrc 462 starting at 0
Flow Uec_197_622 flowId 464 uecSrc 463 starting at 0
Flow Uec_1089_443 flowId 465 uecSrc 464 starting at 0
Flow Uec_108_677 flowId 466 uecSrc 465 starting at 0
Flow Uec_473_940 flowId 467 uecSrc 466 starting at 0
Flow Uec_467_923 flowId 468 uecSrc 467 starting at 0
Flow Uec_942_339 flowId 469 uecSrc 468 starting at 0
Flow Uec_546_1016 flowId 470 uecSrc 469 starting at 0
Flow Uec_146_649 flowId 471 uecSrc 470 starting at 0
Flow Uec_999_313 flowId 472 uecSrc 471 starting at 0
Flow Uec_594_1032 flowId 473 uecSrc 472 starting at 0
Flow Uec_952_310 flowId 474 uecSrc 473 starting at 0
Flow Uec_533_1036 flowId 475 uecSrc 474 starting at 0
Flow Uec_555_1063 flowId 476 uecSrc 475 starting at 0
Flow Uec_439_970 flowId 477 uecSrc 476 starting at 0
Flow Uec_670_35 flowId 478 uecSrc 477 starting at 0
Flow Uec_1018_438 flowId 479 uecSrc 478 starting at 0
Flow Uec_415_917 flowId 480 uecSrc 479 starting at 0
Flow Uec_414_982 flowId 481 uecSrc 480 starting at 0
Flow Uec_364_852 flowId 482 uecSrc 481 starting at 0
Flow Uec_288_721 flowId 483 uecSrc 482 starting at 0
Flow Uec_444_954 flowId 484 uecSrc 483 starting at 0
Flow Uec_1064_474 flowId 485 uecSrc 484 starting at 0
Flow Uec_41_544 flowId 486 uecSrc 485 starting at 0
Flow Uec_563_1022 flowId 487 uecSrc 486 starting at 0
Flow Uec_109_661 flowId 488 uecSrc 487 starting at 0
Flow Uec_723_115 flowId 489 uecSrc 488 starting at 0
Flow Uec_361_888 flowId 490 uecSrc 489 starting at 0
Flow Uec_386_847 flowId 491 uecSrc 490 starting at 0
Flow Uec_648_10 flowId 492 uecSrc 491 starting at 0
Flow Uec_136_662 flowId 493 uecSrc 492 starting at 0
Flow Uec_1093_405 flowId 494 uecSrc 493 starting at 0
Flow Uec_85_528 flowId 495 uecSrc 494 starting at 0
Flow Uec_86_507 flowId 496 uecSrc 495 starting at 0
Flow Uec_406_931 flowId 497 uecSrc 496 starting at 0
Flow Uec_814_201 flowId 498 uecSrc 497 starting at 0
Flow Uec_84_566 flowId 499 uecSrc 498 starting at 0
Flow Uec_287_743 flowId 500 uecSrc 499 starting at 0
Flow Uec_660_1 flowId 501 uecSrc 500 starting at 0
Flow Uec_931_383 flowId 502 uecSrc 501 starting at 0
Flow Uec_492_979 flowId 503 uecSrc 502 starting at 0
Flow Uec_1045_424 flowId 504 uecSrc 503 starting at 0
Flow Uec_50_545 flowId 505 uecSrc 504 starting at 0
Flow Uec_291_755 flowId 506 uecSrc 505 starting at 0
Flow Uec_654_66 flowId 507 uecSrc 506 starting at 0
Flow Uec_1035_418 flowId 508 uecSrc 507 starting at 0
Flow Uec_453_950 flowId 509 uecSrc 508 starting at 0
Flow Uec_245_712 flowId 510 uecSrc 509 starting at 0
Flow Uec_896_281 flowId 511 uecSrc 510 starting at 0
Flow Uec_78_533 flowId 512 uecSrc 511 starting at 0
Flow Uec_995_365 flowId 513 uecSrc 512 starting at 0
Flow Uec_783_146 flowId 514 uecSrc 513 starting at 0
Flow Uec_120_660 flowId 515 uecSrc 514 starting at 0
Flow Uec_457_981 flowId 516 uecSrc 515 starting at 0
Flow Uec_249_761 flowId 517 uecSrc 516 starting at 0
Flow Uec_268_778 flowId 518 uecSrc 517 starting at 0
Flow Uec_588_1051 flowId 519 uecSrc 518 starting at 0
Flow Uec_218_754 flowId 520 uecSrc 519 starting at 0
Flow Uec_107_639 flowId 521 uecSrc 520 starting at 0
Flow Uec_377_800 flowId 522 uecSrc 521 starting at 0
Flow Uec_430_975 flowId 523 uecSrc 522 starting at 0
Flow Uec_221_774 flowId 524 uecSrc 523 starting at 0
Flow Uec_428_937 flowId 525 uecSrc 524 starting at 0
Flow Uec_919_307 flowId 526 uecSrc 525 starting at 0
Flow Uec_839_238 flowId 527 uecSrc 526 starting at 0
Flow Uec_915_327 flowId 528 uecSrc 527 starting at 0
Flow Uec_501_1059 flowId 529 uecSrc 528 starting at 0
Flow Uec_362_884 flowId 530 uecSrc 529 starting at 0
Flow Uec_707_156 flowId 531 uecSrc 530 starting at 0
Flow Uec_404_912 flowId 532 uecSrc 531 starting at 0
Flow Uec_953_398 flowId 533 uecSrc 532 starting at 0
Flow Uec_217_717 flowId 534 uecSrc 533 starting at 0
Flow Uec_770_144 flowId 535 uecSrc 534 starting at 0
Flow Uec_44_577 flowId 536 uecSrc 535 starting at 0
Flow Uec_908_308 flowId 537 uecSrc 536 starting at 0
Flow Uec_922_355 flowId 538 uecSrc 537 starting at 0
Flow Uec_485_962 flowId 539 uecSrc 538 starting at 0
Flow Uec_962_316 flowId 540 uecSrc 539 starting at 0
Flow Uec_478_967 flowId 541 uecSrc 540 starting at 0
Flow Uec_425_972 flowId 542 uecSrc 541 starting at 0
Flow Uec_495_961 flowId 543 uecSrc 542 starting at 0
Flow Uec_68_596 flowId 544 uecSrc 543 starting at 0
Flow Uec_452_919 flowId 545 uecSrc 544 starting at 0
Flow Uec_736_166 flowId 546 uecSrc 545 starting at 0
Flow Uec_886_233 flowId 547 uecSrc 546 starting at 0
Flow Uec_67_543 flowId 548 uecSrc 547 starting at 0
Flow Uec_369_898 flowId 549 uecSrc 548 starting at 0
Flow Uec_688_4 flowId 550 uecSrc 549 starting at 0
Flow Uec_1025_486 flowId 237 uecSrc 236 finished at 179.244 total messages 1 total packets 490 RTS 0 total bytes 2002140 in_flight now 0 fair_inc 1493 prop_inc 72937 fast_inc 0 eta_inc 8344 multi_dec -0 quick_dec -0 nack_dec -0
Flow Uec_314_804 flowId 5 uecSrc 4 finished at 179.324 total messages 1 total packets 490 RTS 0 total bytes 2002140 in_flight now 0 fair_inc 0 prop_inc 71347 fast_inc 0 eta_inc 8344 multi_dec -0 quick_dec -0 nack_dec -0
Flow Uec_176_656 flowId 390 uecSrc 389 finished at 179.554 total messages 1 total packets 490 RTS 0 total bytes 2002140 in_flight now 0 fair_inc 6726 prop_inc 64739 fast_inc 0 eta_inc 8344 multi_dec -0 quick_dec -0 nack_dec -0
Flow Uec_1078_462 flowId 222 uecSrc 221 finished at 179.694 total messages 1 total packets 490 RTS 0 total bytes 2002140 in_flight now 0 fair_inc 1117 prop_inc 76135 fast_inc 0 eta_inc 8344 multi_dec -0 quick_dec -0 nack_dec -0
Flow Uec_1035_418 flowId 508 uecSrc 507 finished at 179.729 total messages 1 total packets 490 RTS 0 total bytes 2002140 in_flight now 0 fair_inc 2611 prop_inc 74551 fast_inc 0 eta_inc 8344 multi_dec -0 quick_dec -0 nack_dec -0
Flow Uec_189_636 flowId 291 uecSrc 290 finished at 180.038 total messages 1 total packets 490 RTS 0 total bytes 2002140 in_flight now 0 fair_inc 746 prop_inc 70042 fast_inc 0 eta_inc 8344 multi_dec -0 quick_dec -0 nack_dec -0
Flow Uec_1066_426 flowId 81 uecSrc 80 finished at 180.202 total messages 1 total packets 490 RTS 0 total bytes 2002140 in_flight now 0 fair_inc 3360 prop_inc 75379 fast_inc 0 eta_inc 8344 multi_dec -0 quick_dec -0 nack_dec -0
Flow Uec_1093_405 flowId 494 uecSrc 493 finished at 180.246 total messages 1 total packets 490 RTS 0 total bytes 2002140 in_flight now 0 fair_inc 0 prop_inc 72928 fast_inc 0 eta_inc 8344 multi_dec -0 quick_dec -0 nack_dec -0
Flow Uec_907_325 flowId 198 uecSrc 197 finished at 180.263 total messages 1 total packets 490 RTS 0 total bytes 2002140 in_flight now 0 fair_inc 0 prop_inc 70894 fast_inc 0 eta_inc 8344 multi_dec -0 quick_dec -0 nack_dec -0
Flow Uec_357_840 flowId 105 uecSrc 104 finished at 180.563 total messages 1 total packets 490 RTS 0 total bytes 2002140 in_flight now 0 fair_inc 747 prop_inc 75709 fast_inc 0 eta_inc 8344 multi_dec -0 quick_dec -0 nack_dec -0
Flow Uec_1028_477 flowId 79 uecSrc 78 finished at 180.575 total messages 1 total packets 490 RTS 0 total bytes 2002140 in_flight now 0 fair_inc 1495 prop_inc 69037 fast_inc 0 eta_inc 8344 multi_dec -0 quick_dec -0 nack_dec -0
Flow Uec_992_335 flowId 149 uecSrc 148 finished at 180.727 total messages 1 total packets 490 RTS 0 total bytes 2002140 in_flight now 0 fair_inc 1490 prop_inc 71938 fast_inc 0 eta_inc 8344 multi_dec -0 quick_dec -0 nack_dec -0
Flow Uec_199_615 flowId 280 uecSrc 279 finished at 180.729 total messages 1 total packets 490 RTS 0 total bytes 2002140 in_flight now 0 fair_inc 1493 prop_inc 75043 fast_inc 0 eta_inc 8344 multi_dec -0 quick_dec -0 nack_dec -0
Flow Uec_118_697 flowId 320 uecSrc 319 finished at 181.055 total messages 1 total packets 490 RTS 0 total bytes 2002140 in_flight now 0 fair_inc 1494 prop_inc 65697 fast_inc 0 eta_inc 8344 multi_dec -0 quick_dec -0 nack_dec -0
Flow Uec_1021_440 flowId 200 uecSrc 199 finished at 181.232 total messages 1 total packets 490 RTS 0 total bytes 2002140 in_flight now 0 fair_inc 1493 prop_inc 68682 fast_inc 0 eta_inc 8344 multi_dec -0 quick_dec -0 nack_dec -0
Flow Uec_146_649 flowId 471 uecSrc 470 finished at 181.235 total messages 1 total packets 490 RTS 0 total bytes 2002140 in_flight now 0 fair_inc 0 prop_inc 79344 fast_inc 0 eta_inc 8344 multi_dec -0 quick_dec -0 nack_dec -0
Flow Uec_767_114 flowId 33 uecSrc 32 finished at 181.267 total messages 1 total packets 490 RTS 0 total bytes 2002140 in_flight now 0 fair_inc 1488 prop_inc 70375 fast_inc 0 eta_inc 8344 multi_dec -0 quick_dec -0 nack_dec -0
Flow Uec_1064_474 flowId 485 uecSrc 484 finished at 181.4 total messages 1 total packets 490 RTS 0 total bytes 2002140 in_flight now 0 fair_inc 1492 prop_inc 79473 fast_inc 0 eta_inc 8344 multi_dec -0 quick_dec -0 nack_dec -0
Flow Uec_781_151 flowId 329 uecSrc 328 finished at 181.565 total messages 1 total packets 490 RTS 0 total bytes 2002140 in_flight now 0 fair_inc 1494 prop_inc 64568 fast_inc 0 eta_inc 8344 multi_dec -0 quick_dec -0 nack_dec -0
Flow Uec_1029_493 flowId 234 uecSrc 233 finished at 181.596 total messages 1 total packets 490 RTS 0 total bytes 2002140 in_flight now 0 fair_inc 0 prop_inc 74536 fast_inc 0 eta_inc 8344 multi_dec -0 quick_dec -0 nack_dec -0
Flow Uec_942_339 flowId 469 uecSrc 468 finished at 181.659 total messages 1 total packets 490 RTS 0 total bytes 2002140 in_flight now 0 fair_inc 0 prop_inc 78115 fast_inc 0 eta_inc 8344 multi_dec -0 quick_dec -0 nack_dec -0
Flow Uec_1094_494 flowId 336 uecSrc 335 finished at 181.681 total messages 1 total packets 490 RTS 0 total bytes 2002140 in_flight now 0 fair_inc 0 prop_inc 74340 fast_inc 0 eta_inc 8344 multi_dec -0 quick_dec -0 nack_dec -0
Flow Uec_523_1017 flowId 439 uecSrc 438 finished at 181.696 total messages 1 total packets 490 RTS 0 total bytes 2002140 in_flight now 0 fair_inc 0 prop_inc 72406 fast_inc 0 eta_inc 8344 multi_dec -0 quick_dec -0 nack_dec -0
Flow Uec_531_1055 flowId 136 uecSrc 135 finished at 181.793 total messages 1 total packets 490 RTS 0 total bytes 2002140 in_flight now 0 fair_inc 1864 prop_inc 64553 fast_inc 0 eta_inc 8344 multi_dec -0 quick_dec -0 nack_dec -0
Flow Uec_106_623 flowId 296 uecSrc 295 finished at 181.816 total messages 1 total packets 490 RTS 0 total bytes 2002140 in_flight now 0 fair_inc 1490 prop_inc 70294 fast_inc 0 eta_inc 8344 multi_dec -0 quick_dec -0 nack_dec -0
Flow Uec_391_861 flowId 266 uecSrc 265 finished at 181.837 total messages 1 total packets 490 RTS 0 total bytes 2002140 in_flight now 0 fair_inc 0 prop_inc 73096 fast_inc 0 eta_inc 8344 multi_dec -0 quick_dec -0 nack_dec -0
Flow Uec_1040_423 flowId 116 uecSrc 115 finished at 181.9 total messages 1 total packets 490 RTS 0 total bytes 2002140 in_flight now 0 fair_inc 2977 prop_inc 72975 fast_inc 0 eta_inc 8344 multi_dec -0 quick_dec -0 nack_dec -0
Flow Uec_1079_427 flowId 7 uecSrc 6 finished at 181.917 total messages 1 total packets 490 RTS 0 total bytes 2002140 in_flight now 0 fair_inc 0 prop_inc 72564 fast_inc 0 eta_inc 8344 multi_dec -0 quick_dec -0 nack_dec -0
Flow Uec_127_669 flowId 45 uecSrc 44 finished at 182.047 total messages 1 total packets 490 RTS 0 total bytes 2002140 in_flight now 0 fair_inc 0 prop_inc 70984 fast_inc 0 eta_inc 8344 multi_dec -0 quick_dec -0 nack_dec -0
Flow Uec_1090_447 flowId 256 uecSrc 255 finished at 182.132 total messages 1 total packets 490 RTS 0 total bytes 2002140 in_flight now 0 fair_inc 0 prop_inc 65365 fast_inc 0 eta_inc 8344 multi_dec -0 quick_dec -0 nack_dec -0
Flow Uec_148_643 flowId 347 uecSrc 346 finished at 182.155 total messages 1 total packets 490 RTS 0 total bytes 2002140 in_flight now 0 fair_inc 0 prop_inc 76467 fast_inc 0 eta_inc 8344 multi_dec -0 quick_dec -0 nack_dec -0
Flow Uec_908_308 flowId 537 uecSrc 536 finished at 182.221 total messages 1 total packets 490 RTS 0 total bytes 2002140 in_flight now 0 fair_inc 1491 prop_inc 69181 fast_inc 0 eta_inc 8344 multi_dec -0 quick_dec -0 nack_dec -0
Flow Uec_572_1073 flowId 76 uecSrc 75 finished at 182.246 total messages 1 total packets 490 RTS 0 total bytes 2002140 in_flight now 0 fair_inc 0 prop_inc 63703 fast_inc 0 eta_inc 8344 multi_dec -0 quick_dec -0 nack_dec -0
Flow Uec_329_886 flowId 297 uecSrc 296 finished at 182.297 total messages 1 total packets 490 RTS 0 total bytes 2002140 in_flight now 0 fair_inc 0 prop_inc 72803 fast_inc 0 eta_inc 8344 multi_dec -0 quick_dec -0 nack_dec -0
Flow Uec_938_350 flowId 82 uecSrc 81 finished at 182.316 total messages 1 total packets 490 RTS 0 total bytes 2002140 in_flight now 0 fair_inc 1866 prop_inc 72183 fast_inc 0 eta_inc 8344 multi_dec -0 quick_dec -0 nack_dec -0
Flow Uec_936_306 flowId 267 uecSrc 266 finished at 182.376 total messages 1 total packets 490 RTS 0 total bytes 2002140 in_flight now 0 fair_inc 0 prop_inc 71817 fast_inc 0 eta_inc 8344 multi_dec -0 quick_dec -0 nack_dec -0
Flow Uec_976_338 flowId 437 uecSrc 436 finished at 182.432 total messages 1 total packets 490 RTS 0 total bytes 2002140 in_flight now 0 fair_inc 0 prop_inc 75904 fast_inc 0 eta_inc 8344 multi_dec -0 quick_dec -0 nack_dec -0
Flow Uec_995_365 flowId 513 uecSrc 512 finished at 182.568 total messages 1 total packets 490 RTS 0 total bytes 2002140 in_flight now 0 fair_inc 2979 prop_inc 75318 fast_inc 0 eta_inc 8344 multi_dec -0 quick_dec -0 nack_dec -0
Flow Uec_698_46 flowId 211 uecSrc 210 finished at 182.573 total messages 1 total packets 490 RTS 0 total bytes 2002140 in_flight now 0 fair_inc 375 prop_inc 66693 fast_inc 0 eta_inc 8344 multi_dec -0 quick_dec -0 nack_dec -0
Flow Uec_986_382 flowId 95 uecSrc 94 finished at 182.592 total messages 1 total packets 490 RTS 0 total bytes 2002140 in_flight now 0 fair_inc 0 prop_inc 71655 fast_inc 0 eta_inc 8344 multi_dec -0 quick_dec -0 nack_dec -0
Flow Uec_1045_424 flowId 504 uecSrc 503 finished at 182.634 total messages 1 total packets 490 RTS 0 total bytes 2002140 in_flight now 0 fair_inc 374 prop_inc 75218 fast_inc 0 eta_inc 8344 multi_dec -0 quick_dec -0 nack_dec -0
Flow Uec_524_1046 flowId 273 uecSrc 272 finished at 182.675 total messages 1 total packets 490 RTS 0 total bytes 2002140 in_flight now 0 fair_inc 3353 prop_inc 70006 fast_inc 0 eta_inc 8344 multi_dec -0 quick_dec -0 nack_dec -0
Flow Uec_562_1053 flowId 446 uecSrc 445 finished at 182.708 total messages 1 total packets 490 RTS 0 total bytes 2002140 in_flight now 0 fair_inc 1863 prop_inc 67660 fast_inc 0 eta_inc 8344 multi_dec -0 quick_dec -0 nack_dec -0
Flow Uec_1043_404 flowId 3 uecSrc 2 finished at 182.709 total messages 1 total packets 490 RTS 0 total bytes 2002140 in_flight now 0 fair_inc 3731 prop_inc 72516 fast_inc 0 eta_inc 8344 multi_dec -0 quick_dec -0 nack_dec -0
Flow Uec_137_633 flowId 309 uecSrc 308 finished at 182.804 total messages 1 total packets 490 RTS 0 total bytes 2002140 in_flight now 0 fair_inc 2980 prop_inc 71601 fast_inc 0 eta_inc 8344 multi_dec -0 quick_dec -0 nack_dec -0
Flow Uec_160_606 flowId 194 uecSrc 193 finished at 182.819 total messages 1 total packets 490 RTS 0 total bytes 2002140 in_flight now 0 fair_inc 0 prop_inc 70829 fast_inc 0 eta_inc 8344 multi_dec -0 quick_dec -0 nack_dec -0
Flow Uec_191_689 flowId 240 uecSrc 239 finished at 182.827 total messages 1 total packets 490 RTS 0 total bytes 2002140 in_flight now 0 fair_inc 746 prop_inc 66749 fast_inc 0 eta_inc 8344 multi_dec -0 quick_dec -0 nack_dec -0
Flow Uec_353_874 flowId 283 uecSrc 282 finished at 182.883 total messages 1 total packets 490 RTS 0 total bytes 2002140 in_flight now 0 fair_inc 1496 prop_inc 66592 fast_inc 0 eta_inc 8344 multi_dec -0 quick_dec -0 nack_dec -0
Flow Uec_900_372 flowId 144 uecSrc 143 finished at 182.886 total messages 1 total packets 490 RTS 0 total bytes 2002140 in_flight now 0 fair_inc 1496 prop_inc 69462 fast_inc 0 eta_inc 8344 multi_dec -0 quick_dec -0 nack_dec -0
Flow Uec_1008_459 flowId 132 uecSrc 131 finished at 182.934 total messages 1 total packets 490 RTS 0 total bytes 2002140 in_flight now 0 fair_inc 1491 prop_inc 74747 fast_inc 0 eta_inc 8344 multi_dec -0 quick_dec -0 nack_dec -0
Flow Uec_328_806 flowId 129 uecSrc 128 finished at 182.938 total messages 1 total packets 490 RTS 0 total bytes 2002140 in_flight now 0 fair_inc 0 prop_inc 70443 fast_inc 0 eta_inc 8344 multi_dec -0 quick_dec -0 nack_dec -0
Flow Uec_121_625 flowId 425 uecSrc 424 finished at 182.943 total messages 1 total packets 490 RTS 0 total bytes 2002140 in_flight now 0 fair_inc 1489 prop_inc 70385 fast_inc 0 eta_inc 8344 multi_dec -0 quick_dec -0 nack_dec -0
Flow Uec_307_864 flowId 358 uecSrc 357 finished at 183.1 total messages 1 total packets 490 RTS 0 total bytes 2002140 in_flight now 0 fair_inc 1496 prop_inc 73786 fast_inc 0 eta_inc 8344 multi_dec -0 quick_dec -0 nack_dec -0
Flow Uec_155_607 flowId 39 uecSrc 38 finished at 183.137 total messages 1 total packets 490 RTS 0 total bytes 2002140 in_flight now 0 fair_inc 0 prop_inc 68430 fast_inc 0 eta_inc 8344 multi_dec -0 quick_dec -0 nack_dec -0
Flow Uec_318_810 flowId 421 uecSrc 420 finished at 183.15 total messages 1 total packets 490 RTS 0 total bytes 2002140 in_flight now 0 fair_inc 1863 prop_inc 70186 fast_inc 0 eta_inc 8344 multi_dec -0 quick_dec -0 nack_dec -0
Flow Uec_305_830 flowId 427 uecSrc 426 finished at 183.173 total messages 1 total packets 490 RTS 0 total bytes 2002140 in_flight now 0 fair_inc 0 prop_inc 67711 fast_inc 0 eta_inc 8344 multi_dec -0 quick_dec -0 nack_dec -0
Flow Uec_1098_450 flowId 400 uecSrc 399 finished at 183.219 total messages 1 total packets 490 RTS 0 total bytes 2002140 in_flight now 0 fair_inc 0 prop_inc 72240 fast_inc 0 eta_inc 8344 multi_dec -0 quick_dec -0 nack_dec -0
Flow Uec_324_893 flowId 426 uecSrc 425 finished at 183.24 total messages 1 total packets 490 RTS 0 total bytes 2002140 in_flight now 0 fair_inc 4477 prop_inc 64264 fast_inc 0 eta_inc 8344 multi_dec -0 quick_dec -0 nack_dec -0
Flow Uec_1013_435 flowId 35 uecSrc 34 finished at 183.26 total messages 1 total packets 490 RTS 0 total bytes 2002140 in_flight now 0 fair_inc 0 prop_inc 80652 fast_inc 0 eta_inc 8344 multi_dec -0 quick_dec -0 nack_dec -0
Flow Uec_1018_438 flowId 479 uecSrc 478 finished at 183.267 total messages 1 total packets 490 RTS 0 total bytes 2002140 in_flight now 0 fair_inc 373 prop_inc 66915 fast_inc 0 eta_inc 8940 multi_dec -0 quick_dec -0 nack_dec -0
Flow Uec_1089_443 flowId 465 uecSrc 464 finished at 183.32 total messages 1 total packets 490 RTS 0 total bytes 2002140 in_flight now 0 fair_inc 2608 prop_inc 66619 fast_inc 0 eta_inc 8344 multi_dec -0 quick_dec -0 nack_dec -0
Flow Uec_931_383 flowId 502 uecSrc 501 finished at 183.401 total messages 1 total packets 490 RTS 0 total bytes 2002140 in_flight now 0 fair_inc 0 prop_inc 74969 fast_inc 0 eta_inc 8344 multi_dec -0 quick_dec -0 nack_dec -0
Flow Uec_1000_469 flowId 167 uecSrc 166 finished at 183.48 total messages 1 total packets 490 RTS 0 total bytes 2002140 in_flight now 0 fair_inc 0 prop_inc 70355 fast_inc 0 eta_inc 8344 multi_dec -0 quick_dec -0 nack_dec -0
Flow Uec_546_1016 flowId 470 uecSrc 469 finished at 183.491 total messages 1 total packets 490 RTS 0 total bytes 2002140 in_flight now 0 fair_inc 0 prop_inc 73040 fast_inc 0 eta_inc 8344 multi_dec -0 quick_dec -0 nack_dec -0
Flow Uec_589_1038 flowId 74 uecSrc 73 finished at 183.532 total messages 1 total packets 490 RTS 0 total bytes 2002140 in_flight now 0 fair_inc 1491 prop_inc 67579 fast_inc 0 eta_inc 8344 multi_dec -0 quick_dec -0 nack_dec -0
Flow Uec_960_337 flowId 60 uecSrc 59 finished at 183.62 total messages 1 total packets 490 RTS 0 total bytes 2002140 in_flight now 0 fair_inc 1494 prop_inc 69958 fast_inc 0 eta_inc 8344 multi_dec -0 quick_dec -0 nack_dec -0
Flow Uec_949_381 flowId 241 uecSrc 240 finished at 183.725 total messages 1 total packets 490 RTS 0 total bytes 2002140 in_flight now 0 fair_inc 0 prop_inc 68327 fast_inc 0 eta_inc 8344 multi_dec -0 quick_dec -0 nack_dec -0
Flow Uec_303_890 flowId 115 uecSrc 114 finished at 183.814 total messages 1 total packets 490 RTS 0 total bytes 2002140 in_flight now 0 fair_inc 1492 prop_inc 65026 fast_inc 0 eta_inc 8344 multi_dec -0 quick_dec -0 nack_dec -0
Flow Uec_338_823 flowId 417 uecSrc 416 finished at 183.815 total messages 1 total packets 490 RTS 0 total bytes 2002140 in_flight now 0 fair_inc 0 prop_inc 72670 fast_inc 0 eta_inc 8344 multi_dec -0 quick_dec -0 nack_dec -0
Flow Uec_710_167 flowId 219 uecSrc 218 finished at 183.822 total messages 1 total packets 490 RTS 0 total bytes 2002140 in_flight now 0 fair_inc 373 prop_inc 68246 fast_inc 0 eta_inc 8940 multi_dec -0 quick_dec -0 nack_dec -0
Flow Uec_1012_468 flowId 125 uecSrc 124 finished at 183.893 total messages 1 total packets 490 RTS 0 total bytes 2002140 in_flight now 0 fair_inc 4476 prop_inc 63684 fast_inc 0 eta_inc 8940 multi_dec -0 quick_dec -0 nack_dec -0
Flow Uec_975_390 flowId 391 uecSrc 390 finished at 183.975 total messages 1 total packets 490 RTS 0 total bytes 2002140 in_flight now 0 fair_inc 0 prop_inc 66626 fast_inc 0 eta_inc 8940 multi_dec -0 quick_dec -0 nack_dec -0
Flow Uec_444_954 flowId 484 uecSrc 483 finished at 183.995 total messages 1 total packets 490 RTS 0 total bytes 2002140 in_flight now 0 fair_inc 3727 prop_inc 63124 fast_inc 0 eta_inc 8344 multi_dec -0 quick_dec -0 nack_dec -0
Flow Uec_904_342 flowId 73 uecSrc 72 finished at 184.012 total messages 1 total packets 490 RTS 0 total bytes 2002140 in_flight now 0 fair_inc 1496 prop_inc 64853 fast_inc 0 eta_inc 8344 multi_dec -0 quick_dec -0 nack_dec -0
Flow Uec_597_1048 flowId 201 uecSrc 200 finished at 184.013 total messages 1 total packets 490 RTS 0 total bytes 2002140 in_flight now 0 fair_inc 0 prop_inc 62715 fast_inc 0 eta_inc 8344 multi_dec -0 quick_dec -0 nack_dec -0
Flow Uec_116_674 flowId 110 uecSrc 109 finished at 184.016 total messages 1 total packets 490 RTS 0 total bytes 2002140 in_flight now 0 fair_inc 0 prop_inc 68672 fast_inc 0 eta_inc 8344 multi_dec -0 quick_dec -0 nack_dec -0
Flow Uec_384_822 flowId 460 uecSrc 459 finished at 184.14 total messages 1 total packets 490 RTS 0 total bytes 2002140 in_flight now 0 fair_inc 2239 prop_inc 70262 fast_inc 0 eta_inc 8344 multi_dec -0 quick_dec -0 nack_dec -0
Flow Uec_1070_476 flowId 77 uecSrc 76 finished at 184.195 total messages 1 total packets 490 RTS 0 total bytes 2002140 in_flight now 0 fair_inc 0 prop_inc 70484 fast_inc 0 eta_inc 8344 multi_dec -0 quick_dec -0 nack_dec -0
Flow Uec_1031_415 flowId 214 uecSrc 213 finished at 184.221 total messages 1 total packets 490 RTS 0 total bytes 2002140 in_flight now 0 fair_inc 1492 prop_inc 66171 fast_inc 0 eta_inc 8344 multi_dec -0 quick_dec -0 nack_dec -0
Flow Uec_1004_482 flowId 333 uecSrc 332 finished at 184.262 total messages 1 total packets 490 RTS 0 total bytes 2002140 in_flight now 0 fair_inc 2248 prop_inc 63546 fast_inc 0 eta_inc 8344 multi_dec -0 quick_dec -0 nack_dec -0
Flow Uec_720_116 flowId 223 uecSrc 222 finished at 184.283 total messages 1 total packets 490 RTS 0 total bytes 2002140 in_flight now 0 fair_inc 2983 prop_inc 72942 fast_inc 0 eta_inc 8344 multi_dec -0 quick_dec -0 nack_dec -0
Flow Uec_519_1081 flowId 403 uecSrc 402 finished at 184.293 total messages 1 total packets 490 RTS 0 total bytes 2002140 in_flight now 0 fair_inc 375 prop_inc 69587 fast_inc 0 eta_inc 8344 multi_dec -0 quick_dec -0 nack_dec -0
Flow Uec_972_367 flowId 450 uecSrc 449 finished at 184.294 total messages 1 total packets 490 RTS 0 total bytes 2002140 in_flight now 0 fair_inc 0 prop_inc 72977 fast_inc 0 eta_inc 8344 multi_dec -0 quick_dec -0 nack_dec -0
Flow Uec_1009_484 flowId 155 uecSrc 154 finished at 184.305 total messages 1 total packets 490 RTS 0 total bytes 2002140 in_flight now 0 fair_inc 5968 prop_inc 61772 fast_inc 0 eta_inc 8940 multi_dec -0 quick_dec -0 nack_dec -0
Flow Uec_926_386 flowId 402 uecSrc 401 finished at 184.311 total messages 1 total packets 490 RTS 0 total bytes 2002140 in_flight now 0 fair_inc 0 prop_inc 73128 fast_inc 0 eta_inc 8344 multi_dec -0 quick_dec -0 nack_dec -0
Flow Uec_780_104 flowId 376 uecSrc 375 finished at 184.379 total messages 1 total packets 490 RTS 0 total bytes 2002140 in_flight now 0 fair_inc 1864 prop_inc 60312 fast_inc 0 eta_inc 8344 multi_dec -0 quick_dec -0 nack_dec -0
Flow Uec_1044_432 flowId 414 uecSrc 413 finished at 184.389 total messages 1 total packets 490 RTS 0 total bytes 2002140 in_flight now 0 fair_inc 3361 prop_inc 74869 fast_inc 0 eta_inc 8344 multi_dec -0 quick_dec -0 nack_dec -0
Flow Uec_990_375 flowId 259 uecSrc 258 finished at 184.391 total messages 1 total packets 490 RTS 0 total bytes 2002140 in_flight now 0 fair_inc 0 prop_inc 68306 fast_inc 0 eta_inc 8940 multi_dec -0 quick_dec -0 nack_dec -0
Flow Uec_550_1047 flowId 32 uecSrc 31 finished at 184.394 total messages 1 total packets 490 RTS 0 total bytes 2002140 in_flight now 0 fair_inc 1862 prop_inc 65360 fast_inc 0 eta_inc 8344 multi_dec -0 quick_dec -0 nack_dec -0
Flow Uec_163_664 flowId 230 uecSrc 229 finished at 184.398 total messages 1 total packets 490 RTS 0 total bytes 2002140 in_flight now 0 fair_inc 1862 prop_inc 68940 fast_inc 0 eta_inc 8940 multi_dec -0 quick_dec -0 nack_dec -0
Flow Uec_112_682 flowId 435 uecSrc 434 finished at 184.403 total messages 1 total packets 490 RTS 0 total bytes 2002140 in_flight now 0 fair_inc 1120 prop_inc 74239 fast_inc 0 eta_inc 8344 multi_dec -0 quick_dec -0 nack_dec -0
Flow Uec_344_845 flowId 90 uecSrc 89 finished at 184.443 total messages 1 total packets 490 RTS 0 total bytes 2002140 in_flight now 0 fair_inc 747 prop_inc 74033 fast_inc 0 eta_inc 8344 multi_dec -0 quick_dec -0 nack_dec -0
Flow Uec_631_6 flowId 228 uecSrc 227 finished at 184.531 total messages 1 total packets 490 RTS 0 total bytes 2002140 in_flight now 0 fair_inc 1119 prop_inc 64054 fast_inc 0 eta_inc 8344 multi_dec -0 quick_dec -0 nack_dec -0
Flow Uec_140_671 flowId 455 uecSrc 454 finished at 184.531 total messages 1 total packets 490 RTS 0 total bytes 2002140 in_flight now 0 fair_inc 0 prop_inc 67873 fast_inc 0 eta_inc 8344 multi_dec -0 quick_dec -0 nack_dec -0
Flow Uec_339_892 flowId 68 uecSrc 67 finished at 184.546 total messages 1 total packets 490 RTS 0 total bytes 2002140 in_flight now 0 fair_inc 1492 prop_inc 67215 fast_inc 0 eta_inc 8940 multi_dec -0 quick_dec -0 nack_dec -0
Flow Uec_1076_480 flowId 89 uecSrc 88 finished at 184.558 total messages 1 total packets 490 RTS 0 total bytes 2002140 in_flight now 0 fair_inc 2984 prop_inc 66025 fast_inc 0 eta_inc 8344 multi_dec -0 quick_dec -0 nack_dec -0
Flow Uec_378_869 flowId 202 uecSrc 201 finished at 184.599 total messages 1 total packets 490 RTS 0 total bytes 2002140 in_flight now 0 fair_inc 2617 prop_inc 66430 fast_inc 0 eta_inc 8344 multi_dec -0 quick_dec -0 nack_dec -0
Flow Uec_911_322 flowId 138 uecSrc 137 finished at 184.615 total messages 1 total packets 490 RTS 0 total bytes 2002140 in_flight now 0 fair_inc 0 prop_inc 74373 fast_inc 0 eta_inc 8940 multi_dec -0 quick_dec -0 nack_dec -0
Flow Uec_552_1026 flowId 97 uecSrc 96 finished at 184.626 total messages 1 total packets 490 RTS 0 total bytes 2002140 in_flight now 0 fair_inc 2986 prop_inc 61319 fast_inc 0 eta_inc 8940 multi_dec -0 quick_dec -0 nack_dec -0
Flow Uec_922_355 flowId 538 uecSrc 537 finished at 184.676 total messages 1 total packets 490 RTS 0 total bytes 2002140 in_flight now 0 fair_inc 0 prop_inc 70054 fast_inc 0 eta_inc 8344 multi_dec -0 quick_dec -0 nack_dec -0
Flow Uec_921_340 flowId 282 uecSrc 281 finished at 184.676 total messages 1 total packets 490 RTS 0 total bytes 2002140 in_flight now 0 fair_inc 0 prop_inc 71562 fast_inc 0 eta_inc 8940 multi_dec -0 quick_dec -0 nack_dec -0
Flow Uec_1085_499 flowId 173 uecSrc 172 finished at 184.688 total messages 1 total packets 490 RTS 0 total bytes 2002140 in_flight now 0 fair_inc 746 prop_inc 73476 fast_inc 0 eta_inc 8940 multi_dec -0 quick_dec -0 nack_dec -0
Flow Uec_186_602 flowId 53 uecSrc 52 finished at 184.713 total messages 1 total packets 490 RTS 0 total bytes 2002140 in_flight now 0 fair_inc 2241 prop_inc 64276 fast_inc 0 eta_inc 8344 multi_dec -0 quick_dec -0 nack_dec -0
Flow Uec_555_1063 flowId 476 uecSrc 475 finished at 184.729 total messages 1 total packets 490 RTS 0 total bytes 2002140 in_flight now 0 fair_inc 1489 prop_inc 71718 fast_inc 0 eta_inc 8344 multi_dec -0 quick_dec -0 nack_dec -0
Flow Uec_321_870 flowId 461 uecSrc 460 finished at 184.736 total messages 1 total packets 490 RTS 0 total bytes 2002140 in_flight now 0 fair_inc 4852 prop_inc 65827 fast_inc 0 eta_inc 8344 multi_dec -0 quick_dec -0 nack_dec -0
Flow Uec_557_1030 flowId 111 uecSrc 110 finished at 184.784 total messages 1 total packets 490 RTS 0 total bytes 2002140 in_flight now 0 fair_inc 1862 prop_inc 68567 fast_inc 0 eta_inc 8940 multi_dec -0 quick_dec -0 nack_dec -0
Flow Uec_310_860 flowId 328 uecSrc 327 finished at 184.785 total messages 1 total packets 490 RTS 0 total bytes 2002140 in_flight now 0 fair_inc 5967 prop_inc 61324 fast_inc 0 eta_inc 8344 multi_dec -0 quick_dec -0 nack_dec -0
Flow Uec_983_377 flowId 419 uecSrc 418 finished at 184.832 total messages 1 total packets 490 RTS 0 total bytes 2002140 in_flight now 0 fair_inc 0 prop_inc 69261 fast_inc 0 eta_inc 8344 multi_dec -0 quick_dec -0 nack_dec -0
Flow Uec_939_323 flowId 277 uecSrc 276 finished at 184.834 total messages 1 total packets 490 RTS 0 total bytes 2002140 in_flight now 0 fair_inc 2977 prop_inc 72871 fast_inc 0 eta_inc 8344 multi_dec -0 quick_dec -0 nack_dec -0
Flow Uec_164_668 flowId 440 uecSrc 439 finished at 184.88 total messages 1 total packets 490 RTS 0 total bytes 2002140 in_flight now 0 fair_inc 1493 prop_inc 70352 fast_inc 0 eta_inc 8344 multi_dec -0 quick_dec -0 nack_dec -0
Flow Uec_1014_454 flowId 28 uecSrc 27 finished at 184.891 total messages 1 total packets 490 RTS 0 total bytes 2002140 in_flight now 0 fair_inc 0 prop_inc 73258 fast_inc 0 eta_inc 8344 multi_dec -0 quick_dec -0 nack_dec -0
Flow Uec_533_1036 flowId 475 uecSrc 474 finished at 184.891 total messages 1 total packets 490 RTS 0 total bytes 2002140 in_flight now 0 fair_inc 1491 prop_inc 71902 fast_inc 0 eta_inc 8344 multi_dec -0 quick_dec -0 nack_dec -0
Flow Uec_1088_465 flowId 27 uecSrc 26 finished at 184.915 total messages 1 total packets 490 RTS 0 total bytes 2002140 in_flight now 0 fair_inc 0 prop_inc 75600 fast_inc 0 eta_inc 8344 multi_dec -0 quick_dec -0 nack_dec -0
Flow Uec_337_876 flowId 300 uecSrc 299 finished at 184.928 total messages 1 total packets 490 RTS 0 total bytes 2002140 in_flight now 0 fair_inc 0 prop_inc 64673 fast_inc 0 eta_inc 8344 multi_dec -0 quick_dec -0 nack_dec -0
Flow Uec_345_899 flowId 294 uecSrc 293 finished at 184.952 total messages 1 total packets 490 RTS 0 total bytes 2002140 in_flight now 0 fair_inc 373 prop_inc 61457 fast_inc 0 eta_inc 8344 multi_dec -0 quick_dec -0 nack_dec -0
Flow Uec_549_1080 flowId 107 uecSrc 106 finished at 184.966 total messages 1 total packets 490 RTS 0 total bytes 2002140 in_flight now 0 fair_inc 0 prop_inc 67777 fast_inc 0 eta_inc 8344 multi_dec -0 quick_dec -0 nack_dec -0
Flow Uec_346_828 flowId 348 uecSrc 347 finished at 184.974 total messages 1 total packets 490 RTS 0 total bytes 2002140 in_flight now 0 fair_inc 1865 prop_inc 67912 fast_inc 0 eta_inc 8344 multi_dec -0 quick_dec -0 nack_dec -0
Flow Uec_532_1062 flowId 161 uecSrc 160 finished at 184.989 total messages 1 total packets 490 RTS 0 total bytes 2002140 in_flight now 0 fair_inc 4097 prop_inc 61731 fast_inc 0 eta_inc 8344 multi_dec -0 quick_dec -0 nack_dec -0
Flow Uec_945_399 flowId 409 uecSrc 408 finished at 185.018 total messages 1 total packets 490 RTS 0 total bytes 2002140 in_flight now 0 fair_inc 373 prop_inc 69157 fast_inc 0 eta_inc 8940 multi_dec -0 quick_dec -0 nack_dec -0
Flow Uec_510_1075 flowId 46 uecSrc 45 finished at 185.106 total messages 1 total packets 490 RTS 0 total bytes 2002140 in_flight now 0 fair_inc 1487 prop_inc 70869 fast_inc 0 eta_inc 8344 multi_dec -0 quick_dec -0 nack_dec -0
Flow Uec_765_171 flowId 36 uecSrc 35 finished at 185.15 total messages 1 total packets 490 RTS 0 total bytes 2002140 in_flight now 0 fair_inc 2981 prop_inc 66655 fast_inc 0 eta_inc 8940 multi_dec -0 quick_dec -0 nack_dec -0
Flow Uec_359_811 flowId 456 uecSrc 455 finished at 185.163 total messages 1 total packets 490 RTS 0 total bytes 2002140 in_flight now 0 fair_inc 1866 prop_inc 66067 fast_inc 0 eta_inc 8344 multi_dec -0 quick_dec -0 nack_dec -0
Flow Uec_915_327 flowId 528 uecSrc 527 finished at 185.164 total messages 1 total packets 490 RTS 0 total bytes 2002140 in_flight now 0 fair_inc 2607 prop_inc 69417 fast_inc 0 eta_inc 8344 multi_dec -0 quick_dec -0 nack_dec -0
Flow Uec_777_119 flowId 84 uecSrc 83 finished at 185.186 total messages 1 total packets 490 RTS 0 total bytes 2002140 in_flight now 0 fair_inc 3723 prop_inc 61496 fast_inc 0 eta_inc 8940 multi_dec -0 quick_dec -0 nack_dec -0
Flow Uec_910_378 flowId 65 uecSrc 64 finished at 185.204 total messages 1 total packets 490 RTS 0 total bytes 2002140 in_flight now 0 fair_inc 0 prop_inc 68285 fast_inc 0 eta_inc 8344 multi_dec -0 quick_dec -0 nack_dec -0
Flow Uec_159_628 flowId 9 uecSrc 8 finished at 185.206 total messages 1 total packets 490 RTS 0 total bytes 2002140 in_flight now 0 fair_inc 0 prop_inc 77974 fast_inc 0 eta_inc 8344 multi_dec -0 quick_dec -0 nack_dec -0
Flow Uec_108_677 flowId 466 uecSrc 465 finished at 185.277 total messages 1 total packets 490 RTS 0 total bytes 2002140 in_flight now 0 fair_inc 1491 prop_inc 68677 fast_inc 0 eta_inc 8940 multi_dec -0 quick_dec -0 nack_dec -0
Flow Uec_748_102 flowId 195 uecSrc 194 finished at 185.322 total messages 1 total packets 490 RTS 0 total bytes 2002140 in_flight now 0 fair_inc 0 prop_inc 69895 fast_inc 0 eta_inc 8344 multi_dec -0 quick_dec -0 nack_dec -0
Flow Uec_640_97 flowId 290 uecSrc 289 finished at 185.39 total messages 1 total packets 490 RTS 0 total bytes 2002140 in_flight now 0 fair_inc 1496 prop_inc 62517 fast_inc 0 eta_inc 8344 multi_dec -0 quick_dec -0 nack_dec -0
Flow Uec_478_967 flowId 541 uecSrc 540 finished at 185.429 total messages 1 total packets 490 RTS 0 total bytes 2002140 in_flight now 0 fair_inc 1496 prop_inc 71455 fast_inc 0 eta_inc 8940 multi_dec -0 quick_dec -0 nack_dec -0
Flow Uec_304_872 flowId 186 uecSrc 185 finished at 185.468 total messages 1 total packets 490 RTS 0 total bytes 2002140 in_flight now 0 fair_inc 1488 prop_inc 64121 fast_inc 0 eta_inc 8344 multi_dec -0 quick_dec -0 nack_dec -0
Flow Uec_107_639 flowId 521 uecSrc 520 finished at 185.491 total messages 1 total packets 490 RTS 0 total bytes 2002140 in_flight now 0 fair_inc 2986 prop_inc 65656 fast_inc 0 eta_inc 8940 multi_dec -0 quick_dec -0 nack_dec -0
Flow Uec_1032_402 flowId 183 uecSrc 182 finished at 185.556 total messages 1 total packets 490 RTS 0 total bytes 2002140 in_flight now 0 fair_inc 0 prop_inc 67550 fast_inc 0 eta_inc 8940 multi_dec -0 quick_dec -0 nack_dec -0
Flow Uec_315_844 flowId 248 uecSrc 247 finished at 185.567 total messages 1 total packets 490 RTS 0 total bytes 2002140 in_flight now 0 fair_inc 1120 prop_inc 69702 fast_inc 0 eta_inc 8344 multi_dec -0 quick_dec -0 nack_dec -0
Flow Uec_364_852 flowId 482 uecSrc 481 finished at 185.596 total messages 1 total packets 490 RTS 0 total bytes 2002140 in_flight now 0 fair_inc 3734 prop_inc 52915 fast_inc 0 eta_inc 8344 multi_dec -0 quick_dec -0 nack_dec -0
Flow Uec_775_128 flowId 170 uecSrc 169 finished at 185.618 total messages 1 total packets 490 RTS 0 total bytes 2002140 in_flight now 0 fair_inc 0 prop_inc 63047 fast_inc 0 eta_inc 8940 multi_dec -0 quick_dec -0 nack_dec -0
Flow Uec_594_1032 flowId 473 uecSrc 472 finished at 185.629 total messages 1 total packets 490 RTS 0 total bytes 2002140 in_flight now 0 fair_inc 0 prop_inc 63350 fast_inc 0 eta_inc 8940 multi_dec -0 quick_dec -0 nack_dec -0
Flow Uec_182_619 flowId 452 uecSrc 451 finished at 185.648 total messages 1 total packets 490 RTS 0 total bytes 2002140 in_flight now 0 fair_inc 749 prop_inc 69494 fast_inc 0 eta_inc 8940 multi_dec -0 quick_dec -0 nack_dec -0
Flow Uec_147_680 flowId 285 uecSrc 284 finished at 185.673 total messages 1 total packets 490 RTS 0 total bytes 2002140 in_flight now 0 fair_inc 2982 prop_inc 66745 fast_inc 0 eta_inc 8344 multi_dec -0 quick_dec -0 nack_dec -0
Flow Uec_982_300 flowId 233 uecSrc 232 finished at 185.679 total messages 1 total packets 490 RTS 0 total bytes 2002140 in_flight now 0 fair_inc 0 prop_inc 63720 fast_inc 0 eta_inc 8940 multi_dec -0 quick_dec -0 nack_dec -0
Flow Uec_580_1002 flowId 204 uecSrc 203 finished at 185.7 total messages 1 total packets 490 RTS 0 total bytes 2002140 in_flight now 0 fair_inc 0 prop_inc 64807 fast_inc 0 eta_inc 8940 multi_dec -0 quick_dec -0 nack_dec -0
Flow Uec_581_1035 flowId 268 uecSrc 267 finished at 185.77 total messages 1 total packets 490 RTS 0 total bytes 2002140 in_flight now 0 fair_inc 1491 prop_inc 65950 fast_inc 0 eta_inc 8344 multi_dec -0 quick_dec -0 nack_dec -0
Flow Uec_961_395 flowId 231 uecSrc 230 finished at 185.86 total messages 1 total packets 490 RTS 0 total bytes 2002140 in_flight now 0 fair_inc 1492 prop_inc 71648 fast_inc 0 eta_inc 8940 multi_dec -0 quick_dec -0 nack_dec -0
Flow Uec_312_879 flowId 255 uecSrc 254 finished at 185.89 total messages 1 total packets 490 RTS 0 total bytes 2002140 in_flight now 0 fair_inc 1863 prop_inc 67835 fast_inc 0 eta_inc 8344 multi_dec -0 quick_dec -0 nack_dec -0
Flow Uec_253_769 flowId 192 uecSrc 191 finished at 185.95 total messages 1 total packets 490 RTS 0 total bytes 2002140 in_flight now 0 fair_inc 5599 prop_inc 55738 fast_inc 0 eta_inc 8344 multi_dec -0 quick_dec -0 nack_dec -0
Flow Uec_185_687 flowId 324 uecSrc 323 finished at 185.98 total messages 1 total packets 490 RTS 0 total bytes 2002140 in_flight now 0 fair_inc 0 prop_inc 68241 fast_inc 0 eta_inc 8344 multi_dec -0 quick_dec -0 nack_dec -0
Flow Uec_1054_466 flowId 377 uecSrc 376 finished at 186.043 total messages 1 total packets 490 RTS 0 total bytes 2002140 in_flight now 0 fair_inc 2236 prop_inc 65023 fast_inc 0 eta_inc 8344 multi_dec -0 quick_dec -0 nack_dec -0
Flow Uec_518_1094 flowId 262 uecSrc 261 finished at 186.097 total messages 1 total packets 490 RTS 0 total bytes 2002140 in_flight now 0 fair_inc 2243 prop_inc 61280 fast_inc 0 eta_inc 8344 multi_dec -0 quick_dec -0 nack_dec -0
Flow Uec_600_12 flowId 49 uecSrc 48 finished at 186.124 total messages 1 total packets 490 RTS 0 total bytes 2002140 in_flight now 0 fair_inc 1495 prop_inc 64512 fast_inc 0 eta_inc 8940 multi_dec -0 quick_dec -0 nack_dec -0
Flow Uec_1058_491 flowId 422 uecSrc 421 finished at 186.127 total messages 1 total packets 490 RTS 0 total bytes 2002140 in_flight now 0 fair_inc 1869 prop_inc 64304 fast_inc 0 eta_inc 8344 multi_dec -0 quick_dec -0 nack_dec -0
Flow Uec_223_732 flowId 342 uecSrc 341 finished at 186.14 total messages 1 total packets 490 RTS 0 total bytes 2002140 in_flight now 0 fair_inc 373 prop_inc 61806 fast_inc 0 eta_inc 8344 multi_dec -0 quick_dec -0 nack_dec -0
Flow Uec_331_818 flowId 48 uecSrc 47 finished at 186.142 total messages 1 total packets 490 RTS 0 total bytes 2002140 in_flight now 0 fair_inc 373 prop_inc 65896 fast_inc 0 eta_inc 8344 multi_dec -0 quick_dec -0 nack_dec -0
Flow Uec_716_140 flowId 258 uecSrc 257 finished at 186.175 total messages 1 total packets 490 RTS 0 total bytes 2002140 in_flight now 0 fair_inc 1495 prop_inc 69973 fast_inc 0 eta_inc 8940 multi_dec -0 quick_dec -0 nack_dec -0
Flow Uec_144_634 flowId 356 uecSrc 355 finished at 186.224 total messages 1 total packets 490 RTS 0 total bytes 2002140 in_flight now 0 fair_inc 4472 prop_inc 60846 fast_inc 0 eta_inc 8344 multi_dec -0 quick_dec -0 nack_dec -0
Flow Uec_368_867 flowId 220 uecSrc 219 finished at 186.247 total messages 1 total packets 490 RTS 0 total bytes 2002140 in_flight now 0 fair_inc 2977 prop_inc 62108 fast_inc 0 eta_inc 8940 multi_dec -0 quick_dec -0 nack_dec -0
Flow Uec_1039_414 flowId 295 uecSrc 294 finished at 186.274 total messages 1 total packets 490 RTS 0 total bytes 2002140 in_flight now 0 fair_inc 0 prop_inc 61687 fast_inc 0 eta_inc 8940 multi_dec -0 quick_dec -0 nack_dec -0
Flow Uec_1011_489 flowId 436 uecSrc 435 finished at 186.308 total messages 1 total packets 490 RTS 0 total bytes 2002140 in_flight now 0 fair_inc 1492 prop_inc 64820 fast_inc 0 eta_inc 8940 multi_dec -0 quick_dec -0 nack_dec -0
Flow Uec_198_642 flowId 153 uecSrc 152 finished at 186.318 total messages 1 total packets 490 RTS 0 total bytes 2002140 in_flight now 0 fair_inc 0 prop_inc 71034 fast_inc 0 eta_inc 8344 multi_dec -0 quick_dec -0 nack_dec -0
Flow Uec_999_313 flowId 472 uecSrc 471 finished at 186.326 total messages 1 total packets 490 RTS 0 total bytes 2002140 in_flight now 0 fair_inc 2991 prop_inc 69693 fast_inc 0 eta_inc 8940 multi_dec -0 quick_dec -0 nack_dec -0
Flow Uec_169_601 flowId 383 uecSrc 382 finished at 186.35 total messages 1 total packets 490 RTS 0 total bytes 2002140 in_flight now 0 fair_inc 0 prop_inc 65624 fast_inc 0 eta_inc 8344 multi_dec -0 quick_dec -0 nack_dec -0
Flow Uec_591_1068 flowId 315 uecSrc 314 finished at 186.408 total messages 1 total packets 490 RTS 0 total bytes 2002140 in_flight now 0 fair_inc 749 prop_inc 66159 fast_inc 0 eta_inc 8940 multi_dec -0 quick_dec -0 nack_dec -0
Flow Uec_772_183 flowId 438 uecSrc 437 finished at 186.442 total messages 1 total packets 490 RTS 0 total bytes 2002140 in_flight now 0 fair_inc 2983 prop_inc 62733 fast_inc 0 eta_inc 8344 multi_dec -0 quick_dec -0 nack_dec -0
Flow Uec_428_937 flowId 525 uecSrc 524 finished at 186.473 total messages 1 total packets 490 RTS 0 total bytes 2002140 in_flight now 0 fair_inc 2240 prop_inc 58432 fast_inc 0 eta_inc 8940 multi_dec -0 quick_dec -0 nack_dec -0
Flow Uec_737_100 flowId 121 uecSrc 120 finished at 186.478 total messages 1 total packets 490 RTS 0 total bytes 2002140 in_flight now 0 fair_inc 3727 prop_inc 68285 fast_inc 0 eta_inc 8940 multi_dec -0 quick_dec -0 nack_dec -0
Flow Uec_952_310 flowId 474 uecSrc 473 finished at 186.5 total messages 1 total packets 490 RTS 0 total bytes 2002140 in_flight now 0 fair_inc 2236 prop_inc 68430 fast_inc 0 eta_inc 8344 multi_dec -0 quick_dec -0 nack_dec -0
Flow Uec_715_174 flowId 69 uecSrc 68 finished at 186.525 total messages 1 total packets 490 RTS 0 total bytes 2002140 in_flight now 0 fair_inc 1490 prop_inc 65875 fast_inc 0 eta_inc 8940 multi_dec -0 quick_dec -0 nack_dec -0
Flow Uec_633_98 flowId 227 uecSrc 226 finished at 186.532 total messages 1 total packets 490 RTS 0 total bytes 2002140 in_flight now 0 fair_inc 0 prop_inc 64948 fast_inc 0 eta_inc 8344 multi_dec -0 quick_dec -0 nack_dec -0
Flow Uec_574_1001 flowId 85 uecSrc 84 finished at 186.541 total messages 1 total packets 490 RTS 0 total bytes 2002140 in_flight now 0 fair_inc 750 prop_inc 67869 fast_inc 0 eta_inc 8344 multi_dec -0 quick_dec -0 nack_dec -0
Flow Uec_55_553 flowId 373 uecSrc 372 finished at 186.548 total messages 1 total packets 490 RTS 0 total bytes 2002140 in_flight now 0 fair_inc 0 prop_inc 60396 fast_inc 0 eta_inc 8940 multi_dec -0 quick_dec -0 nack_dec -0
Flow Uec_617_40 flowId 308 uecSrc 307 finished at 186.562 total messages 1 total packets 490 RTS 0 total bytes 2002140 in_flight now 0 fair_inc 374 prop_inc 63721 fast_inc 0 eta_inc 8940 multi_dec -0 quick_dec -0 nack_dec -0
Flow Uec_727_147 flowId 158 uecSrc 157 finished at 186.607 total messages 1 total packets 490 RTS 0 total bytes 2002140 in_flight now 0 fair_inc 1487 prop_inc 69783 fast_inc 0 eta_inc 8940 multi_dec -0 quick_dec -0 nack_dec -0
Flow Uec_1010_430 flowId 127 uecSrc 126 finished at 186.611 total messages 1 total packets 490 RTS 0 total bytes 2002140 in_flight now 0 fair_inc 1862 prop_inc 68698 fast_inc 0 eta_inc 8344 multi_dec -0 quick_dec -0 nack_dec -0
Flow Uec_474_987 flowId 140 uecSrc 139 finished at 186.617 total messages 1 total packets 490 RTS 0 total bytes 2002140 in_flight now 0 fair_inc 2242 prop_inc 54944 fast_inc 0 eta_inc 8940 multi_dec -0 quick_dec -0 nack_dec -0
Flow Uec_404_912 flowId 532 uecSrc 531 finished at 186.628 total messages 1 total packets 490 RTS 0 total bytes 2002140 in_flight now 0 fair_inc 1867 prop_inc 57084 fast_inc 0 eta_inc 8940 multi_dec -0 quick_dec -0 nack_dec -0
Flow Uec_626_56 flowId 252 uecSrc 251 finished at 186.65 total messages 1 total packets 490 RTS 0 total bytes 2002140 in_flight now 0 fair_inc 0 prop_inc 63501 fast_inc 0 eta_inc 8344 multi_dec -0 quick_dec -0 nack_dec -0
Flow Uec_643_58 flowId 354 uecSrc 353 finished at 186.65 total messages 1 total packets 490 RTS 0 total bytes 2002140 in_flight now 0 fair_inc 0 prop_inc 66173 fast_inc 0 eta_inc 8344 multi_dec -0 quick_dec -0 nack_dec -0
Flow Uec_964_303 flowId 114 uecSrc 113 finished at 186.771 total messages 1 total packets 490 RTS 0 total bytes 2002140 in_flight now 0 fair_inc 0 prop_inc 72684 fast_inc 0 eta_inc 8940 multi_dec -0 quick_dec -0 nack_dec -0
Flow Uec_361_888 flowId 490 uecSrc 489 finished at 186.773 total messages 1 total packets 490 RTS 0 total bytes 2002140 in_flight now 0 fair_inc 0 prop_inc 72252 fast_inc 0 eta_inc 8940 multi_dec -0 quick_dec -0 nack_dec -0
Flow Uec_319_851 flowId 410 uecSrc 409 finished at 186.808 total messages 1 total packets 490 RTS 0 total bytes 2002140 in_flight now 0 fair_inc 2976 prop_inc 67336 fast_inc 0 eta_inc 8940 multi_dec -0 quick_dec -0 nack_dec -0
Flow Uec_134_612 flowId 172 uecSrc 171 finished at 186.811 total messages 1 total packets 490 RTS 0 total bytes 2002140 in_flight now 0 fair_inc 2986 prop_inc 60979 fast_inc 0 eta_inc 8940 multi_dec -0 quick_dec -0 nack_dec -0
Flow Uec_153_654 flowId 379 uecSrc 378 finished at 186.832 total messages 1 total packets 490 RTS 0 total bytes 2002140 in_flight now 0 fair_inc 374 prop_inc 69941 fast_inc 0 eta_inc 8940 multi_dec -0 quick_dec -0 nack_dec -0
Flow Uec_791_117 flowId 366 uecSrc 365 finished at 186.839 total messages 1 total packets 490 RTS 0 total bytes 2002140 in_flight now 0 fair_inc 2245 prop_inc 62850 fast_inc 0 eta_inc 8940 multi_dec -0 quick_dec -0 nack_dec -0
Flow Uec_149_638 flowId 397 uecSrc 396 finished at 186.845 total messages 1 total packets 490 RTS 0 total bytes 2002140 in_flight now 0 fair_inc 2239 prop_inc 70132 fast_inc 0 eta_inc 8940 multi_dec -0 quick_dec -0 nack_dec -0
Flow Uec_730_103 flowId 142 uecSrc 141 finished at 186.864 total messages 1 total packets 490 RTS 0 total bytes 2002140 in_flight now 0 fair_inc 4468 prop_inc 64448 fast_inc 0 eta_inc 8940 multi_dec -0 quick_dec -0 nack_dec -0
Flow Uec_501_1059 flowId 529 uecSrc 528 finished at 186.881 total messages 1 total packets 490 RTS 0 total bytes 2002140 in_flight now 0 fair_inc 0 prop_inc 66064 fast_inc 0 eta_inc 8344 multi_dec -0 quick_dec -0 nack_dec -0
Flow Uec_734_136 flowId 381 uecSrc 380 finished at 186.965 total messages 1 total packets 490 RTS 0 total bytes 2002140 in_flight now 0 fair_inc 3355 prop_inc 60122 fast_inc 0 eta_inc 8344 multi_dec -0 quick_dec -0 nack_dec -0
Flow Uec_154_694 flowId 375 uecSrc 374 finished at 186.996 total messages 1 total packets 490 RTS 0 total bytes 2002140 in_flight now 0 fair_inc 746 prop_inc 61557 fast_inc 0 eta_inc 8940 multi_dec -0 quick_dec -0 nack_dec -0
Flow Uec_388_871 flowId 349 uecSrc 348 finished at 187.012 total messages 1 total packets 490 RTS 0 total bytes 2002140 in_flight now 0 fair_inc 3361 prop_inc 59661 fast_inc 0 eta_inc 8940 multi_dec -0 quick_dec -0 nack_dec -0
Flow Uec_197_622 flowId 464 uecSrc 463 finished at 187.019 total messages 1 total packets 490 RTS 0 total bytes 2002140 in_flight now 0 fair_inc 1492 prop_inc 66825 fast_inc 0 eta_inc 8940 multi_dec -0 quick_dec -0 nack_dec -0
Flow Uec_218_754 flowId 520 uecSrc 519 finished at 187.025 total messages 1 total packets 490 RTS 0 total bytes 2002140 in_flight now 0 fair_inc 6710 prop_inc 51341 fast_inc 0 eta_inc 8940 multi_dec -0 quick_dec -0 nack_dec -0
Flow Uec_287_743 flowId 500 uecSrc 499 finished at 187.027 total messages 1 total packets 490 RTS 0 total bytes 2002140 in_flight now 0 fair_inc 0 prop_inc 61952 fast_inc 0 eta_inc 8344 multi_dec -0 quick_dec -0 nack_dec -0
Flow Uec_76_503 flowId 147 uecSrc 146 finished at 187.142 total messages 1 total packets 490 RTS 0 total bytes 2002140 in_flight now 0 fair_inc 4462 prop_inc 54320 fast_inc 0 eta_inc 8940 multi_dec -0 quick_dec -0 nack_dec -0
Flow Uec_386_847 flowId 491 uecSrc 490 finished at 187.145 total messages 1 total packets 490 RTS 0 total bytes 2002140 in_flight now 0 fair_inc 0 prop_inc 66439 fast_inc 0 eta_inc 8940 multi_dec -0 quick_dec -0 nack_dec -0
Flow Uec_348_883 flowId 181 uecSrc 180 finished at 187.16 total messages 1 total packets 490 RTS 0 total bytes 2002140 in_flight now 0 fair_inc 4476 prop_inc 70443 fast_inc 0 eta_inc 8344 multi_dec -0 quick_dec -0 nack_dec -0
Flow Uec_763_178 flowId 442 uecSrc 441 finished at 187.171 total messages 1 total packets 490 RTS 0 total bytes 2002140 in_flight now 0 fair_inc 2243 prop_inc 64542 fast_inc 0 eta_inc 8940 multi_dec -0 quick_dec -0 nack_dec -0
Flow Uec_394_825 flowId 133 uecSrc 132 finished at 187.216 total messages 1 total packets 490 RTS 0 total bytes 2002140 in_flight now 0 fair_inc 1490 prop_inc 70962 fast_inc 0 eta_inc 8940 multi_dec -0 quick_dec -0 nack_dec -0
Flow Uec_770_144 flowId 535 uecSrc 534 finished at 187.258 total messages 1 total packets 490 RTS 0 total bytes 2002140 in_flight now 0 fair_inc 4474 prop_inc 63946 fast_inc 0 eta_inc 8344 multi_dec -0 quick_dec -0 nack_dec -0
Flow Uec_538_1005 flowId 190 uecSrc 189 finished at 187.277 total messages 1 total packets 490 RTS 0 total bytes 2002140 in_flight now 0 fair_inc 749 prop_inc 69365 fast_inc 0 eta_inc 8940 multi_dec -0 quick_dec -0 nack_dec -0
Flow Uec_387_821 flowId 393 uecSrc 392 finished at 187.28 total messages 1 total packets 490 RTS 0 total bytes 2002140 in_flight now 0 fair_inc 4479 prop_inc 60958 fast_inc 0 eta_inc 8940 multi_dec -0 quick_dec -0 nack_dec -0
Flow Uec_473_940 flowId 467 uecSrc 466 finished at 187.285 total messages 1 total packets 490 RTS 0 total bytes 2002140 in_flight now 0 fair_inc 0 prop_inc 59733 fast_inc 0 eta_inc 8940 multi_dec -0 quick_dec -0 nack_dec -0
Flow Uec_528_1088 flowId 408 uecSrc 407 finished at 187.297 total messages 1 total packets 490 RTS 0 total bytes 2002140 in_flight now 0 fair_inc 0 prop_inc 64570 fast_inc 0 eta_inc 8940 multi_dec -0 quick_dec -0 nack_dec -0
Flow Uec_247_789 flowId 457 uecSrc 456 finished at 187.299 total messages 1 total packets 490 RTS 0 total bytes 2002140 in_flight now 0 fair_inc 375 prop_inc 67596 fast_inc 0 eta_inc 8344 multi_dec -0 quick_dec -0 nack_dec -0
Flow Uec_702_132 flowId 263 uecSrc 262 finished at 187.332 total messages 1 total packets 490 RTS 0 total bytes 2002140 in_flight now 0 fair_inc 1864 prop_inc 58289 fast_inc 0 eta_inc 8940 multi_dec -0 quick_dec -0 nack_dec -0
Flow Uec_792_125 flowId 205 uecSrc 204 finished at 187.341 total messages 1 total packets 490 RTS 0 total bytes 2002140 in_flight now 0 fair_inc 0 prop_inc 62042 fast_inc 0 eta_inc 8940 multi_dec -0 quick_dec -0 nack_dec -0
Flow Uec_974_345 flowId 386 uecSrc 385 finished at 187.374 total messages 1 total packets 490 RTS 0 total bytes 2002140 in_flight now 0 fair_inc 1491 prop_inc 67635 fast_inc 0 eta_inc 8344 multi_dec -0 quick_dec -0 nack_dec -0
Flow Uec_380_843 flowId 146 uecSrc 145 finished at 187.382 total messages 1 total packets 490 RTS 0 total bytes 2002140 in_flight now 0 fair_inc 2980 prop_inc 65187 fast_inc 0 eta_inc 8940 multi_dec -0 quick_dec -0 nack_dec -0
Flow Uec_537_1015 flowId 312 uecSrc 311 finished at 187.385 total messages 1 total packets 490 RTS 0 total bytes 2002140 in_flight now 0 fair_inc 5593 prop_inc 63752 fast_inc 0 eta_inc 8940 multi_dec -0 quick_dec -0 nack_dec -0
Flow Uec_963_324 flowId 8 uecSrc 7 finished at 187.388 total messages 1 total packets 490 RTS 0 total bytes 2002140 in_flight now 0 fair_inc 1489 prop_inc 62228 fast_inc 0 eta_inc 8344 multi_dec -0 quick_dec -0 nack_dec -0
Flow Uec_718_138 flowId 316 uecSrc 315 finished at 187.408 total messages 1 total packets 490 RTS 0 total bytes 2002140 in_flight now 0 fair_inc 0 prop_inc 69810 fast_inc 0 eta_inc 8344 multi_dec -0 quick_dec -0 nack_dec -0
Flow Uec_1063_436 flowId 15 uecSrc 14 finished at 187.436 total messages 1 total packets 490 RTS 0 total bytes 2002140 in_flight now 0 fair_inc 3359 prop_inc 66976 fast_inc 0 eta_inc 8940 multi_dec -0 quick_dec -0 nack_dec -0
Flow Uec_623_88 flowId 367 uecSrc 366 finished at 187.445 total messages 1 total packets 490 RTS 0 total bytes 2002140 in_flight now 0 fair_inc 1492 prop_inc 61685 fast_inc 0 eta_inc 8940 multi_dec -0 quick_dec -0 nack_dec -0
Flow Uec_583_1054 flowId 197 uecSrc 196 finished at 187.472 total messages 1 total packets 490 RTS 0 total bytes 2002140 in_flight now 0 fair_inc 2609 prop_inc 62404 fast_inc 0 eta_inc 8344 multi_dec -0 quick_dec -0 nack_dec -0
Flow Uec_35_590 flowId 160 uecSrc 159 finished at 187.473 total messages 1 total packets 490 RTS 0 total bytes 2002140 in_flight now 0 fair_inc 1488 prop_inc 63335 fast_inc 0 eta_inc 8344 multi_dec -0 quick_dec -0 nack_dec -0
Flow Uec_541_1066 flowId 182 uecSrc 181 finished at 187.484 total messages 1 total packets 490 RTS 0 total bytes 2002140 in_flight now 0 fair_inc 3356 prop_inc 61369 fast_inc 0 eta_inc 8940 multi_dec -0 quick_dec -0 nack_dec -0
Flow Uec_389_815 flowId 407 uecSrc 406 finished at 187.486 total messages 1 total packets 490 RTS 0 total bytes 2002140 in_flight now 0 fair_inc 1864 prop_inc 63842 fast_inc 0 eta_inc 8940 multi_dec -0 quick_dec -0 nack_dec -0
Flow Uec_683_65 flowId 353 uecSrc 352 finished at 187.49 total messages 1 total packets 490 RTS 0 total bytes 2002140 in_flight now 0 fair_inc 748 prop_inc 62409 fast_inc 0 eta_inc 8940 multi_dec -0 quick_dec -0 nack_dec -0
Flow Uec_179_609 flowId 59 uecSrc 58 finished at 187.507 total messages 1 total packets 490 RTS 0 total bytes 2002140 in_flight now 0 fair_inc 4858 prop_inc 66215 fast_inc 0 eta_inc 8940 multi_dec -0 quick_dec -0 nack_dec -0
Flow Uec_229_770 flowId 98 uecSrc 97 finished at 187.534 total messages 1 total packets 490 RTS 0 total bytes 2002140 in_flight now 0 fair_inc 2978 prop_inc 62560 fast_inc 0 eta_inc 8940 multi_dec -0 quick_dec -0 nack_dec -0
Flow Uec_110_611 flowId 10 uecSrc 9 finished at 187.56 total messages 1 total packets 490 RTS 0 total bytes 2002140 in_flight now 0 fair_inc 1488 prop_inc 69217 fast_inc 0 eta_inc 8940 multi_dec -0 quick_dec -0 nack_dec -0
Flow Uec_467_923 flowId 468 uecSrc 467 finished at 187.574 total messages 1 total packets 490 RTS 0 total bytes 2002140 in_flight now 0 fair_inc 1862 prop_inc 55459 fast_inc 0 eta_inc 8940 multi_dec -0 quick_dec -0 nack_dec -0
Flow Uec_693_38 flowId 374 uecSrc 373 finished at 187.588 total messages 1 total packets 490 RTS 0 total bytes 2002140 in_flight now 0 fair_inc 1862 prop_inc 57231 fast_inc 0 eta_inc 8940 multi_dec -0 quick_dec -0 nack_dec -0
Flow Uec_494_986 flowId 34 uecSrc 33 finished at 187.613 total messages 1 total packets 490 RTS 0 total bytes 2002140 in_flight now 0 fair_inc 749 prop_inc 68776 fast_inc 0 eta_inc 8940 multi_dec -0 quick_dec -0 nack_dec -0
Flow Uec_566_1057 flowId 322 uecSrc 321 finished at 187.629 total messages 1 total packets 490 RTS 0 total bytes 2002140 in_flight now 0 fair_inc 1123 prop_inc 60975 fast_inc 0 eta_inc 8940 multi_dec -0 quick_dec -0 nack_dec -0
Flow Uec_489_988 flowId 177 uecSrc 176 finished at 187.65 total messages 1 total packets 490 RTS 0 total bytes 2002140 in_flight now 0 fair_inc 2989 prop_inc 58632 fast_inc 0 eta_inc 8940 multi_dec -0 quick_dec -0 nack_dec -0
Flow Uec_761_134 flowId 141 uecSrc 140 finished at 187.73 total messages 1 total packets 490 RTS 0 total bytes 2002140 in_flight now 0 fair_inc 5228 prop_inc 64049 fast_inc 0 eta_inc 8940 multi_dec -0 quick_dec -0 nack_dec -0
Flow Uec_123_635 flowId 135 uecSrc 134 finished at 187.731 total messages 1 total packets 490 RTS 0 total bytes 2002140 in_flight now 0 fair_inc 3731 prop_inc 68157 fast_inc 0 eta_inc 8940 multi_dec -0 quick_dec -0 nack_dec -0
Flow Uec_38_514 flowId 17 uecSrc 16 finished at 187.796 total messages 1 total packets 490 RTS 0 total bytes 2002140 in_flight now 0 fair_inc 0 prop_inc 56165 fast_inc 0 eta_inc 8940 multi_dec -0 quick_dec -0 nack_dec -0
Flow Uec_385_820 flowId 196 uecSrc 195 finished at 187.823 total messages 1 total packets 490 RTS 0 total bytes 2002140 in_flight now 0 fair_inc 0 prop_inc 65376 fast_inc 0 eta_inc 8940 multi_dec -0 quick_dec -0 nack_dec -0
Flow Uec_728_109 flowId 251 uecSrc 250 finished at 187.867 total messages 1 total packets 490 RTS 0 total bytes 2002140 in_flight now 0 fair_inc 0 prop_inc 60438 fast_inc 0 eta_inc 8940 multi_dec -0 quick_dec -0 nack_dec -0
Flow Uec_1082_412 flowId 253 uecSrc 252 finished at 187.959 total messages 1 total packets 490 RTS 0 total bytes 2002140 in_flight now 0 fair_inc 1494 prop_inc 71143 fast_inc 0 eta_inc 8940 multi_dec -0 quick_dec -0 nack_dec -0
Flow Uec_605_62 flowId 193 uecSrc 192 finished at 187.982 total messages 1 total packets 490 RTS 0 total bytes 2002140 in_flight now 0 fair_inc 0 prop_inc 55351 fast_inc 0 eta_inc 8940 multi_dec -0 quick_dec -0 nack_dec -0
Flow Uec_914_359 flowId 327 uecSrc 326 finished at 187.982 total messages 1 total packets 490 RTS 0 total bytes 2002140 in_flight now 0 fair_inc 2980 prop_inc 67577 fast_inc 0 eta_inc 8940 multi_dec -0 quick_dec -0 nack_dec -0
Flow Uec_363_837 flowId 58 uecSrc 57 finished at 188.025 total messages 1 total packets 490 RTS 0 total bytes 2002140 in_flight now 0 fair_inc 1865 prop_inc 67078 fast_inc 0 eta_inc 8344 multi_dec -0 quick_dec -0 nack_dec -0
Flow Uec_365_831 flowId 411 uecSrc 410 finished at 188.03 total messages 1 total packets 490 RTS 0 total bytes 2002140 in_flight now 0 fair_inc 0 prop_inc 59449 fast_inc 0 eta_inc 8940 multi_dec -0 quick_dec -0 nack_dec -0
Flow Uec_661_5 flowId 226 uecSrc 225 finished at 188.048 total messages 1 total packets 490 RTS 0 total bytes 2002140 in_flight now 0 fair_inc 4108 prop_inc 68296 fast_inc 0 eta_inc 8940 multi_dec -0 quick_dec -0 nack_dec -0
Flow Uec_771_124 flowId 318 uecSrc 317 finished at 188.049 total messages 1 total packets 490 RTS 0 total bytes 2002140 in_flight now 0 fair_inc 0 prop_inc 70934 fast_inc 0 eta_inc 8344 multi_dec -0 quick_dec -0 nack_dec -0
Flow Uec_377_800 flowId 522 uecSrc 521 finished at 188.051 total messages 1 total packets 490 RTS 0 total bytes 2002140 in_flight now 0 fair_inc 1491 prop_inc 71187 fast_inc 0 eta_inc 8940 multi_dec -0 quick_dec -0 nack_dec -0
Flow Uec_509_1082 flowId 66 uecSrc 65 finished at 188.062 total messages 1 total packets 490 RTS 0 total bytes 2002140 in_flight now 0 fair_inc 376 prop_inc 71858 fast_inc 0 eta_inc 8940 multi_dec -0 quick_dec -0 nack_dec -0
Flow Uec_752_168 flowId 261 uecSrc 260 finished at 188.115 total messages 1 total packets 490 RTS 0 total bytes 2002140 in_flight now 0 fair_inc 0 prop_inc 66226 fast_inc 0 eta_inc 8940 multi_dec -0 quick_dec -0 nack_dec -0
Flow Uec_495_961 flowId 543 uecSrc 542 finished at 188.121 total messages 1 total packets 490 RTS 0 total bytes 2002140 in_flight now 0 fair_inc 2985 prop_inc 61492 fast_inc 0 eta_inc 8344 multi_dec -0 quick_dec -0 nack_dec -0
Flow Uec_604_19 flowId 104 uecSrc 103 finished at 188.128 total messages 1 total packets 490 RTS 0 total bytes 2002140 in_flight now 0 fair_inc 2988 prop_inc 61592 fast_inc 0 eta_inc 8940 multi_dec -0 quick_dec -0 nack_dec -0
Flow Uec_1060_461 flowId 321 uecSrc 320 finished at 188.129 total messages 1 total packets 490 RTS 0 total bytes 2002140 in_flight now 0 fair_inc 1864 prop_inc 62665 fast_inc 0 eta_inc 8940 multi_dec -0 quick_dec -0 nack_dec -0
Flow Uec_136_662 flowId 493 uecSrc 492 finished at 188.153 total messages 1 total packets 490 RTS 0 total bytes 2002140 in_flight now 0 fair_inc 0 prop_inc 65892 fast_inc 0 eta_inc 8940 multi_dec -0 quick_dec -0 nack_dec -0
Flow Uec_994_343 flowId 208 uecSrc 207 finished at 188.177 total messages 1 total packets 490 RTS 0 total bytes 2002140 in_flight now 0 fair_inc 2985 prop_inc 63409 fast_inc 0 eta_inc 8940 multi_dec -0 quick_dec -0 nack_dec -0
Flow Uec_648_10 flowId 492 uecSrc 491 finished at 188.184 total messages 1 total packets 490 RTS 0 total bytes 2002140 in_flight now 0 fair_inc 1117 prop_inc 57657 fast_inc 0 eta_inc 8344 multi_dec -0 quick_dec -0 nack_dec -0
Flow Uec_736_166 flowId 546 uecSrc 545 finished at 188.307 total messages 1 total packets 490 RTS 0 total bytes 2002140 in_flight now 0 fair_inc 1118 prop_inc 63989 fast_inc 0 eta_inc 8940 multi_dec -0 quick_dec -0 nack_dec -0
Flow Uec_582_1003 flowId 284 uecSrc 283 finished at 188.314 total messages 1 total packets 490 RTS 0 total bytes 2002140 in_flight now 0 fair_inc 0 prop_inc 69842 fast_inc 0 eta_inc 8940 multi_dec -0 quick_dec -0 nack_dec -0
Flow Uec_78_533 flowId 512 uecSrc 511 finished at 188.34 total messages 1 total packets 490 RTS 0 total bytes 2002140 in_flight now 0 fair_inc 745 prop_inc 65333 fast_inc 0 eta_inc 8940 multi_dec -0 quick_dec -0 nack_dec -0
Flow Uec_959_394 flowId 449 uecSrc 448 finished at 188.404 total messages 1 total packets 490 RTS 0 total bytes 2002140 in_flight now 0 fair_inc 0 prop_inc 68716 fast_inc 0 eta_inc 8940 multi_dec -0 quick_dec -0 nack_dec -0
Flow Uec_57_555 flowId 243 uecSrc 242 finished at 188.425 total messages 1 total packets 490 RTS 0 total bytes 2002140 in_flight now 0 fair_inc 375 prop_inc 54225 fast_inc 0 eta_inc 8940 multi_dec -0 quick_dec -0 nack_dec -0
Flow Uec_150_690 flowId 157 uecSrc 156 finished at 188.503 total messages 1 total packets 490 RTS 0 total bytes 2002140 in_flight now 0 fair_inc 1487 prop_inc 73537 fast_inc 0 eta_inc 8344 multi_dec -0 quick_dec -0 nack_dec -0
Flow Uec_120_660 flowId 515 uecSrc 514 finished at 188.526 total messages 1 total packets 490 RTS 0 total bytes 2002140 in_flight now 0 fair_inc 4483 prop_inc 59397 fast_inc 0 eta_inc 8940 multi_dec -0 quick_dec -0 nack_dec -0
Flow Uec_684_8 flowId 96 uecSrc 95 finished at 188.56 total messages 1 total packets 490 RTS 0 total bytes 2002140 in_flight now 0 fair_inc 1120 prop_inc 63887 fast_inc 0 eta_inc 8344 multi_dec -0 quick_dec -0 nack_dec -0
Flow Uec_301_817 flowId 50 uecSrc 49 finished at 188.607 total messages 1 total packets 490 RTS 0 total bytes 2002140 in_flight now 0 fair_inc 1493 prop_inc 70200 fast_inc 0 eta_inc 8344 multi_dec -0 quick_dec -0 nack_dec -0
Flow Uec_956_376 flowId 52 uecSrc 51 finished at 188.631 total messages 1 total packets 490 RTS 0 total bytes 2002140 in_flight now 0 fair_inc 747 prop_inc 66993 fast_inc 0 eta_inc 8940 multi_dec -0 quick_dec -0 nack_dec -0
Flow Uec_420_920 flowId 225 uecSrc 224 finished at 188.631 total messages 1 total packets 490 RTS 0 total bytes 2002140 in_flight now 0 fair_inc 2236 prop_inc 61144 fast_inc 0 eta_inc 8940 multi_dec -0 quick_dec -0 nack_dec -0
Flow Uec_529_1034 flowId 343 uecSrc 342 finished at 188.639 total messages 1 total packets 490 RTS 0 total bytes 2002140 in_flight now 0 fair_inc 3737 prop_inc 63260 fast_inc 0 eta_inc 8940 multi_dec -0 quick_dec -0 nack_dec -0
Flow Uec_3_523 flowId 78 uecSrc 77 finished at 188.67 total messages 1 total packets 490 RTS 0 total bytes 2002140 in_flight now 0 fair_inc 374 prop_inc 58797 fast_inc 0 eta_inc 8940 multi_dec -0 quick_dec -0 nack_dec -0
Flow Uec_598_1008 flowId 323 uecSrc 322 finished at 188.713 total messages 1 total packets 490 RTS 0 total bytes 2002140 in_flight now 0 fair_inc 0 prop_inc 65019 fast_inc 0 eta_inc 8344 multi_dec -0 quick_dec -0 nack_dec -0
Flow Uec_463_949 flowId 319 uecSrc 318 finished at 188.741 total messages 1 total packets 490 RTS 0 total bytes 2002140 in_flight now 0 fair_inc 2609 prop_inc 62094 fast_inc 0 eta_inc 8940 multi_dec -0 quick_dec -0 nack_dec -0
Flow Uec_548_1040 flowId 134 uecSrc 133 finished at 188.743 total messages 1 total packets 490 RTS 0 total bytes 2002140 in_flight now 0 fair_inc 2988 prop_inc 63650 fast_inc 0 eta_inc 8940 multi_dec -0 quick_dec -0 nack_dec -0
Flow Uec_642_69 flowId 176 uecSrc 175 finished at 188.764 total messages 1 total packets 490 RTS 0 total bytes 2002140 in_flight now 0 fair_inc 5971 prop_inc 56464 fast_inc 0 eta_inc 8940 multi_dec -0 quick_dec -0 nack_dec -0
Flow Uec_222_797 flowId 346 uecSrc 345 finished at 188.831 total messages 1 total packets 490 RTS 0 total bytes 2002140 in_flight now 0 fair_inc 2615 prop_inc 63949 fast_inc 0 eta_inc 8940 multi_dec -0 quick_dec -0 nack_dec -0
Flow Uec_758_159 flowId 112 uecSrc 111 finished at 188.852 total messages 1 total packets 490 RTS 0 total bytes 2002140 in_flight now 0 fair_inc 3730 prop_inc 55525 fast_inc 0 eta_inc 8344 multi_dec -0 quick_dec -0 nack_dec -0
Flow Uec_138_655 flowId 274 uecSrc 273 finished at 188.898 total messages 1 total packets 490 RTS 0 total bytes 2002140 in_flight now 0 fair_inc 1120 prop_inc 69675 fast_inc 0 eta_inc 8940 multi_dec -0 quick_dec -0 nack_dec -0
Flow Uec_109_661 flowId 488 uecSrc 487 finished at 188.936 total messages 1 total packets 490 RTS 0 total bytes 2002140 in_flight now 0 fair_inc 1120 prop_inc 64545 fast_inc 0 eta_inc 8940 multi_dec -0 quick_dec -0 nack_dec -0
Flow Uec_241_766 flowId 398 uecSrc 397 finished at 188.948 total messages 1 total packets 490 RTS 0 total bytes 2002140 in_flight now 0 fair_inc 0 prop_inc 59247 fast_inc 0 eta_inc 8940 multi_dec -0 quick_dec -0 nack_dec -0
Flow Uec_486_930 flowId 454 uecSrc 453 finished at 188.963 total messages 1 total packets 490 RTS 0 total bytes 2002140 in_flight now 0 fair_inc 0 prop_inc 62124 fast_inc 0 eta_inc 8940 multi_dec -0 quick_dec -0 nack_dec -0
Flow Uec_622_73 flowId 443 uecSrc 442 finished at 188.974 total messages 1 total packets 490 RTS 0 total bytes 2002140 in_flight now 0 fair_inc 1120 prop_inc 57148 fast_inc 0 eta_inc 8940 multi_dec -0 quick_dec -0 nack_dec -0
Flow Uec_685_63 flowId 388 uecSrc 387 finished at 188.979 total messages 1 total packets 490 RTS 0 total bytes 2002140 in_flight now 0 fair_inc 746 prop_inc 56819 fast_inc 0 eta_inc 8940 multi_dec -0 quick_dec -0 nack_dec -0
Flow Uec_965_361 flowId 120 uecSrc 119 finished at 188.982 total messages 1 total packets 490 RTS 0 total bytes 2002140 in_flight now 0 fair_inc 751 prop_inc 71551 fast_inc 0 eta_inc 8940 multi_dec -0 quick_dec -0 nack_dec -0
Flow Uec_703_135 flowId 458 uecSrc 457 finished at 188.992 total messages 1 total packets 490 RTS 0 total bytes 2002140 in_flight now 0 fair_inc 2986 prop_inc 55463 fast_inc 0 eta_inc 8940 multi_dec -0 quick_dec -0 nack_dec -0
Flow Uec_288_721 flowId 483 uecSrc 482 finished at 189.01 total messages 1 total packets 490 RTS 0 total bytes 2002140 in_flight now 0 fair_inc 373 prop_inc 65083 fast_inc 0 eta_inc 8940 multi_dec -0 quick_dec -0 nack_dec -0
Flow Uec_743_108 flowId 108 uecSrc 107 finished at 189.047 total messages 1 total packets 490 RTS 0 total bytes 2002140 in_flight now 0 fair_inc 4109 prop_inc 59617 fast_inc 0 eta_inc 8344 multi_dec -0 quick_dec -0 nack_dec -0
Flow Uec_51_536 flowId 293 uecSrc 292 finished at 189.064 total messages 1 total packets 490 RTS 0 total bytes 2002140 in_flight now 0 fair_inc 2987 prop_inc 59314 fast_inc 0 eta_inc 8940 multi_dec -0 quick_dec -0 nack_dec -0
Flow Uec_1019_488 flowId 278 uecSrc 277 finished at 189.125 total messages 1 total packets 490 RTS 0 total bytes 2002140 in_flight now 0 fair_inc 2611 prop_inc 63108 fast_inc 0 eta_inc 8940 multi_dec -0 quick_dec -0 nack_dec -0
Flow Uec_731_160 flowId 424 uecSrc 423 finished at 189.163 total messages 1 total packets 490 RTS 0 total bytes 2002140 in_flight now 0 fair_inc 0 prop_inc 64510 fast_inc 0 eta_inc 8940 multi_dec -0 quick_dec -0 nack_dec -0
Flow Uec_125_629 flowId 313 uecSrc 312 finished at 189.167 total messages 1 total packets 490 RTS 0 total bytes 2002140 in_flight now 0 fair_inc 374 prop_inc 63364 fast_inc 0 eta_inc 8940 multi_dec -0 quick_dec -0 nack_dec -0
Flow Uec_927_362 flowId 123 uecSrc 122 finished at 189.193 total messages 1 total packets 490 RTS 0 total bytes 2002140 in_flight now 0 fair_inc 0 prop_inc 69218 fast_inc 0 eta_inc 8940 multi_dec -0 quick_dec -0 nack_dec -0
Flow Uec_133_630 flowId 433 uecSrc 432 finished at 189.23 total messages 1 total packets 490 RTS 0 total bytes 2002140 in_flight now 0 fair_inc 0 prop_inc 65899 fast_inc 0 eta_inc 8940 multi_dec -0 quick_dec -0 nack_dec -0
Flow Uec_798_133 flowId 362 uecSrc 361 finished at 189.265 total messages 1 total packets 490 RTS 0 total bytes 2002140 in_flight now 0 fair_inc 0 prop_inc 63257 fast_inc 0 eta_inc 8940 multi_dec -0 quick_dec -0 nack_dec -0
Flow Uec_217_717 flowId 534 uecSrc 533 finished at 189.301 total messages 1 total packets 490 RTS 0 total bytes 2002140 in_flight now 0 fair_inc 1866 prop_inc 54076 fast_inc 0 eta_inc 8940 multi_dec -0 quick_dec -0 nack_dec -0
Flow Uec_595_1020 flowId 441 uecSrc 440 finished at 189.31 total messages 1 total packets 490 RTS 0 total bytes 2002140 in_flight now 0 fair_inc 751 prop_inc 65618 fast_inc 0 eta_inc 8940 multi_dec -0 quick_dec -0 nack_dec -0
Flow Uec_208_720 flowId 260 uecSrc 259 finished at 189.316 total messages 1 total packets 490 RTS 0 total bytes 2002140 in_flight now 0 fair_inc 5599 prop_inc 56189 fast_inc 0 eta_inc 8940 multi_dec -0 quick_dec -0 nack_dec -0
Flow Uec_24_504 flowId 245 uecSrc 244 finished at 189.334 total messages 1 total packets 490 RTS 0 total bytes 2002140 in_flight now 0 fair_inc 2618 prop_inc 54829 fast_inc 0 eta_inc 8940 multi_dec -0 quick_dec -0 nack_dec -0
Flow Uec_299_783 flowId 413 uecSrc 412 finished at 189.344 total messages 1 total packets 490 RTS 0 total bytes 2002140 in_flight now 0 fair_inc 5597 prop_inc 58399 fast_inc 0 eta_inc 8940 multi_dec -0 quick_dec -0 nack_dec -0
Flow Uec_628_34 flowId 31 uecSrc 30 finished at 189.348 total messages 1 total packets 490 RTS 0 total bytes 2002140 in_flight now 0 fair_inc 4477 prop_inc 56954 fast_inc 0 eta_inc 8940 multi_dec -0 quick_dec -0 nack_dec -0
Flow Uec_567_1023 flowId 339 uecSrc 338 finished at 189.422 total messages 1 total packets 490 RTS 0 total bytes 2002140 in_flight now 0 fair_inc 5220 prop_inc 67829 fast_inc 0 eta_inc 8940 multi_dec -0 quick_dec -0 nack_dec -0
Flow Uec_485_962 flowId 539 uecSrc 538 finished at 189.44 total messages 1 total packets 490 RTS 0 total bytes 2002140 in_flight now 0 fair_inc 0 prop_inc 62478 fast_inc 0 eta_inc 8940 multi_dec -0 quick_dec -0 nack_dec -0
Flow Uec_453_950 flowId 509 uecSrc 508 finished at 189.466 total messages 1 total packets 490 RTS 0 total bytes 2002140 in_flight now 0 fair_inc 1491 prop_inc 64837 fast_inc 0 eta_inc 8940 multi_dec -0 quick_dec -0 nack_dec -0
Flow Uec_54_593 flowId 137 uecSrc 136 finished at 189.532 total messages 1 total packets 490 RTS 0 total bytes 2002140 in_flight now 0 fair_inc 1870 prop_inc 58270 fast_inc 0 eta_inc 8940 multi_dec -0 quick_dec -0 nack_dec -0
Flow Uec_268_778 flowId 518 uecSrc 517 finished at 189.534 total messages 1 total packets 490 RTS 0 total bytes 2002140 in_flight now 0 fair_inc 1489 prop_inc 63991 fast_inc 0 eta_inc 8940 multi_dec -0 quick_dec -0 nack_dec -0
Flow Uec_187_641 flowId 216 uecSrc 215 finished at 189.562 total messages 1 total packets 490 RTS 0 total bytes 2002140 in_flight now 0 fair_inc 1124 prop_inc 64104 fast_inc 0 eta_inc 8940 multi_dec -0 quick_dec -0 nack_dec -0
Flow Uec_498_914 flowId 156 uecSrc 155 finished at 189.566 total messages 1 total packets 490 RTS 0 total bytes 2002140 in_flight now 0 fair_inc 2983 prop_inc 70443 fast_inc 0 eta_inc 8344 multi_dec -0 quick_dec -0 nack_dec -0
Flow Uec_632_15 flowId 257 uecSrc 256 finished at 189.567 total messages 1 total packets 490 RTS 0 total bytes 2002140 in_flight now 0 fair_inc 1120 prop_inc 60401 fast_inc 0 eta_inc 8940 multi_dec -0 quick_dec -0 nack_dec -0
Flow Uec_434_934 flowId 326 uecSrc 325 finished at 189.574 total messages 1 total packets 490 RTS 0 total bytes 2002140 in_flight now 0 fair_inc 9296 prop_inc 61912 fast_inc 0 eta_inc 8940 multi_dec -0 quick_dec -0 nack_dec -0
Flow Uec_695_95 flowId 37 uecSrc 36 finished at 189.598 total messages 1 total packets 490 RTS 0 total bytes 2002140 in_flight now 0 fair_inc 2987 prop_inc 57064 fast_inc 0 eta_inc 8940 multi_dec -0 quick_dec -0 nack_dec -0
Flow Uec_277_787 flowId 159 uecSrc 158 finished at 189.616 total messages 1 total packets 490 RTS 0 total bytes 2002140 in_flight now 0 fair_inc 1859 prop_inc 58050 fast_inc 0 eta_inc 8940 multi_dec -0 quick_dec -0 nack_dec -0
Flow Uec_997_366 flowId 387 uecSrc 386 finished at 189.642 total messages 1 total packets 490 RTS 0 total bytes 2002140 in_flight now 0 fair_inc 0 prop_inc 63375 fast_inc 0 eta_inc 8940 multi_dec -0 quick_dec -0 nack_dec -0
Flow Uec_614_74 flowId 301 uecSrc 300 finished at 189.646 total messages 1 total packets 490 RTS 0 total bytes 2002140 in_flight now 0 fair_inc 5963 prop_inc 56984 fast_inc 0 eta_inc 8940 multi_dec -0 quick_dec -0 nack_dec -0
Flow Uec_68_596 flowId 544 uecSrc 543 finished at 189.692 total messages 1 total packets 490 RTS 0 total bytes 2002140 in_flight now 0 fair_inc 5217 prop_inc 57875 fast_inc 0 eta_inc 8940 multi_dec -0 quick_dec -0 nack_dec -0
Flow Uec_465_946 flowId 99 uecSrc 98 finished at 189.737 total messages 1 total packets 490 RTS 0 total bytes 2002140 in_flight now 0 fair_inc 3038 prop_inc 59195 fast_inc 0 eta_inc 8940 multi_dec -0 quick_dec -0 nack_dec -0
Flow Uec_790_150 flowId 364 uecSrc 363 finished at 189.789 total messages 1 total packets 490 RTS 0 total bytes 2002140 in_flight now 0 fair_inc 2965 prop_inc 61903 fast_inc 0 eta_inc 8940 multi_dec -0 quick_dec -0 nack_dec -0
Flow Uec_400_935 flowId 38 uecSrc 37 finished at 189.798 total messages 1 total packets 490 RTS 0 total bytes 2002140 in_flight now 0 fair_inc 1120 prop_inc 57006 fast_inc 0 eta_inc 8940 multi_dec -0 quick_dec -0 nack_dec -0
Flow Uec_719_188 flowId 302 uecSrc 301 finished at 189.827 total messages 1 total packets 490 RTS 0 total bytes 2002140 in_flight now 0 fair_inc 1490 prop_inc 66320 fast_inc 0 eta_inc 8940 multi_dec -0 quick_dec -0 nack_dec -0
Flow Uec_100_650 flowId 244 uecSrc 243 finished at 189.894 total messages 1 total packets 490 RTS 0 total bytes 2002140 in_flight now 0 fair_inc 2238 prop_inc 65925 fast_inc 0 eta_inc 8940 multi_dec -0 quick_dec -0 nack_dec -0
Flow Uec_203_718 flowId 415 uecSrc 414 finished at 189.923 total messages 1 total packets 490 RTS 0 total bytes 2002140 in_flight now 0 fair_inc 2245 prop_inc 53814 fast_inc 0 eta_inc 8940 multi_dec -0 quick_dec -0 nack_dec -0
Flow Uec_1048_483 flowId 432 uecSrc 431 finished at 189.924 total messages 1 total packets 490 RTS 0 total bytes 2002140 in_flight now 0 fair_inc 1491 prop_inc 63227 fast_inc 0 eta_inc 8940 multi_dec -0 quick_dec -0 nack_dec -0
Flow Uec_284_760 flowId 314 uecSrc 313 finished at 189.932 total messages 1 total packets 490 RTS 0 total bytes 2002140 in_flight now 0 fair_inc 1872 prop_inc 50245 fast_inc 0 eta_inc 8940 multi_dec -0 quick_dec -0 nack_dec -0
Flow Uec_298_799 flowId 14 uecSrc 13 finished at 189.943 total messages 1 total packets 490 RTS 0 total bytes 2002140 in_flight now 0 fair_inc 2984 prop_inc 60962 fast_inc 0 eta_inc 8940 multi_dec -0 quick_dec -0 nack_dec -0
Flow Uec_432_995 flowId 370 uecSrc 369 finished at 189.959 total messages 1 total packets 490 RTS 0 total bytes 2002140 in_flight now 0 fair_inc 4478 prop_inc 57395 fast_inc 0 eta_inc 8940 multi_dec -0 quick_dec -0 nack_dec -0
Flow Uec_424_902 flowId 372 uecSrc 371 finished at 189.974 total messages 1 total packets 490 RTS 0 total bytes 2002140 in_flight now 0 fair_inc 3353 prop_inc 65864 fast_inc 0 eta_inc 8940 multi_dec -0 quick_dec -0 nack_dec -0
Flow Uec_282_740 flowId 232 uecSrc 231 finished at 190.026 total messages 1 total packets 490 RTS 0 total bytes 2002140 in_flight now 0 fair_inc 1870 prop_inc 63348 fast_inc 0 eta_inc 8940 multi_dec -0 quick_dec -0 nack_dec -0
Flow Uec_91_508 flowId 281 uecSrc 280 finished at 190.104 total messages 1 total packets 490 RTS 0 total bytes 2002140 in_flight now 0 fair_inc 749 prop_inc 58070 fast_inc 0 eta_inc 8940 multi_dec -0 quick_dec -0 nack_dec -0
Flow Uec_272_724 flowId 42 uecSrc 41 finished at 190.112 total messages 1 total packets 490 RTS 0 total bytes 2002140 in_flight now 0 fair_inc 1492 prop_inc 59854 fast_inc 0 eta_inc 8940 multi_dec -0 quick_dec -0 nack_dec -0
Flow Uec_651_48 flowId 126 uecSrc 125 finished at 190.12 total messages 1 total packets 490 RTS 0 total bytes 2002140 in_flight now 0 fair_inc 747 prop_inc 63924 fast_inc 0 eta_inc 8940 multi_dec -0 quick_dec -0 nack_dec -0
Flow Uec_663_70 flowId 24 uecSrc 23 finished at 190.13 total messages 1 total packets 490 RTS 0 total bytes 2002140 in_flight now 0 fair_inc 1490 prop_inc 52386 fast_inc 0 eta_inc 8940 multi_dec -0 quick_dec -0 nack_dec -0
Flow Uec_294_763 flowId 26 uecSrc 25 finished at 190.146 total messages 1 total packets 490 RTS 0 total bytes 2002140 in_flight now 0 fair_inc 1492 prop_inc 56468 fast_inc 0 eta_inc 8940 multi_dec -0 quick_dec -0 nack_dec -0
Flow Uec_234_702 flowId 187 uecSrc 186 finished at 190.148 total messages 1 total packets 490 RTS 0 total bytes 2002140 in_flight now 0 fair_inc 2613 prop_inc 59562 fast_inc 0 eta_inc 8940 multi_dec -0 quick_dec -0 nack_dec -0
Flow Uec_563_1022 flowId 487 uecSrc 486 finished at 190.149 total messages 1 total packets 490 RTS 0 total bytes 2002140 in_flight now 0 fair_inc 2613 prop_inc 65669 fast_inc 0 eta_inc 8940 multi_dec -0 quick_dec -0 nack_dec -0
Flow Uec_414_982 flowId 481 uecSrc 480 finished at 190.153 total messages 1 total packets 490 RTS 0 total bytes 2002140 in_flight now 0 fair_inc 2614 prop_inc 59177 fast_inc 0 eta_inc 8940 multi_dec -0 quick_dec -0 nack_dec -0
Flow Uec_60_517 flowId 139 uecSrc 138 finished at 190.161 total messages 1 total packets 490 RTS 0 total bytes 2002140 in_flight now 0 fair_inc 2242 prop_inc 54370 fast_inc 0 eta_inc 8940 multi_dec -0 quick_dec -0 nack_dec -0
Flow Uec_260_713 flowId 359 uecSrc 358 finished at 190.296 total messages 1 total packets 490 RTS 0 total bytes 2002140 in_flight now 0 fair_inc 3739 prop_inc 50853 fast_inc 0 eta_inc 8940 multi_dec -0 quick_dec -0 nack_dec -0
Flow Uec_513_1098 flowId 352 uecSrc 351 finished at 190.306 total messages 1 total packets 490 RTS 0 total bytes 2002140 in_flight now 0 fair_inc 1492 prop_inc 68515 fast_inc 0 eta_inc 8940 multi_dec -0 quick_dec -0 nack_dec -0
Flow Uec_637_0 flowId 44 uecSrc 43 finished at 190.306 total messages 1 total packets 490 RTS 0 total bytes 2002140 in_flight now 0 fair_inc 0 prop_inc 57425 fast_inc 0 eta_inc 8940 multi_dec -0 quick_dec -0 nack_dec -0
Flow Uec_26_563 flowId 86 uecSrc 85 finished at 190.31 total messages 1 total packets 490 RTS 0 total bytes 2002140 in_flight now 0 fair_inc 2619 prop_inc 56681 fast_inc 0 eta_inc 8940 multi_dec -0 quick_dec -0 nack_dec -0
Flow Uec_89_551 flowId 209 uecSrc 208 finished at 190.335 total messages 1 total packets 490 RTS 0 total bytes 2002140 in_flight now 0 fair_inc 1493 prop_inc 55970 fast_inc 0 eta_inc 8940 multi_dec -0 quick_dec -0 nack_dec -0
Flow Uec_46_512 flowId 4 uecSrc 3 finished at 190.359 total messages 1 total packets 490 RTS 0 total bytes 2002140 in_flight now 0 fair_inc 2985 prop_inc 58375 fast_inc 0 eta_inc 8940 multi_dec -0 quick_dec -0 nack_dec -0
Flow Uec_10_525 flowId 384 uecSrc 383 finished at 190.389 total messages 1 total packets 490 RTS 0 total bytes 2002140 in_flight now 0 fair_inc 8953 prop_inc 56111 fast_inc 0 eta_inc 8940 multi_dec -0 quick_dec -0 nack_dec -0
Flow Uec_738_184 flowId 416 uecSrc 415 finished at 190.427 total messages 1 total packets 490 RTS 0 total bytes 2002140 in_flight now 0 fair_inc 2610 prop_inc 60806 fast_inc 0 eta_inc 8940 multi_dec -0 quick_dec -0 nack_dec -0
Flow Uec_603_23 flowId 100 uecSrc 99 finished at 190.43 total messages 1 total packets 490 RTS 0 total bytes 2002140 in_flight now 0 fair_inc 2244 prop_inc 47602 fast_inc 0 eta_inc 8940 multi_dec -0 quick_dec -0 nack_dec -0
Flow Uec_499_997 flowId 189 uecSrc 188 finished at 190.456 total messages 1 total packets 490 RTS 0 total bytes 2002140 in_flight now 0 fair_inc 4837 prop_inc 63235 fast_inc 0 eta_inc 8940 multi_dec -0 quick_dec -0 nack_dec -0
Flow Uec_953_398 flowId 533 uecSrc 532 finished at 190.47 total messages 1 total packets 490 RTS 0 total bytes 2002140 in_flight now 0 fair_inc 4108 prop_inc 57963 fast_inc 0 eta_inc 8940 multi_dec -0 quick_dec -0 nack_dec -0
Flow Uec_783_146 flowId 514 uecSrc 513 finished at 190.491 total messages 1 total packets 490 RTS 0 total bytes 2002140 in_flight now 0 fair_inc 1495 prop_inc 60334 fast_inc 0 eta_inc 8940 multi_dec -0 quick_dec -0 nack_dec -0
Flow Uec_610_14 flowId 254 uecSrc 253 finished at 190.581 total messages 1 total packets 490 RTS 0 total bytes 2002140 in_flight now 0 fair_inc 3358 prop_inc 52621 fast_inc 0 eta_inc 8940 multi_dec -0 quick_dec -0 nack_dec -0
Flow Uec_374_839 flowId 445 uecSrc 444 finished at 190.621 total messages 1 total packets 490 RTS 0 total bytes 2002140 in_flight now 0 fair_inc 2236 prop_inc 73533 fast_inc 0 eta_inc 8940 multi_dec -0 quick_dec -0 nack_dec -0
Flow Uec_680_71 flowId 217 uecSrc 216 finished at 190.65 total messages 1 total packets 490 RTS 0 total bytes 2002140 in_flight now 0 fair_inc 1494 prop_inc 59910 fast_inc 0 eta_inc 8940 multi_dec -0 quick_dec -0 nack_dec -0
Flow Uec_207_779 flowId 213 uecSrc 212 finished at 190.685 total messages 1 total packets 490 RTS 0 total bytes 2002140 in_flight now 0 fair_inc 2237 prop_inc 59009 fast_inc 0 eta_inc 8940 multi_dec -0 quick_dec -0 nack_dec -0
Flow Uec_45_526 flowId 72 uecSrc 71 finished at 190.724 total messages 1 total packets 490 RTS 0 total bytes 2002140 in_flight now 0 fair_inc 0 prop_inc 60018 fast_inc 0 eta_inc 8940 multi_dec -0 quick_dec -0 nack_dec -0
Flow Uec_674_99 flowId 218 uecSrc 217 finished at 190.79 total messages 1 total packets 490 RTS 0 total bytes 2002140 in_flight now 0 fair_inc 2608 prop_inc 59474 fast_inc 0 eta_inc 8940 multi_dec -0 quick_dec -0 nack_dec -0
Flow Uec_705_195 flowId 43 uecSrc 42 finished at 190.791 total messages 1 total packets 490 RTS 0 total bytes 2002140 in_flight now 0 fair_inc 3363 prop_inc 57571 fast_inc 0 eta_inc 8940 multi_dec -0 quick_dec -0 nack_dec -0
Flow Uec_618_50 flowId 206 uecSrc 205 finished at 190.794 total messages 1 total packets 490 RTS 0 total bytes 2002140 in_flight now 0 fair_inc 3726 prop_inc 57340 fast_inc 0 eta_inc 8940 multi_dec -0 quick_dec -0 nack_dec -0
Flow Uec_90_502 flowId 30 uecSrc 29 finished at 190.87 total messages 1 total packets 490 RTS 0 total bytes 2002140 in_flight now 0 fair_inc 745 prop_inc 58722 fast_inc 0 eta_inc 8940 multi_dec -0 quick_dec -0 nack_dec -0
Flow Uec_678_26 flowId 40 uecSrc 39 finished at 190.892 total messages 1 total packets 490 RTS 0 total bytes 2002140 in_flight now 0 fair_inc 1122 prop_inc 52380 fast_inc 0 eta_inc 8940 multi_dec -0 quick_dec -0 nack_dec -0
Flow Uec_369_898 flowId 549 uecSrc 548 finished at 190.897 total messages 1 total packets 490 RTS 0 total bytes 2002140 in_flight now 0 fair_inc 4475 prop_inc 56893 fast_inc 0 eta_inc 8940 multi_dec -0 quick_dec -0 nack_dec -0
Flow Uec_124_670 flowId 12 uecSrc 11 finished at 190.909 total messages 1 total packets 490 RTS 0 total bytes 2002140 in_flight now 0 fair_inc 1489 prop_inc 71959 fast_inc 0 eta_inc 8940 multi_dec -0 quick_dec -0 nack_dec -0
Flow Uec_244_756 flowId 307 uecSrc 306 finished at 190.94 total messages 1 total packets 490 RTS 0 total bytes 2002140 in_flight now 0 fair_inc 1872 prop_inc 50083 fast_inc 0 eta_inc 8940 multi_dec -0 quick_dec -0 nack_dec -0
Flow Uec_240_747 flowId 279 uecSrc 278 finished at 190.962 total messages 1 total packets 490 RTS 0 total bytes 2002140 in_flight now 0 fair_inc 3359 prop_inc 62806 fast_inc 0 eta_inc 8940 multi_dec -0 quick_dec -0 nack_dec -0
Flow Uec_599_1064 flowId 399 uecSrc 398 finished at 190.97 total messages 1 total packets 490 RTS 0 total bytes 2002140 in_flight now 0 fair_inc 2977 prop_inc 66203 fast_inc 0 eta_inc 8940 multi_dec -0 quick_dec -0 nack_dec -0
Flow Uec_723_115 flowId 489 uecSrc 488 finished at 190.974 total messages 1 total packets 490 RTS 0 total bytes 2002140 in_flight now 0 fair_inc 2617 prop_inc 64565 fast_inc 0 eta_inc 8940 multi_dec -0 quick_dec -0 nack_dec -0
Flow Uec_5_542 flowId 304 uecSrc 303 finished at 190.983 total messages 1 total packets 490 RTS 0 total bytes 2002140 in_flight now 0 fair_inc 1495 prop_inc 55609 fast_inc 0 eta_inc 8940 multi_dec -0 quick_dec -0 nack_dec -0
Flow Uec_675_87 flowId 264 uecSrc 263 finished at 191.02 total messages 1 total packets 490 RTS 0 total bytes 2002140 in_flight now 0 fair_inc 2615 prop_inc 63875 fast_inc 0 eta_inc 8940 multi_dec -0 quick_dec -0 nack_dec -0
Flow Uec_93_519 flowId 179 uecSrc 178 finished at 191.056 total messages 1 total packets 490 RTS 0 total bytes 2002140 in_flight now 0 fair_inc 2236 prop_inc 56293 fast_inc 0 eta_inc 8940 multi_dec -0 quick_dec -0 nack_dec -0
Flow Uec_81_535 flowId 265 uecSrc 264 finished at 191.126 total messages 1 total packets 490 RTS 0 total bytes 2002140 in_flight now 0 fair_inc 4480 prop_inc 58447 fast_inc 0 eta_inc 8940 multi_dec -0 quick_dec -0 nack_dec -0
Flow Uec_274_709 flowId 207 uecSrc 206 finished at 191.128 total messages 1 total packets 490 RTS 0 total bytes 2002140 in_flight now 0 fair_inc 2978 prop_inc 53006 fast_inc 0 eta_inc 8940 multi_dec -0 quick_dec -0 nack_dec -0
Flow Uec_611_85 flowId 385 uecSrc 384 finished at 191.142 total messages 1 total packets 490 RTS 0 total bytes 2002140 in_flight now 0 fair_inc 2986 prop_inc 59378 fast_inc 0 eta_inc 8940 multi_dec -0 quick_dec -0 nack_dec -0
Flow Uec_47_532 flowId 247 uecSrc 246 finished at 191.171 total messages 1 total packets 490 RTS 0 total bytes 2002140 in_flight now 0 fair_inc 6719 prop_inc 55170 fast_inc 0 eta_inc 8940 multi_dec -0 quick_dec -0 nack_dec -0
Flow Uec_670_35 flowId 478 uecSrc 477 finished at 191.185 total messages 1 total packets 490 RTS 0 total bytes 2002140 in_flight now 0 fair_inc 0 prop_inc 60703 fast_inc 0 eta_inc 8940 multi_dec -0 quick_dec -0 nack_dec -0
Flow Uec_53_500 flowId 303 uecSrc 302 finished at 191.202 total messages 1 total packets 490 RTS 0 total bytes 2002140 in_flight now 0 fair_inc 4482 prop_inc 54310 fast_inc 0 eta_inc 8940 multi_dec -0 quick_dec -0 nack_dec -0
Flow Uec_403_927 flowId 168 uecSrc 167 finished at 191.234 total messages 1 total packets 490 RTS 0 total bytes 2002140 in_flight now 0 fair_inc 10082 prop_inc 49360 fast_inc 0 eta_inc 8940 multi_dec -0 quick_dec -0 nack_dec -0
Flow Uec_919_307 flowId 526 uecSrc 525 finished at 191.275 total messages 1 total packets 490 RTS 0 total bytes 2002140 in_flight now 0 fair_inc 2235 prop_inc 65821 fast_inc 0 eta_inc 8940 multi_dec -0 quick_dec -0 nack_dec -0
Flow Uec_588_1051 flowId 519 uecSrc 518 finished at 191.302 total messages 1 total packets 490 RTS 0 total bytes 2002140 in_flight now 0 fair_inc 1119 prop_inc 62177 fast_inc 0 eta_inc 8940 multi_dec -0 quick_dec -0 nack_dec -0
Flow Uec_85_528 flowId 495 uecSrc 494 finished at 191.302 total messages 1 total packets 490 RTS 0 total bytes 2002140 in_flight now 0 fair_inc 2981 prop_inc 62692 fast_inc 0 eta_inc 8940 multi_dec -0 quick_dec -0 nack_dec -0
Flow Uec_749_131 flowId 61 uecSrc 60 finished at 191.31 total messages 1 total packets 490 RTS 0 total bytes 2002140 in_flight now 0 fair_inc 374 prop_inc 56481 fast_inc 0 eta_inc 8940 multi_dec -0 quick_dec -0 nack_dec -0
Flow Uec_214_746 flowId 188 uecSrc 187 finished at 191.426 total messages 1 total packets 490 RTS 0 total bytes 2002140 in_flight now 0 fair_inc 1492 prop_inc 52355 fast_inc 0 eta_inc 8940 multi_dec -0 quick_dec -0 nack_dec -0
Flow Uec_233_752 flowId 462 uecSrc 461 finished at 191.44 total messages 1 total packets 490 RTS 0 total bytes 2002140 in_flight now 0 fair_inc 1494 prop_inc 57879 fast_inc 0 eta_inc 8940 multi_dec -0 quick_dec -0 nack_dec -0
Flow Uec_491_984 flowId 396 uecSrc 395 finished at 191.462 total messages 1 total packets 490 RTS 0 total bytes 2002140 in_flight now 0 fair_inc 3359 prop_inc 56670 fast_inc 0 eta_inc 8940 multi_dec -0 quick_dec -0 nack_dec -0
Flow Uec_415_917 flowId 480 uecSrc 479 finished at 191.501 total messages 1 total packets 490 RTS 0 total bytes 2002140 in_flight now 0 fair_inc 0 prop_inc 60314 fast_inc 0 eta_inc 8940 multi_dec -0 quick_dec -0 nack_dec -0
Flow Uec_466_958 flowId 128 uecSrc 127 finished at 191.619 total messages 1 total packets 490 RTS 0 total bytes 2002140 in_flight now 0 fair_inc 2240 prop_inc 59468 fast_inc 0 eta_inc 8940 multi_dec -0 quick_dec -0 nack_dec -0
Flow Uec_521_1084 flowId 310 uecSrc 309 finished at 191.634 total messages 1 total packets 490 RTS 0 total bytes 2002140 in_flight now 0 fair_inc 1120 prop_inc 62803 fast_inc 0 eta_inc 8940 multi_dec -0 quick_dec -0 nack_dec -0
Flow Uec_42_558 flowId 298 uecSrc 297 finished at 191.72 total messages 1 total packets 490 RTS 0 total bytes 2002140 in_flight now 0 fair_inc 374 prop_inc 57920 fast_inc 0 eta_inc 8940 multi_dec -0 quick_dec -0 nack_dec -0
Flow Uec_676_41 flowId 371 uecSrc 370 finished at 191.792 total messages 1 total packets 490 RTS 0 total bytes 2002140 in_flight now 0 fair_inc 1489 prop_inc 66578 fast_inc 0 eta_inc 8940 multi_dec -0 quick_dec -0 nack_dec -0
Flow Uec_951_373 flowId 51 uecSrc 50 finished at 191.798 total messages 1 total packets 490 RTS 0 total bytes 2002140 in_flight now 0 fair_inc 2611 prop_inc 69277 fast_inc 0 eta_inc 8940 multi_dec -0 quick_dec -0 nack_dec -0
Flow Uec_422_944 flowId 119 uecSrc 118 finished at 191.818 total messages 1 total packets 490 RTS 0 total bytes 2002140 in_flight now 0 fair_inc 4108 prop_inc 54266 fast_inc 0 eta_inc 8940 multi_dec -0 quick_dec -0 nack_dec -0
Flow Uec_704_179 flowId 54 uecSrc 53 finished at 191.819 total messages 1 total packets 490 RTS 0 total bytes 2002140 in_flight now 0 fair_inc 2239 prop_inc 55544 fast_inc 0 eta_inc 8940 multi_dec -0 quick_dec -0 nack_dec -0
Flow Uec_709_173 flowId 405 uecSrc 404 finished at 191.84 total messages 1 total packets 490 RTS 0 total bytes 2002140 in_flight now 0 fair_inc 2985 prop_inc 58377 fast_inc 0 eta_inc 8940 multi_dec -0 quick_dec -0 nack_dec -0
Flow Uec_63_580 flowId 91 uecSrc 90 finished at 191.87 total messages 1 total packets 490 RTS 0 total bytes 2002140 in_flight now 0 fair_inc 3735 prop_inc 60694 fast_inc 0 eta_inc 8940 multi_dec -0 quick_dec -0 nack_dec -0
Flow Uec_435_925 flowId 334 uecSrc 333 finished at 191.898 total messages 1 total packets 490 RTS 0 total bytes 2002140 in_flight now 0 fair_inc 4850 prop_inc 64827 fast_inc 0 eta_inc 8940 multi_dec -0 quick_dec -0 nack_dec -0
Flow Uec_918_348 flowId 344 uecSrc 343 finished at 191.949 total messages 1 total packets 490 RTS 0 total bytes 2002140 in_flight now 0 fair_inc 1492 prop_inc 65213 fast_inc 0 eta_inc 8940 multi_dec -0 quick_dec -0 nack_dec -0
Flow Uec_773_130 flowId 394 uecSrc 393 finished at 191.957 total messages 1 total packets 490 RTS 0 total bytes 2002140 in_flight now 0 fair_inc 3725 prop_inc 59166 fast_inc 0 eta_inc 8940 multi_dec -0 quick_dec -0 nack_dec -0
Flow Uec_84_566 flowId 499 uecSrc 498 finished at 191.962 total messages 1 total packets 490 RTS 0 total bytes 2002140 in_flight now 0 fair_inc 373 prop_inc 54241 fast_inc 0 eta_inc 8940 multi_dec -0 quick_dec -0 nack_dec -0
Flow Uec_97_513 flowId 242 uecSrc 241 finished at 191.979 total messages 1 total packets 490 RTS 0 total bytes 2002140 in_flight now 0 fair_inc 374 prop_inc 59019 fast_inc 0 eta_inc 8940 multi_dec -0 quick_dec -0 nack_dec -0
Flow Uec_86_507 flowId 496 uecSrc 495 finished at 191.981 total messages 1 total packets 490 RTS 0 total bytes 2002140 in_flight now 0 fair_inc 4112 prop_inc 53726 fast_inc 0 eta_inc 8940 multi_dec -0 quick_dec -0 nack_dec -0
Flow Uec_646_92 flowId 180 uecSrc 179 finished at 191.996 total messages 1 total packets 490 RTS 0 total bytes 2002140 in_flight now 0 fair_inc 2989 prop_inc 52914 fast_inc 0 eta_inc 8940 multi_dec -0 quick_dec -0 nack_dec -0
Flow Uec_67_543 flowId 548 uecSrc 547 finished at 192.052 total messages 1 total packets 490 RTS 0 total bytes 2002140 in_flight now 0 fair_inc 1874 prop_inc 63931 fast_inc 0 eta_inc 8940 multi_dec -0 quick_dec -0 nack_dec -0
Flow Uec_650_20 flowId 382 uecSrc 381 finished at 192.122 total messages 1 total packets 490 RTS 0 total bytes 2002140 in_flight now 0 fair_inc 5970 prop_inc 55458 fast_inc 0 eta_inc 8940 multi_dec -0 quick_dec -0 nack_dec -0
Flow Uec_779_180 flowId 236 uecSrc 235 finished at 192.139 total messages 1 total packets 490 RTS 0 total bytes 2002140 in_flight now 0 fair_inc 0 prop_inc 63010 fast_inc 0 eta_inc 8940 multi_dec -0 quick_dec -0 nack_dec -0
Flow Uec_457_981 flowId 516 uecSrc 515 finished at 192.145 total messages 1 total packets 490 RTS 0 total bytes 2002140 in_flight now 0 fair_inc 373 prop_inc 58705 fast_inc 0 eta_inc 8940 multi_dec -0 quick_dec -0 nack_dec -0
Flow Uec_281_753 flowId 429 uecSrc 428 finished at 192.193 total messages 1 total packets 490 RTS 0 total bytes 2002140 in_flight now 0 fair_inc 376 prop_inc 57174 fast_inc 0 eta_inc 8940 multi_dec -0 quick_dec -0 nack_dec -0
Flow Uec_243_742 flowId 431 uecSrc 430 finished at 192.201 total messages 1 total packets 490 RTS 0 total bytes 2002140 in_flight now 0 fair_inc 2987 prop_inc 59831 fast_inc 0 eta_inc 8940 multi_dec -0 quick_dec -0 nack_dec -0
Flow Uec_290_726 flowId 113 uecSrc 112 finished at 192.222 total messages 1 total packets 490 RTS 0 total bytes 2002140 in_flight now 0 fair_inc 1491 prop_inc 52186 fast_inc 0 eta_inc 8940 multi_dec -0 quick_dec -0 nack_dec -0
Flow Uec_442_960 flowId 162 uecSrc 161 finished at 192.282 total messages 1 total packets 490 RTS 0 total bytes 2002140 in_flight now 0 fair_inc 5974 prop_inc 55865 fast_inc 0 eta_inc 8940 multi_dec -0 quick_dec -0 nack_dec -0
Flow Uec_202_744 flowId 369 uecSrc 368 finished at 192.294 total messages 1 total packets 490 RTS 0 total bytes 2002140 in_flight now 0 fair_inc 1121 prop_inc 60452 fast_inc 0 eta_inc 8940 multi_dec -0 quick_dec -0 nack_dec -0
Flow Uec_629_59 flowId 272 uecSrc 271 finished at 192.298 total messages 1 total packets 490 RTS 0 total bytes 2002140 in_flight now 0 fair_inc 0 prop_inc 61939 fast_inc 0 eta_inc 8940 multi_dec -0 quick_dec -0 nack_dec -0
Flow Uec_98_538 flowId 451 uecSrc 450 finished at 192.298 total messages 1 total packets 490 RTS 0 total bytes 2002140 in_flight now 0 fair_inc 0 prop_inc 66323 fast_inc 0 eta_inc 8940 multi_dec -0 quick_dec -0 nack_dec -0
Flow Uec_653_84 flowId 199 uecSrc 198 finished at 192.336 total messages 1 total packets 490 RTS 0 total bytes 2002140 in_flight now 0 fair_inc 4858 prop_inc 59164 fast_inc 0 eta_inc 8940 multi_dec -0 quick_dec -0 nack_dec -0
Flow Uec_291_755 flowId 506 uecSrc 505 finished at 192.471 total messages 1 total packets 490 RTS 0 total bytes 2002140 in_flight now 0 fair_inc 374 prop_inc 54276 fast_inc 0 eta_inc 8940 multi_dec -0 quick_dec -0 nack_dec -0
Flow Uec_425_972 flowId 542 uecSrc 541 finished at 192.477 total messages 1 total packets 490 RTS 0 total bytes 2002140 in_flight now 0 fair_inc 5705 prop_inc 55645 fast_inc 0 eta_inc 8940 multi_dec -0 quick_dec -0 nack_dec -0
Flow Uec_413_911 flowId 210 uecSrc 209 finished at 192.562 total messages 1 total packets 490 RTS 0 total bytes 2002140 in_flight now 0 fair_inc 2989 prop_inc 59985 fast_inc 0 eta_inc 8940 multi_dec -0 quick_dec -0 nack_dec -0
Flow Uec_95_550 flowId 365 uecSrc 364 finished at 192.568 total messages 1 total packets 490 RTS 0 total bytes 2002140 in_flight now 0 fair_inc 4105 prop_inc 55799 fast_inc 0 eta_inc 8940 multi_dec -0 quick_dec -0 nack_dec -0
Flow Uec_962_316 flowId 540 uecSrc 539 finished at 192.623 total messages 1 total packets 490 RTS 0 total bytes 2002140 in_flight now 0 fair_inc 1872 prop_inc 71367 fast_inc 0 eta_inc 8940 multi_dec -0 quick_dec -0 nack_dec -0
Flow Uec_707_156 flowId 531 uecSrc 530 finished at 192.642 total messages 1 total packets 490 RTS 0 total bytes 2002140 in_flight now 0 fair_inc 0 prop_inc 58277 fast_inc 0 eta_inc 8940 multi_dec -0 quick_dec -0 nack_dec -0
Flow Uec_245_712 flowId 510 uecSrc 509 finished at 192.646 total messages 1 total packets 490 RTS 0 total bytes 2002140 in_flight now 0 fair_inc 1868 prop_inc 56986 fast_inc 0 eta_inc 8940 multi_dec -0 quick_dec -0 nack_dec -0
Flow Uec_66_549 flowId 330 uecSrc 329 finished at 192.716 total messages 1 total packets 490 RTS 0 total bytes 2002140 in_flight now 0 fair_inc 0 prop_inc 57383 fast_inc 0 eta_inc 8940 multi_dec -0 quick_dec -0 nack_dec -0
Flow Uec_461_969 flowId 355 uecSrc 354 finished at 192.809 total messages 1 total packets 490 RTS 0 total bytes 2002140 in_flight now 0 fair_inc 5221 prop_inc 57275 fast_inc 0 eta_inc 8940 multi_dec -0 quick_dec -0 nack_dec -0
Flow Uec_481_929 flowId 306 uecSrc 305 finished at 192.821 total messages 1 total packets 490 RTS 0 total bytes 2002140 in_flight now 0 fair_inc 2605 prop_inc 59434 fast_inc 0 eta_inc 8940 multi_dec -0 quick_dec -0 nack_dec -0
Flow Uec_464_974 flowId 164 uecSrc 163 finished at 192.894 total messages 1 total packets 490 RTS 0 total bytes 2002140 in_flight now 0 fair_inc 2607 prop_inc 58503 fast_inc 0 eta_inc 8940 multi_dec -0 quick_dec -0 nack_dec -0
Flow Uec_367_809 flowId 389 uecSrc 388 finished at 192.909 total messages 1 total packets 490 RTS 0 total bytes 2002140 in_flight now 0 fair_inc 0 prop_inc 57121 fast_inc 0 eta_inc 8940 multi_dec -0 quick_dec -0 nack_dec -0
Flow Uec_439_970 flowId 477 uecSrc 476 finished at 192.937 total messages 1 total packets 490 RTS 0 total bytes 2002140 in_flight now 0 fair_inc 2984 prop_inc 57909 fast_inc 0 eta_inc 8940 multi_dec -0 quick_dec -0 nack_dec -0
Flow Uec_405_978 flowId 166 uecSrc 165 finished at 192.947 total messages 1 total packets 490 RTS 0 total bytes 2002140 in_flight now 0 fair_inc 1490 prop_inc 61337 fast_inc 0 eta_inc 8940 multi_dec -0 quick_dec -0 nack_dec -0
Flow Uec_50_545 flowId 505 uecSrc 504 finished at 192.951 total messages 1 total packets 490 RTS 0 total bytes 2002140 in_flight now 0 fair_inc 4107 prop_inc 52390 fast_inc 0 eta_inc 8940 multi_dec -0 quick_dec -0 nack_dec -0
Flow Uec_362_884 flowId 530 uecSrc 529 finished at 192.957 total messages 1 total packets 490 RTS 0 total bytes 2002140 in_flight now 0 fair_inc 4473 prop_inc 59735 fast_inc 0 eta_inc 8940 multi_dec -0 quick_dec -0 nack_dec -0
Flow Uec_564_1043 flowId 62 uecSrc 61 finished at 192.962 total messages 1 total packets 490 RTS 0 total bytes 2002140 in_flight now 0 fair_inc 3361 prop_inc 55818 fast_inc 0 eta_inc 8940 multi_dec -0 quick_dec -0 nack_dec -0
Flow Uec_796_185 flowId 289 uecSrc 288 finished at 192.976 total messages 1 total packets 490 RTS 0 total bytes 2002140 in_flight now 0 fair_inc 746 prop_inc 62621 fast_inc 0 eta_inc 8940 multi_dec -0 quick_dec -0 nack_dec -0
Flow Uec_18_567 flowId 13 uecSrc 12 finished at 192.978 total messages 1 total packets 490 RTS 0 total bytes 2002140 in_flight now 0 fair_inc 3733 prop_inc 52052 fast_inc 0 eta_inc 8940 multi_dec -0 quick_dec -0 nack_dec -0
Flow Uec_652_39 flowId 63 uecSrc 62 finished at 192.992 total messages 1 total packets 490 RTS 0 total bytes 2002140 in_flight now 0 fair_inc 2611 prop_inc 54306 fast_inc 0 eta_inc 8940 multi_dec -0 quick_dec -0 nack_dec -0
Flow Uec_19_595 flowId 75 uecSrc 74 finished at 193.031 total messages 1 total packets 490 RTS 0 total bytes 2002140 in_flight now 0 fair_inc 6708 prop_inc 54127 fast_inc 0 eta_inc 8940 multi_dec -0 quick_dec -0 nack_dec -0
Flow Uec_43_598 flowId 215 uecSrc 214 finished at 193.073 total messages 1 total packets 490 RTS 0 total bytes 2002140 in_flight now 0 fair_inc 4841 prop_inc 59667 fast_inc 0 eta_inc 8940 multi_dec -0 quick_dec -0 nack_dec -0
Flow Uec_654_66 flowId 507 uecSrc 506 finished at 193.264 total messages 1 total packets 490 RTS 0 total bytes 2002140 in_flight now 0 fair_inc 4471 prop_inc 53139 fast_inc 0 eta_inc 8940 multi_dec -0 quick_dec -0 nack_dec -0
Flow Uec_204_757 flowId 341 uecSrc 340 finished at 193.269 total messages 1 total packets 490 RTS 0 total bytes 2002140 in_flight now 0 fair_inc 0 prop_inc 50319 fast_inc 0 eta_inc 8940 multi_dec -0 quick_dec -0 nack_dec -0
Flow Uec_659_25 flowId 212 uecSrc 211 finished at 193.294 total messages 1 total packets 490 RTS 0 total bytes 2002140 in_flight now 0 fair_inc 1496 prop_inc 55104 fast_inc 0 eta_inc 8940 multi_dec -0 quick_dec -0 nack_dec -0
Flow Uec_660_1 flowId 501 uecSrc 500 finished at 193.324 total messages 1 total packets 490 RTS 0 total bytes 2002140 in_flight now 0 fair_inc 3733 prop_inc 56204 fast_inc 0 eta_inc 8940 multi_dec -0 quick_dec -0 nack_dec -0
Flow Uec_571_1070 flowId 423 uecSrc 422 finished at 193.549 total messages 1 total packets 490 RTS 0 total bytes 2002140 in_flight now 0 fair_inc 3355 prop_inc 61569 fast_inc 0 eta_inc 8940 multi_dec -0 quick_dec -0 nack_dec -0
Flow Uec_658_16 flowId 145 uecSrc 144 finished at 193.626 total messages 1 total packets 490 RTS 0 total bytes 2002140 in_flight now 0 fair_inc 4108 prop_inc 58263 fast_inc 0 eta_inc 8940 multi_dec -0 quick_dec -0 nack_dec -0
Flow Uec_657_81 flowId 392 uecSrc 391 finished at 193.639 total messages 1 total packets 490 RTS 0 total bytes 2002140 in_flight now 0 fair_inc 4472 prop_inc 52668 fast_inc 0 eta_inc 8940 multi_dec -0 quick_dec -0 nack_dec -0
Flow Uec_402_985 flowId 459 uecSrc 458 finished at 193.772 total messages 1 total packets 490 RTS 0 total bytes 2002140 in_flight now 0 fair_inc 8569 prop_inc 59236 fast_inc 0 eta_inc 8940 multi_dec -0 quick_dec -0 nack_dec -0
Flow Uec_456_973 flowId 1 uecSrc 0 finished at 193.805 total messages 1 total packets 490 RTS 0 total bytes 2002140 in_flight now 0 fair_inc 3365 prop_inc 54906 fast_inc 0 eta_inc 8940 multi_dec -0 quick_dec -0 nack_dec -0
Flow Uec_249_761 flowId 517 uecSrc 516 finished at 193.81 total messages 1 total packets 490 RTS 0 total bytes 2002140 in_flight now 0 fair_inc 0 prop_inc 59621 fast_inc 0 eta_inc 8940 multi_dec -0 quick_dec -0 nack_dec -0
Flow Uec_688_4 flowId 550 uecSrc 549 finished at 193.876 total messages 1 total packets 490 RTS 0 total bytes 2002140 in_flight now 0 fair_inc 747 prop_inc 52038 fast_inc 0 eta_inc 8940 multi_dec -0 quick_dec -0 nack_dec -0
Flow Uec_421_926 flowId 270 uecSrc 269 finished at 193.89 total messages 1 total packets 490 RTS 0 total bytes 2002140 in_flight now 0 fair_inc 0 prop_inc 61556 fast_inc 0 eta_inc 8940 multi_dec -0 quick_dec -0 nack_dec -0
Flow Uec_255_758 flowId 286 uecSrc 285 finished at 193.915 total messages 1 total packets 490 RTS 0 total bytes 2002140 in_flight now 0 fair_inc 2615 prop_inc 52197 fast_inc 0 eta_inc 8940 multi_dec -0 quick_dec -0 nack_dec -0
Flow Uec_14_588 flowId 287 uecSrc 286 finished at 193.933 total messages 1 total packets 490 RTS 0 total bytes 2002140 in_flight now 0 fair_inc 7834 prop_inc 52009 fast_inc 0 eta_inc 8940 multi_dec -0 quick_dec -0 nack_dec -0
Flow Uec_83_568 flowId 401 uecSrc 400 finished at 193.94 total messages 1 total packets 490 RTS 0 total bytes 2002140 in_flight now 0 fair_inc 1496 prop_inc 48373 fast_inc 0 eta_inc 8940 multi_dec -0 quick_dec -0 nack_dec -0
Flow Uec_430_975 flowId 523 uecSrc 522 finished at 193.958 total messages 1 total packets 490 RTS 0 total bytes 2002140 in_flight now 0 fair_inc 1492 prop_inc 60238 fast_inc 0 eta_inc 8940 multi_dec -0 quick_dec -0 nack_dec -0
Flow Uec_668_86 flowId 340 uecSrc 339 finished at 193.958 total messages 1 total packets 490 RTS 0 total bytes 2002140 in_flight now 0 fair_inc 2611 prop_inc 61361 fast_inc 0 eta_inc 8940 multi_dec -0 quick_dec -0 nack_dec -0
Flow Uec_679_36 flowId 221 uecSrc 220 finished at 193.958 total messages 1 total packets 490 RTS 0 total bytes 2002140 in_flight now 0 fair_inc 4111 prop_inc 50692 fast_inc 0 eta_inc 8940 multi_dec -0 quick_dec -0 nack_dec -0
Flow Uec_221_774 flowId 524 uecSrc 523 finished at 194.013 total messages 1 total packets 490 RTS 0 total bytes 2002140 in_flight now 0 fair_inc 4102 prop_inc 53071 fast_inc 0 eta_inc 8940 multi_dec -0 quick_dec -0 nack_dec -0
Flow Uec_406_931 flowId 497 uecSrc 496 finished at 194.137 total messages 1 total packets 490 RTS 0 total bytes 2002140 in_flight now 0 fair_inc 1493 prop_inc 51888 fast_inc 0 eta_inc 8940 multi_dec -0 quick_dec -0 nack_dec -0
Flow Uec_258_700 flowId 20 uecSrc 19 finished at 194.174 total messages 1 total packets 490 RTS 0 total bytes 2002140 in_flight now 0 fair_inc 1867 prop_inc 59064 fast_inc 0 eta_inc 8940 multi_dec -0 quick_dec -0 nack_dec -0
Flow Uec_568_1091 flowId 325 uecSrc 324 finished at 194.29 total messages 1 total packets 490 RTS 0 total bytes 2002140 in_flight now 0 fair_inc 1866 prop_inc 63470 fast_inc 0 eta_inc 8940 multi_dec -0 quick_dec -0 nack_dec -0
Flow Uec_412_933 flowId 101 uecSrc 100 finished at 194.298 total messages 1 total packets 490 RTS 0 total bytes 2002140 in_flight now 0 fair_inc 2615 prop_inc 55895 fast_inc 0 eta_inc 8940 multi_dec -0 quick_dec -0 nack_dec -0
Flow Uec_436_910 flowId 67 uecSrc 66 finished at 194.374 total messages 1 total packets 490 RTS 0 total bytes 2002140 in_flight now 0 fair_inc 2619 prop_inc 59006 fast_inc 0 eta_inc 8940 multi_dec -0 quick_dec -0 nack_dec -0
Flow Uec_230_719 flowId 165 uecSrc 164 finished at 194.405 total messages 1 total packets 490 RTS 0 total bytes 2002140 in_flight now 0 fair_inc 1868 prop_inc 59349 fast_inc 0 eta_inc 8940 multi_dec -0 quick_dec -0 nack_dec -0
Flow Uec_488_951 flowId 174 uecSrc 173 finished at 194.436 total messages 1 total packets 490 RTS 0 total bytes 2002140 in_flight now 0 fair_inc 2978 prop_inc 64237 fast_inc 0 eta_inc 8940 multi_dec -0 quick_dec -0 nack_dec -0
Flow Uec_296_795 flowId 292 uecSrc 291 finished at 194.438 total messages 1 total packets 490 RTS 0 total bytes 2002140 in_flight now 0 fair_inc 2240 prop_inc 50967 fast_inc 0 eta_inc 8940 multi_dec -0 quick_dec -0 nack_dec -0
Flow Uec_619_37 flowId 25 uecSrc 24 finished at 194.622 total messages 1 total packets 490 RTS 0 total bytes 2002140 in_flight now 0 fair_inc 2243 prop_inc 58026 fast_inc 0 eta_inc 8940 multi_dec -0 quick_dec -0 nack_dec -0
Flow Uec_210_723 flowId 184 uecSrc 183 finished at 194.739 total messages 1 total packets 490 RTS 0 total bytes 2002140 in_flight now 0 fair_inc 374 prop_inc 54759 fast_inc 0 eta_inc 8940 multi_dec -0 quick_dec -0 nack_dec -0
Flow Uec_236_701 flowId 29 uecSrc 28 finished at 194.95 total messages 1 total packets 490 RTS 0 total bytes 2002140 in_flight now 0 fair_inc 3359 prop_inc 57912 fast_inc 0 eta_inc 8940 multi_dec -0 quick_dec -0 nack_dec -0
Flow Uec_452_919 flowId 545 uecSrc 544 finished at 195.1 total messages 1 total packets 490 RTS 0 total bytes 2002140 in_flight now 0 fair_inc 4106 prop_inc 55549 fast_inc 0 eta_inc 8940 multi_dec -0 quick_dec -0 nack_dec -0
Flow Uec_237_728 flowId 169 uecSrc 168 finished at 195.111 total messages 1 total packets 490 RTS 0 total bytes 2002140 in_flight now 0 fair_inc 5969 prop_inc 54176 fast_inc 0 eta_inc 8940 multi_dec -0 quick_dec -0 nack_dec -0
Flow Uec_226_792 flowId 124 uecSrc 123 finished at 195.118 total messages 1 total packets 490 RTS 0 total bytes 2002140 in_flight now 0 fair_inc 3730 prop_inc 60428 fast_inc 0 eta_inc 8940 multi_dec -0 quick_dec -0 nack_dec -0
Flow Uec_742_165 flowId 276 uecSrc 275 finished at 195.119 total messages 1 total packets 490 RTS 0 total bytes 2002140 in_flight now 0 fair_inc 2991 prop_inc 50321 fast_inc 0 eta_inc 8940 multi_dec -0 quick_dec -0 nack_dec -0
Flow Uec_251_725 flowId 87 uecSrc 86 finished at 195.145 total messages 1 total packets 490 RTS 0 total bytes 2002140 in_flight now 0 fair_inc 6346 prop_inc 46681 fast_inc 0 eta_inc 8940 multi_dec -0 quick_dec -0 nack_dec -0
Flow Uec_630_3 flowId 246 uecSrc 245 finished at 195.286 total messages 1 total packets 490 RTS 0 total bytes 2002140 in_flight now 0 fair_inc 1489 prop_inc 53102 fast_inc 0 eta_inc 8940 multi_dec -0 quick_dec -0 nack_dec -0
Flow Uec_492_979 flowId 503 uecSrc 502 finished at 195.286 total messages 1 total packets 490 RTS 0 total bytes 2002140 in_flight now 0 fair_inc 747 prop_inc 51306 fast_inc 0 eta_inc 8940 multi_dec -0 quick_dec -0 nack_dec -0
Flow Uec_871_220 flowId 185 uecSrc 184 finished at 195.286 total messages 1 total packets 490 RTS 0 total bytes 2002140 in_flight now 0 fair_inc 6350 prop_inc 42414 fast_inc 0 eta_inc 8940 multi_dec -0 quick_dec -0 nack_dec -0
Flow Uec_200_798 flowId 368 uecSrc 367 finished at 195.299 total messages 1 total packets 490 RTS 0 total bytes 2002140 in_flight now 0 fair_inc 4485 prop_inc 55327 fast_inc 0 eta_inc 8940 multi_dec -0 quick_dec -0 nack_dec -0
Flow Uec_213_715 flowId 148 uecSrc 147 finished at 195.328 total messages 1 total packets 490 RTS 0 total bytes 2002140 in_flight now 0 fair_inc 4487 prop_inc 55757 fast_inc 0 eta_inc 8940 multi_dec -0 quick_dec -0 nack_dec -0
Flow Uec_211_706 flowId 83 uecSrc 82 finished at 195.343 total messages 1 total packets 490 RTS 0 total bytes 2002140 in_flight now 0 fair_inc 4855 prop_inc 49578 fast_inc 0 eta_inc 8940 multi_dec -0 quick_dec -0 nack_dec -0
Flow Uec_682_83 flowId 453 uecSrc 452 finished at 195.427 total messages 1 total packets 490 RTS 0 total bytes 2002140 in_flight now 0 fair_inc 2986 prop_inc 50553 fast_inc 0 eta_inc 8940 multi_dec -0 quick_dec -0 nack_dec -0
Flow Uec_48_548 flowId 311 uecSrc 310 finished at 195.589 total messages 1 total packets 490 RTS 0 total bytes 2002140 in_flight now 0 fair_inc 1865 prop_inc 49819 fast_inc 0 eta_inc 8940 multi_dec -0 quick_dec -0 nack_dec -0
Flow Uec_427_906 flowId 406 uecSrc 405 finished at 195.764 total messages 1 total packets 490 RTS 0 total bytes 2002140 in_flight now 0 fair_inc 7071 prop_inc 50892 fast_inc 0 eta_inc 8940 multi_dec -0 quick_dec -0 nack_dec -0
Flow Uec_15_583 flowId 357 uecSrc 356 finished at 195.782 total messages 1 total packets 490 RTS 0 total bytes 2002140 in_flight now 0 fair_inc 1868 prop_inc 60915 fast_inc 0 eta_inc 8940 multi_dec -0 quick_dec -0 nack_dec -0
Flow Uec_69_547 flowId 378 uecSrc 377 finished at 195.911 total messages 1 total packets 490 RTS 0 total bytes 2002140 in_flight now 0 fair_inc 2979 prop_inc 53735 fast_inc 0 eta_inc 8940 multi_dec -0 quick_dec -0 nack_dec -0
Flow Uec_239_730 flowId 418 uecSrc 417 finished at 196.058 total messages 1 total packets 490 RTS 0 total bytes 2002140 in_flight now 0 fair_inc 2993 prop_inc 47155 fast_inc 0 eta_inc 8940 multi_dec -0 quick_dec -0 nack_dec -0
Flow Uec_433_963 flowId 380 uecSrc 379 finished at 196.096 total messages 1 total packets 490 RTS 0 total bytes 2002140 in_flight now 0 fair_inc 1496 prop_inc 58074 fast_inc 0 eta_inc 8940 multi_dec -0 quick_dec -0 nack_dec -0
Flow Uec_12_509 flowId 430 uecSrc 429 finished at 196.236 total messages 1 total packets 490 RTS 0 total bytes 2002140 in_flight now 0 fair_inc 2238 prop_inc 58578 fast_inc 0 eta_inc 8940 multi_dec -0 quick_dec -0 nack_dec -0
Flow Uec_409_918 flowId 23 uecSrc 22 finished at 196.76 total messages 1 total packets 490 RTS 0 total bytes 2002140 in_flight now 0 fair_inc 4480 prop_inc 52925 fast_inc 0 eta_inc 8940 multi_dec -0 quick_dec -0 nack_dec -0
Flow Uec_21_575 flowId 6 uecSrc 5 finished at 196.946 total messages 1 total packets 490 RTS 0 total bytes 2002140 in_flight now 0 fair_inc 2993 prop_inc 46308 fast_inc 0 eta_inc 9536 multi_dec -0 quick_dec -0 nack_dec -0
Flow Uec_224_729 flowId 151 uecSrc 150 finished at 196.951 total messages 1 total packets 490 RTS 0 total bytes 2002140 in_flight now 0 fair_inc 1487 prop_inc 52226 fast_inc 0 eta_inc 9536 multi_dec -0 quick_dec -0 nack_dec -0
Flow Uec_235_771 flowId 288 uecSrc 287 finished at 197.219 total messages 1 total packets 490 RTS 0 total bytes 2002140 in_flight now 0 fair_inc 1869 prop_inc 50710 fast_inc 0 eta_inc 8940 multi_dec -0 quick_dec -0 nack_dec -0
Flow Uec_41_544 flowId 486 uecSrc 485 finished at 197.438 total messages 1 total packets 490 RTS 0 total bytes 2002140 in_flight now 0 fair_inc 4482 prop_inc 50297 fast_inc 0 eta_inc 8940 multi_dec -0 quick_dec -0 nack_dec -0
Flow Uec_827_252 flowId 2 uecSrc 1 finished at 197.527 total messages 1 total packets 490 RTS 0 total bytes 2002140 in_flight now 0 fair_inc 7852 prop_inc 37611 fast_inc 0 eta_inc 8940 multi_dec -0 quick_dec -0 nack_dec -0
Flow Uec_445_953 flowId 250 uecSrc 249 finished at 197.589 total messages 1 total packets 490 RTS 0 total bytes 2002140 in_flight now 0 fair_inc 4109 prop_inc 56112 fast_inc 0 eta_inc 9536 multi_dec -0 quick_dec -0 nack_dec -0
Flow Uec_216_748 flowId 299 uecSrc 298 finished at 197.812 total messages 1 total packets 490 RTS 0 total bytes 2002140 in_flight now 0 fair_inc 9339 prop_inc 50888 fast_inc 0 eta_inc 8940 multi_dec -0 quick_dec -0 nack_dec -0
Flow Uec_23_572 flowId 92 uecSrc 91 finished at 197.942 total messages 1 total packets 490 RTS 0 total bytes 2002140 in_flight now 0 fair_inc 5966 prop_inc 56382 fast_inc 0 eta_inc 8940 multi_dec -0 quick_dec -0 nack_dec -0
Flow Uec_701_182 flowId 93 uecSrc 92 finished at 198.117 total messages 1 total packets 490 RTS 0 total bytes 2002140 in_flight now 0 fair_inc 375 prop_inc 56574 fast_inc 0 eta_inc 8940 multi_dec -0 quick_dec -0 nack_dec -0
Flow Uec_0_573 flowId 229 uecSrc 228 finished at 198.938 total messages 1 total packets 490 RTS 0 total bytes 2002140 in_flight now 0 fair_inc 2988 prop_inc 46813 fast_inc 0 eta_inc 9536 multi_dec -0 quick_dec -0 nack_dec -0
Flow Uec_822_232 flowId 361 uecSrc 360 finished at 199.198 total messages 1 total packets 490 RTS 0 total bytes 2002140 in_flight now 0 fair_inc 4858 prop_inc 43155 fast_inc 0 eta_inc 8940 multi_dec -0 quick_dec -0 nack_dec -0
Flow Uec_845_250 flowId 434 uecSrc 433 finished at 199.245 total messages 1 total packets 490 RTS 0 total bytes 2002140 in_flight now 0 fair_inc 2992 prop_inc 40676 fast_inc 0 eta_inc 8940 multi_dec -0 quick_dec -0 nack_dec -0
Flow Uec_866_210 flowId 448 uecSrc 447 finished at 199.343 total messages 1 total packets 490 RTS 0 total bytes 2002140 in_flight now 0 fair_inc 748 prop_inc 43584 fast_inc 0 eta_inc 9536 multi_dec -0 quick_dec -0 nack_dec -0
Flow Uec_13_541 flowId 412 uecSrc 411 finished at 199.376 total messages 1 total packets 490 RTS 0 total bytes 2002140 in_flight now 0 fair_inc 4468 prop_inc 51920 fast_inc 0 eta_inc 9536 multi_dec -0 quick_dec -0 nack_dec -0
Flow Uec_872_277 flowId 109 uecSrc 108 finished at 199.782 total messages 1 total packets 490 RTS 0 total bytes 2002140 in_flight now 0 fair_inc 1492 prop_inc 42345 fast_inc 0 eta_inc 9536 multi_dec -0 quick_dec -0 nack_dec -0
Flow Uec_865_283 flowId 70 uecSrc 69 finished at 199.857 total messages 1 total packets 490 RTS 0 total bytes 2002140 in_flight now 0 fair_inc 7095 prop_inc 39556 fast_inc 0 eta_inc 8940 multi_dec -0 quick_dec -0 nack_dec -0
Flow Uec_836_212 flowId 238 uecSrc 237 finished at 199.935 total messages 1 total packets 490 RTS 0 total bytes 2002140 in_flight now 0 fair_inc 5606 prop_inc 36163 fast_inc 0 eta_inc 9536 multi_dec -0 quick_dec -0 nack_dec -0
Flow Uec_8_576 flowId 57 uecSrc 56 finished at 200.098 total messages 1 total packets 490 RTS 0 total bytes 2002140 in_flight now 0 fair_inc 4851 prop_inc 47535 fast_inc 0 eta_inc 9536 multi_dec -0 quick_dec -0 nack_dec -0
Flow Uec_897_269 flowId 420 uecSrc 419 finished at 200.098 total messages 1 total packets 490 RTS 0 total bytes 2002140 in_flight now 0 fair_inc 1496 prop_inc 42185 fast_inc 0 eta_inc 9536 multi_dec -0 quick_dec -0 nack_dec -0
Flow Uec_841_285 flowId 88 uecSrc 87 finished at 200.508 total messages 1 total packets 490 RTS 0 total bytes 2002140 in_flight now 0 fair_inc 1498 prop_inc 41125 fast_inc 0 eta_inc 9536 multi_dec -0 quick_dec -0 nack_dec -0
Flow Uec_75_578 flowId 150 uecSrc 149 finished at 200.598 total messages 1 total packets 490 RTS 0 total bytes 2002140 in_flight now 0 fair_inc 5980 prop_inc 44249 fast_inc 0 eta_inc 9536 multi_dec -0 quick_dec -0 nack_dec -0
Flow Uec_882_204 flowId 428 uecSrc 427 finished at 200.644 total messages 1 total packets 490 RTS 0 total bytes 2002140 in_flight now 0 fair_inc 748 prop_inc 43245 fast_inc 0 eta_inc 9536 multi_dec -0 quick_dec -0 nack_dec -0
Flow Uec_820_289 flowId 171 uecSrc 170 finished at 200.754 total messages 1 total packets 490 RTS 0 total bytes 2002140 in_flight now 0 fair_inc 6730 prop_inc 40066 fast_inc 0 eta_inc 9536 multi_dec -0 quick_dec -0 nack_dec -0
Flow Uec_805_207 flowId 404 uecSrc 403 finished at 201.183 total messages 1 total packets 490 RTS 0 total bytes 2002140 in_flight now 0 fair_inc 5975 prop_inc 39119 fast_inc 0 eta_inc 9536 multi_dec -0 quick_dec -0 nack_dec -0
Flow Uec_228_704 flowId 163 uecSrc 162 finished at 201.274 total messages 1 total packets 490 RTS 0 total bytes 2002140 in_flight now 0 fair_inc 1120 prop_inc 50534 fast_inc 0 eta_inc 9536 multi_dec -0 quick_dec -0 nack_dec -0
Flow Uec_861_239 flowId 191 uecSrc 190 finished at 201.441 total messages 1 total packets 490 RTS 0 total bytes 2002140 in_flight now 0 fair_inc 4852 prop_inc 40832 fast_inc 0 eta_inc 9536 multi_dec -0 quick_dec -0 nack_dec -0
Flow Uec_837_282 flowId 345 uecSrc 344 finished at 201.573 total messages 1 total packets 490 RTS 0 total bytes 2002140 in_flight now 0 fair_inc 3732 prop_inc 43512 fast_inc 0 eta_inc 9536 multi_dec -0 quick_dec -0 nack_dec -0
Flow Uec_863_222 flowId 335 uecSrc 334 finished at 201.868 total messages 1 total packets 490 RTS 0 total bytes 2002140 in_flight now 0 fair_inc 2996 prop_inc 37757 fast_inc 0 eta_inc 9536 multi_dec -0 quick_dec -0 nack_dec -0
Flow Uec_20_579 flowId 102 uecSrc 101 finished at 201.926 total messages 1 total packets 490 RTS 0 total bytes 2002140 in_flight now 0 fair_inc 1867 prop_inc 47909 fast_inc 0 eta_inc 9536 multi_dec -0 quick_dec -0 nack_dec -0
Flow Uec_16_574 flowId 395 uecSrc 394 finished at 202.258 total messages 1 total packets 490 RTS 0 total bytes 2002140 in_flight now 0 fair_inc 4479 prop_inc 44315 fast_inc 0 eta_inc 9536 multi_dec -0 quick_dec -0 nack_dec -0
Flow Uec_884_242 flowId 350 uecSrc 349 finished at 202.301 total messages 1 total packets 490 RTS 0 total bytes 2002140 in_flight now 0 fair_inc 4110 prop_inc 29829 fast_inc 0 eta_inc 9536 multi_dec -0 quick_dec -0 nack_dec -0
Flow Uec_880_219 flowId 55 uecSrc 54 finished at 202.586 total messages 1 total packets 490 RTS 0 total bytes 2002140 in_flight now 0 fair_inc 5979 prop_inc 45099 fast_inc 0 eta_inc 9536 multi_dec -0 quick_dec -0 nack_dec -0
Flow Uec_44_577 flowId 536 uecSrc 535 finished at 202.602 total messages 1 total packets 490 RTS 0 total bytes 2002140 in_flight now 0 fair_inc 5234 prop_inc 41482 fast_inc 0 eta_inc 9536 multi_dec -0 quick_dec -0 nack_dec -0
Flow Uec_842_200 flowId 224 uecSrc 223 finished at 202.809 total messages 1 total packets 490 RTS 0 total bytes 2002140 in_flight now 0 fair_inc 4861 prop_inc 36623 fast_inc 0 eta_inc 9536 multi_dec -0 quick_dec -0 nack_dec -0
Flow Uec_844_226 flowId 317 uecSrc 316 finished at 202.864 total messages 1 total packets 490 RTS 0 total bytes 2002140 in_flight now 0 fair_inc 2617 prop_inc 40975 fast_inc 0 eta_inc 9536 multi_dec -0 quick_dec -0 nack_dec -0
Flow Uec_891_286 flowId 21 uecSrc 20 finished at 202.918 total messages 1 total packets 490 RTS 0 total bytes 2002140 in_flight now 0 fair_inc 2620 prop_inc 33182 fast_inc 0 eta_inc 9536 multi_dec -0 quick_dec -0 nack_dec -0
Flow Uec_807_264 flowId 103 uecSrc 102 finished at 203.072 total messages 1 total packets 490 RTS 0 total bytes 2002140 in_flight now 0 fair_inc 5979 prop_inc 37733 fast_inc 0 eta_inc 9536 multi_dec -0 quick_dec -0 nack_dec -0
Flow Uec_849_291 flowId 94 uecSrc 93 finished at 203.301 total messages 1 total packets 490 RTS 0 total bytes 2002140 in_flight now 0 fair_inc 7848 prop_inc 33400 fast_inc 0 eta_inc 9536 multi_dec -0 quick_dec -0 nack_dec -0
Flow Uec_825_234 flowId 175 uecSrc 174 finished at 203.302 total messages 1 total packets 490 RTS 0 total bytes 2002140 in_flight now 0 fair_inc 6726 prop_inc 42754 fast_inc 0 eta_inc 9536 multi_dec -0 quick_dec -0 nack_dec -0
Flow Uec_877_225 flowId 351 uecSrc 350 finished at 203.433 total messages 1 total packets 490 RTS 0 total bytes 2002140 in_flight now 0 fair_inc 1869 prop_inc 37739 fast_inc 0 eta_inc 9536 multi_dec -0 quick_dec -0 nack_dec -0
Flow Uec_806_211 flowId 152 uecSrc 151 finished at 204.181 total messages 1 total packets 490 RTS 0 total bytes 2002140 in_flight now 0 fair_inc 5972 prop_inc 37828 fast_inc 0 eta_inc 9536 multi_dec -0 quick_dec -0 nack_dec -0
Flow Uec_898_240 flowId 80 uecSrc 79 finished at 204.216 total messages 1 total packets 490 RTS 0 total bytes 2002140 in_flight now 0 fair_inc 5982 prop_inc 42751 fast_inc 0 eta_inc 9536 multi_dec -0 quick_dec -0 nack_dec -0
Flow Uec_25_571 flowId 235 uecSrc 234 finished at 204.379 total messages 1 total packets 490 RTS 0 total bytes 2002140 in_flight now 0 fair_inc 4857 prop_inc 41336 fast_inc 0 eta_inc 9536 multi_dec -0 quick_dec -0 nack_dec -0
Flow Uec_873_209 flowId 130 uecSrc 129 finished at 204.406 total messages 1 total packets 490 RTS 0 total bytes 2002140 in_flight now 0 fair_inc 5611 prop_inc 34445 fast_inc 0 eta_inc 9536 multi_dec -0 quick_dec -0 nack_dec -0
Flow Uec_878_288 flowId 64 uecSrc 63 finished at 204.578 total messages 1 total packets 490 RTS 0 total bytes 2002140 in_flight now 0 fair_inc 6350 prop_inc 34841 fast_inc 0 eta_inc 9536 multi_dec -0 quick_dec -0 nack_dec -0
Flow Uec_859_270 flowId 332 uecSrc 331 finished at 204.712 total messages 1 total packets 490 RTS 0 total bytes 2002140 in_flight now 0 fair_inc 6360 prop_inc 31376 fast_inc 0 eta_inc 9536 multi_dec -0 quick_dec -0 nack_dec -0
Flow Uec_883_268 flowId 47 uecSrc 46 finished at 204.732 total messages 1 total packets 490 RTS 0 total bytes 2002140 in_flight now 0 fair_inc 6344 prop_inc 38563 fast_inc 0 eta_inc 9536 multi_dec -0 quick_dec -0 nack_dec -0
Flow Uec_896_281 flowId 511 uecSrc 510 finished at 205.016 total messages 1 total packets 490 RTS 0 total bytes 2002140 in_flight now 0 fair_inc 2991 prop_inc 39003 fast_inc 0 eta_inc 9536 multi_dec -0 quick_dec -0 nack_dec -0
Flow Uec_821_261 flowId 18 uecSrc 17 finished at 205.064 total messages 1 total packets 490 RTS 0 total bytes 2002140 in_flight now 0 fair_inc 375 prop_inc 40786 fast_inc 0 eta_inc 9536 multi_dec -0 quick_dec -0 nack_dec -0
Flow Uec_809_228 flowId 178 uecSrc 177 finished at 205.242 total messages 1 total packets 490 RTS 0 total bytes 2002140 in_flight now 0 fair_inc 7848 prop_inc 37577 fast_inc 0 eta_inc 9536 multi_dec -0 quick_dec -0 nack_dec -0
Flow Uec_895_247 flowId 239 uecSrc 238 finished at 205.757 total messages 1 total packets 490 RTS 0 total bytes 2002140 in_flight now 0 fair_inc 7103 prop_inc 35265 fast_inc 0 eta_inc 9536 multi_dec -0 quick_dec -0 nack_dec -0
Flow Uec_813_214 flowId 305 uecSrc 304 finished at 205.908 total messages 1 total packets 490 RTS 0 total bytes 2002140 in_flight now 0 fair_inc 7105 prop_inc 31027 fast_inc 0 eta_inc 9536 multi_dec -0 quick_dec -0 nack_dec -0
Flow Uec_892_244 flowId 249 uecSrc 248 finished at 206.419 total messages 1 total packets 490 RTS 0 total bytes 2002140 in_flight now 0 fair_inc 4489 prop_inc 35211 fast_inc 0 eta_inc 9536 multi_dec -0 quick_dec -0 nack_dec -0
Flow Uec_835_227 flowId 331 uecSrc 330 finished at 206.421 total messages 1 total packets 490 RTS 0 total bytes 2002140 in_flight now 0 fair_inc 4486 prop_inc 34914 fast_inc 0 eta_inc 9536 multi_dec -0 quick_dec -0 nack_dec -0
Flow Uec_853_241 flowId 360 uecSrc 359 finished at 206.751 total messages 1 total packets 490 RTS 0 total bytes 2002140 in_flight now 0 fair_inc 5974 prop_inc 34602 fast_inc 0 eta_inc 9536 multi_dec -0 quick_dec -0 nack_dec -0
Flow Uec_874_215 flowId 22 uecSrc 21 finished at 206.902 total messages 1 total packets 490 RTS 0 total bytes 2002140 in_flight now 0 fair_inc 6349 prop_inc 36572 fast_inc 0 eta_inc 9536 multi_dec -0 quick_dec -0 nack_dec -0
Flow Uec_855_296 flowId 19 uecSrc 18 finished at 207.26 total messages 1 total packets 490 RTS 0 total bytes 2002140 in_flight now 0 fair_inc 10461 prop_inc 28888 fast_inc 0 eta_inc 9536 multi_dec -0 quick_dec -0 nack_dec -0
Flow Uec_889_284 flowId 106 uecSrc 105 finished at 207.403 total messages 1 total packets 490 RTS 0 total bytes 2002140 in_flight now 0 fair_inc 1872 prop_inc 32629 fast_inc 0 eta_inc 9536 multi_dec -0 quick_dec -0 nack_dec -0
Flow Uec_816_257 flowId 271 uecSrc 270 finished at 207.718 total messages 1 total packets 490 RTS 0 total bytes 2002140 in_flight now 0 fair_inc 7099 prop_inc 35506 fast_inc 0 eta_inc 9536 multi_dec -0 quick_dec -0 nack_dec -0
Flow Uec_894_221 flowId 16 uecSrc 15 finished at 207.726 total messages 1 total packets 490 RTS 0 total bytes 2002140 in_flight now 0 fair_inc 5231 prop_inc 40889 fast_inc 0 eta_inc 9536 multi_dec -0 quick_dec -0 nack_dec -0
Flow Uec_800_231 flowId 41 uecSrc 40 finished at 207.898 total messages 1 total packets 490 RTS 0 total bytes 2002140 in_flight now 0 fair_inc 9339 prop_inc 33306 fast_inc 0 eta_inc 9536 multi_dec -0 quick_dec -0 nack_dec -0
Flow Uec_808_295 flowId 56 uecSrc 55 finished at 208.058 total messages 1 total packets 490 RTS 0 total bytes 2002140 in_flight now 0 fair_inc 4114 prop_inc 26722 fast_inc 0 eta_inc 9536 multi_dec -0 quick_dec -0 nack_dec -0
Flow Uec_815_254 flowId 275 uecSrc 274 finished at 208.089 total messages 1 total packets 490 RTS 0 total bytes 2002140 in_flight now 0 fair_inc 8974 prop_inc 33902 fast_inc 0 eta_inc 9536 multi_dec -0 quick_dec -0 nack_dec -0
Flow Uec_851_248 flowId 154 uecSrc 153 finished at 208.23 total messages 1 total packets 490 RTS 0 total bytes 2002140 in_flight now 0 fair_inc 8225 prop_inc 37116 fast_inc 0 eta_inc 9536 multi_dec -0 quick_dec -0 nack_dec -0
Flow Uec_856_255 flowId 363 uecSrc 362 finished at 208.39 total messages 1 total packets 490 RTS 0 total bytes 2002140 in_flight now 0 fair_inc 3367 prop_inc 32498 fast_inc 0 eta_inc 9536 multi_dec -0 quick_dec -0 nack_dec -0
Flow Uec_834_205 flowId 463 uecSrc 462 finished at 208.562 total messages 1 total packets 490 RTS 0 total bytes 2002140 in_flight now 0 fair_inc 3369 prop_inc 29337 fast_inc 0 eta_inc 9536 multi_dec -0 quick_dec -0 nack_dec -0
Flow Uec_850_259 flowId 447 uecSrc 446 finished at 208.722 total messages 1 total packets 490 RTS 0 total bytes 2002140 in_flight now 0 fair_inc 7096 prop_inc 34014 fast_inc 0 eta_inc 9536 multi_dec -0 quick_dec -0 nack_dec -0
Flow Uec_854_213 flowId 269 uecSrc 268 finished at 208.894 total messages 1 total packets 490 RTS 0 total bytes 2002140 in_flight now 0 fair_inc 5987 prop_inc 33213 fast_inc 0 eta_inc 10132 multi_dec -0 quick_dec -0 nack_dec -0
Flow Uec_839_238 flowId 527 uecSrc 526 finished at 209.054 total messages 1 total packets 490 RTS 0 total bytes 2002140 in_flight now 0 fair_inc 1868 prop_inc 34457 fast_inc 0 eta_inc 9536 multi_dec -0 quick_dec -0 nack_dec -0
Flow Uec_829_298 flowId 11 uecSrc 10 finished at 209.386 total messages 1 total packets 490 RTS 0 total bytes 2002140 in_flight now 0 fair_inc 1870 prop_inc 43773 fast_inc 0 eta_inc 9536 multi_dec -0 quick_dec -0 nack_dec -0
Flow Uec_817_262 flowId 338 uecSrc 337 finished at 209.47 total messages 1 total packets 490 RTS 0 total bytes 2002140 in_flight now 0 fair_inc 3739 prop_inc 43537 fast_inc 0 eta_inc 9536 multi_dec -0 quick_dec -0 nack_dec -0
Flow Uec_818_278 flowId 143 uecSrc 142 finished at 209.558 total messages 1 total packets 490 RTS 0 total bytes 2002140 in_flight now 0 fair_inc 9695 prop_inc 30976 fast_inc 0 eta_inc 10132 multi_dec -0 quick_dec -0 nack_dec -0
Flow Uec_857_256 flowId 203 uecSrc 202 finished at 209.584 total messages 1 total packets 490 RTS 0 total bytes 2002140 in_flight now 0 fair_inc 2621 prop_inc 31378 fast_inc 0 eta_inc 10132 multi_dec -0 quick_dec -0 nack_dec -0
Flow Uec_814_201 flowId 498 uecSrc 497 finished at 209.851 total messages 1 total packets 490 RTS 0 total bytes 2002140 in_flight now 0 fair_inc 3363 prop_inc 31235 fast_inc 0 eta_inc 10132 multi_dec -0 quick_dec -0 nack_dec -0
Flow Uec_801_237 flowId 122 uecSrc 121 finished at 210.05 total messages 1 total packets 490 RTS 0 total bytes 2002140 in_flight now 0 fair_inc 7105 prop_inc 36194 fast_inc 0 eta_inc 9536 multi_dec -0 quick_dec -0 nack_dec -0
Flow Uec_832_243 flowId 71 uecSrc 70 finished at 210.382 total messages 1 total packets 490 RTS 0 total bytes 2002140 in_flight now 0 fair_inc 2990 prop_inc 35415 fast_inc 0 eta_inc 9536 multi_dec -0 quick_dec -0 nack_dec -0
Flow Uec_858_230 flowId 118 uecSrc 117 finished at 210.714 total messages 1 total packets 490 RTS 0 total bytes 2002140 in_flight now 0 fair_inc 7113 prop_inc 32459 fast_inc 0 eta_inc 9536 multi_dec -0 quick_dec -0 nack_dec -0
Flow Uec_812_279 flowId 444 uecSrc 443 finished at 210.722 total messages 1 total packets 490 RTS 0 total bytes 2002140 in_flight now 0 fair_inc 10465 prop_inc 28953 fast_inc 0 eta_inc 10132 multi_dec -0 quick_dec -0 nack_dec -0
Flow Uec_819_271 flowId 131 uecSrc 130 finished at 211.046 total messages 1 total packets 490 RTS 0 total bytes 2002140 in_flight now 0 fair_inc 10451 prop_inc 30588 fast_inc 0 eta_inc 10132 multi_dec -0 quick_dec -0 nack_dec -0
Flow Uec_810_272 flowId 337 uecSrc 336 finished at 211.193 total messages 1 total packets 490 RTS 0 total bytes 2002140 in_flight now 0 fair_inc 4110 prop_inc 35153 fast_inc 0 eta_inc 9536 multi_dec -0 quick_dec -0 nack_dec -0
Flow Uec_811_266 flowId 117 uecSrc 116 finished at 211.201 total messages 1 total packets 490 RTS 0 total bytes 2002140 in_flight now 0 fair_inc 8952 prop_inc 31387 fast_inc 0 eta_inc 10132 multi_dec -0 quick_dec -0 nack_dec -0
Flow Uec_886_233 flowId 547 uecSrc 546 finished at 211.378 total messages 1 total packets 490 RTS 0 total bytes 2002140 in_flight now 0 fair_inc 1500 prop_inc 32190 fast_inc 0 eta_inc 10132 multi_dec -0 quick_dec -0 nack_dec -0
.Done
New: 269500 Rtx: 0 RTS: 0 Bounced: 0 ACKs: 94377 NACKs: 0 Pulls: 0 sleek_pkts: 0
