Load balancing algorithm set to reps
no_of_nodes 1100
Dragonfly+ strategy: REPS_DFP
Setting queuesize to 50 packets
endtime(us) 100000
random seed 2
Using generated Dragonfly+ tornado traffic instead of -tm
Tornado active connections 1100
Tornado flow size 5000000 bytes
REPS partition entropy enabled.
REPS open-tier escalation threshold 0.2
REPS warmup explore duration 0.5 x this flow's base RTT
REPS continuous explore probability 70%
Packet size (MTU) is 4150
Parsed args
Logging to finalmaybe/runs/tornado_reps_partition_load1.00_fs5000000_seed2_e0.2_w0.5_p70.dat
Sizing queues and ECN thresholds for an unloaded RTT of 11.6856 us
Setting ECN low 33200 high 120350
Dragonfly+ with medium topology type
Link latencies: 1 and switch latencies: 0
queue_id 2 ecn_low 33200 ecn_high 120350
DragonFly+ constructor done, 1100 nodes created
Generating tornado connection matrix: python3 connection_matrices/gen_tornado_dfp.py /tmp/dfp_tornado_161002.cm 1100 1100 5000000 0.0 2 10 10
Nodes:  1100
Connections:  1100
Flowsize:  5000000 bytes
ExtraStartTime:  0.0 us
Random Seed  2
Dragonfly+ p= 10 l= 10
group_size=100  no_groups=11  opposite group offset=5
Loading generated tornado connection matrix from /tmp/dfp_tornado_161002.cm
Nodes: 1100 Connections: 1100 Triggers: 0 Failures: 0
network_max_unloaded_rtt 11.6856 us
Setting min RTO to 114.6
Per-hop RTT normalization: ON (strategy reps_dfp)
Initializing static NSCC parameters: _reference_network_linkspeed=100000000000 _reference_network_rtt=12000000 _reference_network_bdp=150000 _target_Qdelay=8764200 _network_linkspeed=100000000000 _network_rtt=11685600 _network_bdp=146070 _qa_gate=2^3 _qa_threshold=3.50568e+07 _scaling_factor_a=0.9738 _scaling_factor_b=0.73035 _alpha=0.00132632 _fi=19894.7 _eta=596.842 _qa_scaling=1 _gamma=0.8 _fi_scale=0.24345 _delay_alpha=0.0125 _adjust_period_threshold=11685600 _adjust_bytes_threshold=33200
Initialize per-instance NSCC parameters: flowid 1 _base_rtt=11685600 _base_bdp=146070 _bdp=146070 _min_cwnd=4150 _maxwnd=219105 _cwnd=219105
Initialize per-instance NSCC parameters: flowid 2 _base_rtt=11685600 _base_bdp=146070 _bdp=146070 _min_cwnd=4150 _maxwnd=219105 _cwnd=219105
Initialize per-instance NSCC parameters: flowid 3 _base_rtt=11685600 _base_bdp=146070 _bdp=146070 _min_cwnd=4150 _maxwnd=219105 _cwnd=219105
Initialize per-instance NSCC parameters: flowid 4 _base_rtt=11685600 _base_bdp=146070 _bdp=146070 _min_cwnd=4150 _maxwnd=219105 _cwnd=219105
Initialize per-instance NSCC parameters: flowid 5 _base_rtt=11685600 _base_bdp=146070 _bdp=146070 _min_cwnd=4150 _maxwnd=219105 _cwnd=219105
Initialize per-instance NSCC parameters: flowid 6 _base_rtt=11685600 _base_bdp=146070 _bdp=146070 _min_cwnd=4150 _maxwnd=219105 _cwnd=219105
Initialize per-instance NSCC parameters: flowid 7 _base_rtt=11685600 _base_bdp=146070 _bdp=146070 _min_cwnd=4150 _maxwnd=219105 _cwnd=219105
Initialize per-instance NSCC parameters: flowid 8 _base_rtt=11685600 _base_bdp=146070 _bdp=146070 _min_cwnd=4150 _maxwnd=219105 _cwnd=219105
Initialize per-instance NSCC parameters: flowid 9 _base_rtt=11685600 _base_bdp=146070 _bdp=146070 _min_cwnd=4150 _maxwnd=219105 _cwnd=219105
Initialize per-instance NSCC parameters: flowid 10 _base_rtt=11685600 _base_bdp=146070 _bdp=146070 _min_cwnd=4150 _maxwnd=219105 _cwnd=219105
Initialize per-instance NSCC parameters: flowid 11 _base_rtt=11685600 _base_bdp=146070 _bdp=146070 _min_cwnd=4150 _maxwnd=219105 _cwnd=219105
Initialize per-instance NSCC parameters: flowid 12 _base_rtt=11685600 _base_bdp=146070 _bdp=146070 _min_cwnd=4150 _maxwnd=219105 _cwnd=219105
Initialize per-instance NSCC parameters: flowid 13 _base_rtt=11685600 _base_bdp=146070 _bdp=146070 _min_cwnd=4150 _maxwnd=219105 _cwnd=219105
Initialize per-instance NSCC parameters: flowid 14 _base_rtt=11685600 _base_bdp=146070 _bdp=146070 _min_cwnd=4150 _maxwnd=219105 _cwnd=219105
Initialize per-instance NSCC parameters: flowid 15 _base_rtt=11685600 _base_bdp=146070 _bdp=146070 _min_cwnd=4150 _maxwnd=219105 _cwnd=219105
Initialize per-instance NSCC parameters: flowid 16 _base_rtt=11685600 _base_bdp=146070 _bdp=146070 _min_cwnd=4150 _maxwnd=219105 _cwnd=219105
Initialize per-instance NSCC parameters: flowid 17 _base_rtt=11685600 _base_bdp=146070 _bdp=146070 _min_cwnd=4150 _maxwnd=219105 _cwnd=219105
Initialize per-instance NSCC parameters: flowid 18 _base_rtt=11685600 _base_bdp=146070 _bdp=146070 _min_cwnd=4150 _maxwnd=219105 _cwnd=219105
Initialize per-instance NSCC parameters: flowid 19 _base_rtt=11685600 _base_bdp=146070 _bdp=146070 _min_cwnd=4150 _maxwnd=219105 _cwnd=219105
Initialize per-instance NSCC parameters: flowid 20 _base_rtt=11685600 _base_bdp=146070 _bdp=146070 _min_cwnd=4150 _maxwnd=219105 _cwnd=219105
Initialize per-instance NSCC parameters: flowid 21 _base_rtt=11685600 _base_bdp=146070 _bdp=146070 _min_cwnd=4150 _maxwnd=219105 _cwnd=219105
Initialize per-instance NSCC parameters: flowid 22 _base_rtt=11685600 _base_bdp=146070 _bdp=146070 _min_cwnd=4150 _maxwnd=219105 _cwnd=219105
Initialize per-instance NSCC parameters: flowid 23 _base_rtt=11685600 _base_bdp=146070 _bdp=146070 _min_cwnd=4150 _maxwnd=219105 _cwnd=219105
Initialize per-instance NSCC parameters: flowid 24 _base_rtt=11685600 _base_bdp=146070 _bdp=146070 _min_cwnd=4150 _maxwnd=219105 _cwnd=219105
Initialize per-instance NSCC parameters: flowid 25 _base_rtt=11685600 _base_bdp=146070 _bdp=146070 _min_cwnd=4150 _maxwnd=219105 _cwnd=219105
Initialize per-instance NSCC parameters: flowid 26 _base_rtt=11685600 _base_bdp=146070 _bdp=146070 _min_cwnd=4150 _maxwnd=219105 _cwnd=219105
Initialize per-instance NSCC parameters: flowid 27 _base_rtt=11685600 _base_bdp=146070 _bdp=146070 _min_cwnd=4150 _maxwnd=219105 _cwnd=219105
Initialize per-instance NSCC parameters: flowid 28 _base_rtt=11685600 _base_bdp=146070 _bdp=146070 _min_cwnd=4150 _maxwnd=219105 _cwnd=219105
Initialize per-instance NSCC parameters: flowid 29 _base_rtt=11685600 _base_bdp=146070 _bdp=146070 _min_cwnd=4150 _maxwnd=219105 _cwnd=219105
Initialize per-instance NSCC parameters: flowid 30 _base_rtt=11685600 _base_bdp=146070 _bdp=146070 _min_cwnd=4150 _maxwnd=219105 _cwnd=219105
Initialize per-instance NSCC parameters: flowid 31 _base_rtt=11685600 _base_bdp=146070 _bdp=146070 _min_cwnd=4150 _maxwnd=219105 _cwnd=219105
Initialize per-instance NSCC parameters: flowid 32 _base_rtt=11685600 _base_bdp=146070 _bdp=146070 _min_cwnd=4150 _maxwnd=219105 _cwnd=219105
Initialize per-instance NSCC parameters: flowid 33 _base_rtt=11685600 _base_bdp=146070 _bdp=146070 _min_cwnd=4150 _maxwnd=219105 _cwnd=219105
Initialize per-instance NSCC parameters: flowid 34 _base_rtt=11685600 _base_bdp=146070 _bdp=146070 _min_cwnd=4150 _maxwnd=219105 _cwnd=219105
Initialize per-instance NSCC parameters: flowid 35 _base_rtt=11685600 _base_bdp=146070 _bdp=146070 _min_cwnd=4150 _maxwnd=219105 _cwnd=219105
Initialize per-instance NSCC parameters: flowid 36 _base_rtt=11685600 _base_bdp=146070 _bdp=146070 _min_cwnd=4150 _maxwnd=219105 _cwnd=219105
Initialize per-instance NSCC parameters: flowid 37 _base_rtt=11685600 _base_bdp=146070 _bdp=146070 _min_cwnd=4150 _maxwnd=219105 _cwnd=219105
Initialize per-instance NSCC parameters: flowid 38 _base_rtt=11685600 _base_bdp=146070 _bdp=146070 _min_cwnd=4150 _maxwnd=219105 _cwnd=219105
Initialize per-instance NSCC parameters: flowid 39 _base_rtt=11685600 _base_bdp=146070 _bdp=146070 _min_cwnd=4150 _maxwnd=219105 _cwnd=219105
Initialize per-instance NSCC parameters: flowid 40 _base_rtt=11685600 _base_bdp=146070 _bdp=146070 _min_cwnd=4150 _maxwnd=219105 _cwnd=219105
Initialize per-instance NSCC parameters: flowid 41 _base_rtt=11685600 _base_bdp=146070 _bdp=146070 _min_cwnd=4150 _maxwnd=219105 _cwnd=219105
Initialize per-instance NSCC parameters: flowid 42 _base_rtt=11685600 _base_bdp=146070 _bdp=146070 _min_cwnd=4150 _maxwnd=219105 _cwnd=219105
Initialize per-instance NSCC parameters: flowid 43 _base_rtt=11685600 _base_bdp=146070 _bdp=146070 _min_cwnd=4150 _maxwnd=219105 _cwnd=219105
Initialize per-instance NSCC parameters: flowid 44 _base_rtt=11685600 _base_bdp=146070 _bdp=146070 _min_cwnd=4150 _maxwnd=219105 _cwnd=219105
Initialize per-instance NSCC parameters: flowid 45 _base_rtt=11685600 _base_bdp=146070 _bdp=146070 _min_cwnd=4150 _maxwnd=219105 _cwnd=219105
Initialize per-instance NSCC parameters: flowid 46 _base_rtt=11685600 _base_bdp=146070 _bdp=146070 _min_cwnd=4150 _maxwnd=219105 _cwnd=219105
Initialize per-instance NSCC parameters: flowid 47 _base_rtt=11685600 _base_bdp=146070 _bdp=146070 _min_cwnd=4150 _maxwnd=219105 _cwnd=219105
Initialize per-instance NSCC parameters: flowid 48 _base_rtt=11685600 _base_bdp=146070 _bdp=146070 _min_cwnd=4150 _maxwnd=219105 _cwnd=219105
Initialize per-instance NSCC parameters: flowid 49 _base_rtt=11685600 _base_bdp=146070 _bdp=146070 _min_cwnd=4150 _maxwnd=219105 _cwnd=219105
Initialize per-instance NSCC parameters: flowid 50 _base_rtt=11685600 _base_bdp=146070 _bdp=146070 _min_cwnd=4150 _maxwnd=219105 _cwnd=219105
Initialize per-instance NSCC parameters: flowid 51 _base_rtt=11685600 _base_bdp=146070 _bdp=146070 _min_cwnd=4150 _maxwnd=219105 _cwnd=219105
Initialize per-instance NSCC parameters: flowid 52 _base_rtt=11685600 _base_bdp=146070 _bdp=146070 _min_cwnd=4150 _maxwnd=219105 _cwnd=219105
Initialize per-instance NSCC parameters: flowid 53 _base_rtt=11685600 _base_bdp=146070 _bdp=146070 _min_cwnd=4150 _maxwnd=219105 _cwnd=219105
Initialize per-instance NSCC parameters: flowid 54 _base_rtt=11685600 _base_bdp=146070 _bdp=146070 _min_cwnd=4150 _maxwnd=219105 _cwnd=219105
Initialize per-instance NSCC parameters: flowid 55 _base_rtt=11685600 _base_bdp=146070 _bdp=146070 _min_cwnd=4150 _maxwnd=219105 _cwnd=219105
Initialize per-instance NSCC parameters: flowid 56 _base_rtt=11685600 _base_bdp=146070 _bdp=146070 _min_cwnd=4150 _maxwnd=219105 _cwnd=219105
Initialize per-instance NSCC parameters: flowid 57 _base_rtt=11685600 _base_bdp=146070 _bdp=146070 _min_cwnd=4150 _maxwnd=219105 _cwnd=219105
Initialize per-instance NSCC parameters: flowid 58 _base_rtt=11685600 _base_bdp=146070 _bdp=146070 _min_cwnd=4150 _maxwnd=219105 _cwnd=219105
Initialize per-instance NSCC parameters: flowid 59 _base_rtt=11685600 _base_bdp=146070 _bdp=146070 _min_cwnd=4150 _maxwnd=219105 _cwnd=219105
Initialize per-instance NSCC parameters: flowid 60 _base_rtt=11685600 _base_bdp=146070 _bdp=146070 _min_cwnd=4150 _maxwnd=219105 _cwnd=219105
Initialize per-instance NSCC parameters: flowid 61 _base_rtt=11685600 _base_bdp=146070 _bdp=146070 _min_cwnd=4150 _maxwnd=219105 _cwnd=219105
Initialize per-instance NSCC parameters: flowid 62 _base_rtt=11685600 _base_bdp=146070 _bdp=146070 _min_cwnd=4150 _maxwnd=219105 _cwnd=219105
Initialize per-instance NSCC parameters: flowid 63 _base_rtt=11685600 _base_bdp=146070 _bdp=146070 _min_cwnd=4150 _maxwnd=219105 _cwnd=219105
Initialize per-instance NSCC parameters: flowid 64 _base_rtt=11685600 _base_bdp=146070 _bdp=146070 _min_cwnd=4150 _maxwnd=219105 _cwnd=219105
Initialize per-instance NSCC parameters: flowid 65 _base_rtt=11685600 _base_bdp=146070 _bdp=146070 _min_cwnd=4150 _maxwnd=219105 _cwnd=219105
Initialize per-instance NSCC parameters: flowid 66 _base_rtt=11685600 _base_bdp=146070 _bdp=146070 _min_cwnd=4150 _maxwnd=219105 _cwnd=219105
Initialize per-instance NSCC parameters: flowid 67 _base_rtt=11685600 _base_bdp=146070 _bdp=146070 _min_cwnd=4150 _maxwnd=219105 _cwnd=219105
Initialize per-instance NSCC parameters: flowid 68 _base_rtt=11685600 _base_bdp=146070 _bdp=146070 _min_cwnd=4150 _maxwnd=219105 _cwnd=219105
Initialize per-instance NSCC parameters: flowid 69 _base_rtt=11685600 _base_bdp=146070 _bdp=146070 _min_cwnd=4150 _maxwnd=219105 _cwnd=219105
Initialize per-instance NSCC parameters: flowid 70 _base_rtt=11685600 _base_bdp=146070 _bdp=146070 _min_cwnd=4150 _maxwnd=219105 _cwnd=219105
Initialize per-instance NSCC parameters: flowid 71 _base_rtt=11685600 _base_bdp=146070 _bdp=146070 _min_cwnd=4150 _maxwnd=219105 _cwnd=219105
Initialize per-instance NSCC parameters: flowid 72 _base_rtt=11685600 _base_bdp=146070 _bdp=146070 _min_cwnd=4150 _maxwnd=219105 _cwnd=219105
Initialize per-instance NSCC parameters: flowid 73 _base_rtt=11685600 _base_bdp=146070 _bdp=146070 _min_cwnd=4150 _maxwnd=219105 _cwnd=219105
Initialize per-instance NSCC parameters: flowid 74 _base_rtt=11685600 _base_bdp=146070 _bdp=146070 _min_cwnd=4150 _maxwnd=219105 _cwnd=219105
Initialize per-instance NSCC parameters: flowid 75 _base_rtt=11685600 _base_bdp=146070 _bdp=146070 _min_cwnd=4150 _maxwnd=219105 _cwnd=219105
Initialize per-instance NSCC parameters: flowid 76 _base_rtt=11685600 _base_bdp=146070 _bdp=146070 _min_cwnd=4150 _maxwnd=219105 _cwnd=219105
Initialize per-instance NSCC parameters: flowid 77 _base_rtt=11685600 _base_bdp=146070 _bdp=146070 _min_cwnd=4150 _maxwnd=219105 _cwnd=219105
Initialize per-instance NSCC parameters: flowid 78 _base_rtt=11685600 _base_bdp=146070 _bdp=146070 _min_cwnd=4150 _maxwnd=219105 _cwnd=219105
Initialize per-instance NSCC parameters: flowid 79 _base_rtt=11685600 _base_bdp=146070 _bdp=146070 _min_cwnd=4150 _maxwnd=219105 _cwnd=219105
Initialize per-instance NSCC parameters: flowid 80 _base_rtt=11685600 _base_bdp=146070 _bdp=146070 _min_cwnd=4150 _maxwnd=219105 _cwnd=219105
Initialize per-instance NSCC parameters: flowid 81 _base_rtt=11685600 _base_bdp=146070 _bdp=146070 _min_cwnd=4150 _maxwnd=219105 _cwnd=219105
Initialize per-instance NSCC parameters: flowid 82 _base_rtt=11685600 _base_bdp=146070 _bdp=146070 _min_cwnd=4150 _maxwnd=219105 _cwnd=219105
Initialize per-instance NSCC parameters: flowid 83 _base_rtt=11685600 _base_bdp=146070 _bdp=146070 _min_cwnd=4150 _maxwnd=219105 _cwnd=219105
Initialize per-instance NSCC parameters: flowid 84 _base_rtt=11685600 _base_bdp=146070 _bdp=146070 _min_cwnd=4150 _maxwnd=219105 _cwnd=219105
Initialize per-instance NSCC parameters: flowid 85 _base_rtt=11685600 _base_bdp=146070 _bdp=146070 _min_cwnd=4150 _maxwnd=219105 _cwnd=219105
Initialize per-instance NSCC parameters: flowid 86 _base_rtt=11685600 _base_bdp=146070 _bdp=146070 _min_cwnd=4150 _maxwnd=219105 _cwnd=219105
Initialize per-instance NSCC parameters: flowid 87 _base_rtt=11685600 _base_bdp=146070 _bdp=146070 _min_cwnd=4150 _maxwnd=219105 _cwnd=219105
Initialize per-instance NSCC parameters: flowid 88 _base_rtt=11685600 _base_bdp=146070 _bdp=146070 _min_cwnd=4150 _maxwnd=219105 _cwnd=219105
Initialize per-instance NSCC parameters: flowid 89 _base_rtt=11685600 _base_bdp=146070 _bdp=146070 _min_cwnd=4150 _maxwnd=219105 _cwnd=219105
Initialize per-instance NSCC parameters: flowid 90 _base_rtt=11685600 _base_bdp=146070 _bdp=146070 _min_cwnd=4150 _maxwnd=219105 _cwnd=219105
Initialize per-instance NSCC parameters: flowid 91 _base_rtt=11685600 _base_bdp=146070 _bdp=146070 _min_cwnd=4150 _maxwnd=219105 _cwnd=219105
Initialize per-instance NSCC parameters: flowid 92 _base_rtt=11685600 _base_bdp=146070 _bdp=146070 _min_cwnd=4150 _maxwnd=219105 _cwnd=219105
Initialize per-instance NSCC parameters: flowid 93 _base_rtt=11685600 _base_bdp=146070 _bdp=146070 _min_cwnd=4150 _maxwnd=219105 _cwnd=219105
Initialize per-instance NSCC parameters: flowid 94 _base_rtt=11685600 _base_bdp=146070 _bdp=146070 _min_cwnd=4150 _maxwnd=219105 _cwnd=219105
Initialize per-instance NSCC parameters: flowid 95 _base_rtt=11685600 _base_bdp=146070 _bdp=146070 _min_cwnd=4150 _maxwnd=219105 _cwnd=219105
Initialize per-instance NSCC parameters: flowid 96 _base_rtt=11685600 _base_bdp=146070 _bdp=146070 _min_cwnd=4150 _maxwnd=219105 _cwnd=219105
Initialize per-instance NSCC parameters: flowid 97 _base_rtt=11685600 _base_bdp=146070 _bdp=146070 _min_cwnd=4150 _maxwnd=219105 _cwnd=219105
Initialize per-instance NSCC parameters: flowid 98 _base_rtt=11685600 _base_bdp=146070 _bdp=146070 _min_cwnd=4150 _maxwnd=219105 _cwnd=219105
Initialize per-instance NSCC parameters: flowid 99 _base_rtt=11685600 _base_bdp=146070 _bdp=146070 _min_cwnd=4150 _maxwnd=219105 _cwnd=219105
Initialize per-instance NSCC parameters: flowid 100 _base_rtt=11685600 _base_bdp=146070 _bdp=146070 _min_cwnd=4150 _maxwnd=219105 _cwnd=219105
Initialize per-instance NSCC parameters: flowid 101 _base_rtt=11685600 _base_bdp=146070 _bdp=146070 _min_cwnd=4150 _maxwnd=219105 _cwnd=219105
Initialize per-instance NSCC parameters: flowid 102 _base_rtt=11685600 _base_bdp=146070 _bdp=146070 _min_cwnd=4150 _maxwnd=219105 _cwnd=219105
Initialize per-instance NSCC parameters: flowid 103 _base_rtt=11685600 _base_bdp=146070 _bdp=146070 _min_cwnd=4150 _maxwnd=219105 _cwnd=219105
Initialize per-instance NSCC parameters: flowid 104 _base_rtt=11685600 _base_bdp=146070 _bdp=146070 _min_cwnd=4150 _maxwnd=219105 _cwnd=219105
Initialize per-instance NSCC parameters: flowid 105 _base_rtt=11685600 _base_bdp=146070 _bdp=146070 _min_cwnd=4150 _maxwnd=219105 _cwnd=219105
Initialize per-instance NSCC parameters: flowid 106 _base_rtt=11685600 _base_bdp=146070 _bdp=146070 _min_cwnd=4150 _maxwnd=219105 _cwnd=219105
Initialize per-instance NSCC parameters: flowid 107 _base_rtt=11685600 _base_bdp=146070 _bdp=146070 _min_cwnd=4150 _maxwnd=219105 _cwnd=219105
Initialize per-instance NSCC parameters: flowid 108 _base_rtt=11685600 _base_bdp=146070 _bdp=146070 _min_cwnd=4150 _maxwnd=219105 _cwnd=219105
Initialize per-instance NSCC parameters: flowid 109 _base_rtt=11685600 _base_bdp=146070 _bdp=146070 _min_cwnd=4150 _maxwnd=219105 _cwnd=219105
Initialize per-instance NSCC parameters: flowid 110 _base_rtt=11685600 _base_bdp=146070 _bdp=146070 _min_cwnd=4150 _maxwnd=219105 _cwnd=219105
Initialize per-instance NSCC parameters: flowid 111 _base_rtt=11685600 _base_bdp=146070 _bdp=146070 _min_cwnd=4150 _maxwnd=219105 _cwnd=219105
Initialize per-instance NSCC parameters: flowid 112 _base_rtt=11685600 _base_bdp=146070 _bdp=146070 _min_cwnd=4150 _maxwnd=219105 _cwnd=219105
Initialize per-instance NSCC parameters: flowid 113 _base_rtt=11685600 _base_bdp=146070 _bdp=146070 _min_cwnd=4150 _maxwnd=219105 _cwnd=219105
Initialize per-instance NSCC parameters: flowid 114 _base_rtt=11685600 _base_bdp=146070 _bdp=146070 _min_cwnd=4150 _maxwnd=219105 _cwnd=219105
Initialize per-instance NSCC parameters: flowid 115 _base_rtt=11685600 _base_bdp=146070 _bdp=146070 _min_cwnd=4150 _maxwnd=219105 _cwnd=219105
Initialize per-instance NSCC parameters: flowid 116 _base_rtt=11685600 _base_bdp=146070 _bdp=146070 _min_cwnd=4150 _maxwnd=219105 _cwnd=219105
Initialize per-instance NSCC parameters: flowid 117 _base_rtt=11685600 _base_bdp=146070 _bdp=146070 _min_cwnd=4150 _maxwnd=219105 _cwnd=219105
Initialize per-instance NSCC parameters: flowid 118 _base_rtt=11685600 _base_bdp=146070 _bdp=146070 _min_cwnd=4150 _maxwnd=219105 _cwnd=219105
Initialize per-instance NSCC parameters: flowid 119 _base_rtt=11685600 _base_bdp=146070 _bdp=146070 _min_cwnd=4150 _maxwnd=219105 _cwnd=219105
Initialize per-instance NSCC parameters: flowid 120 _base_rtt=11685600 _base_bdp=146070 _bdp=146070 _min_cwnd=4150 _maxwnd=219105 _cwnd=219105
Initialize per-instance NSCC parameters: flowid 121 _base_rtt=11685600 _base_bdp=146070 _bdp=146070 _min_cwnd=4150 _maxwnd=219105 _cwnd=219105
Initialize per-instance NSCC parameters: flowid 122 _base_rtt=11685600 _base_bdp=146070 _bdp=146070 _min_cwnd=4150 _maxwnd=219105 _cwnd=219105
Initialize per-instance NSCC parameters: flowid 123 _base_rtt=11685600 _base_bdp=146070 _bdp=146070 _min_cwnd=4150 _maxwnd=219105 _cwnd=219105
Initialize per-instance NSCC parameters: flowid 124 _base_rtt=11685600 _base_bdp=146070 _bdp=146070 _min_cwnd=4150 _maxwnd=219105 _cwnd=219105
Initialize per-instance NSCC parameters: flowid 125 _base_rtt=11685600 _base_bdp=146070 _bdp=146070 _min_cwnd=4150 _maxwnd=219105 _cwnd=219105
Initialize per-instance NSCC parameters: flowid 126 _base_rtt=11685600 _base_bdp=146070 _bdp=146070 _min_cwnd=4150 _maxwnd=219105 _cwnd=219105
Initialize per-instance NSCC parameters: flowid 127 _base_rtt=11685600 _base_bdp=146070 _bdp=146070 _min_cwnd=4150 _maxwnd=219105 _cwnd=219105
Initialize per-instance NSCC parameters: flowid 128 _base_rtt=11685600 _base_bdp=146070 _bdp=146070 _min_cwnd=4150 _maxwnd=219105 _cwnd=219105
Initialize per-instance NSCC parameters: flowid 129 _base_rtt=11685600 _base_bdp=146070 _bdp=146070 _min_cwnd=4150 _maxwnd=219105 _cwnd=219105
Initialize per-instance NSCC parameters: flowid 130 _base_rtt=11685600 _base_bdp=146070 _bdp=146070 _min_cwnd=4150 _maxwnd=219105 _cwnd=219105
Initialize per-instance NSCC parameters: flowid 131 _base_rtt=11685600 _base_bdp=146070 _bdp=146070 _min_cwnd=4150 _maxwnd=219105 _cwnd=219105
Initialize per-instance NSCC parameters: flowid 132 _base_rtt=11685600 _base_bdp=146070 _bdp=146070 _min_cwnd=4150 _maxwnd=219105 _cwnd=219105
Initialize per-instance NSCC parameters: flowid 133 _base_rtt=11685600 _base_bdp=146070 _bdp=146070 _min_cwnd=4150 _maxwnd=219105 _cwnd=219105
Initialize per-instance NSCC parameters: flowid 134 _base_rtt=11685600 _base_bdp=146070 _bdp=146070 _min_cwnd=4150 _maxwnd=219105 _cwnd=219105
Initialize per-instance NSCC parameters: flowid 135 _base_rtt=11685600 _base_bdp=146070 _bdp=146070 _min_cwnd=4150 _maxwnd=219105 _cwnd=219105
Initialize per-instance NSCC parameters: flowid 136 _base_rtt=11685600 _base_bdp=146070 _bdp=146070 _min_cwnd=4150 _maxwnd=219105 _cwnd=219105
Initialize per-instance NSCC parameters: flowid 137 _base_rtt=11685600 _base_bdp=146070 _bdp=146070 _min_cwnd=4150 _maxwnd=219105 _cwnd=219105
Initialize per-instance NSCC parameters: flowid 138 _base_rtt=11685600 _base_bdp=146070 _bdp=146070 _min_cwnd=4150 _maxwnd=219105 _cwnd=219105
Initialize per-instance NSCC parameters: flowid 139 _base_rtt=11685600 _base_bdp=146070 _bdp=146070 _min_cwnd=4150 _maxwnd=219105 _cwnd=219105
Initialize per-instance NSCC parameters: flowid 140 _base_rtt=11685600 _base_bdp=146070 _bdp=146070 _min_cwnd=4150 _maxwnd=219105 _cwnd=219105
Initialize per-instance NSCC parameters: flowid 141 _base_rtt=11685600 _base_bdp=146070 _bdp=146070 _min_cwnd=4150 _maxwnd=219105 _cwnd=219105
Initialize per-instance NSCC parameters: flowid 142 _base_rtt=11685600 _base_bdp=146070 _bdp=146070 _min_cwnd=4150 _maxwnd=219105 _cwnd=219105
Initialize per-instance NSCC parameters: flowid 143 _base_rtt=11685600 _base_bdp=146070 _bdp=146070 _min_cwnd=4150 _maxwnd=219105 _cwnd=219105
Initialize per-instance NSCC parameters: flowid 144 _base_rtt=11685600 _base_bdp=146070 _bdp=146070 _min_cwnd=4150 _maxwnd=219105 _cwnd=219105
Initialize per-instance NSCC parameters: flowid 145 _base_rtt=11685600 _base_bdp=146070 _bdp=146070 _min_cwnd=4150 _maxwnd=219105 _cwnd=219105
Initialize per-instance NSCC parameters: flowid 146 _base_rtt=11685600 _base_bdp=146070 _bdp=146070 _min_cwnd=4150 _maxwnd=219105 _cwnd=219105
Initialize per-instance NSCC parameters: flowid 147 _base_rtt=11685600 _base_bdp=146070 _bdp=146070 _min_cwnd=4150 _maxwnd=219105 _cwnd=219105
Initialize per-instance NSCC parameters: flowid 148 _base_rtt=11685600 _base_bdp=146070 _bdp=146070 _min_cwnd=4150 _maxwnd=219105 _cwnd=219105
Initialize per-instance NSCC parameters: flowid 149 _base_rtt=11685600 _base_bdp=146070 _bdp=146070 _min_cwnd=4150 _maxwnd=219105 _cwnd=219105
Initialize per-instance NSCC parameters: flowid 150 _base_rtt=11685600 _base_bdp=146070 _bdp=146070 _min_cwnd=4150 _maxwnd=219105 _cwnd=219105
Initialize per-instance NSCC parameters: flowid 151 _base_rtt=11685600 _base_bdp=146070 _bdp=146070 _min_cwnd=4150 _maxwnd=219105 _cwnd=219105
Initialize per-instance NSCC parameters: flowid 152 _base_rtt=11685600 _base_bdp=146070 _bdp=146070 _min_cwnd=4150 _maxwnd=219105 _cwnd=219105
Initialize per-instance NSCC parameters: flowid 153 _base_rtt=11685600 _base_bdp=146070 _bdp=146070 _min_cwnd=4150 _maxwnd=219105 _cwnd=219105
Initialize per-instance NSCC parameters: flowid 154 _base_rtt=11685600 _base_bdp=146070 _bdp=146070 _min_cwnd=4150 _maxwnd=219105 _cwnd=219105
Initialize per-instance NSCC parameters: flowid 155 _base_rtt=11685600 _base_bdp=146070 _bdp=146070 _min_cwnd=4150 _maxwnd=219105 _cwnd=219105
Initialize per-instance NSCC parameters: flowid 156 _base_rtt=11685600 _base_bdp=146070 _bdp=146070 _min_cwnd=4150 _maxwnd=219105 _cwnd=219105
Initialize per-instance NSCC parameters: flowid 157 _base_rtt=11685600 _base_bdp=146070 _bdp=146070 _min_cwnd=4150 _maxwnd=219105 _cwnd=219105
Initialize per-instance NSCC parameters: flowid 158 _base_rtt=11685600 _base_bdp=146070 _bdp=146070 _min_cwnd=4150 _maxwnd=219105 _cwnd=219105
Initialize per-instance NSCC parameters: flowid 159 _base_rtt=11685600 _base_bdp=146070 _bdp=146070 _min_cwnd=4150 _maxwnd=219105 _cwnd=219105
Initialize per-instance NSCC parameters: flowid 160 _base_rtt=11685600 _base_bdp=146070 _bdp=146070 _min_cwnd=4150 _maxwnd=219105 _cwnd=219105
Initialize per-instance NSCC parameters: flowid 161 _base_rtt=11685600 _base_bdp=146070 _bdp=146070 _min_cwnd=4150 _maxwnd=219105 _cwnd=219105
Initialize per-instance NSCC parameters: flowid 162 _base_rtt=11685600 _base_bdp=146070 _bdp=146070 _min_cwnd=4150 _maxwnd=219105 _cwnd=219105
Initialize per-instance NSCC parameters: flowid 163 _base_rtt=11685600 _base_bdp=146070 _bdp=146070 _min_cwnd=4150 _maxwnd=219105 _cwnd=219105
Initialize per-instance NSCC parameters: flowid 164 _base_rtt=11685600 _base_bdp=146070 _bdp=146070 _min_cwnd=4150 _maxwnd=219105 _cwnd=219105
Initialize per-instance NSCC parameters: flowid 165 _base_rtt=11685600 _base_bdp=146070 _bdp=146070 _min_cwnd=4150 _maxwnd=219105 _cwnd=219105
Initialize per-instance NSCC parameters: flowid 166 _base_rtt=11685600 _base_bdp=146070 _bdp=146070 _min_cwnd=4150 _maxwnd=219105 _cwnd=219105
Initialize per-instance NSCC parameters: flowid 167 _base_rtt=11685600 _base_bdp=146070 _bdp=146070 _min_cwnd=4150 _maxwnd=219105 _cwnd=219105
Initialize per-instance NSCC parameters: flowid 168 _base_rtt=11685600 _base_bdp=146070 _bdp=146070 _min_cwnd=4150 _maxwnd=219105 _cwnd=219105
Initialize per-instance NSCC parameters: flowid 169 _base_rtt=11685600 _base_bdp=146070 _bdp=146070 _min_cwnd=4150 _maxwnd=219105 _cwnd=219105
Initialize per-instance NSCC parameters: flowid 170 _base_rtt=11685600 _base_bdp=146070 _bdp=146070 _min_cwnd=4150 _maxwnd=219105 _cwnd=219105
Initialize per-instance NSCC parameters: flowid 171 _base_rtt=11685600 _base_bdp=146070 _bdp=146070 _min_cwnd=4150 _maxwnd=219105 _cwnd=219105
Initialize per-instance NSCC parameters: flowid 172 _base_rtt=11685600 _base_bdp=146070 _bdp=146070 _min_cwnd=4150 _maxwnd=219105 _cwnd=219105
Initialize per-instance NSCC parameters: flowid 173 _base_rtt=11685600 _base_bdp=146070 _bdp=146070 _min_cwnd=4150 _maxwnd=219105 _cwnd=219105
Initialize per-instance NSCC parameters: flowid 174 _base_rtt=11685600 _base_bdp=146070 _bdp=146070 _min_cwnd=4150 _maxwnd=219105 _cwnd=219105
Initialize per-instance NSCC parameters: flowid 175 _base_rtt=11685600 _base_bdp=146070 _bdp=146070 _min_cwnd=4150 _maxwnd=219105 _cwnd=219105
Initialize per-instance NSCC parameters: flowid 176 _base_rtt=11685600 _base_bdp=146070 _bdp=146070 _min_cwnd=4150 _maxwnd=219105 _cwnd=219105
Initialize per-instance NSCC parameters: flowid 177 _base_rtt=11685600 _base_bdp=146070 _bdp=146070 _min_cwnd=4150 _maxwnd=219105 _cwnd=219105
Initialize per-instance NSCC parameters: flowid 178 _base_rtt=11685600 _base_bdp=146070 _bdp=146070 _min_cwnd=4150 _maxwnd=219105 _cwnd=219105
Initialize per-instance NSCC parameters: flowid 179 _base_rtt=11685600 _base_bdp=146070 _bdp=146070 _min_cwnd=4150 _maxwnd=219105 _cwnd=219105
Initialize per-instance NSCC parameters: flowid 180 _base_rtt=11685600 _base_bdp=146070 _bdp=146070 _min_cwnd=4150 _maxwnd=219105 _cwnd=219105
Initialize per-instance NSCC parameters: flowid 181 _base_rtt=11685600 _base_bdp=146070 _bdp=146070 _min_cwnd=4150 _maxwnd=219105 _cwnd=219105
Initialize per-instance NSCC parameters: flowid 182 _base_rtt=11685600 _base_bdp=146070 _bdp=146070 _min_cwnd=4150 _maxwnd=219105 _cwnd=219105
Initialize per-instance NSCC parameters: flowid 183 _base_rtt=11685600 _base_bdp=146070 _bdp=146070 _min_cwnd=4150 _maxwnd=219105 _cwnd=219105
Initialize per-instance NSCC parameters: flowid 184 _base_rtt=11685600 _base_bdp=146070 _bdp=146070 _min_cwnd=4150 _maxwnd=219105 _cwnd=219105
Initialize per-instance NSCC parameters: flowid 185 _base_rtt=11685600 _base_bdp=146070 _bdp=146070 _min_cwnd=4150 _maxwnd=219105 _cwnd=219105
Initialize per-instance NSCC parameters: flowid 186 _base_rtt=11685600 _base_bdp=146070 _bdp=146070 _min_cwnd=4150 _maxwnd=219105 _cwnd=219105
Initialize per-instance NSCC parameters: flowid 187 _base_rtt=11685600 _base_bdp=146070 _bdp=146070 _min_cwnd=4150 _maxwnd=219105 _cwnd=219105
Initialize per-instance NSCC parameters: flowid 188 _base_rtt=11685600 _base_bdp=146070 _bdp=146070 _min_cwnd=4150 _maxwnd=219105 _cwnd=219105
Initialize per-instance NSCC parameters: flowid 189 _base_rtt=11685600 _base_bdp=146070 _bdp=146070 _min_cwnd=4150 _maxwnd=219105 _cwnd=219105
Initialize per-instance NSCC parameters: flowid 190 _base_rtt=11685600 _base_bdp=146070 _bdp=146070 _min_cwnd=4150 _maxwnd=219105 _cwnd=219105
Initialize per-instance NSCC parameters: flowid 191 _base_rtt=11685600 _base_bdp=146070 _bdp=146070 _min_cwnd=4150 _maxwnd=219105 _cwnd=219105
Initialize per-instance NSCC parameters: flowid 192 _base_rtt=11685600 _base_bdp=146070 _bdp=146070 _min_cwnd=4150 _maxwnd=219105 _cwnd=219105
Initialize per-instance NSCC parameters: flowid 193 _base_rtt=11685600 _base_bdp=146070 _bdp=146070 _min_cwnd=4150 _maxwnd=219105 _cwnd=219105
Initialize per-instance NSCC parameters: flowid 194 _base_rtt=11685600 _base_bdp=146070 _bdp=146070 _min_cwnd=4150 _maxwnd=219105 _cwnd=219105
Initialize per-instance NSCC parameters: flowid 195 _base_rtt=11685600 _base_bdp=146070 _bdp=146070 _min_cwnd=4150 _maxwnd=219105 _cwnd=219105
Initialize per-instance NSCC parameters: flowid 196 _base_rtt=11685600 _base_bdp=146070 _bdp=146070 _min_cwnd=4150 _maxwnd=219105 _cwnd=219105
Initialize per-instance NSCC parameters: flowid 197 _base_rtt=11685600 _base_bdp=146070 _bdp=146070 _min_cwnd=4150 _maxwnd=219105 _cwnd=219105
Initialize per-instance NSCC parameters: flowid 198 _base_rtt=11685600 _base_bdp=146070 _bdp=146070 _min_cwnd=4150 _maxwnd=219105 _cwnd=219105
Initialize per-instance NSCC parameters: flowid 199 _base_rtt=11685600 _base_bdp=146070 _bdp=146070 _min_cwnd=4150 _maxwnd=219105 _cwnd=219105
Initialize per-instance NSCC parameters: flowid 200 _base_rtt=11685600 _base_bdp=146070 _bdp=146070 _min_cwnd=4150 _maxwnd=219105 _cwnd=219105
Initialize per-instance NSCC parameters: flowid 201 _base_rtt=11685600 _base_bdp=146070 _bdp=146070 _min_cwnd=4150 _maxwnd=219105 _cwnd=219105
Initialize per-instance NSCC parameters: flowid 202 _base_rtt=11685600 _base_bdp=146070 _bdp=146070 _min_cwnd=4150 _maxwnd=219105 _cwnd=219105
Initialize per-instance NSCC parameters: flowid 203 _base_rtt=11685600 _base_bdp=146070 _bdp=146070 _min_cwnd=4150 _maxwnd=219105 _cwnd=219105
Initialize per-instance NSCC parameters: flowid 204 _base_rtt=11685600 _base_bdp=146070 _bdp=146070 _min_cwnd=4150 _maxwnd=219105 _cwnd=219105
Initialize per-instance NSCC parameters: flowid 205 _base_rtt=11685600 _base_bdp=146070 _bdp=146070 _min_cwnd=4150 _maxwnd=219105 _cwnd=219105
Initialize per-instance NSCC parameters: flowid 206 _base_rtt=11685600 _base_bdp=146070 _bdp=146070 _min_cwnd=4150 _maxwnd=219105 _cwnd=219105
Initialize per-instance NSCC parameters: flowid 207 _base_rtt=11685600 _base_bdp=146070 _bdp=146070 _min_cwnd=4150 _maxwnd=219105 _cwnd=219105
Initialize per-instance NSCC parameters: flowid 208 _base_rtt=11685600 _base_bdp=146070 _bdp=146070 _min_cwnd=4150 _maxwnd=219105 _cwnd=219105
Initialize per-instance NSCC parameters: flowid 209 _base_rtt=11685600 _base_bdp=146070 _bdp=146070 _min_cwnd=4150 _maxwnd=219105 _cwnd=219105
Initialize per-instance NSCC parameters: flowid 210 _base_rtt=11685600 _base_bdp=146070 _bdp=146070 _min_cwnd=4150 _maxwnd=219105 _cwnd=219105
Initialize per-instance NSCC parameters: flowid 211 _base_rtt=11685600 _base_bdp=146070 _bdp=146070 _min_cwnd=4150 _maxwnd=219105 _cwnd=219105
Initialize per-instance NSCC parameters: flowid 212 _base_rtt=11685600 _base_bdp=146070 _bdp=146070 _min_cwnd=4150 _maxwnd=219105 _cwnd=219105
Initialize per-instance NSCC parameters: flowid 213 _base_rtt=11685600 _base_bdp=146070 _bdp=146070 _min_cwnd=4150 _maxwnd=219105 _cwnd=219105
Initialize per-instance NSCC parameters: flowid 214 _base_rtt=11685600 _base_bdp=146070 _bdp=146070 _min_cwnd=4150 _maxwnd=219105 _cwnd=219105
Initialize per-instance NSCC parameters: flowid 215 _base_rtt=11685600 _base_bdp=146070 _bdp=146070 _min_cwnd=4150 _maxwnd=219105 _cwnd=219105
Initialize per-instance NSCC parameters: flowid 216 _base_rtt=11685600 _base_bdp=146070 _bdp=146070 _min_cwnd=4150 _maxwnd=219105 _cwnd=219105
Initialize per-instance NSCC parameters: flowid 217 _base_rtt=11685600 _base_bdp=146070 _bdp=146070 _min_cwnd=4150 _maxwnd=219105 _cwnd=219105
Initialize per-instance NSCC parameters: flowid 218 _base_rtt=11685600 _base_bdp=146070 _bdp=146070 _min_cwnd=4150 _maxwnd=219105 _cwnd=219105
Initialize per-instance NSCC parameters: flowid 219 _base_rtt=11685600 _base_bdp=146070 _bdp=146070 _min_cwnd=4150 _maxwnd=219105 _cwnd=219105
Initialize per-instance NSCC parameters: flowid 220 _base_rtt=11685600 _base_bdp=146070 _bdp=146070 _min_cwnd=4150 _maxwnd=219105 _cwnd=219105
Initialize per-instance NSCC parameters: flowid 221 _base_rtt=11685600 _base_bdp=146070 _bdp=146070 _min_cwnd=4150 _maxwnd=219105 _cwnd=219105
Initialize per-instance NSCC parameters: flowid 222 _base_rtt=11685600 _base_bdp=146070 _bdp=146070 _min_cwnd=4150 _maxwnd=219105 _cwnd=219105
Initialize per-instance NSCC parameters: flowid 223 _base_rtt=11685600 _base_bdp=146070 _bdp=146070 _min_cwnd=4150 _maxwnd=219105 _cwnd=219105
Initialize per-instance NSCC parameters: flowid 224 _base_rtt=11685600 _base_bdp=146070 _bdp=146070 _min_cwnd=4150 _maxwnd=219105 _cwnd=219105
Initialize per-instance NSCC parameters: flowid 225 _base_rtt=11685600 _base_bdp=146070 _bdp=146070 _min_cwnd=4150 _maxwnd=219105 _cwnd=219105
Initialize per-instance NSCC parameters: flowid 226 _base_rtt=11685600 _base_bdp=146070 _bdp=146070 _min_cwnd=4150 _maxwnd=219105 _cwnd=219105
Initialize per-instance NSCC parameters: flowid 227 _base_rtt=11685600 _base_bdp=146070 _bdp=146070 _min_cwnd=4150 _maxwnd=219105 _cwnd=219105
Initialize per-instance NSCC parameters: flowid 228 _base_rtt=11685600 _base_bdp=146070 _bdp=146070 _min_cwnd=4150 _maxwnd=219105 _cwnd=219105
Initialize per-instance NSCC parameters: flowid 229 _base_rtt=11685600 _base_bdp=146070 _bdp=146070 _min_cwnd=4150 _maxwnd=219105 _cwnd=219105
Initialize per-instance NSCC parameters: flowid 230 _base_rtt=11685600 _base_bdp=146070 _bdp=146070 _min_cwnd=4150 _maxwnd=219105 _cwnd=219105
Initialize per-instance NSCC parameters: flowid 231 _base_rtt=11685600 _base_bdp=146070 _bdp=146070 _min_cwnd=4150 _maxwnd=219105 _cwnd=219105
Initialize per-instance NSCC parameters: flowid 232 _base_rtt=11685600 _base_bdp=146070 _bdp=146070 _min_cwnd=4150 _maxwnd=219105 _cwnd=219105
Initialize per-instance NSCC parameters: flowid 233 _base_rtt=11685600 _base_bdp=146070 _bdp=146070 _min_cwnd=4150 _maxwnd=219105 _cwnd=219105
Initialize per-instance NSCC parameters: flowid 234 _base_rtt=11685600 _base_bdp=146070 _bdp=146070 _min_cwnd=4150 _maxwnd=219105 _cwnd=219105
Initialize per-instance NSCC parameters: flowid 235 _base_rtt=11685600 _base_bdp=146070 _bdp=146070 _min_cwnd=4150 _maxwnd=219105 _cwnd=219105
Initialize per-instance NSCC parameters: flowid 236 _base_rtt=11685600 _base_bdp=146070 _bdp=146070 _min_cwnd=4150 _maxwnd=219105 _cwnd=219105
Initialize per-instance NSCC parameters: flowid 237 _base_rtt=11685600 _base_bdp=146070 _bdp=146070 _min_cwnd=4150 _maxwnd=219105 _cwnd=219105
Initialize per-instance NSCC parameters: flowid 238 _base_rtt=11685600 _base_bdp=146070 _bdp=146070 _min_cwnd=4150 _maxwnd=219105 _cwnd=219105
Initialize per-instance NSCC parameters: flowid 239 _base_rtt=11685600 _base_bdp=146070 _bdp=146070 _min_cwnd=4150 _maxwnd=219105 _cwnd=219105
Initialize per-instance NSCC parameters: flowid 240 _base_rtt=11685600 _base_bdp=146070 _bdp=146070 _min_cwnd=4150 _maxwnd=219105 _cwnd=219105
Initialize per-instance NSCC parameters: flowid 241 _base_rtt=11685600 _base_bdp=146070 _bdp=146070 _min_cwnd=4150 _maxwnd=219105 _cwnd=219105
Initialize per-instance NSCC parameters: flowid 242 _base_rtt=11685600 _base_bdp=146070 _bdp=146070 _min_cwnd=4150 _maxwnd=219105 _cwnd=219105
Initialize per-instance NSCC parameters: flowid 243 _base_rtt=11685600 _base_bdp=146070 _bdp=146070 _min_cwnd=4150 _maxwnd=219105 _cwnd=219105
Initialize per-instance NSCC parameters: flowid 244 _base_rtt=11685600 _base_bdp=146070 _bdp=146070 _min_cwnd=4150 _maxwnd=219105 _cwnd=219105
Initialize per-instance NSCC parameters: flowid 245 _base_rtt=11685600 _base_bdp=146070 _bdp=146070 _min_cwnd=4150 _maxwnd=219105 _cwnd=219105
Initialize per-instance NSCC parameters: flowid 246 _base_rtt=11685600 _base_bdp=146070 _bdp=146070 _min_cwnd=4150 _maxwnd=219105 _cwnd=219105
Initialize per-instance NSCC parameters: flowid 247 _base_rtt=11685600 _base_bdp=146070 _bdp=146070 _min_cwnd=4150 _maxwnd=219105 _cwnd=219105
Initialize per-instance NSCC parameters: flowid 248 _base_rtt=11685600 _base_bdp=146070 _bdp=146070 _min_cwnd=4150 _maxwnd=219105 _cwnd=219105
Initialize per-instance NSCC parameters: flowid 249 _base_rtt=11685600 _base_bdp=146070 _bdp=146070 _min_cwnd=4150 _maxwnd=219105 _cwnd=219105
Initialize per-instance NSCC parameters: flowid 250 _base_rtt=11685600 _base_bdp=146070 _bdp=146070 _min_cwnd=4150 _maxwnd=219105 _cwnd=219105
Initialize per-instance NSCC parameters: flowid 251 _base_rtt=11685600 _base_bdp=146070 _bdp=146070 _min_cwnd=4150 _maxwnd=219105 _cwnd=219105
Initialize per-instance NSCC parameters: flowid 252 _base_rtt=11685600 _base_bdp=146070 _bdp=146070 _min_cwnd=4150 _maxwnd=219105 _cwnd=219105
Initialize per-instance NSCC parameters: flowid 253 _base_rtt=11685600 _base_bdp=146070 _bdp=146070 _min_cwnd=4150 _maxwnd=219105 _cwnd=219105
Initialize per-instance NSCC parameters: flowid 254 _base_rtt=11685600 _base_bdp=146070 _bdp=146070 _min_cwnd=4150 _maxwnd=219105 _cwnd=219105
Initialize per-instance NSCC parameters: flowid 255 _base_rtt=11685600 _base_bdp=146070 _bdp=146070 _min_cwnd=4150 _maxwnd=219105 _cwnd=219105
Initialize per-instance NSCC parameters: flowid 256 _base_rtt=11685600 _base_bdp=146070 _bdp=146070 _min_cwnd=4150 _maxwnd=219105 _cwnd=219105
Initialize per-instance NSCC parameters: flowid 257 _base_rtt=11685600 _base_bdp=146070 _bdp=146070 _min_cwnd=4150 _maxwnd=219105 _cwnd=219105
Initialize per-instance NSCC parameters: flowid 258 _base_rtt=11685600 _base_bdp=146070 _bdp=146070 _min_cwnd=4150 _maxwnd=219105 _cwnd=219105
Initialize per-instance NSCC parameters: flowid 259 _base_rtt=11685600 _base_bdp=146070 _bdp=146070 _min_cwnd=4150 _maxwnd=219105 _cwnd=219105
Initialize per-instance NSCC parameters: flowid 260 _base_rtt=11685600 _base_bdp=146070 _bdp=146070 _min_cwnd=4150 _maxwnd=219105 _cwnd=219105
Initialize per-instance NSCC parameters: flowid 261 _base_rtt=11685600 _base_bdp=146070 _bdp=146070 _min_cwnd=4150 _maxwnd=219105 _cwnd=219105
Initialize per-instance NSCC parameters: flowid 262 _base_rtt=11685600 _base_bdp=146070 _bdp=146070 _min_cwnd=4150 _maxwnd=219105 _cwnd=219105
Initialize per-instance NSCC parameters: flowid 263 _base_rtt=11685600 _base_bdp=146070 _bdp=146070 _min_cwnd=4150 _maxwnd=219105 _cwnd=219105
Initialize per-instance NSCC parameters: flowid 264 _base_rtt=11685600 _base_bdp=146070 _bdp=146070 _min_cwnd=4150 _maxwnd=219105 _cwnd=219105
Initialize per-instance NSCC parameters: flowid 265 _base_rtt=11685600 _base_bdp=146070 _bdp=146070 _min_cwnd=4150 _maxwnd=219105 _cwnd=219105
Initialize per-instance NSCC parameters: flowid 266 _base_rtt=11685600 _base_bdp=146070 _bdp=146070 _min_cwnd=4150 _maxwnd=219105 _cwnd=219105
Initialize per-instance NSCC parameters: flowid 267 _base_rtt=11685600 _base_bdp=146070 _bdp=146070 _min_cwnd=4150 _maxwnd=219105 _cwnd=219105
Initialize per-instance NSCC parameters: flowid 268 _base_rtt=11685600 _base_bdp=146070 _bdp=146070 _min_cwnd=4150 _maxwnd=219105 _cwnd=219105
Initialize per-instance NSCC parameters: flowid 269 _base_rtt=11685600 _base_bdp=146070 _bdp=146070 _min_cwnd=4150 _maxwnd=219105 _cwnd=219105
Initialize per-instance NSCC parameters: flowid 270 _base_rtt=11685600 _base_bdp=146070 _bdp=146070 _min_cwnd=4150 _maxwnd=219105 _cwnd=219105
Initialize per-instance NSCC parameters: flowid 271 _base_rtt=11685600 _base_bdp=146070 _bdp=146070 _min_cwnd=4150 _maxwnd=219105 _cwnd=219105
Initialize per-instance NSCC parameters: flowid 272 _base_rtt=11685600 _base_bdp=146070 _bdp=146070 _min_cwnd=4150 _maxwnd=219105 _cwnd=219105
Initialize per-instance NSCC parameters: flowid 273 _base_rtt=11685600 _base_bdp=146070 _bdp=146070 _min_cwnd=4150 _maxwnd=219105 _cwnd=219105
Initialize per-instance NSCC parameters: flowid 274 _base_rtt=11685600 _base_bdp=146070 _bdp=146070 _min_cwnd=4150 _maxwnd=219105 _cwnd=219105
Initialize per-instance NSCC parameters: flowid 275 _base_rtt=11685600 _base_bdp=146070 _bdp=146070 _min_cwnd=4150 _maxwnd=219105 _cwnd=219105
Initialize per-instance NSCC parameters: flowid 276 _base_rtt=11685600 _base_bdp=146070 _bdp=146070 _min_cwnd=4150 _maxwnd=219105 _cwnd=219105
Initialize per-instance NSCC parameters: flowid 277 _base_rtt=11685600 _base_bdp=146070 _bdp=146070 _min_cwnd=4150 _maxwnd=219105 _cwnd=219105
Initialize per-instance NSCC parameters: flowid 278 _base_rtt=11685600 _base_bdp=146070 _bdp=146070 _min_cwnd=4150 _maxwnd=219105 _cwnd=219105
Initialize per-instance NSCC parameters: flowid 279 _base_rtt=11685600 _base_bdp=146070 _bdp=146070 _min_cwnd=4150 _maxwnd=219105 _cwnd=219105
Initialize per-instance NSCC parameters: flowid 280 _base_rtt=11685600 _base_bdp=146070 _bdp=146070 _min_cwnd=4150 _maxwnd=219105 _cwnd=219105
Initialize per-instance NSCC parameters: flowid 281 _base_rtt=11685600 _base_bdp=146070 _bdp=146070 _min_cwnd=4150 _maxwnd=219105 _cwnd=219105
Initialize per-instance NSCC parameters: flowid 282 _base_rtt=11685600 _base_bdp=146070 _bdp=146070 _min_cwnd=4150 _maxwnd=219105 _cwnd=219105
Initialize per-instance NSCC parameters: flowid 283 _base_rtt=11685600 _base_bdp=146070 _bdp=146070 _min_cwnd=4150 _maxwnd=219105 _cwnd=219105
Initialize per-instance NSCC parameters: flowid 284 _base_rtt=11685600 _base_bdp=146070 _bdp=146070 _min_cwnd=4150 _maxwnd=219105 _cwnd=219105
Initialize per-instance NSCC parameters: flowid 285 _base_rtt=11685600 _base_bdp=146070 _bdp=146070 _min_cwnd=4150 _maxwnd=219105 _cwnd=219105
Initialize per-instance NSCC parameters: flowid 286 _base_rtt=11685600 _base_bdp=146070 _bdp=146070 _min_cwnd=4150 _maxwnd=219105 _cwnd=219105
Initialize per-instance NSCC parameters: flowid 287 _base_rtt=11685600 _base_bdp=146070 _bdp=146070 _min_cwnd=4150 _maxwnd=219105 _cwnd=219105
Initialize per-instance NSCC parameters: flowid 288 _base_rtt=11685600 _base_bdp=146070 _bdp=146070 _min_cwnd=4150 _maxwnd=219105 _cwnd=219105
Initialize per-instance NSCC parameters: flowid 289 _base_rtt=11685600 _base_bdp=146070 _bdp=146070 _min_cwnd=4150 _maxwnd=219105 _cwnd=219105
Initialize per-instance NSCC parameters: flowid 290 _base_rtt=11685600 _base_bdp=146070 _bdp=146070 _min_cwnd=4150 _maxwnd=219105 _cwnd=219105
Initialize per-instance NSCC parameters: flowid 291 _base_rtt=11685600 _base_bdp=146070 _bdp=146070 _min_cwnd=4150 _maxwnd=219105 _cwnd=219105
Initialize per-instance NSCC parameters: flowid 292 _base_rtt=11685600 _base_bdp=146070 _bdp=146070 _min_cwnd=4150 _maxwnd=219105 _cwnd=219105
Initialize per-instance NSCC parameters: flowid 293 _base_rtt=11685600 _base_bdp=146070 _bdp=146070 _min_cwnd=4150 _maxwnd=219105 _cwnd=219105
Initialize per-instance NSCC parameters: flowid 294 _base_rtt=11685600 _base_bdp=146070 _bdp=146070 _min_cwnd=4150 _maxwnd=219105 _cwnd=219105
Initialize per-instance NSCC parameters: flowid 295 _base_rtt=11685600 _base_bdp=146070 _bdp=146070 _min_cwnd=4150 _maxwnd=219105 _cwnd=219105
Initialize per-instance NSCC parameters: flowid 296 _base_rtt=11685600 _base_bdp=146070 _bdp=146070 _min_cwnd=4150 _maxwnd=219105 _cwnd=219105
Initialize per-instance NSCC parameters: flowid 297 _base_rtt=11685600 _base_bdp=146070 _bdp=146070 _min_cwnd=4150 _maxwnd=219105 _cwnd=219105
Initialize per-instance NSCC parameters: flowid 298 _base_rtt=11685600 _base_bdp=146070 _bdp=146070 _min_cwnd=4150 _maxwnd=219105 _cwnd=219105
Initialize per-instance NSCC parameters: flowid 299 _base_rtt=11685600 _base_bdp=146070 _bdp=146070 _min_cwnd=4150 _maxwnd=219105 _cwnd=219105
Initialize per-instance NSCC parameters: flowid 300 _base_rtt=11685600 _base_bdp=146070 _bdp=146070 _min_cwnd=4150 _maxwnd=219105 _cwnd=219105
Initialize per-instance NSCC parameters: flowid 301 _base_rtt=11685600 _base_bdp=146070 _bdp=146070 _min_cwnd=4150 _maxwnd=219105 _cwnd=219105
Initialize per-instance NSCC parameters: flowid 302 _base_rtt=11685600 _base_bdp=146070 _bdp=146070 _min_cwnd=4150 _maxwnd=219105 _cwnd=219105
Initialize per-instance NSCC parameters: flowid 303 _base_rtt=11685600 _base_bdp=146070 _bdp=146070 _min_cwnd=4150 _maxwnd=219105 _cwnd=219105
Initialize per-instance NSCC parameters: flowid 304 _base_rtt=11685600 _base_bdp=146070 _bdp=146070 _min_cwnd=4150 _maxwnd=219105 _cwnd=219105
Initialize per-instance NSCC parameters: flowid 305 _base_rtt=11685600 _base_bdp=146070 _bdp=146070 _min_cwnd=4150 _maxwnd=219105 _cwnd=219105
Initialize per-instance NSCC parameters: flowid 306 _base_rtt=11685600 _base_bdp=146070 _bdp=146070 _min_cwnd=4150 _maxwnd=219105 _cwnd=219105
Initialize per-instance NSCC parameters: flowid 307 _base_rtt=11685600 _base_bdp=146070 _bdp=146070 _min_cwnd=4150 _maxwnd=219105 _cwnd=219105
Initialize per-instance NSCC parameters: flowid 308 _base_rtt=11685600 _base_bdp=146070 _bdp=146070 _min_cwnd=4150 _maxwnd=219105 _cwnd=219105
Initialize per-instance NSCC parameters: flowid 309 _base_rtt=11685600 _base_bdp=146070 _bdp=146070 _min_cwnd=4150 _maxwnd=219105 _cwnd=219105
Initialize per-instance NSCC parameters: flowid 310 _base_rtt=11685600 _base_bdp=146070 _bdp=146070 _min_cwnd=4150 _maxwnd=219105 _cwnd=219105
Initialize per-instance NSCC parameters: flowid 311 _base_rtt=11685600 _base_bdp=146070 _bdp=146070 _min_cwnd=4150 _maxwnd=219105 _cwnd=219105
Initialize per-instance NSCC parameters: flowid 312 _base_rtt=11685600 _base_bdp=146070 _bdp=146070 _min_cwnd=4150 _maxwnd=219105 _cwnd=219105
Initialize per-instance NSCC parameters: flowid 313 _base_rtt=11685600 _base_bdp=146070 _bdp=146070 _min_cwnd=4150 _maxwnd=219105 _cwnd=219105
Initialize per-instance NSCC parameters: flowid 314 _base_rtt=11685600 _base_bdp=146070 _bdp=146070 _min_cwnd=4150 _maxwnd=219105 _cwnd=219105
Initialize per-instance NSCC parameters: flowid 315 _base_rtt=11685600 _base_bdp=146070 _bdp=146070 _min_cwnd=4150 _maxwnd=219105 _cwnd=219105
Initialize per-instance NSCC parameters: flowid 316 _base_rtt=11685600 _base_bdp=146070 _bdp=146070 _min_cwnd=4150 _maxwnd=219105 _cwnd=219105
Initialize per-instance NSCC parameters: flowid 317 _base_rtt=11685600 _base_bdp=146070 _bdp=146070 _min_cwnd=4150 _maxwnd=219105 _cwnd=219105
Initialize per-instance NSCC parameters: flowid 318 _base_rtt=11685600 _base_bdp=146070 _bdp=146070 _min_cwnd=4150 _maxwnd=219105 _cwnd=219105
Initialize per-instance NSCC parameters: flowid 319 _base_rtt=11685600 _base_bdp=146070 _bdp=146070 _min_cwnd=4150 _maxwnd=219105 _cwnd=219105
Initialize per-instance NSCC parameters: flowid 320 _base_rtt=11685600 _base_bdp=146070 _bdp=146070 _min_cwnd=4150 _maxwnd=219105 _cwnd=219105
Initialize per-instance NSCC parameters: flowid 321 _base_rtt=11685600 _base_bdp=146070 _bdp=146070 _min_cwnd=4150 _maxwnd=219105 _cwnd=219105
Initialize per-instance NSCC parameters: flowid 322 _base_rtt=11685600 _base_bdp=146070 _bdp=146070 _min_cwnd=4150 _maxwnd=219105 _cwnd=219105
Initialize per-instance NSCC parameters: flowid 323 _base_rtt=11685600 _base_bdp=146070 _bdp=146070 _min_cwnd=4150 _maxwnd=219105 _cwnd=219105
Initialize per-instance NSCC parameters: flowid 324 _base_rtt=11685600 _base_bdp=146070 _bdp=146070 _min_cwnd=4150 _maxwnd=219105 _cwnd=219105
Initialize per-instance NSCC parameters: flowid 325 _base_rtt=11685600 _base_bdp=146070 _bdp=146070 _min_cwnd=4150 _maxwnd=219105 _cwnd=219105
Initialize per-instance NSCC parameters: flowid 326 _base_rtt=11685600 _base_bdp=146070 _bdp=146070 _min_cwnd=4150 _maxwnd=219105 _cwnd=219105
Initialize per-instance NSCC parameters: flowid 327 _base_rtt=11685600 _base_bdp=146070 _bdp=146070 _min_cwnd=4150 _maxwnd=219105 _cwnd=219105
Initialize per-instance NSCC parameters: flowid 328 _base_rtt=11685600 _base_bdp=146070 _bdp=146070 _min_cwnd=4150 _maxwnd=219105 _cwnd=219105
Initialize per-instance NSCC parameters: flowid 329 _base_rtt=11685600 _base_bdp=146070 _bdp=146070 _min_cwnd=4150 _maxwnd=219105 _cwnd=219105
Initialize per-instance NSCC parameters: flowid 330 _base_rtt=11685600 _base_bdp=146070 _bdp=146070 _min_cwnd=4150 _maxwnd=219105 _cwnd=219105
Initialize per-instance NSCC parameters: flowid 331 _base_rtt=11685600 _base_bdp=146070 _bdp=146070 _min_cwnd=4150 _maxwnd=219105 _cwnd=219105
Initialize per-instance NSCC parameters: flowid 332 _base_rtt=11685600 _base_bdp=146070 _bdp=146070 _min_cwnd=4150 _maxwnd=219105 _cwnd=219105
Initialize per-instance NSCC parameters: flowid 333 _base_rtt=11685600 _base_bdp=146070 _bdp=146070 _min_cwnd=4150 _maxwnd=219105 _cwnd=219105
Initialize per-instance NSCC parameters: flowid 334 _base_rtt=11685600 _base_bdp=146070 _bdp=146070 _min_cwnd=4150 _maxwnd=219105 _cwnd=219105
Initialize per-instance NSCC parameters: flowid 335 _base_rtt=11685600 _base_bdp=146070 _bdp=146070 _min_cwnd=4150 _maxwnd=219105 _cwnd=219105
Initialize per-instance NSCC parameters: flowid 336 _base_rtt=11685600 _base_bdp=146070 _bdp=146070 _min_cwnd=4150 _maxwnd=219105 _cwnd=219105
Initialize per-instance NSCC parameters: flowid 337 _base_rtt=11685600 _base_bdp=146070 _bdp=146070 _min_cwnd=4150 _maxwnd=219105 _cwnd=219105
Initialize per-instance NSCC parameters: flowid 338 _base_rtt=11685600 _base_bdp=146070 _bdp=146070 _min_cwnd=4150 _maxwnd=219105 _cwnd=219105
Initialize per-instance NSCC parameters: flowid 339 _base_rtt=11685600 _base_bdp=146070 _bdp=146070 _min_cwnd=4150 _maxwnd=219105 _cwnd=219105
Initialize per-instance NSCC parameters: flowid 340 _base_rtt=11685600 _base_bdp=146070 _bdp=146070 _min_cwnd=4150 _maxwnd=219105 _cwnd=219105
Initialize per-instance NSCC parameters: flowid 341 _base_rtt=11685600 _base_bdp=146070 _bdp=146070 _min_cwnd=4150 _maxwnd=219105 _cwnd=219105
Initialize per-instance NSCC parameters: flowid 342 _base_rtt=11685600 _base_bdp=146070 _bdp=146070 _min_cwnd=4150 _maxwnd=219105 _cwnd=219105
Initialize per-instance NSCC parameters: flowid 343 _base_rtt=11685600 _base_bdp=146070 _bdp=146070 _min_cwnd=4150 _maxwnd=219105 _cwnd=219105
Initialize per-instance NSCC parameters: flowid 344 _base_rtt=11685600 _base_bdp=146070 _bdp=146070 _min_cwnd=4150 _maxwnd=219105 _cwnd=219105
Initialize per-instance NSCC parameters: flowid 345 _base_rtt=11685600 _base_bdp=146070 _bdp=146070 _min_cwnd=4150 _maxwnd=219105 _cwnd=219105
Initialize per-instance NSCC parameters: flowid 346 _base_rtt=11685600 _base_bdp=146070 _bdp=146070 _min_cwnd=4150 _maxwnd=219105 _cwnd=219105
Initialize per-instance NSCC parameters: flowid 347 _base_rtt=11685600 _base_bdp=146070 _bdp=146070 _min_cwnd=4150 _maxwnd=219105 _cwnd=219105
Initialize per-instance NSCC parameters: flowid 348 _base_rtt=11685600 _base_bdp=146070 _bdp=146070 _min_cwnd=4150 _maxwnd=219105 _cwnd=219105
Initialize per-instance NSCC parameters: flowid 349 _base_rtt=11685600 _base_bdp=146070 _bdp=146070 _min_cwnd=4150 _maxwnd=219105 _cwnd=219105
Initialize per-instance NSCC parameters: flowid 350 _base_rtt=11685600 _base_bdp=146070 _bdp=146070 _min_cwnd=4150 _maxwnd=219105 _cwnd=219105
Initialize per-instance NSCC parameters: flowid 351 _base_rtt=11685600 _base_bdp=146070 _bdp=146070 _min_cwnd=4150 _maxwnd=219105 _cwnd=219105
Initialize per-instance NSCC parameters: flowid 352 _base_rtt=11685600 _base_bdp=146070 _bdp=146070 _min_cwnd=4150 _maxwnd=219105 _cwnd=219105
Initialize per-instance NSCC parameters: flowid 353 _base_rtt=11685600 _base_bdp=146070 _bdp=146070 _min_cwnd=4150 _maxwnd=219105 _cwnd=219105
Initialize per-instance NSCC parameters: flowid 354 _base_rtt=11685600 _base_bdp=146070 _bdp=146070 _min_cwnd=4150 _maxwnd=219105 _cwnd=219105
Initialize per-instance NSCC parameters: flowid 355 _base_rtt=11685600 _base_bdp=146070 _bdp=146070 _min_cwnd=4150 _maxwnd=219105 _cwnd=219105
Initialize per-instance NSCC parameters: flowid 356 _base_rtt=11685600 _base_bdp=146070 _bdp=146070 _min_cwnd=4150 _maxwnd=219105 _cwnd=219105
Initialize per-instance NSCC parameters: flowid 357 _base_rtt=11685600 _base_bdp=146070 _bdp=146070 _min_cwnd=4150 _maxwnd=219105 _cwnd=219105
Initialize per-instance NSCC parameters: flowid 358 _base_rtt=11685600 _base_bdp=146070 _bdp=146070 _min_cwnd=4150 _maxwnd=219105 _cwnd=219105
Initialize per-instance NSCC parameters: flowid 359 _base_rtt=11685600 _base_bdp=146070 _bdp=146070 _min_cwnd=4150 _maxwnd=219105 _cwnd=219105
Initialize per-instance NSCC parameters: flowid 360 _base_rtt=11685600 _base_bdp=146070 _bdp=146070 _min_cwnd=4150 _maxwnd=219105 _cwnd=219105
Initialize per-instance NSCC parameters: flowid 361 _base_rtt=11685600 _base_bdp=146070 _bdp=146070 _min_cwnd=4150 _maxwnd=219105 _cwnd=219105
Initialize per-instance NSCC parameters: flowid 362 _base_rtt=11685600 _base_bdp=146070 _bdp=146070 _min_cwnd=4150 _maxwnd=219105 _cwnd=219105
Initialize per-instance NSCC parameters: flowid 363 _base_rtt=11685600 _base_bdp=146070 _bdp=146070 _min_cwnd=4150 _maxwnd=219105 _cwnd=219105
Initialize per-instance NSCC parameters: flowid 364 _base_rtt=11685600 _base_bdp=146070 _bdp=146070 _min_cwnd=4150 _maxwnd=219105 _cwnd=219105
Initialize per-instance NSCC parameters: flowid 365 _base_rtt=11685600 _base_bdp=146070 _bdp=146070 _min_cwnd=4150 _maxwnd=219105 _cwnd=219105
Initialize per-instance NSCC parameters: flowid 366 _base_rtt=11685600 _base_bdp=146070 _bdp=146070 _min_cwnd=4150 _maxwnd=219105 _cwnd=219105
Initialize per-instance NSCC parameters: flowid 367 _base_rtt=11685600 _base_bdp=146070 _bdp=146070 _min_cwnd=4150 _maxwnd=219105 _cwnd=219105
Initialize per-instance NSCC parameters: flowid 368 _base_rtt=11685600 _base_bdp=146070 _bdp=146070 _min_cwnd=4150 _maxwnd=219105 _cwnd=219105
Initialize per-instance NSCC parameters: flowid 369 _base_rtt=11685600 _base_bdp=146070 _bdp=146070 _min_cwnd=4150 _maxwnd=219105 _cwnd=219105
Initialize per-instance NSCC parameters: flowid 370 _base_rtt=11685600 _base_bdp=146070 _bdp=146070 _min_cwnd=4150 _maxwnd=219105 _cwnd=219105
Initialize per-instance NSCC parameters: flowid 371 _base_rtt=11685600 _base_bdp=146070 _bdp=146070 _min_cwnd=4150 _maxwnd=219105 _cwnd=219105
Initialize per-instance NSCC parameters: flowid 372 _base_rtt=11685600 _base_bdp=146070 _bdp=146070 _min_cwnd=4150 _maxwnd=219105 _cwnd=219105
Initialize per-instance NSCC parameters: flowid 373 _base_rtt=11685600 _base_bdp=146070 _bdp=146070 _min_cwnd=4150 _maxwnd=219105 _cwnd=219105
Initialize per-instance NSCC parameters: flowid 374 _base_rtt=11685600 _base_bdp=146070 _bdp=146070 _min_cwnd=4150 _maxwnd=219105 _cwnd=219105
Initialize per-instance NSCC parameters: flowid 375 _base_rtt=11685600 _base_bdp=146070 _bdp=146070 _min_cwnd=4150 _maxwnd=219105 _cwnd=219105
Initialize per-instance NSCC parameters: flowid 376 _base_rtt=11685600 _base_bdp=146070 _bdp=146070 _min_cwnd=4150 _maxwnd=219105 _cwnd=219105
Initialize per-instance NSCC parameters: flowid 377 _base_rtt=11685600 _base_bdp=146070 _bdp=146070 _min_cwnd=4150 _maxwnd=219105 _cwnd=219105
Initialize per-instance NSCC parameters: flowid 378 _base_rtt=11685600 _base_bdp=146070 _bdp=146070 _min_cwnd=4150 _maxwnd=219105 _cwnd=219105
Initialize per-instance NSCC parameters: flowid 379 _base_rtt=11685600 _base_bdp=146070 _bdp=146070 _min_cwnd=4150 _maxwnd=219105 _cwnd=219105
Initialize per-instance NSCC parameters: flowid 380 _base_rtt=11685600 _base_bdp=146070 _bdp=146070 _min_cwnd=4150 _maxwnd=219105 _cwnd=219105
Initialize per-instance NSCC parameters: flowid 381 _base_rtt=11685600 _base_bdp=146070 _bdp=146070 _min_cwnd=4150 _maxwnd=219105 _cwnd=219105
Initialize per-instance NSCC parameters: flowid 382 _base_rtt=11685600 _base_bdp=146070 _bdp=146070 _min_cwnd=4150 _maxwnd=219105 _cwnd=219105
Initialize per-instance NSCC parameters: flowid 383 _base_rtt=11685600 _base_bdp=146070 _bdp=146070 _min_cwnd=4150 _maxwnd=219105 _cwnd=219105
Initialize per-instance NSCC parameters: flowid 384 _base_rtt=11685600 _base_bdp=146070 _bdp=146070 _min_cwnd=4150 _maxwnd=219105 _cwnd=219105
Initialize per-instance NSCC parameters: flowid 385 _base_rtt=11685600 _base_bdp=146070 _bdp=146070 _min_cwnd=4150 _maxwnd=219105 _cwnd=219105
Initialize per-instance NSCC parameters: flowid 386 _base_rtt=11685600 _base_bdp=146070 _bdp=146070 _min_cwnd=4150 _maxwnd=219105 _cwnd=219105
Initialize per-instance NSCC parameters: flowid 387 _base_rtt=11685600 _base_bdp=146070 _bdp=146070 _min_cwnd=4150 _maxwnd=219105 _cwnd=219105
Initialize per-instance NSCC parameters: flowid 388 _base_rtt=11685600 _base_bdp=146070 _bdp=146070 _min_cwnd=4150 _maxwnd=219105 _cwnd=219105
Initialize per-instance NSCC parameters: flowid 389 _base_rtt=11685600 _base_bdp=146070 _bdp=146070 _min_cwnd=4150 _maxwnd=219105 _cwnd=219105
Initialize per-instance NSCC parameters: flowid 390 _base_rtt=11685600 _base_bdp=146070 _bdp=146070 _min_cwnd=4150 _maxwnd=219105 _cwnd=219105
Initialize per-instance NSCC parameters: flowid 391 _base_rtt=11685600 _base_bdp=146070 _bdp=146070 _min_cwnd=4150 _maxwnd=219105 _cwnd=219105
Initialize per-instance NSCC parameters: flowid 392 _base_rtt=11685600 _base_bdp=146070 _bdp=146070 _min_cwnd=4150 _maxwnd=219105 _cwnd=219105
Initialize per-instance NSCC parameters: flowid 393 _base_rtt=11685600 _base_bdp=146070 _bdp=146070 _min_cwnd=4150 _maxwnd=219105 _cwnd=219105
Initialize per-instance NSCC parameters: flowid 394 _base_rtt=11685600 _base_bdp=146070 _bdp=146070 _min_cwnd=4150 _maxwnd=219105 _cwnd=219105
Initialize per-instance NSCC parameters: flowid 395 _base_rtt=11685600 _base_bdp=146070 _bdp=146070 _min_cwnd=4150 _maxwnd=219105 _cwnd=219105
Initialize per-instance NSCC parameters: flowid 396 _base_rtt=11685600 _base_bdp=146070 _bdp=146070 _min_cwnd=4150 _maxwnd=219105 _cwnd=219105
Initialize per-instance NSCC parameters: flowid 397 _base_rtt=11685600 _base_bdp=146070 _bdp=146070 _min_cwnd=4150 _maxwnd=219105 _cwnd=219105
Initialize per-instance NSCC parameters: flowid 398 _base_rtt=11685600 _base_bdp=146070 _bdp=146070 _min_cwnd=4150 _maxwnd=219105 _cwnd=219105
Initialize per-instance NSCC parameters: flowid 399 _base_rtt=11685600 _base_bdp=146070 _bdp=146070 _min_cwnd=4150 _maxwnd=219105 _cwnd=219105
Initialize per-instance NSCC parameters: flowid 400 _base_rtt=11685600 _base_bdp=146070 _bdp=146070 _min_cwnd=4150 _maxwnd=219105 _cwnd=219105
Initialize per-instance NSCC parameters: flowid 401 _base_rtt=11685600 _base_bdp=146070 _bdp=146070 _min_cwnd=4150 _maxwnd=219105 _cwnd=219105
Initialize per-instance NSCC parameters: flowid 402 _base_rtt=11685600 _base_bdp=146070 _bdp=146070 _min_cwnd=4150 _maxwnd=219105 _cwnd=219105
Initialize per-instance NSCC parameters: flowid 403 _base_rtt=11685600 _base_bdp=146070 _bdp=146070 _min_cwnd=4150 _maxwnd=219105 _cwnd=219105
Initialize per-instance NSCC parameters: flowid 404 _base_rtt=11685600 _base_bdp=146070 _bdp=146070 _min_cwnd=4150 _maxwnd=219105 _cwnd=219105
Initialize per-instance NSCC parameters: flowid 405 _base_rtt=11685600 _base_bdp=146070 _bdp=146070 _min_cwnd=4150 _maxwnd=219105 _cwnd=219105
Initialize per-instance NSCC parameters: flowid 406 _base_rtt=11685600 _base_bdp=146070 _bdp=146070 _min_cwnd=4150 _maxwnd=219105 _cwnd=219105
Initialize per-instance NSCC parameters: flowid 407 _base_rtt=11685600 _base_bdp=146070 _bdp=146070 _min_cwnd=4150 _maxwnd=219105 _cwnd=219105
Initialize per-instance NSCC parameters: flowid 408 _base_rtt=11685600 _base_bdp=146070 _bdp=146070 _min_cwnd=4150 _maxwnd=219105 _cwnd=219105
Initialize per-instance NSCC parameters: flowid 409 _base_rtt=11685600 _base_bdp=146070 _bdp=146070 _min_cwnd=4150 _maxwnd=219105 _cwnd=219105
Initialize per-instance NSCC parameters: flowid 410 _base_rtt=11685600 _base_bdp=146070 _bdp=146070 _min_cwnd=4150 _maxwnd=219105 _cwnd=219105
Initialize per-instance NSCC parameters: flowid 411 _base_rtt=11685600 _base_bdp=146070 _bdp=146070 _min_cwnd=4150 _maxwnd=219105 _cwnd=219105
Initialize per-instance NSCC parameters: flowid 412 _base_rtt=11685600 _base_bdp=146070 _bdp=146070 _min_cwnd=4150 _maxwnd=219105 _cwnd=219105
Initialize per-instance NSCC parameters: flowid 413 _base_rtt=11685600 _base_bdp=146070 _bdp=146070 _min_cwnd=4150 _maxwnd=219105 _cwnd=219105
Initialize per-instance NSCC parameters: flowid 414 _base_rtt=11685600 _base_bdp=146070 _bdp=146070 _min_cwnd=4150 _maxwnd=219105 _cwnd=219105
Initialize per-instance NSCC parameters: flowid 415 _base_rtt=11685600 _base_bdp=146070 _bdp=146070 _min_cwnd=4150 _maxwnd=219105 _cwnd=219105
Initialize per-instance NSCC parameters: flowid 416 _base_rtt=11685600 _base_bdp=146070 _bdp=146070 _min_cwnd=4150 _maxwnd=219105 _cwnd=219105
Initialize per-instance NSCC parameters: flowid 417 _base_rtt=11685600 _base_bdp=146070 _bdp=146070 _min_cwnd=4150 _maxwnd=219105 _cwnd=219105
Initialize per-instance NSCC parameters: flowid 418 _base_rtt=11685600 _base_bdp=146070 _bdp=146070 _min_cwnd=4150 _maxwnd=219105 _cwnd=219105
Initialize per-instance NSCC parameters: flowid 419 _base_rtt=11685600 _base_bdp=146070 _bdp=146070 _min_cwnd=4150 _maxwnd=219105 _cwnd=219105
Initialize per-instance NSCC parameters: flowid 420 _base_rtt=11685600 _base_bdp=146070 _bdp=146070 _min_cwnd=4150 _maxwnd=219105 _cwnd=219105
Initialize per-instance NSCC parameters: flowid 421 _base_rtt=11685600 _base_bdp=146070 _bdp=146070 _min_cwnd=4150 _maxwnd=219105 _cwnd=219105
Initialize per-instance NSCC parameters: flowid 422 _base_rtt=11685600 _base_bdp=146070 _bdp=146070 _min_cwnd=4150 _maxwnd=219105 _cwnd=219105
Initialize per-instance NSCC parameters: flowid 423 _base_rtt=11685600 _base_bdp=146070 _bdp=146070 _min_cwnd=4150 _maxwnd=219105 _cwnd=219105
Initialize per-instance NSCC parameters: flowid 424 _base_rtt=11685600 _base_bdp=146070 _bdp=146070 _min_cwnd=4150 _maxwnd=219105 _cwnd=219105
Initialize per-instance NSCC parameters: flowid 425 _base_rtt=11685600 _base_bdp=146070 _bdp=146070 _min_cwnd=4150 _maxwnd=219105 _cwnd=219105
Initialize per-instance NSCC parameters: flowid 426 _base_rtt=11685600 _base_bdp=146070 _bdp=146070 _min_cwnd=4150 _maxwnd=219105 _cwnd=219105
Initialize per-instance NSCC parameters: flowid 427 _base_rtt=11685600 _base_bdp=146070 _bdp=146070 _min_cwnd=4150 _maxwnd=219105 _cwnd=219105
Initialize per-instance NSCC parameters: flowid 428 _base_rtt=11685600 _base_bdp=146070 _bdp=146070 _min_cwnd=4150 _maxwnd=219105 _cwnd=219105
Initialize per-instance NSCC parameters: flowid 429 _base_rtt=11685600 _base_bdp=146070 _bdp=146070 _min_cwnd=4150 _maxwnd=219105 _cwnd=219105
Initialize per-instance NSCC parameters: flowid 430 _base_rtt=11685600 _base_bdp=146070 _bdp=146070 _min_cwnd=4150 _maxwnd=219105 _cwnd=219105
Initialize per-instance NSCC parameters: flowid 431 _base_rtt=11685600 _base_bdp=146070 _bdp=146070 _min_cwnd=4150 _maxwnd=219105 _cwnd=219105
Initialize per-instance NSCC parameters: flowid 432 _base_rtt=11685600 _base_bdp=146070 _bdp=146070 _min_cwnd=4150 _maxwnd=219105 _cwnd=219105
Initialize per-instance NSCC parameters: flowid 433 _base_rtt=11685600 _base_bdp=146070 _bdp=146070 _min_cwnd=4150 _maxwnd=219105 _cwnd=219105
Initialize per-instance NSCC parameters: flowid 434 _base_rtt=11685600 _base_bdp=146070 _bdp=146070 _min_cwnd=4150 _maxwnd=219105 _cwnd=219105
Initialize per-instance NSCC parameters: flowid 435 _base_rtt=11685600 _base_bdp=146070 _bdp=146070 _min_cwnd=4150 _maxwnd=219105 _cwnd=219105
Initialize per-instance NSCC parameters: flowid 436 _base_rtt=11685600 _base_bdp=146070 _bdp=146070 _min_cwnd=4150 _maxwnd=219105 _cwnd=219105
Initialize per-instance NSCC parameters: flowid 437 _base_rtt=11685600 _base_bdp=146070 _bdp=146070 _min_cwnd=4150 _maxwnd=219105 _cwnd=219105
Initialize per-instance NSCC parameters: flowid 438 _base_rtt=11685600 _base_bdp=146070 _bdp=146070 _min_cwnd=4150 _maxwnd=219105 _cwnd=219105
Initialize per-instance NSCC parameters: flowid 439 _base_rtt=11685600 _base_bdp=146070 _bdp=146070 _min_cwnd=4150 _maxwnd=219105 _cwnd=219105
Initialize per-instance NSCC parameters: flowid 440 _base_rtt=11685600 _base_bdp=146070 _bdp=146070 _min_cwnd=4150 _maxwnd=219105 _cwnd=219105
Initialize per-instance NSCC parameters: flowid 441 _base_rtt=11685600 _base_bdp=146070 _bdp=146070 _min_cwnd=4150 _maxwnd=219105 _cwnd=219105
Initialize per-instance NSCC parameters: flowid 442 _base_rtt=11685600 _base_bdp=146070 _bdp=146070 _min_cwnd=4150 _maxwnd=219105 _cwnd=219105
Initialize per-instance NSCC parameters: flowid 443 _base_rtt=11685600 _base_bdp=146070 _bdp=146070 _min_cwnd=4150 _maxwnd=219105 _cwnd=219105
Initialize per-instance NSCC parameters: flowid 444 _base_rtt=11685600 _base_bdp=146070 _bdp=146070 _min_cwnd=4150 _maxwnd=219105 _cwnd=219105
Initialize per-instance NSCC parameters: flowid 445 _base_rtt=11685600 _base_bdp=146070 _bdp=146070 _min_cwnd=4150 _maxwnd=219105 _cwnd=219105
Initialize per-instance NSCC parameters: flowid 446 _base_rtt=11685600 _base_bdp=146070 _bdp=146070 _min_cwnd=4150 _maxwnd=219105 _cwnd=219105
Initialize per-instance NSCC parameters: flowid 447 _base_rtt=11685600 _base_bdp=146070 _bdp=146070 _min_cwnd=4150 _maxwnd=219105 _cwnd=219105
Initialize per-instance NSCC parameters: flowid 448 _base_rtt=11685600 _base_bdp=146070 _bdp=146070 _min_cwnd=4150 _maxwnd=219105 _cwnd=219105
Initialize per-instance NSCC parameters: flowid 449 _base_rtt=11685600 _base_bdp=146070 _bdp=146070 _min_cwnd=4150 _maxwnd=219105 _cwnd=219105
Initialize per-instance NSCC parameters: flowid 450 _base_rtt=11685600 _base_bdp=146070 _bdp=146070 _min_cwnd=4150 _maxwnd=219105 _cwnd=219105
Initialize per-instance NSCC parameters: flowid 451 _base_rtt=11685600 _base_bdp=146070 _bdp=146070 _min_cwnd=4150 _maxwnd=219105 _cwnd=219105
Initialize per-instance NSCC parameters: flowid 452 _base_rtt=11685600 _base_bdp=146070 _bdp=146070 _min_cwnd=4150 _maxwnd=219105 _cwnd=219105
Initialize per-instance NSCC parameters: flowid 453 _base_rtt=11685600 _base_bdp=146070 _bdp=146070 _min_cwnd=4150 _maxwnd=219105 _cwnd=219105
Initialize per-instance NSCC parameters: flowid 454 _base_rtt=11685600 _base_bdp=146070 _bdp=146070 _min_cwnd=4150 _maxwnd=219105 _cwnd=219105
Initialize per-instance NSCC parameters: flowid 455 _base_rtt=11685600 _base_bdp=146070 _bdp=146070 _min_cwnd=4150 _maxwnd=219105 _cwnd=219105
Initialize per-instance NSCC parameters: flowid 456 _base_rtt=11685600 _base_bdp=146070 _bdp=146070 _min_cwnd=4150 _maxwnd=219105 _cwnd=219105
Initialize per-instance NSCC parameters: flowid 457 _base_rtt=11685600 _base_bdp=146070 _bdp=146070 _min_cwnd=4150 _maxwnd=219105 _cwnd=219105
Initialize per-instance NSCC parameters: flowid 458 _base_rtt=11685600 _base_bdp=146070 _bdp=146070 _min_cwnd=4150 _maxwnd=219105 _cwnd=219105
Initialize per-instance NSCC parameters: flowid 459 _base_rtt=11685600 _base_bdp=146070 _bdp=146070 _min_cwnd=4150 _maxwnd=219105 _cwnd=219105
Initialize per-instance NSCC parameters: flowid 460 _base_rtt=11685600 _base_bdp=146070 _bdp=146070 _min_cwnd=4150 _maxwnd=219105 _cwnd=219105
Initialize per-instance NSCC parameters: flowid 461 _base_rtt=11685600 _base_bdp=146070 _bdp=146070 _min_cwnd=4150 _maxwnd=219105 _cwnd=219105
Initialize per-instance NSCC parameters: flowid 462 _base_rtt=11685600 _base_bdp=146070 _bdp=146070 _min_cwnd=4150 _maxwnd=219105 _cwnd=219105
Initialize per-instance NSCC parameters: flowid 463 _base_rtt=11685600 _base_bdp=146070 _bdp=146070 _min_cwnd=4150 _maxwnd=219105 _cwnd=219105
Initialize per-instance NSCC parameters: flowid 464 _base_rtt=11685600 _base_bdp=146070 _bdp=146070 _min_cwnd=4150 _maxwnd=219105 _cwnd=219105
Initialize per-instance NSCC parameters: flowid 465 _base_rtt=11685600 _base_bdp=146070 _bdp=146070 _min_cwnd=4150 _maxwnd=219105 _cwnd=219105
Initialize per-instance NSCC parameters: flowid 466 _base_rtt=11685600 _base_bdp=146070 _bdp=146070 _min_cwnd=4150 _maxwnd=219105 _cwnd=219105
Initialize per-instance NSCC parameters: flowid 467 _base_rtt=11685600 _base_bdp=146070 _bdp=146070 _min_cwnd=4150 _maxwnd=219105 _cwnd=219105
Initialize per-instance NSCC parameters: flowid 468 _base_rtt=11685600 _base_bdp=146070 _bdp=146070 _min_cwnd=4150 _maxwnd=219105 _cwnd=219105
Initialize per-instance NSCC parameters: flowid 469 _base_rtt=11685600 _base_bdp=146070 _bdp=146070 _min_cwnd=4150 _maxwnd=219105 _cwnd=219105
Initialize per-instance NSCC parameters: flowid 470 _base_rtt=11685600 _base_bdp=146070 _bdp=146070 _min_cwnd=4150 _maxwnd=219105 _cwnd=219105
Initialize per-instance NSCC parameters: flowid 471 _base_rtt=11685600 _base_bdp=146070 _bdp=146070 _min_cwnd=4150 _maxwnd=219105 _cwnd=219105
Initialize per-instance NSCC parameters: flowid 472 _base_rtt=11685600 _base_bdp=146070 _bdp=146070 _min_cwnd=4150 _maxwnd=219105 _cwnd=219105
Initialize per-instance NSCC parameters: flowid 473 _base_rtt=11685600 _base_bdp=146070 _bdp=146070 _min_cwnd=4150 _maxwnd=219105 _cwnd=219105
Initialize per-instance NSCC parameters: flowid 474 _base_rtt=11685600 _base_bdp=146070 _bdp=146070 _min_cwnd=4150 _maxwnd=219105 _cwnd=219105
Initialize per-instance NSCC parameters: flowid 475 _base_rtt=11685600 _base_bdp=146070 _bdp=146070 _min_cwnd=4150 _maxwnd=219105 _cwnd=219105
Initialize per-instance NSCC parameters: flowid 476 _base_rtt=11685600 _base_bdp=146070 _bdp=146070 _min_cwnd=4150 _maxwnd=219105 _cwnd=219105
Initialize per-instance NSCC parameters: flowid 477 _base_rtt=11685600 _base_bdp=146070 _bdp=146070 _min_cwnd=4150 _maxwnd=219105 _cwnd=219105
Initialize per-instance NSCC parameters: flowid 478 _base_rtt=11685600 _base_bdp=146070 _bdp=146070 _min_cwnd=4150 _maxwnd=219105 _cwnd=219105
Initialize per-instance NSCC parameters: flowid 479 _base_rtt=11685600 _base_bdp=146070 _bdp=146070 _min_cwnd=4150 _maxwnd=219105 _cwnd=219105
Initialize per-instance NSCC parameters: flowid 480 _base_rtt=11685600 _base_bdp=146070 _bdp=146070 _min_cwnd=4150 _maxwnd=219105 _cwnd=219105
Initialize per-instance NSCC parameters: flowid 481 _base_rtt=11685600 _base_bdp=146070 _bdp=146070 _min_cwnd=4150 _maxwnd=219105 _cwnd=219105
Initialize per-instance NSCC parameters: flowid 482 _base_rtt=11685600 _base_bdp=146070 _bdp=146070 _min_cwnd=4150 _maxwnd=219105 _cwnd=219105
Initialize per-instance NSCC parameters: flowid 483 _base_rtt=11685600 _base_bdp=146070 _bdp=146070 _min_cwnd=4150 _maxwnd=219105 _cwnd=219105
Initialize per-instance NSCC parameters: flowid 484 _base_rtt=11685600 _base_bdp=146070 _bdp=146070 _min_cwnd=4150 _maxwnd=219105 _cwnd=219105
Initialize per-instance NSCC parameters: flowid 485 _base_rtt=11685600 _base_bdp=146070 _bdp=146070 _min_cwnd=4150 _maxwnd=219105 _cwnd=219105
Initialize per-instance NSCC parameters: flowid 486 _base_rtt=11685600 _base_bdp=146070 _bdp=146070 _min_cwnd=4150 _maxwnd=219105 _cwnd=219105
Initialize per-instance NSCC parameters: flowid 487 _base_rtt=11685600 _base_bdp=146070 _bdp=146070 _min_cwnd=4150 _maxwnd=219105 _cwnd=219105
Initialize per-instance NSCC parameters: flowid 488 _base_rtt=11685600 _base_bdp=146070 _bdp=146070 _min_cwnd=4150 _maxwnd=219105 _cwnd=219105
Initialize per-instance NSCC parameters: flowid 489 _base_rtt=11685600 _base_bdp=146070 _bdp=146070 _min_cwnd=4150 _maxwnd=219105 _cwnd=219105
Initialize per-instance NSCC parameters: flowid 490 _base_rtt=11685600 _base_bdp=146070 _bdp=146070 _min_cwnd=4150 _maxwnd=219105 _cwnd=219105
Initialize per-instance NSCC parameters: flowid 491 _base_rtt=11685600 _base_bdp=146070 _bdp=146070 _min_cwnd=4150 _maxwnd=219105 _cwnd=219105
Initialize per-instance NSCC parameters: flowid 492 _base_rtt=11685600 _base_bdp=146070 _bdp=146070 _min_cwnd=4150 _maxwnd=219105 _cwnd=219105
Initialize per-instance NSCC parameters: flowid 493 _base_rtt=11685600 _base_bdp=146070 _bdp=146070 _min_cwnd=4150 _maxwnd=219105 _cwnd=219105
Initialize per-instance NSCC parameters: flowid 494 _base_rtt=11685600 _base_bdp=146070 _bdp=146070 _min_cwnd=4150 _maxwnd=219105 _cwnd=219105
Initialize per-instance NSCC parameters: flowid 495 _base_rtt=11685600 _base_bdp=146070 _bdp=146070 _min_cwnd=4150 _maxwnd=219105 _cwnd=219105
Initialize per-instance NSCC parameters: flowid 496 _base_rtt=11685600 _base_bdp=146070 _bdp=146070 _min_cwnd=4150 _maxwnd=219105 _cwnd=219105
Initialize per-instance NSCC parameters: flowid 497 _base_rtt=11685600 _base_bdp=146070 _bdp=146070 _min_cwnd=4150 _maxwnd=219105 _cwnd=219105
Initialize per-instance NSCC parameters: flowid 498 _base_rtt=11685600 _base_bdp=146070 _bdp=146070 _min_cwnd=4150 _maxwnd=219105 _cwnd=219105
Initialize per-instance NSCC parameters: flowid 499 _base_rtt=11685600 _base_bdp=146070 _bdp=146070 _min_cwnd=4150 _maxwnd=219105 _cwnd=219105
Initialize per-instance NSCC parameters: flowid 500 _base_rtt=11685600 _base_bdp=146070 _bdp=146070 _min_cwnd=4150 _maxwnd=219105 _cwnd=219105
Initialize per-instance NSCC parameters: flowid 501 _base_rtt=11685600 _base_bdp=146070 _bdp=146070 _min_cwnd=4150 _maxwnd=219105 _cwnd=219105
Initialize per-instance NSCC parameters: flowid 502 _base_rtt=11685600 _base_bdp=146070 _bdp=146070 _min_cwnd=4150 _maxwnd=219105 _cwnd=219105
Initialize per-instance NSCC parameters: flowid 503 _base_rtt=11685600 _base_bdp=146070 _bdp=146070 _min_cwnd=4150 _maxwnd=219105 _cwnd=219105
Initialize per-instance NSCC parameters: flowid 504 _base_rtt=11685600 _base_bdp=146070 _bdp=146070 _min_cwnd=4150 _maxwnd=219105 _cwnd=219105
Initialize per-instance NSCC parameters: flowid 505 _base_rtt=11685600 _base_bdp=146070 _bdp=146070 _min_cwnd=4150 _maxwnd=219105 _cwnd=219105
Initialize per-instance NSCC parameters: flowid 506 _base_rtt=11685600 _base_bdp=146070 _bdp=146070 _min_cwnd=4150 _maxwnd=219105 _cwnd=219105
Initialize per-instance NSCC parameters: flowid 507 _base_rtt=11685600 _base_bdp=146070 _bdp=146070 _min_cwnd=4150 _maxwnd=219105 _cwnd=219105
Initialize per-instance NSCC parameters: flowid 508 _base_rtt=11685600 _base_bdp=146070 _bdp=146070 _min_cwnd=4150 _maxwnd=219105 _cwnd=219105
Initialize per-instance NSCC parameters: flowid 509 _base_rtt=11685600 _base_bdp=146070 _bdp=146070 _min_cwnd=4150 _maxwnd=219105 _cwnd=219105
Initialize per-instance NSCC parameters: flowid 510 _base_rtt=11685600 _base_bdp=146070 _bdp=146070 _min_cwnd=4150 _maxwnd=219105 _cwnd=219105
Initialize per-instance NSCC parameters: flowid 511 _base_rtt=11685600 _base_bdp=146070 _bdp=146070 _min_cwnd=4150 _maxwnd=219105 _cwnd=219105
Initialize per-instance NSCC parameters: flowid 512 _base_rtt=11685600 _base_bdp=146070 _bdp=146070 _min_cwnd=4150 _maxwnd=219105 _cwnd=219105
Initialize per-instance NSCC parameters: flowid 513 _base_rtt=11685600 _base_bdp=146070 _bdp=146070 _min_cwnd=4150 _maxwnd=219105 _cwnd=219105
Initialize per-instance NSCC parameters: flowid 514 _base_rtt=11685600 _base_bdp=146070 _bdp=146070 _min_cwnd=4150 _maxwnd=219105 _cwnd=219105
Initialize per-instance NSCC parameters: flowid 515 _base_rtt=11685600 _base_bdp=146070 _bdp=146070 _min_cwnd=4150 _maxwnd=219105 _cwnd=219105
Initialize per-instance NSCC parameters: flowid 516 _base_rtt=11685600 _base_bdp=146070 _bdp=146070 _min_cwnd=4150 _maxwnd=219105 _cwnd=219105
Initialize per-instance NSCC parameters: flowid 517 _base_rtt=11685600 _base_bdp=146070 _bdp=146070 _min_cwnd=4150 _maxwnd=219105 _cwnd=219105
Initialize per-instance NSCC parameters: flowid 518 _base_rtt=11685600 _base_bdp=146070 _bdp=146070 _min_cwnd=4150 _maxwnd=219105 _cwnd=219105
Initialize per-instance NSCC parameters: flowid 519 _base_rtt=11685600 _base_bdp=146070 _bdp=146070 _min_cwnd=4150 _maxwnd=219105 _cwnd=219105
Initialize per-instance NSCC parameters: flowid 520 _base_rtt=11685600 _base_bdp=146070 _bdp=146070 _min_cwnd=4150 _maxwnd=219105 _cwnd=219105
Initialize per-instance NSCC parameters: flowid 521 _base_rtt=11685600 _base_bdp=146070 _bdp=146070 _min_cwnd=4150 _maxwnd=219105 _cwnd=219105
Initialize per-instance NSCC parameters: flowid 522 _base_rtt=11685600 _base_bdp=146070 _bdp=146070 _min_cwnd=4150 _maxwnd=219105 _cwnd=219105
Initialize per-instance NSCC parameters: flowid 523 _base_rtt=11685600 _base_bdp=146070 _bdp=146070 _min_cwnd=4150 _maxwnd=219105 _cwnd=219105
Initialize per-instance NSCC parameters: flowid 524 _base_rtt=11685600 _base_bdp=146070 _bdp=146070 _min_cwnd=4150 _maxwnd=219105 _cwnd=219105
Initialize per-instance NSCC parameters: flowid 525 _base_rtt=11685600 _base_bdp=146070 _bdp=146070 _min_cwnd=4150 _maxwnd=219105 _cwnd=219105
Initialize per-instance NSCC parameters: flowid 526 _base_rtt=11685600 _base_bdp=146070 _bdp=146070 _min_cwnd=4150 _maxwnd=219105 _cwnd=219105
Initialize per-instance NSCC parameters: flowid 527 _base_rtt=11685600 _base_bdp=146070 _bdp=146070 _min_cwnd=4150 _maxwnd=219105 _cwnd=219105
Initialize per-instance NSCC parameters: flowid 528 _base_rtt=11685600 _base_bdp=146070 _bdp=146070 _min_cwnd=4150 _maxwnd=219105 _cwnd=219105
Initialize per-instance NSCC parameters: flowid 529 _base_rtt=11685600 _base_bdp=146070 _bdp=146070 _min_cwnd=4150 _maxwnd=219105 _cwnd=219105
Initialize per-instance NSCC parameters: flowid 530 _base_rtt=11685600 _base_bdp=146070 _bdp=146070 _min_cwnd=4150 _maxwnd=219105 _cwnd=219105
Initialize per-instance NSCC parameters: flowid 531 _base_rtt=11685600 _base_bdp=146070 _bdp=146070 _min_cwnd=4150 _maxwnd=219105 _cwnd=219105
Initialize per-instance NSCC parameters: flowid 532 _base_rtt=11685600 _base_bdp=146070 _bdp=146070 _min_cwnd=4150 _maxwnd=219105 _cwnd=219105
Initialize per-instance NSCC parameters: flowid 533 _base_rtt=11685600 _base_bdp=146070 _bdp=146070 _min_cwnd=4150 _maxwnd=219105 _cwnd=219105
Initialize per-instance NSCC parameters: flowid 534 _base_rtt=11685600 _base_bdp=146070 _bdp=146070 _min_cwnd=4150 _maxwnd=219105 _cwnd=219105
Initialize per-instance NSCC parameters: flowid 535 _base_rtt=11685600 _base_bdp=146070 _bdp=146070 _min_cwnd=4150 _maxwnd=219105 _cwnd=219105
Initialize per-instance NSCC parameters: flowid 536 _base_rtt=11685600 _base_bdp=146070 _bdp=146070 _min_cwnd=4150 _maxwnd=219105 _cwnd=219105
Initialize per-instance NSCC parameters: flowid 537 _base_rtt=11685600 _base_bdp=146070 _bdp=146070 _min_cwnd=4150 _maxwnd=219105 _cwnd=219105
Initialize per-instance NSCC parameters: flowid 538 _base_rtt=11685600 _base_bdp=146070 _bdp=146070 _min_cwnd=4150 _maxwnd=219105 _cwnd=219105
Initialize per-instance NSCC parameters: flowid 539 _base_rtt=11685600 _base_bdp=146070 _bdp=146070 _min_cwnd=4150 _maxwnd=219105 _cwnd=219105
Initialize per-instance NSCC parameters: flowid 540 _base_rtt=11685600 _base_bdp=146070 _bdp=146070 _min_cwnd=4150 _maxwnd=219105 _cwnd=219105
Initialize per-instance NSCC parameters: flowid 541 _base_rtt=11685600 _base_bdp=146070 _bdp=146070 _min_cwnd=4150 _maxwnd=219105 _cwnd=219105
Initialize per-instance NSCC parameters: flowid 542 _base_rtt=11685600 _base_bdp=146070 _bdp=146070 _min_cwnd=4150 _maxwnd=219105 _cwnd=219105
Initialize per-instance NSCC parameters: flowid 543 _base_rtt=11685600 _base_bdp=146070 _bdp=146070 _min_cwnd=4150 _maxwnd=219105 _cwnd=219105
Initialize per-instance NSCC parameters: flowid 544 _base_rtt=11685600 _base_bdp=146070 _bdp=146070 _min_cwnd=4150 _maxwnd=219105 _cwnd=219105
Initialize per-instance NSCC parameters: flowid 545 _base_rtt=11685600 _base_bdp=146070 _bdp=146070 _min_cwnd=4150 _maxwnd=219105 _cwnd=219105
Initialize per-instance NSCC parameters: flowid 546 _base_rtt=11685600 _base_bdp=146070 _bdp=146070 _min_cwnd=4150 _maxwnd=219105 _cwnd=219105
Initialize per-instance NSCC parameters: flowid 547 _base_rtt=11685600 _base_bdp=146070 _bdp=146070 _min_cwnd=4150 _maxwnd=219105 _cwnd=219105
Initialize per-instance NSCC parameters: flowid 548 _base_rtt=11685600 _base_bdp=146070 _bdp=146070 _min_cwnd=4150 _maxwnd=219105 _cwnd=219105
Initialize per-instance NSCC parameters: flowid 549 _base_rtt=11685600 _base_bdp=146070 _bdp=146070 _min_cwnd=4150 _maxwnd=219105 _cwnd=219105
Initialize per-instance NSCC parameters: flowid 550 _base_rtt=11685600 _base_bdp=146070 _bdp=146070 _min_cwnd=4150 _maxwnd=219105 _cwnd=219105
Initialize per-instance NSCC parameters: flowid 551 _base_rtt=11685600 _base_bdp=146070 _bdp=146070 _min_cwnd=4150 _maxwnd=219105 _cwnd=219105
Initialize per-instance NSCC parameters: flowid 552 _base_rtt=11685600 _base_bdp=146070 _bdp=146070 _min_cwnd=4150 _maxwnd=219105 _cwnd=219105
Initialize per-instance NSCC parameters: flowid 553 _base_rtt=11685600 _base_bdp=146070 _bdp=146070 _min_cwnd=4150 _maxwnd=219105 _cwnd=219105
Initialize per-instance NSCC parameters: flowid 554 _base_rtt=11685600 _base_bdp=146070 _bdp=146070 _min_cwnd=4150 _maxwnd=219105 _cwnd=219105
Initialize per-instance NSCC parameters: flowid 555 _base_rtt=11685600 _base_bdp=146070 _bdp=146070 _min_cwnd=4150 _maxwnd=219105 _cwnd=219105
Initialize per-instance NSCC parameters: flowid 556 _base_rtt=11685600 _base_bdp=146070 _bdp=146070 _min_cwnd=4150 _maxwnd=219105 _cwnd=219105
Initialize per-instance NSCC parameters: flowid 557 _base_rtt=11685600 _base_bdp=146070 _bdp=146070 _min_cwnd=4150 _maxwnd=219105 _cwnd=219105
Initialize per-instance NSCC parameters: flowid 558 _base_rtt=11685600 _base_bdp=146070 _bdp=146070 _min_cwnd=4150 _maxwnd=219105 _cwnd=219105
Initialize per-instance NSCC parameters: flowid 559 _base_rtt=11685600 _base_bdp=146070 _bdp=146070 _min_cwnd=4150 _maxwnd=219105 _cwnd=219105
Initialize per-instance NSCC parameters: flowid 560 _base_rtt=11685600 _base_bdp=146070 _bdp=146070 _min_cwnd=4150 _maxwnd=219105 _cwnd=219105
Initialize per-instance NSCC parameters: flowid 561 _base_rtt=11685600 _base_bdp=146070 _bdp=146070 _min_cwnd=4150 _maxwnd=219105 _cwnd=219105
Initialize per-instance NSCC parameters: flowid 562 _base_rtt=11685600 _base_bdp=146070 _bdp=146070 _min_cwnd=4150 _maxwnd=219105 _cwnd=219105
Initialize per-instance NSCC parameters: flowid 563 _base_rtt=11685600 _base_bdp=146070 _bdp=146070 _min_cwnd=4150 _maxwnd=219105 _cwnd=219105
Initialize per-instance NSCC parameters: flowid 564 _base_rtt=11685600 _base_bdp=146070 _bdp=146070 _min_cwnd=4150 _maxwnd=219105 _cwnd=219105
Initialize per-instance NSCC parameters: flowid 565 _base_rtt=11685600 _base_bdp=146070 _bdp=146070 _min_cwnd=4150 _maxwnd=219105 _cwnd=219105
Initialize per-instance NSCC parameters: flowid 566 _base_rtt=11685600 _base_bdp=146070 _bdp=146070 _min_cwnd=4150 _maxwnd=219105 _cwnd=219105
Initialize per-instance NSCC parameters: flowid 567 _base_rtt=11685600 _base_bdp=146070 _bdp=146070 _min_cwnd=4150 _maxwnd=219105 _cwnd=219105
Initialize per-instance NSCC parameters: flowid 568 _base_rtt=11685600 _base_bdp=146070 _bdp=146070 _min_cwnd=4150 _maxwnd=219105 _cwnd=219105
Initialize per-instance NSCC parameters: flowid 569 _base_rtt=11685600 _base_bdp=146070 _bdp=146070 _min_cwnd=4150 _maxwnd=219105 _cwnd=219105
Initialize per-instance NSCC parameters: flowid 570 _base_rtt=11685600 _base_bdp=146070 _bdp=146070 _min_cwnd=4150 _maxwnd=219105 _cwnd=219105
Initialize per-instance NSCC parameters: flowid 571 _base_rtt=11685600 _base_bdp=146070 _bdp=146070 _min_cwnd=4150 _maxwnd=219105 _cwnd=219105
Initialize per-instance NSCC parameters: flowid 572 _base_rtt=11685600 _base_bdp=146070 _bdp=146070 _min_cwnd=4150 _maxwnd=219105 _cwnd=219105
Initialize per-instance NSCC parameters: flowid 573 _base_rtt=11685600 _base_bdp=146070 _bdp=146070 _min_cwnd=4150 _maxwnd=219105 _cwnd=219105
Initialize per-instance NSCC parameters: flowid 574 _base_rtt=11685600 _base_bdp=146070 _bdp=146070 _min_cwnd=4150 _maxwnd=219105 _cwnd=219105
Initialize per-instance NSCC parameters: flowid 575 _base_rtt=11685600 _base_bdp=146070 _bdp=146070 _min_cwnd=4150 _maxwnd=219105 _cwnd=219105
Initialize per-instance NSCC parameters: flowid 576 _base_rtt=11685600 _base_bdp=146070 _bdp=146070 _min_cwnd=4150 _maxwnd=219105 _cwnd=219105
Initialize per-instance NSCC parameters: flowid 577 _base_rtt=11685600 _base_bdp=146070 _bdp=146070 _min_cwnd=4150 _maxwnd=219105 _cwnd=219105
Initialize per-instance NSCC parameters: flowid 578 _base_rtt=11685600 _base_bdp=146070 _bdp=146070 _min_cwnd=4150 _maxwnd=219105 _cwnd=219105
Initialize per-instance NSCC parameters: flowid 579 _base_rtt=11685600 _base_bdp=146070 _bdp=146070 _min_cwnd=4150 _maxwnd=219105 _cwnd=219105
Initialize per-instance NSCC parameters: flowid 580 _base_rtt=11685600 _base_bdp=146070 _bdp=146070 _min_cwnd=4150 _maxwnd=219105 _cwnd=219105
Initialize per-instance NSCC parameters: flowid 581 _base_rtt=11685600 _base_bdp=146070 _bdp=146070 _min_cwnd=4150 _maxwnd=219105 _cwnd=219105
Initialize per-instance NSCC parameters: flowid 582 _base_rtt=11685600 _base_bdp=146070 _bdp=146070 _min_cwnd=4150 _maxwnd=219105 _cwnd=219105
Initialize per-instance NSCC parameters: flowid 583 _base_rtt=11685600 _base_bdp=146070 _bdp=146070 _min_cwnd=4150 _maxwnd=219105 _cwnd=219105
Initialize per-instance NSCC parameters: flowid 584 _base_rtt=11685600 _base_bdp=146070 _bdp=146070 _min_cwnd=4150 _maxwnd=219105 _cwnd=219105
Initialize per-instance NSCC parameters: flowid 585 _base_rtt=11685600 _base_bdp=146070 _bdp=146070 _min_cwnd=4150 _maxwnd=219105 _cwnd=219105
Initialize per-instance NSCC parameters: flowid 586 _base_rtt=11685600 _base_bdp=146070 _bdp=146070 _min_cwnd=4150 _maxwnd=219105 _cwnd=219105
Initialize per-instance NSCC parameters: flowid 587 _base_rtt=11685600 _base_bdp=146070 _bdp=146070 _min_cwnd=4150 _maxwnd=219105 _cwnd=219105
Initialize per-instance NSCC parameters: flowid 588 _base_rtt=11685600 _base_bdp=146070 _bdp=146070 _min_cwnd=4150 _maxwnd=219105 _cwnd=219105
Initialize per-instance NSCC parameters: flowid 589 _base_rtt=11685600 _base_bdp=146070 _bdp=146070 _min_cwnd=4150 _maxwnd=219105 _cwnd=219105
Initialize per-instance NSCC parameters: flowid 590 _base_rtt=11685600 _base_bdp=146070 _bdp=146070 _min_cwnd=4150 _maxwnd=219105 _cwnd=219105
Initialize per-instance NSCC parameters: flowid 591 _base_rtt=11685600 _base_bdp=146070 _bdp=146070 _min_cwnd=4150 _maxwnd=219105 _cwnd=219105
Initialize per-instance NSCC parameters: flowid 592 _base_rtt=11685600 _base_bdp=146070 _bdp=146070 _min_cwnd=4150 _maxwnd=219105 _cwnd=219105
Initialize per-instance NSCC parameters: flowid 593 _base_rtt=11685600 _base_bdp=146070 _bdp=146070 _min_cwnd=4150 _maxwnd=219105 _cwnd=219105
Initialize per-instance NSCC parameters: flowid 594 _base_rtt=11685600 _base_bdp=146070 _bdp=146070 _min_cwnd=4150 _maxwnd=219105 _cwnd=219105
Initialize per-instance NSCC parameters: flowid 595 _base_rtt=11685600 _base_bdp=146070 _bdp=146070 _min_cwnd=4150 _maxwnd=219105 _cwnd=219105
Initialize per-instance NSCC parameters: flowid 596 _base_rtt=11685600 _base_bdp=146070 _bdp=146070 _min_cwnd=4150 _maxwnd=219105 _cwnd=219105
Initialize per-instance NSCC parameters: flowid 597 _base_rtt=11685600 _base_bdp=146070 _bdp=146070 _min_cwnd=4150 _maxwnd=219105 _cwnd=219105
Initialize per-instance NSCC parameters: flowid 598 _base_rtt=11685600 _base_bdp=146070 _bdp=146070 _min_cwnd=4150 _maxwnd=219105 _cwnd=219105
Initialize per-instance NSCC parameters: flowid 599 _base_rtt=11685600 _base_bdp=146070 _bdp=146070 _min_cwnd=4150 _maxwnd=219105 _cwnd=219105
Initialize per-instance NSCC parameters: flowid 600 _base_rtt=11685600 _base_bdp=146070 _bdp=146070 _min_cwnd=4150 _maxwnd=219105 _cwnd=219105
Initialize per-instance NSCC parameters: flowid 601 _base_rtt=11685600 _base_bdp=146070 _bdp=146070 _min_cwnd=4150 _maxwnd=219105 _cwnd=219105
Initialize per-instance NSCC parameters: flowid 602 _base_rtt=11685600 _base_bdp=146070 _bdp=146070 _min_cwnd=4150 _maxwnd=219105 _cwnd=219105
Initialize per-instance NSCC parameters: flowid 603 _base_rtt=11685600 _base_bdp=146070 _bdp=146070 _min_cwnd=4150 _maxwnd=219105 _cwnd=219105
Initialize per-instance NSCC parameters: flowid 604 _base_rtt=11685600 _base_bdp=146070 _bdp=146070 _min_cwnd=4150 _maxwnd=219105 _cwnd=219105
Initialize per-instance NSCC parameters: flowid 605 _base_rtt=11685600 _base_bdp=146070 _bdp=146070 _min_cwnd=4150 _maxwnd=219105 _cwnd=219105
Initialize per-instance NSCC parameters: flowid 606 _base_rtt=11685600 _base_bdp=146070 _bdp=146070 _min_cwnd=4150 _maxwnd=219105 _cwnd=219105
Initialize per-instance NSCC parameters: flowid 607 _base_rtt=11685600 _base_bdp=146070 _bdp=146070 _min_cwnd=4150 _maxwnd=219105 _cwnd=219105
Initialize per-instance NSCC parameters: flowid 608 _base_rtt=11685600 _base_bdp=146070 _bdp=146070 _min_cwnd=4150 _maxwnd=219105 _cwnd=219105
Initialize per-instance NSCC parameters: flowid 609 _base_rtt=11685600 _base_bdp=146070 _bdp=146070 _min_cwnd=4150 _maxwnd=219105 _cwnd=219105
Initialize per-instance NSCC parameters: flowid 610 _base_rtt=11685600 _base_bdp=146070 _bdp=146070 _min_cwnd=4150 _maxwnd=219105 _cwnd=219105
Initialize per-instance NSCC parameters: flowid 611 _base_rtt=11685600 _base_bdp=146070 _bdp=146070 _min_cwnd=4150 _maxwnd=219105 _cwnd=219105
Initialize per-instance NSCC parameters: flowid 612 _base_rtt=11685600 _base_bdp=146070 _bdp=146070 _min_cwnd=4150 _maxwnd=219105 _cwnd=219105
Initialize per-instance NSCC parameters: flowid 613 _base_rtt=11685600 _base_bdp=146070 _bdp=146070 _min_cwnd=4150 _maxwnd=219105 _cwnd=219105
Initialize per-instance NSCC parameters: flowid 614 _base_rtt=11685600 _base_bdp=146070 _bdp=146070 _min_cwnd=4150 _maxwnd=219105 _cwnd=219105
Initialize per-instance NSCC parameters: flowid 615 _base_rtt=11685600 _base_bdp=146070 _bdp=146070 _min_cwnd=4150 _maxwnd=219105 _cwnd=219105
Initialize per-instance NSCC parameters: flowid 616 _base_rtt=11685600 _base_bdp=146070 _bdp=146070 _min_cwnd=4150 _maxwnd=219105 _cwnd=219105
Initialize per-instance NSCC parameters: flowid 617 _base_rtt=11685600 _base_bdp=146070 _bdp=146070 _min_cwnd=4150 _maxwnd=219105 _cwnd=219105
Initialize per-instance NSCC parameters: flowid 618 _base_rtt=11685600 _base_bdp=146070 _bdp=146070 _min_cwnd=4150 _maxwnd=219105 _cwnd=219105
Initialize per-instance NSCC parameters: flowid 619 _base_rtt=11685600 _base_bdp=146070 _bdp=146070 _min_cwnd=4150 _maxwnd=219105 _cwnd=219105
Initialize per-instance NSCC parameters: flowid 620 _base_rtt=11685600 _base_bdp=146070 _bdp=146070 _min_cwnd=4150 _maxwnd=219105 _cwnd=219105
Initialize per-instance NSCC parameters: flowid 621 _base_rtt=11685600 _base_bdp=146070 _bdp=146070 _min_cwnd=4150 _maxwnd=219105 _cwnd=219105
Initialize per-instance NSCC parameters: flowid 622 _base_rtt=11685600 _base_bdp=146070 _bdp=146070 _min_cwnd=4150 _maxwnd=219105 _cwnd=219105
Initialize per-instance NSCC parameters: flowid 623 _base_rtt=11685600 _base_bdp=146070 _bdp=146070 _min_cwnd=4150 _maxwnd=219105 _cwnd=219105
Initialize per-instance NSCC parameters: flowid 624 _base_rtt=11685600 _base_bdp=146070 _bdp=146070 _min_cwnd=4150 _maxwnd=219105 _cwnd=219105
Initialize per-instance NSCC parameters: flowid 625 _base_rtt=11685600 _base_bdp=146070 _bdp=146070 _min_cwnd=4150 _maxwnd=219105 _cwnd=219105
Initialize per-instance NSCC parameters: flowid 626 _base_rtt=11685600 _base_bdp=146070 _bdp=146070 _min_cwnd=4150 _maxwnd=219105 _cwnd=219105
Initialize per-instance NSCC parameters: flowid 627 _base_rtt=11685600 _base_bdp=146070 _bdp=146070 _min_cwnd=4150 _maxwnd=219105 _cwnd=219105
Initialize per-instance NSCC parameters: flowid 628 _base_rtt=11685600 _base_bdp=146070 _bdp=146070 _min_cwnd=4150 _maxwnd=219105 _cwnd=219105
Initialize per-instance NSCC parameters: flowid 629 _base_rtt=11685600 _base_bdp=146070 _bdp=146070 _min_cwnd=4150 _maxwnd=219105 _cwnd=219105
Initialize per-instance NSCC parameters: flowid 630 _base_rtt=11685600 _base_bdp=146070 _bdp=146070 _min_cwnd=4150 _maxwnd=219105 _cwnd=219105
Initialize per-instance NSCC parameters: flowid 631 _base_rtt=11685600 _base_bdp=146070 _bdp=146070 _min_cwnd=4150 _maxwnd=219105 _cwnd=219105
Initialize per-instance NSCC parameters: flowid 632 _base_rtt=11685600 _base_bdp=146070 _bdp=146070 _min_cwnd=4150 _maxwnd=219105 _cwnd=219105
Initialize per-instance NSCC parameters: flowid 633 _base_rtt=11685600 _base_bdp=146070 _bdp=146070 _min_cwnd=4150 _maxwnd=219105 _cwnd=219105
Initialize per-instance NSCC parameters: flowid 634 _base_rtt=11685600 _base_bdp=146070 _bdp=146070 _min_cwnd=4150 _maxwnd=219105 _cwnd=219105
Initialize per-instance NSCC parameters: flowid 635 _base_rtt=11685600 _base_bdp=146070 _bdp=146070 _min_cwnd=4150 _maxwnd=219105 _cwnd=219105
Initialize per-instance NSCC parameters: flowid 636 _base_rtt=11685600 _base_bdp=146070 _bdp=146070 _min_cwnd=4150 _maxwnd=219105 _cwnd=219105
Initialize per-instance NSCC parameters: flowid 637 _base_rtt=11685600 _base_bdp=146070 _bdp=146070 _min_cwnd=4150 _maxwnd=219105 _cwnd=219105
Initialize per-instance NSCC parameters: flowid 638 _base_rtt=11685600 _base_bdp=146070 _bdp=146070 _min_cwnd=4150 _maxwnd=219105 _cwnd=219105
Initialize per-instance NSCC parameters: flowid 639 _base_rtt=11685600 _base_bdp=146070 _bdp=146070 _min_cwnd=4150 _maxwnd=219105 _cwnd=219105
Initialize per-instance NSCC parameters: flowid 640 _base_rtt=11685600 _base_bdp=146070 _bdp=146070 _min_cwnd=4150 _maxwnd=219105 _cwnd=219105
Initialize per-instance NSCC parameters: flowid 641 _base_rtt=11685600 _base_bdp=146070 _bdp=146070 _min_cwnd=4150 _maxwnd=219105 _cwnd=219105
Initialize per-instance NSCC parameters: flowid 642 _base_rtt=11685600 _base_bdp=146070 _bdp=146070 _min_cwnd=4150 _maxwnd=219105 _cwnd=219105
Initialize per-instance NSCC parameters: flowid 643 _base_rtt=11685600 _base_bdp=146070 _bdp=146070 _min_cwnd=4150 _maxwnd=219105 _cwnd=219105
Initialize per-instance NSCC parameters: flowid 644 _base_rtt=11685600 _base_bdp=146070 _bdp=146070 _min_cwnd=4150 _maxwnd=219105 _cwnd=219105
Initialize per-instance NSCC parameters: flowid 645 _base_rtt=11685600 _base_bdp=146070 _bdp=146070 _min_cwnd=4150 _maxwnd=219105 _cwnd=219105
Initialize per-instance NSCC parameters: flowid 646 _base_rtt=11685600 _base_bdp=146070 _bdp=146070 _min_cwnd=4150 _maxwnd=219105 _cwnd=219105
Initialize per-instance NSCC parameters: flowid 647 _base_rtt=11685600 _base_bdp=146070 _bdp=146070 _min_cwnd=4150 _maxwnd=219105 _cwnd=219105
Initialize per-instance NSCC parameters: flowid 648 _base_rtt=11685600 _base_bdp=146070 _bdp=146070 _min_cwnd=4150 _maxwnd=219105 _cwnd=219105
Initialize per-instance NSCC parameters: flowid 649 _base_rtt=11685600 _base_bdp=146070 _bdp=146070 _min_cwnd=4150 _maxwnd=219105 _cwnd=219105
Initialize per-instance NSCC parameters: flowid 650 _base_rtt=11685600 _base_bdp=146070 _bdp=146070 _min_cwnd=4150 _maxwnd=219105 _cwnd=219105
Initialize per-instance NSCC parameters: flowid 651 _base_rtt=11685600 _base_bdp=146070 _bdp=146070 _min_cwnd=4150 _maxwnd=219105 _cwnd=219105
Initialize per-instance NSCC parameters: flowid 652 _base_rtt=11685600 _base_bdp=146070 _bdp=146070 _min_cwnd=4150 _maxwnd=219105 _cwnd=219105
Initialize per-instance NSCC parameters: flowid 653 _base_rtt=11685600 _base_bdp=146070 _bdp=146070 _min_cwnd=4150 _maxwnd=219105 _cwnd=219105
Initialize per-instance NSCC parameters: flowid 654 _base_rtt=11685600 _base_bdp=146070 _bdp=146070 _min_cwnd=4150 _maxwnd=219105 _cwnd=219105
Initialize per-instance NSCC parameters: flowid 655 _base_rtt=11685600 _base_bdp=146070 _bdp=146070 _min_cwnd=4150 _maxwnd=219105 _cwnd=219105
Initialize per-instance NSCC parameters: flowid 656 _base_rtt=11685600 _base_bdp=146070 _bdp=146070 _min_cwnd=4150 _maxwnd=219105 _cwnd=219105
Initialize per-instance NSCC parameters: flowid 657 _base_rtt=11685600 _base_bdp=146070 _bdp=146070 _min_cwnd=4150 _maxwnd=219105 _cwnd=219105
Initialize per-instance NSCC parameters: flowid 658 _base_rtt=11685600 _base_bdp=146070 _bdp=146070 _min_cwnd=4150 _maxwnd=219105 _cwnd=219105
Initialize per-instance NSCC parameters: flowid 659 _base_rtt=11685600 _base_bdp=146070 _bdp=146070 _min_cwnd=4150 _maxwnd=219105 _cwnd=219105
Initialize per-instance NSCC parameters: flowid 660 _base_rtt=11685600 _base_bdp=146070 _bdp=146070 _min_cwnd=4150 _maxwnd=219105 _cwnd=219105
Initialize per-instance NSCC parameters: flowid 661 _base_rtt=11685600 _base_bdp=146070 _bdp=146070 _min_cwnd=4150 _maxwnd=219105 _cwnd=219105
Initialize per-instance NSCC parameters: flowid 662 _base_rtt=11685600 _base_bdp=146070 _bdp=146070 _min_cwnd=4150 _maxwnd=219105 _cwnd=219105
Initialize per-instance NSCC parameters: flowid 663 _base_rtt=11685600 _base_bdp=146070 _bdp=146070 _min_cwnd=4150 _maxwnd=219105 _cwnd=219105
Initialize per-instance NSCC parameters: flowid 664 _base_rtt=11685600 _base_bdp=146070 _bdp=146070 _min_cwnd=4150 _maxwnd=219105 _cwnd=219105
Initialize per-instance NSCC parameters: flowid 665 _base_rtt=11685600 _base_bdp=146070 _bdp=146070 _min_cwnd=4150 _maxwnd=219105 _cwnd=219105
Initialize per-instance NSCC parameters: flowid 666 _base_rtt=11685600 _base_bdp=146070 _bdp=146070 _min_cwnd=4150 _maxwnd=219105 _cwnd=219105
Initialize per-instance NSCC parameters: flowid 667 _base_rtt=11685600 _base_bdp=146070 _bdp=146070 _min_cwnd=4150 _maxwnd=219105 _cwnd=219105
Initialize per-instance NSCC parameters: flowid 668 _base_rtt=11685600 _base_bdp=146070 _bdp=146070 _min_cwnd=4150 _maxwnd=219105 _cwnd=219105
Initialize per-instance NSCC parameters: flowid 669 _base_rtt=11685600 _base_bdp=146070 _bdp=146070 _min_cwnd=4150 _maxwnd=219105 _cwnd=219105
Initialize per-instance NSCC parameters: flowid 670 _base_rtt=11685600 _base_bdp=146070 _bdp=146070 _min_cwnd=4150 _maxwnd=219105 _cwnd=219105
Initialize per-instance NSCC parameters: flowid 671 _base_rtt=11685600 _base_bdp=146070 _bdp=146070 _min_cwnd=4150 _maxwnd=219105 _cwnd=219105
Initialize per-instance NSCC parameters: flowid 672 _base_rtt=11685600 _base_bdp=146070 _bdp=146070 _min_cwnd=4150 _maxwnd=219105 _cwnd=219105
Initialize per-instance NSCC parameters: flowid 673 _base_rtt=11685600 _base_bdp=146070 _bdp=146070 _min_cwnd=4150 _maxwnd=219105 _cwnd=219105
Initialize per-instance NSCC parameters: flowid 674 _base_rtt=11685600 _base_bdp=146070 _bdp=146070 _min_cwnd=4150 _maxwnd=219105 _cwnd=219105
Initialize per-instance NSCC parameters: flowid 675 _base_rtt=11685600 _base_bdp=146070 _bdp=146070 _min_cwnd=4150 _maxwnd=219105 _cwnd=219105
Initialize per-instance NSCC parameters: flowid 676 _base_rtt=11685600 _base_bdp=146070 _bdp=146070 _min_cwnd=4150 _maxwnd=219105 _cwnd=219105
Initialize per-instance NSCC parameters: flowid 677 _base_rtt=11685600 _base_bdp=146070 _bdp=146070 _min_cwnd=4150 _maxwnd=219105 _cwnd=219105
Initialize per-instance NSCC parameters: flowid 678 _base_rtt=11685600 _base_bdp=146070 _bdp=146070 _min_cwnd=4150 _maxwnd=219105 _cwnd=219105
Initialize per-instance NSCC parameters: flowid 679 _base_rtt=11685600 _base_bdp=146070 _bdp=146070 _min_cwnd=4150 _maxwnd=219105 _cwnd=219105
Initialize per-instance NSCC parameters: flowid 680 _base_rtt=11685600 _base_bdp=146070 _bdp=146070 _min_cwnd=4150 _maxwnd=219105 _cwnd=219105
Initialize per-instance NSCC parameters: flowid 681 _base_rtt=11685600 _base_bdp=146070 _bdp=146070 _min_cwnd=4150 _maxwnd=219105 _cwnd=219105
Initialize per-instance NSCC parameters: flowid 682 _base_rtt=11685600 _base_bdp=146070 _bdp=146070 _min_cwnd=4150 _maxwnd=219105 _cwnd=219105
Initialize per-instance NSCC parameters: flowid 683 _base_rtt=11685600 _base_bdp=146070 _bdp=146070 _min_cwnd=4150 _maxwnd=219105 _cwnd=219105
Initialize per-instance NSCC parameters: flowid 684 _base_rtt=11685600 _base_bdp=146070 _bdp=146070 _min_cwnd=4150 _maxwnd=219105 _cwnd=219105
Initialize per-instance NSCC parameters: flowid 685 _base_rtt=11685600 _base_bdp=146070 _bdp=146070 _min_cwnd=4150 _maxwnd=219105 _cwnd=219105
Initialize per-instance NSCC parameters: flowid 686 _base_rtt=11685600 _base_bdp=146070 _bdp=146070 _min_cwnd=4150 _maxwnd=219105 _cwnd=219105
Initialize per-instance NSCC parameters: flowid 687 _base_rtt=11685600 _base_bdp=146070 _bdp=146070 _min_cwnd=4150 _maxwnd=219105 _cwnd=219105
Initialize per-instance NSCC parameters: flowid 688 _base_rtt=11685600 _base_bdp=146070 _bdp=146070 _min_cwnd=4150 _maxwnd=219105 _cwnd=219105
Initialize per-instance NSCC parameters: flowid 689 _base_rtt=11685600 _base_bdp=146070 _bdp=146070 _min_cwnd=4150 _maxwnd=219105 _cwnd=219105
Initialize per-instance NSCC parameters: flowid 690 _base_rtt=11685600 _base_bdp=146070 _bdp=146070 _min_cwnd=4150 _maxwnd=219105 _cwnd=219105
Initialize per-instance NSCC parameters: flowid 691 _base_rtt=11685600 _base_bdp=146070 _bdp=146070 _min_cwnd=4150 _maxwnd=219105 _cwnd=219105
Initialize per-instance NSCC parameters: flowid 692 _base_rtt=11685600 _base_bdp=146070 _bdp=146070 _min_cwnd=4150 _maxwnd=219105 _cwnd=219105
Initialize per-instance NSCC parameters: flowid 693 _base_rtt=11685600 _base_bdp=146070 _bdp=146070 _min_cwnd=4150 _maxwnd=219105 _cwnd=219105
Initialize per-instance NSCC parameters: flowid 694 _base_rtt=11685600 _base_bdp=146070 _bdp=146070 _min_cwnd=4150 _maxwnd=219105 _cwnd=219105
Initialize per-instance NSCC parameters: flowid 695 _base_rtt=11685600 _base_bdp=146070 _bdp=146070 _min_cwnd=4150 _maxwnd=219105 _cwnd=219105
Initialize per-instance NSCC parameters: flowid 696 _base_rtt=11685600 _base_bdp=146070 _bdp=146070 _min_cwnd=4150 _maxwnd=219105 _cwnd=219105
Initialize per-instance NSCC parameters: flowid 697 _base_rtt=11685600 _base_bdp=146070 _bdp=146070 _min_cwnd=4150 _maxwnd=219105 _cwnd=219105
Initialize per-instance NSCC parameters: flowid 698 _base_rtt=11685600 _base_bdp=146070 _bdp=146070 _min_cwnd=4150 _maxwnd=219105 _cwnd=219105
Initialize per-instance NSCC parameters: flowid 699 _base_rtt=11685600 _base_bdp=146070 _bdp=146070 _min_cwnd=4150 _maxwnd=219105 _cwnd=219105
Initialize per-instance NSCC parameters: flowid 700 _base_rtt=11685600 _base_bdp=146070 _bdp=146070 _min_cwnd=4150 _maxwnd=219105 _cwnd=219105
Initialize per-instance NSCC parameters: flowid 701 _base_rtt=11685600 _base_bdp=146070 _bdp=146070 _min_cwnd=4150 _maxwnd=219105 _cwnd=219105
Initialize per-instance NSCC parameters: flowid 702 _base_rtt=11685600 _base_bdp=146070 _bdp=146070 _min_cwnd=4150 _maxwnd=219105 _cwnd=219105
Initialize per-instance NSCC parameters: flowid 703 _base_rtt=11685600 _base_bdp=146070 _bdp=146070 _min_cwnd=4150 _maxwnd=219105 _cwnd=219105
Initialize per-instance NSCC parameters: flowid 704 _base_rtt=11685600 _base_bdp=146070 _bdp=146070 _min_cwnd=4150 _maxwnd=219105 _cwnd=219105
Initialize per-instance NSCC parameters: flowid 705 _base_rtt=11685600 _base_bdp=146070 _bdp=146070 _min_cwnd=4150 _maxwnd=219105 _cwnd=219105
Initialize per-instance NSCC parameters: flowid 706 _base_rtt=11685600 _base_bdp=146070 _bdp=146070 _min_cwnd=4150 _maxwnd=219105 _cwnd=219105
Initialize per-instance NSCC parameters: flowid 707 _base_rtt=11685600 _base_bdp=146070 _bdp=146070 _min_cwnd=4150 _maxwnd=219105 _cwnd=219105
Initialize per-instance NSCC parameters: flowid 708 _base_rtt=11685600 _base_bdp=146070 _bdp=146070 _min_cwnd=4150 _maxwnd=219105 _cwnd=219105
Initialize per-instance NSCC parameters: flowid 709 _base_rtt=11685600 _base_bdp=146070 _bdp=146070 _min_cwnd=4150 _maxwnd=219105 _cwnd=219105
Initialize per-instance NSCC parameters: flowid 710 _base_rtt=11685600 _base_bdp=146070 _bdp=146070 _min_cwnd=4150 _maxwnd=219105 _cwnd=219105
Initialize per-instance NSCC parameters: flowid 711 _base_rtt=11685600 _base_bdp=146070 _bdp=146070 _min_cwnd=4150 _maxwnd=219105 _cwnd=219105
Initialize per-instance NSCC parameters: flowid 712 _base_rtt=11685600 _base_bdp=146070 _bdp=146070 _min_cwnd=4150 _maxwnd=219105 _cwnd=219105
Initialize per-instance NSCC parameters: flowid 713 _base_rtt=11685600 _base_bdp=146070 _bdp=146070 _min_cwnd=4150 _maxwnd=219105 _cwnd=219105
Initialize per-instance NSCC parameters: flowid 714 _base_rtt=11685600 _base_bdp=146070 _bdp=146070 _min_cwnd=4150 _maxwnd=219105 _cwnd=219105
Initialize per-instance NSCC parameters: flowid 715 _base_rtt=11685600 _base_bdp=146070 _bdp=146070 _min_cwnd=4150 _maxwnd=219105 _cwnd=219105
Initialize per-instance NSCC parameters: flowid 716 _base_rtt=11685600 _base_bdp=146070 _bdp=146070 _min_cwnd=4150 _maxwnd=219105 _cwnd=219105
Initialize per-instance NSCC parameters: flowid 717 _base_rtt=11685600 _base_bdp=146070 _bdp=146070 _min_cwnd=4150 _maxwnd=219105 _cwnd=219105
Initialize per-instance NSCC parameters: flowid 718 _base_rtt=11685600 _base_bdp=146070 _bdp=146070 _min_cwnd=4150 _maxwnd=219105 _cwnd=219105
Initialize per-instance NSCC parameters: flowid 719 _base_rtt=11685600 _base_bdp=146070 _bdp=146070 _min_cwnd=4150 _maxwnd=219105 _cwnd=219105
Initialize per-instance NSCC parameters: flowid 720 _base_rtt=11685600 _base_bdp=146070 _bdp=146070 _min_cwnd=4150 _maxwnd=219105 _cwnd=219105
Initialize per-instance NSCC parameters: flowid 721 _base_rtt=11685600 _base_bdp=146070 _bdp=146070 _min_cwnd=4150 _maxwnd=219105 _cwnd=219105
Initialize per-instance NSCC parameters: flowid 722 _base_rtt=11685600 _base_bdp=146070 _bdp=146070 _min_cwnd=4150 _maxwnd=219105 _cwnd=219105
Initialize per-instance NSCC parameters: flowid 723 _base_rtt=11685600 _base_bdp=146070 _bdp=146070 _min_cwnd=4150 _maxwnd=219105 _cwnd=219105
Initialize per-instance NSCC parameters: flowid 724 _base_rtt=11685600 _base_bdp=146070 _bdp=146070 _min_cwnd=4150 _maxwnd=219105 _cwnd=219105
Initialize per-instance NSCC parameters: flowid 725 _base_rtt=11685600 _base_bdp=146070 _bdp=146070 _min_cwnd=4150 _maxwnd=219105 _cwnd=219105
Initialize per-instance NSCC parameters: flowid 726 _base_rtt=11685600 _base_bdp=146070 _bdp=146070 _min_cwnd=4150 _maxwnd=219105 _cwnd=219105
Initialize per-instance NSCC parameters: flowid 727 _base_rtt=11685600 _base_bdp=146070 _bdp=146070 _min_cwnd=4150 _maxwnd=219105 _cwnd=219105
Initialize per-instance NSCC parameters: flowid 728 _base_rtt=11685600 _base_bdp=146070 _bdp=146070 _min_cwnd=4150 _maxwnd=219105 _cwnd=219105
Initialize per-instance NSCC parameters: flowid 729 _base_rtt=11685600 _base_bdp=146070 _bdp=146070 _min_cwnd=4150 _maxwnd=219105 _cwnd=219105
Initialize per-instance NSCC parameters: flowid 730 _base_rtt=11685600 _base_bdp=146070 _bdp=146070 _min_cwnd=4150 _maxwnd=219105 _cwnd=219105
Initialize per-instance NSCC parameters: flowid 731 _base_rtt=11685600 _base_bdp=146070 _bdp=146070 _min_cwnd=4150 _maxwnd=219105 _cwnd=219105
Initialize per-instance NSCC parameters: flowid 732 _base_rtt=11685600 _base_bdp=146070 _bdp=146070 _min_cwnd=4150 _maxwnd=219105 _cwnd=219105
Initialize per-instance NSCC parameters: flowid 733 _base_rtt=11685600 _base_bdp=146070 _bdp=146070 _min_cwnd=4150 _maxwnd=219105 _cwnd=219105
Initialize per-instance NSCC parameters: flowid 734 _base_rtt=11685600 _base_bdp=146070 _bdp=146070 _min_cwnd=4150 _maxwnd=219105 _cwnd=219105
Initialize per-instance NSCC parameters: flowid 735 _base_rtt=11685600 _base_bdp=146070 _bdp=146070 _min_cwnd=4150 _maxwnd=219105 _cwnd=219105
Initialize per-instance NSCC parameters: flowid 736 _base_rtt=11685600 _base_bdp=146070 _bdp=146070 _min_cwnd=4150 _maxwnd=219105 _cwnd=219105
Initialize per-instance NSCC parameters: flowid 737 _base_rtt=11685600 _base_bdp=146070 _bdp=146070 _min_cwnd=4150 _maxwnd=219105 _cwnd=219105
Initialize per-instance NSCC parameters: flowid 738 _base_rtt=11685600 _base_bdp=146070 _bdp=146070 _min_cwnd=4150 _maxwnd=219105 _cwnd=219105
Initialize per-instance NSCC parameters: flowid 739 _base_rtt=11685600 _base_bdp=146070 _bdp=146070 _min_cwnd=4150 _maxwnd=219105 _cwnd=219105
Initialize per-instance NSCC parameters: flowid 740 _base_rtt=11685600 _base_bdp=146070 _bdp=146070 _min_cwnd=4150 _maxwnd=219105 _cwnd=219105
Initialize per-instance NSCC parameters: flowid 741 _base_rtt=11685600 _base_bdp=146070 _bdp=146070 _min_cwnd=4150 _maxwnd=219105 _cwnd=219105
Initialize per-instance NSCC parameters: flowid 742 _base_rtt=11685600 _base_bdp=146070 _bdp=146070 _min_cwnd=4150 _maxwnd=219105 _cwnd=219105
Initialize per-instance NSCC parameters: flowid 743 _base_rtt=11685600 _base_bdp=146070 _bdp=146070 _min_cwnd=4150 _maxwnd=219105 _cwnd=219105
Initialize per-instance NSCC parameters: flowid 744 _base_rtt=11685600 _base_bdp=146070 _bdp=146070 _min_cwnd=4150 _maxwnd=219105 _cwnd=219105
Initialize per-instance NSCC parameters: flowid 745 _base_rtt=11685600 _base_bdp=146070 _bdp=146070 _min_cwnd=4150 _maxwnd=219105 _cwnd=219105
Initialize per-instance NSCC parameters: flowid 746 _base_rtt=11685600 _base_bdp=146070 _bdp=146070 _min_cwnd=4150 _maxwnd=219105 _cwnd=219105
Initialize per-instance NSCC parameters: flowid 747 _base_rtt=11685600 _base_bdp=146070 _bdp=146070 _min_cwnd=4150 _maxwnd=219105 _cwnd=219105
Initialize per-instance NSCC parameters: flowid 748 _base_rtt=11685600 _base_bdp=146070 _bdp=146070 _min_cwnd=4150 _maxwnd=219105 _cwnd=219105
Initialize per-instance NSCC parameters: flowid 749 _base_rtt=11685600 _base_bdp=146070 _bdp=146070 _min_cwnd=4150 _maxwnd=219105 _cwnd=219105
Initialize per-instance NSCC parameters: flowid 750 _base_rtt=11685600 _base_bdp=146070 _bdp=146070 _min_cwnd=4150 _maxwnd=219105 _cwnd=219105
Initialize per-instance NSCC parameters: flowid 751 _base_rtt=11685600 _base_bdp=146070 _bdp=146070 _min_cwnd=4150 _maxwnd=219105 _cwnd=219105
Initialize per-instance NSCC parameters: flowid 752 _base_rtt=11685600 _base_bdp=146070 _bdp=146070 _min_cwnd=4150 _maxwnd=219105 _cwnd=219105
Initialize per-instance NSCC parameters: flowid 753 _base_rtt=11685600 _base_bdp=146070 _bdp=146070 _min_cwnd=4150 _maxwnd=219105 _cwnd=219105
Initialize per-instance NSCC parameters: flowid 754 _base_rtt=11685600 _base_bdp=146070 _bdp=146070 _min_cwnd=4150 _maxwnd=219105 _cwnd=219105
Initialize per-instance NSCC parameters: flowid 755 _base_rtt=11685600 _base_bdp=146070 _bdp=146070 _min_cwnd=4150 _maxwnd=219105 _cwnd=219105
Initialize per-instance NSCC parameters: flowid 756 _base_rtt=11685600 _base_bdp=146070 _bdp=146070 _min_cwnd=4150 _maxwnd=219105 _cwnd=219105
Initialize per-instance NSCC parameters: flowid 757 _base_rtt=11685600 _base_bdp=146070 _bdp=146070 _min_cwnd=4150 _maxwnd=219105 _cwnd=219105
Initialize per-instance NSCC parameters: flowid 758 _base_rtt=11685600 _base_bdp=146070 _bdp=146070 _min_cwnd=4150 _maxwnd=219105 _cwnd=219105
Initialize per-instance NSCC parameters: flowid 759 _base_rtt=11685600 _base_bdp=146070 _bdp=146070 _min_cwnd=4150 _maxwnd=219105 _cwnd=219105
Initialize per-instance NSCC parameters: flowid 760 _base_rtt=11685600 _base_bdp=146070 _bdp=146070 _min_cwnd=4150 _maxwnd=219105 _cwnd=219105
Initialize per-instance NSCC parameters: flowid 761 _base_rtt=11685600 _base_bdp=146070 _bdp=146070 _min_cwnd=4150 _maxwnd=219105 _cwnd=219105
Initialize per-instance NSCC parameters: flowid 762 _base_rtt=11685600 _base_bdp=146070 _bdp=146070 _min_cwnd=4150 _maxwnd=219105 _cwnd=219105
Initialize per-instance NSCC parameters: flowid 763 _base_rtt=11685600 _base_bdp=146070 _bdp=146070 _min_cwnd=4150 _maxwnd=219105 _cwnd=219105
Initialize per-instance NSCC parameters: flowid 764 _base_rtt=11685600 _base_bdp=146070 _bdp=146070 _min_cwnd=4150 _maxwnd=219105 _cwnd=219105
Initialize per-instance NSCC parameters: flowid 765 _base_rtt=11685600 _base_bdp=146070 _bdp=146070 _min_cwnd=4150 _maxwnd=219105 _cwnd=219105
Initialize per-instance NSCC parameters: flowid 766 _base_rtt=11685600 _base_bdp=146070 _bdp=146070 _min_cwnd=4150 _maxwnd=219105 _cwnd=219105
Initialize per-instance NSCC parameters: flowid 767 _base_rtt=11685600 _base_bdp=146070 _bdp=146070 _min_cwnd=4150 _maxwnd=219105 _cwnd=219105
Initialize per-instance NSCC parameters: flowid 768 _base_rtt=11685600 _base_bdp=146070 _bdp=146070 _min_cwnd=4150 _maxwnd=219105 _cwnd=219105
Initialize per-instance NSCC parameters: flowid 769 _base_rtt=11685600 _base_bdp=146070 _bdp=146070 _min_cwnd=4150 _maxwnd=219105 _cwnd=219105
Initialize per-instance NSCC parameters: flowid 770 _base_rtt=11685600 _base_bdp=146070 _bdp=146070 _min_cwnd=4150 _maxwnd=219105 _cwnd=219105
Initialize per-instance NSCC parameters: flowid 771 _base_rtt=11685600 _base_bdp=146070 _bdp=146070 _min_cwnd=4150 _maxwnd=219105 _cwnd=219105
Initialize per-instance NSCC parameters: flowid 772 _base_rtt=11685600 _base_bdp=146070 _bdp=146070 _min_cwnd=4150 _maxwnd=219105 _cwnd=219105
Initialize per-instance NSCC parameters: flowid 773 _base_rtt=11685600 _base_bdp=146070 _bdp=146070 _min_cwnd=4150 _maxwnd=219105 _cwnd=219105
Initialize per-instance NSCC parameters: flowid 774 _base_rtt=11685600 _base_bdp=146070 _bdp=146070 _min_cwnd=4150 _maxwnd=219105 _cwnd=219105
Initialize per-instance NSCC parameters: flowid 775 _base_rtt=11685600 _base_bdp=146070 _bdp=146070 _min_cwnd=4150 _maxwnd=219105 _cwnd=219105
Initialize per-instance NSCC parameters: flowid 776 _base_rtt=11685600 _base_bdp=146070 _bdp=146070 _min_cwnd=4150 _maxwnd=219105 _cwnd=219105
Initialize per-instance NSCC parameters: flowid 777 _base_rtt=11685600 _base_bdp=146070 _bdp=146070 _min_cwnd=4150 _maxwnd=219105 _cwnd=219105
Initialize per-instance NSCC parameters: flowid 778 _base_rtt=11685600 _base_bdp=146070 _bdp=146070 _min_cwnd=4150 _maxwnd=219105 _cwnd=219105
Initialize per-instance NSCC parameters: flowid 779 _base_rtt=11685600 _base_bdp=146070 _bdp=146070 _min_cwnd=4150 _maxwnd=219105 _cwnd=219105
Initialize per-instance NSCC parameters: flowid 780 _base_rtt=11685600 _base_bdp=146070 _bdp=146070 _min_cwnd=4150 _maxwnd=219105 _cwnd=219105
Initialize per-instance NSCC parameters: flowid 781 _base_rtt=11685600 _base_bdp=146070 _bdp=146070 _min_cwnd=4150 _maxwnd=219105 _cwnd=219105
Initialize per-instance NSCC parameters: flowid 782 _base_rtt=11685600 _base_bdp=146070 _bdp=146070 _min_cwnd=4150 _maxwnd=219105 _cwnd=219105
Initialize per-instance NSCC parameters: flowid 783 _base_rtt=11685600 _base_bdp=146070 _bdp=146070 _min_cwnd=4150 _maxwnd=219105 _cwnd=219105
Initialize per-instance NSCC parameters: flowid 784 _base_rtt=11685600 _base_bdp=146070 _bdp=146070 _min_cwnd=4150 _maxwnd=219105 _cwnd=219105
Initialize per-instance NSCC parameters: flowid 785 _base_rtt=11685600 _base_bdp=146070 _bdp=146070 _min_cwnd=4150 _maxwnd=219105 _cwnd=219105
Initialize per-instance NSCC parameters: flowid 786 _base_rtt=11685600 _base_bdp=146070 _bdp=146070 _min_cwnd=4150 _maxwnd=219105 _cwnd=219105
Initialize per-instance NSCC parameters: flowid 787 _base_rtt=11685600 _base_bdp=146070 _bdp=146070 _min_cwnd=4150 _maxwnd=219105 _cwnd=219105
Initialize per-instance NSCC parameters: flowid 788 _base_rtt=11685600 _base_bdp=146070 _bdp=146070 _min_cwnd=4150 _maxwnd=219105 _cwnd=219105
Initialize per-instance NSCC parameters: flowid 789 _base_rtt=11685600 _base_bdp=146070 _bdp=146070 _min_cwnd=4150 _maxwnd=219105 _cwnd=219105
Initialize per-instance NSCC parameters: flowid 790 _base_rtt=11685600 _base_bdp=146070 _bdp=146070 _min_cwnd=4150 _maxwnd=219105 _cwnd=219105
Initialize per-instance NSCC parameters: flowid 791 _base_rtt=11685600 _base_bdp=146070 _bdp=146070 _min_cwnd=4150 _maxwnd=219105 _cwnd=219105
Initialize per-instance NSCC parameters: flowid 792 _base_rtt=11685600 _base_bdp=146070 _bdp=146070 _min_cwnd=4150 _maxwnd=219105 _cwnd=219105
Initialize per-instance NSCC parameters: flowid 793 _base_rtt=11685600 _base_bdp=146070 _bdp=146070 _min_cwnd=4150 _maxwnd=219105 _cwnd=219105
Initialize per-instance NSCC parameters: flowid 794 _base_rtt=11685600 _base_bdp=146070 _bdp=146070 _min_cwnd=4150 _maxwnd=219105 _cwnd=219105
Initialize per-instance NSCC parameters: flowid 795 _base_rtt=11685600 _base_bdp=146070 _bdp=146070 _min_cwnd=4150 _maxwnd=219105 _cwnd=219105
Initialize per-instance NSCC parameters: flowid 796 _base_rtt=11685600 _base_bdp=146070 _bdp=146070 _min_cwnd=4150 _maxwnd=219105 _cwnd=219105
Initialize per-instance NSCC parameters: flowid 797 _base_rtt=11685600 _base_bdp=146070 _bdp=146070 _min_cwnd=4150 _maxwnd=219105 _cwnd=219105
Initialize per-instance NSCC parameters: flowid 798 _base_rtt=11685600 _base_bdp=146070 _bdp=146070 _min_cwnd=4150 _maxwnd=219105 _cwnd=219105
Initialize per-instance NSCC parameters: flowid 799 _base_rtt=11685600 _base_bdp=146070 _bdp=146070 _min_cwnd=4150 _maxwnd=219105 _cwnd=219105
Initialize per-instance NSCC parameters: flowid 800 _base_rtt=11685600 _base_bdp=146070 _bdp=146070 _min_cwnd=4150 _maxwnd=219105 _cwnd=219105
Initialize per-instance NSCC parameters: flowid 801 _base_rtt=11685600 _base_bdp=146070 _bdp=146070 _min_cwnd=4150 _maxwnd=219105 _cwnd=219105
Initialize per-instance NSCC parameters: flowid 802 _base_rtt=11685600 _base_bdp=146070 _bdp=146070 _min_cwnd=4150 _maxwnd=219105 _cwnd=219105
Initialize per-instance NSCC parameters: flowid 803 _base_rtt=11685600 _base_bdp=146070 _bdp=146070 _min_cwnd=4150 _maxwnd=219105 _cwnd=219105
Initialize per-instance NSCC parameters: flowid 804 _base_rtt=11685600 _base_bdp=146070 _bdp=146070 _min_cwnd=4150 _maxwnd=219105 _cwnd=219105
Initialize per-instance NSCC parameters: flowid 805 _base_rtt=11685600 _base_bdp=146070 _bdp=146070 _min_cwnd=4150 _maxwnd=219105 _cwnd=219105
Initialize per-instance NSCC parameters: flowid 806 _base_rtt=11685600 _base_bdp=146070 _bdp=146070 _min_cwnd=4150 _maxwnd=219105 _cwnd=219105
Initialize per-instance NSCC parameters: flowid 807 _base_rtt=11685600 _base_bdp=146070 _bdp=146070 _min_cwnd=4150 _maxwnd=219105 _cwnd=219105
Initialize per-instance NSCC parameters: flowid 808 _base_rtt=11685600 _base_bdp=146070 _bdp=146070 _min_cwnd=4150 _maxwnd=219105 _cwnd=219105
Initialize per-instance NSCC parameters: flowid 809 _base_rtt=11685600 _base_bdp=146070 _bdp=146070 _min_cwnd=4150 _maxwnd=219105 _cwnd=219105
Initialize per-instance NSCC parameters: flowid 810 _base_rtt=11685600 _base_bdp=146070 _bdp=146070 _min_cwnd=4150 _maxwnd=219105 _cwnd=219105
Initialize per-instance NSCC parameters: flowid 811 _base_rtt=11685600 _base_bdp=146070 _bdp=146070 _min_cwnd=4150 _maxwnd=219105 _cwnd=219105
Initialize per-instance NSCC parameters: flowid 812 _base_rtt=11685600 _base_bdp=146070 _bdp=146070 _min_cwnd=4150 _maxwnd=219105 _cwnd=219105
Initialize per-instance NSCC parameters: flowid 813 _base_rtt=11685600 _base_bdp=146070 _bdp=146070 _min_cwnd=4150 _maxwnd=219105 _cwnd=219105
Initialize per-instance NSCC parameters: flowid 814 _base_rtt=11685600 _base_bdp=146070 _bdp=146070 _min_cwnd=4150 _maxwnd=219105 _cwnd=219105
Initialize per-instance NSCC parameters: flowid 815 _base_rtt=11685600 _base_bdp=146070 _bdp=146070 _min_cwnd=4150 _maxwnd=219105 _cwnd=219105
Initialize per-instance NSCC parameters: flowid 816 _base_rtt=11685600 _base_bdp=146070 _bdp=146070 _min_cwnd=4150 _maxwnd=219105 _cwnd=219105
Initialize per-instance NSCC parameters: flowid 817 _base_rtt=11685600 _base_bdp=146070 _bdp=146070 _min_cwnd=4150 _maxwnd=219105 _cwnd=219105
Initialize per-instance NSCC parameters: flowid 818 _base_rtt=11685600 _base_bdp=146070 _bdp=146070 _min_cwnd=4150 _maxwnd=219105 _cwnd=219105
Initialize per-instance NSCC parameters: flowid 819 _base_rtt=11685600 _base_bdp=146070 _bdp=146070 _min_cwnd=4150 _maxwnd=219105 _cwnd=219105
Initialize per-instance NSCC parameters: flowid 820 _base_rtt=11685600 _base_bdp=146070 _bdp=146070 _min_cwnd=4150 _maxwnd=219105 _cwnd=219105
Initialize per-instance NSCC parameters: flowid 821 _base_rtt=11685600 _base_bdp=146070 _bdp=146070 _min_cwnd=4150 _maxwnd=219105 _cwnd=219105
Initialize per-instance NSCC parameters: flowid 822 _base_rtt=11685600 _base_bdp=146070 _bdp=146070 _min_cwnd=4150 _maxwnd=219105 _cwnd=219105
Initialize per-instance NSCC parameters: flowid 823 _base_rtt=11685600 _base_bdp=146070 _bdp=146070 _min_cwnd=4150 _maxwnd=219105 _cwnd=219105
Initialize per-instance NSCC parameters: flowid 824 _base_rtt=11685600 _base_bdp=146070 _bdp=146070 _min_cwnd=4150 _maxwnd=219105 _cwnd=219105
Initialize per-instance NSCC parameters: flowid 825 _base_rtt=11685600 _base_bdp=146070 _bdp=146070 _min_cwnd=4150 _maxwnd=219105 _cwnd=219105
Initialize per-instance NSCC parameters: flowid 826 _base_rtt=11685600 _base_bdp=146070 _bdp=146070 _min_cwnd=4150 _maxwnd=219105 _cwnd=219105
Initialize per-instance NSCC parameters: flowid 827 _base_rtt=11685600 _base_bdp=146070 _bdp=146070 _min_cwnd=4150 _maxwnd=219105 _cwnd=219105
Initialize per-instance NSCC parameters: flowid 828 _base_rtt=11685600 _base_bdp=146070 _bdp=146070 _min_cwnd=4150 _maxwnd=219105 _cwnd=219105
Initialize per-instance NSCC parameters: flowid 829 _base_rtt=11685600 _base_bdp=146070 _bdp=146070 _min_cwnd=4150 _maxwnd=219105 _cwnd=219105
Initialize per-instance NSCC parameters: flowid 830 _base_rtt=11685600 _base_bdp=146070 _bdp=146070 _min_cwnd=4150 _maxwnd=219105 _cwnd=219105
Initialize per-instance NSCC parameters: flowid 831 _base_rtt=11685600 _base_bdp=146070 _bdp=146070 _min_cwnd=4150 _maxwnd=219105 _cwnd=219105
Initialize per-instance NSCC parameters: flowid 832 _base_rtt=11685600 _base_bdp=146070 _bdp=146070 _min_cwnd=4150 _maxwnd=219105 _cwnd=219105
Initialize per-instance NSCC parameters: flowid 833 _base_rtt=11685600 _base_bdp=146070 _bdp=146070 _min_cwnd=4150 _maxwnd=219105 _cwnd=219105
Initialize per-instance NSCC parameters: flowid 834 _base_rtt=11685600 _base_bdp=146070 _bdp=146070 _min_cwnd=4150 _maxwnd=219105 _cwnd=219105
Initialize per-instance NSCC parameters: flowid 835 _base_rtt=11685600 _base_bdp=146070 _bdp=146070 _min_cwnd=4150 _maxwnd=219105 _cwnd=219105
Initialize per-instance NSCC parameters: flowid 836 _base_rtt=11685600 _base_bdp=146070 _bdp=146070 _min_cwnd=4150 _maxwnd=219105 _cwnd=219105
Initialize per-instance NSCC parameters: flowid 837 _base_rtt=11685600 _base_bdp=146070 _bdp=146070 _min_cwnd=4150 _maxwnd=219105 _cwnd=219105
Initialize per-instance NSCC parameters: flowid 838 _base_rtt=11685600 _base_bdp=146070 _bdp=146070 _min_cwnd=4150 _maxwnd=219105 _cwnd=219105
Initialize per-instance NSCC parameters: flowid 839 _base_rtt=11685600 _base_bdp=146070 _bdp=146070 _min_cwnd=4150 _maxwnd=219105 _cwnd=219105
Initialize per-instance NSCC parameters: flowid 840 _base_rtt=11685600 _base_bdp=146070 _bdp=146070 _min_cwnd=4150 _maxwnd=219105 _cwnd=219105
Initialize per-instance NSCC parameters: flowid 841 _base_rtt=11685600 _base_bdp=146070 _bdp=146070 _min_cwnd=4150 _maxwnd=219105 _cwnd=219105
Initialize per-instance NSCC parameters: flowid 842 _base_rtt=11685600 _base_bdp=146070 _bdp=146070 _min_cwnd=4150 _maxwnd=219105 _cwnd=219105
Initialize per-instance NSCC parameters: flowid 843 _base_rtt=11685600 _base_bdp=146070 _bdp=146070 _min_cwnd=4150 _maxwnd=219105 _cwnd=219105
Initialize per-instance NSCC parameters: flowid 844 _base_rtt=11685600 _base_bdp=146070 _bdp=146070 _min_cwnd=4150 _maxwnd=219105 _cwnd=219105
Initialize per-instance NSCC parameters: flowid 845 _base_rtt=11685600 _base_bdp=146070 _bdp=146070 _min_cwnd=4150 _maxwnd=219105 _cwnd=219105
Initialize per-instance NSCC parameters: flowid 846 _base_rtt=11685600 _base_bdp=146070 _bdp=146070 _min_cwnd=4150 _maxwnd=219105 _cwnd=219105
Initialize per-instance NSCC parameters: flowid 847 _base_rtt=11685600 _base_bdp=146070 _bdp=146070 _min_cwnd=4150 _maxwnd=219105 _cwnd=219105
Initialize per-instance NSCC parameters: flowid 848 _base_rtt=11685600 _base_bdp=146070 _bdp=146070 _min_cwnd=4150 _maxwnd=219105 _cwnd=219105
Initialize per-instance NSCC parameters: flowid 849 _base_rtt=11685600 _base_bdp=146070 _bdp=146070 _min_cwnd=4150 _maxwnd=219105 _cwnd=219105
Initialize per-instance NSCC parameters: flowid 850 _base_rtt=11685600 _base_bdp=146070 _bdp=146070 _min_cwnd=4150 _maxwnd=219105 _cwnd=219105
Initialize per-instance NSCC parameters: flowid 851 _base_rtt=11685600 _base_bdp=146070 _bdp=146070 _min_cwnd=4150 _maxwnd=219105 _cwnd=219105
Initialize per-instance NSCC parameters: flowid 852 _base_rtt=11685600 _base_bdp=146070 _bdp=146070 _min_cwnd=4150 _maxwnd=219105 _cwnd=219105
Initialize per-instance NSCC parameters: flowid 853 _base_rtt=11685600 _base_bdp=146070 _bdp=146070 _min_cwnd=4150 _maxwnd=219105 _cwnd=219105
Initialize per-instance NSCC parameters: flowid 854 _base_rtt=11685600 _base_bdp=146070 _bdp=146070 _min_cwnd=4150 _maxwnd=219105 _cwnd=219105
Initialize per-instance NSCC parameters: flowid 855 _base_rtt=11685600 _base_bdp=146070 _bdp=146070 _min_cwnd=4150 _maxwnd=219105 _cwnd=219105
Initialize per-instance NSCC parameters: flowid 856 _base_rtt=11685600 _base_bdp=146070 _bdp=146070 _min_cwnd=4150 _maxwnd=219105 _cwnd=219105
Initialize per-instance NSCC parameters: flowid 857 _base_rtt=11685600 _base_bdp=146070 _bdp=146070 _min_cwnd=4150 _maxwnd=219105 _cwnd=219105
Initialize per-instance NSCC parameters: flowid 858 _base_rtt=11685600 _base_bdp=146070 _bdp=146070 _min_cwnd=4150 _maxwnd=219105 _cwnd=219105
Initialize per-instance NSCC parameters: flowid 859 _base_rtt=11685600 _base_bdp=146070 _bdp=146070 _min_cwnd=4150 _maxwnd=219105 _cwnd=219105
Initialize per-instance NSCC parameters: flowid 860 _base_rtt=11685600 _base_bdp=146070 _bdp=146070 _min_cwnd=4150 _maxwnd=219105 _cwnd=219105
Initialize per-instance NSCC parameters: flowid 861 _base_rtt=11685600 _base_bdp=146070 _bdp=146070 _min_cwnd=4150 _maxwnd=219105 _cwnd=219105
Initialize per-instance NSCC parameters: flowid 862 _base_rtt=11685600 _base_bdp=146070 _bdp=146070 _min_cwnd=4150 _maxwnd=219105 _cwnd=219105
Initialize per-instance NSCC parameters: flowid 863 _base_rtt=11685600 _base_bdp=146070 _bdp=146070 _min_cwnd=4150 _maxwnd=219105 _cwnd=219105
Initialize per-instance NSCC parameters: flowid 864 _base_rtt=11685600 _base_bdp=146070 _bdp=146070 _min_cwnd=4150 _maxwnd=219105 _cwnd=219105
Initialize per-instance NSCC parameters: flowid 865 _base_rtt=11685600 _base_bdp=146070 _bdp=146070 _min_cwnd=4150 _maxwnd=219105 _cwnd=219105
Initialize per-instance NSCC parameters: flowid 866 _base_rtt=11685600 _base_bdp=146070 _bdp=146070 _min_cwnd=4150 _maxwnd=219105 _cwnd=219105
Initialize per-instance NSCC parameters: flowid 867 _base_rtt=11685600 _base_bdp=146070 _bdp=146070 _min_cwnd=4150 _maxwnd=219105 _cwnd=219105
Initialize per-instance NSCC parameters: flowid 868 _base_rtt=11685600 _base_bdp=146070 _bdp=146070 _min_cwnd=4150 _maxwnd=219105 _cwnd=219105
Initialize per-instance NSCC parameters: flowid 869 _base_rtt=11685600 _base_bdp=146070 _bdp=146070 _min_cwnd=4150 _maxwnd=219105 _cwnd=219105
Initialize per-instance NSCC parameters: flowid 870 _base_rtt=11685600 _base_bdp=146070 _bdp=146070 _min_cwnd=4150 _maxwnd=219105 _cwnd=219105
Initialize per-instance NSCC parameters: flowid 871 _base_rtt=11685600 _base_bdp=146070 _bdp=146070 _min_cwnd=4150 _maxwnd=219105 _cwnd=219105
Initialize per-instance NSCC parameters: flowid 872 _base_rtt=11685600 _base_bdp=146070 _bdp=146070 _min_cwnd=4150 _maxwnd=219105 _cwnd=219105
Initialize per-instance NSCC parameters: flowid 873 _base_rtt=11685600 _base_bdp=146070 _bdp=146070 _min_cwnd=4150 _maxwnd=219105 _cwnd=219105
Initialize per-instance NSCC parameters: flowid 874 _base_rtt=11685600 _base_bdp=146070 _bdp=146070 _min_cwnd=4150 _maxwnd=219105 _cwnd=219105
Initialize per-instance NSCC parameters: flowid 875 _base_rtt=11685600 _base_bdp=146070 _bdp=146070 _min_cwnd=4150 _maxwnd=219105 _cwnd=219105
Initialize per-instance NSCC parameters: flowid 876 _base_rtt=11685600 _base_bdp=146070 _bdp=146070 _min_cwnd=4150 _maxwnd=219105 _cwnd=219105
Initialize per-instance NSCC parameters: flowid 877 _base_rtt=11685600 _base_bdp=146070 _bdp=146070 _min_cwnd=4150 _maxwnd=219105 _cwnd=219105
Initialize per-instance NSCC parameters: flowid 878 _base_rtt=11685600 _base_bdp=146070 _bdp=146070 _min_cwnd=4150 _maxwnd=219105 _cwnd=219105
Initialize per-instance NSCC parameters: flowid 879 _base_rtt=11685600 _base_bdp=146070 _bdp=146070 _min_cwnd=4150 _maxwnd=219105 _cwnd=219105
Initialize per-instance NSCC parameters: flowid 880 _base_rtt=11685600 _base_bdp=146070 _bdp=146070 _min_cwnd=4150 _maxwnd=219105 _cwnd=219105
Initialize per-instance NSCC parameters: flowid 881 _base_rtt=11685600 _base_bdp=146070 _bdp=146070 _min_cwnd=4150 _maxwnd=219105 _cwnd=219105
Initialize per-instance NSCC parameters: flowid 882 _base_rtt=11685600 _base_bdp=146070 _bdp=146070 _min_cwnd=4150 _maxwnd=219105 _cwnd=219105
Initialize per-instance NSCC parameters: flowid 883 _base_rtt=11685600 _base_bdp=146070 _bdp=146070 _min_cwnd=4150 _maxwnd=219105 _cwnd=219105
Initialize per-instance NSCC parameters: flowid 884 _base_rtt=11685600 _base_bdp=146070 _bdp=146070 _min_cwnd=4150 _maxwnd=219105 _cwnd=219105
Initialize per-instance NSCC parameters: flowid 885 _base_rtt=11685600 _base_bdp=146070 _bdp=146070 _min_cwnd=4150 _maxwnd=219105 _cwnd=219105
Initialize per-instance NSCC parameters: flowid 886 _base_rtt=11685600 _base_bdp=146070 _bdp=146070 _min_cwnd=4150 _maxwnd=219105 _cwnd=219105
Initialize per-instance NSCC parameters: flowid 887 _base_rtt=11685600 _base_bdp=146070 _bdp=146070 _min_cwnd=4150 _maxwnd=219105 _cwnd=219105
Initialize per-instance NSCC parameters: flowid 888 _base_rtt=11685600 _base_bdp=146070 _bdp=146070 _min_cwnd=4150 _maxwnd=219105 _cwnd=219105
Initialize per-instance NSCC parameters: flowid 889 _base_rtt=11685600 _base_bdp=146070 _bdp=146070 _min_cwnd=4150 _maxwnd=219105 _cwnd=219105
Initialize per-instance NSCC parameters: flowid 890 _base_rtt=11685600 _base_bdp=146070 _bdp=146070 _min_cwnd=4150 _maxwnd=219105 _cwnd=219105
Initialize per-instance NSCC parameters: flowid 891 _base_rtt=11685600 _base_bdp=146070 _bdp=146070 _min_cwnd=4150 _maxwnd=219105 _cwnd=219105
Initialize per-instance NSCC parameters: flowid 892 _base_rtt=11685600 _base_bdp=146070 _bdp=146070 _min_cwnd=4150 _maxwnd=219105 _cwnd=219105
Initialize per-instance NSCC parameters: flowid 893 _base_rtt=11685600 _base_bdp=146070 _bdp=146070 _min_cwnd=4150 _maxwnd=219105 _cwnd=219105
Initialize per-instance NSCC parameters: flowid 894 _base_rtt=11685600 _base_bdp=146070 _bdp=146070 _min_cwnd=4150 _maxwnd=219105 _cwnd=219105
Initialize per-instance NSCC parameters: flowid 895 _base_rtt=11685600 _base_bdp=146070 _bdp=146070 _min_cwnd=4150 _maxwnd=219105 _cwnd=219105
Initialize per-instance NSCC parameters: flowid 896 _base_rtt=11685600 _base_bdp=146070 _bdp=146070 _min_cwnd=4150 _maxwnd=219105 _cwnd=219105
Initialize per-instance NSCC parameters: flowid 897 _base_rtt=11685600 _base_bdp=146070 _bdp=146070 _min_cwnd=4150 _maxwnd=219105 _cwnd=219105
Initialize per-instance NSCC parameters: flowid 898 _base_rtt=11685600 _base_bdp=146070 _bdp=146070 _min_cwnd=4150 _maxwnd=219105 _cwnd=219105
Initialize per-instance NSCC parameters: flowid 899 _base_rtt=11685600 _base_bdp=146070 _bdp=146070 _min_cwnd=4150 _maxwnd=219105 _cwnd=219105
Initialize per-instance NSCC parameters: flowid 900 _base_rtt=11685600 _base_bdp=146070 _bdp=146070 _min_cwnd=4150 _maxwnd=219105 _cwnd=219105
Initialize per-instance NSCC parameters: flowid 901 _base_rtt=11685600 _base_bdp=146070 _bdp=146070 _min_cwnd=4150 _maxwnd=219105 _cwnd=219105
Initialize per-instance NSCC parameters: flowid 902 _base_rtt=11685600 _base_bdp=146070 _bdp=146070 _min_cwnd=4150 _maxwnd=219105 _cwnd=219105
Initialize per-instance NSCC parameters: flowid 903 _base_rtt=11685600 _base_bdp=146070 _bdp=146070 _min_cwnd=4150 _maxwnd=219105 _cwnd=219105
Initialize per-instance NSCC parameters: flowid 904 _base_rtt=11685600 _base_bdp=146070 _bdp=146070 _min_cwnd=4150 _maxwnd=219105 _cwnd=219105
Initialize per-instance NSCC parameters: flowid 905 _base_rtt=11685600 _base_bdp=146070 _bdp=146070 _min_cwnd=4150 _maxwnd=219105 _cwnd=219105
Initialize per-instance NSCC parameters: flowid 906 _base_rtt=11685600 _base_bdp=146070 _bdp=146070 _min_cwnd=4150 _maxwnd=219105 _cwnd=219105
Initialize per-instance NSCC parameters: flowid 907 _base_rtt=11685600 _base_bdp=146070 _bdp=146070 _min_cwnd=4150 _maxwnd=219105 _cwnd=219105
Initialize per-instance NSCC parameters: flowid 908 _base_rtt=11685600 _base_bdp=146070 _bdp=146070 _min_cwnd=4150 _maxwnd=219105 _cwnd=219105
Initialize per-instance NSCC parameters: flowid 909 _base_rtt=11685600 _base_bdp=146070 _bdp=146070 _min_cwnd=4150 _maxwnd=219105 _cwnd=219105
Initialize per-instance NSCC parameters: flowid 910 _base_rtt=11685600 _base_bdp=146070 _bdp=146070 _min_cwnd=4150 _maxwnd=219105 _cwnd=219105
Initialize per-instance NSCC parameters: flowid 911 _base_rtt=11685600 _base_bdp=146070 _bdp=146070 _min_cwnd=4150 _maxwnd=219105 _cwnd=219105
Initialize per-instance NSCC parameters: flowid 912 _base_rtt=11685600 _base_bdp=146070 _bdp=146070 _min_cwnd=4150 _maxwnd=219105 _cwnd=219105
Initialize per-instance NSCC parameters: flowid 913 _base_rtt=11685600 _base_bdp=146070 _bdp=146070 _min_cwnd=4150 _maxwnd=219105 _cwnd=219105
Initialize per-instance NSCC parameters: flowid 914 _base_rtt=11685600 _base_bdp=146070 _bdp=146070 _min_cwnd=4150 _maxwnd=219105 _cwnd=219105
Initialize per-instance NSCC parameters: flowid 915 _base_rtt=11685600 _base_bdp=146070 _bdp=146070 _min_cwnd=4150 _maxwnd=219105 _cwnd=219105
Initialize per-instance NSCC parameters: flowid 916 _base_rtt=11685600 _base_bdp=146070 _bdp=146070 _min_cwnd=4150 _maxwnd=219105 _cwnd=219105
Initialize per-instance NSCC parameters: flowid 917 _base_rtt=11685600 _base_bdp=146070 _bdp=146070 _min_cwnd=4150 _maxwnd=219105 _cwnd=219105
Initialize per-instance NSCC parameters: flowid 918 _base_rtt=11685600 _base_bdp=146070 _bdp=146070 _min_cwnd=4150 _maxwnd=219105 _cwnd=219105
Initialize per-instance NSCC parameters: flowid 919 _base_rtt=11685600 _base_bdp=146070 _bdp=146070 _min_cwnd=4150 _maxwnd=219105 _cwnd=219105
Initialize per-instance NSCC parameters: flowid 920 _base_rtt=11685600 _base_bdp=146070 _bdp=146070 _min_cwnd=4150 _maxwnd=219105 _cwnd=219105
Initialize per-instance NSCC parameters: flowid 921 _base_rtt=11685600 _base_bdp=146070 _bdp=146070 _min_cwnd=4150 _maxwnd=219105 _cwnd=219105
Initialize per-instance NSCC parameters: flowid 922 _base_rtt=11685600 _base_bdp=146070 _bdp=146070 _min_cwnd=4150 _maxwnd=219105 _cwnd=219105
Initialize per-instance NSCC parameters: flowid 923 _base_rtt=11685600 _base_bdp=146070 _bdp=146070 _min_cwnd=4150 _maxwnd=219105 _cwnd=219105
Initialize per-instance NSCC parameters: flowid 924 _base_rtt=11685600 _base_bdp=146070 _bdp=146070 _min_cwnd=4150 _maxwnd=219105 _cwnd=219105
Initialize per-instance NSCC parameters: flowid 925 _base_rtt=11685600 _base_bdp=146070 _bdp=146070 _min_cwnd=4150 _maxwnd=219105 _cwnd=219105
Initialize per-instance NSCC parameters: flowid 926 _base_rtt=11685600 _base_bdp=146070 _bdp=146070 _min_cwnd=4150 _maxwnd=219105 _cwnd=219105
Initialize per-instance NSCC parameters: flowid 927 _base_rtt=11685600 _base_bdp=146070 _bdp=146070 _min_cwnd=4150 _maxwnd=219105 _cwnd=219105
Initialize per-instance NSCC parameters: flowid 928 _base_rtt=11685600 _base_bdp=146070 _bdp=146070 _min_cwnd=4150 _maxwnd=219105 _cwnd=219105
Initialize per-instance NSCC parameters: flowid 929 _base_rtt=11685600 _base_bdp=146070 _bdp=146070 _min_cwnd=4150 _maxwnd=219105 _cwnd=219105
Initialize per-instance NSCC parameters: flowid 930 _base_rtt=11685600 _base_bdp=146070 _bdp=146070 _min_cwnd=4150 _maxwnd=219105 _cwnd=219105
Initialize per-instance NSCC parameters: flowid 931 _base_rtt=11685600 _base_bdp=146070 _bdp=146070 _min_cwnd=4150 _maxwnd=219105 _cwnd=219105
Initialize per-instance NSCC parameters: flowid 932 _base_rtt=11685600 _base_bdp=146070 _bdp=146070 _min_cwnd=4150 _maxwnd=219105 _cwnd=219105
Initialize per-instance NSCC parameters: flowid 933 _base_rtt=11685600 _base_bdp=146070 _bdp=146070 _min_cwnd=4150 _maxwnd=219105 _cwnd=219105
Initialize per-instance NSCC parameters: flowid 934 _base_rtt=11685600 _base_bdp=146070 _bdp=146070 _min_cwnd=4150 _maxwnd=219105 _cwnd=219105
Initialize per-instance NSCC parameters: flowid 935 _base_rtt=11685600 _base_bdp=146070 _bdp=146070 _min_cwnd=4150 _maxwnd=219105 _cwnd=219105
Initialize per-instance NSCC parameters: flowid 936 _base_rtt=11685600 _base_bdp=146070 _bdp=146070 _min_cwnd=4150 _maxwnd=219105 _cwnd=219105
Initialize per-instance NSCC parameters: flowid 937 _base_rtt=11685600 _base_bdp=146070 _bdp=146070 _min_cwnd=4150 _maxwnd=219105 _cwnd=219105
Initialize per-instance NSCC parameters: flowid 938 _base_rtt=11685600 _base_bdp=146070 _bdp=146070 _min_cwnd=4150 _maxwnd=219105 _cwnd=219105
Initialize per-instance NSCC parameters: flowid 939 _base_rtt=11685600 _base_bdp=146070 _bdp=146070 _min_cwnd=4150 _maxwnd=219105 _cwnd=219105
Initialize per-instance NSCC parameters: flowid 940 _base_rtt=11685600 _base_bdp=146070 _bdp=146070 _min_cwnd=4150 _maxwnd=219105 _cwnd=219105
Initialize per-instance NSCC parameters: flowid 941 _base_rtt=11685600 _base_bdp=146070 _bdp=146070 _min_cwnd=4150 _maxwnd=219105 _cwnd=219105
Initialize per-instance NSCC parameters: flowid 942 _base_rtt=11685600 _base_bdp=146070 _bdp=146070 _min_cwnd=4150 _maxwnd=219105 _cwnd=219105
Initialize per-instance NSCC parameters: flowid 943 _base_rtt=11685600 _base_bdp=146070 _bdp=146070 _min_cwnd=4150 _maxwnd=219105 _cwnd=219105
Initialize per-instance NSCC parameters: flowid 944 _base_rtt=11685600 _base_bdp=146070 _bdp=146070 _min_cwnd=4150 _maxwnd=219105 _cwnd=219105
Initialize per-instance NSCC parameters: flowid 945 _base_rtt=11685600 _base_bdp=146070 _bdp=146070 _min_cwnd=4150 _maxwnd=219105 _cwnd=219105
Initialize per-instance NSCC parameters: flowid 946 _base_rtt=11685600 _base_bdp=146070 _bdp=146070 _min_cwnd=4150 _maxwnd=219105 _cwnd=219105
Initialize per-instance NSCC parameters: flowid 947 _base_rtt=11685600 _base_bdp=146070 _bdp=146070 _min_cwnd=4150 _maxwnd=219105 _cwnd=219105
Initialize per-instance NSCC parameters: flowid 948 _base_rtt=11685600 _base_bdp=146070 _bdp=146070 _min_cwnd=4150 _maxwnd=219105 _cwnd=219105
Initialize per-instance NSCC parameters: flowid 949 _base_rtt=11685600 _base_bdp=146070 _bdp=146070 _min_cwnd=4150 _maxwnd=219105 _cwnd=219105
Initialize per-instance NSCC parameters: flowid 950 _base_rtt=11685600 _base_bdp=146070 _bdp=146070 _min_cwnd=4150 _maxwnd=219105 _cwnd=219105
Initialize per-instance NSCC parameters: flowid 951 _base_rtt=11685600 _base_bdp=146070 _bdp=146070 _min_cwnd=4150 _maxwnd=219105 _cwnd=219105
Initialize per-instance NSCC parameters: flowid 952 _base_rtt=11685600 _base_bdp=146070 _bdp=146070 _min_cwnd=4150 _maxwnd=219105 _cwnd=219105
Initialize per-instance NSCC parameters: flowid 953 _base_rtt=11685600 _base_bdp=146070 _bdp=146070 _min_cwnd=4150 _maxwnd=219105 _cwnd=219105
Initialize per-instance NSCC parameters: flowid 954 _base_rtt=11685600 _base_bdp=146070 _bdp=146070 _min_cwnd=4150 _maxwnd=219105 _cwnd=219105
Initialize per-instance NSCC parameters: flowid 955 _base_rtt=11685600 _base_bdp=146070 _bdp=146070 _min_cwnd=4150 _maxwnd=219105 _cwnd=219105
Initialize per-instance NSCC parameters: flowid 956 _base_rtt=11685600 _base_bdp=146070 _bdp=146070 _min_cwnd=4150 _maxwnd=219105 _cwnd=219105
Initialize per-instance NSCC parameters: flowid 957 _base_rtt=11685600 _base_bdp=146070 _bdp=146070 _min_cwnd=4150 _maxwnd=219105 _cwnd=219105
Initialize per-instance NSCC parameters: flowid 958 _base_rtt=11685600 _base_bdp=146070 _bdp=146070 _min_cwnd=4150 _maxwnd=219105 _cwnd=219105
Initialize per-instance NSCC parameters: flowid 959 _base_rtt=11685600 _base_bdp=146070 _bdp=146070 _min_cwnd=4150 _maxwnd=219105 _cwnd=219105
Initialize per-instance NSCC parameters: flowid 960 _base_rtt=11685600 _base_bdp=146070 _bdp=146070 _min_cwnd=4150 _maxwnd=219105 _cwnd=219105
Initialize per-instance NSCC parameters: flowid 961 _base_rtt=11685600 _base_bdp=146070 _bdp=146070 _min_cwnd=4150 _maxwnd=219105 _cwnd=219105
Initialize per-instance NSCC parameters: flowid 962 _base_rtt=11685600 _base_bdp=146070 _bdp=146070 _min_cwnd=4150 _maxwnd=219105 _cwnd=219105
Initialize per-instance NSCC parameters: flowid 963 _base_rtt=11685600 _base_bdp=146070 _bdp=146070 _min_cwnd=4150 _maxwnd=219105 _cwnd=219105
Initialize per-instance NSCC parameters: flowid 964 _base_rtt=11685600 _base_bdp=146070 _bdp=146070 _min_cwnd=4150 _maxwnd=219105 _cwnd=219105
Initialize per-instance NSCC parameters: flowid 965 _base_rtt=11685600 _base_bdp=146070 _bdp=146070 _min_cwnd=4150 _maxwnd=219105 _cwnd=219105
Initialize per-instance NSCC parameters: flowid 966 _base_rtt=11685600 _base_bdp=146070 _bdp=146070 _min_cwnd=4150 _maxwnd=219105 _cwnd=219105
Initialize per-instance NSCC parameters: flowid 967 _base_rtt=11685600 _base_bdp=146070 _bdp=146070 _min_cwnd=4150 _maxwnd=219105 _cwnd=219105
Initialize per-instance NSCC parameters: flowid 968 _base_rtt=11685600 _base_bdp=146070 _bdp=146070 _min_cwnd=4150 _maxwnd=219105 _cwnd=219105
Initialize per-instance NSCC parameters: flowid 969 _base_rtt=11685600 _base_bdp=146070 _bdp=146070 _min_cwnd=4150 _maxwnd=219105 _cwnd=219105
Initialize per-instance NSCC parameters: flowid 970 _base_rtt=11685600 _base_bdp=146070 _bdp=146070 _min_cwnd=4150 _maxwnd=219105 _cwnd=219105
Initialize per-instance NSCC parameters: flowid 971 _base_rtt=11685600 _base_bdp=146070 _bdp=146070 _min_cwnd=4150 _maxwnd=219105 _cwnd=219105
Initialize per-instance NSCC parameters: flowid 972 _base_rtt=11685600 _base_bdp=146070 _bdp=146070 _min_cwnd=4150 _maxwnd=219105 _cwnd=219105
Initialize per-instance NSCC parameters: flowid 973 _base_rtt=11685600 _base_bdp=146070 _bdp=146070 _min_cwnd=4150 _maxwnd=219105 _cwnd=219105
Initialize per-instance NSCC parameters: flowid 974 _base_rtt=11685600 _base_bdp=146070 _bdp=146070 _min_cwnd=4150 _maxwnd=219105 _cwnd=219105
Initialize per-instance NSCC parameters: flowid 975 _base_rtt=11685600 _base_bdp=146070 _bdp=146070 _min_cwnd=4150 _maxwnd=219105 _cwnd=219105
Initialize per-instance NSCC parameters: flowid 976 _base_rtt=11685600 _base_bdp=146070 _bdp=146070 _min_cwnd=4150 _maxwnd=219105 _cwnd=219105
Initialize per-instance NSCC parameters: flowid 977 _base_rtt=11685600 _base_bdp=146070 _bdp=146070 _min_cwnd=4150 _maxwnd=219105 _cwnd=219105
Initialize per-instance NSCC parameters: flowid 978 _base_rtt=11685600 _base_bdp=146070 _bdp=146070 _min_cwnd=4150 _maxwnd=219105 _cwnd=219105
Initialize per-instance NSCC parameters: flowid 979 _base_rtt=11685600 _base_bdp=146070 _bdp=146070 _min_cwnd=4150 _maxwnd=219105 _cwnd=219105
Initialize per-instance NSCC parameters: flowid 980 _base_rtt=11685600 _base_bdp=146070 _bdp=146070 _min_cwnd=4150 _maxwnd=219105 _cwnd=219105
Initialize per-instance NSCC parameters: flowid 981 _base_rtt=11685600 _base_bdp=146070 _bdp=146070 _min_cwnd=4150 _maxwnd=219105 _cwnd=219105
Initialize per-instance NSCC parameters: flowid 982 _base_rtt=11685600 _base_bdp=146070 _bdp=146070 _min_cwnd=4150 _maxwnd=219105 _cwnd=219105
Initialize per-instance NSCC parameters: flowid 983 _base_rtt=11685600 _base_bdp=146070 _bdp=146070 _min_cwnd=4150 _maxwnd=219105 _cwnd=219105
Initialize per-instance NSCC parameters: flowid 984 _base_rtt=11685600 _base_bdp=146070 _bdp=146070 _min_cwnd=4150 _maxwnd=219105 _cwnd=219105
Initialize per-instance NSCC parameters: flowid 985 _base_rtt=11685600 _base_bdp=146070 _bdp=146070 _min_cwnd=4150 _maxwnd=219105 _cwnd=219105
Initialize per-instance NSCC parameters: flowid 986 _base_rtt=11685600 _base_bdp=146070 _bdp=146070 _min_cwnd=4150 _maxwnd=219105 _cwnd=219105
Initialize per-instance NSCC parameters: flowid 987 _base_rtt=11685600 _base_bdp=146070 _bdp=146070 _min_cwnd=4150 _maxwnd=219105 _cwnd=219105
Initialize per-instance NSCC parameters: flowid 988 _base_rtt=11685600 _base_bdp=146070 _bdp=146070 _min_cwnd=4150 _maxwnd=219105 _cwnd=219105
Initialize per-instance NSCC parameters: flowid 989 _base_rtt=11685600 _base_bdp=146070 _bdp=146070 _min_cwnd=4150 _maxwnd=219105 _cwnd=219105
Initialize per-instance NSCC parameters: flowid 990 _base_rtt=11685600 _base_bdp=146070 _bdp=146070 _min_cwnd=4150 _maxwnd=219105 _cwnd=219105
Initialize per-instance NSCC parameters: flowid 991 _base_rtt=11685600 _base_bdp=146070 _bdp=146070 _min_cwnd=4150 _maxwnd=219105 _cwnd=219105
Initialize per-instance NSCC parameters: flowid 992 _base_rtt=11685600 _base_bdp=146070 _bdp=146070 _min_cwnd=4150 _maxwnd=219105 _cwnd=219105
Initialize per-instance NSCC parameters: flowid 993 _base_rtt=11685600 _base_bdp=146070 _bdp=146070 _min_cwnd=4150 _maxwnd=219105 _cwnd=219105
Initialize per-instance NSCC parameters: flowid 994 _base_rtt=11685600 _base_bdp=146070 _bdp=146070 _min_cwnd=4150 _maxwnd=219105 _cwnd=219105
Initialize per-instance NSCC parameters: flowid 995 _base_rtt=11685600 _base_bdp=146070 _bdp=146070 _min_cwnd=4150 _maxwnd=219105 _cwnd=219105
Initialize per-instance NSCC parameters: flowid 996 _base_rtt=11685600 _base_bdp=146070 _bdp=146070 _min_cwnd=4150 _maxwnd=219105 _cwnd=219105
Initialize per-instance NSCC parameters: flowid 997 _base_rtt=11685600 _base_bdp=146070 _bdp=146070 _min_cwnd=4150 _maxwnd=219105 _cwnd=219105
Initialize per-instance NSCC parameters: flowid 998 _base_rtt=11685600 _base_bdp=146070 _bdp=146070 _min_cwnd=4150 _maxwnd=219105 _cwnd=219105
Initialize per-instance NSCC parameters: flowid 999 _base_rtt=11685600 _base_bdp=146070 _bdp=146070 _min_cwnd=4150 _maxwnd=219105 _cwnd=219105
Initialize per-instance NSCC parameters: flowid 1000 _base_rtt=11685600 _base_bdp=146070 _bdp=146070 _min_cwnd=4150 _maxwnd=219105 _cwnd=219105
Initialize per-instance NSCC parameters: flowid 1001 _base_rtt=11685600 _base_bdp=146070 _bdp=146070 _min_cwnd=4150 _maxwnd=219105 _cwnd=219105
Initialize per-instance NSCC parameters: flowid 1002 _base_rtt=11685600 _base_bdp=146070 _bdp=146070 _min_cwnd=4150 _maxwnd=219105 _cwnd=219105
Initialize per-instance NSCC parameters: flowid 1003 _base_rtt=11685600 _base_bdp=146070 _bdp=146070 _min_cwnd=4150 _maxwnd=219105 _cwnd=219105
Initialize per-instance NSCC parameters: flowid 1004 _base_rtt=11685600 _base_bdp=146070 _bdp=146070 _min_cwnd=4150 _maxwnd=219105 _cwnd=219105
Initialize per-instance NSCC parameters: flowid 1005 _base_rtt=11685600 _base_bdp=146070 _bdp=146070 _min_cwnd=4150 _maxwnd=219105 _cwnd=219105
Initialize per-instance NSCC parameters: flowid 1006 _base_rtt=11685600 _base_bdp=146070 _bdp=146070 _min_cwnd=4150 _maxwnd=219105 _cwnd=219105
Initialize per-instance NSCC parameters: flowid 1007 _base_rtt=11685600 _base_bdp=146070 _bdp=146070 _min_cwnd=4150 _maxwnd=219105 _cwnd=219105
Initialize per-instance NSCC parameters: flowid 1008 _base_rtt=11685600 _base_bdp=146070 _bdp=146070 _min_cwnd=4150 _maxwnd=219105 _cwnd=219105
Initialize per-instance NSCC parameters: flowid 1009 _base_rtt=11685600 _base_bdp=146070 _bdp=146070 _min_cwnd=4150 _maxwnd=219105 _cwnd=219105
Initialize per-instance NSCC parameters: flowid 1010 _base_rtt=11685600 _base_bdp=146070 _bdp=146070 _min_cwnd=4150 _maxwnd=219105 _cwnd=219105
Initialize per-instance NSCC parameters: flowid 1011 _base_rtt=11685600 _base_bdp=146070 _bdp=146070 _min_cwnd=4150 _maxwnd=219105 _cwnd=219105
Initialize per-instance NSCC parameters: flowid 1012 _base_rtt=11685600 _base_bdp=146070 _bdp=146070 _min_cwnd=4150 _maxwnd=219105 _cwnd=219105
Initialize per-instance NSCC parameters: flowid 1013 _base_rtt=11685600 _base_bdp=146070 _bdp=146070 _min_cwnd=4150 _maxwnd=219105 _cwnd=219105
Initialize per-instance NSCC parameters: flowid 1014 _base_rtt=11685600 _base_bdp=146070 _bdp=146070 _min_cwnd=4150 _maxwnd=219105 _cwnd=219105
Initialize per-instance NSCC parameters: flowid 1015 _base_rtt=11685600 _base_bdp=146070 _bdp=146070 _min_cwnd=4150 _maxwnd=219105 _cwnd=219105
Initialize per-instance NSCC parameters: flowid 1016 _base_rtt=11685600 _base_bdp=146070 _bdp=146070 _min_cwnd=4150 _maxwnd=219105 _cwnd=219105
Initialize per-instance NSCC parameters: flowid 1017 _base_rtt=11685600 _base_bdp=146070 _bdp=146070 _min_cwnd=4150 _maxwnd=219105 _cwnd=219105
Initialize per-instance NSCC parameters: flowid 1018 _base_rtt=11685600 _base_bdp=146070 _bdp=146070 _min_cwnd=4150 _maxwnd=219105 _cwnd=219105
Initialize per-instance NSCC parameters: flowid 1019 _base_rtt=11685600 _base_bdp=146070 _bdp=146070 _min_cwnd=4150 _maxwnd=219105 _cwnd=219105
Initialize per-instance NSCC parameters: flowid 1020 _base_rtt=11685600 _base_bdp=146070 _bdp=146070 _min_cwnd=4150 _maxwnd=219105 _cwnd=219105
Initialize per-instance NSCC parameters: flowid 1021 _base_rtt=11685600 _base_bdp=146070 _bdp=146070 _min_cwnd=4150 _maxwnd=219105 _cwnd=219105
Initialize per-instance NSCC parameters: flowid 1022 _base_rtt=11685600 _base_bdp=146070 _bdp=146070 _min_cwnd=4150 _maxwnd=219105 _cwnd=219105
Initialize per-instance NSCC parameters: flowid 1023 _base_rtt=11685600 _base_bdp=146070 _bdp=146070 _min_cwnd=4150 _maxwnd=219105 _cwnd=219105
Initialize per-instance NSCC parameters: flowid 1024 _base_rtt=11685600 _base_bdp=146070 _bdp=146070 _min_cwnd=4150 _maxwnd=219105 _cwnd=219105
Initialize per-instance NSCC parameters: flowid 1025 _base_rtt=11685600 _base_bdp=146070 _bdp=146070 _min_cwnd=4150 _maxwnd=219105 _cwnd=219105
Initialize per-instance NSCC parameters: flowid 1026 _base_rtt=11685600 _base_bdp=146070 _bdp=146070 _min_cwnd=4150 _maxwnd=219105 _cwnd=219105
Initialize per-instance NSCC parameters: flowid 1027 _base_rtt=11685600 _base_bdp=146070 _bdp=146070 _min_cwnd=4150 _maxwnd=219105 _cwnd=219105
Initialize per-instance NSCC parameters: flowid 1028 _base_rtt=11685600 _base_bdp=146070 _bdp=146070 _min_cwnd=4150 _maxwnd=219105 _cwnd=219105
Initialize per-instance NSCC parameters: flowid 1029 _base_rtt=11685600 _base_bdp=146070 _bdp=146070 _min_cwnd=4150 _maxwnd=219105 _cwnd=219105
Initialize per-instance NSCC parameters: flowid 1030 _base_rtt=11685600 _base_bdp=146070 _bdp=146070 _min_cwnd=4150 _maxwnd=219105 _cwnd=219105
Initialize per-instance NSCC parameters: flowid 1031 _base_rtt=11685600 _base_bdp=146070 _bdp=146070 _min_cwnd=4150 _maxwnd=219105 _cwnd=219105
Initialize per-instance NSCC parameters: flowid 1032 _base_rtt=11685600 _base_bdp=146070 _bdp=146070 _min_cwnd=4150 _maxwnd=219105 _cwnd=219105
Initialize per-instance NSCC parameters: flowid 1033 _base_rtt=11685600 _base_bdp=146070 _bdp=146070 _min_cwnd=4150 _maxwnd=219105 _cwnd=219105
Initialize per-instance NSCC parameters: flowid 1034 _base_rtt=11685600 _base_bdp=146070 _bdp=146070 _min_cwnd=4150 _maxwnd=219105 _cwnd=219105
Initialize per-instance NSCC parameters: flowid 1035 _base_rtt=11685600 _base_bdp=146070 _bdp=146070 _min_cwnd=4150 _maxwnd=219105 _cwnd=219105
Initialize per-instance NSCC parameters: flowid 1036 _base_rtt=11685600 _base_bdp=146070 _bdp=146070 _min_cwnd=4150 _maxwnd=219105 _cwnd=219105
Initialize per-instance NSCC parameters: flowid 1037 _base_rtt=11685600 _base_bdp=146070 _bdp=146070 _min_cwnd=4150 _maxwnd=219105 _cwnd=219105
Initialize per-instance NSCC parameters: flowid 1038 _base_rtt=11685600 _base_bdp=146070 _bdp=146070 _min_cwnd=4150 _maxwnd=219105 _cwnd=219105
Initialize per-instance NSCC parameters: flowid 1039 _base_rtt=11685600 _base_bdp=146070 _bdp=146070 _min_cwnd=4150 _maxwnd=219105 _cwnd=219105
Initialize per-instance NSCC parameters: flowid 1040 _base_rtt=11685600 _base_bdp=146070 _bdp=146070 _min_cwnd=4150 _maxwnd=219105 _cwnd=219105
Initialize per-instance NSCC parameters: flowid 1041 _base_rtt=11685600 _base_bdp=146070 _bdp=146070 _min_cwnd=4150 _maxwnd=219105 _cwnd=219105
Initialize per-instance NSCC parameters: flowid 1042 _base_rtt=11685600 _base_bdp=146070 _bdp=146070 _min_cwnd=4150 _maxwnd=219105 _cwnd=219105
Initialize per-instance NSCC parameters: flowid 1043 _base_rtt=11685600 _base_bdp=146070 _bdp=146070 _min_cwnd=4150 _maxwnd=219105 _cwnd=219105
Initialize per-instance NSCC parameters: flowid 1044 _base_rtt=11685600 _base_bdp=146070 _bdp=146070 _min_cwnd=4150 _maxwnd=219105 _cwnd=219105
Initialize per-instance NSCC parameters: flowid 1045 _base_rtt=11685600 _base_bdp=146070 _bdp=146070 _min_cwnd=4150 _maxwnd=219105 _cwnd=219105
Initialize per-instance NSCC parameters: flowid 1046 _base_rtt=11685600 _base_bdp=146070 _bdp=146070 _min_cwnd=4150 _maxwnd=219105 _cwnd=219105
Initialize per-instance NSCC parameters: flowid 1047 _base_rtt=11685600 _base_bdp=146070 _bdp=146070 _min_cwnd=4150 _maxwnd=219105 _cwnd=219105
Initialize per-instance NSCC parameters: flowid 1048 _base_rtt=11685600 _base_bdp=146070 _bdp=146070 _min_cwnd=4150 _maxwnd=219105 _cwnd=219105
Initialize per-instance NSCC parameters: flowid 1049 _base_rtt=11685600 _base_bdp=146070 _bdp=146070 _min_cwnd=4150 _maxwnd=219105 _cwnd=219105
Initialize per-instance NSCC parameters: flowid 1050 _base_rtt=11685600 _base_bdp=146070 _bdp=146070 _min_cwnd=4150 _maxwnd=219105 _cwnd=219105
Initialize per-instance NSCC parameters: flowid 1051 _base_rtt=11685600 _base_bdp=146070 _bdp=146070 _min_cwnd=4150 _maxwnd=219105 _cwnd=219105
Initialize per-instance NSCC parameters: flowid 1052 _base_rtt=11685600 _base_bdp=146070 _bdp=146070 _min_cwnd=4150 _maxwnd=219105 _cwnd=219105
Initialize per-instance NSCC parameters: flowid 1053 _base_rtt=11685600 _base_bdp=146070 _bdp=146070 _min_cwnd=4150 _maxwnd=219105 _cwnd=219105
Initialize per-instance NSCC parameters: flowid 1054 _base_rtt=11685600 _base_bdp=146070 _bdp=146070 _min_cwnd=4150 _maxwnd=219105 _cwnd=219105
Initialize per-instance NSCC parameters: flowid 1055 _base_rtt=11685600 _base_bdp=146070 _bdp=146070 _min_cwnd=4150 _maxwnd=219105 _cwnd=219105
Initialize per-instance NSCC parameters: flowid 1056 _base_rtt=11685600 _base_bdp=146070 _bdp=146070 _min_cwnd=4150 _maxwnd=219105 _cwnd=219105
Initialize per-instance NSCC parameters: flowid 1057 _base_rtt=11685600 _base_bdp=146070 _bdp=146070 _min_cwnd=4150 _maxwnd=219105 _cwnd=219105
Initialize per-instance NSCC parameters: flowid 1058 _base_rtt=11685600 _base_bdp=146070 _bdp=146070 _min_cwnd=4150 _maxwnd=219105 _cwnd=219105
Initialize per-instance NSCC parameters: flowid 1059 _base_rtt=11685600 _base_bdp=146070 _bdp=146070 _min_cwnd=4150 _maxwnd=219105 _cwnd=219105
Initialize per-instance NSCC parameters: flowid 1060 _base_rtt=11685600 _base_bdp=146070 _bdp=146070 _min_cwnd=4150 _maxwnd=219105 _cwnd=219105
Initialize per-instance NSCC parameters: flowid 1061 _base_rtt=11685600 _base_bdp=146070 _bdp=146070 _min_cwnd=4150 _maxwnd=219105 _cwnd=219105
Initialize per-instance NSCC parameters: flowid 1062 _base_rtt=11685600 _base_bdp=146070 _bdp=146070 _min_cwnd=4150 _maxwnd=219105 _cwnd=219105
Initialize per-instance NSCC parameters: flowid 1063 _base_rtt=11685600 _base_bdp=146070 _bdp=146070 _min_cwnd=4150 _maxwnd=219105 _cwnd=219105
Initialize per-instance NSCC parameters: flowid 1064 _base_rtt=11685600 _base_bdp=146070 _bdp=146070 _min_cwnd=4150 _maxwnd=219105 _cwnd=219105
Initialize per-instance NSCC parameters: flowid 1065 _base_rtt=11685600 _base_bdp=146070 _bdp=146070 _min_cwnd=4150 _maxwnd=219105 _cwnd=219105
Initialize per-instance NSCC parameters: flowid 1066 _base_rtt=11685600 _base_bdp=146070 _bdp=146070 _min_cwnd=4150 _maxwnd=219105 _cwnd=219105
Initialize per-instance NSCC parameters: flowid 1067 _base_rtt=11685600 _base_bdp=146070 _bdp=146070 _min_cwnd=4150 _maxwnd=219105 _cwnd=219105
Initialize per-instance NSCC parameters: flowid 1068 _base_rtt=11685600 _base_bdp=146070 _bdp=146070 _min_cwnd=4150 _maxwnd=219105 _cwnd=219105
Initialize per-instance NSCC parameters: flowid 1069 _base_rtt=11685600 _base_bdp=146070 _bdp=146070 _min_cwnd=4150 _maxwnd=219105 _cwnd=219105
Initialize per-instance NSCC parameters: flowid 1070 _base_rtt=11685600 _base_bdp=146070 _bdp=146070 _min_cwnd=4150 _maxwnd=219105 _cwnd=219105
Initialize per-instance NSCC parameters: flowid 1071 _base_rtt=11685600 _base_bdp=146070 _bdp=146070 _min_cwnd=4150 _maxwnd=219105 _cwnd=219105
Initialize per-instance NSCC parameters: flowid 1072 _base_rtt=11685600 _base_bdp=146070 _bdp=146070 _min_cwnd=4150 _maxwnd=219105 _cwnd=219105
Initialize per-instance NSCC parameters: flowid 1073 _base_rtt=11685600 _base_bdp=146070 _bdp=146070 _min_cwnd=4150 _maxwnd=219105 _cwnd=219105
Initialize per-instance NSCC parameters: flowid 1074 _base_rtt=11685600 _base_bdp=146070 _bdp=146070 _min_cwnd=4150 _maxwnd=219105 _cwnd=219105
Initialize per-instance NSCC parameters: flowid 1075 _base_rtt=11685600 _base_bdp=146070 _bdp=146070 _min_cwnd=4150 _maxwnd=219105 _cwnd=219105
Initialize per-instance NSCC parameters: flowid 1076 _base_rtt=11685600 _base_bdp=146070 _bdp=146070 _min_cwnd=4150 _maxwnd=219105 _cwnd=219105
Initialize per-instance NSCC parameters: flowid 1077 _base_rtt=11685600 _base_bdp=146070 _bdp=146070 _min_cwnd=4150 _maxwnd=219105 _cwnd=219105
Initialize per-instance NSCC parameters: flowid 1078 _base_rtt=11685600 _base_bdp=146070 _bdp=146070 _min_cwnd=4150 _maxwnd=219105 _cwnd=219105
Initialize per-instance NSCC parameters: flowid 1079 _base_rtt=11685600 _base_bdp=146070 _bdp=146070 _min_cwnd=4150 _maxwnd=219105 _cwnd=219105
Initialize per-instance NSCC parameters: flowid 1080 _base_rtt=11685600 _base_bdp=146070 _bdp=146070 _min_cwnd=4150 _maxwnd=219105 _cwnd=219105
Initialize per-instance NSCC parameters: flowid 1081 _base_rtt=11685600 _base_bdp=146070 _bdp=146070 _min_cwnd=4150 _maxwnd=219105 _cwnd=219105
Initialize per-instance NSCC parameters: flowid 1082 _base_rtt=11685600 _base_bdp=146070 _bdp=146070 _min_cwnd=4150 _maxwnd=219105 _cwnd=219105
Initialize per-instance NSCC parameters: flowid 1083 _base_rtt=11685600 _base_bdp=146070 _bdp=146070 _min_cwnd=4150 _maxwnd=219105 _cwnd=219105
Initialize per-instance NSCC parameters: flowid 1084 _base_rtt=11685600 _base_bdp=146070 _bdp=146070 _min_cwnd=4150 _maxwnd=219105 _cwnd=219105
Initialize per-instance NSCC parameters: flowid 1085 _base_rtt=11685600 _base_bdp=146070 _bdp=146070 _min_cwnd=4150 _maxwnd=219105 _cwnd=219105
Initialize per-instance NSCC parameters: flowid 1086 _base_rtt=11685600 _base_bdp=146070 _bdp=146070 _min_cwnd=4150 _maxwnd=219105 _cwnd=219105
Initialize per-instance NSCC parameters: flowid 1087 _base_rtt=11685600 _base_bdp=146070 _bdp=146070 _min_cwnd=4150 _maxwnd=219105 _cwnd=219105
Initialize per-instance NSCC parameters: flowid 1088 _base_rtt=11685600 _base_bdp=146070 _bdp=146070 _min_cwnd=4150 _maxwnd=219105 _cwnd=219105
Initialize per-instance NSCC parameters: flowid 1089 _base_rtt=11685600 _base_bdp=146070 _bdp=146070 _min_cwnd=4150 _maxwnd=219105 _cwnd=219105
Initialize per-instance NSCC parameters: flowid 1090 _base_rtt=11685600 _base_bdp=146070 _bdp=146070 _min_cwnd=4150 _maxwnd=219105 _cwnd=219105
Initialize per-instance NSCC parameters: flowid 1091 _base_rtt=11685600 _base_bdp=146070 _bdp=146070 _min_cwnd=4150 _maxwnd=219105 _cwnd=219105
Initialize per-instance NSCC parameters: flowid 1092 _base_rtt=11685600 _base_bdp=146070 _bdp=146070 _min_cwnd=4150 _maxwnd=219105 _cwnd=219105
Initialize per-instance NSCC parameters: flowid 1093 _base_rtt=11685600 _base_bdp=146070 _bdp=146070 _min_cwnd=4150 _maxwnd=219105 _cwnd=219105
Initialize per-instance NSCC parameters: flowid 1094 _base_rtt=11685600 _base_bdp=146070 _bdp=146070 _min_cwnd=4150 _maxwnd=219105 _cwnd=219105
Initialize per-instance NSCC parameters: flowid 1095 _base_rtt=11685600 _base_bdp=146070 _bdp=146070 _min_cwnd=4150 _maxwnd=219105 _cwnd=219105
Initialize per-instance NSCC parameters: flowid 1096 _base_rtt=11685600 _base_bdp=146070 _bdp=146070 _min_cwnd=4150 _maxwnd=219105 _cwnd=219105
Initialize per-instance NSCC parameters: flowid 1097 _base_rtt=11685600 _base_bdp=146070 _bdp=146070 _min_cwnd=4150 _maxwnd=219105 _cwnd=219105
Initialize per-instance NSCC parameters: flowid 1098 _base_rtt=11685600 _base_bdp=146070 _bdp=146070 _min_cwnd=4150 _maxwnd=219105 _cwnd=219105
Initialize per-instance NSCC parameters: flowid 1099 _base_rtt=11685600 _base_bdp=146070 _bdp=146070 _min_cwnd=4150 _maxwnd=219105 _cwnd=219105
Initialize per-instance NSCC parameters: flowid 1100 _base_rtt=11685600 _base_bdp=146070 _bdp=146070 _min_cwnd=4150 _maxwnd=219105 _cwnd=219105
Starting simulation
Flow Uec_1012_449 flowId 1 uecSrc 0 starting at 0
Flow Uec_240_737 flowId 2 uecSrc 1 starting at 0
Flow Uec_262_701 flowId 3 uecSrc 2 starting at 0
Flow Uec_593_1046 flowId 4 uecSrc 3 starting at 0
Flow Uec_878_259 flowId 5 uecSrc 4 starting at 0
Flow Uec_606_0 flowId 6 uecSrc 5 starting at 0
Flow Uec_386_844 flowId 7 uecSrc 6 starting at 0
Flow Uec_295_758 flowId 8 uecSrc 7 starting at 0
Flow Uec_530_1005 flowId 9 uecSrc 8 starting at 0
Flow Uec_252_753 flowId 10 uecSrc 9 starting at 0
Flow Uec_986_381 flowId 11 uecSrc 10 starting at 0
Flow Uec_1095_439 flowId 12 uecSrc 11 starting at 0
Flow Uec_1025_420 flowId 13 uecSrc 12 starting at 0
Flow Uec_863_202 flowId 14 uecSrc 13 starting at 0
Flow Uec_794_101 flowId 15 uecSrc 14 starting at 0
Flow Uec_103_685 flowId 16 uecSrc 15 starting at 0
Flow Uec_592_1004 flowId 17 uecSrc 16 starting at 0
Flow Uec_623_38 flowId 18 uecSrc 17 starting at 0
Flow Uec_1066_409 flowId 19 uecSrc 18 starting at 0
Flow Uec_428_921 flowId 20 uecSrc 19 starting at 0
Flow Uec_644_87 flowId 21 uecSrc 20 starting at 0
Flow Uec_652_54 flowId 22 uecSrc 21 starting at 0
Flow Uec_815_298 flowId 23 uecSrc 22 starting at 0
Flow Uec_625_71 flowId 24 uecSrc 23 starting at 0
Flow Uec_294_781 flowId 25 uecSrc 24 starting at 0
Flow Uec_313_808 flowId 26 uecSrc 25 starting at 0
Flow Uec_480_942 flowId 27 uecSrc 26 starting at 0
Flow Uec_362_846 flowId 28 uecSrc 27 starting at 0
Flow Uec_638_17 flowId 29 uecSrc 28 starting at 0
Flow Uec_456_988 flowId 30 uecSrc 29 starting at 0
Flow Uec_964_331 flowId 31 uecSrc 30 starting at 0
Flow Uec_996_336 flowId 32 uecSrc 31 starting at 0
Flow Uec_1077_436 flowId 33 uecSrc 32 starting at 0
Flow Uec_266_711 flowId 34 uecSrc 33 starting at 0
Flow Uec_350_857 flowId 35 uecSrc 34 starting at 0
Flow Uec_632_68 flowId 36 uecSrc 35 starting at 0
Flow Uec_966_307 flowId 37 uecSrc 36 starting at 0
Flow Uec_445_908 flowId 38 uecSrc 37 starting at 0
Flow Uec_469_971 flowId 39 uecSrc 38 starting at 0
Flow Uec_851_227 flowId 40 uecSrc 39 starting at 0
Flow Uec_950_318 flowId 41 uecSrc 40 starting at 0
Flow Uec_179_626 flowId 42 uecSrc 41 starting at 0
Flow Uec_918_389 flowId 43 uecSrc 42 starting at 0
Flow Uec_453_981 flowId 44 uecSrc 43 starting at 0
Flow Uec_912_379 flowId 45 uecSrc 44 starting at 0
Flow Uec_81_565 flowId 46 uecSrc 45 starting at 0
Flow Uec_355_843 flowId 47 uecSrc 46 starting at 0
Flow Uec_282_788 flowId 48 uecSrc 47 starting at 0
Flow Uec_813_267 flowId 49 uecSrc 48 starting at 0
Flow Uec_490_906 flowId 50 uecSrc 49 starting at 0
Flow Uec_570_1011 flowId 51 uecSrc 50 starting at 0
Flow Uec_852_212 flowId 52 uecSrc 51 starting at 0
Flow Uec_914_386 flowId 53 uecSrc 52 starting at 0
Flow Uec_699_50 flowId 54 uecSrc 53 starting at 0
Flow Uec_280_794 flowId 55 uecSrc 54 starting at 0
Flow Uec_260_748 flowId 56 uecSrc 55 starting at 0
Flow Uec_572_1050 flowId 57 uecSrc 56 starting at 0
Flow Uec_546_1020 flowId 58 uecSrc 57 starting at 0
Flow Uec_56_523 flowId 59 uecSrc 58 starting at 0
Flow Uec_746_121 flowId 60 uecSrc 59 starting at 0
Flow Uec_379_878 flowId 61 uecSrc 60 starting at 0
Flow Uec_435_989 flowId 62 uecSrc 61 starting at 0
Flow Uec_841_239 flowId 63 uecSrc 62 starting at 0
Flow Uec_24_579 flowId 64 uecSrc 63 starting at 0
Flow Uec_35_517 flowId 65 uecSrc 64 starting at 0
Flow Uec_508_1016 flowId 66 uecSrc 65 starting at 0
Flow Uec_1078_461 flowId 67 uecSrc 66 starting at 0
Flow Uec_821_232 flowId 68 uecSrc 67 starting at 0
Flow Uec_1059_411 flowId 69 uecSrc 68 starting at 0
Flow Uec_1004_433 flowId 70 uecSrc 69 starting at 0
Flow Uec_369_845 flowId 71 uecSrc 70 starting at 0
Flow Uec_1065_464 flowId 72 uecSrc 71 starting at 0
Flow Uec_249_741 flowId 73 uecSrc 72 starting at 0
Flow Uec_913_376 flowId 74 uecSrc 73 starting at 0
Flow Uec_170_603 flowId 75 uecSrc 74 starting at 0
Flow Uec_565_1064 flowId 76 uecSrc 75 starting at 0
Flow Uec_795_190 flowId 77 uecSrc 76 starting at 0
Flow Uec_204_759 flowId 78 uecSrc 77 starting at 0
Flow Uec_423_915 flowId 79 uecSrc 78 starting at 0
Flow Uec_164_602 flowId 80 uecSrc 79 starting at 0
Flow Uec_1084_446 flowId 81 uecSrc 80 starting at 0
Flow Uec_1079_435 flowId 82 uecSrc 81 starting at 0
Flow Uec_602_57 flowId 83 uecSrc 82 starting at 0
Flow Uec_749_153 flowId 84 uecSrc 83 starting at 0
Flow Uec_390_899 flowId 85 uecSrc 84 starting at 0
Flow Uec_450_937 flowId 86 uecSrc 85 starting at 0
Flow Uec_413_974 flowId 87 uecSrc 86 starting at 0
Flow Uec_741_193 flowId 88 uecSrc 87 starting at 0
Flow Uec_463_994 flowId 89 uecSrc 88 starting at 0
Flow Uec_438_936 flowId 90 uecSrc 89 starting at 0
Flow Uec_960_346 flowId 91 uecSrc 90 starting at 0
Flow Uec_499_959 flowId 92 uecSrc 91 starting at 0
Flow Uec_963_317 flowId 93 uecSrc 92 starting at 0
Flow Uec_258_706 flowId 94 uecSrc 93 starting at 0
Flow Uec_486_932 flowId 95 uecSrc 94 starting at 0
Flow Uec_425_958 flowId 96 uecSrc 95 starting at 0
Flow Uec_167_608 flowId 97 uecSrc 96 starting at 0
Flow Uec_764_179 flowId 98 uecSrc 97 starting at 0
Flow Uec_578_1009 flowId 99 uecSrc 98 starting at 0
Flow Uec_828_279 flowId 100 uecSrc 99 starting at 0
Flow Uec_669_90 flowId 101 uecSrc 100 starting at 0
Flow Uec_68_567 flowId 102 uecSrc 101 starting at 0
Flow Uec_777_161 flowId 103 uecSrc 102 starting at 0
Flow Uec_727_191 flowId 104 uecSrc 103 starting at 0
Flow Uec_269_798 flowId 105 uecSrc 104 starting at 0
Flow Uec_761_131 flowId 106 uecSrc 105 starting at 0
Flow Uec_934_332 flowId 107 uecSrc 106 starting at 0
Flow Uec_34_536 flowId 108 uecSrc 107 starting at 0
Flow Uec_733_112 flowId 109 uecSrc 108 starting at 0
Flow Uec_1062_426 flowId 110 uecSrc 109 starting at 0
Flow Uec_954_359 flowId 111 uecSrc 110 starting at 0
Flow Uec_51_528 flowId 112 uecSrc 111 starting at 0
Flow Uec_874_241 flowId 113 uecSrc 112 starting at 0
Flow Uec_786_118 flowId 114 uecSrc 113 starting at 0
Flow Uec_1063_454 flowId 115 uecSrc 114 starting at 0
Flow Uec_349_838 flowId 116 uecSrc 115 starting at 0
Flow Uec_695_45 flowId 117 uecSrc 116 starting at 0
Flow Uec_111_698 flowId 118 uecSrc 117 starting at 0
Flow Uec_680_1 flowId 119 uecSrc 118 starting at 0
Flow Uec_61_593 flowId 120 uecSrc 119 starting at 0
Flow Uec_543_1021 flowId 121 uecSrc 120 starting at 0
Flow Uec_196_643 flowId 122 uecSrc 121 starting at 0
Flow Uec_209_769 flowId 123 uecSrc 122 starting at 0
Flow Uec_259_768 flowId 124 uecSrc 123 starting at 0
Flow Uec_66_522 flowId 125 uecSrc 124 starting at 0
Flow Uec_1011_473 flowId 126 uecSrc 125 starting at 0
Flow Uec_893_260 flowId 127 uecSrc 126 starting at 0
Flow Uec_697_22 flowId 128 uecSrc 127 starting at 0
Flow Uec_840_278 flowId 129 uecSrc 128 starting at 0
Flow Uec_338_822 flowId 130 uecSrc 129 starting at 0
Flow Uec_454_991 flowId 131 uecSrc 130 starting at 0
Flow Uec_176_604 flowId 132 uecSrc 131 starting at 0
Flow Uec_1093_484 flowId 133 uecSrc 132 starting at 0
Flow Uec_292_765 flowId 134 uecSrc 133 starting at 0
Flow Uec_220_745 flowId 135 uecSrc 134 starting at 0
Flow Uec_953_354 flowId 136 uecSrc 135 starting at 0
Flow Uec_131_648 flowId 137 uecSrc 136 starting at 0
Flow Uec_306_895 flowId 138 uecSrc 137 starting at 0
Flow Uec_1020_421 flowId 139 uecSrc 138 starting at 0
Flow Uec_804_254 flowId 140 uecSrc 139 starting at 0
Flow Uec_521_1030 flowId 141 uecSrc 140 starting at 0
Flow Uec_46_578 flowId 142 uecSrc 141 starting at 0
Flow Uec_1073_405 flowId 143 uecSrc 142 starting at 0
Flow Uec_1058_410 flowId 144 uecSrc 143 starting at 0
Flow Uec_687_3 flowId 145 uecSrc 144 starting at 0
Flow Uec_193_624 flowId 146 uecSrc 145 starting at 0
Flow Uec_460_998 flowId 147 uecSrc 146 starting at 0
Flow Uec_555_1082 flowId 148 uecSrc 147 starting at 0
Flow Uec_819_268 flowId 149 uecSrc 148 starting at 0
Flow Uec_917_326 flowId 150 uecSrc 149 starting at 0
Flow Uec_876_226 flowId 151 uecSrc 150 starting at 0
Flow Uec_327_807 flowId 152 uecSrc 151 starting at 0
Flow Uec_737_199 flowId 153 uecSrc 152 starting at 0
Flow Uec_89_527 flowId 154 uecSrc 153 starting at 0
Flow Uec_561_1014 flowId 155 uecSrc 154 starting at 0
Flow Uec_4_501 flowId 156 uecSrc 155 starting at 0
Flow Uec_890_228 flowId 157 uecSrc 156 starting at 0
Flow Uec_982_382 flowId 158 uecSrc 157 starting at 0
Flow Uec_347_835 flowId 159 uecSrc 158 starting at 0
Flow Uec_229_770 flowId 160 uecSrc 159 starting at 0
Flow Uec_452_917 flowId 161 uecSrc 160 starting at 0
Flow Uec_984_357 flowId 162 uecSrc 161 starting at 0
Flow Uec_848_244 flowId 163 uecSrc 162 starting at 0
Flow Uec_533_1047 flowId 164 uecSrc 163 starting at 0
Flow Uec_965_333 flowId 165 uecSrc 164 starting at 0
Flow Uec_1018_483 flowId 166 uecSrc 165 starting at 0
Flow Uec_961_339 flowId 167 uecSrc 166 starting at 0
Flow Uec_278_785 flowId 168 uecSrc 167 starting at 0
Flow Uec_398_839 flowId 169 uecSrc 168 starting at 0
Flow Uec_520_1045 flowId 170 uecSrc 169 starting at 0
Flow Uec_172_622 flowId 171 uecSrc 170 starting at 0
Flow Uec_244_727 flowId 172 uecSrc 171 starting at 0
Flow Uec_897_295 flowId 173 uecSrc 172 starting at 0
Flow Uec_972_342 flowId 174 uecSrc 173 starting at 0
Flow Uec_297_721 flowId 175 uecSrc 174 starting at 0
Flow Uec_1028_427 flowId 176 uecSrc 175 starting at 0
Flow Uec_686_13 flowId 177 uecSrc 176 starting at 0
Flow Uec_410_969 flowId 178 uecSrc 177 starting at 0
Flow Uec_414_909 flowId 179 uecSrc 178 starting at 0
Flow Uec_482_946 flowId 180 uecSrc 179 starting at 0
Flow Uec_250_734 flowId 181 uecSrc 180 starting at 0
Flow Uec_875_220 flowId 182 uecSrc 181 starting at 0
Flow Uec_698_61 flowId 183 uecSrc 182 starting at 0
Flow Uec_589_1072 flowId 184 uecSrc 183 starting at 0
Flow Uec_62_598 flowId 185 uecSrc 184 starting at 0
Flow Uec_711_102 flowId 186 uecSrc 185 starting at 0
Flow Uec_135_635 flowId 187 uecSrc 186 starting at 0
Flow Uec_372_805 flowId 188 uecSrc 187 starting at 0
Flow Uec_538_1028 flowId 189 uecSrc 188 starting at 0
Flow Uec_351_880 flowId 190 uecSrc 189 starting at 0
Flow Uec_591_1068 flowId 191 uecSrc 190 starting at 0
Flow Uec_405_996 flowId 192 uecSrc 191 starting at 0
Flow Uec_658_62 flowId 193 uecSrc 192 starting at 0
Flow Uec_598_1001 flowId 194 uecSrc 193 starting at 0
Flow Uec_211_736 flowId 195 uecSrc 194 starting at 0
Flow Uec_900_328 flowId 196 uecSrc 195 starting at 0
Flow Uec_363_864 flowId 197 uecSrc 196 starting at 0
Flow Uec_1061_415 flowId 198 uecSrc 197 starting at 0
Flow Uec_296_712 flowId 199 uecSrc 198 starting at 0
Flow Uec_692_11 flowId 200 uecSrc 199 starting at 0
Flow Uec_675_49 flowId 201 uecSrc 200 starting at 0
Flow Uec_1045_478 flowId 202 uecSrc 201 starting at 0
Flow Uec_357_831 flowId 203 uecSrc 202 starting at 0
Flow Uec_766_166 flowId 204 uecSrc 203 starting at 0
Flow Uec_1092_434 flowId 205 uecSrc 204 starting at 0
Flow Uec_738_155 flowId 206 uecSrc 205 starting at 0
Flow Uec_615_29 flowId 207 uecSrc 206 starting at 0
Flow Uec_635_96 flowId 208 uecSrc 207 starting at 0
Flow Uec_611_73 flowId 209 uecSrc 208 starting at 0
Flow Uec_532_1055 flowId 210 uecSrc 209 starting at 0
Flow Uec_1010_432 flowId 211 uecSrc 210 starting at 0
Flow Uec_881_294 flowId 212 uecSrc 211 starting at 0
Flow Uec_500_1057 flowId 213 uecSrc 212 starting at 0
Flow Uec_877_237 flowId 214 uecSrc 213 starting at 0
Flow Uec_577_1033 flowId 215 uecSrc 214 starting at 0
Flow Uec_958_369 flowId 216 uecSrc 215 starting at 0
Flow Uec_882_281 flowId 217 uecSrc 216 starting at 0
Flow Uec_1081_444 flowId 218 uecSrc 217 starting at 0
Flow Uec_847_210 flowId 219 uecSrc 218 starting at 0
Flow Uec_673_36 flowId 220 uecSrc 219 starting at 0
Flow Uec_271_749 flowId 221 uecSrc 220 starting at 0
Flow Uec_152_693 flowId 222 uecSrc 221 starting at 0
Flow Uec_805_250 flowId 223 uecSrc 222 starting at 0
Flow Uec_1014_430 flowId 224 uecSrc 223 starting at 0
Flow Uec_323_888 flowId 225 uecSrc 224 starting at 0
Flow Uec_488_935 flowId 226 uecSrc 225 starting at 0
Flow Uec_160_652 flowId 227 uecSrc 226 starting at 0
Flow Uec_287_756 flowId 228 uecSrc 227 starting at 0
Flow Uec_649_2 flowId 229 uecSrc 228 starting at 0
Flow Uec_465_975 flowId 230 uecSrc 229 starting at 0
Flow Uec_904_309 flowId 231 uecSrc 230 starting at 0
Flow Uec_377_885 flowId 232 uecSrc 231 starting at 0
Flow Uec_814_200 flowId 233 uecSrc 232 starting at 0
Flow Uec_952_368 flowId 234 uecSrc 233 starting at 0
Flow Uec_1091_460 flowId 235 uecSrc 234 starting at 0
Flow Uec_1039_407 flowId 236 uecSrc 235 starting at 0
Flow Uec_579_1038 flowId 237 uecSrc 236 starting at 0
Flow Uec_939_362 flowId 238 uecSrc 237 starting at 0
Flow Uec_1009_466 flowId 239 uecSrc 238 starting at 0
Flow Uec_255_733 flowId 240 uecSrc 239 starting at 0
Flow Uec_332_869 flowId 241 uecSrc 240 starting at 0
Flow Uec_183_666 flowId 242 uecSrc 241 starting at 0
Flow Uec_37_515 flowId 243 uecSrc 242 starting at 0
Flow Uec_406_973 flowId 244 uecSrc 243 starting at 0
Flow Uec_412_905 flowId 245 uecSrc 244 starting at 0
Flow Uec_870_252 flowId 246 uecSrc 245 starting at 0
Flow Uec_781_106 flowId 247 uecSrc 246 starting at 0
Flow Uec_974_329 flowId 248 uecSrc 247 starting at 0
Flow Uec_276_735 flowId 249 uecSrc 248 starting at 0
Flow Uec_168_614 flowId 250 uecSrc 249 starting at 0
Flow Uec_384_815 flowId 251 uecSrc 250 starting at 0
Flow Uec_1087_443 flowId 252 uecSrc 251 starting at 0
Flow Uec_1086_412 flowId 253 uecSrc 252 starting at 0
Flow Uec_346_876 flowId 254 uecSrc 253 starting at 0
Flow Uec_25_518 flowId 255 uecSrc 254 starting at 0
Flow Uec_826_275 flowId 256 uecSrc 255 starting at 0
Flow Uec_264_713 flowId 257 uecSrc 256 starting at 0
Flow Uec_437_911 flowId 258 uecSrc 257 starting at 0
Flow Uec_607_35 flowId 259 uecSrc 258 starting at 0
Flow Uec_308_877 flowId 260 uecSrc 259 starting at 0
Flow Uec_643_93 flowId 261 uecSrc 260 starting at 0
Flow Uec_562_1002 flowId 262 uecSrc 261 starting at 0
Flow Uec_322_852 flowId 263 uecSrc 262 starting at 0
Flow Uec_700_105 flowId 264 uecSrc 263 starting at 0
Flow Uec_1044_482 flowId 265 uecSrc 264 starting at 0
Flow Uec_1056_402 flowId 266 uecSrc 265 starting at 0
Flow Uec_534_1075 flowId 267 uecSrc 266 starting at 0
Flow Uec_911_343 flowId 268 uecSrc 267 starting at 0
Flow Uec_988_348 flowId 269 uecSrc 268 starting at 0
Flow Uec_2_561 flowId 270 uecSrc 269 starting at 0
Flow Uec_125_658 flowId 271 uecSrc 270 starting at 0
Flow Uec_855_277 flowId 272 uecSrc 271 starting at 0
Flow Uec_860_221 flowId 273 uecSrc 272 starting at 0
Flow Uec_959_394 flowId 274 uecSrc 273 starting at 0
Flow Uec_83_581 flowId 275 uecSrc 274 starting at 0
Flow Uec_468_922 flowId 276 uecSrc 275 starting at 0
Flow Uec_542_1095 flowId 277 uecSrc 276 starting at 0
Flow Uec_671_19 flowId 278 uecSrc 277 starting at 0
Flow Uec_254_742 flowId 279 uecSrc 278 starting at 0
Flow Uec_80_547 flowId 280 uecSrc 279 starting at 0
Flow Uec_371_863 flowId 281 uecSrc 280 starting at 0
Flow Uec_275_767 flowId 282 uecSrc 281 starting at 0
Flow Uec_130_649 flowId 283 uecSrc 282 starting at 0
Flow Uec_19_541 flowId 284 uecSrc 283 starting at 0
Flow Uec_862_284 flowId 285 uecSrc 284 starting at 0
Flow Uec_663_42 flowId 286 uecSrc 285 starting at 0
Flow Uec_894_292 flowId 287 uecSrc 286 starting at 0
Flow Uec_418_972 flowId 288 uecSrc 287 starting at 0
Flow Uec_674_79 flowId 289 uecSrc 288 starting at 0
Flow Uec_417_920 flowId 290 uecSrc 289 starting at 0
Flow Uec_989_377 flowId 291 uecSrc 290 starting at 0
Flow Uec_789_128 flowId 292 uecSrc 291 starting at 0
Flow Uec_892_269 flowId 293 uecSrc 292 starting at 0
Flow Uec_976_372 flowId 294 uecSrc 293 starting at 0
Flow Uec_14_575 flowId 295 uecSrc 294 starting at 0
Flow Uec_613_67 flowId 296 uecSrc 295 starting at 0
Flow Uec_458_995 flowId 297 uecSrc 296 starting at 0
Flow Uec_84_555 flowId 298 uecSrc 297 starting at 0
Flow Uec_702_126 flowId 299 uecSrc 298 starting at 0
Flow Uec_762_123 flowId 300 uecSrc 299 starting at 0
Flow Uec_155_633 flowId 301 uecSrc 300 starting at 0
Flow Uec_147_650 flowId 302 uecSrc 301 starting at 0
Flow Uec_944_365 flowId 303 uecSrc 302 starting at 0
Flow Uec_60_562 flowId 304 uecSrc 303 starting at 0
Flow Uec_367_818 flowId 305 uecSrc 304 starting at 0
Flow Uec_206_772 flowId 306 uecSrc 305 starting at 0
Flow Uec_569_1065 flowId 307 uecSrc 306 starting at 0
Flow Uec_397_892 flowId 308 uecSrc 307 starting at 0
Flow Uec_646_78 flowId 309 uecSrc 308 starting at 0
Flow Uec_1071_499 flowId 310 uecSrc 309 starting at 0
Flow Uec_839_274 flowId 311 uecSrc 310 starting at 0
Flow Uec_531_1093 flowId 312 uecSrc 311 starting at 0
Flow Uec_618_58 flowId 313 uecSrc 312 starting at 0
Flow Uec_545_1022 flowId 314 uecSrc 313 starting at 0
Flow Uec_459_990 flowId 315 uecSrc 314 starting at 0
Flow Uec_709_194 flowId 316 uecSrc 315 starting at 0
Flow Uec_30_568 flowId 317 uecSrc 316 starting at 0
Flow Uec_163_647 flowId 318 uecSrc 317 starting at 0
Flow Uec_901_364 flowId 319 uecSrc 318 starting at 0
Flow Uec_595_1059 flowId 320 uecSrc 319 starting at 0
Flow Uec_1088_445 flowId 321 uecSrc 320 starting at 0
Flow Uec_462_957 flowId 322 uecSrc 321 starting at 0
Flow Uec_1008_479 flowId 323 uecSrc 322 starting at 0
Flow Uec_101_660 flowId 324 uecSrc 323 starting at 0
Flow Uec_393_824 flowId 325 uecSrc 324 starting at 0
Flow Uec_528_1034 flowId 326 uecSrc 325 starting at 0
Flow Uec_112_665 flowId 327 uecSrc 326 starting at 0
Flow Uec_424_918 flowId 328 uecSrc 327 starting at 0
Flow Uec_936_353 flowId 329 uecSrc 328 starting at 0
Flow Uec_725_148 flowId 330 uecSrc 329 starting at 0
Flow Uec_318_874 flowId 331 uecSrc 330 starting at 0
Flow Uec_364_861 flowId 332 uecSrc 331 starting at 0
Flow Uec_139_671 flowId 333 uecSrc 332 starting at 0
Flow Uec_340_806 flowId 334 uecSrc 333 starting at 0
Flow Uec_253_782 flowId 335 uecSrc 334 starting at 0
Flow Uec_141_618 flowId 336 uecSrc 335 starting at 0
Flow Uec_518_1096 flowId 337 uecSrc 336 starting at 0
Flow Uec_1055_470 flowId 338 uecSrc 337 starting at 0
Flow Uec_99_507 flowId 339 uecSrc 338 starting at 0
Flow Uec_86_574 flowId 340 uecSrc 339 starting at 0
Flow Uec_59_508 flowId 341 uecSrc 340 starting at 0
Flow Uec_1051_422 flowId 342 uecSrc 341 starting at 0
Flow Uec_494_949 flowId 343 uecSrc 342 starting at 0
Flow Uec_889_218 flowId 344 uecSrc 343 starting at 0
Flow Uec_344_855 flowId 345 uecSrc 344 starting at 0
Flow Uec_604_85 flowId 346 uecSrc 345 starting at 0
Flow Uec_116_620 flowId 347 uecSrc 346 starting at 0
Flow Uec_472_940 flowId 348 uecSrc 347 starting at 0
Flow Uec_1047_476 flowId 349 uecSrc 348 starting at 0
Flow Uec_647_59 flowId 350 uecSrc 349 starting at 0
Flow Uec_624_10 flowId 351 uecSrc 350 starting at 0
Flow Uec_1057_495 flowId 352 uecSrc 351 starting at 0
Flow Uec_768_125 flowId 353 uecSrc 352 starting at 0
Flow Uec_1003_440 flowId 354 uecSrc 353 starting at 0
Flow Uec_715_145 flowId 355 uecSrc 354 starting at 0
Flow Uec_798_150 flowId 356 uecSrc 355 starting at 0
Flow Uec_691_23 flowId 357 uecSrc 356 starting at 0
Flow Uec_661_82 flowId 358 uecSrc 357 starting at 0
Flow Uec_507_1088 flowId 359 uecSrc 358 starting at 0
Flow Uec_903_344 flowId 360 uecSrc 359 starting at 0
Flow Uec_696_33 flowId 361 uecSrc 360 starting at 0
Flow Uec_451_947 flowId 362 uecSrc 361 starting at 0
Flow Uec_100_645 flowId 363 uecSrc 362 starting at 0
Flow Uec_726_142 flowId 364 uecSrc 363 starting at 0
Flow Uec_305_841 flowId 365 uecSrc 364 starting at 0
Flow Uec_93_585 flowId 366 uecSrc 365 starting at 0
Flow Uec_605_43 flowId 367 uecSrc 366 starting at 0
Flow Uec_558_1035 flowId 368 uecSrc 367 starting at 0
Flow Uec_440_916 flowId 369 uecSrc 368 starting at 0
Flow Uec_703_165 flowId 370 uecSrc 369 starting at 0
Flow Uec_142_686 flowId 371 uecSrc 370 starting at 0
Flow Uec_365_834 flowId 372 uecSrc 371 starting at 0
Flow Uec_806_283 flowId 373 uecSrc 372 starting at 0
Flow Uec_115_632 flowId 374 uecSrc 373 starting at 0
Flow Uec_442_964 flowId 375 uecSrc 374 starting at 0
Flow Uec_498_956 flowId 376 uecSrc 375 starting at 0
Flow Uec_822_261 flowId 377 uecSrc 376 starting at 0
Flow Uec_394_862 flowId 378 uecSrc 377 starting at 0
Flow Uec_12_549 flowId 379 uecSrc 378 starting at 0
Flow Uec_571_1066 flowId 380 uecSrc 379 starting at 0
Flow Uec_320_848 flowId 381 uecSrc 380 starting at 0
Flow Uec_728_172 flowId 382 uecSrc 381 starting at 0
Flow Uec_556_1077 flowId 383 uecSrc 382 starting at 0
Flow Uec_288_793 flowId 384 uecSrc 383 starting at 0
Flow Uec_753_192 flowId 385 uecSrc 384 starting at 0
Flow Uec_921_356 flowId 386 uecSrc 385 starting at 0
Flow Uec_685_44 flowId 387 uecSrc 386 starting at 0
Flow Uec_1015_462 flowId 388 uecSrc 387 starting at 0
Flow Uec_13_512 flowId 389 uecSrc 388 starting at 0
Flow Uec_16_583 flowId 390 uecSrc 389 starting at 0
Flow Uec_39_588 flowId 391 uecSrc 390 starting at 0
Flow Uec_884_213 flowId 392 uecSrc 391 starting at 0
Flow Uec_867_258 flowId 393 uecSrc 392 starting at 0
Flow Uec_114_636 flowId 394 uecSrc 393 starting at 0
Flow Uec_388_859 flowId 395 uecSrc 394 starting at 0
Flow Uec_257_764 flowId 396 uecSrc 395 starting at 0
Flow Uec_599_1019 flowId 397 uecSrc 396 starting at 0
Flow Uec_28_514 flowId 398 uecSrc 397 starting at 0
Flow Uec_150_664 flowId 399 uecSrc 398 starting at 0
Flow Uec_838_270 flowId 400 uecSrc 399 starting at 0
Flow Uec_58_591 flowId 401 uecSrc 400 starting at 0
Flow Uec_3_563 flowId 402 uecSrc 401 starting at 0
Flow Uec_537_1018 flowId 403 uecSrc 402 starting at 0
Flow Uec_887_240 flowId 404 uecSrc 403 starting at 0
Flow Uec_501_1076 flowId 405 uecSrc 404 starting at 0
Flow Uec_622_32 flowId 406 uecSrc 405 starting at 0
Flow Uec_1007_469 flowId 407 uecSrc 406 starting at 0
Flow Uec_722_163 flowId 408 uecSrc 407 starting at 0
Flow Uec_902_341 flowId 409 uecSrc 408 starting at 0
Flow Uec_735_184 flowId 410 uecSrc 409 starting at 0
Flow Uec_70_548 flowId 411 uecSrc 410 starting at 0
Flow Uec_985_375 flowId 412 uecSrc 411 starting at 0
Flow Uec_845_229 flowId 413 uecSrc 412 starting at 0
Flow Uec_174_646 flowId 414 uecSrc 413 starting at 0
Flow Uec_173_674 flowId 415 uecSrc 414 starting at 0
Flow Uec_53_535 flowId 416 uecSrc 415 starting at 0
Flow Uec_1089_471 flowId 417 uecSrc 416 starting at 0
Flow Uec_511_1041 flowId 418 uecSrc 417 starting at 0
Flow Uec_69_554 flowId 419 uecSrc 418 starting at 0
Flow Uec_1016_497 flowId 420 uecSrc 419 starting at 0
Flow Uec_267_792 flowId 421 uecSrc 420 starting at 0
Flow Uec_597_1036 flowId 422 uecSrc 421 starting at 0
Flow Uec_563_1073 flowId 423 uecSrc 422 starting at 0
Flow Uec_97_510 flowId 424 uecSrc 423 starting at 0
Flow Uec_192_613 flowId 425 uecSrc 424 starting at 0
Flow Uec_933_380 flowId 426 uecSrc 425 starting at 0
Flow Uec_15_509 flowId 427 uecSrc 426 starting at 0
Flow Uec_568_1087 flowId 428 uecSrc 427 starting at 0
Flow Uec_645_99 flowId 429 uecSrc 428 starting at 0
Flow Uec_973_325 flowId 430 uecSrc 429 starting at 0
Flow Uec_41_597 flowId 431 uecSrc 430 starting at 0
Flow Uec_236_755 flowId 432 uecSrc 431 starting at 0
Flow Uec_517_1027 flowId 433 uecSrc 432 starting at 0
Flow Uec_485_952 flowId 434 uecSrc 433 starting at 0
Flow Uec_325_821 flowId 435 uecSrc 434 starting at 0
Flow Uec_769_181 flowId 436 uecSrc 435 starting at 0
Flow Uec_704_157 flowId 437 uecSrc 436 starting at 0
Flow Uec_603_77 flowId 438 uecSrc 437 starting at 0
Flow Uec_1076_494 flowId 439 uecSrc 438 starting at 0
Flow Uec_477_968 flowId 440 uecSrc 439 starting at 0
Flow Uec_670_46 flowId 441 uecSrc 440 starting at 0
Flow Uec_50_582 flowId 442 uecSrc 441 starting at 0
Flow Uec_732_119 flowId 443 uecSrc 442 starting at 0
Flow Uec_659_91 flowId 444 uecSrc 443 starting at 0
Flow Uec_217_760 flowId 445 uecSrc 444 starting at 0
Flow Uec_790_144 flowId 446 uecSrc 445 starting at 0
Flow Uec_627_52 flowId 447 uecSrc 446 starting at 0
Flow Uec_1067_498 flowId 448 uecSrc 447 starting at 0
Flow Uec_782_159 flowId 449 uecSrc 448 starting at 0
Flow Uec_730_136 flowId 450 uecSrc 449 starting at 0
Flow Uec_290_704 flowId 451 uecSrc 450 starting at 0
Flow Uec_311_879 flowId 452 uecSrc 451 starting at 0
Flow Uec_71_540 flowId 453 uecSrc 452 starting at 0
Flow Uec_336_865 flowId 454 uecSrc 453 starting at 0
Flow Uec_582_1017 flowId 455 uecSrc 454 starting at 0
Flow Uec_719_182 flowId 456 uecSrc 455 starting at 0
Flow Uec_45_537 flowId 457 uecSrc 456 starting at 0
Flow Uec_1075_419 flowId 458 uecSrc 457 starting at 0
Flow Uec_391_873 flowId 459 uecSrc 458 starting at 0
Flow Uec_775_171 flowId 460 uecSrc 459 starting at 0
Flow Uec_1048_418 flowId 461 uecSrc 460 starting at 0
Flow Uec_811_256 flowId 462 uecSrc 461 starting at 0
Flow Uec_525_1006 flowId 463 uecSrc 462 starting at 0
Flow Uec_277_754 flowId 464 uecSrc 463 starting at 0
Flow Uec_149_615 flowId 465 uecSrc 464 starting at 0
Flow Uec_968_378 flowId 466 uecSrc 465 starting at 0
Flow Uec_334_868 flowId 467 uecSrc 466 starting at 0
Flow Uec_549_1024 flowId 468 uecSrc 467 starting at 0
Flow Uec_289_731 flowId 469 uecSrc 468 starting at 0
Flow Uec_688_16 flowId 470 uecSrc 469 starting at 0
Flow Uec_929_311 flowId 471 uecSrc 470 starting at 0
Flow Uec_609_53 flowId 472 uecSrc 471 starting at 0
Flow Uec_676_76 flowId 473 uecSrc 472 starting at 0
Flow Uec_145_672 flowId 474 uecSrc 473 starting at 0
Flow Uec_198_679 flowId 475 uecSrc 474 starting at 0
Flow Uec_708_180 flowId 476 uecSrc 475 starting at 0
Flow Uec_107_623 flowId 477 uecSrc 476 starting at 0
Flow Uec_95_521 flowId 478 uecSrc 477 starting at 0
Flow Uec_354_867 flowId 479 uecSrc 478 starting at 0
Flow Uec_251_773 flowId 480 uecSrc 479 starting at 0
Flow Uec_924_397 flowId 481 uecSrc 480 starting at 0
Flow Uec_54_543 flowId 482 uecSrc 481 starting at 0
Flow Uec_127_696 flowId 483 uecSrc 482 starting at 0
Flow Uec_707_114 flowId 484 uecSrc 483 starting at 0
Flow Uec_291_790 flowId 485 uecSrc 484 starting at 0
Flow Uec_1085_477 flowId 486 uecSrc 485 starting at 0
Flow Uec_324_856 flowId 487 uecSrc 486 starting at 0
Flow Uec_1060_450 flowId 488 uecSrc 487 starting at 0
Flow Uec_969_352 flowId 489 uecSrc 488 starting at 0
Flow Uec_448_953 flowId 490 uecSrc 489 starting at 0
Flow Uec_42_551 flowId 491 uecSrc 490 starting at 0
Flow Uec_752_151 flowId 492 uecSrc 491 starting at 0
Flow Uec_975_338 flowId 493 uecSrc 492 starting at 0
Flow Uec_616_72 flowId 494 uecSrc 493 starting at 0
Flow Uec_123_690 flowId 495 uecSrc 494 starting at 0
Flow Uec_948_315 flowId 496 uecSrc 495 starting at 0
Flow Uec_102_661 flowId 497 uecSrc 496 starting at 0
Flow Uec_1098_490 flowId 498 uecSrc 497 starting at 0
Flow Uec_846_290 flowId 499 uecSrc 498 starting at 0
Flow Uec_990_320 flowId 500 uecSrc 499 starting at 0
Flow Uec_1090_406 flowId 501 uecSrc 500 starting at 0
Flow Uec_0_500 flowId 502 uecSrc 501 starting at 0
Flow Uec_416_943 flowId 503 uecSrc 502 starting at 0
Flow Uec_461_913 flowId 504 uecSrc 503 starting at 0
Flow Uec_319_829 flowId 505 uecSrc 504 starting at 0
Flow Uec_90_577 flowId 506 uecSrc 505 starting at 0
Flow Uec_641_4 flowId 507 uecSrc 506 starting at 0
Flow Uec_807_299 flowId 508 uecSrc 507 starting at 0
Flow Uec_1037_441 flowId 509 uecSrc 508 starting at 0
Flow Uec_927_396 flowId 510 uecSrc 509 starting at 0
Flow Uec_419_945 flowId 511 uecSrc 510 starting at 0
Flow Uec_221_774 flowId 512 uecSrc 511 starting at 0
Flow Uec_610_6 flowId 513 uecSrc 512 starting at 0
Flow Uec_248_724 flowId 514 uecSrc 513 starting at 0
Flow Uec_245_747 flowId 515 uecSrc 514 starting at 0
Flow Uec_104_638 flowId 516 uecSrc 515 starting at 0
Flow Uec_283_775 flowId 517 uecSrc 516 starting at 0
Flow Uec_679_69 flowId 518 uecSrc 517 starting at 0
Flow Uec_608_37 flowId 519 uecSrc 518 starting at 0
Flow Uec_620_75 flowId 520 uecSrc 519 starting at 0
Flow Uec_908_337 flowId 521 uecSrc 520 starting at 0
Flow Uec_909_390 flowId 522 uecSrc 521 starting at 0
Flow Uec_993_316 flowId 523 uecSrc 522 starting at 0
Flow Uec_421_979 flowId 524 uecSrc 523 starting at 0
Flow Uec_1019_492 flowId 525 uecSrc 524 starting at 0
Flow Uec_396_809 flowId 526 uecSrc 525 starting at 0
Flow Uec_915_304 flowId 527 uecSrc 526 starting at 0
Flow Uec_281_779 flowId 528 uecSrc 527 starting at 0
Flow Uec_358_826 flowId 529 uecSrc 528 starting at 0
Flow Uec_810_245 flowId 530 uecSrc 529 starting at 0
Flow Uec_706_186 flowId 531 uecSrc 530 starting at 0
Flow Uec_122_668 flowId 532 uecSrc 531 starting at 0
Flow Uec_594_1000 flowId 533 uecSrc 532 starting at 0
Flow Uec_791_185 flowId 534 uecSrc 533 starting at 0
Flow Uec_831_219 flowId 535 uecSrc 534 starting at 0
Flow Uec_748_140 flowId 536 uecSrc 535 starting at 0
Flow Uec_547_1013 flowId 537 uecSrc 536 starting at 0
Flow Uec_1033_467 flowId 538 uecSrc 537 starting at 0
Flow Uec_210_784 flowId 539 uecSrc 538 starting at 0
Flow Uec_78_556 flowId 540 uecSrc 539 starting at 0
Flow Uec_684_21 flowId 541 uecSrc 540 starting at 0
Flow Uec_105_682 flowId 542 uecSrc 541 starting at 0
Flow Uec_992_327 flowId 543 uecSrc 542 starting at 0
Flow Uec_441_930 flowId 544 uecSrc 543 starting at 0
Flow Uec_487_951 flowId 545 uecSrc 544 starting at 0
Flow Uec_219_728 flowId 546 uecSrc 545 starting at 0
Flow Uec_374_803 flowId 547 uecSrc 546 starting at 0
Flow Uec_1000_428 flowId 548 uecSrc 547 starting at 0
Flow Uec_1026_453 flowId 549 uecSrc 548 starting at 0
Flow Uec_156_611 flowId 550 uecSrc 549 starting at 0
Flow Uec_544_1092 flowId 551 uecSrc 550 starting at 0
Flow Uec_67_595 flowId 552 uecSrc 551 starting at 0
Flow Uec_429_926 flowId 553 uecSrc 552 starting at 0
Flow Uec_55_557 flowId 554 uecSrc 553 starting at 0
Flow Uec_655_66 flowId 555 uecSrc 554 starting at 0
Flow Uec_803_273 flowId 556 uecSrc 555 starting at 0
Flow Uec_303_840 flowId 557 uecSrc 556 starting at 0
Flow Uec_682_9 flowId 558 uecSrc 557 starting at 0
Flow Uec_137_619 flowId 559 uecSrc 558 starting at 0
Flow Uec_825_265 flowId 560 uecSrc 559 starting at 0
Flow Uec_392_814 flowId 561 uecSrc 560 starting at 0
Flow Uec_187_634 flowId 562 uecSrc 561 starting at 0
Flow Uec_231_771 flowId 563 uecSrc 562 starting at 0
Flow Uec_796_158 flowId 564 uecSrc 563 starting at 0
Flow Uec_11_524 flowId 565 uecSrc 564 starting at 0
Flow Uec_328_812 flowId 566 uecSrc 565 starting at 0
Flow Uec_574_1042 flowId 567 uecSrc 566 starting at 0
Flow Uec_256_762 flowId 568 uecSrc 567 starting at 0
Flow Uec_721_162 flowId 569 uecSrc 568 starting at 0
Flow Uec_270_752 flowId 570 uecSrc 569 starting at 0
Flow Uec_1006_474 flowId 571 uecSrc 570 starting at 0
Flow Uec_754_129 flowId 572 uecSrc 571 starting at 0
Flow Uec_376_827 flowId 573 uecSrc 572 starting at 0
Flow Uec_212_715 flowId 574 uecSrc 573 starting at 0
Flow Uec_710_188 flowId 575 uecSrc 574 starting at 0
Flow Uec_457_985 flowId 576 uecSrc 575 starting at 0
Flow Uec_188_606 flowId 577 uecSrc 576 starting at 0
Flow Uec_343_872 flowId 578 uecSrc 577 starting at 0
Flow Uec_1046_456 flowId 579 uecSrc 578 starting at 0
Flow Uec_1097_417 flowId 580 uecSrc 579 starting at 0
Flow Uec_1072_487 flowId 581 uecSrc 580 starting at 0
Flow Uec_331_802 flowId 582 uecSrc 581 starting at 0
Flow Uec_745_198 flowId 583 uecSrc 582 starting at 0
Flow Uec_199_687 flowId 584 uecSrc 583 starting at 0
Flow Uec_502_1098 flowId 585 uecSrc 584 starting at 0
Flow Uec_1080_493 flowId 586 uecSrc 585 starting at 0
Flow Uec_994_373 flowId 587 uecSrc 586 starting at 0
Flow Uec_524_1049 flowId 588 uecSrc 587 starting at 0
Flow Uec_409_934 flowId 589 uecSrc 588 starting at 0
Flow Uec_26_552 flowId 590 uecSrc 589 starting at 0
Flow Uec_162_616 flowId 591 uecSrc 590 starting at 0
Flow Uec_268_714 flowId 592 uecSrc 591 starting at 0
Flow Uec_284_710 flowId 593 uecSrc 592 starting at 0
Flow Uec_564_1070 flowId 594 uecSrc 593 starting at 0
Flow Uec_1034_486 flowId 595 uecSrc 594 starting at 0
Flow Uec_637_8 flowId 596 uecSrc 595 starting at 0
Flow Uec_772_164 flowId 597 uecSrc 596 starting at 0
Flow Uec_587_1026 flowId 598 uecSrc 597 starting at 0
Flow Uec_205_777 flowId 599 uecSrc 598 starting at 0
Flow Uec_226_776 flowId 600 uecSrc 599 starting at 0
Flow Uec_408_955 flowId 601 uecSrc 600 starting at 0
Flow Uec_932_306 flowId 602 uecSrc 601 starting at 0
Flow Uec_666_12 flowId 603 uecSrc 602 starting at 0
Flow Uec_1094_465 flowId 604 uecSrc 603 starting at 0
Flow Uec_559_1029 flowId 605 uecSrc 604 starting at 0
Flow Uec_970_367 flowId 606 uecSrc 605 starting at 0
Flow Uec_32_538 flowId 607 uecSrc 606 starting at 0
Flow Uec_575_1079 flowId 608 uecSrc 607 starting at 0
Flow Uec_446_939 flowId 609 uecSrc 608 starting at 0
Flow Uec_1070_401 flowId 610 uecSrc 609 starting at 0
Flow Uec_812_214 flowId 611 uecSrc 610 starting at 0
Flow Uec_225_786 flowId 612 uecSrc 611 starting at 0
Flow Uec_895_289 flowId 613 uecSrc 612 starting at 0
Flow Uec_382_884 flowId 614 uecSrc 613 starting at 0
Flow Uec_94_594 flowId 615 uecSrc 614 starting at 0
Flow Uec_527_1052 flowId 616 uecSrc 615 starting at 0
Flow Uec_144_639 flowId 617 uecSrc 616 starting at 0
Flow Uec_1049_459 flowId 618 uecSrc 617 starting at 0
Flow Uec_854_296 flowId 619 uecSrc 618 starting at 0
Flow Uec_72_559 flowId 620 uecSrc 619 starting at 0
Flow Uec_166_670 flowId 621 uecSrc 620 starting at 0
Flow Uec_399_847 flowId 622 uecSrc 621 starting at 0
Flow Uec_519_1044 flowId 623 uecSrc 622 starting at 0
Flow Uec_195_692 flowId 624 uecSrc 623 starting at 0
Flow Uec_522_1069 flowId 625 uecSrc 624 starting at 0
Flow Uec_129_642 flowId 626 uecSrc 625 starting at 0
Flow Uec_443_984 flowId 627 uecSrc 626 starting at 0
Flow Uec_216_750 flowId 628 uecSrc 627 starting at 0
Flow Uec_832_293 flowId 629 uecSrc 628 starting at 0
Flow Uec_108_688 flowId 630 uecSrc 629 starting at 0
Flow Uec_378_842 flowId 631 uecSrc 630 starting at 0
Flow Uec_223_739 flowId 632 uecSrc 631 starting at 0
Flow Uec_161_667 flowId 633 uecSrc 632 starting at 0
Flow Uec_285_732 flowId 634 uecSrc 633 starting at 0
Flow Uec_536_1074 flowId 635 uecSrc 634 starting at 0
Flow Uec_481_970 flowId 636 uecSrc 635 starting at 0
Flow Uec_1074_403 flowId 637 uecSrc 636 starting at 0
Flow Uec_513_1080 flowId 638 uecSrc 637 starting at 0
Flow Uec_773_176 flowId 639 uecSrc 638 starting at 0
Flow Uec_651_70 flowId 640 uecSrc 639 starting at 0
Flow Uec_596_1071 flowId 641 uecSrc 640 starting at 0
Flow Uec_1030_452 flowId 642 uecSrc 641 starting at 0
Flow Uec_261_766 flowId 643 uecSrc 642 starting at 0
Flow Uec_8_516 flowId 644 uecSrc 643 starting at 0
Flow Uec_662_88 flowId 645 uecSrc 644 starting at 0
Flow Uec_879_211 flowId 646 uecSrc 645 starting at 0
Flow Uec_949_313 flowId 647 uecSrc 646 starting at 0
Flow Uec_329_866 flowId 648 uecSrc 647 starting at 0
Flow Uec_981_310 flowId 649 uecSrc 648 starting at 0
Flow Uec_434_904 flowId 650 uecSrc 649 starting at 0
Flow Uec_816_248 flowId 651 uecSrc 650 starting at 0
Flow Uec_471_999 flowId 652 uecSrc 651 starting at 0
Flow Uec_1064_489 flowId 653 uecSrc 652 starting at 0
Flow Uec_657_5 flowId 654 uecSrc 653 starting at 0
Flow Uec_430_962 flowId 655 uecSrc 654 starting at 0
Flow Uec_177_654 flowId 656 uecSrc 655 starting at 0
Flow Uec_402_919 flowId 657 uecSrc 656 starting at 0
Flow Uec_301_800 flowId 658 uecSrc 657 starting at 0
Flow Uec_395_828 flowId 659 uecSrc 658 starting at 0
Flow Uec_872_266 flowId 660 uecSrc 659 starting at 0
Flow Uec_510_1037 flowId 661 uecSrc 660 starting at 0
Flow Uec_426_966 flowId 662 uecSrc 661 starting at 0
Flow Uec_705_189 flowId 663 uecSrc 662 starting at 0
Flow Uec_925_371 flowId 664 uecSrc 663 starting at 0
Flow Uec_316_875 flowId 665 uecSrc 664 starting at 0
Flow Uec_529_1054 flowId 666 uecSrc 665 starting at 0
Flow Uec_238_703 flowId 667 uecSrc 666 starting at 0
Flow Uec_583_1083 flowId 668 uecSrc 667 starting at 0
Flow Uec_263_796 flowId 669 uecSrc 668 starting at 0
Flow Uec_937_384 flowId 670 uecSrc 669 starting at 0
Flow Uec_946_303 flowId 671 uecSrc 670 starting at 0
Flow Uec_178_691 flowId 672 uecSrc 671 starting at 0
Flow Uec_158_669 flowId 673 uecSrc 672 starting at 0
Flow Uec_712_135 flowId 674 uecSrc 673 starting at 0
Flow Uec_885_225 flowId 675 uecSrc 674 starting at 0
Flow Uec_197_609 flowId 676 uecSrc 675 starting at 0
Flow Uec_681_55 flowId 677 uecSrc 676 starting at 0
Flow Uec_444_900 flowId 678 uecSrc 677 starting at 0
Flow Uec_835_257 flowId 679 uecSrc 678 starting at 0
Flow Uec_33_584 flowId 680 uecSrc 679 starting at 0
Flow Uec_98_511 flowId 681 uecSrc 680 starting at 0
Flow Uec_907_349 flowId 682 uecSrc 681 starting at 0
Flow Uec_432_944 flowId 683 uecSrc 682 starting at 0
Flow Uec_113_684 flowId 684 uecSrc 683 starting at 0
Flow Uec_784_111 flowId 685 uecSrc 684 starting at 0
Flow Uec_474_948 flowId 686 uecSrc 685 starting at 0
Flow Uec_436_929 flowId 687 uecSrc 686 starting at 0
Flow Uec_778_108 flowId 688 uecSrc 687 starting at 0
Flow Uec_837_255 flowId 689 uecSrc 688 starting at 0
Flow Uec_869_253 flowId 690 uecSrc 689 starting at 0
Flow Uec_787_103 flowId 691 uecSrc 690 starting at 0
Flow Uec_401_933 flowId 692 uecSrc 691 starting at 0
Flow Uec_175_678 flowId 693 uecSrc 692 starting at 0
Flow Uec_133_662 flowId 694 uecSrc 693 starting at 0
Flow Uec_171_680 flowId 695 uecSrc 694 starting at 0
Flow Uec_997_302 flowId 696 uecSrc 695 starting at 0
Flow Uec_44_566 flowId 697 uecSrc 696 starting at 0
Flow Uec_232_723 flowId 698 uecSrc 697 starting at 0
Flow Uec_817_291 flowId 699 uecSrc 698 starting at 0
Flow Uec_849_271 flowId 700 uecSrc 699 starting at 0
Flow Uec_246_743 flowId 701 uecSrc 700 starting at 0
Flow Uec_567_1089 flowId 702 uecSrc 701 starting at 0
Flow Uec_361_871 flowId 703 uecSrc 702 starting at 0
Flow Uec_265_730 flowId 704 uecSrc 703 starting at 0
Flow Uec_119_641 flowId 705 uecSrc 704 starting at 0
Flow Uec_576_1040 flowId 706 uecSrc 705 starting at 0
Flow Uec_1002_475 flowId 707 uecSrc 706 starting at 0
Flow Uec_403_941 flowId 708 uecSrc 707 starting at 0
Flow Uec_971_350 flowId 709 uecSrc 708 starting at 0
Flow Uec_1001_458 flowId 710 uecSrc 709 starting at 0
Flow Uec_800_243 flowId 711 uecSrc 710 starting at 0
Flow Uec_237_726 flowId 712 uecSrc 711 starting at 0
Flow Uec_1083_413 flowId 713 uecSrc 712 starting at 0
Flow Uec_109_677 flowId 714 uecSrc 713 starting at 0
Flow Uec_920_387 flowId 715 uecSrc 714 starting at 0
Flow Uec_930_393 flowId 716 uecSrc 715 starting at 0
Flow Uec_689_48 flowId 717 uecSrc 716 starting at 0
Flow Uec_466_902 flowId 718 uecSrc 717 starting at 0
Flow Uec_776_117 flowId 719 uecSrc 718 starting at 0
Flow Uec_940_300 flowId 720 uecSrc 719 starting at 0
Flow Uec_242_778 flowId 721 uecSrc 720 starting at 0
Flow Uec_1096_404 flowId 722 uecSrc 721 starting at 0
Flow Uec_774_187 flowId 723 uecSrc 722 starting at 0
Flow Uec_321_883 flowId 724 uecSrc 723 starting at 0
Flow Uec_871_208 flowId 725 uecSrc 724 starting at 0
Flow Uec_74_503 flowId 726 uecSrc 725 starting at 0
Flow Uec_690_40 flowId 727 uecSrc 726 starting at 0
Flow Uec_1005_431 flowId 728 uecSrc 727 starting at 0
Flow Uec_677_30 flowId 729 uecSrc 728 starting at 0
Flow Uec_203_705 flowId 730 uecSrc 729 starting at 0
Flow Uec_181_699 flowId 731 uecSrc 730 starting at 0
Flow Uec_843_224 flowId 732 uecSrc 731 starting at 0
Flow Uec_888_276 flowId 733 uecSrc 732 starting at 0
Flow Uec_526_1015 flowId 734 uecSrc 733 starting at 0
Flow Uec_88_590 flowId 735 uecSrc 734 starting at 0
Flow Uec_126_627 flowId 736 uecSrc 735 starting at 0
Flow Uec_1099_455 flowId 737 uecSrc 736 starting at 0
Flow Uec_553_1007 flowId 738 uecSrc 737 starting at 0
Flow Uec_630_80 flowId 739 uecSrc 738 starting at 0
Flow Uec_274_700 flowId 740 uecSrc 739 starting at 0
Flow Uec_1023_447 flowId 741 uecSrc 740 starting at 0
Flow Uec_979_361 flowId 742 uecSrc 741 starting at 0
Flow Uec_431_954 flowId 743 uecSrc 742 starting at 0
Flow Uec_148_697 flowId 744 uecSrc 743 starting at 0
Flow Uec_387_817 flowId 745 uecSrc 744 starting at 0
Flow Uec_701_127 flowId 746 uecSrc 745 starting at 0
Flow Uec_857_246 flowId 747 uecSrc 746 starting at 0
Flow Uec_43_573 flowId 748 uecSrc 747 starting at 0
Flow Uec_759_178 flowId 749 uecSrc 748 starting at 0
Flow Uec_120_655 flowId 750 uecSrc 749 starting at 0
Flow Uec_868_286 flowId 751 uecSrc 750 starting at 0
Flow Uec_899_280 flowId 752 uecSrc 751 starting at 0
Flow Uec_1041_496 flowId 753 uecSrc 752 starting at 0
Flow Uec_861_288 flowId 754 uecSrc 753 starting at 0
Flow Uec_668_25 flowId 755 uecSrc 754 starting at 0
Flow Uec_509_1078 flowId 756 uecSrc 755 starting at 0
Flow Uec_439_986 flowId 757 uecSrc 756 starting at 0
Flow Uec_767_100 flowId 758 uecSrc 757 starting at 0
Flow Uec_38_570 flowId 759 uecSrc 758 starting at 0
Flow Uec_672_60 flowId 760 uecSrc 759 starting at 0
Flow Uec_665_18 flowId 761 uecSrc 760 starting at 0
Flow Uec_420_914 flowId 762 uecSrc 761 starting at 0
Flow Uec_910_312 flowId 763 uecSrc 762 starting at 0
Flow Uec_447_931 flowId 764 uecSrc 763 starting at 0
Flow Uec_683_95 flowId 765 uecSrc 764 starting at 0
Flow Uec_191_607 flowId 766 uecSrc 765 starting at 0
Flow Uec_783_143 flowId 767 uecSrc 766 starting at 0
Flow Uec_342_870 flowId 768 uecSrc 767 starting at 0
Flow Uec_235_761 flowId 769 uecSrc 768 starting at 0
Flow Uec_763_173 flowId 770 uecSrc 769 starting at 0
Flow Uec_967_392 flowId 771 uecSrc 770 starting at 0
Flow Uec_585_1039 flowId 772 uecSrc 771 starting at 0
Flow Uec_1027_408 flowId 773 uecSrc 772 starting at 0
Flow Uec_91_532 flowId 774 uecSrc 773 starting at 0
Flow Uec_132_625 flowId 775 uecSrc 774 starting at 0
Flow Uec_548_1023 flowId 776 uecSrc 775 starting at 0
Flow Uec_694_56 flowId 777 uecSrc 776 starting at 0
Flow Uec_580_1091 flowId 778 uecSrc 777 starting at 0
Flow Uec_307_823 flowId 779 uecSrc 778 starting at 0
Flow Uec_834_272 flowId 780 uecSrc 779 starting at 0
Flow Uec_729_104 flowId 781 uecSrc 780 starting at 0
Flow Uec_360_894 flowId 782 uecSrc 781 starting at 0
Flow Uec_880_223 flowId 783 uecSrc 782 starting at 0
Flow Uec_92_539 flowId 784 uecSrc 783 starting at 0
Flow Uec_7_506 flowId 785 uecSrc 784 starting at 0
Flow Uec_117_630 flowId 786 uecSrc 785 starting at 0
Flow Uec_756_115 flowId 787 uecSrc 786 starting at 0
Flow Uec_154_644 flowId 788 uecSrc 787 starting at 0
Flow Uec_1038_438 flowId 789 uecSrc 788 starting at 0
Flow Uec_65_530 flowId 790 uecSrc 789 starting at 0
Flow Uec_304_801 flowId 791 uecSrc 790 starting at 0
Flow Uec_302_819 flowId 792 uecSrc 791 starting at 0
Flow Uec_678_41 flowId 793 uecSrc 792 starting at 0
Flow Uec_492_950 flowId 794 uecSrc 793 starting at 0
Flow Uec_366_890 flowId 795 uecSrc 794 starting at 0
Flow Uec_1043_414 flowId 796 uecSrc 795 starting at 0
Flow Uec_858_264 flowId 797 uecSrc 796 starting at 0
Flow Uec_998_391 flowId 798 uecSrc 797 starting at 0
Flow Uec_755_175 flowId 799 uecSrc 798 starting at 0
Flow Uec_140_621 flowId 800 uecSrc 799 starting at 0
Flow Uec_48_580 flowId 801 uecSrc 800 starting at 0
Flow Uec_771_169 flowId 802 uecSrc 801 starting at 0
Flow Uec_557_1081 flowId 803 uecSrc 802 starting at 0
Flow Uec_75_587 flowId 804 uecSrc 803 starting at 0
Flow Uec_736_149 flowId 805 uecSrc 804 starting at 0
Flow Uec_153_600 flowId 806 uecSrc 805 starting at 0
Flow Uec_983_335 flowId 807 uecSrc 806 starting at 0
Flow Uec_348_816 flowId 808 uecSrc 807 starting at 0
Flow Uec_17_572 flowId 809 uecSrc 808 starting at 0
Flow Uec_770_107 flowId 810 uecSrc 809 starting at 0
Flow Uec_20_599 flowId 811 uecSrc 810 starting at 0
Flow Uec_779_130 flowId 812 uecSrc 811 starting at 0
Flow Uec_566_1099 flowId 813 uecSrc 812 starting at 0
Flow Uec_317_830 flowId 814 uecSrc 813 starting at 0
Flow Uec_200_702 flowId 815 uecSrc 814 starting at 0
Flow Uec_760_167 flowId 816 uecSrc 815 starting at 0
Flow Uec_1022_429 flowId 817 uecSrc 816 starting at 0
Flow Uec_433_977 flowId 818 uecSrc 817 starting at 0
Flow Uec_134_657 flowId 819 uecSrc 818 starting at 0
Flow Uec_842_230 flowId 820 uecSrc 819 starting at 0
Flow Uec_138_694 flowId 821 uecSrc 820 starting at 0
Flow Uec_987_308 flowId 822 uecSrc 821 starting at 0
Flow Uec_734_147 flowId 823 uecSrc 822 starting at 0
Flow Uec_516_1058 flowId 824 uecSrc 823 starting at 0
Flow Uec_73_596 flowId 825 uecSrc 824 starting at 0
Flow Uec_793_132 flowId 826 uecSrc 825 starting at 0
Flow Uec_381_882 flowId 827 uecSrc 826 starting at 0
Flow Uec_106_651 flowId 828 uecSrc 827 starting at 0
Flow Uec_898_203 flowId 829 uecSrc 828 starting at 0
Flow Uec_121_676 flowId 830 uecSrc 829 starting at 0
Flow Uec_330_833 flowId 831 uecSrc 830 starting at 0
Flow Uec_29_542 flowId 832 uecSrc 831 starting at 0
Flow Uec_227_751 flowId 833 uecSrc 832 starting at 0
Flow Uec_1040_423 flowId 834 uecSrc 833 starting at 0
Flow Uec_159_659 flowId 835 uecSrc 834 starting at 0
Flow Uec_194_601 flowId 836 uecSrc 835 starting at 0
Flow Uec_110_656 flowId 837 uecSrc 836 starting at 0
Flow Uec_1024_457 flowId 838 uecSrc 837 starting at 0
Flow Uec_716_120 flowId 839 uecSrc 838 starting at 0
Flow Uec_823_251 flowId 840 uecSrc 839 starting at 0
Flow Uec_314_893 flowId 841 uecSrc 840 starting at 0
Flow Uec_650_39 flowId 842 uecSrc 841 starting at 0
Flow Uec_359_851 flowId 843 uecSrc 842 starting at 0
Flow Uec_633_89 flowId 844 uecSrc 843 starting at 0
Flow Uec_233_783 flowId 845 uecSrc 844 starting at 0
Flow Uec_157_663 flowId 846 uecSrc 845 starting at 0
Flow Uec_63_586 flowId 847 uecSrc 846 starting at 0
Flow Uec_802_287 flowId 848 uecSrc 847 starting at 0
Flow Uec_470_967 flowId 849 uecSrc 848 starting at 0
Flow Uec_345_886 flowId 850 uecSrc 849 starting at 0
Flow Uec_713_138 flowId 851 uecSrc 850 starting at 0
Flow Uec_40_525 flowId 852 uecSrc 851 starting at 0
Flow Uec_922_383 flowId 853 uecSrc 852 starting at 0
Flow Uec_475_987 flowId 854 uecSrc 853 starting at 0
Flow Uec_315_854 flowId 855 uecSrc 854 starting at 0
Flow Uec_942_385 flowId 856 uecSrc 855 starting at 0
Flow Uec_190_673 flowId 857 uecSrc 856 starting at 0
Flow Uec_128_681 flowId 858 uecSrc 857 starting at 0
Flow Uec_427_978 flowId 859 uecSrc 858 starting at 0
Flow Uec_79_569 flowId 860 uecSrc 859 starting at 0
Flow Uec_213_707 flowId 861 uecSrc 860 starting at 0
Flow Uec_573_1085 flowId 862 uecSrc 861 starting at 0
Flow Uec_560_1060 flowId 863 uecSrc 862 starting at 0
Flow Uec_27_592 flowId 864 uecSrc 863 starting at 0
Flow Uec_293_729 flowId 865 uecSrc 864 starting at 0
Flow Uec_299_716 flowId 866 uecSrc 865 starting at 0
Flow Uec_818_209 flowId 867 uecSrc 866 starting at 0
Flow Uec_995_374 flowId 868 uecSrc 867 starting at 0
Flow Uec_1013_424 flowId 869 uecSrc 868 starting at 0
Flow Uec_827_231 flowId 870 uecSrc 869 starting at 0
Flow Uec_76_534 flowId 871 uecSrc 870 starting at 0
Flow Uec_550_1067 flowId 872 uecSrc 871 starting at 0
Flow Uec_495_976 flowId 873 uecSrc 872 starting at 0
Flow Uec_151_637 flowId 874 uecSrc 873 starting at 0
Flow Uec_273_719 flowId 875 uecSrc 874 starting at 0
Flow Uec_1082_485 flowId 876 uecSrc 875 starting at 0
Flow Uec_656_84 flowId 877 uecSrc 876 starting at 0
Flow Uec_464_927 flowId 878 uecSrc 877 starting at 0
Flow Uec_788_122 flowId 879 uecSrc 878 starting at 0
Flow Uec_824_207 flowId 880 uecSrc 879 starting at 0
Flow Uec_146_653 flowId 881 uecSrc 880 starting at 0
Flow Uec_180_631 flowId 882 uecSrc 881 starting at 0
Flow Uec_473_901 flowId 883 uecSrc 882 starting at 0
Flow Uec_77_564 flowId 884 uecSrc 883 starting at 0
Flow Uec_124_689 flowId 885 uecSrc 884 starting at 0
Flow Uec_389_850 flowId 886 uecSrc 885 starting at 0
Flow Uec_483_960 flowId 887 uecSrc 886 starting at 0
Flow Uec_373_860 flowId 888 uecSrc 887 starting at 0
Flow Uec_584_1063 flowId 889 uecSrc 888 starting at 0
Flow Uec_36_531 flowId 890 uecSrc 889 starting at 0
Flow Uec_312_881 flowId 891 uecSrc 890 starting at 0
Flow Uec_118_612 flowId 892 uecSrc 891 starting at 0
Flow Uec_368_858 flowId 893 uecSrc 892 starting at 0
Flow Uec_10_513 flowId 894 uecSrc 893 starting at 0
Flow Uec_22_589 flowId 895 uecSrc 894 starting at 0
Flow Uec_856_285 flowId 896 uecSrc 895 starting at 0
Flow Uec_631_14 flowId 897 uecSrc 896 starting at 0
Flow Uec_404_983 flowId 898 uecSrc 897 starting at 0
Flow Uec_279_746 flowId 899 uecSrc 898 starting at 0
Flow Uec_189_683 flowId 900 uecSrc 899 starting at 0
Flow Uec_978_330 flowId 901 uecSrc 900 starting at 0
Flow Uec_201_708 flowId 902 uecSrc 901 starting at 0
Flow Uec_653_83 flowId 903 uecSrc 902 starting at 0
Flow Uec_797_139 flowId 904 uecSrc 903 starting at 0
Flow Uec_467_912 flowId 905 uecSrc 904 starting at 0
Flow Uec_85_520 flowId 906 uecSrc 905 starting at 0
Flow Uec_636_20 flowId 907 uecSrc 906 starting at 0
Flow Uec_1029_416 flowId 908 uecSrc 907 starting at 0
Flow Uec_222_725 flowId 909 uecSrc 908 starting at 0
Flow Uec_720_156 flowId 910 uecSrc 909 starting at 0
Flow Uec_215_797 flowId 911 uecSrc 910 starting at 0
Flow Uec_136_628 flowId 912 uecSrc 911 starting at 0
Flow Uec_751_174 flowId 913 uecSrc 912 starting at 0
Flow Uec_809_262 flowId 914 uecSrc 913 starting at 0
Flow Uec_6_502 flowId 915 uecSrc 914 starting at 0
Flow Uec_629_81 flowId 916 uecSrc 915 starting at 0
Flow Uec_496_903 flowId 917 uecSrc 916 starting at 0
Flow Uec_864_234 flowId 918 uecSrc 917 starting at 0
Flow Uec_186_675 flowId 919 uecSrc 918 starting at 0
Flow Uec_621_97 flowId 920 uecSrc 919 starting at 0
Flow Uec_717_116 flowId 921 uecSrc 920 starting at 0
Flow Uec_744_141 flowId 922 uecSrc 921 starting at 0
Flow Uec_202_789 flowId 923 uecSrc 922 starting at 0
Flow Uec_693_98 flowId 924 uecSrc 923 starting at 0
Flow Uec_1053_448 flowId 925 uecSrc 924 starting at 0
Flow Uec_1017_463 flowId 926 uecSrc 925 starting at 0
Flow Uec_956_366 flowId 927 uecSrc 926 starting at 0
Flow Uec_757_170 flowId 928 uecSrc 927 starting at 0
Flow Uec_484_982 flowId 929 uecSrc 928 starting at 0
Flow Uec_785_154 flowId 930 uecSrc 929 starting at 0
Flow Uec_991_319 flowId 931 uecSrc 930 starting at 0
Flow Uec_1_576 flowId 932 uecSrc 931 starting at 0
Flow Uec_165_605 flowId 933 uecSrc 932 starting at 0
Flow Uec_938_351 flowId 934 uecSrc 933 starting at 0
Flow Uec_523_1051 flowId 935 uecSrc 934 starting at 0
Flow Uec_980_363 flowId 936 uecSrc 935 starting at 0
Flow Uec_601_31 flowId 937 uecSrc 936 starting at 0
Flow Uec_272_791 flowId 938 uecSrc 937 starting at 0
Flow Uec_883_217 flowId 939 uecSrc 938 starting at 0
Flow Uec_407_925 flowId 940 uecSrc 939 starting at 0
Flow Uec_243_744 flowId 941 uecSrc 940 starting at 0
Flow Uec_479_910 flowId 942 uecSrc 941 starting at 0
Flow Uec_600_51 flowId 943 uecSrc 942 starting at 0
Flow Uec_214_763 flowId 944 uecSrc 943 starting at 0
Flow Uec_230_799 flowId 945 uecSrc 944 starting at 0
Flow Uec_639_28 flowId 946 uecSrc 945 starting at 0
Flow Uec_739_195 flowId 947 uecSrc 946 starting at 0
Flow Uec_664_26 flowId 948 uecSrc 947 starting at 0
Flow Uec_830_263 flowId 949 uecSrc 948 starting at 0
Flow Uec_552_1053 flowId 950 uecSrc 949 starting at 0
Flow Uec_957_370 flowId 951 uecSrc 950 starting at 0
Flow Uec_916_301 flowId 952 uecSrc 951 starting at 0
Flow Uec_185_629 flowId 953 uecSrc 952 starting at 0
Flow Uec_1032_400 flowId 954 uecSrc 953 starting at 0
Flow Uec_380_810 flowId 955 uecSrc 954 starting at 0
Flow Uec_865_215 flowId 956 uecSrc 955 starting at 0
Flow Uec_370_837 flowId 957 uecSrc 956 starting at 0
Flow Uec_247_757 flowId 958 uecSrc 957 starting at 0
Flow Uec_375_813 flowId 959 uecSrc 958 starting at 0
Flow Uec_586_1086 flowId 960 uecSrc 959 starting at 0
Flow Uec_218_780 flowId 961 uecSrc 960 starting at 0
Flow Uec_515_1012 flowId 962 uecSrc 961 starting at 0
Flow Uec_87_504 flowId 963 uecSrc 962 starting at 0
Flow Uec_286_709 flowId 964 uecSrc 963 starting at 0
Flow Uec_780_160 flowId 965 uecSrc 964 starting at 0
Flow Uec_476_924 flowId 966 uecSrc 965 starting at 0
Flow Uec_497_992 flowId 967 uecSrc 966 starting at 0
Flow Uec_743_168 flowId 968 uecSrc 967 starting at 0
Flow Uec_1036_488 flowId 969 uecSrc 968 starting at 0
Flow Uec_581_1061 flowId 970 uecSrc 969 starting at 0
Flow Uec_400_907 flowId 971 uecSrc 970 starting at 0
Flow Uec_850_249 flowId 972 uecSrc 971 starting at 0
Flow Uec_1052_480 flowId 973 uecSrc 972 starting at 0
Flow Uec_999_360 flowId 974 uecSrc 973 starting at 0
Flow Uec_341_836 flowId 975 uecSrc 974 starting at 0
Flow Uec_169_610 flowId 976 uecSrc 975 starting at 0
Flow Uec_335_896 flowId 977 uecSrc 976 starting at 0
Flow Uec_626_74 flowId 978 uecSrc 977 starting at 0
Flow Uec_758_134 flowId 979 uecSrc 978 starting at 0
Flow Uec_228_738 flowId 980 uecSrc 979 starting at 0
Flow Uec_208_717 flowId 981 uecSrc 980 starting at 0
Flow Uec_588_1056 flowId 982 uecSrc 981 starting at 0
Flow Uec_928_358 flowId 983 uecSrc 982 starting at 0
Flow Uec_654_15 flowId 984 uecSrc 983 starting at 0
Flow Uec_493_923 flowId 985 uecSrc 984 starting at 0
Flow Uec_896_233 flowId 986 uecSrc 985 starting at 0
Flow Uec_5_571 flowId 987 uecSrc 986 starting at 0
Flow Uec_628_24 flowId 988 uecSrc 987 starting at 0
Flow Uec_919_340 flowId 989 uecSrc 988 starting at 0
Flow Uec_667_63 flowId 990 uecSrc 989 starting at 0
Flow Uec_489_961 flowId 991 uecSrc 990 starting at 0
Flow Uec_1042_425 flowId 992 uecSrc 991 starting at 0
Flow Uec_337_811 flowId 993 uecSrc 992 starting at 0
Flow Uec_9_519 flowId 994 uecSrc 993 starting at 0
Flow Uec_52_560 flowId 995 uecSrc 994 starting at 0
Flow Uec_724_137 flowId 996 uecSrc 995 starting at 0
Flow Uec_731_146 flowId 997 uecSrc 996 starting at 0
Flow Uec_143_640 flowId 998 uecSrc 997 starting at 0
Flow Uec_505_1097 flowId 999 uecSrc 998 starting at 0
Flow Uec_310_820 flowId 1000 uecSrc 999 starting at 0
Flow Uec_31_544 flowId 1001 uecSrc 1000 starting at 0
Flow Uec_352_897 flowId 1002 uecSrc 1001 starting at 0
Flow Uec_18_505 flowId 1003 uecSrc 1002 starting at 0
Flow Uec_617_47 flowId 1004 uecSrc 1003 starting at 0
Flow Uec_96_546 flowId 1005 uecSrc 1004 starting at 0
Flow Uec_906_355 flowId 1006 uecSrc 1005 starting at 0
Flow Uec_455_963 flowId 1007 uecSrc 1006 starting at 0
Flow Uec_241_787 flowId 1008 uecSrc 1007 starting at 0
Flow Uec_941_345 flowId 1009 uecSrc 1008 starting at 0
Flow Uec_634_7 flowId 1010 uecSrc 1009 starting at 0
Flow Uec_411_993 flowId 1011 uecSrc 1010 starting at 0
Flow Uec_491_965 flowId 1012 uecSrc 1011 starting at 0
Flow Uec_614_86 flowId 1013 uecSrc 1012 starting at 0
Flow Uec_539_1031 flowId 1014 uecSrc 1013 starting at 0
Flow Uec_1031_442 flowId 1015 uecSrc 1014 starting at 0
Flow Uec_801_201 flowId 1016 uecSrc 1015 starting at 0
Flow Uec_333_898 flowId 1017 uecSrc 1016 starting at 0
Flow Uec_947_314 flowId 1018 uecSrc 1017 starting at 0
Flow Uec_853_247 flowId 1019 uecSrc 1018 starting at 0
Flow Uec_765_183 flowId 1020 uecSrc 1019 starting at 0
Flow Uec_182_617 flowId 1021 uecSrc 1020 starting at 0
Flow Uec_415_938 flowId 1022 uecSrc 1021 starting at 0
Flow Uec_750_197 flowId 1023 uecSrc 1022 starting at 0
Flow Uec_648_94 flowId 1024 uecSrc 1023 starting at 0
Flow Uec_660_64 flowId 1025 uecSrc 1024 starting at 0
Flow Uec_1050_472 flowId 1026 uecSrc 1025 starting at 0
Flow Uec_21_545 flowId 1027 uecSrc 1026 starting at 0
Flow Uec_234_795 flowId 1028 uecSrc 1027 starting at 0
Flow Uec_207_718 flowId 1029 uecSrc 1028 starting at 0
Flow Uec_1054_437 flowId 1030 uecSrc 1029 starting at 0
Flow Uec_422_980 flowId 1031 uecSrc 1030 starting at 0
Flow Uec_82_550 flowId 1032 uecSrc 1031 starting at 0
Flow Uec_820_297 flowId 1033 uecSrc 1032 starting at 0
Flow Uec_23_553 flowId 1034 uecSrc 1033 starting at 0
Flow Uec_642_92 flowId 1035 uecSrc 1034 starting at 0
Flow Uec_541_1090 flowId 1036 uecSrc 1035 starting at 0
Flow Uec_612_34 flowId 1037 uecSrc 1036 starting at 0
Flow Uec_829_205 flowId 1038 uecSrc 1037 starting at 0
Flow Uec_640_27 flowId 1039 uecSrc 1038 starting at 0
Flow Uec_540_1010 flowId 1040 uecSrc 1039 starting at 0
Flow Uec_833_236 flowId 1041 uecSrc 1040 starting at 0
Flow Uec_353_825 flowId 1042 uecSrc 1041 starting at 0
Flow Uec_1021_451 flowId 1043 uecSrc 1042 starting at 0
Flow Uec_923_322 flowId 1044 uecSrc 1043 starting at 0
Flow Uec_836_242 flowId 1045 uecSrc 1044 starting at 0
Flow Uec_356_853 flowId 1046 uecSrc 1045 starting at 0
Flow Uec_478_928 flowId 1047 uecSrc 1046 starting at 0
Flow Uec_300_891 flowId 1048 uecSrc 1047 starting at 0
Flow Uec_339_804 flowId 1049 uecSrc 1048 starting at 0
Flow Uec_714_177 flowId 1050 uecSrc 1049 starting at 0
Flow Uec_742_133 flowId 1051 uecSrc 1050 starting at 0
Flow Uec_926_388 flowId 1052 uecSrc 1051 starting at 0
Flow Uec_799_109 flowId 1053 uecSrc 1052 starting at 0
Flow Uec_184_695 flowId 1054 uecSrc 1053 starting at 0
Flow Uec_931_323 flowId 1055 uecSrc 1054 starting at 0
Flow Uec_1069_481 flowId 1056 uecSrc 1055 starting at 0
Flow Uec_886_204 flowId 1057 uecSrc 1056 starting at 0
Flow Uec_239_740 flowId 1058 uecSrc 1057 starting at 0
Flow Uec_792_113 flowId 1059 uecSrc 1058 starting at 0
Flow Uec_503_1094 flowId 1060 uecSrc 1059 starting at 0
Flow Uec_1035_491 flowId 1061 uecSrc 1060 starting at 0
Flow Uec_224_722 flowId 1062 uecSrc 1061 starting at 0
Flow Uec_859_216 flowId 1063 uecSrc 1062 starting at 0
Flow Uec_740_110 flowId 1064 uecSrc 1063 starting at 0
Flow Uec_590_1048 flowId 1065 uecSrc 1064 starting at 0
Flow Uec_943_305 flowId 1066 uecSrc 1065 starting at 0
Flow Uec_326_849 flowId 1067 uecSrc 1066 starting at 0
Flow Uec_504_1062 flowId 1068 uecSrc 1067 starting at 0
Flow Uec_945_334 flowId 1069 uecSrc 1068 starting at 0
Flow Uec_1068_468 flowId 1070 uecSrc 1069 starting at 0
Flow Uec_747_124 flowId 1071 uecSrc 1070 starting at 0
Flow Uec_935_347 flowId 1072 uecSrc 1071 starting at 0
Flow Uec_955_395 flowId 1073 uecSrc 1072 starting at 0
Flow Uec_506_1032 flowId 1074 uecSrc 1073 starting at 0
Flow Uec_554_1003 flowId 1075 uecSrc 1074 starting at 0
Flow Uec_535_1008 flowId 1076 uecSrc 1075 starting at 0
Flow Uec_977_398 flowId 1077 uecSrc 1076 starting at 0
Flow Uec_49_526 flowId 1078 uecSrc 1077 starting at 0
Flow Uec_619_65 flowId 1079 uecSrc 1078 starting at 0
Flow Uec_873_235 flowId 1080 uecSrc 1079 starting at 0
Flow Uec_57_558 flowId 1081 uecSrc 1080 starting at 0
Flow Uec_808_282 flowId 1082 uecSrc 1081 starting at 0
Flow Uec_64_529 flowId 1083 uecSrc 1082 starting at 0
Flow Uec_723_152 flowId 1084 uecSrc 1083 starting at 0
Flow Uec_449_997 flowId 1085 uecSrc 1084 starting at 0
Flow Uec_551_1043 flowId 1086 uecSrc 1085 starting at 0
Flow Uec_891_206 flowId 1087 uecSrc 1086 starting at 0
Flow Uec_866_238 flowId 1088 uecSrc 1087 starting at 0
Flow Uec_385_889 flowId 1089 uecSrc 1088 starting at 0
Flow Uec_951_324 flowId 1090 uecSrc 1089 starting at 0
Flow Uec_962_399 flowId 1091 uecSrc 1090 starting at 0
Flow Uec_905_321 flowId 1092 uecSrc 1091 starting at 0
Flow Uec_512_1084 flowId 1093 uecSrc 1092 starting at 0
Flow Uec_844_222 flowId 1094 uecSrc 1093 starting at 0
Flow Uec_309_887 flowId 1095 uecSrc 1094 starting at 0
Flow Uec_383_832 flowId 1096 uecSrc 1095 starting at 0
Flow Uec_514_1025 flowId 1097 uecSrc 1096 starting at 0
Flow Uec_47_533 flowId 1098 uecSrc 1097 starting at 0
Flow Uec_298_720 flowId 1099 uecSrc 1098 starting at 0
Flow Uec_718_196 flowId 1100 uecSrc 1099 starting at 0
Flow Uec_336_865 flowId 454 uecSrc 453 finished at 549.585 total messages 1 total packets 1224 RTS 0 total bytes 5001264 in_flight now 0 fair_inc 16426 prop_inc 77496 fast_inc 0 eta_inc 26224 multi_dec -6286 quick_dec -0 nack_dec -53950
Flow Uec_1041_496 flowId 753 uecSrc 752 finished at 554.758 total messages 1 total packets 1224 RTS 0 total bytes 5001264 in_flight now 0 fair_inc 14974 prop_inc 59562 fast_inc 0 eta_inc 26820 multi_dec -67370 quick_dec -0 nack_dec -24900
Flow Uec_426_966 flowId 662 uecSrc 661 finished at 560.41 total messages 1 total packets 1224 RTS 0 total bytes 5001264 in_flight now 0 fair_inc 19253 prop_inc 80944 fast_inc 0 eta_inc 26224 multi_dec -25123 quick_dec -0 nack_dec -49800
Flow Uec_927_396 flowId 510 uecSrc 509 finished at 570.023 total messages 1 total packets 1224 RTS 0 total bytes 5001264 in_flight now 0 fair_inc 18541 prop_inc 67090 fast_inc 0 eta_inc 27416 multi_dec -60617 quick_dec -0 nack_dec -20750
Flow Uec_646_78 flowId 309 uecSrc 308 finished at 574.229 total messages 1 total packets 1224 RTS 0 total bytes 5001264 in_flight now 0 fair_inc 20654 prop_inc 70881 fast_inc 0 eta_inc 27416 multi_dec -38773 quick_dec -0 nack_dec -62250
Flow Uec_503_1094 flowId 1060 uecSrc 1059 finished at 576.244 total messages 1 total packets 1224 RTS 0 total bytes 5001264 in_flight now 0 fair_inc 16578 prop_inc 50082 fast_inc 0 eta_inc 27416 multi_dec -25810 quick_dec -0 nack_dec -24900
Flow Uec_910_312 flowId 763 uecSrc 762 finished at 577.247 total messages 1 total packets 1224 RTS 0 total bytes 5001264 in_flight now 0 fair_inc 17425 prop_inc 65277 fast_inc 0 eta_inc 27416 multi_dec -18209 quick_dec -0 nack_dec -53950
Flow Uec_535_1008 flowId 1076 uecSrc 1075 finished at 578.733 total messages 1 total packets 1224 RTS 0 total bytes 5001264 in_flight now 0 fair_inc 27223 prop_inc 66449 fast_inc 0 eta_inc 27416 multi_dec -38878 quick_dec -0 nack_dec -58100
Flow Uec_23_553 flowId 1034 uecSrc 1033 finished at 579.536 total messages 1 total packets 1224 RTS 0 total bytes 5001264 in_flight now 0 fair_inc 22795 prop_inc 67042 fast_inc 0 eta_inc 27416 multi_dec -23977 quick_dec -0 nack_dec -41500
Flow Uec_999_360 flowId 974 uecSrc 973 finished at 580.786 total messages 1 total packets 1224 RTS 0 total bytes 5001264 in_flight now 0 fair_inc 14463 prop_inc 65297 fast_inc 0 eta_inc 28012 multi_dec -26146 quick_dec -0 nack_dec -53950
Flow Uec_420_914 flowId 762 uecSrc 761 finished at 581.52 total messages 1 total packets 1224 RTS 0 total bytes 5001264 in_flight now 0 fair_inc 16947 prop_inc 77189 fast_inc 0 eta_inc 27416 multi_dec -62361 quick_dec -0 nack_dec -53950
Flow Uec_904_309 flowId 231 uecSrc 230 finished at 583.517 total messages 1 total packets 1224 RTS 0 total bytes 5001264 in_flight now 0 fair_inc 26827 prop_inc 55233 fast_inc 0 eta_inc 27416 multi_dec -56679 quick_dec -0 nack_dec -41500
Flow Uec_234_795 flowId 1028 uecSrc 1027 finished at 584.627 total messages 1 total packets 1224 RTS 0 total bytes 5001264 in_flight now 0 fair_inc 23898 prop_inc 51751 fast_inc 0 eta_inc 27416 multi_dec -37430 quick_dec -0 nack_dec -33200
Flow Uec_930_393 flowId 716 uecSrc 715 finished at 585.08 total messages 1 total packets 1224 RTS 0 total bytes 5001264 in_flight now 0 fair_inc 19018 prop_inc 76056 fast_inc 0 eta_inc 27416 multi_dec -21887 quick_dec -0 nack_dec -58100
Flow Uec_169_610 flowId 976 uecSrc 975 finished at 586.267 total messages 1 total packets 1224 RTS 0 total bytes 5001264 in_flight now 0 fair_inc 22939 prop_inc 65092 fast_inc 0 eta_inc 28012 multi_dec -53035 quick_dec -0 nack_dec -45650
Flow Uec_664_26 flowId 948 uecSrc 947 finished at 588.464 total messages 1 total packets 1224 RTS 0 total bytes 5001264 in_flight now 0 fair_inc 24378 prop_inc 59460 fast_inc 0 eta_inc 28012 multi_dec -66320 quick_dec -0 nack_dec -45650
Flow Uec_761_131 flowId 106 uecSrc 105 finished at 588.533 total messages 1 total packets 1224 RTS 0 total bytes 5001264 in_flight now 0 fair_inc 19306 prop_inc 68114 fast_inc 0 eta_inc 28012 multi_dec -36974 quick_dec -0 nack_dec -53950
Flow Uec_896_233 flowId 986 uecSrc 985 finished at 590.895 total messages 1 total packets 1224 RTS 0 total bytes 5001264 in_flight now 0 fair_inc 11642 prop_inc 65589 fast_inc 0 eta_inc 28012 multi_dec -33003 quick_dec -0 nack_dec -45650
Flow Uec_328_812 flowId 566 uecSrc 565 finished at 592.258 total messages 1 total packets 1224 RTS 0 total bytes 5001264 in_flight now 0 fair_inc 16739 prop_inc 59209 fast_inc 0 eta_inc 28012 multi_dec -62277 quick_dec -0 nack_dec -41500
Flow Uec_612_34 flowId 1037 uecSrc 1036 finished at 593.281 total messages 1 total packets 1224 RTS 0 total bytes 5001264 in_flight now 0 fair_inc 18778 prop_inc 71124 fast_inc 0 eta_inc 28608 multi_dec -62962 quick_dec -0 nack_dec -45650
Flow Uec_814_200 flowId 233 uecSrc 232 finished at 594.64 total messages 1 total packets 1224 RTS 0 total bytes 5001264 in_flight now 0 fair_inc 30709 prop_inc 54858 fast_inc 0 eta_inc 28608 multi_dec -89947 quick_dec -0 nack_dec -29050
Flow Uec_1060_450 flowId 488 uecSrc 487 finished at 595.855 total messages 1 total packets 1224 RTS 0 total bytes 5001264 in_flight now 0 fair_inc 25529 prop_inc 63908 fast_inc 0 eta_inc 28012 multi_dec -45721 quick_dec -0 nack_dec -53950
Flow Uec_451_947 flowId 362 uecSrc 361 finished at 596.678 total messages 1 total packets 1224 RTS 0 total bytes 5001264 in_flight now 0 fair_inc 32304 prop_inc 63799 fast_inc 0 eta_inc 28608 multi_dec -99200 quick_dec -0 nack_dec -29050
Flow Uec_1004_433 flowId 70 uecSrc 69 finished at 596.815 total messages 1 total packets 1224 RTS 0 total bytes 5001264 in_flight now 0 fair_inc 25202 prop_inc 68628 fast_inc 0 eta_inc 28608 multi_dec -103960 quick_dec -0 nack_dec -49800
Flow Uec_974_329 flowId 248 uecSrc 247 finished at 597.527 total messages 1 total packets 1224 RTS 0 total bytes 5001264 in_flight now 0 fair_inc 25004 prop_inc 66240 fast_inc 0 eta_inc 28012 multi_dec -123710 quick_dec -0 nack_dec -33200
Flow Uec_808_282 flowId 1082 uecSrc 1081 finished at 597.929 total messages 1 total packets 1224 RTS 0 total bytes 5001264 in_flight now 0 fair_inc 25716 prop_inc 69774 fast_inc 0 eta_inc 28608 multi_dec -60160 quick_dec -0 nack_dec -53950
Flow Uec_1043_414 flowId 796 uecSrc 795 finished at 598.119 total messages 1 total packets 1224 RTS 0 total bytes 5001264 in_flight now 0 fair_inc 20461 prop_inc 69012 fast_inc 0 eta_inc 28608 multi_dec -61388 quick_dec -0 nack_dec -62250
Flow Uec_907_349 flowId 682 uecSrc 681 finished at 602.029 total messages 1 total packets 1224 RTS 0 total bytes 5001264 in_flight now 0 fair_inc 29946 prop_inc 56415 fast_inc 0 eta_inc 28608 multi_dec -107062 quick_dec -0 nack_dec -33200
Flow Uec_946_303 flowId 671 uecSrc 670 finished at 603.21 total messages 1 total packets 1224 RTS 0 total bytes 5001264 in_flight now 0 fair_inc 19172 prop_inc 78623 fast_inc 0 eta_inc 28608 multi_dec -65405 quick_dec -0 nack_dec -58100
Flow Uec_882_281 flowId 217 uecSrc 216 finished at 603.449 total messages 1 total packets 1224 RTS 0 total bytes 5001264 in_flight now 0 fair_inc 29632 prop_inc 70198 fast_inc 0 eta_inc 28608 multi_dec -103712 quick_dec -0 nack_dec -37350
Flow Uec_237_726 flowId 712 uecSrc 711 finished at 603.759 total messages 1 total packets 1224 RTS 0 total bytes 5001264 in_flight now 0 fair_inc 31039 prop_inc 51995 fast_inc 0 eta_inc 28608 multi_dec -58642 quick_dec -0 nack_dec -49800
Flow Uec_853_247 flowId 1019 uecSrc 1018 finished at 604.416 total messages 1 total packets 1224 RTS 0 total bytes 5001264 in_flight now 0 fair_inc 22032 prop_inc 52575 fast_inc 0 eta_inc 29204 multi_dec -80658 quick_dec -0 nack_dec -16600
Flow Uec_410_969 flowId 178 uecSrc 177 finished at 605.361 total messages 1 total packets 1224 RTS 0 total bytes 5001264 in_flight now 0 fair_inc 25764 prop_inc 57260 fast_inc 0 eta_inc 29204 multi_dec -49383 quick_dec -0 nack_dec -45650
Flow Uec_228_738 flowId 980 uecSrc 979 finished at 605.724 total messages 1 total packets 1224 RTS 0 total bytes 5001264 in_flight now 0 fair_inc 17721 prop_inc 65120 fast_inc 0 eta_inc 28608 multi_dec -42794 quick_dec -0 nack_dec -45650
Flow Uec_628_24 flowId 988 uecSrc 987 finished at 606.359 total messages 1 total packets 1224 RTS 0 total bytes 5001264 in_flight now 0 fair_inc 27435 prop_inc 66434 fast_inc 0 eta_inc 28608 multi_dec -71480 quick_dec -0 nack_dec -53950
Flow Uec_645_99 flowId 429 uecSrc 428 finished at 609.278 total messages 1 total packets 1224 RTS 0 total bytes 5001264 in_flight now 0 fair_inc 40016 prop_inc 58677 fast_inc 0 eta_inc 28608 multi_dec -56014 quick_dec -0 nack_dec -53950
Flow Uec_397_892 flowId 308 uecSrc 307 finished at 611.291 total messages 1 total packets 1224 RTS 0 total bytes 5001264 in_flight now 0 fair_inc 25355 prop_inc 57552 fast_inc 0 eta_inc 28608 multi_dec -94007 quick_dec -0 nack_dec -49800
Flow Uec_636_20 flowId 907 uecSrc 906 finished at 611.574 total messages 1 total packets 1224 RTS 0 total bytes 5001264 in_flight now 0 fair_inc 32632 prop_inc 76201 fast_inc 0 eta_inc 29204 multi_dec -154967 quick_dec -0 nack_dec -37350
Flow Uec_46_578 flowId 142 uecSrc 141 finished at 613.078 total messages 1 total packets 1224 RTS 0 total bytes 5001264 in_flight now 0 fair_inc 31093 prop_inc 61926 fast_inc 0 eta_inc 29204 multi_dec -93738 quick_dec -0 nack_dec -37350
Flow Uec_754_129 flowId 572 uecSrc 571 finished at 614.596 total messages 1 total packets 1224 RTS 0 total bytes 5001264 in_flight now 0 fair_inc 31640 prop_inc 62033 fast_inc 0 eta_inc 29204 multi_dec -92653 quick_dec -0 nack_dec -16600
Flow Uec_869_253 flowId 690 uecSrc 689 finished at 614.643 total messages 1 total packets 1224 RTS 0 total bytes 5001264 in_flight now 0 fair_inc 26823 prop_inc 74277 fast_inc 0 eta_inc 28608 multi_dec -79593 quick_dec -0 nack_dec -41500
Flow Uec_1036_488 flowId 969 uecSrc 968 finished at 615.113 total messages 1 total packets 1224 RTS 0 total bytes 5001264 in_flight now 0 fair_inc 18162 prop_inc 76440 fast_inc 0 eta_inc 29204 multi_dec -87435 quick_dec -0 nack_dec -24900
Flow Uec_431_954 flowId 743 uecSrc 742 finished at 615.785 total messages 1 total packets 1224 RTS 0 total bytes 5001264 in_flight now 0 fair_inc 17821 prop_inc 80298 fast_inc 0 eta_inc 29204 multi_dec -116631 quick_dec -0 nack_dec -62250
Flow Uec_15_509 flowId 427 uecSrc 426 finished at 616.502 total messages 1 total packets 1224 RTS 0 total bytes 5001264 in_flight now 0 fair_inc 32817 prop_inc 67770 fast_inc 0 eta_inc 29204 multi_dec -134297 quick_dec -0 nack_dec -33200
Flow Uec_888_276 flowId 733 uecSrc 732 finished at 616.959 total messages 1 total packets 1224 RTS 0 total bytes 5001264 in_flight now 0 fair_inc 34405 prop_inc 49981 fast_inc 0 eta_inc 29204 multi_dec -95086 quick_dec -0 nack_dec -41500
Flow Uec_484_982 flowId 929 uecSrc 928 finished at 617.366 total messages 1 total packets 1224 RTS 0 total bytes 5001264 in_flight now 0 fair_inc 21463 prop_inc 82184 fast_inc 0 eta_inc 29204 multi_dec -115782 quick_dec -0 nack_dec -62250
Flow Uec_599_1019 flowId 397 uecSrc 396 finished at 617.55 total messages 1 total packets 1224 RTS 0 total bytes 5001264 in_flight now 0 fair_inc 38918 prop_inc 53403 fast_inc 0 eta_inc 29204 multi_dec -113948 quick_dec -0 nack_dec -29050
Flow Uec_272_791 flowId 938 uecSrc 937 finished at 618.292 total messages 1 total packets 1224 RTS 0 total bytes 5001264 in_flight now 0 fair_inc 20930 prop_inc 64222 fast_inc 0 eta_inc 29800 multi_dec -84187 quick_dec -0 nack_dec -49800
Flow Uec_1089_471 flowId 417 uecSrc 416 finished at 620.354 total messages 1 total packets 1224 RTS 0 total bytes 5001264 in_flight now 0 fair_inc 20059 prop_inc 73603 fast_inc 0 eta_inc 29204 multi_dec -103660 quick_dec -0 nack_dec -37350
Flow Uec_512_1084 flowId 1093 uecSrc 1092 finished at 620.403 total messages 1 total packets 1224 RTS 0 total bytes 5001264 in_flight now 0 fair_inc 35233 prop_inc 52055 fast_inc 0 eta_inc 29204 multi_dec -59309 quick_dec -0 nack_dec -45650
Flow Uec_557_1081 flowId 803 uecSrc 802 finished at 620.62 total messages 1 total packets 1224 RTS 0 total bytes 5001264 in_flight now 0 fair_inc 25875 prop_inc 66698 fast_inc 0 eta_inc 29204 multi_dec -80910 quick_dec -0 nack_dec -45650
Flow Uec_417_920 flowId 290 uecSrc 289 finished at 621.873 total messages 1 total packets 1224 RTS 0 total bytes 5001264 in_flight now 0 fair_inc 17817 prop_inc 73893 fast_inc 0 eta_inc 29800 multi_dec -122500 quick_dec -0 nack_dec -20750
Flow Uec_918_389 flowId 43 uecSrc 42 finished at 624.068 total messages 1 total packets 1224 RTS 0 total bytes 5001264 in_flight now 0 fair_inc 24266 prop_inc 60751 fast_inc 0 eta_inc 29800 multi_dec -125264 quick_dec -0 nack_dec -16600
Flow Uec_766_166 flowId 204 uecSrc 203 finished at 624.203 total messages 1 total packets 1224 RTS 0 total bytes 5001264 in_flight now 0 fair_inc 33811 prop_inc 63713 fast_inc 0 eta_inc 29800 multi_dec -104052 quick_dec -0 nack_dec -45650
Flow Uec_220_745 flowId 135 uecSrc 134 finished at 624.452 total messages 1 total packets 1224 RTS 0 total bytes 5001264 in_flight now 0 fair_inc 27954 prop_inc 60520 fast_inc 0 eta_inc 29800 multi_dec -105290 quick_dec -0 nack_dec -45650
Flow Uec_879_211 flowId 646 uecSrc 645 finished at 624.985 total messages 1 total packets 1224 RTS 0 total bytes 5001264 in_flight now 0 fair_inc 38513 prop_inc 50666 fast_inc 0 eta_inc 29204 multi_dec -88204 quick_dec -0 nack_dec -53950
Flow Uec_941_345 flowId 1009 uecSrc 1008 finished at 625.368 total messages 1 total packets 1224 RTS 0 total bytes 5001264 in_flight now 0 fair_inc 36150 prop_inc 58419 fast_inc 0 eta_inc 29800 multi_dec -106729 quick_dec -0 nack_dec -33200
Flow Uec_414_909 flowId 179 uecSrc 178 finished at 626.119 total messages 1 total packets 1224 RTS 0 total bytes 5001264 in_flight now 0 fair_inc 20461 prop_inc 65218 fast_inc 0 eta_inc 29204 multi_dec -167450 quick_dec -0 nack_dec -24900
Flow Uec_870_252 flowId 246 uecSrc 245 finished at 626.374 total messages 1 total packets 1224 RTS 0 total bytes 5001264 in_flight now 0 fair_inc 28505 prop_inc 57999 fast_inc 0 eta_inc 29800 multi_dec -118931 quick_dec -0 nack_dec -41500
Flow Uec_205_777 flowId 599 uecSrc 598 finished at 627.055 total messages 1 total packets 1224 RTS 0 total bytes 5001264 in_flight now 0 fair_inc 27097 prop_inc 75568 fast_inc 0 eta_inc 30396 multi_dec -93810 quick_dec -0 nack_dec -45650
Flow Uec_1098_490 flowId 498 uecSrc 497 finished at 628.284 total messages 1 total packets 1224 RTS 0 total bytes 5001264 in_flight now 0 fair_inc 26602 prop_inc 65562 fast_inc 0 eta_inc 30396 multi_dec -119028 quick_dec -0 nack_dec -33200
Flow Uec_932_306 flowId 602 uecSrc 601 finished at 630.307 total messages 1 total packets 1224 RTS 0 total bytes 5001264 in_flight now 0 fair_inc 24894 prop_inc 59435 fast_inc 0 eta_inc 29800 multi_dec -116455 quick_dec -0 nack_dec -33200
Flow Uec_290_704 flowId 451 uecSrc 450 finished at 631.191 total messages 1 total packets 1224 RTS 0 total bytes 5001264 in_flight now 0 fair_inc 31267 prop_inc 51378 fast_inc 0 eta_inc 30396 multi_dec -114049 quick_dec -0 nack_dec -49800
Flow Uec_424_918 flowId 328 uecSrc 327 finished at 631.833 total messages 1 total packets 1224 RTS 0 total bytes 5001264 in_flight now 0 fair_inc 23846 prop_inc 73395 fast_inc 0 eta_inc 29800 multi_dec -112766 quick_dec -0 nack_dec -45650
Flow Uec_239_740 flowId 1058 uecSrc 1057 finished at 632.478 total messages 1 total packets 1224 RTS 0 total bytes 5001264 in_flight now 0 fair_inc 30949 prop_inc 65393 fast_inc 0 eta_inc 30396 multi_dec -127666 quick_dec -0 nack_dec -58100
Flow Uec_304_801 flowId 791 uecSrc 790 finished at 632.767 total messages 1 total packets 1224 RTS 0 total bytes 5001264 in_flight now 0 fair_inc 29169 prop_inc 72433 fast_inc 0 eta_inc 29800 multi_dec -128568 quick_dec -0 nack_dec -49800
Flow Uec_364_861 flowId 332 uecSrc 331 finished at 632.864 total messages 1 total packets 1224 RTS 0 total bytes 5001264 in_flight now 0 fair_inc 27651 prop_inc 70145 fast_inc 0 eta_inc 30396 multi_dec -104071 quick_dec -0 nack_dec -45650
Flow Uec_192_613 flowId 425 uecSrc 424 finished at 632.922 total messages 1 total packets 1224 RTS 0 total bytes 5001264 in_flight now 0 fair_inc 17230 prop_inc 80276 fast_inc 0 eta_inc 30396 multi_dec -52327 quick_dec -0 nack_dec -78850
Flow Uec_259_768 flowId 124 uecSrc 123 finished at 633.314 total messages 1 total packets 1224 RTS 0 total bytes 5001264 in_flight now 0 fair_inc 21110 prop_inc 69304 fast_inc 0 eta_inc 29800 multi_dec -103266 quick_dec -0 nack_dec -45650
Flow Uec_908_337 flowId 521 uecSrc 520 finished at 635.58 total messages 1 total packets 1224 RTS 0 total bytes 5001264 in_flight now 0 fair_inc 36994 prop_inc 64428 fast_inc 0 eta_inc 30396 multi_dec -128571 quick_dec -0 nack_dec -41500
Flow Uec_39_588 flowId 391 uecSrc 390 finished at 636.171 total messages 1 total packets 1224 RTS 0 total bytes 5001264 in_flight now 0 fair_inc 17163 prop_inc 69884 fast_inc 0 eta_inc 29800 multi_dec -107339 quick_dec -0 nack_dec -45650
Flow Uec_839_274 flowId 311 uecSrc 310 finished at 636.314 total messages 1 total packets 1224 RTS 0 total bytes 5001264 in_flight now 0 fair_inc 37649 prop_inc 71290 fast_inc 0 eta_inc 30396 multi_dec -89826 quick_dec -0 nack_dec -70550
Flow Uec_1077_436 flowId 33 uecSrc 32 finished at 636.417 total messages 1 total packets 1224 RTS 0 total bytes 5001264 in_flight now 0 fair_inc 33039 prop_inc 51391 fast_inc 0 eta_inc 29800 multi_dec -79856 quick_dec -0 nack_dec -49800
Flow Uec_355_843 flowId 47 uecSrc 46 finished at 637.196 total messages 1 total packets 1224 RTS 0 total bytes 5001264 in_flight now 0 fair_inc 31203 prop_inc 54180 fast_inc 0 eta_inc 30992 multi_dec -85697 quick_dec -0 nack_dec -49800
Flow Uec_600_51 flowId 943 uecSrc 942 finished at 638.039 total messages 1 total packets 1224 RTS 0 total bytes 5001264 in_flight now 0 fair_inc 25418 prop_inc 71412 fast_inc 0 eta_inc 30396 multi_dec -108444 quick_dec -0 nack_dec -45650
Flow Uec_281_779 flowId 528 uecSrc 527 finished at 638.612 total messages 1 total packets 1224 RTS 0 total bytes 5001264 in_flight now 0 fair_inc 32829 prop_inc 65623 fast_inc 0 eta_inc 30396 multi_dec -39988 quick_dec -0 nack_dec -62250
Flow Uec_359_851 flowId 843 uecSrc 842 finished at 638.895 total messages 1 total packets 1224 RTS 0 total bytes 5001264 in_flight now 0 fair_inc 21287 prop_inc 61872 fast_inc 0 eta_inc 30396 multi_dec -144173 quick_dec -0 nack_dec -16600
Flow Uec_854_296 flowId 619 uecSrc 618 finished at 641.219 total messages 1 total packets 1224 RTS 0 total bytes 5001264 in_flight now 0 fair_inc 30974 prop_inc 58712 fast_inc 0 eta_inc 30396 multi_dec -122213 quick_dec -0 nack_dec -49800
Flow Uec_289_731 flowId 469 uecSrc 468 finished at 642.011 total messages 1 total packets 1224 RTS 0 total bytes 5001264 in_flight now 0 fair_inc 21284 prop_inc 77798 fast_inc 0 eta_inc 30396 multi_dec -96470 quick_dec -0 nack_dec -49800
Flow Uec_518_1096 flowId 337 uecSrc 336 finished at 642.509 total messages 1 total packets 1224 RTS 0 total bytes 5001264 in_flight now 0 fair_inc 34634 prop_inc 61945 fast_inc 0 eta_inc 30396 multi_dec -139675 quick_dec -0 nack_dec -33200
Flow Uec_1014_430 flowId 224 uecSrc 223 finished at 642.569 total messages 1 total packets 1224 RTS 0 total bytes 5001264 in_flight now 0 fair_inc 34921 prop_inc 69353 fast_inc 0 eta_inc 30396 multi_dec -102046 quick_dec -0 nack_dec -49800
Flow Uec_960_346 flowId 91 uecSrc 90 finished at 642.801 total messages 1 total packets 1224 RTS 0 total bytes 5001264 in_flight now 0 fair_inc 27218 prop_inc 69601 fast_inc 0 eta_inc 30396 multi_dec -103707 quick_dec -0 nack_dec -33200
Flow Uec_725_148 flowId 330 uecSrc 329 finished at 643.028 total messages 1 total packets 1224 RTS 0 total bytes 5001264 in_flight now 0 fair_inc 24571 prop_inc 62258 fast_inc 0 eta_inc 30992 multi_dec -126817 quick_dec -0 nack_dec -37350
Flow Uec_3_563 flowId 402 uecSrc 401 finished at 643.248 total messages 1 total packets 1224 RTS 0 total bytes 5001264 in_flight now 0 fair_inc 19521 prop_inc 84803 fast_inc 0 eta_inc 30992 multi_dec -140314 quick_dec -0 nack_dec -45650
Flow Uec_578_1009 flowId 99 uecSrc 98 finished at 644.499 total messages 1 total packets 1224 RTS 0 total bytes 5001264 in_flight now 0 fair_inc 31192 prop_inc 70051 fast_inc 0 eta_inc 30992 multi_dec -110465 quick_dec -0 nack_dec -37350
Flow Uec_632_68 flowId 36 uecSrc 35 finished at 645.252 total messages 1 total packets 1224 RTS 0 total bytes 5001264 in_flight now 0 fair_inc 45301 prop_inc 70728 fast_inc 0 eta_inc 30992 multi_dec -126089 quick_dec -0 nack_dec -45650
Flow Uec_829_205 flowId 1038 uecSrc 1037 finished at 645.592 total messages 1 total packets 1224 RTS 0 total bytes 5001264 in_flight now 0 fair_inc 27952 prop_inc 62465 fast_inc 0 eta_inc 30396 multi_dec -148030 quick_dec -0 nack_dec -29050
Flow Uec_1048_418 flowId 461 uecSrc 460 finished at 646.039 total messages 1 total packets 1224 RTS 0 total bytes 5001264 in_flight now 0 fair_inc 29717 prop_inc 55050 fast_inc 0 eta_inc 30992 multi_dec -137779 quick_dec -0 nack_dec -33200
Flow Uec_395_828 flowId 659 uecSrc 658 finished at 646.297 total messages 1 total packets 1224 RTS 0 total bytes 5001264 in_flight now 0 fair_inc 29790 prop_inc 62467 fast_inc 0 eta_inc 30396 multi_dec -115329 quick_dec -0 nack_dec -41500
Flow Uec_480_942 flowId 27 uecSrc 26 finished at 646.819 total messages 1 total packets 1224 RTS 0 total bytes 5001264 in_flight now 0 fair_inc 20067 prop_inc 76959 fast_inc 0 eta_inc 30396 multi_dec -105578 quick_dec -0 nack_dec -37350
Flow Uec_526_1015 flowId 734 uecSrc 733 finished at 647.349 total messages 1 total packets 1224 RTS 0 total bytes 5001264 in_flight now 0 fair_inc 39139 prop_inc 66194 fast_inc 0 eta_inc 30396 multi_dec -104428 quick_dec -0 nack_dec -66400
Flow Uec_108_688 flowId 630 uecSrc 629 finished at 647.437 total messages 1 total packets 1224 RTS 0 total bytes 5001264 in_flight now 0 fair_inc 21047 prop_inc 101843 fast_inc 0 eta_inc 30396 multi_dec -120424 quick_dec -0 nack_dec -62250
Flow Uec_534_1075 flowId 267 uecSrc 266 finished at 647.725 total messages 1 total packets 1224 RTS 0 total bytes 5001264 in_flight now 0 fair_inc 27673 prop_inc 63690 fast_inc 0 eta_inc 30992 multi_dec -122580 quick_dec -0 nack_dec -24900
Flow Uec_702_126 flowId 299 uecSrc 298 finished at 648.56 total messages 1 total packets 1224 RTS 0 total bytes 5001264 in_flight now 0 fair_inc 28618 prop_inc 67045 fast_inc 0 eta_inc 30992 multi_dec -135303 quick_dec -0 nack_dec -45650
Flow Uec_1085_477 flowId 486 uecSrc 485 finished at 648.81 total messages 1 total packets 1224 RTS 0 total bytes 5001264 in_flight now 0 fair_inc 21591 prop_inc 73612 fast_inc 0 eta_inc 30396 multi_dec -100302 quick_dec -0 nack_dec -45650
Flow Uec_794_101 flowId 15 uecSrc 14 finished at 649.513 total messages 1 total packets 1224 RTS 0 total bytes 5001264 in_flight now 0 fair_inc 32549 prop_inc 68846 fast_inc 0 eta_inc 30396 multi_dec -86369 quick_dec -0 nack_dec -58100
Flow Uec_131_648 flowId 137 uecSrc 136 finished at 649.744 total messages 1 total packets 1224 RTS 0 total bytes 5001264 in_flight now 0 fair_inc 38452 prop_inc 74376 fast_inc 0 eta_inc 30992 multi_dec -97154 quick_dec -0 nack_dec -66400
Flow Uec_833_236 flowId 1041 uecSrc 1040 finished at 650.165 total messages 1 total packets 1224 RTS 0 total bytes 5001264 in_flight now 0 fair_inc 29389 prop_inc 64808 fast_inc 0 eta_inc 30992 multi_dec -95750 quick_dec -0 nack_dec -49800
Flow Uec_934_332 flowId 107 uecSrc 106 finished at 650.427 total messages 1 total packets 1224 RTS 0 total bytes 5001264 in_flight now 0 fair_inc 39738 prop_inc 63694 fast_inc 0 eta_inc 30992 multi_dec -130862 quick_dec -0 nack_dec -41500
Flow Uec_33_584 flowId 680 uecSrc 679 finished at 650.554 total messages 1 total packets 1224 RTS 0 total bytes 5001264 in_flight now 0 fair_inc 29820 prop_inc 83118 fast_inc 0 eta_inc 30396 multi_dec -182769 quick_dec -0 nack_dec -24900
Flow Uec_683_95 flowId 765 uecSrc 764 finished at 650.773 total messages 1 total packets 1224 RTS 0 total bytes 5001264 in_flight now 0 fair_inc 27293 prop_inc 71744 fast_inc 0 eta_inc 30992 multi_dec -117739 quick_dec -0 nack_dec -49800
Flow Uec_669_90 flowId 101 uecSrc 100 finished at 651.972 total messages 1 total packets 1224 RTS 0 total bytes 5001264 in_flight now 0 fair_inc 18610 prop_inc 68625 fast_inc 0 eta_inc 30992 multi_dec -143910 quick_dec -0 nack_dec -53950
Flow Uec_436_929 flowId 687 uecSrc 686 finished at 653.111 total messages 1 total packets 1224 RTS 0 total bytes 5001264 in_flight now 0 fair_inc 37924 prop_inc 72557 fast_inc 0 eta_inc 30992 multi_dec -64738 quick_dec -0 nack_dec -78850
Flow Uec_128_681 flowId 858 uecSrc 857 finished at 653.399 total messages 1 total packets 1224 RTS 0 total bytes 5001264 in_flight now 0 fair_inc 22973 prop_inc 72189 fast_inc 0 eta_inc 30992 multi_dec -89406 quick_dec -0 nack_dec -58100
Flow Uec_834_272 flowId 780 uecSrc 779 finished at 653.48 total messages 1 total packets 1224 RTS 0 total bytes 5001264 in_flight now 0 fair_inc 44341 prop_inc 50627 fast_inc 0 eta_inc 30992 multi_dec -109457 quick_dec -0 nack_dec -33200
Flow Uec_214_763 flowId 944 uecSrc 943 finished at 653.486 total messages 1 total packets 1224 RTS 0 total bytes 5001264 in_flight now 0 fair_inc 23264 prop_inc 60880 fast_inc 0 eta_inc 30992 multi_dec -109058 quick_dec -0 nack_dec -33200
Flow Uec_540_1010 flowId 1040 uecSrc 1039 finished at 653.928 total messages 1 total packets 1224 RTS 0 total bytes 5001264 in_flight now 0 fair_inc 27051 prop_inc 59968 fast_inc 0 eta_inc 30992 multi_dec -140542 quick_dec -0 nack_dec -33200
Flow Uec_303_840 flowId 557 uecSrc 556 finished at 654.418 total messages 1 total packets 1224 RTS 0 total bytes 5001264 in_flight now 0 fair_inc 32181 prop_inc 68679 fast_inc 0 eta_inc 30992 multi_dec -127270 quick_dec -0 nack_dec -49800
Flow Uec_412_905 flowId 245 uecSrc 244 finished at 654.62 total messages 1 total packets 1224 RTS 0 total bytes 5001264 in_flight now 0 fair_inc 45383 prop_inc 67268 fast_inc 0 eta_inc 31588 multi_dec -124446 quick_dec -0 nack_dec -49800
Flow Uec_42_551 flowId 491 uecSrc 490 finished at 654.641 total messages 1 total packets 1224 RTS 0 total bytes 5001264 in_flight now 0 fair_inc 22137 prop_inc 74767 fast_inc 0 eta_inc 30992 multi_dec -105659 quick_dec -0 nack_dec -53950
Flow Uec_326_849 flowId 1067 uecSrc 1066 finished at 655.179 total messages 1 total packets 1224 RTS 0 total bytes 5001264 in_flight now 0 fair_inc 21633 prop_inc 74926 fast_inc 0 eta_inc 30396 multi_dec -122157 quick_dec -0 nack_dec -16600
Flow Uec_1026_453 flowId 549 uecSrc 548 finished at 655.256 total messages 1 total packets 1224 RTS 0 total bytes 5001264 in_flight now 0 fair_inc 28707 prop_inc 72300 fast_inc 0 eta_inc 30992 multi_dec -103917 quick_dec -0 nack_dec -45650
Flow Uec_732_119 flowId 443 uecSrc 442 finished at 655.468 total messages 1 total packets 1224 RTS 0 total bytes 5001264 in_flight now 0 fair_inc 33379 prop_inc 70054 fast_inc 0 eta_inc 30992 multi_dec -136535 quick_dec -0 nack_dec -33200
Flow Uec_94_594 flowId 615 uecSrc 614 finished at 656.374 total messages 1 total packets 1224 RTS 0 total bytes 5001264 in_flight now 0 fair_inc 30027 prop_inc 65635 fast_inc 0 eta_inc 30992 multi_dec -153634 quick_dec -0 nack_dec -41500
Flow Uec_607_35 flowId 259 uecSrc 258 finished at 656.679 total messages 1 total packets 1224 RTS 0 total bytes 5001264 in_flight now 0 fair_inc 28486 prop_inc 89703 fast_inc 0 eta_inc 30992 multi_dec -170197 quick_dec -0 nack_dec -58100
Flow Uec_356_853 flowId 1046 uecSrc 1045 finished at 657.671 total messages 1 total packets 1224 RTS 0 total bytes 5001264 in_flight now 0 fair_inc 30802 prop_inc 74058 fast_inc 0 eta_inc 31588 multi_dec -161884 quick_dec -0 nack_dec -58100
Flow Uec_347_835 flowId 159 uecSrc 158 finished at 657.778 total messages 1 total packets 1224 RTS 0 total bytes 5001264 in_flight now 0 fair_inc 19573 prop_inc 72622 fast_inc 0 eta_inc 30992 multi_dec -115406 quick_dec -0 nack_dec -41500
Flow Uec_633_89 flowId 844 uecSrc 843 finished at 657.966 total messages 1 total packets 1224 RTS 0 total bytes 5001264 in_flight now 0 fair_inc 32346 prop_inc 56467 fast_inc 0 eta_inc 31588 multi_dec -162351 quick_dec -0 nack_dec -24900
Flow Uec_266_711 flowId 34 uecSrc 33 finished at 658.609 total messages 1 total packets 1224 RTS 0 total bytes 5001264 in_flight now 0 fair_inc 27514 prop_inc 67685 fast_inc 0 eta_inc 31588 multi_dec -112552 quick_dec -0 nack_dec -33200
Flow Uec_55_557 flowId 554 uecSrc 553 finished at 659.103 total messages 1 total packets 1224 RTS 0 total bytes 5001264 in_flight now 0 fair_inc 29992 prop_inc 66222 fast_inc 0 eta_inc 31588 multi_dec -138893 quick_dec -0 nack_dec -41500
Flow Uec_215_797 flowId 911 uecSrc 910 finished at 659.795 total messages 1 total packets 1224 RTS 0 total bytes 5001264 in_flight now 0 fair_inc 39699 prop_inc 53753 fast_inc 0 eta_inc 31588 multi_dec -132965 quick_dec -0 nack_dec -33200
Flow Uec_517_1027 flowId 433 uecSrc 432 finished at 660.488 total messages 1 total packets 1224 RTS 0 total bytes 5001264 in_flight now 0 fair_inc 36850 prop_inc 64144 fast_inc 0 eta_inc 31588 multi_dec -190365 quick_dec -0 nack_dec -16600
Flow Uec_399_847 flowId 622 uecSrc 621 finished at 661.151 total messages 1 total packets 1224 RTS 0 total bytes 5001264 in_flight now 0 fair_inc 46651 prop_inc 59465 fast_inc 0 eta_inc 31588 multi_dec -128713 quick_dec -0 nack_dec -49800
Flow Uec_70_548 flowId 411 uecSrc 410 finished at 661.398 total messages 1 total packets 1224 RTS 0 total bytes 5001264 in_flight now 0 fair_inc 29674 prop_inc 87011 fast_inc 0 eta_inc 30992 multi_dec -145402 quick_dec -0 nack_dec -20750
Flow Uec_555_1082 flowId 148 uecSrc 147 finished at 661.435 total messages 1 total packets 1224 RTS 0 total bytes 5001264 in_flight now 0 fair_inc 30589 prop_inc 68296 fast_inc 0 eta_inc 30992 multi_dec -79139 quick_dec -0 nack_dec -49800
Flow Uec_324_856 flowId 487 uecSrc 486 finished at 661.487 total messages 1 total packets 1224 RTS 0 total bytes 5001264 in_flight now 0 fair_inc 33837 prop_inc 67840 fast_inc 0 eta_inc 31588 multi_dec -107728 quick_dec -0 nack_dec -58100
Flow Uec_851_227 flowId 40 uecSrc 39 finished at 662.325 total messages 1 total packets 1224 RTS 0 total bytes 5001264 in_flight now 0 fair_inc 41291 prop_inc 70566 fast_inc 0 eta_inc 31588 multi_dec -150780 quick_dec -0 nack_dec -33200
Flow Uec_785_154 flowId 930 uecSrc 929 finished at 662.699 total messages 1 total packets 1224 RTS 0 total bytes 5001264 in_flight now 0 fair_inc 45565 prop_inc 67262 fast_inc 0 eta_inc 30992 multi_dec -166949 quick_dec -0 nack_dec -33200
Flow Uec_528_1034 flowId 326 uecSrc 325 finished at 663.08 total messages 1 total packets 1224 RTS 0 total bytes 5001264 in_flight now 0 fair_inc 25589 prop_inc 72413 fast_inc 0 eta_inc 31588 multi_dec -113891 quick_dec -0 nack_dec -29050
Flow Uec_1052_480 flowId 973 uecSrc 972 finished at 664.116 total messages 1 total packets 1224 RTS 0 total bytes 5001264 in_flight now 0 fair_inc 26445 prop_inc 72197 fast_inc 0 eta_inc 31588 multi_dec -92870 quick_dec -0 nack_dec -33200
Flow Uec_1059_411 flowId 69 uecSrc 68 finished at 664.222 total messages 1 total packets 1224 RTS 0 total bytes 5001264 in_flight now 0 fair_inc 43778 prop_inc 67481 fast_inc 0 eta_inc 32184 multi_dec -122545 quick_dec -0 nack_dec -53950
Flow Uec_624_10 flowId 351 uecSrc 350 finished at 664.284 total messages 1 total packets 1224 RTS 0 total bytes 5001264 in_flight now 0 fair_inc 38535 prop_inc 63294 fast_inc 0 eta_inc 31588 multi_dec -105685 quick_dec -0 nack_dec -20750
Flow Uec_560_1060 flowId 863 uecSrc 862 finished at 665.193 total messages 1 total packets 1224 RTS 0 total bytes 5001264 in_flight now 0 fair_inc 25928 prop_inc 78937 fast_inc 0 eta_inc 31588 multi_dec -113030 quick_dec -0 nack_dec -62250
Flow Uec_267_792 flowId 421 uecSrc 420 finished at 665.783 total messages 1 total packets 1224 RTS 0 total bytes 5001264 in_flight now 0 fair_inc 28938 prop_inc 60493 fast_inc 0 eta_inc 31588 multi_dec -99347 quick_dec -0 nack_dec -45650
Flow Uec_802_287 flowId 848 uecSrc 847 finished at 665.962 total messages 1 total packets 1224 RTS 0 total bytes 5001264 in_flight now 0 fair_inc 35444 prop_inc 72250 fast_inc 0 eta_inc 31588 multi_dec -164304 quick_dec -0 nack_dec -29050
Flow Uec_393_824 flowId 325 uecSrc 324 finished at 666.773 total messages 1 total packets 1224 RTS 0 total bytes 5001264 in_flight now 0 fair_inc 20212 prop_inc 82082 fast_inc 0 eta_inc 31588 multi_dec -98860 quick_dec -0 nack_dec -66400
Flow Uec_249_741 flowId 73 uecSrc 72 finished at 667.033 total messages 1 total packets 1224 RTS 0 total bytes 5001264 in_flight now 0 fair_inc 29770 prop_inc 74462 fast_inc 0 eta_inc 32184 multi_dec -131101 quick_dec -0 nack_dec -37350
Flow Uec_447_931 flowId 764 uecSrc 763 finished at 667.582 total messages 1 total packets 1224 RTS 0 total bytes 5001264 in_flight now 0 fair_inc 29996 prop_inc 77214 fast_inc 0 eta_inc 31588 multi_dec -129792 quick_dec -0 nack_dec -62250
Flow Uec_112_665 flowId 327 uecSrc 326 finished at 667.851 total messages 1 total packets 1224 RTS 0 total bytes 5001264 in_flight now 0 fair_inc 40662 prop_inc 66350 fast_inc 0 eta_inc 31588 multi_dec -157220 quick_dec -0 nack_dec -62250
Flow Uec_246_743 flowId 701 uecSrc 700 finished at 668.001 total messages 1 total packets 1224 RTS 0 total bytes 5001264 in_flight now 0 fair_inc 33505 prop_inc 61898 fast_inc 0 eta_inc 32184 multi_dec -106042 quick_dec -0 nack_dec -41500
Flow Uec_371_863 flowId 281 uecSrc 280 finished at 668.457 total messages 1 total packets 1224 RTS 0 total bytes 5001264 in_flight now 0 fair_inc 47645 prop_inc 82614 fast_inc 0 eta_inc 32184 multi_dec -157968 quick_dec -0 nack_dec -41500
Flow Uec_782_159 flowId 449 uecSrc 448 finished at 668.928 total messages 1 total packets 1224 RTS 0 total bytes 5001264 in_flight now 0 fair_inc 33941 prop_inc 57857 fast_inc 0 eta_inc 32184 multi_dec -150808 quick_dec -0 nack_dec -49800
Flow Uec_187_634 flowId 562 uecSrc 561 finished at 669.398 total messages 1 total packets 1224 RTS 0 total bytes 5001264 in_flight now 0 fair_inc 35155 prop_inc 82117 fast_inc 0 eta_inc 31588 multi_dec -177845 quick_dec -0 nack_dec -29050
Flow Uec_835_257 flowId 679 uecSrc 678 finished at 669.944 total messages 1 total packets 1224 RTS 0 total bytes 5001264 in_flight now 0 fair_inc 46697 prop_inc 61240 fast_inc 0 eta_inc 31588 multi_dec -132156 quick_dec -0 nack_dec -49800
Flow Uec_9_519 flowId 994 uecSrc 993 finished at 669.956 total messages 1 total packets 1224 RTS 0 total bytes 5001264 in_flight now 0 fair_inc 28185 prop_inc 66062 fast_inc 0 eta_inc 32184 multi_dec -143465 quick_dec -0 nack_dec -29050
Flow Uec_172_622 flowId 171 uecSrc 170 finished at 670.184 total messages 1 total packets 1224 RTS 0 total bytes 5001264 in_flight now 0 fair_inc 29975 prop_inc 71626 fast_inc 0 eta_inc 32184 multi_dec -83621 quick_dec -0 nack_dec -49800
Flow Uec_948_315 flowId 496 uecSrc 495 finished at 670.509 total messages 1 total packets 1224 RTS 0 total bytes 5001264 in_flight now 0 fair_inc 25722 prop_inc 68840 fast_inc 0 eta_inc 32184 multi_dec -76416 quick_dec -0 nack_dec -53950
Flow Uec_508_1016 flowId 66 uecSrc 65 finished at 671.879 total messages 1 total packets 1224 RTS 0 total bytes 5001264 in_flight now 0 fair_inc 42873 prop_inc 59553 fast_inc 0 eta_inc 32184 multi_dec -124159 quick_dec -0 nack_dec -41500
Flow Uec_544_1092 flowId 551 uecSrc 550 finished at 672.216 total messages 1 total packets 1224 RTS 0 total bytes 5001264 in_flight now 0 fair_inc 30579 prop_inc 70209 fast_inc 0 eta_inc 32184 multi_dec -106426 quick_dec -0 nack_dec -53950
Flow Uec_687_3 flowId 145 uecSrc 144 finished at 672.224 total messages 1 total packets 1224 RTS 0 total bytes 5001264 in_flight now 0 fair_inc 29286 prop_inc 64052 fast_inc 0 eta_inc 32184 multi_dec -99205 quick_dec -0 nack_dec -53950
Flow Uec_954_359 flowId 111 uecSrc 110 finished at 673.257 total messages 1 total packets 1224 RTS 0 total bytes 5001264 in_flight now 0 fair_inc 44645 prop_inc 81772 fast_inc 0 eta_inc 32184 multi_dec -101380 quick_dec -0 nack_dec -70550
Flow Uec_949_313 flowId 647 uecSrc 646 finished at 674.046 total messages 1 total packets 1224 RTS 0 total bytes 5001264 in_flight now 0 fair_inc 38556 prop_inc 76363 fast_inc 0 eta_inc 32184 multi_dec -137424 quick_dec -0 nack_dec -37350
Flow Uec_427_978 flowId 859 uecSrc 858 finished at 674.494 total messages 1 total packets 1224 RTS 0 total bytes 5001264 in_flight now 0 fair_inc 32423 prop_inc 67518 fast_inc 0 eta_inc 32184 multi_dec -95622 quick_dec -0 nack_dec -41500
Flow Uec_747_124 flowId 1071 uecSrc 1070 finished at 674.539 total messages 1 total packets 1224 RTS 0 total bytes 5001264 in_flight now 0 fair_inc 23335 prop_inc 69039 fast_inc 0 eta_inc 31588 multi_dec -162038 quick_dec -0 nack_dec -37350
Flow Uec_1027_408 flowId 773 uecSrc 772 finished at 674.541 total messages 1 total packets 1224 RTS 0 total bytes 5001264 in_flight now 0 fair_inc 37184 prop_inc 74755 fast_inc 0 eta_inc 32184 multi_dec -135542 quick_dec -0 nack_dec -41500
Flow Uec_770_107 flowId 810 uecSrc 809 finished at 674.726 total messages 1 total packets 1224 RTS 0 total bytes 5001264 in_flight now 0 fair_inc 26914 prop_inc 81765 fast_inc 0 eta_inc 31588 multi_dec -90005 quick_dec -0 nack_dec -62250
Flow Uec_365_834 flowId 372 uecSrc 371 finished at 674.728 total messages 1 total packets 1224 RTS 0 total bytes 5001264 in_flight now 0 fair_inc 41639 prop_inc 66674 fast_inc 0 eta_inc 32184 multi_dec -132875 quick_dec -0 nack_dec -45650
Flow Uec_402_919 flowId 657 uecSrc 656 finished at 675.072 total messages 1 total packets 1224 RTS 0 total bytes 5001264 in_flight now 0 fair_inc 29207 prop_inc 77502 fast_inc 0 eta_inc 32780 multi_dec -98678 quick_dec -0 nack_dec -45650
Flow Uec_903_344 flowId 360 uecSrc 359 finished at 675.305 total messages 1 total packets 1224 RTS 0 total bytes 5001264 in_flight now 0 fair_inc 26880 prop_inc 67533 fast_inc 0 eta_inc 32184 multi_dec -115990 quick_dec -0 nack_dec -41500
Flow Uec_507_1088 flowId 359 uecSrc 358 finished at 676.101 total messages 1 total packets 1224 RTS 0 total bytes 5001264 in_flight now 0 fair_inc 37233 prop_inc 67343 fast_inc 0 eta_inc 32184 multi_dec -125820 quick_dec -0 nack_dec -45650
Flow Uec_519_1044 flowId 623 uecSrc 622 finished at 676.127 total messages 1 total packets 1224 RTS 0 total bytes 5001264 in_flight now 0 fair_inc 24694 prop_inc 64711 fast_inc 0 eta_inc 32184 multi_dec -124690 quick_dec -0 nack_dec -33200
Flow Uec_958_369 flowId 216 uecSrc 215 finished at 676.372 total messages 1 total packets 1224 RTS 0 total bytes 5001264 in_flight now 0 fair_inc 33759 prop_inc 60872 fast_inc 0 eta_inc 32184 multi_dec -117381 quick_dec -0 nack_dec -33200
Flow Uec_1057_495 flowId 352 uecSrc 351 finished at 676.578 total messages 1 total packets 1224 RTS 0 total bytes 5001264 in_flight now 0 fair_inc 55526 prop_inc 62690 fast_inc 0 eta_inc 32184 multi_dec -195196 quick_dec -0 nack_dec -53950
Flow Uec_204_759 flowId 78 uecSrc 77 finished at 676.953 total messages 1 total packets 1224 RTS 0 total bytes 5001264 in_flight now 0 fair_inc 21252 prop_inc 69434 fast_inc 0 eta_inc 32780 multi_dec -112999 quick_dec -0 nack_dec -41500
Flow Uec_316_875 flowId 665 uecSrc 664 finished at 677.596 total messages 1 total packets 1224 RTS 0 total bytes 5001264 in_flight now 0 fair_inc 13553 prop_inc 75356 fast_inc 0 eta_inc 32184 multi_dec -125606 quick_dec -0 nack_dec -41500
Flow Uec_122_668 flowId 532 uecSrc 531 finished at 678.382 total messages 1 total packets 1224 RTS 0 total bytes 5001264 in_flight now 0 fair_inc 31997 prop_inc 79423 fast_inc 0 eta_inc 32184 multi_dec -145658 quick_dec -0 nack_dec -41500
Flow Uec_308_877 flowId 260 uecSrc 259 finished at 678.754 total messages 1 total packets 1224 RTS 0 total bytes 5001264 in_flight now 0 fair_inc 35776 prop_inc 77824 fast_inc 0 eta_inc 32780 multi_dec -143664 quick_dec -0 nack_dec -41500
Flow Uec_713_138 flowId 851 uecSrc 850 finished at 678.856 total messages 1 total packets 1224 RTS 0 total bytes 5001264 in_flight now 0 fair_inc 23051 prop_inc 81814 fast_inc 0 eta_inc 32184 multi_dec -116341 quick_dec -0 nack_dec -53950
Flow Uec_25_518 flowId 255 uecSrc 254 finished at 679.826 total messages 1 total packets 1224 RTS 0 total bytes 5001264 in_flight now 0 fair_inc 53879 prop_inc 53946 fast_inc 0 eta_inc 32184 multi_dec -149648 quick_dec -0 nack_dec -24900
Flow Uec_257_764 flowId 396 uecSrc 395 finished at 680.269 total messages 1 total packets 1224 RTS 0 total bytes 5001264 in_flight now 0 fair_inc 44024 prop_inc 63440 fast_inc 0 eta_inc 32184 multi_dec -126320 quick_dec -0 nack_dec -33200
Flow Uec_909_390 flowId 522 uecSrc 521 finished at 681.257 total messages 1 total packets 1224 RTS 0 total bytes 5001264 in_flight now 0 fair_inc 22920 prop_inc 70008 fast_inc 0 eta_inc 32780 multi_dec -99660 quick_dec -0 nack_dec -49800
Flow Uec_743_168 flowId 968 uecSrc 967 finished at 682.111 total messages 1 total packets 1224 RTS 0 total bytes 5001264 in_flight now 0 fair_inc 38962 prop_inc 75203 fast_inc 0 eta_inc 32184 multi_dec -118256 quick_dec -0 nack_dec -53950
Flow Uec_31_544 flowId 1001 uecSrc 1000 finished at 682.132 total messages 1 total packets 1224 RTS 0 total bytes 5001264 in_flight now 0 fair_inc 26492 prop_inc 84654 fast_inc 0 eta_inc 32184 multi_dec -120603 quick_dec -0 nack_dec -41500
Flow Uec_581_1061 flowId 970 uecSrc 969 finished at 682.388 total messages 1 total packets 1224 RTS 0 total bytes 5001264 in_flight now 0 fair_inc 40664 prop_inc 61481 fast_inc 0 eta_inc 32184 multi_dec -154383 quick_dec -0 nack_dec -24900
Flow Uec_278_785 flowId 168 uecSrc 167 finished at 682.802 total messages 1 total packets 1224 RTS 0 total bytes 5001264 in_flight now 0 fair_inc 24265 prop_inc 90694 fast_inc 0 eta_inc 32184 multi_dec -119602 quick_dec -0 nack_dec -58100
Flow Uec_705_189 flowId 663 uecSrc 662 finished at 683.102 total messages 1 total packets 1224 RTS 0 total bytes 5001264 in_flight now 0 fair_inc 21376 prop_inc 83238 fast_inc 0 eta_inc 32780 multi_dec -122525 quick_dec -0 nack_dec -41500
Flow Uec_101_660 flowId 324 uecSrc 323 finished at 683.243 total messages 1 total packets 1224 RTS 0 total bytes 5001264 in_flight now 0 fair_inc 31887 prop_inc 83475 fast_inc 0 eta_inc 32184 multi_dec -156373 quick_dec -0 nack_dec -41500
Flow Uec_580_1091 flowId 778 uecSrc 777 finished at 683.47 total messages 1 total packets 1224 RTS 0 total bytes 5001264 in_flight now 0 fair_inc 37175 prop_inc 56479 fast_inc 0 eta_inc 32780 multi_dec -160207 quick_dec -0 nack_dec -20750
Flow Uec_964_331 flowId 31 uecSrc 30 finished at 683.736 total messages 1 total packets 1224 RTS 0 total bytes 5001264 in_flight now 0 fair_inc 41988 prop_inc 65987 fast_inc 0 eta_inc 32780 multi_dec -120300 quick_dec -0 nack_dec -49800
Flow Uec_639_28 flowId 946 uecSrc 945 finished at 683.86 total messages 1 total packets 1224 RTS 0 total bytes 5001264 in_flight now 0 fair_inc 24234 prop_inc 77142 fast_inc 0 eta_inc 31588 multi_dec -101610 quick_dec -0 nack_dec -53950
Flow Uec_923_322 flowId 1044 uecSrc 1043 finished at 684.171 total messages 1 total packets 1224 RTS 0 total bytes 5001264 in_flight now 0 fair_inc 34388 prop_inc 71464 fast_inc 0 eta_inc 32780 multi_dec -98978 quick_dec -0 nack_dec -66400
Flow Uec_906_355 flowId 1006 uecSrc 1005 finished at 684.45 total messages 1 total packets 1224 RTS 0 total bytes 5001264 in_flight now 0 fair_inc 32893 prop_inc 57190 fast_inc 0 eta_inc 32780 multi_dec -103953 quick_dec -0 nack_dec -62250
Flow Uec_186_675 flowId 919 uecSrc 918 finished at 684.64 total messages 1 total packets 1224 RTS 0 total bytes 5001264 in_flight now 0 fair_inc 43088 prop_inc 78087 fast_inc 0 eta_inc 32780 multi_dec -113460 quick_dec -0 nack_dec -58100
Flow Uec_539_1031 flowId 1014 uecSrc 1013 finished at 684.938 total messages 1 total packets 1224 RTS 0 total bytes 5001264 in_flight now 0 fair_inc 28203 prop_inc 77793 fast_inc 0 eta_inc 32780 multi_dec -94877 quick_dec -0 nack_dec -37350
Flow Uec_716_120 flowId 839 uecSrc 838 finished at 685.144 total messages 1 total packets 1224 RTS 0 total bytes 5001264 in_flight now 0 fair_inc 46654 prop_inc 65835 fast_inc 0 eta_inc 32184 multi_dec -125333 quick_dec -0 nack_dec -58100
Flow Uec_114_636 flowId 394 uecSrc 393 finished at 686.307 total messages 1 total packets 1224 RTS 0 total bytes 5001264 in_flight now 0 fair_inc 29741 prop_inc 75068 fast_inc 0 eta_inc 32780 multi_dec -136660 quick_dec -0 nack_dec -74700
Flow Uec_242_778 flowId 721 uecSrc 720 finished at 686.7 total messages 1 total packets 1224 RTS 0 total bytes 5001264 in_flight now 0 fair_inc 23058 prop_inc 87100 fast_inc 0 eta_inc 32184 multi_dec -127617 quick_dec -0 nack_dec -33200
Flow Uec_718_196 flowId 1100 uecSrc 1099 finished at 687.196 total messages 1 total packets 1224 RTS 0 total bytes 5001264 in_flight now 0 fair_inc 28243 prop_inc 96710 fast_inc 0 eta_inc 32184 multi_dec -142220 quick_dec -0 nack_dec -62250
Flow Uec_492_950 flowId 794 uecSrc 793 finished at 687.312 total messages 1 total packets 1224 RTS 0 total bytes 5001264 in_flight now 0 fair_inc 29344 prop_inc 84454 fast_inc 0 eta_inc 32780 multi_dec -147809 quick_dec -0 nack_dec -45650
Flow Uec_1028_427 flowId 176 uecSrc 175 finished at 687.935 total messages 1 total packets 1224 RTS 0 total bytes 5001264 in_flight now 0 fair_inc 35035 prop_inc 52918 fast_inc 0 eta_inc 32780 multi_dec -154658 quick_dec -0 nack_dec -12450
Flow Uec_957_370 flowId 951 uecSrc 950 finished at 688.071 total messages 1 total packets 1224 RTS 0 total bytes 5001264 in_flight now 0 fair_inc 27006 prop_inc 81186 fast_inc 0 eta_inc 32780 multi_dec -100927 quick_dec -0 nack_dec -33200
Flow Uec_211_736 flowId 195 uecSrc 194 finished at 688.274 total messages 1 total packets 1224 RTS 0 total bytes 5001264 in_flight now 0 fair_inc 26429 prop_inc 76732 fast_inc 0 eta_inc 32184 multi_dec -121406 quick_dec -0 nack_dec -33200
Flow Uec_28_514 flowId 398 uecSrc 397 finished at 688.432 total messages 1 total packets 1224 RTS 0 total bytes 5001264 in_flight now 0 fair_inc 26470 prop_inc 76996 fast_inc 0 eta_inc 32780 multi_dec -129070 quick_dec -0 nack_dec -58100
Flow Uec_688_16 flowId 470 uecSrc 469 finished at 688.562 total messages 1 total packets 1224 RTS 0 total bytes 5001264 in_flight now 0 fair_inc 30973 prop_inc 64256 fast_inc 0 eta_inc 32780 multi_dec -79049 quick_dec -0 nack_dec -62250
Flow Uec_203_705 flowId 730 uecSrc 729 finished at 688.583 total messages 1 total packets 1224 RTS 0 total bytes 5001264 in_flight now 0 fair_inc 33712 prop_inc 68192 fast_inc 0 eta_inc 32184 multi_dec -96956 quick_dec -0 nack_dec -37350
Flow Uec_470_967 flowId 849 uecSrc 848 finished at 688.64 total messages 1 total packets 1224 RTS 0 total bytes 5001264 in_flight now 0 fair_inc 28982 prop_inc 96166 fast_inc 0 eta_inc 32184 multi_dec -126869 quick_dec -0 nack_dec -45650
Flow Uec_452_917 flowId 161 uecSrc 160 finished at 689.066 total messages 1 total packets 1224 RTS 0 total bytes 5001264 in_flight now 0 fair_inc 42968 prop_inc 68777 fast_inc 0 eta_inc 32780 multi_dec -149592 quick_dec -0 nack_dec -45650
Flow Uec_838_270 flowId 400 uecSrc 399 finished at 689.313 total messages 1 total packets 1224 RTS 0 total bytes 5001264 in_flight now 0 fair_inc 28953 prop_inc 59378 fast_inc 0 eta_inc 32780 multi_dec -108512 quick_dec -0 nack_dec -33200
Flow Uec_334_868 flowId 467 uecSrc 466 finished at 689.335 total messages 1 total packets 1224 RTS 0 total bytes 5001264 in_flight now 0 fair_inc 26585 prop_inc 77093 fast_inc 0 eta_inc 32780 multi_dec -98316 quick_dec -0 nack_dec -62250
Flow Uec_663_42 flowId 286 uecSrc 285 finished at 689.408 total messages 1 total packets 1224 RTS 0 total bytes 5001264 in_flight now 0 fair_inc 31766 prop_inc 73439 fast_inc 0 eta_inc 32780 multi_dec -137741 quick_dec -0 nack_dec -33200
Flow Uec_764_179 flowId 98 uecSrc 97 finished at 689.519 total messages 1 total packets 1224 RTS 0 total bytes 5001264 in_flight now 0 fair_inc 40286 prop_inc 84974 fast_inc 0 eta_inc 32780 multi_dec -160159 quick_dec -0 nack_dec -41500
Flow Uec_886_204 flowId 1057 uecSrc 1056 finished at 689.631 total messages 1 total packets 1224 RTS 0 total bytes 5001264 in_flight now 0 fair_inc 41571 prop_inc 72167 fast_inc 0 eta_inc 32780 multi_dec -102734 quick_dec -0 nack_dec -53950
Flow Uec_143_640 flowId 998 uecSrc 997 finished at 689.858 total messages 1 total packets 1224 RTS 0 total bytes 5001264 in_flight now 0 fair_inc 36317 prop_inc 79484 fast_inc 0 eta_inc 32780 multi_dec -123612 quick_dec -0 nack_dec -58100
Flow Uec_801_201 flowId 1016 uecSrc 1015 finished at 690.353 total messages 1 total packets 1224 RTS 0 total bytes 5001264 in_flight now 0 fair_inc 34863 prop_inc 71418 fast_inc 0 eta_inc 32780 multi_dec -108963 quick_dec -0 nack_dec -74700
Flow Uec_602_57 flowId 83 uecSrc 82 finished at 690.498 total messages 1 total packets 1224 RTS 0 total bytes 5001264 in_flight now 0 fair_inc 42529 prop_inc 81571 fast_inc 0 eta_inc 32780 multi_dec -139183 quick_dec -0 nack_dec -49800
Flow Uec_274_700 flowId 740 uecSrc 739 finished at 690.57 total messages 1 total packets 1224 RTS 0 total bytes 5001264 in_flight now 0 fair_inc 28804 prop_inc 73228 fast_inc 0 eta_inc 33376 multi_dec -147594 quick_dec -0 nack_dec -37350
Flow Uec_686_13 flowId 177 uecSrc 176 finished at 690.746 total messages 1 total packets 1224 RTS 0 total bytes 5001264 in_flight now 0 fair_inc 35744 prop_inc 72319 fast_inc 0 eta_inc 32780 multi_dec -126538 quick_dec -0 nack_dec -45650
Flow Uec_1_576 flowId 932 uecSrc 931 finished at 690.815 total messages 1 total packets 1224 RTS 0 total bytes 5001264 in_flight now 0 fair_inc 47798 prop_inc 79615 fast_inc 0 eta_inc 32780 multi_dec -226360 quick_dec -0 nack_dec -45650
Flow Uec_401_933 flowId 692 uecSrc 691 finished at 691.229 total messages 1 total packets 1224 RTS 0 total bytes 5001264 in_flight now 0 fair_inc 26592 prop_inc 90345 fast_inc 0 eta_inc 32780 multi_dec -183108 quick_dec -0 nack_dec -49800
Flow Uec_149_615 flowId 465 uecSrc 464 finished at 691.927 total messages 1 total packets 1224 RTS 0 total bytes 5001264 in_flight now 0 fair_inc 33581 prop_inc 80640 fast_inc 0 eta_inc 32780 multi_dec -93627 quick_dec -0 nack_dec -70550
Flow Uec_377_885 flowId 232 uecSrc 231 finished at 692.105 total messages 1 total packets 1224 RTS 0 total bytes 5001264 in_flight now 0 fair_inc 31667 prop_inc 69386 fast_inc 0 eta_inc 33376 multi_dec -132090 quick_dec -0 nack_dec -41500
Flow Uec_572_1050 flowId 57 uecSrc 56 finished at 692.661 total messages 1 total packets 1224 RTS 0 total bytes 5001264 in_flight now 0 fair_inc 32537 prop_inc 85073 fast_inc 0 eta_inc 33376 multi_dec -120723 quick_dec -0 nack_dec -33200
Flow Uec_558_1035 flowId 368 uecSrc 367 finished at 693.234 total messages 1 total packets 1224 RTS 0 total bytes 5001264 in_flight now 0 fair_inc 36394 prop_inc 69597 fast_inc 0 eta_inc 32780 multi_dec -218416 quick_dec -0 nack_dec -29050
Flow Uec_559_1029 flowId 605 uecSrc 604 finished at 693.502 total messages 1 total packets 1224 RTS 0 total bytes 5001264 in_flight now 0 fair_inc 32238 prop_inc 91156 fast_inc 0 eta_inc 33376 multi_dec -147677 quick_dec -0 nack_dec -53950
Flow Uec_248_724 flowId 514 uecSrc 513 finished at 693.785 total messages 1 total packets 1224 RTS 0 total bytes 5001264 in_flight now 0 fair_inc 30781 prop_inc 76926 fast_inc 0 eta_inc 32780 multi_dec -116683 quick_dec -0 nack_dec -45650
Flow Uec_22_589 flowId 895 uecSrc 894 finished at 694.274 total messages 1 total packets 1224 RTS 0 total bytes 5001264 in_flight now 0 fair_inc 44151 prop_inc 78139 fast_inc 0 eta_inc 33376 multi_dec -118729 quick_dec -0 nack_dec -53950
Flow Uec_5_571 flowId 987 uecSrc 986 finished at 694.468 total messages 1 total packets 1224 RTS 0 total bytes 5001264 in_flight now 0 fair_inc 31269 prop_inc 77381 fast_inc 0 eta_inc 32780 multi_dec -188859 quick_dec -0 nack_dec -24900
Flow Uec_901_364 flowId 319 uecSrc 318 finished at 694.545 total messages 1 total packets 1224 RTS 0 total bytes 5001264 in_flight now 0 fair_inc 35993 prop_inc 82252 fast_inc 0 eta_inc 33376 multi_dec -142427 quick_dec -0 nack_dec -41500
Flow Uec_861_288 flowId 754 uecSrc 753 finished at 695.422 total messages 1 total packets 1224 RTS 0 total bytes 5001264 in_flight now 0 fair_inc 48361 prop_inc 74787 fast_inc 0 eta_inc 33376 multi_dec -128108 quick_dec -0 nack_dec -62250
Flow Uec_77_564 flowId 884 uecSrc 883 finished at 695.804 total messages 1 total packets 1224 RTS 0 total bytes 5001264 in_flight now 0 fair_inc 25143 prop_inc 84809 fast_inc 0 eta_inc 32780 multi_dec -158155 quick_dec -0 nack_dec -41500
Flow Uec_987_308 flowId 822 uecSrc 821 finished at 695.85 total messages 1 total packets 1224 RTS 0 total bytes 5001264 in_flight now 0 fair_inc 36199 prop_inc 74474 fast_inc 0 eta_inc 32780 multi_dec -77810 quick_dec -0 nack_dec -74700
Flow Uec_439_986 flowId 757 uecSrc 756 finished at 696.032 total messages 1 total packets 1224 RTS 0 total bytes 5001264 in_flight now 0 fair_inc 36462 prop_inc 81260 fast_inc 0 eta_inc 32780 multi_dec -163568 quick_dec -0 nack_dec -33200
Flow Uec_514_1025 flowId 1097 uecSrc 1096 finished at 696.542 total messages 1 total packets 1224 RTS 0 total bytes 5001264 in_flight now 0 fair_inc 48911 prop_inc 60183 fast_inc 0 eta_inc 32780 multi_dec -217514 quick_dec -0 nack_dec -16600
Flow Uec_855_277 flowId 272 uecSrc 271 finished at 696.884 total messages 1 total packets 1224 RTS 0 total bytes 5001264 in_flight now 0 fair_inc 36735 prop_inc 70465 fast_inc 0 eta_inc 32780 multi_dec -110009 quick_dec -0 nack_dec -33200
Flow Uec_629_81 flowId 916 uecSrc 915 finished at 697.22 total messages 1 total packets 1224 RTS 0 total bytes 5001264 in_flight now 0 fair_inc 35363 prop_inc 85728 fast_inc 0 eta_inc 32780 multi_dec -139848 quick_dec -0 nack_dec -45650
Flow Uec_800_243 flowId 711 uecSrc 710 finished at 697.555 total messages 1 total packets 1224 RTS 0 total bytes 5001264 in_flight now 0 fair_inc 38092 prop_inc 58202 fast_inc 0 eta_inc 33376 multi_dec -103177 quick_dec -0 nack_dec -45650
Flow Uec_105_682 flowId 542 uecSrc 541 finished at 697.766 total messages 1 total packets 1224 RTS 0 total bytes 5001264 in_flight now 0 fair_inc 39699 prop_inc 77217 fast_inc 0 eta_inc 33376 multi_dec -128747 quick_dec -0 nack_dec -58100
Flow Uec_1020_421 flowId 139 uecSrc 138 finished at 697.838 total messages 1 total packets 1224 RTS 0 total bytes 5001264 in_flight now 0 fair_inc 39866 prop_inc 72129 fast_inc 0 eta_inc 33376 multi_dec -142652 quick_dec -0 nack_dec -37350
Flow Uec_103_685 flowId 16 uecSrc 15 finished at 698.288 total messages 1 total packets 1224 RTS 0 total bytes 5001264 in_flight now 0 fair_inc 38892 prop_inc 73603 fast_inc 0 eta_inc 32780 multi_dec -154591 quick_dec -0 nack_dec -37350
Flow Uec_771_169 flowId 802 uecSrc 801 finished at 698.534 total messages 1 total packets 1224 RTS 0 total bytes 5001264 in_flight now 0 fair_inc 44411 prop_inc 75588 fast_inc 0 eta_inc 33376 multi_dec -123384 quick_dec -0 nack_dec -49800
Flow Uec_367_818 flowId 305 uecSrc 304 finished at 699.305 total messages 1 total packets 1224 RTS 0 total bytes 5001264 in_flight now 0 fair_inc 29162 prop_inc 70558 fast_inc 0 eta_inc 33376 multi_dec -155363 quick_dec -0 nack_dec -41500
Flow Uec_690_40 flowId 727 uecSrc 726 finished at 699.814 total messages 1 total packets 1224 RTS 0 total bytes 5001264 in_flight now 0 fair_inc 36663 prop_inc 80378 fast_inc 0 eta_inc 33376 multi_dec -157502 quick_dec -0 nack_dec -41500
Flow Uec_282_788 flowId 48 uecSrc 47 finished at 700.337 total messages 1 total packets 1224 RTS 0 total bytes 5001264 in_flight now 0 fair_inc 30442 prop_inc 79889 fast_inc 0 eta_inc 33376 multi_dec -166133 quick_dec -0 nack_dec -37350
Flow Uec_943_305 flowId 1066 uecSrc 1065 finished at 700.63 total messages 1 total packets 1224 RTS 0 total bytes 5001264 in_flight now 0 fair_inc 46937 prop_inc 71648 fast_inc 0 eta_inc 33376 multi_dec -155279 quick_dec -0 nack_dec -37350
Flow Uec_622_32 flowId 406 uecSrc 405 finished at 700.938 total messages 1 total packets 1224 RTS 0 total bytes 5001264 in_flight now 0 fair_inc 35469 prop_inc 63102 fast_inc 0 eta_inc 33376 multi_dec -128775 quick_dec -0 nack_dec -33200
Flow Uec_1086_412 flowId 253 uecSrc 252 finished at 701.222 total messages 1 total packets 1224 RTS 0 total bytes 5001264 in_flight now 0 fair_inc 51759 prop_inc 60570 fast_inc 0 eta_inc 33376 multi_dec -127090 quick_dec -0 nack_dec -29050
Flow Uec_613_67 flowId 296 uecSrc 295 finished at 701.365 total messages 1 total packets 1224 RTS 0 total bytes 5001264 in_flight now 0 fair_inc 50488 prop_inc 63255 fast_inc 0 eta_inc 33376 multi_dec -99017 quick_dec -0 nack_dec -37350
Flow Uec_1094_465 flowId 604 uecSrc 603 finished at 701.468 total messages 1 total packets 1224 RTS 0 total bytes 5001264 in_flight now 0 fair_inc 28349 prop_inc 65259 fast_inc 0 eta_inc 32780 multi_dec -110770 quick_dec -0 nack_dec -24900
Flow Uec_170_603 flowId 75 uecSrc 74 finished at 701.936 total messages 1 total packets 1224 RTS 0 total bytes 5001264 in_flight now 0 fair_inc 23467 prop_inc 97118 fast_inc 0 eta_inc 33376 multi_dec -143869 quick_dec -0 nack_dec -58100
Flow Uec_1016_497 flowId 420 uecSrc 419 finished at 702.232 total messages 1 total packets 1224 RTS 0 total bytes 5001264 in_flight now 0 fair_inc 33673 prop_inc 79774 fast_inc 0 eta_inc 32780 multi_dec -131192 quick_dec -0 nack_dec -41500
Flow Uec_269_798 flowId 105 uecSrc 104 finished at 702.319 total messages 1 total packets 1224 RTS 0 total bytes 5001264 in_flight now 0 fair_inc 56147 prop_inc 72430 fast_inc 0 eta_inc 33376 multi_dec -142077 quick_dec -0 nack_dec -58100
Flow Uec_810_245 flowId 530 uecSrc 529 finished at 702.394 total messages 1 total packets 1224 RTS 0 total bytes 5001264 in_flight now 0 fair_inc 32066 prop_inc 76123 fast_inc 0 eta_inc 33376 multi_dec -137801 quick_dec -0 nack_dec -37350
Flow Uec_783_143 flowId 767 uecSrc 766 finished at 702.734 total messages 1 total packets 1224 RTS 0 total bytes 5001264 in_flight now 0 fair_inc 23316 prop_inc 73661 fast_inc 0 eta_inc 32780 multi_dec -155860 quick_dec -0 nack_dec -37350
Flow Uec_300_891 flowId 1048 uecSrc 1047 finished at 703.068 total messages 1 total packets 1224 RTS 0 total bytes 5001264 in_flight now 0 fair_inc 38557 prop_inc 89408 fast_inc 0 eta_inc 32780 multi_dec -138496 quick_dec -0 nack_dec -37350
Flow Uec_51_528 flowId 112 uecSrc 111 finished at 703.315 total messages 1 total packets 1224 RTS 0 total bytes 5001264 in_flight now 0 fair_inc 21142 prop_inc 96861 fast_inc 0 eta_inc 33376 multi_dec -169910 quick_dec -0 nack_dec -37350
Flow Uec_817_291 flowId 699 uecSrc 698 finished at 703.921 total messages 1 total packets 1224 RTS 0 total bytes 5001264 in_flight now 0 fair_inc 41864 prop_inc 70576 fast_inc 0 eta_inc 33376 multi_dec -150749 quick_dec -0 nack_dec -29050
Flow Uec_741_193 flowId 88 uecSrc 87 finished at 704.051 total messages 1 total packets 1224 RTS 0 total bytes 5001264 in_flight now 0 fair_inc 41847 prop_inc 64639 fast_inc 0 eta_inc 33376 multi_dec -123307 quick_dec -0 nack_dec -37350
Flow Uec_345_886 flowId 850 uecSrc 849 finished at 704.114 total messages 1 total packets 1224 RTS 0 total bytes 5001264 in_flight now 0 fair_inc 32936 prop_inc 76869 fast_inc 0 eta_inc 33376 multi_dec -118327 quick_dec -0 nack_dec -49800
Flow Uec_88_590 flowId 735 uecSrc 734 finished at 704.149 total messages 1 total packets 1224 RTS 0 total bytes 5001264 in_flight now 0 fair_inc 38210 prop_inc 72050 fast_inc 0 eta_inc 33376 multi_dec -133309 quick_dec -0 nack_dec -53950
Flow Uec_618_58 flowId 313 uecSrc 312 finished at 704.338 total messages 1 total packets 1224 RTS 0 total bytes 5001264 in_flight now 0 fair_inc 33176 prop_inc 83961 fast_inc 0 eta_inc 32780 multi_dec -112863 quick_dec -0 nack_dec -45650
Flow Uec_738_155 flowId 206 uecSrc 205 finished at 704.67 total messages 1 total packets 1224 RTS 0 total bytes 5001264 in_flight now 0 fair_inc 50776 prop_inc 76310 fast_inc 0 eta_inc 33972 multi_dec -116471 quick_dec -0 nack_dec -62250
Flow Uec_929_311 flowId 471 uecSrc 470 finished at 704.829 total messages 1 total packets 1224 RTS 0 total bytes 5001264 in_flight now 0 fair_inc 46690 prop_inc 80794 fast_inc 0 eta_inc 33376 multi_dec -114357 quick_dec -0 nack_dec -53950
Flow Uec_593_1046 flowId 4 uecSrc 3 finished at 704.999 total messages 1 total packets 1224 RTS 0 total bytes 5001264 in_flight now 0 fair_inc 43427 prop_inc 73699 fast_inc 0 eta_inc 33376 multi_dec -112432 quick_dec -0 nack_dec -33200
Flow Uec_21_545 flowId 1027 uecSrc 1026 finished at 705.2 total messages 1 total packets 1224 RTS 0 total bytes 5001264 in_flight now 0 fair_inc 41147 prop_inc 75622 fast_inc 0 eta_inc 33376 multi_dec -177848 quick_dec -0 nack_dec -29050
Flow Uec_358_826 flowId 529 uecSrc 528 finished at 705.294 total messages 1 total packets 1224 RTS 0 total bytes 5001264 in_flight now 0 fair_inc 31312 prop_inc 74509 fast_inc 0 eta_inc 33376 multi_dec -142354 quick_dec -0 nack_dec -20750
Flow Uec_120_655 flowId 750 uecSrc 749 finished at 705.809 total messages 1 total packets 1224 RTS 0 total bytes 5001264 in_flight now 0 fair_inc 34833 prop_inc 79032 fast_inc 0 eta_inc 33376 multi_dec -146484 quick_dec -0 nack_dec -41500
Flow Uec_1058_410 flowId 144 uecSrc 143 finished at 705.847 total messages 1 total packets 1224 RTS 0 total bytes 5001264 in_flight now 0 fair_inc 29822 prop_inc 77592 fast_inc 0 eta_inc 33376 multi_dec -155508 quick_dec -0 nack_dec -29050
Flow Uec_406_973 flowId 244 uecSrc 243 finished at 706.836 total messages 1 total packets 1224 RTS 0 total bytes 5001264 in_flight now 0 fair_inc 38117 prop_inc 85071 fast_inc 0 eta_inc 33376 multi_dec -134710 quick_dec -0 nack_dec -41500
Flow Uec_804_254 flowId 140 uecSrc 139 finished at 707.308 total messages 1 total packets 1224 RTS 0 total bytes 5001264 in_flight now 0 fair_inc 42448 prop_inc 79294 fast_inc 0 eta_inc 32780 multi_dec -166498 quick_dec -0 nack_dec -37350
Flow Uec_477_968 flowId 440 uecSrc 439 finished at 707.38 total messages 1 total packets 1224 RTS 0 total bytes 5001264 in_flight now 0 fair_inc 31908 prop_inc 80250 fast_inc 0 eta_inc 33376 multi_dec -152226 quick_dec -0 nack_dec -45650
Flow Uec_605_43 flowId 367 uecSrc 366 finished at 707.505 total messages 1 total packets 1224 RTS 0 total bytes 5001264 in_flight now 0 fair_inc 45620 prop_inc 70754 fast_inc 0 eta_inc 33972 multi_dec -116614 quick_dec -0 nack_dec -45650
Flow Uec_523_1051 flowId 935 uecSrc 934 finished at 708.282 total messages 1 total packets 1224 RTS 0 total bytes 5001264 in_flight now 0 fair_inc 41392 prop_inc 67785 fast_inc 0 eta_inc 33376 multi_dec -132674 quick_dec -0 nack_dec -53950
Flow Uec_240_737 flowId 2 uecSrc 1 finished at 709.014 total messages 1 total packets 1224 RTS 0 total bytes 5001264 in_flight now 0 fair_inc 39034 prop_inc 76982 fast_inc 0 eta_inc 32780 multi_dec -133696 quick_dec -0 nack_dec -45650
Flow Uec_45_537 flowId 457 uecSrc 456 finished at 709.272 total messages 1 total packets 1224 RTS 0 total bytes 5001264 in_flight now 0 fair_inc 31503 prop_inc 89638 fast_inc 0 eta_inc 33972 multi_dec -128489 quick_dec -0 nack_dec -49800
Flow Uec_456_988 flowId 30 uecSrc 29 finished at 709.536 total messages 1 total packets 1224 RTS 0 total bytes 5001264 in_flight now 0 fair_inc 16743 prop_inc 87806 fast_inc 0 eta_inc 33376 multi_dec -115594 quick_dec -0 nack_dec -49800
Flow Uec_587_1026 flowId 598 uecSrc 597 finished at 709.936 total messages 1 total packets 1224 RTS 0 total bytes 5001264 in_flight now 0 fair_inc 37686 prop_inc 64242 fast_inc 0 eta_inc 33972 multi_dec -151670 quick_dec -0 nack_dec -33200
Flow Uec_490_906 flowId 50 uecSrc 49 finished at 710.254 total messages 1 total packets 1224 RTS 0 total bytes 5001264 in_flight now 0 fair_inc 28837 prop_inc 78490 fast_inc 0 eta_inc 33376 multi_dec -182173 quick_dec -0 nack_dec -24900
Flow Uec_709_194 flowId 316 uecSrc 315 finished at 710.848 total messages 1 total packets 1224 RTS 0 total bytes 5001264 in_flight now 0 fair_inc 46296 prop_inc 91989 fast_inc 0 eta_inc 33376 multi_dec -130704 quick_dec -0 nack_dec -37350
Flow Uec_256_762 flowId 568 uecSrc 567 finished at 710.903 total messages 1 total packets 1224 RTS 0 total bytes 5001264 in_flight now 0 fair_inc 46934 prop_inc 81018 fast_inc 0 eta_inc 33376 multi_dec -136276 quick_dec -0 nack_dec -49800
Flow Uec_1073_405 flowId 143 uecSrc 142 finished at 710.955 total messages 1 total packets 1224 RTS 0 total bytes 5001264 in_flight now 0 fair_inc 29735 prop_inc 68970 fast_inc 0 eta_inc 33972 multi_dec -103153 quick_dec -0 nack_dec -45650
Flow Uec_570_1011 flowId 51 uecSrc 50 finished at 711.147 total messages 1 total packets 1224 RTS 0 total bytes 5001264 in_flight now 0 fair_inc 35030 prop_inc 89433 fast_inc 0 eta_inc 33972 multi_dec -114696 quick_dec -0 nack_dec -41500
Flow Uec_625_71 flowId 24 uecSrc 23 finished at 711.6 total messages 1 total packets 1224 RTS 0 total bytes 5001264 in_flight now 0 fair_inc 41271 prop_inc 85251 fast_inc 0 eta_inc 33376 multi_dec -143664 quick_dec -0 nack_dec -53950
Flow Uec_841_239 flowId 63 uecSrc 62 finished at 711.743 total messages 1 total packets 1224 RTS 0 total bytes 5001264 in_flight now 0 fair_inc 41288 prop_inc 67422 fast_inc 0 eta_inc 33376 multi_dec -149919 quick_dec -0 nack_dec -45650
Flow Uec_623_38 flowId 18 uecSrc 17 finished at 712.154 total messages 1 total packets 1224 RTS 0 total bytes 5001264 in_flight now 0 fair_inc 35750 prop_inc 78141 fast_inc 0 eta_inc 33972 multi_dec -175320 quick_dec -0 nack_dec -37350
Flow Uec_846_290 flowId 499 uecSrc 498 finished at 712.525 total messages 1 total packets 1224 RTS 0 total bytes 5001264 in_flight now 0 fair_inc 37750 prop_inc 83687 fast_inc 0 eta_inc 33376 multi_dec -115040 quick_dec -0 nack_dec -66400
Flow Uec_54_543 flowId 482 uecSrc 481 finished at 712.632 total messages 1 total packets 1224 RTS 0 total bytes 5001264 in_flight now 0 fair_inc 27049 prop_inc 87877 fast_inc 0 eta_inc 33972 multi_dec -142841 quick_dec -0 nack_dec -29050
Flow Uec_665_18 flowId 761 uecSrc 760 finished at 712.676 total messages 1 total packets 1224 RTS 0 total bytes 5001264 in_flight now 0 fair_inc 45883 prop_inc 77352 fast_inc 0 eta_inc 33972 multi_dec -174494 quick_dec -0 nack_dec -37350
Flow Uec_76_534 flowId 871 uecSrc 870 finished at 713.08 total messages 1 total packets 1224 RTS 0 total bytes 5001264 in_flight now 0 fair_inc 34342 prop_inc 77057 fast_inc 0 eta_inc 33972 multi_dec -123295 quick_dec -0 nack_dec -45650
Flow Uec_698_61 flowId 183 uecSrc 182 finished at 713.152 total messages 1 total packets 1224 RTS 0 total bytes 5001264 in_flight now 0 fair_inc 34425 prop_inc 78762 fast_inc 0 eta_inc 33376 multi_dec -160320 quick_dec -0 nack_dec -49800
Flow Uec_62_598 flowId 185 uecSrc 184 finished at 713.159 total messages 1 total packets 1224 RTS 0 total bytes 5001264 in_flight now 0 fair_inc 23560 prop_inc 94915 fast_inc 0 eta_inc 33972 multi_dec -201732 quick_dec -0 nack_dec -29050
Flow Uec_218_780 flowId 961 uecSrc 960 finished at 713.432 total messages 1 total packets 1224 RTS 0 total bytes 5001264 in_flight now 0 fair_inc 38671 prop_inc 76422 fast_inc 0 eta_inc 33376 multi_dec -113449 quick_dec -0 nack_dec -53950
Flow Uec_714_177 flowId 1050 uecSrc 1049 finished at 713.455 total messages 1 total packets 1224 RTS 0 total bytes 5001264 in_flight now 0 fair_inc 41225 prop_inc 74838 fast_inc 0 eta_inc 34568 multi_dec -172310 quick_dec -0 nack_dec -49800
Flow Uec_390_899 flowId 85 uecSrc 84 finished at 713.856 total messages 1 total packets 1224 RTS 0 total bytes 5001264 in_flight now 0 fair_inc 34542 prop_inc 80936 fast_inc 0 eta_inc 33376 multi_dec -173090 quick_dec -0 nack_dec -33200
Flow Uec_875_220 flowId 182 uecSrc 181 finished at 714.267 total messages 1 total packets 1224 RTS 0 total bytes 5001264 in_flight now 0 fair_inc 36057 prop_inc 71587 fast_inc 0 eta_inc 33376 multi_dec -108725 quick_dec -0 nack_dec -58100
Flow Uec_1023_447 flowId 741 uecSrc 740 finished at 714.453 total messages 1 total packets 1224 RTS 0 total bytes 5001264 in_flight now 0 fair_inc 35170 prop_inc 84428 fast_inc 0 eta_inc 33972 multi_dec -171264 quick_dec -0 nack_dec -41500
Flow Uec_674_79 flowId 289 uecSrc 288 finished at 714.581 total messages 1 total packets 1224 RTS 0 total bytes 5001264 in_flight now 0 fair_inc 24134 prop_inc 93354 fast_inc 0 eta_inc 33972 multi_dec -104681 quick_dec -0 nack_dec -66400
Flow Uec_667_63 flowId 990 uecSrc 989 finished at 714.848 total messages 1 total packets 1224 RTS 0 total bytes 5001264 in_flight now 0 fair_inc 35228 prop_inc 88510 fast_inc 0 eta_inc 32780 multi_dec -158270 quick_dec -0 nack_dec -45650
Flow Uec_933_380 flowId 426 uecSrc 425 finished at 714.887 total messages 1 total packets 1224 RTS 0 total bytes 5001264 in_flight now 0 fair_inc 36464 prop_inc 80493 fast_inc 0 eta_inc 33972 multi_dec -117007 quick_dec -0 nack_dec -33200
Flow Uec_438_936 flowId 90 uecSrc 89 finished at 715.267 total messages 1 total packets 1224 RTS 0 total bytes 5001264 in_flight now 0 fair_inc 34780 prop_inc 89996 fast_inc 0 eta_inc 33972 multi_dec -167204 quick_dec -0 nack_dec -53950
Flow Uec_787_103 flowId 691 uecSrc 690 finished at 715.388 total messages 1 total packets 1224 RTS 0 total bytes 5001264 in_flight now 0 fair_inc 48415 prop_inc 75455 fast_inc 0 eta_inc 33972 multi_dec -112323 quick_dec -0 nack_dec -70550
Flow Uec_531_1093 flowId 312 uecSrc 311 finished at 715.469 total messages 1 total packets 1224 RTS 0 total bytes 5001264 in_flight now 0 fair_inc 42950 prop_inc 74131 fast_inc 0 eta_inc 33972 multi_dec -144284 quick_dec -0 nack_dec -33200
Flow Uec_750_197 flowId 1023 uecSrc 1022 finished at 715.885 total messages 1 total packets 1224 RTS 0 total bytes 5001264 in_flight now 0 fair_inc 48013 prop_inc 76412 fast_inc 0 eta_inc 33972 multi_dec -158169 quick_dec -0 nack_dec -41500
Flow Uec_642_92 flowId 1035 uecSrc 1034 finished at 716.082 total messages 1 total packets 1224 RTS 0 total bytes 5001264 in_flight now 0 fair_inc 49829 prop_inc 76057 fast_inc 0 eta_inc 33972 multi_dec -125021 quick_dec -0 nack_dec -53950
Flow Uec_556_1077 flowId 383 uecSrc 382 finished at 716.118 total messages 1 total packets 1224 RTS 0 total bytes 5001264 in_flight now 0 fair_inc 37878 prop_inc 64610 fast_inc 0 eta_inc 33972 multi_dec -149984 quick_dec -0 nack_dec -33200
Flow Uec_635_96 flowId 208 uecSrc 207 finished at 716.341 total messages 1 total packets 1224 RTS 0 total bytes 5001264 in_flight now 0 fair_inc 27300 prop_inc 72286 fast_inc 0 eta_inc 33972 multi_dec -128066 quick_dec -0 nack_dec -37350
Flow Uec_981_310 flowId 649 uecSrc 648 finished at 716.935 total messages 1 total packets 1224 RTS 0 total bytes 5001264 in_flight now 0 fair_inc 40845 prop_inc 65266 fast_inc 0 eta_inc 34568 multi_dec -120003 quick_dec -0 nack_dec -45650
Flow Uec_72_559 flowId 620 uecSrc 619 finished at 717.021 total messages 1 total packets 1224 RTS 0 total bytes 5001264 in_flight now 0 fair_inc 54483 prop_inc 76902 fast_inc 0 eta_inc 34568 multi_dec -128223 quick_dec -0 nack_dec -49800
Flow Uec_491_965 flowId 1012 uecSrc 1011 finished at 717.2 total messages 1 total packets 1224 RTS 0 total bytes 5001264 in_flight now 0 fair_inc 38691 prop_inc 92239 fast_inc 0 eta_inc 34568 multi_dec -170095 quick_dec -0 nack_dec -29050
Flow Uec_550_1067 flowId 872 uecSrc 871 finished at 717.374 total messages 1 total packets 1224 RTS 0 total bytes 5001264 in_flight now 0 fair_inc 37604 prop_inc 74299 fast_inc 0 eta_inc 33972 multi_dec -182690 quick_dec -0 nack_dec -24900
Flow Uec_1056_402 flowId 266 uecSrc 265 finished at 717.497 total messages 1 total packets 1224 RTS 0 total bytes 5001264 in_flight now 0 fair_inc 46152 prop_inc 71641 fast_inc 0 eta_inc 33972 multi_dec -128632 quick_dec -0 nack_dec -45650
Flow Uec_250_734 flowId 181 uecSrc 180 finished at 717.704 total messages 1 total packets 1224 RTS 0 total bytes 5001264 in_flight now 0 fair_inc 26869 prop_inc 94926 fast_inc 0 eta_inc 33376 multi_dec -136063 quick_dec -0 nack_dec -37350
Flow Uec_890_228 flowId 157 uecSrc 156 finished at 717.843 total messages 1 total packets 1224 RTS 0 total bytes 5001264 in_flight now 0 fair_inc 35614 prop_inc 91689 fast_inc 0 eta_inc 33972 multi_dec -201304 quick_dec -0 nack_dec -37350
Flow Uec_615_29 flowId 207 uecSrc 206 finished at 718.677 total messages 1 total packets 1224 RTS 0 total bytes 5001264 in_flight now 0 fair_inc 50324 prop_inc 74898 fast_inc 0 eta_inc 33972 multi_dec -146020 quick_dec -0 nack_dec -66400
Flow Uec_483_960 flowId 887 uecSrc 886 finished at 719.305 total messages 1 total packets 1224 RTS 0 total bytes 5001264 in_flight now 0 fair_inc 41924 prop_inc 83029 fast_inc 0 eta_inc 33972 multi_dec -141638 quick_dec -0 nack_dec -45650
Flow Uec_403_941 flowId 708 uecSrc 707 finished at 719.481 total messages 1 total packets 1224 RTS 0 total bytes 5001264 in_flight now 0 fair_inc 33331 prop_inc 89038 fast_inc 0 eta_inc 34568 multi_dec -141871 quick_dec -0 nack_dec -58100
Flow Uec_229_770 flowId 160 uecSrc 159 finished at 719.577 total messages 1 total packets 1224 RTS 0 total bytes 5001264 in_flight now 0 fair_inc 25906 prop_inc 94211 fast_inc 0 eta_inc 34568 multi_dec -122939 quick_dec -0 nack_dec -45650
Flow Uec_684_21 flowId 541 uecSrc 540 finished at 720.081 total messages 1 total packets 1224 RTS 0 total bytes 5001264 in_flight now 0 fair_inc 31885 prop_inc 83274 fast_inc 0 eta_inc 33972 multi_dec -111152 quick_dec -0 nack_dec -62250
Flow Uec_616_72 flowId 494 uecSrc 493 finished at 720.093 total messages 1 total packets 1224 RTS 0 total bytes 5001264 in_flight now 0 fair_inc 36175 prop_inc 69097 fast_inc 0 eta_inc 33972 multi_dec -145173 quick_dec -0 nack_dec -29050
Flow Uec_1002_475 flowId 707 uecSrc 706 finished at 720.316 total messages 1 total packets 1224 RTS 0 total bytes 5001264 in_flight now 0 fair_inc 42849 prop_inc 83422 fast_inc 0 eta_inc 34568 multi_dec -140451 quick_dec -0 nack_dec -37350
Flow Uec_877_237 flowId 214 uecSrc 213 finished at 720.722 total messages 1 total packets 1224 RTS 0 total bytes 5001264 in_flight now 0 fair_inc 40221 prop_inc 79431 fast_inc 0 eta_inc 34568 multi_dec -142437 quick_dec -0 nack_dec -45650
Flow Uec_985_375 flowId 412 uecSrc 411 finished at 720.739 total messages 1 total packets 1224 RTS 0 total bytes 5001264 in_flight now 0 fair_inc 25430 prop_inc 80888 fast_inc 0 eta_inc 33972 multi_dec -93122 quick_dec -0 nack_dec -58100
Flow Uec_232_723 flowId 698 uecSrc 697 finished at 721.722 total messages 1 total packets 1224 RTS 0 total bytes 5001264 in_flight now 0 fair_inc 33791 prop_inc 81427 fast_inc 0 eta_inc 34568 multi_dec -125897 quick_dec -0 nack_dec -37350
Flow Uec_129_642 flowId 626 uecSrc 625 finished at 721.735 total messages 1 total packets 1224 RTS 0 total bytes 5001264 in_flight now 0 fair_inc 34640 prop_inc 92150 fast_inc 0 eta_inc 33972 multi_dec -151300 quick_dec -0 nack_dec -41500
Flow Uec_497_992 flowId 967 uecSrc 966 finished at 721.773 total messages 1 total packets 1224 RTS 0 total bytes 5001264 in_flight now 0 fair_inc 36766 prop_inc 91290 fast_inc 0 eta_inc 34568 multi_dec -224173 quick_dec -0 nack_dec -29050
Flow Uec_1040_423 flowId 834 uecSrc 833 finished at 722.08 total messages 1 total packets 1224 RTS 0 total bytes 5001264 in_flight now 0 fair_inc 25288 prop_inc 97146 fast_inc 0 eta_inc 33972 multi_dec -163705 quick_dec -0 nack_dec -53950
Flow Uec_273_719 flowId 875 uecSrc 874 finished at 722.502 total messages 1 total packets 1224 RTS 0 total bytes 5001264 in_flight now 0 fair_inc 25939 prop_inc 85714 fast_inc 0 eta_inc 34568 multi_dec -130927 quick_dec -0 nack_dec -53950
Flow Uec_790_144 flowId 446 uecSrc 445 finished at 722.516 total messages 1 total packets 1224 RTS 0 total bytes 5001264 in_flight now 0 fair_inc 37147 prop_inc 80204 fast_inc 0 eta_inc 33972 multi_dec -125566 quick_dec -0 nack_dec -37350
Flow Uec_373_860 flowId 888 uecSrc 887 finished at 722.701 total messages 1 total packets 1224 RTS 0 total bytes 5001264 in_flight now 0 fair_inc 35011 prop_inc 76589 fast_inc 0 eta_inc 33972 multi_dec -73258 quick_dec -0 nack_dec -74700
Flow Uec_10_513 flowId 894 uecSrc 893 finished at 722.898 total messages 1 total packets 1224 RTS 0 total bytes 5001264 in_flight now 0 fair_inc 40657 prop_inc 86307 fast_inc 0 eta_inc 33972 multi_dec -114357 quick_dec -0 nack_dec -62250
Flow Uec_959_394 flowId 274 uecSrc 273 finished at 722.949 total messages 1 total packets 1224 RTS 0 total bytes 5001264 in_flight now 0 fair_inc 24394 prop_inc 85261 fast_inc 0 eta_inc 34568 multi_dec -164508 quick_dec -0 nack_dec -62250
Flow Uec_146_653 flowId 881 uecSrc 880 finished at 723.057 total messages 1 total packets 1224 RTS 0 total bytes 5001264 in_flight now 0 fair_inc 38330 prop_inc 97518 fast_inc 0 eta_inc 33972 multi_dec -137675 quick_dec -0 nack_dec -49800
Flow Uec_836_242 flowId 1045 uecSrc 1044 finished at 723.287 total messages 1 total packets 1224 RTS 0 total bytes 5001264 in_flight now 0 fair_inc 32268 prop_inc 70446 fast_inc 0 eta_inc 34568 multi_dec -147951 quick_dec -0 nack_dec -33200
Flow Uec_375_813 flowId 959 uecSrc 958 finished at 723.429 total messages 1 total packets 1224 RTS 0 total bytes 5001264 in_flight now 0 fair_inc 36908 prop_inc 71925 fast_inc 0 eta_inc 34568 multi_dec -131407 quick_dec -0 nack_dec -49800
Flow Uec_221_774 flowId 512 uecSrc 511 finished at 723.584 total messages 1 total packets 1224 RTS 0 total bytes 5001264 in_flight now 0 fair_inc 27250 prop_inc 83198 fast_inc 0 eta_inc 34568 multi_dec -121997 quick_dec -0 nack_dec -45650
Flow Uec_582_1017 flowId 455 uecSrc 454 finished at 723.943 total messages 1 total packets 1224 RTS 0 total bytes 5001264 in_flight now 0 fair_inc 43455 prop_inc 69078 fast_inc 0 eta_inc 33972 multi_dec -99285 quick_dec -0 nack_dec -49800
Flow Uec_894_292 flowId 287 uecSrc 286 finished at 723.963 total messages 1 total packets 1224 RTS 0 total bytes 5001264 in_flight now 0 fair_inc 38507 prop_inc 96103 fast_inc 0 eta_inc 33972 multi_dec -125961 quick_dec -0 nack_dec -62250
Flow Uec_372_805 flowId 188 uecSrc 187 finished at 724.026 total messages 1 total packets 1224 RTS 0 total bytes 5001264 in_flight now 0 fair_inc 54383 prop_inc 81338 fast_inc 0 eta_inc 34568 multi_dec -124989 quick_dec -0 nack_dec -95450
Flow Uec_579_1038 flowId 237 uecSrc 236 finished at 724.036 total messages 1 total packets 1224 RTS 0 total bytes 5001264 in_flight now 0 fair_inc 36084 prop_inc 76648 fast_inc 0 eta_inc 34568 multi_dec -138996 quick_dec -0 nack_dec -24900
Flow Uec_1024_457 flowId 838 uecSrc 837 finished at 724.054 total messages 1 total packets 1224 RTS 0 total bytes 5001264 in_flight now 0 fair_inc 27587 prop_inc 76095 fast_inc 0 eta_inc 34568 multi_dec -127477 quick_dec -0 nack_dec -37350
Flow Uec_1030_452 flowId 642 uecSrc 641 finished at 724.126 total messages 1 total packets 1224 RTS 0 total bytes 5001264 in_flight now 0 fair_inc 35994 prop_inc 85353 fast_inc 0 eta_inc 33972 multi_dec -169426 quick_dec -0 nack_dec -53950
Flow Uec_988_348 flowId 269 uecSrc 268 finished at 724.34 total messages 1 total packets 1224 RTS 0 total bytes 5001264 in_flight now 0 fair_inc 31158 prop_inc 77619 fast_inc 0 eta_inc 33972 multi_dec -129439 quick_dec -0 nack_dec -45650
Flow Uec_822_261 flowId 377 uecSrc 376 finished at 724.606 total messages 1 total packets 1224 RTS 0 total bytes 5001264 in_flight now 0 fair_inc 31744 prop_inc 74085 fast_inc 0 eta_inc 34568 multi_dec -148768 quick_dec -0 nack_dec -49800
Flow Uec_14_575 flowId 295 uecSrc 294 finished at 724.673 total messages 1 total packets 1224 RTS 0 total bytes 5001264 in_flight now 0 fair_inc 39362 prop_inc 95973 fast_inc 0 eta_inc 34568 multi_dec -202096 quick_dec -0 nack_dec -41500
Flow Uec_596_1071 flowId 641 uecSrc 640 finished at 724.686 total messages 1 total packets 1224 RTS 0 total bytes 5001264 in_flight now 0 fair_inc 54887 prop_inc 79281 fast_inc 0 eta_inc 34568 multi_dec -153114 quick_dec -0 nack_dec -41500
Flow Uec_916_301 flowId 952 uecSrc 951 finished at 724.757 total messages 1 total packets 1224 RTS 0 total bytes 5001264 in_flight now 0 fair_inc 37932 prop_inc 97524 fast_inc 0 eta_inc 33972 multi_dec -134542 quick_dec -0 nack_dec -70550
Flow Uec_942_385 flowId 856 uecSrc 855 finished at 724.925 total messages 1 total packets 1224 RTS 0 total bytes 5001264 in_flight now 0 fair_inc 34538 prop_inc 85448 fast_inc 0 eta_inc 34568 multi_dec -138570 quick_dec -0 nack_dec -45650
Flow Uec_89_527 flowId 154 uecSrc 153 finished at 725.03 total messages 1 total packets 1224 RTS 0 total bytes 5001264 in_flight now 0 fair_inc 41725 prop_inc 85631 fast_inc 0 eta_inc 33972 multi_dec -134604 quick_dec -0 nack_dec -37350
Flow Uec_270_752 flowId 570 uecSrc 569 finished at 725.049 total messages 1 total packets 1224 RTS 0 total bytes 5001264 in_flight now 0 fair_inc 38330 prop_inc 90236 fast_inc 0 eta_inc 33972 multi_dec -124992 quick_dec -0 nack_dec -58100
Flow Uec_140_621 flowId 800 uecSrc 799 finished at 725.425 total messages 1 total packets 1224 RTS 0 total bytes 5001264 in_flight now 0 fair_inc 31407 prop_inc 83701 fast_inc 0 eta_inc 34568 multi_dec -132974 quick_dec -0 nack_dec -29050
Flow Uec_293_729 flowId 865 uecSrc 864 finished at 725.442 total messages 1 total packets 1224 RTS 0 total bytes 5001264 in_flight now 0 fair_inc 36433 prop_inc 79295 fast_inc 0 eta_inc 33972 multi_dec -138621 quick_dec -0 nack_dec -45650
Flow Uec_598_1001 flowId 194 uecSrc 193 finished at 726.199 total messages 1 total packets 1224 RTS 0 total bytes 5001264 in_flight now 0 fair_inc 36380 prop_inc 89970 fast_inc 0 eta_inc 34568 multi_dec -154747 quick_dec -0 nack_dec -24900
Flow Uec_883_217 flowId 939 uecSrc 938 finished at 726.248 total messages 1 total packets 1224 RTS 0 total bytes 5001264 in_flight now 0 fair_inc 26566 prop_inc 83378 fast_inc 0 eta_inc 34568 multi_dec -102139 quick_dec -0 nack_dec -70550
Flow Uec_90_577 flowId 506 uecSrc 505 finished at 726.886 total messages 1 total packets 1224 RTS 0 total bytes 5001264 in_flight now 0 fair_inc 32225 prop_inc 88270 fast_inc 0 eta_inc 34568 multi_dec -155967 quick_dec -0 nack_dec -58100
Flow Uec_767_100 flowId 758 uecSrc 757 finished at 726.968 total messages 1 total packets 1224 RTS 0 total bytes 5001264 in_flight now 0 fair_inc 35026 prop_inc 92675 fast_inc 0 eta_inc 34568 multi_dec -142642 quick_dec -0 nack_dec -62250
Flow Uec_341_836 flowId 975 uecSrc 974 finished at 727.382 total messages 1 total packets 1224 RTS 0 total bytes 5001264 in_flight now 0 fair_inc 49033 prop_inc 93052 fast_inc 0 eta_inc 34568 multi_dec -157374 quick_dec -0 nack_dec -45650
Flow Uec_530_1005 flowId 9 uecSrc 8 finished at 727.509 total messages 1 total packets 1224 RTS 0 total bytes 5001264 in_flight now 0 fair_inc 32363 prop_inc 87040 fast_inc 0 eta_inc 33972 multi_dec -130746 quick_dec -0 nack_dec -37350
Flow Uec_775_171 flowId 460 uecSrc 459 finished at 727.888 total messages 1 total packets 1224 RTS 0 total bytes 5001264 in_flight now 0 fair_inc 40445 prop_inc 93174 fast_inc 0 eta_inc 34568 multi_dec -183976 quick_dec -0 nack_dec -49800
Flow Uec_43_573 flowId 748 uecSrc 747 finished at 728.031 total messages 1 total packets 1224 RTS 0 total bytes 5001264 in_flight now 0 fair_inc 24643 prop_inc 87204 fast_inc 0 eta_inc 34568 multi_dec -107350 quick_dec -0 nack_dec -62250
Flow Uec_340_806 flowId 334 uecSrc 333 finished at 728.087 total messages 1 total packets 1224 RTS 0 total bytes 5001264 in_flight now 0 fair_inc 46014 prop_inc 86059 fast_inc 0 eta_inc 34568 multi_dec -146500 quick_dec -0 nack_dec -78850
Flow Uec_1013_424 flowId 869 uecSrc 868 finished at 728.128 total messages 1 total packets 1224 RTS 0 total bytes 5001264 in_flight now 0 fair_inc 38457 prop_inc 68963 fast_inc 0 eta_inc 35164 multi_dec -167160 quick_dec -0 nack_dec -33200
Flow Uec_586_1086 flowId 960 uecSrc 959 finished at 728.166 total messages 1 total packets 1224 RTS 0 total bytes 5001264 in_flight now 0 fair_inc 39257 prop_inc 97902 fast_inc 0 eta_inc 34568 multi_dec -136722 quick_dec -0 nack_dec -53950
Flow Uec_859_216 flowId 1063 uecSrc 1062 finished at 728.484 total messages 1 total packets 1224 RTS 0 total bytes 5001264 in_flight now 0 fair_inc 30350 prop_inc 89263 fast_inc 0 eta_inc 33972 multi_dec -113398 quick_dec -0 nack_dec -41500
Flow Uec_939_362 flowId 238 uecSrc 237 finished at 728.515 total messages 1 total packets 1224 RTS 0 total bytes 5001264 in_flight now 0 fair_inc 44919 prop_inc 70417 fast_inc 0 eta_inc 34568 multi_dec -134844 quick_dec -0 nack_dec -45650
Flow Uec_277_754 flowId 464 uecSrc 463 finished at 728.528 total messages 1 total packets 1224 RTS 0 total bytes 5001264 in_flight now 0 fair_inc 44805 prop_inc 71597 fast_inc 0 eta_inc 34568 multi_dec -127351 quick_dec -0 nack_dec -62250
Flow Uec_462_957 flowId 322 uecSrc 321 finished at 728.66 total messages 1 total packets 1224 RTS 0 total bytes 5001264 in_flight now 0 fair_inc 29684 prop_inc 106420 fast_inc 0 eta_inc 34568 multi_dec -157712 quick_dec -0 nack_dec -70550
Flow Uec_148_697 flowId 744 uecSrc 743 finished at 728.798 total messages 1 total packets 1224 RTS 0 total bytes 5001264 in_flight now 0 fair_inc 43462 prop_inc 91067 fast_inc 0 eta_inc 33972 multi_dec -137967 quick_dec -0 nack_dec -45650
Flow Uec_306_895 flowId 138 uecSrc 137 finished at 728.856 total messages 1 total packets 1224 RTS 0 total bytes 5001264 in_flight now 0 fair_inc 34089 prop_inc 78832 fast_inc 0 eta_inc 34568 multi_dec -124322 quick_dec -0 nack_dec -37350
Flow Uec_1047_476 flowId 349 uecSrc 348 finished at 728.967 total messages 1 total packets 1224 RTS 0 total bytes 5001264 in_flight now 0 fair_inc 30499 prop_inc 102114 fast_inc 0 eta_inc 34568 multi_dec -148320 quick_dec -0 nack_dec -49800
Flow Uec_116_620 flowId 347 uecSrc 346 finished at 728.97 total messages 1 total packets 1224 RTS 0 total bytes 5001264 in_flight now 0 fair_inc 46874 prop_inc 77603 fast_inc 0 eta_inc 33972 multi_dec -118831 quick_dec -0 nack_dec -49800
Flow Uec_856_285 flowId 896 uecSrc 895 finished at 729.032 total messages 1 total packets 1224 RTS 0 total bytes 5001264 in_flight now 0 fair_inc 37103 prop_inc 61891 fast_inc 0 eta_inc 34568 multi_dec -125067 quick_dec -0 nack_dec -29050
Flow Uec_374_803 flowId 547 uecSrc 546 finished at 729.109 total messages 1 total packets 1224 RTS 0 total bytes 5001264 in_flight now 0 fair_inc 51724 prop_inc 66517 fast_inc 0 eta_inc 34568 multi_dec -178570 quick_dec -0 nack_dec -41500
Flow Uec_385_889 flowId 1089 uecSrc 1088 finished at 729.212 total messages 1 total packets 1224 RTS 0 total bytes 5001264 in_flight now 0 fair_inc 36145 prop_inc 86908 fast_inc 0 eta_inc 34568 multi_dec -112275 quick_dec -0 nack_dec -66400
Flow Uec_574_1042 flowId 567 uecSrc 566 finished at 729.561 total messages 1 total packets 1224 RTS 0 total bytes 5001264 in_flight now 0 fair_inc 39604 prop_inc 74707 fast_inc 0 eta_inc 34568 multi_dec -152794 quick_dec -0 nack_dec -49800
Flow Uec_774_187 flowId 723 uecSrc 722 finished at 729.695 total messages 1 total packets 1224 RTS 0 total bytes 5001264 in_flight now 0 fair_inc 26666 prop_inc 96126 fast_inc 0 eta_inc 34568 multi_dec -121793 quick_dec -0 nack_dec -29050
Flow Uec_675_49 flowId 201 uecSrc 200 finished at 729.729 total messages 1 total packets 1224 RTS 0 total bytes 5001264 in_flight now 0 fair_inc 48893 prop_inc 80688 fast_inc 0 eta_inc 35164 multi_dec -160057 quick_dec -0 nack_dec -66400
Flow Uec_527_1052 flowId 616 uecSrc 615 finished at 730.038 total messages 1 total packets 1224 RTS 0 total bytes 5001264 in_flight now 0 fair_inc 51002 prop_inc 81333 fast_inc 0 eta_inc 34568 multi_dec -206460 quick_dec -0 nack_dec -16600
Flow Uec_726_142 flowId 364 uecSrc 363 finished at 730.053 total messages 1 total packets 1224 RTS 0 total bytes 5001264 in_flight now 0 fair_inc 47032 prop_inc 100245 fast_inc 0 eta_inc 34568 multi_dec -221982 quick_dec -0 nack_dec -37350
Flow Uec_178_691 flowId 672 uecSrc 671 finished at 730.093 total messages 1 total packets 1224 RTS 0 total bytes 5001264 in_flight now 0 fair_inc 46185 prop_inc 66670 fast_inc 0 eta_inc 34568 multi_dec -126159 quick_dec -0 nack_dec -45650
Flow Uec_630_80 flowId 739 uecSrc 738 finished at 730.374 total messages 1 total packets 1224 RTS 0 total bytes 5001264 in_flight now 0 fair_inc 38598 prop_inc 79458 fast_inc 0 eta_inc 34568 multi_dec -166966 quick_dec -0 nack_dec -37350
Flow Uec_162_616 flowId 591 uecSrc 590 finished at 730.442 total messages 1 total packets 1224 RTS 0 total bytes 5001264 in_flight now 0 fair_inc 50586 prop_inc 69460 fast_inc 0 eta_inc 35164 multi_dec -145613 quick_dec -0 nack_dec -49800
Flow Uec_26_552 flowId 590 uecSrc 589 finished at 730.795 total messages 1 total packets 1224 RTS 0 total bytes 5001264 in_flight now 0 fair_inc 39642 prop_inc 103889 fast_inc 0 eta_inc 34568 multi_dec -159322 quick_dec -0 nack_dec -62250
Flow Uec_19_541 flowId 284 uecSrc 283 finished at 730.896 total messages 1 total packets 1224 RTS 0 total bytes 5001264 in_flight now 0 fair_inc 36932 prop_inc 69496 fast_inc 0 eta_inc 34568 multi_dec -163851 quick_dec -0 nack_dec -49800
Flow Uec_772_164 flowId 597 uecSrc 596 finished at 731.987 total messages 1 total packets 1224 RTS 0 total bytes 5001264 in_flight now 0 fair_inc 48191 prop_inc 87964 fast_inc 0 eta_inc 35164 multi_dec -167396 quick_dec -0 nack_dec -37350
Flow Uec_961_339 flowId 167 uecSrc 166 finished at 732.22 total messages 1 total packets 1224 RTS 0 total bytes 5001264 in_flight now 0 fair_inc 38933 prop_inc 94658 fast_inc 0 eta_inc 35164 multi_dec -126523 quick_dec -0 nack_dec -45650
Flow Uec_209_769 flowId 123 uecSrc 122 finished at 732.227 total messages 1 total packets 1224 RTS 0 total bytes 5001264 in_flight now 0 fair_inc 38804 prop_inc 82124 fast_inc 0 eta_inc 34568 multi_dec -134098 quick_dec -0 nack_dec -37350
Flow Uec_448_953 flowId 490 uecSrc 489 finished at 732.409 total messages 1 total packets 1224 RTS 0 total bytes 5001264 in_flight now 0 fair_inc 33530 prop_inc 106893 fast_inc 0 eta_inc 34568 multi_dec -152710 quick_dec -0 nack_dec -41500
Flow Uec_951_324 flowId 1090 uecSrc 1089 finished at 732.634 total messages 1 total packets 1224 RTS 0 total bytes 5001264 in_flight now 0 fair_inc 39279 prop_inc 80722 fast_inc 0 eta_inc 35164 multi_dec -118270 quick_dec -0 nack_dec -62250
Flow Uec_99_507 flowId 339 uecSrc 338 finished at 732.661 total messages 1 total packets 1224 RTS 0 total bytes 5001264 in_flight now 0 fair_inc 48598 prop_inc 85922 fast_inc 0 eta_inc 34568 multi_dec -146818 quick_dec -0 nack_dec -78850
Flow Uec_199_687 flowId 584 uecSrc 583 finished at 732.824 total messages 1 total packets 1224 RTS 0 total bytes 5001264 in_flight now 0 fair_inc 36126 prop_inc 84521 fast_inc 0 eta_inc 35164 multi_dec -150339 quick_dec -0 nack_dec -58100
Flow Uec_280_794 flowId 55 uecSrc 54 finished at 732.893 total messages 1 total packets 1224 RTS 0 total bytes 5001264 in_flight now 0 fair_inc 40290 prop_inc 87400 fast_inc 0 eta_inc 34568 multi_dec -112398 quick_dec -0 nack_dec -66400
Flow Uec_816_248 flowId 651 uecSrc 650 finished at 733.051 total messages 1 total packets 1224 RTS 0 total bytes 5001264 in_flight now 0 fair_inc 33144 prop_inc 77512 fast_inc 0 eta_inc 34568 multi_dec -176510 quick_dec -0 nack_dec -53950
Flow Uec_695_45 flowId 117 uecSrc 116 finished at 733.203 total messages 1 total packets 1224 RTS 0 total bytes 5001264 in_flight now 0 fair_inc 24154 prop_inc 80898 fast_inc 0 eta_inc 34568 multi_dec -79468 quick_dec -0 nack_dec -58100
Flow Uec_662_88 flowId 645 uecSrc 644 finished at 733.715 total messages 1 total packets 1224 RTS 0 total bytes 5001264 in_flight now 0 fair_inc 36635 prop_inc 84219 fast_inc 0 eta_inc 34568 multi_dec -113293 quick_dec -0 nack_dec -41500
Flow Uec_671_19 flowId 278 uecSrc 277 finished at 734.033 total messages 1 total packets 1224 RTS 0 total bytes 5001264 in_flight now 0 fair_inc 45281 prop_inc 78644 fast_inc 0 eta_inc 35164 multi_dec -147273 quick_dec -0 nack_dec -41500
Flow Uec_867_258 flowId 393 uecSrc 392 finished at 734.242 total messages 1 total packets 1224 RTS 0 total bytes 5001264 in_flight now 0 fair_inc 27050 prop_inc 89201 fast_inc 0 eta_inc 33972 multi_dec -135255 quick_dec -0 nack_dec -41500
Flow Uec_226_776 flowId 600 uecSrc 599 finished at 734.395 total messages 1 total packets 1224 RTS 0 total bytes 5001264 in_flight now 0 fair_inc 38911 prop_inc 83622 fast_inc 0 eta_inc 34568 multi_dec -130212 quick_dec -0 nack_dec -45650
Flow Uec_109_677 flowId 714 uecSrc 713 finished at 734.601 total messages 1 total packets 1224 RTS 0 total bytes 5001264 in_flight now 0 fair_inc 39292 prop_inc 77205 fast_inc 0 eta_inc 34568 multi_dec -117685 quick_dec -0 nack_dec -62250
Flow Uec_388_859 flowId 395 uecSrc 394 finished at 734.634 total messages 1 total packets 1224 RTS 0 total bytes 5001264 in_flight now 0 fair_inc 37678 prop_inc 72399 fast_inc 0 eta_inc 34568 multi_dec -155146 quick_dec -0 nack_dec -37350
Flow Uec_35_517 flowId 65 uecSrc 64 finished at 734.827 total messages 1 total packets 1224 RTS 0 total bytes 5001264 in_flight now 0 fair_inc 35030 prop_inc 93738 fast_inc 0 eta_inc 34568 multi_dec -141467 quick_dec -0 nack_dec -41500
Flow Uec_638_17 flowId 29 uecSrc 28 finished at 734.94 total messages 1 total packets 1224 RTS 0 total bytes 5001264 in_flight now 0 fair_inc 45971 prop_inc 83017 fast_inc 0 eta_inc 35164 multi_dec -123498 quick_dec -0 nack_dec -45650
Flow Uec_1055_470 flowId 338 uecSrc 337 finished at 735.555 total messages 1 total packets 1224 RTS 0 total bytes 5001264 in_flight now 0 fair_inc 40691 prop_inc 83546 fast_inc 0 eta_inc 35164 multi_dec -176560 quick_dec -0 nack_dec -24900
Flow Uec_865_215 flowId 956 uecSrc 955 finished at 735.677 total messages 1 total packets 1224 RTS 0 total bytes 5001264 in_flight now 0 fair_inc 51678 prop_inc 85086 fast_inc 0 eta_inc 34568 multi_dec -127323 quick_dec -0 nack_dec -62250
Flow Uec_947_314 flowId 1018 uecSrc 1017 finished at 735.79 total messages 1 total packets 1224 RTS 0 total bytes 5001264 in_flight now 0 fair_inc 45034 prop_inc 72228 fast_inc 0 eta_inc 35164 multi_dec -139286 quick_dec -0 nack_dec -37350
Flow Uec_185_629 flowId 953 uecSrc 952 finished at 735.858 total messages 1 total packets 1224 RTS 0 total bytes 5001264 in_flight now 0 fair_inc 42948 prop_inc 84861 fast_inc 0 eta_inc 35164 multi_dec -202908 quick_dec -0 nack_dec -49800
Flow Uec_899_280 flowId 752 uecSrc 751 finished at 735.927 total messages 1 total packets 1224 RTS 0 total bytes 5001264 in_flight now 0 fair_inc 41916 prop_inc 86965 fast_inc 0 eta_inc 34568 multi_dec -140443 quick_dec -0 nack_dec -70550
Flow Uec_494_949 flowId 343 uecSrc 342 finished at 736.01 total messages 1 total packets 1224 RTS 0 total bytes 5001264 in_flight now 0 fair_inc 32032 prop_inc 94822 fast_inc 0 eta_inc 34568 multi_dec -146500 quick_dec -0 nack_dec -33200
Flow Uec_546_1020 flowId 58 uecSrc 57 finished at 736.476 total messages 1 total packets 1224 RTS 0 total bytes 5001264 in_flight now 0 fair_inc 39792 prop_inc 68782 fast_inc 0 eta_inc 35164 multi_dec -126595 quick_dec -0 nack_dec -37350
Flow Uec_380_810 flowId 955 uecSrc 954 finished at 736.542 total messages 1 total packets 1224 RTS 0 total bytes 5001264 in_flight now 0 fair_inc 40457 prop_inc 82552 fast_inc 0 eta_inc 34568 multi_dec -148119 quick_dec -0 nack_dec -58100
Flow Uec_872_266 flowId 660 uecSrc 659 finished at 736.825 total messages 1 total packets 1224 RTS 0 total bytes 5001264 in_flight now 0 fair_inc 50122 prop_inc 71914 fast_inc 0 eta_inc 35164 multi_dec -137100 quick_dec -0 nack_dec -41500
Flow Uec_314_893 flowId 841 uecSrc 840 finished at 737.16 total messages 1 total packets 1224 RTS 0 total bytes 5001264 in_flight now 0 fair_inc 26760 prop_inc 80846 fast_inc 0 eta_inc 35164 multi_dec -154562 quick_dec -0 nack_dec -41500
Flow Uec_1064_489 flowId 653 uecSrc 652 finished at 737.197 total messages 1 total packets 1224 RTS 0 total bytes 5001264 in_flight now 0 fair_inc 28418 prop_inc 73085 fast_inc 0 eta_inc 34568 multi_dec -143617 quick_dec -0 nack_dec -41500
Flow Uec_1019_492 flowId 525 uecSrc 524 finished at 737.721 total messages 1 total packets 1224 RTS 0 total bytes 5001264 in_flight now 0 fair_inc 42770 prop_inc 84516 fast_inc 0 eta_inc 34568 multi_dec -179623 quick_dec -0 nack_dec -41500
Flow Uec_1096_404 flowId 722 uecSrc 721 finished at 737.751 total messages 1 total packets 1224 RTS 0 total bytes 5001264 in_flight now 0 fair_inc 33518 prop_inc 83122 fast_inc 0 eta_inc 35164 multi_dec -148396 quick_dec -0 nack_dec -29050
Flow Uec_1051_422 flowId 342 uecSrc 341 finished at 737.902 total messages 1 total packets 1224 RTS 0 total bytes 5001264 in_flight now 0 fair_inc 34281 prop_inc 78725 fast_inc 0 eta_inc 35164 multi_dec -139859 quick_dec -0 nack_dec -16600
Flow Uec_917_326 flowId 150 uecSrc 149 finished at 738.109 total messages 1 total packets 1224 RTS 0 total bytes 5001264 in_flight now 0 fair_inc 37660 prop_inc 83509 fast_inc 0 eta_inc 35164 multi_dec -133755 quick_dec -0 nack_dec -41500
Flow Uec_287_756 flowId 228 uecSrc 227 finished at 738.321 total messages 1 total packets 1224 RTS 0 total bytes 5001264 in_flight now 0 fair_inc 46242 prop_inc 106022 fast_inc 0 eta_inc 35164 multi_dec -172472 quick_dec -0 nack_dec -66400
Flow Uec_852_212 flowId 52 uecSrc 51 finished at 738.969 total messages 1 total packets 1224 RTS 0 total bytes 5001264 in_flight now 0 fair_inc 40340 prop_inc 79928 fast_inc 0 eta_inc 35164 multi_dec -168239 quick_dec -0 nack_dec -24900
Flow Uec_260_748 flowId 56 uecSrc 55 finished at 739.214 total messages 1 total packets 1224 RTS 0 total bytes 5001264 in_flight now 0 fair_inc 39767 prop_inc 87615 fast_inc 0 eta_inc 35164 multi_dec -148823 quick_dec -0 nack_dec -41500
Flow Uec_533_1047 flowId 164 uecSrc 163 finished at 739.255 total messages 1 total packets 1224 RTS 0 total bytes 5001264 in_flight now 0 fair_inc 47160 prop_inc 73911 fast_inc 0 eta_inc 34568 multi_dec -145929 quick_dec -0 nack_dec -53950
Flow Uec_188_606 flowId 577 uecSrc 576 finished at 739.28 total messages 1 total packets 1224 RTS 0 total bytes 5001264 in_flight now 0 fair_inc 37797 prop_inc 90190 fast_inc 0 eta_inc 34568 multi_dec -128552 quick_dec -0 nack_dec -66400
Flow Uec_881_294 flowId 212 uecSrc 211 finished at 739.519 total messages 1 total packets 1224 RTS 0 total bytes 5001264 in_flight now 0 fair_inc 35152 prop_inc 83370 fast_inc 0 eta_inc 35164 multi_dec -166214 quick_dec -0 nack_dec -37350
Flow Uec_415_938 flowId 1022 uecSrc 1021 finished at 739.879 total messages 1 total packets 1224 RTS 0 total bytes 5001264 in_flight now 0 fair_inc 45882 prop_inc 74122 fast_inc 0 eta_inc 35164 multi_dec -135446 quick_dec -0 nack_dec -66400
Flow Uec_606_0 flowId 6 uecSrc 5 finished at 739.95 total messages 1 total packets 1224 RTS 0 total bytes 5001264 in_flight now 0 fair_inc 32214 prop_inc 97355 fast_inc 0 eta_inc 35164 multi_dec -160032 quick_dec -0 nack_dec -58100
Flow Uec_878_259 flowId 5 uecSrc 4 finished at 740.016 total messages 1 total packets 1224 RTS 0 total bytes 5001264 in_flight now 0 fair_inc 55860 prop_inc 70392 fast_inc 0 eta_inc 35164 multi_dec -148488 quick_dec -0 nack_dec -33200
Flow Uec_590_1048 flowId 1065 uecSrc 1064 finished at 740.502 total messages 1 total packets 1224 RTS 0 total bytes 5001264 in_flight now 0 fair_inc 45578 prop_inc 79606 fast_inc 0 eta_inc 35164 multi_dec -178350 quick_dec -0 nack_dec -16600
Flow Uec_141_618 flowId 336 uecSrc 335 finished at 740.503 total messages 1 total packets 1224 RTS 0 total bytes 5001264 in_flight now 0 fair_inc 48093 prop_inc 99970 fast_inc 0 eta_inc 34568 multi_dec -162128 quick_dec -0 nack_dec -66400
Flow Uec_297_721 flowId 175 uecSrc 174 finished at 740.512 total messages 1 total packets 1224 RTS 0 total bytes 5001264 in_flight now 0 fair_inc 36108 prop_inc 83293 fast_inc 0 eta_inc 35760 multi_dec -122919 quick_dec -0 nack_dec -45650
Flow Uec_571_1066 flowId 380 uecSrc 379 finished at 740.543 total messages 1 total packets 1224 RTS 0 total bytes 5001264 in_flight now 0 fair_inc 41598 prop_inc 96109 fast_inc 0 eta_inc 35164 multi_dec -156371 quick_dec -0 nack_dec -45650
Flow Uec_832_293 flowId 629 uecSrc 628 finished at 741.274 total messages 1 total packets 1224 RTS 0 total bytes 5001264 in_flight now 0 fair_inc 37160 prop_inc 90393 fast_inc 0 eta_inc 35164 multi_dec -181501 quick_dec -0 nack_dec -37350
Flow Uec_731_146 flowId 997 uecSrc 996 finished at 741.703 total messages 1 total packets 1224 RTS 0 total bytes 5001264 in_flight now 0 fair_inc 42434 prop_inc 75641 fast_inc 0 eta_inc 34568 multi_dec -121936 quick_dec -0 nack_dec -41500
Flow Uec_793_132 flowId 826 uecSrc 825 finished at 741.812 total messages 1 total packets 1224 RTS 0 total bytes 5001264 in_flight now 0 fair_inc 54943 prop_inc 85471 fast_inc 0 eta_inc 35164 multi_dec -126255 quick_dec -0 nack_dec -45650
Flow Uec_567_1089 flowId 702 uecSrc 701 finished at 741.843 total messages 1 total packets 1224 RTS 0 total bytes 5001264 in_flight now 0 fair_inc 28284 prop_inc 74344 fast_inc 0 eta_inc 35760 multi_dec -142758 quick_dec -0 nack_dec -37350
Flow Uec_195_692 flowId 624 uecSrc 623 finished at 742.016 total messages 1 total packets 1224 RTS 0 total bytes 5001264 in_flight now 0 fair_inc 47130 prop_inc 92171 fast_inc 0 eta_inc 35164 multi_dec -179327 quick_dec -0 nack_dec -41500
Flow Uec_788_122 flowId 879 uecSrc 878 finished at 742.081 total messages 1 total packets 1224 RTS 0 total bytes 5001264 in_flight now 0 fair_inc 37742 prop_inc 90228 fast_inc 0 eta_inc 34568 multi_dec -112156 quick_dec -0 nack_dec -66400
Flow Uec_496_903 flowId 917 uecSrc 916 finished at 742.348 total messages 1 total packets 1224 RTS 0 total bytes 5001264 in_flight now 0 fair_inc 25021 prop_inc 113419 fast_inc 0 eta_inc 35164 multi_dec -166270 quick_dec -0 nack_dec -41500
Flow Uec_1046_456 flowId 579 uecSrc 578 finished at 743.016 total messages 1 total packets 1224 RTS 0 total bytes 5001264 in_flight now 0 fair_inc 45126 prop_inc 105602 fast_inc 0 eta_inc 35164 multi_dec -220762 quick_dec -0 nack_dec -37350
Flow Uec_156_611 flowId 550 uecSrc 549 finished at 743.169 total messages 1 total packets 1224 RTS 0 total bytes 5001264 in_flight now 0 fair_inc 40360 prop_inc 82933 fast_inc 0 eta_inc 33972 multi_dec -158195 quick_dec -0 nack_dec -45650
Flow Uec_968_378 flowId 466 uecSrc 465 finished at 743.421 total messages 1 total packets 1224 RTS 0 total bytes 5001264 in_flight now 0 fair_inc 53649 prop_inc 71658 fast_inc 0 eta_inc 35164 multi_dec -164770 quick_dec -0 nack_dec -41500
Flow Uec_312_881 flowId 891 uecSrc 890 finished at 743.531 total messages 1 total packets 1224 RTS 0 total bytes 5001264 in_flight now 0 fair_inc 51748 prop_inc 76874 fast_inc 0 eta_inc 35164 multi_dec -160874 quick_dec -0 nack_dec -41500
Flow Uec_96_546 flowId 1005 uecSrc 1004 finished at 743.572 total messages 1 total packets 1224 RTS 0 total bytes 5001264 in_flight now 0 fair_inc 38030 prop_inc 88994 fast_inc 0 eta_inc 35760 multi_dec -178566 quick_dec -0 nack_dec -49800
Flow Uec_644_87 flowId 21 uecSrc 20 finished at 743.668 total messages 1 total packets 1224 RTS 0 total bytes 5001264 in_flight now 0 fair_inc 40221 prop_inc 99693 fast_inc 0 eta_inc 34568 multi_dec -162352 quick_dec -0 nack_dec -49800
Flow Uec_1008_479 flowId 323 uecSrc 322 finished at 743.684 total messages 1 total packets 1224 RTS 0 total bytes 5001264 in_flight now 0 fair_inc 40269 prop_inc 78256 fast_inc 0 eta_inc 35164 multi_dec -133039 quick_dec -0 nack_dec -45650
Flow Uec_681_55 flowId 677 uecSrc 676 finished at 744.114 total messages 1 total packets 1224 RTS 0 total bytes 5001264 in_flight now 0 fair_inc 46270 prop_inc 102547 fast_inc 0 eta_inc 35164 multi_dec -139351 quick_dec -0 nack_dec -70550
Flow Uec_155_633 flowId 301 uecSrc 300 finished at 744.124 total messages 1 total packets 1224 RTS 0 total bytes 5001264 in_flight now 0 fair_inc 41763 prop_inc 98197 fast_inc 0 eta_inc 34568 multi_dec -137189 quick_dec -0 nack_dec -66400
Flow Uec_335_896 flowId 977 uecSrc 976 finished at 744.294 total messages 1 total packets 1224 RTS 0 total bytes 5001264 in_flight now 0 fair_inc 41022 prop_inc 88957 fast_inc 0 eta_inc 35164 multi_dec -135108 quick_dec -0 nack_dec -33200
Flow Uec_135_635 flowId 187 uecSrc 186 finished at 744.357 total messages 1 total packets 1224 RTS 0 total bytes 5001264 in_flight now 0 fair_inc 34650 prop_inc 102216 fast_inc 0 eta_inc 35164 multi_dec -139805 quick_dec -0 nack_dec -62250
Flow Uec_501_1076 flowId 405 uecSrc 404 finished at 744.493 total messages 1 total packets 1224 RTS 0 total bytes 5001264 in_flight now 0 fair_inc 56578 prop_inc 81067 fast_inc 0 eta_inc 35164 multi_dec -169683 quick_dec -0 nack_dec -41500
Flow Uec_413_974 flowId 87 uecSrc 86 finished at 744.732 total messages 1 total packets 1224 RTS 0 total bytes 5001264 in_flight now 0 fair_inc 37088 prop_inc 93092 fast_inc 0 eta_inc 35164 multi_dec -127430 quick_dec -0 nack_dec -58100
Flow Uec_779_130 flowId 812 uecSrc 811 finished at 744.765 total messages 1 total packets 1224 RTS 0 total bytes 5001264 in_flight now 0 fair_inc 45563 prop_inc 84560 fast_inc 0 eta_inc 35164 multi_dec -119471 quick_dec -0 nack_dec -74700
Flow Uec_138_694 flowId 821 uecSrc 820 finished at 744.961 total messages 1 total packets 1224 RTS 0 total bytes 5001264 in_flight now 0 fair_inc 42611 prop_inc 91765 fast_inc 0 eta_inc 35164 multi_dec -178481 quick_dec -0 nack_dec -66400
Flow Uec_936_353 flowId 329 uecSrc 328 finished at 745.081 total messages 1 total packets 1224 RTS 0 total bytes 5001264 in_flight now 0 fair_inc 41735 prop_inc 80584 fast_inc 0 eta_inc 35760 multi_dec -206526 quick_dec -0 nack_dec -37350
Flow Uec_677_30 flowId 729 uecSrc 728 finished at 745.265 total messages 1 total packets 1224 RTS 0 total bytes 5001264 in_flight now 0 fair_inc 47322 prop_inc 79423 fast_inc 0 eta_inc 35164 multi_dec -160052 quick_dec -0 nack_dec -37350
Flow Uec_352_897 flowId 1002 uecSrc 1001 finished at 745.699 total messages 1 total packets 1224 RTS 0 total bytes 5001264 in_flight now 0 fair_inc 34301 prop_inc 84440 fast_inc 0 eta_inc 35164 multi_dec -148156 quick_dec -0 nack_dec -24900
Flow Uec_751_174 flowId 913 uecSrc 912 finished at 746.057 total messages 1 total packets 1224 RTS 0 total bytes 5001264 in_flight now 0 fair_inc 49757 prop_inc 89132 fast_inc 0 eta_inc 34568 multi_dec -205379 quick_dec -0 nack_dec -49800
Flow Uec_506_1032 flowId 1074 uecSrc 1073 finished at 746.097 total messages 1 total packets 1224 RTS 0 total bytes 5001264 in_flight now 0 fair_inc 38414 prop_inc 97455 fast_inc 0 eta_inc 35760 multi_dec -188135 quick_dec -0 nack_dec -53950
Flow Uec_509_1078 flowId 756 uecSrc 755 finished at 746.292 total messages 1 total packets 1224 RTS 0 total bytes 5001264 in_flight now 0 fair_inc 39048 prop_inc 87070 fast_inc 0 eta_inc 35164 multi_dec -162693 quick_dec -0 nack_dec -37350
Flow Uec_789_128 flowId 292 uecSrc 291 finished at 746.51 total messages 1 total packets 1224 RTS 0 total bytes 5001264 in_flight now 0 fair_inc 37793 prop_inc 88175 fast_inc 0 eta_inc 35164 multi_dec -163636 quick_dec -0 nack_dec -53950
Flow Uec_1007_469 flowId 407 uecSrc 406 finished at 746.546 total messages 1 total packets 1224 RTS 0 total bytes 5001264 in_flight now 0 fair_inc 42561 prop_inc 77149 fast_inc 0 eta_inc 35164 multi_dec -97712 quick_dec -0 nack_dec -66400
Flow Uec_481_970 flowId 636 uecSrc 635 finished at 747.203 total messages 1 total packets 1224 RTS 0 total bytes 5001264 in_flight now 0 fair_inc 44281 prop_inc 82437 fast_inc 0 eta_inc 35164 multi_dec -147469 quick_dec -0 nack_dec -24900
Flow Uec_729_104 flowId 781 uecSrc 780 finished at 747.403 total messages 1 total packets 1224 RTS 0 total bytes 5001264 in_flight now 0 fair_inc 54077 prop_inc 80388 fast_inc 0 eta_inc 35760 multi_dec -182551 quick_dec -0 nack_dec -41500
Flow Uec_455_963 flowId 1007 uecSrc 1006 finished at 748.04 total messages 1 total packets 1224 RTS 0 total bytes 5001264 in_flight now 0 fair_inc 29439 prop_inc 87640 fast_inc 0 eta_inc 35164 multi_dec -191556 quick_dec -0 nack_dec -29050
Flow Uec_171_680 flowId 695 uecSrc 694 finished at 748.127 total messages 1 total packets 1224 RTS 0 total bytes 5001264 in_flight now 0 fair_inc 60226 prop_inc 115155 fast_inc 0 eta_inc 35164 multi_dec -194400 quick_dec -0 nack_dec -53950
Flow Uec_196_643 flowId 122 uecSrc 121 finished at 748.131 total messages 1 total packets 1224 RTS 0 total bytes 5001264 in_flight now 0 fair_inc 54501 prop_inc 84781 fast_inc 0 eta_inc 35164 multi_dec -176677 quick_dec -0 nack_dec -37350
Flow Uec_11_524 flowId 565 uecSrc 564 finished at 748.554 total messages 1 total packets 1224 RTS 0 total bytes 5001264 in_flight now 0 fair_inc 38298 prop_inc 89353 fast_inc 0 eta_inc 35164 multi_dec -107637 quick_dec -0 nack_dec -58100
Flow Uec_820_297 flowId 1033 uecSrc 1032 finished at 748.626 total messages 1 total packets 1224 RTS 0 total bytes 5001264 in_flight now 0 fair_inc 41196 prop_inc 74529 fast_inc 0 eta_inc 35760 multi_dec -125951 quick_dec -0 nack_dec -53950
Flow Uec_442_964 flowId 375 uecSrc 374 finished at 748.78 total messages 1 total packets 1224 RTS 0 total bytes 5001264 in_flight now 0 fair_inc 32903 prop_inc 125410 fast_inc 0 eta_inc 34568 multi_dec -178901 quick_dec -0 nack_dec -49800
Flow Uec_1022_429 flowId 817 uecSrc 816 finished at 749.158 total messages 1 total packets 1224 RTS 0 total bytes 5001264 in_flight now 0 fair_inc 44600 prop_inc 98766 fast_inc 0 eta_inc 34568 multi_dec -168264 quick_dec -0 nack_dec -41500
Flow Uec_655_66 flowId 555 uecSrc 554 finished at 749.788 total messages 1 total packets 1224 RTS 0 total bytes 5001264 in_flight now 0 fair_inc 40290 prop_inc 98125 fast_inc 0 eta_inc 35164 multi_dec -142834 quick_dec -0 nack_dec -78850
Flow Uec_627_52 flowId 447 uecSrc 446 finished at 750.306 total messages 1 total packets 1224 RTS 0 total bytes 5001264 in_flight now 0 fair_inc 39392 prop_inc 96632 fast_inc 0 eta_inc 35164 multi_dec -170208 quick_dec -0 nack_dec -45650
Flow Uec_83_581 flowId 275 uecSrc 274 finished at 750.312 total messages 1 total packets 1224 RTS 0 total bytes 5001264 in_flight now 0 fair_inc 51489 prop_inc 106714 fast_inc 0 eta_inc 35164 multi_dec -169748 quick_dec -0 nack_dec -45650
Flow Uec_871_208 flowId 725 uecSrc 724 finished at 750.331 total messages 1 total packets 1224 RTS 0 total bytes 5001264 in_flight now 0 fair_inc 43798 prop_inc 90523 fast_inc 0 eta_inc 35760 multi_dec -173582 quick_dec -0 nack_dec -37350
Flow Uec_668_25 flowId 755 uecSrc 754 finished at 750.45 total messages 1 total packets 1224 RTS 0 total bytes 5001264 in_flight now 0 fair_inc 55719 prop_inc 91437 fast_inc 0 eta_inc 35164 multi_dec -137090 quick_dec -0 nack_dec -58100
Flow Uec_543_1021 flowId 121 uecSrc 120 finished at 750.971 total messages 1 total packets 1224 RTS 0 total bytes 5001264 in_flight now 0 fair_inc 40380 prop_inc 82463 fast_inc 0 eta_inc 35760 multi_dec -156243 quick_dec -0 nack_dec -58100
Flow Uec_1011_473 flowId 126 uecSrc 125 finished at 751.02 total messages 1 total packets 1224 RTS 0 total bytes 5001264 in_flight now 0 fair_inc 40909 prop_inc 101494 fast_inc 0 eta_inc 35760 multi_dec -170131 quick_dec -0 nack_dec -49800
Flow Uec_595_1059 flowId 320 uecSrc 319 finished at 751.09 total messages 1 total packets 1224 RTS 0 total bytes 5001264 in_flight now 0 fair_inc 26295 prop_inc 89227 fast_inc 0 eta_inc 35164 multi_dec -106876 quick_dec -0 nack_dec -58100
Flow Uec_1025_420 flowId 13 uecSrc 12 finished at 751.344 total messages 1 total packets 1224 RTS 0 total bytes 5001264 in_flight now 0 fair_inc 30187 prop_inc 91995 fast_inc 0 eta_inc 35760 multi_dec -166522 quick_dec -0 nack_dec -41500
Flow Uec_1072_487 flowId 581 uecSrc 580 finished at 751.561 total messages 1 total packets 1224 RTS 0 total bytes 5001264 in_flight now 0 fair_inc 53298 prop_inc 94125 fast_inc 0 eta_inc 35760 multi_dec -189233 quick_dec -0 nack_dec -53950
Flow Uec_391_873 flowId 459 uecSrc 458 finished at 751.627 total messages 1 total packets 1224 RTS 0 total bytes 5001264 in_flight now 0 fair_inc 28006 prop_inc 92887 fast_inc 0 eta_inc 35760 multi_dec -173359 quick_dec -0 nack_dec -33200
Flow Uec_29_542 flowId 832 uecSrc 831 finished at 751.889 total messages 1 total packets 1224 RTS 0 total bytes 5001264 in_flight now 0 fair_inc 27592 prop_inc 84115 fast_inc 0 eta_inc 35760 multi_dec -150221 quick_dec -0 nack_dec -45650
Flow Uec_699_50 flowId 54 uecSrc 53 finished at 752 total messages 1 total packets 1224 RTS 0 total bytes 5001264 in_flight now 0 fair_inc 60871 prop_inc 104643 fast_inc 0 eta_inc 34568 multi_dec -190656 quick_dec -0 nack_dec -62250
Flow Uec_876_226 flowId 151 uecSrc 150 finished at 752.05 total messages 1 total packets 1224 RTS 0 total bytes 5001264 in_flight now 0 fair_inc 33348 prop_inc 95276 fast_inc 0 eta_inc 34568 multi_dec -168997 quick_dec -0 nack_dec -37350
Flow Uec_691_23 flowId 357 uecSrc 356 finished at 752.112 total messages 1 total packets 1224 RTS 0 total bytes 5001264 in_flight now 0 fair_inc 38393 prop_inc 92948 fast_inc 0 eta_inc 35760 multi_dec -128892 quick_dec -0 nack_dec -45650
Flow Uec_969_352 flowId 489 uecSrc 488 finished at 752.165 total messages 1 total packets 1224 RTS 0 total bytes 5001264 in_flight now 0 fair_inc 35821 prop_inc 88369 fast_inc 0 eta_inc 35164 multi_dec -154975 quick_dec -0 nack_dec -70550
Flow Uec_996_336 flowId 32 uecSrc 31 finished at 752.963 total messages 1 total packets 1224 RTS 0 total bytes 5001264 in_flight now 0 fair_inc 65358 prop_inc 80431 fast_inc 0 eta_inc 35164 multi_dec -156576 quick_dec -0 nack_dec -45650
Flow Uec_133_662 flowId 694 uecSrc 693 finished at 753.067 total messages 1 total packets 1224 RTS 0 total bytes 5001264 in_flight now 0 fair_inc 41457 prop_inc 84712 fast_inc 0 eta_inc 35164 multi_dec -159505 quick_dec -0 nack_dec -24900
Flow Uec_159_659 flowId 835 uecSrc 834 finished at 753.68 total messages 1 total packets 1224 RTS 0 total bytes 5001264 in_flight now 0 fair_inc 29489 prop_inc 98684 fast_inc 0 eta_inc 35164 multi_dec -149755 quick_dec -0 nack_dec -33200
Flow Uec_799_109 flowId 1053 uecSrc 1052 finished at 753.715 total messages 1 total packets 1224 RTS 0 total bytes 5001264 in_flight now 0 fair_inc 42070 prop_inc 94513 fast_inc 0 eta_inc 35164 multi_dec -136045 quick_dec -0 nack_dec -45650
Flow Uec_619_65 flowId 1079 uecSrc 1078 finished at 753.816 total messages 1 total packets 1224 RTS 0 total bytes 5001264 in_flight now 0 fair_inc 38130 prop_inc 101452 fast_inc 0 eta_inc 35164 multi_dec -132982 quick_dec -0 nack_dec -41500
Flow Uec_608_37 flowId 519 uecSrc 518 finished at 754.149 total messages 1 total packets 1224 RTS 0 total bytes 5001264 in_flight now 0 fair_inc 38682 prop_inc 89273 fast_inc 0 eta_inc 35760 multi_dec -128199 quick_dec -0 nack_dec -37350
Flow Uec_912_379 flowId 45 uecSrc 44 finished at 754.169 total messages 1 total packets 1224 RTS 0 total bytes 5001264 in_flight now 0 fair_inc 35221 prop_inc 82599 fast_inc 0 eta_inc 35760 multi_dec -146741 quick_dec -0 nack_dec -45650
Flow Uec_1090_406 flowId 501 uecSrc 500 finished at 754.202 total messages 1 total packets 1224 RTS 0 total bytes 5001264 in_flight now 0 fair_inc 47406 prop_inc 93072 fast_inc 0 eta_inc 35164 multi_dec -153070 quick_dec -0 nack_dec -58100
Flow Uec_818_209 flowId 867 uecSrc 866 finished at 754.351 total messages 1 total packets 1224 RTS 0 total bytes 5001264 in_flight now 0 fair_inc 55709 prop_inc 93747 fast_inc 0 eta_inc 35760 multi_dec -136795 quick_dec -0 nack_dec -62250
Flow Uec_318_874 flowId 331 uecSrc 330 finished at 754.391 total messages 1 total packets 1224 RTS 0 total bytes 5001264 in_flight now 0 fair_inc 52805 prop_inc 92672 fast_inc 0 eta_inc 35760 multi_dec -159364 quick_dec -0 nack_dec -20750
Flow Uec_711_102 flowId 186 uecSrc 185 finished at 754.574 total messages 1 total packets 1224 RTS 0 total bytes 5001264 in_flight now 0 fair_inc 47400 prop_inc 95430 fast_inc 0 eta_inc 35164 multi_dec -149187 quick_dec -0 nack_dec -33200
Flow Uec_724_137 flowId 996 uecSrc 995 finished at 754.721 total messages 1 total packets 1224 RTS 0 total bytes 5001264 in_flight now 0 fair_inc 48657 prop_inc 96116 fast_inc 0 eta_inc 35760 multi_dec -150540 quick_dec -0 nack_dec -62250
Flow Uec_93_585 flowId 366 uecSrc 365 finished at 754.878 total messages 1 total packets 1224 RTS 0 total bytes 5001264 in_flight now 0 fair_inc 53704 prop_inc 82520 fast_inc 0 eta_inc 35760 multi_dec -209649 quick_dec -0 nack_dec -41500
Flow Uec_244_727 flowId 172 uecSrc 171 finished at 755.258 total messages 1 total packets 1224 RTS 0 total bytes 5001264 in_flight now 0 fair_inc 33510 prop_inc 93139 fast_inc 0 eta_inc 35760 multi_dec -150165 quick_dec -0 nack_dec -49800
Flow Uec_786_118 flowId 114 uecSrc 113 finished at 755.501 total messages 1 total packets 1224 RTS 0 total bytes 5001264 in_flight now 0 fair_inc 44198 prop_inc 89534 fast_inc 0 eta_inc 35164 multi_dec -169684 quick_dec -0 nack_dec -33200
Flow Uec_1095_439 flowId 12 uecSrc 11 finished at 755.68 total messages 1 total packets 1224 RTS 0 total bytes 5001264 in_flight now 0 fair_inc 34770 prop_inc 98497 fast_inc 0 eta_inc 35760 multi_dec -161210 quick_dec -0 nack_dec -45650
Flow Uec_843_224 flowId 732 uecSrc 731 finished at 755.695 total messages 1 total packets 1224 RTS 0 total bytes 5001264 in_flight now 0 fair_inc 43111 prop_inc 96560 fast_inc 0 eta_inc 35164 multi_dec -144376 quick_dec -0 nack_dec -45650
Flow Uec_217_760 flowId 445 uecSrc 444 finished at 756.079 total messages 1 total packets 1224 RTS 0 total bytes 5001264 in_flight now 0 fair_inc 44533 prop_inc 105380 fast_inc 0 eta_inc 35760 multi_dec -182967 quick_dec -0 nack_dec -41500
Flow Uec_411_993 flowId 1011 uecSrc 1010 finished at 756.273 total messages 1 total packets 1224 RTS 0 total bytes 5001264 in_flight now 0 fair_inc 37018 prop_inc 83673 fast_inc 0 eta_inc 35760 multi_dec -156188 quick_dec -0 nack_dec -33200
Flow Uec_650_39 flowId 842 uecSrc 841 finished at 756.276 total messages 1 total packets 1224 RTS 0 total bytes 5001264 in_flight now 0 fair_inc 41070 prop_inc 98863 fast_inc 0 eta_inc 35760 multi_dec -158812 quick_dec -0 nack_dec -29050
Flow Uec_656_84 flowId 877 uecSrc 876 finished at 756.437 total messages 1 total packets 1224 RTS 0 total bytes 5001264 in_flight now 0 fair_inc 29701 prop_inc 95782 fast_inc 0 eta_inc 35164 multi_dec -150419 quick_dec -0 nack_dec -49800
Flow Uec_107_623 flowId 477 uecSrc 476 finished at 756.525 total messages 1 total packets 1224 RTS 0 total bytes 5001264 in_flight now 0 fair_inc 36117 prop_inc 85357 fast_inc 0 eta_inc 36356 multi_dec -149651 quick_dec -0 nack_dec -37350
Flow Uec_781_106 flowId 247 uecSrc 246 finished at 756.616 total messages 1 total packets 1224 RTS 0 total bytes 5001264 in_flight now 0 fair_inc 35226 prop_inc 100991 fast_inc 0 eta_inc 35760 multi_dec -115948 quick_dec -0 nack_dec -49800
Flow Uec_777_161 flowId 103 uecSrc 102 finished at 756.664 total messages 1 total packets 1224 RTS 0 total bytes 5001264 in_flight now 0 fair_inc 36816 prop_inc 97491 fast_inc 0 eta_inc 35760 multi_dec -154688 quick_dec -0 nack_dec -37350
Flow Uec_937_384 flowId 670 uecSrc 669 finished at 756.859 total messages 1 total packets 1224 RTS 0 total bytes 5001264 in_flight now 0 fair_inc 27762 prop_inc 101673 fast_inc 0 eta_inc 35760 multi_dec -144810 quick_dec -0 nack_dec -41500
Flow Uec_1000_428 flowId 548 uecSrc 547 finished at 756.934 total messages 1 total packets 1224 RTS 0 total bytes 5001264 in_flight now 0 fair_inc 49769 prop_inc 88580 fast_inc 0 eta_inc 36356 multi_dec -151463 quick_dec -0 nack_dec -53950
Flow Uec_884_213 flowId 392 uecSrc 391 finished at 757.092 total messages 1 total packets 1224 RTS 0 total bytes 5001264 in_flight now 0 fair_inc 38804 prop_inc 89362 fast_inc 0 eta_inc 35760 multi_dec -116174 quick_dec -0 nack_dec -49800
Flow Uec_167_608 flowId 97 uecSrc 96 finished at 757.443 total messages 1 total packets 1224 RTS 0 total bytes 5001264 in_flight now 0 fair_inc 24580 prop_inc 105394 fast_inc 0 eta_inc 36356 multi_dec -173308 quick_dec -0 nack_dec -33200
Flow Uec_704_157 flowId 437 uecSrc 436 finished at 757.472 total messages 1 total packets 1224 RTS 0 total bytes 5001264 in_flight now 0 fair_inc 54701 prop_inc 82809 fast_inc 0 eta_inc 36356 multi_dec -130695 quick_dec -0 nack_dec -66400
Flow Uec_830_263 flowId 949 uecSrc 948 finished at 757.489 total messages 1 total packets 1224 RTS 0 total bytes 5001264 in_flight now 0 fair_inc 57618 prop_inc 82332 fast_inc 0 eta_inc 35760 multi_dec -187065 quick_dec -0 nack_dec -37350
Flow Uec_342_870 flowId 768 uecSrc 767 finished at 757.593 total messages 1 total packets 1224 RTS 0 total bytes 5001264 in_flight now 0 fair_inc 49072 prop_inc 105098 fast_inc 0 eta_inc 35164 multi_dec -179517 quick_dec -0 nack_dec -53950
Flow Uec_78_556 flowId 540 uecSrc 539 finished at 757.898 total messages 1 total packets 1224 RTS 0 total bytes 5001264 in_flight now 0 fair_inc 41942 prop_inc 92255 fast_inc 0 eta_inc 35760 multi_dec -141887 quick_dec -0 nack_dec -45650
Flow Uec_182_617 flowId 1021 uecSrc 1020 finished at 758.015 total messages 1 total packets 1224 RTS 0 total bytes 5001264 in_flight now 0 fair_inc 53857 prop_inc 85081 fast_inc 0 eta_inc 35760 multi_dec -153461 quick_dec -0 nack_dec -49800
Flow Uec_1015_462 flowId 388 uecSrc 387 finished at 758.379 total messages 1 total packets 1224 RTS 0 total bytes 5001264 in_flight now 0 fair_inc 43594 prop_inc 100108 fast_inc 0 eta_inc 35760 multi_dec -143092 quick_dec -0 nack_dec -53950
Flow Uec_670_46 flowId 441 uecSrc 440 finished at 758.501 total messages 1 total packets 1224 RTS 0 total bytes 5001264 in_flight now 0 fair_inc 33874 prop_inc 99616 fast_inc 0 eta_inc 36356 multi_dec -197014 quick_dec -0 nack_dec -41500
Flow Uec_697_22 flowId 128 uecSrc 127 finished at 758.834 total messages 1 total packets 1224 RTS 0 total bytes 5001264 in_flight now 0 fair_inc 48335 prop_inc 94180 fast_inc 0 eta_inc 36356 multi_dec -189990 quick_dec -0 nack_dec -33200
Flow Uec_1082_485 flowId 876 uecSrc 875 finished at 758.976 total messages 1 total packets 1224 RTS 0 total bytes 5001264 in_flight now 0 fair_inc 43263 prop_inc 85196 fast_inc 0 eta_inc 35760 multi_dec -188588 quick_dec -0 nack_dec -33200
Flow Uec_339_804 flowId 1049 uecSrc 1048 finished at 759.413 total messages 1 total packets 1224 RTS 0 total bytes 5001264 in_flight now 0 fair_inc 57679 prop_inc 71652 fast_inc 0 eta_inc 35760 multi_dec -134289 quick_dec -0 nack_dec -41500
Flow Uec_812_214 flowId 611 uecSrc 610 finished at 759.486 total messages 1 total packets 1224 RTS 0 total bytes 5001264 in_flight now 0 fair_inc 35625 prop_inc 96708 fast_inc 0 eta_inc 35760 multi_dec -132812 quick_dec -0 nack_dec -66400
Flow Uec_924_397 flowId 481 uecSrc 480 finished at 759.56 total messages 1 total packets 1224 RTS 0 total bytes 5001264 in_flight now 0 fair_inc 33804 prop_inc 84435 fast_inc 0 eta_inc 35760 multi_dec -128890 quick_dec -0 nack_dec -41500
Flow Uec_795_190 flowId 77 uecSrc 76 finished at 759.566 total messages 1 total packets 1224 RTS 0 total bytes 5001264 in_flight now 0 fair_inc 54877 prop_inc 89904 fast_inc 0 eta_inc 35760 multi_dec -144349 quick_dec -0 nack_dec -62250
Flow Uec_430_962 flowId 655 uecSrc 654 finished at 759.637 total messages 1 total packets 1224 RTS 0 total bytes 5001264 in_flight now 0 fair_inc 47029 prop_inc 102873 fast_inc 0 eta_inc 35760 multi_dec -147146 quick_dec -0 nack_dec -53950
Flow Uec_394_862 flowId 378 uecSrc 377 finished at 760.004 total messages 1 total packets 1224 RTS 0 total bytes 5001264 in_flight now 0 fair_inc 27332 prop_inc 107192 fast_inc 0 eta_inc 35760 multi_dec -97480 quick_dec -0 nack_dec -70550
Flow Uec_589_1072 flowId 184 uecSrc 183 finished at 760.079 total messages 1 total packets 1224 RTS 0 total bytes 5001264 in_flight now 0 fair_inc 65754 prop_inc 78817 fast_inc 0 eta_inc 35760 multi_dec -202645 quick_dec -0 nack_dec -41500
Flow Uec_895_289 flowId 613 uecSrc 612 finished at 760.264 total messages 1 total packets 1224 RTS 0 total bytes 5001264 in_flight now 0 fair_inc 37393 prop_inc 93148 fast_inc 0 eta_inc 35164 multi_dec -130561 quick_dec -0 nack_dec -45650
Flow Uec_762_123 flowId 300 uecSrc 299 finished at 760.268 total messages 1 total packets 1224 RTS 0 total bytes 5001264 in_flight now 0 fair_inc 42527 prop_inc 82313 fast_inc 0 eta_inc 35760 multi_dec -166084 quick_dec -0 nack_dec -24900
Flow Uec_1079_435 flowId 82 uecSrc 81 finished at 760.328 total messages 1 total packets 1224 RTS 0 total bytes 5001264 in_flight now 0 fair_inc 52616 prop_inc 80494 fast_inc 0 eta_inc 35164 multi_dec -150659 quick_dec -0 nack_dec -37350
Flow Uec_502_1098 flowId 585 uecSrc 584 finished at 760.39 total messages 1 total packets 1224 RTS 0 total bytes 5001264 in_flight now 0 fair_inc 42565 prop_inc 102441 fast_inc 0 eta_inc 35760 multi_dec -177006 quick_dec -0 nack_dec -49800
Flow Uec_216_750 flowId 628 uecSrc 627 finished at 760.393 total messages 1 total packets 1224 RTS 0 total bytes 5001264 in_flight now 0 fair_inc 46462 prop_inc 98397 fast_inc 0 eta_inc 36356 multi_dec -166948 quick_dec -0 nack_dec -33200
Flow Uec_1076_494 flowId 439 uecSrc 438 finished at 760.425 total messages 1 total packets 1224 RTS 0 total bytes 5001264 in_flight now 0 fair_inc 43762 prop_inc 77009 fast_inc 0 eta_inc 36356 multi_dec -142764 quick_dec -0 nack_dec -41500
Flow Uec_80_547 flowId 280 uecSrc 279 finished at 760.454 total messages 1 total packets 1224 RTS 0 total bytes 5001264 in_flight now 0 fair_inc 49909 prop_inc 99067 fast_inc 0 eta_inc 36356 multi_dec -178591 quick_dec -0 nack_dec -45650
Flow Uec_348_816 flowId 808 uecSrc 807 finished at 761.302 total messages 1 total packets 1224 RTS 0 total bytes 5001264 in_flight now 0 fair_inc 36403 prop_inc 90887 fast_inc 0 eta_inc 36356 multi_dec -151190 quick_dec -0 nack_dec -33200
Flow Uec_344_855 flowId 345 uecSrc 344 finished at 761.385 total messages 1 total packets 1224 RTS 0 total bytes 5001264 in_flight now 0 fair_inc 45986 prop_inc 95194 fast_inc 0 eta_inc 35760 multi_dec -128689 quick_dec -0 nack_dec -49800
Flow Uec_701_127 flowId 746 uecSrc 745 finished at 761.748 total messages 1 total packets 1224 RTS 0 total bytes 5001264 in_flight now 0 fair_inc 60888 prop_inc 111324 fast_inc 0 eta_inc 36356 multi_dec -228319 quick_dec -0 nack_dec -37350
Flow Uec_288_793 flowId 384 uecSrc 383 finished at 762.404 total messages 1 total packets 1224 RTS 0 total bytes 5001264 in_flight now 0 fair_inc 36804 prop_inc 96984 fast_inc 0 eta_inc 35760 multi_dec -154104 quick_dec -0 nack_dec -49800
Flow Uec_522_1069 flowId 625 uecSrc 624 finished at 762.491 total messages 1 total packets 1224 RTS 0 total bytes 5001264 in_flight now 0 fair_inc 43096 prop_inc 100228 fast_inc 0 eta_inc 35760 multi_dec -218377 quick_dec -0 nack_dec -29050
Flow Uec_222_725 flowId 909 uecSrc 908 finished at 762.859 total messages 1 total packets 1224 RTS 0 total bytes 5001264 in_flight now 0 fair_inc 42431 prop_inc 105364 fast_inc 0 eta_inc 36356 multi_dec -199603 quick_dec -0 nack_dec -33200
Flow Uec_482_946 flowId 180 uecSrc 179 finished at 762.986 total messages 1 total packets 1224 RTS 0 total bytes 5001264 in_flight now 0 fair_inc 40579 prop_inc 96216 fast_inc 0 eta_inc 35760 multi_dec -166046 quick_dec -0 nack_dec -29050
Flow Uec_931_323 flowId 1055 uecSrc 1054 finished at 763.338 total messages 1 total packets 1224 RTS 0 total bytes 5001264 in_flight now 0 fair_inc 37655 prop_inc 94597 fast_inc 0 eta_inc 35760 multi_dec -182417 quick_dec -0 nack_dec -33200
Flow Uec_166_670 flowId 621 uecSrc 620 finished at 763.45 total messages 1 total packets 1224 RTS 0 total bytes 5001264 in_flight now 0 fair_inc 44412 prop_inc 111273 fast_inc 0 eta_inc 36356 multi_dec -168716 quick_dec -0 nack_dec -45650
Flow Uec_604_85 flowId 346 uecSrc 345 finished at 763.59 total messages 1 total packets 1224 RTS 0 total bytes 5001264 in_flight now 0 fair_inc 45197 prop_inc 85386 fast_inc 0 eta_inc 36356 multi_dec -140412 quick_dec -0 nack_dec -33200
Flow Uec_20_599 flowId 811 uecSrc 810 finished at 763.755 total messages 1 total packets 1224 RTS 0 total bytes 5001264 in_flight now 0 fair_inc 42916 prop_inc 97484 fast_inc 0 eta_inc 35760 multi_dec -122257 quick_dec -0 nack_dec -53950
Flow Uec_58_591 flowId 401 uecSrc 400 finished at 763.76 total messages 1 total packets 1224 RTS 0 total bytes 5001264 in_flight now 0 fair_inc 22347 prop_inc 100091 fast_inc 0 eta_inc 36356 multi_dec -171551 quick_dec -0 nack_dec -33200
Flow Uec_1017_463 flowId 926 uecSrc 925 finished at 764.272 total messages 1 total packets 1224 RTS 0 total bytes 5001264 in_flight now 0 fair_inc 55870 prop_inc 88638 fast_inc 0 eta_inc 36356 multi_dec -173501 quick_dec -0 nack_dec -37350
Flow Uec_993_316 flowId 523 uecSrc 522 finished at 764.512 total messages 1 total packets 1224 RTS 0 total bytes 5001264 in_flight now 0 fair_inc 38152 prop_inc 98426 fast_inc 0 eta_inc 36952 multi_dec -158133 quick_dec -0 nack_dec -41500
Flow Uec_806_283 flowId 373 uecSrc 372 finished at 764.669 total messages 1 total packets 1224 RTS 0 total bytes 5001264 in_flight now 0 fair_inc 37808 prop_inc 86506 fast_inc 0 eta_inc 35760 multi_dec -148079 quick_dec -0 nack_dec -24900
Flow Uec_213_707 flowId 861 uecSrc 860 finished at 764.909 total messages 1 total packets 1224 RTS 0 total bytes 5001264 in_flight now 0 fair_inc 47539 prop_inc 89390 fast_inc 0 eta_inc 36356 multi_dec -161726 quick_dec -0 nack_dec -41500
Flow Uec_499_959 flowId 92 uecSrc 91 finished at 765.118 total messages 1 total packets 1224 RTS 0 total bytes 5001264 in_flight now 0 fair_inc 41317 prop_inc 101698 fast_inc 0 eta_inc 36356 multi_dec -138797 quick_dec -0 nack_dec -58100
Flow Uec_823_251 flowId 840 uecSrc 839 finished at 765.178 total messages 1 total packets 1224 RTS 0 total bytes 5001264 in_flight now 0 fair_inc 38283 prop_inc 101052 fast_inc 0 eta_inc 36356 multi_dec -162264 quick_dec -0 nack_dec -37350
Flow Uec_201_708 flowId 902 uecSrc 901 finished at 765.213 total messages 1 total packets 1224 RTS 0 total bytes 5001264 in_flight now 0 fair_inc 30312 prop_inc 108042 fast_inc 0 eta_inc 35760 multi_dec -137319 quick_dec -0 nack_dec -33200
Flow Uec_976_372 flowId 294 uecSrc 293 finished at 765.484 total messages 1 total packets 1224 RTS 0 total bytes 5001264 in_flight now 0 fair_inc 70285 prop_inc 80313 fast_inc 0 eta_inc 35760 multi_dec -177824 quick_dec -0 nack_dec -58100
Flow Uec_189_683 flowId 900 uecSrc 899 finished at 765.553 total messages 1 total packets 1224 RTS 0 total bytes 5001264 in_flight now 0 fair_inc 24563 prop_inc 117569 fast_inc 0 eta_inc 35760 multi_dec -156011 quick_dec -0 nack_dec -70550
Flow Uec_1063_454 flowId 115 uecSrc 114 finished at 765.761 total messages 1 total packets 1224 RTS 0 total bytes 5001264 in_flight now 0 fair_inc 37912 prop_inc 98311 fast_inc 0 eta_inc 36356 multi_dec -156895 quick_dec -0 nack_dec -29050
Flow Uec_459_990 flowId 315 uecSrc 314 finished at 765.924 total messages 1 total packets 1224 RTS 0 total bytes 5001264 in_flight now 0 fair_inc 25250 prop_inc 115440 fast_inc 0 eta_inc 35760 multi_dec -203801 quick_dec -0 nack_dec -49800
Flow Uec_1045_478 flowId 202 uecSrc 201 finished at 766.035 total messages 1 total packets 1224 RTS 0 total bytes 5001264 in_flight now 0 fair_inc 50785 prop_inc 105100 fast_inc 0 eta_inc 35760 multi_dec -155502 quick_dec -0 nack_dec -45650
Flow Uec_685_44 flowId 387 uecSrc 386 finished at 766.267 total messages 1 total packets 1224 RTS 0 total bytes 5001264 in_flight now 0 fair_inc 39534 prop_inc 103262 fast_inc 0 eta_inc 35760 multi_dec -160423 quick_dec -0 nack_dec -70550
Flow Uec_542_1095 flowId 277 uecSrc 276 finished at 766.304 total messages 1 total packets 1224 RTS 0 total bytes 5001264 in_flight now 0 fair_inc 48853 prop_inc 82417 fast_inc 0 eta_inc 35760 multi_dec -138447 quick_dec -0 nack_dec -45650
Flow Uec_102_661 flowId 497 uecSrc 496 finished at 766.323 total messages 1 total packets 1224 RTS 0 total bytes 5001264 in_flight now 0 fair_inc 54016 prop_inc 96258 fast_inc 0 eta_inc 35760 multi_dec -130335 quick_dec -0 nack_dec -66400
Flow Uec_983_335 flowId 807 uecSrc 806 finished at 766.326 total messages 1 total packets 1224 RTS 0 total bytes 5001264 in_flight now 0 fair_inc 61930 prop_inc 92179 fast_inc 0 eta_inc 35760 multi_dec -156818 quick_dec -0 nack_dec -74700
Flow Uec_241_787 flowId 1008 uecSrc 1007 finished at 766.462 total messages 1 total packets 1224 RTS 0 total bytes 5001264 in_flight now 0 fair_inc 49208 prop_inc 101809 fast_inc 0 eta_inc 36356 multi_dec -185614 quick_dec -0 nack_dec -45650
Flow Uec_147_650 flowId 302 uecSrc 301 finished at 766.784 total messages 1 total packets 1224 RTS 0 total bytes 5001264 in_flight now 0 fair_inc 42111 prop_inc 92674 fast_inc 0 eta_inc 35760 multi_dec -137335 quick_dec -0 nack_dec -53950
Flow Uec_179_626 flowId 42 uecSrc 41 finished at 767.167 total messages 1 total packets 1224 RTS 0 total bytes 5001264 in_flight now 0 fair_inc 50931 prop_inc 95057 fast_inc 0 eta_inc 36356 multi_dec -148941 quick_dec -0 nack_dec -78850
Flow Uec_378_842 flowId 631 uecSrc 630 finished at 767.221 total messages 1 total packets 1224 RTS 0 total bytes 5001264 in_flight now 0 fair_inc 61372 prop_inc 96693 fast_inc 0 eta_inc 35760 multi_dec -151890 quick_dec -0 nack_dec -62250
Flow Uec_678_41 flowId 793 uecSrc 792 finished at 767.361 total messages 1 total packets 1224 RTS 0 total bytes 5001264 in_flight now 0 fair_inc 51204 prop_inc 85406 fast_inc 0 eta_inc 35760 multi_dec -143480 quick_dec -0 nack_dec -58100
Flow Uec_429_926 flowId 553 uecSrc 552 finished at 767.436 total messages 1 total packets 1224 RTS 0 total bytes 5001264 in_flight now 0 fair_inc 34383 prop_inc 99481 fast_inc 0 eta_inc 35760 multi_dec -161194 quick_dec -0 nack_dec -45650
Flow Uec_1068_468 flowId 1070 uecSrc 1069 finished at 767.481 total messages 1 total packets 1224 RTS 0 total bytes 5001264 in_flight now 0 fair_inc 41437 prop_inc 81626 fast_inc 0 eta_inc 36356 multi_dec -141308 quick_dec -0 nack_dec -37350
Flow Uec_381_882 flowId 827 uecSrc 826 finished at 767.587 total messages 1 total packets 1224 RTS 0 total bytes 5001264 in_flight now 0 fair_inc 55002 prop_inc 97669 fast_inc 0 eta_inc 36356 multi_dec -146189 quick_dec -0 nack_dec -53950
Flow Uec_1053_448 flowId 925 uecSrc 924 finished at 767.595 total messages 1 total packets 1224 RTS 0 total bytes 5001264 in_flight now 0 fair_inc 38601 prop_inc 94162 fast_inc 0 eta_inc 35760 multi_dec -154408 quick_dec -0 nack_dec -41500
Flow Uec_545_1022 flowId 314 uecSrc 313 finished at 767.781 total messages 1 total packets 1224 RTS 0 total bytes 5001264 in_flight now 0 fair_inc 24332 prop_inc 97450 fast_inc 0 eta_inc 35760 multi_dec -149864 quick_dec -0 nack_dec -41500
Flow Uec_423_915 flowId 79 uecSrc 78 finished at 767.874 total messages 1 total packets 1224 RTS 0 total bytes 5001264 in_flight now 0 fair_inc 33189 prop_inc 108630 fast_inc 0 eta_inc 35760 multi_dec -131489 quick_dec -0 nack_dec -91300
Flow Uec_331_802 flowId 582 uecSrc 581 finished at 767.914 total messages 1 total packets 1224 RTS 0 total bytes 5001264 in_flight now 0 fair_inc 62889 prop_inc 85909 fast_inc 0 eta_inc 36356 multi_dec -113419 quick_dec -0 nack_dec -66400
Flow Uec_792_113 flowId 1059 uecSrc 1058 finished at 768.042 total messages 1 total packets 1224 RTS 0 total bytes 5001264 in_flight now 0 fair_inc 50990 prop_inc 96237 fast_inc 0 eta_inc 35760 multi_dec -199482 quick_dec -0 nack_dec -53950
Flow Uec_227_751 flowId 833 uecSrc 832 finished at 768.307 total messages 1 total packets 1224 RTS 0 total bytes 5001264 in_flight now 0 fair_inc 36457 prop_inc 118496 fast_inc 0 eta_inc 36356 multi_dec -171965 quick_dec -0 nack_dec -37350
Flow Uec_30_568 flowId 317 uecSrc 316 finished at 768.672 total messages 1 total packets 1224 RTS 0 total bytes 5001264 in_flight now 0 fair_inc 50493 prop_inc 76821 fast_inc 0 eta_inc 35760 multi_dec -125955 quick_dec -0 nack_dec -41500
Flow Uec_950_318 flowId 41 uecSrc 40 finished at 768.704 total messages 1 total packets 1224 RTS 0 total bytes 5001264 in_flight now 0 fair_inc 46551 prop_inc 95122 fast_inc 0 eta_inc 35760 multi_dec -164219 quick_dec -0 nack_dec -33200
Flow Uec_52_560 flowId 995 uecSrc 994 finished at 769.376 total messages 1 total packets 1224 RTS 0 total bytes 5001264 in_flight now 0 fair_inc 43389 prop_inc 97663 fast_inc 0 eta_inc 36356 multi_dec -154425 quick_dec -0 nack_dec -62250
Flow Uec_719_182 flowId 456 uecSrc 455 finished at 769.493 total messages 1 total packets 1224 RTS 0 total bytes 5001264 in_flight now 0 fair_inc 39964 prop_inc 80209 fast_inc 0 eta_inc 36356 multi_dec -155043 quick_dec -0 nack_dec -41500
Flow Uec_749_153 flowId 84 uecSrc 83 finished at 769.884 total messages 1 total packets 1224 RTS 0 total bytes 5001264 in_flight now 0 fair_inc 49526 prop_inc 98905 fast_inc 0 eta_inc 36356 multi_dec -183289 quick_dec -0 nack_dec -45650
Flow Uec_207_718 flowId 1029 uecSrc 1028 finished at 769.958 total messages 1 total packets 1224 RTS 0 total bytes 5001264 in_flight now 0 fair_inc 40469 prop_inc 102590 fast_inc 0 eta_inc 36356 multi_dec -150751 quick_dec -0 nack_dec -37350
Flow Uec_1032_400 flowId 954 uecSrc 953 finished at 770 total messages 1 total packets 1224 RTS 0 total bytes 5001264 in_flight now 0 fair_inc 60779 prop_inc 78249 fast_inc 0 eta_inc 36356 multi_dec -137674 quick_dec -0 nack_dec -41500
Flow Uec_330_833 flowId 831 uecSrc 830 finished at 770.02 total messages 1 total packets 1224 RTS 0 total bytes 5001264 in_flight now 0 fair_inc 60078 prop_inc 89048 fast_inc 0 eta_inc 36952 multi_dec -146165 quick_dec -0 nack_dec -53950
Flow Uec_24_579 flowId 64 uecSrc 63 finished at 770.489 total messages 1 total packets 1224 RTS 0 total bytes 5001264 in_flight now 0 fair_inc 57264 prop_inc 89856 fast_inc 0 eta_inc 36356 multi_dec -187423 quick_dec -0 nack_dec -24900
Flow Uec_591_1068 flowId 191 uecSrc 190 finished at 770.546 total messages 1 total packets 1224 RTS 0 total bytes 5001264 in_flight now 0 fair_inc 51648 prop_inc 93139 fast_inc 0 eta_inc 36356 multi_dec -159538 quick_dec -0 nack_dec -49800
Flow Uec_911_343 flowId 268 uecSrc 267 finished at 770.714 total messages 1 total packets 1224 RTS 0 total bytes 5001264 in_flight now 0 fair_inc 50987 prop_inc 88188 fast_inc 0 eta_inc 36356 multi_dec -156530 quick_dec -0 nack_dec -53950
Flow Uec_860_221 flowId 273 uecSrc 272 finished at 771.049 total messages 1 total packets 1224 RTS 0 total bytes 5001264 in_flight now 0 fair_inc 48719 prop_inc 102203 fast_inc 0 eta_inc 36356 multi_dec -186222 quick_dec -0 nack_dec -41500
Flow Uec_124_689 flowId 885 uecSrc 884 finished at 771.19 total messages 1 total packets 1224 RTS 0 total bytes 5001264 in_flight now 0 fair_inc 39203 prop_inc 93121 fast_inc 0 eta_inc 36952 multi_dec -147225 quick_dec -0 nack_dec -41500
Flow Uec_620_75 flowId 520 uecSrc 519 finished at 771.257 total messages 1 total packets 1224 RTS 0 total bytes 5001264 in_flight now 0 fair_inc 40209 prop_inc 109579 fast_inc 0 eta_inc 36952 multi_dec -140239 quick_dec -0 nack_dec -62250
Flow Uec_310_820 flowId 1000 uecSrc 999 finished at 771.362 total messages 1 total packets 1224 RTS 0 total bytes 5001264 in_flight now 0 fair_inc 45610 prop_inc 93312 fast_inc 0 eta_inc 36356 multi_dec -148164 quick_dec -0 nack_dec -53950
Flow Uec_119_641 flowId 705 uecSrc 704 finished at 771.376 total messages 1 total packets 1224 RTS 0 total bytes 5001264 in_flight now 0 fair_inc 54711 prop_inc 90873 fast_inc 0 eta_inc 36356 multi_dec -144899 quick_dec -0 nack_dec -41500
Flow Uec_295_758 flowId 8 uecSrc 7 finished at 771.433 total messages 1 total packets 1224 RTS 0 total bytes 5001264 in_flight now 0 fair_inc 40001 prop_inc 96510 fast_inc 0 eta_inc 35760 multi_dec -120596 quick_dec -0 nack_dec -49800
Flow Uec_1031_442 flowId 1015 uecSrc 1014 finished at 771.516 total messages 1 total packets 1224 RTS 0 total bytes 5001264 in_flight now 0 fair_inc 57204 prop_inc 89327 fast_inc 0 eta_inc 36356 multi_dec -184183 quick_dec -0 nack_dec -33200
Flow Uec_819_268 flowId 149 uecSrc 148 finished at 771.574 total messages 1 total packets 1224 RTS 0 total bytes 5001264 in_flight now 0 fair_inc 33426 prop_inc 98675 fast_inc 0 eta_inc 36356 multi_dec -147307 quick_dec -0 nack_dec -49800
Flow Uec_1044_482 flowId 265 uecSrc 264 finished at 771.788 total messages 1 total packets 1224 RTS 0 total bytes 5001264 in_flight now 0 fair_inc 41347 prop_inc 97897 fast_inc 0 eta_inc 36952 multi_dec -168993 quick_dec -0 nack_dec -45650
Flow Uec_98_511 flowId 681 uecSrc 680 finished at 771.929 total messages 1 total packets 1224 RTS 0 total bytes 5001264 in_flight now 0 fair_inc 48322 prop_inc 99354 fast_inc 0 eta_inc 36356 multi_dec -152840 quick_dec -0 nack_dec -45650
Flow Uec_440_916 flowId 369 uecSrc 368 finished at 771.98 total messages 1 total packets 1224 RTS 0 total bytes 5001264 in_flight now 0 fair_inc 34501 prop_inc 96495 fast_inc 0 eta_inc 36356 multi_dec -173008 quick_dec -0 nack_dec -24900
Flow Uec_476_924 flowId 966 uecSrc 965 finished at 772.068 total messages 1 total packets 1224 RTS 0 total bytes 5001264 in_flight now 0 fair_inc 43156 prop_inc 112774 fast_inc 0 eta_inc 35760 multi_dec -181099 quick_dec -0 nack_dec -66400
Flow Uec_563_1073 flowId 423 uecSrc 422 finished at 772.378 total messages 1 total packets 1224 RTS 0 total bytes 5001264 in_flight now 0 fair_inc 33726 prop_inc 109530 fast_inc 0 eta_inc 36356 multi_dec -213339 quick_dec -0 nack_dec -49800
Flow Uec_64_529 flowId 1083 uecSrc 1082 finished at 772.423 total messages 1 total packets 1224 RTS 0 total bytes 5001264 in_flight now 0 fair_inc 50299 prop_inc 84298 fast_inc 0 eta_inc 35760 multi_dec -164875 quick_dec -0 nack_dec -45650
Flow Uec_41_597 flowId 431 uecSrc 430 finished at 772.47 total messages 1 total packets 1224 RTS 0 total bytes 5001264 in_flight now 0 fair_inc 26293 prop_inc 114512 fast_inc 0 eta_inc 36952 multi_dec -180874 quick_dec -0 nack_dec -33200
Flow Uec_472_940 flowId 348 uecSrc 347 finished at 772.519 total messages 1 total packets 1224 RTS 0 total bytes 5001264 in_flight now 0 fair_inc 29356 prop_inc 112644 fast_inc 0 eta_inc 35760 multi_dec -162322 quick_dec -0 nack_dec -83000
Flow Uec_485_952 flowId 434 uecSrc 433 finished at 772.695 total messages 1 total packets 1224 RTS 0 total bytes 5001264 in_flight now 0 fair_inc 39614 prop_inc 92124 fast_inc 0 eta_inc 36356 multi_dec -167114 quick_dec -0 nack_dec -33200
Flow Uec_797_139 flowId 904 uecSrc 903 finished at 772.759 total messages 1 total packets 1224 RTS 0 total bytes 5001264 in_flight now 0 fair_inc 60855 prop_inc 104833 fast_inc 0 eta_inc 36356 multi_dec -187627 quick_dec -0 nack_dec -49800
Flow Uec_117_630 flowId 786 uecSrc 785 finished at 773.117 total messages 1 total packets 1224 RTS 0 total bytes 5001264 in_flight now 0 fair_inc 38247 prop_inc 88129 fast_inc 0 eta_inc 36952 multi_dec -153230 quick_dec -0 nack_dec -45650
Flow Uec_696_33 flowId 361 uecSrc 360 finished at 773.445 total messages 1 total packets 1224 RTS 0 total bytes 5001264 in_flight now 0 fair_inc 37633 prop_inc 114657 fast_inc 0 eta_inc 36952 multi_dec -192809 quick_dec -0 nack_dec -53950
Flow Uec_409_934 flowId 589 uecSrc 588 finished at 773.545 total messages 1 total packets 1224 RTS 0 total bytes 5001264 in_flight now 0 fair_inc 38362 prop_inc 116355 fast_inc 0 eta_inc 36356 multi_dec -197373 quick_dec -0 nack_dec -45650
Flow Uec_995_374 flowId 868 uecSrc 867 finished at 773.589 total messages 1 total packets 1224 RTS 0 total bytes 5001264 in_flight now 0 fair_inc 49748 prop_inc 77115 fast_inc 0 eta_inc 36356 multi_dec -144445 quick_dec -0 nack_dec -45650
Flow Uec_404_983 flowId 898 uecSrc 897 finished at 773.638 total messages 1 total packets 1224 RTS 0 total bytes 5001264 in_flight now 0 fair_inc 25748 prop_inc 98709 fast_inc 0 eta_inc 36952 multi_dec -136194 quick_dec -0 nack_dec -37350
Flow Uec_87_504 flowId 963 uecSrc 962 finished at 773.761 total messages 1 total packets 1224 RTS 0 total bytes 5001264 in_flight now 0 fair_inc 42778 prop_inc 85063 fast_inc 0 eta_inc 35760 multi_dec -165769 quick_dec -0 nack_dec -45650
Flow Uec_798_150 flowId 356 uecSrc 355 finished at 773.773 total messages 1 total packets 1224 RTS 0 total bytes 5001264 in_flight now 0 fair_inc 55117 prop_inc 91080 fast_inc 0 eta_inc 36356 multi_dec -153368 quick_dec -0 nack_dec -58100
Flow Uec_139_671 flowId 333 uecSrc 332 finished at 773.833 total messages 1 total packets 1224 RTS 0 total bytes 5001264 in_flight now 0 fair_inc 33086 prop_inc 85929 fast_inc 0 eta_inc 37548 multi_dec -142115 quick_dec -0 nack_dec -45650
Flow Uec_473_901 flowId 883 uecSrc 882 finished at 773.929 total messages 1 total packets 1224 RTS 0 total bytes 5001264 in_flight now 0 fair_inc 20646 prop_inc 107632 fast_inc 0 eta_inc 37548 multi_dec -184605 quick_dec -0 nack_dec -37350
Flow Uec_463_994 flowId 89 uecSrc 88 finished at 774.13 total messages 1 total packets 1224 RTS 0 total bytes 5001264 in_flight now 0 fair_inc 39995 prop_inc 111900 fast_inc 0 eta_inc 36356 multi_dec -169655 quick_dec -0 nack_dec -66400
Flow Uec_382_884 flowId 614 uecSrc 613 finished at 774.253 total messages 1 total packets 1224 RTS 0 total bytes 5001264 in_flight now 0 fair_inc 58553 prop_inc 104009 fast_inc 0 eta_inc 36356 multi_dec -172408 quick_dec -0 nack_dec -66400
Flow Uec_386_844 flowId 7 uecSrc 6 finished at 774.656 total messages 1 total packets 1224 RTS 0 total bytes 5001264 in_flight now 0 fair_inc 45287 prop_inc 97319 fast_inc 0 eta_inc 36356 multi_dec -151801 quick_dec -0 nack_dec -45650
Flow Uec_360_894 flowId 782 uecSrc 781 finished at 775.064 total messages 1 total packets 1224 RTS 0 total bytes 5001264 in_flight now 0 fair_inc 43389 prop_inc 103126 fast_inc 0 eta_inc 36952 multi_dec -179899 quick_dec -0 nack_dec -53950
Flow Uec_963_317 flowId 93 uecSrc 92 finished at 775.402 total messages 1 total packets 1224 RTS 0 total bytes 5001264 in_flight now 0 fair_inc 43296 prop_inc 103372 fast_inc 0 eta_inc 36356 multi_dec -174051 quick_dec -0 nack_dec -37350
Flow Uec_737_199 flowId 153 uecSrc 152 finished at 775.537 total messages 1 total packets 1224 RTS 0 total bytes 5001264 in_flight now 0 fair_inc 43977 prop_inc 92872 fast_inc 0 eta_inc 36356 multi_dec -145928 quick_dec -0 nack_dec -62250
Flow Uec_1099_455 flowId 737 uecSrc 736 finished at 775.639 total messages 1 total packets 1224 RTS 0 total bytes 5001264 in_flight now 0 fair_inc 44464 prop_inc 103258 fast_inc 0 eta_inc 36952 multi_dec -187318 quick_dec -0 nack_dec -41500
Flow Uec_1037_441 flowId 509 uecSrc 508 finished at 775.642 total messages 1 total packets 1224 RTS 0 total bytes 5001264 in_flight now 0 fair_inc 39749 prop_inc 93147 fast_inc 0 eta_inc 36952 multi_dec -170376 quick_dec -0 nack_dec -37350
Flow Uec_561_1014 flowId 155 uecSrc 154 finished at 775.71 total messages 1 total packets 1224 RTS 0 total bytes 5001264 in_flight now 0 fair_inc 39858 prop_inc 99552 fast_inc 0 eta_inc 36356 multi_dec -150490 quick_dec -0 nack_dec -20750
Flow Uec_1029_416 flowId 908 uecSrc 907 finished at 775.838 total messages 1 total packets 1224 RTS 0 total bytes 5001264 in_flight now 0 fair_inc 49375 prop_inc 92977 fast_inc 0 eta_inc 36952 multi_dec -188897 quick_dec -0 nack_dec -41500
Flow Uec_264_713 flowId 257 uecSrc 256 finished at 775.938 total messages 1 total packets 1224 RTS 0 total bytes 5001264 in_flight now 0 fair_inc 31392 prop_inc 96240 fast_inc 0 eta_inc 36952 multi_dec -131654 quick_dec -0 nack_dec -41500
Flow Uec_469_971 flowId 39 uecSrc 38 finished at 776.212 total messages 1 total packets 1224 RTS 0 total bytes 5001264 in_flight now 0 fair_inc 37322 prop_inc 99206 fast_inc 0 eta_inc 36952 multi_dec -160279 quick_dec -0 nack_dec -33200
Flow Uec_553_1007 flowId 738 uecSrc 737 finished at 776.367 total messages 1 total packets 1224 RTS 0 total bytes 5001264 in_flight now 0 fair_inc 52735 prop_inc 90148 fast_inc 0 eta_inc 36952 multi_dec -184459 quick_dec -0 nack_dec -41500
Flow Uec_922_383 flowId 853 uecSrc 852 finished at 776.441 total messages 1 total packets 1224 RTS 0 total bytes 5001264 in_flight now 0 fair_inc 46946 prop_inc 95048 fast_inc 0 eta_inc 36952 multi_dec -149518 quick_dec -0 nack_dec -37350
Flow Uec_984_357 flowId 162 uecSrc 161 finished at 776.483 total messages 1 total packets 1224 RTS 0 total bytes 5001264 in_flight now 0 fair_inc 39902 prop_inc 85144 fast_inc 0 eta_inc 36356 multi_dec -178713 quick_dec -0 nack_dec -29050
Flow Uec_433_977 flowId 818 uecSrc 817 finished at 777.62 total messages 1 total packets 1224 RTS 0 total bytes 5001264 in_flight now 0 fair_inc 41509 prop_inc 108489 fast_inc 0 eta_inc 36952 multi_dec -152546 quick_dec -0 nack_dec -41500
Flow Uec_486_932 flowId 95 uecSrc 94 finished at 778.128 total messages 1 total packets 1224 RTS 0 total bytes 5001264 in_flight now 0 fair_inc 43865 prop_inc 101864 fast_inc 0 eta_inc 36952 multi_dec -137979 quick_dec -0 nack_dec -66400
Flow Uec_111_698 flowId 118 uecSrc 117 finished at 778.204 total messages 1 total packets 1224 RTS 0 total bytes 5001264 in_flight now 0 fair_inc 68400 prop_inc 90514 fast_inc 0 eta_inc 36356 multi_dec -158592 quick_dec -0 nack_dec -66400
Flow Uec_914_386 flowId 53 uecSrc 52 finished at 778.208 total messages 1 total packets 1224 RTS 0 total bytes 5001264 in_flight now 0 fair_inc 50222 prop_inc 91330 fast_inc 0 eta_inc 36952 multi_dec -151202 quick_dec -0 nack_dec -45650
Flow Uec_464_927 flowId 878 uecSrc 877 finished at 778.301 total messages 1 total packets 1224 RTS 0 total bytes 5001264 in_flight now 0 fair_inc 31235 prop_inc 101686 fast_inc 0 eta_inc 36952 multi_dec -131952 quick_dec -0 nack_dec -49800
Flow Uec_370_837 flowId 957 uecSrc 956 finished at 778.495 total messages 1 total packets 1224 RTS 0 total bytes 5001264 in_flight now 0 fair_inc 45322 prop_inc 94168 fast_inc 0 eta_inc 36952 multi_dec -142396 quick_dec -0 nack_dec -45650
Flow Uec_1009_466 flowId 239 uecSrc 238 finished at 778.612 total messages 1 total packets 1224 RTS 0 total bytes 5001264 in_flight now 0 fair_inc 48530 prop_inc 87632 fast_inc 0 eta_inc 36356 multi_dec -202716 quick_dec -0 nack_dec -29050
Flow Uec_44_566 flowId 697 uecSrc 696 finished at 779.259 total messages 1 total packets 1224 RTS 0 total bytes 5001264 in_flight now 0 fair_inc 48154 prop_inc 84107 fast_inc 0 eta_inc 37548 multi_dec -146279 quick_dec -0 nack_dec -49800
Flow Uec_780_160 flowId 965 uecSrc 964 finished at 779.319 total messages 1 total packets 1224 RTS 0 total bytes 5001264 in_flight now 0 fair_inc 59558 prop_inc 96717 fast_inc 0 eta_inc 36952 multi_dec -162410 quick_dec -0 nack_dec -41500
Flow Uec_294_781 flowId 25 uecSrc 24 finished at 779.486 total messages 1 total packets 1224 RTS 0 total bytes 5001264 in_flight now 0 fair_inc 33808 prop_inc 107017 fast_inc 0 eta_inc 36356 multi_dec -190616 quick_dec -0 nack_dec -45650
Flow Uec_475_987 flowId 854 uecSrc 853 finished at 779.677 total messages 1 total packets 1224 RTS 0 total bytes 5001264 in_flight now 0 fair_inc 38481 prop_inc 92335 fast_inc 0 eta_inc 36952 multi_dec -171786 quick_dec -0 nack_dec -33200
Flow Uec_254_742 flowId 279 uecSrc 278 finished at 780.06 total messages 1 total packets 1224 RTS 0 total bytes 5001264 in_flight now 0 fair_inc 43959 prop_inc 93902 fast_inc 0 eta_inc 36356 multi_dec -155679 quick_dec -0 nack_dec -62250
Flow Uec_322_852 flowId 263 uecSrc 262 finished at 780.192 total messages 1 total packets 1224 RTS 0 total bytes 5001264 in_flight now 0 fair_inc 62971 prop_inc 92996 fast_inc 0 eta_inc 36952 multi_dec -169377 quick_dec -0 nack_dec -53950
Flow Uec_649_2 flowId 229 uecSrc 228 finished at 780.236 total messages 1 total packets 1224 RTS 0 total bytes 5001264 in_flight now 0 fair_inc 60273 prop_inc 118178 fast_inc 0 eta_inc 36952 multi_dec -223261 quick_dec -0 nack_dec -37350
Flow Uec_926_388 flowId 1052 uecSrc 1051 finished at 780.583 total messages 1 total packets 1224 RTS 0 total bytes 5001264 in_flight now 0 fair_inc 38602 prop_inc 79473 fast_inc 0 eta_inc 36952 multi_dec -126067 quick_dec -0 nack_dec -33200
Flow Uec_626_74 flowId 978 uecSrc 977 finished at 780.589 total messages 1 total packets 1224 RTS 0 total bytes 5001264 in_flight now 0 fair_inc 42771 prop_inc 109187 fast_inc 0 eta_inc 36952 multi_dec -145106 quick_dec -0 nack_dec -41500
Flow Uec_739_195 flowId 947 uecSrc 946 finished at 780.671 total messages 1 total packets 1224 RTS 0 total bytes 5001264 in_flight now 0 fair_inc 64864 prop_inc 99660 fast_inc 0 eta_inc 36356 multi_dec -176836 quick_dec -0 nack_dec -49800
Flow Uec_611_73 flowId 209 uecSrc 208 finished at 780.825 total messages 1 total packets 1224 RTS 0 total bytes 5001264 in_flight now 0 fair_inc 52483 prop_inc 108460 fast_inc 0 eta_inc 36356 multi_dec -220870 quick_dec -0 nack_dec -49800
Flow Uec_354_867 flowId 479 uecSrc 478 finished at 781.044 total messages 1 total packets 1224 RTS 0 total bytes 5001264 in_flight now 0 fair_inc 47285 prop_inc 96421 fast_inc 0 eta_inc 37548 multi_dec -214923 quick_dec -0 nack_dec -41500
Flow Uec_693_98 flowId 924 uecSrc 923 finished at 781.046 total messages 1 total packets 1224 RTS 0 total bytes 5001264 in_flight now 0 fair_inc 51028 prop_inc 103426 fast_inc 0 eta_inc 36356 multi_dec -138794 quick_dec -0 nack_dec -53950
Flow Uec_450_937 flowId 86 uecSrc 85 finished at 781.325 total messages 1 total packets 1224 RTS 0 total bytes 5001264 in_flight now 0 fair_inc 54885 prop_inc 104950 fast_inc 0 eta_inc 37548 multi_dec -196885 quick_dec -0 nack_dec -53950
Flow Uec_576_1040 flowId 706 uecSrc 705 finished at 781.386 total messages 1 total packets 1224 RTS 0 total bytes 5001264 in_flight now 0 fair_inc 31025 prop_inc 105171 fast_inc 0 eta_inc 36952 multi_dec -137641 quick_dec -0 nack_dec -29050
Flow Uec_573_1085 flowId 862 uecSrc 861 finished at 781.63 total messages 1 total packets 1224 RTS 0 total bytes 5001264 in_flight now 0 fair_inc 33166 prop_inc 124677 fast_inc 0 eta_inc 36356 multi_dec -227202 quick_dec -0 nack_dec -33200
Flow Uec_760_167 flowId 816 uecSrc 815 finished at 782.044 total messages 1 total packets 1224 RTS 0 total bytes 5001264 in_flight now 0 fair_inc 59680 prop_inc 96636 fast_inc 0 eta_inc 36952 multi_dec -170480 quick_dec -0 nack_dec -45650
Flow Uec_454_991 flowId 131 uecSrc 130 finished at 782.417 total messages 1 total packets 1224 RTS 0 total bytes 5001264 in_flight now 0 fair_inc 23867 prop_inc 110171 fast_inc 0 eta_inc 36356 multi_dec -110877 quick_dec -0 nack_dec -58100
Flow Uec_898_203 flowId 829 uecSrc 828 finished at 783.118 total messages 1 total packets 1224 RTS 0 total bytes 5001264 in_flight now 0 fair_inc 36942 prop_inc 104248 fast_inc 0 eta_inc 36952 multi_dec -127035 quick_dec -0 nack_dec -78850
Flow Uec_498_956 flowId 376 uecSrc 375 finished at 783.271 total messages 1 total packets 1224 RTS 0 total bytes 5001264 in_flight now 0 fair_inc 48514 prop_inc 112436 fast_inc 0 eta_inc 36356 multi_dec -128004 quick_dec -0 nack_dec -58100
Flow Uec_40_525 flowId 852 uecSrc 851 finished at 783.386 total messages 1 total packets 1224 RTS 0 total bytes 5001264 in_flight now 0 fair_inc 27916 prop_inc 108054 fast_inc 0 eta_inc 36356 multi_dec -121848 quick_dec -0 nack_dec -53950
Flow Uec_721_162 flowId 569 uecSrc 568 finished at 783.498 total messages 1 total packets 1224 RTS 0 total bytes 5001264 in_flight now 0 fair_inc 46300 prop_inc 104730 fast_inc 0 eta_inc 36952 multi_dec -187705 quick_dec -0 nack_dec -29050
Flow Uec_1012_449 flowId 1 uecSrc 0 finished at 783.508 total messages 1 total packets 1224 RTS 0 total bytes 5001264 in_flight now 0 fair_inc 43419 prop_inc 91931 fast_inc 0 eta_inc 36952 multi_dec -156383 quick_dec -0 nack_dec -41500
Flow Uec_617_47 flowId 1004 uecSrc 1003 finished at 783.777 total messages 1 total packets 1224 RTS 0 total bytes 5001264 in_flight now 0 fair_inc 38034 prop_inc 108661 fast_inc 0 eta_inc 36952 multi_dec -136921 quick_dec -0 nack_dec -37350
Flow Uec_554_1003 flowId 1075 uecSrc 1074 finished at 784.087 total messages 1 total packets 1224 RTS 0 total bytes 5001264 in_flight now 0 fair_inc 52234 prop_inc 109400 fast_inc 0 eta_inc 36356 multi_dec -154093 quick_dec -0 nack_dec -87150
Flow Uec_1006_474 flowId 571 uecSrc 570 finished at 784.334 total messages 1 total packets 1224 RTS 0 total bytes 5001264 in_flight now 0 fair_inc 50929 prop_inc 96215 fast_inc 0 eta_inc 36952 multi_dec -157448 quick_dec -0 nack_dec -33200
Flow Uec_753_192 flowId 385 uecSrc 384 finished at 784.707 total messages 1 total packets 1224 RTS 0 total bytes 5001264 in_flight now 0 fair_inc 33938 prop_inc 111945 fast_inc 0 eta_inc 36356 multi_dec -175154 quick_dec -0 nack_dec -24900
Flow Uec_61_593 flowId 120 uecSrc 119 finished at 784.818 total messages 1 total packets 1224 RTS 0 total bytes 5001264 in_flight now 0 fair_inc 38031 prop_inc 115321 fast_inc 0 eta_inc 36952 multi_dec -168994 quick_dec -0 nack_dec -37350
Flow Uec_34_536 flowId 108 uecSrc 107 finished at 784.872 total messages 1 total packets 1224 RTS 0 total bytes 5001264 in_flight now 0 fair_inc 56165 prop_inc 103571 fast_inc 0 eta_inc 37548 multi_dec -138547 quick_dec -0 nack_dec -70550
Flow Uec_338_822 flowId 130 uecSrc 129 finished at 785.23 total messages 1 total packets 1224 RTS 0 total bytes 5001264 in_flight now 0 fair_inc 59723 prop_inc 91918 fast_inc 0 eta_inc 36952 multi_dec -149249 quick_dec -0 nack_dec -53950
Flow Uec_235_761 flowId 769 uecSrc 768 finished at 785.426 total messages 1 total packets 1224 RTS 0 total bytes 5001264 in_flight now 0 fair_inc 41508 prop_inc 111593 fast_inc 0 eta_inc 36356 multi_dec -194462 quick_dec -0 nack_dec -45650
Flow Uec_1088_445 flowId 321 uecSrc 320 finished at 785.49 total messages 1 total packets 1224 RTS 0 total bytes 5001264 in_flight now 0 fair_inc 46600 prop_inc 99357 fast_inc 0 eta_inc 37548 multi_dec -167679 quick_dec -0 nack_dec -45650
Flow Uec_733_112 flowId 109 uecSrc 108 finished at 785.667 total messages 1 total packets 1224 RTS 0 total bytes 5001264 in_flight now 0 fair_inc 38774 prop_inc 107544 fast_inc 0 eta_inc 36952 multi_dec -163774 quick_dec -0 nack_dec -49800
Flow Uec_935_347 flowId 1072 uecSrc 1071 finished at 785.756 total messages 1 total packets 1224 RTS 0 total bytes 5001264 in_flight now 0 fair_inc 50510 prop_inc 102366 fast_inc 0 eta_inc 36952 multi_dec -150948 quick_dec -0 nack_dec -58100
Flow Uec_66_522 flowId 125 uecSrc 124 finished at 785.96 total messages 1 total packets 1224 RTS 0 total bytes 5001264 in_flight now 0 fair_inc 46812 prop_inc 98468 fast_inc 0 eta_inc 36952 multi_dec -160734 quick_dec -0 nack_dec -62250
Flow Uec_184_695 flowId 1054 uecSrc 1053 finished at 786.011 total messages 1 total packets 1224 RTS 0 total bytes 5001264 in_flight now 0 fair_inc 39891 prop_inc 118538 fast_inc 0 eta_inc 36952 multi_dec -163295 quick_dec -0 nack_dec -53950
Flow Uec_313_808 flowId 26 uecSrc 25 finished at 786.137 total messages 1 total packets 1224 RTS 0 total bytes 5001264 in_flight now 0 fair_inc 51542 prop_inc 94361 fast_inc 0 eta_inc 36356 multi_dec -157178 quick_dec -0 nack_dec -33200
Flow Uec_973_325 flowId 430 uecSrc 429 finished at 786.178 total messages 1 total packets 1224 RTS 0 total bytes 5001264 in_flight now 0 fair_inc 25807 prop_inc 118468 fast_inc 0 eta_inc 36952 multi_dec -172616 quick_dec -0 nack_dec -53950
Flow Uec_255_733 flowId 240 uecSrc 239 finished at 786.426 total messages 1 total packets 1224 RTS 0 total bytes 5001264 in_flight now 0 fair_inc 59466 prop_inc 91518 fast_inc 0 eta_inc 36952 multi_dec -133286 quick_dec -0 nack_dec -66400
Flow Uec_515_1012 flowId 962 uecSrc 961 finished at 786.759 total messages 1 total packets 1224 RTS 0 total bytes 5001264 in_flight now 0 fair_inc 46575 prop_inc 112854 fast_inc 0 eta_inc 36952 multi_dec -189646 quick_dec -0 nack_dec -62250
Flow Uec_432_944 flowId 683 uecSrc 682 finished at 786.82 total messages 1 total packets 1224 RTS 0 total bytes 5001264 in_flight now 0 fair_inc 27247 prop_inc 121497 fast_inc 0 eta_inc 37548 multi_dec -151111 quick_dec -0 nack_dec -45650
Flow Uec_813_267 flowId 49 uecSrc 48 finished at 787.075 total messages 1 total packets 1224 RTS 0 total bytes 5001264 in_flight now 0 fair_inc 47028 prop_inc 98146 fast_inc 0 eta_inc 36952 multi_dec -181811 quick_dec -0 nack_dec -53950
Flow Uec_864_234 flowId 918 uecSrc 917 finished at 787.441 total messages 1 total packets 1224 RTS 0 total bytes 5001264 in_flight now 0 fair_inc 57401 prop_inc 99667 fast_inc 0 eta_inc 36952 multi_dec -179115 quick_dec -0 nack_dec -16600
Flow Uec_991_319 flowId 931 uecSrc 930 finished at 787.694 total messages 1 total packets 1224 RTS 0 total bytes 5001264 in_flight now 0 fair_inc 51218 prop_inc 96708 fast_inc 0 eta_inc 37548 multi_dec -158654 quick_dec -0 nack_dec -29050
Flow Uec_368_858 flowId 893 uecSrc 892 finished at 787.81 total messages 1 total packets 1224 RTS 0 total bytes 5001264 in_flight now 0 fair_inc 52878 prop_inc 114693 fast_inc 0 eta_inc 37548 multi_dec -138412 quick_dec -0 nack_dec -91300
Flow Uec_997_302 flowId 696 uecSrc 695 finished at 787.904 total messages 1 total packets 1224 RTS 0 total bytes 5001264 in_flight now 0 fair_inc 50017 prop_inc 94772 fast_inc 0 eta_inc 37548 multi_dec -166883 quick_dec -0 nack_dec -29050
Flow Uec_815_298 flowId 23 uecSrc 22 finished at 788.071 total messages 1 total packets 1224 RTS 0 total bytes 5001264 in_flight now 0 fair_inc 39811 prop_inc 89998 fast_inc 0 eta_inc 36952 multi_dec -145430 quick_dec -0 nack_dec -37350
Flow Uec_1054_437 flowId 1030 uecSrc 1029 finished at 788.232 total messages 1 total packets 1224 RTS 0 total bytes 5001264 in_flight now 0 fair_inc 38715 prop_inc 95805 fast_inc 0 eta_inc 36952 multi_dec -167579 quick_dec -0 nack_dec -37350
Flow Uec_449_997 flowId 1085 uecSrc 1084 finished at 788.257 total messages 1 total packets 1224 RTS 0 total bytes 5001264 in_flight now 0 fair_inc 42386 prop_inc 103603 fast_inc 0 eta_inc 36952 multi_dec -149426 quick_dec -0 nack_dec -62250
Flow Uec_857_246 flowId 747 uecSrc 746 finished at 788.257 total messages 1 total packets 1224 RTS 0 total bytes 5001264 in_flight now 0 fair_inc 57095 prop_inc 105914 fast_inc 0 eta_inc 36356 multi_dec -136183 quick_dec -0 nack_dec -49800
Flow Uec_694_56 flowId 777 uecSrc 776 finished at 788.426 total messages 1 total packets 1224 RTS 0 total bytes 5001264 in_flight now 0 fair_inc 46406 prop_inc 107344 fast_inc 0 eta_inc 36952 multi_dec -166505 quick_dec -0 nack_dec -37350
Flow Uec_735_184 flowId 410 uecSrc 409 finished at 788.541 total messages 1 total packets 1224 RTS 0 total bytes 5001264 in_flight now 0 fair_inc 50682 prop_inc 89616 fast_inc 0 eta_inc 36952 multi_dec -170980 quick_dec -0 nack_dec -41500
Flow Uec_329_866 flowId 648 uecSrc 647 finished at 788.851 total messages 1 total packets 1224 RTS 0 total bytes 5001264 in_flight now 0 fair_inc 62726 prop_inc 94935 fast_inc 0 eta_inc 37548 multi_dec -177009 quick_dec -0 nack_dec -49800
Flow Uec_262_701 flowId 3 uecSrc 2 finished at 788.881 total messages 1 total packets 1224 RTS 0 total bytes 5001264 in_flight now 0 fair_inc 46790 prop_inc 110320 fast_inc 0 eta_inc 36356 multi_dec -154748 quick_dec -0 nack_dec -62250
Flow Uec_67_595 flowId 552 uecSrc 551 finished at 788.948 total messages 1 total packets 1224 RTS 0 total bytes 5001264 in_flight now 0 fair_inc 53760 prop_inc 99889 fast_inc 0 eta_inc 37548 multi_dec -163663 quick_dec -0 nack_dec -33200
Flow Uec_562_1002 flowId 262 uecSrc 261 finished at 789.024 total messages 1 total packets 1224 RTS 0 total bytes 5001264 in_flight now 0 fair_inc 45944 prop_inc 113876 fast_inc 0 eta_inc 36356 multi_dec -146886 quick_dec -0 nack_dec -45650
Flow Uec_86_574 flowId 340 uecSrc 339 finished at 789.135 total messages 1 total packets 1224 RTS 0 total bytes 5001264 in_flight now 0 fair_inc 47402 prop_inc 100288 fast_inc 0 eta_inc 36952 multi_dec -129676 quick_dec -0 nack_dec -49800
Flow Uec_548_1023 flowId 776 uecSrc 775 finished at 789.241 total messages 1 total packets 1224 RTS 0 total bytes 5001264 in_flight now 0 fair_inc 51710 prop_inc 117926 fast_inc 0 eta_inc 37548 multi_dec -158957 quick_dec -0 nack_dec -58100
Flow Uec_405_996 flowId 192 uecSrc 191 finished at 789.606 total messages 1 total packets 1224 RTS 0 total bytes 5001264 in_flight now 0 fair_inc 42380 prop_inc 121284 fast_inc 0 eta_inc 36952 multi_dec -158834 quick_dec -0 nack_dec -37350
Flow Uec_311_879 flowId 452 uecSrc 451 finished at 789.674 total messages 1 total packets 1224 RTS 0 total bytes 5001264 in_flight now 0 fair_inc 34565 prop_inc 82367 fast_inc 0 eta_inc 37548 multi_dec -132430 quick_dec -0 nack_dec -33200
Flow Uec_842_230 flowId 820 uecSrc 819 finished at 789.84 total messages 1 total packets 1224 RTS 0 total bytes 5001264 in_flight now 0 fair_inc 42329 prop_inc 101531 fast_inc 0 eta_inc 37548 multi_dec -139152 quick_dec -0 nack_dec -41500
Flow Uec_784_111 flowId 685 uecSrc 684 finished at 789.937 total messages 1 total packets 1224 RTS 0 total bytes 5001264 in_flight now 0 fair_inc 44525 prop_inc 110092 fast_inc 0 eta_inc 37548 multi_dec -145338 quick_dec -0 nack_dec -58100
Flow Uec_773_176 flowId 639 uecSrc 638 finished at 790.126 total messages 1 total packets 1224 RTS 0 total bytes 5001264 in_flight now 0 fair_inc 49522 prop_inc 95124 fast_inc 0 eta_inc 36952 multi_dec -146111 quick_dec -0 nack_dec -53950
Flow Uec_659_91 flowId 444 uecSrc 443 finished at 790.256 total messages 1 total packets 1224 RTS 0 total bytes 5001264 in_flight now 0 fair_inc 34627 prop_inc 118299 fast_inc 0 eta_inc 36952 multi_dec -173048 quick_dec -0 nack_dec -33200
Flow Uec_2_561 flowId 270 uecSrc 269 finished at 790.619 total messages 1 total packets 1224 RTS 0 total bytes 5001264 in_flight now 0 fair_inc 46432 prop_inc 117688 fast_inc 0 eta_inc 37548 multi_dec -184386 quick_dec -0 nack_dec -53950
Flow Uec_955_395 flowId 1073 uecSrc 1072 finished at 790.626 total messages 1 total packets 1224 RTS 0 total bytes 5001264 in_flight now 0 fair_inc 28121 prop_inc 110943 fast_inc 0 eta_inc 38144 multi_dec -156942 quick_dec -0 nack_dec -49800
Flow Uec_79_569 flowId 860 uecSrc 859 finished at 790.65 total messages 1 total packets 1224 RTS 0 total bytes 5001264 in_flight now 0 fair_inc 36846 prop_inc 102110 fast_inc 0 eta_inc 36952 multi_dec -211861 quick_dec -0 nack_dec -41500
Flow Uec_621_97 flowId 920 uecSrc 919 finished at 790.686 total messages 1 total packets 1224 RTS 0 total bytes 5001264 in_flight now 0 fair_inc 35882 prop_inc 120640 fast_inc 0 eta_inc 37548 multi_dec -136479 quick_dec -0 nack_dec -49800
Flow Uec_181_699 flowId 731 uecSrc 730 finished at 790.692 total messages 1 total packets 1224 RTS 0 total bytes 5001264 in_flight now 0 fair_inc 45856 prop_inc 110145 fast_inc 0 eta_inc 36952 multi_dec -148514 quick_dec -0 nack_dec -41500
Flow Uec_978_330 flowId 901 uecSrc 900 finished at 791.078 total messages 1 total packets 1224 RTS 0 total bytes 5001264 in_flight now 0 fair_inc 49953 prop_inc 113516 fast_inc 0 eta_inc 37548 multi_dec -151174 quick_dec -0 nack_dec -70550
Flow Uec_921_356 flowId 386 uecSrc 385 finished at 791.2 total messages 1 total packets 1224 RTS 0 total bytes 5001264 in_flight now 0 fair_inc 30557 prop_inc 99553 fast_inc 0 eta_inc 37548 multi_dec -154793 quick_dec -0 nack_dec -41500
Flow Uec_745_198 flowId 583 uecSrc 582 finished at 791.213 total messages 1 total packets 1224 RTS 0 total bytes 5001264 in_flight now 0 fair_inc 45221 prop_inc 111655 fast_inc 0 eta_inc 37548 multi_dec -203311 quick_dec -0 nack_dec -41500
Flow Uec_286_709 flowId 964 uecSrc 963 finished at 791.254 total messages 1 total packets 1224 RTS 0 total bytes 5001264 in_flight now 0 fair_inc 43164 prop_inc 115986 fast_inc 0 eta_inc 36952 multi_dec -189401 quick_dec -0 nack_dec -45650
Flow Uec_791_185 flowId 534 uecSrc 533 finished at 791.571 total messages 1 total packets 1224 RTS 0 total bytes 5001264 in_flight now 0 fair_inc 51426 prop_inc 96497 fast_inc 0 eta_inc 36952 multi_dec -146203 quick_dec -0 nack_dec -33200
Flow Uec_346_876 flowId 254 uecSrc 253 finished at 791.651 total messages 1 total packets 1224 RTS 0 total bytes 5001264 in_flight now 0 fair_inc 55143 prop_inc 100459 fast_inc 0 eta_inc 36952 multi_dec -176283 quick_dec -0 nack_dec -53950
Flow Uec_275_767 flowId 282 uecSrc 281 finished at 791.877 total messages 1 total packets 1224 RTS 0 total bytes 5001264 in_flight now 0 fair_inc 25737 prop_inc 119226 fast_inc 0 eta_inc 37548 multi_dec -203164 quick_dec -0 nack_dec -45650
Flow Uec_197_609 flowId 676 uecSrc 675 finished at 792.101 total messages 1 total packets 1224 RTS 0 total bytes 5001264 in_flight now 0 fair_inc 60984 prop_inc 99228 fast_inc 0 eta_inc 38144 multi_dec -194182 quick_dec -0 nack_dec -53950
Flow Uec_717_116 flowId 921 uecSrc 920 finished at 792.262 total messages 1 total packets 1224 RTS 0 total bytes 5001264 in_flight now 0 fair_inc 40871 prop_inc 115580 fast_inc 0 eta_inc 37548 multi_dec -181517 quick_dec -0 nack_dec -58100
Flow Uec_444_900 flowId 678 uecSrc 677 finished at 792.582 total messages 1 total packets 1224 RTS 0 total bytes 5001264 in_flight now 0 fair_inc 37114 prop_inc 111489 fast_inc 0 eta_inc 36952 multi_dec -177090 quick_dec -0 nack_dec -53950
Flow Uec_920_387 flowId 715 uecSrc 714 finished at 792.593 total messages 1 total packets 1224 RTS 0 total bytes 5001264 in_flight now 0 fair_inc 51426 prop_inc 91527 fast_inc 0 eta_inc 37548 multi_dec -185427 quick_dec -0 nack_dec -37350
Flow Uec_351_880 flowId 190 uecSrc 189 finished at 792.667 total messages 1 total packets 1224 RTS 0 total bytes 5001264 in_flight now 0 fair_inc 62855 prop_inc 112087 fast_inc 0 eta_inc 37548 multi_dec -183657 quick_dec -0 nack_dec -66400
Flow Uec_765_183 flowId 1020 uecSrc 1019 finished at 792.744 total messages 1 total packets 1224 RTS 0 total bytes 5001264 in_flight now 0 fair_inc 38750 prop_inc 100617 fast_inc 0 eta_inc 36952 multi_dec -126147 quick_dec -0 nack_dec -45650
Flow Uec_419_945 flowId 511 uecSrc 510 finished at 792.746 total messages 1 total packets 1224 RTS 0 total bytes 5001264 in_flight now 0 fair_inc 57870 prop_inc 96449 fast_inc 0 eta_inc 36952 multi_dec -186069 quick_dec -0 nack_dec -24900
Flow Uec_408_955 flowId 601 uecSrc 600 finished at 792.821 total messages 1 total packets 1224 RTS 0 total bytes 5001264 in_flight now 0 fair_inc 40660 prop_inc 116548 fast_inc 0 eta_inc 37548 multi_dec -168049 quick_dec -0 nack_dec -62250
Flow Uec_826_275 flowId 256 uecSrc 255 finished at 792.897 total messages 1 total packets 1224 RTS 0 total bytes 5001264 in_flight now 0 fair_inc 27953 prop_inc 107654 fast_inc 0 eta_inc 36952 multi_dec -118985 quick_dec -0 nack_dec -66400
Flow Uec_301_800 flowId 658 uecSrc 657 finished at 793.138 total messages 1 total packets 1224 RTS 0 total bytes 5001264 in_flight now 0 fair_inc 42889 prop_inc 112077 fast_inc 0 eta_inc 37548 multi_dec -177977 quick_dec -0 nack_dec -49800
Flow Uec_1071_499 flowId 310 uecSrc 309 finished at 793.162 total messages 1 total packets 1224 RTS 0 total bytes 5001264 in_flight now 0 fair_inc 38996 prop_inc 102670 fast_inc 0 eta_inc 36356 multi_dec -135269 quick_dec -0 nack_dec -37350
Flow Uec_471_999 flowId 652 uecSrc 651 finished at 793.367 total messages 1 total packets 1224 RTS 0 total bytes 5001264 in_flight now 0 fair_inc 51711 prop_inc 98565 fast_inc 0 eta_inc 37548 multi_dec -180329 quick_dec -0 nack_dec -49800
Flow Uec_970_367 flowId 606 uecSrc 605 finished at 793.577 total messages 1 total packets 1224 RTS 0 total bytes 5001264 in_flight now 0 fair_inc 42015 prop_inc 96820 fast_inc 0 eta_inc 37548 multi_dec -132925 quick_dec -0 nack_dec -41500
Flow Uec_868_286 flowId 751 uecSrc 750 finished at 793.785 total messages 1 total packets 1224 RTS 0 total bytes 5001264 in_flight now 0 fair_inc 52388 prop_inc 105826 fast_inc 0 eta_inc 36952 multi_dec -158775 quick_dec -0 nack_dec -49800
Flow Uec_161_667 flowId 633 uecSrc 632 finished at 793.79 total messages 1 total packets 1224 RTS 0 total bytes 5001264 in_flight now 0 fair_inc 53147 prop_inc 117321 fast_inc 0 eta_inc 37548 multi_dec -140959 quick_dec -0 nack_dec -74700
Flow Uec_253_782 flowId 335 uecSrc 334 finished at 793.822 total messages 1 total packets 1224 RTS 0 total bytes 5001264 in_flight now 0 fair_inc 47332 prop_inc 107634 fast_inc 0 eta_inc 38144 multi_dec -147244 quick_dec -0 nack_dec -53950
Flow Uec_68_567 flowId 102 uecSrc 101 finished at 794.014 total messages 1 total packets 1224 RTS 0 total bytes 5001264 in_flight now 0 fair_inc 28280 prop_inc 117027 fast_inc 0 eta_inc 37548 multi_dec -161942 quick_dec -0 nack_dec -37350
Flow Uec_1061_415 flowId 198 uecSrc 197 finished at 794.144 total messages 1 total packets 1224 RTS 0 total bytes 5001264 in_flight now 0 fair_inc 29853 prop_inc 113808 fast_inc 0 eta_inc 37548 multi_dec -180263 quick_dec -0 nack_dec -24900
Flow Uec_118_612 flowId 892 uecSrc 891 finished at 794.147 total messages 1 total packets 1224 RTS 0 total bytes 5001264 in_flight now 0 fair_inc 28211 prop_inc 107971 fast_inc 0 eta_inc 37548 multi_dec -150041 quick_dec -0 nack_dec -29050
Flow Uec_279_746 flowId 899 uecSrc 898 finished at 794.335 total messages 1 total packets 1224 RTS 0 total bytes 5001264 in_flight now 0 fair_inc 44817 prop_inc 104548 fast_inc 0 eta_inc 37548 multi_dec -170330 quick_dec -0 nack_dec -33200
Flow Uec_251_773 flowId 480 uecSrc 479 finished at 794.795 total messages 1 total packets 1224 RTS 0 total bytes 5001264 in_flight now 0 fair_inc 43764 prop_inc 113772 fast_inc 0 eta_inc 37548 multi_dec -170647 quick_dec -0 nack_dec -53950
Flow Uec_200_702 flowId 815 uecSrc 814 finished at 795.042 total messages 1 total packets 1224 RTS 0 total bytes 5001264 in_flight now 0 fair_inc 39085 prop_inc 119495 fast_inc 0 eta_inc 37548 multi_dec -130987 quick_dec -0 nack_dec -49800
Flow Uec_722_163 flowId 408 uecSrc 407 finished at 796.033 total messages 1 total packets 1224 RTS 0 total bytes 5001264 in_flight now 0 fair_inc 36182 prop_inc 111776 fast_inc 0 eta_inc 37548 multi_dec -187505 quick_dec -0 nack_dec -41500
Flow Uec_1033_467 flowId 538 uecSrc 537 finished at 796.61 total messages 1 total packets 1224 RTS 0 total bytes 5001264 in_flight now 0 fair_inc 51705 prop_inc 146201 fast_inc 0 eta_inc 36952 multi_dec -203489 quick_dec -0 nack_dec -78850
Flow Uec_577_1033 flowId 215 uecSrc 214 finished at 796.636 total messages 1 total packets 1224 RTS 0 total bytes 5001264 in_flight now 0 fair_inc 54231 prop_inc 108694 fast_inc 0 eta_inc 36952 multi_dec -150697 quick_dec -0 nack_dec -41500
Flow Uec_975_338 flowId 493 uecSrc 492 finished at 796.767 total messages 1 total packets 1224 RTS 0 total bytes 5001264 in_flight now 0 fair_inc 51672 prop_inc 108106 fast_inc 0 eta_inc 36952 multi_dec -145398 quick_dec -0 nack_dec -62250
Flow Uec_285_732 flowId 634 uecSrc 633 finished at 797.06 total messages 1 total packets 1224 RTS 0 total bytes 5001264 in_flight now 0 fair_inc 34659 prop_inc 111047 fast_inc 0 eta_inc 37548 multi_dec -119461 quick_dec -0 nack_dec -66400
Flow Uec_1050_472 flowId 1026 uecSrc 1025 finished at 797.107 total messages 1 total packets 1224 RTS 0 total bytes 5001264 in_flight now 0 fair_inc 56085 prop_inc 114215 fast_inc 0 eta_inc 36952 multi_dec -205670 quick_dec -0 nack_dec -37350
Flow Uec_247_757 flowId 958 uecSrc 957 finished at 797.11 total messages 1 total packets 1224 RTS 0 total bytes 5001264 in_flight now 0 fair_inc 41641 prop_inc 116438 fast_inc 0 eta_inc 38144 multi_dec -159559 quick_dec -0 nack_dec -53950
Flow Uec_271_749 flowId 221 uecSrc 220 finished at 797.176 total messages 1 total packets 1224 RTS 0 total bytes 5001264 in_flight now 0 fair_inc 43718 prop_inc 101923 fast_inc 0 eta_inc 37548 multi_dec -178152 quick_dec -0 nack_dec -49800
Flow Uec_110_656 flowId 837 uecSrc 836 finished at 797.687 total messages 1 total packets 1224 RTS 0 total bytes 5001264 in_flight now 0 fair_inc 48604 prop_inc 93493 fast_inc 0 eta_inc 38144 multi_dec -142035 quick_dec -0 nack_dec -58100
Flow Uec_445_908 flowId 38 uecSrc 37 finished at 797.689 total messages 1 total packets 1224 RTS 0 total bytes 5001264 in_flight now 0 fair_inc 42534 prop_inc 106462 fast_inc 0 eta_inc 36952 multi_dec -153856 quick_dec -0 nack_dec -58100
Flow Uec_525_1006 flowId 463 uecSrc 462 finished at 797.748 total messages 1 total packets 1224 RTS 0 total bytes 5001264 in_flight now 0 fair_inc 54852 prop_inc 105522 fast_inc 0 eta_inc 37548 multi_dec -179581 quick_dec -0 nack_dec -37350
Flow Uec_1034_486 flowId 595 uecSrc 594 finished at 798.099 total messages 1 total packets 1224 RTS 0 total bytes 5001264 in_flight now 0 fair_inc 56587 prop_inc 113466 fast_inc 0 eta_inc 36952 multi_dec -202086 quick_dec -0 nack_dec -37350
Flow Uec_547_1013 flowId 537 uecSrc 536 finished at 798.517 total messages 1 total packets 1224 RTS 0 total bytes 5001264 in_flight now 0 fair_inc 51724 prop_inc 101571 fast_inc 0 eta_inc 37548 multi_dec -149117 quick_dec -0 nack_dec -49800
Flow Uec_268_714 flowId 592 uecSrc 591 finished at 798.579 total messages 1 total packets 1224 RTS 0 total bytes 5001264 in_flight now 0 fair_inc 43009 prop_inc 100970 fast_inc 0 eta_inc 37548 multi_dec -185212 quick_dec -0 nack_dec -49800
Flow Uec_755_175 flowId 799 uecSrc 798 finished at 799.043 total messages 1 total packets 1224 RTS 0 total bytes 5001264 in_flight now 0 fair_inc 45828 prop_inc 113425 fast_inc 0 eta_inc 37548 multi_dec -177228 quick_dec -0 nack_dec -29050
Flow Uec_847_210 flowId 219 uecSrc 218 finished at 799.167 total messages 1 total packets 1224 RTS 0 total bytes 5001264 in_flight now 0 fair_inc 40387 prop_inc 108030 fast_inc 0 eta_inc 38144 multi_dec -150066 quick_dec -0 nack_dec -53950
Flow Uec_831_219 flowId 535 uecSrc 534 finished at 799.582 total messages 1 total packets 1224 RTS 0 total bytes 5001264 in_flight now 0 fair_inc 59025 prop_inc 90951 fast_inc 0 eta_inc 38144 multi_dec -151289 quick_dec -0 nack_dec -29050
Flow Uec_980_363 flowId 936 uecSrc 935 finished at 799.938 total messages 1 total packets 1224 RTS 0 total bytes 5001264 in_flight now 0 fair_inc 54303 prop_inc 93766 fast_inc 0 eta_inc 37548 multi_dec -151193 quick_dec -0 nack_dec -33200
Flow Uec_27_592 flowId 864 uecSrc 863 finished at 800.213 total messages 1 total packets 1224 RTS 0 total bytes 5001264 in_flight now 0 fair_inc 38496 prop_inc 112561 fast_inc 0 eta_inc 37548 multi_dec -141551 quick_dec -0 nack_dec -70550
Flow Uec_536_1074 flowId 635 uecSrc 634 finished at 800.664 total messages 1 total packets 1224 RTS 0 total bytes 5001264 in_flight now 0 fair_inc 37914 prop_inc 124143 fast_inc 0 eta_inc 38144 multi_dec -170762 quick_dec -0 nack_dec -62250
Flow Uec_672_60 flowId 760 uecSrc 759 finished at 800.672 total messages 1 total packets 1224 RTS 0 total bytes 5001264 in_flight now 0 fair_inc 49897 prop_inc 105389 fast_inc 0 eta_inc 37548 multi_dec -162045 quick_dec -0 nack_dec -45650
Flow Uec_1018_483 flowId 166 uecSrc 165 finished at 800.78 total messages 1 total packets 1224 RTS 0 total bytes 5001264 in_flight now 0 fair_inc 33715 prop_inc 108315 fast_inc 0 eta_inc 37548 multi_dec -133014 quick_dec -0 nack_dec -41500
Flow Uec_666_12 flowId 603 uecSrc 602 finished at 801.328 total messages 1 total packets 1224 RTS 0 total bytes 5001264 in_flight now 0 fair_inc 42592 prop_inc 118107 fast_inc 0 eta_inc 38144 multi_dec -171400 quick_dec -0 nack_dec -53950
Flow Uec_104_638 flowId 516 uecSrc 515 finished at 801.604 total messages 1 total packets 1224 RTS 0 total bytes 5001264 in_flight now 0 fair_inc 63356 prop_inc 101019 fast_inc 0 eta_inc 37548 multi_dec -207179 quick_dec -0 nack_dec -41500
Flow Uec_805_250 flowId 223 uecSrc 222 finished at 802.381 total messages 1 total packets 1224 RTS 0 total bytes 5001264 in_flight now 0 fair_inc 42692 prop_inc 108703 fast_inc 0 eta_inc 37548 multi_dec -164406 quick_dec -0 nack_dec -37350
Flow Uec_982_382 flowId 158 uecSrc 157 finished at 802.539 total messages 1 total packets 1224 RTS 0 total bytes 5001264 in_flight now 0 fair_inc 23808 prop_inc 121335 fast_inc 0 eta_inc 38144 multi_dec -132110 quick_dec -0 nack_dec -66400
Flow Uec_353_825 flowId 1042 uecSrc 1041 finished at 802.648 total messages 1 total packets 1224 RTS 0 total bytes 5001264 in_flight now 0 fair_inc 53288 prop_inc 116516 fast_inc 0 eta_inc 38144 multi_dec -176673 quick_dec -0 nack_dec -53950
Flow Uec_631_14 flowId 897 uecSrc 896 finished at 802.711 total messages 1 total packets 1224 RTS 0 total bytes 5001264 in_flight now 0 fair_inc 48438 prop_inc 112231 fast_inc 0 eta_inc 37548 multi_dec -132914 quick_dec -0 nack_dec -62250
Flow Uec_919_340 flowId 989 uecSrc 988 finished at 802.854 total messages 1 total packets 1224 RTS 0 total bytes 5001264 in_flight now 0 fair_inc 47324 prop_inc 119298 fast_inc 0 eta_inc 38144 multi_dec -159884 quick_dec -0 nack_dec -53950
Flow Uec_537_1018 flowId 403 uecSrc 402 finished at 802.91 total messages 1 total packets 1224 RTS 0 total bytes 5001264 in_flight now 0 fair_inc 60290 prop_inc 95500 fast_inc 0 eta_inc 37548 multi_dec -202366 quick_dec -0 nack_dec -41500
Flow Uec_130_649 flowId 283 uecSrc 282 finished at 803.132 total messages 1 total packets 1224 RTS 0 total bytes 5001264 in_flight now 0 fair_inc 40873 prop_inc 102669 fast_inc 0 eta_inc 37548 multi_dec -191523 quick_dec -0 nack_dec -33200
Flow Uec_566_1099 flowId 813 uecSrc 812 finished at 803.542 total messages 1 total packets 1224 RTS 0 total bytes 5001264 in_flight now 0 fair_inc 38113 prop_inc 116555 fast_inc 0 eta_inc 37548 multi_dec -138704 quick_dec -0 nack_dec -53950
Flow Uec_478_928 flowId 1047 uecSrc 1046 finished at 803.555 total messages 1 total packets 1224 RTS 0 total bytes 5001264 in_flight now 0 fair_inc 27583 prop_inc 126265 fast_inc 0 eta_inc 38144 multi_dec -199328 quick_dec -0 nack_dec -62250
Flow Uec_261_766 flowId 643 uecSrc 642 finished at 803.723 total messages 1 total packets 1224 RTS 0 total bytes 5001264 in_flight now 0 fair_inc 48601 prop_inc 117730 fast_inc 0 eta_inc 38144 multi_dec -165720 quick_dec -0 nack_dec -45650
Flow Uec_588_1056 flowId 982 uecSrc 981 finished at 803.995 total messages 1 total packets 1224 RTS 0 total bytes 5001264 in_flight now 0 fair_inc 37544 prop_inc 129576 fast_inc 0 eta_inc 37548 multi_dec -183833 quick_dec -0 nack_dec -49800
Flow Uec_564_1070 flowId 594 uecSrc 593 finished at 804.02 total messages 1 total packets 1224 RTS 0 total bytes 5001264 in_flight now 0 fair_inc 37862 prop_inc 120731 fast_inc 0 eta_inc 38144 multi_dec -200433 quick_dec -0 nack_dec -45650
Flow Uec_132_625 flowId 775 uecSrc 774 finished at 804.153 total messages 1 total packets 1224 RTS 0 total bytes 5001264 in_flight now 0 fair_inc 45733 prop_inc 112139 fast_inc 0 eta_inc 37548 multi_dec -219841 quick_dec -0 nack_dec -41500
Flow Uec_123_690 flowId 495 uecSrc 494 finished at 804.29 total messages 1 total packets 1224 RTS 0 total bytes 5001264 in_flight now 0 fair_inc 66013 prop_inc 95128 fast_inc 0 eta_inc 37548 multi_dec -130091 quick_dec -0 nack_dec -70550
Flow Uec_825_265 flowId 560 uecSrc 559 finished at 804.291 total messages 1 total packets 1224 RTS 0 total bytes 5001264 in_flight now 0 fair_inc 62505 prop_inc 105576 fast_inc 0 eta_inc 38144 multi_dec -177402 quick_dec -0 nack_dec -49800
Flow Uec_59_508 flowId 341 uecSrc 340 finished at 804.377 total messages 1 total packets 1224 RTS 0 total bytes 5001264 in_flight now 0 fair_inc 39702 prop_inc 116440 fast_inc 0 eta_inc 37548 multi_dec -145896 quick_dec -0 nack_dec -74700
Flow Uec_652_54 flowId 22 uecSrc 21 finished at 804.486 total messages 1 total packets 1224 RTS 0 total bytes 5001264 in_flight now 0 fair_inc 34065 prop_inc 122527 fast_inc 0 eta_inc 38740 multi_dec -171593 quick_dec -0 nack_dec -41500
Flow Uec_1038_438 flowId 789 uecSrc 788 finished at 804.612 total messages 1 total packets 1224 RTS 0 total bytes 5001264 in_flight now 0 fair_inc 24727 prop_inc 127716 fast_inc 0 eta_inc 37548 multi_dec -169252 quick_dec -0 nack_dec -45650
Flow Uec_551_1043 flowId 1086 uecSrc 1085 finished at 804.702 total messages 1 total packets 1224 RTS 0 total bytes 5001264 in_flight now 0 fair_inc 44679 prop_inc 119149 fast_inc 0 eta_inc 37548 multi_dec -155929 quick_dec -0 nack_dec -41500
Flow Uec_422_980 flowId 1031 uecSrc 1030 finished at 804.819 total messages 1 total packets 1224 RTS 0 total bytes 5001264 in_flight now 0 fair_inc 43179 prop_inc 132571 fast_inc 0 eta_inc 36952 multi_dec -179930 quick_dec -0 nack_dec -70550
Flow Uec_383_832 flowId 1096 uecSrc 1095 finished at 804.864 total messages 1 total packets 1224 RTS 0 total bytes 5001264 in_flight now 0 fair_inc 60087 prop_inc 109895 fast_inc 0 eta_inc 37548 multi_dec -158887 quick_dec -0 nack_dec -58100
Flow Uec_168_614 flowId 250 uecSrc 249 finished at 805.146 total messages 1 total packets 1224 RTS 0 total bytes 5001264 in_flight now 0 fair_inc 51171 prop_inc 124495 fast_inc 0 eta_inc 38144 multi_dec -182506 quick_dec -0 nack_dec -53950
Flow Uec_319_829 flowId 505 uecSrc 504 finished at 805.222 total messages 1 total packets 1224 RTS 0 total bytes 5001264 in_flight now 0 fair_inc 58732 prop_inc 104900 fast_inc 0 eta_inc 38740 multi_dec -168723 quick_dec -0 nack_dec -45650
Flow Uec_65_530 flowId 790 uecSrc 789 finished at 805.279 total messages 1 total packets 1224 RTS 0 total bytes 5001264 in_flight now 0 fair_inc 49554 prop_inc 133696 fast_inc 0 eta_inc 37548 multi_dec -240758 quick_dec -0 nack_dec -49800
Flow Uec_443_984 flowId 627 uecSrc 626 finished at 805.527 total messages 1 total packets 1224 RTS 0 total bytes 5001264 in_flight now 0 fair_inc 43226 prop_inc 115219 fast_inc 0 eta_inc 38144 multi_dec -172595 quick_dec -0 nack_dec -53950
Flow Uec_610_6 flowId 513 uecSrc 512 finished at 805.6 total messages 1 total packets 1224 RTS 0 total bytes 5001264 in_flight now 0 fair_inc 41769 prop_inc 117128 fast_inc 0 eta_inc 37548 multi_dec -169214 quick_dec -0 nack_dec -66400
Flow Uec_873_235 flowId 1080 uecSrc 1079 finished at 805.713 total messages 1 total packets 1224 RTS 0 total bytes 5001264 in_flight now 0 fair_inc 38573 prop_inc 111844 fast_inc 0 eta_inc 38144 multi_dec -133562 quick_dec -0 nack_dec -45650
Flow Uec_1062_426 flowId 110 uecSrc 109 finished at 805.747 total messages 1 total packets 1224 RTS 0 total bytes 5001264 in_flight now 0 fair_inc 37726 prop_inc 125152 fast_inc 0 eta_inc 38144 multi_dec -145650 quick_dec -0 nack_dec -45650
Flow Uec_1080_493 flowId 586 uecSrc 585 finished at 806.118 total messages 1 total packets 1224 RTS 0 total bytes 5001264 in_flight now 0 fair_inc 50437 prop_inc 122972 fast_inc 0 eta_inc 38144 multi_dec -181079 quick_dec -0 nack_dec -41500
Flow Uec_594_1000 flowId 533 uecSrc 532 finished at 806.47 total messages 1 total packets 1224 RTS 0 total bytes 5001264 in_flight now 0 fair_inc 45116 prop_inc 120973 fast_inc 0 eta_inc 36356 multi_dec -146831 quick_dec -0 nack_dec -53950
Flow Uec_1035_491 flowId 1061 uecSrc 1060 finished at 806.652 total messages 1 total packets 1224 RTS 0 total bytes 5001264 in_flight now 0 fair_inc 57119 prop_inc 102825 fast_inc 0 eta_inc 37548 multi_dec -192756 quick_dec -0 nack_dec -29050
Flow Uec_437_911 flowId 258 uecSrc 257 finished at 806.936 total messages 1 total packets 1224 RTS 0 total bytes 5001264 in_flight now 0 fair_inc 48170 prop_inc 117015 fast_inc 0 eta_inc 38144 multi_dec -165939 quick_dec -0 nack_dec -49800
Flow Uec_389_850 flowId 886 uecSrc 885 finished at 807.037 total messages 1 total packets 1224 RTS 0 total bytes 5001264 in_flight now 0 fair_inc 56396 prop_inc 126630 fast_inc 0 eta_inc 38144 multi_dec -182225 quick_dec -0 nack_dec -62250
Flow Uec_479_910 flowId 942 uecSrc 941 finished at 807.254 total messages 1 total packets 1224 RTS 0 total bytes 5001264 in_flight now 0 fair_inc 37651 prop_inc 117083 fast_inc 0 eta_inc 37548 multi_dec -125251 quick_dec -0 nack_dec -74700
Flow Uec_366_890 flowId 795 uecSrc 794 finished at 807.582 total messages 1 total packets 1224 RTS 0 total bytes 5001264 in_flight now 0 fair_inc 33284 prop_inc 109411 fast_inc 0 eta_inc 37548 multi_dec -140225 quick_dec -0 nack_dec -45650
Flow Uec_778_108 flowId 688 uecSrc 687 finished at 807.597 total messages 1 total packets 1224 RTS 0 total bytes 5001264 in_flight now 0 fair_inc 46810 prop_inc 121777 fast_inc 0 eta_inc 37548 multi_dec -156100 quick_dec -0 nack_dec -37350
Flow Uec_1097_417 flowId 580 uecSrc 579 finished at 807.704 total messages 1 total packets 1224 RTS 0 total bytes 5001264 in_flight now 0 fair_inc 32074 prop_inc 109254 fast_inc 0 eta_inc 38740 multi_dec -140302 quick_dec -0 nack_dec -33200
Flow Uec_435_989 flowId 62 uecSrc 61 finished at 807.786 total messages 1 total packets 1224 RTS 0 total bytes 5001264 in_flight now 0 fair_inc 40696 prop_inc 124099 fast_inc 0 eta_inc 38144 multi_dec -169203 quick_dec -0 nack_dec -58100
Flow Uec_654_15 flowId 984 uecSrc 983 finished at 807.797 total messages 1 total packets 1224 RTS 0 total bytes 5001264 in_flight now 0 fair_inc 31281 prop_inc 116307 fast_inc 0 eta_inc 38144 multi_dec -173277 quick_dec -0 nack_dec -37350
Flow Uec_71_540 flowId 453 uecSrc 452 finished at 807.907 total messages 1 total packets 1224 RTS 0 total bytes 5001264 in_flight now 0 fair_inc 58718 prop_inc 107676 fast_inc 0 eta_inc 38144 multi_dec -158064 quick_dec -0 nack_dec -62250
Flow Uec_720_156 flowId 910 uecSrc 909 finished at 808.048 total messages 1 total packets 1224 RTS 0 total bytes 5001264 in_flight now 0 fair_inc 52729 prop_inc 118321 fast_inc 0 eta_inc 37548 multi_dec -146649 quick_dec -0 nack_dec -70550
Flow Uec_177_654 flowId 656 uecSrc 655 finished at 808.361 total messages 1 total packets 1224 RTS 0 total bytes 5001264 in_flight now 0 fair_inc 45495 prop_inc 111659 fast_inc 0 eta_inc 38144 multi_dec -183009 quick_dec -0 nack_dec -45650
Flow Uec_152_693 flowId 222 uecSrc 221 finished at 808.433 total messages 1 total packets 1224 RTS 0 total bytes 5001264 in_flight now 0 fair_inc 35414 prop_inc 113507 fast_inc 0 eta_inc 37548 multi_dec -211217 quick_dec -0 nack_dec -37350
Flow Uec_97_510 flowId 424 uecSrc 423 finished at 808.662 total messages 1 total packets 1224 RTS 0 total bytes 5001264 in_flight now 0 fair_inc 43890 prop_inc 117947 fast_inc 0 eta_inc 37548 multi_dec -164007 quick_dec -0 nack_dec -24900
Flow Uec_998_391 flowId 798 uecSrc 797 finished at 808.724 total messages 1 total packets 1224 RTS 0 total bytes 5001264 in_flight now 0 fair_inc 39846 prop_inc 123065 fast_inc 0 eta_inc 37548 multi_dec -187352 quick_dec -0 nack_dec -49800
Flow Uec_758_134 flowId 979 uecSrc 978 finished at 809.054 total messages 1 total packets 1224 RTS 0 total bytes 5001264 in_flight now 0 fair_inc 42514 prop_inc 102223 fast_inc 0 eta_inc 37548 multi_dec -138854 quick_dec -0 nack_dec -53950
Flow Uec_284_710 flowId 593 uecSrc 592 finished at 809.229 total messages 1 total packets 1224 RTS 0 total bytes 5001264 in_flight now 0 fair_inc 67736 prop_inc 104828 fast_inc 0 eta_inc 38144 multi_dec -159743 quick_dec -0 nack_dec -53950
Flow Uec_321_883 flowId 724 uecSrc 723 finished at 809.472 total messages 1 total packets 1224 RTS 0 total bytes 5001264 in_flight now 0 fair_inc 51760 prop_inc 123501 fast_inc 0 eta_inc 38144 multi_dec -161151 quick_dec -0 nack_dec -53950
Flow Uec_945_334 flowId 1069 uecSrc 1068 finished at 809.581 total messages 1 total packets 1224 RTS 0 total bytes 5001264 in_flight now 0 fair_inc 50904 prop_inc 117653 fast_inc 0 eta_inc 36952 multi_dec -206584 quick_dec -0 nack_dec -41500
Flow Uec_712_135 flowId 674 uecSrc 673 finished at 809.7 total messages 1 total packets 1224 RTS 0 total bytes 5001264 in_flight now 0 fair_inc 43674 prop_inc 134221 fast_inc 0 eta_inc 38144 multi_dec -214040 quick_dec -0 nack_dec -45650
Flow Uec_198_679 flowId 475 uecSrc 474 finished at 809.752 total messages 1 total packets 1224 RTS 0 total bytes 5001264 in_flight now 0 fair_inc 39453 prop_inc 110639 fast_inc 0 eta_inc 37548 multi_dec -151664 quick_dec -0 nack_dec -53950
Flow Uec_174_646 flowId 414 uecSrc 413 finished at 809.916 total messages 1 total packets 1224 RTS 0 total bytes 5001264 in_flight now 0 fair_inc 52704 prop_inc 112394 fast_inc 0 eta_inc 38144 multi_dec -153837 quick_dec -0 nack_dec -70550
Flow Uec_69_554 flowId 419 uecSrc 418 finished at 810.365 total messages 1 total packets 1224 RTS 0 total bytes 5001264 in_flight now 0 fair_inc 59895 prop_inc 99262 fast_inc 0 eta_inc 38740 multi_dec -131598 quick_dec -0 nack_dec -58100
Flow Uec_549_1024 flowId 468 uecSrc 467 finished at 810.438 total messages 1 total packets 1224 RTS 0 total bytes 5001264 in_flight now 0 fair_inc 54754 prop_inc 100157 fast_inc 0 eta_inc 37548 multi_dec -143341 quick_dec -0 nack_dec -49800
Flow Uec_298_720 flowId 1099 uecSrc 1098 finished at 810.466 total messages 1 total packets 1224 RTS 0 total bytes 5001264 in_flight now 0 fair_inc 50584 prop_inc 115263 fast_inc 0 eta_inc 38740 multi_dec -213626 quick_dec -0 nack_dec -29050
Flow Uec_529_1054 flowId 666 uecSrc 665 finished at 810.77 total messages 1 total packets 1224 RTS 0 total bytes 5001264 in_flight now 0 fair_inc 49068 prop_inc 105823 fast_inc 0 eta_inc 38144 multi_dec -184915 quick_dec -0 nack_dec -29050
Flow Uec_990_320 flowId 500 uecSrc 499 finished at 810.862 total messages 1 total packets 1224 RTS 0 total bytes 5001264 in_flight now 0 fair_inc 31862 prop_inc 122187 fast_inc 0 eta_inc 38144 multi_dec -141332 quick_dec -0 nack_dec -49800
Flow Uec_1070_401 flowId 610 uecSrc 609 finished at 811.115 total messages 1 total packets 1224 RTS 0 total bytes 5001264 in_flight now 0 fair_inc 31916 prop_inc 108693 fast_inc 0 eta_inc 38144 multi_dec -186976 quick_dec -0 nack_dec -29050
Flow Uec_500_1057 flowId 213 uecSrc 212 finished at 811.128 total messages 1 total packets 1224 RTS 0 total bytes 5001264 in_flight now 0 fair_inc 55986 prop_inc 97734 fast_inc 0 eta_inc 38144 multi_dec -165221 quick_dec -0 nack_dec -33200
Flow Uec_689_48 flowId 717 uecSrc 716 finished at 811.18 total messages 1 total packets 1224 RTS 0 total bytes 5001264 in_flight now 0 fair_inc 30579 prop_inc 119953 fast_inc 0 eta_inc 38144 multi_dec -140980 quick_dec -0 nack_dec -41500
Flow Uec_191_607 flowId 766 uecSrc 765 finished at 811.237 total messages 1 total packets 1224 RTS 0 total bytes 5001264 in_flight now 0 fair_inc 52547 prop_inc 126519 fast_inc 0 eta_inc 38144 multi_dec -187622 quick_dec -0 nack_dec -62250
Flow Uec_157_663 flowId 846 uecSrc 845 finished at 811.329 total messages 1 total packets 1224 RTS 0 total bytes 5001264 in_flight now 0 fair_inc 35237 prop_inc 126931 fast_inc 0 eta_inc 38144 multi_dec -196567 quick_dec -0 nack_dec -53950
Flow Uec_849_271 flowId 700 uecSrc 699 finished at 811.718 total messages 1 total packets 1224 RTS 0 total bytes 5001264 in_flight now 0 fair_inc 57876 prop_inc 131061 fast_inc 0 eta_inc 38144 multi_dec -193597 quick_dec -0 nack_dec -62250
Flow Uec_323_888 flowId 225 uecSrc 224 finished at 811.852 total messages 1 total packets 1224 RTS 0 total bytes 5001264 in_flight now 0 fair_inc 35916 prop_inc 111640 fast_inc 0 eta_inc 37548 multi_dec -149221 quick_dec -0 nack_dec -41500
Flow Uec_91_532 flowId 774 uecSrc 773 finished at 812.033 total messages 1 total packets 1224 RTS 0 total bytes 5001264 in_flight now 0 fair_inc 54371 prop_inc 115729 fast_inc 0 eta_inc 37548 multi_dec -187255 quick_dec -0 nack_dec -33200
Flow Uec_651_70 flowId 640 uecSrc 639 finished at 812.239 total messages 1 total packets 1224 RTS 0 total bytes 5001264 in_flight now 0 fair_inc 54957 prop_inc 116419 fast_inc 0 eta_inc 38144 multi_dec -180516 quick_dec -0 nack_dec -33200
Flow Uec_965_333 flowId 165 uecSrc 164 finished at 812.652 total messages 1 total packets 1224 RTS 0 total bytes 5001264 in_flight now 0 fair_inc 57968 prop_inc 102930 fast_inc 0 eta_inc 38144 multi_dec -178795 quick_dec -0 nack_dec -53950
Flow Uec_538_1028 flowId 189 uecSrc 188 finished at 812.783 total messages 1 total packets 1224 RTS 0 total bytes 5001264 in_flight now 0 fair_inc 43663 prop_inc 117432 fast_inc 0 eta_inc 38144 multi_dec -183678 quick_dec -0 nack_dec -49800
Flow Uec_291_790 flowId 485 uecSrc 484 finished at 812.992 total messages 1 total packets 1224 RTS 0 total bytes 5001264 in_flight now 0 fair_inc 62181 prop_inc 114435 fast_inc 0 eta_inc 38144 multi_dec -179445 quick_dec -0 nack_dec -45650
Flow Uec_848_244 flowId 163 uecSrc 162 finished at 813.255 total messages 1 total packets 1224 RTS 0 total bytes 5001264 in_flight now 0 fair_inc 53113 prop_inc 95582 fast_inc 0 eta_inc 38144 multi_dec -174832 quick_dec -0 nack_dec -33200
Flow Uec_584_1063 flowId 889 uecSrc 888 finished at 813.402 total messages 1 total packets 1224 RTS 0 total bytes 5001264 in_flight now 0 fair_inc 46483 prop_inc 111294 fast_inc 0 eta_inc 39336 multi_dec -148901 quick_dec -0 nack_dec -45650
Flow Uec_1005_431 flowId 728 uecSrc 727 finished at 814.027 total messages 1 total packets 1224 RTS 0 total bytes 5001264 in_flight now 0 fair_inc 52988 prop_inc 113464 fast_inc 0 eta_inc 38144 multi_dec -170424 quick_dec -0 nack_dec -37350
Flow Uec_979_361 flowId 742 uecSrc 741 finished at 814.614 total messages 1 total packets 1224 RTS 0 total bytes 5001264 in_flight now 0 fair_inc 37617 prop_inc 109401 fast_inc 0 eta_inc 38144 multi_dec -134067 quick_dec -0 nack_dec -53950
Flow Uec_828_279 flowId 100 uecSrc 99 finished at 814.847 total messages 1 total packets 1224 RTS 0 total bytes 5001264 in_flight now 0 fair_inc 39116 prop_inc 112688 fast_inc 0 eta_inc 38144 multi_dec -168377 quick_dec -0 nack_dec -49800
Flow Uec_263_796 flowId 669 uecSrc 668 finished at 815.506 total messages 1 total packets 1224 RTS 0 total bytes 5001264 in_flight now 0 fair_inc 51212 prop_inc 104368 fast_inc 0 eta_inc 38144 multi_dec -158101 quick_dec -0 nack_dec -49800
Flow Uec_95_521 flowId 478 uecSrc 477 finished at 815.531 total messages 1 total packets 1224 RTS 0 total bytes 5001264 in_flight now 0 fair_inc 50537 prop_inc 113449 fast_inc 0 eta_inc 38740 multi_dec -155794 quick_dec -0 nack_dec -58100
Flow Uec_727_191 flowId 104 uecSrc 103 finished at 815.57 total messages 1 total packets 1224 RTS 0 total bytes 5001264 in_flight now 0 fair_inc 58512 prop_inc 129980 fast_inc 0 eta_inc 38144 multi_dec -203166 quick_dec -0 nack_dec -58100
Flow Uec_357_831 flowId 203 uecSrc 202 finished at 816.378 total messages 1 total packets 1224 RTS 0 total bytes 5001264 in_flight now 0 fair_inc 40036 prop_inc 130289 fast_inc 0 eta_inc 38740 multi_dec -151254 quick_dec -0 nack_dec -74700
Flow Uec_6_502 flowId 915 uecSrc 914 finished at 816.741 total messages 1 total packets 1224 RTS 0 total bytes 5001264 in_flight now 0 fair_inc 50518 prop_inc 122211 fast_inc 0 eta_inc 38144 multi_dec -172754 quick_dec -0 nack_dec -58100
Flow Uec_925_371 flowId 664 uecSrc 663 finished at 816.794 total messages 1 total packets 1224 RTS 0 total bytes 5001264 in_flight now 0 fair_inc 38095 prop_inc 113705 fast_inc 0 eta_inc 38144 multi_dec -149560 quick_dec -0 nack_dec -41500
Flow Uec_1042_425 flowId 992 uecSrc 991 finished at 817.266 total messages 1 total packets 1224 RTS 0 total bytes 5001264 in_flight now 0 fair_inc 40933 prop_inc 108186 fast_inc 0 eta_inc 38144 multi_dec -151828 quick_dec -0 nack_dec -33200
Flow Uec_1084_446 flowId 81 uecSrc 80 finished at 817.457 total messages 1 total packets 1224 RTS 0 total bytes 5001264 in_flight now 0 fair_inc 37099 prop_inc 112788 fast_inc 0 eta_inc 38144 multi_dec -149289 quick_dec -0 nack_dec -49800
Flow Uec_305_841 flowId 365 uecSrc 364 finished at 817.679 total messages 1 total packets 1224 RTS 0 total bytes 5001264 in_flight now 0 fair_inc 52027 prop_inc 109647 fast_inc 0 eta_inc 38740 multi_dec -154185 quick_dec -0 nack_dec -62250
Flow Uec_48_580 flowId 801 uecSrc 800 finished at 817.689 total messages 1 total packets 1224 RTS 0 total bytes 5001264 in_flight now 0 fair_inc 40451 prop_inc 104660 fast_inc 0 eta_inc 38740 multi_dec -162151 quick_dec -0 nack_dec -41500
Flow Uec_180_631 flowId 882 uecSrc 881 finished at 817.783 total messages 1 total packets 1224 RTS 0 total bytes 5001264 in_flight now 0 fair_inc 36534 prop_inc 120664 fast_inc 0 eta_inc 37548 multi_dec -161592 quick_dec -0 nack_dec -41500
Flow Uec_113_684 flowId 684 uecSrc 683 finished at 817.828 total messages 1 total packets 1224 RTS 0 total bytes 5001264 in_flight now 0 fair_inc 56498 prop_inc 118202 fast_inc 0 eta_inc 38144 multi_dec -161922 quick_dec -0 nack_dec -49800
Flow Uec_742_133 flowId 1051 uecSrc 1050 finished at 818.808 total messages 1 total packets 1224 RTS 0 total bytes 5001264 in_flight now 0 fair_inc 40585 prop_inc 116826 fast_inc 0 eta_inc 38144 multi_dec -197220 quick_dec -0 nack_dec -45650
Flow Uec_428_921 flowId 20 uecSrc 19 finished at 818.965 total messages 1 total packets 1224 RTS 0 total bytes 5001264 in_flight now 0 fair_inc 46729 prop_inc 126094 fast_inc 0 eta_inc 38144 multi_dec -133960 quick_dec -0 nack_dec -70550
Flow Uec_880_223 flowId 783 uecSrc 782 finished at 819.446 total messages 1 total packets 1224 RTS 0 total bytes 5001264 in_flight now 0 fair_inc 50978 prop_inc 104452 fast_inc 0 eta_inc 38740 multi_dec -188585 quick_dec -0 nack_dec -53950
Flow Uec_265_730 flowId 704 uecSrc 703 finished at 820.267 total messages 1 total packets 1224 RTS 0 total bytes 5001264 in_flight now 0 fair_inc 46412 prop_inc 125649 fast_inc 0 eta_inc 38740 multi_dec -235177 quick_dec -0 nack_dec -16600
Flow Uec_541_1090 flowId 1036 uecSrc 1035 finished at 820.469 total messages 1 total packets 1224 RTS 0 total bytes 5001264 in_flight now 0 fair_inc 54533 prop_inc 130740 fast_inc 0 eta_inc 38144 multi_dec -175167 quick_dec -0 nack_dec -29050
Flow Uec_299_716 flowId 866 uecSrc 865 finished at 820.515 total messages 1 total packets 1224 RTS 0 total bytes 5001264 in_flight now 0 fair_inc 49453 prop_inc 109169 fast_inc 0 eta_inc 38144 multi_dec -193313 quick_dec -0 nack_dec -41500
Flow Uec_292_765 flowId 134 uecSrc 133 finished at 820.817 total messages 1 total packets 1224 RTS 0 total bytes 5001264 in_flight now 0 fair_inc 70287 prop_inc 118863 fast_inc 0 eta_inc 38740 multi_dec -196732 quick_dec -0 nack_dec -49800
Flow Uec_889_218 flowId 344 uecSrc 343 finished at 820.861 total messages 1 total packets 1224 RTS 0 total bytes 5001264 in_flight now 0 fair_inc 41891 prop_inc 131440 fast_inc 0 eta_inc 38740 multi_dec -203998 quick_dec -0 nack_dec -29050
Flow Uec_952_368 flowId 234 uecSrc 233 finished at 821.035 total messages 1 total packets 1224 RTS 0 total bytes 5001264 in_flight now 0 fair_inc 42609 prop_inc 108863 fast_inc 0 eta_inc 38740 multi_dec -145319 quick_dec -0 nack_dec -45650
Flow Uec_1066_409 flowId 19 uecSrc 18 finished at 821.98 total messages 1 total packets 1224 RTS 0 total bytes 5001264 in_flight now 0 fair_inc 52806 prop_inc 112870 fast_inc 0 eta_inc 38740 multi_dec -163744 quick_dec -0 nack_dec -41500
Flow Uec_164_602 flowId 80 uecSrc 79 finished at 822.022 total messages 1 total packets 1224 RTS 0 total bytes 5001264 in_flight now 0 fair_inc 44540 prop_inc 130086 fast_inc 0 eta_inc 39336 multi_dec -226178 quick_dec -0 nack_dec -41500
Flow Uec_653_83 flowId 903 uecSrc 902 finished at 822.111 total messages 1 total packets 1224 RTS 0 total bytes 5001264 in_flight now 0 fair_inc 67995 prop_inc 110559 fast_inc 0 eta_inc 38740 multi_dec -174688 quick_dec -0 nack_dec -33200
Flow Uec_796_158 flowId 564 uecSrc 563 finished at 822.167 total messages 1 total packets 1224 RTS 0 total bytes 5001264 in_flight now 0 fair_inc 62234 prop_inc 112208 fast_inc 0 eta_inc 38740 multi_dec -190696 quick_dec -0 nack_dec -45650
Flow Uec_376_827 flowId 573 uecSrc 572 finished at 822.292 total messages 1 total packets 1224 RTS 0 total bytes 5001264 in_flight now 0 fair_inc 46362 prop_inc 125474 fast_inc 0 eta_inc 38144 multi_dec -144491 quick_dec -0 nack_dec -78850
Flow Uec_158_669 flowId 673 uecSrc 672 finished at 822.364 total messages 1 total packets 1224 RTS 0 total bytes 5001264 in_flight now 0 fair_inc 38894 prop_inc 120970 fast_inc 0 eta_inc 38740 multi_dec -159659 quick_dec -0 nack_dec -24900
Flow Uec_47_533 flowId 1098 uecSrc 1097 finished at 822.891 total messages 1 total packets 1224 RTS 0 total bytes 5001264 in_flight now 0 fair_inc 36236 prop_inc 141285 fast_inc 0 eta_inc 38740 multi_dec -211602 quick_dec -0 nack_dec -41500
Flow Uec_236_755 flowId 432 uecSrc 431 finished at 822.891 total messages 1 total packets 1224 RTS 0 total bytes 5001264 in_flight now 0 fair_inc 58031 prop_inc 111549 fast_inc 0 eta_inc 38740 multi_dec -177632 quick_dec -0 nack_dec -24900
Flow Uec_296_712 flowId 199 uecSrc 198 finished at 823.597 total messages 1 total packets 1224 RTS 0 total bytes 5001264 in_flight now 0 fair_inc 48816 prop_inc 128056 fast_inc 0 eta_inc 38740 multi_dec -191822 quick_dec -0 nack_dec -29050
Flow Uec_601_31 flowId 937 uecSrc 936 finished at 823.785 total messages 1 total packets 1224 RTS 0 total bytes 5001264 in_flight now 0 fair_inc 45673 prop_inc 127621 fast_inc 0 eta_inc 38740 multi_dec -236597 quick_dec -0 nack_dec -29050
Flow Uec_190_673 flowId 857 uecSrc 856 finished at 823.872 total messages 1 total packets 1224 RTS 0 total bytes 5001264 in_flight now 0 fair_inc 43744 prop_inc 108201 fast_inc 0 eta_inc 38740 multi_dec -215649 quick_dec -0 nack_dec -45650
Flow Uec_142_686 flowId 371 uecSrc 370 finished at 824.098 total messages 1 total packets 1224 RTS 0 total bytes 5001264 in_flight now 0 fair_inc 48510 prop_inc 122520 fast_inc 0 eta_inc 38740 multi_dec -182213 quick_dec -0 nack_dec -53950
Flow Uec_446_939 flowId 609 uecSrc 608 finished at 824.242 total messages 1 total packets 1224 RTS 0 total bytes 5001264 in_flight now 0 fair_inc 33773 prop_inc 154081 fast_inc 0 eta_inc 39336 multi_dec -253620 quick_dec -0 nack_dec -24900
Flow Uec_648_94 flowId 1024 uecSrc 1023 finished at 824.323 total messages 1 total packets 1224 RTS 0 total bytes 5001264 in_flight now 0 fair_inc 55564 prop_inc 109079 fast_inc 0 eta_inc 38740 multi_dec -175627 quick_dec -0 nack_dec -62250
Flow Uec_32_538 flowId 607 uecSrc 606 finished at 824.353 total messages 1 total packets 1224 RTS 0 total bytes 5001264 in_flight now 0 fair_inc 47642 prop_inc 118205 fast_inc 0 eta_inc 38740 multi_dec -173240 quick_dec -0 nack_dec -24900
Flow Uec_53_535 flowId 416 uecSrc 415 finished at 824.47 total messages 1 total packets 1224 RTS 0 total bytes 5001264 in_flight now 0 fair_inc 51952 prop_inc 127813 fast_inc 0 eta_inc 38740 multi_dec -212014 quick_dec -0 nack_dec -24900
Flow Uec_837_255 flowId 689 uecSrc 688 finished at 824.5 total messages 1 total packets 1224 RTS 0 total bytes 5001264 in_flight now 0 fair_inc 53004 prop_inc 115073 fast_inc 0 eta_inc 38740 multi_dec -119627 quick_dec -0 nack_dec -83000
Flow Uec_243_744 flowId 941 uecSrc 940 finished at 824.765 total messages 1 total packets 1224 RTS 0 total bytes 5001264 in_flight now 0 fair_inc 46284 prop_inc 128802 fast_inc 0 eta_inc 38740 multi_dec -197755 quick_dec -0 nack_dec -33200
Flow Uec_333_898 flowId 1017 uecSrc 1016 finished at 825.897 total messages 1 total packets 1224 RTS 0 total bytes 5001264 in_flight now 0 fair_inc 45341 prop_inc 122978 fast_inc 0 eta_inc 38144 multi_dec -170033 quick_dec -0 nack_dec -29050
Flow Uec_575_1079 flowId 608 uecSrc 607 finished at 826.272 total messages 1 total packets 1224 RTS 0 total bytes 5001264 in_flight now 0 fair_inc 39183 prop_inc 118266 fast_inc 0 eta_inc 38740 multi_dec -146896 quick_dec -0 nack_dec -41500
Flow Uec_940_300 flowId 720 uecSrc 719 finished at 827.493 total messages 1 total packets 1224 RTS 0 total bytes 5001264 in_flight now 0 fair_inc 46049 prop_inc 115726 fast_inc 0 eta_inc 38144 multi_dec -171312 quick_dec -0 nack_dec -41500
Flow Uec_165_605 flowId 933 uecSrc 932 finished at 828.026 total messages 1 total packets 1224 RTS 0 total bytes 5001264 in_flight now 0 fair_inc 40691 prop_inc 132178 fast_inc 0 eta_inc 39336 multi_dec -170698 quick_dec -0 nack_dec -49800
Flow Uec_233_783 flowId 845 uecSrc 844 finished at 828.197 total messages 1 total packets 1224 RTS 0 total bytes 5001264 in_flight now 0 fair_inc 57041 prop_inc 113901 fast_inc 0 eta_inc 39336 multi_dec -196004 quick_dec -0 nack_dec -53950
Flow Uec_81_565 flowId 46 uecSrc 45 finished at 829.387 total messages 1 total packets 1224 RTS 0 total bytes 5001264 in_flight now 0 fair_inc 49503 prop_inc 124026 fast_inc 0 eta_inc 38144 multi_dec -190389 quick_dec -0 nack_dec -37350
Flow Uec_1081_444 flowId 218 uecSrc 217 finished at 829.465 total messages 1 total packets 1224 RTS 0 total bytes 5001264 in_flight now 0 fair_inc 48490 prop_inc 137602 fast_inc 0 eta_inc 38740 multi_dec -177107 quick_dec -0 nack_dec -74700
Flow Uec_569_1065 flowId 307 uecSrc 306 finished at 829.705 total messages 1 total packets 1224 RTS 0 total bytes 5001264 in_flight now 0 fair_inc 44208 prop_inc 148049 fast_inc 0 eta_inc 38144 multi_dec -181614 quick_dec -0 nack_dec -66400
Flow Uec_641_4 flowId 507 uecSrc 506 finished at 829.791 total messages 1 total packets 1224 RTS 0 total bytes 5001264 in_flight now 0 fair_inc 38034 prop_inc 143593 fast_inc 0 eta_inc 39336 multi_dec -211417 quick_dec -0 nack_dec -58100
Flow Uec_230_799 flowId 945 uecSrc 944 finished at 830.428 total messages 1 total packets 1224 RTS 0 total bytes 5001264 in_flight now 0 fair_inc 43788 prop_inc 127196 fast_inc 0 eta_inc 38740 multi_dec -176689 quick_dec -0 nack_dec -62250
Flow Uec_844_222 flowId 1094 uecSrc 1093 finished at 831.017 total messages 1 total packets 1224 RTS 0 total bytes 5001264 in_flight now 0 fair_inc 52928 prop_inc 123987 fast_inc 0 eta_inc 38740 multi_dec -170065 quick_dec -0 nack_dec -53950
Flow Uec_928_358 flowId 983 uecSrc 982 finished at 831.216 total messages 1 total packets 1224 RTS 0 total bytes 5001264 in_flight now 0 fair_inc 50160 prop_inc 120903 fast_inc 0 eta_inc 38740 multi_dec -144821 quick_dec -0 nack_dec -62250
Flow Uec_460_998 flowId 147 uecSrc 146 finished at 831.433 total messages 1 total packets 1224 RTS 0 total bytes 5001264 in_flight now 0 fair_inc 31987 prop_inc 137553 fast_inc 0 eta_inc 38740 multi_dec -157014 quick_dec -0 nack_dec -58100
Flow Uec_349_838 flowId 116 uecSrc 115 finished at 831.554 total messages 1 total packets 1224 RTS 0 total bytes 5001264 in_flight now 0 fair_inc 51260 prop_inc 123127 fast_inc 0 eta_inc 39336 multi_dec -170010 quick_dec -0 nack_dec -62250
Flow Uec_457_985 flowId 576 uecSrc 575 finished at 831.841 total messages 1 total packets 1224 RTS 0 total bytes 5001264 in_flight now 0 fair_inc 53904 prop_inc 149080 fast_inc 0 eta_inc 37548 multi_dec -228245 quick_dec -0 nack_dec -58100
Flow Uec_893_260 flowId 127 uecSrc 126 finished at 831.926 total messages 1 total packets 1224 RTS 0 total bytes 5001264 in_flight now 0 fair_inc 45463 prop_inc 130356 fast_inc 0 eta_inc 38740 multi_dec -186193 quick_dec -0 nack_dec -41500
Flow Uec_769_181 flowId 436 uecSrc 435 finished at 831.962 total messages 1 total packets 1224 RTS 0 total bytes 5001264 in_flight now 0 fair_inc 58788 prop_inc 128198 fast_inc 0 eta_inc 38740 multi_dec -173215 quick_dec -0 nack_dec -66400
Flow Uec_126_627 flowId 736 uecSrc 735 finished at 832.381 total messages 1 total packets 1224 RTS 0 total bytes 5001264 in_flight now 0 fair_inc 33031 prop_inc 164220 fast_inc 0 eta_inc 38740 multi_dec -232100 quick_dec -0 nack_dec -45650
Flow Uec_489_961 flowId 991 uecSrc 990 finished at 833.06 total messages 1 total packets 1224 RTS 0 total bytes 5001264 in_flight now 0 fair_inc 40641 prop_inc 136604 fast_inc 0 eta_inc 39336 multi_dec -204874 quick_dec -0 nack_dec -62250
Flow Uec_17_572 flowId 809 uecSrc 808 finished at 833.371 total messages 1 total packets 1224 RTS 0 total bytes 5001264 in_flight now 0 fair_inc 31608 prop_inc 139234 fast_inc 0 eta_inc 38740 multi_dec -214578 quick_dec -0 nack_dec -33200
Flow Uec_776_117 flowId 719 uecSrc 718 finished at 833.479 total messages 1 total packets 1224 RTS 0 total bytes 5001264 in_flight now 0 fair_inc 50524 prop_inc 130096 fast_inc 0 eta_inc 38740 multi_dec -204566 quick_dec -0 nack_dec -53950
Flow Uec_145_672 flowId 474 uecSrc 473 finished at 833.767 total messages 1 total packets 1224 RTS 0 total bytes 5001264 in_flight now 0 fair_inc 37499 prop_inc 141514 fast_inc 0 eta_inc 38740 multi_dec -210841 quick_dec -0 nack_dec -49800
Flow Uec_160_652 flowId 227 uecSrc 226 finished at 833.911 total messages 1 total packets 1224 RTS 0 total bytes 5001264 in_flight now 0 fair_inc 50142 prop_inc 132077 fast_inc 0 eta_inc 39336 multi_dec -172175 quick_dec -0 nack_dec -74700
Flow Uec_208_717 flowId 981 uecSrc 980 finished at 834.887 total messages 1 total packets 1224 RTS 0 total bytes 5001264 in_flight now 0 fair_inc 48410 prop_inc 132013 fast_inc 0 eta_inc 39336 multi_dec -182969 quick_dec -0 nack_dec -66400
Flow Uec_461_913 flowId 504 uecSrc 503 finished at 834.894 total messages 1 total packets 1224 RTS 0 total bytes 5001264 in_flight now 0 fair_inc 41448 prop_inc 120430 fast_inc 0 eta_inc 39336 multi_dec -175184 quick_dec -0 nack_dec -49800
Flow Uec_748_140 flowId 536 uecSrc 535 finished at 835.065 total messages 1 total packets 1224 RTS 0 total bytes 5001264 in_flight now 0 fair_inc 46694 prop_inc 124209 fast_inc 0 eta_inc 38740 multi_dec -195419 quick_dec -0 nack_dec -29050
Flow Uec_821_232 flowId 68 uecSrc 67 finished at 835.134 total messages 1 total packets 1224 RTS 0 total bytes 5001264 in_flight now 0 fair_inc 35460 prop_inc 125749 fast_inc 0 eta_inc 39336 multi_dec -132870 quick_dec -0 nack_dec -53950
Flow Uec_513_1080 flowId 638 uecSrc 637 finished at 835.672 total messages 1 total packets 1224 RTS 0 total bytes 5001264 in_flight now 0 fair_inc 48446 prop_inc 125363 fast_inc 0 eta_inc 39932 multi_dec -196828 quick_dec -0 nack_dec -33200
Flow Uec_902_341 flowId 409 uecSrc 408 finished at 835.712 total messages 1 total packets 1224 RTS 0 total bytes 5001264 in_flight now 0 fair_inc 54711 prop_inc 113349 fast_inc 0 eta_inc 38740 multi_dec -164363 quick_dec -0 nack_dec -53950
Flow Uec_657_5 flowId 654 uecSrc 653 finished at 835.785 total messages 1 total packets 1224 RTS 0 total bytes 5001264 in_flight now 0 fair_inc 56215 prop_inc 133683 fast_inc 0 eta_inc 39336 multi_dec -192307 quick_dec -0 nack_dec -41500
Flow Uec_552_1053 flowId 950 uecSrc 949 finished at 835.876 total messages 1 total packets 1224 RTS 0 total bytes 5001264 in_flight now 0 fair_inc 65145 prop_inc 124317 fast_inc 0 eta_inc 39336 multi_dec -210221 quick_dec -0 nack_dec -58100
Flow Uec_231_771 flowId 563 uecSrc 562 finished at 836.045 total messages 1 total packets 1224 RTS 0 total bytes 5001264 in_flight now 0 fair_inc 36170 prop_inc 160331 fast_inc 0 eta_inc 39336 multi_dec -185902 quick_dec -0 nack_dec -58100
Flow Uec_36_531 flowId 890 uecSrc 889 finished at 837.74 total messages 1 total packets 1224 RTS 0 total bytes 5001264 in_flight now 0 fair_inc 78030 prop_inc 122209 fast_inc 0 eta_inc 39336 multi_dec -204937 quick_dec -0 nack_dec -58100
Flow Uec_115_632 flowId 374 uecSrc 373 finished at 837.809 total messages 1 total packets 1224 RTS 0 total bytes 5001264 in_flight now 0 fair_inc 25728 prop_inc 131439 fast_inc 0 eta_inc 38740 multi_dec -172126 quick_dec -0 nack_dec -41500
Flow Uec_730_136 flowId 450 uecSrc 449 finished at 838.179 total messages 1 total packets 1224 RTS 0 total bytes 5001264 in_flight now 0 fair_inc 48236 prop_inc 138999 fast_inc 0 eta_inc 39336 multi_dec -186641 quick_dec -0 nack_dec -66400
Flow Uec_900_328 flowId 196 uecSrc 195 finished at 838.352 total messages 1 total packets 1224 RTS 0 total bytes 5001264 in_flight now 0 fair_inc 55500 prop_inc 136359 fast_inc 0 eta_inc 39336 multi_dec -187967 quick_dec -0 nack_dec -62250
Flow Uec_840_278 flowId 129 uecSrc 128 finished at 838.483 total messages 1 total packets 1224 RTS 0 total bytes 5001264 in_flight now 0 fair_inc 44335 prop_inc 134364 fast_inc 0 eta_inc 40528 multi_dec -168494 quick_dec -0 nack_dec -53950
Flow Uec_585_1039 flowId 772 uecSrc 771 finished at 838.646 total messages 1 total packets 1224 RTS 0 total bytes 5001264 in_flight now 0 fair_inc 51913 prop_inc 116046 fast_inc 0 eta_inc 39336 multi_dec -162091 quick_dec -0 nack_dec -33200
Flow Uec_238_703 flowId 667 uecSrc 666 finished at 838.728 total messages 1 total packets 1224 RTS 0 total bytes 5001264 in_flight now 0 fair_inc 29883 prop_inc 145274 fast_inc 0 eta_inc 39336 multi_dec -194382 quick_dec -0 nack_dec -24900
Flow Uec_710_188 flowId 575 uecSrc 574 finished at 838.804 total messages 1 total packets 1224 RTS 0 total bytes 5001264 in_flight now 0 fair_inc 61541 prop_inc 134171 fast_inc 0 eta_inc 38740 multi_dec -201724 quick_dec -0 nack_dec -58100
Flow Uec_956_366 flowId 927 uecSrc 926 finished at 839 total messages 1 total packets 1224 RTS 0 total bytes 5001264 in_flight now 0 fair_inc 65923 prop_inc 121736 fast_inc 0 eta_inc 39336 multi_dec -211284 quick_dec -0 nack_dec -33200
Flow Uec_723_152 flowId 1084 uecSrc 1083 finished at 839.254 total messages 1 total packets 1224 RTS 0 total bytes 5001264 in_flight now 0 fair_inc 51854 prop_inc 130208 fast_inc 0 eta_inc 38740 multi_dec -181163 quick_dec -0 nack_dec -49800
Flow Uec_640_27 flowId 1039 uecSrc 1038 finished at 839.263 total messages 1 total packets 1224 RTS 0 total bytes 5001264 in_flight now 0 fair_inc 41085 prop_inc 139151 fast_inc 0 eta_inc 39932 multi_dec -208646 quick_dec -0 nack_dec -58100
Flow Uec_154_644 flowId 788 uecSrc 787 finished at 839.466 total messages 1 total packets 1224 RTS 0 total bytes 5001264 in_flight now 0 fair_inc 63669 prop_inc 126636 fast_inc 0 eta_inc 39932 multi_dec -188621 quick_dec -0 nack_dec -49800
Flow Uec_4_501 flowId 156 uecSrc 155 finished at 839.885 total messages 1 total packets 1224 RTS 0 total bytes 5001264 in_flight now 0 fair_inc 47992 prop_inc 131742 fast_inc 0 eta_inc 38740 multi_dec -205099 quick_dec -0 nack_dec -53950
Flow Uec_60_562 flowId 304 uecSrc 303 finished at 839.924 total messages 1 total packets 1224 RTS 0 total bytes 5001264 in_flight now 0 fair_inc 44873 prop_inc 126265 fast_inc 0 eta_inc 39932 multi_dec -222178 quick_dec -0 nack_dec -24900
Flow Uec_163_647 flowId 318 uecSrc 317 finished at 839.925 total messages 1 total packets 1224 RTS 0 total bytes 5001264 in_flight now 0 fair_inc 38256 prop_inc 141300 fast_inc 0 eta_inc 39336 multi_dec -202304 quick_dec -0 nack_dec -49800
Flow Uec_153_600 flowId 806 uecSrc 805 finished at 839.957 total messages 1 total packets 1224 RTS 0 total bytes 5001264 in_flight now 0 fair_inc 65336 prop_inc 132297 fast_inc 0 eta_inc 39336 multi_dec -228311 quick_dec -0 nack_dec -29050
Flow Uec_1003_440 flowId 354 uecSrc 353 finished at 840.224 total messages 1 total packets 1224 RTS 0 total bytes 5001264 in_flight now 0 fair_inc 59113 prop_inc 132942 fast_inc 0 eta_inc 39336 multi_dec -208622 quick_dec -0 nack_dec -53950
Flow Uec_763_173 flowId 770 uecSrc 769 finished at 840.595 total messages 1 total packets 1224 RTS 0 total bytes 5001264 in_flight now 0 fair_inc 43538 prop_inc 140141 fast_inc 0 eta_inc 38740 multi_dec -171059 quick_dec -0 nack_dec -37350
Flow Uec_661_82 flowId 358 uecSrc 357 finished at 840.893 total messages 1 total packets 1224 RTS 0 total bytes 5001264 in_flight now 0 fair_inc 38492 prop_inc 140631 fast_inc 0 eta_inc 39336 multi_dec -154667 quick_dec -0 nack_dec -78850
Flow Uec_811_256 flowId 462 uecSrc 461 finished at 841.931 total messages 1 total packets 1224 RTS 0 total bytes 5001264 in_flight now 0 fair_inc 45272 prop_inc 146499 fast_inc 0 eta_inc 39932 multi_dec -198380 quick_dec -0 nack_dec -41500
Flow Uec_682_9 flowId 558 uecSrc 557 finished at 842.189 total messages 1 total packets 1224 RTS 0 total bytes 5001264 in_flight now 0 fair_inc 49383 prop_inc 134072 fast_inc 0 eta_inc 39336 multi_dec -181067 quick_dec -0 nack_dec -45650
Flow Uec_845_229 flowId 413 uecSrc 412 finished at 842.357 total messages 1 total packets 1224 RTS 0 total bytes 5001264 in_flight now 0 fair_inc 53780 prop_inc 134018 fast_inc 0 eta_inc 39336 multi_dec -180716 quick_dec -0 nack_dec -45650
Flow Uec_317_830 flowId 814 uecSrc 813 finished at 842.49 total messages 1 total packets 1224 RTS 0 total bytes 5001264 in_flight now 0 fair_inc 47739 prop_inc 124850 fast_inc 0 eta_inc 39336 multi_dec -145746 quick_dec -0 nack_dec -58100
Flow Uec_752_151 flowId 492 uecSrc 491 finished at 842.596 total messages 1 total packets 1224 RTS 0 total bytes 5001264 in_flight now 0 fair_inc 49310 prop_inc 131048 fast_inc 0 eta_inc 39336 multi_dec -214823 quick_dec -0 nack_dec -45650
Flow Uec_384_815 flowId 251 uecSrc 250 finished at 842.644 total messages 1 total packets 1224 RTS 0 total bytes 5001264 in_flight now 0 fair_inc 42417 prop_inc 140758 fast_inc 0 eta_inc 39336 multi_dec -212931 quick_dec -0 nack_dec -29050
Flow Uec_809_262 flowId 914 uecSrc 913 finished at 843.043 total messages 1 total packets 1224 RTS 0 total bytes 5001264 in_flight now 0 fair_inc 46699 prop_inc 132193 fast_inc 0 eta_inc 39336 multi_dec -180535 quick_dec -0 nack_dec -37350
Flow Uec_206_772 flowId 306 uecSrc 305 finished at 843.584 total messages 1 total packets 1224 RTS 0 total bytes 5001264 in_flight now 0 fair_inc 65407 prop_inc 134966 fast_inc 0 eta_inc 39336 multi_dec -198504 quick_dec -0 nack_dec -45650
Flow Uec_757_170 flowId 928 uecSrc 927 finished at 843.828 total messages 1 total packets 1224 RTS 0 total bytes 5001264 in_flight now 0 fair_inc 53631 prop_inc 128029 fast_inc 0 eta_inc 39932 multi_dec -172553 quick_dec -0 nack_dec -45650
Flow Uec_418_972 flowId 288 uecSrc 287 finished at 843.936 total messages 1 total packets 1224 RTS 0 total bytes 5001264 in_flight now 0 fair_inc 42063 prop_inc 136276 fast_inc 0 eta_inc 39336 multi_dec -171074 quick_dec -0 nack_dec -58100
Flow Uec_1065_464 flowId 72 uecSrc 71 finished at 844.168 total messages 1 total packets 1224 RTS 0 total bytes 5001264 in_flight now 0 fair_inc 50763 prop_inc 144402 fast_inc 0 eta_inc 38740 multi_dec -230109 quick_dec -0 nack_dec -53950
Flow Uec_7_506 flowId 785 uecSrc 784 finished at 844.49 total messages 1 total packets 1224 RTS 0 total bytes 5001264 in_flight now 0 fair_inc 65788 prop_inc 129836 fast_inc 0 eta_inc 39932 multi_dec -235280 quick_dec -0 nack_dec -33200
Flow Uec_488_935 flowId 226 uecSrc 225 finished at 844.569 total messages 1 total packets 1224 RTS 0 total bytes 5001264 in_flight now 0 fair_inc 54068 prop_inc 140578 fast_inc 0 eta_inc 39336 multi_dec -184112 quick_dec -0 nack_dec -53950
Flow Uec_962_399 flowId 1091 uecSrc 1090 finished at 845.216 total messages 1 total packets 1224 RTS 0 total bytes 5001264 in_flight now 0 fair_inc 60271 prop_inc 121691 fast_inc 0 eta_inc 39932 multi_dec -191578 quick_dec -0 nack_dec -29050
Flow Uec_863_202 flowId 14 uecSrc 13 finished at 845.253 total messages 1 total packets 1224 RTS 0 total bytes 5001264 in_flight now 0 fair_inc 65254 prop_inc 115672 fast_inc 0 eta_inc 39336 multi_dec -155591 quick_dec -0 nack_dec -49800
Flow Uec_151_637 flowId 874 uecSrc 873 finished at 845.382 total messages 1 total packets 1224 RTS 0 total bytes 5001264 in_flight now 0 fair_inc 47533 prop_inc 117409 fast_inc 0 eta_inc 39336 multi_dec -147907 quick_dec -0 nack_dec -58100
Flow Uec_692_11 flowId 200 uecSrc 199 finished at 845.59 total messages 1 total packets 1224 RTS 0 total bytes 5001264 in_flight now 0 fair_inc 57296 prop_inc 133829 fast_inc 0 eta_inc 39336 multi_dec -187163 quick_dec -0 nack_dec -49800
Flow Uec_16_583 flowId 390 uecSrc 389 finished at 845.808 total messages 1 total packets 1224 RTS 0 total bytes 5001264 in_flight now 0 fair_inc 47348 prop_inc 135347 fast_inc 0 eta_inc 39932 multi_dec -194835 quick_dec -0 nack_dec -41500
Flow Uec_175_678 flowId 693 uecSrc 692 finished at 846.177 total messages 1 total packets 1224 RTS 0 total bytes 5001264 in_flight now 0 fair_inc 41879 prop_inc 137306 fast_inc 0 eta_inc 39336 multi_dec -207159 quick_dec -0 nack_dec -45650
Flow Uec_56_523 flowId 59 uecSrc 58 finished at 846.349 total messages 1 total packets 1224 RTS 0 total bytes 5001264 in_flight now 0 fair_inc 57741 prop_inc 116183 fast_inc 0 eta_inc 39932 multi_dec -174328 quick_dec -0 nack_dec -49800
Flow Uec_434_904 flowId 650 uecSrc 649 finished at 846.359 total messages 1 total packets 1224 RTS 0 total bytes 5001264 in_flight now 0 fair_inc 39345 prop_inc 133338 fast_inc 0 eta_inc 39336 multi_dec -146563 quick_dec -0 nack_dec -53950
Flow Uec_416_943 flowId 503 uecSrc 502 finished at 846.676 total messages 1 total packets 1224 RTS 0 total bytes 5001264 in_flight now 0 fair_inc 33283 prop_inc 140309 fast_inc 0 eta_inc 39336 multi_dec -159207 quick_dec -0 nack_dec -45650
Flow Uec_212_715 flowId 574 uecSrc 573 finished at 847.138 total messages 1 total packets 1224 RTS 0 total bytes 5001264 in_flight now 0 fair_inc 50577 prop_inc 127479 fast_inc 0 eta_inc 39932 multi_dec -144163 quick_dec -0 nack_dec -70550
Flow Uec_82_550 flowId 1032 uecSrc 1031 finished at 847.336 total messages 1 total packets 1224 RTS 0 total bytes 5001264 in_flight now 0 fair_inc 29408 prop_inc 135939 fast_inc 0 eta_inc 38740 multi_dec -188912 quick_dec -0 nack_dec -29050
Flow Uec_252_753 flowId 10 uecSrc 9 finished at 847.376 total messages 1 total packets 1224 RTS 0 total bytes 5001264 in_flight now 0 fair_inc 50977 prop_inc 147535 fast_inc 0 eta_inc 39932 multi_dec -197684 quick_dec -0 nack_dec -41500
Flow Uec_224_722 flowId 1062 uecSrc 1061 finished at 847.917 total messages 1 total packets 1224 RTS 0 total bytes 5001264 in_flight now 0 fair_inc 41827 prop_inc 133064 fast_inc 0 eta_inc 39336 multi_dec -206607 quick_dec -0 nack_dec -20750
Flow Uec_407_925 flowId 940 uecSrc 939 finished at 848.438 total messages 1 total packets 1224 RTS 0 total bytes 5001264 in_flight now 0 fair_inc 43746 prop_inc 137895 fast_inc 0 eta_inc 40528 multi_dec -201819 quick_dec -0 nack_dec -33200
Flow Uec_746_121 flowId 60 uecSrc 59 finished at 848.69 total messages 1 total packets 1224 RTS 0 total bytes 5001264 in_flight now 0 fair_inc 56889 prop_inc 124093 fast_inc 0 eta_inc 39336 multi_dec -161311 quick_dec -0 nack_dec -49800
Flow Uec_986_381 flowId 11 uecSrc 10 finished at 848.924 total messages 1 total packets 1224 RTS 0 total bytes 5001264 in_flight now 0 fair_inc 50677 prop_inc 139192 fast_inc 0 eta_inc 39336 multi_dec -202753 quick_dec -0 nack_dec -24900
Flow Uec_37_515 flowId 243 uecSrc 242 finished at 849.463 total messages 1 total packets 1224 RTS 0 total bytes 5001264 in_flight now 0 fair_inc 34388 prop_inc 145507 fast_inc 0 eta_inc 39932 multi_dec -168305 quick_dec -0 nack_dec -45650
Flow Uec_194_601 flowId 836 uecSrc 835 finished at 849.722 total messages 1 total packets 1224 RTS 0 total bytes 5001264 in_flight now 0 fair_inc 41157 prop_inc 137448 fast_inc 0 eta_inc 39336 multi_dec -157875 quick_dec -0 nack_dec -49800
Flow Uec_363_864 flowId 197 uecSrc 196 finished at 849.731 total messages 1 total packets 1224 RTS 0 total bytes 5001264 in_flight now 0 fair_inc 68571 prop_inc 129226 fast_inc 0 eta_inc 39932 multi_dec -200508 quick_dec -0 nack_dec -58100
Flow Uec_715_145 flowId 355 uecSrc 354 finished at 849.926 total messages 1 total packets 1224 RTS 0 total bytes 5001264 in_flight now 0 fair_inc 48866 prop_inc 129575 fast_inc 0 eta_inc 39336 multi_dec -191222 quick_dec -0 nack_dec -16600
Flow Uec_276_735 flowId 249 uecSrc 248 finished at 850.809 total messages 1 total packets 1224 RTS 0 total bytes 5001264 in_flight now 0 fair_inc 52264 prop_inc 140807 fast_inc 0 eta_inc 39932 multi_dec -182640 quick_dec -0 nack_dec -70550
Flow Uec_966_307 flowId 37 uecSrc 36 finished at 850.825 total messages 1 total packets 1224 RTS 0 total bytes 5001264 in_flight now 0 fair_inc 39305 prop_inc 143453 fast_inc 0 eta_inc 39336 multi_dec -157097 quick_dec -0 nack_dec -49800
Flow Uec_734_147 flowId 823 uecSrc 822 finished at 850.99 total messages 1 total packets 1224 RTS 0 total bytes 5001264 in_flight now 0 fair_inc 47021 prop_inc 136348 fast_inc 0 eta_inc 39932 multi_dec -215941 quick_dec -0 nack_dec -16600
Flow Uec_915_304 flowId 527 uecSrc 526 finished at 851.002 total messages 1 total packets 1224 RTS 0 total bytes 5001264 in_flight now 0 fair_inc 31553 prop_inc 144277 fast_inc 0 eta_inc 39932 multi_dec -217821 quick_dec -0 nack_dec -24900
Flow Uec_38_570 flowId 759 uecSrc 758 finished at 851.483 total messages 1 total packets 1224 RTS 0 total bytes 5001264 in_flight now 0 fair_inc 57237 prop_inc 130081 fast_inc 0 eta_inc 39932 multi_dec -177039 quick_dec -0 nack_dec -49800
Flow Uec_245_747 flowId 515 uecSrc 514 finished at 853.75 total messages 1 total packets 1224 RTS 0 total bytes 5001264 in_flight now 0 fair_inc 29613 prop_inc 162244 fast_inc 0 eta_inc 39932 multi_dec -188716 quick_dec -0 nack_dec -58100
Flow Uec_63_586 flowId 847 uecSrc 846 finished at 854.023 total messages 1 total packets 1224 RTS 0 total bytes 5001264 in_flight now 0 fair_inc 46872 prop_inc 131192 fast_inc 0 eta_inc 40528 multi_dec -175565 quick_dec -0 nack_dec -58100
Flow Uec_121_676 flowId 830 uecSrc 829 finished at 854.239 total messages 1 total packets 1224 RTS 0 total bytes 5001264 in_flight now 0 fair_inc 55832 prop_inc 115003 fast_inc 0 eta_inc 39932 multi_dec -176172 quick_dec -0 nack_dec -45650
Flow Uec_597_1036 flowId 422 uecSrc 421 finished at 854.468 total messages 1 total packets 1224 RTS 0 total bytes 5001264 in_flight now 0 fair_inc 57526 prop_inc 145412 fast_inc 0 eta_inc 39336 multi_dec -209692 quick_dec -0 nack_dec -66400
Flow Uec_0_500 flowId 502 uecSrc 501 finished at 854.584 total messages 1 total packets 1224 RTS 0 total bytes 5001264 in_flight now 0 fair_inc 46482 prop_inc 139923 fast_inc 0 eta_inc 40528 multi_dec -225814 quick_dec -0 nack_dec -29050
Flow Uec_1010_432 flowId 211 uecSrc 210 finished at 855.602 total messages 1 total packets 1224 RTS 0 total bytes 5001264 in_flight now 0 fair_inc 50778 prop_inc 135765 fast_inc 0 eta_inc 39336 multi_dec -204242 quick_dec -0 nack_dec -45650
Flow Uec_73_596 flowId 825 uecSrc 824 finished at 855.659 total messages 1 total packets 1224 RTS 0 total bytes 5001264 in_flight now 0 fair_inc 31446 prop_inc 161874 fast_inc 0 eta_inc 39336 multi_dec -210615 quick_dec -0 nack_dec -70550
Flow Uec_202_789 flowId 923 uecSrc 922 finished at 856.416 total messages 1 total packets 1224 RTS 0 total bytes 5001264 in_flight now 0 fair_inc 72018 prop_inc 106636 fast_inc 0 eta_inc 39932 multi_dec -168275 quick_dec -0 nack_dec -53950
Flow Uec_327_807 flowId 152 uecSrc 151 finished at 856.766 total messages 1 total packets 1224 RTS 0 total bytes 5001264 in_flight now 0 fair_inc 49726 prop_inc 124034 fast_inc 0 eta_inc 39932 multi_dec -144781 quick_dec -0 nack_dec -70550
Flow Uec_703_165 flowId 370 uecSrc 369 finished at 857.118 total messages 1 total packets 1224 RTS 0 total bytes 5001264 in_flight now 0 fair_inc 68009 prop_inc 119798 fast_inc 0 eta_inc 39932 multi_dec -196098 quick_dec -0 nack_dec -37350
Flow Uec_583_1083 flowId 668 uecSrc 667 finished at 857.345 total messages 1 total packets 1224 RTS 0 total bytes 5001264 in_flight now 0 fair_inc 40994 prop_inc 155021 fast_inc 0 eta_inc 39932 multi_dec -171581 quick_dec -0 nack_dec -37350
Flow Uec_150_664 flowId 399 uecSrc 398 finished at 857.999 total messages 1 total packets 1224 RTS 0 total bytes 5001264 in_flight now 0 fair_inc 47606 prop_inc 138044 fast_inc 0 eta_inc 39932 multi_dec -182247 quick_dec -0 nack_dec -37350
Flow Uec_1092_434 flowId 205 uecSrc 204 finished at 858.255 total messages 1 total packets 1224 RTS 0 total bytes 5001264 in_flight now 0 fair_inc 37420 prop_inc 143725 fast_inc 0 eta_inc 40528 multi_dec -157241 quick_dec -0 nack_dec -45650
Flow Uec_532_1055 flowId 210 uecSrc 209 finished at 858.446 total messages 1 total packets 1224 RTS 0 total bytes 5001264 in_flight now 0 fair_inc 58864 prop_inc 133597 fast_inc 0 eta_inc 39932 multi_dec -210658 quick_dec -0 nack_dec -29050
Flow Uec_1087_443 flowId 252 uecSrc 251 finished at 859.292 total messages 1 total packets 1224 RTS 0 total bytes 5001264 in_flight now 0 fair_inc 51251 prop_inc 130181 fast_inc 0 eta_inc 40528 multi_dec -187735 quick_dec -0 nack_dec -24900
Flow Uec_977_398 flowId 1077 uecSrc 1076 finished at 860.227 total messages 1 total packets 1224 RTS 0 total bytes 5001264 in_flight now 0 fair_inc 52189 prop_inc 154075 fast_inc 0 eta_inc 40528 multi_dec -218391 quick_dec -0 nack_dec -49800
Flow Uec_421_979 flowId 524 uecSrc 523 finished at 860.52 total messages 1 total packets 1224 RTS 0 total bytes 5001264 in_flight now 0 fair_inc 54691 prop_inc 151841 fast_inc 0 eta_inc 39932 multi_dec -185781 quick_dec -0 nack_dec -58100
Flow Uec_676_76 flowId 473 uecSrc 472 finished at 860.575 total messages 1 total packets 1224 RTS 0 total bytes 5001264 in_flight now 0 fair_inc 46377 prop_inc 133994 fast_inc 0 eta_inc 40528 multi_dec -162785 quick_dec -0 nack_dec -45650
Flow Uec_592_1004 flowId 17 uecSrc 16 finished at 861.539 total messages 1 total packets 1224 RTS 0 total bytes 5001264 in_flight now 0 fair_inc 73797 prop_inc 129473 fast_inc 0 eta_inc 40528 multi_dec -234177 quick_dec -0 nack_dec -37350
Flow Uec_283_775 flowId 517 uecSrc 516 finished at 863.306 total messages 1 total packets 1224 RTS 0 total bytes 5001264 in_flight now 0 fair_inc 59673 prop_inc 131343 fast_inc 0 eta_inc 39932 multi_dec -220883 quick_dec -0 nack_dec -29050
Flow Uec_74_503 flowId 726 uecSrc 725 finished at 863.59 total messages 1 total packets 1224 RTS 0 total bytes 5001264 in_flight now 0 fair_inc 48390 prop_inc 150635 fast_inc 0 eta_inc 39932 multi_dec -239900 quick_dec -0 nack_dec -49800
Flow Uec_989_377 flowId 291 uecSrc 290 finished at 863.629 total messages 1 total packets 1224 RTS 0 total bytes 5001264 in_flight now 0 fair_inc 41673 prop_inc 131379 fast_inc 0 eta_inc 40528 multi_dec -170352 quick_dec -0 nack_dec -41500
Flow Uec_387_817 flowId 745 uecSrc 744 finished at 863.758 total messages 1 total packets 1224 RTS 0 total bytes 5001264 in_flight now 0 fair_inc 43869 prop_inc 139627 fast_inc 0 eta_inc 40528 multi_dec -213881 quick_dec -0 nack_dec -53950
Flow Uec_441_930 flowId 544 uecSrc 543 finished at 864.198 total messages 1 total packets 1224 RTS 0 total bytes 5001264 in_flight now 0 fair_inc 57030 prop_inc 149752 fast_inc 0 eta_inc 40528 multi_dec -174924 quick_dec -0 nack_dec -49800
Flow Uec_504_1062 flowId 1068 uecSrc 1067 finished at 865.062 total messages 1 total packets 1224 RTS 0 total bytes 5001264 in_flight now 0 fair_inc 53695 prop_inc 147297 fast_inc 0 eta_inc 40528 multi_dec -231174 quick_dec -0 nack_dec -45650
Flow Uec_1001_458 flowId 710 uecSrc 709 finished at 865.427 total messages 1 total packets 1224 RTS 0 total bytes 5001264 in_flight now 0 fair_inc 42243 prop_inc 140033 fast_inc 0 eta_inc 39932 multi_dec -154297 quick_dec -0 nack_dec -53950
Flow Uec_343_872 flowId 578 uecSrc 577 finished at 865.714 total messages 1 total packets 1224 RTS 0 total bytes 5001264 in_flight now 0 fair_inc 48023 prop_inc 160321 fast_inc 0 eta_inc 39932 multi_dec -233273 quick_dec -0 nack_dec -78850
Flow Uec_637_8 flowId 596 uecSrc 595 finished at 866.342 total messages 1 total packets 1224 RTS 0 total bytes 5001264 in_flight now 0 fair_inc 47314 prop_inc 155079 fast_inc 0 eta_inc 40528 multi_dec -197751 quick_dec -0 nack_dec -53950
Flow Uec_887_240 flowId 404 uecSrc 403 finished at 866.386 total messages 1 total packets 1224 RTS 0 total bytes 5001264 in_flight now 0 fair_inc 67133 prop_inc 148943 fast_inc 0 eta_inc 40528 multi_dec -194881 quick_dec -0 nack_dec -53950
Flow Uec_850_249 flowId 972 uecSrc 971 finished at 868.294 total messages 1 total packets 1224 RTS 0 total bytes 5001264 in_flight now 0 fair_inc 47075 prop_inc 147293 fast_inc 0 eta_inc 40528 multi_dec -192090 quick_dec -0 nack_dec -53950
Flow Uec_1021_451 flowId 1043 uecSrc 1042 finished at 869.411 total messages 1 total packets 1224 RTS 0 total bytes 5001264 in_flight now 0 fair_inc 50730 prop_inc 161923 fast_inc 0 eta_inc 41124 multi_dec -203560 quick_dec -0 nack_dec -41500
Flow Uec_891_206 flowId 1087 uecSrc 1086 finished at 869.828 total messages 1 total packets 1224 RTS 0 total bytes 5001264 in_flight now 0 fair_inc 49006 prop_inc 142497 fast_inc 0 eta_inc 41124 multi_dec -171426 quick_dec -0 nack_dec -70550
Flow Uec_100_645 flowId 363 uecSrc 362 finished at 870.099 total messages 1 total packets 1224 RTS 0 total bytes 5001264 in_flight now 0 fair_inc 35869 prop_inc 161949 fast_inc 0 eta_inc 40528 multi_dec -204172 quick_dec -0 nack_dec -33200
Flow Uec_1075_419 flowId 458 uecSrc 457 finished at 870.19 total messages 1 total packets 1224 RTS 0 total bytes 5001264 in_flight now 0 fair_inc 49882 prop_inc 136639 fast_inc 0 eta_inc 41124 multi_dec -194936 quick_dec -0 nack_dec -41500
Flow Uec_223_739 flowId 632 uecSrc 631 finished at 870.213 total messages 1 total packets 1224 RTS 0 total bytes 5001264 in_flight now 0 fair_inc 54226 prop_inc 144860 fast_inc 0 eta_inc 39932 multi_dec -189864 quick_dec -0 nack_dec -66400
Flow Uec_84_555 flowId 298 uecSrc 297 finished at 870.26 total messages 1 total packets 1224 RTS 0 total bytes 5001264 in_flight now 0 fair_inc 38217 prop_inc 178002 fast_inc 0 eta_inc 40528 multi_dec -213880 quick_dec -0 nack_dec -70550
Flow Uec_707_114 flowId 484 uecSrc 483 finished at 870.809 total messages 1 total packets 1224 RTS 0 total bytes 5001264 in_flight now 0 fair_inc 45812 prop_inc 167466 fast_inc 0 eta_inc 39932 multi_dec -227430 quick_dec -0 nack_dec -45650
Flow Uec_673_36 flowId 220 uecSrc 219 finished at 870.884 total messages 1 total packets 1224 RTS 0 total bytes 5001264 in_flight now 0 fair_inc 30094 prop_inc 160265 fast_inc 0 eta_inc 39932 multi_dec -181564 quick_dec -0 nack_dec -37350
Flow Uec_125_658 flowId 271 uecSrc 270 finished at 871.924 total messages 1 total packets 1224 RTS 0 total bytes 5001264 in_flight now 0 fair_inc 46112 prop_inc 128971 fast_inc 0 eta_inc 41124 multi_dec -164839 quick_dec -0 nack_dec -49800
Flow Uec_759_178 flowId 749 uecSrc 748 finished at 872.481 total messages 1 total packets 1224 RTS 0 total bytes 5001264 in_flight now 0 fair_inc 59310 prop_inc 134644 fast_inc 0 eta_inc 41124 multi_dec -185045 quick_dec -0 nack_dec -33200
Flow Uec_309_887 flowId 1095 uecSrc 1094 finished at 872.638 total messages 1 total packets 1224 RTS 0 total bytes 5001264 in_flight now 0 fair_inc 40914 prop_inc 161030 fast_inc 0 eta_inc 41720 multi_dec -182748 quick_dec -0 nack_dec -62250
Flow Uec_465_975 flowId 230 uecSrc 229 finished at 872.794 total messages 1 total packets 1224 RTS 0 total bytes 5001264 in_flight now 0 fair_inc 46262 prop_inc 154942 fast_inc 0 eta_inc 40528 multi_dec -221124 quick_dec -0 nack_dec -62250
Flow Uec_992_327 flowId 543 uecSrc 542 finished at 872.978 total messages 1 total packets 1224 RTS 0 total bytes 5001264 in_flight now 0 fair_inc 53470 prop_inc 153141 fast_inc 0 eta_inc 40528 multi_dec -203995 quick_dec -0 nack_dec -49800
Flow Uec_85_520 flowId 906 uecSrc 905 finished at 875.283 total messages 1 total packets 1224 RTS 0 total bytes 5001264 in_flight now 0 fair_inc 40329 prop_inc 148906 fast_inc 0 eta_inc 41124 multi_dec -206023 quick_dec -0 nack_dec -24900
Flow Uec_511_1041 flowId 418 uecSrc 417 finished at 875.623 total messages 1 total packets 1224 RTS 0 total bytes 5001264 in_flight now 0 fair_inc 44004 prop_inc 172753 fast_inc 0 eta_inc 41720 multi_dec -210015 quick_dec -0 nack_dec -70550
Flow Uec_50_582 flowId 442 uecSrc 441 finished at 875.75 total messages 1 total packets 1224 RTS 0 total bytes 5001264 in_flight now 0 fair_inc 62539 prop_inc 162741 fast_inc 0 eta_inc 40528 multi_dec -236934 quick_dec -0 nack_dec -66400
Flow Uec_466_902 flowId 718 uecSrc 717 finished at 876.412 total messages 1 total packets 1224 RTS 0 total bytes 5001264 in_flight now 0 fair_inc 47288 prop_inc 163245 fast_inc 0 eta_inc 40528 multi_dec -173245 quick_dec -0 nack_dec -66400
Flow Uec_658_62 flowId 193 uecSrc 192 finished at 877.83 total messages 1 total packets 1224 RTS 0 total bytes 5001264 in_flight now 0 fair_inc 38213 prop_inc 165752 fast_inc 0 eta_inc 41124 multi_dec -210927 quick_dec -0 nack_dec -58100
Flow Uec_516_1058 flowId 824 uecSrc 823 finished at 878.638 total messages 1 total packets 1224 RTS 0 total bytes 5001264 in_flight now 0 fair_inc 67572 prop_inc 125461 fast_inc 0 eta_inc 41124 multi_dec -210965 quick_dec -0 nack_dec -53950
Flow Uec_183_666 flowId 242 uecSrc 241 finished at 879.502 total messages 1 total packets 1224 RTS 0 total bytes 5001264 in_flight now 0 fair_inc 65882 prop_inc 150922 fast_inc 0 eta_inc 41124 multi_dec -229525 quick_dec -0 nack_dec -33200
Flow Uec_708_180 flowId 476 uecSrc 475 finished at 879.684 total messages 1 total packets 1224 RTS 0 total bytes 5001264 in_flight now 0 fair_inc 52380 prop_inc 150944 fast_inc 0 eta_inc 41124 multi_dec -239206 quick_dec -0 nack_dec -41500
Flow Uec_136_628 flowId 912 uecSrc 911 finished at 880.798 total messages 1 total packets 1224 RTS 0 total bytes 5001264 in_flight now 0 fair_inc 30246 prop_inc 174659 fast_inc 0 eta_inc 40528 multi_dec -194347 quick_dec -0 nack_dec -53950
Flow Uec_75_587 flowId 804 uecSrc 803 finished at 880.912 total messages 1 total packets 1224 RTS 0 total bytes 5001264 in_flight now 0 fair_inc 44125 prop_inc 163211 fast_inc 0 eta_inc 40528 multi_dec -205205 quick_dec -0 nack_dec -41500
Flow Uec_361_871 flowId 703 uecSrc 702 finished at 880.963 total messages 1 total packets 1224 RTS 0 total bytes 5001264 in_flight now 0 fair_inc 56224 prop_inc 147528 fast_inc 0 eta_inc 39932 multi_dec -178093 quick_dec -0 nack_dec -45650
Flow Uec_614_86 flowId 1013 uecSrc 1012 finished at 881.133 total messages 1 total packets 1224 RTS 0 total bytes 5001264 in_flight now 0 fair_inc 36360 prop_inc 160805 fast_inc 0 eta_inc 41124 multi_dec -189260 quick_dec -0 nack_dec -49800
Flow Uec_892_269 flowId 293 uecSrc 292 finished at 882.938 total messages 1 total packets 1224 RTS 0 total bytes 5001264 in_flight now 0 fair_inc 52556 prop_inc 168710 fast_inc 0 eta_inc 41124 multi_dec -210375 quick_dec -0 nack_dec -66400
Flow Uec_392_814 flowId 561 uecSrc 560 finished at 883.537 total messages 1 total packets 1224 RTS 0 total bytes 5001264 in_flight now 0 fair_inc 68437 prop_inc 150870 fast_inc 0 eta_inc 41124 multi_dec -248884 quick_dec -0 nack_dec -41500
Flow Uec_320_848 flowId 381 uecSrc 380 finished at 884.148 total messages 1 total packets 1224 RTS 0 total bytes 5001264 in_flight now 0 fair_inc 48935 prop_inc 167305 fast_inc 0 eta_inc 41124 multi_dec -206283 quick_dec -0 nack_dec -70550
Flow Uec_134_657 flowId 819 uecSrc 818 finished at 884.257 total messages 1 total packets 1224 RTS 0 total bytes 5001264 in_flight now 0 fair_inc 33440 prop_inc 171095 fast_inc 12121 eta_inc 39932 multi_dec -271023 quick_dec -0 nack_dec -33200
Flow Uec_315_854 flowId 855 uecSrc 854 finished at 884.582 total messages 1 total packets 1224 RTS 0 total bytes 5001264 in_flight now 0 fair_inc 62045 prop_inc 147031 fast_inc 0 eta_inc 42316 multi_dec -211643 quick_dec -0 nack_dec -37350
Flow Uec_176_604 flowId 132 uecSrc 131 finished at 884.803 total messages 1 total packets 1224 RTS 0 total bytes 5001264 in_flight now 0 fair_inc 40726 prop_inc 163119 fast_inc 0 eta_inc 41124 multi_dec -231205 quick_dec -0 nack_dec -53950
Flow Uec_325_821 flowId 435 uecSrc 434 finished at 884.831 total messages 1 total packets 1224 RTS 0 total bytes 5001264 in_flight now 0 fair_inc 48052 prop_inc 145535 fast_inc 0 eta_inc 41124 multi_dec -185268 quick_dec -0 nack_dec -41500
Flow Uec_897_295 flowId 173 uecSrc 172 finished at 886.12 total messages 1 total packets 1224 RTS 0 total bytes 5001264 in_flight now 0 fair_inc 52496 prop_inc 164928 fast_inc 0 eta_inc 41124 multi_dec -190240 quick_dec -0 nack_dec -53950
Flow Uec_1074_403 flowId 637 uecSrc 636 finished at 886.189 total messages 1 total packets 1224 RTS 0 total bytes 5001264 in_flight now 0 fair_inc 50503 prop_inc 147576 fast_inc 0 eta_inc 41720 multi_dec -178554 quick_dec -0 nack_dec -41500
Flow Uec_862_284 flowId 285 uecSrc 284 finished at 886.472 total messages 1 total packets 1224 RTS 0 total bytes 5001264 in_flight now 0 fair_inc 45275 prop_inc 165781 fast_inc 0 eta_inc 41124 multi_dec -183165 quick_dec -0 nack_dec -41500
Flow Uec_520_1045 flowId 170 uecSrc 169 finished at 888.202 total messages 1 total packets 1224 RTS 0 total bytes 5001264 in_flight now 0 fair_inc 55584 prop_inc 150520 fast_inc 0 eta_inc 41124 multi_dec -179182 quick_dec -0 nack_dec -49800
Flow Uec_967_392 flowId 771 uecSrc 770 finished at 888.289 total messages 1 total packets 1224 RTS 0 total bytes 5001264 in_flight now 0 fair_inc 64375 prop_inc 154535 fast_inc 0 eta_inc 41720 multi_dec -207985 quick_dec -0 nack_dec -45650
Flow Uec_700_105 flowId 264 uecSrc 263 finished at 889.158 total messages 1 total packets 1224 RTS 0 total bytes 5001264 in_flight now 0 fair_inc 56797 prop_inc 164053 fast_inc 0 eta_inc 41124 multi_dec -259869 quick_dec -0 nack_dec -29050
Flow Uec_487_951 flowId 545 uecSrc 544 finished at 890.189 total messages 1 total packets 1224 RTS 0 total bytes 5001264 in_flight now 0 fair_inc 44295 prop_inc 170606 fast_inc 0 eta_inc 41720 multi_dec -197490 quick_dec -0 nack_dec -78850
Flow Uec_127_696 flowId 483 uecSrc 482 finished at 890.246 total messages 1 total packets 1224 RTS 0 total bytes 5001264 in_flight now 0 fair_inc 59049 prop_inc 155739 fast_inc 8082 eta_inc 41124 multi_dec -237349 quick_dec -0 nack_dec -33200
Flow Uec_1078_461 flowId 67 uecSrc 66 finished at 891.024 total messages 1 total packets 1224 RTS 0 total bytes 5001264 in_flight now 0 fair_inc 43142 prop_inc 156372 fast_inc 0 eta_inc 41720 multi_dec -207388 quick_dec -0 nack_dec -24900
Flow Uec_225_786 flowId 612 uecSrc 611 finished at 891.332 total messages 1 total packets 1224 RTS 0 total bytes 5001264 in_flight now 0 fair_inc 57580 prop_inc 158257 fast_inc 0 eta_inc 41720 multi_dec -173636 quick_dec -0 nack_dec -53950
Flow Uec_92_539 flowId 784 uecSrc 783 finished at 891.81 total messages 1 total packets 1224 RTS 0 total bytes 5001264 in_flight now 0 fair_inc 42583 prop_inc 175853 fast_inc 0 eta_inc 41720 multi_dec -236229 quick_dec -0 nack_dec -41500
Flow Uec_660_64 flowId 1025 uecSrc 1024 finished at 892.677 total messages 1 total packets 1224 RTS 0 total bytes 5001264 in_flight now 0 fair_inc 46226 prop_inc 173162 fast_inc 0 eta_inc 41124 multi_dec -192434 quick_dec -0 nack_dec -45650
Flow Uec_18_505 flowId 1003 uecSrc 1002 finished at 893.237 total messages 1 total packets 1224 RTS 0 total bytes 5001264 in_flight now 0 fair_inc 51924 prop_inc 146642 fast_inc 0 eta_inc 40528 multi_dec -183768 quick_dec -0 nack_dec -45650
Flow Uec_362_846 flowId 28 uecSrc 27 finished at 893.457 total messages 1 total packets 1224 RTS 0 total bytes 5001264 in_flight now 0 fair_inc 63824 prop_inc 154431 fast_inc 0 eta_inc 42316 multi_dec -228328 quick_dec -0 nack_dec -41500
Flow Uec_1067_498 flowId 448 uecSrc 447 finished at 895.266 total messages 1 total packets 1224 RTS 0 total bytes 5001264 in_flight now 0 fair_inc 59724 prop_inc 143227 fast_inc 0 eta_inc 41124 multi_dec -177722 quick_dec -0 nack_dec -58100
Flow Uec_505_1097 flowId 999 uecSrc 998 finished at 898.172 total messages 1 total packets 1224 RTS 0 total bytes 5001264 in_flight now 0 fair_inc 68795 prop_inc 165434 fast_inc 0 eta_inc 41124 multi_dec -228434 quick_dec -0 nack_dec -24900
Flow Uec_756_115 flowId 787 uecSrc 786 finished at 898.842 total messages 1 total packets 1224 RTS 0 total bytes 5001264 in_flight now 0 fair_inc 53369 prop_inc 166934 fast_inc 0 eta_inc 40528 multi_dec -176576 quick_dec -0 nack_dec -58100
Flow Uec_736_149 flowId 805 uecSrc 804 finished at 898.855 total messages 1 total packets 1224 RTS 0 total bytes 5001264 in_flight now 0 fair_inc 53551 prop_inc 177887 fast_inc 16164 eta_inc 41720 multi_dec -238319 quick_dec -0 nack_dec -45650
Flow Uec_379_878 flowId 61 uecSrc 60 finished at 899.656 total messages 1 total packets 1224 RTS 0 total bytes 5001264 in_flight now 0 fair_inc 50704 prop_inc 161790 fast_inc 0 eta_inc 41720 multi_dec -201042 quick_dec -0 nack_dec -53950
Flow Uec_474_948 flowId 686 uecSrc 685 finished at 900.148 total messages 1 total packets 1224 RTS 0 total bytes 5001264 in_flight now 0 fair_inc 49277 prop_inc 182828 fast_inc 0 eta_inc 41720 multi_dec -240628 quick_dec -0 nack_dec -66400
Flow Uec_824_207 flowId 880 uecSrc 879 finished at 901.85 total messages 1 total packets 1224 RTS 0 total bytes 5001264 in_flight now 0 fair_inc 43502 prop_inc 160221 fast_inc 0 eta_inc 41720 multi_dec -167644 quick_dec -0 nack_dec -49800
Flow Uec_1069_481 flowId 1056 uecSrc 1055 finished at 901.918 total messages 1 total packets 1224 RTS 0 total bytes 5001264 in_flight now 0 fair_inc 41530 prop_inc 170864 fast_inc 0 eta_inc 42912 multi_dec -197244 quick_dec -0 nack_dec -37350
Flow Uec_866_238 flowId 1088 uecSrc 1087 finished at 902.596 total messages 1 total packets 1224 RTS 0 total bytes 5001264 in_flight now 0 fair_inc 42417 prop_inc 167992 fast_inc 0 eta_inc 42316 multi_dec -207786 quick_dec -0 nack_dec -58100
Flow Uec_706_186 flowId 531 uecSrc 530 finished at 902.876 total messages 1 total packets 1224 RTS 0 total bytes 5001264 in_flight now 0 fair_inc 60182 prop_inc 162781 fast_inc 0 eta_inc 42316 multi_dec -223814 quick_dec -0 nack_dec -58100
Flow Uec_350_857 flowId 35 uecSrc 34 finished at 902.913 total messages 1 total packets 1224 RTS 0 total bytes 5001264 in_flight now 0 fair_inc 42433 prop_inc 160808 fast_inc 0 eta_inc 41124 multi_dec -230336 quick_dec -0 nack_dec -45650
Flow Uec_972_342 flowId 174 uecSrc 173 finished at 903.147 total messages 1 total packets 1224 RTS 0 total bytes 5001264 in_flight now 0 fair_inc 43150 prop_inc 169267 fast_inc 0 eta_inc 41720 multi_dec -167861 quick_dec -0 nack_dec -70550
Flow Uec_568_1087 flowId 428 uecSrc 427 finished at 904.1 total messages 1 total packets 1224 RTS 0 total bytes 5001264 in_flight now 0 fair_inc 31223 prop_inc 181050 fast_inc 0 eta_inc 42316 multi_dec -219761 quick_dec -0 nack_dec -45650
Flow Uec_953_354 flowId 136 uecSrc 135 finished at 904.574 total messages 1 total packets 1224 RTS 0 total bytes 5001264 in_flight now 0 fair_inc 33258 prop_inc 166203 fast_inc 0 eta_inc 41720 multi_dec -173630 quick_dec -0 nack_dec -45650
Flow Uec_302_819 flowId 792 uecSrc 791 finished at 904.715 total messages 1 total packets 1224 RTS 0 total bytes 5001264 in_flight now 0 fair_inc 33303 prop_inc 167144 fast_inc 0 eta_inc 42316 multi_dec -166934 quick_dec -0 nack_dec -53950
Flow Uec_603_77 flowId 438 uecSrc 437 finished at 905.284 total messages 1 total packets 1224 RTS 0 total bytes 5001264 in_flight now 0 fair_inc 25174 prop_inc 174528 fast_inc 13133 eta_inc 41124 multi_dec -198591 quick_dec -0 nack_dec -66400
Flow Uec_1049_459 flowId 618 uecSrc 617 finished at 905.867 total messages 1 total packets 1224 RTS 0 total bytes 5001264 in_flight now 0 fair_inc 58796 prop_inc 159251 fast_inc 0 eta_inc 42316 multi_dec -173778 quick_dec -0 nack_dec -74700
Flow Uec_495_976 flowId 873 uecSrc 872 finished at 906.926 total messages 1 total packets 1224 RTS 0 total bytes 5001264 in_flight now 0 fair_inc 51144 prop_inc 171623 fast_inc 0 eta_inc 41720 multi_dec -205880 quick_dec -0 nack_dec -58100
Flow Uec_521_1030 flowId 141 uecSrc 140 finished at 907.77 total messages 1 total packets 1224 RTS 0 total bytes 5001264 in_flight now 0 fair_inc 53223 prop_inc 161495 fast_inc 0 eta_inc 42316 multi_dec -204409 quick_dec -0 nack_dec -37350
Flow Uec_493_923 flowId 985 uecSrc 984 finished at 907.891 total messages 1 total packets 1224 RTS 0 total bytes 5001264 in_flight now 0 fair_inc 54087 prop_inc 166667 fast_inc 0 eta_inc 41720 multi_dec -208486 quick_dec -0 nack_dec -49800
Flow Uec_744_141 flowId 922 uecSrc 921 finished at 908.341 total messages 1 total packets 1224 RTS 0 total bytes 5001264 in_flight now 0 fair_inc 52735 prop_inc 175124 fast_inc 0 eta_inc 42316 multi_dec -234813 quick_dec -0 nack_dec -45650
Flow Uec_467_912 flowId 905 uecSrc 904 finished at 908.664 total messages 1 total packets 1224 RTS 0 total bytes 5001264 in_flight now 0 fair_inc 42611 prop_inc 172138 fast_inc 4041 eta_inc 41720 multi_dec -192269 quick_dec -0 nack_dec -49800
Flow Uec_728_172 flowId 382 uecSrc 381 finished at 910.609 total messages 1 total packets 1224 RTS 0 total bytes 5001264 in_flight now 0 fair_inc 43595 prop_inc 186418 fast_inc 0 eta_inc 41720 multi_dec -248555 quick_dec -0 nack_dec -37350
Flow Uec_369_845 flowId 71 uecSrc 70 finished at 912.022 total messages 1 total packets 1224 RTS 0 total bytes 5001264 in_flight now 0 fair_inc 60434 prop_inc 166656 fast_inc 0 eta_inc 42316 multi_dec -210827 quick_dec -0 nack_dec -45650
Flow Uec_971_350 flowId 709 uecSrc 708 finished at 913.481 total messages 1 total packets 1224 RTS 0 total bytes 5001264 in_flight now 0 fair_inc 39494 prop_inc 177658 fast_inc 5753 eta_inc 42316 multi_dec -205030 quick_dec -0 nack_dec -41500
Flow Uec_144_639 flowId 617 uecSrc 616 finished at 914.501 total messages 1 total packets 1224 RTS 0 total bytes 5001264 in_flight now 0 fair_inc 63833 prop_inc 162581 fast_inc 57276 eta_inc 42316 multi_dec -255783 quick_dec -0 nack_dec -33200
Flow Uec_994_373 flowId 587 uecSrc 586 finished at 914.676 total messages 1 total packets 1224 RTS 0 total bytes 5001264 in_flight now 0 fair_inc 59127 prop_inc 172914 fast_inc 0 eta_inc 42316 multi_dec -249438 quick_dec -0 nack_dec -41500
Flow Uec_57_558 flowId 1081 uecSrc 1080 finished at 914.924 total messages 1 total packets 1224 RTS 0 total bytes 5001264 in_flight now 0 fair_inc 40900 prop_inc 179947 fast_inc 0 eta_inc 42316 multi_dec -207325 quick_dec -0 nack_dec -49800
Flow Uec_337_811 flowId 993 uecSrc 992 finished at 921.368 total messages 1 total packets 1224 RTS 0 total bytes 5001264 in_flight now 0 fair_inc 54181 prop_inc 175832 fast_inc 0 eta_inc 42912 multi_dec -200756 quick_dec -0 nack_dec -66400
Flow Uec_12_549 flowId 379 uecSrc 378 finished at 921.631 total messages 1 total packets 1224 RTS 0 total bytes 5001264 in_flight now 0 fair_inc 51404 prop_inc 187673 fast_inc 0 eta_inc 42912 multi_dec -201398 quick_dec -0 nack_dec -74700
Flow Uec_1083_413 flowId 713 uecSrc 712 finished at 922.294 total messages 1 total packets 1224 RTS 0 total bytes 5001264 in_flight now 0 fair_inc 61404 prop_inc 162954 fast_inc 0 eta_inc 42316 multi_dec -200500 quick_dec -0 nack_dec -45650
Flow Uec_643_93 flowId 261 uecSrc 260 finished at 923.27 total messages 1 total packets 1224 RTS 0 total bytes 5001264 in_flight now 0 fair_inc 29010 prop_inc 186331 fast_inc 0 eta_inc 42316 multi_dec -193595 quick_dec -0 nack_dec -62250
Flow Uec_173_674 flowId 415 uecSrc 414 finished at 923.447 total messages 1 total packets 1224 RTS 0 total bytes 5001264 in_flight now 0 fair_inc 55446 prop_inc 159601 fast_inc 44450 eta_inc 42316 multi_dec -217511 quick_dec -0 nack_dec -33200
Flow Uec_398_839 flowId 169 uecSrc 168 finished at 925.048 total messages 1 total packets 1224 RTS 0 total bytes 5001264 in_flight now 0 fair_inc 56680 prop_inc 157675 fast_inc 0 eta_inc 42316 multi_dec -198349 quick_dec -0 nack_dec -33200
Flow Uec_1093_484 flowId 133 uecSrc 132 finished at 926.565 total messages 1 total packets 1224 RTS 0 total bytes 5001264 in_flight now 0 fair_inc 37425 prop_inc 187374 fast_inc 0 eta_inc 42912 multi_dec -228965 quick_dec -0 nack_dec -20750
Flow Uec_137_619 flowId 559 uecSrc 558 finished at 927.024 total messages 1 total packets 1224 RTS 0 total bytes 5001264 in_flight now 0 fair_inc 52807 prop_inc 168223 fast_inc 0 eta_inc 42316 multi_dec -185956 quick_dec -0 nack_dec -58100
Flow Uec_458_995 flowId 297 uecSrc 296 finished at 927.359 total messages 1 total packets 1224 RTS 0 total bytes 5001264 in_flight now 0 fair_inc 29200 prop_inc 198660 fast_inc 0 eta_inc 42316 multi_dec -213889 quick_dec -0 nack_dec -37350
Flow Uec_468_922 flowId 276 uecSrc 275 finished at 927.444 total messages 1 total packets 1224 RTS 0 total bytes 5001264 in_flight now 0 fair_inc 53790 prop_inc 166569 fast_inc 0 eta_inc 42912 multi_dec -176193 quick_dec -0 nack_dec -70550
Flow Uec_219_728 flowId 546 uecSrc 545 finished at 928.158 total messages 1 total packets 1224 RTS 0 total bytes 5001264 in_flight now 0 fair_inc 68157 prop_inc 168334 fast_inc 0 eta_inc 42316 multi_dec -226567 quick_dec -0 nack_dec -37350
Flow Uec_524_1049 flowId 588 uecSrc 587 finished at 931.122 total messages 1 total packets 1224 RTS 0 total bytes 5001264 in_flight now 0 fair_inc 72169 prop_inc 178561 fast_inc 0 eta_inc 43508 multi_dec -236012 quick_dec -0 nack_dec -41500
Flow Uec_332_869 flowId 241 uecSrc 240 finished at 932.187 total messages 1 total packets 1224 RTS 0 total bytes 5001264 in_flight now 0 fair_inc 49808 prop_inc 172118 fast_inc 0 eta_inc 43508 multi_dec -185664 quick_dec -0 nack_dec -49800
Flow Uec_425_958 flowId 96 uecSrc 95 finished at 934.331 total messages 1 total packets 1224 RTS 0 total bytes 5001264 in_flight now 0 fair_inc 62634 prop_inc 188894 fast_inc 0 eta_inc 42912 multi_dec -218812 quick_dec -0 nack_dec -58100
Flow Uec_858_264 flowId 797 uecSrc 796 finished at 935.6 total messages 1 total packets 1224 RTS 0 total bytes 5001264 in_flight now 0 fair_inc 55842 prop_inc 185676 fast_inc 0 eta_inc 42912 multi_dec -183981 quick_dec -0 nack_dec -53950
Flow Uec_396_809 flowId 526 uecSrc 525 finished at 935.722 total messages 1 total packets 1224 RTS 0 total bytes 5001264 in_flight now 0 fair_inc 49684 prop_inc 177461 fast_inc 0 eta_inc 42912 multi_dec -246481 quick_dec -0 nack_dec -33200
Flow Uec_565_1064 flowId 76 uecSrc 75 finished at 940.31 total messages 1 total packets 1224 RTS 0 total bytes 5001264 in_flight now 0 fair_inc 58993 prop_inc 188033 fast_inc 0 eta_inc 44104 multi_dec -249996 quick_dec -0 nack_dec -37350
Flow Uec_13_512 flowId 389 uecSrc 388 finished at 940.887 total messages 1 total packets 1224 RTS 0 total bytes 5001264 in_flight now 0 fair_inc 37053 prop_inc 183848 fast_inc 0 eta_inc 43508 multi_dec -199934 quick_dec -0 nack_dec -49800
Flow Uec_453_981 flowId 44 uecSrc 43 finished at 945.035 total messages 1 total packets 1224 RTS 0 total bytes 5001264 in_flight now 0 fair_inc 49685 prop_inc 205439 fast_inc 0 eta_inc 43508 multi_dec -250049 quick_dec -0 nack_dec -37350
Flow Uec_106_651 flowId 828 uecSrc 827 finished at 946.498 total messages 1 total packets 1224 RTS 0 total bytes 5001264 in_flight now 0 fair_inc 49217 prop_inc 188053 fast_inc 0 eta_inc 43508 multi_dec -237849 quick_dec -0 nack_dec -45650
Flow Uec_258_706 flowId 94 uecSrc 93 finished at 947.302 total messages 1 total packets 1224 RTS 0 total bytes 5001264 in_flight now 0 fair_inc 45540 prop_inc 186433 fast_inc 0 eta_inc 44104 multi_dec -196895 quick_dec -0 nack_dec -70550
Flow Uec_510_1037 flowId 661 uecSrc 660 finished at 947.419 total messages 1 total packets 1224 RTS 0 total bytes 5001264 in_flight now 0 fair_inc 55449 prop_inc 180898 fast_inc 0 eta_inc 44104 multi_dec -215689 quick_dec -0 nack_dec -45650
Flow Uec_679_69 flowId 518 uecSrc 517 finished at 948.75 total messages 1 total packets 1224 RTS 0 total bytes 5001264 in_flight now 0 fair_inc 77196 prop_inc 175228 fast_inc 0 eta_inc 43508 multi_dec -205100 quick_dec -0 nack_dec -62250
Flow Uec_938_351 flowId 934 uecSrc 933 finished at 950.439 total messages 1 total packets 1224 RTS 0 total bytes 5001264 in_flight now 0 fair_inc 48939 prop_inc 203189 fast_inc 0 eta_inc 43508 multi_dec -223034 quick_dec -0 nack_dec -45650
Flow Uec_874_241 flowId 113 uecSrc 112 finished at 953.29 total messages 1 total packets 1224 RTS 0 total bytes 5001264 in_flight now 0 fair_inc 60664 prop_inc 183254 fast_inc 8082 eta_inc 43508 multi_dec -238993 quick_dec -0 nack_dec -33200
Flow Uec_193_624 flowId 146 uecSrc 145 finished at 956.781 total messages 1 total packets 1224 RTS 0 total bytes 5001264 in_flight now 0 fair_inc 49385 prop_inc 188053 fast_inc 0 eta_inc 43508 multi_dec -252665 quick_dec -0 nack_dec -41500
Flow Uec_210_784 flowId 539 uecSrc 538 finished at 962.232 total messages 1 total packets 1224 RTS 0 total bytes 5001264 in_flight now 0 fair_inc 49590 prop_inc 204405 fast_inc 0 eta_inc 44700 multi_dec -244630 quick_dec -0 nack_dec -33200
Flow Uec_827_231 flowId 870 uecSrc 869 finished at 965.597 total messages 1 total packets 1224 RTS 0 total bytes 5001264 in_flight now 0 fair_inc 55565 prop_inc 181471 fast_inc 0 eta_inc 45296 multi_dec -217627 quick_dec -0 nack_dec -45650
Flow Uec_740_110 flowId 1064 uecSrc 1063 finished at 966.698 total messages 1 total packets 1224 RTS 0 total bytes 5001264 in_flight now 0 fair_inc 51698 prop_inc 204457 fast_inc 0 eta_inc 42912 multi_dec -237570 quick_dec -0 nack_dec -41500
Flow Uec_905_321 flowId 1092 uecSrc 1091 finished at 975.881 total messages 1 total packets 1224 RTS 0 total bytes 5001264 in_flight now 0 fair_inc 46105 prop_inc 198759 fast_inc 0 eta_inc 44104 multi_dec -216102 quick_dec -0 nack_dec -49800
Flow Uec_768_125 flowId 353 uecSrc 352 finished at 977.956 total messages 1 total packets 1224 RTS 0 total bytes 5001264 in_flight now 0 fair_inc 41974 prop_inc 204402 fast_inc 0 eta_inc 45296 multi_dec -211712 quick_dec -0 nack_dec -45650
Flow Uec_1091_460 flowId 235 uecSrc 234 finished at 979.381 total messages 1 total packets 1224 RTS 0 total bytes 5001264 in_flight now 0 fair_inc 60960 prop_inc 193579 fast_inc 0 eta_inc 44700 multi_dec -206854 quick_dec -0 nack_dec -58100
Flow Uec_803_273 flowId 556 uecSrc 555 finished at 981.63 total messages 1 total packets 1224 RTS 0 total bytes 5001264 in_flight now 0 fair_inc 41278 prop_inc 230904 fast_inc 0 eta_inc 43508 multi_dec -234520 quick_dec -0 nack_dec -33200
Flow Uec_944_365 flowId 303 uecSrc 302 finished at 984.616 total messages 1 total packets 1224 RTS 0 total bytes 5001264 in_flight now 0 fair_inc 48799 prop_inc 195467 fast_inc 44446 eta_inc 45892 multi_dec -252332 quick_dec -0 nack_dec -20750
Flow Uec_49_526 flowId 1078 uecSrc 1077 finished at 997.234 total messages 1 total packets 1224 RTS 0 total bytes 5001264 in_flight now 0 fair_inc 57846 prop_inc 221573 fast_inc 11112 eta_inc 44700 multi_dec -231743 quick_dec -0 nack_dec -58100
Flow Uec_1039_407 flowId 236 uecSrc 235 finished at 1018.03 total messages 1 total packets 1224 RTS 0 total bytes 5001264 in_flight now 0 fair_inc 39750 prop_inc 216415 fast_inc 38386 eta_inc 47680 multi_dec -244742 quick_dec -0 nack_dec -41500
Flow Uec_400_907 flowId 971 uecSrc 970 finished at 1026.7 total messages 1 total packets 1224 RTS 0 total bytes 5001264 in_flight now 0 fair_inc 44911 prop_inc 228013 fast_inc 0 eta_inc 46488 multi_dec -235904 quick_dec -0 nack_dec -49800
Flow Uec_913_376 flowId 74 uecSrc 73 finished at 1028.84 total messages 1 total packets 1224 RTS 0 total bytes 5001264 in_flight now 0 fair_inc 40171 prop_inc 231099 fast_inc 0 eta_inc 45296 multi_dec -209936 quick_dec -0 nack_dec -70550
Flow Uec_8_516 flowId 644 uecSrc 643 finished at 1037 total messages 1 total packets 1224 RTS 0 total bytes 5001264 in_flight now 0 fair_inc 65733 prop_inc 223877 fast_inc 0 eta_inc 46488 multi_dec -231050 quick_dec -0 nack_dec -62250
Flow Uec_647_59 flowId 350 uecSrc 349 finished at 1043 total messages 1 total packets 1224 RTS 0 total bytes 5001264 in_flight now 0 fair_inc 48249 prop_inc 251466 fast_inc 8082 eta_inc 45296 multi_dec -223810 quick_dec -7844 nack_dec -58100
Flow Uec_807_299 flowId 508 uecSrc 507 finished at 1043.63 total messages 1 total packets 1224 RTS 0 total bytes 5001264 in_flight now 0 fair_inc 33804 prop_inc 218448 fast_inc 80814 eta_inc 45892 multi_dec -251345 quick_dec -0 nack_dec -29050
Flow Uec_885_225 flowId 675 uecSrc 674 finished at 1055.13 total messages 1 total packets 1224 RTS 0 total bytes 5001264 in_flight now 0 fair_inc 56732 prop_inc 230376 fast_inc 0 eta_inc 44104 multi_dec -267698 quick_dec -0 nack_dec -24900
Flow Uec_609_53 flowId 472 uecSrc 471 finished at 1080.57 total messages 1 total packets 1224 RTS 0 total bytes 5001264 in_flight now 0 fair_inc 48679 prop_inc 254336 fast_inc 0 eta_inc 47680 multi_dec -225102 quick_dec -13153 nack_dec -62250
Flow Uec_680_1 flowId 119 uecSrc 118 finished at 1095.43 total messages 1 total packets 1224 RTS 0 total bytes 5001264 in_flight now 0 fair_inc 63591 prop_inc 249085 fast_inc 0 eta_inc 45892 multi_dec -226173 quick_dec -10101 nack_dec -70550
Flow Uec_634_7 flowId 1010 uecSrc 1009 finished at 1116.98 total messages 1 total packets 1224 RTS 0 total bytes 5001264 in_flight now 0 fair_inc 33323 prop_inc 289131 fast_inc 14143 eta_inc 48276 multi_dec -261206 quick_dec -6123 nack_dec -58100
Flow Uec_307_823 flowId 779 uecSrc 778 finished at 1137.54 total messages 1 total packets 1224 RTS 0 total bytes 5001264 in_flight now 0 fair_inc 57730 prop_inc 261293 fast_inc 0 eta_inc 47680 multi_dec -252440 quick_dec -2533 nack_dec -58100
.Done
New: 1346400 Rtx: 12365 RTS: 0 Bounced: 0 ACKs: 919583 NACKs: 12365 Pulls: 0 sleek_pkts: 0
