pattern,nodes,size,strat_label,strat,load_balancing_algo,extra_flags,load_fraction,flowsize,seed,n_flows,duration_us,fct_mean,fct_p50,fct_p99,fct_max,fct_min,new,rtx,rts,bounced,acks,nacks,pulls,sleek_pkts,rtx_rate_pct,rts_rate_pct,nack_rate_pct,bounced_rate_pct
tornado,1100,m,fpar_tuned,fpar,oblivious,-threshold 20750 -disable_hop_rtt_normalization,0.25,100000,1,275,29.2736,22.569353090909104,21.8056,28.9416,29.2736,19.4867,6875,0,0,0,2231,0,0,0,0.0,0.0,0.0,0.0
tornado,1100,m,reps_no_partition,reps_dfp,reps,,0.25,100000,1,275,24.6547,22.42283854545455,22.3136,24.3278,24.6547,21.1416,6875,0,0,0,2110,0,0,0,0.0,0.0,0.0,0.0
tornado,1100,m,reps_partition,reps_dfp,reps,-reps_partition_entropy -reps_escalate_threshold 0.5 -reps_warmup_explore_rtts 0.5 -reps_explore_prob 70,0.25,100000,1,275,24.8147,22.242439636363624,22.1376,24.6496,24.8147,21.1416,6875,0,0,0,2123,0,0,0,0.0,0.0,0.0,0.0
tornado,1100,m,fpar_tuned,fpar,oblivious,-threshold 20750 -disable_hop_rtt_normalization,0.25,100000,2,275,28.9416,23.012805818181832,21.8107,28.9376,28.9416,19.4816,6875,0,0,0,2263,0,0,0,0.0,0.0,0.0,0.0
tornado,1100,m,reps_no_partition,reps_dfp,reps,,0.25,100000,2,275,28.993,22.47380509090909,22.2958,25.157,28.993,21.1456,6875,0,0,0,2113,0,0,0,0.0,0.0,0.0,0.0
tornado,1100,m,reps_partition,reps_dfp,reps,-reps_partition_entropy -reps_escalate_threshold 0.5 -reps_warmup_explore_rtts 0.5 -reps_explore_prob 70,0.25,100000,2,275,25.005,22.249626181818158,22.1416,24.7976,25.005,21.1416,6875,0,0,0,2120,0,0,0,0.0,0.0,0.0,0.0
tornado,1100,m,fpar_tuned,fpar,oblivious,-threshold 20750 -disable_hop_rtt_normalization,0.25,100000,3,275,30.9336,22.571790545454547,21.8056,30.1096,30.9336,20.1456,6875,0,0,0,2225,0,0,0,0.0,0.0,0.0,0.0
tornado,1100,m,reps_no_partition,reps_dfp,reps,,0.25,100000,3,275,25.673,22.425004000000023,22.3216,24.9907,25.673,21.1416,6875,0,0,0,2109,0,0,0,0.0,0.0,0.0,0.0
tornado,1100,m,reps_partition,reps_dfp,reps,-reps_partition_entropy -reps_escalate_threshold 0.5 -reps_warmup_explore_rtts 0.5 -reps_explore_prob 70,0.25,100000,3,275,26.825,22.258493090909077,22.1376,24.6547,26.825,21.1416,6875,0,0,0,2126,0,0,0,0.0,0.0,0.0,0.0
tornado,1100,m,fpar_tuned,fpar,oblivious,-threshold 20750 -disable_hop_rtt_normalization,0.25,100000,4,275,36.7694,23.2563861818182,21.8056,36.1054,36.7694,19.4816,6875,0,0,0,2342,0,0,0,0.0,0.0,0.0,0.0
tornado,1100,m,reps_no_partition,reps_dfp,reps,,0.25,100000,4,275,25.3267,22.50730763636364,22.3256,24.8301,25.3267,21.1456,6875,0,0,0,2134,0,0,0,0.0,0.0,0.0,0.0
tornado,1100,m,reps_partition,reps_dfp,reps,-reps_partition_entropy -reps_escalate_threshold 0.5 -reps_warmup_explore_rtts 0.5 -reps_explore_prob 70,0.25,100000,4,275,25.153,22.33097818181817,22.1427,24.6216,25.153,20.8227,6875,0,0,0,2118,0,0,0,0.0,0.0,0.0,0.0
tornado,1100,m,fpar_tuned,fpar,oblivious,-threshold 20750 -disable_hop_rtt_normalization,0.25,100000,5,275,28.9416,22.49600618181819,21.4838,28.6466,28.9416,19.4867,6875,0,0,0,2227,0,0,0,0.0,0.0,0.0,0.0
tornado,1100,m,reps_no_partition,reps_dfp,reps,,0.25,100000,5,275,25.153,22.46328181818183,22.3256,24.8363,25.153,20.9816,6875,0,0,0,2121,0,0,0,0.0,0.0,0.0,0.0
tornado,1100,m,reps_partition,reps_dfp,reps,-reps_partition_entropy -reps_escalate_threshold 0.5 -reps_warmup_explore_rtts 0.5 -reps_explore_prob 70,0.25,100000,5,275,26.013,22.14197454545454,21.9816,25.3216,26.013,21.1416,6875,0,0,0,2125,0,0,0,0.0,0.0,0.0,0.0
tornado,1100,m,fpar_tuned,fpar,oblivious,-threshold 20750 -disable_hop_rtt_normalization,0.25,250000,1,275,54.0613,36.96159709090908,34.0565,53.4536,54.0613,31.7171,17050,210,0,0,5902,210,0,0,1.2316715542521994,0.0,1.2316715542521994,0.0
tornado,1100,m,reps_no_partition,reps_dfp,reps,,0.25,250000,1,275,37.9552,34.79561636363633,34.659,37.0224,37.9552,33.3914,17050,0,0,0,4679,0,0,0,0.0,0.0,0.0,0.0
tornado,1100,m,reps_partition,reps_dfp,reps,-reps_partition_entropy -reps_escalate_threshold 0.5 -reps_warmup_explore_rtts 0.5 -reps_explore_prob 70,0.25,250000,1,275,38.9843,34.68141527272727,34.3874,37.3061,38.9843,33.3914,17050,0,0,0,4690,0,0,0,0.0,0.0,0.0,0.0
tornado,1100,m,fpar_tuned,fpar,oblivious,-threshold 20750 -disable_hop_rtt_normalization,0.25,250000,2,275,54.4906,38.23365999999996,34.3925,54.0715,54.4906,31.671,17050,297,0,0,6438,297,0,0,1.7419354838709677,0.0,1.7419354838709677,0.0
tornado,1100,m,reps_no_partition,reps_dfp,reps,,0.25,250000,2,275,38.0064,34.87732363636361,34.6642,37.3566,38.0064,33.671,17050,0,0,0,4680,0,0,0,0.0,0.0,0.0,0.0
tornado,1100,m,reps_partition,reps_dfp,reps,-reps_partition_entropy -reps_escalate_threshold 0.5 -reps_warmup_explore_rtts 0.5 -reps_explore_prob 70,0.25,250000,2,275,40.303,35.130526545454565,34.7051,39.5736,40.303,33.339,17050,0,0,0,4735,0,0,0,0.0,0.0,0.0,0.0
tornado,1100,m,fpar_tuned,fpar,oblivious,-threshold 20750 -disable_hop_rtt_normalization,0.25,250000,3,275,57.0146,36.892810545454545,34.077,55.3546,57.0146,33.331,17050,138,0,0,5713,138,0,0,0.8093841642228738,0.0,0.8093841642228738,0.0
tornado,1100,m,reps_no_partition,reps_dfp,reps,,0.25,250000,3,275,38.9541,34.78597454545454,34.663,37.0298,38.9541,33.663,17050,0,0,0,4678,0,0,0,0.0,0.0,0.0,0.0
tornado,1100,m,reps_partition,reps_dfp,reps,-reps_partition_entropy -reps_escalate_threshold 0.5 -reps_warmup_explore_rtts 0.5 -reps_explore_prob 70,0.25,250000,3,275,38.643,34.839376727272715,34.6056,37.979,38.643,33.339,17050,0,0,0,4707,0,0,0,0.0,0.0,0.0,0.0
tornado,1100,m,fpar_tuned,fpar,oblivious,-threshold 20750 -disable_hop_rtt_normalization,0.25,250000,4,275,73.7474,38.755633090909065,34.0514,72.7514,73.7474,31.671,17050,465,0,0,6415,465,0,0,2.727272727272727,0.0,2.727272727272727,0.0
tornado,1100,m,reps_no_partition,reps_dfp,reps,,0.25,250000,4,275,37.6744,34.846487999999994,34.6662,36.9296,37.6744,33.663,17050,0,0,0,4690,0,0,0,0.0,0.0,0.0,0.0
tornado,1100,m,reps_partition,reps_dfp,reps,-reps_partition_entropy -reps_escalate_threshold 0.5 -reps_warmup_explore_rtts 0.5 -reps_explore_prob 70,0.25,250000,4,275,43.5883,35.51047745454547,34.659,43.1861,43.5883,33.335,17050,0,0,0,4759,0,0,0,0.0,0.0,0.0,0.0
tornado,1100,m,fpar_tuned,fpar,oblivious,-threshold 20750 -disable_hop_rtt_normalization,0.25,250000,5,275,55.0829,36.86737272727272,33.995,54.4189,55.0829,31.7222,17050,218,0,0,5877,218,0,0,1.278592375366569,0.0,1.278592375366569,0.0
tornado,1100,m,reps_no_partition,reps_dfp,reps,,0.25,250000,5,275,37.3544,34.72060618181817,34.6056,37.0043,37.3544,33.667,17050,0,0,0,4688,0,0,0,0.0,0.0,0.0,0.0
tornado,1100,m,reps_partition,reps_dfp,reps,-reps_partition_entropy -reps_escalate_threshold 0.5 -reps_warmup_explore_rtts 0.5 -reps_explore_prob 70,0.25,250000,5,275,40.5696,34.93521454545452,34.6056,40.1019,40.5696,33.335,17050,0,0,0,4716,0,0,0,0.0,0.0,0.0,0.0
tornado,1100,m,fpar_tuned,fpar,oblivious,-threshold 20750 -disable_hop_rtt_normalization,0.25,2000000,1,275,480.814,203.8952290909091,177.186,368.109,480.814,175.02,134750,458,0,0,50751,458,0,0,0.3398886827458256,0.0,0.3398886827458256,0.0
tornado,1100,m,reps_no_partition,reps_dfp,reps,,0.25,2000000,1,275,190.043,177.87995272727264,177.378,186.995,190.043,176.434,134750,0,0,0,34575,0,0,0,0.0,0.0,0.0,0.0
tornado,1100,m,reps_partition,reps_dfp,reps,-reps_partition_entropy -reps_escalate_threshold 0.5 -reps_warmup_explore_rtts 0.5 -reps_explore_prob 70,0.25,2000000,1,275,182.898,178.05091999999996,177.85,182.666,182.898,176.19,134750,0,0,0,36267,0,0,0,0.0,0.0,0.0,0.0
tornado,1100,m,fpar_tuned,fpar,oblivious,-threshold 20750 -disable_hop_rtt_normalization,0.25,2000000,2,275,356.318,213.99994181818184,178.178,347.258,356.318,174.092,134750,590,0,0,56609,590,0,0,0.437847866419295,0.0,0.437847866419295,0.0
tornado,1100,m,reps_no_partition,reps_dfp,reps,,0.25,2000000,2,275,188.685,178.04449090909117,177.518,186.829,188.685,176.19,134750,0,0,0,34870,0,0,0,0.0,0.0,0.0,0.0
tornado,1100,m,reps_partition,reps_dfp,reps,-reps_partition_entropy -reps_escalate_threshold 0.5 -reps_warmup_explore_rtts 0.5 -reps_explore_prob 70,0.25,2000000,2,275,184.386,178.3692109090908,178.182,183.5,184.386,175.717,134750,0,0,0,37963,0,0,0,0.0,0.0,0.0,0.0
tornado,1100,m,fpar_tuned,fpar,oblivious,-threshold 20750 -disable_hop_rtt_normalization,0.25,2000000,3,275,490.512,205.06599272727274,177.496,395.6,490.512,175.522,134750,489,0,0,50861,489,0,0,0.3628942486085343,0.0,0.3628942486085343,0.0
tornado,1100,m,reps_no_partition,reps_dfp,reps,,0.25,2000000,3,275,187.995,177.92118545454554,177.39,186.06,187.995,176.36,134750,0,0,0,34637,0,0,0,0.0,0.0,0.0,0.0
tornado,1100,m,reps_partition,reps_dfp,reps,-reps_partition_entropy -reps_escalate_threshold 0.5 -reps_warmup_explore_rtts 0.5 -reps_explore_prob 70,0.25,2000000,3,275,186.506,178.16203636363647,177.838,185.151,186.506,175.858,134750,0,0,0,36782,0,0,0,0.0,0.0,0.0,0.0
tornado,1100,m,fpar_tuned,fpar,oblivious,-threshold 20750 -disable_hop_rtt_normalization,0.25,2000000,4,275,511.627,222.00121818181816,177.182,504.625,511.627,173.862,134750,891,0,0,55586,891,0,0,0.6612244897959184,0.0,0.6612244897959184,0.0
tornado,1100,m,reps_no_partition,reps_dfp,reps,,0.25,2000000,4,275,187.12,178.16922909090906,177.454,185.71,187.12,176.483,134750,0,0,0,35028,0,0,0,0.0,0.0,0.0,0.0
tornado,1100,m,reps_partition,reps_dfp,reps,-reps_partition_entropy -reps_escalate_threshold 0.5 -reps_warmup_explore_rtts 0.5 -reps_explore_prob 70,0.25,2000000,4,275,188.361,179.077789090909,177.846,186.933,188.361,175.86,134750,80,0,0,37209,80,0,0,0.059369202226345084,0.0,0.059369202226345084,0.0
tornado,1100,m,fpar_tuned,fpar,oblivious,-threshold 20750 -disable_hop_rtt_normalization,0.25,2000000,5,275,354.43,201.5131890909092,176.878,349.319,354.43,174.456,134750,443,0,0,49986,443,0,0,0.3287569573283859,0.0,0.3287569573283859,0.0
tornado,1100,m,reps_no_partition,reps_dfp,reps,,0.25,2000000,5,275,186.855,177.86807636363636,177.424,185.322,186.855,176.211,134750,0,0,0,34657,0,0,0,0.0,0.0,0.0,0.0
tornado,1100,m,reps_partition,reps_dfp,reps,-reps_partition_entropy -reps_escalate_threshold 0.5 -reps_warmup_explore_rtts 0.5 -reps_explore_prob 70,0.25,2000000,5,275,185.263,177.9803527272727,177.85,182.276,185.263,175.872,134750,0,0,0,36907,0,0,0,0.0,0.0,0.0,0.0
tornado,1100,m,fpar_tuned,fpar,oblivious,-threshold 20750 -disable_hop_rtt_normalization,0.25,5000000,1,275,1213.97,490.0675490909091,422.249,882.447,1213.97,418.968,336600,458,0,0,132013,458,0,0,0.13606654783125371,0.0,0.13606654783125371,0.0
tornado,1100,m,reps_no_partition,reps_dfp,reps,,0.25,5000000,1,275,448.277,422.66254909090895,421.812,441.088,448.277,420.192,336600,0,0,0,86777,0,0,0,0.0,0.0,0.0,0.0
tornado,1100,m,reps_partition,reps_dfp,reps,-reps_partition_entropy -reps_escalate_threshold 0.5 -reps_warmup_explore_rtts 0.5 -reps_explore_prob 70,0.25,5000000,1,275,432.634,422.241541818182,421.839,432.211,432.634,419.954,336600,0,0,0,89862,0,0,0,0.0,0.0,0.0,0.0
tornado,1100,m,fpar_tuned,fpar,oblivious,-threshold 20750 -disable_hop_rtt_normalization,0.25,5000000,2,275,852.702,514.8793090909086,423.328,848.373,852.702,417.62,336600,651,0,0,147656,651,0,0,0.19340463458110516,0.0,0.19340463458110516,0.0
tornado,1100,m,reps_no_partition,reps_dfp,reps,,0.25,5000000,2,275,443.948,423.01965818181804,421.963,440.602,443.948,420.276,336600,0,0,0,87676,0,0,0,0.0,0.0,0.0,0.0
tornado,1100,m,reps_partition,reps_dfp,reps,-reps_partition_entropy -reps_escalate_threshold 0.5 -reps_warmup_explore_rtts 0.5 -reps_explore_prob 70,0.25,5000000,2,275,440.153,422.9024654545452,422.354,433.956,440.153,419.616,336600,0,0,0,91858,0,0,0,0.0,0.0,0.0,0.0
tornado,1100,m,fpar_tuned,fpar,oblivious,-threshold 20750 -disable_hop_rtt_normalization,0.25,5000000,3,275,1234.73,491.8840654545454,422.611,1092.61,1234.73,419.28,336600,522,0,0,131997,522,0,0,0.15508021390374332,0.0,0.15508021390374332,0.0
tornado,1100,m,reps_no_partition,reps_dfp,reps,,0.25,5000000,3,275,442.616,422.7830399999998,421.74,440.293,442.616,420.284,336600,0,0,0,86988,0,0,0,0.0,0.0,0.0,0.0
tornado,1100,m,reps_partition,reps_dfp,reps,-reps_partition_entropy -reps_escalate_threshold 0.5 -reps_warmup_explore_rtts 0.5 -reps_explore_prob 70,0.25,5000000,3,275,444.674,422.8285672727273,421.976,440.101,444.674,419.817,336600,0,0,0,89856,0,0,0,0.0,0.0,0.0,0.0
tornado,1100,m,fpar_tuned,fpar,oblivious,-threshold 20750 -disable_hop_rtt_normalization,0.25,5000000,4,275,1280.4,538.8351163636362,422.268,1240.63,1280.4,417.62,336600,924,0,0,145817,924,0,0,0.27450980392156865,0.0,0.27450980392156865,0.0
tornado,1100,m,reps_no_partition,reps_dfp,reps,,0.25,5000000,4,275,441.28,423.3769527272726,421.801,440.107,441.28,420.28,336600,0,0,0,87842,0,0,0,0.0,0.0,0.0,0.0
tornado,1100,m,reps_partition,reps_dfp,reps,-reps_partition_entropy -reps_escalate_threshold 0.5 -reps_warmup_explore_rtts 0.5 -reps_explore_prob 70,0.25,5000000,4,275,446.565,424.2036836363635,421.989,440.394,446.565,419.944,336600,80,0,0,91515,80,0,0,0.023767082590612002,0.0,0.023767082590612002,0.0
tornado,1100,m,fpar_tuned,fpar,oblivious,-threshold 20750 -disable_hop_rtt_normalization,0.25,5000000,5,275,871.097,482.381,422.084,861.022,871.097,419.008,336600,458,0,0,130813,458,0,0,0.13606654783125371,0.0,0.13606654783125371,0.0
tornado,1100,m,reps_no_partition,reps_dfp,reps,,0.25,5000000,5,275,442.798,422.47551999999973,421.624,434.976,442.798,420.23,336600,0,0,0,86911,0,0,0,0.0,0.0,0.0,0.0
tornado,1100,m,reps_partition,reps_dfp,reps,-reps_partition_entropy -reps_escalate_threshold 0.5 -reps_warmup_explore_rtts 0.5 -reps_explore_prob 70,0.25,5000000,5,275,435.987,422.2194945454544,421.814,433.937,435.987,419.944,336600,0,0,0,90282,0,0,0,0.0,0.0,0.0,0.0
tornado,1100,m,fpar_tuned,fpar,oblivious,-threshold 20750 -disable_hop_rtt_normalization,0.25,10000000,1,275,2424.28,969.7806109090903,831.296,2074.89,2424.28,825.552,673200,458,0,0,270622,458,0,0,0.06803327391562686,0.0,0.06803327391562686,0.0
tornado,1100,m,reps_no_partition,reps_dfp,reps,,0.25,10000000,1,275,868.913,830.5089818181817,829.323,862.11,868.913,826.578,673200,0,0,0,174741,0,0,0,0.0,0.0,0.0,0.0
tornado,1100,m,reps_partition,reps_dfp,reps,-reps_partition_entropy -reps_escalate_threshold 0.5 -reps_warmup_explore_rtts 0.5 -reps_explore_prob 70,0.25,10000000,1,275,849.996,829.7502799999999,829.376,846.902,849.996,826.215,673200,0,0,0,178936,0,0,0,0.0,0.0,0.0,0.0
tornado,1100,m,fpar_tuned,fpar,oblivious,-threshold 20750 -disable_hop_rtt_normalization,0.25,10000000,2,275,1698.28,1016.3396799999998,831.781,1693.83,1698.28,824.219,673200,659,0,0,301625,659,0,0,0.09789067142008319,0.0,0.09789067142008319,0.0
tornado,1100,m,reps_no_partition,reps_dfp,reps,,0.25,10000000,2,275,865.699,831.2252509090904,829.655,863.727,865.699,826.543,673200,0,0,0,176127,0,0,0,0.0,0.0,0.0,0.0
tornado,1100,m,reps_partition,reps_dfp,reps,-reps_partition_entropy -reps_escalate_threshold 0.5 -reps_warmup_explore_rtts 0.5 -reps_explore_prob 70,0.25,10000000,2,275,858.758,830.5303381818178,829.764,854.089,858.758,826.01,673200,0,0,0,181172,0,0,0,0.0,0.0,0.0,0.0
tornado,1100,m,fpar_tuned,fpar,oblivious,-threshold 20750 -disable_hop_rtt_normalization,0.25,10000000,3,275,2474.78,973.4060072727277,831.69,2367.82,2474.78,825.547,673200,613,0,0,270937,613,0,0,0.09105763517528223,0.0,0.09105763517528223,0.0
tornado,1100,m,reps_no_partition,reps_dfp,reps,,0.25,10000000,3,275,863.504,830.8128763636362,828.424,862.436,863.504,826.547,673200,0,0,0,174781,0,0,0,0.0,0.0,0.0,0.0
tornado,1100,m,reps_partition,reps_dfp,reps,-reps_partition_entropy -reps_escalate_threshold 0.5 -reps_warmup_explore_rtts 0.5 -reps_explore_prob 70,0.25,10000000,3,275,872.75,830.5269672727271,829.354,861.495,872.75,826.215,673200,0,0,0,178417,0,0,0,0.0,0.0,0.0,0.0
tornado,1100,m,fpar_tuned,fpar,oblivious,-threshold 20750 -disable_hop_rtt_normalization,0.25,10000000,4,275,2561.55,1057.7433818181821,831.055,2458.9,2561.55,823.887,673200,1009,0,0,295998,1009,0,0,0.14988116458704695,0.0,0.14988116458704695,0.0
tornado,1100,m,reps_no_partition,reps_dfp,reps,,0.25,10000000,4,275,868.752,831.8918872727272,828.742,867.246,868.752,826.704,673200,0,0,0,176686,0,0,0,0.0,0.0,0.0,0.0
tornado,1100,m,reps_partition,reps_dfp,reps,-reps_partition_entropy -reps_escalate_threshold 0.5 -reps_warmup_explore_rtts 0.5 -reps_explore_prob 70,0.25,10000000,4,275,876.131,833.159843636363,829.727,866.472,876.131,826.211,673200,80,0,0,182044,80,0,0,0.011883541295306001,0.0,0.011883541295306001,0.0
tornado,1100,m,fpar_tuned,fpar,oblivious,-threshold 20750 -disable_hop_rtt_normalization,0.25,10000000,5,275,1720.88,950.4393454545454,830.256,1713.58,1720.88,825.507,673200,474,0,0,266820,474,0,0,0.07040998217468805,0.0,0.07040998217468805,0.0
tornado,1100,m,reps_no_partition,reps_dfp,reps,,0.25,10000000,5,275,869.769,830.228792727273,828.124,854.749,869.769,826.548,673200,0,0,0,174525,0,0,0,0.0,0.0,0.0,0.0
tornado,1100,m,reps_partition,reps_dfp,reps,-reps_partition_entropy -reps_escalate_threshold 0.5 -reps_warmup_explore_rtts 0.5 -reps_explore_prob 70,0.25,10000000,5,275,854.466,829.5841236363628,828.544,850.971,854.466,826.211,673200,0,0,0,178997,0,0,0,0.0,0.0,0.0,0.0
tornado,1100,m,fpar_tuned,fpar,oblivious,-threshold 20750 -disable_hop_rtt_normalization,0.5,100000,1,550,51.0874,24.96161872727274,23.149,37.3976,51.0874,21.4736,13750,40,0,0,4732,40,0,0,0.2909090909090909,0.0,0.2909090909090909,0.0
tornado,1100,m,reps_no_partition,reps_dfp,reps,,0.5,100000,1,550,27.313,24.053107818181807,23.9816,26.7827,27.313,21.997,13750,0,0,0,4246,0,0,0,0.0,0.0,0.0,0.0
tornado,1100,m,reps_partition,reps_dfp,reps,-reps_partition_entropy -reps_escalate_threshold 0.5 -reps_warmup_explore_rtts 0.5 -reps_explore_prob 70,0.5,100000,1,550,28.4576,23.813052363636398,23.6672,26.7856,28.4576,21.7816,13750,0,0,0,4249,0,0,0,0.0,0.0,0.0,0.0
tornado,1100,m,fpar_tuned,fpar,oblivious,-threshold 20750 -disable_hop_rtt_normalization,0.5,100000,2,550,35.6954,24.750700000000005,23.485,33.4256,35.6954,21.4736,13750,0,0,0,4571,0,0,0,0.0,0.0,0.0,0.0
tornado,1100,m,reps_no_partition,reps_dfp,reps,,0.5,100000,2,550,29.9667,24.136242727272727,23.9696,27.9776,29.9667,21.8198,13750,0,0,0,4263,0,0,0,0.0,0.0,0.0,0.0
tornado,1100,m,reps_partition,reps_dfp,reps,-reps_partition_entropy -reps_escalate_threshold 0.5 -reps_warmup_explore_rtts 0.5 -reps_explore_prob 70,0.5,100000,2,550,29.5906,23.85299527272727,23.6496,27.813,29.5906,21.8096,13750,0,0,0,4258,0,0,0,0.0,0.0,0.0,0.0
tornado,1100,m,fpar_tuned,fpar,oblivious,-threshold 20750 -disable_hop_rtt_normalization,0.5,100000,3,550,38.5536,24.956033090909095,23.3459,35.8976,38.5536,21.4736,13750,0,0,0,4680,0,0,0,0.0,0.0,0.0,0.0
tornado,1100,m,reps_no_partition,reps_dfp,reps,,0.5,100000,3,550,28.485,23.95743381818184,23.7976,26.973,28.485,21.8096,13750,0,0,0,4223,0,0,0,0.0,0.0,0.0,0.0
tornado,1100,m,reps_partition,reps_dfp,reps,-reps_partition_entropy -reps_escalate_threshold 0.5 -reps_warmup_explore_rtts 0.5 -reps_explore_prob 70,0.5,100000,3,550,30.1158,23.853720000000003,23.6496,27.2558,30.1158,21.8198,13750,0,0,0,4270,0,0,0,0.0,0.0,0.0,0.0
tornado,1100,m,fpar_tuned,fpar,oblivious,-threshold 20750 -disable_hop_rtt_normalization,0.5,100000,4,550,37.7336,24.947520363636386,23.4656,36.4056,37.7336,21.4776,13750,0,0,0,4660,0,0,0,0.0,0.0,0.0,0.0
tornado,1100,m,reps_no_partition,reps_dfp,reps,,0.5,100000,4,550,28.4707,24.283783636363655,24.1398,27.7856,28.4707,21.4827,13750,0,0,0,4261,0,0,0,0.0,0.0,0.0,0.0
tornado,1100,m,reps_partition,reps_dfp,reps,-reps_partition_entropy -reps_escalate_threshold 0.5 -reps_warmup_explore_rtts 0.5 -reps_explore_prob 70,0.5,100000,4,550,28.8027,23.89487,23.6376,27.985,28.8027,21.4736,13750,0,0,0,4250,0,0,0,0.0,0.0,0.0,0.0
tornado,1100,m,fpar_tuned,fpar,oblivious,-threshold 20750 -disable_hop_rtt_normalization,0.5,100000,5,550,37.9426,24.813962181818194,23.1632,36.7336,37.9426,21.4736,13750,0,0,0,4656,0,0,0,0.0,0.0,0.0,0.0
tornado,1100,m,reps_no_partition,reps_dfp,reps,,0.5,100000,5,550,28.6581,24.067632909090914,23.9638,27.5589,28.6581,21.9867,13750,0,0,0,4239,0,0,0,0.0,0.0,0.0,0.0
tornado,1100,m,reps_partition,reps_dfp,reps,-reps_partition_entropy -reps_escalate_threshold 0.5 -reps_warmup_explore_rtts 0.5 -reps_explore_prob 70,0.5,100000,5,550,28.4781,23.768264363636344,23.6136,27.4376,28.4781,21.4827,13750,0,0,0,4245,0,0,0,0.0,0.0,0.0,0.0
tornado,1100,m,fpar_tuned,fpar,oblivious,-threshold 20750 -disable_hop_rtt_normalization,0.5,250000,1,550,117.334,42.8880796363637,38.315,74.3499,117.334,33.999,34100,1159,0,0,13216,1159,0,0,3.398826979472141,0.0,3.398826979472141,0.0
tornado,1100,m,reps_no_partition,reps_dfp,reps,,0.5,250000,1,550,46.9027,39.191891272727254,38.9443,43.2507,46.9027,35.5531,34100,0,0,0,10027,0,0,0,0.0,0.0,0.0,0.0
tornado,1100,m,reps_partition,reps_dfp,reps,-reps_partition_entropy -reps_escalate_threshold 0.5 -reps_warmup_explore_rtts 0.5 -reps_explore_prob 70,0.5,250000,1,550,49.0312,43.54752145454547,43.5627,48.599,49.0312,36.0536,34100,65,0,0,11517,65,0,0,0.1906158357771261,0.0,0.1906158357771261,0.0
tornado,1100,m,fpar_tuned,fpar,oblivious,-threshold 20750 -disable_hop_rtt_normalization,0.5,250000,2,550,73.5547,42.01416836363638,38.7125,65.9128,73.5547,33.7285,34100,639,0,0,13243,639,0,0,1.8739002932551319,0.0,1.8739002932551319,0.0
tornado,1100,m,reps_no_partition,reps_dfp,reps,,0.5,250000,2,550,49.573,39.2919701818182,38.9216,45.0768,49.573,35.2171,34100,0,0,0,10037,0,0,0,0.0,0.0,0.0,0.0
tornado,1100,m,reps_partition,reps_dfp,reps,-reps_partition_entropy -reps_escalate_threshold 0.5 -reps_warmup_explore_rtts 0.5 -reps_explore_prob 70,0.5,250000,2,550,50.6082,44.00676381818183,44.2216,49.9475,50.6082,36.0064,34100,182,0,0,11655,182,0,0,0.533724340175953,0.0,0.533724340175953,0.0
tornado,1100,m,fpar_tuned,fpar,oblivious,-threshold 20750 -disable_hop_rtt_normalization,0.5,250000,3,550,74.019,42.49498418181817,38.3776,70.367,74.019,34.0093,34100,956,0,0,13495,956,0,0,2.803519061583578,0.0,2.803519061583578,0.0
tornado,1100,m,reps_no_partition,reps_dfp,reps,,0.5,250000,3,550,46.9704,38.93138327272721,38.647,43.9642,46.9704,35.0411,34100,0,0,0,9936,0,0,0,0.0,0.0,0.0,0.0
tornado,1100,m,reps_partition,reps_dfp,reps,-reps_partition_entropy -reps_escalate_threshold 0.5 -reps_warmup_explore_rtts 0.5 -reps_explore_prob 70,0.5,250000,3,550,51.9976,43.37577636363633,43.5883,49.0278,51.9976,35.3595,34100,55,0,0,11437,55,0,0,0.16129032258064516,0.0,0.16129032258064516,0.0
tornado,1100,m,fpar_tuned,fpar,oblivious,-threshold 20750 -disable_hop_rtt_normalization,0.5,250000,4,550,74.6808,42.53306963636365,38.5816,71.4234,74.6808,33.667,34100,770,0,0,13714,770,0,0,2.2580645161290325,0.0,2.2580645161290325,0.0
tornado,1100,m,reps_no_partition,reps_dfp,reps,,0.5,250000,4,550,46.2882,39.816184000000035,39.5736,45.8936,46.2882,35.663,34100,0,0,0,10132,0,0,0,0.0,0.0,0.0,0.0
tornado,1100,m,reps_partition,reps_dfp,reps,-reps_partition_entropy -reps_escalate_threshold 0.5 -reps_warmup_explore_rtts 0.5 -reps_explore_prob 70,0.5,250000,4,550,51.259,44.285395454545416,44.5958,50.0579,51.259,35.0565,34100,182,0,0,11647,182,0,0,0.533724340175953,0.0,0.533724340175953,0.0
tornado,1100,m,fpar_tuned,fpar,oblivious,-threshold 20750 -disable_hop_rtt_normalization,0.5,250000,5,550,76.0674,42.25777636363638,37.9136,72.445,76.0674,33.995,34100,947,0,0,13407,947,0,0,2.777126099706745,0.0,2.777126099706745,0.0
tornado,1100,m,reps_no_partition,reps_dfp,reps,,0.5,250000,5,550,45.4307,38.858834727272715,38.5896,44.3525,45.4307,35.3845,34100,0,0,0,9946,0,0,0,0.0,0.0,0.0,0.0
tornado,1100,m,reps_partition,reps_dfp,reps,-reps_partition_entropy -reps_escalate_threshold 0.5 -reps_warmup_explore_rtts 0.5 -reps_explore_prob 70,0.5,250000,5,550,53.2886,43.951277272727275,44.4179,49.6389,53.2886,35.6653,34100,80,0,0,11558,80,0,0,0.23460410557184752,0.0,0.23460410557184752,0.0
tornado,1100,m,fpar_tuned,fpar,oblivious,-threshold 20750 -disable_hop_rtt_normalization,0.5,2000000,1,550,842.791,241.904089090909,192.19,607.083,842.791,176.659,269500,2491,0,0,136124,2491,0,0,0.92430426716141,0.0,0.92430426716141,0.0
tornado,1100,m,reps_no_partition,reps_dfp,reps,,0.5,2000000,1,550,213.086,198.72708545454546,198.942,211.407,213.086,180.637,269500,23,0,0,100357,23,0,0,0.008534322820037106,0.0,0.008534322820037106,0.0
tornado,1100,m,reps_partition,reps_dfp,reps,-reps_partition_entropy -reps_escalate_threshold 0.5 -reps_warmup_explore_rtts 0.5 -reps_explore_prob 70,0.5,2000000,1,550,226.772,205.33942727272728,205.28,224.951,226.772,188.737,269500,2269,0,0,106875,2269,0,0,0.8419294990723563,0.0,0.8419294990723563,0.0
tornado,1100,m,fpar_tuned,fpar,oblivious,-threshold 20750 -disable_hop_rtt_normalization,0.5,2000000,2,550,636.699,240.27101272727262,194.45,514.92,636.699,176.85,269500,2515,0,0,139016,2515,0,0,0.9332096474953617,0.0,0.9332096474953617,0.0
tornado,1100,m,reps_no_partition,reps_dfp,reps,,0.5,2000000,2,550,222.853,197.80179454545444,196.278,214.968,222.853,183.741,269500,11,0,0,99717,11,0,0,0.004081632653061225,0.0,0.004081632653061225,0.0
tornado,1100,m,reps_partition,reps_dfp,reps,-reps_partition_entropy -reps_escalate_threshold 0.5 -reps_warmup_explore_rtts 0.5 -reps_explore_prob 70,0.5,2000000,2,550,228.962,204.9198654545451,203.78,226.282,228.962,186.753,269500,2329,0,0,107341,2329,0,0,0.8641929499072356,0.0,0.8641929499072356,0.0
tornado,1100,m,fpar_tuned,fpar,oblivious,-threshold 20750 -disable_hop_rtt_normalization,0.5,2000000,3,550,639.601,241.39305090909116,192.122,513.712,639.601,176.85,269500,2678,0,0,136594,2678,0,0,0.9936920222634509,0.0,0.9936920222634509,0.0
tornado,1100,m,reps_no_partition,reps_dfp,reps,,0.5,2000000,3,550,213.521,198.65109636363627,198.607,211.166,213.521,183.486,269500,14,0,0,100443,14,0,0,0.005194805194805195,0.0,0.005194805194805195,0.0
tornado,1100,m,reps_partition,reps_dfp,reps,-reps_partition_entropy -reps_escalate_threshold 0.5 -reps_warmup_explore_rtts 0.5 -reps_explore_prob 70,0.5,2000000,3,550,227.344,206.2401454545455,205.893,224.303,227.344,187.848,269500,2344,0,0,107507,2344,0,0,0.8697588126159554,0.0,0.8697588126159554,0.0
tornado,1100,m,fpar_tuned,fpar,oblivious,-threshold 20750 -disable_hop_rtt_normalization,0.5,2000000,4,550,521.332,243.46062363636347,193.089,497.442,521.332,176.197,269500,2645,0,0,139593,2645,0,0,0.9814471243042672,0.0,0.9814471243042672,0.0
tornado,1100,m,reps_no_partition,reps_dfp,reps,,0.5,2000000,4,550,223.187,199.80353090909077,198.253,221.698,223.187,184.468,269500,74,0,0,102140,74,0,0,0.027458256029684602,0.0,0.027458256029684602,0.0
tornado,1100,m,reps_partition,reps_dfp,reps,-reps_partition_entropy -reps_escalate_threshold 0.5 -reps_warmup_explore_rtts 0.5 -reps_explore_prob 70,0.5,2000000,4,550,249.402,206.3550672727274,206.541,229.411,249.402,186.363,269500,2558,0,0,108399,2558,0,0,0.9491651205936921,0.0,0.9491651205936921,0.0
tornado,1100,m,fpar_tuned,fpar,oblivious,-threshold 20750 -disable_hop_rtt_normalization,0.5,2000000,5,550,588.579,238.6065309090909,191.794,524.36,588.579,176.285,269500,2412,0,0,136062,2412,0,0,0.8949907235621521,0.0,0.8949907235621521,0.0
tornado,1100,m,reps_no_partition,reps_dfp,reps,,0.5,2000000,5,550,219.899,197.81155090909078,197.102,216.708,219.899,182.699,269500,2,0,0,99406,2,0,0,0.0007421150278293135,0.0,0.0007421150278293135,0.0
tornado,1100,m,reps_partition,reps_dfp,reps,-reps_partition_entropy -reps_escalate_threshold 0.5 -reps_warmup_explore_rtts 0.5 -reps_explore_prob 70,0.5,2000000,5,550,226.86,205.09702181818213,205.404,222.837,226.86,186.174,269500,2373,0,0,107897,2373,0,0,0.8805194805194805,0.0,0.8805194805194805,0.0
tornado,1100,m,fpar_tuned,fpar,oblivious,-threshold 20750 -disable_hop_rtt_normalization,0.5,5000000,1,550,2057.46,587.1373163636365,455.274,1483.69,2057.46,421.016,673200,2622,0,0,351081,2622,0,0,0.3894830659536542,0.0,0.3894830659536542,0.0
tornado,1100,m,reps_no_partition,reps_dfp,reps,,0.5,5000000,1,550,531.569,470.2944636363638,471.455,497.936,531.569,428.999,673200,97,0,0,255067,97,0,0,0.014408793820558527,0.0,0.014408793820558527,0.0
tornado,1100,m,reps_partition,reps_dfp,reps,-reps_partition_entropy -reps_escalate_threshold 0.5 -reps_warmup_explore_rtts 0.5 -reps_explore_prob 70,0.5,5000000,1,550,629.553,482.6543690909091,480.949,568.185,629.553,441.791,673200,2491,0,0,266614,2491,0,0,0.3700237670825906,0.0,0.3700237670825906,0.0
tornado,1100,m,fpar_tuned,fpar,oblivious,-threshold 20750 -disable_hop_rtt_normalization,0.5,5000000,2,550,1599.28,582.6873127272726,461.496,1240.21,1599.28,420.796,673200,2761,0,0,365959,2761,0,0,0.41013071895424835,0.0,0.41013071895424835,0.0
tornado,1100,m,reps_no_partition,reps_dfp,reps,,0.5,5000000,2,550,562.448,467.75160545454577,462.955,511.761,562.448,438.497,673200,56,0,0,252156,56,0,0,0.008318478906714201,0.0,0.008318478906714201,0.0
tornado,1100,m,reps_partition,reps_dfp,reps,-reps_partition_entropy -reps_escalate_threshold 0.5 -reps_warmup_explore_rtts 0.5 -reps_explore_prob 70,0.5,5000000,2,550,675.209,483.01198727272686,478.524,574.255,675.209,440.918,673200,2604,0,0,266108,2604,0,0,0.3868092691622103,0.0,0.3868092691622103,0.0
tornado,1100,m,fpar_tuned,fpar,oblivious,-threshold 20750 -disable_hop_rtt_normalization,0.5,5000000,3,550,1503.0,582.2907527272729,456.812,1262.42,1503.0,420.608,673200,2929,0,0,355567,2929,0,0,0.43508615567439096,0.0,0.43508615567439096,0.0
tornado,1100,m,reps_no_partition,reps_dfp,reps,,0.5,5000000,3,550,528.252,471.05524181818146,470.929,500.671,528.252,438.038,673200,68,0,0,254827,68,0,0,0.010101010101010102,0.0,0.010101010101010102,0.0
tornado,1100,m,reps_partition,reps_dfp,reps,-reps_partition_entropy -reps_escalate_threshold 0.5 -reps_warmup_explore_rtts 0.5 -reps_explore_prob 70,0.5,5000000,3,550,613.516,485.1028163636356,484.327,547.475,613.516,448.669,673200,2598,0,0,269708,2598,0,0,0.3859180035650624,0.0,0.3859180035650624,0.0
tornado,1100,m,fpar_tuned,fpar,oblivious,-threshold 20750 -disable_hop_rtt_normalization,0.5,5000000,4,550,1297.45,591.6308618181818,459.796,1247.3,1297.45,420.407,673200,2802,0,0,363678,2802,0,0,0.41622103386809267,0.0,0.41622103386809267,0.0
tornado,1100,m,reps_no_partition,reps_dfp,reps,,0.5,5000000,4,550,570.907,471.27370181818196,465.512,536.532,570.907,433.84,673200,201,0,0,256892,201,0,0,0.029857397504456328,0.0,0.029857397504456328,0.0
tornado,1100,m,reps_partition,reps_dfp,reps,-reps_partition_entropy -reps_escalate_threshold 0.5 -reps_warmup_explore_rtts 0.5 -reps_explore_prob 70,0.5,5000000,4,550,687.646,484.76047818181803,479.229,603.234,687.646,441.063,673200,2842,0,0,266792,2842,0,0,0.42216280451574567,0.0,0.42216280451574567,0.0
tornado,1100,m,fpar_tuned,fpar,oblivious,-threshold 20750 -disable_hop_rtt_normalization,0.5,5000000,5,550,1417.05,574.443741818182,457.997,1273.42,1417.05,419.944,673200,2577,0,0,354496,2577,0,0,0.3827985739750446,0.0,0.3827985739750446,0.0
tornado,1100,m,reps_no_partition,reps_dfp,reps,,0.5,5000000,5,550,513.218,467.9313690909092,467.223,503.392,513.218,432.272,673200,21,0,0,253017,21,0,0,0.0031194295900178253,0.0,0.0031194295900178253,0.0
tornado,1100,m,reps_partition,reps_dfp,reps,-reps_partition_entropy -reps_escalate_threshold 0.5 -reps_warmup_explore_rtts 0.5 -reps_explore_prob 70,0.5,5000000,5,550,613.835,483.2176127272729,480.542,567.044,613.835,439.425,673200,2614,0,0,269127,2614,0,0,0.38829471182412356,0.0,0.38829471182412356,0.0
tornado,1100,m,fpar_tuned,fpar,oblivious,-threshold 20750 -disable_hop_rtt_normalization,0.5,10000000,1,550,4079.52,1162.2036527272735,894.935,2945.04,4079.52,827.796,1346400,2798,0,0,715383,2798,0,0,0.2078134284016637,0.0,0.2078134284016637,0.0
tornado,1100,m,reps_no_partition,reps_dfp,reps,,0.5,10000000,1,550,1043.86,922.4948345454543,924.004,984.903,1043.86,845.608,1346400,172,0,0,511884,172,0,0,0.01277480689245395,0.0,0.01277480689245395,0.0
tornado,1100,m,reps_partition,reps_dfp,reps,-reps_partition_entropy -reps_escalate_threshold 0.5 -reps_warmup_explore_rtts 0.5 -reps_explore_prob 70,0.5,10000000,1,550,1232.87,946.4042545454533,942.648,1145.05,1232.87,858.396,1346400,2694,0,0,531005,2694,0,0,0.2000891265597148,0.0,0.2000891265597148,0.0
tornado,1100,m,fpar_tuned,fpar,oblivious,-threshold 20750 -disable_hop_rtt_normalization,0.5,10000000,2,550,3163.35,1156.74888,909.838,2590.54,3163.35,827.263,1346400,2938,0,0,746303,2938,0,0,0.21821152703505645,0.0,0.21821152703505645,0.0
tornado,1100,m,reps_no_partition,reps_dfp,reps,,0.5,10000000,2,550,1097.4,918.3010036363625,910.015,1004.04,1097.4,860.993,1346400,130,0,0,504114,130,0,0,0.009655377302436126,0.0,0.009655377302436126,0.0
tornado,1100,m,reps_partition,reps_dfp,reps,-reps_partition_entropy -reps_escalate_threshold 0.5 -reps_warmup_explore_rtts 0.5 -reps_explore_prob 70,0.5,10000000,2,550,1274.28,946.7170672727274,935.582,1115.1,1274.28,868.331,1346400,3121,0,0,528888,3121,0,0,0.23180332739156267,0.0,0.23180332739156267,0.0
tornado,1100,m,fpar_tuned,fpar,oblivious,-threshold 20750 -disable_hop_rtt_normalization,0.5,10000000,3,550,3015.44,1156.0841599999992,895.697,2530.65,3015.44,827.068,1346400,3220,0,0,724536,3220,0,0,0.23915626856803326,0.0,0.23915626856803326,0.0
tornado,1100,m,reps_no_partition,reps_dfp,reps,,0.5,10000000,3,550,1029.24,922.5019472727281,922.873,983.425,1029.24,853.764,1346400,112,0,0,512157,112,0,0,0.008318478906714201,0.0,0.008318478906714201,0.0
tornado,1100,m,reps_partition,reps_dfp,reps,-reps_partition_entropy -reps_escalate_threshold 0.5 -reps_warmup_explore_rtts 0.5 -reps_explore_prob 70,0.5,10000000,3,550,1200.01,951.7047090909093,946.881,1079.3,1200.01,874.025,1346400,2838,0,0,538591,2838,0,0,0.2107843137254902,0.0,0.2107843137254902,0.0
tornado,1100,m,fpar_tuned,fpar,oblivious,-threshold 20750 -disable_hop_rtt_normalization,0.5,10000000,4,550,2605.52,1170.2965181818183,905.579,2481.11,2605.52,826.843,1346400,3067,0,0,738767,3067,0,0,0.2277926322043969,0.0,0.2277926322043969,0.0
tornado,1100,m,reps_no_partition,reps_dfp,reps,,0.5,10000000,4,550,1156.91,924.1716127272731,911.138,1078.47,1156.91,851.636,1346400,385,0,0,512560,385,0,0,0.028594771241830064,0.0,0.028594771241830064,0.0
tornado,1100,m,reps_partition,reps_dfp,reps,-reps_partition_entropy -reps_escalate_threshold 0.5 -reps_warmup_explore_rtts 0.5 -reps_explore_prob 70,0.5,10000000,4,550,1366.63,948.9251472727277,936.356,1175.25,1366.63,862.824,1346400,3241,0,0,530496,3241,0,0,0.24071598336304217,0.0,0.24071598336304217,0.0
tornado,1100,m,fpar_tuned,fpar,oblivious,-threshold 20750 -disable_hop_rtt_normalization,0.5,10000000,5,550,2763.77,1138.704996363636,902.053,2562.82,2763.77,826.211,1346400,2849,0,0,723144,2849,0,0,0.21160130718954248,0.0,0.21160130718954248,0.0
tornado,1100,m,reps_no_partition,reps_dfp,reps,,0.5,10000000,5,550,1008.2,919.1089981818182,917.845,996.258,1008.2,853.56,1346400,65,0,0,507625,65,0,0,0.004827688651218063,0.0,0.004827688651218063,0.0
tornado,1100,m,reps_partition,reps_dfp,reps,-reps_partition_entropy -reps_escalate_threshold 0.5 -reps_warmup_explore_rtts 0.5 -reps_explore_prob 70,0.5,10000000,5,550,1222.9,946.672321818182,939.565,1132.11,1222.9,858.878,1346400,2972,0,0,535006,2972,0,0,0.22073677956030896,0.0,0.22073677956030896,0.0
tornado,1100,m,fpar_tuned,fpar,oblivious,-threshold 20750 -disable_hop_rtt_normalization,0.75,100000,1,825,49.4029,27.163854424242402,26.125,35.7376,49.4029,23.7976,20625,29,0,0,6795,29,0,0,0.1406060606060606,0.0,0.1406060606060606,0.0
tornado,1100,m,reps_no_partition,reps_dfp,reps,,0.75,100000,1,825,33.1056,27.378842545454553,27.2576,31.2992,33.1056,23.3107,20625,0,0,0,6733,0,0,0,0.0,0.0,0.0,0.0
tornado,1100,m,reps_partition,reps_dfp,reps,-reps_partition_entropy -reps_escalate_threshold 0.5 -reps_warmup_explore_rtts 0.5 -reps_explore_prob 70,0.75,100000,1,825,32.7616,26.870944363636376,26.6136,31.5856,32.7616,23.153,20625,0,0,0,6665,0,0,0,0.0,0.0,0.0,0.0
tornado,1100,m,fpar_tuned,fpar,oblivious,-threshold 20750 -disable_hop_rtt_normalization,0.75,100000,2,825,37.1014,26.946984848484934,26.1198,35.0736,37.1014,23.801,20625,0,0,0,6714,0,0,0,0.0,0.0,0.0,0.0
tornado,1100,m,reps_no_partition,reps_dfp,reps,,0.75,100000,2,825,34.953,27.33584884848486,27.1267,33.0907,34.953,23.6307,20625,0,0,0,6730,0,0,0,0.0,0.0,0.0,0.0
tornado,1100,m,reps_partition,reps_dfp,reps,-reps_partition_entropy -reps_escalate_threshold 0.5 -reps_warmup_explore_rtts 0.5 -reps_explore_prob 70,0.75,100000,2,825,32.4416,26.863420848484814,26.7776,31.0936,32.4416,22.9496,20625,0,0,0,6742,0,0,0,0.0,0.0,0.0,0.0
tornado,1100,m,fpar_tuned,fpar,oblivious,-threshold 20750 -disable_hop_rtt_normalization,0.75,100000,3,825,41.5416,27.060736727272737,26.1472,35.9677,41.5416,23.641,20625,0,0,0,6682,0,0,0,0.0,0.0,0.0,0.0
tornado,1100,m,reps_no_partition,reps_dfp,reps,,0.75,100000,3,825,32.4296,27.358802545454566,27.1227,31.4096,32.4296,24.1096,20625,0,0,0,6738,0,0,0,0.0,0.0,0.0,0.0
tornado,1100,m,reps_partition,reps_dfp,reps,-reps_partition_entropy -reps_escalate_threshold 0.5 -reps_warmup_explore_rtts 0.5 -reps_explore_prob 70,0.75,100000,3,825,32.1187,26.74729842424244,26.633,30.6318,32.1187,23.3038,20625,0,0,0,6686,0,0,0,0.0,0.0,0.0,0.0
tornado,1100,m,fpar_tuned,fpar,oblivious,-threshold 20750 -disable_hop_rtt_normalization,0.75,100000,4,825,35.4414,26.730283878787912,25.9854,34.0325,35.4414,23.4838,20625,0,0,0,6631,0,0,0,0.0,0.0,0.0,0.0
tornado,1100,m,reps_no_partition,reps_dfp,reps,,0.75,100000,4,825,35.433,27.395707878787945,27.2878,31.2736,35.433,24.1216,20625,0,0,0,6730,0,0,0,0.0,0.0,0.0,0.0
tornado,1100,m,reps_partition,reps_dfp,reps,-reps_partition_entropy -reps_escalate_threshold 0.5 -reps_warmup_explore_rtts 0.5 -reps_explore_prob 70,0.75,100000,4,825,31.2867,26.797106787878807,26.6296,30.6216,31.2867,23.4747,20625,0,0,0,6737,0,0,0,0.0,0.0,0.0,0.0
tornado,1100,m,fpar_tuned,fpar,oblivious,-threshold 20750 -disable_hop_rtt_normalization,0.75,100000,5,825,38.6054,26.999571878787876,26.1318,36.5776,38.6054,23.6376,20625,0,0,0,6678,0,0,0,0.0,0.0,0.0,0.0
tornado,1100,m,reps_no_partition,reps_dfp,reps,,0.75,100000,5,825,33.6277,27.55539648484849,27.4376,32.125,33.6277,23.8846,20625,0,0,0,6760,0,0,0,0.0,0.0,0.0,0.0
tornado,1100,m,reps_partition,reps_dfp,reps,-reps_partition_entropy -reps_escalate_threshold 0.5 -reps_warmup_explore_rtts 0.5 -reps_explore_prob 70,0.75,100000,5,825,31.6896,26.777902666666662,26.4792,30.9576,31.6896,23.1438,20625,0,0,0,6687,0,0,0,0.0,0.0,0.0,0.0
tornado,1100,m,fpar_tuned,fpar,oblivious,-threshold 20750 -disable_hop_rtt_normalization,0.75,250000,1,825,83.6094,47.717203757575724,47.607,61.105,83.6094,39.3275,51150,1765,0,0,19452,1765,0,0,3.450635386119257,0.0,3.450635386119257,0.0
tornado,1100,m,reps_no_partition,reps_dfp,reps,,0.75,250000,1,825,54.8456,48.67135757575759,48.6451,53.6758,54.8456,42.0746,51150,8,0,0,23937,8,0,0,0.015640273704789834,0.0,0.015640273704789834,0.0
tornado,1100,m,reps_partition,reps_dfp,reps,-reps_partition_entropy -reps_escalate_threshold 0.5 -reps_warmup_explore_rtts 0.5 -reps_explore_prob 70,0.75,250000,1,825,56.5056,49.46359248484844,49.395,55.5096,56.5056,40.5696,51150,2315,0,0,23129,2315,0,0,4.525904203323559,0.0,4.525904203323559,0.0
tornado,1100,m,fpar_tuned,fpar,oblivious,-threshold 20750 -disable_hop_rtt_normalization,0.75,250000,2,825,66.0451,47.25486824242419,47.0608,64.0531,66.0451,39.0507,51150,1426,0,0,19357,1426,0,0,2.787878787878788,0.0,2.787878787878788,0.0
tornado,1100,m,reps_no_partition,reps_dfp,reps,,0.75,250000,2,825,57.043,48.74485721212118,48.603,55.247,57.043,42.6566,51150,0,0,0,23818,0,0,0,0.0,0.0,0.0,0.0
tornado,1100,m,reps_partition,reps_dfp,reps,-reps_partition_entropy -reps_escalate_threshold 0.5 -reps_warmup_explore_rtts 0.5 -reps_explore_prob 70,0.75,250000,2,825,57.4091,49.47367927272724,49.523,55.9904,57.4091,42.6389,51150,2375,0,0,23242,2375,0,0,4.643206256109482,0.0,4.643206256109482,0.0
tornado,1100,m,fpar_tuned,fpar,oblivious,-threshold 20750 -disable_hop_rtt_normalization,0.75,250000,3,825,71.9184,47.483095757575796,47.4093,66.591,71.9184,39.033,51150,1708,0,0,19389,1708,0,0,3.3391984359726297,0.0,3.3391984359726297,0.0
tornado,1100,m,reps_no_partition,reps_dfp,reps,,0.75,250000,3,825,57.5443,48.60534218181822,48.5376,55.2032,57.5443,41.5696,51150,5,0,0,23567,5,0,0,0.009775171065493646,0.0,0.009775171065493646,0.0
tornado,1100,m,reps_partition,reps_dfp,reps,-reps_partition_entropy -reps_escalate_threshold 0.5 -reps_warmup_explore_rtts 0.5 -reps_explore_prob 70,0.75,250000,3,825,58.2262,49.51284424242426,49.4451,55.0442,58.2262,41.299,51150,2376,0,0,23110,2376,0,0,4.645161290322581,0.0,4.645161290322581,0.0
tornado,1100,m,fpar_tuned,fpar,oblivious,-threshold 20750 -disable_hop_rtt_normalization,0.75,250000,4,825,64.176,47.2202374545455,47.4714,58.6592,64.176,39.1059,51150,1423,0,0,19145,1423,0,0,2.782013685239492,0.0,2.782013685239492,0.0
tornado,1100,m,reps_no_partition,reps_dfp,reps,,0.75,250000,4,825,57.6325,49.181840969696964,48.7379,56.5056,57.6325,43.1902,51150,8,0,0,23597,8,0,0,0.015640273704789834,0.0,0.015640273704789834,0.0
tornado,1100,m,reps_partition,reps_dfp,reps,-reps_partition_entropy -reps_escalate_threshold 0.5 -reps_warmup_explore_rtts 0.5 -reps_explore_prob 70,0.75,250000,4,825,56.7323,49.51260181818183,49.4053,55.4968,56.7323,42.419,51150,2556,0,0,23401,2556,0,0,4.997067448680352,0.0,4.997067448680352,0.0
tornado,1100,m,fpar_tuned,fpar,oblivious,-threshold 20750 -disable_hop_rtt_normalization,0.75,250000,5,825,69.2544,47.502960000000066,47.8118,65.3672,69.2544,38.7624,51150,1657,0,0,19473,1657,0,0,3.239491691104594,0.0,3.239491691104594,0.0
tornado,1100,m,reps_no_partition,reps_dfp,reps,,0.75,250000,5,825,57.2624,48.838512727272686,48.603,54.9194,57.2624,43.5883,51150,31,0,0,23757,31,0,0,0.06060606060606061,0.0,0.06060606060606061,0.0
tornado,1100,m,reps_partition,reps_dfp,reps,-reps_partition_entropy -reps_escalate_threshold 0.5 -reps_warmup_explore_rtts 0.5 -reps_explore_prob 70,0.75,250000,5,825,56.4336,49.42556145454545,49.5709,54.7443,56.4336,42.373,51150,2414,0,0,23224,2414,0,0,4.719452590420333,0.0,4.719452590420333,0.0
tornado,1100,m,fpar_tuned,fpar,oblivious,-threshold 20750 -disable_hop_rtt_normalization,0.75,2000000,1,825,762.594,263.49347757575725,226.904,544.454,762.594,193.259,404250,7384,0,0,197044,7384,0,0,1.8265924551638837,0.0,1.8265924551638837,0.0
tornado,1100,m,reps_no_partition,reps_dfp,reps,,0.75,2000000,1,825,384.759,262.3426254545452,254.841,350.409,384.759,215.45,404250,1136,0,0,243741,1136,0,0,0.2810142238713667,0.0,0.2810142238713667,0.0
tornado,1100,m,reps_partition,reps_dfp,reps,-reps_partition_entropy -reps_escalate_threshold 0.5 -reps_warmup_explore_rtts 0.5 -reps_explore_prob 70,0.75,2000000,1,825,404.946,262.585775757576,256.391,340.156,404.946,228.244,404250,8266,0,0,249514,8266,0,0,2.044774273345702,0.0,2.044774273345702,0.0
tornado,1100,m,fpar_tuned,fpar,oblivious,-threshold 20750 -disable_hop_rtt_normalization,0.75,2000000,2,825,594.759,264.4850872727271,231.229,511.939,594.759,192.571,404250,7754,0,0,201939,7754,0,0,1.9181199752628324,0.0,1.9181199752628324,0.0
tornado,1100,m,reps_no_partition,reps_dfp,reps,,0.75,2000000,2,825,379.432,259.9361393939393,253.149,349.892,379.432,218.495,404250,1076,0,0,245085,1076,0,0,0.26617192331478046,0.0,0.26617192331478046,0.0
tornado,1100,m,reps_partition,reps_dfp,reps,-reps_partition_entropy -reps_escalate_threshold 0.5 -reps_warmup_explore_rtts 0.5 -reps_explore_prob 70,0.75,2000000,2,825,349.159,260.412315151515,255.998,325.405,349.159,227.126,404250,8281,0,0,248530,8281,0,0,2.0484848484848484,0.0,2.0484848484848484,0.0
tornado,1100,m,fpar_tuned,fpar,oblivious,-threshold 20750 -disable_hop_rtt_normalization,0.75,2000000,3,825,745.574,263.72525939393944,229.458,608.171,745.574,190.008,404250,7879,0,0,199686,7879,0,0,1.9490414347557206,0.0,1.9490414347557206,0.0
tornado,1100,m,reps_no_partition,reps_dfp,reps,,0.75,2000000,3,825,376.559,261.7164812121213,254.686,348.212,376.559,214.66,404250,1198,0,0,243232,1198,0,0,0.2963512677798392,0.0,0.2963512677798392,0.0
tornado,1100,m,reps_partition,reps_dfp,reps,-reps_partition_entropy -reps_escalate_threshold 0.5 -reps_warmup_explore_rtts 0.5 -reps_explore_prob 70,0.75,2000000,3,825,399.315,261.8565163636363,257.196,347.343,399.315,222.537,404250,8417,0,0,247649,8417,0,0,2.0821273964131106,0.0,2.0821273964131106,0.0
tornado,1100,m,fpar_tuned,fpar,oblivious,-threshold 20750 -disable_hop_rtt_normalization,0.75,2000000,4,825,592.817,263.92928848484866,234.191,490.244,592.817,190.836,404250,7999,0,0,200895,7999,0,0,1.978726035868893,0.0,1.978726035868893,0.0
tornado,1100,m,reps_no_partition,reps_dfp,reps,,0.75,2000000,4,825,405.396,260.97100484848465,251.227,360.481,405.396,216.129,404250,1023,0,0,246255,1023,0,0,0.2530612244897959,0.0,0.2530612244897959,0.0
tornado,1100,m,reps_partition,reps_dfp,reps,-reps_partition_entropy -reps_escalate_threshold 0.5 -reps_warmup_explore_rtts 0.5 -reps_explore_prob 70,0.75,2000000,4,825,393.7,261.33650060606044,256.26,341.162,393.7,227.038,404250,8400,0,0,249726,8400,0,0,2.0779220779220777,0.0,2.0779220779220777,0.0
tornado,1100,m,fpar_tuned,fpar,oblivious,-threshold 20750 -disable_hop_rtt_normalization,0.75,2000000,5,825,742.017,265.3684121212124,232.433,503.878,742.017,189.62,404250,7863,0,0,202637,7863,0,0,1.945083487940631,0.0,1.945083487940631,0.0
tornado,1100,m,reps_no_partition,reps_dfp,reps,,0.75,2000000,5,825,418.308,261.9213587878784,252.403,356.076,418.308,215.206,404250,1163,0,0,243567,1163,0,0,0.2876932591218305,0.0,0.2876932591218305,0.0
tornado,1100,m,reps_partition,reps_dfp,reps,-reps_partition_entropy -reps_escalate_threshold 0.5 -reps_warmup_explore_rtts 0.5 -reps_explore_prob 70,0.75,2000000,5,825,359.041,261.91891393939346,256.374,342.346,359.041,225.597,404250,8733,0,0,246093,8733,0,0,2.1602968460111316,0.0,2.1602968460111316,0.0
tornado,1100,m,fpar_tuned,fpar,oblivious,-threshold 20750 -disable_hop_rtt_normalization,0.75,5000000,1,825,1931.48,641.6074387878784,523.616,1458.2,1931.48,448.603,1009800,8749,0,0,502885,8749,0,0,0.8664091899386017,0.0,0.8664091899386017,0.0
tornado,1100,m,reps_no_partition,reps_dfp,reps,,0.75,5000000,1,825,813.65,617.4219406060607,609.855,790.278,813.65,507.268,1009800,1325,0,0,563506,1325,0,0,0.13121410180233709,0.0,0.13121410180233709,0.0
tornado,1100,m,reps_partition,reps_dfp,reps,-reps_partition_entropy -reps_escalate_threshold 0.5 -reps_warmup_explore_rtts 0.5 -reps_explore_prob 70,0.75,5000000,1,825,942.354,624.9578799999997,614.125,816.183,942.354,504.829,1009800,8521,0,0,572125,8521,0,0,0.8438304614775203,0.0,0.8438304614775203,0.0
tornado,1100,m,fpar_tuned,fpar,oblivious,-threshold 20750 -disable_hop_rtt_normalization,0.75,5000000,2,825,1435.27,647.7903478787874,541.767,1303.64,1435.27,450.811,1009800,8894,0,0,528446,8894,0,0,0.8807684690037632,0.0,0.8807684690037632,0.0
tornado,1100,m,reps_no_partition,reps_dfp,reps,,0.75,5000000,2,825,914.472,614.4286957575758,606.365,793.341,914.472,507.23,1009800,1301,0,0,568814,1301,0,0,0.1288373935432759,0.0,0.1288373935432759,0.0
tornado,1100,m,reps_partition,reps_dfp,reps,-reps_partition_entropy -reps_escalate_threshold 0.5 -reps_warmup_explore_rtts 0.5 -reps_explore_prob 70,0.75,5000000,2,825,839.852,620.9157406060615,611.525,787.615,839.852,519.011,1009800,8429,0,0,576203,8429,0,0,0.8347197464844524,0.0,0.8347197464844524,0.0
tornado,1100,m,fpar_tuned,fpar,oblivious,-threshold 20750 -disable_hop_rtt_normalization,0.75,5000000,3,825,1903.0,644.1732666666666,534.839,1510.37,1903.0,442.305,1009800,8591,0,0,526765,8591,0,0,0.8507625272331155,0.0,0.8507625272331155,0.0
tornado,1100,m,reps_no_partition,reps_dfp,reps,,0.75,5000000,3,825,852.743,615.3832836363636,608.476,794.1,852.743,507.221,1009800,1376,0,0,559473,1376,0,0,0.13626460685284214,0.0,0.13626460685284214,0.0
tornado,1100,m,reps_partition,reps_dfp,reps,-reps_partition_entropy -reps_escalate_threshold 0.5 -reps_warmup_explore_rtts 0.5 -reps_explore_prob 70,0.75,5000000,3,825,993.878,623.2454921212122,616.188,808.637,993.878,518.914,1009800,8700,0,0,570195,8700,0,0,0.8615567439096851,0.0,0.8615567439096851,0.0
tornado,1100,m,fpar_tuned,fpar,oblivious,-threshold 20750 -disable_hop_rtt_normalization,0.75,5000000,4,825,1573.61,644.2909563636362,548.142,1267.87,1573.61,447.303,1009800,9268,0,0,520436,9268,0,0,0.9178055060408001,0.0,0.9178055060408001,0.0
tornado,1100,m,reps_no_partition,reps_dfp,reps,,0.75,5000000,4,825,934.752,614.2279999999993,603.708,821.93,934.752,505.795,1009800,1173,0,0,568964,1173,0,0,0.11616161616161616,0.0,0.11616161616161616,0.0
tornado,1100,m,reps_partition,reps_dfp,reps,-reps_partition_entropy -reps_escalate_threshold 0.5 -reps_warmup_explore_rtts 0.5 -reps_explore_prob 70,0.75,5000000,4,825,895.908,623.1160884848482,612.731,841.872,895.908,509.461,1009800,8588,0,0,575656,8588,0,0,0.8504654387007328,0.0,0.8504654387007328,0.0
tornado,1100,m,fpar_tuned,fpar,oblivious,-threshold 20750 -disable_hop_rtt_normalization,0.75,5000000,5,825,1954.41,652.9378484848481,546.831,1514.72,1954.41,438.837,1009800,9001,0,0,538464,9001,0,0,0.8913646266587443,0.0,0.8913646266587443,0.0
tornado,1100,m,reps_no_partition,reps_dfp,reps,,0.75,5000000,5,825,998.38,615.2688981818183,603.258,823.195,998.38,501.799,1009800,1218,0,0,560757,1218,0,0,0.12061794414735591,0.0,0.12061794414735591,0.0
tornado,1100,m,reps_partition,reps_dfp,reps,-reps_partition_entropy -reps_escalate_threshold 0.5 -reps_warmup_explore_rtts 0.5 -reps_explore_prob 70,0.75,5000000,5,825,951.323,621.7269660606052,609.506,833.803,951.323,510.829,1009800,9003,0,0,567539,9003,0,0,0.8915626856803327,0.0,0.8915626856803327,0.0
tornado,1100,m,fpar_tuned,fpar,oblivious,-threshold 20750 -disable_hop_rtt_normalization,0.75,10000000,1,825,3865.51,1267.2171442424237,1024.54,2893.57,3865.51,875.271,2019600,10692,0,0,1016246,10692,0,0,0.5294117647058824,0.0,0.5294117647058824,0.0
tornado,1100,m,reps_no_partition,reps_dfp,reps,,0.75,10000000,1,825,1566.48,1214.5015187878796,1210.57,1487.01,1566.48,983.793,2019600,1595,0,0,1114735,1595,0,0,0.0789760348583878,0.0,0.0789760348583878,0.0
tornado,1100,m,reps_partition,reps_dfp,reps,-reps_partition_entropy -reps_escalate_threshold 0.5 -reps_warmup_explore_rtts 0.5 -reps_explore_prob 70,0.75,10000000,1,825,1793.57,1228.368757575758,1216.44,1553.25,1793.57,977.265,2019600,9022,0,0,1124146,9022,0,0,0.44672212319271143,0.0,0.44672212319271143,0.0
tornado,1100,m,fpar_tuned,fpar,oblivious,-threshold 20750 -disable_hop_rtt_normalization,0.75,10000000,2,825,2988.48,1276.6851103030306,1054.78,2555.21,2988.48,873.522,2019600,10187,0,0,1069050,10187,0,0,0.5044068132303426,0.0,0.5044068132303426,0.0
tornado,1100,m,reps_no_partition,reps_dfp,reps,,0.75,10000000,2,825,1623.68,1210.9260484848492,1200.67,1495.42,1623.68,1005.08,2019600,1578,0,0,1124165,1578,0,0,0.07813428401663695,0.0,0.07813428401663695,0.0
tornado,1100,m,reps_partition,reps_dfp,reps,-reps_partition_entropy -reps_escalate_threshold 0.5 -reps_warmup_explore_rtts 0.5 -reps_explore_prob 70,0.75,10000000,2,825,1611.58,1223.1059030303027,1214.35,1528.21,1611.58,1019.95,2019600,8897,0,0,1127746,8897,0,0,0.4405327787680729,0.0,0.4405327787680729,0.0
tornado,1100,m,fpar_tuned,fpar,oblivious,-threshold 20750 -disable_hop_rtt_normalization,0.75,10000000,3,825,3647.32,1266.0868327272744,1048.4,2954.85,3647.32,874.725,2019600,10709,0,0,1044281,10709,0,0,0.5302535155476332,0.0,0.5302535155476332,0.0
tornado,1100,m,reps_no_partition,reps_dfp,reps,,0.75,10000000,3,825,1598.99,1211.5021018181824,1202.97,1492.79,1598.99,984.263,2019600,1621,0,0,1111986,1621,0,0,0.08026341849871262,0.0,0.08026341849871262,0.0
tornado,1100,m,reps_partition,reps_dfp,reps,-reps_partition_entropy -reps_escalate_threshold 0.5 -reps_warmup_explore_rtts 0.5 -reps_explore_prob 70,0.75,10000000,3,825,1805.96,1228.378957575758,1219.15,1569.2,1805.96,1002.6,2019600,9323,0,0,1119077,9323,0,0,0.46162606456724103,0.0,0.46162606456724103,0.0
tornado,1100,m,fpar_tuned,fpar,oblivious,-threshold 20750 -disable_hop_rtt_normalization,0.75,10000000,4,825,3205.83,1273.5990557575772,1062.4,2708.59,3205.83,868.024,2019600,10832,0,0,1050098,10832,0,0,0.5363438304614775,0.0,0.5363438304614775,0.0
tornado,1100,m,reps_no_partition,reps_dfp,reps,,0.75,10000000,4,825,1625.54,1211.5865418181806,1200.41,1552.12,1625.54,987.637,2019600,1532,0,0,1122029,1532,0,0,0.07585660526836997,0.0,0.07585660526836997,0.0
tornado,1100,m,reps_partition,reps_dfp,reps,-reps_partition_entropy -reps_escalate_threshold 0.5 -reps_warmup_explore_rtts 0.5 -reps_explore_prob 70,0.75,10000000,4,825,1708.17,1226.0237115151524,1214.32,1631.83,1708.17,991.442,2019600,9118,0,0,1126504,9118,0,0,0.4514755397108338,0.0,0.4514755397108338,0.0
tornado,1100,m,fpar_tuned,fpar,oblivious,-threshold 20750 -disable_hop_rtt_normalization,0.75,10000000,5,825,3937.77,1285.3282169696963,1089.48,3319.93,3937.77,862.157,2019600,10933,0,0,1074980,10933,0,0,0.5413448207565854,0.0,0.5413448207565854,0.0
tornado,1100,m,reps_no_partition,reps_dfp,reps,,0.75,10000000,5,825,1716.79,1209.7040496969696,1198.41,1508.32,1716.79,974.959,2019600,1439,0,0,1115309,1439,0,0,0.0712517330164389,0.0,0.0712517330164389,0.0
tornado,1100,m,reps_partition,reps_dfp,reps,-reps_partition_entropy -reps_escalate_threshold 0.5 -reps_warmup_explore_rtts 0.5 -reps_explore_prob 70,0.75,10000000,5,825,1719.11,1221.2228715151496,1215.5,1586.73,1719.11,980.79,2019600,9547,0,0,1120241,9547,0,0,0.47271736977619333,0.0,0.47271736977619333,0.0
tornado,1100,m,fpar_tuned,fpar,oblivious,-threshold 20750 -disable_hop_rtt_normalization,1.0,100000,1,1100,37.9806,30.953523727272756,30.7336,36.517,37.9806,26.7907,27500,13,0,0,9468,13,0,0,0.04727272727272727,0.0,0.04727272727272727,0.0
tornado,1100,m,reps_no_partition,reps_dfp,reps,,1.0,100000,1,1100,38.7136,31.26178300000006,31.0896,37.0776,38.7136,26.9456,27500,0,0,0,10410,0,0,0,0.0,0.0,0.0,0.0
tornado,1100,m,reps_partition,reps_dfp,reps,-reps_partition_entropy -reps_escalate_threshold 0.5 -reps_warmup_explore_rtts 0.5 -reps_explore_prob 70,1.0,100000,1,1100,38.445,30.441321363636387,30.2776,35.2576,38.445,26.2987,27500,0,0,0,10169,0,0,0,0.0,0.0,0.0,0.0
tornado,1100,m,fpar_tuned,fpar,oblivious,-threshold 20750 -disable_hop_rtt_normalization,1.0,100000,2,1100,37.6106,30.92592918181817,30.5856,36.7866,37.6106,26.2867,27500,57,0,0,9458,57,0,0,0.20727272727272728,0.0,0.20727272727272728,0.0
tornado,1100,m,reps_no_partition,reps_dfp,reps,,1.0,100000,2,1100,36.5514,31.42085436363637,31.3678,35.261,36.5514,27.4598,27500,0,0,0,10516,0,0,0,0.0,0.0,0.0,0.0
tornado,1100,m,reps_partition,reps_dfp,reps,-reps_partition_entropy -reps_escalate_threshold 0.5 -reps_warmup_explore_rtts 0.5 -reps_explore_prob 70,1.0,100000,2,1100,38.3907,30.368128818181862,30.133,35.7467,38.3907,25.7474,27500,0,0,0,10148,0,0,0,0.0,0.0,0.0,0.0
tornado,1100,m,fpar_tuned,fpar,oblivious,-threshold 20750 -disable_hop_rtt_normalization,1.0,100000,3,1100,37.2546,31.01995863636363,30.6352,36.5496,37.2546,26.7856,27500,39,0,0,9492,39,0,0,0.14181818181818182,0.0,0.14181818181818182,0.0
tornado,1100,m,reps_no_partition,reps_dfp,reps,,1.0,100000,3,1100,36.8816,31.50976281818179,31.4267,35.443,36.8816,27.133,27500,0,0,0,10485,0,0,0,0.0,0.0,0.0,0.0
tornado,1100,m,reps_partition,reps_dfp,reps,-reps_partition_entropy -reps_escalate_threshold 0.5 -reps_warmup_explore_rtts 0.5 -reps_explore_prob 70,1.0,100000,3,1100,37.425,30.46720872727273,30.2776,35.1283,37.425,25.7998,27500,0,0,0,10139,0,0,0,0.0,0.0,0.0,0.0
tornado,1100,m,fpar_tuned,fpar,oblivious,-threshold 20750 -disable_hop_rtt_normalization,1.0,100000,4,1100,37.4306,30.96900072727273,30.6454,36.6112,37.4306,26.641,27500,45,0,0,9481,45,0,0,0.16363636363636364,0.0,0.16363636363636364,0.0
tornado,1100,m,reps_no_partition,reps_dfp,reps,,1.0,100000,4,1100,37.097,31.390281181818203,31.2707,35.9256,37.097,26.9576,27500,0,0,0,10431,0,0,0,0.0,0.0,0.0,0.0
tornado,1100,m,reps_partition,reps_dfp,reps,-reps_partition_entropy -reps_escalate_threshold 0.5 -reps_warmup_explore_rtts 0.5 -reps_explore_prob 70,1.0,100000,4,1100,38.4096,30.610608727272776,30.4256,35.8976,38.4096,25.9416,27500,0,0,0,10148,0,0,0,0.0,0.0,0.0,0.0
tornado,1100,m,fpar_tuned,fpar,oblivious,-threshold 20750 -disable_hop_rtt_normalization,1.0,100000,5,1100,37.253,31.206541181818174,30.9416,36.7421,37.253,25.9667,27500,37,0,0,9541,37,0,0,0.13454545454545455,0.0,0.13454545454545455,0.0
tornado,1100,m,reps_no_partition,reps_dfp,reps,,1.0,100000,5,1100,36.9176,31.322360272727277,31.0896,35.9096,36.9176,27.4478,27500,0,0,0,10371,0,0,0,0.0,0.0,0.0,0.0
tornado,1100,m,reps_partition,reps_dfp,reps,-reps_partition_entropy -reps_escalate_threshold 0.5 -reps_warmup_explore_rtts 0.5 -reps_explore_prob 70,1.0,100000,5,1100,37.3976,30.380474363636367,30.2656,35.9506,37.3976,26.0902,27500,0,0,0,10122,0,0,0,0.0,0.0,0.0,0.0
tornado,1100,m,fpar_tuned,fpar,oblivious,-threshold 20750 -disable_hop_rtt_normalization,1.0,250000,1,1100,75.7942,52.767521000000016,52.5662,62.3635,75.7942,44.316,68200,9044,0,0,35338,9044,0,0,13.260997067448681,0.0,13.260997067448681,0.0
tornado,1100,m,reps_no_partition,reps_dfp,reps,,1.0,250000,1,1100,64.9862,58.14515600000005,58.1758,62.9803,64.9862,52.2038,68200,356,0,0,47799,356,0,0,0.5219941348973607,0.0,0.5219941348973607,0.0
tornado,1100,m,reps_partition,reps_dfp,reps,-reps_partition_entropy -reps_escalate_threshold 0.5 -reps_warmup_explore_rtts 0.5 -reps_explore_prob 70,1.0,250000,1,1100,63.4926,57.23782354545452,57.3462,62.2158,63.4926,49.3325,68200,6290,0,0,43856,6290,0,0,9.222873900293255,0.0,9.222873900293255,0.0
tornado,1100,m,fpar_tuned,fpar,oblivious,-threshold 20750 -disable_hop_rtt_normalization,1.0,250000,2,1100,66.0346,53.00216854545453,52.6792,63.6656,66.0346,45.5918,68200,8818,0,0,35393,8818,0,0,12.929618768328446,0.0,12.929618768328446,0.0
tornado,1100,m,reps_no_partition,reps_dfp,reps,,1.0,250000,2,1100,66.8027,58.38349190909082,58.235,65.1323,66.8027,50.8917,68200,259,0,0,47701,259,0,0,0.37976539589442815,0.0,0.37976539589442815,0.0
tornado,1100,m,reps_partition,reps_dfp,reps,-reps_partition_entropy -reps_escalate_threshold 0.5 -reps_warmup_explore_rtts 0.5 -reps_explore_prob 70,1.0,250000,2,1100,65.5818,57.43437818181816,57.5861,62.8944,65.5818,47.964,68200,6139,0,0,43657,6139,0,0,9.001466275659824,0.0,9.001466275659824,0.0
tornado,1100,m,fpar_tuned,fpar,oblivious,-threshold 20750 -disable_hop_rtt_normalization,1.0,250000,3,1100,63.2506,52.81892290909091,52.6661,60.3408,63.2506,46.051,68200,8998,0,0,35153,8998,0,0,13.193548387096774,0.0,13.193548387096774,0.0
tornado,1100,m,reps_no_partition,reps_dfp,reps,,1.0,250000,3,1100,64.8419,58.44392745454546,58.4976,63.5734,64.8419,53.0499,68200,318,0,0,47788,318,0,0,0.4662756598240469,0.0,0.4662756598240469,0.0
tornado,1100,m,reps_partition,reps_dfp,reps,-reps_partition_entropy -reps_escalate_threshold 0.5 -reps_warmup_explore_rtts 0.5 -reps_explore_prob 70,1.0,250000,3,1100,64.3035,57.18235027272729,57.3891,62.9621,64.3035,49.3275,68200,6059,0,0,43844,6059,0,0,8.8841642228739,0.0,8.8841642228739,0.0
tornado,1100,m,fpar_tuned,fpar,oblivious,-threshold 20750 -disable_hop_rtt_normalization,1.0,250000,4,1100,64.3797,52.93953681818188,52.6749,62.0235,64.3797,46.0206,68200,9064,0,0,35039,9064,0,0,13.290322580645162,0.0,13.290322580645162,0.0
tornado,1100,m,reps_no_partition,reps_dfp,reps,,1.0,250000,4,1100,66.2355,58.410061909090864,58.2453,64.4421,66.2355,51.9333,68200,333,0,0,47383,333,0,0,0.48826979472140764,0.0,0.48826979472140764,0.0
tornado,1100,m,reps_partition,reps_dfp,reps,-reps_partition_entropy -reps_escalate_threshold 0.5 -reps_warmup_explore_rtts 0.5 -reps_explore_prob 70,1.0,250000,4,1100,63.0432,57.00728281818187,57.2442,61.452,63.0432,49.1808,68200,6310,0,0,43725,6310,0,0,9.252199413489736,0.0,9.252199413489736,0.0
tornado,1100,m,fpar_tuned,fpar,oblivious,-threshold 20750 -disable_hop_rtt_normalization,1.0,250000,5,1100,65.9144,53.165708090909085,52.8266,61.8291,65.9144,44.9146,68200,9076,0,0,35244,9076,0,0,13.30791788856305,0.0,13.30791788856305,0.0
tornado,1100,m,reps_no_partition,reps_dfp,reps,,1.0,250000,5,1100,64.588,58.46881472727266,58.4808,63.8789,64.588,50.2682,68200,253,0,0,47750,253,0,0,0.3709677419354839,0.0,0.3709677419354839,0.0
tornado,1100,m,reps_partition,reps_dfp,reps,-reps_partition_entropy -reps_escalate_threshold 0.5 -reps_warmup_explore_rtts 0.5 -reps_explore_prob 70,1.0,250000,5,1100,66.0685,57.629837545454485,57.6771,64.5176,66.0685,49.5387,68200,6463,0,0,43569,6463,0,0,9.476539589442815,0.0,9.476539589442815,0.0
tornado,1100,m,fpar_tuned,fpar,oblivious,-threshold 20750 -disable_hop_rtt_normalization,1.0,2000000,1,1100,780.804,316.8947790909096,296.508,567.544,780.804,219.795,539000,29244,0,0,291714,29244,0,0,5.425602968460112,0.0,5.425602968460112,0.0
tornado,1100,m,reps_no_partition,reps_dfp,reps,,1.0,2000000,1,1100,555.359,341.96858727272695,338.847,451.652,555.359,236.538,539000,4012,0,0,338131,4012,0,0,0.7443413729128014,0.0,0.7443413729128014,0.0
tornado,1100,m,reps_partition,reps_dfp,reps,-reps_partition_entropy -reps_escalate_threshold 0.5 -reps_warmup_explore_rtts 0.5 -reps_explore_prob 70,1.0,2000000,1,1100,506.034,328.14864909090966,322.11,455.242,506.034,233.01,539000,14009,0,0,368259,14009,0,0,2.5990723562152134,0.0,2.5990723562152134,0.0
tornado,1100,m,fpar_tuned,fpar,oblivious,-threshold 20750 -disable_hop_rtt_normalization,1.0,2000000,2,1100,698.504,316.899282727273,303.473,560.069,698.504,227.791,539000,29420,0,0,291919,29420,0,0,5.458256029684601,0.0,5.458256029684601,0.0
tornado,1100,m,reps_no_partition,reps_dfp,reps,,1.0,2000000,2,1100,473.778,343.20103454545495,340.325,453.654,473.778,248.424,539000,3941,0,0,341054,3941,0,0,0.7311688311688311,0.0,0.7311688311688311,0.0
tornado,1100,m,reps_partition,reps_dfp,reps,-reps_partition_entropy -reps_escalate_threshold 0.5 -reps_warmup_explore_rtts 0.5 -reps_explore_prob 70,1.0,2000000,2,1100,496.695,326.60947636363676,319.216,450.421,496.695,249.404,539000,14174,0,0,364801,14174,0,0,2.6296846011131727,0.0,2.6296846011131727,0.0
tornado,1100,m,fpar_tuned,fpar,oblivious,-threshold 20750 -disable_hop_rtt_normalization,1.0,2000000,3,1100,725.032,320.61328000000043,298.911,584.405,725.032,218.818,539000,29028,0,0,292391,29028,0,0,5.385528756957329,0.0,5.385528756957329,0.0
tornado,1100,m,reps_no_partition,reps_dfp,reps,,1.0,2000000,3,1100,492.324,342.77342636363636,341.346,448.43,492.324,248.282,539000,4215,0,0,338202,4215,0,0,0.7820037105751392,0.0,0.7820037105751392,0.0
tornado,1100,m,reps_partition,reps_dfp,reps,-reps_partition_entropy -reps_escalate_threshold 0.5 -reps_warmup_explore_rtts 0.5 -reps_explore_prob 70,1.0,2000000,3,1100,485.579,328.2640909090909,320.469,453.951,485.579,249.192,539000,13705,0,0,364078,13705,0,0,2.5426716141001857,0.0,2.5426716141001857,0.0
tornado,1100,m,fpar_tuned,fpar,oblivious,-threshold 20750 -disable_hop_rtt_normalization,1.0,2000000,4,1100,612.465,317.7493145454546,298.528,541.863,612.465,216.178,539000,28592,0,0,294209,28592,0,0,5.304638218923933,0.0,5.304638218923933,0.0
tornado,1100,m,reps_no_partition,reps_dfp,reps,,1.0,2000000,4,1100,490.126,341.99214545454527,339.76,442.927,490.126,231.663,539000,4212,0,0,336798,4212,0,0,0.7814471243042672,0.0,0.7814471243042672,0.0
tornado,1100,m,reps_partition,reps_dfp,reps,-reps_partition_entropy -reps_escalate_threshold 0.5 -reps_warmup_explore_rtts 0.5 -reps_explore_prob 70,1.0,2000000,4,1100,476.273,326.8825218181816,321.518,435.603,476.273,247.085,539000,13856,0,0,364893,13856,0,0,2.5706864564007423,0.0,2.5706864564007423,0.0
tornado,1100,m,fpar_tuned,fpar,oblivious,-threshold 20750 -disable_hop_rtt_normalization,1.0,2000000,5,1100,661.058,321.1492872727269,292.049,563.011,661.058,220.826,539000,27346,0,0,295136,27346,0,0,5.073469387755102,0.0,5.073469387755102,0.0
tornado,1100,m,reps_no_partition,reps_dfp,reps,,1.0,2000000,5,1100,534.764,342.8986399999998,339.853,468.486,534.764,233.418,539000,4020,0,0,337115,4020,0,0,0.7458256029684601,0.0,0.7458256029684601,0.0
tornado,1100,m,reps_partition,reps_dfp,reps,-reps_partition_entropy -reps_escalate_threshold 0.5 -reps_warmup_explore_rtts 0.5 -reps_explore_prob 70,1.0,2000000,5,1100,515.836,326.73774090909063,319.816,457.804,515.836,243.878,539000,14260,0,0,365213,14260,0,0,2.645640074211503,0.0,2.645640074211503,0.0
tornado,1100,m,fpar_tuned,fpar,oblivious,-threshold 20750 -disable_hop_rtt_normalization,1.0,5000000,1,1100,1875.66,768.613506363638,724.802,1509.04,1875.66,499.295,1346400,32686,0,0,712616,32686,0,0,2.427658942364825,0.0,2.427658942364825,0.0
tornado,1100,m,reps_no_partition,reps_dfp,reps,,1.0,5000000,1,1100,1195.68,796.0245309090905,792.404,1008.0,1195.68,570.487,1346400,4211,0,0,860506,4211,0,0,0.3127599524658348,0.0,0.3127599524658348,0.0
tornado,1100,m,reps_partition,reps_dfp,reps,-reps_partition_entropy -reps_escalate_threshold 0.5 -reps_warmup_explore_rtts 0.5 -reps_explore_prob 70,1.0,5000000,1,1100,1137.49,777.5463990909095,776.134,1050.38,1137.49,541.262,1346400,14333,0,0,896546,14333,0,0,1.0645424836601307,0.0,1.0645424836601307,0.0
tornado,1100,m,fpar_tuned,fpar,oblivious,-threshold 20750 -disable_hop_rtt_normalization,1.0,5000000,2,1100,1804.92,767.0203118181814,733.943,1406.61,1804.92,498.094,1346400,35032,0,0,711260,35032,0,0,2.601901366607249,0.0,2.601901366607249,0.0
tornado,1100,m,reps_no_partition,reps_dfp,reps,,1.0,5000000,2,1100,1107.21,797.6792918181816,795.69,1021.8,1107.21,579.302,1346400,4097,0,0,862697,4097,0,0,0.3042929292929293,0.0,0.3042929292929293,0.0
tornado,1100,m,reps_partition,reps_dfp,reps,-reps_partition_entropy -reps_escalate_threshold 0.5 -reps_warmup_explore_rtts 0.5 -reps_explore_prob 70,1.0,5000000,2,1100,1195.8,774.4818772727272,770.687,1046.76,1195.8,546.981,1346400,14628,0,0,888870,14628,0,0,1.0864527629233511,0.0,1.0864527629233511,0.0
tornado,1100,m,fpar_tuned,fpar,oblivious,-threshold 20750 -disable_hop_rtt_normalization,1.0,5000000,3,1100,1731.19,781.8225045454549,724.293,1513.08,1731.19,500.696,1346400,35371,0,0,720436,35371,0,0,2.6270796197266786,0.0,2.6270796197266786,0.0
tornado,1100,m,reps_no_partition,reps_dfp,reps,,1.0,5000000,3,1100,1144.35,796.7664063636349,794.364,1015.21,1144.35,568.506,1346400,4371,0,0,859395,4371,0,0,0.3246434937611408,0.0,0.3246434937611408,0.0
tornado,1100,m,reps_partition,reps_dfp,reps,-reps_partition_entropy -reps_escalate_threshold 0.5 -reps_warmup_explore_rtts 0.5 -reps_explore_prob 70,1.0,5000000,3,1100,1182.24,778.0561363636367,777.012,1043.93,1182.24,542.135,1346400,13977,0,0,894724,13977,0,0,1.0381016042780749,0.0,1.0381016042780749,0.0
tornado,1100,m,fpar_tuned,fpar,oblivious,-threshold 20750 -disable_hop_rtt_normalization,1.0,5000000,4,1100,1500.42,773.158581818182,729.371,1374.22,1500.42,512.428,1346400,34474,0,0,716099,34474,0,0,2.560457516339869,0.0,2.560457516339869,0.0
tornado,1100,m,reps_no_partition,reps_dfp,reps,,1.0,5000000,4,1100,1093.13,794.9016754545459,790.627,998.702,1093.13,538.197,1346400,4321,0,0,861183,4321,0,0,0.32092988710635767,0.0,0.32092988710635767,0.0
tornado,1100,m,reps_partition,reps_dfp,reps,-reps_partition_entropy -reps_escalate_threshold 0.5 -reps_warmup_explore_rtts 0.5 -reps_explore_prob 70,1.0,5000000,4,1100,1147.28,775.6535363636375,774.033,999.064,1147.28,566.237,1346400,14234,0,0,889836,14234,0,0,1.0571895424836601,0.0,1.0571895424836601,0.0
tornado,1100,m,fpar_tuned,fpar,oblivious,-threshold 20750 -disable_hop_rtt_normalization,1.0,5000000,5,1100,1638.42,784.9294809090918,723.225,1498.27,1638.42,504.327,1346400,32446,0,0,721771,32446,0,0,2.4098336304218657,0.0,2.4098336304218657,0.0
tornado,1100,m,reps_no_partition,reps_dfp,reps,,1.0,5000000,5,1100,1151.32,795.6037099999988,790.765,1036.03,1151.32,558.915,1346400,4291,0,0,852581,4291,0,0,0.3187017231134878,0.0,0.3187017231134878,0.0
tornado,1100,m,reps_partition,reps_dfp,reps,-reps_partition_entropy -reps_escalate_threshold 0.5 -reps_warmup_explore_rtts 0.5 -reps_explore_prob 70,1.0,5000000,5,1100,1164.89,773.367679999999,766.746,1065.08,1164.89,538.563,1346400,14529,0,0,884962,14529,0,0,1.0790998217468806,0.0,1.0790998217468806,0.0
tornado,1100,m,fpar_tuned,fpar,oblivious,-threshold 20750 -disable_hop_rtt_normalization,1.0,10000000,1,1100,3731.25,1526.814721818182,1431.42,2920.32,3731.25,986.631,2692800,45673,0,0,1404275,45673,0,0,1.6961155674390969,0.0,1.6961155674390969,0.0
tornado,1100,m,reps_no_partition,reps_dfp,reps,,1.0,10000000,1,1100,2046.58,1553.243554545454,1548.01,1889.61,2046.58,1165.1,2692800,4372,0,0,1735506,4372,0,0,0.16235888294711825,0.0,0.16235888294711825,0.0
tornado,1100,m,reps_partition,reps_dfp,reps,-reps_partition_entropy -reps_escalate_threshold 0.5 -reps_warmup_explore_rtts 0.5 -reps_explore_prob 70,1.0,10000000,1,1100,2142.73,1531.6477636363645,1534.68,1982.72,2142.73,1077.9,2692800,15043,0,0,1784318,15043,0,0,0.5586378490790256,0.0,0.5586378490790256,0.0
tornado,1100,m,fpar_tuned,fpar,oblivious,-threshold 20750 -disable_hop_rtt_normalization,1.0,10000000,2,1100,3518.55,1514.5897554545463,1428.35,2867.43,3518.55,972.415,2692800,47165,0,0,1392749,47165,0,0,1.7515225787284612,0.0,1.7515225787284612,0.0
tornado,1100,m,reps_no_partition,reps_dfp,reps,,1.0,10000000,2,1100,2054.62,1554.2798636363643,1553.91,1916.45,2054.62,1135.36,2692800,4247,0,0,1737582,4247,0,0,0.15771687462863934,0.0,0.15771687462863934,0.0
tornado,1100,m,reps_partition,reps_dfp,reps,-reps_partition_entropy -reps_escalate_threshold 0.5 -reps_warmup_explore_rtts 0.5 -reps_explore_prob 70,1.0,10000000,2,1100,2193.22,1521.6681454545455,1523.21,1962.15,2193.22,1042.63,2692800,15184,0,0,1769019,15184,0,0,0.5638740344622698,0.0,0.5638740344622698,0.0
tornado,1100,m,fpar_tuned,fpar,oblivious,-threshold 20750 -disable_hop_rtt_normalization,1.0,10000000,3,1100,3519.39,1538.153997272726,1432.76,2937.21,3519.39,980.138,2692800,45514,0,0,1425405,45514,0,0,1.6902109328579917,0.0,1.6902109328579917,0.0
tornado,1100,m,reps_no_partition,reps_dfp,reps,,1.0,10000000,3,1100,2087.76,1553.6797272727288,1554.85,1889.97,2087.76,1200.01,2692800,4517,0,0,1728397,4517,0,0,0.16774361259655376,0.0,0.16774361259655376,0.0
tornado,1100,m,reps_partition,reps_dfp,reps,-reps_partition_entropy -reps_escalate_threshold 0.5 -reps_warmup_explore_rtts 0.5 -reps_explore_prob 70,1.0,10000000,3,1100,2190.96,1530.9392727272716,1535.71,1978.18,2190.96,1097.42,2692800,14561,0,0,1785030,14561,0,0,0.5407382650029708,0.0,0.5407382650029708,0.0
tornado,1100,m,fpar_tuned,fpar,oblivious,-threshold 20750 -disable_hop_rtt_normalization,1.0,10000000,4,1100,2927.64,1543.2320000000032,1460.69,2756.02,2927.64,1005.15,2692800,52514,0,0,1427460,52514,0,0,1.9501633986928104,0.0,1.9501633986928104,0.0
tornado,1100,m,reps_no_partition,reps_dfp,reps,,1.0,10000000,4,1100,2054.04,1552.9885363636367,1555.01,1879.57,2054.04,1084.39,2692800,4521,0,0,1733603,4521,0,0,0.16789215686274508,0.0,0.16789215686274508,0.0
tornado,1100,m,reps_partition,reps_dfp,reps,-reps_partition_entropy -reps_escalate_threshold 0.5 -reps_warmup_explore_rtts 0.5 -reps_explore_prob 70,1.0,10000000,4,1100,2175.81,1528.0073636363645,1536.33,1943.33,2175.81,1077.47,2692800,14780,0,0,1774985,14780,0,0,0.5488710635769459,0.0,0.5488710635769459,0.0
tornado,1100,m,fpar_tuned,fpar,oblivious,-threshold 20750 -disable_hop_rtt_normalization,1.0,10000000,5,1100,3348.09,1560.6049872727265,1437.53,2984.86,3348.09,992.646,2692800,50368,0,0,1427195,50368,0,0,1.8704693998811646,0.0,1.8704693998811646,0.0
tornado,1100,m,reps_no_partition,reps_dfp,reps,,1.0,10000000,5,1100,2102.23,1551.223590909092,1548.25,1905.16,2102.23,1129.44,2692800,4439,0,0,1726132,4439,0,0,0.16484699940582292,0.0,0.16484699940582292,0.0
tornado,1100,m,reps_partition,reps_dfp,reps,-reps_partition_entropy -reps_escalate_threshold 0.5 -reps_warmup_explore_rtts 0.5 -reps_explore_prob 70,1.0,10000000,5,1100,2216.6,1521.508972727272,1516.09,2005.64,2216.6,1041.38,2692800,15041,0,0,1763435,15041,0,0,0.5585635769459298,0.0,0.5585635769459298,0.0
permutation,1100,m,fpar_tuned,fpar,oblivious,-threshold 20750 -disable_hop_rtt_normalization,0.6,100000,1,660,25.4781,23.417823030303065,23.4587,24.981,25.4781,21.4941,16500,0,0,0,5105,0,0,0,0.0,0.0,0.0,0.0
permutation,1100,m,reps_no_partition,reps_dfp,reps,,0.6,100000,1,660,29.9496,25.264714242424255,25.1307,28.9376,29.9496,22.4798,16500,0,0,0,5150,0,0,0,0.0,0.0,0.0,0.0
permutation,1100,m,reps_partition,reps_dfp,reps,-reps_partition_entropy -reps_escalate_threshold 0.5 -reps_warmup_explore_rtts 0.5 -reps_explore_prob 70,0.6,100000,1,660,32.9387,25.089388636363637,24.6576,29.9187,32.9387,21.8158,16500,0,0,0,5192,0,0,0,0.0,0.0,0.0,0.0
permutation,1100,m,fpar_tuned,fpar,oblivious,-threshold 20750 -disable_hop_rtt_normalization,0.6,100000,2,660,26.0366,23.449895757575792,23.4758,25.2958,26.0366,21.1467,16500,0,0,0,5089,0,0,0,0.0,0.0,0.0,0.0
permutation,1100,m,reps_no_partition,reps_dfp,reps,,0.6,100000,2,660,29.4376,25.144409242424267,24.9696,28.7736,29.4376,22.3067,16500,0,0,0,5185,0,0,0,0.0,0.0,0.0,0.0
permutation,1100,m,reps_partition,reps_dfp,reps,-reps_partition_entropy -reps_escalate_threshold 0.5 -reps_warmup_explore_rtts 0.5 -reps_explore_prob 70,0.6,100000,2,660,31.4763,24.85259803030306,24.6416,30.1414,31.4763,22.1376,16500,0,0,0,5132,0,0,0,0.0,0.0,0.0,0.0
permutation,1100,m,fpar_tuned,fpar,oblivious,-threshold 20750 -disable_hop_rtt_normalization,0.6,100000,3,660,25.3283,23.411050303030315,23.4656,25.1256,25.3283,21.4776,16500,0,0,0,5099,0,0,0,0.0,0.0,0.0,0.0
permutation,1100,m,reps_no_partition,reps_dfp,reps,,0.6,100000,3,660,29.9576,25.243288787878807,24.985,28.9638,29.9576,22.4747,16500,0,0,0,5160,0,0,0,0.0,0.0,0.0,0.0
permutation,1100,m,reps_partition,reps_dfp,reps,-reps_partition_entropy -reps_escalate_threshold 0.5 -reps_warmup_explore_rtts 0.5 -reps_explore_prob 70,0.6,100000,3,660,29.645,24.819493030303025,24.6438,28.4616,29.645,22.4696,16500,0,0,0,5142,0,0,0,0.0,0.0,0.0,0.0
permutation,1100,m,fpar_tuned,fpar,oblivious,-threshold 20750 -disable_hop_rtt_normalization,0.6,100000,4,660,25.313,23.335377575757587,23.321,24.9536,25.313,20.8147,16500,0,0,0,5093,0,0,0,0.0,0.0,0.0,0.0
permutation,1100,m,reps_no_partition,reps_dfp,reps,,0.6,100000,4,660,30.945,25.365425606060615,25.1427,29.1659,30.945,22.3506,16500,0,0,0,5174,0,0,0,0.0,0.0,0.0,0.0
permutation,1100,m,reps_partition,reps_dfp,reps,-reps_partition_entropy -reps_escalate_threshold 0.5 -reps_warmup_explore_rtts 0.5 -reps_explore_prob 70,0.6,100000,4,660,30.9416,25.15072681818185,24.9456,29.6466,30.9416,21.8238,16500,0,0,0,5195,0,0,0,0.0,0.0,0.0,0.0
permutation,1100,m,fpar_tuned,fpar,oblivious,-threshold 20750 -disable_hop_rtt_normalization,0.6,100000,5,660,25.6518,23.43704181818184,23.4736,24.9678,25.6518,21.4736,16500,0,0,0,5070,0,0,0,0.0,0.0,0.0,0.0
permutation,1100,m,reps_no_partition,reps_dfp,reps,,0.6,100000,5,660,31.9496,25.28796636363637,25.015,29.1187,31.9496,22.4816,16500,0,0,0,5167,0,0,0,0.0,0.0,0.0,0.0
permutation,1100,m,reps_partition,reps_dfp,reps,-reps_partition_entropy -reps_escalate_threshold 0.5 -reps_warmup_explore_rtts 0.5 -reps_explore_prob 70,0.6,100000,5,660,31.2907,25.120467272727304,24.8096,29.4398,31.2907,22.317,16500,0,0,0,5184,0,0,0,0.0,0.0,0.0,0.0
permutation,1100,m,fpar_tuned,fpar,oblivious,-threshold 20750 -disable_hop_rtt_normalization,0.6,250000,1,660,49.8174,37.982217121212145,37.4186,49.0226,49.8174,34.6642,40920,31,0,0,11617,31,0,0,0.07575757575757576,0.0,0.07575757575757576,0.0
permutation,1100,m,reps_no_partition,reps_dfp,reps,,0.6,250000,1,660,49.6776,42.584653181818204,42.4914,48.0438,49.6776,37.9187,40920,0,0,0,13926,0,0,0,0.0,0.0,0.0,0.0
permutation,1100,m,reps_partition,reps_dfp,reps,-reps_partition_entropy -reps_escalate_threshold 0.5 -reps_warmup_explore_rtts 0.5 -reps_explore_prob 70,0.6,250000,1,660,52.3933,43.629591060606096,43.6392,51.6232,52.3933,36.0126,40920,56,0,0,14558,56,0,0,0.13685239491691104,0.0,0.13685239491691104,0.0
permutation,1100,m,fpar_tuned,fpar,oblivious,-threshold 20750 -disable_hop_rtt_normalization,0.6,250000,2,660,49.8821,38.929901818181804,37.6573,49.2181,49.8821,34.7307,40920,15,0,0,11796,15,0,0,0.036656891495601175,0.0,0.036656891495601175,0.0
permutation,1100,m,reps_no_partition,reps_dfp,reps,,0.6,250000,2,660,51.2312,42.50510545454545,42.2336,48.271,51.2312,37.983,40920,0,0,0,13835,0,0,0,0.0,0.0,0.0,0.0
permutation,1100,m,reps_partition,reps_dfp,reps,-reps_partition_entropy -reps_escalate_threshold 0.5 -reps_warmup_explore_rtts 0.5 -reps_explore_prob 70,0.6,250000,2,660,52.3827,43.71258393939394,43.5174,50.3253,52.3827,36.8958,40920,41,0,0,14703,41,0,0,0.10019550342130987,0.0,0.10019550342130987,0.0
permutation,1100,m,fpar_tuned,fpar,oblivious,-threshold 20750 -disable_hop_rtt_normalization,0.6,250000,3,660,49.6294,38.082067121212084,37.6018,48.236,49.6294,34.7973,40920,23,0,0,11595,23,0,0,0.056207233626588464,0.0,0.056207233626588464,0.0
permutation,1100,m,reps_no_partition,reps_dfp,reps,,0.6,250000,3,660,51.9936,42.94808030303032,42.623,50.259,51.9936,37.3446,40920,1,0,0,13951,1,0,0,0.0024437927663734115,0.0,0.0024437927663734115,0.0
permutation,1100,m,reps_partition,reps_dfp,reps,-reps_partition_entropy -reps_escalate_threshold 0.5 -reps_warmup_explore_rtts 0.5 -reps_explore_prob 70,0.6,250000,3,660,50.5139,43.034553333333335,42.8355,49.5179,50.5139,36.9478,40920,5,0,0,14466,5,0,0,0.012218963831867057,0.0,0.012218963831867057,0.0
permutation,1100,m,fpar_tuned,fpar,oblivious,-threshold 20750 -disable_hop_rtt_normalization,0.6,250000,4,660,47.2306,37.823100454545425,37.3845,45.7891,47.2306,34.659,40920,0,0,0,11542,0,0,0,0.0,0.0,0.0,0.0
permutation,1100,m,reps_no_partition,reps_dfp,reps,,0.6,250000,4,660,51.259,43.21894454545456,43.099,49.9965,51.259,36.2837,40920,0,0,0,13983,0,0,0,0.0,0.0,0.0,0.0
permutation,1100,m,reps_partition,reps_dfp,reps,-reps_partition_entropy -reps_escalate_threshold 0.5 -reps_warmup_explore_rtts 0.5 -reps_explore_prob 70,0.6,250000,4,660,55.8394,44.00657833333331,43.8,51.0989,55.8394,36.323,40920,29,0,0,14800,29,0,0,0.07086999022482894,0.0,0.07086999022482894,0.0
permutation,1100,m,fpar_tuned,fpar,oblivious,-threshold 20750 -disable_hop_rtt_normalization,0.6,250000,5,660,50.8982,38.31679818181817,37.6163,48.1128,50.8982,34.5936,40920,3,0,0,11620,3,0,0,0.007331378299120235,0.0,0.007331378299120235,0.0
permutation,1100,m,reps_no_partition,reps_dfp,reps,,0.6,250000,5,660,51.0198,42.88820242424246,42.5821,49.271,51.0198,37.3102,40920,0,0,0,13997,0,0,0,0.0,0.0,0.0,0.0
permutation,1100,m,reps_partition,reps_dfp,reps,-reps_partition_entropy -reps_escalate_threshold 0.5 -reps_warmup_explore_rtts 0.5 -reps_explore_prob 70,0.6,250000,5,660,52.5651,43.855964999999976,43.66,51.5466,52.5651,36.7243,40920,26,0,0,14645,26,0,0,0.0635386119257087,0.0,0.0635386119257087,0.0
permutation,1100,m,fpar_tuned,fpar,oblivious,-threshold 20750 -disable_hop_rtt_normalization,0.6,2000000,1,660,299.107,198.7356272727272,195.94,258.99,299.107,182.98,323400,810,0,0,109388,810,0,0,0.2504638218923933,0.0,0.2504638218923933,0.0
permutation,1100,m,reps_no_partition,reps_dfp,reps,,0.6,2000000,1,660,284.84,221.5417666666666,221.329,244.144,284.84,199.907,323400,317,0,0,163179,317,0,0,0.09802102659245517,0.0,0.09802102659245517,0.0
permutation,1100,m,reps_partition,reps_dfp,reps,-reps_partition_entropy -reps_escalate_threshold 0.5 -reps_warmup_explore_rtts 0.5 -reps_explore_prob 70,0.6,2000000,1,660,266.014,223.03494393939386,222.563,257.097,266.014,198.385,323400,2023,0,0,165469,2023,0,0,0.6255411255411255,0.0,0.6255411255411255,0.0
permutation,1100,m,fpar_tuned,fpar,oblivious,-threshold 20750 -disable_hop_rtt_normalization,0.6,2000000,2,660,331.59,200.3607954545455,197.086,270.397,331.59,180.981,323400,1370,0,0,111627,1370,0,0,0.4236239950525665,0.0,0.4236239950525665,0.0
permutation,1100,m,reps_no_partition,reps_dfp,reps,,0.6,2000000,2,660,299.804,220.39590303030334,219.406,257.39,299.804,202.08,323400,454,0,0,158916,454,0,0,0.14038342609771182,0.0,0.14038342609771182,0.0
permutation,1100,m,reps_partition,reps_dfp,reps,-reps_partition_entropy -reps_escalate_threshold 0.5 -reps_warmup_explore_rtts 0.5 -reps_explore_prob 70,0.6,2000000,2,660,296.968,223.32644393939395,220.618,270.09,296.968,199.096,323400,1925,0,0,164958,1925,0,0,0.5952380952380952,0.0,0.5952380952380952,0.0
permutation,1100,m,fpar_tuned,fpar,oblivious,-threshold 20750 -disable_hop_rtt_normalization,0.6,2000000,3,660,257.05,198.64452878787873,197.506,229.649,257.05,182.973,323400,526,0,0,108959,526,0,0,0.16264687693259122,0.0,0.16264687693259122,0.0
permutation,1100,m,reps_no_partition,reps_dfp,reps,,0.6,2000000,3,660,276.23,219.45661515151548,218.957,246.282,276.23,198.27,323400,487,0,0,159621,487,0,0,0.15058750773036486,0.0,0.15058750773036486,0.0
permutation,1100,m,reps_partition,reps_dfp,reps,-reps_partition_entropy -reps_escalate_threshold 0.5 -reps_warmup_explore_rtts 0.5 -reps_explore_prob 70,0.6,2000000,3,660,292.652,222.23489848484843,220.703,262.149,292.652,199.454,323400,1507,0,0,165217,1507,0,0,0.46598639455782315,0.0,0.46598639455782315,0.0
permutation,1100,m,fpar_tuned,fpar,oblivious,-threshold 20750 -disable_hop_rtt_normalization,0.6,2000000,4,660,265.615,198.64093787878784,195.923,236.212,265.615,181.311,323400,643,0,0,108857,643,0,0,0.19882498453927025,0.0,0.19882498453927025,0.0
permutation,1100,m,reps_no_partition,reps_dfp,reps,,0.6,2000000,4,660,290.308,221.76656818181806,220.83,271.653,290.308,199.74,323400,532,0,0,160741,532,0,0,0.1645021645021645,0.0,0.1645021645021645,0.0
permutation,1100,m,reps_partition,reps_dfp,reps,-reps_partition_entropy -reps_escalate_threshold 0.5 -reps_warmup_explore_rtts 0.5 -reps_explore_prob 70,0.6,2000000,4,660,290.578,224.97469848484857,222.7,279.199,290.578,196.092,323400,1912,0,0,166149,1912,0,0,0.5912183055040198,0.0,0.5912183055040198,0.0
permutation,1100,m,fpar_tuned,fpar,oblivious,-threshold 20750 -disable_hop_rtt_normalization,0.6,2000000,5,660,283.556,198.3580742424242,196.425,240.208,283.556,180.953,323400,828,0,0,109560,828,0,0,0.2560296846011132,0.0,0.2560296846011132,0.0
permutation,1100,m,reps_no_partition,reps_dfp,reps,,0.6,2000000,5,660,260.301,220.57475909090908,220.171,245.887,260.301,197.264,323400,447,0,0,160915,447,0,0,0.13821892393320964,0.0,0.13821892393320964,0.0
permutation,1100,m,reps_partition,reps_dfp,reps,-reps_partition_entropy -reps_escalate_threshold 0.5 -reps_warmup_explore_rtts 0.5 -reps_explore_prob 70,0.6,2000000,5,660,287.88,223.59580303030305,223.366,269.795,287.88,199.22,323400,1901,0,0,165942,1901,0,0,0.5878169449598021,0.0,0.5878169449598021,0.0
permutation,1100,m,fpar_tuned,fpar,oblivious,-threshold 20750 -disable_hop_rtt_normalization,0.6,5000000,1,660,740.706,472.311496969697,464.229,634.134,740.706,432.555,807840,1140,0,0,273327,1140,0,0,0.14111705288175877,0.0,0.14111705288175877,0.0
permutation,1100,m,reps_no_partition,reps_dfp,reps,,0.6,5000000,1,660,748.044,522.2070787878795,512.542,652.364,748.044,465.087,807840,445,0,0,389668,445,0,0,0.05508516537928303,0.0,0.05508516537928303,0.0
permutation,1100,m,reps_partition,reps_dfp,reps,-reps_partition_entropy -reps_escalate_threshold 0.5 -reps_warmup_explore_rtts 0.5 -reps_explore_prob 70,0.6,5000000,1,660,775.428,529.4657893939394,518.189,673.151,775.428,453.001,807840,2305,0,0,384058,2305,0,0,0.2853287779758368,0.0,0.2853287779758368,0.0
permutation,1100,m,fpar_tuned,fpar,oblivious,-threshold 20750 -disable_hop_rtt_normalization,0.6,5000000,2,660,740.149,475.2668242424245,467.051,647.521,740.149,430.083,807840,1799,0,0,278184,1799,0,0,0.22269261239849475,0.0,0.22269261239849475,0.0
permutation,1100,m,reps_no_partition,reps_dfp,reps,,0.6,5000000,2,660,718.162,520.3049878787878,511.366,657.21,718.162,470.491,807840,647,0,0,384382,647,0,0,0.08009011685482274,0.0,0.08009011685482274,0.0
permutation,1100,m,reps_partition,reps_dfp,reps,-reps_partition_entropy -reps_escalate_threshold 0.5 -reps_warmup_explore_rtts 0.5 -reps_explore_prob 70,0.6,5000000,2,660,753.619,529.5848242424242,515.805,685.387,753.619,464.143,807840,2095,0,0,385577,2095,0,0,0.25933353139235493,0.0,0.25933353139235493,0.0
permutation,1100,m,fpar_tuned,fpar,oblivious,-threshold 20750 -disable_hop_rtt_normalization,0.6,5000000,3,660,711.182,472.9266666666668,469.065,598.446,711.182,435.111,807840,855,0,0,272990,855,0,0,0.10583778966131907,0.0,0.10583778966131907,0.0
permutation,1100,m,reps_no_partition,reps_dfp,reps,,0.6,5000000,3,660,746.19,520.8080272727277,512.058,665.625,746.19,470.363,807840,757,0,0,383506,757,0,0,0.09370667458902752,0.0,0.09370667458902752,0.0
permutation,1100,m,reps_partition,reps_dfp,reps,-reps_partition_entropy -reps_escalate_threshold 0.5 -reps_warmup_explore_rtts 0.5 -reps_explore_prob 70,0.6,5000000,3,660,794.57,528.7218151515154,515.08,684.621,794.57,465.48,807840,1804,0,0,383258,1804,0,0,0.2233115468409586,0.0,0.2233115468409586,0.0
permutation,1100,m,fpar_tuned,fpar,oblivious,-threshold 20750 -disable_hop_rtt_normalization,0.6,5000000,4,660,720.515,473.21019242424194,465.649,631.385,720.515,431.017,807840,911,0,0,272770,911,0,0,0.11276985541691424,0.0,0.11276985541691424,0.0
permutation,1100,m,reps_no_partition,reps_dfp,reps,,0.6,5000000,4,660,819.238,524.3389621212121,513.481,717.532,819.238,461.501,807840,723,0,0,381600,723,0,0,0.08949792038027332,0.0,0.08949792038027332,0.0
permutation,1100,m,reps_partition,reps_dfp,reps,-reps_partition_entropy -reps_escalate_threshold 0.5 -reps_warmup_explore_rtts 0.5 -reps_explore_prob 70,0.6,5000000,4,660,767.456,535.1367878787881,517.948,710.232,767.456,455.689,807840,2148,0,0,384293,2148,0,0,0.2658942364824718,0.0,0.2658942364824718,0.0
permutation,1100,m,fpar_tuned,fpar,oblivious,-threshold 20750 -disable_hop_rtt_normalization,0.6,5000000,5,660,699.409,471.8460833333336,465.18,596.064,699.409,428.83,807840,1149,0,0,274720,1149,0,0,0.1422311348781937,0.0,0.1422311348781937,0.0
permutation,1100,m,reps_no_partition,reps_dfp,reps,,0.6,5000000,5,660,725.985,522.0496560606059,512.79,653.454,725.985,467.7,807840,682,0,0,386697,682,0,0,0.08442265795206971,0.0,0.08442265795206971,0.0
permutation,1100,m,reps_partition,reps_dfp,reps,-reps_partition_entropy -reps_escalate_threshold 0.5 -reps_warmup_explore_rtts 0.5 -reps_explore_prob 70,0.6,5000000,5,660,834.206,531.9546242424236,518.276,681.674,834.206,458.351,807840,2154,0,0,386520,2154,0,0,0.2666369578134284,0.0,0.2666369578134284,0.0
permutation,1100,m,fpar_tuned,fpar,oblivious,-threshold 20750 -disable_hop_rtt_normalization,0.6,10000000,1,660,1430.82,927.6929954545452,913.705,1179.8,1430.82,856.112,1615680,1586,0,0,545835,1586,0,0,0.09816300257476727,0.0,0.09816300257476727,0.0
permutation,1100,m,reps_no_partition,reps_dfp,reps,,0.6,10000000,1,660,1368.97,1025.6845681818181,1005.13,1239.11,1368.97,902.438,1615680,692,0,0,763750,692,0,0,0.042830263418498715,0.0,0.042830263418498715,0.0
permutation,1100,m,reps_partition,reps_dfp,reps,-reps_partition_entropy -reps_escalate_threshold 0.5 -reps_warmup_explore_rtts 0.5 -reps_explore_prob 70,0.6,10000000,1,660,1483.12,1040.6880606060618,1016.26,1322.79,1483.12,885.326,1615680,2631,0,0,758758,2631,0,0,0.16284165181224006,0.0,0.16284165181224006,0.0
permutation,1100,m,fpar_tuned,fpar,oblivious,-threshold 20750 -disable_hop_rtt_normalization,0.6,10000000,2,660,1410.71,933.6129393939382,919.648,1230.43,1410.71,843.739,1615680,2605,0,0,556425,2605,0,0,0.161232422261834,0.0,0.161232422261834,0.0
permutation,1100,m,reps_no_partition,reps_dfp,reps,,0.6,10000000,2,660,1381.81,1021.693386363637,1001.31,1267.42,1381.81,912.392,1615680,974,0,0,755462,974,0,0,0.0602842146959794,0.0,0.0602842146959794,0.0
permutation,1100,m,reps_partition,reps_dfp,reps,-reps_partition_entropy -reps_escalate_threshold 0.5 -reps_warmup_explore_rtts 0.5 -reps_explore_prob 70,0.6,10000000,2,660,1398.4,1039.7063242424251,1013.25,1311.03,1398.4,900.133,1615680,2577,0,0,755309,2577,0,0,0.15949940582293523,0.0,0.15949940582293523,0.0
permutation,1100,m,fpar_tuned,fpar,oblivious,-threshold 20750 -disable_hop_rtt_normalization,0.6,10000000,3,660,1369.02,930.0012833333333,921.824,1199.56,1369.02,852.036,1615680,1356,0,0,546529,1356,0,0,0.08392751039809863,0.0,0.08392751039809863,0.0
permutation,1100,m,reps_no_partition,reps_dfp,reps,,0.6,10000000,3,660,1389.38,1022.3544075757583,1003.67,1273.14,1389.38,920.176,1615680,1252,0,0,755978,1252,0,0,0.07749059219647456,0.0,0.07749059219647456,0.0
permutation,1100,m,reps_partition,reps_dfp,reps,-reps_partition_entropy -reps_escalate_threshold 0.5 -reps_warmup_explore_rtts 0.5 -reps_explore_prob 70,0.6,10000000,3,660,1460.07,1040.265139393939,1011.84,1354.95,1460.07,892.917,1615680,2317,0,0,752608,2317,0,0,0.14340711031887501,0.0,0.14340711031887501,0.0
permutation,1100,m,fpar_tuned,fpar,oblivious,-threshold 20750 -disable_hop_rtt_normalization,0.6,10000000,4,660,1297.46,929.2435712121219,915.456,1198.93,1297.46,848.396,1615680,1242,0,0,545486,1242,0,0,0.0768716577540107,0.0,0.0768716577540107,0.0
permutation,1100,m,reps_no_partition,reps_dfp,reps,,0.6,10000000,4,660,1464.85,1029.0456954545464,1007.72,1324.71,1464.85,895.843,1615680,987,0,0,752199,987,0,0,0.06108882947118241,0.0,0.06108882947118241,0.0
permutation,1100,m,reps_partition,reps_dfp,reps,-reps_partition_entropy -reps_escalate_threshold 0.5 -reps_warmup_explore_rtts 0.5 -reps_explore_prob 70,0.6,10000000,4,660,1450.68,1051.1648848484845,1025.35,1355.14,1450.68,890.126,1615680,2709,0,0,752768,2709,0,0,0.1676693404634581,0.0,0.1676693404634581,0.0
permutation,1100,m,fpar_tuned,fpar,oblivious,-threshold 20750 -disable_hop_rtt_normalization,0.6,10000000,5,660,1241.65,926.695528787878,914.726,1183.92,1241.65,841.681,1615680,1650,0,0,549713,1650,0,0,0.10212418300653595,0.0,0.10212418300653595,0.0
permutation,1100,m,reps_no_partition,reps_dfp,reps,,0.6,10000000,5,660,1303.12,1024.6294575757577,1005.32,1233.95,1303.12,908.819,1615680,958,0,0,763590,958,0,0,0.05929391958803724,0.0,0.05929391958803724,0.0
permutation,1100,m,reps_partition,reps_dfp,reps,-reps_partition_entropy -reps_escalate_threshold 0.5 -reps_warmup_explore_rtts 0.5 -reps_explore_prob 70,0.6,10000000,5,660,1464.39,1045.8324818181813,1019.52,1339.57,1464.39,898.169,1615680,2650,0,0,759969,2650,0,0,0.16401762725292138,0.0,0.16401762725292138,0.0
permutation,1100,m,fpar_tuned,fpar,oblivious,-threshold 20750 -disable_hop_rtt_normalization,0.7,100000,1,770,27.0974,24.36104441558442,24.3158,26.2274,27.0974,22.3147,19250,0,0,0,5959,0,0,0,0.0,0.0,0.0,0.0
permutation,1100,m,reps_no_partition,reps_dfp,reps,,0.7,100000,1,770,32.8032,26.758956103896125,26.6187,30.9587,32.8032,23.3096,19250,0,0,0,6208,0,0,0,0.0,0.0,0.0,0.0
permutation,1100,m,reps_partition,reps_dfp,reps,-reps_partition_entropy -reps_escalate_threshold 0.5 -reps_warmup_explore_rtts 0.5 -reps_explore_prob 70,0.7,100000,1,770,32.289,26.172805974025994,25.977,30.6107,32.289,22.8118,19250,0,0,0,6174,0,0,0,0.0,0.0,0.0,0.0
permutation,1100,m,fpar_tuned,fpar,oblivious,-threshold 20750 -disable_hop_rtt_normalization,0.7,100000,2,770,27.4755,24.35086064935068,24.3187,26.1027,27.4755,22.3187,19250,0,0,0,5921,0,0,0,0.0,0.0,0.0,0.0
permutation,1100,m,reps_no_partition,reps_dfp,reps,,0.7,100000,2,770,31.2736,26.65223415584417,26.4781,30.2747,31.2736,23.6496,19250,0,0,0,6171,0,0,0,0.0,0.0,0.0,0.0
permutation,1100,m,reps_partition,reps_dfp,reps,-reps_partition_entropy -reps_escalate_threshold 0.5 -reps_warmup_explore_rtts 0.5 -reps_explore_prob 70,0.7,100000,2,770,33.2656,26.12075025974027,25.9616,31.2987,33.2656,22.4901,19250,0,0,0,6169,0,0,0,0.0,0.0,0.0,0.0
permutation,1100,m,fpar_tuned,fpar,oblivious,-threshold 20750 -disable_hop_rtt_normalization,0.7,100000,3,770,26.4741,24.306787922077927,24.3067,25.9877,26.4741,21.8158,19250,0,0,0,5937,0,0,0,0.0,0.0,0.0,0.0
permutation,1100,m,reps_no_partition,reps_dfp,reps,,0.7,100000,3,770,32.2827,26.65391129870132,26.4576,30.7696,32.2827,23.4656,19250,0,0,0,6206,0,0,0,0.0,0.0,0.0,0.0
permutation,1100,m,reps_partition,reps_dfp,reps,-reps_partition_entropy -reps_escalate_threshold 0.5 -reps_warmup_explore_rtts 0.5 -reps_explore_prob 70,0.7,100000,3,770,31.8021,26.100265584415627,25.9496,30.3021,31.8021,23.1438,19250,0,0,0,6193,0,0,0,0.0,0.0,0.0,0.0
permutation,1100,m,fpar_tuned,fpar,oblivious,-threshold 20750 -disable_hop_rtt_normalization,0.7,100000,4,770,27.3339,24.28422818181817,24.3056,25.9736,27.3339,22.1376,19250,0,0,0,5939,0,0,0,0.0,0.0,0.0,0.0
permutation,1100,m,reps_no_partition,reps_dfp,reps,,0.7,100000,4,770,34.6158,26.88892597402599,26.7656,32.2816,34.6158,23.6683,19250,0,0,0,6230,0,0,0,0.0,0.0,0.0,0.0
permutation,1100,m,reps_partition,reps_dfp,reps,-reps_partition_entropy -reps_escalate_threshold 0.5 -reps_warmup_explore_rtts 0.5 -reps_explore_prob 70,0.7,100000,4,770,32.949,26.468088701298754,26.3016,30.973,32.949,22.1683,19250,0,0,0,6215,0,0,0,0.0,0.0,0.0,0.0
permutation,1100,m,fpar_tuned,fpar,oblivious,-threshold 20750 -disable_hop_rtt_normalization,0.7,100000,5,770,26.801,24.28362532467529,24.3016,25.9923,26.801,21.993,19250,0,0,0,5956,0,0,0,0.0,0.0,0.0,0.0
permutation,1100,m,reps_no_partition,reps_dfp,reps,,0.7,100000,5,770,31.5976,26.484449870129882,26.3107,30.1027,31.5976,22.9638,19250,0,0,0,6157,0,0,0,0.0,0.0,0.0,0.0
permutation,1100,m,reps_partition,reps_dfp,reps,-reps_partition_entropy -reps_escalate_threshold 0.5 -reps_warmup_explore_rtts 0.5 -reps_explore_prob 70,0.7,100000,5,770,32.9358,26.322252987013,26.137,31.2758,32.9358,22.9776,19250,0,0,0,6227,0,0,0,0.0,0.0,0.0,0.0
permutation,1100,m,fpar_tuned,fpar,oblivious,-threshold 20750 -disable_hop_rtt_normalization,0.7,250000,1,770,53.4278,43.268203636363644,42.4723,52.4171,53.4278,36.733,47740,135,0,0,14951,135,0,0,0.2827817343946376,0.0,0.2827817343946376,0.0
permutation,1100,m,reps_no_partition,reps_dfp,reps,,0.7,250000,1,770,56.4565,46.566791428571364,46.3229,54.1947,56.4565,39.5707,47740,12,0,0,20123,12,0,0,0.025136154168412233,0.0,0.025136154168412233,0.0
permutation,1100,m,reps_partition,reps_dfp,reps,-reps_partition_entropy -reps_escalate_threshold 0.5 -reps_warmup_explore_rtts 0.5 -reps_explore_prob 70,0.7,250000,1,770,57.3741,47.3437868831169,47.661,53.905,57.3741,38.5045,47740,158,0,0,20027,158,0,0,0.33095936321742775,0.0,0.33095936321742775,0.0
permutation,1100,m,fpar_tuned,fpar,oblivious,-threshold 20750 -disable_hop_rtt_normalization,0.7,250000,2,770,52.3126,43.381622727272685,42.844,51.3048,52.3126,37.2547,47740,130,0,0,14952,130,0,0,0.27230833682446587,0.0,0.27230833682446587,0.0
permutation,1100,m,reps_no_partition,reps_dfp,reps,,0.7,250000,2,770,54.6565,46.5415661038961,46.279,53.4587,54.6565,39.9056,47740,4,0,0,19866,4,0,0,0.008378718056137411,0.0,0.008378718056137411,0.0
permutation,1100,m,reps_partition,reps_dfp,reps,-reps_partition_entropy -reps_escalate_threshold 0.5 -reps_warmup_explore_rtts 0.5 -reps_explore_prob 70,0.7,250000,2,770,54.2829,46.80123246753244,46.817,52.9677,54.2829,38.8078,47740,159,0,0,20100,159,0,0,0.3330540427314621,0.0,0.3330540427314621,0.0
permutation,1100,m,fpar_tuned,fpar,oblivious,-threshold 20750 -disable_hop_rtt_normalization,0.7,250000,3,770,51.5827,43.191421428571424,42.6717,50.6774,51.5827,37.1835,47740,55,0,0,14923,55,0,0,0.1152073732718894,0.0,0.1152073732718894,0.0
permutation,1100,m,reps_no_partition,reps_dfp,reps,,0.7,250000,3,770,53.6656,46.66074948051946,46.5456,52.4565,53.6656,40.6947,47740,18,0,0,19937,18,0,0,0.03770423125261835,0.0,0.03770423125261835,0.0
permutation,1100,m,reps_partition,reps_dfp,reps,-reps_partition_entropy -reps_escalate_threshold 0.5 -reps_warmup_explore_rtts 0.5 -reps_explore_prob 70,0.7,250000,3,770,53.5184,46.550158051948074,46.6827,52.2507,53.5184,39.6174,47740,89,0,0,19964,89,0,0,0.1864264767490574,0.0,0.1864264767490574,0.0
permutation,1100,m,fpar_tuned,fpar,oblivious,-threshold 20750 -disable_hop_rtt_normalization,0.7,250000,4,770,53.1357,43.86244298701291,43.124,52.4598,53.1357,36.7165,47740,60,0,0,14929,60,0,0,0.12568077084206117,0.0,0.12568077084206117,0.0
permutation,1100,m,reps_no_partition,reps_dfp,reps,,0.7,250000,4,770,56.2664,47.282724935064905,47.2454,53.9242,56.2664,40.2478,47740,0,0,0,20234,0,0,0,0.0,0.0,0.0,0.0
permutation,1100,m,reps_partition,reps_dfp,reps,-reps_partition_entropy -reps_escalate_threshold 0.5 -reps_warmup_explore_rtts 0.5 -reps_explore_prob 70,0.7,250000,4,770,55.404,47.3343667532468,47.424,53.8229,55.404,38.975,47740,207,0,0,20477,207,0,0,0.433598659405111,0.0,0.433598659405111,0.0
permutation,1100,m,fpar_tuned,fpar,oblivious,-threshold 20750 -disable_hop_rtt_normalization,0.7,250000,5,770,52.7622,43.24116025974022,42.0461,51.7125,52.7622,36.551,47740,164,0,0,14837,164,0,0,0.34352744030163385,0.0,0.34352744030163385,0.0
permutation,1100,m,reps_no_partition,reps_dfp,reps,,0.7,250000,5,770,52.595,46.31303181818183,46.2136,51.591,52.595,40.3189,47740,0,0,0,20012,0,0,0,0.0,0.0,0.0,0.0
permutation,1100,m,reps_partition,reps_dfp,reps,-reps_partition_entropy -reps_escalate_threshold 0.5 -reps_warmup_explore_rtts 0.5 -reps_explore_prob 70,0.7,250000,5,770,54.3331,47.212154805194835,47.3374,52.9045,54.3331,39.2131,47740,168,0,0,20326,168,0,0,0.3519061583577713,0.0,0.3519061583577713,0.0
permutation,1100,m,fpar_tuned,fpar,oblivious,-threshold 20750 -disable_hop_rtt_normalization,0.7,2000000,1,770,366.611,223.68916103896106,218.256,303.479,366.611,190.34,377300,4240,0,0,145813,4240,0,0,1.1237741849986749,0.0,1.1237741849986749,0.0
permutation,1100,m,reps_no_partition,reps_dfp,reps,,0.7,2000000,1,770,377.043,245.47758961038986,237.853,332.353,377.043,206.951,377300,943,0,0,224517,943,0,0,0.2499337397296581,0.0,0.2499337397296581,0.0
permutation,1100,m,reps_partition,reps_dfp,reps,-reps_partition_entropy -reps_escalate_threshold 0.5 -reps_warmup_explore_rtts 0.5 -reps_explore_prob 70,0.7,2000000,1,770,344.476,246.6423181818183,239.405,326.581,344.476,211.028,377300,4016,0,0,222092,4016,0,0,1.0644049827723296,0.0,1.0644049827723296,0.0
permutation,1100,m,fpar_tuned,fpar,oblivious,-threshold 20750 -disable_hop_rtt_normalization,0.7,2000000,2,770,343.283,224.3970363636362,218.182,308.708,343.283,191.61,377300,4490,0,0,147824,4490,0,0,1.1900344553405777,0.0,1.1900344553405777,0.0
permutation,1100,m,reps_no_partition,reps_dfp,reps,,0.7,2000000,2,770,393.521,243.9635623376623,236.762,320.857,393.521,213.642,377300,889,0,0,226525,889,0,0,0.23562152133580705,0.0,0.23562152133580705,0.0
permutation,1100,m,reps_partition,reps_dfp,reps,-reps_partition_entropy -reps_escalate_threshold 0.5 -reps_warmup_explore_rtts 0.5 -reps_explore_prob 70,0.7,2000000,2,770,334.498,246.36297402597413,239.932,318.87,334.498,214.577,377300,3911,0,0,222154,3911,0,0,1.0365756692287305,0.0,1.0365756692287305,0.0
permutation,1100,m,fpar_tuned,fpar,oblivious,-threshold 20750 -disable_hop_rtt_normalization,0.7,2000000,3,770,356.423,223.61705454545455,218.935,304.099,356.423,196.31,377300,3122,0,0,147676,3122,0,0,0.8274582560296846,0.0,0.8274582560296846,0.0
permutation,1100,m,reps_no_partition,reps_dfp,reps,,0.7,2000000,3,770,360.238,245.0057805194808,237.646,318.83,360.238,215.417,377300,1143,0,0,225206,1143,0,0,0.30294195600318047,0.0,0.30294195600318047,0.0
permutation,1100,m,reps_partition,reps_dfp,reps,-reps_partition_entropy -reps_escalate_threshold 0.5 -reps_warmup_explore_rtts 0.5 -reps_explore_prob 70,0.7,2000000,3,770,358.306,246.26628831168836,241.238,317.875,358.306,211.88,377300,3511,0,0,223231,3511,0,0,0.9305592366816856,0.0,0.9305592366816856,0.0
permutation,1100,m,fpar_tuned,fpar,oblivious,-threshold 20750 -disable_hop_rtt_normalization,0.7,2000000,4,770,350.125,223.90768441558444,217.783,317.105,350.125,195.242,377300,4736,0,0,146287,4736,0,0,1.2552345613570104,0.0,1.2552345613570104,0.0
permutation,1100,m,reps_no_partition,reps_dfp,reps,,0.7,2000000,4,770,376.978,246.74076623376592,237.776,324.464,376.978,215.244,377300,1387,0,0,222153,1387,0,0,0.3676119798568778,0.0,0.3676119798568778,0.0
permutation,1100,m,reps_partition,reps_dfp,reps,-reps_partition_entropy -reps_escalate_threshold 0.5 -reps_warmup_explore_rtts 0.5 -reps_explore_prob 70,0.7,2000000,4,770,358.505,248.83106103896094,242.867,336.404,358.505,208.093,377300,4209,0,0,221950,4209,0,0,1.1155579114762788,0.0,1.1155579114762788,0.0
permutation,1100,m,fpar_tuned,fpar,oblivious,-threshold 20750 -disable_hop_rtt_normalization,0.7,2000000,5,770,344.288,224.06514155844138,216.775,319.443,344.288,188.29,377300,4906,0,0,146107,4906,0,0,1.3002915451895043,0.0,1.3002915451895043,0.0
permutation,1100,m,reps_no_partition,reps_dfp,reps,,0.7,2000000,5,770,362.119,245.1153883116883,237.442,332.596,362.119,210.85,377300,866,0,0,226609,866,0,0,0.22952557646435198,0.0,0.22952557646435198,0.0
permutation,1100,m,reps_partition,reps_dfp,reps,-reps_partition_entropy -reps_escalate_threshold 0.5 -reps_warmup_explore_rtts 0.5 -reps_explore_prob 70,0.7,2000000,5,770,366.696,248.33067922077893,242.147,332.482,366.696,210.854,377300,4013,0,0,223839,4013,0,0,1.0636098595282268,0.0,1.0636098595282268,0.0
permutation,1100,m,fpar_tuned,fpar,oblivious,-threshold 20750 -disable_hop_rtt_normalization,0.7,5000000,1,770,782.478,529.0597532467526,506.952,754.474,782.478,457.863,942480,5961,0,0,351446,5961,0,0,0.632480264833206,0.0,0.632480264833206,0.0
permutation,1100,m,reps_no_partition,reps_dfp,reps,,0.7,5000000,1,770,824.519,579.8623116883115,562.096,777.287,824.519,490.202,942480,1093,0,0,513012,1093,0,0,0.11597063067651303,0.0,0.11597063067651303,0.0
permutation,1100,m,reps_partition,reps_dfp,reps,-reps_partition_entropy -reps_escalate_threshold 0.5 -reps_warmup_explore_rtts 0.5 -reps_explore_prob 70,0.7,5000000,1,770,853.202,586.7513428571425,573.528,760.212,853.202,479.936,942480,4252,0,0,505530,4252,0,0,0.45115015703251,0.0,0.45115015703251,0.0
permutation,1100,m,fpar_tuned,fpar,oblivious,-threshold 20750 -disable_hop_rtt_normalization,0.7,5000000,2,770,800.361,530.2123870129865,509.446,733.486,800.361,456.367,942480,6197,0,0,357442,6197,0,0,0.6575205839911722,0.0,0.6575205839911722,0.0
permutation,1100,m,reps_no_partition,reps_dfp,reps,,0.7,5000000,2,770,895.623,577.9347636363632,561.414,742.039,895.623,499.568,942480,1057,0,0,518829,1057,0,0,0.11215092097445038,0.0,0.11215092097445038,0.0
permutation,1100,m,reps_partition,reps_dfp,reps,-reps_partition_entropy -reps_escalate_threshold 0.5 -reps_warmup_explore_rtts 0.5 -reps_explore_prob 70,0.7,5000000,2,770,845.173,586.3753805194806,577.353,750.836,845.173,489.861,942480,4212,0,0,503922,4212,0,0,0.44690603514132926,0.0,0.44690603514132926,0.0
permutation,1100,m,fpar_tuned,fpar,oblivious,-threshold 20750 -disable_hop_rtt_normalization,0.7,5000000,3,770,767.112,529.7080792207788,509.552,705.259,767.112,451.658,942480,4661,0,0,354010,4661,0,0,0.4945463033698328,0.0,0.4945463033698328,0.0
permutation,1100,m,reps_no_partition,reps_dfp,reps,,0.7,5000000,3,770,820.893,579.7802740259737,562.821,747.697,820.893,505.395,942480,1434,0,0,511919,1434,0,0,0.15215176979882863,0.0,0.15215176979882863,0.0
permutation,1100,m,reps_partition,reps_dfp,reps,-reps_partition_entropy -reps_escalate_threshold 0.5 -reps_warmup_explore_rtts 0.5 -reps_explore_prob 70,0.7,5000000,3,770,808.796,587.7653220779217,577.999,761.908,808.796,482.341,942480,3844,0,0,504935,3844,0,0,0.40786011374246667,0.0,0.40786011374246667,0.0
permutation,1100,m,fpar_tuned,fpar,oblivious,-threshold 20750 -disable_hop_rtt_normalization,0.7,5000000,4,770,813.916,529.9622506493512,506.513,756.161,813.916,464.39,942480,6189,0,0,350653,6189,0,0,0.6566717596129361,0.0,0.6566717596129361,0.0
permutation,1100,m,reps_no_partition,reps_dfp,reps,,0.7,5000000,4,770,842.095,582.6442740259741,565.824,760.662,842.095,502.699,942480,1608,0,0,507202,1608,0,0,0.17061370002546472,0.0,0.17061370002546472,0.0
permutation,1100,m,reps_partition,reps_dfp,reps,-reps_partition_entropy -reps_escalate_threshold 0.5 -reps_warmup_explore_rtts 0.5 -reps_explore_prob 70,0.7,5000000,4,770,881.512,592.055292207792,582.413,788.268,881.512,484.969,942480,4548,0,0,502440,4548,0,0,0.48255665902724726,0.0,0.48255665902724726,0.0
permutation,1100,m,fpar_tuned,fpar,oblivious,-threshold 20750 -disable_hop_rtt_normalization,0.7,5000000,5,770,890.454,530.3521948051947,504.256,765.885,890.454,443.25,942480,6616,0,0,352760,6616,0,0,0.7019777608012903,0.0,0.7019777608012903,0.0
permutation,1100,m,reps_no_partition,reps_dfp,reps,,0.7,5000000,5,770,846.357,579.0505298701303,561.537,778.224,846.357,482.812,942480,1099,0,0,516385,1099,0,0,0.11660724896019013,0.0,0.11660724896019013,0.0
permutation,1100,m,reps_partition,reps_dfp,reps,-reps_partition_entropy -reps_escalate_threshold 0.5 -reps_warmup_explore_rtts 0.5 -reps_explore_prob 70,0.7,5000000,5,770,932.617,590.5494272727271,577.433,780.809,932.617,484.958,942480,4260,0,0,504860,4260,0,0,0.4519989814107461,0.0,0.4519989814107461,0.0
permutation,1100,m,fpar_tuned,fpar,oblivious,-threshold 20750 -disable_hop_rtt_normalization,0.7,10000000,1,770,1569.2,1038.2391051948046,991.808,1460.83,1569.2,908.205,1884960,8909,0,0,695141,8909,0,0,0.4726360241066123,0.0,0.4726360241066123,0.0
permutation,1100,m,reps_no_partition,reps_dfp,reps,,0.7,10000000,1,770,1509.29,1140.8764961038962,1123.74,1440.0,1509.29,948.202,1884960,1412,0,0,1007350,1412,0,0,0.07490875137933961,0.0,0.07490875137933961,0.0
permutation,1100,m,reps_partition,reps_dfp,reps,-reps_partition_entropy -reps_escalate_threshold 0.5 -reps_warmup_explore_rtts 0.5 -reps_explore_prob 70,0.7,10000000,1,770,1561.41,1155.757076623376,1141.73,1474.92,1561.41,918.644,1884960,4617,0,0,992859,4617,0,0,0.24493888464476699,0.0,0.24493888464476699,0.0
permutation,1100,m,fpar_tuned,fpar,oblivious,-threshold 20750 -disable_hop_rtt_normalization,0.7,10000000,2,770,1550.09,1040.046833766234,999.292,1451.87,1550.09,905.776,1884960,9115,0,0,704859,9115,0,0,0.4835646379764027,0.0,0.4835646379764027,0.0
permutation,1100,m,reps_no_partition,reps_dfp,reps,,0.7,10000000,2,770,1559.64,1137.0234532467525,1122.2,1420.15,1559.64,973.952,1884960,1384,0,0,1011793,1384,0,0,0.07342330871742636,0.0,0.07342330871742636,0.0
permutation,1100,m,reps_partition,reps_dfp,reps,-reps_partition_entropy -reps_escalate_threshold 0.5 -reps_warmup_explore_rtts 0.5 -reps_explore_prob 70,0.7,10000000,2,770,1544.39,1154.498254545455,1153.78,1438.97,1544.39,958.497,1884960,4649,0,0,988671,4649,0,0,0.24663653340123928,0.0,0.24663653340123928,0.0
permutation,1100,m,fpar_tuned,fpar,oblivious,-threshold 20750 -disable_hop_rtt_normalization,0.7,10000000,3,770,1471.67,1039.455049350649,999.97,1383.05,1471.67,908.718,1884960,7220,0,0,699212,7220,0,0,0.3830320006790595,0.0,0.3830320006790595,0.0
permutation,1100,m,reps_no_partition,reps_dfp,reps,,0.7,10000000,3,770,1525.11,1141.312141558443,1127.86,1409.44,1525.11,979.916,1884960,2014,0,0,997264,2014,0,0,0.1068457686104745,0.0,0.1068457686104745,0.0
permutation,1100,m,reps_partition,reps_dfp,reps,-reps_partition_entropy -reps_escalate_threshold 0.5 -reps_warmup_explore_rtts 0.5 -reps_explore_prob 70,0.7,10000000,3,770,1602.87,1156.443203896105,1149.52,1464.24,1602.87,946.863,1884960,4334,0,0,986466,4334,0,0,0.2299253034547152,0.0,0.2299253034547152,0.0
permutation,1100,m,fpar_tuned,fpar,oblivious,-threshold 20750 -disable_hop_rtt_normalization,0.7,10000000,4,770,1565.62,1040.3700454545458,993.207,1474.71,1565.62,907.15,1884960,9665,0,0,694765,9665,0,0,0.5127429759782701,0.0,0.5127429759782701,0.0
permutation,1100,m,reps_no_partition,reps_dfp,reps,,0.7,10000000,4,770,1589.52,1146.0961064935072,1120.74,1463.15,1589.52,979.812,1884960,2141,0,0,992743,2141,0,0,0.11358331211272388,0.0,0.11358331211272388,0.0
permutation,1100,m,reps_partition,reps_dfp,reps,-reps_partition_entropy -reps_escalate_threshold 0.5 -reps_warmup_explore_rtts 0.5 -reps_explore_prob 70,0.7,10000000,4,770,1628.1,1164.9837415584414,1155.82,1514.35,1628.1,927.662,1884960,5130,0,0,985731,5130,0,0,0.27215431627196335,0.0,0.27215431627196335,0.0
permutation,1100,m,fpar_tuned,fpar,oblivious,-threshold 20750 -disable_hop_rtt_normalization,0.7,10000000,5,770,1738.88,1039.7520389610393,988.1,1521.84,1738.88,872.935,1884960,9627,0,0,700000,9627,0,0,0.5107270180799592,0.0,0.5107270180799592,0.0
permutation,1100,m,reps_no_partition,reps_dfp,reps,,0.7,10000000,5,770,1541.37,1138.9371428571417,1119.68,1446.45,1541.37,946.386,1884960,1309,0,0,1013181,1309,0,0,0.06944444444444445,0.0,0.06944444444444445,0.0
permutation,1100,m,reps_partition,reps_dfp,reps,-reps_partition_entropy -reps_escalate_threshold 0.5 -reps_warmup_explore_rtts 0.5 -reps_explore_prob 70,0.7,10000000,5,770,1609.5,1161.8042441558455,1150.93,1511.58,1609.5,954.645,1884960,4928,0,0,989536,4928,0,0,0.26143790849673204,0.0,0.26143790849673204,0.0
permutation,1100,m,fpar_tuned,fpar,oblivious,-threshold 20750 -disable_hop_rtt_normalization,0.8,100000,1,880,28.6213,25.50944465909091,25.4763,27.2947,28.6213,23.4656,22000,0,0,0,6823,0,0,0,0.0,0.0,0.0,0.0
permutation,1100,m,reps_no_partition,reps_dfp,reps,,0.8,100000,1,880,33.4347,28.10522443181817,27.9518,32.4438,33.4347,24.4547,22000,0,0,0,7371,0,0,0,0.0,0.0,0.0,0.0
permutation,1100,m,reps_partition,reps_dfp,reps,-reps_partition_entropy -reps_escalate_threshold 0.5 -reps_warmup_explore_rtts 0.5 -reps_explore_prob 70,0.8,100000,1,880,34.953,27.52751113636366,27.305,33.285,34.953,23.4758,22000,0,0,0,7311,0,0,0,0.0,0.0,0.0,0.0
permutation,1100,m,fpar_tuned,fpar,oblivious,-threshold 20750 -disable_hop_rtt_normalization,0.8,100000,2,880,28.5274,25.52453579545462,25.4707,27.6675,28.5274,23.3192,22000,0,0,0,6817,0,0,0,0.0,0.0,0.0,0.0
permutation,1100,m,reps_no_partition,reps_dfp,reps,,0.8,100000,2,880,33.2656,28.039585681818224,27.9416,31.6334,33.2656,24.6376,22000,0,0,0,7314,0,0,0,0.0,0.0,0.0,0.0
permutation,1100,m,reps_partition,reps_dfp,reps,-reps_partition_entropy -reps_escalate_threshold 0.5 -reps_warmup_explore_rtts 0.5 -reps_explore_prob 70,0.8,100000,2,880,33.8936,27.573974090909083,27.4467,32.2576,33.8936,23.8078,22000,0,0,0,7328,0,0,0,0.0,0.0,0.0,0.0
permutation,1100,m,fpar_tuned,fpar,oblivious,-threshold 20750 -disable_hop_rtt_normalization,0.8,100000,3,880,28.1733,25.49699306818188,25.4832,27.1483,28.1733,22.817,22000,0,0,0,6817,0,0,0,0.0,0.0,0.0,0.0
permutation,1100,m,reps_no_partition,reps_dfp,reps,,0.8,100000,3,880,33.5907,28.087687386363616,27.9638,32.2832,33.5907,23.9798,22000,0,0,0,7383,0,0,0,0.0,0.0,0.0,0.0
permutation,1100,m,reps_partition,reps_dfp,reps,-reps_partition_entropy -reps_escalate_threshold 0.5 -reps_warmup_explore_rtts 0.5 -reps_explore_prob 70,0.8,100000,3,880,33.453,27.45594738636364,27.3152,31.793,33.453,23.4758,22000,0,0,0,7337,0,0,0,0.0,0.0,0.0,0.0
permutation,1100,m,fpar_tuned,fpar,oblivious,-threshold 20750 -disable_hop_rtt_normalization,0.8,100000,4,880,28.3589,25.505675454545493,25.4678,27.3475,28.3589,23.481,22000,0,0,0,6828,0,0,0,0.0,0.0,0.0,0.0
permutation,1100,m,reps_no_partition,reps_dfp,reps,,0.8,100000,4,880,32.961,28.401006249999977,28.2856,32.273,32.961,23.9787,22000,0,0,0,7380,0,0,0,0.0,0.0,0.0,0.0
permutation,1100,m,reps_partition,reps_dfp,reps,-reps_partition_entropy -reps_escalate_threshold 0.5 -reps_warmup_explore_rtts 0.5 -reps_explore_prob 70,0.8,100000,4,880,35.285,27.638451249999985,27.4427,33.625,35.285,23.6467,22000,0,0,0,7342,0,0,0,0.0,0.0,0.0,0.0
permutation,1100,m,fpar_tuned,fpar,oblivious,-threshold 20750 -disable_hop_rtt_normalization,0.8,100000,5,880,30.4566,25.61658988636369,25.473,29.3838,30.4566,23.1478,22000,0,0,0,6836,0,0,0,0.0,0.0,0.0,0.0
permutation,1100,m,reps_no_partition,reps_dfp,reps,,0.8,100000,5,880,35.449,28.309968295454524,28.1136,32.8384,35.449,24.4616,22000,0,0,0,7386,0,0,0,0.0,0.0,0.0,0.0
permutation,1100,m,reps_partition,reps_dfp,reps,-reps_partition_entropy -reps_escalate_threshold 0.5 -reps_warmup_explore_rtts 0.5 -reps_explore_prob 70,0.8,100000,5,880,35.4278,27.701847045454517,27.4496,32.9427,35.4278,23.0931,22000,0,0,0,7342,0,0,0,0.0,0.0,0.0,0.0
permutation,1100,m,fpar_tuned,fpar,oblivious,-threshold 20750 -disable_hop_rtt_normalization,0.8,250000,1,880,56.9368,48.75204772727269,49.0926,55.5934,56.9368,39.4158,54560,393,0,0,20541,393,0,0,0.7203079178885631,0.0,0.7203079178885631,0.0
permutation,1100,m,reps_no_partition,reps_dfp,reps,,0.8,250000,1,880,59.1707,50.30132329545451,50.0722,56.6928,59.1707,43.984,54560,4,0,0,28596,4,0,0,0.007331378299120235,0.0,0.007331378299120235,0.0
permutation,1100,m,reps_partition,reps_dfp,reps,-reps_partition_entropy -reps_escalate_threshold 0.5 -reps_warmup_explore_rtts 0.5 -reps_explore_prob 70,0.8,250000,1,880,57.8062,50.24146727272728,50.3557,56.5251,57.8062,40.5048,54560,787,0,0,27116,787,0,0,1.442448680351906,0.0,1.442448680351906,0.0
permutation,1100,m,fpar_tuned,fpar,oblivious,-threshold 20750 -disable_hop_rtt_normalization,0.8,250000,2,880,57.0864,49.14182056818182,49.3782,55.6275,57.0864,39.5736,54560,419,0,0,20627,419,0,0,0.7679618768328446,0.0,0.7679618768328446,0.0
permutation,1100,m,reps_no_partition,reps_dfp,reps,,0.8,250000,2,880,59.2373,50.50994988636362,50.0659,57.3659,59.2373,43.955,54560,11,0,0,28187,11,0,0,0.020161290322580645,0.0,0.020161290322580645,0.0
permutation,1100,m,reps_partition,reps_dfp,reps,-reps_partition_entropy -reps_escalate_threshold 0.5 -reps_warmup_explore_rtts 0.5 -reps_explore_prob 70,0.8,250000,2,880,56.5997,49.92497579545463,50.0547,55.6088,56.5997,42.5658,54560,601,0,0,27140,601,0,0,1.1015395894428153,0.0,1.1015395894428153,0.0
permutation,1100,m,fpar_tuned,fpar,oblivious,-threshold 20750 -disable_hop_rtt_normalization,0.8,250000,3,880,55.3422,48.737148181818206,48.9838,54.483,55.3422,39.5488,54560,433,0,0,20396,433,0,0,0.7936217008797654,0.0,0.7936217008797654,0.0
permutation,1100,m,reps_no_partition,reps_dfp,reps,,0.8,250000,3,880,57.899,50.32895636363633,49.9976,56.903,57.899,43.1942,54560,56,0,0,28065,56,0,0,0.10263929618768329,0.0,0.10263929618768329,0.0
permutation,1100,m,reps_partition,reps_dfp,reps,-reps_partition_entropy -reps_escalate_threshold 0.5 -reps_warmup_explore_rtts 0.5 -reps_explore_prob 70,0.8,250000,3,880,56.579,49.788393636363615,49.9125,54.841,56.579,41.7,54560,495,0,0,26918,495,0,0,0.907258064516129,0.0,0.907258064516129,0.0
permutation,1100,m,fpar_tuned,fpar,oblivious,-threshold 20750 -disable_hop_rtt_normalization,0.8,250000,4,880,56.1512,48.85124988636367,49.2302,55.3176,56.1512,39.6363,54560,491,0,0,20428,491,0,0,0.8999266862170088,0.0,0.8999266862170088,0.0
permutation,1100,m,reps_no_partition,reps_dfp,reps,,0.8,250000,4,880,59.9184,50.85702602272731,50.6082,57.1696,59.9184,44.2922,54560,73,0,0,28577,73,0,0,0.13379765395894427,0.0,0.13379765395894427,0.0
permutation,1100,m,reps_partition,reps_dfp,reps,-reps_partition_entropy -reps_escalate_threshold 0.5 -reps_warmup_explore_rtts 0.5 -reps_explore_prob 70,0.8,250000,4,880,57.8222,50.11532284090902,50.0974,56.0816,57.8222,41.8662,54560,670,0,0,27084,670,0,0,1.2280058651026393,0.0,1.2280058651026393,0.0
permutation,1100,m,fpar_tuned,fpar,oblivious,-threshold 20750 -disable_hop_rtt_normalization,0.8,250000,5,880,55.6995,49.01618090909094,49.3309,54.7627,55.6995,39.0376,54560,393,0,0,20554,393,0,0,0.7203079178885631,0.0,0.7203079178885631,0.0
permutation,1100,m,reps_no_partition,reps_dfp,reps,,0.8,250000,5,880,58.1696,50.47274318181824,50.3285,57.1078,58.1696,43.885,54560,63,0,0,28267,63,0,0,0.11546920821114369,0.0,0.11546920821114369,0.0
permutation,1100,m,reps_partition,reps_dfp,reps,-reps_partition_entropy -reps_escalate_threshold 0.5 -reps_warmup_explore_rtts 0.5 -reps_explore_prob 70,0.8,250000,5,880,58.897,50.151563409090926,50.1056,56.905,58.897,41.965,54560,634,0,0,27428,634,0,0,1.1620234604105573,0.0,1.1620234604105573,0.0
permutation,1100,m,fpar_tuned,fpar,oblivious,-threshold 20750 -disable_hop_rtt_normalization,0.8,2000000,1,880,408.208,251.54673295454563,239.988,349.382,408.208,206.34,431200,9309,0,0,194082,9309,0,0,2.1588589981447126,0.0,2.1588589981447126,0.0
permutation,1100,m,reps_no_partition,reps_dfp,reps,,0.8,2000000,1,880,412.879,274.75241363636337,269.473,374.106,412.879,215.239,431200,1767,0,0,266155,1767,0,0,0.4097866419294991,0.0,0.4097866419294991,0.0
permutation,1100,m,reps_partition,reps_dfp,reps,-reps_partition_entropy -reps_escalate_threshold 0.5 -reps_warmup_explore_rtts 0.5 -reps_explore_prob 70,0.8,2000000,1,880,435.748,272.2656045454545,266.971,371.428,435.748,219.493,431200,6349,0,0,273519,6349,0,0,1.4724025974025974,0.0,1.4724025974025974,0.0
permutation,1100,m,fpar_tuned,fpar,oblivious,-threshold 20750 -disable_hop_rtt_normalization,0.8,2000000,2,880,421.952,252.22606704545427,238.458,374.096,421.952,203.645,431200,9984,0,0,192320,9984,0,0,2.315398886827458,0.0,2.315398886827458,0.0
permutation,1100,m,reps_no_partition,reps_dfp,reps,,0.8,2000000,2,880,411.353,273.7518795454542,267.316,379.898,411.353,216.821,431200,1750,0,0,266683,1750,0,0,0.40584415584415584,0.0,0.40584415584415584,0.0
permutation,1100,m,reps_partition,reps_dfp,reps,-reps_partition_entropy -reps_escalate_threshold 0.5 -reps_warmup_explore_rtts 0.5 -reps_explore_prob 70,0.8,2000000,2,880,386.412,271.9741874999997,267.689,357.155,386.412,218.864,431200,6272,0,0,272202,6272,0,0,1.4545454545454546,0.0,1.4545454545454546,0.0
permutation,1100,m,fpar_tuned,fpar,oblivious,-threshold 20750 -disable_hop_rtt_normalization,0.8,2000000,3,880,377.021,250.72512159090877,239.529,352.403,377.021,211.182,431200,9043,0,0,193708,9043,0,0,2.097170686456401,0.0,2.097170686456401,0.0
permutation,1100,m,reps_no_partition,reps_dfp,reps,,0.8,2000000,3,880,394.334,273.5931215909086,267.277,368.691,394.334,221.62,431200,2002,0,0,267320,2002,0,0,0.4642857142857143,0.0,0.4642857142857143,0.0
permutation,1100,m,reps_partition,reps_dfp,reps,-reps_partition_entropy -reps_escalate_threshold 0.5 -reps_warmup_explore_rtts 0.5 -reps_explore_prob 70,0.8,2000000,3,880,436.477,272.1206352272725,266.1,366.672,436.477,224.153,431200,6032,0,0,273518,6032,0,0,1.398886827458256,0.0,1.398886827458256,0.0
permutation,1100,m,fpar_tuned,fpar,oblivious,-threshold 20750 -disable_hop_rtt_normalization,0.8,2000000,4,880,398.434,252.99705795454537,238.772,371.441,398.434,205.538,431200,9204,0,0,193547,9204,0,0,2.1345083487940633,0.0,2.1345083487940633,0.0
permutation,1100,m,reps_no_partition,reps_dfp,reps,,0.8,2000000,4,880,414.107,276.28818977272715,269.609,379.705,414.107,216.249,431200,2255,0,0,263107,2255,0,0,0.5229591836734694,0.0,0.5229591836734694,0.0
permutation,1100,m,reps_partition,reps_dfp,reps,-reps_partition_entropy -reps_escalate_threshold 0.5 -reps_warmup_explore_rtts 0.5 -reps_explore_prob 70,0.8,2000000,4,880,463.201,273.8648647727271,266.564,380.549,463.201,222.988,431200,6442,0,0,272736,6442,0,0,1.4939703153988868,0.0,1.4939703153988868,0.0
permutation,1100,m,fpar_tuned,fpar,oblivious,-threshold 20750 -disable_hop_rtt_normalization,0.8,2000000,5,880,420.903,251.73779318181792,236.568,369.084,420.903,208.24,431200,8772,0,0,193376,8772,0,0,2.0343228200371057,0.0,2.0343228200371057,0.0
permutation,1100,m,reps_no_partition,reps_dfp,reps,,0.8,2000000,5,880,431.589,273.3154602272726,267.931,369.239,431.589,216.307,431200,1906,0,0,267191,1906,0,0,0.4420222634508349,0.0,0.4420222634508349,0.0
permutation,1100,m,reps_partition,reps_dfp,reps,-reps_partition_entropy -reps_escalate_threshold 0.5 -reps_warmup_explore_rtts 0.5 -reps_explore_prob 70,0.8,2000000,5,880,416.579,273.99926704545476,266.098,373.952,416.579,217.55,431200,6391,0,0,272444,6391,0,0,1.4821428571428572,0.0,1.4821428571428572,0.0
permutation,1100,m,fpar_tuned,fpar,oblivious,-threshold 20750 -disable_hop_rtt_normalization,0.8,5000000,1,880,920.465,591.566613636363,561.132,842.548,920.465,489.331,1077120,12381,0,0,445540,12381,0,0,1.1494540998217468,0.0,1.1494540998217468,0.0
permutation,1100,m,reps_no_partition,reps_dfp,reps,,0.8,5000000,1,880,967.1,643.5445829545458,641.019,832.513,967.1,501.957,1077120,1958,0,0,621014,1958,0,0,0.18178104575163398,0.0,0.18178104575163398,0.0
permutation,1100,m,reps_partition,reps_dfp,reps,-reps_partition_entropy -reps_escalate_threshold 0.5 -reps_warmup_explore_rtts 0.5 -reps_explore_prob 70,0.8,5000000,1,880,1051.8,645.6049499999992,640.828,861.137,1051.8,506.461,1077120,6668,0,0,632933,6668,0,0,0.619058229352347,0.0,0.619058229352347,0.0
permutation,1100,m,fpar_tuned,fpar,oblivious,-threshold 20750 -disable_hop_rtt_normalization,0.8,5000000,2,880,908.135,591.5659715909094,553.151,859.506,908.135,479.484,1077120,13751,0,0,440830,13751,0,0,1.2766451277480688,0.0,1.2766451277480688,0.0
permutation,1100,m,reps_no_partition,reps_dfp,reps,,0.8,5000000,2,880,925.579,640.520863636363,636.135,824.661,925.579,512.127,1077120,1895,0,0,620364,1895,0,0,0.17593211527035058,0.0,0.17593211527035058,0.0
permutation,1100,m,reps_partition,reps_dfp,reps,-reps_partition_entropy -reps_escalate_threshold 0.5 -reps_warmup_explore_rtts 0.5 -reps_explore_prob 70,0.8,5000000,2,880,923.982,645.7148795454538,642.026,832.606,923.982,499.874,1077120,6623,0,0,630227,6623,0,0,0.614880421865716,0.0,0.614880421865716,0.0
permutation,1100,m,fpar_tuned,fpar,oblivious,-threshold 20750 -disable_hop_rtt_normalization,0.8,5000000,3,880,906.334,590.403863636363,562.353,829.679,906.334,489.004,1077120,12573,0,0,449751,12573,0,0,1.1672794117647058,0.0,1.1672794117647058,0.0
permutation,1100,m,reps_no_partition,reps_dfp,reps,,0.8,5000000,3,880,935.502,641.5480704545463,634.54,849.709,935.502,513.785,1077120,2180,0,0,624352,2180,0,0,0.20239156268568034,0.0,0.20239156268568034,0.0
permutation,1100,m,reps_partition,reps_dfp,reps,-reps_partition_entropy -reps_escalate_threshold 0.5 -reps_warmup_explore_rtts 0.5 -reps_explore_prob 70,0.8,5000000,3,880,1028.89,646.1213159090913,638.558,848.544,1028.89,508.217,1077120,6362,0,0,633177,6362,0,0,0.5906491384432561,0.0,0.5906491384432561,0.0
permutation,1100,m,fpar_tuned,fpar,oblivious,-threshold 20750 -disable_hop_rtt_normalization,0.8,5000000,4,880,915.542,591.5122806818188,554.472,851.587,915.542,489.87,1077120,11627,0,0,441699,11627,0,0,1.079452614379085,0.0,1.079452614379085,0.0
permutation,1100,m,reps_no_partition,reps_dfp,reps,,0.8,5000000,4,880,1016.55,645.4916670454546,639.199,844.007,1016.55,507.888,1077120,2457,0,0,614282,2457,0,0,0.22810828877005349,0.0,0.22810828877005349,0.0
permutation,1100,m,reps_partition,reps_dfp,reps,-reps_partition_entropy -reps_escalate_threshold 0.5 -reps_warmup_explore_rtts 0.5 -reps_explore_prob 70,0.8,5000000,4,880,1036.68,649.3136636363636,640.22,876.453,1036.68,502.152,1077120,6765,0,0,631101,6765,0,0,0.6280637254901961,0.0,0.6280637254901961,0.0
permutation,1100,m,fpar_tuned,fpar,oblivious,-threshold 20750 -disable_hop_rtt_normalization,0.8,5000000,5,880,946.832,591.7602329545458,553.391,877.949,946.832,484.423,1077120,11826,0,0,443487,11826,0,0,1.097927807486631,0.0,1.097927807486631,0.0
permutation,1100,m,reps_no_partition,reps_dfp,reps,,0.8,5000000,5,880,891.504,641.6944647727275,637.209,823.775,891.504,504.468,1077120,2038,0,0,631465,2038,0,0,0.18920825906120023,0.0,0.18920825906120023,0.0
permutation,1100,m,reps_partition,reps_dfp,reps,-reps_partition_entropy -reps_escalate_threshold 0.5 -reps_warmup_explore_rtts 0.5 -reps_explore_prob 70,0.8,5000000,5,880,959.216,649.2313863636361,641.57,879.301,959.216,507.647,1077120,6745,0,0,634185,6745,0,0,0.6262069221628045,0.0,0.6262069221628045,0.0
permutation,1100,m,fpar_tuned,fpar,oblivious,-threshold 20750 -disable_hop_rtt_normalization,0.8,10000000,1,880,1662.7,1156.6430034090904,1097.87,1597.15,1662.7,958.514,2154240,18725,0,0,869463,18725,0,0,0.8692160576351753,0.0,0.8692160576351753,0.0
permutation,1100,m,reps_no_partition,reps_dfp,reps,,0.8,10000000,1,880,1785.31,1264.856368181818,1263.48,1602.23,1785.31,976.275,2154240,2237,0,0,1247698,2237,0,0,0.10384172608437314,0.0,0.10384172608437314,0.0
permutation,1100,m,reps_partition,reps_dfp,reps,-reps_partition_entropy -reps_escalate_threshold 0.5 -reps_warmup_explore_rtts 0.5 -reps_explore_prob 70,0.8,10000000,1,880,1885.38,1270.725118181818,1272.22,1633.61,1885.38,986.44,2154240,6997,0,0,1253308,6997,0,0,0.3248013220439691,0.0,0.3248013220439691,0.0
permutation,1100,m,fpar_tuned,fpar,oblivious,-threshold 20750 -disable_hop_rtt_normalization,0.8,10000000,2,880,1720.02,1153.3046159090907,1086.23,1627.2,1720.02,941.249,2154240,20145,0,0,861412,20145,0,0,0.9351325757575758,0.0,0.9351325757575758,0.0
permutation,1100,m,reps_no_partition,reps_dfp,reps,,0.8,10000000,2,880,1668.6,1261.4994204545462,1260.49,1588.49,1668.6,1014.01,2154240,2196,0,0,1241390,2196,0,0,0.1019385026737968,0.0,0.1019385026737968,0.0
permutation,1100,m,reps_partition,reps_dfp,reps,-reps_partition_entropy -reps_escalate_threshold 0.5 -reps_warmup_explore_rtts 0.5 -reps_explore_prob 70,0.8,10000000,2,880,1686.37,1270.2340829545456,1267.75,1599.54,1686.37,981.453,2154240,7212,0,0,1244930,7212,0,0,0.33478163992869875,0.0,0.33478163992869875,0.0
permutation,1100,m,fpar_tuned,fpar,oblivious,-threshold 20750 -disable_hop_rtt_normalization,0.8,10000000,3,880,1723.67,1158.2936125000003,1108.68,1552.45,1723.67,960.179,2154240,18648,0,0,882759,18648,0,0,0.8656417112299465,0.0,0.8656417112299465,0.0
permutation,1100,m,reps_no_partition,reps_dfp,reps,,0.8,10000000,3,880,1685.82,1264.0903181818182,1255.57,1567.62,1685.82,1013.91,2154240,2562,0,0,1240997,2562,0,0,0.11892825311942959,0.0,0.11892825311942959,0.0
permutation,1100,m,reps_partition,reps_dfp,reps,-reps_partition_entropy -reps_escalate_threshold 0.5 -reps_warmup_explore_rtts 0.5 -reps_explore_prob 70,0.8,10000000,3,880,1945.5,1275.3451647727275,1264.8,1617.33,1945.5,985.945,2154240,7056,0,0,1242305,7056,0,0,0.32754010695187163,0.0,0.32754010695187163,0.0
permutation,1100,m,fpar_tuned,fpar,oblivious,-threshold 20750 -disable_hop_rtt_normalization,0.8,10000000,4,880,1683.66,1157.453993181819,1102.4,1603.1,1683.66,963.736,2154240,17316,0,0,866428,17316,0,0,0.8038101604278075,0.0,0.8038101604278075,0.0
permutation,1100,m,reps_no_partition,reps_dfp,reps,,0.8,10000000,4,880,1868.96,1268.4108954545466,1261.59,1615.95,1868.96,993.208,2154240,2799,0,0,1232608,2799,0,0,0.1299298128342246,0.0,0.1299298128342246,0.0
permutation,1100,m,reps_partition,reps_dfp,reps,-reps_partition_entropy -reps_escalate_threshold 0.5 -reps_warmup_explore_rtts 0.5 -reps_explore_prob 70,0.8,10000000,4,880,2051.12,1279.7427045454529,1270.48,1683.25,2051.12,970.834,2154240,7444,0,0,1238365,7444,0,0,0.3455510992275698,0.0,0.3455510992275698,0.0
permutation,1100,m,fpar_tuned,fpar,oblivious,-threshold 20750 -disable_hop_rtt_normalization,0.8,10000000,5,880,1824.8,1157.1564306818182,1096.73,1676.45,1824.8,957.186,2154240,17673,0,0,872696,17673,0,0,0.8203821301247772,0.0,0.8203821301247772,0.0
permutation,1100,m,reps_no_partition,reps_dfp,reps,,0.8,10000000,5,880,1708.51,1263.5363568181817,1252.96,1586.76,1708.51,986.992,2154240,2370,0,0,1254561,2370,0,0,0.11001559714795009,0.0,0.11001559714795009,0.0
permutation,1100,m,reps_partition,reps_dfp,reps,-reps_partition_entropy -reps_escalate_threshold 0.5 -reps_warmup_explore_rtts 0.5 -reps_explore_prob 70,0.8,10000000,5,880,1792.57,1278.8949204545447,1270.53,1645.89,1792.57,1012.78,2154240,7608,0,0,1244355,7608,0,0,0.3531639928698752,0.0,0.3531639928698752,0.0
permutation,1100,m,fpar_tuned,fpar,oblivious,-threshold 20750 -disable_hop_rtt_normalization,0.9,100000,1,990,31.9618,26.986394949494947,26.801,30.6883,31.9618,24.7816,24750,0,0,0,7782,0,0,0,0.0,0.0,0.0,0.0
permutation,1100,m,reps_no_partition,reps_dfp,reps,,0.9,100000,1,990,37.413,29.62477606060603,29.4416,34.4216,37.413,25.6176,24750,0,0,0,8759,0,0,0,0.0,0.0,0.0,0.0
permutation,1100,m,reps_partition,reps_dfp,reps,-reps_partition_entropy -reps_escalate_threshold 0.5 -reps_warmup_explore_rtts 0.5 -reps_explore_prob 70,0.9,100000,1,990,35.7656,29.12349060606058,28.9536,34.2587,35.7656,25.1358,24750,0,0,0,8714,0,0,0,0.0,0.0,0.0,0.0
permutation,1100,m,fpar_tuned,fpar,oblivious,-threshold 20750 -disable_hop_rtt_normalization,0.9,100000,2,990,30.089,26.882472727272674,26.801,29.3326,30.089,24.7987,24750,0,0,0,7757,0,0,0,0.0,0.0,0.0,0.0
permutation,1100,m,reps_no_partition,reps_dfp,reps,,0.9,100000,2,990,35.7587,29.72125696969695,29.6016,34.4216,35.7587,25.6347,24750,0,0,0,8817,0,0,0,0.0,0.0,0.0,0.0
permutation,1100,m,reps_partition,reps_dfp,reps,-reps_partition_entropy -reps_escalate_threshold 0.5 -reps_warmup_explore_rtts 0.5 -reps_explore_prob 70,0.9,100000,2,990,34.793,28.90250848484849,28.7776,33.2536,34.793,24.9234,24750,0,0,0,8688,0,0,0,0.0,0.0,0.0,0.0
permutation,1100,m,fpar_tuned,fpar,oblivious,-threshold 20750 -disable_hop_rtt_normalization,0.9,100000,3,990,30.1686,26.793047373737327,26.6904,29.1624,30.1686,24.3477,24750,0,0,0,7769,0,0,0,0.0,0.0,0.0,0.0
permutation,1100,m,reps_no_partition,reps_dfp,reps,,0.9,100000,3,990,35.621,29.585191111111143,29.4507,33.5992,35.621,25.645,24750,0,0,0,8786,0,0,0,0.0,0.0,0.0,0.0
permutation,1100,m,reps_partition,reps_dfp,reps,-reps_partition_entropy -reps_escalate_threshold 0.5 -reps_warmup_explore_rtts 0.5 -reps_explore_prob 70,0.9,100000,3,990,35.4336,28.917351414141393,28.7986,33.1238,35.4336,24.4547,24750,0,0,0,8648,0,0,0,0.0,0.0,0.0,0.0
permutation,1100,m,fpar_tuned,fpar,oblivious,-threshold 20750 -disable_hop_rtt_normalization,0.9,100000,4,990,33.7648,26.914285555555526,26.7958,31.0678,33.7648,24.3016,24750,0,0,0,7765,0,0,0,0.0,0.0,0.0,0.0
permutation,1100,m,reps_no_partition,reps_dfp,reps,,0.9,100000,4,990,36.957,29.904156565656535,29.6187,34.9256,36.957,25.9616,24750,0,0,0,8904,0,0,0,0.0,0.0,0.0,0.0
permutation,1100,m,reps_partition,reps_dfp,reps,-reps_partition_entropy -reps_escalate_threshold 0.5 -reps_warmup_explore_rtts 0.5 -reps_explore_prob 70,0.9,100000,4,990,37.613,29.28082676767679,29.0451,35.2456,37.613,24.9251,24750,0,0,0,8692,0,0,0,0.0,0.0,0.0,0.0
permutation,1100,m,fpar_tuned,fpar,oblivious,-threshold 20750 -disable_hop_rtt_normalization,0.9,100000,5,990,31.0336,26.93336010101004,26.8061,30.0206,31.0336,24.8038,24750,0,0,0,7755,0,0,0,0.0,0.0,0.0,0.0
permutation,1100,m,reps_no_partition,reps_dfp,reps,,0.9,100000,5,990,38.0616,29.760583030303028,29.4672,36.2296,38.0616,25.6176,24750,0,0,0,8834,0,0,0,0.0,0.0,0.0,0.0
permutation,1100,m,reps_partition,reps_dfp,reps,-reps_partition_entropy -reps_escalate_threshold 0.5 -reps_warmup_explore_rtts 0.5 -reps_explore_prob 70,0.9,100000,5,990,34.5056,28.972690808080774,28.8021,33.6016,34.5056,24.6717,24750,0,0,0,8689,0,0,0,0.0,0.0,0.0,0.0
permutation,1100,m,fpar_tuned,fpar,oblivious,-threshold 20750 -disable_hop_rtt_normalization,0.9,250000,1,990,58.899,52.38671757575759,52.652,57.719,58.899,42.1029,61380,1380,0,0,27388,1380,0,0,2.2482893450635384,0.0,2.2482893450635384,0.0
permutation,1100,m,reps_no_partition,reps_dfp,reps,,0.9,250000,1,990,61.2845,54.19425141414142,54.1816,59.6267,61.2845,47.6725,61380,102,0,0,38153,102,0,0,0.16617790811339198,0.0,0.16617790811339198,0.0
permutation,1100,m,reps_partition,reps_dfp,reps,-reps_partition_entropy -reps_escalate_threshold 0.5 -reps_warmup_explore_rtts 0.5 -reps_explore_prob 70,0.9,250000,1,990,60.8629,52.90419424242423,53.0205,58.425,60.8629,45.5474,61380,1698,0,0,35347,1698,0,0,2.766373411534702,0.0,2.766373411534702,0.0
permutation,1100,m,fpar_tuned,fpar,oblivious,-threshold 20750 -disable_hop_rtt_normalization,0.9,250000,2,990,59.7154,52.78131575757571,53.1312,58.3771,59.7154,42.312,61380,1450,0,0,27544,1450,0,0,2.3623330074942976,0.0,2.3623330074942976,0.0
permutation,1100,m,reps_no_partition,reps_dfp,reps,,0.9,250000,2,990,60.5725,53.61156101010102,53.5176,59.7371,60.5725,47.693,61380,81,0,0,37942,81,0,0,0.13196480938416422,0.0,0.13196480938416422,0.0
permutation,1100,m,reps_partition,reps_dfp,reps,-reps_partition_entropy -reps_escalate_threshold 0.5 -reps_warmup_explore_rtts 0.5 -reps_explore_prob 70,0.9,250000,2,990,62.8952,53.12189898989894,53.1408,59.3987,62.8952,44.2442,61380,1715,0,0,35101,1715,0,0,2.7940697295536006,0.0,2.7940697295536006,0.0
permutation,1100,m,fpar_tuned,fpar,oblivious,-threshold 20750 -disable_hop_rtt_normalization,0.9,250000,3,990,59.4456,52.665421212121245,52.9722,58.4496,59.4456,42.7011,61380,1152,0,0,27511,1152,0,0,1.8768328445747802,0.0,1.8768328445747802,0.0
permutation,1100,m,reps_no_partition,reps_dfp,reps,,0.9,250000,3,990,62.1598,54.02799454545448,53.915,59.5038,62.1598,48.0085,61380,132,0,0,38385,132,0,0,0.21505376344086022,0.0,0.21505376344086022,0.0
permutation,1100,m,reps_partition,reps_dfp,reps,-reps_partition_entropy -reps_escalate_threshold 0.5 -reps_warmup_explore_rtts 0.5 -reps_explore_prob 70,0.9,250000,3,990,61.1885,52.70216494949501,52.7667,58.1874,61.1885,45.0493,61380,1412,0,0,35108,1412,0,0,2.3004235907461714,0.0,2.3004235907461714,0.0
permutation,1100,m,fpar_tuned,fpar,oblivious,-threshold 20750 -disable_hop_rtt_normalization,0.9,250000,4,990,59.595,52.62220737373737,52.9966,58.2082,59.595,40.5504,61380,1495,0,0,27506,1495,0,0,2.4356467904855004,0.0,2.4356467904855004,0.0
permutation,1100,m,reps_no_partition,reps_dfp,reps,,0.9,250000,4,990,63.173,54.2315891919192,54.201,60.1667,63.173,46.656,61380,186,0,0,38088,186,0,0,0.30303030303030304,0.0,0.30303030303030304,0.0
permutation,1100,m,reps_partition,reps_dfp,reps,-reps_partition_entropy -reps_escalate_threshold 0.5 -reps_warmup_explore_rtts 0.5 -reps_explore_prob 70,0.9,250000,4,990,60.6506,53.262037878787886,53.2947,58.5262,60.6506,46.2614,61380,1764,0,0,35252,1764,0,0,2.873900293255132,0.0,2.873900293255132,0.0
permutation,1100,m,fpar_tuned,fpar,oblivious,-threshold 20750 -disable_hop_rtt_normalization,0.9,250000,5,990,58.7048,52.699892626262645,53.0325,57.6949,58.7048,41.3829,61380,1420,0,0,27762,1420,0,0,2.3134571521668295,0.0,2.3134571521668295,0.0
permutation,1100,m,reps_no_partition,reps_dfp,reps,,0.9,250000,5,990,62.0611,54.00436898989897,53.8536,60.4011,62.0611,46.357,61380,198,0,0,38190,198,0,0,0.3225806451612903,0.0,0.3225806451612903,0.0
permutation,1100,m,reps_partition,reps_dfp,reps,-reps_partition_entropy -reps_escalate_threshold 0.5 -reps_warmup_explore_rtts 0.5 -reps_explore_prob 70,0.9,250000,5,990,59.9982,52.829406464646404,52.8968,58.1498,59.9982,45.9189,61380,1508,0,0,35330,1508,0,0,2.4568263277940696,0.0,2.4568263277940696,0.0
permutation,1100,m,fpar_tuned,fpar,oblivious,-threshold 20750 -disable_hop_rtt_normalization,0.9,2000000,1,990,423.416,277.9213808080809,268.611,387.571,423.416,218.813,485100,14236,0,0,237872,14236,0,0,2.9346526489383633,0.0,2.9346526489383633,0.0
permutation,1100,m,reps_no_partition,reps_dfp,reps,,0.9,2000000,1,990,448.462,306.27238080808115,303.794,414.586,448.462,225.798,485100,3149,0,0,301903,3149,0,0,0.6491445062873634,0.0,0.6491445062873634,0.0
permutation,1100,m,reps_partition,reps_dfp,reps,-reps_partition_entropy -reps_escalate_threshold 0.5 -reps_warmup_explore_rtts 0.5 -reps_explore_prob 70,0.9,2000000,1,990,434.32,298.7663242424241,293.171,398.396,434.32,227.204,485100,9067,0,0,318302,9067,0,0,1.8690991548134406,0.0,1.8690991548134406,0.0
permutation,1100,m,fpar_tuned,fpar,oblivious,-threshold 20750 -disable_hop_rtt_normalization,0.9,2000000,2,990,415.166,277.01764949494935,266.453,383.882,415.166,219.638,485100,14148,0,0,236014,14148,0,0,2.9165120593692024,0.0,2.9165120593692024,0.0
permutation,1100,m,reps_no_partition,reps_dfp,reps,,0.9,2000000,2,990,437.142,304.3926606060604,303.054,396.08,437.142,218.413,485100,2659,0,0,302795,2659,0,0,0.5481344052772624,0.0,0.5481344052772624,0.0
permutation,1100,m,reps_partition,reps_dfp,reps,-reps_partition_entropy -reps_escalate_threshold 0.5 -reps_warmup_explore_rtts 0.5 -reps_explore_prob 70,0.9,2000000,2,990,443.684,298.96253434343464,294.407,403.168,443.684,231.827,485100,9128,0,0,316056,9128,0,0,1.8816738816738816,0.0,1.8816738816738816,0.0
permutation,1100,m,fpar_tuned,fpar,oblivious,-threshold 20750 -disable_hop_rtt_normalization,0.9,2000000,3,990,441.765,275.8487323232324,267.761,387.013,441.765,216.23,485100,13314,0,0,237334,13314,0,0,2.7445887445887447,0.0,2.7445887445887447,0.0
permutation,1100,m,reps_no_partition,reps_dfp,reps,,0.9,2000000,3,990,460.598,305.7780727272728,302.864,400.469,460.598,224.083,485100,3035,0,0,302200,3035,0,0,0.6256441970727685,0.0,0.6256441970727685,0.0
permutation,1100,m,reps_partition,reps_dfp,reps,-reps_partition_entropy -reps_escalate_threshold 0.5 -reps_warmup_explore_rtts 0.5 -reps_explore_prob 70,0.9,2000000,3,990,505.418,299.78431616161583,293.091,409.362,505.418,231.846,485100,8929,0,0,317151,8929,0,0,1.8406514120799835,0.0,1.8406514120799835,0.0
permutation,1100,m,fpar_tuned,fpar,oblivious,-threshold 20750 -disable_hop_rtt_normalization,0.9,2000000,4,990,417.078,276.2798606060604,270.268,381.084,417.078,217.163,485100,13175,0,0,237440,13175,0,0,2.715934858792002,0.0,2.715934858792002,0.0
permutation,1100,m,reps_no_partition,reps_dfp,reps,,0.9,2000000,4,990,481.069,306.95256565656587,305.261,400.767,481.069,219.789,485100,3488,0,0,302687,3488,0,0,0.7190270047412904,0.0,0.7190270047412904,0.0
permutation,1100,m,reps_partition,reps_dfp,reps,-reps_partition_entropy -reps_escalate_threshold 0.5 -reps_warmup_explore_rtts 0.5 -reps_explore_prob 70,0.9,2000000,4,990,453.884,300.56475353535353,294.008,404.665,453.884,233.095,485100,9344,0,0,318027,9344,0,0,1.9262007833436405,0.0,1.9262007833436405,0.0
permutation,1100,m,fpar_tuned,fpar,oblivious,-threshold 20750 -disable_hop_rtt_normalization,0.9,2000000,5,990,430.707,277.74762626262634,265.679,392.941,430.707,220.882,485100,13058,0,0,238022,13058,0,0,2.691816120387549,0.0,2.691816120387549,0.0
permutation,1100,m,reps_no_partition,reps_dfp,reps,,0.9,2000000,5,990,451.035,305.96137272727293,305.997,404.188,451.035,219.345,485100,3125,0,0,303646,3125,0,0,0.6441970727685014,0.0,0.6441970727685014,0.0
permutation,1100,m,reps_partition,reps_dfp,reps,-reps_partition_entropy -reps_escalate_threshold 0.5 -reps_warmup_explore_rtts 0.5 -reps_explore_prob 70,0.9,2000000,5,990,469.403,300.24887171717194,293.221,418.768,469.403,232.493,485100,9105,0,0,317147,9105,0,0,1.8769325912183055,0.0,1.8769325912183055,0.0
permutation,1100,m,fpar_tuned,fpar,oblivious,-threshold 20750 -disable_hop_rtt_normalization,0.9,5000000,1,990,968.336,652.6734969696967,626.898,913.509,968.336,495.925,1211760,19039,0,0,539417,19039,0,0,1.5711857133425762,0.0,1.5711857133425762,0.0
permutation,1100,m,reps_no_partition,reps_dfp,reps,,0.9,5000000,1,990,1037.06,716.355682828283,713.238,925.303,1037.06,521.063,1211760,3365,0,0,744044,3365,0,0,0.27769525318544924,0.0,0.27769525318544924,0.0
permutation,1100,m,reps_partition,reps_dfp,reps,-reps_partition_entropy -reps_escalate_threshold 0.5 -reps_warmup_explore_rtts 0.5 -reps_explore_prob 70,0.9,5000000,1,990,962.0,709.0337373737376,705.162,906.002,962.0,526.724,1211760,9420,0,0,768179,9420,0,0,0.7773816597346009,0.0,0.7773816597346009,0.0
permutation,1100,m,fpar_tuned,fpar,oblivious,-threshold 20750 -disable_hop_rtt_normalization,0.9,5000000,2,990,987.739,650.6353101010105,620.319,936.104,987.739,509.645,1211760,19322,0,0,537776,19322,0,0,1.5945401729715456,0.0,1.5945401729715456,0.0
permutation,1100,m,reps_no_partition,reps_dfp,reps,,0.9,5000000,2,990,1002.88,711.4819373737377,710.295,902.879,1002.88,509.082,1211760,2859,0,0,747374,2859,0,0,0.23593780946722123,0.0,0.23593780946722123,0.0
permutation,1100,m,reps_partition,reps_dfp,reps,-reps_partition_entropy -reps_escalate_threshold 0.5 -reps_warmup_explore_rtts 0.5 -reps_explore_prob 70,0.9,5000000,2,990,1045.25,707.8898515151506,703.291,915.492,1045.25,525.111,1211760,9407,0,0,759884,9407,0,0,0.7763088400343302,0.0,0.7763088400343302,0.0
permutation,1100,m,fpar_tuned,fpar,oblivious,-threshold 20750 -disable_hop_rtt_normalization,0.9,5000000,3,990,1005.74,651.8457222222227,624.779,938.336,1005.74,497.262,1211760,18059,0,0,538856,18059,0,0,1.4903116128606324,0.0,1.4903116128606324,0.0
permutation,1100,m,reps_no_partition,reps_dfp,reps,,0.9,5000000,3,990,1096.59,713.9256444444455,712.852,907.491,1096.59,527.909,1211760,3275,0,0,742186,3275,0,0,0.270268039875883,0.0,0.270268039875883,0.0
permutation,1100,m,reps_partition,reps_dfp,reps,-reps_partition_entropy -reps_escalate_threshold 0.5 -reps_warmup_explore_rtts 0.5 -reps_explore_prob 70,0.9,5000000,3,990,1135.97,710.558820202021,708.195,933.355,1135.97,542.129,1211760,9304,0,0,761537,9304,0,0,0.7678088070244933,0.0,0.7678088070244933,0.0
permutation,1100,m,fpar_tuned,fpar,oblivious,-threshold 20750 -disable_hop_rtt_normalization,0.9,5000000,4,990,978.146,649.6333040404037,630.025,881.283,978.146,512.34,1211760,18847,0,0,540515,18847,0,0,1.5553409916155014,0.0,1.5553409916155014,0.0
permutation,1100,m,reps_no_partition,reps_dfp,reps,,0.9,5000000,4,990,1084.25,717.1279282828286,716.19,930.863,1084.25,522.161,1211760,3641,0,0,743335,3641,0,0,0.3004720406681191,0.0,0.3004720406681191,0.0
permutation,1100,m,reps_partition,reps_dfp,reps,-reps_partition_entropy -reps_escalate_threshold 0.5 -reps_warmup_explore_rtts 0.5 -reps_explore_prob 70,0.9,5000000,4,990,1113.6,713.0845020202016,710.085,926.657,1113.6,518.671,1211760,9652,0,0,765033,9652,0,0,0.7965273651548161,0.0,0.7965273651548161,0.0
permutation,1100,m,fpar_tuned,fpar,oblivious,-threshold 20750 -disable_hop_rtt_normalization,0.9,5000000,5,990,1023.58,651.8754676767671,617.97,950.301,1023.58,517.296,1211760,17726,0,0,537094,17726,0,0,1.4628309236152373,0.0,1.4628309236152373,0.0
permutation,1100,m,reps_no_partition,reps_dfp,reps,,0.9,5000000,5,990,1014.23,715.9733313131318,715.778,896.716,1014.23,517.981,1211760,3283,0,0,753076,3283,0,0,0.2709282366145111,0.0,0.2709282366145111,0.0
permutation,1100,m,reps_partition,reps_dfp,reps,-reps_partition_entropy -reps_escalate_threshold 0.5 -reps_warmup_explore_rtts 0.5 -reps_explore_prob 70,0.9,5000000,5,990,1039.73,710.4562787878789,704.447,965.14,1039.73,543.769,1211760,9408,0,0,763479,9408,0,0,0.7763913646266587,0.0,0.7763913646266587,0.0
permutation,1100,m,fpar_tuned,fpar,oblivious,-threshold 20750 -disable_hop_rtt_normalization,0.9,10000000,1,990,1895.71,1269.5090464646469,1242.54,1700.7,1895.71,983.486,2423520,26709,0,0,1047673,26709,0,0,1.1020746682511389,0.0,1.1020746682511389,0.0
permutation,1100,m,reps_no_partition,reps_dfp,reps,,0.9,10000000,1,990,1875.26,1404.1868181818193,1398.37,1728.37,1875.26,1038.97,2423520,3560,0,0,1495206,3560,0,0,0.14689377434475473,0.0,0.14689377434475473,0.0
permutation,1100,m,reps_partition,reps_dfp,reps,-reps_partition_entropy -reps_escalate_threshold 0.5 -reps_warmup_explore_rtts 0.5 -reps_explore_prob 70,0.9,10000000,1,990,1932.63,1397.6485454545436,1394.8,1737.41,1932.63,1010.85,2423520,9930,0,0,1529263,9930,0,0,0.4097346009110715,0.0,0.4097346009110715,0.0
permutation,1100,m,fpar_tuned,fpar,oblivious,-threshold 20750 -disable_hop_rtt_normalization,0.9,10000000,2,990,1920.19,1268.6255707070704,1231.94,1699.83,1920.19,984.424,2423520,28028,0,0,1045463,28028,0,0,1.1564996368917937,0.0,1.1564996368917937,0.0
permutation,1100,m,reps_no_partition,reps_dfp,reps,,0.9,10000000,2,990,1843.06,1397.6835151515147,1393.97,1705.71,1843.06,1030.97,2423520,3215,0,0,1502940,3215,0,0,0.1326582821680861,0.0,0.1326582821680861,0.0
permutation,1100,m,reps_partition,reps_dfp,reps,-reps_partition_entropy -reps_escalate_threshold 0.5 -reps_warmup_explore_rtts 0.5 -reps_explore_prob 70,0.9,10000000,2,990,1906.06,1394.6707737373736,1392.36,1731.43,1906.06,996.496,2423520,10048,0,0,1514363,10048,0,0,0.4146035518584538,0.0,0.4146035518584538,0.0
permutation,1100,m,fpar_tuned,fpar,oblivious,-threshold 20750 -disable_hop_rtt_normalization,0.9,10000000,3,990,1757.62,1278.482613131313,1261.08,1630.13,1757.62,989.091,2423520,28408,0,0,1053707,28408,0,0,1.1721793094342114,0.0,1.1721793094342114,0.0
permutation,1100,m,reps_no_partition,reps_dfp,reps,,0.9,10000000,3,990,1999.82,1399.836575757578,1395.86,1721.3,1999.82,1042.94,2423520,3559,0,0,1489652,3559,0,0,0.14685251204859048,0.0,0.14685251204859048,0.0
permutation,1100,m,reps_partition,reps_dfp,reps,-reps_partition_entropy -reps_escalate_threshold 0.5 -reps_warmup_explore_rtts 0.5 -reps_explore_prob 70,0.9,10000000,3,990,2164.22,1395.120262626263,1392.55,1798.26,2164.22,1060.9,2423520,9799,0,0,1510478,9799,0,0,0.4043292401135538,0.0,0.4043292401135538,0.0
permutation,1100,m,fpar_tuned,fpar,oblivious,-threshold 20750 -disable_hop_rtt_normalization,0.9,10000000,4,990,1768.16,1268.1690464646483,1249.9,1695.65,1768.16,998.026,2423520,28010,0,0,1045203,28010,0,0,1.1557569155608372,0.0,1.1557569155608372,0.0
permutation,1100,m,reps_no_partition,reps_dfp,reps,,0.9,10000000,4,990,1900.77,1404.8255353535358,1408.98,1762.63,1900.77,1046.73,2423520,3955,0,0,1491781,3955,0,0,0.16319238132963623,0.0,0.16319238132963623,0.0
permutation,1100,m,reps_partition,reps_dfp,reps,-reps_partition_entropy -reps_escalate_threshold 0.5 -reps_warmup_explore_rtts 0.5 -reps_explore_prob 70,0.9,10000000,4,990,2079.49,1402.593988888888,1393.25,1803.98,2079.49,999.259,2423520,10071,0,0,1513657,10071,0,0,0.4155525846702317,0.0,0.4155525846702317,0.0
permutation,1100,m,fpar_tuned,fpar,oblivious,-threshold 20750 -disable_hop_rtt_normalization,0.9,10000000,5,990,1934.79,1270.547323232324,1224.91,1788.87,1934.79,1006.27,2423520,26549,0,0,1041950,26549,0,0,1.0954727008648577,0.0,1.0954727008648577,0.0
permutation,1100,m,reps_no_partition,reps_dfp,reps,,0.9,10000000,5,990,1817.17,1403.5971515151518,1402.99,1706.59,1817.17,1034.55,2423520,3597,0,0,1513147,3597,0,0,0.14842047930283225,0.0,0.14842047930283225,0.0
permutation,1100,m,reps_partition,reps_dfp,reps,-reps_partition_entropy -reps_escalate_threshold 0.5 -reps_warmup_explore_rtts 0.5 -reps_explore_prob 70,0.9,10000000,5,990,2031.56,1397.5258282828288,1391.9,1837.4,2031.56,1048.92,2423520,9988,0,0,1509125,9988,0,0,0.4121278140885984,0.0,0.4121278140885984,0.0
permutation_random,1100,m,fpar_tuned,fpar,oblivious,-threshold 20750 -disable_hop_rtt_normalization,0.6,100000,1,660,43.636,23.771546363636375,22.3403,38.1709,43.636,12.4702,16500,32,0,0,5675,32,0,0,0.19393939393939394,0.0,0.19393939393939394,0.0
permutation_random,1100,m,reps_no_partition,reps_dfp,reps,,0.6,100000,1,660,29.4627,23.91402303030302,24.3072,28.0139,29.4627,12.4702,16500,0,0,0,5098,0,0,0,0.0,0.0,0.0,0.0
permutation_random,1100,m,reps_partition,reps_dfp,reps,-reps_partition_entropy -reps_escalate_threshold 0.5 -reps_warmup_explore_rtts 0.5 -reps_explore_prob 70,0.6,100000,1,660,28.9427,23.70983757575755,23.9867,27.7867,28.9427,12.4702,16500,0,0,0,5109,0,0,0,0.0,0.0,0.0,0.0
permutation_random,1100,m,fpar_tuned,fpar,oblivious,-threshold 20750 -disable_hop_rtt_normalization,0.6,100000,2,660,40.4584,23.170374999999996,22.153,32.1266,40.4584,12.4702,16500,8,0,0,5435,8,0,0,0.048484848484848485,0.0,0.048484848484848485,0.0
permutation_random,1100,m,reps_no_partition,reps_dfp,reps,,0.6,100000,2,660,30.9467,23.780849090909093,24.1296,28.2998,30.9467,12.4702,16500,0,0,0,5114,0,0,0,0.0,0.0,0.0,0.0
permutation_random,1100,m,reps_partition,reps_dfp,reps,-reps_partition_entropy -reps_escalate_threshold 0.5 -reps_warmup_explore_rtts 0.5 -reps_explore_prob 70,0.6,100000,2,660,28.6363,23.507814696969692,23.8181,27.0117,28.6363,12.4702,16500,0,0,0,5113,0,0,0,0.0,0.0,0.0,0.0
permutation_random,1100,m,fpar_tuned,fpar,oblivious,-threshold 20750 -disable_hop_rtt_normalization,0.6,100000,3,660,36.7336,23.704074696969705,22.3357,36.1208,36.7336,12.6462,16500,0,0,0,5616,0,0,0,0.0,0.0,0.0,0.0
permutation_random,1100,m,reps_no_partition,reps_dfp,reps,,0.6,100000,3,660,29.9797,24.052629090909118,24.3056,27.973,29.9797,12.6422,16500,0,0,0,5109,0,0,0,0.0,0.0,0.0,0.0
permutation_random,1100,m,reps_partition,reps_dfp,reps,-reps_partition_entropy -reps_escalate_threshold 0.5 -reps_warmup_explore_rtts 0.5 -reps_explore_prob 70,0.6,100000,3,660,28.7936,23.909357121212132,24.1296,27.7976,28.7936,12.4754,16500,0,0,0,5101,0,0,0,0.0,0.0,0.0,0.0
permutation_random,1100,m,fpar_tuned,fpar,oblivious,-threshold 20750 -disable_hop_rtt_normalization,0.6,100000,4,660,37.9016,23.610177575757564,22.3466,36.0696,37.9016,12.4702,16500,0,0,0,5587,0,0,0,0.0,0.0,0.0,0.0
permutation_random,1100,m,reps_no_partition,reps_dfp,reps,,0.6,100000,4,660,29.9616,24.011002727272743,24.1541,28.2976,29.9616,12.4702,16500,0,0,0,5108,0,0,0,0.0,0.0,0.0,0.0
permutation_random,1100,m,reps_partition,reps_dfp,reps,-reps_partition_entropy -reps_escalate_threshold 0.5 -reps_warmup_explore_rtts 0.5 -reps_explore_prob 70,0.6,100000,4,660,30.6216,23.96131848484848,24.145,28.6216,30.6216,12.4702,16500,0,0,0,5117,0,0,0,0.0,0.0,0.0,0.0
permutation_random,1100,m,fpar_tuned,fpar,oblivious,-threshold 20750 -disable_hop_rtt_normalization,0.6,100000,5,660,38.5587,23.771020606060606,22.1581,36.5736,38.5587,12.6371,16500,1,0,0,5666,1,0,0,0.006060606060606061,0.0,0.006060606060606061,0.0
permutation_random,1100,m,reps_no_partition,reps_dfp,reps,,0.6,100000,5,660,30.9792,23.861614393939377,24.1347,28.2976,30.9792,12.4702,16500,0,0,0,5082,0,0,0,0.0,0.0,0.0,0.0
permutation_random,1100,m,reps_partition,reps_dfp,reps,-reps_partition_entropy -reps_escalate_threshold 0.5 -reps_warmup_explore_rtts 0.5 -reps_explore_prob 70,0.6,100000,5,660,28.6541,23.71805287878789,23.989,27.6307,28.6541,12.4702,16500,0,0,0,5106,0,0,0,0.0,0.0,0.0,0.0
permutation_random,1100,m,fpar_tuned,fpar,oblivious,-threshold 20750 -disable_hop_rtt_normalization,0.6,250000,1,660,89.5563,42.31928181818187,38.1133,77.6246,89.5563,24.6597,40920,1691,0,0,17234,1691,0,0,4.132453567937439,0.0,4.132453567937439,0.0
permutation_random,1100,m,reps_no_partition,reps_dfp,reps,,0.6,250000,1,660,51.5467,39.25696696969699,39.635,48.1485,51.5467,24.6597,40920,0,0,0,12445,0,0,0,0.0,0.0,0.0,0.0
permutation_random,1100,m,reps_partition,reps_dfp,reps,-reps_partition_entropy -reps_escalate_threshold 0.5 -reps_warmup_explore_rtts 0.5 -reps_explore_prob 70,0.6,250000,1,660,46.5781,38.073289545454564,38.1133,45.6202,46.5781,24.6597,40920,0,0,0,12222,0,0,0,0.0,0.0,0.0,0.0
permutation_random,1100,m,fpar_tuned,fpar,oblivious,-threshold 20750 -disable_hop_rtt_normalization,0.6,250000,2,660,85.341,40.665016818181854,37.647,66.1341,85.341,24.6597,40920,975,0,0,16054,975,0,0,2.3826979472140764,0.0,2.3826979472140764,0.0
permutation_random,1100,m,reps_no_partition,reps_dfp,reps,,0.6,250000,2,660,46.3115,38.9153977272727,39.3242,44.7949,46.3115,24.6597,40920,0,0,0,12322,0,0,0,0.0,0.0,0.0,0.0
permutation_random,1100,m,reps_partition,reps_dfp,reps,-reps_partition_entropy -reps_escalate_threshold 0.5 -reps_warmup_explore_rtts 0.5 -reps_explore_prob 70,0.6,250000,2,660,46.3115,37.529190757575776,37.647,44.393,46.3115,24.6597,40920,0,0,0,12038,0,0,0,0.0,0.0,0.0,0.0
permutation_random,1100,m,fpar_tuned,fpar,oblivious,-threshold 20750 -disable_hop_rtt_normalization,0.6,250000,3,660,75.1203,42.213363333333355,39.1338,71.7806,75.1203,24.716,40920,1444,0,0,16990,1444,0,0,3.5288367546432062,0.0,3.5288367546432062,0.0
permutation_random,1100,m,reps_no_partition,reps_dfp,reps,,0.6,250000,3,660,46.279,39.61217090909091,40.0302,44.9795,46.279,24.9866,40920,0,0,0,12659,0,0,0,0.0,0.0,0.0,0.0
permutation_random,1100,m,reps_partition,reps_dfp,reps,-reps_partition_entropy -reps_escalate_threshold 0.5 -reps_warmup_explore_rtts 0.5 -reps_explore_prob 70,0.6,250000,3,660,44.8976,38.58776863636361,38.9096,43.6549,44.8976,24.9598,40920,0,0,0,12303,0,0,0,0.0,0.0,0.0,0.0
permutation_random,1100,m,fpar_tuned,fpar,oblivious,-threshold 20750 -disable_hop_rtt_normalization,0.6,250000,4,660,73.6878,41.3086540909091,37.356,71.7502,73.6878,24.6904,40920,1282,0,0,16548,1282,0,0,3.1329423264907135,0.0,3.1329423264907135,0.0
permutation_random,1100,m,reps_no_partition,reps_dfp,reps,,0.6,250000,4,660,48.3507,40.122703030303015,40.3758,47.3814,48.3507,24.6802,40920,0,0,0,12745,0,0,0,0.0,0.0,0.0,0.0
permutation_random,1100,m,reps_partition,reps_dfp,reps,-reps_partition_entropy -reps_escalate_threshold 0.5 -reps_warmup_explore_rtts 0.5 -reps_explore_prob 70,0.6,250000,4,660,49.2107,38.565789696969695,38.5856,47.2147,49.2107,24.6802,40920,0,0,0,12317,0,0,0,0.0,0.0,0.0,0.0
permutation_random,1100,m,fpar_tuned,fpar,oblivious,-threshold 20750 -disable_hop_rtt_normalization,0.6,250000,5,660,76.0107,42.24521666666669,37.92,72.8918,76.0107,24.961,40920,1737,0,0,17089,1737,0,0,4.244868035190616,0.0,4.244868035190616,0.0
permutation_random,1100,m,reps_no_partition,reps_dfp,reps,,0.6,250000,5,660,46.245,39.3994390909091,39.9147,45.2008,46.245,24.7006,40920,0,0,0,12563,0,0,0,0.0,0.0,0.0,0.0
permutation_random,1100,m,reps_partition,reps_dfp,reps,-reps_partition_entropy -reps_escalate_threshold 0.5 -reps_warmup_explore_rtts 0.5 -reps_explore_prob 70,0.6,250000,5,660,46.311,37.711622727272754,37.9278,44.3178,46.311,24.9445,40920,0,0,0,12135,0,0,0,0.0,0.0,0.0,0.0
permutation_random,1100,m,fpar_tuned,fpar,oblivious,-threshold 20750 -disable_hop_rtt_normalization,0.6,2000000,1,660,693.981,253.76645151515152,198.208,638.724,693.981,166.851,323400,4321,0,0,182055,4321,0,0,1.3361162646876932,0.0,1.3361162646876932,0.0
permutation_random,1100,m,reps_no_partition,reps_dfp,reps,,0.6,2000000,1,660,222.51,200.76794545454564,203.256,218.01,222.51,166.851,323400,43,0,0,123924,43,0,0,0.013296227581941867,0.0,0.013296227581941867,0.0
permutation_random,1100,m,reps_partition,reps_dfp,reps,-reps_partition_entropy -reps_escalate_threshold 0.5 -reps_warmup_explore_rtts 0.5 -reps_explore_prob 70,0.6,2000000,1,660,216.772,189.14537121212135,189.572,204.699,216.772,166.851,323400,2,0,0,109444,2,0,0,0.0006184291898577613,0.0,0.0006184291898577613,0.0
permutation_random,1100,m,fpar_tuned,fpar,oblivious,-threshold 20750 -disable_hop_rtt_normalization,0.6,2000000,2,660,655.039,237.45899393939382,197.646,492.503,655.039,166.851,323400,3647,0,0,176386,3647,0,0,1.1277056277056277,0.0,1.1277056277056277,0.0
permutation_random,1100,m,reps_no_partition,reps_dfp,reps,,0.6,2000000,2,660,217.376,200.74161515151496,203.306,213.444,217.376,166.851,323400,3,0,0,123221,3,0,0,0.0009276437847866419,0.0,0.0009276437847866419,0.0
permutation_random,1100,m,reps_partition,reps_dfp,reps,-reps_partition_entropy -reps_escalate_threshold 0.5 -reps_warmup_explore_rtts 0.5 -reps_explore_prob 70,0.6,2000000,2,660,205.667,189.00354242424245,189.899,202.642,205.667,166.851,323400,15,0,0,109474,15,0,0,0.00463821892393321,0.0,0.00463821892393321,0.0
permutation_random,1100,m,fpar_tuned,fpar,oblivious,-threshold 20750 -disable_hop_rtt_normalization,0.6,2000000,3,660,539.923,248.93793636363628,200.752,514.823,539.923,168.222,323400,4104,0,0,183389,4104,0,0,1.269016697588126,0.0,1.269016697588126,0.0
permutation_random,1100,m,reps_no_partition,reps_dfp,reps,,0.6,2000000,3,660,223.383,204.01303484848495,205.941,220.66,223.383,167.743,323400,46,0,0,129152,46,0,0,0.01422387136672851,0.0,0.01422387136672851,0.0
permutation_random,1100,m,reps_partition,reps_dfp,reps,-reps_partition_entropy -reps_escalate_threshold 0.5 -reps_warmup_explore_rtts 0.5 -reps_explore_prob 70,0.6,2000000,3,660,211.523,191.5483499999999,192.359,206.687,211.523,167.738,323400,74,0,0,112350,74,0,0,0.022881880024737167,0.0,0.022881880024737167,0.0
permutation_random,1100,m,fpar_tuned,fpar,oblivious,-threshold 20750 -disable_hop_rtt_normalization,0.6,2000000,4,660,674.754,245.53307424242396,199.426,526.275,674.754,167.693,323400,3780,0,0,180245,3780,0,0,1.1688311688311688,0.0,1.1688311688311688,0.0
permutation_random,1100,m,reps_no_partition,reps_dfp,reps,,0.6,2000000,4,660,228.021,204.66095303030306,206.168,223.094,228.021,167.64,323400,86,0,0,128977,86,0,0,0.026592455163883734,0.0,0.026592455163883734,0.0
permutation_random,1100,m,reps_partition,reps_dfp,reps,-reps_partition_entropy -reps_escalate_threshold 0.5 -reps_warmup_explore_rtts 0.5 -reps_explore_prob 70,0.6,2000000,4,660,224.349,191.7904484848485,191.565,218.364,224.349,167.771,323400,11,0,0,112497,11,0,0,0.003401360544217687,0.0,0.003401360544217687,0.0
permutation_random,1100,m,fpar_tuned,fpar,oblivious,-threshold 20750 -disable_hop_rtt_normalization,0.6,2000000,5,660,633.11,252.7118454545455,198.319,549.325,633.11,167.901,323400,4450,0,0,182080,4450,0,0,1.3760049474335188,0.0,1.3760049474335188,0.0
permutation_random,1100,m,reps_no_partition,reps_dfp,reps,,0.6,2000000,5,660,223.43,201.6902378787878,204.138,218.284,223.43,167.801,323400,26,0,0,126591,26,0,0,0.008039579468150896,0.0,0.008039579468150896,0.0
permutation_random,1100,m,reps_partition,reps_dfp,reps,-reps_partition_entropy -reps_escalate_threshold 0.5 -reps_warmup_explore_rtts 0.5 -reps_explore_prob 70,0.6,2000000,5,660,213.755,189.88217575757577,190.09,207.456,213.755,167.732,323400,2,0,0,111524,2,0,0,0.0006184291898577613,0.0,0.0006184291898577613,0.0
permutation_random,1100,m,fpar_tuned,fpar,oblivious,-threshold 20750 -disable_hop_rtt_normalization,0.6,5000000,1,660,1700.47,615.5778151515148,475.953,1538.66,1700.47,410.609,807840,4791,0,0,472578,4791,0,0,0.5930629827688652,0.0,0.5930629827688652,0.0
permutation_random,1100,m,reps_no_partition,reps_dfp,reps,,0.6,5000000,1,660,549.353,476.6035378787874,480.816,525.016,549.353,410.609,807840,213,0,0,312499,213,0,0,0.02636660724896019,0.0,0.02636660724896019,0.0
permutation_random,1100,m,reps_partition,reps_dfp,reps,-reps_partition_entropy -reps_escalate_threshold 0.5 -reps_warmup_explore_rtts 0.5 -reps_explore_prob 70,0.6,5000000,1,660,544.196,449.96863030303064,449.447,489.651,544.196,410.609,807840,12,0,0,277647,12,0,0,0.0014854426619132501,0.0,0.0014854426619132501,0.0
permutation_random,1100,m,fpar_tuned,fpar,oblivious,-threshold 20750 -disable_hop_rtt_normalization,0.6,5000000,2,660,1633.14,576.9216303030305,473.996,1213.34,1633.14,410.609,807840,4042,0,0,460985,4042,0,0,0.5003466032877798,0.0,0.5003466032877798,0.0
permutation_random,1100,m,reps_no_partition,reps_dfp,reps,,0.6,5000000,2,660,548.674,476.7947999999996,482.422,507.382,548.674,410.609,807840,47,0,0,312513,47,0,0,0.00581798375916023,0.0,0.00581798375916023,0.0
permutation_random,1100,m,reps_partition,reps_dfp,reps,-reps_partition_entropy -reps_escalate_threshold 0.5 -reps_warmup_explore_rtts 0.5 -reps_explore_prob 70,0.6,5000000,2,660,502.405,450.9084651515155,451.276,487.722,502.405,410.609,807840,28,0,0,280311,28,0,0,0.0034660328777975837,0.0,0.0034660328777975837,0.0
permutation_random,1100,m,fpar_tuned,fpar,oblivious,-threshold 20750 -disable_hop_rtt_normalization,0.6,5000000,3,660,1348.15,606.4524893939392,479.704,1264.99,1348.15,413.666,807840,4405,0,0,479962,4405,0,0,0.5452812438106556,0.0,0.5452812438106556,0.0
permutation_random,1100,m,reps_no_partition,reps_dfp,reps,,0.6,5000000,3,660,538.15,483.3582106060617,487.851,524.308,538.15,412.959,807840,139,0,0,325678,139,0,0,0.017206377500495147,0.0,0.017206377500495147,0.0
permutation_random,1100,m,reps_partition,reps_dfp,reps,-reps_partition_entropy -reps_escalate_threshold 0.5 -reps_warmup_explore_rtts 0.5 -reps_explore_prob 70,0.6,5000000,3,660,516.823,457.4464939393941,457.895,501.863,516.823,412.954,807840,152,0,0,288598,152,0,0,0.01881560705090117,0.0,0.01881560705090117,0.0
permutation_random,1100,m,fpar_tuned,fpar,oblivious,-threshold 20750 -disable_hop_rtt_normalization,0.6,5000000,4,660,1699.35,598.4610515151513,481.186,1302.65,1699.35,412.641,807840,4192,0,0,472888,4192,0,0,0.5189146365616953,0.0,0.5189146365616953,0.0
permutation_random,1100,m,reps_no_partition,reps_dfp,reps,,0.6,5000000,4,660,563.82,484.47225303030274,486.097,541.004,563.82,412.825,807840,177,0,0,325541,177,0,0,0.02191027926322044,0.0,0.02191027926322044,0.0
permutation_random,1100,m,reps_partition,reps_dfp,reps,-reps_partition_entropy -reps_escalate_threshold 0.5 -reps_warmup_explore_rtts 0.5 -reps_explore_prob 70,0.6,5000000,4,660,644.261,456.76719848484845,454.261,515.098,644.261,412.973,807840,31,0,0,288684,31,0,0,0.003837393543275896,0.0,0.003837393543275896,0.0
permutation_random,1100,m,fpar_tuned,fpar,oblivious,-threshold 20750 -disable_hop_rtt_normalization,0.6,5000000,5,660,1610.66,614.2617606060595,477.126,1401.39,1610.66,413.062,807840,4830,0,0,475059,4830,0,0,0.5978906714200832,0.0,0.5978906714200832,0.0
permutation_random,1100,m,reps_no_partition,reps_dfp,reps,,0.6,5000000,5,660,548.334,478.4569333333333,482.921,518.692,548.334,413.01,807840,50,0,0,319443,50,0,0,0.0061893444246385425,0.0,0.0061893444246385425,0.0
permutation_random,1100,m,reps_partition,reps_dfp,reps,-reps_partition_entropy -reps_escalate_threshold 0.5 -reps_warmup_explore_rtts 0.5 -reps_explore_prob 70,0.6,5000000,5,660,518.059,451.66735454545466,450.137,498.687,518.059,412.804,807840,8,0,0,283468,8,0,0,0.0009902951079421667,0.0,0.0009902951079421667,0.0
permutation_random,1100,m,fpar_tuned,fpar,oblivious,-threshold 20750 -disable_hop_rtt_normalization,0.6,10000000,1,660,3407.02,1220.0509257575757,933.784,3091.1,3407.02,816.876,1615680,5273,0,0,958483,5273,0,0,0.3263641315111903,0.0,0.3263641315111903,0.0
permutation_random,1100,m,reps_no_partition,reps_dfp,reps,,0.6,10000000,1,660,1123.39,934.8917212121212,940.883,1047.91,1123.39,816.876,1615680,513,0,0,623499,513,0,0,0.031751336898395724,0.0,0.031751336898395724,0.0
permutation_random,1100,m,reps_partition,reps_dfp,reps,-reps_partition_entropy -reps_escalate_threshold 0.5 -reps_warmup_explore_rtts 0.5 -reps_explore_prob 70,0.6,10000000,1,660,1188.07,888.226157575757,884.441,986.68,1188.07,816.876,1615680,112,0,0,562880,112,0,0,0.0069320657555951674,0.0,0.0069320657555951674,0.0
permutation_random,1100,m,fpar_tuned,fpar,oblivious,-threshold 20750 -disable_hop_rtt_normalization,0.6,10000000,2,660,3292.5,1143.9901787878791,937.993,2433.72,3292.5,816.876,1615680,4750,0,0,936614,4750,0,0,0.29399386017033075,0.0,0.29399386017033075,0.0
permutation_random,1100,m,reps_no_partition,reps_dfp,reps,,0.6,10000000,2,660,1134.66,935.9265621212118,945.04,995.076,1134.66,816.876,1615680,117,0,0,625860,117,0,0,0.007241532976827094,0.0,0.007241532976827094,0.0
permutation_random,1100,m,reps_partition,reps_dfp,reps,-reps_partition_entropy -reps_escalate_threshold 0.5 -reps_warmup_explore_rtts 0.5 -reps_explore_prob 70,0.6,10000000,2,660,999.887,892.508950000001,891.891,970.169,999.887,816.876,1615680,98,0,0,571286,98,0,0,0.006065557536145771,0.0,0.006065557536145771,0.0
permutation_random,1100,m,fpar_tuned,fpar,oblivious,-threshold 20750 -disable_hop_rtt_normalization,0.6,10000000,3,660,2684.92,1197.7456803030302,949.854,2512.67,2684.92,822.769,1615680,4919,0,0,969508,4919,0,0,0.3044538522479699,0.0,0.3044538522479699,0.0
permutation_random,1100,m,reps_no_partition,reps_dfp,reps,,0.6,10000000,3,660,1115.66,949.4470015151518,956.764,1040.33,1115.66,821.242,1615680,300,0,0,651251,300,0,0,0.018568033273915627,0.0,0.018568033273915627,0.0
permutation_random,1100,m,reps_partition,reps_dfp,reps,-reps_partition_entropy -reps_escalate_threshold 0.5 -reps_warmup_explore_rtts 0.5 -reps_explore_prob 70,0.6,10000000,3,660,1049.84,906.609093939393,906.131,1030.86,1049.84,821.33,1615680,453,0,0,590068,453,0,0,0.028037730243612596,0.0,0.028037730243612596,0.0
permutation_random,1100,m,fpar_tuned,fpar,oblivious,-threshold 20750 -disable_hop_rtt_normalization,0.6,10000000,4,660,3192.22,1184.827606060607,942.561,2638.79,3192.22,821.0,1615680,4783,0,0,960321,4783,0,0,0.29603634383046146,0.0,0.29603634383046146,0.0
permutation_random,1100,m,reps_no_partition,reps_dfp,reps,,0.6,10000000,4,660,1181.12,950.9696803030303,951.512,1078.27,1181.12,821.492,1615680,363,0,0,650501,363,0,0,0.02246732026143791,0.0,0.02246732026143791,0.0
permutation_random,1100,m,reps_partition,reps_dfp,reps,-reps_partition_entropy -reps_escalate_threshold 0.5 -reps_warmup_explore_rtts 0.5 -reps_explore_prob 70,0.6,10000000,4,660,1225.32,905.3167151515154,898.758,1032.0,1225.32,821.213,1615680,93,0,0,590844,93,0,0,0.005756090314913844,0.0,0.005756090314913844,0.0
permutation_random,1100,m,fpar_tuned,fpar,oblivious,-threshold 20750 -disable_hop_rtt_normalization,0.6,10000000,5,660,3204.55,1213.9088257575759,939.206,2825.08,3204.55,822.091,1615680,5356,0,0,958667,5356,0,0,0.3315012873836403,0.0,0.3315012873836403,0.0
permutation_random,1100,m,reps_no_partition,reps_dfp,reps,,0.6,10000000,5,660,1083.91,939.3691363636369,947.199,1031.27,1083.91,821.958,1615680,137,0,0,638624,137,0,0,0.008479401861754802,0.0,0.008479401861754802,0.0
permutation_random,1100,m,reps_partition,reps_dfp,reps,-reps_partition_entropy -reps_escalate_threshold 0.5 -reps_warmup_explore_rtts 0.5 -reps_explore_prob 70,0.6,10000000,5,660,1089.09,893.7240909090912,889.74,1010.89,1089.09,821.56,1615680,69,0,0,576582,69,0,0,0.004270647653000594,0.0,0.004270647653000594,0.0
permutation_random,1100,m,fpar_tuned,fpar,oblivious,-threshold 20750 -disable_hop_rtt_normalization,0.7,100000,1,770,43.2989,24.402341168831196,22.977,39.3934,43.2989,12.4702,19250,35,0,0,6684,35,0,0,0.18181818181818182,0.0,0.18181818181818182,0.0
permutation_random,1100,m,reps_no_partition,reps_dfp,reps,,0.7,100000,1,770,29.961,24.59851311688311,24.9776,29.2787,29.961,12.4702,19250,0,0,0,6004,0,0,0,0.0,0.0,0.0,0.0
permutation_random,1100,m,reps_partition,reps_dfp,reps,-reps_partition_entropy -reps_escalate_threshold 0.5 -reps_warmup_explore_rtts 0.5 -reps_explore_prob 70,0.7,100000,1,770,31.0082,24.624919610389604,24.9696,30.007,31.0082,12.4702,19250,0,0,0,6020,0,0,0,0.0,0.0,0.0,0.0
permutation_random,1100,m,fpar_tuned,fpar,oblivious,-threshold 20750 -disable_hop_rtt_normalization,0.7,100000,2,770,38.2654,23.821413766233785,22.821,34.5816,38.2654,12.4702,19250,0,0,0,6460,0,0,0,0.0,0.0,0.0,0.0
permutation_random,1100,m,reps_no_partition,reps_dfp,reps,,0.7,100000,2,770,29.8374,24.645594415584398,25.1296,28.6427,29.8374,12.4702,19250,0,0,0,6011,0,0,0,0.0,0.0,0.0,0.0
permutation_random,1100,m,reps_partition,reps_dfp,reps,-reps_partition_entropy -reps_escalate_threshold 0.5 -reps_warmup_explore_rtts 0.5 -reps_explore_prob 70,0.7,100000,2,770,33.1334,24.708407662337674,25.0003,30.8054,33.1334,12.4702,19250,0,0,0,6048,0,0,0,0.0,0.0,0.0,0.0
permutation_random,1100,m,fpar_tuned,fpar,oblivious,-threshold 20750 -disable_hop_rtt_normalization,0.7,100000,3,770,40.951,24.010005584415588,22.6501,37.2427,40.951,12.4702,19250,13,0,0,6568,13,0,0,0.06753246753246753,0.0,0.06753246753246753,0.0
permutation_random,1100,m,reps_no_partition,reps_dfp,reps,,0.7,100000,3,770,30.7901,25.164046883116878,25.4718,28.9563,30.7901,12.4702,19250,0,0,0,6033,0,0,0,0.0,0.0,0.0,0.0
permutation_random,1100,m,reps_partition,reps_dfp,reps,-reps_partition_entropy -reps_escalate_threshold 0.5 -reps_warmup_explore_rtts 0.5 -reps_explore_prob 70,0.7,100000,3,770,31.965,25.0456031168831,25.317,29.7736,31.965,12.4702,19250,0,0,0,6075,0,0,0,0.0,0.0,0.0,0.0
permutation_random,1100,m,fpar_tuned,fpar,oblivious,-threshold 20750 -disable_hop_rtt_normalization,0.7,100000,4,770,42.6093,23.921524545454535,22.817,33.8816,42.6093,12.4702,19250,14,0,0,6477,14,0,0,0.07272727272727272,0.0,0.07272727272727272,0.0
permutation_random,1100,m,reps_no_partition,reps_dfp,reps,,0.7,100000,4,770,31.6027,25.14834233766231,25.4627,30.1403,31.6027,12.4702,19250,0,0,0,6098,0,0,0,0.0,0.0,0.0,0.0
permutation_random,1100,m,reps_partition,reps_dfp,reps,-reps_partition_entropy -reps_escalate_threshold 0.5 -reps_warmup_explore_rtts 0.5 -reps_explore_prob 70,0.7,100000,4,770,30.4496,24.84529740259744,25.141,29.321,30.4496,12.4702,19250,0,0,0,6042,0,0,0,0.0,0.0,0.0,0.0
permutation_random,1100,m,fpar_tuned,fpar,oblivious,-threshold 20750 -disable_hop_rtt_normalization,0.7,100000,5,770,43.9646,24.19717363636361,22.8016,37.8896,43.9646,12.4754,19250,20,0,0,6670,20,0,0,0.1038961038961039,0.0,0.1038961038961039,0.0
permutation_random,1100,m,reps_no_partition,reps_dfp,reps,,0.7,100000,5,770,30.5958,24.80540051948053,25.1603,29.6256,30.5958,12.4754,19250,0,0,0,6041,0,0,0,0.0,0.0,0.0,0.0
permutation_random,1100,m,reps_partition,reps_dfp,reps,-reps_partition_entropy -reps_escalate_threshold 0.5 -reps_warmup_explore_rtts 0.5 -reps_explore_prob 70,0.7,100000,5,770,31.3094,24.646049610389618,24.969,29.6323,31.3094,12.4702,19250,0,0,0,6051,0,0,0,0.0,0.0,0.0,0.0
permutation_random,1100,m,fpar_tuned,fpar,oblivious,-threshold 20750 -disable_hop_rtt_normalization,0.7,250000,1,770,88.9986,43.442670519480494,40.6118,76.5782,88.9986,24.6853,47740,1938,0,0,19889,1938,0,0,4.059488898198576,0.0,4.059488898198576,0.0
permutation_random,1100,m,reps_no_partition,reps_dfp,reps,,0.7,250000,1,770,51.0016,41.87375272727275,42.627,49.1786,51.0016,24.6802,47740,0,0,0,16461,0,0,0,0.0,0.0,0.0,0.0
permutation_random,1100,m,reps_partition,reps_dfp,reps,-reps_partition_entropy -reps_escalate_threshold 0.5 -reps_warmup_explore_rtts 0.5 -reps_explore_prob 70,0.7,250000,1,770,51.1336,40.28746999999997,40.639,48.7339,51.1336,24.6853,47740,2,0,0,15534,2,0,0,0.0041893590280687055,0.0,0.0041893590280687055,0.0
permutation_random,1100,m,fpar_tuned,fpar,oblivious,-threshold 20750 -disable_hop_rtt_normalization,0.7,250000,2,770,74.5826,42.61829103896105,40.2626,66.4086,74.5826,24.6853,47740,1390,0,0,19583,1390,0,0,2.91160452450775,0.0,2.91160452450775,0.0
permutation_random,1100,m,reps_no_partition,reps_dfp,reps,,0.7,250000,2,770,51.5387,42.03282142857145,42.7038,49.2056,51.5387,24.6853,47740,0,0,0,16430,0,0,0,0.0,0.0,0.0,0.0
permutation_random,1100,m,reps_partition,reps_dfp,reps,-reps_partition_entropy -reps_escalate_threshold 0.5 -reps_warmup_explore_rtts 0.5 -reps_explore_prob 70,0.7,250000,2,770,51.0872,40.21933740259738,40.631,48.2261,51.0872,24.6802,47740,0,0,0,15361,0,0,0,0.0,0.0,0.0,0.0
permutation_random,1100,m,fpar_tuned,fpar,oblivious,-threshold 20750 -disable_hop_rtt_normalization,0.7,250000,3,770,81.5114,43.02909025974025,40.576,72.6549,81.5114,24.6853,47740,1659,0,0,19838,1659,0,0,3.4750733137829912,0.0,3.4750733137829912,0.0
permutation_random,1100,m,reps_no_partition,reps_dfp,reps,,0.7,250000,3,770,49.6122,42.504552337662325,43.2347,48.0136,49.6122,24.6853,47740,0,0,0,17145,0,0,0,0.0,0.0,0.0,0.0
permutation_random,1100,m,reps_partition,reps_dfp,reps,-reps_partition_entropy -reps_escalate_threshold 0.5 -reps_warmup_explore_rtts 0.5 -reps_explore_prob 70,0.7,250000,3,770,50.7544,41.056976233766235,41.3104,48.3365,50.7544,24.6802,47740,0,0,0,15904,0,0,0,0.0,0.0,0.0,0.0
permutation_random,1100,m,fpar_tuned,fpar,oblivious,-threshold 20750 -disable_hop_rtt_normalization,0.7,250000,4,770,87.3334,42.51249116883115,39.3598,68.0112,87.3334,24.6802,47740,1422,0,0,19517,1422,0,0,2.9786342689568497,0.0,2.9786342689568497,0.0
permutation_random,1100,m,reps_no_partition,reps_dfp,reps,,0.7,250000,4,770,54.6064,42.56229246753249,43.2307,51.9322,54.6064,24.6802,47740,3,0,0,16866,3,0,0,0.006284038542103058,0.0,0.006284038542103058,0.0
permutation_random,1100,m,reps_partition,reps_dfp,reps,-reps_partition_entropy -reps_escalate_threshold 0.5 -reps_warmup_explore_rtts 0.5 -reps_explore_prob 70,0.7,250000,4,770,49.5814,40.43774194805196,40.9966,46.3126,49.5814,24.6802,47740,0,0,0,15600,0,0,0,0.0,0.0,0.0,0.0
permutation_random,1100,m,fpar_tuned,fpar,oblivious,-threshold 20750 -disable_hop_rtt_normalization,0.7,250000,5,770,81.6763,43.48149922077926,40.6435,74.8651,81.6763,24.716,47740,2009,0,0,20258,2009,0,0,4.2082111436950145,0.0,4.2082111436950145,0.0
permutation_random,1100,m,reps_no_partition,reps_dfp,reps,,0.7,250000,5,770,50.075,41.5712307792208,42.3155,47.9442,50.075,24.6904,47740,0,0,0,16381,0,0,0,0.0,0.0,0.0,0.0
permutation_random,1100,m,reps_partition,reps_dfp,reps,-reps_partition_entropy -reps_escalate_threshold 0.5 -reps_warmup_explore_rtts 0.5 -reps_explore_prob 70,0.7,250000,5,770,49.6582,40.35214987012986,40.717,47.9862,49.6582,24.9394,47740,1,0,0,15540,1,0,0,0.0020946795140343527,0.0,0.0020946795140343527,0.0
permutation_random,1100,m,fpar_tuned,fpar,oblivious,-threshold 20750 -disable_hop_rtt_normalization,0.7,2000000,1,770,694.79,262.45855844155864,208.556,629.37,694.79,167.621,377300,5969,0,0,221784,5969,0,0,1.5820302146832759,0.0,1.5820302146832759,0.0
permutation_random,1100,m,reps_no_partition,reps_dfp,reps,,0.7,2000000,1,770,270.385,218.69121298701305,222.508,242.604,270.385,167.773,377300,377,0,0,183290,377,0,0,0.09992048767558971,0.0,0.09992048767558971,0.0
permutation_random,1100,m,reps_partition,reps_dfp,reps,-reps_partition_entropy -reps_escalate_threshold 0.5 -reps_warmup_explore_rtts 0.5 -reps_explore_prob 70,0.7,2000000,1,770,238.275,204.16595454545444,206.202,224.508,238.275,167.723,377300,234,0,0,152454,234,0,0,0.0620196130400212,0.0,0.0620196130400212,0.0
permutation_random,1100,m,fpar_tuned,fpar,oblivious,-threshold 20750 -disable_hop_rtt_normalization,0.7,2000000,2,770,650.193,248.21826363636373,204.595,519.425,650.193,167.471,377300,5079,0,0,212554,5079,0,0,1.3461436522661012,0.0,1.3461436522661012,0.0
permutation_random,1100,m,reps_no_partition,reps_dfp,reps,,0.7,2000000,2,770,269.546,220.0078103896102,224.485,240.28,269.546,167.465,377300,461,0,0,185545,461,0,0,0.12218393851046912,0.0,0.12218393851046912,0.0
permutation_random,1100,m,reps_partition,reps_dfp,reps,-reps_partition_entropy -reps_escalate_threshold 0.5 -reps_warmup_explore_rtts 0.5 -reps_explore_prob 70,0.7,2000000,2,770,224.852,205.59269350649376,208.145,223.032,224.852,167.471,377300,205,0,0,156039,205,0,0,0.054333421680360455,0.0,0.054333421680360455,0.0
permutation_random,1100,m,fpar_tuned,fpar,oblivious,-threshold 20750 -disable_hop_rtt_normalization,0.7,2000000,3,770,656.513,253.91299870129856,205.402,519.948,656.513,168.018,377300,5449,0,0,217977,5449,0,0,1.4442088523721177,0.0,1.4442088523721177,0.0
permutation_random,1100,m,reps_no_partition,reps_dfp,reps,,0.7,2000000,3,770,287.075,223.23487012986996,225.952,261.901,287.075,167.913,377300,460,0,0,197259,460,0,0,0.12191889742910152,0.0,0.12191889742910152,0.0
permutation_random,1100,m,reps_partition,reps_dfp,reps,-reps_partition_entropy -reps_escalate_threshold 0.5 -reps_warmup_explore_rtts 0.5 -reps_explore_prob 70,0.7,2000000,3,770,253.443,209.7983415584416,212.222,229.003,253.443,167.765,377300,317,0,0,164814,317,0,0,0.084018022793533,0.0,0.084018022793533,0.0
permutation_random,1100,m,fpar_tuned,fpar,oblivious,-threshold 20750 -disable_hop_rtt_normalization,0.7,2000000,4,770,659.977,256.32288311688313,208.553,594.273,659.977,167.706,377300,5274,0,0,222333,5274,0,0,1.3978266631327856,0.0,1.3978266631327856,0.0
permutation_random,1100,m,reps_no_partition,reps_dfp,reps,,0.7,2000000,4,770,290.769,222.01042597402582,225.393,257.037,290.769,167.874,377300,499,0,0,191205,499,0,0,0.13225549960243838,0.0,0.13225549960243838,0.0
permutation_random,1100,m,reps_partition,reps_dfp,reps,-reps_partition_entropy -reps_escalate_threshold 0.5 -reps_warmup_explore_rtts 0.5 -reps_explore_prob 70,0.7,2000000,4,770,240.08,207.4741792207792,210.171,229.876,240.08,167.82,377300,184,0,0,159142,184,0,0,0.048767558971640604,0.0,0.048767558971640604,0.0
permutation_random,1100,m,fpar_tuned,fpar,oblivious,-threshold 20750 -disable_hop_rtt_normalization,0.7,2000000,5,770,734.034,260.9937389610391,207.06,623.719,734.034,167.89,377300,5661,0,0,220162,5661,0,0,1.5003975616220515,0.0,1.5003975616220515,0.0
permutation_random,1100,m,reps_no_partition,reps_dfp,reps,,0.7,2000000,5,770,259.016,218.60381428571398,222.518,242.817,259.016,168.192,377300,227,0,0,185794,227,0,0,0.06016432547044792,0.0,0.06016432547044792,0.0
permutation_random,1100,m,reps_partition,reps_dfp,reps,-reps_partition_entropy -reps_escalate_threshold 0.5 -reps_warmup_explore_rtts 0.5 -reps_explore_prob 70,0.7,2000000,5,770,233.312,205.46065974025967,207.764,223.177,233.312,168.003,377300,230,0,0,155763,230,0,0,0.06095944871455076,0.0,0.06095944871455076,0.0
permutation_random,1100,m,fpar_tuned,fpar,oblivious,-threshold 20750 -disable_hop_rtt_normalization,0.7,5000000,1,770,1688.19,637.8194168831175,504.87,1575.95,1688.19,412.62,942480,6397,0,0,568270,6397,0,0,0.6787411934470758,0.0,0.6787411934470758,0.0
permutation_random,1100,m,reps_no_partition,reps_dfp,reps,,0.7,5000000,1,770,756.648,518.6011012987011,519.763,650.57,756.648,413.076,942480,492,0,0,443461,492,0,0,0.05220269926152279,0.0,0.05220269926152279,0.0
permutation_random,1100,m,reps_partition,reps_dfp,reps,-reps_partition_entropy -reps_escalate_threshold 0.5 -reps_warmup_explore_rtts 0.5 -reps_explore_prob 70,0.7,5000000,1,770,830.02,499.0358818181821,497.928,640.562,830.02,412.989,942480,746,0,0,406000,746,0,0,0.07915287327052033,0.0,0.07915287327052033,0.0
permutation_random,1100,m,fpar_tuned,fpar,oblivious,-threshold 20750 -disable_hop_rtt_normalization,0.7,5000000,2,770,1643.23,604.614588311689,493.316,1270.79,1643.23,412.166,942480,5610,0,0,555672,5610,0,0,0.5952380952380952,0.0,0.5952380952380952,0.0
permutation_random,1100,m,reps_no_partition,reps_dfp,reps,,0.7,5000000,2,770,763.316,521.9094987012988,524.879,639.412,763.316,412.166,942480,742,0,0,449681,742,0,0,0.07872846108140226,0.0,0.07872846108140226,0.0
permutation_random,1100,m,reps_partition,reps_dfp,reps,-reps_partition_entropy -reps_escalate_threshold 0.5 -reps_warmup_explore_rtts 0.5 -reps_explore_prob 70,0.7,5000000,2,770,680.701,503.91465714285687,504.352,617.806,680.701,412.166,942480,623,0,0,417809,623,0,0,0.06610219845513964,0.0,0.06610219845513964,0.0
permutation_random,1100,m,fpar_tuned,fpar,oblivious,-threshold 20750 -disable_hop_rtt_normalization,0.7,5000000,3,770,1660.89,619.2355129870127,492.111,1308.78,1660.89,412.949,942480,5926,0,0,568738,5926,0,0,0.6287666581784229,0.0,0.6287666581784229,0.0
permutation_random,1100,m,reps_no_partition,reps_dfp,reps,,0.7,5000000,3,770,728.614,529.0116727272724,526.586,666.856,728.614,412.978,942480,610,0,0,468210,610,0,0,0.0647228588405059,0.0,0.0647228588405059,0.0
permutation_random,1100,m,reps_partition,reps_dfp,reps,-reps_partition_entropy -reps_escalate_threshold 0.5 -reps_warmup_explore_rtts 0.5 -reps_explore_prob 70,0.7,5000000,3,770,796.676,511.74511688311685,509.003,679.48,796.676,412.83,942480,784,0,0,424803,784,0,0,0.08318478906714201,0.0,0.08318478906714201,0.0
permutation_random,1100,m,fpar_tuned,fpar,oblivious,-threshold 20750 -disable_hop_rtt_normalization,0.7,5000000,4,770,1641.11,621.6084181818179,506.347,1482.78,1641.11,412.196,942480,5806,0,0,577179,5806,0,0,0.6160342925048807,0.0,0.6160342925048807,0.0
permutation_random,1100,m,reps_no_partition,reps_dfp,reps,,0.7,5000000,4,770,767.864,527.2799363636364,525.684,670.159,767.864,413.115,942480,735,0,0,454661,735,0,0,0.07798573975044563,0.0,0.07798573975044563,0.0
permutation_random,1100,m,reps_partition,reps_dfp,reps,-reps_partition_entropy -reps_escalate_threshold 0.5 -reps_warmup_explore_rtts 0.5 -reps_explore_prob 70,0.7,5000000,4,770,746.149,507.3571194805198,504.364,656.599,746.149,412.908,942480,630,0,0,418703,630,0,0,0.06684491978609626,0.0,0.06684491978609626,0.0
permutation_random,1100,m,fpar_tuned,fpar,oblivious,-threshold 20750 -disable_hop_rtt_normalization,0.7,5000000,5,770,1926.45,636.7755701298695,492.31,1505.69,1926.45,412.994,942480,6144,0,0,571878,6144,0,0,0.6518971224853578,0.0,0.6518971224853578,0.0
permutation_random,1100,m,reps_no_partition,reps_dfp,reps,,0.7,5000000,5,770,698.622,518.8554324675324,522.248,645.038,698.622,413.49,942480,325,0,0,451234,325,0,0,0.034483490365843306,0.0,0.034483490365843306,0.0
permutation_random,1100,m,reps_partition,reps_dfp,reps,-reps_partition_entropy -reps_escalate_threshold 0.5 -reps_warmup_explore_rtts 0.5 -reps_explore_prob 70,0.7,5000000,5,770,699.726,501.1713961038962,499.947,627.163,699.726,413.187,942480,681,0,0,411274,681,0,0,0.07225617519735167,0.0,0.07225617519735167,0.0
permutation_random,1100,m,fpar_tuned,fpar,oblivious,-threshold 20750 -disable_hop_rtt_normalization,0.7,10000000,1,770,3381.03,1264.86695974026,999.396,3134.69,3381.03,820.61,1884960,7147,0,0,1153086,7147,0,0,0.3791592394533571,0.0,0.3791592394533571,0.0
permutation_random,1100,m,reps_no_partition,reps_dfp,reps,,0.7,10000000,1,770,1436.0,1019.5840935064932,1016.25,1264.17,1436.0,821.563,1884960,1023,0,0,869161,1023,0,0,0.05427170868347339,0.0,0.05427170868347339,0.0
permutation_random,1100,m,reps_partition,reps_dfp,reps,-reps_partition_entropy -reps_escalate_threshold 0.5 -reps_warmup_explore_rtts 0.5 -reps_explore_prob 70,0.7,10000000,1,770,1562.41,1002.0949155844163,995.58,1315.54,1562.41,821.927,1884960,1246,0,0,830026,1246,0,0,0.06610219845513964,0.0,0.06610219845513964,0.0
permutation_random,1100,m,fpar_tuned,fpar,oblivious,-threshold 20750 -disable_hop_rtt_normalization,0.7,10000000,2,770,3296.01,1198.0953818181813,975.671,2537.99,3296.01,820.016,1884960,6427,0,0,1127453,6427,0,0,0.34096214243273065,0.0,0.34096214243273065,0.0
permutation_random,1100,m,reps_no_partition,reps_dfp,reps,,0.7,10000000,2,770,1455.22,1025.410171428572,1027.08,1253.71,1455.22,819.994,1884960,1031,0,0,881758,1031,0,0,0.05469612087259146,0.0,0.05469612087259146,0.0
permutation_random,1100,m,reps_partition,reps_dfp,reps,-reps_partition_entropy -reps_escalate_threshold 0.5 -reps_warmup_explore_rtts 0.5 -reps_explore_prob 70,0.7,10000000,2,770,1376.16,1009.187275324675,1006.46,1255.27,1376.16,819.994,1884960,1128,0,0,844036,1128,0,0,0.05984211866564808,0.0,0.05984211866564808,0.0
permutation_random,1100,m,fpar_tuned,fpar,oblivious,-threshold 20750 -disable_hop_rtt_normalization,0.7,10000000,3,770,3336.43,1227.814567532468,974.21,2647.14,3336.43,821.76,1884960,6588,0,0,1154799,6588,0,0,0.3495034377387319,0.0,0.3495034377387319,0.0
permutation_random,1100,m,reps_no_partition,reps_dfp,reps,,0.7,10000000,3,770,1385.6,1040.6302636363632,1031.71,1292.35,1385.6,821.737,1884960,906,0,0,913612,906,0,0,0.048064680417621596,0.0,0.048064680417621596,0.0
permutation_random,1100,m,reps_partition,reps_dfp,reps,-reps_partition_entropy -reps_escalate_threshold 0.5 -reps_warmup_explore_rtts 0.5 -reps_explore_prob 70,0.7,10000000,3,770,1441.28,1026.0056454545452,1014.85,1335.36,1441.28,821.62,1884960,1387,0,0,862432,1387,0,0,0.07358246328834564,0.0,0.07358246328834564,0.0
permutation_random,1100,m,fpar_tuned,fpar,oblivious,-threshold 20750 -disable_hop_rtt_normalization,0.7,10000000,4,770,3249.35,1235.5738610389612,1001.97,2876.02,3249.35,819.84,1884960,6622,0,0,1170744,6622,0,0,0.35130718954248363,0.0,0.35130718954248363,0.0
permutation_random,1100,m,reps_no_partition,reps_dfp,reps,,0.7,10000000,4,770,1404.89,1037.3105532467516,1027.16,1311.79,1404.89,821.722,1884960,1007,0,0,890863,1007,0,0,0.05342288430523725,0.0,0.05342288430523725,0.0
permutation_random,1100,m,reps_partition,reps_dfp,reps,-reps_partition_entropy -reps_escalate_threshold 0.5 -reps_warmup_explore_rtts 0.5 -reps_explore_prob 70,0.7,10000000,4,770,1438.42,1019.2870870129874,1008.01,1300.04,1438.42,821.324,1884960,1178,0,0,852560,1178,0,0,0.06249469484763603,0.0,0.06249469484763603,0.0
permutation_random,1100,m,fpar_tuned,fpar,oblivious,-threshold 20750 -disable_hop_rtt_normalization,0.7,10000000,5,770,3781.36,1258.0952545454554,971.553,3116.15,3781.36,821.374,1884960,6750,0,0,1156363,6750,0,0,0.3580977845683728,0.0,0.3580977845683728,0.0
permutation_random,1100,m,reps_no_partition,reps_dfp,reps,,0.7,10000000,5,770,1329.84,1019.6824480519474,1021.04,1266.06,1329.84,822.372,1884960,431,0,0,885744,431,0,0,0.022865206688736102,0.0,0.022865206688736102,0.0
permutation_random,1100,m,reps_partition,reps_dfp,reps,-reps_partition_entropy -reps_escalate_threshold 0.5 -reps_warmup_explore_rtts 0.5 -reps_explore_prob 70,0.7,10000000,5,770,1380.43,1004.8660857142848,996.698,1265.18,1380.43,822.474,1884960,1278,0,0,837288,1278,0,0,0.06779984721161192,0.0,0.06779984721161192,0.0
permutation_random,1100,m,fpar_tuned,fpar,oblivious,-threshold 20750 -disable_hop_rtt_normalization,0.8,100000,1,880,43.4538,24.623441590909092,23.4861,40.4624,43.4538,12.4702,22000,34,0,0,7611,34,0,0,0.15454545454545454,0.0,0.15454545454545454,0.0
permutation_random,1100,m,reps_no_partition,reps_dfp,reps,,0.8,100000,1,880,31.5144,25.833187954545455,26.3261,30.4427,31.5144,12.4702,22000,0,0,0,7038,0,0,0,0.0,0.0,0.0,0.0
permutation_random,1100,m,reps_partition,reps_dfp,reps,-reps_partition_entropy -reps_escalate_threshold 0.5 -reps_warmup_explore_rtts 0.5 -reps_explore_prob 70,0.8,100000,1,880,31.3112,25.666043409090936,26.2816,30.3163,31.3112,12.4702,22000,0,0,0,7059,0,0,0,0.0,0.0,0.0,0.0
permutation_random,1100,m,fpar_tuned,fpar,oblivious,-threshold 20750 -disable_hop_rtt_normalization,0.8,100000,2,880,39.1048,24.395336477272725,23.4656,34.1146,39.1048,12.4702,22000,3,0,0,7458,3,0,0,0.013636363636363636,0.0,0.013636363636363636,0.0
permutation_random,1100,m,reps_no_partition,reps_dfp,reps,,0.8,100000,2,880,31.8208,25.909686363636357,26.4536,30.9882,31.8208,12.4702,22000,0,0,0,7053,0,0,0,0.0,0.0,0.0,0.0
permutation_random,1100,m,reps_partition,reps_dfp,reps,-reps_partition_entropy -reps_escalate_threshold 0.5 -reps_warmup_explore_rtts 0.5 -reps_explore_prob 70,0.8,100000,2,880,34.4915,25.866645227272723,26.2856,32.8248,34.4915,12.4702,22000,0,0,0,7103,0,0,0,0.0,0.0,0.0,0.0
permutation_random,1100,m,fpar_tuned,fpar,oblivious,-threshold 20750 -disable_hop_rtt_normalization,0.8,100000,3,880,40.7688,24.383360000000028,23.3061,36.0867,40.7688,12.6411,22000,11,0,0,7448,11,0,0,0.05,0.0,0.05,0.0
permutation_random,1100,m,reps_no_partition,reps_dfp,reps,,0.8,100000,3,880,31.7696,26.362939431818166,26.7896,30.6061,31.7696,12.4702,22000,0,0,0,7102,0,0,0,0.0,0.0,0.0,0.0
permutation_random,1100,m,reps_partition,reps_dfp,reps,-reps_partition_entropy -reps_escalate_threshold 0.5 -reps_warmup_explore_rtts 0.5 -reps_explore_prob 70,0.8,100000,3,880,32.2816,26.057486136363668,26.3107,31.1528,32.2816,12.4754,22000,0,0,0,7106,0,0,0,0.0,0.0,0.0,0.0
permutation_random,1100,m,fpar_tuned,fpar,oblivious,-threshold 20750 -disable_hop_rtt_normalization,0.8,100000,4,880,41.2506,24.44240136363633,23.6376,35.4176,41.2506,12.6411,22000,8,0,0,7410,8,0,0,0.03636363636363636,0.0,0.03636363636363636,0.0
permutation_random,1100,m,reps_no_partition,reps_dfp,reps,,0.8,100000,4,880,32.2867,26.214955681818232,26.6256,30.945,32.2867,12.4702,22000,0,0,0,7075,0,0,0,0.0,0.0,0.0,0.0
permutation_random,1100,m,reps_partition,reps_dfp,reps,-reps_partition_entropy -reps_escalate_threshold 0.5 -reps_warmup_explore_rtts 0.5 -reps_explore_prob 70,0.8,100000,4,880,31.965,25.987571250000023,26.3181,30.7627,31.965,12.4702,22000,0,0,0,7103,0,0,0,0.0,0.0,0.0,0.0
permutation_random,1100,m,fpar_tuned,fpar,oblivious,-threshold 20750 -disable_hop_rtt_normalization,0.8,100000,5,880,46.4896,24.97860738636362,23.4707,42.0016,46.4896,12.4754,22000,62,0,0,7861,62,0,0,0.2818181818181818,0.0,0.2818181818181818,0.0
permutation_random,1100,m,reps_no_partition,reps_dfp,reps,,0.8,100000,5,880,33.121,25.858727499999997,26.297,30.9576,33.121,12.6411,22000,0,0,0,7039,0,0,0,0.0,0.0,0.0,0.0
permutation_random,1100,m,reps_partition,reps_dfp,reps,-reps_partition_entropy -reps_escalate_threshold 0.5 -reps_warmup_explore_rtts 0.5 -reps_explore_prob 70,0.8,100000,5,880,31.6523,25.694193181818193,26.1318,30.6643,31.6523,12.4754,22000,0,0,0,7044,0,0,0,0.0,0.0,0.0,0.0
permutation_random,1100,m,fpar_tuned,fpar,oblivious,-threshold 20750 -disable_hop_rtt_normalization,0.8,250000,1,880,93.5506,44.29099374999999,42.041,70.4131,93.5506,24.6853,54560,2025,0,0,22794,2025,0,0,3.7115102639296187,0.0,3.7115102639296187,0.0
permutation_random,1100,m,reps_no_partition,reps_dfp,reps,,0.8,250000,1,880,55.0594,44.98859545454541,46.1342,52.3478,55.0594,24.6802,54560,0,0,0,22476,0,0,0,0.0,0.0,0.0,0.0
permutation_random,1100,m,reps_partition,reps_dfp,reps,-reps_partition_entropy -reps_escalate_threshold 0.5 -reps_warmup_explore_rtts 0.5 -reps_explore_prob 70,0.8,250000,1,880,54.0795,43.0335607954546,43.7579,50.8642,54.0795,24.6802,54560,1,0,0,20149,1,0,0,0.0018328445747800588,0.0,0.0018328445747800588,0.0
permutation_random,1100,m,fpar_tuned,fpar,oblivious,-threshold 20750 -disable_hop_rtt_normalization,0.8,250000,2,880,84.5706,43.81247772727274,42.623,65.923,84.5706,24.6853,54560,1371,0,0,22296,1371,0,0,2.5128299120234603,0.0,2.5128299120234603,0.0
permutation_random,1100,m,reps_no_partition,reps_dfp,reps,,0.8,250000,2,880,53.4667,45.33870704545455,46.4674,52.5318,53.4667,24.6853,54560,0,0,0,22752,0,0,0,0.0,0.0,0.0,0.0
permutation_random,1100,m,reps_partition,reps_dfp,reps,-reps_partition_entropy -reps_escalate_threshold 0.5 -reps_warmup_explore_rtts 0.5 -reps_explore_prob 70,0.8,250000,2,880,54.212,43.694987159090886,44.3342,52.4814,54.212,24.6802,54560,12,0,0,20549,12,0,0,0.021994134897360705,0.0,0.021994134897360705,0.0
permutation_random,1100,m,fpar_tuned,fpar,oblivious,-threshold 20750 -disable_hop_rtt_normalization,0.8,250000,3,880,80.3834,44.19814295454551,42.627,72.691,80.3834,24.9763,54560,1716,0,0,22433,1716,0,0,3.1451612903225805,0.0,3.1451612903225805,0.0
permutation_random,1100,m,reps_no_partition,reps_dfp,reps,,0.8,250000,3,880,54.9925,45.74199840909088,46.5661,52.2872,54.9925,24.7006,54560,0,0,0,23551,0,0,0,0.0,0.0,0.0,0.0
permutation_random,1100,m,reps_partition,reps_dfp,reps,-reps_partition_entropy -reps_escalate_threshold 0.5 -reps_warmup_explore_rtts 0.5 -reps_explore_prob 70,0.8,250000,3,880,52.9413,44.15168772727273,44.6424,52.1197,52.9413,24.6955,54560,0,0,0,20768,0,0,0,0.0,0.0,0.0,0.0
permutation_random,1100,m,fpar_tuned,fpar,oblivious,-threshold 20750 -disable_hop_rtt_normalization,0.8,250000,4,880,82.3432,43.87726590909091,42.305,65.1219,82.3432,24.7058,54560,1350,0,0,22478,1350,0,0,2.474340175953079,0.0,2.474340175953079,0.0
permutation_random,1100,m,reps_no_partition,reps_dfp,reps,,0.8,250000,4,880,57.1984,45.81141761363635,46.6941,52.727,57.1984,24.6955,54560,4,0,0,23093,4,0,0,0.007331378299120235,0.0,0.007331378299120235,0.0
permutation_random,1100,m,reps_partition,reps_dfp,reps,-reps_partition_entropy -reps_escalate_threshold 0.5 -reps_warmup_explore_rtts 0.5 -reps_explore_prob 70,0.8,250000,4,880,53.3376,43.39515102272732,43.909,50.889,53.3376,24.6955,54560,1,0,0,20460,1,0,0,0.0018328445747800588,0.0,0.0018328445747800588,0.0
permutation_random,1100,m,fpar_tuned,fpar,oblivious,-threshold 20750 -disable_hop_rtt_normalization,0.8,250000,5,880,98.0242,45.39018920454545,43.0245,77.8757,98.0242,24.961,54560,2555,0,0,23935,2555,0,0,4.68291788856305,0.0,4.68291788856305,0.0
permutation_random,1100,m,reps_no_partition,reps_dfp,reps,,0.8,250000,5,880,55.8638,44.89815329545452,45.66,53.1157,55.8638,24.6904,54560,0,0,0,22229,0,0,0,0.0,0.0,0.0,0.0
permutation_random,1100,m,reps_partition,reps_dfp,reps,-reps_partition_entropy -reps_escalate_threshold 0.5 -reps_warmup_explore_rtts 0.5 -reps_explore_prob 70,0.8,250000,5,880,52.1819,43.162292840909124,43.905,50.927,52.1819,24.9456,54560,0,0,0,20218,0,0,0,0.0,0.0,0.0,0.0
permutation_random,1100,m,fpar_tuned,fpar,oblivious,-threshold 20750 -disable_hop_rtt_normalization,0.8,2000000,1,880,713.235,268.8643840909094,217.768,627.04,713.235,167.739,431200,7400,0,0,254154,7400,0,0,1.7161410018552876,0.0,1.7161410018552876,0.0
permutation_random,1100,m,reps_no_partition,reps_dfp,reps,,0.8,2000000,1,880,391.65,237.59176590909092,236.895,313.767,391.65,168.01,431200,665,0,0,252016,665,0,0,0.15422077922077923,0.0,0.15422077922077923,0.0
permutation_random,1100,m,reps_partition,reps_dfp,reps,-reps_partition_entropy -reps_escalate_threshold 0.5 -reps_warmup_explore_rtts 0.5 -reps_explore_prob 70,0.8,2000000,1,880,357.369,227.1905431818185,229.038,294.93,357.369,167.814,431200,1083,0,0,230082,1083,0,0,0.2511595547309833,0.0,0.2511595547309833,0.0
permutation_random,1100,m,fpar_tuned,fpar,oblivious,-threshold 20750 -disable_hop_rtt_normalization,0.8,2000000,2,880,668.464,257.6702272727272,212.788,513.935,668.464,167.765,431200,6547,0,0,249732,6547,0,0,1.5183209647495362,0.0,1.5183209647495362,0.0
permutation_random,1100,m,reps_no_partition,reps_dfp,reps,,0.8,2000000,2,880,375.707,240.68588409090887,238.69,323.206,375.707,167.993,431200,920,0,0,252261,920,0,0,0.21335807050092764,0.0,0.21335807050092764,0.0
permutation_random,1100,m,reps_partition,reps_dfp,reps,-reps_partition_entropy -reps_escalate_threshold 0.5 -reps_warmup_explore_rtts 0.5 -reps_explore_prob 70,0.8,2000000,2,880,377.149,229.58448068181826,230.929,301.52,377.149,167.824,431200,993,0,0,236824,993,0,0,0.23028756957328386,0.0,0.23028756957328386,0.0
permutation_random,1100,m,fpar_tuned,fpar,oblivious,-threshold 20750 -disable_hop_rtt_normalization,0.8,2000000,3,880,652.856,258.4186750000001,215.169,516.356,652.856,168.017,431200,6751,0,0,249995,6751,0,0,1.565630797773655,0.0,1.565630797773655,0.0
permutation_random,1100,m,reps_no_partition,reps_dfp,reps,,0.8,2000000,3,880,410.101,244.47479204545462,241.475,331.232,410.101,168.013,431200,794,0,0,260242,794,0,0,0.1841372912801484,0.0,0.1841372912801484,0.0
permutation_random,1100,m,reps_partition,reps_dfp,reps,-reps_partition_entropy -reps_escalate_threshold 0.5 -reps_warmup_explore_rtts 0.5 -reps_explore_prob 70,0.8,2000000,3,880,344.393,233.35114090909067,232.848,319.529,344.393,167.947,431200,1119,0,0,241042,1119,0,0,0.2595083487940631,0.0,0.2595083487940631,0.0
permutation_random,1100,m,fpar_tuned,fpar,oblivious,-threshold 20750 -disable_hop_rtt_normalization,0.8,2000000,4,880,656.859,264.5306306818181,226.659,553.054,656.859,168.079,431200,6863,0,0,259016,6863,0,0,1.591604823747681,0.0,1.591604823747681,0.0
permutation_random,1100,m,reps_no_partition,reps_dfp,reps,,0.8,2000000,4,880,382.847,243.11258750000036,239.617,331.444,382.847,168.044,431200,948,0,0,256468,948,0,0,0.21985157699443414,0.0,0.21985157699443414,0.0
permutation_random,1100,m,reps_partition,reps_dfp,reps,-reps_partition_entropy -reps_escalate_threshold 0.5 -reps_warmup_explore_rtts 0.5 -reps_explore_prob 70,0.8,2000000,4,880,333.104,231.0455238636365,230.988,294.156,333.104,167.819,431200,974,0,0,238988,974,0,0,0.2258812615955473,0.0,0.2258812615955473,0.0
permutation_random,1100,m,fpar_tuned,fpar,oblivious,-threshold 20750 -disable_hop_rtt_normalization,0.8,2000000,5,880,801.888,273.1758352272726,219.579,655.974,801.888,167.865,431200,7797,0,0,260497,7797,0,0,1.8082096474953617,0.0,1.8082096474953617,0.0
permutation_random,1100,m,reps_no_partition,reps_dfp,reps,,0.8,2000000,5,880,364.59,238.37252386363656,237.217,327.35,364.59,168.243,431200,530,0,0,254593,530,0,0,0.12291280148423006,0.0,0.12291280148423006,0.0
permutation_random,1100,m,reps_partition,reps_dfp,reps,-reps_partition_entropy -reps_escalate_threshold 0.5 -reps_warmup_explore_rtts 0.5 -reps_explore_prob 70,0.8,2000000,5,880,369.822,227.3869750000001,228.398,294.545,369.822,167.87,431200,1145,0,0,229192,1145,0,0,0.26553803339517623,0.0,0.26553803339517623,0.0
permutation_random,1100,m,fpar_tuned,fpar,oblivious,-threshold 20750 -disable_hop_rtt_normalization,0.8,5000000,1,880,1772.56,653.5924363636367,529.843,1582.53,1772.56,412.809,1077120,8141,0,0,663348,8141,0,0,0.7558117944147356,0.0,0.7558117944147356,0.0
permutation_random,1100,m,reps_no_partition,reps_dfp,reps,,0.8,5000000,1,880,926.988,563.7326090909092,556.887,746.987,926.988,412.939,1077120,802,0,0,582221,802,0,0,0.07445781342840166,0.0,0.07445781342840166,0.0
permutation_random,1100,m,reps_partition,reps_dfp,reps,-reps_partition_entropy -reps_escalate_threshold 0.5 -reps_warmup_explore_rtts 0.5 -reps_explore_prob 70,0.8,5000000,1,880,872.295,555.8578227272724,547.341,748.642,872.295,412.652,1077120,1328,0,0,545555,1328,0,0,0.12329174093879976,0.0,0.12329174093879976,0.0
permutation_random,1100,m,fpar_tuned,fpar,oblivious,-threshold 20750 -disable_hop_rtt_normalization,0.8,5000000,2,880,1665.73,628.4006795454553,515.824,1285.78,1665.73,412.678,1077120,7310,0,0,654759,7310,0,0,0.6786616161616161,0.0,0.6786616161616161,0.0
permutation_random,1100,m,reps_no_partition,reps_dfp,reps,,0.8,5000000,2,880,822.564,569.8903488636365,563.718,762.386,822.564,413.056,1077120,1036,0,0,577744,1036,0,0,0.09618241235888295,0.0,0.09618241235888295,0.0
permutation_random,1100,m,reps_partition,reps_dfp,reps,-reps_partition_entropy -reps_escalate_threshold 0.5 -reps_warmup_explore_rtts 0.5 -reps_explore_prob 70,0.8,5000000,2,880,900.339,561.1913454545447,553.043,753.259,900.339,412.76,1077120,1223,0,0,556540,1223,0,0,0.11354352346999406,0.0,0.11354352346999406,0.0
permutation_random,1100,m,fpar_tuned,fpar,oblivious,-threshold 20750 -disable_hop_rtt_normalization,0.8,5000000,3,880,1674.1,630.7476374999994,525.503,1296.51,1674.1,413.419,1077120,7364,0,0,655347,7364,0,0,0.6836749851455733,0.0,0.6836749851455733,0.0
permutation_random,1100,m,reps_no_partition,reps_dfp,reps,,0.8,5000000,3,880,905.889,578.7833113636361,572.583,776.265,905.889,413.375,1077120,935,0,0,599468,935,0,0,0.08680555555555555,0.0,0.08680555555555555,0.0
permutation_random,1100,m,reps_partition,reps_dfp,reps,-reps_partition_entropy -reps_escalate_threshold 0.5 -reps_warmup_explore_rtts 0.5 -reps_explore_prob 70,0.8,5000000,3,880,853.194,570.3323477272729,558.894,781.476,853.194,413.2,1077120,1446,0,0,563321,1446,0,0,0.13424688057040998,0.0,0.13424688057040998,0.0
permutation_random,1100,m,fpar_tuned,fpar,oblivious,-threshold 20750 -disable_hop_rtt_normalization,0.8,5000000,4,880,1629.68,646.3610125000005,552.0,1454.96,1629.68,412.958,1077120,7692,0,0,678211,7692,0,0,0.714126559714795,0.0,0.714126559714795,0.0
permutation_random,1100,m,reps_no_partition,reps_dfp,reps,,0.8,5000000,4,880,880.954,575.2783056818183,565.398,751.529,880.954,413.401,1077120,1092,0,0,589394,1092,0,0,0.10138146167557932,0.0,0.10138146167557932,0.0
permutation_random,1100,m,reps_partition,reps_dfp,reps,-reps_partition_entropy -reps_escalate_threshold 0.5 -reps_warmup_explore_rtts 0.5 -reps_explore_prob 70,0.8,5000000,4,880,833.55,566.9615590909095,556.628,766.946,833.55,412.68,1077120,1215,0,0,565425,1215,0,0,0.11280080213903744,0.0,0.11280080213903744,0.0
permutation_random,1100,m,fpar_tuned,fpar,oblivious,-threshold 20750 -disable_hop_rtt_normalization,0.8,5000000,5,880,2036.35,666.7722556818179,538.721,1655.01,2036.35,412.959,1077120,8569,0,0,672215,8569,0,0,0.795547385620915,0.0,0.795547385620915,0.0
permutation_random,1100,m,reps_no_partition,reps_dfp,reps,,0.8,5000000,5,880,912.704,566.1698624999999,559.317,750.441,912.704,413.675,1077120,634,0,0,587066,634,0,0,0.058860665478312535,0.0,0.058860665478312535,0.0
permutation_random,1100,m,reps_partition,reps_dfp,reps,-reps_partition_entropy -reps_escalate_threshold 0.5 -reps_warmup_explore_rtts 0.5 -reps_explore_prob 70,0.8,5000000,5,880,887.873,557.0850988636357,549.992,749.814,887.873,413.287,1077120,1520,0,0,546076,1520,0,0,0.14111705288175877,0.0,0.14111705288175877,0.0
permutation_random,1100,m,fpar_tuned,fpar,oblivious,-threshold 20750 -disable_hop_rtt_normalization,0.8,10000000,1,880,3600.05,1299.5543511363637,1047.72,3110.55,3600.05,821.168,2154240,9259,0,0,1342134,9259,0,0,0.42980355020796196,0.0,0.42980355020796196,0.0
permutation_random,1100,m,reps_no_partition,reps_dfp,reps,,0.8,10000000,1,880,1707.24,1109.3613034090909,1110.29,1431.34,1707.24,821.095,2154240,1110,0,0,1129319,1110,0,0,0.05152629233511587,0.0,0.05152629233511587,0.0
permutation_random,1100,m,reps_partition,reps_dfp,reps,-reps_partition_entropy -reps_escalate_threshold 0.5 -reps_warmup_explore_rtts 0.5 -reps_explore_prob 70,0.8,10000000,1,880,1595.26,1108.0133568181818,1108.1,1462.64,1595.26,821.305,2154240,2010,0,0,1083026,2010,0,0,0.09330436720142603,0.0,0.09330436720142603,0.0
permutation_random,1100,m,fpar_tuned,fpar,oblivious,-threshold 20750 -disable_hop_rtt_normalization,0.8,10000000,2,880,3310.91,1247.4288534090902,1026.24,2489.87,3310.91,821.533,2154240,8387,0,0,1327065,8387,0,0,0.3893252376708259,0.0,0.3893252376708259,0.0
permutation_random,1100,m,reps_no_partition,reps_dfp,reps,,0.8,10000000,2,880,1579.84,1121.955267045455,1122.8,1459.47,1579.84,821.644,2154240,1282,0,0,1128357,1282,0,0,0.059510546642899585,0.0,0.059510546642899585,0.0
permutation_random,1100,m,reps_partition,reps_dfp,reps,-reps_partition_entropy -reps_escalate_threshold 0.5 -reps_warmup_explore_rtts 0.5 -reps_explore_prob 70,0.8,10000000,2,880,1656.13,1119.6617397727262,1118.29,1463.99,1656.13,821.392,2154240,1635,0,0,1101670,1635,0,0,0.07589683600713013,0.0,0.07589683600713013,0.0
permutation_random,1100,m,fpar_tuned,fpar,oblivious,-threshold 20750 -disable_hop_rtt_normalization,0.8,10000000,3,880,3330.18,1253.1996318181816,1039.96,2559.15,3330.18,822.184,2154240,8638,0,0,1329804,8638,0,0,0.40097667855020797,0.0,0.40097667855020797,0.0
permutation_random,1100,m,reps_no_partition,reps_dfp,reps,,0.8,10000000,3,880,1692.42,1139.9756818181822,1143.58,1458.12,1692.42,822.166,2154240,1153,0,0,1168527,1153,0,0,0.053522355912061795,0.0,0.053522355912061795,0.0
permutation_random,1100,m,reps_partition,reps_dfp,reps,-reps_partition_entropy -reps_escalate_threshold 0.5 -reps_warmup_explore_rtts 0.5 -reps_explore_prob 70,0.8,10000000,3,880,1628.85,1139.0733806818184,1133.78,1480.37,1628.85,821.955,2154240,2118,0,0,1114256,2118,0,0,0.09831773618538324,0.0,0.09831773618538324,0.0
permutation_random,1100,m,fpar_tuned,fpar,oblivious,-threshold 20750 -disable_hop_rtt_normalization,0.8,10000000,4,880,3264.05,1287.6982556818164,1101.98,2806.05,3264.05,821.574,2154240,8657,0,0,1384282,8657,0,0,0.40185866013071897,0.0,0.40185866013071897,0.0
permutation_random,1100,m,reps_no_partition,reps_dfp,reps,,0.8,10000000,4,880,1597.04,1133.782024999999,1135.38,1429.44,1597.04,822.037,2154240,1325,0,0,1150080,1325,0,0,0.06150661021984551,0.0,0.06150661021984551,0.0
permutation_random,1100,m,reps_partition,reps_dfp,reps,-reps_partition_entropy -reps_escalate_threshold 0.5 -reps_warmup_explore_rtts 0.5 -reps_explore_prob 70,0.8,10000000,4,880,1648.9,1130.7367068181816,1127.51,1489.99,1648.9,821.196,2154240,1412,0,0,1123463,1412,0,0,0.06554515745692216,0.0,0.06554515745692216,0.0
permutation_random,1100,m,fpar_tuned,fpar,oblivious,-threshold 20750 -disable_hop_rtt_normalization,0.8,10000000,5,880,3935.23,1330.4565102272736,1073.78,3322.33,3935.23,821.286,2154240,9662,0,0,1370149,9662,0,0,0.44851084373143196,0.0,0.44851084373143196,0.0
permutation_random,1100,m,reps_no_partition,reps_dfp,reps,,0.8,10000000,5,880,1549.17,1114.3794204545454,1114.23,1401.9,1549.17,822.803,2154240,766,0,0,1144812,766,0,0,0.03555778371954842,0.0,0.03555778371954842,0.0
permutation_random,1100,m,reps_partition,reps_dfp,reps,-reps_partition_entropy -reps_escalate_threshold 0.5 -reps_warmup_explore_rtts 0.5 -reps_explore_prob 70,0.8,10000000,5,880,1667.13,1111.58946590909,1114.15,1456.41,1667.13,822.536,2154240,1876,0,0,1088159,1876,0,0,0.08708407605466428,0.0,0.08708407605466428,0.0
permutation_random,1100,m,fpar_tuned,fpar,oblivious,-threshold 20750 -disable_hop_rtt_normalization,0.9,100000,1,990,45.8768,25.412493030303043,24.2896,39.6725,45.8768,12.4702,24750,45,0,0,8672,45,0,0,0.18181818181818182,0.0,0.18181818181818182,0.0
permutation_random,1100,m,reps_no_partition,reps_dfp,reps,,0.9,100000,1,990,33.8309,26.93265737373735,27.5162,32.1426,33.8309,12.4702,24750,0,0,0,8177,0,0,0,0.0,0.0,0.0,0.0
permutation_random,1100,m,reps_partition,reps_dfp,reps,-reps_partition_entropy -reps_escalate_threshold 0.5 -reps_warmup_explore_rtts 0.5 -reps_explore_prob 70,0.9,100000,1,990,33.8128,26.895146767676763,27.3306,32.449,33.8128,12.4702,24750,0,0,0,8249,0,0,0,0.0,0.0,0.0,0.0
permutation_random,1100,m,fpar_tuned,fpar,oblivious,-threshold 20750 -disable_hop_rtt_normalization,0.9,100000,2,990,39.0894,24.993871818181844,24.1501,35.5896,39.0894,12.4702,24750,0,0,0,8426,0,0,0,0.0,0.0,0.0,0.0
permutation_random,1100,m,reps_no_partition,reps_dfp,reps,,0.9,100000,2,990,33.0736,27.112514747474776,27.7901,31.7776,33.0736,12.4702,24750,0,0,0,8245,0,0,0,0.0,0.0,0.0,0.0
permutation_random,1100,m,reps_partition,reps_dfp,reps,-reps_partition_entropy -reps_escalate_threshold 0.5 -reps_warmup_explore_rtts 0.5 -reps_explore_prob 70,0.9,100000,2,990,32.6426,26.650590101010092,27.2936,31.1893,32.6426,12.4702,24750,0,0,0,8166,0,0,0,0.0,0.0,0.0,0.0
permutation_random,1100,m,fpar_tuned,fpar,oblivious,-threshold 20750 -disable_hop_rtt_normalization,0.9,100000,3,990,43.1355,24.88219474747471,24.0003,36.9995,43.1355,12.4754,24750,17,0,0,8342,17,0,0,0.06868686868686869,0.0,0.06868686868686869,0.0
permutation_random,1100,m,reps_no_partition,reps_dfp,reps,,0.9,100000,3,990,34.4574,27.520626666666665,27.8214,33.1506,34.4574,12.6411,24750,0,0,0,8296,0,0,0,0.0,0.0,0.0,0.0
permutation_random,1100,m,reps_partition,reps_dfp,reps,-reps_partition_entropy -reps_escalate_threshold 0.5 -reps_warmup_explore_rtts 0.5 -reps_explore_prob 70,0.9,100000,3,990,35.0976,27.394892828282792,27.6626,33.0696,35.0976,12.4754,24750,0,0,0,8295,0,0,0,0.0,0.0,0.0,0.0
permutation_random,1100,m,fpar_tuned,fpar,oblivious,-threshold 20750 -disable_hop_rtt_normalization,0.9,100000,4,990,42.2978,25.167955555555558,24.3152,36.0696,42.2978,12.4754,24750,10,0,0,8432,10,0,0,0.04040404040404041,0.0,0.04040404040404041,0.0
permutation_random,1100,m,reps_no_partition,reps_dfp,reps,,0.9,100000,4,990,35.0616,27.1873972727273,27.6421,32.0976,35.0616,12.4702,24750,0,0,0,8205,0,0,0,0.0,0.0,0.0,0.0
permutation_random,1100,m,reps_partition,reps_dfp,reps,-reps_partition_entropy -reps_escalate_threshold 0.5 -reps_warmup_explore_rtts 0.5 -reps_explore_prob 70,0.9,100000,4,990,35.1112,27.10229727272724,27.4547,32.8128,35.1112,12.4702,24750,0,0,0,8259,0,0,0,0.0,0.0,0.0,0.0
permutation_random,1100,m,fpar_tuned,fpar,oblivious,-threshold 20750 -disable_hop_rtt_normalization,0.9,100000,5,990,46.8318,25.577923131313124,24.3221,42.2995,46.8318,12.4754,24750,68,0,0,8840,68,0,0,0.27474747474747474,0.0,0.27474747474747474,0.0
permutation_random,1100,m,reps_no_partition,reps_dfp,reps,,0.9,100000,5,990,35.003,26.996897272727285,27.6147,31.8134,35.003,12.4702,24750,0,0,0,8155,0,0,0,0.0,0.0,0.0,0.0
permutation_random,1100,m,reps_partition,reps_dfp,reps,-reps_partition_entropy -reps_escalate_threshold 0.5 -reps_warmup_explore_rtts 0.5 -reps_explore_prob 70,0.9,100000,5,990,35.6909,26.906933434343426,27.3766,33.4392,35.6909,12.4702,24750,0,0,0,8216,0,0,0,0.0,0.0,0.0,0.0
permutation_random,1100,m,fpar_tuned,fpar,oblivious,-threshold 20750 -disable_hop_rtt_normalization,0.9,250000,1,990,94.9221,46.18069202020202,45.283,69.5594,94.9221,24.6904,61380,1869,0,0,24936,1869,0,0,3.0449657869012707,0.0,3.0449657869012707,0.0
permutation_random,1100,m,reps_no_partition,reps_dfp,reps,,0.9,250000,1,990,58.6387,48.04728080808084,49.316,56.7246,58.6387,24.6802,61380,21,0,0,30324,21,0,0,0.03421309872922776,0.0,0.03421309872922776,0.0
permutation_random,1100,m,reps_partition,reps_dfp,reps,-reps_partition_entropy -reps_escalate_threshold 0.5 -reps_warmup_explore_rtts 0.5 -reps_explore_prob 70,0.9,250000,1,990,58.6211,46.214516363636335,47.2198,55.9352,58.6211,24.6802,61380,31,0,0,26662,31,0,0,0.050505050505050504,0.0,0.050505050505050504,0.0
permutation_random,1100,m,fpar_tuned,fpar,oblivious,-threshold 20750 -disable_hop_rtt_normalization,0.9,250000,2,990,73.1214,45.57991696969696,45.4066,64.1811,73.1214,24.6802,61380,1138,0,0,24614,1138,0,0,1.8540241120886283,0.0,1.8540241120886283,0.0
permutation_random,1100,m,reps_no_partition,reps_dfp,reps,,0.9,250000,2,990,57.6712,48.08854282828276,49.4787,54.8942,57.6712,24.6802,61380,20,0,0,30313,20,0,0,0.03258390355164549,0.0,0.03258390355164549,0.0
permutation_random,1100,m,reps_partition,reps_dfp,reps,-reps_partition_entropy -reps_escalate_threshold 0.5 -reps_warmup_explore_rtts 0.5 -reps_explore_prob 70,0.9,250000,2,990,56.1074,45.75637353535351,46.8816,52.9421,56.1074,24.6802,61380,12,0,0,26469,12,0,0,0.019550342130987292,0.0,0.019550342130987292,0.0
permutation_random,1100,m,fpar_tuned,fpar,oblivious,-threshold 20750 -disable_hop_rtt_normalization,0.9,250000,3,990,84.2643,45.26209565656572,44.4418,71.1056,84.2643,24.7058,61380,1285,0,0,24207,1285,0,0,2.0935158031932226,0.0,2.0935158031932226,0.0
permutation_random,1100,m,reps_no_partition,reps_dfp,reps,,0.9,250000,3,990,60.0373,48.997230303030314,49.9822,56.7122,60.0373,24.965,61380,20,0,0,31550,20,0,0,0.03258390355164549,0.0,0.03258390355164549,0.0
permutation_random,1100,m,reps_partition,reps_dfp,reps,-reps_partition_entropy -reps_escalate_threshold 0.5 -reps_warmup_explore_rtts 0.5 -reps_explore_prob 70,0.9,250000,3,990,56.3005,46.8561043434343,47.5174,54.5341,56.3005,24.7058,61380,26,0,0,27295,26,0,0,0.042359074617139135,0.0,0.042359074617139135,0.0
permutation_random,1100,m,fpar_tuned,fpar,oblivious,-threshold 20750 -disable_hop_rtt_normalization,0.9,250000,4,990,79.4781,45.78725727272727,45.0126,68.4694,79.4781,24.7058,61380,1400,0,0,24742,1400,0,0,2.280873248615184,0.0,2.280873248615184,0.0
permutation_random,1100,m,reps_no_partition,reps_dfp,reps,,0.9,250000,4,990,57.9776,48.84240717171713,50.0294,55.6354,57.9776,24.6955,61380,13,0,0,31032,13,0,0,0.021179537308569567,0.0,0.021179537308569567,0.0
permutation_random,1100,m,reps_partition,reps_dfp,reps,-reps_partition_entropy -reps_escalate_threshold 0.5 -reps_warmup_explore_rtts 0.5 -reps_explore_prob 70,0.9,250000,4,990,55.8237,46.404206868686785,47.1456,54.7878,55.8237,24.9342,61380,3,0,0,27250,3,0,0,0.004887585532746823,0.0,0.004887585532746823,0.0
permutation_random,1100,m,fpar_tuned,fpar,oblivious,-threshold 20750 -disable_hop_rtt_normalization,0.9,250000,5,990,88.9701,46.81553707070701,45.5496,80.6627,88.9701,24.716,61380,2165,0,0,25711,2165,0,0,3.527207559465624,0.0,3.527207559465624,0.0
permutation_random,1100,m,reps_no_partition,reps_dfp,reps,,0.9,250000,5,990,57.7907,48.11581595959595,49.2722,56.3978,57.7907,24.6904,61380,20,0,0,29662,20,0,0,0.03258390355164549,0.0,0.03258390355164549,0.0
permutation_random,1100,m,reps_partition,reps_dfp,reps,-reps_partition_entropy -reps_escalate_threshold 0.5 -reps_warmup_explore_rtts 0.5 -reps_explore_prob 70,0.9,250000,5,990,58.1264,45.80788040404044,46.7262,54.8302,58.1264,24.6904,61380,28,0,0,26438,28,0,0,0.045617464972303685,0.0,0.045617464972303685,0.0
permutation_random,1100,m,fpar_tuned,fpar,oblivious,-threshold 20750 -disable_hop_rtt_normalization,0.9,2000000,1,990,705.175,273.97107979798,229.922,610.982,705.175,167.771,485100,9183,0,0,283345,9183,0,0,1.8930117501546073,0.0,1.8930117501546073,0.0
permutation_random,1100,m,reps_no_partition,reps_dfp,reps,,0.9,2000000,1,990,406.876,262.61401818181866,260.865,362.068,406.876,167.983,485100,1542,0,0,292620,1542,0,0,0.3178726035868893,0.0,0.3178726035868893,0.0
permutation_random,1100,m,reps_partition,reps_dfp,reps,-reps_partition_entropy -reps_escalate_threshold 0.5 -reps_warmup_explore_rtts 0.5 -reps_explore_prob 70,0.9,2000000,1,990,398.645,252.678886868687,249.078,355.297,398.645,168.003,485100,1912,0,0,285537,1912,0,0,0.39414553700267985,0.0,0.39414553700267985,0.0
permutation_random,1100,m,fpar_tuned,fpar,oblivious,-threshold 20750 -disable_hop_rtt_normalization,0.9,2000000,2,990,613.22,265.86970707070685,227.927,527.581,613.22,167.836,485100,8561,0,0,280204,8561,0,0,1.7647907647907648,0.0,1.7647907647907648,0.0
permutation_random,1100,m,reps_no_partition,reps_dfp,reps,,0.9,2000000,2,990,432.714,264.05746868686884,263.536,366.508,432.714,167.57,485100,1702,0,0,289827,1702,0,0,0.3508554937126366,0.0,0.3508554937126366,0.0
permutation_random,1100,m,reps_partition,reps_dfp,reps,-reps_partition_entropy -reps_escalate_threshold 0.5 -reps_warmup_explore_rtts 0.5 -reps_explore_prob 70,0.9,2000000,2,990,426.99,253.44137676767687,250.113,352.334,426.99,167.8,485100,1687,0,0,289785,1687,0,0,0.3477633477633478,0.0,0.3477633477633478,0.0
permutation_random,1100,m,fpar_tuned,fpar,oblivious,-threshold 20750 -disable_hop_rtt_normalization,0.9,2000000,3,990,805.434,265.1626464646463,228.352,507.12,805.434,167.979,485100,8478,0,0,280760,8478,0,0,1.7476808905380334,0.0,1.7476808905380334,0.0
permutation_random,1100,m,reps_no_partition,reps_dfp,reps,,0.9,2000000,3,990,401.401,269.5451404040403,268.218,370.862,401.401,167.962,485100,1600,0,0,297832,1600,0,0,0.32982890125747266,0.0,0.32982890125747266,0.0
permutation_random,1100,m,reps_partition,reps_dfp,reps,-reps_partition_entropy -reps_escalate_threshold 0.5 -reps_warmup_explore_rtts 0.5 -reps_explore_prob 70,0.9,2000000,3,990,382.213,259.35494747474775,257.994,356.244,382.213,168.075,485100,2010,0,0,293607,2010,0,0,0.41434755720470007,0.0,0.41434755720470007,0.0
permutation_random,1100,m,fpar_tuned,fpar,oblivious,-threshold 20750 -disable_hop_rtt_normalization,0.9,2000000,4,990,655.915,271.44281313131347,237.425,580.971,655.915,167.892,485100,8849,0,0,286016,8849,0,0,1.8241599670171098,0.0,1.8241599670171098,0.0
permutation_random,1100,m,reps_no_partition,reps_dfp,reps,,0.9,2000000,4,990,453.761,268.1701949494949,268.64,372.888,453.761,168.193,485100,1784,0,0,294587,1784,0,0,0.36775922490208207,0.0,0.36775922490208207,0.0
permutation_random,1100,m,reps_partition,reps_dfp,reps,-reps_partition_entropy -reps_escalate_threshold 0.5 -reps_warmup_explore_rtts 0.5 -reps_explore_prob 70,0.9,2000000,4,990,423.544,257.4554141414142,254.991,365.914,423.544,168.277,485100,1717,0,0,293286,1717,0,0,0.3539476396619254,0.0,0.3539476396619254,0.0
permutation_random,1100,m,fpar_tuned,fpar,oblivious,-threshold 20750 -disable_hop_rtt_normalization,0.9,2000000,5,990,785.624,280.720606060606,232.453,654.176,785.624,168.01,485100,9740,0,0,295013,9740,0,0,2.007833436404865,0.0,2.007833436404865,0.0
permutation_random,1100,m,reps_no_partition,reps_dfp,reps,,0.9,2000000,5,990,419.241,262.8844919191918,260.317,368.325,419.241,168.039,485100,1415,0,0,294080,1415,0,0,0.2916924345495774,0.0,0.2916924345495774,0.0
permutation_random,1100,m,reps_partition,reps_dfp,reps,-reps_partition_entropy -reps_escalate_threshold 0.5 -reps_warmup_explore_rtts 0.5 -reps_explore_prob 70,0.9,2000000,5,990,389.877,252.07561313131322,249.983,354.866,389.877,168.239,485100,1548,0,0,290481,1548,0,0,0.31910946196660483,0.0,0.31910946196660483,0.0
permutation_random,1100,m,fpar_tuned,fpar,oblivious,-threshold 20750 -disable_hop_rtt_normalization,0.9,5000000,1,990,1797.47,676.9104505050507,570.578,1601.48,1797.47,412.604,1211760,9974,0,0,753166,9974,0,0,0.8231002838845977,0.0,0.8231002838845977,0.0
permutation_random,1100,m,reps_no_partition,reps_dfp,reps,,0.9,5000000,1,990,976.492,618.9311080808071,626.072,814.799,976.492,412.963,1211760,1669,0,0,686378,1669,0,0,0.1377335445962897,0.0,0.1377335445962897,0.0
permutation_random,1100,m,reps_partition,reps_dfp,reps,-reps_partition_entropy -reps_escalate_threshold 0.5 -reps_warmup_explore_rtts 0.5 -reps_explore_prob 70,0.9,5000000,1,990,979.183,610.8485454545457,613.967,838.557,979.183,412.811,1211760,2166,0,0,667036,2166,0,0,0.1787482669835611,0.0,0.1787482669835611,0.0
permutation_random,1100,m,fpar_tuned,fpar,oblivious,-threshold 20750 -disable_hop_rtt_normalization,0.9,5000000,2,990,1551.3,651.4266424242421,563.59,1309.11,1551.3,412.743,1211760,9361,0,0,740683,9361,0,0,0.7725127087872186,0.0,0.7725127087872186,0.0
permutation_random,1100,m,reps_no_partition,reps_dfp,reps,,0.9,5000000,2,990,906.526,619.3706363636369,626.216,828.516,906.526,412.527,1211760,1812,0,0,678101,1812,0,0,0.14953456129926718,0.0,0.14953456129926718,0.0
permutation_random,1100,m,reps_partition,reps_dfp,reps,-reps_partition_entropy -reps_escalate_threshold 0.5 -reps_warmup_explore_rtts 0.5 -reps_explore_prob 70,0.9,5000000,2,990,993.478,611.9263464646467,614.408,831.07,993.478,412.565,1211760,1869,0,0,670728,1869,0,0,0.1542384630619925,0.0,0.1542384630619925,0.0
permutation_random,1100,m,fpar_tuned,fpar,oblivious,-threshold 20750 -disable_hop_rtt_normalization,0.9,5000000,3,990,2065.26,650.2152565656567,566.08,1280.34,2065.26,412.594,1211760,9269,0,0,745009,9269,0,0,0.7649204462929953,0.0,0.7649204462929953,0.0
permutation_random,1100,m,reps_no_partition,reps_dfp,reps,,0.9,5000000,3,990,913.25,632.1829303030302,638.499,845.711,913.25,413.105,1211760,1652,0,0,700617,1652,0,0,0.13633062652670497,0.0,0.13633062652670497,0.0
permutation_random,1100,m,reps_partition,reps_dfp,reps,-reps_partition_entropy -reps_escalate_threshold 0.5 -reps_warmup_explore_rtts 0.5 -reps_explore_prob 70,0.9,5000000,3,990,1009.38,625.8420535353536,631.606,825.408,1009.38,413.556,1211760,2263,0,0,679561,2263,0,0,0.18675315243942694,0.0,0.18675315243942694,0.0
permutation_random,1100,m,fpar_tuned,fpar,oblivious,-threshold 20750 -disable_hop_rtt_normalization,0.9,5000000,4,990,1655.82,668.0540616161617,587.095,1484.42,1655.82,412.696,1211760,9695,0,0,760720,9695,0,0,0.8000759226249422,0.0,0.8000759226249422,0.0
permutation_random,1100,m,reps_no_partition,reps_dfp,reps,,0.9,5000000,4,990,922.249,629.3745737373737,639.011,831.058,922.249,412.862,1211760,1904,0,0,696652,1904,0,0,0.15712682379349047,0.0,0.15712682379349047,0.0
permutation_random,1100,m,reps_partition,reps_dfp,reps,-reps_partition_entropy -reps_escalate_threshold 0.5 -reps_warmup_explore_rtts 0.5 -reps_explore_prob 70,0.9,5000000,4,990,1071.01,620.3575949494949,626.767,848.168,1071.01,412.903,1211760,1930,0,0,683403,1930,0,0,0.15927246319403182,0.0,0.15927246319403182,0.0
permutation_random,1100,m,fpar_tuned,fpar,oblivious,-threshold 20750 -disable_hop_rtt_normalization,0.9,5000000,5,990,1985.35,688.2482151515154,573.096,1652.26,1985.35,412.856,1211760,10489,0,0,771771,10489,0,0,0.8656004489337823,0.0,0.8656004489337823,0.0
permutation_random,1100,m,reps_no_partition,reps_dfp,reps,,0.9,5000000,5,990,984.522,618.2042636363637,625.501,855.422,984.522,413.111,1211760,1519,0,0,688749,1519,0,0,0.1253548557470126,0.0,0.1253548557470126,0.0
permutation_random,1100,m,reps_partition,reps_dfp,reps,-reps_partition_entropy -reps_escalate_threshold 0.5 -reps_warmup_explore_rtts 0.5 -reps_explore_prob 70,0.9,5000000,5,990,988.756,609.6052464646478,616.148,811.373,988.756,413.531,1211760,1821,0,0,670957,1821,0,0,0.1502772826302238,0.0,0.1502772826302238,0.0
permutation_random,1100,m,fpar_tuned,fpar,oblivious,-threshold 20750 -disable_hop_rtt_normalization,0.9,10000000,1,990,3577.03,1353.0536808080808,1147.07,3193.93,3577.03,821.17,2423520,11317,0,0,1539007,11317,0,0,0.4669654056908959,0.0,0.4669654056908959,0.0
permutation_random,1100,m,reps_no_partition,reps_dfp,reps,,0.9,10000000,1,990,1741.33,1218.9785212121205,1244.83,1557.19,1741.33,821.914,2423520,1840,0,0,1364718,1840,0,0,0.07592262494223279,0.0,0.07592262494223279,0.0
permutation_random,1100,m,reps_partition,reps_dfp,reps,-reps_partition_entropy -reps_escalate_threshold 0.5 -reps_warmup_explore_rtts 0.5 -reps_explore_prob 70,0.9,10000000,1,990,1850.56,1217.9289787878777,1238.1,1622.38,1850.56,821.489,2423520,2833,0,0,1345637,2833,0,0,0.11689608503333994,0.0,0.11689608503333994,0.0
permutation_random,1100,m,fpar_tuned,fpar,oblivious,-threshold 20750 -disable_hop_rtt_normalization,0.9,10000000,2,990,3167.44,1298.1027242424252,1134.59,2788.59,3167.44,821.359,2423520,10730,0,0,1510589,10730,0,0,0.4427444378424771,0.0,0.4427444378424771,0.0
permutation_random,1100,m,reps_no_partition,reps_dfp,reps,,0.9,10000000,2,990,1714.02,1218.6701050505048,1247.78,1564.94,1714.02,820.728,2423520,1956,0,0,1354096,1956,0,0,0.08070905129728659,0.0,0.08070905129728659,0.0
permutation_random,1100,m,reps_partition,reps_dfp,reps,-reps_partition_entropy -reps_escalate_threshold 0.5 -reps_warmup_explore_rtts 0.5 -reps_explore_prob 70,0.9,10000000,2,990,1819.26,1219.4850444444444,1244.55,1594.48,1819.26,821.113,2423520,2396,0,0,1345010,2396,0,0,0.09886446160955965,0.0,0.09886446160955965,0.0
permutation_random,1100,m,fpar_tuned,fpar,oblivious,-threshold 20750 -disable_hop_rtt_normalization,0.9,10000000,3,990,4104.41,1297.623196969697,1124.93,2550.65,4104.41,821.671,2423520,10611,0,0,1525820,10611,0,0,0.43783422459893045,0.0,0.43783422459893045,0.0
permutation_random,1100,m,reps_no_partition,reps_dfp,reps,,0.9,10000000,3,990,1689.56,1245.920315151515,1266.2,1617.66,1689.56,822.141,2423520,1863,0,0,1399862,1863,0,0,0.0768716577540107,0.0,0.0768716577540107,0.0
permutation_random,1100,m,reps_partition,reps_dfp,reps,-reps_partition_entropy -reps_escalate_threshold 0.5 -reps_warmup_explore_rtts 0.5 -reps_explore_prob 70,0.9,10000000,3,990,1803.31,1245.764039393939,1268.57,1607.55,1803.31,822.178,2423520,2928,0,0,1363818,2928,0,0,0.12081600316894435,0.0,0.12081600316894435,0.0
permutation_random,1100,m,fpar_tuned,fpar,oblivious,-threshold 20750 -disable_hop_rtt_normalization,0.9,10000000,4,990,3266.04,1335.7959030303034,1156.38,2968.67,3266.04,820.468,2423520,10834,0,0,1555852,10834,0,0,0.4470357166435598,0.0,0.4470357166435598,0.0
permutation_random,1100,m,reps_no_partition,reps_dfp,reps,,0.9,10000000,4,990,1684.98,1241.5876181818173,1267.99,1592.4,1684.98,821.991,2423520,2138,0,0,1392908,2138,0,0,0.08821878919918136,0.0,0.08821878919918136,0.0
permutation_random,1100,m,reps_partition,reps_dfp,reps,-reps_partition_entropy -reps_escalate_threshold 0.5 -reps_warmup_explore_rtts 0.5 -reps_explore_prob 70,0.9,10000000,4,990,2005.22,1235.3559464646476,1256.37,1636.47,2005.22,821.474,2423520,2558,0,0,1371078,2558,0,0,0.10554895358816928,0.0,0.10554895358816928,0.0
permutation_random,1100,m,fpar_tuned,fpar,oblivious,-threshold 20750 -disable_hop_rtt_normalization,0.9,10000000,5,990,4018.34,1376.188911111112,1133.09,3300.76,4018.34,820.928,2423520,11618,0,0,1578181,11618,0,0,0.4793853568363372,0.0,0.4793853568363372,0.0
permutation_random,1100,m,reps_no_partition,reps_dfp,reps,,0.9,10000000,5,990,1765.09,1217.4401868686873,1241.81,1555.26,1765.09,821.853,2423520,1702,0,0,1371299,1702,0,0,0.07022842807156533,0.0,0.07022842807156533,0.0
permutation_random,1100,m,reps_partition,reps_dfp,reps,-reps_partition_entropy -reps_escalate_threshold 0.5 -reps_warmup_explore_rtts 0.5 -reps_explore_prob 70,0.9,10000000,5,990,1852.58,1214.0966919191915,1240.56,1586.29,1852.58,822.719,2423520,2338,0,0,1343414,2338,0,0,0.09647124843203275,0.0,0.09647124843203275,0.0
