Load balancing algorithm set to reps
no_of_nodes 3600
Dragonfly+ strategy: REPS_DFP
Setting queuesize to 50 packets
endtime(us) 100000
random seed 2
Using generated Dragonfly+ tornado traffic instead of -tm
Tornado active connections 1800
Tornado flow size 10000000 bytes
REPS partition entropy enabled.
Packet size (MTU) is 4150
Parsed args
Logging to sweep_reps_dfp_4config/runs/tornado_reps_dfp_hopnorm_part_load0.50_fs10000000_seed2.dat
Setting ECN low 33200 high 120350
Dragonfly+ with large topology type
Link latencies: 1 and switch latencies: 0
queue_id 2 ecn_low 33200 ecn_high 120350
DragonFly+ constructor done, 4160 nodes created
Note: topology supports 4160 hosts; 560 host port(s) will be unused.
Generating tornado connection matrix: python3 connection_matrices/gen_tornado_dfp.py /tmp/dfp_tornado_104698.cm 3600 1800 10000000 0.0 2 8 8
Nodes:  3600
Connections:  1800
Flowsize:  10000000 bytes
ExtraStartTime:  0.0 us
Random Seed  2
Dragonfly+ p= 8 l= 8
group_size=64  no_groups=57  opposite group offset=28
Loading generated tornado connection matrix from /tmp/dfp_tornado_104698.cm
Nodes: 3600 Connections: 1800 Triggers: 0 Failures: 0
network_max_unloaded_rtt 11.6856 us
Setting min RTO to 114.6
Per-hop RTT normalization: ON (strategy reps_dfp)
Initializing static NSCC parameters: _reference_network_linkspeed=100000000000 _reference_network_rtt=12000000 _reference_network_bdp=150000 _target_Qdelay=8764200 _network_linkspeed=100000000000 _network_rtt=11685600 _network_bdp=146070 _qa_gate=2^3 _qa_threshold=3.50568e+07 _scaling_factor_a=0.9738 _scaling_factor_b=0.73035 _alpha=0.00132632 _fi=19894.7 _eta=596.842 _qa_scaling=1 _gamma=0.8 _fi_scale=0.24345 _delay_alpha=0.0125 _adjust_period_threshold=11685600 _adjust_bytes_threshold=33200
Initialize per-instance NSCC parameters: flowid 1 _base_rtt=11685600 _base_bdp=146070 _bdp=146070 _min_cwnd=4150 _maxwnd=219105 _cwnd=219105
Initialize per-instance NSCC parameters: flowid 2 _base_rtt=11685600 _base_bdp=146070 _bdp=146070 _min_cwnd=4150 _maxwnd=219105 _cwnd=219105
Initialize per-instance NSCC parameters: flowid 3 _base_rtt=11685600 _base_bdp=146070 _bdp=146070 _min_cwnd=4150 _maxwnd=219105 _cwnd=219105
Initialize per-instance NSCC parameters: flowid 4 _base_rtt=11685600 _base_bdp=146070 _bdp=146070 _min_cwnd=4150 _maxwnd=219105 _cwnd=219105
Initialize per-instance NSCC parameters: flowid 5 _base_rtt=11685600 _base_bdp=146070 _bdp=146070 _min_cwnd=4150 _maxwnd=219105 _cwnd=219105
Initialize per-instance NSCC parameters: flowid 6 _base_rtt=11685600 _base_bdp=146070 _bdp=146070 _min_cwnd=4150 _maxwnd=219105 _cwnd=219105
Initialize per-instance NSCC parameters: flowid 7 _base_rtt=11685600 _base_bdp=146070 _bdp=146070 _min_cwnd=4150 _maxwnd=219105 _cwnd=219105
Initialize per-instance NSCC parameters: flowid 8 _base_rtt=11685600 _base_bdp=146070 _bdp=146070 _min_cwnd=4150 _maxwnd=219105 _cwnd=219105
Initialize per-instance NSCC parameters: flowid 9 _base_rtt=11685600 _base_bdp=146070 _bdp=146070 _min_cwnd=4150 _maxwnd=219105 _cwnd=219105
Initialize per-instance NSCC parameters: flowid 10 _base_rtt=11685600 _base_bdp=146070 _bdp=146070 _min_cwnd=4150 _maxwnd=219105 _cwnd=219105
Initialize per-instance NSCC parameters: flowid 11 _base_rtt=11685600 _base_bdp=146070 _bdp=146070 _min_cwnd=4150 _maxwnd=219105 _cwnd=219105
Initialize per-instance NSCC parameters: flowid 12 _base_rtt=11685600 _base_bdp=146070 _bdp=146070 _min_cwnd=4150 _maxwnd=219105 _cwnd=219105
Initialize per-instance NSCC parameters: flowid 13 _base_rtt=11685600 _base_bdp=146070 _bdp=146070 _min_cwnd=4150 _maxwnd=219105 _cwnd=219105
Initialize per-instance NSCC parameters: flowid 14 _base_rtt=11685600 _base_bdp=146070 _bdp=146070 _min_cwnd=4150 _maxwnd=219105 _cwnd=219105
Initialize per-instance NSCC parameters: flowid 15 _base_rtt=11685600 _base_bdp=146070 _bdp=146070 _min_cwnd=4150 _maxwnd=219105 _cwnd=219105
Initialize per-instance NSCC parameters: flowid 16 _base_rtt=11685600 _base_bdp=146070 _bdp=146070 _min_cwnd=4150 _maxwnd=219105 _cwnd=219105
Initialize per-instance NSCC parameters: flowid 17 _base_rtt=11685600 _base_bdp=146070 _bdp=146070 _min_cwnd=4150 _maxwnd=219105 _cwnd=219105
Initialize per-instance NSCC parameters: flowid 18 _base_rtt=11685600 _base_bdp=146070 _bdp=146070 _min_cwnd=4150 _maxwnd=219105 _cwnd=219105
Initialize per-instance NSCC parameters: flowid 19 _base_rtt=11685600 _base_bdp=146070 _bdp=146070 _min_cwnd=4150 _maxwnd=219105 _cwnd=219105
Initialize per-instance NSCC parameters: flowid 20 _base_rtt=11685600 _base_bdp=146070 _bdp=146070 _min_cwnd=4150 _maxwnd=219105 _cwnd=219105
Initialize per-instance NSCC parameters: flowid 21 _base_rtt=11685600 _base_bdp=146070 _bdp=146070 _min_cwnd=4150 _maxwnd=219105 _cwnd=219105
Initialize per-instance NSCC parameters: flowid 22 _base_rtt=11685600 _base_bdp=146070 _bdp=146070 _min_cwnd=4150 _maxwnd=219105 _cwnd=219105
Initialize per-instance NSCC parameters: flowid 23 _base_rtt=11685600 _base_bdp=146070 _bdp=146070 _min_cwnd=4150 _maxwnd=219105 _cwnd=219105
Initialize per-instance NSCC parameters: flowid 24 _base_rtt=11685600 _base_bdp=146070 _bdp=146070 _min_cwnd=4150 _maxwnd=219105 _cwnd=219105
Initialize per-instance NSCC parameters: flowid 25 _base_rtt=11685600 _base_bdp=146070 _bdp=146070 _min_cwnd=4150 _maxwnd=219105 _cwnd=219105
Initialize per-instance NSCC parameters: flowid 26 _base_rtt=11685600 _base_bdp=146070 _bdp=146070 _min_cwnd=4150 _maxwnd=219105 _cwnd=219105
Initialize per-instance NSCC parameters: flowid 27 _base_rtt=11685600 _base_bdp=146070 _bdp=146070 _min_cwnd=4150 _maxwnd=219105 _cwnd=219105
Initialize per-instance NSCC parameters: flowid 28 _base_rtt=11685600 _base_bdp=146070 _bdp=146070 _min_cwnd=4150 _maxwnd=219105 _cwnd=219105
Initialize per-instance NSCC parameters: flowid 29 _base_rtt=11685600 _base_bdp=146070 _bdp=146070 _min_cwnd=4150 _maxwnd=219105 _cwnd=219105
Initialize per-instance NSCC parameters: flowid 30 _base_rtt=11685600 _base_bdp=146070 _bdp=146070 _min_cwnd=4150 _maxwnd=219105 _cwnd=219105
Initialize per-instance NSCC parameters: flowid 31 _base_rtt=11685600 _base_bdp=146070 _bdp=146070 _min_cwnd=4150 _maxwnd=219105 _cwnd=219105
Initialize per-instance NSCC parameters: flowid 32 _base_rtt=11685600 _base_bdp=146070 _bdp=146070 _min_cwnd=4150 _maxwnd=219105 _cwnd=219105
Initialize per-instance NSCC parameters: flowid 33 _base_rtt=11685600 _base_bdp=146070 _bdp=146070 _min_cwnd=4150 _maxwnd=219105 _cwnd=219105
Initialize per-instance NSCC parameters: flowid 34 _base_rtt=11685600 _base_bdp=146070 _bdp=146070 _min_cwnd=4150 _maxwnd=219105 _cwnd=219105
Initialize per-instance NSCC parameters: flowid 35 _base_rtt=11685600 _base_bdp=146070 _bdp=146070 _min_cwnd=4150 _maxwnd=219105 _cwnd=219105
Initialize per-instance NSCC parameters: flowid 36 _base_rtt=11685600 _base_bdp=146070 _bdp=146070 _min_cwnd=4150 _maxwnd=219105 _cwnd=219105
Initialize per-instance NSCC parameters: flowid 37 _base_rtt=11685600 _base_bdp=146070 _bdp=146070 _min_cwnd=4150 _maxwnd=219105 _cwnd=219105
Initialize per-instance NSCC parameters: flowid 38 _base_rtt=11685600 _base_bdp=146070 _bdp=146070 _min_cwnd=4150 _maxwnd=219105 _cwnd=219105
Initialize per-instance NSCC parameters: flowid 39 _base_rtt=11685600 _base_bdp=146070 _bdp=146070 _min_cwnd=4150 _maxwnd=219105 _cwnd=219105
Initialize per-instance NSCC parameters: flowid 40 _base_rtt=11685600 _base_bdp=146070 _bdp=146070 _min_cwnd=4150 _maxwnd=219105 _cwnd=219105
Initialize per-instance NSCC parameters: flowid 41 _base_rtt=11685600 _base_bdp=146070 _bdp=146070 _min_cwnd=4150 _maxwnd=219105 _cwnd=219105
Initialize per-instance NSCC parameters: flowid 42 _base_rtt=11685600 _base_bdp=146070 _bdp=146070 _min_cwnd=4150 _maxwnd=219105 _cwnd=219105
Initialize per-instance NSCC parameters: flowid 43 _base_rtt=11685600 _base_bdp=146070 _bdp=146070 _min_cwnd=4150 _maxwnd=219105 _cwnd=219105
Initialize per-instance NSCC parameters: flowid 44 _base_rtt=11685600 _base_bdp=146070 _bdp=146070 _min_cwnd=4150 _maxwnd=219105 _cwnd=219105
Initialize per-instance NSCC parameters: flowid 45 _base_rtt=11685600 _base_bdp=146070 _bdp=146070 _min_cwnd=4150 _maxwnd=219105 _cwnd=219105
Initialize per-instance NSCC parameters: flowid 46 _base_rtt=11685600 _base_bdp=146070 _bdp=146070 _min_cwnd=4150 _maxwnd=219105 _cwnd=219105
Initialize per-instance NSCC parameters: flowid 47 _base_rtt=11685600 _base_bdp=146070 _bdp=146070 _min_cwnd=4150 _maxwnd=219105 _cwnd=219105
Initialize per-instance NSCC parameters: flowid 48 _base_rtt=11685600 _base_bdp=146070 _bdp=146070 _min_cwnd=4150 _maxwnd=219105 _cwnd=219105
Initialize per-instance NSCC parameters: flowid 49 _base_rtt=11685600 _base_bdp=146070 _bdp=146070 _min_cwnd=4150 _maxwnd=219105 _cwnd=219105
Initialize per-instance NSCC parameters: flowid 50 _base_rtt=11685600 _base_bdp=146070 _bdp=146070 _min_cwnd=4150 _maxwnd=219105 _cwnd=219105
Initialize per-instance NSCC parameters: flowid 51 _base_rtt=11685600 _base_bdp=146070 _bdp=146070 _min_cwnd=4150 _maxwnd=219105 _cwnd=219105
Initialize per-instance NSCC parameters: flowid 52 _base_rtt=11685600 _base_bdp=146070 _bdp=146070 _min_cwnd=4150 _maxwnd=219105 _cwnd=219105
Initialize per-instance NSCC parameters: flowid 53 _base_rtt=11685600 _base_bdp=146070 _bdp=146070 _min_cwnd=4150 _maxwnd=219105 _cwnd=219105
Initialize per-instance NSCC parameters: flowid 54 _base_rtt=11685600 _base_bdp=146070 _bdp=146070 _min_cwnd=4150 _maxwnd=219105 _cwnd=219105
Initialize per-instance NSCC parameters: flowid 55 _base_rtt=11685600 _base_bdp=146070 _bdp=146070 _min_cwnd=4150 _maxwnd=219105 _cwnd=219105
Initialize per-instance NSCC parameters: flowid 56 _base_rtt=11685600 _base_bdp=146070 _bdp=146070 _min_cwnd=4150 _maxwnd=219105 _cwnd=219105
Initialize per-instance NSCC parameters: flowid 57 _base_rtt=11685600 _base_bdp=146070 _bdp=146070 _min_cwnd=4150 _maxwnd=219105 _cwnd=219105
Initialize per-instance NSCC parameters: flowid 58 _base_rtt=11685600 _base_bdp=146070 _bdp=146070 _min_cwnd=4150 _maxwnd=219105 _cwnd=219105
Initialize per-instance NSCC parameters: flowid 59 _base_rtt=11685600 _base_bdp=146070 _bdp=146070 _min_cwnd=4150 _maxwnd=219105 _cwnd=219105
Initialize per-instance NSCC parameters: flowid 60 _base_rtt=11685600 _base_bdp=146070 _bdp=146070 _min_cwnd=4150 _maxwnd=219105 _cwnd=219105
Initialize per-instance NSCC parameters: flowid 61 _base_rtt=11685600 _base_bdp=146070 _bdp=146070 _min_cwnd=4150 _maxwnd=219105 _cwnd=219105
Initialize per-instance NSCC parameters: flowid 62 _base_rtt=11685600 _base_bdp=146070 _bdp=146070 _min_cwnd=4150 _maxwnd=219105 _cwnd=219105
Initialize per-instance NSCC parameters: flowid 63 _base_rtt=11685600 _base_bdp=146070 _bdp=146070 _min_cwnd=4150 _maxwnd=219105 _cwnd=219105
Initialize per-instance NSCC parameters: flowid 64 _base_rtt=11685600 _base_bdp=146070 _bdp=146070 _min_cwnd=4150 _maxwnd=219105 _cwnd=219105
Initialize per-instance NSCC parameters: flowid 65 _base_rtt=11685600 _base_bdp=146070 _bdp=146070 _min_cwnd=4150 _maxwnd=219105 _cwnd=219105
Initialize per-instance NSCC parameters: flowid 66 _base_rtt=11685600 _base_bdp=146070 _bdp=146070 _min_cwnd=4150 _maxwnd=219105 _cwnd=219105
Initialize per-instance NSCC parameters: flowid 67 _base_rtt=11685600 _base_bdp=146070 _bdp=146070 _min_cwnd=4150 _maxwnd=219105 _cwnd=219105
Initialize per-instance NSCC parameters: flowid 68 _base_rtt=11685600 _base_bdp=146070 _bdp=146070 _min_cwnd=4150 _maxwnd=219105 _cwnd=219105
Initialize per-instance NSCC parameters: flowid 69 _base_rtt=11685600 _base_bdp=146070 _bdp=146070 _min_cwnd=4150 _maxwnd=219105 _cwnd=219105
Initialize per-instance NSCC parameters: flowid 70 _base_rtt=11685600 _base_bdp=146070 _bdp=146070 _min_cwnd=4150 _maxwnd=219105 _cwnd=219105
Initialize per-instance NSCC parameters: flowid 71 _base_rtt=11685600 _base_bdp=146070 _bdp=146070 _min_cwnd=4150 _maxwnd=219105 _cwnd=219105
Initialize per-instance NSCC parameters: flowid 72 _base_rtt=11685600 _base_bdp=146070 _bdp=146070 _min_cwnd=4150 _maxwnd=219105 _cwnd=219105
Initialize per-instance NSCC parameters: flowid 73 _base_rtt=11685600 _base_bdp=146070 _bdp=146070 _min_cwnd=4150 _maxwnd=219105 _cwnd=219105
Initialize per-instance NSCC parameters: flowid 74 _base_rtt=11685600 _base_bdp=146070 _bdp=146070 _min_cwnd=4150 _maxwnd=219105 _cwnd=219105
Initialize per-instance NSCC parameters: flowid 75 _base_rtt=11685600 _base_bdp=146070 _bdp=146070 _min_cwnd=4150 _maxwnd=219105 _cwnd=219105
Initialize per-instance NSCC parameters: flowid 76 _base_rtt=11685600 _base_bdp=146070 _bdp=146070 _min_cwnd=4150 _maxwnd=219105 _cwnd=219105
Initialize per-instance NSCC parameters: flowid 77 _base_rtt=11685600 _base_bdp=146070 _bdp=146070 _min_cwnd=4150 _maxwnd=219105 _cwnd=219105
Initialize per-instance NSCC parameters: flowid 78 _base_rtt=11685600 _base_bdp=146070 _bdp=146070 _min_cwnd=4150 _maxwnd=219105 _cwnd=219105
Initialize per-instance NSCC parameters: flowid 79 _base_rtt=11685600 _base_bdp=146070 _bdp=146070 _min_cwnd=4150 _maxwnd=219105 _cwnd=219105
Initialize per-instance NSCC parameters: flowid 80 _base_rtt=11685600 _base_bdp=146070 _bdp=146070 _min_cwnd=4150 _maxwnd=219105 _cwnd=219105
Initialize per-instance NSCC parameters: flowid 81 _base_rtt=11685600 _base_bdp=146070 _bdp=146070 _min_cwnd=4150 _maxwnd=219105 _cwnd=219105
Initialize per-instance NSCC parameters: flowid 82 _base_rtt=11685600 _base_bdp=146070 _bdp=146070 _min_cwnd=4150 _maxwnd=219105 _cwnd=219105
Initialize per-instance NSCC parameters: flowid 83 _base_rtt=11685600 _base_bdp=146070 _bdp=146070 _min_cwnd=4150 _maxwnd=219105 _cwnd=219105
Initialize per-instance NSCC parameters: flowid 84 _base_rtt=11685600 _base_bdp=146070 _bdp=146070 _min_cwnd=4150 _maxwnd=219105 _cwnd=219105
Initialize per-instance NSCC parameters: flowid 85 _base_rtt=11685600 _base_bdp=146070 _bdp=146070 _min_cwnd=4150 _maxwnd=219105 _cwnd=219105
Initialize per-instance NSCC parameters: flowid 86 _base_rtt=11685600 _base_bdp=146070 _bdp=146070 _min_cwnd=4150 _maxwnd=219105 _cwnd=219105
Initialize per-instance NSCC parameters: flowid 87 _base_rtt=11685600 _base_bdp=146070 _bdp=146070 _min_cwnd=4150 _maxwnd=219105 _cwnd=219105
Initialize per-instance NSCC parameters: flowid 88 _base_rtt=11685600 _base_bdp=146070 _bdp=146070 _min_cwnd=4150 _maxwnd=219105 _cwnd=219105
Initialize per-instance NSCC parameters: flowid 89 _base_rtt=11685600 _base_bdp=146070 _bdp=146070 _min_cwnd=4150 _maxwnd=219105 _cwnd=219105
Initialize per-instance NSCC parameters: flowid 90 _base_rtt=11685600 _base_bdp=146070 _bdp=146070 _min_cwnd=4150 _maxwnd=219105 _cwnd=219105
Initialize per-instance NSCC parameters: flowid 91 _base_rtt=11685600 _base_bdp=146070 _bdp=146070 _min_cwnd=4150 _maxwnd=219105 _cwnd=219105
Initialize per-instance NSCC parameters: flowid 92 _base_rtt=11685600 _base_bdp=146070 _bdp=146070 _min_cwnd=4150 _maxwnd=219105 _cwnd=219105
Initialize per-instance NSCC parameters: flowid 93 _base_rtt=11685600 _base_bdp=146070 _bdp=146070 _min_cwnd=4150 _maxwnd=219105 _cwnd=219105
Initialize per-instance NSCC parameters: flowid 94 _base_rtt=11685600 _base_bdp=146070 _bdp=146070 _min_cwnd=4150 _maxwnd=219105 _cwnd=219105
Initialize per-instance NSCC parameters: flowid 95 _base_rtt=11685600 _base_bdp=146070 _bdp=146070 _min_cwnd=4150 _maxwnd=219105 _cwnd=219105
Initialize per-instance NSCC parameters: flowid 96 _base_rtt=11685600 _base_bdp=146070 _bdp=146070 _min_cwnd=4150 _maxwnd=219105 _cwnd=219105
Initialize per-instance NSCC parameters: flowid 97 _base_rtt=11685600 _base_bdp=146070 _bdp=146070 _min_cwnd=4150 _maxwnd=219105 _cwnd=219105
Initialize per-instance NSCC parameters: flowid 98 _base_rtt=11685600 _base_bdp=146070 _bdp=146070 _min_cwnd=4150 _maxwnd=219105 _cwnd=219105
Initialize per-instance NSCC parameters: flowid 99 _base_rtt=11685600 _base_bdp=146070 _bdp=146070 _min_cwnd=4150 _maxwnd=219105 _cwnd=219105
Initialize per-instance NSCC parameters: flowid 100 _base_rtt=11685600 _base_bdp=146070 _bdp=146070 _min_cwnd=4150 _maxwnd=219105 _cwnd=219105
Initialize per-instance NSCC parameters: flowid 101 _base_rtt=11685600 _base_bdp=146070 _bdp=146070 _min_cwnd=4150 _maxwnd=219105 _cwnd=219105
Initialize per-instance NSCC parameters: flowid 102 _base_rtt=11685600 _base_bdp=146070 _bdp=146070 _min_cwnd=4150 _maxwnd=219105 _cwnd=219105
Initialize per-instance NSCC parameters: flowid 103 _base_rtt=11685600 _base_bdp=146070 _bdp=146070 _min_cwnd=4150 _maxwnd=219105 _cwnd=219105
Initialize per-instance NSCC parameters: flowid 104 _base_rtt=11685600 _base_bdp=146070 _bdp=146070 _min_cwnd=4150 _maxwnd=219105 _cwnd=219105
Initialize per-instance NSCC parameters: flowid 105 _base_rtt=11685600 _base_bdp=146070 _bdp=146070 _min_cwnd=4150 _maxwnd=219105 _cwnd=219105
Initialize per-instance NSCC parameters: flowid 106 _base_rtt=11685600 _base_bdp=146070 _bdp=146070 _min_cwnd=4150 _maxwnd=219105 _cwnd=219105
Initialize per-instance NSCC parameters: flowid 107 _base_rtt=11685600 _base_bdp=146070 _bdp=146070 _min_cwnd=4150 _maxwnd=219105 _cwnd=219105
Initialize per-instance NSCC parameters: flowid 108 _base_rtt=11685600 _base_bdp=146070 _bdp=146070 _min_cwnd=4150 _maxwnd=219105 _cwnd=219105
Initialize per-instance NSCC parameters: flowid 109 _base_rtt=11685600 _base_bdp=146070 _bdp=146070 _min_cwnd=4150 _maxwnd=219105 _cwnd=219105
Initialize per-instance NSCC parameters: flowid 110 _base_rtt=11685600 _base_bdp=146070 _bdp=146070 _min_cwnd=4150 _maxwnd=219105 _cwnd=219105
Initialize per-instance NSCC parameters: flowid 111 _base_rtt=11685600 _base_bdp=146070 _bdp=146070 _min_cwnd=4150 _maxwnd=219105 _cwnd=219105
Initialize per-instance NSCC parameters: flowid 112 _base_rtt=11685600 _base_bdp=146070 _bdp=146070 _min_cwnd=4150 _maxwnd=219105 _cwnd=219105
Initialize per-instance NSCC parameters: flowid 113 _base_rtt=11685600 _base_bdp=146070 _bdp=146070 _min_cwnd=4150 _maxwnd=219105 _cwnd=219105
Initialize per-instance NSCC parameters: flowid 114 _base_rtt=11685600 _base_bdp=146070 _bdp=146070 _min_cwnd=4150 _maxwnd=219105 _cwnd=219105
Initialize per-instance NSCC parameters: flowid 115 _base_rtt=11685600 _base_bdp=146070 _bdp=146070 _min_cwnd=4150 _maxwnd=219105 _cwnd=219105
Initialize per-instance NSCC parameters: flowid 116 _base_rtt=11685600 _base_bdp=146070 _bdp=146070 _min_cwnd=4150 _maxwnd=219105 _cwnd=219105
Initialize per-instance NSCC parameters: flowid 117 _base_rtt=11685600 _base_bdp=146070 _bdp=146070 _min_cwnd=4150 _maxwnd=219105 _cwnd=219105
Initialize per-instance NSCC parameters: flowid 118 _base_rtt=11685600 _base_bdp=146070 _bdp=146070 _min_cwnd=4150 _maxwnd=219105 _cwnd=219105
Initialize per-instance NSCC parameters: flowid 119 _base_rtt=11685600 _base_bdp=146070 _bdp=146070 _min_cwnd=4150 _maxwnd=219105 _cwnd=219105
Initialize per-instance NSCC parameters: flowid 120 _base_rtt=11685600 _base_bdp=146070 _bdp=146070 _min_cwnd=4150 _maxwnd=219105 _cwnd=219105
Initialize per-instance NSCC parameters: flowid 121 _base_rtt=11685600 _base_bdp=146070 _bdp=146070 _min_cwnd=4150 _maxwnd=219105 _cwnd=219105
Initialize per-instance NSCC parameters: flowid 122 _base_rtt=11685600 _base_bdp=146070 _bdp=146070 _min_cwnd=4150 _maxwnd=219105 _cwnd=219105
Initialize per-instance NSCC parameters: flowid 123 _base_rtt=11685600 _base_bdp=146070 _bdp=146070 _min_cwnd=4150 _maxwnd=219105 _cwnd=219105
Initialize per-instance NSCC parameters: flowid 124 _base_rtt=11685600 _base_bdp=146070 _bdp=146070 _min_cwnd=4150 _maxwnd=219105 _cwnd=219105
Initialize per-instance NSCC parameters: flowid 125 _base_rtt=11685600 _base_bdp=146070 _bdp=146070 _min_cwnd=4150 _maxwnd=219105 _cwnd=219105
Initialize per-instance NSCC parameters: flowid 126 _base_rtt=11685600 _base_bdp=146070 _bdp=146070 _min_cwnd=4150 _maxwnd=219105 _cwnd=219105
Initialize per-instance NSCC parameters: flowid 127 _base_rtt=11685600 _base_bdp=146070 _bdp=146070 _min_cwnd=4150 _maxwnd=219105 _cwnd=219105
Initialize per-instance NSCC parameters: flowid 128 _base_rtt=11685600 _base_bdp=146070 _bdp=146070 _min_cwnd=4150 _maxwnd=219105 _cwnd=219105
Initialize per-instance NSCC parameters: flowid 129 _base_rtt=11685600 _base_bdp=146070 _bdp=146070 _min_cwnd=4150 _maxwnd=219105 _cwnd=219105
Initialize per-instance NSCC parameters: flowid 130 _base_rtt=11685600 _base_bdp=146070 _bdp=146070 _min_cwnd=4150 _maxwnd=219105 _cwnd=219105
Initialize per-instance NSCC parameters: flowid 131 _base_rtt=11685600 _base_bdp=146070 _bdp=146070 _min_cwnd=4150 _maxwnd=219105 _cwnd=219105
Initialize per-instance NSCC parameters: flowid 132 _base_rtt=11685600 _base_bdp=146070 _bdp=146070 _min_cwnd=4150 _maxwnd=219105 _cwnd=219105
Initialize per-instance NSCC parameters: flowid 133 _base_rtt=11685600 _base_bdp=146070 _bdp=146070 _min_cwnd=4150 _maxwnd=219105 _cwnd=219105
Initialize per-instance NSCC parameters: flowid 134 _base_rtt=11685600 _base_bdp=146070 _bdp=146070 _min_cwnd=4150 _maxwnd=219105 _cwnd=219105
Initialize per-instance NSCC parameters: flowid 135 _base_rtt=11685600 _base_bdp=146070 _bdp=146070 _min_cwnd=4150 _maxwnd=219105 _cwnd=219105
Initialize per-instance NSCC parameters: flowid 136 _base_rtt=11685600 _base_bdp=146070 _bdp=146070 _min_cwnd=4150 _maxwnd=219105 _cwnd=219105
Initialize per-instance NSCC parameters: flowid 137 _base_rtt=11685600 _base_bdp=146070 _bdp=146070 _min_cwnd=4150 _maxwnd=219105 _cwnd=219105
Initialize per-instance NSCC parameters: flowid 138 _base_rtt=11685600 _base_bdp=146070 _bdp=146070 _min_cwnd=4150 _maxwnd=219105 _cwnd=219105
Initialize per-instance NSCC parameters: flowid 139 _base_rtt=11685600 _base_bdp=146070 _bdp=146070 _min_cwnd=4150 _maxwnd=219105 _cwnd=219105
Initialize per-instance NSCC parameters: flowid 140 _base_rtt=11685600 _base_bdp=146070 _bdp=146070 _min_cwnd=4150 _maxwnd=219105 _cwnd=219105
Initialize per-instance NSCC parameters: flowid 141 _base_rtt=11685600 _base_bdp=146070 _bdp=146070 _min_cwnd=4150 _maxwnd=219105 _cwnd=219105
Initialize per-instance NSCC parameters: flowid 142 _base_rtt=11685600 _base_bdp=146070 _bdp=146070 _min_cwnd=4150 _maxwnd=219105 _cwnd=219105
Initialize per-instance NSCC parameters: flowid 143 _base_rtt=11685600 _base_bdp=146070 _bdp=146070 _min_cwnd=4150 _maxwnd=219105 _cwnd=219105
Initialize per-instance NSCC parameters: flowid 144 _base_rtt=11685600 _base_bdp=146070 _bdp=146070 _min_cwnd=4150 _maxwnd=219105 _cwnd=219105
Initialize per-instance NSCC parameters: flowid 145 _base_rtt=11685600 _base_bdp=146070 _bdp=146070 _min_cwnd=4150 _maxwnd=219105 _cwnd=219105
Initialize per-instance NSCC parameters: flowid 146 _base_rtt=11685600 _base_bdp=146070 _bdp=146070 _min_cwnd=4150 _maxwnd=219105 _cwnd=219105
Initialize per-instance NSCC parameters: flowid 147 _base_rtt=11685600 _base_bdp=146070 _bdp=146070 _min_cwnd=4150 _maxwnd=219105 _cwnd=219105
Initialize per-instance NSCC parameters: flowid 148 _base_rtt=11685600 _base_bdp=146070 _bdp=146070 _min_cwnd=4150 _maxwnd=219105 _cwnd=219105
Initialize per-instance NSCC parameters: flowid 149 _base_rtt=11685600 _base_bdp=146070 _bdp=146070 _min_cwnd=4150 _maxwnd=219105 _cwnd=219105
Initialize per-instance NSCC parameters: flowid 150 _base_rtt=11685600 _base_bdp=146070 _bdp=146070 _min_cwnd=4150 _maxwnd=219105 _cwnd=219105
Initialize per-instance NSCC parameters: flowid 151 _base_rtt=11685600 _base_bdp=146070 _bdp=146070 _min_cwnd=4150 _maxwnd=219105 _cwnd=219105
Initialize per-instance NSCC parameters: flowid 152 _base_rtt=11685600 _base_bdp=146070 _bdp=146070 _min_cwnd=4150 _maxwnd=219105 _cwnd=219105
Initialize per-instance NSCC parameters: flowid 153 _base_rtt=11685600 _base_bdp=146070 _bdp=146070 _min_cwnd=4150 _maxwnd=219105 _cwnd=219105
Initialize per-instance NSCC parameters: flowid 154 _base_rtt=11685600 _base_bdp=146070 _bdp=146070 _min_cwnd=4150 _maxwnd=219105 _cwnd=219105
Initialize per-instance NSCC parameters: flowid 155 _base_rtt=11685600 _base_bdp=146070 _bdp=146070 _min_cwnd=4150 _maxwnd=219105 _cwnd=219105
Initialize per-instance NSCC parameters: flowid 156 _base_rtt=11685600 _base_bdp=146070 _bdp=146070 _min_cwnd=4150 _maxwnd=219105 _cwnd=219105
Initialize per-instance NSCC parameters: flowid 157 _base_rtt=11685600 _base_bdp=146070 _bdp=146070 _min_cwnd=4150 _maxwnd=219105 _cwnd=219105
Initialize per-instance NSCC parameters: flowid 158 _base_rtt=11685600 _base_bdp=146070 _bdp=146070 _min_cwnd=4150 _maxwnd=219105 _cwnd=219105
Initialize per-instance NSCC parameters: flowid 159 _base_rtt=11685600 _base_bdp=146070 _bdp=146070 _min_cwnd=4150 _maxwnd=219105 _cwnd=219105
Initialize per-instance NSCC parameters: flowid 160 _base_rtt=11685600 _base_bdp=146070 _bdp=146070 _min_cwnd=4150 _maxwnd=219105 _cwnd=219105
Initialize per-instance NSCC parameters: flowid 161 _base_rtt=11685600 _base_bdp=146070 _bdp=146070 _min_cwnd=4150 _maxwnd=219105 _cwnd=219105
Initialize per-instance NSCC parameters: flowid 162 _base_rtt=11685600 _base_bdp=146070 _bdp=146070 _min_cwnd=4150 _maxwnd=219105 _cwnd=219105
Initialize per-instance NSCC parameters: flowid 163 _base_rtt=11685600 _base_bdp=146070 _bdp=146070 _min_cwnd=4150 _maxwnd=219105 _cwnd=219105
Initialize per-instance NSCC parameters: flowid 164 _base_rtt=11685600 _base_bdp=146070 _bdp=146070 _min_cwnd=4150 _maxwnd=219105 _cwnd=219105
Initialize per-instance NSCC parameters: flowid 165 _base_rtt=11685600 _base_bdp=146070 _bdp=146070 _min_cwnd=4150 _maxwnd=219105 _cwnd=219105
Initialize per-instance NSCC parameters: flowid 166 _base_rtt=11685600 _base_bdp=146070 _bdp=146070 _min_cwnd=4150 _maxwnd=219105 _cwnd=219105
Initialize per-instance NSCC parameters: flowid 167 _base_rtt=11685600 _base_bdp=146070 _bdp=146070 _min_cwnd=4150 _maxwnd=219105 _cwnd=219105
Initialize per-instance NSCC parameters: flowid 168 _base_rtt=11685600 _base_bdp=146070 _bdp=146070 _min_cwnd=4150 _maxwnd=219105 _cwnd=219105
Initialize per-instance NSCC parameters: flowid 169 _base_rtt=11685600 _base_bdp=146070 _bdp=146070 _min_cwnd=4150 _maxwnd=219105 _cwnd=219105
Initialize per-instance NSCC parameters: flowid 170 _base_rtt=11685600 _base_bdp=146070 _bdp=146070 _min_cwnd=4150 _maxwnd=219105 _cwnd=219105
Initialize per-instance NSCC parameters: flowid 171 _base_rtt=11685600 _base_bdp=146070 _bdp=146070 _min_cwnd=4150 _maxwnd=219105 _cwnd=219105
Initialize per-instance NSCC parameters: flowid 172 _base_rtt=11685600 _base_bdp=146070 _bdp=146070 _min_cwnd=4150 _maxwnd=219105 _cwnd=219105
Initialize per-instance NSCC parameters: flowid 173 _base_rtt=11685600 _base_bdp=146070 _bdp=146070 _min_cwnd=4150 _maxwnd=219105 _cwnd=219105
Initialize per-instance NSCC parameters: flowid 174 _base_rtt=11685600 _base_bdp=146070 _bdp=146070 _min_cwnd=4150 _maxwnd=219105 _cwnd=219105
Initialize per-instance NSCC parameters: flowid 175 _base_rtt=11685600 _base_bdp=146070 _bdp=146070 _min_cwnd=4150 _maxwnd=219105 _cwnd=219105
Initialize per-instance NSCC parameters: flowid 176 _base_rtt=11685600 _base_bdp=146070 _bdp=146070 _min_cwnd=4150 _maxwnd=219105 _cwnd=219105
Initialize per-instance NSCC parameters: flowid 177 _base_rtt=11685600 _base_bdp=146070 _bdp=146070 _min_cwnd=4150 _maxwnd=219105 _cwnd=219105
Initialize per-instance NSCC parameters: flowid 178 _base_rtt=11685600 _base_bdp=146070 _bdp=146070 _min_cwnd=4150 _maxwnd=219105 _cwnd=219105
Initialize per-instance NSCC parameters: flowid 179 _base_rtt=11685600 _base_bdp=146070 _bdp=146070 _min_cwnd=4150 _maxwnd=219105 _cwnd=219105
Initialize per-instance NSCC parameters: flowid 180 _base_rtt=11685600 _base_bdp=146070 _bdp=146070 _min_cwnd=4150 _maxwnd=219105 _cwnd=219105
Initialize per-instance NSCC parameters: flowid 181 _base_rtt=11685600 _base_bdp=146070 _bdp=146070 _min_cwnd=4150 _maxwnd=219105 _cwnd=219105
Initialize per-instance NSCC parameters: flowid 182 _base_rtt=11685600 _base_bdp=146070 _bdp=146070 _min_cwnd=4150 _maxwnd=219105 _cwnd=219105
Initialize per-instance NSCC parameters: flowid 183 _base_rtt=11685600 _base_bdp=146070 _bdp=146070 _min_cwnd=4150 _maxwnd=219105 _cwnd=219105
Initialize per-instance NSCC parameters: flowid 184 _base_rtt=11685600 _base_bdp=146070 _bdp=146070 _min_cwnd=4150 _maxwnd=219105 _cwnd=219105
Initialize per-instance NSCC parameters: flowid 185 _base_rtt=11685600 _base_bdp=146070 _bdp=146070 _min_cwnd=4150 _maxwnd=219105 _cwnd=219105
Initialize per-instance NSCC parameters: flowid 186 _base_rtt=11685600 _base_bdp=146070 _bdp=146070 _min_cwnd=4150 _maxwnd=219105 _cwnd=219105
Initialize per-instance NSCC parameters: flowid 187 _base_rtt=11685600 _base_bdp=146070 _bdp=146070 _min_cwnd=4150 _maxwnd=219105 _cwnd=219105
Initialize per-instance NSCC parameters: flowid 188 _base_rtt=11685600 _base_bdp=146070 _bdp=146070 _min_cwnd=4150 _maxwnd=219105 _cwnd=219105
Initialize per-instance NSCC parameters: flowid 189 _base_rtt=11685600 _base_bdp=146070 _bdp=146070 _min_cwnd=4150 _maxwnd=219105 _cwnd=219105
Initialize per-instance NSCC parameters: flowid 190 _base_rtt=11685600 _base_bdp=146070 _bdp=146070 _min_cwnd=4150 _maxwnd=219105 _cwnd=219105
Initialize per-instance NSCC parameters: flowid 191 _base_rtt=11685600 _base_bdp=146070 _bdp=146070 _min_cwnd=4150 _maxwnd=219105 _cwnd=219105
Initialize per-instance NSCC parameters: flowid 192 _base_rtt=11685600 _base_bdp=146070 _bdp=146070 _min_cwnd=4150 _maxwnd=219105 _cwnd=219105
Initialize per-instance NSCC parameters: flowid 193 _base_rtt=11685600 _base_bdp=146070 _bdp=146070 _min_cwnd=4150 _maxwnd=219105 _cwnd=219105
Initialize per-instance NSCC parameters: flowid 194 _base_rtt=11685600 _base_bdp=146070 _bdp=146070 _min_cwnd=4150 _maxwnd=219105 _cwnd=219105
Initialize per-instance NSCC parameters: flowid 195 _base_rtt=11685600 _base_bdp=146070 _bdp=146070 _min_cwnd=4150 _maxwnd=219105 _cwnd=219105
Initialize per-instance NSCC parameters: flowid 196 _base_rtt=11685600 _base_bdp=146070 _bdp=146070 _min_cwnd=4150 _maxwnd=219105 _cwnd=219105
Initialize per-instance NSCC parameters: flowid 197 _base_rtt=11685600 _base_bdp=146070 _bdp=146070 _min_cwnd=4150 _maxwnd=219105 _cwnd=219105
Initialize per-instance NSCC parameters: flowid 198 _base_rtt=11685600 _base_bdp=146070 _bdp=146070 _min_cwnd=4150 _maxwnd=219105 _cwnd=219105
Initialize per-instance NSCC parameters: flowid 199 _base_rtt=11685600 _base_bdp=146070 _bdp=146070 _min_cwnd=4150 _maxwnd=219105 _cwnd=219105
Initialize per-instance NSCC parameters: flowid 200 _base_rtt=11685600 _base_bdp=146070 _bdp=146070 _min_cwnd=4150 _maxwnd=219105 _cwnd=219105
Initialize per-instance NSCC parameters: flowid 201 _base_rtt=11685600 _base_bdp=146070 _bdp=146070 _min_cwnd=4150 _maxwnd=219105 _cwnd=219105
Initialize per-instance NSCC parameters: flowid 202 _base_rtt=11685600 _base_bdp=146070 _bdp=146070 _min_cwnd=4150 _maxwnd=219105 _cwnd=219105
Initialize per-instance NSCC parameters: flowid 203 _base_rtt=11685600 _base_bdp=146070 _bdp=146070 _min_cwnd=4150 _maxwnd=219105 _cwnd=219105
Initialize per-instance NSCC parameters: flowid 204 _base_rtt=11685600 _base_bdp=146070 _bdp=146070 _min_cwnd=4150 _maxwnd=219105 _cwnd=219105
Initialize per-instance NSCC parameters: flowid 205 _base_rtt=11685600 _base_bdp=146070 _bdp=146070 _min_cwnd=4150 _maxwnd=219105 _cwnd=219105
Initialize per-instance NSCC parameters: flowid 206 _base_rtt=11685600 _base_bdp=146070 _bdp=146070 _min_cwnd=4150 _maxwnd=219105 _cwnd=219105
Initialize per-instance NSCC parameters: flowid 207 _base_rtt=11685600 _base_bdp=146070 _bdp=146070 _min_cwnd=4150 _maxwnd=219105 _cwnd=219105
Initialize per-instance NSCC parameters: flowid 208 _base_rtt=11685600 _base_bdp=146070 _bdp=146070 _min_cwnd=4150 _maxwnd=219105 _cwnd=219105
Initialize per-instance NSCC parameters: flowid 209 _base_rtt=11685600 _base_bdp=146070 _bdp=146070 _min_cwnd=4150 _maxwnd=219105 _cwnd=219105
Initialize per-instance NSCC parameters: flowid 210 _base_rtt=11685600 _base_bdp=146070 _bdp=146070 _min_cwnd=4150 _maxwnd=219105 _cwnd=219105
Initialize per-instance NSCC parameters: flowid 211 _base_rtt=11685600 _base_bdp=146070 _bdp=146070 _min_cwnd=4150 _maxwnd=219105 _cwnd=219105
Initialize per-instance NSCC parameters: flowid 212 _base_rtt=11685600 _base_bdp=146070 _bdp=146070 _min_cwnd=4150 _maxwnd=219105 _cwnd=219105
Initialize per-instance NSCC parameters: flowid 213 _base_rtt=11685600 _base_bdp=146070 _bdp=146070 _min_cwnd=4150 _maxwnd=219105 _cwnd=219105
Initialize per-instance NSCC parameters: flowid 214 _base_rtt=11685600 _base_bdp=146070 _bdp=146070 _min_cwnd=4150 _maxwnd=219105 _cwnd=219105
Initialize per-instance NSCC parameters: flowid 215 _base_rtt=11685600 _base_bdp=146070 _bdp=146070 _min_cwnd=4150 _maxwnd=219105 _cwnd=219105
Initialize per-instance NSCC parameters: flowid 216 _base_rtt=11685600 _base_bdp=146070 _bdp=146070 _min_cwnd=4150 _maxwnd=219105 _cwnd=219105
Initialize per-instance NSCC parameters: flowid 217 _base_rtt=11685600 _base_bdp=146070 _bdp=146070 _min_cwnd=4150 _maxwnd=219105 _cwnd=219105
Initialize per-instance NSCC parameters: flowid 218 _base_rtt=11685600 _base_bdp=146070 _bdp=146070 _min_cwnd=4150 _maxwnd=219105 _cwnd=219105
Initialize per-instance NSCC parameters: flowid 219 _base_rtt=11685600 _base_bdp=146070 _bdp=146070 _min_cwnd=4150 _maxwnd=219105 _cwnd=219105
Initialize per-instance NSCC parameters: flowid 220 _base_rtt=11685600 _base_bdp=146070 _bdp=146070 _min_cwnd=4150 _maxwnd=219105 _cwnd=219105
Initialize per-instance NSCC parameters: flowid 221 _base_rtt=11685600 _base_bdp=146070 _bdp=146070 _min_cwnd=4150 _maxwnd=219105 _cwnd=219105
Initialize per-instance NSCC parameters: flowid 222 _base_rtt=11685600 _base_bdp=146070 _bdp=146070 _min_cwnd=4150 _maxwnd=219105 _cwnd=219105
Initialize per-instance NSCC parameters: flowid 223 _base_rtt=11685600 _base_bdp=146070 _bdp=146070 _min_cwnd=4150 _maxwnd=219105 _cwnd=219105
Initialize per-instance NSCC parameters: flowid 224 _base_rtt=11685600 _base_bdp=146070 _bdp=146070 _min_cwnd=4150 _maxwnd=219105 _cwnd=219105
Initialize per-instance NSCC parameters: flowid 225 _base_rtt=11685600 _base_bdp=146070 _bdp=146070 _min_cwnd=4150 _maxwnd=219105 _cwnd=219105
Initialize per-instance NSCC parameters: flowid 226 _base_rtt=11685600 _base_bdp=146070 _bdp=146070 _min_cwnd=4150 _maxwnd=219105 _cwnd=219105
Initialize per-instance NSCC parameters: flowid 227 _base_rtt=11685600 _base_bdp=146070 _bdp=146070 _min_cwnd=4150 _maxwnd=219105 _cwnd=219105
Initialize per-instance NSCC parameters: flowid 228 _base_rtt=11685600 _base_bdp=146070 _bdp=146070 _min_cwnd=4150 _maxwnd=219105 _cwnd=219105
Initialize per-instance NSCC parameters: flowid 229 _base_rtt=11685600 _base_bdp=146070 _bdp=146070 _min_cwnd=4150 _maxwnd=219105 _cwnd=219105
Initialize per-instance NSCC parameters: flowid 230 _base_rtt=11685600 _base_bdp=146070 _bdp=146070 _min_cwnd=4150 _maxwnd=219105 _cwnd=219105
Initialize per-instance NSCC parameters: flowid 231 _base_rtt=11685600 _base_bdp=146070 _bdp=146070 _min_cwnd=4150 _maxwnd=219105 _cwnd=219105
Initialize per-instance NSCC parameters: flowid 232 _base_rtt=11685600 _base_bdp=146070 _bdp=146070 _min_cwnd=4150 _maxwnd=219105 _cwnd=219105
Initialize per-instance NSCC parameters: flowid 233 _base_rtt=11685600 _base_bdp=146070 _bdp=146070 _min_cwnd=4150 _maxwnd=219105 _cwnd=219105
Initialize per-instance NSCC parameters: flowid 234 _base_rtt=11685600 _base_bdp=146070 _bdp=146070 _min_cwnd=4150 _maxwnd=219105 _cwnd=219105
Initialize per-instance NSCC parameters: flowid 235 _base_rtt=11685600 _base_bdp=146070 _bdp=146070 _min_cwnd=4150 _maxwnd=219105 _cwnd=219105
Initialize per-instance NSCC parameters: flowid 236 _base_rtt=11685600 _base_bdp=146070 _bdp=146070 _min_cwnd=4150 _maxwnd=219105 _cwnd=219105
Initialize per-instance NSCC parameters: flowid 237 _base_rtt=11685600 _base_bdp=146070 _bdp=146070 _min_cwnd=4150 _maxwnd=219105 _cwnd=219105
Initialize per-instance NSCC parameters: flowid 238 _base_rtt=11685600 _base_bdp=146070 _bdp=146070 _min_cwnd=4150 _maxwnd=219105 _cwnd=219105
Initialize per-instance NSCC parameters: flowid 239 _base_rtt=11685600 _base_bdp=146070 _bdp=146070 _min_cwnd=4150 _maxwnd=219105 _cwnd=219105
Initialize per-instance NSCC parameters: flowid 240 _base_rtt=11685600 _base_bdp=146070 _bdp=146070 _min_cwnd=4150 _maxwnd=219105 _cwnd=219105
Initialize per-instance NSCC parameters: flowid 241 _base_rtt=11685600 _base_bdp=146070 _bdp=146070 _min_cwnd=4150 _maxwnd=219105 _cwnd=219105
Initialize per-instance NSCC parameters: flowid 242 _base_rtt=11685600 _base_bdp=146070 _bdp=146070 _min_cwnd=4150 _maxwnd=219105 _cwnd=219105
Initialize per-instance NSCC parameters: flowid 243 _base_rtt=11685600 _base_bdp=146070 _bdp=146070 _min_cwnd=4150 _maxwnd=219105 _cwnd=219105
Initialize per-instance NSCC parameters: flowid 244 _base_rtt=11685600 _base_bdp=146070 _bdp=146070 _min_cwnd=4150 _maxwnd=219105 _cwnd=219105
Initialize per-instance NSCC parameters: flowid 245 _base_rtt=11685600 _base_bdp=146070 _bdp=146070 _min_cwnd=4150 _maxwnd=219105 _cwnd=219105
Initialize per-instance NSCC parameters: flowid 246 _base_rtt=11685600 _base_bdp=146070 _bdp=146070 _min_cwnd=4150 _maxwnd=219105 _cwnd=219105
Initialize per-instance NSCC parameters: flowid 247 _base_rtt=11685600 _base_bdp=146070 _bdp=146070 _min_cwnd=4150 _maxwnd=219105 _cwnd=219105
Initialize per-instance NSCC parameters: flowid 248 _base_rtt=11685600 _base_bdp=146070 _bdp=146070 _min_cwnd=4150 _maxwnd=219105 _cwnd=219105
Initialize per-instance NSCC parameters: flowid 249 _base_rtt=11685600 _base_bdp=146070 _bdp=146070 _min_cwnd=4150 _maxwnd=219105 _cwnd=219105
Initialize per-instance NSCC parameters: flowid 250 _base_rtt=11685600 _base_bdp=146070 _bdp=146070 _min_cwnd=4150 _maxwnd=219105 _cwnd=219105
Initialize per-instance NSCC parameters: flowid 251 _base_rtt=11685600 _base_bdp=146070 _bdp=146070 _min_cwnd=4150 _maxwnd=219105 _cwnd=219105
Initialize per-instance NSCC parameters: flowid 252 _base_rtt=11685600 _base_bdp=146070 _bdp=146070 _min_cwnd=4150 _maxwnd=219105 _cwnd=219105
Initialize per-instance NSCC parameters: flowid 253 _base_rtt=11685600 _base_bdp=146070 _bdp=146070 _min_cwnd=4150 _maxwnd=219105 _cwnd=219105
Initialize per-instance NSCC parameters: flowid 254 _base_rtt=11685600 _base_bdp=146070 _bdp=146070 _min_cwnd=4150 _maxwnd=219105 _cwnd=219105
Initialize per-instance NSCC parameters: flowid 255 _base_rtt=11685600 _base_bdp=146070 _bdp=146070 _min_cwnd=4150 _maxwnd=219105 _cwnd=219105
Initialize per-instance NSCC parameters: flowid 256 _base_rtt=11685600 _base_bdp=146070 _bdp=146070 _min_cwnd=4150 _maxwnd=219105 _cwnd=219105
Initialize per-instance NSCC parameters: flowid 257 _base_rtt=11685600 _base_bdp=146070 _bdp=146070 _min_cwnd=4150 _maxwnd=219105 _cwnd=219105
Initialize per-instance NSCC parameters: flowid 258 _base_rtt=11685600 _base_bdp=146070 _bdp=146070 _min_cwnd=4150 _maxwnd=219105 _cwnd=219105
Initialize per-instance NSCC parameters: flowid 259 _base_rtt=11685600 _base_bdp=146070 _bdp=146070 _min_cwnd=4150 _maxwnd=219105 _cwnd=219105
Initialize per-instance NSCC parameters: flowid 260 _base_rtt=11685600 _base_bdp=146070 _bdp=146070 _min_cwnd=4150 _maxwnd=219105 _cwnd=219105
Initialize per-instance NSCC parameters: flowid 261 _base_rtt=11685600 _base_bdp=146070 _bdp=146070 _min_cwnd=4150 _maxwnd=219105 _cwnd=219105
Initialize per-instance NSCC parameters: flowid 262 _base_rtt=11685600 _base_bdp=146070 _bdp=146070 _min_cwnd=4150 _maxwnd=219105 _cwnd=219105
Initialize per-instance NSCC parameters: flowid 263 _base_rtt=11685600 _base_bdp=146070 _bdp=146070 _min_cwnd=4150 _maxwnd=219105 _cwnd=219105
Initialize per-instance NSCC parameters: flowid 264 _base_rtt=11685600 _base_bdp=146070 _bdp=146070 _min_cwnd=4150 _maxwnd=219105 _cwnd=219105
Initialize per-instance NSCC parameters: flowid 265 _base_rtt=11685600 _base_bdp=146070 _bdp=146070 _min_cwnd=4150 _maxwnd=219105 _cwnd=219105
Initialize per-instance NSCC parameters: flowid 266 _base_rtt=11685600 _base_bdp=146070 _bdp=146070 _min_cwnd=4150 _maxwnd=219105 _cwnd=219105
Initialize per-instance NSCC parameters: flowid 267 _base_rtt=11685600 _base_bdp=146070 _bdp=146070 _min_cwnd=4150 _maxwnd=219105 _cwnd=219105
Initialize per-instance NSCC parameters: flowid 268 _base_rtt=11685600 _base_bdp=146070 _bdp=146070 _min_cwnd=4150 _maxwnd=219105 _cwnd=219105
Initialize per-instance NSCC parameters: flowid 269 _base_rtt=11685600 _base_bdp=146070 _bdp=146070 _min_cwnd=4150 _maxwnd=219105 _cwnd=219105
Initialize per-instance NSCC parameters: flowid 270 _base_rtt=11685600 _base_bdp=146070 _bdp=146070 _min_cwnd=4150 _maxwnd=219105 _cwnd=219105
Initialize per-instance NSCC parameters: flowid 271 _base_rtt=11685600 _base_bdp=146070 _bdp=146070 _min_cwnd=4150 _maxwnd=219105 _cwnd=219105
Initialize per-instance NSCC parameters: flowid 272 _base_rtt=11685600 _base_bdp=146070 _bdp=146070 _min_cwnd=4150 _maxwnd=219105 _cwnd=219105
Initialize per-instance NSCC parameters: flowid 273 _base_rtt=11685600 _base_bdp=146070 _bdp=146070 _min_cwnd=4150 _maxwnd=219105 _cwnd=219105
Initialize per-instance NSCC parameters: flowid 274 _base_rtt=11685600 _base_bdp=146070 _bdp=146070 _min_cwnd=4150 _maxwnd=219105 _cwnd=219105
Initialize per-instance NSCC parameters: flowid 275 _base_rtt=11685600 _base_bdp=146070 _bdp=146070 _min_cwnd=4150 _maxwnd=219105 _cwnd=219105
Initialize per-instance NSCC parameters: flowid 276 _base_rtt=11685600 _base_bdp=146070 _bdp=146070 _min_cwnd=4150 _maxwnd=219105 _cwnd=219105
Initialize per-instance NSCC parameters: flowid 277 _base_rtt=11685600 _base_bdp=146070 _bdp=146070 _min_cwnd=4150 _maxwnd=219105 _cwnd=219105
Initialize per-instance NSCC parameters: flowid 278 _base_rtt=11685600 _base_bdp=146070 _bdp=146070 _min_cwnd=4150 _maxwnd=219105 _cwnd=219105
Initialize per-instance NSCC parameters: flowid 279 _base_rtt=11685600 _base_bdp=146070 _bdp=146070 _min_cwnd=4150 _maxwnd=219105 _cwnd=219105
Initialize per-instance NSCC parameters: flowid 280 _base_rtt=11685600 _base_bdp=146070 _bdp=146070 _min_cwnd=4150 _maxwnd=219105 _cwnd=219105
Initialize per-instance NSCC parameters: flowid 281 _base_rtt=11685600 _base_bdp=146070 _bdp=146070 _min_cwnd=4150 _maxwnd=219105 _cwnd=219105
Initialize per-instance NSCC parameters: flowid 282 _base_rtt=11685600 _base_bdp=146070 _bdp=146070 _min_cwnd=4150 _maxwnd=219105 _cwnd=219105
Initialize per-instance NSCC parameters: flowid 283 _base_rtt=11685600 _base_bdp=146070 _bdp=146070 _min_cwnd=4150 _maxwnd=219105 _cwnd=219105
Initialize per-instance NSCC parameters: flowid 284 _base_rtt=11685600 _base_bdp=146070 _bdp=146070 _min_cwnd=4150 _maxwnd=219105 _cwnd=219105
Initialize per-instance NSCC parameters: flowid 285 _base_rtt=11685600 _base_bdp=146070 _bdp=146070 _min_cwnd=4150 _maxwnd=219105 _cwnd=219105
Initialize per-instance NSCC parameters: flowid 286 _base_rtt=11685600 _base_bdp=146070 _bdp=146070 _min_cwnd=4150 _maxwnd=219105 _cwnd=219105
Initialize per-instance NSCC parameters: flowid 287 _base_rtt=11685600 _base_bdp=146070 _bdp=146070 _min_cwnd=4150 _maxwnd=219105 _cwnd=219105
Initialize per-instance NSCC parameters: flowid 288 _base_rtt=11685600 _base_bdp=146070 _bdp=146070 _min_cwnd=4150 _maxwnd=219105 _cwnd=219105
Initialize per-instance NSCC parameters: flowid 289 _base_rtt=11685600 _base_bdp=146070 _bdp=146070 _min_cwnd=4150 _maxwnd=219105 _cwnd=219105
Initialize per-instance NSCC parameters: flowid 290 _base_rtt=11685600 _base_bdp=146070 _bdp=146070 _min_cwnd=4150 _maxwnd=219105 _cwnd=219105
Initialize per-instance NSCC parameters: flowid 291 _base_rtt=11685600 _base_bdp=146070 _bdp=146070 _min_cwnd=4150 _maxwnd=219105 _cwnd=219105
Initialize per-instance NSCC parameters: flowid 292 _base_rtt=11685600 _base_bdp=146070 _bdp=146070 _min_cwnd=4150 _maxwnd=219105 _cwnd=219105
Initialize per-instance NSCC parameters: flowid 293 _base_rtt=11685600 _base_bdp=146070 _bdp=146070 _min_cwnd=4150 _maxwnd=219105 _cwnd=219105
Initialize per-instance NSCC parameters: flowid 294 _base_rtt=11685600 _base_bdp=146070 _bdp=146070 _min_cwnd=4150 _maxwnd=219105 _cwnd=219105
Initialize per-instance NSCC parameters: flowid 295 _base_rtt=11685600 _base_bdp=146070 _bdp=146070 _min_cwnd=4150 _maxwnd=219105 _cwnd=219105
Initialize per-instance NSCC parameters: flowid 296 _base_rtt=11685600 _base_bdp=146070 _bdp=146070 _min_cwnd=4150 _maxwnd=219105 _cwnd=219105
Initialize per-instance NSCC parameters: flowid 297 _base_rtt=11685600 _base_bdp=146070 _bdp=146070 _min_cwnd=4150 _maxwnd=219105 _cwnd=219105
Initialize per-instance NSCC parameters: flowid 298 _base_rtt=11685600 _base_bdp=146070 _bdp=146070 _min_cwnd=4150 _maxwnd=219105 _cwnd=219105
Initialize per-instance NSCC parameters: flowid 299 _base_rtt=11685600 _base_bdp=146070 _bdp=146070 _min_cwnd=4150 _maxwnd=219105 _cwnd=219105
Initialize per-instance NSCC parameters: flowid 300 _base_rtt=11685600 _base_bdp=146070 _bdp=146070 _min_cwnd=4150 _maxwnd=219105 _cwnd=219105
Initialize per-instance NSCC parameters: flowid 301 _base_rtt=11685600 _base_bdp=146070 _bdp=146070 _min_cwnd=4150 _maxwnd=219105 _cwnd=219105
Initialize per-instance NSCC parameters: flowid 302 _base_rtt=11685600 _base_bdp=146070 _bdp=146070 _min_cwnd=4150 _maxwnd=219105 _cwnd=219105
Initialize per-instance NSCC parameters: flowid 303 _base_rtt=11685600 _base_bdp=146070 _bdp=146070 _min_cwnd=4150 _maxwnd=219105 _cwnd=219105
Initialize per-instance NSCC parameters: flowid 304 _base_rtt=11685600 _base_bdp=146070 _bdp=146070 _min_cwnd=4150 _maxwnd=219105 _cwnd=219105
Initialize per-instance NSCC parameters: flowid 305 _base_rtt=11685600 _base_bdp=146070 _bdp=146070 _min_cwnd=4150 _maxwnd=219105 _cwnd=219105
Initialize per-instance NSCC parameters: flowid 306 _base_rtt=11685600 _base_bdp=146070 _bdp=146070 _min_cwnd=4150 _maxwnd=219105 _cwnd=219105
Initialize per-instance NSCC parameters: flowid 307 _base_rtt=11685600 _base_bdp=146070 _bdp=146070 _min_cwnd=4150 _maxwnd=219105 _cwnd=219105
Initialize per-instance NSCC parameters: flowid 308 _base_rtt=11685600 _base_bdp=146070 _bdp=146070 _min_cwnd=4150 _maxwnd=219105 _cwnd=219105
Initialize per-instance NSCC parameters: flowid 309 _base_rtt=11685600 _base_bdp=146070 _bdp=146070 _min_cwnd=4150 _maxwnd=219105 _cwnd=219105
Initialize per-instance NSCC parameters: flowid 310 _base_rtt=11685600 _base_bdp=146070 _bdp=146070 _min_cwnd=4150 _maxwnd=219105 _cwnd=219105
Initialize per-instance NSCC parameters: flowid 311 _base_rtt=11685600 _base_bdp=146070 _bdp=146070 _min_cwnd=4150 _maxwnd=219105 _cwnd=219105
Initialize per-instance NSCC parameters: flowid 312 _base_rtt=11685600 _base_bdp=146070 _bdp=146070 _min_cwnd=4150 _maxwnd=219105 _cwnd=219105
Initialize per-instance NSCC parameters: flowid 313 _base_rtt=11685600 _base_bdp=146070 _bdp=146070 _min_cwnd=4150 _maxwnd=219105 _cwnd=219105
Initialize per-instance NSCC parameters: flowid 314 _base_rtt=11685600 _base_bdp=146070 _bdp=146070 _min_cwnd=4150 _maxwnd=219105 _cwnd=219105
Initialize per-instance NSCC parameters: flowid 315 _base_rtt=11685600 _base_bdp=146070 _bdp=146070 _min_cwnd=4150 _maxwnd=219105 _cwnd=219105
Initialize per-instance NSCC parameters: flowid 316 _base_rtt=11685600 _base_bdp=146070 _bdp=146070 _min_cwnd=4150 _maxwnd=219105 _cwnd=219105
Initialize per-instance NSCC parameters: flowid 317 _base_rtt=11685600 _base_bdp=146070 _bdp=146070 _min_cwnd=4150 _maxwnd=219105 _cwnd=219105
Initialize per-instance NSCC parameters: flowid 318 _base_rtt=11685600 _base_bdp=146070 _bdp=146070 _min_cwnd=4150 _maxwnd=219105 _cwnd=219105
Initialize per-instance NSCC parameters: flowid 319 _base_rtt=11685600 _base_bdp=146070 _bdp=146070 _min_cwnd=4150 _maxwnd=219105 _cwnd=219105
Initialize per-instance NSCC parameters: flowid 320 _base_rtt=11685600 _base_bdp=146070 _bdp=146070 _min_cwnd=4150 _maxwnd=219105 _cwnd=219105
Initialize per-instance NSCC parameters: flowid 321 _base_rtt=11685600 _base_bdp=146070 _bdp=146070 _min_cwnd=4150 _maxwnd=219105 _cwnd=219105
Initialize per-instance NSCC parameters: flowid 322 _base_rtt=11685600 _base_bdp=146070 _bdp=146070 _min_cwnd=4150 _maxwnd=219105 _cwnd=219105
Initialize per-instance NSCC parameters: flowid 323 _base_rtt=11685600 _base_bdp=146070 _bdp=146070 _min_cwnd=4150 _maxwnd=219105 _cwnd=219105
Initialize per-instance NSCC parameters: flowid 324 _base_rtt=11685600 _base_bdp=146070 _bdp=146070 _min_cwnd=4150 _maxwnd=219105 _cwnd=219105
Initialize per-instance NSCC parameters: flowid 325 _base_rtt=11685600 _base_bdp=146070 _bdp=146070 _min_cwnd=4150 _maxwnd=219105 _cwnd=219105
Initialize per-instance NSCC parameters: flowid 326 _base_rtt=11685600 _base_bdp=146070 _bdp=146070 _min_cwnd=4150 _maxwnd=219105 _cwnd=219105
Initialize per-instance NSCC parameters: flowid 327 _base_rtt=11685600 _base_bdp=146070 _bdp=146070 _min_cwnd=4150 _maxwnd=219105 _cwnd=219105
Initialize per-instance NSCC parameters: flowid 328 _base_rtt=11685600 _base_bdp=146070 _bdp=146070 _min_cwnd=4150 _maxwnd=219105 _cwnd=219105
Initialize per-instance NSCC parameters: flowid 329 _base_rtt=11685600 _base_bdp=146070 _bdp=146070 _min_cwnd=4150 _maxwnd=219105 _cwnd=219105
Initialize per-instance NSCC parameters: flowid 330 _base_rtt=11685600 _base_bdp=146070 _bdp=146070 _min_cwnd=4150 _maxwnd=219105 _cwnd=219105
Initialize per-instance NSCC parameters: flowid 331 _base_rtt=11685600 _base_bdp=146070 _bdp=146070 _min_cwnd=4150 _maxwnd=219105 _cwnd=219105
Initialize per-instance NSCC parameters: flowid 332 _base_rtt=11685600 _base_bdp=146070 _bdp=146070 _min_cwnd=4150 _maxwnd=219105 _cwnd=219105
Initialize per-instance NSCC parameters: flowid 333 _base_rtt=11685600 _base_bdp=146070 _bdp=146070 _min_cwnd=4150 _maxwnd=219105 _cwnd=219105
Initialize per-instance NSCC parameters: flowid 334 _base_rtt=11685600 _base_bdp=146070 _bdp=146070 _min_cwnd=4150 _maxwnd=219105 _cwnd=219105
Initialize per-instance NSCC parameters: flowid 335 _base_rtt=11685600 _base_bdp=146070 _bdp=146070 _min_cwnd=4150 _maxwnd=219105 _cwnd=219105
Initialize per-instance NSCC parameters: flowid 336 _base_rtt=11685600 _base_bdp=146070 _bdp=146070 _min_cwnd=4150 _maxwnd=219105 _cwnd=219105
Initialize per-instance NSCC parameters: flowid 337 _base_rtt=11685600 _base_bdp=146070 _bdp=146070 _min_cwnd=4150 _maxwnd=219105 _cwnd=219105
Initialize per-instance NSCC parameters: flowid 338 _base_rtt=11685600 _base_bdp=146070 _bdp=146070 _min_cwnd=4150 _maxwnd=219105 _cwnd=219105
Initialize per-instance NSCC parameters: flowid 339 _base_rtt=11685600 _base_bdp=146070 _bdp=146070 _min_cwnd=4150 _maxwnd=219105 _cwnd=219105
Initialize per-instance NSCC parameters: flowid 340 _base_rtt=11685600 _base_bdp=146070 _bdp=146070 _min_cwnd=4150 _maxwnd=219105 _cwnd=219105
Initialize per-instance NSCC parameters: flowid 341 _base_rtt=11685600 _base_bdp=146070 _bdp=146070 _min_cwnd=4150 _maxwnd=219105 _cwnd=219105
Initialize per-instance NSCC parameters: flowid 342 _base_rtt=11685600 _base_bdp=146070 _bdp=146070 _min_cwnd=4150 _maxwnd=219105 _cwnd=219105
Initialize per-instance NSCC parameters: flowid 343 _base_rtt=11685600 _base_bdp=146070 _bdp=146070 _min_cwnd=4150 _maxwnd=219105 _cwnd=219105
Initialize per-instance NSCC parameters: flowid 344 _base_rtt=11685600 _base_bdp=146070 _bdp=146070 _min_cwnd=4150 _maxwnd=219105 _cwnd=219105
Initialize per-instance NSCC parameters: flowid 345 _base_rtt=11685600 _base_bdp=146070 _bdp=146070 _min_cwnd=4150 _maxwnd=219105 _cwnd=219105
Initialize per-instance NSCC parameters: flowid 346 _base_rtt=11685600 _base_bdp=146070 _bdp=146070 _min_cwnd=4150 _maxwnd=219105 _cwnd=219105
Initialize per-instance NSCC parameters: flowid 347 _base_rtt=11685600 _base_bdp=146070 _bdp=146070 _min_cwnd=4150 _maxwnd=219105 _cwnd=219105
Initialize per-instance NSCC parameters: flowid 348 _base_rtt=11685600 _base_bdp=146070 _bdp=146070 _min_cwnd=4150 _maxwnd=219105 _cwnd=219105
Initialize per-instance NSCC parameters: flowid 349 _base_rtt=11685600 _base_bdp=146070 _bdp=146070 _min_cwnd=4150 _maxwnd=219105 _cwnd=219105
Initialize per-instance NSCC parameters: flowid 350 _base_rtt=11685600 _base_bdp=146070 _bdp=146070 _min_cwnd=4150 _maxwnd=219105 _cwnd=219105
Initialize per-instance NSCC parameters: flowid 351 _base_rtt=11685600 _base_bdp=146070 _bdp=146070 _min_cwnd=4150 _maxwnd=219105 _cwnd=219105
Initialize per-instance NSCC parameters: flowid 352 _base_rtt=11685600 _base_bdp=146070 _bdp=146070 _min_cwnd=4150 _maxwnd=219105 _cwnd=219105
Initialize per-instance NSCC parameters: flowid 353 _base_rtt=11685600 _base_bdp=146070 _bdp=146070 _min_cwnd=4150 _maxwnd=219105 _cwnd=219105
Initialize per-instance NSCC parameters: flowid 354 _base_rtt=11685600 _base_bdp=146070 _bdp=146070 _min_cwnd=4150 _maxwnd=219105 _cwnd=219105
Initialize per-instance NSCC parameters: flowid 355 _base_rtt=11685600 _base_bdp=146070 _bdp=146070 _min_cwnd=4150 _maxwnd=219105 _cwnd=219105
Initialize per-instance NSCC parameters: flowid 356 _base_rtt=11685600 _base_bdp=146070 _bdp=146070 _min_cwnd=4150 _maxwnd=219105 _cwnd=219105
Initialize per-instance NSCC parameters: flowid 357 _base_rtt=11685600 _base_bdp=146070 _bdp=146070 _min_cwnd=4150 _maxwnd=219105 _cwnd=219105
Initialize per-instance NSCC parameters: flowid 358 _base_rtt=11685600 _base_bdp=146070 _bdp=146070 _min_cwnd=4150 _maxwnd=219105 _cwnd=219105
Initialize per-instance NSCC parameters: flowid 359 _base_rtt=11685600 _base_bdp=146070 _bdp=146070 _min_cwnd=4150 _maxwnd=219105 _cwnd=219105
Initialize per-instance NSCC parameters: flowid 360 _base_rtt=11685600 _base_bdp=146070 _bdp=146070 _min_cwnd=4150 _maxwnd=219105 _cwnd=219105
Initialize per-instance NSCC parameters: flowid 361 _base_rtt=11685600 _base_bdp=146070 _bdp=146070 _min_cwnd=4150 _maxwnd=219105 _cwnd=219105
Initialize per-instance NSCC parameters: flowid 362 _base_rtt=11685600 _base_bdp=146070 _bdp=146070 _min_cwnd=4150 _maxwnd=219105 _cwnd=219105
Initialize per-instance NSCC parameters: flowid 363 _base_rtt=11685600 _base_bdp=146070 _bdp=146070 _min_cwnd=4150 _maxwnd=219105 _cwnd=219105
Initialize per-instance NSCC parameters: flowid 364 _base_rtt=11685600 _base_bdp=146070 _bdp=146070 _min_cwnd=4150 _maxwnd=219105 _cwnd=219105
Initialize per-instance NSCC parameters: flowid 365 _base_rtt=11685600 _base_bdp=146070 _bdp=146070 _min_cwnd=4150 _maxwnd=219105 _cwnd=219105
Initialize per-instance NSCC parameters: flowid 366 _base_rtt=11685600 _base_bdp=146070 _bdp=146070 _min_cwnd=4150 _maxwnd=219105 _cwnd=219105
Initialize per-instance NSCC parameters: flowid 367 _base_rtt=11685600 _base_bdp=146070 _bdp=146070 _min_cwnd=4150 _maxwnd=219105 _cwnd=219105
Initialize per-instance NSCC parameters: flowid 368 _base_rtt=11685600 _base_bdp=146070 _bdp=146070 _min_cwnd=4150 _maxwnd=219105 _cwnd=219105
Initialize per-instance NSCC parameters: flowid 369 _base_rtt=11685600 _base_bdp=146070 _bdp=146070 _min_cwnd=4150 _maxwnd=219105 _cwnd=219105
Initialize per-instance NSCC parameters: flowid 370 _base_rtt=11685600 _base_bdp=146070 _bdp=146070 _min_cwnd=4150 _maxwnd=219105 _cwnd=219105
Initialize per-instance NSCC parameters: flowid 371 _base_rtt=11685600 _base_bdp=146070 _bdp=146070 _min_cwnd=4150 _maxwnd=219105 _cwnd=219105
Initialize per-instance NSCC parameters: flowid 372 _base_rtt=11685600 _base_bdp=146070 _bdp=146070 _min_cwnd=4150 _maxwnd=219105 _cwnd=219105
Initialize per-instance NSCC parameters: flowid 373 _base_rtt=11685600 _base_bdp=146070 _bdp=146070 _min_cwnd=4150 _maxwnd=219105 _cwnd=219105
Initialize per-instance NSCC parameters: flowid 374 _base_rtt=11685600 _base_bdp=146070 _bdp=146070 _min_cwnd=4150 _maxwnd=219105 _cwnd=219105
Initialize per-instance NSCC parameters: flowid 375 _base_rtt=11685600 _base_bdp=146070 _bdp=146070 _min_cwnd=4150 _maxwnd=219105 _cwnd=219105
Initialize per-instance NSCC parameters: flowid 376 _base_rtt=11685600 _base_bdp=146070 _bdp=146070 _min_cwnd=4150 _maxwnd=219105 _cwnd=219105
Initialize per-instance NSCC parameters: flowid 377 _base_rtt=11685600 _base_bdp=146070 _bdp=146070 _min_cwnd=4150 _maxwnd=219105 _cwnd=219105
Initialize per-instance NSCC parameters: flowid 378 _base_rtt=11685600 _base_bdp=146070 _bdp=146070 _min_cwnd=4150 _maxwnd=219105 _cwnd=219105
Initialize per-instance NSCC parameters: flowid 379 _base_rtt=11685600 _base_bdp=146070 _bdp=146070 _min_cwnd=4150 _maxwnd=219105 _cwnd=219105
Initialize per-instance NSCC parameters: flowid 380 _base_rtt=11685600 _base_bdp=146070 _bdp=146070 _min_cwnd=4150 _maxwnd=219105 _cwnd=219105
Initialize per-instance NSCC parameters: flowid 381 _base_rtt=11685600 _base_bdp=146070 _bdp=146070 _min_cwnd=4150 _maxwnd=219105 _cwnd=219105
Initialize per-instance NSCC parameters: flowid 382 _base_rtt=11685600 _base_bdp=146070 _bdp=146070 _min_cwnd=4150 _maxwnd=219105 _cwnd=219105
Initialize per-instance NSCC parameters: flowid 383 _base_rtt=11685600 _base_bdp=146070 _bdp=146070 _min_cwnd=4150 _maxwnd=219105 _cwnd=219105
Initialize per-instance NSCC parameters: flowid 384 _base_rtt=11685600 _base_bdp=146070 _bdp=146070 _min_cwnd=4150 _maxwnd=219105 _cwnd=219105
Initialize per-instance NSCC parameters: flowid 385 _base_rtt=11685600 _base_bdp=146070 _bdp=146070 _min_cwnd=4150 _maxwnd=219105 _cwnd=219105
Initialize per-instance NSCC parameters: flowid 386 _base_rtt=11685600 _base_bdp=146070 _bdp=146070 _min_cwnd=4150 _maxwnd=219105 _cwnd=219105
Initialize per-instance NSCC parameters: flowid 387 _base_rtt=11685600 _base_bdp=146070 _bdp=146070 _min_cwnd=4150 _maxwnd=219105 _cwnd=219105
Initialize per-instance NSCC parameters: flowid 388 _base_rtt=11685600 _base_bdp=146070 _bdp=146070 _min_cwnd=4150 _maxwnd=219105 _cwnd=219105
Initialize per-instance NSCC parameters: flowid 389 _base_rtt=11685600 _base_bdp=146070 _bdp=146070 _min_cwnd=4150 _maxwnd=219105 _cwnd=219105
Initialize per-instance NSCC parameters: flowid 390 _base_rtt=11685600 _base_bdp=146070 _bdp=146070 _min_cwnd=4150 _maxwnd=219105 _cwnd=219105
Initialize per-instance NSCC parameters: flowid 391 _base_rtt=11685600 _base_bdp=146070 _bdp=146070 _min_cwnd=4150 _maxwnd=219105 _cwnd=219105
Initialize per-instance NSCC parameters: flowid 392 _base_rtt=11685600 _base_bdp=146070 _bdp=146070 _min_cwnd=4150 _maxwnd=219105 _cwnd=219105
Initialize per-instance NSCC parameters: flowid 393 _base_rtt=11685600 _base_bdp=146070 _bdp=146070 _min_cwnd=4150 _maxwnd=219105 _cwnd=219105
Initialize per-instance NSCC parameters: flowid 394 _base_rtt=11685600 _base_bdp=146070 _bdp=146070 _min_cwnd=4150 _maxwnd=219105 _cwnd=219105
Initialize per-instance NSCC parameters: flowid 395 _base_rtt=11685600 _base_bdp=146070 _bdp=146070 _min_cwnd=4150 _maxwnd=219105 _cwnd=219105
Initialize per-instance NSCC parameters: flowid 396 _base_rtt=11685600 _base_bdp=146070 _bdp=146070 _min_cwnd=4150 _maxwnd=219105 _cwnd=219105
Initialize per-instance NSCC parameters: flowid 397 _base_rtt=11685600 _base_bdp=146070 _bdp=146070 _min_cwnd=4150 _maxwnd=219105 _cwnd=219105
Initialize per-instance NSCC parameters: flowid 398 _base_rtt=11685600 _base_bdp=146070 _bdp=146070 _min_cwnd=4150 _maxwnd=219105 _cwnd=219105
Initialize per-instance NSCC parameters: flowid 399 _base_rtt=11685600 _base_bdp=146070 _bdp=146070 _min_cwnd=4150 _maxwnd=219105 _cwnd=219105
Initialize per-instance NSCC parameters: flowid 400 _base_rtt=11685600 _base_bdp=146070 _bdp=146070 _min_cwnd=4150 _maxwnd=219105 _cwnd=219105
Initialize per-instance NSCC parameters: flowid 401 _base_rtt=11685600 _base_bdp=146070 _bdp=146070 _min_cwnd=4150 _maxwnd=219105 _cwnd=219105
Initialize per-instance NSCC parameters: flowid 402 _base_rtt=11685600 _base_bdp=146070 _bdp=146070 _min_cwnd=4150 _maxwnd=219105 _cwnd=219105
Initialize per-instance NSCC parameters: flowid 403 _base_rtt=11685600 _base_bdp=146070 _bdp=146070 _min_cwnd=4150 _maxwnd=219105 _cwnd=219105
Initialize per-instance NSCC parameters: flowid 404 _base_rtt=11685600 _base_bdp=146070 _bdp=146070 _min_cwnd=4150 _maxwnd=219105 _cwnd=219105
Initialize per-instance NSCC parameters: flowid 405 _base_rtt=11685600 _base_bdp=146070 _bdp=146070 _min_cwnd=4150 _maxwnd=219105 _cwnd=219105
Initialize per-instance NSCC parameters: flowid 406 _base_rtt=11685600 _base_bdp=146070 _bdp=146070 _min_cwnd=4150 _maxwnd=219105 _cwnd=219105
Initialize per-instance NSCC parameters: flowid 407 _base_rtt=11685600 _base_bdp=146070 _bdp=146070 _min_cwnd=4150 _maxwnd=219105 _cwnd=219105
Initialize per-instance NSCC parameters: flowid 408 _base_rtt=11685600 _base_bdp=146070 _bdp=146070 _min_cwnd=4150 _maxwnd=219105 _cwnd=219105
Initialize per-instance NSCC parameters: flowid 409 _base_rtt=11685600 _base_bdp=146070 _bdp=146070 _min_cwnd=4150 _maxwnd=219105 _cwnd=219105
Initialize per-instance NSCC parameters: flowid 410 _base_rtt=11685600 _base_bdp=146070 _bdp=146070 _min_cwnd=4150 _maxwnd=219105 _cwnd=219105
Initialize per-instance NSCC parameters: flowid 411 _base_rtt=11685600 _base_bdp=146070 _bdp=146070 _min_cwnd=4150 _maxwnd=219105 _cwnd=219105
Initialize per-instance NSCC parameters: flowid 412 _base_rtt=11685600 _base_bdp=146070 _bdp=146070 _min_cwnd=4150 _maxwnd=219105 _cwnd=219105
Initialize per-instance NSCC parameters: flowid 413 _base_rtt=11685600 _base_bdp=146070 _bdp=146070 _min_cwnd=4150 _maxwnd=219105 _cwnd=219105
Initialize per-instance NSCC parameters: flowid 414 _base_rtt=11685600 _base_bdp=146070 _bdp=146070 _min_cwnd=4150 _maxwnd=219105 _cwnd=219105
Initialize per-instance NSCC parameters: flowid 415 _base_rtt=11685600 _base_bdp=146070 _bdp=146070 _min_cwnd=4150 _maxwnd=219105 _cwnd=219105
Initialize per-instance NSCC parameters: flowid 416 _base_rtt=11685600 _base_bdp=146070 _bdp=146070 _min_cwnd=4150 _maxwnd=219105 _cwnd=219105
Initialize per-instance NSCC parameters: flowid 417 _base_rtt=11685600 _base_bdp=146070 _bdp=146070 _min_cwnd=4150 _maxwnd=219105 _cwnd=219105
Initialize per-instance NSCC parameters: flowid 418 _base_rtt=11685600 _base_bdp=146070 _bdp=146070 _min_cwnd=4150 _maxwnd=219105 _cwnd=219105
Initialize per-instance NSCC parameters: flowid 419 _base_rtt=11685600 _base_bdp=146070 _bdp=146070 _min_cwnd=4150 _maxwnd=219105 _cwnd=219105
Initialize per-instance NSCC parameters: flowid 420 _base_rtt=11685600 _base_bdp=146070 _bdp=146070 _min_cwnd=4150 _maxwnd=219105 _cwnd=219105
Initialize per-instance NSCC parameters: flowid 421 _base_rtt=11685600 _base_bdp=146070 _bdp=146070 _min_cwnd=4150 _maxwnd=219105 _cwnd=219105
Initialize per-instance NSCC parameters: flowid 422 _base_rtt=11685600 _base_bdp=146070 _bdp=146070 _min_cwnd=4150 _maxwnd=219105 _cwnd=219105
Initialize per-instance NSCC parameters: flowid 423 _base_rtt=11685600 _base_bdp=146070 _bdp=146070 _min_cwnd=4150 _maxwnd=219105 _cwnd=219105
Initialize per-instance NSCC parameters: flowid 424 _base_rtt=11685600 _base_bdp=146070 _bdp=146070 _min_cwnd=4150 _maxwnd=219105 _cwnd=219105
Initialize per-instance NSCC parameters: flowid 425 _base_rtt=11685600 _base_bdp=146070 _bdp=146070 _min_cwnd=4150 _maxwnd=219105 _cwnd=219105
Initialize per-instance NSCC parameters: flowid 426 _base_rtt=11685600 _base_bdp=146070 _bdp=146070 _min_cwnd=4150 _maxwnd=219105 _cwnd=219105
Initialize per-instance NSCC parameters: flowid 427 _base_rtt=11685600 _base_bdp=146070 _bdp=146070 _min_cwnd=4150 _maxwnd=219105 _cwnd=219105
Initialize per-instance NSCC parameters: flowid 428 _base_rtt=11685600 _base_bdp=146070 _bdp=146070 _min_cwnd=4150 _maxwnd=219105 _cwnd=219105
Initialize per-instance NSCC parameters: flowid 429 _base_rtt=11685600 _base_bdp=146070 _bdp=146070 _min_cwnd=4150 _maxwnd=219105 _cwnd=219105
Initialize per-instance NSCC parameters: flowid 430 _base_rtt=11685600 _base_bdp=146070 _bdp=146070 _min_cwnd=4150 _maxwnd=219105 _cwnd=219105
Initialize per-instance NSCC parameters: flowid 431 _base_rtt=11685600 _base_bdp=146070 _bdp=146070 _min_cwnd=4150 _maxwnd=219105 _cwnd=219105
Initialize per-instance NSCC parameters: flowid 432 _base_rtt=11685600 _base_bdp=146070 _bdp=146070 _min_cwnd=4150 _maxwnd=219105 _cwnd=219105
Initialize per-instance NSCC parameters: flowid 433 _base_rtt=11685600 _base_bdp=146070 _bdp=146070 _min_cwnd=4150 _maxwnd=219105 _cwnd=219105
Initialize per-instance NSCC parameters: flowid 434 _base_rtt=11685600 _base_bdp=146070 _bdp=146070 _min_cwnd=4150 _maxwnd=219105 _cwnd=219105
Initialize per-instance NSCC parameters: flowid 435 _base_rtt=11685600 _base_bdp=146070 _bdp=146070 _min_cwnd=4150 _maxwnd=219105 _cwnd=219105
Initialize per-instance NSCC parameters: flowid 436 _base_rtt=11685600 _base_bdp=146070 _bdp=146070 _min_cwnd=4150 _maxwnd=219105 _cwnd=219105
Initialize per-instance NSCC parameters: flowid 437 _base_rtt=11685600 _base_bdp=146070 _bdp=146070 _min_cwnd=4150 _maxwnd=219105 _cwnd=219105
Initialize per-instance NSCC parameters: flowid 438 _base_rtt=11685600 _base_bdp=146070 _bdp=146070 _min_cwnd=4150 _maxwnd=219105 _cwnd=219105
Initialize per-instance NSCC parameters: flowid 439 _base_rtt=11685600 _base_bdp=146070 _bdp=146070 _min_cwnd=4150 _maxwnd=219105 _cwnd=219105
Initialize per-instance NSCC parameters: flowid 440 _base_rtt=11685600 _base_bdp=146070 _bdp=146070 _min_cwnd=4150 _maxwnd=219105 _cwnd=219105
Initialize per-instance NSCC parameters: flowid 441 _base_rtt=11685600 _base_bdp=146070 _bdp=146070 _min_cwnd=4150 _maxwnd=219105 _cwnd=219105
Initialize per-instance NSCC parameters: flowid 442 _base_rtt=11685600 _base_bdp=146070 _bdp=146070 _min_cwnd=4150 _maxwnd=219105 _cwnd=219105
Initialize per-instance NSCC parameters: flowid 443 _base_rtt=11685600 _base_bdp=146070 _bdp=146070 _min_cwnd=4150 _maxwnd=219105 _cwnd=219105
Initialize per-instance NSCC parameters: flowid 444 _base_rtt=11685600 _base_bdp=146070 _bdp=146070 _min_cwnd=4150 _maxwnd=219105 _cwnd=219105
Initialize per-instance NSCC parameters: flowid 445 _base_rtt=11685600 _base_bdp=146070 _bdp=146070 _min_cwnd=4150 _maxwnd=219105 _cwnd=219105
Initialize per-instance NSCC parameters: flowid 446 _base_rtt=11685600 _base_bdp=146070 _bdp=146070 _min_cwnd=4150 _maxwnd=219105 _cwnd=219105
Initialize per-instance NSCC parameters: flowid 447 _base_rtt=11685600 _base_bdp=146070 _bdp=146070 _min_cwnd=4150 _maxwnd=219105 _cwnd=219105
Initialize per-instance NSCC parameters: flowid 448 _base_rtt=11685600 _base_bdp=146070 _bdp=146070 _min_cwnd=4150 _maxwnd=219105 _cwnd=219105
Initialize per-instance NSCC parameters: flowid 449 _base_rtt=11685600 _base_bdp=146070 _bdp=146070 _min_cwnd=4150 _maxwnd=219105 _cwnd=219105
Initialize per-instance NSCC parameters: flowid 450 _base_rtt=11685600 _base_bdp=146070 _bdp=146070 _min_cwnd=4150 _maxwnd=219105 _cwnd=219105
Initialize per-instance NSCC parameters: flowid 451 _base_rtt=11685600 _base_bdp=146070 _bdp=146070 _min_cwnd=4150 _maxwnd=219105 _cwnd=219105
Initialize per-instance NSCC parameters: flowid 452 _base_rtt=11685600 _base_bdp=146070 _bdp=146070 _min_cwnd=4150 _maxwnd=219105 _cwnd=219105
Initialize per-instance NSCC parameters: flowid 453 _base_rtt=11685600 _base_bdp=146070 _bdp=146070 _min_cwnd=4150 _maxwnd=219105 _cwnd=219105
Initialize per-instance NSCC parameters: flowid 454 _base_rtt=11685600 _base_bdp=146070 _bdp=146070 _min_cwnd=4150 _maxwnd=219105 _cwnd=219105
Initialize per-instance NSCC parameters: flowid 455 _base_rtt=11685600 _base_bdp=146070 _bdp=146070 _min_cwnd=4150 _maxwnd=219105 _cwnd=219105
Initialize per-instance NSCC parameters: flowid 456 _base_rtt=11685600 _base_bdp=146070 _bdp=146070 _min_cwnd=4150 _maxwnd=219105 _cwnd=219105
Initialize per-instance NSCC parameters: flowid 457 _base_rtt=11685600 _base_bdp=146070 _bdp=146070 _min_cwnd=4150 _maxwnd=219105 _cwnd=219105
Initialize per-instance NSCC parameters: flowid 458 _base_rtt=11685600 _base_bdp=146070 _bdp=146070 _min_cwnd=4150 _maxwnd=219105 _cwnd=219105
Initialize per-instance NSCC parameters: flowid 459 _base_rtt=11685600 _base_bdp=146070 _bdp=146070 _min_cwnd=4150 _maxwnd=219105 _cwnd=219105
Initialize per-instance NSCC parameters: flowid 460 _base_rtt=11685600 _base_bdp=146070 _bdp=146070 _min_cwnd=4150 _maxwnd=219105 _cwnd=219105
Initialize per-instance NSCC parameters: flowid 461 _base_rtt=11685600 _base_bdp=146070 _bdp=146070 _min_cwnd=4150 _maxwnd=219105 _cwnd=219105
Initialize per-instance NSCC parameters: flowid 462 _base_rtt=11685600 _base_bdp=146070 _bdp=146070 _min_cwnd=4150 _maxwnd=219105 _cwnd=219105
Initialize per-instance NSCC parameters: flowid 463 _base_rtt=11685600 _base_bdp=146070 _bdp=146070 _min_cwnd=4150 _maxwnd=219105 _cwnd=219105
Initialize per-instance NSCC parameters: flowid 464 _base_rtt=11685600 _base_bdp=146070 _bdp=146070 _min_cwnd=4150 _maxwnd=219105 _cwnd=219105
Initialize per-instance NSCC parameters: flowid 465 _base_rtt=11685600 _base_bdp=146070 _bdp=146070 _min_cwnd=4150 _maxwnd=219105 _cwnd=219105
Initialize per-instance NSCC parameters: flowid 466 _base_rtt=11685600 _base_bdp=146070 _bdp=146070 _min_cwnd=4150 _maxwnd=219105 _cwnd=219105
Initialize per-instance NSCC parameters: flowid 467 _base_rtt=11685600 _base_bdp=146070 _bdp=146070 _min_cwnd=4150 _maxwnd=219105 _cwnd=219105
Initialize per-instance NSCC parameters: flowid 468 _base_rtt=11685600 _base_bdp=146070 _bdp=146070 _min_cwnd=4150 _maxwnd=219105 _cwnd=219105
Initialize per-instance NSCC parameters: flowid 469 _base_rtt=11685600 _base_bdp=146070 _bdp=146070 _min_cwnd=4150 _maxwnd=219105 _cwnd=219105
Initialize per-instance NSCC parameters: flowid 470 _base_rtt=11685600 _base_bdp=146070 _bdp=146070 _min_cwnd=4150 _maxwnd=219105 _cwnd=219105
Initialize per-instance NSCC parameters: flowid 471 _base_rtt=11685600 _base_bdp=146070 _bdp=146070 _min_cwnd=4150 _maxwnd=219105 _cwnd=219105
Initialize per-instance NSCC parameters: flowid 472 _base_rtt=11685600 _base_bdp=146070 _bdp=146070 _min_cwnd=4150 _maxwnd=219105 _cwnd=219105
Initialize per-instance NSCC parameters: flowid 473 _base_rtt=11685600 _base_bdp=146070 _bdp=146070 _min_cwnd=4150 _maxwnd=219105 _cwnd=219105
Initialize per-instance NSCC parameters: flowid 474 _base_rtt=11685600 _base_bdp=146070 _bdp=146070 _min_cwnd=4150 _maxwnd=219105 _cwnd=219105
Initialize per-instance NSCC parameters: flowid 475 _base_rtt=11685600 _base_bdp=146070 _bdp=146070 _min_cwnd=4150 _maxwnd=219105 _cwnd=219105
Initialize per-instance NSCC parameters: flowid 476 _base_rtt=11685600 _base_bdp=146070 _bdp=146070 _min_cwnd=4150 _maxwnd=219105 _cwnd=219105
Initialize per-instance NSCC parameters: flowid 477 _base_rtt=11685600 _base_bdp=146070 _bdp=146070 _min_cwnd=4150 _maxwnd=219105 _cwnd=219105
Initialize per-instance NSCC parameters: flowid 478 _base_rtt=11685600 _base_bdp=146070 _bdp=146070 _min_cwnd=4150 _maxwnd=219105 _cwnd=219105
Initialize per-instance NSCC parameters: flowid 479 _base_rtt=11685600 _base_bdp=146070 _bdp=146070 _min_cwnd=4150 _maxwnd=219105 _cwnd=219105
Initialize per-instance NSCC parameters: flowid 480 _base_rtt=11685600 _base_bdp=146070 _bdp=146070 _min_cwnd=4150 _maxwnd=219105 _cwnd=219105
Initialize per-instance NSCC parameters: flowid 481 _base_rtt=11685600 _base_bdp=146070 _bdp=146070 _min_cwnd=4150 _maxwnd=219105 _cwnd=219105
Initialize per-instance NSCC parameters: flowid 482 _base_rtt=11685600 _base_bdp=146070 _bdp=146070 _min_cwnd=4150 _maxwnd=219105 _cwnd=219105
Initialize per-instance NSCC parameters: flowid 483 _base_rtt=11685600 _base_bdp=146070 _bdp=146070 _min_cwnd=4150 _maxwnd=219105 _cwnd=219105
Initialize per-instance NSCC parameters: flowid 484 _base_rtt=11685600 _base_bdp=146070 _bdp=146070 _min_cwnd=4150 _maxwnd=219105 _cwnd=219105
Initialize per-instance NSCC parameters: flowid 485 _base_rtt=11685600 _base_bdp=146070 _bdp=146070 _min_cwnd=4150 _maxwnd=219105 _cwnd=219105
Initialize per-instance NSCC parameters: flowid 486 _base_rtt=11685600 _base_bdp=146070 _bdp=146070 _min_cwnd=4150 _maxwnd=219105 _cwnd=219105
Initialize per-instance NSCC parameters: flowid 487 _base_rtt=11685600 _base_bdp=146070 _bdp=146070 _min_cwnd=4150 _maxwnd=219105 _cwnd=219105
Initialize per-instance NSCC parameters: flowid 488 _base_rtt=11685600 _base_bdp=146070 _bdp=146070 _min_cwnd=4150 _maxwnd=219105 _cwnd=219105
Initialize per-instance NSCC parameters: flowid 489 _base_rtt=11685600 _base_bdp=146070 _bdp=146070 _min_cwnd=4150 _maxwnd=219105 _cwnd=219105
Initialize per-instance NSCC parameters: flowid 490 _base_rtt=11685600 _base_bdp=146070 _bdp=146070 _min_cwnd=4150 _maxwnd=219105 _cwnd=219105
Initialize per-instance NSCC parameters: flowid 491 _base_rtt=11685600 _base_bdp=146070 _bdp=146070 _min_cwnd=4150 _maxwnd=219105 _cwnd=219105
Initialize per-instance NSCC parameters: flowid 492 _base_rtt=11685600 _base_bdp=146070 _bdp=146070 _min_cwnd=4150 _maxwnd=219105 _cwnd=219105
Initialize per-instance NSCC parameters: flowid 493 _base_rtt=11685600 _base_bdp=146070 _bdp=146070 _min_cwnd=4150 _maxwnd=219105 _cwnd=219105
Initialize per-instance NSCC parameters: flowid 494 _base_rtt=11685600 _base_bdp=146070 _bdp=146070 _min_cwnd=4150 _maxwnd=219105 _cwnd=219105
Initialize per-instance NSCC parameters: flowid 495 _base_rtt=11685600 _base_bdp=146070 _bdp=146070 _min_cwnd=4150 _maxwnd=219105 _cwnd=219105
Initialize per-instance NSCC parameters: flowid 496 _base_rtt=11685600 _base_bdp=146070 _bdp=146070 _min_cwnd=4150 _maxwnd=219105 _cwnd=219105
Initialize per-instance NSCC parameters: flowid 497 _base_rtt=11685600 _base_bdp=146070 _bdp=146070 _min_cwnd=4150 _maxwnd=219105 _cwnd=219105
Initialize per-instance NSCC parameters: flowid 498 _base_rtt=11685600 _base_bdp=146070 _bdp=146070 _min_cwnd=4150 _maxwnd=219105 _cwnd=219105
Initialize per-instance NSCC parameters: flowid 499 _base_rtt=11685600 _base_bdp=146070 _bdp=146070 _min_cwnd=4150 _maxwnd=219105 _cwnd=219105
Initialize per-instance NSCC parameters: flowid 500 _base_rtt=11685600 _base_bdp=146070 _bdp=146070 _min_cwnd=4150 _maxwnd=219105 _cwnd=219105
Initialize per-instance NSCC parameters: flowid 501 _base_rtt=11685600 _base_bdp=146070 _bdp=146070 _min_cwnd=4150 _maxwnd=219105 _cwnd=219105
Initialize per-instance NSCC parameters: flowid 502 _base_rtt=11685600 _base_bdp=146070 _bdp=146070 _min_cwnd=4150 _maxwnd=219105 _cwnd=219105
Initialize per-instance NSCC parameters: flowid 503 _base_rtt=11685600 _base_bdp=146070 _bdp=146070 _min_cwnd=4150 _maxwnd=219105 _cwnd=219105
Initialize per-instance NSCC parameters: flowid 504 _base_rtt=11685600 _base_bdp=146070 _bdp=146070 _min_cwnd=4150 _maxwnd=219105 _cwnd=219105
Initialize per-instance NSCC parameters: flowid 505 _base_rtt=11685600 _base_bdp=146070 _bdp=146070 _min_cwnd=4150 _maxwnd=219105 _cwnd=219105
Initialize per-instance NSCC parameters: flowid 506 _base_rtt=11685600 _base_bdp=146070 _bdp=146070 _min_cwnd=4150 _maxwnd=219105 _cwnd=219105
Initialize per-instance NSCC parameters: flowid 507 _base_rtt=11685600 _base_bdp=146070 _bdp=146070 _min_cwnd=4150 _maxwnd=219105 _cwnd=219105
Initialize per-instance NSCC parameters: flowid 508 _base_rtt=11685600 _base_bdp=146070 _bdp=146070 _min_cwnd=4150 _maxwnd=219105 _cwnd=219105
Initialize per-instance NSCC parameters: flowid 509 _base_rtt=11685600 _base_bdp=146070 _bdp=146070 _min_cwnd=4150 _maxwnd=219105 _cwnd=219105
Initialize per-instance NSCC parameters: flowid 510 _base_rtt=11685600 _base_bdp=146070 _bdp=146070 _min_cwnd=4150 _maxwnd=219105 _cwnd=219105
Initialize per-instance NSCC parameters: flowid 511 _base_rtt=11685600 _base_bdp=146070 _bdp=146070 _min_cwnd=4150 _maxwnd=219105 _cwnd=219105
Initialize per-instance NSCC parameters: flowid 512 _base_rtt=11685600 _base_bdp=146070 _bdp=146070 _min_cwnd=4150 _maxwnd=219105 _cwnd=219105
Initialize per-instance NSCC parameters: flowid 513 _base_rtt=11685600 _base_bdp=146070 _bdp=146070 _min_cwnd=4150 _maxwnd=219105 _cwnd=219105
Initialize per-instance NSCC parameters: flowid 514 _base_rtt=11685600 _base_bdp=146070 _bdp=146070 _min_cwnd=4150 _maxwnd=219105 _cwnd=219105
Initialize per-instance NSCC parameters: flowid 515 _base_rtt=11685600 _base_bdp=146070 _bdp=146070 _min_cwnd=4150 _maxwnd=219105 _cwnd=219105
Initialize per-instance NSCC parameters: flowid 516 _base_rtt=11685600 _base_bdp=146070 _bdp=146070 _min_cwnd=4150 _maxwnd=219105 _cwnd=219105
Initialize per-instance NSCC parameters: flowid 517 _base_rtt=11685600 _base_bdp=146070 _bdp=146070 _min_cwnd=4150 _maxwnd=219105 _cwnd=219105
Initialize per-instance NSCC parameters: flowid 518 _base_rtt=11685600 _base_bdp=146070 _bdp=146070 _min_cwnd=4150 _maxwnd=219105 _cwnd=219105
Initialize per-instance NSCC parameters: flowid 519 _base_rtt=11685600 _base_bdp=146070 _bdp=146070 _min_cwnd=4150 _maxwnd=219105 _cwnd=219105
Initialize per-instance NSCC parameters: flowid 520 _base_rtt=11685600 _base_bdp=146070 _bdp=146070 _min_cwnd=4150 _maxwnd=219105 _cwnd=219105
Initialize per-instance NSCC parameters: flowid 521 _base_rtt=11685600 _base_bdp=146070 _bdp=146070 _min_cwnd=4150 _maxwnd=219105 _cwnd=219105
Initialize per-instance NSCC parameters: flowid 522 _base_rtt=11685600 _base_bdp=146070 _bdp=146070 _min_cwnd=4150 _maxwnd=219105 _cwnd=219105
Initialize per-instance NSCC parameters: flowid 523 _base_rtt=11685600 _base_bdp=146070 _bdp=146070 _min_cwnd=4150 _maxwnd=219105 _cwnd=219105
Initialize per-instance NSCC parameters: flowid 524 _base_rtt=11685600 _base_bdp=146070 _bdp=146070 _min_cwnd=4150 _maxwnd=219105 _cwnd=219105
Initialize per-instance NSCC parameters: flowid 525 _base_rtt=11685600 _base_bdp=146070 _bdp=146070 _min_cwnd=4150 _maxwnd=219105 _cwnd=219105
Initialize per-instance NSCC parameters: flowid 526 _base_rtt=11685600 _base_bdp=146070 _bdp=146070 _min_cwnd=4150 _maxwnd=219105 _cwnd=219105
Initialize per-instance NSCC parameters: flowid 527 _base_rtt=11685600 _base_bdp=146070 _bdp=146070 _min_cwnd=4150 _maxwnd=219105 _cwnd=219105
Initialize per-instance NSCC parameters: flowid 528 _base_rtt=11685600 _base_bdp=146070 _bdp=146070 _min_cwnd=4150 _maxwnd=219105 _cwnd=219105
Initialize per-instance NSCC parameters: flowid 529 _base_rtt=11685600 _base_bdp=146070 _bdp=146070 _min_cwnd=4150 _maxwnd=219105 _cwnd=219105
Initialize per-instance NSCC parameters: flowid 530 _base_rtt=11685600 _base_bdp=146070 _bdp=146070 _min_cwnd=4150 _maxwnd=219105 _cwnd=219105
Initialize per-instance NSCC parameters: flowid 531 _base_rtt=11685600 _base_bdp=146070 _bdp=146070 _min_cwnd=4150 _maxwnd=219105 _cwnd=219105
Initialize per-instance NSCC parameters: flowid 532 _base_rtt=11685600 _base_bdp=146070 _bdp=146070 _min_cwnd=4150 _maxwnd=219105 _cwnd=219105
Initialize per-instance NSCC parameters: flowid 533 _base_rtt=11685600 _base_bdp=146070 _bdp=146070 _min_cwnd=4150 _maxwnd=219105 _cwnd=219105
Initialize per-instance NSCC parameters: flowid 534 _base_rtt=11685600 _base_bdp=146070 _bdp=146070 _min_cwnd=4150 _maxwnd=219105 _cwnd=219105
Initialize per-instance NSCC parameters: flowid 535 _base_rtt=11685600 _base_bdp=146070 _bdp=146070 _min_cwnd=4150 _maxwnd=219105 _cwnd=219105
Initialize per-instance NSCC parameters: flowid 536 _base_rtt=11685600 _base_bdp=146070 _bdp=146070 _min_cwnd=4150 _maxwnd=219105 _cwnd=219105
Initialize per-instance NSCC parameters: flowid 537 _base_rtt=11685600 _base_bdp=146070 _bdp=146070 _min_cwnd=4150 _maxwnd=219105 _cwnd=219105
Initialize per-instance NSCC parameters: flowid 538 _base_rtt=11685600 _base_bdp=146070 _bdp=146070 _min_cwnd=4150 _maxwnd=219105 _cwnd=219105
Initialize per-instance NSCC parameters: flowid 539 _base_rtt=11685600 _base_bdp=146070 _bdp=146070 _min_cwnd=4150 _maxwnd=219105 _cwnd=219105
Initialize per-instance NSCC parameters: flowid 540 _base_rtt=11685600 _base_bdp=146070 _bdp=146070 _min_cwnd=4150 _maxwnd=219105 _cwnd=219105
Initialize per-instance NSCC parameters: flowid 541 _base_rtt=11685600 _base_bdp=146070 _bdp=146070 _min_cwnd=4150 _maxwnd=219105 _cwnd=219105
Initialize per-instance NSCC parameters: flowid 542 _base_rtt=11685600 _base_bdp=146070 _bdp=146070 _min_cwnd=4150 _maxwnd=219105 _cwnd=219105
Initialize per-instance NSCC parameters: flowid 543 _base_rtt=11685600 _base_bdp=146070 _bdp=146070 _min_cwnd=4150 _maxwnd=219105 _cwnd=219105
Initialize per-instance NSCC parameters: flowid 544 _base_rtt=11685600 _base_bdp=146070 _bdp=146070 _min_cwnd=4150 _maxwnd=219105 _cwnd=219105
Initialize per-instance NSCC parameters: flowid 545 _base_rtt=11685600 _base_bdp=146070 _bdp=146070 _min_cwnd=4150 _maxwnd=219105 _cwnd=219105
Initialize per-instance NSCC parameters: flowid 546 _base_rtt=11685600 _base_bdp=146070 _bdp=146070 _min_cwnd=4150 _maxwnd=219105 _cwnd=219105
Initialize per-instance NSCC parameters: flowid 547 _base_rtt=11685600 _base_bdp=146070 _bdp=146070 _min_cwnd=4150 _maxwnd=219105 _cwnd=219105
Initialize per-instance NSCC parameters: flowid 548 _base_rtt=11685600 _base_bdp=146070 _bdp=146070 _min_cwnd=4150 _maxwnd=219105 _cwnd=219105
Initialize per-instance NSCC parameters: flowid 549 _base_rtt=11685600 _base_bdp=146070 _bdp=146070 _min_cwnd=4150 _maxwnd=219105 _cwnd=219105
Initialize per-instance NSCC parameters: flowid 550 _base_rtt=11685600 _base_bdp=146070 _bdp=146070 _min_cwnd=4150 _maxwnd=219105 _cwnd=219105
Initialize per-instance NSCC parameters: flowid 551 _base_rtt=11685600 _base_bdp=146070 _bdp=146070 _min_cwnd=4150 _maxwnd=219105 _cwnd=219105
Initialize per-instance NSCC parameters: flowid 552 _base_rtt=11685600 _base_bdp=146070 _bdp=146070 _min_cwnd=4150 _maxwnd=219105 _cwnd=219105
Initialize per-instance NSCC parameters: flowid 553 _base_rtt=11685600 _base_bdp=146070 _bdp=146070 _min_cwnd=4150 _maxwnd=219105 _cwnd=219105
Initialize per-instance NSCC parameters: flowid 554 _base_rtt=11685600 _base_bdp=146070 _bdp=146070 _min_cwnd=4150 _maxwnd=219105 _cwnd=219105
Initialize per-instance NSCC parameters: flowid 555 _base_rtt=11685600 _base_bdp=146070 _bdp=146070 _min_cwnd=4150 _maxwnd=219105 _cwnd=219105
Initialize per-instance NSCC parameters: flowid 556 _base_rtt=11685600 _base_bdp=146070 _bdp=146070 _min_cwnd=4150 _maxwnd=219105 _cwnd=219105
Initialize per-instance NSCC parameters: flowid 557 _base_rtt=11685600 _base_bdp=146070 _bdp=146070 _min_cwnd=4150 _maxwnd=219105 _cwnd=219105
Initialize per-instance NSCC parameters: flowid 558 _base_rtt=11685600 _base_bdp=146070 _bdp=146070 _min_cwnd=4150 _maxwnd=219105 _cwnd=219105
Initialize per-instance NSCC parameters: flowid 559 _base_rtt=11685600 _base_bdp=146070 _bdp=146070 _min_cwnd=4150 _maxwnd=219105 _cwnd=219105
Initialize per-instance NSCC parameters: flowid 560 _base_rtt=11685600 _base_bdp=146070 _bdp=146070 _min_cwnd=4150 _maxwnd=219105 _cwnd=219105
Initialize per-instance NSCC parameters: flowid 561 _base_rtt=11685600 _base_bdp=146070 _bdp=146070 _min_cwnd=4150 _maxwnd=219105 _cwnd=219105
Initialize per-instance NSCC parameters: flowid 562 _base_rtt=11685600 _base_bdp=146070 _bdp=146070 _min_cwnd=4150 _maxwnd=219105 _cwnd=219105
Initialize per-instance NSCC parameters: flowid 563 _base_rtt=11685600 _base_bdp=146070 _bdp=146070 _min_cwnd=4150 _maxwnd=219105 _cwnd=219105
Initialize per-instance NSCC parameters: flowid 564 _base_rtt=11685600 _base_bdp=146070 _bdp=146070 _min_cwnd=4150 _maxwnd=219105 _cwnd=219105
Initialize per-instance NSCC parameters: flowid 565 _base_rtt=11685600 _base_bdp=146070 _bdp=146070 _min_cwnd=4150 _maxwnd=219105 _cwnd=219105
Initialize per-instance NSCC parameters: flowid 566 _base_rtt=11685600 _base_bdp=146070 _bdp=146070 _min_cwnd=4150 _maxwnd=219105 _cwnd=219105
Initialize per-instance NSCC parameters: flowid 567 _base_rtt=11685600 _base_bdp=146070 _bdp=146070 _min_cwnd=4150 _maxwnd=219105 _cwnd=219105
Initialize per-instance NSCC parameters: flowid 568 _base_rtt=11685600 _base_bdp=146070 _bdp=146070 _min_cwnd=4150 _maxwnd=219105 _cwnd=219105
Initialize per-instance NSCC parameters: flowid 569 _base_rtt=11685600 _base_bdp=146070 _bdp=146070 _min_cwnd=4150 _maxwnd=219105 _cwnd=219105
Initialize per-instance NSCC parameters: flowid 570 _base_rtt=11685600 _base_bdp=146070 _bdp=146070 _min_cwnd=4150 _maxwnd=219105 _cwnd=219105
Initialize per-instance NSCC parameters: flowid 571 _base_rtt=11685600 _base_bdp=146070 _bdp=146070 _min_cwnd=4150 _maxwnd=219105 _cwnd=219105
Initialize per-instance NSCC parameters: flowid 572 _base_rtt=11685600 _base_bdp=146070 _bdp=146070 _min_cwnd=4150 _maxwnd=219105 _cwnd=219105
Initialize per-instance NSCC parameters: flowid 573 _base_rtt=11685600 _base_bdp=146070 _bdp=146070 _min_cwnd=4150 _maxwnd=219105 _cwnd=219105
Initialize per-instance NSCC parameters: flowid 574 _base_rtt=11685600 _base_bdp=146070 _bdp=146070 _min_cwnd=4150 _maxwnd=219105 _cwnd=219105
Initialize per-instance NSCC parameters: flowid 575 _base_rtt=11685600 _base_bdp=146070 _bdp=146070 _min_cwnd=4150 _maxwnd=219105 _cwnd=219105
Initialize per-instance NSCC parameters: flowid 576 _base_rtt=11685600 _base_bdp=146070 _bdp=146070 _min_cwnd=4150 _maxwnd=219105 _cwnd=219105
Initialize per-instance NSCC parameters: flowid 577 _base_rtt=11685600 _base_bdp=146070 _bdp=146070 _min_cwnd=4150 _maxwnd=219105 _cwnd=219105
Initialize per-instance NSCC parameters: flowid 578 _base_rtt=11685600 _base_bdp=146070 _bdp=146070 _min_cwnd=4150 _maxwnd=219105 _cwnd=219105
Initialize per-instance NSCC parameters: flowid 579 _base_rtt=11685600 _base_bdp=146070 _bdp=146070 _min_cwnd=4150 _maxwnd=219105 _cwnd=219105
Initialize per-instance NSCC parameters: flowid 580 _base_rtt=11685600 _base_bdp=146070 _bdp=146070 _min_cwnd=4150 _maxwnd=219105 _cwnd=219105
Initialize per-instance NSCC parameters: flowid 581 _base_rtt=11685600 _base_bdp=146070 _bdp=146070 _min_cwnd=4150 _maxwnd=219105 _cwnd=219105
Initialize per-instance NSCC parameters: flowid 582 _base_rtt=11685600 _base_bdp=146070 _bdp=146070 _min_cwnd=4150 _maxwnd=219105 _cwnd=219105
Initialize per-instance NSCC parameters: flowid 583 _base_rtt=11685600 _base_bdp=146070 _bdp=146070 _min_cwnd=4150 _maxwnd=219105 _cwnd=219105
Initialize per-instance NSCC parameters: flowid 584 _base_rtt=11685600 _base_bdp=146070 _bdp=146070 _min_cwnd=4150 _maxwnd=219105 _cwnd=219105
Initialize per-instance NSCC parameters: flowid 585 _base_rtt=11685600 _base_bdp=146070 _bdp=146070 _min_cwnd=4150 _maxwnd=219105 _cwnd=219105
Initialize per-instance NSCC parameters: flowid 586 _base_rtt=11685600 _base_bdp=146070 _bdp=146070 _min_cwnd=4150 _maxwnd=219105 _cwnd=219105
Initialize per-instance NSCC parameters: flowid 587 _base_rtt=11685600 _base_bdp=146070 _bdp=146070 _min_cwnd=4150 _maxwnd=219105 _cwnd=219105
Initialize per-instance NSCC parameters: flowid 588 _base_rtt=11685600 _base_bdp=146070 _bdp=146070 _min_cwnd=4150 _maxwnd=219105 _cwnd=219105
Initialize per-instance NSCC parameters: flowid 589 _base_rtt=11685600 _base_bdp=146070 _bdp=146070 _min_cwnd=4150 _maxwnd=219105 _cwnd=219105
Initialize per-instance NSCC parameters: flowid 590 _base_rtt=11685600 _base_bdp=146070 _bdp=146070 _min_cwnd=4150 _maxwnd=219105 _cwnd=219105
Initialize per-instance NSCC parameters: flowid 591 _base_rtt=11685600 _base_bdp=146070 _bdp=146070 _min_cwnd=4150 _maxwnd=219105 _cwnd=219105
Initialize per-instance NSCC parameters: flowid 592 _base_rtt=11685600 _base_bdp=146070 _bdp=146070 _min_cwnd=4150 _maxwnd=219105 _cwnd=219105
Initialize per-instance NSCC parameters: flowid 593 _base_rtt=11685600 _base_bdp=146070 _bdp=146070 _min_cwnd=4150 _maxwnd=219105 _cwnd=219105
Initialize per-instance NSCC parameters: flowid 594 _base_rtt=11685600 _base_bdp=146070 _bdp=146070 _min_cwnd=4150 _maxwnd=219105 _cwnd=219105
Initialize per-instance NSCC parameters: flowid 595 _base_rtt=11685600 _base_bdp=146070 _bdp=146070 _min_cwnd=4150 _maxwnd=219105 _cwnd=219105
Initialize per-instance NSCC parameters: flowid 596 _base_rtt=11685600 _base_bdp=146070 _bdp=146070 _min_cwnd=4150 _maxwnd=219105 _cwnd=219105
Initialize per-instance NSCC parameters: flowid 597 _base_rtt=11685600 _base_bdp=146070 _bdp=146070 _min_cwnd=4150 _maxwnd=219105 _cwnd=219105
Initialize per-instance NSCC parameters: flowid 598 _base_rtt=11685600 _base_bdp=146070 _bdp=146070 _min_cwnd=4150 _maxwnd=219105 _cwnd=219105
Initialize per-instance NSCC parameters: flowid 599 _base_rtt=11685600 _base_bdp=146070 _bdp=146070 _min_cwnd=4150 _maxwnd=219105 _cwnd=219105
Initialize per-instance NSCC parameters: flowid 600 _base_rtt=11685600 _base_bdp=146070 _bdp=146070 _min_cwnd=4150 _maxwnd=219105 _cwnd=219105
Initialize per-instance NSCC parameters: flowid 601 _base_rtt=11685600 _base_bdp=146070 _bdp=146070 _min_cwnd=4150 _maxwnd=219105 _cwnd=219105
Initialize per-instance NSCC parameters: flowid 602 _base_rtt=11685600 _base_bdp=146070 _bdp=146070 _min_cwnd=4150 _maxwnd=219105 _cwnd=219105
Initialize per-instance NSCC parameters: flowid 603 _base_rtt=11685600 _base_bdp=146070 _bdp=146070 _min_cwnd=4150 _maxwnd=219105 _cwnd=219105
Initialize per-instance NSCC parameters: flowid 604 _base_rtt=11685600 _base_bdp=146070 _bdp=146070 _min_cwnd=4150 _maxwnd=219105 _cwnd=219105
Initialize per-instance NSCC parameters: flowid 605 _base_rtt=11685600 _base_bdp=146070 _bdp=146070 _min_cwnd=4150 _maxwnd=219105 _cwnd=219105
Initialize per-instance NSCC parameters: flowid 606 _base_rtt=11685600 _base_bdp=146070 _bdp=146070 _min_cwnd=4150 _maxwnd=219105 _cwnd=219105
Initialize per-instance NSCC parameters: flowid 607 _base_rtt=11685600 _base_bdp=146070 _bdp=146070 _min_cwnd=4150 _maxwnd=219105 _cwnd=219105
Initialize per-instance NSCC parameters: flowid 608 _base_rtt=11685600 _base_bdp=146070 _bdp=146070 _min_cwnd=4150 _maxwnd=219105 _cwnd=219105
Initialize per-instance NSCC parameters: flowid 609 _base_rtt=11685600 _base_bdp=146070 _bdp=146070 _min_cwnd=4150 _maxwnd=219105 _cwnd=219105
Initialize per-instance NSCC parameters: flowid 610 _base_rtt=11685600 _base_bdp=146070 _bdp=146070 _min_cwnd=4150 _maxwnd=219105 _cwnd=219105
Initialize per-instance NSCC parameters: flowid 611 _base_rtt=11685600 _base_bdp=146070 _bdp=146070 _min_cwnd=4150 _maxwnd=219105 _cwnd=219105
Initialize per-instance NSCC parameters: flowid 612 _base_rtt=11685600 _base_bdp=146070 _bdp=146070 _min_cwnd=4150 _maxwnd=219105 _cwnd=219105
Initialize per-instance NSCC parameters: flowid 613 _base_rtt=11685600 _base_bdp=146070 _bdp=146070 _min_cwnd=4150 _maxwnd=219105 _cwnd=219105
Initialize per-instance NSCC parameters: flowid 614 _base_rtt=11685600 _base_bdp=146070 _bdp=146070 _min_cwnd=4150 _maxwnd=219105 _cwnd=219105
Initialize per-instance NSCC parameters: flowid 615 _base_rtt=11685600 _base_bdp=146070 _bdp=146070 _min_cwnd=4150 _maxwnd=219105 _cwnd=219105
Initialize per-instance NSCC parameters: flowid 616 _base_rtt=11685600 _base_bdp=146070 _bdp=146070 _min_cwnd=4150 _maxwnd=219105 _cwnd=219105
Initialize per-instance NSCC parameters: flowid 617 _base_rtt=11685600 _base_bdp=146070 _bdp=146070 _min_cwnd=4150 _maxwnd=219105 _cwnd=219105
Initialize per-instance NSCC parameters: flowid 618 _base_rtt=11685600 _base_bdp=146070 _bdp=146070 _min_cwnd=4150 _maxwnd=219105 _cwnd=219105
Initialize per-instance NSCC parameters: flowid 619 _base_rtt=11685600 _base_bdp=146070 _bdp=146070 _min_cwnd=4150 _maxwnd=219105 _cwnd=219105
Initialize per-instance NSCC parameters: flowid 620 _base_rtt=11685600 _base_bdp=146070 _bdp=146070 _min_cwnd=4150 _maxwnd=219105 _cwnd=219105
Initialize per-instance NSCC parameters: flowid 621 _base_rtt=11685600 _base_bdp=146070 _bdp=146070 _min_cwnd=4150 _maxwnd=219105 _cwnd=219105
Initialize per-instance NSCC parameters: flowid 622 _base_rtt=11685600 _base_bdp=146070 _bdp=146070 _min_cwnd=4150 _maxwnd=219105 _cwnd=219105
Initialize per-instance NSCC parameters: flowid 623 _base_rtt=11685600 _base_bdp=146070 _bdp=146070 _min_cwnd=4150 _maxwnd=219105 _cwnd=219105
Initialize per-instance NSCC parameters: flowid 624 _base_rtt=11685600 _base_bdp=146070 _bdp=146070 _min_cwnd=4150 _maxwnd=219105 _cwnd=219105
Initialize per-instance NSCC parameters: flowid 625 _base_rtt=11685600 _base_bdp=146070 _bdp=146070 _min_cwnd=4150 _maxwnd=219105 _cwnd=219105
Initialize per-instance NSCC parameters: flowid 626 _base_rtt=11685600 _base_bdp=146070 _bdp=146070 _min_cwnd=4150 _maxwnd=219105 _cwnd=219105
Initialize per-instance NSCC parameters: flowid 627 _base_rtt=11685600 _base_bdp=146070 _bdp=146070 _min_cwnd=4150 _maxwnd=219105 _cwnd=219105
Initialize per-instance NSCC parameters: flowid 628 _base_rtt=11685600 _base_bdp=146070 _bdp=146070 _min_cwnd=4150 _maxwnd=219105 _cwnd=219105
Initialize per-instance NSCC parameters: flowid 629 _base_rtt=11685600 _base_bdp=146070 _bdp=146070 _min_cwnd=4150 _maxwnd=219105 _cwnd=219105
Initialize per-instance NSCC parameters: flowid 630 _base_rtt=11685600 _base_bdp=146070 _bdp=146070 _min_cwnd=4150 _maxwnd=219105 _cwnd=219105
Initialize per-instance NSCC parameters: flowid 631 _base_rtt=11685600 _base_bdp=146070 _bdp=146070 _min_cwnd=4150 _maxwnd=219105 _cwnd=219105
Initialize per-instance NSCC parameters: flowid 632 _base_rtt=11685600 _base_bdp=146070 _bdp=146070 _min_cwnd=4150 _maxwnd=219105 _cwnd=219105
Initialize per-instance NSCC parameters: flowid 633 _base_rtt=11685600 _base_bdp=146070 _bdp=146070 _min_cwnd=4150 _maxwnd=219105 _cwnd=219105
Initialize per-instance NSCC parameters: flowid 634 _base_rtt=11685600 _base_bdp=146070 _bdp=146070 _min_cwnd=4150 _maxwnd=219105 _cwnd=219105
Initialize per-instance NSCC parameters: flowid 635 _base_rtt=11685600 _base_bdp=146070 _bdp=146070 _min_cwnd=4150 _maxwnd=219105 _cwnd=219105
Initialize per-instance NSCC parameters: flowid 636 _base_rtt=11685600 _base_bdp=146070 _bdp=146070 _min_cwnd=4150 _maxwnd=219105 _cwnd=219105
Initialize per-instance NSCC parameters: flowid 637 _base_rtt=11685600 _base_bdp=146070 _bdp=146070 _min_cwnd=4150 _maxwnd=219105 _cwnd=219105
Initialize per-instance NSCC parameters: flowid 638 _base_rtt=11685600 _base_bdp=146070 _bdp=146070 _min_cwnd=4150 _maxwnd=219105 _cwnd=219105
Initialize per-instance NSCC parameters: flowid 639 _base_rtt=11685600 _base_bdp=146070 _bdp=146070 _min_cwnd=4150 _maxwnd=219105 _cwnd=219105
Initialize per-instance NSCC parameters: flowid 640 _base_rtt=11685600 _base_bdp=146070 _bdp=146070 _min_cwnd=4150 _maxwnd=219105 _cwnd=219105
Initialize per-instance NSCC parameters: flowid 641 _base_rtt=11685600 _base_bdp=146070 _bdp=146070 _min_cwnd=4150 _maxwnd=219105 _cwnd=219105
Initialize per-instance NSCC parameters: flowid 642 _base_rtt=11685600 _base_bdp=146070 _bdp=146070 _min_cwnd=4150 _maxwnd=219105 _cwnd=219105
Initialize per-instance NSCC parameters: flowid 643 _base_rtt=11685600 _base_bdp=146070 _bdp=146070 _min_cwnd=4150 _maxwnd=219105 _cwnd=219105
Initialize per-instance NSCC parameters: flowid 644 _base_rtt=11685600 _base_bdp=146070 _bdp=146070 _min_cwnd=4150 _maxwnd=219105 _cwnd=219105
Initialize per-instance NSCC parameters: flowid 645 _base_rtt=11685600 _base_bdp=146070 _bdp=146070 _min_cwnd=4150 _maxwnd=219105 _cwnd=219105
Initialize per-instance NSCC parameters: flowid 646 _base_rtt=11685600 _base_bdp=146070 _bdp=146070 _min_cwnd=4150 _maxwnd=219105 _cwnd=219105
Initialize per-instance NSCC parameters: flowid 647 _base_rtt=11685600 _base_bdp=146070 _bdp=146070 _min_cwnd=4150 _maxwnd=219105 _cwnd=219105
Initialize per-instance NSCC parameters: flowid 648 _base_rtt=11685600 _base_bdp=146070 _bdp=146070 _min_cwnd=4150 _maxwnd=219105 _cwnd=219105
Initialize per-instance NSCC parameters: flowid 649 _base_rtt=11685600 _base_bdp=146070 _bdp=146070 _min_cwnd=4150 _maxwnd=219105 _cwnd=219105
Initialize per-instance NSCC parameters: flowid 650 _base_rtt=11685600 _base_bdp=146070 _bdp=146070 _min_cwnd=4150 _maxwnd=219105 _cwnd=219105
Initialize per-instance NSCC parameters: flowid 651 _base_rtt=11685600 _base_bdp=146070 _bdp=146070 _min_cwnd=4150 _maxwnd=219105 _cwnd=219105
Initialize per-instance NSCC parameters: flowid 652 _base_rtt=11685600 _base_bdp=146070 _bdp=146070 _min_cwnd=4150 _maxwnd=219105 _cwnd=219105
Initialize per-instance NSCC parameters: flowid 653 _base_rtt=11685600 _base_bdp=146070 _bdp=146070 _min_cwnd=4150 _maxwnd=219105 _cwnd=219105
Initialize per-instance NSCC parameters: flowid 654 _base_rtt=11685600 _base_bdp=146070 _bdp=146070 _min_cwnd=4150 _maxwnd=219105 _cwnd=219105
Initialize per-instance NSCC parameters: flowid 655 _base_rtt=11685600 _base_bdp=146070 _bdp=146070 _min_cwnd=4150 _maxwnd=219105 _cwnd=219105
Initialize per-instance NSCC parameters: flowid 656 _base_rtt=11685600 _base_bdp=146070 _bdp=146070 _min_cwnd=4150 _maxwnd=219105 _cwnd=219105
Initialize per-instance NSCC parameters: flowid 657 _base_rtt=11685600 _base_bdp=146070 _bdp=146070 _min_cwnd=4150 _maxwnd=219105 _cwnd=219105
Initialize per-instance NSCC parameters: flowid 658 _base_rtt=11685600 _base_bdp=146070 _bdp=146070 _min_cwnd=4150 _maxwnd=219105 _cwnd=219105
Initialize per-instance NSCC parameters: flowid 659 _base_rtt=11685600 _base_bdp=146070 _bdp=146070 _min_cwnd=4150 _maxwnd=219105 _cwnd=219105
Initialize per-instance NSCC parameters: flowid 660 _base_rtt=11685600 _base_bdp=146070 _bdp=146070 _min_cwnd=4150 _maxwnd=219105 _cwnd=219105
Initialize per-instance NSCC parameters: flowid 661 _base_rtt=11685600 _base_bdp=146070 _bdp=146070 _min_cwnd=4150 _maxwnd=219105 _cwnd=219105
Initialize per-instance NSCC parameters: flowid 662 _base_rtt=11685600 _base_bdp=146070 _bdp=146070 _min_cwnd=4150 _maxwnd=219105 _cwnd=219105
Initialize per-instance NSCC parameters: flowid 663 _base_rtt=11685600 _base_bdp=146070 _bdp=146070 _min_cwnd=4150 _maxwnd=219105 _cwnd=219105
Initialize per-instance NSCC parameters: flowid 664 _base_rtt=11685600 _base_bdp=146070 _bdp=146070 _min_cwnd=4150 _maxwnd=219105 _cwnd=219105
Initialize per-instance NSCC parameters: flowid 665 _base_rtt=11685600 _base_bdp=146070 _bdp=146070 _min_cwnd=4150 _maxwnd=219105 _cwnd=219105
Initialize per-instance NSCC parameters: flowid 666 _base_rtt=11685600 _base_bdp=146070 _bdp=146070 _min_cwnd=4150 _maxwnd=219105 _cwnd=219105
Initialize per-instance NSCC parameters: flowid 667 _base_rtt=11685600 _base_bdp=146070 _bdp=146070 _min_cwnd=4150 _maxwnd=219105 _cwnd=219105
Initialize per-instance NSCC parameters: flowid 668 _base_rtt=11685600 _base_bdp=146070 _bdp=146070 _min_cwnd=4150 _maxwnd=219105 _cwnd=219105
Initialize per-instance NSCC parameters: flowid 669 _base_rtt=11685600 _base_bdp=146070 _bdp=146070 _min_cwnd=4150 _maxwnd=219105 _cwnd=219105
Initialize per-instance NSCC parameters: flowid 670 _base_rtt=11685600 _base_bdp=146070 _bdp=146070 _min_cwnd=4150 _maxwnd=219105 _cwnd=219105
Initialize per-instance NSCC parameters: flowid 671 _base_rtt=11685600 _base_bdp=146070 _bdp=146070 _min_cwnd=4150 _maxwnd=219105 _cwnd=219105
Initialize per-instance NSCC parameters: flowid 672 _base_rtt=11685600 _base_bdp=146070 _bdp=146070 _min_cwnd=4150 _maxwnd=219105 _cwnd=219105
Initialize per-instance NSCC parameters: flowid 673 _base_rtt=11685600 _base_bdp=146070 _bdp=146070 _min_cwnd=4150 _maxwnd=219105 _cwnd=219105
Initialize per-instance NSCC parameters: flowid 674 _base_rtt=11685600 _base_bdp=146070 _bdp=146070 _min_cwnd=4150 _maxwnd=219105 _cwnd=219105
Initialize per-instance NSCC parameters: flowid 675 _base_rtt=11685600 _base_bdp=146070 _bdp=146070 _min_cwnd=4150 _maxwnd=219105 _cwnd=219105
Initialize per-instance NSCC parameters: flowid 676 _base_rtt=11685600 _base_bdp=146070 _bdp=146070 _min_cwnd=4150 _maxwnd=219105 _cwnd=219105
Initialize per-instance NSCC parameters: flowid 677 _base_rtt=11685600 _base_bdp=146070 _bdp=146070 _min_cwnd=4150 _maxwnd=219105 _cwnd=219105
Initialize per-instance NSCC parameters: flowid 678 _base_rtt=11685600 _base_bdp=146070 _bdp=146070 _min_cwnd=4150 _maxwnd=219105 _cwnd=219105
Initialize per-instance NSCC parameters: flowid 679 _base_rtt=11685600 _base_bdp=146070 _bdp=146070 _min_cwnd=4150 _maxwnd=219105 _cwnd=219105
Initialize per-instance NSCC parameters: flowid 680 _base_rtt=11685600 _base_bdp=146070 _bdp=146070 _min_cwnd=4150 _maxwnd=219105 _cwnd=219105
Initialize per-instance NSCC parameters: flowid 681 _base_rtt=11685600 _base_bdp=146070 _bdp=146070 _min_cwnd=4150 _maxwnd=219105 _cwnd=219105
Initialize per-instance NSCC parameters: flowid 682 _base_rtt=11685600 _base_bdp=146070 _bdp=146070 _min_cwnd=4150 _maxwnd=219105 _cwnd=219105
Initialize per-instance NSCC parameters: flowid 683 _base_rtt=11685600 _base_bdp=146070 _bdp=146070 _min_cwnd=4150 _maxwnd=219105 _cwnd=219105
Initialize per-instance NSCC parameters: flowid 684 _base_rtt=11685600 _base_bdp=146070 _bdp=146070 _min_cwnd=4150 _maxwnd=219105 _cwnd=219105
Initialize per-instance NSCC parameters: flowid 685 _base_rtt=11685600 _base_bdp=146070 _bdp=146070 _min_cwnd=4150 _maxwnd=219105 _cwnd=219105
Initialize per-instance NSCC parameters: flowid 686 _base_rtt=11685600 _base_bdp=146070 _bdp=146070 _min_cwnd=4150 _maxwnd=219105 _cwnd=219105
Initialize per-instance NSCC parameters: flowid 687 _base_rtt=11685600 _base_bdp=146070 _bdp=146070 _min_cwnd=4150 _maxwnd=219105 _cwnd=219105
Initialize per-instance NSCC parameters: flowid 688 _base_rtt=11685600 _base_bdp=146070 _bdp=146070 _min_cwnd=4150 _maxwnd=219105 _cwnd=219105
Initialize per-instance NSCC parameters: flowid 689 _base_rtt=11685600 _base_bdp=146070 _bdp=146070 _min_cwnd=4150 _maxwnd=219105 _cwnd=219105
Initialize per-instance NSCC parameters: flowid 690 _base_rtt=11685600 _base_bdp=146070 _bdp=146070 _min_cwnd=4150 _maxwnd=219105 _cwnd=219105
Initialize per-instance NSCC parameters: flowid 691 _base_rtt=11685600 _base_bdp=146070 _bdp=146070 _min_cwnd=4150 _maxwnd=219105 _cwnd=219105
Initialize per-instance NSCC parameters: flowid 692 _base_rtt=11685600 _base_bdp=146070 _bdp=146070 _min_cwnd=4150 _maxwnd=219105 _cwnd=219105
Initialize per-instance NSCC parameters: flowid 693 _base_rtt=11685600 _base_bdp=146070 _bdp=146070 _min_cwnd=4150 _maxwnd=219105 _cwnd=219105
Initialize per-instance NSCC parameters: flowid 694 _base_rtt=11685600 _base_bdp=146070 _bdp=146070 _min_cwnd=4150 _maxwnd=219105 _cwnd=219105
Initialize per-instance NSCC parameters: flowid 695 _base_rtt=11685600 _base_bdp=146070 _bdp=146070 _min_cwnd=4150 _maxwnd=219105 _cwnd=219105
Initialize per-instance NSCC parameters: flowid 696 _base_rtt=11685600 _base_bdp=146070 _bdp=146070 _min_cwnd=4150 _maxwnd=219105 _cwnd=219105
Initialize per-instance NSCC parameters: flowid 697 _base_rtt=11685600 _base_bdp=146070 _bdp=146070 _min_cwnd=4150 _maxwnd=219105 _cwnd=219105
Initialize per-instance NSCC parameters: flowid 698 _base_rtt=11685600 _base_bdp=146070 _bdp=146070 _min_cwnd=4150 _maxwnd=219105 _cwnd=219105
Initialize per-instance NSCC parameters: flowid 699 _base_rtt=11685600 _base_bdp=146070 _bdp=146070 _min_cwnd=4150 _maxwnd=219105 _cwnd=219105
Initialize per-instance NSCC parameters: flowid 700 _base_rtt=11685600 _base_bdp=146070 _bdp=146070 _min_cwnd=4150 _maxwnd=219105 _cwnd=219105
Initialize per-instance NSCC parameters: flowid 701 _base_rtt=11685600 _base_bdp=146070 _bdp=146070 _min_cwnd=4150 _maxwnd=219105 _cwnd=219105
Initialize per-instance NSCC parameters: flowid 702 _base_rtt=11685600 _base_bdp=146070 _bdp=146070 _min_cwnd=4150 _maxwnd=219105 _cwnd=219105
Initialize per-instance NSCC parameters: flowid 703 _base_rtt=11685600 _base_bdp=146070 _bdp=146070 _min_cwnd=4150 _maxwnd=219105 _cwnd=219105
Initialize per-instance NSCC parameters: flowid 704 _base_rtt=11685600 _base_bdp=146070 _bdp=146070 _min_cwnd=4150 _maxwnd=219105 _cwnd=219105
Initialize per-instance NSCC parameters: flowid 705 _base_rtt=11685600 _base_bdp=146070 _bdp=146070 _min_cwnd=4150 _maxwnd=219105 _cwnd=219105
Initialize per-instance NSCC parameters: flowid 706 _base_rtt=11685600 _base_bdp=146070 _bdp=146070 _min_cwnd=4150 _maxwnd=219105 _cwnd=219105
Initialize per-instance NSCC parameters: flowid 707 _base_rtt=11685600 _base_bdp=146070 _bdp=146070 _min_cwnd=4150 _maxwnd=219105 _cwnd=219105
Initialize per-instance NSCC parameters: flowid 708 _base_rtt=11685600 _base_bdp=146070 _bdp=146070 _min_cwnd=4150 _maxwnd=219105 _cwnd=219105
Initialize per-instance NSCC parameters: flowid 709 _base_rtt=11685600 _base_bdp=146070 _bdp=146070 _min_cwnd=4150 _maxwnd=219105 _cwnd=219105
Initialize per-instance NSCC parameters: flowid 710 _base_rtt=11685600 _base_bdp=146070 _bdp=146070 _min_cwnd=4150 _maxwnd=219105 _cwnd=219105
Initialize per-instance NSCC parameters: flowid 711 _base_rtt=11685600 _base_bdp=146070 _bdp=146070 _min_cwnd=4150 _maxwnd=219105 _cwnd=219105
Initialize per-instance NSCC parameters: flowid 712 _base_rtt=11685600 _base_bdp=146070 _bdp=146070 _min_cwnd=4150 _maxwnd=219105 _cwnd=219105
Initialize per-instance NSCC parameters: flowid 713 _base_rtt=11685600 _base_bdp=146070 _bdp=146070 _min_cwnd=4150 _maxwnd=219105 _cwnd=219105
Initialize per-instance NSCC parameters: flowid 714 _base_rtt=11685600 _base_bdp=146070 _bdp=146070 _min_cwnd=4150 _maxwnd=219105 _cwnd=219105
Initialize per-instance NSCC parameters: flowid 715 _base_rtt=11685600 _base_bdp=146070 _bdp=146070 _min_cwnd=4150 _maxwnd=219105 _cwnd=219105
Initialize per-instance NSCC parameters: flowid 716 _base_rtt=11685600 _base_bdp=146070 _bdp=146070 _min_cwnd=4150 _maxwnd=219105 _cwnd=219105
Initialize per-instance NSCC parameters: flowid 717 _base_rtt=11685600 _base_bdp=146070 _bdp=146070 _min_cwnd=4150 _maxwnd=219105 _cwnd=219105
Initialize per-instance NSCC parameters: flowid 718 _base_rtt=11685600 _base_bdp=146070 _bdp=146070 _min_cwnd=4150 _maxwnd=219105 _cwnd=219105
Initialize per-instance NSCC parameters: flowid 719 _base_rtt=11685600 _base_bdp=146070 _bdp=146070 _min_cwnd=4150 _maxwnd=219105 _cwnd=219105
Initialize per-instance NSCC parameters: flowid 720 _base_rtt=11685600 _base_bdp=146070 _bdp=146070 _min_cwnd=4150 _maxwnd=219105 _cwnd=219105
Initialize per-instance NSCC parameters: flowid 721 _base_rtt=11685600 _base_bdp=146070 _bdp=146070 _min_cwnd=4150 _maxwnd=219105 _cwnd=219105
Initialize per-instance NSCC parameters: flowid 722 _base_rtt=11685600 _base_bdp=146070 _bdp=146070 _min_cwnd=4150 _maxwnd=219105 _cwnd=219105
Initialize per-instance NSCC parameters: flowid 723 _base_rtt=11685600 _base_bdp=146070 _bdp=146070 _min_cwnd=4150 _maxwnd=219105 _cwnd=219105
Initialize per-instance NSCC parameters: flowid 724 _base_rtt=11685600 _base_bdp=146070 _bdp=146070 _min_cwnd=4150 _maxwnd=219105 _cwnd=219105
Initialize per-instance NSCC parameters: flowid 725 _base_rtt=11685600 _base_bdp=146070 _bdp=146070 _min_cwnd=4150 _maxwnd=219105 _cwnd=219105
Initialize per-instance NSCC parameters: flowid 726 _base_rtt=11685600 _base_bdp=146070 _bdp=146070 _min_cwnd=4150 _maxwnd=219105 _cwnd=219105
Initialize per-instance NSCC parameters: flowid 727 _base_rtt=11685600 _base_bdp=146070 _bdp=146070 _min_cwnd=4150 _maxwnd=219105 _cwnd=219105
Initialize per-instance NSCC parameters: flowid 728 _base_rtt=11685600 _base_bdp=146070 _bdp=146070 _min_cwnd=4150 _maxwnd=219105 _cwnd=219105
Initialize per-instance NSCC parameters: flowid 729 _base_rtt=11685600 _base_bdp=146070 _bdp=146070 _min_cwnd=4150 _maxwnd=219105 _cwnd=219105
Initialize per-instance NSCC parameters: flowid 730 _base_rtt=11685600 _base_bdp=146070 _bdp=146070 _min_cwnd=4150 _maxwnd=219105 _cwnd=219105
Initialize per-instance NSCC parameters: flowid 731 _base_rtt=11685600 _base_bdp=146070 _bdp=146070 _min_cwnd=4150 _maxwnd=219105 _cwnd=219105
Initialize per-instance NSCC parameters: flowid 732 _base_rtt=11685600 _base_bdp=146070 _bdp=146070 _min_cwnd=4150 _maxwnd=219105 _cwnd=219105
Initialize per-instance NSCC parameters: flowid 733 _base_rtt=11685600 _base_bdp=146070 _bdp=146070 _min_cwnd=4150 _maxwnd=219105 _cwnd=219105
Initialize per-instance NSCC parameters: flowid 734 _base_rtt=11685600 _base_bdp=146070 _bdp=146070 _min_cwnd=4150 _maxwnd=219105 _cwnd=219105
Initialize per-instance NSCC parameters: flowid 735 _base_rtt=11685600 _base_bdp=146070 _bdp=146070 _min_cwnd=4150 _maxwnd=219105 _cwnd=219105
Initialize per-instance NSCC parameters: flowid 736 _base_rtt=11685600 _base_bdp=146070 _bdp=146070 _min_cwnd=4150 _maxwnd=219105 _cwnd=219105
Initialize per-instance NSCC parameters: flowid 737 _base_rtt=11685600 _base_bdp=146070 _bdp=146070 _min_cwnd=4150 _maxwnd=219105 _cwnd=219105
Initialize per-instance NSCC parameters: flowid 738 _base_rtt=11685600 _base_bdp=146070 _bdp=146070 _min_cwnd=4150 _maxwnd=219105 _cwnd=219105
Initialize per-instance NSCC parameters: flowid 739 _base_rtt=11685600 _base_bdp=146070 _bdp=146070 _min_cwnd=4150 _maxwnd=219105 _cwnd=219105
Initialize per-instance NSCC parameters: flowid 740 _base_rtt=11685600 _base_bdp=146070 _bdp=146070 _min_cwnd=4150 _maxwnd=219105 _cwnd=219105
Initialize per-instance NSCC parameters: flowid 741 _base_rtt=11685600 _base_bdp=146070 _bdp=146070 _min_cwnd=4150 _maxwnd=219105 _cwnd=219105
Initialize per-instance NSCC parameters: flowid 742 _base_rtt=11685600 _base_bdp=146070 _bdp=146070 _min_cwnd=4150 _maxwnd=219105 _cwnd=219105
Initialize per-instance NSCC parameters: flowid 743 _base_rtt=11685600 _base_bdp=146070 _bdp=146070 _min_cwnd=4150 _maxwnd=219105 _cwnd=219105
Initialize per-instance NSCC parameters: flowid 744 _base_rtt=11685600 _base_bdp=146070 _bdp=146070 _min_cwnd=4150 _maxwnd=219105 _cwnd=219105
Initialize per-instance NSCC parameters: flowid 745 _base_rtt=11685600 _base_bdp=146070 _bdp=146070 _min_cwnd=4150 _maxwnd=219105 _cwnd=219105
Initialize per-instance NSCC parameters: flowid 746 _base_rtt=11685600 _base_bdp=146070 _bdp=146070 _min_cwnd=4150 _maxwnd=219105 _cwnd=219105
Initialize per-instance NSCC parameters: flowid 747 _base_rtt=11685600 _base_bdp=146070 _bdp=146070 _min_cwnd=4150 _maxwnd=219105 _cwnd=219105
Initialize per-instance NSCC parameters: flowid 748 _base_rtt=11685600 _base_bdp=146070 _bdp=146070 _min_cwnd=4150 _maxwnd=219105 _cwnd=219105
Initialize per-instance NSCC parameters: flowid 749 _base_rtt=11685600 _base_bdp=146070 _bdp=146070 _min_cwnd=4150 _maxwnd=219105 _cwnd=219105
Initialize per-instance NSCC parameters: flowid 750 _base_rtt=11685600 _base_bdp=146070 _bdp=146070 _min_cwnd=4150 _maxwnd=219105 _cwnd=219105
Initialize per-instance NSCC parameters: flowid 751 _base_rtt=11685600 _base_bdp=146070 _bdp=146070 _min_cwnd=4150 _maxwnd=219105 _cwnd=219105
Initialize per-instance NSCC parameters: flowid 752 _base_rtt=11685600 _base_bdp=146070 _bdp=146070 _min_cwnd=4150 _maxwnd=219105 _cwnd=219105
Initialize per-instance NSCC parameters: flowid 753 _base_rtt=11685600 _base_bdp=146070 _bdp=146070 _min_cwnd=4150 _maxwnd=219105 _cwnd=219105
Initialize per-instance NSCC parameters: flowid 754 _base_rtt=11685600 _base_bdp=146070 _bdp=146070 _min_cwnd=4150 _maxwnd=219105 _cwnd=219105
Initialize per-instance NSCC parameters: flowid 755 _base_rtt=11685600 _base_bdp=146070 _bdp=146070 _min_cwnd=4150 _maxwnd=219105 _cwnd=219105
Initialize per-instance NSCC parameters: flowid 756 _base_rtt=11685600 _base_bdp=146070 _bdp=146070 _min_cwnd=4150 _maxwnd=219105 _cwnd=219105
Initialize per-instance NSCC parameters: flowid 757 _base_rtt=11685600 _base_bdp=146070 _bdp=146070 _min_cwnd=4150 _maxwnd=219105 _cwnd=219105
Initialize per-instance NSCC parameters: flowid 758 _base_rtt=11685600 _base_bdp=146070 _bdp=146070 _min_cwnd=4150 _maxwnd=219105 _cwnd=219105
Initialize per-instance NSCC parameters: flowid 759 _base_rtt=11685600 _base_bdp=146070 _bdp=146070 _min_cwnd=4150 _maxwnd=219105 _cwnd=219105
Initialize per-instance NSCC parameters: flowid 760 _base_rtt=11685600 _base_bdp=146070 _bdp=146070 _min_cwnd=4150 _maxwnd=219105 _cwnd=219105
Initialize per-instance NSCC parameters: flowid 761 _base_rtt=11685600 _base_bdp=146070 _bdp=146070 _min_cwnd=4150 _maxwnd=219105 _cwnd=219105
Initialize per-instance NSCC parameters: flowid 762 _base_rtt=11685600 _base_bdp=146070 _bdp=146070 _min_cwnd=4150 _maxwnd=219105 _cwnd=219105
Initialize per-instance NSCC parameters: flowid 763 _base_rtt=11685600 _base_bdp=146070 _bdp=146070 _min_cwnd=4150 _maxwnd=219105 _cwnd=219105
Initialize per-instance NSCC parameters: flowid 764 _base_rtt=11685600 _base_bdp=146070 _bdp=146070 _min_cwnd=4150 _maxwnd=219105 _cwnd=219105
Initialize per-instance NSCC parameters: flowid 765 _base_rtt=11685600 _base_bdp=146070 _bdp=146070 _min_cwnd=4150 _maxwnd=219105 _cwnd=219105
Initialize per-instance NSCC parameters: flowid 766 _base_rtt=11685600 _base_bdp=146070 _bdp=146070 _min_cwnd=4150 _maxwnd=219105 _cwnd=219105
Initialize per-instance NSCC parameters: flowid 767 _base_rtt=11685600 _base_bdp=146070 _bdp=146070 _min_cwnd=4150 _maxwnd=219105 _cwnd=219105
Initialize per-instance NSCC parameters: flowid 768 _base_rtt=11685600 _base_bdp=146070 _bdp=146070 _min_cwnd=4150 _maxwnd=219105 _cwnd=219105
Initialize per-instance NSCC parameters: flowid 769 _base_rtt=11685600 _base_bdp=146070 _bdp=146070 _min_cwnd=4150 _maxwnd=219105 _cwnd=219105
Initialize per-instance NSCC parameters: flowid 770 _base_rtt=11685600 _base_bdp=146070 _bdp=146070 _min_cwnd=4150 _maxwnd=219105 _cwnd=219105
Initialize per-instance NSCC parameters: flowid 771 _base_rtt=11685600 _base_bdp=146070 _bdp=146070 _min_cwnd=4150 _maxwnd=219105 _cwnd=219105
Initialize per-instance NSCC parameters: flowid 772 _base_rtt=11685600 _base_bdp=146070 _bdp=146070 _min_cwnd=4150 _maxwnd=219105 _cwnd=219105
Initialize per-instance NSCC parameters: flowid 773 _base_rtt=11685600 _base_bdp=146070 _bdp=146070 _min_cwnd=4150 _maxwnd=219105 _cwnd=219105
Initialize per-instance NSCC parameters: flowid 774 _base_rtt=11685600 _base_bdp=146070 _bdp=146070 _min_cwnd=4150 _maxwnd=219105 _cwnd=219105
Initialize per-instance NSCC parameters: flowid 775 _base_rtt=11685600 _base_bdp=146070 _bdp=146070 _min_cwnd=4150 _maxwnd=219105 _cwnd=219105
Initialize per-instance NSCC parameters: flowid 776 _base_rtt=11685600 _base_bdp=146070 _bdp=146070 _min_cwnd=4150 _maxwnd=219105 _cwnd=219105
Initialize per-instance NSCC parameters: flowid 777 _base_rtt=11685600 _base_bdp=146070 _bdp=146070 _min_cwnd=4150 _maxwnd=219105 _cwnd=219105
Initialize per-instance NSCC parameters: flowid 778 _base_rtt=11685600 _base_bdp=146070 _bdp=146070 _min_cwnd=4150 _maxwnd=219105 _cwnd=219105
Initialize per-instance NSCC parameters: flowid 779 _base_rtt=11685600 _base_bdp=146070 _bdp=146070 _min_cwnd=4150 _maxwnd=219105 _cwnd=219105
Initialize per-instance NSCC parameters: flowid 780 _base_rtt=11685600 _base_bdp=146070 _bdp=146070 _min_cwnd=4150 _maxwnd=219105 _cwnd=219105
Initialize per-instance NSCC parameters: flowid 781 _base_rtt=11685600 _base_bdp=146070 _bdp=146070 _min_cwnd=4150 _maxwnd=219105 _cwnd=219105
Initialize per-instance NSCC parameters: flowid 782 _base_rtt=11685600 _base_bdp=146070 _bdp=146070 _min_cwnd=4150 _maxwnd=219105 _cwnd=219105
Initialize per-instance NSCC parameters: flowid 783 _base_rtt=11685600 _base_bdp=146070 _bdp=146070 _min_cwnd=4150 _maxwnd=219105 _cwnd=219105
Initialize per-instance NSCC parameters: flowid 784 _base_rtt=11685600 _base_bdp=146070 _bdp=146070 _min_cwnd=4150 _maxwnd=219105 _cwnd=219105
Initialize per-instance NSCC parameters: flowid 785 _base_rtt=11685600 _base_bdp=146070 _bdp=146070 _min_cwnd=4150 _maxwnd=219105 _cwnd=219105
Initialize per-instance NSCC parameters: flowid 786 _base_rtt=11685600 _base_bdp=146070 _bdp=146070 _min_cwnd=4150 _maxwnd=219105 _cwnd=219105
Initialize per-instance NSCC parameters: flowid 787 _base_rtt=11685600 _base_bdp=146070 _bdp=146070 _min_cwnd=4150 _maxwnd=219105 _cwnd=219105
Initialize per-instance NSCC parameters: flowid 788 _base_rtt=11685600 _base_bdp=146070 _bdp=146070 _min_cwnd=4150 _maxwnd=219105 _cwnd=219105
Initialize per-instance NSCC parameters: flowid 789 _base_rtt=11685600 _base_bdp=146070 _bdp=146070 _min_cwnd=4150 _maxwnd=219105 _cwnd=219105
Initialize per-instance NSCC parameters: flowid 790 _base_rtt=11685600 _base_bdp=146070 _bdp=146070 _min_cwnd=4150 _maxwnd=219105 _cwnd=219105
Initialize per-instance NSCC parameters: flowid 791 _base_rtt=11685600 _base_bdp=146070 _bdp=146070 _min_cwnd=4150 _maxwnd=219105 _cwnd=219105
Initialize per-instance NSCC parameters: flowid 792 _base_rtt=11685600 _base_bdp=146070 _bdp=146070 _min_cwnd=4150 _maxwnd=219105 _cwnd=219105
Initialize per-instance NSCC parameters: flowid 793 _base_rtt=11685600 _base_bdp=146070 _bdp=146070 _min_cwnd=4150 _maxwnd=219105 _cwnd=219105
Initialize per-instance NSCC parameters: flowid 794 _base_rtt=11685600 _base_bdp=146070 _bdp=146070 _min_cwnd=4150 _maxwnd=219105 _cwnd=219105
Initialize per-instance NSCC parameters: flowid 795 _base_rtt=11685600 _base_bdp=146070 _bdp=146070 _min_cwnd=4150 _maxwnd=219105 _cwnd=219105
Initialize per-instance NSCC parameters: flowid 796 _base_rtt=11685600 _base_bdp=146070 _bdp=146070 _min_cwnd=4150 _maxwnd=219105 _cwnd=219105
Initialize per-instance NSCC parameters: flowid 797 _base_rtt=11685600 _base_bdp=146070 _bdp=146070 _min_cwnd=4150 _maxwnd=219105 _cwnd=219105
Initialize per-instance NSCC parameters: flowid 798 _base_rtt=11685600 _base_bdp=146070 _bdp=146070 _min_cwnd=4150 _maxwnd=219105 _cwnd=219105
Initialize per-instance NSCC parameters: flowid 799 _base_rtt=11685600 _base_bdp=146070 _bdp=146070 _min_cwnd=4150 _maxwnd=219105 _cwnd=219105
Initialize per-instance NSCC parameters: flowid 800 _base_rtt=11685600 _base_bdp=146070 _bdp=146070 _min_cwnd=4150 _maxwnd=219105 _cwnd=219105
Initialize per-instance NSCC parameters: flowid 801 _base_rtt=11685600 _base_bdp=146070 _bdp=146070 _min_cwnd=4150 _maxwnd=219105 _cwnd=219105
Initialize per-instance NSCC parameters: flowid 802 _base_rtt=11685600 _base_bdp=146070 _bdp=146070 _min_cwnd=4150 _maxwnd=219105 _cwnd=219105
Initialize per-instance NSCC parameters: flowid 803 _base_rtt=11685600 _base_bdp=146070 _bdp=146070 _min_cwnd=4150 _maxwnd=219105 _cwnd=219105
Initialize per-instance NSCC parameters: flowid 804 _base_rtt=11685600 _base_bdp=146070 _bdp=146070 _min_cwnd=4150 _maxwnd=219105 _cwnd=219105
Initialize per-instance NSCC parameters: flowid 805 _base_rtt=11685600 _base_bdp=146070 _bdp=146070 _min_cwnd=4150 _maxwnd=219105 _cwnd=219105
Initialize per-instance NSCC parameters: flowid 806 _base_rtt=11685600 _base_bdp=146070 _bdp=146070 _min_cwnd=4150 _maxwnd=219105 _cwnd=219105
Initialize per-instance NSCC parameters: flowid 807 _base_rtt=11685600 _base_bdp=146070 _bdp=146070 _min_cwnd=4150 _maxwnd=219105 _cwnd=219105
Initialize per-instance NSCC parameters: flowid 808 _base_rtt=11685600 _base_bdp=146070 _bdp=146070 _min_cwnd=4150 _maxwnd=219105 _cwnd=219105
Initialize per-instance NSCC parameters: flowid 809 _base_rtt=11685600 _base_bdp=146070 _bdp=146070 _min_cwnd=4150 _maxwnd=219105 _cwnd=219105
Initialize per-instance NSCC parameters: flowid 810 _base_rtt=11685600 _base_bdp=146070 _bdp=146070 _min_cwnd=4150 _maxwnd=219105 _cwnd=219105
Initialize per-instance NSCC parameters: flowid 811 _base_rtt=11685600 _base_bdp=146070 _bdp=146070 _min_cwnd=4150 _maxwnd=219105 _cwnd=219105
Initialize per-instance NSCC parameters: flowid 812 _base_rtt=11685600 _base_bdp=146070 _bdp=146070 _min_cwnd=4150 _maxwnd=219105 _cwnd=219105
Initialize per-instance NSCC parameters: flowid 813 _base_rtt=11685600 _base_bdp=146070 _bdp=146070 _min_cwnd=4150 _maxwnd=219105 _cwnd=219105
Initialize per-instance NSCC parameters: flowid 814 _base_rtt=11685600 _base_bdp=146070 _bdp=146070 _min_cwnd=4150 _maxwnd=219105 _cwnd=219105
Initialize per-instance NSCC parameters: flowid 815 _base_rtt=11685600 _base_bdp=146070 _bdp=146070 _min_cwnd=4150 _maxwnd=219105 _cwnd=219105
Initialize per-instance NSCC parameters: flowid 816 _base_rtt=11685600 _base_bdp=146070 _bdp=146070 _min_cwnd=4150 _maxwnd=219105 _cwnd=219105
Initialize per-instance NSCC parameters: flowid 817 _base_rtt=11685600 _base_bdp=146070 _bdp=146070 _min_cwnd=4150 _maxwnd=219105 _cwnd=219105
Initialize per-instance NSCC parameters: flowid 818 _base_rtt=11685600 _base_bdp=146070 _bdp=146070 _min_cwnd=4150 _maxwnd=219105 _cwnd=219105
Initialize per-instance NSCC parameters: flowid 819 _base_rtt=11685600 _base_bdp=146070 _bdp=146070 _min_cwnd=4150 _maxwnd=219105 _cwnd=219105
Initialize per-instance NSCC parameters: flowid 820 _base_rtt=11685600 _base_bdp=146070 _bdp=146070 _min_cwnd=4150 _maxwnd=219105 _cwnd=219105
Initialize per-instance NSCC parameters: flowid 821 _base_rtt=11685600 _base_bdp=146070 _bdp=146070 _min_cwnd=4150 _maxwnd=219105 _cwnd=219105
Initialize per-instance NSCC parameters: flowid 822 _base_rtt=11685600 _base_bdp=146070 _bdp=146070 _min_cwnd=4150 _maxwnd=219105 _cwnd=219105
Initialize per-instance NSCC parameters: flowid 823 _base_rtt=11685600 _base_bdp=146070 _bdp=146070 _min_cwnd=4150 _maxwnd=219105 _cwnd=219105
Initialize per-instance NSCC parameters: flowid 824 _base_rtt=11685600 _base_bdp=146070 _bdp=146070 _min_cwnd=4150 _maxwnd=219105 _cwnd=219105
Initialize per-instance NSCC parameters: flowid 825 _base_rtt=11685600 _base_bdp=146070 _bdp=146070 _min_cwnd=4150 _maxwnd=219105 _cwnd=219105
Initialize per-instance NSCC parameters: flowid 826 _base_rtt=11685600 _base_bdp=146070 _bdp=146070 _min_cwnd=4150 _maxwnd=219105 _cwnd=219105
Initialize per-instance NSCC parameters: flowid 827 _base_rtt=11685600 _base_bdp=146070 _bdp=146070 _min_cwnd=4150 _maxwnd=219105 _cwnd=219105
Initialize per-instance NSCC parameters: flowid 828 _base_rtt=11685600 _base_bdp=146070 _bdp=146070 _min_cwnd=4150 _maxwnd=219105 _cwnd=219105
Initialize per-instance NSCC parameters: flowid 829 _base_rtt=11685600 _base_bdp=146070 _bdp=146070 _min_cwnd=4150 _maxwnd=219105 _cwnd=219105
Initialize per-instance NSCC parameters: flowid 830 _base_rtt=11685600 _base_bdp=146070 _bdp=146070 _min_cwnd=4150 _maxwnd=219105 _cwnd=219105
Initialize per-instance NSCC parameters: flowid 831 _base_rtt=11685600 _base_bdp=146070 _bdp=146070 _min_cwnd=4150 _maxwnd=219105 _cwnd=219105
Initialize per-instance NSCC parameters: flowid 832 _base_rtt=11685600 _base_bdp=146070 _bdp=146070 _min_cwnd=4150 _maxwnd=219105 _cwnd=219105
Initialize per-instance NSCC parameters: flowid 833 _base_rtt=11685600 _base_bdp=146070 _bdp=146070 _min_cwnd=4150 _maxwnd=219105 _cwnd=219105
Initialize per-instance NSCC parameters: flowid 834 _base_rtt=11685600 _base_bdp=146070 _bdp=146070 _min_cwnd=4150 _maxwnd=219105 _cwnd=219105
Initialize per-instance NSCC parameters: flowid 835 _base_rtt=11685600 _base_bdp=146070 _bdp=146070 _min_cwnd=4150 _maxwnd=219105 _cwnd=219105
Initialize per-instance NSCC parameters: flowid 836 _base_rtt=11685600 _base_bdp=146070 _bdp=146070 _min_cwnd=4150 _maxwnd=219105 _cwnd=219105
Initialize per-instance NSCC parameters: flowid 837 _base_rtt=11685600 _base_bdp=146070 _bdp=146070 _min_cwnd=4150 _maxwnd=219105 _cwnd=219105
Initialize per-instance NSCC parameters: flowid 838 _base_rtt=11685600 _base_bdp=146070 _bdp=146070 _min_cwnd=4150 _maxwnd=219105 _cwnd=219105
Initialize per-instance NSCC parameters: flowid 839 _base_rtt=11685600 _base_bdp=146070 _bdp=146070 _min_cwnd=4150 _maxwnd=219105 _cwnd=219105
Initialize per-instance NSCC parameters: flowid 840 _base_rtt=11685600 _base_bdp=146070 _bdp=146070 _min_cwnd=4150 _maxwnd=219105 _cwnd=219105
Initialize per-instance NSCC parameters: flowid 841 _base_rtt=11685600 _base_bdp=146070 _bdp=146070 _min_cwnd=4150 _maxwnd=219105 _cwnd=219105
Initialize per-instance NSCC parameters: flowid 842 _base_rtt=11685600 _base_bdp=146070 _bdp=146070 _min_cwnd=4150 _maxwnd=219105 _cwnd=219105
Initialize per-instance NSCC parameters: flowid 843 _base_rtt=11685600 _base_bdp=146070 _bdp=146070 _min_cwnd=4150 _maxwnd=219105 _cwnd=219105
Initialize per-instance NSCC parameters: flowid 844 _base_rtt=11685600 _base_bdp=146070 _bdp=146070 _min_cwnd=4150 _maxwnd=219105 _cwnd=219105
Initialize per-instance NSCC parameters: flowid 845 _base_rtt=11685600 _base_bdp=146070 _bdp=146070 _min_cwnd=4150 _maxwnd=219105 _cwnd=219105
Initialize per-instance NSCC parameters: flowid 846 _base_rtt=11685600 _base_bdp=146070 _bdp=146070 _min_cwnd=4150 _maxwnd=219105 _cwnd=219105
Initialize per-instance NSCC parameters: flowid 847 _base_rtt=11685600 _base_bdp=146070 _bdp=146070 _min_cwnd=4150 _maxwnd=219105 _cwnd=219105
Initialize per-instance NSCC parameters: flowid 848 _base_rtt=11685600 _base_bdp=146070 _bdp=146070 _min_cwnd=4150 _maxwnd=219105 _cwnd=219105
Initialize per-instance NSCC parameters: flowid 849 _base_rtt=11685600 _base_bdp=146070 _bdp=146070 _min_cwnd=4150 _maxwnd=219105 _cwnd=219105
Initialize per-instance NSCC parameters: flowid 850 _base_rtt=11685600 _base_bdp=146070 _bdp=146070 _min_cwnd=4150 _maxwnd=219105 _cwnd=219105
Initialize per-instance NSCC parameters: flowid 851 _base_rtt=11685600 _base_bdp=146070 _bdp=146070 _min_cwnd=4150 _maxwnd=219105 _cwnd=219105
Initialize per-instance NSCC parameters: flowid 852 _base_rtt=11685600 _base_bdp=146070 _bdp=146070 _min_cwnd=4150 _maxwnd=219105 _cwnd=219105
Initialize per-instance NSCC parameters: flowid 853 _base_rtt=11685600 _base_bdp=146070 _bdp=146070 _min_cwnd=4150 _maxwnd=219105 _cwnd=219105
Initialize per-instance NSCC parameters: flowid 854 _base_rtt=11685600 _base_bdp=146070 _bdp=146070 _min_cwnd=4150 _maxwnd=219105 _cwnd=219105
Initialize per-instance NSCC parameters: flowid 855 _base_rtt=11685600 _base_bdp=146070 _bdp=146070 _min_cwnd=4150 _maxwnd=219105 _cwnd=219105
Initialize per-instance NSCC parameters: flowid 856 _base_rtt=11685600 _base_bdp=146070 _bdp=146070 _min_cwnd=4150 _maxwnd=219105 _cwnd=219105
Initialize per-instance NSCC parameters: flowid 857 _base_rtt=11685600 _base_bdp=146070 _bdp=146070 _min_cwnd=4150 _maxwnd=219105 _cwnd=219105
Initialize per-instance NSCC parameters: flowid 858 _base_rtt=11685600 _base_bdp=146070 _bdp=146070 _min_cwnd=4150 _maxwnd=219105 _cwnd=219105
Initialize per-instance NSCC parameters: flowid 859 _base_rtt=11685600 _base_bdp=146070 _bdp=146070 _min_cwnd=4150 _maxwnd=219105 _cwnd=219105
Initialize per-instance NSCC parameters: flowid 860 _base_rtt=11685600 _base_bdp=146070 _bdp=146070 _min_cwnd=4150 _maxwnd=219105 _cwnd=219105
Initialize per-instance NSCC parameters: flowid 861 _base_rtt=11685600 _base_bdp=146070 _bdp=146070 _min_cwnd=4150 _maxwnd=219105 _cwnd=219105
Initialize per-instance NSCC parameters: flowid 862 _base_rtt=11685600 _base_bdp=146070 _bdp=146070 _min_cwnd=4150 _maxwnd=219105 _cwnd=219105
Initialize per-instance NSCC parameters: flowid 863 _base_rtt=11685600 _base_bdp=146070 _bdp=146070 _min_cwnd=4150 _maxwnd=219105 _cwnd=219105
Initialize per-instance NSCC parameters: flowid 864 _base_rtt=11685600 _base_bdp=146070 _bdp=146070 _min_cwnd=4150 _maxwnd=219105 _cwnd=219105
Initialize per-instance NSCC parameters: flowid 865 _base_rtt=11685600 _base_bdp=146070 _bdp=146070 _min_cwnd=4150 _maxwnd=219105 _cwnd=219105
Initialize per-instance NSCC parameters: flowid 866 _base_rtt=11685600 _base_bdp=146070 _bdp=146070 _min_cwnd=4150 _maxwnd=219105 _cwnd=219105
Initialize per-instance NSCC parameters: flowid 867 _base_rtt=11685600 _base_bdp=146070 _bdp=146070 _min_cwnd=4150 _maxwnd=219105 _cwnd=219105
Initialize per-instance NSCC parameters: flowid 868 _base_rtt=11685600 _base_bdp=146070 _bdp=146070 _min_cwnd=4150 _maxwnd=219105 _cwnd=219105
Initialize per-instance NSCC parameters: flowid 869 _base_rtt=11685600 _base_bdp=146070 _bdp=146070 _min_cwnd=4150 _maxwnd=219105 _cwnd=219105
Initialize per-instance NSCC parameters: flowid 870 _base_rtt=11685600 _base_bdp=146070 _bdp=146070 _min_cwnd=4150 _maxwnd=219105 _cwnd=219105
Initialize per-instance NSCC parameters: flowid 871 _base_rtt=11685600 _base_bdp=146070 _bdp=146070 _min_cwnd=4150 _maxwnd=219105 _cwnd=219105
Initialize per-instance NSCC parameters: flowid 872 _base_rtt=11685600 _base_bdp=146070 _bdp=146070 _min_cwnd=4150 _maxwnd=219105 _cwnd=219105
Initialize per-instance NSCC parameters: flowid 873 _base_rtt=11685600 _base_bdp=146070 _bdp=146070 _min_cwnd=4150 _maxwnd=219105 _cwnd=219105
Initialize per-instance NSCC parameters: flowid 874 _base_rtt=11685600 _base_bdp=146070 _bdp=146070 _min_cwnd=4150 _maxwnd=219105 _cwnd=219105
Initialize per-instance NSCC parameters: flowid 875 _base_rtt=11685600 _base_bdp=146070 _bdp=146070 _min_cwnd=4150 _maxwnd=219105 _cwnd=219105
Initialize per-instance NSCC parameters: flowid 876 _base_rtt=11685600 _base_bdp=146070 _bdp=146070 _min_cwnd=4150 _maxwnd=219105 _cwnd=219105
Initialize per-instance NSCC parameters: flowid 877 _base_rtt=11685600 _base_bdp=146070 _bdp=146070 _min_cwnd=4150 _maxwnd=219105 _cwnd=219105
Initialize per-instance NSCC parameters: flowid 878 _base_rtt=11685600 _base_bdp=146070 _bdp=146070 _min_cwnd=4150 _maxwnd=219105 _cwnd=219105
Initialize per-instance NSCC parameters: flowid 879 _base_rtt=11685600 _base_bdp=146070 _bdp=146070 _min_cwnd=4150 _maxwnd=219105 _cwnd=219105
Initialize per-instance NSCC parameters: flowid 880 _base_rtt=11685600 _base_bdp=146070 _bdp=146070 _min_cwnd=4150 _maxwnd=219105 _cwnd=219105
Initialize per-instance NSCC parameters: flowid 881 _base_rtt=11685600 _base_bdp=146070 _bdp=146070 _min_cwnd=4150 _maxwnd=219105 _cwnd=219105
Initialize per-instance NSCC parameters: flowid 882 _base_rtt=11685600 _base_bdp=146070 _bdp=146070 _min_cwnd=4150 _maxwnd=219105 _cwnd=219105
Initialize per-instance NSCC parameters: flowid 883 _base_rtt=11685600 _base_bdp=146070 _bdp=146070 _min_cwnd=4150 _maxwnd=219105 _cwnd=219105
Initialize per-instance NSCC parameters: flowid 884 _base_rtt=11685600 _base_bdp=146070 _bdp=146070 _min_cwnd=4150 _maxwnd=219105 _cwnd=219105
Initialize per-instance NSCC parameters: flowid 885 _base_rtt=11685600 _base_bdp=146070 _bdp=146070 _min_cwnd=4150 _maxwnd=219105 _cwnd=219105
Initialize per-instance NSCC parameters: flowid 886 _base_rtt=11685600 _base_bdp=146070 _bdp=146070 _min_cwnd=4150 _maxwnd=219105 _cwnd=219105
Initialize per-instance NSCC parameters: flowid 887 _base_rtt=11685600 _base_bdp=146070 _bdp=146070 _min_cwnd=4150 _maxwnd=219105 _cwnd=219105
Initialize per-instance NSCC parameters: flowid 888 _base_rtt=11685600 _base_bdp=146070 _bdp=146070 _min_cwnd=4150 _maxwnd=219105 _cwnd=219105
Initialize per-instance NSCC parameters: flowid 889 _base_rtt=11685600 _base_bdp=146070 _bdp=146070 _min_cwnd=4150 _maxwnd=219105 _cwnd=219105
Initialize per-instance NSCC parameters: flowid 890 _base_rtt=11685600 _base_bdp=146070 _bdp=146070 _min_cwnd=4150 _maxwnd=219105 _cwnd=219105
Initialize per-instance NSCC parameters: flowid 891 _base_rtt=11685600 _base_bdp=146070 _bdp=146070 _min_cwnd=4150 _maxwnd=219105 _cwnd=219105
Initialize per-instance NSCC parameters: flowid 892 _base_rtt=11685600 _base_bdp=146070 _bdp=146070 _min_cwnd=4150 _maxwnd=219105 _cwnd=219105
Initialize per-instance NSCC parameters: flowid 893 _base_rtt=11685600 _base_bdp=146070 _bdp=146070 _min_cwnd=4150 _maxwnd=219105 _cwnd=219105
Initialize per-instance NSCC parameters: flowid 894 _base_rtt=11685600 _base_bdp=146070 _bdp=146070 _min_cwnd=4150 _maxwnd=219105 _cwnd=219105
Initialize per-instance NSCC parameters: flowid 895 _base_rtt=11685600 _base_bdp=146070 _bdp=146070 _min_cwnd=4150 _maxwnd=219105 _cwnd=219105
Initialize per-instance NSCC parameters: flowid 896 _base_rtt=11685600 _base_bdp=146070 _bdp=146070 _min_cwnd=4150 _maxwnd=219105 _cwnd=219105
Initialize per-instance NSCC parameters: flowid 897 _base_rtt=11685600 _base_bdp=146070 _bdp=146070 _min_cwnd=4150 _maxwnd=219105 _cwnd=219105
Initialize per-instance NSCC parameters: flowid 898 _base_rtt=11685600 _base_bdp=146070 _bdp=146070 _min_cwnd=4150 _maxwnd=219105 _cwnd=219105
Initialize per-instance NSCC parameters: flowid 899 _base_rtt=11685600 _base_bdp=146070 _bdp=146070 _min_cwnd=4150 _maxwnd=219105 _cwnd=219105
Initialize per-instance NSCC parameters: flowid 900 _base_rtt=11685600 _base_bdp=146070 _bdp=146070 _min_cwnd=4150 _maxwnd=219105 _cwnd=219105
Initialize per-instance NSCC parameters: flowid 901 _base_rtt=11685600 _base_bdp=146070 _bdp=146070 _min_cwnd=4150 _maxwnd=219105 _cwnd=219105
Initialize per-instance NSCC parameters: flowid 902 _base_rtt=11685600 _base_bdp=146070 _bdp=146070 _min_cwnd=4150 _maxwnd=219105 _cwnd=219105
Initialize per-instance NSCC parameters: flowid 903 _base_rtt=11685600 _base_bdp=146070 _bdp=146070 _min_cwnd=4150 _maxwnd=219105 _cwnd=219105
Initialize per-instance NSCC parameters: flowid 904 _base_rtt=11685600 _base_bdp=146070 _bdp=146070 _min_cwnd=4150 _maxwnd=219105 _cwnd=219105
Initialize per-instance NSCC parameters: flowid 905 _base_rtt=11685600 _base_bdp=146070 _bdp=146070 _min_cwnd=4150 _maxwnd=219105 _cwnd=219105
Initialize per-instance NSCC parameters: flowid 906 _base_rtt=11685600 _base_bdp=146070 _bdp=146070 _min_cwnd=4150 _maxwnd=219105 _cwnd=219105
Initialize per-instance NSCC parameters: flowid 907 _base_rtt=11685600 _base_bdp=146070 _bdp=146070 _min_cwnd=4150 _maxwnd=219105 _cwnd=219105
Initialize per-instance NSCC parameters: flowid 908 _base_rtt=11685600 _base_bdp=146070 _bdp=146070 _min_cwnd=4150 _maxwnd=219105 _cwnd=219105
Initialize per-instance NSCC parameters: flowid 909 _base_rtt=11685600 _base_bdp=146070 _bdp=146070 _min_cwnd=4150 _maxwnd=219105 _cwnd=219105
Initialize per-instance NSCC parameters: flowid 910 _base_rtt=11685600 _base_bdp=146070 _bdp=146070 _min_cwnd=4150 _maxwnd=219105 _cwnd=219105
Initialize per-instance NSCC parameters: flowid 911 _base_rtt=11685600 _base_bdp=146070 _bdp=146070 _min_cwnd=4150 _maxwnd=219105 _cwnd=219105
Initialize per-instance NSCC parameters: flowid 912 _base_rtt=11685600 _base_bdp=146070 _bdp=146070 _min_cwnd=4150 _maxwnd=219105 _cwnd=219105
Initialize per-instance NSCC parameters: flowid 913 _base_rtt=11685600 _base_bdp=146070 _bdp=146070 _min_cwnd=4150 _maxwnd=219105 _cwnd=219105
Initialize per-instance NSCC parameters: flowid 914 _base_rtt=11685600 _base_bdp=146070 _bdp=146070 _min_cwnd=4150 _maxwnd=219105 _cwnd=219105
Initialize per-instance NSCC parameters: flowid 915 _base_rtt=11685600 _base_bdp=146070 _bdp=146070 _min_cwnd=4150 _maxwnd=219105 _cwnd=219105
Initialize per-instance NSCC parameters: flowid 916 _base_rtt=11685600 _base_bdp=146070 _bdp=146070 _min_cwnd=4150 _maxwnd=219105 _cwnd=219105
Initialize per-instance NSCC parameters: flowid 917 _base_rtt=11685600 _base_bdp=146070 _bdp=146070 _min_cwnd=4150 _maxwnd=219105 _cwnd=219105
Initialize per-instance NSCC parameters: flowid 918 _base_rtt=11685600 _base_bdp=146070 _bdp=146070 _min_cwnd=4150 _maxwnd=219105 _cwnd=219105
Initialize per-instance NSCC parameters: flowid 919 _base_rtt=11685600 _base_bdp=146070 _bdp=146070 _min_cwnd=4150 _maxwnd=219105 _cwnd=219105
Initialize per-instance NSCC parameters: flowid 920 _base_rtt=11685600 _base_bdp=146070 _bdp=146070 _min_cwnd=4150 _maxwnd=219105 _cwnd=219105
Initialize per-instance NSCC parameters: flowid 921 _base_rtt=11685600 _base_bdp=146070 _bdp=146070 _min_cwnd=4150 _maxwnd=219105 _cwnd=219105
Initialize per-instance NSCC parameters: flowid 922 _base_rtt=11685600 _base_bdp=146070 _bdp=146070 _min_cwnd=4150 _maxwnd=219105 _cwnd=219105
Initialize per-instance NSCC parameters: flowid 923 _base_rtt=11685600 _base_bdp=146070 _bdp=146070 _min_cwnd=4150 _maxwnd=219105 _cwnd=219105
Initialize per-instance NSCC parameters: flowid 924 _base_rtt=11685600 _base_bdp=146070 _bdp=146070 _min_cwnd=4150 _maxwnd=219105 _cwnd=219105
Initialize per-instance NSCC parameters: flowid 925 _base_rtt=11685600 _base_bdp=146070 _bdp=146070 _min_cwnd=4150 _maxwnd=219105 _cwnd=219105
Initialize per-instance NSCC parameters: flowid 926 _base_rtt=11685600 _base_bdp=146070 _bdp=146070 _min_cwnd=4150 _maxwnd=219105 _cwnd=219105
Initialize per-instance NSCC parameters: flowid 927 _base_rtt=11685600 _base_bdp=146070 _bdp=146070 _min_cwnd=4150 _maxwnd=219105 _cwnd=219105
Initialize per-instance NSCC parameters: flowid 928 _base_rtt=11685600 _base_bdp=146070 _bdp=146070 _min_cwnd=4150 _maxwnd=219105 _cwnd=219105
Initialize per-instance NSCC parameters: flowid 929 _base_rtt=11685600 _base_bdp=146070 _bdp=146070 _min_cwnd=4150 _maxwnd=219105 _cwnd=219105
Initialize per-instance NSCC parameters: flowid 930 _base_rtt=11685600 _base_bdp=146070 _bdp=146070 _min_cwnd=4150 _maxwnd=219105 _cwnd=219105
Initialize per-instance NSCC parameters: flowid 931 _base_rtt=11685600 _base_bdp=146070 _bdp=146070 _min_cwnd=4150 _maxwnd=219105 _cwnd=219105
Initialize per-instance NSCC parameters: flowid 932 _base_rtt=11685600 _base_bdp=146070 _bdp=146070 _min_cwnd=4150 _maxwnd=219105 _cwnd=219105
Initialize per-instance NSCC parameters: flowid 933 _base_rtt=11685600 _base_bdp=146070 _bdp=146070 _min_cwnd=4150 _maxwnd=219105 _cwnd=219105
Initialize per-instance NSCC parameters: flowid 934 _base_rtt=11685600 _base_bdp=146070 _bdp=146070 _min_cwnd=4150 _maxwnd=219105 _cwnd=219105
Initialize per-instance NSCC parameters: flowid 935 _base_rtt=11685600 _base_bdp=146070 _bdp=146070 _min_cwnd=4150 _maxwnd=219105 _cwnd=219105
Initialize per-instance NSCC parameters: flowid 936 _base_rtt=11685600 _base_bdp=146070 _bdp=146070 _min_cwnd=4150 _maxwnd=219105 _cwnd=219105
Initialize per-instance NSCC parameters: flowid 937 _base_rtt=11685600 _base_bdp=146070 _bdp=146070 _min_cwnd=4150 _maxwnd=219105 _cwnd=219105
Initialize per-instance NSCC parameters: flowid 938 _base_rtt=11685600 _base_bdp=146070 _bdp=146070 _min_cwnd=4150 _maxwnd=219105 _cwnd=219105
Initialize per-instance NSCC parameters: flowid 939 _base_rtt=11685600 _base_bdp=146070 _bdp=146070 _min_cwnd=4150 _maxwnd=219105 _cwnd=219105
Initialize per-instance NSCC parameters: flowid 940 _base_rtt=11685600 _base_bdp=146070 _bdp=146070 _min_cwnd=4150 _maxwnd=219105 _cwnd=219105
Initialize per-instance NSCC parameters: flowid 941 _base_rtt=11685600 _base_bdp=146070 _bdp=146070 _min_cwnd=4150 _maxwnd=219105 _cwnd=219105
Initialize per-instance NSCC parameters: flowid 942 _base_rtt=11685600 _base_bdp=146070 _bdp=146070 _min_cwnd=4150 _maxwnd=219105 _cwnd=219105
Initialize per-instance NSCC parameters: flowid 943 _base_rtt=11685600 _base_bdp=146070 _bdp=146070 _min_cwnd=4150 _maxwnd=219105 _cwnd=219105
Initialize per-instance NSCC parameters: flowid 944 _base_rtt=11685600 _base_bdp=146070 _bdp=146070 _min_cwnd=4150 _maxwnd=219105 _cwnd=219105
Initialize per-instance NSCC parameters: flowid 945 _base_rtt=11685600 _base_bdp=146070 _bdp=146070 _min_cwnd=4150 _maxwnd=219105 _cwnd=219105
Initialize per-instance NSCC parameters: flowid 946 _base_rtt=11685600 _base_bdp=146070 _bdp=146070 _min_cwnd=4150 _maxwnd=219105 _cwnd=219105
Initialize per-instance NSCC parameters: flowid 947 _base_rtt=11685600 _base_bdp=146070 _bdp=146070 _min_cwnd=4150 _maxwnd=219105 _cwnd=219105
Initialize per-instance NSCC parameters: flowid 948 _base_rtt=11685600 _base_bdp=146070 _bdp=146070 _min_cwnd=4150 _maxwnd=219105 _cwnd=219105
Initialize per-instance NSCC parameters: flowid 949 _base_rtt=11685600 _base_bdp=146070 _bdp=146070 _min_cwnd=4150 _maxwnd=219105 _cwnd=219105
Initialize per-instance NSCC parameters: flowid 950 _base_rtt=11685600 _base_bdp=146070 _bdp=146070 _min_cwnd=4150 _maxwnd=219105 _cwnd=219105
Initialize per-instance NSCC parameters: flowid 951 _base_rtt=11685600 _base_bdp=146070 _bdp=146070 _min_cwnd=4150 _maxwnd=219105 _cwnd=219105
Initialize per-instance NSCC parameters: flowid 952 _base_rtt=11685600 _base_bdp=146070 _bdp=146070 _min_cwnd=4150 _maxwnd=219105 _cwnd=219105
Initialize per-instance NSCC parameters: flowid 953 _base_rtt=11685600 _base_bdp=146070 _bdp=146070 _min_cwnd=4150 _maxwnd=219105 _cwnd=219105
Initialize per-instance NSCC parameters: flowid 954 _base_rtt=11685600 _base_bdp=146070 _bdp=146070 _min_cwnd=4150 _maxwnd=219105 _cwnd=219105
Initialize per-instance NSCC parameters: flowid 955 _base_rtt=11685600 _base_bdp=146070 _bdp=146070 _min_cwnd=4150 _maxwnd=219105 _cwnd=219105
Initialize per-instance NSCC parameters: flowid 956 _base_rtt=11685600 _base_bdp=146070 _bdp=146070 _min_cwnd=4150 _maxwnd=219105 _cwnd=219105
Initialize per-instance NSCC parameters: flowid 957 _base_rtt=11685600 _base_bdp=146070 _bdp=146070 _min_cwnd=4150 _maxwnd=219105 _cwnd=219105
Initialize per-instance NSCC parameters: flowid 958 _base_rtt=11685600 _base_bdp=146070 _bdp=146070 _min_cwnd=4150 _maxwnd=219105 _cwnd=219105
Initialize per-instance NSCC parameters: flowid 959 _base_rtt=11685600 _base_bdp=146070 _bdp=146070 _min_cwnd=4150 _maxwnd=219105 _cwnd=219105
Initialize per-instance NSCC parameters: flowid 960 _base_rtt=11685600 _base_bdp=146070 _bdp=146070 _min_cwnd=4150 _maxwnd=219105 _cwnd=219105
Initialize per-instance NSCC parameters: flowid 961 _base_rtt=11685600 _base_bdp=146070 _bdp=146070 _min_cwnd=4150 _maxwnd=219105 _cwnd=219105
Initialize per-instance NSCC parameters: flowid 962 _base_rtt=11685600 _base_bdp=146070 _bdp=146070 _min_cwnd=4150 _maxwnd=219105 _cwnd=219105
Initialize per-instance NSCC parameters: flowid 963 _base_rtt=11685600 _base_bdp=146070 _bdp=146070 _min_cwnd=4150 _maxwnd=219105 _cwnd=219105
Initialize per-instance NSCC parameters: flowid 964 _base_rtt=11685600 _base_bdp=146070 _bdp=146070 _min_cwnd=4150 _maxwnd=219105 _cwnd=219105
Initialize per-instance NSCC parameters: flowid 965 _base_rtt=11685600 _base_bdp=146070 _bdp=146070 _min_cwnd=4150 _maxwnd=219105 _cwnd=219105
Initialize per-instance NSCC parameters: flowid 966 _base_rtt=11685600 _base_bdp=146070 _bdp=146070 _min_cwnd=4150 _maxwnd=219105 _cwnd=219105
Initialize per-instance NSCC parameters: flowid 967 _base_rtt=11685600 _base_bdp=146070 _bdp=146070 _min_cwnd=4150 _maxwnd=219105 _cwnd=219105
Initialize per-instance NSCC parameters: flowid 968 _base_rtt=11685600 _base_bdp=146070 _bdp=146070 _min_cwnd=4150 _maxwnd=219105 _cwnd=219105
Initialize per-instance NSCC parameters: flowid 969 _base_rtt=11685600 _base_bdp=146070 _bdp=146070 _min_cwnd=4150 _maxwnd=219105 _cwnd=219105
Initialize per-instance NSCC parameters: flowid 970 _base_rtt=11685600 _base_bdp=146070 _bdp=146070 _min_cwnd=4150 _maxwnd=219105 _cwnd=219105
Initialize per-instance NSCC parameters: flowid 971 _base_rtt=11685600 _base_bdp=146070 _bdp=146070 _min_cwnd=4150 _maxwnd=219105 _cwnd=219105
Initialize per-instance NSCC parameters: flowid 972 _base_rtt=11685600 _base_bdp=146070 _bdp=146070 _min_cwnd=4150 _maxwnd=219105 _cwnd=219105
Initialize per-instance NSCC parameters: flowid 973 _base_rtt=11685600 _base_bdp=146070 _bdp=146070 _min_cwnd=4150 _maxwnd=219105 _cwnd=219105
Initialize per-instance NSCC parameters: flowid 974 _base_rtt=11685600 _base_bdp=146070 _bdp=146070 _min_cwnd=4150 _maxwnd=219105 _cwnd=219105
Initialize per-instance NSCC parameters: flowid 975 _base_rtt=11685600 _base_bdp=146070 _bdp=146070 _min_cwnd=4150 _maxwnd=219105 _cwnd=219105
Initialize per-instance NSCC parameters: flowid 976 _base_rtt=11685600 _base_bdp=146070 _bdp=146070 _min_cwnd=4150 _maxwnd=219105 _cwnd=219105
Initialize per-instance NSCC parameters: flowid 977 _base_rtt=11685600 _base_bdp=146070 _bdp=146070 _min_cwnd=4150 _maxwnd=219105 _cwnd=219105
Initialize per-instance NSCC parameters: flowid 978 _base_rtt=11685600 _base_bdp=146070 _bdp=146070 _min_cwnd=4150 _maxwnd=219105 _cwnd=219105
Initialize per-instance NSCC parameters: flowid 979 _base_rtt=11685600 _base_bdp=146070 _bdp=146070 _min_cwnd=4150 _maxwnd=219105 _cwnd=219105
Initialize per-instance NSCC parameters: flowid 980 _base_rtt=11685600 _base_bdp=146070 _bdp=146070 _min_cwnd=4150 _maxwnd=219105 _cwnd=219105
Initialize per-instance NSCC parameters: flowid 981 _base_rtt=11685600 _base_bdp=146070 _bdp=146070 _min_cwnd=4150 _maxwnd=219105 _cwnd=219105
Initialize per-instance NSCC parameters: flowid 982 _base_rtt=11685600 _base_bdp=146070 _bdp=146070 _min_cwnd=4150 _maxwnd=219105 _cwnd=219105
Initialize per-instance NSCC parameters: flowid 983 _base_rtt=11685600 _base_bdp=146070 _bdp=146070 _min_cwnd=4150 _maxwnd=219105 _cwnd=219105
Initialize per-instance NSCC parameters: flowid 984 _base_rtt=11685600 _base_bdp=146070 _bdp=146070 _min_cwnd=4150 _maxwnd=219105 _cwnd=219105
Initialize per-instance NSCC parameters: flowid 985 _base_rtt=11685600 _base_bdp=146070 _bdp=146070 _min_cwnd=4150 _maxwnd=219105 _cwnd=219105
Initialize per-instance NSCC parameters: flowid 986 _base_rtt=11685600 _base_bdp=146070 _bdp=146070 _min_cwnd=4150 _maxwnd=219105 _cwnd=219105
Initialize per-instance NSCC parameters: flowid 987 _base_rtt=11685600 _base_bdp=146070 _bdp=146070 _min_cwnd=4150 _maxwnd=219105 _cwnd=219105
Initialize per-instance NSCC parameters: flowid 988 _base_rtt=11685600 _base_bdp=146070 _bdp=146070 _min_cwnd=4150 _maxwnd=219105 _cwnd=219105
Initialize per-instance NSCC parameters: flowid 989 _base_rtt=11685600 _base_bdp=146070 _bdp=146070 _min_cwnd=4150 _maxwnd=219105 _cwnd=219105
Initialize per-instance NSCC parameters: flowid 990 _base_rtt=11685600 _base_bdp=146070 _bdp=146070 _min_cwnd=4150 _maxwnd=219105 _cwnd=219105
Initialize per-instance NSCC parameters: flowid 991 _base_rtt=11685600 _base_bdp=146070 _bdp=146070 _min_cwnd=4150 _maxwnd=219105 _cwnd=219105
Initialize per-instance NSCC parameters: flowid 992 _base_rtt=11685600 _base_bdp=146070 _bdp=146070 _min_cwnd=4150 _maxwnd=219105 _cwnd=219105
Initialize per-instance NSCC parameters: flowid 993 _base_rtt=11685600 _base_bdp=146070 _bdp=146070 _min_cwnd=4150 _maxwnd=219105 _cwnd=219105
Initialize per-instance NSCC parameters: flowid 994 _base_rtt=11685600 _base_bdp=146070 _bdp=146070 _min_cwnd=4150 _maxwnd=219105 _cwnd=219105
Initialize per-instance NSCC parameters: flowid 995 _base_rtt=11685600 _base_bdp=146070 _bdp=146070 _min_cwnd=4150 _maxwnd=219105 _cwnd=219105
Initialize per-instance NSCC parameters: flowid 996 _base_rtt=11685600 _base_bdp=146070 _bdp=146070 _min_cwnd=4150 _maxwnd=219105 _cwnd=219105
Initialize per-instance NSCC parameters: flowid 997 _base_rtt=11685600 _base_bdp=146070 _bdp=146070 _min_cwnd=4150 _maxwnd=219105 _cwnd=219105
Initialize per-instance NSCC parameters: flowid 998 _base_rtt=11685600 _base_bdp=146070 _bdp=146070 _min_cwnd=4150 _maxwnd=219105 _cwnd=219105
Initialize per-instance NSCC parameters: flowid 999 _base_rtt=11685600 _base_bdp=146070 _bdp=146070 _min_cwnd=4150 _maxwnd=219105 _cwnd=219105
Initialize per-instance NSCC parameters: flowid 1000 _base_rtt=11685600 _base_bdp=146070 _bdp=146070 _min_cwnd=4150 _maxwnd=219105 _cwnd=219105
Initialize per-instance NSCC parameters: flowid 1001 _base_rtt=11685600 _base_bdp=146070 _bdp=146070 _min_cwnd=4150 _maxwnd=219105 _cwnd=219105
Initialize per-instance NSCC parameters: flowid 1002 _base_rtt=11685600 _base_bdp=146070 _bdp=146070 _min_cwnd=4150 _maxwnd=219105 _cwnd=219105
Initialize per-instance NSCC parameters: flowid 1003 _base_rtt=11685600 _base_bdp=146070 _bdp=146070 _min_cwnd=4150 _maxwnd=219105 _cwnd=219105
Initialize per-instance NSCC parameters: flowid 1004 _base_rtt=11685600 _base_bdp=146070 _bdp=146070 _min_cwnd=4150 _maxwnd=219105 _cwnd=219105
Initialize per-instance NSCC parameters: flowid 1005 _base_rtt=11685600 _base_bdp=146070 _bdp=146070 _min_cwnd=4150 _maxwnd=219105 _cwnd=219105
Initialize per-instance NSCC parameters: flowid 1006 _base_rtt=11685600 _base_bdp=146070 _bdp=146070 _min_cwnd=4150 _maxwnd=219105 _cwnd=219105
Initialize per-instance NSCC parameters: flowid 1007 _base_rtt=11685600 _base_bdp=146070 _bdp=146070 _min_cwnd=4150 _maxwnd=219105 _cwnd=219105
Initialize per-instance NSCC parameters: flowid 1008 _base_rtt=11685600 _base_bdp=146070 _bdp=146070 _min_cwnd=4150 _maxwnd=219105 _cwnd=219105
Initialize per-instance NSCC parameters: flowid 1009 _base_rtt=11685600 _base_bdp=146070 _bdp=146070 _min_cwnd=4150 _maxwnd=219105 _cwnd=219105
Initialize per-instance NSCC parameters: flowid 1010 _base_rtt=11685600 _base_bdp=146070 _bdp=146070 _min_cwnd=4150 _maxwnd=219105 _cwnd=219105
Initialize per-instance NSCC parameters: flowid 1011 _base_rtt=11685600 _base_bdp=146070 _bdp=146070 _min_cwnd=4150 _maxwnd=219105 _cwnd=219105
Initialize per-instance NSCC parameters: flowid 1012 _base_rtt=11685600 _base_bdp=146070 _bdp=146070 _min_cwnd=4150 _maxwnd=219105 _cwnd=219105
Initialize per-instance NSCC parameters: flowid 1013 _base_rtt=11685600 _base_bdp=146070 _bdp=146070 _min_cwnd=4150 _maxwnd=219105 _cwnd=219105
Initialize per-instance NSCC parameters: flowid 1014 _base_rtt=11685600 _base_bdp=146070 _bdp=146070 _min_cwnd=4150 _maxwnd=219105 _cwnd=219105
Initialize per-instance NSCC parameters: flowid 1015 _base_rtt=11685600 _base_bdp=146070 _bdp=146070 _min_cwnd=4150 _maxwnd=219105 _cwnd=219105
Initialize per-instance NSCC parameters: flowid 1016 _base_rtt=11685600 _base_bdp=146070 _bdp=146070 _min_cwnd=4150 _maxwnd=219105 _cwnd=219105
Initialize per-instance NSCC parameters: flowid 1017 _base_rtt=11685600 _base_bdp=146070 _bdp=146070 _min_cwnd=4150 _maxwnd=219105 _cwnd=219105
Initialize per-instance NSCC parameters: flowid 1018 _base_rtt=11685600 _base_bdp=146070 _bdp=146070 _min_cwnd=4150 _maxwnd=219105 _cwnd=219105
Initialize per-instance NSCC parameters: flowid 1019 _base_rtt=11685600 _base_bdp=146070 _bdp=146070 _min_cwnd=4150 _maxwnd=219105 _cwnd=219105
Initialize per-instance NSCC parameters: flowid 1020 _base_rtt=11685600 _base_bdp=146070 _bdp=146070 _min_cwnd=4150 _maxwnd=219105 _cwnd=219105
Initialize per-instance NSCC parameters: flowid 1021 _base_rtt=11685600 _base_bdp=146070 _bdp=146070 _min_cwnd=4150 _maxwnd=219105 _cwnd=219105
Initialize per-instance NSCC parameters: flowid 1022 _base_rtt=11685600 _base_bdp=146070 _bdp=146070 _min_cwnd=4150 _maxwnd=219105 _cwnd=219105
Initialize per-instance NSCC parameters: flowid 1023 _base_rtt=11685600 _base_bdp=146070 _bdp=146070 _min_cwnd=4150 _maxwnd=219105 _cwnd=219105
Initialize per-instance NSCC parameters: flowid 1024 _base_rtt=11685600 _base_bdp=146070 _bdp=146070 _min_cwnd=4150 _maxwnd=219105 _cwnd=219105
Initialize per-instance NSCC parameters: flowid 1025 _base_rtt=11685600 _base_bdp=146070 _bdp=146070 _min_cwnd=4150 _maxwnd=219105 _cwnd=219105
Initialize per-instance NSCC parameters: flowid 1026 _base_rtt=11685600 _base_bdp=146070 _bdp=146070 _min_cwnd=4150 _maxwnd=219105 _cwnd=219105
Initialize per-instance NSCC parameters: flowid 1027 _base_rtt=11685600 _base_bdp=146070 _bdp=146070 _min_cwnd=4150 _maxwnd=219105 _cwnd=219105
Initialize per-instance NSCC parameters: flowid 1028 _base_rtt=11685600 _base_bdp=146070 _bdp=146070 _min_cwnd=4150 _maxwnd=219105 _cwnd=219105
Initialize per-instance NSCC parameters: flowid 1029 _base_rtt=11685600 _base_bdp=146070 _bdp=146070 _min_cwnd=4150 _maxwnd=219105 _cwnd=219105
Initialize per-instance NSCC parameters: flowid 1030 _base_rtt=11685600 _base_bdp=146070 _bdp=146070 _min_cwnd=4150 _maxwnd=219105 _cwnd=219105
Initialize per-instance NSCC parameters: flowid 1031 _base_rtt=11685600 _base_bdp=146070 _bdp=146070 _min_cwnd=4150 _maxwnd=219105 _cwnd=219105
Initialize per-instance NSCC parameters: flowid 1032 _base_rtt=11685600 _base_bdp=146070 _bdp=146070 _min_cwnd=4150 _maxwnd=219105 _cwnd=219105
Initialize per-instance NSCC parameters: flowid 1033 _base_rtt=11685600 _base_bdp=146070 _bdp=146070 _min_cwnd=4150 _maxwnd=219105 _cwnd=219105
Initialize per-instance NSCC parameters: flowid 1034 _base_rtt=11685600 _base_bdp=146070 _bdp=146070 _min_cwnd=4150 _maxwnd=219105 _cwnd=219105
Initialize per-instance NSCC parameters: flowid 1035 _base_rtt=11685600 _base_bdp=146070 _bdp=146070 _min_cwnd=4150 _maxwnd=219105 _cwnd=219105
Initialize per-instance NSCC parameters: flowid 1036 _base_rtt=11685600 _base_bdp=146070 _bdp=146070 _min_cwnd=4150 _maxwnd=219105 _cwnd=219105
Initialize per-instance NSCC parameters: flowid 1037 _base_rtt=11685600 _base_bdp=146070 _bdp=146070 _min_cwnd=4150 _maxwnd=219105 _cwnd=219105
Initialize per-instance NSCC parameters: flowid 1038 _base_rtt=11685600 _base_bdp=146070 _bdp=146070 _min_cwnd=4150 _maxwnd=219105 _cwnd=219105
Initialize per-instance NSCC parameters: flowid 1039 _base_rtt=11685600 _base_bdp=146070 _bdp=146070 _min_cwnd=4150 _maxwnd=219105 _cwnd=219105
Initialize per-instance NSCC parameters: flowid 1040 _base_rtt=11685600 _base_bdp=146070 _bdp=146070 _min_cwnd=4150 _maxwnd=219105 _cwnd=219105
Initialize per-instance NSCC parameters: flowid 1041 _base_rtt=11685600 _base_bdp=146070 _bdp=146070 _min_cwnd=4150 _maxwnd=219105 _cwnd=219105
Initialize per-instance NSCC parameters: flowid 1042 _base_rtt=11685600 _base_bdp=146070 _bdp=146070 _min_cwnd=4150 _maxwnd=219105 _cwnd=219105
Initialize per-instance NSCC parameters: flowid 1043 _base_rtt=11685600 _base_bdp=146070 _bdp=146070 _min_cwnd=4150 _maxwnd=219105 _cwnd=219105
Initialize per-instance NSCC parameters: flowid 1044 _base_rtt=11685600 _base_bdp=146070 _bdp=146070 _min_cwnd=4150 _maxwnd=219105 _cwnd=219105
Initialize per-instance NSCC parameters: flowid 1045 _base_rtt=11685600 _base_bdp=146070 _bdp=146070 _min_cwnd=4150 _maxwnd=219105 _cwnd=219105
Initialize per-instance NSCC parameters: flowid 1046 _base_rtt=11685600 _base_bdp=146070 _bdp=146070 _min_cwnd=4150 _maxwnd=219105 _cwnd=219105
Initialize per-instance NSCC parameters: flowid 1047 _base_rtt=11685600 _base_bdp=146070 _bdp=146070 _min_cwnd=4150 _maxwnd=219105 _cwnd=219105
Initialize per-instance NSCC parameters: flowid 1048 _base_rtt=11685600 _base_bdp=146070 _bdp=146070 _min_cwnd=4150 _maxwnd=219105 _cwnd=219105
Initialize per-instance NSCC parameters: flowid 1049 _base_rtt=11685600 _base_bdp=146070 _bdp=146070 _min_cwnd=4150 _maxwnd=219105 _cwnd=219105
Initialize per-instance NSCC parameters: flowid 1050 _base_rtt=11685600 _base_bdp=146070 _bdp=146070 _min_cwnd=4150 _maxwnd=219105 _cwnd=219105
Initialize per-instance NSCC parameters: flowid 1051 _base_rtt=11685600 _base_bdp=146070 _bdp=146070 _min_cwnd=4150 _maxwnd=219105 _cwnd=219105
Initialize per-instance NSCC parameters: flowid 1052 _base_rtt=11685600 _base_bdp=146070 _bdp=146070 _min_cwnd=4150 _maxwnd=219105 _cwnd=219105
Initialize per-instance NSCC parameters: flowid 1053 _base_rtt=11685600 _base_bdp=146070 _bdp=146070 _min_cwnd=4150 _maxwnd=219105 _cwnd=219105
Initialize per-instance NSCC parameters: flowid 1054 _base_rtt=11685600 _base_bdp=146070 _bdp=146070 _min_cwnd=4150 _maxwnd=219105 _cwnd=219105
Initialize per-instance NSCC parameters: flowid 1055 _base_rtt=11685600 _base_bdp=146070 _bdp=146070 _min_cwnd=4150 _maxwnd=219105 _cwnd=219105
Initialize per-instance NSCC parameters: flowid 1056 _base_rtt=11685600 _base_bdp=146070 _bdp=146070 _min_cwnd=4150 _maxwnd=219105 _cwnd=219105
Initialize per-instance NSCC parameters: flowid 1057 _base_rtt=11685600 _base_bdp=146070 _bdp=146070 _min_cwnd=4150 _maxwnd=219105 _cwnd=219105
Initialize per-instance NSCC parameters: flowid 1058 _base_rtt=11685600 _base_bdp=146070 _bdp=146070 _min_cwnd=4150 _maxwnd=219105 _cwnd=219105
Initialize per-instance NSCC parameters: flowid 1059 _base_rtt=11685600 _base_bdp=146070 _bdp=146070 _min_cwnd=4150 _maxwnd=219105 _cwnd=219105
Initialize per-instance NSCC parameters: flowid 1060 _base_rtt=11685600 _base_bdp=146070 _bdp=146070 _min_cwnd=4150 _maxwnd=219105 _cwnd=219105
Initialize per-instance NSCC parameters: flowid 1061 _base_rtt=11685600 _base_bdp=146070 _bdp=146070 _min_cwnd=4150 _maxwnd=219105 _cwnd=219105
Initialize per-instance NSCC parameters: flowid 1062 _base_rtt=11685600 _base_bdp=146070 _bdp=146070 _min_cwnd=4150 _maxwnd=219105 _cwnd=219105
Initialize per-instance NSCC parameters: flowid 1063 _base_rtt=11685600 _base_bdp=146070 _bdp=146070 _min_cwnd=4150 _maxwnd=219105 _cwnd=219105
Initialize per-instance NSCC parameters: flowid 1064 _base_rtt=11685600 _base_bdp=146070 _bdp=146070 _min_cwnd=4150 _maxwnd=219105 _cwnd=219105
Initialize per-instance NSCC parameters: flowid 1065 _base_rtt=11685600 _base_bdp=146070 _bdp=146070 _min_cwnd=4150 _maxwnd=219105 _cwnd=219105
Initialize per-instance NSCC parameters: flowid 1066 _base_rtt=11685600 _base_bdp=146070 _bdp=146070 _min_cwnd=4150 _maxwnd=219105 _cwnd=219105
Initialize per-instance NSCC parameters: flowid 1067 _base_rtt=11685600 _base_bdp=146070 _bdp=146070 _min_cwnd=4150 _maxwnd=219105 _cwnd=219105
Initialize per-instance NSCC parameters: flowid 1068 _base_rtt=11685600 _base_bdp=146070 _bdp=146070 _min_cwnd=4150 _maxwnd=219105 _cwnd=219105
Initialize per-instance NSCC parameters: flowid 1069 _base_rtt=11685600 _base_bdp=146070 _bdp=146070 _min_cwnd=4150 _maxwnd=219105 _cwnd=219105
Initialize per-instance NSCC parameters: flowid 1070 _base_rtt=11685600 _base_bdp=146070 _bdp=146070 _min_cwnd=4150 _maxwnd=219105 _cwnd=219105
Initialize per-instance NSCC parameters: flowid 1071 _base_rtt=11685600 _base_bdp=146070 _bdp=146070 _min_cwnd=4150 _maxwnd=219105 _cwnd=219105
Initialize per-instance NSCC parameters: flowid 1072 _base_rtt=11685600 _base_bdp=146070 _bdp=146070 _min_cwnd=4150 _maxwnd=219105 _cwnd=219105
Initialize per-instance NSCC parameters: flowid 1073 _base_rtt=11685600 _base_bdp=146070 _bdp=146070 _min_cwnd=4150 _maxwnd=219105 _cwnd=219105
Initialize per-instance NSCC parameters: flowid 1074 _base_rtt=11685600 _base_bdp=146070 _bdp=146070 _min_cwnd=4150 _maxwnd=219105 _cwnd=219105
Initialize per-instance NSCC parameters: flowid 1075 _base_rtt=11685600 _base_bdp=146070 _bdp=146070 _min_cwnd=4150 _maxwnd=219105 _cwnd=219105
Initialize per-instance NSCC parameters: flowid 1076 _base_rtt=11685600 _base_bdp=146070 _bdp=146070 _min_cwnd=4150 _maxwnd=219105 _cwnd=219105
Initialize per-instance NSCC parameters: flowid 1077 _base_rtt=11685600 _base_bdp=146070 _bdp=146070 _min_cwnd=4150 _maxwnd=219105 _cwnd=219105
Initialize per-instance NSCC parameters: flowid 1078 _base_rtt=11685600 _base_bdp=146070 _bdp=146070 _min_cwnd=4150 _maxwnd=219105 _cwnd=219105
Initialize per-instance NSCC parameters: flowid 1079 _base_rtt=11685600 _base_bdp=146070 _bdp=146070 _min_cwnd=4150 _maxwnd=219105 _cwnd=219105
Initialize per-instance NSCC parameters: flowid 1080 _base_rtt=11685600 _base_bdp=146070 _bdp=146070 _min_cwnd=4150 _maxwnd=219105 _cwnd=219105
Initialize per-instance NSCC parameters: flowid 1081 _base_rtt=11685600 _base_bdp=146070 _bdp=146070 _min_cwnd=4150 _maxwnd=219105 _cwnd=219105
Initialize per-instance NSCC parameters: flowid 1082 _base_rtt=11685600 _base_bdp=146070 _bdp=146070 _min_cwnd=4150 _maxwnd=219105 _cwnd=219105
Initialize per-instance NSCC parameters: flowid 1083 _base_rtt=11685600 _base_bdp=146070 _bdp=146070 _min_cwnd=4150 _maxwnd=219105 _cwnd=219105
Initialize per-instance NSCC parameters: flowid 1084 _base_rtt=11685600 _base_bdp=146070 _bdp=146070 _min_cwnd=4150 _maxwnd=219105 _cwnd=219105
Initialize per-instance NSCC parameters: flowid 1085 _base_rtt=11685600 _base_bdp=146070 _bdp=146070 _min_cwnd=4150 _maxwnd=219105 _cwnd=219105
Initialize per-instance NSCC parameters: flowid 1086 _base_rtt=11685600 _base_bdp=146070 _bdp=146070 _min_cwnd=4150 _maxwnd=219105 _cwnd=219105
Initialize per-instance NSCC parameters: flowid 1087 _base_rtt=11685600 _base_bdp=146070 _bdp=146070 _min_cwnd=4150 _maxwnd=219105 _cwnd=219105
Initialize per-instance NSCC parameters: flowid 1088 _base_rtt=11685600 _base_bdp=146070 _bdp=146070 _min_cwnd=4150 _maxwnd=219105 _cwnd=219105
Initialize per-instance NSCC parameters: flowid 1089 _base_rtt=11685600 _base_bdp=146070 _bdp=146070 _min_cwnd=4150 _maxwnd=219105 _cwnd=219105
Initialize per-instance NSCC parameters: flowid 1090 _base_rtt=11685600 _base_bdp=146070 _bdp=146070 _min_cwnd=4150 _maxwnd=219105 _cwnd=219105
Initialize per-instance NSCC parameters: flowid 1091 _base_rtt=11685600 _base_bdp=146070 _bdp=146070 _min_cwnd=4150 _maxwnd=219105 _cwnd=219105
Initialize per-instance NSCC parameters: flowid 1092 _base_rtt=11685600 _base_bdp=146070 _bdp=146070 _min_cwnd=4150 _maxwnd=219105 _cwnd=219105
Initialize per-instance NSCC parameters: flowid 1093 _base_rtt=11685600 _base_bdp=146070 _bdp=146070 _min_cwnd=4150 _maxwnd=219105 _cwnd=219105
Initialize per-instance NSCC parameters: flowid 1094 _base_rtt=11685600 _base_bdp=146070 _bdp=146070 _min_cwnd=4150 _maxwnd=219105 _cwnd=219105
Initialize per-instance NSCC parameters: flowid 1095 _base_rtt=11685600 _base_bdp=146070 _bdp=146070 _min_cwnd=4150 _maxwnd=219105 _cwnd=219105
Initialize per-instance NSCC parameters: flowid 1096 _base_rtt=11685600 _base_bdp=146070 _bdp=146070 _min_cwnd=4150 _maxwnd=219105 _cwnd=219105
Initialize per-instance NSCC parameters: flowid 1097 _base_rtt=11685600 _base_bdp=146070 _bdp=146070 _min_cwnd=4150 _maxwnd=219105 _cwnd=219105
Initialize per-instance NSCC parameters: flowid 1098 _base_rtt=11685600 _base_bdp=146070 _bdp=146070 _min_cwnd=4150 _maxwnd=219105 _cwnd=219105
Initialize per-instance NSCC parameters: flowid 1099 _base_rtt=11685600 _base_bdp=146070 _bdp=146070 _min_cwnd=4150 _maxwnd=219105 _cwnd=219105
Initialize per-instance NSCC parameters: flowid 1100 _base_rtt=11685600 _base_bdp=146070 _bdp=146070 _min_cwnd=4150 _maxwnd=219105 _cwnd=219105
Initialize per-instance NSCC parameters: flowid 1101 _base_rtt=11685600 _base_bdp=146070 _bdp=146070 _min_cwnd=4150 _maxwnd=219105 _cwnd=219105
Initialize per-instance NSCC parameters: flowid 1102 _base_rtt=11685600 _base_bdp=146070 _bdp=146070 _min_cwnd=4150 _maxwnd=219105 _cwnd=219105
Initialize per-instance NSCC parameters: flowid 1103 _base_rtt=11685600 _base_bdp=146070 _bdp=146070 _min_cwnd=4150 _maxwnd=219105 _cwnd=219105
Initialize per-instance NSCC parameters: flowid 1104 _base_rtt=11685600 _base_bdp=146070 _bdp=146070 _min_cwnd=4150 _maxwnd=219105 _cwnd=219105
Initialize per-instance NSCC parameters: flowid 1105 _base_rtt=11685600 _base_bdp=146070 _bdp=146070 _min_cwnd=4150 _maxwnd=219105 _cwnd=219105
Initialize per-instance NSCC parameters: flowid 1106 _base_rtt=11685600 _base_bdp=146070 _bdp=146070 _min_cwnd=4150 _maxwnd=219105 _cwnd=219105
Initialize per-instance NSCC parameters: flowid 1107 _base_rtt=11685600 _base_bdp=146070 _bdp=146070 _min_cwnd=4150 _maxwnd=219105 _cwnd=219105
Initialize per-instance NSCC parameters: flowid 1108 _base_rtt=11685600 _base_bdp=146070 _bdp=146070 _min_cwnd=4150 _maxwnd=219105 _cwnd=219105
Initialize per-instance NSCC parameters: flowid 1109 _base_rtt=11685600 _base_bdp=146070 _bdp=146070 _min_cwnd=4150 _maxwnd=219105 _cwnd=219105
Initialize per-instance NSCC parameters: flowid 1110 _base_rtt=11685600 _base_bdp=146070 _bdp=146070 _min_cwnd=4150 _maxwnd=219105 _cwnd=219105
Initialize per-instance NSCC parameters: flowid 1111 _base_rtt=11685600 _base_bdp=146070 _bdp=146070 _min_cwnd=4150 _maxwnd=219105 _cwnd=219105
Initialize per-instance NSCC parameters: flowid 1112 _base_rtt=11685600 _base_bdp=146070 _bdp=146070 _min_cwnd=4150 _maxwnd=219105 _cwnd=219105
Initialize per-instance NSCC parameters: flowid 1113 _base_rtt=11685600 _base_bdp=146070 _bdp=146070 _min_cwnd=4150 _maxwnd=219105 _cwnd=219105
Initialize per-instance NSCC parameters: flowid 1114 _base_rtt=11685600 _base_bdp=146070 _bdp=146070 _min_cwnd=4150 _maxwnd=219105 _cwnd=219105
Initialize per-instance NSCC parameters: flowid 1115 _base_rtt=11685600 _base_bdp=146070 _bdp=146070 _min_cwnd=4150 _maxwnd=219105 _cwnd=219105
Initialize per-instance NSCC parameters: flowid 1116 _base_rtt=11685600 _base_bdp=146070 _bdp=146070 _min_cwnd=4150 _maxwnd=219105 _cwnd=219105
Initialize per-instance NSCC parameters: flowid 1117 _base_rtt=11685600 _base_bdp=146070 _bdp=146070 _min_cwnd=4150 _maxwnd=219105 _cwnd=219105
Initialize per-instance NSCC parameters: flowid 1118 _base_rtt=11685600 _base_bdp=146070 _bdp=146070 _min_cwnd=4150 _maxwnd=219105 _cwnd=219105
Initialize per-instance NSCC parameters: flowid 1119 _base_rtt=11685600 _base_bdp=146070 _bdp=146070 _min_cwnd=4150 _maxwnd=219105 _cwnd=219105
Initialize per-instance NSCC parameters: flowid 1120 _base_rtt=11685600 _base_bdp=146070 _bdp=146070 _min_cwnd=4150 _maxwnd=219105 _cwnd=219105
Initialize per-instance NSCC parameters: flowid 1121 _base_rtt=11685600 _base_bdp=146070 _bdp=146070 _min_cwnd=4150 _maxwnd=219105 _cwnd=219105
Initialize per-instance NSCC parameters: flowid 1122 _base_rtt=11685600 _base_bdp=146070 _bdp=146070 _min_cwnd=4150 _maxwnd=219105 _cwnd=219105
Initialize per-instance NSCC parameters: flowid 1123 _base_rtt=11685600 _base_bdp=146070 _bdp=146070 _min_cwnd=4150 _maxwnd=219105 _cwnd=219105
Initialize per-instance NSCC parameters: flowid 1124 _base_rtt=11685600 _base_bdp=146070 _bdp=146070 _min_cwnd=4150 _maxwnd=219105 _cwnd=219105
Initialize per-instance NSCC parameters: flowid 1125 _base_rtt=11685600 _base_bdp=146070 _bdp=146070 _min_cwnd=4150 _maxwnd=219105 _cwnd=219105
Initialize per-instance NSCC parameters: flowid 1126 _base_rtt=11685600 _base_bdp=146070 _bdp=146070 _min_cwnd=4150 _maxwnd=219105 _cwnd=219105
Initialize per-instance NSCC parameters: flowid 1127 _base_rtt=11685600 _base_bdp=146070 _bdp=146070 _min_cwnd=4150 _maxwnd=219105 _cwnd=219105
Initialize per-instance NSCC parameters: flowid 1128 _base_rtt=11685600 _base_bdp=146070 _bdp=146070 _min_cwnd=4150 _maxwnd=219105 _cwnd=219105
Initialize per-instance NSCC parameters: flowid 1129 _base_rtt=11685600 _base_bdp=146070 _bdp=146070 _min_cwnd=4150 _maxwnd=219105 _cwnd=219105
Initialize per-instance NSCC parameters: flowid 1130 _base_rtt=11685600 _base_bdp=146070 _bdp=146070 _min_cwnd=4150 _maxwnd=219105 _cwnd=219105
Initialize per-instance NSCC parameters: flowid 1131 _base_rtt=11685600 _base_bdp=146070 _bdp=146070 _min_cwnd=4150 _maxwnd=219105 _cwnd=219105
Initialize per-instance NSCC parameters: flowid 1132 _base_rtt=11685600 _base_bdp=146070 _bdp=146070 _min_cwnd=4150 _maxwnd=219105 _cwnd=219105
Initialize per-instance NSCC parameters: flowid 1133 _base_rtt=11685600 _base_bdp=146070 _bdp=146070 _min_cwnd=4150 _maxwnd=219105 _cwnd=219105
Initialize per-instance NSCC parameters: flowid 1134 _base_rtt=11685600 _base_bdp=146070 _bdp=146070 _min_cwnd=4150 _maxwnd=219105 _cwnd=219105
Initialize per-instance NSCC parameters: flowid 1135 _base_rtt=11685600 _base_bdp=146070 _bdp=146070 _min_cwnd=4150 _maxwnd=219105 _cwnd=219105
Initialize per-instance NSCC parameters: flowid 1136 _base_rtt=11685600 _base_bdp=146070 _bdp=146070 _min_cwnd=4150 _maxwnd=219105 _cwnd=219105
Initialize per-instance NSCC parameters: flowid 1137 _base_rtt=11685600 _base_bdp=146070 _bdp=146070 _min_cwnd=4150 _maxwnd=219105 _cwnd=219105
Initialize per-instance NSCC parameters: flowid 1138 _base_rtt=11685600 _base_bdp=146070 _bdp=146070 _min_cwnd=4150 _maxwnd=219105 _cwnd=219105
Initialize per-instance NSCC parameters: flowid 1139 _base_rtt=11685600 _base_bdp=146070 _bdp=146070 _min_cwnd=4150 _maxwnd=219105 _cwnd=219105
Initialize per-instance NSCC parameters: flowid 1140 _base_rtt=11685600 _base_bdp=146070 _bdp=146070 _min_cwnd=4150 _maxwnd=219105 _cwnd=219105
Initialize per-instance NSCC parameters: flowid 1141 _base_rtt=11685600 _base_bdp=146070 _bdp=146070 _min_cwnd=4150 _maxwnd=219105 _cwnd=219105
Initialize per-instance NSCC parameters: flowid 1142 _base_rtt=11685600 _base_bdp=146070 _bdp=146070 _min_cwnd=4150 _maxwnd=219105 _cwnd=219105
Initialize per-instance NSCC parameters: flowid 1143 _base_rtt=11685600 _base_bdp=146070 _bdp=146070 _min_cwnd=4150 _maxwnd=219105 _cwnd=219105
Initialize per-instance NSCC parameters: flowid 1144 _base_rtt=11685600 _base_bdp=146070 _bdp=146070 _min_cwnd=4150 _maxwnd=219105 _cwnd=219105
Initialize per-instance NSCC parameters: flowid 1145 _base_rtt=11685600 _base_bdp=146070 _bdp=146070 _min_cwnd=4150 _maxwnd=219105 _cwnd=219105
Initialize per-instance NSCC parameters: flowid 1146 _base_rtt=11685600 _base_bdp=146070 _bdp=146070 _min_cwnd=4150 _maxwnd=219105 _cwnd=219105
Initialize per-instance NSCC parameters: flowid 1147 _base_rtt=11685600 _base_bdp=146070 _bdp=146070 _min_cwnd=4150 _maxwnd=219105 _cwnd=219105
Initialize per-instance NSCC parameters: flowid 1148 _base_rtt=11685600 _base_bdp=146070 _bdp=146070 _min_cwnd=4150 _maxwnd=219105 _cwnd=219105
Initialize per-instance NSCC parameters: flowid 1149 _base_rtt=11685600 _base_bdp=146070 _bdp=146070 _min_cwnd=4150 _maxwnd=219105 _cwnd=219105
Initialize per-instance NSCC parameters: flowid 1150 _base_rtt=11685600 _base_bdp=146070 _bdp=146070 _min_cwnd=4150 _maxwnd=219105 _cwnd=219105
Initialize per-instance NSCC parameters: flowid 1151 _base_rtt=11685600 _base_bdp=146070 _bdp=146070 _min_cwnd=4150 _maxwnd=219105 _cwnd=219105
Initialize per-instance NSCC parameters: flowid 1152 _base_rtt=11685600 _base_bdp=146070 _bdp=146070 _min_cwnd=4150 _maxwnd=219105 _cwnd=219105
Initialize per-instance NSCC parameters: flowid 1153 _base_rtt=11685600 _base_bdp=146070 _bdp=146070 _min_cwnd=4150 _maxwnd=219105 _cwnd=219105
Initialize per-instance NSCC parameters: flowid 1154 _base_rtt=11685600 _base_bdp=146070 _bdp=146070 _min_cwnd=4150 _maxwnd=219105 _cwnd=219105
Initialize per-instance NSCC parameters: flowid 1155 _base_rtt=11685600 _base_bdp=146070 _bdp=146070 _min_cwnd=4150 _maxwnd=219105 _cwnd=219105
Initialize per-instance NSCC parameters: flowid 1156 _base_rtt=11685600 _base_bdp=146070 _bdp=146070 _min_cwnd=4150 _maxwnd=219105 _cwnd=219105
Initialize per-instance NSCC parameters: flowid 1157 _base_rtt=11685600 _base_bdp=146070 _bdp=146070 _min_cwnd=4150 _maxwnd=219105 _cwnd=219105
Initialize per-instance NSCC parameters: flowid 1158 _base_rtt=11685600 _base_bdp=146070 _bdp=146070 _min_cwnd=4150 _maxwnd=219105 _cwnd=219105
Initialize per-instance NSCC parameters: flowid 1159 _base_rtt=11685600 _base_bdp=146070 _bdp=146070 _min_cwnd=4150 _maxwnd=219105 _cwnd=219105
Initialize per-instance NSCC parameters: flowid 1160 _base_rtt=11685600 _base_bdp=146070 _bdp=146070 _min_cwnd=4150 _maxwnd=219105 _cwnd=219105
Initialize per-instance NSCC parameters: flowid 1161 _base_rtt=11685600 _base_bdp=146070 _bdp=146070 _min_cwnd=4150 _maxwnd=219105 _cwnd=219105
Initialize per-instance NSCC parameters: flowid 1162 _base_rtt=11685600 _base_bdp=146070 _bdp=146070 _min_cwnd=4150 _maxwnd=219105 _cwnd=219105
Initialize per-instance NSCC parameters: flowid 1163 _base_rtt=11685600 _base_bdp=146070 _bdp=146070 _min_cwnd=4150 _maxwnd=219105 _cwnd=219105
Initialize per-instance NSCC parameters: flowid 1164 _base_rtt=11685600 _base_bdp=146070 _bdp=146070 _min_cwnd=4150 _maxwnd=219105 _cwnd=219105
Initialize per-instance NSCC parameters: flowid 1165 _base_rtt=11685600 _base_bdp=146070 _bdp=146070 _min_cwnd=4150 _maxwnd=219105 _cwnd=219105
Initialize per-instance NSCC parameters: flowid 1166 _base_rtt=11685600 _base_bdp=146070 _bdp=146070 _min_cwnd=4150 _maxwnd=219105 _cwnd=219105
Initialize per-instance NSCC parameters: flowid 1167 _base_rtt=11685600 _base_bdp=146070 _bdp=146070 _min_cwnd=4150 _maxwnd=219105 _cwnd=219105
Initialize per-instance NSCC parameters: flowid 1168 _base_rtt=11685600 _base_bdp=146070 _bdp=146070 _min_cwnd=4150 _maxwnd=219105 _cwnd=219105
Initialize per-instance NSCC parameters: flowid 1169 _base_rtt=11685600 _base_bdp=146070 _bdp=146070 _min_cwnd=4150 _maxwnd=219105 _cwnd=219105
Initialize per-instance NSCC parameters: flowid 1170 _base_rtt=11685600 _base_bdp=146070 _bdp=146070 _min_cwnd=4150 _maxwnd=219105 _cwnd=219105
Initialize per-instance NSCC parameters: flowid 1171 _base_rtt=11685600 _base_bdp=146070 _bdp=146070 _min_cwnd=4150 _maxwnd=219105 _cwnd=219105
Initialize per-instance NSCC parameters: flowid 1172 _base_rtt=11685600 _base_bdp=146070 _bdp=146070 _min_cwnd=4150 _maxwnd=219105 _cwnd=219105
Initialize per-instance NSCC parameters: flowid 1173 _base_rtt=11685600 _base_bdp=146070 _bdp=146070 _min_cwnd=4150 _maxwnd=219105 _cwnd=219105
Initialize per-instance NSCC parameters: flowid 1174 _base_rtt=11685600 _base_bdp=146070 _bdp=146070 _min_cwnd=4150 _maxwnd=219105 _cwnd=219105
Initialize per-instance NSCC parameters: flowid 1175 _base_rtt=11685600 _base_bdp=146070 _bdp=146070 _min_cwnd=4150 _maxwnd=219105 _cwnd=219105
Initialize per-instance NSCC parameters: flowid 1176 _base_rtt=11685600 _base_bdp=146070 _bdp=146070 _min_cwnd=4150 _maxwnd=219105 _cwnd=219105
Initialize per-instance NSCC parameters: flowid 1177 _base_rtt=11685600 _base_bdp=146070 _bdp=146070 _min_cwnd=4150 _maxwnd=219105 _cwnd=219105
Initialize per-instance NSCC parameters: flowid 1178 _base_rtt=11685600 _base_bdp=146070 _bdp=146070 _min_cwnd=4150 _maxwnd=219105 _cwnd=219105
Initialize per-instance NSCC parameters: flowid 1179 _base_rtt=11685600 _base_bdp=146070 _bdp=146070 _min_cwnd=4150 _maxwnd=219105 _cwnd=219105
Initialize per-instance NSCC parameters: flowid 1180 _base_rtt=11685600 _base_bdp=146070 _bdp=146070 _min_cwnd=4150 _maxwnd=219105 _cwnd=219105
Initialize per-instance NSCC parameters: flowid 1181 _base_rtt=11685600 _base_bdp=146070 _bdp=146070 _min_cwnd=4150 _maxwnd=219105 _cwnd=219105
Initialize per-instance NSCC parameters: flowid 1182 _base_rtt=11685600 _base_bdp=146070 _bdp=146070 _min_cwnd=4150 _maxwnd=219105 _cwnd=219105
Initialize per-instance NSCC parameters: flowid 1183 _base_rtt=11685600 _base_bdp=146070 _bdp=146070 _min_cwnd=4150 _maxwnd=219105 _cwnd=219105
Initialize per-instance NSCC parameters: flowid 1184 _base_rtt=11685600 _base_bdp=146070 _bdp=146070 _min_cwnd=4150 _maxwnd=219105 _cwnd=219105
Initialize per-instance NSCC parameters: flowid 1185 _base_rtt=11685600 _base_bdp=146070 _bdp=146070 _min_cwnd=4150 _maxwnd=219105 _cwnd=219105
Initialize per-instance NSCC parameters: flowid 1186 _base_rtt=11685600 _base_bdp=146070 _bdp=146070 _min_cwnd=4150 _maxwnd=219105 _cwnd=219105
Initialize per-instance NSCC parameters: flowid 1187 _base_rtt=11685600 _base_bdp=146070 _bdp=146070 _min_cwnd=4150 _maxwnd=219105 _cwnd=219105
Initialize per-instance NSCC parameters: flowid 1188 _base_rtt=11685600 _base_bdp=146070 _bdp=146070 _min_cwnd=4150 _maxwnd=219105 _cwnd=219105
Initialize per-instance NSCC parameters: flowid 1189 _base_rtt=11685600 _base_bdp=146070 _bdp=146070 _min_cwnd=4150 _maxwnd=219105 _cwnd=219105
Initialize per-instance NSCC parameters: flowid 1190 _base_rtt=11685600 _base_bdp=146070 _bdp=146070 _min_cwnd=4150 _maxwnd=219105 _cwnd=219105
Initialize per-instance NSCC parameters: flowid 1191 _base_rtt=11685600 _base_bdp=146070 _bdp=146070 _min_cwnd=4150 _maxwnd=219105 _cwnd=219105
Initialize per-instance NSCC parameters: flowid 1192 _base_rtt=11685600 _base_bdp=146070 _bdp=146070 _min_cwnd=4150 _maxwnd=219105 _cwnd=219105
Initialize per-instance NSCC parameters: flowid 1193 _base_rtt=11685600 _base_bdp=146070 _bdp=146070 _min_cwnd=4150 _maxwnd=219105 _cwnd=219105
Initialize per-instance NSCC parameters: flowid 1194 _base_rtt=11685600 _base_bdp=146070 _bdp=146070 _min_cwnd=4150 _maxwnd=219105 _cwnd=219105
Initialize per-instance NSCC parameters: flowid 1195 _base_rtt=11685600 _base_bdp=146070 _bdp=146070 _min_cwnd=4150 _maxwnd=219105 _cwnd=219105
Initialize per-instance NSCC parameters: flowid 1196 _base_rtt=11685600 _base_bdp=146070 _bdp=146070 _min_cwnd=4150 _maxwnd=219105 _cwnd=219105
Initialize per-instance NSCC parameters: flowid 1197 _base_rtt=11685600 _base_bdp=146070 _bdp=146070 _min_cwnd=4150 _maxwnd=219105 _cwnd=219105
Initialize per-instance NSCC parameters: flowid 1198 _base_rtt=11685600 _base_bdp=146070 _bdp=146070 _min_cwnd=4150 _maxwnd=219105 _cwnd=219105
Initialize per-instance NSCC parameters: flowid 1199 _base_rtt=11685600 _base_bdp=146070 _bdp=146070 _min_cwnd=4150 _maxwnd=219105 _cwnd=219105
Initialize per-instance NSCC parameters: flowid 1200 _base_rtt=11685600 _base_bdp=146070 _bdp=146070 _min_cwnd=4150 _maxwnd=219105 _cwnd=219105
Initialize per-instance NSCC parameters: flowid 1201 _base_rtt=11685600 _base_bdp=146070 _bdp=146070 _min_cwnd=4150 _maxwnd=219105 _cwnd=219105
Initialize per-instance NSCC parameters: flowid 1202 _base_rtt=11685600 _base_bdp=146070 _bdp=146070 _min_cwnd=4150 _maxwnd=219105 _cwnd=219105
Initialize per-instance NSCC parameters: flowid 1203 _base_rtt=11685600 _base_bdp=146070 _bdp=146070 _min_cwnd=4150 _maxwnd=219105 _cwnd=219105
Initialize per-instance NSCC parameters: flowid 1204 _base_rtt=11685600 _base_bdp=146070 _bdp=146070 _min_cwnd=4150 _maxwnd=219105 _cwnd=219105
Initialize per-instance NSCC parameters: flowid 1205 _base_rtt=11685600 _base_bdp=146070 _bdp=146070 _min_cwnd=4150 _maxwnd=219105 _cwnd=219105
Initialize per-instance NSCC parameters: flowid 1206 _base_rtt=11685600 _base_bdp=146070 _bdp=146070 _min_cwnd=4150 _maxwnd=219105 _cwnd=219105
Initialize per-instance NSCC parameters: flowid 1207 _base_rtt=11685600 _base_bdp=146070 _bdp=146070 _min_cwnd=4150 _maxwnd=219105 _cwnd=219105
Initialize per-instance NSCC parameters: flowid 1208 _base_rtt=11685600 _base_bdp=146070 _bdp=146070 _min_cwnd=4150 _maxwnd=219105 _cwnd=219105
Initialize per-instance NSCC parameters: flowid 1209 _base_rtt=11685600 _base_bdp=146070 _bdp=146070 _min_cwnd=4150 _maxwnd=219105 _cwnd=219105
Initialize per-instance NSCC parameters: flowid 1210 _base_rtt=11685600 _base_bdp=146070 _bdp=146070 _min_cwnd=4150 _maxwnd=219105 _cwnd=219105
Initialize per-instance NSCC parameters: flowid 1211 _base_rtt=11685600 _base_bdp=146070 _bdp=146070 _min_cwnd=4150 _maxwnd=219105 _cwnd=219105
Initialize per-instance NSCC parameters: flowid 1212 _base_rtt=11685600 _base_bdp=146070 _bdp=146070 _min_cwnd=4150 _maxwnd=219105 _cwnd=219105
Initialize per-instance NSCC parameters: flowid 1213 _base_rtt=11685600 _base_bdp=146070 _bdp=146070 _min_cwnd=4150 _maxwnd=219105 _cwnd=219105
Initialize per-instance NSCC parameters: flowid 1214 _base_rtt=11685600 _base_bdp=146070 _bdp=146070 _min_cwnd=4150 _maxwnd=219105 _cwnd=219105
Initialize per-instance NSCC parameters: flowid 1215 _base_rtt=11685600 _base_bdp=146070 _bdp=146070 _min_cwnd=4150 _maxwnd=219105 _cwnd=219105
Initialize per-instance NSCC parameters: flowid 1216 _base_rtt=11685600 _base_bdp=146070 _bdp=146070 _min_cwnd=4150 _maxwnd=219105 _cwnd=219105
Initialize per-instance NSCC parameters: flowid 1217 _base_rtt=11685600 _base_bdp=146070 _bdp=146070 _min_cwnd=4150 _maxwnd=219105 _cwnd=219105
Initialize per-instance NSCC parameters: flowid 1218 _base_rtt=11685600 _base_bdp=146070 _bdp=146070 _min_cwnd=4150 _maxwnd=219105 _cwnd=219105
Initialize per-instance NSCC parameters: flowid 1219 _base_rtt=11685600 _base_bdp=146070 _bdp=146070 _min_cwnd=4150 _maxwnd=219105 _cwnd=219105
Initialize per-instance NSCC parameters: flowid 1220 _base_rtt=11685600 _base_bdp=146070 _bdp=146070 _min_cwnd=4150 _maxwnd=219105 _cwnd=219105
Initialize per-instance NSCC parameters: flowid 1221 _base_rtt=11685600 _base_bdp=146070 _bdp=146070 _min_cwnd=4150 _maxwnd=219105 _cwnd=219105
Initialize per-instance NSCC parameters: flowid 1222 _base_rtt=11685600 _base_bdp=146070 _bdp=146070 _min_cwnd=4150 _maxwnd=219105 _cwnd=219105
Initialize per-instance NSCC parameters: flowid 1223 _base_rtt=11685600 _base_bdp=146070 _bdp=146070 _min_cwnd=4150 _maxwnd=219105 _cwnd=219105
Initialize per-instance NSCC parameters: flowid 1224 _base_rtt=11685600 _base_bdp=146070 _bdp=146070 _min_cwnd=4150 _maxwnd=219105 _cwnd=219105
Initialize per-instance NSCC parameters: flowid 1225 _base_rtt=11685600 _base_bdp=146070 _bdp=146070 _min_cwnd=4150 _maxwnd=219105 _cwnd=219105
Initialize per-instance NSCC parameters: flowid 1226 _base_rtt=11685600 _base_bdp=146070 _bdp=146070 _min_cwnd=4150 _maxwnd=219105 _cwnd=219105
Initialize per-instance NSCC parameters: flowid 1227 _base_rtt=11685600 _base_bdp=146070 _bdp=146070 _min_cwnd=4150 _maxwnd=219105 _cwnd=219105
Initialize per-instance NSCC parameters: flowid 1228 _base_rtt=11685600 _base_bdp=146070 _bdp=146070 _min_cwnd=4150 _maxwnd=219105 _cwnd=219105
Initialize per-instance NSCC parameters: flowid 1229 _base_rtt=11685600 _base_bdp=146070 _bdp=146070 _min_cwnd=4150 _maxwnd=219105 _cwnd=219105
Initialize per-instance NSCC parameters: flowid 1230 _base_rtt=11685600 _base_bdp=146070 _bdp=146070 _min_cwnd=4150 _maxwnd=219105 _cwnd=219105
Initialize per-instance NSCC parameters: flowid 1231 _base_rtt=11685600 _base_bdp=146070 _bdp=146070 _min_cwnd=4150 _maxwnd=219105 _cwnd=219105
Initialize per-instance NSCC parameters: flowid 1232 _base_rtt=11685600 _base_bdp=146070 _bdp=146070 _min_cwnd=4150 _maxwnd=219105 _cwnd=219105
Initialize per-instance NSCC parameters: flowid 1233 _base_rtt=11685600 _base_bdp=146070 _bdp=146070 _min_cwnd=4150 _maxwnd=219105 _cwnd=219105
Initialize per-instance NSCC parameters: flowid 1234 _base_rtt=11685600 _base_bdp=146070 _bdp=146070 _min_cwnd=4150 _maxwnd=219105 _cwnd=219105
Initialize per-instance NSCC parameters: flowid 1235 _base_rtt=11685600 _base_bdp=146070 _bdp=146070 _min_cwnd=4150 _maxwnd=219105 _cwnd=219105
Initialize per-instance NSCC parameters: flowid 1236 _base_rtt=11685600 _base_bdp=146070 _bdp=146070 _min_cwnd=4150 _maxwnd=219105 _cwnd=219105
Initialize per-instance NSCC parameters: flowid 1237 _base_rtt=11685600 _base_bdp=146070 _bdp=146070 _min_cwnd=4150 _maxwnd=219105 _cwnd=219105
Initialize per-instance NSCC parameters: flowid 1238 _base_rtt=11685600 _base_bdp=146070 _bdp=146070 _min_cwnd=4150 _maxwnd=219105 _cwnd=219105
Initialize per-instance NSCC parameters: flowid 1239 _base_rtt=11685600 _base_bdp=146070 _bdp=146070 _min_cwnd=4150 _maxwnd=219105 _cwnd=219105
Initialize per-instance NSCC parameters: flowid 1240 _base_rtt=11685600 _base_bdp=146070 _bdp=146070 _min_cwnd=4150 _maxwnd=219105 _cwnd=219105
Initialize per-instance NSCC parameters: flowid 1241 _base_rtt=11685600 _base_bdp=146070 _bdp=146070 _min_cwnd=4150 _maxwnd=219105 _cwnd=219105
Initialize per-instance NSCC parameters: flowid 1242 _base_rtt=11685600 _base_bdp=146070 _bdp=146070 _min_cwnd=4150 _maxwnd=219105 _cwnd=219105
Initialize per-instance NSCC parameters: flowid 1243 _base_rtt=11685600 _base_bdp=146070 _bdp=146070 _min_cwnd=4150 _maxwnd=219105 _cwnd=219105
Initialize per-instance NSCC parameters: flowid 1244 _base_rtt=11685600 _base_bdp=146070 _bdp=146070 _min_cwnd=4150 _maxwnd=219105 _cwnd=219105
Initialize per-instance NSCC parameters: flowid 1245 _base_rtt=11685600 _base_bdp=146070 _bdp=146070 _min_cwnd=4150 _maxwnd=219105 _cwnd=219105
Initialize per-instance NSCC parameters: flowid 1246 _base_rtt=11685600 _base_bdp=146070 _bdp=146070 _min_cwnd=4150 _maxwnd=219105 _cwnd=219105
Initialize per-instance NSCC parameters: flowid 1247 _base_rtt=11685600 _base_bdp=146070 _bdp=146070 _min_cwnd=4150 _maxwnd=219105 _cwnd=219105
Initialize per-instance NSCC parameters: flowid 1248 _base_rtt=11685600 _base_bdp=146070 _bdp=146070 _min_cwnd=4150 _maxwnd=219105 _cwnd=219105
Initialize per-instance NSCC parameters: flowid 1249 _base_rtt=11685600 _base_bdp=146070 _bdp=146070 _min_cwnd=4150 _maxwnd=219105 _cwnd=219105
Initialize per-instance NSCC parameters: flowid 1250 _base_rtt=11685600 _base_bdp=146070 _bdp=146070 _min_cwnd=4150 _maxwnd=219105 _cwnd=219105
Initialize per-instance NSCC parameters: flowid 1251 _base_rtt=11685600 _base_bdp=146070 _bdp=146070 _min_cwnd=4150 _maxwnd=219105 _cwnd=219105
Initialize per-instance NSCC parameters: flowid 1252 _base_rtt=11685600 _base_bdp=146070 _bdp=146070 _min_cwnd=4150 _maxwnd=219105 _cwnd=219105
Initialize per-instance NSCC parameters: flowid 1253 _base_rtt=11685600 _base_bdp=146070 _bdp=146070 _min_cwnd=4150 _maxwnd=219105 _cwnd=219105
Initialize per-instance NSCC parameters: flowid 1254 _base_rtt=11685600 _base_bdp=146070 _bdp=146070 _min_cwnd=4150 _maxwnd=219105 _cwnd=219105
Initialize per-instance NSCC parameters: flowid 1255 _base_rtt=11685600 _base_bdp=146070 _bdp=146070 _min_cwnd=4150 _maxwnd=219105 _cwnd=219105
Initialize per-instance NSCC parameters: flowid 1256 _base_rtt=11685600 _base_bdp=146070 _bdp=146070 _min_cwnd=4150 _maxwnd=219105 _cwnd=219105
Initialize per-instance NSCC parameters: flowid 1257 _base_rtt=11685600 _base_bdp=146070 _bdp=146070 _min_cwnd=4150 _maxwnd=219105 _cwnd=219105
Initialize per-instance NSCC parameters: flowid 1258 _base_rtt=11685600 _base_bdp=146070 _bdp=146070 _min_cwnd=4150 _maxwnd=219105 _cwnd=219105
Initialize per-instance NSCC parameters: flowid 1259 _base_rtt=11685600 _base_bdp=146070 _bdp=146070 _min_cwnd=4150 _maxwnd=219105 _cwnd=219105
Initialize per-instance NSCC parameters: flowid 1260 _base_rtt=11685600 _base_bdp=146070 _bdp=146070 _min_cwnd=4150 _maxwnd=219105 _cwnd=219105
Initialize per-instance NSCC parameters: flowid 1261 _base_rtt=11685600 _base_bdp=146070 _bdp=146070 _min_cwnd=4150 _maxwnd=219105 _cwnd=219105
Initialize per-instance NSCC parameters: flowid 1262 _base_rtt=11685600 _base_bdp=146070 _bdp=146070 _min_cwnd=4150 _maxwnd=219105 _cwnd=219105
Initialize per-instance NSCC parameters: flowid 1263 _base_rtt=11685600 _base_bdp=146070 _bdp=146070 _min_cwnd=4150 _maxwnd=219105 _cwnd=219105
Initialize per-instance NSCC parameters: flowid 1264 _base_rtt=11685600 _base_bdp=146070 _bdp=146070 _min_cwnd=4150 _maxwnd=219105 _cwnd=219105
Initialize per-instance NSCC parameters: flowid 1265 _base_rtt=11685600 _base_bdp=146070 _bdp=146070 _min_cwnd=4150 _maxwnd=219105 _cwnd=219105
Initialize per-instance NSCC parameters: flowid 1266 _base_rtt=11685600 _base_bdp=146070 _bdp=146070 _min_cwnd=4150 _maxwnd=219105 _cwnd=219105
Initialize per-instance NSCC parameters: flowid 1267 _base_rtt=11685600 _base_bdp=146070 _bdp=146070 _min_cwnd=4150 _maxwnd=219105 _cwnd=219105
Initialize per-instance NSCC parameters: flowid 1268 _base_rtt=11685600 _base_bdp=146070 _bdp=146070 _min_cwnd=4150 _maxwnd=219105 _cwnd=219105
Initialize per-instance NSCC parameters: flowid 1269 _base_rtt=11685600 _base_bdp=146070 _bdp=146070 _min_cwnd=4150 _maxwnd=219105 _cwnd=219105
Initialize per-instance NSCC parameters: flowid 1270 _base_rtt=11685600 _base_bdp=146070 _bdp=146070 _min_cwnd=4150 _maxwnd=219105 _cwnd=219105
Initialize per-instance NSCC parameters: flowid 1271 _base_rtt=11685600 _base_bdp=146070 _bdp=146070 _min_cwnd=4150 _maxwnd=219105 _cwnd=219105
Initialize per-instance NSCC parameters: flowid 1272 _base_rtt=11685600 _base_bdp=146070 _bdp=146070 _min_cwnd=4150 _maxwnd=219105 _cwnd=219105
Initialize per-instance NSCC parameters: flowid 1273 _base_rtt=11685600 _base_bdp=146070 _bdp=146070 _min_cwnd=4150 _maxwnd=219105 _cwnd=219105
Initialize per-instance NSCC parameters: flowid 1274 _base_rtt=11685600 _base_bdp=146070 _bdp=146070 _min_cwnd=4150 _maxwnd=219105 _cwnd=219105
Initialize per-instance NSCC parameters: flowid 1275 _base_rtt=11685600 _base_bdp=146070 _bdp=146070 _min_cwnd=4150 _maxwnd=219105 _cwnd=219105
Initialize per-instance NSCC parameters: flowid 1276 _base_rtt=11685600 _base_bdp=146070 _bdp=146070 _min_cwnd=4150 _maxwnd=219105 _cwnd=219105
Initialize per-instance NSCC parameters: flowid 1277 _base_rtt=11685600 _base_bdp=146070 _bdp=146070 _min_cwnd=4150 _maxwnd=219105 _cwnd=219105
Initialize per-instance NSCC parameters: flowid 1278 _base_rtt=11685600 _base_bdp=146070 _bdp=146070 _min_cwnd=4150 _maxwnd=219105 _cwnd=219105
Initialize per-instance NSCC parameters: flowid 1279 _base_rtt=11685600 _base_bdp=146070 _bdp=146070 _min_cwnd=4150 _maxwnd=219105 _cwnd=219105
Initialize per-instance NSCC parameters: flowid 1280 _base_rtt=11685600 _base_bdp=146070 _bdp=146070 _min_cwnd=4150 _maxwnd=219105 _cwnd=219105
Initialize per-instance NSCC parameters: flowid 1281 _base_rtt=11685600 _base_bdp=146070 _bdp=146070 _min_cwnd=4150 _maxwnd=219105 _cwnd=219105
Initialize per-instance NSCC parameters: flowid 1282 _base_rtt=11685600 _base_bdp=146070 _bdp=146070 _min_cwnd=4150 _maxwnd=219105 _cwnd=219105
Initialize per-instance NSCC parameters: flowid 1283 _base_rtt=11685600 _base_bdp=146070 _bdp=146070 _min_cwnd=4150 _maxwnd=219105 _cwnd=219105
Initialize per-instance NSCC parameters: flowid 1284 _base_rtt=11685600 _base_bdp=146070 _bdp=146070 _min_cwnd=4150 _maxwnd=219105 _cwnd=219105
Initialize per-instance NSCC parameters: flowid 1285 _base_rtt=11685600 _base_bdp=146070 _bdp=146070 _min_cwnd=4150 _maxwnd=219105 _cwnd=219105
Initialize per-instance NSCC parameters: flowid 1286 _base_rtt=11685600 _base_bdp=146070 _bdp=146070 _min_cwnd=4150 _maxwnd=219105 _cwnd=219105
Initialize per-instance NSCC parameters: flowid 1287 _base_rtt=11685600 _base_bdp=146070 _bdp=146070 _min_cwnd=4150 _maxwnd=219105 _cwnd=219105
Initialize per-instance NSCC parameters: flowid 1288 _base_rtt=11685600 _base_bdp=146070 _bdp=146070 _min_cwnd=4150 _maxwnd=219105 _cwnd=219105
Initialize per-instance NSCC parameters: flowid 1289 _base_rtt=11685600 _base_bdp=146070 _bdp=146070 _min_cwnd=4150 _maxwnd=219105 _cwnd=219105
Initialize per-instance NSCC parameters: flowid 1290 _base_rtt=11685600 _base_bdp=146070 _bdp=146070 _min_cwnd=4150 _maxwnd=219105 _cwnd=219105
Initialize per-instance NSCC parameters: flowid 1291 _base_rtt=11685600 _base_bdp=146070 _bdp=146070 _min_cwnd=4150 _maxwnd=219105 _cwnd=219105
Initialize per-instance NSCC parameters: flowid 1292 _base_rtt=11685600 _base_bdp=146070 _bdp=146070 _min_cwnd=4150 _maxwnd=219105 _cwnd=219105
Initialize per-instance NSCC parameters: flowid 1293 _base_rtt=11685600 _base_bdp=146070 _bdp=146070 _min_cwnd=4150 _maxwnd=219105 _cwnd=219105
Initialize per-instance NSCC parameters: flowid 1294 _base_rtt=11685600 _base_bdp=146070 _bdp=146070 _min_cwnd=4150 _maxwnd=219105 _cwnd=219105
Initialize per-instance NSCC parameters: flowid 1295 _base_rtt=11685600 _base_bdp=146070 _bdp=146070 _min_cwnd=4150 _maxwnd=219105 _cwnd=219105
Initialize per-instance NSCC parameters: flowid 1296 _base_rtt=11685600 _base_bdp=146070 _bdp=146070 _min_cwnd=4150 _maxwnd=219105 _cwnd=219105
Initialize per-instance NSCC parameters: flowid 1297 _base_rtt=11685600 _base_bdp=146070 _bdp=146070 _min_cwnd=4150 _maxwnd=219105 _cwnd=219105
Initialize per-instance NSCC parameters: flowid 1298 _base_rtt=11685600 _base_bdp=146070 _bdp=146070 _min_cwnd=4150 _maxwnd=219105 _cwnd=219105
Initialize per-instance NSCC parameters: flowid 1299 _base_rtt=11685600 _base_bdp=146070 _bdp=146070 _min_cwnd=4150 _maxwnd=219105 _cwnd=219105
Initialize per-instance NSCC parameters: flowid 1300 _base_rtt=11685600 _base_bdp=146070 _bdp=146070 _min_cwnd=4150 _maxwnd=219105 _cwnd=219105
Initialize per-instance NSCC parameters: flowid 1301 _base_rtt=11685600 _base_bdp=146070 _bdp=146070 _min_cwnd=4150 _maxwnd=219105 _cwnd=219105
Initialize per-instance NSCC parameters: flowid 1302 _base_rtt=11685600 _base_bdp=146070 _bdp=146070 _min_cwnd=4150 _maxwnd=219105 _cwnd=219105
Initialize per-instance NSCC parameters: flowid 1303 _base_rtt=11685600 _base_bdp=146070 _bdp=146070 _min_cwnd=4150 _maxwnd=219105 _cwnd=219105
Initialize per-instance NSCC parameters: flowid 1304 _base_rtt=11685600 _base_bdp=146070 _bdp=146070 _min_cwnd=4150 _maxwnd=219105 _cwnd=219105
Initialize per-instance NSCC parameters: flowid 1305 _base_rtt=11685600 _base_bdp=146070 _bdp=146070 _min_cwnd=4150 _maxwnd=219105 _cwnd=219105
Initialize per-instance NSCC parameters: flowid 1306 _base_rtt=11685600 _base_bdp=146070 _bdp=146070 _min_cwnd=4150 _maxwnd=219105 _cwnd=219105
Initialize per-instance NSCC parameters: flowid 1307 _base_rtt=11685600 _base_bdp=146070 _bdp=146070 _min_cwnd=4150 _maxwnd=219105 _cwnd=219105
Initialize per-instance NSCC parameters: flowid 1308 _base_rtt=11685600 _base_bdp=146070 _bdp=146070 _min_cwnd=4150 _maxwnd=219105 _cwnd=219105
Initialize per-instance NSCC parameters: flowid 1309 _base_rtt=11685600 _base_bdp=146070 _bdp=146070 _min_cwnd=4150 _maxwnd=219105 _cwnd=219105
Initialize per-instance NSCC parameters: flowid 1310 _base_rtt=11685600 _base_bdp=146070 _bdp=146070 _min_cwnd=4150 _maxwnd=219105 _cwnd=219105
Initialize per-instance NSCC parameters: flowid 1311 _base_rtt=11685600 _base_bdp=146070 _bdp=146070 _min_cwnd=4150 _maxwnd=219105 _cwnd=219105
Initialize per-instance NSCC parameters: flowid 1312 _base_rtt=11685600 _base_bdp=146070 _bdp=146070 _min_cwnd=4150 _maxwnd=219105 _cwnd=219105
Initialize per-instance NSCC parameters: flowid 1313 _base_rtt=11685600 _base_bdp=146070 _bdp=146070 _min_cwnd=4150 _maxwnd=219105 _cwnd=219105
Initialize per-instance NSCC parameters: flowid 1314 _base_rtt=11685600 _base_bdp=146070 _bdp=146070 _min_cwnd=4150 _maxwnd=219105 _cwnd=219105
Initialize per-instance NSCC parameters: flowid 1315 _base_rtt=11685600 _base_bdp=146070 _bdp=146070 _min_cwnd=4150 _maxwnd=219105 _cwnd=219105
Initialize per-instance NSCC parameters: flowid 1316 _base_rtt=11685600 _base_bdp=146070 _bdp=146070 _min_cwnd=4150 _maxwnd=219105 _cwnd=219105
Initialize per-instance NSCC parameters: flowid 1317 _base_rtt=11685600 _base_bdp=146070 _bdp=146070 _min_cwnd=4150 _maxwnd=219105 _cwnd=219105
Initialize per-instance NSCC parameters: flowid 1318 _base_rtt=11685600 _base_bdp=146070 _bdp=146070 _min_cwnd=4150 _maxwnd=219105 _cwnd=219105
Initialize per-instance NSCC parameters: flowid 1319 _base_rtt=11685600 _base_bdp=146070 _bdp=146070 _min_cwnd=4150 _maxwnd=219105 _cwnd=219105
Initialize per-instance NSCC parameters: flowid 1320 _base_rtt=11685600 _base_bdp=146070 _bdp=146070 _min_cwnd=4150 _maxwnd=219105 _cwnd=219105
Initialize per-instance NSCC parameters: flowid 1321 _base_rtt=11685600 _base_bdp=146070 _bdp=146070 _min_cwnd=4150 _maxwnd=219105 _cwnd=219105
Initialize per-instance NSCC parameters: flowid 1322 _base_rtt=11685600 _base_bdp=146070 _bdp=146070 _min_cwnd=4150 _maxwnd=219105 _cwnd=219105
Initialize per-instance NSCC parameters: flowid 1323 _base_rtt=11685600 _base_bdp=146070 _bdp=146070 _min_cwnd=4150 _maxwnd=219105 _cwnd=219105
Initialize per-instance NSCC parameters: flowid 1324 _base_rtt=11685600 _base_bdp=146070 _bdp=146070 _min_cwnd=4150 _maxwnd=219105 _cwnd=219105
Initialize per-instance NSCC parameters: flowid 1325 _base_rtt=11685600 _base_bdp=146070 _bdp=146070 _min_cwnd=4150 _maxwnd=219105 _cwnd=219105
Initialize per-instance NSCC parameters: flowid 1326 _base_rtt=11685600 _base_bdp=146070 _bdp=146070 _min_cwnd=4150 _maxwnd=219105 _cwnd=219105
Initialize per-instance NSCC parameters: flowid 1327 _base_rtt=11685600 _base_bdp=146070 _bdp=146070 _min_cwnd=4150 _maxwnd=219105 _cwnd=219105
Initialize per-instance NSCC parameters: flowid 1328 _base_rtt=11685600 _base_bdp=146070 _bdp=146070 _min_cwnd=4150 _maxwnd=219105 _cwnd=219105
Initialize per-instance NSCC parameters: flowid 1329 _base_rtt=11685600 _base_bdp=146070 _bdp=146070 _min_cwnd=4150 _maxwnd=219105 _cwnd=219105
Initialize per-instance NSCC parameters: flowid 1330 _base_rtt=11685600 _base_bdp=146070 _bdp=146070 _min_cwnd=4150 _maxwnd=219105 _cwnd=219105
Initialize per-instance NSCC parameters: flowid 1331 _base_rtt=11685600 _base_bdp=146070 _bdp=146070 _min_cwnd=4150 _maxwnd=219105 _cwnd=219105
Initialize per-instance NSCC parameters: flowid 1332 _base_rtt=11685600 _base_bdp=146070 _bdp=146070 _min_cwnd=4150 _maxwnd=219105 _cwnd=219105
Initialize per-instance NSCC parameters: flowid 1333 _base_rtt=11685600 _base_bdp=146070 _bdp=146070 _min_cwnd=4150 _maxwnd=219105 _cwnd=219105
Initialize per-instance NSCC parameters: flowid 1334 _base_rtt=11685600 _base_bdp=146070 _bdp=146070 _min_cwnd=4150 _maxwnd=219105 _cwnd=219105
Initialize per-instance NSCC parameters: flowid 1335 _base_rtt=11685600 _base_bdp=146070 _bdp=146070 _min_cwnd=4150 _maxwnd=219105 _cwnd=219105
Initialize per-instance NSCC parameters: flowid 1336 _base_rtt=11685600 _base_bdp=146070 _bdp=146070 _min_cwnd=4150 _maxwnd=219105 _cwnd=219105
Initialize per-instance NSCC parameters: flowid 1337 _base_rtt=11685600 _base_bdp=146070 _bdp=146070 _min_cwnd=4150 _maxwnd=219105 _cwnd=219105
Initialize per-instance NSCC parameters: flowid 1338 _base_rtt=11685600 _base_bdp=146070 _bdp=146070 _min_cwnd=4150 _maxwnd=219105 _cwnd=219105
Initialize per-instance NSCC parameters: flowid 1339 _base_rtt=11685600 _base_bdp=146070 _bdp=146070 _min_cwnd=4150 _maxwnd=219105 _cwnd=219105
Initialize per-instance NSCC parameters: flowid 1340 _base_rtt=11685600 _base_bdp=146070 _bdp=146070 _min_cwnd=4150 _maxwnd=219105 _cwnd=219105
Initialize per-instance NSCC parameters: flowid 1341 _base_rtt=11685600 _base_bdp=146070 _bdp=146070 _min_cwnd=4150 _maxwnd=219105 _cwnd=219105
Initialize per-instance NSCC parameters: flowid 1342 _base_rtt=11685600 _base_bdp=146070 _bdp=146070 _min_cwnd=4150 _maxwnd=219105 _cwnd=219105
Initialize per-instance NSCC parameters: flowid 1343 _base_rtt=11685600 _base_bdp=146070 _bdp=146070 _min_cwnd=4150 _maxwnd=219105 _cwnd=219105
Initialize per-instance NSCC parameters: flowid 1344 _base_rtt=11685600 _base_bdp=146070 _bdp=146070 _min_cwnd=4150 _maxwnd=219105 _cwnd=219105
Initialize per-instance NSCC parameters: flowid 1345 _base_rtt=11685600 _base_bdp=146070 _bdp=146070 _min_cwnd=4150 _maxwnd=219105 _cwnd=219105
Initialize per-instance NSCC parameters: flowid 1346 _base_rtt=11685600 _base_bdp=146070 _bdp=146070 _min_cwnd=4150 _maxwnd=219105 _cwnd=219105
Initialize per-instance NSCC parameters: flowid 1347 _base_rtt=11685600 _base_bdp=146070 _bdp=146070 _min_cwnd=4150 _maxwnd=219105 _cwnd=219105
Initialize per-instance NSCC parameters: flowid 1348 _base_rtt=11685600 _base_bdp=146070 _bdp=146070 _min_cwnd=4150 _maxwnd=219105 _cwnd=219105
Initialize per-instance NSCC parameters: flowid 1349 _base_rtt=11685600 _base_bdp=146070 _bdp=146070 _min_cwnd=4150 _maxwnd=219105 _cwnd=219105
Initialize per-instance NSCC parameters: flowid 1350 _base_rtt=11685600 _base_bdp=146070 _bdp=146070 _min_cwnd=4150 _maxwnd=219105 _cwnd=219105
Initialize per-instance NSCC parameters: flowid 1351 _base_rtt=11685600 _base_bdp=146070 _bdp=146070 _min_cwnd=4150 _maxwnd=219105 _cwnd=219105
Initialize per-instance NSCC parameters: flowid 1352 _base_rtt=11685600 _base_bdp=146070 _bdp=146070 _min_cwnd=4150 _maxwnd=219105 _cwnd=219105
Initialize per-instance NSCC parameters: flowid 1353 _base_rtt=11685600 _base_bdp=146070 _bdp=146070 _min_cwnd=4150 _maxwnd=219105 _cwnd=219105
Initialize per-instance NSCC parameters: flowid 1354 _base_rtt=11685600 _base_bdp=146070 _bdp=146070 _min_cwnd=4150 _maxwnd=219105 _cwnd=219105
Initialize per-instance NSCC parameters: flowid 1355 _base_rtt=11685600 _base_bdp=146070 _bdp=146070 _min_cwnd=4150 _maxwnd=219105 _cwnd=219105
Initialize per-instance NSCC parameters: flowid 1356 _base_rtt=11685600 _base_bdp=146070 _bdp=146070 _min_cwnd=4150 _maxwnd=219105 _cwnd=219105
Initialize per-instance NSCC parameters: flowid 1357 _base_rtt=11685600 _base_bdp=146070 _bdp=146070 _min_cwnd=4150 _maxwnd=219105 _cwnd=219105
Initialize per-instance NSCC parameters: flowid 1358 _base_rtt=11685600 _base_bdp=146070 _bdp=146070 _min_cwnd=4150 _maxwnd=219105 _cwnd=219105
Initialize per-instance NSCC parameters: flowid 1359 _base_rtt=11685600 _base_bdp=146070 _bdp=146070 _min_cwnd=4150 _maxwnd=219105 _cwnd=219105
Initialize per-instance NSCC parameters: flowid 1360 _base_rtt=11685600 _base_bdp=146070 _bdp=146070 _min_cwnd=4150 _maxwnd=219105 _cwnd=219105
Initialize per-instance NSCC parameters: flowid 1361 _base_rtt=11685600 _base_bdp=146070 _bdp=146070 _min_cwnd=4150 _maxwnd=219105 _cwnd=219105
Initialize per-instance NSCC parameters: flowid 1362 _base_rtt=11685600 _base_bdp=146070 _bdp=146070 _min_cwnd=4150 _maxwnd=219105 _cwnd=219105
Initialize per-instance NSCC parameters: flowid 1363 _base_rtt=11685600 _base_bdp=146070 _bdp=146070 _min_cwnd=4150 _maxwnd=219105 _cwnd=219105
Initialize per-instance NSCC parameters: flowid 1364 _base_rtt=11685600 _base_bdp=146070 _bdp=146070 _min_cwnd=4150 _maxwnd=219105 _cwnd=219105
Initialize per-instance NSCC parameters: flowid 1365 _base_rtt=11685600 _base_bdp=146070 _bdp=146070 _min_cwnd=4150 _maxwnd=219105 _cwnd=219105
Initialize per-instance NSCC parameters: flowid 1366 _base_rtt=11685600 _base_bdp=146070 _bdp=146070 _min_cwnd=4150 _maxwnd=219105 _cwnd=219105
Initialize per-instance NSCC parameters: flowid 1367 _base_rtt=11685600 _base_bdp=146070 _bdp=146070 _min_cwnd=4150 _maxwnd=219105 _cwnd=219105
Initialize per-instance NSCC parameters: flowid 1368 _base_rtt=11685600 _base_bdp=146070 _bdp=146070 _min_cwnd=4150 _maxwnd=219105 _cwnd=219105
Initialize per-instance NSCC parameters: flowid 1369 _base_rtt=11685600 _base_bdp=146070 _bdp=146070 _min_cwnd=4150 _maxwnd=219105 _cwnd=219105
Initialize per-instance NSCC parameters: flowid 1370 _base_rtt=11685600 _base_bdp=146070 _bdp=146070 _min_cwnd=4150 _maxwnd=219105 _cwnd=219105
Initialize per-instance NSCC parameters: flowid 1371 _base_rtt=11685600 _base_bdp=146070 _bdp=146070 _min_cwnd=4150 _maxwnd=219105 _cwnd=219105
Initialize per-instance NSCC parameters: flowid 1372 _base_rtt=11685600 _base_bdp=146070 _bdp=146070 _min_cwnd=4150 _maxwnd=219105 _cwnd=219105
Initialize per-instance NSCC parameters: flowid 1373 _base_rtt=11685600 _base_bdp=146070 _bdp=146070 _min_cwnd=4150 _maxwnd=219105 _cwnd=219105
Initialize per-instance NSCC parameters: flowid 1374 _base_rtt=11685600 _base_bdp=146070 _bdp=146070 _min_cwnd=4150 _maxwnd=219105 _cwnd=219105
Initialize per-instance NSCC parameters: flowid 1375 _base_rtt=11685600 _base_bdp=146070 _bdp=146070 _min_cwnd=4150 _maxwnd=219105 _cwnd=219105
Initialize per-instance NSCC parameters: flowid 1376 _base_rtt=11685600 _base_bdp=146070 _bdp=146070 _min_cwnd=4150 _maxwnd=219105 _cwnd=219105
Initialize per-instance NSCC parameters: flowid 1377 _base_rtt=11685600 _base_bdp=146070 _bdp=146070 _min_cwnd=4150 _maxwnd=219105 _cwnd=219105
Initialize per-instance NSCC parameters: flowid 1378 _base_rtt=11685600 _base_bdp=146070 _bdp=146070 _min_cwnd=4150 _maxwnd=219105 _cwnd=219105
Initialize per-instance NSCC parameters: flowid 1379 _base_rtt=11685600 _base_bdp=146070 _bdp=146070 _min_cwnd=4150 _maxwnd=219105 _cwnd=219105
Initialize per-instance NSCC parameters: flowid 1380 _base_rtt=11685600 _base_bdp=146070 _bdp=146070 _min_cwnd=4150 _maxwnd=219105 _cwnd=219105
Initialize per-instance NSCC parameters: flowid 1381 _base_rtt=11685600 _base_bdp=146070 _bdp=146070 _min_cwnd=4150 _maxwnd=219105 _cwnd=219105
Initialize per-instance NSCC parameters: flowid 1382 _base_rtt=11685600 _base_bdp=146070 _bdp=146070 _min_cwnd=4150 _maxwnd=219105 _cwnd=219105
Initialize per-instance NSCC parameters: flowid 1383 _base_rtt=11685600 _base_bdp=146070 _bdp=146070 _min_cwnd=4150 _maxwnd=219105 _cwnd=219105
Initialize per-instance NSCC parameters: flowid 1384 _base_rtt=11685600 _base_bdp=146070 _bdp=146070 _min_cwnd=4150 _maxwnd=219105 _cwnd=219105
Initialize per-instance NSCC parameters: flowid 1385 _base_rtt=11685600 _base_bdp=146070 _bdp=146070 _min_cwnd=4150 _maxwnd=219105 _cwnd=219105
Initialize per-instance NSCC parameters: flowid 1386 _base_rtt=11685600 _base_bdp=146070 _bdp=146070 _min_cwnd=4150 _maxwnd=219105 _cwnd=219105
Initialize per-instance NSCC parameters: flowid 1387 _base_rtt=11685600 _base_bdp=146070 _bdp=146070 _min_cwnd=4150 _maxwnd=219105 _cwnd=219105
Initialize per-instance NSCC parameters: flowid 1388 _base_rtt=11685600 _base_bdp=146070 _bdp=146070 _min_cwnd=4150 _maxwnd=219105 _cwnd=219105
Initialize per-instance NSCC parameters: flowid 1389 _base_rtt=11685600 _base_bdp=146070 _bdp=146070 _min_cwnd=4150 _maxwnd=219105 _cwnd=219105
Initialize per-instance NSCC parameters: flowid 1390 _base_rtt=11685600 _base_bdp=146070 _bdp=146070 _min_cwnd=4150 _maxwnd=219105 _cwnd=219105
Initialize per-instance NSCC parameters: flowid 1391 _base_rtt=11685600 _base_bdp=146070 _bdp=146070 _min_cwnd=4150 _maxwnd=219105 _cwnd=219105
Initialize per-instance NSCC parameters: flowid 1392 _base_rtt=11685600 _base_bdp=146070 _bdp=146070 _min_cwnd=4150 _maxwnd=219105 _cwnd=219105
Initialize per-instance NSCC parameters: flowid 1393 _base_rtt=11685600 _base_bdp=146070 _bdp=146070 _min_cwnd=4150 _maxwnd=219105 _cwnd=219105
Initialize per-instance NSCC parameters: flowid 1394 _base_rtt=11685600 _base_bdp=146070 _bdp=146070 _min_cwnd=4150 _maxwnd=219105 _cwnd=219105
Initialize per-instance NSCC parameters: flowid 1395 _base_rtt=11685600 _base_bdp=146070 _bdp=146070 _min_cwnd=4150 _maxwnd=219105 _cwnd=219105
Initialize per-instance NSCC parameters: flowid 1396 _base_rtt=11685600 _base_bdp=146070 _bdp=146070 _min_cwnd=4150 _maxwnd=219105 _cwnd=219105
Initialize per-instance NSCC parameters: flowid 1397 _base_rtt=11685600 _base_bdp=146070 _bdp=146070 _min_cwnd=4150 _maxwnd=219105 _cwnd=219105
Initialize per-instance NSCC parameters: flowid 1398 _base_rtt=11685600 _base_bdp=146070 _bdp=146070 _min_cwnd=4150 _maxwnd=219105 _cwnd=219105
Initialize per-instance NSCC parameters: flowid 1399 _base_rtt=11685600 _base_bdp=146070 _bdp=146070 _min_cwnd=4150 _maxwnd=219105 _cwnd=219105
Initialize per-instance NSCC parameters: flowid 1400 _base_rtt=11685600 _base_bdp=146070 _bdp=146070 _min_cwnd=4150 _maxwnd=219105 _cwnd=219105
Initialize per-instance NSCC parameters: flowid 1401 _base_rtt=11685600 _base_bdp=146070 _bdp=146070 _min_cwnd=4150 _maxwnd=219105 _cwnd=219105
Initialize per-instance NSCC parameters: flowid 1402 _base_rtt=11685600 _base_bdp=146070 _bdp=146070 _min_cwnd=4150 _maxwnd=219105 _cwnd=219105
Initialize per-instance NSCC parameters: flowid 1403 _base_rtt=11685600 _base_bdp=146070 _bdp=146070 _min_cwnd=4150 _maxwnd=219105 _cwnd=219105
Initialize per-instance NSCC parameters: flowid 1404 _base_rtt=11685600 _base_bdp=146070 _bdp=146070 _min_cwnd=4150 _maxwnd=219105 _cwnd=219105
Initialize per-instance NSCC parameters: flowid 1405 _base_rtt=11685600 _base_bdp=146070 _bdp=146070 _min_cwnd=4150 _maxwnd=219105 _cwnd=219105
Initialize per-instance NSCC parameters: flowid 1406 _base_rtt=11685600 _base_bdp=146070 _bdp=146070 _min_cwnd=4150 _maxwnd=219105 _cwnd=219105
Initialize per-instance NSCC parameters: flowid 1407 _base_rtt=11685600 _base_bdp=146070 _bdp=146070 _min_cwnd=4150 _maxwnd=219105 _cwnd=219105
Initialize per-instance NSCC parameters: flowid 1408 _base_rtt=11685600 _base_bdp=146070 _bdp=146070 _min_cwnd=4150 _maxwnd=219105 _cwnd=219105
Initialize per-instance NSCC parameters: flowid 1409 _base_rtt=11685600 _base_bdp=146070 _bdp=146070 _min_cwnd=4150 _maxwnd=219105 _cwnd=219105
Initialize per-instance NSCC parameters: flowid 1410 _base_rtt=11685600 _base_bdp=146070 _bdp=146070 _min_cwnd=4150 _maxwnd=219105 _cwnd=219105
Initialize per-instance NSCC parameters: flowid 1411 _base_rtt=11685600 _base_bdp=146070 _bdp=146070 _min_cwnd=4150 _maxwnd=219105 _cwnd=219105
Initialize per-instance NSCC parameters: flowid 1412 _base_rtt=11685600 _base_bdp=146070 _bdp=146070 _min_cwnd=4150 _maxwnd=219105 _cwnd=219105
Initialize per-instance NSCC parameters: flowid 1413 _base_rtt=11685600 _base_bdp=146070 _bdp=146070 _min_cwnd=4150 _maxwnd=219105 _cwnd=219105
Initialize per-instance NSCC parameters: flowid 1414 _base_rtt=11685600 _base_bdp=146070 _bdp=146070 _min_cwnd=4150 _maxwnd=219105 _cwnd=219105
Initialize per-instance NSCC parameters: flowid 1415 _base_rtt=11685600 _base_bdp=146070 _bdp=146070 _min_cwnd=4150 _maxwnd=219105 _cwnd=219105
Initialize per-instance NSCC parameters: flowid 1416 _base_rtt=11685600 _base_bdp=146070 _bdp=146070 _min_cwnd=4150 _maxwnd=219105 _cwnd=219105
Initialize per-instance NSCC parameters: flowid 1417 _base_rtt=11685600 _base_bdp=146070 _bdp=146070 _min_cwnd=4150 _maxwnd=219105 _cwnd=219105
Initialize per-instance NSCC parameters: flowid 1418 _base_rtt=11685600 _base_bdp=146070 _bdp=146070 _min_cwnd=4150 _maxwnd=219105 _cwnd=219105
Initialize per-instance NSCC parameters: flowid 1419 _base_rtt=11685600 _base_bdp=146070 _bdp=146070 _min_cwnd=4150 _maxwnd=219105 _cwnd=219105
Initialize per-instance NSCC parameters: flowid 1420 _base_rtt=11685600 _base_bdp=146070 _bdp=146070 _min_cwnd=4150 _maxwnd=219105 _cwnd=219105
Initialize per-instance NSCC parameters: flowid 1421 _base_rtt=11685600 _base_bdp=146070 _bdp=146070 _min_cwnd=4150 _maxwnd=219105 _cwnd=219105
Initialize per-instance NSCC parameters: flowid 1422 _base_rtt=11685600 _base_bdp=146070 _bdp=146070 _min_cwnd=4150 _maxwnd=219105 _cwnd=219105
Initialize per-instance NSCC parameters: flowid 1423 _base_rtt=11685600 _base_bdp=146070 _bdp=146070 _min_cwnd=4150 _maxwnd=219105 _cwnd=219105
Initialize per-instance NSCC parameters: flowid 1424 _base_rtt=11685600 _base_bdp=146070 _bdp=146070 _min_cwnd=4150 _maxwnd=219105 _cwnd=219105
Initialize per-instance NSCC parameters: flowid 1425 _base_rtt=11685600 _base_bdp=146070 _bdp=146070 _min_cwnd=4150 _maxwnd=219105 _cwnd=219105
Initialize per-instance NSCC parameters: flowid 1426 _base_rtt=11685600 _base_bdp=146070 _bdp=146070 _min_cwnd=4150 _maxwnd=219105 _cwnd=219105
Initialize per-instance NSCC parameters: flowid 1427 _base_rtt=11685600 _base_bdp=146070 _bdp=146070 _min_cwnd=4150 _maxwnd=219105 _cwnd=219105
Initialize per-instance NSCC parameters: flowid 1428 _base_rtt=11685600 _base_bdp=146070 _bdp=146070 _min_cwnd=4150 _maxwnd=219105 _cwnd=219105
Initialize per-instance NSCC parameters: flowid 1429 _base_rtt=11685600 _base_bdp=146070 _bdp=146070 _min_cwnd=4150 _maxwnd=219105 _cwnd=219105
Initialize per-instance NSCC parameters: flowid 1430 _base_rtt=11685600 _base_bdp=146070 _bdp=146070 _min_cwnd=4150 _maxwnd=219105 _cwnd=219105
Initialize per-instance NSCC parameters: flowid 1431 _base_rtt=11685600 _base_bdp=146070 _bdp=146070 _min_cwnd=4150 _maxwnd=219105 _cwnd=219105
Initialize per-instance NSCC parameters: flowid 1432 _base_rtt=11685600 _base_bdp=146070 _bdp=146070 _min_cwnd=4150 _maxwnd=219105 _cwnd=219105
Initialize per-instance NSCC parameters: flowid 1433 _base_rtt=11685600 _base_bdp=146070 _bdp=146070 _min_cwnd=4150 _maxwnd=219105 _cwnd=219105
Initialize per-instance NSCC parameters: flowid 1434 _base_rtt=11685600 _base_bdp=146070 _bdp=146070 _min_cwnd=4150 _maxwnd=219105 _cwnd=219105
Initialize per-instance NSCC parameters: flowid 1435 _base_rtt=11685600 _base_bdp=146070 _bdp=146070 _min_cwnd=4150 _maxwnd=219105 _cwnd=219105
Initialize per-instance NSCC parameters: flowid 1436 _base_rtt=11685600 _base_bdp=146070 _bdp=146070 _min_cwnd=4150 _maxwnd=219105 _cwnd=219105
Initialize per-instance NSCC parameters: flowid 1437 _base_rtt=11685600 _base_bdp=146070 _bdp=146070 _min_cwnd=4150 _maxwnd=219105 _cwnd=219105
Initialize per-instance NSCC parameters: flowid 1438 _base_rtt=11685600 _base_bdp=146070 _bdp=146070 _min_cwnd=4150 _maxwnd=219105 _cwnd=219105
Initialize per-instance NSCC parameters: flowid 1439 _base_rtt=11685600 _base_bdp=146070 _bdp=146070 _min_cwnd=4150 _maxwnd=219105 _cwnd=219105
Initialize per-instance NSCC parameters: flowid 1440 _base_rtt=11685600 _base_bdp=146070 _bdp=146070 _min_cwnd=4150 _maxwnd=219105 _cwnd=219105
Initialize per-instance NSCC parameters: flowid 1441 _base_rtt=11685600 _base_bdp=146070 _bdp=146070 _min_cwnd=4150 _maxwnd=219105 _cwnd=219105
Initialize per-instance NSCC parameters: flowid 1442 _base_rtt=11685600 _base_bdp=146070 _bdp=146070 _min_cwnd=4150 _maxwnd=219105 _cwnd=219105
Initialize per-instance NSCC parameters: flowid 1443 _base_rtt=11685600 _base_bdp=146070 _bdp=146070 _min_cwnd=4150 _maxwnd=219105 _cwnd=219105
Initialize per-instance NSCC parameters: flowid 1444 _base_rtt=11685600 _base_bdp=146070 _bdp=146070 _min_cwnd=4150 _maxwnd=219105 _cwnd=219105
Initialize per-instance NSCC parameters: flowid 1445 _base_rtt=11685600 _base_bdp=146070 _bdp=146070 _min_cwnd=4150 _maxwnd=219105 _cwnd=219105
Initialize per-instance NSCC parameters: flowid 1446 _base_rtt=11685600 _base_bdp=146070 _bdp=146070 _min_cwnd=4150 _maxwnd=219105 _cwnd=219105
Initialize per-instance NSCC parameters: flowid 1447 _base_rtt=11685600 _base_bdp=146070 _bdp=146070 _min_cwnd=4150 _maxwnd=219105 _cwnd=219105
Initialize per-instance NSCC parameters: flowid 1448 _base_rtt=11685600 _base_bdp=146070 _bdp=146070 _min_cwnd=4150 _maxwnd=219105 _cwnd=219105
Initialize per-instance NSCC parameters: flowid 1449 _base_rtt=11685600 _base_bdp=146070 _bdp=146070 _min_cwnd=4150 _maxwnd=219105 _cwnd=219105
Initialize per-instance NSCC parameters: flowid 1450 _base_rtt=11685600 _base_bdp=146070 _bdp=146070 _min_cwnd=4150 _maxwnd=219105 _cwnd=219105
Initialize per-instance NSCC parameters: flowid 1451 _base_rtt=11685600 _base_bdp=146070 _bdp=146070 _min_cwnd=4150 _maxwnd=219105 _cwnd=219105
Initialize per-instance NSCC parameters: flowid 1452 _base_rtt=11685600 _base_bdp=146070 _bdp=146070 _min_cwnd=4150 _maxwnd=219105 _cwnd=219105
Initialize per-instance NSCC parameters: flowid 1453 _base_rtt=11685600 _base_bdp=146070 _bdp=146070 _min_cwnd=4150 _maxwnd=219105 _cwnd=219105
Initialize per-instance NSCC parameters: flowid 1454 _base_rtt=11685600 _base_bdp=146070 _bdp=146070 _min_cwnd=4150 _maxwnd=219105 _cwnd=219105
Initialize per-instance NSCC parameters: flowid 1455 _base_rtt=11685600 _base_bdp=146070 _bdp=146070 _min_cwnd=4150 _maxwnd=219105 _cwnd=219105
Initialize per-instance NSCC parameters: flowid 1456 _base_rtt=11685600 _base_bdp=146070 _bdp=146070 _min_cwnd=4150 _maxwnd=219105 _cwnd=219105
Initialize per-instance NSCC parameters: flowid 1457 _base_rtt=11685600 _base_bdp=146070 _bdp=146070 _min_cwnd=4150 _maxwnd=219105 _cwnd=219105
Initialize per-instance NSCC parameters: flowid 1458 _base_rtt=11685600 _base_bdp=146070 _bdp=146070 _min_cwnd=4150 _maxwnd=219105 _cwnd=219105
Initialize per-instance NSCC parameters: flowid 1459 _base_rtt=11685600 _base_bdp=146070 _bdp=146070 _min_cwnd=4150 _maxwnd=219105 _cwnd=219105
Initialize per-instance NSCC parameters: flowid 1460 _base_rtt=11685600 _base_bdp=146070 _bdp=146070 _min_cwnd=4150 _maxwnd=219105 _cwnd=219105
Initialize per-instance NSCC parameters: flowid 1461 _base_rtt=11685600 _base_bdp=146070 _bdp=146070 _min_cwnd=4150 _maxwnd=219105 _cwnd=219105
Initialize per-instance NSCC parameters: flowid 1462 _base_rtt=11685600 _base_bdp=146070 _bdp=146070 _min_cwnd=4150 _maxwnd=219105 _cwnd=219105
Initialize per-instance NSCC parameters: flowid 1463 _base_rtt=11685600 _base_bdp=146070 _bdp=146070 _min_cwnd=4150 _maxwnd=219105 _cwnd=219105
Initialize per-instance NSCC parameters: flowid 1464 _base_rtt=11685600 _base_bdp=146070 _bdp=146070 _min_cwnd=4150 _maxwnd=219105 _cwnd=219105
Initialize per-instance NSCC parameters: flowid 1465 _base_rtt=11685600 _base_bdp=146070 _bdp=146070 _min_cwnd=4150 _maxwnd=219105 _cwnd=219105
Initialize per-instance NSCC parameters: flowid 1466 _base_rtt=11685600 _base_bdp=146070 _bdp=146070 _min_cwnd=4150 _maxwnd=219105 _cwnd=219105
Initialize per-instance NSCC parameters: flowid 1467 _base_rtt=11685600 _base_bdp=146070 _bdp=146070 _min_cwnd=4150 _maxwnd=219105 _cwnd=219105
Initialize per-instance NSCC parameters: flowid 1468 _base_rtt=11685600 _base_bdp=146070 _bdp=146070 _min_cwnd=4150 _maxwnd=219105 _cwnd=219105
Initialize per-instance NSCC parameters: flowid 1469 _base_rtt=11685600 _base_bdp=146070 _bdp=146070 _min_cwnd=4150 _maxwnd=219105 _cwnd=219105
Initialize per-instance NSCC parameters: flowid 1470 _base_rtt=11685600 _base_bdp=146070 _bdp=146070 _min_cwnd=4150 _maxwnd=219105 _cwnd=219105
Initialize per-instance NSCC parameters: flowid 1471 _base_rtt=11685600 _base_bdp=146070 _bdp=146070 _min_cwnd=4150 _maxwnd=219105 _cwnd=219105
Initialize per-instance NSCC parameters: flowid 1472 _base_rtt=11685600 _base_bdp=146070 _bdp=146070 _min_cwnd=4150 _maxwnd=219105 _cwnd=219105
Initialize per-instance NSCC parameters: flowid 1473 _base_rtt=11685600 _base_bdp=146070 _bdp=146070 _min_cwnd=4150 _maxwnd=219105 _cwnd=219105
Initialize per-instance NSCC parameters: flowid 1474 _base_rtt=11685600 _base_bdp=146070 _bdp=146070 _min_cwnd=4150 _maxwnd=219105 _cwnd=219105
Initialize per-instance NSCC parameters: flowid 1475 _base_rtt=11685600 _base_bdp=146070 _bdp=146070 _min_cwnd=4150 _maxwnd=219105 _cwnd=219105
Initialize per-instance NSCC parameters: flowid 1476 _base_rtt=11685600 _base_bdp=146070 _bdp=146070 _min_cwnd=4150 _maxwnd=219105 _cwnd=219105
Initialize per-instance NSCC parameters: flowid 1477 _base_rtt=11685600 _base_bdp=146070 _bdp=146070 _min_cwnd=4150 _maxwnd=219105 _cwnd=219105
Initialize per-instance NSCC parameters: flowid 1478 _base_rtt=11685600 _base_bdp=146070 _bdp=146070 _min_cwnd=4150 _maxwnd=219105 _cwnd=219105
Initialize per-instance NSCC parameters: flowid 1479 _base_rtt=11685600 _base_bdp=146070 _bdp=146070 _min_cwnd=4150 _maxwnd=219105 _cwnd=219105
Initialize per-instance NSCC parameters: flowid 1480 _base_rtt=11685600 _base_bdp=146070 _bdp=146070 _min_cwnd=4150 _maxwnd=219105 _cwnd=219105
Initialize per-instance NSCC parameters: flowid 1481 _base_rtt=11685600 _base_bdp=146070 _bdp=146070 _min_cwnd=4150 _maxwnd=219105 _cwnd=219105
Initialize per-instance NSCC parameters: flowid 1482 _base_rtt=11685600 _base_bdp=146070 _bdp=146070 _min_cwnd=4150 _maxwnd=219105 _cwnd=219105
Initialize per-instance NSCC parameters: flowid 1483 _base_rtt=11685600 _base_bdp=146070 _bdp=146070 _min_cwnd=4150 _maxwnd=219105 _cwnd=219105
Initialize per-instance NSCC parameters: flowid 1484 _base_rtt=11685600 _base_bdp=146070 _bdp=146070 _min_cwnd=4150 _maxwnd=219105 _cwnd=219105
Initialize per-instance NSCC parameters: flowid 1485 _base_rtt=11685600 _base_bdp=146070 _bdp=146070 _min_cwnd=4150 _maxwnd=219105 _cwnd=219105
Initialize per-instance NSCC parameters: flowid 1486 _base_rtt=11685600 _base_bdp=146070 _bdp=146070 _min_cwnd=4150 _maxwnd=219105 _cwnd=219105
Initialize per-instance NSCC parameters: flowid 1487 _base_rtt=11685600 _base_bdp=146070 _bdp=146070 _min_cwnd=4150 _maxwnd=219105 _cwnd=219105
Initialize per-instance NSCC parameters: flowid 1488 _base_rtt=11685600 _base_bdp=146070 _bdp=146070 _min_cwnd=4150 _maxwnd=219105 _cwnd=219105
Initialize per-instance NSCC parameters: flowid 1489 _base_rtt=11685600 _base_bdp=146070 _bdp=146070 _min_cwnd=4150 _maxwnd=219105 _cwnd=219105
Initialize per-instance NSCC parameters: flowid 1490 _base_rtt=11685600 _base_bdp=146070 _bdp=146070 _min_cwnd=4150 _maxwnd=219105 _cwnd=219105
Initialize per-instance NSCC parameters: flowid 1491 _base_rtt=11685600 _base_bdp=146070 _bdp=146070 _min_cwnd=4150 _maxwnd=219105 _cwnd=219105
Initialize per-instance NSCC parameters: flowid 1492 _base_rtt=11685600 _base_bdp=146070 _bdp=146070 _min_cwnd=4150 _maxwnd=219105 _cwnd=219105
Initialize per-instance NSCC parameters: flowid 1493 _base_rtt=11685600 _base_bdp=146070 _bdp=146070 _min_cwnd=4150 _maxwnd=219105 _cwnd=219105
Initialize per-instance NSCC parameters: flowid 1494 _base_rtt=11685600 _base_bdp=146070 _bdp=146070 _min_cwnd=4150 _maxwnd=219105 _cwnd=219105
Initialize per-instance NSCC parameters: flowid 1495 _base_rtt=11685600 _base_bdp=146070 _bdp=146070 _min_cwnd=4150 _maxwnd=219105 _cwnd=219105
Initialize per-instance NSCC parameters: flowid 1496 _base_rtt=11685600 _base_bdp=146070 _bdp=146070 _min_cwnd=4150 _maxwnd=219105 _cwnd=219105
Initialize per-instance NSCC parameters: flowid 1497 _base_rtt=11685600 _base_bdp=146070 _bdp=146070 _min_cwnd=4150 _maxwnd=219105 _cwnd=219105
Initialize per-instance NSCC parameters: flowid 1498 _base_rtt=11685600 _base_bdp=146070 _bdp=146070 _min_cwnd=4150 _maxwnd=219105 _cwnd=219105
Initialize per-instance NSCC parameters: flowid 1499 _base_rtt=11685600 _base_bdp=146070 _bdp=146070 _min_cwnd=4150 _maxwnd=219105 _cwnd=219105
Initialize per-instance NSCC parameters: flowid 1500 _base_rtt=11685600 _base_bdp=146070 _bdp=146070 _min_cwnd=4150 _maxwnd=219105 _cwnd=219105
Initialize per-instance NSCC parameters: flowid 1501 _base_rtt=11685600 _base_bdp=146070 _bdp=146070 _min_cwnd=4150 _maxwnd=219105 _cwnd=219105
Initialize per-instance NSCC parameters: flowid 1502 _base_rtt=11685600 _base_bdp=146070 _bdp=146070 _min_cwnd=4150 _maxwnd=219105 _cwnd=219105
Initialize per-instance NSCC parameters: flowid 1503 _base_rtt=11685600 _base_bdp=146070 _bdp=146070 _min_cwnd=4150 _maxwnd=219105 _cwnd=219105
Initialize per-instance NSCC parameters: flowid 1504 _base_rtt=11685600 _base_bdp=146070 _bdp=146070 _min_cwnd=4150 _maxwnd=219105 _cwnd=219105
Initialize per-instance NSCC parameters: flowid 1505 _base_rtt=11685600 _base_bdp=146070 _bdp=146070 _min_cwnd=4150 _maxwnd=219105 _cwnd=219105
Initialize per-instance NSCC parameters: flowid 1506 _base_rtt=11685600 _base_bdp=146070 _bdp=146070 _min_cwnd=4150 _maxwnd=219105 _cwnd=219105
Initialize per-instance NSCC parameters: flowid 1507 _base_rtt=11685600 _base_bdp=146070 _bdp=146070 _min_cwnd=4150 _maxwnd=219105 _cwnd=219105
Initialize per-instance NSCC parameters: flowid 1508 _base_rtt=11685600 _base_bdp=146070 _bdp=146070 _min_cwnd=4150 _maxwnd=219105 _cwnd=219105
Initialize per-instance NSCC parameters: flowid 1509 _base_rtt=11685600 _base_bdp=146070 _bdp=146070 _min_cwnd=4150 _maxwnd=219105 _cwnd=219105
Initialize per-instance NSCC parameters: flowid 1510 _base_rtt=11685600 _base_bdp=146070 _bdp=146070 _min_cwnd=4150 _maxwnd=219105 _cwnd=219105
Initialize per-instance NSCC parameters: flowid 1511 _base_rtt=11685600 _base_bdp=146070 _bdp=146070 _min_cwnd=4150 _maxwnd=219105 _cwnd=219105
Initialize per-instance NSCC parameters: flowid 1512 _base_rtt=11685600 _base_bdp=146070 _bdp=146070 _min_cwnd=4150 _maxwnd=219105 _cwnd=219105
Initialize per-instance NSCC parameters: flowid 1513 _base_rtt=11685600 _base_bdp=146070 _bdp=146070 _min_cwnd=4150 _maxwnd=219105 _cwnd=219105
Initialize per-instance NSCC parameters: flowid 1514 _base_rtt=11685600 _base_bdp=146070 _bdp=146070 _min_cwnd=4150 _maxwnd=219105 _cwnd=219105
Initialize per-instance NSCC parameters: flowid 1515 _base_rtt=11685600 _base_bdp=146070 _bdp=146070 _min_cwnd=4150 _maxwnd=219105 _cwnd=219105
Initialize per-instance NSCC parameters: flowid 1516 _base_rtt=11685600 _base_bdp=146070 _bdp=146070 _min_cwnd=4150 _maxwnd=219105 _cwnd=219105
Initialize per-instance NSCC parameters: flowid 1517 _base_rtt=11685600 _base_bdp=146070 _bdp=146070 _min_cwnd=4150 _maxwnd=219105 _cwnd=219105
Initialize per-instance NSCC parameters: flowid 1518 _base_rtt=11685600 _base_bdp=146070 _bdp=146070 _min_cwnd=4150 _maxwnd=219105 _cwnd=219105
Initialize per-instance NSCC parameters: flowid 1519 _base_rtt=11685600 _base_bdp=146070 _bdp=146070 _min_cwnd=4150 _maxwnd=219105 _cwnd=219105
Initialize per-instance NSCC parameters: flowid 1520 _base_rtt=11685600 _base_bdp=146070 _bdp=146070 _min_cwnd=4150 _maxwnd=219105 _cwnd=219105
Initialize per-instance NSCC parameters: flowid 1521 _base_rtt=11685600 _base_bdp=146070 _bdp=146070 _min_cwnd=4150 _maxwnd=219105 _cwnd=219105
Initialize per-instance NSCC parameters: flowid 1522 _base_rtt=11685600 _base_bdp=146070 _bdp=146070 _min_cwnd=4150 _maxwnd=219105 _cwnd=219105
Initialize per-instance NSCC parameters: flowid 1523 _base_rtt=11685600 _base_bdp=146070 _bdp=146070 _min_cwnd=4150 _maxwnd=219105 _cwnd=219105
Initialize per-instance NSCC parameters: flowid 1524 _base_rtt=11685600 _base_bdp=146070 _bdp=146070 _min_cwnd=4150 _maxwnd=219105 _cwnd=219105
Initialize per-instance NSCC parameters: flowid 1525 _base_rtt=11685600 _base_bdp=146070 _bdp=146070 _min_cwnd=4150 _maxwnd=219105 _cwnd=219105
Initialize per-instance NSCC parameters: flowid 1526 _base_rtt=11685600 _base_bdp=146070 _bdp=146070 _min_cwnd=4150 _maxwnd=219105 _cwnd=219105
Initialize per-instance NSCC parameters: flowid 1527 _base_rtt=11685600 _base_bdp=146070 _bdp=146070 _min_cwnd=4150 _maxwnd=219105 _cwnd=219105
Initialize per-instance NSCC parameters: flowid 1528 _base_rtt=11685600 _base_bdp=146070 _bdp=146070 _min_cwnd=4150 _maxwnd=219105 _cwnd=219105
Initialize per-instance NSCC parameters: flowid 1529 _base_rtt=11685600 _base_bdp=146070 _bdp=146070 _min_cwnd=4150 _maxwnd=219105 _cwnd=219105
Initialize per-instance NSCC parameters: flowid 1530 _base_rtt=11685600 _base_bdp=146070 _bdp=146070 _min_cwnd=4150 _maxwnd=219105 _cwnd=219105
Initialize per-instance NSCC parameters: flowid 1531 _base_rtt=11685600 _base_bdp=146070 _bdp=146070 _min_cwnd=4150 _maxwnd=219105 _cwnd=219105
Initialize per-instance NSCC parameters: flowid 1532 _base_rtt=11685600 _base_bdp=146070 _bdp=146070 _min_cwnd=4150 _maxwnd=219105 _cwnd=219105
Initialize per-instance NSCC parameters: flowid 1533 _base_rtt=11685600 _base_bdp=146070 _bdp=146070 _min_cwnd=4150 _maxwnd=219105 _cwnd=219105
Initialize per-instance NSCC parameters: flowid 1534 _base_rtt=11685600 _base_bdp=146070 _bdp=146070 _min_cwnd=4150 _maxwnd=219105 _cwnd=219105
Initialize per-instance NSCC parameters: flowid 1535 _base_rtt=11685600 _base_bdp=146070 _bdp=146070 _min_cwnd=4150 _maxwnd=219105 _cwnd=219105
Initialize per-instance NSCC parameters: flowid 1536 _base_rtt=11685600 _base_bdp=146070 _bdp=146070 _min_cwnd=4150 _maxwnd=219105 _cwnd=219105
Initialize per-instance NSCC parameters: flowid 1537 _base_rtt=11685600 _base_bdp=146070 _bdp=146070 _min_cwnd=4150 _maxwnd=219105 _cwnd=219105
Initialize per-instance NSCC parameters: flowid 1538 _base_rtt=11685600 _base_bdp=146070 _bdp=146070 _min_cwnd=4150 _maxwnd=219105 _cwnd=219105
Initialize per-instance NSCC parameters: flowid 1539 _base_rtt=11685600 _base_bdp=146070 _bdp=146070 _min_cwnd=4150 _maxwnd=219105 _cwnd=219105
Initialize per-instance NSCC parameters: flowid 1540 _base_rtt=11685600 _base_bdp=146070 _bdp=146070 _min_cwnd=4150 _maxwnd=219105 _cwnd=219105
Initialize per-instance NSCC parameters: flowid 1541 _base_rtt=11685600 _base_bdp=146070 _bdp=146070 _min_cwnd=4150 _maxwnd=219105 _cwnd=219105
Initialize per-instance NSCC parameters: flowid 1542 _base_rtt=11685600 _base_bdp=146070 _bdp=146070 _min_cwnd=4150 _maxwnd=219105 _cwnd=219105
Initialize per-instance NSCC parameters: flowid 1543 _base_rtt=11685600 _base_bdp=146070 _bdp=146070 _min_cwnd=4150 _maxwnd=219105 _cwnd=219105
Initialize per-instance NSCC parameters: flowid 1544 _base_rtt=11685600 _base_bdp=146070 _bdp=146070 _min_cwnd=4150 _maxwnd=219105 _cwnd=219105
Initialize per-instance NSCC parameters: flowid 1545 _base_rtt=11685600 _base_bdp=146070 _bdp=146070 _min_cwnd=4150 _maxwnd=219105 _cwnd=219105
Initialize per-instance NSCC parameters: flowid 1546 _base_rtt=11685600 _base_bdp=146070 _bdp=146070 _min_cwnd=4150 _maxwnd=219105 _cwnd=219105
Initialize per-instance NSCC parameters: flowid 1547 _base_rtt=11685600 _base_bdp=146070 _bdp=146070 _min_cwnd=4150 _maxwnd=219105 _cwnd=219105
Initialize per-instance NSCC parameters: flowid 1548 _base_rtt=11685600 _base_bdp=146070 _bdp=146070 _min_cwnd=4150 _maxwnd=219105 _cwnd=219105
Initialize per-instance NSCC parameters: flowid 1549 _base_rtt=11685600 _base_bdp=146070 _bdp=146070 _min_cwnd=4150 _maxwnd=219105 _cwnd=219105
Initialize per-instance NSCC parameters: flowid 1550 _base_rtt=11685600 _base_bdp=146070 _bdp=146070 _min_cwnd=4150 _maxwnd=219105 _cwnd=219105
Initialize per-instance NSCC parameters: flowid 1551 _base_rtt=11685600 _base_bdp=146070 _bdp=146070 _min_cwnd=4150 _maxwnd=219105 _cwnd=219105
Initialize per-instance NSCC parameters: flowid 1552 _base_rtt=11685600 _base_bdp=146070 _bdp=146070 _min_cwnd=4150 _maxwnd=219105 _cwnd=219105
Initialize per-instance NSCC parameters: flowid 1553 _base_rtt=11685600 _base_bdp=146070 _bdp=146070 _min_cwnd=4150 _maxwnd=219105 _cwnd=219105
Initialize per-instance NSCC parameters: flowid 1554 _base_rtt=11685600 _base_bdp=146070 _bdp=146070 _min_cwnd=4150 _maxwnd=219105 _cwnd=219105
Initialize per-instance NSCC parameters: flowid 1555 _base_rtt=11685600 _base_bdp=146070 _bdp=146070 _min_cwnd=4150 _maxwnd=219105 _cwnd=219105
Initialize per-instance NSCC parameters: flowid 1556 _base_rtt=11685600 _base_bdp=146070 _bdp=146070 _min_cwnd=4150 _maxwnd=219105 _cwnd=219105
Initialize per-instance NSCC parameters: flowid 1557 _base_rtt=11685600 _base_bdp=146070 _bdp=146070 _min_cwnd=4150 _maxwnd=219105 _cwnd=219105
Initialize per-instance NSCC parameters: flowid 1558 _base_rtt=11685600 _base_bdp=146070 _bdp=146070 _min_cwnd=4150 _maxwnd=219105 _cwnd=219105
Initialize per-instance NSCC parameters: flowid 1559 _base_rtt=11685600 _base_bdp=146070 _bdp=146070 _min_cwnd=4150 _maxwnd=219105 _cwnd=219105
Initialize per-instance NSCC parameters: flowid 1560 _base_rtt=11685600 _base_bdp=146070 _bdp=146070 _min_cwnd=4150 _maxwnd=219105 _cwnd=219105
Initialize per-instance NSCC parameters: flowid 1561 _base_rtt=11685600 _base_bdp=146070 _bdp=146070 _min_cwnd=4150 _maxwnd=219105 _cwnd=219105
Initialize per-instance NSCC parameters: flowid 1562 _base_rtt=11685600 _base_bdp=146070 _bdp=146070 _min_cwnd=4150 _maxwnd=219105 _cwnd=219105
Initialize per-instance NSCC parameters: flowid 1563 _base_rtt=11685600 _base_bdp=146070 _bdp=146070 _min_cwnd=4150 _maxwnd=219105 _cwnd=219105
Initialize per-instance NSCC parameters: flowid 1564 _base_rtt=11685600 _base_bdp=146070 _bdp=146070 _min_cwnd=4150 _maxwnd=219105 _cwnd=219105
Initialize per-instance NSCC parameters: flowid 1565 _base_rtt=11685600 _base_bdp=146070 _bdp=146070 _min_cwnd=4150 _maxwnd=219105 _cwnd=219105
Initialize per-instance NSCC parameters: flowid 1566 _base_rtt=11685600 _base_bdp=146070 _bdp=146070 _min_cwnd=4150 _maxwnd=219105 _cwnd=219105
Initialize per-instance NSCC parameters: flowid 1567 _base_rtt=11685600 _base_bdp=146070 _bdp=146070 _min_cwnd=4150 _maxwnd=219105 _cwnd=219105
Initialize per-instance NSCC parameters: flowid 1568 _base_rtt=11685600 _base_bdp=146070 _bdp=146070 _min_cwnd=4150 _maxwnd=219105 _cwnd=219105
Initialize per-instance NSCC parameters: flowid 1569 _base_rtt=11685600 _base_bdp=146070 _bdp=146070 _min_cwnd=4150 _maxwnd=219105 _cwnd=219105
Initialize per-instance NSCC parameters: flowid 1570 _base_rtt=11685600 _base_bdp=146070 _bdp=146070 _min_cwnd=4150 _maxwnd=219105 _cwnd=219105
Initialize per-instance NSCC parameters: flowid 1571 _base_rtt=11685600 _base_bdp=146070 _bdp=146070 _min_cwnd=4150 _maxwnd=219105 _cwnd=219105
Initialize per-instance NSCC parameters: flowid 1572 _base_rtt=11685600 _base_bdp=146070 _bdp=146070 _min_cwnd=4150 _maxwnd=219105 _cwnd=219105
Initialize per-instance NSCC parameters: flowid 1573 _base_rtt=11685600 _base_bdp=146070 _bdp=146070 _min_cwnd=4150 _maxwnd=219105 _cwnd=219105
Initialize per-instance NSCC parameters: flowid 1574 _base_rtt=11685600 _base_bdp=146070 _bdp=146070 _min_cwnd=4150 _maxwnd=219105 _cwnd=219105
Initialize per-instance NSCC parameters: flowid 1575 _base_rtt=11685600 _base_bdp=146070 _bdp=146070 _min_cwnd=4150 _maxwnd=219105 _cwnd=219105
Initialize per-instance NSCC parameters: flowid 1576 _base_rtt=11685600 _base_bdp=146070 _bdp=146070 _min_cwnd=4150 _maxwnd=219105 _cwnd=219105
Initialize per-instance NSCC parameters: flowid 1577 _base_rtt=11685600 _base_bdp=146070 _bdp=146070 _min_cwnd=4150 _maxwnd=219105 _cwnd=219105
Initialize per-instance NSCC parameters: flowid 1578 _base_rtt=11685600 _base_bdp=146070 _bdp=146070 _min_cwnd=4150 _maxwnd=219105 _cwnd=219105
Initialize per-instance NSCC parameters: flowid 1579 _base_rtt=11685600 _base_bdp=146070 _bdp=146070 _min_cwnd=4150 _maxwnd=219105 _cwnd=219105
Initialize per-instance NSCC parameters: flowid 1580 _base_rtt=11685600 _base_bdp=146070 _bdp=146070 _min_cwnd=4150 _maxwnd=219105 _cwnd=219105
Initialize per-instance NSCC parameters: flowid 1581 _base_rtt=11685600 _base_bdp=146070 _bdp=146070 _min_cwnd=4150 _maxwnd=219105 _cwnd=219105
Initialize per-instance NSCC parameters: flowid 1582 _base_rtt=11685600 _base_bdp=146070 _bdp=146070 _min_cwnd=4150 _maxwnd=219105 _cwnd=219105
Initialize per-instance NSCC parameters: flowid 1583 _base_rtt=11685600 _base_bdp=146070 _bdp=146070 _min_cwnd=4150 _maxwnd=219105 _cwnd=219105
Initialize per-instance NSCC parameters: flowid 1584 _base_rtt=11685600 _base_bdp=146070 _bdp=146070 _min_cwnd=4150 _maxwnd=219105 _cwnd=219105
Initialize per-instance NSCC parameters: flowid 1585 _base_rtt=11685600 _base_bdp=146070 _bdp=146070 _min_cwnd=4150 _maxwnd=219105 _cwnd=219105
Initialize per-instance NSCC parameters: flowid 1586 _base_rtt=11685600 _base_bdp=146070 _bdp=146070 _min_cwnd=4150 _maxwnd=219105 _cwnd=219105
Initialize per-instance NSCC parameters: flowid 1587 _base_rtt=11685600 _base_bdp=146070 _bdp=146070 _min_cwnd=4150 _maxwnd=219105 _cwnd=219105
Initialize per-instance NSCC parameters: flowid 1588 _base_rtt=11685600 _base_bdp=146070 _bdp=146070 _min_cwnd=4150 _maxwnd=219105 _cwnd=219105
Initialize per-instance NSCC parameters: flowid 1589 _base_rtt=11685600 _base_bdp=146070 _bdp=146070 _min_cwnd=4150 _maxwnd=219105 _cwnd=219105
Initialize per-instance NSCC parameters: flowid 1590 _base_rtt=11685600 _base_bdp=146070 _bdp=146070 _min_cwnd=4150 _maxwnd=219105 _cwnd=219105
Initialize per-instance NSCC parameters: flowid 1591 _base_rtt=11685600 _base_bdp=146070 _bdp=146070 _min_cwnd=4150 _maxwnd=219105 _cwnd=219105
Initialize per-instance NSCC parameters: flowid 1592 _base_rtt=11685600 _base_bdp=146070 _bdp=146070 _min_cwnd=4150 _maxwnd=219105 _cwnd=219105
Initialize per-instance NSCC parameters: flowid 1593 _base_rtt=11685600 _base_bdp=146070 _bdp=146070 _min_cwnd=4150 _maxwnd=219105 _cwnd=219105
Initialize per-instance NSCC parameters: flowid 1594 _base_rtt=11685600 _base_bdp=146070 _bdp=146070 _min_cwnd=4150 _maxwnd=219105 _cwnd=219105
Initialize per-instance NSCC parameters: flowid 1595 _base_rtt=11685600 _base_bdp=146070 _bdp=146070 _min_cwnd=4150 _maxwnd=219105 _cwnd=219105
Initialize per-instance NSCC parameters: flowid 1596 _base_rtt=11685600 _base_bdp=146070 _bdp=146070 _min_cwnd=4150 _maxwnd=219105 _cwnd=219105
Initialize per-instance NSCC parameters: flowid 1597 _base_rtt=11685600 _base_bdp=146070 _bdp=146070 _min_cwnd=4150 _maxwnd=219105 _cwnd=219105
Initialize per-instance NSCC parameters: flowid 1598 _base_rtt=11685600 _base_bdp=146070 _bdp=146070 _min_cwnd=4150 _maxwnd=219105 _cwnd=219105
Initialize per-instance NSCC parameters: flowid 1599 _base_rtt=11685600 _base_bdp=146070 _bdp=146070 _min_cwnd=4150 _maxwnd=219105 _cwnd=219105
Initialize per-instance NSCC parameters: flowid 1600 _base_rtt=11685600 _base_bdp=146070 _bdp=146070 _min_cwnd=4150 _maxwnd=219105 _cwnd=219105
Initialize per-instance NSCC parameters: flowid 1601 _base_rtt=11685600 _base_bdp=146070 _bdp=146070 _min_cwnd=4150 _maxwnd=219105 _cwnd=219105
Initialize per-instance NSCC parameters: flowid 1602 _base_rtt=11685600 _base_bdp=146070 _bdp=146070 _min_cwnd=4150 _maxwnd=219105 _cwnd=219105
Initialize per-instance NSCC parameters: flowid 1603 _base_rtt=11685600 _base_bdp=146070 _bdp=146070 _min_cwnd=4150 _maxwnd=219105 _cwnd=219105
Initialize per-instance NSCC parameters: flowid 1604 _base_rtt=11685600 _base_bdp=146070 _bdp=146070 _min_cwnd=4150 _maxwnd=219105 _cwnd=219105
Initialize per-instance NSCC parameters: flowid 1605 _base_rtt=11685600 _base_bdp=146070 _bdp=146070 _min_cwnd=4150 _maxwnd=219105 _cwnd=219105
Initialize per-instance NSCC parameters: flowid 1606 _base_rtt=11685600 _base_bdp=146070 _bdp=146070 _min_cwnd=4150 _maxwnd=219105 _cwnd=219105
Initialize per-instance NSCC parameters: flowid 1607 _base_rtt=11685600 _base_bdp=146070 _bdp=146070 _min_cwnd=4150 _maxwnd=219105 _cwnd=219105
Initialize per-instance NSCC parameters: flowid 1608 _base_rtt=11685600 _base_bdp=146070 _bdp=146070 _min_cwnd=4150 _maxwnd=219105 _cwnd=219105
Initialize per-instance NSCC parameters: flowid 1609 _base_rtt=11685600 _base_bdp=146070 _bdp=146070 _min_cwnd=4150 _maxwnd=219105 _cwnd=219105
Initialize per-instance NSCC parameters: flowid 1610 _base_rtt=11685600 _base_bdp=146070 _bdp=146070 _min_cwnd=4150 _maxwnd=219105 _cwnd=219105
Initialize per-instance NSCC parameters: flowid 1611 _base_rtt=11685600 _base_bdp=146070 _bdp=146070 _min_cwnd=4150 _maxwnd=219105 _cwnd=219105
Initialize per-instance NSCC parameters: flowid 1612 _base_rtt=11685600 _base_bdp=146070 _bdp=146070 _min_cwnd=4150 _maxwnd=219105 _cwnd=219105
Initialize per-instance NSCC parameters: flowid 1613 _base_rtt=11685600 _base_bdp=146070 _bdp=146070 _min_cwnd=4150 _maxwnd=219105 _cwnd=219105
Initialize per-instance NSCC parameters: flowid 1614 _base_rtt=11685600 _base_bdp=146070 _bdp=146070 _min_cwnd=4150 _maxwnd=219105 _cwnd=219105
Initialize per-instance NSCC parameters: flowid 1615 _base_rtt=11685600 _base_bdp=146070 _bdp=146070 _min_cwnd=4150 _maxwnd=219105 _cwnd=219105
Initialize per-instance NSCC parameters: flowid 1616 _base_rtt=11685600 _base_bdp=146070 _bdp=146070 _min_cwnd=4150 _maxwnd=219105 _cwnd=219105
Initialize per-instance NSCC parameters: flowid 1617 _base_rtt=11685600 _base_bdp=146070 _bdp=146070 _min_cwnd=4150 _maxwnd=219105 _cwnd=219105
Initialize per-instance NSCC parameters: flowid 1618 _base_rtt=11685600 _base_bdp=146070 _bdp=146070 _min_cwnd=4150 _maxwnd=219105 _cwnd=219105
Initialize per-instance NSCC parameters: flowid 1619 _base_rtt=11685600 _base_bdp=146070 _bdp=146070 _min_cwnd=4150 _maxwnd=219105 _cwnd=219105
Initialize per-instance NSCC parameters: flowid 1620 _base_rtt=11685600 _base_bdp=146070 _bdp=146070 _min_cwnd=4150 _maxwnd=219105 _cwnd=219105
Initialize per-instance NSCC parameters: flowid 1621 _base_rtt=11685600 _base_bdp=146070 _bdp=146070 _min_cwnd=4150 _maxwnd=219105 _cwnd=219105
Initialize per-instance NSCC parameters: flowid 1622 _base_rtt=11685600 _base_bdp=146070 _bdp=146070 _min_cwnd=4150 _maxwnd=219105 _cwnd=219105
Initialize per-instance NSCC parameters: flowid 1623 _base_rtt=11685600 _base_bdp=146070 _bdp=146070 _min_cwnd=4150 _maxwnd=219105 _cwnd=219105
Initialize per-instance NSCC parameters: flowid 1624 _base_rtt=11685600 _base_bdp=146070 _bdp=146070 _min_cwnd=4150 _maxwnd=219105 _cwnd=219105
Initialize per-instance NSCC parameters: flowid 1625 _base_rtt=11685600 _base_bdp=146070 _bdp=146070 _min_cwnd=4150 _maxwnd=219105 _cwnd=219105
Initialize per-instance NSCC parameters: flowid 1626 _base_rtt=11685600 _base_bdp=146070 _bdp=146070 _min_cwnd=4150 _maxwnd=219105 _cwnd=219105
Initialize per-instance NSCC parameters: flowid 1627 _base_rtt=11685600 _base_bdp=146070 _bdp=146070 _min_cwnd=4150 _maxwnd=219105 _cwnd=219105
Initialize per-instance NSCC parameters: flowid 1628 _base_rtt=11685600 _base_bdp=146070 _bdp=146070 _min_cwnd=4150 _maxwnd=219105 _cwnd=219105
Initialize per-instance NSCC parameters: flowid 1629 _base_rtt=11685600 _base_bdp=146070 _bdp=146070 _min_cwnd=4150 _maxwnd=219105 _cwnd=219105
Initialize per-instance NSCC parameters: flowid 1630 _base_rtt=11685600 _base_bdp=146070 _bdp=146070 _min_cwnd=4150 _maxwnd=219105 _cwnd=219105
Initialize per-instance NSCC parameters: flowid 1631 _base_rtt=11685600 _base_bdp=146070 _bdp=146070 _min_cwnd=4150 _maxwnd=219105 _cwnd=219105
Initialize per-instance NSCC parameters: flowid 1632 _base_rtt=11685600 _base_bdp=146070 _bdp=146070 _min_cwnd=4150 _maxwnd=219105 _cwnd=219105
Initialize per-instance NSCC parameters: flowid 1633 _base_rtt=11685600 _base_bdp=146070 _bdp=146070 _min_cwnd=4150 _maxwnd=219105 _cwnd=219105
Initialize per-instance NSCC parameters: flowid 1634 _base_rtt=11685600 _base_bdp=146070 _bdp=146070 _min_cwnd=4150 _maxwnd=219105 _cwnd=219105
Initialize per-instance NSCC parameters: flowid 1635 _base_rtt=11685600 _base_bdp=146070 _bdp=146070 _min_cwnd=4150 _maxwnd=219105 _cwnd=219105
Initialize per-instance NSCC parameters: flowid 1636 _base_rtt=11685600 _base_bdp=146070 _bdp=146070 _min_cwnd=4150 _maxwnd=219105 _cwnd=219105
Initialize per-instance NSCC parameters: flowid 1637 _base_rtt=11685600 _base_bdp=146070 _bdp=146070 _min_cwnd=4150 _maxwnd=219105 _cwnd=219105
Initialize per-instance NSCC parameters: flowid 1638 _base_rtt=11685600 _base_bdp=146070 _bdp=146070 _min_cwnd=4150 _maxwnd=219105 _cwnd=219105
Initialize per-instance NSCC parameters: flowid 1639 _base_rtt=11685600 _base_bdp=146070 _bdp=146070 _min_cwnd=4150 _maxwnd=219105 _cwnd=219105
Initialize per-instance NSCC parameters: flowid 1640 _base_rtt=11685600 _base_bdp=146070 _bdp=146070 _min_cwnd=4150 _maxwnd=219105 _cwnd=219105
Initialize per-instance NSCC parameters: flowid 1641 _base_rtt=11685600 _base_bdp=146070 _bdp=146070 _min_cwnd=4150 _maxwnd=219105 _cwnd=219105
Initialize per-instance NSCC parameters: flowid 1642 _base_rtt=11685600 _base_bdp=146070 _bdp=146070 _min_cwnd=4150 _maxwnd=219105 _cwnd=219105
Initialize per-instance NSCC parameters: flowid 1643 _base_rtt=11685600 _base_bdp=146070 _bdp=146070 _min_cwnd=4150 _maxwnd=219105 _cwnd=219105
Initialize per-instance NSCC parameters: flowid 1644 _base_rtt=11685600 _base_bdp=146070 _bdp=146070 _min_cwnd=4150 _maxwnd=219105 _cwnd=219105
Initialize per-instance NSCC parameters: flowid 1645 _base_rtt=11685600 _base_bdp=146070 _bdp=146070 _min_cwnd=4150 _maxwnd=219105 _cwnd=219105
Initialize per-instance NSCC parameters: flowid 1646 _base_rtt=11685600 _base_bdp=146070 _bdp=146070 _min_cwnd=4150 _maxwnd=219105 _cwnd=219105
Initialize per-instance NSCC parameters: flowid 1647 _base_rtt=11685600 _base_bdp=146070 _bdp=146070 _min_cwnd=4150 _maxwnd=219105 _cwnd=219105
Initialize per-instance NSCC parameters: flowid 1648 _base_rtt=11685600 _base_bdp=146070 _bdp=146070 _min_cwnd=4150 _maxwnd=219105 _cwnd=219105
Initialize per-instance NSCC parameters: flowid 1649 _base_rtt=11685600 _base_bdp=146070 _bdp=146070 _min_cwnd=4150 _maxwnd=219105 _cwnd=219105
Initialize per-instance NSCC parameters: flowid 1650 _base_rtt=11685600 _base_bdp=146070 _bdp=146070 _min_cwnd=4150 _maxwnd=219105 _cwnd=219105
Initialize per-instance NSCC parameters: flowid 1651 _base_rtt=11685600 _base_bdp=146070 _bdp=146070 _min_cwnd=4150 _maxwnd=219105 _cwnd=219105
Initialize per-instance NSCC parameters: flowid 1652 _base_rtt=11685600 _base_bdp=146070 _bdp=146070 _min_cwnd=4150 _maxwnd=219105 _cwnd=219105
Initialize per-instance NSCC parameters: flowid 1653 _base_rtt=11685600 _base_bdp=146070 _bdp=146070 _min_cwnd=4150 _maxwnd=219105 _cwnd=219105
Initialize per-instance NSCC parameters: flowid 1654 _base_rtt=11685600 _base_bdp=146070 _bdp=146070 _min_cwnd=4150 _maxwnd=219105 _cwnd=219105
Initialize per-instance NSCC parameters: flowid 1655 _base_rtt=11685600 _base_bdp=146070 _bdp=146070 _min_cwnd=4150 _maxwnd=219105 _cwnd=219105
Initialize per-instance NSCC parameters: flowid 1656 _base_rtt=11685600 _base_bdp=146070 _bdp=146070 _min_cwnd=4150 _maxwnd=219105 _cwnd=219105
Initialize per-instance NSCC parameters: flowid 1657 _base_rtt=11685600 _base_bdp=146070 _bdp=146070 _min_cwnd=4150 _maxwnd=219105 _cwnd=219105
Initialize per-instance NSCC parameters: flowid 1658 _base_rtt=11685600 _base_bdp=146070 _bdp=146070 _min_cwnd=4150 _maxwnd=219105 _cwnd=219105
Initialize per-instance NSCC parameters: flowid 1659 _base_rtt=11685600 _base_bdp=146070 _bdp=146070 _min_cwnd=4150 _maxwnd=219105 _cwnd=219105
Initialize per-instance NSCC parameters: flowid 1660 _base_rtt=11685600 _base_bdp=146070 _bdp=146070 _min_cwnd=4150 _maxwnd=219105 _cwnd=219105
Initialize per-instance NSCC parameters: flowid 1661 _base_rtt=11685600 _base_bdp=146070 _bdp=146070 _min_cwnd=4150 _maxwnd=219105 _cwnd=219105
Initialize per-instance NSCC parameters: flowid 1662 _base_rtt=11685600 _base_bdp=146070 _bdp=146070 _min_cwnd=4150 _maxwnd=219105 _cwnd=219105
Initialize per-instance NSCC parameters: flowid 1663 _base_rtt=11685600 _base_bdp=146070 _bdp=146070 _min_cwnd=4150 _maxwnd=219105 _cwnd=219105
Initialize per-instance NSCC parameters: flowid 1664 _base_rtt=11685600 _base_bdp=146070 _bdp=146070 _min_cwnd=4150 _maxwnd=219105 _cwnd=219105
Initialize per-instance NSCC parameters: flowid 1665 _base_rtt=11685600 _base_bdp=146070 _bdp=146070 _min_cwnd=4150 _maxwnd=219105 _cwnd=219105
Initialize per-instance NSCC parameters: flowid 1666 _base_rtt=11685600 _base_bdp=146070 _bdp=146070 _min_cwnd=4150 _maxwnd=219105 _cwnd=219105
Initialize per-instance NSCC parameters: flowid 1667 _base_rtt=11685600 _base_bdp=146070 _bdp=146070 _min_cwnd=4150 _maxwnd=219105 _cwnd=219105
Initialize per-instance NSCC parameters: flowid 1668 _base_rtt=11685600 _base_bdp=146070 _bdp=146070 _min_cwnd=4150 _maxwnd=219105 _cwnd=219105
Initialize per-instance NSCC parameters: flowid 1669 _base_rtt=11685600 _base_bdp=146070 _bdp=146070 _min_cwnd=4150 _maxwnd=219105 _cwnd=219105
Initialize per-instance NSCC parameters: flowid 1670 _base_rtt=11685600 _base_bdp=146070 _bdp=146070 _min_cwnd=4150 _maxwnd=219105 _cwnd=219105
Initialize per-instance NSCC parameters: flowid 1671 _base_rtt=11685600 _base_bdp=146070 _bdp=146070 _min_cwnd=4150 _maxwnd=219105 _cwnd=219105
Initialize per-instance NSCC parameters: flowid 1672 _base_rtt=11685600 _base_bdp=146070 _bdp=146070 _min_cwnd=4150 _maxwnd=219105 _cwnd=219105
Initialize per-instance NSCC parameters: flowid 1673 _base_rtt=11685600 _base_bdp=146070 _bdp=146070 _min_cwnd=4150 _maxwnd=219105 _cwnd=219105
Initialize per-instance NSCC parameters: flowid 1674 _base_rtt=11685600 _base_bdp=146070 _bdp=146070 _min_cwnd=4150 _maxwnd=219105 _cwnd=219105
Initialize per-instance NSCC parameters: flowid 1675 _base_rtt=11685600 _base_bdp=146070 _bdp=146070 _min_cwnd=4150 _maxwnd=219105 _cwnd=219105
Initialize per-instance NSCC parameters: flowid 1676 _base_rtt=11685600 _base_bdp=146070 _bdp=146070 _min_cwnd=4150 _maxwnd=219105 _cwnd=219105
Initialize per-instance NSCC parameters: flowid 1677 _base_rtt=11685600 _base_bdp=146070 _bdp=146070 _min_cwnd=4150 _maxwnd=219105 _cwnd=219105
Initialize per-instance NSCC parameters: flowid 1678 _base_rtt=11685600 _base_bdp=146070 _bdp=146070 _min_cwnd=4150 _maxwnd=219105 _cwnd=219105
Initialize per-instance NSCC parameters: flowid 1679 _base_rtt=11685600 _base_bdp=146070 _bdp=146070 _min_cwnd=4150 _maxwnd=219105 _cwnd=219105
Initialize per-instance NSCC parameters: flowid 1680 _base_rtt=11685600 _base_bdp=146070 _bdp=146070 _min_cwnd=4150 _maxwnd=219105 _cwnd=219105
Initialize per-instance NSCC parameters: flowid 1681 _base_rtt=11685600 _base_bdp=146070 _bdp=146070 _min_cwnd=4150 _maxwnd=219105 _cwnd=219105
Initialize per-instance NSCC parameters: flowid 1682 _base_rtt=11685600 _base_bdp=146070 _bdp=146070 _min_cwnd=4150 _maxwnd=219105 _cwnd=219105
Initialize per-instance NSCC parameters: flowid 1683 _base_rtt=11685600 _base_bdp=146070 _bdp=146070 _min_cwnd=4150 _maxwnd=219105 _cwnd=219105
Initialize per-instance NSCC parameters: flowid 1684 _base_rtt=11685600 _base_bdp=146070 _bdp=146070 _min_cwnd=4150 _maxwnd=219105 _cwnd=219105
Initialize per-instance NSCC parameters: flowid 1685 _base_rtt=11685600 _base_bdp=146070 _bdp=146070 _min_cwnd=4150 _maxwnd=219105 _cwnd=219105
Initialize per-instance NSCC parameters: flowid 1686 _base_rtt=11685600 _base_bdp=146070 _bdp=146070 _min_cwnd=4150 _maxwnd=219105 _cwnd=219105
Initialize per-instance NSCC parameters: flowid 1687 _base_rtt=11685600 _base_bdp=146070 _bdp=146070 _min_cwnd=4150 _maxwnd=219105 _cwnd=219105
Initialize per-instance NSCC parameters: flowid 1688 _base_rtt=11685600 _base_bdp=146070 _bdp=146070 _min_cwnd=4150 _maxwnd=219105 _cwnd=219105
Initialize per-instance NSCC parameters: flowid 1689 _base_rtt=11685600 _base_bdp=146070 _bdp=146070 _min_cwnd=4150 _maxwnd=219105 _cwnd=219105
Initialize per-instance NSCC parameters: flowid 1690 _base_rtt=11685600 _base_bdp=146070 _bdp=146070 _min_cwnd=4150 _maxwnd=219105 _cwnd=219105
Initialize per-instance NSCC parameters: flowid 1691 _base_rtt=11685600 _base_bdp=146070 _bdp=146070 _min_cwnd=4150 _maxwnd=219105 _cwnd=219105
Initialize per-instance NSCC parameters: flowid 1692 _base_rtt=11685600 _base_bdp=146070 _bdp=146070 _min_cwnd=4150 _maxwnd=219105 _cwnd=219105
Initialize per-instance NSCC parameters: flowid 1693 _base_rtt=11685600 _base_bdp=146070 _bdp=146070 _min_cwnd=4150 _maxwnd=219105 _cwnd=219105
Initialize per-instance NSCC parameters: flowid 1694 _base_rtt=11685600 _base_bdp=146070 _bdp=146070 _min_cwnd=4150 _maxwnd=219105 _cwnd=219105
Initialize per-instance NSCC parameters: flowid 1695 _base_rtt=11685600 _base_bdp=146070 _bdp=146070 _min_cwnd=4150 _maxwnd=219105 _cwnd=219105
Initialize per-instance NSCC parameters: flowid 1696 _base_rtt=11685600 _base_bdp=146070 _bdp=146070 _min_cwnd=4150 _maxwnd=219105 _cwnd=219105
Initialize per-instance NSCC parameters: flowid 1697 _base_rtt=11685600 _base_bdp=146070 _bdp=146070 _min_cwnd=4150 _maxwnd=219105 _cwnd=219105
Initialize per-instance NSCC parameters: flowid 1698 _base_rtt=11685600 _base_bdp=146070 _bdp=146070 _min_cwnd=4150 _maxwnd=219105 _cwnd=219105
Initialize per-instance NSCC parameters: flowid 1699 _base_rtt=11685600 _base_bdp=146070 _bdp=146070 _min_cwnd=4150 _maxwnd=219105 _cwnd=219105
Initialize per-instance NSCC parameters: flowid 1700 _base_rtt=11685600 _base_bdp=146070 _bdp=146070 _min_cwnd=4150 _maxwnd=219105 _cwnd=219105
Initialize per-instance NSCC parameters: flowid 1701 _base_rtt=11685600 _base_bdp=146070 _bdp=146070 _min_cwnd=4150 _maxwnd=219105 _cwnd=219105
Initialize per-instance NSCC parameters: flowid 1702 _base_rtt=11685600 _base_bdp=146070 _bdp=146070 _min_cwnd=4150 _maxwnd=219105 _cwnd=219105
Initialize per-instance NSCC parameters: flowid 1703 _base_rtt=11685600 _base_bdp=146070 _bdp=146070 _min_cwnd=4150 _maxwnd=219105 _cwnd=219105
Initialize per-instance NSCC parameters: flowid 1704 _base_rtt=11685600 _base_bdp=146070 _bdp=146070 _min_cwnd=4150 _maxwnd=219105 _cwnd=219105
Initialize per-instance NSCC parameters: flowid 1705 _base_rtt=11685600 _base_bdp=146070 _bdp=146070 _min_cwnd=4150 _maxwnd=219105 _cwnd=219105
Initialize per-instance NSCC parameters: flowid 1706 _base_rtt=11685600 _base_bdp=146070 _bdp=146070 _min_cwnd=4150 _maxwnd=219105 _cwnd=219105
Initialize per-instance NSCC parameters: flowid 1707 _base_rtt=11685600 _base_bdp=146070 _bdp=146070 _min_cwnd=4150 _maxwnd=219105 _cwnd=219105
Initialize per-instance NSCC parameters: flowid 1708 _base_rtt=11685600 _base_bdp=146070 _bdp=146070 _min_cwnd=4150 _maxwnd=219105 _cwnd=219105
Initialize per-instance NSCC parameters: flowid 1709 _base_rtt=11685600 _base_bdp=146070 _bdp=146070 _min_cwnd=4150 _maxwnd=219105 _cwnd=219105
Initialize per-instance NSCC parameters: flowid 1710 _base_rtt=11685600 _base_bdp=146070 _bdp=146070 _min_cwnd=4150 _maxwnd=219105 _cwnd=219105
Initialize per-instance NSCC parameters: flowid 1711 _base_rtt=11685600 _base_bdp=146070 _bdp=146070 _min_cwnd=4150 _maxwnd=219105 _cwnd=219105
Initialize per-instance NSCC parameters: flowid 1712 _base_rtt=11685600 _base_bdp=146070 _bdp=146070 _min_cwnd=4150 _maxwnd=219105 _cwnd=219105
Initialize per-instance NSCC parameters: flowid 1713 _base_rtt=11685600 _base_bdp=146070 _bdp=146070 _min_cwnd=4150 _maxwnd=219105 _cwnd=219105
Initialize per-instance NSCC parameters: flowid 1714 _base_rtt=11685600 _base_bdp=146070 _bdp=146070 _min_cwnd=4150 _maxwnd=219105 _cwnd=219105
Initialize per-instance NSCC parameters: flowid 1715 _base_rtt=11685600 _base_bdp=146070 _bdp=146070 _min_cwnd=4150 _maxwnd=219105 _cwnd=219105
Initialize per-instance NSCC parameters: flowid 1716 _base_rtt=11685600 _base_bdp=146070 _bdp=146070 _min_cwnd=4150 _maxwnd=219105 _cwnd=219105
Initialize per-instance NSCC parameters: flowid 1717 _base_rtt=11685600 _base_bdp=146070 _bdp=146070 _min_cwnd=4150 _maxwnd=219105 _cwnd=219105
Initialize per-instance NSCC parameters: flowid 1718 _base_rtt=11685600 _base_bdp=146070 _bdp=146070 _min_cwnd=4150 _maxwnd=219105 _cwnd=219105
Initialize per-instance NSCC parameters: flowid 1719 _base_rtt=11685600 _base_bdp=146070 _bdp=146070 _min_cwnd=4150 _maxwnd=219105 _cwnd=219105
Initialize per-instance NSCC parameters: flowid 1720 _base_rtt=11685600 _base_bdp=146070 _bdp=146070 _min_cwnd=4150 _maxwnd=219105 _cwnd=219105
Initialize per-instance NSCC parameters: flowid 1721 _base_rtt=11685600 _base_bdp=146070 _bdp=146070 _min_cwnd=4150 _maxwnd=219105 _cwnd=219105
Initialize per-instance NSCC parameters: flowid 1722 _base_rtt=11685600 _base_bdp=146070 _bdp=146070 _min_cwnd=4150 _maxwnd=219105 _cwnd=219105
Initialize per-instance NSCC parameters: flowid 1723 _base_rtt=11685600 _base_bdp=146070 _bdp=146070 _min_cwnd=4150 _maxwnd=219105 _cwnd=219105
Initialize per-instance NSCC parameters: flowid 1724 _base_rtt=11685600 _base_bdp=146070 _bdp=146070 _min_cwnd=4150 _maxwnd=219105 _cwnd=219105
Initialize per-instance NSCC parameters: flowid 1725 _base_rtt=11685600 _base_bdp=146070 _bdp=146070 _min_cwnd=4150 _maxwnd=219105 _cwnd=219105
Initialize per-instance NSCC parameters: flowid 1726 _base_rtt=11685600 _base_bdp=146070 _bdp=146070 _min_cwnd=4150 _maxwnd=219105 _cwnd=219105
Initialize per-instance NSCC parameters: flowid 1727 _base_rtt=11685600 _base_bdp=146070 _bdp=146070 _min_cwnd=4150 _maxwnd=219105 _cwnd=219105
Initialize per-instance NSCC parameters: flowid 1728 _base_rtt=11685600 _base_bdp=146070 _bdp=146070 _min_cwnd=4150 _maxwnd=219105 _cwnd=219105
Initialize per-instance NSCC parameters: flowid 1729 _base_rtt=11685600 _base_bdp=146070 _bdp=146070 _min_cwnd=4150 _maxwnd=219105 _cwnd=219105
Initialize per-instance NSCC parameters: flowid 1730 _base_rtt=11685600 _base_bdp=146070 _bdp=146070 _min_cwnd=4150 _maxwnd=219105 _cwnd=219105
Initialize per-instance NSCC parameters: flowid 1731 _base_rtt=11685600 _base_bdp=146070 _bdp=146070 _min_cwnd=4150 _maxwnd=219105 _cwnd=219105
Initialize per-instance NSCC parameters: flowid 1732 _base_rtt=11685600 _base_bdp=146070 _bdp=146070 _min_cwnd=4150 _maxwnd=219105 _cwnd=219105
Initialize per-instance NSCC parameters: flowid 1733 _base_rtt=11685600 _base_bdp=146070 _bdp=146070 _min_cwnd=4150 _maxwnd=219105 _cwnd=219105
Initialize per-instance NSCC parameters: flowid 1734 _base_rtt=11685600 _base_bdp=146070 _bdp=146070 _min_cwnd=4150 _maxwnd=219105 _cwnd=219105
Initialize per-instance NSCC parameters: flowid 1735 _base_rtt=11685600 _base_bdp=146070 _bdp=146070 _min_cwnd=4150 _maxwnd=219105 _cwnd=219105
Initialize per-instance NSCC parameters: flowid 1736 _base_rtt=11685600 _base_bdp=146070 _bdp=146070 _min_cwnd=4150 _maxwnd=219105 _cwnd=219105
Initialize per-instance NSCC parameters: flowid 1737 _base_rtt=11685600 _base_bdp=146070 _bdp=146070 _min_cwnd=4150 _maxwnd=219105 _cwnd=219105
Initialize per-instance NSCC parameters: flowid 1738 _base_rtt=11685600 _base_bdp=146070 _bdp=146070 _min_cwnd=4150 _maxwnd=219105 _cwnd=219105
Initialize per-instance NSCC parameters: flowid 1739 _base_rtt=11685600 _base_bdp=146070 _bdp=146070 _min_cwnd=4150 _maxwnd=219105 _cwnd=219105
Initialize per-instance NSCC parameters: flowid 1740 _base_rtt=11685600 _base_bdp=146070 _bdp=146070 _min_cwnd=4150 _maxwnd=219105 _cwnd=219105
Initialize per-instance NSCC parameters: flowid 1741 _base_rtt=11685600 _base_bdp=146070 _bdp=146070 _min_cwnd=4150 _maxwnd=219105 _cwnd=219105
Initialize per-instance NSCC parameters: flowid 1742 _base_rtt=11685600 _base_bdp=146070 _bdp=146070 _min_cwnd=4150 _maxwnd=219105 _cwnd=219105
Initialize per-instance NSCC parameters: flowid 1743 _base_rtt=11685600 _base_bdp=146070 _bdp=146070 _min_cwnd=4150 _maxwnd=219105 _cwnd=219105
Initialize per-instance NSCC parameters: flowid 1744 _base_rtt=11685600 _base_bdp=146070 _bdp=146070 _min_cwnd=4150 _maxwnd=219105 _cwnd=219105
Initialize per-instance NSCC parameters: flowid 1745 _base_rtt=11685600 _base_bdp=146070 _bdp=146070 _min_cwnd=4150 _maxwnd=219105 _cwnd=219105
Initialize per-instance NSCC parameters: flowid 1746 _base_rtt=11685600 _base_bdp=146070 _bdp=146070 _min_cwnd=4150 _maxwnd=219105 _cwnd=219105
Initialize per-instance NSCC parameters: flowid 1747 _base_rtt=11685600 _base_bdp=146070 _bdp=146070 _min_cwnd=4150 _maxwnd=219105 _cwnd=219105
Initialize per-instance NSCC parameters: flowid 1748 _base_rtt=11685600 _base_bdp=146070 _bdp=146070 _min_cwnd=4150 _maxwnd=219105 _cwnd=219105
Initialize per-instance NSCC parameters: flowid 1749 _base_rtt=11685600 _base_bdp=146070 _bdp=146070 _min_cwnd=4150 _maxwnd=219105 _cwnd=219105
Initialize per-instance NSCC parameters: flowid 1750 _base_rtt=11685600 _base_bdp=146070 _bdp=146070 _min_cwnd=4150 _maxwnd=219105 _cwnd=219105
Initialize per-instance NSCC parameters: flowid 1751 _base_rtt=11685600 _base_bdp=146070 _bdp=146070 _min_cwnd=4150 _maxwnd=219105 _cwnd=219105
Initialize per-instance NSCC parameters: flowid 1752 _base_rtt=11685600 _base_bdp=146070 _bdp=146070 _min_cwnd=4150 _maxwnd=219105 _cwnd=219105
Initialize per-instance NSCC parameters: flowid 1753 _base_rtt=11685600 _base_bdp=146070 _bdp=146070 _min_cwnd=4150 _maxwnd=219105 _cwnd=219105
Initialize per-instance NSCC parameters: flowid 1754 _base_rtt=11685600 _base_bdp=146070 _bdp=146070 _min_cwnd=4150 _maxwnd=219105 _cwnd=219105
Initialize per-instance NSCC parameters: flowid 1755 _base_rtt=11685600 _base_bdp=146070 _bdp=146070 _min_cwnd=4150 _maxwnd=219105 _cwnd=219105
Initialize per-instance NSCC parameters: flowid 1756 _base_rtt=11685600 _base_bdp=146070 _bdp=146070 _min_cwnd=4150 _maxwnd=219105 _cwnd=219105
Initialize per-instance NSCC parameters: flowid 1757 _base_rtt=11685600 _base_bdp=146070 _bdp=146070 _min_cwnd=4150 _maxwnd=219105 _cwnd=219105
Initialize per-instance NSCC parameters: flowid 1758 _base_rtt=11685600 _base_bdp=146070 _bdp=146070 _min_cwnd=4150 _maxwnd=219105 _cwnd=219105
Initialize per-instance NSCC parameters: flowid 1759 _base_rtt=11685600 _base_bdp=146070 _bdp=146070 _min_cwnd=4150 _maxwnd=219105 _cwnd=219105
Initialize per-instance NSCC parameters: flowid 1760 _base_rtt=11685600 _base_bdp=146070 _bdp=146070 _min_cwnd=4150 _maxwnd=219105 _cwnd=219105
Initialize per-instance NSCC parameters: flowid 1761 _base_rtt=11685600 _base_bdp=146070 _bdp=146070 _min_cwnd=4150 _maxwnd=219105 _cwnd=219105
Initialize per-instance NSCC parameters: flowid 1762 _base_rtt=11685600 _base_bdp=146070 _bdp=146070 _min_cwnd=4150 _maxwnd=219105 _cwnd=219105
Initialize per-instance NSCC parameters: flowid 1763 _base_rtt=11685600 _base_bdp=146070 _bdp=146070 _min_cwnd=4150 _maxwnd=219105 _cwnd=219105
Initialize per-instance NSCC parameters: flowid 1764 _base_rtt=11685600 _base_bdp=146070 _bdp=146070 _min_cwnd=4150 _maxwnd=219105 _cwnd=219105
Initialize per-instance NSCC parameters: flowid 1765 _base_rtt=11685600 _base_bdp=146070 _bdp=146070 _min_cwnd=4150 _maxwnd=219105 _cwnd=219105
Initialize per-instance NSCC parameters: flowid 1766 _base_rtt=11685600 _base_bdp=146070 _bdp=146070 _min_cwnd=4150 _maxwnd=219105 _cwnd=219105
Initialize per-instance NSCC parameters: flowid 1767 _base_rtt=11685600 _base_bdp=146070 _bdp=146070 _min_cwnd=4150 _maxwnd=219105 _cwnd=219105
Initialize per-instance NSCC parameters: flowid 1768 _base_rtt=11685600 _base_bdp=146070 _bdp=146070 _min_cwnd=4150 _maxwnd=219105 _cwnd=219105
Initialize per-instance NSCC parameters: flowid 1769 _base_rtt=11685600 _base_bdp=146070 _bdp=146070 _min_cwnd=4150 _maxwnd=219105 _cwnd=219105
Initialize per-instance NSCC parameters: flowid 1770 _base_rtt=11685600 _base_bdp=146070 _bdp=146070 _min_cwnd=4150 _maxwnd=219105 _cwnd=219105
Initialize per-instance NSCC parameters: flowid 1771 _base_rtt=11685600 _base_bdp=146070 _bdp=146070 _min_cwnd=4150 _maxwnd=219105 _cwnd=219105
Initialize per-instance NSCC parameters: flowid 1772 _base_rtt=11685600 _base_bdp=146070 _bdp=146070 _min_cwnd=4150 _maxwnd=219105 _cwnd=219105
Initialize per-instance NSCC parameters: flowid 1773 _base_rtt=11685600 _base_bdp=146070 _bdp=146070 _min_cwnd=4150 _maxwnd=219105 _cwnd=219105
Initialize per-instance NSCC parameters: flowid 1774 _base_rtt=11685600 _base_bdp=146070 _bdp=146070 _min_cwnd=4150 _maxwnd=219105 _cwnd=219105
Initialize per-instance NSCC parameters: flowid 1775 _base_rtt=11685600 _base_bdp=146070 _bdp=146070 _min_cwnd=4150 _maxwnd=219105 _cwnd=219105
Initialize per-instance NSCC parameters: flowid 1776 _base_rtt=11685600 _base_bdp=146070 _bdp=146070 _min_cwnd=4150 _maxwnd=219105 _cwnd=219105
Initialize per-instance NSCC parameters: flowid 1777 _base_rtt=11685600 _base_bdp=146070 _bdp=146070 _min_cwnd=4150 _maxwnd=219105 _cwnd=219105
Initialize per-instance NSCC parameters: flowid 1778 _base_rtt=11685600 _base_bdp=146070 _bdp=146070 _min_cwnd=4150 _maxwnd=219105 _cwnd=219105
Initialize per-instance NSCC parameters: flowid 1779 _base_rtt=11685600 _base_bdp=146070 _bdp=146070 _min_cwnd=4150 _maxwnd=219105 _cwnd=219105
Initialize per-instance NSCC parameters: flowid 1780 _base_rtt=11685600 _base_bdp=146070 _bdp=146070 _min_cwnd=4150 _maxwnd=219105 _cwnd=219105
Initialize per-instance NSCC parameters: flowid 1781 _base_rtt=11685600 _base_bdp=146070 _bdp=146070 _min_cwnd=4150 _maxwnd=219105 _cwnd=219105
Initialize per-instance NSCC parameters: flowid 1782 _base_rtt=11685600 _base_bdp=146070 _bdp=146070 _min_cwnd=4150 _maxwnd=219105 _cwnd=219105
Initialize per-instance NSCC parameters: flowid 1783 _base_rtt=11685600 _base_bdp=146070 _bdp=146070 _min_cwnd=4150 _maxwnd=219105 _cwnd=219105
Initialize per-instance NSCC parameters: flowid 1784 _base_rtt=11685600 _base_bdp=146070 _bdp=146070 _min_cwnd=4150 _maxwnd=219105 _cwnd=219105
Initialize per-instance NSCC parameters: flowid 1785 _base_rtt=11685600 _base_bdp=146070 _bdp=146070 _min_cwnd=4150 _maxwnd=219105 _cwnd=219105
Initialize per-instance NSCC parameters: flowid 1786 _base_rtt=11685600 _base_bdp=146070 _bdp=146070 _min_cwnd=4150 _maxwnd=219105 _cwnd=219105
Initialize per-instance NSCC parameters: flowid 1787 _base_rtt=11685600 _base_bdp=146070 _bdp=146070 _min_cwnd=4150 _maxwnd=219105 _cwnd=219105
Initialize per-instance NSCC parameters: flowid 1788 _base_rtt=11685600 _base_bdp=146070 _bdp=146070 _min_cwnd=4150 _maxwnd=219105 _cwnd=219105
Initialize per-instance NSCC parameters: flowid 1789 _base_rtt=11685600 _base_bdp=146070 _bdp=146070 _min_cwnd=4150 _maxwnd=219105 _cwnd=219105
Initialize per-instance NSCC parameters: flowid 1790 _base_rtt=11685600 _base_bdp=146070 _bdp=146070 _min_cwnd=4150 _maxwnd=219105 _cwnd=219105
Initialize per-instance NSCC parameters: flowid 1791 _base_rtt=11685600 _base_bdp=146070 _bdp=146070 _min_cwnd=4150 _maxwnd=219105 _cwnd=219105
Initialize per-instance NSCC parameters: flowid 1792 _base_rtt=11685600 _base_bdp=146070 _bdp=146070 _min_cwnd=4150 _maxwnd=219105 _cwnd=219105
Initialize per-instance NSCC parameters: flowid 1793 _base_rtt=11685600 _base_bdp=146070 _bdp=146070 _min_cwnd=4150 _maxwnd=219105 _cwnd=219105
Initialize per-instance NSCC parameters: flowid 1794 _base_rtt=11685600 _base_bdp=146070 _bdp=146070 _min_cwnd=4150 _maxwnd=219105 _cwnd=219105
Initialize per-instance NSCC parameters: flowid 1795 _base_rtt=11685600 _base_bdp=146070 _bdp=146070 _min_cwnd=4150 _maxwnd=219105 _cwnd=219105
Initialize per-instance NSCC parameters: flowid 1796 _base_rtt=11685600 _base_bdp=146070 _bdp=146070 _min_cwnd=4150 _maxwnd=219105 _cwnd=219105
Initialize per-instance NSCC parameters: flowid 1797 _base_rtt=11685600 _base_bdp=146070 _bdp=146070 _min_cwnd=4150 _maxwnd=219105 _cwnd=219105
Initialize per-instance NSCC parameters: flowid 1798 _base_rtt=11685600 _base_bdp=146070 _bdp=146070 _min_cwnd=4150 _maxwnd=219105 _cwnd=219105
Initialize per-instance NSCC parameters: flowid 1799 _base_rtt=11685600 _base_bdp=146070 _bdp=146070 _min_cwnd=4150 _maxwnd=219105 _cwnd=219105
Initialize per-instance NSCC parameters: flowid 1800 _base_rtt=11685600 _base_bdp=146070 _bdp=146070 _min_cwnd=4150 _maxwnd=219105 _cwnd=219105
Starting simulation
Flow Uec_1442_3205 flowId 1 uecSrc 0 starting at 0
Flow Uec_2579_714 flowId 2 uecSrc 1 starting at 0
Flow Uec_2742_853 flowId 3 uecSrc 2 starting at 0
Flow Uec_2074_215 flowId 4 uecSrc 3 starting at 0
Flow Uec_1973_109 flowId 5 uecSrc 4 starting at 0
Flow Uec_2120_316 flowId 6 uecSrc 5 starting at 0
Flow Uec_773_2583 flowId 7 uecSrc 6 starting at 0
Flow Uec_1598_3328 flowId 8 uecSrc 7 starting at 0
Flow Uec_699_2463 flowId 9 uecSrc 8 starting at 0
Flow Uec_1706_3464 flowId 10 uecSrc 9 starting at 0
Flow Uec_3121_1240 flowId 11 uecSrc 10 starting at 0
Flow Uec_808_2587 flowId 12 uecSrc 11 starting at 0
Flow Uec_2902_1074 flowId 13 uecSrc 12 starting at 0
Flow Uec_3345_1482 flowId 14 uecSrc 13 starting at 0
Flow Uec_3320_1454 flowId 15 uecSrc 14 starting at 0
Flow Uec_669_2481 flowId 16 uecSrc 15 starting at 0
Flow Uec_2232_353 flowId 17 uecSrc 16 starting at 0
Flow Uec_3107_1228 flowId 18 uecSrc 17 starting at 0
Flow Uec_1937_90 flowId 19 uecSrc 18 starting at 0
Flow Uec_927_2738 flowId 20 uecSrc 19 starting at 0
Flow Uec_1350_3189 flowId 21 uecSrc 20 starting at 0
Flow Uec_2160_272 flowId 22 uecSrc 21 starting at 0
Flow Uec_19_1837 flowId 23 uecSrc 22 starting at 0
Flow Uec_420_2192 flowId 24 uecSrc 23 starting at 0
Flow Uec_2456_612 flowId 25 uecSrc 24 starting at 0
Flow Uec_2261_425 flowId 26 uecSrc 25 starting at 0
Flow Uec_3313_1460 flowId 27 uecSrc 26 starting at 0
Flow Uec_1739_3536 flowId 28 uecSrc 27 starting at 0
Flow Uec_1216_3009 flowId 29 uecSrc 28 starting at 0
Flow Uec_952_2737 flowId 30 uecSrc 29 starting at 0
Flow Uec_2559_651 flowId 31 uecSrc 30 starting at 0
Flow Uec_2430_552 flowId 32 uecSrc 31 starting at 0
Flow Uec_119_1873 flowId 33 uecSrc 32 starting at 0
Flow Uec_2233_383 flowId 34 uecSrc 33 starting at 0
Flow Uec_2697_839 flowId 35 uecSrc 34 starting at 0
Flow Uec_1293_3130 flowId 36 uecSrc 35 starting at 0
Flow Uec_1675_3498 flowId 37 uecSrc 36 starting at 0
Flow Uec_3166_1323 flowId 38 uecSrc 37 starting at 0
Flow Uec_2469_639 flowId 39 uecSrc 38 starting at 0
Flow Uec_1729_3525 flowId 40 uecSrc 39 starting at 0
Flow Uec_365_2169 flowId 41 uecSrc 40 starting at 0
Flow Uec_2468_597 flowId 42 uecSrc 41 starting at 0
Flow Uec_2980_1134 flowId 43 uecSrc 42 starting at 0
Flow Uec_496_2253 flowId 44 uecSrc 43 starting at 0
Flow Uec_1607_3423 flowId 45 uecSrc 44 starting at 0
Flow Uec_2029_161 flowId 46 uecSrc 45 starting at 0
Flow Uec_1868_17 flowId 47 uecSrc 46 starting at 0
Flow Uec_391_2230 flowId 48 uecSrc 47 starting at 0
Flow Uec_1815_3591 flowId 49 uecSrc 48 starting at 0
Flow Uec_1435_3252 flowId 50 uecSrc 49 starting at 0
Flow Uec_2526_643 flowId 51 uecSrc 50 starting at 0
Flow Uec_2888_1041 flowId 52 uecSrc 51 starting at 0
Flow Uec_1532_3312 flowId 53 uecSrc 52 starting at 0
Flow Uec_2871_989 flowId 54 uecSrc 53 starting at 0
Flow Uec_946_2731 flowId 55 uecSrc 54 starting at 0
Flow Uec_3527_1686 flowId 56 uecSrc 55 starting at 0
Flow Uec_1468_3212 flowId 57 uecSrc 56 starting at 0
Flow Uec_3421_1562 flowId 58 uecSrc 57 starting at 0
Flow Uec_2801_927 flowId 59 uecSrc 58 starting at 0
Flow Uec_2396_535 flowId 60 uecSrc 59 starting at 0
Flow Uec_1727_3503 flowId 61 uecSrc 60 starting at 0
Flow Uec_792_2567 flowId 62 uecSrc 61 starting at 0
Flow Uec_1294_3133 flowId 63 uecSrc 62 starting at 0
Flow Uec_2182_362 flowId 64 uecSrc 63 starting at 0
Flow Uec_3217_1362 flowId 65 uecSrc 64 starting at 0
Flow Uec_325_2152 flowId 66 uecSrc 65 starting at 0
Flow Uec_3275_1436 flowId 67 uecSrc 66 starting at 0
Flow Uec_1209_2966 flowId 68 uecSrc 67 starting at 0
Flow Uec_1360_3139 flowId 69 uecSrc 68 starting at 0
Flow Uec_1335_3125 flowId 70 uecSrc 69 starting at 0
Flow Uec_3299_1458 flowId 71 uecSrc 70 starting at 0
Flow Uec_1387_3184 flowId 72 uecSrc 71 starting at 0
Flow Uec_3321_1445 flowId 73 uecSrc 72 starting at 0
Flow Uec_1563_3374 flowId 74 uecSrc 73 starting at 0
Flow Uec_1127_2917 flowId 75 uecSrc 74 starting at 0
Flow Uec_2612_764 flowId 76 uecSrc 75 starting at 0
Flow Uec_2841_965 flowId 77 uecSrc 76 starting at 0
Flow Uec_920_2693 flowId 78 uecSrc 77 starting at 0
Flow Uec_2690_874 flowId 79 uecSrc 78 starting at 0
Flow Uec_457_2263 flowId 80 uecSrc 79 starting at 0
Flow Uec_1327_3089 flowId 81 uecSrc 80 starting at 0
Flow Uec_2092_233 flowId 82 uecSrc 81 starting at 0
Flow Uec_2755_923 flowId 83 uecSrc 82 starting at 0
Flow Uec_1007_2800 flowId 84 uecSrc 83 starting at 0
Flow Uec_196_1993 flowId 85 uecSrc 84 starting at 0
Flow Uec_1194_3004 flowId 86 uecSrc 85 starting at 0
Flow Uec_21_1792 flowId 87 uecSrc 86 starting at 0
Flow Uec_3498_1651 flowId 88 uecSrc 87 starting at 0
Flow Uec_834_2646 flowId 89 uecSrc 88 starting at 0
Flow Uec_2461_637 flowId 90 uecSrc 89 starting at 0
Flow Uec_2104_222 flowId 91 uecSrc 90 starting at 0
Flow Uec_3109_1247 flowId 92 uecSrc 91 starting at 0
Flow Uec_3593_1737 flowId 93 uecSrc 92 starting at 0
Flow Uec_2889_1046 flowId 94 uecSrc 93 starting at 0
Flow Uec_349_2174 flowId 95 uecSrc 94 starting at 0
Flow Uec_3305_1461 flowId 96 uecSrc 95 starting at 0
Flow Uec_371_2130 flowId 97 uecSrc 96 starting at 0
Flow Uec_3529_1668 flowId 98 uecSrc 97 starting at 0
Flow Uec_3536_1711 flowId 99 uecSrc 98 starting at 0
Flow Uec_1101_2920 flowId 100 uecSrc 99 starting at 0
Flow Uec_225_2011 flowId 101 uecSrc 100 starting at 0
Flow Uec_1355_3198 flowId 102 uecSrc 101 starting at 0
Flow Uec_1356_3152 flowId 103 uecSrc 102 starting at 0
Flow Uec_1271_3044 flowId 104 uecSrc 103 starting at 0
Flow Uec_491_2274 flowId 105 uecSrc 104 starting at 0
Flow Uec_2580_716 flowId 106 uecSrc 105 starting at 0
Flow Uec_609_2407 flowId 107 uecSrc 106 starting at 0
Flow Uec_1893_51 flowId 108 uecSrc 107 starting at 0
Flow Uec_3447_1573 flowId 109 uecSrc 108 starting at 0
Flow Uec_1835_3594 flowId 110 uecSrc 109 starting at 0
Flow Uec_1810_3590 flowId 111 uecSrc 110 starting at 0
Flow Uec_2517_650 flowId 112 uecSrc 111 starting at 0
Flow Uec_846_2645 flowId 113 uecSrc 112 starting at 0
Flow Uec_766_2498 flowId 114 uecSrc 113 starting at 0
Flow Uec_1855_3593 flowId 115 uecSrc 114 starting at 0
Flow Uec_500_2276 flowId 116 uecSrc 115 starting at 0
Flow Uec_2393_519 flowId 117 uecSrc 116 starting at 0
Flow Uec_862_2681 flowId 118 uecSrc 117 starting at 0
Flow Uec_27_1844 flowId 119 uecSrc 118 starting at 0
Flow Uec_2205_341 flowId 120 uecSrc 119 starting at 0
Flow Uec_2503_694 flowId 121 uecSrc 120 starting at 0
Flow Uec_857_2647 flowId 122 uecSrc 121 starting at 0
Flow Uec_578_2381 flowId 123 uecSrc 122 starting at 0
Flow Uec_1297_3129 flowId 124 uecSrc 123 starting at 0
Flow Uec_162_1975 flowId 125 uecSrc 124 starting at 0
Flow Uec_3287_1452 flowId 126 uecSrc 125 starting at 0
Flow Uec_1737_3539 flowId 127 uecSrc 126 starting at 0
Flow Uec_2264_411 flowId 128 uecSrc 127 starting at 0
Flow Uec_630_2376 flowId 129 uecSrc 128 starting at 0
Flow Uec_1477_3286 flowId 130 uecSrc 129 starting at 0
Flow Uec_2032_176 flowId 131 uecSrc 130 starting at 0
Flow Uec_3276_1462 flowId 132 uecSrc 131 starting at 0
Flow Uec_140_1950 flowId 133 uecSrc 132 starting at 0
Flow Uec_1701_3510 flowId 134 uecSrc 133 starting at 0
Flow Uec_151_1970 flowId 135 uecSrc 134 starting at 0
Flow Uec_2757_947 flowId 136 uecSrc 135 starting at 0
Flow Uec_596_2368 flowId 137 uecSrc 136 starting at 0
Flow Uec_417_2199 flowId 138 uecSrc 137 starting at 0
Flow Uec_1346_3148 flowId 139 uecSrc 138 starting at 0
Flow Uec_284_2094 flowId 140 uecSrc 139 starting at 0
Flow Uec_1647_3397 flowId 141 uecSrc 140 starting at 0
Flow Uec_3265_1410 flowId 142 uecSrc 141 starting at 0
Flow Uec_2101_223 flowId 143 uecSrc 142 starting at 0
Flow Uec_2008_149 flowId 144 uecSrc 143 starting at 0
Flow Uec_2513_658 flowId 145 uecSrc 144 starting at 0
Flow Uec_1359_3168 flowId 146 uecSrc 145 starting at 0
Flow Uec_434_2185 flowId 147 uecSrc 146 starting at 0
Flow Uec_1397_3160 flowId 148 uecSrc 147 starting at 0
Flow Uec_2803_955 flowId 149 uecSrc 148 starting at 0
Flow Uec_376_2161 flowId 150 uecSrc 149 starting at 0
Flow Uec_3495_1618 flowId 151 uecSrc 150 starting at 0
Flow Uec_680_2488 flowId 152 uecSrc 151 starting at 0
Flow Uec_2492_611 flowId 153 uecSrc 152 starting at 0
Flow Uec_2483_606 flowId 154 uecSrc 153 starting at 0
Flow Uec_694_2453 flowId 155 uecSrc 154 starting at 0
Flow Uec_1376_3162 flowId 156 uecSrc 155 starting at 0
Flow Uec_1750_3542 flowId 157 uecSrc 156 starting at 0
Flow Uec_1486_3266 flowId 158 uecSrc 157 starting at 0
Flow Uec_1390_3177 flowId 159 uecSrc 158 starting at 0
Flow Uec_1458_3262 flowId 160 uecSrc 159 starting at 0
Flow Uec_3153_1299 flowId 161 uecSrc 160 starting at 0
Flow Uec_966_2756 flowId 162 uecSrc 161 starting at 0
Flow Uec_229_2021 flowId 163 uecSrc 162 starting at 0
Flow Uec_3358_1514 flowId 164 uecSrc 163 starting at 0
Flow Uec_115_1906 flowId 165 uecSrc 164 starting at 0
Flow Uec_1027_2841 flowId 166 uecSrc 165 starting at 0
Flow Uec_1911_38 flowId 167 uecSrc 166 starting at 0
Flow Uec_682_2434 flowId 168 uecSrc 167 starting at 0
Flow Uec_1144_2905 flowId 169 uecSrc 168 starting at 0
Flow Uec_403_2176 flowId 170 uecSrc 169 starting at 0
Flow Uec_445_2186 flowId 171 uecSrc 170 starting at 0
Flow Uec_2137_290 flowId 172 uecSrc 171 starting at 0
Flow Uec_3314_1456 flowId 173 uecSrc 172 starting at 0
Flow Uec_674_2459 flowId 174 uecSrc 173 starting at 0
Flow Uec_143_1971 flowId 175 uecSrc 174 starting at 0
Flow Uec_185_1921 flowId 176 uecSrc 175 starting at 0
Flow Uec_1939_91 flowId 177 uecSrc 176 starting at 0
Flow Uec_935_2742 flowId 178 uecSrc 177 starting at 0
Flow Uec_3300_1459 flowId 179 uecSrc 178 starting at 0
Flow Uec_2504_668 flowId 180 uecSrc 179 starting at 0
Flow Uec_2514_640 flowId 181 uecSrc 180 starting at 0
Flow Uec_3590_1740 flowId 182 uecSrc 181 starting at 0
Flow Uec_627_2382 flowId 183 uecSrc 182 starting at 0
Flow Uec_2017_129 flowId 184 uecSrc 183 starting at 0
Flow Uec_3449_1565 flowId 185 uecSrc 184 starting at 0
Flow Uec_1099_2925 flowId 186 uecSrc 185 starting at 0
Flow Uec_1342_3119 flowId 187 uecSrc 186 starting at 0
Flow Uec_469_2273 flowId 188 uecSrc 187 starting at 0
Flow Uec_3340_1477 flowId 189 uecSrc 188 starting at 0
Flow Uec_186_1963 flowId 190 uecSrc 189 starting at 0
Flow Uec_2913_1031 flowId 191 uecSrc 190 starting at 0
Flow Uec_2402_560 flowId 192 uecSrc 191 starting at 0
Flow Uec_1386_3190 flowId 193 uecSrc 192 starting at 0
Flow Uec_272_2082 flowId 194 uecSrc 193 starting at 0
Flow Uec_1538_3387 flowId 195 uecSrc 194 starting at 0
Flow Uec_2614_738 flowId 196 uecSrc 195 starting at 0
Flow Uec_1625_3399 flowId 197 uecSrc 196 starting at 0
Flow Uec_1288_3073 flowId 198 uecSrc 197 starting at 0
Flow Uec_2910_1084 flowId 199 uecSrc 198 starting at 0
Flow Uec_1341_3111 flowId 200 uecSrc 199 starting at 0
Flow Uec_1552_3356 flowId 201 uecSrc 200 starting at 0
Flow Uec_410_2183 flowId 202 uecSrc 201 starting at 0
Flow Uec_1975_78 flowId 203 uecSrc 202 starting at 0
Flow Uec_603_2419 flowId 204 uecSrc 203 starting at 0
Flow Uec_2030_185 flowId 205 uecSrc 204 starting at 0
Flow Uec_1322_3095 flowId 206 uecSrc 205 starting at 0
Flow Uec_2145_295 flowId 207 uecSrc 206 starting at 0
Flow Uec_1136_2915 flowId 208 uecSrc 207 starting at 0
Flow Uec_335_2149 flowId 209 uecSrc 208 starting at 0
Flow Uec_572_2349 flowId 210 uecSrc 209 starting at 0
Flow Uec_3553_1703 flowId 211 uecSrc 210 starting at 0
Flow Uec_2539_677 flowId 212 uecSrc 211 starting at 0
Flow Uec_570_2323 flowId 213 uecSrc 212 starting at 0
Flow Uec_1754_3540 flowId 214 uecSrc 213 starting at 0
Flow Uec_2665_781 flowId 215 uecSrc 214 starting at 0
Flow Uec_426_2238 flowId 216 uecSrc 215 starting at 0
Flow Uec_3208_1360 flowId 217 uecSrc 216 starting at 0
Flow Uec_928_2746 flowId 218 uecSrc 217 starting at 0
Flow Uec_3282_1414 flowId 219 uecSrc 218 starting at 0
Flow Uec_1752_3529 flowId 220 uecSrc 219 starting at 0
Flow Uec_165_1960 flowId 221 uecSrc 220 starting at 0
Flow Uec_2164_289 flowId 222 uecSrc 221 starting at 0
Flow Uec_1695_3513 flowId 223 uecSrc 222 starting at 0
Flow Uec_1586_3337 flowId 224 uecSrc 223 starting at 0
Flow Uec_905_2720 flowId 225 uecSrc 224 starting at 0
Flow Uec_351_2116 flowId 226 uecSrc 225 starting at 0
Flow Uec_2669_788 flowId 227 uecSrc 226 starting at 0
Flow Uec_2432_631 flowId 228 uecSrc 227 starting at 0
Flow Uec_3123_1256 flowId 229 uecSrc 228 starting at 0
Flow Uec_2420_543 flowId 230 uecSrc 229 starting at 0
Flow Uec_50_1805 flowId 231 uecSrc 230 starting at 0
Flow Uec_2372_573 flowId 232 uecSrc 231 starting at 0
Flow Uec_1843_3586 flowId 233 uecSrc 232 starting at 0
Flow Uec_1139_2935 flowId 234 uecSrc 233 starting at 0
Flow Uec_2955_1133 flowId 235 uecSrc 234 starting at 0
Flow Uec_1690_3496 flowId 236 uecSrc 235 starting at 0
Flow Uec_733_2527 flowId 237 uecSrc 236 starting at 0
Flow Uec_3387_1504 flowId 238 uecSrc 237 starting at 0
Flow Uec_1709_3500 flowId 239 uecSrc 238 starting at 0
Flow Uec_1212_2961 flowId 240 uecSrc 239 starting at 0
Flow Uec_1308_3090 flowId 241 uecSrc 240 starting at 0
Flow Uec_3080_1268 flowId 242 uecSrc 241 starting at 0
Flow Uec_1465_3248 flowId 243 uecSrc 242 starting at 0
Flow Uec_755_2521 flowId 244 uecSrc 243 starting at 0
Flow Uec_3580_1691 flowId 245 uecSrc 244 starting at 0
Flow Uec_520_2351 flowId 246 uecSrc 245 starting at 0
Flow Uec_167_1979 flowId 247 uecSrc 246 starting at 0
Flow Uec_176_1936 flowId 248 uecSrc 247 starting at 0
Flow Uec_549_2313 flowId 249 uecSrc 248 starting at 0
Flow Uec_1659_3404 flowId 250 uecSrc 249 starting at 0
Flow Uec_1618_3439 flowId 251 uecSrc 250 starting at 0
Flow Uec_1105_2902 flowId 252 uecSrc 251 starting at 0
Flow Uec_2827_1017 flowId 253 uecSrc 252 starting at 0
Flow Uec_2702_860 flowId 254 uecSrc 253 starting at 0
Flow Uec_2216_321 flowId 255 uecSrc 254 starting at 0
Flow Uec_1762_3558 flowId 256 uecSrc 255 starting at 0
Flow Uec_1613_3449 flowId 257 uecSrc 256 starting at 0
Flow Uec_1809_3587 flowId 258 uecSrc 257 starting at 0
Flow Uec_1535_3282 flowId 259 uecSrc 258 starting at 0
Flow Uec_657_2476 flowId 260 uecSrc 259 starting at 0
Flow Uec_1981_71 flowId 261 uecSrc 260 starting at 0
Flow Uec_3545_1676 flowId 262 uecSrc 261 starting at 0
Flow Uec_836_2639 flowId 263 uecSrc 262 starting at 0
Flow Uec_2119_307 flowId 264 uecSrc 263 starting at 0
Flow Uec_2404_532 flowId 265 uecSrc 264 starting at 0
Flow Uec_2199_349 flowId 266 uecSrc 265 starting at 0
Flow Uec_1961_111 flowId 267 uecSrc 266 starting at 0
Flow Uec_2499_661 flowId 268 uecSrc 267 starting at 0
Flow Uec_2134_275 flowId 269 uecSrc 268 starting at 0
Flow Uec_1894_33 flowId 270 uecSrc 269 starting at 0
Flow Uec_551_2342 flowId 271 uecSrc 270 starting at 0
Flow Uec_2643_779 flowId 272 uecSrc 271 starting at 0
Flow Uec_904_2713 flowId 273 uecSrc 272 starting at 0
Flow Uec_961_2771 flowId 274 uecSrc 273 starting at 0
Flow Uec_902_2719 flowId 275 uecSrc 274 starting at 0
Flow Uec_739_2545 flowId 276 uecSrc 275 starting at 0
Flow Uec_267_2068 flowId 277 uecSrc 276 starting at 0
Flow Uec_3566_1666 flowId 278 uecSrc 277 starting at 0
Flow Uec_1303_3084 flowId 279 uecSrc 278 starting at 0
Flow Uec_1340_3092 flowId 280 uecSrc 279 starting at 0
Flow Uec_881_2667 flowId 281 uecSrc 280 starting at 0
Flow Uec_392_2234 flowId 282 uecSrc 281 starting at 0
Flow Uec_863_2625 flowId 283 uecSrc 282 starting at 0
Flow Uec_2848_1021 flowId 284 uecSrc 283 starting at 0
Flow Uec_1551_3349 flowId 285 uecSrc 284 starting at 0
Flow Uec_1968_125 flowId 286 uecSrc 285 starting at 0
Flow Uec_1900_1 flowId 287 uecSrc 286 starting at 0
Flow Uec_1181_2976 flowId 288 uecSrc 287 starting at 0
Flow Uec_13_1851 flowId 289 uecSrc 288 starting at 0
Flow Uec_3530_1724 flowId 290 uecSrc 289 starting at 0
Flow Uec_957_2726 flowId 291 uecSrc 290 starting at 0
Flow Uec_36_1809 flowId 292 uecSrc 291 starting at 0
Flow Uec_546_2353 flowId 293 uecSrc 292 starting at 0
Flow Uec_2078_208 flowId 294 uecSrc 293 starting at 0
Flow Uec_702_2452 flowId 295 uecSrc 294 starting at 0
Flow Uec_1096_2889 flowId 296 uecSrc 295 starting at 0
Flow Uec_741_2501 flowId 297 uecSrc 296 starting at 0
Flow Uec_1624_3455 flowId 298 uecSrc 297 starting at 0
Flow Uec_1232_3017 flowId 299 uecSrc 298 starting at 0
Flow Uec_541_2311 flowId 300 uecSrc 299 starting at 0
Flow Uec_2227_350 flowId 301 uecSrc 300 starting at 0
Flow Uec_2226_369 flowId 302 uecSrc 301 starting at 0
Flow Uec_1223_3063 flowId 303 uecSrc 302 starting at 0
Flow Uec_1320_3114 flowId 304 uecSrc 303 starting at 0
Flow Uec_190_1943 flowId 305 uecSrc 304 starting at 0
Flow Uec_2293_426 flowId 306 uecSrc 305 starting at 0
Flow Uec_2171_259 flowId 307 uecSrc 306 starting at 0
Flow Uec_3288_1441 flowId 308 uecSrc 307 starting at 0
Flow Uec_2495_585 flowId 309 uecSrc 308 starting at 0
Flow Uec_437_2224 flowId 310 uecSrc 309 starting at 0
Flow Uec_827_2614 flowId 311 uecSrc 310 starting at 0
Flow Uec_2636_784 flowId 312 uecSrc 311 starting at 0
Flow Uec_2325_507 flowId 313 uecSrc 312 starting at 0
Flow Uec_1151_2885 flowId 314 uecSrc 313 starting at 0
Flow Uec_3044_1197 flowId 315 uecSrc 314 starting at 0
Flow Uec_1155_2948 flowId 316 uecSrc 315 starting at 0
Flow Uec_3103_1220 flowId 317 uecSrc 316 starting at 0
Flow Uec_1312_3109 flowId 318 uecSrc 317 starting at 0
Flow Uec_1816_3585 flowId 319 uecSrc 318 starting at 0
Flow Uec_2531_673 flowId 320 uecSrc 319 starting at 0
Flow Uec_2053_252 flowId 321 uecSrc 320 starting at 0
Flow Uec_2245_422 flowId 322 uecSrc 321 starting at 0
Flow Uec_1253_3068 flowId 323 uecSrc 322 starting at 0
Flow Uec_3386_1516 flowId 324 uecSrc 323 starting at 0
Flow Uec_1749_3563 flowId 325 uecSrc 324 starting at 0
Flow Uec_2866_981 flowId 326 uecSrc 325 starting at 0
Flow Uec_3516_1652 flowId 327 uecSrc 326 starting at 0
Flow Uec_2081_243 flowId 328 uecSrc 327 starting at 0
Flow Uec_1113_2891 flowId 329 uecSrc 328 starting at 0
Flow Uec_2845_1006 flowId 330 uecSrc 329 starting at 0
Flow Uec_3490_1615 flowId 331 uecSrc 330 starting at 0
Flow Uec_2758_917 flowId 332 uecSrc 331 starting at 0
Flow Uec_1267_3070 flowId 333 uecSrc 332 starting at 0
Flow Uec_1595_3381 flowId 334 uecSrc 333 starting at 0
Flow Uec_1719_3515 flowId 335 uecSrc 334 starting at 0
Flow Uec_888_2632 flowId 336 uecSrc 335 starting at 0
Flow Uec_3555_1696 flowId 337 uecSrc 336 starting at 0
Flow Uec_2380_528 flowId 338 uecSrc 337 starting at 0
Flow Uec_3187_1339 flowId 339 uecSrc 338 starting at 0
Flow Uec_1419_3258 flowId 340 uecSrc 339 starting at 0
Flow Uec_1539_3388 flowId 341 uecSrc 340 starting at 0
Flow Uec_103_1866 flowId 342 uecSrc 341 starting at 0
Flow Uec_1061_2860 flowId 343 uecSrc 342 starting at 0
Flow Uec_1554_3336 flowId 344 uecSrc 343 starting at 0
Flow Uec_256_2106 flowId 345 uecSrc 344 starting at 0
Flow Uec_2676_828 flowId 346 uecSrc 345 starting at 0
Flow Uec_336_2119 flowId 347 uecSrc 346 starting at 0
Flow Uec_1285_3134 flowId 348 uecSrc 347 starting at 0
Flow Uec_708_2535 flowId 349 uecSrc 348 starting at 0
Flow Uec_222_2032 flowId 350 uecSrc 349 starting at 0
Flow Uec_884_2635 flowId 351 uecSrc 350 starting at 0
Flow Uec_432_2204 flowId 352 uecSrc 351 starting at 0
Flow Uec_3429_1538 flowId 353 uecSrc 352 starting at 0
Flow Uec_2646_823 flowId 354 uecSrc 353 starting at 0
Flow Uec_3550_1706 flowId 355 uecSrc 354 starting at 0
Flow Uec_3246_1354 flowId 356 uecSrc 355 starting at 0
Flow Uec_2607_765 flowId 357 uecSrc 356 starting at 0
Flow Uec_214_2044 flowId 358 uecSrc 357 starting at 0
Flow Uec_926_2697 flowId 359 uecSrc 358 starting at 0
Flow Uec_1281_3107 flowId 360 uecSrc 359 starting at 0
Flow Uec_88_1877 flowId 361 uecSrc 360 starting at 0
Flow Uec_618_2400 flowId 362 uecSrc 361 starting at 0
Flow Uec_1897_12 flowId 363 uecSrc 362 starting at 0
Flow Uec_819_2570 flowId 364 uecSrc 363 starting at 0
Flow Uec_2815_944 flowId 365 uecSrc 364 starting at 0
Flow Uec_216_2018 flowId 366 uecSrc 365 starting at 0
Flow Uec_2110_195 flowId 367 uecSrc 366 starting at 0
Flow Uec_3522_1681 flowId 368 uecSrc 367 starting at 0
Flow Uec_2846_1008 flowId 369 uecSrc 368 starting at 0
Flow Uec_2560_710 flowId 370 uecSrc 369 starting at 0
Flow Uec_3329_1530 flowId 371 uecSrc 370 starting at 0
Flow Uec_152_1969 flowId 372 uecSrc 371 starting at 0
Flow Uec_2887_1051 flowId 373 uecSrc 372 starting at 0
Flow Uec_1241_3020 flowId 374 uecSrc 373 starting at 0
Flow Uec_801_2613 flowId 375 uecSrc 374 starting at 0
Flow Uec_3214_1358 flowId 376 uecSrc 375 starting at 0
Flow Uec_2575_718 flowId 377 uecSrc 376 starting at 0
Flow Uec_1853_3596 flowId 378 uecSrc 377 starting at 0
Flow Uec_2710_852 flowId 379 uecSrc 378 starting at 0
Flow Uec_3066_1198 flowId 380 uecSrc 379 starting at 0
Flow Uec_120_1887 flowId 381 uecSrc 380 starting at 0
Flow Uec_668_2450 flowId 382 uecSrc 381 starting at 0
Flow Uec_1818_3584 flowId 383 uecSrc 382 starting at 0
Flow Uec_2604_751 flowId 384 uecSrc 383 starting at 0
Flow Uec_2475_610 flowId 385 uecSrc 384 starting at 0
Flow Uec_435_2222 flowId 386 uecSrc 385 starting at 0
Flow Uec_3188_1337 flowId 387 uecSrc 386 starting at 0
Flow Uec_2774_940 flowId 388 uecSrc 387 starting at 0
Flow Uec_6_1801 flowId 389 uecSrc 388 starting at 0
Flow Uec_1409_3229 flowId 390 uecSrc 389 starting at 0
Flow Uec_1383_3169 flowId 391 uecSrc 390 starting at 0
Flow Uec_3101_1266 flowId 392 uecSrc 391 starting at 0
Flow Uec_30_1849 flowId 393 uecSrc 392 starting at 0
Flow Uec_2149_314 flowId 394 uecSrc 393 starting at 0
Flow Uec_1057_2834 flowId 395 uecSrc 394 starting at 0
Flow Uec_3202_1367 flowId 396 uecSrc 395 starting at 0
Flow Uec_749_2556 flowId 397 uecSrc 396 starting at 0
Flow Uec_1705_3483 flowId 398 uecSrc 397 starting at 0
Flow Uec_82_1859 flowId 399 uecSrc 398 starting at 0
Flow Uec_2648_798 flowId 400 uecSrc 399 starting at 0
Flow Uec_1660_3448 flowId 401 uecSrc 400 starting at 0
Flow Uec_2770_945 flowId 402 uecSrc 401 starting at 0
Flow Uec_2352_462 flowId 403 uecSrc 402 starting at 0
Flow Uec_3110_1250 flowId 404 uecSrc 403 starting at 0
Flow Uec_1418_3225 flowId 405 uecSrc 404 starting at 0
Flow Uec_259_2061 flowId 406 uecSrc 405 starting at 0
Flow Uec_1408_3244 flowId 407 uecSrc 406 starting at 0
Flow Uec_1166_2991 flowId 408 uecSrc 407 starting at 0
Flow Uec_2257_407 flowId 409 uecSrc 408 starting at 0
Flow Uec_1571_3346 flowId 410 uecSrc 409 starting at 0
Flow Uec_756_2500 flowId 411 uecSrc 410 starting at 0
Flow Uec_3402_1596 flowId 412 uecSrc 411 starting at 0
Flow Uec_832_2649 flowId 413 uecSrc 412 starting at 0
Flow Uec_2791_900 flowId 414 uecSrc 413 starting at 0
Flow Uec_246_1986 flowId 415 uecSrc 414 starting at 0
Flow Uec_2527_672 flowId 416 uecSrc 415 starting at 0
Flow Uec_2307_491 flowId 417 uecSrc 416 starting at 0
Flow Uec_2310_487 flowId 418 uecSrc 417 starting at 0
Flow Uec_2175_306 flowId 419 uecSrc 418 starting at 0
Flow Uec_1461_3221 flowId 420 uecSrc 419 starting at 0
Flow Uec_2606_712 flowId 421 uecSrc 420 starting at 0
Flow Uec_470_2281 flowId 422 uecSrc 421 starting at 0
Flow Uec_1417_3214 flowId 423 uecSrc 422 starting at 0
Flow Uec_1033_2847 flowId 424 uecSrc 423 starting at 0
Flow Uec_16_1836 flowId 425 uecSrc 424 starting at 0
Flow Uec_118_1912 flowId 426 uecSrc 425 starting at 0
Flow Uec_308_2071 flowId 427 uecSrc 426 starting at 0
Flow Uec_230_1989 flowId 428 uecSrc 427 starting at 0
Flow Uec_3397_1564 flowId 429 uecSrc 428 starting at 0
Flow Uec_1273_3024 flowId 430 uecSrc 429 starting at 0
Flow Uec_2170_318 flowId 431 uecSrc 430 starting at 0
Flow Uec_1606_3436 flowId 432 uecSrc 431 starting at 0
Flow Uec_492_2271 flowId 433 uecSrc 432 starting at 0
Flow Uec_2242_417 flowId 434 uecSrc 433 starting at 0
Flow Uec_2829_983 flowId 435 uecSrc 434 starting at 0
Flow Uec_1584_3345 flowId 436 uecSrc 435 starting at 0
Flow Uec_2276_418 flowId 437 uecSrc 436 starting at 0
Flow Uec_3229_1384 flowId 438 uecSrc 437 starting at 0
Flow Uec_1071_2846 flowId 439 uecSrc 438 starting at 0
Flow Uec_255_2037 flowId 440 uecSrc 439 starting at 0
Flow Uec_817_2566 flowId 441 uecSrc 440 starting at 0
Flow Uec_1771_3522 flowId 442 uecSrc 441 starting at 0
Flow Uec_1833_3597 flowId 443 uecSrc 442 starting at 0
Flow Uec_2732_850 flowId 444 uecSrc 443 starting at 0
Flow Uec_2296_390 flowId 445 uecSrc 444 starting at 0
Flow Uec_2543_679 flowId 446 uecSrc 445 starting at 0
Flow Uec_2147_312 flowId 447 uecSrc 446 starting at 0
Flow Uec_1819_3594 flowId 448 uecSrc 447 starting at 0
Flow Uec_678_2435 flowId 449 uecSrc 448 starting at 0
Flow Uec_3351_1488 flowId 450 uecSrc 449 starting at 0
Flow Uec_1643_3406 flowId 451 uecSrc 450 starting at 0
Flow Uec_1364_3175 flowId 452 uecSrc 451 starting at 0
Flow Uec_882_2629 flowId 453 uecSrc 452 starting at 0
Flow Uec_1474_3305 flowId 454 uecSrc 453 starting at 0
Flow Uec_3502_1609 flowId 455 uecSrc 454 starting at 0
Flow Uec_2254_419 flowId 456 uecSrc 455 starting at 0
Flow Uec_722_2534 flowId 457 uecSrc 456 starting at 0
Flow Uec_793_2591 flowId 458 uecSrc 457 starting at 0
Flow Uec_1564_3389 flowId 459 uecSrc 458 starting at 0
Flow Uec_2305_497 flowId 460 uecSrc 459 starting at 0
Flow Uec_2324_456 flowId 461 uecSrc 460 starting at 0
Flow Uec_1628_3398 flowId 462 uecSrc 461 starting at 0
Flow Uec_23_1855 flowId 463 uecSrc 462 starting at 0
Flow Uec_3130_1258 flowId 464 uecSrc 463 starting at 0
Flow Uec_922_2733 flowId 465 uecSrc 464 starting at 0
Flow Uec_2936_1044 flowId 466 uecSrc 465 starting at 0
Flow Uec_1005_2776 flowId 467 uecSrc 466 starting at 0
Flow Uec_1159_2981 flowId 468 uecSrc 467 starting at 0
Flow Uec_751_2496 flowId 469 uecSrc 468 starting at 0
Flow Uec_1899_46 flowId 470 uecSrc 469 starting at 0
Flow Uec_2144_298 flowId 471 uecSrc 470 starting at 0
Flow Uec_1086_2857 flowId 472 uecSrc 471 starting at 0
Flow Uec_2506_659 flowId 473 uecSrc 472 starting at 0
Flow Uec_1095_2926 flowId 474 uecSrc 473 starting at 0
Flow Uec_166_1929 flowId 475 uecSrc 474 starting at 0
Flow Uec_2345_509 flowId 476 uecSrc 475 starting at 0
Flow Uec_234_2031 flowId 477 uecSrc 476 starting at 0
Flow Uec_1251_3055 flowId 478 uecSrc 477 starting at 0
Flow Uec_595_2371 flowId 479 uecSrc 478 starting at 0
Flow Uec_734_2550 flowId 480 uecSrc 479 starting at 0
Flow Uec_3378_1524 flowId 481 uecSrc 480 starting at 0
Flow Uec_3374_1475 flowId 482 uecSrc 481 starting at 0
Flow Uec_584_2410 flowId 483 uecSrc 482 starting at 0
Flow Uec_3430_1544 flowId 484 uecSrc 483 starting at 0
Flow Uec_1803_3594 flowId 485 uecSrc 484 starting at 0
Flow Uec_2523_702 flowId 486 uecSrc 485 starting at 0
Flow Uec_2248_402 flowId 487 uecSrc 486 starting at 0
Flow Uec_3318_1466 flowId 488 uecSrc 487 starting at 0
Flow Uec_660_2439 flowId 489 uecSrc 488 starting at 0
Flow Uec_2978_1143 flowId 490 uecSrc 489 starting at 0
Flow Uec_1649_3440 flowId 491 uecSrc 490 starting at 0
Flow Uec_976_2812 flowId 492 uecSrc 491 starting at 0
Flow Uec_1310_3099 flowId 493 uecSrc 492 starting at 0
Flow Uec_3559_1685 flowId 494 uecSrc 493 starting at 0
Flow Uec_1161_2949 flowId 495 uecSrc 494 starting at 0
Flow Uec_3053_1215 flowId 496 uecSrc 495 starting at 0
Flow Uec_1001_2766 flowId 497 uecSrc 496 starting at 0
Flow Uec_2712_835 flowId 498 uecSrc 497 starting at 0
Flow Uec_982_2809 flowId 499 uecSrc 498 starting at 0
Flow Uec_2365_508 flowId 500 uecSrc 499 starting at 0
Flow Uec_977_2780 flowId 501 uecSrc 500 starting at 0
Flow Uec_197_2030 flowId 502 uecSrc 501 starting at 0
Flow Uec_3392_1579 flowId 503 uecSrc 502 starting at 0
Flow Uec_1252_3031 flowId 504 uecSrc 503 starting at 0
Flow Uec_2285_386 flowId 505 uecSrc 504 starting at 0
Flow Uec_333_2159 flowId 506 uecSrc 505 starting at 0
Flow Uec_3159_1310 flowId 507 uecSrc 506 starting at 0
Flow Uec_427_2187 flowId 508 uecSrc 507 starting at 0
Flow Uec_2266_437 flowId 509 uecSrc 508 starting at 0
Flow Uec_199_2034 flowId 510 uecSrc 509 starting at 0
Flow Uec_2211_366 flowId 511 uecSrc 510 starting at 0
Flow Uec_2472_577 flowId 512 uecSrc 511 starting at 0
Flow Uec_2174_294 flowId 513 uecSrc 512 starting at 0
Flow Uec_292_2103 flowId 514 uecSrc 513 starting at 0
Flow Uec_883_2672 flowId 515 uecSrc 514 starting at 0
Flow Uec_3316_1417 flowId 516 uecSrc 515 starting at 0
Flow Uec_2589_704 flowId 517 uecSrc 516 starting at 0
Flow Uec_270_2065 flowId 518 uecSrc 517 starting at 0
Flow Uec_1339_3082 flowId 519 uecSrc 518 starting at 0
Flow Uec_644_2490 flowId 520 uecSrc 519 starting at 0
Flow Uec_2367_473 flowId 521 uecSrc 520 starting at 0
Flow Uec_3592_1789 flowId 522 uecSrc 521 starting at 0
Flow Uec_2223_377 flowId 523 uecSrc 522 starting at 0
Flow Uec_463_2298 flowId 524 uecSrc 523 starting at 0
Flow Uec_2683_776 flowId 525 uecSrc 524 starting at 0
Flow Uec_3477_1636 flowId 526 uecSrc 525 starting at 0
Flow Uec_2585_733 flowId 527 uecSrc 526 starting at 0
Flow Uec_3538_1679 flowId 528 uecSrc 527 starting at 0
Flow Uec_1270_3033 flowId 529 uecSrc 528 starting at 0
Flow Uec_1081_2858 flowId 530 uecSrc 529 starting at 0
Flow Uec_1343_3100 flowId 531 uecSrc 530 starting at 0
Flow Uec_1658_3453 flowId 532 uecSrc 531 starting at 0
Flow Uec_3578_1727 flowId 533 uecSrc 532 starting at 0
Flow Uec_2716_892 flowId 534 uecSrc 533 starting at 0
Flow Uec_2627_811 flowId 535 uecSrc 534 starting at 0
Flow Uec_2850_1016 flowId 536 uecSrc 535 starting at 0
Flow Uec_1022_2793 flowId 537 uecSrc 536 starting at 0
Flow Uec_2790_915 flowId 538 uecSrc 537 starting at 0
Flow Uec_1520_3310 flowId 539 uecSrc 538 starting at 0
Flow Uec_1773_3547 flowId 540 uecSrc 539 starting at 0
Flow Uec_3148_1281 flowId 541 uecSrc 540 starting at 0
Flow Uec_1656_3444 flowId 542 uecSrc 541 starting at 0
Flow Uec_2444_633 flowId 543 uecSrc 542 starting at 0
Flow Uec_3541_1673 flowId 544 uecSrc 543 starting at 0
Flow Uec_356_2153 flowId 545 uecSrc 544 starting at 0
Flow Uec_1089_2933 flowId 546 uecSrc 545 starting at 0
Flow Uec_369_2141 flowId 547 uecSrc 546 starting at 0
Flow Uec_783_2588 flowId 548 uecSrc 547 starting at 0
Flow Uec_2635_802 flowId 549 uecSrc 548 starting at 0
Flow Uec_3116_1239 flowId 550 uecSrc 549 starting at 0
Flow Uec_1884_7 flowId 551 uecSrc 550 starting at 0
Flow Uec_2685_817 flowId 552 uecSrc 551 starting at 0
Flow Uec_1974_69 flowId 553 uecSrc 552 starting at 0
Flow Uec_2883_1040 flowId 554 uecSrc 553 starting at 0
Flow Uec_1171_2997 flowId 555 uecSrc 554 starting at 0
Flow Uec_1724_3484 flowId 556 uecSrc 555 starting at 0
Flow Uec_2429_548 flowId 557 uecSrc 556 starting at 0
Flow Uec_2511_667 flowId 558 uecSrc 557 starting at 0
Flow Uec_2649_822 flowId 559 uecSrc 558 starting at 0
Flow Uec_2873_1009 flowId 560 uecSrc 559 starting at 0
Flow Uec_1593_3340 flowId 561 uecSrc 560 starting at 0
Flow Uec_3353_1478 flowId 562 uecSrc 561 starting at 0
Flow Uec_667_2466 flowId 563 uecSrc 562 starting at 0
Flow Uec_1601_3442 flowId 564 uecSrc 563 starting at 0
Flow Uec_2148_305 flowId 565 uecSrc 564 starting at 0
Flow Uec_750_2512 flowId 566 uecSrc 565 starting at 0
Flow Uec_107_1917 flowId 567 uecSrc 566 starting at 0
Flow Uec_3046_1173 flowId 568 uecSrc 567 starting at 0
Flow Uec_643_2461 flowId 569 uecSrc 568 starting at 0
Flow Uec_3036_1176 flowId 570 uecSrc 569 starting at 0
Flow Uec_2000_159 flowId 571 uecSrc 570 starting at 0
Flow Uec_2363_452 flowId 572 uecSrc 571 starting at 0
Flow Uec_2985_1140 flowId 573 uecSrc 572 starting at 0
Flow Uec_1847_3591 flowId 574 uecSrc 573 starting at 0
Flow Uec_3539_1669 flowId 575 uecSrc 574 starting at 0
Flow Uec_1300_3132 flowId 576 uecSrc 575 starting at 0
Flow Uec_3542_1712 flowId 577 uecSrc 576 starting at 0
Flow Uec_3248_1381 flowId 578 uecSrc 577 starting at 0
Flow Uec_1192_2973 flowId 579 uecSrc 578 starting at 0
Flow Uec_2459_605 flowId 580 uecSrc 579 starting at 0
Flow Uec_1067_2837 flowId 581 uecSrc 580 starting at 0
Flow Uec_379_2151 flowId 582 uecSrc 581 starting at 0
Flow Uec_2839_991 flowId 583 uecSrc 582 starting at 0
Flow Uec_777_2562 flowId 584 uecSrc 583 starting at 0
Flow Uec_2727_869 flowId 585 uecSrc 584 starting at 0
Flow Uec_2698_886 flowId 586 uecSrc 585 starting at 0
Flow Uec_1472_3280 flowId 587 uecSrc 586 starting at 0
Flow Uec_1508_3301 flowId 588 uecSrc 587 starting at 0
Flow Uec_941_2694 flowId 589 uecSrc 588 starting at 0
Flow Uec_1888_47 flowId 590 uecSrc 589 starting at 0
Flow Uec_3413_1576 flowId 591 uecSrc 590 starting at 0
Flow Uec_3367_1498 flowId 592 uecSrc 591 starting at 0
Flow Uec_428_2200 flowId 593 uecSrc 592 starting at 0
Flow Uec_2536_701 flowId 594 uecSrc 593 starting at 0
Flow Uec_1629_3432 flowId 595 uecSrc 594 starting at 0
Flow Uec_2215_355 flowId 596 uecSrc 595 starting at 0
Flow Uec_3254_1355 flowId 597 uecSrc 596 starting at 0
Flow Uec_2642_770 flowId 598 uecSrc 597 starting at 0
Flow Uec_2723_849 flowId 599 uecSrc 598 starting at 0
Flow Uec_1920_115 flowId 600 uecSrc 599 starting at 0
Flow Uec_2259_431 flowId 601 uecSrc 600 starting at 0
Flow Uec_136_1926 flowId 602 uecSrc 601 starting at 0
Flow Uec_3263_1363 flowId 603 uecSrc 602 starting at 0
Flow Uec_2493_630 flowId 604 uecSrc 603 starting at 0
Flow Uec_1680_3507 flowId 605 uecSrc 604 starting at 0
Flow Uec_524_2335 flowId 606 uecSrc 605 starting at 0
Flow Uec_2385_567 flowId 607 uecSrc 606 starting at 0
Flow Uec_916_2747 flowId 608 uecSrc 607 starting at 0
Flow Uec_3019_1201 flowId 609 uecSrc 608 starting at 0
Flow Uec_577_2377 flowId 610 uecSrc 609 starting at 0
Flow Uec_2435_628 flowId 611 uecSrc 610 starting at 0
Flow Uec_3591_1781 flowId 612 uecSrc 611 starting at 0
Flow Uec_985_2801 flowId 613 uecSrc 612 starting at 0
Flow Uec_2744_836 flowId 614 uecSrc 613 starting at 0
Flow Uec_1280_3081 flowId 615 uecSrc 614 starting at 0
Flow Uec_253_1985 flowId 616 uecSrc 615 starting at 0
Flow Uec_1034_2852 flowId 617 uecSrc 616 starting at 0
Flow Uec_3060_1178 flowId 618 uecSrc 617 starting at 0
Flow Uec_2704_847 flowId 619 uecSrc 618 starting at 0
Flow Uec_1123_2940 flowId 620 uecSrc 619 starting at 0
Flow Uec_3279_1457 flowId 621 uecSrc 620 starting at 0
Flow Uec_2091_238 flowId 622 uecSrc 621 starting at 0
Flow Uec_2512_686 flowId 623 uecSrc 622 starting at 0
Flow Uec_252_2028 flowId 624 uecSrc 623 starting at 0
Flow Uec_2437_579 flowId 625 uecSrc 624 starting at 0
Flow Uec_2769_906 flowId 626 uecSrc 625 starting at 0
Flow Uec_145_1954 flowId 627 uecSrc 626 starting at 0
Flow Uec_1802_3584 flowId 628 uecSrc 627 starting at 0
Flow Uec_3156_1288 flowId 629 uecSrc 628 starting at 0
Flow Uec_3129_1238 flowId 630 uecSrc 629 starting at 0
Flow Uec_3100_1249 flowId 631 uecSrc 630 starting at 0
Flow Uec_1097_2927 flowId 632 uecSrc 631 starting at 0
Flow Uec_1600_3425 flowId 633 uecSrc 632 starting at 0
Flow Uec_736_2511 flowId 634 uecSrc 633 starting at 0
Flow Uec_89_1867 flowId 635 uecSrc 634 starting at 0
Flow Uec_2708_861 flowId 636 uecSrc 635 starting at 0
Flow Uec_938_2700 flowId 637 uecSrc 636 starting at 0
Flow Uec_1747_3566 flowId 638 uecSrc 637 starting at 0
Flow Uec_418_2215 flowId 639 uecSrc 638 starting at 0
Flow Uec_583_2412 flowId 640 uecSrc 639 starting at 0
Flow Uec_2221_372 flowId 641 uecSrc 640 starting at 0
Flow Uec_3399_1599 flowId 642 uecSrc 641 starting at 0
Flow Uec_1761_3573 flowId 643 uecSrc 642 starting at 0
Flow Uec_3408_1582 flowId 644 uecSrc 643 starting at 0
Flow Uec_701_2444 flowId 645 uecSrc 644 starting at 0
Flow Uec_2775_958 flowId 646 uecSrc 645 starting at 0
Flow Uec_1521_3300 flowId 647 uecSrc 646 starting at 0
Flow Uec_2312_506 flowId 648 uecSrc 647 starting at 0
Flow Uec_3228_1401 flowId 649 uecSrc 648 starting at 0
Flow Uec_2673_769 flowId 650 uecSrc 649 starting at 0
Flow Uec_1685_3516 flowId 651 uecSrc 650 starting at 0
Flow Uec_826_2585 flowId 652 uecSrc 651 starting at 0
Flow Uec_3403_1569 flowId 653 uecSrc 652 starting at 0
Flow Uec_2106_205 flowId 654 uecSrc 653 starting at 0
Flow Uec_3364_1517 flowId 655 uecSrc 654 starting at 0
Flow Uec_459_2247 flowId 656 uecSrc 655 starting at 0
Flow Uec_288_2079 flowId 657 uecSrc 656 starting at 0
Flow Uec_1947_72 flowId 658 uecSrc 657 starting at 0
Flow Uec_3193_1343 flowId 659 uecSrc 658 starting at 0
Flow Uec_2465_614 flowId 660 uecSrc 659 starting at 0
Flow Uec_705_2509 flowId 661 uecSrc 660 starting at 0
Flow Uec_295_2088 flowId 662 uecSrc 661 starting at 0
Flow Uec_2229_340 flowId 663 uecSrc 662 starting at 0
Flow Uec_1231_3066 flowId 664 uecSrc 663 starting at 0
Flow Uec_3185_1326 flowId 665 uecSrc 664 starting at 0
Flow Uec_3043_1154 flowId 666 uecSrc 665 starting at 0
Flow Uec_460_2296 flowId 667 uecSrc 666 starting at 0
Flow Uec_2122_286 flowId 668 uecSrc 667 starting at 0
Flow Uec_3534_1665 flowId 669 uecSrc 668 starting at 0
Flow Uec_2197_365 flowId 670 uecSrc 669 starting at 0
Flow Uec_1422_3215 flowId 671 uecSrc 670 starting at 0
Flow Uec_1481_3302 flowId 672 uecSrc 671 starting at 0
Flow Uec_943_2722 flowId 673 uecSrc 672 starting at 0
Flow Uec_3161_1321 flowId 674 uecSrc 673 starting at 0
Flow Uec_2919_1039 flowId 675 uecSrc 674 starting at 0
Flow Uec_3070_1192 flowId 676 uecSrc 675 starting at 0
Flow Uec_1928_74 flowId 677 uecSrc 676 starting at 0
Flow Uec_3055_1205 flowId 678 uecSrc 677 starting at 0
Flow Uec_1431_3202 flowId 679 uecSrc 678 starting at 0
Flow Uec_776_2616 flowId 680 uecSrc 679 starting at 0
Flow Uec_3197_1329 flowId 681 uecSrc 680 starting at 0
Flow Uec_906_2725 flowId 682 uecSrc 681 starting at 0
Flow Uec_2717_894 flowId 683 uecSrc 682 starting at 0
Flow Uec_956_2728 flowId 684 uecSrc 683 starting at 0
Flow Uec_1444_3207 flowId 685 uecSrc 684 starting at 0
Flow Uec_2554_642 flowId 686 uecSrc 685 starting at 0
Flow Uec_2267_404 flowId 687 uecSrc 686 starting at 0
Flow Uec_3479_1624 flowId 688 uecSrc 687 starting at 0
Flow Uec_505_2283 flowId 689 uecSrc 688 starting at 0
Flow Uec_874_2641 flowId 690 uecSrc 689 starting at 0
Flow Uec_2703_863 flowId 691 uecSrc 690 starting at 0
Flow Uec_3415_1574 flowId 692 uecSrc 691 starting at 0
Flow Uec_2322_472 flowId 693 uecSrc 692 starting at 0
Flow Uec_2436_596 flowId 694 uecSrc 693 starting at 0
Flow Uec_2615_746 flowId 695 uecSrc 694 starting at 0
Flow Uec_1182_2989 flowId 696 uecSrc 695 starting at 0
Flow Uec_2348_479 flowId 697 uecSrc 696 starting at 0
Flow Uec_2446_638 flowId 698 uecSrc 697 starting at 0
Flow Uec_340_2172 flowId 699 uecSrc 698 starting at 0
Flow Uec_2168_282 flowId 700 uecSrc 699 starting at 0
Flow Uec_1933_87 flowId 701 uecSrc 700 starting at 0
Flow Uec_2510_674 flowId 702 uecSrc 701 starting at 0
Flow Uec_2298_385 flowId 703 uecSrc 702 starting at 0
Flow Uec_1407_3138 flowId 704 uecSrc 703 starting at 0
Flow Uec_1787_3544 flowId 705 uecSrc 704 starting at 0
Flow Uec_1997_162 flowId 706 uecSrc 705 starting at 0
Flow Uec_2141_280 flowId 707 uecSrc 706 starting at 0
Flow Uec_944_2701 flowId 708 uecSrc 707 starting at 0
Flow Uec_2251_441 flowId 709 uecSrc 708 starting at 0
Flow Uec_559_2352 flowId 710 uecSrc 709 starting at 0
Flow Uec_2014_140 flowId 711 uecSrc 710 starting at 0
Flow Uec_2280_388 flowId 712 uecSrc 711 starting at 0
Flow Uec_1470_3246 flowId 713 uecSrc 712 starting at 0
Flow Uec_1710_3480 flowId 714 uecSrc 713 starting at 0
Flow Uec_438_2226 flowId 715 uecSrc 714 starting at 0
Flow Uec_25_1828 flowId 716 uecSrc 715 starting at 0
Flow Uec_1543_3343 flowId 717 uecSrc 716 starting at 0
Flow Uec_1784_3578 flowId 718 uecSrc 717 starting at 0
Flow Uec_1638_3433 flowId 719 uecSrc 718 starting at 0
Flow Uec_2784_941 flowId 720 uecSrc 719 starting at 0
Flow Uec_42_1817 flowId 721 uecSrc 720 starting at 0
Flow Uec_3222_1396 flowId 722 uecSrc 721 starting at 0
Flow Uec_1446_3249 flowId 723 uecSrc 722 starting at 0
Flow Uec_2375_529 flowId 724 uecSrc 723 starting at 0
Flow Uec_2378_575 flowId 725 uecSrc 724 starting at 0
Flow Uec_639_2398 flowId 726 uecSrc 725 starting at 0
Flow Uec_3347_1479 flowId 727 uecSrc 726 starting at 0
Flow Uec_2497_700 flowId 728 uecSrc 727 starting at 0
Flow Uec_1731_3532 flowId 729 uecSrc 728 starting at 0
Flow Uec_2343_501 flowId 730 uecSrc 729 starting at 0
Flow Uec_2547_662 flowId 731 uecSrc 730 starting at 0
Flow Uec_685_2447 flowId 732 uecSrc 731 starting at 0
Flow Uec_3333_1474 flowId 733 uecSrc 732 starting at 0
Flow Uec_2412_533 flowId 734 uecSrc 733 starting at 0
Flow Uec_547_2366 flowId 735 uecSrc 734 starting at 0
Flow Uec_621_2389 flowId 736 uecSrc 735 starting at 0
Flow Uec_2854_1012 flowId 737 uecSrc 736 starting at 0
Flow Uec_394_2229 flowId 738 uecSrc 737 starting at 0
Flow Uec_177_1981 flowId 739 uecSrc 738 starting at 0
Flow Uec_3264_1469 flowId 740 uecSrc 739 starting at 0
Flow Uec_1120_2907 flowId 741 uecSrc 740 starting at 0
Flow Uec_3292_1432 flowId 742 uecSrc 741 starting at 0
Flow Uec_3325_1426 flowId 743 uecSrc 742 starting at 0
Flow Uec_2440_617 flowId 744 uecSrc 743 starting at 0
Flow Uec_2450_621 flowId 745 uecSrc 744 starting at 0
Flow Uec_191_1927 flowId 746 uecSrc 745 starting at 0
Flow Uec_2994_1099 flowId 747 uecSrc 746 starting at 0
Flow Uec_1362_3185 flowId 748 uecSrc 747 starting at 0
Flow Uec_1239_3046 flowId 749 uecSrc 748 starting at 0
Flow Uec_3496_1611 flowId 750 uecSrc 749 starting at 0
Flow Uec_1980_122 flowId 751 uecSrc 750 starting at 0
Flow Uec_2453_576 flowId 752 uecSrc 751 starting at 0
Flow Uec_877_2637 flowId 753 uecSrc 752 starting at 0
Flow Uec_3412_1556 flowId 754 uecSrc 753 starting at 0
Flow Uec_319_2054 flowId 755 uecSrc 754 starting at 0
Flow Uec_1304_3072 flowId 756 uecSrc 755 starting at 0
Flow Uec_903_2699 flowId 757 uecSrc 756 starting at 0
Flow Uec_12_1806 flowId 758 uecSrc 757 starting at 0
Flow Uec_504_2267 flowId 759 uecSrc 758 starting at 0
Flow Uec_1479_3325 flowId 760 uecSrc 759 starting at 0
Flow Uec_3038_1214 flowId 761 uecSrc 760 starting at 0
Flow Uec_2131_292 flowId 762 uecSrc 761 starting at 0
Flow Uec_3563_1723 flowId 763 uecSrc 762 starting at 0
Flow Uec_1325_3104 flowId 764 uecSrc 763 starting at 0
Flow Uec_1109_2896 flowId 765 uecSrc 764 starting at 0
Flow Uec_85_1895 flowId 766 uecSrc 765 starting at 0
Flow Uec_2576_756 flowId 767 uecSrc 766 starting at 0
Flow Uec_2639_782 flowId 768 uecSrc 767 starting at 0
Flow Uec_1791_3564 flowId 769 uecSrc 768 starting at 0
Flow Uec_2711_865 flowId 770 uecSrc 769 starting at 0
Flow Uec_3511_1610 flowId 771 uecSrc 770 starting at 0
Flow Uec_2433_583 flowId 772 uecSrc 771 starting at 0
Flow Uec_617_2405 flowId 773 uecSrc 772 starting at 0
Flow Uec_20_1816 flowId 774 uecSrc 773 starting at 0
Flow Uec_3232_1348 flowId 775 uecSrc 774 starting at 0
Flow Uec_1119_2888 flowId 776 uecSrc 775 starting at 0
Flow Uec_851_2663 flowId 777 uecSrc 776 starting at 0
Flow Uec_990_2802 flowId 778 uecSrc 777 starting at 0
Flow Uec_2820_993 flowId 779 uecSrc 778 starting at 0
Flow Uec_1344_3151 flowId 780 uecSrc 779 starting at 0
Flow Uec_1083_2821 flowId 781 uecSrc 780 starting at 0
Flow Uec_3273_1446 flowId 782 uecSrc 781 starting at 0
Flow Uec_3368_1512 flowId 783 uecSrc 782 starting at 0
Flow Uec_2425_546 flowId 784 uecSrc 783 starting at 0
Flow Uec_3348_1534 flowId 785 uecSrc 784 starting at 0
Flow Uec_2066_236 flowId 786 uecSrc 785 starting at 0
Flow Uec_3442_1537 flowId 787 uecSrc 786 starting at 0
Flow Uec_2238_347 flowId 788 uecSrc 787 starting at 0
Flow Uec_2939_1050 flowId 789 uecSrc 788 starting at 0
Flow Uec_545_2306 flowId 790 uecSrc 789 starting at 0
Flow Uec_3119_1234 flowId 791 uecSrc 790 starting at 0
Flow Uec_2039_172 flowId 792 uecSrc 791 starting at 0
Flow Uec_370_2134 flowId 793 uecSrc 792 starting at 0
Flow Uec_2735_873 flowId 794 uecSrc 793 starting at 0
Flow Uec_473_2300 flowId 795 uecSrc 794 starting at 0
Flow Uec_2333_483 flowId 796 uecSrc 795 starting at 0
Flow Uec_768_2561 flowId 797 uecSrc 796 starting at 0
Flow Uec_1214_2971 flowId 798 uecSrc 797 starting at 0
Flow Uec_2659_773 flowId 799 uecSrc 798 starting at 0
Flow Uec_1804_3588 flowId 800 uecSrc 799 starting at 0
Flow Uec_1393_3147 flowId 801 uecSrc 800 starting at 0
Flow Uec_2481_593 flowId 802 uecSrc 801 starting at 0
Flow Uec_719_2557 flowId 803 uecSrc 802 starting at 0
Flow Uec_2656_819 flowId 804 uecSrc 803 starting at 0
Flow Uec_1385_3170 flowId 805 uecSrc 804 starting at 0
Flow Uec_1165_3003 flowId 806 uecSrc 805 starting at 0
Flow Uec_3216_1373 flowId 807 uecSrc 806 starting at 0
Flow Uec_2192_364 flowId 808 uecSrc 807 starting at 0
Flow Uec_286_2096 flowId 809 uecSrc 808 starting at 0
Flow Uec_3343_1513 flowId 810 uecSrc 809 starting at 0
Flow Uec_3180_1314 flowId 811 uecSrc 810 starting at 0
Flow Uec_2849_1002 flowId 812 uecSrc 811 starting at 0
Flow Uec_900_2698 flowId 813 uecSrc 812 starting at 0
Flow Uec_3509_1649 flowId 814 uecSrc 813 starting at 0
Flow Uec_796_2576 flowId 815 uecSrc 814 starting at 0
Flow Uec_1616_3451 flowId 816 uecSrc 815 starting at 0
Flow Uec_1367_3146 flowId 817 uecSrc 816 starting at 0
Flow Uec_1207_2984 flowId 818 uecSrc 817 starting at 0
Flow Uec_829_2599 flowId 819 uecSrc 818 starting at 0
Flow Uec_1812_3598 flowId 820 uecSrc 819 starting at 0
Flow Uec_3432_1542 flowId 821 uecSrc 820 starting at 0
Flow Uec_838_2655 flowId 822 uecSrc 821 starting at 0
Flow Uec_2178_356 flowId 823 uecSrc 822 starting at 0
Flow Uec_1574_3359 flowId 824 uecSrc 823 starting at 0
Flow Uec_1764_3523 flowId 825 uecSrc 824 starting at 0
Flow Uec_1852_3588 flowId 826 uecSrc 825 starting at 0
Flow Uec_1448_3218 flowId 827 uecSrc 826 starting at 0
Flow Uec_1614_3414 flowId 828 uecSrc 827 starting at 0
Flow Uec_591_2401 flowId 829 uecSrc 828 starting at 0
Flow Uec_2162_271 flowId 830 uecSrc 829 starting at 0
Flow Uec_1603_3422 flowId 831 uecSrc 830 starting at 0
Flow Uec_3312_1434 flowId 832 uecSrc 831 starting at 0
Flow Uec_3560_1713 flowId 833 uecSrc 832 starting at 0
Flow Uec_37_1833 flowId 834 uecSrc 833 starting at 0
Flow Uec_338_2160 flowId 835 uecSrc 834 starting at 0
Flow Uec_329_2170 flowId 836 uecSrc 835 starting at 0
Flow Uec_2792_938 flowId 837 uecSrc 836 starting at 0
Flow Uec_2403_521 flowId 838 uecSrc 837 starting at 0
Flow Uec_2301_408 flowId 839 uecSrc 838 starting at 0
Flow Uec_788_2577 flowId 840 uecSrc 839 starting at 0
Flow Uec_2281_405 flowId 841 uecSrc 840 starting at 0
Flow Uec_2124_288 flowId 842 uecSrc 841 starting at 0
Flow Uec_1087_2829 flowId 843 uecSrc 842 starting at 0
Flow Uec_2002_134 flowId 844 uecSrc 843 starting at 0
Flow Uec_1589_3378 flowId 845 uecSrc 844 starting at 0
Flow Uec_353_2117 flowId 846 uecSrc 845 starting at 0
Flow Uec_2529_652 flowId 847 uecSrc 846 starting at 0
Flow Uec_2336_511 flowId 848 uecSrc 847 starting at 0
Flow Uec_1657_3416 flowId 849 uecSrc 848 starting at 0
Flow Uec_3594_1770 flowId 850 uecSrc 849 starting at 0
Flow Uec_3236_1357 flowId 851 uecSrc 850 starting at 0
Flow Uec_1513_3318 flowId 852 uecSrc 851 starting at 0
Flow Uec_2842_1010 flowId 853 uecSrc 852 starting at 0
Flow Uec_746_2510 flowId 854 uecSrc 853 starting at 0
Flow Uec_3209_1347 flowId 855 uecSrc 854 starting at 0
Flow Uec_3444_1583 flowId 856 uecSrc 855 starting at 0
Flow Uec_1683_3492 flowId 857 uecSrc 856 starting at 0
Flow Uec_2082_203 flowId 858 uecSrc 857 starting at 0
Flow Uec_3524_1722 flowId 859 uecSrc 858 starting at 0
Flow Uec_2918_1065 flowId 860 uecSrc 859 starting at 0
Flow Uec_1395_3140 flowId 861 uecSrc 860 starting at 0
Flow Uec_763_2524 flowId 862 uecSrc 861 starting at 0
Flow Uec_1277_3054 flowId 863 uecSrc 862 starting at 0
Flow Uec_1971_97 flowId 864 uecSrc 863 starting at 0
Flow Uec_1605_3430 flowId 865 uecSrc 864 starting at 0
Flow Uec_45_1850 flowId 866 uecSrc 865 starting at 0
Flow Uec_1215_2968 flowId 867 uecSrc 866 starting at 0
Flow Uec_1074_2848 flowId 868 uecSrc 867 starting at 0
Flow Uec_212_2009 flowId 869 uecSrc 868 starting at 0
Flow Uec_2070_246 flowId 870 uecSrc 869 starting at 0
Flow Uec_3140_1327 flowId 871 uecSrc 870 starting at 0
Flow Uec_2881_1083 flowId 872 uecSrc 871 starting at 0
Flow Uec_2136_281 flowId 873 uecSrc 872 starting at 0
Flow Uec_1672_3479 flowId 874 uecSrc 873 starting at 0
Flow Uec_1570_3353 flowId 875 uecSrc 874 starting at 0
Flow Uec_2953_1130 flowId 876 uecSrc 875 starting at 0
Flow Uec_76_1880 flowId 877 uecSrc 876 starting at 0
Flow Uec_2150_256 flowId 878 uecSrc 877 starting at 0
Flow Uec_942_2744 flowId 879 uecSrc 878 starting at 0
Flow Uec_2824_1014 flowId 880 uecSrc 879 starting at 0
Flow Uec_791_2606 flowId 881 uecSrc 880 starting at 0
Flow Uec_2809_946 flowId 882 uecSrc 881 starting at 0
Flow Uec_1062_2878 flowId 883 uecSrc 882 starting at 0
Flow Uec_2117_274 flowId 884 uecSrc 883 starting at 0
Flow Uec_1742_3561 flowId 885 uecSrc 884 starting at 0
Flow Uec_291_2076 flowId 886 uecSrc 885 starting at 0
Flow Uec_690_2455 flowId 887 uecSrc 886 starting at 0
Flow Uec_3315_1418 flowId 888 uecSrc 887 starting at 0
Flow Uec_2128_296 flowId 889 uecSrc 888 starting at 0
Flow Uec_204_2047 flowId 890 uecSrc 889 starting at 0
Flow Uec_3235_1402 flowId 891 uecSrc 890 starting at 0
Flow Uec_655_2457 flowId 892 uecSrc 891 starting at 0
Flow Uec_1394_3165 flowId 893 uecSrc 892 starting at 0
Flow Uec_2540_656 flowId 894 uecSrc 893 starting at 0
Flow Uec_1510_3314 flowId 895 uecSrc 894 starting at 0
Flow Uec_522_2361 flowId 896 uecSrc 895 starting at 0
Flow Uec_1904_5 flowId 897 uecSrc 896 starting at 0
Flow Uec_3521_1726 flowId 898 uecSrc 897 starting at 0
Flow Uec_2249_406 flowId 899 uecSrc 898 starting at 0
Flow Uec_3012_1165 flowId 900 uecSrc 899 starting at 0
Flow Uec_2207_331 flowId 901 uecSrc 900 starting at 0
Flow Uec_1114_2934 flowId 902 uecSrc 901 starting at 0
Flow Uec_1401_3199 flowId 903 uecSrc 902 starting at 0
Flow Uec_2346_477 flowId 904 uecSrc 903 starting at 0
Flow Uec_2709_843 flowId 905 uecSrc 904 starting at 0
Flow Uec_2334_484 flowId 906 uecSrc 905 starting at 0
Flow Uec_1519_3319 flowId 907 uecSrc 906 starting at 0
Flow Uec_2283_438 flowId 908 uecSrc 907 starting at 0
Flow Uec_3569_1717 flowId 909 uecSrc 908 starting at 0
Flow Uec_1753_3527 flowId 910 uecSrc 909 starting at 0
Flow Uec_706_2546 flowId 911 uecSrc 910 starting at 0
Flow Uec_1380_3137 flowId 912 uecSrc 911 starting at 0
Flow Uec_2590_753 flowId 913 uecSrc 912 starting at 0
Flow Uec_2786_930 flowId 914 uecSrc 913 starting at 0
Flow Uec_1999_133 flowId 915 uecSrc 914 starting at 0
Flow Uec_1495_3291 flowId 916 uecSrc 915 starting at 0
Flow Uec_1720_3512 flowId 917 uecSrc 916 starting at 0
Flow Uec_159_1951 flowId 918 uecSrc 917 starting at 0
Flow Uec_1588_3352 flowId 919 uecSrc 918 starting at 0
Flow Uec_1883_18 flowId 920 uecSrc 919 starting at 0
Flow Uec_2443_578 flowId 921 uecSrc 920 starting at 0
Flow Uec_2482_629 flowId 922 uecSrc 921 starting at 0
Flow Uec_3293_1433 flowId 923 uecSrc 922 starting at 0
Flow Uec_3418_1554 flowId 924 uecSrc 923 starting at 0
Flow Uec_626_2385 flowId 925 uecSrc 924 starting at 0
Flow Uec_650_2472 flowId 926 uecSrc 925 starting at 0
Flow Uec_1673_3478 flowId 927 uecSrc 926 starting at 0
Flow Uec_1955_104 flowId 928 uecSrc 927 starting at 0
Flow Uec_1862_60 flowId 929 uecSrc 928 starting at 0
Flow Uec_3002_1129 flowId 930 uecSrc 929 starting at 0
Flow Uec_1036_2828 flowId 931 uecSrc 930 starting at 0
Flow Uec_2625_778 flowId 932 uecSrc 931 starting at 0
Flow Uec_2195_327 flowId 933 uecSrc 932 starting at 0
Flow Uec_813_2571 flowId 934 uecSrc 933 starting at 0
Flow Uec_2598_729 flowId 935 uecSrc 934 starting at 0
Flow Uec_2633_812 flowId 936 uecSrc 935 starting at 0
Flow Uec_1885_50 flowId 937 uecSrc 936 starting at 0
Flow Uec_2532_648 flowId 938 uecSrc 937 starting at 0
Flow Uec_127_1907 flowId 939 uecSrc 938 starting at 0
Flow Uec_1296_3094 flowId 940 uecSrc 939 starting at 0
Flow Uec_3146_1312 flowId 941 uecSrc 940 starting at 0
Flow Uec_574_2348 flowId 942 uecSrc 941 starting at 0
Flow Uec_530_2327 flowId 943 uecSrc 942 starting at 0
Flow Uec_980_2754 flowId 944 uecSrc 943 starting at 0
Flow Uec_2603_748 flowId 945 uecSrc 944 starting at 0
Flow Uec_770_2612 flowId 946 uecSrc 945 starting at 0
Flow Uec_1189_2977 flowId 947 uecSrc 946 starting at 0
Flow Uec_2166_276 flowId 948 uecSrc 947 starting at 0
Flow Uec_2275_413 flowId 949 uecSrc 948 starting at 0
Flow Uec_311_2090 flowId 950 uecSrc 949 starting at 0
Flow Uec_691_2458 flowId 951 uecSrc 950 starting at 0
Flow Uec_3270_1421 flowId 952 uecSrc 951 starting at 0
Flow Uec_399_2213 flowId 953 uecSrc 952 starting at 0
Flow Uec_3501_1631 flowId 954 uecSrc 953 starting at 0
Flow Uec_1208_2992 flowId 955 uecSrc 954 starting at 0
Flow Uec_1147_2930 flowId 956 uecSrc 955 starting at 0
Flow Uec_2479_604 flowId 957 uecSrc 956 starting at 0
Flow Uec_2958_1096 flowId 958 uecSrc 957 starting at 0
Flow Uec_3584_1777 flowId 959 uecSrc 958 starting at 0
Flow Uec_3311_1438 flowId 960 uecSrc 959 starting at 0
Flow Uec_1118_2931 flowId 961 uecSrc 960 starting at 0
Flow Uec_661_2495 flowId 962 uecSrc 961 starting at 0
Flow Uec_2183_323 flowId 963 uecSrc 962 starting at 0
Flow Uec_760_2503 flowId 964 uecSrc 963 starting at 0
Flow Uec_34_1793 flowId 965 uecSrc 964 starting at 0
Flow Uec_2705_893 flowId 966 uecSrc 965 starting at 0
Flow Uec_2193_336 flowId 967 uecSrc 966 starting at 0
Flow Uec_447_2197 flowId 968 uecSrc 967 starting at 0
Flow Uec_1054_2816 flowId 969 uecSrc 968 starting at 0
Flow Uec_3021_1193 flowId 970 uecSrc 969 starting at 0
Flow Uec_885_2658 flowId 971 uecSrc 970 starting at 0
Flow Uec_2156_299 flowId 972 uecSrc 971 starting at 0
Flow Uec_1491_3294 flowId 973 uecSrc 972 starting at 0
Flow Uec_154_1962 flowId 974 uecSrc 973 starting at 0
Flow Uec_436_2212 flowId 975 uecSrc 974 starting at 0
Flow Uec_1674_3468 flowId 976 uecSrc 975 starting at 0
Flow Uec_1379_3171 flowId 977 uecSrc 976 starting at 0
Flow Uec_2687_829 flowId 978 uecSrc 977 starting at 0
Flow Uec_51_1830 flowId 979 uecSrc 978 starting at 0
Flow Uec_495_2244 flowId 980 uecSrc 979 starting at 0
Flow Uec_2743_888 flowId 981 uecSrc 980 starting at 0
Flow Uec_598_2429 flowId 982 uecSrc 981 starting at 0
Flow Uec_2376_525 flowId 983 uecSrc 982 starting at 0
Flow Uec_71_1869 flowId 984 uecSrc 983 starting at 0
Flow Uec_1967_126 flowId 985 uecSrc 984 starting at 0
Flow Uec_3589_1765 flowId 986 uecSrc 985 starting at 0
Flow Uec_1670_3505 flowId 987 uecSrc 986 starting at 0
Flow Uec_366_2129 flowId 988 uecSrc 987 starting at 0
Flow Uec_2768_912 flowId 989 uecSrc 988 starting at 0
Flow Uec_2751_868 flowId 990 uecSrc 989 starting at 0
Flow Uec_3481_1653 flowId 991 uecSrc 990 starting at 0
Flow Uec_123_1897 flowId 992 uecSrc 991 starting at 0
Flow Uec_1411_3250 flowId 993 uecSrc 992 starting at 0
Flow Uec_72_1860 flowId 994 uecSrc 993 starting at 0
Flow Uec_3041_1195 flowId 995 uecSrc 994 starting at 0
Flow Uec_2139_293 flowId 996 uecSrc 995 starting at 0
Flow Uec_2630_791 flowId 997 uecSrc 996 starting at 0
Flow Uec_387_2196 flowId 998 uecSrc 997 starting at 0
Flow Uec_2515_644 flowId 999 uecSrc 998 starting at 0
Flow Uec_2165_266 flowId 1000 uecSrc 999 starting at 0
Flow Uec_2240_395 flowId 1001 uecSrc 1000 starting at 0
Flow Uec_2568_721 flowId 1002 uecSrc 1001 starting at 0
Flow Uec_731_2543 flowId 1003 uecSrc 1002 starting at 0
Flow Uec_1204_2969 flowId 1004 uecSrc 1003 starting at 0
Flow Uec_871_2628 flowId 1005 uecSrc 1004 starting at 0
Flow Uec_2610_737 flowId 1006 uecSrc 1005 starting at 0
Flow Uec_1738_3555 flowId 1007 uecSrc 1006 starting at 0
Flow Uec_2427_512 flowId 1008 uecSrc 1007 starting at 0
Flow Uec_2592_747 flowId 1009 uecSrc 1008 starting at 0
Flow Uec_824_2605 flowId 1010 uecSrc 1009 starting at 0
Flow Uec_217_2040 flowId 1011 uecSrc 1010 starting at 0
Flow Uec_835_2671 flowId 1012 uecSrc 1011 starting at 0
Flow Uec_645_2480 flowId 1013 uecSrc 1012 starting at 0
Flow Uec_2069_200 flowId 1014 uecSrc 1013 starting at 0
Flow Uec_1179_2955 flowId 1015 uecSrc 1014 starting at 0
Flow Uec_2105_235 flowId 1016 uecSrc 1015 starting at 0
Flow Uec_1437_3245 flowId 1017 uecSrc 1016 starting at 0
Flow Uec_8_1822 flowId 1018 uecSrc 1017 starting at 0
Flow Uec_917_2690 flowId 1019 uecSrc 1018 starting at 0
Flow Uec_676_2443 flowId 1020 uecSrc 1019 starting at 0
Flow Uec_2670_775 flowId 1021 uecSrc 1020 starting at 0
Flow Uec_2583_717 flowId 1022 uecSrc 1021 starting at 0
Flow Uec_3277_1411 flowId 1023 uecSrc 1022 starting at 0
Flow Uec_198_2033 flowId 1024 uecSrc 1023 starting at 0
Flow Uec_692_2489 flowId 1025 uecSrc 1024 starting at 0
Flow Uec_975_2775 flowId 1026 uecSrc 1025 starting at 0
Flow Uec_443_2221 flowId 1027 uecSrc 1026 starting at 0
Flow Uec_2480_587 flowId 1028 uecSrc 1027 starting at 0
Flow Uec_2715_844 flowId 1029 uecSrc 1028 starting at 0
Flow Uec_837_2652 flowId 1030 uecSrc 1029 starting at 0
Flow Uec_2634_816 flowId 1031 uecSrc 1030 starting at 0
Flow Uec_69_1881 flowId 1032 uecSrc 1031 starting at 0
Flow Uec_3223_1380 flowId 1033 uecSrc 1032 starting at 0
Flow Uec_2392_568 flowId 1034 uecSrc 1033 starting at 0
Flow Uec_812_2584 flowId 1035 uecSrc 1034 starting at 0
Flow Uec_1828_3598 flowId 1036 uecSrc 1035 starting at 0
Flow Uec_168_1972 flowId 1037 uecSrc 1036 starting at 0
Flow Uec_3095_1221 flowId 1038 uecSrc 1037 starting at 0
Flow Uec_1866_57 flowId 1039 uecSrc 1038 starting at 0
Flow Uec_2114_303 flowId 1040 uecSrc 1039 starting at 0
Flow Uec_1609_3443 flowId 1041 uecSrc 1040 starting at 0
Flow Uec_767_2553 flowId 1042 uecSrc 1041 starting at 0
Flow Uec_1757_3574 flowId 1043 uecSrc 1042 starting at 0
Flow Uec_3597_1759 flowId 1044 uecSrc 1043 starting at 0
Flow Uec_1522_3296 flowId 1045 uecSrc 1044 starting at 0
Flow Uec_493_2299 flowId 1046 uecSrc 1045 starting at 0
Flow Uec_3142_1342 flowId 1047 uecSrc 1046 starting at 0
Flow Uec_1560_3350 flowId 1048 uecSrc 1047 starting at 0
Flow Uec_1102_2899 flowId 1049 uecSrc 1048 starting at 0
Flow Uec_1688_3473 flowId 1050 uecSrc 1049 starting at 0
Flow Uec_1663_3408 flowId 1051 uecSrc 1050 starting at 0
Flow Uec_607_2424 flowId 1052 uecSrc 1051 starting at 0
Flow Uec_2638_813 flowId 1053 uecSrc 1052 starting at 0
Flow Uec_2203_342 flowId 1054 uecSrc 1053 starting at 0
Flow Uec_737_2526 flowId 1055 uecSrc 1054 starting at 0
Flow Uec_28_1842 flowId 1056 uecSrc 1055 starting at 0
Flow Uec_684_2477 flowId 1057 uecSrc 1056 starting at 0
Flow Uec_2177_334 flowId 1058 uecSrc 1057 starting at 0
Flow Uec_3181_1286 flowId 1059 uecSrc 1058 starting at 0
Flow Uec_560_2355 flowId 1060 uecSrc 1059 starting at 0
Flow Uec_2776_903 flowId 1061 uecSrc 1060 starting at 0
Flow Uec_2415_572 flowId 1062 uecSrc 1061 starting at 0
Flow Uec_169_1957 flowId 1063 uecSrc 1062 starting at 0
Flow Uec_86_1858 flowId 1064 uecSrc 1063 starting at 0
Flow Uec_1669_3485 flowId 1065 uecSrc 1064 starting at 0
Flow Uec_3484_1638 flowId 1066 uecSrc 1065 starting at 0
Flow Uec_1944_127 flowId 1067 uecSrc 1066 starting at 0
Flow Uec_2255_416 flowId 1068 uecSrc 1067 starting at 0
Flow Uec_2877_992 flowId 1069 uecSrc 1068 starting at 0
Flow Uec_3433_1555 flowId 1070 uecSrc 1069 starting at 0
Flow Uec_798_2597 flowId 1071 uecSrc 1070 starting at 0
Flow Uec_1756_3538 flowId 1072 uecSrc 1071 starting at 0
Flow Uec_294_2091 flowId 1073 uecSrc 1072 starting at 0
Flow Uec_641_2474 flowId 1074 uecSrc 1073 starting at 0
Flow Uec_779_2578 flowId 1075 uecSrc 1074 starting at 0
Flow Uec_1140_2918 flowId 1076 uecSrc 1075 starting at 0
Flow Uec_454_2288 flowId 1077 uecSrc 1076 starting at 0
Flow Uec_2581_711 flowId 1078 uecSrc 1077 starting at 0
Flow Uec_237_2029 flowId 1079 uecSrc 1078 starting at 0
Flow Uec_1694_3494 flowId 1080 uecSrc 1079 starting at 0
Flow Uec_1612_3441 flowId 1081 uecSrc 1080 starting at 0
Flow Uec_3210_1350 flowId 1082 uecSrc 1081 starting at 0
Flow Uec_1266_3058 flowId 1083 uecSrc 1082 starting at 0
Flow Uec_2350_467 flowId 1084 uecSrc 1083 starting at 0
Flow Uec_1425_3255 flowId 1085 uecSrc 1084 starting at 0
Flow Uec_2359_481 flowId 1086 uecSrc 1085 starting at 0
Flow Uec_3162_1324 flowId 1087 uecSrc 1086 starting at 0
Flow Uec_2107_253 flowId 1088 uecSrc 1087 starting at 0
Flow Uec_485_2290 flowId 1089 uecSrc 1088 starting at 0
Flow Uec_3052_1187 flowId 1090 uecSrc 1089 starting at 0
Flow Uec_1427_3210 flowId 1091 uecSrc 1090 starting at 0
Flow Uec_228_2041 flowId 1092 uecSrc 1091 starting at 0
Flow Uec_1389_3187 flowId 1093 uecSrc 1092 starting at 0
Flow Uec_2382_559 flowId 1094 uecSrc 1093 starting at 0
Flow Uec_1566_3362 flowId 1095 uecSrc 1094 starting at 0
Flow Uec_1193_2959 flowId 1096 uecSrc 1095 starting at 0
Flow Uec_268_2075 flowId 1097 uecSrc 1096 starting at 0
Flow Uec_2788_905 flowId 1098 uecSrc 1097 starting at 0
Flow Uec_1942_107 flowId 1099 uecSrc 1098 starting at 0
Flow Uec_1714_3482 flowId 1100 uecSrc 1099 starting at 0
Flow Uec_1722_3499 flowId 1101 uecSrc 1100 starting at 0
Flow Uec_1963_110 flowId 1102 uecSrc 1101 starting at 0
Flow Uec_1723_3518 flowId 1103 uecSrc 1102 starting at 0
Flow Uec_1902_9 flowId 1104 uecSrc 1103 starting at 0
Flow Uec_2947_1098 flowId 1105 uecSrc 1104 starting at 0
Flow Uec_1544_3332 flowId 1106 uecSrc 1105 starting at 0
Flow Uec_219_1997 flowId 1107 uecSrc 1106 starting at 0
Flow Uec_3331_1518 flowId 1108 uecSrc 1107 starting at 0
Flow Uec_945_2707 flowId 1109 uecSrc 1108 starting at 0
Flow Uec_1331_3118 flowId 1110 uecSrc 1109 starting at 0
Flow Uec_1416_3220 flowId 1111 uecSrc 1110 starting at 0
Flow Uec_433_2236 flowId 1112 uecSrc 1111 starting at 0
Flow Uec_2034_180 flowId 1113 uecSrc 1112 starting at 0
Flow Uec_131_1976 flowId 1114 uecSrc 1113 starting at 0
Flow Uec_150_1967 flowId 1115 uecSrc 1114 starting at 0
Flow Uec_97_1914 flowId 1116 uecSrc 1115 starting at 0
Flow Uec_1191_2999 flowId 1117 uecSrc 1116 starting at 0
Flow Uec_2664_804 flowId 1118 uecSrc 1117 starting at 0
Flow Uec_978_2805 flowId 1119 uecSrc 1118 starting at 0
Flow Uec_2800_957 flowId 1120 uecSrc 1119 starting at 0
Flow Uec_3079_1251 flowId 1121 uecSrc 1120 starting at 0
Flow Uec_1623_3400 flowId 1122 uecSrc 1121 starting at 0
Flow Uec_3376_1484 flowId 1123 uecSrc 1122 starting at 0
Flow Uec_2007_152 flowId 1124 uecSrc 1123 starting at 0
Flow Uec_95_1882 flowId 1125 uecSrc 1124 starting at 0
Flow Uec_1905_29 flowId 1126 uecSrc 1125 starting at 0
Flow Uec_101_1886 flowId 1127 uecSrc 1126 starting at 0
Flow Uec_3147_1301 flowId 1128 uecSrc 1127 starting at 0
Flow Uec_183_1983 flowId 1129 uecSrc 1128 starting at 0
Flow Uec_3102_1235 flowId 1130 uecSrc 1129 starting at 0
Flow Uec_3003_1090 flowId 1131 uecSrc 1130 starting at 0
Flow Uec_1858_2 flowId 1132 uecSrc 1131 starting at 0
Flow Uec_633_2391 flowId 1133 uecSrc 1132 starting at 0
Flow Uec_3170_1289 flowId 1134 uecSrc 1133 starting at 0
Flow Uec_853_2654 flowId 1135 uecSrc 1134 starting at 0
Flow Uec_283_2086 flowId 1136 uecSrc 1135 starting at 0
Flow Uec_3568_1704 flowId 1137 uecSrc 1136 starting at 0
Flow Uec_998_2785 flowId 1138 uecSrc 1137 starting at 0
Flow Uec_786_2560 flowId 1139 uecSrc 1138 starting at 0
Flow Uec_593_2415 flowId 1140 uecSrc 1139 starting at 0
Flow Uec_1615_3393 flowId 1141 uecSrc 1140 starting at 0
Flow Uec_896_2732 flowId 1142 uecSrc 1141 starting at 0
Flow Uec_2973_1113 flowId 1143 uecSrc 1142 starting at 0
Flow Uec_2381_536 flowId 1144 uecSrc 1143 starting at 0
Flow Uec_3361_1535 flowId 1145 uecSrc 1144 starting at 0
Flow Uec_2391_515 flowId 1146 uecSrc 1145 starting at 0
Flow Uec_2001_167 flowId 1147 uecSrc 1146 starting at 0
Flow Uec_2701_838 flowId 1148 uecSrc 1147 starting at 0
Flow Uec_2351_455 flowId 1149 uecSrc 1148 starting at 0
Flow Uec_411_2209 flowId 1150 uecSrc 1149 starting at 0
Flow Uec_3081_1274 flowId 1151 uecSrc 1150 starting at 0
Flow Uec_3033_1206 flowId 1152 uecSrc 1151 starting at 0
Flow Uec_2754_910 flowId 1153 uecSrc 1152 starting at 0
Flow Uec_1388_3153 flowId 1154 uecSrc 1153 starting at 0
Flow Uec_1289_3098 flowId 1155 uecSrc 1154 starting at 0
Flow Uec_2387_544 flowId 1156 uecSrc 1155 starting at 0
Flow Uec_1700_3506 flowId 1157 uecSrc 1156 starting at 0
Flow Uec_1_1813 flowId 1158 uecSrc 1157 starting at 0
Flow Uec_1523_3269 flowId 1159 uecSrc 1158 starting at 0
Flow Uec_111_1904 flowId 1160 uecSrc 1159 starting at 0
Flow Uec_2098_193 flowId 1161 uecSrc 1160 starting at 0
Flow Uec_3565_1700 flowId 1162 uecSrc 1161 starting at 0
Flow Uec_601_2370 flowId 1163 uecSrc 1162 starting at 0
Flow Uec_1585_3339 flowId 1164 uecSrc 1163 starting at 0
Flow Uec_1528_3281 flowId 1165 uecSrc 1164 starting at 0
Flow Uec_611_2425 flowId 1166 uecSrc 1165 starting at 0
Flow Uec_1412_3211 flowId 1167 uecSrc 1166 starting at 0
Flow Uec_3505_1655 flowId 1168 uecSrc 1167 starting at 0
Flow Uec_1864_31 flowId 1169 uecSrc 1168 starting at 0
Flow Uec_2063_245 flowId 1170 uecSrc 1169 starting at 0
Flow Uec_3136_1284 flowId 1171 uecSrc 1170 starting at 0
Flow Uec_3001_1121 flowId 1172 uecSrc 1171 starting at 0
Flow Uec_2304_448 flowId 1173 uecSrc 1172 starting at 0
Flow Uec_220_1996 flowId 1174 uecSrc 1173 starting at 0
Flow Uec_1953_123 flowId 1175 uecSrc 1174 starting at 0
Flow Uec_2594_755 flowId 1176 uecSrc 1175 starting at 0
Flow Uec_728_2542 flowId 1177 uecSrc 1176 starting at 0
Flow Uec_1972_81 flowId 1178 uecSrc 1177 starting at 0
Flow Uec_400_2228 flowId 1179 uecSrc 1178 starting at 0
Flow Uec_3281_1409 flowId 1180 uecSrc 1179 starting at 0
Flow Uec_787_2563 flowId 1181 uecSrc 1180 starting at 0
Flow Uec_3022_1194 flowId 1182 uecSrc 1181 starting at 0
Flow Uec_2720_872 flowId 1183 uecSrc 1182 starting at 0
Flow Uec_984_2778 flowId 1184 uecSrc 1183 starting at 0
Flow Uec_2929_1078 flowId 1185 uecSrc 1184 starting at 0
Flow Uec_2970_1112 flowId 1186 uecSrc 1185 starting at 0
Flow Uec_2780_952 flowId 1187 uecSrc 1186 starting at 0
Flow Uec_3535_1664 flowId 1188 uecSrc 1187 starting at 0
Flow Uec_1929_105 flowId 1189 uecSrc 1188 starting at 0
Flow Uec_1829_3589 flowId 1190 uecSrc 1189 starting at 0
Flow Uec_3182_1293 flowId 1191 uecSrc 1190 starting at 0
Flow Uec_317_2074 flowId 1192 uecSrc 1191 starting at 0
Flow Uec_266_2053 flowId 1193 uecSrc 1192 starting at 0
Flow Uec_2235_325 flowId 1194 uecSrc 1193 starting at 0
Flow Uec_1790_3577 flowId 1195 uecSrc 1194 starting at 0
Flow Uec_3398_1561 flowId 1196 uecSrc 1195 starting at 0
Flow Uec_2692_879 flowId 1197 uecSrc 1196 starting at 0
Flow Uec_318_2104 flowId 1198 uecSrc 1197 starting at 0
Flow Uec_2024_146 flowId 1199 uecSrc 1198 starting at 0
Flow Uec_1457_3204 flowId 1200 uecSrc 1199 starting at 0
Flow Uec_1220_3018 flowId 1201 uecSrc 1200 starting at 0
Flow Uec_1856_25 flowId 1202 uecSrc 1201 starting at 0
Flow Uec_2567_744 flowId 1203 uecSrc 1202 starting at 0
Flow Uec_2326_499 flowId 1204 uecSrc 1203 starting at 0
Flow Uec_2651_768 flowId 1205 uecSrc 1204 starting at 0
Flow Uec_1048_2876 flowId 1206 uecSrc 1205 starting at 0
Flow Uec_1869_16 flowId 1207 uecSrc 1206 starting at 0
Flow Uec_1363_3188 flowId 1208 uecSrc 1207 starting at 0
Flow Uec_2773_934 flowId 1209 uecSrc 1208 starting at 0
Flow Uec_1291_3075 flowId 1210 uecSrc 1209 starting at 0
Flow Uec_1591_3390 flowId 1211 uecSrc 1210 starting at 0
Flow Uec_1665_3504 flowId 1212 uecSrc 1211 starting at 0
Flow Uec_2734_855 flowId 1213 uecSrc 1212 starting at 0
Flow Uec_2133_310 flowId 1214 uecSrc 1213 starting at 0
Flow Uec_2457_580 flowId 1215 uecSrc 1214 starting at 0
Flow Uec_331_2131 flowId 1216 uecSrc 1215 starting at 0
Flow Uec_3585_1752 flowId 1217 uecSrc 1216 starting at 0
Flow Uec_2862_999 flowId 1218 uecSrc 1217 starting at 0
Flow Uec_2629_809 flowId 1219 uecSrc 1218 starting at 0
Flow Uec_2151_291 flowId 1220 uecSrc 1219 starting at 0
Flow Uec_747_2518 flowId 1221 uecSrc 1220 starting at 0
Flow Uec_2424_556 flowId 1222 uecSrc 1221 starting at 0
Flow Uec_2608_722 flowId 1223 uecSrc 1222 starting at 0
Flow Uec_1751_3551 flowId 1224 uecSrc 1223 starting at 0
Flow Uec_80_1894 flowId 1225 uecSrc 1224 starting at 0
Flow Uec_1309_3080 flowId 1226 uecSrc 1225 starting at 0
Flow Uec_3328_1476 flowId 1227 uecSrc 1226 starting at 0
Flow Uec_2519_654 flowId 1228 uecSrc 1227 starting at 0
Flow Uec_1438_3241 flowId 1229 uecSrc 1228 starting at 0
Flow Uec_1825_3587 flowId 1230 uecSrc 1229 starting at 0
Flow Uec_3582_1719 flowId 1231 uecSrc 1230 starting at 0
Flow Uec_1867_32 flowId 1232 uecSrc 1231 starting at 0
Flow Uec_1845_3589 flowId 1233 uecSrc 1232 starting at 0
Flow Uec_227_2007 flowId 1234 uecSrc 1233 starting at 0
Flow Uec_2739_867 flowId 1235 uecSrc 1234 starting at 0
Flow Uec_3011_1189 flowId 1236 uecSrc 1235 starting at 0
Flow Uec_972_2772 flowId 1237 uecSrc 1236 starting at 0
Flow Uec_2740_862 flowId 1238 uecSrc 1237 starting at 0
Flow Uec_962_2790 flowId 1239 uecSrc 1238 starting at 0
Flow Uec_2640_783 flowId 1240 uecSrc 1239 starting at 0
Flow Uec_677_2484 flowId 1241 uecSrc 1240 starting at 0
Flow Uec_3212_1390 flowId 1242 uecSrc 1241 starting at 0
Flow Uec_1889_21 flowId 1243 uecSrc 1242 starting at 0
Flow Uec_1736_3548 flowId 1244 uecSrc 1243 starting at 0
Flow Uec_1345_3191 flowId 1245 uecSrc 1244 starting at 0
Flow Uec_2753_928 flowId 1246 uecSrc 1245 starting at 0
Flow Uec_3512_1607 flowId 1247 uecSrc 1246 starting at 0
Flow Uec_860_2678 flowId 1248 uecSrc 1247 starting at 0
Flow Uec_2852_979 flowId 1249 uecSrc 1248 starting at 0
Flow Uec_2943_1029 flowId 1250 uecSrc 1249 starting at 0
Flow Uec_2217_381 flowId 1251 uecSrc 1250 starting at 0
Flow Uec_2863_980 flowId 1252 uecSrc 1251 starting at 0
Flow Uec_275_2097 flowId 1253 uecSrc 1252 starting at 0
Flow Uec_3472_1659 flowId 1254 uecSrc 1253 starting at 0
Flow Uec_2861_978 flowId 1255 uecSrc 1254 starting at 0
Flow Uec_1471_3254 flowId 1256 uecSrc 1255 starting at 0
Flow Uec_748_2538 flowId 1257 uecSrc 1256 starting at 0
Flow Uec_2073_217 flowId 1258 uecSrc 1257 starting at 0
Flow Uec_638_2431 flowId 1259 uecSrc 1258 starting at 0
Flow Uec_2699_857 flowId 1260 uecSrc 1259 starting at 0
Flow Uec_3543_1710 flowId 1261 uecSrc 1260 starting at 0
Flow Uec_1333_3108 flowId 1262 uecSrc 1261 starting at 0
Flow Uec_764_2502 flowId 1263 uecSrc 1262 starting at 0
Flow Uec_446_2233 flowId 1264 uecSrc 1263 starting at 0
Flow Uec_1010_2759 flowId 1265 uecSrc 1264 starting at 0
Flow Uec_589_2384 flowId 1266 uecSrc 1265 starting at 0
Flow Uec_3200_1376 flowId 1267 uecSrc 1266 starting at 0
Flow Uec_1556_3365 flowId 1268 uecSrc 1267 starting at 0
Flow Uec_924_2717 flowId 1269 uecSrc 1268 starting at 0
Flow Uec_1020_2787 flowId 1270 uecSrc 1269 starting at 0
Flow Uec_3069_1179 flowId 1271 uecSrc 1270 starting at 0
Flow Uec_2344_500 flowId 1272 uecSrc 1271 starting at 0
Flow Uec_2220_348 flowId 1273 uecSrc 1272 starting at 0
Flow Uec_2058_214 flowId 1274 uecSrc 1273 starting at 0
Flow Uec_847_2676 flowId 1275 uecSrc 1274 starting at 0
Flow Uec_1307_3078 flowId 1276 uecSrc 1275 starting at 0
Flow Uec_822_2592 flowId 1277 uecSrc 1276 starting at 0
Flow Uec_250_1992 flowId 1278 uecSrc 1277 starting at 0
Flow Uec_1581_3364 flowId 1279 uecSrc 1278 starting at 0
Flow Uec_997_2757 flowId 1280 uecSrc 1279 starting at 0
Flow Uec_2593_715 flowId 1281 uecSrc 1280 starting at 0
Flow Uec_552_2350 flowId 1282 uecSrc 1281 starting at 0
Flow Uec_1098_2901 flowId 1283 uecSrc 1282 starting at 0
Flow Uec_2832_1020 flowId 1284 uecSrc 1283 starting at 0
Flow Uec_117_1888 flowId 1285 uecSrc 1284 starting at 0
Flow Uec_558_2329 flowId 1286 uecSrc 1285 starting at 0
Flow Uec_3091_1275 flowId 1287 uecSrc 1286 starting at 0
Flow Uec_2564_740 flowId 1288 uecSrc 1287 starting at 0
Flow Uec_3383_1500 flowId 1289 uecSrc 1288 starting at 0
Flow Uec_802_2602 flowId 1290 uecSrc 1289 starting at 0
Flow Uec_2872_1001 flowId 1291 uecSrc 1290 starting at 0
Flow Uec_2725_866 flowId 1292 uecSrc 1291 starting at 0
Flow Uec_640_2432 flowId 1293 uecSrc 1292 starting at 0
Flow Uec_1334_3097 flowId 1294 uecSrc 1293 starting at 0
Flow Uec_2556_670 flowId 1295 uecSrc 1294 starting at 0
Flow Uec_994_2792 flowId 1296 uecSrc 1295 starting at 0
Flow Uec_1117_2893 flowId 1297 uecSrc 1296 starting at 0
Flow Uec_461_2259 flowId 1298 uecSrc 1297 starting at 0
Flow Uec_2999_1124 flowId 1299 uecSrc 1298 starting at 0
Flow Uec_895_2642 flowId 1300 uecSrc 1299 starting at 0
Flow Uec_2358_476 flowId 1301 uecSrc 1300 starting at 0
Flow Uec_3015_1188 flowId 1302 uecSrc 1301 starting at 0
Flow Uec_2434_624 flowId 1303 uecSrc 1302 starting at 0
Flow Uec_2198_333 flowId 1304 uecSrc 1303 starting at 0
Flow Uec_224_2001 flowId 1305 uecSrc 1304 starting at 0
Flow Uec_3152_1317 flowId 1306 uecSrc 1305 starting at 0
Flow Uec_2686_796 flowId 1307 uecSrc 1306 starting at 0
Flow Uec_2362_454 flowId 1308 uecSrc 1307 starting at 0
Flow Uec_3215_1345 flowId 1309 uecSrc 1308 starting at 0
Flow Uec_1392_3145 flowId 1310 uecSrc 1309 starting at 0
Flow Uec_1514_3268 flowId 1311 uecSrc 1310 starting at 0
Flow Uec_1142_2903 flowId 1312 uecSrc 1311 starting at 0
Flow Uec_3526_1671 flowId 1313 uecSrc 1312 starting at 0
Flow Uec_2473_635 flowId 1314 uecSrc 1313 starting at 0
Flow Uec_2277_393 flowId 1315 uecSrc 1314 starting at 0
Flow Uec_1950_112 flowId 1316 uecSrc 1315 starting at 0
Flow Uec_2228_378 flowId 1317 uecSrc 1316 starting at 0
Flow Uec_341_2132 flowId 1318 uecSrc 1317 starting at 0
Flow Uec_3009_1163 flowId 1319 uecSrc 1318 starting at 0
Flow Uec_2971_1088 flowId 1320 uecSrc 1319 starting at 0
Flow Uec_1148_2916 flowId 1321 uecSrc 1320 starting at 0
Flow Uec_2201_375 flowId 1322 uecSrc 1321 starting at 0
Flow Uec_1687_3471 flowId 1323 uecSrc 1322 starting at 0
Flow Uec_2695_876 flowId 1324 uecSrc 1323 starting at 0
Flow Uec_1318_3083 flowId 1325 uecSrc 1324 starting at 0
Flow Uec_1635_3445 flowId 1326 uecSrc 1325 starting at 0
Flow Uec_1008_2804 flowId 1327 uecSrc 1326 starting at 0
Flow Uec_2561_727 flowId 1328 uecSrc 1327 starting at 0
Flow Uec_1023_2782 flowId 1329 uecSrc 1328 starting at 0
Flow Uec_1907_8 flowId 1330 uecSrc 1329 starting at 0
Flow Uec_2076_192 flowId 1331 uecSrc 1330 starting at 0
Flow Uec_2388_570 flowId 1332 uecSrc 1331 starting at 0
Flow Uec_2180_376 flowId 1333 uecSrc 1332 starting at 0
Flow Uec_3059_1155 flowId 1334 uecSrc 1333 starting at 0
Flow Uec_3206_1389 flowId 1335 uecSrc 1334 starting at 0
Flow Uec_1503_3321 flowId 1336 uecSrc 1335 starting at 0
Flow Uec_3269_1430 flowId 1337 uecSrc 1336 starting at 0
Flow Uec_1153_2998 flowId 1338 uecSrc 1337 starting at 0
Flow Uec_683_2471 flowId 1339 uecSrc 1338 starting at 0
Flow Uec_2847_986 flowId 1340 uecSrc 1339 starting at 0
Flow Uec_300_2095 flowId 1341 uecSrc 1340 starting at 0
Flow Uec_1795_3586 flowId 1342 uecSrc 1341 starting at 0
Flow Uec_210_2015 flowId 1343 uecSrc 1342 starting at 0
Flow Uec_1861_49 flowId 1344 uecSrc 1343 starting at 0
Flow Uec_2464_590 flowId 1345 uecSrc 1344 starting at 0
Flow Uec_130_1949 flowId 1346 uecSrc 1345 starting at 0
Flow Uec_1316_3106 flowId 1347 uecSrc 1346 starting at 0
Flow Uec_1533_3313 flowId 1348 uecSrc 1347 starting at 0
Flow Uec_1203_2983 flowId 1349 uecSrc 1348 starting at 0
Flow Uec_2406_531 flowId 1350 uecSrc 1349 starting at 0
Flow Uec_1982_75 flowId 1351 uecSrc 1350 starting at 0
Flow Uec_555_2336 flowId 1352 uecSrc 1351 starting at 0
Flow Uec_594_2397 flowId 1353 uecSrc 1352 starting at 0
Flow Uec_1070_2819 flowId 1354 uecSrc 1353 starting at 0
Flow Uec_914_2745 flowId 1355 uecSrc 1354 starting at 0
Flow Uec_3474_1648 flowId 1356 uecSrc 1355 starting at 0
Flow Uec_293_2060 flowId 1357 uecSrc 1356 starting at 0
Flow Uec_397_2178 flowId 1358 uecSrc 1357 starting at 0
Flow Uec_3587_1754 flowId 1359 uecSrc 1358 starting at 0
Flow Uec_1463_3257 flowId 1360 uecSrc 1359 starting at 0
Flow Uec_2798_953 flowId 1361 uecSrc 1360 starting at 0
Flow Uec_2318_463 flowId 1362 uecSrc 1361 starting at 0
Flow Uec_2917_1079 flowId 1363 uecSrc 1362 starting at 0
Flow Uec_3350_1528 flowId 1364 uecSrc 1363 starting at 0
Flow Uec_1708_3514 flowId 1365 uecSrc 1364 starting at 0
Flow Uec_665_2462 flowId 1366 uecSrc 1365 starting at 0
Flow Uec_3175_1325 flowId 1367 uecSrc 1366 starting at 0
Flow Uec_2021_182 flowId 1368 uecSrc 1367 starting at 0
Flow Uec_1244_3057 flowId 1369 uecSrc 1368 starting at 0
Flow Uec_3431_1570 flowId 1370 uecSrc 1369 starting at 0
Flow Uec_963_2753 flowId 1371 uecSrc 1370 starting at 0
Flow Uec_3517_1627 flowId 1372 uecSrc 1371 starting at 0
Flow Uec_753_2525 flowId 1373 uecSrc 1372 starting at 0
Flow Uec_3290_1415 flowId 1374 uecSrc 1373 starting at 0
Flow Uec_2112_268 flowId 1375 uecSrc 1374 starting at 0
Flow Uec_2332_495 flowId 1376 uecSrc 1375 starting at 0
Flow Uec_137_1955 flowId 1377 uecSrc 1376 starting at 0
Flow Uec_2173_265 flowId 1378 uecSrc 1377 starting at 0
Flow Uec_931_2716 flowId 1379 uecSrc 1378 starting at 0
Flow Uec_2366_496 flowId 1380 uecSrc 1379 starting at 0
Flow Uec_2135_261 flowId 1381 uecSrc 1380 starting at 0
Flow Uec_139_1947 flowId 1382 uecSrc 1381 starting at 0
Flow Uec_716_2529 flowId 1383 uecSrc 1382 starting at 0
Flow Uec_1287_3079 flowId 1384 uecSrc 1383 starting at 0
Flow Uec_2361_480 flowId 1385 uecSrc 1384 starting at 0
Flow Uec_147_1974 flowId 1386 uecSrc 1385 starting at 0
Flow Uec_2747_889 flowId 1387 uecSrc 1386 starting at 0
Flow Uec_3537_1716 flowId 1388 uecSrc 1387 starting at 0
Flow Uec_2190_374 flowId 1389 uecSrc 1388 starting at 0
Flow Uec_2329_504 flowId 1390 uecSrc 1389 starting at 0
Flow Uec_1577_3370 flowId 1391 uecSrc 1390 starting at 0
Flow Uec_740_2517 flowId 1392 uecSrc 1391 starting at 0
Flow Uec_2783_914 flowId 1393 uecSrc 1392 starting at 0
Flow Uec_876_2634 flowId 1394 uecSrc 1393 starting at 0
Flow Uec_1930_73 flowId 1395 uecSrc 1394 starting at 0
Flow Uec_1042_2853 flowId 1396 uecSrc 1395 starting at 0
Flow Uec_1839_3593 flowId 1397 uecSrc 1396 starting at 0
Flow Uec_3381_1515 flowId 1398 uecSrc 1397 starting at 0
Flow Uec_3548_1698 flowId 1399 uecSrc 1398 starting at 0
Flow Uec_585_2428 flowId 1400 uecSrc 1399 starting at 0
Flow Uec_1404_3192 flowId 1401 uecSrc 1400 starting at 0
Flow Uec_364_2145 flowId 1402 uecSrc 1401 starting at 0
Flow Uec_3128_1265 flowId 1403 uecSrc 1402 starting at 0
Flow Uec_1541_3351 flowId 1404 uecSrc 1403 starting at 0
Flow Uec_3024_1169 flowId 1405 uecSrc 1404 starting at 0
Flow Uec_1886_13 flowId 1406 uecSrc 1405 starting at 0
Flow Uec_2291_445 flowId 1407 uecSrc 1406 starting at 0
Flow Uec_1351_3180 flowId 1408 uecSrc 1407 starting at 0
Flow Uec_2995_1139 flowId 1409 uecSrc 1408 starting at 0
Flow Uec_2977_1127 flowId 1410 uecSrc 1409 starting at 0
Flow Uec_3384_1486 flowId 1411 uecSrc 1410 starting at 0
Flow Uec_1763_3569 flowId 1412 uecSrc 1411 starting at 0
Flow Uec_1243_3061 flowId 1413 uecSrc 1412 starting at 0
Flow Uec_642_2467 flowId 1414 uecSrc 1413 starting at 0
Flow Uec_2979_1137 flowId 1415 uecSrc 1414 starting at 0
Flow Uec_488_2277 flowId 1416 uecSrc 1415 starting at 0
Flow Uec_2525_641 flowId 1417 uecSrc 1416 starting at 0
Flow Uec_1578_3347 flowId 1418 uecSrc 1417 starting at 0
Flow Uec_629_2418 flowId 1419 uecSrc 1418 starting at 0
Flow Uec_1221_3012 flowId 1420 uecSrc 1419 starting at 0
Flow Uec_947_2696 flowId 1421 uecSrc 1420 starting at 0
Flow Uec_2857_977 flowId 1422 uecSrc 1421 starting at 0
Flow Uec_235_1999 flowId 1423 uecSrc 1422 starting at 0
Flow Uec_1357_3182 flowId 1424 uecSrc 1423 starting at 0
Flow Uec_421_2218 flowId 1425 uecSrc 1424 starting at 0
Flow Uec_1131_2936 flowId 1426 uecSrc 1425 starting at 0
Flow Uec_3165_1309 flowId 1427 uecSrc 1426 starting at 0
Flow Uec_2208_320 flowId 1428 uecSrc 1427 starting at 0
Flow Uec_1619_3413 flowId 1429 uecSrc 1428 starting at 0
Flow Uec_675_2436 flowId 1430 uecSrc 1429 starting at 0
Flow Uec_1851_3594 flowId 1431 uecSrc 1430 starting at 0
Flow Uec_2438_607 flowId 1432 uecSrc 1431 starting at 0
Flow Uec_299_2067 flowId 1433 uecSrc 1432 starting at 0
Flow Uec_3426_1593 flowId 1434 uecSrc 1433 starting at 0
Flow Uec_1916_52 flowId 1435 uecSrc 1434 starting at 0
Flow Uec_2885_1026 flowId 1436 uecSrc 1435 starting at 0
Flow Uec_312_2111 flowId 1437 uecSrc 1436 starting at 0
Flow Uec_3016_1171 flowId 1438 uecSrc 1437 starting at 0
Flow Uec_2364_488 flowId 1439 uecSrc 1438 starting at 0
Flow Uec_2368_551 flowId 1440 uecSrc 1439 starting at 0
Flow Uec_2306_470 flowId 1441 uecSrc 1440 starting at 0
Flow Uec_1906_4 flowId 1442 uecSrc 1441 starting at 0
Flow Uec_3168_1283 flowId 1443 uecSrc 1442 starting at 0
Flow Uec_2787_909 flowId 1444 uecSrc 1443 starting at 0
Flow Uec_2196_368 flowId 1445 uecSrc 1444 starting at 0
Flow Uec_3231_1407 flowId 1446 uecSrc 1445 starting at 0
Flow Uec_2558_671 flowId 1447 uecSrc 1446 starting at 0
Flow Uec_3067_1162 flowId 1448 uecSrc 1447 starting at 0
Flow Uec_1768_3580 flowId 1449 uecSrc 1448 starting at 0
Flow Uec_1353_3157 flowId 1450 uecSrc 1449 starting at 0
Flow Uec_3171_1318 flowId 1451 uecSrc 1450 starting at 0
Flow Uec_1681_3493 flowId 1452 uecSrc 1451 starting at 0
Flow Uec_2733_878 flowId 1453 uecSrc 1452 starting at 0
Flow Uec_2099_240 flowId 1454 uecSrc 1453 starting at 0
Flow Uec_2588_743 flowId 1455 uecSrc 1454 starting at 0
Flow Uec_3005_1136 flowId 1456 uecSrc 1455 starting at 0
Flow Uec_1730_3543 flowId 1457 uecSrc 1456 starting at 0
Flow Uec_58_1802 flowId 1458 uecSrc 1457 starting at 0
Flow Uec_1245_3069 flowId 1459 uecSrc 1458 starting at 0
Flow Uec_2920_1054 flowId 1460 uecSrc 1459 starting at 0
Flow Uec_1336_3121 flowId 1461 uecSrc 1460 starting at 0
Flow Uec_1664_3487 flowId 1462 uecSrc 1461 starting at 0
Flow Uec_3354_1522 flowId 1463 uecSrc 1462 starting at 0
Flow Uec_2260_420 flowId 1464 uecSrc 1463 starting at 0
Flow Uec_1021_2765 flowId 1465 uecSrc 1464 starting at 0
Flow Uec_967_2761 flowId 1466 uecSrc 1465 starting at 0
Flow Uec_2477_608 flowId 1467 uecSrc 1466 starting at 0
Flow Uec_2320_453 flowId 1468 uecSrc 1467 starting at 0
Flow Uec_1568_3367 flowId 1469 uecSrc 1468 starting at 0
Flow Uec_1485_3322 flowId 1470 uecSrc 1469 starting at 0
Flow Uec_1534_3290 flowId 1471 uecSrc 1470 starting at 0
Flow Uec_3245_1404 flowId 1472 uecSrc 1471 starting at 0
Flow Uec_1137_2938 flowId 1473 uecSrc 1472 starting at 0
Flow Uec_1018_2768 flowId 1474 uecSrc 1473 starting at 0
Flow Uec_841_2627 flowId 1475 uecSrc 1474 starting at 0
Flow Uec_344_2167 flowId 1476 uecSrc 1475 starting at 0
Flow Uec_1013_2798 flowId 1477 uecSrc 1476 starting at 0
Flow Uec_1172_2956 flowId 1478 uecSrc 1477 starting at 0
Flow Uec_1430_3236 flowId 1479 uecSrc 1478 starting at 0
Flow Uec_2899_1055 flowId 1480 uecSrc 1479 starting at 0
Flow Uec_2253_424 flowId 1481 uecSrc 1480 starting at 0
Flow Uec_2793_929 flowId 1482 uecSrc 1481 starting at 0
Flow Uec_231_2039 flowId 1483 uecSrc 1482 starting at 0
Flow Uec_2379_557 flowId 1484 uecSrc 1483 starting at 0
Flow Uec_3586_1785 flowId 1485 uecSrc 1484 starting at 0
Flow Uec_1449_3230 flowId 1486 uecSrc 1485 starting at 0
Flow Uec_3173_1322 flowId 1487 uecSrc 1486 starting at 0
Flow Uec_2812_936 flowId 1488 uecSrc 1487 starting at 0
Flow Uec_2313_451 flowId 1489 uecSrc 1488 starting at 0
Flow Uec_1238_3022 flowId 1490 uecSrc 1489 starting at 0
Flow Uec_1832_3585 flowId 1491 uecSrc 1490 starting at 0
Flow Uec_2851_963 flowId 1492 uecSrc 1491 starting at 0
Flow Uec_781_2586 flowId 1493 uecSrc 1492 starting at 0
Flow Uec_2782_939 flowId 1494 uecSrc 1493 starting at 0
Flow Uec_1025_2823 flowId 1495 uecSrc 1494 starting at 0
Flow Uec_3334_1485 flowId 1496 uecSrc 1495 starting at 0
Flow Uec_2488_622 flowId 1497 uecSrc 1496 starting at 0
Flow Uec_2169_297 flowId 1498 uecSrc 1497 starting at 0
Flow Uec_2658_785 flowId 1499 uecSrc 1498 starting at 0
Flow Uec_1305_3123 flowId 1500 uecSrc 1499 starting at 0
Flow Uec_3380_1506 flowId 1501 uecSrc 1500 starting at 0
Flow Uec_2340_490 flowId 1502 uecSrc 1501 starting at 0
Flow Uec_2949_1103 flowId 1503 uecSrc 1502 starting at 0
Flow Uec_2294_410 flowId 1504 uecSrc 1503 starting at 0
Flow Uec_711_2530 flowId 1505 uecSrc 1504 starting at 0
Flow Uec_800_2615 flowId 1506 uecSrc 1505 starting at 0
Flow Uec_3451_1547 flowId 1507 uecSrc 1506 starting at 0
Flow Uec_2486_589 flowId 1508 uecSrc 1507 starting at 0
Flow Uec_2243_429 flowId 1509 uecSrc 1508 starting at 0
Flow Uec_1800_3585 flowId 1510 uecSrc 1509 starting at 0
Flow Uec_1712_3470 flowId 1511 uecSrc 1510 starting at 0
Flow Uec_2051_209 flowId 1512 uecSrc 1511 starting at 0
Flow Uec_723_2519 flowId 1513 uecSrc 1512 starting at 0
Flow Uec_2923_1076 flowId 1514 uecSrc 1513 starting at 0
Flow Uec_894_2662 flowId 1515 uecSrc 1514 starting at 0
Flow Uec_664_2494 flowId 1516 uecSrc 1515 starting at 0
Flow Uec_92_1862 flowId 1517 uecSrc 1516 starting at 0
Flow Uec_1881_15 flowId 1518 uecSrc 1517 starting at 0
Flow Uec_1986_137 flowId 1519 uecSrc 1518 starting at 0
Flow Uec_99_1918 flowId 1520 uecSrc 1519 starting at 0
Flow Uec_3099_1248 flowId 1521 uecSrc 1520 starting at 0
Flow Uec_2937_1037 flowId 1522 uecSrc 1521 starting at 0
Flow Uec_2859_1022 flowId 1523 uecSrc 1522 starting at 0
Flow Uec_2132_267 flowId 1524 uecSrc 1523 starting at 0
Flow Uec_724_2544 flowId 1525 uecSrc 1524 starting at 0
Flow Uec_2756_932 flowId 1526 uecSrc 1525 starting at 0
Flow Uec_1368_3158 flowId 1527 uecSrc 1526 starting at 0
Flow Uec_3108_1217 flowId 1528 uecSrc 1527 starting at 0
Flow Uec_3086_1264 flowId 1529 uecSrc 1528 starting at 0
Flow Uec_409_2235 flowId 1530 uecSrc 1529 starting at 0
Flow Uec_1696_3457 flowId 1531 uecSrc 1530 starting at 0
Flow Uec_2835_972 flowId 1532 uecSrc 1531 starting at 0
Flow Uec_1507_3293 flowId 1533 uecSrc 1532 starting at 0
Flow Uec_1989_175 flowId 1534 uecSrc 1533 starting at 0
Flow Uec_3342_1505 flowId 1535 uecSrc 1534 starting at 0
Flow Uec_3122_1253 flowId 1536 uecSrc 1535 starting at 0
Flow Uec_102_1911 flowId 1537 uecSrc 1536 starting at 0
Flow Uec_2163_308 flowId 1538 uecSrc 1537 starting at 0
Flow Uec_2822_976 flowId 1539 uecSrc 1538 starting at 0
Flow Uec_1702_3517 flowId 1540 uecSrc 1539 starting at 0
Flow Uec_373_2157 flowId 1541 uecSrc 1540 starting at 0
Flow Uec_918_2741 flowId 1542 uecSrc 1541 starting at 0
Flow Uec_3025_1158 flowId 1543 uecSrc 1542 starting at 0
Flow Uec_221_2045 flowId 1544 uecSrc 1543 starting at 0
Flow Uec_1890_59 flowId 1545 uecSrc 1544 starting at 0
Flow Uec_3414_1589 flowId 1546 uecSrc 1545 starting at 0
Flow Uec_2010_151 flowId 1547 uecSrc 1546 starting at 0
Flow Uec_3546_1690 flowId 1548 uecSrc 1547 starting at 0
Flow Uec_3084_1230 flowId 1549 uecSrc 1548 starting at 0
Flow Uec_1492_3320 flowId 1550 uecSrc 1549 starting at 0
Flow Uec_521_2322 flowId 1551 uecSrc 1550 starting at 0
Flow Uec_580_2409 flowId 1552 uecSrc 1551 starting at 0
Flow Uec_1597_3372 flowId 1553 uecSrc 1552 starting at 0
Flow Uec_2960_1138 flowId 1554 uecSrc 1553 starting at 0
Flow Uec_525_2334 flowId 1555 uecSrc 1554 starting at 0
Flow Uec_155_1937 flowId 1556 uecSrc 1555 starting at 0
Flow Uec_112_1916 flowId 1557 uecSrc 1556 starting at 0
Flow Uec_2342_466 flowId 1558 uecSrc 1557 starting at 0
Flow Uec_2989_1123 flowId 1559 uecSrc 1558 starting at 0
Flow Uec_517_2330 flowId 1560 uecSrc 1559 starting at 0
Flow Uec_3218_1387 flowId 1561 uecSrc 1560 starting at 0
Flow Uec_1587_3348 flowId 1562 uecSrc 1561 starting at 0
Flow Uec_714_2540 flowId 1563 uecSrc 1562 starting at 0
Flow Uec_3179_1306 flowId 1564 uecSrc 1563 starting at 0
Flow Uec_2537_675 flowId 1565 uecSrc 1564 starting at 0
Flow Uec_989_2810 flowId 1566 uecSrc 1565 starting at 0
Flow Uec_3117_1267 flowId 1567 uecSrc 1566 starting at 0
Flow Uec_2454_627 flowId 1568 uecSrc 1567 starting at 0
Flow Uec_3040_1211 flowId 1569 uecSrc 1568 starting at 0
Flow Uec_3240_1385 flowId 1570 uecSrc 1569 starting at 0
Flow Uec_1637_3417 flowId 1571 uecSrc 1570 starting at 0
Flow Uec_2508_693 flowId 1572 uecSrc 1571 starting at 0
Flow Uec_1837_3596 flowId 1573 uecSrc 1572 starting at 0
Flow Uec_2373_534 flowId 1574 uecSrc 1573 starting at 0
Flow Uec_1175_2965 flowId 1575 uecSrc 1574 starting at 0
Flow Uec_401_2190 flowId 1576 uecSrc 1575 starting at 0
Flow Uec_893_2644 flowId 1577 uecSrc 1576 starting at 0
Flow Uec_2587_742 flowId 1578 uecSrc 1577 starting at 0
Flow Uec_613_2402 flowId 1579 uecSrc 1578 starting at 0
Flow Uec_2428_516 flowId 1580 uecSrc 1579 starting at 0
Flow Uec_2668_771 flowId 1581 uecSrc 1580 starting at 0
Flow Uec_1024_2830 flowId 1582 uecSrc 1581 starting at 0
Flow Uec_1545_3371 flowId 1583 uecSrc 1582 starting at 0
Flow Uec_3039_1181 flowId 1584 uecSrc 1583 starting at 0
Flow Uec_239_1998 flowId 1585 uecSrc 1584 starting at 0
Flow Uec_2823_973 flowId 1586 uecSrc 1585 starting at 0
Flow Uec_3242_1399 flowId 1587 uecSrc 1586 starting at 0
Flow Uec_2772_949 flowId 1588 uecSrc 1587 starting at 0
Flow Uec_133_1964 flowId 1589 uecSrc 1588 starting at 0
Flow Uec_1592_3355 flowId 1590 uecSrc 1589 starting at 0
Flow Uec_2681_826 flowId 1591 uecSrc 1590 starting at 0
Flow Uec_2624_827 flowId 1592 uecSrc 1591 starting at 0
Flow Uec_704_2522 flowId 1593 uecSrc 1592 starting at 0
Flow Uec_1878_44 flowId 1594 uecSrc 1593 starting at 0
Flow Uec_843_2677 flowId 1595 uecSrc 1594 starting at 0
Flow Uec_974_2773 flowId 1596 uecSrc 1595 starting at 0
Flow Uec_2662_790 flowId 1597 uecSrc 1596 starting at 0
Flow Uec_3370_1495 flowId 1598 uecSrc 1597 starting at 0
Flow Uec_3485_1644 flowId 1599 uecSrc 1598 starting at 0
Flow Uec_1880_10 flowId 1600 uecSrc 1599 starting at 0
Flow Uec_2858_1007 flowId 1601 uecSrc 1600 starting at 0
Flow Uec_511_2302 flowId 1602 uecSrc 1601 starting at 0
Flow Uec_1295_3096 flowId 1603 uecSrc 1602 starting at 0
Flow Uec_182_1924 flowId 1604 uecSrc 1603 starting at 0
Flow Uec_1078_2861 flowId 1605 uecSrc 1604 starting at 0
Flow Uec_1063_2865 flowId 1606 uecSrc 1605 starting at 0
Flow Uec_2292_391 flowId 1607 uecSrc 1606 starting at 0
Flow Uec_2962_1106 flowId 1608 uecSrc 1607 starting at 0
Flow Uec_2897_1043 flowId 1609 uecSrc 1608 starting at 0
Flow Uec_2964_1120 flowId 1610 uecSrc 1609 starting at 0
Flow Uec_2161_262 flowId 1611 uecSrc 1610 starting at 0
Flow Uec_2921_1082 flowId 1612 uecSrc 1611 starting at 0
Flow Uec_2797_931 flowId 1613 uecSrc 1612 starting at 0
Flow Uec_261_2069 flowId 1614 uecSrc 1613 starting at 0
Flow Uec_3027_1182 flowId 1615 uecSrc 1614 starting at 0
Flow Uec_3065_1207 flowId 1616 uecSrc 1615 starting at 0
Flow Uec_507_2240 flowId 1617 uecSrc 1616 starting at 0
Flow Uec_415_2181 flowId 1618 uecSrc 1617 starting at 0
Flow Uec_2263_433 flowId 1619 uecSrc 1618 starting at 0
Flow Uec_2042_174 flowId 1620 uecSrc 1619 starting at 0
Flow Uec_257_2056 flowId 1621 uecSrc 1620 starting at 0
Flow Uec_965_2795 flowId 1622 uecSrc 1621 starting at 0
Flow Uec_1898_24 flowId 1623 uecSrc 1622 starting at 0
Flow Uec_2693_837 flowId 1624 uecSrc 1623 starting at 0
Flow Uec_2154_285 flowId 1625 uecSrc 1624 starting at 0
Flow Uec_2471_609 flowId 1626 uecSrc 1625 starting at 0
Flow Uec_1338_3093 flowId 1627 uecSrc 1626 starting at 0
Flow Uec_1978_124 flowId 1628 uecSrc 1627 starting at 0
Flow Uec_41_1824 flowId 1629 uecSrc 1628 starting at 0
Flow Uec_122_1889 flowId 1630 uecSrc 1629 starting at 0
Flow Uec_1654_3396 flowId 1631 uecSrc 1630 starting at 0
Flow Uec_2940_1061 flowId 1632 uecSrc 1631 starting at 0
Flow Uec_18_1823 flowId 1633 uecSrc 1632 starting at 0
Flow Uec_3457_1616 flowId 1634 uecSrc 1633 starting at 0
Flow Uec_2987_1094 flowId 1635 uecSrc 1634 starting at 0
Flow Uec_2231_329 flowId 1636 uecSrc 1635 starting at 0
Flow Uec_3371_1507 flowId 1637 uecSrc 1636 starting at 0
Flow Uec_1667_3491 flowId 1638 uecSrc 1637 starting at 0
Flow Uec_2617_750 flowId 1639 uecSrc 1638 starting at 0
Flow Uec_2096_211 flowId 1640 uecSrc 1639 starting at 0
Flow Uec_2605_739 flowId 1641 uecSrc 1640 starting at 0
Flow Uec_3362_1526 flowId 1642 uecSrc 1641 starting at 0
Flow Uec_1116_2910 flowId 1643 uecSrc 1642 starting at 0
Flow Uec_1365_3161 flowId 1644 uecSrc 1643 starting at 0
Flow Uec_2284_447 flowId 1645 uecSrc 1644 starting at 0
Flow Uec_1079_2843 flowId 1646 uecSrc 1645 starting at 0
Flow Uec_2663_777 flowId 1647 uecSrc 1646 starting at 0
Flow Uec_1493_3292 flowId 1648 uecSrc 1647 starting at 0
Flow Uec_1531_3311 flowId 1649 uecSrc 1648 starting at 0
Flow Uec_3467_1602 flowId 1650 uecSrc 1649 starting at 0
Flow Uec_1509_3279 flowId 1651 uecSrc 1650 starting at 0
Flow Uec_3571_1672 flowId 1652 uecSrc 1651 starting at 0
Flow Uec_1292_3074 flowId 1653 uecSrc 1652 starting at 0
Flow Uec_2706_880 flowId 1654 uecSrc 1653 starting at 0
Flow Uec_3480_1662 flowId 1655 uecSrc 1654 starting at 0
Flow Uec_1782_3576 flowId 1656 uecSrc 1655 starting at 0
Flow Uec_2050_210 flowId 1657 uecSrc 1656 starting at 0
Flow Uec_1542_3329 flowId 1658 uecSrc 1657 starting at 0
Flow Uec_1632_3429 flowId 1659 uecSrc 1658 starting at 0
Flow Uec_1820_3588 flowId 1660 uecSrc 1659 starting at 0
Flow Uec_910_2695 flowId 1661 uecSrc 1660 starting at 0
Flow Uec_3076_1273 flowId 1662 uecSrc 1661 starting at 0
Flow Uec_1811_3586 flowId 1663 uecSrc 1662 starting at 0
Flow Uec_1480_3288 flowId 1664 uecSrc 1663 starting at 0
Flow Uec_1402_3155 flowId 1665 uecSrc 1664 starting at 0
Flow Uec_815_2600 flowId 1666 uecSrc 1665 starting at 0
Flow Uec_1423_3206 flowId 1667 uecSrc 1666 starting at 0
Flow Uec_3327_1423 flowId 1668 uecSrc 1667 starting at 0
Flow Uec_720_2506 flowId 1669 uecSrc 1668 starting at 0
Flow Uec_1733_3521 flowId 1670 uecSrc 1669 starting at 0
Flow Uec_3357_1501 flowId 1671 uecSrc 1670 starting at 0
Flow Uec_3319_1442 flowId 1672 uecSrc 1671 starting at 0
Flow Uec_439_2198 flowId 1673 uecSrc 1672 starting at 0
Flow Uec_1718_3459 flowId 1674 uecSrc 1673 starting at 0
Flow Uec_1150_2941 flowId 1675 uecSrc 1674 starting at 0
Flow Uec_759_2539 flowId 1676 uecSrc 1675 starting at 0
Flow Uec_3149_1320 flowId 1677 uecSrc 1676 starting at 0
Flow Uec_192_2006 flowId 1678 uecSrc 1677 starting at 0
Flow Uec_3271_1420 flowId 1679 uecSrc 1678 starting at 0
Flow Uec_142_1933 flowId 1680 uecSrc 1679 starting at 0
Flow Uec_3143_1340 flowId 1681 uecSrc 1680 starting at 0
Flow Uec_3163_1333 flowId 1682 uecSrc 1681 starting at 0
Flow Uec_840_2673 flowId 1683 uecSrc 1682 starting at 0
Flow Uec_277_2072 flowId 1684 uecSrc 1683 starting at 0
Flow Uec_1217_3016 flowId 1685 uecSrc 1684 starting at 0
Flow Uec_1910_14 flowId 1686 uecSrc 1685 starting at 0
Flow Uec_556_2309 flowId 1687 uecSrc 1686 starting at 0
Flow Uec_2700_846 flowId 1688 uecSrc 1687 starting at 0
Flow Uec_480_2245 flowId 1689 uecSrc 1688 starting at 0
Flow Uec_3233_1364 flowId 1690 uecSrc 1689 starting at 0
Flow Uec_180_1922 flowId 1691 uecSrc 1690 starting at 0
Flow Uec_2308_450 flowId 1692 uecSrc 1691 starting at 0
Flow Uec_2688_881 flowId 1693 uecSrc 1692 starting at 0
Flow Uec_2870_961 flowId 1694 uecSrc 1693 starting at 0
Flow Uec_2089_219 flowId 1695 uecSrc 1694 starting at 0
Flow Uec_1213_3006 flowId 1696 uecSrc 1695 starting at 0
Flow Uec_2118_263 flowId 1697 uecSrc 1696 starting at 0
Flow Uec_482_2280 flowId 1698 uecSrc 1697 starting at 0
Flow Uec_2247_442 flowId 1699 uecSrc 1698 starting at 0
Flow Uec_732_2513 flowId 1700 uecSrc 1699 starting at 0
Flow Uec_3062_1170 flowId 1701 uecSrc 1700 starting at 0
Flow Uec_1012_2777 flowId 1702 uecSrc 1701 starting at 0
Flow Uec_1015_2760 flowId 1703 uecSrc 1702 starting at 0
Flow Uec_386_2207 flowId 1704 uecSrc 1703 starting at 0
Flow Uec_2908_1062 flowId 1705 uecSrc 1704 starting at 0
Flow Uec_425_2208 flowId 1706 uecSrc 1705 starting at 0
Flow Uec_1850_3584 flowId 1707 uecSrc 1706 starting at 0
Flow Uec_2811_924 flowId 1708 uecSrc 1707 starting at 0
Flow Uec_232_1988 flowId 1709 uecSrc 1708 starting at 0
Flow Uec_615_2414 flowId 1710 uecSrc 1709 starting at 0
Flow Uec_1129_2912 flowId 1711 uecSrc 1710 starting at 0
Flow Uec_1349_3183 flowId 1712 uecSrc 1711 starting at 0
Flow Uec_1163_3001 flowId 1713 uecSrc 1712 starting at 0
Flow Uec_342_2133 flowId 1714 uecSrc 1713 starting at 0
Flow Uec_2764_922 flowId 1715 uecSrc 1714 starting at 0
Flow Uec_518_2319 flowId 1716 uecSrc 1715 starting at 0
Flow Uec_1758_3550 flowId 1717 uecSrc 1716 starting at 0
Flow Uec_2323_492 flowId 1718 uecSrc 1717 starting at 0
Flow Uec_2244_434 flowId 1719 uecSrc 1718 starting at 0
Flow Uec_1039_2849 flowId 1720 uecSrc 1719 starting at 0
Flow Uec_3089_1262 flowId 1721 uecSrc 1720 starting at 0
Flow Uec_1031_2869 flowId 1722 uecSrc 1721 starting at 0
Flow Uec_223_1984 flowId 1723 uecSrc 1722 starting at 0
Flow Uec_48_1794 flowId 1724 uecSrc 1723 starting at 0
Flow Uec_825_2617 flowId 1725 uecSrc 1724 starting at 0
Flow Uec_2115_309 flowId 1726 uecSrc 1725 starting at 0
Flow Uec_1966_102 flowId 1727 uecSrc 1726 starting at 0
Flow Uec_2087_221 flowId 1728 uecSrc 1727 starting at 0
Flow Uec_1450_3222 flowId 1729 uecSrc 1728 starting at 0
Flow Uec_2075_228 flowId 1730 uecSrc 1729 starting at 0
Flow Uec_3514_1604 flowId 1731 uecSrc 1730 starting at 0
Flow Uec_1462_3256 flowId 1732 uecSrc 1731 starting at 0
Flow Uec_2904_1060 flowId 1733 uecSrc 1732 starting at 0
Flow Uec_1650_3401 flowId 1734 uecSrc 1733 starting at 0
Flow Uec_3532_1677 flowId 1735 uecSrc 1734 starting at 0
Flow Uec_1049_2836 flowId 1736 uecSrc 1735 starting at 0
Flow Uec_590_2395 flowId 1737 uecSrc 1736 starting at 0
Flow Uec_3307_1412 flowId 1738 uecSrc 1737 starting at 0
Flow Uec_3446_1584 flowId 1739 uecSrc 1738 starting at 0
Flow Uec_856_2682 flowId 1740 uecSrc 1739 starting at 0
Flow Uec_132_1948 flowId 1741 uecSrc 1740 starting at 0
Flow Uec_2631_800 flowId 1742 uecSrc 1741 starting at 0
Flow Uec_1483_3285 flowId 1743 uecSrc 1742 starting at 0
Flow Uec_2423_558 flowId 1744 uecSrc 1743 starting at 0
Flow Uec_3093_1242 flowId 1745 uecSrc 1744 starting at 0
Flow Uec_2507_676 flowId 1746 uecSrc 1745 starting at 0
Flow Uec_328_2140 flowId 1747 uecSrc 1746 starting at 0
Flow Uec_271_2070 flowId 1748 uecSrc 1747 starting at 0
Flow Uec_1789_3537 flowId 1749 uecSrc 1748 starting at 0
Flow Uec_2719_833 flowId 1750 uecSrc 1749 starting at 0
Flow Uec_703_2478 flowId 1751 uecSrc 1750 starting at 0
Flow Uec_1932_100 flowId 1752 uecSrc 1751 starting at 0
Flow Uec_859_2680 flowId 1753 uecSrc 1752 starting at 0
Flow Uec_1058_2863 flowId 1754 uecSrc 1753 starting at 0
Flow Uec_2036_163 flowId 1755 uecSrc 1754 starting at 0
Flow Uec_1249_3052 flowId 1756 uecSrc 1755 starting at 0
Flow Uec_206_2027 flowId 1757 uecSrc 1756 starting at 0
Flow Uec_2005_148 flowId 1758 uecSrc 1757 starting at 0
Flow Uec_2265_439 flowId 1759 uecSrc 1758 starting at 0
Flow Uec_3000_1119 flowId 1760 uecSrc 1759 starting at 0
Flow Uec_1311_3126 flowId 1761 uecSrc 1760 starting at 0
Flow Uec_1786_3562 flowId 1762 uecSrc 1761 starting at 0
Flow Uec_1872_63 flowId 1763 uecSrc 1762 starting at 0
Flow Uec_2804_951 flowId 1764 uecSrc 1763 starting at 0
Flow Uec_1841_3587 flowId 1765 uecSrc 1764 starting at 0
Flow Uec_2903_1034 flowId 1766 uecSrc 1765 starting at 0
Flow Uec_2108_206 flowId 1767 uecSrc 1766 starting at 0
Flow Uec_1707_3486 flowId 1768 uecSrc 1767 starting at 0
Flow Uec_54_1846 flowId 1769 uecSrc 1768 starting at 0
Flow Uec_2934_1053 flowId 1770 uecSrc 1769 starting at 0
Flow Uec_487_2284 flowId 1771 uecSrc 1770 starting at 0
Flow Uec_3131_1269 flowId 1772 uecSrc 1771 starting at 0
Flow Uec_2113_319 flowId 1773 uecSrc 1772 starting at 0
Flow Uec_1421_3239 flowId 1774 uecSrc 1773 starting at 0
Flow Uec_622_2393 flowId 1775 uecSrc 1774 starting at 0
Flow Uec_2601_707 flowId 1776 uecSrc 1775 starting at 0
Flow Uec_1011_2779 flowId 1777 uecSrc 1776 starting at 0
Flow Uec_451_2242 flowId 1778 uecSrc 1777 starting at 0
Flow Uec_2779_935 flowId 1779 uecSrc 1778 starting at 0
Flow Uec_472_2278 flowId 1780 uecSrc 1779 starting at 0
Flow Uec_464_2249 flowId 1781 uecSrc 1780 starting at 0
Flow Uec_948_2724 flowId 1782 uecSrc 1781 starting at 0
Flow Uec_2828_982 flowId 1783 uecSrc 1782 starting at 0
Flow Uec_360_2163 flowId 1784 uecSrc 1783 starting at 0
Flow Uec_865_2631 flowId 1785 uecSrc 1784 starting at 0
Flow Uec_2785_925 flowId 1786 uecSrc 1785 starting at 0
Flow Uec_468_2295 flowId 1787 uecSrc 1786 starting at 0
Flow Uec_2983_1146 flowId 1788 uecSrc 1787 starting at 0
Flow Uec_1776_3530 flowId 1789 uecSrc 1788 starting at 0
Flow Uec_662_2451 flowId 1790 uecSrc 1789 starting at 0
Flow Uec_1631_3428 flowId 1791 uecSrc 1790 starting at 0
Flow Uec_3520_1682 flowId 1792 uecSrc 1791 starting at 0
Flow Uec_1627_3410 flowId 1793 uecSrc 1792 starting at 0
Flow Uec_2545_660 flowId 1794 uecSrc 1793 starting at 0
Flow Uec_1240_3035 flowId 1795 uecSrc 1794 starting at 0
Flow Uec_866_2643 flowId 1796 uecSrc 1795 starting at 0
Flow Uec_1871_28 flowId 1797 uecSrc 1796 starting at 0
Flow Uec_2100_220 flowId 1798 uecSrc 1797 starting at 0
Flow Uec_1849_3597 flowId 1799 uecSrc 1798 starting at 0
Flow Uec_441_2201 flowId 1800 uecSrc 1799 starting at 0
Flow Uec_3586_1785 flowId 1485 uecSrc 1484 finished at 7625.64 total messages 1 total packets 2448 RTS 0 total bytes 10002528 in_flight now 0 fair_inc 424784 prop_inc 13173 fast_inc 0 eta_inc 215752 multi_dec -719208 quick_dec -50132 nack_dec -166000
Flow Uec_3593_1737 flowId 93 uecSrc 92 finished at 8023.85 total messages 1 total packets 2448 RTS 0 total bytes 10002528 in_flight now 0 fair_inc 426679 prop_inc 11669 fast_inc 0 eta_inc 231248 multi_dec -778099 quick_dec --73 nack_dec -161850
Flow Uec_3591_1781 flowId 612 uecSrc 611 finished at 8100.4 total messages 1 total packets 2448 RTS 0 total bytes 10002528 in_flight now 0 fair_inc 427873 prop_inc 14583 fast_inc 0 eta_inc 229460 multi_dec -749759 quick_dec -28801 nack_dec -190900
Flow Uec_3597_1759 flowId 1044 uecSrc 1043 finished at 8229.21 total messages 1 total packets 2448 RTS 0 total bytes 10002528 in_flight now 0 fair_inc 436360 prop_inc 14626 fast_inc 0 eta_inc 236612 multi_dec -793471 quick_dec -408 nack_dec -161850
Flow Uec_3589_1765 flowId 986 uecSrc 985 finished at 8471.32 total messages 1 total packets 2448 RTS 0 total bytes 10002528 in_flight now 0 fair_inc 466247 prop_inc 15690 fast_inc 0 eta_inc 239592 multi_dec -802537 quick_dec -32951 nack_dec -199200
Flow Uec_3590_1740 flowId 182 uecSrc 181 finished at 8804.24 total messages 1 total packets 2448 RTS 0 total bytes 10002528 in_flight now 0 fair_inc 446807 prop_inc 14325 fast_inc 0 eta_inc 250320 multi_dec -793315 quick_dec -11222 nack_dec -199200
Flow Uec_3594_1770 flowId 850 uecSrc 849 finished at 8879.73 total messages 1 total packets 2448 RTS 0 total bytes 10002528 in_flight now 0 fair_inc 403838 prop_inc 19795 fast_inc 0 eta_inc 256876 multi_dec -796621 quick_dec -4277 nack_dec -145250
Flow Uec_3587_1754 flowId 1359 uecSrc 1358 finished at 8897 total messages 1 total packets 2448 RTS 0 total bytes 10002528 in_flight now 0 fair_inc 448245 prop_inc 13768 fast_inc 0 eta_inc 253300 multi_dec -777187 quick_dec -59639 nack_dec -186750
Flow Uec_3584_1777 flowId 959 uecSrc 958 finished at 8905.89 total messages 1 total packets 2448 RTS 0 total bytes 10002528 in_flight now 0 fair_inc 417338 prop_inc 18704 fast_inc 0 eta_inc 253300 multi_dec -746977 quick_dec -37697 nack_dec -195050
Flow Uec_3592_1789 flowId 522 uecSrc 521 finished at 8940.03 total messages 1 total packets 2448 RTS 0 total bytes 10002528 in_flight now 0 fair_inc 441018 prop_inc 43282 fast_inc 0 eta_inc 258664 multi_dec -848126 quick_dec --904 nack_dec -153550
Flow Uec_3585_1752 flowId 1217 uecSrc 1216 finished at 8973.24 total messages 1 total packets 2448 RTS 0 total bytes 10002528 in_flight now 0 fair_inc 402648 prop_inc 67652 fast_inc 0 eta_inc 256876 multi_dec -738204 quick_dec -38293 nack_dec -190900
Flow Uec_560_2355 flowId 1060 uecSrc 1059 finished at 15065.7 total messages 1 total packets 2448 RTS 0 total bytes 10002528 in_flight now 0 fair_inc 571132 prop_inc 20294 fast_inc 0 eta_inc 417200 multi_dec -1332166 quick_dec -7155 nack_dec -182600
Flow Uec_1989_175 flowId 1534 uecSrc 1533 finished at 15673.2 total messages 1 total packets 2448 RTS 0 total bytes 10002528 in_flight now 0 fair_inc 403900 prop_inc 27818 fast_inc 0 eta_inc 435676 multi_dec -1101352 quick_dec -85627 nack_dec -182600
Flow Uec_2010_151 flowId 1547 uecSrc 1546 finished at 15833.8 total messages 1 total packets 2448 RTS 0 total bytes 10002528 in_flight now 0 fair_inc 519424 prop_inc 18517 fast_inc 0 eta_inc 435080 multi_dec -1272194 quick_dec -69233 nack_dec -211650
Flow Uec_1997_162 flowId 706 uecSrc 705 finished at 15849.9 total messages 1 total packets 2448 RTS 0 total bytes 10002528 in_flight now 0 fair_inc 415863 prop_inc 26529 fast_inc 0 eta_inc 436272 multi_dec -1077760 quick_dec -84647 nack_dec -186750
Flow Uec_530_2327 flowId 943 uecSrc 942 finished at 16090.3 total messages 1 total packets 2448 RTS 0 total bytes 10002528 in_flight now 0 fair_inc 553379 prop_inc 20220 fast_inc 0 eta_inc 441040 multi_dec -1361996 quick_dec -7512 nack_dec -195050
Flow Uec_2030_185 flowId 205 uecSrc 204 finished at 16100.4 total messages 1 total packets 2448 RTS 0 total bytes 10002528 in_flight now 0 fair_inc 536638 prop_inc 23162 fast_inc 0 eta_inc 442232 multi_dec -1328067 quick_dec -35592 nack_dec -199200
Flow Uec_549_2313 flowId 249 uecSrc 248 finished at 16313.9 total messages 1 total packets 2448 RTS 0 total bytes 10002528 in_flight now 0 fair_inc 664380 prop_inc 11098 fast_inc 0 eta_inc 446404 multi_dec -1545740 quick_dec -23805 nack_dec -207500
Flow Uec_3485_1644 flowId 1599 uecSrc 1598 finished at 16328.1 total messages 1 total packets 2448 RTS 0 total bytes 10002528 in_flight now 0 fair_inc 545549 prop_inc 14833 fast_inc 0 eta_inc 447596 multi_dec -1412905 quick_dec -54297 nack_dec -203350
Flow Uec_3512_1607 flowId 1247 uecSrc 1246 finished at 16595.1 total messages 1 total packets 2448 RTS 0 total bytes 10002528 in_flight now 0 fair_inc 558931 prop_inc 13629 fast_inc 0 eta_inc 455344 multi_dec -1398571 quick_dec -39256 nack_dec -211650
Flow Uec_3490_1615 flowId 331 uecSrc 330 finished at 16663.7 total messages 1 total packets 2448 RTS 0 total bytes 10002528 in_flight now 0 fair_inc 531523 prop_inc 22800 fast_inc 0 eta_inc 457132 multi_dec -1358546 quick_dec -84602 nack_dec -195050
Flow Uec_2034_180 flowId 1113 uecSrc 1112 finished at 16733.1 total messages 1 total packets 2448 RTS 0 total bytes 10002528 in_flight now 0 fair_inc 562532 prop_inc 15734 fast_inc 0 eta_inc 460708 multi_dec -1431247 quick_dec -33846 nack_dec -232400
Flow Uec_2008_149 flowId 144 uecSrc 143 finished at 16757.1 total messages 1 total packets 2448 RTS 0 total bytes 10002528 in_flight now 0 fair_inc 559862 prop_inc 15693 fast_inc 0 eta_inc 461304 multi_dec -1406913 quick_dec -26456 nack_dec -211650
Flow Uec_1999_133 flowId 915 uecSrc 914 finished at 16807.7 total messages 1 total packets 2448 RTS 0 total bytes 10002528 in_flight now 0 fair_inc 554511 prop_inc 14895 fast_inc 0 eta_inc 462496 multi_dec -1401360 quick_dec -89465 nack_dec -195050
Flow Uec_2036_163 flowId 1755 uecSrc 1754 finished at 16821.8 total messages 1 total packets 2448 RTS 0 total bytes 10002528 in_flight now 0 fair_inc 509689 prop_inc 22175 fast_inc 0 eta_inc 461900 multi_dec -1350718 quick_dec -35200 nack_dec -203350
Flow Uec_3517_1627 flowId 1372 uecSrc 1371 finished at 16837.8 total messages 1 total packets 2448 RTS 0 total bytes 10002528 in_flight now 0 fair_inc 516158 prop_inc 25313 fast_inc 0 eta_inc 461304 multi_dec -1371589 quick_dec -25247 nack_dec -207500
Flow Uec_3480_1662 flowId 1655 uecSrc 1654 finished at 16895.6 total messages 1 total packets 2448 RTS 0 total bytes 10002528 in_flight now 0 fair_inc 534023 prop_inc 19024 fast_inc 0 eta_inc 461900 multi_dec -1410728 quick_dec -41273 nack_dec -211650
Flow Uec_1986_137 flowId 1519 uecSrc 1518 finished at 16995.6 total messages 1 total packets 2448 RTS 0 total bytes 10002528 in_flight now 0 fair_inc 417204 prop_inc 27477 fast_inc 0 eta_inc 468456 multi_dec -1202405 quick_dec -63357 nack_dec -203350
Flow Uec_2014_140 flowId 711 uecSrc 710 finished at 17019.8 total messages 1 total packets 2448 RTS 0 total bytes 10002528 in_flight now 0 fair_inc 554578 prop_inc 19586 fast_inc 0 eta_inc 468456 multi_dec -1369353 quick_dec -69889 nack_dec -219950
Flow Uec_1238_3022 flowId 1490 uecSrc 1489 finished at 17034.6 total messages 1 total packets 2448 RTS 0 total bytes 10002528 in_flight now 0 fair_inc 574174 prop_inc 21818 fast_inc 0 eta_inc 465476 multi_dec -1423925 quick_dec -70301 nack_dec -203350
Flow Uec_3511_1610 flowId 771 uecSrc 770 finished at 17065.1 total messages 1 total packets 2448 RTS 0 total bytes 10002528 in_flight now 0 fair_inc 574577 prop_inc 17416 fast_inc 0 eta_inc 468456 multi_dec -1457250 quick_dec -46981 nack_dec -207500
Flow Uec_2021_182 flowId 1368 uecSrc 1367 finished at 17071.2 total messages 1 total packets 2448 RTS 0 total bytes 10002528 in_flight now 0 fair_inc 495303 prop_inc 19971 fast_inc 0 eta_inc 470244 multi_dec -1291896 quick_dec -88549 nack_dec -182600
Flow Uec_2024_146 flowId 1199 uecSrc 1198 finished at 17133.6 total messages 1 total packets 2448 RTS 0 total bytes 10002528 in_flight now 0 fair_inc 544982 prop_inc 17812 fast_inc 0 eta_inc 471436 multi_dec -1391983 quick_dec -70727 nack_dec -199200
Flow Uec_524_2335 flowId 606 uecSrc 605 finished at 17166.7 total messages 1 total packets 2448 RTS 0 total bytes 10002528 in_flight now 0 fair_inc 623398 prop_inc 13950 fast_inc 0 eta_inc 470244 multi_dec -1588544 quick_dec -17481 nack_dec -203350
Flow Uec_2005_148 flowId 1758 uecSrc 1757 finished at 17248.7 total messages 1 total packets 2448 RTS 0 total bytes 10002528 in_flight now 0 fair_inc 533531 prop_inc 17484 fast_inc 0 eta_inc 474416 multi_dec -1365640 quick_dec -49747 nack_dec -211650
Flow Uec_3495_1618 flowId 151 uecSrc 150 finished at 17268.7 total messages 1 total packets 2448 RTS 0 total bytes 10002528 in_flight now 0 fair_inc 449793 prop_inc 20658 fast_inc 0 eta_inc 474416 multi_dec -1195653 quick_dec -87497 nack_dec -178450
Flow Uec_541_2311 flowId 300 uecSrc 299 finished at 17292.6 total messages 1 total packets 2448 RTS 0 total bytes 10002528 in_flight now 0 fair_inc 504246 prop_inc 25979 fast_inc 0 eta_inc 475012 multi_dec -1347989 quick_dec -11278 nack_dec -190900
Flow Uec_2007_152 flowId 1124 uecSrc 1123 finished at 17306.6 total messages 1 total packets 2448 RTS 0 total bytes 10002528 in_flight now 0 fair_inc 548422 prop_inc 22724 fast_inc 0 eta_inc 476800 multi_dec -1381605 quick_dec -41251 nack_dec -203350
Flow Uec_1231_3066 flowId 664 uecSrc 663 finished at 17433.4 total messages 1 total packets 2448 RTS 0 total bytes 10002528 in_flight now 0 fair_inc 519905 prop_inc 18075 fast_inc 0 eta_inc 478588 multi_dec -1369272 quick_dec --5203 nack_dec -211650
Flow Uec_2042_174 flowId 1620 uecSrc 1619 finished at 17462.8 total messages 1 total packets 2448 RTS 0 total bytes 10002528 in_flight now 0 fair_inc 430450 prop_inc 28902 fast_inc 0 eta_inc 482760 multi_dec -1202126 quick_dec -29060 nack_dec -186750
Flow Uec_2017_129 flowId 184 uecSrc 183 finished at 17468.9 total messages 1 total packets 2448 RTS 0 total bytes 10002528 in_flight now 0 fair_inc 465023 prop_inc 22095 fast_inc 0 eta_inc 486932 multi_dec -1283366 quick_dec -74451 nack_dec -195050
Flow Uec_2000_159 flowId 571 uecSrc 570 finished at 17545.1 total messages 1 total packets 2448 RTS 0 total bytes 10002528 in_flight now 0 fair_inc 504757 prop_inc 26589 fast_inc 0 eta_inc 484548 multi_dec -1341569 quick_dec -8608 nack_dec -215800
Flow Uec_3421_1562 flowId 58 uecSrc 57 finished at 17566.6 total messages 1 total packets 2448 RTS 0 total bytes 10002528 in_flight now 0 fair_inc 547083 prop_inc 21809 fast_inc 0 eta_inc 479780 multi_dec -1417910 quick_dec -99947 nack_dec -207500
Flow Uec_2001_167 flowId 1147 uecSrc 1146 finished at 17568.2 total messages 1 total packets 2448 RTS 0 total bytes 10002528 in_flight now 0 fair_inc 448557 prop_inc 33047 fast_inc 0 eta_inc 483952 multi_dec -1253928 quick_dec -31307 nack_dec -203350
Flow Uec_1244_3057 flowId 1369 uecSrc 1368 finished at 17568.7 total messages 1 total packets 2448 RTS 0 total bytes 10002528 in_flight now 0 fair_inc 546911 prop_inc 12213 fast_inc 0 eta_inc 480376 multi_dec -1466711 quick_dec -18276 nack_dec -207500
Flow Uec_1216_3009 flowId 29 uecSrc 28 finished at 17596.4 total messages 1 total packets 2448 RTS 0 total bytes 10002528 in_flight now 0 fair_inc 500033 prop_inc 17787 fast_inc 0 eta_inc 480972 multi_dec -1327582 quick_dec -18721 nack_dec -211650
Flow Uec_3474_1648 flowId 1356 uecSrc 1355 finished at 17632 total messages 1 total packets 2448 RTS 0 total bytes 10002528 in_flight now 0 fair_inc 532973 prop_inc 18228 fast_inc 0 eta_inc 483356 multi_dec -1395393 quick_dec -41273 nack_dec -215800
Flow Uec_551_2342 flowId 271 uecSrc 270 finished at 17644.3 total messages 1 total packets 2448 RTS 0 total bytes 10002528 in_flight now 0 fair_inc 613371 prop_inc 12067 fast_inc 0 eta_inc 483952 multi_dec -1601009 quick_dec -44448 nack_dec -182600
Flow Uec_2002_134 flowId 844 uecSrc 843 finished at 17684.8 total messages 1 total packets 2448 RTS 0 total bytes 10002528 in_flight now 0 fair_inc 469213 prop_inc 43385 fast_inc 0 eta_inc 489316 multi_dec -1302148 quick_dec --65 nack_dec -211650
Flow Uec_2910_1084 flowId 199 uecSrc 198 finished at 17726.2 total messages 1 total packets 2448 RTS 0 total bytes 10002528 in_flight now 0 fair_inc 626968 prop_inc 9705 fast_inc 0 eta_inc 479780 multi_dec -1550379 quick_dec -87701 nack_dec -215800
Flow Uec_2032_176 flowId 131 uecSrc 130 finished at 17744.6 total messages 1 total packets 2448 RTS 0 total bytes 10002528 in_flight now 0 fair_inc 498511 prop_inc 42995 fast_inc 0 eta_inc 490508 multi_dec -1345169 quick_dec -45568 nack_dec -219950
Flow Uec_3467_1602 flowId 1650 uecSrc 1649 finished at 17777.3 total messages 1 total packets 2448 RTS 0 total bytes 10002528 in_flight now 0 fair_inc 455700 prop_inc 27451 fast_inc 0 eta_inc 489912 multi_dec -1238127 quick_dec -52827 nack_dec -157700
Flow Uec_518_2319 flowId 1716 uecSrc 1715 finished at 17782.9 total messages 1 total packets 2448 RTS 0 total bytes 10002528 in_flight now 0 fair_inc 533371 prop_inc 19528 fast_inc 0 eta_inc 488124 multi_dec -1445472 quick_dec -70897 nack_dec -203350
Flow Uec_1251_3055 flowId 478 uecSrc 477 finished at 17793.4 total messages 1 total packets 2448 RTS 0 total bytes 10002528 in_flight now 0 fair_inc 546182 prop_inc 17850 fast_inc 0 eta_inc 487528 multi_dec -1423521 quick_dec -25247 nack_dec -215800
Flow Uec_525_2334 flowId 1555 uecSrc 1554 finished at 17803.3 total messages 1 total packets 2448 RTS 0 total bytes 10002528 in_flight now 0 fair_inc 519179 prop_inc 26314 fast_inc 0 eta_inc 486932 multi_dec -1406065 quick_dec -40972 nack_dec -195050
Flow Uec_2029_161 flowId 46 uecSrc 45 finished at 17810.8 total messages 1 total packets 2448 RTS 0 total bytes 10002528 in_flight now 0 fair_inc 404906 prop_inc 71594 fast_inc 0 eta_inc 497064 multi_dec -1219767 quick_dec -53701 nack_dec -203350
Flow Uec_547_2366 flowId 735 uecSrc 734 finished at 17863.2 total messages 1 total packets 2448 RTS 0 total bytes 10002528 in_flight now 0 fair_inc 591873 prop_inc 12033 fast_inc 0 eta_inc 488720 multi_dec -1582223 quick_dec -12201 nack_dec -203350
Flow Uec_517_2330 flowId 1560 uecSrc 1559 finished at 17870.9 total messages 1 total packets 2448 RTS 0 total bytes 10002528 in_flight now 0 fair_inc 584299 prop_inc 17323 fast_inc 0 eta_inc 491104 multi_dec -1532146 quick_dec -84499 nack_dec -178450
Flow Uec_3481_1653 flowId 991 uecSrc 990 finished at 17901.9 total messages 1 total packets 2448 RTS 0 total bytes 10002528 in_flight now 0 fair_inc 542162 prop_inc 18424 fast_inc 0 eta_inc 491700 multi_dec -1452720 quick_dec -20486 nack_dec -203350
Flow Uec_2039_172 flowId 792 uecSrc 791 finished at 17908.7 total messages 1 total packets 2448 RTS 0 total bytes 10002528 in_flight now 0 fair_inc 331595 prop_inc 138497 fast_inc 19194 eta_inc 499448 multi_dec -1112230 quick_dec -22412 nack_dec -219950
Flow Uec_559_2352 flowId 710 uecSrc 709 finished at 17933.2 total messages 1 total packets 2448 RTS 0 total bytes 10002528 in_flight now 0 fair_inc 597313 prop_inc 16113 fast_inc 0 eta_inc 491700 multi_dec -1539529 quick_dec -43905 nack_dec -199200
Flow Uec_3477_1636 flowId 526 uecSrc 525 finished at 18026.8 total messages 1 total packets 2448 RTS 0 total bytes 10002528 in_flight now 0 fair_inc 547086 prop_inc 15873 fast_inc 0 eta_inc 495276 multi_dec -1439997 quick_dec -24651 nack_dec -203350
Flow Uec_555_2336 flowId 1352 uecSrc 1351 finished at 18067.4 total messages 1 total packets 2448 RTS 0 total bytes 10002528 in_flight now 0 fair_inc 560829 prop_inc 15563 fast_inc 0 eta_inc 495276 multi_dec -1493216 quick_dec -24403 nack_dec -207500
Flow Uec_1217_3016 flowId 1685 uecSrc 1684 finished at 18080 total messages 1 total packets 2448 RTS 0 total bytes 10002528 in_flight now 0 fair_inc 524940 prop_inc 14302 fast_inc 0 eta_inc 494680 multi_dec -1394932 quick_dec -27289 nack_dec -215800
Flow Uec_3502_1609 flowId 455 uecSrc 454 finished at 18080.4 total messages 1 total packets 2448 RTS 0 total bytes 10002528 in_flight now 0 fair_inc 520303 prop_inc 14071 fast_inc 0 eta_inc 496468 multi_dec -1353439 quick_dec -29342 nack_dec -224100
Flow Uec_3501_1631 flowId 954 uecSrc 953 finished at 18133.4 total messages 1 total packets 2448 RTS 0 total bytes 10002528 in_flight now 0 fair_inc 491864 prop_inc 18730 fast_inc 0 eta_inc 498256 multi_dec -1354129 quick_dec -28801 nack_dec -207500
Flow Uec_3479_1624 flowId 688 uecSrc 687 finished at 18165.7 total messages 1 total packets 2448 RTS 0 total bytes 10002528 in_flight now 0 fair_inc 560005 prop_inc 17650 fast_inc 0 eta_inc 500044 multi_dec -1510732 quick_dec -33547 nack_dec -203350
Flow Uec_570_2323 flowId 213 uecSrc 212 finished at 18199.7 total messages 1 total packets 2448 RTS 0 total bytes 10002528 in_flight now 0 fair_inc 536998 prop_inc 17824 fast_inc 0 eta_inc 499448 multi_dec -1474578 quick_dec -58074 nack_dec -203350
Flow Uec_3457_1616 flowId 1634 uecSrc 1633 finished at 18229.5 total messages 1 total packets 2448 RTS 0 total bytes 10002528 in_flight now 0 fair_inc 494094 prop_inc 18440 fast_inc 0 eta_inc 501832 multi_dec -1380619 quick_dec -16351 nack_dec -199200
Flow Uec_3498_1651 flowId 88 uecSrc 87 finished at 18232.7 total messages 1 total packets 2448 RTS 0 total bytes 10002528 in_flight now 0 fair_inc 532055 prop_inc 12219 fast_inc 0 eta_inc 500640 multi_dec -1387494 quick_dec -41273 nack_dec -207500
Flow Uec_3514_1604 flowId 1731 uecSrc 1730 finished at 18276.2 total messages 1 total packets 2448 RTS 0 total bytes 10002528 in_flight now 0 fair_inc 528247 prop_inc 19754 fast_inc 0 eta_inc 502428 multi_dec -1371588 quick_dec -41289 nack_dec -219950
Flow Uec_58_1802 flowId 1458 uecSrc 1457 finished at 18294.7 total messages 1 total packets 2448 RTS 0 total bytes 10002528 in_flight now 0 fair_inc 448301 prop_inc 32093 fast_inc 0 eta_inc 498852 multi_dec -1252717 quick_dec -41191 nack_dec -199200
Flow Uec_3505_1655 flowId 1168 uecSrc 1167 finished at 18300 total messages 1 total packets 2448 RTS 0 total bytes 10002528 in_flight now 0 fair_inc 461305 prop_inc 23785 fast_inc 0 eta_inc 503620 multi_dec -1358023 quick_dec -70301 nack_dec -199200
Flow Uec_356_2153 flowId 545 uecSrc 544 finished at 18306 total messages 1 total packets 2448 RTS 0 total bytes 10002528 in_flight now 0 fair_inc 502001 prop_inc 20875 fast_inc 0 eta_inc 499448 multi_dec -1383427 quick_dec -83739 nack_dec -195050
Flow Uec_1220_3018 flowId 1201 uecSrc 1200 finished at 18306.6 total messages 1 total packets 2448 RTS 0 total bytes 10002528 in_flight now 0 fair_inc 529070 prop_inc 18764 fast_inc 0 eta_inc 501236 multi_dec -1461282 quick_dec -67918 nack_dec -199200
Flow Uec_556_2309 flowId 1687 uecSrc 1686 finished at 18338.2 total messages 1 total packets 2448 RTS 0 total bytes 10002528 in_flight now 0 fair_inc 519633 prop_inc 28079 fast_inc 0 eta_inc 501236 multi_dec -1448531 quick_dec -20596 nack_dec -215800
Flow Uec_3430_1544 flowId 484 uecSrc 483 finished at 18380.2 total messages 1 total packets 2448 RTS 0 total bytes 10002528 in_flight now 0 fair_inc 517715 prop_inc 21962 fast_inc 0 eta_inc 501236 multi_dec -1430955 quick_dec -33430 nack_dec -215800
Flow Uec_3397_1564 flowId 429 uecSrc 428 finished at 18438.8 total messages 1 total packets 2448 RTS 0 total bytes 10002528 in_flight now 0 fair_inc 578074 prop_inc 16015 fast_inc 0 eta_inc 501832 multi_dec -1515630 quick_dec -30219 nack_dec -207500
Flow Uec_521_2322 flowId 1551 uecSrc 1550 finished at 18455.3 total messages 1 total packets 2448 RTS 0 total bytes 10002528 in_flight now 0 fair_inc 500468 prop_inc 20357 fast_inc 0 eta_inc 506004 multi_dec -1418657 quick_dec -41164 nack_dec -199200
Flow Uec_546_2353 flowId 293 uecSrc 292 finished at 18489.9 total messages 1 total packets 2448 RTS 0 total bytes 10002528 in_flight now 0 fair_inc 527531 prop_inc 16587 fast_inc 0 eta_inc 507196 multi_dec -1463076 quick_dec -31238 nack_dec -203350
Flow Uec_3484_1638 flowId 1066 uecSrc 1065 finished at 18503.4 total messages 1 total packets 2448 RTS 0 total bytes 10002528 in_flight now 0 fair_inc 456304 prop_inc 31277 fast_inc 0 eta_inc 512560 multi_dec -1311320 quick_dec -32160 nack_dec -195050
Flow Uec_1221_3012 flowId 1420 uecSrc 1419 finished at 18506.9 total messages 1 total packets 2448 RTS 0 total bytes 10002528 in_flight now 0 fair_inc 499875 prop_inc 21400 fast_inc 0 eta_inc 507196 multi_dec -1428378 quick_dec -22081 nack_dec -186750
Flow Uec_3509_1649 flowId 814 uecSrc 813 finished at 18524.8 total messages 1 total packets 2448 RTS 0 total bytes 10002528 in_flight now 0 fair_inc 464488 prop_inc 28484 fast_inc 0 eta_inc 510772 multi_dec -1319732 quick_dec -45401 nack_dec -211650
Flow Uec_558_2329 flowId 1286 uecSrc 1285 finished at 18527.2 total messages 1 total packets 2448 RTS 0 total bytes 10002528 in_flight now 0 fair_inc 563928 prop_inc 20355 fast_inc 0 eta_inc 508984 multi_dec -1450988 quick_dec -9142 nack_dec -219950
Flow Uec_3516_1652 flowId 327 uecSrc 326 finished at 18535.5 total messages 1 total packets 2448 RTS 0 total bytes 10002528 in_flight now 0 fair_inc 489471 prop_inc 28947 fast_inc 0 eta_inc 510772 multi_dec -1330486 quick_dec -49573 nack_dec -211650
Flow Uec_552_2350 flowId 1282 uecSrc 1281 finished at 18564.2 total messages 1 total packets 2448 RTS 0 total bytes 10002528 in_flight now 0 fair_inc 502665 prop_inc 25976 fast_inc 0 eta_inc 515540 multi_dec -1452988 quick_dec -31561 nack_dec -199200
Flow Uec_572_2349 flowId 210 uecSrc 209 finished at 18572.1 total messages 1 total packets 2448 RTS 0 total bytes 10002528 in_flight now 0 fair_inc 570903 prop_inc 32006 fast_inc 0 eta_inc 510772 multi_dec -1588732 quick_dec -58116 nack_dec -195050
Flow Uec_520_2351 flowId 246 uecSrc 245 finished at 18576.4 total messages 1 total packets 2448 RTS 0 total bytes 10002528 in_flight now 0 fair_inc 516526 prop_inc 25134 fast_inc 0 eta_inc 511368 multi_dec -1435354 quick_dec -6583 nack_dec -207500
Flow Uec_574_2348 flowId 942 uecSrc 941 finished at 18577.4 total messages 1 total packets 2448 RTS 0 total bytes 10002528 in_flight now 0 fair_inc 483545 prop_inc 29871 fast_inc 0 eta_inc 511368 multi_dec -1400730 quick_dec -47159 nack_dec -199200
Flow Uec_331_2131 flowId 1216 uecSrc 1215 finished at 18589.1 total messages 1 total packets 2448 RTS 0 total bytes 10002528 in_flight now 0 fair_inc 581773 prop_inc 8605 fast_inc 0 eta_inc 503024 multi_dec -1568738 quick_dec -47419 nack_dec -211650
Flow Uec_1245_3069 flowId 1459 uecSrc 1458 finished at 18639.2 total messages 1 total packets 2448 RTS 0 total bytes 10002528 in_flight now 0 fair_inc 528434 prop_inc 18373 fast_inc 0 eta_inc 510176 multi_dec -1493510 quick_dec -28579 nack_dec -199200
Flow Uec_1243_3061 flowId 1413 uecSrc 1412 finished at 18670.2 total messages 1 total packets 2448 RTS 0 total bytes 10002528 in_flight now 0 fair_inc 507094 prop_inc 21685 fast_inc 0 eta_inc 512560 multi_dec -1415164 quick_dec -25247 nack_dec -207500
Flow Uec_3472_1659 flowId 1254 uecSrc 1253 finished at 18703.4 total messages 1 total packets 2448 RTS 0 total bytes 10002528 in_flight now 0 fair_inc 357621 prop_inc 79996 fast_inc 0 eta_inc 518520 multi_dec -1186756 quick_dec -37697 nack_dec -211650
Flow Uec_1249_3052 flowId 1756 uecSrc 1755 finished at 18706.1 total messages 1 total packets 2448 RTS 0 total bytes 10002528 in_flight now 0 fair_inc 534754 prop_inc 21382 fast_inc 0 eta_inc 516136 multi_dec -1453332 quick_dec -81365 nack_dec -207500
Flow Uec_3496_1611 flowId 750 uecSrc 749 finished at 18709.5 total messages 1 total packets 2448 RTS 0 total bytes 10002528 in_flight now 0 fair_inc 396317 prop_inc 77001 fast_inc 0 eta_inc 518520 multi_dec -1289236 quick_dec -45997 nack_dec -203350
Flow Uec_545_2306 flowId 790 uecSrc 789 finished at 18723.8 total messages 1 total packets 2448 RTS 0 total bytes 10002528 in_flight now 0 fair_inc 415894 prop_inc 94820 fast_inc 0 eta_inc 516732 multi_dec -1297324 quick_dec -53541 nack_dec -182600
Flow Uec_522_2361 flowId 896 uecSrc 895 finished at 18726.6 total messages 1 total packets 2448 RTS 0 total bytes 10002528 in_flight now 0 fair_inc 409791 prop_inc 98121 fast_inc 0 eta_inc 517328 multi_dec -1295164 quick_dec -23471 nack_dec -215800
Flow Uec_1270_3033 flowId 529 uecSrc 528 finished at 18796.2 total messages 1 total packets 2448 RTS 0 total bytes 10002528 in_flight now 0 fair_inc 500213 prop_inc 19897 fast_inc 0 eta_inc 516136 multi_dec -1380605 quick_dec -25386 nack_dec -211650
Flow Uec_1240_3035 flowId 1795 uecSrc 1794 finished at 18808 total messages 1 total packets 2448 RTS 0 total bytes 10002528 in_flight now 0 fair_inc 537300 prop_inc 14415 fast_inc 0 eta_inc 514944 multi_dec -1471666 quick_dec -39259 nack_dec -195050
Flow Uec_1239_3046 flowId 749 uecSrc 748 finished at 18826.4 total messages 1 total packets 2448 RTS 0 total bytes 10002528 in_flight now 0 fair_inc 537677 prop_inc 21303 fast_inc 0 eta_inc 516732 multi_dec -1472573 quick_dec -28801 nack_dec -199200
Flow Uec_3402_1596 flowId 412 uecSrc 411 finished at 18847.3 total messages 1 total packets 2448 RTS 0 total bytes 10002528 in_flight now 0 fair_inc 431892 prop_inc 29204 fast_inc 0 eta_inc 515540 multi_dec -1287139 quick_dec -86923 nack_dec -199200
Flow Uec_1277_3054 flowId 863 uecSrc 862 finished at 18854.4 total messages 1 total packets 2448 RTS 0 total bytes 10002528 in_flight now 0 fair_inc 485543 prop_inc 24641 fast_inc 0 eta_inc 522096 multi_dec -1386632 quick_dec -71878 nack_dec -186750
Flow Uec_1273_3024 flowId 430 uecSrc 429 finished at 18916.3 total messages 1 total packets 2448 RTS 0 total bytes 10002528 in_flight now 0 fair_inc 380261 prop_inc 31153 fast_inc 0 eta_inc 522692 multi_dec -1229892 quick_dec -62001 nack_dec -199200
Flow Uec_3398_1561 flowId 1196 uecSrc 1195 finished at 18921.1 total messages 1 total packets 2448 RTS 0 total bytes 10002528 in_flight now 0 fair_inc 634786 prop_inc 14469 fast_inc 0 eta_inc 514944 multi_dec -1695623 quick_dec -70897 nack_dec -195050
Flow Uec_3431_1570 flowId 1370 uecSrc 1369 finished at 18935.5 total messages 1 total packets 2448 RTS 0 total bytes 10002528 in_flight now 0 fair_inc 555946 prop_inc 15524 fast_inc 0 eta_inc 521500 multi_dec -1561361 quick_dec -11695 nack_dec -203350
Flow Uec_3399_1599 flowId 642 uecSrc 641 finished at 18955.9 total messages 1 total packets 2448 RTS 0 total bytes 10002528 in_flight now 0 fair_inc 575906 prop_inc 12606 fast_inc 0 eta_inc 517328 multi_dec -1529846 quick_dec -50769 nack_dec -211650
Flow Uec_1266_3058 flowId 1083 uecSrc 1082 finished at 19028 total messages 1 total packets 2448 RTS 0 total bytes 10002528 in_flight now 0 fair_inc 485297 prop_inc 26080 fast_inc 0 eta_inc 522096 multi_dec -1449934 quick_dec -64981 nack_dec -215800
Flow Uec_1267_3070 flowId 333 uecSrc 332 finished at 19035.9 total messages 1 total packets 2448 RTS 0 total bytes 10002528 in_flight now 0 fair_inc 453918 prop_inc 32549 fast_inc 0 eta_inc 522096 multi_dec -1360566 quick_dec -14283 nack_dec -215800
Flow Uec_3433_1555 flowId 1070 uecSrc 1069 finished at 19047.3 total messages 1 total packets 2448 RTS 0 total bytes 10002528 in_flight now 0 fair_inc 440244 prop_inc 26459 fast_inc 0 eta_inc 520308 multi_dec -1329597 quick_dec -89631 nack_dec -186750
Flow Uec_2889_1046 flowId 94 uecSrc 93 finished at 19087.3 total messages 1 total packets 2448 RTS 0 total bytes 10002528 in_flight now 0 fair_inc 553208 prop_inc 14055 fast_inc 0 eta_inc 518520 multi_dec -1576891 quick_dec -70293 nack_dec -215800
Flow Uec_1241_3020 flowId 374 uecSrc 373 finished at 19129.5 total messages 1 total packets 2448 RTS 0 total bytes 10002528 in_flight now 0 fair_inc 473207 prop_inc 21546 fast_inc 0 eta_inc 526268 multi_dec -1358972 quick_dec -20584 nack_dec -203350
Flow Uec_1223_3063 flowId 303 uecSrc 302 finished at 19136.6 total messages 1 total packets 2448 RTS 0 total bytes 10002528 in_flight now 0 fair_inc 469295 prop_inc 35913 fast_inc 0 eta_inc 526864 multi_dec -1390366 quick_dec -24313 nack_dec -199200
Flow Uec_3413_1576 flowId 591 uecSrc 590 finished at 19192.9 total messages 1 total packets 2448 RTS 0 total bytes 10002528 in_flight now 0 fair_inc 539497 prop_inc 15644 fast_inc 0 eta_inc 523288 multi_dec -1571770 quick_dec -23757 nack_dec -207500
Flow Uec_3418_1554 flowId 924 uecSrc 923 finished at 19208.9 total messages 1 total packets 2448 RTS 0 total bytes 10002528 in_flight now 0 fair_inc 520499 prop_inc 20636 fast_inc 0 eta_inc 524480 multi_dec -1484117 quick_dec -84671 nack_dec -195050
Flow Uec_369_2141 flowId 547 uecSrc 546 finished at 19222 total messages 1 total packets 2448 RTS 0 total bytes 10002528 in_flight now 0 fair_inc 587115 prop_inc 16296 fast_inc 0 eta_inc 522096 multi_dec -1549465 quick_dec -49525 nack_dec -228250
Flow Uec_6_1801 flowId 389 uecSrc 388 finished at 19312.7 total messages 1 total packets 2448 RTS 0 total bytes 10002528 in_flight now 0 fair_inc 525155 prop_inc 17999 fast_inc 0 eta_inc 528056 multi_dec -1511191 quick_dec -88712 nack_dec -195050
Flow Uec_45_1850 flowId 866 uecSrc 865 finished at 19314.8 total messages 1 total packets 2448 RTS 0 total bytes 10002528 in_flight now 0 fair_inc 603520 prop_inc 17402 fast_inc 0 eta_inc 526864 multi_dec -1674491 quick_dec -16947 nack_dec -211650
Flow Uec_1253_3068 flowId 323 uecSrc 322 finished at 19367.3 total messages 1 total packets 2448 RTS 0 total bytes 10002528 in_flight now 0 fair_inc 412271 prop_inc 44059 fast_inc 0 eta_inc 533420 multi_dec -1298160 quick_dec -44817 nack_dec -215800
Flow Uec_1252_3031 flowId 504 uecSrc 503 finished at 19420.5 total messages 1 total packets 2448 RTS 0 total bytes 10002528 in_flight now 0 fair_inc 395617 prop_inc 54596 fast_inc 0 eta_inc 538188 multi_dec -1280755 quick_dec -21045 nack_dec -203350
Flow Uec_2989_1123 flowId 1559 uecSrc 1558 finished at 19438.1 total messages 1 total packets 2448 RTS 0 total bytes 10002528 in_flight now 0 fair_inc 620288 prop_inc 10475 fast_inc 0 eta_inc 527460 multi_dec -1684005 quick_dec -73517 nack_dec -228250
Flow Uec_1271_3044 flowId 104 uecSrc 103 finished at 19472.6 total messages 1 total packets 2448 RTS 0 total bytes 10002528 in_flight now 0 fair_inc 398392 prop_inc 86991 fast_inc 0 eta_inc 537592 multi_dec -1281189 quick_dec -20931 nack_dec -195050
Flow Uec_1232_3017 flowId 299 uecSrc 298 finished at 19537.8 total messages 1 total packets 2448 RTS 0 total bytes 10002528 in_flight now 0 fair_inc 383521 prop_inc 120850 fast_inc 0 eta_inc 542360 multi_dec -1250569 quick_dec -52554 nack_dec -219950
Flow Uec_1153_2998 flowId 1338 uecSrc 1337 finished at 19542.1 total messages 1 total packets 2448 RTS 0 total bytes 10002528 in_flight now 0 fair_inc 560568 prop_inc 20334 fast_inc 0 eta_inc 535804 multi_dec -1580642 quick_dec -40650 nack_dec -215800
Flow Uec_1182_2989 flowId 696 uecSrc 695 finished at 19566.1 total messages 1 total packets 2448 RTS 0 total bytes 10002528 in_flight now 0 fair_inc 577568 prop_inc 19770 fast_inc 0 eta_inc 529248 multi_dec -1543181 quick_dec -36136 nack_dec -224100
Flow Uec_3447_1573 flowId 109 uecSrc 108 finished at 19575.2 total messages 1 total packets 2448 RTS 0 total bytes 10002528 in_flight now 0 fair_inc 546399 prop_inc 16617 fast_inc 0 eta_inc 534612 multi_dec -1550178 quick_dec -31018 nack_dec -215800
Flow Uec_1_1813 flowId 1158 uecSrc 1157 finished at 19620.7 total messages 1 total packets 2448 RTS 0 total bytes 10002528 in_flight now 0 fair_inc 530365 prop_inc 22609 fast_inc 0 eta_inc 535208 multi_dec -1560296 quick_dec -75047 nack_dec -207500
Flow Uec_36_1809 flowId 292 uecSrc 291 finished at 19639.7 total messages 1 total packets 2448 RTS 0 total bytes 10002528 in_flight now 0 fair_inc 584869 prop_inc 13439 fast_inc 0 eta_inc 534612 multi_dec -1620230 quick_dec -32377 nack_dec -215800
Flow Uec_365_2169 flowId 41 uecSrc 40 finished at 19665.7 total messages 1 total packets 2448 RTS 0 total bytes 10002528 in_flight now 0 fair_inc 562211 prop_inc 16331 fast_inc 0 eta_inc 533420 multi_dec -1601008 quick_dec -50000 nack_dec -211650
Flow Uec_1159_2981 flowId 468 uecSrc 467 finished at 19687 total messages 1 total packets 2448 RTS 0 total bytes 10002528 in_flight now 0 fair_inc 552351 prop_inc 14874 fast_inc 0 eta_inc 534612 multi_dec -1555775 quick_dec -52007 nack_dec -232400
Flow Uec_1042_2853 flowId 1396 uecSrc 1395 finished at 19710.7 total messages 1 total packets 2448 RTS 0 total bytes 10002528 in_flight now 0 fair_inc 519555 prop_inc 27327 fast_inc 0 eta_inc 536400 multi_dec -1536778 quick_dec -32402 nack_dec -182600
Flow Uec_1081_2858 flowId 530 uecSrc 529 finished at 19733.7 total messages 1 total packets 2448 RTS 0 total bytes 10002528 in_flight now 0 fair_inc 566158 prop_inc 17060 fast_inc 0 eta_inc 535804 multi_dec -1594840 quick_dec -21015 nack_dec -207500
Flow Uec_3392_1579 flowId 503 uecSrc 502 finished at 19747.2 total messages 1 total packets 2448 RTS 0 total bytes 10002528 in_flight now 0 fair_inc 519970 prop_inc 19436 fast_inc 0 eta_inc 542360 multi_dec -1539081 quick_dec -22311 nack_dec -203350
Flow Uec_3412_1556 flowId 754 uecSrc 753 finished at 19772.7 total messages 1 total packets 2448 RTS 0 total bytes 10002528 in_flight now 0 fair_inc 526047 prop_inc 22858 fast_inc 0 eta_inc 539380 multi_dec -1537904 quick_dec -19779 nack_dec -199200
Flow Uec_2913_1031 flowId 191 uecSrc 190 finished at 19832.2 total messages 1 total packets 2448 RTS 0 total bytes 10002528 in_flight now 0 fair_inc 549820 prop_inc 16437 fast_inc 0 eta_inc 536996 multi_dec -1513401 quick_dec -33797 nack_dec -232400
Flow Uec_88_1877 flowId 361 uecSrc 360 finished at 19840.3 total messages 1 total packets 2448 RTS 0 total bytes 10002528 in_flight now 0 fair_inc 553884 prop_inc 18253 fast_inc 0 eta_inc 534612 multi_dec -1577776 quick_dec -31990 nack_dec -224100
Flow Uec_3449_1565 flowId 185 uecSrc 184 finished at 19857.2 total messages 1 total packets 2448 RTS 0 total bytes 10002528 in_flight now 0 fair_inc 519391 prop_inc 21484 fast_inc 0 eta_inc 542360 multi_dec -1538433 quick_dec -83129 nack_dec -203350
Flow Uec_3432_1542 flowId 821 uecSrc 820 finished at 19877.2 total messages 1 total packets 2448 RTS 0 total bytes 10002528 in_flight now 0 fair_inc 433345 prop_inc 31411 fast_inc 0 eta_inc 548320 multi_dec -1361998 quick_dec -75329 nack_dec -199200
Flow Uec_2955_1133 flowId 235 uecSrc 234 finished at 19912.1 total messages 1 total packets 2448 RTS 0 total bytes 10002528 in_flight now 0 fair_inc 559170 prop_inc 18944 fast_inc 0 eta_inc 539380 multi_dec -1571435 quick_dec -77491 nack_dec -215800
Flow Uec_3451_1547 flowId 1507 uecSrc 1506 finished at 19944.8 total messages 1 total packets 2448 RTS 0 total bytes 10002528 in_flight now 0 fair_inc 450244 prop_inc 34309 fast_inc 0 eta_inc 549512 multi_dec -1332754 quick_dec -75665 nack_dec -211650
Flow Uec_3444_1583 flowId 856 uecSrc 855 finished at 19949.9 total messages 1 total packets 2448 RTS 0 total bytes 10002528 in_flight now 0 fair_inc 504480 prop_inc 22424 fast_inc 0 eta_inc 545340 multi_dec -1563312 quick_dec -62597 nack_dec -203350
Flow Uec_50_1805 flowId 231 uecSrc 230 finished at 19976.9 total messages 1 total packets 2448 RTS 0 total bytes 10002528 in_flight now 0 fair_inc 541987 prop_inc 19454 fast_inc 0 eta_inc 544148 multi_dec -1609311 quick_dec -41251 nack_dec -203350
Flow Uec_370_2134 flowId 793 uecSrc 792 finished at 19992.6 total messages 1 total packets 2448 RTS 0 total bytes 10002528 in_flight now 0 fair_inc 542415 prop_inc 17068 fast_inc 0 eta_inc 544148 multi_dec -1523657 quick_dec -23051 nack_dec -224100
Flow Uec_3446_1584 flowId 1739 uecSrc 1738 finished at 20013.7 total messages 1 total packets 2448 RTS 0 total bytes 10002528 in_flight now 0 fair_inc 513369 prop_inc 25568 fast_inc 0 eta_inc 546532 multi_dec -1496298 quick_dec -20523 nack_dec -211650
Flow Uec_21_1792 flowId 87 uecSrc 86 finished at 20029.8 total messages 1 total packets 2448 RTS 0 total bytes 10002528 in_flight now 0 fair_inc 537759 prop_inc 17058 fast_inc 0 eta_inc 545340 multi_dec -1559303 quick_dec -15834 nack_dec -215800
Flow Uec_2995_1139 flowId 1409 uecSrc 1408 finished at 20045.2 total messages 1 total packets 2448 RTS 0 total bytes 10002528 in_flight now 0 fair_inc 560818 prop_inc 16425 fast_inc 0 eta_inc 543552 multi_dec -1571597 quick_dec -45997 nack_dec -203350
Flow Uec_342_2133 flowId 1714 uecSrc 1713 finished at 20050.3 total messages 1 total packets 2448 RTS 0 total bytes 10002528 in_flight now 0 fair_inc 539903 prop_inc 15311 fast_inc 0 eta_inc 551300 multi_dec -1568105 quick_dec -24651 nack_dec -207500
Flow Uec_2087_221 flowId 1728 uecSrc 1727 finished at 20066.4 total messages 1 total packets 2448 RTS 0 total bytes 10002528 in_flight now 0 fair_inc 586155 prop_inc 16875 fast_inc 0 eta_inc 536400 multi_dec -1636726 quick_dec -58905 nack_dec -224100
Flow Uec_41_1824 flowId 1629 uecSrc 1628 finished at 20067.1 total messages 1 total packets 2448 RTS 0 total bytes 10002528 in_flight now 0 fair_inc 575835 prop_inc 19976 fast_inc 0 eta_inc 547724 multi_dec -1658526 quick_dec -76167 nack_dec -195050
Flow Uec_376_2161 flowId 150 uecSrc 149 finished at 20103.6 total messages 1 total packets 2448 RTS 0 total bytes 10002528 in_flight now 0 fair_inc 468634 prop_inc 23876 fast_inc 0 eta_inc 548916 multi_dec -1425312 quick_dec -76763 nack_dec -195050
Flow Uec_3415_1574 flowId 692 uecSrc 691 finished at 20116.5 total messages 1 total packets 2448 RTS 0 total bytes 10002528 in_flight now 0 fair_inc 478290 prop_inc 26682 fast_inc 0 eta_inc 549512 multi_dec -1485417 quick_dec -13989 nack_dec -207500
Flow Uec_1058_2863 flowId 1754 uecSrc 1753 finished at 20121 total messages 1 total packets 2448 RTS 0 total bytes 10002528 in_flight now 0 fair_inc 554299 prop_inc 15045 fast_inc 0 eta_inc 545936 multi_dec -1612988 quick_dec -28640 nack_dec -211650
Flow Uec_3414_1589 flowId 1546 uecSrc 1545 finished at 20134.1 total messages 1 total packets 2448 RTS 0 total bytes 10002528 in_flight now 0 fair_inc 494034 prop_inc 19629 fast_inc 0 eta_inc 550108 multi_dec -1508357 quick_dec -50358 nack_dec -199200
Flow Uec_1967_126 flowId 985 uecSrc 984 finished at 20139.8 total messages 1 total packets 2448 RTS 0 total bytes 10002528 in_flight now 0 fair_inc 562766 prop_inc 12318 fast_inc 0 eta_inc 545340 multi_dec -1602560 quick_dec -15855 nack_dec -215800
Flow Uec_34_1793 flowId 965 uecSrc 964 finished at 20204.7 total messages 1 total packets 2448 RTS 0 total bytes 10002528 in_flight now 0 fair_inc 559114 prop_inc 12960 fast_inc 0 eta_inc 550704 multi_dec -1578498 quick_dec -109212 nack_dec -170150
Flow Uec_1057_2834 flowId 395 uecSrc 394 finished at 20205.4 total messages 1 total packets 2448 RTS 0 total bytes 10002528 in_flight now 0 fair_inc 604671 prop_inc 16614 fast_inc 0 eta_inc 548916 multi_dec -1730921 quick_dec -3152 nack_dec -219950
Flow Uec_3429_1538 flowId 353 uecSrc 352 finished at 20208 total messages 1 total packets 2448 RTS 0 total bytes 10002528 in_flight now 0 fair_inc 455372 prop_inc 44051 fast_inc 0 eta_inc 551300 multi_dec -1391570 quick_dec -45401 nack_dec -211650
Flow Uec_3426_1593 flowId 1434 uecSrc 1433 finished at 20224 total messages 1 total packets 2448 RTS 0 total bytes 10002528 in_flight now 0 fair_inc 502696 prop_inc 33291 fast_inc 0 eta_inc 553684 multi_dec -1518521 quick_dec -37719 nack_dec -215800
Flow Uec_3408_1582 flowId 644 uecSrc 643 finished at 20238.1 total messages 1 total packets 2448 RTS 0 total bytes 10002528 in_flight now 0 fair_inc 495574 prop_inc 37573 fast_inc 0 eta_inc 556664 multi_dec -1433495 quick_dec -26913 nack_dec -215800
Flow Uec_23_1855 flowId 463 uecSrc 462 finished at 20241 total messages 1 total packets 2448 RTS 0 total bytes 10002528 in_flight now 0 fair_inc 562296 prop_inc 15247 fast_inc 0 eta_inc 551896 multi_dec -1647603 quick_dec -10474 nack_dec -211650
Flow Uec_3442_1537 flowId 787 uecSrc 786 finished at 20242.2 total messages 1 total packets 2448 RTS 0 total bytes 10002528 in_flight now 0 fair_inc 512967 prop_inc 41163 fast_inc 0 eta_inc 554876 multi_dec -1521555 quick_dec -29397 nack_dec -215800
Flow Uec_371_2130 flowId 97 uecSrc 96 finished at 20293.3 total messages 1 total packets 2448 RTS 0 total bytes 10002528 in_flight now 0 fair_inc 547533 prop_inc 14670 fast_inc 0 eta_inc 551896 multi_dec -1564904 quick_dec -25152 nack_dec -215800
Flow Uec_30_1849 flowId 393 uecSrc 392 finished at 20310.9 total messages 1 total packets 2448 RTS 0 total bytes 10002528 in_flight now 0 fair_inc 565703 prop_inc 15280 fast_inc 0 eta_inc 554280 multi_dec -1630542 quick_dec -45103 nack_dec -228250
Flow Uec_328_2140 flowId 1747 uecSrc 1746 finished at 20311.1 total messages 1 total packets 2448 RTS 0 total bytes 10002528 in_flight now 0 fair_inc 515129 prop_inc 16055 fast_inc 0 eta_inc 551896 multi_dec -1617764 quick_dec -30479 nack_dec -207500
Flow Uec_2978_1143 flowId 490 uecSrc 489 finished at 20344.3 total messages 1 total packets 2448 RTS 0 total bytes 10002528 in_flight now 0 fair_inc 590572 prop_inc 15105 fast_inc 0 eta_inc 551896 multi_dec -1675913 quick_dec -14995 nack_dec -211650
Flow Uec_3403_1569 flowId 653 uecSrc 652 finished at 20359.4 total messages 1 total packets 2448 RTS 0 total bytes 10002528 in_flight now 0 fair_inc 415779 prop_inc 125960 fast_inc 0 eta_inc 561432 multi_dec -1314740 quick_dec -84624 nack_dec -195050
Flow Uec_8_1822 flowId 1018 uecSrc 1017 finished at 20362.8 total messages 1 total packets 2448 RTS 0 total bytes 10002528 in_flight now 0 fair_inc 534563 prop_inc 23786 fast_inc 0 eta_inc 556068 multi_dec -1586051 quick_dec -84059 nack_dec -203350
Flow Uec_496_2253 flowId 44 uecSrc 43 finished at 20402.1 total messages 1 total packets 2448 RTS 0 total bytes 10002528 in_flight now 0 fair_inc 474075 prop_inc 28654 fast_inc 0 eta_inc 553684 multi_dec -1445546 quick_dec -91186 nack_dec -207500
Flow Uec_487_2284 flowId 1771 uecSrc 1770 finished at 20427.3 total messages 1 total packets 2448 RTS 0 total bytes 10002528 in_flight now 0 fair_inc 572942 prop_inc 13750 fast_inc 0 eta_inc 551300 multi_dec -1649820 quick_dec -50126 nack_dec -186750
Flow Uec_51_1830 flowId 979 uecSrc 978 finished at 20427.6 total messages 1 total packets 2448 RTS 0 total bytes 10002528 in_flight now 0 fair_inc 528377 prop_inc 15432 fast_inc 0 eta_inc 560240 multi_dec -1567081 quick_dec -43720 nack_dec -228250
Flow Uec_373_2157 flowId 1541 uecSrc 1540 finished at 20430 total messages 1 total packets 2448 RTS 0 total bytes 10002528 in_flight now 0 fair_inc 490212 prop_inc 15860 fast_inc 0 eta_inc 555472 multi_dec -1494062 quick_dec -61663 nack_dec -203350
Flow Uec_89_1867 flowId 635 uecSrc 634 finished at 20435.3 total messages 1 total packets 2448 RTS 0 total bytes 10002528 in_flight now 0 fair_inc 552762 prop_inc 16293 fast_inc 0 eta_inc 551896 multi_dec -1587539 quick_dec -47090 nack_dec -232400
Flow Uec_335_2149 flowId 209 uecSrc 208 finished at 20436.7 total messages 1 total packets 2448 RTS 0 total bytes 10002528 in_flight now 0 fair_inc 529834 prop_inc 18972 fast_inc 0 eta_inc 555472 multi_dec -1530625 quick_dec -5487 nack_dec -207500
Flow Uec_54_1846 flowId 1769 uecSrc 1768 finished at 20440.7 total messages 1 total packets 2448 RTS 0 total bytes 10002528 in_flight now 0 fair_inc 521131 prop_inc 15942 fast_inc 0 eta_inc 557856 multi_dec -1591257 quick_dec -49964 nack_dec -207500
Flow Uec_1166_2991 flowId 408 uecSrc 407 finished at 20459.7 total messages 1 total packets 2448 RTS 0 total bytes 10002528 in_flight now 0 fair_inc 548890 prop_inc 13697 fast_inc 0 eta_inc 554876 multi_dec -1625295 quick_dec -16732 nack_dec -219950
Flow Uec_2929_1078 flowId 1185 uecSrc 1184 finished at 20472.8 total messages 1 total packets 2448 RTS 0 total bytes 10002528 in_flight now 0 fair_inc 494814 prop_inc 17143 fast_inc 0 eta_inc 556068 multi_dec -1502445 quick_dec -73208 nack_dec -207500
Flow Uec_470_2281 flowId 422 uecSrc 421 finished at 20476.6 total messages 1 total packets 2448 RTS 0 total bytes 10002528 in_flight now 0 fair_inc 580851 prop_inc 10737 fast_inc 0 eta_inc 556664 multi_dec -1687740 quick_dec -61465 nack_dec -211650
Flow Uec_3209_1347 flowId 855 uecSrc 854 finished at 20513.4 total messages 1 total packets 2448 RTS 0 total bytes 10002528 in_flight now 0 fair_inc 583143 prop_inc 16499 fast_inc 0 eta_inc 553088 multi_dec -1701947 quick_dec -18477 nack_dec -224100
Flow Uec_71_1869 flowId 984 uecSrc 983 finished at 20530.1 total messages 1 total packets 2448 RTS 0 total bytes 10002528 in_flight now 0 fair_inc 526292 prop_inc 16725 fast_inc 0 eta_inc 554280 multi_dec -1532146 quick_dec -103386 nack_dec -190900
Flow Uec_1067_2837 flowId 581 uecSrc 580 finished at 20537.2 total messages 1 total packets 2448 RTS 0 total bytes 10002528 in_flight now 0 fair_inc 598169 prop_inc 21083 fast_inc 0 eta_inc 558452 multi_dec -1766373 quick_dec -37850 nack_dec -211650
Flow Uec_19_1837 flowId 23 uecSrc 22 finished at 20552.1 total messages 1 total packets 2448 RTS 0 total bytes 10002528 in_flight now 0 fair_inc 554480 prop_inc 14404 fast_inc 0 eta_inc 560240 multi_dec -1651757 quick_dec --4687 nack_dec -203350
Flow Uec_3001_1121 flowId 1172 uecSrc 1171 finished at 20552.2 total messages 1 total packets 2448 RTS 0 total bytes 10002528 in_flight now 0 fair_inc 513116 prop_inc 18750 fast_inc 0 eta_inc 556664 multi_dec -1584567 quick_dec -45680 nack_dec -215800
Flow Uec_1129_2912 flowId 1711 uecSrc 1710 finished at 20554.1 total messages 1 total packets 2448 RTS 0 total bytes 10002528 in_flight now 0 fair_inc 494612 prop_inc 19635 fast_inc 0 eta_inc 551300 multi_dec -1463355 quick_dec -119434 nack_dec -186750
Flow Uec_2902_1074 flowId 13 uecSrc 12 finished at 20561.6 total messages 1 total packets 2448 RTS 0 total bytes 10002528 in_flight now 0 fair_inc 515652 prop_inc 17422 fast_inc 0 eta_inc 557856 multi_dec -1532712 quick_dec -39638 nack_dec -224100
Flow Uec_3000_1119 flowId 1760 uecSrc 1759 finished at 20563.9 total messages 1 total packets 2448 RTS 0 total bytes 10002528 in_flight now 0 fair_inc 543778 prop_inc 9445 fast_inc 0 eta_inc 557260 multi_dec -1630406 quick_dec -29850 nack_dec -215800
Flow Uec_1920_115 flowId 600 uecSrc 599 finished at 20565 total messages 1 total packets 2448 RTS 0 total bytes 10002528 in_flight now 0 fair_inc 510132 prop_inc 16563 fast_inc 0 eta_inc 557856 multi_dec -1542024 quick_dec -21401 nack_dec -224100
Flow Uec_1063_2865 flowId 1606 uecSrc 1605 finished at 20591.5 total messages 1 total packets 2448 RTS 0 total bytes 10002528 in_flight now 0 fair_inc 611129 prop_inc 20757 fast_inc 0 eta_inc 559048 multi_dec -1759205 quick_dec -31737 nack_dec -203350
Flow Uec_325_2152 flowId 66 uecSrc 65 finished at 20595 total messages 1 total packets 2448 RTS 0 total bytes 10002528 in_flight now 0 fair_inc 477015 prop_inc 21750 fast_inc 0 eta_inc 562028 multi_dec -1457119 quick_dec -9676 nack_dec -207500
Flow Uec_1181_2976 flowId 288 uecSrc 287 finished at 20613.6 total messages 1 total packets 2448 RTS 0 total bytes 10002528 in_flight now 0 fair_inc 519803 prop_inc 21018 fast_inc 0 eta_inc 560240 multi_dec -1575358 quick_dec -73652 nack_dec -211650
Flow Uec_2977_1127 flowId 1410 uecSrc 1409 finished at 20634.2 total messages 1 total packets 2448 RTS 0 total bytes 10002528 in_flight now 0 fair_inc 531593 prop_inc 21481 fast_inc 0 eta_inc 559644 multi_dec -1580709 quick_dec -43941 nack_dec -219950
Flow Uec_117_1888 flowId 1285 uecSrc 1284 finished at 20649.6 total messages 1 total packets 2448 RTS 0 total bytes 10002528 in_flight now 0 fair_inc 529038 prop_inc 18335 fast_inc 0 eta_inc 557856 multi_dec -1647273 quick_dec -13669 nack_dec -207500
Flow Uec_504_2267 flowId 759 uecSrc 758 finished at 20658.3 total messages 1 total packets 2448 RTS 0 total bytes 10002528 in_flight now 0 fair_inc 603592 prop_inc 13988 fast_inc 0 eta_inc 559048 multi_dec -1685471 quick_dec -36310 nack_dec -228250
Flow Uec_1929_105 flowId 1189 uecSrc 1188 finished at 20673.3 total messages 1 total packets 2448 RTS 0 total bytes 10002528 in_flight now 0 fair_inc 549673 prop_inc 19675 fast_inc 0 eta_inc 559048 multi_dec -1557086 quick_dec -59411 nack_dec -211650
Flow Uec_2934_1053 flowId 1770 uecSrc 1769 finished at 20676.3 total messages 1 total packets 2448 RTS 0 total bytes 10002528 in_flight now 0 fair_inc 513190 prop_inc 21237 fast_inc 0 eta_inc 562624 multi_dec -1598555 quick_dec -65811 nack_dec -215800
Flow Uec_3003_1090 flowId 1131 uecSrc 1130 finished at 20677.4 total messages 1 total packets 2448 RTS 0 total bytes 10002528 in_flight now 0 fair_inc 545754 prop_inc 20686 fast_inc 0 eta_inc 564412 multi_dec -1656330 quick_dec -26346 nack_dec -186750
Flow Uec_27_1844 flowId 119 uecSrc 118 finished at 20678.4 total messages 1 total packets 2448 RTS 0 total bytes 10002528 in_flight now 0 fair_inc 505122 prop_inc 19814 fast_inc 0 eta_inc 565008 multi_dec -1586399 quick_dec -17256 nack_dec -203350
Flow Uec_18_1823 flowId 1633 uecSrc 1632 finished at 20692.1 total messages 1 total packets 2448 RTS 0 total bytes 10002528 in_flight now 0 fair_inc 555001 prop_inc 21111 fast_inc 0 eta_inc 565008 multi_dec -1554029 quick_dec -56581 nack_dec -195050
Flow Uec_286_2096 flowId 809 uecSrc 808 finished at 20694 total messages 1 total packets 2448 RTS 0 total bytes 10002528 in_flight now 0 fair_inc 549270 prop_inc 21905 fast_inc 0 eta_inc 556068 multi_dec -1686851 quick_dec -81768 nack_dec -240700
Flow Uec_360_2163 flowId 1784 uecSrc 1783 finished at 20713.3 total messages 1 total packets 2448 RTS 0 total bytes 10002528 in_flight now 0 fair_inc 505491 prop_inc 20108 fast_inc 0 eta_inc 563220 multi_dec -1532674 quick_dec -39858 nack_dec -207500
Flow Uec_12_1806 flowId 758 uecSrc 757 finished at 20727 total messages 1 total packets 2448 RTS 0 total bytes 10002528 in_flight now 0 fair_inc 535486 prop_inc 21838 fast_inc 0 eta_inc 566796 multi_dec -1596088 quick_dec -39798 nack_dec -199200
Flow Uec_1203_2983 flowId 1349 uecSrc 1348 finished at 20729.6 total messages 1 total packets 2448 RTS 0 total bytes 10002528 in_flight now 0 fair_inc 530845 prop_inc 15974 fast_inc 0 eta_inc 561432 multi_dec -1605572 quick_dec -62283 nack_dec -203350
Flow Uec_333_2159 flowId 506 uecSrc 505 finished at 20750 total messages 1 total packets 2448 RTS 0 total bytes 10002528 in_flight now 0 fair_inc 504257 prop_inc 19534 fast_inc 0 eta_inc 566200 multi_dec -1534276 quick_dec -27124 nack_dec -211650
Flow Uec_111_1904 flowId 1160 uecSrc 1159 finished at 20758.4 total messages 1 total packets 2448 RTS 0 total bytes 10002528 in_flight now 0 fair_inc 550162 prop_inc 19196 fast_inc 0 eta_inc 561432 multi_dec -1666754 quick_dec -104233 nack_dec -190900
Flow Uec_485_2290 flowId 1089 uecSrc 1088 finished at 20774.9 total messages 1 total packets 2448 RTS 0 total bytes 10002528 in_flight now 0 fair_inc 550621 prop_inc 16355 fast_inc 0 eta_inc 561432 multi_dec -1690692 quick_dec -38955 nack_dec -215800
Flow Uec_2918_1065 flowId 860 uecSrc 859 finished at 20775.3 total messages 1 total packets 2448 RTS 0 total bytes 10002528 in_flight now 0 fair_inc 576255 prop_inc 15833 fast_inc 0 eta_inc 570968 multi_dec -1703874 quick_dec -59970 nack_dec -215800
Flow Uec_338_2160 flowId 835 uecSrc 834 finished at 20781.3 total messages 1 total packets 2448 RTS 0 total bytes 10002528 in_flight now 0 fair_inc 514103 prop_inc 22723 fast_inc 0 eta_inc 566796 multi_dec -1511955 quick_dec -16631 nack_dec -207500
Flow Uec_329_2170 flowId 836 uecSrc 835 finished at 20783.4 total messages 1 total packets 2448 RTS 0 total bytes 10002528 in_flight now 0 fair_inc 505313 prop_inc 16474 fast_inc 0 eta_inc 565008 multi_dec -1544613 quick_dec -32805 nack_dec -207500
Flow Uec_1191_2999 flowId 1117 uecSrc 1116 finished at 20801.2 total messages 1 total packets 2448 RTS 0 total bytes 10002528 in_flight now 0 fair_inc 518072 prop_inc 17481 fast_inc 0 eta_inc 565604 multi_dec -1594393 quick_dec -75047 nack_dec -199200
Flow Uec_28_1842 flowId 1056 uecSrc 1055 finished at 20811.6 total messages 1 total packets 2448 RTS 0 total bytes 10002528 in_flight now 0 fair_inc 520456 prop_inc 27101 fast_inc 0 eta_inc 568584 multi_dec -1615143 quick_dec -53529 nack_dec -207500
Flow Uec_1078_2861 flowId 1605 uecSrc 1604 finished at 20828 total messages 1 total packets 2448 RTS 0 total bytes 10002528 in_flight now 0 fair_inc 570527 prop_inc 21060 fast_inc 0 eta_inc 566200 multi_dec -1670446 quick_dec -43306 nack_dec -224100
Flow Uec_48_1794 flowId 1724 uecSrc 1723 finished at 20840.3 total messages 1 total packets 2448 RTS 0 total bytes 10002528 in_flight now 0 fair_inc 502867 prop_inc 19339 fast_inc 0 eta_inc 571564 multi_dec -1519446 quick_dec -28015 nack_dec -207500
Flow Uec_3002_1129 flowId 930 uecSrc 929 finished at 20844 total messages 1 total packets 2448 RTS 0 total bytes 10002528 in_flight now 0 fair_inc 535413 prop_inc 15350 fast_inc 0 eta_inc 563816 multi_dec -1607981 quick_dec -6002 nack_dec -211650
Flow Uec_353_2117 flowId 846 uecSrc 845 finished at 20844.6 total messages 1 total packets 2448 RTS 0 total bytes 10002528 in_flight now 0 fair_inc 492695 prop_inc 23348 fast_inc 0 eta_inc 568584 multi_dec -1495844 quick_dec -88358 nack_dec -207500
Flow Uec_1083_2821 flowId 781 uecSrc 780 finished at 20851.7 total messages 1 total packets 2448 RTS 0 total bytes 10002528 in_flight now 0 fair_inc 552174 prop_inc 17465 fast_inc 0 eta_inc 566796 multi_dec -1649373 quick_dec -69652 nack_dec -215800
Flow Uec_364_2145 flowId 1402 uecSrc 1401 finished at 20857.6 total messages 1 total packets 2448 RTS 0 total bytes 10002528 in_flight now 0 fair_inc 519073 prop_inc 23004 fast_inc 0 eta_inc 573352 multi_dec -1579560 quick_dec -39458 nack_dec -211650
Flow Uec_3206_1389 flowId 1335 uecSrc 1334 finished at 20901.4 total messages 1 total packets 2448 RTS 0 total bytes 10002528 in_flight now 0 fair_inc 558422 prop_inc 17241 fast_inc 0 eta_inc 565008 multi_dec -1662472 quick_dec -89545 nack_dec -182600
Flow Uec_3079_1251 flowId 1121 uecSrc 1120 finished at 20910.4 total messages 1 total packets 2448 RTS 0 total bytes 10002528 in_flight now 0 fair_inc 500845 prop_inc 22653 fast_inc 0 eta_inc 562624 multi_dec -1490208 quick_dec -115164 nack_dec -199200
Flow Uec_2960_1138 flowId 1554 uecSrc 1553 finished at 20919.1 total messages 1 total packets 2448 RTS 0 total bytes 10002528 in_flight now 0 fair_inc 536166 prop_inc 18491 fast_inc 0 eta_inc 567392 multi_dec -1591739 quick_dec -23765 nack_dec -232400
Flow Uec_2091_238 flowId 622 uecSrc 621 finished at 20922 total messages 1 total packets 2448 RTS 0 total bytes 10002528 in_flight now 0 fair_inc 596022 prop_inc 16546 fast_inc 0 eta_inc 562028 multi_dec -1798712 quick_dec -38551 nack_dec -211650
Flow Uec_3202_1367 flowId 396 uecSrc 395 finished at 20924.2 total messages 1 total packets 2448 RTS 0 total bytes 10002528 in_flight now 0 fair_inc 535912 prop_inc 20944 fast_inc 0 eta_inc 565008 multi_dec -1571010 quick_dec -59966 nack_dec -224100
Flow Uec_20_1816 flowId 774 uecSrc 773 finished at 20928.4 total messages 1 total packets 2448 RTS 0 total bytes 10002528 in_flight now 0 fair_inc 461314 prop_inc 33543 fast_inc 0 eta_inc 572160 multi_dec -1430707 quick_dec -39593 nack_dec -203350
Flow Uec_311_2090 flowId 950 uecSrc 949 finished at 20957.4 total messages 1 total packets 2448 RTS 0 total bytes 10002528 in_flight now 0 fair_inc 565150 prop_inc 18915 fast_inc 0 eta_inc 566200 multi_dec -1722051 quick_dec -60349 nack_dec -228250
Flow Uec_2939_1050 flowId 789 uecSrc 788 finished at 20959.7 total messages 1 total packets 2448 RTS 0 total bytes 10002528 in_flight now 0 fair_inc 547225 prop_inc 13579 fast_inc 0 eta_inc 569776 multi_dec -1671337 quick_dec -5278 nack_dec -199200
Flow Uec_3214_1358 flowId 376 uecSrc 375 finished at 20960 total messages 1 total packets 2448 RTS 0 total bytes 10002528 in_flight now 0 fair_inc 550040 prop_inc 15788 fast_inc 0 eta_inc 565604 multi_dec -1695100 quick_dec -36261 nack_dec -211650
Flow Uec_2971_1088 flowId 1320 uecSrc 1319 finished at 20963.7 total messages 1 total packets 2448 RTS 0 total bytes 10002528 in_flight now 0 fair_inc 542528 prop_inc 13349 fast_inc 0 eta_inc 569180 multi_dec -1562621 quick_dec -84084 nack_dec -195050
Flow Uec_13_1851 flowId 289 uecSrc 288 finished at 20970 total messages 1 total packets 2448 RTS 0 total bytes 10002528 in_flight now 0 fair_inc 481163 prop_inc 27517 fast_inc 0 eta_inc 579908 multi_dec -1479599 quick_dec -61362 nack_dec -199200
Flow Uec_1193_2959 flowId 1096 uecSrc 1095 finished at 20974.5 total messages 1 total packets 2448 RTS 0 total bytes 10002528 in_flight now 0 fair_inc 543725 prop_inc 18077 fast_inc 0 eta_inc 575736 multi_dec -1657548 quick_dec -40103 nack_dec -215800
Flow Uec_341_2132 flowId 1318 uecSrc 1317 finished at 20984.7 total messages 1 total packets 2448 RTS 0 total bytes 10002528 in_flight now 0 fair_inc 477568 prop_inc 26654 fast_inc 0 eta_inc 570968 multi_dec -1501208 quick_dec -39178 nack_dec -203350
Flow Uec_336_2119 flowId 347 uecSrc 346 finished at 20987 total messages 1 total packets 2448 RTS 0 total bytes 10002528 in_flight now 0 fair_inc 475225 prop_inc 31380 fast_inc 0 eta_inc 572756 multi_dec -1506817 quick_dec -35611 nack_dec -199200
Flow Uec_340_2172 flowId 699 uecSrc 698 finished at 20995.2 total messages 1 total packets 2448 RTS 0 total bytes 10002528 in_flight now 0 fair_inc 445314 prop_inc 28838 fast_inc 0 eta_inc 572756 multi_dec -1426340 quick_dec -23211 nack_dec -219950
Flow Uec_37_1833 flowId 834 uecSrc 833 finished at 21014.9 total messages 1 total packets 2448 RTS 0 total bytes 10002528 in_flight now 0 fair_inc 456748 prop_inc 27353 fast_inc 0 eta_inc 576928 multi_dec -1395603 quick_dec -16901 nack_dec -219950
Flow Uec_16_1836 flowId 425 uecSrc 424 finished at 21017.9 total messages 1 total packets 2448 RTS 0 total bytes 10002528 in_flight now 0 fair_inc 454439 prop_inc 35195 fast_inc 0 eta_inc 575140 multi_dec -1443076 quick_dec -15007 nack_dec -203350
Flow Uec_366_2129 flowId 988 uecSrc 987 finished at 21020.9 total messages 1 total packets 2448 RTS 0 total bytes 10002528 in_flight now 0 fair_inc 470563 prop_inc 30216 fast_inc 0 eta_inc 573948 multi_dec -1455121 quick_dec -19233 nack_dec -207500
Flow Uec_1036_2828 flowId 931 uecSrc 930 finished at 21057.3 total messages 1 total packets 2448 RTS 0 total bytes 10002528 in_flight now 0 fair_inc 534482 prop_inc 18416 fast_inc 0 eta_inc 579312 multi_dec -1611843 quick_dec -49075 nack_dec -219950
Flow Uec_344_2167 flowId 1476 uecSrc 1475 finished at 21069.1 total messages 1 total packets 2448 RTS 0 total bytes 10002528 in_flight now 0 fair_inc 492319 prop_inc 40428 fast_inc 0 eta_inc 578716 multi_dec -1450277 quick_dec -72711 nack_dec -232400
Flow Uec_1175_2965 flowId 1575 uecSrc 1574 finished at 21071.7 total messages 1 total packets 2448 RTS 0 total bytes 10002528 in_flight now 0 fair_inc 495962 prop_inc 14396 fast_inc 0 eta_inc 572756 multi_dec -1627203 quick_dec -42567 nack_dec -203350
Flow Uec_351_2116 flowId 226 uecSrc 225 finished at 21079.4 total messages 1 total packets 2448 RTS 0 total bytes 10002528 in_flight now 0 fair_inc 488358 prop_inc 38285 fast_inc 0 eta_inc 575736 multi_dec -1546529 quick_dec -26593 nack_dec -207500
Flow Uec_2979_1137 flowId 1415 uecSrc 1414 finished at 21097.2 total messages 1 total packets 2448 RTS 0 total bytes 10002528 in_flight now 0 fair_inc 502261 prop_inc 19965 fast_inc 0 eta_inc 575140 multi_dec -1496845 quick_dec -16887 nack_dec -211650
Flow Uec_25_1828 flowId 716 uecSrc 715 finished at 21099.7 total messages 1 total packets 2448 RTS 0 total bytes 10002528 in_flight now 0 fair_inc 510303 prop_inc 65274 fast_inc 0 eta_inc 579312 multi_dec -1614513 quick_dec -35631 nack_dec -203350
Flow Uec_1061_2860 flowId 343 uecSrc 342 finished at 21102 total messages 1 total packets 2448 RTS 0 total bytes 10002528 in_flight now 0 fair_inc 575046 prop_inc 18015 fast_inc 0 eta_inc 573352 multi_dec -1735646 quick_dec -37655 nack_dec -195050
Flow Uec_2885_1026 flowId 1436 uecSrc 1435 finished at 21104.3 total messages 1 total packets 2448 RTS 0 total bytes 10002528 in_flight now 0 fair_inc 555950 prop_inc 12657 fast_inc 0 eta_inc 572160 multi_dec -1586502 quick_dec -76851 nack_dec -215800
Flow Uec_349_2174 flowId 95 uecSrc 94 finished at 21118 total messages 1 total packets 2448 RTS 0 total bytes 10002528 in_flight now 0 fair_inc 482258 prop_inc 53473 fast_inc 0 eta_inc 577524 multi_dec -1525075 quick_dec -88093 nack_dec -182600
Flow Uec_1208_2992 flowId 955 uecSrc 954 finished at 21134.9 total messages 1 total packets 2448 RTS 0 total bytes 10002528 in_flight now 0 fair_inc 498262 prop_inc 16953 fast_inc 0 eta_inc 575140 multi_dec -1576104 quick_dec -35525 nack_dec -215800
Flow Uec_461_2259 flowId 1298 uecSrc 1297 finished at 21142.6 total messages 1 total packets 2448 RTS 0 total bytes 10002528 in_flight now 0 fair_inc 512998 prop_inc 13251 fast_inc 0 eta_inc 570372 multi_dec -1565832 quick_dec -30766 nack_dec -224100
Flow Uec_1071_2846 flowId 439 uecSrc 438 finished at 21156.3 total messages 1 total packets 2448 RTS 0 total bytes 10002528 in_flight now 0 fair_inc 567442 prop_inc 17568 fast_inc 0 eta_inc 578120 multi_dec -1722622 quick_dec -36915 nack_dec -211650
Flow Uec_379_2151 flowId 582 uecSrc 581 finished at 21161.6 total messages 1 total packets 2448 RTS 0 total bytes 10002528 in_flight now 0 fair_inc 406331 prop_inc 69034 fast_inc 99002 eta_inc 579908 multi_dec -1343939 quick_dec -66861 nack_dec -211650
Flow Uec_2953_1130 flowId 876 uecSrc 875 finished at 21173.8 total messages 1 total packets 2448 RTS 0 total bytes 10002528 in_flight now 0 fair_inc 503814 prop_inc 16896 fast_inc 0 eta_inc 579908 multi_dec -1600695 quick_dec -41086 nack_dec -211650
Flow Uec_3245_1404 flowId 1472 uecSrc 1471 finished at 21180.9 total messages 1 total packets 2448 RTS 0 total bytes 10002528 in_flight now 0 fair_inc 563222 prop_inc 14070 fast_inc 0 eta_inc 573352 multi_dec -1669806 quick_dec -60438 nack_dec -228250
Flow Uec_42_1817 flowId 721 uecSrc 720 finished at 21181.2 total messages 1 total packets 2448 RTS 0 total bytes 10002528 in_flight now 0 fair_inc 401388 prop_inc 140319 fast_inc 0 eta_inc 583484 multi_dec -1405303 quick_dec -57255 nack_dec -199200
Flow Uec_2899_1055 flowId 1480 uecSrc 1479 finished at 21220.9 total messages 1 total packets 2448 RTS 0 total bytes 10002528 in_flight now 0 fair_inc 537891 prop_inc 12141 fast_inc 0 eta_inc 576928 multi_dec -1569637 quick_dec -60669 nack_dec -232400
Flow Uec_463_2298 flowId 524 uecSrc 523 finished at 21222.4 total messages 1 total packets 2448 RTS 0 total bytes 10002528 in_flight now 0 fair_inc 533305 prop_inc 14823 fast_inc 0 eta_inc 573352 multi_dec -1573898 quick_dec -57631 nack_dec -211650
Flow Uec_2887_1051 flowId 373 uecSrc 372 finished at 21223.6 total messages 1 total packets 2448 RTS 0 total bytes 10002528 in_flight now 0 fair_inc 535805 prop_inc 12540 fast_inc 0 eta_inc 576928 multi_dec -1650602 quick_dec -18754 nack_dec -219950
Flow Uec_1070_2819 flowId 1354 uecSrc 1353 finished at 21249.3 total messages 1 total packets 2448 RTS 0 total bytes 10002528 in_flight now 0 fair_inc 566508 prop_inc 19036 fast_inc 0 eta_inc 578716 multi_dec -1615971 quick_dec -79599 nack_dec -203350
Flow Uec_3231_1407 flowId 1446 uecSrc 1445 finished at 21266.3 total messages 1 total packets 2448 RTS 0 total bytes 10002528 in_flight now 0 fair_inc 541488 prop_inc 16651 fast_inc 0 eta_inc 576332 multi_dec -1609516 quick_dec -56387 nack_dec -228250
Flow Uec_1034_2852 flowId 617 uecSrc 616 finished at 21298.9 total messages 1 total packets 2448 RTS 0 total bytes 10002528 in_flight now 0 fair_inc 583203 prop_inc 16539 fast_inc 0 eta_inc 579312 multi_dec -1725487 quick_dec -27795 nack_dec -215800
Flow Uec_1212_2961 flowId 240 uecSrc 239 finished at 21306.6 total messages 1 total packets 2448 RTS 0 total bytes 10002528 in_flight now 0 fair_inc 514881 prop_inc 27014 fast_inc 0 eta_inc 578716 multi_dec -1586454 quick_dec -23636 nack_dec -215800
Flow Uec_3212_1390 flowId 1242 uecSrc 1241 finished at 21314.6 total messages 1 total packets 2448 RTS 0 total bytes 10002528 in_flight now 0 fair_inc 636982 prop_inc 13968 fast_inc 0 eta_inc 575736 multi_dec -1803125 quick_dec -25971 nack_dec -232400
Flow Uec_2973_1113 flowId 1143 uecSrc 1142 finished at 21316.6 total messages 1 total packets 2448 RTS 0 total bytes 10002528 in_flight now 0 fair_inc 479874 prop_inc 15758 fast_inc 0 eta_inc 578716 multi_dec -1506201 quick_dec -44805 nack_dec -190900
Flow Uec_1039_2849 flowId 1720 uecSrc 1719 finished at 21318.3 total messages 1 total packets 2448 RTS 0 total bytes 10002528 in_flight now 0 fair_inc 515443 prop_inc 24050 fast_inc 0 eta_inc 579312 multi_dec -1584847 quick_dec -57873 nack_dec -215800
Flow Uec_1975_78 flowId 203 uecSrc 202 finished at 21334.9 total messages 1 total packets 2448 RTS 0 total bytes 10002528 in_flight now 0 fair_inc 527346 prop_inc 16688 fast_inc 0 eta_inc 576928 multi_dec -1598028 quick_dec -27456 nack_dec -203350
Flow Uec_1963_110 flowId 1102 uecSrc 1101 finished at 21344.3 total messages 1 total packets 2448 RTS 0 total bytes 10002528 in_flight now 0 fair_inc 546154 prop_inc 11727 fast_inc 0 eta_inc 578120 multi_dec -1638003 quick_dec -74119 nack_dec -228250
Flow Uec_2983_1146 flowId 1788 uecSrc 1787 finished at 21344.4 total messages 1 total packets 2448 RTS 0 total bytes 10002528 in_flight now 0 fair_inc 500336 prop_inc 15511 fast_inc 0 eta_inc 579312 multi_dec -1641144 quick_dec -63474 nack_dec -215800
Flow Uec_2908_1062 flowId 1705 uecSrc 1704 finished at 21365.3 total messages 1 total packets 2448 RTS 0 total bytes 10002528 in_flight now 0 fair_inc 508737 prop_inc 14228 fast_inc 0 eta_inc 581100 multi_dec -1685036 quick_dec -26439 nack_dec -207500
Flow Uec_120_1887 flowId 381 uecSrc 380 finished at 21369.2 total messages 1 total packets 2448 RTS 0 total bytes 10002528 in_flight now 0 fair_inc 569355 prop_inc 9281 fast_inc 0 eta_inc 578120 multi_dec -1749894 quick_dec -22273 nack_dec -215800
Flow Uec_2920_1054 flowId 1460 uecSrc 1459 finished at 21375.6 total messages 1 total packets 2448 RTS 0 total bytes 10002528 in_flight now 0 fair_inc 480841 prop_inc 22060 fast_inc 0 eta_inc 581100 multi_dec -1492865 quick_dec -83856 nack_dec -211650
Flow Uec_2962_1106 flowId 1608 uecSrc 1607 finished at 21408.5 total messages 1 total packets 2448 RTS 0 total bytes 10002528 in_flight now 0 fair_inc 485122 prop_inc 18806 fast_inc 0 eta_inc 583484 multi_dec -1631702 quick_dec -40574 nack_dec -211650
Flow Uec_3210_1350 flowId 1082 uecSrc 1081 finished at 21415 total messages 1 total packets 2448 RTS 0 total bytes 10002528 in_flight now 0 fair_inc 536065 prop_inc 21031 fast_inc 0 eta_inc 577524 multi_dec -1638751 quick_dec -23477 nack_dec -219950
Flow Uec_2943_1029 flowId 1250 uecSrc 1249 finished at 21421.7 total messages 1 total packets 2448 RTS 0 total bytes 10002528 in_flight now 0 fair_inc 513904 prop_inc 14240 fast_inc 0 eta_inc 581696 multi_dec -1551328 quick_dec -14249 nack_dec -207500
Flow Uec_3005_1136 flowId 1456 uecSrc 1455 finished at 21436.3 total messages 1 total packets 2448 RTS 0 total bytes 10002528 in_flight now 0 fair_inc 513787 prop_inc 11965 fast_inc 0 eta_inc 582292 multi_dec -1647363 quick_dec -1587 nack_dec -215800
Flow Uec_1953_123 flowId 1175 uecSrc 1174 finished at 21446.4 total messages 1 total packets 2448 RTS 0 total bytes 10002528 in_flight now 0 fair_inc 457611 prop_inc 22409 fast_inc 0 eta_inc 581696 multi_dec -1429415 quick_dec -76331 nack_dec -203350
Flow Uec_69_1881 flowId 1032 uecSrc 1031 finished at 21460.4 total messages 1 total packets 2448 RTS 0 total bytes 10002528 in_flight now 0 fair_inc 520468 prop_inc 21700 fast_inc 0 eta_inc 581100 multi_dec -1612094 quick_dec -85907 nack_dec -195050
Flow Uec_1163_3001 flowId 1713 uecSrc 1712 finished at 21462.8 total messages 1 total packets 2448 RTS 0 total bytes 10002528 in_flight now 0 fair_inc 521763 prop_inc 16608 fast_inc 0 eta_inc 582292 multi_dec -1602794 quick_dec -66408 nack_dec -207500
Flow Uec_2903_1034 flowId 1766 uecSrc 1765 finished at 21485.9 total messages 1 total packets 2448 RTS 0 total bytes 10002528 in_flight now 0 fair_inc 519790 prop_inc 7710 fast_inc 0 eta_inc 582888 multi_dec -1634868 quick_dec -49551 nack_dec -203350
Flow Uec_3229_1384 flowId 438 uecSrc 437 finished at 21491.1 total messages 1 total packets 2448 RTS 0 total bytes 10002528 in_flight now 0 fair_inc 542326 prop_inc 11920 fast_inc 0 eta_inc 581100 multi_dec -1668592 quick_dec -62815 nack_dec -211650
Flow Uec_3188_1337 flowId 387 uecSrc 386 finished at 21515.5 total messages 1 total packets 2448 RTS 0 total bytes 10002528 in_flight now 0 fair_inc 664514 prop_inc 17490 fast_inc 0 eta_inc 579908 multi_dec -1955623 quick_dec -52154 nack_dec -240700
Flow Uec_2985_1140 flowId 573 uecSrc 572 finished at 21520.6 total messages 1 total packets 2448 RTS 0 total bytes 10002528 in_flight now 0 fair_inc 487002 prop_inc 23080 fast_inc 0 eta_inc 585272 multi_dec -1514973 quick_dec -37110 nack_dec -224100
Flow Uec_1165_3003 flowId 806 uecSrc 805 finished at 21532.3 total messages 1 total packets 2448 RTS 0 total bytes 10002528 in_flight now 0 fair_inc 547892 prop_inc 19581 fast_inc 0 eta_inc 584676 multi_dec -1673207 quick_dec -59037 nack_dec -211650
Flow Uec_1172_2956 flowId 1478 uecSrc 1477 finished at 21532.8 total messages 1 total packets 2448 RTS 0 total bytes 10002528 in_flight now 0 fair_inc 515159 prop_inc 16859 fast_inc 0 eta_inc 592424 multi_dec -1631586 quick_dec -29397 nack_dec -215800
Flow Uec_1062_2878 flowId 883 uecSrc 882 finished at 21537.2 total messages 1 total packets 2448 RTS 0 total bytes 10002528 in_flight now 0 fair_inc 503127 prop_inc 22881 fast_inc 0 eta_inc 585868 multi_dec -1620781 quick_dec -41832 nack_dec -228250
Flow Uec_1086_2857 flowId 472 uecSrc 471 finished at 21540 total messages 1 total packets 2448 RTS 0 total bytes 10002528 in_flight now 0 fair_inc 491156 prop_inc 25742 fast_inc 0 eta_inc 586464 multi_dec -1631897 quick_dec -11285 nack_dec -211650
Flow Uec_2947_1098 flowId 1105 uecSrc 1104 finished at 21552.7 total messages 1 total packets 2448 RTS 0 total bytes 10002528 in_flight now 0 fair_inc 445484 prop_inc 24997 fast_inc 0 eta_inc 593020 multi_dec -1385439 quick_dec -89582 nack_dec -203350
Flow Uec_2936_1044 flowId 466 uecSrc 465 finished at 21554.5 total messages 1 total packets 2448 RTS 0 total bytes 10002528 in_flight now 0 fair_inc 553116 prop_inc 6008 fast_inc 0 eta_inc 585868 multi_dec -1744439 quick_dec -37172 nack_dec -203350
Flow Uec_1054_2816 flowId 969 uecSrc 968 finished at 21558.3 total messages 1 total packets 2448 RTS 0 total bytes 10002528 in_flight now 0 fair_inc 525971 prop_inc 21341 fast_inc 0 eta_inc 586464 multi_dec -1654630 quick_dec -69705 nack_dec -199200
Flow Uec_1024_2830 flowId 1582 uecSrc 1581 finished at 21568.1 total messages 1 total packets 2448 RTS 0 total bytes 10002528 in_flight now 0 fair_inc 526311 prop_inc 21540 fast_inc 0 eta_inc 587656 multi_dec -1636835 quick_dec -34355 nack_dec -207500
Flow Uec_2970_1112 flowId 1186 uecSrc 1185 finished at 21587 total messages 1 total packets 2448 RTS 0 total bytes 10002528 in_flight now 0 fair_inc 535910 prop_inc 13829 fast_inc 0 eta_inc 587656 multi_dec -1657979 quick_dec -27469 nack_dec -211650
Flow Uec_2107_253 flowId 1088 uecSrc 1087 finished at 21587.9 total messages 1 total packets 2448 RTS 0 total bytes 10002528 in_flight now 0 fair_inc 485860 prop_inc 17650 fast_inc 0 eta_inc 579312 multi_dec -1608595 quick_dec -9591 nack_dec -219950
Flow Uec_1171_2997 flowId 555 uecSrc 554 finished at 21590 total messages 1 total packets 2448 RTS 0 total bytes 10002528 in_flight now 0 fair_inc 530968 prop_inc 18057 fast_inc 0 eta_inc 587060 multi_dec -1624252 quick_dec -76617 nack_dec -224100
Flow Uec_2980_1134 flowId 43 uecSrc 42 finished at 21599.8 total messages 1 total packets 2448 RTS 0 total bytes 10002528 in_flight now 0 fair_inc 474408 prop_inc 25075 fast_inc 0 eta_inc 588252 multi_dec -1532931 quick_dec -9034 nack_dec -211650
Flow Uec_2917_1079 flowId 1363 uecSrc 1362 finished at 21621.9 total messages 1 total packets 2448 RTS 0 total bytes 10002528 in_flight now 0 fair_inc 481510 prop_inc 16431 fast_inc 0 eta_inc 587656 multi_dec -1500027 quick_dec -55001 nack_dec -224100
Flow Uec_2904_1060 flowId 1733 uecSrc 1732 finished at 21627 total messages 1 total packets 2448 RTS 0 total bytes 10002528 in_flight now 0 fair_inc 509703 prop_inc 15232 fast_inc 0 eta_inc 588848 multi_dec -1586086 quick_dec -44687 nack_dec -186750
Flow Uec_308_2071 flowId 427 uecSrc 426 finished at 21630.2 total messages 1 total packets 2448 RTS 0 total bytes 10002528 in_flight now 0 fair_inc 496876 prop_inc 25779 fast_inc 0 eta_inc 581100 multi_dec -1525934 quick_dec -80476 nack_dec -215800
Flow Uec_1531_3311 flowId 1649 uecSrc 1648 finished at 21637.9 total messages 1 total packets 2448 RTS 0 total bytes 10002528 in_flight now 0 fair_inc 593954 prop_inc 14343 fast_inc 0 eta_inc 578716 multi_dec -1757636 quick_dec -55617 nack_dec -211650
Flow Uec_1194_3004 flowId 86 uecSrc 85 finished at 21643.6 total messages 1 total packets 2448 RTS 0 total bytes 10002528 in_flight now 0 fair_inc 528322 prop_inc 16813 fast_inc 0 eta_inc 588252 multi_dec -1627514 quick_dec -72100 nack_dec -224100
Flow Uec_3232_1348 flowId 775 uecSrc 774 finished at 21644.8 total messages 1 total packets 2448 RTS 0 total bytes 10002528 in_flight now 0 fair_inc 552193 prop_inc 12730 fast_inc 0 eta_inc 585868 multi_dec -1671313 quick_dec -21219 nack_dec -228250
Flow Uec_2999_1124 flowId 1299 uecSrc 1298 finished at 21647.7 total messages 1 total packets 2448 RTS 0 total bytes 10002528 in_flight now 0 fair_inc 484915 prop_inc 31091 fast_inc 0 eta_inc 590040 multi_dec -1597487 quick_dec -55210 nack_dec -207500
Flow Uec_1204_2969 flowId 1004 uecSrc 1003 finished at 21677.6 total messages 1 total packets 2448 RTS 0 total bytes 10002528 in_flight now 0 fair_inc 518264 prop_inc 18601 fast_inc 0 eta_inc 594212 multi_dec -1647085 quick_dec -33261 nack_dec -211650
Flow Uec_312_2111 flowId 1437 uecSrc 1436 finished at 21686 total messages 1 total packets 2448 RTS 0 total bytes 10002528 in_flight now 0 fair_inc 530574 prop_inc 22438 fast_inc 0 eta_inc 582292 multi_dec -1709173 quick_dec -68971 nack_dec -215800
Flow Uec_1209_2966 flowId 68 uecSrc 67 finished at 21700.6 total messages 1 total packets 2448 RTS 0 total bytes 10002528 in_flight now 0 fair_inc 504761 prop_inc 21331 fast_inc 0 eta_inc 591232 multi_dec -1602859 quick_dec -10337 nack_dec -199200
Flow Uec_2919_1039 flowId 675 uecSrc 674 finished at 21701.4 total messages 1 total packets 2448 RTS 0 total bytes 10002528 in_flight now 0 fair_inc 486299 prop_inc 17440 fast_inc 0 eta_inc 591828 multi_dec -1571731 quick_dec -26591 nack_dec -224100
Flow Uec_1049_2836 flowId 1736 uecSrc 1735 finished at 21709.7 total messages 1 total packets 2448 RTS 0 total bytes 10002528 in_flight now 0 fair_inc 538364 prop_inc 22621 fast_inc 0 eta_inc 591232 multi_dec -1714058 quick_dec -37101 nack_dec -211650
Flow Uec_1155_2948 flowId 316 uecSrc 315 finished at 21718.4 total messages 1 total packets 2448 RTS 0 total bytes 10002528 in_flight now 0 fair_inc 508949 prop_inc 29419 fast_inc 0 eta_inc 593020 multi_dec -1611292 quick_dec -75323 nack_dec -219950
Flow Uec_2937_1037 flowId 1522 uecSrc 1521 finished at 21735.5 total messages 1 total packets 2448 RTS 0 total bytes 10002528 in_flight now 0 fair_inc 521201 prop_inc 20043 fast_inc 0 eta_inc 591232 multi_dec -1633935 quick_dec -17000 nack_dec -207500
Flow Uec_3119_1234 flowId 791 uecSrc 790 finished at 21735.9 total messages 1 total packets 2448 RTS 0 total bytes 10002528 in_flight now 0 fair_inc 568737 prop_inc 16414 fast_inc 0 eta_inc 585868 multi_dec -1740574 quick_dec -85147 nack_dec -211650
Flow Uec_2949_1103 flowId 1503 uecSrc 1502 finished at 21738.6 total messages 1 total packets 2448 RTS 0 total bytes 10002528 in_flight now 0 fair_inc 470781 prop_inc 29189 fast_inc 0 eta_inc 593616 multi_dec -1519362 quick_dec -82655 nack_dec -211650
Flow Uec_107_1917 flowId 567 uecSrc 566 finished at 21740.6 total messages 1 total packets 2448 RTS 0 total bytes 10002528 in_flight now 0 fair_inc 560648 prop_inc 20320 fast_inc 0 eta_inc 591232 multi_dec -1669170 quick_dec -82216 nack_dec -199200
Flow Uec_1074_2848 flowId 868 uecSrc 867 finished at 21742.4 total messages 1 total packets 2448 RTS 0 total bytes 10002528 in_flight now 0 fair_inc 487567 prop_inc 22793 fast_inc 0 eta_inc 593020 multi_dec -1553087 quick_dec -66264 nack_dec -199200
Flow Uec_72_1860 flowId 994 uecSrc 993 finished at 21744.9 total messages 1 total packets 2448 RTS 0 total bytes 10002528 in_flight now 0 fair_inc 466220 prop_inc 21138 fast_inc 0 eta_inc 587656 multi_dec -1480218 quick_dec -92067 nack_dec -215800
Flow Uec_1214_2971 flowId 798 uecSrc 797 finished at 21746.1 total messages 1 total packets 2448 RTS 0 total bytes 10002528 in_flight now 0 fair_inc 480537 prop_inc 16916 fast_inc 0 eta_inc 591232 multi_dec -1610873 quick_dec -34367 nack_dec -207500
Flow Uec_1930_73 flowId 1395 uecSrc 1394 finished at 21759.6 total messages 1 total packets 2448 RTS 0 total bytes 10002528 in_flight now 0 fair_inc 503144 prop_inc 15632 fast_inc 0 eta_inc 588848 multi_dec -1663348 quick_dec -9099 nack_dec -199200
Flow Uec_3215_1345 flowId 1309 uecSrc 1308 finished at 21771.6 total messages 1 total packets 2448 RTS 0 total bytes 10002528 in_flight now 0 fair_inc 556566 prop_inc 17302 fast_inc 0 eta_inc 587656 multi_dec -1689612 quick_dec -58928 nack_dec -203350
Flow Uec_1027_2841 flowId 166 uecSrc 165 finished at 21784.6 total messages 1 total packets 2448 RTS 0 total bytes 10002528 in_flight now 0 fair_inc 483600 prop_inc 20474 fast_inc 0 eta_inc 593616 multi_dec -1594439 quick_dec -15140 nack_dec -215800
Flow Uec_1937_90 flowId 19 uecSrc 18 finished at 21785.3 total messages 1 total packets 2448 RTS 0 total bytes 10002528 in_flight now 0 fair_inc 559484 prop_inc 10850 fast_inc 0 eta_inc 589444 multi_dec -1727756 quick_dec -61405 nack_dec -207500
Flow Uec_1981_71 flowId 261 uecSrc 260 finished at 21794.4 total messages 1 total packets 2448 RTS 0 total bytes 10002528 in_flight now 0 fair_inc 546199 prop_inc 15261 fast_inc 0 eta_inc 590636 multi_dec -1675331 quick_dec -60468 nack_dec -203350
Flow Uec_80_1894 flowId 1225 uecSrc 1224 finished at 21796.6 total messages 1 total packets 2448 RTS 0 total bytes 10002528 in_flight now 0 fair_inc 524934 prop_inc 17698 fast_inc 0 eta_inc 590040 multi_dec -1632750 quick_dec -70301 nack_dec -199200
Flow Uec_2987_1094 flowId 1635 uecSrc 1634 finished at 21816.4 total messages 1 total packets 2448 RTS 0 total bytes 10002528 in_flight now 0 fair_inc 458082 prop_inc 41619 fast_inc 0 eta_inc 596596 multi_dec -1494675 quick_dec -42465 nack_dec -219950
Flow Uec_1087_2829 flowId 843 uecSrc 842 finished at 21817 total messages 1 total packets 2448 RTS 0 total bytes 10002528 in_flight now 0 fair_inc 495277 prop_inc 26788 fast_inc 0 eta_inc 594212 multi_dec -1590476 quick_dec -52225 nack_dec -215800
Flow Uec_82_1859 flowId 399 uecSrc 398 finished at 21833.2 total messages 1 total packets 2448 RTS 0 total bytes 10002528 in_flight now 0 fair_inc 538695 prop_inc 15098 fast_inc 0 eta_inc 591232 multi_dec -1709290 quick_dec -33631 nack_dec -228250
Flow Uec_488_2277 flowId 1416 uecSrc 1415 finished at 21834.7 total messages 1 total packets 2448 RTS 0 total bytes 10002528 in_flight now 0 fair_inc 574509 prop_inc 13246 fast_inc 0 eta_inc 589444 multi_dec -1688833 quick_dec -31276 nack_dec -215800
Flow Uec_2888_1041 flowId 52 uecSrc 51 finished at 21840.5 total messages 1 total packets 2448 RTS 0 total bytes 10002528 in_flight now 0 fair_inc 491104 prop_inc 11654 fast_inc 0 eta_inc 597192 multi_dec -1608856 quick_dec -80226 nack_dec -211650
Flow Uec_507_2240 flowId 1617 uecSrc 1616 finished at 21841.4 total messages 1 total packets 2448 RTS 0 total bytes 10002528 in_flight now 0 fair_inc 496712 prop_inc 18459 fast_inc 0 eta_inc 590040 multi_dec -1601293 quick_dec -78055 nack_dec -211650
Flow Uec_1033_2847 flowId 424 uecSrc 423 finished at 21845 total messages 1 total packets 2448 RTS 0 total bytes 10002528 in_flight now 0 fair_inc 533407 prop_inc 18207 fast_inc 0 eta_inc 596000 multi_dec -1697377 quick_dec -14053 nack_dec -215800
Flow Uec_1215_2968 flowId 867 uecSrc 866 finished at 21845.8 total messages 1 total packets 2448 RTS 0 total bytes 10002528 in_flight now 0 fair_inc 497581 prop_inc 23234 fast_inc 0 eta_inc 594212 multi_dec -1658595 quick_dec -27711 nack_dec -211650
Flow Uec_1974_69 flowId 553 uecSrc 552 finished at 21859 total messages 1 total packets 2448 RTS 0 total bytes 10002528 in_flight now 0 fair_inc 530655 prop_inc 10511 fast_inc 0 eta_inc 591232 multi_dec -1673996 quick_dec -31539 nack_dec -215800
Flow Uec_2883_1040 flowId 554 uecSrc 553 finished at 21863.3 total messages 1 total packets 2448 RTS 0 total bytes 10002528 in_flight now 0 fair_inc 458382 prop_inc 18774 fast_inc 0 eta_inc 596000 multi_dec -1581354 quick_dec -9682 nack_dec -219950
Flow Uec_1192_2973 flowId 579 uecSrc 578 finished at 21867.5 total messages 1 total packets 2448 RTS 0 total bytes 10002528 in_flight now 0 fair_inc 496056 prop_inc 29639 fast_inc 0 eta_inc 594808 multi_dec -1645862 quick_dec -50056 nack_dec -203350
Flow Uec_1179_2955 flowId 1015 uecSrc 1014 finished at 21874.6 total messages 1 total packets 2448 RTS 0 total bytes 10002528 in_flight now 0 fair_inc 481480 prop_inc 29096 fast_inc 0 eta_inc 596000 multi_dec -1578434 quick_dec -75047 nack_dec -211650
Flow Uec_454_2288 flowId 1077 uecSrc 1076 finished at 21875.8 total messages 1 total packets 2448 RTS 0 total bytes 10002528 in_flight now 0 fair_inc 479331 prop_inc 20461 fast_inc 0 eta_inc 593020 multi_dec -1581265 quick_dec -89003 nack_dec -199200
Flow Uec_1928_74 flowId 677 uecSrc 676 finished at 21878.2 total messages 1 total packets 2448 RTS 0 total bytes 10002528 in_flight now 0 fair_inc 550083 prop_inc 13303 fast_inc 0 eta_inc 593616 multi_dec -1616519 quick_dec -27753 nack_dec -207500
Flow Uec_1207_2984 flowId 818 uecSrc 817 finished at 21878.4 total messages 1 total packets 2448 RTS 0 total bytes 10002528 in_flight now 0 fair_inc 478379 prop_inc 28359 fast_inc 0 eta_inc 595404 multi_dec -1505128 quick_dec -99898 nack_dec -182600
Flow Uec_2921_1082 flowId 1612 uecSrc 1611 finished at 21886.1 total messages 1 total packets 2448 RTS 0 total bytes 10002528 in_flight now 0 fair_inc 472298 prop_inc 16033 fast_inc 0 eta_inc 597192 multi_dec -1496838 quick_dec -32951 nack_dec -211650
Flow Uec_85_1895 flowId 766 uecSrc 765 finished at 21888.2 total messages 1 total packets 2448 RTS 0 total bytes 10002528 in_flight now 0 fair_inc 525278 prop_inc 15314 fast_inc 0 eta_inc 593020 multi_dec -1705089 quick_dec -31206 nack_dec -211650
Flow Uec_2923_1076 flowId 1514 uecSrc 1513 finished at 21898.3 total messages 1 total packets 2448 RTS 0 total bytes 10002528 in_flight now 0 fair_inc 491285 prop_inc 19276 fast_inc 0 eta_inc 596596 multi_dec -1575459 quick_dec -57251 nack_dec -199200
Flow Uec_122_1889 flowId 1630 uecSrc 1629 finished at 21905.6 total messages 1 total packets 2448 RTS 0 total bytes 10002528 in_flight now 0 fair_inc 563560 prop_inc 17814 fast_inc 0 eta_inc 591828 multi_dec -1679125 quick_dec -49482 nack_dec -228250
Flow Uec_1950_112 flowId 1316 uecSrc 1315 finished at 21906.6 total messages 1 total packets 2448 RTS 0 total bytes 10002528 in_flight now 0 fair_inc 511570 prop_inc 17129 fast_inc 0 eta_inc 593020 multi_dec -1656577 quick_dec -82177 nack_dec -195050
Flow Uec_2897_1043 flowId 1609 uecSrc 1608 finished at 21909.9 total messages 1 total packets 2448 RTS 0 total bytes 10002528 in_flight now 0 fair_inc 487643 prop_inc 26237 fast_inc 0 eta_inc 597788 multi_dec -1577269 quick_dec -35008 nack_dec -219950
Flow Uec_1031_2869 flowId 1722 uecSrc 1721 finished at 21913.2 total messages 1 total packets 2448 RTS 0 total bytes 10002528 in_flight now 0 fair_inc 472636 prop_inc 45591 fast_inc 0 eta_inc 597788 multi_dec -1499719 quick_dec -68412 nack_dec -190900
Flow Uec_1161_2949 flowId 495 uecSrc 494 finished at 21915.5 total messages 1 total packets 2448 RTS 0 total bytes 10002528 in_flight now 0 fair_inc 489872 prop_inc 43703 fast_inc 0 eta_inc 598384 multi_dec -1604931 quick_dec -14573 nack_dec -203350
Flow Uec_1025_2823 flowId 1495 uecSrc 1494 finished at 21918.3 total messages 1 total packets 2448 RTS 0 total bytes 10002528 in_flight now 0 fair_inc 452901 prop_inc 38411 fast_inc 0 eta_inc 598980 multi_dec -1518862 quick_dec -38020 nack_dec -203350
Flow Uec_1079_2843 flowId 1646 uecSrc 1645 finished at 21919.4 total messages 1 total packets 2448 RTS 0 total bytes 10002528 in_flight now 0 fair_inc 497545 prop_inc 35097 fast_inc 0 eta_inc 598384 multi_dec -1665604 quick_dec -46995 nack_dec -211650
Flow Uec_492_2271 flowId 433 uecSrc 432 finished at 21928.1 total messages 1 total packets 2448 RTS 0 total bytes 10002528 in_flight now 0 fair_inc 550529 prop_inc 13071 fast_inc 0 eta_inc 593020 multi_dec -1714977 quick_dec -35111 nack_dec -219950
Flow Uec_1213_3006 flowId 1696 uecSrc 1695 finished at 21929 total messages 1 total packets 2448 RTS 0 total bytes 10002528 in_flight now 0 fair_inc 487266 prop_inc 59325 fast_inc 0 eta_inc 598384 multi_dec -1593825 quick_dec -30036 nack_dec -195050
Flow Uec_2994_1099 flowId 747 uecSrc 746 finished at 21948.1 total messages 1 total packets 2448 RTS 0 total bytes 10002528 in_flight now 0 fair_inc 403134 prop_inc 58023 fast_inc 0 eta_inc 600768 multi_dec -1449887 quick_dec -48389 nack_dec -199200
Flow Uec_2964_1120 flowId 1610 uecSrc 1609 finished at 21954 total messages 1 total packets 2448 RTS 0 total bytes 10002528 in_flight now 0 fair_inc 390322 prop_inc 60893 fast_inc 0 eta_inc 600768 multi_dec -1451542 quick_dec -106918 nack_dec -207500
Flow Uec_3236_1357 flowId 851 uecSrc 850 finished at 21954.7 total messages 1 total packets 2448 RTS 0 total bytes 10002528 in_flight now 0 fair_inc 528728 prop_inc 20305 fast_inc 0 eta_inc 594808 multi_dec -1713098 quick_dec -86119 nack_dec -207500
Flow Uec_2940_1061 flowId 1632 uecSrc 1631 finished at 21957.1 total messages 1 total packets 2448 RTS 0 total bytes 10002528 in_flight now 0 fair_inc 467305 prop_inc 55428 fast_inc 0 eta_inc 598384 multi_dec -1580056 quick_dec -41659 nack_dec -203350
Flow Uec_2958_1096 flowId 958 uecSrc 957 finished at 21957.3 total messages 1 total packets 2448 RTS 0 total bytes 10002528 in_flight now 0 fair_inc 415842 prop_inc 61586 fast_inc 0 eta_inc 601960 multi_dec -1480877 quick_dec -57192 nack_dec -219950
Flow Uec_317_2074 flowId 1192 uecSrc 1191 finished at 21972.1 total messages 1 total packets 2448 RTS 0 total bytes 10002528 in_flight now 0 fair_inc 532629 prop_inc 23978 fast_inc 0 eta_inc 590636 multi_dec -1708894 quick_dec -27967 nack_dec -228250
Flow Uec_2881_1083 flowId 872 uecSrc 871 finished at 21972.2 total messages 1 total packets 2448 RTS 0 total bytes 10002528 in_flight now 0 fair_inc 468984 prop_inc 66470 fast_inc 0 eta_inc 601364 multi_dec -1564706 quick_dec -50169 nack_dec -215800
Flow Uec_1189_2977 flowId 947 uecSrc 946 finished at 21984 total messages 1 total packets 2448 RTS 0 total bytes 10002528 in_flight now 0 fair_inc 410822 prop_inc 105671 fast_inc 0 eta_inc 601960 multi_dec -1471688 quick_dec -86909 nack_dec -203350
Flow Uec_3217_1362 flowId 65 uecSrc 64 finished at 21986.6 total messages 1 total packets 2448 RTS 0 total bytes 10002528 in_flight now 0 fair_inc 487887 prop_inc 20892 fast_inc 0 eta_inc 594212 multi_dec -1620872 quick_dec -19905 nack_dec -228250
Flow Uec_1048_2876 flowId 1206 uecSrc 1205 finished at 21995.5 total messages 1 total packets 2448 RTS 0 total bytes 10002528 in_flight now 0 fair_inc 450681 prop_inc 86946 fast_inc 0 eta_inc 603152 multi_dec -1503954 quick_dec -47605 nack_dec -203350
Flow Uec_277_2072 flowId 1684 uecSrc 1683 finished at 22040.9 total messages 1 total packets 2448 RTS 0 total bytes 10002528 in_flight now 0 fair_inc 494028 prop_inc 20169 fast_inc 0 eta_inc 592424 multi_dec -1713206 quick_dec -48575 nack_dec -219950
Flow Uec_3222_1396 flowId 722 uecSrc 721 finished at 22063.5 total messages 1 total packets 2448 RTS 0 total bytes 10002528 in_flight now 0 fair_inc 475163 prop_inc 14244 fast_inc 0 eta_inc 597192 multi_dec -1595712 quick_dec -48786 nack_dec -232400
Flow Uec_3228_1401 flowId 649 uecSrc 648 finished at 22069.1 total messages 1 total packets 2448 RTS 0 total bytes 10002528 in_flight now 0 fair_inc 470359 prop_inc 17054 fast_inc 0 eta_inc 598384 multi_dec -1582915 quick_dec -36057 nack_dec -211650
Flow Uec_473_2300 flowId 795 uecSrc 794 finished at 22072.5 total messages 1 total packets 2448 RTS 0 total bytes 10002528 in_flight now 0 fair_inc 492162 prop_inc 22853 fast_inc 0 eta_inc 598384 multi_dec -1635065 quick_dec -95736 nack_dec -195050
Flow Uec_112_1916 flowId 1557 uecSrc 1556 finished at 22105.9 total messages 1 total packets 2448 RTS 0 total bytes 10002528 in_flight now 0 fair_inc 509757 prop_inc 11121 fast_inc 0 eta_inc 597788 multi_dec -1704701 quick_dec -51555 nack_dec -203350
Flow Uec_3109_1247 flowId 92 uecSrc 91 finished at 22111.5 total messages 1 total packets 2448 RTS 0 total bytes 10002528 in_flight now 0 fair_inc 597737 prop_inc 10621 fast_inc 0 eta_inc 593616 multi_dec -1798038 quick_dec -29459 nack_dec -211650
Flow Uec_3089_1262 flowId 1721 uecSrc 1720 finished at 22116.6 total messages 1 total packets 2448 RTS 0 total bytes 10002528 in_flight now 0 fair_inc 558398 prop_inc 10896 fast_inc 0 eta_inc 594808 multi_dec -1822692 quick_dec -35822 nack_dec -215800
Flow Uec_3242_1399 flowId 1587 uecSrc 1586 finished at 22118.2 total messages 1 total packets 2448 RTS 0 total bytes 10002528 in_flight now 0 fair_inc 519939 prop_inc 17276 fast_inc 0 eta_inc 598384 multi_dec -1626451 quick_dec -50893 nack_dec -224100
Flow Uec_284_2094 flowId 140 uecSrc 139 finished at 22133 total messages 1 total packets 2448 RTS 0 total bytes 10002528 in_flight now 0 fair_inc 551419 prop_inc 18396 fast_inc 0 eta_inc 600768 multi_dec -1730585 quick_dec -46086 nack_dec -211650
Flow Uec_469_2273 flowId 188 uecSrc 187 finished at 22153.3 total messages 1 total packets 2448 RTS 0 total bytes 10002528 in_flight now 0 fair_inc 516906 prop_inc 18880 fast_inc 0 eta_inc 600172 multi_dec -1679784 quick_dec -6285 nack_dec -215800
Flow Uec_300_2095 flowId 1341 uecSrc 1340 finished at 22157 total messages 1 total packets 2448 RTS 0 total bytes 10002528 in_flight now 0 fair_inc 540513 prop_inc 16150 fast_inc 0 eta_inc 596596 multi_dec -1643672 quick_dec -102922 nack_dec -211650
Flow Uec_3128_1265 flowId 1403 uecSrc 1402 finished at 22160.2 total messages 1 total packets 2448 RTS 0 total bytes 10002528 in_flight now 0 fair_inc 575549 prop_inc 11482 fast_inc 0 eta_inc 595404 multi_dec -1805820 quick_dec -62598 nack_dec -228250
Flow Uec_500_2276 flowId 116 uecSrc 115 finished at 22178.4 total messages 1 total packets 2448 RTS 0 total bytes 10002528 in_flight now 0 fair_inc 430279 prop_inc 23072 fast_inc 0 eta_inc 604344 multi_dec -1433762 quick_dec -74784 nack_dec -215800
Flow Uec_3208_1360 flowId 217 uecSrc 216 finished at 22184.4 total messages 1 total packets 2448 RTS 0 total bytes 10002528 in_flight now 0 fair_inc 511460 prop_inc 15295 fast_inc 0 eta_inc 600768 multi_dec -1609497 quick_dec -24266 nack_dec -207500
Flow Uec_97_1914 flowId 1116 uecSrc 1115 finished at 22188.7 total messages 1 total packets 2448 RTS 0 total bytes 10002528 in_flight now 0 fair_inc 503504 prop_inc 19974 fast_inc 0 eta_inc 601364 multi_dec -1595228 quick_dec -48759 nack_dec -211650
Flow Uec_786_2560 flowId 1139 uecSrc 1138 finished at 22194.5 total messages 1 total packets 2448 RTS 0 total bytes 10002528 in_flight now 0 fair_inc 578410 prop_inc 15390 fast_inc 0 eta_inc 594808 multi_dec -1773519 quick_dec -30881 nack_dec -211650
Flow Uec_464_2249 flowId 1781 uecSrc 1780 finished at 22204.2 total messages 1 total packets 2448 RTS 0 total bytes 10002528 in_flight now 0 fair_inc 511218 prop_inc 12806 fast_inc 0 eta_inc 608516 multi_dec -1623628 quick_dec -54400 nack_dec -228250
Flow Uec_123_1897 flowId 992 uecSrc 991 finished at 22214.7 total messages 1 total packets 2448 RTS 0 total bytes 10002528 in_flight now 0 fair_inc 526800 prop_inc 14170 fast_inc 0 eta_inc 602556 multi_dec -1708595 quick_dec -67032 nack_dec -215800
Flow Uec_3086_1264 flowId 1529 uecSrc 1528 finished at 22223.1 total messages 1 total packets 2448 RTS 0 total bytes 10002528 in_flight now 0 fair_inc 546787 prop_inc 12783 fast_inc 0 eta_inc 598384 multi_dec -1753825 quick_dec -36442 nack_dec -199200
Flow Uec_102_1911 flowId 1537 uecSrc 1536 finished at 22230.8 total messages 1 total packets 2448 RTS 0 total bytes 10002528 in_flight now 0 fair_inc 542609 prop_inc 12287 fast_inc 0 eta_inc 601364 multi_dec -1693762 quick_dec -46814 nack_dec -203350
Flow Uec_1939_91 flowId 177 uecSrc 176 finished at 22235.8 total messages 1 total packets 2448 RTS 0 total bytes 10002528 in_flight now 0 fair_inc 505429 prop_inc 12508 fast_inc 0 eta_inc 604344 multi_dec -1649829 quick_dec -37337 nack_dec -219950
Flow Uec_460_2296 flowId 667 uecSrc 666 finished at 22248.6 total messages 1 total packets 2448 RTS 0 total bytes 10002528 in_flight now 0 fair_inc 510852 prop_inc 18055 fast_inc 0 eta_inc 601960 multi_dec -1661647 quick_dec -9054 nack_dec -207500
Flow Uec_1944_127 flowId 1067 uecSrc 1066 finished at 22291.9 total messages 1 total packets 2448 RTS 0 total bytes 10002528 in_flight now 0 fair_inc 490772 prop_inc 20625 fast_inc 0 eta_inc 604940 multi_dec -1569250 quick_dec -34513 nack_dec -249000
Flow Uec_3223_1380 flowId 1033 uecSrc 1032 finished at 22303.1 total messages 1 total packets 2448 RTS 0 total bytes 10002528 in_flight now 0 fair_inc 499665 prop_inc 21527 fast_inc 0 eta_inc 603152 multi_dec -1598169 quick_dec -47218 nack_dec -228250
Flow Uec_1966_102 flowId 1727 uecSrc 1726 finished at 22349.4 total messages 1 total packets 2448 RTS 0 total bytes 10002528 in_flight now 0 fair_inc 531869 prop_inc 14816 fast_inc 0 eta_inc 606132 multi_dec -1667124 quick_dec -30990 nack_dec -211650
Flow Uec_288_2079 flowId 657 uecSrc 656 finished at 22349.7 total messages 1 total packets 2448 RTS 0 total bytes 10002528 in_flight now 0 fair_inc 538030 prop_inc 21060 fast_inc 0 eta_inc 600768 multi_dec -1822521 quick_dec -7743 nack_dec -207500
Flow Uec_482_2280 flowId 1698 uecSrc 1697 finished at 22351.8 total messages 1 total packets 2448 RTS 0 total bytes 10002528 in_flight now 0 fair_inc 504032 prop_inc 15289 fast_inc 0 eta_inc 606132 multi_dec -1690930 quick_dec -45695 nack_dec -203350
Flow Uec_1820_3588 flowId 1660 uecSrc 1659 finished at 22372.1 total messages 1 total packets 2448 RTS 0 total bytes 10002528 in_flight now 0 fair_inc 591928 prop_inc 11463 fast_inc 0 eta_inc 594808 multi_dec -1893358 quick_dec -58377 nack_dec -224100
Flow Uec_261_2069 flowId 1614 uecSrc 1613 finished at 22379.7 total messages 1 total packets 2448 RTS 0 total bytes 10002528 in_flight now 0 fair_inc 523887 prop_inc 21007 fast_inc 0 eta_inc 603152 multi_dec -1652877 quick_dec -15777 nack_dec -228250
Flow Uec_468_2295 flowId 1787 uecSrc 1786 finished at 22414.9 total messages 1 total packets 2448 RTS 0 total bytes 10002528 in_flight now 0 fair_inc 493559 prop_inc 15046 fast_inc 0 eta_inc 606728 multi_dec -1612933 quick_dec -39244 nack_dec -224100
Flow Uec_451_2242 flowId 1778 uecSrc 1777 finished at 22423.6 total messages 1 total packets 2448 RTS 0 total bytes 10002528 in_flight now 0 fair_inc 503481 prop_inc 18147 fast_inc 0 eta_inc 608516 multi_dec -1652661 quick_dec -82075 nack_dec -203350
Flow Uec_103_1866 flowId 342 uecSrc 341 finished at 22426.6 total messages 1 total packets 2448 RTS 0 total bytes 10002528 in_flight now 0 fair_inc 484598 prop_inc 14007 fast_inc 0 eta_inc 607920 multi_dec -1690766 quick_dec -5496 nack_dec -199200
Flow Uec_2050_210 flowId 1657 uecSrc 1656 finished at 22428.3 total messages 1 total packets 2448 RTS 0 total bytes 10002528 in_flight now 0 fair_inc 536712 prop_inc 14462 fast_inc 0 eta_inc 600768 multi_dec -1745838 quick_dec -66153 nack_dec -232400
Flow Uec_3110_1250 flowId 404 uecSrc 403 finished at 22429.8 total messages 1 total packets 2448 RTS 0 total bytes 10002528 in_flight now 0 fair_inc 545551 prop_inc 18378 fast_inc 0 eta_inc 604344 multi_dec -1706117 quick_dec -39712 nack_dec -211650
Flow Uec_3216_1373 flowId 807 uecSrc 806 finished at 22431 total messages 1 total packets 2448 RTS 0 total bytes 10002528 in_flight now 0 fair_inc 541544 prop_inc 13907 fast_inc 0 eta_inc 608516 multi_dec -1751196 quick_dec -26674 nack_dec -228250
Flow Uec_3254_1355 flowId 597 uecSrc 596 finished at 22438.6 total messages 1 total packets 2448 RTS 0 total bytes 10002528 in_flight now 0 fair_inc 487226 prop_inc 20863 fast_inc 0 eta_inc 609112 multi_dec -1604683 quick_dec -80563 nack_dec -219950
Flow Uec_472_2278 flowId 1780 uecSrc 1779 finished at 22464.4 total messages 1 total packets 2448 RTS 0 total bytes 10002528 in_flight now 0 fair_inc 428228 prop_inc 28025 fast_inc 0 eta_inc 610304 multi_dec -1440145 quick_dec -74134 nack_dec -207500
Flow Uec_127_1907 flowId 939 uecSrc 938 finished at 22469.1 total messages 1 total packets 2448 RTS 0 total bytes 10002528 in_flight now 0 fair_inc 553696 prop_inc 18370 fast_inc 0 eta_inc 609708 multi_dec -1701941 quick_dec -29555 nack_dec -236550
Flow Uec_1123_2940 flowId 620 uecSrc 619 finished at 22469.1 total messages 1 total packets 2448 RTS 0 total bytes 10002528 in_flight now 0 fair_inc 571736 prop_inc 8917 fast_inc 0 eta_inc 607920 multi_dec -1859609 quick_dec -44730 nack_dec -219950
Flow Uec_3240_1385 flowId 1570 uecSrc 1569 finished at 22473.1 total messages 1 total packets 2448 RTS 0 total bytes 10002528 in_flight now 0 fair_inc 493618 prop_inc 18558 fast_inc 0 eta_inc 609708 multi_dec -1616376 quick_dec -17920 nack_dec -219950
Flow Uec_2075_228 flowId 1730 uecSrc 1729 finished at 22473.6 total messages 1 total packets 2448 RTS 0 total bytes 10002528 in_flight now 0 fair_inc 518157 prop_inc 17479 fast_inc 0 eta_inc 603152 multi_dec -1694896 quick_dec -65628 nack_dec -219950
Flow Uec_1942_107 flowId 1099 uecSrc 1098 finished at 22485.4 total messages 1 total packets 2448 RTS 0 total bytes 10002528 in_flight now 0 fair_inc 453339 prop_inc 26006 fast_inc 0 eta_inc 611496 multi_dec -1512175 quick_dec -56795 nack_dec -215800
Flow Uec_3091_1275 flowId 1287 uecSrc 1286 finished at 22486.9 total messages 1 total packets 2448 RTS 0 total bytes 10002528 in_flight now 0 fair_inc 549096 prop_inc 17620 fast_inc 0 eta_inc 605536 multi_dec -1757454 quick_dec -62140 nack_dec -228250
Flow Uec_3248_1381 flowId 578 uecSrc 577 finished at 22495.4 total messages 1 total packets 2448 RTS 0 total bytes 10002528 in_flight now 0 fair_inc 370660 prop_inc 27616 fast_inc 0 eta_inc 611496 multi_dec -1370213 quick_dec -86068 nack_dec -215800
Flow Uec_1972_81 flowId 1178 uecSrc 1177 finished at 22499.2 total messages 1 total packets 2448 RTS 0 total bytes 10002528 in_flight now 0 fair_inc 486822 prop_inc 11628 fast_inc 0 eta_inc 610304 multi_dec -1612462 quick_dec -14898 nack_dec -207500
Flow Uec_3099_1248 flowId 1521 uecSrc 1520 finished at 22504.4 total messages 1 total packets 2448 RTS 0 total bytes 10002528 in_flight now 0 fair_inc 506906 prop_inc 18187 fast_inc 0 eta_inc 604940 multi_dec -1654890 quick_dec -65381 nack_dec -203350
Flow Uec_3080_1268 flowId 242 uecSrc 241 finished at 22505.2 total messages 1 total packets 2448 RTS 0 total bytes 10002528 in_flight now 0 fair_inc 547364 prop_inc 14755 fast_inc 0 eta_inc 604344 multi_dec -1703972 quick_dec -48364 nack_dec -228250
Flow Uec_480_2245 flowId 1689 uecSrc 1688 finished at 22527.4 total messages 1 total packets 2448 RTS 0 total bytes 10002528 in_flight now 0 fair_inc 523505 prop_inc 17012 fast_inc 0 eta_inc 612092 multi_dec -1697848 quick_dec -44465 nack_dec -224100
Flow Uec_92_1862 flowId 1517 uecSrc 1516 finished at 22529 total messages 1 total packets 2448 RTS 0 total bytes 10002528 in_flight now 0 fair_inc 498804 prop_inc 19234 fast_inc 0 eta_inc 610900 multi_dec -1603769 quick_dec -68193 nack_dec -219950
Flow Uec_3233_1364 flowId 1690 uecSrc 1689 finished at 22530.7 total messages 1 total packets 2448 RTS 0 total bytes 10002528 in_flight now 0 fair_inc 464991 prop_inc 34440 fast_inc 0 eta_inc 611496 multi_dec -1545754 quick_dec -40177 nack_dec -215800
Flow Uec_101_1886 flowId 1127 uecSrc 1126 finished at 22533.7 total messages 1 total packets 2448 RTS 0 total bytes 10002528 in_flight now 0 fair_inc 483003 prop_inc 18680 fast_inc 0 eta_inc 610304 multi_dec -1552501 quick_dec -41774 nack_dec -236550
Flow Uec_3100_1249 flowId 631 uecSrc 630 finished at 22543.8 total messages 1 total packets 2448 RTS 0 total bytes 10002528 in_flight now 0 fair_inc 507848 prop_inc 22741 fast_inc 0 eta_inc 605536 multi_dec -1720561 quick_dec -33263 nack_dec -211650
Flow Uec_457_2263 flowId 80 uecSrc 79 finished at 22546.4 total messages 1 total packets 2448 RTS 0 total bytes 10002528 in_flight now 0 fair_inc 467645 prop_inc 17963 fast_inc 0 eta_inc 613284 multi_dec -1584611 quick_dec -7728 nack_dec -199200
Flow Uec_3235_1402 flowId 891 uecSrc 890 finished at 22554.8 total messages 1 total packets 2448 RTS 0 total bytes 10002528 in_flight now 0 fair_inc 489289 prop_inc 28791 fast_inc 0 eta_inc 612688 multi_dec -1532378 quick_dec -20720 nack_dec -211650
Flow Uec_1933_87 flowId 701 uecSrc 700 finished at 22563.3 total messages 1 total packets 2448 RTS 0 total bytes 10002528 in_flight now 0 fair_inc 492544 prop_inc 18606 fast_inc 0 eta_inc 617456 multi_dec -1682058 quick_dec -20392 nack_dec -182600
Flow Uec_118_1912 flowId 426 uecSrc 425 finished at 22568.1 total messages 1 total packets 2448 RTS 0 total bytes 10002528 in_flight now 0 fair_inc 490124 prop_inc 14193 fast_inc 0 eta_inc 612092 multi_dec -1582234 quick_dec -10723 nack_dec -215800
Flow Uec_275_2097 flowId 1253 uecSrc 1252 finished at 22580.7 total messages 1 total packets 2448 RTS 0 total bytes 10002528 in_flight now 0 fair_inc 577061 prop_inc 13714 fast_inc 0 eta_inc 608516 multi_dec -1875652 quick_dec -44636 nack_dec -224100
Flow Uec_2568_721 flowId 1002 uecSrc 1001 finished at 22585.5 total messages 1 total packets 2448 RTS 0 total bytes 10002528 in_flight now 0 fair_inc 585379 prop_inc 11213 fast_inc 0 eta_inc 602556 multi_dec -1814627 quick_dec -94022 nack_dec -240700
Flow Uec_76_1880 flowId 877 uecSrc 876 finished at 22587.6 total messages 1 total packets 2448 RTS 0 total bytes 10002528 in_flight now 0 fair_inc 402209 prop_inc 33459 fast_inc 0 eta_inc 614476 multi_dec -1375064 quick_dec -79612 nack_dec -211650
Flow Uec_493_2299 flowId 1046 uecSrc 1045 finished at 22601 total messages 1 total packets 2448 RTS 0 total bytes 10002528 in_flight now 0 fair_inc 457622 prop_inc 25599 fast_inc 0 eta_inc 613284 multi_dec -1558217 quick_dec -15267 nack_dec -203350
Flow Uec_3218_1387 flowId 1561 uecSrc 1560 finished at 22604.8 total messages 1 total packets 2448 RTS 0 total bytes 10002528 in_flight now 0 fair_inc 429683 prop_inc 47527 fast_inc 0 eta_inc 613284 multi_dec -1491946 quick_dec -65152 nack_dec -224100
Flow Uec_1522_3296 flowId 1045 uecSrc 1044 finished at 22605.9 total messages 1 total packets 2448 RTS 0 total bytes 10002528 in_flight now 0 fair_inc 556186 prop_inc 16819 fast_inc 0 eta_inc 605536 multi_dec -1753628 quick_dec -94338 nack_dec -228250
Flow Uec_2106_205 flowId 654 uecSrc 653 finished at 22608.2 total messages 1 total packets 2448 RTS 0 total bytes 10002528 in_flight now 0 fair_inc 544548 prop_inc 14657 fast_inc 0 eta_inc 604940 multi_dec -1748703 quick_dec -37120 nack_dec -215800
Flow Uec_1971_97 flowId 864 uecSrc 863 finished at 22614.6 total messages 1 total packets 2448 RTS 0 total bytes 10002528 in_flight now 0 fair_inc 458769 prop_inc 24593 fast_inc 0 eta_inc 610900 multi_dec -1532276 quick_dec -71922 nack_dec -215800
Flow Uec_1980_122 flowId 751 uecSrc 750 finished at 22617.5 total messages 1 total packets 2448 RTS 0 total bytes 10002528 in_flight now 0 fair_inc 446381 prop_inc 26082 fast_inc 0 eta_inc 620436 multi_dec -1599887 quick_dec -16947 nack_dec -203350
Flow Uec_1947_72 flowId 658 uecSrc 657 finished at 22624.6 total messages 1 total packets 2448 RTS 0 total bytes 10002528 in_flight now 0 fair_inc 473914 prop_inc 26973 fast_inc 0 eta_inc 615072 multi_dec -1588967 quick_dec -32057 nack_dec -199200
Flow Uec_1968_125 flowId 286 uecSrc 285 finished at 22635 total messages 1 total packets 2448 RTS 0 total bytes 10002528 in_flight now 0 fair_inc 479992 prop_inc 18443 fast_inc 0 eta_inc 614476 multi_dec -1620819 quick_dec -25926 nack_dec -207500
Flow Uec_3095_1221 flowId 1038 uecSrc 1037 finished at 22637.3 total messages 1 total packets 2448 RTS 0 total bytes 10002528 in_flight now 0 fair_inc 583289 prop_inc 14926 fast_inc 0 eta_inc 609112 multi_dec -1754521 quick_dec -68058 nack_dec -219950
Flow Uec_1479_3325 flowId 760 uecSrc 759 finished at 22637.6 total messages 1 total packets 2448 RTS 0 total bytes 10002528 in_flight now 0 fair_inc 478696 prop_inc 15109 fast_inc 0 eta_inc 604940 multi_dec -1536112 quick_dec -85308 nack_dec -253150
Flow Uec_505_2283 flowId 689 uecSrc 688 finished at 22645.6 total messages 1 total packets 2448 RTS 0 total bytes 10002528 in_flight now 0 fair_inc 479472 prop_inc 26614 fast_inc 0 eta_inc 614476 multi_dec -1561802 quick_dec -28828 nack_dec -228250
Flow Uec_1932_100 flowId 1752 uecSrc 1751 finished at 22651.8 total messages 1 total packets 2448 RTS 0 total bytes 10002528 in_flight now 0 fair_inc 472802 prop_inc 25939 fast_inc 0 eta_inc 615072 multi_dec -1573150 quick_dec -48179 nack_dec -232400
Flow Uec_99_1918 flowId 1520 uecSrc 1519 finished at 22652.3 total messages 1 total packets 2448 RTS 0 total bytes 10002528 in_flight now 0 fair_inc 468558 prop_inc 26965 fast_inc 0 eta_inc 615072 multi_dec -1565255 quick_dec -38187 nack_dec -207500
Flow Uec_3200_1376 flowId 1267 uecSrc 1266 finished at 22665.7 total messages 1 total packets 2448 RTS 0 total bytes 10002528 in_flight now 0 fair_inc 451076 prop_inc 65514 fast_inc 0 eta_inc 618052 multi_dec -1629849 quick_dec -23732 nack_dec -199200
Flow Uec_95_1882 flowId 1125 uecSrc 1124 finished at 22666.4 total messages 1 total packets 2448 RTS 0 total bytes 10002528 in_flight now 0 fair_inc 533682 prop_inc 33812 fast_inc 0 eta_inc 616860 multi_dec -1665893 quick_dec -44590 nack_dec -240700
Flow Uec_1978_124 flowId 1628 uecSrc 1627 finished at 22675.8 total messages 1 total packets 2448 RTS 0 total bytes 10002528 in_flight now 0 fair_inc 457289 prop_inc 42170 fast_inc 0 eta_inc 616264 multi_dec -1531931 quick_dec -37101 nack_dec -219950
Flow Uec_3027_1182 flowId 1615 uecSrc 1614 finished at 22680.4 total messages 1 total packets 2448 RTS 0 total bytes 10002528 in_flight now 0 fair_inc 526216 prop_inc 14753 fast_inc 0 eta_inc 606132 multi_dec -1708901 quick_dec -28100 nack_dec -236550
Flow Uec_495_2244 flowId 980 uecSrc 979 finished at 22693.2 total messages 1 total packets 2448 RTS 0 total bytes 10002528 in_flight now 0 fair_inc 470746 prop_inc 25854 fast_inc 0 eta_inc 616860 multi_dec -1594263 quick_dec -25309 nack_dec -228250
Flow Uec_491_2274 flowId 105 uecSrc 104 finished at 22699.4 total messages 1 total packets 2448 RTS 0 total bytes 10002528 in_flight now 0 fair_inc 490183 prop_inc 23013 fast_inc 0 eta_inc 616860 multi_dec -1626795 quick_dec -57535 nack_dec -203350
Flow Uec_511_2302 flowId 1602 uecSrc 1601 finished at 22699.6 total messages 1 total packets 2448 RTS 0 total bytes 10002528 in_flight now 0 fair_inc 481726 prop_inc 29729 fast_inc 0 eta_inc 617456 multi_dec -1559313 quick_dec -52614 nack_dec -195050
Flow Uec_119_1873 flowId 33 uecSrc 32 finished at 22716.9 total messages 1 total packets 2448 RTS 0 total bytes 10002528 in_flight now 0 fair_inc 466183 prop_inc 48651 fast_inc 0 eta_inc 618052 multi_dec -1635312 quick_dec -11146 nack_dec -211650
Flow Uec_2387_544 flowId 1156 uecSrc 1155 finished at 22718.7 total messages 1 total packets 2448 RTS 0 total bytes 10002528 in_flight now 0 fair_inc 585849 prop_inc 13798 fast_inc 0 eta_inc 608516 multi_dec -1860702 quick_dec -43909 nack_dec -219950
Flow Uec_3129_1238 flowId 630 uecSrc 629 finished at 22722.4 total messages 1 total packets 2448 RTS 0 total bytes 10002528 in_flight now 0 fair_inc 516945 prop_inc 15551 fast_inc 0 eta_inc 612092 multi_dec -1691710 quick_dec -44600 nack_dec -228250
Flow Uec_1961_111 flowId 267 uecSrc 266 finished at 22738.8 total messages 1 total packets 2448 RTS 0 total bytes 10002528 in_flight now 0 fair_inc 432610 prop_inc 54854 fast_inc 0 eta_inc 619244 multi_dec -1526591 quick_dec -27174 nack_dec -199200
Flow Uec_1973_109 flowId 5 uecSrc 4 finished at 22741.4 total messages 1 total packets 2448 RTS 0 total bytes 10002528 in_flight now 0 fair_inc 453608 prop_inc 53423 fast_inc 0 eta_inc 619840 multi_dec -1595872 quick_dec -5101 nack_dec -195050
Flow Uec_115_1906 flowId 165 uecSrc 164 finished at 22745.7 total messages 1 total packets 2448 RTS 0 total bytes 10002528 in_flight now 0 fair_inc 457416 prop_inc 62183 fast_inc 0 eta_inc 619244 multi_dec -1617291 quick_dec -52934 nack_dec -215800
Flow Uec_3263_1363 flowId 603 uecSrc 602 finished at 22765.9 total messages 1 total packets 2448 RTS 0 total bytes 10002528 in_flight now 0 fair_inc 343868 prop_inc 98446 fast_inc 0 eta_inc 622224 multi_dec -1344871 quick_dec -19730 nack_dec -199200
Flow Uec_3246_1354 flowId 356 uecSrc 355 finished at 22771.7 total messages 1 total packets 2448 RTS 0 total bytes 10002528 in_flight now 0 fair_inc 394504 prop_inc 99569 fast_inc 0 eta_inc 618052 multi_dec -1434172 quick_dec -70939 nack_dec -228250
Flow Uec_1955_104 flowId 928 uecSrc 927 finished at 22777.2 total messages 1 total packets 2448 RTS 0 total bytes 10002528 in_flight now 0 fair_inc 327922 prop_inc 90165 fast_inc 0 eta_inc 621032 multi_dec -1306394 quick_dec -88478 nack_dec -219950
Flow Uec_1982_75 flowId 1351 uecSrc 1350 finished at 22778.4 total messages 1 total packets 2448 RTS 0 total bytes 10002528 in_flight now 0 fair_inc 500411 prop_inc 57447 fast_inc 0 eta_inc 621628 multi_dec -1624868 quick_dec -29559 nack_dec -219950
Flow Uec_86_1858 flowId 1064 uecSrc 1063 finished at 22783.9 total messages 1 total packets 2448 RTS 0 total bytes 10002528 in_flight now 0 fair_inc 396911 prop_inc 87823 fast_inc 0 eta_inc 622224 multi_dec -1464348 quick_dec -35205 nack_dec -224100
Flow Uec_259_2061 flowId 406 uecSrc 405 finished at 22796.5 total messages 1 total packets 2448 RTS 0 total bytes 10002528 in_flight now 0 fair_inc 504520 prop_inc 22648 fast_inc 0 eta_inc 615072 multi_dec -1683950 quick_dec -43875 nack_dec -228250
Flow Uec_459_2247 flowId 656 uecSrc 655 finished at 22810.7 total messages 1 total packets 2448 RTS 0 total bytes 10002528 in_flight now 0 fair_inc 381524 prop_inc 103370 fast_inc 0 eta_inc 621628 multi_dec -1429768 quick_dec -8321 nack_dec -215800
Flow Uec_2096_211 flowId 1640 uecSrc 1639 finished at 22814.8 total messages 1 total packets 2448 RTS 0 total bytes 10002528 in_flight now 0 fair_inc 534859 prop_inc 17241 fast_inc 0 eta_inc 612688 multi_dec -1740005 quick_dec -49597 nack_dec -203350
Flow Uec_3103_1220 flowId 317 uecSrc 316 finished at 22828.1 total messages 1 total packets 2448 RTS 0 total bytes 10002528 in_flight now 0 fair_inc 533153 prop_inc 18832 fast_inc 0 eta_inc 614476 multi_dec -1670430 quick_dec -19557 nack_dec -215800
Flow Uec_2381_536 flowId 1144 uecSrc 1143 finished at 22848.6 total messages 1 total packets 2448 RTS 0 total bytes 10002528 in_flight now 0 fair_inc 604888 prop_inc 9427 fast_inc 0 eta_inc 609708 multi_dec -1877395 quick_dec -44522 nack_dec -236550
Flow Uec_2835_972 flowId 1532 uecSrc 1531 finished at 22866.9 total messages 1 total packets 2448 RTS 0 total bytes 10002528 in_flight now 0 fair_inc 579060 prop_inc 9968 fast_inc 0 eta_inc 607324 multi_dec -1806468 quick_dec -79900 nack_dec -240700
Flow Uec_257_2056 flowId 1621 uecSrc 1620 finished at 22924.3 total messages 1 total packets 2448 RTS 0 total bytes 10002528 in_flight now 0 fair_inc 500530 prop_inc 18971 fast_inc 0 eta_inc 616860 multi_dec -1689937 quick_dec -55081 nack_dec -219950
Flow Uec_3084_1230 flowId 1549 uecSrc 1548 finished at 22951.4 total messages 1 total packets 2448 RTS 0 total bytes 10002528 in_flight now 0 fair_inc 526885 prop_inc 16501 fast_inc 0 eta_inc 617456 multi_dec -1750408 quick_dec -36791 nack_dec -219950
Flow Uec_291_2076 flowId 886 uecSrc 885 finished at 22968.9 total messages 1 total packets 2448 RTS 0 total bytes 10002528 in_flight now 0 fair_inc 532358 prop_inc 10030 fast_inc 0 eta_inc 615072 multi_dec -1725366 quick_dec -31154 nack_dec -232400
Flow Uec_3076_1273 flowId 1662 uecSrc 1661 finished at 23001.6 total messages 1 total packets 2448 RTS 0 total bytes 10002528 in_flight now 0 fair_inc 496734 prop_inc 22022 fast_inc 0 eta_inc 619840 multi_dec -1650448 quick_dec -87605 nack_dec -215800
Flow Uec_1510_3314 flowId 895 uecSrc 894 finished at 23010 total messages 1 total packets 2448 RTS 0 total bytes 10002528 in_flight now 0 fair_inc 554587 prop_inc 21196 fast_inc 0 eta_inc 617456 multi_dec -1728551 quick_dec -29288 nack_dec -228250
Flow Uec_256_2106 flowId 345 uecSrc 344 finished at 23020.5 total messages 1 total packets 2448 RTS 0 total bytes 10002528 in_flight now 0 fair_inc 476098 prop_inc 16921 fast_inc 0 eta_inc 620436 multi_dec -1643906 quick_dec -24474 nack_dec -219950
Flow Uec_3093_1242 flowId 1745 uecSrc 1744 finished at 23108.7 total messages 1 total packets 2448 RTS 0 total bytes 10002528 in_flight now 0 fair_inc 559402 prop_inc 15751 fast_inc 0 eta_inc 621628 multi_dec -1763321 quick_dec -60208 nack_dec -224100
Flow Uec_2051_209 flowId 1512 uecSrc 1511 finished at 23122.4 total messages 1 total packets 2448 RTS 0 total bytes 10002528 in_flight now 0 fair_inc 552021 prop_inc 11888 fast_inc 0 eta_inc 621032 multi_dec -1896165 quick_dec -27503 nack_dec -228250
Flow Uec_2078_208 flowId 294 uecSrc 293 finished at 23137.5 total messages 1 total packets 2448 RTS 0 total bytes 10002528 in_flight now 0 fair_inc 518552 prop_inc 18021 fast_inc 0 eta_inc 622224 multi_dec -1706901 quick_dec -25988 nack_dec -232400
Flow Uec_283_2086 flowId 1136 uecSrc 1135 finished at 23144.8 total messages 1 total packets 2448 RTS 0 total bytes 10002528 in_flight now 0 fair_inc 502017 prop_inc 16443 fast_inc 0 eta_inc 623416 multi_dec -1703061 quick_dec -35916 nack_dec -240700
Flow Uec_318_2104 flowId 1198 uecSrc 1197 finished at 23149.6 total messages 1 total packets 2448 RTS 0 total bytes 10002528 in_flight now 0 fair_inc 507122 prop_inc 20321 fast_inc 0 eta_inc 622224 multi_dec -1646256 quick_dec -45805 nack_dec -232400
Flow Uec_607_2424 flowId 1052 uecSrc 1051 finished at 23167.3 total messages 1 total packets 2448 RTS 0 total bytes 10002528 in_flight now 0 fair_inc 530711 prop_inc 12518 fast_inc 0 eta_inc 618648 multi_dec -1746875 quick_dec -52717 nack_dec -232400
Flow Uec_3065_1207 flowId 1616 uecSrc 1615 finished at 23172.8 total messages 1 total packets 2448 RTS 0 total bytes 10002528 in_flight now 0 fair_inc 573975 prop_inc 13649 fast_inc 0 eta_inc 619244 multi_dec -1768641 quick_dec -88806 nack_dec -215800
Flow Uec_3101_1266 flowId 392 uecSrc 391 finished at 23184.5 total messages 1 total packets 2448 RTS 0 total bytes 10002528 in_flight now 0 fair_inc 478991 prop_inc 15336 fast_inc 0 eta_inc 625800 multi_dec -1601614 quick_dec -28852 nack_dec -224100
Flow Uec_633_2391 flowId 1133 uecSrc 1132 finished at 23187.1 total messages 1 total packets 2448 RTS 0 total bytes 10002528 in_flight now 0 fair_inc 564522 prop_inc 15599 fast_inc 0 eta_inc 618648 multi_dec -1820137 quick_dec -59463 nack_dec -236550
Flow Uec_3044_1197 flowId 315 uecSrc 314 finished at 23197.9 total messages 1 total packets 2448 RTS 0 total bytes 10002528 in_flight now 0 fair_inc 517155 prop_inc 11821 fast_inc 0 eta_inc 621032 multi_dec -1837695 quick_dec -65737 nack_dec -232400
Flow Uec_787_2563 flowId 1181 uecSrc 1180 finished at 23213.1 total messages 1 total packets 2448 RTS 0 total bytes 10002528 in_flight now 0 fair_inc 500365 prop_inc 14896 fast_inc 0 eta_inc 619840 multi_dec -1715362 quick_dec -27260 nack_dec -240700
Flow Uec_267_2068 flowId 277 uecSrc 276 finished at 23217.1 total messages 1 total packets 2448 RTS 0 total bytes 10002528 in_flight now 0 fair_inc 539794 prop_inc 21743 fast_inc 0 eta_inc 626992 multi_dec -1847683 quick_dec -20774 nack_dec -219950
Flow Uec_3015_1188 flowId 1302 uecSrc 1301 finished at 23219.2 total messages 1 total packets 2448 RTS 0 total bytes 10002528 in_flight now 0 fair_inc 558522 prop_inc 13102 fast_inc 0 eta_inc 621032 multi_dec -1794231 quick_dec -47412 nack_dec -228250
Flow Uec_2076_192 flowId 1331 uecSrc 1330 finished at 23223.7 total messages 1 total packets 2448 RTS 0 total bytes 10002528 in_flight now 0 fair_inc 498381 prop_inc 12574 fast_inc 0 eta_inc 620436 multi_dec -1744405 quick_dec -33395 nack_dec -224100
Flow Uec_2380_528 flowId 338 uecSrc 337 finished at 23233.2 total messages 1 total packets 2448 RTS 0 total bytes 10002528 in_flight now 0 fair_inc 548546 prop_inc 16388 fast_inc 0 eta_inc 618648 multi_dec -1780310 quick_dec -12083 nack_dec -224100
Flow Uec_1137_2938 flowId 1473 uecSrc 1472 finished at 23243.1 total messages 1 total packets 2448 RTS 0 total bytes 10002528 in_flight now 0 fair_inc 554761 prop_inc 14623 fast_inc 0 eta_inc 621628 multi_dec -1854790 quick_dec -26224 nack_dec -228250
Flow Uec_3131_1269 flowId 1772 uecSrc 1771 finished at 23243.4 total messages 1 total packets 2448 RTS 0 total bytes 10002528 in_flight now 0 fair_inc 510401 prop_inc 18074 fast_inc 0 eta_inc 626396 multi_dec -1679970 quick_dec -37101 nack_dec -215800
Flow Uec_2100_220 flowId 1798 uecSrc 1797 finished at 23257.9 total messages 1 total packets 2448 RTS 0 total bytes 10002528 in_flight now 0 fair_inc 505635 prop_inc 19132 fast_inc 0 eta_inc 624012 multi_dec -1708339 quick_dec -43785 nack_dec -215800
Flow Uec_294_2091 flowId 1073 uecSrc 1072 finished at 23271.3 total messages 1 total packets 2448 RTS 0 total bytes 10002528 in_flight now 0 fair_inc 483410 prop_inc 22567 fast_inc 0 eta_inc 626992 multi_dec -1713308 quick_dec -31360 nack_dec -199200
Flow Uec_3121_1240 flowId 11 uecSrc 10 finished at 23283.7 total messages 1 total packets 2448 RTS 0 total bytes 10002528 in_flight now 0 fair_inc 469844 prop_inc 32928 fast_inc 0 eta_inc 628780 multi_dec -1598830 quick_dec -80443 nack_dec -215800
Flow Uec_1127_2917 flowId 75 uecSrc 74 finished at 23287.1 total messages 1 total packets 2448 RTS 0 total bytes 10002528 in_flight now 0 fair_inc 516728 prop_inc 20983 fast_inc 0 eta_inc 623416 multi_dec -1668206 quick_dec -89801 nack_dec -215800
Flow Uec_796_2576 flowId 815 uecSrc 814 finished at 23308.9 total messages 1 total packets 2448 RTS 0 total bytes 10002528 in_flight now 0 fair_inc 525123 prop_inc 11257 fast_inc 0 eta_inc 624608 multi_dec -1768483 quick_dec -58557 nack_dec -207500
Flow Uec_618_2400 flowId 362 uecSrc 361 finished at 23315.6 total messages 1 total packets 2448 RTS 0 total bytes 10002528 in_flight now 0 fair_inc 568988 prop_inc 9119 fast_inc 0 eta_inc 621628 multi_dec -1828607 quick_dec -25689 nack_dec -219950
Flow Uec_271_2070 flowId 1748 uecSrc 1747 finished at 23320.3 total messages 1 total packets 2448 RTS 0 total bytes 10002528 in_flight now 0 fair_inc 502460 prop_inc 18874 fast_inc 0 eta_inc 625204 multi_dec -1670241 quick_dec -83022 nack_dec -215800
Flow Uec_3163_1333 flowId 1682 uecSrc 1681 finished at 23329.7 total messages 1 total packets 2448 RTS 0 total bytes 10002528 in_flight now 0 fair_inc 635099 prop_inc 11208 fast_inc 0 eta_inc 618052 multi_dec -2001816 quick_dec -44639 nack_dec -244850
Flow Uec_272_2082 flowId 194 uecSrc 193 finished at 23333.3 total messages 1 total packets 2448 RTS 0 total bytes 10002528 in_flight now 0 fair_inc 434785 prop_inc 19993 fast_inc 0 eta_inc 629376 multi_dec -1588067 quick_dec -63909 nack_dec -211650
Flow Uec_629_2418 flowId 1419 uecSrc 1418 finished at 23340.4 total messages 1 total packets 2448 RTS 0 total bytes 10002528 in_flight now 0 fair_inc 623286 prop_inc 5015 fast_inc 0 eta_inc 622224 multi_dec -2005129 quick_dec -52109 nack_dec -203350
Flow Uec_299_2067 flowId 1433 uecSrc 1432 finished at 23349 total messages 1 total packets 2448 RTS 0 total bytes 10002528 in_flight now 0 fair_inc 452936 prop_inc 20938 fast_inc 0 eta_inc 628184 multi_dec -1593736 quick_dec -98663 nack_dec -228250
Flow Uec_270_2065 flowId 518 uecSrc 517 finished at 23349.8 total messages 1 total packets 2448 RTS 0 total bytes 10002528 in_flight now 0 fair_inc 502768 prop_inc 17553 fast_inc 0 eta_inc 628184 multi_dec -1706590 quick_dec -10842 nack_dec -228250
Flow Uec_2531_673 flowId 320 uecSrc 319 finished at 23351 total messages 1 total packets 2448 RTS 0 total bytes 10002528 in_flight now 0 fair_inc 596148 prop_inc 5732 fast_inc 0 eta_inc 618648 multi_dec -1832694 quick_dec -76230 nack_dec -261450
Flow Uec_2606_712 flowId 421 uecSrc 420 finished at 23352.6 total messages 1 total packets 2448 RTS 0 total bytes 10002528 in_flight now 0 fair_inc 557033 prop_inc 11628 fast_inc 0 eta_inc 621032 multi_dec -1806034 quick_dec -51666 nack_dec -257300
Flow Uec_3117_1267 flowId 1567 uecSrc 1566 finished at 23372.5 total messages 1 total packets 2448 RTS 0 total bytes 10002528 in_flight now 0 fair_inc 475175 prop_inc 27834 fast_inc 0 eta_inc 629972 multi_dec -1660207 quick_dec -36848 nack_dec -232400
Flow Uec_578_2381 flowId 123 uecSrc 122 finished at 23382.7 total messages 1 total packets 2448 RTS 0 total bytes 10002528 in_flight now 0 fair_inc 547030 prop_inc 6494 fast_inc 0 eta_inc 624012 multi_dec -1852958 quick_dec -37851 nack_dec -224100
Flow Uec_3108_1217 flowId 1528 uecSrc 1527 finished at 23383.4 total messages 1 total packets 2448 RTS 0 total bytes 10002528 in_flight now 0 fair_inc 503266 prop_inc 20100 fast_inc 0 eta_inc 629376 multi_dec -1673396 quick_dec -26461 nack_dec -219950
Flow Uec_3123_1256 flowId 229 uecSrc 228 finished at 23390.1 total messages 1 total packets 2448 RTS 0 total bytes 10002528 in_flight now 0 fair_inc 471929 prop_inc 24998 fast_inc 0 eta_inc 631760 multi_dec -1672155 quick_dec -54260 nack_dec -228250
Flow Uec_2098_193 flowId 1161 uecSrc 1160 finished at 23390.2 total messages 1 total packets 2448 RTS 0 total bytes 10002528 in_flight now 0 fair_inc 517301 prop_inc 15249 fast_inc 0 eta_inc 629972 multi_dec -1753585 quick_dec -29098 nack_dec -219950
Flow Uec_3182_1293 flowId 1191 uecSrc 1190 finished at 23391.5 total messages 1 total packets 2448 RTS 0 total bytes 10002528 in_flight now 0 fair_inc 644149 prop_inc 10175 fast_inc 0 eta_inc 622820 multi_dec -2005765 quick_dec -58736 nack_dec -236550
Flow Uec_1120_2907 flowId 741 uecSrc 740 finished at 23395.8 total messages 1 total packets 2448 RTS 0 total bytes 10002528 in_flight now 0 fair_inc 544707 prop_inc 14614 fast_inc 0 eta_inc 626992 multi_dec -1796658 quick_dec -73117 nack_dec -219950
Flow Uec_777_2562 flowId 584 uecSrc 583 finished at 23403.6 total messages 1 total packets 2448 RTS 0 total bytes 10002528 in_flight now 0 fair_inc 530732 prop_inc 14430 fast_inc 0 eta_inc 628184 multi_dec -1742072 quick_dec -23978 nack_dec -228250
Flow Uec_1535_3282 flowId 259 uecSrc 258 finished at 23421.7 total messages 1 total packets 2448 RTS 0 total bytes 10002528 in_flight now 0 fair_inc 527952 prop_inc 25219 fast_inc 0 eta_inc 626992 multi_dec -1712905 quick_dec -8839 nack_dec -228250
Flow Uec_295_2088 flowId 662 uecSrc 661 finished at 23431.5 total messages 1 total packets 2448 RTS 0 total bytes 10002528 in_flight now 0 fair_inc 482730 prop_inc 24520 fast_inc 0 eta_inc 631760 multi_dec -1625889 quick_dec -69511 nack_dec -199200
Flow Uec_1853_3596 flowId 378 uecSrc 377 finished at 23437 total messages 1 total packets 2448 RTS 0 total bytes 10002528 in_flight now 0 fair_inc 587603 prop_inc 11427 fast_inc 0 eta_inc 624608 multi_dec -1938675 quick_dec -111 nack_dec -228250
Flow Uec_3107_1228 flowId 18 uecSrc 17 finished at 23447.2 total messages 1 total packets 2448 RTS 0 total bytes 10002528 in_flight now 0 fair_inc 478826 prop_inc 29095 fast_inc 0 eta_inc 632356 multi_dec -1646064 quick_dec -56643 nack_dec -228250
Flow Uec_3116_1239 flowId 550 uecSrc 549 finished at 23455 total messages 1 total packets 2448 RTS 0 total bytes 10002528 in_flight now 0 fair_inc 463908 prop_inc 32551 fast_inc 0 eta_inc 633548 multi_dec -1667321 quick_dec -45740 nack_dec -215800
Flow Uec_781_2586 flowId 1493 uecSrc 1492 finished at 23459.2 total messages 1 total packets 2448 RTS 0 total bytes 10002528 in_flight now 0 fair_inc 571625 prop_inc 13315 fast_inc 0 eta_inc 628184 multi_dec -1829350 quick_dec -38154 nack_dec -228250
Flow Uec_292_2103 flowId 514 uecSrc 513 finished at 23471.8 total messages 1 total packets 2448 RTS 0 total bytes 10002528 in_flight now 0 fair_inc 508896 prop_inc 27986 fast_inc 0 eta_inc 633548 multi_dec -1678741 quick_dec -10209 nack_dec -203350
Flow Uec_268_2075 flowId 1097 uecSrc 1096 finished at 23485.4 total messages 1 total packets 2448 RTS 0 total bytes 10002528 in_flight now 0 fair_inc 471407 prop_inc 29144 fast_inc 0 eta_inc 633548 multi_dec -1655321 quick_dec -27094 nack_dec -215800
Flow Uec_266_2053 flowId 1193 uecSrc 1192 finished at 23514.7 total messages 1 total packets 2448 RTS 0 total bytes 10002528 in_flight now 0 fair_inc 481942 prop_inc 34519 fast_inc 0 eta_inc 632356 multi_dec -1657244 quick_dec -26732 nack_dec -224100
Flow Uec_3130_1258 flowId 464 uecSrc 463 finished at 23515 total messages 1 total packets 2448 RTS 0 total bytes 10002528 in_flight now 0 fair_inc 492391 prop_inc 45383 fast_inc 0 eta_inc 636528 multi_dec -1744026 quick_dec -31758 nack_dec -211650
Flow Uec_3081_1274 flowId 1151 uecSrc 1150 finished at 23527.2 total messages 1 total packets 2448 RTS 0 total bytes 10002528 in_flight now 0 fair_inc 472953 prop_inc 57902 fast_inc 0 eta_inc 637124 multi_dec -1654097 quick_dec -60943 nack_dec -244850
Flow Uec_1099_2925 flowId 186 uecSrc 185 finished at 23535.7 total messages 1 total packets 2448 RTS 0 total bytes 10002528 in_flight now 0 fair_inc 566370 prop_inc 12608 fast_inc 0 eta_inc 629376 multi_dec -1745964 quick_dec -44508 nack_dec -236550
Flow Uec_1832_3585 flowId 1491 uecSrc 1490 finished at 23549.7 total messages 1 total packets 2448 RTS 0 total bytes 10002528 in_flight now 0 fair_inc 518258 prop_inc 16540 fast_inc 0 eta_inc 628184 multi_dec -1776989 quick_dec -30105 nack_dec -232400
Flow Uec_293_2060 flowId 1357 uecSrc 1356 finished at 23564.7 total messages 1 total packets 2448 RTS 0 total bytes 10002528 in_flight now 0 fair_inc 461603 prop_inc 61627 fast_inc 0 eta_inc 635336 multi_dec -1643711 quick_dec -10352 nack_dec -215800
Flow Uec_3102_1235 flowId 1130 uecSrc 1129 finished at 23572.5 total messages 1 total packets 2448 RTS 0 total bytes 10002528 in_flight now 0 fair_inc 427332 prop_inc 84480 fast_inc 0 eta_inc 637720 multi_dec -1576332 quick_dec -54364 nack_dec -224100
Flow Uec_3070_1192 flowId 676 uecSrc 675 finished at 23573.3 total messages 1 total packets 2448 RTS 0 total bytes 10002528 in_flight now 0 fair_inc 496974 prop_inc 13311 fast_inc 0 eta_inc 629972 multi_dec -1703452 quick_dec -34913 nack_dec -236550
Flow Uec_3142_1342 flowId 1047 uecSrc 1046 finished at 23577.3 total messages 1 total packets 2448 RTS 0 total bytes 10002528 in_flight now 0 fair_inc 608688 prop_inc 20655 fast_inc 0 eta_inc 628780 multi_dec -1918890 quick_dec -17205 nack_dec -273900
Flow Uec_948_2724 flowId 1782 uecSrc 1781 finished at 23585.1 total messages 1 total packets 2448 RTS 0 total bytes 10002528 in_flight now 0 fair_inc 547427 prop_inc 10929 fast_inc 0 eta_inc 626396 multi_dec -1809600 quick_dec -45893 nack_dec -228250
Flow Uec_2226_369 flowId 302 uecSrc 301 finished at 23596.9 total messages 1 total packets 2448 RTS 0 total bytes 10002528 in_flight now 0 fair_inc 558653 prop_inc 14490 fast_inc 0 eta_inc 626396 multi_dec -1896389 quick_dec -94125 nack_dec -236550
Flow Uec_319_2054 flowId 755 uecSrc 754 finished at 23598.1 total messages 1 total packets 2448 RTS 0 total bytes 10002528 in_flight now 0 fair_inc 457493 prop_inc 85929 fast_inc 0 eta_inc 639508 multi_dec -1564759 quick_dec -17749 nack_dec -224100
Flow Uec_917_2690 flowId 1019 uecSrc 1018 finished at 23598.1 total messages 1 total packets 2448 RTS 0 total bytes 10002528 in_flight now 0 fair_inc 561739 prop_inc 9097 fast_inc 0 eta_inc 631164 multi_dec -1781483 quick_dec -84701 nack_dec -224100
Flow Uec_770_2612 flowId 946 uecSrc 945 finished at 23599.7 total messages 1 total packets 2448 RTS 0 total bytes 10002528 in_flight now 0 fair_inc 527861 prop_inc 12206 fast_inc 0 eta_inc 633548 multi_dec -1778733 quick_dec -46185 nack_dec -244850
Flow Uec_3122_1253 flowId 1536 uecSrc 1535 finished at 23600.4 total messages 1 total packets 2448 RTS 0 total bytes 10002528 in_flight now 0 fair_inc 457338 prop_inc 96790 fast_inc 0 eta_inc 641296 multi_dec -1666941 quick_dec -39840 nack_dec -219950
Flow Uec_902_2719 flowId 275 uecSrc 274 finished at 23604.2 total messages 1 total packets 2448 RTS 0 total bytes 10002528 in_flight now 0 fair_inc 549425 prop_inc 12430 fast_inc 0 eta_inc 630568 multi_dec -1751296 quick_dec -66892 nack_dec -207500
Flow Uec_2575_718 flowId 377 uecSrc 376 finished at 23629.3 total messages 1 total packets 2448 RTS 0 total bytes 10002528 in_flight now 0 fair_inc 535989 prop_inc 14117 fast_inc 0 eta_inc 628780 multi_dec -1796711 quick_dec -133674 nack_dec -211650
Flow Uec_2403_521 flowId 838 uecSrc 837 finished at 23691.4 total messages 1 total packets 2448 RTS 0 total bytes 10002528 in_flight now 0 fair_inc 546885 prop_inc 13704 fast_inc 0 eta_inc 634144 multi_dec -1752718 quick_dec -76225 nack_dec -228250
Flow Uec_1855_3593 flowId 115 uecSrc 114 finished at 23717.5 total messages 1 total packets 2448 RTS 0 total bytes 10002528 in_flight now 0 fair_inc 562458 prop_inc 11703 fast_inc 0 eta_inc 632356 multi_dec -1839428 quick_dec -54023 nack_dec -203350
Flow Uec_1470_3246 flowId 713 uecSrc 712 finished at 23726.3 total messages 1 total packets 2448 RTS 0 total bytes 10002528 in_flight now 0 fair_inc 534565 prop_inc 8093 fast_inc 0 eta_inc 631164 multi_dec -1920806 quick_dec -22823 nack_dec -228250
Flow Uec_779_2578 flowId 1075 uecSrc 1074 finished at 23727.6 total messages 1 total packets 2448 RTS 0 total bytes 10002528 in_flight now 0 fair_inc 521212 prop_inc 12071 fast_inc 0 eta_inc 635336 multi_dec -1791956 quick_dec -34630 nack_dec -236550
Flow Uec_2378_575 flowId 725 uecSrc 724 finished at 23739.1 total messages 1 total packets 2448 RTS 0 total bytes 10002528 in_flight now 0 fair_inc 537003 prop_inc 10168 fast_inc 0 eta_inc 633548 multi_dec -1813908 quick_dec -19159 nack_dec -215800
Flow Uec_2074_215 flowId 4 uecSrc 3 finished at 23748.7 total messages 1 total packets 2448 RTS 0 total bytes 10002528 in_flight now 0 fair_inc 574954 prop_inc 13712 fast_inc 0 eta_inc 638912 multi_dec -1874707 quick_dec -34373 nack_dec -228250
Flow Uec_2066_236 flowId 786 uecSrc 785 finished at 23757.8 total messages 1 total packets 2448 RTS 0 total bytes 10002528 in_flight now 0 fair_inc 522602 prop_inc 21756 fast_inc 0 eta_inc 640700 multi_dec -1704156 quick_dec -49738 nack_dec -219950
Flow Uec_956_2728 flowId 684 uecSrc 683 finished at 23760.8 total messages 1 total packets 2448 RTS 0 total bytes 10002528 in_flight now 0 fair_inc 566277 prop_inc 18487 fast_inc 0 eta_inc 636528 multi_dec -1743313 quick_dec -62171 nack_dec -236550
Flow Uec_166_1929 flowId 475 uecSrc 474 finished at 23766 total messages 1 total packets 2448 RTS 0 total bytes 10002528 in_flight now 0 fair_inc 587598 prop_inc 12760 fast_inc 0 eta_inc 632952 multi_dec -1877979 quick_dec -47307 nack_dec -232400
Flow Uec_2402_560 flowId 192 uecSrc 191 finished at 23778.1 total messages 1 total packets 2448 RTS 0 total bytes 10002528 in_flight now 0 fair_inc 611405 prop_inc 6818 fast_inc 0 eta_inc 634740 multi_dec -1822994 quick_dec -55409 nack_dec -249000
Flow Uec_1514_3268 flowId 1311 uecSrc 1310 finished at 23781.4 total messages 1 total packets 2448 RTS 0 total bytes 10002528 in_flight now 0 fair_inc 508810 prop_inc 12154 fast_inc 0 eta_inc 637124 multi_dec -1772220 quick_dec -46370 nack_dec -203350
Flow Uec_2089_219 flowId 1695 uecSrc 1694 finished at 23782.7 total messages 1 total packets 2448 RTS 0 total bytes 10002528 in_flight now 0 fair_inc 475541 prop_inc 16015 fast_inc 0 eta_inc 641296 multi_dec -1658967 quick_dec -58004 nack_dec -224100
Flow Uec_1477_3286 flowId 130 uecSrc 129 finished at 23811.4 total messages 1 total packets 2448 RTS 0 total bytes 10002528 in_flight now 0 fair_inc 541681 prop_inc 13983 fast_inc 0 eta_inc 637720 multi_dec -1814521 quick_dec -44291 nack_dec -207500
Flow Uec_2058_214 flowId 1274 uecSrc 1273 finished at 23818.8 total messages 1 total packets 2448 RTS 0 total bytes 10002528 in_flight now 0 fair_inc 418265 prop_inc 25779 fast_inc 0 eta_inc 644872 multi_dec -1504584 quick_dec -71853 nack_dec -199200
Flow Uec_3281_1409 flowId 1180 uecSrc 1179 finished at 23824.5 total messages 1 total packets 2448 RTS 0 total bytes 10002528 in_flight now 0 fair_inc 510637 prop_inc 13707 fast_inc 0 eta_inc 640104 multi_dec -1900668 quick_dec -60865 nack_dec -219950
Flow Uec_2108_206 flowId 1767 uecSrc 1766 finished at 23859.3 total messages 1 total packets 2448 RTS 0 total bytes 10002528 in_flight now 0 fair_inc 479420 prop_inc 16469 fast_inc 0 eta_inc 641296 multi_dec -1705418 quick_dec -26824 nack_dec -224100
Flow Uec_3265_1410 flowId 142 uecSrc 141 finished at 23877.8 total messages 1 total packets 2448 RTS 0 total bytes 10002528 in_flight now 0 fair_inc 568738 prop_inc 11983 fast_inc 0 eta_inc 635932 multi_dec -1865797 quick_dec -40700 nack_dec -257300
Flow Uec_2104_222 flowId 91 uecSrc 90 finished at 23883.6 total messages 1 total packets 2448 RTS 0 total bytes 10002528 in_flight now 0 fair_inc 495951 prop_inc 18340 fast_inc 0 eta_inc 643680 multi_dec -1728300 quick_dec -41282 nack_dec -207500
Flow Uec_1481_3302 flowId 672 uecSrc 671 finished at 23902.5 total messages 1 total packets 2448 RTS 0 total bytes 10002528 in_flight now 0 fair_inc 562800 prop_inc 13047 fast_inc 0 eta_inc 641892 multi_dec -1848087 quick_dec -45399 nack_dec -249000
Flow Uec_813_2571 flowId 934 uecSrc 933 finished at 23911.8 total messages 1 total packets 2448 RTS 0 total bytes 10002528 in_flight now 0 fair_inc 544541 prop_inc 10875 fast_inc 0 eta_inc 641892 multi_dec -1872460 quick_dec -39063 nack_dec -224100
Flow Uec_2053_252 flowId 321 uecSrc 320 finished at 23917 total messages 1 total packets 2448 RTS 0 total bytes 10002528 in_flight now 0 fair_inc 562198 prop_inc 19604 fast_inc 0 eta_inc 643084 multi_dec -1842733 quick_dec -100756 nack_dec -224100
Flow Uec_3016_1171 flowId 1438 uecSrc 1437 finished at 23917.4 total messages 1 total packets 2448 RTS 0 total bytes 10002528 in_flight now 0 fair_inc 502648 prop_inc 12837 fast_inc 0 eta_inc 639508 multi_dec -1720981 quick_dec -93415 nack_dec -244850
Flow Uec_1520_3310 flowId 539 uecSrc 538 finished at 23922.6 total messages 1 total packets 2448 RTS 0 total bytes 10002528 in_flight now 0 fair_inc 517217 prop_inc 20560 fast_inc 0 eta_inc 641296 multi_dec -1736696 quick_dec -33314 nack_dec -228250
Flow Uec_2858_1007 flowId 1601 uecSrc 1600 finished at 23931.2 total messages 1 total packets 2448 RTS 0 total bytes 10002528 in_flight now 0 fair_inc 550812 prop_inc 19834 fast_inc 0 eta_inc 635336 multi_dec -1943134 quick_dec -76758 nack_dec -186750
Flow Uec_2406_531 flowId 1350 uecSrc 1349 finished at 23933.9 total messages 1 total packets 2448 RTS 0 total bytes 10002528 in_flight now 0 fair_inc 548054 prop_inc 14242 fast_inc 0 eta_inc 638912 multi_dec -1854080 quick_dec -87661 nack_dec -240700
Flow Uec_1534_3290 flowId 1471 uecSrc 1470 finished at 23947.5 total messages 1 total packets 2448 RTS 0 total bytes 10002528 in_flight now 0 fair_inc 531801 prop_inc 21574 fast_inc 0 eta_inc 640700 multi_dec -1793319 quick_dec -49790 nack_dec -232400
Flow Uec_1148_2916 flowId 1321 uecSrc 1320 finished at 23979.4 total messages 1 total packets 2448 RTS 0 total bytes 10002528 in_flight now 0 fair_inc 543156 prop_inc 13981 fast_inc 0 eta_inc 643680 multi_dec -1808601 quick_dec -42433 nack_dec -224100
Flow Uec_2063_245 flowId 1170 uecSrc 1169 finished at 23984.8 total messages 1 total packets 2448 RTS 0 total bytes 10002528 in_flight now 0 fair_inc 412927 prop_inc 30458 fast_inc 0 eta_inc 647852 multi_dec -1492924 quick_dec -84722 nack_dec -219950
Flow Uec_2849_1002 flowId 812 uecSrc 811 finished at 23994.4 total messages 1 total packets 2448 RTS 0 total bytes 10002528 in_flight now 0 fair_inc 585735 prop_inc 11409 fast_inc 0 eta_inc 638316 multi_dec -1824076 quick_dec -44045 nack_dec -253150
Flow Uec_2105_235 flowId 1016 uecSrc 1015 finished at 24010.2 total messages 1 total packets 2448 RTS 0 total bytes 10002528 in_flight now 0 fair_inc 470534 prop_inc 17989 fast_inc 0 eta_inc 647256 multi_dec -1657600 quick_dec -21554 nack_dec -224100
Flow Uec_1109_2896 flowId 765 uecSrc 764 finished at 24035 total messages 1 total packets 2448 RTS 0 total bytes 10002528 in_flight now 0 fair_inc 448109 prop_inc 20298 fast_inc 0 eta_inc 645468 multi_dec -1612840 quick_dec -71302 nack_dec -224100
Flow Uec_825_2617 flowId 1725 uecSrc 1724 finished at 24112.1 total messages 1 total packets 2448 RTS 0 total bytes 10002528 in_flight now 0 fair_inc 539247 prop_inc 11969 fast_inc 0 eta_inc 646064 multi_dec -1919000 quick_dec -32960 nack_dec -195050
Flow Uec_3012_1165 flowId 900 uecSrc 899 finished at 24127.2 total messages 1 total packets 2448 RTS 0 total bytes 10002528 in_flight now 0 fair_inc 550285 prop_inc 15209 fast_inc 0 eta_inc 646660 multi_dec -1817397 quick_dec -83356 nack_dec -215800
Flow Uec_1101_2920 flowId 100 uecSrc 99 finished at 24130.4 total messages 1 total packets 2448 RTS 0 total bytes 10002528 in_flight now 0 fair_inc 504118 prop_inc 12675 fast_inc 0 eta_inc 646660 multi_dec -1763727 quick_dec -29265 nack_dec -215800
Flow Uec_2092_233 flowId 82 uecSrc 81 finished at 24144.7 total messages 1 total packets 2448 RTS 0 total bytes 10002528 in_flight now 0 fair_inc 493282 prop_inc 31000 fast_inc 0 eta_inc 650236 multi_dec -1663290 quick_dec -56839 nack_dec -215800
Flow Uec_3140_1327 flowId 871 uecSrc 870 finished at 24148.3 total messages 1 total packets 2448 RTS 0 total bytes 10002528 in_flight now 0 fair_inc 514035 prop_inc 16930 fast_inc 0 eta_inc 644872 multi_dec -1809851 quick_dec -62850 nack_dec -215800
Flow Uec_3052_1187 flowId 1090 uecSrc 1089 finished at 24162.3 total messages 1 total packets 2448 RTS 0 total bytes 10002528 in_flight now 0 fair_inc 555706 prop_inc 11408 fast_inc 0 eta_inc 647852 multi_dec -1805672 quick_dec -46311 nack_dec -232400
Flow Uec_3269_1430 flowId 1337 uecSrc 1336 finished at 24166.4 total messages 1 total packets 2448 RTS 0 total bytes 10002528 in_flight now 0 fair_inc 563212 prop_inc 18955 fast_inc 0 eta_inc 641296 multi_dec -1771137 quick_dec -87066 nack_dec -249000
Flow Uec_2110_195 flowId 367 uecSrc 366 finished at 24173.5 total messages 1 total packets 2448 RTS 0 total bytes 10002528 in_flight now 0 fair_inc 500731 prop_inc 18369 fast_inc 0 eta_inc 650832 multi_dec -1799585 quick_dec -4944 nack_dec -207500
Flow Uec_827_2614 flowId 311 uecSrc 310 finished at 24173.6 total messages 1 total packets 2448 RTS 0 total bytes 10002528 in_flight now 0 fair_inc 538902 prop_inc 14543 fast_inc 0 eta_inc 647852 multi_dec -1737320 quick_dec -54128 nack_dec -232400
Flow Uec_598_2429 flowId 982 uecSrc 981 finished at 24175.9 total messages 1 total packets 2448 RTS 0 total bytes 10002528 in_flight now 0 fair_inc 533964 prop_inc 15025 fast_inc 0 eta_inc 645468 multi_dec -1835139 quick_dec -17697 nack_dec -232400
Flow Uec_2396_535 flowId 60 uecSrc 59 finished at 24178.9 total messages 1 total packets 2448 RTS 0 total bytes 10002528 in_flight now 0 fair_inc 562541 prop_inc 13360 fast_inc 0 eta_inc 643084 multi_dec -1864462 quick_dec -89700 nack_dec -228250
Flow Uec_1136_2915 flowId 208 uecSrc 207 finished at 24186 total messages 1 total packets 2448 RTS 0 total bytes 10002528 in_flight now 0 fair_inc 494961 prop_inc 13559 fast_inc 0 eta_inc 649044 multi_dec -1821493 quick_dec -30597 nack_dec -186750
Flow Uec_1495_3291 flowId 916 uecSrc 915 finished at 24199.1 total messages 1 total packets 2448 RTS 0 total bytes 10002528 in_flight now 0 fair_inc 489995 prop_inc 14359 fast_inc 0 eta_inc 649640 multi_dec -1714202 quick_dec -71049 nack_dec -211650
Flow Uec_3024_1169 flowId 1405 uecSrc 1404 finished at 24207.6 total messages 1 total packets 2448 RTS 0 total bytes 10002528 in_flight now 0 fair_inc 491193 prop_inc 11972 fast_inc 0 eta_inc 649640 multi_dec -1771437 quick_dec -88853 nack_dec -215800
Flow Uec_2082_203 flowId 858 uecSrc 857 finished at 24217 total messages 1 total packets 2448 RTS 0 total bytes 10002528 in_flight now 0 fair_inc 456827 prop_inc 24347 fast_inc 0 eta_inc 653812 multi_dec -1685756 quick_dec -59834 nack_dec -215800
Flow Uec_931_2716 flowId 1379 uecSrc 1378 finished at 24223.8 total messages 1 total packets 2448 RTS 0 total bytes 10002528 in_flight now 0 fair_inc 503777 prop_inc 7536 fast_inc 0 eta_inc 647852 multi_dec -1820451 quick_dec -60743 nack_dec -215800
Flow Uec_2545_660 flowId 1794 uecSrc 1793 finished at 24227.4 total messages 1 total packets 2448 RTS 0 total bytes 10002528 in_flight now 0 fair_inc 446228 prop_inc 20508 fast_inc 0 eta_inc 644872 multi_dec -1627891 quick_dec -97994 nack_dec -195050
Flow Uec_3022_1194 flowId 1182 uecSrc 1181 finished at 24230.6 total messages 1 total packets 2448 RTS 0 total bytes 10002528 in_flight now 0 fair_inc 485922 prop_inc 16541 fast_inc 0 eta_inc 650832 multi_dec -1749560 quick_dec -27661 nack_dec -219950
Flow Uec_2101_223 flowId 143 uecSrc 142 finished at 24231 total messages 1 total packets 2448 RTS 0 total bytes 10002528 in_flight now 0 fair_inc 463076 prop_inc 24395 fast_inc 0 eta_inc 655004 multi_dec -1685808 quick_dec -25284 nack_dec -219950
Flow Uec_1116_2910 flowId 1643 uecSrc 1642 finished at 24241.5 total messages 1 total packets 2448 RTS 0 total bytes 10002528 in_flight now 0 fair_inc 518032 prop_inc 9466 fast_inc 0 eta_inc 649640 multi_dec -1796172 quick_dec -44901 nack_dec -215800
Flow Uec_1795_3586 flowId 1342 uecSrc 1341 finished at 24245.2 total messages 1 total packets 2448 RTS 0 total bytes 10002528 in_flight now 0 fair_inc 450959 prop_inc 18236 fast_inc 0 eta_inc 646660 multi_dec -1596907 quick_dec -53660 nack_dec -215800
Flow Uec_595_2371 flowId 479 uecSrc 478 finished at 24250.1 total messages 1 total packets 2448 RTS 0 total bytes 10002528 in_flight now 0 fair_inc 549296 prop_inc 14170 fast_inc 0 eta_inc 647852 multi_dec -1783459 quick_dec -53394 nack_dec -236550
Flow Uec_776_2616 flowId 680 uecSrc 679 finished at 24289.6 total messages 1 total packets 2448 RTS 0 total bytes 10002528 in_flight now 0 fair_inc 501483 prop_inc 17688 fast_inc 0 eta_inc 651428 multi_dec -1775243 quick_dec -49658 nack_dec -228250
Flow Uec_1521_3300 flowId 647 uecSrc 646 finished at 24293.7 total messages 1 total packets 2448 RTS 0 total bytes 10002528 in_flight now 0 fair_inc 540435 prop_inc 13475 fast_inc 0 eta_inc 653216 multi_dec -1825847 quick_dec --204 nack_dec -244850
Flow Uec_2069_200 flowId 1014 uecSrc 1013 finished at 24294.4 total messages 1 total packets 2448 RTS 0 total bytes 10002528 in_flight now 0 fair_inc 468523 prop_inc 27761 fast_inc 0 eta_inc 660368 multi_dec -1664740 quick_dec -65273 nack_dec -190900
Flow Uec_3161_1321 flowId 674 uecSrc 673 finished at 24298.4 total messages 1 total packets 2448 RTS 0 total bytes 10002528 in_flight now 0 fair_inc 594721 prop_inc 10408 fast_inc 0 eta_inc 647852 multi_dec -1934948 quick_dec -61018 nack_dec -240700
Flow Uec_2070_246 flowId 870 uecSrc 869 finished at 24320.7 total messages 1 total packets 2448 RTS 0 total bytes 10002528 in_flight now 0 fair_inc 438152 prop_inc 37451 fast_inc 0 eta_inc 657388 multi_dec -1620539 quick_dec -51339 nack_dec -211650
Flow Uec_1151_2885 flowId 314 uecSrc 313 finished at 24323.3 total messages 1 total packets 2448 RTS 0 total bytes 10002528 in_flight now 0 fair_inc 529301 prop_inc 10703 fast_inc 0 eta_inc 653216 multi_dec -1793401 quick_dec -23499 nack_dec -224100
Flow Uec_3175_1325 flowId 1367 uecSrc 1366 finished at 24326.1 total messages 1 total packets 2448 RTS 0 total bytes 10002528 in_flight now 0 fair_inc 599364 prop_inc 18306 fast_inc 0 eta_inc 648448 multi_dec -1986050 quick_dec -70354 nack_dec -240700
Flow Uec_3187_1339 flowId 339 uecSrc 338 finished at 24326.9 total messages 1 total packets 2448 RTS 0 total bytes 10002528 in_flight now 0 fair_inc 618876 prop_inc 8756 fast_inc 0 eta_inc 646064 multi_dec -1970891 quick_dec -93496 nack_dec -224100
Flow Uec_3345_1482 flowId 14 uecSrc 13 finished at 24331.7 total messages 1 total packets 2448 RTS 0 total bytes 10002528 in_flight now 0 fair_inc 559004 prop_inc 12284 fast_inc 0 eta_inc 647256 multi_dec -1886720 quick_dec -64796 nack_dec -219950
Flow Uec_1114_2934 flowId 902 uecSrc 901 finished at 24334.1 total messages 1 total packets 2448 RTS 0 total bytes 10002528 in_flight now 0 fair_inc 518547 prop_inc 13135 fast_inc 0 eta_inc 652620 multi_dec -1767273 quick_dec -25597 nack_dec -219950
Flow Uec_577_2377 flowId 610 uecSrc 609 finished at 24335.3 total messages 1 total packets 2448 RTS 0 total bytes 10002528 in_flight now 0 fair_inc 537332 prop_inc 8346 fast_inc 0 eta_inc 650236 multi_dec -1808611 quick_dec -17541 nack_dec -240700
Flow Uec_2099_240 flowId 1454 uecSrc 1453 finished at 24349.3 total messages 1 total packets 2448 RTS 0 total bytes 10002528 in_flight now 0 fair_inc 448245 prop_inc 44288 fast_inc 0 eta_inc 658580 multi_dec -1619201 quick_dec -46449 nack_dec -236550
Flow Uec_2519_654 flowId 1228 uecSrc 1227 finished at 24362.9 total messages 1 total packets 2448 RTS 0 total bytes 10002528 in_flight now 0 fair_inc 543735 prop_inc 6790 fast_inc 0 eta_inc 645468 multi_dec -1833558 quick_dec -32922 nack_dec -232400
Flow Uec_2391_515 flowId 1146 uecSrc 1145 finished at 24365.1 total messages 1 total packets 2448 RTS 0 total bytes 10002528 in_flight now 0 fair_inc 507806 prop_inc 20569 fast_inc 0 eta_inc 651428 multi_dec -1764023 quick_dec -66271 nack_dec -215800
Flow Uec_1474_3305 flowId 454 uecSrc 453 finished at 24387.6 total messages 1 total packets 2448 RTS 0 total bytes 10002528 in_flight now 0 fair_inc 472050 prop_inc 19251 fast_inc 0 eta_inc 655600 multi_dec -1721793 quick_dec -57009 nack_dec -224100
Flow Uec_3166_1323 flowId 38 uecSrc 37 finished at 24388.7 total messages 1 total packets 2448 RTS 0 total bytes 10002528 in_flight now 0 fair_inc 527997 prop_inc 13755 fast_inc 0 eta_inc 650236 multi_dec -1895129 quick_dec -26093 nack_dec -249000
Flow Uec_924_2717 flowId 1269 uecSrc 1268 finished at 24390.2 total messages 1 total packets 2448 RTS 0 total bytes 10002528 in_flight now 0 fair_inc 543149 prop_inc 12312 fast_inc 0 eta_inc 651428 multi_dec -1831143 quick_dec -20359 nack_dec -232400
Flow Uec_812_2584 flowId 1035 uecSrc 1034 finished at 24391.2 total messages 1 total packets 2448 RTS 0 total bytes 10002528 in_flight now 0 fair_inc 517368 prop_inc 10999 fast_inc 0 eta_inc 653812 multi_dec -1816627 quick_dec -51918 nack_dec -244850
Flow Uec_2527_672 flowId 416 uecSrc 415 finished at 24393.3 total messages 1 total packets 2448 RTS 0 total bytes 10002528 in_flight now 0 fair_inc 558732 prop_inc 9562 fast_inc 0 eta_inc 649044 multi_dec -1821216 quick_dec -87165 nack_dec -253150
Flow Uec_2603_748 flowId 945 uecSrc 944 finished at 24395.3 total messages 1 total packets 2448 RTS 0 total bytes 10002528 in_flight now 0 fair_inc 530104 prop_inc 14494 fast_inc 0 eta_inc 649640 multi_dec -1767183 quick_dec -50917 nack_dec -253150
Flow Uec_2073_217 flowId 1258 uecSrc 1257 finished at 24396.7 total messages 1 total packets 2448 RTS 0 total bytes 10002528 in_flight now 0 fair_inc 450731 prop_inc 73334 fast_inc 0 eta_inc 657984 multi_dec -1642799 quick_dec -27037 nack_dec -240700
Flow Uec_2081_243 flowId 328 uecSrc 327 finished at 24405.4 total messages 1 total packets 2448 RTS 0 total bytes 10002528 in_flight now 0 fair_inc 412084 prop_inc 77673 fast_inc 0 eta_inc 659772 multi_dec -1592943 quick_dec -57610 nack_dec -215800
Flow Uec_1412_3211 flowId 1167 uecSrc 1166 finished at 24415.3 total messages 1 total packets 2448 RTS 0 total bytes 10002528 in_flight now 0 fair_inc 553759 prop_inc 9720 fast_inc 0 eta_inc 649640 multi_dec -1918545 quick_dec -37944 nack_dec -228250
Flow Uec_3069_1179 flowId 1271 uecSrc 1270 finished at 24418 total messages 1 total packets 2448 RTS 0 total bytes 10002528 in_flight now 0 fair_inc 530004 prop_inc 11023 fast_inc 0 eta_inc 652620 multi_dec -1794466 quick_dec -76234 nack_dec -224100
Flow Uec_1507_3293 flowId 1533 uecSrc 1532 finished at 24432.2 total messages 1 total packets 2448 RTS 0 total bytes 10002528 in_flight now 0 fair_inc 508106 prop_inc 20322 fast_inc 0 eta_inc 656792 multi_dec -1740304 quick_dec -79124 nack_dec -195050
Flow Uec_1139_2935 flowId 234 uecSrc 233 finished at 24439.1 total messages 1 total packets 2448 RTS 0 total bytes 10002528 in_flight now 0 fair_inc 468522 prop_inc 14902 fast_inc 0 eta_inc 655004 multi_dec -1685037 quick_dec -20277 nack_dec -219950
Flow Uec_773_2583 flowId 7 uecSrc 6 finished at 24439.6 total messages 1 total packets 2448 RTS 0 total bytes 10002528 in_flight now 0 fair_inc 500126 prop_inc 19395 fast_inc 0 eta_inc 652620 multi_dec -1821760 quick_dec -99455 nack_dec -253150
Flow Uec_1485_3322 flowId 1470 uecSrc 1469 finished at 24447.9 total messages 1 total packets 2448 RTS 0 total bytes 10002528 in_flight now 0 fair_inc 577609 prop_inc 13361 fast_inc 0 eta_inc 655004 multi_dec -1846480 quick_dec -49959 nack_dec -224100
Flow Uec_1492_3320 flowId 1550 uecSrc 1549 finished at 24448.6 total messages 1 total packets 2448 RTS 0 total bytes 10002528 in_flight now 0 fair_inc 459684 prop_inc 19897 fast_inc 0 eta_inc 654408 multi_dec -1670730 quick_dec -36960 nack_dec -240700
Flow Uec_1102_2899 flowId 1049 uecSrc 1048 finished at 24453.2 total messages 1 total packets 2448 RTS 0 total bytes 10002528 in_flight now 0 fair_inc 501713 prop_inc 5974 fast_inc 0 eta_inc 655004 multi_dec -1757955 quick_dec -25860 nack_dec -228250
Flow Uec_2848_1021 flowId 284 uecSrc 283 finished at 24459.1 total messages 1 total packets 2448 RTS 0 total bytes 10002528 in_flight now 0 fair_inc 568517 prop_inc 13760 fast_inc 0 eta_inc 650236 multi_dec -1858698 quick_dec -50902 nack_dec -249000
Flow Uec_589_2384 flowId 1266 uecSrc 1265 finished at 24462.2 total messages 1 total packets 2448 RTS 0 total bytes 10002528 in_flight now 0 fair_inc 549926 prop_inc 11737 fast_inc 0 eta_inc 653216 multi_dec -1824039 quick_dec -17047 nack_dec -224100
Flow Uec_3162_1324 flowId 1087 uecSrc 1086 finished at 24462.9 total messages 1 total packets 2448 RTS 0 total bytes 10002528 in_flight now 0 fair_inc 586881 prop_inc 10478 fast_inc 0 eta_inc 652024 multi_dec -1940600 quick_dec -59086 nack_dec -228250
Flow Uec_1472_3280 flowId 587 uecSrc 586 finished at 24464.4 total messages 1 total packets 2448 RTS 0 total bytes 10002528 in_flight now 0 fair_inc 504246 prop_inc 14682 fast_inc 0 eta_inc 655600 multi_dec -1798702 quick_dec -23036 nack_dec -232400
Flow Uec_2592_747 flowId 1009 uecSrc 1008 finished at 24494.4 total messages 1 total packets 2448 RTS 0 total bytes 10002528 in_flight now 0 fair_inc 519840 prop_inc 15607 fast_inc 0 eta_inc 652620 multi_dec -1795229 quick_dec -72082 nack_dec -236550
Flow Uec_2423_558 flowId 1744 uecSrc 1743 finished at 24499.7 total messages 1 total packets 2448 RTS 0 total bytes 10002528 in_flight now 0 fair_inc 500237 prop_inc 22198 fast_inc 0 eta_inc 656792 multi_dec -1737887 quick_dec -86409 nack_dec -249000
Flow Uec_2429_548 flowId 557 uecSrc 556 finished at 24517.4 total messages 1 total packets 2448 RTS 0 total bytes 10002528 in_flight now 0 fair_inc 542016 prop_inc 12319 fast_inc 0 eta_inc 652620 multi_dec -1801853 quick_dec -83444 nack_dec -232400
Flow Uec_1142_2903 flowId 1312 uecSrc 1311 finished at 24536.3 total messages 1 total packets 2448 RTS 0 total bytes 10002528 in_flight now 0 fair_inc 490956 prop_inc 7749 fast_inc 0 eta_inc 657388 multi_dec -1714093 quick_dec -34481 nack_dec -232400
Flow Uec_2376_525 flowId 983 uecSrc 982 finished at 24545.8 total messages 1 total packets 2448 RTS 0 total bytes 10002528 in_flight now 0 fair_inc 502535 prop_inc 18038 fast_inc 0 eta_inc 653812 multi_dec -1765862 quick_dec -51671 nack_dec -232400
Flow Uec_2373_534 flowId 1574 uecSrc 1573 finished at 24549.6 total messages 1 total packets 2448 RTS 0 total bytes 10002528 in_flight now 0 fair_inc 501151 prop_inc 22396 fast_inc 0 eta_inc 656196 multi_dec -1763959 quick_dec -67911 nack_dec -240700
Flow Uec_3019_1201 flowId 609 uecSrc 608 finished at 24551.3 total messages 1 total packets 2448 RTS 0 total bytes 10002528 in_flight now 0 fair_inc 524199 prop_inc 12870 fast_inc 0 eta_inc 659772 multi_dec -1799961 quick_dec -50854 nack_dec -215800
Flow Uec_3328_1476 flowId 1227 uecSrc 1226 finished at 24552.9 total messages 1 total packets 2448 RTS 0 total bytes 10002528 in_flight now 0 fair_inc 539603 prop_inc 17275 fast_inc 0 eta_inc 652620 multi_dec -1803249 quick_dec -59503 nack_dec -232400
Flow Uec_3055_1205 flowId 678 uecSrc 677 finished at 24555.4 total messages 1 total packets 2448 RTS 0 total bytes 10002528 in_flight now 0 fair_inc 560420 prop_inc 10768 fast_inc 0 eta_inc 659772 multi_dec -1842477 quick_dec -92918 nack_dec -219950
Flow Uec_791_2606 flowId 881 uecSrc 880 finished at 24569.9 total messages 1 total packets 2448 RTS 0 total bytes 10002528 in_flight now 0 fair_inc 539680 prop_inc 13081 fast_inc 0 eta_inc 659772 multi_dec -1779826 quick_dec -68917 nack_dec -240700
Flow Uec_896_2732 flowId 1142 uecSrc 1141 finished at 24578.5 total messages 1 total packets 2448 RTS 0 total bytes 10002528 in_flight now 0 fair_inc 544971 prop_inc 8995 fast_inc 0 eta_inc 655600 multi_dec -1912298 quick_dec -33675 nack_dec -219950
Flow Uec_829_2599 flowId 819 uecSrc 818 finished at 24579.7 total messages 1 total packets 2448 RTS 0 total bytes 10002528 in_flight now 0 fair_inc 502094 prop_inc 15889 fast_inc 0 eta_inc 659772 multi_dec -1774036 quick_dec -27604 nack_dec -228250
Flow Uec_824_2605 flowId 1010 uecSrc 1009 finished at 24582.5 total messages 1 total packets 2448 RTS 0 total bytes 10002528 in_flight now 0 fair_inc 482601 prop_inc 16962 fast_inc 0 eta_inc 659772 multi_dec -1746928 quick_dec -17422 nack_dec -224100
Flow Uec_1119_2888 flowId 776 uecSrc 775 finished at 24597.9 total messages 1 total packets 2448 RTS 0 total bytes 10002528 in_flight now 0 fair_inc 515921 prop_inc 13975 fast_inc 0 eta_inc 663348 multi_dec -1788082 quick_dec -65666 nack_dec -207500
Flow Uec_800_2615 flowId 1506 uecSrc 1505 finished at 24613.1 total messages 1 total packets 2448 RTS 0 total bytes 10002528 in_flight now 0 fair_inc 524475 prop_inc 15536 fast_inc 0 eta_inc 661560 multi_dec -1777127 quick_dec -101945 nack_dec -211650
Flow Uec_808_2587 flowId 12 uecSrc 11 finished at 24616.7 total messages 1 total packets 2448 RTS 0 total bytes 10002528 in_flight now 0 fair_inc 489624 prop_inc 20613 fast_inc 0 eta_inc 660368 multi_dec -1752889 quick_dec -23398 nack_dec -232400
Flow Uec_2375_529 flowId 724 uecSrc 723 finished at 24624.1 total messages 1 total packets 2448 RTS 0 total bytes 10002528 in_flight now 0 fair_inc 572013 prop_inc 12576 fast_inc 0 eta_inc 659176 multi_dec -1979657 quick_dec -31945 nack_dec -203350
Flow Uec_3197_1329 flowId 681 uecSrc 680 finished at 24629.7 total messages 1 total packets 2448 RTS 0 total bytes 10002528 in_flight now 0 fair_inc 594373 prop_inc 13447 fast_inc 0 eta_inc 660368 multi_dec -1926997 quick_dec -114381 nack_dec -236550
Flow Uec_916_2747 flowId 608 uecSrc 607 finished at 24646.8 total messages 1 total packets 2448 RTS 0 total bytes 10002528 in_flight now 0 fair_inc 487968 prop_inc 10438 fast_inc 0 eta_inc 660368 multi_dec -1756074 quick_dec -43556 nack_dec -207500
Flow Uec_3156_1288 flowId 629 uecSrc 628 finished at 24653.1 total messages 1 total packets 2448 RTS 0 total bytes 10002528 in_flight now 0 fair_inc 512654 prop_inc 12537 fast_inc 0 eta_inc 659176 multi_dec -1785358 quick_dec -57364 nack_dec -244850
Flow Uec_2379_557 flowId 1484 uecSrc 1483 finished at 24653.7 total messages 1 total packets 2448 RTS 0 total bytes 10002528 in_flight now 0 fair_inc 524608 prop_inc 15358 fast_inc 0 eta_inc 659772 multi_dec -1752770 quick_dec -54820 nack_dec -219950
Flow Uec_3193_1343 flowId 659 uecSrc 658 finished at 24666.1 total messages 1 total packets 2448 RTS 0 total bytes 10002528 in_flight now 0 fair_inc 559656 prop_inc 11837 fast_inc 0 eta_inc 659772 multi_dec -2022796 quick_dec -82778 nack_dec -244850
Flow Uec_1105_2902 flowId 252 uecSrc 251 finished at 24672.4 total messages 1 total packets 2448 RTS 0 total bytes 10002528 in_flight now 0 fair_inc 488911 prop_inc 17876 fast_inc 0 eta_inc 663348 multi_dec -1718893 quick_dec -83054 nack_dec -219950
Flow Uec_952_2737 flowId 30 uecSrc 29 finished at 24681.7 total messages 1 total packets 2448 RTS 0 total bytes 10002528 in_flight now 0 fair_inc 531988 prop_inc 10828 fast_inc 0 eta_inc 658580 multi_dec -1852165 quick_dec -73407 nack_dec -219950
Flow Uec_1509_3279 flowId 1651 uecSrc 1650 finished at 24694.3 total messages 1 total packets 2448 RTS 0 total bytes 10002528 in_flight now 0 fair_inc 495980 prop_inc 16723 fast_inc 0 eta_inc 663348 multi_dec -1759776 quick_dec -44536 nack_dec -215800
Flow Uec_2590_753 flowId 913 uecSrc 912 finished at 24696.7 total messages 1 total packets 2448 RTS 0 total bytes 10002528 in_flight now 0 fair_inc 549672 prop_inc 13331 fast_inc 0 eta_inc 656792 multi_dec -1876509 quick_dec -29723 nack_dec -249000
Flow Uec_2382_559 flowId 1094 uecSrc 1093 finished at 24697.4 total messages 1 total packets 2448 RTS 0 total bytes 10002528 in_flight now 0 fair_inc 503369 prop_inc 14266 fast_inc 0 eta_inc 659772 multi_dec -1884244 quick_dec -31575 nack_dec -207500
Flow Uec_1810_3590 flowId 111 uecSrc 110 finished at 24710.5 total messages 1 total packets 2448 RTS 0 total bytes 10002528 in_flight now 0 fair_inc 494648 prop_inc 17851 fast_inc 0 eta_inc 658580 multi_dec -1723829 quick_dec -38763 nack_dec -244850
Flow Uec_1503_3321 flowId 1336 uecSrc 1335 finished at 24711.7 total messages 1 total packets 2448 RTS 0 total bytes 10002528 in_flight now 0 fair_inc 401562 prop_inc 27884 fast_inc 0 eta_inc 666328 multi_dec -1636121 quick_dec -27271 nack_dec -207500
Flow Uec_3038_1214 flowId 761 uecSrc 760 finished at 24721.8 total messages 1 total packets 2448 RTS 0 total bytes 10002528 in_flight now 0 fair_inc 470668 prop_inc 17374 fast_inc 0 eta_inc 663348 multi_dec -1708196 quick_dec -32264 nack_dec -228250
Flow Uec_3185_1326 flowId 665 uecSrc 664 finished at 24722.4 total messages 1 total packets 2448 RTS 0 total bytes 10002528 in_flight now 0 fair_inc 534631 prop_inc 11003 fast_inc 0 eta_inc 659772 multi_dec -1865612 quick_dec -93901 nack_dec -240700
Flow Uec_2412_533 flowId 734 uecSrc 733 finished at 24726.1 total messages 1 total packets 2448 RTS 0 total bytes 10002528 in_flight now 0 fair_inc 550195 prop_inc 14059 fast_inc 0 eta_inc 662752 multi_dec -1859654 quick_dec -68623 nack_dec -215800
Flow Uec_2388_570 flowId 1332 uecSrc 1331 finished at 24733.2 total messages 1 total packets 2448 RTS 0 total bytes 10002528 in_flight now 0 fair_inc 544779 prop_inc 18357 fast_inc 0 eta_inc 662752 multi_dec -1765803 quick_dec -60109 nack_dec -236550
Flow Uec_3009_1163 flowId 1319 uecSrc 1318 finished at 24733.6 total messages 1 total packets 2448 RTS 0 total bytes 10002528 in_flight now 0 fair_inc 514233 prop_inc 17156 fast_inc 0 eta_inc 663348 multi_dec -1782503 quick_dec -53508 nack_dec -215800
Flow Uec_1486_3266 flowId 158 uecSrc 157 finished at 24741.4 total messages 1 total packets 2448 RTS 0 total bytes 10002528 in_flight now 0 fair_inc 472365 prop_inc 23540 fast_inc 0 eta_inc 665732 multi_dec -1696681 quick_dec -65123 nack_dec -215800
Flow Uec_817_2566 flowId 441 uecSrc 440 finished at 24758.1 total messages 1 total packets 2448 RTS 0 total bytes 10002528 in_flight now 0 fair_inc 509058 prop_inc 13949 fast_inc 0 eta_inc 665732 multi_dec -1787039 quick_dec -65418 nack_dec -215800
Flow Uec_3147_1301 flowId 1128 uecSrc 1127 finished at 24762.3 total messages 1 total packets 2448 RTS 0 total bytes 10002528 in_flight now 0 fair_inc 570545 prop_inc 11458 fast_inc 0 eta_inc 660368 multi_dec -1915011 quick_dec -46666 nack_dec -236550
Flow Uec_1532_3312 flowId 53 uecSrc 52 finished at 24766.3 total messages 1 total packets 2448 RTS 0 total bytes 10002528 in_flight now 0 fair_inc 485289 prop_inc 20622 fast_inc 0 eta_inc 665136 multi_dec -1756467 quick_dec -14135 nack_dec -224100
Flow Uec_3358_1514 flowId 164 uecSrc 163 finished at 24770.9 total messages 1 total packets 2448 RTS 0 total bytes 10002528 in_flight now 0 fair_inc 576809 prop_inc 12692 fast_inc 0 eta_inc 659176 multi_dec -1818078 quick_dec -50302 nack_dec -261450
Flow Uec_1763_3569 flowId 1412 uecSrc 1411 finished at 24773.6 total messages 1 total packets 2448 RTS 0 total bytes 10002528 in_flight now 0 fair_inc 503594 prop_inc 12113 fast_inc 0 eta_inc 655004 multi_dec -1856312 quick_dec -70333 nack_dec -278050
Flow Uec_2404_532 flowId 265 uecSrc 264 finished at 24781.8 total messages 1 total packets 2448 RTS 0 total bytes 10002528 in_flight now 0 fair_inc 545691 prop_inc 14229 fast_inc 0 eta_inc 670500 multi_dec -1837459 quick_dec -34610 nack_dec -236550
Flow Uec_894_2662 flowId 1515 uecSrc 1514 finished at 24782.7 total messages 1 total packets 2448 RTS 0 total bytes 10002528 in_flight now 0 fair_inc 586601 prop_inc 15227 fast_inc 0 eta_inc 656196 multi_dec -1903078 quick_dec -83605 nack_dec -244850
Flow Uec_922_2733 flowId 465 uecSrc 464 finished at 24784.1 total messages 1 total packets 2448 RTS 0 total bytes 10002528 in_flight now 0 fair_inc 476398 prop_inc 14685 fast_inc 0 eta_inc 660964 multi_dec -1777496 quick_dec -68139 nack_dec -224100
Flow Uec_3159_1310 flowId 507 uecSrc 506 finished at 24791 total messages 1 total packets 2448 RTS 0 total bytes 10002528 in_flight now 0 fair_inc 546462 prop_inc 17097 fast_inc 0 eta_inc 662752 multi_dec -1912015 quick_dec -19943 nack_dec -219950
Flow Uec_3136_1284 flowId 1171 uecSrc 1170 finished at 24795.1 total messages 1 total packets 2448 RTS 0 total bytes 10002528 in_flight now 0 fair_inc 549385 prop_inc 15979 fast_inc 0 eta_inc 662752 multi_dec -1890962 quick_dec -71927 nack_dec -244850
Flow Uec_3343_1513 flowId 810 uecSrc 809 finished at 24797.8 total messages 1 total packets 2448 RTS 0 total bytes 10002528 in_flight now 0 fair_inc 562857 prop_inc 13365 fast_inc 0 eta_inc 660368 multi_dec -1878460 quick_dec -83000 nack_dec -224100
Flow Uec_3168_1283 flowId 1443 uecSrc 1442 finished at 24799.9 total messages 1 total packets 2448 RTS 0 total bytes 10002528 in_flight now 0 fair_inc 584288 prop_inc 12824 fast_inc 0 eta_inc 662156 multi_dec -1976482 quick_dec -55001 nack_dec -228250
Flow Uec_3153_1299 flowId 161 uecSrc 160 finished at 24812.3 total messages 1 total packets 2448 RTS 0 total bytes 10002528 in_flight now 0 fair_inc 565101 prop_inc 14347 fast_inc 0 eta_inc 661560 multi_dec -1868192 quick_dec -72198 nack_dec -273900
Flow Uec_792_2567 flowId 62 uecSrc 61 finished at 24825.7 total messages 1 total packets 2448 RTS 0 total bytes 10002528 in_flight now 0 fair_inc 477382 prop_inc 20811 fast_inc 0 eta_inc 666924 multi_dec -1737906 quick_dec -12320 nack_dec -240700
Flow Uec_3025_1158 flowId 1543 uecSrc 1542 finished at 24834.3 total messages 1 total packets 2448 RTS 0 total bytes 10002528 in_flight now 0 fair_inc 505722 prop_inc 15264 fast_inc 0 eta_inc 670500 multi_dec -1815122 quick_dec -28801 nack_dec -190900
Flow Uec_583_2412 flowId 640 uecSrc 639 finished at 24836.2 total messages 1 total packets 2448 RTS 0 total bytes 10002528 in_flight now 0 fair_inc 530878 prop_inc 14080 fast_inc 0 eta_inc 665136 multi_dec -1786374 quick_dec -90091 nack_dec -182600
Flow Uec_2420_543 flowId 230 uecSrc 229 finished at 24843 total messages 1 total packets 2448 RTS 0 total bytes 10002528 in_flight now 0 fair_inc 470125 prop_inc 15161 fast_inc 0 eta_inc 665732 multi_dec -1745759 quick_dec -78623 nack_dec -211650
Flow Uec_2393_519 flowId 117 uecSrc 116 finished at 24843.4 total messages 1 total packets 2448 RTS 0 total bytes 10002528 in_flight now 0 fair_inc 527988 prop_inc 16743 fast_inc 0 eta_inc 665732 multi_dec -1837058 quick_dec -52280 nack_dec -240700
Flow Uec_3021_1193 flowId 970 uecSrc 969 finished at 24850.7 total messages 1 total packets 2448 RTS 0 total bytes 10002528 in_flight now 0 fair_inc 522559 prop_inc 13969 fast_inc 0 eta_inc 667520 multi_dec -1821532 quick_dec -29627 nack_dec -211650
Flow Uec_152_1969 flowId 372 uecSrc 371 finished at 24857.1 total messages 1 total packets 2448 RTS 0 total bytes 10002528 in_flight now 0 fair_inc 517166 prop_inc 9195 fast_inc 0 eta_inc 660964 multi_dec -1837055 quick_dec -41175 nack_dec -236550
Flow Uec_1800_3585 flowId 1510 uecSrc 1509 finished at 24857.3 total messages 1 total packets 2448 RTS 0 total bytes 10002528 in_flight now 0 fair_inc 517550 prop_inc 18073 fast_inc 0 eta_inc 663348 multi_dec -1818921 quick_dec -57769 nack_dec -232400
Flow Uec_1493_3292 flowId 1648 uecSrc 1647 finished at 24863.5 total messages 1 total packets 2448 RTS 0 total bytes 10002528 in_flight now 0 fair_inc 503306 prop_inc 19193 fast_inc 0 eta_inc 668116 multi_dec -1797166 quick_dec -6369 nack_dec -228250
Flow Uec_1519_3319 flowId 907 uecSrc 906 finished at 24870.2 total messages 1 total packets 2448 RTS 0 total bytes 10002528 in_flight now 0 fair_inc 497119 prop_inc 23413 fast_inc 0 eta_inc 674672 multi_dec -1676662 quick_dec -74573 nack_dec -257300
Flow Uec_3170_1289 flowId 1134 uecSrc 1133 finished at 24874.5 total messages 1 total packets 2448 RTS 0 total bytes 10002528 in_flight now 0 fair_inc 580181 prop_inc 18197 fast_inc 0 eta_inc 666328 multi_dec -1981716 quick_dec -30429 nack_dec -211650
Flow Uec_221_2045 flowId 1544 uecSrc 1543 finished at 24891.1 total messages 1 total packets 2448 RTS 0 total bytes 10002528 in_flight now 0 fair_inc 570106 prop_inc 10834 fast_inc 0 eta_inc 655600 multi_dec -1955024 quick_dec -30664 nack_dec -236550
Flow Uec_2576_756 flowId 767 uecSrc 766 finished at 24894.7 total messages 1 total packets 2448 RTS 0 total bytes 10002528 in_flight now 0 fair_inc 522332 prop_inc 14704 fast_inc 0 eta_inc 663944 multi_dec -1846486 quick_dec -42325 nack_dec -240700
Flow Uec_1818_3584 flowId 383 uecSrc 382 finished at 24895.4 total messages 1 total packets 2448 RTS 0 total bytes 10002528 in_flight now 0 fair_inc 537254 prop_inc 14503 fast_inc 0 eta_inc 665136 multi_dec -1878221 quick_dec -42902 nack_dec -240700
Flow Uec_2424_556 flowId 1222 uecSrc 1221 finished at 24897 total messages 1 total packets 2448 RTS 0 total bytes 10002528 in_flight now 0 fair_inc 514415 prop_inc 16361 fast_inc 0 eta_inc 666924 multi_dec -1746432 quick_dec -38393 nack_dec -224100
Flow Uec_3043_1154 flowId 666 uecSrc 665 finished at 24902 total messages 1 total packets 2448 RTS 0 total bytes 10002528 in_flight now 0 fair_inc 492147 prop_inc 20553 fast_inc 0 eta_inc 668712 multi_dec -1733400 quick_dec -23638 nack_dec -236550
Flow Uec_3060_1178 flowId 618 uecSrc 617 finished at 24910.1 total messages 1 total packets 2448 RTS 0 total bytes 10002528 in_flight now 0 fair_inc 510810 prop_inc 15279 fast_inc 0 eta_inc 669308 multi_dec -1780792 quick_dec -26330 nack_dec -236550
Flow Uec_826_2585 flowId 652 uecSrc 651 finished at 24915.4 total messages 1 total packets 2448 RTS 0 total bytes 10002528 in_flight now 0 fair_inc 523008 prop_inc 19199 fast_inc 0 eta_inc 670500 multi_dec -1861880 quick_dec -51674 nack_dec -211650
Flow Uec_815_2600 flowId 1666 uecSrc 1665 finished at 24936.9 total messages 1 total packets 2448 RTS 0 total bytes 10002528 in_flight now 0 fair_inc 500992 prop_inc 12601 fast_inc 0 eta_inc 668712 multi_dec -1740735 quick_dec -57873 nack_dec -224100
Flow Uec_3173_1322 flowId 1487 uecSrc 1486 finished at 24938.4 total messages 1 total packets 2448 RTS 0 total bytes 10002528 in_flight now 0 fair_inc 476024 prop_inc 17464 fast_inc 0 eta_inc 666924 multi_dec -1744286 quick_dec -29450 nack_dec -244850
Flow Uec_3271_1420 flowId 1679 uecSrc 1678 finished at 24939 total messages 1 total packets 2448 RTS 0 total bytes 10002528 in_flight now 0 fair_inc 523399 prop_inc 20403 fast_inc 0 eta_inc 664540 multi_dec -1849433 quick_dec -98950 nack_dec -224100
Flow Uec_2372_573 flowId 232 uecSrc 231 finished at 24939.3 total messages 1 total packets 2448 RTS 0 total bytes 10002528 in_flight now 0 fair_inc 484703 prop_inc 22633 fast_inc 0 eta_inc 667520 multi_dec -1748405 quick_dec -25869 nack_dec -224100
Flow Uec_1593_3340 flowId 561 uecSrc 560 finished at 24941.2 total messages 1 total packets 2448 RTS 0 total bytes 10002528 in_flight now 0 fair_inc 574758 prop_inc 14341 fast_inc 0 eta_inc 658580 multi_dec -1913354 quick_dec -100206 nack_dec -253150
Flow Uec_3053_1215 flowId 496 uecSrc 495 finished at 24945.4 total messages 1 total packets 2448 RTS 0 total bytes 10002528 in_flight now 0 fair_inc 499156 prop_inc 16495 fast_inc 0 eta_inc 668712 multi_dec -1776108 quick_dec -70837 nack_dec -219950
Flow Uec_2839_991 flowId 583 uecSrc 582 finished at 24946.2 total messages 1 total packets 2448 RTS 0 total bytes 10002528 in_flight now 0 fair_inc 588829 prop_inc 13276 fast_inc 0 eta_inc 663348 multi_dec -1967994 quick_dec -41859 nack_dec -249000
Flow Uec_1089_2933 flowId 546 uecSrc 545 finished at 24946.7 total messages 1 total packets 2448 RTS 0 total bytes 10002528 in_flight now 0 fair_inc 472706 prop_inc 19440 fast_inc 0 eta_inc 671096 multi_dec -1691838 quick_dec -95608 nack_dec -244850
Flow Uec_783_2588 flowId 548 uecSrc 547 finished at 24947.2 total messages 1 total packets 2448 RTS 0 total bytes 10002528 in_flight now 0 fair_inc 482110 prop_inc 13962 fast_inc 0 eta_inc 670500 multi_dec -1786351 quick_dec --993 nack_dec -219950
Flow Uec_1523_3269 flowId 1159 uecSrc 1158 finished at 24969.5 total messages 1 total packets 2448 RTS 0 total bytes 10002528 in_flight now 0 fair_inc 474084 prop_inc 20115 fast_inc 0 eta_inc 671096 multi_dec -1691424 quick_dec -79132 nack_dec -253150
Flow Uec_1097_2927 flowId 632 uecSrc 631 finished at 24969.8 total messages 1 total packets 2448 RTS 0 total bytes 10002528 in_flight now 0 fair_inc 468032 prop_inc 9297 fast_inc 0 eta_inc 669308 multi_dec -1681178 quick_dec -33446 nack_dec -236550
Flow Uec_3046_1173 flowId 568 uecSrc 567 finished at 24983.7 total messages 1 total packets 2448 RTS 0 total bytes 10002528 in_flight now 0 fair_inc 487411 prop_inc 19125 fast_inc 0 eta_inc 671096 multi_dec -1758291 quick_dec -37303 nack_dec -190900
Flow Uec_788_2577 flowId 840 uecSrc 839 finished at 24986.2 total messages 1 total packets 2448 RTS 0 total bytes 10002528 in_flight now 0 fair_inc 503758 prop_inc 14202 fast_inc 0 eta_inc 671096 multi_dec -1779601 quick_dec -40456 nack_dec -240700
Flow Uec_768_2561 flowId 797 uecSrc 796 finished at 24992.5 total messages 1 total packets 2448 RTS 0 total bytes 10002528 in_flight now 0 fair_inc 471409 prop_inc 14140 fast_inc 0 eta_inc 670500 multi_dec -1717871 quick_dec -25170 nack_dec -261450
Flow Uec_3146_1312 flowId 941 uecSrc 940 finished at 25001.6 total messages 1 total packets 2448 RTS 0 total bytes 10002528 in_flight now 0 fair_inc 571492 prop_inc 22112 fast_inc 0 eta_inc 669904 multi_dec -1944199 quick_dec -29523 nack_dec -232400
Flow Uec_3039_1181 flowId 1584 uecSrc 1583 finished at 25001.8 total messages 1 total packets 2448 RTS 0 total bytes 10002528 in_flight now 0 fair_inc 497472 prop_inc 18356 fast_inc 0 eta_inc 672288 multi_dec -1775662 quick_dec -51562 nack_dec -232400
Flow Uec_3331_1518 flowId 1108 uecSrc 1107 finished at 25003.5 total messages 1 total packets 2448 RTS 0 total bytes 10002528 in_flight now 0 fair_inc 544252 prop_inc 20565 fast_inc 0 eta_inc 664540 multi_dec -1868628 quick_dec -26166 nack_dec -244850
Flow Uec_3062_1170 flowId 1701 uecSrc 1700 finished at 25012.5 total messages 1 total packets 2448 RTS 0 total bytes 10002528 in_flight now 0 fair_inc 452155 prop_inc 22951 fast_inc 0 eta_inc 672884 multi_dec -1742189 quick_dec -70067 nack_dec -215800
Flow Uec_2392_568 flowId 1034 uecSrc 1033 finished at 25016.8 total messages 1 total packets 2448 RTS 0 total bytes 10002528 in_flight now 0 fair_inc 488892 prop_inc 20852 fast_inc 0 eta_inc 672288 multi_dec -1811750 quick_dec -51869 nack_dec -215800
Flow Uec_1140_2918 flowId 1076 uecSrc 1075 finished at 25017.4 total messages 1 total packets 2448 RTS 0 total bytes 10002528 in_flight now 0 fair_inc 447590 prop_inc 14486 fast_inc 0 eta_inc 671096 multi_dec -1749840 quick_dec -38323 nack_dec -224100
Flow Uec_1098_2901 flowId 1283 uecSrc 1282 finished at 25018.5 total messages 1 total packets 2448 RTS 0 total bytes 10002528 in_flight now 0 fair_inc 506293 prop_inc 14753 fast_inc 0 eta_inc 672884 multi_dec -1747217 quick_dec -64159 nack_dec -215800
Flow Uec_802_2602 flowId 1290 uecSrc 1289 finished at 25018.7 total messages 1 total packets 2448 RTS 0 total bytes 10002528 in_flight now 0 fair_inc 460252 prop_inc 24232 fast_inc 0 eta_inc 674076 multi_dec -1730472 quick_dec -66744 nack_dec -199200
Flow Uec_798_2597 flowId 1071 uecSrc 1070 finished at 25019.1 total messages 1 total packets 2448 RTS 0 total bytes 10002528 in_flight now 0 fair_inc 471220 prop_inc 23633 fast_inc 0 eta_inc 672288 multi_dec -1782105 quick_dec -56174 nack_dec -215800
Flow Uec_1851_3594 flowId 1431 uecSrc 1430 finished at 25019.2 total messages 1 total packets 2448 RTS 0 total bytes 10002528 in_flight now 0 fair_inc 518017 prop_inc 10888 fast_inc 0 eta_inc 666328 multi_dec -1835283 quick_dec -49217 nack_dec -261450
Flow Uec_626_2385 flowId 925 uecSrc 924 finished at 25024 total messages 1 total packets 2448 RTS 0 total bytes 10002528 in_flight now 0 fair_inc 482936 prop_inc 15575 fast_inc 0 eta_inc 671096 multi_dec -1797925 quick_dec -36255 nack_dec -203350
Flow Uec_2368_551 flowId 1440 uecSrc 1439 finished at 25027.5 total messages 1 total packets 2448 RTS 0 total bytes 10002528 in_flight now 0 fair_inc 455072 prop_inc 22260 fast_inc 0 eta_inc 669904 multi_dec -1715718 quick_dec -76940 nack_dec -253150
Flow Uec_1117_2893 flowId 1297 uecSrc 1296 finished at 25027.9 total messages 1 total packets 2448 RTS 0 total bytes 10002528 in_flight now 0 fair_inc 466681 prop_inc 13119 fast_inc 0 eta_inc 671692 multi_dec -1711918 quick_dec -1078 nack_dec -215800
Flow Uec_819_2570 flowId 364 uecSrc 363 finished at 25033.2 total messages 1 total packets 2448 RTS 0 total bytes 10002528 in_flight now 0 fair_inc 492895 prop_inc 21210 fast_inc 0 eta_inc 672884 multi_dec -1782312 quick_dec -85162 nack_dec -211650
Flow Uec_1513_3318 flowId 852 uecSrc 851 finished at 25034.4 total messages 1 total packets 2448 RTS 0 total bytes 10002528 in_flight now 0 fair_inc 429679 prop_inc 25836 fast_inc 0 eta_inc 674076 multi_dec -1606693 quick_dec -54842 nack_dec -219950
Flow Uec_918_2741 flowId 1542 uecSrc 1541 finished at 25046.9 total messages 1 total packets 2448 RTS 0 total bytes 10002528 in_flight now 0 fair_inc 490865 prop_inc 12630 fast_inc 0 eta_inc 671692 multi_dec -1769934 quick_dec -50477 nack_dec -211650
Flow Uec_1147_2930 flowId 956 uecSrc 955 finished at 25056.6 total messages 1 total packets 2448 RTS 0 total bytes 10002528 in_flight now 0 fair_inc 505988 prop_inc 12026 fast_inc 0 eta_inc 673480 multi_dec -1845963 quick_dec -33645 nack_dec -219950
Flow Uec_3011_1189 flowId 1236 uecSrc 1235 finished at 25069.4 total messages 1 total packets 2448 RTS 0 total bytes 10002528 in_flight now 0 fair_inc 482255 prop_inc 10708 fast_inc 0 eta_inc 675864 multi_dec -1773993 quick_dec -17434 nack_dec -215800
Flow Uec_3541_1673 flowId 544 uecSrc 543 finished at 25069.5 total messages 1 total packets 2448 RTS 0 total bytes 10002528 in_flight now 0 fair_inc 591433 prop_inc 14165 fast_inc 0 eta_inc 661560 multi_dec -1904175 quick_dec -15493 nack_dec -236550
Flow Uec_801_2613 flowId 375 uecSrc 374 finished at 25072.2 total messages 1 total packets 2448 RTS 0 total bytes 10002528 in_flight now 0 fair_inc 492843 prop_inc 53879 fast_inc 0 eta_inc 675268 multi_dec -1715053 quick_dec -91869 nack_dec -190900
Flow Uec_1528_3281 flowId 1165 uecSrc 1164 finished at 25080 total messages 1 total packets 2448 RTS 0 total bytes 10002528 in_flight now 0 fair_inc 413991 prop_inc 24586 fast_inc 0 eta_inc 673480 multi_dec -1645202 quick_dec -19765 nack_dec -236550
Flow Uec_1411_3250 flowId 993 uecSrc 992 finished at 25081.3 total messages 1 total packets 2448 RTS 0 total bytes 10002528 in_flight now 0 fair_inc 554441 prop_inc 8680 fast_inc 0 eta_inc 666924 multi_dec -1882594 quick_dec -51247 nack_dec -228250
Flow Uec_3179_1306 flowId 1564 uecSrc 1563 finished at 25082.4 total messages 1 total packets 2448 RTS 0 total bytes 10002528 in_flight now 0 fair_inc 531060 prop_inc 25254 fast_inc 0 eta_inc 669904 multi_dec -1799437 quick_dec -48494 nack_dec -232400
Flow Uec_3036_1176 flowId 570 uecSrc 569 finished at 25085.2 total messages 1 total packets 2448 RTS 0 total bytes 10002528 in_flight now 0 fair_inc 490059 prop_inc 14815 fast_inc 0 eta_inc 675864 multi_dec -1734959 quick_dec -30989 nack_dec -232400
Flow Uec_1480_3288 flowId 1664 uecSrc 1663 finished at 25095.9 total messages 1 total packets 2448 RTS 0 total bytes 10002528 in_flight now 0 fair_inc 469672 prop_inc 18404 fast_inc 0 eta_inc 675268 multi_dec -1703521 quick_dec -14773 nack_dec -228250
Flow Uec_943_2722 flowId 673 uecSrc 672 finished at 25097.5 total messages 1 total packets 2448 RTS 0 total bytes 10002528 in_flight now 0 fair_inc 521048 prop_inc 7833 fast_inc 0 eta_inc 669904 multi_dec -1835735 quick_dec -64056 nack_dec -253150
Flow Uec_1150_2941 flowId 1675 uecSrc 1674 finished at 25098.9 total messages 1 total packets 2448 RTS 0 total bytes 10002528 in_flight now 0 fair_inc 483875 prop_inc 25301 fast_inc 0 eta_inc 674672 multi_dec -1698373 quick_dec -77288 nack_dec -207500
Flow Uec_2850_1016 flowId 536 uecSrc 535 finished at 25103 total messages 1 total packets 2448 RTS 0 total bytes 10002528 in_flight now 0 fair_inc 556236 prop_inc 14259 fast_inc 0 eta_inc 668116 multi_dec -1928942 quick_dec -9418 nack_dec -228250
Flow Uec_154_1962 flowId 974 uecSrc 973 finished at 25106.8 total messages 1 total packets 2448 RTS 0 total bytes 10002528 in_flight now 0 fair_inc 520134 prop_inc 13251 fast_inc 0 eta_inc 668116 multi_dec -1908068 quick_dec -38120 nack_dec -257300
Flow Uec_2425_546 flowId 784 uecSrc 783 finished at 25109 total messages 1 total packets 2448 RTS 0 total bytes 10002528 in_flight now 0 fair_inc 486711 prop_inc 17149 fast_inc 0 eta_inc 679440 multi_dec -1733991 quick_dec -17309 nack_dec -240700
Flow Uec_3171_1318 flowId 1451 uecSrc 1450 finished at 25109.5 total messages 1 total packets 2448 RTS 0 total bytes 10002528 in_flight now 0 fair_inc 547157 prop_inc 13864 fast_inc 0 eta_inc 671692 multi_dec -1843396 quick_dec -33286 nack_dec -215800
Flow Uec_2430_552 flowId 32 uecSrc 31 finished at 25111.1 total messages 1 total packets 2448 RTS 0 total bytes 10002528 in_flight now 0 fair_inc 488996 prop_inc 20347 fast_inc 0 eta_inc 673480 multi_dec -1728717 quick_dec -5522 nack_dec -211650
Flow Uec_1113_2891 flowId 329 uecSrc 328 finished at 25112 total messages 1 total packets 2448 RTS 0 total bytes 10002528 in_flight now 0 fair_inc 496222 prop_inc 21610 fast_inc 0 eta_inc 675864 multi_dec -1766465 quick_dec -42092 nack_dec -215800
Flow Uec_1118_2931 flowId 961 uecSrc 960 finished at 25114.5 total messages 1 total packets 2448 RTS 0 total bytes 10002528 in_flight now 0 fair_inc 472820 prop_inc 19761 fast_inc 0 eta_inc 675864 multi_dec -1694539 quick_dec --3552 nack_dec -232400
Flow Uec_1850_3584 flowId 1707 uecSrc 1706 finished at 25118 total messages 1 total packets 2448 RTS 0 total bytes 10002528 in_flight now 0 fair_inc 520951 prop_inc 16370 fast_inc 0 eta_inc 670500 multi_dec -1927208 quick_dec -57689 nack_dec -207500
Flow Uec_3180_1314 flowId 811 uecSrc 810 finished at 25122.9 total messages 1 total packets 2448 RTS 0 total bytes 10002528 in_flight now 0 fair_inc 538884 prop_inc 16934 fast_inc 0 eta_inc 672288 multi_dec -1904713 quick_dec -49643 nack_dec -224100
Flow Uec_627_2382 flowId 183 uecSrc 182 finished at 25127.3 total messages 1 total packets 2448 RTS 0 total bytes 10002528 in_flight now 0 fair_inc 485004 prop_inc 21559 fast_inc 0 eta_inc 673480 multi_dec -1808216 quick_dec -27473 nack_dec -211650
Flow Uec_2428_516 flowId 1580 uecSrc 1579 finished at 25134.2 total messages 1 total packets 2448 RTS 0 total bytes 10002528 in_flight now 0 fair_inc 494874 prop_inc 26057 fast_inc 0 eta_inc 673480 multi_dec -1722508 quick_dec -66833 nack_dec -224100
Flow Uec_3314_1456 flowId 173 uecSrc 172 finished at 25135.7 total messages 1 total packets 2448 RTS 0 total bytes 10002528 in_flight now 0 fair_inc 514889 prop_inc 12109 fast_inc 0 eta_inc 669904 multi_dec -1858255 quick_dec -21379 nack_dec -240700
Flow Uec_3040_1211 flowId 1569 uecSrc 1568 finished at 25135.7 total messages 1 total packets 2448 RTS 0 total bytes 10002528 in_flight now 0 fair_inc 506256 prop_inc 26697 fast_inc 0 eta_inc 676460 multi_dec -1808272 quick_dec -9629 nack_dec -236550
Flow Uec_928_2746 flowId 218 uecSrc 217 finished at 25139.8 total messages 1 total packets 2448 RTS 0 total bytes 10002528 in_flight now 0 fair_inc 507166 prop_inc 16450 fast_inc 0 eta_inc 674076 multi_dec -1771647 quick_dec -77357 nack_dec -249000
Flow Uec_1144_2905 flowId 169 uecSrc 168 finished at 25143.8 total messages 1 total packets 2448 RTS 0 total bytes 10002528 in_flight now 0 fair_inc 491247 prop_inc 33816 fast_inc 0 eta_inc 678248 multi_dec -1770891 quick_dec -18228 nack_dec -228250
Flow Uec_3148_1281 flowId 541 uecSrc 540 finished at 25147.9 total messages 1 total packets 2448 RTS 0 total bytes 10002528 in_flight now 0 fair_inc 550834 prop_inc 23306 fast_inc 0 eta_inc 672288 multi_dec -1839095 quick_dec -98081 nack_dec -232400
Flow Uec_3143_1340 flowId 1681 uecSrc 1680 finished at 25153.3 total messages 1 total packets 2448 RTS 0 total bytes 10002528 in_flight now 0 fair_inc 518912 prop_inc 29854 fast_inc 0 eta_inc 671692 multi_dec -1764679 quick_dec -58641 nack_dec -261450
Flow Uec_2510_674 flowId 702 uecSrc 701 finished at 25157.1 total messages 1 total packets 2448 RTS 0 total bytes 10002528 in_flight now 0 fair_inc 543612 prop_inc 14227 fast_inc 0 eta_inc 667520 multi_dec -1912758 quick_dec -58868 nack_dec -244850
Flow Uec_3041_1195 flowId 995 uecSrc 994 finished at 25158.5 total messages 1 total packets 2448 RTS 0 total bytes 10002528 in_flight now 0 fair_inc 462991 prop_inc 25588 fast_inc 0 eta_inc 677652 multi_dec -1668313 quick_dec -39687 nack_dec -219950
Flow Uec_1581_3364 flowId 1279 uecSrc 1278 finished at 25161.7 total messages 1 total packets 2448 RTS 0 total bytes 10002528 in_flight now 0 fair_inc 573624 prop_inc 12083 fast_inc 0 eta_inc 662752 multi_dec -1907568 quick_dec -84182 nack_dec -248094
Flow Uec_3181_1286 flowId 1059 uecSrc 1058 finished at 25171.7 total messages 1 total packets 2448 RTS 0 total bytes 10002528 in_flight now 0 fair_inc 538032 prop_inc 32450 fast_inc 0 eta_inc 675268 multi_dec -1899925 quick_dec -34596 nack_dec -232400
Flow Uec_2427_512 flowId 1008 uecSrc 1007 finished at 25173.9 total messages 1 total packets 2448 RTS 0 total bytes 10002528 in_flight now 0 fair_inc 476417 prop_inc 46387 fast_inc 0 eta_inc 677056 multi_dec -1705142 quick_dec -22258 nack_dec -219950
Flow Uec_617_2405 flowId 773 uecSrc 772 finished at 25175.2 total messages 1 total packets 2448 RTS 0 total bytes 10002528 in_flight now 0 fair_inc 486294 prop_inc 13373 fast_inc 0 eta_inc 673480 multi_dec -1754078 quick_dec -38067 nack_dec -224100
Flow Uec_3152_1317 flowId 1306 uecSrc 1305 finished at 25176.4 total messages 1 total packets 2448 RTS 0 total bytes 10002528 in_flight now 0 fair_inc 526585 prop_inc 36377 fast_inc 0 eta_inc 674076 multi_dec -1810489 quick_dec -106359 nack_dec -240700
Flow Uec_3067_1162 flowId 1448 uecSrc 1447 finished at 25182.5 total messages 1 total packets 2448 RTS 0 total bytes 10002528 in_flight now 0 fair_inc 492745 prop_inc 37736 fast_inc 0 eta_inc 677652 multi_dec -1719122 quick_dec -33204 nack_dec -228250
Flow Uec_1508_3301 flowId 588 uecSrc 587 finished at 25184.4 total messages 1 total packets 2448 RTS 0 total bytes 10002528 in_flight now 0 fair_inc 441765 prop_inc 44159 fast_inc 0 eta_inc 678248 multi_dec -1685616 quick_dec -19455 nack_dec -224100
Flow Uec_1533_3313 flowId 1348 uecSrc 1347 finished at 25191.1 total messages 1 total packets 2448 RTS 0 total bytes 10002528 in_flight now 0 fair_inc 438563 prop_inc 39238 fast_inc 0 eta_inc 679440 multi_dec -1726918 quick_dec -44760 nack_dec -249000
Flow Uec_3316_1417 flowId 516 uecSrc 515 finished at 25195.9 total messages 1 total packets 2448 RTS 0 total bytes 10002528 in_flight now 0 fair_inc 528437 prop_inc 13449 fast_inc 0 eta_inc 669904 multi_dec -1806557 quick_dec -21239 nack_dec -257300
Flow Uec_1095_2926 flowId 474 uecSrc 473 finished at 25196.1 total messages 1 total packets 2448 RTS 0 total bytes 10002528 in_flight now 0 fair_inc 395231 prop_inc 66607 fast_inc 0 eta_inc 680632 multi_dec -1603620 quick_dec -91751 nack_dec -195050
Flow Uec_1750_3542 flowId 157 uecSrc 156 finished at 25198.3 total messages 1 total packets 2448 RTS 0 total bytes 10002528 in_flight now 0 fair_inc 508750 prop_inc 10045 fast_inc 0 eta_inc 668116 multi_dec -1817463 quick_dec -62451 nack_dec -265600
Flow Uec_1491_3294 flowId 973 uecSrc 972 finished at 25198.8 total messages 1 total packets 2448 RTS 0 total bytes 10002528 in_flight now 0 fair_inc 419585 prop_inc 46667 fast_inc 0 eta_inc 681824 multi_dec -1658491 quick_dec -15178 nack_dec -215800
Flow Uec_3033_1206 flowId 1152 uecSrc 1151 finished at 25202.5 total messages 1 total packets 2448 RTS 0 total bytes 10002528 in_flight now 0 fair_inc 476006 prop_inc 41107 fast_inc 0 eta_inc 686592 multi_dec -1746522 quick_dec -71836 nack_dec -224100
Flow Uec_2415_572 flowId 1062 uecSrc 1061 finished at 25205 total messages 1 total packets 2448 RTS 0 total bytes 10002528 in_flight now 0 fair_inc 391927 prop_inc 74758 fast_inc 0 eta_inc 679440 multi_dec -1513547 quick_dec -112063 nack_dec -228250
Flow Uec_3059_1155 flowId 1334 uecSrc 1333 finished at 25206.3 total messages 1 total packets 2448 RTS 0 total bytes 10002528 in_flight now 0 fair_inc 434771 prop_inc 54766 fast_inc 0 eta_inc 680632 multi_dec -1629915 quick_dec -66749 nack_dec -240700
Flow Uec_793_2591 flowId 458 uecSrc 457 finished at 25208.6 total messages 1 total packets 2448 RTS 0 total bytes 10002528 in_flight now 0 fair_inc 372271 prop_inc 90002 fast_inc 0 eta_inc 685400 multi_dec -1613100 quick_dec -53769 nack_dec -232400
Flow Uec_1096_2889 flowId 296 uecSrc 295 finished at 25209.3 total messages 1 total packets 2448 RTS 0 total bytes 10002528 in_flight now 0 fair_inc 452508 prop_inc 60817 fast_inc 0 eta_inc 680036 multi_dec -1634616 quick_dec -58701 nack_dec -224100
Flow Uec_3066_1198 flowId 380 uecSrc 379 finished at 25212.6 total messages 1 total packets 2448 RTS 0 total bytes 10002528 in_flight now 0 fair_inc 448418 prop_inc 56420 fast_inc 0 eta_inc 678844 multi_dec -1696801 quick_dec -48035 nack_dec -207500
Flow Uec_3149_1320 flowId 1677 uecSrc 1676 finished at 25216 total messages 1 total packets 2448 RTS 0 total bytes 10002528 in_flight now 0 fair_inc 471383 prop_inc 61438 fast_inc 0 eta_inc 673480 multi_dec -1685410 quick_dec -99458 nack_dec -244850
Flow Uec_1131_2936 flowId 1426 uecSrc 1425 finished at 25216.9 total messages 1 total packets 2448 RTS 0 total bytes 10002528 in_flight now 0 fair_inc 416614 prop_inc 67511 fast_inc 0 eta_inc 681824 multi_dec -1574281 quick_dec -84546 nack_dec -190900
Flow Uec_2598_729 flowId 935 uecSrc 934 finished at 25219.9 total messages 1 total packets 2448 RTS 0 total bytes 10002528 in_flight now 0 fair_inc 508953 prop_inc 17013 fast_inc 0 eta_inc 671692 multi_dec -1815587 quick_dec -47724 nack_dec -232400
Flow Uec_3165_1309 flowId 1427 uecSrc 1426 finished at 25220.3 total messages 1 total packets 2448 RTS 0 total bytes 10002528 in_flight now 0 fair_inc 479312 prop_inc 66293 fast_inc 0 eta_inc 676460 multi_dec -1835512 quick_dec -44197 nack_dec -211650
Flow Uec_2385_567 flowId 607 uecSrc 606 finished at 25221 total messages 1 total packets 2448 RTS 0 total bytes 10002528 in_flight now 0 fair_inc 461636 prop_inc 75008 fast_inc 0 eta_inc 678844 multi_dec -1769582 quick_dec -34918 nack_dec -228250
Flow Uec_822_2592 flowId 1277 uecSrc 1276 finished at 25223.7 total messages 1 total packets 2448 RTS 0 total bytes 10002528 in_flight now 0 fair_inc 377672 prop_inc 93017 fast_inc 0 eta_inc 683016 multi_dec -1590049 quick_dec -48009 nack_dec -240700
Flow Uec_1483_3285 flowId 1743 uecSrc 1742 finished at 25225.2 total messages 1 total packets 2448 RTS 0 total bytes 10002528 in_flight now 0 fair_inc 479094 prop_inc 49993 fast_inc 0 eta_inc 680036 multi_dec -1786809 quick_dec -79590 nack_dec -236550
Flow Uec_1802_3584 flowId 628 uecSrc 627 finished at 25229.4 total messages 1 total packets 2448 RTS 0 total bytes 10002528 in_flight now 0 fair_inc 418200 prop_inc 20394 fast_inc 0 eta_inc 674672 multi_dec -1683040 quick_dec -36476 nack_dec -219950
Flow Uec_2561_727 flowId 1328 uecSrc 1327 finished at 25236 total messages 1 total packets 2448 RTS 0 total bytes 10002528 in_flight now 0 fair_inc 529487 prop_inc 15494 fast_inc 0 eta_inc 671692 multi_dec -1881603 quick_dec -103328 nack_dec -219950
Flow Uec_603_2419 flowId 204 uecSrc 203 finished at 25257 total messages 1 total packets 2448 RTS 0 total bytes 10002528 in_flight now 0 fair_inc 485700 prop_inc 12110 fast_inc 0 eta_inc 675268 multi_dec -1771228 quick_dec -42081 nack_dec -232400
Flow Uec_2871_989 flowId 54 uecSrc 53 finished at 25281 total messages 1 total packets 2448 RTS 0 total bytes 10002528 in_flight now 0 fair_inc 516907 prop_inc 11673 fast_inc 0 eta_inc 669904 multi_dec -1859797 quick_dec -91616 nack_dec -261450
Flow Uec_2617_750 flowId 1639 uecSrc 1638 finished at 25289.2 total messages 1 total packets 2448 RTS 0 total bytes 10002528 in_flight now 0 fair_inc 461999 prop_inc 23315 fast_inc 0 eta_inc 674076 multi_dec -1733553 quick_dec -61049 nack_dec -219950
Flow Uec_185_1921 flowId 176 uecSrc 175 finished at 25335.1 total messages 1 total packets 2448 RTS 0 total bytes 10002528 in_flight now 0 fair_inc 543572 prop_inc 13634 fast_inc 0 eta_inc 672288 multi_dec -1872259 quick_dec -70646 nack_dec -278050
Flow Uec_2612_764 flowId 76 uecSrc 75 finished at 25337.1 total messages 1 total packets 2448 RTS 0 total bytes 10002528 in_flight now 0 fair_inc 494748 prop_inc 20228 fast_inc 0 eta_inc 674672 multi_dec -1779558 quick_dec -31604 nack_dec -261450
Flow Uec_1462_3256 flowId 1732 uecSrc 1731 finished at 25339.1 total messages 1 total packets 2448 RTS 0 total bytes 10002528 in_flight now 0 fair_inc 583293 prop_inc 7455 fast_inc 0 eta_inc 674672 multi_dec -1943718 quick_dec -73736 nack_dec -224100
Flow Uec_621_2389 flowId 736 uecSrc 735 finished at 25357.8 total messages 1 total packets 2448 RTS 0 total bytes 10002528 in_flight now 0 fair_inc 528535 prop_inc 13221 fast_inc 0 eta_inc 678844 multi_dec -1889725 quick_dec -33445 nack_dec -224100
Flow Uec_1819_3594 flowId 448 uecSrc 447 finished at 25358.3 total messages 1 total packets 2448 RTS 0 total bytes 10002528 in_flight now 0 fair_inc 495475 prop_inc 12730 fast_inc 0 eta_inc 678248 multi_dec -1892238 quick_dec -25887 nack_dec -224100
Flow Uec_947_2696 flowId 1421 uecSrc 1420 finished at 25360 total messages 1 total packets 2448 RTS 0 total bytes 10002528 in_flight now 0 fair_inc 492414 prop_inc 8678 fast_inc 0 eta_inc 677056 multi_dec -1829250 quick_dec -31144 nack_dec -224100
Flow Uec_2589_704 flowId 517 uecSrc 516 finished at 25364.8 total messages 1 total packets 2448 RTS 0 total bytes 10002528 in_flight now 0 fair_inc 502876 prop_inc 19885 fast_inc 0 eta_inc 677056 multi_dec -1796129 quick_dec -19475 nack_dec -244850
Flow Uec_1023_2782 flowId 1329 uecSrc 1328 finished at 25393.7 total messages 1 total packets 2448 RTS 0 total bytes 10002528 in_flight now 0 fair_inc 555757 prop_inc 5997 fast_inc 0 eta_inc 668712 multi_dec -1957534 quick_dec -17816 nack_dec -240700
Flow Uec_611_2425 flowId 1166 uecSrc 1165 finished at 25395.1 total messages 1 total packets 2448 RTS 0 total bytes 10002528 in_flight now 0 fair_inc 458708 prop_inc 20193 fast_inc 0 eta_inc 679440 multi_dec -1679845 quick_dec -93756 nack_dec -240700
Flow Uec_180_1922 flowId 1691 uecSrc 1690 finished at 25396.5 total messages 1 total packets 2448 RTS 0 total bytes 10002528 in_flight now 0 fair_inc 514609 prop_inc 8915 fast_inc 0 eta_inc 677056 multi_dec -1837516 quick_dec -47335 nack_dec -219950
Flow Uec_914_2745 flowId 1355 uecSrc 1354 finished at 25397.7 total messages 1 total packets 2448 RTS 0 total bytes 10002528 in_flight now 0 fair_inc 549529 prop_inc 15147 fast_inc 0 eta_inc 679440 multi_dec -1881660 quick_dec -34638 nack_dec -232400
Flow Uec_3319_1442 flowId 1672 uecSrc 1671 finished at 25411.9 total messages 1 total packets 2448 RTS 0 total bytes 10002528 in_flight now 0 fair_inc 519617 prop_inc 17586 fast_inc 0 eta_inc 675268 multi_dec -1880666 quick_dec -55373 nack_dec -244850
Flow Uec_1825_3587 flowId 1230 uecSrc 1229 finished at 25412.3 total messages 1 total packets 2448 RTS 0 total bytes 10002528 in_flight now 0 fair_inc 492697 prop_inc 15844 fast_inc 0 eta_inc 680632 multi_dec -1805410 quick_dec -52512 nack_dec -199200
Flow Uec_206_2027 flowId 1757 uecSrc 1756 finished at 25427.8 total messages 1 total packets 2448 RTS 0 total bytes 10002528 in_flight now 0 fair_inc 509043 prop_inc 14368 fast_inc 0 eta_inc 674076 multi_dec -1813154 quick_dec -118850 nack_dec -215800
Flow Uec_2604_751 flowId 384 uecSrc 383 finished at 25431.4 total messages 1 total packets 2448 RTS 0 total bytes 10002528 in_flight now 0 fair_inc 486722 prop_inc 21805 fast_inc 0 eta_inc 678844 multi_dec -1765234 quick_dec -33985 nack_dec -232400
Flow Uec_1782_3576 flowId 1656 uecSrc 1655 finished at 25434.3 total messages 1 total packets 2448 RTS 0 total bytes 10002528 in_flight now 0 fair_inc 507463 prop_inc 15223 fast_inc 0 eta_inc 674672 multi_dec -1814304 quick_dec -70805 nack_dec -261450
Flow Uec_591_2401 flowId 829 uecSrc 828 finished at 25435 total messages 1 total packets 2448 RTS 0 total bytes 10002528 in_flight now 0 fair_inc 479891 prop_inc 11559 fast_inc 0 eta_inc 683016 multi_dec -1786707 quick_dec -32815 nack_dec -215800
Flow Uec_2607_765 flowId 357 uecSrc 356 finished at 25447.4 total messages 1 total packets 2448 RTS 0 total bytes 10002528 in_flight now 0 fair_inc 549591 prop_inc 22441 fast_inc 0 eta_inc 678844 multi_dec -1893943 quick_dec -42569 nack_dec -228250
Flow Uec_2608_722 flowId 1223 uecSrc 1222 finished at 25449.6 total messages 1 total packets 2448 RTS 0 total bytes 10002528 in_flight now 0 fair_inc 570013 prop_inc 13984 fast_inc 0 eta_inc 679440 multi_dec -1883065 quick_dec -27774 nack_dec -236550
Flow Uec_1776_3530 flowId 1789 uecSrc 1788 finished at 25459.7 total messages 1 total packets 2448 RTS 0 total bytes 10002528 in_flight now 0 fair_inc 522532 prop_inc 7365 fast_inc 0 eta_inc 675864 multi_dec -1835233 quick_dec -108117 nack_dec -240700
Flow Uec_2861_978 flowId 1255 uecSrc 1254 finished at 25462.5 total messages 1 total packets 2448 RTS 0 total bytes 10002528 in_flight now 0 fair_inc 528252 prop_inc 11388 fast_inc 0 eta_inc 676460 multi_dec -1818190 quick_dec -70982 nack_dec -253150
Flow Uec_2587_742 flowId 1578 uecSrc 1577 finished at 25466.2 total messages 1 total packets 2448 RTS 0 total bytes 10002528 in_flight now 0 fair_inc 501968 prop_inc 16092 fast_inc 0 eta_inc 679440 multi_dec -1870950 quick_dec -39663 nack_dec -215800
Flow Uec_1809_3587 flowId 258 uecSrc 257 finished at 25470.1 total messages 1 total packets 2448 RTS 0 total bytes 10002528 in_flight now 0 fair_inc 423769 prop_inc 29006 fast_inc 0 eta_inc 681824 multi_dec -1664090 quick_dec -52864 nack_dec -236550
Flow Uec_905_2720 flowId 225 uecSrc 224 finished at 25481.9 total messages 1 total packets 2448 RTS 0 total bytes 10002528 in_flight now 0 fair_inc 494636 prop_inc 11731 fast_inc 0 eta_inc 681824 multi_dec -1809339 quick_dec -21497 nack_dec -224100
Flow Uec_2614_738 flowId 196 uecSrc 195 finished at 25485.7 total messages 1 total packets 2448 RTS 0 total bytes 10002528 in_flight now 0 fair_inc 489961 prop_inc 15726 fast_inc 0 eta_inc 678248 multi_dec -1824762 quick_dec -44405 nack_dec -232400
Flow Uec_3380_1506 flowId 1501 uecSrc 1500 finished at 25495.5 total messages 1 total packets 2448 RTS 0 total bytes 10002528 in_flight now 0 fair_inc 515279 prop_inc 16855 fast_inc 0 eta_inc 678844 multi_dec -1884676 quick_dec -42572 nack_dec -228250
Flow Uec_3350_1528 flowId 1364 uecSrc 1363 finished at 25503.4 total messages 1 total packets 2448 RTS 0 total bytes 10002528 in_flight now 0 fair_inc 509795 prop_inc 11110 fast_inc 0 eta_inc 678248 multi_dec -1847879 quick_dec -51593 nack_dec -261450
Flow Uec_1835_3594 flowId 110 uecSrc 109 finished at 25504 total messages 1 total packets 2448 RTS 0 total bytes 10002528 in_flight now 0 fair_inc 478217 prop_inc 18069 fast_inc 0 eta_inc 681228 multi_dec -1715306 quick_dec -29164 nack_dec -244850
Flow Uec_1852_3588 flowId 826 uecSrc 825 finished at 25516.3 total messages 1 total packets 2448 RTS 0 total bytes 10002528 in_flight now 0 fair_inc 521800 prop_inc 12874 fast_inc 0 eta_inc 683016 multi_dec -1788023 quick_dec -26171 nack_dec -211650
Flow Uec_904_2713 flowId 273 uecSrc 272 finished at 25527.8 total messages 1 total packets 2448 RTS 0 total bytes 10002528 in_flight now 0 fair_inc 524182 prop_inc 11642 fast_inc 0 eta_inc 683612 multi_dec -1877115 quick_dec -51829 nack_dec -261450
Flow Uec_946_2731 flowId 55 uecSrc 54 finished at 25531.5 total messages 1 total packets 2448 RTS 0 total bytes 10002528 in_flight now 0 fair_inc 468305 prop_inc 12295 fast_inc 0 eta_inc 683016 multi_dec -1783264 quick_dec -20833 nack_dec -224100
Flow Uec_436_2212 flowId 975 uecSrc 974 finished at 25534.5 total messages 1 total packets 2448 RTS 0 total bytes 10002528 in_flight now 0 fair_inc 572259 prop_inc 8757 fast_inc 0 eta_inc 672884 multi_dec -1940090 quick_dec -64450 nack_dec -261450
Flow Uec_2514_640 flowId 181 uecSrc 180 finished at 25543.9 total messages 1 total packets 2448 RTS 0 total bytes 10002528 in_flight now 0 fair_inc 521037 prop_inc 12323 fast_inc 0 eta_inc 680632 multi_dec -1883913 quick_dec -8126 nack_dec -224100
Flow Uec_2560_710 flowId 370 uecSrc 369 finished at 25548.2 total messages 1 total packets 2448 RTS 0 total bytes 10002528 in_flight now 0 fair_inc 517740 prop_inc 20195 fast_inc 0 eta_inc 680632 multi_dec -1908409 quick_dec -41045 nack_dec -244850
Flow Uec_609_2407 flowId 107 uecSrc 106 finished at 25552 total messages 1 total packets 2448 RTS 0 total bytes 10002528 in_flight now 0 fair_inc 488019 prop_inc 9291 fast_inc 0 eta_inc 683612 multi_dec -1804790 quick_dec -60575 nack_dec -257300
Flow Uec_1841_3587 flowId 1765 uecSrc 1764 finished at 25564.5 total messages 1 total packets 2448 RTS 0 total bytes 10002528 in_flight now 0 fair_inc 526324 prop_inc 19282 fast_inc 0 eta_inc 683612 multi_dec -1832336 quick_dec -55426 nack_dec -232400
Flow Uec_176_1936 flowId 248 uecSrc 247 finished at 25568.4 total messages 1 total packets 2448 RTS 0 total bytes 10002528 in_flight now 0 fair_inc 532015 prop_inc 6334 fast_inc 0 eta_inc 681228 multi_dec -1887629 quick_dec -58791 nack_dec -232400
Flow Uec_3384_1486 flowId 1411 uecSrc 1410 finished at 25571 total messages 1 total packets 2448 RTS 0 total bytes 10002528 in_flight now 0 fair_inc 530315 prop_inc 11634 fast_inc 0 eta_inc 680632 multi_dec -1875789 quick_dec -73819 nack_dec -224100
Flow Uec_584_2410 flowId 483 uecSrc 482 finished at 25585.8 total messages 1 total packets 2448 RTS 0 total bytes 10002528 in_flight now 0 fair_inc 445652 prop_inc 13036 fast_inc 0 eta_inc 687188 multi_dec -1741336 quick_dec -14359 nack_dec -207500
Flow Uec_2828_982 flowId 1783 uecSrc 1782 finished at 25590.5 total messages 1 total packets 2448 RTS 0 total bytes 10002528 in_flight now 0 fair_inc 541711 prop_inc 10967 fast_inc 0 eta_inc 681228 multi_dec -1892934 quick_dec -42014 nack_dec -219950
Flow Uec_3348_1534 flowId 785 uecSrc 784 finished at 25601.3 total messages 1 total packets 2448 RTS 0 total bytes 10002528 in_flight now 0 fair_inc 485803 prop_inc 21156 fast_inc 0 eta_inc 680632 multi_dec -1787060 quick_dec -17618 nack_dec -232400
Flow Uec_3347_1479 flowId 727 uecSrc 726 finished at 25605.4 total messages 1 total packets 2448 RTS 0 total bytes 10002528 in_flight now 0 fair_inc 502492 prop_inc 11990 fast_inc 0 eta_inc 681228 multi_dec -1786893 quick_dec -61543 nack_dec -261450
Flow Uec_910_2695 flowId 1661 uecSrc 1660 finished at 25617 total messages 1 total packets 2448 RTS 0 total bytes 10002528 in_flight now 0 fair_inc 476170 prop_inc 9755 fast_inc 0 eta_inc 686592 multi_dec -1786368 quick_dec -42042 nack_dec -203350
Flow Uec_139_1947 flowId 1382 uecSrc 1381 finished at 25617.6 total messages 1 total packets 2448 RTS 0 total bytes 10002528 in_flight now 0 fair_inc 509424 prop_inc 19029 fast_inc 0 eta_inc 684208 multi_dec -1861387 quick_dec -22093 nack_dec -211650
Flow Uec_1446_3249 flowId 723 uecSrc 722 finished at 25622.6 total messages 1 total packets 2448 RTS 0 total bytes 10002528 in_flight now 0 fair_inc 504038 prop_inc 15674 fast_inc 0 eta_inc 688380 multi_dec -1839227 quick_dec -88293 nack_dec -244850
Flow Uec_615_2414 flowId 1710 uecSrc 1709 finished at 25624 total messages 1 total packets 2448 RTS 0 total bytes 10002528 in_flight now 0 fair_inc 506181 prop_inc 11070 fast_inc 0 eta_inc 687188 multi_dec -1816937 quick_dec -34677 nack_dec -228250
Flow Uec_1431_3202 flowId 679 uecSrc 678 finished at 25626.5 total messages 1 total packets 2448 RTS 0 total bytes 10002528 in_flight now 0 fair_inc 527003 prop_inc 9251 fast_inc 0 eta_inc 683016 multi_dec -1825710 quick_dec -37794 nack_dec -240700
Flow Uec_2585_733 flowId 527 uecSrc 526 finished at 25627 total messages 1 total packets 2448 RTS 0 total bytes 10002528 in_flight now 0 fair_inc 498742 prop_inc 17592 fast_inc 0 eta_inc 685400 multi_dec -1830739 quick_dec -41447 nack_dec -211650
Flow Uec_1461_3221 flowId 420 uecSrc 419 finished at 25636.3 total messages 1 total packets 2448 RTS 0 total bytes 10002528 in_flight now 0 fair_inc 508906 prop_inc 17693 fast_inc 0 eta_inc 680632 multi_dec -1924713 quick_dec -40664 nack_dec -232400
Flow Uec_1833_3597 flowId 443 uecSrc 442 finished at 25642.6 total messages 1 total packets 2448 RTS 0 total bytes 10002528 in_flight now 0 fair_inc 499225 prop_inc 13925 fast_inc 0 eta_inc 686592 multi_dec -1777735 quick_dec -41638 nack_dec -232400
Flow Uec_927_2738 flowId 20 uecSrc 19 finished at 25653 total messages 1 total packets 2448 RTS 0 total bytes 10002528 in_flight now 0 fair_inc 483204 prop_inc 8449 fast_inc 0 eta_inc 688380 multi_dec -1774775 quick_dec -44130 nack_dec -224100
Flow Uec_1812_3598 flowId 820 uecSrc 819 finished at 25653 total messages 1 total packets 2448 RTS 0 total bytes 10002528 in_flight now 0 fair_inc 517670 prop_inc 15627 fast_inc 0 eta_inc 685996 multi_dec -1800125 quick_dec -60226 nack_dec -257300
Flow Uec_944_2701 flowId 708 uecSrc 707 finished at 25655.6 total messages 1 total packets 2448 RTS 0 total bytes 10002528 in_flight now 0 fair_inc 498731 prop_inc 15591 fast_inc 0 eta_inc 688380 multi_dec -1867804 quick_dec -35394 nack_dec -228250
Flow Uec_596_2368 flowId 137 uecSrc 136 finished at 25655.7 total messages 1 total packets 2448 RTS 0 total bytes 10002528 in_flight now 0 fair_inc 460747 prop_inc 20756 fast_inc 0 eta_inc 686592 multi_dec -1716033 quick_dec -72869 nack_dec -257300
Flow Uec_1425_3255 flowId 1085 uecSrc 1084 finished at 25674.6 total messages 1 total packets 2448 RTS 0 total bytes 10002528 in_flight now 0 fair_inc 517294 prop_inc 15943 fast_inc 0 eta_inc 684804 multi_dec -1864185 quick_dec -21184 nack_dec -228250
Flow Uec_2229_340 flowId 663 uecSrc 662 finished at 25683.7 total messages 1 total packets 2448 RTS 0 total bytes 10002528 in_flight now 0 fair_inc 542856 prop_inc 14247 fast_inc 0 eta_inc 677652 multi_dec -1878162 quick_dec -32449 nack_dec -269750
Flow Uec_1463_3257 flowId 1360 uecSrc 1359 finished at 25703.7 total messages 1 total packets 2448 RTS 0 total bytes 10002528 in_flight now 0 fair_inc 522349 prop_inc 9983 fast_inc 0 eta_inc 683016 multi_dec -1841273 quick_dec -37187 nack_dec -253150
Flow Uec_590_2395 flowId 1737 uecSrc 1736 finished at 25712.4 total messages 1 total packets 2448 RTS 0 total bytes 10002528 in_flight now 0 fair_inc 454476 prop_inc 14118 fast_inc 0 eta_inc 688976 multi_dec -1760546 quick_dec -81038 nack_dec -228250
Flow Uec_639_2398 flowId 726 uecSrc 725 finished at 25715 total messages 1 total packets 2448 RTS 0 total bytes 10002528 in_flight now 0 fair_inc 423586 prop_inc 17482 fast_inc 0 eta_inc 690764 multi_dec -1726818 quick_dec -87401 nack_dec -219950
Flow Uec_900_2698 flowId 813 uecSrc 812 finished at 25720.6 total messages 1 total packets 2448 RTS 0 total bytes 10002528 in_flight now 0 fair_inc 490430 prop_inc 11806 fast_inc 0 eta_inc 691360 multi_dec -1764059 quick_dec -47314 nack_dec -219950
Flow Uec_945_2707 flowId 1109 uecSrc 1108 finished at 25724.1 total messages 1 total packets 2448 RTS 0 total bytes 10002528 in_flight now 0 fair_inc 503511 prop_inc 8572 fast_inc 0 eta_inc 688380 multi_dec -1852012 quick_dec -61003 nack_dec -232400
Flow Uec_1423_3206 flowId 1667 uecSrc 1666 finished at 25731.9 total messages 1 total packets 2448 RTS 0 total bytes 10002528 in_flight now 0 fair_inc 504973 prop_inc 13139 fast_inc 0 eta_inc 684208 multi_dec -1768107 quick_dec -12146 nack_dec -224100
Flow Uec_1847_3591 flowId 574 uecSrc 573 finished at 25733.5 total messages 1 total packets 2448 RTS 0 total bytes 10002528 in_flight now 0 fair_inc 500577 prop_inc 10010 fast_inc 0 eta_inc 689572 multi_dec -1786393 quick_dec -21800 nack_dec -253150
Flow Uec_938_2700 flowId 637 uecSrc 636 finished at 25734.6 total messages 1 total packets 2448 RTS 0 total bytes 10002528 in_flight now 0 fair_inc 493309 prop_inc 14118 fast_inc 0 eta_inc 694936 multi_dec -1825169 quick_dec -60920 nack_dec -249000
Flow Uec_593_2415 flowId 1140 uecSrc 1139 finished at 25738.1 total messages 1 total packets 2448 RTS 0 total bytes 10002528 in_flight now 0 fair_inc 472089 prop_inc 11938 fast_inc 0 eta_inc 690168 multi_dec -1719029 quick_dec -39626 nack_dec -215800
Flow Uec_1845_3589 flowId 1233 uecSrc 1232 finished at 25746.4 total messages 1 total packets 2448 RTS 0 total bytes 10002528 in_flight now 0 fair_inc 466696 prop_inc 20642 fast_inc 0 eta_inc 685996 multi_dec -1684999 quick_dec -86090 nack_dec -269750
Flow Uec_2601_707 flowId 1776 uecSrc 1775 finished at 25750.6 total messages 1 total packets 2448 RTS 0 total bytes 10002528 in_flight now 0 fair_inc 505526 prop_inc 16396 fast_inc 0 eta_inc 685996 multi_dec -1798581 quick_dec -56381 nack_dec -228250
Flow Uec_1839_3593 flowId 1397 uecSrc 1396 finished at 25774.9 total messages 1 total packets 2448 RTS 0 total bytes 10002528 in_flight now 0 fair_inc 507074 prop_inc 18304 fast_inc 0 eta_inc 689572 multi_dec -1737228 quick_dec -34033 nack_dec -253150
Flow Uec_3299_1458 flowId 71 uecSrc 70 finished at 25788.5 total messages 1 total packets 2448 RTS 0 total bytes 10002528 in_flight now 0 fair_inc 440684 prop_inc 17288 fast_inc 0 eta_inc 689572 multi_dec -1768977 quick_dec -65868 nack_dec -232400
Flow Uec_2203_342 flowId 1054 uecSrc 1053 finished at 25789.1 total messages 1 total packets 2448 RTS 0 total bytes 10002528 in_flight now 0 fair_inc 483675 prop_inc 16386 fast_inc 0 eta_inc 684804 multi_dec -1840252 quick_dec -85456 nack_dec -240700
Flow Uec_942_2744 flowId 879 uecSrc 878 finished at 25797.7 total messages 1 total packets 2448 RTS 0 total bytes 10002528 in_flight now 0 fair_inc 480617 prop_inc 14290 fast_inc 0 eta_inc 691956 multi_dec -1792001 quick_dec -34507 nack_dec -228250
Flow Uec_920_2693 flowId 78 uecSrc 77 finished at 25800.2 total messages 1 total packets 2448 RTS 0 total bytes 10002528 in_flight now 0 fair_inc 462776 prop_inc 14634 fast_inc 0 eta_inc 691360 multi_dec -1768634 quick_dec -35177 nack_dec -240700
Flow Uec_191_1927 flowId 746 uecSrc 745 finished at 25810.6 total messages 1 total packets 2448 RTS 0 total bytes 10002528 in_flight now 0 fair_inc 530450 prop_inc 13933 fast_inc 0 eta_inc 688976 multi_dec -1889948 quick_dec -53302 nack_dec -228250
Flow Uec_155_1937 flowId 1556 uecSrc 1555 finished at 25813 total messages 1 total packets 2448 RTS 0 total bytes 10002528 in_flight now 0 fair_inc 495913 prop_inc 16745 fast_inc 0 eta_inc 688380 multi_dec -1808366 quick_dec -54046 nack_dec -232400
Flow Uec_699_2463 flowId 9 uecSrc 8 finished at 25820.5 total messages 1 total packets 2448 RTS 0 total bytes 10002528 in_flight now 0 fair_inc 639872 prop_inc 3864 fast_inc 0 eta_inc 678844 multi_dec -2040690 quick_dec -31620 nack_dec -278050
Flow Uec_3270_1421 flowId 952 uecSrc 951 finished at 25822.7 total messages 1 total packets 2448 RTS 0 total bytes 10002528 in_flight now 0 fair_inc 493617 prop_inc 16898 fast_inc 0 eta_inc 688380 multi_dec -1810272 quick_dec -23453 nack_dec -219950
Flow Uec_1837_3596 flowId 1573 uecSrc 1572 finished at 25825.5 total messages 1 total packets 2448 RTS 0 total bytes 10002528 in_flight now 0 fair_inc 441379 prop_inc 18282 fast_inc 0 eta_inc 691360 multi_dec -1675281 quick_dec -39926 nack_dec -224100
Flow Uec_2862_999 flowId 1218 uecSrc 1217 finished at 25826.2 total messages 1 total packets 2448 RTS 0 total bytes 10002528 in_flight now 0 fair_inc 510268 prop_inc 14896 fast_inc 0 eta_inc 686592 multi_dec -1842559 quick_dec -53813 nack_dec -207500
Flow Uec_2846_1008 flowId 369 uecSrc 368 finished at 25846 total messages 1 total packets 2448 RTS 0 total bytes 10002528 in_flight now 0 fair_inc 555379 prop_inc 14713 fast_inc 0 eta_inc 686592 multi_dec -1859714 quick_dec -74085 nack_dec -240700
Flow Uec_2564_740 flowId 1288 uecSrc 1287 finished at 25847.4 total messages 1 total packets 2448 RTS 0 total bytes 10002528 in_flight now 0 fair_inc 487995 prop_inc 15274 fast_inc 0 eta_inc 689572 multi_dec -1754032 quick_dec -62884 nack_dec -244850
Flow Uec_1437_3245 flowId 1017 uecSrc 1016 finished at 25848.3 total messages 1 total packets 2448 RTS 0 total bytes 10002528 in_flight now 0 fair_inc 486259 prop_inc 10286 fast_inc 0 eta_inc 689572 multi_dec -1878678 quick_dec -70322 nack_dec -236550
Flow Uec_1564_3389 flowId 459 uecSrc 458 finished at 25852.5 total messages 1 total packets 2448 RTS 0 total bytes 10002528 in_flight now 0 fair_inc 565340 prop_inc 12301 fast_inc 0 eta_inc 684208 multi_dec -2025899 quick_dec -89730 nack_dec -228250
Flow Uec_1829_3589 flowId 1190 uecSrc 1189 finished at 25854.5 total messages 1 total packets 2448 RTS 0 total bytes 10002528 in_flight now 0 fair_inc 486601 prop_inc 14937 fast_inc 0 eta_inc 693148 multi_dec -1789053 quick_dec -21340 nack_dec -244850
Flow Uec_2857_977 flowId 1422 uecSrc 1421 finished at 25863.6 total messages 1 total packets 2448 RTS 0 total bytes 10002528 in_flight now 0 fair_inc 498698 prop_inc 17974 fast_inc 0 eta_inc 687188 multi_dec -1842780 quick_dec -12103 nack_dec -236550
Flow Uec_941_2694 flowId 589 uecSrc 588 finished at 25863.7 total messages 1 total packets 2448 RTS 0 total bytes 10002528 in_flight now 0 fair_inc 472071 prop_inc 14755 fast_inc 0 eta_inc 694936 multi_dec -1748417 quick_dec -60736 nack_dec -207500
Flow Uec_926_2697 flowId 359 uecSrc 358 finished at 25866.2 total messages 1 total packets 2448 RTS 0 total bytes 10002528 in_flight now 0 fair_inc 437034 prop_inc 15847 fast_inc 0 eta_inc 694340 multi_dec -1712218 quick_dec -23875 nack_dec -224100
Flow Uec_630_2376 flowId 129 uecSrc 128 finished at 25868.5 total messages 1 total packets 2448 RTS 0 total bytes 10002528 in_flight now 0 fair_inc 441018 prop_inc 14858 fast_inc 0 eta_inc 694340 multi_dec -1705931 quick_dec -34193 nack_dec -232400
Flow Uec_1570_3353 flowId 875 uecSrc 874 finished at 25871.9 total messages 1 total packets 2448 RTS 0 total bytes 10002528 in_flight now 0 fair_inc 513489 prop_inc 9428 fast_inc 0 eta_inc 685400 multi_dec -1954562 quick_dec -47298 nack_dec -199200
Flow Uec_2581_711 flowId 1078 uecSrc 1077 finished at 25876.4 total messages 1 total packets 2448 RTS 0 total bytes 10002528 in_flight now 0 fair_inc 507625 prop_inc 22483 fast_inc 0 eta_inc 690764 multi_dec -1908407 quick_dec -24307 nack_dec -257300
Flow Uec_1430_3236 flowId 1479 uecSrc 1478 finished at 25878.6 total messages 1 total packets 2448 RTS 0 total bytes 10002528 in_flight now 0 fair_inc 499935 prop_inc 11045 fast_inc 0 eta_inc 687188 multi_dec -1797433 quick_dec -57130 nack_dec -244850
Flow Uec_585_2428 flowId 1400 uecSrc 1399 finished at 25880.8 total messages 1 total packets 2448 RTS 0 total bytes 10002528 in_flight now 0 fair_inc 440495 prop_inc 22212 fast_inc 0 eta_inc 694340 multi_dec -1695593 quick_dec -53901 nack_dec -215800
Flow Uec_1574_3359 flowId 824 uecSrc 823 finished at 25882.3 total messages 1 total packets 2448 RTS 0 total bytes 10002528 in_flight now 0 fair_inc 574109 prop_inc 13955 fast_inc 0 eta_inc 684804 multi_dec -2035428 quick_dec -74608 nack_dec -236550
Flow Uec_1421_3239 flowId 1774 uecSrc 1773 finished at 25882.7 total messages 1 total packets 2448 RTS 0 total bytes 10002528 in_flight now 0 fair_inc 535998 prop_inc 7443 fast_inc 0 eta_inc 686592 multi_dec -1929299 quick_dec -56866 nack_dec -236550
Flow Uec_130_1949 flowId 1346 uecSrc 1345 finished at 25891.3 total messages 1 total packets 2448 RTS 0 total bytes 10002528 in_flight now 0 fair_inc 484551 prop_inc 11494 fast_inc 0 eta_inc 693148 multi_dec -1834568 quick_dec -45780 nack_dec -240700
Flow Uec_2872_1001 flowId 1291 uecSrc 1290 finished at 25892 total messages 1 total packets 2448 RTS 0 total bytes 10002528 in_flight now 0 fair_inc 483598 prop_inc 15389 fast_inc 0 eta_inc 694340 multi_dec -1814414 quick_dec -88284 nack_dec -236550
Flow Uec_1448_3218 flowId 827 uecSrc 826 finished at 25892.1 total messages 1 total packets 2448 RTS 0 total bytes 10002528 in_flight now 0 fair_inc 509453 prop_inc 14208 fast_inc 0 eta_inc 689572 multi_dec -1930042 quick_dec -66114 nack_dec -249000
Flow Uec_1815_3591 flowId 49 uecSrc 48 finished at 25896.2 total messages 1 total packets 2448 RTS 0 total bytes 10002528 in_flight now 0 fair_inc 442853 prop_inc 18449 fast_inc 0 eta_inc 690764 multi_dec -1680800 quick_dec -12225 nack_dec -244850
Flow Uec_613_2402 flowId 1579 uecSrc 1578 finished at 25902.8 total messages 1 total packets 2448 RTS 0 total bytes 10002528 in_flight now 0 fair_inc 502022 prop_inc 19186 fast_inc 0 eta_inc 696128 multi_dec -1804499 quick_dec -34363 nack_dec -244850
Flow Uec_1843_3586 flowId 233 uecSrc 232 finished at 25907.9 total messages 1 total packets 2448 RTS 0 total bytes 10002528 in_flight now 0 fair_inc 499669 prop_inc 17997 fast_inc 0 eta_inc 693744 multi_dec -1774800 quick_dec -58251 nack_dec -253150
Flow Uec_2580_716 flowId 106 uecSrc 105 finished at 25910.7 total messages 1 total packets 2448 RTS 0 total bytes 10002528 in_flight now 0 fair_inc 491277 prop_inc 17573 fast_inc 0 eta_inc 693148 multi_dec -1751068 quick_dec -42129 nack_dec -236550
Flow Uec_906_2725 flowId 682 uecSrc 681 finished at 25914.6 total messages 1 total packets 2448 RTS 0 total bytes 10002528 in_flight now 0 fair_inc 419304 prop_inc 30559 fast_inc 0 eta_inc 699108 multi_dec -1673060 quick_dec -85015 nack_dec -215800
Flow Uec_132_1948 flowId 1741 uecSrc 1740 finished at 25915.3 total messages 1 total packets 2448 RTS 0 total bytes 10002528 in_flight now 0 fair_inc 487513 prop_inc 13413 fast_inc 0 eta_inc 688380 multi_dec -1883416 quick_dec -30783 nack_dec -228250
Flow Uec_2594_755 flowId 1176 uecSrc 1175 finished at 25917.5 total messages 1 total packets 2448 RTS 0 total bytes 10002528 in_flight now 0 fair_inc 486816 prop_inc 23193 fast_inc 0 eta_inc 693744 multi_dec -1821522 quick_dec -42034 nack_dec -232400
Flow Uec_601_2370 flowId 1163 uecSrc 1162 finished at 25926.5 total messages 1 total packets 2448 RTS 0 total bytes 10002528 in_flight now 0 fair_inc 467326 prop_inc 29342 fast_inc 0 eta_inc 697320 multi_dec -1662338 quick_dec -72180 nack_dec -240700
Flow Uec_2583_717 flowId 1022 uecSrc 1021 finished at 25933.6 total messages 1 total packets 2448 RTS 0 total bytes 10002528 in_flight now 0 fair_inc 505844 prop_inc 19524 fast_inc 0 eta_inc 692552 multi_dec -1843640 quick_dec -85075 nack_dec -215800
Flow Uec_3273_1446 flowId 782 uecSrc 781 finished at 25939.9 total messages 1 total packets 2448 RTS 0 total bytes 10002528 in_flight now 0 fair_inc 483376 prop_inc 11087 fast_inc 0 eta_inc 691360 multi_dec -1819069 quick_dec -41028 nack_dec -228250
Flow Uec_1419_3258 flowId 340 uecSrc 339 finished at 25940.4 total messages 1 total packets 2448 RTS 0 total bytes 10002528 in_flight now 0 fair_inc 523083 prop_inc 18992 fast_inc 0 eta_inc 691360 multi_dec -1899719 quick_dec -23803 nack_dec -207500
Flow Uec_2610_737 flowId 1006 uecSrc 1005 finished at 25947.6 total messages 1 total packets 2448 RTS 0 total bytes 10002528 in_flight now 0 fair_inc 497854 prop_inc 21811 fast_inc 0 eta_inc 693744 multi_dec -1832788 quick_dec -45698 nack_dec -224100
Flow Uec_903_2699 flowId 757 uecSrc 756 finished at 25948.1 total messages 1 total packets 2448 RTS 0 total bytes 10002528 in_flight now 0 fair_inc 473060 prop_inc 40141 fast_inc 0 eta_inc 696724 multi_dec -1742849 quick_dec -58627 nack_dec -253150
Flow Uec_2615_746 flowId 695 uecSrc 694 finished at 25954 total messages 1 total packets 2448 RTS 0 total bytes 10002528 in_flight now 0 fair_inc 494313 prop_inc 22326 fast_inc 0 eta_inc 691956 multi_dec -1783420 quick_dec -36033 nack_dec -249000
Flow Uec_1828_3598 flowId 1036 uecSrc 1035 finished at 25954.9 total messages 1 total packets 2448 RTS 0 total bytes 10002528 in_flight now 0 fair_inc 487348 prop_inc 24734 fast_inc 0 eta_inc 694340 multi_dec -1777316 quick_dec -103122 nack_dec -186750
Flow Uec_638_2431 flowId 1259 uecSrc 1258 finished at 25956.4 total messages 1 total packets 2448 RTS 0 total bytes 10002528 in_flight now 0 fair_inc 416775 prop_inc 42348 fast_inc 0 eta_inc 698512 multi_dec -1700153 quick_dec -33075 nack_dec -219950
Flow Uec_2605_739 flowId 1641 uecSrc 1640 finished at 25964.5 total messages 1 total packets 2448 RTS 0 total bytes 10002528 in_flight now 0 fair_inc 481563 prop_inc 29121 fast_inc 0 eta_inc 693148 multi_dec -1806262 quick_dec -47390 nack_dec -265600
Flow Uec_957_2726 flowId 291 uecSrc 290 finished at 25966.2 total messages 1 total packets 2448 RTS 0 total bytes 10002528 in_flight now 0 fair_inc 446028 prop_inc 49194 fast_inc 0 eta_inc 699704 multi_dec -1667050 quick_dec -50941 nack_dec -232400
Flow Uec_1803_3594 flowId 485 uecSrc 484 finished at 25968.9 total messages 1 total packets 2448 RTS 0 total bytes 10002528 in_flight now 0 fair_inc 437857 prop_inc 22141 fast_inc 0 eta_inc 696724 multi_dec -1711098 quick_dec -8734 nack_dec -215800
Flow Uec_2567_744 flowId 1203 uecSrc 1202 finished at 25978.9 total messages 1 total packets 2448 RTS 0 total bytes 10002528 in_flight now 0 fair_inc 446444 prop_inc 33316 fast_inc 0 eta_inc 696724 multi_dec -1796607 quick_dec -37954 nack_dec -224100
Flow Uec_3370_1495 flowId 1598 uecSrc 1597 finished at 25979.5 total messages 1 total packets 2448 RTS 0 total bytes 10002528 in_flight now 0 fair_inc 484401 prop_inc 15731 fast_inc 0 eta_inc 693148 multi_dec -1836074 quick_dec -42188 nack_dec -236550
Flow Uec_183_1983 flowId 1129 uecSrc 1128 finished at 25980.5 total messages 1 total packets 2448 RTS 0 total bytes 10002528 in_flight now 0 fair_inc 462565 prop_inc 12931 fast_inc 0 eta_inc 691956 multi_dec -1796155 quick_dec -60458 nack_dec -240700
Flow Uec_2515_644 flowId 999 uecSrc 998 finished at 25982.5 total messages 1 total packets 2448 RTS 0 total bytes 10002528 in_flight now 0 fair_inc 519682 prop_inc 10520 fast_inc 0 eta_inc 691360 multi_dec -1899143 quick_dec -33611 nack_dec -240700
Flow Uec_1756_3538 flowId 1072 uecSrc 1071 finished at 25987.1 total messages 1 total packets 2448 RTS 0 total bytes 10002528 in_flight now 0 fair_inc 526391 prop_inc 10363 fast_inc 0 eta_inc 685996 multi_dec -1835501 quick_dec -43546 nack_dec -257300
Flow Uec_1816_3585 flowId 319 uecSrc 318 finished at 25988.7 total messages 1 total packets 2448 RTS 0 total bytes 10002528 in_flight now 0 fair_inc 431436 prop_inc 39772 fast_inc 0 eta_inc 696724 multi_dec -1763744 quick_dec -51038 nack_dec -232400
Flow Uec_145_1954 flowId 627 uecSrc 626 finished at 25989.6 total messages 1 total packets 2448 RTS 0 total bytes 10002528 in_flight now 0 fair_inc 510308 prop_inc 10399 fast_inc 0 eta_inc 696128 multi_dec -1924918 quick_dec -23855 nack_dec -253150
Flow Uec_2593_715 flowId 1281 uecSrc 1280 finished at 25989.9 total messages 1 total packets 2448 RTS 0 total bytes 10002528 in_flight now 0 fair_inc 491505 prop_inc 31213 fast_inc 0 eta_inc 694936 multi_dec -1802736 quick_dec -59308 nack_dec -244850
Flow Uec_1804_3588 flowId 800 uecSrc 799 finished at 25993 total messages 1 total packets 2448 RTS 0 total bytes 10002528 in_flight now 0 fair_inc 422892 prop_inc 37741 fast_inc 0 eta_inc 702088 multi_dec -1723837 quick_dec -46762 nack_dec -215800
Flow Uec_2854_1012 flowId 737 uecSrc 736 finished at 25995.4 total messages 1 total packets 2448 RTS 0 total bytes 10002528 in_flight now 0 fair_inc 507372 prop_inc 15721 fast_inc 0 eta_inc 699108 multi_dec -1915028 quick_dec -5723 nack_dec -219950
Flow Uec_755_2521 flowId 244 uecSrc 243 finished at 25998.8 total messages 1 total packets 2448 RTS 0 total bytes 10002528 in_flight now 0 fair_inc 584628 prop_inc 3377 fast_inc 0 eta_inc 682420 multi_dec -2062606 quick_dec -73895 nack_dec -261450
Flow Uec_1449_3230 flowId 1486 uecSrc 1485 finished at 26002.3 total messages 1 total packets 2448 RTS 0 total bytes 10002528 in_flight now 0 fair_inc 509267 prop_inc 9004 fast_inc 0 eta_inc 694340 multi_dec -1881534 quick_dec -43812 nack_dec -236550
Flow Uec_2827_1017 flowId 253 uecSrc 252 finished at 26004.9 total messages 1 total packets 2448 RTS 0 total bytes 10002528 in_flight now 0 fair_inc 525536 prop_inc 12310 fast_inc 0 eta_inc 692552 multi_dec -1852096 quick_dec -64427 nack_dec -244850
Flow Uec_622_2393 flowId 1775 uecSrc 1774 finished at 26006.5 total messages 1 total packets 2448 RTS 0 total bytes 10002528 in_flight now 0 fair_inc 376487 prop_inc 61916 fast_inc 0 eta_inc 699704 multi_dec -1569249 quick_dec -66550 nack_dec -207500
Flow Uec_580_2409 flowId 1552 uecSrc 1551 finished at 26009.3 total messages 1 total packets 2448 RTS 0 total bytes 10002528 in_flight now 0 fair_inc 537418 prop_inc 42772 fast_inc 0 eta_inc 699704 multi_dec -1872008 quick_dec -41625 nack_dec -232400
Flow Uec_3313_1460 flowId 27 uecSrc 26 finished at 26009.4 total messages 1 total packets 2448 RTS 0 total bytes 10002528 in_flight now 0 fair_inc 484543 prop_inc 10719 fast_inc 0 eta_inc 693148 multi_dec -1885081 quick_dec -17069 nack_dec -219950
Flow Uec_1849_3597 flowId 1799 uecSrc 1798 finished at 26010.7 total messages 1 total packets 2448 RTS 0 total bytes 10002528 in_flight now 0 fair_inc 478448 prop_inc 52283 fast_inc 0 eta_inc 697916 multi_dec -1761149 quick_dec -32178 nack_dec -211650
Flow Uec_2588_743 flowId 1455 uecSrc 1454 finished at 26030 total messages 1 total packets 2448 RTS 0 total bytes 10002528 in_flight now 0 fair_inc 462772 prop_inc 49165 fast_inc 0 eta_inc 691360 multi_dec -1758677 quick_dec -60279 nack_dec -265600
Flow Uec_594_2397 flowId 1353 uecSrc 1352 finished at 26032.7 total messages 1 total packets 2448 RTS 0 total bytes 10002528 in_flight now 0 fair_inc 430554 prop_inc 71074 fast_inc 0 eta_inc 701492 multi_dec -1655029 quick_dec -55626 nack_dec -195050
Flow Uec_2532_648 flowId 938 uecSrc 937 finished at 26037.4 total messages 1 total packets 2448 RTS 0 total bytes 10002528 in_flight now 0 fair_inc 504251 prop_inc 14949 fast_inc 0 eta_inc 697916 multi_dec -1870110 quick_dec -64213 nack_dec -228250
Flow Uec_1811_3586 flowId 1663 uecSrc 1662 finished at 26046.7 total messages 1 total packets 2448 RTS 0 total bytes 10002528 in_flight now 0 fair_inc 391188 prop_inc 69492 fast_inc 27670 eta_inc 699704 multi_dec -1546082 quick_dec -59432 nack_dec -257300
Flow Uec_3264_1469 flowId 740 uecSrc 739 finished at 26047.9 total messages 1 total packets 2448 RTS 0 total bytes 10002528 in_flight now 0 fair_inc 511530 prop_inc 18961 fast_inc 0 eta_inc 700300 multi_dec -1940929 quick_dec -34210 nack_dec -211650
Flow Uec_2507_676 flowId 1746 uecSrc 1745 finished at 26052.3 total messages 1 total packets 2448 RTS 0 total bytes 10002528 in_flight now 0 fair_inc 422830 prop_inc 12159 fast_inc 0 eta_inc 691360 multi_dec -1788407 quick_dec -51544 nack_dec -236550
Flow Uec_2579_714 flowId 2 uecSrc 1 finished at 26054 total messages 1 total packets 2448 RTS 0 total bytes 10002528 in_flight now 0 fair_inc 448460 prop_inc 70620 fast_inc 0 eta_inc 699704 multi_dec -1759919 quick_dec -39345 nack_dec -232400
Flow Uec_935_2742 flowId 178 uecSrc 177 finished at 26060.5 total messages 1 total packets 2448 RTS 0 total bytes 10002528 in_flight now 0 fair_inc 353909 prop_inc 108784 fast_inc 20599 eta_inc 702684 multi_dec -1625113 quick_dec -30704 nack_dec -211650
Flow Uec_150_1967 flowId 1115 uecSrc 1114 finished at 26063.1 total messages 1 total packets 2448 RTS 0 total bytes 10002528 in_flight now 0 fair_inc 462204 prop_inc 10495 fast_inc 0 eta_inc 694936 multi_dec -1796004 quick_dec -30532 nack_dec -244850
Flow Uec_3383_1500 flowId 1289 uecSrc 1288 finished at 26073.5 total messages 1 total packets 2448 RTS 0 total bytes 10002528 in_flight now 0 fair_inc 495090 prop_inc 15149 fast_inc 0 eta_inc 694340 multi_dec -1906728 quick_dec -26745 nack_dec -257300
Flow Uec_3277_1411 flowId 1023 uecSrc 1022 finished at 26085.3 total messages 1 total packets 2448 RTS 0 total bytes 10002528 in_flight now 0 fair_inc 576881 prop_inc 11663 fast_inc 0 eta_inc 696128 multi_dec -1972919 quick_dec -51447 nack_dec -253150
Flow Uec_2232_353 flowId 17 uecSrc 16 finished at 26098 total messages 1 total packets 2448 RTS 0 total bytes 10002528 in_flight now 0 fair_inc 530223 prop_inc 11739 fast_inc 0 eta_inc 691956 multi_dec -1900403 quick_dec -31054 nack_dec -253150
Flow Uec_3371_1507 flowId 1637 uecSrc 1636 finished at 26111.5 total messages 1 total packets 2448 RTS 0 total bytes 10002528 in_flight now 0 fair_inc 507514 prop_inc 15573 fast_inc 0 eta_inc 698512 multi_dec -1847609 quick_dec -68703 nack_dec -228250
Flow Uec_2499_661 flowId 268 uecSrc 267 finished at 26112.2 total messages 1 total packets 2448 RTS 0 total bytes 10002528 in_flight now 0 fair_inc 477766 prop_inc 11906 fast_inc 0 eta_inc 697320 multi_dec -1819497 quick_dec -40200 nack_dec -232400
Flow Uec_2851_963 flowId 1492 uecSrc 1491 finished at 26112.9 total messages 1 total packets 2448 RTS 0 total bytes 10002528 in_flight now 0 fair_inc 478294 prop_inc 19702 fast_inc 0 eta_inc 693744 multi_dec -1828184 quick_dec -39351 nack_dec -249000
Flow Uec_2506_659 flowId 473 uecSrc 472 finished at 26113.4 total messages 1 total packets 2448 RTS 0 total bytes 10002528 in_flight now 0 fair_inc 532331 prop_inc 12145 fast_inc 0 eta_inc 696724 multi_dec -1971447 quick_dec -8784 nack_dec -207500
Flow Uec_1408_3244 flowId 407 uecSrc 406 finished at 26121.3 total messages 1 total packets 2448 RTS 0 total bytes 10002528 in_flight now 0 fair_inc 555522 prop_inc 11528 fast_inc 0 eta_inc 697916 multi_dec -1829995 quick_dec -40441 nack_dec -249000
Flow Uec_1544_3332 flowId 1106 uecSrc 1105 finished at 26132.8 total messages 1 total packets 2448 RTS 0 total bytes 10002528 in_flight now 0 fair_inc 560954 prop_inc 14800 fast_inc 0 eta_inc 693148 multi_dec -2093445 quick_dec -67504 nack_dec -232400
Flow Uec_3333_1474 flowId 733 uecSrc 732 finished at 26135.8 total messages 1 total packets 2448 RTS 0 total bytes 10002528 in_flight now 0 fair_inc 508545 prop_inc 13417 fast_inc 0 eta_inc 694936 multi_dec -1804059 quick_dec -32951 nack_dec -257300
Flow Uec_3300_1459 flowId 179 uecSrc 178 finished at 26140.6 total messages 1 total packets 2448 RTS 0 total bytes 10002528 in_flight now 0 fair_inc 491126 prop_inc 17542 fast_inc 0 eta_inc 703280 multi_dec -1844460 quick_dec -92834 nack_dec -240700
Flow Uec_1786_3562 flowId 1762 uecSrc 1761 finished at 26149.2 total messages 1 total packets 2448 RTS 0 total bytes 10002528 in_flight now 0 fair_inc 525190 prop_inc 12338 fast_inc 0 eta_inc 690764 multi_dec -1884690 quick_dec -46032 nack_dec -240700
Flow Uec_159_1951 flowId 918 uecSrc 917 finished at 26153.2 total messages 1 total packets 2448 RTS 0 total bytes 10002528 in_flight now 0 fair_inc 495971 prop_inc 9568 fast_inc 0 eta_inc 699108 multi_dec -1857698 quick_dec -50740 nack_dec -249000
Flow Uec_196_1993 flowId 85 uecSrc 84 finished at 26159 total messages 1 total packets 2448 RTS 0 total bytes 10002528 in_flight now 0 fair_inc 512295 prop_inc 10240 fast_inc 0 eta_inc 693744 multi_dec -1886968 quick_dec -46469 nack_dec -269750
Flow Uec_3307_1412 flowId 1738 uecSrc 1737 finished at 26161 total messages 1 total packets 2448 RTS 0 total bytes 10002528 in_flight now 0 fair_inc 488091 prop_inc 17283 fast_inc 0 eta_inc 699704 multi_dec -1781359 quick_dec -64942 nack_dec -219950
Flow Uec_177_1981 flowId 739 uecSrc 738 finished at 26161 total messages 1 total packets 2448 RTS 0 total bytes 10002528 in_flight now 0 fair_inc 528173 prop_inc 5291 fast_inc 0 eta_inc 697320 multi_dec -1937192 quick_dec -21507 nack_dec -228250
Flow Uec_2863_980 flowId 1252 uecSrc 1251 finished at 26169.1 total messages 1 total packets 2448 RTS 0 total bytes 10002528 in_flight now 0 fair_inc 483728 prop_inc 17175 fast_inc 0 eta_inc 697320 multi_dec -1768854 quick_dec -38870 nack_dec -232400
Flow Uec_1422_3215 flowId 671 uecSrc 670 finished at 26170.4 total messages 1 total packets 2448 RTS 0 total bytes 10002528 in_flight now 0 fair_inc 452603 prop_inc 10568 fast_inc 0 eta_inc 696128 multi_dec -1802921 quick_dec -28936 nack_dec -228250
Flow Uec_3279_1457 flowId 621 uecSrc 620 finished at 26172.7 total messages 1 total packets 2448 RTS 0 total bytes 10002528 in_flight now 0 fair_inc 487035 prop_inc 18539 fast_inc 0 eta_inc 697320 multi_dec -1845849 quick_dec -70894 nack_dec -228250
Flow Uec_2525_641 flowId 1417 uecSrc 1416 finished at 26176.8 total messages 1 total packets 2448 RTS 0 total bytes 10002528 in_flight now 0 fair_inc 512668 prop_inc 14312 fast_inc 0 eta_inc 697320 multi_dec -1900824 quick_dec -24745 nack_dec -224100
Flow Uec_1563_3374 flowId 74 uecSrc 73 finished at 26177.6 total messages 1 total packets 2448 RTS 0 total bytes 10002528 in_flight now 0 fair_inc 587531 prop_inc 8304 fast_inc 0 eta_inc 693148 multi_dec -2018280 quick_dec -47582 nack_dec -269750
Flow Uec_1571_3346 flowId 410 uecSrc 409 finished at 26185.8 total messages 1 total packets 2448 RTS 0 total bytes 10002528 in_flight now 0 fair_inc 527712 prop_inc 10413 fast_inc 0 eta_inc 693148 multi_dec -2017296 quick_dec -36620 nack_dec -236550
Flow Uec_1438_3241 flowId 1229 uecSrc 1228 finished at 26198.6 total messages 1 total packets 2448 RTS 0 total bytes 10002528 in_flight now 0 fair_inc 521900 prop_inc 12517 fast_inc 0 eta_inc 700300 multi_dec -1869049 quick_dec -86497 nack_dec -240700
Flow Uec_1757_3574 flowId 1043 uecSrc 1042 finished at 26202.9 total messages 1 total packets 2448 RTS 0 total bytes 10002528 in_flight now 0 fair_inc 515354 prop_inc 7010 fast_inc 0 eta_inc 691956 multi_dec -1953268 quick_dec -36845 nack_dec -282200
Flow Uec_3555_1696 flowId 337 uecSrc 336 finished at 26222 total messages 1 total packets 2448 RTS 0 total bytes 10002528 in_flight now 0 fair_inc 507415 prop_inc 17300 fast_inc 0 eta_inc 693148 multi_dec -1887423 quick_dec -96597 nack_dec -253150
Flow Uec_3386_1516 flowId 324 uecSrc 323 finished at 26240.2 total messages 1 total packets 2448 RTS 0 total bytes 10002528 in_flight now 0 fair_inc 507947 prop_inc 17199 fast_inc 0 eta_inc 698512 multi_dec -1810469 quick_dec -45084 nack_dec -236550
Flow Uec_1598_3328 flowId 8 uecSrc 7 finished at 26248.4 total messages 1 total packets 2448 RTS 0 total bytes 10002528 in_flight now 0 fair_inc 532200 prop_inc 12702 fast_inc 0 eta_inc 693744 multi_dec -2005859 quick_dec -44953 nack_dec -265600
Flow Uec_2508_693 flowId 1572 uecSrc 1571 finished at 26249.7 total messages 1 total packets 2448 RTS 0 total bytes 10002528 in_flight now 0 fair_inc 507293 prop_inc 11712 fast_inc 0 eta_inc 696724 multi_dec -1871692 quick_dec -15285 nack_dec -228250
Flow Uec_165_1960 flowId 221 uecSrc 220 finished at 26273.3 total messages 1 total packets 2448 RTS 0 total bytes 10002528 in_flight now 0 fair_inc 489625 prop_inc 17471 fast_inc 0 eta_inc 702088 multi_dec -1751482 quick_dec -36337 nack_dec -249000
Flow Uec_3364_1517 flowId 655 uecSrc 654 finished at 26275.8 total messages 1 total packets 2448 RTS 0 total bytes 10002528 in_flight now 0 fair_inc 513630 prop_inc 15512 fast_inc 0 eta_inc 700300 multi_dec -1877370 quick_dec -71268 nack_dec -253150
Flow Uec_2223_377 flowId 523 uecSrc 522 finished at 26284 total messages 1 total packets 2448 RTS 0 total bytes 10002528 in_flight now 0 fair_inc 504681 prop_inc 14786 fast_inc 0 eta_inc 695532 multi_dec -1796271 quick_dec -32611 nack_dec -286350
Flow Uec_684_2477 flowId 1057 uecSrc 1056 finished at 26286.2 total messages 1 total packets 2448 RTS 0 total bytes 10002528 in_flight now 0 fair_inc 570244 prop_inc 10397 fast_inc 0 eta_inc 693148 multi_dec -1967571 quick_dec -66795 nack_dec -269750
Flow Uec_237_2029 flowId 1079 uecSrc 1078 finished at 26303.2 total messages 1 total packets 2448 RTS 0 total bytes 10002528 in_flight now 0 fair_inc 500328 prop_inc 16331 fast_inc 0 eta_inc 697320 multi_dec -1881597 quick_dec -14147 nack_dec -253150
Flow Uec_162_1975 flowId 125 uecSrc 124 finished at 26307.4 total messages 1 total packets 2448 RTS 0 total bytes 10002528 in_flight now 0 fair_inc 491375 prop_inc 7933 fast_inc 0 eta_inc 702088 multi_dec -1866296 quick_dec -37763 nack_dec -232400
Flow Uec_136_1926 flowId 602 uecSrc 601 finished at 26310.8 total messages 1 total packets 2448 RTS 0 total bytes 10002528 in_flight now 0 fair_inc 489883 prop_inc 13331 fast_inc 0 eta_inc 703876 multi_dec -1822191 quick_dec -57835 nack_dec -244850
Flow Uec_978_2805 flowId 1119 uecSrc 1118 finished at 26322 total messages 1 total packets 2448 RTS 0 total bytes 10002528 in_flight now 0 fair_inc 490172 prop_inc 11270 fast_inc 0 eta_inc 693744 multi_dec -1888270 quick_dec -20604 nack_dec -236550
Flow Uec_2554_642 flowId 686 uecSrc 685 finished at 26326.2 total messages 1 total packets 2448 RTS 0 total bytes 10002528 in_flight now 0 fair_inc 523418 prop_inc 14165 fast_inc 0 eta_inc 702684 multi_dec -1892507 quick_dec -30278 nack_dec -228250
Flow Uec_133_1964 flowId 1589 uecSrc 1588 finished at 26327.3 total messages 1 total packets 2448 RTS 0 total bytes 10002528 in_flight now 0 fair_inc 497844 prop_inc 16387 fast_inc 0 eta_inc 703280 multi_dec -1847816 quick_dec -100440 nack_dec -224100
Flow Uec_131_1976 flowId 1114 uecSrc 1113 finished at 26331.9 total messages 1 total packets 2448 RTS 0 total bytes 10002528 in_flight now 0 fair_inc 438953 prop_inc 8932 fast_inc 0 eta_inc 702088 multi_dec -1758305 quick_dec -50342 nack_dec -244850
Flow Uec_3362_1526 flowId 1642 uecSrc 1641 finished at 26333.8 total messages 1 total packets 2448 RTS 0 total bytes 10002528 in_flight now 0 fair_inc 484563 prop_inc 17441 fast_inc 0 eta_inc 700300 multi_dec -1808383 quick_dec -58104 nack_dec -253150
Flow Uec_147_1974 flowId 1386 uecSrc 1385 finished at 26336.3 total messages 1 total packets 2448 RTS 0 total bytes 10002528 in_flight now 0 fair_inc 486665 prop_inc 14717 fast_inc 0 eta_inc 702684 multi_dec -1819154 quick_dec -79575 nack_dec -244850
Flow Uec_2503_694 flowId 121 uecSrc 120 finished at 26346.5 total messages 1 total packets 2448 RTS 0 total bytes 10002528 in_flight now 0 fair_inc 481893 prop_inc 19777 fast_inc 0 eta_inc 703280 multi_dec -1808303 quick_dec -67488 nack_dec -232400
Flow Uec_2208_320 flowId 1428 uecSrc 1427 finished at 26360.3 total messages 1 total packets 2448 RTS 0 total bytes 10002528 in_flight now 0 fair_inc 515187 prop_inc 12466 fast_inc 0 eta_inc 699704 multi_dec -1993713 quick_dec -49533 nack_dec -219950
Flow Uec_253_1985 flowId 616 uecSrc 615 finished at 26368.7 total messages 1 total packets 2448 RTS 0 total bytes 10002528 in_flight now 0 fair_inc 528601 prop_inc 12272 fast_inc 0 eta_inc 699704 multi_dec -1950693 quick_dec -60196 nack_dec -228250
Flow Uec_2822_976 flowId 1539 uecSrc 1538 finished at 26369.5 total messages 1 total packets 2448 RTS 0 total bytes 10002528 in_flight now 0 fair_inc 473366 prop_inc 13749 fast_inc 0 eta_inc 702684 multi_dec -1786104 quick_dec -69838 nack_dec -244850
Flow Uec_3387_1504 flowId 238 uecSrc 237 finished at 26384.4 total messages 1 total packets 2448 RTS 0 total bytes 10002528 in_flight now 0 fair_inc 502653 prop_inc 22900 fast_inc 0 eta_inc 703280 multi_dec -1804904 quick_dec -110899 nack_dec -195050
Flow Uec_2198_333 flowId 1304 uecSrc 1303 finished at 26385 total messages 1 total packets 2448 RTS 0 total bytes 10002528 in_flight now 0 fair_inc 494482 prop_inc 15001 fast_inc 0 eta_inc 699704 multi_dec -1867064 quick_dec -71823 nack_dec -244850
Flow Uec_3311_1438 flowId 960 uecSrc 959 finished at 26388 total messages 1 total packets 2448 RTS 0 total bytes 10002528 in_flight now 0 fair_inc 514889 prop_inc 21016 fast_inc 0 eta_inc 704472 multi_dec -1755290 quick_dec -124680 nack_dec -257300
Flow Uec_3520_1682 flowId 1792 uecSrc 1791 finished at 26389.7 total messages 1 total packets 2448 RTS 0 total bytes 10002528 in_flight now 0 fair_inc 536359 prop_inc 10217 fast_inc 0 eta_inc 697320 multi_dec -1984340 quick_dec -51518 nack_dec -261450
Flow Uec_2845_1006 flowId 330 uecSrc 329 finished at 26391.2 total messages 1 total packets 2448 RTS 0 total bytes 10002528 in_flight now 0 fair_inc 464559 prop_inc 15279 fast_inc 0 eta_inc 703876 multi_dec -1848644 quick_dec -8830 nack_dec -219950
Flow Uec_3293_1433 flowId 923 uecSrc 922 finished at 26397.7 total messages 1 total packets 2448 RTS 0 total bytes 10002528 in_flight now 0 fair_inc 500040 prop_inc 14339 fast_inc 0 eta_inc 704472 multi_dec -1870458 quick_dec -41974 nack_dec -244850
Flow Uec_426_2238 flowId 216 uecSrc 215 finished at 26405.2 total messages 1 total packets 2448 RTS 0 total bytes 10002528 in_flight now 0 fair_inc 536870 prop_inc 7027 fast_inc 0 eta_inc 697916 multi_dec -1918406 quick_dec -101360 nack_dec -244850
Flow Uec_3376_1484 flowId 1123 uecSrc 1122 finished at 26407.4 total messages 1 total packets 2448 RTS 0 total bytes 10002528 in_flight now 0 fair_inc 486418 prop_inc 17350 fast_inc 0 eta_inc 705068 multi_dec -1817046 quick_dec -13561 nack_dec -232400
Flow Uec_2543_679 flowId 446 uecSrc 445 finished at 26409.1 total messages 1 total packets 2448 RTS 0 total bytes 10002528 in_flight now 0 fair_inc 501216 prop_inc 10262 fast_inc 0 eta_inc 702088 multi_dec -1827960 quick_dec -49919 nack_dec -232400
Flow Uec_2220_348 flowId 1273 uecSrc 1272 finished at 26415.3 total messages 1 total packets 2448 RTS 0 total bytes 10002528 in_flight now 0 fair_inc 499733 prop_inc 10824 fast_inc 0 eta_inc 705068 multi_dec -1876001 quick_dec -82726 nack_dec -257300
Flow Uec_1018_2768 flowId 1474 uecSrc 1473 finished at 26418.2 total messages 1 total packets 2448 RTS 0 total bytes 10002528 in_flight now 0 fair_inc 534915 prop_inc 8625 fast_inc 0 eta_inc 696724 multi_dec -1959103 quick_dec -29862 nack_dec -265600
Flow Uec_3292_1432 flowId 742 uecSrc 741 finished at 26421.4 total messages 1 total packets 2448 RTS 0 total bytes 10002528 in_flight now 0 fair_inc 493965 prop_inc 16162 fast_inc 0 eta_inc 707452 multi_dec -1793144 quick_dec -38631 nack_dec -236550
Flow Uec_2558_671 flowId 1447 uecSrc 1446 finished at 26423.2 total messages 1 total packets 2448 RTS 0 total bytes 10002528 in_flight now 0 fair_inc 533973 prop_inc 9673 fast_inc 0 eta_inc 704472 multi_dec -1916151 quick_dec -30770 nack_dec -228250
Flow Uec_169_1957 flowId 1063 uecSrc 1062 finished at 26431.5 total messages 1 total packets 2448 RTS 0 total bytes 10002528 in_flight now 0 fair_inc 432779 prop_inc 21943 fast_inc 0 eta_inc 706856 multi_dec -1649638 quick_dec -75689 nack_dec -232400
Flow Uec_1468_3212 flowId 57 uecSrc 56 finished at 26435.1 total messages 1 total packets 2448 RTS 0 total bytes 10002528 in_flight now 0 fair_inc 474161 prop_inc 17406 fast_inc 0 eta_inc 705068 multi_dec -1825806 quick_dec -25071 nack_dec -240700
Flow Uec_1471_3254 flowId 1256 uecSrc 1255 finished at 26435.5 total messages 1 total packets 2448 RTS 0 total bytes 10002528 in_flight now 0 fair_inc 506575 prop_inc 15127 fast_inc 0 eta_inc 705068 multi_dec -1833842 quick_dec -98818 nack_dec -219950
Flow Uec_3334_1485 flowId 1496 uecSrc 1495 finished at 26435.7 total messages 1 total packets 2448 RTS 0 total bytes 10002528 in_flight now 0 fair_inc 467664 prop_inc 16318 fast_inc 0 eta_inc 703876 multi_dec -1744562 quick_dec -40712 nack_dec -249000
Flow Uec_847_2676 flowId 1275 uecSrc 1274 finished at 26441.3 total messages 1 total packets 2448 RTS 0 total bytes 10002528 in_flight now 0 fair_inc 518084 prop_inc 11808 fast_inc 0 eta_inc 705664 multi_dec -1854234 quick_dec -48469 nack_dec -249000
Flow Uec_1418_3225 flowId 405 uecSrc 404 finished at 26444.6 total messages 1 total packets 2448 RTS 0 total bytes 10002528 in_flight now 0 fair_inc 507124 prop_inc 16338 fast_inc 0 eta_inc 706856 multi_dec -1895309 quick_dec -15715 nack_dec -224100
Flow Uec_3290_1415 flowId 1374 uecSrc 1373 finished at 26451.3 total messages 1 total packets 2448 RTS 0 total bytes 10002528 in_flight now 0 fair_inc 493792 prop_inc 11941 fast_inc 0 eta_inc 706260 multi_dec -1858706 quick_dec -30587 nack_dec -228250
Flow Uec_2556_670 flowId 1295 uecSrc 1294 finished at 26452.5 total messages 1 total packets 2448 RTS 0 total bytes 10002528 in_flight now 0 fair_inc 520308 prop_inc 8574 fast_inc 0 eta_inc 704472 multi_dec -1840979 quick_dec -109072 nack_dec -244850
Flow Uec_3357_1501 flowId 1671 uecSrc 1670 finished at 26466.1 total messages 1 total packets 2448 RTS 0 total bytes 10002528 in_flight now 0 fair_inc 490299 prop_inc 18353 fast_inc 0 eta_inc 705068 multi_dec -1801649 quick_dec -59778 nack_dec -228250
Flow Uec_1867_32 flowId 1232 uecSrc 1231 finished at 26467.9 total messages 1 total packets 2448 RTS 0 total bytes 10002528 in_flight now 0 fair_inc 546446 prop_inc 12300 fast_inc 0 eta_inc 697916 multi_dec -1971329 quick_dec -63727 nack_dec -232400
Flow Uec_2866_981 flowId 326 uecSrc 325 finished at 26477.7 total messages 1 total packets 2448 RTS 0 total bytes 10002528 in_flight now 0 fair_inc 508510 prop_inc 10468 fast_inc 0 eta_inc 707452 multi_dec -1786145 quick_dec -78270 nack_dec -261450
Flow Uec_186_1963 flowId 190 uecSrc 189 finished at 26481.4 total messages 1 total packets 2448 RTS 0 total bytes 10002528 in_flight now 0 fair_inc 460256 prop_inc 23196 fast_inc 0 eta_inc 708048 multi_dec -1749343 quick_dec -27687 nack_dec -240700
Flow Uec_2482_629 flowId 922 uecSrc 921 finished at 26485 total messages 1 total packets 2448 RTS 0 total bytes 10002528 in_flight now 0 fair_inc 542932 prop_inc 5966 fast_inc 0 eta_inc 694340 multi_dec -1982650 quick_dec -20724 nack_dec -269750
Flow Uec_168_1972 flowId 1037 uecSrc 1036 finished at 26485.8 total messages 1 total packets 2448 RTS 0 total bytes 10002528 in_flight now 0 fair_inc 444948 prop_inc 23032 fast_inc 0 eta_inc 708048 multi_dec -1716851 quick_dec -97712 nack_dec -224100
Flow Uec_2238_347 flowId 788 uecSrc 787 finished at 26486.4 total messages 1 total packets 2448 RTS 0 total bytes 10002528 in_flight now 0 fair_inc 503086 prop_inc 7548 fast_inc 0 eta_inc 708048 multi_dec -1950510 quick_dec -48029 nack_dec -215800
Flow Uec_3305_1461 flowId 96 uecSrc 95 finished at 26487.1 total messages 1 total packets 2448 RTS 0 total bytes 10002528 in_flight now 0 fair_inc 450370 prop_inc 18186 fast_inc 0 eta_inc 708048 multi_dec -1705415 quick_dec -67999 nack_dec -261450
Flow Uec_2513_658 flowId 145 uecSrc 144 finished at 26488.2 total messages 1 total packets 2448 RTS 0 total bytes 10002528 in_flight now 0 fair_inc 521583 prop_inc 13634 fast_inc 0 eta_inc 706260 multi_dec -1886928 quick_dec -55579 nack_dec -232400
Flow Uec_2820_993 flowId 779 uecSrc 778 finished at 26491 total messages 1 total packets 2448 RTS 0 total bytes 10002528 in_flight now 0 fair_inc 479849 prop_inc 13267 fast_inc 0 eta_inc 707452 multi_dec -1833438 quick_dec -52991 nack_dec -224100
Flow Uec_3381_1515 flowId 1398 uecSrc 1397 finished at 26495.4 total messages 1 total packets 2448 RTS 0 total bytes 10002528 in_flight now 0 fair_inc 476258 prop_inc 13981 fast_inc 0 eta_inc 706260 multi_dec -1880882 quick_dec -44590 nack_dec -215800
Flow Uec_3318_1466 flowId 488 uecSrc 487 finished at 26495.9 total messages 1 total packets 2448 RTS 0 total bytes 10002528 in_flight now 0 fair_inc 519653 prop_inc 19852 fast_inc 0 eta_inc 708048 multi_dec -1857898 quick_dec -43536 nack_dec -224100
Flow Uec_1899_46 flowId 470 uecSrc 469 finished at 26496 total messages 1 total packets 2448 RTS 0 total bytes 10002528 in_flight now 0 fair_inc 552708 prop_inc 8812 fast_inc 0 eta_inc 700300 multi_dec -1992939 quick_dec -18197 nack_dec -232400
Flow Uec_2870_961 flowId 1694 uecSrc 1693 finished at 26496.2 total messages 1 total packets 2448 RTS 0 total bytes 10002528 in_flight now 0 fair_inc 504490 prop_inc 15813 fast_inc 0 eta_inc 704472 multi_dec -1783470 quick_dec -142590 nack_dec -286350
Flow Uec_3340_1477 flowId 189 uecSrc 188 finished at 26498.6 total messages 1 total packets 2448 RTS 0 total bytes 10002528 in_flight now 0 fair_inc 536764 prop_inc 14989 fast_inc 0 eta_inc 706856 multi_dec -1825047 quick_dec -73011 nack_dec -236550
Flow Uec_1444_3207 flowId 685 uecSrc 684 finished at 26501.2 total messages 1 total packets 2448 RTS 0 total bytes 10002528 in_flight now 0 fair_inc 496373 prop_inc 14504 fast_inc 0 eta_inc 705664 multi_dec -1886731 quick_dec -66425 nack_dec -240700
Flow Uec_2829_983 flowId 435 uecSrc 434 finished at 26507.6 total messages 1 total packets 2448 RTS 0 total bytes 10002528 in_flight now 0 fair_inc 516267 prop_inc 17357 fast_inc 0 eta_inc 707452 multi_dec -1854073 quick_dec -53424 nack_dec -265600
Flow Uec_1435_3252 flowId 50 uecSrc 49 finished at 26513.3 total messages 1 total packets 2448 RTS 0 total bytes 10002528 in_flight now 0 fair_inc 461997 prop_inc 19478 fast_inc 0 eta_inc 706856 multi_dec -1812626 quick_dec -72943 nack_dec -228250
Flow Uec_3374_1475 flowId 482 uecSrc 481 finished at 26514.3 total messages 1 total packets 2448 RTS 0 total bytes 10002528 in_flight now 0 fair_inc 501794 prop_inc 16022 fast_inc 0 eta_inc 707452 multi_dec -1836886 quick_dec -76684 nack_dec -240700
Flow Uec_1554_3336 flowId 344 uecSrc 343 finished at 26515.7 total messages 1 total packets 2448 RTS 0 total bytes 10002528 in_flight now 0 fair_inc 510020 prop_inc 16737 fast_inc 0 eta_inc 702088 multi_dec -1937033 quick_dec -97723 nack_dec -261450
Flow Uec_2512_686 flowId 623 uecSrc 622 finished at 26517.8 total messages 1 total packets 2448 RTS 0 total bytes 10002528 in_flight now 0 fair_inc 517312 prop_inc 11169 fast_inc 0 eta_inc 706856 multi_dec -1906367 quick_dec -49902 nack_dec -207500
Flow Uec_884_2635 flowId 351 uecSrc 350 finished at 26521.7 total messages 1 total packets 2448 RTS 0 total bytes 10002528 in_flight now 0 fair_inc 474126 prop_inc 17370 fast_inc 0 eta_inc 703280 multi_dec -1904966 quick_dec -39856 nack_dec -228250
Flow Uec_1754_3540 flowId 214 uecSrc 213 finished at 26532.3 total messages 1 total packets 2448 RTS 0 total bytes 10002528 in_flight now 0 fair_inc 501571 prop_inc 10344 fast_inc 0 eta_inc 702088 multi_dec -1893404 quick_dec -38868 nack_dec -261450
Flow Uec_3315_1418 flowId 888 uecSrc 887 finished at 26541.4 total messages 1 total packets 2448 RTS 0 total bytes 10002528 in_flight now 0 fair_inc 482235 prop_inc 11910 fast_inc 0 eta_inc 709836 multi_dec -1796524 quick_dec -30704 nack_dec -224100
Flow Uec_2638_813 flowId 1053 uecSrc 1052 finished at 26541.9 total messages 1 total packets 2448 RTS 0 total bytes 10002528 in_flight now 0 fair_inc 551677 prop_inc 8977 fast_inc 0 eta_inc 694936 multi_dec -2004019 quick_dec -72047 nack_dec -286350
Flow Uec_962_2790 flowId 1239 uecSrc 1238 finished at 26542.1 total messages 1 total packets 2448 RTS 0 total bytes 10002528 in_flight now 0 fair_inc 471173 prop_inc 11413 fast_inc 0 eta_inc 701492 multi_dec -1868017 quick_dec -36546 nack_dec -219950
Flow Uec_137_1955 flowId 1377 uecSrc 1376 finished at 26545.4 total messages 1 total packets 2448 RTS 0 total bytes 10002528 in_flight now 0 fair_inc 451168 prop_inc 22382 fast_inc 0 eta_inc 709836 multi_dec -1785391 quick_dec -65850 nack_dec -199200
Flow Uec_2529_652 flowId 847 uecSrc 846 finished at 26546.5 total messages 1 total packets 2448 RTS 0 total bytes 10002528 in_flight now 0 fair_inc 473355 prop_inc 18595 fast_inc 0 eta_inc 708048 multi_dec -1800369 quick_dec -70509 nack_dec -249000
Flow Uec_2504_668 flowId 180 uecSrc 179 finished at 26551.3 total messages 1 total packets 2448 RTS 0 total bytes 10002528 in_flight now 0 fair_inc 493083 prop_inc 12517 fast_inc 0 eta_inc 708644 multi_dec -1863690 quick_dec -10014 nack_dec -215800
Flow Uec_2539_677 flowId 212 uecSrc 211 finished at 26557.7 total messages 1 total packets 2448 RTS 0 total bytes 10002528 in_flight now 0 fair_inc 474087 prop_inc 10555 fast_inc 0 eta_inc 708644 multi_dec -1785464 quick_dec -22951 nack_dec -219950
Flow Uec_2842_1010 flowId 853 uecSrc 852 finished at 26558.5 total messages 1 total packets 2448 RTS 0 total bytes 10002528 in_flight now 0 fair_inc 475594 prop_inc 23131 fast_inc 0 eta_inc 707452 multi_dec -1840096 quick_dec -2634 nack_dec -244850
Flow Uec_2877_992 flowId 1069 uecSrc 1068 finished at 26559 total messages 1 total packets 2448 RTS 0 total bytes 10002528 in_flight now 0 fair_inc 460250 prop_inc 17797 fast_inc 0 eta_inc 709836 multi_dec -1772023 quick_dec -61889 nack_dec -244850
Flow Uec_840_2673 flowId 1683 uecSrc 1682 finished at 26560.4 total messages 1 total packets 2448 RTS 0 total bytes 10002528 in_flight now 0 fair_inc 508273 prop_inc 12884 fast_inc 0 eta_inc 703280 multi_dec -1862084 quick_dec -46381 nack_dec -261450
Flow Uec_2511_667 flowId 558 uecSrc 557 finished at 26568.2 total messages 1 total packets 2448 RTS 0 total bytes 10002528 in_flight now 0 fair_inc 516754 prop_inc 13230 fast_inc 0 eta_inc 708644 multi_dec -1937238 quick_dec -22186 nack_dec -211650
Flow Uec_3563_1723 flowId 763 uecSrc 762 finished at 26568.7 total messages 1 total packets 2448 RTS 0 total bytes 10002528 in_flight now 0 fair_inc 515624 prop_inc 10018 fast_inc 0 eta_inc 702088 multi_dec -1935061 quick_dec -73197 nack_dec -253150
Flow Uec_1556_3365 flowId 1268 uecSrc 1267 finished at 26580.9 total messages 1 total packets 2448 RTS 0 total bytes 10002528 in_flight now 0 fair_inc 541973 prop_inc 12428 fast_inc 0 eta_inc 705664 multi_dec -1896632 quick_dec -93837 nack_dec -203350
Flow Uec_140_1950 flowId 133 uecSrc 132 finished at 26582.4 total messages 1 total packets 2448 RTS 0 total bytes 10002528 in_flight now 0 fair_inc 461302 prop_inc 25973 fast_inc 0 eta_inc 711028 multi_dec -1819041 quick_dec -10737 nack_dec -199200
Flow Uec_1588_3352 flowId 919 uecSrc 918 finished at 26584.4 total messages 1 total packets 2448 RTS 0 total bytes 10002528 in_flight now 0 fair_inc 548086 prop_inc 8891 fast_inc 0 eta_inc 704472 multi_dec -2086491 quick_dec -17543 nack_dec -203350
Flow Uec_2517_650 flowId 112 uecSrc 111 finished at 26587.2 total messages 1 total packets 2448 RTS 0 total bytes 10002528 in_flight now 0 fair_inc 481873 prop_inc 18670 fast_inc 0 eta_inc 708644 multi_dec -1815003 quick_dec -13903 nack_dec -215800
Flow Uec_2540_656 flowId 894 uecSrc 893 finished at 26590.7 total messages 1 total packets 2448 RTS 0 total bytes 10002528 in_flight now 0 fair_inc 490136 prop_inc 20043 fast_inc 0 eta_inc 709836 multi_dec -1859930 quick_dec -44751 nack_dec -211650
Flow Uec_2841_965 flowId 77 uecSrc 76 finished at 26596 total messages 1 total packets 2448 RTS 0 total bytes 10002528 in_flight now 0 fair_inc 492301 prop_inc 18099 fast_inc 0 eta_inc 710432 multi_dec -1867916 quick_dec -45238 nack_dec -228250
Flow Uec_837_2652 flowId 1030 uecSrc 1029 finished at 26596.4 total messages 1 total packets 2448 RTS 0 total bytes 10002528 in_flight now 0 fair_inc 481737 prop_inc 10007 fast_inc 0 eta_inc 703876 multi_dec -1957654 quick_dec -47770 nack_dec -219950
Flow Uec_984_2778 flowId 1184 uecSrc 1183 finished at 26598.7 total messages 1 total packets 2448 RTS 0 total bytes 10002528 in_flight now 0 fair_inc 518107 prop_inc 5817 fast_inc 0 eta_inc 700896 multi_dec -1921038 quick_dec -64541 nack_dec -232400
Flow Uec_2526_643 flowId 51 uecSrc 50 finished at 26602.4 total messages 1 total packets 2448 RTS 0 total bytes 10002528 in_flight now 0 fair_inc 477362 prop_inc 23065 fast_inc 0 eta_inc 710432 multi_dec -1784851 quick_dec -56304 nack_dec -236550
Flow Uec_1586_3337 flowId 224 uecSrc 223 finished at 26605.4 total messages 1 total packets 2448 RTS 0 total bytes 10002528 in_flight now 0 fair_inc 541547 prop_inc 15509 fast_inc 0 eta_inc 703876 multi_dec -2028296 quick_dec -12359 nack_dec -257300
Flow Uec_3320_1454 flowId 15 uecSrc 14 finished at 26606.7 total messages 1 total packets 2448 RTS 0 total bytes 10002528 in_flight now 0 fair_inc 479931 prop_inc 21745 fast_inc 0 eta_inc 712220 multi_dec -1856116 quick_dec -44820 nack_dec -236550
Flow Uec_3342_1505 flowId 1535 uecSrc 1534 finished at 26614.3 total messages 1 total packets 2448 RTS 0 total bytes 10002528 in_flight now 0 fair_inc 467651 prop_inc 23372 fast_inc 0 eta_inc 711624 multi_dec -1797396 quick_dec -55685 nack_dec -244850
Flow Uec_846_2645 flowId 113 uecSrc 112 finished at 26615.7 total messages 1 total packets 2448 RTS 0 total bytes 10002528 in_flight now 0 fair_inc 517222 prop_inc 7509 fast_inc 0 eta_inc 706856 multi_dec -1966048 quick_dec -5413 nack_dec -211650
Flow Uec_3353_1478 flowId 562 uecSrc 561 finished at 26617.1 total messages 1 total packets 2448 RTS 0 total bytes 10002528 in_flight now 0 fair_inc 458193 prop_inc 26617 fast_inc 0 eta_inc 709836 multi_dec -1811793 quick_dec -93809 nack_dec -257300
Flow Uec_2852_979 flowId 1249 uecSrc 1248 finished at 26624.3 total messages 1 total packets 2448 RTS 0 total bytes 10002528 in_flight now 0 fair_inc 480785 prop_inc 24934 fast_inc 0 eta_inc 709240 multi_dec -1823774 quick_dec -64584 nack_dec -232400
Flow Uec_1450_3222 flowId 1729 uecSrc 1728 finished at 26624.6 total messages 1 total packets 2448 RTS 0 total bytes 10002528 in_flight now 0 fair_inc 515784 prop_inc 13449 fast_inc 0 eta_inc 711624 multi_dec -1901628 quick_dec -99990 nack_dec -232400
Flow Uec_2497_700 flowId 728 uecSrc 727 finished at 26642.7 total messages 1 total packets 2448 RTS 0 total bytes 10002528 in_flight now 0 fair_inc 498193 prop_inc 29258 fast_inc 0 eta_inc 713412 multi_dec -1876834 quick_dec -56821 nack_dec -219950
Flow Uec_3361_1535 flowId 1145 uecSrc 1144 finished at 26646.5 total messages 1 total packets 2448 RTS 0 total bytes 10002528 in_flight now 0 fair_inc 469666 prop_inc 15435 fast_inc 0 eta_inc 711624 multi_dec -1791904 quick_dec -2194 nack_dec -232400
Flow Uec_3275_1436 flowId 67 uecSrc 66 finished at 26651.3 total messages 1 total packets 2448 RTS 0 total bytes 10002528 in_flight now 0 fair_inc 449835 prop_inc 20962 fast_inc 0 eta_inc 712220 multi_dec -1729259 quick_dec -45888 nack_dec -240700
Flow Uec_3329_1530 flowId 371 uecSrc 370 finished at 26657.9 total messages 1 total packets 2448 RTS 0 total bytes 10002528 in_flight now 0 fair_inc 467490 prop_inc 24354 fast_inc 0 eta_inc 711624 multi_dec -1748894 quick_dec -74921 nack_dec -269750
Flow Uec_3354_1522 flowId 1463 uecSrc 1462 finished at 26666.6 total messages 1 total packets 2448 RTS 0 total bytes 10002528 in_flight now 0 fair_inc 478886 prop_inc 29919 fast_inc 0 eta_inc 711028 multi_dec -1806368 quick_dec -55210 nack_dec -236550
Flow Uec_1458_3262 flowId 160 uecSrc 159 finished at 26674.6 total messages 1 total packets 2448 RTS 0 total bytes 10002528 in_flight now 0 fair_inc 440159 prop_inc 18429 fast_inc 0 eta_inc 712220 multi_dec -1710721 quick_dec -42595 nack_dec -236550
Flow Uec_2193_336 flowId 967 uecSrc 966 finished at 26678.4 total messages 1 total packets 2448 RTS 0 total bytes 10002528 in_flight now 0 fair_inc 518703 prop_inc 7793 fast_inc 0 eta_inc 708048 multi_dec -1859280 quick_dec -41700 nack_dec -261450
Flow Uec_856_2682 flowId 1740 uecSrc 1739 finished at 26678.6 total messages 1 total packets 2448 RTS 0 total bytes 10002528 in_flight now 0 fair_inc 505598 prop_inc 12444 fast_inc 0 eta_inc 706856 multi_dec -1880456 quick_dec -39411 nack_dec -232400
Flow Uec_1442_3205 flowId 1 uecSrc 0 finished at 26680.7 total messages 1 total packets 2448 RTS 0 total bytes 10002528 in_flight now 0 fair_inc 483783 prop_inc 18244 fast_inc 0 eta_inc 711624 multi_dec -1840278 quick_dec -59105 nack_dec -236550
Flow Uec_2824_1014 flowId 880 uecSrc 879 finished at 26682.1 total messages 1 total packets 2448 RTS 0 total bytes 10002528 in_flight now 0 fair_inc 486172 prop_inc 24596 fast_inc 0 eta_inc 713412 multi_dec -1809860 quick_dec -57343 nack_dec -232400
Flow Uec_2859_1022 flowId 1523 uecSrc 1522 finished at 26685 total messages 1 total packets 2448 RTS 0 total bytes 10002528 in_flight now 0 fair_inc 436899 prop_inc 29929 fast_inc 0 eta_inc 711624 multi_dec -1756515 quick_dec -42633 nack_dec -224100
Flow Uec_1465_3248 flowId 243 uecSrc 242 finished at 26687.4 total messages 1 total packets 2448 RTS 0 total bytes 10002528 in_flight now 0 fair_inc 451161 prop_inc 16478 fast_inc 0 eta_inc 714008 multi_dec -1769169 quick_dec -27013 nack_dec -236550
Flow Uec_703_2478 flowId 1751 uecSrc 1750 finished at 26689.8 total messages 1 total packets 2448 RTS 0 total bytes 10002528 in_flight now 0 fair_inc 510066 prop_inc 9399 fast_inc 0 eta_inc 703876 multi_dec -1991246 quick_dec -47019 nack_dec -240700
Flow Uec_2873_1009 flowId 560 uecSrc 559 finished at 26690.5 total messages 1 total packets 2448 RTS 0 total bytes 10002528 in_flight now 0 fair_inc 438312 prop_inc 30603 fast_inc 0 eta_inc 709836 multi_dec -1737255 quick_dec -69816 nack_dec -249000
Flow Uec_151_1970 flowId 135 uecSrc 134 finished at 26691.1 total messages 1 total packets 2448 RTS 0 total bytes 10002528 in_flight now 0 fair_inc 434275 prop_inc 16542 fast_inc 0 eta_inc 714008 multi_dec -1683945 quick_dec -71997 nack_dec -244850
Flow Uec_3378_1524 flowId 481 uecSrc 480 finished at 26694.3 total messages 1 total packets 2448 RTS 0 total bytes 10002528 in_flight now 0 fair_inc 479208 prop_inc 33194 fast_inc 0 eta_inc 711624 multi_dec -1839411 quick_dec -42137 nack_dec -228250
Flow Uec_3327_1423 flowId 1668 uecSrc 1667 finished at 26696.1 total messages 1 total packets 2448 RTS 0 total bytes 10002528 in_flight now 0 fair_inc 454608 prop_inc 23157 fast_inc 0 eta_inc 714604 multi_dec -1735698 quick_dec -51383 nack_dec -249000
Flow Uec_1409_3229 flowId 390 uecSrc 389 finished at 26706.5 total messages 1 total packets 2448 RTS 0 total bytes 10002528 in_flight now 0 fair_inc 437890 prop_inc 29757 fast_inc 0 eta_inc 714604 multi_dec -1726171 quick_dec -40894 nack_dec -228250
Flow Uec_3287_1452 flowId 126 uecSrc 125 finished at 26716.2 total messages 1 total packets 2448 RTS 0 total bytes 10002528 in_flight now 0 fair_inc 440420 prop_inc 27440 fast_inc 0 eta_inc 715796 multi_dec -1707905 quick_dec -67066 nack_dec -232400
Flow Uec_3312_1434 flowId 832 uecSrc 831 finished at 26717.4 total messages 1 total packets 2448 RTS 0 total bytes 10002528 in_flight now 0 fair_inc 472573 prop_inc 17162 fast_inc 0 eta_inc 714604 multi_dec -1748960 quick_dec -37823 nack_dec -236550
Flow Uec_1885_50 flowId 937 uecSrc 936 finished at 26719.6 total messages 1 total packets 2448 RTS 0 total bytes 10002528 in_flight now 0 fair_inc 519974 prop_inc 11683 fast_inc 0 eta_inc 706260 multi_dec -1862187 quick_dec -51929 nack_dec -244850
Flow Uec_1753_3527 flowId 910 uecSrc 909 finished at 26723 total messages 1 total packets 2448 RTS 0 total bytes 10002528 in_flight now 0 fair_inc 503531 prop_inc 13318 fast_inc 0 eta_inc 709836 multi_dec -1857223 quick_dec -3268 nack_dec -240700
Flow Uec_1427_3210 flowId 1091 uecSrc 1090 finished at 26725.2 total messages 1 total packets 2448 RTS 0 total bytes 10002528 in_flight now 0 fair_inc 424179 prop_inc 36321 fast_inc 0 eta_inc 715200 multi_dec -1683958 quick_dec -50170 nack_dec -224100
Flow Uec_3325_1426 flowId 743 uecSrc 742 finished at 26742.1 total messages 1 total packets 2448 RTS 0 total bytes 10002528 in_flight now 0 fair_inc 482297 prop_inc 27604 fast_inc 0 eta_inc 717584 multi_dec -1807446 quick_dec -40180 nack_dec -249000
Flow Uec_2537_675 flowId 1565 uecSrc 1564 finished at 26743.1 total messages 1 total packets 2448 RTS 0 total bytes 10002528 in_flight now 0 fair_inc 450097 prop_inc 33763 fast_inc 0 eta_inc 714008 multi_dec -1756970 quick_dec -69738 nack_dec -253150
Flow Uec_1457_3204 flowId 1200 uecSrc 1199 finished at 26755.4 total messages 1 total packets 2448 RTS 0 total bytes 10002528 in_flight now 0 fair_inc 439392 prop_inc 48822 fast_inc 0 eta_inc 715796 multi_dec -1767491 quick_dec -34633 nack_dec -228250
Flow Uec_3282_1414 flowId 219 uecSrc 218 finished at 26763.2 total messages 1 total packets 2448 RTS 0 total bytes 10002528 in_flight now 0 fair_inc 495985 prop_inc 41294 fast_inc 0 eta_inc 723544 multi_dec -1871429 quick_dec -54508 nack_dec -240700
Flow Uec_386_2207 flowId 1704 uecSrc 1703 finished at 26766.1 total messages 1 total packets 2448 RTS 0 total bytes 10002528 in_flight now 0 fair_inc 488461 prop_inc 12399 fast_inc 0 eta_inc 705068 multi_dec -1877244 quick_dec -100007 nack_dec -278050
Flow Uec_2547_662 flowId 731 uecSrc 730 finished at 26766.1 total messages 1 total packets 2448 RTS 0 total bytes 10002528 in_flight now 0 fair_inc 399413 prop_inc 37461 fast_inc 0 eta_inc 716988 multi_dec -1637959 quick_dec -100375 nack_dec -211650
Flow Uec_2823_973 flowId 1586 uecSrc 1585 finished at 26768.7 total messages 1 total packets 2448 RTS 0 total bytes 10002528 in_flight now 0 fair_inc 427934 prop_inc 64046 fast_inc 11112 eta_inc 717584 multi_dec -1702668 quick_dec -110239 nack_dec -203350
Flow Uec_190_1943 flowId 305 uecSrc 304 finished at 26770.9 total messages 1 total packets 2448 RTS 0 total bytes 10002528 in_flight now 0 fair_inc 421669 prop_inc 20254 fast_inc 0 eta_inc 714604 multi_dec -1662009 quick_dec -30821 nack_dec -240700
Flow Uec_690_2455 flowId 887 uecSrc 886 finished at 26772.8 total messages 1 total packets 2448 RTS 0 total bytes 10002528 in_flight now 0 fair_inc 526147 prop_inc 9293 fast_inc 0 eta_inc 706260 multi_dec -1948056 quick_dec -69572 nack_dec -286350
Flow Uec_1862_60 flowId 929 uecSrc 928 finished at 26775.1 total messages 1 total packets 2448 RTS 0 total bytes 10002528 in_flight now 0 fair_inc 586618 prop_inc 11785 fast_inc 0 eta_inc 706260 multi_dec -2022818 quick_dec -74054 nack_dec -269750
Flow Uec_2559_651 flowId 31 uecSrc 30 finished at 26776.6 total messages 1 total packets 2448 RTS 0 total bytes 10002528 in_flight now 0 fair_inc 453307 prop_inc 29577 fast_inc 0 eta_inc 717584 multi_dec -1789807 quick_dec -19843 nack_dec -224100
Flow Uec_860_2678 flowId 1248 uecSrc 1247 finished at 26779.5 total messages 1 total packets 2448 RTS 0 total bytes 10002528 in_flight now 0 fair_inc 510298 prop_inc 8472 fast_inc 0 eta_inc 711028 multi_dec -1884764 quick_dec -87513 nack_dec -244850
Flow Uec_832_2649 flowId 413 uecSrc 412 finished at 26790.2 total messages 1 total packets 2448 RTS 0 total bytes 10002528 in_flight now 0 fair_inc 508746 prop_inc 10875 fast_inc 0 eta_inc 709836 multi_dec -1938049 quick_dec -30712 nack_dec -236550
Flow Uec_143_1971 flowId 175 uecSrc 174 finished at 26791.3 total messages 1 total packets 2448 RTS 0 total bytes 10002528 in_flight now 0 fair_inc 401836 prop_inc 18468 fast_inc 0 eta_inc 717584 multi_dec -1557392 quick_dec -5464 nack_dec -211650
Flow Uec_2261_425 flowId 26 uecSrc 25 finished at 26791.8 total messages 1 total packets 2448 RTS 0 total bytes 10002528 in_flight now 0 fair_inc 521049 prop_inc 17874 fast_inc 0 eta_inc 705068 multi_dec -1940152 quick_dec -73341 nack_dec -282200
Flow Uec_1416_3220 flowId 1111 uecSrc 1110 finished at 26796.7 total messages 1 total packets 2448 RTS 0 total bytes 10002528 in_flight now 0 fair_inc 397010 prop_inc 67168 fast_inc 0 eta_inc 718180 multi_dec -1663323 quick_dec -27560 nack_dec -236550
Flow Uec_3367_1498 flowId 592 uecSrc 591 finished at 26801 total messages 1 total packets 2448 RTS 0 total bytes 10002528 in_flight now 0 fair_inc 431342 prop_inc 59556 fast_inc 0 eta_inc 716988 multi_dec -1667090 quick_dec -61321 nack_dec -265600
Flow Uec_3288_1441 flowId 308 uecSrc 307 finished at 26803.5 total messages 1 total packets 2448 RTS 0 total bytes 10002528 in_flight now 0 fair_inc 434399 prop_inc 51333 fast_inc 0 eta_inc 718776 multi_dec -1772413 quick_dec -92243 nack_dec -232400
Flow Uec_3368_1512 flowId 783 uecSrc 782 finished at 26805.1 total messages 1 total packets 2448 RTS 0 total bytes 10002528 in_flight now 0 fair_inc 433682 prop_inc 62856 fast_inc 0 eta_inc 717584 multi_dec -1696333 quick_dec -72260 nack_dec -294650
Flow Uec_167_1979 flowId 247 uecSrc 246 finished at 26809.7 total messages 1 total packets 2448 RTS 0 total bytes 10002528 in_flight now 0 fair_inc 377892 prop_inc 32745 fast_inc 0 eta_inc 719968 multi_dec -1675792 quick_dec -64150 nack_dec -224100
Flow Uec_1723_3518 flowId 1103 uecSrc 1102 finished at 26813.2 total messages 1 total packets 2448 RTS 0 total bytes 10002528 in_flight now 0 fair_inc 536908 prop_inc 10075 fast_inc 0 eta_inc 703280 multi_dec -2066885 quick_dec -59892 nack_dec -240700
Flow Uec_3321_1445 flowId 73 uecSrc 72 finished at 26815.3 total messages 1 total packets 2448 RTS 0 total bytes 10002528 in_flight now 0 fair_inc 403437 prop_inc 64390 fast_inc 0 eta_inc 717584 multi_dec -1744137 quick_dec -27362 nack_dec -236550
Flow Uec_2235_325 flowId 1194 uecSrc 1193 finished at 26819.8 total messages 1 total packets 2448 RTS 0 total bytes 10002528 in_flight now 0 fair_inc 546680 prop_inc 6383 fast_inc 0 eta_inc 713412 multi_dec -1938718 quick_dec -77902 nack_dec -257300
Flow Uec_2523_702 flowId 486 uecSrc 485 finished at 26820.1 total messages 1 total packets 2448 RTS 0 total bytes 10002528 in_flight now 0 fair_inc 385618 prop_inc 75098 fast_inc 0 eta_inc 719968 multi_dec -1655528 quick_dec -28813 nack_dec -219950
Flow Uec_1541_3351 flowId 1404 uecSrc 1403 finished at 26823 total messages 1 total packets 2448 RTS 0 total bytes 10002528 in_flight now 0 fair_inc 505354 prop_inc 10474 fast_inc 0 eta_inc 712220 multi_dec -1961273 quick_dec -42742 nack_dec -244850
Flow Uec_182_1924 flowId 1604 uecSrc 1603 finished at 26826.4 total messages 1 total packets 2448 RTS 0 total bytes 10002528 in_flight now 0 fair_inc 438945 prop_inc 36694 fast_inc 0 eta_inc 718776 multi_dec -1730165 quick_dec -50541 nack_dec -236550
Flow Uec_2832_1020 flowId 1284 uecSrc 1283 finished at 26831.2 total messages 1 total packets 2448 RTS 0 total bytes 10002528 in_flight now 0 fair_inc 394047 prop_inc 94313 fast_inc 0 eta_inc 720564 multi_dec -1705162 quick_dec -50201 nack_dec -224100
Flow Uec_2221_372 flowId 641 uecSrc 640 finished at 26834 total messages 1 total packets 2448 RTS 0 total bytes 10002528 in_flight now 0 fair_inc 532377 prop_inc 10236 fast_inc 0 eta_inc 712816 multi_dec -1941369 quick_dec -69940 nack_dec -224100
Flow Uec_2847_986 flowId 1340 uecSrc 1339 finished at 26844.7 total messages 1 total packets 2448 RTS 0 total bytes 10002528 in_flight now 0 fair_inc 359098 prop_inc 103997 fast_inc 0 eta_inc 719968 multi_dec -1605474 quick_dec -33768 nack_dec -211650
Flow Uec_3276_1462 flowId 132 uecSrc 131 finished at 26847 total messages 1 total packets 2448 RTS 0 total bytes 10002528 in_flight now 0 fair_inc 380663 prop_inc 78093 fast_inc 0 eta_inc 721160 multi_dec -1653427 quick_dec -9538 nack_dec -228250
Flow Uec_2536_701 flowId 594 uecSrc 593 finished at 26848.2 total messages 1 total packets 2448 RTS 0 total bytes 10002528 in_flight now 0 fair_inc 407768 prop_inc 76668 fast_inc 0 eta_inc 719372 multi_dec -1735831 quick_dec -17307 nack_dec -232400
Flow Uec_1015_2760 flowId 1703 uecSrc 1702 finished at 26852.5 total messages 1 total packets 2448 RTS 0 total bytes 10002528 in_flight now 0 fair_inc 547084 prop_inc 12934 fast_inc 0 eta_inc 710432 multi_dec -2009424 quick_dec -39315 nack_dec -244850
Flow Uec_142_1933 flowId 1680 uecSrc 1679 finished at 26857.1 total messages 1 total packets 2448 RTS 0 total bytes 10002528 in_flight now 0 fair_inc 394825 prop_inc 45005 fast_inc 37773 eta_inc 721160 multi_dec -1724935 quick_dec -35735 nack_dec -203350
Flow Uec_1592_3355 flowId 1590 uecSrc 1589 finished at 26859 total messages 1 total packets 2448 RTS 0 total bytes 10002528 in_flight now 0 fair_inc 561140 prop_inc 11209 fast_inc 0 eta_inc 712220 multi_dec -1995414 quick_dec -59031 nack_dec -253150
Flow Uec_1417_3214 flowId 423 uecSrc 422 finished at 26864.1 total messages 1 total packets 2448 RTS 0 total bytes 10002528 in_flight now 0 fair_inc 342620 prop_inc 107325 fast_inc 0 eta_inc 718180 multi_dec -1641406 quick_dec -44324 nack_dec -253150
Flow Uec_1784_3578 flowId 718 uecSrc 717 finished at 26864.3 total messages 1 total packets 2448 RTS 0 total bytes 10002528 in_flight now 0 fair_inc 487975 prop_inc 9851 fast_inc 0 eta_inc 712816 multi_dec -1881529 quick_dec -50483 nack_dec -253150
Flow Uec_3351_1488 flowId 450 uecSrc 449 finished at 26867.2 total messages 1 total packets 2448 RTS 0 total bytes 10002528 in_flight now 0 fair_inc 394775 prop_inc 96534 fast_inc 0 eta_inc 721756 multi_dec -1676388 quick_dec -67164 nack_dec -261450
Flow Uec_838_2655 flowId 822 uecSrc 821 finished at 26872.8 total messages 1 total packets 2448 RTS 0 total bytes 10002528 in_flight now 0 fair_inc 510139 prop_inc 15236 fast_inc 0 eta_inc 712220 multi_dec -1893691 quick_dec -79169 nack_dec -257300
Flow Uec_2231_329 flowId 1636 uecSrc 1635 finished at 26876.3 total messages 1 total packets 2448 RTS 0 total bytes 10002528 in_flight now 0 fair_inc 458225 prop_inc 13043 fast_inc 0 eta_inc 712220 multi_dec -1820371 quick_dec -32338 nack_dec -240700
Flow Uec_1768_3580 flowId 1449 uecSrc 1448 finished at 26877.7 total messages 1 total packets 2448 RTS 0 total bytes 10002528 in_flight now 0 fair_inc 508659 prop_inc 12011 fast_inc 0 eta_inc 712220 multi_dec -1936617 quick_dec -100687 nack_dec -236550
Flow Uec_1020_2787 flowId 1270 uecSrc 1269 finished at 26881.1 total messages 1 total packets 2448 RTS 0 total bytes 10002528 in_flight now 0 fair_inc 523966 prop_inc 7255 fast_inc 0 eta_inc 710432 multi_dec -1904645 quick_dec -42572 nack_dec -232400
Flow Uec_222_2032 flowId 350 uecSrc 349 finished at 26882.4 total messages 1 total packets 2448 RTS 0 total bytes 10002528 in_flight now 0 fair_inc 481747 prop_inc 12576 fast_inc 0 eta_inc 710432 multi_dec -1909610 quick_dec -60564 nack_dec -236550
Flow Uec_2216_321 flowId 255 uecSrc 254 finished at 26885.4 total messages 1 total packets 2448 RTS 0 total bytes 10002528 in_flight now 0 fair_inc 524755 prop_inc 9779 fast_inc 0 eta_inc 714008 multi_dec -1924170 quick_dec -28730 nack_dec -240700
Flow Uec_2207_331 flowId 901 uecSrc 900 finished at 26891.5 total messages 1 total packets 2448 RTS 0 total bytes 10002528 in_flight now 0 fair_inc 510108 prop_inc 10860 fast_inc 0 eta_inc 715200 multi_dec -1902191 quick_dec -84450 nack_dec -244850
Flow Uec_881_2667 flowId 281 uecSrc 280 finished at 26896 total messages 1 total packets 2448 RTS 0 total bytes 10002528 in_flight now 0 fair_inc 486487 prop_inc 9245 fast_inc 0 eta_inc 714008 multi_dec -1916688 quick_dec -61460 nack_dec -203350
Flow Uec_1584_3345 flowId 436 uecSrc 435 finished at 26898 total messages 1 total packets 2448 RTS 0 total bytes 10002528 in_flight now 0 fair_inc 514301 prop_inc 12249 fast_inc 0 eta_inc 714008 multi_dec -1929098 quick_dec -56410 nack_dec -224100
Flow Uec_1730_3543 flowId 1457 uecSrc 1456 finished at 26905 total messages 1 total packets 2448 RTS 0 total bytes 10002528 in_flight now 0 fair_inc 461262 prop_inc 15005 fast_inc 0 eta_inc 714008 multi_dec -1814897 quick_dec -43479 nack_dec -232400
Flow Uec_1858_2 flowId 1132 uecSrc 1131 finished at 26907.3 total messages 1 total packets 2448 RTS 0 total bytes 10002528 in_flight now 0 fair_inc 509004 prop_inc 10863 fast_inc 0 eta_inc 711028 multi_dec -1979732 quick_dec -94129 nack_dec -257300
Flow Uec_834_2646 flowId 89 uecSrc 88 finished at 26912.5 total messages 1 total packets 2448 RTS 0 total bytes 10002528 in_flight now 0 fair_inc 513611 prop_inc 11663 fast_inc 0 eta_inc 714008 multi_dec -1902008 quick_dec -31558 nack_dec -253150
Flow Uec_1881_15 flowId 1518 uecSrc 1517 finished at 26918.2 total messages 1 total packets 2448 RTS 0 total bytes 10002528 in_flight now 0 fair_inc 508821 prop_inc 12153 fast_inc 0 eta_inc 711028 multi_dec -1956691 quick_dec -25667 nack_dec -215800
Flow Uec_220_1996 flowId 1174 uecSrc 1173 finished at 26918.8 total messages 1 total packets 2448 RTS 0 total bytes 10002528 in_flight now 0 fair_inc 500634 prop_inc 14280 fast_inc 0 eta_inc 712220 multi_dec -1881528 quick_dec -22227 nack_dec -244850
Flow Uec_2201_375 flowId 1322 uecSrc 1321 finished at 26929.5 total messages 1 total packets 2448 RTS 0 total bytes 10002528 in_flight now 0 fair_inc 484542 prop_inc 13543 fast_inc 0 eta_inc 714604 multi_dec -1882077 quick_dec -81723 nack_dec -249000
Flow Uec_1771_3522 flowId 442 uecSrc 441 finished at 26935.7 total messages 1 total packets 2448 RTS 0 total bytes 10002528 in_flight now 0 fair_inc 518892 prop_inc 13941 fast_inc 0 eta_inc 715796 multi_dec -1872458 quick_dec -45817 nack_dec -253150
Flow Uec_3580_1691 flowId 245 uecSrc 244 finished at 26949.5 total messages 1 total packets 2448 RTS 0 total bytes 10002528 in_flight now 0 fair_inc 497504 prop_inc 9738 fast_inc 0 eta_inc 712220 multi_dec -1897458 quick_dec -76807 nack_dec -273900
Flow Uec_2681_826 flowId 1591 uecSrc 1590 finished at 26950.4 total messages 1 total packets 2448 RTS 0 total bytes 10002528 in_flight now 0 fair_inc 604503 prop_inc 9430 fast_inc 0 eta_inc 708048 multi_dec -2043210 quick_dec -177651 nack_dec -282200
Flow Uec_1758_3550 flowId 1717 uecSrc 1716 finished at 26955.6 total messages 1 total packets 2448 RTS 0 total bytes 10002528 in_flight now 0 fair_inc 463715 prop_inc 12881 fast_inc 0 eta_inc 715796 multi_dec -1782148 quick_dec -80902 nack_dec -244850
Flow Uec_893_2644 flowId 1577 uecSrc 1576 finished at 26955.7 total messages 1 total packets 2448 RTS 0 total bytes 10002528 in_flight now 0 fair_inc 502125 prop_inc 6787 fast_inc 0 eta_inc 714008 multi_dec -1948099 quick_dec -27600 nack_dec -240700
Flow Uec_836_2639 flowId 263 uecSrc 262 finished at 26972 total messages 1 total packets 2448 RTS 0 total bytes 10002528 in_flight now 0 fair_inc 497926 prop_inc 12874 fast_inc 0 eta_inc 717584 multi_dec -1912566 quick_dec -28133 nack_dec -219950
Flow Uec_219_1997 flowId 1107 uecSrc 1106 finished at 26980 total messages 1 total packets 2448 RTS 0 total bytes 10002528 in_flight now 0 fair_inc 512153 prop_inc 17782 fast_inc 0 eta_inc 714008 multi_dec -1837497 quick_dec -43670 nack_dec -249000
Flow Uec_874_2641 flowId 690 uecSrc 689 finished at 26981.5 total messages 1 total packets 2448 RTS 0 total bytes 10002528 in_flight now 0 fair_inc 490205 prop_inc 13903 fast_inc 0 eta_inc 716392 multi_dec -1923391 quick_dec -80522 nack_dec -236550
Flow Uec_1578_3347 flowId 1418 uecSrc 1417 finished at 26992.1 total messages 1 total packets 2448 RTS 0 total bytes 10002528 in_flight now 0 fair_inc 473301 prop_inc 16793 fast_inc 0 eta_inc 716988 multi_dec -1925208 quick_dec -73643 nack_dec -240700
Flow Uec_3530_1724 flowId 290 uecSrc 289 finished at 26992.1 total messages 1 total packets 2448 RTS 0 total bytes 10002528 in_flight now 0 fair_inc 524275 prop_inc 18257 fast_inc 0 eta_inc 713412 multi_dec -1934550 quick_dec -51193 nack_dec -232400
Flow Uec_1539_3388 flowId 341 uecSrc 340 finished at 26992.5 total messages 1 total packets 2448 RTS 0 total bytes 10002528 in_flight now 0 fair_inc 499043 prop_inc 16499 fast_inc 0 eta_inc 718180 multi_dec -1916193 quick_dec -47759 nack_dec -228250
Flow Uec_230_1989 flowId 428 uecSrc 427 finished at 26993.6 total messages 1 total packets 2448 RTS 0 total bytes 10002528 in_flight now 0 fair_inc 543974 prop_inc 9220 fast_inc 0 eta_inc 715796 multi_dec -2052715 quick_dec -19132 nack_dec -253150
Flow Uec_1787_3544 flowId 705 uecSrc 704 finished at 26993.7 total messages 1 total packets 2448 RTS 0 total bytes 10002528 in_flight now 0 fair_inc 522087 prop_inc 12851 fast_inc 0 eta_inc 718776 multi_dec -1988752 quick_dec -12574 nack_dec -199200
Flow Uec_199_2034 flowId 510 uecSrc 509 finished at 26995.2 total messages 1 total packets 2448 RTS 0 total bytes 10002528 in_flight now 0 fair_inc 529635 prop_inc 15005 fast_inc 0 eta_inc 715200 multi_dec -1866783 quick_dec -56581 nack_dec -257300
Flow Uec_415_2181 flowId 1618 uecSrc 1617 finished at 27002.6 total messages 1 total packets 2448 RTS 0 total bytes 10002528 in_flight now 0 fair_inc 532801 prop_inc 9526 fast_inc 0 eta_inc 713412 multi_dec -1967448 quick_dec -97193 nack_dec -236550
Flow Uec_204_2047 flowId 890 uecSrc 889 finished at 27014.9 total messages 1 total packets 2448 RTS 0 total bytes 10002528 in_flight now 0 fair_inc 481834 prop_inc 12462 fast_inc 0 eta_inc 718776 multi_dec -1881461 quick_dec -119129 nack_dec -228250
Flow Uec_888_2632 flowId 336 uecSrc 335 finished at 27018 total messages 1 total packets 2448 RTS 0 total bytes 10002528 in_flight now 0 fair_inc 498688 prop_inc 16928 fast_inc 0 eta_inc 718180 multi_dec -1890824 quick_dec -42892 nack_dec -249000
Flow Uec_645_2480 flowId 1013 uecSrc 1012 finished at 27019.2 total messages 1 total packets 2448 RTS 0 total bytes 10002528 in_flight now 0 fair_inc 537302 prop_inc 10531 fast_inc 0 eta_inc 712220 multi_dec -1915991 quick_dec -41999 nack_dec -265600
Flow Uec_857_2647 flowId 122 uecSrc 121 finished at 27041.5 total messages 1 total packets 2448 RTS 0 total bytes 10002528 in_flight now 0 fair_inc 534840 prop_inc 14116 fast_inc 0 eta_inc 717584 multi_dec -1956179 quick_dec -23982 nack_dec -244850
Flow Uec_851_2663 flowId 777 uecSrc 776 finished at 27057.3 total messages 1 total packets 2448 RTS 0 total bytes 10002528 in_flight now 0 fair_inc 466934 prop_inc 20551 fast_inc 0 eta_inc 719372 multi_dec -1784565 quick_dec -91271 nack_dec -224100
Flow Uec_1742_3561 flowId 885 uecSrc 884 finished at 27060.6 total messages 1 total packets 2448 RTS 0 total bytes 10002528 in_flight now 0 fair_inc 511652 prop_inc 15461 fast_inc 0 eta_inc 718776 multi_dec -1928741 quick_dec -33816 nack_dec -249000
Flow Uec_1560_3350 flowId 1048 uecSrc 1047 finished at 27063.4 total messages 1 total packets 2448 RTS 0 total bytes 10002528 in_flight now 0 fair_inc 490220 prop_inc 14980 fast_inc 0 eta_inc 719372 multi_dec -1871668 quick_dec -75576 nack_dec -244850
Flow Uec_1791_3564 flowId 769 uecSrc 768 finished at 27063.6 total messages 1 total packets 2448 RTS 0 total bytes 10002528 in_flight now 0 fair_inc 471263 prop_inc 16970 fast_inc 0 eta_inc 718180 multi_dec -1894529 quick_dec -15549 nack_dec -244850
Flow Uec_229_2021 flowId 163 uecSrc 162 finished at 27063.8 total messages 1 total packets 2448 RTS 0 total bytes 10002528 in_flight now 0 fair_inc 486304 prop_inc 13062 fast_inc 0 eta_inc 716988 multi_dec -1951654 quick_dec -22533 nack_dec -240700
Flow Uec_246_1986 flowId 415 uecSrc 414 finished at 27065.3 total messages 1 total packets 2448 RTS 0 total bytes 10002528 in_flight now 0 fair_inc 448647 prop_inc 21832 fast_inc 0 eta_inc 718776 multi_dec -1767285 quick_dec -20917 nack_dec -249000
Flow Uec_1733_3521 flowId 1670 uecSrc 1669 finished at 27069.2 total messages 1 total packets 2448 RTS 0 total bytes 10002528 in_flight now 0 fair_inc 460238 prop_inc 12554 fast_inc 0 eta_inc 716988 multi_dec -1835986 quick_dec -78797 nack_dec -265600
Flow Uec_2180_376 flowId 1333 uecSrc 1332 finished at 27069.8 total messages 1 total packets 2448 RTS 0 total bytes 10002528 in_flight now 0 fair_inc 483302 prop_inc 14279 fast_inc 0 eta_inc 718180 multi_dec -1845737 quick_dec -48379 nack_dec -244850
Flow Uec_966_2756 flowId 162 uecSrc 161 finished at 27077.6 total messages 1 total packets 2448 RTS 0 total bytes 10002528 in_flight now 0 fair_inc 508123 prop_inc 13324 fast_inc 0 eta_inc 715200 multi_dec -1891752 quick_dec -19696 nack_dec -236550
Flow Uec_1619_3413 flowId 1429 uecSrc 1428 finished at 27080.7 total messages 1 total packets 2448 RTS 0 total bytes 10002528 in_flight now 0 fair_inc 553518 prop_inc 9970 fast_inc 0 eta_inc 709240 multi_dec -1936710 quick_dec -114088 nack_dec -315400
Flow Uec_989_2810 flowId 1566 uecSrc 1565 finished at 27109.2 total messages 1 total packets 2448 RTS 0 total bytes 10002528 in_flight now 0 fair_inc 491686 prop_inc 10121 fast_inc 0 eta_inc 716392 multi_dec -1922664 quick_dec -81823 nack_dec -228250
Flow Uec_2227_350 flowId 301 uecSrc 300 finished at 27117.4 total messages 1 total packets 2448 RTS 0 total bytes 10002528 in_flight now 0 fair_inc 489944 prop_inc 10660 fast_inc 0 eta_inc 721160 multi_dec -1911604 quick_dec -38614 nack_dec -224100
Flow Uec_212_2009 flowId 869 uecSrc 868 finished at 27124.8 total messages 1 total packets 2448 RTS 0 total bytes 10002528 in_flight now 0 fair_inc 489305 prop_inc 16526 fast_inc 0 eta_inc 718776 multi_dec -1870178 quick_dec -61038 nack_dec -273900
Flow Uec_1864_31 flowId 1169 uecSrc 1168 finished at 27126.8 total messages 1 total packets 2448 RTS 0 total bytes 10002528 in_flight now 0 fair_inc 535822 prop_inc 6463 fast_inc 0 eta_inc 716988 multi_dec -2076620 quick_dec -19901 nack_dec -228250
Flow Uec_853_2654 flowId 1135 uecSrc 1134 finished at 27127.1 total messages 1 total packets 2448 RTS 0 total bytes 10002528 in_flight now 0 fair_inc 483652 prop_inc 17517 fast_inc 0 eta_inc 721160 multi_dec -1819345 quick_dec -102217 nack_dec -265600
Flow Uec_1738_3555 flowId 1007 uecSrc 1006 finished at 27129 total messages 1 total packets 2448 RTS 0 total bytes 10002528 in_flight now 0 fair_inc 489414 prop_inc 10085 fast_inc 0 eta_inc 719968 multi_dec -1830890 quick_dec -41963 nack_dec -261450
Flow Uec_439_2198 flowId 1673 uecSrc 1672 finished at 27134.5 total messages 1 total packets 2448 RTS 0 total bytes 10002528 in_flight now 0 fair_inc 513013 prop_inc 7281 fast_inc 0 eta_inc 716988 multi_dec -1905885 quick_dec -46293 nack_dec -265600
Flow Uec_1597_3372 flowId 1553 uecSrc 1552 finished at 27146.3 total messages 1 total packets 2448 RTS 0 total bytes 10002528 in_flight now 0 fair_inc 533010 prop_inc 14558 fast_inc 0 eta_inc 720564 multi_dec -2023943 quick_dec -29126 nack_dec -236550
Flow Uec_198_2033 flowId 1024 uecSrc 1023 finished at 27147.9 total messages 1 total packets 2448 RTS 0 total bytes 10002528 in_flight now 0 fair_inc 456781 prop_inc 16977 fast_inc 0 eta_inc 719968 multi_dec -1851652 quick_dec -70309 nack_dec -236550
Flow Uec_664_2494 flowId 1516 uecSrc 1515 finished at 27152.3 total messages 1 total packets 2448 RTS 0 total bytes 10002528 in_flight now 0 fair_inc 512013 prop_inc 8006 fast_inc 0 eta_inc 718180 multi_dec -1976924 quick_dec -51393 nack_dec -244850
Flow Uec_228_2041 flowId 1092 uecSrc 1091 finished at 27161.3 total messages 1 total packets 2448 RTS 0 total bytes 10002528 in_flight now 0 fair_inc 512610 prop_inc 13051 fast_inc 0 eta_inc 718776 multi_dec -1935167 quick_dec -81208 nack_dec -269750
Flow Uec_1736_3548 flowId 1244 uecSrc 1243 finished at 27163.7 total messages 1 total packets 2448 RTS 0 total bytes 10002528 in_flight now 0 fair_inc 524293 prop_inc 7304 fast_inc 0 eta_inc 722352 multi_dec -1853450 quick_dec -64796 nack_dec -249000
Flow Uec_835_2671 flowId 1012 uecSrc 1011 finished at 27174.4 total messages 1 total packets 2448 RTS 0 total bytes 10002528 in_flight now 0 fair_inc 514726 prop_inc 8430 fast_inc 0 eta_inc 720564 multi_dec -1870631 quick_dec -84007 nack_dec -253150
Flow Uec_866_2643 flowId 1796 uecSrc 1795 finished at 27183.5 total messages 1 total packets 2448 RTS 0 total bytes 10002528 in_flight now 0 fair_inc 499870 prop_inc 13487 fast_inc 0 eta_inc 723544 multi_dec -1847521 quick_dec -72719 nack_dec -236550
Flow Uec_2178_356 flowId 823 uecSrc 822 finished at 27184.9 total messages 1 total packets 2448 RTS 0 total bytes 10002528 in_flight now 0 fair_inc 483867 prop_inc 20077 fast_inc 0 eta_inc 723544 multi_dec -1867930 quick_dec -24311 nack_dec -219950
Flow Uec_210_2015 flowId 1343 uecSrc 1342 finished at 27186.3 total messages 1 total packets 2448 RTS 0 total bytes 10002528 in_flight now 0 fair_inc 495826 prop_inc 14180 fast_inc 0 eta_inc 722352 multi_dec -1911312 quick_dec -41668 nack_dec -224100
Flow Uec_217_2040 flowId 1011 uecSrc 1010 finished at 27190.4 total messages 1 total packets 2448 RTS 0 total bytes 10002528 in_flight now 0 fair_inc 488640 prop_inc 9804 fast_inc 0 eta_inc 719372 multi_dec -1894944 quick_dec -44721 nack_dec -257300
Flow Uec_682_2434 flowId 168 uecSrc 167 finished at 27190.8 total messages 1 total packets 2448 RTS 0 total bytes 10002528 in_flight now 0 fair_inc 494504 prop_inc 12541 fast_inc 0 eta_inc 717584 multi_dec -1958008 quick_dec -37252 nack_dec -236550
Flow Uec_1543_3343 flowId 717 uecSrc 716 finished at 27191.8 total messages 1 total packets 2448 RTS 0 total bytes 10002528 in_flight now 0 fair_inc 482542 prop_inc 20492 fast_inc 0 eta_inc 721756 multi_dec -1898100 quick_dec -22208 nack_dec -240700
Flow Uec_2664_804 flowId 1118 uecSrc 1117 finished at 27211.2 total messages 1 total packets 2448 RTS 0 total bytes 10002528 in_flight now 0 fair_inc 563767 prop_inc 11135 fast_inc 0 eta_inc 714008 multi_dec -2030009 quick_dec -110122 nack_dec -298800
Flow Uec_223_1984 flowId 1723 uecSrc 1722 finished at 27213.5 total messages 1 total packets 2448 RTS 0 total bytes 10002528 in_flight now 0 fair_inc 506364 prop_inc 11585 fast_inc 0 eta_inc 718776 multi_dec -1927610 quick_dec -55132 nack_dec -219950
Flow Uec_859_2680 flowId 1753 uecSrc 1752 finished at 27216.7 total messages 1 total packets 2448 RTS 0 total bytes 10002528 in_flight now 0 fair_inc 492161 prop_inc 11628 fast_inc 0 eta_inc 722352 multi_dec -1897076 quick_dec -36900 nack_dec -236550
Flow Uec_410_2183 flowId 202 uecSrc 201 finished at 27223.5 total messages 1 total packets 2448 RTS 0 total bytes 10002528 in_flight now 0 fair_inc 509006 prop_inc 7016 fast_inc 0 eta_inc 718776 multi_dec -1924597 quick_dec -55000 nack_dec -282200
Flow Uec_3578_1727 flowId 533 uecSrc 532 finished at 27224.9 total messages 1 total packets 2448 RTS 0 total bytes 10002528 in_flight now 0 fair_inc 552918 prop_inc 6675 fast_inc 0 eta_inc 721756 multi_dec -2003619 quick_dec -94409 nack_dec -236550
Flow Uec_255_2037 flowId 440 uecSrc 439 finished at 27240.2 total messages 1 total packets 2448 RTS 0 total bytes 10002528 in_flight now 0 fair_inc 495466 prop_inc 8126 fast_inc 0 eta_inc 722948 multi_dec -1926730 quick_dec -16445 nack_dec -249000
Flow Uec_2192_364 flowId 808 uecSrc 807 finished at 27245.5 total messages 1 total packets 2448 RTS 0 total bytes 10002528 in_flight now 0 fair_inc 482511 prop_inc 10002 fast_inc 0 eta_inc 723544 multi_dec -1892418 quick_dec -45430 nack_dec -240700
Flow Uec_1905_29 flowId 1126 uecSrc 1125 finished at 27253 total messages 1 total packets 2448 RTS 0 total bytes 10002528 in_flight now 0 fair_inc 477979 prop_inc 16970 fast_inc 0 eta_inc 719372 multi_dec -1872355 quick_dec -36040 nack_dec -253150
Flow Uec_1761_3573 flowId 643 uecSrc 642 finished at 27273.1 total messages 1 total packets 2448 RTS 0 total bytes 10002528 in_flight now 0 fair_inc 486888 prop_inc 15799 fast_inc 0 eta_inc 731292 multi_dec -1916272 quick_dec -27465 nack_dec -257300
Flow Uec_1011_2779 flowId 1777 uecSrc 1776 finished at 27276.6 total messages 1 total packets 2448 RTS 0 total bytes 10002528 in_flight now 0 fair_inc 498703 prop_inc 11534 fast_inc 0 eta_inc 720564 multi_dec -1857094 quick_dec -49193 nack_dec -244850
Flow Uec_231_2039 flowId 1483 uecSrc 1482 finished at 27286.4 total messages 1 total packets 2448 RTS 0 total bytes 10002528 in_flight now 0 fair_inc 504313 prop_inc 10997 fast_inc 0 eta_inc 722948 multi_dec -1921629 quick_dec -55109 nack_dec -253150
Flow Uec_1861_49 flowId 1344 uecSrc 1343 finished at 27295 total messages 1 total packets 2448 RTS 0 total bytes 10002528 in_flight now 0 fair_inc 519527 prop_inc 12560 fast_inc 0 eta_inc 720564 multi_dec -2020560 quick_dec -33415 nack_dec -228250
Flow Uec_2205_341 flowId 120 uecSrc 119 finished at 27300 total messages 1 total packets 2448 RTS 0 total bytes 10002528 in_flight now 0 fair_inc 475492 prop_inc 13047 fast_inc 0 eta_inc 725332 multi_dec -1861451 quick_dec -39315 nack_dec -244850
Flow Uec_1585_3339 flowId 1164 uecSrc 1163 finished at 27300.5 total messages 1 total packets 2448 RTS 0 total bytes 10002528 in_flight now 0 fair_inc 521123 prop_inc 15986 fast_inc 0 eta_inc 724736 multi_dec -1941737 quick_dec -44086 nack_dec -244850
Flow Uec_746_2510 flowId 854 uecSrc 853 finished at 27308.6 total messages 1 total packets 2448 RTS 0 total bytes 10002528 in_flight now 0 fair_inc 482966 prop_inc 7073 fast_inc 0 eta_inc 714008 multi_dec -1998477 quick_dec -39988 nack_dec -232400
Flow Uec_1904_5 flowId 897 uecSrc 896 finished at 27308.8 total messages 1 total packets 2448 RTS 0 total bytes 10002528 in_flight now 0 fair_inc 518963 prop_inc 16512 fast_inc 0 eta_inc 721756 multi_dec -2030305 quick_dec -16770 nack_dec -224100
Flow Uec_2228_378 flowId 1317 uecSrc 1316 finished at 27308.9 total messages 1 total packets 2448 RTS 0 total bytes 10002528 in_flight now 0 fair_inc 482890 prop_inc 18148 fast_inc 0 eta_inc 726524 multi_dec -1785955 quick_dec -57614 nack_dec -232400
Flow Uec_1751_3551 flowId 1224 uecSrc 1223 finished at 27313 total messages 1 total packets 2448 RTS 0 total bytes 10002528 in_flight now 0 fair_inc 472663 prop_inc 11716 fast_inc 0 eta_inc 727120 multi_dec -1919575 quick_dec -61448 nack_dec -219950
Flow Uec_2211_366 flowId 511 uecSrc 510 finished at 27321.2 total messages 1 total packets 2448 RTS 0 total bytes 10002528 in_flight now 0 fair_inc 481591 prop_inc 16954 fast_inc 0 eta_inc 724736 multi_dec -1800181 quick_dec -88212 nack_dec -261450
Flow Uec_216_2018 flowId 366 uecSrc 365 finished at 27322.1 total messages 1 total packets 2448 RTS 0 total bytes 10002528 in_flight now 0 fair_inc 496879 prop_inc 20158 fast_inc 0 eta_inc 726524 multi_dec -1852798 quick_dec -37351 nack_dec -232400
Flow Uec_1595_3381 flowId 334 uecSrc 333 finished at 27323.2 total messages 1 total packets 2448 RTS 0 total bytes 10002528 in_flight now 0 fair_inc 486248 prop_inc 12597 fast_inc 0 eta_inc 725332 multi_dec -1910157 quick_dec --3781 nack_dec -253150
Flow Uec_1890_59 flowId 1545 uecSrc 1544 finished at 27334.1 total messages 1 total packets 2448 RTS 0 total bytes 10002528 in_flight now 0 fair_inc 506760 prop_inc 11782 fast_inc 0 eta_inc 723544 multi_dec -2013033 quick_dec -10482 nack_dec -219950
Flow Uec_3532_1677 flowId 1735 uecSrc 1734 finished at 27336.3 total messages 1 total packets 2448 RTS 0 total bytes 10002528 in_flight now 0 fair_inc 525481 prop_inc 11406 fast_inc 0 eta_inc 719372 multi_dec -1948468 quick_dec -107073 nack_dec -278050
Flow Uec_192_2006 flowId 1678 uecSrc 1677 finished at 27339.2 total messages 1 total packets 2448 RTS 0 total bytes 10002528 in_flight now 0 fair_inc 488157 prop_inc 14582 fast_inc 0 eta_inc 725332 multi_dec -1917673 quick_dec -73179 nack_dec -228250
Flow Uec_841_2627 flowId 1475 uecSrc 1474 finished at 27341.3 total messages 1 total packets 2448 RTS 0 total bytes 10002528 in_flight now 0 fair_inc 517578 prop_inc 7350 fast_inc 0 eta_inc 729504 multi_dec -1854220 quick_dec -31639 nack_dec -224100
Flow Uec_2199_349 flowId 266 uecSrc 265 finished at 27344.9 total messages 1 total packets 2448 RTS 0 total bytes 10002528 in_flight now 0 fair_inc 503265 prop_inc 18161 fast_inc 0 eta_inc 728312 multi_dec -1851595 quick_dec -22612 nack_dec -240700
Flow Uec_1545_3371 flowId 1583 uecSrc 1582 finished at 27350.9 total messages 1 total packets 2448 RTS 0 total bytes 10002528 in_flight now 0 fair_inc 523600 prop_inc 17270 fast_inc 0 eta_inc 727716 multi_dec -1990926 quick_dec -59389 nack_dec -253150
Flow Uec_1869_16 flowId 1207 uecSrc 1206 finished at 27352.5 total messages 1 total packets 2448 RTS 0 total bytes 10002528 in_flight now 0 fair_inc 524614 prop_inc 15324 fast_inc 0 eta_inc 721160 multi_dec -1945048 quick_dec -34560 nack_dec -228250
Flow Uec_895_2642 flowId 1300 uecSrc 1299 finished at 27359.3 total messages 1 total packets 2448 RTS 0 total bytes 10002528 in_flight now 0 fair_inc 443862 prop_inc 19396 fast_inc 0 eta_inc 728908 multi_dec -1794519 quick_dec -33322 nack_dec -240700
Flow Uec_882_2629 flowId 453 uecSrc 452 finished at 27360 total messages 1 total packets 2448 RTS 0 total bytes 10002528 in_flight now 0 fair_inc 444475 prop_inc 8370 fast_inc 0 eta_inc 727716 multi_dec -1762143 quick_dec -30013 nack_dec -257300
Flow Uec_1660_3448 flowId 401 uecSrc 400 finished at 27360.3 total messages 1 total packets 2448 RTS 0 total bytes 10002528 in_flight now 0 fair_inc 533451 prop_inc 7472 fast_inc 0 eta_inc 718776 multi_dec -1967140 quick_dec -48245 nack_dec -261450
Flow Uec_876_2634 flowId 1394 uecSrc 1393 finished at 27360.7 total messages 1 total packets 2448 RTS 0 total bytes 10002528 in_flight now 0 fair_inc 480462 prop_inc 18118 fast_inc 0 eta_inc 728908 multi_dec -1898949 quick_dec -65626 nack_dec -232400
Flow Uec_643_2461 flowId 569 uecSrc 568 finished at 27369.6 total messages 1 total packets 2448 RTS 0 total bytes 10002528 in_flight now 0 fair_inc 501283 prop_inc 9928 fast_inc 0 eta_inc 719968 multi_dec -1932636 quick_dec -53241 nack_dec -249000
Flow Uec_2183_323 flowId 963 uecSrc 962 finished at 27371.6 total messages 1 total packets 2448 RTS 0 total bytes 10002528 in_flight now 0 fair_inc 482767 prop_inc 12429 fast_inc 0 eta_inc 727716 multi_dec -1912708 quick_dec -93439 nack_dec -265600
Flow Uec_2197_365 flowId 670 uecSrc 669 finished at 27372.7 total messages 1 total packets 2448 RTS 0 total bytes 10002528 in_flight now 0 fair_inc 455918 prop_inc 14247 fast_inc 0 eta_inc 727120 multi_dec -1850722 quick_dec -41180 nack_dec -244850
Flow Uec_214_2044 flowId 358 uecSrc 357 finished at 27374.8 total messages 1 total packets 2448 RTS 0 total bytes 10002528 in_flight now 0 fair_inc 471391 prop_inc 17266 fast_inc 0 eta_inc 727120 multi_dec -1923617 quick_dec -62189 nack_dec -249000
Flow Uec_400_2228 flowId 1179 uecSrc 1178 finished at 27377.8 total messages 1 total packets 2448 RTS 0 total bytes 10002528 in_flight now 0 fair_inc 502401 prop_inc 10705 fast_inc 0 eta_inc 724736 multi_dec -1938634 quick_dec -55897 nack_dec -253150
Flow Uec_2177_334 flowId 1058 uecSrc 1057 finished at 27382.5 total messages 1 total packets 2448 RTS 0 total bytes 10002528 in_flight now 0 fair_inc 455679 prop_inc 19231 fast_inc 0 eta_inc 727120 multi_dec -1771710 quick_dec -32654 nack_dec -261450
Flow Uec_1900_1 flowId 287 uecSrc 286 finished at 27388.2 total messages 1 total packets 2448 RTS 0 total bytes 10002528 in_flight now 0 fair_inc 530839 prop_inc 11055 fast_inc 0 eta_inc 724140 multi_dec -1955970 quick_dec -57158 nack_dec -253150
Flow Uec_2296_390 flowId 445 uecSrc 444 finished at 27391.5 total messages 1 total packets 2448 RTS 0 total bytes 10002528 in_flight now 0 fair_inc 531626 prop_inc 13759 fast_inc 0 eta_inc 721160 multi_dec -1989614 quick_dec -108947 nack_dec -253150
Flow Uec_227_2007 flowId 1234 uecSrc 1233 finished at 27393.2 total messages 1 total packets 2448 RTS 0 total bytes 10002528 in_flight now 0 fair_inc 519495 prop_inc 19542 fast_inc 0 eta_inc 727120 multi_dec -1881433 quick_dec -49752 nack_dec -244850
Flow Uec_1552_3356 flowId 201 uecSrc 200 finished at 27395.5 total messages 1 total packets 2448 RTS 0 total bytes 10002528 in_flight now 0 fair_inc 483590 prop_inc 14737 fast_inc 0 eta_inc 730100 multi_dec -1887794 quick_dec -20366 nack_dec -219950
Flow Uec_1729_3525 flowId 40 uecSrc 39 finished at 27397.8 total messages 1 total packets 2448 RTS 0 total bytes 10002528 in_flight now 0 fair_inc 490687 prop_inc 11688 fast_inc 0 eta_inc 729504 multi_dec -1819941 quick_dec -9169 nack_dec -253150
Flow Uec_843_2677 flowId 1595 uecSrc 1594 finished at 27400.7 total messages 1 total packets 2448 RTS 0 total bytes 10002528 in_flight now 0 fair_inc 483054 prop_inc 20581 fast_inc 0 eta_inc 728908 multi_dec -1846888 quick_dec -74349 nack_dec -236550
Flow Uec_425_2208 flowId 1706 uecSrc 1705 finished at 27407.8 total messages 1 total packets 2448 RTS 0 total bytes 10002528 in_flight now 0 fair_inc 513926 prop_inc 20470 fast_inc 0 eta_inc 723544 multi_dec -1864387 quick_dec -126667 nack_dec -290500
Flow Uec_1894_33 flowId 270 uecSrc 269 finished at 27413.9 total messages 1 total packets 2448 RTS 0 total bytes 10002528 in_flight now 0 fair_inc 457413 prop_inc 12403 fast_inc 0 eta_inc 721756 multi_dec -1856812 quick_dec -11463 nack_dec -236550
Flow Uec_1635_3445 flowId 1326 uecSrc 1325 finished at 27434.1 total messages 1 total packets 2448 RTS 0 total bytes 10002528 in_flight now 0 fair_inc 530462 prop_inc 9701 fast_inc 0 eta_inc 723544 multi_dec -2031627 quick_dec -47382 nack_dec -249000
Flow Uec_1542_3329 flowId 1658 uecSrc 1657 finished at 27435.1 total messages 1 total packets 2448 RTS 0 total bytes 10002528 in_flight now 0 fair_inc 460560 prop_inc 26796 fast_inc 0 eta_inc 727716 multi_dec -1871740 quick_dec -52306 nack_dec -265600
Flow Uec_2182_362 flowId 64 uecSrc 63 finished at 27436.4 total messages 1 total packets 2448 RTS 0 total bytes 10002528 in_flight now 0 fair_inc 445348 prop_inc 27838 fast_inc 0 eta_inc 730696 multi_dec -1811006 quick_dec -34080 nack_dec -215800
Flow Uec_1747_3566 flowId 638 uecSrc 637 finished at 27437.1 total messages 1 total packets 2448 RTS 0 total bytes 10002528 in_flight now 0 fair_inc 479703 prop_inc 13096 fast_inc 0 eta_inc 730696 multi_dec -1919457 quick_dec -52578 nack_dec -244850
Flow Uec_225_2011 flowId 101 uecSrc 100 finished at 27439.5 total messages 1 total packets 2448 RTS 0 total bytes 10002528 in_flight now 0 fair_inc 446574 prop_inc 13286 fast_inc 0 eta_inc 730100 multi_dec -1908867 quick_dec --4750 nack_dec -224100
Flow Uec_2195_327 flowId 933 uecSrc 932 finished at 27441.2 total messages 1 total packets 2448 RTS 0 total bytes 10002528 in_flight now 0 fair_inc 458926 prop_inc 28347 fast_inc 0 eta_inc 731292 multi_dec -1876529 quick_dec -38943 nack_dec -228250
Flow Uec_2294_410 flowId 1504 uecSrc 1503 finished at 27444 total messages 1 total packets 2448 RTS 0 total bytes 10002528 in_flight now 0 fair_inc 526262 prop_inc 9833 fast_inc 0 eta_inc 725332 multi_dec -1937704 quick_dec -86504 nack_dec -282200
Flow Uec_250_1992 flowId 1278 uecSrc 1277 finished at 27455.2 total messages 1 total packets 2448 RTS 0 total bytes 10002528 in_flight now 0 fair_inc 514038 prop_inc 15474 fast_inc 0 eta_inc 730100 multi_dec -1981004 quick_dec -91453 nack_dec -224100
Flow Uec_883_2672 flowId 515 uecSrc 514 finished at 27458.9 total messages 1 total packets 2448 RTS 0 total bytes 10002528 in_flight now 0 fair_inc 462167 prop_inc 24360 fast_inc 0 eta_inc 730100 multi_dec -1812220 quick_dec -54624 nack_dec -257300
Flow Uec_1577_3370 flowId 1391 uecSrc 1390 finished at 27460.8 total messages 1 total packets 2448 RTS 0 total bytes 10002528 in_flight now 0 fair_inc 437916 prop_inc 12409 fast_inc 0 eta_inc 729504 multi_dec -1818651 quick_dec -59174 nack_dec -261450
Flow Uec_680_2488 flowId 152 uecSrc 151 finished at 27465.7 total messages 1 total packets 2448 RTS 0 total bytes 10002528 in_flight now 0 fair_inc 497390 prop_inc 13279 fast_inc 0 eta_inc 725332 multi_dec -1904772 quick_dec -49537 nack_dec -244850
Flow Uec_403_2176 flowId 170 uecSrc 169 finished at 27470.7 total messages 1 total packets 2448 RTS 0 total bytes 10002528 in_flight now 0 fair_inc 503438 prop_inc 14944 fast_inc 0 eta_inc 725928 multi_dec -1924303 quick_dec -70795 nack_dec -257300
Flow Uec_1773_3547 flowId 540 uecSrc 539 finished at 27480.7 total messages 1 total packets 2448 RTS 0 total bytes 10002528 in_flight now 0 fair_inc 468064 prop_inc 13064 fast_inc 0 eta_inc 732484 multi_dec -1828438 quick_dec -95331 nack_dec -253150
Flow Uec_885_2658 flowId 971 uecSrc 970 finished at 27484.9 total messages 1 total packets 2448 RTS 0 total bytes 10002528 in_flight now 0 fair_inc 444320 prop_inc 27628 fast_inc 0 eta_inc 731888 multi_dec -1761378 quick_dec -54025 nack_dec -253150
Flow Uec_1762_3558 flowId 256 uecSrc 255 finished at 27487.8 total messages 1 total packets 2448 RTS 0 total bytes 10002528 in_flight now 0 fair_inc 461543 prop_inc 8852 fast_inc 0 eta_inc 730100 multi_dec -1887312 quick_dec -23781 nack_dec -228250
Flow Uec_1752_3529 flowId 220 uecSrc 219 finished at 27489 total messages 1 total packets 2448 RTS 0 total bytes 10002528 in_flight now 0 fair_inc 451389 prop_inc 14885 fast_inc 0 eta_inc 730696 multi_dec -1774366 quick_dec -83806 nack_dec -240700
Flow Uec_1764_3523 flowId 825 uecSrc 824 finished at 27491.1 total messages 1 total packets 2448 RTS 0 total bytes 10002528 in_flight now 0 fair_inc 471886 prop_inc 13057 fast_inc 0 eta_inc 730100 multi_dec -1866635 quick_dec -50634 nack_dec -261450
Flow Uec_1790_3577 flowId 1195 uecSrc 1194 finished at 27496.5 total messages 1 total packets 2448 RTS 0 total bytes 10002528 in_flight now 0 fair_inc 476370 prop_inc 9553 fast_inc 0 eta_inc 733080 multi_dec -1858429 quick_dec -32457 nack_dec -224100
Flow Uec_435_2222 flowId 386 uecSrc 385 finished at 27498.5 total messages 1 total packets 2448 RTS 0 total bytes 10002528 in_flight now 0 fair_inc 487435 prop_inc 11509 fast_inc 0 eta_inc 724736 multi_dec -1915256 quick_dec -14694 nack_dec -257300
Flow Uec_235_1999 flowId 1423 uecSrc 1422 finished at 27503.8 total messages 1 total packets 2448 RTS 0 total bytes 10002528 in_flight now 0 fair_inc 465946 prop_inc 22065 fast_inc 0 eta_inc 733676 multi_dec -1784441 quick_dec -48326 nack_dec -244850
Flow Uec_865_2631 flowId 1785 uecSrc 1784 finished at 27506.4 total messages 1 total packets 2448 RTS 0 total bytes 10002528 in_flight now 0 fair_inc 438899 prop_inc 31572 fast_inc 0 eta_inc 733676 multi_dec -1754414 quick_dec -63975 nack_dec -244850
Flow Uec_197_2030 flowId 502 uecSrc 501 finished at 27506.9 total messages 1 total packets 2448 RTS 0 total bytes 10002528 in_flight now 0 fair_inc 485876 prop_inc 19698 fast_inc 0 eta_inc 732484 multi_dec -1809881 quick_dec -34666 nack_dec -257300
Flow Uec_1568_3367 flowId 1469 uecSrc 1468 finished at 27507.9 total messages 1 total packets 2448 RTS 0 total bytes 10002528 in_flight now 0 fair_inc 501175 prop_inc 19901 fast_inc 0 eta_inc 730696 multi_dec -1872349 quick_dec -46107 nack_dec -253150
Flow Uec_234_2031 flowId 477 uecSrc 476 finished at 27510.1 total messages 1 total packets 2448 RTS 0 total bytes 10002528 in_flight now 0 fair_inc 441267 prop_inc 21125 fast_inc 0 eta_inc 732484 multi_dec -1919243 quick_dec -40155 nack_dec -236550
Flow Uec_2665_781 flowId 215 uecSrc 214 finished at 27511.4 total messages 1 total packets 2448 RTS 0 total bytes 10002528 in_flight now 0 fair_inc 515355 prop_inc 10081 fast_inc 0 eta_inc 724140 multi_dec -2055385 quick_dec -43873 nack_dec -261450
Flow Uec_3553_1703 flowId 211 uecSrc 210 finished at 27517.4 total messages 1 total packets 2448 RTS 0 total bytes 10002528 in_flight now 0 fair_inc 522919 prop_inc 10824 fast_inc 0 eta_inc 728312 multi_dec -1947777 quick_dec -88356 nack_dec -232400
Flow Uec_1749_3563 flowId 325 uecSrc 324 finished at 27525.8 total messages 1 total packets 2448 RTS 0 total bytes 10002528 in_flight now 0 fair_inc 466995 prop_inc 29956 fast_inc 0 eta_inc 734868 multi_dec -1822548 quick_dec -72994 nack_dec -253150
Flow Uec_1731_3532 flowId 729 uecSrc 728 finished at 27529.2 total messages 1 total packets 2448 RTS 0 total bytes 10002528 in_flight now 0 fair_inc 487507 prop_inc 28369 fast_inc 0 eta_inc 734868 multi_dec -1900819 quick_dec -44062 nack_dec -240700
Flow Uec_3566_1666 flowId 278 uecSrc 277 finished at 27536.8 total messages 1 total packets 2448 RTS 0 total bytes 10002528 in_flight now 0 fair_inc 519961 prop_inc 5997 fast_inc 0 eta_inc 728908 multi_dec -1949677 quick_dec -59402 nack_dec -244850
Flow Uec_990_2802 flowId 778 uecSrc 777 finished at 27538.5 total messages 1 total packets 2448 RTS 0 total bytes 10002528 in_flight now 0 fair_inc 533740 prop_inc 12820 fast_inc 0 eta_inc 730100 multi_dec -2000642 quick_dec -22270 nack_dec -219950
Flow Uec_650_2472 flowId 926 uecSrc 925 finished at 27538.6 total messages 1 total packets 2448 RTS 0 total bytes 10002528 in_flight now 0 fair_inc 471047 prop_inc 12912 fast_inc 0 eta_inc 727716 multi_dec -1915570 quick_dec -98065 nack_dec -236550
Flow Uec_2276_418 flowId 437 uecSrc 436 finished at 27544.4 total messages 1 total packets 2448 RTS 0 total bytes 10002528 in_flight now 0 fair_inc 514440 prop_inc 12593 fast_inc 0 eta_inc 723544 multi_dec -1883317 quick_dec -64966 nack_dec -273900
Flow Uec_428_2200 flowId 593 uecSrc 592 finished at 27547.9 total messages 1 total packets 2448 RTS 0 total bytes 10002528 in_flight now 0 fair_inc 494273 prop_inc 15487 fast_inc 0 eta_inc 728312 multi_dec -1927979 quick_dec -42563 nack_dec -265600
Flow Uec_401_2190 flowId 1576 uecSrc 1575 finished at 27549.4 total messages 1 total packets 2448 RTS 0 total bytes 10002528 in_flight now 0 fair_inc 499472 prop_inc 11413 fast_inc 0 eta_inc 728312 multi_dec -1910695 quick_dec -99699 nack_dec -265600
Flow Uec_1566_3362 flowId 1095 uecSrc 1094 finished at 27556 total messages 1 total packets 2448 RTS 0 total bytes 10002528 in_flight now 0 fair_inc 455354 prop_inc 27362 fast_inc 0 eta_inc 731292 multi_dec -1827475 quick_dec -30281 nack_dec -269750
Flow Uec_239_1998 flowId 1585 uecSrc 1584 finished at 27560.4 total messages 1 total packets 2448 RTS 0 total bytes 10002528 in_flight now 0 fair_inc 450485 prop_inc 41165 fast_inc 0 eta_inc 734272 multi_dec -1837790 quick_dec -41110 nack_dec -228250
Flow Uec_1538_3387 flowId 195 uecSrc 194 finished at 27567.1 total messages 1 total packets 2448 RTS 0 total bytes 10002528 in_flight now 0 fair_inc 450235 prop_inc 26672 fast_inc 0 eta_inc 733676 multi_dec -1844222 quick_dec -48943 nack_dec -228250
Flow Uec_1591_3390 flowId 1211 uecSrc 1210 finished at 27582.3 total messages 1 total packets 2448 RTS 0 total bytes 10002528 in_flight now 0 fair_inc 480081 prop_inc 39484 fast_inc 0 eta_inc 734272 multi_dec -1868273 quick_dec -41042 nack_dec -244850
Flow Uec_1587_3348 flowId 1562 uecSrc 1561 finished at 27585.6 total messages 1 total packets 2448 RTS 0 total bytes 10002528 in_flight now 0 fair_inc 428542 prop_inc 32644 fast_inc 0 eta_inc 734868 multi_dec -1859527 quick_dec -37990 nack_dec -219950
Flow Uec_2662_790 flowId 1597 uecSrc 1596 finished at 27586.6 total messages 1 total packets 2448 RTS 0 total bytes 10002528 in_flight now 0 fair_inc 524803 prop_inc 7949 fast_inc 0 eta_inc 724736 multi_dec -2071772 quick_dec -66968 nack_dec -257300
Flow Uec_394_2229 flowId 738 uecSrc 737 finished at 27589.7 total messages 1 total packets 2448 RTS 0 total bytes 10002528 in_flight now 0 fair_inc 501972 prop_inc 12940 fast_inc 0 eta_inc 732484 multi_dec -1971861 quick_dec -31370 nack_dec -232400
Flow Uec_232_1988 flowId 1709 uecSrc 1708 finished at 27589.8 total messages 1 total packets 2448 RTS 0 total bytes 10002528 in_flight now 0 fair_inc 394926 prop_inc 55750 fast_inc 0 eta_inc 734868 multi_dec -1761486 quick_dec -44841 nack_dec -253150
Flow Uec_1551_3349 flowId 285 uecSrc 284 finished at 27590.6 total messages 1 total packets 2448 RTS 0 total bytes 10002528 in_flight now 0 fair_inc 463394 prop_inc 33837 fast_inc 0 eta_inc 736060 multi_dec -1833372 quick_dec -89197 nack_dec -265600
Flow Uec_2196_368 flowId 1445 uecSrc 1444 finished at 27593.7 total messages 1 total packets 2448 RTS 0 total bytes 10002528 in_flight now 0 fair_inc 430635 prop_inc 38760 fast_inc 0 eta_inc 735464 multi_dec -1864942 quick_dec -11706 nack_dec -224100
Flow Uec_1737_3539 flowId 127 uecSrc 126 finished at 27599.6 total messages 1 total packets 2448 RTS 0 total bytes 10002528 in_flight now 0 fair_inc 456476 prop_inc 63700 fast_inc 8082 eta_inc 737848 multi_dec -1798988 quick_dec -73750 nack_dec -240700
Flow Uec_2215_355 flowId 596 uecSrc 595 finished at 27601.1 total messages 1 total packets 2448 RTS 0 total bytes 10002528 in_flight now 0 fair_inc 408711 prop_inc 41093 fast_inc 0 eta_inc 736060 multi_dec -1762381 quick_dec -69326 nack_dec -219950
Flow Uec_985_2801 flowId 613 uecSrc 612 finished at 27601.3 total messages 1 total packets 2448 RTS 0 total bytes 10002528 in_flight now 0 fair_inc 486054 prop_inc 13927 fast_inc 0 eta_inc 731292 multi_dec -1936881 quick_dec -44258 nack_dec -232400
Flow Uec_678_2435 flowId 449 uecSrc 448 finished at 27602 total messages 1 total packets 2448 RTS 0 total bytes 10002528 in_flight now 0 fair_inc 483871 prop_inc 13424 fast_inc 0 eta_inc 727716 multi_dec -1881979 quick_dec -25007 nack_dec -249000
Flow Uec_1868_17 flowId 47 uecSrc 46 finished at 27604.9 total messages 1 total packets 2448 RTS 0 total bytes 10002528 in_flight now 0 fair_inc 502356 prop_inc 18082 fast_inc 0 eta_inc 739040 multi_dec -1923201 quick_dec -15493 nack_dec -236550
Flow Uec_871_2628 flowId 1005 uecSrc 1004 finished at 27605.7 total messages 1 total packets 2448 RTS 0 total bytes 10002528 in_flight now 0 fair_inc 423167 prop_inc 47437 fast_inc 0 eta_inc 734868 multi_dec -1727082 quick_dec -63550 nack_dec -265600
Flow Uec_862_2681 flowId 118 uecSrc 117 finished at 27608.5 total messages 1 total packets 2448 RTS 0 total bytes 10002528 in_flight now 0 fair_inc 467632 prop_inc 38685 fast_inc 0 eta_inc 737848 multi_dec -1780422 quick_dec -37573 nack_dec -232400
Flow Uec_3538_1679 flowId 528 uecSrc 527 finished at 27610.3 total messages 1 total packets 2448 RTS 0 total bytes 10002528 in_flight now 0 fair_inc 526675 prop_inc 7351 fast_inc 0 eta_inc 731292 multi_dec -2047142 quick_dec -8663 nack_dec -240700
Flow Uec_445_2186 flowId 171 uecSrc 170 finished at 27612.1 total messages 1 total packets 2448 RTS 0 total bytes 10002528 in_flight now 0 fair_inc 539352 prop_inc 10938 fast_inc 0 eta_inc 731292 multi_dec -1982835 quick_dec -51901 nack_dec -236550
Flow Uec_252_2028 flowId 624 uecSrc 623 finished at 27616.3 total messages 1 total packets 2448 RTS 0 total bytes 10002528 in_flight now 0 fair_inc 419688 prop_inc 66980 fast_inc 0 eta_inc 736060 multi_dec -1754638 quick_dec -74964 nack_dec -215800
Flow Uec_863_2625 flowId 283 uecSrc 282 finished at 27616.6 total messages 1 total packets 2448 RTS 0 total bytes 10002528 in_flight now 0 fair_inc 381292 prop_inc 54428 fast_inc 0 eta_inc 736656 multi_dec -1723260 quick_dec -40105 nack_dec -253150
Flow Uec_2217_381 flowId 1251 uecSrc 1250 finished at 27622.3 total messages 1 total packets 2448 RTS 0 total bytes 10002528 in_flight now 0 fair_inc 402402 prop_inc 50510 fast_inc 0 eta_inc 736656 multi_dec -1745847 quick_dec -55281 nack_dec -240700
Flow Uec_1902_9 flowId 1104 uecSrc 1103 finished at 27623.3 total messages 1 total packets 2448 RTS 0 total bytes 10002528 in_flight now 0 fair_inc 478206 prop_inc 14057 fast_inc 0 eta_inc 730100 multi_dec -1912704 quick_dec -22330 nack_dec -236550
Flow Uec_1739_3536 flowId 28 uecSrc 27 finished at 27629 total messages 1 total packets 2448 RTS 0 total bytes 10002528 in_flight now 0 fair_inc 378232 prop_inc 87340 fast_inc 0 eta_inc 737252 multi_dec -1640156 quick_dec -30005 nack_dec -249000
Flow Uec_677_2484 flowId 1241 uecSrc 1240 finished at 27638.3 total messages 1 total packets 2448 RTS 0 total bytes 10002528 in_flight now 0 fair_inc 473154 prop_inc 12837 fast_inc 0 eta_inc 728312 multi_dec -1945224 quick_dec -98246 nack_dec -278050
Flow Uec_2233_383 flowId 34 uecSrc 33 finished at 27647.2 total messages 1 total packets 2448 RTS 0 total bytes 10002528 in_flight now 0 fair_inc 368987 prop_inc 59779 fast_inc 0 eta_inc 739040 multi_dec -1664963 quick_dec -50282 nack_dec -244850
Flow Uec_2190_374 flowId 1389 uecSrc 1388 finished at 27651.6 total messages 1 total packets 2448 RTS 0 total bytes 10002528 in_flight now 0 fair_inc 324834 prop_inc 64539 fast_inc 0 eta_inc 742616 multi_dec -1565953 quick_dec -27238 nack_dec -224100
Flow Uec_877_2637 flowId 753 uecSrc 752 finished at 27662.9 total messages 1 total packets 2448 RTS 0 total bytes 10002528 in_flight now 0 fair_inc 386505 prop_inc 80605 fast_inc 0 eta_inc 739040 multi_dec -1636969 quick_dec -71981 nack_dec -269750
Flow Uec_1789_3537 flowId 1749 uecSrc 1748 finished at 27670.2 total messages 1 total packets 2448 RTS 0 total bytes 10002528 in_flight now 0 fair_inc 451194 prop_inc 99603 fast_inc 0 eta_inc 738444 multi_dec -1780780 quick_dec -70486 nack_dec -253150
Flow Uec_1911_38 flowId 167 uecSrc 166 finished at 27671.6 total messages 1 total packets 2448 RTS 0 total bytes 10002528 in_flight now 0 fair_inc 459844 prop_inc 13605 fast_inc 0 eta_inc 727716 multi_dec -1843443 quick_dec -29871 nack_dec -265600
Flow Uec_224_2001 flowId 1305 uecSrc 1304 finished at 27678.3 total messages 1 total packets 2448 RTS 0 total bytes 10002528 in_flight now 0 fair_inc 398686 prop_inc 111649 fast_inc 0 eta_inc 737252 multi_dec -1712898 quick_dec -69200 nack_dec -269750
Flow Uec_660_2439 flowId 489 uecSrc 488 finished at 27682.3 total messages 1 total packets 2448 RTS 0 total bytes 10002528 in_flight now 0 fair_inc 491230 prop_inc 15868 fast_inc 0 eta_inc 730696 multi_dec -1929311 quick_dec -65424 nack_dec -249000
Flow Uec_1886_13 flowId 1406 uecSrc 1405 finished at 27694.9 total messages 1 total packets 2448 RTS 0 total bytes 10002528 in_flight now 0 fair_inc 479799 prop_inc 11104 fast_inc 0 eta_inc 733080 multi_dec -1841046 quick_dec -53774 nack_dec -232400
Flow Uec_668_2450 flowId 382 uecSrc 381 finished at 27695.5 total messages 1 total packets 2448 RTS 0 total bytes 10002528 in_flight now 0 fair_inc 511277 prop_inc 8912 fast_inc 0 eta_inc 730696 multi_dec -1949542 quick_dec -73867 nack_dec -253150
Flow Uec_443_2221 flowId 1027 uecSrc 1026 finished at 27701.2 total messages 1 total packets 2448 RTS 0 total bytes 10002528 in_flight now 0 fair_inc 503108 prop_inc 10203 fast_inc 0 eta_inc 731292 multi_dec -1877680 quick_dec -39871 nack_dec -249000
Flow Uec_1007_2800 flowId 84 uecSrc 83 finished at 27703 total messages 1 total packets 2448 RTS 0 total bytes 10002528 in_flight now 0 fair_inc 464381 prop_inc 18077 fast_inc 0 eta_inc 733676 multi_dec -1953652 quick_dec -89279 nack_dec -215800
Flow Uec_965_2795 flowId 1622 uecSrc 1621 finished at 27704.1 total messages 1 total packets 2448 RTS 0 total bytes 10002528 in_flight now 0 fair_inc 459168 prop_inc 12390 fast_inc 0 eta_inc 732484 multi_dec -1911693 quick_dec -52326 nack_dec -203350
Flow Uec_1589_3378 flowId 845 uecSrc 844 finished at 27706 total messages 1 total packets 2448 RTS 0 total bytes 10002528 in_flight now 0 fair_inc 373263 prop_inc 113904 fast_inc 0 eta_inc 739636 multi_dec -1747806 quick_dec -19328 nack_dec -236550
Flow Uec_433_2236 flowId 1112 uecSrc 1111 finished at 27719.3 total messages 1 total packets 2448 RTS 0 total bytes 10002528 in_flight now 0 fair_inc 483763 prop_inc 14793 fast_inc 0 eta_inc 733080 multi_dec -1963462 quick_dec -27632 nack_dec -240700
Flow Uec_972_2772 flowId 1237 uecSrc 1236 finished at 27721.9 total messages 1 total packets 2448 RTS 0 total bytes 10002528 in_flight now 0 fair_inc 474213 prop_inc 17916 fast_inc 0 eta_inc 736060 multi_dec -1884600 quick_dec -89369 nack_dec -240700
Flow Uec_1010_2759 flowId 1265 uecSrc 1264 finished at 27726.3 total messages 1 total packets 2448 RTS 0 total bytes 10002528 in_flight now 0 fair_inc 513494 prop_inc 10240 fast_inc 0 eta_inc 734272 multi_dec -2021523 quick_dec -27602 nack_dec -232400
Flow Uec_760_2503 flowId 964 uecSrc 963 finished at 27731.7 total messages 1 total packets 2448 RTS 0 total bytes 10002528 in_flight now 0 fair_inc 477312 prop_inc 11433 fast_inc 0 eta_inc 728312 multi_dec -2013480 quick_dec -19612 nack_dec -232400
Flow Uec_2683_776 flowId 525 uecSrc 524 finished at 27741.5 total messages 1 total packets 2448 RTS 0 total bytes 10002528 in_flight now 0 fair_inc 570874 prop_inc 6437 fast_inc 0 eta_inc 730100 multi_dec -2041601 quick_dec -73304 nack_dec -286350
Flow Uec_667_2466 flowId 563 uecSrc 562 finished at 27755.3 total messages 1 total packets 2448 RTS 0 total bytes 10002528 in_flight now 0 fair_inc 487005 prop_inc 12985 fast_inc 0 eta_inc 732484 multi_dec -1921344 quick_dec -107246 nack_dec -286350
Flow Uec_3535_1664 flowId 1188 uecSrc 1187 finished at 27763.4 total messages 1 total packets 2448 RTS 0 total bytes 10002528 in_flight now 0 fair_inc 482029 prop_inc 8611 fast_inc 0 eta_inc 733676 multi_dec -1880980 quick_dec -33406 nack_dec -257300
Flow Uec_994_2792 flowId 1296 uecSrc 1295 finished at 27767 total messages 1 total packets 2448 RTS 0 total bytes 10002528 in_flight now 0 fair_inc 467577 prop_inc 10352 fast_inc 0 eta_inc 734868 multi_dec -1877662 quick_dec -112445 nack_dec -215800
Flow Uec_2244_434 flowId 1719 uecSrc 1718 finished at 27770.1 total messages 1 total packets 2448 RTS 0 total bytes 10002528 in_flight now 0 fair_inc 508072 prop_inc 9031 fast_inc 0 eta_inc 730696 multi_dec -1966271 quick_dec -71989 nack_dec -228250
Flow Uec_997_2757 flowId 1280 uecSrc 1279 finished at 27785 total messages 1 total packets 2448 RTS 0 total bytes 10002528 in_flight now 0 fair_inc 526514 prop_inc 9456 fast_inc 0 eta_inc 737252 multi_dec -1922583 quick_dec -41423 nack_dec -236550
Flow Uec_685_2447 flowId 732 uecSrc 731 finished at 27785.7 total messages 1 total packets 2448 RTS 0 total bytes 10002528 in_flight now 0 fair_inc 487256 prop_inc 8355 fast_inc 0 eta_inc 736060 multi_dec -1979239 quick_dec -19572 nack_dec -232400
Flow Uec_399_2213 flowId 953 uecSrc 952 finished at 27799.7 total messages 1 total packets 2448 RTS 0 total bytes 10002528 in_flight now 0 fair_inc 515080 prop_inc 8464 fast_inc 0 eta_inc 735464 multi_dec -1936569 quick_dec -55671 nack_dec -269750
Flow Uec_732_2513 flowId 1700 uecSrc 1699 finished at 27802.5 total messages 1 total packets 2448 RTS 0 total bytes 10002528 in_flight now 0 fair_inc 523496 prop_inc 4666 fast_inc 0 eta_inc 730696 multi_dec -2011421 quick_dec -50511 nack_dec -261450
Flow Uec_1878_44 flowId 1594 uecSrc 1593 finished at 27810.9 total messages 1 total packets 2448 RTS 0 total bytes 10002528 in_flight now 0 fair_inc 425264 prop_inc 20918 fast_inc 0 eta_inc 736656 multi_dec -1769615 quick_dec -121376 nack_dec -232400
Flow Uec_1690_3496 flowId 236 uecSrc 235 finished at 27812.6 total messages 1 total packets 2448 RTS 0 total bytes 10002528 in_flight now 0 fair_inc 529978 prop_inc 7877 fast_inc 0 eta_inc 727716 multi_dec -1983888 quick_dec -84812 nack_dec -257300
Flow Uec_3526_1671 flowId 1313 uecSrc 1312 finished at 27813.8 total messages 1 total packets 2448 RTS 0 total bytes 10002528 in_flight now 0 fair_inc 524240 prop_inc 9396 fast_inc 0 eta_inc 734868 multi_dec -1912596 quick_dec -68782 nack_dec -244850
Flow Uec_1022_2793 flowId 537 uecSrc 536 finished at 27816 total messages 1 total packets 2448 RTS 0 total bytes 10002528 in_flight now 0 fair_inc 485509 prop_inc 11865 fast_inc 0 eta_inc 736656 multi_dec -1922226 quick_dec -39182 nack_dec -240700
Flow Uec_446_2233 flowId 1264 uecSrc 1263 finished at 27824.1 total messages 1 total packets 2448 RTS 0 total bytes 10002528 in_flight now 0 fair_inc 491170 prop_inc 11961 fast_inc 0 eta_inc 736060 multi_dec -1942597 quick_dec -40592 nack_dec -236550
Flow Uec_1705_3483 flowId 398 uecSrc 397 finished at 27839.3 total messages 1 total packets 2448 RTS 0 total bytes 10002528 in_flight now 0 fair_inc 530445 prop_inc 8683 fast_inc 0 eta_inc 727716 multi_dec -1971596 quick_dec -49023 nack_dec -282200
Flow Uec_2255_416 flowId 1068 uecSrc 1067 finished at 27839.9 total messages 1 total packets 2448 RTS 0 total bytes 10002528 in_flight now 0 fair_inc 463293 prop_inc 10142 fast_inc 0 eta_inc 730696 multi_dec -1954230 quick_dec -51457 nack_dec -282200
Flow Uec_692_2489 flowId 1025 uecSrc 1024 finished at 27839.9 total messages 1 total packets 2448 RTS 0 total bytes 10002528 in_flight now 0 fair_inc 515773 prop_inc 11341 fast_inc 0 eta_inc 737848 multi_dec -1955623 quick_dec -74977 nack_dec -261450
Flow Uec_701_2444 flowId 645 uecSrc 644 finished at 27841.1 total messages 1 total packets 2448 RTS 0 total bytes 10002528 in_flight now 0 fair_inc 525130 prop_inc 7047 fast_inc 0 eta_inc 737252 multi_dec -1946600 quick_dec -62338 nack_dec -236550
Flow Uec_3546_1690 flowId 1548 uecSrc 1547 finished at 27843.1 total messages 1 total packets 2448 RTS 0 total bytes 10002528 in_flight now 0 fair_inc 494323 prop_inc 7226 fast_inc 0 eta_inc 737252 multi_dec -1925313 quick_dec -45923 nack_dec -244850
Flow Uec_432_2204 flowId 352 uecSrc 351 finished at 27847.1 total messages 1 total packets 2448 RTS 0 total bytes 10002528 in_flight now 0 fair_inc 500247 prop_inc 9853 fast_inc 0 eta_inc 737252 multi_dec -1907163 quick_dec -29774 nack_dec -253150
Flow Uec_3568_1704 flowId 1137 uecSrc 1136 finished at 27848.5 total messages 1 total packets 2448 RTS 0 total bytes 10002528 in_flight now 0 fair_inc 479796 prop_inc 8895 fast_inc 0 eta_inc 743808 multi_dec -1903435 quick_dec -88861 nack_dec -257300
Flow Uec_2783_914 flowId 1393 uecSrc 1392 finished at 27850.7 total messages 1 total packets 2448 RTS 0 total bytes 10002528 in_flight now 0 fair_inc 508792 prop_inc 4877 fast_inc 0 eta_inc 729504 multi_dec -2009485 quick_dec -25868 nack_dec -282200
Flow Uec_1629_3432 flowId 595 uecSrc 594 finished at 27860 total messages 1 total packets 2448 RTS 0 total bytes 10002528 in_flight now 0 fair_inc 521958 prop_inc 10149 fast_inc 0 eta_inc 730696 multi_dec -1911893 quick_dec -73111 nack_dec -290500
Flow Uec_1893_51 flowId 108 uecSrc 107 finished at 27869.8 total messages 1 total packets 2448 RTS 0 total bytes 10002528 in_flight now 0 fair_inc 472963 prop_inc 22308 fast_inc 0 eta_inc 737252 multi_dec -1865087 quick_dec -12367 nack_dec -224100
Flow Uec_641_2474 flowId 1074 uecSrc 1073 finished at 27873.1 total messages 1 total packets 2448 RTS 0 total bytes 10002528 in_flight now 0 fair_inc 488115 prop_inc 11345 fast_inc 0 eta_inc 736060 multi_dec -1946952 quick_dec -33932 nack_dec -232400
Flow Uec_1657_3416 flowId 849 uecSrc 848 finished at 27883.3 total messages 1 total packets 2448 RTS 0 total bytes 10002528 in_flight now 0 fair_inc 486203 prop_inc 9644 fast_inc 0 eta_inc 733676 multi_dec -1979312 quick_dec -40887 nack_dec -215800
Flow Uec_3571_1672 flowId 1652 uecSrc 1651 finished at 27885.5 total messages 1 total packets 2448 RTS 0 total bytes 10002528 in_flight now 0 fair_inc 493335 prop_inc 9645 fast_inc 0 eta_inc 744404 multi_dec -1956999 quick_dec -99426 nack_dec -253150
Flow Uec_1884_7 flowId 551 uecSrc 550 finished at 27894.2 total messages 1 total packets 2448 RTS 0 total bytes 10002528 in_flight now 0 fair_inc 477261 prop_inc 19461 fast_inc 0 eta_inc 736656 multi_dec -1852590 quick_dec -23536 nack_dec -249000
Flow Uec_974_2773 flowId 1596 uecSrc 1595 finished at 27895.2 total messages 1 total packets 2448 RTS 0 total bytes 10002528 in_flight now 0 fair_inc 506099 prop_inc 11647 fast_inc 0 eta_inc 740828 multi_dec -1961091 quick_dec -63398 nack_dec -253150
Flow Uec_2773_934 flowId 1209 uecSrc 1208 finished at 27895.4 total messages 1 total packets 2448 RTS 0 total bytes 10002528 in_flight now 0 fair_inc 526644 prop_inc 3856 fast_inc 0 eta_inc 730696 multi_dec -2001188 quick_dec -15146 nack_dec -273900
Flow Uec_1612_3441 flowId 1081 uecSrc 1080 finished at 27898.1 total messages 1 total packets 2448 RTS 0 total bytes 10002528 in_flight now 0 fair_inc 488821 prop_inc 10564 fast_inc 0 eta_inc 734868 multi_dec -1999749 quick_dec -16768 nack_dec -228250
Flow Uec_1906_4 flowId 1442 uecSrc 1441 finished at 27905.9 total messages 1 total packets 2448 RTS 0 total bytes 10002528 in_flight now 0 fair_inc 453443 prop_inc 20776 fast_inc 0 eta_inc 737252 multi_dec -1918762 quick_dec -33665 nack_dec -236550
Flow Uec_3524_1722 flowId 859 uecSrc 858 finished at 27909.5 total messages 1 total packets 2448 RTS 0 total bytes 10002528 in_flight now 0 fair_inc 468574 prop_inc 7600 fast_inc 0 eta_inc 739040 multi_dec -1903840 quick_dec -48385 nack_dec -257300
Flow Uec_420_2192 flowId 24 uecSrc 23 finished at 27923.3 total messages 1 total packets 2448 RTS 0 total bytes 10002528 in_flight now 0 fair_inc 454259 prop_inc 22559 fast_inc 0 eta_inc 746788 multi_dec -1839887 quick_dec -44800 nack_dec -253150
Flow Uec_1601_3442 flowId 564 uecSrc 563 finished at 27931.1 total messages 1 total packets 2448 RTS 0 total bytes 10002528 in_flight now 0 fair_inc 544258 prop_inc 7115 fast_inc 0 eta_inc 734868 multi_dec -1977569 quick_dec -70840 nack_dec -261450
Flow Uec_427_2187 flowId 508 uecSrc 507 finished at 27932.7 total messages 1 total packets 2448 RTS 0 total bytes 10002528 in_flight now 0 fair_inc 497651 prop_inc 11383 fast_inc 0 eta_inc 747384 multi_dec -1965357 quick_dec -36923 nack_dec -244850
Flow Uec_644_2490 flowId 520 uecSrc 519 finished at 27934.3 total messages 1 total packets 2448 RTS 0 total bytes 10002528 in_flight now 0 fair_inc 522829 prop_inc 12156 fast_inc 0 eta_inc 737848 multi_dec -1979914 quick_dec -11397 nack_dec -219950
Flow Uec_3560_1713 flowId 833 uecSrc 832 finished at 27954.1 total messages 1 total packets 2448 RTS 0 total bytes 10002528 in_flight now 0 fair_inc 496794 prop_inc 12979 fast_inc 0 eta_inc 740232 multi_dec -1944948 quick_dec -36931 nack_dec -249000
Flow Uec_1021_2765 flowId 1465 uecSrc 1464 finished at 27955 total messages 1 total packets 2448 RTS 0 total bytes 10002528 in_flight now 0 fair_inc 454178 prop_inc 12543 fast_inc 0 eta_inc 740828 multi_dec -1908115 quick_dec -63013 nack_dec -219950
Flow Uec_1005_2776 flowId 467 uecSrc 466 finished at 27963.4 total messages 1 total packets 2448 RTS 0 total bytes 10002528 in_flight now 0 fair_inc 474534 prop_inc 16287 fast_inc 0 eta_inc 741424 multi_dec -1873920 quick_dec -75094 nack_dec -236550
Flow Uec_397_2178 flowId 1358 uecSrc 1357 finished at 27967.4 total messages 1 total packets 2448 RTS 0 total bytes 10002528 in_flight now 0 fair_inc 481238 prop_inc 13636 fast_inc 0 eta_inc 740828 multi_dec -1903386 quick_dec -73612 nack_dec -257300
Flow Uec_3548_1698 flowId 1399 uecSrc 1398 finished at 27969.2 total messages 1 total packets 2448 RTS 0 total bytes 10002528 in_flight now 0 fair_inc 494193 prop_inc 9020 fast_inc 0 eta_inc 738444 multi_dec -1960375 quick_dec -42373 nack_dec -257300
Flow Uec_694_2453 flowId 155 uecSrc 154 finished at 27983.3 total messages 1 total packets 2448 RTS 0 total bytes 10002528 in_flight now 0 fair_inc 490496 prop_inc 9998 fast_inc 0 eta_inc 739636 multi_dec -1956438 quick_dec -92675 nack_dec -232400
Flow Uec_2243_429 flowId 1509 uecSrc 1508 finished at 27983.5 total messages 1 total packets 2448 RTS 0 total bytes 10002528 in_flight now 0 fair_inc 509854 prop_inc 15223 fast_inc 0 eta_inc 737848 multi_dec -1937387 quick_dec -52132 nack_dec -244850
Flow Uec_2627_811 flowId 535 uecSrc 534 finished at 27995.6 total messages 1 total packets 2448 RTS 0 total bytes 10002528 in_flight now 0 fair_inc 511734 prop_inc 13052 fast_inc 0 eta_inc 736060 multi_dec -2044461 quick_dec -29999 nack_dec -240700
Flow Uec_702_2452 flowId 295 uecSrc 294 finished at 27999.2 total messages 1 total packets 2448 RTS 0 total bytes 10002528 in_flight now 0 fair_inc 530496 prop_inc 12349 fast_inc 0 eta_inc 739040 multi_dec -1945849 quick_dec -63407 nack_dec -265600
Flow Uec_2636_784 flowId 312 uecSrc 311 finished at 28001.4 total messages 1 total packets 2448 RTS 0 total bytes 10002528 in_flight now 0 fair_inc 482233 prop_inc 8312 fast_inc 0 eta_inc 737252 multi_dec -2018254 quick_dec -22025 nack_dec -236550
Flow Uec_662_2451 flowId 1790 uecSrc 1789 finished at 28002.4 total messages 1 total packets 2448 RTS 0 total bytes 10002528 in_flight now 0 fair_inc 468261 prop_inc 9875 fast_inc 0 eta_inc 739636 multi_dec -1939834 quick_dec -48770 nack_dec -228250
Flow Uec_2648_798 flowId 400 uecSrc 399 finished at 28005.8 total messages 1 total packets 2448 RTS 0 total bytes 10002528 in_flight now 0 fair_inc 518256 prop_inc 9545 fast_inc 0 eta_inc 734868 multi_dec -1987284 quick_dec -114702 nack_dec -307100
Flow Uec_1866_57 flowId 1039 uecSrc 1038 finished at 28011.7 total messages 1 total packets 2448 RTS 0 total bytes 10002528 in_flight now 0 fair_inc 451635 prop_inc 14765 fast_inc 0 eta_inc 742020 multi_dec -1900456 quick_dec -76928 nack_dec -244850
Flow Uec_1012_2777 flowId 1702 uecSrc 1701 finished at 28012.1 total messages 1 total packets 2448 RTS 0 total bytes 10002528 in_flight now 0 fair_inc 468920 prop_inc 12876 fast_inc 0 eta_inc 740828 multi_dec -1929262 quick_dec -74945 nack_dec -236550
Flow Uec_1916_52 flowId 1435 uecSrc 1434 finished at 28024.7 total messages 1 total packets 2448 RTS 0 total bytes 10002528 in_flight now 0 fair_inc 435216 prop_inc 26430 fast_inc 0 eta_inc 743808 multi_dec -1857145 quick_dec -48092 nack_dec -257300
Flow Uec_3536_1711 flowId 99 uecSrc 98 finished at 28025 total messages 1 total packets 2448 RTS 0 total bytes 10002528 in_flight now 0 fair_inc 494114 prop_inc 15201 fast_inc 0 eta_inc 740828 multi_dec -1951513 quick_dec -63331 nack_dec -240700
Flow Uec_2248_402 flowId 487 uecSrc 486 finished at 28029.7 total messages 1 total packets 2448 RTS 0 total bytes 10002528 in_flight now 0 fair_inc 517236 prop_inc 13275 fast_inc 0 eta_inc 738444 multi_dec -1991325 quick_dec -56961 nack_dec -269750
Flow Uec_1659_3404 flowId 250 uecSrc 249 finished at 28056.7 total messages 1 total packets 2448 RTS 0 total bytes 10002528 in_flight now 0 fair_inc 484562 prop_inc 16583 fast_inc 0 eta_inc 737848 multi_dec -2018164 quick_dec -52960 nack_dec -240700
Flow Uec_3529_1668 flowId 98 uecSrc 97 finished at 28057.4 total messages 1 total packets 2448 RTS 0 total bytes 10002528 in_flight now 0 fair_inc 509103 prop_inc 11338 fast_inc 0 eta_inc 742616 multi_dec -1986824 quick_dec -50226 nack_dec -240700
Flow Uec_674_2459 flowId 174 uecSrc 173 finished at 28074.9 total messages 1 total packets 2448 RTS 0 total bytes 10002528 in_flight now 0 fair_inc 487670 prop_inc 12479 fast_inc 0 eta_inc 742616 multi_dec -1968181 quick_dec -92446 nack_dec -240700
Flow Uec_3521_1726 flowId 898 uecSrc 897 finished at 28075.5 total messages 1 total packets 2448 RTS 0 total bytes 10002528 in_flight now 0 fair_inc 495044 prop_inc 9365 fast_inc 0 eta_inc 743212 multi_dec -1901467 quick_dec -37991 nack_dec -219950
Flow Uec_1670_3505 flowId 987 uecSrc 986 finished at 28085.5 total messages 1 total packets 2448 RTS 0 total bytes 10002528 in_flight now 0 fair_inc 507683 prop_inc 4692 fast_inc 0 eta_inc 737252 multi_dec -1995952 quick_dec -37579 nack_dec -265600
Flow Uec_2643_779 flowId 272 uecSrc 271 finished at 28086.7 total messages 1 total packets 2448 RTS 0 total bytes 10002528 in_flight now 0 fair_inc 529079 prop_inc 13354 fast_inc 0 eta_inc 737252 multi_dec -1987299 quick_dec -82084 nack_dec -298800
Flow Uec_1341_3111 flowId 200 uecSrc 199 finished at 28098.8 total messages 1 total packets 2448 RTS 0 total bytes 10002528 in_flight now 0 fair_inc 542531 prop_inc 6857 fast_inc 0 eta_inc 727716 multi_dec -1982142 quick_dec -55981 nack_dec -319550
Flow Uec_3565_1700 flowId 1162 uecSrc 1161 finished at 28107.2 total messages 1 total packets 2448 RTS 0 total bytes 10002528 in_flight now 0 fair_inc 472405 prop_inc 12009 fast_inc 0 eta_inc 743808 multi_dec -1996409 quick_dec -61701 nack_dec -244850
Flow Uec_975_2775 flowId 1026 uecSrc 1025 finished at 28107.8 total messages 1 total packets 2448 RTS 0 total bytes 10002528 in_flight now 0 fair_inc 431854 prop_inc 12732 fast_inc 0 eta_inc 745596 multi_dec -1761673 quick_dec -47944 nack_dec -240700
Flow Uec_437_2224 flowId 310 uecSrc 309 finished at 28110.3 total messages 1 total packets 2448 RTS 0 total bytes 10002528 in_flight now 0 fair_inc 500778 prop_inc 13767 fast_inc 0 eta_inc 744404 multi_dec -1974679 quick_dec -39922 nack_dec -253150
Flow Uec_661_2495 flowId 962 uecSrc 961 finished at 28120.1 total messages 1 total packets 2448 RTS 0 total bytes 10002528 in_flight now 0 fair_inc 480395 prop_inc 12569 fast_inc 0 eta_inc 743808 multi_dec -1943486 quick_dec -92758 nack_dec -261450
Flow Uec_1872_63 flowId 1763 uecSrc 1762 finished at 28130.4 total messages 1 total packets 2448 RTS 0 total bytes 10002528 in_flight now 0 fair_inc 445105 prop_inc 26047 fast_inc 0 eta_inc 746192 multi_dec -1879039 quick_dec -86667 nack_dec -265600
Flow Uec_963_2753 flowId 1371 uecSrc 1370 finished at 28139.3 total messages 1 total packets 2448 RTS 0 total bytes 10002528 in_flight now 0 fair_inc 442152 prop_inc 16944 fast_inc 0 eta_inc 748576 multi_dec -1865166 quick_dec -33112 nack_dec -211650
Flow Uec_683_2471 flowId 1339 uecSrc 1338 finished at 28141.9 total messages 1 total packets 2448 RTS 0 total bytes 10002528 in_flight now 0 fair_inc 455330 prop_inc 25961 fast_inc 0 eta_inc 743212 multi_dec -1879243 quick_dec -112150 nack_dec -261450
Flow Uec_392_2234 flowId 282 uecSrc 281 finished at 28147.5 total messages 1 total packets 2448 RTS 0 total bytes 10002528 in_flight now 0 fair_inc 481182 prop_inc 13471 fast_inc 0 eta_inc 746788 multi_dec -1868442 quick_dec -103215 nack_dec -265600
Flow Uec_982_2809 flowId 499 uecSrc 498 finished at 28153.8 total messages 1 total packets 2448 RTS 0 total bytes 10002528 in_flight now 0 fair_inc 474337 prop_inc 9381 fast_inc 0 eta_inc 746192 multi_dec -1902891 quick_dec -56747 nack_dec -253150
Flow Uec_3537_1716 flowId 1388 uecSrc 1387 finished at 28163.7 total messages 1 total packets 2448 RTS 0 total bytes 10002528 in_flight now 0 fair_inc 489466 prop_inc 12172 fast_inc 0 eta_inc 745000 multi_dec -1992490 quick_dec -28499 nack_dec -249000
Flow Uec_3542_1712 flowId 577 uecSrc 576 finished at 28165.1 total messages 1 total packets 2448 RTS 0 total bytes 10002528 in_flight now 0 fair_inc 487316 prop_inc 9661 fast_inc 0 eta_inc 744404 multi_dec -1952926 quick_dec -16363 nack_dec -236550
Flow Uec_1397_3160 flowId 148 uecSrc 147 finished at 28185.2 total messages 1 total packets 2448 RTS 0 total bytes 10002528 in_flight now 0 fair_inc 505630 prop_inc 6507 fast_inc 0 eta_inc 745596 multi_dec -1996903 quick_dec -63650 nack_dec -257300
Flow Uec_1615_3393 flowId 1141 uecSrc 1140 finished at 28192 total messages 1 total packets 2448 RTS 0 total bytes 10002528 in_flight now 0 fair_inc 517200 prop_inc 5869 fast_inc 0 eta_inc 743212 multi_dec -2019968 quick_dec -76039 nack_dec -228250
Flow Uec_669_2481 flowId 16 uecSrc 15 finished at 28192.8 total messages 1 total packets 2448 RTS 0 total bytes 10002528 in_flight now 0 fair_inc 473320 prop_inc 17468 fast_inc 0 eta_inc 747980 multi_dec -1900909 quick_dec --2257 nack_dec -236550
Flow Uec_961_2771 flowId 274 uecSrc 273 finished at 28192.9 total messages 1 total packets 2448 RTS 0 total bytes 10002528 in_flight now 0 fair_inc 467540 prop_inc 14005 fast_inc 0 eta_inc 755132 multi_dec -1891386 quick_dec -63601 nack_dec -232400
Flow Uec_2264_411 flowId 128 uecSrc 127 finished at 28196 total messages 1 total packets 2448 RTS 0 total bytes 10002528 in_flight now 0 fair_inc 506160 prop_inc 7834 fast_inc 0 eta_inc 742020 multi_dec -1932325 quick_dec -49882 nack_dec -315400
Flow Uec_980_2754 flowId 944 uecSrc 943 finished at 28196.7 total messages 1 total packets 2448 RTS 0 total bytes 10002528 in_flight now 0 fair_inc 438646 prop_inc 15042 fast_inc 0 eta_inc 746788 multi_dec -1726266 quick_dec -60837 nack_dec -228250
Flow Uec_1404_3192 flowId 1401 uecSrc 1400 finished at 28201.3 total messages 1 total packets 2448 RTS 0 total bytes 10002528 in_flight now 0 fair_inc 461235 prop_inc 12205 fast_inc 0 eta_inc 739040 multi_dec -1914432 quick_dec -99331 nack_dec -294650
Flow Uec_434_2185 flowId 147 uecSrc 146 finished at 28202.5 total messages 1 total packets 2448 RTS 0 total bytes 10002528 in_flight now 0 fair_inc 482292 prop_inc 11545 fast_inc 0 eta_inc 747384 multi_dec -1855677 quick_dec -57399 nack_dec -273900
Flow Uec_417_2199 flowId 138 uecSrc 137 finished at 28210.6 total messages 1 total packets 2448 RTS 0 total bytes 10002528 in_flight now 0 fair_inc 473045 prop_inc 8732 fast_inc 0 eta_inc 749172 multi_dec -1841069 quick_dec -65516 nack_dec -244850
Flow Uec_2291_445 flowId 1407 uecSrc 1406 finished at 28213.6 total messages 1 total packets 2448 RTS 0 total bytes 10002528 in_flight now 0 fair_inc 499029 prop_inc 10114 fast_inc 0 eta_inc 746788 multi_dec -1935933 quick_dec -62297 nack_dec -278050
Flow Uec_2254_419 flowId 456 uecSrc 455 finished at 28216.3 total messages 1 total packets 2448 RTS 0 total bytes 10002528 in_flight now 0 fair_inc 483076 prop_inc 15089 fast_inc 0 eta_inc 744404 multi_dec -1929729 quick_dec -65126 nack_dec -269750
Flow Uec_2656_819 flowId 804 uecSrc 803 finished at 28216.6 total messages 1 total packets 2448 RTS 0 total bytes 10002528 in_flight now 0 fair_inc 503911 prop_inc 9935 fast_inc 0 eta_inc 741424 multi_dec -1921279 quick_dec -39866 nack_dec -286350
Flow Uec_640_2432 flowId 1293 uecSrc 1292 finished at 28224.8 total messages 1 total packets 2448 RTS 0 total bytes 10002528 in_flight now 0 fair_inc 479547 prop_inc 12333 fast_inc 0 eta_inc 747384 multi_dec -1879832 quick_dec -58382 nack_dec -244850
Flow Uec_438_2226 flowId 715 uecSrc 714 finished at 28229 total messages 1 total packets 2448 RTS 0 total bytes 10002528 in_flight now 0 fair_inc 470683 prop_inc 11253 fast_inc 0 eta_inc 747980 multi_dec -1876903 quick_dec -43787 nack_dec -253150
Flow Uec_1013_2798 flowId 1477 uecSrc 1476 finished at 28231 total messages 1 total packets 2448 RTS 0 total bytes 10002528 in_flight now 0 fair_inc 467776 prop_inc 14836 fast_inc 0 eta_inc 749172 multi_dec -1895344 quick_dec -10888 nack_dec -228250
Flow Uec_3534_1665 flowId 669 uecSrc 668 finished at 28237 total messages 1 total packets 2448 RTS 0 total bytes 10002528 in_flight now 0 fair_inc 469816 prop_inc 8949 fast_inc 0 eta_inc 746192 multi_dec -1866505 quick_dec -66755 nack_dec -265600
Flow Uec_967_2761 flowId 1466 uecSrc 1465 finished at 28238.8 total messages 1 total packets 2448 RTS 0 total bytes 10002528 in_flight now 0 fair_inc 483796 prop_inc 15575 fast_inc 0 eta_inc 747384 multi_dec -1871577 quick_dec -51115 nack_dec -240700
Flow Uec_1888_47 flowId 590 uecSrc 589 finished at 28244.1 total messages 1 total packets 2448 RTS 0 total bytes 10002528 in_flight now 0 fair_inc 446270 prop_inc 13530 fast_inc 0 eta_inc 747384 multi_dec -1820385 quick_dec -52550 nack_dec -257300
Flow Uec_391_2230 flowId 48 uecSrc 47 finished at 28246.6 total messages 1 total packets 2448 RTS 0 total bytes 10002528 in_flight now 0 fair_inc 496394 prop_inc 9762 fast_inc 0 eta_inc 749768 multi_dec -1916276 quick_dec -68643 nack_dec -240700
Flow Uec_1910_14 flowId 1686 uecSrc 1685 finished at 28249.2 total messages 1 total packets 2448 RTS 0 total bytes 10002528 in_flight now 0 fair_inc 437535 prop_inc 18923 fast_inc 0 eta_inc 750364 multi_dec -1814040 quick_dec -60673 nack_dec -249000
Flow Uec_675_2436 flowId 1430 uecSrc 1429 finished at 28250.2 total messages 1 total packets 2448 RTS 0 total bytes 10002528 in_flight now 0 fair_inc 473484 prop_inc 8290 fast_inc 0 eta_inc 748576 multi_dec -1904386 quick_dec -46151 nack_dec -224100
Flow Uec_387_2196 flowId 998 uecSrc 997 finished at 28251.2 total messages 1 total packets 2448 RTS 0 total bytes 10002528 in_flight now 0 fair_inc 440217 prop_inc 19178 fast_inc 0 eta_inc 757516 multi_dec -1791006 quick_dec -38719 nack_dec -265600
Flow Uec_3543_1710 flowId 1261 uecSrc 1260 finished at 28256 total messages 1 total packets 2448 RTS 0 total bytes 10002528 in_flight now 0 fair_inc 465907 prop_inc 11869 fast_inc 0 eta_inc 748576 multi_dec -1895350 quick_dec -23669 nack_dec -257300
Flow Uec_418_2215 flowId 639 uecSrc 638 finished at 28257.6 total messages 1 total packets 2448 RTS 0 total bytes 10002528 in_flight now 0 fair_inc 453157 prop_inc 19369 fast_inc 0 eta_inc 747384 multi_dec -1824978 quick_dec -68852 nack_dec -278050
Flow Uec_1856_25 flowId 1202 uecSrc 1201 finished at 28267.3 total messages 1 total packets 2448 RTS 0 total bytes 10002528 in_flight now 0 fair_inc 408766 prop_inc 27404 fast_inc 0 eta_inc 749172 multi_dec -1759593 quick_dec -18137 nack_dec -224100
Flow Uec_3559_1685 flowId 494 uecSrc 493 finished at 28268.5 total messages 1 total packets 2448 RTS 0 total bytes 10002528 in_flight now 0 fair_inc 471269 prop_inc 13415 fast_inc 0 eta_inc 752152 multi_dec -1846860 quick_dec -55848 nack_dec -236550
Flow Uec_1389_3187 flowId 1093 uecSrc 1092 finished at 28271.8 total messages 1 total packets 2448 RTS 0 total bytes 10002528 in_flight now 0 fair_inc 479053 prop_inc 9980 fast_inc 0 eta_inc 742020 multi_dec -1977070 quick_dec -62891 nack_dec -244850
Flow Uec_3550_1706 flowId 355 uecSrc 354 finished at 28286.1 total messages 1 total packets 2448 RTS 0 total bytes 10002528 in_flight now 0 fair_inc 501227 prop_inc 11564 fast_inc 0 eta_inc 750960 multi_dec -1967906 quick_dec -90956 nack_dec -253150
Flow Uec_3539_1669 flowId 575 uecSrc 574 finished at 28286.4 total messages 1 total packets 2448 RTS 0 total bytes 10002528 in_flight now 0 fair_inc 453641 prop_inc 17749 fast_inc 0 eta_inc 748576 multi_dec -1821738 quick_dec -29625 nack_dec -236550
Flow Uec_441_2201 flowId 1800 uecSrc 1799 finished at 28292.1 total messages 1 total packets 2448 RTS 0 total bytes 10002528 in_flight now 0 fair_inc 450238 prop_inc 35807 fast_inc 0 eta_inc 751556 multi_dec -1814741 quick_dec -103270 nack_dec -253150
Flow Uec_1631_3428 flowId 1791 uecSrc 1790 finished at 28299 total messages 1 total packets 2448 RTS 0 total bytes 10002528 in_flight now 0 fair_inc 510758 prop_inc 9342 fast_inc 0 eta_inc 741424 multi_dec -1929829 quick_dec -124535 nack_dec -282200
Flow Uec_676_2443 flowId 1020 uecSrc 1019 finished at 28302.4 total messages 1 total packets 2448 RTS 0 total bytes 10002528 in_flight now 0 fair_inc 475645 prop_inc 20036 fast_inc 0 eta_inc 748576 multi_dec -1840070 quick_dec -49170 nack_dec -249000
Flow Uec_1880_10 flowId 1600 uecSrc 1599 finished at 28304.9 total messages 1 total packets 2448 RTS 0 total bytes 10002528 in_flight now 0 fair_inc 444528 prop_inc 32354 fast_inc 0 eta_inc 750364 multi_dec -1750576 quick_dec -45541 nack_dec -224100
Flow Uec_1883_18 flowId 920 uecSrc 919 finished at 28315.7 total messages 1 total packets 2448 RTS 0 total bytes 10002528 in_flight now 0 fair_inc 487417 prop_inc 25312 fast_inc 0 eta_inc 752152 multi_dec -1886104 quick_dec -61866 nack_dec -261450
Flow Uec_1360_3139 flowId 69 uecSrc 68 finished at 28319.7 total messages 1 total packets 2448 RTS 0 total bytes 10002528 in_flight now 0 fair_inc 511767 prop_inc 8859 fast_inc 0 eta_inc 744404 multi_dec -2002198 quick_dec -41768 nack_dec -224100
Flow Uec_711_2530 flowId 1505 uecSrc 1504 finished at 28321.6 total messages 1 total packets 2448 RTS 0 total bytes 10002528 in_flight now 0 fair_inc 471981 prop_inc 7688 fast_inc 0 eta_inc 742020 multi_dec -1883408 quick_dec -67900 nack_dec -282200
Flow Uec_409_2235 flowId 1530 uecSrc 1529 finished at 28325.6 total messages 1 total packets 2448 RTS 0 total bytes 10002528 in_flight now 0 fair_inc 480317 prop_inc 53856 fast_inc 0 eta_inc 753940 multi_dec -1873089 quick_dec -38144 nack_dec -249000
Flow Uec_1907_8 flowId 1330 uecSrc 1329 finished at 28326.8 total messages 1 total packets 2448 RTS 0 total bytes 10002528 in_flight now 0 fair_inc 429587 prop_inc 36837 fast_inc 0 eta_inc 750960 multi_dec -1821117 quick_dec -50343 nack_dec -228250
Flow Uec_2475_610 flowId 385 uecSrc 384 finished at 28329.9 total messages 1 total packets 2448 RTS 0 total bytes 10002528 in_flight now 0 fair_inc 523813 prop_inc 5360 fast_inc 0 eta_inc 745000 multi_dec -2062160 quick_dec -25008 nack_dec -253150
Flow Uec_1008_2804 flowId 1327 uecSrc 1326 finished at 28329.9 total messages 1 total packets 2448 RTS 0 total bytes 10002528 in_flight now 0 fair_inc 452119 prop_inc 32747 fast_inc 0 eta_inc 751556 multi_dec -1851900 quick_dec -58278 nack_dec -261450
Flow Uec_3522_1681 flowId 368 uecSrc 367 finished at 28332 total messages 1 total packets 2448 RTS 0 total bytes 10002528 in_flight now 0 fair_inc 423441 prop_inc 32317 fast_inc 0 eta_inc 750364 multi_dec -1740585 quick_dec -44937 nack_dec -240700
Flow Uec_1379_3171 flowId 977 uecSrc 976 finished at 28336.1 total messages 1 total packets 2448 RTS 0 total bytes 10002528 in_flight now 0 fair_inc 509293 prop_inc 9302 fast_inc 0 eta_inc 742616 multi_dec -1942591 quick_dec -45014 nack_dec -257300
Flow Uec_1898_24 flowId 1623 uecSrc 1622 finished at 28338.1 total messages 1 total packets 2448 RTS 0 total bytes 10002528 in_flight now 0 fair_inc 439548 prop_inc 37715 fast_inc 0 eta_inc 753344 multi_dec -1851382 quick_dec -76815 nack_dec -244850
Flow Uec_2492_611 flowId 153 uecSrc 152 finished at 28359.9 total messages 1 total packets 2448 RTS 0 total bytes 10002528 in_flight now 0 fair_inc 501336 prop_inc 10739 fast_inc 0 eta_inc 745596 multi_dec -1975961 quick_dec -52864 nack_dec -261450
Flow Uec_655_2457 flowId 892 uecSrc 891 finished at 28364 total messages 1 total packets 2448 RTS 0 total bytes 10002528 in_flight now 0 fair_inc 450502 prop_inc 29324 fast_inc 0 eta_inc 753940 multi_dec -1839015 quick_dec -159784 nack_dec -249000
Flow Uec_3582_1719 flowId 1231 uecSrc 1230 finished at 28364.3 total messages 1 total packets 2448 RTS 0 total bytes 10002528 in_flight now 0 fair_inc 453907 prop_inc 36954 fast_inc 0 eta_inc 759304 multi_dec -1837126 quick_dec -41905 nack_dec -232400
Flow Uec_1656_3444 flowId 542 uecSrc 541 finished at 28364.8 total messages 1 total packets 2448 RTS 0 total bytes 10002528 in_flight now 0 fair_inc 483422 prop_inc 12355 fast_inc 0 eta_inc 745596 multi_dec -1953062 quick_dec -7052 nack_dec -265600
Flow Uec_2488_622 flowId 1497 uecSrc 1496 finished at 28366.2 total messages 1 total packets 2448 RTS 0 total bytes 10002528 in_flight now 0 fair_inc 468664 prop_inc 8712 fast_inc 0 eta_inc 743808 multi_dec -2025334 quick_dec -64431 nack_dec -261450
Flow Uec_2685_817 flowId 552 uecSrc 551 finished at 28370.7 total messages 1 total packets 2448 RTS 0 total bytes 10002528 in_flight now 0 fair_inc 541950 prop_inc 11952 fast_inc 0 eta_inc 744404 multi_dec -2052674 quick_dec -25654 nack_dec -311250
Flow Uec_998_2785 flowId 1138 uecSrc 1137 finished at 28381.2 total messages 1 total packets 2448 RTS 0 total bytes 10002528 in_flight now 0 fair_inc 395521 prop_inc 34505 fast_inc 0 eta_inc 754536 multi_dec -1717470 quick_dec -34163 nack_dec -253150
Flow Uec_665_2462 flowId 1366 uecSrc 1365 finished at 28385 total messages 1 total packets 2448 RTS 0 total bytes 10002528 in_flight now 0 fair_inc 433575 prop_inc 30018 fast_inc 0 eta_inc 751556 multi_dec -1802845 quick_dec -61682 nack_dec -265600
Flow Uec_2687_829 flowId 978 uecSrc 977 finished at 28387.5 total messages 1 total packets 2448 RTS 0 total bytes 10002528 in_flight now 0 fair_inc 528457 prop_inc 14230 fast_inc 0 eta_inc 746788 multi_dec -1982027 quick_dec -71886 nack_dec -298800
Flow Uec_1643_3406 flowId 451 uecSrc 450 finished at 28392.2 total messages 1 total packets 2448 RTS 0 total bytes 10002528 in_flight now 0 fair_inc 483118 prop_inc 12604 fast_inc 0 eta_inc 749768 multi_dec -1982863 quick_dec -86129 nack_dec -219950
Flow Uec_411_2209 flowId 1150 uecSrc 1149 finished at 28394.3 total messages 1 total packets 2448 RTS 0 total bytes 10002528 in_flight now 0 fair_inc 404219 prop_inc 71527 fast_inc 0 eta_inc 756324 multi_dec -1805676 quick_dec -114515 nack_dec -219950
Flow Uec_1647_3397 flowId 141 uecSrc 140 finished at 28395.7 total messages 1 total packets 2448 RTS 0 total bytes 10002528 in_flight now 0 fair_inc 493639 prop_inc 17396 fast_inc 0 eta_inc 749768 multi_dec -1943017 quick_dec -119279 nack_dec -232400
Flow Uec_1605_3430 flowId 865 uecSrc 864 finished at 28397.8 total messages 1 total packets 2448 RTS 0 total bytes 10002528 in_flight now 0 fair_inc 474249 prop_inc 13434 fast_inc 0 eta_inc 747384 multi_dec -1950564 quick_dec -90962 nack_dec -249000
Flow Uec_2631_800 flowId 1742 uecSrc 1741 finished at 28400.1 total messages 1 total packets 2448 RTS 0 total bytes 10002528 in_flight now 0 fair_inc 493280 prop_inc 16071 fast_inc 0 eta_inc 747384 multi_dec -1925821 quick_dec -52041 nack_dec -240700
Flow Uec_657_2476 flowId 260 uecSrc 259 finished at 28402.1 total messages 1 total packets 2448 RTS 0 total bytes 10002528 in_flight now 0 fair_inc 425303 prop_inc 37342 fast_inc 0 eta_inc 752748 multi_dec -1823167 quick_dec -23459 nack_dec -249000
Flow Uec_3569_1717 flowId 909 uecSrc 908 finished at 28413.9 total messages 1 total packets 2448 RTS 0 total bytes 10002528 in_flight now 0 fair_inc 379708 prop_inc 52208 fast_inc 0 eta_inc 756920 multi_dec -1806432 quick_dec -62001 nack_dec -203350
Flow Uec_1618_3439 flowId 251 uecSrc 250 finished at 28415.9 total messages 1 total packets 2448 RTS 0 total bytes 10002528 in_flight now 0 fair_inc 502911 prop_inc 13293 fast_inc 0 eta_inc 746788 multi_dec -1865725 quick_dec -81723 nack_dec -290500
Flow Uec_1871_28 flowId 1797 uecSrc 1796 finished at 28417 total messages 1 total packets 2448 RTS 0 total bytes 10002528 in_flight now 0 fair_inc 364487 prop_inc 73603 fast_inc 0 eta_inc 755132 multi_dec -1770866 quick_dec -39428 nack_dec -224100
Flow Uec_1001_2766 flowId 497 uecSrc 496 finished at 28422.2 total messages 1 total packets 2448 RTS 0 total bytes 10002528 in_flight now 0 fair_inc 404604 prop_inc 38595 fast_inc 0 eta_inc 756920 multi_dec -1818456 quick_dec -43128 nack_dec -219950
Flow Uec_3527_1686 flowId 56 uecSrc 55 finished at 28423.7 total messages 1 total packets 2448 RTS 0 total bytes 10002528 in_flight now 0 fair_inc 380274 prop_inc 60511 fast_inc 0 eta_inc 755728 multi_dec -1736829 quick_dec -54706 nack_dec -236550
Flow Uec_1889_21 flowId 1243 uecSrc 1242 finished at 28425.7 total messages 1 total packets 2448 RTS 0 total bytes 10002528 in_flight now 0 fair_inc 418670 prop_inc 72252 fast_inc 0 eta_inc 756920 multi_dec -1745712 quick_dec -63166 nack_dec -253150
Flow Uec_421_2218 flowId 1425 uecSrc 1424 finished at 28433 total messages 1 total packets 2448 RTS 0 total bytes 10002528 in_flight now 0 fair_inc 403831 prop_inc 82664 fast_inc 0 eta_inc 756920 multi_dec -1763137 quick_dec -44609 nack_dec -253150
Flow Uec_2659_773 flowId 799 uecSrc 798 finished at 28440.5 total messages 1 total packets 2448 RTS 0 total bytes 10002528 in_flight now 0 fair_inc 521694 prop_inc 12210 fast_inc 0 eta_inc 749768 multi_dec -2008813 quick_dec -45365 nack_dec -253150
Flow Uec_642_2467 flowId 1414 uecSrc 1413 finished at 28454.1 total messages 1 total packets 2448 RTS 0 total bytes 10002528 in_flight now 0 fair_inc 392794 prop_inc 68843 fast_inc 0 eta_inc 756920 multi_dec -1766444 quick_dec -46128 nack_dec -211650
Flow Uec_976_2812 flowId 492 uecSrc 491 finished at 28454.2 total messages 1 total packets 2448 RTS 0 total bytes 10002528 in_flight now 0 fair_inc 371040 prop_inc 54269 fast_inc 0 eta_inc 755728 multi_dec -1732882 quick_dec -21266 nack_dec -265600
Flow Uec_977_2780 flowId 501 uecSrc 500 finished at 28467.4 total messages 1 total packets 2448 RTS 0 total bytes 10002528 in_flight now 0 fair_inc 393693 prop_inc 64603 fast_inc 0 eta_inc 755132 multi_dec -1751116 quick_dec -47840 nack_dec -244850
Flow Uec_691_2458 flowId 951 uecSrc 950 finished at 28475.2 total messages 1 total packets 2448 RTS 0 total bytes 10002528 in_flight now 0 fair_inc 362736 prop_inc 77349 fast_inc 0 eta_inc 758112 multi_dec -1723798 quick_dec -35853 nack_dec -240700
Flow Uec_1667_3491 flowId 1638 uecSrc 1637 finished at 28482.1 total messages 1 total packets 2448 RTS 0 total bytes 10002528 in_flight now 0 fair_inc 513776 prop_inc 8617 fast_inc 0 eta_inc 744404 multi_dec -2069445 quick_dec -37935 nack_dec -273900
Flow Uec_1680_3507 flowId 605 uecSrc 604 finished at 28486.8 total messages 1 total packets 2448 RTS 0 total bytes 10002528 in_flight now 0 fair_inc 493774 prop_inc 7055 fast_inc 0 eta_inc 745596 multi_dec -2014606 quick_dec -39192 nack_dec -278050
Flow Uec_2245_422 flowId 322 uecSrc 321 finished at 28489.1 total messages 1 total packets 2448 RTS 0 total bytes 10002528 in_flight now 0 fair_inc 501975 prop_inc 9509 fast_inc 0 eta_inc 752152 multi_dec -2043911 quick_dec -24328 nack_dec -232400
Flow Uec_447_2197 flowId 968 uecSrc 967 finished at 28489.7 total messages 1 total packets 2448 RTS 0 total bytes 10002528 in_flight now 0 fair_inc 362370 prop_inc 116642 fast_inc 10497 eta_inc 758112 multi_dec -1709521 quick_dec -47814 nack_dec -282200
Flow Uec_3545_1676 flowId 262 uecSrc 261 finished at 28498.5 total messages 1 total packets 2448 RTS 0 total bytes 10002528 in_flight now 0 fair_inc 371395 prop_inc 103617 fast_inc 0 eta_inc 760496 multi_dec -1813548 quick_dec -63484 nack_dec -244850
Flow Uec_1897_12 flowId 363 uecSrc 362 finished at 28499.5 total messages 1 total packets 2448 RTS 0 total bytes 10002528 in_flight now 0 fair_inc 361008 prop_inc 123500 fast_inc 0 eta_inc 758708 multi_dec -1721087 quick_dec -48510 nack_dec -240700
Flow Uec_759_2539 flowId 1676 uecSrc 1675 finished at 28501.4 total messages 1 total packets 2448 RTS 0 total bytes 10002528 in_flight now 0 fair_inc 499587 prop_inc 6543 fast_inc 0 eta_inc 747384 multi_dec -1935272 quick_dec -48258 nack_dec -286350
Flow Uec_1669_3485 flowId 1065 uecSrc 1064 finished at 28514.9 total messages 1 total packets 2448 RTS 0 total bytes 10002528 in_flight now 0 fair_inc 464794 prop_inc 8217 fast_inc 0 eta_inc 746788 multi_dec -1942596 quick_dec -46367 nack_dec -232400
Flow Uec_1632_3429 flowId 1659 uecSrc 1658 finished at 28534.5 total messages 1 total packets 2448 RTS 0 total bytes 10002528 in_flight now 0 fair_inc 488435 prop_inc 13860 fast_inc 0 eta_inc 750960 multi_dec -2004227 quick_dec -54114 nack_dec -261450
Flow Uec_1714_3482 flowId 1100 uecSrc 1099 finished at 28541.6 total messages 1 total packets 2448 RTS 0 total bytes 10002528 in_flight now 0 fair_inc 506344 prop_inc 7498 fast_inc 0 eta_inc 746788 multi_dec -2066081 quick_dec -27376 nack_dec -257300
Flow Uec_2292_391 flowId 1607 uecSrc 1606 finished at 28548.3 total messages 1 total packets 2448 RTS 0 total bytes 10002528 in_flight now 0 fair_inc 474826 prop_inc 11519 fast_inc 0 eta_inc 752748 multi_dec -1916870 quick_dec -76655 nack_dec -294650
Flow Uec_2251_441 flowId 709 uecSrc 708 finished at 28555.8 total messages 1 total packets 2448 RTS 0 total bytes 10002528 in_flight now 0 fair_inc 459912 prop_inc 15580 fast_inc 0 eta_inc 752748 multi_dec -1872459 quick_dec -48812 nack_dec -261450
Flow Uec_2280_388 flowId 712 uecSrc 711 finished at 28564.4 total messages 1 total packets 2448 RTS 0 total bytes 10002528 in_flight now 0 fair_inc 479639 prop_inc 10272 fast_inc 0 eta_inc 754536 multi_dec -1966714 quick_dec -10065 nack_dec -244850
Flow Uec_2284_447 flowId 1645 uecSrc 1644 finished at 28582.6 total messages 1 total packets 2448 RTS 0 total bytes 10002528 in_flight now 0 fair_inc 487202 prop_inc 12484 fast_inc 0 eta_inc 755132 multi_dec -1959468 quick_dec -41468 nack_dec -244850
Flow Uec_1368_3158 flowId 1527 uecSrc 1526 finished at 28583 total messages 1 total packets 2448 RTS 0 total bytes 10002528 in_flight now 0 fair_inc 433794 prop_inc 18390 fast_inc 0 eta_inc 752152 multi_dec -1912863 quick_dec -14679 nack_dec -219950
Flow Uec_749_2556 flowId 397 uecSrc 396 finished at 28585.2 total messages 1 total packets 2448 RTS 0 total bytes 10002528 in_flight now 0 fair_inc 496626 prop_inc 9881 fast_inc 0 eta_inc 752748 multi_dec -1897112 quick_dec -45610 nack_dec -261450
Flow Uec_1623_3400 flowId 1122 uecSrc 1121 finished at 28587.8 total messages 1 total packets 2448 RTS 0 total bytes 10002528 in_flight now 0 fair_inc 497334 prop_inc 7953 fast_inc 0 eta_inc 750960 multi_dec -1982080 quick_dec -42212 nack_dec -278050
Flow Uec_2686_796 flowId 1307 uecSrc 1306 finished at 28602.3 total messages 1 total packets 2448 RTS 0 total bytes 10002528 in_flight now 0 fair_inc 512216 prop_inc 7472 fast_inc 0 eta_inc 755132 multi_dec -2082488 quick_dec -111866 nack_dec -265600
Flow Uec_2285_386 flowId 505 uecSrc 504 finished at 28609.3 total messages 1 total packets 2448 RTS 0 total bytes 10002528 in_flight now 0 fair_inc 479430 prop_inc 14941 fast_inc 0 eta_inc 755728 multi_dec -1990913 quick_dec -31935 nack_dec -257300
Flow Uec_2468_597 flowId 42 uecSrc 41 finished at 28609.8 total messages 1 total packets 2448 RTS 0 total bytes 10002528 in_flight now 0 fair_inc 510480 prop_inc 9111 fast_inc 0 eta_inc 750960 multi_dec -2034817 quick_dec -17020 nack_dec -253150
Flow Uec_1624_3455 flowId 298 uecSrc 297 finished at 28610.5 total messages 1 total packets 2448 RTS 0 total bytes 10002528 in_flight now 0 fair_inc 486145 prop_inc 13824 fast_inc 0 eta_inc 754536 multi_dec -1959336 quick_dec -69231 nack_dec -240700
Flow Uec_2812_936 flowId 1488 uecSrc 1487 finished at 28614 total messages 1 total packets 2448 RTS 0 total bytes 10002528 in_flight now 0 fair_inc 510469 prop_inc 6716 fast_inc 0 eta_inc 751556 multi_dec -2020886 quick_dec -39859 nack_dec -253150
Flow Uec_2663_777 flowId 1647 uecSrc 1646 finished at 28614.7 total messages 1 total packets 2448 RTS 0 total bytes 10002528 in_flight now 0 fair_inc 529826 prop_inc 11512 fast_inc 0 eta_inc 753344 multi_dec -1994070 quick_dec -72023 nack_dec -249000
Flow Uec_2267_404 flowId 687 uecSrc 686 finished at 28617.7 total messages 1 total packets 2448 RTS 0 total bytes 10002528 in_flight now 0 fair_inc 506034 prop_inc 13721 fast_inc 0 eta_inc 753940 multi_dec -1945525 quick_dec -96936 nack_dec -302950
Flow Uec_2669_788 flowId 227 uecSrc 226 finished at 28618.2 total messages 1 total packets 2448 RTS 0 total bytes 10002528 in_flight now 0 fair_inc 488887 prop_inc 12907 fast_inc 0 eta_inc 753344 multi_dec -1919744 quick_dec -52318 nack_dec -269750
Flow Uec_2634_816 flowId 1031 uecSrc 1030 finished at 28619.6 total messages 1 total packets 2448 RTS 0 total bytes 10002528 in_flight now 0 fair_inc 485951 prop_inc 11006 fast_inc 0 eta_inc 750364 multi_dec -2026970 quick_dec -35817 nack_dec -290500
Flow Uec_2629_809 flowId 1219 uecSrc 1218 finished at 28620.4 total messages 1 total packets 2448 RTS 0 total bytes 10002528 in_flight now 0 fair_inc 447499 prop_inc 14981 fast_inc 0 eta_inc 750960 multi_dec -2004000 quick_dec -47026 nack_dec -269750
Flow Uec_2624_827 flowId 1592 uecSrc 1591 finished at 28654.1 total messages 1 total packets 2448 RTS 0 total bytes 10002528 in_flight now 0 fair_inc 498825 prop_inc 19808 fast_inc 0 eta_inc 754536 multi_dec -1925178 quick_dec -46819 nack_dec -253150
Flow Uec_1702_3517 flowId 1540 uecSrc 1539 finished at 28664.9 total messages 1 total packets 2448 RTS 0 total bytes 10002528 in_flight now 0 fair_inc 471702 prop_inc 10295 fast_inc 0 eta_inc 749768 multi_dec -1980096 quick_dec -60119 nack_dec -257300
Flow Uec_2266_437 flowId 509 uecSrc 508 finished at 28666 total messages 1 total packets 2448 RTS 0 total bytes 10002528 in_flight now 0 fair_inc 486653 prop_inc 6708 fast_inc 0 eta_inc 759304 multi_dec -1959066 quick_dec -37499 nack_dec -240700
Flow Uec_1722_3499 flowId 1101 uecSrc 1100 finished at 28681.3 total messages 1 total packets 2448 RTS 0 total bytes 10002528 in_flight now 0 fair_inc 505674 prop_inc 9228 fast_inc 0 eta_inc 752152 multi_dec -2010907 quick_dec -57871 nack_dec -278050
Flow Uec_723_2519 flowId 1513 uecSrc 1512 finished at 28695.1 total messages 1 total packets 2448 RTS 0 total bytes 10002528 in_flight now 0 fair_inc 495186 prop_inc 8349 fast_inc 0 eta_inc 753344 multi_dec -1965511 quick_dec -48035 nack_dec -286350
Flow Uec_2277_393 flowId 1315 uecSrc 1314 finished at 28711.6 total messages 1 total packets 2448 RTS 0 total bytes 10002528 in_flight now 0 fair_inc 492617 prop_inc 9046 fast_inc 0 eta_inc 756920 multi_dec -1933130 quick_dec -121846 nack_dec -294650
Flow Uec_1285_3134 flowId 348 uecSrc 347 finished at 28714.9 total messages 1 total packets 2448 RTS 0 total bytes 10002528 in_flight now 0 fair_inc 534841 prop_inc 7480 fast_inc 0 eta_inc 746192 multi_dec -2024619 quick_dec -34571 nack_dec -298800
Flow Uec_1658_3453 flowId 532 uecSrc 531 finished at 28718.2 total messages 1 total packets 2448 RTS 0 total bytes 10002528 in_flight now 0 fair_inc 522714 prop_inc 14662 fast_inc 0 eta_inc 757516 multi_dec -1928346 quick_dec -67831 nack_dec -261450
Flow Uec_2493_630 flowId 604 uecSrc 603 finished at 28725.7 total messages 1 total packets 2448 RTS 0 total bytes 10002528 in_flight now 0 fair_inc 479596 prop_inc 10169 fast_inc 0 eta_inc 756324 multi_dec -1896549 quick_dec -83807 nack_dec -278050
Flow Uec_2249_406 flowId 899 uecSrc 898 finished at 28731 total messages 1 total packets 2448 RTS 0 total bytes 10002528 in_flight now 0 fair_inc 478128 prop_inc 11721 fast_inc 0 eta_inc 758708 multi_dec -1898603 quick_dec -87758 nack_dec -240700
Flow Uec_2260_420 flowId 1464 uecSrc 1463 finished at 28751.3 total messages 1 total packets 2448 RTS 0 total bytes 10002528 in_flight now 0 fair_inc 446698 prop_inc 16235 fast_inc 0 eta_inc 760496 multi_dec -1821717 quick_dec -47099 nack_dec -244850
Flow Uec_2649_822 flowId 559 uecSrc 558 finished at 28755.5 total messages 1 total packets 2448 RTS 0 total bytes 10002528 in_flight now 0 fair_inc 467169 prop_inc 18397 fast_inc 0 eta_inc 758708 multi_dec -1894629 quick_dec -109582 nack_dec -253150
Flow Uec_1603_3422 flowId 831 uecSrc 830 finished at 28771.4 total messages 1 total packets 2448 RTS 0 total bytes 10002528 in_flight now 0 fair_inc 468274 prop_inc 17036 fast_inc 0 eta_inc 757516 multi_dec -1896652 quick_dec -67451 nack_dec -302950
Flow Uec_1649_3440 flowId 491 uecSrc 490 finished at 28771.9 total messages 1 total packets 2448 RTS 0 total bytes 10002528 in_flight now 0 fair_inc 487067 prop_inc 13113 fast_inc 0 eta_inc 756324 multi_dec -2020628 quick_dec -84533 nack_dec -269750
Flow Uec_2325_507 flowId 313 uecSrc 312 finished at 28786 total messages 1 total packets 2448 RTS 0 total bytes 10002528 in_flight now 0 fair_inc 482312 prop_inc 8589 fast_inc 0 eta_inc 751556 multi_dec -2043078 quick_dec -33040 nack_dec -261450
Flow Uec_704_2522 flowId 1593 uecSrc 1592 finished at 28788 total messages 1 total packets 2448 RTS 0 total bytes 10002528 in_flight now 0 fair_inc 472949 prop_inc 15980 fast_inc 0 eta_inc 755132 multi_dec -1991924 quick_dec -105241 nack_dec -265600
Flow Uec_1628_3398 flowId 462 uecSrc 461 finished at 28789 total messages 1 total packets 2448 RTS 0 total bytes 10002528 in_flight now 0 fair_inc 460027 prop_inc 14649 fast_inc 0 eta_inc 757516 multi_dec -1869522 quick_dec -51665 nack_dec -273900
Flow Uec_2625_778 flowId 932 uecSrc 931 finished at 28793.8 total messages 1 total packets 2448 RTS 0 total bytes 10002528 in_flight now 0 fair_inc 502163 prop_inc 12881 fast_inc 0 eta_inc 756920 multi_dec -2004341 quick_dec -82734 nack_dec -298800
Flow Uec_1625_3399 flowId 197 uecSrc 196 finished at 28818.6 total messages 1 total packets 2448 RTS 0 total bytes 10002528 in_flight now 0 fair_inc 493568 prop_inc 17369 fast_inc 0 eta_inc 761688 multi_dec -1866636 quick_dec -82669 nack_dec -261450
Flow Uec_2815_944 flowId 365 uecSrc 364 finished at 28826 total messages 1 total packets 2448 RTS 0 total bytes 10002528 in_flight now 0 fair_inc 490459 prop_inc 9298 fast_inc 0 eta_inc 756324 multi_dec -2018714 quick_dec -53298 nack_dec -282200
Flow Uec_2350_467 flowId 1084 uecSrc 1083 finished at 28832.6 total messages 1 total packets 2448 RTS 0 total bytes 10002528 in_flight now 0 fair_inc 507689 prop_inc 8473 fast_inc 0 eta_inc 748576 multi_dec -2058237 quick_dec -66369 nack_dec -302950
Flow Uec_1609_3443 flowId 1041 uecSrc 1040 finished at 28866.9 total messages 1 total packets 2448 RTS 0 total bytes 10002528 in_flight now 0 fair_inc 471543 prop_inc 9250 fast_inc 0 eta_inc 760496 multi_dec -1948804 quick_dec -72744 nack_dec -290500
Flow Uec_1600_3425 flowId 633 uecSrc 632 finished at 28872.3 total messages 1 total packets 2448 RTS 0 total bytes 10002528 in_flight now 0 fair_inc 442652 prop_inc 13969 fast_inc 0 eta_inc 759304 multi_dec -1958791 quick_dec -32765 nack_dec -244850
Flow Uec_1394_3165 flowId 893 uecSrc 892 finished at 28872.8 total messages 1 total packets 2448 RTS 0 total bytes 10002528 in_flight now 0 fair_inc 489122 prop_inc 10122 fast_inc 0 eta_inc 758708 multi_dec -1965733 quick_dec -50277 nack_dec -253150
Flow Uec_1614_3414 flowId 828 uecSrc 827 finished at 28883.4 total messages 1 total packets 2448 RTS 0 total bytes 10002528 in_flight now 0 fair_inc 509826 prop_inc 13555 fast_inc 0 eta_inc 762284 multi_dec -1983685 quick_dec -27664 nack_dec -265600
Flow Uec_1616_3451 flowId 816 uecSrc 815 finished at 28896.5 total messages 1 total packets 2448 RTS 0 total bytes 10002528 in_flight now 0 fair_inc 442174 prop_inc 16214 fast_inc 0 eta_inc 765860 multi_dec -1885047 quick_dec -45754 nack_dec -244850
Flow Uec_720_2506 flowId 1669 uecSrc 1668 finished at 28896.6 total messages 1 total packets 2448 RTS 0 total bytes 10002528 in_flight now 0 fair_inc 465362 prop_inc 8002 fast_inc 0 eta_inc 761092 multi_dec -2008824 quick_dec -57691 nack_dec -249000
Flow Uec_2298_385 flowId 703 uecSrc 702 finished at 28907.5 total messages 1 total packets 2448 RTS 0 total bytes 10002528 in_flight now 0 fair_inc 504315 prop_inc 10388 fast_inc 0 eta_inc 764668 multi_dec -1875080 quick_dec -89237 nack_dec -294650
Flow Uec_2275_413 flowId 949 uecSrc 948 finished at 28909 total messages 1 total packets 2448 RTS 0 total bytes 10002528 in_flight now 0 fair_inc 502149 prop_inc 10878 fast_inc 0 eta_inc 765264 multi_dec -1890321 quick_dec -108144 nack_dec -286350
Flow Uec_2456_612 flowId 25 uecSrc 24 finished at 28909.2 total messages 1 total packets 2448 RTS 0 total bytes 10002528 in_flight now 0 fair_inc 498880 prop_inc 9389 fast_inc 0 eta_inc 759304 multi_dec -1950900 quick_dec -44775 nack_dec -269750
Flow Uec_2703_863 flowId 691 uecSrc 690 finished at 28922.2 total messages 1 total packets 2448 RTS 0 total bytes 10002528 in_flight now 0 fair_inc 480693 prop_inc 6402 fast_inc 0 eta_inc 752748 multi_dec -2024338 quick_dec -67663 nack_dec -265600
Flow Uec_2700_846 flowId 1688 uecSrc 1687 finished at 28926.7 total messages 1 total packets 2448 RTS 0 total bytes 10002528 in_flight now 0 fair_inc 520363 prop_inc 7736 fast_inc 0 eta_inc 752748 multi_dec -2022150 quick_dec -88130 nack_dec -265600
Flow Uec_2673_769 flowId 650 uecSrc 649 finished at 28933 total messages 1 total packets 2448 RTS 0 total bytes 10002528 in_flight now 0 fair_inc 438701 prop_inc 19114 fast_inc 0 eta_inc 762284 multi_dec -1873272 quick_dec -102677 nack_dec -257300
Flow Uec_2658_785 flowId 1499 uecSrc 1498 finished at 28943.8 total messages 1 total packets 2448 RTS 0 total bytes 10002528 in_flight now 0 fair_inc 522379 prop_inc 13598 fast_inc 0 eta_inc 762880 multi_dec -1997667 quick_dec -90855 nack_dec -253150
Flow Uec_1407_3138 flowId 704 uecSrc 703 finished at 28952.4 total messages 1 total packets 2448 RTS 0 total bytes 10002528 in_flight now 0 fair_inc 479242 prop_inc 14186 fast_inc 0 eta_inc 759900 multi_dec -1999783 quick_dec -25675 nack_dec -240700
Flow Uec_2639_782 flowId 768 uecSrc 767 finished at 28952.9 total messages 1 total packets 2448 RTS 0 total bytes 10002528 in_flight now 0 fair_inc 475232 prop_inc 14091 fast_inc 0 eta_inc 768840 multi_dec -1935018 quick_dec -67573 nack_dec -249000
Flow Uec_1395_3140 flowId 861 uecSrc 860 finished at 28955.6 total messages 1 total packets 2448 RTS 0 total bytes 10002528 in_flight now 0 fair_inc 427193 prop_inc 15511 fast_inc 0 eta_inc 759304 multi_dec -1893470 quick_dec -27783 nack_dec -249000
Flow Uec_1719_3515 flowId 335 uecSrc 334 finished at 28964.6 total messages 1 total packets 2448 RTS 0 total bytes 10002528 in_flight now 0 fair_inc 494221 prop_inc 5775 fast_inc 0 eta_inc 758708 multi_dec -2026109 quick_dec -32823 nack_dec -273900
Flow Uec_2259_431 flowId 601 uecSrc 600 finished at 28972.4 total messages 1 total packets 2448 RTS 0 total bytes 10002528 in_flight now 0 fair_inc 493772 prop_inc 18154 fast_inc 0 eta_inc 764668 multi_dec -1957609 quick_dec -74790 nack_dec -290500
Flow Uec_2705_893 flowId 966 uecSrc 965 finished at 28972.6 total messages 1 total packets 2448 RTS 0 total bytes 10002528 in_flight now 0 fair_inc 516847 prop_inc 10636 fast_inc 0 eta_inc 755132 multi_dec -1991342 quick_dec -143088 nack_dec -290500
Flow Uec_2263_433 flowId 1619 uecSrc 1618 finished at 28978 total messages 1 total packets 2448 RTS 0 total bytes 10002528 in_flight now 0 fair_inc 459850 prop_inc 15917 fast_inc 0 eta_inc 765860 multi_dec -1864057 quick_dec -95087 nack_dec -282200
Flow Uec_1331_3118 flowId 1110 uecSrc 1109 finished at 28984.3 total messages 1 total packets 2448 RTS 0 total bytes 10002528 in_flight now 0 fair_inc 516126 prop_inc 3785 fast_inc 0 eta_inc 753940 multi_dec -2061574 quick_dec -56336 nack_dec -298800
Flow Uec_2479_604 flowId 957 uecSrc 956 finished at 28984.7 total messages 1 total packets 2448 RTS 0 total bytes 10002528 in_flight now 0 fair_inc 476505 prop_inc 9191 fast_inc 0 eta_inc 757516 multi_dec -2015848 quick_dec -32287 nack_dec -261450
Flow Uec_1650_3401 flowId 1734 uecSrc 1733 finished at 28995.2 total messages 1 total packets 2448 RTS 0 total bytes 10002528 in_flight now 0 fair_inc 480640 prop_inc 12377 fast_inc 0 eta_inc 764668 multi_dec -1998027 quick_dec -65104 nack_dec -278050
Flow Uec_1687_3471 flowId 1323 uecSrc 1322 finished at 28999.6 total messages 1 total packets 2448 RTS 0 total bytes 10002528 in_flight now 0 fair_inc 503328 prop_inc 5539 fast_inc 0 eta_inc 760496 multi_dec -1974769 quick_dec -54396 nack_dec -261450
Flow Uec_2281_405 flowId 841 uecSrc 840 finished at 29000.3 total messages 1 total packets 2448 RTS 0 total bytes 10002528 in_flight now 0 fair_inc 474092 prop_inc 21038 fast_inc 0 eta_inc 765860 multi_dec -1903098 quick_dec -65199 nack_dec -282200
Flow Uec_2453_576 flowId 752 uecSrc 751 finished at 29015.7 total messages 1 total packets 2448 RTS 0 total bytes 10002528 in_flight now 0 fair_inc 505702 prop_inc 10218 fast_inc 0 eta_inc 762880 multi_dec -1927969 quick_dec -100332 nack_dec -294650
Flow Uec_731_2543 flowId 1003 uecSrc 1002 finished at 29018.2 total messages 1 total packets 2448 RTS 0 total bytes 10002528 in_flight now 0 fair_inc 457643 prop_inc 9263 fast_inc 0 eta_inc 763476 multi_dec -1882232 quick_dec -72702 nack_dec -257300
Flow Uec_1654_3396 flowId 1631 uecSrc 1630 finished at 29025.6 total messages 1 total packets 2448 RTS 0 total bytes 10002528 in_flight now 0 fair_inc 458463 prop_inc 19111 fast_inc 0 eta_inc 766456 multi_dec -1895005 quick_dec -107951 nack_dec -278050
Flow Uec_2477_608 flowId 1467 uecSrc 1466 finished at 29039.4 total messages 1 total packets 2448 RTS 0 total bytes 10002528 in_flight now 0 fair_inc 455478 prop_inc 13807 fast_inc 0 eta_inc 759304 multi_dec -1888468 quick_dec -57710 nack_dec -311250
Flow Uec_736_2511 flowId 634 uecSrc 633 finished at 29049 total messages 1 total packets 2448 RTS 0 total bytes 10002528 in_flight now 0 fair_inc 455628 prop_inc 15175 fast_inc 0 eta_inc 763476 multi_dec -1932753 quick_dec -61398 nack_dec -265600
Flow Uec_1606_3436 flowId 432 uecSrc 431 finished at 29052.3 total messages 1 total packets 2448 RTS 0 total bytes 10002528 in_flight now 0 fair_inc 433216 prop_inc 21491 fast_inc 0 eta_inc 767052 multi_dec -1816071 quick_dec -19401 nack_dec -273900
Flow Uec_2633_812 flowId 936 uecSrc 935 finished at 29062.6 total messages 1 total packets 2448 RTS 0 total bytes 10002528 in_flight now 0 fair_inc 450155 prop_inc 27254 fast_inc 0 eta_inc 765264 multi_dec -1859886 quick_dec -37304 nack_dec -261450
Flow Uec_1350_3189 flowId 21 uecSrc 20 finished at 29069.2 total messages 1 total packets 2448 RTS 0 total bytes 10002528 in_flight now 0 fair_inc 508443 prop_inc 9930 fast_inc 0 eta_inc 761688 multi_dec -1989672 quick_dec -71126 nack_dec -253150
Flow Uec_1724_3484 flowId 556 uecSrc 555 finished at 29084 total messages 1 total packets 2448 RTS 0 total bytes 10002528 in_flight now 0 fair_inc 496760 prop_inc 15680 fast_inc 0 eta_inc 762284 multi_dec -1922959 quick_dec -70849 nack_dec -278050
Flow Uec_740_2517 flowId 1392 uecSrc 1391 finished at 29088.3 total messages 1 total packets 2448 RTS 0 total bytes 10002528 in_flight now 0 fair_inc 491667 prop_inc 10231 fast_inc 0 eta_inc 764072 multi_dec -1959398 quick_dec -64375 nack_dec -269750
Flow Uec_1688_3473 flowId 1050 uecSrc 1049 finished at 29093.5 total messages 1 total packets 2448 RTS 0 total bytes 10002528 in_flight now 0 fair_inc 531620 prop_inc 5084 fast_inc 0 eta_inc 764072 multi_dec -2030521 quick_dec -36272 nack_dec -269750
Flow Uec_1363_3188 flowId 1208 uecSrc 1207 finished at 29097.9 total messages 1 total packets 2448 RTS 0 total bytes 10002528 in_flight now 0 fair_inc 511778 prop_inc 10557 fast_inc 0 eta_inc 763476 multi_dec -1994093 quick_dec -58005 nack_dec -240700
Flow Uec_1383_3169 flowId 391 uecSrc 390 finished at 29105 total messages 1 total packets 2448 RTS 0 total bytes 10002528 in_flight now 0 fair_inc 494503 prop_inc 9727 fast_inc 0 eta_inc 761688 multi_dec -1987169 quick_dec -39931 nack_dec -298800
Flow Uec_2440_617 flowId 744 uecSrc 743 finished at 29108.6 total messages 1 total packets 2448 RTS 0 total bytes 10002528 in_flight now 0 fair_inc 493614 prop_inc 8321 fast_inc 0 eta_inc 766456 multi_dec -1942913 quick_dec -51312 nack_dec -257300
Flow Uec_2640_783 flowId 1240 uecSrc 1239 finished at 29112.8 total messages 1 total packets 2448 RTS 0 total bytes 10002528 in_flight now 0 fair_inc 462969 prop_inc 28485 fast_inc 0 eta_inc 767648 multi_dec -1864159 quick_dec -79637 nack_dec -269750
Flow Uec_2283_438 flowId 908 uecSrc 907 finished at 29116.7 total messages 1 total packets 2448 RTS 0 total bytes 10002528 in_flight now 0 fair_inc 439923 prop_inc 15762 fast_inc 0 eta_inc 770032 multi_dec -1853278 quick_dec -77238 nack_dec -253150
Flow Uec_1673_3478 flowId 927 uecSrc 926 finished at 29120.1 total messages 1 total packets 2448 RTS 0 total bytes 10002528 in_flight now 0 fair_inc 496026 prop_inc 13158 fast_inc 0 eta_inc 763476 multi_dec -1943285 quick_dec -44079 nack_dec -269750
Flow Uec_2676_828 flowId 346 uecSrc 345 finished at 29121.6 total messages 1 total packets 2448 RTS 0 total bytes 10002528 in_flight now 0 fair_inc 449591 prop_inc 21557 fast_inc 0 eta_inc 769436 multi_dec -1931314 quick_dec -130470 nack_dec -269750
Flow Uec_2670_775 flowId 1021 uecSrc 1020 finished at 29126.4 total messages 1 total packets 2448 RTS 0 total bytes 10002528 in_flight now 0 fair_inc 418495 prop_inc 15660 fast_inc 0 eta_inc 768840 multi_dec -1877945 quick_dec -42040 nack_dec -240700
Flow Uec_2293_426 flowId 306 uecSrc 305 finished at 29132.4 total messages 1 total packets 2448 RTS 0 total bytes 10002528 in_flight now 0 fair_inc 464184 prop_inc 10745 fast_inc 0 eta_inc 770628 multi_dec -1920057 quick_dec -17052 nack_dec -278050
Flow Uec_1607_3423 flowId 45 uecSrc 44 finished at 29144 total messages 1 total packets 2448 RTS 0 total bytes 10002528 in_flight now 0 fair_inc 413365 prop_inc 27153 fast_inc 0 eta_inc 770032 multi_dec -1810098 quick_dec -76479 nack_dec -253150
Flow Uec_2240_395 flowId 1001 uecSrc 1000 finished at 29145.5 total messages 1 total packets 2448 RTS 0 total bytes 10002528 in_flight now 0 fair_inc 461818 prop_inc 19565 fast_inc 0 eta_inc 768840 multi_dec -1941385 quick_dec -12856 nack_dec -261450
Flow Uec_1663_3408 flowId 1051 uecSrc 1050 finished at 29156 total messages 1 total packets 2448 RTS 0 total bytes 10002528 in_flight now 0 fair_inc 417825 prop_inc 27282 fast_inc 0 eta_inc 770628 multi_dec -1800741 quick_dec -110811 nack_dec -253150
Flow Uec_2642_770 flowId 598 uecSrc 597 finished at 29158.4 total messages 1 total packets 2448 RTS 0 total bytes 10002528 in_flight now 0 fair_inc 458799 prop_inc 27055 fast_inc 0 eta_inc 766456 multi_dec -1917946 quick_dec -46836 nack_dec -290500
Flow Uec_2480_587 flowId 1028 uecSrc 1027 finished at 29173.1 total messages 1 total packets 2448 RTS 0 total bytes 10002528 in_flight now 0 fair_inc 491241 prop_inc 8867 fast_inc 0 eta_inc 764668 multi_dec -1995683 quick_dec -36349 nack_dec -298800
Flow Uec_2253_424 flowId 1481 uecSrc 1480 finished at 29177.5 total messages 1 total packets 2448 RTS 0 total bytes 10002528 in_flight now 0 fair_inc 423167 prop_inc 30972 fast_inc 0 eta_inc 771820 multi_dec -1797634 quick_dec -24592 nack_dec -261450
Flow Uec_2435_628 flowId 611 uecSrc 610 finished at 29181.6 total messages 1 total packets 2448 RTS 0 total bytes 10002528 in_flight now 0 fair_inc 507751 prop_inc 9210 fast_inc 0 eta_inc 774204 multi_dec -2054527 quick_dec -64576 nack_dec -278050
Flow Uec_2646_823 flowId 354 uecSrc 353 finished at 29182.4 total messages 1 total packets 2448 RTS 0 total bytes 10002528 in_flight now 0 fair_inc 412038 prop_inc 37062 fast_inc 0 eta_inc 769436 multi_dec -1749743 quick_dec -78905 nack_dec -298800
Flow Uec_2668_771 flowId 1581 uecSrc 1580 finished at 29192.8 total messages 1 total packets 2448 RTS 0 total bytes 10002528 in_flight now 0 fair_inc 413208 prop_inc 39917 fast_inc 0 eta_inc 772416 multi_dec -1892057 quick_dec -62354 nack_dec -228250
Flow Uec_2793_929 flowId 1482 uecSrc 1481 finished at 29200.6 total messages 1 total packets 2448 RTS 0 total bytes 10002528 in_flight now 0 fair_inc 490137 prop_inc 7401 fast_inc 0 eta_inc 765860 multi_dec -2029253 quick_dec -55521 nack_dec -257300
Flow Uec_2635_802 flowId 549 uecSrc 548 finished at 29201.2 total messages 1 total packets 2448 RTS 0 total bytes 10002528 in_flight now 0 fair_inc 476891 prop_inc 36522 fast_inc 0 eta_inc 770032 multi_dec -1869076 quick_dec -78283 nack_dec -261450
Flow Uec_1627_3410 flowId 1793 uecSrc 1792 finished at 29218.3 total messages 1 total packets 2448 RTS 0 total bytes 10002528 in_flight now 0 fair_inc 409291 prop_inc 26072 fast_inc 0 eta_inc 770628 multi_dec -1772136 quick_dec -38389 nack_dec -253150
Flow Uec_1637_3417 flowId 1571 uecSrc 1570 finished at 29219.8 total messages 1 total packets 2448 RTS 0 total bytes 10002528 in_flight now 0 fair_inc 445106 prop_inc 21492 fast_inc 0 eta_inc 771224 multi_dec -1745048 quick_dec -92958 nack_dec -278050
Flow Uec_2630_791 flowId 997 uecSrc 996 finished at 29222.2 total messages 1 total packets 2448 RTS 0 total bytes 10002528 in_flight now 0 fair_inc 409036 prop_inc 54894 fast_inc 0 eta_inc 773012 multi_dec -1831130 quick_dec -66165 nack_dec -282200
Flow Uec_1613_3449 flowId 257 uecSrc 256 finished at 29225.6 total messages 1 total packets 2448 RTS 0 total bytes 10002528 in_flight now 0 fair_inc 400992 prop_inc 34532 fast_inc 0 eta_inc 773012 multi_dec -1849388 quick_dec -19181 nack_dec -228250
Flow Uec_733_2527 flowId 237 uecSrc 236 finished at 29235.1 total messages 1 total packets 2448 RTS 0 total bytes 10002528 in_flight now 0 fair_inc 469645 prop_inc 5981 fast_inc 0 eta_inc 765264 multi_dec -1901141 quick_dec -71360 nack_dec -298800
Flow Uec_2242_417 flowId 434 uecSrc 433 finished at 29238 total messages 1 total packets 2448 RTS 0 total bytes 10002528 in_flight now 0 fair_inc 423850 prop_inc 29911 fast_inc 0 eta_inc 773608 multi_dec -1852866 quick_dec -27662 nack_dec -257300
Flow Uec_1356_3152 flowId 103 uecSrc 102 finished at 29244.9 total messages 1 total packets 2448 RTS 0 total bytes 10002528 in_flight now 0 fair_inc 492849 prop_inc 14345 fast_inc 0 eta_inc 772416 multi_dec -1993316 quick_dec -38904 nack_dec -224100
Flow Uec_2301_408 flowId 839 uecSrc 838 finished at 29246.5 total messages 1 total packets 2448 RTS 0 total bytes 10002528 in_flight now 0 fair_inc 433552 prop_inc 37968 fast_inc 0 eta_inc 777184 multi_dec -1818236 quick_dec -98484 nack_dec -286350
Flow Uec_2790_915 flowId 538 uecSrc 537 finished at 29253.6 total messages 1 total packets 2448 RTS 0 total bytes 10002528 in_flight now 0 fair_inc 478206 prop_inc 7473 fast_inc 0 eta_inc 765860 multi_dec -2045673 quick_dec -61129 nack_dec -265600
Flow Uec_2247_442 flowId 1699 uecSrc 1698 finished at 29264.6 total messages 1 total packets 2448 RTS 0 total bytes 10002528 in_flight now 0 fair_inc 401725 prop_inc 46331 fast_inc 0 eta_inc 776588 multi_dec -1778131 quick_dec -94059 nack_dec -232400
Flow Uec_2257_407 flowId 409 uecSrc 408 finished at 29270.9 total messages 1 total packets 2448 RTS 0 total bytes 10002528 in_flight now 0 fair_inc 406960 prop_inc 49117 fast_inc 0 eta_inc 778376 multi_dec -1867540 quick_dec -51239 nack_dec -253150
Flow Uec_2753_928 flowId 1246 uecSrc 1245 finished at 29277.9 total messages 1 total packets 2448 RTS 0 total bytes 10002528 in_flight now 0 fair_inc 513331 prop_inc 6236 fast_inc 0 eta_inc 763476 multi_dec -2006219 quick_dec -54220 nack_dec -298800
Flow Uec_2265_439 flowId 1759 uecSrc 1758 finished at 29285.3 total messages 1 total packets 2448 RTS 0 total bytes 10002528 in_flight now 0 fair_inc 412710 prop_inc 55306 fast_inc 0 eta_inc 778376 multi_dec -1926887 quick_dec -67996 nack_dec -236550
Flow Uec_1695_3513 flowId 223 uecSrc 222 finished at 29288.3 total messages 1 total packets 2448 RTS 0 total bytes 10002528 in_flight now 0 fair_inc 498028 prop_inc 9113 fast_inc 0 eta_inc 769436 multi_dec -2018849 quick_dec -82957 nack_dec -282200
Flow Uec_1638_3433 flowId 719 uecSrc 718 finished at 29298.7 total messages 1 total packets 2448 RTS 0 total bytes 10002528 in_flight now 0 fair_inc 338814 prop_inc 48461 fast_inc 123637 eta_inc 775992 multi_dec -1657324 quick_dec -95844 nack_dec -273900
Flow Uec_2651_768 flowId 1205 uecSrc 1204 finished at 29312.7 total messages 1 total packets 2448 RTS 0 total bytes 10002528 in_flight now 0 fair_inc 349513 prop_inc 121254 fast_inc 0 eta_inc 781356 multi_dec -1666855 quick_dec -40149 nack_dec -265600
Flow Uec_2481_593 flowId 802 uecSrc 801 finished at 29322.5 total messages 1 total packets 2448 RTS 0 total bytes 10002528 in_flight now 0 fair_inc 486886 prop_inc 5124 fast_inc 0 eta_inc 771224 multi_dec -2040965 quick_dec -68857 nack_dec -228250
Flow Uec_2800_957 flowId 1120 uecSrc 1119 finished at 29325.5 total messages 1 total packets 2448 RTS 0 total bytes 10002528 in_flight now 0 fair_inc 484698 prop_inc 7644 fast_inc 0 eta_inc 768840 multi_dec -1961249 quick_dec -69365 nack_dec -290500
Flow Uec_1380_3137 flowId 912 uecSrc 911 finished at 29325.7 total messages 1 total packets 2448 RTS 0 total bytes 10002528 in_flight now 0 fair_inc 479463 prop_inc 14995 fast_inc 0 eta_inc 770032 multi_dec -1983608 quick_dec -56000 nack_dec -282200
Flow Uec_2461_637 flowId 90 uecSrc 89 finished at 29326.2 total messages 1 total packets 2448 RTS 0 total bytes 10002528 in_flight now 0 fair_inc 481322 prop_inc 8352 fast_inc 0 eta_inc 770032 multi_dec -1922128 quick_dec -87161 nack_dec -257300
Flow Uec_708_2535 flowId 349 uecSrc 348 finished at 29334.9 total messages 1 total packets 2448 RTS 0 total bytes 10002528 in_flight now 0 fair_inc 446339 prop_inc 8975 fast_inc 0 eta_inc 770032 multi_dec -1853102 quick_dec -49415 nack_dec -282200
Flow Uec_764_2502 flowId 1263 uecSrc 1262 finished at 29342 total messages 1 total packets 2448 RTS 0 total bytes 10002528 in_flight now 0 fair_inc 439224 prop_inc 10077 fast_inc 0 eta_inc 772416 multi_dec -1906957 quick_dec -84268 nack_dec -282200
Flow Uec_1664_3487 flowId 1462 uecSrc 1461 finished at 29343.8 total messages 1 total packets 2448 RTS 0 total bytes 10002528 in_flight now 0 fair_inc 464620 prop_inc 6352 fast_inc 0 eta_inc 771224 multi_dec -1920076 quick_dec -94617 nack_dec -265600
Flow Uec_1349_3183 flowId 1712 uecSrc 1711 finished at 29359 total messages 1 total packets 2448 RTS 0 total bytes 10002528 in_flight now 0 fair_inc 473515 prop_inc 14714 fast_inc 0 eta_inc 770032 multi_dec -1972265 quick_dec -73432 nack_dec -273900
Flow Uec_2775_958 flowId 646 uecSrc 645 finished at 29359.2 total messages 1 total packets 2448 RTS 0 total bytes 10002528 in_flight now 0 fair_inc 448507 prop_inc 7311 fast_inc 0 eta_inc 768244 multi_dec -1950788 quick_dec -41345 nack_dec -253150
Flow Uec_1401_3199 flowId 903 uecSrc 902 finished at 29367.5 total messages 1 total packets 2448 RTS 0 total bytes 10002528 in_flight now 0 fair_inc 468632 prop_inc 9118 fast_inc 0 eta_inc 770032 multi_dec -1972009 quick_dec -26106 nack_dec -282200
Flow Uec_1367_3146 flowId 817 uecSrc 816 finished at 29405.5 total messages 1 total packets 2448 RTS 0 total bytes 10002528 in_flight now 0 fair_inc 473119 prop_inc 7683 fast_inc 0 eta_inc 772416 multi_dec -1982637 quick_dec -57121 nack_dec -286350
Flow Uec_1365_3161 flowId 1644 uecSrc 1643 finished at 29415.2 total messages 1 total packets 2448 RTS 0 total bytes 10002528 in_flight now 0 fair_inc 448581 prop_inc 17113 fast_inc 0 eta_inc 770032 multi_dec -1920695 quick_dec -53408 nack_dec -265600
Flow Uec_1718_3459 flowId 1674 uecSrc 1673 finished at 29417 total messages 1 total packets 2448 RTS 0 total bytes 10002528 in_flight now 0 fair_inc 480855 prop_inc 9735 fast_inc 0 eta_inc 769436 multi_dec -2059244 quick_dec -88116 nack_dec -257300
Flow Uec_1709_3500 flowId 239 uecSrc 238 finished at 29447.3 total messages 1 total packets 2448 RTS 0 total bytes 10002528 in_flight now 0 fair_inc 480019 prop_inc 11654 fast_inc 0 eta_inc 773608 multi_dec -1880812 quick_dec -54119 nack_dec -307100
Flow Uec_1351_3180 flowId 1408 uecSrc 1407 finished at 29448.2 total messages 1 total packets 2448 RTS 0 total bytes 10002528 in_flight now 0 fair_inc 450120 prop_inc 12929 fast_inc 0 eta_inc 773608 multi_dec -1951723 quick_dec -21574 nack_dec -265600
Flow Uec_1390_3177 flowId 159 uecSrc 158 finished at 29456 total messages 1 total packets 2448 RTS 0 total bytes 10002528 in_flight now 0 fair_inc 505034 prop_inc 13434 fast_inc 0 eta_inc 771820 multi_dec -1939611 quick_dec -59748 nack_dec -278050
Flow Uec_716_2529 flowId 1383 uecSrc 1382 finished at 29458.3 total messages 1 total packets 2448 RTS 0 total bytes 10002528 in_flight now 0 fair_inc 426658 prop_inc 11881 fast_inc 0 eta_inc 774800 multi_dec -1918801 quick_dec -94171 nack_dec -244850
Flow Uec_1344_3151 flowId 780 uecSrc 779 finished at 29473.7 total messages 1 total packets 2448 RTS 0 total bytes 10002528 in_flight now 0 fair_inc 509473 prop_inc 16191 fast_inc 0 eta_inc 775992 multi_dec -2033959 quick_dec -26204 nack_dec -282200
Flow Uec_1710_3480 flowId 714 uecSrc 713 finished at 29486.7 total messages 1 total packets 2448 RTS 0 total bytes 10002528 in_flight now 0 fair_inc 446938 prop_inc 12474 fast_inc 0 eta_inc 773012 multi_dec -1834938 quick_dec -86013 nack_dec -278050
Flow Uec_705_2509 flowId 661 uecSrc 660 finished at 29497.6 total messages 1 total packets 2448 RTS 0 total bytes 10002528 in_flight now 0 fair_inc 481308 prop_inc 18478 fast_inc 0 eta_inc 777780 multi_dec -1979924 quick_dec -74792 nack_dec -307100
Flow Uec_763_2524 flowId 862 uecSrc 861 finished at 29508.7 total messages 1 total packets 2448 RTS 0 total bytes 10002528 in_flight now 0 fair_inc 439028 prop_inc 10254 fast_inc 0 eta_inc 777780 multi_dec -1851055 quick_dec -17600 nack_dec -232400
Flow Uec_1675_3498 flowId 37 uecSrc 36 finished at 29515 total messages 1 total packets 2448 RTS 0 total bytes 10002528 in_flight now 0 fair_inc 436588 prop_inc 16606 fast_inc 0 eta_inc 777184 multi_dec -1850330 quick_dec -93071 nack_dec -244850
Flow Uec_756_2500 flowId 411 uecSrc 410 finished at 29533.4 total messages 1 total packets 2448 RTS 0 total bytes 10002528 in_flight now 0 fair_inc 460532 prop_inc 12722 fast_inc 0 eta_inc 780760 multi_dec -1960856 quick_dec -61371 nack_dec -261450
Flow Uec_1402_3155 flowId 1665 uecSrc 1664 finished at 29543.9 total messages 1 total packets 2448 RTS 0 total bytes 10002528 in_flight now 0 fair_inc 472036 prop_inc 15578 fast_inc 0 eta_inc 773608 multi_dec -1988144 quick_dec -47936 nack_dec -273900
Flow Uec_753_2525 flowId 1373 uecSrc 1372 finished at 29544.5 total messages 1 total packets 2448 RTS 0 total bytes 10002528 in_flight now 0 fair_inc 449550 prop_inc 6718 fast_inc 0 eta_inc 776588 multi_dec -1963008 quick_dec -71212 nack_dec -273900
Flow Uec_751_2496 flowId 469 uecSrc 468 finished at 29547.6 total messages 1 total packets 2448 RTS 0 total bytes 10002528 in_flight now 0 fair_inc 497589 prop_inc 3201 fast_inc 0 eta_inc 778972 multi_dec -2031421 quick_dec -40607 nack_dec -265600
Flow Uec_1685_3516 flowId 651 uecSrc 650 finished at 29547.7 total messages 1 total packets 2448 RTS 0 total bytes 10002528 in_flight now 0 fair_inc 462846 prop_inc 11581 fast_inc 0 eta_inc 775992 multi_dec -1968637 quick_dec -50385 nack_dec -236550
Flow Uec_2495_585 flowId 309 uecSrc 308 finished at 29565.3 total messages 1 total packets 2448 RTS 0 total bytes 10002528 in_flight now 0 fair_inc 475017 prop_inc 9323 fast_inc 0 eta_inc 779568 multi_dec -1959312 quick_dec -38484 nack_dec -249000
Flow Uec_2693_837 flowId 1624 uecSrc 1623 finished at 29569 total messages 1 total packets 2448 RTS 0 total bytes 10002528 in_flight now 0 fair_inc 499558 prop_inc 6481 fast_inc 0 eta_inc 767052 multi_dec -2070896 quick_dec -100010 nack_dec -298800
Flow Uec_1359_3168 flowId 146 uecSrc 145 finished at 29577.5 total messages 1 total packets 2448 RTS 0 total bytes 10002528 in_flight now 0 fair_inc 484850 prop_inc 19835 fast_inc 0 eta_inc 775396 multi_dec -1974304 quick_dec -52372 nack_dec -286350
Flow Uec_748_2538 flowId 1257 uecSrc 1256 finished at 29583.3 total messages 1 total packets 2448 RTS 0 total bytes 10002528 in_flight now 0 fair_inc 479665 prop_inc 8943 fast_inc 0 eta_inc 778376 multi_dec -1952133 quick_dec -144639 nack_dec -261450
Flow Uec_2443_578 flowId 921 uecSrc 920 finished at 29587 total messages 1 total packets 2448 RTS 0 total bytes 10002528 in_flight now 0 fair_inc 452687 prop_inc 10233 fast_inc 0 eta_inc 774204 multi_dec -1987882 quick_dec -77894 nack_dec -265600
Flow Uec_1357_3182 flowId 1424 uecSrc 1423 finished at 29598.6 total messages 1 total packets 2448 RTS 0 total bytes 10002528 in_flight now 0 fair_inc 457455 prop_inc 19735 fast_inc 0 eta_inc 777184 multi_dec -1904924 quick_dec -92693 nack_dec -257300
Flow Uec_767_2553 flowId 1042 uecSrc 1041 finished at 29638.5 total messages 1 total packets 2448 RTS 0 total bytes 10002528 in_flight now 0 fair_inc 409619 prop_inc 14414 fast_inc 0 eta_inc 781356 multi_dec -1944737 quick_dec -2342 nack_dec -240700
Flow Uec_734_2550 flowId 480 uecSrc 479 finished at 29657.5 total messages 1 total packets 2448 RTS 0 total bytes 10002528 in_flight now 0 fair_inc 493343 prop_inc 12551 fast_inc 0 eta_inc 783740 multi_dec -1928030 quick_dec -54864 nack_dec -257300
Flow Uec_1353_3157 flowId 1450 uecSrc 1449 finished at 29670.8 total messages 1 total packets 2448 RTS 0 total bytes 10002528 in_flight now 0 fair_inc 463982 prop_inc 15663 fast_inc 0 eta_inc 778376 multi_dec -2025591 quick_dec -38598 nack_dec -265600
Flow Uec_1700_3506 flowId 1157 uecSrc 1156 finished at 29673.3 total messages 1 total packets 2448 RTS 0 total bytes 10002528 in_flight now 0 fair_inc 486715 prop_inc 13582 fast_inc 0 eta_inc 781952 multi_dec -1896313 quick_dec -134310 nack_dec -290500
Flow Uec_2486_589 flowId 1508 uecSrc 1507 finished at 29686.5 total messages 1 total packets 2448 RTS 0 total bytes 10002528 in_flight now 0 fair_inc 479006 prop_inc 11046 fast_inc 0 eta_inc 781356 multi_dec -1937876 quick_dec -77489 nack_dec -261450
Flow Uec_2471_609 flowId 1626 uecSrc 1625 finished at 29707.8 total messages 1 total packets 2448 RTS 0 total bytes 10002528 in_flight now 0 fair_inc 453133 prop_inc 11972 fast_inc 0 eta_inc 780164 multi_dec -1967789 quick_dec -89362 nack_dec -261450
Flow Uec_1362_3185 flowId 748 uecSrc 747 finished at 29724.7 total messages 1 total packets 2448 RTS 0 total bytes 10002528 in_flight now 0 fair_inc 435984 prop_inc 13246 fast_inc 0 eta_inc 781952 multi_dec -1904824 quick_dec -41609 nack_dec -240700
Flow Uec_747_2518 flowId 1221 uecSrc 1220 finished at 29731 total messages 1 total packets 2448 RTS 0 total bytes 10002528 in_flight now 0 fair_inc 449904 prop_inc 10036 fast_inc 0 eta_inc 783144 multi_dec -1922738 quick_dec -56178 nack_dec -269750
Flow Uec_1665_3504 flowId 1212 uecSrc 1211 finished at 29738.2 total messages 1 total packets 2448 RTS 0 total bytes 10002528 in_flight now 0 fair_inc 488059 prop_inc 8666 fast_inc 0 eta_inc 782548 multi_dec -2044060 quick_dec -74891 nack_dec -240700
Flow Uec_719_2557 flowId 803 uecSrc 802 finished at 29741.5 total messages 1 total packets 2448 RTS 0 total bytes 10002528 in_flight now 0 fair_inc 489776 prop_inc 11702 fast_inc 0 eta_inc 783144 multi_dec -1975395 quick_dec -68961 nack_dec -236550
Flow Uec_1696_3457 flowId 1531 uecSrc 1530 finished at 29754.2 total messages 1 total packets 2448 RTS 0 total bytes 10002528 in_flight now 0 fair_inc 458689 prop_inc 17820 fast_inc 0 eta_inc 783740 multi_dec -1953613 quick_dec -65746 nack_dec -269750
Flow Uec_1386_3190 flowId 193 uecSrc 192 finished at 29756 total messages 1 total packets 2448 RTS 0 total bytes 10002528 in_flight now 0 fair_inc 442083 prop_inc 17058 fast_inc 0 eta_inc 779568 multi_dec -1888506 quick_dec -16441 nack_dec -282200
Flow Uec_2454_627 flowId 1568 uecSrc 1567 finished at 29764.8 total messages 1 total packets 2448 RTS 0 total bytes 10002528 in_flight now 0 fair_inc 427802 prop_inc 15796 fast_inc 0 eta_inc 785528 multi_dec -1833664 quick_dec -55603 nack_dec -244850
Flow Uec_1672_3479 flowId 874 uecSrc 873 finished at 29765.6 total messages 1 total packets 2448 RTS 0 total bytes 10002528 in_flight now 0 fair_inc 453040 prop_inc 13240 fast_inc 0 eta_inc 790892 multi_dec -1909839 quick_dec -42793 nack_dec -261450
Flow Uec_1681_3493 flowId 1452 uecSrc 1451 finished at 29776.1 total messages 1 total packets 2448 RTS 0 total bytes 10002528 in_flight now 0 fair_inc 426093 prop_inc 14849 fast_inc 0 eta_inc 782548 multi_dec -1934480 quick_dec -69755 nack_dec -253150
Flow Uec_1707_3486 flowId 1768 uecSrc 1767 finished at 29779.9 total messages 1 total packets 2448 RTS 0 total bytes 10002528 in_flight now 0 fair_inc 450163 prop_inc 12967 fast_inc 0 eta_inc 784336 multi_dec -1883486 quick_dec -65201 nack_dec -249000
Flow Uec_1674_3468 flowId 976 uecSrc 975 finished at 29786 total messages 1 total packets 2448 RTS 0 total bytes 10002528 in_flight now 0 fair_inc 450471 prop_inc 17100 fast_inc 0 eta_inc 784336 multi_dec -1920161 quick_dec -85210 nack_dec -240700
Flow Uec_766_2498 flowId 114 uecSrc 113 finished at 29789.3 total messages 1 total packets 2448 RTS 0 total bytes 10002528 in_flight now 0 fair_inc 462064 prop_inc 14037 fast_inc 0 eta_inc 786720 multi_dec -1983805 quick_dec -32725 nack_dec -232400
Flow Uec_2444_633 flowId 543 uecSrc 542 finished at 29794.7 total messages 1 total packets 2448 RTS 0 total bytes 10002528 in_flight now 0 fair_inc 445209 prop_inc 13069 fast_inc 0 eta_inc 785528 multi_dec -1929190 quick_dec -103186 nack_dec -265600
Flow Uec_2764_922 flowId 1715 uecSrc 1714 finished at 29821.7 total messages 1 total packets 2448 RTS 0 total bytes 10002528 in_flight now 0 fair_inc 476325 prop_inc 12462 fast_inc 0 eta_inc 786124 multi_dec -1969272 quick_dec -29969 nack_dec -249000
Flow Uec_1355_3198 flowId 102 uecSrc 101 finished at 29825.9 total messages 1 total packets 2448 RTS 0 total bytes 10002528 in_flight now 0 fair_inc 483674 prop_inc 17364 fast_inc 0 eta_inc 786124 multi_dec -1960335 quick_dec -47230 nack_dec -232400
Flow Uec_1683_3492 flowId 857 uecSrc 856 finished at 29833.9 total messages 1 total packets 2448 RTS 0 total bytes 10002528 in_flight now 0 fair_inc 449243 prop_inc 22073 fast_inc 0 eta_inc 786720 multi_dec -1868991 quick_dec -27199 nack_dec -282200
Flow Uec_2483_606 flowId 154 uecSrc 153 finished at 29844.9 total messages 1 total packets 2448 RTS 0 total bytes 10002528 in_flight now 0 fair_inc 475465 prop_inc 11429 fast_inc 0 eta_inc 787912 multi_dec -1972386 quick_dec -39244 nack_dec -249000
Flow Uec_728_2542 flowId 1177 uecSrc 1176 finished at 29845 total messages 1 total packets 2448 RTS 0 total bytes 10002528 in_flight now 0 fair_inc 421553 prop_inc 18364 fast_inc 0 eta_inc 789700 multi_dec -1874453 quick_dec -28820 nack_dec -286350
Flow Uec_737_2526 flowId 1055 uecSrc 1054 finished at 29848.8 total messages 1 total packets 2448 RTS 0 total bytes 10002528 in_flight now 0 fair_inc 426724 prop_inc 13991 fast_inc 0 eta_inc 784932 multi_dec -1842323 quick_dec -95630 nack_dec -290500
Flow Uec_714_2540 flowId 1563 uecSrc 1562 finished at 29875.8 total messages 1 total packets 2448 RTS 0 total bytes 10002528 in_flight now 0 fair_inc 456877 prop_inc 16930 fast_inc 0 eta_inc 784932 multi_dec -1907060 quick_dec -116814 nack_dec -261450
Flow Uec_2469_639 flowId 39 uecSrc 38 finished at 29879.7 total messages 1 total packets 2448 RTS 0 total bytes 10002528 in_flight now 0 fair_inc 455077 prop_inc 13391 fast_inc 0 eta_inc 788508 multi_dec -1936039 quick_dec -24468 nack_dec -240700
Flow Uec_2459_605 flowId 580 uecSrc 579 finished at 29882.2 total messages 1 total packets 2448 RTS 0 total bytes 10002528 in_flight now 0 fair_inc 475819 prop_inc 10735 fast_inc 0 eta_inc 787316 multi_dec -1896665 quick_dec -128401 nack_dec -273900
Flow Uec_2433_583 flowId 772 uecSrc 771 finished at 29895.6 total messages 1 total packets 2448 RTS 0 total bytes 10002528 in_flight now 0 fair_inc 469421 prop_inc 18447 fast_inc 0 eta_inc 789104 multi_dec -1875324 quick_dec -45663 nack_dec -269750
Flow Uec_2437_579 flowId 625 uecSrc 624 finished at 29897.7 total messages 1 total packets 2448 RTS 0 total bytes 10002528 in_flight now 0 fair_inc 460532 prop_inc 8903 fast_inc 0 eta_inc 787912 multi_dec -1999465 quick_dec -31554 nack_dec -244850
Flow Uec_1727_3503 flowId 61 uecSrc 60 finished at 29906.1 total messages 1 total packets 2448 RTS 0 total bytes 10002528 in_flight now 0 fair_inc 428127 prop_inc 25370 fast_inc 0 eta_inc 789700 multi_dec -1944069 quick_dec -67952 nack_dec -244850
Flow Uec_2472_577 flowId 512 uecSrc 511 finished at 29919.4 total messages 1 total packets 2448 RTS 0 total bytes 10002528 in_flight now 0 fair_inc 414311 prop_inc 25068 fast_inc 0 eta_inc 788508 multi_dec -1924896 quick_dec -74584 nack_dec -249000
Flow Uec_1712_3470 flowId 1511 uecSrc 1510 finished at 29919.8 total messages 1 total packets 2448 RTS 0 total bytes 10002528 in_flight now 0 fair_inc 438799 prop_inc 21629 fast_inc 0 eta_inc 787912 multi_dec -1948284 quick_dec -51891 nack_dec -265600
Flow Uec_2473_635 flowId 1314 uecSrc 1313 finished at 29921.2 total messages 1 total packets 2448 RTS 0 total bytes 10002528 in_flight now 0 fair_inc 463882 prop_inc 12145 fast_inc 0 eta_inc 789104 multi_dec -1916063 quick_dec -61814 nack_dec -240700
Flow Uec_2366_496 flowId 1380 uecSrc 1379 finished at 29924.7 total messages 1 total packets 2448 RTS 0 total bytes 10002528 in_flight now 0 fair_inc 478524 prop_inc 6080 fast_inc 0 eta_inc 781356 multi_dec -2011697 quick_dec -89336 nack_dec -278050
Flow Uec_1346_3148 flowId 139 uecSrc 138 finished at 29929.9 total messages 1 total packets 2448 RTS 0 total bytes 10002528 in_flight now 0 fair_inc 453895 prop_inc 21753 fast_inc 0 eta_inc 786124 multi_dec -1881260 quick_dec -51628 nack_dec -278050
Flow Uec_2307_491 flowId 417 uecSrc 416 finished at 29945.2 total messages 1 total packets 2448 RTS 0 total bytes 10002528 in_flight now 0 fair_inc 493564 prop_inc 6114 fast_inc 0 eta_inc 780760 multi_dec -1986357 quick_dec -17043 nack_dec -278050
Flow Uec_2797_931 flowId 1613 uecSrc 1612 finished at 29949.4 total messages 1 total packets 2448 RTS 0 total bytes 10002528 in_flight now 0 fair_inc 461843 prop_inc 9517 fast_inc 0 eta_inc 786124 multi_dec -1919567 quick_dec -66191 nack_dec -261450
Flow Uec_2739_867 flowId 1235 uecSrc 1234 finished at 29949.6 total messages 1 total packets 2448 RTS 0 total bytes 10002528 in_flight now 0 fair_inc 499951 prop_inc 5546 fast_inc 0 eta_inc 779568 multi_dec -2078510 quick_dec -45910 nack_dec -290500
Flow Uec_1376_3162 flowId 156 uecSrc 155 finished at 29963.6 total messages 1 total packets 2448 RTS 0 total bytes 10002528 in_flight now 0 fair_inc 446371 prop_inc 21057 fast_inc 0 eta_inc 789700 multi_dec -1886050 quick_dec -102764 nack_dec -282200
Flow Uec_750_2512 flowId 566 uecSrc 565 finished at 29969.5 total messages 1 total packets 2448 RTS 0 total bytes 10002528 in_flight now 0 fair_inc 383848 prop_inc 29552 fast_inc 0 eta_inc 789700 multi_dec -1777144 quick_dec -27950 nack_dec -249000
Flow Uec_1720_3512 flowId 917 uecSrc 916 finished at 29970.5 total messages 1 total packets 2448 RTS 0 total bytes 10002528 in_flight now 0 fair_inc 386126 prop_inc 46338 fast_inc 0 eta_inc 790892 multi_dec -1730624 quick_dec -40455 nack_dec -261450
Flow Uec_739_2545 flowId 276 uecSrc 275 finished at 29972 total messages 1 total packets 2448 RTS 0 total bytes 10002528 in_flight now 0 fair_inc 412514 prop_inc 18740 fast_inc 0 eta_inc 793276 multi_dec -1822932 quick_dec -54097 nack_dec -236550
Flow Uec_1311_3126 flowId 1761 uecSrc 1760 finished at 29972.5 total messages 1 total packets 2448 RTS 0 total bytes 10002528 in_flight now 0 fair_inc 524323 prop_inc 4363 fast_inc 0 eta_inc 778376 multi_dec -2001468 quick_dec -63833 nack_dec -290500
Flow Uec_741_2501 flowId 297 uecSrc 296 finished at 29976.8 total messages 1 total packets 2448 RTS 0 total bytes 10002528 in_flight now 0 fair_inc 428839 prop_inc 19959 fast_inc 0 eta_inc 793276 multi_dec -1805519 quick_dec -12860 nack_dec -244850
Flow Uec_2457_580 flowId 1215 uecSrc 1214 finished at 29985.1 total messages 1 total packets 2448 RTS 0 total bytes 10002528 in_flight now 0 fair_inc 415888 prop_inc 22467 fast_inc 0 eta_inc 790296 multi_dec -1886804 quick_dec -44724 nack_dec -257300
Flow Uec_2770_945 flowId 402 uecSrc 401 finished at 29996.3 total messages 1 total packets 2448 RTS 0 total bytes 10002528 in_flight now 0 fair_inc 460239 prop_inc 6808 fast_inc 0 eta_inc 787316 multi_dec -1986464 quick_dec -51752 nack_dec -265600
Flow Uec_2702_860 flowId 254 uecSrc 253 finished at 29997.2 total messages 1 total packets 2448 RTS 0 total bytes 10002528 in_flight now 0 fair_inc 483230 prop_inc 6592 fast_inc 0 eta_inc 782548 multi_dec -1997782 quick_dec -19963 nack_dec -269750
Flow Uec_2465_614 flowId 660 uecSrc 659 finished at 29997.8 total messages 1 total packets 2448 RTS 0 total bytes 10002528 in_flight now 0 fair_inc 448903 prop_inc 18660 fast_inc 0 eta_inc 791488 multi_dec -1950513 quick_dec -54726 nack_dec -249000
Flow Uec_1345_3191 flowId 1245 uecSrc 1244 finished at 30006.8 total messages 1 total packets 2448 RTS 0 total bytes 10002528 in_flight now 0 fair_inc 421763 prop_inc 24080 fast_inc 0 eta_inc 790296 multi_dec -1830129 quick_dec -63403 nack_dec -253150
Flow Uec_1706_3464 flowId 10 uecSrc 9 finished at 30009.4 total messages 1 total packets 2448 RTS 0 total bytes 10002528 in_flight now 0 fair_inc 454132 prop_inc 32466 fast_inc 0 eta_inc 792084 multi_dec -1997641 quick_dec -52011 nack_dec -228250
Flow Uec_1392_3145 flowId 1310 uecSrc 1309 finished at 30014 total messages 1 total packets 2448 RTS 0 total bytes 10002528 in_flight now 0 fair_inc 414213 prop_inc 25342 fast_inc 0 eta_inc 792084 multi_dec -1846157 quick_dec -86547 nack_dec -249000
Flow Uec_2313_451 flowId 1489 uecSrc 1488 finished at 30019 total messages 1 total packets 2448 RTS 0 total bytes 10002528 in_flight now 0 fair_inc 457649 prop_inc 8446 fast_inc 0 eta_inc 784336 multi_dec -2041908 quick_dec -104458 nack_dec -232400
Flow Uec_2434_624 flowId 1303 uecSrc 1302 finished at 30020.9 total messages 1 total packets 2448 RTS 0 total bytes 10002528 in_flight now 0 fair_inc 468078 prop_inc 21784 fast_inc 0 eta_inc 793872 multi_dec -1958059 quick_dec -46746 nack_dec -224100
Flow Uec_1393_3147 flowId 801 uecSrc 800 finished at 30021.1 total messages 1 total packets 2448 RTS 0 total bytes 10002528 in_flight now 0 fair_inc 454055 prop_inc 25254 fast_inc 0 eta_inc 791488 multi_dec -1826253 quick_dec -61230 nack_dec -286350
Flow Uec_2436_596 flowId 694 uecSrc 693 finished at 30026 total messages 1 total packets 2448 RTS 0 total bytes 10002528 in_flight now 0 fair_inc 426548 prop_inc 27997 fast_inc 0 eta_inc 789700 multi_dec -1865088 quick_dec -23207 nack_dec -278050
Flow Uec_724_2544 flowId 1525 uecSrc 1524 finished at 30030.4 total messages 1 total packets 2448 RTS 0 total bytes 10002528 in_flight now 0 fair_inc 438036 prop_inc 34687 fast_inc 0 eta_inc 795064 multi_dec -1937849 quick_dec -46466 nack_dec -236550
Flow Uec_1364_3175 flowId 452 uecSrc 451 finished at 30033.9 total messages 1 total packets 2448 RTS 0 total bytes 10002528 in_flight now 0 fair_inc 461711 prop_inc 28928 fast_inc 0 eta_inc 790296 multi_dec -1982028 quick_dec -76880 nack_dec -249000
Flow Uec_2464_590 flowId 1345 uecSrc 1344 finished at 30042.7 total messages 1 total packets 2448 RTS 0 total bytes 10002528 in_flight now 0 fair_inc 428978 prop_inc 25103 fast_inc 0 eta_inc 793872 multi_dec -1884799 quick_dec -33332 nack_dec -269750
Flow Uec_2776_903 flowId 1061 uecSrc 1060 finished at 30046.3 total messages 1 total packets 2448 RTS 0 total bytes 10002528 in_flight now 0 fair_inc 448829 prop_inc 8365 fast_inc 0 eta_inc 788508 multi_dec -1994343 quick_dec -24475 nack_dec -257300
Flow Uec_2438_607 flowId 1432 uecSrc 1431 finished at 30047.1 total messages 1 total packets 2448 RTS 0 total bytes 10002528 in_flight now 0 fair_inc 427079 prop_inc 32878 fast_inc 0 eta_inc 792680 multi_dec -1891667 quick_dec -46955 nack_dec -257300
Flow Uec_1694_3494 flowId 1080 uecSrc 1079 finished at 30047.7 total messages 1 total packets 2448 RTS 0 total bytes 10002528 in_flight now 0 fair_inc 380385 prop_inc 53109 fast_inc 0 eta_inc 793276 multi_dec -1713344 quick_dec -66247 nack_dec -265600
Flow Uec_722_2534 flowId 457 uecSrc 456 finished at 30053.7 total messages 1 total packets 2448 RTS 0 total bytes 10002528 in_flight now 0 fair_inc 411754 prop_inc 46270 fast_inc 0 eta_inc 796852 multi_dec -1807918 quick_dec -115402 nack_dec -265600
Flow Uec_1387_3184 flowId 72 uecSrc 71 finished at 30055.9 total messages 1 total packets 2448 RTS 0 total bytes 10002528 in_flight now 0 fair_inc 437717 prop_inc 41045 fast_inc 0 eta_inc 792680 multi_dec -1810496 quick_dec -98681 nack_dec -253150
Flow Uec_2446_638 flowId 698 uecSrc 697 finished at 30062.4 total messages 1 total packets 2448 RTS 0 total bytes 10002528 in_flight now 0 fair_inc 450402 prop_inc 39280 fast_inc 0 eta_inc 793276 multi_dec -1879087 quick_dec -60066 nack_dec -282200
Flow Uec_2432_631 flowId 228 uecSrc 227 finished at 30062.9 total messages 1 total packets 2448 RTS 0 total bytes 10002528 in_flight now 0 fair_inc 443038 prop_inc 28651 fast_inc 0 eta_inc 791488 multi_dec -1976414 quick_dec -26820 nack_dec -236550
Flow Uec_1388_3153 flowId 1154 uecSrc 1153 finished at 30064.6 total messages 1 total packets 2448 RTS 0 total bytes 10002528 in_flight now 0 fair_inc 412527 prop_inc 35139 fast_inc 0 eta_inc 792680 multi_dec -1886433 quick_dec -16818 nack_dec -215800
Flow Uec_2792_938 flowId 837 uecSrc 836 finished at 30073.7 total messages 1 total packets 2448 RTS 0 total bytes 10002528 in_flight now 0 fair_inc 414237 prop_inc 12795 fast_inc 0 eta_inc 791488 multi_dec -1979234 quick_dec -37992 nack_dec -228250
Flow Uec_1701_3510 flowId 134 uecSrc 133 finished at 30078.2 total messages 1 total packets 2448 RTS 0 total bytes 10002528 in_flight now 0 fair_inc 386351 prop_inc 64656 fast_inc 0 eta_inc 796256 multi_dec -1772763 quick_dec -52398 nack_dec -311250
Flow Uec_2779_935 flowId 1779 uecSrc 1778 finished at 30085.1 total messages 1 total packets 2448 RTS 0 total bytes 10002528 in_flight now 0 fair_inc 451849 prop_inc 6392 fast_inc 0 eta_inc 788508 multi_dec -1894309 quick_dec -74201 nack_dec -278050
Flow Uec_2786_930 flowId 914 uecSrc 913 finished at 30091.8 total messages 1 total packets 2448 RTS 0 total bytes 10002528 in_flight now 0 fair_inc 448571 prop_inc 6251 fast_inc 0 eta_inc 791488 multi_dec -1940815 quick_dec -54735 nack_dec -261450
Flow Uec_2351_455 flowId 1149 uecSrc 1148 finished at 30097.1 total messages 1 total packets 2448 RTS 0 total bytes 10002528 in_flight now 0 fair_inc 459613 prop_inc 2882 fast_inc 0 eta_inc 782548 multi_dec -1997427 quick_dec -87874 nack_dec -294650
Flow Uec_1708_3514 flowId 1365 uecSrc 1364 finished at 30102.5 total messages 1 total packets 2448 RTS 0 total bytes 10002528 in_flight now 0 fair_inc 364860 prop_inc 87146 fast_inc 0 eta_inc 795660 multi_dec -1804721 quick_dec -48644 nack_dec -232400
Flow Uec_706_2546 flowId 911 uecSrc 910 finished at 30115.5 total messages 1 total packets 2448 RTS 0 total bytes 10002528 in_flight now 0 fair_inc 344709 prop_inc 105699 fast_inc 0 eta_inc 796852 multi_dec -1654977 quick_dec -38447 nack_dec -257300
Flow Uec_2768_912 flowId 989 uecSrc 988 finished at 30125.5 total messages 1 total packets 2448 RTS 0 total bytes 10002528 in_flight now 0 fair_inc 477806 prop_inc 6375 fast_inc 0 eta_inc 790892 multi_dec -2040376 quick_dec -116592 nack_dec -282200
Flow Uec_1385_3170 flowId 805 uecSrc 804 finished at 30125.6 total messages 1 total packets 2448 RTS 0 total bytes 10002528 in_flight now 0 fair_inc 371806 prop_inc 82599 fast_inc 0 eta_inc 796256 multi_dec -1809703 quick_dec -54013 nack_dec -261450
Flow Uec_2342_466 flowId 1558 uecSrc 1557 finished at 30131.1 total messages 1 total packets 2448 RTS 0 total bytes 10002528 in_flight now 0 fair_inc 470137 prop_inc 5229 fast_inc 0 eta_inc 784932 multi_dec -2023858 quick_dec -69186 nack_dec -290500
Flow Uec_2450_621 flowId 745 uecSrc 744 finished at 30133.5 total messages 1 total packets 2448 RTS 0 total bytes 10002528 in_flight now 0 fair_inc 389855 prop_inc 81981 fast_inc 0 eta_inc 799236 multi_dec -1787180 quick_dec -95326 nack_dec -273900
Flow Uec_2329_504 flowId 1390 uecSrc 1389 finished at 30180 total messages 1 total packets 2448 RTS 0 total bytes 10002528 in_flight now 0 fair_inc 458750 prop_inc 5530 fast_inc 0 eta_inc 794468 multi_dec -2037388 quick_dec -67016 nack_dec -286350
Flow Uec_2343_501 flowId 730 uecSrc 729 finished at 30290.4 total messages 1 total packets 2448 RTS 0 total bytes 10002528 in_flight now 0 fair_inc 468366 prop_inc 4245 fast_inc 0 eta_inc 790296 multi_dec -2109603 quick_dec -47476 nack_dec -261450
Flow Uec_2809_946 flowId 882 uecSrc 881 finished at 30294 total messages 1 total packets 2448 RTS 0 total bytes 10002528 in_flight now 0 fair_inc 466679 prop_inc 11436 fast_inc 0 eta_inc 792680 multi_dec -1893733 quick_dec -67565 nack_dec -265600
Flow Uec_2310_487 flowId 418 uecSrc 417 finished at 30347.8 total messages 1 total packets 2448 RTS 0 total bytes 10002528 in_flight now 0 fair_inc 455317 prop_inc 4890 fast_inc 0 eta_inc 790892 multi_dec -1933862 quick_dec -17620 nack_dec -315400
Flow Uec_2757_947 flowId 136 uecSrc 135 finished at 30348.5 total messages 1 total packets 2448 RTS 0 total bytes 10002528 in_flight now 0 fair_inc 469056 prop_inc 9486 fast_inc 0 eta_inc 799832 multi_dec -1974525 quick_dec -58323 nack_dec -249000
Flow Uec_2798_953 flowId 1361 uecSrc 1360 finished at 30372.8 total messages 1 total packets 2448 RTS 0 total bytes 10002528 in_flight now 0 fair_inc 472538 prop_inc 9770 fast_inc 0 eta_inc 796852 multi_dec -1949901 quick_dec -94267 nack_dec -290500
Flow Uec_2734_855 flowId 1213 uecSrc 1212 finished at 30378.8 total messages 1 total packets 2448 RTS 0 total bytes 10002528 in_flight now 0 fair_inc 447584 prop_inc 6922 fast_inc 0 eta_inc 791488 multi_dec -1999172 quick_dec -51930 nack_dec -265600
Flow Uec_2788_905 flowId 1098 uecSrc 1097 finished at 30392.3 total messages 1 total packets 2448 RTS 0 total bytes 10002528 in_flight now 0 fair_inc 459256 prop_inc 7786 fast_inc 0 eta_inc 800428 multi_dec -2001842 quick_dec -63526 nack_dec -236550
Flow Uec_2804_951 flowId 1764 uecSrc 1763 finished at 30445.2 total messages 1 total packets 2448 RTS 0 total bytes 10002528 in_flight now 0 fair_inc 441751 prop_inc 10930 fast_inc 0 eta_inc 799236 multi_dec -1936944 quick_dec -59253 nack_dec -253150
Flow Uec_1339_3082 flowId 519 uecSrc 518 finished at 30460.1 total messages 1 total packets 2448 RTS 0 total bytes 10002528 in_flight now 0 fair_inc 475696 prop_inc 3914 fast_inc 0 eta_inc 795660 multi_dec -1996754 quick_dec -74135 nack_dec -244850
Flow Uec_2704_847 flowId 619 uecSrc 618 finished at 30478.6 total messages 1 total packets 2448 RTS 0 total bytes 10002528 in_flight now 0 fair_inc 462157 prop_inc 10063 fast_inc 0 eta_inc 796256 multi_dec -2015974 quick_dec -51711 nack_dec -257300
Flow Uec_1343_3100 flowId 531 uecSrc 530 finished at 30516.9 total messages 1 total packets 2448 RTS 0 total bytes 10002528 in_flight now 0 fair_inc 446841 prop_inc 9519 fast_inc 0 eta_inc 793872 multi_dec -1996049 quick_dec -48384 nack_dec -269750
Flow Uec_2744_836 flowId 614 uecSrc 613 finished at 30532.8 total messages 1 total packets 2448 RTS 0 total bytes 10002528 in_flight now 0 fair_inc 492905 prop_inc 6181 fast_inc 0 eta_inc 793872 multi_dec -2075595 quick_dec -86102 nack_dec -273900
Flow Uec_2758_917 flowId 332 uecSrc 331 finished at 30538 total messages 1 total packets 2448 RTS 0 total bytes 10002528 in_flight now 0 fair_inc 436480 prop_inc 10668 fast_inc 0 eta_inc 804004 multi_dec -1991640 quick_dec -23429 nack_dec -224100
Flow Uec_2774_940 flowId 388 uecSrc 387 finished at 30568 total messages 1 total packets 2448 RTS 0 total bytes 10002528 in_flight now 0 fair_inc 486005 prop_inc 10694 fast_inc 0 eta_inc 802216 multi_dec -1971081 quick_dec -19014 nack_dec -265600
Flow Uec_2803_955 flowId 149 uecSrc 148 finished at 30582.7 total messages 1 total packets 2448 RTS 0 total bytes 10002528 in_flight now 0 fair_inc 420386 prop_inc 7988 fast_inc 0 eta_inc 806984 multi_dec -1955079 quick_dec -66562 nack_dec -253150
Flow Uec_2756_932 flowId 1526 uecSrc 1525 finished at 30637 total messages 1 total packets 2448 RTS 0 total bytes 10002528 in_flight now 0 fair_inc 463832 prop_inc 13504 fast_inc 0 eta_inc 805196 multi_dec -1922743 quick_dec -93056 nack_dec -249000
Flow Uec_1281_3107 flowId 360 uecSrc 359 finished at 30638.3 total messages 1 total packets 2448 RTS 0 total bytes 10002528 in_flight now 0 fair_inc 482164 prop_inc 7738 fast_inc 0 eta_inc 795064 multi_dec -1999203 quick_dec -107707 nack_dec -294650
Flow Uec_2754_910 flowId 1153 uecSrc 1152 finished at 30693.9 total messages 1 total packets 2448 RTS 0 total bytes 10002528 in_flight now 0 fair_inc 437417 prop_inc 6238 fast_inc 0 eta_inc 809368 multi_dec -1959244 quick_dec -32949 nack_dec -265600
Flow Uec_2312_506 flowId 648 uecSrc 647 finished at 30722.2 total messages 1 total packets 2448 RTS 0 total bytes 10002528 in_flight now 0 fair_inc 466976 prop_inc 8690 fast_inc 0 eta_inc 803408 multi_dec -2012588 quick_dec -94358 nack_dec -290500
Flow Uec_2365_508 flowId 500 uecSrc 499 finished at 30733 total messages 1 total packets 2448 RTS 0 total bytes 10002528 in_flight now 0 fair_inc 497747 prop_inc 3157 fast_inc 0 eta_inc 799832 multi_dec -2037408 quick_dec -36658 nack_dec -311250
Flow Uec_2345_509 flowId 476 uecSrc 475 finished at 30751.4 total messages 1 total packets 2448 RTS 0 total bytes 10002528 in_flight now 0 fair_inc 466686 prop_inc 4132 fast_inc 0 eta_inc 804004 multi_dec -2024024 quick_dec -52728 nack_dec -253150
Flow Uec_2346_477 flowId 904 uecSrc 903 finished at 30755.5 total messages 1 total packets 2448 RTS 0 total bytes 10002528 in_flight now 0 fair_inc 453907 prop_inc 3828 fast_inc 0 eta_inc 803408 multi_dec -1982198 quick_dec -69324 nack_dec -265600
Flow Uec_2318_463 flowId 1362 uecSrc 1361 finished at 30756.7 total messages 1 total packets 2448 RTS 0 total bytes 10002528 in_flight now 0 fair_inc 457186 prop_inc 10430 fast_inc 0 eta_inc 805196 multi_dec -2027489 quick_dec -65955 nack_dec -265600
Flow Uec_2787_909 flowId 1444 uecSrc 1443 finished at 30756.7 total messages 1 total packets 2448 RTS 0 total bytes 10002528 in_flight now 0 fair_inc 427395 prop_inc 10705 fast_inc 0 eta_inc 810560 multi_dec -1878052 quick_dec -31564 nack_dec -228250
Flow Uec_2323_492 flowId 1718 uecSrc 1717 finished at 30775.1 total messages 1 total packets 2448 RTS 0 total bytes 10002528 in_flight now 0 fair_inc 435860 prop_inc 7407 fast_inc 0 eta_inc 805196 multi_dec -1891127 quick_dec -97398 nack_dec -261450
Flow Uec_2326_499 flowId 1204 uecSrc 1203 finished at 30781.8 total messages 1 total packets 2448 RTS 0 total bytes 10002528 in_flight now 0 fair_inc 465317 prop_inc 6239 fast_inc 0 eta_inc 802216 multi_dec -1993774 quick_dec -33040 nack_dec -273900
Flow Uec_2755_923 flowId 83 uecSrc 82 finished at 30788.4 total messages 1 total packets 2448 RTS 0 total bytes 10002528 in_flight now 0 fair_inc 436788 prop_inc 10605 fast_inc 0 eta_inc 810560 multi_dec -2018319 quick_dec -5753 nack_dec -232400
Flow Uec_2712_835 flowId 498 uecSrc 497 finished at 30798.2 total messages 1 total packets 2448 RTS 0 total bytes 10002528 in_flight now 0 fair_inc 475811 prop_inc 11542 fast_inc 0 eta_inc 805196 multi_dec -2036555 quick_dec -54937 nack_dec -278050
Flow Uec_2692_879 flowId 1197 uecSrc 1196 finished at 30799.7 total messages 1 total packets 2448 RTS 0 total bytes 10002528 in_flight now 0 fair_inc 476236 prop_inc 7937 fast_inc 0 eta_inc 804600 multi_dec -1979817 quick_dec -35702 nack_dec -302950
Flow Uec_2782_939 flowId 1494 uecSrc 1493 finished at 30814.1 total messages 1 total packets 2448 RTS 0 total bytes 10002528 in_flight now 0 fair_inc 414239 prop_inc 14297 fast_inc 0 eta_inc 811752 multi_dec -1833925 quick_dec -90566 nack_dec -257300
Flow Uec_2791_900 flowId 414 uecSrc 413 finished at 30825.4 total messages 1 total packets 2448 RTS 0 total bytes 10002528 in_flight now 0 fair_inc 406546 prop_inc 11205 fast_inc 0 eta_inc 812944 multi_dec -1917043 quick_dec -8626 nack_dec -249000
Flow Uec_2801_927 flowId 59 uecSrc 58 finished at 30827.3 total messages 1 total packets 2448 RTS 0 total bytes 10002528 in_flight now 0 fair_inc 434872 prop_inc 13529 fast_inc 0 eta_inc 812348 multi_dec -1921275 quick_dec -63834 nack_dec -269750
Flow Uec_2772_949 flowId 1588 uecSrc 1587 finished at 30830.8 total messages 1 total packets 2448 RTS 0 total bytes 10002528 in_flight now 0 fair_inc 434914 prop_inc 18272 fast_inc 0 eta_inc 812348 multi_dec -1866357 quick_dec -38331 nack_dec -228250
Flow Uec_2695_876 flowId 1324 uecSrc 1323 finished at 30834.3 total messages 1 total packets 2448 RTS 0 total bytes 10002528 in_flight now 0 fair_inc 476670 prop_inc 9163 fast_inc 0 eta_inc 802216 multi_dec -1944116 quick_dec -53633 nack_dec -319550
Flow Uec_2785_925 flowId 1786 uecSrc 1785 finished at 30844.2 total messages 1 total packets 2448 RTS 0 total bytes 10002528 in_flight now 0 fair_inc 426582 prop_inc 17874 fast_inc 0 eta_inc 813540 multi_dec -1868366 quick_dec -52860 nack_dec -244850
Flow Uec_2769_906 flowId 626 uecSrc 625 finished at 30872.9 total messages 1 total packets 2448 RTS 0 total bytes 10002528 in_flight now 0 fair_inc 423334 prop_inc 34536 fast_inc 0 eta_inc 812348 multi_dec -1847532 quick_dec -45586 nack_dec -286350
Flow Uec_2784_941 flowId 720 uecSrc 719 finished at 30874 total messages 1 total packets 2448 RTS 0 total bytes 10002528 in_flight now 0 fair_inc 447592 prop_inc 29828 fast_inc 0 eta_inc 816520 multi_dec -1958786 quick_dec -16348 nack_dec -244850
Flow Uec_2811_924 flowId 1708 uecSrc 1707 finished at 30880.2 total messages 1 total packets 2448 RTS 0 total bytes 10002528 in_flight now 0 fair_inc 390878 prop_inc 38170 fast_inc 0 eta_inc 815328 multi_dec -1854280 quick_dec -66390 nack_dec -261450
Flow Uec_2720_872 flowId 1183 uecSrc 1182 finished at 30909.8 total messages 1 total packets 2448 RTS 0 total bytes 10002528 in_flight now 0 fair_inc 485079 prop_inc 4571 fast_inc 0 eta_inc 806388 multi_dec -2032847 quick_dec -119638 nack_dec -278050
Flow Uec_2340_490 flowId 1502 uecSrc 1501 finished at 30913.8 total messages 1 total packets 2448 RTS 0 total bytes 10002528 in_flight now 0 fair_inc 438584 prop_inc 12186 fast_inc 0 eta_inc 805792 multi_dec -1968073 quick_dec -29869 nack_dec -302950
Flow Uec_2780_952 flowId 1187 uecSrc 1186 finished at 30919.3 total messages 1 total packets 2448 RTS 0 total bytes 10002528 in_flight now 0 fair_inc 343701 prop_inc 58577 fast_inc 46864 eta_inc 818308 multi_dec -1732626 quick_dec -56962 nack_dec -265600
Flow Uec_2743_888 flowId 981 uecSrc 980 finished at 30982 total messages 1 total packets 2448 RTS 0 total bytes 10002528 in_flight now 0 fair_inc 444301 prop_inc 6193 fast_inc 0 eta_inc 806984 multi_dec -1938170 quick_dec -6622 nack_dec -257300
Flow Uec_2697_839 flowId 35 uecSrc 34 finished at 31032.6 total messages 1 total packets 2448 RTS 0 total bytes 10002528 in_flight now 0 fair_inc 453795 prop_inc 8032 fast_inc 0 eta_inc 810560 multi_dec -2031911 quick_dec -59583 nack_dec -265600
Flow Uec_1322_3095 flowId 206 uecSrc 205 finished at 31040.5 total messages 1 total packets 2448 RTS 0 total bytes 10002528 in_flight now 0 fair_inc 444646 prop_inc 6295 fast_inc 0 eta_inc 808176 multi_dec -2071442 quick_dec -34222 nack_dec -286350
Flow Uec_2308_450 flowId 1692 uecSrc 1691 finished at 31063 total messages 1 total packets 2448 RTS 0 total bytes 10002528 in_flight now 0 fair_inc 432417 prop_inc 14156 fast_inc 0 eta_inc 809368 multi_dec -1943315 quick_dec -86185 nack_dec -307100
Flow Uec_2305_497 flowId 460 uecSrc 459 finished at 31063.8 total messages 1 total packets 2448 RTS 0 total bytes 10002528 in_flight now 0 fair_inc 436489 prop_inc 8538 fast_inc 0 eta_inc 812944 multi_dec -1929652 quick_dec -79408 nack_dec -282200
Flow Uec_1333_3108 flowId 1262 uecSrc 1261 finished at 31069.2 total messages 1 total packets 2448 RTS 0 total bytes 10002528 in_flight now 0 fair_inc 442495 prop_inc 13236 fast_inc 0 eta_inc 808772 multi_dec -1909004 quick_dec -110474 nack_dec -307100
Flow Uec_2719_833 flowId 1750 uecSrc 1749 finished at 31071.3 total messages 1 total packets 2448 RTS 0 total bytes 10002528 in_flight now 0 fair_inc 480012 prop_inc 6733 fast_inc 0 eta_inc 811156 multi_dec -2038197 quick_dec -113828 nack_dec -265600
Flow Uec_2698_886 flowId 586 uecSrc 585 finished at 31149.4 total messages 1 total packets 2448 RTS 0 total bytes 10002528 in_flight now 0 fair_inc 473076 prop_inc 3710 fast_inc 0 eta_inc 811156 multi_dec -1945409 quick_dec -74194 nack_dec -265600
Flow Uec_2367_473 flowId 521 uecSrc 520 finished at 31166.1 total messages 1 total packets 2448 RTS 0 total bytes 10002528 in_flight now 0 fair_inc 434160 prop_inc 9561 fast_inc 0 eta_inc 814732 multi_dec -1927162 quick_dec -47752 nack_dec -286350
Flow Uec_2715_844 flowId 1029 uecSrc 1028 finished at 31172.1 total messages 1 total packets 2448 RTS 0 total bytes 10002528 in_flight now 0 fair_inc 433110 prop_inc 5295 fast_inc 0 eta_inc 815328 multi_dec -1957759 quick_dec -51496 nack_dec -282200
Flow Uec_1318_3083 flowId 1325 uecSrc 1324 finished at 31197.1 total messages 1 total packets 2448 RTS 0 total bytes 10002528 in_flight now 0 fair_inc 433780 prop_inc 6631 fast_inc 0 eta_inc 814732 multi_dec -2028604 quick_dec -104127 nack_dec -273900
Flow Uec_2306_470 flowId 1441 uecSrc 1440 finished at 31227 total messages 1 total packets 2448 RTS 0 total bytes 10002528 in_flight now 0 fair_inc 458272 prop_inc 12384 fast_inc 0 eta_inc 817712 multi_dec -1931802 quick_dec -89574 nack_dec -257300
Flow Uec_2320_453 flowId 1468 uecSrc 1467 finished at 31235.1 total messages 1 total packets 2448 RTS 0 total bytes 10002528 in_flight now 0 fair_inc 443335 prop_inc 8111 fast_inc 0 eta_inc 813540 multi_dec -1926936 quick_dec -75614 nack_dec -290500
Flow Uec_1305_3123 flowId 1500 uecSrc 1499 finished at 31237.1 total messages 1 total packets 2448 RTS 0 total bytes 10002528 in_flight now 0 fair_inc 448862 prop_inc 8658 fast_inc 0 eta_inc 815328 multi_dec -2003882 quick_dec -78572 nack_dec -244850
Flow Uec_2322_472 flowId 693 uecSrc 692 finished at 31255.8 total messages 1 total packets 2448 RTS 0 total bytes 10002528 in_flight now 0 fair_inc 443715 prop_inc 11941 fast_inc 0 eta_inc 817116 multi_dec -1939339 quick_dec -52490 nack_dec -282200
Flow Uec_1338_3093 flowId 1627 uecSrc 1626 finished at 31257.4 total messages 1 total packets 2448 RTS 0 total bytes 10002528 in_flight now 0 fair_inc 481848 prop_inc 8731 fast_inc 0 eta_inc 814732 multi_dec -2016482 quick_dec -81653 nack_dec -282200
Flow Uec_2706_880 flowId 1654 uecSrc 1653 finished at 31277.1 total messages 1 total packets 2448 RTS 0 total bytes 10002528 in_flight now 0 fair_inc 497175 prop_inc 11074 fast_inc 0 eta_inc 814136 multi_dec -1985647 quick_dec -105716 nack_dec -273900
Flow Uec_2742_853 flowId 3 uecSrc 2 finished at 31289.2 total messages 1 total packets 2448 RTS 0 total bytes 10002528 in_flight now 0 fair_inc 446561 prop_inc 4107 fast_inc 0 eta_inc 817116 multi_dec -2080483 quick_dec -95537 nack_dec -228250
Flow Uec_2727_869 flowId 585 uecSrc 584 finished at 31305 total messages 1 total packets 2448 RTS 0 total bytes 10002528 in_flight now 0 fair_inc 449360 prop_inc 8858 fast_inc 0 eta_inc 818308 multi_dec -1996654 quick_dec -82034 nack_dec -278050
Flow Uec_2348_479 flowId 697 uecSrc 696 finished at 31315.1 total messages 1 total packets 2448 RTS 0 total bytes 10002528 in_flight now 0 fair_inc 399611 prop_inc 13613 fast_inc 0 eta_inc 821288 multi_dec -1873521 quick_dec -38121 nack_dec -236550
Flow Uec_2701_838 flowId 1148 uecSrc 1147 finished at 31325 total messages 1 total packets 2448 RTS 0 total bytes 10002528 in_flight now 0 fair_inc 444322 prop_inc 12479 fast_inc 0 eta_inc 813540 multi_dec -1943691 quick_dec -69079 nack_dec -315400
Flow Uec_2304_448 flowId 1173 uecSrc 1172 finished at 31358 total messages 1 total packets 2448 RTS 0 total bytes 10002528 in_flight now 0 fair_inc 418409 prop_inc 14689 fast_inc 0 eta_inc 821884 multi_dec -2019695 quick_dec -23172 nack_dec -249000
Flow Uec_2740_862 flowId 1238 uecSrc 1237 finished at 31372.9 total messages 1 total packets 2448 RTS 0 total bytes 10002528 in_flight now 0 fair_inc 448902 prop_inc 6463 fast_inc 0 eta_inc 818308 multi_dec -1921654 quick_dec -109702 nack_dec -290500
Flow Uec_2709_843 flowId 905 uecSrc 904 finished at 31383 total messages 1 total packets 2448 RTS 0 total bytes 10002528 in_flight now 0 fair_inc 459763 prop_inc 12601 fast_inc 0 eta_inc 821884 multi_dec -1956622 quick_dec -76309 nack_dec -294650
Flow Uec_1291_3075 flowId 1210 uecSrc 1209 finished at 31406 total messages 1 total packets 2448 RTS 0 total bytes 10002528 in_flight now 0 fair_inc 466058 prop_inc 5898 fast_inc 0 eta_inc 820096 multi_dec -1994248 quick_dec -47553 nack_dec -302950
Flow Uec_2364_488 flowId 1439 uecSrc 1438 finished at 31407.3 total messages 1 total packets 2448 RTS 0 total bytes 10002528 in_flight now 0 fair_inc 416605 prop_inc 16083 fast_inc 0 eta_inc 823672 multi_dec -1805761 quick_dec -103119 nack_dec -273900
Flow Uec_1294_3133 flowId 63 uecSrc 62 finished at 31429.4 total messages 1 total packets 2448 RTS 0 total bytes 10002528 in_flight now 0 fair_inc 438147 prop_inc 7061 fast_inc 0 eta_inc 820096 multi_dec -1985094 quick_dec -71540 nack_dec -261450
Flow Uec_2324_456 flowId 461 uecSrc 460 finished at 31442.3 total messages 1 total packets 2448 RTS 0 total bytes 10002528 in_flight now 0 fair_inc 402242 prop_inc 17108 fast_inc 0 eta_inc 823076 multi_dec -1947482 quick_dec -48117 nack_dec -286350
Flow Uec_2716_892 flowId 534 uecSrc 533 finished at 31448.2 total messages 1 total packets 2448 RTS 0 total bytes 10002528 in_flight now 0 fair_inc 462545 prop_inc 6944 fast_inc 0 eta_inc 822480 multi_dec -1962689 quick_dec -62215 nack_dec -278050
Flow Uec_2344_500 flowId 1272 uecSrc 1271 finished at 31476.3 total messages 1 total packets 2448 RTS 0 total bytes 10002528 in_flight now 0 fair_inc 454487 prop_inc 12616 fast_inc 0 eta_inc 826056 multi_dec -1971354 quick_dec -61287 nack_dec -257300
Flow Uec_1312_3109 flowId 318 uecSrc 317 finished at 31486.9 total messages 1 total packets 2448 RTS 0 total bytes 10002528 in_flight now 0 fair_inc 432434 prop_inc 11898 fast_inc 0 eta_inc 818904 multi_dec -1977010 quick_dec -43731 nack_dec -294650
Flow Uec_2358_476 flowId 1301 uecSrc 1300 finished at 31487 total messages 1 total packets 2448 RTS 0 total bytes 10002528 in_flight now 0 fair_inc 447605 prop_inc 14792 fast_inc 0 eta_inc 826652 multi_dec -1958876 quick_dec -73999 nack_dec -290500
Flow Uec_2363_452 flowId 572 uecSrc 571 finished at 31497.8 total messages 1 total packets 2448 RTS 0 total bytes 10002528 in_flight now 0 fair_inc 429095 prop_inc 15961 fast_inc 0 eta_inc 826056 multi_dec -1891999 quick_dec -44471 nack_dec -290500
Flow Uec_2725_866 flowId 1292 uecSrc 1291 finished at 31508.8 total messages 1 total packets 2448 RTS 0 total bytes 10002528 in_flight now 0 fair_inc 439229 prop_inc 10854 fast_inc 0 eta_inc 820692 multi_dec -1876088 quick_dec -142331 nack_dec -323700
Flow Uec_2362_454 flowId 1308 uecSrc 1307 finished at 31522.1 total messages 1 total packets 2448 RTS 0 total bytes 10002528 in_flight now 0 fair_inc 459750 prop_inc 13371 fast_inc 0 eta_inc 828440 multi_dec -1870305 quick_dec -93168 nack_dec -269750
Flow Uec_1342_3119 flowId 187 uecSrc 186 finished at 31543.2 total messages 1 total packets 2448 RTS 0 total bytes 10002528 in_flight now 0 fair_inc 481500 prop_inc 13143 fast_inc 0 eta_inc 822480 multi_dec -1944447 quick_dec -126994 nack_dec -340300
Flow Uec_2361_480 flowId 1385 uecSrc 1384 finished at 31550.8 total messages 1 total packets 2448 RTS 0 total bytes 10002528 in_flight now 0 fair_inc 425109 prop_inc 23600 fast_inc 0 eta_inc 827844 multi_dec -1879482 quick_dec -126801 nack_dec -302950
Flow Uec_2359_481 flowId 1086 uecSrc 1085 finished at 31555.3 total messages 1 total packets 2448 RTS 0 total bytes 10002528 in_flight now 0 fair_inc 448248 prop_inc 17933 fast_inc 0 eta_inc 830824 multi_dec -2022554 quick_dec -76171 nack_dec -278050
Flow Uec_2711_865 flowId 770 uecSrc 769 finished at 31571 total messages 1 total packets 2448 RTS 0 total bytes 10002528 in_flight now 0 fair_inc 405879 prop_inc 8720 fast_inc 0 eta_inc 827844 multi_dec -1951994 quick_dec -37820 nack_dec -232400
Flow Uec_2751_868 flowId 990 uecSrc 989 finished at 31571.7 total messages 1 total packets 2448 RTS 0 total bytes 10002528 in_flight now 0 fair_inc 450385 prop_inc 11485 fast_inc 0 eta_inc 826056 multi_dec -2053522 quick_dec -122160 nack_dec -269750
Flow Uec_2732_850 flowId 444 uecSrc 443 finished at 31576.9 total messages 1 total packets 2448 RTS 0 total bytes 10002528 in_flight now 0 fair_inc 466976 prop_inc 8752 fast_inc 0 eta_inc 827248 multi_dec -1977761 quick_dec -62863 nack_dec -290500
Flow Uec_2690_874 flowId 79 uecSrc 78 finished at 31584.7 total messages 1 total packets 2448 RTS 0 total bytes 10002528 in_flight now 0 fair_inc 460990 prop_inc 9612 fast_inc 0 eta_inc 823672 multi_dec -1836049 quick_dec -98517 nack_dec -323700
Flow Uec_2747_889 flowId 1387 uecSrc 1386 finished at 31585.8 total messages 1 total packets 2448 RTS 0 total bytes 10002528 in_flight now 0 fair_inc 364080 prop_inc 9681 fast_inc 0 eta_inc 827248 multi_dec -1883242 quick_dec -61813 nack_dec -278050
Flow Uec_2723_849 flowId 599 uecSrc 598 finished at 31612.2 total messages 1 total packets 2448 RTS 0 total bytes 10002528 in_flight now 0 fair_inc 444885 prop_inc 13861 fast_inc 0 eta_inc 827844 multi_dec -1979609 quick_dec -36131 nack_dec -273900
Flow Uec_2699_857 flowId 1260 uecSrc 1259 finished at 31614 total messages 1 total packets 2448 RTS 0 total bytes 10002528 in_flight now 0 fair_inc 430855 prop_inc 22283 fast_inc 0 eta_inc 826652 multi_dec -1928727 quick_dec -53374 nack_dec -294650
Flow Uec_2717_894 flowId 683 uecSrc 682 finished at 31617 total messages 1 total packets 2448 RTS 0 total bytes 10002528 in_flight now 0 fair_inc 430950 prop_inc 24174 fast_inc 0 eta_inc 825460 multi_dec -1929085 quick_dec -78567 nack_dec -294650
Flow Uec_2708_861 flowId 636 uecSrc 635 finished at 31637.1 total messages 1 total packets 2448 RTS 0 total bytes 10002528 in_flight now 0 fair_inc 450812 prop_inc 33474 fast_inc 0 eta_inc 826652 multi_dec -1902358 quick_dec -70857 nack_dec -323700
Flow Uec_2332_495 flowId 1376 uecSrc 1375 finished at 31637.7 total messages 1 total packets 2448 RTS 0 total bytes 10002528 in_flight now 0 fair_inc 415864 prop_inc 26785 fast_inc 0 eta_inc 829036 multi_dec -1867215 quick_dec -65822 nack_dec -307100
Flow Uec_2334_484 flowId 906 uecSrc 905 finished at 31642.8 total messages 1 total packets 2448 RTS 0 total bytes 10002528 in_flight now 0 fair_inc 417096 prop_inc 32993 fast_inc 0 eta_inc 832612 multi_dec -1914149 quick_dec -91574 nack_dec -278050
Flow Uec_2352_462 flowId 403 uecSrc 402 finished at 31647 total messages 1 total packets 2448 RTS 0 total bytes 10002528 in_flight now 0 fair_inc 428877 prop_inc 33819 fast_inc 0 eta_inc 827248 multi_dec -1895553 quick_dec -140349 nack_dec -315400
Flow Uec_2735_873 flowId 794 uecSrc 793 finished at 31670.5 total messages 1 total packets 2448 RTS 0 total bytes 10002528 in_flight now 0 fair_inc 394326 prop_inc 47678 fast_inc 0 eta_inc 831420 multi_dec -1994184 quick_dec -59113 nack_dec -261450
Flow Uec_2688_881 flowId 1693 uecSrc 1692 finished at 31693.8 total messages 1 total packets 2448 RTS 0 total bytes 10002528 in_flight now 0 fair_inc 400573 prop_inc 47593 fast_inc 0 eta_inc 830228 multi_dec -1892560 quick_dec -91273 nack_dec -282200
Flow Uec_2710_852 flowId 379 uecSrc 378 finished at 31703.5 total messages 1 total packets 2448 RTS 0 total bytes 10002528 in_flight now 0 fair_inc 393468 prop_inc 58434 fast_inc 0 eta_inc 831420 multi_dec -1860174 quick_dec -44009 nack_dec -278050
Flow Uec_2336_511 flowId 848 uecSrc 847 finished at 31721.9 total messages 1 total packets 2448 RTS 0 total bytes 10002528 in_flight now 0 fair_inc 292688 prop_inc 79590 fast_inc 0 eta_inc 835592 multi_dec -1636841 quick_dec -85249 nack_dec -273900
Flow Uec_2333_483 flowId 796 uecSrc 795 finished at 31722.4 total messages 1 total packets 2448 RTS 0 total bytes 10002528 in_flight now 0 fair_inc 388853 prop_inc 63708 fast_inc 0 eta_inc 834996 multi_dec -1879030 quick_dec -96979 nack_dec -261450
Flow Uec_2733_878 flowId 1453 uecSrc 1452 finished at 31723.9 total messages 1 total packets 2448 RTS 0 total bytes 10002528 in_flight now 0 fair_inc 426840 prop_inc 72626 fast_inc 0 eta_inc 831420 multi_dec -1907158 quick_dec -96266 nack_dec -261450
Flow Uec_1293_3130 flowId 36 uecSrc 35 finished at 31773.3 total messages 1 total packets 2448 RTS 0 total bytes 10002528 in_flight now 0 fair_inc 391155 prop_inc 15189 fast_inc 0 eta_inc 829036 multi_dec -1858128 quick_dec -63756 nack_dec -278050
Flow Uec_1325_3104 flowId 764 uecSrc 763 finished at 31848.5 total messages 1 total packets 2448 RTS 0 total bytes 10002528 in_flight now 0 fair_inc 416761 prop_inc 9755 fast_inc 0 eta_inc 832612 multi_dec -1967625 quick_dec -108278 nack_dec -273900
Flow Uec_1287_3079 flowId 1384 uecSrc 1383 finished at 31864.6 total messages 1 total packets 2448 RTS 0 total bytes 10002528 in_flight now 0 fair_inc 428364 prop_inc 8285 fast_inc 0 eta_inc 830824 multi_dec -1975512 quick_dec -54028 nack_dec -290500
Flow Uec_1280_3081 flowId 615 uecSrc 614 finished at 31877 total messages 1 total packets 2448 RTS 0 total bytes 10002528 in_flight now 0 fair_inc 426207 prop_inc 7354 fast_inc 0 eta_inc 829036 multi_dec -2028360 quick_dec -92100 nack_dec -323700
Flow Uec_1320_3114 flowId 304 uecSrc 303 finished at 31924.3 total messages 1 total packets 2448 RTS 0 total bytes 10002528 in_flight now 0 fair_inc 430988 prop_inc 12170 fast_inc 0 eta_inc 836188 multi_dec -2017522 quick_dec -38528 nack_dec -253150
Flow Uec_1300_3132 flowId 576 uecSrc 575 finished at 31925.1 total messages 1 total packets 2448 RTS 0 total bytes 10002528 in_flight now 0 fair_inc 429740 prop_inc 7570 fast_inc 0 eta_inc 832612 multi_dec -2028314 quick_dec -58763 nack_dec -269750
Flow Uec_1334_3097 flowId 1294 uecSrc 1293 finished at 31931.9 total messages 1 total packets 2448 RTS 0 total bytes 10002528 in_flight now 0 fair_inc 466948 prop_inc 8400 fast_inc 0 eta_inc 834400 multi_dec -2020223 quick_dec -80426 nack_dec -273900
Flow Uec_1307_3078 flowId 1276 uecSrc 1275 finished at 31950.7 total messages 1 total packets 2448 RTS 0 total bytes 10002528 in_flight now 0 fair_inc 427752 prop_inc 11142 fast_inc 0 eta_inc 836784 multi_dec -2019368 quick_dec -37760 nack_dec -240700
Flow Uec_1336_3121 flowId 1461 uecSrc 1460 finished at 32001.5 total messages 1 total packets 2448 RTS 0 total bytes 10002528 in_flight now 0 fair_inc 413001 prop_inc 10974 fast_inc 0 eta_inc 834996 multi_dec -1942093 quick_dec -44198 nack_dec -265600
Flow Uec_1335_3125 flowId 70 uecSrc 69 finished at 32119.2 total messages 1 total packets 2448 RTS 0 total bytes 10002528 in_flight now 0 fair_inc 405242 prop_inc 6284 fast_inc 0 eta_inc 840360 multi_dec -2018668 quick_dec -23415 nack_dec -269750
Flow Uec_1289_3098 flowId 1155 uecSrc 1154 finished at 32149.2 total messages 1 total packets 2448 RTS 0 total bytes 10002528 in_flight now 0 fair_inc 425518 prop_inc 6806 fast_inc 0 eta_inc 837976 multi_dec -1936194 quick_dec -79458 nack_dec -269750
Flow Uec_1310_3099 flowId 493 uecSrc 492 finished at 32197.1 total messages 1 total packets 2448 RTS 0 total bytes 10002528 in_flight now 0 fair_inc 461509 prop_inc 12099 fast_inc 0 eta_inc 839168 multi_dec -1906441 quick_dec -108050 nack_dec -327850
Flow Uec_1288_3073 flowId 198 uecSrc 197 finished at 32216.8 total messages 1 total packets 2448 RTS 0 total bytes 10002528 in_flight now 0 fair_inc 449608 prop_inc 17849 fast_inc 0 eta_inc 842148 multi_dec -1911868 quick_dec -61248 nack_dec -298800
Flow Uec_1297_3129 flowId 124 uecSrc 123 finished at 32233.6 total messages 1 total packets 2448 RTS 0 total bytes 10002528 in_flight now 0 fair_inc 405311 prop_inc 12738 fast_inc 0 eta_inc 845724 multi_dec -1963688 quick_dec -61846 nack_dec -286350
Flow Uec_1304_3072 flowId 756 uecSrc 755 finished at 32292.8 total messages 1 total packets 2448 RTS 0 total bytes 10002528 in_flight now 0 fair_inc 407607 prop_inc 13563 fast_inc 0 eta_inc 847512 multi_dec -1891439 quick_dec -52908 nack_dec -273900
Flow Uec_1309_3080 flowId 1226 uecSrc 1225 finished at 32327.1 total messages 1 total packets 2448 RTS 0 total bytes 10002528 in_flight now 0 fair_inc 367402 prop_inc 13882 fast_inc 0 eta_inc 846320 multi_dec -1869372 quick_dec -31845 nack_dec -253150
Flow Uec_1292_3074 flowId 1653 uecSrc 1652 finished at 32339.5 total messages 1 total packets 2448 RTS 0 total bytes 10002528 in_flight now 0 fair_inc 429822 prop_inc 15318 fast_inc 0 eta_inc 842148 multi_dec -1925508 quick_dec -87866 nack_dec -302950
Flow Uec_1296_3094 flowId 940 uecSrc 939 finished at 32369.5 total messages 1 total packets 2448 RTS 0 total bytes 10002528 in_flight now 0 fair_inc 442674 prop_inc 12522 fast_inc 0 eta_inc 849300 multi_dec -1818514 quick_dec -204628 nack_dec -319550
Flow Uec_1327_3089 flowId 81 uecSrc 80 finished at 32373.6 total messages 1 total packets 2448 RTS 0 total bytes 10002528 in_flight now 0 fair_inc 402836 prop_inc 14494 fast_inc 0 eta_inc 847512 multi_dec -1873968 quick_dec -96388 nack_dec -302950
Flow Uec_1308_3090 flowId 241 uecSrc 240 finished at 32387.1 total messages 1 total packets 2448 RTS 0 total bytes 10002528 in_flight now 0 fair_inc 371181 prop_inc 20708 fast_inc 0 eta_inc 845724 multi_dec -1856554 quick_dec -77083 nack_dec -286350
Flow Uec_1316_3106 flowId 1347 uecSrc 1346 finished at 32395.1 total messages 1 total packets 2448 RTS 0 total bytes 10002528 in_flight now 0 fair_inc 400935 prop_inc 30912 fast_inc 0 eta_inc 845724 multi_dec -1800395 quick_dec -145732 nack_dec -311250
Flow Uec_1303_3084 flowId 279 uecSrc 278 finished at 32466.5 total messages 1 total packets 2448 RTS 0 total bytes 10002528 in_flight now 0 fair_inc 371344 prop_inc 58197 fast_inc 0 eta_inc 852280 multi_dec -1870030 quick_dec -44016 nack_dec -269750
Flow Uec_1340_3092 flowId 280 uecSrc 279 finished at 32467.9 total messages 1 total packets 2448 RTS 0 total bytes 10002528 in_flight now 0 fair_inc 345733 prop_inc 63486 fast_inc 0 eta_inc 851684 multi_dec -1862740 quick_dec -31434 nack_dec -253150
Flow Uec_1295_3096 flowId 1603 uecSrc 1602 finished at 32571 total messages 1 total packets 2448 RTS 0 total bytes 10002528 in_flight now 0 fair_inc 286235 prop_inc 132556 fast_inc 0 eta_inc 856452 multi_dec -1715006 quick_dec -45081 nack_dec -228250
Flow Uec_2163_308 flowId 1538 uecSrc 1537 finished at 32803.6 total messages 1 total packets 2448 RTS 0 total bytes 10002528 in_flight now 0 fair_inc 487566 prop_inc 5225 fast_inc 0 eta_inc 827844 multi_dec -2180765 quick_dec -110104 nack_dec -402550
Flow Uec_2120_316 flowId 6 uecSrc 5 finished at 33066.5 total messages 1 total packets 2448 RTS 0 total bytes 10002528 in_flight now 0 fair_inc 483035 prop_inc 10316 fast_inc 0 eta_inc 836784 multi_dec -2144735 quick_dec -124029 nack_dec -410850
Flow Uec_2151_291 flowId 1220 uecSrc 1219 finished at 33162.3 total messages 1 total packets 2448 RTS 0 total bytes 10002528 in_flight now 0 fair_inc 470937 prop_inc 11042 fast_inc 0 eta_inc 842148 multi_dec -2167287 quick_dec -106516 nack_dec -352750
Flow Uec_2149_314 flowId 394 uecSrc 393 finished at 33206.2 total messages 1 total packets 2448 RTS 0 total bytes 10002528 in_flight now 0 fair_inc 489106 prop_inc 11358 fast_inc 0 eta_inc 839764 multi_dec -2141799 quick_dec -97046 nack_dec -395872
Flow Uec_2132_267 flowId 1524 uecSrc 1523 finished at 33323.2 total messages 1 total packets 2448 RTS 0 total bytes 10002528 in_flight now 0 fair_inc 468745 prop_inc 7276 fast_inc 0 eta_inc 843936 multi_dec -2150584 quick_dec -144382 nack_dec -361050
Flow Uec_2162_271 flowId 830 uecSrc 829 finished at 33369.1 total messages 1 total packets 2448 RTS 0 total bytes 10002528 in_flight now 0 fair_inc 479585 prop_inc 6931 fast_inc 0 eta_inc 850492 multi_dec -2075973 quick_dec -94195 nack_dec -365200
Flow Uec_2124_288 flowId 842 uecSrc 841 finished at 33442.4 total messages 1 total packets 2448 RTS 0 total bytes 10002528 in_flight now 0 fair_inc 458097 prop_inc 15209 fast_inc 0 eta_inc 850492 multi_dec -2092347 quick_dec -146121 nack_dec -402550
Flow Uec_2160_272 flowId 22 uecSrc 21 finished at 33536.1 total messages 1 total packets 2448 RTS 0 total bytes 10002528 in_flight now 0 fair_inc 493967 prop_inc 6697 fast_inc 0 eta_inc 852876 multi_dec -2069595 quick_dec -154196 nack_dec -348600
Flow Uec_2119_307 flowId 264 uecSrc 263 finished at 33633.1 total messages 1 total packets 2448 RTS 0 total bytes 10002528 in_flight now 0 fair_inc 458650 prop_inc 11953 fast_inc 0 eta_inc 851684 multi_dec -2148859 quick_dec -116094 nack_dec -390100
Flow Uec_2139_293 flowId 996 uecSrc 995 finished at 33718.6 total messages 1 total packets 2448 RTS 0 total bytes 10002528 in_flight now 0 fair_inc 470260 prop_inc 4087 fast_inc 0 eta_inc 854068 multi_dec -2100254 quick_dec -85931 nack_dec -390100
Flow Uec_2144_298 flowId 471 uecSrc 470 finished at 34007.6 total messages 1 total packets 2448 RTS 0 total bytes 10002528 in_flight now 0 fair_inc 462855 prop_inc 10436 fast_inc 0 eta_inc 863008 multi_dec -2115782 quick_dec -91201 nack_dec -352750
Flow Uec_2168_282 flowId 700 uecSrc 699 finished at 34070.8 total messages 1 total packets 2448 RTS 0 total bytes 10002528 in_flight now 0 fair_inc 452637 prop_inc 12348 fast_inc 0 eta_inc 868968 multi_dec -2084436 quick_dec -69324 nack_dec -332000
Flow Uec_2112_268 flowId 1375 uecSrc 1374 finished at 34084.8 total messages 1 total packets 2448 RTS 0 total bytes 10002528 in_flight now 0 fair_inc 487415 prop_inc 6102 fast_inc 0 eta_inc 865988 multi_dec -2087154 quick_dec -157839 nack_dec -394250
Flow Uec_2150_256 flowId 878 uecSrc 877 finished at 34088.3 total messages 1 total packets 2448 RTS 0 total bytes 10002528 in_flight now 0 fair_inc 463432 prop_inc 7740 fast_inc 0 eta_inc 868372 multi_dec -2136007 quick_dec -56616 nack_dec -327850
Flow Uec_2136_281 flowId 873 uecSrc 872 finished at 34102.7 total messages 1 total packets 2448 RTS 0 total bytes 10002528 in_flight now 0 fair_inc 476772 prop_inc 10179 fast_inc 0 eta_inc 866584 multi_dec -2081144 quick_dec -123506 nack_dec -377650
Flow Uec_2122_286 flowId 668 uecSrc 667 finished at 34115.2 total messages 1 total packets 2448 RTS 0 total bytes 10002528 in_flight now 0 fair_inc 435283 prop_inc 8698 fast_inc 0 eta_inc 866584 multi_dec -2100360 quick_dec -144200 nack_dec -410850
Flow Uec_2164_289 flowId 222 uecSrc 221 finished at 34132.5 total messages 1 total packets 2448 RTS 0 total bytes 10002528 in_flight now 0 fair_inc 465704 prop_inc 8598 fast_inc 0 eta_inc 863604 multi_dec -2048406 quick_dec -53690 nack_dec -402550
Flow Uec_2175_306 flowId 419 uecSrc 418 finished at 34274.4 total messages 1 total packets 2448 RTS 0 total bytes 10002528 in_flight now 0 fair_inc 474802 prop_inc 7798 fast_inc 0 eta_inc 871948 multi_dec -2077231 quick_dec -108517 nack_dec -377650
Flow Uec_2161_262 flowId 1611 uecSrc 1610 finished at 34291.8 total messages 1 total packets 2448 RTS 0 total bytes 10002528 in_flight now 0 fair_inc 461458 prop_inc 4714 fast_inc 0 eta_inc 870756 multi_dec -2070105 quick_dec -86471 nack_dec -356900
Flow Uec_2166_276 flowId 948 uecSrc 947 finished at 34333.8 total messages 1 total packets 2448 RTS 0 total bytes 10002528 in_flight now 0 fair_inc 477698 prop_inc 10324 fast_inc 0 eta_inc 878504 multi_dec -2028686 quick_dec -137699 nack_dec -356900
Flow Uec_2141_280 flowId 707 uecSrc 706 finished at 34456.1 total messages 1 total packets 2448 RTS 0 total bytes 10002528 in_flight now 0 fair_inc 466612 prop_inc 11836 fast_inc 0 eta_inc 879696 multi_dec -2071771 quick_dec -142377 nack_dec -381800
Flow Uec_2173_265 flowId 1378 uecSrc 1377 finished at 34471.8 total messages 1 total packets 2448 RTS 0 total bytes 10002528 in_flight now 0 fair_inc 453429 prop_inc 14838 fast_inc 0 eta_inc 872544 multi_dec -2026794 quick_dec -56645 nack_dec -402550
Flow Uec_2156_299 flowId 972 uecSrc 971 finished at 34490.6 total messages 1 total packets 2448 RTS 0 total bytes 10002528 in_flight now 0 fair_inc 463843 prop_inc 14730 fast_inc 0 eta_inc 879100 multi_dec -2072678 quick_dec -156755 nack_dec -361050
Flow Uec_2133_310 flowId 1214 uecSrc 1213 finished at 34505.6 total messages 1 total packets 2448 RTS 0 total bytes 10002528 in_flight now 0 fair_inc 502243 prop_inc 11382 fast_inc 0 eta_inc 875524 multi_dec -2068909 quick_dec -164246 nack_dec -444050
Flow Uec_2131_292 flowId 762 uecSrc 761 finished at 34589.4 total messages 1 total packets 2448 RTS 0 total bytes 10002528 in_flight now 0 fair_inc 466498 prop_inc 9872 fast_inc 0 eta_inc 875524 multi_dec -2071293 quick_dec -89109 nack_dec -435750
Flow Uec_2171_259 flowId 307 uecSrc 306 finished at 34589.9 total messages 1 total packets 2448 RTS 0 total bytes 10002528 in_flight now 0 fair_inc 460475 prop_inc 9622 fast_inc 0 eta_inc 881484 multi_dec -2062619 quick_dec -134239 nack_dec -390100
Flow Uec_2148_305 flowId 565 uecSrc 564 finished at 34610.6 total messages 1 total packets 2448 RTS 0 total bytes 10002528 in_flight now 0 fair_inc 448076 prop_inc 9330 fast_inc 0 eta_inc 883868 multi_dec -2115353 quick_dec -60996 nack_dec -332000
Flow Uec_2169_297 flowId 1498 uecSrc 1497 finished at 34664.5 total messages 1 total packets 2448 RTS 0 total bytes 10002528 in_flight now 0 fair_inc 485865 prop_inc 11049 fast_inc 0 eta_inc 884464 multi_dec -2035361 quick_dec -161557 nack_dec -332000
Flow Uec_2134_275 flowId 269 uecSrc 268 finished at 34708.5 total messages 1 total packets 2448 RTS 0 total bytes 10002528 in_flight now 0 fair_inc 467814 prop_inc 12422 fast_inc 0 eta_inc 885060 multi_dec -2027253 quick_dec -182220 nack_dec -385950
Flow Uec_2113_319 flowId 1773 uecSrc 1772 finished at 34730.2 total messages 1 total packets 2448 RTS 0 total bytes 10002528 in_flight now 0 fair_inc 433278 prop_inc 9690 fast_inc 0 eta_inc 882080 multi_dec -2059757 quick_dec -54419 nack_dec -398400
Flow Uec_2154_285 flowId 1625 uecSrc 1624 finished at 34751.9 total messages 1 total packets 2448 RTS 0 total bytes 10002528 in_flight now 0 fair_inc 451870 prop_inc 17603 fast_inc 0 eta_inc 885656 multi_dec -2063510 quick_dec -154955 nack_dec -348600
Flow Uec_2117_274 flowId 884 uecSrc 883 finished at 34782.9 total messages 1 total packets 2448 RTS 0 total bytes 10002528 in_flight now 0 fair_inc 441579 prop_inc 10048 fast_inc 0 eta_inc 885656 multi_dec -2023499 quick_dec -86730 nack_dec -381800
Flow Uec_2170_318 flowId 431 uecSrc 430 finished at 34802.3 total messages 1 total packets 2448 RTS 0 total bytes 10002528 in_flight now 0 fair_inc 421283 prop_inc 14388 fast_inc 0 eta_inc 886252 multi_dec -1997919 quick_dec -93893 nack_dec -365200
Flow Uec_2115_309 flowId 1726 uecSrc 1725 finished at 34814.4 total messages 1 total packets 2448 RTS 0 total bytes 10002528 in_flight now 0 fair_inc 495781 prop_inc 13023 fast_inc 0 eta_inc 889232 multi_dec -2037620 quick_dec -144092 nack_dec -394250
Flow Uec_2145_295 flowId 207 uecSrc 206 finished at 34819.8 total messages 1 total packets 2448 RTS 0 total bytes 10002528 in_flight now 0 fair_inc 436931 prop_inc 16566 fast_inc 0 eta_inc 883272 multi_dec -1934304 quick_dec -120361 nack_dec -477250
Flow Uec_2118_263 flowId 1697 uecSrc 1696 finished at 34820.3 total messages 1 total packets 2448 RTS 0 total bytes 10002528 in_flight now 0 fair_inc 455764 prop_inc 12657 fast_inc 0 eta_inc 886252 multi_dec -2011495 quick_dec -102399 nack_dec -398400
Flow Uec_2135_261 flowId 1381 uecSrc 1380 finished at 34835.3 total messages 1 total packets 2448 RTS 0 total bytes 10002528 in_flight now 0 fair_inc 440121 prop_inc 15811 fast_inc 0 eta_inc 888040 multi_dec -2154356 quick_dec -62103 nack_dec -390100
Flow Uec_2174_294 flowId 513 uecSrc 512 finished at 34863.7 total messages 1 total packets 2448 RTS 0 total bytes 10002528 in_flight now 0 fair_inc 435583 prop_inc 23709 fast_inc 0 eta_inc 889828 multi_dec -2002239 quick_dec -163333 nack_dec -406700
Flow Uec_2128_296 flowId 889 uecSrc 888 finished at 34918.6 total messages 1 total packets 2448 RTS 0 total bytes 10002528 in_flight now 0 fair_inc 417101 prop_inc 25044 fast_inc 0 eta_inc 891616 multi_dec -1957216 quick_dec -99697 nack_dec -394250
Flow Uec_2165_266 flowId 1000 uecSrc 999 finished at 34925.7 total messages 1 total packets 2448 RTS 0 total bytes 10002528 in_flight now 0 fair_inc 381173 prop_inc 32063 fast_inc 0 eta_inc 892808 multi_dec -1910896 quick_dec -48687 nack_dec -356900
Flow Uec_2147_312 flowId 447 uecSrc 446 finished at 34930.1 total messages 1 total packets 2448 RTS 0 total bytes 10002528 in_flight now 0 fair_inc 377083 prop_inc 25903 fast_inc 0 eta_inc 891616 multi_dec -1960836 quick_dec -85702 nack_dec -352750
Flow Uec_2137_290 flowId 172 uecSrc 171 finished at 34934.9 total messages 1 total packets 2448 RTS 0 total bytes 10002528 in_flight now 0 fair_inc 400282 prop_inc 32407 fast_inc 0 eta_inc 894000 multi_dec -1880976 quick_dec -82772 nack_dec -398400
Flow Uec_2114_303 flowId 1040 uecSrc 1039 finished at 35023 total messages 1 total packets 2448 RTS 0 total bytes 10002528 in_flight now 0 fair_inc 314131 prop_inc 88590 fast_inc 0 eta_inc 892808 multi_dec -1795203 quick_dec -103063 nack_dec -385950
.Done
New: 4406400 Rtx: 104110 RTS: 0 Bounced: 0 ACKs: 4379888 NACKs: 104110 Pulls: 0 sleek_pkts: 0
