pattern,nodes,size,strat_label,strat,load_balancing_algo,extra_flags,load_fraction,flowsize,seed,n_flows,duration_us,fct_mean,fct_p50,fct_p99,fct_max,fct_min,new,rtx,rts,bounced,acks,nacks,pulls,sleek_pkts,rtx_rate_pct,rts_rate_pct,nack_rate_pct,bounced_rate_pct
tornado,1100,m,fpar_tuned,fpar,oblivious,-threshold 20750 -disable_hop_rtt_normalization,0.25,100000,1,275,29.2736,22.569353090909104,21.8056,28.9416,29.2736,19.4867,6875,0,0,0,2231,0,0,0,0.0,0.0,0.0,0.0
tornado,1100,m,reps_no_partition,reps_dfp,reps,,0.25,100000,1,275,24.6547,22.42283854545455,22.3136,24.3278,24.6547,21.1416,6875,0,0,0,2110,0,0,0,0.0,0.0,0.0,0.0
tornado,1100,m,reps_partition,reps_dfp,reps,-reps_partition_entropy -reps_escalate_threshold 0.2 -reps_warmup_explore_rtts 2.0 -reps_explore_prob 70,0.25,100000,1,275,25.3238,22.539538545454565,22.3376,24.6627,25.3238,21.1456,6875,0,0,0,2115,0,0,0,0.0,0.0,0.0,0.0
tornado,1100,m,fpar_tuned,fpar,oblivious,-threshold 20750 -disable_hop_rtt_normalization,0.25,100000,2,275,28.9416,23.012805818181832,21.8107,28.9376,28.9416,19.4816,6875,0,0,0,2263,0,0,0,0.0,0.0,0.0,0.0
tornado,1100,m,reps_no_partition,reps_dfp,reps,,0.25,100000,2,275,28.993,22.47380509090909,22.2958,25.157,28.993,21.1456,6875,0,0,0,2113,0,0,0,0.0,0.0,0.0,0.0
tornado,1100,m,reps_partition,reps_dfp,reps,-reps_partition_entropy -reps_escalate_threshold 0.2 -reps_warmup_explore_rtts 2.0 -reps_explore_prob 70,0.25,100000,2,275,26.505,22.566772363636368,22.4696,25.3227,26.505,21.1416,6875,0,0,0,2118,0,0,0,0.0,0.0,0.0,0.0
tornado,1100,m,fpar_tuned,fpar,oblivious,-threshold 20750 -disable_hop_rtt_normalization,0.25,100000,3,275,30.9336,22.571790545454547,21.8056,30.1096,30.9336,20.1456,6875,0,0,0,2225,0,0,0,0.0,0.0,0.0,0.0
tornado,1100,m,reps_no_partition,reps_dfp,reps,,0.25,100000,3,275,25.673,22.425004000000023,22.3216,24.9907,25.673,21.1416,6875,0,0,0,2109,0,0,0,0.0,0.0,0.0,0.0
tornado,1100,m,reps_partition,reps_dfp,reps,-reps_partition_entropy -reps_escalate_threshold 0.2 -reps_warmup_explore_rtts 2.0 -reps_explore_prob 70,0.25,100000,3,275,27.337,22.422598181818177,22.153,24.6547,27.337,20.8227,6875,0,0,0,2114,0,0,0,0.0,0.0,0.0,0.0
tornado,1100,m,fpar_tuned,fpar,oblivious,-threshold 20750 -disable_hop_rtt_normalization,0.25,100000,4,275,36.7694,23.2563861818182,21.8056,36.1054,36.7694,19.4816,6875,0,0,0,2342,0,0,0,0.0,0.0,0.0,0.0
tornado,1100,m,reps_no_partition,reps_dfp,reps,,0.25,100000,4,275,25.3267,22.50730763636364,22.3256,24.8301,25.3267,21.1456,6875,0,0,0,2134,0,0,0,0.0,0.0,0.0,0.0
tornado,1100,m,reps_partition,reps_dfp,reps,-reps_partition_entropy -reps_escalate_threshold 0.2 -reps_warmup_explore_rtts 2.0 -reps_explore_prob 70,0.25,100000,4,275,25.9827,22.525881818181816,22.4336,24.8147,25.9827,21.1456,6875,0,0,0,2118,0,0,0,0.0,0.0,0.0,0.0
tornado,1100,m,fpar_tuned,fpar,oblivious,-threshold 20750 -disable_hop_rtt_normalization,0.25,100000,5,275,28.9416,22.49600618181819,21.4838,28.6466,28.9416,19.4867,6875,0,0,0,2227,0,0,0,0.0,0.0,0.0,0.0
tornado,1100,m,reps_no_partition,reps_dfp,reps,,0.25,100000,5,275,25.153,22.46328181818183,22.3256,24.8363,25.153,20.9816,6875,0,0,0,2121,0,0,0,0.0,0.0,0.0,0.0
tornado,1100,m,reps_partition,reps_dfp,reps,-reps_partition_entropy -reps_escalate_threshold 0.2 -reps_warmup_explore_rtts 2.0 -reps_explore_prob 70,0.25,100000,5,275,26.337,22.42710836363637,22.3216,24.9867,26.337,21.1416,6875,0,0,0,2119,0,0,0,0.0,0.0,0.0,0.0
tornado,1100,m,fpar_tuned,fpar,oblivious,-threshold 20750 -disable_hop_rtt_normalization,0.25,500000,1,275,105.108,60.87409854545452,54.5941,95.7445,105.108,52.1062,33825,430,0,0,12383,430,0,0,1.271249076127125,0.0,1.271249076127125,0.0
tornado,1100,m,reps_no_partition,reps_dfp,reps,,0.25,500000,1,275,59.1736,55.279790909090934,55.1045,57.8941,59.1736,53.9834,33825,0,0,0,8910,0,0,0,0.0,0.0,0.0,0.0
tornado,1100,m,reps_partition,reps_dfp,reps,-reps_partition_entropy -reps_escalate_threshold 0.2 -reps_warmup_explore_rtts 2.0 -reps_explore_prob 70,0.25,500000,1,275,58.8981,55.15680290909096,55.0214,57.0574,58.8981,53.9794,33825,0,0,0,8939,0,0,0,0.0,0.0,0.0,0.0
tornado,1100,m,fpar_tuned,fpar,oblivious,-threshold 20750 -disable_hop_rtt_normalization,0.25,500000,2,275,98.0674,63.42903999999995,55.0328,96.2238,98.0674,51.9834,33825,560,0,0,14058,560,0,0,1.655580192165558,0.0,1.655580192165558,0.0
tornado,1100,m,reps_no_partition,reps_dfp,reps,,0.25,500000,2,275,60.1787,55.420397090909134,55.1896,59.2574,60.1787,54.3074,33825,0,0,0,8924,0,0,0,0.0,0.0,0.0,0.0
tornado,1100,m,reps_partition,reps_dfp,reps,-reps_partition_entropy -reps_escalate_threshold 0.2 -reps_warmup_explore_rtts 2.0 -reps_explore_prob 70,0.25,500000,2,275,60.865,55.28312000000003,55.1085,58.5227,60.865,53.9754,33825,0,0,0,8958,0,0,0,0.0,0.0,0.0,0.0
tornado,1100,m,fpar_tuned,fpar,oblivious,-threshold 20750 -disable_hop_rtt_normalization,0.25,500000,3,275,113.907,60.94688509090904,54.6394,94.596,113.907,53.6434,33825,435,0,0,12359,435,0,0,1.2860310421286032,0.0,1.2860310421286032,0.0
tornado,1100,m,reps_no_partition,reps_dfp,reps,,0.25,500000,3,275,58.5642,55.32714909090912,55.0994,57.9346,58.5642,53.9794,33825,0,0,0,8923,0,0,0,0.0,0.0,0.0,0.0
tornado,1100,m,reps_partition,reps_dfp,reps,-reps_partition_entropy -reps_escalate_threshold 0.2 -reps_warmup_explore_rtts 2.0 -reps_explore_prob 70,0.25,500000,3,275,57.9685,55.17531418181819,54.9958,57.537,57.9685,53.9794,33825,0,0,0,8953,0,0,0,0.0,0.0,0.0,0.0
tornado,1100,m,fpar_tuned,fpar,oblivious,-threshold 20750 -disable_hop_rtt_normalization,0.25,500000,4,275,141.629,64.93862399999995,54.6394,132.648,141.629,51.9834,33825,834,0,0,13780,834,0,0,2.4656319290465634,0.0,2.4656319290465634,0.0
tornado,1100,m,reps_no_partition,reps_dfp,reps,,0.25,500000,4,275,59.2682,55.463085090909104,55.3034,58.9878,59.2682,53.9874,33825,0,0,0,8950,0,0,0,0.0,0.0,0.0,0.0
tornado,1100,m,reps_partition,reps_dfp,reps,-reps_partition_entropy -reps_escalate_threshold 0.2 -reps_warmup_explore_rtts 2.0 -reps_explore_prob 70,0.25,500000,4,275,61.7371,55.52609418181818,55.2544,61.1989,61.7371,53.9794,33825,0,0,0,9019,0,0,0,0.0,0.0,0.0,0.0
tornado,1100,m,fpar_tuned,fpar,oblivious,-threshold 20750 -disable_hop_rtt_normalization,0.25,500000,5,275,97.7405,60.62965599999995,54.3074,96.6187,97.7405,52.1114,33825,422,0,0,12318,422,0,0,1.2475979305247598,0.0,1.2475979305247598,0.0
tornado,1100,m,reps_no_partition,reps_dfp,reps,,0.25,500000,5,275,62.376,55.33157781818186,55.0334,58.4478,62.376,53.9834,33825,0,0,0,8931,0,0,0,0.0,0.0,0.0,0.0
tornado,1100,m,reps_partition,reps_dfp,reps,-reps_partition_entropy -reps_escalate_threshold 0.2 -reps_warmup_explore_rtts 2.0 -reps_explore_prob 70,0.25,500000,5,275,60.0221,55.250201090909094,54.9805,58.2168,60.0221,53.9954,33825,0,0,0,8964,0,0,0,0.0,0.0,0.0,0.0
tornado,1100,m,fpar_tuned,fpar,oblivious,-threshold 20750 -disable_hop_rtt_normalization,0.25,2000000,1,275,480.814,203.8952290909091,177.186,368.109,480.814,175.02,134750,458,0,0,50751,458,0,0,0.3398886827458256,0.0,0.3398886827458256,0.0
tornado,1100,m,reps_no_partition,reps_dfp,reps,,0.25,2000000,1,275,190.043,177.87995272727264,177.378,186.995,190.043,176.434,134750,0,0,0,34575,0,0,0,0.0,0.0,0.0,0.0
tornado,1100,m,reps_partition,reps_dfp,reps,-reps_partition_entropy -reps_escalate_threshold 0.2 -reps_warmup_explore_rtts 2.0 -reps_explore_prob 70,0.25,2000000,1,275,185.44,177.66617090909094,177.514,181.572,185.44,175.978,134750,0,0,0,35295,0,0,0,0.0,0.0,0.0,0.0
tornado,1100,m,fpar_tuned,fpar,oblivious,-threshold 20750 -disable_hop_rtt_normalization,0.25,2000000,2,275,356.318,213.99994181818184,178.178,347.258,356.318,174.092,134750,590,0,0,56609,590,0,0,0.437847866419295,0.0,0.437847866419295,0.0
tornado,1100,m,reps_no_partition,reps_dfp,reps,,0.25,2000000,2,275,188.685,178.04449090909117,177.518,186.829,188.685,176.19,134750,0,0,0,34870,0,0,0,0.0,0.0,0.0,0.0
tornado,1100,m,reps_partition,reps_dfp,reps,-reps_partition_entropy -reps_escalate_threshold 0.2 -reps_warmup_explore_rtts 2.0 -reps_explore_prob 70,0.25,2000000,2,275,185.457,178.01307272727277,177.698,184.059,185.457,175.86,134750,0,0,0,36118,0,0,0,0.0,0.0,0.0,0.0
tornado,1100,m,fpar_tuned,fpar,oblivious,-threshold 20750 -disable_hop_rtt_normalization,0.25,2000000,3,275,490.512,205.06599272727274,177.496,395.6,490.512,175.522,134750,489,0,0,50861,489,0,0,0.3628942486085343,0.0,0.3628942486085343,0.0
tornado,1100,m,reps_no_partition,reps_dfp,reps,,0.25,2000000,3,275,187.995,177.92118545454554,177.39,186.06,187.995,176.36,134750,0,0,0,34637,0,0,0,0.0,0.0,0.0,0.0
tornado,1100,m,reps_partition,reps_dfp,reps,-reps_partition_entropy -reps_escalate_threshold 0.2 -reps_warmup_explore_rtts 2.0 -reps_explore_prob 70,0.25,2000000,3,275,186.247,177.9197527272728,177.522,183.731,186.247,176.186,134750,0,0,0,35772,0,0,0,0.0,0.0,0.0,0.0
tornado,1100,m,fpar_tuned,fpar,oblivious,-threshold 20750 -disable_hop_rtt_normalization,0.25,2000000,4,275,511.627,222.00121818181816,177.182,504.625,511.627,173.862,134750,891,0,0,55586,891,0,0,0.6612244897959184,0.0,0.6612244897959184,0.0
tornado,1100,m,reps_no_partition,reps_dfp,reps,,0.25,2000000,4,275,187.12,178.16922909090906,177.454,185.71,187.12,176.483,134750,0,0,0,35028,0,0,0,0.0,0.0,0.0,0.0
tornado,1100,m,reps_partition,reps_dfp,reps,-reps_partition_entropy -reps_escalate_threshold 0.2 -reps_warmup_explore_rtts 2.0 -reps_explore_prob 70,0.25,2000000,4,275,187.205,178.36000363636364,177.51,185.168,187.205,175.858,134750,16,0,0,36204,16,0,0,0.011873840445269016,0.0,0.011873840445269016,0.0
tornado,1100,m,fpar_tuned,fpar,oblivious,-threshold 20750 -disable_hop_rtt_normalization,0.25,2000000,5,275,354.43,201.5131890909092,176.878,349.319,354.43,174.456,134750,443,0,0,49986,443,0,0,0.3287569573283859,0.0,0.3287569573283859,0.0
tornado,1100,m,reps_no_partition,reps_dfp,reps,,0.25,2000000,5,275,186.855,177.86807636363636,177.424,185.322,186.855,176.211,134750,0,0,0,34657,0,0,0,0.0,0.0,0.0,0.0
tornado,1100,m,reps_partition,reps_dfp,reps,-reps_partition_entropy -reps_escalate_threshold 0.2 -reps_warmup_explore_rtts 2.0 -reps_explore_prob 70,0.25,2000000,5,275,183.859,177.6713018181818,177.456,183.154,183.859,176.186,134750,0,0,0,35476,0,0,0,0.0,0.0,0.0,0.0
tornado,1100,m,fpar_tuned,fpar,oblivious,-threshold 20750 -disable_hop_rtt_normalization,0.25,10000000,1,275,2424.28,969.7806109090903,831.296,2074.89,2424.28,825.552,673200,458,0,0,270622,458,0,0,0.06803327391562686,0.0,0.06803327391562686,0.0
tornado,1100,m,reps_no_partition,reps_dfp,reps,,0.25,10000000,1,275,868.913,830.5089818181817,829.323,862.11,868.913,826.578,673200,0,0,0,174741,0,0,0,0.0,0.0,0.0,0.0
tornado,1100,m,reps_partition,reps_dfp,reps,-reps_partition_entropy -reps_escalate_threshold 0.2 -reps_warmup_explore_rtts 2.0 -reps_explore_prob 70,0.25,10000000,1,275,848.962,829.4860799999999,829.054,846.78,848.962,826.003,673200,0,0,0,175379,0,0,0,0.0,0.0,0.0,0.0
tornado,1100,m,fpar_tuned,fpar,oblivious,-threshold 20750 -disable_hop_rtt_normalization,0.25,10000000,2,275,1698.28,1016.3396799999998,831.781,1693.83,1698.28,824.219,673200,659,0,0,301625,659,0,0,0.09789067142008319,0.0,0.09789067142008319,0.0
tornado,1100,m,reps_no_partition,reps_dfp,reps,,0.25,10000000,2,275,865.699,831.2252509090904,829.655,863.727,865.699,826.543,673200,0,0,0,176127,0,0,0,0.0,0.0,0.0,0.0
tornado,1100,m,reps_partition,reps_dfp,reps,-reps_partition_entropy -reps_escalate_threshold 0.2 -reps_warmup_explore_rtts 2.0 -reps_explore_prob 70,0.25,10000000,2,275,861.738,830.5761854545455,829.586,856.92,861.738,825.931,673200,0,0,0,178023,0,0,0,0.0,0.0,0.0,0.0
tornado,1100,m,fpar_tuned,fpar,oblivious,-threshold 20750 -disable_hop_rtt_normalization,0.25,10000000,3,275,2474.78,973.4060072727277,831.69,2367.82,2474.78,825.547,673200,613,0,0,270937,613,0,0,0.09105763517528223,0.0,0.09105763517528223,0.0
tornado,1100,m,reps_no_partition,reps_dfp,reps,,0.25,10000000,3,275,863.504,830.8128763636362,828.424,862.436,863.504,826.547,673200,0,0,0,174781,0,0,0,0.0,0.0,0.0,0.0
tornado,1100,m,reps_partition,reps_dfp,reps,-reps_partition_entropy -reps_escalate_threshold 0.2 -reps_warmup_explore_rtts 2.0 -reps_explore_prob 70,0.25,10000000,3,275,869.429,830.589403636364,829.329,862.171,869.429,826.387,673200,0,0,0,177174,0,0,0,0.0,0.0,0.0,0.0
tornado,1100,m,fpar_tuned,fpar,oblivious,-threshold 20750 -disable_hop_rtt_normalization,0.25,10000000,4,275,2561.55,1057.7433818181821,831.055,2458.9,2561.55,823.887,673200,1009,0,0,295998,1009,0,0,0.14988116458704695,0.0,0.14988116458704695,0.0
tornado,1100,m,reps_no_partition,reps_dfp,reps,,0.25,10000000,4,275,868.752,831.8918872727272,828.742,867.246,868.752,826.704,673200,0,0,0,176686,0,0,0,0.0,0.0,0.0,0.0
tornado,1100,m,reps_partition,reps_dfp,reps,-reps_partition_entropy -reps_escalate_threshold 0.2 -reps_warmup_explore_rtts 2.0 -reps_explore_prob 70,0.25,10000000,4,275,872.065,832.0735927272726,829.553,864.417,872.065,826.08,673200,16,0,0,179118,16,0,0,0.0023767082590612004,0.0,0.0023767082590612004,0.0
tornado,1100,m,fpar_tuned,fpar,oblivious,-threshold 20750 -disable_hop_rtt_normalization,0.25,10000000,5,275,1720.88,950.4393454545454,830.256,1713.58,1720.88,825.507,673200,474,0,0,266820,474,0,0,0.07040998217468805,0.0,0.07040998217468805,0.0
tornado,1100,m,reps_no_partition,reps_dfp,reps,,0.25,10000000,5,275,869.769,830.228792727273,828.124,854.749,869.769,826.548,673200,0,0,0,174525,0,0,0,0.0,0.0,0.0,0.0
tornado,1100,m,reps_partition,reps_dfp,reps,-reps_partition_entropy -reps_escalate_threshold 0.2 -reps_warmup_explore_rtts 2.0 -reps_explore_prob 70,0.25,10000000,5,275,864.911,829.564389090909,828.6,849.468,864.911,826.211,673200,0,0,0,176215,0,0,0,0.0,0.0,0.0,0.0
tornado,1100,m,fpar_tuned,fpar,oblivious,-threshold 20750 -disable_hop_rtt_normalization,0.5,100000,1,550,51.0874,24.96161872727274,23.149,37.3976,51.0874,21.4736,13750,40,0,0,4732,40,0,0,0.2909090909090909,0.0,0.2909090909090909,0.0
tornado,1100,m,reps_no_partition,reps_dfp,reps,,0.5,100000,1,550,27.313,24.053107818181807,23.9816,26.7827,27.313,21.997,13750,0,0,0,4246,0,0,0,0.0,0.0,0.0,0.0
tornado,1100,m,reps_partition,reps_dfp,reps,-reps_partition_entropy -reps_escalate_threshold 0.2 -reps_warmup_explore_rtts 2.0 -reps_explore_prob 40,0.5,100000,1,550,28.7776,24.29724781818184,24.1427,27.6336,28.7776,21.8107,13750,0,0,0,4249,0,0,0,0.0,0.0,0.0,0.0
tornado,1100,m,fpar_tuned,fpar,oblivious,-threshold 20750 -disable_hop_rtt_normalization,0.5,100000,2,550,35.6954,24.750700000000005,23.485,33.4256,35.6954,21.4736,13750,0,0,0,4571,0,0,0,0.0,0.0,0.0,0.0
tornado,1100,m,reps_no_partition,reps_dfp,reps,,0.5,100000,2,550,29.9667,24.136242727272727,23.9696,27.9776,29.9667,21.8198,13750,0,0,0,4263,0,0,0,0.0,0.0,0.0,0.0
tornado,1100,m,reps_partition,reps_dfp,reps,-reps_partition_entropy -reps_escalate_threshold 0.2 -reps_warmup_explore_rtts 2.0 -reps_explore_prob 40,0.5,100000,2,550,29.1267,24.390447272727272,24.1336,27.997,29.1267,21.821,13750,0,0,0,4260,0,0,0,0.0,0.0,0.0,0.0
tornado,1100,m,fpar_tuned,fpar,oblivious,-threshold 20750 -disable_hop_rtt_normalization,0.5,100000,3,550,38.5536,24.956033090909095,23.3459,35.8976,38.5536,21.4736,13750,0,0,0,4680,0,0,0,0.0,0.0,0.0,0.0
tornado,1100,m,reps_no_partition,reps_dfp,reps,,0.5,100000,3,550,28.485,23.95743381818184,23.7976,26.973,28.485,21.8096,13750,0,0,0,4223,0,0,0,0.0,0.0,0.0,0.0
tornado,1100,m,reps_partition,reps_dfp,reps,-reps_partition_entropy -reps_escalate_threshold 0.2 -reps_warmup_explore_rtts 2.0 -reps_explore_prob 40,0.5,100000,3,550,30.7816,24.359352181818156,24.1416,28.4216,30.7816,21.8198,13750,0,0,0,4235,0,0,0,0.0,0.0,0.0,0.0
tornado,1100,m,fpar_tuned,fpar,oblivious,-threshold 20750 -disable_hop_rtt_normalization,0.5,100000,4,550,37.7336,24.947520363636386,23.4656,36.4056,37.7336,21.4776,13750,0,0,0,4660,0,0,0,0.0,0.0,0.0,0.0
tornado,1100,m,reps_no_partition,reps_dfp,reps,,0.5,100000,4,550,28.4707,24.283783636363655,24.1398,27.7856,28.4707,21.4827,13750,0,0,0,4261,0,0,0,0.0,0.0,0.0,0.0
tornado,1100,m,reps_partition,reps_dfp,reps,-reps_partition_entropy -reps_escalate_threshold 0.2 -reps_warmup_explore_rtts 2.0 -reps_explore_prob 40,0.5,100000,4,550,29.641,24.338367818181837,24.1398,27.9627,29.641,21.8107,13750,0,0,0,4245,0,0,0,0.0,0.0,0.0,0.0
tornado,1100,m,fpar_tuned,fpar,oblivious,-threshold 20750 -disable_hop_rtt_normalization,0.5,100000,5,550,37.9426,24.813962181818194,23.1632,36.7336,37.9426,21.4736,13750,0,0,0,4656,0,0,0,0.0,0.0,0.0,0.0
tornado,1100,m,reps_no_partition,reps_dfp,reps,,0.5,100000,5,550,28.6581,24.067632909090914,23.9638,27.5589,28.6581,21.9867,13750,0,0,0,4239,0,0,0,0.0,0.0,0.0,0.0
tornado,1100,m,reps_partition,reps_dfp,reps,-reps_partition_entropy -reps_escalate_threshold 0.2 -reps_warmup_explore_rtts 2.0 -reps_explore_prob 40,0.5,100000,5,550,29.641,24.317596727272747,24.1176,27.993,29.641,21.8107,13750,0,0,0,4248,0,0,0,0.0,0.0,0.0,0.0
tornado,1100,m,fpar_tuned,fpar,oblivious,-threshold 20750 -disable_hop_rtt_normalization,0.5,500000,1,550,216.88,70.64704927272732,60.6442,160.056,216.88,54.6536,67650,1979,0,0,31156,1979,0,0,2.925351071692535,0.0,2.925351071692535,0.0
tornado,1100,m,reps_no_partition,reps_dfp,reps,,0.5,500000,1,550,73.2806,62.98977527272725,62.6859,71.8269,73.2806,56.6758,67650,0,0,0,22844,0,0,0,0.0,0.0,0.0,0.0
tornado,1100,m,reps_partition,reps_dfp,reps,-reps_partition_entropy -reps_escalate_threshold 0.2 -reps_warmup_explore_rtts 2.0 -reps_explore_prob 40,0.5,500000,1,550,75.7645,70.93651036363633,71.0707,75.0142,75.7645,64.765,67650,2678,0,0,27824,2678,0,0,3.958610495195861,0.0,3.958610495195861,0.0
tornado,1100,m,fpar_tuned,fpar,oblivious,-threshold 20750 -disable_hop_rtt_normalization,0.5,500000,2,550,138.084,70.11932,62.9394,127.151,138.084,54.4893,67650,2018,0,0,32364,2018,0,0,2.9830007390983,0.0,2.9830007390983,0.0
tornado,1100,m,reps_no_partition,reps_dfp,reps,,0.5,500000,2,550,73.4587,63.1980516363636,62.4373,72.1589,73.4587,56.8141,67650,0,0,0,22710,0,0,0,0.0,0.0,0.0,0.0
tornado,1100,m,reps_partition,reps_dfp,reps,-reps_partition_entropy -reps_escalate_threshold 0.2 -reps_warmup_explore_rtts 2.0 -reps_explore_prob 40,0.5,500000,2,550,80.6357,71.21581290909086,71.0275,77.524,80.6357,65.5928,67650,2548,0,0,27705,2548,0,0,3.7664449371766446,0.0,3.7664449371766446,0.0
tornado,1100,m,fpar_tuned,fpar,oblivious,-threshold 20750 -disable_hop_rtt_normalization,0.5,500000,3,550,153.553,70.57531036363645,61.125,130.906,153.553,54.4445,67650,2252,0,0,32146,2252,0,0,3.32889874353289,0.0,3.32889874353289,0.0
tornado,1100,m,reps_no_partition,reps_dfp,reps,,0.5,500000,3,550,71.473,63.46078836363633,63.2754,70.4616,71.473,56.6661,67650,0,0,0,22545,0,0,0,0.0,0.0,0.0,0.0
tornado,1100,m,reps_partition,reps_dfp,reps,-reps_partition_entropy -reps_escalate_threshold 0.2 -reps_warmup_explore_rtts 2.0 -reps_explore_prob 40,0.5,500000,3,550,78.5754,70.97601018181821,70.9379,76.8848,78.5754,65.2322,67650,2482,0,0,27767,2482,0,0,3.6688839615668885,0.0,3.6688839615668885,0.0
tornado,1100,m,fpar_tuned,fpar,oblivious,-threshold 20750 -disable_hop_rtt_normalization,0.5,500000,4,550,139.204,70.93455036363628,62.0229,130.985,139.204,54.3176,67650,2164,0,0,32981,2164,0,0,3.1988174427198817,0.0,3.1988174427198817,0.0
tornado,1100,m,reps_no_partition,reps_dfp,reps,,0.5,500000,4,550,77.2646,64.09764309090912,63.6154,75.7304,77.2646,56.9685,67650,0,0,0,23064,0,0,0,0.0,0.0,0.0,0.0
tornado,1100,m,reps_partition,reps_dfp,reps,-reps_partition_entropy -reps_escalate_threshold 0.2 -reps_warmup_explore_rtts 2.0 -reps_explore_prob 40,0.5,500000,4,550,79.4523,71.08325199999993,70.4562,78.5093,79.4523,64.5146,67650,2656,0,0,27919,2656,0,0,3.926090169992609,0.0,3.926090169992609,0.0
tornado,1100,m,fpar_tuned,fpar,oblivious,-threshold 20750 -disable_hop_rtt_normalization,0.5,500000,5,550,149.343,70.32502436363636,61.4051,134.809,149.343,54.3074,67650,2039,0,0,31679,2039,0,0,3.0140428677014044,0.0,3.0140428677014044,0.0
tornado,1100,m,reps_no_partition,reps_dfp,reps,,0.5,500000,5,550,72.9114,62.79129654545451,62.501,70.1387,72.9114,56.1166,67650,0,0,0,22568,0,0,0,0.0,0.0,0.0,0.0
tornado,1100,m,reps_partition,reps_dfp,reps,-reps_partition_entropy -reps_escalate_threshold 0.2 -reps_warmup_explore_rtts 2.0 -reps_explore_prob 40,0.5,500000,5,550,79.4558,70.97345381818177,70.8342,78.1278,79.4558,63.8608,67650,2581,0,0,27817,2581,0,0,3.8152254249815227,0.0,3.8152254249815227,0.0
tornado,1100,m,fpar_tuned,fpar,oblivious,-threshold 20750 -disable_hop_rtt_normalization,0.5,2000000,1,550,842.791,241.904089090909,192.19,607.083,842.791,176.659,269500,2491,0,0,136124,2491,0,0,0.92430426716141,0.0,0.92430426716141,0.0
tornado,1100,m,reps_no_partition,reps_dfp,reps,,0.5,2000000,1,550,213.086,198.72708545454546,198.942,211.407,213.086,180.637,269500,23,0,0,100357,23,0,0,0.008534322820037106,0.0,0.008534322820037106,0.0
tornado,1100,m,reps_partition,reps_dfp,reps,-reps_partition_entropy -reps_escalate_threshold 0.2 -reps_warmup_explore_rtts 2.0 -reps_explore_prob 40,0.5,2000000,1,550,234.01,211.4851127272726,210.715,228.668,234.01,189.402,269500,5806,0,0,107508,5806,0,0,2.1543599257884973,0.0,2.1543599257884973,0.0
tornado,1100,m,fpar_tuned,fpar,oblivious,-threshold 20750 -disable_hop_rtt_normalization,0.5,2000000,2,550,636.699,240.27101272727262,194.45,514.92,636.699,176.85,269500,2515,0,0,139016,2515,0,0,0.9332096474953617,0.0,0.9332096474953617,0.0
tornado,1100,m,reps_no_partition,reps_dfp,reps,,0.5,2000000,2,550,222.853,197.80179454545444,196.278,214.968,222.853,183.741,269500,11,0,0,99717,11,0,0,0.004081632653061225,0.0,0.004081632653061225,0.0
tornado,1100,m,reps_partition,reps_dfp,reps,-reps_partition_entropy -reps_escalate_threshold 0.2 -reps_warmup_explore_rtts 2.0 -reps_explore_prob 40,0.5,2000000,2,550,241.782,210.37711999999985,208.659,236.3,241.782,191.248,269500,5684,0,0,107167,5684,0,0,2.109090909090909,0.0,2.109090909090909,0.0
tornado,1100,m,fpar_tuned,fpar,oblivious,-threshold 20750 -disable_hop_rtt_normalization,0.5,2000000,3,550,639.601,241.39305090909116,192.122,513.712,639.601,176.85,269500,2678,0,0,136594,2678,0,0,0.9936920222634509,0.0,0.9936920222634509,0.0
tornado,1100,m,reps_no_partition,reps_dfp,reps,,0.5,2000000,3,550,213.521,198.65109636363627,198.607,211.166,213.521,183.486,269500,14,0,0,100443,14,0,0,0.005194805194805195,0.0,0.005194805194805195,0.0
tornado,1100,m,reps_partition,reps_dfp,reps,-reps_partition_entropy -reps_escalate_threshold 0.2 -reps_warmup_explore_rtts 2.0 -reps_explore_prob 40,0.5,2000000,3,550,245.407,211.64666363636357,211.654,228.568,245.407,193.569,269500,5660,0,0,108228,5660,0,0,2.1001855287569575,0.0,2.1001855287569575,0.0
tornado,1100,m,fpar_tuned,fpar,oblivious,-threshold 20750 -disable_hop_rtt_normalization,0.5,2000000,4,550,521.332,243.46062363636347,193.089,497.442,521.332,176.197,269500,2645,0,0,139593,2645,0,0,0.9814471243042672,0.0,0.9814471243042672,0.0
tornado,1100,m,reps_no_partition,reps_dfp,reps,,0.5,2000000,4,550,223.187,199.80353090909077,198.253,221.698,223.187,184.468,269500,74,0,0,102140,74,0,0,0.027458256029684602,0.0,0.027458256029684602,0.0
tornado,1100,m,reps_partition,reps_dfp,reps,-reps_partition_entropy -reps_escalate_threshold 0.2 -reps_warmup_explore_rtts 2.0 -reps_explore_prob 40,0.5,2000000,4,550,240.443,211.53419272727265,209.58,237.687,240.443,191.873,269500,5628,0,0,107804,5628,0,0,2.088311688311688,0.0,2.088311688311688,0.0
tornado,1100,m,fpar_tuned,fpar,oblivious,-threshold 20750 -disable_hop_rtt_normalization,0.5,2000000,5,550,588.579,238.6065309090909,191.794,524.36,588.579,176.285,269500,2412,0,0,136062,2412,0,0,0.8949907235621521,0.0,0.8949907235621521,0.0
tornado,1100,m,reps_no_partition,reps_dfp,reps,,0.5,2000000,5,550,219.899,197.81155090909078,197.102,216.708,219.899,182.699,269500,2,0,0,99406,2,0,0,0.0007421150278293135,0.0,0.0007421150278293135,0.0
tornado,1100,m,reps_partition,reps_dfp,reps,-reps_partition_entropy -reps_escalate_threshold 0.2 -reps_warmup_explore_rtts 2.0 -reps_explore_prob 40,0.5,2000000,5,550,244.745,210.37038545454536,209.64,230.552,244.745,193.353,269500,5742,0,0,106774,5742,0,0,2.130612244897959,0.0,2.130612244897959,0.0
tornado,1100,m,fpar_tuned,fpar,oblivious,-threshold 20750 -disable_hop_rtt_normalization,0.5,10000000,1,550,4079.52,1162.2036527272735,894.935,2945.04,4079.52,827.796,1346400,2798,0,0,715383,2798,0,0,0.2078134284016637,0.0,0.2078134284016637,0.0
tornado,1100,m,reps_no_partition,reps_dfp,reps,,0.5,10000000,1,550,1043.86,922.4948345454543,924.004,984.903,1043.86,845.608,1346400,172,0,0,511884,172,0,0,0.01277480689245395,0.0,0.01277480689245395,0.0
tornado,1100,m,reps_partition,reps_dfp,reps,-reps_partition_entropy -reps_escalate_threshold 0.2 -reps_warmup_explore_rtts 2.0 -reps_explore_prob 40,0.5,10000000,1,550,1154.3,957.9631036363637,955.736,1097.09,1154.3,868.25,1346400,6231,0,0,527863,6231,0,0,0.46278966131907306,0.0,0.46278966131907306,0.0
tornado,1100,m,fpar_tuned,fpar,oblivious,-threshold 20750 -disable_hop_rtt_normalization,0.5,10000000,2,550,3163.35,1156.74888,909.838,2590.54,3163.35,827.263,1346400,2938,0,0,746303,2938,0,0,0.21821152703505645,0.0,0.21821152703505645,0.0
tornado,1100,m,reps_no_partition,reps_dfp,reps,,0.5,10000000,2,550,1097.4,918.3010036363625,910.015,1004.04,1097.4,860.993,1346400,130,0,0,504114,130,0,0,0.009655377302436126,0.0,0.009655377302436126,0.0
tornado,1100,m,reps_partition,reps_dfp,reps,-reps_partition_entropy -reps_escalate_threshold 0.2 -reps_warmup_explore_rtts 2.0 -reps_explore_prob 40,0.5,10000000,2,550,1212.61,956.1554018181823,945.913,1133.35,1212.61,877.981,1346400,6261,0,0,525649,6261,0,0,0.46501782531194297,0.0,0.46501782531194297,0.0
tornado,1100,m,fpar_tuned,fpar,oblivious,-threshold 20750 -disable_hop_rtt_normalization,0.5,10000000,3,550,3015.44,1156.0841599999992,895.697,2530.65,3015.44,827.068,1346400,3220,0,0,724536,3220,0,0,0.23915626856803326,0.0,0.23915626856803326,0.0
tornado,1100,m,reps_no_partition,reps_dfp,reps,,0.5,10000000,3,550,1029.24,922.5019472727281,922.873,983.425,1029.24,853.764,1346400,112,0,0,512157,112,0,0,0.008318478906714201,0.0,0.008318478906714201,0.0
tornado,1100,m,reps_partition,reps_dfp,reps,-reps_partition_entropy -reps_escalate_threshold 0.2 -reps_warmup_explore_rtts 2.0 -reps_explore_prob 40,0.5,10000000,3,550,1106.84,961.9545000000002,959.024,1062.74,1106.84,888.36,1346400,5994,0,0,535207,5994,0,0,0.4451871657754011,0.0,0.4451871657754011,0.0
tornado,1100,m,fpar_tuned,fpar,oblivious,-threshold 20750 -disable_hop_rtt_normalization,0.5,10000000,4,550,2605.52,1170.2965181818183,905.579,2481.11,2605.52,826.843,1346400,3067,0,0,738767,3067,0,0,0.2277926322043969,0.0,0.2277926322043969,0.0
tornado,1100,m,reps_no_partition,reps_dfp,reps,,0.5,10000000,4,550,1156.91,924.1716127272731,911.138,1078.47,1156.91,851.636,1346400,385,0,0,512560,385,0,0,0.028594771241830064,0.0,0.028594771241830064,0.0
tornado,1100,m,reps_partition,reps_dfp,reps,-reps_partition_entropy -reps_escalate_threshold 0.2 -reps_warmup_explore_rtts 2.0 -reps_explore_prob 40,0.5,10000000,4,550,1291.9,959.7509181818191,946.179,1203.22,1291.9,876.861,1346400,6215,0,0,528853,6215,0,0,0.4616013071895425,0.0,0.4616013071895425,0.0
tornado,1100,m,fpar_tuned,fpar,oblivious,-threshold 20750 -disable_hop_rtt_normalization,0.5,10000000,5,550,2763.77,1138.704996363636,902.053,2562.82,2763.77,826.211,1346400,2849,0,0,723144,2849,0,0,0.21160130718954248,0.0,0.21160130718954248,0.0
tornado,1100,m,reps_no_partition,reps_dfp,reps,,0.5,10000000,5,550,1008.2,919.1089981818182,917.845,996.258,1008.2,853.56,1346400,65,0,0,507625,65,0,0,0.004827688651218063,0.0,0.004827688651218063,0.0
tornado,1100,m,reps_partition,reps_dfp,reps,-reps_partition_entropy -reps_escalate_threshold 0.2 -reps_warmup_explore_rtts 2.0 -reps_explore_prob 40,0.5,10000000,5,550,1120.51,956.7542709090914,952.1,1069.16,1120.51,871.485,1346400,6137,0,0,531493,6137,0,0,0.45580808080808083,0.0,0.45580808080808083,0.0
tornado,1100,m,fpar_tuned,fpar,oblivious,-threshold 20750 -disable_hop_rtt_normalization,0.75,100000,1,825,49.4029,27.163854424242402,26.125,35.7376,49.4029,23.7976,20625,29,0,0,6795,29,0,0,0.1406060606060606,0.0,0.1406060606060606,0.0
tornado,1100,m,reps_no_partition,reps_dfp,reps,,0.75,100000,1,825,33.1056,27.378842545454553,27.2576,31.2992,33.1056,23.3107,20625,0,0,0,6733,0,0,0,0.0,0.0,0.0,0.0
tornado,1100,m,reps_partition,reps_dfp,reps,-reps_partition_entropy -reps_escalate_threshold 0.2 -reps_warmup_explore_rtts 2.0 -reps_explore_prob 40,0.75,100000,1,825,34.9256,27.97396169696971,27.7907,33.8442,34.9256,23.8027,20625,0,0,0,6814,0,0,0,0.0,0.0,0.0,0.0
tornado,1100,m,fpar_tuned,fpar,oblivious,-threshold 20750 -disable_hop_rtt_normalization,0.75,100000,2,825,37.1014,26.946984848484934,26.1198,35.0736,37.1014,23.801,20625,0,0,0,6714,0,0,0,0.0,0.0,0.0,0.0
tornado,1100,m,reps_no_partition,reps_dfp,reps,,0.75,100000,2,825,34.953,27.33584884848486,27.1267,33.0907,34.953,23.6307,20625,0,0,0,6730,0,0,0,0.0,0.0,0.0,0.0
tornado,1100,m,reps_partition,reps_dfp,reps,-reps_partition_entropy -reps_escalate_threshold 0.2 -reps_warmup_explore_rtts 2.0 -reps_explore_prob 40,0.75,100000,2,825,33.2776,27.78266484848486,27.6216,32.7536,33.2776,23.8101,20625,0,0,0,6777,0,0,0,0.0,0.0,0.0,0.0
tornado,1100,m,fpar_tuned,fpar,oblivious,-threshold 20750 -disable_hop_rtt_normalization,0.75,100000,3,825,41.5416,27.060736727272737,26.1472,35.9677,41.5416,23.641,20625,0,0,0,6682,0,0,0,0.0,0.0,0.0,0.0
tornado,1100,m,reps_no_partition,reps_dfp,reps,,0.75,100000,3,825,32.4296,27.358802545454566,27.1227,31.4096,32.4296,24.1096,20625,0,0,0,6738,0,0,0,0.0,0.0,0.0,0.0
tornado,1100,m,reps_partition,reps_dfp,reps,-reps_partition_entropy -reps_escalate_threshold 0.2 -reps_warmup_explore_rtts 2.0 -reps_explore_prob 40,0.75,100000,3,825,33.7696,27.642919636363633,27.4267,32.5896,33.7696,23.8693,20625,0,0,0,6776,0,0,0,0.0,0.0,0.0,0.0
tornado,1100,m,fpar_tuned,fpar,oblivious,-threshold 20750 -disable_hop_rtt_normalization,0.75,100000,4,825,35.4414,26.730283878787912,25.9854,34.0325,35.4414,23.4838,20625,0,0,0,6631,0,0,0,0.0,0.0,0.0,0.0
tornado,1100,m,reps_no_partition,reps_dfp,reps,,0.75,100000,4,825,35.433,27.395707878787945,27.2878,31.2736,35.433,24.1216,20625,0,0,0,6730,0,0,0,0.0,0.0,0.0,0.0
tornado,1100,m,reps_partition,reps_dfp,reps,-reps_partition_entropy -reps_escalate_threshold 0.2 -reps_warmup_explore_rtts 2.0 -reps_explore_prob 40,0.75,100000,4,825,33.4176,27.858539272727253,27.6376,32.1426,33.4176,24.236,20625,0,0,0,6829,0,0,0,0.0,0.0,0.0,0.0
tornado,1100,m,fpar_tuned,fpar,oblivious,-threshold 20750 -disable_hop_rtt_normalization,0.75,100000,5,825,38.6054,26.999571878787876,26.1318,36.5776,38.6054,23.6376,20625,0,0,0,6678,0,0,0,0.0,0.0,0.0,0.0
tornado,1100,m,reps_no_partition,reps_dfp,reps,,0.75,100000,5,825,33.6277,27.55539648484849,27.4376,32.125,33.6277,23.8846,20625,0,0,0,6760,0,0,0,0.0,0.0,0.0,0.0
tornado,1100,m,reps_partition,reps_dfp,reps,-reps_partition_entropy -reps_escalate_threshold 0.2 -reps_warmup_explore_rtts 2.0 -reps_explore_prob 40,0.75,100000,5,825,34.5094,27.972965575757513,27.7394,32.4296,34.5094,23.8027,20625,0,0,0,6795,0,0,0,0.0,0.0,0.0,0.0
tornado,1100,m,fpar_tuned,fpar,oblivious,-threshold 20750 -disable_hop_rtt_normalization,0.75,500000,1,825,171.438,77.40895357575761,74.9558,116.999,171.438,63.6363,101475,4860,0,0,44204,4860,0,0,4.789356984478935,0.0,4.789356984478935,0.0
tornado,1100,m,reps_no_partition,reps_dfp,reps,,0.75,500000,1,825,90.0691,82.25629006060602,82.3138,89.2072,90.0691,69.544,101475,338,0,0,63712,338,0,0,0.3330869672333087,0.0,0.3330869672333087,0.0
tornado,1100,m,reps_partition,reps_dfp,reps,-reps_partition_entropy -reps_escalate_threshold 0.2 -reps_warmup_explore_rtts 2.0 -reps_explore_prob 40,0.75,500000,1,825,90.3299,80.38810230303034,80.1018,88.7709,90.3299,71.5736,101475,10433,0,0,63723,10433,0,0,10.281350086228136,0.0,10.281350086228136,0.0
tornado,1100,m,fpar_tuned,fpar,oblivious,-threshold 20750 -disable_hop_rtt_normalization,0.75,500000,2,825,138.577,76.76962981818184,74.9038,115.839,138.577,63.4506,101475,4398,0,0,44278,4398,0,0,4.334072431633407,0.0,4.334072431633407,0.0
tornado,1100,m,reps_no_partition,reps_dfp,reps,,0.75,500000,2,825,92.8533,82.15103599999992,82.0096,89.1373,92.8533,73.8138,101475,280,0,0,63575,280,0,0,0.27593003202759303,0.0,0.27593003202759303,0.0
tornado,1100,m,reps_partition,reps_dfp,reps,-reps_partition_entropy -reps_escalate_threshold 0.2 -reps_warmup_explore_rtts 2.0 -reps_explore_prob 40,0.75,500000,2,825,88.392,79.96856121212117,80.0637,87.3722,88.392,71.5051,101475,10637,0,0,64325,10637,0,0,10.482384823848239,0.0,10.482384823848239,0.0
tornado,1100,m,fpar_tuned,fpar,oblivious,-threshold 20750 -disable_hop_rtt_normalization,0.75,500000,3,825,164.182,76.57100072727266,74.6397,125.99,164.182,62.1861,101475,4973,0,0,43749,4973,0,0,4.900714461690072,0.0,4.900714461690072,0.0
tornado,1100,m,reps_no_partition,reps_dfp,reps,,0.75,500000,3,825,92.2424,81.99294242424236,82.0736,89.5864,92.2424,70.837,101475,231,0,0,63173,231,0,0,0.22764227642276422,0.0,0.22764227642276422,0.0
tornado,1100,m,reps_partition,reps_dfp,reps,-reps_partition_entropy -reps_escalate_threshold 0.2 -reps_warmup_explore_rtts 2.0 -reps_explore_prob 40,0.75,500000,3,825,90.0928,80.23906824242417,80.0867,88.3618,90.0928,70.6392,101475,10619,0,0,63966,10619,0,0,10.464646464646465,0.0,10.464646464646465,0.0
tornado,1100,m,fpar_tuned,fpar,oblivious,-threshold 20750 -disable_hop_rtt_normalization,0.75,500000,4,825,125.493,76.36870618181828,75.4362,107.396,125.493,62.1408,101475,4401,0,0,43972,4401,0,0,4.337028824833703,0.0,4.337028824833703,0.0
tornado,1100,m,reps_no_partition,reps_dfp,reps,,0.75,500000,4,825,93.2595,82.36180218181815,82.4016,89.9547,93.2595,72.0842,101475,290,0,0,63499,290,0,0,0.2857846760285785,0.0,0.2857846760285785,0.0
tornado,1100,m,reps_partition,reps_dfp,reps,-reps_partition_entropy -reps_escalate_threshold 0.2 -reps_warmup_explore_rtts 2.0 -reps_explore_prob 40,0.75,500000,4,825,90.5576,80.42185563636367,80.304,88.2917,90.5576,72.0605,101475,10642,0,0,63830,10642,0,0,10.487312145848732,0.0,10.487312145848732,0.0
tornado,1100,m,fpar_tuned,fpar,oblivious,-threshold 20750 -disable_hop_rtt_normalization,0.75,500000,5,825,141.789,77.05261030303038,75.2176,119.84,141.789,61.4605,101475,4608,0,0,44636,4608,0,0,4.541019955654102,0.0,4.541019955654102,0.0
tornado,1100,m,reps_no_partition,reps_dfp,reps,,0.75,500000,5,825,92.1213,81.83593903030295,81.9424,89.7973,92.1213,72.3206,101475,405,0,0,63596,405,0,0,0.3991130820399113,0.0,0.3991130820399113,0.0
tornado,1100,m,reps_partition,reps_dfp,reps,-reps_partition_entropy -reps_escalate_threshold 0.2 -reps_warmup_explore_rtts 2.0 -reps_explore_prob 40,0.75,500000,5,825,92.3355,80.58146218181814,80.273,90.9571,92.3355,71.5946,101475,10716,0,0,63790,10716,0,0,10.560236511456024,0.0,10.560236511456024,0.0
tornado,1100,m,fpar_tuned,fpar,oblivious,-threshold 20750 -disable_hop_rtt_normalization,0.75,2000000,1,825,762.594,263.49347757575725,226.904,544.454,762.594,193.259,404250,7384,0,0,197044,7384,0,0,1.8265924551638837,0.0,1.8265924551638837,0.0
tornado,1100,m,reps_no_partition,reps_dfp,reps,,0.75,2000000,1,825,384.759,262.3426254545452,254.841,350.409,384.759,215.45,404250,1136,0,0,243741,1136,0,0,0.2810142238713667,0.0,0.2810142238713667,0.0
tornado,1100,m,reps_partition,reps_dfp,reps,-reps_partition_entropy -reps_escalate_threshold 0.2 -reps_warmup_explore_rtts 2.0 -reps_explore_prob 40,0.75,2000000,1,825,368.773,265.8982642424242,263.757,323.387,368.773,231.681,404250,11064,0,0,256997,11064,0,0,2.736920222634508,0.0,2.736920222634508,0.0
tornado,1100,m,fpar_tuned,fpar,oblivious,-threshold 20750 -disable_hop_rtt_normalization,0.75,2000000,2,825,594.759,264.4850872727271,231.229,511.939,594.759,192.571,404250,7754,0,0,201939,7754,0,0,1.9181199752628324,0.0,1.9181199752628324,0.0
tornado,1100,m,reps_no_partition,reps_dfp,reps,,0.75,2000000,2,825,379.432,259.9361393939393,253.149,349.892,379.432,218.495,404250,1076,0,0,245085,1076,0,0,0.26617192331478046,0.0,0.26617192331478046,0.0
tornado,1100,m,reps_partition,reps_dfp,reps,-reps_partition_entropy -reps_escalate_threshold 0.2 -reps_warmup_explore_rtts 2.0 -reps_explore_prob 40,0.75,2000000,2,825,403.566,264.377898181818,262.093,316.471,403.566,233.121,404250,11108,0,0,257543,11108,0,0,2.747804576376005,0.0,2.747804576376005,0.0
tornado,1100,m,fpar_tuned,fpar,oblivious,-threshold 20750 -disable_hop_rtt_normalization,0.75,2000000,3,825,745.574,263.72525939393944,229.458,608.171,745.574,190.008,404250,7879,0,0,199686,7879,0,0,1.9490414347557206,0.0,1.9490414347557206,0.0
tornado,1100,m,reps_no_partition,reps_dfp,reps,,0.75,2000000,3,825,376.559,261.7164812121213,254.686,348.212,376.559,214.66,404250,1198,0,0,243232,1198,0,0,0.2963512677798392,0.0,0.2963512677798392,0.0
tornado,1100,m,reps_partition,reps_dfp,reps,-reps_partition_entropy -reps_escalate_threshold 0.2 -reps_warmup_explore_rtts 2.0 -reps_explore_prob 40,0.75,2000000,3,825,373.682,266.2060266666666,263.297,326.326,373.682,229.686,404250,11265,0,0,254541,11265,0,0,2.7866419294990723,0.0,2.7866419294990723,0.0
tornado,1100,m,fpar_tuned,fpar,oblivious,-threshold 20750 -disable_hop_rtt_normalization,0.75,2000000,4,825,592.817,263.92928848484866,234.191,490.244,592.817,190.836,404250,7999,0,0,200895,7999,0,0,1.978726035868893,0.0,1.978726035868893,0.0
tornado,1100,m,reps_no_partition,reps_dfp,reps,,0.75,2000000,4,825,405.396,260.97100484848465,251.227,360.481,405.396,216.129,404250,1023,0,0,246255,1023,0,0,0.2530612244897959,0.0,0.2530612244897959,0.0
tornado,1100,m,reps_partition,reps_dfp,reps,-reps_partition_entropy -reps_escalate_threshold 0.2 -reps_warmup_explore_rtts 2.0 -reps_explore_prob 40,0.75,2000000,4,825,349.468,265.4947709090906,263.54,326.099,349.468,232.098,404250,10965,0,0,255724,10965,0,0,2.712430426716141,0.0,2.712430426716141,0.0
tornado,1100,m,fpar_tuned,fpar,oblivious,-threshold 20750 -disable_hop_rtt_normalization,0.75,2000000,5,825,742.017,265.3684121212124,232.433,503.878,742.017,189.62,404250,7863,0,0,202637,7863,0,0,1.945083487940631,0.0,1.945083487940631,0.0
tornado,1100,m,reps_no_partition,reps_dfp,reps,,0.75,2000000,5,825,418.308,261.9213587878784,252.403,356.076,418.308,215.206,404250,1163,0,0,243567,1163,0,0,0.2876932591218305,0.0,0.2876932591218305,0.0
tornado,1100,m,reps_partition,reps_dfp,reps,-reps_partition_entropy -reps_escalate_threshold 0.2 -reps_warmup_explore_rtts 2.0 -reps_explore_prob 40,0.75,2000000,5,825,356.303,265.02080121212055,262.301,314.161,356.303,226.209,404250,11343,0,0,254704,11343,0,0,2.8059369202226345,0.0,2.8059369202226345,0.0
tornado,1100,m,fpar_tuned,fpar,oblivious,-threshold 20750 -disable_hop_rtt_normalization,0.75,10000000,1,825,3865.51,1267.2171442424237,1024.54,2893.57,3865.51,875.271,2019600,10692,0,0,1016246,10692,0,0,0.5294117647058824,0.0,0.5294117647058824,0.0
tornado,1100,m,reps_no_partition,reps_dfp,reps,,0.75,10000000,1,825,1566.48,1214.5015187878796,1210.57,1487.01,1566.48,983.793,2019600,1595,0,0,1114735,1595,0,0,0.0789760348583878,0.0,0.0789760348583878,0.0
tornado,1100,m,reps_partition,reps_dfp,reps,-reps_partition_entropy -reps_escalate_threshold 0.2 -reps_warmup_explore_rtts 2.0 -reps_explore_prob 40,0.75,10000000,1,825,1707.47,1234.1005212121215,1223.23,1533.98,1707.47,995.99,2019600,11941,0,0,1137746,11941,0,0,0.5912556941968706,0.0,0.5912556941968706,0.0
tornado,1100,m,fpar_tuned,fpar,oblivious,-threshold 20750 -disable_hop_rtt_normalization,0.75,10000000,2,825,2988.48,1276.6851103030306,1054.78,2555.21,2988.48,873.522,2019600,10187,0,0,1069050,10187,0,0,0.5044068132303426,0.0,0.5044068132303426,0.0
tornado,1100,m,reps_no_partition,reps_dfp,reps,,0.75,10000000,2,825,1623.68,1210.9260484848492,1200.67,1495.42,1623.68,1005.08,2019600,1578,0,0,1124165,1578,0,0,0.07813428401663695,0.0,0.07813428401663695,0.0
tornado,1100,m,reps_partition,reps_dfp,reps,-reps_partition_entropy -reps_escalate_threshold 0.2 -reps_warmup_explore_rtts 2.0 -reps_explore_prob 40,0.75,10000000,2,825,1739.27,1228.8163393939394,1219.63,1530.67,1739.27,1012.97,2019600,11839,0,0,1129141,11839,0,0,0.5862051891463657,0.0,0.5862051891463657,0.0
tornado,1100,m,fpar_tuned,fpar,oblivious,-threshold 20750 -disable_hop_rtt_normalization,0.75,10000000,3,825,3647.32,1266.0868327272744,1048.4,2954.85,3647.32,874.725,2019600,10709,0,0,1044281,10709,0,0,0.5302535155476332,0.0,0.5302535155476332,0.0
tornado,1100,m,reps_no_partition,reps_dfp,reps,,0.75,10000000,3,825,1598.99,1211.5021018181824,1202.97,1492.79,1598.99,984.263,2019600,1621,0,0,1111986,1621,0,0,0.08026341849871262,0.0,0.08026341849871262,0.0
tornado,1100,m,reps_partition,reps_dfp,reps,-reps_partition_entropy -reps_escalate_threshold 0.2 -reps_warmup_explore_rtts 2.0 -reps_explore_prob 40,0.75,10000000,3,825,1931.78,1234.7282060606058,1223.43,1559.33,1931.78,1006.4,2019600,12092,0,0,1126779,12092,0,0,0.598732422261834,0.0,0.598732422261834,0.0
tornado,1100,m,fpar_tuned,fpar,oblivious,-threshold 20750 -disable_hop_rtt_normalization,0.75,10000000,4,825,3205.83,1273.5990557575772,1062.4,2708.59,3205.83,868.024,2019600,10832,0,0,1050098,10832,0,0,0.5363438304614775,0.0,0.5363438304614775,0.0
tornado,1100,m,reps_no_partition,reps_dfp,reps,,0.75,10000000,4,825,1625.54,1211.5865418181806,1200.41,1552.12,1625.54,987.637,2019600,1532,0,0,1122029,1532,0,0,0.07585660526836997,0.0,0.07585660526836997,0.0
tornado,1100,m,reps_partition,reps_dfp,reps,-reps_partition_entropy -reps_escalate_threshold 0.2 -reps_warmup_explore_rtts 2.0 -reps_explore_prob 40,0.75,10000000,4,825,1782.27,1232.30464969697,1219.95,1547.32,1782.27,994.296,2019600,11714,0,0,1130045,11714,0,0,0.5800158447217271,0.0,0.5800158447217271,0.0
tornado,1100,m,fpar_tuned,fpar,oblivious,-threshold 20750 -disable_hop_rtt_normalization,0.75,10000000,5,825,3937.77,1285.3282169696963,1089.48,3319.93,3937.77,862.157,2019600,10933,0,0,1074980,10933,0,0,0.5413448207565854,0.0,0.5413448207565854,0.0
tornado,1100,m,reps_no_partition,reps_dfp,reps,,0.75,10000000,5,825,1716.79,1209.7040496969696,1198.41,1508.32,1716.79,974.959,2019600,1439,0,0,1115309,1439,0,0,0.0712517330164389,0.0,0.0712517330164389,0.0
tornado,1100,m,reps_partition,reps_dfp,reps,-reps_partition_entropy -reps_escalate_threshold 0.2 -reps_warmup_explore_rtts 2.0 -reps_explore_prob 40,0.75,10000000,5,825,1632.5,1228.0135793939387,1216.44,1519.69,1632.5,993.045,2019600,12266,0,0,1130526,12266,0,0,0.6073479897009308,0.0,0.6073479897009308,0.0
tornado,1100,m,fpar_tuned,fpar,oblivious,-threshold 20750 -disable_hop_rtt_normalization,1.0,100000,1,1100,37.9806,30.953523727272756,30.7336,36.517,37.9806,26.7907,27500,13,0,0,9468,13,0,0,0.04727272727272727,0.0,0.04727272727272727,0.0
tornado,1100,m,reps_no_partition,reps_dfp,reps,,1.0,100000,1,1100,38.7136,31.26178300000006,31.0896,37.0776,38.7136,26.9456,27500,0,0,0,10410,0,0,0,0.0,0.0,0.0,0.0
tornado,1100,m,reps_partition,reps_dfp,reps,-reps_partition_entropy -reps_escalate_threshold 0.2 -reps_warmup_explore_rtts 2.0 -reps_explore_prob 40,1.0,100000,1,1100,39.9056,31.93952318181819,31.7496,38.4323,39.9056,26.7166,27500,0,0,0,10623,0,0,0,0.0,0.0,0.0,0.0
tornado,1100,m,fpar_tuned,fpar,oblivious,-threshold 20750 -disable_hop_rtt_normalization,1.0,100000,2,1100,37.6106,30.92592918181817,30.5856,36.7866,37.6106,26.2867,27500,57,0,0,9458,57,0,0,0.20727272727272728,0.0,0.20727272727272728,0.0
tornado,1100,m,reps_no_partition,reps_dfp,reps,,1.0,100000,2,1100,36.5514,31.42085436363637,31.3678,35.261,36.5514,27.4598,27500,0,0,0,10516,0,0,0,0.0,0.0,0.0,0.0
tornado,1100,m,reps_partition,reps_dfp,reps,-reps_partition_entropy -reps_escalate_threshold 0.2 -reps_warmup_explore_rtts 2.0 -reps_explore_prob 40,1.0,100000,2,1100,38.4147,31.64318454545451,31.4216,36.3896,38.4147,26.4682,27500,0,0,0,10598,0,0,0,0.0,0.0,0.0,0.0
tornado,1100,m,fpar_tuned,fpar,oblivious,-threshold 20750 -disable_hop_rtt_normalization,1.0,100000,3,1100,37.2546,31.01995863636363,30.6352,36.5496,37.2546,26.7856,27500,39,0,0,9492,39,0,0,0.14181818181818182,0.0,0.14181818181818182,0.0
tornado,1100,m,reps_no_partition,reps_dfp,reps,,1.0,100000,3,1100,36.8816,31.50976281818179,31.4267,35.443,36.8816,27.133,27500,0,0,0,10485,0,0,0,0.0,0.0,0.0,0.0
tornado,1100,m,reps_partition,reps_dfp,reps,-reps_partition_entropy -reps_escalate_threshold 0.2 -reps_warmup_explore_rtts 2.0 -reps_explore_prob 40,1.0,100000,3,1100,37.429,31.802018181818223,31.6056,36.7626,37.429,27.2918,27500,0,0,0,10608,0,0,0,0.0,0.0,0.0,0.0
tornado,1100,m,fpar_tuned,fpar,oblivious,-threshold 20750 -disable_hop_rtt_normalization,1.0,100000,4,1100,37.4306,30.96900072727273,30.6454,36.6112,37.4306,26.641,27500,45,0,0,9481,45,0,0,0.16363636363636364,0.0,0.16363636363636364,0.0
tornado,1100,m,reps_no_partition,reps_dfp,reps,,1.0,100000,4,1100,37.097,31.390281181818203,31.2707,35.9256,37.097,26.9576,27500,0,0,0,10431,0,0,0,0.0,0.0,0.0,0.0
tornado,1100,m,reps_partition,reps_dfp,reps,-reps_partition_entropy -reps_escalate_threshold 0.2 -reps_warmup_explore_rtts 2.0 -reps_explore_prob 40,1.0,100000,4,1100,39.4147,31.732516090909055,31.5936,37.9267,39.4147,26.9616,27500,0,0,0,10598,0,0,0,0.0,0.0,0.0,0.0
tornado,1100,m,fpar_tuned,fpar,oblivious,-threshold 20750 -disable_hop_rtt_normalization,1.0,100000,5,1100,37.253,31.206541181818174,30.9416,36.7421,37.253,25.9667,27500,37,0,0,9541,37,0,0,0.13454545454545455,0.0,0.13454545454545455,0.0
tornado,1100,m,reps_no_partition,reps_dfp,reps,,1.0,100000,5,1100,36.9176,31.322360272727277,31.0896,35.9096,36.9176,27.4478,27500,0,0,0,10371,0,0,0,0.0,0.0,0.0,0.0
tornado,1100,m,reps_partition,reps_dfp,reps,-reps_partition_entropy -reps_escalate_threshold 0.2 -reps_warmup_explore_rtts 2.0 -reps_explore_prob 40,1.0,100000,5,1100,38.6322,31.847753181818195,31.7294,37.0816,38.6322,27.305,27500,0,0,0,10629,0,0,0,0.0,0.0,0.0,0.0
tornado,1100,m,fpar_tuned,fpar,oblivious,-threshold 20750 -disable_hop_rtt_normalization,1.0,500000,1,1100,170.583,90.16428118181818,88.8598,112.931,170.583,72.8742,135300,19034,0,0,75450,19034,0,0,14.0679970436068,0.0,14.0679970436068,0.0
tornado,1100,m,reps_no_partition,reps_dfp,reps,,1.0,500000,1,1100,105.093,98.28042081818178,98.3229,104.077,105.093,89.6102,135300,3205,0,0,113239,3205,0,0,2.368810051736881,0.0,2.368810051736881,0.0
tornado,1100,m,reps_partition,reps_dfp,reps,-reps_partition_entropy -reps_escalate_threshold 0.2 -reps_warmup_explore_rtts 2.0 -reps_explore_prob 40,1.0,500000,1,1100,108.853,97.28185281818199,97.4674,106.756,108.853,84.152,135300,13175,0,0,111113,13175,0,0,9.737620103473763,0.0,9.737620103473763,0.0
tornado,1100,m,fpar_tuned,fpar,oblivious,-threshold 20750 -disable_hop_rtt_normalization,1.0,500000,2,1100,131.981,90.41442290909104,89.0299,116.312,131.981,72.4011,135300,18543,0,0,75880,18543,0,0,13.70509977827051,0.0,13.70509977827051,0.0
tornado,1100,m,reps_no_partition,reps_dfp,reps,,1.0,500000,2,1100,104.744,98.24032281818185,98.3232,103.123,104.744,88.8512,135300,3036,0,0,113141,3036,0,0,2.2439024390243905,0.0,2.2439024390243905,0.0
tornado,1100,m,reps_partition,reps_dfp,reps,-reps_partition_entropy -reps_escalate_threshold 0.2 -reps_warmup_explore_rtts 2.0 -reps_explore_prob 40,1.0,500000,2,1100,108.835,96.712559818182,96.705,105.793,108.835,85.7939,135300,13490,0,0,110640,13490,0,0,9.970436067997044,0.0,9.970436067997044,0.0
tornado,1100,m,fpar_tuned,fpar,oblivious,-threshold 20750 -disable_hop_rtt_normalization,1.0,500000,3,1100,140.388,90.3548074545455,89.075,115.998,140.388,74.5386,135300,19108,0,0,75305,19108,0,0,14.12269031781227,0.0,14.12269031781227,0.0
tornado,1100,m,reps_no_partition,reps_dfp,reps,,1.0,500000,3,1100,106.469,98.65506081818191,98.8096,104.127,106.469,89.445,135300,3258,0,0,113071,3258,0,0,2.4079822616407984,0.0,2.4079822616407984,0.0
tornado,1100,m,reps_partition,reps_dfp,reps,-reps_partition_entropy -reps_escalate_threshold 0.2 -reps_warmup_explore_rtts 2.0 -reps_explore_prob 40,1.0,500000,3,1100,107.334,97.02789563636364,96.8782,105.718,107.334,83.2198,135300,13193,0,0,110736,13193,0,0,9.750923872875092,0.0,9.750923872875092,0.0
tornado,1100,m,fpar_tuned,fpar,oblivious,-threshold 20750 -disable_hop_rtt_normalization,1.0,500000,4,1100,128.814,90.42837727272716,89.1856,115.212,128.814,72.2102,135300,18644,0,0,75508,18644,0,0,13.779748706577974,0.0,13.779748706577974,0.0
tornado,1100,m,reps_no_partition,reps_dfp,reps,,1.0,500000,4,1100,107.0,98.54824318181822,98.6914,104.244,107.0,90.3525,135300,3212,0,0,112592,3212,0,0,2.3739837398373984,0.0,2.3739837398373984,0.0
tornado,1100,m,reps_partition,reps_dfp,reps,-reps_partition_entropy -reps_escalate_threshold 0.2 -reps_warmup_explore_rtts 2.0 -reps_explore_prob 40,1.0,500000,4,1100,106.446,96.59975118181819,96.4867,104.856,106.446,83.4283,135300,13071,0,0,111076,13071,0,0,9.660753880266075,0.0,9.660753880266075,0.0
tornado,1100,m,fpar_tuned,fpar,oblivious,-threshold 20750 -disable_hop_rtt_normalization,1.0,500000,5,1100,155.587,90.96517209090914,89.3789,117.313,155.587,73.1814,135300,18762,0,0,75806,18762,0,0,13.866962305986696,0.0,13.866962305986696,0.0
tornado,1100,m,reps_no_partition,reps_dfp,reps,,1.0,500000,5,1100,106.852,98.75495999999995,98.821,105.179,106.852,89.0928,135300,3082,0,0,112970,3082,0,0,2.27790096082779,0.0,2.27790096082779,0.0
tornado,1100,m,reps_partition,reps_dfp,reps,-reps_partition_entropy -reps_escalate_threshold 0.2 -reps_warmup_explore_rtts 2.0 -reps_explore_prob 40,1.0,500000,5,1100,110.384,97.40085690909096,97.4674,106.607,110.384,83.533,135300,13385,0,0,110681,13385,0,0,9.892830746489283,0.0,9.892830746489283,0.0
tornado,1100,m,fpar_tuned,fpar,oblivious,-threshold 20750 -disable_hop_rtt_normalization,1.0,2000000,1,1100,780.804,316.8947790909096,296.508,567.544,780.804,219.795,539000,29244,0,0,291714,29244,0,0,5.425602968460112,0.0,5.425602968460112,0.0
tornado,1100,m,reps_no_partition,reps_dfp,reps,,1.0,2000000,1,1100,555.359,341.96858727272695,338.847,451.652,555.359,236.538,539000,4012,0,0,338131,4012,0,0,0.7443413729128014,0.0,0.7443413729128014,0.0
tornado,1100,m,reps_partition,reps_dfp,reps,-reps_partition_entropy -reps_escalate_threshold 0.2 -reps_warmup_explore_rtts 2.0 -reps_explore_prob 40,1.0,2000000,1,1100,518.818,328.0372881818184,322.525,455.248,518.818,241.524,539000,13472,0,0,368593,13472,0,0,2.499443413729128,0.0,2.499443413729128,0.0
tornado,1100,m,fpar_tuned,fpar,oblivious,-threshold 20750 -disable_hop_rtt_normalization,1.0,2000000,2,1100,698.504,316.899282727273,303.473,560.069,698.504,227.791,539000,29420,0,0,291919,29420,0,0,5.458256029684601,0.0,5.458256029684601,0.0
tornado,1100,m,reps_no_partition,reps_dfp,reps,,1.0,2000000,2,1100,473.778,343.20103454545495,340.325,453.654,473.778,248.424,539000,3941,0,0,341054,3941,0,0,0.7311688311688311,0.0,0.7311688311688311,0.0
tornado,1100,m,reps_partition,reps_dfp,reps,-reps_partition_entropy -reps_escalate_threshold 0.2 -reps_warmup_explore_rtts 2.0 -reps_explore_prob 40,1.0,2000000,2,1100,553.443,327.19433090909126,321.624,459.629,553.443,250.125,539000,13750,0,0,370338,13750,0,0,2.5510204081632653,0.0,2.5510204081632653,0.0
tornado,1100,m,fpar_tuned,fpar,oblivious,-threshold 20750 -disable_hop_rtt_normalization,1.0,2000000,3,1100,725.032,320.61328000000043,298.911,584.405,725.032,218.818,539000,29028,0,0,292391,29028,0,0,5.385528756957329,0.0,5.385528756957329,0.0
tornado,1100,m,reps_no_partition,reps_dfp,reps,,1.0,2000000,3,1100,492.324,342.77342636363636,341.346,448.43,492.324,248.282,539000,4215,0,0,338202,4215,0,0,0.7820037105751392,0.0,0.7820037105751392,0.0
tornado,1100,m,reps_partition,reps_dfp,reps,-reps_partition_entropy -reps_escalate_threshold 0.2 -reps_warmup_explore_rtts 2.0 -reps_explore_prob 40,1.0,2000000,3,1100,492.028,327.0438590909092,321.128,458.845,492.028,241.114,539000,13432,0,0,369717,13432,0,0,2.492022263450835,0.0,2.492022263450835,0.0
tornado,1100,m,fpar_tuned,fpar,oblivious,-threshold 20750 -disable_hop_rtt_normalization,1.0,2000000,4,1100,612.465,317.7493145454546,298.528,541.863,612.465,216.178,539000,28592,0,0,294209,28592,0,0,5.304638218923933,0.0,5.304638218923933,0.0
tornado,1100,m,reps_no_partition,reps_dfp,reps,,1.0,2000000,4,1100,490.126,341.99214545454527,339.76,442.927,490.126,231.663,539000,4212,0,0,336798,4212,0,0,0.7814471243042672,0.0,0.7814471243042672,0.0
tornado,1100,m,reps_partition,reps_dfp,reps,-reps_partition_entropy -reps_escalate_threshold 0.2 -reps_warmup_explore_rtts 2.0 -reps_explore_prob 40,1.0,2000000,4,1100,524.517,326.6007427272726,321.214,449.541,524.517,245.317,539000,13272,0,0,367685,13272,0,0,2.4623376623376623,0.0,2.4623376623376623,0.0
tornado,1100,m,fpar_tuned,fpar,oblivious,-threshold 20750 -disable_hop_rtt_normalization,1.0,2000000,5,1100,661.058,321.1492872727269,292.049,563.011,661.058,220.826,539000,27346,0,0,295136,27346,0,0,5.073469387755102,0.0,5.073469387755102,0.0
tornado,1100,m,reps_no_partition,reps_dfp,reps,,1.0,2000000,5,1100,534.764,342.8986399999998,339.853,468.486,534.764,233.418,539000,4020,0,0,337115,4020,0,0,0.7458256029684601,0.0,0.7458256029684601,0.0
tornado,1100,m,reps_partition,reps_dfp,reps,-reps_partition_entropy -reps_escalate_threshold 0.2 -reps_warmup_explore_rtts 2.0 -reps_explore_prob 40,1.0,2000000,5,1100,520.284,326.1843354545456,323.925,445.913,520.284,242.305,539000,13744,0,0,365469,13744,0,0,2.5499072356215216,0.0,2.5499072356215216,0.0
tornado,1100,m,fpar_tuned,fpar,oblivious,-threshold 20750 -disable_hop_rtt_normalization,1.0,10000000,1,1100,3731.25,1526.814721818182,1431.42,2920.32,3731.25,986.631,2692800,45673,0,0,1404275,45673,0,0,1.6961155674390969,0.0,1.6961155674390969,0.0
tornado,1100,m,reps_no_partition,reps_dfp,reps,,1.0,10000000,1,1100,2046.58,1553.243554545454,1548.01,1889.61,2046.58,1165.1,2692800,4372,0,0,1735506,4372,0,0,0.16235888294711825,0.0,0.16235888294711825,0.0
tornado,1100,m,reps_partition,reps_dfp,reps,-reps_partition_entropy -reps_escalate_threshold 0.2 -reps_warmup_explore_rtts 2.0 -reps_explore_prob 40,1.0,10000000,1,1100,2121.14,1534.2895272727249,1535.41,1981.84,2121.14,1105.81,2692800,14418,0,0,1794420,14418,0,0,0.535427807486631,0.0,0.535427807486631,0.0
tornado,1100,m,fpar_tuned,fpar,oblivious,-threshold 20750 -disable_hop_rtt_normalization,1.0,10000000,2,1100,3518.55,1514.5897554545463,1428.35,2867.43,3518.55,972.415,2692800,47165,0,0,1392749,47165,0,0,1.7515225787284612,0.0,1.7515225787284612,0.0
tornado,1100,m,reps_no_partition,reps_dfp,reps,,1.0,10000000,2,1100,2054.62,1554.2798636363643,1553.91,1916.45,2054.62,1135.36,2692800,4247,0,0,1737582,4247,0,0,0.15771687462863934,0.0,0.15771687462863934,0.0
tornado,1100,m,reps_partition,reps_dfp,reps,-reps_partition_entropy -reps_escalate_threshold 0.2 -reps_warmup_explore_rtts 2.0 -reps_explore_prob 40,1.0,10000000,2,1100,2206.39,1526.7217818181837,1528.65,2004.58,2206.39,1066.24,2692800,14653,0,0,1790618,14653,0,0,0.5441547831253714,0.0,0.5441547831253714,0.0
tornado,1100,m,fpar_tuned,fpar,oblivious,-threshold 20750 -disable_hop_rtt_normalization,1.0,10000000,3,1100,3519.39,1538.153997272726,1432.76,2937.21,3519.39,980.138,2692800,45514,0,0,1425405,45514,0,0,1.6902109328579917,0.0,1.6902109328579917,0.0
tornado,1100,m,reps_no_partition,reps_dfp,reps,,1.0,10000000,3,1100,2087.76,1553.6797272727288,1554.85,1889.97,2087.76,1200.01,2692800,4517,0,0,1728397,4517,0,0,0.16774361259655376,0.0,0.16774361259655376,0.0
tornado,1100,m,reps_partition,reps_dfp,reps,-reps_partition_entropy -reps_escalate_threshold 0.2 -reps_warmup_explore_rtts 2.0 -reps_explore_prob 40,1.0,10000000,3,1100,2084.89,1531.7562454545448,1527.2,1940.42,2084.89,1075.34,2692800,14279,0,0,1795863,14279,0,0,0.5302658942364825,0.0,0.5302658942364825,0.0
tornado,1100,m,fpar_tuned,fpar,oblivious,-threshold 20750 -disable_hop_rtt_normalization,1.0,10000000,4,1100,2927.64,1543.2320000000032,1460.69,2756.02,2927.64,1005.15,2692800,52514,0,0,1427460,52514,0,0,1.9501633986928104,0.0,1.9501633986928104,0.0
tornado,1100,m,reps_no_partition,reps_dfp,reps,,1.0,10000000,4,1100,2054.04,1552.9885363636367,1555.01,1879.57,2054.04,1084.39,2692800,4521,0,0,1733603,4521,0,0,0.16789215686274508,0.0,0.16789215686274508,0.0
tornado,1100,m,reps_partition,reps_dfp,reps,-reps_partition_entropy -reps_escalate_threshold 0.2 -reps_warmup_explore_rtts 2.0 -reps_explore_prob 40,1.0,10000000,4,1100,2209.13,1524.7782818181838,1526.11,1954.66,2209.13,1069.59,2692800,14050,0,0,1789751,14050,0,0,0.5217617349970292,0.0,0.5217617349970292,0.0
tornado,1100,m,fpar_tuned,fpar,oblivious,-threshold 20750 -disable_hop_rtt_normalization,1.0,10000000,5,1100,3348.09,1560.6049872727265,1437.53,2984.86,3348.09,992.646,2692800,50368,0,0,1427195,50368,0,0,1.8704693998811646,0.0,1.8704693998811646,0.0
tornado,1100,m,reps_no_partition,reps_dfp,reps,,1.0,10000000,5,1100,2102.23,1551.223590909092,1548.25,1905.16,2102.23,1129.44,2692800,4439,0,0,1726132,4439,0,0,0.16484699940582292,0.0,0.16484699940582292,0.0
tornado,1100,m,reps_partition,reps_dfp,reps,-reps_partition_entropy -reps_escalate_threshold 0.2 -reps_warmup_explore_rtts 2.0 -reps_explore_prob 40,1.0,10000000,5,1100,2239.01,1526.8589090909081,1531.77,1969.02,2239.01,1090.59,2692800,14730,0,0,1790378,14730,0,0,0.5470142602495544,0.0,0.5470142602495544,0.0
permutation_random,1100,m,fpar_tuned,fpar,oblivious,-threshold 20750 -disable_hop_rtt_normalization,0.6,100000,1,660,43.636,23.771546363636375,22.3403,38.1709,43.636,12.4702,16500,32,0,0,5675,32,0,0,0.19393939393939394,0.0,0.19393939393939394,0.0
permutation_random,1100,m,reps_no_partition,reps_dfp,reps,,0.6,100000,1,660,29.4627,23.91402303030302,24.3072,28.0139,29.4627,12.4702,16500,0,0,0,5098,0,0,0,0.0,0.0,0.0,0.0
permutation_random,1100,m,reps_partition,reps_dfp,reps,-reps_partition_entropy -reps_escalate_threshold 0.2 -reps_warmup_explore_rtts 2.0 -reps_explore_prob 70,0.6,100000,1,660,30.6461,23.950008181818173,24.3118,28.2896,30.6461,12.4702,16500,0,0,0,5119,0,0,0,0.0,0.0,0.0,0.0
permutation_random,1100,m,fpar_tuned,fpar,oblivious,-threshold 20750 -disable_hop_rtt_normalization,0.6,100000,2,660,40.4584,23.170374999999996,22.153,32.1266,40.4584,12.4702,16500,8,0,0,5435,8,0,0,0.048484848484848485,0.0,0.048484848484848485,0.0
permutation_random,1100,m,reps_no_partition,reps_dfp,reps,,0.6,100000,2,660,30.9467,23.780849090909093,24.1296,28.2998,30.9467,12.4702,16500,0,0,0,5114,0,0,0,0.0,0.0,0.0,0.0
permutation_random,1100,m,reps_partition,reps_dfp,reps,-reps_partition_entropy -reps_escalate_threshold 0.2 -reps_warmup_explore_rtts 2.0 -reps_explore_prob 70,0.6,100000,2,660,30.4906,23.927255303030318,24.3096,28.1347,30.4906,12.4702,16500,0,0,0,5101,0,0,0,0.0,0.0,0.0,0.0
permutation_random,1100,m,fpar_tuned,fpar,oblivious,-threshold 20750 -disable_hop_rtt_normalization,0.6,100000,3,660,36.7336,23.704074696969705,22.3357,36.1208,36.7336,12.6462,16500,0,0,0,5616,0,0,0,0.0,0.0,0.0,0.0
permutation_random,1100,m,reps_no_partition,reps_dfp,reps,,0.6,100000,3,660,29.9797,24.052629090909118,24.3056,27.973,29.9797,12.6422,16500,0,0,0,5109,0,0,0,0.0,0.0,0.0,0.0
permutation_random,1100,m,reps_partition,reps_dfp,reps,-reps_partition_entropy -reps_escalate_threshold 0.2 -reps_warmup_explore_rtts 2.0 -reps_explore_prob 70,0.6,100000,3,660,30.9672,24.36022515151513,24.6376,28.317,30.9672,12.4702,16500,0,0,0,5151,0,0,0,0.0,0.0,0.0,0.0
permutation_random,1100,m,fpar_tuned,fpar,oblivious,-threshold 20750 -disable_hop_rtt_normalization,0.6,100000,4,660,37.9016,23.610177575757564,22.3466,36.0696,37.9016,12.4702,16500,0,0,0,5587,0,0,0,0.0,0.0,0.0,0.0
permutation_random,1100,m,reps_no_partition,reps_dfp,reps,,0.6,100000,4,660,29.9616,24.011002727272743,24.1541,28.2976,29.9616,12.4702,16500,0,0,0,5108,0,0,0,0.0,0.0,0.0,0.0
permutation_random,1100,m,reps_partition,reps_dfp,reps,-reps_partition_entropy -reps_escalate_threshold 0.2 -reps_warmup_explore_rtts 2.0 -reps_explore_prob 70,0.6,100000,4,660,29.7827,24.227712121212118,24.4616,28.809,29.7827,12.4702,16500,0,0,0,5147,0,0,0,0.0,0.0,0.0,0.0
permutation_random,1100,m,fpar_tuned,fpar,oblivious,-threshold 20750 -disable_hop_rtt_normalization,0.6,100000,5,660,38.5587,23.771020606060606,22.1581,36.5736,38.5587,12.6371,16500,1,0,0,5666,1,0,0,0.006060606060606061,0.0,0.006060606060606061,0.0
permutation_random,1100,m,reps_no_partition,reps_dfp,reps,,0.6,100000,5,660,30.9792,23.861614393939377,24.1347,28.2976,30.9792,12.4702,16500,0,0,0,5082,0,0,0,0.0,0.0,0.0,0.0
permutation_random,1100,m,reps_partition,reps_dfp,reps,-reps_partition_entropy -reps_escalate_threshold 0.2 -reps_warmup_explore_rtts 2.0 -reps_explore_prob 70,0.6,100000,5,660,30.9547,24.084372272727276,24.4616,28.1307,30.9547,12.4754,16500,0,0,0,5128,0,0,0,0.0,0.0,0.0,0.0
permutation_random,1100,m,fpar_tuned,fpar,oblivious,-threshold 20750 -disable_hop_rtt_normalization,0.6,500000,1,660,176.099,72.24236000000003,63.3566,154.584,176.099,44.972,81180,3378,0,0,40630,3378,0,0,4.161123429416112,0.0,4.161123429416112,0.0
permutation_random,1100,m,reps_no_partition,reps_dfp,reps,,0.6,500000,1,660,72.1216,62.77761181818186,63.5363,70.3731,72.1216,44.972,81180,1,0,0,28493,1,0,0,0.001231830500123183,0.0,0.001231830500123183,0.0
permutation_random,1100,m,reps_partition,reps_dfp,reps,-reps_partition_entropy -reps_escalate_threshold 0.2 -reps_warmup_explore_rtts 2.0 -reps_explore_prob 70,0.6,500000,1,660,73.8365,62.922780909090974,63.3555,72.3435,73.8365,44.972,81180,1,0,0,29052,1,0,0,0.001231830500123183,0.0,0.001231830500123183,0.0
permutation_random,1100,m,fpar_tuned,fpar,oblivious,-threshold 20750 -disable_hop_rtt_normalization,0.6,500000,2,660,163.171,68.53857969696976,62.1456,123.652,163.171,44.972,81180,2408,0,0,38152,2408,0,0,2.9662478442966247,0.0,2.9662478442966247,0.0
permutation_random,1100,m,reps_no_partition,reps_dfp,reps,,0.6,500000,2,660,72.1318,62.67603666666662,63.4659,70.1363,72.1318,44.972,81180,0,0,0,28102,0,0,0,0.0,0.0,0.0,0.0
permutation_random,1100,m,reps_partition,reps_dfp,reps,-reps_partition_entropy -reps_escalate_threshold 0.2 -reps_warmup_explore_rtts 2.0 -reps_explore_prob 70,0.6,500000,2,660,73.4547,62.69385833333339,63.3635,71.4496,73.4547,44.972,81180,8,0,0,29124,8,0,0,0.009854644000985464,0.0,0.009854644000985464,0.0
permutation_random,1100,m,fpar_tuned,fpar,oblivious,-threshold 20750 -disable_hop_rtt_normalization,0.6,500000,3,660,142.107,71.61230515151512,64.607,136.071,142.107,45.5808,81180,3193,0,0,40382,3193,0,0,3.9332347868933235,0.0,3.9332347868933235,0.0
permutation_random,1100,m,reps_no_partition,reps_dfp,reps,,0.6,500000,3,660,73.0109,63.86656681818178,64.4981,71.1238,73.0109,45.2534,81180,2,0,0,29377,2,0,0,0.002463661000246366,0.0,0.002463661000246366,0.0
permutation_random,1100,m,reps_partition,reps_dfp,reps,-reps_partition_entropy -reps_escalate_threshold 0.2 -reps_warmup_explore_rtts 2.0 -reps_explore_prob 70,0.6,500000,3,660,78.1166,64.02607621212115,64.1558,74.7886,78.1166,45.2016,81180,29,0,0,29902,29,0,0,0.03572308450357231,0.0,0.03572308450357231,0.0
permutation_random,1100,m,fpar_tuned,fpar,oblivious,-threshold 20750 -disable_hop_rtt_normalization,0.6,500000,4,660,147.023,70.34982803030302,62.9402,137.697,147.023,45.0846,81180,2971,0,0,38845,2971,0,0,3.659768415865977,0.0,3.659768415865977,0.0
permutation_random,1100,m,reps_no_partition,reps_dfp,reps,,0.6,500000,4,660,77.117,64.76842590909096,65.1912,74.7747,77.117,45.1874,81180,3,0,0,29462,3,0,0,0.003695491500369549,0.0,0.003695491500369549,0.0
permutation_random,1100,m,reps_partition,reps_dfp,reps,-reps_partition_entropy -reps_escalate_threshold 0.2 -reps_warmup_explore_rtts 2.0 -reps_explore_prob 70,0.6,500000,4,660,74.6027,64.64595000000006,65.3925,73.2589,74.6027,45.229,81180,5,0,0,30428,5,0,0,0.006159152500615915,0.0,0.006159152500615915,0.0
permutation_random,1100,m,fpar_tuned,fpar,oblivious,-threshold 20750 -disable_hop_rtt_normalization,0.6,500000,5,660,151.671,71.81930787878792,62.7947,137.216,151.671,45.1176,81180,3510,0,0,39977,3510,0,0,4.323725055432372,0.0,4.323725055432372,0.0
permutation_random,1100,m,reps_no_partition,reps_dfp,reps,,0.6,500000,5,660,75.2456,64.1173890909091,64.8096,74.0354,75.2456,45.1976,81180,4,0,0,29213,4,0,0,0.004927322000492732,0.0,0.004927322000492732,0.0
permutation_random,1100,m,reps_partition,reps_dfp,reps,-reps_partition_entropy -reps_escalate_threshold 0.2 -reps_warmup_explore_rtts 2.0 -reps_explore_prob 70,0.6,500000,5,660,74.511,63.16049878787873,63.4776,72.8339,74.511,45.2693,81180,9,0,0,29348,9,0,0,0.011086474501108648,0.0,0.011086474501108648,0.0
permutation_random,1100,m,fpar_tuned,fpar,oblivious,-threshold 20750 -disable_hop_rtt_normalization,0.6,2000000,1,660,693.981,253.76645151515152,198.208,638.724,693.981,166.851,323400,4321,0,0,182055,4321,0,0,1.3361162646876932,0.0,1.3361162646876932,0.0
permutation_random,1100,m,reps_no_partition,reps_dfp,reps,,0.6,2000000,1,660,222.51,200.76794545454564,203.256,218.01,222.51,166.851,323400,43,0,0,123924,43,0,0,0.013296227581941867,0.0,0.013296227581941867,0.0
permutation_random,1100,m,reps_partition,reps_dfp,reps,-reps_partition_entropy -reps_escalate_threshold 0.2 -reps_warmup_explore_rtts 2.0 -reps_explore_prob 70,0.6,2000000,1,660,226.015,195.0743803030304,196.422,211.816,226.015,166.851,323400,52,0,0,116412,52,0,0,0.016079158936301793,0.0,0.016079158936301793,0.0
permutation_random,1100,m,fpar_tuned,fpar,oblivious,-threshold 20750 -disable_hop_rtt_normalization,0.6,2000000,2,660,655.039,237.45899393939382,197.646,492.503,655.039,166.851,323400,3647,0,0,176386,3647,0,0,1.1277056277056277,0.0,1.1277056277056277,0.0
permutation_random,1100,m,reps_no_partition,reps_dfp,reps,,0.6,2000000,2,660,217.376,200.74161515151496,203.306,213.444,217.376,166.851,323400,3,0,0,123221,3,0,0,0.0009276437847866419,0.0,0.0009276437847866419,0.0
permutation_random,1100,m,reps_partition,reps_dfp,reps,-reps_partition_entropy -reps_escalate_threshold 0.2 -reps_warmup_explore_rtts 2.0 -reps_explore_prob 70,0.6,2000000,2,660,212.919,194.63065909090918,196.203,211.13,212.919,166.851,323400,17,0,0,116480,17,0,0,0.005256648113790971,0.0,0.005256648113790971,0.0
permutation_random,1100,m,fpar_tuned,fpar,oblivious,-threshold 20750 -disable_hop_rtt_normalization,0.6,2000000,3,660,539.923,248.93793636363628,200.752,514.823,539.923,168.222,323400,4104,0,0,183389,4104,0,0,1.269016697588126,0.0,1.269016697588126,0.0
permutation_random,1100,m,reps_no_partition,reps_dfp,reps,,0.6,2000000,3,660,223.383,204.01303484848495,205.941,220.66,223.383,167.743,323400,46,0,0,129152,46,0,0,0.01422387136672851,0.0,0.01422387136672851,0.0
permutation_random,1100,m,reps_partition,reps_dfp,reps,-reps_partition_entropy -reps_escalate_threshold 0.2 -reps_warmup_explore_rtts 2.0 -reps_explore_prob 70,0.6,2000000,3,660,217.079,198.27827272727293,199.546,215.751,217.079,167.76,323400,89,0,0,120323,89,0,0,0.027520098948670378,0.0,0.027520098948670378,0.0
permutation_random,1100,m,fpar_tuned,fpar,oblivious,-threshold 20750 -disable_hop_rtt_normalization,0.6,2000000,4,660,674.754,245.53307424242396,199.426,526.275,674.754,167.693,323400,3780,0,0,180245,3780,0,0,1.1688311688311688,0.0,1.1688311688311688,0.0
permutation_random,1100,m,reps_no_partition,reps_dfp,reps,,0.6,2000000,4,660,228.021,204.66095303030306,206.168,223.094,228.021,167.64,323400,86,0,0,128977,86,0,0,0.026592455163883734,0.0,0.026592455163883734,0.0
permutation_random,1100,m,reps_partition,reps_dfp,reps,-reps_partition_entropy -reps_escalate_threshold 0.2 -reps_warmup_explore_rtts 2.0 -reps_explore_prob 70,0.6,2000000,4,660,230.912,199.11739848484822,199.844,224.55,230.912,167.77,323400,82,0,0,121702,82,0,0,0.025355596784168214,0.0,0.025355596784168214,0.0
permutation_random,1100,m,fpar_tuned,fpar,oblivious,-threshold 20750 -disable_hop_rtt_normalization,0.6,2000000,5,660,633.11,252.7118454545455,198.319,549.325,633.11,167.901,323400,4450,0,0,182080,4450,0,0,1.3760049474335188,0.0,1.3760049474335188,0.0
permutation_random,1100,m,reps_no_partition,reps_dfp,reps,,0.6,2000000,5,660,223.43,201.6902378787878,204.138,218.284,223.43,167.801,323400,26,0,0,126591,26,0,0,0.008039579468150896,0.0,0.008039579468150896,0.0
permutation_random,1100,m,reps_partition,reps_dfp,reps,-reps_partition_entropy -reps_escalate_threshold 0.2 -reps_warmup_explore_rtts 2.0 -reps_explore_prob 70,0.6,2000000,5,660,215.257,195.85998636363632,196.89,212.046,215.257,167.803,323400,28,0,0,119134,28,0,0,0.008658008658008658,0.0,0.008658008658008658,0.0
permutation_random,1100,m,fpar_tuned,fpar,oblivious,-threshold 20750 -disable_hop_rtt_normalization,0.6,10000000,1,660,3407.02,1220.0509257575757,933.784,3091.1,3407.02,816.876,1615680,5273,0,0,958483,5273,0,0,0.3263641315111903,0.0,0.3263641315111903,0.0
permutation_random,1100,m,reps_no_partition,reps_dfp,reps,,0.6,10000000,1,660,1123.39,934.8917212121212,940.883,1047.91,1123.39,816.876,1615680,513,0,0,623499,513,0,0,0.031751336898395724,0.0,0.031751336898395724,0.0
permutation_random,1100,m,reps_partition,reps_dfp,reps,-reps_partition_entropy -reps_escalate_threshold 0.2 -reps_warmup_explore_rtts 2.0 -reps_explore_prob 70,0.6,10000000,1,660,1645.85,943.0670378787871,942.202,1158.76,1645.85,816.876,1615680,1200,0,0,634450,1200,0,0,0.07427213309566251,0.0,0.07427213309566251,0.0
permutation_random,1100,m,fpar_tuned,fpar,oblivious,-threshold 20750 -disable_hop_rtt_normalization,0.6,10000000,2,660,3292.5,1143.9901787878791,937.993,2433.72,3292.5,816.876,1615680,4750,0,0,936614,4750,0,0,0.29399386017033075,0.0,0.29399386017033075,0.0
permutation_random,1100,m,reps_no_partition,reps_dfp,reps,,0.6,10000000,2,660,1134.66,935.9265621212118,945.04,995.076,1134.66,816.876,1615680,117,0,0,625860,117,0,0,0.007241532976827094,0.0,0.007241532976827094,0.0
permutation_random,1100,m,reps_partition,reps_dfp,reps,-reps_partition_entropy -reps_escalate_threshold 0.2 -reps_warmup_explore_rtts 2.0 -reps_explore_prob 70,0.6,10000000,2,660,1161.96,942.1334181818171,944.317,1124.5,1161.96,816.876,1615680,440,0,0,642237,440,0,0,0.027233115468409588,0.0,0.027233115468409588,0.0
permutation_random,1100,m,fpar_tuned,fpar,oblivious,-threshold 20750 -disable_hop_rtt_normalization,0.6,10000000,3,660,2684.92,1197.7456803030302,949.854,2512.67,2684.92,822.769,1615680,4919,0,0,969508,4919,0,0,0.3044538522479699,0.0,0.3044538522479699,0.0
permutation_random,1100,m,reps_no_partition,reps_dfp,reps,,0.6,10000000,3,660,1115.66,949.4470015151518,956.764,1040.33,1115.66,821.242,1615680,300,0,0,651251,300,0,0,0.018568033273915627,0.0,0.018568033273915627,0.0
permutation_random,1100,m,reps_partition,reps_dfp,reps,-reps_partition_entropy -reps_escalate_threshold 0.2 -reps_warmup_explore_rtts 2.0 -reps_explore_prob 70,0.6,10000000,3,660,1317.28,960.6213969696969,955.35,1168.02,1317.28,821.623,1615680,1278,0,0,657824,1278,0,0,0.07909982174688057,0.0,0.07909982174688057,0.0
permutation_random,1100,m,fpar_tuned,fpar,oblivious,-threshold 20750 -disable_hop_rtt_normalization,0.6,10000000,4,660,3192.22,1184.827606060607,942.561,2638.79,3192.22,821.0,1615680,4783,0,0,960321,4783,0,0,0.29603634383046146,0.0,0.29603634383046146,0.0
permutation_random,1100,m,reps_no_partition,reps_dfp,reps,,0.6,10000000,4,660,1181.12,950.9696803030303,951.512,1078.27,1181.12,821.492,1615680,363,0,0,650501,363,0,0,0.02246732026143791,0.0,0.02246732026143791,0.0
permutation_random,1100,m,reps_partition,reps_dfp,reps,-reps_partition_entropy -reps_escalate_threshold 0.2 -reps_warmup_explore_rtts 2.0 -reps_explore_prob 70,0.6,10000000,4,660,1345.74,959.4253909090914,953.118,1166.9,1345.74,821.466,1615680,671,0,0,661639,671,0,0,0.04153050108932462,0.0,0.04153050108932462,0.0
permutation_random,1100,m,fpar_tuned,fpar,oblivious,-threshold 20750 -disable_hop_rtt_normalization,0.6,10000000,5,660,3204.55,1213.9088257575759,939.206,2825.08,3204.55,822.091,1615680,5356,0,0,958667,5356,0,0,0.3315012873836403,0.0,0.3315012873836403,0.0
permutation_random,1100,m,reps_no_partition,reps_dfp,reps,,0.6,10000000,5,660,1083.91,939.3691363636369,947.199,1031.27,1083.91,821.958,1615680,137,0,0,638624,137,0,0,0.008479401861754802,0.0,0.008479401861754802,0.0
permutation_random,1100,m,reps_partition,reps_dfp,reps,-reps_partition_entropy -reps_escalate_threshold 0.2 -reps_warmup_explore_rtts 2.0 -reps_explore_prob 70,0.6,10000000,5,660,1338.12,947.7832318181818,946.612,1162.56,1338.12,821.891,1615680,681,0,0,650118,681,0,0,0.04214943553178847,0.0,0.04214943553178847,0.0
permutation_random,1100,m,fpar_tuned,fpar,oblivious,-threshold 20750 -disable_hop_rtt_normalization,0.7,100000,1,770,43.2989,24.402341168831196,22.977,39.3934,43.2989,12.4702,19250,35,0,0,6684,35,0,0,0.18181818181818182,0.0,0.18181818181818182,0.0
permutation_random,1100,m,reps_no_partition,reps_dfp,reps,,0.7,100000,1,770,29.961,24.59851311688311,24.9776,29.2787,29.961,12.4702,19250,0,0,0,6004,0,0,0,0.0,0.0,0.0,0.0
permutation_random,1100,m,reps_partition,reps_dfp,reps,-reps_partition_entropy -reps_escalate_threshold 0.2 -reps_warmup_explore_rtts 2.0 -reps_explore_prob 70,0.7,100000,1,770,30.321,24.98857753246757,25.519,29.4507,30.321,12.4702,19250,0,0,0,6052,0,0,0,0.0,0.0,0.0,0.0
permutation_random,1100,m,fpar_tuned,fpar,oblivious,-threshold 20750 -disable_hop_rtt_normalization,0.7,100000,2,770,38.2654,23.821413766233785,22.821,34.5816,38.2654,12.4702,19250,0,0,0,6460,0,0,0,0.0,0.0,0.0,0.0
permutation_random,1100,m,reps_no_partition,reps_dfp,reps,,0.7,100000,2,770,29.8374,24.645594415584398,25.1296,28.6427,29.8374,12.4702,19250,0,0,0,6011,0,0,0,0.0,0.0,0.0,0.0
permutation_random,1100,m,reps_partition,reps_dfp,reps,-reps_partition_entropy -reps_escalate_threshold 0.2 -reps_warmup_explore_rtts 2.0 -reps_explore_prob 70,0.7,100000,2,770,31.2074,24.956755974025963,25.317,29.7091,31.2074,12.4702,19250,0,0,0,6020,0,0,0,0.0,0.0,0.0,0.0
permutation_random,1100,m,fpar_tuned,fpar,oblivious,-threshold 20750 -disable_hop_rtt_normalization,0.7,100000,3,770,40.951,24.010005584415588,22.6501,37.2427,40.951,12.4702,19250,13,0,0,6568,13,0,0,0.06753246753246753,0.0,0.06753246753246753,0.0
permutation_random,1100,m,reps_no_partition,reps_dfp,reps,,0.7,100000,3,770,30.7901,25.164046883116878,25.4718,28.9563,30.7901,12.4702,19250,0,0,0,6033,0,0,0,0.0,0.0,0.0,0.0
permutation_random,1100,m,reps_partition,reps_dfp,reps,-reps_partition_entropy -reps_escalate_threshold 0.2 -reps_warmup_explore_rtts 2.0 -reps_explore_prob 70,0.7,100000,3,770,32.9216,25.633101038961023,25.9616,30.9296,32.9216,12.4702,19250,0,0,0,6139,0,0,0,0.0,0.0,0.0,0.0
permutation_random,1100,m,fpar_tuned,fpar,oblivious,-threshold 20750 -disable_hop_rtt_normalization,0.7,100000,4,770,42.6093,23.921524545454535,22.817,33.8816,42.6093,12.4702,19250,14,0,0,6477,14,0,0,0.07272727272727272,0.0,0.07272727272727272,0.0
permutation_random,1100,m,reps_no_partition,reps_dfp,reps,,0.7,100000,4,770,31.6027,25.14834233766231,25.4627,30.1403,31.6027,12.4702,19250,0,0,0,6098,0,0,0,0.0,0.0,0.0,0.0
permutation_random,1100,m,reps_partition,reps_dfp,reps,-reps_partition_entropy -reps_escalate_threshold 0.2 -reps_warmup_explore_rtts 2.0 -reps_explore_prob 70,0.7,100000,4,770,33.9416,25.176992597402624,25.473,29.7974,33.9416,12.4702,19250,0,0,0,6073,0,0,0,0.0,0.0,0.0,0.0
permutation_random,1100,m,fpar_tuned,fpar,oblivious,-threshold 20750 -disable_hop_rtt_normalization,0.7,100000,5,770,43.9646,24.19717363636361,22.8016,37.8896,43.9646,12.4754,19250,20,0,0,6670,20,0,0,0.1038961038961039,0.0,0.1038961038961039,0.0
permutation_random,1100,m,reps_no_partition,reps_dfp,reps,,0.7,100000,5,770,30.5958,24.80540051948053,25.1603,29.6256,30.5958,12.4754,19250,0,0,0,6041,0,0,0,0.0,0.0,0.0,0.0
permutation_random,1100,m,reps_partition,reps_dfp,reps,-reps_partition_entropy -reps_escalate_threshold 0.2 -reps_warmup_explore_rtts 2.0 -reps_explore_prob 70,0.7,100000,5,770,31.465,25.15358675324676,25.6176,30.3544,31.465,12.4702,19250,0,0,0,6070,0,0,0,0.0,0.0,0.0,0.0
permutation_random,1100,m,fpar_tuned,fpar,oblivious,-threshold 20750 -disable_hop_rtt_normalization,0.7,500000,1,770,173.75,74.04466155844155,65.923,156.083,173.75,45.0795,94710,4412,0,0,48629,4412,0,0,4.6584309998944144,0.0,4.6584309998944144,0.0
permutation_random,1100,m,reps_no_partition,reps_dfp,reps,,0.7,500000,1,770,81.075,68.47872584415587,69.9472,77.4261,81.075,45.0898,94710,15,0,0,40168,15,0,0,0.015837820715869498,0.0,0.015837820715869498,0.0
permutation_random,1100,m,reps_partition,reps_dfp,reps,-reps_partition_entropy -reps_escalate_threshold 0.2 -reps_warmup_explore_rtts 2.0 -reps_explore_prob 70,0.7,500000,1,770,80.4378,67.83072428571424,69.1248,77.7872,80.4378,45.0898,94710,39,0,0,40500,39,0,0,0.04117833386126069,0.0,0.04117833386126069,0.0
permutation_random,1100,m,fpar_tuned,fpar,oblivious,-threshold 20750 -disable_hop_rtt_normalization,0.7,500000,2,770,167.773,71.42612181818181,64.9912,129.133,167.773,45.1205,94710,3796,0,0,47237,3796,0,0,4.008024495829374,0.0,4.008024495829374,0.0
permutation_random,1100,m,reps_no_partition,reps_dfp,reps,,0.7,500000,2,770,78.9112,69.06014285714294,70.6886,77.6629,78.9112,45.1205,94710,40,0,0,40456,40,0,0,0.04223418857565199,0.0,0.04223418857565199,0.0
permutation_random,1100,m,reps_partition,reps_dfp,reps,-reps_partition_entropy -reps_escalate_threshold 0.2 -reps_warmup_explore_rtts 2.0 -reps_explore_prob 70,0.7,500000,2,770,78.4638,67.60075337662336,68.84,77.1358,78.4638,45.1256,94710,63,0,0,40675,63,0,0,0.06651884700665188,0.0,0.06651884700665188,0.0
permutation_random,1100,m,fpar_tuned,fpar,oblivious,-threshold 20750 -disable_hop_rtt_normalization,0.7,500000,3,770,156.591,72.73935714285717,65.9829,136.313,156.591,45.3267,94710,4081,0,0,48199,4081,0,0,4.308943089430894,0.0,4.308943089430894,0.0
permutation_random,1100,m,reps_no_partition,reps_dfp,reps,,0.7,500000,3,770,81.3344,70.01192272727268,71.1227,79.6704,81.3344,45.1256,94710,52,0,0,43153,52,0,0,0.05490444514834759,0.0,0.05490444514834759,0.0
permutation_random,1100,m,reps_partition,reps_dfp,reps,-reps_partition_entropy -reps_escalate_threshold 0.2 -reps_warmup_explore_rtts 2.0 -reps_explore_prob 70,0.7,500000,3,770,80.5701,69.17122376623382,70.1296,78.2699,80.5701,45.2846,94710,154,0,0,42191,154,0,0,0.16260162601626016,0.0,0.16260162601626016,0.0
permutation_random,1100,m,fpar_tuned,fpar,oblivious,-threshold 20750 -disable_hop_rtt_normalization,0.7,500000,4,770,179.544,72.43150805194804,66.249,128.365,179.544,45.187,94710,3860,0,0,47880,3860,0,0,4.075599197550417,0.0,4.075599197550417,0.0
permutation_random,1100,m,reps_no_partition,reps_dfp,reps,,0.7,500000,4,770,79.6822,69.76550376623378,71.1534,78.4187,79.6822,45.1142,94710,71,0,0,41845,71,0,0,0.07496568472178228,0.0,0.07496568472178228,0.0
permutation_random,1100,m,reps_partition,reps_dfp,reps,-reps_partition_entropy -reps_escalate_threshold 0.2 -reps_warmup_explore_rtts 2.0 -reps_explore_prob 70,0.7,500000,4,770,78.6722,68.87401675324683,70.2189,77.7485,78.6722,45.1874,94710,65,0,0,41670,65,0,0,0.06863055643543449,0.0,0.06863055643543449,0.0
permutation_random,1100,m,fpar_tuned,fpar,oblivious,-threshold 20750 -disable_hop_rtt_normalization,0.7,500000,5,770,169.092,73.87593766233766,65.7275,143.21,169.092,45.1614,94710,4504,0,0,48809,4504,0,0,4.755569633618414,0.0,4.755569633618414,0.0
permutation_random,1100,m,reps_no_partition,reps_dfp,reps,,0.7,500000,5,770,78.0499,68.29036142857142,69.7534,77.1642,78.0499,45.5325,94710,33,0,0,40329,33,0,0,0.03484320557491289,0.0,0.03484320557491289,0.0
permutation_random,1100,m,reps_partition,reps_dfp,reps,-reps_partition_entropy -reps_escalate_threshold 0.2 -reps_warmup_explore_rtts 2.0 -reps_explore_prob 70,0.7,500000,5,770,80.7373,68.24809961038957,69.4576,78.4133,80.7373,45.2808,94710,50,0,0,41389,50,0,0,0.05279273571956499,0.0,0.05279273571956499,0.0
permutation_random,1100,m,fpar_tuned,fpar,oblivious,-threshold 20750 -disable_hop_rtt_normalization,0.7,2000000,1,770,694.79,262.45855844155864,208.556,629.37,694.79,167.621,377300,5969,0,0,221784,5969,0,0,1.5820302146832759,0.0,1.5820302146832759,0.0
permutation_random,1100,m,reps_no_partition,reps_dfp,reps,,0.7,2000000,1,770,270.385,218.69121298701305,222.508,242.604,270.385,167.773,377300,377,0,0,183290,377,0,0,0.09992048767558971,0.0,0.09992048767558971,0.0
permutation_random,1100,m,reps_partition,reps_dfp,reps,-reps_partition_entropy -reps_escalate_threshold 0.2 -reps_warmup_explore_rtts 2.0 -reps_explore_prob 70,0.7,2000000,1,770,269.367,215.8861415584415,219.8,246.771,269.367,167.808,377300,749,0,0,176010,749,0,0,0.19851576994434136,0.0,0.19851576994434136,0.0
permutation_random,1100,m,fpar_tuned,fpar,oblivious,-threshold 20750 -disable_hop_rtt_normalization,0.7,2000000,2,770,650.193,248.21826363636373,204.595,519.425,650.193,167.471,377300,5079,0,0,212554,5079,0,0,1.3461436522661012,0.0,1.3461436522661012,0.0
permutation_random,1100,m,reps_no_partition,reps_dfp,reps,,0.7,2000000,2,770,269.546,220.0078103896102,224.485,240.28,269.546,167.465,377300,461,0,0,185545,461,0,0,0.12218393851046912,0.0,0.12218393851046912,0.0
permutation_random,1100,m,reps_partition,reps_dfp,reps,-reps_partition_entropy -reps_escalate_threshold 0.2 -reps_warmup_explore_rtts 2.0 -reps_explore_prob 70,0.7,2000000,2,770,267.712,217.0431142857144,220.756,245.534,267.712,167.471,377300,494,0,0,179133,494,0,0,0.13093029419560032,0.0,0.13093029419560032,0.0
permutation_random,1100,m,fpar_tuned,fpar,oblivious,-threshold 20750 -disable_hop_rtt_normalization,0.7,2000000,3,770,656.513,253.91299870129856,205.402,519.948,656.513,168.018,377300,5449,0,0,217977,5449,0,0,1.4442088523721177,0.0,1.4442088523721177,0.0
permutation_random,1100,m,reps_no_partition,reps_dfp,reps,,0.7,2000000,3,770,287.075,223.23487012986996,225.952,261.901,287.075,167.913,377300,460,0,0,197259,460,0,0,0.12191889742910152,0.0,0.12191889742910152,0.0
permutation_random,1100,m,reps_partition,reps_dfp,reps,-reps_partition_entropy -reps_escalate_threshold 0.2 -reps_warmup_explore_rtts 2.0 -reps_explore_prob 70,0.7,2000000,3,770,279.805,219.96312987012976,222.308,262.364,279.805,167.826,377300,879,0,0,185307,879,0,0,0.23297111052213093,0.0,0.23297111052213093,0.0
permutation_random,1100,m,fpar_tuned,fpar,oblivious,-threshold 20750 -disable_hop_rtt_normalization,0.7,2000000,4,770,659.977,256.32288311688313,208.553,594.273,659.977,167.706,377300,5274,0,0,222333,5274,0,0,1.3978266631327856,0.0,1.3978266631327856,0.0
permutation_random,1100,m,reps_no_partition,reps_dfp,reps,,0.7,2000000,4,770,290.769,222.01042597402582,225.393,257.037,290.769,167.874,377300,499,0,0,191205,499,0,0,0.13225549960243838,0.0,0.13225549960243838,0.0
permutation_random,1100,m,reps_partition,reps_dfp,reps,-reps_partition_entropy -reps_escalate_threshold 0.2 -reps_warmup_explore_rtts 2.0 -reps_explore_prob 70,0.7,2000000,4,770,313.136,218.62587012987015,221.254,261.268,313.136,167.732,377300,741,0,0,181129,741,0,0,0.19639544129340047,0.0,0.19639544129340047,0.0
permutation_random,1100,m,fpar_tuned,fpar,oblivious,-threshold 20750 -disable_hop_rtt_normalization,0.7,2000000,5,770,734.034,260.9937389610391,207.06,623.719,734.034,167.89,377300,5661,0,0,220162,5661,0,0,1.5003975616220515,0.0,1.5003975616220515,0.0
permutation_random,1100,m,reps_no_partition,reps_dfp,reps,,0.7,2000000,5,770,259.016,218.60381428571398,222.518,242.817,259.016,168.192,377300,227,0,0,185794,227,0,0,0.06016432547044792,0.0,0.06016432547044792,0.0
permutation_random,1100,m,reps_partition,reps_dfp,reps,-reps_partition_entropy -reps_escalate_threshold 0.2 -reps_warmup_explore_rtts 2.0 -reps_explore_prob 70,0.7,2000000,5,770,255.403,215.48324415584426,219.261,235.834,255.403,167.979,377300,598,0,0,178294,598,0,0,0.15849456665783196,0.0,0.15849456665783196,0.0
permutation_random,1100,m,fpar_tuned,fpar,oblivious,-threshold 20750 -disable_hop_rtt_normalization,0.7,10000000,1,770,3381.03,1264.86695974026,999.396,3134.69,3381.03,820.61,1884960,7147,0,0,1153086,7147,0,0,0.3791592394533571,0.0,0.3791592394533571,0.0
permutation_random,1100,m,reps_no_partition,reps_dfp,reps,,0.7,10000000,1,770,1436.0,1019.5840935064932,1016.25,1264.17,1436.0,821.563,1884960,1023,0,0,869161,1023,0,0,0.05427170868347339,0.0,0.05427170868347339,0.0
permutation_random,1100,m,reps_partition,reps_dfp,reps,-reps_partition_entropy -reps_escalate_threshold 0.2 -reps_warmup_explore_rtts 2.0 -reps_explore_prob 70,0.7,10000000,1,770,1540.12,1032.7213337662336,1022.04,1342.06,1540.12,821.858,1884960,1596,0,0,866776,1596,0,0,0.08467023172905526,0.0,0.08467023172905526,0.0
permutation_random,1100,m,fpar_tuned,fpar,oblivious,-threshold 20750 -disable_hop_rtt_normalization,0.7,10000000,2,770,3296.01,1198.0953818181813,975.671,2537.99,3296.01,820.016,1884960,6427,0,0,1127453,6427,0,0,0.34096214243273065,0.0,0.34096214243273065,0.0
permutation_random,1100,m,reps_no_partition,reps_dfp,reps,,0.7,10000000,2,770,1455.22,1025.410171428572,1027.08,1253.71,1455.22,819.994,1884960,1031,0,0,881758,1031,0,0,0.05469612087259146,0.0,0.05469612087259146,0.0
permutation_random,1100,m,reps_partition,reps_dfp,reps,-reps_partition_entropy -reps_escalate_threshold 0.2 -reps_warmup_explore_rtts 2.0 -reps_explore_prob 70,0.7,10000000,2,770,1502.83,1037.2094844155833,1032.56,1302.56,1502.83,819.999,1884960,1144,0,0,876082,1144,0,0,0.06069094304388422,0.0,0.06069094304388422,0.0
permutation_random,1100,m,fpar_tuned,fpar,oblivious,-threshold 20750 -disable_hop_rtt_normalization,0.7,10000000,3,770,3336.43,1227.814567532468,974.21,2647.14,3336.43,821.76,1884960,6588,0,0,1154799,6588,0,0,0.3495034377387319,0.0,0.3495034377387319,0.0
permutation_random,1100,m,reps_no_partition,reps_dfp,reps,,0.7,10000000,3,770,1385.6,1040.6302636363632,1031.71,1292.35,1385.6,821.737,1884960,906,0,0,913612,906,0,0,0.048064680417621596,0.0,0.048064680417621596,0.0
permutation_random,1100,m,reps_partition,reps_dfp,reps,-reps_partition_entropy -reps_escalate_threshold 0.2 -reps_warmup_explore_rtts 2.0 -reps_explore_prob 70,0.7,10000000,3,770,1505.01,1055.4978571428574,1035.03,1381.45,1505.01,821.645,1884960,1887,0,0,889365,1887,0,0,0.1001082251082251,0.0,0.1001082251082251,0.0
permutation_random,1100,m,fpar_tuned,fpar,oblivious,-threshold 20750 -disable_hop_rtt_normalization,0.7,10000000,4,770,3249.35,1235.5738610389612,1001.97,2876.02,3249.35,819.84,1884960,6622,0,0,1170744,6622,0,0,0.35130718954248363,0.0,0.35130718954248363,0.0
permutation_random,1100,m,reps_no_partition,reps_dfp,reps,,0.7,10000000,4,770,1404.89,1037.3105532467516,1027.16,1311.79,1404.89,821.722,1884960,1007,0,0,890863,1007,0,0,0.05342288430523725,0.0,0.05342288430523725,0.0
permutation_random,1100,m,reps_partition,reps_dfp,reps,-reps_partition_entropy -reps_escalate_threshold 0.2 -reps_warmup_explore_rtts 2.0 -reps_explore_prob 70,0.7,10000000,4,770,1537.62,1046.3543844155865,1032.29,1381.81,1537.62,821.065,1884960,1502,0,0,881813,1502,0,0,0.07968338850691792,0.0,0.07968338850691792,0.0
permutation_random,1100,m,fpar_tuned,fpar,oblivious,-threshold 20750 -disable_hop_rtt_normalization,0.7,10000000,5,770,3781.36,1258.0952545454554,971.553,3116.15,3781.36,821.374,1884960,6750,0,0,1156363,6750,0,0,0.3580977845683728,0.0,0.3580977845683728,0.0
permutation_random,1100,m,reps_no_partition,reps_dfp,reps,,0.7,10000000,5,770,1329.84,1019.6824480519474,1021.04,1266.06,1329.84,822.372,1884960,431,0,0,885744,431,0,0,0.022865206688736102,0.0,0.022865206688736102,0.0
permutation_random,1100,m,reps_partition,reps_dfp,reps,-reps_partition_entropy -reps_escalate_threshold 0.2 -reps_warmup_explore_rtts 2.0 -reps_explore_prob 70,0.7,10000000,5,770,1345.22,1033.6212779220793,1023.45,1295.41,1345.22,822.442,1884960,1533,0,0,877932,1533,0,0,0.08132798573975045,0.0,0.08132798573975045,0.0
permutation_random,1100,m,fpar_tuned,fpar,oblivious,-threshold 20750 -disable_hop_rtt_normalization,0.8,100000,1,880,43.4538,24.623441590909092,23.4861,40.4624,43.4538,12.4702,22000,34,0,0,7611,34,0,0,0.15454545454545454,0.0,0.15454545454545454,0.0
permutation_random,1100,m,reps_no_partition,reps_dfp,reps,,0.8,100000,1,880,31.5144,25.833187954545455,26.3261,30.4427,31.5144,12.4702,22000,0,0,0,7038,0,0,0,0.0,0.0,0.0,0.0
permutation_random,1100,m,reps_partition,reps_dfp,reps,-reps_partition_entropy -reps_escalate_threshold 0.2 -reps_warmup_explore_rtts 2.0 -reps_explore_prob 70,0.8,100000,1,880,32.7798,26.118595568181842,26.6478,31.4387,32.7798,12.4702,22000,0,0,0,7124,0,0,0,0.0,0.0,0.0,0.0
permutation_random,1100,m,fpar_tuned,fpar,oblivious,-threshold 20750 -disable_hop_rtt_normalization,0.8,100000,2,880,39.1048,24.395336477272725,23.4656,34.1146,39.1048,12.4702,22000,3,0,0,7458,3,0,0,0.013636363636363636,0.0,0.013636363636363636,0.0
permutation_random,1100,m,reps_no_partition,reps_dfp,reps,,0.8,100000,2,880,31.8208,25.909686363636357,26.4536,30.9882,31.8208,12.4702,22000,0,0,0,7053,0,0,0,0.0,0.0,0.0,0.0
permutation_random,1100,m,reps_partition,reps_dfp,reps,-reps_partition_entropy -reps_escalate_threshold 0.2 -reps_warmup_explore_rtts 2.0 -reps_explore_prob 70,0.8,100000,2,880,32.1187,26.173427727272706,26.6648,31.1363,32.1187,12.4702,22000,0,0,0,7160,0,0,0,0.0,0.0,0.0,0.0
permutation_random,1100,m,fpar_tuned,fpar,oblivious,-threshold 20750 -disable_hop_rtt_normalization,0.8,100000,3,880,40.7688,24.383360000000028,23.3061,36.0867,40.7688,12.6411,22000,11,0,0,7448,11,0,0,0.05,0.0,0.05,0.0
permutation_random,1100,m,reps_no_partition,reps_dfp,reps,,0.8,100000,3,880,31.7696,26.362939431818166,26.7896,30.6061,31.7696,12.4702,22000,0,0,0,7102,0,0,0,0.0,0.0,0.0,0.0
permutation_random,1100,m,reps_partition,reps_dfp,reps,-reps_partition_entropy -reps_escalate_threshold 0.2 -reps_warmup_explore_rtts 2.0 -reps_explore_prob 70,0.8,100000,3,880,34.9136,26.686530227272744,26.9456,32.6675,34.9136,12.6411,22000,0,0,0,7175,0,0,0,0.0,0.0,0.0,0.0
permutation_random,1100,m,fpar_tuned,fpar,oblivious,-threshold 20750 -disable_hop_rtt_normalization,0.8,100000,4,880,41.2506,24.44240136363633,23.6376,35.4176,41.2506,12.6411,22000,8,0,0,7410,8,0,0,0.03636363636363636,0.0,0.03636363636363636,0.0
permutation_random,1100,m,reps_no_partition,reps_dfp,reps,,0.8,100000,4,880,32.2867,26.214955681818232,26.6256,30.945,32.2867,12.4702,22000,0,0,0,7075,0,0,0,0.0,0.0,0.0,0.0
permutation_random,1100,m,reps_partition,reps_dfp,reps,-reps_partition_entropy -reps_escalate_threshold 0.2 -reps_warmup_explore_rtts 2.0 -reps_explore_prob 70,0.8,100000,4,880,31.7827,26.339127954545464,26.7947,30.3014,31.7827,12.4702,22000,0,0,0,7116,0,0,0,0.0,0.0,0.0,0.0
permutation_random,1100,m,fpar_tuned,fpar,oblivious,-threshold 20750 -disable_hop_rtt_normalization,0.8,100000,5,880,46.4896,24.97860738636362,23.4707,42.0016,46.4896,12.4754,22000,62,0,0,7861,62,0,0,0.2818181818181818,0.0,0.2818181818181818,0.0
permutation_random,1100,m,reps_no_partition,reps_dfp,reps,,0.8,100000,5,880,33.121,25.858727499999997,26.297,30.9576,33.121,12.6411,22000,0,0,0,7039,0,0,0,0.0,0.0,0.0,0.0
permutation_random,1100,m,reps_partition,reps_dfp,reps,-reps_partition_entropy -reps_escalate_threshold 0.2 -reps_warmup_explore_rtts 2.0 -reps_explore_prob 70,0.8,100000,5,880,32.9957,26.303934318181813,26.7856,30.9661,32.9957,12.4754,22000,0,0,0,7104,0,0,0,0.0,0.0,0.0,0.0
permutation_random,1100,m,fpar_tuned,fpar,oblivious,-threshold 20750 -disable_hop_rtt_normalization,0.8,500000,1,880,197.903,75.1747661363636,67.8558,138.601,197.903,45.0744,108240,5485,0,0,56562,5485,0,0,5.067442719881744,0.0,5.067442719881744,0.0
permutation_random,1100,m,reps_no_partition,reps_dfp,reps,,0.8,500000,1,880,85.5082,74.39905159090902,76.751,83.3302,85.5082,45.0744,108240,154,0,0,58456,154,0,0,0.14227642276422764,0.0,0.14227642276422764,0.0
permutation_random,1100,m,reps_partition,reps_dfp,reps,-reps_partition_entropy -reps_escalate_threshold 0.2 -reps_warmup_explore_rtts 2.0 -reps_explore_prob 70,0.8,500000,1,880,83.2238,72.91065988636376,75.124,81.9043,83.2238,45.1,108240,226,0,0,56406,226,0,0,0.20879526977087953,0.0,0.20879526977087953,0.0
permutation_random,1100,m,fpar_tuned,fpar,oblivious,-threshold 20750 -disable_hop_rtt_normalization,0.8,500000,2,880,162.711,73.26518477272732,67.6987,123.26,162.711,45.1205,108240,4761,0,0,55583,4761,0,0,4.398558758314856,0.0,4.398558758314856,0.0
permutation_random,1100,m,reps_no_partition,reps_dfp,reps,,0.8,500000,2,880,85.8952,75.0482862500001,77.1467,83.605,85.8952,45.1205,108240,224,0,0,59034,224,0,0,0.20694752402069475,0.0,0.20694752402069475,0.0
permutation_random,1100,m,reps_partition,reps_dfp,reps,-reps_partition_entropy -reps_escalate_threshold 0.2 -reps_warmup_explore_rtts 2.0 -reps_explore_prob 70,0.8,500000,2,880,86.832,73.48222488636365,75.4589,82.9072,86.832,45.1205,108240,271,0,0,57799,271,0,0,0.25036954915003695,0.0,0.25036954915003695,0.0
permutation_random,1100,m,fpar_tuned,fpar,oblivious,-threshold 20750 -disable_hop_rtt_normalization,0.8,500000,3,880,156.612,73.65963977272726,67.8413,134.877,156.612,45.3318,108240,4619,0,0,55535,4619,0,0,4.267368810051737,0.0,4.267368810051737,0.0
permutation_random,1100,m,reps_no_partition,reps_dfp,reps,,0.8,500000,3,880,86.9645,76.21221954545457,78.2202,84.7798,86.9645,45.2336,108240,117,0,0,62250,117,0,0,0.10809312638580931,0.0,0.10809312638580931,0.0
permutation_random,1100,m,reps_partition,reps_dfp,reps,-reps_partition_entropy -reps_escalate_threshold 0.2 -reps_warmup_explore_rtts 2.0 -reps_explore_prob 70,0.8,500000,3,880,85.7586,75.02064261363638,76.7174,83.9483,85.7586,45.2187,108240,456,0,0,58928,456,0,0,0.4212860310421286,0.0,0.4212860310421286,0.0
permutation_random,1100,m,fpar_tuned,fpar,oblivious,-threshold 20750 -disable_hop_rtt_normalization,0.8,500000,4,880,172.638,74.28095636363634,69.037,124.271,172.638,45.1461,108240,4776,0,0,56836,4776,0,0,4.412416851441241,0.0,4.412416851441241,0.0
permutation_random,1100,m,reps_no_partition,reps_dfp,reps,,0.8,500000,4,880,86.4075,76.18781965909095,78.4534,84.0653,86.4075,45.1914,108240,272,0,0,60881,272,0,0,0.25129342202512933,0.0,0.25129342202512933,0.0
permutation_random,1100,m,reps_partition,reps_dfp,reps,-reps_partition_entropy -reps_escalate_threshold 0.2 -reps_warmup_explore_rtts 2.0 -reps_explore_prob 70,0.8,500000,4,880,84.851,73.91198897727278,75.8677,82.8451,84.851,45.1205,108240,298,0,0,58221,298,0,0,0.2753141167775314,0.0,0.2753141167775314,0.0
permutation_random,1100,m,fpar_tuned,fpar,oblivious,-threshold 20750 -disable_hop_rtt_normalization,0.8,500000,5,880,178.984,76.94251079545454,68.4445,153.421,178.984,45.157,108240,5961,0,0,58367,5961,0,0,5.50720620842572,0.0,5.50720620842572,0.0
permutation_random,1100,m,reps_no_partition,reps_dfp,reps,,0.8,500000,5,880,86.6994,74.77230909090903,77.0398,84.7022,86.6994,45.1822,108240,145,0,0,58117,145,0,0,0.13396156688839617,0.0,0.13396156688839617,0.0
permutation_random,1100,m,reps_partition,reps_dfp,reps,-reps_partition_entropy -reps_escalate_threshold 0.2 -reps_warmup_explore_rtts 2.0 -reps_explore_prob 70,0.8,500000,5,880,84.9862,73.44037284090909,75.5818,83.2458,84.9862,45.1358,108240,275,0,0,57008,275,0,0,0.2540650406504065,0.0,0.2540650406504065,0.0
permutation_random,1100,m,fpar_tuned,fpar,oblivious,-threshold 20750 -disable_hop_rtt_normalization,0.8,2000000,1,880,713.235,268.8643840909094,217.768,627.04,713.235,167.739,431200,7400,0,0,254154,7400,0,0,1.7161410018552876,0.0,1.7161410018552876,0.0
permutation_random,1100,m,reps_no_partition,reps_dfp,reps,,0.8,2000000,1,880,391.65,237.59176590909092,236.895,313.767,391.65,168.01,431200,665,0,0,252016,665,0,0,0.15422077922077923,0.0,0.15422077922077923,0.0
permutation_random,1100,m,reps_partition,reps_dfp,reps,-reps_partition_entropy -reps_escalate_threshold 0.2 -reps_warmup_explore_rtts 2.0 -reps_explore_prob 70,0.8,2000000,1,880,400.107,236.2386488636362,234.537,325.496,400.107,167.891,431200,1401,0,0,241375,1401,0,0,0.32490723562152135,0.0,0.32490723562152135,0.0
permutation_random,1100,m,fpar_tuned,fpar,oblivious,-threshold 20750 -disable_hop_rtt_normalization,0.8,2000000,2,880,668.464,257.6702272727272,212.788,513.935,668.464,167.765,431200,6547,0,0,249732,6547,0,0,1.5183209647495362,0.0,1.5183209647495362,0.0
permutation_random,1100,m,reps_no_partition,reps_dfp,reps,,0.8,2000000,2,880,375.707,240.68588409090887,238.69,323.206,375.707,167.993,431200,920,0,0,252261,920,0,0,0.21335807050092764,0.0,0.21335807050092764,0.0
permutation_random,1100,m,reps_partition,reps_dfp,reps,-reps_partition_entropy -reps_escalate_threshold 0.2 -reps_warmup_explore_rtts 2.0 -reps_explore_prob 70,0.8,2000000,2,880,400.406,238.34571477272712,236.665,328.241,400.406,167.844,431200,1262,0,0,246975,1262,0,0,0.29267161410018555,0.0,0.29267161410018555,0.0
permutation_random,1100,m,fpar_tuned,fpar,oblivious,-threshold 20750 -disable_hop_rtt_normalization,0.8,2000000,3,880,652.856,258.4186750000001,215.169,516.356,652.856,168.017,431200,6751,0,0,249995,6751,0,0,1.565630797773655,0.0,1.565630797773655,0.0
permutation_random,1100,m,reps_no_partition,reps_dfp,reps,,0.8,2000000,3,880,410.101,244.47479204545462,241.475,331.232,410.101,168.013,431200,794,0,0,260242,794,0,0,0.1841372912801484,0.0,0.1841372912801484,0.0
permutation_random,1100,m,reps_partition,reps_dfp,reps,-reps_partition_entropy -reps_escalate_threshold 0.2 -reps_warmup_explore_rtts 2.0 -reps_explore_prob 70,0.8,2000000,3,880,377.624,243.48984772727255,237.965,338.193,377.624,168.329,431200,1711,0,0,247656,1711,0,0,0.3967996289424861,0.0,0.3967996289424861,0.0
permutation_random,1100,m,fpar_tuned,fpar,oblivious,-threshold 20750 -disable_hop_rtt_normalization,0.8,2000000,4,880,656.859,264.5306306818181,226.659,553.054,656.859,168.079,431200,6863,0,0,259016,6863,0,0,1.591604823747681,0.0,1.591604823747681,0.0
permutation_random,1100,m,reps_no_partition,reps_dfp,reps,,0.8,2000000,4,880,382.847,243.11258750000036,239.617,331.444,382.847,168.044,431200,948,0,0,256468,948,0,0,0.21985157699443414,0.0,0.21985157699443414,0.0
permutation_random,1100,m,reps_partition,reps_dfp,reps,-reps_partition_entropy -reps_escalate_threshold 0.2 -reps_warmup_explore_rtts 2.0 -reps_explore_prob 70,0.8,2000000,4,880,354.406,240.77236136363652,237.758,326.671,354.406,167.855,431200,1361,0,0,248446,1361,0,0,0.31563079777365494,0.0,0.31563079777365494,0.0
permutation_random,1100,m,fpar_tuned,fpar,oblivious,-threshold 20750 -disable_hop_rtt_normalization,0.8,2000000,5,880,801.888,273.1758352272726,219.579,655.974,801.888,167.865,431200,7797,0,0,260497,7797,0,0,1.8082096474953617,0.0,1.8082096474953617,0.0
permutation_random,1100,m,reps_no_partition,reps_dfp,reps,,0.8,2000000,5,880,364.59,238.37252386363656,237.217,327.35,364.59,168.243,431200,530,0,0,254593,530,0,0,0.12291280148423006,0.0,0.12291280148423006,0.0
permutation_random,1100,m,reps_partition,reps_dfp,reps,-reps_partition_entropy -reps_escalate_threshold 0.2 -reps_warmup_explore_rtts 2.0 -reps_explore_prob 70,0.8,2000000,5,880,361.436,236.76693863636353,235.36,316.876,361.436,168.137,431200,1456,0,0,243982,1456,0,0,0.33766233766233766,0.0,0.33766233766233766,0.0
permutation_random,1100,m,fpar_tuned,fpar,oblivious,-threshold 20750 -disable_hop_rtt_normalization,0.8,10000000,1,880,3600.05,1299.5543511363637,1047.72,3110.55,3600.05,821.168,2154240,9259,0,0,1342134,9259,0,0,0.42980355020796196,0.0,0.42980355020796196,0.0
permutation_random,1100,m,reps_no_partition,reps_dfp,reps,,0.8,10000000,1,880,1707.24,1109.3613034090909,1110.29,1431.34,1707.24,821.095,2154240,1110,0,0,1129319,1110,0,0,0.05152629233511587,0.0,0.05152629233511587,0.0
permutation_random,1100,m,reps_partition,reps_dfp,reps,-reps_partition_entropy -reps_escalate_threshold 0.2 -reps_warmup_explore_rtts 2.0 -reps_explore_prob 70,0.8,10000000,1,880,1846.17,1121.567951136363,1121.17,1458.53,1846.17,822.165,2154240,1998,0,0,1095562,1998,0,0,0.09274732620320855,0.0,0.09274732620320855,0.0
permutation_random,1100,m,fpar_tuned,fpar,oblivious,-threshold 20750 -disable_hop_rtt_normalization,0.8,10000000,2,880,3310.91,1247.4288534090902,1026.24,2489.87,3310.91,821.533,2154240,8387,0,0,1327065,8387,0,0,0.3893252376708259,0.0,0.3893252376708259,0.0
permutation_random,1100,m,reps_no_partition,reps_dfp,reps,,0.8,10000000,2,880,1579.84,1121.955267045455,1122.8,1459.47,1579.84,821.644,2154240,1282,0,0,1128357,1282,0,0,0.059510546642899585,0.0,0.059510546642899585,0.0
permutation_random,1100,m,reps_partition,reps_dfp,reps,-reps_partition_entropy -reps_escalate_threshold 0.2 -reps_warmup_explore_rtts 2.0 -reps_explore_prob 70,0.8,10000000,2,880,1786.37,1134.6739659090906,1140.14,1504.23,1786.37,821.789,2154240,1770,0,0,1113326,1770,0,0,0.08216354723707665,0.0,0.08216354723707665,0.0
permutation_random,1100,m,fpar_tuned,fpar,oblivious,-threshold 20750 -disable_hop_rtt_normalization,0.8,10000000,3,880,3330.18,1253.1996318181816,1039.96,2559.15,3330.18,822.184,2154240,8638,0,0,1329804,8638,0,0,0.40097667855020797,0.0,0.40097667855020797,0.0
permutation_random,1100,m,reps_no_partition,reps_dfp,reps,,0.8,10000000,3,880,1692.42,1139.9756818181822,1143.58,1458.12,1692.42,822.166,2154240,1153,0,0,1168527,1153,0,0,0.053522355912061795,0.0,0.053522355912061795,0.0
permutation_random,1100,m,reps_partition,reps_dfp,reps,-reps_partition_entropy -reps_escalate_threshold 0.2 -reps_warmup_explore_rtts 2.0 -reps_explore_prob 70,0.8,10000000,3,880,1692.5,1152.7374852272721,1156.75,1511.53,1692.5,822.65,2154240,2344,0,0,1122399,2344,0,0,0.10880867498514557,0.0,0.10880867498514557,0.0
permutation_random,1100,m,fpar_tuned,fpar,oblivious,-threshold 20750 -disable_hop_rtt_normalization,0.8,10000000,4,880,3264.05,1287.6982556818164,1101.98,2806.05,3264.05,821.574,2154240,8657,0,0,1384282,8657,0,0,0.40185866013071897,0.0,0.40185866013071897,0.0
permutation_random,1100,m,reps_no_partition,reps_dfp,reps,,0.8,10000000,4,880,1597.04,1133.782024999999,1135.38,1429.44,1597.04,822.037,2154240,1325,0,0,1150080,1325,0,0,0.06150661021984551,0.0,0.06150661021984551,0.0
permutation_random,1100,m,reps_partition,reps_dfp,reps,-reps_partition_entropy -reps_escalate_threshold 0.2 -reps_warmup_explore_rtts 2.0 -reps_explore_prob 70,0.8,10000000,4,880,1611.24,1142.525720454545,1141.21,1482.89,1611.24,821.039,2154240,2089,0,0,1122533,2089,0,0,0.09697155377302435,0.0,0.09697155377302435,0.0
permutation_random,1100,m,fpar_tuned,fpar,oblivious,-threshold 20750 -disable_hop_rtt_normalization,0.8,10000000,5,880,3935.23,1330.4565102272736,1073.78,3322.33,3935.23,821.286,2154240,9662,0,0,1370149,9662,0,0,0.44851084373143196,0.0,0.44851084373143196,0.0
permutation_random,1100,m,reps_no_partition,reps_dfp,reps,,0.8,10000000,5,880,1549.17,1114.3794204545454,1114.23,1401.9,1549.17,822.803,2154240,766,0,0,1144812,766,0,0,0.03555778371954842,0.0,0.03555778371954842,0.0
permutation_random,1100,m,reps_partition,reps_dfp,reps,-reps_partition_entropy -reps_escalate_threshold 0.2 -reps_warmup_explore_rtts 2.0 -reps_explore_prob 70,0.8,10000000,5,880,1590.83,1126.9239875,1124.54,1455.98,1590.83,822.716,2154240,2153,0,0,1101864,2153,0,0,0.09994243909685085,0.0,0.09994243909685085,0.0
permutation_random,1100,m,fpar_tuned,fpar,oblivious,-threshold 20750 -disable_hop_rtt_normalization,0.9,100000,1,990,45.8768,25.412493030303043,24.2896,39.6725,45.8768,12.4702,24750,45,0,0,8672,45,0,0,0.18181818181818182,0.0,0.18181818181818182,0.0
permutation_random,1100,m,reps_no_partition,reps_dfp,reps,,0.9,100000,1,990,33.8309,26.93265737373735,27.5162,32.1426,33.8309,12.4702,24750,0,0,0,8177,0,0,0,0.0,0.0,0.0,0.0
permutation_random,1100,m,reps_partition,reps_dfp,reps,-reps_partition_entropy -reps_escalate_threshold 0.2 -reps_warmup_explore_rtts 2.0 -reps_explore_prob 70,0.9,100000,1,990,34.7694,27.620058686868703,28.3083,33.4347,34.7694,12.4702,24750,0,0,0,8399,0,0,0,0.0,0.0,0.0,0.0
permutation_random,1100,m,fpar_tuned,fpar,oblivious,-threshold 20750 -disable_hop_rtt_normalization,0.9,100000,2,990,39.0894,24.993871818181844,24.1501,35.5896,39.0894,12.4702,24750,0,0,0,8426,0,0,0,0.0,0.0,0.0,0.0
permutation_random,1100,m,reps_no_partition,reps_dfp,reps,,0.9,100000,2,990,33.0736,27.112514747474776,27.7901,31.7776,33.0736,12.4702,24750,0,0,0,8245,0,0,0,0.0,0.0,0.0,0.0
permutation_random,1100,m,reps_partition,reps_dfp,reps,-reps_partition_entropy -reps_escalate_threshold 0.2 -reps_warmup_explore_rtts 2.0 -reps_explore_prob 70,0.9,100000,2,990,37.1499,27.33286383838383,27.9587,32.8054,37.1499,12.4702,24750,0,0,0,8295,0,0,0,0.0,0.0,0.0,0.0
permutation_random,1100,m,fpar_tuned,fpar,oblivious,-threshold 20750 -disable_hop_rtt_normalization,0.9,100000,3,990,43.1355,24.88219474747471,24.0003,36.9995,43.1355,12.4754,24750,17,0,0,8342,17,0,0,0.06868686868686869,0.0,0.06868686868686869,0.0
permutation_random,1100,m,reps_no_partition,reps_dfp,reps,,0.9,100000,3,990,34.4574,27.520626666666665,27.8214,33.1506,34.4574,12.6411,24750,0,0,0,8296,0,0,0,0.0,0.0,0.0,0.0
permutation_random,1100,m,reps_partition,reps_dfp,reps,-reps_partition_entropy -reps_escalate_threshold 0.2 -reps_warmup_explore_rtts 2.0 -reps_explore_prob 70,0.9,100000,3,990,34.6056,27.88152151515149,28.2958,33.2416,34.6056,12.4754,24750,0,0,0,8428,0,0,0,0.0,0.0,0.0,0.0
permutation_random,1100,m,fpar_tuned,fpar,oblivious,-threshold 20750 -disable_hop_rtt_normalization,0.9,100000,4,990,42.2978,25.167955555555558,24.3152,36.0696,42.2978,12.4754,24750,10,0,0,8432,10,0,0,0.04040404040404041,0.0,0.04040404040404041,0.0
permutation_random,1100,m,reps_no_partition,reps_dfp,reps,,0.9,100000,4,990,35.0616,27.1873972727273,27.6421,32.0976,35.0616,12.4702,24750,0,0,0,8205,0,0,0,0.0,0.0,0.0,0.0
permutation_random,1100,m,reps_partition,reps_dfp,reps,-reps_partition_entropy -reps_escalate_threshold 0.2 -reps_warmup_explore_rtts 2.0 -reps_explore_prob 70,0.9,100000,4,990,36.1054,27.73906252525256,28.1312,34.2854,36.1054,12.6411,24750,0,0,0,8386,0,0,0,0.0,0.0,0.0,0.0
permutation_random,1100,m,fpar_tuned,fpar,oblivious,-threshold 20750 -disable_hop_rtt_normalization,0.9,100000,5,990,46.8318,25.577923131313124,24.3221,42.2995,46.8318,12.4754,24750,68,0,0,8840,68,0,0,0.27474747474747474,0.0,0.27474747474747474,0.0
permutation_random,1100,m,reps_no_partition,reps_dfp,reps,,0.9,100000,5,990,35.003,26.996897272727285,27.6147,31.8134,35.003,12.4702,24750,0,0,0,8155,0,0,0,0.0,0.0,0.0,0.0
permutation_random,1100,m,reps_partition,reps_dfp,reps,-reps_partition_entropy -reps_escalate_threshold 0.2 -reps_warmup_explore_rtts 2.0 -reps_explore_prob 70,0.9,100000,5,990,39.668,27.456628787878778,27.9467,36.3731,39.668,12.4702,24750,0,0,0,8262,0,0,0,0.0,0.0,0.0,0.0
permutation_random,1100,m,fpar_tuned,fpar,oblivious,-threshold 20750 -disable_hop_rtt_normalization,0.9,500000,1,990,183.908,76.58362909090916,70.7978,140.435,183.908,45.1205,121770,6158,0,0,60925,6158,0,0,5.057074813172374,0.0,5.057074813172374,0.0
permutation_random,1100,m,reps_no_partition,reps_dfp,reps,,0.9,500000,1,990,90.8069,80.45530717171715,83.4899,88.616,90.8069,45.141,121770,689,0,0,80076,689,0,0,0.5658208097232488,0.0,0.5658208097232488,0.0
permutation_random,1100,m,reps_partition,reps_dfp,reps,-reps_partition_entropy -reps_escalate_threshold 0.2 -reps_warmup_explore_rtts 2.0 -reps_explore_prob 70,0.9,500000,1,990,90.0149,78.67498696969687,81.3998,88.3818,90.0149,45.1,121770,842,0,0,76006,842,0,0,0.6914675207358134,0.0,0.6914675207358134,0.0
permutation_random,1100,m,fpar_tuned,fpar,oblivious,-threshold 20750 -disable_hop_rtt_normalization,0.9,500000,2,990,172.52,75.44522040404037,71.597,121.803,172.52,45.1358,121770,5326,0,0,60779,5326,0,0,4.373819495770715,0.0,4.373819495770715,0.0
permutation_random,1100,m,reps_no_partition,reps_dfp,reps,,0.9,500000,2,990,92.7528,80.80670080808089,83.8618,89.6339,92.7528,45.0898,121770,848,0,0,79636,848,0,0,0.6963948427363061,0.0,0.6963948427363061,0.0
permutation_random,1100,m,reps_partition,reps_dfp,reps,-reps_partition_entropy -reps_escalate_threshold 0.2 -reps_warmup_explore_rtts 2.0 -reps_explore_prob 70,0.9,500000,2,990,89.3734,78.33178555555548,81.0802,87.7101,89.3734,45.1102,121770,754,0,0,76116,754,0,0,0.6192001313952533,0.0,0.6192001313952533,0.0
permutation_random,1100,m,fpar_tuned,fpar,oblivious,-threshold 20750 -disable_hop_rtt_normalization,0.9,500000,3,990,186.456,75.03375606060604,71.2051,125.018,186.456,45.424,121770,4842,0,0,59218,4842,0,0,3.976348854397635,0.0,3.976348854397635,0.0
permutation_random,1100,m,reps_no_partition,reps_dfp,reps,,0.9,500000,3,990,91.344,82.106150909091,84.5717,89.9334,91.344,45.3398,121770,905,0,0,83315,905,0,0,0.7432044017409871,0.0,0.7432044017409871,0.0
permutation_random,1100,m,reps_partition,reps_dfp,reps,-reps_partition_entropy -reps_escalate_threshold 0.2 -reps_warmup_explore_rtts 2.0 -reps_explore_prob 70,0.9,500000,3,990,88.8541,79.68302323232325,81.8667,87.9683,88.8541,45.2334,121770,854,0,0,78608,854,0,0,0.7013221647367989,0.0,0.7013221647367989,0.0
permutation_random,1100,m,fpar_tuned,fpar,oblivious,-threshold 20750 -disable_hop_rtt_normalization,0.9,500000,4,990,168.83,75.92715383838383,72.1875,129.636,168.83,45.337,121770,5115,0,0,60681,5115,0,0,4.200542005420054,0.0,4.200542005420054,0.0
permutation_random,1100,m,reps_no_partition,reps_dfp,reps,,0.9,500000,4,990,91.8848,81.79042505050508,84.583,89.7586,91.8848,45.1358,121770,886,0,0,82210,886,0,0,0.7276012154060935,0.0,0.7276012154060935,0.0
permutation_random,1100,m,reps_partition,reps_dfp,reps,-reps_partition_entropy -reps_escalate_threshold 0.2 -reps_warmup_explore_rtts 2.0 -reps_explore_prob 70,0.9,500000,4,990,89.8757,79.08423111111111,81.3005,87.5323,89.8757,45.1154,121770,666,0,0,78352,666,0,0,0.5469327420546932,0.0,0.5469327420546932,0.0
permutation_random,1100,m,fpar_tuned,fpar,oblivious,-threshold 20750 -disable_hop_rtt_normalization,0.9,500000,5,990,178.637,77.46865505050503,70.6222,150.662,178.637,45.2445,121770,6643,0,0,63393,6643,0,0,5.45536667487887,0.0,5.45536667487887,0.0
permutation_random,1100,m,reps_no_partition,reps_dfp,reps,,0.9,500000,5,990,91.5883,80.50477808080811,83.2702,89.7624,91.5883,45.1256,121770,721,0,0,78921,721,0,0,0.5920998603925434,0.0,0.5920998603925434,0.0
permutation_random,1100,m,reps_partition,reps_dfp,reps,-reps_partition_entropy -reps_escalate_threshold 0.2 -reps_warmup_explore_rtts 2.0 -reps_explore_prob 70,0.9,500000,5,990,88.3758,78.27274313131309,80.9216,87.0427,88.3758,45.1358,121770,780,0,0,75339,780,0,0,0.6405518600640552,0.0,0.6405518600640552,0.0
permutation_random,1100,m,fpar_tuned,fpar,oblivious,-threshold 20750 -disable_hop_rtt_normalization,0.9,2000000,1,990,705.175,273.97107979798,229.922,610.982,705.175,167.771,485100,9183,0,0,283345,9183,0,0,1.8930117501546073,0.0,1.8930117501546073,0.0
permutation_random,1100,m,reps_no_partition,reps_dfp,reps,,0.9,2000000,1,990,406.876,262.61401818181866,260.865,362.068,406.876,167.983,485100,1542,0,0,292620,1542,0,0,0.3178726035868893,0.0,0.3178726035868893,0.0
permutation_random,1100,m,reps_partition,reps_dfp,reps,-reps_partition_entropy -reps_escalate_threshold 0.2 -reps_warmup_explore_rtts 2.0 -reps_explore_prob 70,0.9,2000000,1,990,441.465,261.04683030303033,256.88,376.705,441.465,168.116,485100,2079,0,0,290523,2079,0,0,0.42857142857142855,0.0,0.42857142857142855,0.0
permutation_random,1100,m,fpar_tuned,fpar,oblivious,-threshold 20750 -disable_hop_rtt_normalization,0.9,2000000,2,990,613.22,265.86970707070685,227.927,527.581,613.22,167.836,485100,8561,0,0,280204,8561,0,0,1.7647907647907648,0.0,1.7647907647907648,0.0
permutation_random,1100,m,reps_no_partition,reps_dfp,reps,,0.9,2000000,2,990,432.714,264.05746868686884,263.536,366.508,432.714,167.57,485100,1702,0,0,289827,1702,0,0,0.3508554937126366,0.0,0.3508554937126366,0.0
permutation_random,1100,m,reps_partition,reps_dfp,reps,-reps_partition_entropy -reps_escalate_threshold 0.2 -reps_warmup_explore_rtts 2.0 -reps_explore_prob 70,0.9,2000000,2,990,436.115,260.93746969696986,259.866,368.04,436.115,167.701,485100,2063,0,0,291348,2063,0,0,0.4252731395588538,0.0,0.4252731395588538,0.0
permutation_random,1100,m,fpar_tuned,fpar,oblivious,-threshold 20750 -disable_hop_rtt_normalization,0.9,2000000,3,990,805.434,265.1626464646463,228.352,507.12,805.434,167.979,485100,8478,0,0,280760,8478,0,0,1.7476808905380334,0.0,1.7476808905380334,0.0
permutation_random,1100,m,reps_no_partition,reps_dfp,reps,,0.9,2000000,3,990,401.401,269.5451404040403,268.218,370.862,401.401,167.962,485100,1600,0,0,297832,1600,0,0,0.32982890125747266,0.0,0.32982890125747266,0.0
permutation_random,1100,m,reps_partition,reps_dfp,reps,-reps_partition_entropy -reps_escalate_threshold 0.2 -reps_warmup_explore_rtts 2.0 -reps_explore_prob 70,0.9,2000000,3,990,413.347,266.68296060606053,265.825,367.504,413.347,168.18,485100,2293,0,0,294591,2293,0,0,0.47268604411461557,0.0,0.47268604411461557,0.0
permutation_random,1100,m,fpar_tuned,fpar,oblivious,-threshold 20750 -disable_hop_rtt_normalization,0.9,2000000,4,990,655.915,271.44281313131347,237.425,580.971,655.915,167.892,485100,8849,0,0,286016,8849,0,0,1.8241599670171098,0.0,1.8241599670171098,0.0
permutation_random,1100,m,reps_no_partition,reps_dfp,reps,,0.9,2000000,4,990,453.761,268.1701949494949,268.64,372.888,453.761,168.193,485100,1784,0,0,294587,1784,0,0,0.36775922490208207,0.0,0.36775922490208207,0.0
permutation_random,1100,m,reps_partition,reps_dfp,reps,-reps_partition_entropy -reps_escalate_threshold 0.2 -reps_warmup_explore_rtts 2.0 -reps_explore_prob 70,0.9,2000000,4,990,418.743,264.02619292929285,261.866,360.132,418.743,167.996,485100,1714,0,0,297372,1714,0,0,0.3533292104720676,0.0,0.3533292104720676,0.0
permutation_random,1100,m,fpar_tuned,fpar,oblivious,-threshold 20750 -disable_hop_rtt_normalization,0.9,2000000,5,990,785.624,280.720606060606,232.453,654.176,785.624,168.01,485100,9740,0,0,295013,9740,0,0,2.007833436404865,0.0,2.007833436404865,0.0
permutation_random,1100,m,reps_no_partition,reps_dfp,reps,,0.9,2000000,5,990,419.241,262.8844919191918,260.317,368.325,419.241,168.039,485100,1415,0,0,294080,1415,0,0,0.2916924345495774,0.0,0.2916924345495774,0.0
permutation_random,1100,m,reps_partition,reps_dfp,reps,-reps_partition_entropy -reps_escalate_threshold 0.2 -reps_warmup_explore_rtts 2.0 -reps_explore_prob 70,0.9,2000000,5,990,401.156,260.405227272727,256.827,364.109,401.156,168.21,485100,1966,0,0,290524,1966,0,0,0.4052772624201196,0.0,0.4052772624201196,0.0
permutation_random,1100,m,fpar_tuned,fpar,oblivious,-threshold 20750 -disable_hop_rtt_normalization,0.9,10000000,1,990,3577.03,1353.0536808080808,1147.07,3193.93,3577.03,821.17,2423520,11317,0,0,1539007,11317,0,0,0.4669654056908959,0.0,0.4669654056908959,0.0
permutation_random,1100,m,reps_no_partition,reps_dfp,reps,,0.9,10000000,1,990,1741.33,1218.9785212121205,1244.83,1557.19,1741.33,821.914,2423520,1840,0,0,1364718,1840,0,0,0.07592262494223279,0.0,0.07592262494223279,0.0
permutation_random,1100,m,reps_partition,reps_dfp,reps,-reps_partition_entropy -reps_escalate_threshold 0.2 -reps_warmup_explore_rtts 2.0 -reps_explore_prob 70,0.9,10000000,1,990,1915.34,1227.3766101010096,1246.25,1635.33,1915.34,821.113,2423520,2838,0,0,1340100,2838,0,0,0.11710239651416122,0.0,0.11710239651416122,0.0
permutation_random,1100,m,fpar_tuned,fpar,oblivious,-threshold 20750 -disable_hop_rtt_normalization,0.9,10000000,2,990,3167.44,1298.1027242424252,1134.59,2788.59,3167.44,821.359,2423520,10730,0,0,1510589,10730,0,0,0.4427444378424771,0.0,0.4427444378424771,0.0
permutation_random,1100,m,reps_no_partition,reps_dfp,reps,,0.9,10000000,2,990,1714.02,1218.6701050505048,1247.78,1564.94,1714.02,820.728,2423520,1956,0,0,1354096,1956,0,0,0.08070905129728659,0.0,0.08070905129728659,0.0
permutation_random,1100,m,reps_partition,reps_dfp,reps,-reps_partition_entropy -reps_escalate_threshold 0.2 -reps_warmup_explore_rtts 2.0 -reps_explore_prob 70,0.9,10000000,2,990,1739.32,1227.6522959595968,1254.44,1606.42,1739.32,821.052,2423520,2687,0,0,1350447,2687,0,0,0.11087178979335842,0.0,0.11087178979335842,0.0
permutation_random,1100,m,fpar_tuned,fpar,oblivious,-threshold 20750 -disable_hop_rtt_normalization,0.9,10000000,3,990,4104.41,1297.623196969697,1124.93,2550.65,4104.41,821.671,2423520,10611,0,0,1525820,10611,0,0,0.43783422459893045,0.0,0.43783422459893045,0.0
permutation_random,1100,m,reps_no_partition,reps_dfp,reps,,0.9,10000000,3,990,1689.56,1245.920315151515,1266.2,1617.66,1689.56,822.141,2423520,1863,0,0,1399862,1863,0,0,0.0768716577540107,0.0,0.0768716577540107,0.0
permutation_random,1100,m,reps_partition,reps_dfp,reps,-reps_partition_entropy -reps_escalate_threshold 0.2 -reps_warmup_explore_rtts 2.0 -reps_explore_prob 70,0.9,10000000,3,990,1819.09,1252.101941414143,1273.82,1626.87,1819.09,822.032,2423520,3349,0,0,1365174,3349,0,0,0.13818742985409652,0.0,0.13818742985409652,0.0
permutation_random,1100,m,fpar_tuned,fpar,oblivious,-threshold 20750 -disable_hop_rtt_normalization,0.9,10000000,4,990,3266.04,1335.7959030303034,1156.38,2968.67,3266.04,820.468,2423520,10834,0,0,1555852,10834,0,0,0.4470357166435598,0.0,0.4470357166435598,0.0
permutation_random,1100,m,reps_no_partition,reps_dfp,reps,,0.9,10000000,4,990,1684.98,1241.5876181818173,1267.99,1592.4,1684.98,821.991,2423520,2138,0,0,1392908,2138,0,0,0.08821878919918136,0.0,0.08821878919918136,0.0
permutation_random,1100,m,reps_partition,reps_dfp,reps,-reps_partition_entropy -reps_escalate_threshold 0.2 -reps_warmup_explore_rtts 2.0 -reps_explore_prob 70,0.9,10000000,4,990,1863.77,1244.224394949496,1265.47,1613.26,1863.77,821.087,2423520,2481,0,0,1381425,2481,0,0,0.10237175678352149,0.0,0.10237175678352149,0.0
permutation_random,1100,m,fpar_tuned,fpar,oblivious,-threshold 20750 -disable_hop_rtt_normalization,0.9,10000000,5,990,4018.34,1376.188911111112,1133.09,3300.76,4018.34,820.928,2423520,11618,0,0,1578181,11618,0,0,0.4793853568363372,0.0,0.4793853568363372,0.0
permutation_random,1100,m,reps_no_partition,reps_dfp,reps,,0.9,10000000,5,990,1765.09,1217.4401868686873,1241.81,1555.26,1765.09,821.853,2423520,1702,0,0,1371299,1702,0,0,0.07022842807156533,0.0,0.07022842807156533,0.0
permutation_random,1100,m,reps_partition,reps_dfp,reps,-reps_partition_entropy -reps_escalate_threshold 0.2 -reps_warmup_explore_rtts 2.0 -reps_explore_prob 70,0.9,10000000,5,990,1858.42,1224.3146434343432,1249.65,1623.0,1858.42,822.328,2423520,2750,0,0,1338591,2750,0,0,0.1134713144517066,0.0,0.1134713144517066,0.0
