pattern,nodes,size,strat_label,strat,load_balancing_algo,extra_flags,load_fraction,flowsize,seed,n_flows,duration_us,fct_mean,fct_p50,fct_p99,fct_max,fct_min,new,rtx,rts,bounced,acks,nacks,pulls,sleek_pkts,rtx_rate_pct,rts_rate_pct,nack_rate_pct,bounced_rate_pct
tornado,576,m,fpar_tuned,fpar,oblivious,-threshold 20750 -disable_hop_rtt_normalization,0.25,100000,1,144,30.0144,22.7460861111111,21.8096,30.0024,30.0144,19.4816,3600,0,0,0,1169,0,0,0,0.0,0.0,0.0,0.0
tornado,576,m,reps_no_partition,reps_dfp,reps,,0.25,100000,1,144,25.3096,22.4378798611111,22.3176,25.1427,25.3096,20.8136,3600,0,0,0,1096,0,0,0,0.0,0.0,0.0,0.0
tornado,576,m,reps_partition,reps_dfp,reps,-reps_partition_entropy -reps_escalate_threshold 0.2 -reps_warmup_explore_rtts 1.0 -reps_explore_prob 70,0.25,100000,1,144,24.7907,22.521201388888873,22.4696,24.6888,24.7907,21.1456,3600,0,0,0,1113,0,0,0,0.0,0.0,0.0,0.0
tornado,576,m,fpar_tuned,fpar,oblivious,-threshold 20750 -disable_hop_rtt_normalization,0.25,100000,2,144,28.9376,22.05141458333333,21.4878,28.6056,28.9376,19.4816,3600,0,0,0,1141,0,0,0,0.0,0.0,0.0,0.0
tornado,576,m,reps_no_partition,reps_dfp,reps,,0.25,100000,2,144,24.3267,22.37438263888889,22.3096,24.3056,24.3267,21.1416,3600,0,0,0,1109,0,0,0,0.0,0.0,0.0,0.0
tornado,576,m,reps_partition,reps_dfp,reps,-reps_partition_entropy -reps_escalate_threshold 0.2 -reps_warmup_explore_rtts 1.0 -reps_explore_prob 70,0.25,100000,2,144,25.6507,22.424530555555556,22.153,25.6507,25.6507,21.1456,3600,0,0,0,1107,0,0,0,0.0,0.0,0.0,0.0
tornado,576,m,fpar_tuned,fpar,oblivious,-threshold 20750 -disable_hop_rtt_normalization,0.25,100000,3,144,30.4376,22.365187499999994,21.4736,30.1056,30.4376,19.4816,3600,0,0,0,1174,0,0,0,0.0,0.0,0.0,0.0
tornado,576,m,reps_no_partition,reps_dfp,reps,,0.25,100000,3,144,25.9827,22.415450000000003,22.153,25.461,25.9827,21.1456,3600,0,0,0,1107,0,0,0,0.0,0.0,0.0,0.0
tornado,576,m,reps_partition,reps_dfp,reps,-reps_partition_entropy -reps_escalate_threshold 0.2 -reps_warmup_explore_rtts 1.0 -reps_explore_prob 70,0.25,100000,3,144,25.301,22.380025694444456,22.153,24.6587,25.301,21.1456,3600,0,0,0,1104,0,0,0,0.0,0.0,0.0,0.0
tornado,576,m,fpar_tuned,fpar,oblivious,-threshold 20750 -disable_hop_rtt_normalization,0.25,100000,4,144,28.9376,22.292838194444432,21.4787,28.6096,28.9376,19.4816,3600,0,0,0,1157,0,0,0,0.0,0.0,0.0,0.0
tornado,576,m,reps_no_partition,reps_dfp,reps,,0.25,100000,4,144,26.337,22.346838888888886,22.1416,25.301,26.337,20.9856,3600,0,0,0,1105,0,0,0,0.0,0.0,0.0,0.0
tornado,576,m,reps_partition,reps_dfp,reps,-reps_partition_entropy -reps_escalate_threshold 0.2 -reps_warmup_explore_rtts 1.0 -reps_explore_prob 70,0.25,100000,4,144,26.341,22.333657638888887,22.1467,25.153,26.341,21.1496,3600,0,0,0,1120,0,0,0,0.0,0.0,0.0,0.0
tornado,576,m,fpar_tuned,fpar,oblivious,-threshold 20750 -disable_hop_rtt_normalization,0.25,100000,5,144,36.4016,22.91709722222221,21.8056,36.0696,36.4016,19.4816,3600,0,0,0,1181,0,0,0,0.0,0.0,0.0,0.0
tornado,576,m,reps_no_partition,reps_dfp,reps,,0.25,100000,5,144,26.6416,22.481363888888893,22.2736,26.337,26.6416,21.1456,3600,0,0,0,1100,0,0,0,0.0,0.0,0.0,0.0
tornado,576,m,reps_partition,reps_dfp,reps,-reps_partition_entropy -reps_escalate_threshold 0.2 -reps_warmup_explore_rtts 1.0 -reps_explore_prob 70,0.25,100000,5,144,25.6416,22.488288194444443,22.4336,24.8261,25.6416,21.1456,3600,0,0,0,1106,0,0,0,0.0,0.0,0.0,0.0
tornado,576,m,fpar_tuned,fpar,oblivious,-threshold 20750 -disable_hop_rtt_normalization,0.25,500000,1,144,110.421,62.143929166666666,55.6354,107.499,110.421,51.9834,17712,310,0,0,6731,310,0,0,1.7502258355916893,0.0,1.7502258355916893,0.0
tornado,576,m,reps_no_partition,reps_dfp,reps,,0.25,500000,1,144,57.9634,55.30282083333332,55.001,57.8667,57.9634,53.9936,17712,0,0,0,4703,0,0,0,0.0,0.0,0.0,0.0
tornado,576,m,reps_partition,reps_dfp,reps,-reps_partition_entropy -reps_escalate_threshold 0.2 -reps_warmup_explore_rtts 1.0 -reps_explore_prob 70,0.25,500000,1,144,61.8176,55.520795833333324,54.9856,61.5309,61.8176,53.6485,17712,0,0,0,4696,0,0,0,0.0,0.0,0.0,0.0
tornado,576,m,fpar_tuned,fpar,oblivious,-threshold 20750 -disable_hop_rtt_normalization,0.25,500000,2,144,98.4261,58.27871666666667,54.5989,96.9723,98.4261,51.9834,17712,120,0,0,5726,120,0,0,0.6775067750677507,0.0,0.6775067750677507,0.0
tornado,576,m,reps_no_partition,reps_dfp,reps,,0.25,500000,2,144,57.3597,55.283780555555566,55.1896,56.9754,57.3597,53.9907,17712,0,0,0,4665,0,0,0,0.0,0.0,0.0,0.0
tornado,576,m,reps_partition,reps_dfp,reps,-reps_partition_entropy -reps_escalate_threshold 0.2 -reps_warmup_explore_rtts 1.0 -reps_explore_prob 70,0.25,500000,2,144,59.3187,55.02417847222224,54.8224,57.6405,59.3187,53.9794,17712,0,0,0,4672,0,0,0,0.0,0.0,0.0,0.0
tornado,576,m,fpar_tuned,fpar,oblivious,-threshold 20750 -disable_hop_rtt_normalization,0.25,500000,3,144,111.11,60.50196041666665,54.1034,101.748,111.11,51.9834,17712,223,0,0,6489,223,0,0,1.25903342366757,0.0,1.25903342366757,0.0
tornado,576,m,reps_no_partition,reps_dfp,reps,,0.25,500000,3,144,58.661,55.26772847222222,54.9834,58.3802,58.661,54.0192,17712,0,0,0,4683,0,0,0,0.0,0.0,0.0,0.0
tornado,576,m,reps_partition,reps_dfp,reps,-reps_partition_entropy -reps_escalate_threshold 0.2 -reps_warmup_explore_rtts 1.0 -reps_explore_prob 70,0.25,500000,3,144,58.537,55.24061666666668,54.9754,58.4456,58.537,53.6554,17712,0,0,0,4661,0,0,0,0.0,0.0,0.0,0.0
tornado,576,m,fpar_tuned,fpar,oblivious,-threshold 20750 -disable_hop_rtt_normalization,0.25,500000,4,144,94.0475,59.91343333333331,54.3074,94.0333,94.0475,51.9834,17712,180,0,0,6342,180,0,0,1.016260162601626,0.0,1.016260162601626,0.0
tornado,576,m,reps_no_partition,reps_dfp,reps,,0.25,500000,4,144,58.3581,55.31296111111113,55.1896,58.0733,58.3581,53.9874,17712,0,0,0,4668,0,0,0,0.0,0.0,0.0,0.0
tornado,576,m,reps_partition,reps_dfp,reps,-reps_partition_entropy -reps_escalate_threshold 0.2 -reps_warmup_explore_rtts 1.0 -reps_explore_prob 70,0.25,500000,4,144,59.201,54.918997916666676,54.6496,58.0864,59.201,53.9754,17712,0,0,0,4663,0,0,0,0.0,0.0,0.0,0.0
tornado,576,m,fpar_tuned,fpar,oblivious,-threshold 20750 -disable_hop_rtt_normalization,0.25,500000,5,144,139.522,63.18271111111111,55.4314,128.833,139.522,51.9834,17712,322,0,0,6820,322,0,0,1.8179765130984644,0.0,1.8179765130984644,0.0
tornado,576,m,reps_no_partition,reps_dfp,reps,,0.25,500000,5,144,59.869,55.54141805555557,55.3176,59.0442,59.869,54.3074,17712,0,0,0,4687,0,0,0,0.0,0.0,0.0,0.0
tornado,576,m,reps_partition,reps_dfp,reps,-reps_partition_entropy -reps_escalate_threshold 0.2 -reps_warmup_explore_rtts 1.0 -reps_explore_prob 70,0.25,500000,5,144,59.2403,55.046545833333326,54.9714,58.4275,59.2403,53.9794,17712,0,0,0,4683,0,0,0,0.0,0.0,0.0,0.0
tornado,576,m,fpar_tuned,fpar,oblivious,-threshold 20750 -disable_hop_rtt_normalization,0.25,2000000,1,144,483.474,210.60336111111098,178.178,481.421,483.474,173.862,70560,306,0,0,28475,306,0,0,0.4336734693877551,0.0,0.4336734693877551,0.0
tornado,576,m,reps_no_partition,reps_dfp,reps,,0.25,2000000,1,144,185.629,177.91897222222218,177.518,182.433,185.629,176.518,70560,0,0,0,18340,0,0,0,0.0,0.0,0.0,0.0
tornado,576,m,reps_partition,reps_dfp,reps,-reps_partition_entropy -reps_escalate_threshold 0.2 -reps_warmup_explore_rtts 1.0 -reps_explore_prob 70,0.25,2000000,1,144,184.818,177.9021875,177.308,184.486,184.818,175.858,70560,0,0,0,18559,0,0,0,0.0,0.0,0.0,0.0
tornado,576,m,fpar_tuned,fpar,oblivious,-threshold 20750 -disable_hop_rtt_normalization,0.25,2000000,2,144,346.576,192.49381944444443,177.349,342.478,346.576,173.862,70560,144,0,0,24782,144,0,0,0.20408163265306123,0.0,0.20408163265306123,0.0
tornado,576,m,reps_no_partition,reps_dfp,reps,,0.25,2000000,2,144,183.967,177.8780972222223,177.495,183.866,183.967,176.522,70560,0,0,0,18123,0,0,0,0.0,0.0,0.0,0.0
tornado,576,m,reps_partition,reps_dfp,reps,-reps_partition_entropy -reps_escalate_threshold 0.2 -reps_warmup_explore_rtts 1.0 -reps_explore_prob 70,0.25,2000000,2,144,183.312,177.3793750000001,177.161,181.997,183.312,176.186,70560,0,0,0,18277,0,0,0,0.0,0.0,0.0,0.0
tornado,576,m,fpar_tuned,fpar,oblivious,-threshold 20750 -disable_hop_rtt_normalization,0.25,2000000,3,144,469.69,205.08340972222237,176.521,464.882,469.69,173.862,70560,250,0,0,25785,250,0,0,0.3543083900226757,0.0,0.3543083900226757,0.0
tornado,576,m,reps_no_partition,reps_dfp,reps,,0.25,2000000,3,144,184.22,177.79481250000003,177.448,182.748,184.22,176.19,70560,0,0,0,18207,0,0,0,0.0,0.0,0.0,0.0
tornado,576,m,reps_partition,reps_dfp,reps,-reps_partition_entropy -reps_escalate_threshold 0.2 -reps_warmup_explore_rtts 1.0 -reps_explore_prob 70,0.25,2000000,3,144,181.451,177.55067361111125,177.192,181.381,181.451,175.864,70560,6,0,0,18430,6,0,0,0.008503401360544218,0.0,0.008503401360544218,0.0
tornado,576,m,fpar_tuned,fpar,oblivious,-threshold 20750 -disable_hop_rtt_normalization,0.25,2000000,4,144,348.323,198.98764583333332,176.752,345.838,348.323,173.862,70560,178,0,0,25330,178,0,0,0.2522675736961451,0.0,0.2522675736961451,0.0
tornado,576,m,reps_no_partition,reps_dfp,reps,,0.25,2000000,4,144,184.44,177.76503472222217,177.334,184.421,184.44,176.238,70560,0,0,0,18111,0,0,0,0.0,0.0,0.0,0.0
tornado,576,m,reps_partition,reps_dfp,reps,-reps_partition_entropy -reps_escalate_threshold 0.2 -reps_warmup_explore_rtts 1.0 -reps_explore_prob 70,0.25,2000000,4,144,182.84,177.21152777777786,176.872,180.437,182.84,175.915,70560,0,0,0,18078,0,0,0,0.0,0.0,0.0,0.0
tornado,576,m,fpar_tuned,fpar,oblivious,-threshold 20750 -disable_hop_rtt_normalization,0.25,2000000,5,144,505.285,215.33774305555553,178.252,489.455,505.285,173.862,70560,428,0,0,29093,428,0,0,0.6065759637188208,0.0,0.6065759637188208,0.0
tornado,576,m,reps_no_partition,reps_dfp,reps,,0.25,2000000,5,144,184.939,178.01890277777784,177.398,184.804,184.939,176.518,70560,0,0,0,18375,0,0,0,0.0,0.0,0.0,0.0
tornado,576,m,reps_partition,reps_dfp,reps,-reps_partition_entropy -reps_escalate_threshold 0.2 -reps_warmup_explore_rtts 1.0 -reps_explore_prob 70,0.25,2000000,5,144,184.022,177.7099236111111,177.366,183.214,184.022,176.19,70560,0,0,0,18216,0,0,0,0.0,0.0,0.0,0.0
tornado,576,m,fpar_tuned,fpar,oblivious,-threshold 20750 -disable_hop_rtt_normalization,0.25,10000000,1,144,2433.6,1011.5595138888889,832.891,2430.79,2433.6,823.887,352512,322,0,0,150457,322,0,0,0.09134440813362382,0.0,0.09134440813362382,0.0
tornado,576,m,reps_no_partition,reps_dfp,reps,,0.25,10000000,1,144,859.353,830.6598819444444,829.585,849.687,859.353,826.644,352512,0,0,0,93150,0,0,0,0.0,0.0,0.0,0.0
tornado,576,m,reps_partition,reps_dfp,reps,-reps_partition_entropy -reps_escalate_threshold 0.2 -reps_warmup_explore_rtts 1.0 -reps_explore_prob 70,0.25,10000000,1,144,861.477,830.1363194444442,829.119,857.247,861.477,826.215,352512,0,0,0,93302,0,0,0,0.0,0.0,0.0,0.0
tornado,576,m,fpar_tuned,fpar,oblivious,-threshold 20750 -disable_hop_rtt_normalization,0.25,10000000,2,144,1690.34,903.2271250000001,831.609,1646.64,1690.34,824.631,352512,163,0,0,129963,163,0,0,0.04623956063907044,0.0,0.04623956063907044,0.0
tornado,576,m,reps_no_partition,reps_dfp,reps,,0.25,10000000,2,144,861.494,831.1929513888886,829.804,858.994,861.494,826.584,352512,0,0,0,91646,0,0,0,0.0,0.0,0.0,0.0
tornado,576,m,reps_partition,reps_dfp,reps,-reps_partition_entropy -reps_escalate_threshold 0.2 -reps_warmup_explore_rtts 1.0 -reps_explore_prob 70,0.25,10000000,2,144,849.724,829.7525694444444,829.431,846.386,849.724,826.219,352512,0,0,0,91471,0,0,0,0.0,0.0,0.0,0.0
tornado,576,m,fpar_tuned,fpar,oblivious,-threshold 20750 -disable_hop_rtt_normalization,0.25,10000000,3,144,2419.77,980.9079027777783,829.338,2415.65,2419.77,823.887,352512,250,0,0,137891,250,0,0,0.07091957153231664,0.0,0.07091957153231664,0.0
tornado,576,m,reps_no_partition,reps_dfp,reps,,0.25,10000000,3,144,855.504,830.6270555555552,829.703,854.264,855.504,826.543,352512,0,0,0,91811,0,0,0,0.0,0.0,0.0,0.0
tornado,576,m,reps_partition,reps_dfp,reps,-reps_partition_entropy -reps_escalate_threshold 0.2 -reps_warmup_explore_rtts 1.0 -reps_explore_prob 70,0.25,10000000,3,144,839.896,829.4004305555562,829.372,838.54,839.896,826.211,352512,6,0,0,91746,6,0,0,0.0017020697167755992,0.0,0.0017020697167755992,0.0
tornado,576,m,fpar_tuned,fpar,oblivious,-threshold 20750 -disable_hop_rtt_normalization,0.25,10000000,4,144,1680.71,940.5641527777778,829.939,1656.79,1680.71,824.219,352512,179,0,0,133410,179,0,0,0.050778413217138704,0.0,0.050778413217138704,0.0
tornado,576,m,reps_no_partition,reps_dfp,reps,,0.25,10000000,4,144,862.088,830.8371874999999,829.603,852.759,862.088,826.542,352512,0,0,0,91479,0,0,0,0.0,0.0,0.0,0.0
tornado,576,m,reps_partition,reps_dfp,reps,-reps_partition_entropy -reps_escalate_threshold 0.2 -reps_warmup_explore_rtts 1.0 -reps_explore_prob 70,0.25,10000000,4,144,849.804,829.1881527777775,829.058,843.868,849.804,826.293,352512,0,0,0,90946,0,0,0,0.0,0.0,0.0,0.0
tornado,576,m,fpar_tuned,fpar,oblivious,-threshold 20750 -disable_hop_rtt_normalization,0.25,10000000,5,144,2463.4,1028.9435486111113,833.763,2421.22,2463.4,824.219,352512,504,0,0,156793,504,0,0,0.14297385620915032,0.0,0.14297385620915032,0.0
tornado,576,m,reps_no_partition,reps_dfp,reps,,0.25,10000000,5,144,871.014,831.2944791666664,829.58,859.822,871.014,826.572,352512,0,0,0,92747,0,0,0,0.0,0.0,0.0,0.0
tornado,576,m,reps_partition,reps_dfp,reps,-reps_partition_entropy -reps_escalate_threshold 0.2 -reps_warmup_explore_rtts 1.0 -reps_explore_prob 70,0.25,10000000,5,144,854.434,830.0186666666667,829.324,847.796,854.434,826.228,352512,0,0,0,91662,0,0,0,0.0,0.0,0.0,0.0
tornado,576,m,fpar_tuned,fpar,oblivious,-threshold 20750 -disable_hop_rtt_normalization,0.5,100000,1,288,37.4016,25.056467013888902,23.3056,36.9386,37.4016,20.9696,7200,0,0,0,2473,0,0,0,0.0,0.0,0.0,0.0
tornado,576,m,reps_no_partition,reps_dfp,reps,,0.5,100000,1,288,28.1256,24.053380902777786,23.8579,27.6336,28.1256,22.1376,7200,0,0,0,2230,0,0,0,0.0,0.0,0.0,0.0
tornado,576,m,reps_partition,reps_dfp,reps,-reps_partition_entropy -reps_escalate_threshold 0.2 -reps_warmup_explore_rtts 1.0 -reps_explore_prob 40,0.5,100000,1,288,29.6381,24.451289930555564,24.3107,28.6421,29.6381,21.9696,7200,0,0,0,2248,0,0,0,0.0,0.0,0.0,0.0
tornado,576,m,fpar_tuned,fpar,oblivious,-threshold 20750 -disable_hop_rtt_normalization,0.5,100000,2,288,30.6067,24.123908333333333,22.9736,30.4654,30.6067,21.4736,7200,0,0,0,2358,0,0,0,0.0,0.0,0.0,0.0
tornado,576,m,reps_no_partition,reps_dfp,reps,,0.5,100000,2,288,27.7616,23.946536458333345,23.7896,26.8488,27.7616,21.8198,7200,0,0,0,2202,0,0,0,0.0,0.0,0.0,0.0
tornado,576,m,reps_partition,reps_dfp,reps,-reps_partition_entropy -reps_escalate_threshold 0.2 -reps_warmup_explore_rtts 1.0 -reps_explore_prob 40,0.5,100000,2,288,28.9616,24.38904270833334,24.3107,27.6427,28.9616,22.1427,7200,0,0,0,2223,0,0,0,0.0,0.0,0.0,0.0
tornado,576,m,fpar_tuned,fpar,oblivious,-threshold 20750 -disable_hop_rtt_normalization,0.5,100000,3,288,36.6595,24.464217013888888,23.1427,36.1675,36.6595,21.493,7200,0,0,0,2353,0,0,0,0.0,0.0,0.0,0.0
tornado,576,m,reps_no_partition,reps_dfp,reps,,0.5,100000,3,288,27.3526,24.026236805555566,23.9736,26.8016,27.3526,21.9867,7200,0,0,0,2214,0,0,0,0.0,0.0,0.0,0.0
tornado,576,m,reps_partition,reps_dfp,reps,-reps_partition_entropy -reps_escalate_threshold 0.2 -reps_warmup_explore_rtts 1.0 -reps_explore_prob 40,0.5,100000,3,288,29.7616,24.514563194444456,24.3016,29.3027,29.7616,21.8056,7200,0,0,0,2241,0,0,0,0.0,0.0,0.0,0.0
tornado,576,m,fpar_tuned,fpar,oblivious,-threshold 20750 -disable_hop_rtt_normalization,0.5,100000,4,288,38.3976,24.669942708333334,23.1438,37.8936,38.3976,21.4736,7200,0,0,0,2444,0,0,0,0.0,0.0,0.0,0.0
tornado,576,m,reps_no_partition,reps_dfp,reps,,0.5,100000,4,288,28.1347,23.959504513888888,23.661,27.3682,28.1347,21.8158,7200,0,0,0,2229,0,0,0,0.0,0.0,0.0,0.0
tornado,576,m,reps_partition,reps_dfp,reps,-reps_partition_entropy -reps_escalate_threshold 0.2 -reps_warmup_explore_rtts 1.0 -reps_explore_prob 40,0.5,100000,4,288,27.5958,24.09485729166666,23.9816,26.813,27.5958,21.9776,7200,0,0,0,2234,0,0,0,0.0,0.0,0.0,0.0
tornado,576,m,fpar_tuned,fpar,oblivious,-threshold 20750 -disable_hop_rtt_normalization,0.5,100000,5,288,36.4016,24.285970833333316,23.1336,36.0696,36.4016,21.4776,7200,0,0,0,2391,0,0,0,0.0,0.0,0.0,0.0
tornado,576,m,reps_no_partition,reps_dfp,reps,,0.5,100000,5,288,29.0896,24.077278819444437,23.9696,27.2696,29.0896,22.1227,7200,0,0,0,2218,0,0,0,0.0,0.0,0.0,0.0
tornado,576,m,reps_partition,reps_dfp,reps,-reps_partition_entropy -reps_escalate_threshold 0.2 -reps_warmup_explore_rtts 1.0 -reps_explore_prob 40,0.5,100000,5,288,29.7947,24.333780902777793,24.1541,28.1256,29.7947,21.8096,7200,0,0,0,2222,0,0,0,0.0,0.0,0.0,0.0
tornado,576,m,fpar_tuned,fpar,oblivious,-threshold 20750 -disable_hop_rtt_normalization,0.5,500000,1,288,143.455,70.79914583333333,61.8922,136.852,143.455,54.1131,35424,1226,0,0,16639,1226,0,0,3.4609304426377596,0.0,3.4609304426377596,0.0
tornado,576,m,reps_no_partition,reps_dfp,reps,,0.5,500000,1,288,69.5099,63.245362500000006,63.1536,69.4234,69.5099,56.0931,35424,0,0,0,12153,0,0,0,0.0,0.0,0.0,0.0
tornado,576,m,reps_partition,reps_dfp,reps,-reps_partition_entropy -reps_escalate_threshold 0.2 -reps_warmup_explore_rtts 1.0 -reps_explore_prob 40,0.5,500000,1,288,72.7875,66.54584409722224,66.644,72.043,72.7875,60.0778,35424,2203,0,0,15795,2203,0,0,6.218947606142728,0.0,6.218947606142728,0.0
tornado,576,m,fpar_tuned,fpar,oblivious,-threshold 20750 -disable_hop_rtt_normalization,0.5,500000,2,288,118.992,67.21291354166665,60.0963,117.206,118.992,54.3176,35424,792,0,0,15775,792,0,0,2.2357723577235773,0.0,2.2357723577235773,0.0
tornado,576,m,reps_no_partition,reps_dfp,reps,,0.5,500000,2,288,70.4894,62.99509965277778,62.8176,69.2027,70.4894,57.2954,35424,7,0,0,11857,7,0,0,0.019760614272809396,0.0,0.019760614272809396,0.0
tornado,576,m,reps_partition,reps_dfp,reps,-reps_partition_entropy -reps_escalate_threshold 0.2 -reps_warmup_explore_rtts 1.0 -reps_explore_prob 40,0.5,500000,2,288,71.6482,66.48002673611111,66.5885,71.4766,71.6482,59.9381,35424,2080,0,0,15691,2080,0,0,5.871725383920506,0.0,5.871725383920506,0.0
tornado,576,m,fpar_tuned,fpar,oblivious,-threshold 20750 -disable_hop_rtt_normalization,0.5,500000,3,288,137.986,68.02304027777774,60.7946,124.514,137.986,54.3101,35424,806,0,0,16029,806,0,0,2.275293586269196,0.0,2.275293586269196,0.0
tornado,576,m,reps_no_partition,reps_dfp,reps,,0.5,500000,3,288,70.4496,62.841591666666645,62.8461,69.7856,70.4496,56.129,35424,0,0,0,11887,0,0,0,0.0,0.0,0.0,0.0
tornado,576,m,reps_partition,reps_dfp,reps,-reps_partition_entropy -reps_escalate_threshold 0.2 -reps_warmup_explore_rtts 1.0 -reps_explore_prob 40,0.5,500000,3,288,71.5741,66.35656979166664,66.4861,70.5198,71.5741,59.2192,35424,2129,0,0,15751,2129,0,0,6.010049683830172,0.0,6.010049683830172,0.0
tornado,576,m,fpar_tuned,fpar,oblivious,-threshold 20750 -disable_hop_rtt_normalization,0.5,500000,4,288,163.179,70.12551874999996,61.2421,130.114,163.179,54.3381,35424,1091,0,0,17090,1091,0,0,3.07983288166215,0.0,3.07983288166215,0.0
tornado,576,m,reps_no_partition,reps_dfp,reps,,0.5,500000,4,288,69.4667,63.15307743055551,63.3635,68.4045,69.4667,57.5682,35424,0,0,0,11850,0,0,0,0.0,0.0,0.0,0.0
tornado,576,m,reps_partition,reps_dfp,reps,-reps_partition_entropy -reps_escalate_threshold 0.2 -reps_warmup_explore_rtts 1.0 -reps_explore_prob 40,0.5,500000,4,288,73.0765,66.94218888888884,67.1507,72.4125,73.0765,60.9701,35424,2152,0,0,15851,2152,0,0,6.074977416440831,0.0,6.074977416440831,0.0
tornado,576,m,fpar_tuned,fpar,oblivious,-threshold 20750 -disable_hop_rtt_normalization,0.5,500000,5,288,139.891,67.6272079861111,60.3061,133.878,139.891,54.0266,35424,778,0,0,15601,778,0,0,2.1962511291779583,0.0,2.1962511291779583,0.0
tornado,576,m,reps_no_partition,reps_dfp,reps,,0.5,500000,5,288,71.2886,64.1590829861111,64.0981,70.5334,71.2886,56.9674,35424,0,0,0,12150,0,0,0,0.0,0.0,0.0,0.0
tornado,576,m,reps_partition,reps_dfp,reps,-reps_partition_entropy -reps_escalate_threshold 0.2 -reps_warmup_explore_rtts 1.0 -reps_explore_prob 40,0.5,500000,5,288,72.4814,66.34499166666664,66.6707,71.8174,72.4814,59.8277,35424,1973,0,0,15624,1973,0,0,5.569670280036133,0.0,5.569670280036133,0.0
tornado,576,m,fpar_tuned,fpar,oblivious,-threshold 20750 -disable_hop_rtt_normalization,0.5,2000000,1,288,530.222,245.92040277777772,192.697,522.336,530.222,176.934,141120,1407,0,0,71924,1407,0,0,0.9970238095238095,0.0,0.9970238095238095,0.0
tornado,576,m,reps_no_partition,reps_dfp,reps,,0.5,2000000,1,288,216.056,201.58496527777788,202.586,215.72,216.056,179.538,141120,18,0,0,54925,18,0,0,0.012755102040816327,0.0,0.012755102040816327,0.0
tornado,576,m,reps_partition,reps_dfp,reps,-reps_partition_entropy -reps_escalate_threshold 0.2 -reps_warmup_explore_rtts 1.0 -reps_explore_prob 40,0.5,2000000,1,288,235.374,210.31369444444454,211.191,229.867,235.374,187.068,141120,2258,0,0,58031,2258,0,0,1.6000566893424035,0.0,1.6000566893424035,0.0
tornado,576,m,fpar_tuned,fpar,oblivious,-threshold 20750 -disable_hop_rtt_normalization,0.5,2000000,2,288,491.164,229.7583472222221,192.439,445.452,491.164,176.861,141120,946,0,0,70180,946,0,0,0.6703514739229025,0.0,0.6703514739229025,0.0
tornado,576,m,reps_no_partition,reps_dfp,reps,,0.5,2000000,2,288,210.843,197.96815277777785,197.571,210.512,210.843,185.908,141120,11,0,0,52078,11,0,0,0.007794784580498866,0.0,0.007794784580498866,0.0
tornado,576,m,reps_partition,reps_dfp,reps,-reps_partition_entropy -reps_escalate_threshold 0.2 -reps_warmup_explore_rtts 1.0 -reps_explore_prob 40,0.5,2000000,2,288,232.535,208.7008194444444,208.461,226.235,232.535,191.991,141120,2096,0,0,56561,2096,0,0,1.4852607709750567,0.0,1.4852607709750567,0.0
tornado,576,m,fpar_tuned,fpar,oblivious,-threshold 20750 -disable_hop_rtt_normalization,0.5,2000000,3,288,511.78,233.16857638888885,192.585,494.546,511.78,176.62,141120,1052,0,0,70208,1052,0,0,0.7454648526077098,0.0,0.7454648526077098,0.0
tornado,576,m,reps_no_partition,reps_dfp,reps,,0.5,2000000,3,288,215.202,198.33753819444428,198.95,214.538,215.202,181.596,141120,1,0,0,52682,1,0,0,0.0007086167800453515,0.0,0.0007086167800453515,0.0
tornado,576,m,reps_partition,reps_dfp,reps,-reps_partition_entropy -reps_escalate_threshold 0.2 -reps_warmup_explore_rtts 1.0 -reps_explore_prob 40,0.5,2000000,3,288,230.913,209.30350347222213,210.468,223.897,230.913,186.774,141120,2137,0,0,57366,2137,0,0,1.5143140589569162,0.0,1.5143140589569162,0.0
tornado,576,m,fpar_tuned,fpar,oblivious,-threshold 20750 -disable_hop_rtt_normalization,0.5,2000000,4,288,602.992,236.74435763888889,192.454,493.044,602.992,176.518,141120,1289,0,0,71291,1289,0,0,0.9134070294784581,0.0,0.9134070294784581,0.0
tornado,576,m,reps_no_partition,reps_dfp,reps,,0.5,2000000,4,288,212.931,198.95620486111113,198.558,212.557,212.931,186.389,141120,15,0,0,52161,15,0,0,0.010629251700680272,0.0,0.010629251700680272,0.0
tornado,576,m,reps_partition,reps_dfp,reps,-reps_partition_entropy -reps_escalate_threshold 0.2 -reps_warmup_explore_rtts 1.0 -reps_explore_prob 40,0.5,2000000,4,288,234.06,208.67833333333323,207.395,232.414,234.06,188.475,141120,2191,0,0,56699,2191,0,0,1.5525793650793651,0.0,1.5525793650793651,0.0
tornado,576,m,fpar_tuned,fpar,oblivious,-threshold 20750 -disable_hop_rtt_normalization,0.5,2000000,5,288,519.616,230.96860763888878,191.126,508.122,519.616,176.336,141120,1117,0,0,68426,1117,0,0,0.7915249433106576,0.0,0.7915249433106576,0.0
tornado,576,m,reps_no_partition,reps_dfp,reps,,0.5,2000000,5,288,213.148,198.60410416666664,198.083,211.4,213.148,183.123,141120,11,0,0,53232,11,0,0,0.007794784580498866,0.0,0.007794784580498866,0.0
tornado,576,m,reps_partition,reps_dfp,reps,-reps_partition_entropy -reps_escalate_threshold 0.2 -reps_warmup_explore_rtts 1.0 -reps_explore_prob 40,0.5,2000000,5,288,239.185,208.0089270833335,207.801,228.253,239.185,186.293,141120,1989,0,0,57096,1989,0,0,1.409438775510204,0.0,1.409438775510204,0.0
tornado,576,m,fpar_tuned,fpar,oblivious,-threshold 20750 -disable_hop_rtt_normalization,0.5,10000000,1,288,2644.87,1195.7424618055556,898.558,2600.96,2644.87,827.178,705024,1531,0,0,385046,1531,0,0,0.21715572803195352,0.0,0.21715572803195352,0.0
tornado,576,m,reps_no_partition,reps_dfp,reps,,0.5,10000000,1,288,1091.74,932.3405486111112,932.968,1013.21,1091.74,837.981,705024,157,0,0,279562,157,0,0,0.022268745461147422,0.0,0.022268745461147422,0.0
tornado,576,m,reps_partition,reps_dfp,reps,-reps_partition_entropy -reps_escalate_threshold 0.2 -reps_warmup_explore_rtts 1.0 -reps_explore_prob 40,0.5,10000000,1,288,1236.44,964.7241458333332,961.082,1205.25,1236.44,855.24,705024,2686,0,0,285875,2686,0,0,0.3809799382716049,0.0,0.3809799382716049,0.0
tornado,576,m,fpar_tuned,fpar,oblivious,-threshold 20750 -disable_hop_rtt_normalization,0.5,10000000,2,288,2449.52,1104.0460729166666,900.024,2376.03,2449.52,827.612,705024,1161,0,0,373129,1161,0,0,0.1646752450980392,0.0,0.1646752450980392,0.0
tornado,576,m,reps_no_partition,reps_dfp,reps,,0.5,10000000,2,288,987.908,915.9168715277782,913.422,984.107,987.908,862.044,705024,19,0,0,263710,19,0,0,0.002694943718228032,0.0,0.002694943718228032,0.0
tornado,576,m,reps_partition,reps_dfp,reps,-reps_partition_entropy -reps_escalate_threshold 0.2 -reps_warmup_explore_rtts 1.0 -reps_explore_prob 40,0.5,10000000,2,288,1134.29,950.8788472222222,945.168,1099.97,1134.29,866.834,705024,2272,0,0,276714,2272,0,0,0.3222585330428468,0.0,0.3222585330428468,0.0
tornado,576,m,fpar_tuned,fpar,oblivious,-threshold 20750 -disable_hop_rtt_normalization,0.5,10000000,3,288,2592.12,1120.9090104166671,905.38,2469.02,2592.12,827.525,705024,1161,0,0,377629,1161,0,0,0.1646752450980392,0.0,0.1646752450980392,0.0
tornado,576,m,reps_no_partition,reps_dfp,reps,,0.5,10000000,3,288,1063.9,920.5922881944441,925.435,976.238,1063.9,850.327,705024,16,0,0,267814,16,0,0,0.0022694262890341323,0.0,0.0022694262890341323,0.0
tornado,576,m,reps_partition,reps_dfp,reps,-reps_partition_entropy -reps_escalate_threshold 0.2 -reps_warmup_explore_rtts 1.0 -reps_explore_prob 40,0.5,10000000,3,288,1141.96,950.898579861111,955.381,1039.23,1141.96,858.324,705024,2270,0,0,281220,2270,0,0,0.3219748547567175,0.0,0.3219748547567175,0.0
tornado,576,m,fpar_tuned,fpar,oblivious,-threshold 20750 -disable_hop_rtt_normalization,0.5,10000000,4,288,2928.99,1145.4730347222212,896.173,2528.26,2928.99,826.543,705024,1421,0,0,380866,1421,0,0,0.20155342229484385,0.0,0.20155342229484385,0.0
tornado,576,m,reps_no_partition,reps_dfp,reps,,0.5,10000000,4,288,1007.91,915.869,911.874,990.441,1007.91,863.944,705024,90,0,0,263473,90,0,0,0.012765522875816993,0.0,0.012765522875816993,0.0
tornado,576,m,reps_partition,reps_dfp,reps,-reps_partition_entropy -reps_escalate_threshold 0.2 -reps_warmup_explore_rtts 1.0 -reps_explore_prob 40,0.5,10000000,4,288,1243.94,950.6642847222216,944.557,1156.82,1243.94,859.572,705024,2413,0,0,276229,2413,0,0,0.3422578522149601,0.0,0.3422578522149601,0.0
tornado,576,m,fpar_tuned,fpar,oblivious,-threshold 20750 -disable_hop_rtt_normalization,0.5,10000000,5,288,2591.84,1108.8464722222225,893.409,2459.08,2591.84,826.996,705024,1355,0,0,362737,1355,0,0,0.19219203885257807,0.0,0.19219203885257807,0.0
tornado,576,m,reps_no_partition,reps_dfp,reps,,0.5,10000000,5,288,1015.3,923.1842187500001,921.784,1005.67,1015.3,853.673,705024,90,0,0,271699,90,0,0,0.012765522875816993,0.0,0.012765522875816993,0.0
tornado,576,m,reps_partition,reps_dfp,reps,-reps_partition_entropy -reps_escalate_threshold 0.2 -reps_warmup_explore_rtts 1.0 -reps_explore_prob 40,0.5,10000000,5,288,1141.42,952.9817812499999,952.842,1042.23,1141.42,860.521,705024,2080,0,0,281537,2080,0,0,0.2950254175744372,0.0,0.2950254175744372,0.0
tornado,576,m,fpar_tuned,fpar,oblivious,-threshold 20750 -disable_hop_rtt_normalization,0.75,100000,1,432,43.4475,26.857644907407412,25.9547,40.9635,43.4475,23.3363,10800,7,0,0,3523,7,0,0,0.06481481481481481,0.0,0.06481481481481481,0.0
tornado,576,m,reps_no_partition,reps_dfp,reps,,0.75,100000,1,432,33.625,27.105937731481482,27.1158,31.6056,33.625,24.3016,10800,0,0,0,3493,0,0,0,0.0,0.0,0.0,0.0
tornado,576,m,reps_partition,reps_dfp,reps,-reps_partition_entropy -reps_escalate_threshold 0.2 -reps_warmup_explore_rtts 1.0 -reps_explore_prob 40,0.75,100000,1,432,34.9376,27.91219513888887,27.7998,32.6203,34.9376,23.7976,10800,0,0,0,3577,0,0,0,0.0,0.0,0.0,0.0
tornado,576,m,fpar_tuned,fpar,oblivious,-threshold 20750 -disable_hop_rtt_normalization,0.75,100000,2,432,33.4176,26.335827546296304,25.7896,31.7536,33.4176,23.3027,10800,0,0,0,3439,0,0,0,0.0,0.0,0.0,0.0
tornado,576,m,reps_no_partition,reps_dfp,reps,,0.75,100000,2,432,32.6443,27.376524768518514,27.2918,31.4574,32.6443,24.1427,10800,0,0,0,3492,0,0,0,0.0,0.0,0.0,0.0
tornado,576,m,reps_partition,reps_dfp,reps,-reps_partition_entropy -reps_escalate_threshold 0.2 -reps_warmup_explore_rtts 1.0 -reps_explore_prob 40,0.75,100000,2,432,33.7456,27.756634953703696,27.6432,33.1691,33.7456,23.3136,10800,0,0,0,3573,0,0,0,0.0,0.0,0.0,0.0
tornado,576,m,fpar_tuned,fpar,oblivious,-threshold 20750 -disable_hop_rtt_normalization,0.75,100000,3,432,34.6635,26.401207407407426,25.805,33.2114,34.6635,23.3056,10800,0,0,0,3446,0,0,0,0.0,0.0,0.0,0.0
tornado,576,m,reps_no_partition,reps_dfp,reps,,0.75,100000,3,432,31.4661,27.51186226851853,27.4547,30.961,31.4661,23.8078,10800,0,0,0,3553,0,0,0,0.0,0.0,0.0,0.0
tornado,576,m,reps_partition,reps_dfp,reps,-reps_partition_entropy -reps_escalate_threshold 0.2 -reps_warmup_explore_rtts 1.0 -reps_explore_prob 40,0.75,100000,3,432,32.6032,27.600714351851813,27.4376,31.4421,32.6032,24.4656,10800,0,0,0,3527,0,0,0,0.0,0.0,0.0,0.0
tornado,576,m,fpar_tuned,fpar,oblivious,-threshold 20750 -disable_hop_rtt_normalization,0.75,100000,4,432,35.6186,26.700377546296313,25.9616,34.6226,35.6186,23.1387,10800,0,0,0,3482,0,0,0,0.0,0.0,0.0,0.0
tornado,576,m,reps_no_partition,reps_dfp,reps,,0.75,100000,4,432,32.4621,27.445520601851854,27.2936,31.4336,32.4621,23.9576,10800,0,0,0,3513,0,0,0,0.0,0.0,0.0,0.0
tornado,576,m,reps_partition,reps_dfp,reps,-reps_partition_entropy -reps_escalate_threshold 0.2 -reps_warmup_explore_rtts 1.0 -reps_explore_prob 40,0.75,100000,4,432,32.2941,27.713584953703716,27.6016,31.6301,32.2941,23.2794,10800,0,0,0,3573,0,0,0,0.0,0.0,0.0,0.0
tornado,576,m,fpar_tuned,fpar,oblivious,-threshold 20750 -disable_hop_rtt_normalization,0.75,100000,5,432,37.8235,26.507247222222222,25.6757,37.1595,37.8235,23.1438,10800,0,0,0,3491,0,0,0,0.0,0.0,0.0,0.0
tornado,576,m,reps_no_partition,reps_dfp,reps,,0.75,100000,5,432,31.9376,27.25116296296298,27.1658,30.9986,31.9376,23.6376,10800,0,0,0,3501,0,0,0,0.0,0.0,0.0,0.0
tornado,576,m,reps_partition,reps_dfp,reps,-reps_partition_entropy -reps_escalate_threshold 0.2 -reps_warmup_explore_rtts 1.0 -reps_explore_prob 40,0.75,100000,5,432,33.5736,27.826479398148127,27.4598,32.8976,33.5736,23.6416,10800,0,0,0,3539,0,0,0,0.0,0.0,0.0,0.0
tornado,576,m,fpar_tuned,fpar,oblivious,-threshold 20750 -disable_hop_rtt_normalization,0.75,500000,1,432,154.724,76.69374305555557,74.8578,128.898,154.724,61.4451,53136,1799,0,0,23348,1799,0,0,3.3856519120746764,0.0,3.3856519120746764,0.0
tornado,576,m,reps_no_partition,reps_dfp,reps,,0.75,500000,1,432,90.1466,81.16789189814808,80.9032,89.2544,90.1466,72.3611,53136,157,0,0,33124,157,0,0,0.2954682324601024,0.0,0.2954682324601024,0.0
tornado,576,m,reps_partition,reps_dfp,reps,-reps_partition_entropy -reps_escalate_threshold 0.2 -reps_warmup_explore_rtts 1.0 -reps_explore_prob 40,0.75,500000,1,432,87.1925,77.43411018518516,77.3554,85.3182,87.1925,68.0326,53136,4979,0,0,29401,4979,0,0,9.370295091839807,0.0,9.370295091839807,0.0
tornado,576,m,fpar_tuned,fpar,oblivious,-threshold 20750 -disable_hop_rtt_normalization,0.75,500000,2,432,100.586,75.02631111111104,74.5645,95.4688,100.586,61.1168,53136,1571,0,0,22973,1571,0,0,2.956564287865101,0.0,2.956564287865101,0.0
tornado,576,m,reps_no_partition,reps_dfp,reps,,0.75,500000,2,432,88.8434,81.07085324074076,80.8224,88.1794,88.8434,71.4128,53136,157,0,0,32895,157,0,0,0.2954682324601024,0.0,0.2954682324601024,0.0
tornado,576,m,reps_partition,reps_dfp,reps,-reps_partition_entropy -reps_escalate_threshold 0.2 -reps_warmup_explore_rtts 1.0 -reps_explore_prob 40,0.75,500000,2,432,85.9976,77.11684999999999,77.2218,84.5742,85.9976,66.4054,53136,5017,0,0,29144,5017,0,0,9.441809695874737,0.0,9.441809695874737,0.0
tornado,576,m,fpar_tuned,fpar,oblivious,-threshold 20750 -disable_hop_rtt_normalization,0.75,500000,3,432,117.652,75.3204703703704,75.043,107.731,117.652,61.1536,53136,1819,0,0,23046,1819,0,0,3.423291177356218,0.0,3.423291177356218,0.0
tornado,576,m,reps_no_partition,reps_dfp,reps,,0.75,500000,3,432,90.4501,82.39468425925928,82.6099,89.4805,90.4501,72.4957,53136,196,0,0,33158,196,0,0,0.3688647997591087,0.0,0.3688647997591087,0.0
tornado,576,m,reps_partition,reps_dfp,reps,-reps_partition_entropy -reps_escalate_threshold 0.2 -reps_warmup_explore_rtts 1.0 -reps_explore_prob 40,0.75,500000,3,432,87.7176,77.16555138888897,76.8758,86.6456,87.7176,68.9062,53136,5043,0,0,29048,5043,0,0,9.49074074074074,0.0,9.49074074074074,0.0
tornado,576,m,fpar_tuned,fpar,oblivious,-threshold 20750 -disable_hop_rtt_normalization,0.75,500000,4,432,115.288,75.65163518518524,74.245,105.255,115.288,61.8482,53136,1605,0,0,23176,1605,0,0,3.020551038843722,0.0,3.020551038843722,0.0
tornado,576,m,reps_no_partition,reps_dfp,reps,,0.75,500000,4,432,90.1648,81.8676877314815,82.0014,89.4203,90.1648,72.9664,53136,211,0,0,32693,211,0,0,0.397094248720265,0.0,0.397094248720265,0.0
tornado,576,m,reps_partition,reps_dfp,reps,-reps_partition_entropy -reps_escalate_threshold 0.2 -reps_warmup_explore_rtts 1.0 -reps_explore_prob 40,0.75,500000,4,432,85.8598,77.12262569444445,77.0483,85.204,85.8598,67.7622,53136,5072,0,0,29164,5072,0,0,9.545317675398977,0.0,9.545317675398977,0.0
tornado,576,m,fpar_tuned,fpar,oblivious,-threshold 20750 -disable_hop_rtt_normalization,0.75,500000,5,432,126.751,75.64771087962964,73.9078,113.279,126.751,60.2582,53136,1937,0,0,23278,1937,0,0,3.645362842517314,0.0,3.645362842517314,0.0
tornado,576,m,reps_no_partition,reps_dfp,reps,,0.75,500000,5,432,90.0475,81.63919791666662,81.6616,89.2467,90.0475,71.1136,53136,194,0,0,32415,194,0,0,0.3651008732309545,0.0,0.3651008732309545,0.0
tornado,576,m,reps_partition,reps_dfp,reps,-reps_partition_entropy -reps_escalate_threshold 0.2 -reps_warmup_explore_rtts 1.0 -reps_explore_prob 40,0.75,500000,5,432,89.7739,77.27492870370361,77.0947,88.2277,89.7739,66.9746,53136,5049,0,0,29254,5049,0,0,9.502032520325203,0.0,9.502032520325203,0.0
tornado,576,m,fpar_tuned,fpar,oblivious,-threshold 20750 -disable_hop_rtt_normalization,0.75,2000000,1,432,774.749,271.0425949074076,229.726,590.241,774.749,186.298,211680,3508,0,0,107456,3508,0,0,1.6572184429327286,0.0,1.6572184429327286,0.0
tornado,576,m,reps_no_partition,reps_dfp,reps,,0.75,2000000,1,432,365.477,259.79357638888865,254.598,334.584,365.477,215.586,211680,581,0,0,127228,581,0,0,0.2744708994708995,0.0,0.2744708994708995,0.0
tornado,576,m,reps_partition,reps_dfp,reps,-reps_partition_entropy -reps_escalate_threshold 0.2 -reps_warmup_explore_rtts 1.0 -reps_explore_prob 40,0.75,2000000,1,432,357.199,262.728761574074,258.733,327.727,357.199,227.123,211680,5330,0,0,130113,5330,0,0,2.5179516250944824,0.0,2.5179516250944824,0.0
tornado,576,m,fpar_tuned,fpar,oblivious,-threshold 20750 -disable_hop_rtt_normalization,0.75,2000000,2,432,484.109,253.1597361111112,227.959,411.702,484.109,191.674,211680,3441,0,0,102648,3441,0,0,1.6255668934240364,0.0,1.6255668934240364,0.0
tornado,576,m,reps_no_partition,reps_dfp,reps,,0.75,2000000,2,432,412.431,258.7789166666666,249.114,361.31,412.431,218.024,211680,538,0,0,128837,538,0,0,0.2541572184429327,0.0,0.2541572184429327,0.0
tornado,576,m,reps_partition,reps_dfp,reps,-reps_partition_entropy -reps_escalate_threshold 0.2 -reps_warmup_explore_rtts 1.0 -reps_explore_prob 40,0.75,2000000,2,432,358.41,262.2993217592591,260.251,316.37,358.41,228.087,211680,5314,0,0,131800,5314,0,0,2.510393046107332,0.0,2.510393046107332,0.0
tornado,576,m,fpar_tuned,fpar,oblivious,-threshold 20750 -disable_hop_rtt_normalization,0.75,2000000,3,432,509.216,257.743460648148,232.588,464.641,509.216,189.684,211680,3554,0,0,104624,3554,0,0,1.6789493575207861,0.0,1.6789493575207861,0.0
tornado,576,m,reps_no_partition,reps_dfp,reps,,0.75,2000000,3,432,373.858,261.03219675925914,254.581,355.279,373.858,215.711,211680,605,0,0,125808,605,0,0,0.2858087679516251,0.0,0.2858087679516251,0.0
tornado,576,m,reps_partition,reps_dfp,reps,-reps_partition_entropy -reps_escalate_threshold 0.2 -reps_warmup_explore_rtts 1.0 -reps_explore_prob 40,0.75,2000000,3,432,329.082,261.17685416666666,258.324,310.71,329.082,224.18,211680,5357,0,0,128618,5357,0,0,2.5307067271352985,0.0,2.5307067271352985,0.0
tornado,576,m,fpar_tuned,fpar,oblivious,-threshold 20750 -disable_hop_rtt_normalization,0.75,2000000,4,432,516.628,259.27537268518523,230.519,462.384,516.628,189.093,211680,3544,0,0,106443,3544,0,0,1.6742252456538171,0.0,1.6742252456538171,0.0
tornado,576,m,reps_no_partition,reps_dfp,reps,,0.75,2000000,4,432,358.794,259.62561574074084,251.428,345.303,358.794,217.937,211680,635,0,0,127737,635,0,0,0.2999811035525321,0.0,0.2999811035525321,0.0
tornado,576,m,reps_partition,reps_dfp,reps,-reps_partition_entropy -reps_escalate_threshold 0.2 -reps_warmup_explore_rtts 1.0 -reps_explore_prob 40,0.75,2000000,4,432,366.189,260.9347291666666,259.072,323.584,366.189,230.957,211680,5430,0,0,129424,5430,0,0,2.565192743764172,0.0,2.565192743764172,0.0
tornado,576,m,fpar_tuned,fpar,oblivious,-threshold 20750 -disable_hop_rtt_normalization,0.75,2000000,5,432,609.036,257.8196412037037,226.982,501.706,609.036,189.88,211680,3361,0,0,104209,3361,0,0,1.5877739984882842,0.0,1.5877739984882842,0.0
tornado,576,m,reps_no_partition,reps_dfp,reps,,0.75,2000000,5,432,390.863,259.1395532407408,249.368,354.311,390.863,218.409,211680,660,0,0,125199,660,0,0,0.31179138321995464,0.0,0.31179138321995464,0.0
tornado,576,m,reps_partition,reps_dfp,reps,-reps_partition_entropy -reps_escalate_threshold 0.2 -reps_warmup_explore_rtts 1.0 -reps_explore_prob 40,0.75,2000000,5,432,362.184,262.57046296296306,259.733,313.469,362.184,230.361,211680,5409,0,0,129939,5409,0,0,2.5552721088435373,0.0,2.5552721088435373,0.0
tornado,576,m,fpar_tuned,fpar,oblivious,-threshold 20750 -disable_hop_rtt_normalization,0.75,10000000,1,432,3987.04,1329.2961087962974,1048.09,3384.74,3987.04,856.292,1057536,4320,0,0,581768,4320,0,0,0.4084967320261438,0.0,0.4084967320261438,0.0
tornado,576,m,reps_no_partition,reps_dfp,reps,,0.75,10000000,1,432,1600.98,1210.459351851852,1202.27,1505.83,1600.98,983.87,1057536,793,0,0,585314,793,0,0,0.07498562696683611,0.0,0.07498562696683611,0.0
tornado,576,m,reps_partition,reps_dfp,reps,-reps_partition_entropy -reps_escalate_threshold 0.2 -reps_warmup_explore_rtts 1.0 -reps_explore_prob 40,0.75,10000000,1,432,1647.0,1225.9908680555561,1214.17,1565.89,1647.0,994.505,1057536,5721,0,0,581654,5721,0,0,0.5409744916485113,0.0,0.5409744916485113,0.0
tornado,576,m,fpar_tuned,fpar,oblivious,-threshold 20750 -disable_hop_rtt_normalization,0.75,10000000,2,432,2267.23,1211.128305555556,1053.67,2121.78,2267.23,871.067,1057536,5401,0,0,533364,5401,0,0,0.5107154744613895,0.0,0.5107154744613895,0.0
tornado,576,m,reps_no_partition,reps_dfp,reps,,0.75,10000000,2,432,1645.95,1204.1468750000004,1204.16,1506.28,1645.95,1008.72,1057536,735,0,0,586922,735,0,0,0.06950118010167029,0.0,0.06950118010167029,0.0
tornado,576,m,reps_partition,reps_dfp,reps,-reps_partition_entropy -reps_escalate_threshold 0.2 -reps_warmup_explore_rtts 1.0 -reps_explore_prob 40,0.75,10000000,2,432,1524.8,1228.803287037037,1230.86,1480.75,1524.8,1013.06,1057536,5697,0,0,592773,5697,0,0,0.5387050653594772,0.0,0.5387050653594772,0.0
tornado,576,m,fpar_tuned,fpar,oblivious,-threshold 20750 -disable_hop_rtt_normalization,0.75,10000000,3,432,2553.72,1232.2706574074077,1091.05,2351.7,2553.72,861.329,1057536,4948,0,0,555560,4948,0,0,0.46788005325587023,0.0,0.46788005325587023,0.0
tornado,576,m,reps_no_partition,reps_dfp,reps,,0.75,10000000,3,432,1619.97,1208.8102083333333,1207.12,1524.95,1619.97,966.149,1057536,773,0,0,579955,773,0,0,0.073094438392641,0.0,0.073094438392641,0.0
tornado,576,m,reps_partition,reps_dfp,reps,-reps_partition_entropy -reps_escalate_threshold 0.2 -reps_warmup_explore_rtts 1.0 -reps_explore_prob 40,0.75,10000000,3,432,1603.2,1218.1593310185178,1211.88,1508.55,1603.2,992.061,1057536,5933,0,0,585356,5933,0,0,0.5610210905349794,0.0,0.5610210905349794,0.0
tornado,576,m,fpar_tuned,fpar,oblivious,-threshold 20750 -disable_hop_rtt_normalization,0.75,10000000,4,432,3058.99,1258.4430046296295,1098.99,2495.88,3058.99,864.149,1057536,4675,0,0,574953,4675,0,0,0.442065329218107,0.0,0.442065329218107,0.0
tornado,576,m,reps_no_partition,reps_dfp,reps,,0.75,10000000,4,432,1620.03,1204.3461111111105,1195.49,1500.99,1620.03,1001.13,1057536,878,0,0,576362,878,0,0,0.08302317840716533,0.0,0.08302317840716533,0.0
tornado,576,m,reps_partition,reps_dfp,reps,-reps_partition_entropy -reps_escalate_threshold 0.2 -reps_warmup_explore_rtts 1.0 -reps_explore_prob 40,0.75,10000000,4,432,1591.89,1215.424530092592,1206.94,1551.61,1591.89,981.674,1057536,5846,0,0,581767,5846,0,0,0.5527944202372307,0.0,0.5527944202372307,0.0
tornado,576,m,fpar_tuned,fpar,oblivious,-threshold 20750 -disable_hop_rtt_normalization,0.75,10000000,5,432,3147.35,1242.403606481482,1031.31,2961.43,3147.35,878.06,1057536,4235,0,0,539508,4235,0,0,0.4004591805858146,0.0,0.4004591805858146,0.0
tornado,576,m,reps_no_partition,reps_dfp,reps,,0.75,10000000,5,432,1606.58,1206.4035254629623,1208.28,1551.3,1606.58,982.884,1057536,898,0,0,577395,898,0,0,0.08491436698136044,0.0,0.08491436698136044,0.0
tornado,576,m,reps_partition,reps_dfp,reps,-reps_partition_entropy -reps_escalate_threshold 0.2 -reps_warmup_explore_rtts 1.0 -reps_explore_prob 40,0.75,10000000,5,432,1544.57,1220.1763472222228,1220.55,1500.28,1544.57,988.002,1057536,5873,0,0,580619,5873,0,0,0.5553475248123941,0.0,0.5553475248123941,0.0
tornado,576,m,fpar_tuned,fpar,oblivious,-threshold 20750 -disable_hop_rtt_normalization,1.0,100000,1,576,38.0536,29.95587517361108,29.6136,36.4886,38.0536,26.3027,14400,0,0,0,4909,0,0,0,0.0,0.0,0.0,0.0
tornado,576,m,reps_no_partition,reps_dfp,reps,,1.0,100000,1,576,39.7456,31.282964930555586,31.1032,36.9056,39.7456,26.9581,14400,0,0,0,5454,0,0,0,0.0,0.0,0.0,0.0
tornado,576,m,reps_partition,reps_dfp,reps,-reps_partition_entropy -reps_escalate_threshold 0.2 -reps_warmup_explore_rtts 1.0 -reps_explore_prob 40,1.0,100000,1,576,38.5651,31.765814756944465,31.7536,37.4352,38.5651,26.4587,14400,0,0,0,5528,0,0,0,0.0,0.0,0.0,0.0
tornado,576,m,fpar_tuned,fpar,oblivious,-threshold 20750 -disable_hop_rtt_normalization,1.0,100000,2,576,35.7376,29.464001215277783,29.1096,34.9016,35.7376,25.9616,14400,0,0,0,4874,0,0,0,0.0,0.0,0.0,0.0
tornado,576,m,reps_no_partition,reps_dfp,reps,,1.0,100000,2,576,36.085,31.077876736111104,30.9416,35.0856,36.085,27.6358,14400,0,0,0,5379,0,0,0,0.0,0.0,0.0,0.0
tornado,576,m,reps_partition,reps_dfp,reps,-reps_partition_entropy -reps_escalate_threshold 0.2 -reps_warmup_explore_rtts 1.0 -reps_explore_prob 40,1.0,100000,2,576,40.0536,31.753523611111127,31.4336,38.3936,40.0536,26.7907,14400,0,0,0,5575,0,0,0,0.0,0.0,0.0,0.0
tornado,576,m,fpar_tuned,fpar,oblivious,-threshold 20750 -disable_hop_rtt_normalization,1.0,100000,3,576,34.869,29.739542361111123,29.6016,33.713,34.869,26.6278,14400,0,0,0,4890,0,0,0,0.0,0.0,0.0,0.0
tornado,576,m,reps_no_partition,reps_dfp,reps,,1.0,100000,3,576,38.4123,31.378397395833336,31.1038,37.4163,38.4123,27.7803,14400,0,0,0,5451,0,0,0,0.0,0.0,0.0,0.0
tornado,576,m,reps_partition,reps_dfp,reps,-reps_partition_entropy -reps_escalate_threshold 0.2 -reps_warmup_explore_rtts 1.0 -reps_explore_prob 40,1.0,100000,3,576,38.2336,31.654497222222215,31.4478,37.2496,38.2336,26.9467,14400,0,0,0,5535,0,0,0,0.0,0.0,0.0,0.0
tornado,576,m,fpar_tuned,fpar,oblivious,-threshold 20750 -disable_hop_rtt_normalization,1.0,100000,4,576,37.0946,29.84195086805553,29.6136,35.3936,37.0946,25.9616,14400,0,0,0,4912,0,0,0,0.0,0.0,0.0,0.0
tornado,576,m,reps_no_partition,reps_dfp,reps,,1.0,100000,4,576,37.4096,31.456690798611117,31.2707,36.2387,37.4096,27.4957,14400,0,0,0,5484,0,0,0,0.0,0.0,0.0,0.0
tornado,576,m,reps_partition,reps_dfp,reps,-reps_partition_entropy -reps_escalate_threshold 0.2 -reps_warmup_explore_rtts 1.0 -reps_explore_prob 40,1.0,100000,4,576,37.5696,31.83605052083334,31.7696,36.4107,37.5696,27.2947,14400,0,0,0,5580,0,0,0,0.0,0.0,0.0,0.0
tornado,576,m,fpar_tuned,fpar,oblivious,-threshold 20750 -disable_hop_rtt_normalization,1.0,100000,5,576,36.0696,29.64686909722223,29.2816,35.5758,36.0696,26.2816,14400,0,0,0,4870,0,0,0,0.0,0.0,0.0,0.0
tornado,576,m,reps_no_partition,reps_dfp,reps,,1.0,100000,5,576,36.9755,31.460586111111112,31.2488,36.4443,36.9755,26.9576,14400,0,0,0,5426,0,0,0,0.0,0.0,0.0,0.0
tornado,576,m,reps_partition,reps_dfp,reps,-reps_partition_entropy -reps_escalate_threshold 0.2 -reps_warmup_explore_rtts 1.0 -reps_explore_prob 40,1.0,100000,5,576,41.3816,31.941134722222234,31.591,39.7216,41.3816,27.4478,14400,0,0,0,5587,0,0,0,0.0,0.0,0.0,0.0
tornado,576,m,fpar_tuned,fpar,oblivious,-threshold 20750 -disable_hop_rtt_normalization,1.0,500000,1,576,155.654,89.73250486111107,88.1394,115.846,155.654,74.3443,70848,8653,0,0,40158,8653,0,0,12.213471093044264,0.0,12.213471093044264,0.0
tornado,576,m,reps_no_partition,reps_dfp,reps,,1.0,500000,1,576,107.292,97.96164895833334,97.9968,103.702,107.292,91.0898,70848,1598,0,0,58598,1598,0,0,2.2555329719963866,0.0,2.2555329719963866,0.0
tornado,576,m,reps_partition,reps_dfp,reps,-reps_partition_entropy -reps_escalate_threshold 0.2 -reps_warmup_explore_rtts 1.0 -reps_explore_prob 40,1.0,500000,1,576,103.98,94.44849114583334,94.3627,103.062,103.98,82.7336,70848,7559,0,0,53535,7559,0,0,10.669320234869016,0.0,10.669320234869016,0.0
tornado,576,m,fpar_tuned,fpar,oblivious,-threshold 20750 -disable_hop_rtt_normalization,1.0,500000,2,576,112.188,88.58042500000005,88.1165,108.384,112.188,75.825,70848,8454,0,0,39669,8454,0,0,11.932588075880759,0.0,11.932588075880759,0.0
tornado,576,m,reps_no_partition,reps_dfp,reps,,1.0,500000,2,576,106.531,97.46219496527779,97.3958,104.871,106.531,90.715,70848,1617,0,0,58239,1617,0,0,2.2823509485094853,0.0,2.2823509485094853,0.0
tornado,576,m,reps_partition,reps_dfp,reps,-reps_partition_entropy -reps_escalate_threshold 0.2 -reps_warmup_explore_rtts 1.0 -reps_explore_prob 40,1.0,500000,2,576,104.391,95.01893437500001,94.8626,102.616,104.391,84.5819,70848,7475,0,0,53590,7475,0,0,10.550756549232158,0.0,10.550756549232158,0.0
tornado,576,m,fpar_tuned,fpar,oblivious,-threshold 20750 -disable_hop_rtt_normalization,1.0,500000,3,576,110.924,88.3810928819444,87.9344,104.467,110.924,72.3942,70848,8453,0,0,39521,8453,0,0,11.931176603432702,0.0,11.931176603432702,0.0
tornado,576,m,reps_no_partition,reps_dfp,reps,,1.0,500000,3,576,104.198,97.61162430555552,97.6034,103.009,104.198,88.1595,70848,1594,0,0,58305,1594,0,0,2.2498870822041552,0.0,2.2498870822041552,0.0
tornado,576,m,reps_partition,reps_dfp,reps,-reps_partition_entropy -reps_escalate_threshold 0.2 -reps_warmup_explore_rtts 1.0 -reps_explore_prob 40,1.0,500000,3,576,104.817,94.66121684027775,94.6106,103.821,104.817,82.9446,70848,7448,0,0,53690,7448,0,0,10.512646793134598,0.0,10.512646793134598,0.0
tornado,576,m,fpar_tuned,fpar,oblivious,-threshold 20750 -disable_hop_rtt_normalization,1.0,500000,4,576,117.493,88.49713854166666,87.577,113.795,117.493,75.2187,70848,8514,0,0,39829,8514,0,0,12.017276422764228,0.0,12.017276422764228,0.0
tornado,576,m,reps_no_partition,reps_dfp,reps,,1.0,500000,4,576,104.8,97.6092289930556,97.673,103.334,104.8,88.439,70848,1757,0,0,58210,1757,0,0,2.479957091237579,0.0,2.479957091237579,0.0
tornado,576,m,reps_partition,reps_dfp,reps,-reps_partition_entropy -reps_escalate_threshold 0.2 -reps_warmup_explore_rtts 1.0 -reps_explore_prob 40,1.0,500000,4,576,104.797,95.23211684027781,95.0795,103.801,104.797,86.0234,70848,7287,0,0,54223,7287,0,0,10.28539972899729,0.0,10.28539972899729,0.0
tornado,576,m,fpar_tuned,fpar,oblivious,-threshold 20750 -disable_hop_rtt_normalization,1.0,500000,5,576,110.785,88.76702135416664,88.0661,105.269,110.785,73.4125,70848,8406,0,0,40045,8406,0,0,11.864837398373984,0.0,11.864837398373984,0.0
tornado,576,m,reps_no_partition,reps_dfp,reps,,1.0,500000,5,576,103.622,97.63845347222227,97.7358,102.596,103.622,87.8094,70848,1820,0,0,57938,1820,0,0,2.5688798554652212,0.0,2.5688798554652212,0.0
tornado,576,m,reps_partition,reps_dfp,reps,-reps_partition_entropy -reps_escalate_threshold 0.2 -reps_warmup_explore_rtts 1.0 -reps_explore_prob 40,1.0,500000,5,576,104.806,95.12481163194451,94.9382,103.105,104.806,83.2314,70848,7426,0,0,54137,7426,0,0,10.481594399277325,0.0,10.481594399277325,0.0
tornado,576,m,fpar_tuned,fpar,oblivious,-threshold 20750 -disable_hop_rtt_normalization,1.0,2000000,1,576,853.219,317.9427170138887,293.898,648.005,853.219,217.153,282240,13633,0,0,156424,13633,0,0,4.830286281179139,0.0,4.830286281179139,0.0
tornado,576,m,reps_no_partition,reps_dfp,reps,,1.0,2000000,1,576,483.592,339.4300503472222,340.569,466.013,483.592,246.95,282240,2056,0,0,175205,2056,0,0,0.7284580498866213,0.0,0.7284580498866213,0.0
tornado,576,m,reps_partition,reps_dfp,reps,-reps_partition_entropy -reps_escalate_threshold 0.2 -reps_warmup_explore_rtts 1.0 -reps_explore_prob 40,1.0,2000000,1,576,503.868,322.05723090277763,311.479,443.513,503.868,242.859,282240,7988,0,0,195572,7988,0,0,2.8302154195011338,0.0,2.8302154195011338,0.0
tornado,576,m,fpar_tuned,fpar,oblivious,-threshold 20750 -disable_hop_rtt_normalization,1.0,2000000,2,576,531.597,307.30375694444433,291.118,483.749,531.597,221.288,282240,14270,0,0,150312,14270,0,0,5.0559807256235825,0.0,5.0559807256235825,0.0
tornado,576,m,reps_no_partition,reps_dfp,reps,,1.0,2000000,2,576,468.291,337.54274479166634,336.723,442.012,468.291,239.22,282240,2061,0,0,175847,2061,0,0,0.7302295918367347,0.0,0.7302295918367347,0.0
tornado,576,m,reps_partition,reps_dfp,reps,-reps_partition_entropy -reps_escalate_threshold 0.2 -reps_warmup_explore_rtts 1.0 -reps_explore_prob 40,1.0,2000000,2,576,464.585,321.91124826388904,314.444,434.771,464.585,254.827,282240,7772,0,0,194719,7772,0,0,2.753684807256236,0.0,2.753684807256236,0.0
tornado,576,m,fpar_tuned,fpar,oblivious,-threshold 20750 -disable_hop_rtt_normalization,1.0,2000000,3,576,483.115,308.4795711805554,292.814,469.469,483.115,214.515,282240,13907,0,0,152191,13907,0,0,4.927366780045351,0.0,4.927366780045351,0.0
tornado,576,m,reps_no_partition,reps_dfp,reps,,1.0,2000000,3,576,464.93,337.22377083333305,335.459,448.856,464.93,230.253,282240,2004,0,0,177070,2004,0,0,0.7100340136054422,0.0,0.7100340136054422,0.0
tornado,576,m,reps_partition,reps_dfp,reps,-reps_partition_entropy -reps_escalate_threshold 0.2 -reps_warmup_explore_rtts 1.0 -reps_explore_prob 40,1.0,2000000,3,576,486.912,321.7868368055553,313.033,441.772,486.912,253.171,282240,7960,0,0,192682,7960,0,0,2.820294784580499,0.0,2.820294784580499,0.0
tornado,576,m,fpar_tuned,fpar,oblivious,-threshold 20750 -disable_hop_rtt_normalization,1.0,2000000,4,576,662.875,310.1107934027775,291.085,531.675,662.875,226.175,282240,13910,0,0,153767,13910,0,0,4.92842970521542,0.0,4.92842970521542,0.0
tornado,576,m,reps_no_partition,reps_dfp,reps,,1.0,2000000,4,576,472.777,338.43864062499983,336.22,454.264,472.777,238.483,282240,2222,0,0,176185,2222,0,0,0.7872732426303855,0.0,0.7872732426303855,0.0
tornado,576,m,reps_partition,reps_dfp,reps,-reps_partition_entropy -reps_escalate_threshold 0.2 -reps_warmup_explore_rtts 1.0 -reps_explore_prob 40,1.0,2000000,4,576,480.412,322.52087847222225,314.965,441.308,480.412,242.165,282240,7906,0,0,193063,7906,0,0,2.8011621315192743,0.0,2.8011621315192743,0.0
tornado,576,m,fpar_tuned,fpar,oblivious,-threshold 20750 -disable_hop_rtt_normalization,1.0,2000000,5,576,585.576,308.69066319444437,294.5,481.995,585.576,218.319,282240,13722,0,0,152812,13722,0,0,4.861819727891157,0.0,4.861819727891157,0.0
tornado,576,m,reps_no_partition,reps_dfp,reps,,1.0,2000000,5,576,501.405,337.8516284722221,335.235,453.757,501.405,250.485,282240,2301,0,0,175062,2301,0,0,0.8152636054421769,0.0,0.8152636054421769,0.0
tornado,576,m,reps_partition,reps_dfp,reps,-reps_partition_entropy -reps_escalate_threshold 0.2 -reps_warmup_explore_rtts 1.0 -reps_explore_prob 40,1.0,2000000,5,576,488.045,322.73105208333334,316.563,440.463,488.045,249.819,282240,7775,0,0,195772,7775,0,0,2.7547477324263037,0.0,2.7547477324263037,0.0
tornado,576,m,fpar_tuned,fpar,oblivious,-threshold 20750 -disable_hop_rtt_normalization,1.0,10000000,1,576,4369.3,1534.334194444444,1402.39,3827.43,4369.3,978.49,1410048,21808,0,0,750223,21808,0,0,1.5466140159767612,0.0,1.5466140159767612,0.0
tornado,576,m,reps_no_partition,reps_dfp,reps,,1.0,10000000,1,576,2038.49,1537.6413194444453,1530.85,1899.17,2038.49,1107.77,1410048,2263,0,0,891565,2263,0,0,0.16049099037763254,0.0,0.16049099037763254,0.0
tornado,576,m,reps_partition,reps_dfp,reps,-reps_partition_entropy -reps_escalate_threshold 0.2 -reps_warmup_explore_rtts 1.0 -reps_explore_prob 40,1.0,10000000,1,576,2007.97,1501.6673611111096,1495.74,1959.36,2007.97,1129.32,1410048,8409,0,0,918536,8409,0,0,0.5963626770152506,0.0,0.5963626770152506,0.0
tornado,576,m,fpar_tuned,fpar,oblivious,-threshold 20750 -disable_hop_rtt_normalization,1.0,10000000,2,576,2772.37,1450.712777777778,1384.84,2443.66,2772.37,1010.18,1410048,23409,0,0,712001,23409,0,0,1.66015625,0.0,1.66015625,0.0
tornado,576,m,reps_no_partition,reps_dfp,reps,,1.0,10000000,2,576,1934.87,1533.8361458333334,1533.57,1821.79,1934.87,1177.48,1410048,2190,0,0,889329,2190,0,0,0.15531386165577343,0.0,0.15531386165577343,0.0
tornado,576,m,reps_partition,reps_dfp,reps,-reps_partition_entropy -reps_escalate_threshold 0.2 -reps_warmup_explore_rtts 1.0 -reps_explore_prob 40,1.0,10000000,2,576,2118.04,1513.151996527777,1512.22,1967.64,2118.04,1060.5,1410048,8256,0,0,927268,8256,0,0,0.585511982570806,0.0,0.585511982570806,0.0
tornado,576,m,fpar_tuned,fpar,oblivious,-threshold 20750 -disable_hop_rtt_normalization,1.0,10000000,3,576,2524.94,1477.0982413194452,1400.16,2388.6,2524.94,999.687,1410048,24422,0,0,725891,24422,0,0,1.7319977759622367,0.0,1.7319977759622367,0.0
tornado,576,m,reps_no_partition,reps_dfp,reps,,1.0,10000000,3,576,2077.6,1536.4426736111097,1534.09,1872.93,2077.6,1101.46,1410048,2168,0,0,897631,2168,0,0,0.15375363108206244,0.0,0.15375363108206244,0.0
tornado,576,m,reps_partition,reps_dfp,reps,-reps_partition_entropy -reps_escalate_threshold 0.2 -reps_warmup_explore_rtts 1.0 -reps_explore_prob 40,1.0,10000000,3,576,2188.42,1501.989913194445,1498.96,1925.66,2188.42,1075.13,1410048,8460,0,0,917926,8460,0,0,0.5999795751633987,0.0,0.5999795751633987,0.0
tornado,576,m,fpar_tuned,fpar,oblivious,-threshold 20750 -disable_hop_rtt_normalization,1.0,10000000,4,576,3083.33,1491.8572326388894,1402.33,2730.4,3083.33,983.116,1410048,24133,1,0,737262,24132,0,0,1.7115020197893973,7.091957153231663e-05,1.7114311002178648,0.0
tornado,576,m,reps_no_partition,reps_dfp,reps,,1.0,10000000,4,576,2183.16,1536.3932291666652,1534.4,1920.84,2183.16,1153.48,1410048,2347,0,0,892664,2347,0,0,0.16644823438634712,0.0,0.16644823438634712,0.0
tornado,576,m,reps_partition,reps_dfp,reps,-reps_partition_entropy -reps_escalate_threshold 0.2 -reps_warmup_explore_rtts 1.0 -reps_explore_prob 40,1.0,10000000,4,576,2237.92,1508.3014583333338,1510.28,1940.9,2237.92,1099.55,1410048,8482,0,0,916723,8482,0,0,0.6015398057371096,0.0,0.6015398057371096,0.0
tornado,576,m,fpar_tuned,fpar,oblivious,-threshold 20750 -disable_hop_rtt_normalization,1.0,10000000,5,576,2909.6,1475.0416041666672,1412.99,2407.59,2909.6,998.684,1410048,27835,0,0,726398,27835,0,0,1.9740462736020334,0.0,1.9740462736020334,0.0
tornado,576,m,reps_no_partition,reps_dfp,reps,,1.0,10000000,5,576,2034.94,1538.609236111112,1531.4,1840.93,2034.94,1192.27,1410048,2523,0,0,891660,2523,0,0,0.17893007897603486,0.0,0.17893007897603486,0.0
tornado,576,m,reps_partition,reps_dfp,reps,-reps_partition_entropy -reps_escalate_threshold 0.2 -reps_warmup_explore_rtts 1.0 -reps_explore_prob 40,1.0,10000000,5,576,2251.77,1513.4872569444444,1510.3,1963.85,2251.77,1053.22,1410048,8258,0,0,929435,8258,0,0,0.5856538217138707,0.0,0.5856538217138707,0.0
permutation,576,m,fpar_tuned,fpar,oblivious,-threshold 20750 -disable_hop_rtt_normalization,0.6,100000,1,346,25.3266,23.112315895953742,23.1478,24.985,25.3266,20.4776,8650,0,0,0,2664,0,0,0,0.0,0.0,0.0,0.0
permutation,576,m,reps_no_partition,reps_dfp,reps,,0.6,100000,1,346,29.4576,25.14740722543352,24.9816,28.473,29.4576,21.9787,8650,0,0,0,2702,0,0,0,0.0,0.0,0.0,0.0
permutation,576,m,reps_partition,reps_dfp,reps,-reps_partition_entropy -reps_escalate_threshold 0.2 -reps_warmup_explore_rtts 1.0 -reps_explore_prob 70,0.6,100000,1,346,30.1096,25.396759826589573,25.1256,29.1621,30.1096,22.4696,8650,0,0,0,2720,0,0,0,0.0,0.0,0.0,0.0
permutation,576,m,fpar_tuned,fpar,oblivious,-threshold 20750 -disable_hop_rtt_normalization,0.6,100000,2,346,25.9923,23.17388294797686,23.149,25.6416,25.9923,20.8067,8650,0,0,0,2660,0,0,0,0.0,0.0,0.0,0.0
permutation,576,m,reps_no_partition,reps_dfp,reps,,0.6,100000,2,346,30.2656,25.208220809248555,25.2776,28.1461,30.2656,22.817,8650,0,0,0,2701,0,0,0,0.0,0.0,0.0,0.0
permutation,576,m,reps_partition,reps_dfp,reps,-reps_partition_entropy -reps_escalate_threshold 0.2 -reps_warmup_explore_rtts 1.0 -reps_explore_prob 70,0.6,100000,2,346,29.989,25.528595375722546,25.3232,29.325,29.989,22.4776,8650,0,0,0,2724,0,0,0,0.0,0.0,0.0,0.0
permutation,576,m,fpar_tuned,fpar,oblivious,-threshold 20750 -disable_hop_rtt_normalization,0.6,100000,3,346,26.4283,23.176083815028907,23.1541,25.7421,26.4283,21.1467,8650,0,0,0,2654,0,0,0,0.0,0.0,0.0,0.0
permutation,576,m,reps_no_partition,reps_dfp,reps,,0.6,100000,3,346,29.9507,25.412187572254332,25.3027,28.929,29.9507,22.8056,8650,0,0,0,2727,0,0,0,0.0,0.0,0.0,0.0
permutation,576,m,reps_partition,reps_dfp,reps,-reps_partition_entropy -reps_escalate_threshold 0.2 -reps_warmup_explore_rtts 1.0 -reps_explore_prob 70,0.6,100000,3,346,30.9963,25.53214104046244,25.3016,29.4416,30.9963,22.4747,8650,0,0,0,2717,0,0,0,0.0,0.0,0.0,0.0
permutation,576,m,fpar_tuned,fpar,oblivious,-threshold 20750 -disable_hop_rtt_normalization,0.6,100000,4,346,25.3264,23.16036560693642,23.1746,24.9656,25.3264,20.1456,8650,0,0,0,2674,0,0,0,0.0,0.0,0.0,0.0
permutation,576,m,reps_no_partition,reps_dfp,reps,,0.6,100000,4,346,32.9467,25.41164450867051,25.1176,32.0976,32.9467,22.657,8650,0,0,0,2724,0,0,0,0.0,0.0,0.0,0.0
permutation,576,m,reps_partition,reps_dfp,reps,-reps_partition_entropy -reps_escalate_threshold 0.2 -reps_warmup_explore_rtts 1.0 -reps_explore_prob 70,0.6,100000,4,346,30.9627,25.439819075144516,25.2856,29.9901,30.9627,22.489,8650,0,0,0,2725,0,0,0,0.0,0.0,0.0,0.0
permutation,576,m,fpar_tuned,fpar,oblivious,-threshold 20750 -disable_hop_rtt_normalization,0.6,100000,5,346,25.2958,23.15400202312138,23.149,24.9776,25.2958,21.145,8650,0,0,0,2669,0,0,0,0.0,0.0,0.0,0.0
permutation,576,m,reps_no_partition,reps_dfp,reps,,0.6,100000,5,346,30.1216,25.219798843930626,24.9776,28.4296,30.1216,22.1376,8650,0,0,0,2698,0,0,0,0.0,0.0,0.0,0.0
permutation,576,m,reps_partition,reps_dfp,reps,-reps_partition_entropy -reps_escalate_threshold 0.2 -reps_warmup_explore_rtts 1.0 -reps_explore_prob 70,0.6,100000,5,346,34.609,25.682805202312153,25.6278,30.1147,34.609,22.3238,8650,0,0,0,2734,0,0,0,0.0,0.0,0.0,0.0
permutation,576,m,fpar_tuned,fpar,oblivious,-threshold 20750 -disable_hop_rtt_normalization,0.6,500000,1,346,74.3672,61.22897398843926,60.309,73.7032,74.3672,55.9714,42558,97,0,0,13281,97,0,0,0.22792424456036467,0.0,0.22792424456036467,0.0
permutation,576,m,reps_no_partition,reps_dfp,reps,,0.6,500000,1,346,80.0739,69.67846791907515,69.6306,79.0779,80.0739,60.7902,42558,4,0,0,18055,4,0,0,0.009398937920015038,0.0,0.009398937920015038,0.0
permutation,576,m,reps_partition,reps_dfp,reps,-reps_partition_entropy -reps_escalate_threshold 0.2 -reps_warmup_explore_rtts 1.0 -reps_explore_prob 70,0.6,500000,1,346,76.1576,67.9172098265896,68.1296,74.8418,76.1576,59.3062,42558,70,0,0,17828,70,0,0,0.16448141360026317,0.0,0.16448141360026317,0.0
permutation,576,m,fpar_tuned,fpar,oblivious,-threshold 20750 -disable_hop_rtt_normalization,0.6,500000,2,346,70.5923,60.832709537572256,59.887,70.2603,70.5923,55.7122,42558,47,0,0,13120,47,0,0,0.1104375205601767,0.0,0.1104375205601767,0.0
permutation,576,m,reps_no_partition,reps_dfp,reps,,0.6,500000,2,346,77.0643,68.94166329479764,68.8067,76.3883,77.0643,59.845,42558,8,0,0,17755,8,0,0,0.018797875840030075,0.0,0.018797875840030075,0.0
permutation,576,m,reps_partition,reps_dfp,reps,-reps_partition_entropy -reps_escalate_threshold 0.2 -reps_warmup_explore_rtts 1.0 -reps_explore_prob 70,0.6,500000,2,346,78.2162,67.34737947976875,66.6498,76.5522,78.2162,59.5931,42558,55,0,0,17476,55,0,0,0.1292353964002068,0.0,0.1292353964002068,0.0
permutation,576,m,fpar_tuned,fpar,oblivious,-threshold 20750 -disable_hop_rtt_normalization,0.6,500000,3,346,77.9645,60.98056473988436,59.7174,76.9976,77.9645,55.3546,42558,195,0,0,13161,195,0,0,0.4581982236007331,0.0,0.4581982236007331,0.0
permutation,576,m,reps_no_partition,reps_dfp,reps,,0.6,500000,3,346,79.6691,70.34547572254336,70.0598,78.6731,79.6691,59.6194,42558,24,0,0,18292,24,0,0,0.05639362752009023,0.0,0.05639362752009023,0.0
permutation,576,m,reps_partition,reps_dfp,reps,-reps_partition_entropy -reps_escalate_threshold 0.2 -reps_warmup_explore_rtts 1.0 -reps_explore_prob 70,0.6,500000,3,346,78.7598,68.54248843930635,68.8547,77.4318,78.7598,56.3072,42558,47,0,0,17932,47,0,0,0.1104375205601767,0.0,0.1104375205601767,0.0
permutation,576,m,fpar_tuned,fpar,oblivious,-threshold 20750 -disable_hop_rtt_normalization,0.6,500000,4,346,75.976,62.02330433526012,60.7472,73.5723,75.976,56.0237,42558,66,0,0,13345,66,0,0,0.15508247568024813,0.0,0.15508247568024813,0.0
permutation,576,m,reps_no_partition,reps_dfp,reps,,0.6,500000,4,346,78.4859,69.36876127167635,69.4397,77.1568,78.4859,60.2834,42558,12,0,0,17957,12,0,0,0.028196813760045115,0.0,0.028196813760045115,0.0
permutation,576,m,reps_partition,reps_dfp,reps,-reps_partition_entropy -reps_escalate_threshold 0.2 -reps_warmup_explore_rtts 1.0 -reps_explore_prob 70,0.6,500000,4,346,80.7595,67.61775289017346,67.9378,74.8774,80.7595,58.1736,42558,40,0,0,17529,40,0,0,0.09398937920015038,0.0,0.09398937920015038,0.0
permutation,576,m,fpar_tuned,fpar,oblivious,-threshold 20750 -disable_hop_rtt_normalization,0.6,500000,5,346,73.823,61.93870780346823,60.4326,73.3266,73.823,55.9714,42558,130,0,0,13420,130,0,0,0.30546548240048876,0.0,0.30546548240048876,0.0
permutation,576,m,reps_no_partition,reps_dfp,reps,,0.6,500000,5,346,78.461,69.79217052023122,69.8016,76.7682,78.461,61.1616,42558,20,0,0,18415,20,0,0,0.04699468960007519,0.0,0.04699468960007519,0.0
permutation,576,m,reps_partition,reps_dfp,reps,-reps_partition_entropy -reps_escalate_threshold 0.2 -reps_warmup_explore_rtts 1.0 -reps_explore_prob 70,0.6,500000,5,346,78.0109,68.75270231213875,69.3056,77.0149,78.0109,57.4307,42558,98,0,0,17917,98,0,0,0.23027397904036845,0.0,0.23027397904036845,0.0
permutation,576,m,fpar_tuned,fpar,oblivious,-threshold 20750 -disable_hop_rtt_normalization,0.6,2000000,1,346,271.563,197.14435549132935,195.814,248.28,271.563,179.466,169540,286,0,0,57121,286,0,0,0.16869175415831072,0.0,0.16869175415831072,0.0
permutation,576,m,reps_no_partition,reps_dfp,reps,,0.6,2000000,1,346,255.693,219.0493121387283,217.895,251.369,255.693,193.934,169540,203,0,0,83762,203,0,0,0.11973575557390587,0.0,0.11973575557390587,0.0
permutation,576,m,reps_partition,reps_dfp,reps,-reps_partition_entropy -reps_escalate_threshold 0.2 -reps_warmup_explore_rtts 1.0 -reps_explore_prob 70,0.6,2000000,1,346,278.107,219.5871069364161,218.069,257.356,278.107,193.872,169540,377,0,0,85293,377,0,0,0.2223664032086823,0.0,0.2223664032086823,0.0
permutation,576,m,fpar_tuned,fpar,oblivious,-threshold 20750 -disable_hop_rtt_normalization,0.6,2000000,2,346,241.75,195.7577947976879,194.446,221.136,241.75,182.941,169540,135,0,0,56755,135,0,0,0.07962722661318863,0.0,0.07962722661318863,0.0
permutation,576,m,reps_no_partition,reps_dfp,reps,,0.6,2000000,2,346,292.649,218.5856820809247,218.166,242.131,292.649,199.621,169540,244,0,0,82568,244,0,0,0.14391883921198537,0.0,0.14391883921198537,0.0
permutation,576,m,reps_partition,reps_dfp,reps,-reps_partition_entropy -reps_escalate_threshold 0.2 -reps_warmup_explore_rtts 1.0 -reps_explore_prob 70,0.6,2000000,2,346,255.641,219.56469075144514,218.698,249.837,255.641,197.839,169540,529,0,0,84317,529,0,0,0.31202076206205026,0.0,0.31202076206205026,0.0
permutation,576,m,fpar_tuned,fpar,oblivious,-threshold 20750 -disable_hop_rtt_normalization,0.6,2000000,3,346,290.767,197.7437138728325,193.442,278.14,290.767,179.421,169540,589,0,0,57186,589,0,0,0.34741064055680076,0.0,0.34741064055680076,0.0
permutation,576,m,reps_no_partition,reps_dfp,reps,,0.6,2000000,3,346,309.536,221.11193930635844,220.524,265.25,309.536,186.7,169540,259,0,0,84516,259,0,0,0.152766308835673,0.0,0.152766308835673,0.0
permutation,576,m,reps_partition,reps_dfp,reps,-reps_partition_entropy -reps_escalate_threshold 0.2 -reps_warmup_explore_rtts 1.0 -reps_explore_prob 70,0.6,2000000,3,346,270.978,220.52389595375718,219.943,261.172,270.978,186.711,169540,580,0,0,83989,580,0,0,0.3421021587825882,0.0,0.3421021587825882,0.0
permutation,576,m,fpar_tuned,fpar,oblivious,-threshold 20750 -disable_hop_rtt_normalization,0.6,2000000,4,346,251.792,197.35667341040454,195.869,238.705,251.792,182.298,169540,299,0,0,57456,299,0,0,0.17635956116550666,0.0,0.17635956116550666,0.0
permutation,576,m,reps_no_partition,reps_dfp,reps,,0.6,2000000,4,346,256.037,219.40113005780358,219.656,245.172,256.037,196.252,169540,280,0,0,83031,280,0,0,0.16515276630883569,0.0,0.16515276630883569,0.0
permutation,576,m,reps_partition,reps_dfp,reps,-reps_partition_entropy -reps_escalate_threshold 0.2 -reps_warmup_explore_rtts 1.0 -reps_explore_prob 70,0.6,2000000,4,346,300.523,220.45470231213892,218.832,279.823,300.523,194.275,169540,507,0,0,83558,507,0,0,0.2990444732806417,0.0,0.2990444732806417,0.0
permutation,576,m,fpar_tuned,fpar,oblivious,-threshold 20750 -disable_hop_rtt_normalization,0.6,2000000,5,346,266.576,198.61230057803465,195.248,261.702,266.576,182.179,169540,444,0,0,57934,444,0,0,0.2618851008611537,0.0,0.2618851008611537,0.0
permutation,576,m,reps_no_partition,reps_dfp,reps,,0.6,2000000,5,346,262.23,220.961161849711,220.676,260.327,262.23,192.6,169540,297,0,0,85505,297,0,0,0.17517989854901497,0.0,0.17517989854901497,0.0
permutation,576,m,reps_partition,reps_dfp,reps,-reps_partition_entropy -reps_escalate_threshold 0.2 -reps_warmup_explore_rtts 1.0 -reps_explore_prob 70,0.6,2000000,5,346,307.746,220.50911560693632,219.412,264.244,307.746,190.304,169540,644,0,0,84996,644,0,0,0.37985136251032203,0.0,0.37985136251032203,0.0
permutation,576,m,fpar_tuned,fpar,oblivious,-threshold 20750 -disable_hop_rtt_normalization,0.6,10000000,1,346,1302.64,921.9475780346818,915.562,1132.3,1302.64,838.4,847008,581,0,0,286884,581,0,0,0.06859439344138427,0.0,0.06859439344138427,0.0
permutation,576,m,reps_no_partition,reps_dfp,reps,,0.6,10000000,1,346,1248.28,1018.316132947977,995.767,1220.52,1248.28,893.168,847008,601,0,0,393047,601,0,0,0.07095564622766255,0.0,0.07095564622766255,0.0
permutation,576,m,reps_partition,reps_dfp,reps,-reps_partition_entropy -reps_escalate_threshold 0.2 -reps_warmup_explore_rtts 1.0 -reps_explore_prob 70,0.6,10000000,1,346,1381.97,1033.7641271676302,1003.49,1319.21,1381.97,885.837,847008,671,0,0,395342,671,0,0,0.07922003097963655,0.0,0.07922003097963655,0.0
permutation,576,m,fpar_tuned,fpar,oblivious,-threshold 20750 -disable_hop_rtt_normalization,0.6,10000000,2,346,1264.43,915.2901300578027,907.324,1105.16,1264.43,849.041,847008,296,0,0,284173,296,0,0,0.03494654123691866,0.0,0.03494654123691866,0.0
permutation,576,m,reps_no_partition,reps_dfp,reps,,0.6,10000000,2,346,1549.18,1017.2363381502889,1001.25,1287.87,1549.18,930.482,847008,688,0,0,392419,688,0,0,0.0812270958479731,0.0,0.0812270958479731,0.0
permutation,576,m,reps_partition,reps_dfp,reps,-reps_partition_entropy -reps_escalate_threshold 0.2 -reps_warmup_explore_rtts 1.0 -reps_explore_prob 70,0.6,10000000,2,346,1338.45,1033.3912080924852,1007.87,1300.66,1338.45,903.755,847008,882,0,0,395785,882,0,0,0.10413124787487249,0.0,0.10413124787487249,0.0
permutation,576,m,fpar_tuned,fpar,oblivious,-threshold 20750 -disable_hop_rtt_normalization,0.6,10000000,3,346,1480.69,924.4153410404621,901.627,1333.92,1480.69,834.313,847008,1105,0,0,287698,1105,0,0,0.13045921644187541,0.0,0.13045921644187541,0.0
permutation,576,m,reps_no_partition,reps_dfp,reps,,0.6,10000000,3,346,1380.48,1023.8970086705203,1003.31,1287.28,1380.48,871.872,847008,547,0,0,394232,547,0,0,0.06458026370471118,0.0,0.06458026370471118,0.0
permutation,576,m,reps_partition,reps_dfp,reps,-reps_partition_entropy -reps_escalate_threshold 0.2 -reps_warmup_explore_rtts 1.0 -reps_explore_prob 70,0.6,10000000,3,346,1492.68,1034.225098265895,1001.53,1291.64,1492.68,865.986,847008,1204,0,0,382033,1204,0,0,0.14214741773395292,0.0,0.14214741773395292,0.0
permutation,576,m,fpar_tuned,fpar,oblivious,-threshold 20750 -disable_hop_rtt_normalization,0.6,10000000,4,346,1135.7,918.7772023121391,911.9,1050.6,1135.7,847.645,847008,486,0,0,285459,486,0,0,0.057378442706562394,0.0,0.057378442706562394,0.0
permutation,576,m,reps_no_partition,reps_dfp,reps,,0.6,10000000,4,346,1322.84,1019.4091069364156,999.878,1313.72,1322.84,900.125,847008,710,0,0,393497,710,0,0,0.08382447391287921,0.0,0.08382447391287921,0.0
permutation,576,m,reps_partition,reps_dfp,reps,-reps_partition_entropy -reps_escalate_threshold 0.2 -reps_warmup_explore_rtts 1.0 -reps_explore_prob 70,0.6,10000000,4,346,1403.36,1038.8756156069367,1004.07,1355.88,1403.36,886.371,847008,1157,0,0,387039,1157,0,0,0.13659847368619896,0.0,0.13659847368619896,0.0
permutation,576,m,fpar_tuned,fpar,oblivious,-threshold 20750 -disable_hop_rtt_normalization,0.6,10000000,5,346,1275.14,927.8703641618497,907.499,1251.82,1275.14,845.418,847008,760,0,0,290694,760,0,0,0.08972760587857494,0.0,0.08972760587857494,0.0
permutation,576,m,reps_no_partition,reps_dfp,reps,,0.6,10000000,5,346,1379.11,1021.2612716763007,1001.51,1254.51,1379.11,887.771,847008,650,0,0,394420,650,0,0,0.07674071555404435,0.0,0.07674071555404435,0.0
permutation,576,m,reps_partition,reps_dfp,reps,-reps_partition_entropy -reps_escalate_threshold 0.2 -reps_warmup_explore_rtts 1.0 -reps_explore_prob 70,0.6,10000000,5,346,1412.68,1038.107205202313,1010.0,1343.36,1412.68,856.33,847008,1420,0,0,389580,1420,0,0,0.16764894782575843,0.0,0.16764894782575843,0.0
permutation,576,m,fpar_tuned,fpar,oblivious,-threshold 20750 -disable_hop_rtt_normalization,0.7,100000,1,403,26.1376,24.007819851116626,23.9901,25.6472,26.1376,21.4838,10075,0,0,0,3119,0,0,0,0.0,0.0,0.0,0.0
permutation,576,m,reps_no_partition,reps_dfp,reps,,0.7,100000,1,403,30.2987,26.480700992555814,26.3448,29.4416,30.2987,23.6176,10075,0,0,0,3227,0,0,0,0.0,0.0,0.0,0.0
permutation,576,m,reps_partition,reps_dfp,reps,-reps_partition_entropy -reps_escalate_threshold 0.2 -reps_warmup_explore_rtts 1.0 -reps_explore_prob 70,0.7,100000,1,403,33.945,26.84610347394539,26.6176,30.7787,33.945,23.4747,10075,0,0,0,3247,0,0,0,0.0,0.0,0.0,0.0
permutation,576,m,fpar_tuned,fpar,oblivious,-threshold 20750 -disable_hop_rtt_normalization,0.7,100000,2,403,25.9736,23.99328511166254,23.9901,25.3283,25.9736,22.1376,10075,0,0,0,3102,0,0,0,0.0,0.0,0.0,0.0
permutation,576,m,reps_no_partition,reps_dfp,reps,,0.7,100000,2,403,31.5718,26.798314640198537,26.6427,30.5896,31.5718,23.3261,10075,0,0,0,3244,0,0,0,0.0,0.0,0.0,0.0
permutation,576,m,reps_partition,reps_dfp,reps,-reps_partition_entropy -reps_escalate_threshold 0.2 -reps_warmup_explore_rtts 1.0 -reps_explore_prob 70,0.7,100000,2,403,31.2616,26.578071712158813,26.3158,30.3219,31.2616,23.6154,10075,0,0,0,3247,0,0,0,0.0,0.0,0.0,0.0
permutation,576,m,fpar_tuned,fpar,oblivious,-threshold 20750 -disable_hop_rtt_normalization,0.7,100000,3,403,26.7552,24.106267741935483,24.1318,26.1762,26.7552,21.9776,10075,0,0,0,3119,0,0,0,0.0,0.0,0.0,0.0
permutation,576,m,reps_no_partition,reps_dfp,reps,,0.7,100000,3,403,31.2856,26.441036228287857,26.3027,29.9547,31.2856,23.4758,10075,0,0,0,3227,0,0,0,0.0,0.0,0.0,0.0
permutation,576,m,reps_partition,reps_dfp,reps,-reps_partition_entropy -reps_escalate_threshold 0.2 -reps_warmup_explore_rtts 1.0 -reps_explore_prob 70,0.7,100000,3,403,32.4654,26.982483622828756,26.6666,31.7894,32.4654,22.6456,10075,0,0,0,3265,0,0,0,0.0,0.0,0.0,0.0
permutation,576,m,fpar_tuned,fpar,oblivious,-threshold 20750 -disable_hop_rtt_normalization,0.7,100000,4,403,26.4656,24.044397518610403,24.1296,25.9616,26.4656,21.489,10075,0,0,0,3102,0,0,0,0.0,0.0,0.0,0.0
permutation,576,m,reps_no_partition,reps_dfp,reps,,0.7,100000,4,403,32.1096,26.597017121588106,26.3118,31.4427,32.1096,23.4656,10075,0,0,0,3223,0,0,0,0.0,0.0,0.0,0.0
permutation,576,m,reps_partition,reps_dfp,reps,-reps_partition_entropy -reps_escalate_threshold 0.2 -reps_warmup_explore_rtts 1.0 -reps_explore_prob 70,0.7,100000,4,403,32.0976,27.09007047146404,26.9456,31.453,32.0976,23.6307,10075,0,0,0,3290,0,0,0,0.0,0.0,0.0,0.0
permutation,576,m,fpar_tuned,fpar,oblivious,-threshold 20750 -disable_hop_rtt_normalization,0.7,100000,5,403,25.8056,23.995217617865997,23.9816,25.4934,25.8056,21.6627,10075,0,0,0,3120,0,0,0,0.0,0.0,0.0,0.0
permutation,576,m,reps_no_partition,reps_dfp,reps,,0.7,100000,5,403,31.1032,26.5385042183623,26.3123,29.6256,31.1032,23.4798,10075,0,0,0,3245,0,0,0,0.0,0.0,0.0,0.0
permutation,576,m,reps_partition,reps_dfp,reps,-reps_partition_entropy -reps_escalate_threshold 0.2 -reps_warmup_explore_rtts 1.0 -reps_explore_prob 70,0.7,100000,5,403,32.3021,26.782272456575672,26.6478,30.637,32.3021,23.3107,10075,0,0,0,3245,0,0,0,0.0,0.0,0.0,0.0
permutation,576,m,fpar_tuned,fpar,oblivious,-threshold 20750 -disable_hop_rtt_normalization,0.7,500000,1,403,78.4507,69.06277543424315,68.6683,77.7546,78.4507,58.6725,49569,366,0,0,17714,366,0,0,0.738364703746293,0.0,0.738364703746293,0.0
permutation,576,m,reps_no_partition,reps_dfp,reps,,0.7,500000,1,403,86.1794,76.94047419354841,77.0358,85.0576,86.1794,67.461,49569,102,0,0,26991,102,0,0,0.2057737698965079,0.0,0.2057737698965079,0.0
permutation,576,m,reps_partition,reps_dfp,reps,-reps_partition_entropy -reps_escalate_threshold 0.2 -reps_warmup_explore_rtts 1.0 -reps_explore_prob 70,0.7,500000,1,403,82.2584,73.895323325062,73.9102,81.6325,82.2584,63.5154,49569,388,0,0,25577,388,0,0,0.7827472815671085,0.0,0.7827472815671085,0.0
permutation,576,m,fpar_tuned,fpar,oblivious,-threshold 20750 -disable_hop_rtt_normalization,0.7,500000,2,403,77.9264,68.778240942928,69.0354,77.2946,77.9264,59.3693,49569,260,0,0,17794,260,0,0,0.5245213742460005,0.0,0.5245213742460005,0.0
permutation,576,m,reps_no_partition,reps_dfp,reps,,0.7,500000,2,403,82.9712,76.39437791563279,76.5587,82.2056,82.9712,65.7651,49569,158,0,0,27417,158,0,0,0.3187476043494926,0.0,0.3187476043494926,0.0
permutation,576,m,reps_partition,reps_dfp,reps,-reps_partition_entropy -reps_escalate_threshold 0.2 -reps_warmup_explore_rtts 1.0 -reps_explore_prob 70,0.7,500000,2,403,86.3915,73.26240769230778,73.2411,81.824,86.3915,64.8963,49569,229,0,0,25458,229,0,0,0.4619822873166697,0.0,0.4619822873166697,0.0
permutation,576,m,fpar_tuned,fpar,oblivious,-threshold 20750 -disable_hop_rtt_normalization,0.7,500000,3,403,82.4392,69.00200669975183,68.4749,79.4973,82.4392,57.6274,49569,580,0,0,18137,580,0,0,1.1700861425487703,0.0,1.1700861425487703,0.0
permutation,576,m,reps_no_partition,reps_dfp,reps,,0.7,500000,3,403,86.3365,77.29448436724566,77.4216,83.7851,86.3365,66.8469,49569,165,0,0,27693,165,0,0,0.3328693336561157,0.0,0.3328693336561157,0.0
permutation,576,m,reps_partition,reps_dfp,reps,-reps_partition_entropy -reps_escalate_threshold 0.2 -reps_warmup_explore_rtts 1.0 -reps_explore_prob 70,0.7,500000,3,403,82.237,74.08208188585607,74.4456,80.7416,82.237,63.4309,49569,385,0,0,25777,385,0,0,0.77669511186427,0.0,0.77669511186427,0.0
permutation,576,m,fpar_tuned,fpar,oblivious,-threshold 20750 -disable_hop_rtt_normalization,0.7,500000,4,403,79.4299,69.01966004962777,69.7931,78.1019,79.4299,58.8136,49569,182,0,0,17912,182,0,0,0.3671649619722004,0.0,0.3671649619722004,0.0
permutation,576,m,reps_no_partition,reps_dfp,reps,,0.7,500000,4,403,90.1429,77.16213821339954,76.6501,89.0211,90.1429,67.7571,49569,139,0,0,27410,139,0,0,0.2804171962315157,0.0,0.2804171962315157,0.0
permutation,576,m,reps_partition,reps_dfp,reps,-reps_partition_entropy -reps_escalate_threshold 0.2 -reps_warmup_explore_rtts 1.0 -reps_explore_prob 70,0.7,500000,4,403,87.3074,73.51737890818863,73.2723,85.3154,87.3074,63.5056,49569,207,0,0,25427,207,0,0,0.4175997094958543,0.0,0.4175997094958543,0.0
permutation,576,m,fpar_tuned,fpar,oblivious,-threshold 20750 -disable_hop_rtt_normalization,0.7,500000,5,403,78.8622,68.80549503722082,68.3333,77.8662,78.8622,60.233,49569,297,0,0,17843,297,0,0,0.5991648005810083,0.0,0.5991648005810083,0.0
permutation,576,m,reps_no_partition,reps_dfp,reps,,0.7,500000,5,403,84.6952,76.8581833746898,77.109,83.8027,84.6952,68.1304,49569,127,0,0,27407,127,0,0,0.2562085174201618,0.0,0.2562085174201618,0.0
permutation,576,m,reps_partition,reps_dfp,reps,-reps_partition_entropy -reps_escalate_threshold 0.2 -reps_warmup_explore_rtts 1.0 -reps_explore_prob 70,0.7,500000,5,403,83.2466,73.58843697270477,73.465,81.307,83.2466,64.5038,49569,285,0,0,25654,285,0,0,0.5749561217696544,0.0,0.5749561217696544,0.0
permutation,576,m,fpar_tuned,fpar,oblivious,-threshold 20750 -disable_hop_rtt_normalization,0.7,2000000,1,403,311.233,218.37084367245654,214.629,285.241,311.233,194.608,197470,1420,0,0,75749,1420,0,0,0.7190965716311338,0.0,0.7190965716311338,0.0
permutation,576,m,reps_no_partition,reps_dfp,reps,,0.7,2000000,1,403,352.847,242.1162009925557,235.906,317.681,352.847,206.87,197470,533,0,0,116700,533,0,0,0.26991441737985516,0.0,0.26991441737985516,0.0
permutation,576,m,reps_partition,reps_dfp,reps,-reps_partition_entropy -reps_escalate_threshold 0.2 -reps_warmup_explore_rtts 1.0 -reps_explore_prob 70,0.7,2000000,1,403,334.229,242.87780397022334,235.903,321.585,334.229,205.276,197470,964,0,0,115366,964,0,0,0.4881754190509951,0.0,0.4881754190509951,0.0
permutation,576,m,fpar_tuned,fpar,oblivious,-threshold 20750 -disable_hop_rtt_normalization,0.7,2000000,2,403,349.42,220.10602481389557,213.98,304.276,349.42,196.855,197470,1574,0,0,77176,1574,0,0,0.7970831012305667,0.0,0.7970831012305667,0.0
permutation,576,m,reps_no_partition,reps_dfp,reps,,0.7,2000000,2,403,352.803,242.99454590570735,236.59,312.734,352.803,211.056,197470,621,0,0,116602,621,0,0,0.31447814857953105,0.0,0.31447814857953105,0.0
permutation,576,m,reps_partition,reps_dfp,reps,-reps_partition_entropy -reps_escalate_threshold 0.2 -reps_warmup_explore_rtts 1.0 -reps_explore_prob 70,0.7,2000000,2,403,346.464,242.06213151364756,235.633,323.917,346.464,207.935,197470,757,0,0,117303,757,0,0,0.38334936952448473,0.0,0.38334936952448473,0.0
permutation,576,m,fpar_tuned,fpar,oblivious,-threshold 20750 -disable_hop_rtt_normalization,0.7,2000000,3,403,341.49,220.61233002481382,211.71,322.873,341.49,188.777,197470,1984,0,0,76463,1984,0,0,1.0047095761381475,0.0,1.0047095761381475,0.0
permutation,576,m,reps_no_partition,reps_dfp,reps,,0.7,2000000,3,403,345.151,244.21738709677405,235.022,331.261,345.151,207.916,197470,540,0,0,116539,540,0,0,0.27345925963437484,0.0,0.27345925963437484,0.0
permutation,576,m,reps_partition,reps_dfp,reps,-reps_partition_entropy -reps_escalate_threshold 0.2 -reps_warmup_explore_rtts 1.0 -reps_explore_prob 70,0.7,2000000,3,403,356.091,243.4381464019852,236.369,339.663,356.091,206.51,197470,1043,0,0,114570,1043,0,0,0.5281814959234314,0.0,0.5281814959234314,0.0
permutation,576,m,fpar_tuned,fpar,oblivious,-threshold 20750 -disable_hop_rtt_normalization,0.7,2000000,4,403,346.176,220.27419106699762,215.771,318.232,346.176,191.835,197470,1371,0,0,76697,1371,0,0,0.6942826758494961,0.0,0.6942826758494961,0.0
permutation,576,m,reps_no_partition,reps_dfp,reps,,0.7,2000000,4,403,363.322,244.6998759305211,235.999,347.139,363.322,212.875,197470,737,0,0,114987,737,0,0,0.3732212487972857,0.0,0.3732212487972857,0.0
permutation,576,m,reps_partition,reps_dfp,reps,-reps_partition_entropy -reps_escalate_threshold 0.2 -reps_warmup_explore_rtts 1.0 -reps_explore_prob 70,0.7,2000000,4,403,376.452,244.22946401985115,235.176,342.215,376.452,208.177,197470,1127,0,0,114415,1127,0,0,0.5707196029776674,0.0,0.5707196029776674,0.0
permutation,576,m,fpar_tuned,fpar,oblivious,-threshold 20750 -disable_hop_rtt_normalization,0.7,2000000,5,403,347.704,220.2679429280396,214.098,335.002,347.704,193.768,197470,1408,0,0,76473,1408,0,0,0.7130196991948144,0.0,0.7130196991948144,0.0
permutation,576,m,reps_no_partition,reps_dfp,reps,,0.7,2000000,5,403,363.047,243.4678709677421,236.081,325.867,363.047,207.488,197470,664,0,0,115550,664,0,0,0.3362536081430091,0.0,0.3362536081430091,0.0
permutation,576,m,reps_partition,reps_dfp,reps,-reps_partition_entropy -reps_escalate_threshold 0.2 -reps_warmup_explore_rtts 1.0 -reps_explore_prob 70,0.7,2000000,5,403,387.274,243.11958808932997,233.566,319.104,387.274,208.073,197470,1113,0,0,115645,1113,0,0,0.5636299184686282,0.0,0.5636299184686282,0.0
permutation,576,m,fpar_tuned,fpar,oblivious,-threshold 20750 -disable_hop_rtt_normalization,0.7,10000000,1,403,1449.7,1021.8553275434244,990.016,1405.12,1449.7,897.449,986544,2963,0,0,366126,2963,0,0,0.3003413937949042,0.0,0.3003413937949042,0.0
permutation,576,m,reps_no_partition,reps_dfp,reps,,0.7,10000000,1,403,1534.62,1127.2082034739453,1103.52,1424.05,1534.62,949.846,986544,800,0,0,524930,800,0,0,0.08109116268509058,0.0,0.08109116268509058,0.0
permutation,576,m,reps_partition,reps_dfp,reps,-reps_partition_entropy -reps_escalate_threshold 0.2 -reps_warmup_explore_rtts 1.0 -reps_explore_prob 70,0.7,10000000,1,403,1553.31,1143.5076277915625,1123.77,1462.83,1553.31,926.244,986544,1292,0,0,511244,1292,0,0,0.13096222773642127,0.0,0.13096222773642127,0.0
permutation,576,m,fpar_tuned,fpar,oblivious,-threshold 20750 -disable_hop_rtt_normalization,0.7,10000000,2,403,1509.57,1020.4462183622817,978.738,1405.35,1509.57,902.813,986544,3028,0,0,366934,3028,0,0,0.30693005076306784,0.0,0.30693005076306784,0.0
permutation,576,m,reps_no_partition,reps_dfp,reps,,0.7,10000000,2,403,1530.14,1131.5388709677425,1115.05,1386.54,1530.14,963.033,986544,885,0,0,522771,885,0,0,0.08970709872038145,0.0,0.08970709872038145,0.0
permutation,576,m,reps_partition,reps_dfp,reps,-reps_partition_entropy -reps_escalate_threshold 0.2 -reps_warmup_explore_rtts 1.0 -reps_explore_prob 70,0.7,10000000,2,403,1492.84,1142.6830620347384,1128.0,1426.2,1492.84,936.426,986544,1155,0,0,515386,1155,0,0,0.11707536612659952,0.0,0.11707536612659952,0.0
permutation,576,m,fpar_tuned,fpar,oblivious,-threshold 20750 -disable_hop_rtt_normalization,0.7,10000000,3,403,1598.04,1021.3396501240705,976.939,1444.66,1598.04,888.457,986544,3516,0,0,363029,3516,0,0,0.3563956600009731,0.0,0.3563956600009731,0.0
permutation,576,m,reps_no_partition,reps_dfp,reps,,0.7,10000000,3,403,1630.0,1134.1499205955333,1115.43,1455.39,1630.0,956.257,986544,753,0,0,519963,753,0,0,0.07632705687734151,0.0,0.07632705687734151,0.0
permutation,576,m,reps_partition,reps_dfp,reps,-reps_partition_entropy -reps_escalate_threshold 0.2 -reps_warmup_explore_rtts 1.0 -reps_explore_prob 70,0.7,10000000,3,403,1676.36,1144.7533622828776,1131.51,1514.42,1676.36,938.939,986544,1572,0,0,502573,1572,0,0,0.15934413467620298,0.0,0.15934413467620298,0.0
permutation,576,m,fpar_tuned,fpar,oblivious,-threshold 20750 -disable_hop_rtt_normalization,0.7,10000000,4,403,1608.31,1020.8245037220836,981.402,1413.87,1608.31,890.364,986544,3172,0,0,363252,3172,0,0,0.32152646004638413,0.0,0.32152646004638413,0.0
permutation,576,m,reps_no_partition,reps_dfp,reps,,0.7,10000000,4,403,1506.74,1132.9242233250623,1112.78,1465.04,1506.74,942.676,986544,1230,0,0,511334,1230,0,0,0.12467766262832676,0.0,0.12467766262832676,0.0
permutation,576,m,reps_partition,reps_dfp,reps,-reps_partition_entropy -reps_escalate_threshold 0.2 -reps_warmup_explore_rtts 1.0 -reps_explore_prob 70,0.7,10000000,4,403,1674.29,1146.6873399503731,1120.98,1531.14,1674.29,934.924,986544,1881,0,0,505237,1881,0,0,0.19066559626331922,0.0,0.19066559626331922,0.0
permutation,576,m,fpar_tuned,fpar,oblivious,-threshold 20750 -disable_hop_rtt_normalization,0.7,10000000,5,403,1522.48,1022.6038287841185,981.378,1400.42,1522.48,888.874,986544,3239,0,0,364171,3239,0,0,0.3283178449212605,0.0,0.3283178449212605,0.0
permutation,576,m,reps_no_partition,reps_dfp,reps,,0.7,10000000,5,403,1549.19,1133.8077121588087,1116.18,1438.87,1549.19,957.068,986544,966,0,0,514785,966,0,0,0.09791757894224687,0.0,0.09791757894224687,0.0
permutation,576,m,reps_partition,reps_dfp,reps,-reps_partition_entropy -reps_escalate_threshold 0.2 -reps_warmup_explore_rtts 1.0 -reps_explore_prob 70,0.7,10000000,5,403,1586.54,1146.453965260546,1124.71,1473.68,1586.54,948.784,986544,1719,0,0,510143,1719,0,0,0.17424463581958838,0.0,0.17424463581958838,0.0
permutation,576,m,fpar_tuned,fpar,oblivious,-threshold 20750 -disable_hop_rtt_normalization,0.8,100000,1,461,28.5923,25.204442299349292,25.2467,27.2896,28.5923,23.4798,11525,0,0,0,3569,0,0,0,0.0,0.0,0.0,0.0
permutation,576,m,reps_no_partition,reps_dfp,reps,,0.8,100000,1,461,35.581,27.97112017353578,27.7856,32.9187,35.581,23.7976,11525,0,0,0,3863,0,0,0,0.0,0.0,0.0,0.0
permutation,576,m,reps_partition,reps_dfp,reps,-reps_partition_entropy -reps_escalate_threshold 0.2 -reps_warmup_explore_rtts 1.0 -reps_explore_prob 40,0.8,100000,1,461,34.5936,28.289540780911054,28.2587,32.6016,34.5936,23.6547,11525,0,0,0,3889,0,0,0,0.0,0.0,0.0,0.0
permutation,576,m,fpar_tuned,fpar,oblivious,-threshold 20750 -disable_hop_rtt_normalization,0.8,100000,2,461,27.3459,25.166324078091137,25.141,27.0037,27.3459,23.4707,11525,0,0,0,3583,0,0,0,0.0,0.0,0.0,0.0
permutation,576,m,reps_no_partition,reps_dfp,reps,,0.8,100000,2,461,32.9216,27.811791106290666,27.7856,31.7878,32.9216,24.3374,11525,0,0,0,3850,0,0,0,0.0,0.0,0.0,0.0
permutation,576,m,reps_partition,reps_dfp,reps,-reps_partition_entropy -reps_escalate_threshold 0.2 -reps_warmup_explore_rtts 1.0 -reps_explore_prob 40,0.8,100000,2,461,34.4216,28.396683731019525,28.293,32.3453,34.4216,24.1096,11525,0,0,0,3894,0,0,0,0.0,0.0,0.0,0.0
permutation,576,m,fpar_tuned,fpar,oblivious,-threshold 20750 -disable_hop_rtt_normalization,0.8,100000,3,461,27.3373,25.151204989154014,25.1358,26.961,27.3373,23.3107,11525,0,0,0,3570,0,0,0,0.0,0.0,0.0,0.0
permutation,576,m,reps_no_partition,reps_dfp,reps,,0.8,100000,3,461,35.113,28.190360520607374,27.9667,33.1067,35.113,24.3016,11525,0,0,0,3881,0,0,0,0.0,0.0,0.0,0.0
permutation,576,m,reps_partition,reps_dfp,reps,-reps_partition_entropy -reps_escalate_threshold 0.2 -reps_warmup_explore_rtts 1.0 -reps_explore_prob 40,0.8,100000,3,461,33.773,28.466385249457716,28.301,33.1056,33.773,24.4262,11525,0,0,0,3918,0,0,0,0.0,0.0,0.0,0.0
permutation,576,m,fpar_tuned,fpar,oblivious,-threshold 20750 -disable_hop_rtt_normalization,0.8,100000,4,461,26.9696,25.134251193058592,25.141,26.6376,26.9696,22.9667,11525,0,0,0,3568,0,0,0,0.0,0.0,0.0,0.0
permutation,576,m,reps_no_partition,reps_dfp,reps,,0.8,100000,4,461,33.9586,28.02735032537961,27.7798,32.9626,33.9586,24.4667,11525,0,0,0,3848,0,0,0,0.0,0.0,0.0,0.0
permutation,576,m,reps_partition,reps_dfp,reps,-reps_partition_entropy -reps_escalate_threshold 0.2 -reps_warmup_explore_rtts 1.0 -reps_explore_prob 40,0.8,100000,4,461,35.2456,28.453034490238597,28.1176,34.9136,35.2456,23.8067,11525,0,0,0,3927,0,0,0,0.0,0.0,0.0,0.0
permutation,576,m,fpar_tuned,fpar,oblivious,-threshold 20750 -disable_hop_rtt_normalization,0.8,100000,5,461,27.38,25.156651193058604,25.1398,27.1107,27.38,23.1336,11525,0,0,0,3566,0,0,0,0.0,0.0,0.0,0.0
permutation,576,m,reps_no_partition,reps_dfp,reps,,0.8,100000,5,461,32.641,28.068559436008666,27.7941,31.9632,32.641,24.2947,11525,0,0,0,3849,0,0,0,0.0,0.0,0.0,0.0
permutation,576,m,reps_partition,reps_dfp,reps,-reps_partition_entropy -reps_escalate_threshold 0.2 -reps_warmup_explore_rtts 1.0 -reps_explore_prob 40,0.8,100000,5,461,34.4216,28.42752451193055,28.2896,33.7576,34.4216,24.4718,11525,0,0,0,3883,0,0,0,0.0,0.0,0.0,0.0
permutation,576,m,fpar_tuned,fpar,oblivious,-threshold 20750 -disable_hop_rtt_normalization,0.8,500000,1,461,83.8915,76.48810585683295,77.383,83.2224,83.8915,63.7088,56703,1185,0,0,24656,1185,0,0,2.089836516586424,0.0,2.089836516586424,0.0
permutation,576,m,reps_no_partition,reps_dfp,reps,,0.8,500000,1,461,89.6146,83.70033058568326,83.8795,89.3381,89.6146,71.7776,56703,485,0,0,38431,485,0,0,0.8553339329488739,0.0,0.8553339329488739,0.0
permutation,576,m,reps_partition,reps_dfp,reps,-reps_partition_entropy -reps_escalate_threshold 0.2 -reps_warmup_explore_rtts 1.0 -reps_explore_prob 40,0.8,500000,1,461,91.7008,79.67140780911062,79.2648,90.1162,91.7008,70.2336,56703,3172,0,0,35780,3172,0,0,5.594060278997584,0.0,5.594060278997584,0.0
permutation,576,m,fpar_tuned,fpar,oblivious,-threshold 20750 -disable_hop_rtt_normalization,0.8,500000,2,461,85.3891,76.80523492407816,77.3085,83.7867,85.3891,65.0571,56703,1110,0,0,24904,1110,0,0,1.957568382625258,0.0,1.957568382625258,0.0
permutation,576,m,reps_no_partition,reps_dfp,reps,,0.8,500000,2,461,91.1747,83.6375882863341,83.5365,89.721,91.1747,76.0987,56703,360,0,0,38971,360,0,0,0.6348870430135972,0.0,0.6348870430135972,0.0
permutation,576,m,reps_partition,reps_dfp,reps,-reps_partition_entropy -reps_escalate_threshold 0.2 -reps_warmup_explore_rtts 1.0 -reps_explore_prob 40,0.8,500000,2,461,90.9702,79.61590000000005,79.477,89.856,90.9702,72.2448,56703,3057,0,0,36070,3057,0,0,5.39124914025713,0.0,5.39124914025713,0.0
permutation,576,m,fpar_tuned,fpar,oblivious,-threshold 20750 -disable_hop_rtt_normalization,0.8,500000,3,461,82.9611,76.17338590021696,77.075,82.4261,82.9611,64.4997,56703,1038,0,0,24601,1038,0,0,1.8305909740225386,0.0,1.8305909740225386,0.0
permutation,576,m,reps_no_partition,reps_dfp,reps,,0.8,500000,3,461,92.2165,83.88710303687638,83.9045,91.0566,92.2165,72.868,56703,560,0,0,38543,560,0,0,0.98760206691004,0.0,0.98760206691004,0.0
permutation,576,m,reps_partition,reps_dfp,reps,-reps_partition_entropy -reps_escalate_threshold 0.2 -reps_warmup_explore_rtts 1.0 -reps_explore_prob 40,0.8,500000,3,461,89.5267,79.78172472885039,79.5413,87.8485,89.5267,72.1331,56703,3135,0,0,35951,3135,0,0,5.528807999576742,0.0,5.528807999576742,0.0
permutation,576,m,fpar_tuned,fpar,oblivious,-threshold 20750 -disable_hop_rtt_normalization,0.8,500000,4,461,85.9995,76.98104989154021,77.5706,83.6544,85.9995,63.5088,56703,922,0,0,24665,922,0,0,1.6260162601626016,0.0,1.6260162601626016,0.0
permutation,576,m,reps_no_partition,reps_dfp,reps,,0.8,500000,4,461,91.1579,84.06561930585687,84.2254,90.5045,91.1579,75.133,56703,452,0,0,39017,452,0,0,0.7971359540059609,0.0,0.7971359540059609,0.0
permutation,576,m,reps_partition,reps_dfp,reps,-reps_partition_entropy -reps_escalate_threshold 0.2 -reps_warmup_explore_rtts 1.0 -reps_explore_prob 40,0.8,500000,4,461,90.5762,79.55051713665944,79.2642,89.5802,90.5762,72.283,56703,2912,0,0,36080,2912,0,0,5.135530747932208,0.0,5.135530747932208,0.0
permutation,576,m,fpar_tuned,fpar,oblivious,-threshold 20750 -disable_hop_rtt_normalization,0.8,500000,5,461,84.2115,76.40737939262465,77.1342,83.4218,84.2115,64.7939,56703,1085,0,0,24740,1085,0,0,1.9134790046382026,0.0,1.9134790046382026,0.0
permutation,576,m,reps_no_partition,reps_dfp,reps,,0.8,500000,5,461,90.0786,83.54593579175703,83.584,89.6061,90.0786,74.824,56703,454,0,0,39144,454,0,0,0.8006631042449253,0.0,0.8006631042449253,0.0
permutation,576,m,reps_partition,reps_dfp,reps,-reps_partition_entropy -reps_escalate_threshold 0.2 -reps_warmup_explore_rtts 1.0 -reps_explore_prob 40,0.8,500000,5,461,88.8962,79.28915444685471,79.5626,85.3374,88.8962,70.2174,56703,2950,0,0,36117,2950,0,0,5.202546602472532,0.0,5.202546602472532,0.0
permutation,576,m,fpar_tuned,fpar,oblivious,-threshold 20750 -disable_hop_rtt_normalization,0.8,2000000,1,461,405.118,246.69527548806929,233.08,382.249,405.118,202.703,225890,3277,0,0,101606,3277,0,0,1.4507060958873788,0.0,1.4507060958873788,0.0
permutation,576,m,reps_no_partition,reps_dfp,reps,,0.8,2000000,1,461,408.068,270.354446854664,263.027,367.222,408.068,213.843,225890,1073,0,0,137329,1073,0,0,0.47500996060029216,0.0,0.47500996060029216,0.0
permutation,576,m,reps_partition,reps_dfp,reps,-reps_partition_entropy -reps_escalate_threshold 0.2 -reps_warmup_explore_rtts 1.0 -reps_explore_prob 40,0.8,2000000,1,461,397.938,270.42181127982656,261.886,365.534,397.938,216.223,225890,3515,0,0,142139,3515,0,0,1.556067112311302,0.0,1.556067112311302,0.0
permutation,576,m,fpar_tuned,fpar,oblivious,-threshold 20750 -disable_hop_rtt_normalization,0.8,2000000,2,461,398.389,246.8876529284164,230.847,383.371,398.389,205.086,225890,3801,0,0,99805,3801,0,0,1.6826774093585373,0.0,1.6826774093585373,0.0
permutation,576,m,reps_no_partition,reps_dfp,reps,,0.8,2000000,2,461,411.344,270.3949240780912,264.503,354.245,411.344,219.125,225890,895,0,0,139446,895,0,0,0.39621054495550934,0.0,0.39621054495550934,0.0
permutation,576,m,reps_partition,reps_dfp,reps,-reps_partition_entropy -reps_escalate_threshold 0.2 -reps_warmup_explore_rtts 1.0 -reps_explore_prob 40,0.8,2000000,2,461,381.736,268.9854989154014,264.557,348.465,381.736,220.886,225890,3230,0,0,143561,3230,0,0,1.4298995086103856,0.0,1.4298995086103856,0.0
permutation,576,m,fpar_tuned,fpar,oblivious,-threshold 20750 -disable_hop_rtt_normalization,0.8,2000000,3,461,377.549,246.10602169197395,233.456,364.348,377.549,202.919,225890,3509,0,0,101323,3509,0,0,1.5534109522333879,0.0,1.5534109522333879,0.0
permutation,576,m,reps_no_partition,reps_dfp,reps,,0.8,2000000,3,461,374.602,272.04682212581315,266.47,366.954,374.602,220.475,225890,1127,0,0,138371,1127,0,0,0.49891540130151846,0.0,0.49891540130151846,0.0
permutation,576,m,reps_partition,reps_dfp,reps,-reps_partition_entropy -reps_escalate_threshold 0.2 -reps_warmup_explore_rtts 1.0 -reps_explore_prob 40,0.8,2000000,3,461,384.413,270.7995466377438,263.923,371.04,384.413,221.896,225890,3437,0,0,142201,3437,0,0,1.5215370312984196,0.0,1.5215370312984196,0.0
permutation,576,m,fpar_tuned,fpar,oblivious,-threshold 20750 -disable_hop_rtt_normalization,0.8,2000000,4,461,370.713,245.90166160520621,234.384,344.064,370.713,206.534,225890,3462,0,0,101718,3462,0,0,1.5326043649563947,0.0,1.5326043649563947,0.0
permutation,576,m,reps_no_partition,reps_dfp,reps,,0.8,2000000,4,461,404.212,272.47158351409956,267.953,372.535,404.212,216.335,225890,1068,0,0,138016,1068,0,0,0.47279649386869715,0.0,0.47279649386869715,0.0
permutation,576,m,reps_partition,reps_dfp,reps,-reps_partition_entropy -reps_escalate_threshold 0.2 -reps_warmup_explore_rtts 1.0 -reps_explore_prob 40,0.8,2000000,4,461,425.369,272.26505639913216,266.398,364.983,425.369,216.6,225890,3317,0,0,141145,3317,0,0,1.468413829740139,0.0,1.468413829740139,0.0
permutation,576,m,fpar_tuned,fpar,oblivious,-threshold 20750 -disable_hop_rtt_normalization,0.8,2000000,5,461,393.542,247.25292624728863,231.493,374.393,393.542,203.184,225890,3503,0,0,100018,3503,0,0,1.5507547921554738,0.0,1.5507547921554738,0.0
permutation,576,m,reps_no_partition,reps_dfp,reps,,0.8,2000000,5,461,418.446,271.5414533622561,265.949,369.785,418.446,218.257,225890,994,0,0,137710,994,0,0,0.4400371862410908,0.0,0.4400371862410908,0.0
permutation,576,m,reps_partition,reps_dfp,reps,-reps_partition_entropy -reps_escalate_threshold 0.2 -reps_warmup_explore_rtts 1.0 -reps_explore_prob 40,0.8,2000000,5,461,408.581,272.3040694143164,266.632,362.569,408.581,221.882,225890,3304,0,0,143920,3304,0,0,1.4626588162379919,0.0,1.4626588162379919,0.0
permutation,576,m,fpar_tuned,fpar,oblivious,-threshold 20750 -disable_hop_rtt_normalization,0.8,10000000,1,461,1598.84,1135.8587895878532,1083.86,1535.43,1598.84,937.925,1128528,7140,0,0,458633,7140,0,0,0.6326825741142444,0.0,0.6326825741142444,0.0
permutation,576,m,reps_no_partition,reps_dfp,reps,,0.8,10000000,1,461,1692.34,1248.8375835141012,1238.37,1603.39,1692.34,988.5,1128528,1438,0,0,639836,1438,0,0,0.12742262487062794,0.0,0.12742262487062794,0.0
permutation,576,m,reps_partition,reps_dfp,reps,-reps_partition_entropy -reps_escalate_threshold 0.2 -reps_warmup_explore_rtts 1.0 -reps_explore_prob 40,0.8,10000000,1,461,1789.76,1264.4290065075907,1257.5,1590.15,1789.76,979.071,1128528,4075,0,0,645094,4075,0,0,0.3610898444699644,0.0,0.3610898444699644,0.0
permutation,576,m,fpar_tuned,fpar,oblivious,-threshold 20750 -disable_hop_rtt_normalization,0.8,10000000,2,461,1677.19,1133.9274078091114,1067.59,1604.52,1677.19,954.502,1128528,8599,0,0,453616,8599,0,0,0.7619660300852084,0.0,0.7619660300852084,0.0
permutation,576,m,reps_no_partition,reps_dfp,reps,,0.8,10000000,2,461,1642.85,1255.5496529284167,1261.39,1532.23,1642.85,1021.58,1128528,1125,0,0,654059,1125,0,0,0.09968738037514355,0.0,0.09968738037514355,0.0
permutation,576,m,reps_partition,reps_dfp,reps,-reps_partition_entropy -reps_escalate_threshold 0.2 -reps_warmup_explore_rtts 1.0 -reps_explore_prob 40,0.8,10000000,2,461,1629.55,1256.6323861171363,1256.15,1548.96,1629.55,1001.6,1128528,3546,0,0,656387,3546,0,0,0.31421462294245245,0.0,0.31421462294245245,0.0
permutation,576,m,fpar_tuned,fpar,oblivious,-threshold 20750 -disable_hop_rtt_normalization,0.8,10000000,3,461,1723.63,1134.5729522776578,1080.34,1544.71,1723.63,930.187,1128528,7010,0,0,455950,7010,0,0,0.6211631434931167,0.0,0.6211631434931167,0.0
permutation,576,m,reps_no_partition,reps_dfp,reps,,0.8,10000000,3,461,1818.67,1255.4215401301515,1246.47,1565.41,1818.67,1006.11,1128528,1489,0,0,639346,1489,0,0,0.1319417861143011,0.0,0.1319417861143011,0.0
permutation,576,m,reps_partition,reps_dfp,reps,-reps_partition_entropy -reps_escalate_threshold 0.2 -reps_warmup_explore_rtts 1.0 -reps_explore_prob 40,0.8,10000000,3,461,1858.47,1266.4183969631229,1264.39,1637.18,1858.47,967.795,1128528,4009,0,0,638136,4009,0,0,0.3552415181546227,0.0,0.3552415181546227,0.0
permutation,576,m,fpar_tuned,fpar,oblivious,-threshold 20750 -disable_hop_rtt_normalization,0.8,10000000,4,461,1700.7,1134.4715618221255,1093.43,1551.84,1700.7,946.382,1128528,7334,0,0,453167,7334,0,0,0.649873109041158,0.0,0.649873109041158,0.0
permutation,576,m,reps_no_partition,reps_dfp,reps,,0.8,10000000,4,461,1700.24,1256.7848459869847,1251.82,1633.66,1700.24,982.036,1128528,1400,0,0,640767,1400,0,0,0.12405540668906753,0.0,0.12405540668906753,0.0
permutation,576,m,reps_partition,reps_dfp,reps,-reps_partition_entropy -reps_escalate_threshold 0.2 -reps_warmup_explore_rtts 1.0 -reps_explore_prob 40,0.8,10000000,4,461,1831.25,1266.9854099783086,1254.47,1673.93,1831.25,980.534,1128528,4073,0,0,637066,4073,0,0,0.3609126224604086,0.0,0.3609126224604086,0.0
permutation,576,m,fpar_tuned,fpar,oblivious,-threshold 20750 -disable_hop_rtt_normalization,0.8,10000000,5,461,1791.07,1133.6302819956616,1081.0,1604.43,1791.07,941.628,1128528,7352,0,0,453520,7352,0,0,0.6514681071271603,0.0,0.6514681071271603,0.0
permutation,576,m,reps_no_partition,reps_dfp,reps,,0.8,10000000,5,461,1718.47,1254.310650759218,1252.5,1580.86,1718.47,1001.17,1128528,1295,0,0,642875,1295,0,0,0.11475125118738747,0.0,0.11475125118738747,0.0
permutation,576,m,reps_partition,reps_dfp,reps,-reps_partition_entropy -reps_escalate_threshold 0.2 -reps_warmup_explore_rtts 1.0 -reps_explore_prob 40,0.8,10000000,5,461,1640.16,1268.1428416485892,1260.63,1604.53,1640.16,1009.55,1128528,3706,0,0,651109,3706,0,0,0.3283923837069173,0.0,0.3283923837069173,0.0
permutation,576,m,fpar_tuned,fpar,oblivious,-threshold 20750 -disable_hop_rtt_normalization,0.9,100000,1,518,30.065,26.397508301158275,26.3141,29.2307,30.065,24.1421,12950,0,0,0,4061,0,0,0,0.0,0.0,0.0,0.0
permutation,576,m,reps_no_partition,reps_dfp,reps,,0.9,100000,1,518,35.9136,29.568213320463308,29.4496,33.5958,35.9136,24.9758,12950,0,0,0,4609,0,0,0,0.0,0.0,0.0,0.0
permutation,576,m,reps_partition,reps_dfp,reps,-reps_partition_entropy -reps_escalate_threshold 0.2 -reps_warmup_explore_rtts 1.0 -reps_explore_prob 40,0.9,100000,1,518,34.9136,29.66043957528955,29.4501,34.5816,34.9136,24.9747,12950,0,0,0,4620,0,0,0,0.0,0.0,0.0,0.0
permutation,576,m,fpar_tuned,fpar,oblivious,-threshold 20750 -disable_hop_rtt_normalization,0.9,100000,2,518,31.9952,26.42994015444015,26.3038,30.3083,31.9952,24.3118,12950,0,0,0,4046,0,0,0,0.0,0.0,0.0,0.0
permutation,576,m,reps_no_partition,reps_dfp,reps,,0.9,100000,2,518,34.9614,29.661182818532822,29.4558,33.9603,34.9614,24.8192,12950,0,0,0,4572,0,0,0,0.0,0.0,0.0,0.0
permutation,576,m,reps_partition,reps_dfp,reps,-reps_partition_entropy -reps_escalate_threshold 0.2 -reps_warmup_explore_rtts 1.0 -reps_explore_prob 40,0.9,100000,2,518,38.2187,29.92457142857146,29.6107,36.589,38.2187,24.981,12950,0,0,0,4581,0,0,0,0.0,0.0,0.0,0.0
permutation,576,m,fpar_tuned,fpar,oblivious,-threshold 20750 -disable_hop_rtt_normalization,0.9,100000,3,518,30.5125,26.453485328185312,26.3107,29.5302,30.5125,23.9832,12950,0,0,0,4057,0,0,0,0.0,0.0,0.0,0.0
permutation,576,m,reps_no_partition,reps_dfp,reps,,0.9,100000,3,518,35.437,29.545208494208484,29.4296,34.1477,35.437,25.4678,12950,0,0,0,4591,0,0,0,0.0,0.0,0.0,0.0
permutation,576,m,reps_partition,reps_dfp,reps,-reps_partition_entropy -reps_escalate_threshold 0.2 -reps_warmup_explore_rtts 1.0 -reps_explore_prob 40,0.9,100000,3,518,35.5896,29.876203088803077,29.7736,34.2747,35.5896,25.3067,12950,0,0,0,4600,0,0,0,0.0,0.0,0.0,0.0
permutation,576,m,fpar_tuned,fpar,oblivious,-threshold 20750 -disable_hop_rtt_normalization,0.9,100000,4,518,28.8046,26.399707915057878,26.4518,28.1341,28.8046,23.8027,12950,0,0,0,4025,0,0,0,0.0,0.0,0.0,0.0
permutation,576,m,reps_no_partition,reps_dfp,reps,,0.9,100000,4,518,35.9592,29.738011003860997,29.4757,34.0792,35.9592,25.9416,12950,0,0,0,4630,0,0,0,0.0,0.0,0.0,0.0
permutation,576,m,reps_partition,reps_dfp,reps,-reps_partition_entropy -reps_escalate_threshold 0.2 -reps_warmup_explore_rtts 1.0 -reps_explore_prob 40,0.9,100000,4,518,35.9118,29.928605212355205,29.7878,34.5787,35.9118,25.7896,12950,0,0,0,4660,0,0,0,0.0,0.0,0.0,0.0
permutation,576,m,fpar_tuned,fpar,oblivious,-threshold 20750 -disable_hop_rtt_normalization,0.9,100000,5,518,28.5411,26.353746911196925,26.3226,28.163,28.5411,23.9747,12950,0,0,0,4039,0,0,0,0.0,0.0,0.0,0.0
permutation,576,m,reps_no_partition,reps_dfp,reps,,0.9,100000,5,518,36.6181,29.75278223938224,29.6107,34.2656,36.6181,25.7947,12950,0,0,0,4623,0,0,0,0.0,0.0,0.0,0.0
permutation,576,m,reps_partition,reps_dfp,reps,-reps_partition_entropy -reps_escalate_threshold 0.2 -reps_warmup_explore_rtts 1.0 -reps_explore_prob 40,0.9,100000,5,518,36.9096,29.903913513513505,29.6363,35.2456,36.9096,25.4616,12950,0,0,0,4658,0,0,0,0.0,0.0,0.0,0.0
permutation,576,m,fpar_tuned,fpar,oblivious,-threshold 20750 -disable_hop_rtt_normalization,0.9,500000,1,518,92.3294,82.9507527027027,83.1877,90.1112,92.3294,69.1075,63714,2495,0,0,33371,2495,0,0,3.915936842766111,0.0,3.915936842766111,0.0
permutation,576,m,reps_no_partition,reps_dfp,reps,,0.9,500000,1,518,99.4659,90.54447007722008,90.6416,97.5997,99.4659,79.5328,63714,1155,0,0,49269,1155,0,0,1.8127883981542519,0.0,1.8127883981542519,0.0
permutation,576,m,reps_partition,reps_dfp,reps,-reps_partition_entropy -reps_escalate_threshold 0.2 -reps_warmup_explore_rtts 1.0 -reps_explore_prob 40,0.9,500000,1,518,95.7336,85.07828687258699,84.78,94.0736,95.7336,76.6491,63714,4503,0,0,45442,4503,0,0,7.067520482154628,0.0,7.067520482154628,0.0
permutation,576,m,fpar_tuned,fpar,oblivious,-threshold 20750 -disable_hop_rtt_normalization,0.9,500000,2,518,93.4382,82.87092027027015,83.2011,92.5566,93.4382,68.5133,63714,2770,0,0,33170,2770,0,0,4.347553128040933,0.0,4.347553128040933,0.0
permutation,576,m,reps_no_partition,reps_dfp,reps,,0.9,500000,2,518,97.5891,89.60909980694977,89.6376,96.7298,97.5891,81.0275,63714,1052,0,0,49471,1052,0,0,1.6511284803967732,0.0,1.6511284803967732,0.0
permutation,576,m,reps_partition,reps_dfp,reps,-reps_partition_entropy -reps_escalate_threshold 0.2 -reps_warmup_explore_rtts 1.0 -reps_explore_prob 40,0.9,500000,2,518,93.597,84.46897200772203,84.4078,90.465,93.597,75.509,63714,4432,0,0,45177,4432,0,0,6.956085004865493,0.0,6.956085004865493,0.0
permutation,576,m,fpar_tuned,fpar,oblivious,-threshold 20750 -disable_hop_rtt_normalization,0.9,500000,3,518,91.5246,83.34755057915052,83.7029,89.8419,91.5246,71.5606,63714,2624,0,0,33407,2624,0,0,4.1184041184041185,0.0,4.1184041184041185,0.0
permutation,576,m,reps_no_partition,reps_dfp,reps,,0.9,500000,3,518,99.7154,90.80007664092656,90.9685,98.1899,99.7154,80.9526,63714,1205,0,0,49538,1205,0,0,1.8912640863860377,0.0,1.8912640863860377,0.0
permutation,576,m,reps_partition,reps_dfp,reps,-reps_partition_entropy -reps_escalate_threshold 0.2 -reps_warmup_explore_rtts 1.0 -reps_explore_prob 40,0.9,500000,3,518,95.4069,85.03253378378385,84.8027,92.587,95.4069,76.1186,63714,4486,0,0,45703,4486,0,0,7.040838748155822,0.0,7.040838748155822,0.0
permutation,576,m,fpar_tuned,fpar,oblivious,-threshold 20750 -disable_hop_rtt_normalization,0.9,500000,4,518,90.649,83.05137895752893,83.1995,90.2794,90.649,72.3259,63714,2686,0,0,33263,2686,0,0,4.215713971811533,0.0,4.215713971811533,0.0
permutation,576,m,reps_no_partition,reps_dfp,reps,,0.9,500000,4,518,99.3438,90.65466814671807,90.5363,97.5627,99.3438,79.5165,63714,1040,0,0,49262,1040,0,0,1.6322943152211444,0.0,1.6322943152211444,0.0
permutation,576,m,reps_partition,reps_dfp,reps,-reps_partition_entropy -reps_escalate_threshold 0.2 -reps_warmup_explore_rtts 1.0 -reps_explore_prob 40,0.9,500000,4,518,97.5254,85.20138648648647,84.7115,95.0859,97.5254,74.8106,63714,4449,0,0,45354,4449,0,0,6.9827667388643,0.0,6.9827667388643,0.0
permutation,576,m,fpar_tuned,fpar,oblivious,-threshold 20750 -disable_hop_rtt_normalization,0.9,500000,5,518,90.7546,82.78633861003863,83.1586,89.573,90.7546,69.3813,63714,2490,0,0,33504,2490,0,0,3.9080892739429323,0.0,3.9080892739429323,0.0
permutation,576,m,reps_no_partition,reps_dfp,reps,,0.9,500000,5,518,99.1934,90.43558861003861,90.4048,97.3973,99.1934,80.7467,63714,1287,0,0,49651,1287,0,0,2.0199642150861665,0.0,2.0199642150861665,0.0
permutation,576,m,reps_partition,reps_dfp,reps,-reps_partition_entropy -reps_escalate_threshold 0.2 -reps_warmup_explore_rtts 1.0 -reps_explore_prob 40,0.9,500000,5,518,93.0629,84.66215791505782,84.6229,92.0669,93.0629,76.6818,63714,4396,0,0,45455,4396,0,0,6.8995825093386065,0.0,6.8995825093386065,0.0
permutation,576,m,fpar_tuned,fpar,oblivious,-threshold 20750 -disable_hop_rtt_normalization,0.9,2000000,1,518,454.957,271.31766409266396,263.533,374.918,454.957,211.319,253820,5281,0,0,124522,5281,0,0,2.080608305098101,0.0,2.080608305098101,0.0
permutation,576,m,reps_no_partition,reps_dfp,reps,,0.9,2000000,1,518,435.618,301.7158938223941,298.35,382.01,435.618,223.107,253820,1898,0,0,156363,1898,0,0,0.7477740130801356,0.0,0.7477740130801356,0.0
permutation,576,m,reps_partition,reps_dfp,reps,-reps_partition_entropy -reps_escalate_threshold 0.2 -reps_warmup_explore_rtts 1.0 -reps_explore_prob 40,0.9,2000000,1,518,450.177,296.33321235521225,293.394,388.038,450.177,231.304,253820,4884,0,0,165845,4884,0,0,1.924198250728863,0.0,1.924198250728863,0.0
permutation,576,m,fpar_tuned,fpar,oblivious,-threshold 20750 -disable_hop_rtt_normalization,0.9,2000000,2,518,442.644,271.91872393822365,257.474,407.522,442.644,213.688,253820,5417,0,0,123392,5417,0,0,2.134189583169175,0.0,2.134189583169175,0.0
permutation,576,m,reps_no_partition,reps_dfp,reps,,0.9,2000000,2,518,426.708,302.43409845559864,301.514,396.458,426.708,218.696,253820,1744,0,0,157407,1744,0,0,0.6871010952643606,0.0,0.6871010952643606,0.0
permutation,576,m,reps_partition,reps_dfp,reps,-reps_partition_entropy -reps_escalate_threshold 0.2 -reps_warmup_explore_rtts 1.0 -reps_explore_prob 40,0.9,2000000,2,518,428.653,294.72202895752895,289.367,398.589,428.653,231.076,253820,4719,0,0,166427,4719,0,0,1.859191553069104,0.0,1.859191553069104,0.0
permutation,576,m,fpar_tuned,fpar,oblivious,-threshold 20750 -disable_hop_rtt_normalization,0.9,2000000,3,518,456.457,270.92533783783796,260.891,375.956,456.457,213.092,253820,5881,0,0,123375,5881,0,0,2.316996296588133,0.0,2.316996296588133,0.0
permutation,576,m,reps_no_partition,reps_dfp,reps,,0.9,2000000,3,518,441.05,300.0277335907338,295.733,390.678,441.05,219.677,253820,1834,0,0,157325,1834,0,0,0.7225592939878654,0.0,0.7225592939878654,0.0
permutation,576,m,reps_partition,reps_dfp,reps,-reps_partition_entropy -reps_escalate_threshold 0.2 -reps_warmup_explore_rtts 1.0 -reps_explore_prob 40,0.9,2000000,3,518,443.904,296.46663706563703,290.049,398.303,443.904,225.798,253820,4891,0,0,165284,4891,0,0,1.92695611062958,0.0,1.92695611062958,0.0
permutation,576,m,fpar_tuned,fpar,oblivious,-threshold 20750 -disable_hop_rtt_normalization,0.9,2000000,4,518,453.506,270.8583687258685,258.694,398.66,453.506,215.641,253820,5424,0,0,123877,5424,0,0,2.136947443069892,0.0,2.136947443069892,0.0
permutation,576,m,reps_no_partition,reps_dfp,reps,,0.9,2000000,4,518,435.64,303.58145173745186,300.521,409.187,435.64,222.887,253820,1721,0,0,156037,1721,0,0,0.678039555590576,0.0,0.678039555590576,0.0
permutation,576,m,reps_partition,reps_dfp,reps,-reps_partition_entropy -reps_escalate_threshold 0.2 -reps_warmup_explore_rtts 1.0 -reps_explore_prob 40,0.9,2000000,4,518,429.691,297.2216042471044,290.496,399.513,429.691,224.083,253820,4887,0,0,164388,4887,0,0,1.925380190686313,0.0,1.925380190686313,0.0
permutation,576,m,fpar_tuned,fpar,oblivious,-threshold 20750 -disable_hop_rtt_normalization,0.9,2000000,5,518,405.738,269.7035849420851,258.955,369.06,405.738,215.664,253820,4919,0,0,124694,4919,0,0,1.9379875502324482,0.0,1.9379875502324482,0.0
permutation,576,m,reps_no_partition,reps_dfp,reps,,0.9,2000000,5,518,420.684,302.3319826254825,301.71,394.789,420.684,221.373,253820,2014,0,0,155909,2014,0,0,0.7934756914348751,0.0,0.7934756914348751,0.0
permutation,576,m,reps_partition,reps_dfp,reps,-reps_partition_entropy -reps_escalate_threshold 0.2 -reps_warmup_explore_rtts 1.0 -reps_explore_prob 40,0.9,2000000,5,518,463.832,297.1270868725868,291.746,405.85,463.832,233.799,253820,4741,0,0,166620,4741,0,0,1.8678591127570718,0.0,1.8678591127570718,0.0
permutation,576,m,fpar_tuned,fpar,oblivious,-threshold 20750 -disable_hop_rtt_normalization,0.9,10000000,1,518,1763.4,1242.0525135135144,1216.53,1642.41,1763.4,956.869,1268064,11682,0,0,540785,11682,0,0,0.92124687712923,0.0,0.92124687712923,0.0
permutation,576,m,reps_no_partition,reps_dfp,reps,,0.9,10000000,1,518,1800.31,1383.986081081081,1383.58,1689.64,1800.31,1047.63,1268064,2255,0,0,765278,2255,0,0,0.17783014106543518,0.0,0.17783014106543518,0.0
permutation,576,m,reps_partition,reps_dfp,reps,-reps_partition_entropy -reps_escalate_threshold 0.2 -reps_warmup_explore_rtts 1.0 -reps_explore_prob 40,0.9,10000000,1,518,1926.05,1381.5241505791505,1385.11,1722.87,1926.05,1039.51,1268064,5745,0,0,777832,5745,0,0,0.4530528427587251,0.0,0.4530528427587251,0.0
permutation,576,m,fpar_tuned,fpar,oblivious,-threshold 20750 -disable_hop_rtt_normalization,0.9,10000000,2,518,1842.95,1235.8722084942083,1187.92,1670.1,1842.95,976.684,1268064,11229,0,0,540850,11229,0,0,0.885523128170187,0.0,0.885523128170187,0.0
permutation,576,m,reps_no_partition,reps_dfp,reps,,0.9,10000000,2,518,1785.52,1385.8677413127407,1390.64,1679.33,1785.52,1049.28,1268064,2177,0,0,772503,2177,0,0,0.17167903197314963,0.0,0.17167903197314963,0.0
permutation,576,m,reps_partition,reps_dfp,reps,-reps_partition_entropy -reps_escalate_threshold 0.2 -reps_warmup_explore_rtts 1.0 -reps_explore_prob 40,0.9,10000000,2,518,1774.71,1376.5730888030873,1372.34,1725.39,1774.71,1043.95,1268064,5068,0,0,787696,5068,0,0,0.39966437025260554,0.0,0.39966437025260554,0.0
permutation,576,m,fpar_tuned,fpar,oblivious,-threshold 20750 -disable_hop_rtt_normalization,0.9,10000000,3,518,1744.58,1240.5812664092666,1208.97,1661.38,1744.58,978.583,1268064,10895,0,0,547355,10895,0,0,0.8591837635955283,0.0,0.8591837635955283,0.0
permutation,576,m,reps_no_partition,reps_dfp,reps,,0.9,10000000,3,518,1830.16,1385.0049420849427,1378.78,1670.35,1830.16,1030.63,1268064,2068,0,0,770139,2068,0,0,0.16308325131854542,0.0,0.16308325131854542,0.0
permutation,576,m,reps_partition,reps_dfp,reps,-reps_partition_entropy -reps_escalate_threshold 0.2 -reps_warmup_explore_rtts 1.0 -reps_explore_prob 40,0.9,10000000,3,518,1858.52,1382.8519884169878,1387.57,1773.1,1858.52,1018.1,1268064,5640,0,0,772755,5640,0,0,0.444772503596033,0.0,0.444772503596033,0.0
permutation,576,m,fpar_tuned,fpar,oblivious,-threshold 20750 -disable_hop_rtt_normalization,0.9,10000000,4,518,1818.46,1247.4897625482633,1201.98,1745.21,1818.46,986.906,1268064,10450,0,0,545000,10450,0,0,0.8240908976203094,0.0,0.8240908976203094,0.0
permutation,576,m,reps_no_partition,reps_dfp,reps,,0.9,10000000,4,518,1936.41,1386.3811776061775,1389.6,1716.0,1936.41,1012.56,1268064,2117,0,0,764526,2117,0,0,0.1669474095944684,0.0,0.1669474095944684,0.0
permutation,576,m,reps_partition,reps_dfp,reps,-reps_partition_entropy -reps_escalate_threshold 0.2 -reps_warmup_explore_rtts 1.0 -reps_explore_prob 40,0.9,10000000,4,518,1856.83,1377.8955405405397,1368.13,1785.49,1856.83,1012.85,1268064,5530,0,0,766360,5530,0,0,0.4360978625684508,0.0,0.4360978625684508,0.0
permutation,576,m,fpar_tuned,fpar,oblivious,-threshold 20750 -disable_hop_rtt_normalization,0.9,10000000,5,518,1825.81,1246.1668725868715,1208.16,1714.49,1825.81,1001.11,1268064,10993,0,0,547438,10993,0,0,0.8669120801473743,0.0,0.8669120801473743,0.0
permutation,576,m,reps_no_partition,reps_dfp,reps,,0.9,10000000,5,518,1758.01,1382.896795366796,1384.28,1728.75,1758.01,1024.08,1268064,2327,0,0,765399,2327,0,0,0.18350808791985262,0.0,0.18350808791985262,0.0
permutation,576,m,reps_partition,reps_dfp,reps,-reps_partition_entropy -reps_escalate_threshold 0.2 -reps_warmup_explore_rtts 1.0 -reps_explore_prob 40,0.9,10000000,5,518,1828.01,1384.763822393822,1383.63,1731.27,1828.01,1059.61,1268064,5220,0,0,791638,5220,0,0,0.4116511469452646,0.0,0.4116511469452646,0.0
permutation_random,576,m,fpar_tuned,fpar,oblivious,-threshold 20750 -disable_hop_rtt_normalization,0.6,100000,1,346,46.0379,23.56481878612717,22.3096,43.8859,46.0379,12.6411,8650,29,0,0,2889,29,0,0,0.3352601156069364,0.0,0.3352601156069364,0.0
permutation_random,576,m,reps_no_partition,reps_dfp,reps,,0.6,100000,1,346,28.9707,23.70781820809249,24.1336,27.6563,28.9707,12.6451,8650,0,0,0,2675,0,0,0,0.0,0.0,0.0,0.0
permutation_random,576,m,reps_partition,reps_dfp,reps,-reps_partition_entropy -reps_escalate_threshold 0.2 -reps_warmup_explore_rtts 1.0 -reps_explore_prob 40,0.6,100000,1,346,29.6683,24.06461734104046,24.465,28.645,29.6683,12.6411,8650,0,0,0,2680,0,0,0,0.0,0.0,0.0,0.0
permutation_random,576,m,fpar_tuned,fpar,oblivious,-threshold 20750 -disable_hop_rtt_normalization,0.6,100000,2,346,43.6667,23.09143612716763,22.1376,41.5147,43.6667,12.4702,8650,19,0,0,2880,19,0,0,0.21965317919075145,0.0,0.21965317919075145,0.0
permutation_random,576,m,reps_no_partition,reps_dfp,reps,,0.6,100000,2,346,28.977,23.347565895953757,23.8032,27.9792,28.977,12.4702,8650,0,0,0,2654,0,0,0,0.0,0.0,0.0,0.0
permutation_random,576,m,reps_partition,reps_dfp,reps,-reps_partition_entropy -reps_escalate_threshold 0.2 -reps_warmup_explore_rtts 1.0 -reps_explore_prob 40,0.6,100000,2,346,30.1027,23.47648988439309,23.9776,27.9467,30.1027,12.4702,8650,0,0,0,2685,0,0,0,0.0,0.0,0.0,0.0
permutation_random,576,m,fpar_tuned,fpar,oblivious,-threshold 20750 -disable_hop_rtt_normalization,0.6,100000,3,346,34.4056,23.293465606936437,22.2976,33.1646,34.4056,12.4702,8650,0,0,0,2915,0,0,0,0.0,0.0,0.0,0.0
permutation_random,576,m,reps_no_partition,reps_dfp,reps,,0.6,100000,3,346,28.1438,23.473986994219654,23.9816,27.4616,28.1438,12.4702,8650,0,0,0,2654,0,0,0,0.0,0.0,0.0,0.0
permutation_random,576,m,reps_partition,reps_dfp,reps,-reps_partition_entropy -reps_escalate_threshold 0.2 -reps_warmup_explore_rtts 1.0 -reps_explore_prob 40,0.6,100000,3,346,29.3141,23.792856358381506,24.1376,28.9707,29.3141,12.4702,8650,0,0,0,2678,0,0,0,0.0,0.0,0.0,0.0
permutation_random,576,m,fpar_tuned,fpar,oblivious,-threshold 20750 -disable_hop_rtt_normalization,0.6,100000,4,346,42.5005,23.84546734104047,22.1786,40.6805,42.5005,12.4702,8650,17,0,0,3025,17,0,0,0.19653179190751446,0.0,0.19653179190751446,0.0
permutation_random,576,m,reps_no_partition,reps_dfp,reps,,0.6,100000,4,346,28.4861,23.125849710982656,23.6598,26.9776,28.4861,12.4702,8650,0,0,0,2680,0,0,0,0.0,0.0,0.0,0.0
permutation_random,576,m,reps_partition,reps_dfp,reps,-reps_partition_entropy -reps_escalate_threshold 0.2 -reps_warmup_explore_rtts 1.0 -reps_explore_prob 40,0.6,100000,4,346,28.9616,23.134283815028912,23.653,26.9667,28.9616,12.4702,8650,0,0,0,2663,0,0,0,0.0,0.0,0.0,0.0
permutation_random,576,m,fpar_tuned,fpar,oblivious,-threshold 20750 -disable_hop_rtt_normalization,0.6,100000,5,346,37.4488,22.975690751445082,21.8158,35.7376,37.4488,12.4702,8650,2,0,0,2893,2,0,0,0.023121387283236993,0.0,0.023121387283236993,0.0
permutation_random,576,m,reps_no_partition,reps_dfp,reps,,0.6,100000,5,346,28.4576,23.572059537572258,23.9816,27.3027,28.4576,12.4702,8650,0,0,0,2658,0,0,0,0.0,0.0,0.0,0.0
permutation_random,576,m,reps_partition,reps_dfp,reps,-reps_partition_entropy -reps_escalate_threshold 0.2 -reps_warmup_explore_rtts 1.0 -reps_explore_prob 40,0.6,100000,5,346,29.2963,23.581508092485546,24.1216,28.6283,29.2963,12.4702,8650,0,0,0,2671,0,0,0,0.0,0.0,0.0,0.0
permutation_random,576,m,fpar_tuned,fpar,oblivious,-threshold 20750 -disable_hop_rtt_normalization,0.6,500000,1,346,210.098,71.62470346820814,65.0952,164.83,210.098,45.2523,42558,1624,0,0,21455,1624,0,0,3.8159687955261057,0.0,3.8159687955261057,0.0
permutation_random,576,m,reps_no_partition,reps_dfp,reps,,0.6,500000,1,346,77.0866,63.23602716763009,63.6307,73.7546,77.0866,45.2232,42558,11,0,0,14719,11,0,0,0.025847079280041357,0.0,0.025847079280041357,0.0
permutation_random,576,m,reps_partition,reps_dfp,reps,-reps_partition_entropy -reps_escalate_threshold 0.2 -reps_warmup_explore_rtts 1.0 -reps_explore_prob 40,0.6,500000,1,346,69.663,58.133147109826595,58.1394,65.9979,69.663,45.2027,42558,0,0,0,13368,0,0,0,0.0,0.0,0.0,0.0
permutation_random,576,m,fpar_tuned,fpar,oblivious,-threshold 20750 -disable_hop_rtt_normalization,0.6,500000,2,346,186.379,70.03636445086704,61.9,148.812,186.379,44.972,42558,1531,0,0,20710,1531,0,0,3.597443488885756,0.0,3.597443488885756,0.0
permutation_random,576,m,reps_no_partition,reps_dfp,reps,,0.6,500000,2,346,72.7085,61.1395485549133,62.1843,69.4642,72.7085,44.972,42558,0,0,0,14159,0,0,0,0.0,0.0,0.0,0.0
permutation_random,576,m,reps_partition,reps_dfp,reps,-reps_partition_entropy -reps_escalate_threshold 0.2 -reps_warmup_explore_rtts 1.0 -reps_explore_prob 40,0.6,500000,2,346,67.489,57.52262658959542,57.117,65.4941,67.489,44.972,42558,0,0,0,12988,0,0,0,0.0,0.0,0.0,0.0
permutation_random,576,m,fpar_tuned,fpar,oblivious,-threshold 20750 -disable_hop_rtt_normalization,0.6,500000,3,346,136.852,69.53920462427743,61.1496,126.584,136.852,44.972,42558,1470,0,0,20696,1470,0,0,3.4541096856055264,0.0,3.4541096856055264,0.0
permutation_random,576,m,reps_no_partition,reps_dfp,reps,,0.6,500000,3,346,72.0411,62.06044768786125,63.0733,71.504,72.0411,44.972,42558,0,0,0,14351,0,0,0,0.0,0.0,0.0,0.0
permutation_random,576,m,reps_partition,reps_dfp,reps,-reps_partition_entropy -reps_escalate_threshold 0.2 -reps_warmup_explore_rtts 1.0 -reps_explore_prob 40,0.6,500000,3,346,64.9314,57.87264508670521,58.0669,64.3909,64.9314,44.972,42558,0,0,0,13305,0,0,0,0.0,0.0,0.0,0.0
permutation_random,576,m,fpar_tuned,fpar,oblivious,-threshold 20750 -disable_hop_rtt_normalization,0.6,500000,4,346,196.7,73.96308208092489,65.047,170.609,196.7,44.972,42558,1933,0,0,22352,1933,0,0,4.542036749847267,0.0,4.542036749847267,0.0
permutation_random,576,m,reps_no_partition,reps_dfp,reps,,0.6,500000,4,346,68.953,60.67724797687863,61.6541,67.176,68.953,44.972,42558,0,0,0,13823,0,0,0,0.0,0.0,0.0,0.0
permutation_random,576,m,reps_partition,reps_dfp,reps,-reps_partition_entropy -reps_escalate_threshold 0.2 -reps_warmup_explore_rtts 1.0 -reps_explore_prob 40,0.6,500000,4,346,66.1547,57.008967630057775,57.1363,64.1416,66.1547,44.972,42558,0,0,0,12915,0,0,0,0.0,0.0,0.0,0.0
permutation_random,576,m,fpar_tuned,fpar,oblivious,-threshold 20750 -disable_hop_rtt_normalization,0.6,500000,5,346,147.837,68.81649248554918,61.1946,133.829,147.837,45.0795,42558,1344,0,0,20078,1344,0,0,3.1580431411250527,0.0,3.1580431411250527,0.0
permutation_random,576,m,reps_no_partition,reps_dfp,reps,,0.6,500000,5,346,73.6789,62.81041502890169,63.9339,70.3483,73.6789,45.229,42558,0,0,0,14772,0,0,0,0.0,0.0,0.0,0.0
permutation_random,576,m,reps_partition,reps_dfp,reps,-reps_partition_entropy -reps_escalate_threshold 0.2 -reps_warmup_explore_rtts 1.0 -reps_explore_prob 40,0.6,500000,5,346,69.995,58.356482080924785,57.9741,68.4986,69.995,45.0898,42558,0,0,0,13375,0,0,0,0.0,0.0,0.0,0.0
permutation_random,576,m,fpar_tuned,fpar,oblivious,-threshold 20750 -disable_hop_rtt_normalization,0.6,2000000,1,346,800.195,250.60247398843936,203.393,596.552,800.195,167.693,169540,2118,0,0,95452,2118,0,0,1.2492627108646928,0.0,1.2492627108646928,0.0
permutation_random,576,m,reps_no_partition,reps_dfp,reps,,0.6,2000000,1,346,223.39,200.2468439306357,202.154,222.238,223.39,167.9,169540,20,0,0,64737,20,0,0,0.011796626164916833,0.0,0.011796626164916833,0.0
permutation_random,576,m,reps_partition,reps_dfp,reps,-reps_partition_entropy -reps_escalate_threshold 0.2 -reps_warmup_explore_rtts 1.0 -reps_explore_prob 40,0.6,2000000,1,346,213.226,189.43078323699402,189.276,208.823,213.226,167.784,169540,20,0,0,56446,20,0,0,0.011796626164916833,0.0,0.011796626164916833,0.0
permutation_random,576,m,fpar_tuned,fpar,oblivious,-threshold 20750 -disable_hop_rtt_normalization,0.6,2000000,2,346,692.471,244.41644797687874,195.129,626.246,692.471,166.851,169540,1888,0,0,93047,1888,0,0,1.113601509968149,0.0,1.113601509968149,0.0
permutation_random,576,m,reps_no_partition,reps_dfp,reps,,0.6,2000000,2,346,216.439,194.63259826589575,196.853,210.407,216.439,166.851,169540,0,0,0,60260,0,0,0,0.0,0.0,0.0,0.0
permutation_random,576,m,reps_partition,reps_dfp,reps,-reps_partition_entropy -reps_escalate_threshold 0.2 -reps_warmup_explore_rtts 1.0 -reps_explore_prob 40,0.6,2000000,2,346,208.6,184.41708381502883,183.828,201.101,208.6,166.851,169540,0,0,0,52690,0,0,0,0.0,0.0,0.0,0.0
permutation_random,576,m,fpar_tuned,fpar,oblivious,-threshold 20750 -disable_hop_rtt_normalization,0.6,2000000,3,346,504.034,240.51556647398857,196.983,486.337,504.034,166.851,169540,1898,0,0,91988,1898,0,0,1.1194998230506075,0.0,1.1194998230506075,0.0
permutation_random,576,m,reps_no_partition,reps_dfp,reps,,0.6,2000000,3,346,220.545,197.26023988439303,199.737,215.393,220.545,166.851,169540,10,0,0,62286,10,0,0,0.0058983130824584165,0.0,0.0058983130824584165,0.0
permutation_random,576,m,reps_partition,reps_dfp,reps,-reps_partition_entropy -reps_escalate_threshold 0.2 -reps_warmup_explore_rtts 1.0 -reps_explore_prob 40,0.6,2000000,3,346,217.852,190.24515317919094,191.227,208.779,217.852,166.851,169540,20,0,0,57277,20,0,0,0.011796626164916833,0.0,0.011796626164916833,0.0
permutation_random,576,m,fpar_tuned,fpar,oblivious,-threshold 20750 -disable_hop_rtt_normalization,0.6,2000000,4,346,793.214,260.45550289017336,202.415,672.428,793.214,166.851,169540,2340,0,0,98009,2340,0,0,1.3802052612952695,0.0,1.3802052612952695,0.0
permutation_random,576,m,reps_no_partition,reps_dfp,reps,,0.6,2000000,4,346,211.55,194.3935404624279,197.132,208.861,211.55,166.851,169540,0,0,0,59776,0,0,0,0.0,0.0,0.0,0.0
permutation_random,576,m,reps_partition,reps_dfp,reps,-reps_partition_entropy -reps_escalate_threshold 0.2 -reps_warmup_explore_rtts 1.0 -reps_explore_prob 40,0.6,2000000,4,346,209.42,184.56195375722544,184.631,199.078,209.42,166.851,169540,0,0,0,52910,0,0,0,0.0,0.0,0.0,0.0
permutation_random,576,m,fpar_tuned,fpar,oblivious,-threshold 20750 -disable_hop_rtt_normalization,0.6,2000000,5,346,534.988,235.75510404624256,194.832,510.684,534.988,167.712,169540,1698,0,0,90590,1698,0,0,1.0015335614014391,0.0,1.0015335614014391,0.0
permutation_random,576,m,reps_no_partition,reps_dfp,reps,,0.6,2000000,5,346,218.529,198.4354393063585,200.877,215.437,218.529,167.715,169540,8,0,0,63674,8,0,0,0.0047186504659667335,0.0,0.0047186504659667335,0.0
permutation_random,576,m,reps_partition,reps_dfp,reps,-reps_partition_entropy -reps_escalate_threshold 0.2 -reps_warmup_explore_rtts 1.0 -reps_explore_prob 40,0.6,2000000,5,346,213.349,189.12039306358386,189.448,207.301,213.349,167.602,169540,0,0,0,56777,0,0,0,0.0,0.0,0.0,0.0
permutation_random,576,m,fpar_tuned,fpar,oblivious,-threshold 20750 -disable_hop_rtt_normalization,0.6,10000000,1,346,3852.65,1207.6285838150293,966.383,3333.56,3852.65,820.599,847008,2758,0,0,504057,2758,0,0,0.3256167592277759,0.0,0.3256167592277759,0.0
permutation_random,576,m,reps_no_partition,reps_dfp,reps,,0.6,10000000,1,346,1086.4,931.1658121387292,934.798,1045.11,1086.4,821.306,847008,83,0,0,328115,83,0,0,0.009799199063054894,0.0,0.009799199063054894,0.0
permutation_random,576,m,reps_partition,reps_dfp,reps,-reps_partition_entropy -reps_escalate_threshold 0.2 -reps_warmup_explore_rtts 1.0 -reps_explore_prob 40,0.6,10000000,1,346,1187.26,931.8841242774566,928.494,1154.41,1187.26,821.519,847008,508,0,0,325678,508,0,0,0.05997582077146851,0.0,0.05997582077146851,0.0
permutation_random,576,m,fpar_tuned,fpar,oblivious,-threshold 20750 -disable_hop_rtt_normalization,0.6,10000000,2,346,3360.65,1164.1283208092498,931.556,2978.99,3360.65,816.876,847008,2355,0,0,492653,2355,0,0,0.27803751558426837,0.0,0.27803751558426837,0.0
permutation_random,576,m,reps_no_partition,reps_dfp,reps,,0.6,10000000,2,346,1043.75,909.6355375722544,915.038,998.059,1043.75,816.876,847008,40,0,0,306290,40,0,0,0.004722505572556576,0.0,0.004722505572556576,0.0
permutation_random,576,m,reps_partition,reps_dfp,reps,-reps_partition_entropy -reps_escalate_threshold 0.2 -reps_warmup_explore_rtts 1.0 -reps_explore_prob 40,0.6,10000000,2,346,1118.13,905.4718439306364,904.638,1080.35,1118.13,816.876,847008,166,0,0,303280,166,0,0,0.01959839812610979,0.0,0.01959839812610979,0.0
permutation_random,576,m,fpar_tuned,fpar,oblivious,-threshold 20750 -disable_hop_rtt_normalization,0.6,10000000,3,346,2635.09,1164.5147138728323,950.427,2492.41,2635.09,816.876,847008,2594,0,0,495291,2594,0,0,0.30625448638029396,0.0,0.30625448638029396,0.0
permutation_random,576,m,reps_no_partition,reps_dfp,reps,,0.6,10000000,3,346,1042.49,921.6094826589604,930.66,1013.68,1042.49,816.876,847008,46,0,0,316383,46,0,0,0.0054308814084400615,0.0,0.0054308814084400615,0.0
permutation_random,576,m,reps_partition,reps_dfp,reps,-reps_partition_entropy -reps_escalate_threshold 0.2 -reps_warmup_explore_rtts 1.0 -reps_explore_prob 40,0.6,10000000,3,346,1177.26,926.2619855491328,925.408,1136.54,1177.26,816.876,847008,401,0,0,321315,401,0,0,0.04734311836487967,0.0,0.04734311836487967,0.0
permutation_random,576,m,fpar_tuned,fpar,oblivious,-threshold 20750 -disable_hop_rtt_normalization,0.6,10000000,4,346,3793.39,1238.9471416184967,962.42,3189.9,3793.39,816.876,847008,2864,0,0,511189,2864,0,0,0.3381313989950508,0.0,0.3381313989950508,0.0
permutation_random,576,m,reps_no_partition,reps_dfp,reps,,0.6,10000000,4,346,1003.04,906.2749479768787,914.534,980.284,1003.04,816.876,847008,5,0,0,300784,5,0,0,0.000590313196569572,0.0,0.000590313196569572,0.0
permutation_random,576,m,reps_partition,reps_dfp,reps,-reps_partition_entropy -reps_escalate_threshold 0.2 -reps_warmup_explore_rtts 1.0 -reps_explore_prob 40,0.6,10000000,4,346,1030.67,903.934387283237,908.266,1007.21,1030.67,816.876,847008,109,0,0,304180,109,0,0,0.01286882768521667,0.0,0.01286882768521667,0.0
permutation_random,576,m,fpar_tuned,fpar,oblivious,-threshold 20750 -disable_hop_rtt_normalization,0.6,10000000,5,346,2591.67,1129.1041184971102,917.132,2459.87,2591.67,821.306,847008,2068,0,0,481241,2068,0,0,0.24415353810117496,0.0,0.24415353810117496,0.0
permutation_random,576,m,reps_no_partition,reps_dfp,reps,,0.6,10000000,5,346,1099.76,923.8812832369939,930.67,1010.53,1099.76,821.334,847008,23,0,0,321794,23,0,0,0.0027154407042200308,0.0,0.0027154407042200308,0.0
permutation_random,576,m,reps_partition,reps_dfp,reps,-reps_partition_entropy -reps_escalate_threshold 0.2 -reps_warmup_explore_rtts 1.0 -reps_explore_prob 40,0.6,10000000,5,346,1151.6,923.5826069364155,924.352,1096.0,1151.6,821.282,847008,206,0,0,320564,206,0,0,0.024320903698666366,0.0,0.024320903698666366,0.0
permutation_random,576,m,fpar_tuned,fpar,oblivious,-threshold 20750 -disable_hop_rtt_normalization,0.7,100000,1,403,42.6616,23.82326153846155,22.657,37.3405,42.6616,12.6462,10075,18,0,0,3359,18,0,0,0.17866004962779156,0.0,0.17866004962779156,0.0
permutation_random,576,m,reps_no_partition,reps_dfp,reps,,0.7,100000,1,403,31.4917,24.50014243176179,24.7976,29.4638,31.4917,12.6411,10075,0,0,0,3151,0,0,0,0.0,0.0,0.0,0.0
permutation_random,576,m,reps_partition,reps_dfp,reps,-reps_partition_entropy -reps_escalate_threshold 0.2 -reps_warmup_explore_rtts 1.0 -reps_explore_prob 40,0.7,100000,1,403,29.6472,24.75807196029777,25.1443,28.9752,29.6472,12.6451,10075,0,0,0,3155,0,0,0,0.0,0.0,0.0,0.0
permutation_random,576,m,fpar_tuned,fpar,oblivious,-threshold 20750 -disable_hop_rtt_normalization,0.7,100000,2,403,42.4851,23.715920347394555,22.9291,36.9397,42.4851,12.4702,10075,14,0,0,3366,14,0,0,0.13895781637717122,0.0,0.13895781637717122,0.0
permutation_random,576,m,reps_no_partition,reps_dfp,reps,,0.7,100000,2,403,29.4866,24.11480967741936,24.6336,28.1494,29.4866,12.4702,10075,0,0,0,3148,0,0,0,0.0,0.0,0.0,0.0
permutation_random,576,m,reps_partition,reps_dfp,reps,-reps_partition_entropy -reps_escalate_threshold 0.2 -reps_warmup_explore_rtts 1.0 -reps_explore_prob 40,0.7,100000,2,403,30.4496,24.488164764267996,25.1136,29.621,30.4496,12.4702,10075,0,0,0,3144,0,0,0,0.0,0.0,0.0,0.0
permutation_random,576,m,fpar_tuned,fpar,oblivious,-threshold 20750 -disable_hop_rtt_normalization,0.7,100000,3,403,39.9192,24.12901414392059,22.8016,38.0934,39.9192,12.4702,10075,12,0,0,3480,12,0,0,0.11910669975186104,0.0,0.11910669975186104,0.0
permutation_random,576,m,reps_no_partition,reps_dfp,reps,,0.7,100000,3,403,31.1512,24.37912456575683,24.9576,28.4576,31.1512,12.4702,10075,0,0,0,3131,0,0,0,0.0,0.0,0.0,0.0
permutation_random,576,m,reps_partition,reps_dfp,reps,-reps_partition_entropy -reps_escalate_threshold 0.2 -reps_warmup_explore_rtts 1.0 -reps_explore_prob 40,0.7,100000,3,403,30.621,24.89099875930523,25.3323,29.3357,30.621,12.4702,10075,0,0,0,3147,0,0,0,0.0,0.0,0.0,0.0
permutation_random,576,m,fpar_tuned,fpar,oblivious,-threshold 20750 -disable_hop_rtt_normalization,0.7,100000,4,403,39.0934,24.20384267990075,22.9821,38.2574,39.0934,12.4702,10075,12,0,0,3481,12,0,0,0.11910669975186104,0.0,0.11910669975186104,0.0
permutation_random,576,m,reps_no_partition,reps_dfp,reps,,0.7,100000,4,403,29.985,24.016320347394565,24.6478,28.149,29.985,12.4702,10075,0,0,0,3107,0,0,0,0.0,0.0,0.0,0.0
permutation_random,576,m,reps_partition,reps_dfp,reps,-reps_partition_entropy -reps_escalate_threshold 0.2 -reps_warmup_explore_rtts 1.0 -reps_explore_prob 40,0.7,100000,4,403,29.9803,24.32487791563276,24.9776,29.0947,29.9803,12.4702,10075,0,0,0,3165,0,0,0,0.0,0.0,0.0,0.0
permutation_random,576,m,fpar_tuned,fpar,oblivious,-threshold 20750 -disable_hop_rtt_normalization,0.7,100000,5,403,37.2666,23.543590074441706,22.2838,36.2416,37.2666,12.4702,10075,0,0,0,3434,0,0,0,0.0,0.0,0.0,0.0
permutation_random,576,m,reps_no_partition,reps_dfp,reps,,0.7,100000,5,403,30.3283,24.37248908188584,24.9747,28.4576,30.3283,12.4702,10075,0,0,0,3122,0,0,0,0.0,0.0,0.0,0.0
permutation_random,576,m,reps_partition,reps_dfp,reps,-reps_partition_entropy -reps_escalate_threshold 0.2 -reps_warmup_explore_rtts 1.0 -reps_explore_prob 40,0.7,100000,5,403,29.7536,24.548571464019847,25.141,28.4763,29.7536,12.4702,10075,0,0,0,3167,0,0,0,0.0,0.0,0.0,0.0
permutation_random,576,m,fpar_tuned,fpar,oblivious,-threshold 20750 -disable_hop_rtt_normalization,0.7,500000,1,403,185.938,72.7892444168734,67.1427,150.949,185.938,45.591,49569,2034,0,0,25470,2034,0,0,4.103371058524481,0.0,4.103371058524481,0.0
permutation_random,576,m,reps_no_partition,reps_dfp,reps,,0.7,500000,1,403,82.4757,67.59494416873447,69.0749,77.1818,82.4757,45.2835,49569,3,0,0,20503,3,0,0,0.006052169702838468,0.0,0.006052169702838468,0.0
permutation_random,576,m,reps_partition,reps_dfp,reps,-reps_partition_entropy -reps_escalate_threshold 0.2 -reps_warmup_explore_rtts 1.0 -reps_explore_prob 40,0.7,500000,1,403,73.0507,61.45281712158809,61.6398,71.3787,73.0507,45.1862,49569,3,0,0,17304,3,0,0,0.006052169702838468,0.0,0.006052169702838468,0.0
permutation_random,576,m,fpar_tuned,fpar,oblivious,-threshold 20750 -disable_hop_rtt_normalization,0.7,500000,2,403,159.834,72.2821193548387,66.0357,136.325,159.834,44.972,49569,1949,0,0,25891,1949,0,0,3.931892916944058,0.0,3.931892916944058,0.0
permutation_random,576,m,reps_no_partition,reps_dfp,reps,,0.7,500000,2,403,78.3798,66.77838808933004,68.5834,77.5584,78.3798,44.972,49569,24,0,0,19652,24,0,0,0.04841735762270774,0.0,0.04841735762270774,0.0
permutation_random,576,m,reps_partition,reps_dfp,reps,-reps_partition_entropy -reps_escalate_threshold 0.2 -reps_warmup_explore_rtts 1.0 -reps_explore_prob 40,0.7,500000,2,403,73.3571,60.82673300248136,60.8168,71.6971,73.3571,44.972,49569,8,0,0,16845,8,0,0,0.016139119207569247,0.0,0.016139119207569247,0.0
permutation_random,576,m,fpar_tuned,fpar,oblivious,-threshold 20750 -disable_hop_rtt_normalization,0.7,500000,3,403,146.464,73.36871712158808,66.9458,136.057,146.464,44.972,49569,2227,0,0,25592,2227,0,0,4.492727309407089,0.0,4.492727309407089,0.0
permutation_random,576,m,reps_no_partition,reps_dfp,reps,,0.7,500000,3,403,78.792,67.4294506203474,68.9651,77.4056,78.792,44.972,49569,3,0,0,20519,3,0,0,0.006052169702838468,0.0,0.006052169702838468,0.0
permutation_random,576,m,reps_partition,reps_dfp,reps,-reps_partition_entropy -reps_escalate_threshold 0.2 -reps_warmup_explore_rtts 1.0 -reps_explore_prob 40,0.7,500000,3,403,73.1147,61.237788089330024,61.4856,71.7998,73.1147,44.972,49569,0,0,0,17260,0,0,0,0.0,0.0,0.0,0.0
permutation_random,576,m,fpar_tuned,fpar,oblivious,-threshold 20750 -disable_hop_rtt_normalization,0.7,500000,4,403,168.784,73.93207468982627,66.9162,153.976,168.784,45.0744,49569,2293,0,0,26363,2293,0,0,4.625875042869535,0.0,4.625875042869535,0.0
permutation_random,576,m,reps_no_partition,reps_dfp,reps,,0.7,500000,4,403,78.1374,65.4714853598015,67.0331,75.7861,78.1374,45.1102,49569,1,0,0,18969,1,0,0,0.002017389900946156,0.0,0.002017389900946156,0.0
permutation_random,576,m,reps_partition,reps_dfp,reps,-reps_partition_entropy -reps_escalate_threshold 0.2 -reps_warmup_explore_rtts 1.0 -reps_explore_prob 40,0.7,500000,4,403,69.9504,59.7491193548387,60.1616,67.8374,69.9504,45.0949,49569,0,0,0,16422,0,0,0,0.0,0.0,0.0,0.0
permutation_random,576,m,fpar_tuned,fpar,oblivious,-threshold 20750 -disable_hop_rtt_normalization,0.7,500000,5,403,139.735,71.37571191066998,63.6118,133.587,139.735,45.0744,49569,1947,0,0,24577,1947,0,0,3.9278581371421653,0.0,3.9278581371421653,0.0
permutation_random,576,m,reps_no_partition,reps_dfp,reps,,0.7,500000,5,403,77.9314,67.04749131513645,68.4872,77.1243,77.9314,45.1965,49569,6,0,0,20277,6,0,0,0.012104339405676935,0.0,0.012104339405676935,0.0
permutation_random,576,m,reps_partition,reps_dfp,reps,-reps_partition_entropy -reps_escalate_threshold 0.2 -reps_warmup_explore_rtts 1.0 -reps_explore_prob 40,0.7,500000,5,403,71.2293,61.99839826302729,62.501,70.6374,71.2293,45.2642,49569,0,0,0,17492,0,0,0,0.0,0.0,0.0,0.0
permutation_random,576,m,fpar_tuned,fpar,oblivious,-threshold 20750 -disable_hop_rtt_normalization,0.7,2000000,1,403,765.759,256.3221687344912,211.418,630.458,765.759,168.479,197470,2790,0,0,115481,2790,0,0,1.41287284144427,0.0,1.41287284144427,0.0
permutation_random,576,m,reps_no_partition,reps_dfp,reps,,0.7,2000000,1,403,292.664,215.09264764267985,219.051,247.567,292.664,168.149,197470,165,0,0,93288,165,0,0,0.08355699599939231,0.0,0.08355699599939231,0.0
permutation_random,576,m,reps_partition,reps_dfp,reps,-reps_partition_entropy -reps_escalate_threshold 0.2 -reps_warmup_explore_rtts 1.0 -reps_explore_prob 40,0.7,2000000,1,403,253.273,207.7039131513648,210.139,237.898,253.273,167.958,197470,128,0,0,84885,128,0,0,0.06481997265407403,0.0,0.06481997265407403,0.0
permutation_random,576,m,fpar_tuned,fpar,oblivious,-threshold 20750 -disable_hop_rtt_normalization,0.7,2000000,2,403,674.783,254.55172456575687,210.058,522.833,674.783,166.851,197470,2652,0,0,115469,2652,0,0,1.3429888084265964,0.0,1.3429888084265964,0.0
permutation_random,576,m,reps_no_partition,reps_dfp,reps,,0.7,2000000,2,403,241.397,212.14596526054592,216.133,236.003,241.397,166.851,197470,188,0,0,88668,188,0,0,0.09520433483567124,0.0,0.09520433483567124,0.0
permutation_random,576,m,reps_partition,reps_dfp,reps,-reps_partition_entropy -reps_escalate_threshold 0.2 -reps_warmup_explore_rtts 1.0 -reps_explore_prob 40,0.7,2000000,2,403,233.937,204.0485136476428,206.731,225.102,233.937,166.851,197470,128,0,0,80232,128,0,0,0.06481997265407403,0.0,0.06481997265407403,0.0
permutation_random,576,m,fpar_tuned,fpar,oblivious,-threshold 20750 -disable_hop_rtt_normalization,0.7,2000000,3,403,622.884,262.51568238213383,212.846,580.212,622.884,166.851,197470,3155,0,0,113591,3155,0,0,1.597711044715653,0.0,1.597711044715653,0.0
permutation_random,576,m,reps_no_partition,reps_dfp,reps,,0.7,2000000,3,403,258.274,215.7452555831264,218.686,241.079,258.274,166.851,197470,211,0,0,93228,211,0,0,0.10685167367195017,0.0,0.10685167367195017,0.0
permutation_random,576,m,reps_partition,reps_dfp,reps,-reps_partition_entropy -reps_escalate_threshold 0.2 -reps_warmup_explore_rtts 1.0 -reps_explore_prob 40,0.7,2000000,3,403,248.465,208.51835732009928,211.151,244.167,248.465,166.851,197470,165,0,0,85734,165,0,0,0.08355699599939231,0.0,0.08355699599939231,0.0
permutation_random,576,m,fpar_tuned,fpar,oblivious,-threshold 20750 -disable_hop_rtt_normalization,0.7,2000000,4,403,690.534,261.87663523573207,210.506,617.752,690.534,167.491,197470,2930,0,0,115940,2930,0,0,1.4837696865346635,0.0,1.4837696865346635,0.0
permutation_random,576,m,reps_no_partition,reps_dfp,reps,,0.7,2000000,4,403,230.551,209.61487344913152,214.354,227.857,230.551,167.629,197470,56,0,0,85142,56,0,0,0.02835873803615739,0.0,0.02835873803615739,0.0
permutation_random,576,m,reps_partition,reps_dfp,reps,-reps_partition_entropy -reps_escalate_threshold 0.2 -reps_warmup_explore_rtts 1.0 -reps_explore_prob 40,0.7,2000000,4,403,221.94,200.8338585607942,204.102,219.615,221.94,167.578,197470,83,0,0,76754,83,0,0,0.042031701017876136,0.0,0.042031701017876136,0.0
permutation_random,576,m,fpar_tuned,fpar,oblivious,-threshold 20750 -disable_hop_rtt_normalization,0.7,2000000,5,403,520.388,251.17701985111674,200.248,505.293,520.388,168.003,197470,2615,0,0,111244,2615,0,0,1.3242517850812783,0.0,1.3242517850812783,0.0
permutation_random,576,m,reps_no_partition,reps_dfp,reps,,0.7,2000000,5,403,273.741,214.9044069478908,219.356,240.898,273.741,167.821,197470,228,0,0,90635,228,0,0,0.11546057629006938,0.0,0.11546057629006938,0.0
permutation_random,576,m,reps_partition,reps_dfp,reps,-reps_partition_entropy -reps_escalate_threshold 0.2 -reps_warmup_explore_rtts 1.0 -reps_explore_prob 40,0.7,2000000,5,403,265.259,207.97235483870952,211.417,229.388,265.259,167.496,197470,239,0,0,83994,239,0,0,0.12103104269002886,0.0,0.12103104269002886,0.0
permutation_random,576,m,fpar_tuned,fpar,oblivious,-threshold 20750 -disable_hop_rtt_normalization,0.7,10000000,1,403,3760.46,1236.6445260545906,1020.48,3109.6,3760.46,822.602,986544,3874,0,0,605596,3874,0,0,0.3926839553025511,0.0,0.3926839553025511,0.0
permutation_random,576,m,reps_no_partition,reps_dfp,reps,,0.7,10000000,1,403,1360.85,1002.1575856079405,999.45,1257.35,1360.85,822.279,986544,320,0,0,442567,320,0,0,0.03243646507403623,0.0,0.03243646507403623,0.0
permutation_random,576,m,reps_partition,reps_dfp,reps,-reps_partition_entropy -reps_escalate_threshold 0.2 -reps_warmup_explore_rtts 1.0 -reps_explore_prob 40,0.7,10000000,1,403,1524.88,1010.4393945409438,1000.13,1304.89,1524.88,821.805,986544,551,0,0,439720,551,0,0,0.055851538299356136,0.0,0.055851538299356136,0.0
permutation_random,576,m,fpar_tuned,fpar,oblivious,-threshold 20750 -disable_hop_rtt_normalization,0.7,10000000,2,403,3376.0,1223.1455111662535,1015.47,2553.61,3376.0,816.876,986544,3362,0,0,610382,3362,0,0,0.3407856111840932,0.0,0.3407856111840932,0.0
permutation_random,576,m,reps_no_partition,reps_dfp,reps,,0.7,10000000,2,403,1334.19,988.1354143920597,991.738,1256.82,1334.19,816.876,986544,395,0,0,427918,395,0,0,0.04003876157576347,0.0,0.04003876157576347,0.0
permutation_random,576,m,reps_partition,reps_dfp,reps,-reps_partition_entropy -reps_escalate_threshold 0.2 -reps_warmup_explore_rtts 1.0 -reps_explore_prob 40,0.7,10000000,2,403,1410.82,993.0580496277917,986.929,1338.13,1410.82,816.876,986544,615,0,0,426131,615,0,0,0.06233883131416338,0.0,0.06233883131416338,0.0
permutation_random,576,m,fpar_tuned,fpar,oblivious,-threshold 20750 -disable_hop_rtt_normalization,0.7,10000000,3,403,2994.3,1261.5881538461535,1020.81,2695.04,2994.3,816.876,986544,4065,0,0,601439,4065,0,0,0.4120444703936165,0.0,0.4120444703936165,0.0
permutation_random,576,m,reps_no_partition,reps_dfp,reps,,0.7,10000000,3,403,1322.42,1005.8890496277921,1000.21,1278.75,1322.42,816.876,986544,391,0,0,443999,391,0,0,0.03963330576233802,0.0,0.03963330576233802,0.0
permutation_random,576,m,reps_partition,reps_dfp,reps,-reps_partition_entropy -reps_escalate_threshold 0.2 -reps_warmup_explore_rtts 1.0 -reps_explore_prob 40,0.7,10000000,3,403,1438.63,1012.0052307692309,997.963,1312.45,1438.63,816.876,986544,513,0,0,439201,513,0,0,0.05199970807181433,0.0,0.05199970807181433,0.0
permutation_random,576,m,fpar_tuned,fpar,oblivious,-threshold 20750 -disable_hop_rtt_normalization,0.7,10000000,4,403,3612.94,1260.5943796526055,1002.55,3157.37,3612.94,820.381,986544,3625,0,0,609287,3625,0,0,0.36744433091681666,0.0,0.36744433091681666,0.0
permutation_random,576,m,reps_no_partition,reps_dfp,reps,,0.7,10000000,4,403,1232.24,976.7068362282889,987.025,1163.51,1232.24,821.161,986544,200,0,0,423384,200,0,0,0.020272790671272644,0.0,0.020272790671272644,0.0
permutation_random,576,m,reps_partition,reps_dfp,reps,-reps_partition_entropy -reps_escalate_threshold 0.2 -reps_warmup_explore_rtts 1.0 -reps_explore_prob 40,0.7,10000000,4,403,1289.25,981.1020248138954,982.316,1238.32,1289.25,821.438,986544,424,0,0,421944,424,0,0,0.04297831622309801,0.0,0.04297831622309801,0.0
permutation_random,576,m,fpar_tuned,fpar,oblivious,-threshold 20750 -disable_hop_rtt_normalization,0.7,10000000,5,403,2570.99,1202.4842109181134,966.806,2491.45,2570.99,821.935,986544,3340,0,0,596148,3340,0,0,0.33855560421025316,0.0,0.33855560421025316,0.0
permutation_random,576,m,reps_no_partition,reps_dfp,reps,,0.7,10000000,5,403,1284.35,1001.6368808933001,1004.71,1223.78,1284.35,821.42,986544,505,0,0,437758,505,0,0,0.05118879644496343,0.0,0.05118879644496343,0.0
permutation_random,576,m,reps_partition,reps_dfp,reps,-reps_partition_entropy -reps_escalate_threshold 0.2 -reps_warmup_explore_rtts 1.0 -reps_explore_prob 40,0.7,10000000,5,403,1415.93,1008.4431687344913,1000.42,1286.38,1415.93,820.281,986544,544,0,0,436182,544,0,0,0.055141990625861594,0.0,0.055141990625861594,0.0
permutation_random,576,m,fpar_tuned,fpar,oblivious,-threshold 20750 -disable_hop_rtt_normalization,0.8,100000,1,461,42.3603,24.33520976138829,23.481,37.5432,42.3603,12.6565,11525,16,0,0,3856,16,0,0,0.13882863340563992,0.0,0.13882863340563992,0.0
permutation_random,576,m,reps_no_partition,reps_dfp,reps,,0.8,100000,1,461,30.9416,25.38627657266813,25.9718,29.9507,30.9416,12.4805,11525,0,0,0,3625,0,0,0,0.0,0.0,0.0,0.0
permutation_random,576,m,reps_partition,reps_dfp,reps,-reps_partition_entropy -reps_escalate_threshold 0.2 -reps_warmup_explore_rtts 1.0 -reps_explore_prob 40,0.8,100000,1,461,32.961,25.689467245119292,26.2976,30.6318,32.961,12.4805,11525,0,0,0,3675,0,0,0,0.0,0.0,0.0,0.0
permutation_random,576,m,fpar_tuned,fpar,oblivious,-threshold 20750 -disable_hop_rtt_normalization,0.8,100000,2,461,39.4459,24.299330802603034,23.4536,37.2939,39.4459,12.4702,11525,5,0,0,3907,5,0,0,0.04338394793926247,0.0,0.04338394793926247,0.0
permutation_random,576,m,reps_no_partition,reps_dfp,reps,,0.8,100000,2,461,30.9467,25.19484338394795,25.9656,29.4934,30.9467,12.4702,11525,0,0,0,3661,0,0,0,0.0,0.0,0.0,0.0
permutation_random,576,m,reps_partition,reps_dfp,reps,-reps_partition_entropy -reps_escalate_threshold 0.2 -reps_warmup_explore_rtts 1.0 -reps_explore_prob 40,0.8,100000,2,461,31.9923,25.39429631236444,25.9992,30.3003,31.9923,12.4702,11525,0,0,0,3671,0,0,0,0.0,0.0,0.0,0.0
permutation_random,576,m,fpar_tuned,fpar,oblivious,-threshold 20750 -disable_hop_rtt_normalization,0.8,100000,3,461,40.7597,24.644670281995655,23.3176,37.2376,40.7597,12.4702,11525,9,0,0,3994,9,0,0,0.07809110629067245,0.0,0.07809110629067245,0.0
permutation_random,576,m,reps_no_partition,reps_dfp,reps,,0.8,100000,3,461,31.7878,25.643140780911068,26.1427,30.6744,31.7878,12.4702,11525,0,0,0,3668,0,0,0,0.0,0.0,0.0,0.0
permutation_random,576,m,reps_partition,reps_dfp,reps,-reps_partition_entropy -reps_escalate_threshold 0.2 -reps_warmup_explore_rtts 1.0 -reps_explore_prob 40,0.8,100000,3,461,32.7656,25.906076355748375,26.3016,32.0976,32.7656,12.4702,11525,0,0,0,3723,0,0,0,0.0,0.0,0.0,0.0
permutation_random,576,m,fpar_tuned,fpar,oblivious,-threshold 20750 -disable_hop_rtt_normalization,0.8,100000,4,461,41.4288,25.06650694143166,23.8368,40.0011,41.4288,12.4702,11525,31,0,0,4129,31,0,0,0.26898047722342733,0.0,0.26898047722342733,0.0
permutation_random,576,m,reps_no_partition,reps_dfp,reps,,0.8,100000,4,461,30.6461,25.132672017353606,25.965,29.6341,30.6461,12.4702,11525,0,0,0,3648,0,0,0,0.0,0.0,0.0,0.0
permutation_random,576,m,reps_partition,reps_dfp,reps,-reps_partition_entropy -reps_escalate_threshold 0.2 -reps_warmup_explore_rtts 1.0 -reps_explore_prob 40,0.8,100000,4,461,30.4701,25.06770997830802,25.809,29.641,30.4701,12.4702,11525,0,0,0,3624,0,0,0,0.0,0.0,0.0,0.0
permutation_random,576,m,fpar_tuned,fpar,oblivious,-threshold 20750 -disable_hop_rtt_normalization,0.8,100000,5,461,44.9742,24.50164229934926,23.2987,42.6104,44.9742,12.4702,11525,37,0,0,4076,37,0,0,0.3210412147505423,0.0,0.3210412147505423,0.0
permutation_random,576,m,reps_no_partition,reps_dfp,reps,,0.8,100000,5,461,30.3032,25.360052928416465,25.9701,29.801,30.3032,12.4702,11525,0,0,0,3646,0,0,0,0.0,0.0,0.0,0.0
permutation_random,576,m,reps_partition,reps_dfp,reps,-reps_partition_entropy -reps_escalate_threshold 0.2 -reps_warmup_explore_rtts 1.0 -reps_explore_prob 40,0.8,100000,5,461,33.6026,26.040125596529283,26.4416,31.8304,33.6026,12.4702,11525,0,0,0,3702,0,0,0,0.0,0.0,0.0,0.0
permutation_random,576,m,fpar_tuned,fpar,oblivious,-threshold 20750 -disable_hop_rtt_normalization,0.8,500000,1,461,177.567,74.28747592190894,68.6888,152.261,177.567,45.6258,56703,2506,0,0,29747,2506,0,0,4.41951924942243,0.0,4.41951924942243,0.0
permutation_random,576,m,reps_no_partition,reps_dfp,reps,,0.8,500000,1,461,82.5782,72.91684793926245,75.2454,82.3749,82.5782,45.3154,56703,151,0,0,28376,151,0,0,0.26629984304181437,0.0,0.26629984304181437,0.0
permutation_random,576,m,reps_partition,reps_dfp,reps,-reps_partition_entropy -reps_escalate_threshold 0.2 -reps_warmup_explore_rtts 1.0 -reps_explore_prob 40,0.8,500000,1,461,77.0296,65.07425119305859,65.4992,75.4694,77.0296,45.2893,56703,16,0,0,22204,16,0,0,0.02821720191171543,0.0,0.02821720191171543,0.0
permutation_random,576,m,fpar_tuned,fpar,oblivious,-threshold 20750 -disable_hop_rtt_normalization,0.8,500000,2,461,194.606,75.17425162689804,69.8683,143.875,194.606,44.972,56703,2667,0,0,31111,2667,0,0,4.703454843659066,0.0,4.703454843659066,0.0
permutation_random,576,m,reps_no_partition,reps_dfp,reps,,0.8,500000,2,461,83.4986,71.67067722342735,74.0456,82.7669,83.4986,44.972,56703,62,0,0,27623,62,0,0,0.1093416574078973,0.0,0.1093416574078973,0.0
permutation_random,576,m,reps_partition,reps_dfp,reps,-reps_partition_entropy -reps_escalate_threshold 0.2 -reps_warmup_explore_rtts 1.0 -reps_explore_prob 40,0.8,500000,2,461,77.1792,64.04626572668114,64.6301,75.0614,77.1792,44.972,56703,9,0,0,21556,9,0,0,0.01587217607533993,0.0,0.01587217607533993,0.0
permutation_random,576,m,fpar_tuned,fpar,oblivious,-threshold 20750 -disable_hop_rtt_normalization,0.8,500000,3,461,177.374,74.51184403470718,68.269,133.564,177.374,45.0744,56703,2705,0,0,29603,2705,0,0,4.770470698199389,0.0,4.770470698199389,0.0
permutation_random,576,m,reps_no_partition,reps_dfp,reps,,0.8,500000,3,461,84.124,73.15419067245121,75.4366,83.4638,84.124,45.1822,56703,94,0,0,28991,94,0,0,0.16577606123132815,0.0,0.16577606123132815,0.0
permutation_random,576,m,reps_partition,reps_dfp,reps,-reps_partition_entropy -reps_escalate_threshold 0.2 -reps_warmup_explore_rtts 1.0 -reps_explore_prob 40,0.8,500000,3,461,77.1035,66.0003210412148,66.7979,76.2698,77.1035,45.2806,56703,2,0,0,23115,2,0,0,0.0035271502389644287,0.0,0.0035271502389644287,0.0
permutation_random,576,m,fpar_tuned,fpar,oblivious,-threshold 20750 -disable_hop_rtt_normalization,0.8,500000,4,461,184.866,78.11979197396967,69.6914,165.585,184.866,45.0795,56703,3494,0,0,31469,3494,0,0,6.161931467470857,0.0,6.161931467470857,0.0
permutation_random,576,m,reps_no_partition,reps_dfp,reps,,0.8,500000,4,461,80.1499,71.10014642082429,73.8408,79.369,80.1499,45.1051,56703,31,0,0,26874,31,0,0,0.05467082870394865,0.0,0.05467082870394865,0.0
permutation_random,576,m,reps_partition,reps_dfp,reps,-reps_partition_entropy -reps_escalate_threshold 0.2 -reps_warmup_explore_rtts 1.0 -reps_explore_prob 40,0.8,500000,4,461,75.0438,64.0684865509761,65.2294,73.0398,75.0438,45.2181,56703,2,0,0,21372,2,0,0,0.0035271502389644287,0.0,0.0035271502389644287,0.0
permutation_random,576,m,fpar_tuned,fpar,oblivious,-threshold 20750 -disable_hop_rtt_normalization,0.8,500000,5,461,184.743,74.7830251626898,67.6062,170.073,184.743,45.0795,56703,2661,0,0,29902,2661,0,0,4.692873392942173,0.0,4.692873392942173,0.0
permutation_random,576,m,reps_no_partition,reps_dfp,reps,,0.8,500000,5,461,87.152,73.42633839479396,75.4899,85.824,87.152,45.275,56703,99,0,0,28832,99,0,0,0.17459393682873922,0.0,0.17459393682873922,0.0
permutation_random,576,m,reps_partition,reps_dfp,reps,-reps_partition_entropy -reps_escalate_threshold 0.2 -reps_warmup_explore_rtts 1.0 -reps_explore_prob 40,0.8,500000,5,461,75.369,65.540710845987,66.4696,74.5762,75.369,45.1256,56703,29,0,0,22671,29,0,0,0.051143678464984216,0.0,0.051143678464984216,0.0
permutation_random,576,m,fpar_tuned,fpar,oblivious,-threshold 20750 -disable_hop_rtt_normalization,0.8,2000000,1,461,726.074,264.3227895878524,223.273,627.836,726.074,168.228,225890,3655,0,0,132949,3655,0,0,1.6180441807959627,0.0,1.6180441807959627,0.0
permutation_random,576,m,reps_no_partition,reps_dfp,reps,,0.8,2000000,1,461,358.737,232.2101496746204,233.534,307.52,358.737,167.931,225890,498,0,0,125289,498,0,0,0.22046128646686441,0.0,0.22046128646686441,0.0
permutation_random,576,m,reps_partition,reps_dfp,reps,-reps_partition_entropy -reps_escalate_threshold 0.2 -reps_warmup_explore_rtts 1.0 -reps_explore_prob 40,0.8,2000000,1,461,341.287,226.7625357917572,227.341,308.93,341.287,167.834,225890,513,0,0,118055,513,0,0,0.22710168666164948,0.0,0.22710168666164948,0.0
permutation_random,576,m,fpar_tuned,fpar,oblivious,-threshold 20750 -disable_hop_rtt_normalization,0.8,2000000,2,461,772.565,266.68545336225594,231.575,574.783,772.565,166.851,225890,3672,0,0,133576,3672,0,0,1.6255699676833857,0.0,1.6255699676833857,0.0
permutation_random,576,m,reps_no_partition,reps_dfp,reps,,0.8,2000000,2,461,347.569,228.66590455531434,230.089,302.982,347.569,166.851,225890,376,0,0,121203,376,0,0,0.16645269821594583,0.0,0.16645269821594583,0.0
permutation_random,576,m,reps_partition,reps_dfp,reps,-reps_partition_entropy -reps_escalate_threshold 0.2 -reps_warmup_explore_rtts 1.0 -reps_explore_prob 40,0.8,2000000,2,461,306.08,222.01480043383955,224.654,283.78,306.08,166.851,225890,485,0,0,113611,485,0,0,0.21470627296471734,0.0,0.21470627296471734,0.0
permutation_random,576,m,fpar_tuned,fpar,oblivious,-threshold 20750 -disable_hop_rtt_normalization,0.8,2000000,3,461,730.944,266.037338394794,218.433,581.04,730.944,167.872,225890,3899,0,0,133775,3899,0,0,1.7260613572977999,0.0,1.7260613572977999,0.0
permutation_random,576,m,reps_no_partition,reps_dfp,reps,,0.8,2000000,3,461,360.378,234.53006073752707,231.167,322.889,360.378,167.985,225890,367,0,0,125694,367,0,0,0.16246845809907476,0.0,0.16246845809907476,0.0
permutation_random,576,m,reps_partition,reps_dfp,reps,-reps_partition_entropy -reps_escalate_threshold 0.2 -reps_warmup_explore_rtts 1.0 -reps_explore_prob 40,0.8,2000000,3,461,335.21,229.5186095444684,228.557,320.598,335.21,167.762,225890,601,0,0,120039,601,0,0,0.2660587011377219,0.0,0.2660587011377219,0.0
permutation_random,576,m,fpar_tuned,fpar,oblivious,-threshold 20750 -disable_hop_rtt_normalization,0.8,2000000,4,461,815.465,283.2491041214751,234.695,700.637,815.465,167.775,225890,4302,0,0,138436,4302,0,0,1.9044667758643588,0.0,1.9044667758643588,0.0
permutation_random,576,m,reps_no_partition,reps_dfp,reps,,0.8,2000000,4,461,312.752,227.54145770065062,232.183,275.508,312.752,167.757,225890,249,0,0,123075,249,0,0,0.11023064323343221,0.0,0.11023064323343221,0.0
permutation_random,576,m,reps_partition,reps_dfp,reps,-reps_partition_entropy -reps_escalate_threshold 0.2 -reps_warmup_explore_rtts 1.0 -reps_explore_prob 40,0.8,2000000,4,461,308.808,220.65261388286353,224.107,284.712,308.808,167.863,225890,247,0,0,115637,247,0,0,0.10934525654079419,0.0,0.10934525654079419,0.0
permutation_random,576,m,fpar_tuned,fpar,oblivious,-threshold 20750 -disable_hop_rtt_normalization,0.8,2000000,5,461,697.494,262.4973318872019,210.341,655.39,697.494,167.926,225890,3580,0,0,130580,3580,0,0,1.5848421798220373,0.0,1.5848421798220373,0.0
permutation_random,576,m,reps_no_partition,reps_dfp,reps,,0.8,2000000,5,461,395.222,233.55220390455534,233.432,308.408,395.222,167.977,225890,351,0,0,126785,351,0,0,0.1553853645579707,0.0,0.1553853645579707,0.0
permutation_random,576,m,reps_partition,reps_dfp,reps,-reps_partition_entropy -reps_escalate_threshold 0.2 -reps_warmup_explore_rtts 1.0 -reps_explore_prob 40,0.8,2000000,5,461,388.838,228.16311062906738,227.596,336.23,388.838,167.855,225890,540,0,0,119392,540,0,0,0.2390544070122626,0.0,0.2390544070122626,0.0
permutation_random,576,m,fpar_tuned,fpar,oblivious,-threshold 20750 -disable_hop_rtt_normalization,0.8,10000000,1,461,3652.98,1289.7285314533626,1094.4,3233.43,3652.98,822.459,1128528,4696,0,0,718212,4696,0,0,0.41611727843704366,0.0,0.41611727843704366,0.0
permutation_random,576,m,reps_no_partition,reps_dfp,reps,,0.8,10000000,1,461,1590.71,1084.6446898047718,1082.12,1396.74,1590.71,822.173,1128528,725,0,0,569181,725,0,0,0.0642429784639814,0.0,0.0642429784639814,0.0
permutation_random,576,m,reps_partition,reps_dfp,reps,-reps_partition_entropy -reps_escalate_threshold 0.2 -reps_warmup_explore_rtts 1.0 -reps_explore_prob 40,0.8,10000000,1,461,1572.54,1092.0180498915397,1088.28,1424.23,1572.54,821.599,1128528,748,0,0,556657,748,0,0,0.06628103157387322,0.0,0.06628103157387322,0.0
permutation_random,576,m,fpar_tuned,fpar,oblivious,-threshold 20750 -disable_hop_rtt_normalization,0.8,10000000,2,461,4051.27,1292.518464208244,1101.69,3092.29,4051.27,816.876,1128528,4455,0,0,705831,4455,0,0,0.39476202628556845,0.0,0.39476202628556845,0.0
permutation_random,576,m,reps_no_partition,reps_dfp,reps,,0.8,10000000,2,461,1575.57,1067.3246052060745,1059.73,1418.14,1575.57,816.876,1128528,500,0,0,550727,500,0,0,0.044305502388952686,0.0,0.044305502388952686,0.0
permutation_random,576,m,reps_partition,reps_dfp,reps,-reps_partition_entropy -reps_escalate_threshold 0.2 -reps_warmup_explore_rtts 1.0 -reps_explore_prob 40,0.8,10000000,2,461,1525.65,1073.3782017353585,1063.04,1415.03,1525.65,816.876,1128528,816,0,0,536523,816,0,0,0.07230657989877079,0.0,0.07230657989877079,0.0
permutation_random,576,m,fpar_tuned,fpar,oblivious,-threshold 20750 -disable_hop_rtt_normalization,0.8,10000000,3,461,3572.66,1294.3882169197386,1070.62,2894.0,3572.66,821.155,1128528,5009,0,0,703092,5009,0,0,0.443852522932528,0.0,0.443852522932528,0.0
permutation_random,576,m,reps_no_partition,reps_dfp,reps,,0.8,10000000,3,461,1515.82,1091.8734338394795,1078.44,1465.46,1515.82,822.071,1128528,498,0,0,566958,498,0,0,0.04412828037939688,0.0,0.04412828037939688,0.0
permutation_random,576,m,reps_partition,reps_dfp,reps,-reps_partition_entropy -reps_escalate_threshold 0.2 -reps_warmup_explore_rtts 1.0 -reps_explore_prob 40,0.8,10000000,3,461,1644.53,1101.8247093275493,1096.57,1529.59,1644.53,821.937,1128528,1143,0,0,556100,1143,0,0,0.10128237846114585,0.0,0.10128237846114585,0.0
permutation_random,576,m,fpar_tuned,fpar,oblivious,-threshold 20750 -disable_hop_rtt_normalization,0.8,10000000,4,461,4026.45,1366.5190260303689,1115.57,3757.6,4026.45,821.162,1128528,5036,0,0,725704,5036,0,0,0.4462450200615315,0.0,0.4462450200615315,0.0
permutation_random,576,m,reps_no_partition,reps_dfp,reps,,0.8,10000000,4,461,1402.42,1064.292613882864,1065.37,1321.34,1402.42,821.7,1128528,521,0,0,557436,521,0,0,0.046166333489288704,0.0,0.046166333489288704,0.0
permutation_random,576,m,reps_partition,reps_dfp,reps,-reps_partition_entropy -reps_escalate_threshold 0.2 -reps_warmup_explore_rtts 1.0 -reps_explore_prob 40,0.8,10000000,4,461,1499.73,1069.6166442516258,1070.0,1369.6,1499.73,821.952,1128528,480,0,0,556770,480,0,0,0.04253328229339458,0.0,0.04253328229339458,0.0
permutation_random,576,m,fpar_tuned,fpar,oblivious,-threshold 20750 -disable_hop_rtt_normalization,0.8,10000000,5,461,3338.71,1263.7487700650756,1025.04,3270.13,3338.71,822.531,1128528,4470,0,0,694465,4470,0,0,0.396091191357237,0.0,0.396091191357237,0.0
permutation_random,576,m,reps_no_partition,reps_dfp,reps,,0.8,10000000,5,461,1482.93,1089.7379587852488,1080.31,1432.59,1482.93,821.795,1128528,465,0,0,568979,465,0,0,0.041204117221726004,0.0,0.041204117221726004,0.0
permutation_random,576,m,reps_partition,reps_dfp,reps,-reps_partition_entropy -reps_escalate_threshold 0.2 -reps_warmup_explore_rtts 1.0 -reps_explore_prob 40,0.8,10000000,5,461,1634.27,1099.7822039045552,1089.49,1460.62,1634.27,821.911,1128528,860,0,0,552698,860,0,0,0.07620546410899863,0.0,0.07620546410899863,0.0
permutation_random,576,m,fpar_tuned,fpar,oblivious,-threshold 20750 -disable_hop_rtt_normalization,0.9,100000,1,518,41.5005,24.786231467181477,24.1256,37.3936,41.5005,12.4702,12950,9,0,0,4329,9,0,0,0.0694980694980695,0.0,0.0694980694980695,0.0
permutation_random,576,m,reps_no_partition,reps_dfp,reps,,0.9,100000,1,518,33.1437,26.611391312741326,27.179,31.6312,33.1437,12.4702,12950,0,0,0,4213,0,0,0,0.0,0.0,0.0,0.0
permutation_random,576,m,reps_partition,reps_dfp,reps,-reps_partition_entropy -reps_escalate_threshold 0.2 -reps_warmup_explore_rtts 1.0 -reps_explore_prob 40,0.9,100000,1,518,33.1608,26.86201660231659,27.473,32.0013,33.1608,12.4754,12950,0,0,0,4274,0,0,0,0.0,0.0,0.0,0.0
permutation_random,576,m,fpar_tuned,fpar,oblivious,-threshold 20750 -disable_hop_rtt_normalization,0.9,100000,2,518,38.9909,24.588789189189196,23.7856,36.7746,38.9909,12.4702,12950,1,0,0,4425,1,0,0,0.007722007722007722,0.0,0.007722007722007722,0.0
permutation_random,576,m,reps_no_partition,reps_dfp,reps,,0.9,100000,2,518,32.3277,26.120606949806938,26.953,30.675,32.3277,12.4702,12950,0,0,0,4196,0,0,0,0.0,0.0,0.0,0.0
permutation_random,576,m,reps_partition,reps_dfp,reps,-reps_partition_entropy -reps_escalate_threshold 0.2 -reps_warmup_explore_rtts 1.0 -reps_explore_prob 40,0.9,100000,2,518,35.2696,26.58900907335906,27.1637,33.9336,35.2696,12.4702,12950,0,0,0,4208,0,0,0,0.0,0.0,0.0,0.0
permutation_random,576,m,fpar_tuned,fpar,oblivious,-threshold 20750 -disable_hop_rtt_normalization,0.9,100000,3,518,41.7762,25.233418725868738,24.1518,37.5934,41.7762,12.4702,12950,13,0,0,4519,13,0,0,0.10038610038610038,0.0,0.10038610038610038,0.0
permutation_random,576,m,reps_no_partition,reps_dfp,reps,,0.9,100000,3,518,33.109,26.717806563706603,27.3056,31.7627,33.109,12.4702,12950,0,0,0,4239,0,0,0,0.0,0.0,0.0,0.0
permutation_random,576,m,reps_partition,reps_dfp,reps,-reps_partition_entropy -reps_escalate_threshold 0.2 -reps_warmup_explore_rtts 1.0 -reps_explore_prob 40,0.9,100000,3,518,34.8475,27.303208301158286,27.7918,33.9875,34.8475,12.4702,12950,0,0,0,4316,0,0,0,0.0,0.0,0.0,0.0
permutation_random,576,m,fpar_tuned,fpar,oblivious,-threshold 20750 -disable_hop_rtt_normalization,0.9,100000,4,518,41.1418,25.80320810810812,24.4821,40.3126,41.1418,12.4702,12950,26,0,0,4740,26,0,0,0.20077220077220076,0.0,0.20077220077220076,0.0
permutation_random,576,m,reps_no_partition,reps_dfp,reps,,0.9,100000,4,518,31.979,26.3149523166023,27.2758,30.973,31.979,12.4702,12950,0,0,0,4201,0,0,0,0.0,0.0,0.0,0.0
permutation_random,576,m,reps_partition,reps_dfp,reps,-reps_partition_entropy -reps_escalate_threshold 0.2 -reps_warmup_explore_rtts 1.0 -reps_explore_prob 40,0.9,100000,4,518,33.155,26.60377277992275,27.2918,32.0896,33.155,12.4702,12950,0,0,0,4246,0,0,0,0.0,0.0,0.0,0.0
permutation_random,576,m,fpar_tuned,fpar,oblivious,-threshold 20750 -disable_hop_rtt_normalization,0.9,100000,5,518,44.6422,25.018612355212362,23.8203,41.3222,44.6422,12.4754,12950,37,0,0,4548,37,0,0,0.2857142857142857,0.0,0.2857142857142857,0.0
permutation_random,576,m,reps_no_partition,reps_dfp,reps,,0.9,100000,5,518,34.4506,26.777419111969106,27.2947,32.1083,34.4506,12.4702,12950,0,0,0,4267,0,0,0,0.0,0.0,0.0,0.0
permutation_random,576,m,reps_partition,reps_dfp,reps,-reps_partition_entropy -reps_escalate_threshold 0.2 -reps_warmup_explore_rtts 1.0 -reps_explore_prob 40,0.9,100000,5,518,34.8134,26.975273359073356,27.6238,32.6653,34.8134,12.4702,12950,0,0,0,4282,0,0,0,0.0,0.0,0.0,0.0
permutation_random,576,m,fpar_tuned,fpar,oblivious,-threshold 20750 -disable_hop_rtt_normalization,0.9,500000,1,518,176.271,75.52314227799226,71.1206,142.748,176.271,45.3114,63714,2925,0,0,32787,2925,0,0,4.590827761559469,0.0,4.590827761559469,0.0
permutation_random,576,m,reps_no_partition,reps_dfp,reps,,0.9,500000,1,518,87.6291,77.97514884169884,81.2533,86.5179,87.6291,45.1,63714,220,0,0,38215,220,0,0,0.34529302821985747,0.0,0.34529302821985747,0.0
permutation_random,576,m,reps_partition,reps_dfp,reps,-reps_partition_entropy -reps_escalate_threshold 0.2 -reps_warmup_explore_rtts 1.0 -reps_explore_prob 40,0.9,500000,1,518,82.5709,70.06706447876448,71.7784,78.7931,82.5709,45.0949,63714,44,0,0,29354,44,0,0,0.0690586056439715,0.0,0.0690586056439715,0.0
permutation_random,576,m,fpar_tuned,fpar,oblivious,-threshold 20750 -disable_hop_rtt_normalization,0.9,500000,2,518,156.402,75.85891138996142,70.7378,137.627,156.402,45.0795,63714,3135,0,0,33751,3135,0,0,4.920425652132969,0.0,4.920425652132969,0.0
permutation_random,576,m,reps_no_partition,reps_dfp,reps,,0.9,500000,2,518,89.0626,76.31359362934357,79.5496,88.2658,89.0626,45.2187,63714,219,0,0,36475,219,0,0,0.34372351445522176,0.0,0.34372351445522176,0.0
permutation_random,576,m,reps_partition,reps_dfp,reps,-reps_partition_entropy -reps_escalate_threshold 0.2 -reps_warmup_explore_rtts 1.0 -reps_explore_prob 40,0.9,500000,2,518,82.3842,69.09456718146714,70.3674,79.755,82.3842,45.2539,63714,81,0,0,28338,81,0,0,0.127130614935493,0.0,0.127130614935493,0.0
permutation_random,576,m,fpar_tuned,fpar,oblivious,-threshold 20750 -disable_hop_rtt_normalization,0.9,500000,3,518,198.082,76.27361621621624,70.9371,135.308,198.082,45.1114,63714,3079,0,0,32637,3079,0,0,4.832532881313369,0.0,4.832532881313369,0.0
permutation_random,576,m,reps_no_partition,reps_dfp,reps,,0.9,500000,3,518,90.833,79.4434625482626,82.1677,89.4654,90.833,45.3,63714,267,0,0,39982,267,0,0,0.41906017515773614,0.0,0.41906017515773614,0.0
permutation_random,576,m,reps_partition,reps_dfp,reps,-reps_partition_entropy -reps_escalate_threshold 0.2 -reps_warmup_explore_rtts 1.0 -reps_explore_prob 40,0.9,500000,3,518,81.5968,71.3537588803089,72.7958,80.737,81.5968,45.3114,63714,95,0,0,30717,95,0,0,0.149103807640393,0.0,0.149103807640393,0.0
permutation_random,576,m,fpar_tuned,fpar,oblivious,-threshold 20750 -disable_hop_rtt_normalization,0.9,500000,4,518,189.265,80.38107181467186,71.5901,163.165,189.265,45.0898,63714,4460,0,0,35100,4460,0,0,7.000031390275293,0.0,7.000031390275293,0.0
permutation_random,576,m,reps_no_partition,reps_dfp,reps,,0.9,500000,4,518,87.5003,76.75544343629339,80.1678,86.5384,87.5003,45.0795,63714,159,0,0,37123,159,0,0,0.24955268857707882,0.0,0.24955268857707882,0.0
permutation_random,576,m,reps_partition,reps_dfp,reps,-reps_partition_entropy -reps_escalate_threshold 0.2 -reps_warmup_explore_rtts 1.0 -reps_explore_prob 40,0.9,500000,4,518,80.743,69.22983957528957,70.8922,79.4451,80.743,45.1822,63714,55,0,0,28441,55,0,0,0.08632325705496437,0.0,0.08632325705496437,0.0
permutation_random,576,m,fpar_tuned,fpar,oblivious,-threshold 20750 -disable_hop_rtt_normalization,0.9,500000,5,518,184.069,76.3590138996139,70.1093,159.058,184.069,45.2386,63714,3150,0,0,33553,3150,0,0,4.943968358602505,0.0,4.943968358602505,0.0
permutation_random,576,m,reps_no_partition,reps_dfp,reps,,0.9,500000,5,518,91.3462,79.33256872586874,82.2568,89.4515,91.3462,45.1862,63714,335,0,0,39299,335,0,0,0.5257871111529648,0.0,0.5257871111529648,0.0
permutation_random,576,m,reps_partition,reps_dfp,reps,-reps_partition_entropy -reps_escalate_threshold 0.2 -reps_warmup_explore_rtts 1.0 -reps_explore_prob 40,0.9,500000,5,518,83.2994,71.25720135135136,72.767,81.6394,83.2994,45.1461,63714,90,0,0,30733,90,0,0,0.1412562388172144,0.0,0.1412562388172144,0.0
permutation_random,576,m,fpar_tuned,fpar,oblivious,-threshold 20750 -disable_hop_rtt_normalization,0.9,2000000,1,518,754.134,267.56138223938217,234.138,581.957,754.134,168.07,253820,4493,0,0,150564,4493,0,0,1.7701520762745253,0.0,1.7701520762745253,0.0
permutation_random,576,m,reps_no_partition,reps_dfp,reps,,0.9,2000000,1,518,386.862,251.6360135135134,249.976,349.427,386.862,167.476,253820,599,0,0,151299,599,0,0,0.2359940115042156,0.0,0.2359940115042156,0.0
permutation_random,576,m,reps_partition,reps_dfp,reps,-reps_partition_entropy -reps_escalate_threshold 0.2 -reps_warmup_explore_rtts 1.0 -reps_explore_prob 40,0.9,2000000,1,518,357.097,247.61116409266398,245.652,340.259,357.097,167.77,253820,850,0,0,144547,850,0,0,0.33488298794421245,0.0,0.33488298794421245,0.0
permutation_random,576,m,fpar_tuned,fpar,oblivious,-threshold 20750 -disable_hop_rtt_normalization,0.9,2000000,2,518,726.843,272.1141274131274,243.862,592.411,726.843,167.806,253820,4531,0,0,151306,4531,0,0,1.7851233157355606,0.0,1.7851233157355606,0.0
permutation_random,576,m,reps_no_partition,reps_dfp,reps,,0.9,2000000,2,518,371.366,246.69643822393826,244.898,335.38,371.366,167.944,253820,611,0,0,148632,611,0,0,0.24072177133401623,0.0,0.24072177133401623,0.0
permutation_random,576,m,reps_partition,reps_dfp,reps,-reps_partition_entropy -reps_escalate_threshold 0.2 -reps_warmup_explore_rtts 1.0 -reps_explore_prob 40,0.9,2000000,2,518,368.259,241.9289961389962,241.378,338.063,368.259,167.834,253820,913,0,0,141129,913,0,0,0.35970372705066583,0.0,0.35970372705066583,0.0
permutation_random,576,m,fpar_tuned,fpar,oblivious,-threshold 20750 -disable_hop_rtt_normalization,0.9,2000000,3,518,759.081,277.49338416988405,244.381,571.128,759.081,167.854,253820,5004,0,0,151236,5004,0,0,1.9714758490268693,0.0,1.9714758490268693,0.0
permutation_random,576,m,reps_no_partition,reps_dfp,reps,,0.9,2000000,3,518,387.231,257.1382760617763,253.314,363.219,387.231,168.118,253820,683,0,0,152230,683,0,0,0.2690883303128201,0.0,0.2690883303128201,0.0
permutation_random,576,m,reps_partition,reps_dfp,reps,-reps_partition_entropy -reps_escalate_threshold 0.2 -reps_warmup_explore_rtts 1.0 -reps_explore_prob 40,0.9,2000000,3,518,423.917,252.528557915058,249.874,356.353,423.917,168.054,253820,1135,0,0,145609,1135,0,0,0.4471672839019778,0.0,0.4471672839019778,0.0
permutation_random,576,m,fpar_tuned,fpar,oblivious,-threshold 20750 -disable_hop_rtt_normalization,0.9,2000000,4,518,807.316,292.1037934362934,237.392,681.724,807.316,167.869,253820,5502,0,0,157199,5502,0,0,2.1676778819635962,0.0,2.1676778819635962,0.0
permutation_random,576,m,reps_no_partition,reps_dfp,reps,,0.9,2000000,4,518,387.067,247.04110617760637,244.1,339.4,387.067,168.039,253820,536,0,0,149648,536,0,0,0.2111732723977622,0.0,0.2111732723977622,0.0
permutation_random,576,m,reps_partition,reps_dfp,reps,-reps_partition_entropy -reps_escalate_threshold 0.2 -reps_warmup_explore_rtts 1.0 -reps_explore_prob 40,0.9,2000000,4,518,355.175,243.00680308880325,240.959,335.845,355.175,167.954,253820,864,0,0,141871,864,0,0,0.3403987077456465,0.0,0.3403987077456465,0.0
permutation_random,576,m,fpar_tuned,fpar,oblivious,-threshold 20750 -disable_hop_rtt_normalization,0.9,2000000,5,518,682.122,270.7430945945947,231.353,652.402,682.122,167.931,253820,4560,0,0,150661,4560,0,0,1.7965487353242455,0.0,1.7965487353242455,0.0
permutation_random,576,m,reps_no_partition,reps_dfp,reps,,0.9,2000000,5,518,403.965,256.51753088803105,252.871,378.541,403.965,167.989,253820,797,0,0,150726,797,0,0,0.31400204869592624,0.0,0.31400204869592624,0.0
permutation_random,576,m,reps_partition,reps_dfp,reps,-reps_partition_entropy -reps_escalate_threshold 0.2 -reps_warmup_explore_rtts 1.0 -reps_explore_prob 40,0.9,2000000,5,518,451.561,252.85622200772207,247.81,379.441,451.561,167.997,253820,998,0,0,145311,998,0,0,0.39319202584508706,0.0,0.39319202584508706,0.0
permutation_random,576,m,fpar_tuned,fpar,oblivious,-threshold 20750 -disable_hop_rtt_normalization,0.9,10000000,1,518,3754.44,1312.6396833976833,1130.79,3088.04,3754.44,822.69,1268064,5964,0,0,808534,5964,0,0,0.4703232644409115,0.0,0.4703232644409115,0.0
permutation_random,576,m,reps_no_partition,reps_dfp,reps,,0.9,10000000,1,518,1594.2,1171.0314305019297,1194.61,1480.46,1594.2,820.506,1268064,740,0,0,690343,740,0,0,0.05835667600373483,0.0,0.05835667600373483,0.0
permutation_random,576,m,reps_partition,reps_dfp,reps,-reps_partition_entropy -reps_escalate_threshold 0.2 -reps_warmup_explore_rtts 1.0 -reps_explore_prob 40,0.9,10000000,1,518,1756.18,1179.8408011583015,1192.74,1534.34,1756.18,820.985,1268064,1104,0,0,669784,1104,0,0,0.08706185176773412,0.0,0.08706185176773412,0.0
permutation_random,576,m,fpar_tuned,fpar,oblivious,-threshold 20750 -disable_hop_rtt_normalization,0.9,10000000,2,518,3940.82,1328.8115752895746,1153.79,3080.32,3940.82,821.464,1268064,5736,0,0,808395,5736,0,0,0.4523430994019229,0.0,0.4523430994019229,0.0
permutation_random,576,m,reps_no_partition,reps_dfp,reps,,0.9,10000000,2,518,1657.49,1150.402915057915,1164.07,1472.32,1657.49,821.932,1268064,824,0,0,668991,824,0,0,0.06498094733388851,0.0,0.06498094733388851,0.0
permutation_random,576,m,reps_partition,reps_dfp,reps,-reps_partition_entropy -reps_escalate_threshold 0.2 -reps_warmup_explore_rtts 1.0 -reps_explore_prob 40,0.9,10000000,2,518,1689.06,1158.711204633205,1182.13,1536.38,1689.06,822.129,1268064,1304,0,0,655460,1304,0,0,0.10283392636333813,0.0,0.10283392636333813,0.0
permutation_random,576,m,fpar_tuned,fpar,oblivious,-threshold 20750 -disable_hop_rtt_normalization,0.9,10000000,3,518,3740.63,1370.5685830115845,1230.29,2835.67,3740.63,821.364,1268064,6355,0,0,818836,6355,0,0,0.5011576702753173,0.0,0.5011576702753173,0.0
permutation_random,576,m,reps_no_partition,reps_dfp,reps,,0.9,10000000,3,518,1691.22,1190.6130579150577,1205.18,1555.69,1691.22,822.452,1268064,849,0,0,698554,849,0,0,0.06695245665833902,0.0,0.06695245665833902,0.0
permutation_random,576,m,reps_partition,reps_dfp,reps,-reps_partition_entropy -reps_escalate_threshold 0.2 -reps_warmup_explore_rtts 1.0 -reps_explore_prob 40,0.9,10000000,3,518,1881.09,1196.5304575289567,1209.41,1630.84,1881.09,822.109,1268064,1482,0,0,676090,1482,0,0,0.11687107275342569,0.0,0.11687107275342569,0.0
permutation_random,576,m,fpar_tuned,fpar,oblivious,-threshold 20750 -disable_hop_rtt_normalization,0.9,10000000,4,518,4055.93,1422.6177722007722,1170.3,3821.37,4055.93,821.542,1268064,6779,0,0,830432,6779,0,0,0.5345944684179978,0.0,0.5345944684179978,0.0
permutation_random,576,m,reps_no_partition,reps_dfp,reps,,0.9,10000000,4,518,1713.96,1150.3088610038617,1170.15,1494.3,1713.96,821.43,1268064,638,0,0,680555,638,0,0,0.050312917959976784,0.0,0.050312917959976784,0.0
permutation_random,576,m,reps_partition,reps_dfp,reps,-reps_partition_entropy -reps_escalate_threshold 0.2 -reps_warmup_explore_rtts 1.0 -reps_explore_prob 40,0.9,10000000,4,518,1697.29,1156.7110617760616,1166.96,1490.65,1697.29,821.246,1268064,1045,0,0,659498,1045,0,0,0.08240908976203094,0.0,0.08240908976203094,0.0
permutation_random,576,m,fpar_tuned,fpar,oblivious,-threshold 20750 -disable_hop_rtt_normalization,0.9,10000000,5,518,3367.55,1315.7411930501933,1104.14,3241.45,3367.55,822.37,1268064,5723,0,0,801188,5723,0,0,0.4513179145532087,0.0,0.4513179145532087,0.0
permutation_random,576,m,reps_no_partition,reps_dfp,reps,,0.9,10000000,5,518,1697.28,1186.2664054054055,1199.1,1582.48,1697.28,821.643,1268064,949,0,0,689402,949,0,0,0.07483849395614102,0.0,0.07483849395614102,0.0
permutation_random,576,m,reps_partition,reps_dfp,reps,-reps_partition_entropy -reps_escalate_threshold 0.2 -reps_warmup_explore_rtts 1.0 -reps_explore_prob 40,0.9,10000000,5,518,1752.59,1194.0217528957521,1202.3,1596.26,1752.59,821.904,1268064,1446,0,0,666309,1446,0,0,0.11403209932621697,0.0,0.11403209932621697,0.0
