Load balancing algorithm set to reps
no_of_nodes 1100
Dragonfly+ strategy: REPS_DFP
Setting queuesize to 50 packets
endtime(us) 100000
random seed 4
Using generated Dragonfly+ tornado traffic instead of -tm
Tornado active connections 550
Tornado flow size 2000000 bytes
REPS partition entropy enabled.
REPS open-tier escalation threshold 0.2
REPS warmup explore duration 0.5 x this flow's base RTT
REPS continuous explore probability 40%
Packet size (MTU) is 4150
Parsed args
Logging to preghiamo/runs/tornado_reps_partition_load0.50_fs2000000_seed4.dat
Setting ECN low 33200 high 120350
Dragonfly+ with medium topology type
Link latencies: 1 and switch latencies: 0
queue_id 2 ecn_low 33200 ecn_high 120350
DragonFly+ constructor done, 1100 nodes created
Generating tornado connection matrix: python3 connection_matrices/gen_tornado_dfp.py /tmp/dfp_tornado_21407.cm 1100 550 2000000 0.0 4 10 10
Nodes:  1100
Connections:  550
Flowsize:  2000000 bytes
ExtraStartTime:  0.0 us
Random Seed  4
Dragonfly+ p= 10 l= 10
group_size=100  no_groups=11  opposite group offset=5
Loading generated tornado connection matrix from /tmp/dfp_tornado_21407.cm
Nodes: 1100 Connections: 550 Triggers: 0 Failures: 0
network_max_unloaded_rtt 11.6856 us
Setting min RTO to 114.6
Per-hop RTT normalization: ON (strategy reps_dfp)
Initializing static NSCC parameters: _reference_network_linkspeed=100000000000 _reference_network_rtt=12000000 _reference_network_bdp=150000 _target_Qdelay=8764200 _network_linkspeed=100000000000 _network_rtt=11685600 _network_bdp=146070 _qa_gate=2^3 _qa_threshold=3.50568e+07 _scaling_factor_a=0.9738 _scaling_factor_b=0.73035 _alpha=0.00132632 _fi=19894.7 _eta=596.842 _qa_scaling=1 _gamma=0.8 _fi_scale=0.24345 _delay_alpha=0.0125 _adjust_period_threshold=11685600 _adjust_bytes_threshold=33200
Initialize per-instance NSCC parameters: flowid 1 _base_rtt=11685600 _base_bdp=146070 _bdp=146070 _min_cwnd=4150 _maxwnd=219105 _cwnd=219105
Initialize per-instance NSCC parameters: flowid 2 _base_rtt=11685600 _base_bdp=146070 _bdp=146070 _min_cwnd=4150 _maxwnd=219105 _cwnd=219105
Initialize per-instance NSCC parameters: flowid 3 _base_rtt=11685600 _base_bdp=146070 _bdp=146070 _min_cwnd=4150 _maxwnd=219105 _cwnd=219105
Initialize per-instance NSCC parameters: flowid 4 _base_rtt=11685600 _base_bdp=146070 _bdp=146070 _min_cwnd=4150 _maxwnd=219105 _cwnd=219105
Initialize per-instance NSCC parameters: flowid 5 _base_rtt=11685600 _base_bdp=146070 _bdp=146070 _min_cwnd=4150 _maxwnd=219105 _cwnd=219105
Initialize per-instance NSCC parameters: flowid 6 _base_rtt=11685600 _base_bdp=146070 _bdp=146070 _min_cwnd=4150 _maxwnd=219105 _cwnd=219105
Initialize per-instance NSCC parameters: flowid 7 _base_rtt=11685600 _base_bdp=146070 _bdp=146070 _min_cwnd=4150 _maxwnd=219105 _cwnd=219105
Initialize per-instance NSCC parameters: flowid 8 _base_rtt=11685600 _base_bdp=146070 _bdp=146070 _min_cwnd=4150 _maxwnd=219105 _cwnd=219105
Initialize per-instance NSCC parameters: flowid 9 _base_rtt=11685600 _base_bdp=146070 _bdp=146070 _min_cwnd=4150 _maxwnd=219105 _cwnd=219105
Initialize per-instance NSCC parameters: flowid 10 _base_rtt=11685600 _base_bdp=146070 _bdp=146070 _min_cwnd=4150 _maxwnd=219105 _cwnd=219105
Initialize per-instance NSCC parameters: flowid 11 _base_rtt=11685600 _base_bdp=146070 _bdp=146070 _min_cwnd=4150 _maxwnd=219105 _cwnd=219105
Initialize per-instance NSCC parameters: flowid 12 _base_rtt=11685600 _base_bdp=146070 _bdp=146070 _min_cwnd=4150 _maxwnd=219105 _cwnd=219105
Initialize per-instance NSCC parameters: flowid 13 _base_rtt=11685600 _base_bdp=146070 _bdp=146070 _min_cwnd=4150 _maxwnd=219105 _cwnd=219105
Initialize per-instance NSCC parameters: flowid 14 _base_rtt=11685600 _base_bdp=146070 _bdp=146070 _min_cwnd=4150 _maxwnd=219105 _cwnd=219105
Initialize per-instance NSCC parameters: flowid 15 _base_rtt=11685600 _base_bdp=146070 _bdp=146070 _min_cwnd=4150 _maxwnd=219105 _cwnd=219105
Initialize per-instance NSCC parameters: flowid 16 _base_rtt=11685600 _base_bdp=146070 _bdp=146070 _min_cwnd=4150 _maxwnd=219105 _cwnd=219105
Initialize per-instance NSCC parameters: flowid 17 _base_rtt=11685600 _base_bdp=146070 _bdp=146070 _min_cwnd=4150 _maxwnd=219105 _cwnd=219105
Initialize per-instance NSCC parameters: flowid 18 _base_rtt=11685600 _base_bdp=146070 _bdp=146070 _min_cwnd=4150 _maxwnd=219105 _cwnd=219105
Initialize per-instance NSCC parameters: flowid 19 _base_rtt=11685600 _base_bdp=146070 _bdp=146070 _min_cwnd=4150 _maxwnd=219105 _cwnd=219105
Initialize per-instance NSCC parameters: flowid 20 _base_rtt=11685600 _base_bdp=146070 _bdp=146070 _min_cwnd=4150 _maxwnd=219105 _cwnd=219105
Initialize per-instance NSCC parameters: flowid 21 _base_rtt=11685600 _base_bdp=146070 _bdp=146070 _min_cwnd=4150 _maxwnd=219105 _cwnd=219105
Initialize per-instance NSCC parameters: flowid 22 _base_rtt=11685600 _base_bdp=146070 _bdp=146070 _min_cwnd=4150 _maxwnd=219105 _cwnd=219105
Initialize per-instance NSCC parameters: flowid 23 _base_rtt=11685600 _base_bdp=146070 _bdp=146070 _min_cwnd=4150 _maxwnd=219105 _cwnd=219105
Initialize per-instance NSCC parameters: flowid 24 _base_rtt=11685600 _base_bdp=146070 _bdp=146070 _min_cwnd=4150 _maxwnd=219105 _cwnd=219105
Initialize per-instance NSCC parameters: flowid 25 _base_rtt=11685600 _base_bdp=146070 _bdp=146070 _min_cwnd=4150 _maxwnd=219105 _cwnd=219105
Initialize per-instance NSCC parameters: flowid 26 _base_rtt=11685600 _base_bdp=146070 _bdp=146070 _min_cwnd=4150 _maxwnd=219105 _cwnd=219105
Initialize per-instance NSCC parameters: flowid 27 _base_rtt=11685600 _base_bdp=146070 _bdp=146070 _min_cwnd=4150 _maxwnd=219105 _cwnd=219105
Initialize per-instance NSCC parameters: flowid 28 _base_rtt=11685600 _base_bdp=146070 _bdp=146070 _min_cwnd=4150 _maxwnd=219105 _cwnd=219105
Initialize per-instance NSCC parameters: flowid 29 _base_rtt=11685600 _base_bdp=146070 _bdp=146070 _min_cwnd=4150 _maxwnd=219105 _cwnd=219105
Initialize per-instance NSCC parameters: flowid 30 _base_rtt=11685600 _base_bdp=146070 _bdp=146070 _min_cwnd=4150 _maxwnd=219105 _cwnd=219105
Initialize per-instance NSCC parameters: flowid 31 _base_rtt=11685600 _base_bdp=146070 _bdp=146070 _min_cwnd=4150 _maxwnd=219105 _cwnd=219105
Initialize per-instance NSCC parameters: flowid 32 _base_rtt=11685600 _base_bdp=146070 _bdp=146070 _min_cwnd=4150 _maxwnd=219105 _cwnd=219105
Initialize per-instance NSCC parameters: flowid 33 _base_rtt=11685600 _base_bdp=146070 _bdp=146070 _min_cwnd=4150 _maxwnd=219105 _cwnd=219105
Initialize per-instance NSCC parameters: flowid 34 _base_rtt=11685600 _base_bdp=146070 _bdp=146070 _min_cwnd=4150 _maxwnd=219105 _cwnd=219105
Initialize per-instance NSCC parameters: flowid 35 _base_rtt=11685600 _base_bdp=146070 _bdp=146070 _min_cwnd=4150 _maxwnd=219105 _cwnd=219105
Initialize per-instance NSCC parameters: flowid 36 _base_rtt=11685600 _base_bdp=146070 _bdp=146070 _min_cwnd=4150 _maxwnd=219105 _cwnd=219105
Initialize per-instance NSCC parameters: flowid 37 _base_rtt=11685600 _base_bdp=146070 _bdp=146070 _min_cwnd=4150 _maxwnd=219105 _cwnd=219105
Initialize per-instance NSCC parameters: flowid 38 _base_rtt=11685600 _base_bdp=146070 _bdp=146070 _min_cwnd=4150 _maxwnd=219105 _cwnd=219105
Initialize per-instance NSCC parameters: flowid 39 _base_rtt=11685600 _base_bdp=146070 _bdp=146070 _min_cwnd=4150 _maxwnd=219105 _cwnd=219105
Initialize per-instance NSCC parameters: flowid 40 _base_rtt=11685600 _base_bdp=146070 _bdp=146070 _min_cwnd=4150 _maxwnd=219105 _cwnd=219105
Initialize per-instance NSCC parameters: flowid 41 _base_rtt=11685600 _base_bdp=146070 _bdp=146070 _min_cwnd=4150 _maxwnd=219105 _cwnd=219105
Initialize per-instance NSCC parameters: flowid 42 _base_rtt=11685600 _base_bdp=146070 _bdp=146070 _min_cwnd=4150 _maxwnd=219105 _cwnd=219105
Initialize per-instance NSCC parameters: flowid 43 _base_rtt=11685600 _base_bdp=146070 _bdp=146070 _min_cwnd=4150 _maxwnd=219105 _cwnd=219105
Initialize per-instance NSCC parameters: flowid 44 _base_rtt=11685600 _base_bdp=146070 _bdp=146070 _min_cwnd=4150 _maxwnd=219105 _cwnd=219105
Initialize per-instance NSCC parameters: flowid 45 _base_rtt=11685600 _base_bdp=146070 _bdp=146070 _min_cwnd=4150 _maxwnd=219105 _cwnd=219105
Initialize per-instance NSCC parameters: flowid 46 _base_rtt=11685600 _base_bdp=146070 _bdp=146070 _min_cwnd=4150 _maxwnd=219105 _cwnd=219105
Initialize per-instance NSCC parameters: flowid 47 _base_rtt=11685600 _base_bdp=146070 _bdp=146070 _min_cwnd=4150 _maxwnd=219105 _cwnd=219105
Initialize per-instance NSCC parameters: flowid 48 _base_rtt=11685600 _base_bdp=146070 _bdp=146070 _min_cwnd=4150 _maxwnd=219105 _cwnd=219105
Initialize per-instance NSCC parameters: flowid 49 _base_rtt=11685600 _base_bdp=146070 _bdp=146070 _min_cwnd=4150 _maxwnd=219105 _cwnd=219105
Initialize per-instance NSCC parameters: flowid 50 _base_rtt=11685600 _base_bdp=146070 _bdp=146070 _min_cwnd=4150 _maxwnd=219105 _cwnd=219105
Initialize per-instance NSCC parameters: flowid 51 _base_rtt=11685600 _base_bdp=146070 _bdp=146070 _min_cwnd=4150 _maxwnd=219105 _cwnd=219105
Initialize per-instance NSCC parameters: flowid 52 _base_rtt=11685600 _base_bdp=146070 _bdp=146070 _min_cwnd=4150 _maxwnd=219105 _cwnd=219105
Initialize per-instance NSCC parameters: flowid 53 _base_rtt=11685600 _base_bdp=146070 _bdp=146070 _min_cwnd=4150 _maxwnd=219105 _cwnd=219105
Initialize per-instance NSCC parameters: flowid 54 _base_rtt=11685600 _base_bdp=146070 _bdp=146070 _min_cwnd=4150 _maxwnd=219105 _cwnd=219105
Initialize per-instance NSCC parameters: flowid 55 _base_rtt=11685600 _base_bdp=146070 _bdp=146070 _min_cwnd=4150 _maxwnd=219105 _cwnd=219105
Initialize per-instance NSCC parameters: flowid 56 _base_rtt=11685600 _base_bdp=146070 _bdp=146070 _min_cwnd=4150 _maxwnd=219105 _cwnd=219105
Initialize per-instance NSCC parameters: flowid 57 _base_rtt=11685600 _base_bdp=146070 _bdp=146070 _min_cwnd=4150 _maxwnd=219105 _cwnd=219105
Initialize per-instance NSCC parameters: flowid 58 _base_rtt=11685600 _base_bdp=146070 _bdp=146070 _min_cwnd=4150 _maxwnd=219105 _cwnd=219105
Initialize per-instance NSCC parameters: flowid 59 _base_rtt=11685600 _base_bdp=146070 _bdp=146070 _min_cwnd=4150 _maxwnd=219105 _cwnd=219105
Initialize per-instance NSCC parameters: flowid 60 _base_rtt=11685600 _base_bdp=146070 _bdp=146070 _min_cwnd=4150 _maxwnd=219105 _cwnd=219105
Initialize per-instance NSCC parameters: flowid 61 _base_rtt=11685600 _base_bdp=146070 _bdp=146070 _min_cwnd=4150 _maxwnd=219105 _cwnd=219105
Initialize per-instance NSCC parameters: flowid 62 _base_rtt=11685600 _base_bdp=146070 _bdp=146070 _min_cwnd=4150 _maxwnd=219105 _cwnd=219105
Initialize per-instance NSCC parameters: flowid 63 _base_rtt=11685600 _base_bdp=146070 _bdp=146070 _min_cwnd=4150 _maxwnd=219105 _cwnd=219105
Initialize per-instance NSCC parameters: flowid 64 _base_rtt=11685600 _base_bdp=146070 _bdp=146070 _min_cwnd=4150 _maxwnd=219105 _cwnd=219105
Initialize per-instance NSCC parameters: flowid 65 _base_rtt=11685600 _base_bdp=146070 _bdp=146070 _min_cwnd=4150 _maxwnd=219105 _cwnd=219105
Initialize per-instance NSCC parameters: flowid 66 _base_rtt=11685600 _base_bdp=146070 _bdp=146070 _min_cwnd=4150 _maxwnd=219105 _cwnd=219105
Initialize per-instance NSCC parameters: flowid 67 _base_rtt=11685600 _base_bdp=146070 _bdp=146070 _min_cwnd=4150 _maxwnd=219105 _cwnd=219105
Initialize per-instance NSCC parameters: flowid 68 _base_rtt=11685600 _base_bdp=146070 _bdp=146070 _min_cwnd=4150 _maxwnd=219105 _cwnd=219105
Initialize per-instance NSCC parameters: flowid 69 _base_rtt=11685600 _base_bdp=146070 _bdp=146070 _min_cwnd=4150 _maxwnd=219105 _cwnd=219105
Initialize per-instance NSCC parameters: flowid 70 _base_rtt=11685600 _base_bdp=146070 _bdp=146070 _min_cwnd=4150 _maxwnd=219105 _cwnd=219105
Initialize per-instance NSCC parameters: flowid 71 _base_rtt=11685600 _base_bdp=146070 _bdp=146070 _min_cwnd=4150 _maxwnd=219105 _cwnd=219105
Initialize per-instance NSCC parameters: flowid 72 _base_rtt=11685600 _base_bdp=146070 _bdp=146070 _min_cwnd=4150 _maxwnd=219105 _cwnd=219105
Initialize per-instance NSCC parameters: flowid 73 _base_rtt=11685600 _base_bdp=146070 _bdp=146070 _min_cwnd=4150 _maxwnd=219105 _cwnd=219105
Initialize per-instance NSCC parameters: flowid 74 _base_rtt=11685600 _base_bdp=146070 _bdp=146070 _min_cwnd=4150 _maxwnd=219105 _cwnd=219105
Initialize per-instance NSCC parameters: flowid 75 _base_rtt=11685600 _base_bdp=146070 _bdp=146070 _min_cwnd=4150 _maxwnd=219105 _cwnd=219105
Initialize per-instance NSCC parameters: flowid 76 _base_rtt=11685600 _base_bdp=146070 _bdp=146070 _min_cwnd=4150 _maxwnd=219105 _cwnd=219105
Initialize per-instance NSCC parameters: flowid 77 _base_rtt=11685600 _base_bdp=146070 _bdp=146070 _min_cwnd=4150 _maxwnd=219105 _cwnd=219105
Initialize per-instance NSCC parameters: flowid 78 _base_rtt=11685600 _base_bdp=146070 _bdp=146070 _min_cwnd=4150 _maxwnd=219105 _cwnd=219105
Initialize per-instance NSCC parameters: flowid 79 _base_rtt=11685600 _base_bdp=146070 _bdp=146070 _min_cwnd=4150 _maxwnd=219105 _cwnd=219105
Initialize per-instance NSCC parameters: flowid 80 _base_rtt=11685600 _base_bdp=146070 _bdp=146070 _min_cwnd=4150 _maxwnd=219105 _cwnd=219105
Initialize per-instance NSCC parameters: flowid 81 _base_rtt=11685600 _base_bdp=146070 _bdp=146070 _min_cwnd=4150 _maxwnd=219105 _cwnd=219105
Initialize per-instance NSCC parameters: flowid 82 _base_rtt=11685600 _base_bdp=146070 _bdp=146070 _min_cwnd=4150 _maxwnd=219105 _cwnd=219105
Initialize per-instance NSCC parameters: flowid 83 _base_rtt=11685600 _base_bdp=146070 _bdp=146070 _min_cwnd=4150 _maxwnd=219105 _cwnd=219105
Initialize per-instance NSCC parameters: flowid 84 _base_rtt=11685600 _base_bdp=146070 _bdp=146070 _min_cwnd=4150 _maxwnd=219105 _cwnd=219105
Initialize per-instance NSCC parameters: flowid 85 _base_rtt=11685600 _base_bdp=146070 _bdp=146070 _min_cwnd=4150 _maxwnd=219105 _cwnd=219105
Initialize per-instance NSCC parameters: flowid 86 _base_rtt=11685600 _base_bdp=146070 _bdp=146070 _min_cwnd=4150 _maxwnd=219105 _cwnd=219105
Initialize per-instance NSCC parameters: flowid 87 _base_rtt=11685600 _base_bdp=146070 _bdp=146070 _min_cwnd=4150 _maxwnd=219105 _cwnd=219105
Initialize per-instance NSCC parameters: flowid 88 _base_rtt=11685600 _base_bdp=146070 _bdp=146070 _min_cwnd=4150 _maxwnd=219105 _cwnd=219105
Initialize per-instance NSCC parameters: flowid 89 _base_rtt=11685600 _base_bdp=146070 _bdp=146070 _min_cwnd=4150 _maxwnd=219105 _cwnd=219105
Initialize per-instance NSCC parameters: flowid 90 _base_rtt=11685600 _base_bdp=146070 _bdp=146070 _min_cwnd=4150 _maxwnd=219105 _cwnd=219105
Initialize per-instance NSCC parameters: flowid 91 _base_rtt=11685600 _base_bdp=146070 _bdp=146070 _min_cwnd=4150 _maxwnd=219105 _cwnd=219105
Initialize per-instance NSCC parameters: flowid 92 _base_rtt=11685600 _base_bdp=146070 _bdp=146070 _min_cwnd=4150 _maxwnd=219105 _cwnd=219105
Initialize per-instance NSCC parameters: flowid 93 _base_rtt=11685600 _base_bdp=146070 _bdp=146070 _min_cwnd=4150 _maxwnd=219105 _cwnd=219105
Initialize per-instance NSCC parameters: flowid 94 _base_rtt=11685600 _base_bdp=146070 _bdp=146070 _min_cwnd=4150 _maxwnd=219105 _cwnd=219105
Initialize per-instance NSCC parameters: flowid 95 _base_rtt=11685600 _base_bdp=146070 _bdp=146070 _min_cwnd=4150 _maxwnd=219105 _cwnd=219105
Initialize per-instance NSCC parameters: flowid 96 _base_rtt=11685600 _base_bdp=146070 _bdp=146070 _min_cwnd=4150 _maxwnd=219105 _cwnd=219105
Initialize per-instance NSCC parameters: flowid 97 _base_rtt=11685600 _base_bdp=146070 _bdp=146070 _min_cwnd=4150 _maxwnd=219105 _cwnd=219105
Initialize per-instance NSCC parameters: flowid 98 _base_rtt=11685600 _base_bdp=146070 _bdp=146070 _min_cwnd=4150 _maxwnd=219105 _cwnd=219105
Initialize per-instance NSCC parameters: flowid 99 _base_rtt=11685600 _base_bdp=146070 _bdp=146070 _min_cwnd=4150 _maxwnd=219105 _cwnd=219105
Initialize per-instance NSCC parameters: flowid 100 _base_rtt=11685600 _base_bdp=146070 _bdp=146070 _min_cwnd=4150 _maxwnd=219105 _cwnd=219105
Initialize per-instance NSCC parameters: flowid 101 _base_rtt=11685600 _base_bdp=146070 _bdp=146070 _min_cwnd=4150 _maxwnd=219105 _cwnd=219105
Initialize per-instance NSCC parameters: flowid 102 _base_rtt=11685600 _base_bdp=146070 _bdp=146070 _min_cwnd=4150 _maxwnd=219105 _cwnd=219105
Initialize per-instance NSCC parameters: flowid 103 _base_rtt=11685600 _base_bdp=146070 _bdp=146070 _min_cwnd=4150 _maxwnd=219105 _cwnd=219105
Initialize per-instance NSCC parameters: flowid 104 _base_rtt=11685600 _base_bdp=146070 _bdp=146070 _min_cwnd=4150 _maxwnd=219105 _cwnd=219105
Initialize per-instance NSCC parameters: flowid 105 _base_rtt=11685600 _base_bdp=146070 _bdp=146070 _min_cwnd=4150 _maxwnd=219105 _cwnd=219105
Initialize per-instance NSCC parameters: flowid 106 _base_rtt=11685600 _base_bdp=146070 _bdp=146070 _min_cwnd=4150 _maxwnd=219105 _cwnd=219105
Initialize per-instance NSCC parameters: flowid 107 _base_rtt=11685600 _base_bdp=146070 _bdp=146070 _min_cwnd=4150 _maxwnd=219105 _cwnd=219105
Initialize per-instance NSCC parameters: flowid 108 _base_rtt=11685600 _base_bdp=146070 _bdp=146070 _min_cwnd=4150 _maxwnd=219105 _cwnd=219105
Initialize per-instance NSCC parameters: flowid 109 _base_rtt=11685600 _base_bdp=146070 _bdp=146070 _min_cwnd=4150 _maxwnd=219105 _cwnd=219105
Initialize per-instance NSCC parameters: flowid 110 _base_rtt=11685600 _base_bdp=146070 _bdp=146070 _min_cwnd=4150 _maxwnd=219105 _cwnd=219105
Initialize per-instance NSCC parameters: flowid 111 _base_rtt=11685600 _base_bdp=146070 _bdp=146070 _min_cwnd=4150 _maxwnd=219105 _cwnd=219105
Initialize per-instance NSCC parameters: flowid 112 _base_rtt=11685600 _base_bdp=146070 _bdp=146070 _min_cwnd=4150 _maxwnd=219105 _cwnd=219105
Initialize per-instance NSCC parameters: flowid 113 _base_rtt=11685600 _base_bdp=146070 _bdp=146070 _min_cwnd=4150 _maxwnd=219105 _cwnd=219105
Initialize per-instance NSCC parameters: flowid 114 _base_rtt=11685600 _base_bdp=146070 _bdp=146070 _min_cwnd=4150 _maxwnd=219105 _cwnd=219105
Initialize per-instance NSCC parameters: flowid 115 _base_rtt=11685600 _base_bdp=146070 _bdp=146070 _min_cwnd=4150 _maxwnd=219105 _cwnd=219105
Initialize per-instance NSCC parameters: flowid 116 _base_rtt=11685600 _base_bdp=146070 _bdp=146070 _min_cwnd=4150 _maxwnd=219105 _cwnd=219105
Initialize per-instance NSCC parameters: flowid 117 _base_rtt=11685600 _base_bdp=146070 _bdp=146070 _min_cwnd=4150 _maxwnd=219105 _cwnd=219105
Initialize per-instance NSCC parameters: flowid 118 _base_rtt=11685600 _base_bdp=146070 _bdp=146070 _min_cwnd=4150 _maxwnd=219105 _cwnd=219105
Initialize per-instance NSCC parameters: flowid 119 _base_rtt=11685600 _base_bdp=146070 _bdp=146070 _min_cwnd=4150 _maxwnd=219105 _cwnd=219105
Initialize per-instance NSCC parameters: flowid 120 _base_rtt=11685600 _base_bdp=146070 _bdp=146070 _min_cwnd=4150 _maxwnd=219105 _cwnd=219105
Initialize per-instance NSCC parameters: flowid 121 _base_rtt=11685600 _base_bdp=146070 _bdp=146070 _min_cwnd=4150 _maxwnd=219105 _cwnd=219105
Initialize per-instance NSCC parameters: flowid 122 _base_rtt=11685600 _base_bdp=146070 _bdp=146070 _min_cwnd=4150 _maxwnd=219105 _cwnd=219105
Initialize per-instance NSCC parameters: flowid 123 _base_rtt=11685600 _base_bdp=146070 _bdp=146070 _min_cwnd=4150 _maxwnd=219105 _cwnd=219105
Initialize per-instance NSCC parameters: flowid 124 _base_rtt=11685600 _base_bdp=146070 _bdp=146070 _min_cwnd=4150 _maxwnd=219105 _cwnd=219105
Initialize per-instance NSCC parameters: flowid 125 _base_rtt=11685600 _base_bdp=146070 _bdp=146070 _min_cwnd=4150 _maxwnd=219105 _cwnd=219105
Initialize per-instance NSCC parameters: flowid 126 _base_rtt=11685600 _base_bdp=146070 _bdp=146070 _min_cwnd=4150 _maxwnd=219105 _cwnd=219105
Initialize per-instance NSCC parameters: flowid 127 _base_rtt=11685600 _base_bdp=146070 _bdp=146070 _min_cwnd=4150 _maxwnd=219105 _cwnd=219105
Initialize per-instance NSCC parameters: flowid 128 _base_rtt=11685600 _base_bdp=146070 _bdp=146070 _min_cwnd=4150 _maxwnd=219105 _cwnd=219105
Initialize per-instance NSCC parameters: flowid 129 _base_rtt=11685600 _base_bdp=146070 _bdp=146070 _min_cwnd=4150 _maxwnd=219105 _cwnd=219105
Initialize per-instance NSCC parameters: flowid 130 _base_rtt=11685600 _base_bdp=146070 _bdp=146070 _min_cwnd=4150 _maxwnd=219105 _cwnd=219105
Initialize per-instance NSCC parameters: flowid 131 _base_rtt=11685600 _base_bdp=146070 _bdp=146070 _min_cwnd=4150 _maxwnd=219105 _cwnd=219105
Initialize per-instance NSCC parameters: flowid 132 _base_rtt=11685600 _base_bdp=146070 _bdp=146070 _min_cwnd=4150 _maxwnd=219105 _cwnd=219105
Initialize per-instance NSCC parameters: flowid 133 _base_rtt=11685600 _base_bdp=146070 _bdp=146070 _min_cwnd=4150 _maxwnd=219105 _cwnd=219105
Initialize per-instance NSCC parameters: flowid 134 _base_rtt=11685600 _base_bdp=146070 _bdp=146070 _min_cwnd=4150 _maxwnd=219105 _cwnd=219105
Initialize per-instance NSCC parameters: flowid 135 _base_rtt=11685600 _base_bdp=146070 _bdp=146070 _min_cwnd=4150 _maxwnd=219105 _cwnd=219105
Initialize per-instance NSCC parameters: flowid 136 _base_rtt=11685600 _base_bdp=146070 _bdp=146070 _min_cwnd=4150 _maxwnd=219105 _cwnd=219105
Initialize per-instance NSCC parameters: flowid 137 _base_rtt=11685600 _base_bdp=146070 _bdp=146070 _min_cwnd=4150 _maxwnd=219105 _cwnd=219105
Initialize per-instance NSCC parameters: flowid 138 _base_rtt=11685600 _base_bdp=146070 _bdp=146070 _min_cwnd=4150 _maxwnd=219105 _cwnd=219105
Initialize per-instance NSCC parameters: flowid 139 _base_rtt=11685600 _base_bdp=146070 _bdp=146070 _min_cwnd=4150 _maxwnd=219105 _cwnd=219105
Initialize per-instance NSCC parameters: flowid 140 _base_rtt=11685600 _base_bdp=146070 _bdp=146070 _min_cwnd=4150 _maxwnd=219105 _cwnd=219105
Initialize per-instance NSCC parameters: flowid 141 _base_rtt=11685600 _base_bdp=146070 _bdp=146070 _min_cwnd=4150 _maxwnd=219105 _cwnd=219105
Initialize per-instance NSCC parameters: flowid 142 _base_rtt=11685600 _base_bdp=146070 _bdp=146070 _min_cwnd=4150 _maxwnd=219105 _cwnd=219105
Initialize per-instance NSCC parameters: flowid 143 _base_rtt=11685600 _base_bdp=146070 _bdp=146070 _min_cwnd=4150 _maxwnd=219105 _cwnd=219105
Initialize per-instance NSCC parameters: flowid 144 _base_rtt=11685600 _base_bdp=146070 _bdp=146070 _min_cwnd=4150 _maxwnd=219105 _cwnd=219105
Initialize per-instance NSCC parameters: flowid 145 _base_rtt=11685600 _base_bdp=146070 _bdp=146070 _min_cwnd=4150 _maxwnd=219105 _cwnd=219105
Initialize per-instance NSCC parameters: flowid 146 _base_rtt=11685600 _base_bdp=146070 _bdp=146070 _min_cwnd=4150 _maxwnd=219105 _cwnd=219105
Initialize per-instance NSCC parameters: flowid 147 _base_rtt=11685600 _base_bdp=146070 _bdp=146070 _min_cwnd=4150 _maxwnd=219105 _cwnd=219105
Initialize per-instance NSCC parameters: flowid 148 _base_rtt=11685600 _base_bdp=146070 _bdp=146070 _min_cwnd=4150 _maxwnd=219105 _cwnd=219105
Initialize per-instance NSCC parameters: flowid 149 _base_rtt=11685600 _base_bdp=146070 _bdp=146070 _min_cwnd=4150 _maxwnd=219105 _cwnd=219105
Initialize per-instance NSCC parameters: flowid 150 _base_rtt=11685600 _base_bdp=146070 _bdp=146070 _min_cwnd=4150 _maxwnd=219105 _cwnd=219105
Initialize per-instance NSCC parameters: flowid 151 _base_rtt=11685600 _base_bdp=146070 _bdp=146070 _min_cwnd=4150 _maxwnd=219105 _cwnd=219105
Initialize per-instance NSCC parameters: flowid 152 _base_rtt=11685600 _base_bdp=146070 _bdp=146070 _min_cwnd=4150 _maxwnd=219105 _cwnd=219105
Initialize per-instance NSCC parameters: flowid 153 _base_rtt=11685600 _base_bdp=146070 _bdp=146070 _min_cwnd=4150 _maxwnd=219105 _cwnd=219105
Initialize per-instance NSCC parameters: flowid 154 _base_rtt=11685600 _base_bdp=146070 _bdp=146070 _min_cwnd=4150 _maxwnd=219105 _cwnd=219105
Initialize per-instance NSCC parameters: flowid 155 _base_rtt=11685600 _base_bdp=146070 _bdp=146070 _min_cwnd=4150 _maxwnd=219105 _cwnd=219105
Initialize per-instance NSCC parameters: flowid 156 _base_rtt=11685600 _base_bdp=146070 _bdp=146070 _min_cwnd=4150 _maxwnd=219105 _cwnd=219105
Initialize per-instance NSCC parameters: flowid 157 _base_rtt=11685600 _base_bdp=146070 _bdp=146070 _min_cwnd=4150 _maxwnd=219105 _cwnd=219105
Initialize per-instance NSCC parameters: flowid 158 _base_rtt=11685600 _base_bdp=146070 _bdp=146070 _min_cwnd=4150 _maxwnd=219105 _cwnd=219105
Initialize per-instance NSCC parameters: flowid 159 _base_rtt=11685600 _base_bdp=146070 _bdp=146070 _min_cwnd=4150 _maxwnd=219105 _cwnd=219105
Initialize per-instance NSCC parameters: flowid 160 _base_rtt=11685600 _base_bdp=146070 _bdp=146070 _min_cwnd=4150 _maxwnd=219105 _cwnd=219105
Initialize per-instance NSCC parameters: flowid 161 _base_rtt=11685600 _base_bdp=146070 _bdp=146070 _min_cwnd=4150 _maxwnd=219105 _cwnd=219105
Initialize per-instance NSCC parameters: flowid 162 _base_rtt=11685600 _base_bdp=146070 _bdp=146070 _min_cwnd=4150 _maxwnd=219105 _cwnd=219105
Initialize per-instance NSCC parameters: flowid 163 _base_rtt=11685600 _base_bdp=146070 _bdp=146070 _min_cwnd=4150 _maxwnd=219105 _cwnd=219105
Initialize per-instance NSCC parameters: flowid 164 _base_rtt=11685600 _base_bdp=146070 _bdp=146070 _min_cwnd=4150 _maxwnd=219105 _cwnd=219105
Initialize per-instance NSCC parameters: flowid 165 _base_rtt=11685600 _base_bdp=146070 _bdp=146070 _min_cwnd=4150 _maxwnd=219105 _cwnd=219105
Initialize per-instance NSCC parameters: flowid 166 _base_rtt=11685600 _base_bdp=146070 _bdp=146070 _min_cwnd=4150 _maxwnd=219105 _cwnd=219105
Initialize per-instance NSCC parameters: flowid 167 _base_rtt=11685600 _base_bdp=146070 _bdp=146070 _min_cwnd=4150 _maxwnd=219105 _cwnd=219105
Initialize per-instance NSCC parameters: flowid 168 _base_rtt=11685600 _base_bdp=146070 _bdp=146070 _min_cwnd=4150 _maxwnd=219105 _cwnd=219105
Initialize per-instance NSCC parameters: flowid 169 _base_rtt=11685600 _base_bdp=146070 _bdp=146070 _min_cwnd=4150 _maxwnd=219105 _cwnd=219105
Initialize per-instance NSCC parameters: flowid 170 _base_rtt=11685600 _base_bdp=146070 _bdp=146070 _min_cwnd=4150 _maxwnd=219105 _cwnd=219105
Initialize per-instance NSCC parameters: flowid 171 _base_rtt=11685600 _base_bdp=146070 _bdp=146070 _min_cwnd=4150 _maxwnd=219105 _cwnd=219105
Initialize per-instance NSCC parameters: flowid 172 _base_rtt=11685600 _base_bdp=146070 _bdp=146070 _min_cwnd=4150 _maxwnd=219105 _cwnd=219105
Initialize per-instance NSCC parameters: flowid 173 _base_rtt=11685600 _base_bdp=146070 _bdp=146070 _min_cwnd=4150 _maxwnd=219105 _cwnd=219105
Initialize per-instance NSCC parameters: flowid 174 _base_rtt=11685600 _base_bdp=146070 _bdp=146070 _min_cwnd=4150 _maxwnd=219105 _cwnd=219105
Initialize per-instance NSCC parameters: flowid 175 _base_rtt=11685600 _base_bdp=146070 _bdp=146070 _min_cwnd=4150 _maxwnd=219105 _cwnd=219105
Initialize per-instance NSCC parameters: flowid 176 _base_rtt=11685600 _base_bdp=146070 _bdp=146070 _min_cwnd=4150 _maxwnd=219105 _cwnd=219105
Initialize per-instance NSCC parameters: flowid 177 _base_rtt=11685600 _base_bdp=146070 _bdp=146070 _min_cwnd=4150 _maxwnd=219105 _cwnd=219105
Initialize per-instance NSCC parameters: flowid 178 _base_rtt=11685600 _base_bdp=146070 _bdp=146070 _min_cwnd=4150 _maxwnd=219105 _cwnd=219105
Initialize per-instance NSCC parameters: flowid 179 _base_rtt=11685600 _base_bdp=146070 _bdp=146070 _min_cwnd=4150 _maxwnd=219105 _cwnd=219105
Initialize per-instance NSCC parameters: flowid 180 _base_rtt=11685600 _base_bdp=146070 _bdp=146070 _min_cwnd=4150 _maxwnd=219105 _cwnd=219105
Initialize per-instance NSCC parameters: flowid 181 _base_rtt=11685600 _base_bdp=146070 _bdp=146070 _min_cwnd=4150 _maxwnd=219105 _cwnd=219105
Initialize per-instance NSCC parameters: flowid 182 _base_rtt=11685600 _base_bdp=146070 _bdp=146070 _min_cwnd=4150 _maxwnd=219105 _cwnd=219105
Initialize per-instance NSCC parameters: flowid 183 _base_rtt=11685600 _base_bdp=146070 _bdp=146070 _min_cwnd=4150 _maxwnd=219105 _cwnd=219105
Initialize per-instance NSCC parameters: flowid 184 _base_rtt=11685600 _base_bdp=146070 _bdp=146070 _min_cwnd=4150 _maxwnd=219105 _cwnd=219105
Initialize per-instance NSCC parameters: flowid 185 _base_rtt=11685600 _base_bdp=146070 _bdp=146070 _min_cwnd=4150 _maxwnd=219105 _cwnd=219105
Initialize per-instance NSCC parameters: flowid 186 _base_rtt=11685600 _base_bdp=146070 _bdp=146070 _min_cwnd=4150 _maxwnd=219105 _cwnd=219105
Initialize per-instance NSCC parameters: flowid 187 _base_rtt=11685600 _base_bdp=146070 _bdp=146070 _min_cwnd=4150 _maxwnd=219105 _cwnd=219105
Initialize per-instance NSCC parameters: flowid 188 _base_rtt=11685600 _base_bdp=146070 _bdp=146070 _min_cwnd=4150 _maxwnd=219105 _cwnd=219105
Initialize per-instance NSCC parameters: flowid 189 _base_rtt=11685600 _base_bdp=146070 _bdp=146070 _min_cwnd=4150 _maxwnd=219105 _cwnd=219105
Initialize per-instance NSCC parameters: flowid 190 _base_rtt=11685600 _base_bdp=146070 _bdp=146070 _min_cwnd=4150 _maxwnd=219105 _cwnd=219105
Initialize per-instance NSCC parameters: flowid 191 _base_rtt=11685600 _base_bdp=146070 _bdp=146070 _min_cwnd=4150 _maxwnd=219105 _cwnd=219105
Initialize per-instance NSCC parameters: flowid 192 _base_rtt=11685600 _base_bdp=146070 _bdp=146070 _min_cwnd=4150 _maxwnd=219105 _cwnd=219105
Initialize per-instance NSCC parameters: flowid 193 _base_rtt=11685600 _base_bdp=146070 _bdp=146070 _min_cwnd=4150 _maxwnd=219105 _cwnd=219105
Initialize per-instance NSCC parameters: flowid 194 _base_rtt=11685600 _base_bdp=146070 _bdp=146070 _min_cwnd=4150 _maxwnd=219105 _cwnd=219105
Initialize per-instance NSCC parameters: flowid 195 _base_rtt=11685600 _base_bdp=146070 _bdp=146070 _min_cwnd=4150 _maxwnd=219105 _cwnd=219105
Initialize per-instance NSCC parameters: flowid 196 _base_rtt=11685600 _base_bdp=146070 _bdp=146070 _min_cwnd=4150 _maxwnd=219105 _cwnd=219105
Initialize per-instance NSCC parameters: flowid 197 _base_rtt=11685600 _base_bdp=146070 _bdp=146070 _min_cwnd=4150 _maxwnd=219105 _cwnd=219105
Initialize per-instance NSCC parameters: flowid 198 _base_rtt=11685600 _base_bdp=146070 _bdp=146070 _min_cwnd=4150 _maxwnd=219105 _cwnd=219105
Initialize per-instance NSCC parameters: flowid 199 _base_rtt=11685600 _base_bdp=146070 _bdp=146070 _min_cwnd=4150 _maxwnd=219105 _cwnd=219105
Initialize per-instance NSCC parameters: flowid 200 _base_rtt=11685600 _base_bdp=146070 _bdp=146070 _min_cwnd=4150 _maxwnd=219105 _cwnd=219105
Initialize per-instance NSCC parameters: flowid 201 _base_rtt=11685600 _base_bdp=146070 _bdp=146070 _min_cwnd=4150 _maxwnd=219105 _cwnd=219105
Initialize per-instance NSCC parameters: flowid 202 _base_rtt=11685600 _base_bdp=146070 _bdp=146070 _min_cwnd=4150 _maxwnd=219105 _cwnd=219105
Initialize per-instance NSCC parameters: flowid 203 _base_rtt=11685600 _base_bdp=146070 _bdp=146070 _min_cwnd=4150 _maxwnd=219105 _cwnd=219105
Initialize per-instance NSCC parameters: flowid 204 _base_rtt=11685600 _base_bdp=146070 _bdp=146070 _min_cwnd=4150 _maxwnd=219105 _cwnd=219105
Initialize per-instance NSCC parameters: flowid 205 _base_rtt=11685600 _base_bdp=146070 _bdp=146070 _min_cwnd=4150 _maxwnd=219105 _cwnd=219105
Initialize per-instance NSCC parameters: flowid 206 _base_rtt=11685600 _base_bdp=146070 _bdp=146070 _min_cwnd=4150 _maxwnd=219105 _cwnd=219105
Initialize per-instance NSCC parameters: flowid 207 _base_rtt=11685600 _base_bdp=146070 _bdp=146070 _min_cwnd=4150 _maxwnd=219105 _cwnd=219105
Initialize per-instance NSCC parameters: flowid 208 _base_rtt=11685600 _base_bdp=146070 _bdp=146070 _min_cwnd=4150 _maxwnd=219105 _cwnd=219105
Initialize per-instance NSCC parameters: flowid 209 _base_rtt=11685600 _base_bdp=146070 _bdp=146070 _min_cwnd=4150 _maxwnd=219105 _cwnd=219105
Initialize per-instance NSCC parameters: flowid 210 _base_rtt=11685600 _base_bdp=146070 _bdp=146070 _min_cwnd=4150 _maxwnd=219105 _cwnd=219105
Initialize per-instance NSCC parameters: flowid 211 _base_rtt=11685600 _base_bdp=146070 _bdp=146070 _min_cwnd=4150 _maxwnd=219105 _cwnd=219105
Initialize per-instance NSCC parameters: flowid 212 _base_rtt=11685600 _base_bdp=146070 _bdp=146070 _min_cwnd=4150 _maxwnd=219105 _cwnd=219105
Initialize per-instance NSCC parameters: flowid 213 _base_rtt=11685600 _base_bdp=146070 _bdp=146070 _min_cwnd=4150 _maxwnd=219105 _cwnd=219105
Initialize per-instance NSCC parameters: flowid 214 _base_rtt=11685600 _base_bdp=146070 _bdp=146070 _min_cwnd=4150 _maxwnd=219105 _cwnd=219105
Initialize per-instance NSCC parameters: flowid 215 _base_rtt=11685600 _base_bdp=146070 _bdp=146070 _min_cwnd=4150 _maxwnd=219105 _cwnd=219105
Initialize per-instance NSCC parameters: flowid 216 _base_rtt=11685600 _base_bdp=146070 _bdp=146070 _min_cwnd=4150 _maxwnd=219105 _cwnd=219105
Initialize per-instance NSCC parameters: flowid 217 _base_rtt=11685600 _base_bdp=146070 _bdp=146070 _min_cwnd=4150 _maxwnd=219105 _cwnd=219105
Initialize per-instance NSCC parameters: flowid 218 _base_rtt=11685600 _base_bdp=146070 _bdp=146070 _min_cwnd=4150 _maxwnd=219105 _cwnd=219105
Initialize per-instance NSCC parameters: flowid 219 _base_rtt=11685600 _base_bdp=146070 _bdp=146070 _min_cwnd=4150 _maxwnd=219105 _cwnd=219105
Initialize per-instance NSCC parameters: flowid 220 _base_rtt=11685600 _base_bdp=146070 _bdp=146070 _min_cwnd=4150 _maxwnd=219105 _cwnd=219105
Initialize per-instance NSCC parameters: flowid 221 _base_rtt=11685600 _base_bdp=146070 _bdp=146070 _min_cwnd=4150 _maxwnd=219105 _cwnd=219105
Initialize per-instance NSCC parameters: flowid 222 _base_rtt=11685600 _base_bdp=146070 _bdp=146070 _min_cwnd=4150 _maxwnd=219105 _cwnd=219105
Initialize per-instance NSCC parameters: flowid 223 _base_rtt=11685600 _base_bdp=146070 _bdp=146070 _min_cwnd=4150 _maxwnd=219105 _cwnd=219105
Initialize per-instance NSCC parameters: flowid 224 _base_rtt=11685600 _base_bdp=146070 _bdp=146070 _min_cwnd=4150 _maxwnd=219105 _cwnd=219105
Initialize per-instance NSCC parameters: flowid 225 _base_rtt=11685600 _base_bdp=146070 _bdp=146070 _min_cwnd=4150 _maxwnd=219105 _cwnd=219105
Initialize per-instance NSCC parameters: flowid 226 _base_rtt=11685600 _base_bdp=146070 _bdp=146070 _min_cwnd=4150 _maxwnd=219105 _cwnd=219105
Initialize per-instance NSCC parameters: flowid 227 _base_rtt=11685600 _base_bdp=146070 _bdp=146070 _min_cwnd=4150 _maxwnd=219105 _cwnd=219105
Initialize per-instance NSCC parameters: flowid 228 _base_rtt=11685600 _base_bdp=146070 _bdp=146070 _min_cwnd=4150 _maxwnd=219105 _cwnd=219105
Initialize per-instance NSCC parameters: flowid 229 _base_rtt=11685600 _base_bdp=146070 _bdp=146070 _min_cwnd=4150 _maxwnd=219105 _cwnd=219105
Initialize per-instance NSCC parameters: flowid 230 _base_rtt=11685600 _base_bdp=146070 _bdp=146070 _min_cwnd=4150 _maxwnd=219105 _cwnd=219105
Initialize per-instance NSCC parameters: flowid 231 _base_rtt=11685600 _base_bdp=146070 _bdp=146070 _min_cwnd=4150 _maxwnd=219105 _cwnd=219105
Initialize per-instance NSCC parameters: flowid 232 _base_rtt=11685600 _base_bdp=146070 _bdp=146070 _min_cwnd=4150 _maxwnd=219105 _cwnd=219105
Initialize per-instance NSCC parameters: flowid 233 _base_rtt=11685600 _base_bdp=146070 _bdp=146070 _min_cwnd=4150 _maxwnd=219105 _cwnd=219105
Initialize per-instance NSCC parameters: flowid 234 _base_rtt=11685600 _base_bdp=146070 _bdp=146070 _min_cwnd=4150 _maxwnd=219105 _cwnd=219105
Initialize per-instance NSCC parameters: flowid 235 _base_rtt=11685600 _base_bdp=146070 _bdp=146070 _min_cwnd=4150 _maxwnd=219105 _cwnd=219105
Initialize per-instance NSCC parameters: flowid 236 _base_rtt=11685600 _base_bdp=146070 _bdp=146070 _min_cwnd=4150 _maxwnd=219105 _cwnd=219105
Initialize per-instance NSCC parameters: flowid 237 _base_rtt=11685600 _base_bdp=146070 _bdp=146070 _min_cwnd=4150 _maxwnd=219105 _cwnd=219105
Initialize per-instance NSCC parameters: flowid 238 _base_rtt=11685600 _base_bdp=146070 _bdp=146070 _min_cwnd=4150 _maxwnd=219105 _cwnd=219105
Initialize per-instance NSCC parameters: flowid 239 _base_rtt=11685600 _base_bdp=146070 _bdp=146070 _min_cwnd=4150 _maxwnd=219105 _cwnd=219105
Initialize per-instance NSCC parameters: flowid 240 _base_rtt=11685600 _base_bdp=146070 _bdp=146070 _min_cwnd=4150 _maxwnd=219105 _cwnd=219105
Initialize per-instance NSCC parameters: flowid 241 _base_rtt=11685600 _base_bdp=146070 _bdp=146070 _min_cwnd=4150 _maxwnd=219105 _cwnd=219105
Initialize per-instance NSCC parameters: flowid 242 _base_rtt=11685600 _base_bdp=146070 _bdp=146070 _min_cwnd=4150 _maxwnd=219105 _cwnd=219105
Initialize per-instance NSCC parameters: flowid 243 _base_rtt=11685600 _base_bdp=146070 _bdp=146070 _min_cwnd=4150 _maxwnd=219105 _cwnd=219105
Initialize per-instance NSCC parameters: flowid 244 _base_rtt=11685600 _base_bdp=146070 _bdp=146070 _min_cwnd=4150 _maxwnd=219105 _cwnd=219105
Initialize per-instance NSCC parameters: flowid 245 _base_rtt=11685600 _base_bdp=146070 _bdp=146070 _min_cwnd=4150 _maxwnd=219105 _cwnd=219105
Initialize per-instance NSCC parameters: flowid 246 _base_rtt=11685600 _base_bdp=146070 _bdp=146070 _min_cwnd=4150 _maxwnd=219105 _cwnd=219105
Initialize per-instance NSCC parameters: flowid 247 _base_rtt=11685600 _base_bdp=146070 _bdp=146070 _min_cwnd=4150 _maxwnd=219105 _cwnd=219105
Initialize per-instance NSCC parameters: flowid 248 _base_rtt=11685600 _base_bdp=146070 _bdp=146070 _min_cwnd=4150 _maxwnd=219105 _cwnd=219105
Initialize per-instance NSCC parameters: flowid 249 _base_rtt=11685600 _base_bdp=146070 _bdp=146070 _min_cwnd=4150 _maxwnd=219105 _cwnd=219105
Initialize per-instance NSCC parameters: flowid 250 _base_rtt=11685600 _base_bdp=146070 _bdp=146070 _min_cwnd=4150 _maxwnd=219105 _cwnd=219105
Initialize per-instance NSCC parameters: flowid 251 _base_rtt=11685600 _base_bdp=146070 _bdp=146070 _min_cwnd=4150 _maxwnd=219105 _cwnd=219105
Initialize per-instance NSCC parameters: flowid 252 _base_rtt=11685600 _base_bdp=146070 _bdp=146070 _min_cwnd=4150 _maxwnd=219105 _cwnd=219105
Initialize per-instance NSCC parameters: flowid 253 _base_rtt=11685600 _base_bdp=146070 _bdp=146070 _min_cwnd=4150 _maxwnd=219105 _cwnd=219105
Initialize per-instance NSCC parameters: flowid 254 _base_rtt=11685600 _base_bdp=146070 _bdp=146070 _min_cwnd=4150 _maxwnd=219105 _cwnd=219105
Initialize per-instance NSCC parameters: flowid 255 _base_rtt=11685600 _base_bdp=146070 _bdp=146070 _min_cwnd=4150 _maxwnd=219105 _cwnd=219105
Initialize per-instance NSCC parameters: flowid 256 _base_rtt=11685600 _base_bdp=146070 _bdp=146070 _min_cwnd=4150 _maxwnd=219105 _cwnd=219105
Initialize per-instance NSCC parameters: flowid 257 _base_rtt=11685600 _base_bdp=146070 _bdp=146070 _min_cwnd=4150 _maxwnd=219105 _cwnd=219105
Initialize per-instance NSCC parameters: flowid 258 _base_rtt=11685600 _base_bdp=146070 _bdp=146070 _min_cwnd=4150 _maxwnd=219105 _cwnd=219105
Initialize per-instance NSCC parameters: flowid 259 _base_rtt=11685600 _base_bdp=146070 _bdp=146070 _min_cwnd=4150 _maxwnd=219105 _cwnd=219105
Initialize per-instance NSCC parameters: flowid 260 _base_rtt=11685600 _base_bdp=146070 _bdp=146070 _min_cwnd=4150 _maxwnd=219105 _cwnd=219105
Initialize per-instance NSCC parameters: flowid 261 _base_rtt=11685600 _base_bdp=146070 _bdp=146070 _min_cwnd=4150 _maxwnd=219105 _cwnd=219105
Initialize per-instance NSCC parameters: flowid 262 _base_rtt=11685600 _base_bdp=146070 _bdp=146070 _min_cwnd=4150 _maxwnd=219105 _cwnd=219105
Initialize per-instance NSCC parameters: flowid 263 _base_rtt=11685600 _base_bdp=146070 _bdp=146070 _min_cwnd=4150 _maxwnd=219105 _cwnd=219105
Initialize per-instance NSCC parameters: flowid 264 _base_rtt=11685600 _base_bdp=146070 _bdp=146070 _min_cwnd=4150 _maxwnd=219105 _cwnd=219105
Initialize per-instance NSCC parameters: flowid 265 _base_rtt=11685600 _base_bdp=146070 _bdp=146070 _min_cwnd=4150 _maxwnd=219105 _cwnd=219105
Initialize per-instance NSCC parameters: flowid 266 _base_rtt=11685600 _base_bdp=146070 _bdp=146070 _min_cwnd=4150 _maxwnd=219105 _cwnd=219105
Initialize per-instance NSCC parameters: flowid 267 _base_rtt=11685600 _base_bdp=146070 _bdp=146070 _min_cwnd=4150 _maxwnd=219105 _cwnd=219105
Initialize per-instance NSCC parameters: flowid 268 _base_rtt=11685600 _base_bdp=146070 _bdp=146070 _min_cwnd=4150 _maxwnd=219105 _cwnd=219105
Initialize per-instance NSCC parameters: flowid 269 _base_rtt=11685600 _base_bdp=146070 _bdp=146070 _min_cwnd=4150 _maxwnd=219105 _cwnd=219105
Initialize per-instance NSCC parameters: flowid 270 _base_rtt=11685600 _base_bdp=146070 _bdp=146070 _min_cwnd=4150 _maxwnd=219105 _cwnd=219105
Initialize per-instance NSCC parameters: flowid 271 _base_rtt=11685600 _base_bdp=146070 _bdp=146070 _min_cwnd=4150 _maxwnd=219105 _cwnd=219105
Initialize per-instance NSCC parameters: flowid 272 _base_rtt=11685600 _base_bdp=146070 _bdp=146070 _min_cwnd=4150 _maxwnd=219105 _cwnd=219105
Initialize per-instance NSCC parameters: flowid 273 _base_rtt=11685600 _base_bdp=146070 _bdp=146070 _min_cwnd=4150 _maxwnd=219105 _cwnd=219105
Initialize per-instance NSCC parameters: flowid 274 _base_rtt=11685600 _base_bdp=146070 _bdp=146070 _min_cwnd=4150 _maxwnd=219105 _cwnd=219105
Initialize per-instance NSCC parameters: flowid 275 _base_rtt=11685600 _base_bdp=146070 _bdp=146070 _min_cwnd=4150 _maxwnd=219105 _cwnd=219105
Initialize per-instance NSCC parameters: flowid 276 _base_rtt=11685600 _base_bdp=146070 _bdp=146070 _min_cwnd=4150 _maxwnd=219105 _cwnd=219105
Initialize per-instance NSCC parameters: flowid 277 _base_rtt=11685600 _base_bdp=146070 _bdp=146070 _min_cwnd=4150 _maxwnd=219105 _cwnd=219105
Initialize per-instance NSCC parameters: flowid 278 _base_rtt=11685600 _base_bdp=146070 _bdp=146070 _min_cwnd=4150 _maxwnd=219105 _cwnd=219105
Initialize per-instance NSCC parameters: flowid 279 _base_rtt=11685600 _base_bdp=146070 _bdp=146070 _min_cwnd=4150 _maxwnd=219105 _cwnd=219105
Initialize per-instance NSCC parameters: flowid 280 _base_rtt=11685600 _base_bdp=146070 _bdp=146070 _min_cwnd=4150 _maxwnd=219105 _cwnd=219105
Initialize per-instance NSCC parameters: flowid 281 _base_rtt=11685600 _base_bdp=146070 _bdp=146070 _min_cwnd=4150 _maxwnd=219105 _cwnd=219105
Initialize per-instance NSCC parameters: flowid 282 _base_rtt=11685600 _base_bdp=146070 _bdp=146070 _min_cwnd=4150 _maxwnd=219105 _cwnd=219105
Initialize per-instance NSCC parameters: flowid 283 _base_rtt=11685600 _base_bdp=146070 _bdp=146070 _min_cwnd=4150 _maxwnd=219105 _cwnd=219105
Initialize per-instance NSCC parameters: flowid 284 _base_rtt=11685600 _base_bdp=146070 _bdp=146070 _min_cwnd=4150 _maxwnd=219105 _cwnd=219105
Initialize per-instance NSCC parameters: flowid 285 _base_rtt=11685600 _base_bdp=146070 _bdp=146070 _min_cwnd=4150 _maxwnd=219105 _cwnd=219105
Initialize per-instance NSCC parameters: flowid 286 _base_rtt=11685600 _base_bdp=146070 _bdp=146070 _min_cwnd=4150 _maxwnd=219105 _cwnd=219105
Initialize per-instance NSCC parameters: flowid 287 _base_rtt=11685600 _base_bdp=146070 _bdp=146070 _min_cwnd=4150 _maxwnd=219105 _cwnd=219105
Initialize per-instance NSCC parameters: flowid 288 _base_rtt=11685600 _base_bdp=146070 _bdp=146070 _min_cwnd=4150 _maxwnd=219105 _cwnd=219105
Initialize per-instance NSCC parameters: flowid 289 _base_rtt=11685600 _base_bdp=146070 _bdp=146070 _min_cwnd=4150 _maxwnd=219105 _cwnd=219105
Initialize per-instance NSCC parameters: flowid 290 _base_rtt=11685600 _base_bdp=146070 _bdp=146070 _min_cwnd=4150 _maxwnd=219105 _cwnd=219105
Initialize per-instance NSCC parameters: flowid 291 _base_rtt=11685600 _base_bdp=146070 _bdp=146070 _min_cwnd=4150 _maxwnd=219105 _cwnd=219105
Initialize per-instance NSCC parameters: flowid 292 _base_rtt=11685600 _base_bdp=146070 _bdp=146070 _min_cwnd=4150 _maxwnd=219105 _cwnd=219105
Initialize per-instance NSCC parameters: flowid 293 _base_rtt=11685600 _base_bdp=146070 _bdp=146070 _min_cwnd=4150 _maxwnd=219105 _cwnd=219105
Initialize per-instance NSCC parameters: flowid 294 _base_rtt=11685600 _base_bdp=146070 _bdp=146070 _min_cwnd=4150 _maxwnd=219105 _cwnd=219105
Initialize per-instance NSCC parameters: flowid 295 _base_rtt=11685600 _base_bdp=146070 _bdp=146070 _min_cwnd=4150 _maxwnd=219105 _cwnd=219105
Initialize per-instance NSCC parameters: flowid 296 _base_rtt=11685600 _base_bdp=146070 _bdp=146070 _min_cwnd=4150 _maxwnd=219105 _cwnd=219105
Initialize per-instance NSCC parameters: flowid 297 _base_rtt=11685600 _base_bdp=146070 _bdp=146070 _min_cwnd=4150 _maxwnd=219105 _cwnd=219105
Initialize per-instance NSCC parameters: flowid 298 _base_rtt=11685600 _base_bdp=146070 _bdp=146070 _min_cwnd=4150 _maxwnd=219105 _cwnd=219105
Initialize per-instance NSCC parameters: flowid 299 _base_rtt=11685600 _base_bdp=146070 _bdp=146070 _min_cwnd=4150 _maxwnd=219105 _cwnd=219105
Initialize per-instance NSCC parameters: flowid 300 _base_rtt=11685600 _base_bdp=146070 _bdp=146070 _min_cwnd=4150 _maxwnd=219105 _cwnd=219105
Initialize per-instance NSCC parameters: flowid 301 _base_rtt=11685600 _base_bdp=146070 _bdp=146070 _min_cwnd=4150 _maxwnd=219105 _cwnd=219105
Initialize per-instance NSCC parameters: flowid 302 _base_rtt=11685600 _base_bdp=146070 _bdp=146070 _min_cwnd=4150 _maxwnd=219105 _cwnd=219105
Initialize per-instance NSCC parameters: flowid 303 _base_rtt=11685600 _base_bdp=146070 _bdp=146070 _min_cwnd=4150 _maxwnd=219105 _cwnd=219105
Initialize per-instance NSCC parameters: flowid 304 _base_rtt=11685600 _base_bdp=146070 _bdp=146070 _min_cwnd=4150 _maxwnd=219105 _cwnd=219105
Initialize per-instance NSCC parameters: flowid 305 _base_rtt=11685600 _base_bdp=146070 _bdp=146070 _min_cwnd=4150 _maxwnd=219105 _cwnd=219105
Initialize per-instance NSCC parameters: flowid 306 _base_rtt=11685600 _base_bdp=146070 _bdp=146070 _min_cwnd=4150 _maxwnd=219105 _cwnd=219105
Initialize per-instance NSCC parameters: flowid 307 _base_rtt=11685600 _base_bdp=146070 _bdp=146070 _min_cwnd=4150 _maxwnd=219105 _cwnd=219105
Initialize per-instance NSCC parameters: flowid 308 _base_rtt=11685600 _base_bdp=146070 _bdp=146070 _min_cwnd=4150 _maxwnd=219105 _cwnd=219105
Initialize per-instance NSCC parameters: flowid 309 _base_rtt=11685600 _base_bdp=146070 _bdp=146070 _min_cwnd=4150 _maxwnd=219105 _cwnd=219105
Initialize per-instance NSCC parameters: flowid 310 _base_rtt=11685600 _base_bdp=146070 _bdp=146070 _min_cwnd=4150 _maxwnd=219105 _cwnd=219105
Initialize per-instance NSCC parameters: flowid 311 _base_rtt=11685600 _base_bdp=146070 _bdp=146070 _min_cwnd=4150 _maxwnd=219105 _cwnd=219105
Initialize per-instance NSCC parameters: flowid 312 _base_rtt=11685600 _base_bdp=146070 _bdp=146070 _min_cwnd=4150 _maxwnd=219105 _cwnd=219105
Initialize per-instance NSCC parameters: flowid 313 _base_rtt=11685600 _base_bdp=146070 _bdp=146070 _min_cwnd=4150 _maxwnd=219105 _cwnd=219105
Initialize per-instance NSCC parameters: flowid 314 _base_rtt=11685600 _base_bdp=146070 _bdp=146070 _min_cwnd=4150 _maxwnd=219105 _cwnd=219105
Initialize per-instance NSCC parameters: flowid 315 _base_rtt=11685600 _base_bdp=146070 _bdp=146070 _min_cwnd=4150 _maxwnd=219105 _cwnd=219105
Initialize per-instance NSCC parameters: flowid 316 _base_rtt=11685600 _base_bdp=146070 _bdp=146070 _min_cwnd=4150 _maxwnd=219105 _cwnd=219105
Initialize per-instance NSCC parameters: flowid 317 _base_rtt=11685600 _base_bdp=146070 _bdp=146070 _min_cwnd=4150 _maxwnd=219105 _cwnd=219105
Initialize per-instance NSCC parameters: flowid 318 _base_rtt=11685600 _base_bdp=146070 _bdp=146070 _min_cwnd=4150 _maxwnd=219105 _cwnd=219105
Initialize per-instance NSCC parameters: flowid 319 _base_rtt=11685600 _base_bdp=146070 _bdp=146070 _min_cwnd=4150 _maxwnd=219105 _cwnd=219105
Initialize per-instance NSCC parameters: flowid 320 _base_rtt=11685600 _base_bdp=146070 _bdp=146070 _min_cwnd=4150 _maxwnd=219105 _cwnd=219105
Initialize per-instance NSCC parameters: flowid 321 _base_rtt=11685600 _base_bdp=146070 _bdp=146070 _min_cwnd=4150 _maxwnd=219105 _cwnd=219105
Initialize per-instance NSCC parameters: flowid 322 _base_rtt=11685600 _base_bdp=146070 _bdp=146070 _min_cwnd=4150 _maxwnd=219105 _cwnd=219105
Initialize per-instance NSCC parameters: flowid 323 _base_rtt=11685600 _base_bdp=146070 _bdp=146070 _min_cwnd=4150 _maxwnd=219105 _cwnd=219105
Initialize per-instance NSCC parameters: flowid 324 _base_rtt=11685600 _base_bdp=146070 _bdp=146070 _min_cwnd=4150 _maxwnd=219105 _cwnd=219105
Initialize per-instance NSCC parameters: flowid 325 _base_rtt=11685600 _base_bdp=146070 _bdp=146070 _min_cwnd=4150 _maxwnd=219105 _cwnd=219105
Initialize per-instance NSCC parameters: flowid 326 _base_rtt=11685600 _base_bdp=146070 _bdp=146070 _min_cwnd=4150 _maxwnd=219105 _cwnd=219105
Initialize per-instance NSCC parameters: flowid 327 _base_rtt=11685600 _base_bdp=146070 _bdp=146070 _min_cwnd=4150 _maxwnd=219105 _cwnd=219105
Initialize per-instance NSCC parameters: flowid 328 _base_rtt=11685600 _base_bdp=146070 _bdp=146070 _min_cwnd=4150 _maxwnd=219105 _cwnd=219105
Initialize per-instance NSCC parameters: flowid 329 _base_rtt=11685600 _base_bdp=146070 _bdp=146070 _min_cwnd=4150 _maxwnd=219105 _cwnd=219105
Initialize per-instance NSCC parameters: flowid 330 _base_rtt=11685600 _base_bdp=146070 _bdp=146070 _min_cwnd=4150 _maxwnd=219105 _cwnd=219105
Initialize per-instance NSCC parameters: flowid 331 _base_rtt=11685600 _base_bdp=146070 _bdp=146070 _min_cwnd=4150 _maxwnd=219105 _cwnd=219105
Initialize per-instance NSCC parameters: flowid 332 _base_rtt=11685600 _base_bdp=146070 _bdp=146070 _min_cwnd=4150 _maxwnd=219105 _cwnd=219105
Initialize per-instance NSCC parameters: flowid 333 _base_rtt=11685600 _base_bdp=146070 _bdp=146070 _min_cwnd=4150 _maxwnd=219105 _cwnd=219105
Initialize per-instance NSCC parameters: flowid 334 _base_rtt=11685600 _base_bdp=146070 _bdp=146070 _min_cwnd=4150 _maxwnd=219105 _cwnd=219105
Initialize per-instance NSCC parameters: flowid 335 _base_rtt=11685600 _base_bdp=146070 _bdp=146070 _min_cwnd=4150 _maxwnd=219105 _cwnd=219105
Initialize per-instance NSCC parameters: flowid 336 _base_rtt=11685600 _base_bdp=146070 _bdp=146070 _min_cwnd=4150 _maxwnd=219105 _cwnd=219105
Initialize per-instance NSCC parameters: flowid 337 _base_rtt=11685600 _base_bdp=146070 _bdp=146070 _min_cwnd=4150 _maxwnd=219105 _cwnd=219105
Initialize per-instance NSCC parameters: flowid 338 _base_rtt=11685600 _base_bdp=146070 _bdp=146070 _min_cwnd=4150 _maxwnd=219105 _cwnd=219105
Initialize per-instance NSCC parameters: flowid 339 _base_rtt=11685600 _base_bdp=146070 _bdp=146070 _min_cwnd=4150 _maxwnd=219105 _cwnd=219105
Initialize per-instance NSCC parameters: flowid 340 _base_rtt=11685600 _base_bdp=146070 _bdp=146070 _min_cwnd=4150 _maxwnd=219105 _cwnd=219105
Initialize per-instance NSCC parameters: flowid 341 _base_rtt=11685600 _base_bdp=146070 _bdp=146070 _min_cwnd=4150 _maxwnd=219105 _cwnd=219105
Initialize per-instance NSCC parameters: flowid 342 _base_rtt=11685600 _base_bdp=146070 _bdp=146070 _min_cwnd=4150 _maxwnd=219105 _cwnd=219105
Initialize per-instance NSCC parameters: flowid 343 _base_rtt=11685600 _base_bdp=146070 _bdp=146070 _min_cwnd=4150 _maxwnd=219105 _cwnd=219105
Initialize per-instance NSCC parameters: flowid 344 _base_rtt=11685600 _base_bdp=146070 _bdp=146070 _min_cwnd=4150 _maxwnd=219105 _cwnd=219105
Initialize per-instance NSCC parameters: flowid 345 _base_rtt=11685600 _base_bdp=146070 _bdp=146070 _min_cwnd=4150 _maxwnd=219105 _cwnd=219105
Initialize per-instance NSCC parameters: flowid 346 _base_rtt=11685600 _base_bdp=146070 _bdp=146070 _min_cwnd=4150 _maxwnd=219105 _cwnd=219105
Initialize per-instance NSCC parameters: flowid 347 _base_rtt=11685600 _base_bdp=146070 _bdp=146070 _min_cwnd=4150 _maxwnd=219105 _cwnd=219105
Initialize per-instance NSCC parameters: flowid 348 _base_rtt=11685600 _base_bdp=146070 _bdp=146070 _min_cwnd=4150 _maxwnd=219105 _cwnd=219105
Initialize per-instance NSCC parameters: flowid 349 _base_rtt=11685600 _base_bdp=146070 _bdp=146070 _min_cwnd=4150 _maxwnd=219105 _cwnd=219105
Initialize per-instance NSCC parameters: flowid 350 _base_rtt=11685600 _base_bdp=146070 _bdp=146070 _min_cwnd=4150 _maxwnd=219105 _cwnd=219105
Initialize per-instance NSCC parameters: flowid 351 _base_rtt=11685600 _base_bdp=146070 _bdp=146070 _min_cwnd=4150 _maxwnd=219105 _cwnd=219105
Initialize per-instance NSCC parameters: flowid 352 _base_rtt=11685600 _base_bdp=146070 _bdp=146070 _min_cwnd=4150 _maxwnd=219105 _cwnd=219105
Initialize per-instance NSCC parameters: flowid 353 _base_rtt=11685600 _base_bdp=146070 _bdp=146070 _min_cwnd=4150 _maxwnd=219105 _cwnd=219105
Initialize per-instance NSCC parameters: flowid 354 _base_rtt=11685600 _base_bdp=146070 _bdp=146070 _min_cwnd=4150 _maxwnd=219105 _cwnd=219105
Initialize per-instance NSCC parameters: flowid 355 _base_rtt=11685600 _base_bdp=146070 _bdp=146070 _min_cwnd=4150 _maxwnd=219105 _cwnd=219105
Initialize per-instance NSCC parameters: flowid 356 _base_rtt=11685600 _base_bdp=146070 _bdp=146070 _min_cwnd=4150 _maxwnd=219105 _cwnd=219105
Initialize per-instance NSCC parameters: flowid 357 _base_rtt=11685600 _base_bdp=146070 _bdp=146070 _min_cwnd=4150 _maxwnd=219105 _cwnd=219105
Initialize per-instance NSCC parameters: flowid 358 _base_rtt=11685600 _base_bdp=146070 _bdp=146070 _min_cwnd=4150 _maxwnd=219105 _cwnd=219105
Initialize per-instance NSCC parameters: flowid 359 _base_rtt=11685600 _base_bdp=146070 _bdp=146070 _min_cwnd=4150 _maxwnd=219105 _cwnd=219105
Initialize per-instance NSCC parameters: flowid 360 _base_rtt=11685600 _base_bdp=146070 _bdp=146070 _min_cwnd=4150 _maxwnd=219105 _cwnd=219105
Initialize per-instance NSCC parameters: flowid 361 _base_rtt=11685600 _base_bdp=146070 _bdp=146070 _min_cwnd=4150 _maxwnd=219105 _cwnd=219105
Initialize per-instance NSCC parameters: flowid 362 _base_rtt=11685600 _base_bdp=146070 _bdp=146070 _min_cwnd=4150 _maxwnd=219105 _cwnd=219105
Initialize per-instance NSCC parameters: flowid 363 _base_rtt=11685600 _base_bdp=146070 _bdp=146070 _min_cwnd=4150 _maxwnd=219105 _cwnd=219105
Initialize per-instance NSCC parameters: flowid 364 _base_rtt=11685600 _base_bdp=146070 _bdp=146070 _min_cwnd=4150 _maxwnd=219105 _cwnd=219105
Initialize per-instance NSCC parameters: flowid 365 _base_rtt=11685600 _base_bdp=146070 _bdp=146070 _min_cwnd=4150 _maxwnd=219105 _cwnd=219105
Initialize per-instance NSCC parameters: flowid 366 _base_rtt=11685600 _base_bdp=146070 _bdp=146070 _min_cwnd=4150 _maxwnd=219105 _cwnd=219105
Initialize per-instance NSCC parameters: flowid 367 _base_rtt=11685600 _base_bdp=146070 _bdp=146070 _min_cwnd=4150 _maxwnd=219105 _cwnd=219105
Initialize per-instance NSCC parameters: flowid 368 _base_rtt=11685600 _base_bdp=146070 _bdp=146070 _min_cwnd=4150 _maxwnd=219105 _cwnd=219105
Initialize per-instance NSCC parameters: flowid 369 _base_rtt=11685600 _base_bdp=146070 _bdp=146070 _min_cwnd=4150 _maxwnd=219105 _cwnd=219105
Initialize per-instance NSCC parameters: flowid 370 _base_rtt=11685600 _base_bdp=146070 _bdp=146070 _min_cwnd=4150 _maxwnd=219105 _cwnd=219105
Initialize per-instance NSCC parameters: flowid 371 _base_rtt=11685600 _base_bdp=146070 _bdp=146070 _min_cwnd=4150 _maxwnd=219105 _cwnd=219105
Initialize per-instance NSCC parameters: flowid 372 _base_rtt=11685600 _base_bdp=146070 _bdp=146070 _min_cwnd=4150 _maxwnd=219105 _cwnd=219105
Initialize per-instance NSCC parameters: flowid 373 _base_rtt=11685600 _base_bdp=146070 _bdp=146070 _min_cwnd=4150 _maxwnd=219105 _cwnd=219105
Initialize per-instance NSCC parameters: flowid 374 _base_rtt=11685600 _base_bdp=146070 _bdp=146070 _min_cwnd=4150 _maxwnd=219105 _cwnd=219105
Initialize per-instance NSCC parameters: flowid 375 _base_rtt=11685600 _base_bdp=146070 _bdp=146070 _min_cwnd=4150 _maxwnd=219105 _cwnd=219105
Initialize per-instance NSCC parameters: flowid 376 _base_rtt=11685600 _base_bdp=146070 _bdp=146070 _min_cwnd=4150 _maxwnd=219105 _cwnd=219105
Initialize per-instance NSCC parameters: flowid 377 _base_rtt=11685600 _base_bdp=146070 _bdp=146070 _min_cwnd=4150 _maxwnd=219105 _cwnd=219105
Initialize per-instance NSCC parameters: flowid 378 _base_rtt=11685600 _base_bdp=146070 _bdp=146070 _min_cwnd=4150 _maxwnd=219105 _cwnd=219105
Initialize per-instance NSCC parameters: flowid 379 _base_rtt=11685600 _base_bdp=146070 _bdp=146070 _min_cwnd=4150 _maxwnd=219105 _cwnd=219105
Initialize per-instance NSCC parameters: flowid 380 _base_rtt=11685600 _base_bdp=146070 _bdp=146070 _min_cwnd=4150 _maxwnd=219105 _cwnd=219105
Initialize per-instance NSCC parameters: flowid 381 _base_rtt=11685600 _base_bdp=146070 _bdp=146070 _min_cwnd=4150 _maxwnd=219105 _cwnd=219105
Initialize per-instance NSCC parameters: flowid 382 _base_rtt=11685600 _base_bdp=146070 _bdp=146070 _min_cwnd=4150 _maxwnd=219105 _cwnd=219105
Initialize per-instance NSCC parameters: flowid 383 _base_rtt=11685600 _base_bdp=146070 _bdp=146070 _min_cwnd=4150 _maxwnd=219105 _cwnd=219105
Initialize per-instance NSCC parameters: flowid 384 _base_rtt=11685600 _base_bdp=146070 _bdp=146070 _min_cwnd=4150 _maxwnd=219105 _cwnd=219105
Initialize per-instance NSCC parameters: flowid 385 _base_rtt=11685600 _base_bdp=146070 _bdp=146070 _min_cwnd=4150 _maxwnd=219105 _cwnd=219105
Initialize per-instance NSCC parameters: flowid 386 _base_rtt=11685600 _base_bdp=146070 _bdp=146070 _min_cwnd=4150 _maxwnd=219105 _cwnd=219105
Initialize per-instance NSCC parameters: flowid 387 _base_rtt=11685600 _base_bdp=146070 _bdp=146070 _min_cwnd=4150 _maxwnd=219105 _cwnd=219105
Initialize per-instance NSCC parameters: flowid 388 _base_rtt=11685600 _base_bdp=146070 _bdp=146070 _min_cwnd=4150 _maxwnd=219105 _cwnd=219105
Initialize per-instance NSCC parameters: flowid 389 _base_rtt=11685600 _base_bdp=146070 _bdp=146070 _min_cwnd=4150 _maxwnd=219105 _cwnd=219105
Initialize per-instance NSCC parameters: flowid 390 _base_rtt=11685600 _base_bdp=146070 _bdp=146070 _min_cwnd=4150 _maxwnd=219105 _cwnd=219105
Initialize per-instance NSCC parameters: flowid 391 _base_rtt=11685600 _base_bdp=146070 _bdp=146070 _min_cwnd=4150 _maxwnd=219105 _cwnd=219105
Initialize per-instance NSCC parameters: flowid 392 _base_rtt=11685600 _base_bdp=146070 _bdp=146070 _min_cwnd=4150 _maxwnd=219105 _cwnd=219105
Initialize per-instance NSCC parameters: flowid 393 _base_rtt=11685600 _base_bdp=146070 _bdp=146070 _min_cwnd=4150 _maxwnd=219105 _cwnd=219105
Initialize per-instance NSCC parameters: flowid 394 _base_rtt=11685600 _base_bdp=146070 _bdp=146070 _min_cwnd=4150 _maxwnd=219105 _cwnd=219105
Initialize per-instance NSCC parameters: flowid 395 _base_rtt=11685600 _base_bdp=146070 _bdp=146070 _min_cwnd=4150 _maxwnd=219105 _cwnd=219105
Initialize per-instance NSCC parameters: flowid 396 _base_rtt=11685600 _base_bdp=146070 _bdp=146070 _min_cwnd=4150 _maxwnd=219105 _cwnd=219105
Initialize per-instance NSCC parameters: flowid 397 _base_rtt=11685600 _base_bdp=146070 _bdp=146070 _min_cwnd=4150 _maxwnd=219105 _cwnd=219105
Initialize per-instance NSCC parameters: flowid 398 _base_rtt=11685600 _base_bdp=146070 _bdp=146070 _min_cwnd=4150 _maxwnd=219105 _cwnd=219105
Initialize per-instance NSCC parameters: flowid 399 _base_rtt=11685600 _base_bdp=146070 _bdp=146070 _min_cwnd=4150 _maxwnd=219105 _cwnd=219105
Initialize per-instance NSCC parameters: flowid 400 _base_rtt=11685600 _base_bdp=146070 _bdp=146070 _min_cwnd=4150 _maxwnd=219105 _cwnd=219105
Initialize per-instance NSCC parameters: flowid 401 _base_rtt=11685600 _base_bdp=146070 _bdp=146070 _min_cwnd=4150 _maxwnd=219105 _cwnd=219105
Initialize per-instance NSCC parameters: flowid 402 _base_rtt=11685600 _base_bdp=146070 _bdp=146070 _min_cwnd=4150 _maxwnd=219105 _cwnd=219105
Initialize per-instance NSCC parameters: flowid 403 _base_rtt=11685600 _base_bdp=146070 _bdp=146070 _min_cwnd=4150 _maxwnd=219105 _cwnd=219105
Initialize per-instance NSCC parameters: flowid 404 _base_rtt=11685600 _base_bdp=146070 _bdp=146070 _min_cwnd=4150 _maxwnd=219105 _cwnd=219105
Initialize per-instance NSCC parameters: flowid 405 _base_rtt=11685600 _base_bdp=146070 _bdp=146070 _min_cwnd=4150 _maxwnd=219105 _cwnd=219105
Initialize per-instance NSCC parameters: flowid 406 _base_rtt=11685600 _base_bdp=146070 _bdp=146070 _min_cwnd=4150 _maxwnd=219105 _cwnd=219105
Initialize per-instance NSCC parameters: flowid 407 _base_rtt=11685600 _base_bdp=146070 _bdp=146070 _min_cwnd=4150 _maxwnd=219105 _cwnd=219105
Initialize per-instance NSCC parameters: flowid 408 _base_rtt=11685600 _base_bdp=146070 _bdp=146070 _min_cwnd=4150 _maxwnd=219105 _cwnd=219105
Initialize per-instance NSCC parameters: flowid 409 _base_rtt=11685600 _base_bdp=146070 _bdp=146070 _min_cwnd=4150 _maxwnd=219105 _cwnd=219105
Initialize per-instance NSCC parameters: flowid 410 _base_rtt=11685600 _base_bdp=146070 _bdp=146070 _min_cwnd=4150 _maxwnd=219105 _cwnd=219105
Initialize per-instance NSCC parameters: flowid 411 _base_rtt=11685600 _base_bdp=146070 _bdp=146070 _min_cwnd=4150 _maxwnd=219105 _cwnd=219105
Initialize per-instance NSCC parameters: flowid 412 _base_rtt=11685600 _base_bdp=146070 _bdp=146070 _min_cwnd=4150 _maxwnd=219105 _cwnd=219105
Initialize per-instance NSCC parameters: flowid 413 _base_rtt=11685600 _base_bdp=146070 _bdp=146070 _min_cwnd=4150 _maxwnd=219105 _cwnd=219105
Initialize per-instance NSCC parameters: flowid 414 _base_rtt=11685600 _base_bdp=146070 _bdp=146070 _min_cwnd=4150 _maxwnd=219105 _cwnd=219105
Initialize per-instance NSCC parameters: flowid 415 _base_rtt=11685600 _base_bdp=146070 _bdp=146070 _min_cwnd=4150 _maxwnd=219105 _cwnd=219105
Initialize per-instance NSCC parameters: flowid 416 _base_rtt=11685600 _base_bdp=146070 _bdp=146070 _min_cwnd=4150 _maxwnd=219105 _cwnd=219105
Initialize per-instance NSCC parameters: flowid 417 _base_rtt=11685600 _base_bdp=146070 _bdp=146070 _min_cwnd=4150 _maxwnd=219105 _cwnd=219105
Initialize per-instance NSCC parameters: flowid 418 _base_rtt=11685600 _base_bdp=146070 _bdp=146070 _min_cwnd=4150 _maxwnd=219105 _cwnd=219105
Initialize per-instance NSCC parameters: flowid 419 _base_rtt=11685600 _base_bdp=146070 _bdp=146070 _min_cwnd=4150 _maxwnd=219105 _cwnd=219105
Initialize per-instance NSCC parameters: flowid 420 _base_rtt=11685600 _base_bdp=146070 _bdp=146070 _min_cwnd=4150 _maxwnd=219105 _cwnd=219105
Initialize per-instance NSCC parameters: flowid 421 _base_rtt=11685600 _base_bdp=146070 _bdp=146070 _min_cwnd=4150 _maxwnd=219105 _cwnd=219105
Initialize per-instance NSCC parameters: flowid 422 _base_rtt=11685600 _base_bdp=146070 _bdp=146070 _min_cwnd=4150 _maxwnd=219105 _cwnd=219105
Initialize per-instance NSCC parameters: flowid 423 _base_rtt=11685600 _base_bdp=146070 _bdp=146070 _min_cwnd=4150 _maxwnd=219105 _cwnd=219105
Initialize per-instance NSCC parameters: flowid 424 _base_rtt=11685600 _base_bdp=146070 _bdp=146070 _min_cwnd=4150 _maxwnd=219105 _cwnd=219105
Initialize per-instance NSCC parameters: flowid 425 _base_rtt=11685600 _base_bdp=146070 _bdp=146070 _min_cwnd=4150 _maxwnd=219105 _cwnd=219105
Initialize per-instance NSCC parameters: flowid 426 _base_rtt=11685600 _base_bdp=146070 _bdp=146070 _min_cwnd=4150 _maxwnd=219105 _cwnd=219105
Initialize per-instance NSCC parameters: flowid 427 _base_rtt=11685600 _base_bdp=146070 _bdp=146070 _min_cwnd=4150 _maxwnd=219105 _cwnd=219105
Initialize per-instance NSCC parameters: flowid 428 _base_rtt=11685600 _base_bdp=146070 _bdp=146070 _min_cwnd=4150 _maxwnd=219105 _cwnd=219105
Initialize per-instance NSCC parameters: flowid 429 _base_rtt=11685600 _base_bdp=146070 _bdp=146070 _min_cwnd=4150 _maxwnd=219105 _cwnd=219105
Initialize per-instance NSCC parameters: flowid 430 _base_rtt=11685600 _base_bdp=146070 _bdp=146070 _min_cwnd=4150 _maxwnd=219105 _cwnd=219105
Initialize per-instance NSCC parameters: flowid 431 _base_rtt=11685600 _base_bdp=146070 _bdp=146070 _min_cwnd=4150 _maxwnd=219105 _cwnd=219105
Initialize per-instance NSCC parameters: flowid 432 _base_rtt=11685600 _base_bdp=146070 _bdp=146070 _min_cwnd=4150 _maxwnd=219105 _cwnd=219105
Initialize per-instance NSCC parameters: flowid 433 _base_rtt=11685600 _base_bdp=146070 _bdp=146070 _min_cwnd=4150 _maxwnd=219105 _cwnd=219105
Initialize per-instance NSCC parameters: flowid 434 _base_rtt=11685600 _base_bdp=146070 _bdp=146070 _min_cwnd=4150 _maxwnd=219105 _cwnd=219105
Initialize per-instance NSCC parameters: flowid 435 _base_rtt=11685600 _base_bdp=146070 _bdp=146070 _min_cwnd=4150 _maxwnd=219105 _cwnd=219105
Initialize per-instance NSCC parameters: flowid 436 _base_rtt=11685600 _base_bdp=146070 _bdp=146070 _min_cwnd=4150 _maxwnd=219105 _cwnd=219105
Initialize per-instance NSCC parameters: flowid 437 _base_rtt=11685600 _base_bdp=146070 _bdp=146070 _min_cwnd=4150 _maxwnd=219105 _cwnd=219105
Initialize per-instance NSCC parameters: flowid 438 _base_rtt=11685600 _base_bdp=146070 _bdp=146070 _min_cwnd=4150 _maxwnd=219105 _cwnd=219105
Initialize per-instance NSCC parameters: flowid 439 _base_rtt=11685600 _base_bdp=146070 _bdp=146070 _min_cwnd=4150 _maxwnd=219105 _cwnd=219105
Initialize per-instance NSCC parameters: flowid 440 _base_rtt=11685600 _base_bdp=146070 _bdp=146070 _min_cwnd=4150 _maxwnd=219105 _cwnd=219105
Initialize per-instance NSCC parameters: flowid 441 _base_rtt=11685600 _base_bdp=146070 _bdp=146070 _min_cwnd=4150 _maxwnd=219105 _cwnd=219105
Initialize per-instance NSCC parameters: flowid 442 _base_rtt=11685600 _base_bdp=146070 _bdp=146070 _min_cwnd=4150 _maxwnd=219105 _cwnd=219105
Initialize per-instance NSCC parameters: flowid 443 _base_rtt=11685600 _base_bdp=146070 _bdp=146070 _min_cwnd=4150 _maxwnd=219105 _cwnd=219105
Initialize per-instance NSCC parameters: flowid 444 _base_rtt=11685600 _base_bdp=146070 _bdp=146070 _min_cwnd=4150 _maxwnd=219105 _cwnd=219105
Initialize per-instance NSCC parameters: flowid 445 _base_rtt=11685600 _base_bdp=146070 _bdp=146070 _min_cwnd=4150 _maxwnd=219105 _cwnd=219105
Initialize per-instance NSCC parameters: flowid 446 _base_rtt=11685600 _base_bdp=146070 _bdp=146070 _min_cwnd=4150 _maxwnd=219105 _cwnd=219105
Initialize per-instance NSCC parameters: flowid 447 _base_rtt=11685600 _base_bdp=146070 _bdp=146070 _min_cwnd=4150 _maxwnd=219105 _cwnd=219105
Initialize per-instance NSCC parameters: flowid 448 _base_rtt=11685600 _base_bdp=146070 _bdp=146070 _min_cwnd=4150 _maxwnd=219105 _cwnd=219105
Initialize per-instance NSCC parameters: flowid 449 _base_rtt=11685600 _base_bdp=146070 _bdp=146070 _min_cwnd=4150 _maxwnd=219105 _cwnd=219105
Initialize per-instance NSCC parameters: flowid 450 _base_rtt=11685600 _base_bdp=146070 _bdp=146070 _min_cwnd=4150 _maxwnd=219105 _cwnd=219105
Initialize per-instance NSCC parameters: flowid 451 _base_rtt=11685600 _base_bdp=146070 _bdp=146070 _min_cwnd=4150 _maxwnd=219105 _cwnd=219105
Initialize per-instance NSCC parameters: flowid 452 _base_rtt=11685600 _base_bdp=146070 _bdp=146070 _min_cwnd=4150 _maxwnd=219105 _cwnd=219105
Initialize per-instance NSCC parameters: flowid 453 _base_rtt=11685600 _base_bdp=146070 _bdp=146070 _min_cwnd=4150 _maxwnd=219105 _cwnd=219105
Initialize per-instance NSCC parameters: flowid 454 _base_rtt=11685600 _base_bdp=146070 _bdp=146070 _min_cwnd=4150 _maxwnd=219105 _cwnd=219105
Initialize per-instance NSCC parameters: flowid 455 _base_rtt=11685600 _base_bdp=146070 _bdp=146070 _min_cwnd=4150 _maxwnd=219105 _cwnd=219105
Initialize per-instance NSCC parameters: flowid 456 _base_rtt=11685600 _base_bdp=146070 _bdp=146070 _min_cwnd=4150 _maxwnd=219105 _cwnd=219105
Initialize per-instance NSCC parameters: flowid 457 _base_rtt=11685600 _base_bdp=146070 _bdp=146070 _min_cwnd=4150 _maxwnd=219105 _cwnd=219105
Initialize per-instance NSCC parameters: flowid 458 _base_rtt=11685600 _base_bdp=146070 _bdp=146070 _min_cwnd=4150 _maxwnd=219105 _cwnd=219105
Initialize per-instance NSCC parameters: flowid 459 _base_rtt=11685600 _base_bdp=146070 _bdp=146070 _min_cwnd=4150 _maxwnd=219105 _cwnd=219105
Initialize per-instance NSCC parameters: flowid 460 _base_rtt=11685600 _base_bdp=146070 _bdp=146070 _min_cwnd=4150 _maxwnd=219105 _cwnd=219105
Initialize per-instance NSCC parameters: flowid 461 _base_rtt=11685600 _base_bdp=146070 _bdp=146070 _min_cwnd=4150 _maxwnd=219105 _cwnd=219105
Initialize per-instance NSCC parameters: flowid 462 _base_rtt=11685600 _base_bdp=146070 _bdp=146070 _min_cwnd=4150 _maxwnd=219105 _cwnd=219105
Initialize per-instance NSCC parameters: flowid 463 _base_rtt=11685600 _base_bdp=146070 _bdp=146070 _min_cwnd=4150 _maxwnd=219105 _cwnd=219105
Initialize per-instance NSCC parameters: flowid 464 _base_rtt=11685600 _base_bdp=146070 _bdp=146070 _min_cwnd=4150 _maxwnd=219105 _cwnd=219105
Initialize per-instance NSCC parameters: flowid 465 _base_rtt=11685600 _base_bdp=146070 _bdp=146070 _min_cwnd=4150 _maxwnd=219105 _cwnd=219105
Initialize per-instance NSCC parameters: flowid 466 _base_rtt=11685600 _base_bdp=146070 _bdp=146070 _min_cwnd=4150 _maxwnd=219105 _cwnd=219105
Initialize per-instance NSCC parameters: flowid 467 _base_rtt=11685600 _base_bdp=146070 _bdp=146070 _min_cwnd=4150 _maxwnd=219105 _cwnd=219105
Initialize per-instance NSCC parameters: flowid 468 _base_rtt=11685600 _base_bdp=146070 _bdp=146070 _min_cwnd=4150 _maxwnd=219105 _cwnd=219105
Initialize per-instance NSCC parameters: flowid 469 _base_rtt=11685600 _base_bdp=146070 _bdp=146070 _min_cwnd=4150 _maxwnd=219105 _cwnd=219105
Initialize per-instance NSCC parameters: flowid 470 _base_rtt=11685600 _base_bdp=146070 _bdp=146070 _min_cwnd=4150 _maxwnd=219105 _cwnd=219105
Initialize per-instance NSCC parameters: flowid 471 _base_rtt=11685600 _base_bdp=146070 _bdp=146070 _min_cwnd=4150 _maxwnd=219105 _cwnd=219105
Initialize per-instance NSCC parameters: flowid 472 _base_rtt=11685600 _base_bdp=146070 _bdp=146070 _min_cwnd=4150 _maxwnd=219105 _cwnd=219105
Initialize per-instance NSCC parameters: flowid 473 _base_rtt=11685600 _base_bdp=146070 _bdp=146070 _min_cwnd=4150 _maxwnd=219105 _cwnd=219105
Initialize per-instance NSCC parameters: flowid 474 _base_rtt=11685600 _base_bdp=146070 _bdp=146070 _min_cwnd=4150 _maxwnd=219105 _cwnd=219105
Initialize per-instance NSCC parameters: flowid 475 _base_rtt=11685600 _base_bdp=146070 _bdp=146070 _min_cwnd=4150 _maxwnd=219105 _cwnd=219105
Initialize per-instance NSCC parameters: flowid 476 _base_rtt=11685600 _base_bdp=146070 _bdp=146070 _min_cwnd=4150 _maxwnd=219105 _cwnd=219105
Initialize per-instance NSCC parameters: flowid 477 _base_rtt=11685600 _base_bdp=146070 _bdp=146070 _min_cwnd=4150 _maxwnd=219105 _cwnd=219105
Initialize per-instance NSCC parameters: flowid 478 _base_rtt=11685600 _base_bdp=146070 _bdp=146070 _min_cwnd=4150 _maxwnd=219105 _cwnd=219105
Initialize per-instance NSCC parameters: flowid 479 _base_rtt=11685600 _base_bdp=146070 _bdp=146070 _min_cwnd=4150 _maxwnd=219105 _cwnd=219105
Initialize per-instance NSCC parameters: flowid 480 _base_rtt=11685600 _base_bdp=146070 _bdp=146070 _min_cwnd=4150 _maxwnd=219105 _cwnd=219105
Initialize per-instance NSCC parameters: flowid 481 _base_rtt=11685600 _base_bdp=146070 _bdp=146070 _min_cwnd=4150 _maxwnd=219105 _cwnd=219105
Initialize per-instance NSCC parameters: flowid 482 _base_rtt=11685600 _base_bdp=146070 _bdp=146070 _min_cwnd=4150 _maxwnd=219105 _cwnd=219105
Initialize per-instance NSCC parameters: flowid 483 _base_rtt=11685600 _base_bdp=146070 _bdp=146070 _min_cwnd=4150 _maxwnd=219105 _cwnd=219105
Initialize per-instance NSCC parameters: flowid 484 _base_rtt=11685600 _base_bdp=146070 _bdp=146070 _min_cwnd=4150 _maxwnd=219105 _cwnd=219105
Initialize per-instance NSCC parameters: flowid 485 _base_rtt=11685600 _base_bdp=146070 _bdp=146070 _min_cwnd=4150 _maxwnd=219105 _cwnd=219105
Initialize per-instance NSCC parameters: flowid 486 _base_rtt=11685600 _base_bdp=146070 _bdp=146070 _min_cwnd=4150 _maxwnd=219105 _cwnd=219105
Initialize per-instance NSCC parameters: flowid 487 _base_rtt=11685600 _base_bdp=146070 _bdp=146070 _min_cwnd=4150 _maxwnd=219105 _cwnd=219105
Initialize per-instance NSCC parameters: flowid 488 _base_rtt=11685600 _base_bdp=146070 _bdp=146070 _min_cwnd=4150 _maxwnd=219105 _cwnd=219105
Initialize per-instance NSCC parameters: flowid 489 _base_rtt=11685600 _base_bdp=146070 _bdp=146070 _min_cwnd=4150 _maxwnd=219105 _cwnd=219105
Initialize per-instance NSCC parameters: flowid 490 _base_rtt=11685600 _base_bdp=146070 _bdp=146070 _min_cwnd=4150 _maxwnd=219105 _cwnd=219105
Initialize per-instance NSCC parameters: flowid 491 _base_rtt=11685600 _base_bdp=146070 _bdp=146070 _min_cwnd=4150 _maxwnd=219105 _cwnd=219105
Initialize per-instance NSCC parameters: flowid 492 _base_rtt=11685600 _base_bdp=146070 _bdp=146070 _min_cwnd=4150 _maxwnd=219105 _cwnd=219105
Initialize per-instance NSCC parameters: flowid 493 _base_rtt=11685600 _base_bdp=146070 _bdp=146070 _min_cwnd=4150 _maxwnd=219105 _cwnd=219105
Initialize per-instance NSCC parameters: flowid 494 _base_rtt=11685600 _base_bdp=146070 _bdp=146070 _min_cwnd=4150 _maxwnd=219105 _cwnd=219105
Initialize per-instance NSCC parameters: flowid 495 _base_rtt=11685600 _base_bdp=146070 _bdp=146070 _min_cwnd=4150 _maxwnd=219105 _cwnd=219105
Initialize per-instance NSCC parameters: flowid 496 _base_rtt=11685600 _base_bdp=146070 _bdp=146070 _min_cwnd=4150 _maxwnd=219105 _cwnd=219105
Initialize per-instance NSCC parameters: flowid 497 _base_rtt=11685600 _base_bdp=146070 _bdp=146070 _min_cwnd=4150 _maxwnd=219105 _cwnd=219105
Initialize per-instance NSCC parameters: flowid 498 _base_rtt=11685600 _base_bdp=146070 _bdp=146070 _min_cwnd=4150 _maxwnd=219105 _cwnd=219105
Initialize per-instance NSCC parameters: flowid 499 _base_rtt=11685600 _base_bdp=146070 _bdp=146070 _min_cwnd=4150 _maxwnd=219105 _cwnd=219105
Initialize per-instance NSCC parameters: flowid 500 _base_rtt=11685600 _base_bdp=146070 _bdp=146070 _min_cwnd=4150 _maxwnd=219105 _cwnd=219105
Initialize per-instance NSCC parameters: flowid 501 _base_rtt=11685600 _base_bdp=146070 _bdp=146070 _min_cwnd=4150 _maxwnd=219105 _cwnd=219105
Initialize per-instance NSCC parameters: flowid 502 _base_rtt=11685600 _base_bdp=146070 _bdp=146070 _min_cwnd=4150 _maxwnd=219105 _cwnd=219105
Initialize per-instance NSCC parameters: flowid 503 _base_rtt=11685600 _base_bdp=146070 _bdp=146070 _min_cwnd=4150 _maxwnd=219105 _cwnd=219105
Initialize per-instance NSCC parameters: flowid 504 _base_rtt=11685600 _base_bdp=146070 _bdp=146070 _min_cwnd=4150 _maxwnd=219105 _cwnd=219105
Initialize per-instance NSCC parameters: flowid 505 _base_rtt=11685600 _base_bdp=146070 _bdp=146070 _min_cwnd=4150 _maxwnd=219105 _cwnd=219105
Initialize per-instance NSCC parameters: flowid 506 _base_rtt=11685600 _base_bdp=146070 _bdp=146070 _min_cwnd=4150 _maxwnd=219105 _cwnd=219105
Initialize per-instance NSCC parameters: flowid 507 _base_rtt=11685600 _base_bdp=146070 _bdp=146070 _min_cwnd=4150 _maxwnd=219105 _cwnd=219105
Initialize per-instance NSCC parameters: flowid 508 _base_rtt=11685600 _base_bdp=146070 _bdp=146070 _min_cwnd=4150 _maxwnd=219105 _cwnd=219105
Initialize per-instance NSCC parameters: flowid 509 _base_rtt=11685600 _base_bdp=146070 _bdp=146070 _min_cwnd=4150 _maxwnd=219105 _cwnd=219105
Initialize per-instance NSCC parameters: flowid 510 _base_rtt=11685600 _base_bdp=146070 _bdp=146070 _min_cwnd=4150 _maxwnd=219105 _cwnd=219105
Initialize per-instance NSCC parameters: flowid 511 _base_rtt=11685600 _base_bdp=146070 _bdp=146070 _min_cwnd=4150 _maxwnd=219105 _cwnd=219105
Initialize per-instance NSCC parameters: flowid 512 _base_rtt=11685600 _base_bdp=146070 _bdp=146070 _min_cwnd=4150 _maxwnd=219105 _cwnd=219105
Initialize per-instance NSCC parameters: flowid 513 _base_rtt=11685600 _base_bdp=146070 _bdp=146070 _min_cwnd=4150 _maxwnd=219105 _cwnd=219105
Initialize per-instance NSCC parameters: flowid 514 _base_rtt=11685600 _base_bdp=146070 _bdp=146070 _min_cwnd=4150 _maxwnd=219105 _cwnd=219105
Initialize per-instance NSCC parameters: flowid 515 _base_rtt=11685600 _base_bdp=146070 _bdp=146070 _min_cwnd=4150 _maxwnd=219105 _cwnd=219105
Initialize per-instance NSCC parameters: flowid 516 _base_rtt=11685600 _base_bdp=146070 _bdp=146070 _min_cwnd=4150 _maxwnd=219105 _cwnd=219105
Initialize per-instance NSCC parameters: flowid 517 _base_rtt=11685600 _base_bdp=146070 _bdp=146070 _min_cwnd=4150 _maxwnd=219105 _cwnd=219105
Initialize per-instance NSCC parameters: flowid 518 _base_rtt=11685600 _base_bdp=146070 _bdp=146070 _min_cwnd=4150 _maxwnd=219105 _cwnd=219105
Initialize per-instance NSCC parameters: flowid 519 _base_rtt=11685600 _base_bdp=146070 _bdp=146070 _min_cwnd=4150 _maxwnd=219105 _cwnd=219105
Initialize per-instance NSCC parameters: flowid 520 _base_rtt=11685600 _base_bdp=146070 _bdp=146070 _min_cwnd=4150 _maxwnd=219105 _cwnd=219105
Initialize per-instance NSCC parameters: flowid 521 _base_rtt=11685600 _base_bdp=146070 _bdp=146070 _min_cwnd=4150 _maxwnd=219105 _cwnd=219105
Initialize per-instance NSCC parameters: flowid 522 _base_rtt=11685600 _base_bdp=146070 _bdp=146070 _min_cwnd=4150 _maxwnd=219105 _cwnd=219105
Initialize per-instance NSCC parameters: flowid 523 _base_rtt=11685600 _base_bdp=146070 _bdp=146070 _min_cwnd=4150 _maxwnd=219105 _cwnd=219105
Initialize per-instance NSCC parameters: flowid 524 _base_rtt=11685600 _base_bdp=146070 _bdp=146070 _min_cwnd=4150 _maxwnd=219105 _cwnd=219105
Initialize per-instance NSCC parameters: flowid 525 _base_rtt=11685600 _base_bdp=146070 _bdp=146070 _min_cwnd=4150 _maxwnd=219105 _cwnd=219105
Initialize per-instance NSCC parameters: flowid 526 _base_rtt=11685600 _base_bdp=146070 _bdp=146070 _min_cwnd=4150 _maxwnd=219105 _cwnd=219105
Initialize per-instance NSCC parameters: flowid 527 _base_rtt=11685600 _base_bdp=146070 _bdp=146070 _min_cwnd=4150 _maxwnd=219105 _cwnd=219105
Initialize per-instance NSCC parameters: flowid 528 _base_rtt=11685600 _base_bdp=146070 _bdp=146070 _min_cwnd=4150 _maxwnd=219105 _cwnd=219105
Initialize per-instance NSCC parameters: flowid 529 _base_rtt=11685600 _base_bdp=146070 _bdp=146070 _min_cwnd=4150 _maxwnd=219105 _cwnd=219105
Initialize per-instance NSCC parameters: flowid 530 _base_rtt=11685600 _base_bdp=146070 _bdp=146070 _min_cwnd=4150 _maxwnd=219105 _cwnd=219105
Initialize per-instance NSCC parameters: flowid 531 _base_rtt=11685600 _base_bdp=146070 _bdp=146070 _min_cwnd=4150 _maxwnd=219105 _cwnd=219105
Initialize per-instance NSCC parameters: flowid 532 _base_rtt=11685600 _base_bdp=146070 _bdp=146070 _min_cwnd=4150 _maxwnd=219105 _cwnd=219105
Initialize per-instance NSCC parameters: flowid 533 _base_rtt=11685600 _base_bdp=146070 _bdp=146070 _min_cwnd=4150 _maxwnd=219105 _cwnd=219105
Initialize per-instance NSCC parameters: flowid 534 _base_rtt=11685600 _base_bdp=146070 _bdp=146070 _min_cwnd=4150 _maxwnd=219105 _cwnd=219105
Initialize per-instance NSCC parameters: flowid 535 _base_rtt=11685600 _base_bdp=146070 _bdp=146070 _min_cwnd=4150 _maxwnd=219105 _cwnd=219105
Initialize per-instance NSCC parameters: flowid 536 _base_rtt=11685600 _base_bdp=146070 _bdp=146070 _min_cwnd=4150 _maxwnd=219105 _cwnd=219105
Initialize per-instance NSCC parameters: flowid 537 _base_rtt=11685600 _base_bdp=146070 _bdp=146070 _min_cwnd=4150 _maxwnd=219105 _cwnd=219105
Initialize per-instance NSCC parameters: flowid 538 _base_rtt=11685600 _base_bdp=146070 _bdp=146070 _min_cwnd=4150 _maxwnd=219105 _cwnd=219105
Initialize per-instance NSCC parameters: flowid 539 _base_rtt=11685600 _base_bdp=146070 _bdp=146070 _min_cwnd=4150 _maxwnd=219105 _cwnd=219105
Initialize per-instance NSCC parameters: flowid 540 _base_rtt=11685600 _base_bdp=146070 _bdp=146070 _min_cwnd=4150 _maxwnd=219105 _cwnd=219105
Initialize per-instance NSCC parameters: flowid 541 _base_rtt=11685600 _base_bdp=146070 _bdp=146070 _min_cwnd=4150 _maxwnd=219105 _cwnd=219105
Initialize per-instance NSCC parameters: flowid 542 _base_rtt=11685600 _base_bdp=146070 _bdp=146070 _min_cwnd=4150 _maxwnd=219105 _cwnd=219105
Initialize per-instance NSCC parameters: flowid 543 _base_rtt=11685600 _base_bdp=146070 _bdp=146070 _min_cwnd=4150 _maxwnd=219105 _cwnd=219105
Initialize per-instance NSCC parameters: flowid 544 _base_rtt=11685600 _base_bdp=146070 _bdp=146070 _min_cwnd=4150 _maxwnd=219105 _cwnd=219105
Initialize per-instance NSCC parameters: flowid 545 _base_rtt=11685600 _base_bdp=146070 _bdp=146070 _min_cwnd=4150 _maxwnd=219105 _cwnd=219105
Initialize per-instance NSCC parameters: flowid 546 _base_rtt=11685600 _base_bdp=146070 _bdp=146070 _min_cwnd=4150 _maxwnd=219105 _cwnd=219105
Initialize per-instance NSCC parameters: flowid 547 _base_rtt=11685600 _base_bdp=146070 _bdp=146070 _min_cwnd=4150 _maxwnd=219105 _cwnd=219105
Initialize per-instance NSCC parameters: flowid 548 _base_rtt=11685600 _base_bdp=146070 _bdp=146070 _min_cwnd=4150 _maxwnd=219105 _cwnd=219105
Initialize per-instance NSCC parameters: flowid 549 _base_rtt=11685600 _base_bdp=146070 _bdp=146070 _min_cwnd=4150 _maxwnd=219105 _cwnd=219105
Initialize per-instance NSCC parameters: flowid 550 _base_rtt=11685600 _base_bdp=146070 _bdp=146070 _min_cwnd=4150 _maxwnd=219105 _cwnd=219105
Starting simulation
Flow Uec_456_973 flowId 1 uecSrc 0 starting at 0
Flow Uec_827_252 flowId 2 uecSrc 1 starting at 0
Flow Uec_1043_404 flowId 3 uecSrc 2 starting at 0
Flow Uec_46_512 flowId 4 uecSrc 3 starting at 0
Flow Uec_314_804 flowId 5 uecSrc 4 starting at 0
Flow Uec_21_575 flowId 6 uecSrc 5 starting at 0
Flow Uec_1079_427 flowId 7 uecSrc 6 starting at 0
Flow Uec_963_324 flowId 8 uecSrc 7 starting at 0
Flow Uec_159_628 flowId 9 uecSrc 8 starting at 0
Flow Uec_110_611 flowId 10 uecSrc 9 starting at 0
Flow Uec_829_298 flowId 11 uecSrc 10 starting at 0
Flow Uec_124_670 flowId 12 uecSrc 11 starting at 0
Flow Uec_18_567 flowId 13 uecSrc 12 starting at 0
Flow Uec_298_799 flowId 14 uecSrc 13 starting at 0
Flow Uec_1063_436 flowId 15 uecSrc 14 starting at 0
Flow Uec_894_221 flowId 16 uecSrc 15 starting at 0
Flow Uec_38_514 flowId 17 uecSrc 16 starting at 0
Flow Uec_821_261 flowId 18 uecSrc 17 starting at 0
Flow Uec_855_296 flowId 19 uecSrc 18 starting at 0
Flow Uec_258_700 flowId 20 uecSrc 19 starting at 0
Flow Uec_891_286 flowId 21 uecSrc 20 starting at 0
Flow Uec_874_215 flowId 22 uecSrc 21 starting at 0
Flow Uec_409_918 flowId 23 uecSrc 22 starting at 0
Flow Uec_663_70 flowId 24 uecSrc 23 starting at 0
Flow Uec_619_37 flowId 25 uecSrc 24 starting at 0
Flow Uec_294_763 flowId 26 uecSrc 25 starting at 0
Flow Uec_1088_465 flowId 27 uecSrc 26 starting at 0
Flow Uec_1014_454 flowId 28 uecSrc 27 starting at 0
Flow Uec_236_701 flowId 29 uecSrc 28 starting at 0
Flow Uec_90_502 flowId 30 uecSrc 29 starting at 0
Flow Uec_628_34 flowId 31 uecSrc 30 starting at 0
Flow Uec_550_1047 flowId 32 uecSrc 31 starting at 0
Flow Uec_767_114 flowId 33 uecSrc 32 starting at 0
Flow Uec_494_986 flowId 34 uecSrc 33 starting at 0
Flow Uec_1013_435 flowId 35 uecSrc 34 starting at 0
Flow Uec_765_171 flowId 36 uecSrc 35 starting at 0
Flow Uec_695_95 flowId 37 uecSrc 36 starting at 0
Flow Uec_400_935 flowId 38 uecSrc 37 starting at 0
Flow Uec_155_607 flowId 39 uecSrc 38 starting at 0
Flow Uec_678_26 flowId 40 uecSrc 39 starting at 0
Flow Uec_800_231 flowId 41 uecSrc 40 starting at 0
Flow Uec_272_724 flowId 42 uecSrc 41 starting at 0
Flow Uec_705_195 flowId 43 uecSrc 42 starting at 0
Flow Uec_637_0 flowId 44 uecSrc 43 starting at 0
Flow Uec_127_669 flowId 45 uecSrc 44 starting at 0
Flow Uec_510_1075 flowId 46 uecSrc 45 starting at 0
Flow Uec_883_268 flowId 47 uecSrc 46 starting at 0
Flow Uec_331_818 flowId 48 uecSrc 47 starting at 0
Flow Uec_600_12 flowId 49 uecSrc 48 starting at 0
Flow Uec_301_817 flowId 50 uecSrc 49 starting at 0
Flow Uec_951_373 flowId 51 uecSrc 50 starting at 0
Flow Uec_956_376 flowId 52 uecSrc 51 starting at 0
Flow Uec_186_602 flowId 53 uecSrc 52 starting at 0
Flow Uec_704_179 flowId 54 uecSrc 53 starting at 0
Flow Uec_880_219 flowId 55 uecSrc 54 starting at 0
Flow Uec_808_295 flowId 56 uecSrc 55 starting at 0
Flow Uec_8_576 flowId 57 uecSrc 56 starting at 0
Flow Uec_363_837 flowId 58 uecSrc 57 starting at 0
Flow Uec_179_609 flowId 59 uecSrc 58 starting at 0
Flow Uec_960_337 flowId 60 uecSrc 59 starting at 0
Flow Uec_749_131 flowId 61 uecSrc 60 starting at 0
Flow Uec_564_1043 flowId 62 uecSrc 61 starting at 0
Flow Uec_652_39 flowId 63 uecSrc 62 starting at 0
Flow Uec_878_288 flowId 64 uecSrc 63 starting at 0
Flow Uec_910_378 flowId 65 uecSrc 64 starting at 0
Flow Uec_509_1082 flowId 66 uecSrc 65 starting at 0
Flow Uec_436_910 flowId 67 uecSrc 66 starting at 0
Flow Uec_339_892 flowId 68 uecSrc 67 starting at 0
Flow Uec_715_174 flowId 69 uecSrc 68 starting at 0
Flow Uec_865_283 flowId 70 uecSrc 69 starting at 0
Flow Uec_832_243 flowId 71 uecSrc 70 starting at 0
Flow Uec_45_526 flowId 72 uecSrc 71 starting at 0
Flow Uec_904_342 flowId 73 uecSrc 72 starting at 0
Flow Uec_589_1038 flowId 74 uecSrc 73 starting at 0
Flow Uec_19_595 flowId 75 uecSrc 74 starting at 0
Flow Uec_572_1073 flowId 76 uecSrc 75 starting at 0
Flow Uec_1070_476 flowId 77 uecSrc 76 starting at 0
Flow Uec_3_523 flowId 78 uecSrc 77 starting at 0
Flow Uec_1028_477 flowId 79 uecSrc 78 starting at 0
Flow Uec_898_240 flowId 80 uecSrc 79 starting at 0
Flow Uec_1066_426 flowId 81 uecSrc 80 starting at 0
Flow Uec_938_350 flowId 82 uecSrc 81 starting at 0
Flow Uec_211_706 flowId 83 uecSrc 82 starting at 0
Flow Uec_777_119 flowId 84 uecSrc 83 starting at 0
Flow Uec_574_1001 flowId 85 uecSrc 84 starting at 0
Flow Uec_26_563 flowId 86 uecSrc 85 starting at 0
Flow Uec_251_725 flowId 87 uecSrc 86 starting at 0
Flow Uec_841_285 flowId 88 uecSrc 87 starting at 0
Flow Uec_1076_480 flowId 89 uecSrc 88 starting at 0
Flow Uec_344_845 flowId 90 uecSrc 89 starting at 0
Flow Uec_63_580 flowId 91 uecSrc 90 starting at 0
Flow Uec_23_572 flowId 92 uecSrc 91 starting at 0
Flow Uec_701_182 flowId 93 uecSrc 92 starting at 0
Flow Uec_849_291 flowId 94 uecSrc 93 starting at 0
Flow Uec_986_382 flowId 95 uecSrc 94 starting at 0
Flow Uec_684_8 flowId 96 uecSrc 95 starting at 0
Flow Uec_552_1026 flowId 97 uecSrc 96 starting at 0
Flow Uec_229_770 flowId 98 uecSrc 97 starting at 0
Flow Uec_465_946 flowId 99 uecSrc 98 starting at 0
Flow Uec_603_23 flowId 100 uecSrc 99 starting at 0
Flow Uec_412_933 flowId 101 uecSrc 100 starting at 0
Flow Uec_20_579 flowId 102 uecSrc 101 starting at 0
Flow Uec_807_264 flowId 103 uecSrc 102 starting at 0
Flow Uec_604_19 flowId 104 uecSrc 103 starting at 0
Flow Uec_357_840 flowId 105 uecSrc 104 starting at 0
Flow Uec_889_284 flowId 106 uecSrc 105 starting at 0
Flow Uec_549_1080 flowId 107 uecSrc 106 starting at 0
Flow Uec_743_108 flowId 108 uecSrc 107 starting at 0
Flow Uec_872_277 flowId 109 uecSrc 108 starting at 0
Flow Uec_116_674 flowId 110 uecSrc 109 starting at 0
Flow Uec_557_1030 flowId 111 uecSrc 110 starting at 0
Flow Uec_758_159 flowId 112 uecSrc 111 starting at 0
Flow Uec_290_726 flowId 113 uecSrc 112 starting at 0
Flow Uec_964_303 flowId 114 uecSrc 113 starting at 0
Flow Uec_303_890 flowId 115 uecSrc 114 starting at 0
Flow Uec_1040_423 flowId 116 uecSrc 115 starting at 0
Flow Uec_811_266 flowId 117 uecSrc 116 starting at 0
Flow Uec_858_230 flowId 118 uecSrc 117 starting at 0
Flow Uec_422_944 flowId 119 uecSrc 118 starting at 0
Flow Uec_965_361 flowId 120 uecSrc 119 starting at 0
Flow Uec_737_100 flowId 121 uecSrc 120 starting at 0
Flow Uec_801_237 flowId 122 uecSrc 121 starting at 0
Flow Uec_927_362 flowId 123 uecSrc 122 starting at 0
Flow Uec_226_792 flowId 124 uecSrc 123 starting at 0
Flow Uec_1012_468 flowId 125 uecSrc 124 starting at 0
Flow Uec_651_48 flowId 126 uecSrc 125 starting at 0
Flow Uec_1010_430 flowId 127 uecSrc 126 starting at 0
Flow Uec_466_958 flowId 128 uecSrc 127 starting at 0
Flow Uec_328_806 flowId 129 uecSrc 128 starting at 0
Flow Uec_873_209 flowId 130 uecSrc 129 starting at 0
Flow Uec_819_271 flowId 131 uecSrc 130 starting at 0
Flow Uec_1008_459 flowId 132 uecSrc 131 starting at 0
Flow Uec_394_825 flowId 133 uecSrc 132 starting at 0
Flow Uec_548_1040 flowId 134 uecSrc 133 starting at 0
Flow Uec_123_635 flowId 135 uecSrc 134 starting at 0
Flow Uec_531_1055 flowId 136 uecSrc 135 starting at 0
Flow Uec_54_593 flowId 137 uecSrc 136 starting at 0
Flow Uec_911_322 flowId 138 uecSrc 137 starting at 0
Flow Uec_60_517 flowId 139 uecSrc 138 starting at 0
Flow Uec_474_987 flowId 140 uecSrc 139 starting at 0
Flow Uec_761_134 flowId 141 uecSrc 140 starting at 0
Flow Uec_730_103 flowId 142 uecSrc 141 starting at 0
Flow Uec_818_278 flowId 143 uecSrc 142 starting at 0
Flow Uec_900_372 flowId 144 uecSrc 143 starting at 0
Flow Uec_658_16 flowId 145 uecSrc 144 starting at 0
Flow Uec_380_843 flowId 146 uecSrc 145 starting at 0
Flow Uec_76_503 flowId 147 uecSrc 146 starting at 0
Flow Uec_213_715 flowId 148 uecSrc 147 starting at 0
Flow Uec_992_335 flowId 149 uecSrc 148 starting at 0
Flow Uec_75_578 flowId 150 uecSrc 149 starting at 0
Flow Uec_224_729 flowId 151 uecSrc 150 starting at 0
Flow Uec_806_211 flowId 152 uecSrc 151 starting at 0
Flow Uec_198_642 flowId 153 uecSrc 152 starting at 0
Flow Uec_851_248 flowId 154 uecSrc 153 starting at 0
Flow Uec_1009_484 flowId 155 uecSrc 154 starting at 0
Flow Uec_498_914 flowId 156 uecSrc 155 starting at 0
Flow Uec_150_690 flowId 157 uecSrc 156 starting at 0
Flow Uec_727_147 flowId 158 uecSrc 157 starting at 0
Flow Uec_277_787 flowId 159 uecSrc 158 starting at 0
Flow Uec_35_590 flowId 160 uecSrc 159 starting at 0
Flow Uec_532_1062 flowId 161 uecSrc 160 starting at 0
Flow Uec_442_960 flowId 162 uecSrc 161 starting at 0
Flow Uec_228_704 flowId 163 uecSrc 162 starting at 0
Flow Uec_464_974 flowId 164 uecSrc 163 starting at 0
Flow Uec_230_719 flowId 165 uecSrc 164 starting at 0
Flow Uec_405_978 flowId 166 uecSrc 165 starting at 0
Flow Uec_1000_469 flowId 167 uecSrc 166 starting at 0
Flow Uec_403_927 flowId 168 uecSrc 167 starting at 0
Flow Uec_237_728 flowId 169 uecSrc 168 starting at 0
Flow Uec_775_128 flowId 170 uecSrc 169 starting at 0
Flow Uec_820_289 flowId 171 uecSrc 170 starting at 0
Flow Uec_134_612 flowId 172 uecSrc 171 starting at 0
Flow Uec_1085_499 flowId 173 uecSrc 172 starting at 0
Flow Uec_488_951 flowId 174 uecSrc 173 starting at 0
Flow Uec_825_234 flowId 175 uecSrc 174 starting at 0
Flow Uec_642_69 flowId 176 uecSrc 175 starting at 0
Flow Uec_489_988 flowId 177 uecSrc 176 starting at 0
Flow Uec_809_228 flowId 178 uecSrc 177 starting at 0
Flow Uec_93_519 flowId 179 uecSrc 178 starting at 0
Flow Uec_646_92 flowId 180 uecSrc 179 starting at 0
Flow Uec_348_883 flowId 181 uecSrc 180 starting at 0
Flow Uec_541_1066 flowId 182 uecSrc 181 starting at 0
Flow Uec_1032_402 flowId 183 uecSrc 182 starting at 0
Flow Uec_210_723 flowId 184 uecSrc 183 starting at 0
Flow Uec_871_220 flowId 185 uecSrc 184 starting at 0
Flow Uec_304_872 flowId 186 uecSrc 185 starting at 0
Flow Uec_234_702 flowId 187 uecSrc 186 starting at 0
Flow Uec_214_746 flowId 188 uecSrc 187 starting at 0
Flow Uec_499_997 flowId 189 uecSrc 188 starting at 0
Flow Uec_538_1005 flowId 190 uecSrc 189 starting at 0
Flow Uec_861_239 flowId 191 uecSrc 190 starting at 0
Flow Uec_253_769 flowId 192 uecSrc 191 starting at 0
Flow Uec_605_62 flowId 193 uecSrc 192 starting at 0
Flow Uec_160_606 flowId 194 uecSrc 193 starting at 0
Flow Uec_748_102 flowId 195 uecSrc 194 starting at 0
Flow Uec_385_820 flowId 196 uecSrc 195 starting at 0
Flow Uec_583_1054 flowId 197 uecSrc 196 starting at 0
Flow Uec_907_325 flowId 198 uecSrc 197 starting at 0
Flow Uec_653_84 flowId 199 uecSrc 198 starting at 0
Flow Uec_1021_440 flowId 200 uecSrc 199 starting at 0
Flow Uec_597_1048 flowId 201 uecSrc 200 starting at 0
Flow Uec_378_869 flowId 202 uecSrc 201 starting at 0
Flow Uec_857_256 flowId 203 uecSrc 202 starting at 0
Flow Uec_580_1002 flowId 204 uecSrc 203 starting at 0
Flow Uec_792_125 flowId 205 uecSrc 204 starting at 0
Flow Uec_618_50 flowId 206 uecSrc 205 starting at 0
Flow Uec_274_709 flowId 207 uecSrc 206 starting at 0
Flow Uec_994_343 flowId 208 uecSrc 207 starting at 0
Flow Uec_89_551 flowId 209 uecSrc 208 starting at 0
Flow Uec_413_911 flowId 210 uecSrc 209 starting at 0
Flow Uec_698_46 flowId 211 uecSrc 210 starting at 0
Flow Uec_659_25 flowId 212 uecSrc 211 starting at 0
Flow Uec_207_779 flowId 213 uecSrc 212 starting at 0
Flow Uec_1031_415 flowId 214 uecSrc 213 starting at 0
Flow Uec_43_598 flowId 215 uecSrc 214 starting at 0
Flow Uec_187_641 flowId 216 uecSrc 215 starting at 0
Flow Uec_680_71 flowId 217 uecSrc 216 starting at 0
Flow Uec_674_99 flowId 218 uecSrc 217 starting at 0
Flow Uec_710_167 flowId 219 uecSrc 218 starting at 0
Flow Uec_368_867 flowId 220 uecSrc 219 starting at 0
Flow Uec_679_36 flowId 221 uecSrc 220 starting at 0
Flow Uec_1078_462 flowId 222 uecSrc 221 starting at 0
Flow Uec_720_116 flowId 223 uecSrc 222 starting at 0
Flow Uec_842_200 flowId 224 uecSrc 223 starting at 0
Flow Uec_420_920 flowId 225 uecSrc 224 starting at 0
Flow Uec_661_5 flowId 226 uecSrc 225 starting at 0
Flow Uec_633_98 flowId 227 uecSrc 226 starting at 0
Flow Uec_631_6 flowId 228 uecSrc 227 starting at 0
Flow Uec_0_573 flowId 229 uecSrc 228 starting at 0
Flow Uec_163_664 flowId 230 uecSrc 229 starting at 0
Flow Uec_961_395 flowId 231 uecSrc 230 starting at 0
Flow Uec_282_740 flowId 232 uecSrc 231 starting at 0
Flow Uec_982_300 flowId 233 uecSrc 232 starting at 0
Flow Uec_1029_493 flowId 234 uecSrc 233 starting at 0
Flow Uec_25_571 flowId 235 uecSrc 234 starting at 0
Flow Uec_779_180 flowId 236 uecSrc 235 starting at 0
Flow Uec_1025_486 flowId 237 uecSrc 236 starting at 0
Flow Uec_836_212 flowId 238 uecSrc 237 starting at 0
Flow Uec_895_247 flowId 239 uecSrc 238 starting at 0
Flow Uec_191_689 flowId 240 uecSrc 239 starting at 0
Flow Uec_949_381 flowId 241 uecSrc 240 starting at 0
Flow Uec_97_513 flowId 242 uecSrc 241 starting at 0
Flow Uec_57_555 flowId 243 uecSrc 242 starting at 0
Flow Uec_100_650 flowId 244 uecSrc 243 starting at 0
Flow Uec_24_504 flowId 245 uecSrc 244 starting at 0
Flow Uec_630_3 flowId 246 uecSrc 245 starting at 0
Flow Uec_47_532 flowId 247 uecSrc 246 starting at 0
Flow Uec_315_844 flowId 248 uecSrc 247 starting at 0
Flow Uec_892_244 flowId 249 uecSrc 248 starting at 0
Flow Uec_445_953 flowId 250 uecSrc 249 starting at 0
Flow Uec_728_109 flowId 251 uecSrc 250 starting at 0
Flow Uec_626_56 flowId 252 uecSrc 251 starting at 0
Flow Uec_1082_412 flowId 253 uecSrc 252 starting at 0
Flow Uec_610_14 flowId 254 uecSrc 253 starting at 0
Flow Uec_312_879 flowId 255 uecSrc 254 starting at 0
Flow Uec_1090_447 flowId 256 uecSrc 255 starting at 0
Flow Uec_632_15 flowId 257 uecSrc 256 starting at 0
Flow Uec_716_140 flowId 258 uecSrc 257 starting at 0
Flow Uec_990_375 flowId 259 uecSrc 258 starting at 0
Flow Uec_208_720 flowId 260 uecSrc 259 starting at 0
Flow Uec_752_168 flowId 261 uecSrc 260 starting at 0
Flow Uec_518_1094 flowId 262 uecSrc 261 starting at 0
Flow Uec_702_132 flowId 263 uecSrc 262 starting at 0
Flow Uec_675_87 flowId 264 uecSrc 263 starting at 0
Flow Uec_81_535 flowId 265 uecSrc 264 starting at 0
Flow Uec_391_861 flowId 266 uecSrc 265 starting at 0
Flow Uec_936_306 flowId 267 uecSrc 266 starting at 0
Flow Uec_581_1035 flowId 268 uecSrc 267 starting at 0
Flow Uec_854_213 flowId 269 uecSrc 268 starting at 0
Flow Uec_421_926 flowId 270 uecSrc 269 starting at 0
Flow Uec_816_257 flowId 271 uecSrc 270 starting at 0
Flow Uec_629_59 flowId 272 uecSrc 271 starting at 0
Flow Uec_524_1046 flowId 273 uecSrc 272 starting at 0
Flow Uec_138_655 flowId 274 uecSrc 273 starting at 0
Flow Uec_815_254 flowId 275 uecSrc 274 starting at 0
Flow Uec_742_165 flowId 276 uecSrc 275 starting at 0
Flow Uec_939_323 flowId 277 uecSrc 276 starting at 0
Flow Uec_1019_488 flowId 278 uecSrc 277 starting at 0
Flow Uec_240_747 flowId 279 uecSrc 278 starting at 0
Flow Uec_199_615 flowId 280 uecSrc 279 starting at 0
Flow Uec_91_508 flowId 281 uecSrc 280 starting at 0
Flow Uec_921_340 flowId 282 uecSrc 281 starting at 0
Flow Uec_353_874 flowId 283 uecSrc 282 starting at 0
Flow Uec_582_1003 flowId 284 uecSrc 283 starting at 0
Flow Uec_147_680 flowId 285 uecSrc 284 starting at 0
Flow Uec_255_758 flowId 286 uecSrc 285 starting at 0
Flow Uec_14_588 flowId 287 uecSrc 286 starting at 0
Flow Uec_235_771 flowId 288 uecSrc 287 starting at 0
Flow Uec_796_185 flowId 289 uecSrc 288 starting at 0
Flow Uec_640_97 flowId 290 uecSrc 289 starting at 0
Flow Uec_189_636 flowId 291 uecSrc 290 starting at 0
Flow Uec_296_795 flowId 292 uecSrc 291 starting at 0
Flow Uec_51_536 flowId 293 uecSrc 292 starting at 0
Flow Uec_345_899 flowId 294 uecSrc 293 starting at 0
Flow Uec_1039_414 flowId 295 uecSrc 294 starting at 0
Flow Uec_106_623 flowId 296 uecSrc 295 starting at 0
Flow Uec_329_886 flowId 297 uecSrc 296 starting at 0
Flow Uec_42_558 flowId 298 uecSrc 297 starting at 0
Flow Uec_216_748 flowId 299 uecSrc 298 starting at 0
Flow Uec_337_876 flowId 300 uecSrc 299 starting at 0
Flow Uec_614_74 flowId 301 uecSrc 300 starting at 0
Flow Uec_719_188 flowId 302 uecSrc 301 starting at 0
Flow Uec_53_500 flowId 303 uecSrc 302 starting at 0
Flow Uec_5_542 flowId 304 uecSrc 303 starting at 0
Flow Uec_813_214 flowId 305 uecSrc 304 starting at 0
Flow Uec_481_929 flowId 306 uecSrc 305 starting at 0
Flow Uec_244_756 flowId 307 uecSrc 306 starting at 0
Flow Uec_617_40 flowId 308 uecSrc 307 starting at 0
Flow Uec_137_633 flowId 309 uecSrc 308 starting at 0
Flow Uec_521_1084 flowId 310 uecSrc 309 starting at 0
Flow Uec_48_548 flowId 311 uecSrc 310 starting at 0
Flow Uec_537_1015 flowId 312 uecSrc 311 starting at 0
Flow Uec_125_629 flowId 313 uecSrc 312 starting at 0
Flow Uec_284_760 flowId 314 uecSrc 313 starting at 0
Flow Uec_591_1068 flowId 315 uecSrc 314 starting at 0
Flow Uec_718_138 flowId 316 uecSrc 315 starting at 0
Flow Uec_844_226 flowId 317 uecSrc 316 starting at 0
Flow Uec_771_124 flowId 318 uecSrc 317 starting at 0
Flow Uec_463_949 flowId 319 uecSrc 318 starting at 0
Flow Uec_118_697 flowId 320 uecSrc 319 starting at 0
Flow Uec_1060_461 flowId 321 uecSrc 320 starting at 0
Flow Uec_566_1057 flowId 322 uecSrc 321 starting at 0
Flow Uec_598_1008 flowId 323 uecSrc 322 starting at 0
Flow Uec_185_687 flowId 324 uecSrc 323 starting at 0
Flow Uec_568_1091 flowId 325 uecSrc 324 starting at 0
Flow Uec_434_934 flowId 326 uecSrc 325 starting at 0
Flow Uec_914_359 flowId 327 uecSrc 326 starting at 0
Flow Uec_310_860 flowId 328 uecSrc 327 starting at 0
Flow Uec_781_151 flowId 329 uecSrc 328 starting at 0
Flow Uec_66_549 flowId 330 uecSrc 329 starting at 0
Flow Uec_835_227 flowId 331 uecSrc 330 starting at 0
Flow Uec_859_270 flowId 332 uecSrc 331 starting at 0
Flow Uec_1004_482 flowId 333 uecSrc 332 starting at 0
Flow Uec_435_925 flowId 334 uecSrc 333 starting at 0
Flow Uec_863_222 flowId 335 uecSrc 334 starting at 0
Flow Uec_1094_494 flowId 336 uecSrc 335 starting at 0
Flow Uec_810_272 flowId 337 uecSrc 336 starting at 0
Flow Uec_817_262 flowId 338 uecSrc 337 starting at 0
Flow Uec_567_1023 flowId 339 uecSrc 338 starting at 0
Flow Uec_668_86 flowId 340 uecSrc 339 starting at 0
Flow Uec_204_757 flowId 341 uecSrc 340 starting at 0
Flow Uec_223_732 flowId 342 uecSrc 341 starting at 0
Flow Uec_529_1034 flowId 343 uecSrc 342 starting at 0
Flow Uec_918_348 flowId 344 uecSrc 343 starting at 0
Flow Uec_837_282 flowId 345 uecSrc 344 starting at 0
Flow Uec_222_797 flowId 346 uecSrc 345 starting at 0
Flow Uec_148_643 flowId 347 uecSrc 346 starting at 0
Flow Uec_346_828 flowId 348 uecSrc 347 starting at 0
Flow Uec_388_871 flowId 349 uecSrc 348 starting at 0
Flow Uec_884_242 flowId 350 uecSrc 349 starting at 0
Flow Uec_877_225 flowId 351 uecSrc 350 starting at 0
Flow Uec_513_1098 flowId 352 uecSrc 351 starting at 0
Flow Uec_683_65 flowId 353 uecSrc 352 starting at 0
Flow Uec_643_58 flowId 354 uecSrc 353 starting at 0
Flow Uec_461_969 flowId 355 uecSrc 354 starting at 0
Flow Uec_144_634 flowId 356 uecSrc 355 starting at 0
Flow Uec_15_583 flowId 357 uecSrc 356 starting at 0
Flow Uec_307_864 flowId 358 uecSrc 357 starting at 0
Flow Uec_260_713 flowId 359 uecSrc 358 starting at 0
Flow Uec_853_241 flowId 360 uecSrc 359 starting at 0
Flow Uec_822_232 flowId 361 uecSrc 360 starting at 0
Flow Uec_798_133 flowId 362 uecSrc 361 starting at 0
Flow Uec_856_255 flowId 363 uecSrc 362 starting at 0
Flow Uec_790_150 flowId 364 uecSrc 363 starting at 0
Flow Uec_95_550 flowId 365 uecSrc 364 starting at 0
Flow Uec_791_117 flowId 366 uecSrc 365 starting at 0
Flow Uec_623_88 flowId 367 uecSrc 366 starting at 0
Flow Uec_200_798 flowId 368 uecSrc 367 starting at 0
Flow Uec_202_744 flowId 369 uecSrc 368 starting at 0
Flow Uec_432_995 flowId 370 uecSrc 369 starting at 0
Flow Uec_676_41 flowId 371 uecSrc 370 starting at 0
Flow Uec_424_902 flowId 372 uecSrc 371 starting at 0
Flow Uec_55_553 flowId 373 uecSrc 372 starting at 0
Flow Uec_693_38 flowId 374 uecSrc 373 starting at 0
Flow Uec_154_694 flowId 375 uecSrc 374 starting at 0
Flow Uec_780_104 flowId 376 uecSrc 375 starting at 0
Flow Uec_1054_466 flowId 377 uecSrc 376 starting at 0
Flow Uec_69_547 flowId 378 uecSrc 377 starting at 0
Flow Uec_153_654 flowId 379 uecSrc 378 starting at 0
Flow Uec_433_963 flowId 380 uecSrc 379 starting at 0
Flow Uec_734_136 flowId 381 uecSrc 380 starting at 0
Flow Uec_650_20 flowId 382 uecSrc 381 starting at 0
Flow Uec_169_601 flowId 383 uecSrc 382 starting at 0
Flow Uec_10_525 flowId 384 uecSrc 383 starting at 0
Flow Uec_611_85 flowId 385 uecSrc 384 starting at 0
Flow Uec_974_345 flowId 386 uecSrc 385 starting at 0
Flow Uec_997_366 flowId 387 uecSrc 386 starting at 0
Flow Uec_685_63 flowId 388 uecSrc 387 starting at 0
Flow Uec_367_809 flowId 389 uecSrc 388 starting at 0
Flow Uec_176_656 flowId 390 uecSrc 389 starting at 0
Flow Uec_975_390 flowId 391 uecSrc 390 starting at 0
Flow Uec_657_81 flowId 392 uecSrc 391 starting at 0
Flow Uec_387_821 flowId 393 uecSrc 392 starting at 0
Flow Uec_773_130 flowId 394 uecSrc 393 starting at 0
Flow Uec_16_574 flowId 395 uecSrc 394 starting at 0
Flow Uec_491_984 flowId 396 uecSrc 395 starting at 0
Flow Uec_149_638 flowId 397 uecSrc 396 starting at 0
Flow Uec_241_766 flowId 398 uecSrc 397 starting at 0
Flow Uec_599_1064 flowId 399 uecSrc 398 starting at 0
Flow Uec_1098_450 flowId 400 uecSrc 399 starting at 0
Flow Uec_83_568 flowId 401 uecSrc 400 starting at 0
Flow Uec_926_386 flowId 402 uecSrc 401 starting at 0
Flow Uec_519_1081 flowId 403 uecSrc 402 starting at 0
Flow Uec_805_207 flowId 404 uecSrc 403 starting at 0
Flow Uec_709_173 flowId 405 uecSrc 404 starting at 0
Flow Uec_427_906 flowId 406 uecSrc 405 starting at 0
Flow Uec_389_815 flowId 407 uecSrc 406 starting at 0
Flow Uec_528_1088 flowId 408 uecSrc 407 starting at 0
Flow Uec_945_399 flowId 409 uecSrc 408 starting at 0
Flow Uec_319_851 flowId 410 uecSrc 409 starting at 0
Flow Uec_365_831 flowId 411 uecSrc 410 starting at 0
Flow Uec_13_541 flowId 412 uecSrc 411 starting at 0
Flow Uec_299_783 flowId 413 uecSrc 412 starting at 0
Flow Uec_1044_432 flowId 414 uecSrc 413 starting at 0
Flow Uec_203_718 flowId 415 uecSrc 414 starting at 0
Flow Uec_738_184 flowId 416 uecSrc 415 starting at 0
Flow Uec_338_823 flowId 417 uecSrc 416 starting at 0
Flow Uec_239_730 flowId 418 uecSrc 417 starting at 0
Flow Uec_983_377 flowId 419 uecSrc 418 starting at 0
Flow Uec_897_269 flowId 420 uecSrc 419 starting at 0
Flow Uec_318_810 flowId 421 uecSrc 420 starting at 0
Flow Uec_1058_491 flowId 422 uecSrc 421 starting at 0
Flow Uec_571_1070 flowId 423 uecSrc 422 starting at 0
Flow Uec_731_160 flowId 424 uecSrc 423 starting at 0
Flow Uec_121_625 flowId 425 uecSrc 424 starting at 0
Flow Uec_324_893 flowId 426 uecSrc 425 starting at 0
Flow Uec_305_830 flowId 427 uecSrc 426 starting at 0
Flow Uec_882_204 flowId 428 uecSrc 427 starting at 0
Flow Uec_281_753 flowId 429 uecSrc 428 starting at 0
Flow Uec_12_509 flowId 430 uecSrc 429 starting at 0
Flow Uec_243_742 flowId 431 uecSrc 430 starting at 0
Flow Uec_1048_483 flowId 432 uecSrc 431 starting at 0
Flow Uec_133_630 flowId 433 uecSrc 432 starting at 0
Flow Uec_845_250 flowId 434 uecSrc 433 starting at 0
Flow Uec_112_682 flowId 435 uecSrc 434 starting at 0
Flow Uec_1011_489 flowId 436 uecSrc 435 starting at 0
Flow Uec_976_338 flowId 437 uecSrc 436 starting at 0
Flow Uec_772_183 flowId 438 uecSrc 437 starting at 0
Flow Uec_523_1017 flowId 439 uecSrc 438 starting at 0
Flow Uec_164_668 flowId 440 uecSrc 439 starting at 0
Flow Uec_595_1020 flowId 441 uecSrc 440 starting at 0
Flow Uec_763_178 flowId 442 uecSrc 441 starting at 0
Flow Uec_622_73 flowId 443 uecSrc 442 starting at 0
Flow Uec_812_279 flowId 444 uecSrc 443 starting at 0
Flow Uec_374_839 flowId 445 uecSrc 444 starting at 0
Flow Uec_562_1053 flowId 446 uecSrc 445 starting at 0
Flow Uec_850_259 flowId 447 uecSrc 446 starting at 0
Flow Uec_866_210 flowId 448 uecSrc 447 starting at 0
Flow Uec_959_394 flowId 449 uecSrc 448 starting at 0
Flow Uec_972_367 flowId 450 uecSrc 449 starting at 0
Flow Uec_98_538 flowId 451 uecSrc 450 starting at 0
Flow Uec_182_619 flowId 452 uecSrc 451 starting at 0
Flow Uec_682_83 flowId 453 uecSrc 452 starting at 0
Flow Uec_486_930 flowId 454 uecSrc 453 starting at 0
Flow Uec_140_671 flowId 455 uecSrc 454 starting at 0
Flow Uec_359_811 flowId 456 uecSrc 455 starting at 0
Flow Uec_247_789 flowId 457 uecSrc 456 starting at 0
Flow Uec_703_135 flowId 458 uecSrc 457 starting at 0
Flow Uec_402_985 flowId 459 uecSrc 458 starting at 0
Flow Uec_384_822 flowId 460 uecSrc 459 starting at 0
Flow Uec_321_870 flowId 461 uecSrc 460 starting at 0
Flow Uec_233_752 flowId 462 uecSrc 461 starting at 0
Flow Uec_834_205 flowId 463 uecSrc 462 starting at 0
Flow Uec_197_622 flowId 464 uecSrc 463 starting at 0
Flow Uec_1089_443 flowId 465 uecSrc 464 starting at 0
Flow Uec_108_677 flowId 466 uecSrc 465 starting at 0
Flow Uec_473_940 flowId 467 uecSrc 466 starting at 0
Flow Uec_467_923 flowId 468 uecSrc 467 starting at 0
Flow Uec_942_339 flowId 469 uecSrc 468 starting at 0
Flow Uec_546_1016 flowId 470 uecSrc 469 starting at 0
Flow Uec_146_649 flowId 471 uecSrc 470 starting at 0
Flow Uec_999_313 flowId 472 uecSrc 471 starting at 0
Flow Uec_594_1032 flowId 473 uecSrc 472 starting at 0
Flow Uec_952_310 flowId 474 uecSrc 473 starting at 0
Flow Uec_533_1036 flowId 475 uecSrc 474 starting at 0
Flow Uec_555_1063 flowId 476 uecSrc 475 starting at 0
Flow Uec_439_970 flowId 477 uecSrc 476 starting at 0
Flow Uec_670_35 flowId 478 uecSrc 477 starting at 0
Flow Uec_1018_438 flowId 479 uecSrc 478 starting at 0
Flow Uec_415_917 flowId 480 uecSrc 479 starting at 0
Flow Uec_414_982 flowId 481 uecSrc 480 starting at 0
Flow Uec_364_852 flowId 482 uecSrc 481 starting at 0
Flow Uec_288_721 flowId 483 uecSrc 482 starting at 0
Flow Uec_444_954 flowId 484 uecSrc 483 starting at 0
Flow Uec_1064_474 flowId 485 uecSrc 484 starting at 0
Flow Uec_41_544 flowId 486 uecSrc 485 starting at 0
Flow Uec_563_1022 flowId 487 uecSrc 486 starting at 0
Flow Uec_109_661 flowId 488 uecSrc 487 starting at 0
Flow Uec_723_115 flowId 489 uecSrc 488 starting at 0
Flow Uec_361_888 flowId 490 uecSrc 489 starting at 0
Flow Uec_386_847 flowId 491 uecSrc 490 starting at 0
Flow Uec_648_10 flowId 492 uecSrc 491 starting at 0
Flow Uec_136_662 flowId 493 uecSrc 492 starting at 0
Flow Uec_1093_405 flowId 494 uecSrc 493 starting at 0
Flow Uec_85_528 flowId 495 uecSrc 494 starting at 0
Flow Uec_86_507 flowId 496 uecSrc 495 starting at 0
Flow Uec_406_931 flowId 497 uecSrc 496 starting at 0
Flow Uec_814_201 flowId 498 uecSrc 497 starting at 0
Flow Uec_84_566 flowId 499 uecSrc 498 starting at 0
Flow Uec_287_743 flowId 500 uecSrc 499 starting at 0
Flow Uec_660_1 flowId 501 uecSrc 500 starting at 0
Flow Uec_931_383 flowId 502 uecSrc 501 starting at 0
Flow Uec_492_979 flowId 503 uecSrc 502 starting at 0
Flow Uec_1045_424 flowId 504 uecSrc 503 starting at 0
Flow Uec_50_545 flowId 505 uecSrc 504 starting at 0
Flow Uec_291_755 flowId 506 uecSrc 505 starting at 0
Flow Uec_654_66 flowId 507 uecSrc 506 starting at 0
Flow Uec_1035_418 flowId 508 uecSrc 507 starting at 0
Flow Uec_453_950 flowId 509 uecSrc 508 starting at 0
Flow Uec_245_712 flowId 510 uecSrc 509 starting at 0
Flow Uec_896_281 flowId 511 uecSrc 510 starting at 0
Flow Uec_78_533 flowId 512 uecSrc 511 starting at 0
Flow Uec_995_365 flowId 513 uecSrc 512 starting at 0
Flow Uec_783_146 flowId 514 uecSrc 513 starting at 0
Flow Uec_120_660 flowId 515 uecSrc 514 starting at 0
Flow Uec_457_981 flowId 516 uecSrc 515 starting at 0
Flow Uec_249_761 flowId 517 uecSrc 516 starting at 0
Flow Uec_268_778 flowId 518 uecSrc 517 starting at 0
Flow Uec_588_1051 flowId 519 uecSrc 518 starting at 0
Flow Uec_218_754 flowId 520 uecSrc 519 starting at 0
Flow Uec_107_639 flowId 521 uecSrc 520 starting at 0
Flow Uec_377_800 flowId 522 uecSrc 521 starting at 0
Flow Uec_430_975 flowId 523 uecSrc 522 starting at 0
Flow Uec_221_774 flowId 524 uecSrc 523 starting at 0
Flow Uec_428_937 flowId 525 uecSrc 524 starting at 0
Flow Uec_919_307 flowId 526 uecSrc 525 starting at 0
Flow Uec_839_238 flowId 527 uecSrc 526 starting at 0
Flow Uec_915_327 flowId 528 uecSrc 527 starting at 0
Flow Uec_501_1059 flowId 529 uecSrc 528 starting at 0
Flow Uec_362_884 flowId 530 uecSrc 529 starting at 0
Flow Uec_707_156 flowId 531 uecSrc 530 starting at 0
Flow Uec_404_912 flowId 532 uecSrc 531 starting at 0
Flow Uec_953_398 flowId 533 uecSrc 532 starting at 0
Flow Uec_217_717 flowId 534 uecSrc 533 starting at 0
Flow Uec_770_144 flowId 535 uecSrc 534 starting at 0
Flow Uec_44_577 flowId 536 uecSrc 535 starting at 0
Flow Uec_908_308 flowId 537 uecSrc 536 starting at 0
Flow Uec_922_355 flowId 538 uecSrc 537 starting at 0
Flow Uec_485_962 flowId 539 uecSrc 538 starting at 0
Flow Uec_962_316 flowId 540 uecSrc 539 starting at 0
Flow Uec_478_967 flowId 541 uecSrc 540 starting at 0
Flow Uec_425_972 flowId 542 uecSrc 541 starting at 0
Flow Uec_495_961 flowId 543 uecSrc 542 starting at 0
Flow Uec_68_596 flowId 544 uecSrc 543 starting at 0
Flow Uec_452_919 flowId 545 uecSrc 544 starting at 0
Flow Uec_736_166 flowId 546 uecSrc 545 starting at 0
Flow Uec_886_233 flowId 547 uecSrc 546 starting at 0
Flow Uec_67_543 flowId 548 uecSrc 547 starting at 0
Flow Uec_369_898 flowId 549 uecSrc 548 starting at 0
Flow Uec_688_4 flowId 550 uecSrc 549 starting at 0
Flow Uec_1040_423 flowId 116 uecSrc 115 finished at 192.534 total messages 1 total packets 490 RTS 0 total bytes 2002140 in_flight now 0 fair_inc 2078 prop_inc 56631 fast_inc 0 eta_inc 8940 multi_dec -0 quick_dec -0 nack_dec -33200
Flow Uec_529_1034 flowId 343 uecSrc 342 finished at 192.997 total messages 1 total packets 490 RTS 0 total bytes 2002140 in_flight now 0 fair_inc 8264 prop_inc 52695 fast_inc 0 eta_inc 8940 multi_dec -0 quick_dec -0 nack_dec -20750
Flow Uec_1066_426 flowId 81 uecSrc 80 finished at 193.758 total messages 1 total packets 490 RTS 0 total bytes 2002140 in_flight now 0 fair_inc 6108 prop_inc 56245 fast_inc 0 eta_inc 8940 multi_dec -0 quick_dec -0 nack_dec -20750
Flow Uec_1090_447 flowId 256 uecSrc 255 finished at 194.287 total messages 1 total packets 490 RTS 0 total bytes 2002140 in_flight now 0 fair_inc 12798 prop_inc 47883 fast_inc 0 eta_inc 8940 multi_dec -0 quick_dec -0 nack_dec -20750
Flow Uec_378_869 flowId 202 uecSrc 201 finished at 194.436 total messages 1 total packets 490 RTS 0 total bytes 2002140 in_flight now 0 fair_inc 5769 prop_inc 50728 fast_inc 0 eta_inc 8940 multi_dec -0 quick_dec -0 nack_dec -29050
Flow Uec_1031_415 flowId 214 uecSrc 213 finished at 194.947 total messages 1 total packets 490 RTS 0 total bytes 2002140 in_flight now 0 fair_inc 1545 prop_inc 56661 fast_inc 0 eta_inc 8940 multi_dec -0 quick_dec -0 nack_dec -20750
Flow Uec_186_602 flowId 53 uecSrc 52 finished at 195.151 total messages 1 total packets 490 RTS 0 total bytes 2002140 in_flight now 0 fair_inc 1737 prop_inc 65734 fast_inc 0 eta_inc 8940 multi_dec -0 quick_dec -0 nack_dec -37350
Flow Uec_918_348 flowId 344 uecSrc 343 finished at 195.385 total messages 1 total packets 490 RTS 0 total bytes 2002140 in_flight now 0 fair_inc 3859 prop_inc 65477 fast_inc 0 eta_inc 8940 multi_dec -0 quick_dec -0 nack_dec -41500
Flow Uec_1094_494 flowId 336 uecSrc 335 finished at 195.422 total messages 1 total packets 490 RTS 0 total bytes 2002140 in_flight now 0 fair_inc 3898 prop_inc 57164 fast_inc 0 eta_inc 8940 multi_dec -0 quick_dec -0 nack_dec -24900
Flow Uec_582_1003 flowId 284 uecSrc 283 finished at 195.677 total messages 1 total packets 490 RTS 0 total bytes 2002140 in_flight now 0 fair_inc 6232 prop_inc 53077 fast_inc 0 eta_inc 8940 multi_dec -0 quick_dec -0 nack_dec -33200
Flow Uec_707_156 flowId 531 uecSrc 530 finished at 195.914 total messages 1 total packets 490 RTS 0 total bytes 2002140 in_flight now 0 fair_inc 6799 prop_inc 49195 fast_inc 0 eta_inc 8940 multi_dec -0 quick_dec -0 nack_dec -33200
Flow Uec_1054_466 flowId 377 uecSrc 376 finished at 196.065 total messages 1 total packets 490 RTS 0 total bytes 2002140 in_flight now 0 fair_inc 773 prop_inc 50836 fast_inc 0 eta_inc 8940 multi_dec -0 quick_dec -0 nack_dec -20750
Flow Uec_992_335 flowId 149 uecSrc 148 finished at 196.525 total messages 1 total packets 490 RTS 0 total bytes 2002140 in_flight now 0 fair_inc 5270 prop_inc 59691 fast_inc 0 eta_inc 8940 multi_dec -0 quick_dec -0 nack_dec -41500
Flow Uec_1063_436 flowId 15 uecSrc 14 finished at 197.025 total messages 1 total packets 490 RTS 0 total bytes 2002140 in_flight now 0 fair_inc 2795 prop_inc 57656 fast_inc 0 eta_inc 8940 multi_dec -0 quick_dec -0 nack_dec -33200
Flow Uec_155_607 flowId 39 uecSrc 38 finished at 197.617 total messages 1 total packets 490 RTS 0 total bytes 2002140 in_flight now 0 fair_inc 7675 prop_inc 54246 fast_inc 0 eta_inc 9536 multi_dec -0 quick_dec -0 nack_dec -41500
Flow Uec_552_1026 flowId 97 uecSrc 96 finished at 197.688 total messages 1 total packets 490 RTS 0 total bytes 2002140 in_flight now 0 fair_inc 3363 prop_inc 62473 fast_inc 0 eta_inc 8940 multi_dec -0 quick_dec -0 nack_dec -41500
Flow Uec_972_367 flowId 450 uecSrc 449 finished at 197.855 total messages 1 total packets 490 RTS 0 total bytes 2002140 in_flight now 0 fair_inc 7437 prop_inc 53368 fast_inc 0 eta_inc 8940 multi_dec -0 quick_dec -0 nack_dec -41500
Flow Uec_134_612 flowId 172 uecSrc 171 finished at 197.899 total messages 1 total packets 490 RTS 0 total bytes 2002140 in_flight now 0 fair_inc 7508 prop_inc 53306 fast_inc 0 eta_inc 8940 multi_dec -0 quick_dec -0 nack_dec -37350
Flow Uec_391_861 flowId 266 uecSrc 265 finished at 198.386 total messages 1 total packets 490 RTS 0 total bytes 2002140 in_flight now 0 fair_inc 2357 prop_inc 59935 fast_inc 0 eta_inc 8940 multi_dec -0 quick_dec -0 nack_dec -37350
Flow Uec_140_671 flowId 455 uecSrc 454 finished at 198.43 total messages 1 total packets 490 RTS 0 total bytes 2002140 in_flight now 0 fair_inc 2085 prop_inc 69014 fast_inc 0 eta_inc 8940 multi_dec -0 quick_dec -0 nack_dec -53950
Flow Uec_1076_480 flowId 89 uecSrc 88 finished at 198.533 total messages 1 total packets 490 RTS 0 total bytes 2002140 in_flight now 0 fair_inc 4997 prop_inc 59724 fast_inc 0 eta_inc 9536 multi_dec -0 quick_dec -0 nack_dec -41500
Flow Uec_513_1098 flowId 352 uecSrc 351 finished at 198.535 total messages 1 total packets 490 RTS 0 total bytes 2002140 in_flight now 0 fair_inc 5948 prop_inc 51609 fast_inc 0 eta_inc 8940 multi_dec -0 quick_dec -0 nack_dec -29050
Flow Uec_936_306 flowId 267 uecSrc 266 finished at 198.539 total messages 1 total packets 490 RTS 0 total bytes 2002140 in_flight now 0 fair_inc 12318 prop_inc 47069 fast_inc 0 eta_inc 8940 multi_dec -0 quick_dec -0 nack_dec -41500
Flow Uec_723_115 flowId 489 uecSrc 488 finished at 198.8 total messages 1 total packets 490 RTS 0 total bytes 2002140 in_flight now 0 fair_inc 8521 prop_inc 58576 fast_inc 0 eta_inc 8940 multi_dec -0 quick_dec -0 nack_dec -37350
Flow Uec_962_316 flowId 540 uecSrc 539 finished at 198.837 total messages 1 total packets 490 RTS 0 total bytes 2002140 in_flight now 0 fair_inc 5263 prop_inc 47031 fast_inc 0 eta_inc 9536 multi_dec -0 quick_dec -0 nack_dec -24900
Flow Uec_138_655 flowId 274 uecSrc 273 finished at 198.885 total messages 1 total packets 490 RTS 0 total bytes 2002140 in_flight now 0 fair_inc 1576 prop_inc 59017 fast_inc 0 eta_inc 9536 multi_dec -0 quick_dec -0 nack_dec -41500
Flow Uec_772_183 flowId 438 uecSrc 437 finished at 198.917 total messages 1 total packets 490 RTS 0 total bytes 2002140 in_flight now 0 fair_inc 417 prop_inc 59884 fast_inc 0 eta_inc 9536 multi_dec -0 quick_dec -0 nack_dec -37350
Flow Uec_910_378 flowId 65 uecSrc 64 finished at 199.398 total messages 1 total packets 490 RTS 0 total bytes 2002140 in_flight now 0 fair_inc 4375 prop_inc 44445 fast_inc 0 eta_inc 8940 multi_dec -0 quick_dec -0 nack_dec -33200
Flow Uec_1064_474 flowId 485 uecSrc 484 finished at 199.406 total messages 1 total packets 490 RTS 0 total bytes 2002140 in_flight now 0 fair_inc 5935 prop_inc 57896 fast_inc 0 eta_inc 9536 multi_dec -0 quick_dec -0 nack_dec -41500
Flow Uec_595_1020 flowId 441 uecSrc 440 finished at 199.409 total messages 1 total packets 490 RTS 0 total bytes 2002140 in_flight now 0 fair_inc 3807 prop_inc 47840 fast_inc 0 eta_inc 9536 multi_dec -0 quick_dec -0 nack_dec -37350
Flow Uec_1039_414 flowId 295 uecSrc 294 finished at 199.48 total messages 1 total packets 490 RTS 0 total bytes 2002140 in_flight now 0 fair_inc 6477 prop_inc 60793 fast_inc 0 eta_inc 8940 multi_dec -0 quick_dec -0 nack_dec -45650
Flow Uec_748_102 flowId 195 uecSrc 194 finished at 199.563 total messages 1 total packets 490 RTS 0 total bytes 2002140 in_flight now 0 fair_inc 2002 prop_inc 69983 fast_inc 0 eta_inc 8940 multi_dec -0 quick_dec -0 nack_dec -49800
Flow Uec_197_622 flowId 464 uecSrc 463 finished at 199.683 total messages 1 total packets 490 RTS 0 total bytes 2002140 in_flight now 0 fair_inc 8428 prop_inc 54893 fast_inc 0 eta_inc 8940 multi_dec -0 quick_dec -0 nack_dec -37350
Flow Uec_550_1047 flowId 32 uecSrc 31 finished at 199.77 total messages 1 total packets 490 RTS 0 total bytes 2002140 in_flight now 0 fair_inc 3152 prop_inc 71472 fast_inc 0 eta_inc 9536 multi_dec -0 quick_dec -0 nack_dec -49800
Flow Uec_160_606 flowId 194 uecSrc 193 finished at 199.829 total messages 1 total packets 490 RTS 0 total bytes 2002140 in_flight now 0 fair_inc 2046 prop_inc 57200 fast_inc 0 eta_inc 8940 multi_dec -0 quick_dec -0 nack_dec -41500
Flow Uec_953_398 flowId 533 uecSrc 532 finished at 199.988 total messages 1 total packets 490 RTS 0 total bytes 2002140 in_flight now 0 fair_inc 8186 prop_inc 57391 fast_inc 0 eta_inc 9536 multi_dec -0 quick_dec -0 nack_dec -41500
Flow Uec_1089_443 flowId 465 uecSrc 464 finished at 200.009 total messages 1 total packets 490 RTS 0 total bytes 2002140 in_flight now 0 fair_inc 3269 prop_inc 60762 fast_inc 0 eta_inc 8940 multi_dec -0 quick_dec -0 nack_dec -29050
Flow Uec_1060_461 flowId 321 uecSrc 320 finished at 200.242 total messages 1 total packets 490 RTS 0 total bytes 2002140 in_flight now 0 fair_inc 4717 prop_inc 55135 fast_inc 0 eta_inc 9536 multi_dec -0 quick_dec -0 nack_dec -41500
Flow Uec_108_677 flowId 466 uecSrc 465 finished at 200.333 total messages 1 total packets 490 RTS 0 total bytes 2002140 in_flight now 0 fair_inc 7548 prop_inc 59914 fast_inc 0 eta_inc 9536 multi_dec -0 quick_dec -0 nack_dec -45650
Flow Uec_528_1088 flowId 408 uecSrc 407 finished at 200.371 total messages 1 total packets 490 RTS 0 total bytes 2002140 in_flight now 0 fair_inc 3069 prop_inc 51330 fast_inc 0 eta_inc 8940 multi_dec -0 quick_dec -0 nack_dec -37350
Flow Uec_0_573 flowId 229 uecSrc 228 finished at 200.398 total messages 1 total packets 490 RTS 0 total bytes 2002140 in_flight now 0 fair_inc 7911 prop_inc 49657 fast_inc 0 eta_inc 9536 multi_dec -0 quick_dec -0 nack_dec -20750
Flow Uec_588_1051 flowId 519 uecSrc 518 finished at 200.556 total messages 1 total packets 490 RTS 0 total bytes 2002140 in_flight now 0 fair_inc 1698 prop_inc 68067 fast_inc 0 eta_inc 8940 multi_dec -0 quick_dec -0 nack_dec -37350
Flow Uec_738_184 flowId 416 uecSrc 415 finished at 200.697 total messages 1 total packets 490 RTS 0 total bytes 2002140 in_flight now 0 fair_inc 0 prop_inc 50294 fast_inc 0 eta_inc 9536 multi_dec -0 quick_dec -0 nack_dec -33200
Flow Uec_1093_405 flowId 494 uecSrc 493 finished at 200.808 total messages 1 total packets 490 RTS 0 total bytes 2002140 in_flight now 0 fair_inc 4588 prop_inc 44154 fast_inc 0 eta_inc 9536 multi_dec -0 quick_dec -0 nack_dec -37350
Flow Uec_743_108 flowId 108 uecSrc 107 finished at 200.891 total messages 1 total packets 490 RTS 0 total bytes 2002140 in_flight now 0 fair_inc 6834 prop_inc 55492 fast_inc 0 eta_inc 9536 multi_dec -0 quick_dec -0 nack_dec -41500
Flow Uec_509_1082 flowId 66 uecSrc 65 finished at 200.898 total messages 1 total packets 490 RTS 0 total bytes 2002140 in_flight now 0 fair_inc 4386 prop_inc 53903 fast_inc 0 eta_inc 9536 multi_dec -0 quick_dec -0 nack_dec -45650
Flow Uec_790_150 flowId 364 uecSrc 363 finished at 200.907 total messages 1 total packets 490 RTS 0 total bytes 2002140 in_flight now 0 fair_inc 6462 prop_inc 53043 fast_inc 0 eta_inc 9536 multi_dec -0 quick_dec -0 nack_dec -37350
Flow Uec_531_1055 flowId 136 uecSrc 135 finished at 200.95 total messages 1 total packets 490 RTS 0 total bytes 2002140 in_flight now 0 fair_inc 6500 prop_inc 61657 fast_inc 0 eta_inc 9536 multi_dec -0 quick_dec -0 nack_dec -45650
Flow Uec_149_638 flowId 397 uecSrc 396 finished at 201.002 total messages 1 total packets 490 RTS 0 total bytes 2002140 in_flight now 0 fair_inc 4606 prop_inc 61846 fast_inc 0 eta_inc 9536 multi_dec -0 quick_dec -0 nack_dec -53950
Flow Uec_1070_476 flowId 77 uecSrc 76 finished at 201.018 total messages 1 total packets 490 RTS 0 total bytes 2002140 in_flight now 0 fair_inc 9989 prop_inc 54218 fast_inc 0 eta_inc 9536 multi_dec -0 quick_dec -0 nack_dec -45650
Flow Uec_599_1064 flowId 399 uecSrc 398 finished at 201.041 total messages 1 total packets 490 RTS 0 total bytes 2002140 in_flight now 0 fair_inc 5784 prop_inc 53311 fast_inc 0 eta_inc 9536 multi_dec -0 quick_dec -0 nack_dec -16600
Flow Uec_949_381 flowId 241 uecSrc 240 finished at 201.075 total messages 1 total packets 490 RTS 0 total bytes 2002140 in_flight now 0 fair_inc 4426 prop_inc 53951 fast_inc 0 eta_inc 9536 multi_dec -0 quick_dec -0 nack_dec -24900
Flow Uec_562_1053 flowId 446 uecSrc 445 finished at 201.09 total messages 1 total packets 490 RTS 0 total bytes 2002140 in_flight now 0 fair_inc 5903 prop_inc 59678 fast_inc 0 eta_inc 9536 multi_dec -0 quick_dec -0 nack_dec -45650
Flow Uec_258_700 flowId 20 uecSrc 19 finished at 201.152 total messages 1 total packets 490 RTS 0 total bytes 2002140 in_flight now 0 fair_inc 4973 prop_inc 68954 fast_inc 0 eta_inc 8940 multi_dec -0 quick_dec -0 nack_dec -45650
Flow Uec_919_307 flowId 526 uecSrc 525 finished at 201.178 total messages 1 total packets 490 RTS 0 total bytes 2002140 in_flight now 0 fair_inc 3470 prop_inc 57412 fast_inc 0 eta_inc 9536 multi_dec -0 quick_dec -0 nack_dec -20750
Flow Uec_185_687 flowId 324 uecSrc 323 finished at 201.231 total messages 1 total packets 490 RTS 0 total bytes 2002140 in_flight now 0 fair_inc 1590 prop_inc 57736 fast_inc 0 eta_inc 9536 multi_dec -0 quick_dec -0 nack_dec -53950
Flow Uec_89_551 flowId 209 uecSrc 208 finished at 201.274 total messages 1 total packets 490 RTS 0 total bytes 2002140 in_flight now 0 fair_inc 3845 prop_inc 55258 fast_inc 0 eta_inc 9536 multi_dec -0 quick_dec -0 nack_dec -37350
Flow Uec_1085_499 flowId 173 uecSrc 172 finished at 201.357 total messages 1 total packets 490 RTS 0 total bytes 2002140 in_flight now 0 fair_inc 11239 prop_inc 53371 fast_inc 0 eta_inc 9536 multi_dec -0 quick_dec -0 nack_dec -41500
Flow Uec_589_1038 flowId 74 uecSrc 73 finished at 201.41 total messages 1 total packets 490 RTS 0 total bytes 2002140 in_flight now 0 fair_inc 6446 prop_inc 59583 fast_inc 0 eta_inc 9536 multi_dec -0 quick_dec -0 nack_dec -37350
Flow Uec_709_173 flowId 405 uecSrc 404 finished at 201.54 total messages 1 total packets 490 RTS 0 total bytes 2002140 in_flight now 0 fair_inc 867 prop_inc 56636 fast_inc 0 eta_inc 9536 multi_dec -0 quick_dec -0 nack_dec -41500
Flow Uec_942_339 flowId 469 uecSrc 468 finished at 201.542 total messages 1 total packets 490 RTS 0 total bytes 2002140 in_flight now 0 fair_inc 2015 prop_inc 59105 fast_inc 0 eta_inc 9536 multi_dec -0 quick_dec -0 nack_dec -41500
Flow Uec_136_662 flowId 493 uecSrc 492 finished at 201.677 total messages 1 total packets 490 RTS 0 total bytes 2002140 in_flight now 0 fair_inc 9165 prop_inc 50827 fast_inc 0 eta_inc 8940 multi_dec -0 quick_dec -0 nack_dec -29050
Flow Uec_1009_484 flowId 155 uecSrc 154 finished at 201.716 total messages 1 total packets 490 RTS 0 total bytes 2002140 in_flight now 0 fair_inc 8256 prop_inc 51549 fast_inc 0 eta_inc 9536 multi_dec -0 quick_dec -0 nack_dec -37350
Flow Uec_956_376 flowId 52 uecSrc 51 finished at 201.77 total messages 1 total packets 490 RTS 0 total bytes 2002140 in_flight now 0 fair_inc 1241 prop_inc 63786 fast_inc 0 eta_inc 9536 multi_dec -0 quick_dec -0 nack_dec -37350
Flow Uec_720_116 flowId 223 uecSrc 222 finished at 201.911 total messages 1 total packets 490 RTS 0 total bytes 2002140 in_flight now 0 fair_inc 387 prop_inc 60249 fast_inc 0 eta_inc 9536 multi_dec -0 quick_dec -0 nack_dec -41500
Flow Uec_719_188 flowId 302 uecSrc 301 finished at 201.939 total messages 1 total packets 490 RTS 0 total bytes 2002140 in_flight now 0 fair_inc 4429 prop_inc 64697 fast_inc 0 eta_inc 9536 multi_dec -0 quick_dec -0 nack_dec -41500
Flow Uec_1012_468 flowId 125 uecSrc 124 finished at 202.081 total messages 1 total packets 490 RTS 0 total bytes 2002140 in_flight now 0 fair_inc 7883 prop_inc 56579 fast_inc 0 eta_inc 9536 multi_dec -0 quick_dec -0 nack_dec -41500
Flow Uec_377_800 flowId 522 uecSrc 521 finished at 202.105 total messages 1 total packets 490 RTS 0 total bytes 2002140 in_flight now 0 fair_inc 9580 prop_inc 49710 fast_inc 0 eta_inc 9536 multi_dec -0 quick_dec -0 nack_dec -45650
Flow Uec_191_689 flowId 240 uecSrc 239 finished at 202.124 total messages 1 total packets 490 RTS 0 total bytes 2002140 in_flight now 0 fair_inc 6346 prop_inc 71288 fast_inc 0 eta_inc 9536 multi_dec -0 quick_dec -0 nack_dec -58100
Flow Uec_1011_489 flowId 436 uecSrc 435 finished at 202.191 total messages 1 total packets 490 RTS 0 total bytes 2002140 in_flight now 0 fair_inc 9955 prop_inc 44799 fast_inc 0 eta_inc 9536 multi_dec -0 quick_dec -0 nack_dec -41500
Flow Uec_922_355 flowId 538 uecSrc 537 finished at 202.251 total messages 1 total packets 490 RTS 0 total bytes 2002140 in_flight now 0 fair_inc 7224 prop_inc 59076 fast_inc 0 eta_inc 9536 multi_dec -0 quick_dec -0 nack_dec -53950
Flow Uec_182_619 flowId 452 uecSrc 451 finished at 202.253 total messages 1 total packets 490 RTS 0 total bytes 2002140 in_flight now 0 fair_inc 7254 prop_inc 59290 fast_inc 0 eta_inc 9536 multi_dec -0 quick_dec -0 nack_dec -45650
Flow Uec_1000_469 flowId 167 uecSrc 166 finished at 202.418 total messages 1 total packets 490 RTS 0 total bytes 2002140 in_flight now 0 fair_inc 1188 prop_inc 67696 fast_inc 0 eta_inc 9536 multi_dec -0 quick_dec -0 nack_dec -41500
Flow Uec_153_654 flowId 379 uecSrc 378 finished at 202.436 total messages 1 total packets 490 RTS 0 total bytes 2002140 in_flight now 0 fair_inc 3327 prop_inc 61523 fast_inc 0 eta_inc 9536 multi_dec -0 quick_dec -0 nack_dec -37350
Flow Uec_731_160 flowId 424 uecSrc 423 finished at 202.439 total messages 1 total packets 490 RTS 0 total bytes 2002140 in_flight now 0 fair_inc 3553 prop_inc 62421 fast_inc 0 eta_inc 9536 multi_dec -0 quick_dec -0 nack_dec -45650
Flow Uec_904_342 flowId 73 uecSrc 72 finished at 202.511 total messages 1 total packets 490 RTS 0 total bytes 2002140 in_flight now 0 fair_inc 4432 prop_inc 50088 fast_inc 0 eta_inc 9536 multi_dec -0 quick_dec -0 nack_dec -41500
Flow Uec_961_395 flowId 231 uecSrc 230 finished at 202.524 total messages 1 total packets 490 RTS 0 total bytes 2002140 in_flight now 0 fair_inc 5669 prop_inc 57161 fast_inc 0 eta_inc 9536 multi_dec -0 quick_dec -0 nack_dec -45650
Flow Uec_1035_418 flowId 508 uecSrc 507 finished at 202.569 total messages 1 total packets 490 RTS 0 total bytes 2002140 in_flight now 0 fair_inc 8346 prop_inc 59743 fast_inc 0 eta_inc 9536 multi_dec -0 quick_dec -0 nack_dec -53950
Flow Uec_960_337 flowId 60 uecSrc 59 finished at 202.638 total messages 1 total packets 490 RTS 0 total bytes 2002140 in_flight now 0 fair_inc 7256 prop_inc 47082 fast_inc 0 eta_inc 9536 multi_dec -0 quick_dec -0 nack_dec -37350
Flow Uec_93_519 flowId 179 uecSrc 178 finished at 202.695 total messages 1 total packets 490 RTS 0 total bytes 2002140 in_flight now 0 fair_inc 6516 prop_inc 66092 fast_inc 0 eta_inc 9536 multi_dec -0 quick_dec -0 nack_dec -49800
Flow Uec_133_630 flowId 433 uecSrc 432 finished at 202.721 total messages 1 total packets 490 RTS 0 total bytes 2002140 in_flight now 0 fair_inc 5802 prop_inc 50426 fast_inc 0 eta_inc 9536 multi_dec -0 quick_dec -0 nack_dec -41500
Flow Uec_952_310 flowId 474 uecSrc 473 finished at 202.819 total messages 1 total packets 490 RTS 0 total bytes 2002140 in_flight now 0 fair_inc 8390 prop_inc 45230 fast_inc 0 eta_inc 9536 multi_dec -0 quick_dec -0 nack_dec -37350
Flow Uec_736_166 flowId 546 uecSrc 545 finished at 202.963 total messages 1 total packets 490 RTS 0 total bytes 2002140 in_flight now 0 fair_inc 3590 prop_inc 61716 fast_inc 0 eta_inc 9536 multi_dec -0 quick_dec -0 nack_dec -41500
Flow Uec_452_919 flowId 545 uecSrc 544 finished at 203.02 total messages 1 total packets 490 RTS 0 total bytes 2002140 in_flight now 0 fair_inc 6499 prop_inc 49835 fast_inc 0 eta_inc 9536 multi_dec -0 quick_dec -0 nack_dec -41500
Flow Uec_1014_454 flowId 28 uecSrc 27 finished at 203.022 total messages 1 total packets 490 RTS 0 total bytes 2002140 in_flight now 0 fair_inc 9392 prop_inc 47704 fast_inc 0 eta_inc 9536 multi_dec -0 quick_dec -0 nack_dec -20750
Flow Uec_35_590 flowId 160 uecSrc 159 finished at 203.041 total messages 1 total packets 490 RTS 0 total bytes 2002140 in_flight now 0 fair_inc 4035 prop_inc 55555 fast_inc 0 eta_inc 9536 multi_dec -0 quick_dec -0 nack_dec -45650
Flow Uec_110_611 flowId 10 uecSrc 9 finished at 203.045 total messages 1 total packets 490 RTS 0 total bytes 2002140 in_flight now 0 fair_inc 8425 prop_inc 59937 fast_inc 0 eta_inc 9536 multi_dec -0 quick_dec -0 nack_dec -45650
Flow Uec_187_641 flowId 216 uecSrc 215 finished at 203.186 total messages 1 total packets 490 RTS 0 total bytes 2002140 in_flight now 0 fair_inc 2970 prop_inc 61867 fast_inc 0 eta_inc 9536 multi_dec -0 quick_dec -0 nack_dec -53950
Flow Uec_1004_482 flowId 333 uecSrc 332 finished at 203.334 total messages 1 total packets 490 RTS 0 total bytes 2002140 in_flight now 0 fair_inc 6117 prop_inc 49438 fast_inc 0 eta_inc 9536 multi_dec -0 quick_dec -0 nack_dec -41500
Flow Uec_318_810 flowId 421 uecSrc 420 finished at 203.375 total messages 1 total packets 490 RTS 0 total bytes 2002140 in_flight now 0 fair_inc 12128 prop_inc 47920 fast_inc 0 eta_inc 9536 multi_dec -0 quick_dec -0 nack_dec -41500
Flow Uec_305_830 flowId 427 uecSrc 426 finished at 203.487 total messages 1 total packets 490 RTS 0 total bytes 2002140 in_flight now 0 fair_inc 3026 prop_inc 51265 fast_inc 0 eta_inc 9536 multi_dec -0 quick_dec -0 nack_dec -33200
Flow Uec_148_643 flowId 347 uecSrc 346 finished at 203.506 total messages 1 total packets 490 RTS 0 total bytes 2002140 in_flight now 0 fair_inc 5395 prop_inc 52484 fast_inc 0 eta_inc 9536 multi_dec -0 quick_dec -0 nack_dec -45650
Flow Uec_1048_483 flowId 432 uecSrc 431 finished at 203.514 total messages 1 total packets 490 RTS 0 total bytes 2002140 in_flight now 0 fair_inc 5965 prop_inc 55233 fast_inc 0 eta_inc 9536 multi_dec -0 quick_dec -0 nack_dec -45650
Flow Uec_994_343 flowId 208 uecSrc 207 finished at 203.57 total messages 1 total packets 490 RTS 0 total bytes 2002140 in_flight now 0 fair_inc 8902 prop_inc 46988 fast_inc 0 eta_inc 9536 multi_dec -0 quick_dec -0 nack_dec -33200
Flow Uec_146_649 flowId 471 uecSrc 470 finished at 203.646 total messages 1 total packets 490 RTS 0 total bytes 2002140 in_flight now 0 fair_inc 2740 prop_inc 57005 fast_inc 0 eta_inc 9536 multi_dec -0 quick_dec -0 nack_dec -49800
Flow Uec_1088_465 flowId 27 uecSrc 26 finished at 203.677 total messages 1 total packets 490 RTS 0 total bytes 2002140 in_flight now 0 fair_inc 7968 prop_inc 51062 fast_inc 0 eta_inc 9536 multi_dec -0 quick_dec -0 nack_dec -41500
Flow Uec_591_1068 flowId 315 uecSrc 314 finished at 203.684 total messages 1 total packets 490 RTS 0 total bytes 2002140 in_flight now 0 fair_inc 6698 prop_inc 61145 fast_inc 0 eta_inc 9536 multi_dec -0 quick_dec -0 nack_dec -41500
Flow Uec_268_778 flowId 518 uecSrc 517 finished at 203.703 total messages 1 total packets 490 RTS 0 total bytes 2002140 in_flight now 0 fair_inc 6672 prop_inc 53267 fast_inc 0 eta_inc 9536 multi_dec -0 quick_dec -0 nack_dec -37350
Flow Uec_710_167 flowId 219 uecSrc 218 finished at 203.752 total messages 1 total packets 490 RTS 0 total bytes 2002140 in_flight now 0 fair_inc 7955 prop_inc 59019 fast_inc 0 eta_inc 9536 multi_dec -0 quick_dec -0 nack_dec -33200
Flow Uec_749_131 flowId 61 uecSrc 60 finished at 203.883 total messages 1 total packets 490 RTS 0 total bytes 2002140 in_flight now 0 fair_inc 1186 prop_inc 57673 fast_inc 0 eta_inc 9536 multi_dec -0 quick_dec -0 nack_dec -45650
Flow Uec_284_760 flowId 314 uecSrc 313 finished at 203.938 total messages 1 total packets 490 RTS 0 total bytes 2002140 in_flight now 0 fair_inc 7637 prop_inc 55532 fast_inc 0 eta_inc 9536 multi_dec -0 quick_dec -0 nack_dec -45650
Flow Uec_926_386 flowId 402 uecSrc 401 finished at 203.94 total messages 1 total packets 490 RTS 0 total bytes 2002140 in_flight now 0 fair_inc 5698 prop_inc 52159 fast_inc 0 eta_inc 9536 multi_dec -0 quick_dec -0 nack_dec -37350
Flow Uec_229_770 flowId 98 uecSrc 97 finished at 204.063 total messages 1 total packets 490 RTS 0 total bytes 2002140 in_flight now 0 fair_inc 7027 prop_inc 56939 fast_inc 0 eta_inc 9536 multi_dec -0 quick_dec -0 nack_dec -37350
Flow Uec_945_399 flowId 409 uecSrc 408 finished at 204.09 total messages 1 total packets 490 RTS 0 total bytes 2002140 in_flight now 0 fair_inc 2033 prop_inc 58764 fast_inc 0 eta_inc 9536 multi_dec -0 quick_dec -0 nack_dec -45650
Flow Uec_986_382 flowId 95 uecSrc 94 finished at 204.131 total messages 1 total packets 490 RTS 0 total bytes 2002140 in_flight now 0 fair_inc 2855 prop_inc 70846 fast_inc 0 eta_inc 9536 multi_dec -0 quick_dec -0 nack_dec -49800
Flow Uec_345_899 flowId 294 uecSrc 293 finished at 204.223 total messages 1 total packets 490 RTS 0 total bytes 2002140 in_flight now 0 fair_inc 3549 prop_inc 60898 fast_inc 0 eta_inc 9536 multi_dec -0 quick_dec -0 nack_dec -41500
Flow Uec_1058_491 flowId 422 uecSrc 421 finished at 204.223 total messages 1 total packets 490 RTS 0 total bytes 2002140 in_flight now 0 fair_inc 6644 prop_inc 54104 fast_inc 0 eta_inc 9536 multi_dec -0 quick_dec -0 nack_dec -53950
Flow Uec_911_322 flowId 138 uecSrc 137 finished at 204.315 total messages 1 total packets 490 RTS 0 total bytes 2002140 in_flight now 0 fair_inc 9763 prop_inc 53794 fast_inc 0 eta_inc 9536 multi_dec -0 quick_dec -0 nack_dec -45650
Flow Uec_1021_440 flowId 200 uecSrc 199 finished at 204.329 total messages 1 total packets 490 RTS 0 total bytes 2002140 in_flight now 0 fair_inc 4515 prop_inc 63619 fast_inc 0 eta_inc 9536 multi_dec -0 quick_dec -0 nack_dec -58100
Flow Uec_1010_430 flowId 127 uecSrc 126 finished at 204.342 total messages 1 total packets 490 RTS 0 total bytes 2002140 in_flight now 0 fair_inc 9342 prop_inc 47223 fast_inc 0 eta_inc 9536 multi_dec -0 quick_dec -0 nack_dec -24900
Flow Uec_121_625 flowId 425 uecSrc 424 finished at 204.379 total messages 1 total packets 490 RTS 0 total bytes 2002140 in_flight now 0 fair_inc 2923 prop_inc 59293 fast_inc 0 eta_inc 9536 multi_dec -0 quick_dec -0 nack_dec -45650
Flow Uec_159_628 flowId 9 uecSrc 8 finished at 204.448 total messages 1 total packets 490 RTS 0 total bytes 2002140 in_flight now 0 fair_inc 4579 prop_inc 51688 fast_inc 0 eta_inc 9536 multi_dec -0 quick_dec -0 nack_dec -41500
Flow Uec_147_680 flowId 285 uecSrc 284 finished at 204.46 total messages 1 total packets 490 RTS 0 total bytes 2002140 in_flight now 0 fair_inc 7210 prop_inc 53982 fast_inc 0 eta_inc 9536 multi_dec -0 quick_dec -0 nack_dec -41500
Flow Uec_997_366 flowId 387 uecSrc 386 finished at 204.516 total messages 1 total packets 490 RTS 0 total bytes 2002140 in_flight now 0 fair_inc 3992 prop_inc 52334 fast_inc 0 eta_inc 9536 multi_dec -0 quick_dec -0 nack_dec -45650
Flow Uec_301_817 flowId 50 uecSrc 49 finished at 204.548 total messages 1 total packets 490 RTS 0 total bytes 2002140 in_flight now 0 fair_inc 10992 prop_inc 51102 fast_inc 0 eta_inc 9536 multi_dec -0 quick_dec -0 nack_dec -53950
Flow Uec_791_117 flowId 366 uecSrc 365 finished at 204.594 total messages 1 total packets 490 RTS 0 total bytes 2002140 in_flight now 0 fair_inc 5257 prop_inc 65422 fast_inc 0 eta_inc 9536 multi_dec -0 quick_dec -0 nack_dec -45650
Flow Uec_150_690 flowId 157 uecSrc 156 finished at 204.641 total messages 1 total packets 490 RTS 0 total bytes 2002140 in_flight now 0 fair_inc 11445 prop_inc 45189 fast_inc 0 eta_inc 9536 multi_dec -0 quick_dec -0 nack_dec -33200
Flow Uec_975_390 flowId 391 uecSrc 390 finished at 204.648 total messages 1 total packets 490 RTS 0 total bytes 2002140 in_flight now 0 fair_inc 2039 prop_inc 56224 fast_inc 0 eta_inc 9536 multi_dec -0 quick_dec -0 nack_dec -45650
Flow Uec_555_1063 flowId 476 uecSrc 475 finished at 204.68 total messages 1 total packets 490 RTS 0 total bytes 2002140 in_flight now 0 fair_inc 2014 prop_inc 60495 fast_inc 0 eta_inc 9536 multi_dec -0 quick_dec -0 nack_dec -58100
Flow Uec_1098_450 flowId 400 uecSrc 399 finished at 204.77 total messages 1 total packets 490 RTS 0 total bytes 2002140 in_flight now 0 fair_inc 3982 prop_inc 51858 fast_inc 0 eta_inc 9536 multi_dec -0 quick_dec -0 nack_dec -37350
Flow Uec_328_806 flowId 129 uecSrc 128 finished at 204.835 total messages 1 total packets 490 RTS 0 total bytes 2002140 in_flight now 0 fair_inc 5962 prop_inc 54596 fast_inc 0 eta_inc 9536 multi_dec -0 quick_dec -0 nack_dec -45650
Flow Uec_914_359 flowId 327 uecSrc 326 finished at 204.934 total messages 1 total packets 490 RTS 0 total bytes 2002140 in_flight now 0 fair_inc 4276 prop_inc 53051 fast_inc 0 eta_inc 9536 multi_dec -0 quick_dec -0 nack_dec -33200
Flow Uec_260_713 flowId 359 uecSrc 358 finished at 204.963 total messages 1 total packets 490 RTS 0 total bytes 2002140 in_flight now 0 fair_inc 6270 prop_inc 47530 fast_inc 0 eta_inc 9536 multi_dec -0 quick_dec -0 nack_dec -49800
Flow Uec_1029_493 flowId 234 uecSrc 233 finished at 204.977 total messages 1 total packets 490 RTS 0 total bytes 2002140 in_flight now 0 fair_inc 7486 prop_inc 53378 fast_inc 0 eta_inc 9536 multi_dec -0 quick_dec -0 nack_dec -45650
Flow Uec_770_144 flowId 535 uecSrc 534 finished at 205.022 total messages 1 total packets 490 RTS 0 total bytes 2002140 in_flight now 0 fair_inc 7941 prop_inc 52371 fast_inc 0 eta_inc 9536 multi_dec -0 quick_dec -0 nack_dec -45650
Flow Uec_444_954 flowId 484 uecSrc 483 finished at 205.11 total messages 1 total packets 490 RTS 0 total bytes 2002140 in_flight now 0 fair_inc 5524 prop_inc 48642 fast_inc 0 eta_inc 9536 multi_dec -0 quick_dec -0 nack_dec -45650
Flow Uec_702_132 flowId 263 uecSrc 262 finished at 205.128 total messages 1 total packets 490 RTS 0 total bytes 2002140 in_flight now 0 fair_inc 9866 prop_inc 54044 fast_inc 0 eta_inc 9536 multi_dec -0 quick_dec -0 nack_dec -37350
Flow Uec_518_1094 flowId 262 uecSrc 261 finished at 205.2 total messages 1 total packets 490 RTS 0 total bytes 2002140 in_flight now 0 fair_inc 7197 prop_inc 57134 fast_inc 0 eta_inc 9536 multi_dec -0 quick_dec -0 nack_dec -45650
Flow Uec_314_804 flowId 5 uecSrc 4 finished at 205.232 total messages 1 total packets 490 RTS 0 total bytes 2002140 in_flight now 0 fair_inc 1183 prop_inc 59306 fast_inc 0 eta_inc 9536 multi_dec -0 quick_dec -0 nack_dec -53950
Flow Uec_566_1057 flowId 322 uecSrc 321 finished at 205.244 total messages 1 total packets 490 RTS 0 total bytes 2002140 in_flight now 0 fair_inc 5486 prop_inc 61470 fast_inc 0 eta_inc 9536 multi_dec -0 quick_dec -0 nack_dec -41500
Flow Uec_385_820 flowId 196 uecSrc 195 finished at 205.281 total messages 1 total packets 490 RTS 0 total bytes 2002140 in_flight now 0 fair_inc 11436 prop_inc 45786 fast_inc 0 eta_inc 9536 multi_dec -0 quick_dec -0 nack_dec -29050
Flow Uec_780_104 flowId 376 uecSrc 375 finished at 205.309 total messages 1 total packets 490 RTS 0 total bytes 2002140 in_flight now 0 fair_inc 5209 prop_inc 50309 fast_inc 0 eta_inc 9536 multi_dec -0 quick_dec -0 nack_dec -41500
Flow Uec_574_1001 flowId 85 uecSrc 84 finished at 205.319 total messages 1 total packets 490 RTS 0 total bytes 2002140 in_flight now 0 fair_inc 6859 prop_inc 57213 fast_inc 0 eta_inc 9536 multi_dec -0 quick_dec -0 nack_dec -53950
Flow Uec_734_136 flowId 381 uecSrc 380 finished at 205.37 total messages 1 total packets 490 RTS 0 total bytes 2002140 in_flight now 0 fair_inc 14497 prop_inc 47553 fast_inc 0 eta_inc 9536 multi_dec -0 quick_dec -0 nack_dec -33200
Flow Uec_752_168 flowId 261 uecSrc 260 finished at 205.455 total messages 1 total packets 490 RTS 0 total bytes 2002140 in_flight now 0 fair_inc 2033 prop_inc 61672 fast_inc 0 eta_inc 9536 multi_dec -0 quick_dec -0 nack_dec -49800
Flow Uec_701_182 flowId 93 uecSrc 92 finished at 205.47 total messages 1 total packets 490 RTS 0 total bytes 2002140 in_flight now 0 fair_inc 11875 prop_inc 53437 fast_inc 0 eta_inc 9536 multi_dec -0 quick_dec -0 nack_dec -41500
Flow Uec_163_664 flowId 230 uecSrc 229 finished at 205.475 total messages 1 total packets 490 RTS 0 total bytes 2002140 in_flight now 0 fair_inc 4427 prop_inc 71533 fast_inc 0 eta_inc 9536 multi_dec -0 quick_dec -0 nack_dec -58100
Flow Uec_1032_402 flowId 183 uecSrc 182 finished at 205.565 total messages 1 total packets 490 RTS 0 total bytes 2002140 in_flight now 0 fair_inc 4006 prop_inc 60167 fast_inc 0 eta_inc 9536 multi_dec -0 quick_dec -0 nack_dec -45650
Flow Uec_730_103 flowId 142 uecSrc 141 finished at 205.565 total messages 1 total packets 490 RTS 0 total bytes 2002140 in_flight now 0 fair_inc 8028 prop_inc 61357 fast_inc 0 eta_inc 9536 multi_dec -0 quick_dec -0 nack_dec -45650
Flow Uec_715_174 flowId 69 uecSrc 68 finished at 205.665 total messages 1 total packets 490 RTS 0 total bytes 2002140 in_flight now 0 fair_inc 4293 prop_inc 58488 fast_inc 0 eta_inc 9536 multi_dec -0 quick_dec -0 nack_dec -41500
Flow Uec_109_661 flowId 488 uecSrc 487 finished at 205.674 total messages 1 total packets 490 RTS 0 total bytes 2002140 in_flight now 0 fair_inc 7518 prop_inc 53402 fast_inc 0 eta_inc 9536 multi_dec -0 quick_dec -0 nack_dec -49800
Flow Uec_164_668 flowId 440 uecSrc 439 finished at 205.866 total messages 1 total packets 490 RTS 0 total bytes 2002140 in_flight now 0 fair_inc 5219 prop_inc 63011 fast_inc 0 eta_inc 9536 multi_dec -0 quick_dec -0 nack_dec -49800
Flow Uec_572_1073 flowId 76 uecSrc 75 finished at 205.978 total messages 1 total packets 490 RTS 0 total bytes 2002140 in_flight now 0 fair_inc 4894 prop_inc 50031 fast_inc 0 eta_inc 9536 multi_dec -0 quick_dec -0 nack_dec -24900
Flow Uec_362_884 flowId 530 uecSrc 529 finished at 206.017 total messages 1 total packets 490 RTS 0 total bytes 2002140 in_flight now 0 fair_inc 8348 prop_inc 45975 fast_inc 0 eta_inc 9536 multi_dec -0 quick_dec -0 nack_dec -37350
Flow Uec_523_1017 flowId 439 uecSrc 438 finished at 206.088 total messages 1 total packets 490 RTS 0 total bytes 2002140 in_flight now 0 fair_inc 3519 prop_inc 57715 fast_inc 0 eta_inc 9536 multi_dec -0 quick_dec -0 nack_dec -49800
Flow Uec_1028_477 flowId 79 uecSrc 78 finished at 206.133 total messages 1 total packets 490 RTS 0 total bytes 2002140 in_flight now 0 fair_inc 7582 prop_inc 57373 fast_inc 0 eta_inc 9536 multi_dec -0 quick_dec -0 nack_dec -37350
Flow Uec_1044_432 flowId 414 uecSrc 413 finished at 206.139 total messages 1 total packets 490 RTS 0 total bytes 2002140 in_flight now 0 fair_inc 8501 prop_inc 62366 fast_inc 0 eta_inc 9536 multi_dec -0 quick_dec -0 nack_dec -53950
Flow Uec_213_715 flowId 148 uecSrc 147 finished at 206.178 total messages 1 total packets 490 RTS 0 total bytes 2002140 in_flight now 0 fair_inc 4374 prop_inc 49425 fast_inc 0 eta_inc 9536 multi_dec -0 quick_dec -0 nack_dec -41500
Flow Uec_198_642 flowId 153 uecSrc 152 finished at 206.203 total messages 1 total packets 490 RTS 0 total bytes 2002140 in_flight now 0 fair_inc 506 prop_inc 67319 fast_inc 0 eta_inc 9536 multi_dec -0 quick_dec -0 nack_dec -62250
Flow Uec_598_1008 flowId 323 uecSrc 322 finished at 206.51 total messages 1 total packets 490 RTS 0 total bytes 2002140 in_flight now 0 fair_inc 6204 prop_inc 52524 fast_inc 0 eta_inc 9536 multi_dec -0 quick_dec -0 nack_dec -16600
Flow Uec_1018_438 flowId 479 uecSrc 478 finished at 206.512 total messages 1 total packets 490 RTS 0 total bytes 2002140 in_flight now 0 fair_inc 11779 prop_inc 46437 fast_inc 0 eta_inc 9536 multi_dec -0 quick_dec -0 nack_dec -41500
Flow Uec_228_704 flowId 163 uecSrc 162 finished at 206.55 total messages 1 total packets 490 RTS 0 total bytes 2002140 in_flight now 0 fair_inc 10322 prop_inc 44293 fast_inc 0 eta_inc 9536 multi_dec -0 quick_dec -0 nack_dec -20750
Flow Uec_338_823 flowId 417 uecSrc 416 finished at 206.612 total messages 1 total packets 490 RTS 0 total bytes 2002140 in_flight now 0 fair_inc 5016 prop_inc 54621 fast_inc 0 eta_inc 9536 multi_dec -0 quick_dec -0 nack_dec -45650
Flow Uec_581_1035 flowId 268 uecSrc 267 finished at 206.672 total messages 1 total packets 490 RTS 0 total bytes 2002140 in_flight now 0 fair_inc 1651 prop_inc 53558 fast_inc 0 eta_inc 9536 multi_dec -0 quick_dec -0 nack_dec -45650
Flow Uec_120_660 flowId 515 uecSrc 514 finished at 206.676 total messages 1 total packets 490 RTS 0 total bytes 2002140 in_flight now 0 fair_inc 7335 prop_inc 54898 fast_inc 0 eta_inc 9536 multi_dec -0 quick_dec -0 nack_dec -49800
Flow Uec_1043_404 flowId 3 uecSrc 2 finished at 206.801 total messages 1 total packets 490 RTS 0 total bytes 2002140 in_flight now 0 fair_inc 3958 prop_inc 55098 fast_inc 0 eta_inc 9536 multi_dec -0 quick_dec -0 nack_dec -49800
Flow Uec_253_769 flowId 192 uecSrc 191 finished at 206.887 total messages 1 total packets 490 RTS 0 total bytes 2002140 in_flight now 0 fair_inc 5814 prop_inc 62208 fast_inc 0 eta_inc 9536 multi_dec -0 quick_dec -0 nack_dec -62250
Flow Uec_353_874 flowId 283 uecSrc 282 finished at 206.924 total messages 1 total packets 490 RTS 0 total bytes 2002140 in_flight now 0 fair_inc 11469 prop_inc 52012 fast_inc 0 eta_inc 9536 multi_dec -0 quick_dec -0 nack_dec -41500
Flow Uec_199_615 flowId 280 uecSrc 279 finished at 206.96 total messages 1 total packets 490 RTS 0 total bytes 2002140 in_flight now 0 fair_inc 7295 prop_inc 56486 fast_inc 0 eta_inc 9536 multi_dec -0 quick_dec -0 nack_dec -49800
Flow Uec_761_134 flowId 141 uecSrc 140 finished at 207.03 total messages 1 total packets 490 RTS 0 total bytes 2002140 in_flight now 0 fair_inc 1781 prop_inc 57905 fast_inc 0 eta_inc 9536 multi_dec -0 quick_dec -0 nack_dec -45650
Flow Uec_792_125 flowId 205 uecSrc 204 finished at 207.046 total messages 1 total packets 490 RTS 0 total bytes 2002140 in_flight now 0 fair_inc 1389 prop_inc 65934 fast_inc 0 eta_inc 9536 multi_dec -0 quick_dec -0 nack_dec -66400
Flow Uec_563_1022 flowId 487 uecSrc 486 finished at 207.074 total messages 1 total packets 490 RTS 0 total bytes 2002140 in_flight now 0 fair_inc 6646 prop_inc 48673 fast_inc 0 eta_inc 9536 multi_dec -0 quick_dec -0 nack_dec -37350
Flow Uec_124_670 flowId 12 uecSrc 11 finished at 207.075 total messages 1 total packets 490 RTS 0 total bytes 2002140 in_flight now 0 fair_inc 6489 prop_inc 54213 fast_inc 0 eta_inc 9536 multi_dec -0 quick_dec -0 nack_dec -53950
Flow Uec_964_303 flowId 114 uecSrc 113 finished at 207.126 total messages 1 total packets 490 RTS 0 total bytes 2002140 in_flight now 0 fair_inc 13248 prop_inc 38339 fast_inc 0 eta_inc 9536 multi_dec -0 quick_dec -0 nack_dec -20750
Flow Uec_990_375 flowId 259 uecSrc 258 finished at 207.156 total messages 1 total packets 490 RTS 0 total bytes 2002140 in_flight now 0 fair_inc 5030 prop_inc 53245 fast_inc 0 eta_inc 9536 multi_dec -0 quick_dec -0 nack_dec -45650
Flow Uec_364_852 flowId 482 uecSrc 481 finished at 207.211 total messages 1 total packets 490 RTS 0 total bytes 2002140 in_flight now 0 fair_inc 7387 prop_inc 46278 fast_inc 0 eta_inc 9536 multi_dec -0 quick_dec -0 nack_dec -49800
Flow Uec_357_840 flowId 105 uecSrc 104 finished at 207.216 total messages 1 total packets 490 RTS 0 total bytes 2002140 in_flight now 0 fair_inc 3612 prop_inc 62604 fast_inc 0 eta_inc 9536 multi_dec -0 quick_dec -0 nack_dec -53950
Flow Uec_974_345 flowId 386 uecSrc 385 finished at 207.22 total messages 1 total packets 490 RTS 0 total bytes 2002140 in_flight now 0 fair_inc 1535 prop_inc 52937 fast_inc 0 eta_inc 9536 multi_dec -0 quick_dec -0 nack_dec -37350
Flow Uec_26_563 flowId 86 uecSrc 85 finished at 207.232 total messages 1 total packets 490 RTS 0 total bytes 2002140 in_flight now 0 fair_inc 4399 prop_inc 43434 fast_inc 0 eta_inc 9536 multi_dec -0 quick_dec -0 nack_dec -37350
Flow Uec_765_171 flowId 36 uecSrc 35 finished at 207.327 total messages 1 total packets 490 RTS 0 total bytes 2002140 in_flight now 0 fair_inc 5064 prop_inc 65215 fast_inc 0 eta_inc 9536 multi_dec -0 quick_dec -0 nack_dec -66400
Flow Uec_951_373 flowId 51 uecSrc 50 finished at 207.477 total messages 1 total packets 490 RTS 0 total bytes 2002140 in_flight now 0 fair_inc 3555 prop_inc 67691 fast_inc 0 eta_inc 9536 multi_dec -0 quick_dec -0 nack_dec -62250
Flow Uec_907_325 flowId 198 uecSrc 197 finished at 207.532 total messages 1 total packets 490 RTS 0 total bytes 2002140 in_flight now 0 fair_inc 3760 prop_inc 69050 fast_inc 0 eta_inc 9536 multi_dec -0 quick_dec -0 nack_dec -49800
Flow Uec_465_946 flowId 99 uecSrc 98 finished at 207.545 total messages 1 total packets 490 RTS 0 total bytes 2002140 in_flight now 0 fair_inc 9745 prop_inc 58414 fast_inc 0 eta_inc 9536 multi_dec -0 quick_dec -0 nack_dec -53950
Flow Uec_137_633 flowId 309 uecSrc 308 finished at 207.611 total messages 1 total packets 490 RTS 0 total bytes 2002140 in_flight now 0 fair_inc 11683 prop_inc 43336 fast_inc 0 eta_inc 9536 multi_dec -0 quick_dec -0 nack_dec -33200
Flow Uec_775_128 flowId 170 uecSrc 169 finished at 207.611 total messages 1 total packets 490 RTS 0 total bytes 2002140 in_flight now 0 fair_inc 2466 prop_inc 53262 fast_inc 0 eta_inc 9536 multi_dec -0 quick_dec -0 nack_dec -53950
Flow Uec_100_650 flowId 244 uecSrc 243 finished at 207.668 total messages 1 total packets 490 RTS 0 total bytes 2002140 in_flight now 0 fair_inc 5216 prop_inc 58889 fast_inc 0 eta_inc 9536 multi_dec -0 quick_dec -0 nack_dec -53950
Flow Uec_1019_488 flowId 278 uecSrc 277 finished at 207.803 total messages 1 total packets 490 RTS 0 total bytes 2002140 in_flight now 0 fair_inc 2216 prop_inc 61005 fast_inc 0 eta_inc 9536 multi_dec -0 quick_dec -0 nack_dec -41500
Flow Uec_524_1046 flowId 273 uecSrc 272 finished at 207.807 total messages 1 total packets 490 RTS 0 total bytes 2002140 in_flight now 0 fair_inc 9637 prop_inc 61259 fast_inc 0 eta_inc 9536 multi_dec -0 quick_dec -0 nack_dec -45650
Flow Uec_324_893 flowId 426 uecSrc 425 finished at 207.824 total messages 1 total packets 490 RTS 0 total bytes 2002140 in_flight now 0 fair_inc 2447 prop_inc 67928 fast_inc 0 eta_inc 9536 multi_dec -0 quick_dec -0 nack_dec -62250
Flow Uec_820_289 flowId 171 uecSrc 170 finished at 207.825 total messages 1 total packets 490 RTS 0 total bytes 2002140 in_flight now 0 fair_inc 9876 prop_inc 56083 fast_inc 0 eta_inc 9536 multi_dec -0 quick_dec -0 nack_dec -45650
Flow Uec_982_300 flowId 233 uecSrc 232 finished at 207.88 total messages 1 total packets 490 RTS 0 total bytes 2002140 in_flight now 0 fair_inc 8608 prop_inc 55035 fast_inc 0 eta_inc 9536 multi_dec -0 quick_dec -0 nack_dec -49800
Flow Uec_315_844 flowId 248 uecSrc 247 finished at 207.901 total messages 1 total packets 490 RTS 0 total bytes 2002140 in_flight now 0 fair_inc 10986 prop_inc 48057 fast_inc 0 eta_inc 9536 multi_dec -0 quick_dec -0 nack_dec -53950
Flow Uec_921_340 flowId 282 uecSrc 281 finished at 207.933 total messages 1 total packets 490 RTS 0 total bytes 2002140 in_flight now 0 fair_inc 11127 prop_inc 53504 fast_inc 0 eta_inc 9536 multi_dec -0 quick_dec -0 nack_dec -53950
Flow Uec_783_146 flowId 514 uecSrc 513 finished at 207.951 total messages 1 total packets 490 RTS 0 total bytes 2002140 in_flight now 0 fair_inc 2409 prop_inc 63427 fast_inc 0 eta_inc 9536 multi_dec -0 quick_dec -0 nack_dec -33200
Flow Uec_310_860 flowId 328 uecSrc 327 finished at 207.968 total messages 1 total packets 490 RTS 0 total bytes 2002140 in_flight now 0 fair_inc 4591 prop_inc 52928 fast_inc 0 eta_inc 9536 multi_dec -0 quick_dec -0 nack_dec -49800
Flow Uec_501_1059 flowId 529 uecSrc 528 finished at 208.176 total messages 1 total packets 490 RTS 0 total bytes 2002140 in_flight now 0 fair_inc 3461 prop_inc 61857 fast_inc 0 eta_inc 9536 multi_dec -0 quick_dec -0 nack_dec -45650
Flow Uec_348_883 flowId 181 uecSrc 180 finished at 208.187 total messages 1 total packets 490 RTS 0 total bytes 2002140 in_flight now 0 fair_inc 10412 prop_inc 50521 fast_inc 0 eta_inc 9536 multi_dec -0 quick_dec -0 nack_dec -41500
Flow Uec_995_365 flowId 513 uecSrc 512 finished at 208.196 total messages 1 total packets 490 RTS 0 total bytes 2002140 in_flight now 0 fair_inc 2308 prop_inc 60203 fast_inc 0 eta_inc 9536 multi_dec -0 quick_dec -0 nack_dec -49800
Flow Uec_1013_435 flowId 35 uecSrc 34 finished at 208.233 total messages 1 total packets 490 RTS 0 total bytes 2002140 in_flight now 0 fair_inc 6004 prop_inc 62203 fast_inc 0 eta_inc 9536 multi_dec -0 quick_dec -0 nack_dec -58100
Flow Uec_931_383 flowId 502 uecSrc 501 finished at 208.261 total messages 1 total packets 490 RTS 0 total bytes 2002140 in_flight now 0 fair_inc 9790 prop_inc 48522 fast_inc 0 eta_inc 9536 multi_dec -0 quick_dec -0 nack_dec -45650
Flow Uec_959_394 flowId 449 uecSrc 448 finished at 208.264 total messages 1 total packets 490 RTS 0 total bytes 2002140 in_flight now 0 fair_inc 8783 prop_inc 62223 fast_inc 0 eta_inc 9536 multi_dec -0 quick_dec -0 nack_dec -45650
Flow Uec_773_130 flowId 394 uecSrc 393 finished at 208.355 total messages 1 total packets 490 RTS 0 total bytes 2002140 in_flight now 0 fair_inc 5564 prop_inc 50406 fast_inc 0 eta_inc 9536 multi_dec -0 quick_dec -0 nack_dec -49800
Flow Uec_436_910 flowId 67 uecSrc 66 finished at 208.456 total messages 1 total packets 490 RTS 0 total bytes 2002140 in_flight now 0 fair_inc 7711 prop_inc 60112 fast_inc 0 eta_inc 9536 multi_dec -0 quick_dec -0 nack_dec -49800
Flow Uec_288_721 flowId 483 uecSrc 482 finished at 208.488 total messages 1 total packets 490 RTS 0 total bytes 2002140 in_flight now 0 fair_inc 4411 prop_inc 63160 fast_inc 0 eta_inc 9536 multi_dec -0 quick_dec -0 nack_dec -49800
Flow Uec_1045_424 flowId 504 uecSrc 503 finished at 208.569 total messages 1 total packets 490 RTS 0 total bytes 2002140 in_flight now 0 fair_inc 5466 prop_inc 62780 fast_inc 0 eta_inc 9536 multi_dec -0 quick_dec -0 nack_dec -53950
Flow Uec_473_940 flowId 467 uecSrc 466 finished at 208.576 total messages 1 total packets 490 RTS 0 total bytes 2002140 in_flight now 0 fair_inc 6177 prop_inc 50744 fast_inc 0 eta_inc 9536 multi_dec -0 quick_dec -0 nack_dec -49800
Flow Uec_359_811 flowId 456 uecSrc 455 finished at 208.665 total messages 1 total packets 490 RTS 0 total bytes 2002140 in_flight now 0 fair_inc 10685 prop_inc 62638 fast_inc 0 eta_inc 9536 multi_dec -0 quick_dec -0 nack_dec -62250
Flow Uec_999_313 flowId 472 uecSrc 471 finished at 208.665 total messages 1 total packets 490 RTS 0 total bytes 2002140 in_flight now 0 fair_inc 8239 prop_inc 47856 fast_inc 0 eta_inc 9536 multi_dec -0 quick_dec -0 nack_dec -41500
Flow Uec_294_763 flowId 26 uecSrc 25 finished at 208.671 total messages 1 total packets 490 RTS 0 total bytes 2002140 in_flight now 0 fair_inc 7002 prop_inc 53770 fast_inc 0 eta_inc 9536 multi_dec -0 quick_dec -0 nack_dec -41500
Flow Uec_781_151 flowId 329 uecSrc 328 finished at 208.7 total messages 1 total packets 490 RTS 0 total bytes 2002140 in_flight now 0 fair_inc 10982 prop_inc 54231 fast_inc 0 eta_inc 9536 multi_dec -0 quick_dec -0 nack_dec -45650
Flow Uec_703_135 flowId 458 uecSrc 457 finished at 208.751 total messages 1 total packets 490 RTS 0 total bytes 2002140 in_flight now 0 fair_inc 5263 prop_inc 54832 fast_inc 0 eta_inc 9536 multi_dec -0 quick_dec -0 nack_dec -41500
Flow Uec_176_656 flowId 390 uecSrc 389 finished at 208.784 total messages 1 total packets 490 RTS 0 total bytes 2002140 in_flight now 0 fair_inc 2074 prop_inc 60574 fast_inc 0 eta_inc 9536 multi_dec -0 quick_dec -0 nack_dec -62250
Flow Uec_415_917 flowId 480 uecSrc 479 finished at 208.851 total messages 1 total packets 490 RTS 0 total bytes 2002140 in_flight now 0 fair_inc 453 prop_inc 56148 fast_inc 0 eta_inc 9536 multi_dec -0 quick_dec -0 nack_dec -49800
Flow Uec_927_362 flowId 123 uecSrc 122 finished at 208.914 total messages 1 total packets 490 RTS 0 total bytes 2002140 in_flight now 0 fair_inc 5122 prop_inc 50301 fast_inc 0 eta_inc 9536 multi_dec -0 quick_dec -0 nack_dec -45650
Flow Uec_798_133 flowId 362 uecSrc 361 finished at 208.944 total messages 1 total packets 490 RTS 0 total bytes 2002140 in_flight now 0 fair_inc 2971 prop_inc 58115 fast_inc 0 eta_inc 9536 multi_dec -0 quick_dec -0 nack_dec -53950
Flow Uec_116_674 flowId 110 uecSrc 109 finished at 209.048 total messages 1 total packets 490 RTS 0 total bytes 2002140 in_flight now 0 fair_inc 6253 prop_inc 50987 fast_inc 0 eta_inc 9536 multi_dec -0 quick_dec -0 nack_dec -58100
Flow Uec_361_888 flowId 490 uecSrc 489 finished at 209.071 total messages 1 total packets 490 RTS 0 total bytes 2002140 in_flight now 0 fair_inc 7900 prop_inc 59366 fast_inc 0 eta_inc 9536 multi_dec -0 quick_dec -0 nack_dec -49800
Flow Uec_169_601 flowId 383 uecSrc 382 finished at 209.088 total messages 1 total packets 490 RTS 0 total bytes 2002140 in_flight now 0 fair_inc 3299 prop_inc 58080 fast_inc 0 eta_inc 9536 multi_dec -0 quick_dec -0 nack_dec -53950
Flow Uec_43_598 flowId 215 uecSrc 214 finished at 209.232 total messages 1 total packets 490 RTS 0 total bytes 2002140 in_flight now 0 fair_inc 5490 prop_inc 46842 fast_inc 0 eta_inc 10132 multi_dec -0 quick_dec -0 nack_dec -49800
Flow Uec_1008_459 flowId 132 uecSrc 131 finished at 209.272 total messages 1 total packets 490 RTS 0 total bytes 2002140 in_flight now 0 fair_inc 6667 prop_inc 61278 fast_inc 0 eta_inc 10132 multi_dec -0 quick_dec -0 nack_dec -66400
Flow Uec_716_140 flowId 258 uecSrc 257 finished at 209.301 total messages 1 total packets 490 RTS 0 total bytes 2002140 in_flight now 0 fair_inc 3670 prop_inc 55777 fast_inc 0 eta_inc 9536 multi_dec -0 quick_dec -0 nack_dec -37350
Flow Uec_207_779 flowId 213 uecSrc 212 finished at 209.356 total messages 1 total packets 490 RTS 0 total bytes 2002140 in_flight now 0 fair_inc 9945 prop_inc 46363 fast_inc 0 eta_inc 9536 multi_dec -0 quick_dec -0 nack_dec -45650
Flow Uec_767_114 flowId 33 uecSrc 32 finished at 209.467 total messages 1 total packets 490 RTS 0 total bytes 2002140 in_flight now 0 fair_inc 3121 prop_inc 60134 fast_inc 0 eta_inc 9536 multi_dec -0 quick_dec -0 nack_dec -70550
Flow Uec_653_84 flowId 199 uecSrc 198 finished at 209.569 total messages 1 total packets 490 RTS 0 total bytes 2002140 in_flight now 0 fair_inc 3056 prop_inc 44445 fast_inc 0 eta_inc 9536 multi_dec -0 quick_dec -0 nack_dec -12450
Flow Uec_312_879 flowId 255 uecSrc 254 finished at 209.576 total messages 1 total packets 490 RTS 0 total bytes 2002140 in_flight now 0 fair_inc 14525 prop_inc 49844 fast_inc 0 eta_inc 10132 multi_dec -0 quick_dec -0 nack_dec -49800
Flow Uec_758_159 flowId 112 uecSrc 111 finished at 209.671 total messages 1 total packets 490 RTS 0 total bytes 2002140 in_flight now 0 fair_inc 3160 prop_inc 59825 fast_inc 0 eta_inc 10132 multi_dec -0 quick_dec -0 nack_dec -58100
Flow Uec_939_323 flowId 277 uecSrc 276 finished at 209.789 total messages 1 total packets 490 RTS 0 total bytes 2002140 in_flight now 0 fair_inc 9199 prop_inc 47922 fast_inc 0 eta_inc 10132 multi_dec -0 quick_dec -0 nack_dec -45650
Flow Uec_705_195 flowId 43 uecSrc 42 finished at 209.865 total messages 1 total packets 490 RTS 0 total bytes 2002140 in_flight now 0 fair_inc 3681 prop_inc 51961 fast_inc 0 eta_inc 9536 multi_dec -0 quick_dec -0 nack_dec -41500
Flow Uec_144_634 flowId 356 uecSrc 355 finished at 209.927 total messages 1 total packets 490 RTS 0 total bytes 2002140 in_flight now 0 fair_inc 9996 prop_inc 42997 fast_inc 0 eta_inc 9536 multi_dec -0 quick_dec -0 nack_dec -37350
Flow Uec_963_324 flowId 8 uecSrc 7 finished at 209.972 total messages 1 total packets 490 RTS 0 total bytes 2002140 in_flight now 0 fair_inc 7855 prop_inc 47288 fast_inc 0 eta_inc 9536 multi_dec -0 quick_dec -0 nack_dec -49800
Flow Uec_519_1081 flowId 403 uecSrc 402 finished at 210.058 total messages 1 total packets 490 RTS 0 total bytes 2002140 in_flight now 0 fair_inc 1583 prop_inc 52225 fast_inc 0 eta_inc 9536 multi_dec -0 quick_dec -0 nack_dec -53950
Flow Uec_189_636 flowId 291 uecSrc 290 finished at 210.06 total messages 1 total packets 490 RTS 0 total bytes 2002140 in_flight now 0 fair_inc 9098 prop_inc 50091 fast_inc 0 eta_inc 10132 multi_dec -0 quick_dec -0 nack_dec -53950
Flow Uec_247_789 flowId 457 uecSrc 456 finished at 210.121 total messages 1 total packets 490 RTS 0 total bytes 2002140 in_flight now 0 fair_inc 9799 prop_inc 52186 fast_inc 0 eta_inc 9536 multi_dec -0 quick_dec -0 nack_dec -49800
Flow Uec_1082_412 flowId 253 uecSrc 252 finished at 210.127 total messages 1 total packets 490 RTS 0 total bytes 2002140 in_flight now 0 fair_inc 5545 prop_inc 56888 fast_inc 0 eta_inc 9536 multi_dec -0 quick_dec -0 nack_dec -53950
Flow Uec_16_574 flowId 395 uecSrc 394 finished at 210.234 total messages 1 total packets 490 RTS 0 total bytes 2002140 in_flight now 0 fair_inc 4288 prop_inc 57079 fast_inc 0 eta_inc 9536 multi_dec -0 quick_dec -0 nack_dec -45650
Flow Uec_154_694 flowId 375 uecSrc 374 finished at 210.244 total messages 1 total packets 490 RTS 0 total bytes 2002140 in_flight now 0 fair_inc 3871 prop_inc 56609 fast_inc 0 eta_inc 10132 multi_dec -0 quick_dec -0 nack_dec -66400
Flow Uec_727_147 flowId 158 uecSrc 157 finished at 210.361 total messages 1 total packets 490 RTS 0 total bytes 2002140 in_flight now 0 fair_inc 393 prop_inc 58498 fast_inc 0 eta_inc 10132 multi_dec -0 quick_dec -0 nack_dec -45650
Flow Uec_112_682 flowId 435 uecSrc 434 finished at 210.43 total messages 1 total packets 490 RTS 0 total bytes 2002140 in_flight now 0 fair_inc 6958 prop_inc 56879 fast_inc 0 eta_inc 10132 multi_dec -0 quick_dec -0 nack_dec -66400
Flow Uec_84_566 flowId 499 uecSrc 498 finished at 210.538 total messages 1 total packets 490 RTS 0 total bytes 2002140 in_flight now 0 fair_inc 4881 prop_inc 49416 fast_inc 0 eta_inc 9536 multi_dec -0 quick_dec -0 nack_dec -45650
Flow Uec_319_851 flowId 410 uecSrc 409 finished at 210.608 total messages 1 total packets 490 RTS 0 total bytes 2002140 in_flight now 0 fair_inc 9555 prop_inc 50547 fast_inc 0 eta_inc 9536 multi_dec -0 quick_dec -0 nack_dec -58100
Flow Uec_583_1054 flowId 197 uecSrc 196 finished at 210.656 total messages 1 total packets 490 RTS 0 total bytes 2002140 in_flight now 0 fair_inc 5459 prop_inc 57848 fast_inc 0 eta_inc 9536 multi_dec -0 quick_dec -0 nack_dec -58100
Flow Uec_24_504 flowId 245 uecSrc 244 finished at 210.672 total messages 1 total packets 490 RTS 0 total bytes 2002140 in_flight now 0 fair_inc 5035 prop_inc 57362 fast_inc 0 eta_inc 9536 multi_dec -0 quick_dec -0 nack_dec -49800
Flow Uec_367_809 flowId 389 uecSrc 388 finished at 210.716 total messages 1 total packets 490 RTS 0 total bytes 2002140 in_flight now 0 fair_inc 5199 prop_inc 57397 fast_inc 0 eta_inc 9536 multi_dec -0 quick_dec -0 nack_dec -45650
Flow Uec_127_669 flowId 45 uecSrc 44 finished at 210.762 total messages 1 total packets 490 RTS 0 total bytes 2002140 in_flight now 0 fair_inc 8043 prop_inc 59720 fast_inc 0 eta_inc 9536 multi_dec -0 quick_dec -0 nack_dec -62250
Flow Uec_329_886 flowId 297 uecSrc 296 finished at 210.781 total messages 1 total packets 490 RTS 0 total bytes 2002140 in_flight now 0 fair_inc 4890 prop_inc 62405 fast_inc 0 eta_inc 10132 multi_dec -0 quick_dec -0 nack_dec -66400
Flow Uec_245_712 flowId 510 uecSrc 509 finished at 210.861 total messages 1 total packets 490 RTS 0 total bytes 2002140 in_flight now 0 fair_inc 13410 prop_inc 45560 fast_inc 0 eta_inc 9536 multi_dec -0 quick_dec -0 nack_dec -49800
Flow Uec_374_839 flowId 445 uecSrc 444 finished at 211.063 total messages 1 total packets 490 RTS 0 total bytes 2002140 in_flight now 0 fair_inc 11973 prop_inc 57542 fast_inc 0 eta_inc 9536 multi_dec -0 quick_dec -0 nack_dec -58100
Flow Uec_106_623 flowId 296 uecSrc 295 finished at 211.089 total messages 1 total packets 490 RTS 0 total bytes 2002140 in_flight now 0 fair_inc 2395 prop_inc 59489 fast_inc 0 eta_inc 9536 multi_dec -0 quick_dec -0 nack_dec -62250
Flow Uec_179_609 flowId 59 uecSrc 58 finished at 211.149 total messages 1 total packets 490 RTS 0 total bytes 2002140 in_flight now 0 fair_inc 4169 prop_inc 57609 fast_inc 0 eta_inc 10132 multi_dec -0 quick_dec -0 nack_dec -58100
Flow Uec_491_984 flowId 396 uecSrc 395 finished at 211.172 total messages 1 total packets 490 RTS 0 total bytes 2002140 in_flight now 0 fair_inc 7013 prop_inc 55086 fast_inc 0 eta_inc 9536 multi_dec -0 quick_dec -0 nack_dec -41500
Flow Uec_580_1002 flowId 204 uecSrc 203 finished at 211.306 total messages 1 total packets 490 RTS 0 total bytes 2002140 in_flight now 0 fair_inc 6058 prop_inc 50299 fast_inc 0 eta_inc 9536 multi_dec -0 quick_dec -0 nack_dec -33200
Flow Uec_274_709 flowId 207 uecSrc 206 finished at 211.441 total messages 1 total packets 490 RTS 0 total bytes 2002140 in_flight now 0 fair_inc 8434 prop_inc 55539 fast_inc 0 eta_inc 9536 multi_dec -0 quick_dec -0 nack_dec -53950
Flow Uec_55_553 flowId 373 uecSrc 372 finished at 211.455 total messages 1 total packets 490 RTS 0 total bytes 2002140 in_flight now 0 fair_inc 16068 prop_inc 55500 fast_inc 0 eta_inc 9536 multi_dec -0 quick_dec -0 nack_dec -58100
Flow Uec_1079_427 flowId 7 uecSrc 6 finished at 211.571 total messages 1 total packets 490 RTS 0 total bytes 2002140 in_flight now 0 fair_inc 3976 prop_inc 58885 fast_inc 0 eta_inc 10132 multi_dec -0 quick_dec -0 nack_dec -62250
Flow Uec_564_1043 flowId 62 uecSrc 61 finished at 211.821 total messages 1 total packets 490 RTS 0 total bytes 2002140 in_flight now 0 fair_inc 7552 prop_inc 61135 fast_inc 0 eta_inc 9536 multi_dec -0 quick_dec -0 nack_dec -41500
Flow Uec_983_377 flowId 419 uecSrc 418 finished at 211.825 total messages 1 total packets 490 RTS 0 total bytes 2002140 in_flight now 0 fair_inc 3390 prop_inc 61984 fast_inc 0 eta_inc 10132 multi_dec -0 quick_dec -0 nack_dec -58100
Flow Uec_402_985 flowId 459 uecSrc 458 finished at 211.929 total messages 1 total packets 490 RTS 0 total bytes 2002140 in_flight now 0 fair_inc 13921 prop_inc 50253 fast_inc 0 eta_inc 10132 multi_dec -0 quick_dec -0 nack_dec -62250
Flow Uec_548_1040 flowId 134 uecSrc 133 finished at 212.019 total messages 1 total packets 490 RTS 0 total bytes 2002140 in_flight now 0 fair_inc 11309 prop_inc 50187 fast_inc 0 eta_inc 10132 multi_dec -0 quick_dec -0 nack_dec -58100
Flow Uec_549_1080 flowId 107 uecSrc 106 finished at 212.053 total messages 1 total packets 490 RTS 0 total bytes 2002140 in_flight now 0 fair_inc 3458 prop_inc 48075 fast_inc 0 eta_inc 10132 multi_dec -0 quick_dec -0 nack_dec -41500
Flow Uec_217_717 flowId 534 uecSrc 533 finished at 212.106 total messages 1 total packets 490 RTS 0 total bytes 2002140 in_flight now 0 fair_inc 6480 prop_inc 46162 fast_inc 0 eta_inc 9536 multi_dec -0 quick_dec -0 nack_dec -49800
Flow Uec_908_308 flowId 537 uecSrc 536 finished at 212.14 total messages 1 total packets 490 RTS 0 total bytes 2002140 in_flight now 0 fair_inc 7013 prop_inc 56290 fast_inc 0 eta_inc 9536 multi_dec -0 quick_dec -0 nack_dec -53950
Flow Uec_510_1075 flowId 46 uecSrc 45 finished at 212.215 total messages 1 total packets 490 RTS 0 total bytes 2002140 in_flight now 0 fair_inc 1023 prop_inc 75023 fast_inc 0 eta_inc 10132 multi_dec -0 quick_dec -0 nack_dec -70550
Flow Uec_557_1030 flowId 111 uecSrc 110 finished at 212.316 total messages 1 total packets 490 RTS 0 total bytes 2002140 in_flight now 0 fair_inc 4498 prop_inc 51227 fast_inc 0 eta_inc 10132 multi_dec -0 quick_dec -0 nack_dec -41500
Flow Uec_489_988 flowId 177 uecSrc 176 finished at 212.413 total messages 1 total packets 490 RTS 0 total bytes 2002140 in_flight now 0 fair_inc 9681 prop_inc 50025 fast_inc 0 eta_inc 10132 multi_dec -0 quick_dec -0 nack_dec -53950
Flow Uec_628_34 flowId 31 uecSrc 30 finished at 212.578 total messages 1 total packets 490 RTS 0 total bytes 2002140 in_flight now 0 fair_inc 4684 prop_inc 52151 fast_inc 0 eta_inc 9536 multi_dec -0 quick_dec -0 nack_dec -37350
Flow Uec_365_831 flowId 411 uecSrc 410 finished at 212.648 total messages 1 total packets 490 RTS 0 total bytes 2002140 in_flight now 0 fair_inc 6702 prop_inc 49430 fast_inc 0 eta_inc 10132 multi_dec -0 quick_dec -0 nack_dec -45650
Flow Uec_339_892 flowId 68 uecSrc 67 finished at 212.653 total messages 1 total packets 490 RTS 0 total bytes 2002140 in_flight now 0 fair_inc 7852 prop_inc 39028 fast_inc 0 eta_inc 10132 multi_dec -0 quick_dec -0 nack_dec -41500
Flow Uec_742_165 flowId 276 uecSrc 275 finished at 212.74 total messages 1 total packets 490 RTS 0 total bytes 2002140 in_flight now 0 fair_inc 2824 prop_inc 55147 fast_inc 0 eta_inc 10132 multi_dec -0 quick_dec -0 nack_dec -53950
Flow Uec_427_906 flowId 406 uecSrc 405 finished at 212.847 total messages 1 total packets 490 RTS 0 total bytes 2002140 in_flight now 0 fair_inc 10441 prop_inc 43213 fast_inc 0 eta_inc 10132 multi_dec -0 quick_dec -0 nack_dec -41500
Flow Uec_210_723 flowId 184 uecSrc 183 finished at 212.942 total messages 1 total packets 490 RTS 0 total bytes 2002140 in_flight now 0 fair_inc 6597 prop_inc 49934 fast_inc 0 eta_inc 10132 multi_dec -0 quick_dec -0 nack_dec -45650
Flow Uec_388_871 flowId 349 uecSrc 348 finished at 212.98 total messages 1 total packets 490 RTS 0 total bytes 2002140 in_flight now 0 fair_inc 8175 prop_inc 55560 fast_inc 0 eta_inc 9536 multi_dec -0 quick_dec -0 nack_dec -49800
Flow Uec_1078_462 flowId 222 uecSrc 221 finished at 213.033 total messages 1 total packets 490 RTS 0 total bytes 2002140 in_flight now 0 fair_inc 6535 prop_inc 61301 fast_inc 0 eta_inc 10132 multi_dec -0 quick_dec -0 nack_dec -58100
Flow Uec_98_538 flowId 451 uecSrc 450 finished at 213.174 total messages 1 total packets 490 RTS 0 total bytes 2002140 in_flight now 0 fair_inc 9101 prop_inc 44800 fast_inc 0 eta_inc 9536 multi_dec -0 quick_dec -0 nack_dec -41500
Flow Uec_226_792 flowId 124 uecSrc 123 finished at 213.198 total messages 1 total packets 490 RTS 0 total bytes 2002140 in_flight now 0 fair_inc 8359 prop_inc 47261 fast_inc 0 eta_inc 10132 multi_dec -0 quick_dec -0 nack_dec -53950
Flow Uec_91_508 flowId 281 uecSrc 280 finished at 213.202 total messages 1 total packets 490 RTS 0 total bytes 2002140 in_flight now 0 fair_inc 8753 prop_inc 53307 fast_inc 0 eta_inc 10132 multi_dec -0 quick_dec -0 nack_dec -62250
Flow Uec_389_815 flowId 407 uecSrc 406 finished at 213.277 total messages 1 total packets 490 RTS 0 total bytes 2002140 in_flight now 0 fair_inc 15173 prop_inc 43339 fast_inc 0 eta_inc 10132 multi_dec -0 quick_dec -0 nack_dec -58100
Flow Uec_394_825 flowId 133 uecSrc 132 finished at 213.316 total messages 1 total packets 490 RTS 0 total bytes 2002140 in_flight now 0 fair_inc 4851 prop_inc 63165 fast_inc 0 eta_inc 10132 multi_dec -0 quick_dec -0 nack_dec -70550
Flow Uec_19_595 flowId 75 uecSrc 74 finished at 213.405 total messages 1 total packets 490 RTS 0 total bytes 2002140 in_flight now 0 fair_inc 11607 prop_inc 47860 fast_inc 0 eta_inc 10132 multi_dec -0 quick_dec -0 nack_dec -49800
Flow Uec_771_124 flowId 318 uecSrc 317 finished at 213.529 total messages 1 total packets 490 RTS 0 total bytes 2002140 in_flight now 0 fair_inc 8925 prop_inc 51750 fast_inc 0 eta_inc 10132 multi_dec -0 quick_dec -0 nack_dec -41500
Flow Uec_331_818 flowId 48 uecSrc 47 finished at 213.61 total messages 1 total packets 490 RTS 0 total bytes 2002140 in_flight now 0 fair_inc 4504 prop_inc 62054 fast_inc 0 eta_inc 9536 multi_dec -0 quick_dec -0 nack_dec -70550
Flow Uec_622_73 flowId 443 uecSrc 442 finished at 213.716 total messages 1 total packets 490 RTS 0 total bytes 2002140 in_flight now 0 fair_inc 6612 prop_inc 47125 fast_inc 0 eta_inc 9536 multi_dec -0 quick_dec -0 nack_dec -41500
Flow Uec_272_724 flowId 42 uecSrc 41 finished at 213.743 total messages 1 total packets 490 RTS 0 total bytes 2002140 in_flight now 0 fair_inc 4217 prop_inc 49669 fast_inc 0 eta_inc 9536 multi_dec -0 quick_dec -0 nack_dec -45650
Flow Uec_900_372 flowId 144 uecSrc 143 finished at 213.796 total messages 1 total packets 490 RTS 0 total bytes 2002140 in_flight now 0 fair_inc 12076 prop_inc 57256 fast_inc 0 eta_inc 10132 multi_dec -0 quick_dec -0 nack_dec -70550
Flow Uec_404_912 flowId 532 uecSrc 531 finished at 213.843 total messages 1 total packets 490 RTS 0 total bytes 2002140 in_flight now 0 fair_inc 3807 prop_inc 52423 fast_inc 0 eta_inc 10132 multi_dec -0 quick_dec -0 nack_dec -49800
Flow Uec_239_730 flowId 418 uecSrc 417 finished at 213.98 total messages 1 total packets 490 RTS 0 total bytes 2002140 in_flight now 0 fair_inc 7963 prop_inc 55898 fast_inc 0 eta_inc 9536 multi_dec -0 quick_dec -0 nack_dec -62250
Flow Uec_303_890 flowId 115 uecSrc 114 finished at 214.045 total messages 1 total packets 490 RTS 0 total bytes 2002140 in_flight now 0 fair_inc 6092 prop_inc 49303 fast_inc 0 eta_inc 10132 multi_dec -0 quick_dec -0 nack_dec -49800
Flow Uec_546_1016 flowId 470 uecSrc 469 finished at 214.119 total messages 1 total packets 490 RTS 0 total bytes 2002140 in_flight now 0 fair_inc 6343 prop_inc 53326 fast_inc 0 eta_inc 10132 multi_dec -0 quick_dec -0 nack_dec -29050
Flow Uec_307_864 flowId 358 uecSrc 357 finished at 214.176 total messages 1 total packets 490 RTS 0 total bytes 2002140 in_flight now 0 fair_inc 4598 prop_inc 52467 fast_inc 0 eta_inc 10132 multi_dec -0 quick_dec -0 nack_dec -53950
Flow Uec_425_972 flowId 542 uecSrc 541 finished at 214.178 total messages 1 total packets 490 RTS 0 total bytes 2002140 in_flight now 0 fair_inc 5370 prop_inc 50802 fast_inc 0 eta_inc 9536 multi_dec -0 quick_dec -0 nack_dec -49800
Flow Uec_51_536 flowId 293 uecSrc 292 finished at 214.349 total messages 1 total packets 490 RTS 0 total bytes 2002140 in_flight now 0 fair_inc 1984 prop_inc 53947 fast_inc 0 eta_inc 9536 multi_dec -0 quick_dec -0 nack_dec -53950
Flow Uec_737_100 flowId 121 uecSrc 120 finished at 214.514 total messages 1 total packets 490 RTS 0 total bytes 2002140 in_flight now 0 fair_inc 5583 prop_inc 66595 fast_inc 0 eta_inc 10132 multi_dec -0 quick_dec -0 nack_dec -66400
Flow Uec_346_828 flowId 348 uecSrc 347 finished at 214.606 total messages 1 total packets 490 RTS 0 total bytes 2002140 in_flight now 0 fair_inc 14777 prop_inc 49872 fast_inc 0 eta_inc 10132 multi_dec -0 quick_dec -0 nack_dec -58100
Flow Uec_123_635 flowId 135 uecSrc 134 finished at 214.666 total messages 1 total packets 490 RTS 0 total bytes 2002140 in_flight now 0 fair_inc 1732 prop_inc 62569 fast_inc 0 eta_inc 10132 multi_dec -0 quick_dec -0 nack_dec -74700
Flow Uec_125_629 flowId 313 uecSrc 312 finished at 214.73 total messages 1 total packets 490 RTS 0 total bytes 2002140 in_flight now 0 fair_inc 6722 prop_inc 62505 fast_inc 0 eta_inc 10132 multi_dec -0 quick_dec -0 nack_dec -74700
Flow Uec_10_525 flowId 384 uecSrc 383 finished at 214.812 total messages 1 total packets 490 RTS 0 total bytes 2002140 in_flight now 0 fair_inc 6614 prop_inc 56298 fast_inc 0 eta_inc 10132 multi_dec -0 quick_dec -0 nack_dec -49800
Flow Uec_200_798 flowId 368 uecSrc 367 finished at 214.813 total messages 1 total packets 490 RTS 0 total bytes 2002140 in_flight now 0 fair_inc 11274 prop_inc 43945 fast_inc 0 eta_inc 10132 multi_dec -0 quick_dec -0 nack_dec -45650
Flow Uec_485_962 flowId 539 uecSrc 538 finished at 214.907 total messages 1 total packets 490 RTS 0 total bytes 2002140 in_flight now 0 fair_inc 8536 prop_inc 49168 fast_inc 0 eta_inc 10132 multi_dec -0 quick_dec -0 nack_dec -53950
Flow Uec_796_185 flowId 289 uecSrc 288 finished at 215.136 total messages 1 total packets 490 RTS 0 total bytes 2002140 in_flight now 0 fair_inc 7859 prop_inc 54702 fast_inc 0 eta_inc 10132 multi_dec -0 quick_dec -0 nack_dec -62250
Flow Uec_1025_486 flowId 237 uecSrc 236 finished at 215.204 total messages 1 total packets 490 RTS 0 total bytes 2002140 in_flight now 0 fair_inc 3574 prop_inc 70055 fast_inc 0 eta_inc 10132 multi_dec -0 quick_dec -0 nack_dec -78850
Flow Uec_23_572 flowId 92 uecSrc 91 finished at 215.268 total messages 1 total packets 490 RTS 0 total bytes 2002140 in_flight now 0 fair_inc 12486 prop_inc 45439 fast_inc 0 eta_inc 10132 multi_dec -0 quick_dec -0 nack_dec -41500
Flow Uec_646_92 flowId 180 uecSrc 179 finished at 215.274 total messages 1 total packets 490 RTS 0 total bytes 2002140 in_flight now 0 fair_inc 8509 prop_inc 44597 fast_inc 0 eta_inc 10132 multi_dec -0 quick_dec -0 nack_dec -37350
Flow Uec_337_876 flowId 300 uecSrc 299 finished at 215.278 total messages 1 total packets 490 RTS 0 total bytes 2002140 in_flight now 0 fair_inc 4038 prop_inc 61530 fast_inc 0 eta_inc 10132 multi_dec -0 quick_dec -0 nack_dec -58100
Flow Uec_21_575 flowId 6 uecSrc 5 finished at 215.338 total messages 1 total packets 490 RTS 0 total bytes 2002140 in_flight now 0 fair_inc 10189 prop_inc 47905 fast_inc 0 eta_inc 10132 multi_dec -0 quick_dec -0 nack_dec -45650
Flow Uec_15_583 flowId 357 uecSrc 356 finished at 215.376 total messages 1 total packets 490 RTS 0 total bytes 2002140 in_flight now 0 fair_inc 6826 prop_inc 70540 fast_inc 0 eta_inc 10132 multi_dec -0 quick_dec -0 nack_dec -74700
Flow Uec_400_935 flowId 38 uecSrc 37 finished at 215.406 total messages 1 total packets 490 RTS 0 total bytes 2002140 in_flight now 0 fair_inc 4339 prop_inc 52873 fast_inc 0 eta_inc 10132 multi_dec -0 quick_dec -0 nack_dec -53950
Flow Uec_81_535 flowId 265 uecSrc 264 finished at 215.442 total messages 1 total packets 490 RTS 0 total bytes 2002140 in_flight now 0 fair_inc 6387 prop_inc 54568 fast_inc 0 eta_inc 9536 multi_dec -0 quick_dec -0 nack_dec -58100
Flow Uec_915_327 flowId 528 uecSrc 527 finished at 215.453 total messages 1 total packets 490 RTS 0 total bytes 2002140 in_flight now 0 fair_inc 3690 prop_inc 68802 fast_inc 0 eta_inc 10132 multi_dec -0 quick_dec -0 nack_dec -66400
Flow Uec_235_771 flowId 288 uecSrc 287 finished at 215.505 total messages 1 total packets 490 RTS 0 total bytes 2002140 in_flight now 0 fair_inc 3577 prop_inc 50604 fast_inc 0 eta_inc 9536 multi_dec -0 quick_dec -0 nack_dec -41500
Flow Uec_368_867 flowId 220 uecSrc 219 finished at 215.512 total messages 1 total packets 490 RTS 0 total bytes 2002140 in_flight now 0 fair_inc 6823 prop_inc 37490 fast_inc 0 eta_inc 10132 multi_dec -0 quick_dec -0 nack_dec -29050
Flow Uec_718_138 flowId 316 uecSrc 315 finished at 215.521 total messages 1 total packets 490 RTS 0 total bytes 2002140 in_flight now 0 fair_inc 7318 prop_inc 55138 fast_inc 0 eta_inc 10132 multi_dec -0 quick_dec -0 nack_dec -58100
Flow Uec_291_755 flowId 506 uecSrc 505 finished at 215.53 total messages 1 total packets 490 RTS 0 total bytes 2002140 in_flight now 0 fair_inc 7080 prop_inc 50597 fast_inc 0 eta_inc 10132 multi_dec -0 quick_dec -0 nack_dec -41500
Flow Uec_682_83 flowId 453 uecSrc 452 finished at 215.732 total messages 1 total packets 490 RTS 0 total bytes 2002140 in_flight now 0 fair_inc 6309 prop_inc 54107 fast_inc 0 eta_inc 9536 multi_dec -0 quick_dec -0 nack_dec -45650
Flow Uec_670_35 flowId 478 uecSrc 477 finished at 215.789 total messages 1 total packets 490 RTS 0 total bytes 2002140 in_flight now 0 fair_inc 3003 prop_inc 47330 fast_inc 0 eta_inc 10132 multi_dec -0 quick_dec -0 nack_dec -33200
Flow Uec_495_961 flowId 543 uecSrc 542 finished at 215.903 total messages 1 total packets 490 RTS 0 total bytes 2002140 in_flight now 0 fair_inc 8178 prop_inc 57118 fast_inc 0 eta_inc 10132 multi_dec -0 quick_dec -0 nack_dec -45650
Flow Uec_224_729 flowId 151 uecSrc 150 finished at 215.922 total messages 1 total packets 490 RTS 0 total bytes 2002140 in_flight now 0 fair_inc 6168 prop_inc 56534 fast_inc 0 eta_inc 10132 multi_dec -0 quick_dec -0 nack_dec -62250
Flow Uec_321_870 flowId 461 uecSrc 460 finished at 215.998 total messages 1 total packets 490 RTS 0 total bytes 2002140 in_flight now 0 fair_inc 1736 prop_inc 67798 fast_inc 0 eta_inc 10132 multi_dec -0 quick_dec -0 nack_dec -58100
Flow Uec_430_975 flowId 523 uecSrc 522 finished at 216.041 total messages 1 total packets 490 RTS 0 total bytes 2002140 in_flight now 0 fair_inc 11623 prop_inc 43683 fast_inc 0 eta_inc 10132 multi_dec -0 quick_dec -0 nack_dec -33200
Flow Uec_704_179 flowId 54 uecSrc 53 finished at 216.17 total messages 1 total packets 490 RTS 0 total bytes 2002140 in_flight now 0 fair_inc 15208 prop_inc 51918 fast_inc 0 eta_inc 10132 multi_dec -0 quick_dec -0 nack_dec -66400
Flow Uec_532_1062 flowId 161 uecSrc 160 finished at 216.469 total messages 1 total packets 490 RTS 0 total bytes 2002140 in_flight now 0 fair_inc 7168 prop_inc 59926 fast_inc 0 eta_inc 10132 multi_dec -0 quick_dec -0 nack_dec -62250
Flow Uec_567_1023 flowId 339 uecSrc 338 finished at 216.48 total messages 1 total packets 490 RTS 0 total bytes 2002140 in_flight now 0 fair_inc 13195 prop_inc 43312 fast_inc 0 eta_inc 10132 multi_dec -0 quick_dec -0 nack_dec -41500
Flow Uec_118_697 flowId 320 uecSrc 319 finished at 216.498 total messages 1 total packets 490 RTS 0 total bytes 2002140 in_flight now 0 fair_inc 4140 prop_inc 66698 fast_inc 0 eta_inc 10132 multi_dec -0 quick_dec -0 nack_dec -74700
Flow Uec_678_26 flowId 40 uecSrc 39 finished at 216.597 total messages 1 total packets 490 RTS 0 total bytes 2002140 in_flight now 0 fair_inc 10647 prop_inc 44092 fast_inc 0 eta_inc 10132 multi_dec -0 quick_dec -0 nack_dec -37350
Flow Uec_434_934 flowId 326 uecSrc 325 finished at 216.616 total messages 1 total packets 490 RTS 0 total bytes 2002140 in_flight now 0 fair_inc 7218 prop_inc 51878 fast_inc 0 eta_inc 10132 multi_dec -0 quick_dec -0 nack_dec -58100
Flow Uec_779_180 flowId 236 uecSrc 235 finished at 216.756 total messages 1 total packets 490 RTS 0 total bytes 2002140 in_flight now 0 fair_inc 4809 prop_inc 55096 fast_inc 0 eta_inc 10132 multi_dec -0 quick_dec -0 nack_dec -53950
Flow Uec_492_979 flowId 503 uecSrc 502 finished at 216.78 total messages 1 total packets 490 RTS 0 total bytes 2002140 in_flight now 0 fair_inc 4422 prop_inc 51972 fast_inc 0 eta_inc 10132 multi_dec -0 quick_dec -0 nack_dec -53950
Flow Uec_541_1066 flowId 182 uecSrc 181 finished at 216.85 total messages 1 total packets 490 RTS 0 total bytes 2002140 in_flight now 0 fair_inc 7970 prop_inc 48612 fast_inc 0 eta_inc 10132 multi_dec -0 quick_dec -0 nack_dec -49800
Flow Uec_86_507 flowId 496 uecSrc 495 finished at 216.853 total messages 1 total packets 490 RTS 0 total bytes 2002140 in_flight now 0 fair_inc 8549 prop_inc 49159 fast_inc 0 eta_inc 10132 multi_dec -0 quick_dec -0 nack_dec -58100
Flow Uec_442_960 flowId 162 uecSrc 161 finished at 216.888 total messages 1 total packets 490 RTS 0 total bytes 2002140 in_flight now 0 fair_inc 5910 prop_inc 63410 fast_inc 0 eta_inc 10132 multi_dec -0 quick_dec -0 nack_dec -66400
Flow Uec_216_748 flowId 299 uecSrc 298 finished at 217.115 total messages 1 total packets 490 RTS 0 total bytes 2002140 in_flight now 0 fair_inc 7082 prop_inc 47047 fast_inc 0 eta_inc 10132 multi_dec -0 quick_dec -0 nack_dec -53950
Flow Uec_597_1048 flowId 201 uecSrc 200 finished at 217.195 total messages 1 total packets 490 RTS 0 total bytes 2002140 in_flight now 0 fair_inc 9393 prop_inc 54056 fast_inc 0 eta_inc 10132 multi_dec -0 quick_dec -0 nack_dec -62250
Flow Uec_684_8 flowId 96 uecSrc 95 finished at 217.278 total messages 1 total packets 490 RTS 0 total bytes 2002140 in_flight now 0 fair_inc 10794 prop_inc 50806 fast_inc 0 eta_inc 10132 multi_dec -0 quick_dec -0 nack_dec -49800
Flow Uec_435_925 flowId 334 uecSrc 333 finished at 217.296 total messages 1 total packets 490 RTS 0 total bytes 2002140 in_flight now 0 fair_inc 12902 prop_inc 56512 fast_inc 0 eta_inc 10132 multi_dec -0 quick_dec -0 nack_dec -70550
Flow Uec_568_1091 flowId 325 uecSrc 324 finished at 217.365 total messages 1 total packets 490 RTS 0 total bytes 2002140 in_flight now 0 fair_inc 7909 prop_inc 49028 fast_inc 0 eta_inc 10132 multi_dec -0 quick_dec -0 nack_dec -49800
Flow Uec_422_944 flowId 119 uecSrc 118 finished at 217.379 total messages 1 total packets 490 RTS 0 total bytes 2002140 in_flight now 0 fair_inc 4022 prop_inc 46651 fast_inc 0 eta_inc 10132 multi_dec -0 quick_dec -0 nack_dec -37350
Flow Uec_202_744 flowId 369 uecSrc 368 finished at 217.497 total messages 1 total packets 490 RTS 0 total bytes 2002140 in_flight now 0 fair_inc 13364 prop_inc 49856 fast_inc 0 eta_inc 10132 multi_dec -0 quick_dec -0 nack_dec -58100
Flow Uec_69_547 flowId 378 uecSrc 377 finished at 217.544 total messages 1 total packets 490 RTS 0 total bytes 2002140 in_flight now 0 fair_inc 8392 prop_inc 40315 fast_inc 0 eta_inc 10132 multi_dec -0 quick_dec -0 nack_dec -53950
Flow Uec_965_361 flowId 120 uecSrc 119 finished at 217.834 total messages 1 total packets 490 RTS 0 total bytes 2002140 in_flight now 0 fair_inc 6940 prop_inc 51982 fast_inc 0 eta_inc 10132 multi_dec -0 quick_dec -0 nack_dec -62250
Flow Uec_976_338 flowId 437 uecSrc 436 finished at 217.864 total messages 1 total packets 490 RTS 0 total bytes 2002140 in_flight now 0 fair_inc 6814 prop_inc 59663 fast_inc 0 eta_inc 10132 multi_dec -0 quick_dec -0 nack_dec -78850
Flow Uec_237_728 flowId 169 uecSrc 168 finished at 217.874 total messages 1 total packets 490 RTS 0 total bytes 2002140 in_flight now 0 fair_inc 9678 prop_inc 46507 fast_inc 0 eta_inc 9536 multi_dec -0 quick_dec -0 nack_dec -45650
Flow Uec_938_350 flowId 82 uecSrc 81 finished at 218.013 total messages 1 total packets 490 RTS 0 total bytes 2002140 in_flight now 0 fair_inc 3480 prop_inc 64006 fast_inc 0 eta_inc 10132 multi_dec -0 quick_dec -0 nack_dec -70550
Flow Uec_240_747 flowId 279 uecSrc 278 finished at 218.089 total messages 1 total packets 490 RTS 0 total bytes 2002140 in_flight now 0 fair_inc 6871 prop_inc 55657 fast_inc 0 eta_inc 10132 multi_dec -0 quick_dec -0 nack_dec -62250
Flow Uec_380_843 flowId 146 uecSrc 145 finished at 218.125 total messages 1 total packets 490 RTS 0 total bytes 2002140 in_flight now 0 fair_inc 12672 prop_inc 50500 fast_inc 0 eta_inc 10132 multi_dec -0 quick_dec -0 nack_dec -66400
Flow Uec_208_720 flowId 260 uecSrc 259 finished at 218.151 total messages 1 total packets 490 RTS 0 total bytes 2002140 in_flight now 0 fair_inc 14896 prop_inc 45189 fast_inc 0 eta_inc 10132 multi_dec -0 quick_dec -0 nack_dec -62250
Flow Uec_214_746 flowId 188 uecSrc 187 finished at 218.345 total messages 1 total packets 490 RTS 0 total bytes 2002140 in_flight now 0 fair_inc 7747 prop_inc 41825 fast_inc 0 eta_inc 10132 multi_dec -0 quick_dec -0 nack_dec -49800
Flow Uec_650_20 flowId 382 uecSrc 381 finished at 218.416 total messages 1 total packets 490 RTS 0 total bytes 2002140 in_flight now 0 fair_inc 6357 prop_inc 45123 fast_inc 0 eta_inc 10132 multi_dec -0 quick_dec -0 nack_dec -45650
Flow Uec_836_212 flowId 238 uecSrc 237 finished at 218.477 total messages 1 total packets 490 RTS 0 total bytes 2002140 in_flight now 0 fair_inc 5282 prop_inc 60871 fast_inc 0 eta_inc 10132 multi_dec -0 quick_dec -0 nack_dec -70550
Flow Uec_223_732 flowId 342 uecSrc 341 finished at 218.539 total messages 1 total packets 490 RTS 0 total bytes 2002140 in_flight now 0 fair_inc 4431 prop_inc 59722 fast_inc 0 eta_inc 10132 multi_dec -0 quick_dec -0 nack_dec -58100
Flow Uec_41_544 flowId 486 uecSrc 485 finished at 218.675 total messages 1 total packets 490 RTS 0 total bytes 2002140 in_flight now 0 fair_inc 11589 prop_inc 44013 fast_inc 0 eta_inc 10132 multi_dec -0 quick_dec -0 nack_dec -53950
Flow Uec_466_958 flowId 128 uecSrc 127 finished at 218.707 total messages 1 total packets 490 RTS 0 total bytes 2002140 in_flight now 0 fair_inc 6713 prop_inc 52275 fast_inc 0 eta_inc 10132 multi_dec -0 quick_dec -0 nack_dec -53950
Flow Uec_618_50 flowId 206 uecSrc 205 finished at 218.815 total messages 1 total packets 490 RTS 0 total bytes 2002140 in_flight now 0 fair_inc 9654 prop_inc 53310 fast_inc 0 eta_inc 10132 multi_dec -0 quick_dec -0 nack_dec -49800
Flow Uec_456_973 flowId 1 uecSrc 0 finished at 218.826 total messages 1 total packets 490 RTS 0 total bytes 2002140 in_flight now 0 fair_inc 3585 prop_inc 47435 fast_inc 0 eta_inc 10132 multi_dec -0 quick_dec -0 nack_dec -49800
Flow Uec_66_549 flowId 330 uecSrc 329 finished at 218.899 total messages 1 total packets 490 RTS 0 total bytes 2002140 in_flight now 0 fair_inc 4591 prop_inc 55604 fast_inc 0 eta_inc 10132 multi_dec -0 quick_dec -0 nack_dec -62250
Flow Uec_204_757 flowId 341 uecSrc 340 finished at 218.921 total messages 1 total packets 490 RTS 0 total bytes 2002140 in_flight now 0 fair_inc 3276 prop_inc 61376 fast_inc 0 eta_inc 10132 multi_dec -0 quick_dec -0 nack_dec -66400
Flow Uec_386_847 flowId 491 uecSrc 490 finished at 218.924 total messages 1 total packets 490 RTS 0 total bytes 2002140 in_flight now 0 fair_inc 3398 prop_inc 49989 fast_inc 0 eta_inc 10728 multi_dec -0 quick_dec -0 nack_dec -49800
Flow Uec_53_500 flowId 303 uecSrc 302 finished at 219.222 total messages 1 total packets 490 RTS 0 total bytes 2002140 in_flight now 0 fair_inc 934 prop_inc 72738 fast_inc 0 eta_inc 10132 multi_dec -0 quick_dec -0 nack_dec -66400
Flow Uec_290_726 flowId 113 uecSrc 112 finished at 219.232 total messages 1 total packets 490 RTS 0 total bytes 2002140 in_flight now 0 fair_inc 9857 prop_inc 52628 fast_inc 0 eta_inc 10132 multi_dec -0 quick_dec -0 nack_dec -70550
Flow Uec_777_119 flowId 84 uecSrc 83 finished at 219.316 total messages 1 total packets 490 RTS 0 total bytes 2002140 in_flight now 0 fair_inc 10446 prop_inc 50554 fast_inc 0 eta_inc 10132 multi_dec -0 quick_dec -0 nack_dec -66400
Flow Uec_533_1036 flowId 475 uecSrc 474 finished at 219.332 total messages 1 total packets 490 RTS 0 total bytes 2002140 in_flight now 0 fair_inc 3496 prop_inc 54588 fast_inc 0 eta_inc 10132 multi_dec -0 quick_dec -0 nack_dec -58100
Flow Uec_594_1032 flowId 473 uecSrc 472 finished at 219.431 total messages 1 total packets 490 RTS 0 total bytes 2002140 in_flight now 0 fair_inc 5031 prop_inc 51840 fast_inc 0 eta_inc 10132 multi_dec -0 quick_dec -0 nack_dec -45650
Flow Uec_218_754 flowId 520 uecSrc 519 finished at 219.546 total messages 1 total packets 490 RTS 0 total bytes 2002140 in_flight now 0 fair_inc 3561 prop_inc 53367 fast_inc 0 eta_inc 10132 multi_dec -0 quick_dec -0 nack_dec -58100
Flow Uec_640_97 flowId 290 uecSrc 289 finished at 219.618 total messages 1 total packets 490 RTS 0 total bytes 2002140 in_flight now 0 fair_inc 6238 prop_inc 44821 fast_inc 0 eta_inc 10132 multi_dec -0 quick_dec -0 nack_dec -41500
Flow Uec_467_923 flowId 468 uecSrc 467 finished at 219.707 total messages 1 total packets 490 RTS 0 total bytes 2002140 in_flight now 0 fair_inc 4175 prop_inc 53295 fast_inc 0 eta_inc 10132 multi_dec -0 quick_dec -0 nack_dec -58100
Flow Uec_50_545 flowId 505 uecSrc 504 finished at 219.726 total messages 1 total packets 490 RTS 0 total bytes 2002140 in_flight now 0 fair_inc 6382 prop_inc 55831 fast_inc 0 eta_inc 10132 multi_dec -0 quick_dec -0 nack_dec -53950
Flow Uec_107_639 flowId 521 uecSrc 520 finished at 219.859 total messages 1 total packets 490 RTS 0 total bytes 2002140 in_flight now 0 fair_inc 3498 prop_inc 62781 fast_inc 0 eta_inc 10132 multi_dec -0 quick_dec -0 nack_dec -66400
Flow Uec_822_232 flowId 361 uecSrc 360 finished at 220.339 total messages 1 total packets 490 RTS 0 total bytes 2002140 in_flight now 0 fair_inc 5733 prop_inc 51123 fast_inc 0 eta_inc 10132 multi_dec -0 quick_dec -0 nack_dec -58100
Flow Uec_412_933 flowId 101 uecSrc 100 finished at 220.393 total messages 1 total packets 490 RTS 0 total bytes 2002140 in_flight now 0 fair_inc 6247 prop_inc 55777 fast_inc 0 eta_inc 10132 multi_dec -0 quick_dec -0 nack_dec -58100
Flow Uec_698_46 flowId 211 uecSrc 210 finished at 220.468 total messages 1 total packets 490 RTS 0 total bytes 2002140 in_flight now 0 fair_inc 8258 prop_inc 49299 fast_inc 0 eta_inc 10132 multi_dec -0 quick_dec -0 nack_dec -58100
Flow Uec_842_200 flowId 224 uecSrc 223 finished at 220.49 total messages 1 total packets 490 RTS 0 total bytes 2002140 in_flight now 0 fair_inc 12245 prop_inc 41104 fast_inc 0 eta_inc 10132 multi_dec -0 quick_dec -0 nack_dec -33200
Flow Uec_244_756 flowId 307 uecSrc 306 finished at 220.498 total messages 1 total packets 490 RTS 0 total bytes 2002140 in_flight now 0 fair_inc 9980 prop_inc 46139 fast_inc 0 eta_inc 10132 multi_dec -0 quick_dec -0 nack_dec -53950
Flow Uec_243_742 flowId 431 uecSrc 430 finished at 220.503 total messages 1 total packets 490 RTS 0 total bytes 2002140 in_flight now 0 fair_inc 5836 prop_inc 61085 fast_inc 0 eta_inc 10132 multi_dec -0 quick_dec -0 nack_dec -62250
Flow Uec_521_1084 flowId 310 uecSrc 309 finished at 220.515 total messages 1 total packets 490 RTS 0 total bytes 2002140 in_flight now 0 fair_inc 5543 prop_inc 52064 fast_inc 0 eta_inc 10132 multi_dec -0 quick_dec -0 nack_dec -66400
Flow Uec_13_541 flowId 412 uecSrc 411 finished at 220.525 total messages 1 total packets 490 RTS 0 total bytes 2002140 in_flight now 0 fair_inc 8395 prop_inc 47398 fast_inc 0 eta_inc 10132 multi_dec -0 quick_dec -0 nack_dec -53950
Flow Uec_571_1070 flowId 423 uecSrc 422 finished at 220.53 total messages 1 total packets 490 RTS 0 total bytes 2002140 in_flight now 0 fair_inc 9157 prop_inc 47799 fast_inc 0 eta_inc 10132 multi_dec -0 quick_dec -0 nack_dec -49800
Flow Uec_42_558 flowId 298 uecSrc 297 finished at 220.58 total messages 1 total packets 490 RTS 0 total bytes 2002140 in_flight now 0 fair_inc 5691 prop_inc 49239 fast_inc 0 eta_inc 10132 multi_dec -0 quick_dec -0 nack_dec -49800
Flow Uec_230_719 flowId 165 uecSrc 164 finished at 220.587 total messages 1 total packets 490 RTS 0 total bytes 2002140 in_flight now 0 fair_inc 8720 prop_inc 63089 fast_inc 0 eta_inc 10132 multi_dec -0 quick_dec -0 nack_dec -74700
Flow Uec_344_845 flowId 90 uecSrc 89 finished at 220.621 total messages 1 total packets 490 RTS 0 total bytes 2002140 in_flight now 0 fair_inc 5660 prop_inc 41331 fast_inc 0 eta_inc 10132 multi_dec -0 quick_dec -0 nack_dec -41500
Flow Uec_874_215 flowId 22 uecSrc 21 finished at 220.624 total messages 1 total packets 490 RTS 0 total bytes 2002140 in_flight now 0 fair_inc 8015 prop_inc 58679 fast_inc 0 eta_inc 10132 multi_dec -0 quick_dec -0 nack_dec -74700
Flow Uec_203_718 flowId 415 uecSrc 414 finished at 220.767 total messages 1 total packets 490 RTS 0 total bytes 2002140 in_flight now 0 fair_inc 4875 prop_inc 49341 fast_inc 0 eta_inc 10132 multi_dec -0 quick_dec -0 nack_dec -53950
Flow Uec_883_268 flowId 47 uecSrc 46 finished at 220.786 total messages 1 total packets 490 RTS 0 total bytes 2002140 in_flight now 0 fair_inc 13162 prop_inc 39710 fast_inc 0 eta_inc 10132 multi_dec -0 quick_dec -0 nack_dec -49800
Flow Uec_654_66 flowId 507 uecSrc 506 finished at 220.786 total messages 1 total packets 490 RTS 0 total bytes 2002140 in_flight now 0 fair_inc 7278 prop_inc 31309 fast_inc 0 eta_inc 10132 multi_dec -0 quick_dec -0 nack_dec -29050
Flow Uec_413_911 flowId 210 uecSrc 209 finished at 220.789 total messages 1 total packets 490 RTS 0 total bytes 2002140 in_flight now 0 fair_inc 6594 prop_inc 56642 fast_inc 0 eta_inc 10132 multi_dec -0 quick_dec -0 nack_dec -66400
Flow Uec_287_743 flowId 500 uecSrc 499 finished at 220.848 total messages 1 total packets 490 RTS 0 total bytes 2002140 in_flight now 0 fair_inc 9570 prop_inc 42632 fast_inc 0 eta_inc 10132 multi_dec -0 quick_dec -0 nack_dec -49800
Flow Uec_97_513 flowId 242 uecSrc 241 finished at 220.989 total messages 1 total packets 490 RTS 0 total bytes 2002140 in_flight now 0 fair_inc 8579 prop_inc 39847 fast_inc 0 eta_inc 10132 multi_dec -0 quick_dec -0 nack_dec -45650
Flow Uec_48_548 flowId 311 uecSrc 310 finished at 221.022 total messages 1 total packets 490 RTS 0 total bytes 2002140 in_flight now 0 fair_inc 12940 prop_inc 47583 fast_inc 0 eta_inc 10132 multi_dec -0 quick_dec -0 nack_dec -58100
Flow Uec_12_509 flowId 430 uecSrc 429 finished at 221.023 total messages 1 total packets 490 RTS 0 total bytes 2002140 in_flight now 0 fair_inc 7178 prop_inc 48117 fast_inc 0 eta_inc 10132 multi_dec -0 quick_dec -0 nack_dec -58100
Flow Uec_428_937 flowId 525 uecSrc 524 finished at 221.072 total messages 1 total packets 490 RTS 0 total bytes 2002140 in_flight now 0 fair_inc 7467 prop_inc 54567 fast_inc 0 eta_inc 10132 multi_dec -0 quick_dec -0 nack_dec -66400
Flow Uec_241_766 flowId 398 uecSrc 397 finished at 221.088 total messages 1 total packets 490 RTS 0 total bytes 2002140 in_flight now 0 fair_inc 12696 prop_inc 49898 fast_inc 0 eta_inc 10132 multi_dec -0 quick_dec -0 nack_dec -70550
Flow Uec_537_1015 flowId 312 uecSrc 311 finished at 221.091 total messages 1 total packets 490 RTS 0 total bytes 2002140 in_flight now 0 fair_inc 7803 prop_inc 46364 fast_inc 0 eta_inc 10728 multi_dec -0 quick_dec -0 nack_dec -53950
Flow Uec_835_227 flowId 331 uecSrc 330 finished at 221.185 total messages 1 total packets 490 RTS 0 total bytes 2002140 in_flight now 0 fair_inc 7233 prop_inc 53339 fast_inc 0 eta_inc 10132 multi_dec -0 quick_dec -0 nack_dec -66400
Flow Uec_674_99 flowId 218 uecSrc 217 finished at 221.2 total messages 1 total packets 490 RTS 0 total bytes 2002140 in_flight now 0 fair_inc 7478 prop_inc 49392 fast_inc 0 eta_inc 10132 multi_dec -0 quick_dec -0 nack_dec -45650
Flow Uec_68_596 flowId 544 uecSrc 543 finished at 221.244 total messages 1 total packets 490 RTS 0 total bytes 2002140 in_flight now 0 fair_inc 6146 prop_inc 58168 fast_inc 0 eta_inc 10132 multi_dec -0 quick_dec -0 nack_dec -58100
Flow Uec_832_243 flowId 71 uecSrc 70 finished at 221.272 total messages 1 total packets 490 RTS 0 total bytes 2002140 in_flight now 0 fair_inc 9736 prop_inc 48450 fast_inc 0 eta_inc 10132 multi_dec -0 quick_dec -0 nack_dec -66400
Flow Uec_432_995 flowId 370 uecSrc 369 finished at 221.337 total messages 1 total packets 490 RTS 0 total bytes 2002140 in_flight now 0 fair_inc 3401 prop_inc 45254 fast_inc 0 eta_inc 10132 multi_dec -0 quick_dec -0 nack_dec -58100
Flow Uec_763_178 flowId 442 uecSrc 441 finished at 221.345 total messages 1 total packets 490 RTS 0 total bytes 2002140 in_flight now 0 fair_inc 9377 prop_inc 54950 fast_inc 0 eta_inc 10728 multi_dec -0 quick_dec -0 nack_dec -70550
Flow Uec_538_1005 flowId 190 uecSrc 189 finished at 221.423 total messages 1 total packets 490 RTS 0 total bytes 2002140 in_flight now 0 fair_inc 5250 prop_inc 49242 fast_inc 0 eta_inc 10132 multi_dec -0 quick_dec -0 nack_dec -62250
Flow Uec_14_588 flowId 287 uecSrc 286 finished at 221.49 total messages 1 total packets 490 RTS 0 total bytes 2002140 in_flight now 0 fair_inc 8573 prop_inc 51979 fast_inc 0 eta_inc 10132 multi_dec -0 quick_dec -0 nack_dec -58100
Flow Uec_424_902 flowId 372 uecSrc 371 finished at 221.598 total messages 1 total packets 490 RTS 0 total bytes 2002140 in_flight now 0 fair_inc 20877 prop_inc 38871 fast_inc 0 eta_inc 10132 multi_dec -0 quick_dec -0 nack_dec -53950
Flow Uec_57_555 flowId 243 uecSrc 242 finished at 221.822 total messages 1 total packets 490 RTS 0 total bytes 2002140 in_flight now 0 fair_inc 7869 prop_inc 60884 fast_inc 0 eta_inc 10132 multi_dec -0 quick_dec -0 nack_dec -53950
Flow Uec_494_986 flowId 34 uecSrc 33 finished at 222.031 total messages 1 total packets 490 RTS 0 total bytes 2002140 in_flight now 0 fair_inc 4187 prop_inc 52049 fast_inc 0 eta_inc 10132 multi_dec -0 quick_dec -0 nack_dec -53950
Flow Uec_806_211 flowId 152 uecSrc 151 finished at 222.147 total messages 1 total packets 490 RTS 0 total bytes 2002140 in_flight now 0 fair_inc 14262 prop_inc 37183 fast_inc 0 eta_inc 10132 multi_dec -0 quick_dec -0 nack_dec -53950
Flow Uec_222_797 flowId 346 uecSrc 345 finished at 222.157 total messages 1 total packets 490 RTS 0 total bytes 2002140 in_flight now 0 fair_inc 15259 prop_inc 48011 fast_inc 0 eta_inc 10728 multi_dec -0 quick_dec -0 nack_dec -66400
Flow Uec_642_69 flowId 176 uecSrc 175 finished at 222.191 total messages 1 total packets 490 RTS 0 total bytes 2002140 in_flight now 0 fair_inc 5430 prop_inc 44521 fast_inc 0 eta_inc 10132 multi_dec -0 quick_dec -0 nack_dec -49800
Flow Uec_298_799 flowId 14 uecSrc 13 finished at 222.226 total messages 1 total packets 490 RTS 0 total bytes 2002140 in_flight now 0 fair_inc 5227 prop_inc 46141 fast_inc 0 eta_inc 10132 multi_dec -0 quick_dec -0 nack_dec -45650
Flow Uec_384_822 flowId 460 uecSrc 459 finished at 222.252 total messages 1 total packets 490 RTS 0 total bytes 2002140 in_flight now 0 fair_inc 7260 prop_inc 51221 fast_inc 0 eta_inc 10132 multi_dec -0 quick_dec -0 nack_dec -41500
Flow Uec_663_70 flowId 24 uecSrc 23 finished at 222.437 total messages 1 total packets 490 RTS 0 total bytes 2002140 in_flight now 0 fair_inc 6063 prop_inc 44757 fast_inc 0 eta_inc 10132 multi_dec -0 quick_dec -0 nack_dec -41500
Flow Uec_685_63 flowId 388 uecSrc 387 finished at 222.445 total messages 1 total packets 490 RTS 0 total bytes 2002140 in_flight now 0 fair_inc 13222 prop_inc 45688 fast_inc 0 eta_inc 10132 multi_dec -0 quick_dec -0 nack_dec -49800
Flow Uec_282_740 flowId 232 uecSrc 231 finished at 222.452 total messages 1 total packets 490 RTS 0 total bytes 2002140 in_flight now 0 fair_inc 15413 prop_inc 43202 fast_inc 0 eta_inc 10132 multi_dec -0 quick_dec -0 nack_dec -58100
Flow Uec_369_898 flowId 549 uecSrc 548 finished at 222.5 total messages 1 total packets 490 RTS 0 total bytes 2002140 in_flight now 0 fair_inc 1774 prop_inc 48340 fast_inc 0 eta_inc 10132 multi_dec -0 quick_dec -0 nack_dec -62250
Flow Uec_296_795 flowId 292 uecSrc 291 finished at 222.534 total messages 1 total packets 490 RTS 0 total bytes 2002140 in_flight now 0 fair_inc 4070 prop_inc 59237 fast_inc 0 eta_inc 10132 multi_dec -0 quick_dec -0 nack_dec -49800
Flow Uec_249_761 flowId 517 uecSrc 516 finished at 222.859 total messages 1 total packets 490 RTS 0 total bytes 2002140 in_flight now 0 fair_inc 4124 prop_inc 58502 fast_inc 0 eta_inc 10132 multi_dec -0 quick_dec -0 nack_dec -74700
Flow Uec_657_81 flowId 392 uecSrc 391 finished at 222.9 total messages 1 total packets 490 RTS 0 total bytes 2002140 in_flight now 0 fair_inc 11591 prop_inc 48017 fast_inc 0 eta_inc 10132 multi_dec -0 quick_dec -0 nack_dec -41500
Flow Uec_405_978 flowId 166 uecSrc 165 finished at 222.998 total messages 1 total packets 490 RTS 0 total bytes 2002140 in_flight now 0 fair_inc 4596 prop_inc 78178 fast_inc 0 eta_inc 10132 multi_dec -0 quick_dec -0 nack_dec -87150
Flow Uec_488_951 flowId 174 uecSrc 173 finished at 223.359 total messages 1 total packets 490 RTS 0 total bytes 2002140 in_flight now 0 fair_inc 5572 prop_inc 43822 fast_inc 0 eta_inc 10132 multi_dec -0 quick_dec -0 nack_dec -53950
Flow Uec_474_987 flowId 140 uecSrc 139 finished at 223.589 total messages 1 total packets 490 RTS 0 total bytes 2002140 in_flight now 0 fair_inc 7156 prop_inc 54180 fast_inc 0 eta_inc 10728 multi_dec -0 quick_dec -0 nack_dec -62250
Flow Uec_8_576 flowId 57 uecSrc 56 finished at 223.704 total messages 1 total packets 490 RTS 0 total bytes 2002140 in_flight now 0 fair_inc 6121 prop_inc 48480 fast_inc 0 eta_inc 10132 multi_dec -0 quick_dec -0 nack_dec -62250
Flow Uec_871_220 flowId 185 uecSrc 184 finished at 223.73 total messages 1 total packets 490 RTS 0 total bytes 2002140 in_flight now 0 fair_inc 11071 prop_inc 48182 fast_inc 0 eta_inc 10132 multi_dec -0 quick_dec -0 nack_dec -70550
Flow Uec_403_927 flowId 168 uecSrc 167 finished at 223.763 total messages 1 total packets 490 RTS 0 total bytes 2002140 in_flight now 0 fair_inc 8688 prop_inc 64253 fast_inc 0 eta_inc 10728 multi_dec -0 quick_dec -0 nack_dec -62250
Flow Uec_63_580 flowId 91 uecSrc 90 finished at 223.771 total messages 1 total packets 490 RTS 0 total bytes 2002140 in_flight now 0 fair_inc 5707 prop_inc 61349 fast_inc 0 eta_inc 10132 multi_dec -0 quick_dec -0 nack_dec -78850
Flow Uec_363_837 flowId 58 uecSrc 57 finished at 223.778 total messages 1 total packets 490 RTS 0 total bytes 2002140 in_flight now 0 fair_inc 7022 prop_inc 52903 fast_inc 0 eta_inc 10728 multi_dec -0 quick_dec -0 nack_dec -53950
Flow Uec_891_286 flowId 21 uecSrc 20 finished at 223.79 total messages 1 total packets 490 RTS 0 total bytes 2002140 in_flight now 0 fair_inc 9873 prop_inc 46092 fast_inc 0 eta_inc 10132 multi_dec -0 quick_dec -0 nack_dec -53950
Flow Uec_277_787 flowId 159 uecSrc 158 finished at 223.836 total messages 1 total packets 490 RTS 0 total bytes 2002140 in_flight now 0 fair_inc 6902 prop_inc 59682 fast_inc 0 eta_inc 10132 multi_dec -0 quick_dec -0 nack_dec -70550
Flow Uec_46_512 flowId 4 uecSrc 3 finished at 223.974 total messages 1 total packets 490 RTS 0 total bytes 2002140 in_flight now 0 fair_inc 6815 prop_inc 54921 fast_inc 0 eta_inc 10728 multi_dec -0 quick_dec -0 nack_dec -62250
Flow Uec_420_920 flowId 225 uecSrc 224 finished at 224.023 total messages 1 total packets 490 RTS 0 total bytes 2002140 in_flight now 0 fair_inc 5961 prop_inc 49752 fast_inc 0 eta_inc 10132 multi_dec -0 quick_dec -0 nack_dec -58100
Flow Uec_60_517 flowId 139 uecSrc 138 finished at 224.051 total messages 1 total packets 490 RTS 0 total bytes 2002140 in_flight now 0 fair_inc 5394 prop_inc 60646 fast_inc 0 eta_inc 10132 multi_dec -0 quick_dec -0 nack_dec -62250
Flow Uec_630_3 flowId 246 uecSrc 245 finished at 224.08 total messages 1 total packets 490 RTS 0 total bytes 2002140 in_flight now 0 fair_inc 4123 prop_inc 51402 fast_inc 0 eta_inc 10132 multi_dec -0 quick_dec -0 nack_dec -53950
Flow Uec_38_514 flowId 17 uecSrc 16 finished at 224.202 total messages 1 total packets 490 RTS 0 total bytes 2002140 in_flight now 0 fair_inc 6600 prop_inc 56209 fast_inc 0 eta_inc 10132 multi_dec -0 quick_dec -0 nack_dec -62250
Flow Uec_498_914 flowId 156 uecSrc 155 finished at 224.226 total messages 1 total packets 490 RTS 0 total bytes 2002140 in_flight now 0 fair_inc 12092 prop_inc 51931 fast_inc 0 eta_inc 10132 multi_dec -0 quick_dec -0 nack_dec -66400
Flow Uec_54_593 flowId 137 uecSrc 136 finished at 224.232 total messages 1 total packets 490 RTS 0 total bytes 2002140 in_flight now 0 fair_inc 7117 prop_inc 51745 fast_inc 0 eta_inc 10728 multi_dec -0 quick_dec -0 nack_dec -62250
Flow Uec_619_37 flowId 25 uecSrc 24 finished at 224.259 total messages 1 total packets 490 RTS 0 total bytes 2002140 in_flight now 0 fair_inc 6376 prop_inc 48076 fast_inc 0 eta_inc 10132 multi_dec -0 quick_dec -0 nack_dec -45650
Flow Uec_236_701 flowId 29 uecSrc 28 finished at 224.268 total messages 1 total packets 490 RTS 0 total bytes 2002140 in_flight now 0 fair_inc 15187 prop_inc 40309 fast_inc 0 eta_inc 10728 multi_dec -0 quick_dec -0 nack_dec -62250
Flow Uec_76_503 flowId 147 uecSrc 146 finished at 224.306 total messages 1 total packets 490 RTS 0 total bytes 2002140 in_flight now 0 fair_inc 5630 prop_inc 54545 fast_inc 0 eta_inc 10132 multi_dec -0 quick_dec -0 nack_dec -66400
Flow Uec_5_542 flowId 304 uecSrc 303 finished at 224.326 total messages 1 total packets 490 RTS 0 total bytes 2002140 in_flight now 0 fair_inc 8559 prop_inc 43234 fast_inc 0 eta_inc 10728 multi_dec -0 quick_dec -0 nack_dec -49800
Flow Uec_695_95 flowId 37 uecSrc 36 finished at 224.424 total messages 1 total packets 490 RTS 0 total bytes 2002140 in_flight now 0 fair_inc 7326 prop_inc 50894 fast_inc 0 eta_inc 10132 multi_dec -0 quick_dec -0 nack_dec -58100
Flow Uec_872_277 flowId 109 uecSrc 108 finished at 224.425 total messages 1 total packets 490 RTS 0 total bytes 2002140 in_flight now 0 fair_inc 6601 prop_inc 51580 fast_inc 0 eta_inc 10132 multi_dec -0 quick_dec -0 nack_dec -53950
Flow Uec_433_963 flowId 380 uecSrc 379 finished at 224.457 total messages 1 total packets 490 RTS 0 total bytes 2002140 in_flight now 0 fair_inc 12166 prop_inc 45144 fast_inc 0 eta_inc 10728 multi_dec -3596 quick_dec -0 nack_dec -49800
Flow Uec_631_6 flowId 228 uecSrc 227 finished at 224.52 total messages 1 total packets 490 RTS 0 total bytes 2002140 in_flight now 0 fair_inc 10284 prop_inc 38395 fast_inc 0 eta_inc 10728 multi_dec -0 quick_dec -0 nack_dec -45650
Flow Uec_877_225 flowId 351 uecSrc 350 finished at 224.53 total messages 1 total packets 490 RTS 0 total bytes 2002140 in_flight now 0 fair_inc 10548 prop_inc 63741 fast_inc 0 eta_inc 10728 multi_dec -0 quick_dec -0 nack_dec -83000
Flow Uec_611_85 flowId 385 uecSrc 384 finished at 224.545 total messages 1 total packets 490 RTS 0 total bytes 2002140 in_flight now 0 fair_inc 5357 prop_inc 54088 fast_inc 0 eta_inc 10132 multi_dec -0 quick_dec -0 nack_dec -58100
Flow Uec_808_295 flowId 56 uecSrc 55 finished at 224.757 total messages 1 total packets 490 RTS 0 total bytes 2002140 in_flight now 0 fair_inc 10444 prop_inc 46925 fast_inc 0 eta_inc 10132 multi_dec -0 quick_dec -0 nack_dec -62250
Flow Uec_889_284 flowId 106 uecSrc 105 finished at 224.762 total messages 1 total packets 490 RTS 0 total bytes 2002140 in_flight now 0 fair_inc 5543 prop_inc 49388 fast_inc 0 eta_inc 10728 multi_dec -0 quick_dec -0 nack_dec -66400
Flow Uec_850_259 flowId 447 uecSrc 446 finished at 224.767 total messages 1 total packets 490 RTS 0 total bytes 2002140 in_flight now 0 fair_inc 7568 prop_inc 70513 fast_inc 0 eta_inc 10132 multi_dec -0 quick_dec -0 nack_dec -83000
Flow Uec_304_872 flowId 186 uecSrc 185 finished at 224.9 total messages 1 total packets 490 RTS 0 total bytes 2002140 in_flight now 0 fair_inc 4571 prop_inc 65710 fast_inc 0 eta_inc 10132 multi_dec -0 quick_dec -0 nack_dec -74700
Flow Uec_643_58 flowId 354 uecSrc 353 finished at 224.929 total messages 1 total packets 490 RTS 0 total bytes 2002140 in_flight now 0 fair_inc 6110 prop_inc 48525 fast_inc 0 eta_inc 10132 multi_dec -0 quick_dec -0 nack_dec -49800
Flow Uec_600_12 flowId 49 uecSrc 48 finished at 224.929 total messages 1 total packets 490 RTS 0 total bytes 2002140 in_flight now 0 fair_inc 6182 prop_inc 60803 fast_inc 0 eta_inc 10132 multi_dec -0 quick_dec -0 nack_dec -66400
Flow Uec_281_753 flowId 429 uecSrc 428 finished at 224.937 total messages 1 total packets 490 RTS 0 total bytes 2002140 in_flight now 0 fair_inc 13478 prop_inc 47034 fast_inc 0 eta_inc 10132 multi_dec -0 quick_dec -0 nack_dec -66400
Flow Uec_78_533 flowId 512 uecSrc 511 finished at 224.97 total messages 1 total packets 490 RTS 0 total bytes 2002140 in_flight now 0 fair_inc 9001 prop_inc 57126 fast_inc 0 eta_inc 10728 multi_dec -0 quick_dec -0 nack_dec -74700
Flow Uec_461_969 flowId 355 uecSrc 354 finished at 225.172 total messages 1 total packets 490 RTS 0 total bytes 2002140 in_flight now 0 fair_inc 6372 prop_inc 54766 fast_inc 0 eta_inc 10728 multi_dec -0 quick_dec -0 nack_dec -62250
Flow Uec_457_981 flowId 516 uecSrc 515 finished at 225.586 total messages 1 total packets 490 RTS 0 total bytes 2002140 in_flight now 0 fair_inc 13758 prop_inc 45395 fast_inc 0 eta_inc 10728 multi_dec -0 quick_dec -0 nack_dec -62250
Flow Uec_234_702 flowId 187 uecSrc 186 finished at 225.97 total messages 1 total packets 490 RTS 0 total bytes 2002140 in_flight now 0 fair_inc 9644 prop_inc 48177 fast_inc 0 eta_inc 10132 multi_dec -0 quick_dec -0 nack_dec -58100
Flow Uec_75_578 flowId 150 uecSrc 149 finished at 226.188 total messages 1 total packets 490 RTS 0 total bytes 2002140 in_flight now 0 fair_inc 4060 prop_inc 56154 fast_inc 0 eta_inc 10728 multi_dec -0 quick_dec -0 nack_dec -70550
Flow Uec_453_950 flowId 509 uecSrc 508 finished at 226.246 total messages 1 total packets 490 RTS 0 total bytes 2002140 in_flight now 0 fair_inc 6941 prop_inc 52147 fast_inc 0 eta_inc 10728 multi_dec -0 quick_dec -0 nack_dec -66400
Flow Uec_637_0 flowId 44 uecSrc 43 finished at 226.251 total messages 1 total packets 490 RTS 0 total bytes 2002140 in_flight now 0 fair_inc 9816 prop_inc 34329 fast_inc 0 eta_inc 10132 multi_dec -0 quick_dec -0 nack_dec -41500
Flow Uec_605_62 flowId 193 uecSrc 192 finished at 226.258 total messages 1 total packets 490 RTS 0 total bytes 2002140 in_flight now 0 fair_inc 8242 prop_inc 55112 fast_inc 0 eta_inc 10728 multi_dec -0 quick_dec -0 nack_dec -62250
Flow Uec_255_758 flowId 286 uecSrc 285 finished at 226.442 total messages 1 total packets 490 RTS 0 total bytes 2002140 in_flight now 0 fair_inc 9559 prop_inc 53221 fast_inc 0 eta_inc 10728 multi_dec -0 quick_dec -0 nack_dec -70550
Flow Uec_439_970 flowId 477 uecSrc 476 finished at 226.53 total messages 1 total packets 490 RTS 0 total bytes 2002140 in_flight now 0 fair_inc 7848 prop_inc 59530 fast_inc 0 eta_inc 10728 multi_dec -0 quick_dec -0 nack_dec -78850
Flow Uec_658_16 flowId 145 uecSrc 144 finished at 226.717 total messages 1 total packets 490 RTS 0 total bytes 2002140 in_flight now 0 fair_inc 4511 prop_inc 46117 fast_inc 0 eta_inc 10132 multi_dec -0 quick_dec -0 nack_dec -53950
Flow Uec_632_15 flowId 257 uecSrc 256 finished at 226.736 total messages 1 total packets 490 RTS 0 total bytes 2002140 in_flight now 0 fair_inc 5912 prop_inc 39973 fast_inc 0 eta_inc 10132 multi_dec -0 quick_dec -0 nack_dec -49800
Flow Uec_464_974 flowId 164 uecSrc 163 finished at 226.779 total messages 1 total packets 490 RTS 0 total bytes 2002140 in_flight now 0 fair_inc 3098 prop_inc 46098 fast_inc 0 eta_inc 10728 multi_dec -0 quick_dec -0 nack_dec -45650
Flow Uec_815_254 flowId 275 uecSrc 274 finished at 226.965 total messages 1 total packets 490 RTS 0 total bytes 2002140 in_flight now 0 fair_inc 7705 prop_inc 44561 fast_inc 0 eta_inc 10132 multi_dec -0 quick_dec -0 nack_dec -58100
Flow Uec_679_36 flowId 221 uecSrc 220 finished at 227.006 total messages 1 total packets 490 RTS 0 total bytes 2002140 in_flight now 0 fair_inc 8261 prop_inc 61095 fast_inc 0 eta_inc 10728 multi_dec -0 quick_dec -0 nack_dec -70550
Flow Uec_478_967 flowId 541 uecSrc 540 finished at 227.015 total messages 1 total packets 490 RTS 0 total bytes 2002140 in_flight now 0 fair_inc 3098 prop_inc 58335 fast_inc 0 eta_inc 10728 multi_dec -0 quick_dec -0 nack_dec -78850
Flow Uec_45_526 flowId 72 uecSrc 71 finished at 227.049 total messages 1 total packets 490 RTS 0 total bytes 2002140 in_flight now 0 fair_inc 4055 prop_inc 57431 fast_inc 0 eta_inc 10728 multi_dec -0 quick_dec -0 nack_dec -74700
Flow Uec_688_4 flowId 550 uecSrc 549 finished at 227.059 total messages 1 total packets 490 RTS 0 total bytes 2002140 in_flight now 0 fair_inc 3693 prop_inc 54790 fast_inc 0 eta_inc 10132 multi_dec -0 quick_dec -0 nack_dec -58100
Flow Uec_211_706 flowId 83 uecSrc 82 finished at 227.182 total messages 1 total packets 490 RTS 0 total bytes 2002140 in_flight now 0 fair_inc 6730 prop_inc 48484 fast_inc 0 eta_inc 10728 multi_dec -0 quick_dec -0 nack_dec -62250
Flow Uec_445_953 flowId 250 uecSrc 249 finished at 227.244 total messages 1 total packets 490 RTS 0 total bytes 2002140 in_flight now 0 fair_inc 15731 prop_inc 52262 fast_inc 0 eta_inc 10132 multi_dec -0 quick_dec -0 nack_dec -74700
Flow Uec_651_48 flowId 126 uecSrc 125 finished at 227.265 total messages 1 total packets 490 RTS 0 total bytes 2002140 in_flight now 0 fair_inc 2314 prop_inc 58083 fast_inc 0 eta_inc 10132 multi_dec -0 quick_dec -0 nack_dec -41500
Flow Uec_3_523 flowId 78 uecSrc 77 finished at 227.381 total messages 1 total packets 490 RTS 0 total bytes 2002140 in_flight now 0 fair_inc 10178 prop_inc 58197 fast_inc 0 eta_inc 10728 multi_dec -0 quick_dec -0 nack_dec -74700
Flow Uec_44_577 flowId 536 uecSrc 535 finished at 227.522 total messages 1 total packets 490 RTS 0 total bytes 2002140 in_flight now 0 fair_inc 12133 prop_inc 49814 fast_inc 0 eta_inc 10728 multi_dec -0 quick_dec -0 nack_dec -74700
Flow Uec_809_228 flowId 178 uecSrc 177 finished at 227.566 total messages 1 total packets 490 RTS 0 total bytes 2002140 in_flight now 0 fair_inc 15197 prop_inc 52876 fast_inc 0 eta_inc 10132 multi_dec -0 quick_dec -0 nack_dec -74700
Flow Uec_659_25 flowId 212 uecSrc 211 finished at 227.587 total messages 1 total packets 490 RTS 0 total bytes 2002140 in_flight now 0 fair_inc 13751 prop_inc 36333 fast_inc 0 eta_inc 10132 multi_dec -0 quick_dec -0 nack_dec -49800
Flow Uec_617_40 flowId 308 uecSrc 307 finished at 227.612 total messages 1 total packets 490 RTS 0 total bytes 2002140 in_flight now 0 fair_inc 9640 prop_inc 57681 fast_inc 0 eta_inc 10132 multi_dec -0 quick_dec -0 nack_dec -70550
Flow Uec_825_234 flowId 175 uecSrc 174 finished at 227.727 total messages 1 total packets 490 RTS 0 total bytes 2002140 in_flight now 0 fair_inc 5065 prop_inc 47762 fast_inc 0 eta_inc 10132 multi_dec -0 quick_dec -0 nack_dec -53950
Flow Uec_693_38 flowId 374 uecSrc 373 finished at 227.771 total messages 1 total packets 490 RTS 0 total bytes 2002140 in_flight now 0 fair_inc 3507 prop_inc 56096 fast_inc 0 eta_inc 10728 multi_dec -0 quick_dec -0 nack_dec -62250
Flow Uec_90_502 flowId 30 uecSrc 29 finished at 227.777 total messages 1 total packets 490 RTS 0 total bytes 2002140 in_flight now 0 fair_inc 5802 prop_inc 50893 fast_inc 0 eta_inc 10728 multi_dec -0 quick_dec -0 nack_dec -70550
Flow Uec_387_821 flowId 393 uecSrc 392 finished at 227.854 total messages 1 total packets 490 RTS 0 total bytes 2002140 in_flight now 0 fair_inc 6508 prop_inc 50471 fast_inc 0 eta_inc 10728 multi_dec -0 quick_dec -0 nack_dec -62250
Flow Uec_499_997 flowId 189 uecSrc 188 finished at 227.907 total messages 1 total packets 490 RTS 0 total bytes 2002140 in_flight now 0 fair_inc 10135 prop_inc 50982 fast_inc 0 eta_inc 10728 multi_dec -0 quick_dec -0 nack_dec -66400
Flow Uec_221_774 flowId 524 uecSrc 523 finished at 228.05 total messages 1 total packets 490 RTS 0 total bytes 2002140 in_flight now 0 fair_inc 7476 prop_inc 53567 fast_inc 0 eta_inc 10728 multi_dec -0 quick_dec -0 nack_dec -70550
Flow Uec_858_230 flowId 118 uecSrc 117 finished at 228.328 total messages 1 total packets 490 RTS 0 total bytes 2002140 in_flight now 0 fair_inc 4684 prop_inc 44231 fast_inc 0 eta_inc 10728 multi_dec -0 quick_dec -0 nack_dec -62250
Flow Uec_683_65 flowId 353 uecSrc 352 finished at 228.396 total messages 1 total packets 490 RTS 0 total bytes 2002140 in_flight now 0 fair_inc 7765 prop_inc 59194 fast_inc 0 eta_inc 10132 multi_dec -0 quick_dec -0 nack_dec -62250
Flow Uec_819_271 flowId 131 uecSrc 130 finished at 228.409 total messages 1 total packets 490 RTS 0 total bytes 2002140 in_flight now 0 fair_inc 14166 prop_inc 46703 fast_inc 0 eta_inc 10728 multi_dec -0 quick_dec -0 nack_dec -70550
Flow Uec_886_233 flowId 547 uecSrc 546 finished at 228.449 total messages 1 total packets 490 RTS 0 total bytes 2002140 in_flight now 0 fair_inc 5850 prop_inc 62052 fast_inc 0 eta_inc 10728 multi_dec -0 quick_dec -0 nack_dec -83000
Flow Uec_47_532 flowId 247 uecSrc 246 finished at 228.45 total messages 1 total packets 490 RTS 0 total bytes 2002140 in_flight now 0 fair_inc 9243 prop_inc 58458 fast_inc 0 eta_inc 10728 multi_dec -0 quick_dec -0 nack_dec -78850
Flow Uec_409_918 flowId 23 uecSrc 22 finished at 228.544 total messages 1 total packets 490 RTS 0 total bytes 2002140 in_flight now 0 fair_inc 7865 prop_inc 58334 fast_inc 0 eta_inc 10728 multi_dec -0 quick_dec -0 nack_dec -70550
Flow Uec_604_19 flowId 104 uecSrc 103 finished at 228.546 total messages 1 total packets 490 RTS 0 total bytes 2002140 in_flight now 0 fair_inc 4332 prop_inc 40626 fast_inc 0 eta_inc 10132 multi_dec -0 quick_dec -0 nack_dec -45650
Flow Uec_463_949 flowId 319 uecSrc 318 finished at 228.551 total messages 1 total packets 490 RTS 0 total bytes 2002140 in_flight now 0 fair_inc 7386 prop_inc 45313 fast_inc 0 eta_inc 10728 multi_dec -0 quick_dec -0 nack_dec -58100
Flow Uec_233_752 flowId 462 uecSrc 461 finished at 228.622 total messages 1 total packets 490 RTS 0 total bytes 2002140 in_flight now 0 fair_inc 12545 prop_inc 48863 fast_inc 0 eta_inc 10728 multi_dec -0 quick_dec -0 nack_dec -58100
Flow Uec_421_926 flowId 270 uecSrc 269 finished at 228.658 total messages 1 total packets 490 RTS 0 total bytes 2002140 in_flight now 0 fair_inc 9540 prop_inc 57579 fast_inc 0 eta_inc 10728 multi_dec -0 quick_dec -0 nack_dec -74700
Flow Uec_95_550 flowId 365 uecSrc 364 finished at 228.709 total messages 1 total packets 490 RTS 0 total bytes 2002140 in_flight now 0 fair_inc 12084 prop_inc 44649 fast_inc 0 eta_inc 10728 multi_dec -0 quick_dec -0 nack_dec -66400
Flow Uec_481_929 flowId 306 uecSrc 305 finished at 228.902 total messages 1 total packets 490 RTS 0 total bytes 2002140 in_flight now 0 fair_inc 4109 prop_inc 49757 fast_inc 0 eta_inc 10728 multi_dec -0 quick_dec -0 nack_dec -70550
Flow Uec_85_528 flowId 495 uecSrc 494 finished at 229.011 total messages 1 total packets 490 RTS 0 total bytes 2002140 in_flight now 0 fair_inc 9938 prop_inc 55622 fast_inc 0 eta_inc 10728 multi_dec -0 quick_dec -0 nack_dec -74700
Flow Uec_680_71 flowId 217 uecSrc 216 finished at 229.426 total messages 1 total packets 490 RTS 0 total bytes 2002140 in_flight now 0 fair_inc 6669 prop_inc 47330 fast_inc 0 eta_inc 10728 multi_dec -0 quick_dec -0 nack_dec -58100
Flow Uec_865_283 flowId 70 uecSrc 69 finished at 229.475 total messages 1 total packets 490 RTS 0 total bytes 2002140 in_flight now 0 fair_inc 2869 prop_inc 46639 fast_inc 0 eta_inc 10728 multi_dec -1289 quick_dec -0 nack_dec -70550
Flow Uec_251_725 flowId 87 uecSrc 86 finished at 229.506 total messages 1 total packets 490 RTS 0 total bytes 2002140 in_flight now 0 fair_inc 11951 prop_inc 57149 fast_inc 0 eta_inc 10728 multi_dec -0 quick_dec -0 nack_dec -78850
Flow Uec_821_261 flowId 18 uecSrc 17 finished at 229.584 total messages 1 total packets 490 RTS 0 total bytes 2002140 in_flight now 0 fair_inc 3459 prop_inc 51802 fast_inc 0 eta_inc 10728 multi_dec -0 quick_dec -0 nack_dec -66400
Flow Uec_414_982 flowId 481 uecSrc 480 finished at 229.608 total messages 1 total packets 490 RTS 0 total bytes 2002140 in_flight now 0 fair_inc 4952 prop_inc 59258 fast_inc 0 eta_inc 10728 multi_dec -0 quick_dec -0 nack_dec -83000
Flow Uec_898_240 flowId 80 uecSrc 79 finished at 229.719 total messages 1 total packets 490 RTS 0 total bytes 2002140 in_flight now 0 fair_inc 8407 prop_inc 49827 fast_inc 0 eta_inc 10728 multi_dec -0 quick_dec -0 nack_dec -66400
Flow Uec_629_59 flowId 272 uecSrc 271 finished at 229.903 total messages 1 total packets 490 RTS 0 total bytes 2002140 in_flight now 0 fair_inc 3918 prop_inc 53374 fast_inc 0 eta_inc 10728 multi_dec -0 quick_dec -0 nack_dec -62250
Flow Uec_805_207 flowId 404 uecSrc 403 finished at 230.051 total messages 1 total packets 490 RTS 0 total bytes 2002140 in_flight now 0 fair_inc 5758 prop_inc 50143 fast_inc 0 eta_inc 10728 multi_dec -0 quick_dec -0 nack_dec -62250
Flow Uec_884_242 flowId 350 uecSrc 349 finished at 230.108 total messages 1 total packets 490 RTS 0 total bytes 2002140 in_flight now 0 fair_inc 1679 prop_inc 50603 fast_inc 0 eta_inc 10728 multi_dec -2537 quick_dec -0 nack_dec -62250
Flow Uec_849_291 flowId 94 uecSrc 93 finished at 230.182 total messages 1 total packets 490 RTS 0 total bytes 2002140 in_flight now 0 fair_inc 19534 prop_inc 40669 fast_inc 0 eta_inc 10728 multi_dec -0 quick_dec -0 nack_dec -62250
Flow Uec_841_285 flowId 88 uecSrc 87 finished at 230.207 total messages 1 total packets 490 RTS 0 total bytes 2002140 in_flight now 0 fair_inc 5207 prop_inc 53869 fast_inc 0 eta_inc 10728 multi_dec -0 quick_dec -0 nack_dec -74700
Flow Uec_839_238 flowId 527 uecSrc 526 finished at 230.411 total messages 1 total packets 490 RTS 0 total bytes 2002140 in_flight now 0 fair_inc 6771 prop_inc 49183 fast_inc 0 eta_inc 10728 multi_dec -0 quick_dec -0 nack_dec -78850
Flow Uec_728_109 flowId 251 uecSrc 250 finished at 230.452 total messages 1 total packets 490 RTS 0 total bytes 2002140 in_flight now 0 fair_inc 7750 prop_inc 59122 fast_inc 0 eta_inc 10728 multi_dec -0 quick_dec -0 nack_dec -74700
Flow Uec_675_87 flowId 264 uecSrc 263 finished at 230.505 total messages 1 total packets 490 RTS 0 total bytes 2002140 in_flight now 0 fair_inc 4777 prop_inc 66837 fast_inc 0 eta_inc 10728 multi_dec -0 quick_dec -0 nack_dec -74700
Flow Uec_829_298 flowId 11 uecSrc 10 finished at 230.803 total messages 1 total packets 490 RTS 0 total bytes 2002140 in_flight now 0 fair_inc 4407 prop_inc 47787 fast_inc 0 eta_inc 10728 multi_dec -2551 quick_dec -0 nack_dec -70550
Flow Uec_614_74 flowId 301 uecSrc 300 finished at 230.917 total messages 1 total packets 490 RTS 0 total bytes 2002140 in_flight now 0 fair_inc 10787 prop_inc 46325 fast_inc 0 eta_inc 10728 multi_dec -0 quick_dec -0 nack_dec -49800
Flow Uec_18_567 flowId 13 uecSrc 12 finished at 231.033 total messages 1 total packets 490 RTS 0 total bytes 2002140 in_flight now 0 fair_inc 12077 prop_inc 44121 fast_inc 0 eta_inc 10728 multi_dec -0 quick_dec -0 nack_dec -62250
Flow Uec_648_10 flowId 492 uecSrc 491 finished at 231.213 total messages 1 total packets 490 RTS 0 total bytes 2002140 in_flight now 0 fair_inc 4809 prop_inc 60648 fast_inc 0 eta_inc 10728 multi_dec -0 quick_dec -0 nack_dec -70550
Flow Uec_855_296 flowId 19 uecSrc 18 finished at 231.213 total messages 1 total packets 490 RTS 0 total bytes 2002140 in_flight now 0 fair_inc 14573 prop_inc 44708 fast_inc 0 eta_inc 10728 multi_dec -0 quick_dec -0 nack_dec -70550
Flow Uec_633_98 flowId 227 uecSrc 226 finished at 231.249 total messages 1 total packets 490 RTS 0 total bytes 2002140 in_flight now 0 fair_inc 5804 prop_inc 64157 fast_inc 0 eta_inc 10728 multi_dec -0 quick_dec -0 nack_dec -70550
Flow Uec_857_256 flowId 203 uecSrc 202 finished at 231.496 total messages 1 total packets 490 RTS 0 total bytes 2002140 in_flight now 0 fair_inc 10996 prop_inc 47278 fast_inc 0 eta_inc 10728 multi_dec -0 quick_dec -0 nack_dec -74700
Flow Uec_676_41 flowId 371 uecSrc 370 finished at 231.545 total messages 1 total packets 490 RTS 0 total bytes 2002140 in_flight now 0 fair_inc 3498 prop_inc 42796 fast_inc 0 eta_inc 10728 multi_dec -0 quick_dec -0 nack_dec -58100
Flow Uec_652_39 flowId 63 uecSrc 62 finished at 231.73 total messages 1 total packets 490 RTS 0 total bytes 2002140 in_flight now 0 fair_inc 4214 prop_inc 50549 fast_inc 0 eta_inc 10728 multi_dec -0 quick_dec -0 nack_dec -62250
Flow Uec_896_281 flowId 511 uecSrc 510 finished at 231.877 total messages 1 total packets 490 RTS 0 total bytes 2002140 in_flight now 0 fair_inc 7234 prop_inc 56450 fast_inc 0 eta_inc 10728 multi_dec -0 quick_dec -0 nack_dec -70550
Flow Uec_623_88 flowId 367 uecSrc 366 finished at 232.188 total messages 1 total packets 490 RTS 0 total bytes 2002140 in_flight now 0 fair_inc 6449 prop_inc 58932 fast_inc 0 eta_inc 10728 multi_dec -0 quick_dec -0 nack_dec -66400
Flow Uec_882_204 flowId 428 uecSrc 427 finished at 232.24 total messages 1 total packets 490 RTS 0 total bytes 2002140 in_flight now 0 fair_inc 9847 prop_inc 55505 fast_inc 0 eta_inc 10728 multi_dec -0 quick_dec -0 nack_dec -74700
Flow Uec_67_543 flowId 548 uecSrc 547 finished at 232.432 total messages 1 total packets 490 RTS 0 total bytes 2002140 in_flight now 0 fair_inc 14824 prop_inc 50119 fast_inc 0 eta_inc 10728 multi_dec -0 quick_dec -0 nack_dec -74700
Flow Uec_299_783 flowId 413 uecSrc 412 finished at 232.494 total messages 1 total packets 490 RTS 0 total bytes 2002140 in_flight now 0 fair_inc 14096 prop_inc 53198 fast_inc 0 eta_inc 10728 multi_dec -0 quick_dec -0 nack_dec -78850
Flow Uec_894_221 flowId 16 uecSrc 15 finished at 232.674 total messages 1 total packets 490 RTS 0 total bytes 2002140 in_flight now 0 fair_inc 9241 prop_inc 53991 fast_inc 0 eta_inc 10728 multi_dec -0 quick_dec -0 nack_dec -83000
Flow Uec_83_568 flowId 401 uecSrc 400 finished at 232.843 total messages 1 total packets 490 RTS 0 total bytes 2002140 in_flight now 0 fair_inc 17980 prop_inc 55997 fast_inc 0 eta_inc 10728 multi_dec -0 quick_dec -0 nack_dec -83000
Flow Uec_486_930 flowId 454 uecSrc 453 finished at 232.877 total messages 1 total packets 490 RTS 0 total bytes 2002140 in_flight now 0 fair_inc 9017 prop_inc 51370 fast_inc 0 eta_inc 10728 multi_dec -0 quick_dec -0 nack_dec -70550
Flow Uec_626_56 flowId 252 uecSrc 251 finished at 232.989 total messages 1 total packets 490 RTS 0 total bytes 2002140 in_flight now 0 fair_inc 7053 prop_inc 45469 fast_inc 0 eta_inc 10728 multi_dec -0 quick_dec -0 nack_dec -66400
Flow Uec_603_23 flowId 100 uecSrc 99 finished at 233.07 total messages 1 total packets 490 RTS 0 total bytes 2002140 in_flight now 0 fair_inc 915 prop_inc 61464 fast_inc 0 eta_inc 10728 multi_dec -0 quick_dec -0 nack_dec -78850
Flow Uec_811_266 flowId 117 uecSrc 116 finished at 233.126 total messages 1 total packets 490 RTS 0 total bytes 2002140 in_flight now 0 fair_inc 12271 prop_inc 38159 fast_inc 0 eta_inc 10728 multi_dec -0 quick_dec -0 nack_dec -58100
Flow Uec_837_282 flowId 345 uecSrc 344 finished at 233.568 total messages 1 total packets 490 RTS 0 total bytes 2002140 in_flight now 0 fair_inc 6378 prop_inc 44514 fast_inc 0 eta_inc 10728 multi_dec -0 quick_dec -0 nack_dec -66400
Flow Uec_861_239 flowId 191 uecSrc 190 finished at 234.455 total messages 1 total packets 490 RTS 0 total bytes 2002140 in_flight now 0 fair_inc 10971 prop_inc 65024 fast_inc 0 eta_inc 10728 multi_dec -0 quick_dec -0 nack_dec -83000
Flow Uec_856_255 flowId 363 uecSrc 362 finished at 234.533 total messages 1 total packets 490 RTS 0 total bytes 2002140 in_flight now 0 fair_inc 4503 prop_inc 57822 fast_inc 0 eta_inc 10728 multi_dec -0 quick_dec -0 nack_dec -83000
Flow Uec_660_1 flowId 501 uecSrc 500 finished at 235.23 total messages 1 total packets 490 RTS 0 total bytes 2002140 in_flight now 0 fair_inc 7220 prop_inc 46628 fast_inc 0 eta_inc 10728 multi_dec -0 quick_dec -0 nack_dec -66400
Flow Uec_661_5 flowId 226 uecSrc 225 finished at 235.367 total messages 1 total packets 490 RTS 0 total bytes 2002140 in_flight now 0 fair_inc 1398 prop_inc 54305 fast_inc 0 eta_inc 10728 multi_dec -0 quick_dec -0 nack_dec -70550
Flow Uec_897_269 flowId 420 uecSrc 419 finished at 235.529 total messages 1 total packets 490 RTS 0 total bytes 2002140 in_flight now 0 fair_inc 7464 prop_inc 59072 fast_inc 0 eta_inc 11324 multi_dec -0 quick_dec -0 nack_dec -70550
Flow Uec_853_241 flowId 360 uecSrc 359 finished at 235.56 total messages 1 total packets 490 RTS 0 total bytes 2002140 in_flight now 0 fair_inc 11331 prop_inc 45148 fast_inc 0 eta_inc 10728 multi_dec -0 quick_dec -0 nack_dec -78850
Flow Uec_878_288 flowId 64 uecSrc 63 finished at 236.167 total messages 1 total packets 490 RTS 0 total bytes 2002140 in_flight now 0 fair_inc 12162 prop_inc 47385 fast_inc 0 eta_inc 11324 multi_dec -0 quick_dec -0 nack_dec -83000
Flow Uec_25_571 flowId 235 uecSrc 234 finished at 236.672 total messages 1 total packets 490 RTS 0 total bytes 2002140 in_flight now 0 fair_inc 8415 prop_inc 63071 fast_inc 0 eta_inc 11324 multi_dec -0 quick_dec -0 nack_dec -87150
Flow Uec_610_14 flowId 254 uecSrc 253 finished at 237.005 total messages 1 total packets 490 RTS 0 total bytes 2002140 in_flight now 0 fair_inc 8918 prop_inc 45761 fast_inc 0 eta_inc 10728 multi_dec -0 quick_dec -0 nack_dec -70550
Flow Uec_880_219 flowId 55 uecSrc 54 finished at 237.082 total messages 1 total packets 490 RTS 0 total bytes 2002140 in_flight now 0 fair_inc 9172 prop_inc 69224 fast_inc 0 eta_inc 11324 multi_dec -0 quick_dec -0 nack_dec -99600
Flow Uec_866_210 flowId 448 uecSrc 447 finished at 237.189 total messages 1 total packets 490 RTS 0 total bytes 2002140 in_flight now 0 fair_inc 9770 prop_inc 58362 fast_inc 0 eta_inc 11324 multi_dec -0 quick_dec -0 nack_dec -87150
Flow Uec_818_278 flowId 143 uecSrc 142 finished at 237.281 total messages 1 total packets 490 RTS 0 total bytes 2002140 in_flight now 0 fair_inc 17109 prop_inc 37920 fast_inc 0 eta_inc 11324 multi_dec -0 quick_dec -0 nack_dec -62250
Flow Uec_406_931 flowId 497 uecSrc 496 finished at 237.525 total messages 1 total packets 490 RTS 0 total bytes 2002140 in_flight now 0 fair_inc 13233 prop_inc 39674 fast_inc 0 eta_inc 10728 multi_dec -0 quick_dec -0 nack_dec -66400
Flow Uec_817_262 flowId 338 uecSrc 337 finished at 237.613 total messages 1 total packets 490 RTS 0 total bytes 2002140 in_flight now 0 fair_inc 13321 prop_inc 41414 fast_inc 0 eta_inc 11324 multi_dec -0 quick_dec -0 nack_dec -66400
Flow Uec_800_231 flowId 41 uecSrc 40 finished at 237.94 total messages 1 total packets 490 RTS 0 total bytes 2002140 in_flight now 0 fair_inc 4289 prop_inc 61871 fast_inc 0 eta_inc 10728 multi_dec -0 quick_dec -0 nack_dec -83000
Flow Uec_863_222 flowId 335 uecSrc 334 finished at 238.149 total messages 1 total packets 490 RTS 0 total bytes 2002140 in_flight now 0 fair_inc 8297 prop_inc 59140 fast_inc 0 eta_inc 11324 multi_dec -0 quick_dec -0 nack_dec -91300
Flow Uec_854_213 flowId 269 uecSrc 268 finished at 238.649 total messages 1 total packets 490 RTS 0 total bytes 2002140 in_flight now 0 fair_inc 11165 prop_inc 47329 fast_inc 0 eta_inc 11324 multi_dec -0 quick_dec -0 nack_dec -78850
Flow Uec_895_247 flowId 239 uecSrc 238 finished at 238.986 total messages 1 total packets 490 RTS 0 total bytes 2002140 in_flight now 0 fair_inc 14052 prop_inc 39213 fast_inc 0 eta_inc 10728 multi_dec -0 quick_dec -0 nack_dec -70550
Flow Uec_827_252 flowId 2 uecSrc 1 finished at 239.041 total messages 1 total packets 490 RTS 0 total bytes 2002140 in_flight now 0 fair_inc 8339 prop_inc 58890 fast_inc 0 eta_inc 10728 multi_dec -0 quick_dec -0 nack_dec -87150
Flow Uec_814_201 flowId 498 uecSrc 497 finished at 239.081 total messages 1 total packets 490 RTS 0 total bytes 2002140 in_flight now 0 fair_inc 12091 prop_inc 46651 fast_inc 0 eta_inc 11324 multi_dec -0 quick_dec -0 nack_dec -74700
Flow Uec_20_579 flowId 102 uecSrc 101 finished at 239.097 total messages 1 total packets 490 RTS 0 total bytes 2002140 in_flight now 0 fair_inc 4647 prop_inc 59631 fast_inc 0 eta_inc 11324 multi_dec -0 quick_dec -0 nack_dec -83000
Flow Uec_834_205 flowId 463 uecSrc 462 finished at 239.103 total messages 1 total packets 490 RTS 0 total bytes 2002140 in_flight now 0 fair_inc 13526 prop_inc 47735 fast_inc 0 eta_inc 11324 multi_dec -0 quick_dec -0 nack_dec -78850
Flow Uec_668_86 flowId 340 uecSrc 339 finished at 239.631 total messages 1 total packets 490 RTS 0 total bytes 2002140 in_flight now 0 fair_inc 3748 prop_inc 49915 fast_inc 0 eta_inc 10728 multi_dec -0 quick_dec -0 nack_dec -70550
Flow Uec_892_244 flowId 249 uecSrc 248 finished at 240.068 total messages 1 total packets 490 RTS 0 total bytes 2002140 in_flight now 0 fair_inc 11757 prop_inc 41767 fast_inc 0 eta_inc 11324 multi_dec -21928 quick_dec -0 nack_dec -66400
Flow Uec_873_209 flowId 130 uecSrc 129 finished at 241.782 total messages 1 total packets 490 RTS 0 total bytes 2002140 in_flight now 0 fair_inc 13585 prop_inc 44521 fast_inc 0 eta_inc 11324 multi_dec -0 quick_dec -0 nack_dec -74700
Flow Uec_810_272 flowId 337 uecSrc 336 finished at 241.983 total messages 1 total packets 490 RTS 0 total bytes 2002140 in_flight now 0 fair_inc 17051 prop_inc 44289 fast_inc 0 eta_inc 11324 multi_dec -0 quick_dec -0 nack_dec -70550
Flow Uec_844_226 flowId 317 uecSrc 316 finished at 242.348 total messages 1 total packets 490 RTS 0 total bytes 2002140 in_flight now 0 fair_inc 9443 prop_inc 40602 fast_inc 0 eta_inc 11324 multi_dec -0 quick_dec -0 nack_dec -66400
Flow Uec_859_270 flowId 332 uecSrc 331 finished at 246.156 total messages 1 total packets 490 RTS 0 total bytes 2002140 in_flight now 0 fair_inc 10477 prop_inc 61356 fast_inc 0 eta_inc 11920 multi_dec -0 quick_dec -0 nack_dec -91300
Flow Uec_816_257 flowId 271 uecSrc 270 finished at 246.212 total messages 1 total packets 490 RTS 0 total bytes 2002140 in_flight now 0 fair_inc 12727 prop_inc 43026 fast_inc 0 eta_inc 11920 multi_dec -0 quick_dec -0 nack_dec -70550
Flow Uec_807_264 flowId 103 uecSrc 102 finished at 246.962 total messages 1 total packets 490 RTS 0 total bytes 2002140 in_flight now 0 fair_inc 9862 prop_inc 53126 fast_inc 0 eta_inc 11920 multi_dec -0 quick_dec -0 nack_dec -83000
Flow Uec_851_248 flowId 154 uecSrc 153 finished at 247.2 total messages 1 total packets 490 RTS 0 total bytes 2002140 in_flight now 0 fair_inc 9867 prop_inc 59400 fast_inc 0 eta_inc 11324 multi_dec -0 quick_dec -0 nack_dec -91300
Flow Uec_845_250 flowId 434 uecSrc 433 finished at 247.203 total messages 1 total packets 490 RTS 0 total bytes 2002140 in_flight now 0 fair_inc 11319 prop_inc 57836 fast_inc 0 eta_inc 11920 multi_dec -0 quick_dec -0 nack_dec -91300
Flow Uec_813_214 flowId 305 uecSrc 304 finished at 248.891 total messages 1 total packets 490 RTS 0 total bytes 2002140 in_flight now 0 fair_inc 13456 prop_inc 61678 fast_inc 0 eta_inc 11324 multi_dec -0 quick_dec -0 nack_dec -103750
Flow Uec_812_279 flowId 444 uecSrc 443 finished at 253.373 total messages 1 total packets 490 RTS 0 total bytes 2002140 in_flight now 0 fair_inc 8342 prop_inc 65814 fast_inc 0 eta_inc 11324 multi_dec -0 quick_dec -0 nack_dec -99600
Flow Uec_801_237 flowId 122 uecSrc 121 finished at 260.571 total messages 1 total packets 490 RTS 0 total bytes 2002140 in_flight now 0 fair_inc 5895 prop_inc 65693 fast_inc 0 eta_inc 11920 multi_dec -0 quick_dec -0 nack_dec -99600
.Done
New: 269500 Rtx: 7151 RTS: 0 Bounced: 0 ACKs: 108535 NACKs: 7151 Pulls: 0 sleek_pkts: 0
