Load balancing algorithm set to reps
no_of_nodes 3600
Dragonfly+ strategy: REPS_DFP
Setting queuesize to 50 packets
endtime(us) 100000
random seed 5
Using generated Dragonfly+ tornado traffic instead of -tm
Tornado active connections 360
Tornado flow size 2000000 bytes
Forcing per-hop RTT normalization OFF regardless of strategy.
REPS partition entropy enabled.
Packet size (MTU) is 4150
Parsed args
Logging to sweep_hopnorm_isolation3600nodes/runs/tornado_reps_dfp_no_hopnorm_load0.10_fs2000000_seed5.dat
Setting ECN low 33200 high 120350
Dragonfly+ with medium topology type
Link latencies: 1 and switch latencies: 0
queue_id 2 ecn_low 33200 ecn_high 120350
DragonFly+ constructor done, 3600 nodes created
Generating tornado connection matrix: python3 connection_matrices/gen_tornado_dfp.py /tmp/dfp_tornado_23658.cm 3600 360 2000000 0.0 5 15 15
Nodes:  3600
Connections:  360
Flowsize:  2000000 bytes
ExtraStartTime:  0.0 us
Random Seed  5
Dragonfly+ p= 15 l= 15
group_size=225  no_groups=16  opposite group offset=8
Loading generated tornado connection matrix from /tmp/dfp_tornado_23658.cm
Nodes: 3600 Connections: 360 Triggers: 0 Failures: 0
network_max_unloaded_rtt 11.6856 us
Setting min RTO to 114.6
Per-hop RTT normalization: OFF (strategy reps_dfp)
Initializing static NSCC parameters: _reference_network_linkspeed=100000000000 _reference_network_rtt=12000000 _reference_network_bdp=150000 _target_Qdelay=8764200 _network_linkspeed=100000000000 _network_rtt=11685600 _network_bdp=146070 _qa_gate=2^3 _qa_threshold=3.50568e+07 _scaling_factor_a=0.9738 _scaling_factor_b=0.73035 _alpha=0.00132632 _fi=19894.7 _eta=596.842 _qa_scaling=1 _gamma=0.8 _fi_scale=0.24345 _delay_alpha=0.0125 _adjust_period_threshold=11685600 _adjust_bytes_threshold=33200
Initialize per-instance NSCC parameters: flowid 1 _base_rtt=11685600 _base_bdp=146070 _bdp=146070 _min_cwnd=4150 _maxwnd=219105 _cwnd=219105
Initialize per-instance NSCC parameters: flowid 2 _base_rtt=11685600 _base_bdp=146070 _bdp=146070 _min_cwnd=4150 _maxwnd=219105 _cwnd=219105
Initialize per-instance NSCC parameters: flowid 3 _base_rtt=11685600 _base_bdp=146070 _bdp=146070 _min_cwnd=4150 _maxwnd=219105 _cwnd=219105
Initialize per-instance NSCC parameters: flowid 4 _base_rtt=11685600 _base_bdp=146070 _bdp=146070 _min_cwnd=4150 _maxwnd=219105 _cwnd=219105
Initialize per-instance NSCC parameters: flowid 5 _base_rtt=11685600 _base_bdp=146070 _bdp=146070 _min_cwnd=4150 _maxwnd=219105 _cwnd=219105
Initialize per-instance NSCC parameters: flowid 6 _base_rtt=11685600 _base_bdp=146070 _bdp=146070 _min_cwnd=4150 _maxwnd=219105 _cwnd=219105
Initialize per-instance NSCC parameters: flowid 7 _base_rtt=11685600 _base_bdp=146070 _bdp=146070 _min_cwnd=4150 _maxwnd=219105 _cwnd=219105
Initialize per-instance NSCC parameters: flowid 8 _base_rtt=11685600 _base_bdp=146070 _bdp=146070 _min_cwnd=4150 _maxwnd=219105 _cwnd=219105
Initialize per-instance NSCC parameters: flowid 9 _base_rtt=11685600 _base_bdp=146070 _bdp=146070 _min_cwnd=4150 _maxwnd=219105 _cwnd=219105
Initialize per-instance NSCC parameters: flowid 10 _base_rtt=11685600 _base_bdp=146070 _bdp=146070 _min_cwnd=4150 _maxwnd=219105 _cwnd=219105
Initialize per-instance NSCC parameters: flowid 11 _base_rtt=11685600 _base_bdp=146070 _bdp=146070 _min_cwnd=4150 _maxwnd=219105 _cwnd=219105
Initialize per-instance NSCC parameters: flowid 12 _base_rtt=11685600 _base_bdp=146070 _bdp=146070 _min_cwnd=4150 _maxwnd=219105 _cwnd=219105
Initialize per-instance NSCC parameters: flowid 13 _base_rtt=11685600 _base_bdp=146070 _bdp=146070 _min_cwnd=4150 _maxwnd=219105 _cwnd=219105
Initialize per-instance NSCC parameters: flowid 14 _base_rtt=11685600 _base_bdp=146070 _bdp=146070 _min_cwnd=4150 _maxwnd=219105 _cwnd=219105
Initialize per-instance NSCC parameters: flowid 15 _base_rtt=11685600 _base_bdp=146070 _bdp=146070 _min_cwnd=4150 _maxwnd=219105 _cwnd=219105
Initialize per-instance NSCC parameters: flowid 16 _base_rtt=11685600 _base_bdp=146070 _bdp=146070 _min_cwnd=4150 _maxwnd=219105 _cwnd=219105
Initialize per-instance NSCC parameters: flowid 17 _base_rtt=11685600 _base_bdp=146070 _bdp=146070 _min_cwnd=4150 _maxwnd=219105 _cwnd=219105
Initialize per-instance NSCC parameters: flowid 18 _base_rtt=11685600 _base_bdp=146070 _bdp=146070 _min_cwnd=4150 _maxwnd=219105 _cwnd=219105
Initialize per-instance NSCC parameters: flowid 19 _base_rtt=11685600 _base_bdp=146070 _bdp=146070 _min_cwnd=4150 _maxwnd=219105 _cwnd=219105
Initialize per-instance NSCC parameters: flowid 20 _base_rtt=11685600 _base_bdp=146070 _bdp=146070 _min_cwnd=4150 _maxwnd=219105 _cwnd=219105
Initialize per-instance NSCC parameters: flowid 21 _base_rtt=11685600 _base_bdp=146070 _bdp=146070 _min_cwnd=4150 _maxwnd=219105 _cwnd=219105
Initialize per-instance NSCC parameters: flowid 22 _base_rtt=11685600 _base_bdp=146070 _bdp=146070 _min_cwnd=4150 _maxwnd=219105 _cwnd=219105
Initialize per-instance NSCC parameters: flowid 23 _base_rtt=11685600 _base_bdp=146070 _bdp=146070 _min_cwnd=4150 _maxwnd=219105 _cwnd=219105
Initialize per-instance NSCC parameters: flowid 24 _base_rtt=11685600 _base_bdp=146070 _bdp=146070 _min_cwnd=4150 _maxwnd=219105 _cwnd=219105
Initialize per-instance NSCC parameters: flowid 25 _base_rtt=11685600 _base_bdp=146070 _bdp=146070 _min_cwnd=4150 _maxwnd=219105 _cwnd=219105
Initialize per-instance NSCC parameters: flowid 26 _base_rtt=11685600 _base_bdp=146070 _bdp=146070 _min_cwnd=4150 _maxwnd=219105 _cwnd=219105
Initialize per-instance NSCC parameters: flowid 27 _base_rtt=11685600 _base_bdp=146070 _bdp=146070 _min_cwnd=4150 _maxwnd=219105 _cwnd=219105
Initialize per-instance NSCC parameters: flowid 28 _base_rtt=11685600 _base_bdp=146070 _bdp=146070 _min_cwnd=4150 _maxwnd=219105 _cwnd=219105
Initialize per-instance NSCC parameters: flowid 29 _base_rtt=11685600 _base_bdp=146070 _bdp=146070 _min_cwnd=4150 _maxwnd=219105 _cwnd=219105
Initialize per-instance NSCC parameters: flowid 30 _base_rtt=11685600 _base_bdp=146070 _bdp=146070 _min_cwnd=4150 _maxwnd=219105 _cwnd=219105
Initialize per-instance NSCC parameters: flowid 31 _base_rtt=11685600 _base_bdp=146070 _bdp=146070 _min_cwnd=4150 _maxwnd=219105 _cwnd=219105
Initialize per-instance NSCC parameters: flowid 32 _base_rtt=11685600 _base_bdp=146070 _bdp=146070 _min_cwnd=4150 _maxwnd=219105 _cwnd=219105
Initialize per-instance NSCC parameters: flowid 33 _base_rtt=11685600 _base_bdp=146070 _bdp=146070 _min_cwnd=4150 _maxwnd=219105 _cwnd=219105
Initialize per-instance NSCC parameters: flowid 34 _base_rtt=11685600 _base_bdp=146070 _bdp=146070 _min_cwnd=4150 _maxwnd=219105 _cwnd=219105
Initialize per-instance NSCC parameters: flowid 35 _base_rtt=11685600 _base_bdp=146070 _bdp=146070 _min_cwnd=4150 _maxwnd=219105 _cwnd=219105
Initialize per-instance NSCC parameters: flowid 36 _base_rtt=11685600 _base_bdp=146070 _bdp=146070 _min_cwnd=4150 _maxwnd=219105 _cwnd=219105
Initialize per-instance NSCC parameters: flowid 37 _base_rtt=11685600 _base_bdp=146070 _bdp=146070 _min_cwnd=4150 _maxwnd=219105 _cwnd=219105
Initialize per-instance NSCC parameters: flowid 38 _base_rtt=11685600 _base_bdp=146070 _bdp=146070 _min_cwnd=4150 _maxwnd=219105 _cwnd=219105
Initialize per-instance NSCC parameters: flowid 39 _base_rtt=11685600 _base_bdp=146070 _bdp=146070 _min_cwnd=4150 _maxwnd=219105 _cwnd=219105
Initialize per-instance NSCC parameters: flowid 40 _base_rtt=11685600 _base_bdp=146070 _bdp=146070 _min_cwnd=4150 _maxwnd=219105 _cwnd=219105
Initialize per-instance NSCC parameters: flowid 41 _base_rtt=11685600 _base_bdp=146070 _bdp=146070 _min_cwnd=4150 _maxwnd=219105 _cwnd=219105
Initialize per-instance NSCC parameters: flowid 42 _base_rtt=11685600 _base_bdp=146070 _bdp=146070 _min_cwnd=4150 _maxwnd=219105 _cwnd=219105
Initialize per-instance NSCC parameters: flowid 43 _base_rtt=11685600 _base_bdp=146070 _bdp=146070 _min_cwnd=4150 _maxwnd=219105 _cwnd=219105
Initialize per-instance NSCC parameters: flowid 44 _base_rtt=11685600 _base_bdp=146070 _bdp=146070 _min_cwnd=4150 _maxwnd=219105 _cwnd=219105
Initialize per-instance NSCC parameters: flowid 45 _base_rtt=11685600 _base_bdp=146070 _bdp=146070 _min_cwnd=4150 _maxwnd=219105 _cwnd=219105
Initialize per-instance NSCC parameters: flowid 46 _base_rtt=11685600 _base_bdp=146070 _bdp=146070 _min_cwnd=4150 _maxwnd=219105 _cwnd=219105
Initialize per-instance NSCC parameters: flowid 47 _base_rtt=11685600 _base_bdp=146070 _bdp=146070 _min_cwnd=4150 _maxwnd=219105 _cwnd=219105
Initialize per-instance NSCC parameters: flowid 48 _base_rtt=11685600 _base_bdp=146070 _bdp=146070 _min_cwnd=4150 _maxwnd=219105 _cwnd=219105
Initialize per-instance NSCC parameters: flowid 49 _base_rtt=11685600 _base_bdp=146070 _bdp=146070 _min_cwnd=4150 _maxwnd=219105 _cwnd=219105
Initialize per-instance NSCC parameters: flowid 50 _base_rtt=11685600 _base_bdp=146070 _bdp=146070 _min_cwnd=4150 _maxwnd=219105 _cwnd=219105
Initialize per-instance NSCC parameters: flowid 51 _base_rtt=11685600 _base_bdp=146070 _bdp=146070 _min_cwnd=4150 _maxwnd=219105 _cwnd=219105
Initialize per-instance NSCC parameters: flowid 52 _base_rtt=11685600 _base_bdp=146070 _bdp=146070 _min_cwnd=4150 _maxwnd=219105 _cwnd=219105
Initialize per-instance NSCC parameters: flowid 53 _base_rtt=11685600 _base_bdp=146070 _bdp=146070 _min_cwnd=4150 _maxwnd=219105 _cwnd=219105
Initialize per-instance NSCC parameters: flowid 54 _base_rtt=11685600 _base_bdp=146070 _bdp=146070 _min_cwnd=4150 _maxwnd=219105 _cwnd=219105
Initialize per-instance NSCC parameters: flowid 55 _base_rtt=11685600 _base_bdp=146070 _bdp=146070 _min_cwnd=4150 _maxwnd=219105 _cwnd=219105
Initialize per-instance NSCC parameters: flowid 56 _base_rtt=11685600 _base_bdp=146070 _bdp=146070 _min_cwnd=4150 _maxwnd=219105 _cwnd=219105
Initialize per-instance NSCC parameters: flowid 57 _base_rtt=11685600 _base_bdp=146070 _bdp=146070 _min_cwnd=4150 _maxwnd=219105 _cwnd=219105
Initialize per-instance NSCC parameters: flowid 58 _base_rtt=11685600 _base_bdp=146070 _bdp=146070 _min_cwnd=4150 _maxwnd=219105 _cwnd=219105
Initialize per-instance NSCC parameters: flowid 59 _base_rtt=11685600 _base_bdp=146070 _bdp=146070 _min_cwnd=4150 _maxwnd=219105 _cwnd=219105
Initialize per-instance NSCC parameters: flowid 60 _base_rtt=11685600 _base_bdp=146070 _bdp=146070 _min_cwnd=4150 _maxwnd=219105 _cwnd=219105
Initialize per-instance NSCC parameters: flowid 61 _base_rtt=11685600 _base_bdp=146070 _bdp=146070 _min_cwnd=4150 _maxwnd=219105 _cwnd=219105
Initialize per-instance NSCC parameters: flowid 62 _base_rtt=11685600 _base_bdp=146070 _bdp=146070 _min_cwnd=4150 _maxwnd=219105 _cwnd=219105
Initialize per-instance NSCC parameters: flowid 63 _base_rtt=11685600 _base_bdp=146070 _bdp=146070 _min_cwnd=4150 _maxwnd=219105 _cwnd=219105
Initialize per-instance NSCC parameters: flowid 64 _base_rtt=11685600 _base_bdp=146070 _bdp=146070 _min_cwnd=4150 _maxwnd=219105 _cwnd=219105
Initialize per-instance NSCC parameters: flowid 65 _base_rtt=11685600 _base_bdp=146070 _bdp=146070 _min_cwnd=4150 _maxwnd=219105 _cwnd=219105
Initialize per-instance NSCC parameters: flowid 66 _base_rtt=11685600 _base_bdp=146070 _bdp=146070 _min_cwnd=4150 _maxwnd=219105 _cwnd=219105
Initialize per-instance NSCC parameters: flowid 67 _base_rtt=11685600 _base_bdp=146070 _bdp=146070 _min_cwnd=4150 _maxwnd=219105 _cwnd=219105
Initialize per-instance NSCC parameters: flowid 68 _base_rtt=11685600 _base_bdp=146070 _bdp=146070 _min_cwnd=4150 _maxwnd=219105 _cwnd=219105
Initialize per-instance NSCC parameters: flowid 69 _base_rtt=11685600 _base_bdp=146070 _bdp=146070 _min_cwnd=4150 _maxwnd=219105 _cwnd=219105
Initialize per-instance NSCC parameters: flowid 70 _base_rtt=11685600 _base_bdp=146070 _bdp=146070 _min_cwnd=4150 _maxwnd=219105 _cwnd=219105
Initialize per-instance NSCC parameters: flowid 71 _base_rtt=11685600 _base_bdp=146070 _bdp=146070 _min_cwnd=4150 _maxwnd=219105 _cwnd=219105
Initialize per-instance NSCC parameters: flowid 72 _base_rtt=11685600 _base_bdp=146070 _bdp=146070 _min_cwnd=4150 _maxwnd=219105 _cwnd=219105
Initialize per-instance NSCC parameters: flowid 73 _base_rtt=11685600 _base_bdp=146070 _bdp=146070 _min_cwnd=4150 _maxwnd=219105 _cwnd=219105
Initialize per-instance NSCC parameters: flowid 74 _base_rtt=11685600 _base_bdp=146070 _bdp=146070 _min_cwnd=4150 _maxwnd=219105 _cwnd=219105
Initialize per-instance NSCC parameters: flowid 75 _base_rtt=11685600 _base_bdp=146070 _bdp=146070 _min_cwnd=4150 _maxwnd=219105 _cwnd=219105
Initialize per-instance NSCC parameters: flowid 76 _base_rtt=11685600 _base_bdp=146070 _bdp=146070 _min_cwnd=4150 _maxwnd=219105 _cwnd=219105
Initialize per-instance NSCC parameters: flowid 77 _base_rtt=11685600 _base_bdp=146070 _bdp=146070 _min_cwnd=4150 _maxwnd=219105 _cwnd=219105
Initialize per-instance NSCC parameters: flowid 78 _base_rtt=11685600 _base_bdp=146070 _bdp=146070 _min_cwnd=4150 _maxwnd=219105 _cwnd=219105
Initialize per-instance NSCC parameters: flowid 79 _base_rtt=11685600 _base_bdp=146070 _bdp=146070 _min_cwnd=4150 _maxwnd=219105 _cwnd=219105
Initialize per-instance NSCC parameters: flowid 80 _base_rtt=11685600 _base_bdp=146070 _bdp=146070 _min_cwnd=4150 _maxwnd=219105 _cwnd=219105
Initialize per-instance NSCC parameters: flowid 81 _base_rtt=11685600 _base_bdp=146070 _bdp=146070 _min_cwnd=4150 _maxwnd=219105 _cwnd=219105
Initialize per-instance NSCC parameters: flowid 82 _base_rtt=11685600 _base_bdp=146070 _bdp=146070 _min_cwnd=4150 _maxwnd=219105 _cwnd=219105
Initialize per-instance NSCC parameters: flowid 83 _base_rtt=11685600 _base_bdp=146070 _bdp=146070 _min_cwnd=4150 _maxwnd=219105 _cwnd=219105
Initialize per-instance NSCC parameters: flowid 84 _base_rtt=11685600 _base_bdp=146070 _bdp=146070 _min_cwnd=4150 _maxwnd=219105 _cwnd=219105
Initialize per-instance NSCC parameters: flowid 85 _base_rtt=11685600 _base_bdp=146070 _bdp=146070 _min_cwnd=4150 _maxwnd=219105 _cwnd=219105
Initialize per-instance NSCC parameters: flowid 86 _base_rtt=11685600 _base_bdp=146070 _bdp=146070 _min_cwnd=4150 _maxwnd=219105 _cwnd=219105
Initialize per-instance NSCC parameters: flowid 87 _base_rtt=11685600 _base_bdp=146070 _bdp=146070 _min_cwnd=4150 _maxwnd=219105 _cwnd=219105
Initialize per-instance NSCC parameters: flowid 88 _base_rtt=11685600 _base_bdp=146070 _bdp=146070 _min_cwnd=4150 _maxwnd=219105 _cwnd=219105
Initialize per-instance NSCC parameters: flowid 89 _base_rtt=11685600 _base_bdp=146070 _bdp=146070 _min_cwnd=4150 _maxwnd=219105 _cwnd=219105
Initialize per-instance NSCC parameters: flowid 90 _base_rtt=11685600 _base_bdp=146070 _bdp=146070 _min_cwnd=4150 _maxwnd=219105 _cwnd=219105
Initialize per-instance NSCC parameters: flowid 91 _base_rtt=11685600 _base_bdp=146070 _bdp=146070 _min_cwnd=4150 _maxwnd=219105 _cwnd=219105
Initialize per-instance NSCC parameters: flowid 92 _base_rtt=11685600 _base_bdp=146070 _bdp=146070 _min_cwnd=4150 _maxwnd=219105 _cwnd=219105
Initialize per-instance NSCC parameters: flowid 93 _base_rtt=11685600 _base_bdp=146070 _bdp=146070 _min_cwnd=4150 _maxwnd=219105 _cwnd=219105
Initialize per-instance NSCC parameters: flowid 94 _base_rtt=11685600 _base_bdp=146070 _bdp=146070 _min_cwnd=4150 _maxwnd=219105 _cwnd=219105
Initialize per-instance NSCC parameters: flowid 95 _base_rtt=11685600 _base_bdp=146070 _bdp=146070 _min_cwnd=4150 _maxwnd=219105 _cwnd=219105
Initialize per-instance NSCC parameters: flowid 96 _base_rtt=11685600 _base_bdp=146070 _bdp=146070 _min_cwnd=4150 _maxwnd=219105 _cwnd=219105
Initialize per-instance NSCC parameters: flowid 97 _base_rtt=11685600 _base_bdp=146070 _bdp=146070 _min_cwnd=4150 _maxwnd=219105 _cwnd=219105
Initialize per-instance NSCC parameters: flowid 98 _base_rtt=11685600 _base_bdp=146070 _bdp=146070 _min_cwnd=4150 _maxwnd=219105 _cwnd=219105
Initialize per-instance NSCC parameters: flowid 99 _base_rtt=11685600 _base_bdp=146070 _bdp=146070 _min_cwnd=4150 _maxwnd=219105 _cwnd=219105
Initialize per-instance NSCC parameters: flowid 100 _base_rtt=11685600 _base_bdp=146070 _bdp=146070 _min_cwnd=4150 _maxwnd=219105 _cwnd=219105
Initialize per-instance NSCC parameters: flowid 101 _base_rtt=11685600 _base_bdp=146070 _bdp=146070 _min_cwnd=4150 _maxwnd=219105 _cwnd=219105
Initialize per-instance NSCC parameters: flowid 102 _base_rtt=11685600 _base_bdp=146070 _bdp=146070 _min_cwnd=4150 _maxwnd=219105 _cwnd=219105
Initialize per-instance NSCC parameters: flowid 103 _base_rtt=11685600 _base_bdp=146070 _bdp=146070 _min_cwnd=4150 _maxwnd=219105 _cwnd=219105
Initialize per-instance NSCC parameters: flowid 104 _base_rtt=11685600 _base_bdp=146070 _bdp=146070 _min_cwnd=4150 _maxwnd=219105 _cwnd=219105
Initialize per-instance NSCC parameters: flowid 105 _base_rtt=11685600 _base_bdp=146070 _bdp=146070 _min_cwnd=4150 _maxwnd=219105 _cwnd=219105
Initialize per-instance NSCC parameters: flowid 106 _base_rtt=11685600 _base_bdp=146070 _bdp=146070 _min_cwnd=4150 _maxwnd=219105 _cwnd=219105
Initialize per-instance NSCC parameters: flowid 107 _base_rtt=11685600 _base_bdp=146070 _bdp=146070 _min_cwnd=4150 _maxwnd=219105 _cwnd=219105
Initialize per-instance NSCC parameters: flowid 108 _base_rtt=11685600 _base_bdp=146070 _bdp=146070 _min_cwnd=4150 _maxwnd=219105 _cwnd=219105
Initialize per-instance NSCC parameters: flowid 109 _base_rtt=11685600 _base_bdp=146070 _bdp=146070 _min_cwnd=4150 _maxwnd=219105 _cwnd=219105
Initialize per-instance NSCC parameters: flowid 110 _base_rtt=11685600 _base_bdp=146070 _bdp=146070 _min_cwnd=4150 _maxwnd=219105 _cwnd=219105
Initialize per-instance NSCC parameters: flowid 111 _base_rtt=11685600 _base_bdp=146070 _bdp=146070 _min_cwnd=4150 _maxwnd=219105 _cwnd=219105
Initialize per-instance NSCC parameters: flowid 112 _base_rtt=11685600 _base_bdp=146070 _bdp=146070 _min_cwnd=4150 _maxwnd=219105 _cwnd=219105
Initialize per-instance NSCC parameters: flowid 113 _base_rtt=11685600 _base_bdp=146070 _bdp=146070 _min_cwnd=4150 _maxwnd=219105 _cwnd=219105
Initialize per-instance NSCC parameters: flowid 114 _base_rtt=11685600 _base_bdp=146070 _bdp=146070 _min_cwnd=4150 _maxwnd=219105 _cwnd=219105
Initialize per-instance NSCC parameters: flowid 115 _base_rtt=11685600 _base_bdp=146070 _bdp=146070 _min_cwnd=4150 _maxwnd=219105 _cwnd=219105
Initialize per-instance NSCC parameters: flowid 116 _base_rtt=11685600 _base_bdp=146070 _bdp=146070 _min_cwnd=4150 _maxwnd=219105 _cwnd=219105
Initialize per-instance NSCC parameters: flowid 117 _base_rtt=11685600 _base_bdp=146070 _bdp=146070 _min_cwnd=4150 _maxwnd=219105 _cwnd=219105
Initialize per-instance NSCC parameters: flowid 118 _base_rtt=11685600 _base_bdp=146070 _bdp=146070 _min_cwnd=4150 _maxwnd=219105 _cwnd=219105
Initialize per-instance NSCC parameters: flowid 119 _base_rtt=11685600 _base_bdp=146070 _bdp=146070 _min_cwnd=4150 _maxwnd=219105 _cwnd=219105
Initialize per-instance NSCC parameters: flowid 120 _base_rtt=11685600 _base_bdp=146070 _bdp=146070 _min_cwnd=4150 _maxwnd=219105 _cwnd=219105
Initialize per-instance NSCC parameters: flowid 121 _base_rtt=11685600 _base_bdp=146070 _bdp=146070 _min_cwnd=4150 _maxwnd=219105 _cwnd=219105
Initialize per-instance NSCC parameters: flowid 122 _base_rtt=11685600 _base_bdp=146070 _bdp=146070 _min_cwnd=4150 _maxwnd=219105 _cwnd=219105
Initialize per-instance NSCC parameters: flowid 123 _base_rtt=11685600 _base_bdp=146070 _bdp=146070 _min_cwnd=4150 _maxwnd=219105 _cwnd=219105
Initialize per-instance NSCC parameters: flowid 124 _base_rtt=11685600 _base_bdp=146070 _bdp=146070 _min_cwnd=4150 _maxwnd=219105 _cwnd=219105
Initialize per-instance NSCC parameters: flowid 125 _base_rtt=11685600 _base_bdp=146070 _bdp=146070 _min_cwnd=4150 _maxwnd=219105 _cwnd=219105
Initialize per-instance NSCC parameters: flowid 126 _base_rtt=11685600 _base_bdp=146070 _bdp=146070 _min_cwnd=4150 _maxwnd=219105 _cwnd=219105
Initialize per-instance NSCC parameters: flowid 127 _base_rtt=11685600 _base_bdp=146070 _bdp=146070 _min_cwnd=4150 _maxwnd=219105 _cwnd=219105
Initialize per-instance NSCC parameters: flowid 128 _base_rtt=11685600 _base_bdp=146070 _bdp=146070 _min_cwnd=4150 _maxwnd=219105 _cwnd=219105
Initialize per-instance NSCC parameters: flowid 129 _base_rtt=11685600 _base_bdp=146070 _bdp=146070 _min_cwnd=4150 _maxwnd=219105 _cwnd=219105
Initialize per-instance NSCC parameters: flowid 130 _base_rtt=11685600 _base_bdp=146070 _bdp=146070 _min_cwnd=4150 _maxwnd=219105 _cwnd=219105
Initialize per-instance NSCC parameters: flowid 131 _base_rtt=11685600 _base_bdp=146070 _bdp=146070 _min_cwnd=4150 _maxwnd=219105 _cwnd=219105
Initialize per-instance NSCC parameters: flowid 132 _base_rtt=11685600 _base_bdp=146070 _bdp=146070 _min_cwnd=4150 _maxwnd=219105 _cwnd=219105
Initialize per-instance NSCC parameters: flowid 133 _base_rtt=11685600 _base_bdp=146070 _bdp=146070 _min_cwnd=4150 _maxwnd=219105 _cwnd=219105
Initialize per-instance NSCC parameters: flowid 134 _base_rtt=11685600 _base_bdp=146070 _bdp=146070 _min_cwnd=4150 _maxwnd=219105 _cwnd=219105
Initialize per-instance NSCC parameters: flowid 135 _base_rtt=11685600 _base_bdp=146070 _bdp=146070 _min_cwnd=4150 _maxwnd=219105 _cwnd=219105
Initialize per-instance NSCC parameters: flowid 136 _base_rtt=11685600 _base_bdp=146070 _bdp=146070 _min_cwnd=4150 _maxwnd=219105 _cwnd=219105
Initialize per-instance NSCC parameters: flowid 137 _base_rtt=11685600 _base_bdp=146070 _bdp=146070 _min_cwnd=4150 _maxwnd=219105 _cwnd=219105
Initialize per-instance NSCC parameters: flowid 138 _base_rtt=11685600 _base_bdp=146070 _bdp=146070 _min_cwnd=4150 _maxwnd=219105 _cwnd=219105
Initialize per-instance NSCC parameters: flowid 139 _base_rtt=11685600 _base_bdp=146070 _bdp=146070 _min_cwnd=4150 _maxwnd=219105 _cwnd=219105
Initialize per-instance NSCC parameters: flowid 140 _base_rtt=11685600 _base_bdp=146070 _bdp=146070 _min_cwnd=4150 _maxwnd=219105 _cwnd=219105
Initialize per-instance NSCC parameters: flowid 141 _base_rtt=11685600 _base_bdp=146070 _bdp=146070 _min_cwnd=4150 _maxwnd=219105 _cwnd=219105
Initialize per-instance NSCC parameters: flowid 142 _base_rtt=11685600 _base_bdp=146070 _bdp=146070 _min_cwnd=4150 _maxwnd=219105 _cwnd=219105
Initialize per-instance NSCC parameters: flowid 143 _base_rtt=11685600 _base_bdp=146070 _bdp=146070 _min_cwnd=4150 _maxwnd=219105 _cwnd=219105
Initialize per-instance NSCC parameters: flowid 144 _base_rtt=11685600 _base_bdp=146070 _bdp=146070 _min_cwnd=4150 _maxwnd=219105 _cwnd=219105
Initialize per-instance NSCC parameters: flowid 145 _base_rtt=11685600 _base_bdp=146070 _bdp=146070 _min_cwnd=4150 _maxwnd=219105 _cwnd=219105
Initialize per-instance NSCC parameters: flowid 146 _base_rtt=11685600 _base_bdp=146070 _bdp=146070 _min_cwnd=4150 _maxwnd=219105 _cwnd=219105
Initialize per-instance NSCC parameters: flowid 147 _base_rtt=11685600 _base_bdp=146070 _bdp=146070 _min_cwnd=4150 _maxwnd=219105 _cwnd=219105
Initialize per-instance NSCC parameters: flowid 148 _base_rtt=11685600 _base_bdp=146070 _bdp=146070 _min_cwnd=4150 _maxwnd=219105 _cwnd=219105
Initialize per-instance NSCC parameters: flowid 149 _base_rtt=11685600 _base_bdp=146070 _bdp=146070 _min_cwnd=4150 _maxwnd=219105 _cwnd=219105
Initialize per-instance NSCC parameters: flowid 150 _base_rtt=11685600 _base_bdp=146070 _bdp=146070 _min_cwnd=4150 _maxwnd=219105 _cwnd=219105
Initialize per-instance NSCC parameters: flowid 151 _base_rtt=11685600 _base_bdp=146070 _bdp=146070 _min_cwnd=4150 _maxwnd=219105 _cwnd=219105
Initialize per-instance NSCC parameters: flowid 152 _base_rtt=11685600 _base_bdp=146070 _bdp=146070 _min_cwnd=4150 _maxwnd=219105 _cwnd=219105
Initialize per-instance NSCC parameters: flowid 153 _base_rtt=11685600 _base_bdp=146070 _bdp=146070 _min_cwnd=4150 _maxwnd=219105 _cwnd=219105
Initialize per-instance NSCC parameters: flowid 154 _base_rtt=11685600 _base_bdp=146070 _bdp=146070 _min_cwnd=4150 _maxwnd=219105 _cwnd=219105
Initialize per-instance NSCC parameters: flowid 155 _base_rtt=11685600 _base_bdp=146070 _bdp=146070 _min_cwnd=4150 _maxwnd=219105 _cwnd=219105
Initialize per-instance NSCC parameters: flowid 156 _base_rtt=11685600 _base_bdp=146070 _bdp=146070 _min_cwnd=4150 _maxwnd=219105 _cwnd=219105
Initialize per-instance NSCC parameters: flowid 157 _base_rtt=11685600 _base_bdp=146070 _bdp=146070 _min_cwnd=4150 _maxwnd=219105 _cwnd=219105
Initialize per-instance NSCC parameters: flowid 158 _base_rtt=11685600 _base_bdp=146070 _bdp=146070 _min_cwnd=4150 _maxwnd=219105 _cwnd=219105
Initialize per-instance NSCC parameters: flowid 159 _base_rtt=11685600 _base_bdp=146070 _bdp=146070 _min_cwnd=4150 _maxwnd=219105 _cwnd=219105
Initialize per-instance NSCC parameters: flowid 160 _base_rtt=11685600 _base_bdp=146070 _bdp=146070 _min_cwnd=4150 _maxwnd=219105 _cwnd=219105
Initialize per-instance NSCC parameters: flowid 161 _base_rtt=11685600 _base_bdp=146070 _bdp=146070 _min_cwnd=4150 _maxwnd=219105 _cwnd=219105
Initialize per-instance NSCC parameters: flowid 162 _base_rtt=11685600 _base_bdp=146070 _bdp=146070 _min_cwnd=4150 _maxwnd=219105 _cwnd=219105
Initialize per-instance NSCC parameters: flowid 163 _base_rtt=11685600 _base_bdp=146070 _bdp=146070 _min_cwnd=4150 _maxwnd=219105 _cwnd=219105
Initialize per-instance NSCC parameters: flowid 164 _base_rtt=11685600 _base_bdp=146070 _bdp=146070 _min_cwnd=4150 _maxwnd=219105 _cwnd=219105
Initialize per-instance NSCC parameters: flowid 165 _base_rtt=11685600 _base_bdp=146070 _bdp=146070 _min_cwnd=4150 _maxwnd=219105 _cwnd=219105
Initialize per-instance NSCC parameters: flowid 166 _base_rtt=11685600 _base_bdp=146070 _bdp=146070 _min_cwnd=4150 _maxwnd=219105 _cwnd=219105
Initialize per-instance NSCC parameters: flowid 167 _base_rtt=11685600 _base_bdp=146070 _bdp=146070 _min_cwnd=4150 _maxwnd=219105 _cwnd=219105
Initialize per-instance NSCC parameters: flowid 168 _base_rtt=11685600 _base_bdp=146070 _bdp=146070 _min_cwnd=4150 _maxwnd=219105 _cwnd=219105
Initialize per-instance NSCC parameters: flowid 169 _base_rtt=11685600 _base_bdp=146070 _bdp=146070 _min_cwnd=4150 _maxwnd=219105 _cwnd=219105
Initialize per-instance NSCC parameters: flowid 170 _base_rtt=11685600 _base_bdp=146070 _bdp=146070 _min_cwnd=4150 _maxwnd=219105 _cwnd=219105
Initialize per-instance NSCC parameters: flowid 171 _base_rtt=11685600 _base_bdp=146070 _bdp=146070 _min_cwnd=4150 _maxwnd=219105 _cwnd=219105
Initialize per-instance NSCC parameters: flowid 172 _base_rtt=11685600 _base_bdp=146070 _bdp=146070 _min_cwnd=4150 _maxwnd=219105 _cwnd=219105
Initialize per-instance NSCC parameters: flowid 173 _base_rtt=11685600 _base_bdp=146070 _bdp=146070 _min_cwnd=4150 _maxwnd=219105 _cwnd=219105
Initialize per-instance NSCC parameters: flowid 174 _base_rtt=11685600 _base_bdp=146070 _bdp=146070 _min_cwnd=4150 _maxwnd=219105 _cwnd=219105
Initialize per-instance NSCC parameters: flowid 175 _base_rtt=11685600 _base_bdp=146070 _bdp=146070 _min_cwnd=4150 _maxwnd=219105 _cwnd=219105
Initialize per-instance NSCC parameters: flowid 176 _base_rtt=11685600 _base_bdp=146070 _bdp=146070 _min_cwnd=4150 _maxwnd=219105 _cwnd=219105
Initialize per-instance NSCC parameters: flowid 177 _base_rtt=11685600 _base_bdp=146070 _bdp=146070 _min_cwnd=4150 _maxwnd=219105 _cwnd=219105
Initialize per-instance NSCC parameters: flowid 178 _base_rtt=11685600 _base_bdp=146070 _bdp=146070 _min_cwnd=4150 _maxwnd=219105 _cwnd=219105
Initialize per-instance NSCC parameters: flowid 179 _base_rtt=11685600 _base_bdp=146070 _bdp=146070 _min_cwnd=4150 _maxwnd=219105 _cwnd=219105
Initialize per-instance NSCC parameters: flowid 180 _base_rtt=11685600 _base_bdp=146070 _bdp=146070 _min_cwnd=4150 _maxwnd=219105 _cwnd=219105
Initialize per-instance NSCC parameters: flowid 181 _base_rtt=11685600 _base_bdp=146070 _bdp=146070 _min_cwnd=4150 _maxwnd=219105 _cwnd=219105
Initialize per-instance NSCC parameters: flowid 182 _base_rtt=11685600 _base_bdp=146070 _bdp=146070 _min_cwnd=4150 _maxwnd=219105 _cwnd=219105
Initialize per-instance NSCC parameters: flowid 183 _base_rtt=11685600 _base_bdp=146070 _bdp=146070 _min_cwnd=4150 _maxwnd=219105 _cwnd=219105
Initialize per-instance NSCC parameters: flowid 184 _base_rtt=11685600 _base_bdp=146070 _bdp=146070 _min_cwnd=4150 _maxwnd=219105 _cwnd=219105
Initialize per-instance NSCC parameters: flowid 185 _base_rtt=11685600 _base_bdp=146070 _bdp=146070 _min_cwnd=4150 _maxwnd=219105 _cwnd=219105
Initialize per-instance NSCC parameters: flowid 186 _base_rtt=11685600 _base_bdp=146070 _bdp=146070 _min_cwnd=4150 _maxwnd=219105 _cwnd=219105
Initialize per-instance NSCC parameters: flowid 187 _base_rtt=11685600 _base_bdp=146070 _bdp=146070 _min_cwnd=4150 _maxwnd=219105 _cwnd=219105
Initialize per-instance NSCC parameters: flowid 188 _base_rtt=11685600 _base_bdp=146070 _bdp=146070 _min_cwnd=4150 _maxwnd=219105 _cwnd=219105
Initialize per-instance NSCC parameters: flowid 189 _base_rtt=11685600 _base_bdp=146070 _bdp=146070 _min_cwnd=4150 _maxwnd=219105 _cwnd=219105
Initialize per-instance NSCC parameters: flowid 190 _base_rtt=11685600 _base_bdp=146070 _bdp=146070 _min_cwnd=4150 _maxwnd=219105 _cwnd=219105
Initialize per-instance NSCC parameters: flowid 191 _base_rtt=11685600 _base_bdp=146070 _bdp=146070 _min_cwnd=4150 _maxwnd=219105 _cwnd=219105
Initialize per-instance NSCC parameters: flowid 192 _base_rtt=11685600 _base_bdp=146070 _bdp=146070 _min_cwnd=4150 _maxwnd=219105 _cwnd=219105
Initialize per-instance NSCC parameters: flowid 193 _base_rtt=11685600 _base_bdp=146070 _bdp=146070 _min_cwnd=4150 _maxwnd=219105 _cwnd=219105
Initialize per-instance NSCC parameters: flowid 194 _base_rtt=11685600 _base_bdp=146070 _bdp=146070 _min_cwnd=4150 _maxwnd=219105 _cwnd=219105
Initialize per-instance NSCC parameters: flowid 195 _base_rtt=11685600 _base_bdp=146070 _bdp=146070 _min_cwnd=4150 _maxwnd=219105 _cwnd=219105
Initialize per-instance NSCC parameters: flowid 196 _base_rtt=11685600 _base_bdp=146070 _bdp=146070 _min_cwnd=4150 _maxwnd=219105 _cwnd=219105
Initialize per-instance NSCC parameters: flowid 197 _base_rtt=11685600 _base_bdp=146070 _bdp=146070 _min_cwnd=4150 _maxwnd=219105 _cwnd=219105
Initialize per-instance NSCC parameters: flowid 198 _base_rtt=11685600 _base_bdp=146070 _bdp=146070 _min_cwnd=4150 _maxwnd=219105 _cwnd=219105
Initialize per-instance NSCC parameters: flowid 199 _base_rtt=11685600 _base_bdp=146070 _bdp=146070 _min_cwnd=4150 _maxwnd=219105 _cwnd=219105
Initialize per-instance NSCC parameters: flowid 200 _base_rtt=11685600 _base_bdp=146070 _bdp=146070 _min_cwnd=4150 _maxwnd=219105 _cwnd=219105
Initialize per-instance NSCC parameters: flowid 201 _base_rtt=11685600 _base_bdp=146070 _bdp=146070 _min_cwnd=4150 _maxwnd=219105 _cwnd=219105
Initialize per-instance NSCC parameters: flowid 202 _base_rtt=11685600 _base_bdp=146070 _bdp=146070 _min_cwnd=4150 _maxwnd=219105 _cwnd=219105
Initialize per-instance NSCC parameters: flowid 203 _base_rtt=11685600 _base_bdp=146070 _bdp=146070 _min_cwnd=4150 _maxwnd=219105 _cwnd=219105
Initialize per-instance NSCC parameters: flowid 204 _base_rtt=11685600 _base_bdp=146070 _bdp=146070 _min_cwnd=4150 _maxwnd=219105 _cwnd=219105
Initialize per-instance NSCC parameters: flowid 205 _base_rtt=11685600 _base_bdp=146070 _bdp=146070 _min_cwnd=4150 _maxwnd=219105 _cwnd=219105
Initialize per-instance NSCC parameters: flowid 206 _base_rtt=11685600 _base_bdp=146070 _bdp=146070 _min_cwnd=4150 _maxwnd=219105 _cwnd=219105
Initialize per-instance NSCC parameters: flowid 207 _base_rtt=11685600 _base_bdp=146070 _bdp=146070 _min_cwnd=4150 _maxwnd=219105 _cwnd=219105
Initialize per-instance NSCC parameters: flowid 208 _base_rtt=11685600 _base_bdp=146070 _bdp=146070 _min_cwnd=4150 _maxwnd=219105 _cwnd=219105
Initialize per-instance NSCC parameters: flowid 209 _base_rtt=11685600 _base_bdp=146070 _bdp=146070 _min_cwnd=4150 _maxwnd=219105 _cwnd=219105
Initialize per-instance NSCC parameters: flowid 210 _base_rtt=11685600 _base_bdp=146070 _bdp=146070 _min_cwnd=4150 _maxwnd=219105 _cwnd=219105
Initialize per-instance NSCC parameters: flowid 211 _base_rtt=11685600 _base_bdp=146070 _bdp=146070 _min_cwnd=4150 _maxwnd=219105 _cwnd=219105
Initialize per-instance NSCC parameters: flowid 212 _base_rtt=11685600 _base_bdp=146070 _bdp=146070 _min_cwnd=4150 _maxwnd=219105 _cwnd=219105
Initialize per-instance NSCC parameters: flowid 213 _base_rtt=11685600 _base_bdp=146070 _bdp=146070 _min_cwnd=4150 _maxwnd=219105 _cwnd=219105
Initialize per-instance NSCC parameters: flowid 214 _base_rtt=11685600 _base_bdp=146070 _bdp=146070 _min_cwnd=4150 _maxwnd=219105 _cwnd=219105
Initialize per-instance NSCC parameters: flowid 215 _base_rtt=11685600 _base_bdp=146070 _bdp=146070 _min_cwnd=4150 _maxwnd=219105 _cwnd=219105
Initialize per-instance NSCC parameters: flowid 216 _base_rtt=11685600 _base_bdp=146070 _bdp=146070 _min_cwnd=4150 _maxwnd=219105 _cwnd=219105
Initialize per-instance NSCC parameters: flowid 217 _base_rtt=11685600 _base_bdp=146070 _bdp=146070 _min_cwnd=4150 _maxwnd=219105 _cwnd=219105
Initialize per-instance NSCC parameters: flowid 218 _base_rtt=11685600 _base_bdp=146070 _bdp=146070 _min_cwnd=4150 _maxwnd=219105 _cwnd=219105
Initialize per-instance NSCC parameters: flowid 219 _base_rtt=11685600 _base_bdp=146070 _bdp=146070 _min_cwnd=4150 _maxwnd=219105 _cwnd=219105
Initialize per-instance NSCC parameters: flowid 220 _base_rtt=11685600 _base_bdp=146070 _bdp=146070 _min_cwnd=4150 _maxwnd=219105 _cwnd=219105
Initialize per-instance NSCC parameters: flowid 221 _base_rtt=11685600 _base_bdp=146070 _bdp=146070 _min_cwnd=4150 _maxwnd=219105 _cwnd=219105
Initialize per-instance NSCC parameters: flowid 222 _base_rtt=11685600 _base_bdp=146070 _bdp=146070 _min_cwnd=4150 _maxwnd=219105 _cwnd=219105
Initialize per-instance NSCC parameters: flowid 223 _base_rtt=11685600 _base_bdp=146070 _bdp=146070 _min_cwnd=4150 _maxwnd=219105 _cwnd=219105
Initialize per-instance NSCC parameters: flowid 224 _base_rtt=11685600 _base_bdp=146070 _bdp=146070 _min_cwnd=4150 _maxwnd=219105 _cwnd=219105
Initialize per-instance NSCC parameters: flowid 225 _base_rtt=11685600 _base_bdp=146070 _bdp=146070 _min_cwnd=4150 _maxwnd=219105 _cwnd=219105
Initialize per-instance NSCC parameters: flowid 226 _base_rtt=11685600 _base_bdp=146070 _bdp=146070 _min_cwnd=4150 _maxwnd=219105 _cwnd=219105
Initialize per-instance NSCC parameters: flowid 227 _base_rtt=11685600 _base_bdp=146070 _bdp=146070 _min_cwnd=4150 _maxwnd=219105 _cwnd=219105
Initialize per-instance NSCC parameters: flowid 228 _base_rtt=11685600 _base_bdp=146070 _bdp=146070 _min_cwnd=4150 _maxwnd=219105 _cwnd=219105
Initialize per-instance NSCC parameters: flowid 229 _base_rtt=11685600 _base_bdp=146070 _bdp=146070 _min_cwnd=4150 _maxwnd=219105 _cwnd=219105
Initialize per-instance NSCC parameters: flowid 230 _base_rtt=11685600 _base_bdp=146070 _bdp=146070 _min_cwnd=4150 _maxwnd=219105 _cwnd=219105
Initialize per-instance NSCC parameters: flowid 231 _base_rtt=11685600 _base_bdp=146070 _bdp=146070 _min_cwnd=4150 _maxwnd=219105 _cwnd=219105
Initialize per-instance NSCC parameters: flowid 232 _base_rtt=11685600 _base_bdp=146070 _bdp=146070 _min_cwnd=4150 _maxwnd=219105 _cwnd=219105
Initialize per-instance NSCC parameters: flowid 233 _base_rtt=11685600 _base_bdp=146070 _bdp=146070 _min_cwnd=4150 _maxwnd=219105 _cwnd=219105
Initialize per-instance NSCC parameters: flowid 234 _base_rtt=11685600 _base_bdp=146070 _bdp=146070 _min_cwnd=4150 _maxwnd=219105 _cwnd=219105
Initialize per-instance NSCC parameters: flowid 235 _base_rtt=11685600 _base_bdp=146070 _bdp=146070 _min_cwnd=4150 _maxwnd=219105 _cwnd=219105
Initialize per-instance NSCC parameters: flowid 236 _base_rtt=11685600 _base_bdp=146070 _bdp=146070 _min_cwnd=4150 _maxwnd=219105 _cwnd=219105
Initialize per-instance NSCC parameters: flowid 237 _base_rtt=11685600 _base_bdp=146070 _bdp=146070 _min_cwnd=4150 _maxwnd=219105 _cwnd=219105
Initialize per-instance NSCC parameters: flowid 238 _base_rtt=11685600 _base_bdp=146070 _bdp=146070 _min_cwnd=4150 _maxwnd=219105 _cwnd=219105
Initialize per-instance NSCC parameters: flowid 239 _base_rtt=11685600 _base_bdp=146070 _bdp=146070 _min_cwnd=4150 _maxwnd=219105 _cwnd=219105
Initialize per-instance NSCC parameters: flowid 240 _base_rtt=11685600 _base_bdp=146070 _bdp=146070 _min_cwnd=4150 _maxwnd=219105 _cwnd=219105
Initialize per-instance NSCC parameters: flowid 241 _base_rtt=11685600 _base_bdp=146070 _bdp=146070 _min_cwnd=4150 _maxwnd=219105 _cwnd=219105
Initialize per-instance NSCC parameters: flowid 242 _base_rtt=11685600 _base_bdp=146070 _bdp=146070 _min_cwnd=4150 _maxwnd=219105 _cwnd=219105
Initialize per-instance NSCC parameters: flowid 243 _base_rtt=11685600 _base_bdp=146070 _bdp=146070 _min_cwnd=4150 _maxwnd=219105 _cwnd=219105
Initialize per-instance NSCC parameters: flowid 244 _base_rtt=11685600 _base_bdp=146070 _bdp=146070 _min_cwnd=4150 _maxwnd=219105 _cwnd=219105
Initialize per-instance NSCC parameters: flowid 245 _base_rtt=11685600 _base_bdp=146070 _bdp=146070 _min_cwnd=4150 _maxwnd=219105 _cwnd=219105
Initialize per-instance NSCC parameters: flowid 246 _base_rtt=11685600 _base_bdp=146070 _bdp=146070 _min_cwnd=4150 _maxwnd=219105 _cwnd=219105
Initialize per-instance NSCC parameters: flowid 247 _base_rtt=11685600 _base_bdp=146070 _bdp=146070 _min_cwnd=4150 _maxwnd=219105 _cwnd=219105
Initialize per-instance NSCC parameters: flowid 248 _base_rtt=11685600 _base_bdp=146070 _bdp=146070 _min_cwnd=4150 _maxwnd=219105 _cwnd=219105
Initialize per-instance NSCC parameters: flowid 249 _base_rtt=11685600 _base_bdp=146070 _bdp=146070 _min_cwnd=4150 _maxwnd=219105 _cwnd=219105
Initialize per-instance NSCC parameters: flowid 250 _base_rtt=11685600 _base_bdp=146070 _bdp=146070 _min_cwnd=4150 _maxwnd=219105 _cwnd=219105
Initialize per-instance NSCC parameters: flowid 251 _base_rtt=11685600 _base_bdp=146070 _bdp=146070 _min_cwnd=4150 _maxwnd=219105 _cwnd=219105
Initialize per-instance NSCC parameters: flowid 252 _base_rtt=11685600 _base_bdp=146070 _bdp=146070 _min_cwnd=4150 _maxwnd=219105 _cwnd=219105
Initialize per-instance NSCC parameters: flowid 253 _base_rtt=11685600 _base_bdp=146070 _bdp=146070 _min_cwnd=4150 _maxwnd=219105 _cwnd=219105
Initialize per-instance NSCC parameters: flowid 254 _base_rtt=11685600 _base_bdp=146070 _bdp=146070 _min_cwnd=4150 _maxwnd=219105 _cwnd=219105
Initialize per-instance NSCC parameters: flowid 255 _base_rtt=11685600 _base_bdp=146070 _bdp=146070 _min_cwnd=4150 _maxwnd=219105 _cwnd=219105
Initialize per-instance NSCC parameters: flowid 256 _base_rtt=11685600 _base_bdp=146070 _bdp=146070 _min_cwnd=4150 _maxwnd=219105 _cwnd=219105
Initialize per-instance NSCC parameters: flowid 257 _base_rtt=11685600 _base_bdp=146070 _bdp=146070 _min_cwnd=4150 _maxwnd=219105 _cwnd=219105
Initialize per-instance NSCC parameters: flowid 258 _base_rtt=11685600 _base_bdp=146070 _bdp=146070 _min_cwnd=4150 _maxwnd=219105 _cwnd=219105
Initialize per-instance NSCC parameters: flowid 259 _base_rtt=11685600 _base_bdp=146070 _bdp=146070 _min_cwnd=4150 _maxwnd=219105 _cwnd=219105
Initialize per-instance NSCC parameters: flowid 260 _base_rtt=11685600 _base_bdp=146070 _bdp=146070 _min_cwnd=4150 _maxwnd=219105 _cwnd=219105
Initialize per-instance NSCC parameters: flowid 261 _base_rtt=11685600 _base_bdp=146070 _bdp=146070 _min_cwnd=4150 _maxwnd=219105 _cwnd=219105
Initialize per-instance NSCC parameters: flowid 262 _base_rtt=11685600 _base_bdp=146070 _bdp=146070 _min_cwnd=4150 _maxwnd=219105 _cwnd=219105
Initialize per-instance NSCC parameters: flowid 263 _base_rtt=11685600 _base_bdp=146070 _bdp=146070 _min_cwnd=4150 _maxwnd=219105 _cwnd=219105
Initialize per-instance NSCC parameters: flowid 264 _base_rtt=11685600 _base_bdp=146070 _bdp=146070 _min_cwnd=4150 _maxwnd=219105 _cwnd=219105
Initialize per-instance NSCC parameters: flowid 265 _base_rtt=11685600 _base_bdp=146070 _bdp=146070 _min_cwnd=4150 _maxwnd=219105 _cwnd=219105
Initialize per-instance NSCC parameters: flowid 266 _base_rtt=11685600 _base_bdp=146070 _bdp=146070 _min_cwnd=4150 _maxwnd=219105 _cwnd=219105
Initialize per-instance NSCC parameters: flowid 267 _base_rtt=11685600 _base_bdp=146070 _bdp=146070 _min_cwnd=4150 _maxwnd=219105 _cwnd=219105
Initialize per-instance NSCC parameters: flowid 268 _base_rtt=11685600 _base_bdp=146070 _bdp=146070 _min_cwnd=4150 _maxwnd=219105 _cwnd=219105
Initialize per-instance NSCC parameters: flowid 269 _base_rtt=11685600 _base_bdp=146070 _bdp=146070 _min_cwnd=4150 _maxwnd=219105 _cwnd=219105
Initialize per-instance NSCC parameters: flowid 270 _base_rtt=11685600 _base_bdp=146070 _bdp=146070 _min_cwnd=4150 _maxwnd=219105 _cwnd=219105
Initialize per-instance NSCC parameters: flowid 271 _base_rtt=11685600 _base_bdp=146070 _bdp=146070 _min_cwnd=4150 _maxwnd=219105 _cwnd=219105
Initialize per-instance NSCC parameters: flowid 272 _base_rtt=11685600 _base_bdp=146070 _bdp=146070 _min_cwnd=4150 _maxwnd=219105 _cwnd=219105
Initialize per-instance NSCC parameters: flowid 273 _base_rtt=11685600 _base_bdp=146070 _bdp=146070 _min_cwnd=4150 _maxwnd=219105 _cwnd=219105
Initialize per-instance NSCC parameters: flowid 274 _base_rtt=11685600 _base_bdp=146070 _bdp=146070 _min_cwnd=4150 _maxwnd=219105 _cwnd=219105
Initialize per-instance NSCC parameters: flowid 275 _base_rtt=11685600 _base_bdp=146070 _bdp=146070 _min_cwnd=4150 _maxwnd=219105 _cwnd=219105
Initialize per-instance NSCC parameters: flowid 276 _base_rtt=11685600 _base_bdp=146070 _bdp=146070 _min_cwnd=4150 _maxwnd=219105 _cwnd=219105
Initialize per-instance NSCC parameters: flowid 277 _base_rtt=11685600 _base_bdp=146070 _bdp=146070 _min_cwnd=4150 _maxwnd=219105 _cwnd=219105
Initialize per-instance NSCC parameters: flowid 278 _base_rtt=11685600 _base_bdp=146070 _bdp=146070 _min_cwnd=4150 _maxwnd=219105 _cwnd=219105
Initialize per-instance NSCC parameters: flowid 279 _base_rtt=11685600 _base_bdp=146070 _bdp=146070 _min_cwnd=4150 _maxwnd=219105 _cwnd=219105
Initialize per-instance NSCC parameters: flowid 280 _base_rtt=11685600 _base_bdp=146070 _bdp=146070 _min_cwnd=4150 _maxwnd=219105 _cwnd=219105
Initialize per-instance NSCC parameters: flowid 281 _base_rtt=11685600 _base_bdp=146070 _bdp=146070 _min_cwnd=4150 _maxwnd=219105 _cwnd=219105
Initialize per-instance NSCC parameters: flowid 282 _base_rtt=11685600 _base_bdp=146070 _bdp=146070 _min_cwnd=4150 _maxwnd=219105 _cwnd=219105
Initialize per-instance NSCC parameters: flowid 283 _base_rtt=11685600 _base_bdp=146070 _bdp=146070 _min_cwnd=4150 _maxwnd=219105 _cwnd=219105
Initialize per-instance NSCC parameters: flowid 284 _base_rtt=11685600 _base_bdp=146070 _bdp=146070 _min_cwnd=4150 _maxwnd=219105 _cwnd=219105
Initialize per-instance NSCC parameters: flowid 285 _base_rtt=11685600 _base_bdp=146070 _bdp=146070 _min_cwnd=4150 _maxwnd=219105 _cwnd=219105
Initialize per-instance NSCC parameters: flowid 286 _base_rtt=11685600 _base_bdp=146070 _bdp=146070 _min_cwnd=4150 _maxwnd=219105 _cwnd=219105
Initialize per-instance NSCC parameters: flowid 287 _base_rtt=11685600 _base_bdp=146070 _bdp=146070 _min_cwnd=4150 _maxwnd=219105 _cwnd=219105
Initialize per-instance NSCC parameters: flowid 288 _base_rtt=11685600 _base_bdp=146070 _bdp=146070 _min_cwnd=4150 _maxwnd=219105 _cwnd=219105
Initialize per-instance NSCC parameters: flowid 289 _base_rtt=11685600 _base_bdp=146070 _bdp=146070 _min_cwnd=4150 _maxwnd=219105 _cwnd=219105
Initialize per-instance NSCC parameters: flowid 290 _base_rtt=11685600 _base_bdp=146070 _bdp=146070 _min_cwnd=4150 _maxwnd=219105 _cwnd=219105
Initialize per-instance NSCC parameters: flowid 291 _base_rtt=11685600 _base_bdp=146070 _bdp=146070 _min_cwnd=4150 _maxwnd=219105 _cwnd=219105
Initialize per-instance NSCC parameters: flowid 292 _base_rtt=11685600 _base_bdp=146070 _bdp=146070 _min_cwnd=4150 _maxwnd=219105 _cwnd=219105
Initialize per-instance NSCC parameters: flowid 293 _base_rtt=11685600 _base_bdp=146070 _bdp=146070 _min_cwnd=4150 _maxwnd=219105 _cwnd=219105
Initialize per-instance NSCC parameters: flowid 294 _base_rtt=11685600 _base_bdp=146070 _bdp=146070 _min_cwnd=4150 _maxwnd=219105 _cwnd=219105
Initialize per-instance NSCC parameters: flowid 295 _base_rtt=11685600 _base_bdp=146070 _bdp=146070 _min_cwnd=4150 _maxwnd=219105 _cwnd=219105
Initialize per-instance NSCC parameters: flowid 296 _base_rtt=11685600 _base_bdp=146070 _bdp=146070 _min_cwnd=4150 _maxwnd=219105 _cwnd=219105
Initialize per-instance NSCC parameters: flowid 297 _base_rtt=11685600 _base_bdp=146070 _bdp=146070 _min_cwnd=4150 _maxwnd=219105 _cwnd=219105
Initialize per-instance NSCC parameters: flowid 298 _base_rtt=11685600 _base_bdp=146070 _bdp=146070 _min_cwnd=4150 _maxwnd=219105 _cwnd=219105
Initialize per-instance NSCC parameters: flowid 299 _base_rtt=11685600 _base_bdp=146070 _bdp=146070 _min_cwnd=4150 _maxwnd=219105 _cwnd=219105
Initialize per-instance NSCC parameters: flowid 300 _base_rtt=11685600 _base_bdp=146070 _bdp=146070 _min_cwnd=4150 _maxwnd=219105 _cwnd=219105
Initialize per-instance NSCC parameters: flowid 301 _base_rtt=11685600 _base_bdp=146070 _bdp=146070 _min_cwnd=4150 _maxwnd=219105 _cwnd=219105
Initialize per-instance NSCC parameters: flowid 302 _base_rtt=11685600 _base_bdp=146070 _bdp=146070 _min_cwnd=4150 _maxwnd=219105 _cwnd=219105
Initialize per-instance NSCC parameters: flowid 303 _base_rtt=11685600 _base_bdp=146070 _bdp=146070 _min_cwnd=4150 _maxwnd=219105 _cwnd=219105
Initialize per-instance NSCC parameters: flowid 304 _base_rtt=11685600 _base_bdp=146070 _bdp=146070 _min_cwnd=4150 _maxwnd=219105 _cwnd=219105
Initialize per-instance NSCC parameters: flowid 305 _base_rtt=11685600 _base_bdp=146070 _bdp=146070 _min_cwnd=4150 _maxwnd=219105 _cwnd=219105
Initialize per-instance NSCC parameters: flowid 306 _base_rtt=11685600 _base_bdp=146070 _bdp=146070 _min_cwnd=4150 _maxwnd=219105 _cwnd=219105
Initialize per-instance NSCC parameters: flowid 307 _base_rtt=11685600 _base_bdp=146070 _bdp=146070 _min_cwnd=4150 _maxwnd=219105 _cwnd=219105
Initialize per-instance NSCC parameters: flowid 308 _base_rtt=11685600 _base_bdp=146070 _bdp=146070 _min_cwnd=4150 _maxwnd=219105 _cwnd=219105
Initialize per-instance NSCC parameters: flowid 309 _base_rtt=11685600 _base_bdp=146070 _bdp=146070 _min_cwnd=4150 _maxwnd=219105 _cwnd=219105
Initialize per-instance NSCC parameters: flowid 310 _base_rtt=11685600 _base_bdp=146070 _bdp=146070 _min_cwnd=4150 _maxwnd=219105 _cwnd=219105
Initialize per-instance NSCC parameters: flowid 311 _base_rtt=11685600 _base_bdp=146070 _bdp=146070 _min_cwnd=4150 _maxwnd=219105 _cwnd=219105
Initialize per-instance NSCC parameters: flowid 312 _base_rtt=11685600 _base_bdp=146070 _bdp=146070 _min_cwnd=4150 _maxwnd=219105 _cwnd=219105
Initialize per-instance NSCC parameters: flowid 313 _base_rtt=11685600 _base_bdp=146070 _bdp=146070 _min_cwnd=4150 _maxwnd=219105 _cwnd=219105
Initialize per-instance NSCC parameters: flowid 314 _base_rtt=11685600 _base_bdp=146070 _bdp=146070 _min_cwnd=4150 _maxwnd=219105 _cwnd=219105
Initialize per-instance NSCC parameters: flowid 315 _base_rtt=11685600 _base_bdp=146070 _bdp=146070 _min_cwnd=4150 _maxwnd=219105 _cwnd=219105
Initialize per-instance NSCC parameters: flowid 316 _base_rtt=11685600 _base_bdp=146070 _bdp=146070 _min_cwnd=4150 _maxwnd=219105 _cwnd=219105
Initialize per-instance NSCC parameters: flowid 317 _base_rtt=11685600 _base_bdp=146070 _bdp=146070 _min_cwnd=4150 _maxwnd=219105 _cwnd=219105
Initialize per-instance NSCC parameters: flowid 318 _base_rtt=11685600 _base_bdp=146070 _bdp=146070 _min_cwnd=4150 _maxwnd=219105 _cwnd=219105
Initialize per-instance NSCC parameters: flowid 319 _base_rtt=11685600 _base_bdp=146070 _bdp=146070 _min_cwnd=4150 _maxwnd=219105 _cwnd=219105
Initialize per-instance NSCC parameters: flowid 320 _base_rtt=11685600 _base_bdp=146070 _bdp=146070 _min_cwnd=4150 _maxwnd=219105 _cwnd=219105
Initialize per-instance NSCC parameters: flowid 321 _base_rtt=11685600 _base_bdp=146070 _bdp=146070 _min_cwnd=4150 _maxwnd=219105 _cwnd=219105
Initialize per-instance NSCC parameters: flowid 322 _base_rtt=11685600 _base_bdp=146070 _bdp=146070 _min_cwnd=4150 _maxwnd=219105 _cwnd=219105
Initialize per-instance NSCC parameters: flowid 323 _base_rtt=11685600 _base_bdp=146070 _bdp=146070 _min_cwnd=4150 _maxwnd=219105 _cwnd=219105
Initialize per-instance NSCC parameters: flowid 324 _base_rtt=11685600 _base_bdp=146070 _bdp=146070 _min_cwnd=4150 _maxwnd=219105 _cwnd=219105
Initialize per-instance NSCC parameters: flowid 325 _base_rtt=11685600 _base_bdp=146070 _bdp=146070 _min_cwnd=4150 _maxwnd=219105 _cwnd=219105
Initialize per-instance NSCC parameters: flowid 326 _base_rtt=11685600 _base_bdp=146070 _bdp=146070 _min_cwnd=4150 _maxwnd=219105 _cwnd=219105
Initialize per-instance NSCC parameters: flowid 327 _base_rtt=11685600 _base_bdp=146070 _bdp=146070 _min_cwnd=4150 _maxwnd=219105 _cwnd=219105
Initialize per-instance NSCC parameters: flowid 328 _base_rtt=11685600 _base_bdp=146070 _bdp=146070 _min_cwnd=4150 _maxwnd=219105 _cwnd=219105
Initialize per-instance NSCC parameters: flowid 329 _base_rtt=11685600 _base_bdp=146070 _bdp=146070 _min_cwnd=4150 _maxwnd=219105 _cwnd=219105
Initialize per-instance NSCC parameters: flowid 330 _base_rtt=11685600 _base_bdp=146070 _bdp=146070 _min_cwnd=4150 _maxwnd=219105 _cwnd=219105
Initialize per-instance NSCC parameters: flowid 331 _base_rtt=11685600 _base_bdp=146070 _bdp=146070 _min_cwnd=4150 _maxwnd=219105 _cwnd=219105
Initialize per-instance NSCC parameters: flowid 332 _base_rtt=11685600 _base_bdp=146070 _bdp=146070 _min_cwnd=4150 _maxwnd=219105 _cwnd=219105
Initialize per-instance NSCC parameters: flowid 333 _base_rtt=11685600 _base_bdp=146070 _bdp=146070 _min_cwnd=4150 _maxwnd=219105 _cwnd=219105
Initialize per-instance NSCC parameters: flowid 334 _base_rtt=11685600 _base_bdp=146070 _bdp=146070 _min_cwnd=4150 _maxwnd=219105 _cwnd=219105
Initialize per-instance NSCC parameters: flowid 335 _base_rtt=11685600 _base_bdp=146070 _bdp=146070 _min_cwnd=4150 _maxwnd=219105 _cwnd=219105
Initialize per-instance NSCC parameters: flowid 336 _base_rtt=11685600 _base_bdp=146070 _bdp=146070 _min_cwnd=4150 _maxwnd=219105 _cwnd=219105
Initialize per-instance NSCC parameters: flowid 337 _base_rtt=11685600 _base_bdp=146070 _bdp=146070 _min_cwnd=4150 _maxwnd=219105 _cwnd=219105
Initialize per-instance NSCC parameters: flowid 338 _base_rtt=11685600 _base_bdp=146070 _bdp=146070 _min_cwnd=4150 _maxwnd=219105 _cwnd=219105
Initialize per-instance NSCC parameters: flowid 339 _base_rtt=11685600 _base_bdp=146070 _bdp=146070 _min_cwnd=4150 _maxwnd=219105 _cwnd=219105
Initialize per-instance NSCC parameters: flowid 340 _base_rtt=11685600 _base_bdp=146070 _bdp=146070 _min_cwnd=4150 _maxwnd=219105 _cwnd=219105
Initialize per-instance NSCC parameters: flowid 341 _base_rtt=11685600 _base_bdp=146070 _bdp=146070 _min_cwnd=4150 _maxwnd=219105 _cwnd=219105
Initialize per-instance NSCC parameters: flowid 342 _base_rtt=11685600 _base_bdp=146070 _bdp=146070 _min_cwnd=4150 _maxwnd=219105 _cwnd=219105
Initialize per-instance NSCC parameters: flowid 343 _base_rtt=11685600 _base_bdp=146070 _bdp=146070 _min_cwnd=4150 _maxwnd=219105 _cwnd=219105
Initialize per-instance NSCC parameters: flowid 344 _base_rtt=11685600 _base_bdp=146070 _bdp=146070 _min_cwnd=4150 _maxwnd=219105 _cwnd=219105
Initialize per-instance NSCC parameters: flowid 345 _base_rtt=11685600 _base_bdp=146070 _bdp=146070 _min_cwnd=4150 _maxwnd=219105 _cwnd=219105
Initialize per-instance NSCC parameters: flowid 346 _base_rtt=11685600 _base_bdp=146070 _bdp=146070 _min_cwnd=4150 _maxwnd=219105 _cwnd=219105
Initialize per-instance NSCC parameters: flowid 347 _base_rtt=11685600 _base_bdp=146070 _bdp=146070 _min_cwnd=4150 _maxwnd=219105 _cwnd=219105
Initialize per-instance NSCC parameters: flowid 348 _base_rtt=11685600 _base_bdp=146070 _bdp=146070 _min_cwnd=4150 _maxwnd=219105 _cwnd=219105
Initialize per-instance NSCC parameters: flowid 349 _base_rtt=11685600 _base_bdp=146070 _bdp=146070 _min_cwnd=4150 _maxwnd=219105 _cwnd=219105
Initialize per-instance NSCC parameters: flowid 350 _base_rtt=11685600 _base_bdp=146070 _bdp=146070 _min_cwnd=4150 _maxwnd=219105 _cwnd=219105
Initialize per-instance NSCC parameters: flowid 351 _base_rtt=11685600 _base_bdp=146070 _bdp=146070 _min_cwnd=4150 _maxwnd=219105 _cwnd=219105
Initialize per-instance NSCC parameters: flowid 352 _base_rtt=11685600 _base_bdp=146070 _bdp=146070 _min_cwnd=4150 _maxwnd=219105 _cwnd=219105
Initialize per-instance NSCC parameters: flowid 353 _base_rtt=11685600 _base_bdp=146070 _bdp=146070 _min_cwnd=4150 _maxwnd=219105 _cwnd=219105
Initialize per-instance NSCC parameters: flowid 354 _base_rtt=11685600 _base_bdp=146070 _bdp=146070 _min_cwnd=4150 _maxwnd=219105 _cwnd=219105
Initialize per-instance NSCC parameters: flowid 355 _base_rtt=11685600 _base_bdp=146070 _bdp=146070 _min_cwnd=4150 _maxwnd=219105 _cwnd=219105
Initialize per-instance NSCC parameters: flowid 356 _base_rtt=11685600 _base_bdp=146070 _bdp=146070 _min_cwnd=4150 _maxwnd=219105 _cwnd=219105
Initialize per-instance NSCC parameters: flowid 357 _base_rtt=11685600 _base_bdp=146070 _bdp=146070 _min_cwnd=4150 _maxwnd=219105 _cwnd=219105
Initialize per-instance NSCC parameters: flowid 358 _base_rtt=11685600 _base_bdp=146070 _bdp=146070 _min_cwnd=4150 _maxwnd=219105 _cwnd=219105
Initialize per-instance NSCC parameters: flowid 359 _base_rtt=11685600 _base_bdp=146070 _bdp=146070 _min_cwnd=4150 _maxwnd=219105 _cwnd=219105
Initialize per-instance NSCC parameters: flowid 360 _base_rtt=11685600 _base_bdp=146070 _bdp=146070 _min_cwnd=4150 _maxwnd=219105 _cwnd=219105
Starting simulation
Flow Uec_302_2207 flowId 1 uecSrc 0 starting at 0
Flow Uec_888_2662 flowId 2 uecSrc 1 starting at 0
Flow Uec_470_2364 flowId 3 uecSrc 2 starting at 0
Flow Uec_1942_123 flowId 4 uecSrc 3 starting at 0
Flow Uec_1345_3020 flowId 5 uecSrc 4 starting at 0
Flow Uec_2773_993 flowId 6 uecSrc 5 starting at 0
Flow Uec_1639_3408 flowId 7 uecSrc 6 starting at 0
Flow Uec_779_2511 flowId 8 uecSrc 7 starting at 0
Flow Uec_1851_135 flowId 9 uecSrc 8 starting at 0
Flow Uec_194_1871 flowId 10 uecSrc 9 starting at 0
Flow Uec_2896_1055 flowId 11 uecSrc 10 starting at 0
Flow Uec_776_2678 flowId 12 uecSrc 11 starting at 0
Flow Uec_2081_344 flowId 13 uecSrc 12 starting at 0
Flow Uec_1333_3107 flowId 14 uecSrc 13 starting at 0
Flow Uec_3392_1631 flowId 15 uecSrc 14 starting at 0
Flow Uec_1236_3125 flowId 16 uecSrc 15 starting at 0
Flow Uec_376_2043 flowId 17 uecSrc 16 starting at 0
Flow Uec_1077_2726 flowId 18 uecSrc 17 starting at 0
Flow Uec_158_1877 flowId 19 uecSrc 18 starting at 0
Flow Uec_965_2861 flowId 20 uecSrc 19 starting at 0
Flow Uec_2310_566 flowId 21 uecSrc 20 starting at 0
Flow Uec_2023_196 flowId 22 uecSrc 21 starting at 0
Flow Uec_305_2087 flowId 23 uecSrc 22 starting at 0
Flow Uec_899_2633 flowId 24 uecSrc 23 starting at 0
Flow Uec_3210_1358 flowId 25 uecSrc 24 starting at 0
Flow Uec_2982_1215 flowId 26 uecSrc 25 starting at 0
Flow Uec_147_2019 flowId 27 uecSrc 26 starting at 0
Flow Uec_1832_166 flowId 28 uecSrc 27 starting at 0
Flow Uec_2632_827 flowId 29 uecSrc 28 starting at 0
Flow Uec_2884_934 flowId 30 uecSrc 29 starting at 0
Flow Uec_1330_2954 flowId 31 uecSrc 30 starting at 0
Flow Uec_3598_1587 flowId 32 uecSrc 31 starting at 0
Flow Uec_2416_643 flowId 33 uecSrc 32 starting at 0
Flow Uec_256_2200 flowId 34 uecSrc 33 starting at 0
Flow Uec_2814_980 flowId 35 uecSrc 34 starting at 0
Flow Uec_1088_2782 flowId 36 uecSrc 35 starting at 0
Flow Uec_1304_2994 flowId 37 uecSrc 36 starting at 0
Flow Uec_641_2442 flowId 38 uecSrc 37 starting at 0
Flow Uec_2020_176 flowId 39 uecSrc 38 starting at 0
Flow Uec_1409_3364 flowId 40 uecSrc 39 starting at 0
Flow Uec_1404_3331 flowId 41 uecSrc 40 starting at 0
Flow Uec_1991_93 flowId 42 uecSrc 41 starting at 0
Flow Uec_591_2469 flowId 43 uecSrc 42 starting at 0
Flow Uec_1074_2850 flowId 44 uecSrc 43 starting at 0
Flow Uec_2431_638 flowId 45 uecSrc 44 starting at 0
Flow Uec_928_2808 flowId 46 uecSrc 45 starting at 0
Flow Uec_130_1970 flowId 47 uecSrc 46 starting at 0
Flow Uec_3134_1318 flowId 48 uecSrc 47 starting at 0
Flow Uec_1690_3545 flowId 49 uecSrc 48 starting at 0
Flow Uec_2499_722 flowId 50 uecSrc 49 starting at 0
Flow Uec_2010_106 flowId 51 uecSrc 50 starting at 0
Flow Uec_1352_3325 flowId 52 uecSrc 51 starting at 0
Flow Uec_63_1971 flowId 53 uecSrc 52 starting at 0
Flow Uec_3342_1563 flowId 54 uecSrc 53 starting at 0
Flow Uec_788_2664 flowId 55 uecSrc 54 starting at 0
Flow Uec_3227_1530 flowId 56 uecSrc 55 starting at 0
Flow Uec_17_1964 flowId 57 uecSrc 56 starting at 0
Flow Uec_320_2146 flowId 58 uecSrc 57 starting at 0
Flow Uec_85_1956 flowId 59 uecSrc 58 starting at 0
Flow Uec_554_2253 flowId 60 uecSrc 59 starting at 0
Flow Uec_1895_117 flowId 61 uecSrc 60 starting at 0
Flow Uec_405_2094 flowId 62 uecSrc 61 starting at 0
Flow Uec_639_2407 flowId 63 uecSrc 62 starting at 0
Flow Uec_2648_888 flowId 64 uecSrc 63 starting at 0
Flow Uec_709_2526 flowId 65 uecSrc 64 starting at 0
Flow Uec_1499_3314 flowId 66 uecSrc 65 starting at 0
Flow Uec_1034_2918 flowId 67 uecSrc 66 starting at 0
Flow Uec_2021_177 flowId 68 uecSrc 67 starting at 0
Flow Uec_3132_1219 flowId 69 uecSrc 68 starting at 0
Flow Uec_917_2774 flowId 70 uecSrc 69 starting at 0
Flow Uec_1585_3490 flowId 71 uecSrc 70 starting at 0
Flow Uec_113_1875 flowId 72 uecSrc 71 starting at 0
Flow Uec_2525_820 flowId 73 uecSrc 72 starting at 0
Flow Uec_646_2353 flowId 74 uecSrc 73 starting at 0
Flow Uec_1614_3505 flowId 75 uecSrc 74 starting at 0
Flow Uec_601_2340 flowId 76 uecSrc 75 starting at 0
Flow Uec_2965_1214 flowId 77 uecSrc 76 starting at 0
Flow Uec_883_2536 flowId 78 uecSrc 77 starting at 0
Flow Uec_1525_3366 flowId 79 uecSrc 78 starting at 0
Flow Uec_3127_1234 flowId 80 uecSrc 79 starting at 0
Flow Uec_2659_868 flowId 81 uecSrc 80 starting at 0
Flow Uec_3435_1730 flowId 82 uecSrc 81 starting at 0
Flow Uec_827_2497 flowId 83 uecSrc 82 starting at 0
Flow Uec_1683_3395 flowId 84 uecSrc 83 starting at 0
Flow Uec_893_2522 flowId 85 uecSrc 84 starting at 0
Flow Uec_925_2764 flowId 86 uecSrc 85 starting at 0
Flow Uec_1963_122 flowId 87 uecSrc 86 starting at 0
Flow Uec_1671_3404 flowId 88 uecSrc 87 starting at 0
Flow Uec_2311_580 flowId 89 uecSrc 88 starting at 0
Flow Uec_1869_164 flowId 90 uecSrc 89 starting at 0
Flow Uec_134_1896 flowId 91 uecSrc 90 starting at 0
Flow Uec_1093_2801 flowId 92 uecSrc 91 starting at 0
Flow Uec_721_2631 flowId 93 uecSrc 92 starting at 0
Flow Uec_1557_3295 flowId 94 uecSrc 93 starting at 0
Flow Uec_1691_3534 flowId 95 uecSrc 94 starting at 0
Flow Uec_361_2100 flowId 96 uecSrc 95 starting at 0
Flow Uec_2162_350 flowId 97 uecSrc 96 starting at 0
Flow Uec_75_1922 flowId 98 uecSrc 97 starting at 0
Flow Uec_2751_1096 flowId 99 uecSrc 98 starting at 0
Flow Uec_73_1858 flowId 100 uecSrc 99 starting at 0
Flow Uec_3162_1463 flowId 101 uecSrc 100 starting at 0
Flow Uec_1648_3550 flowId 102 uecSrc 101 starting at 0
Flow Uec_3169_1540 flowId 103 uecSrc 102 starting at 0
Flow Uec_2567_766 flowId 104 uecSrc 103 starting at 0
Flow Uec_2124_306 flowId 105 uecSrc 104 starting at 0
Flow Uec_3097_1334 flowId 106 uecSrc 105 starting at 0
Flow Uec_2275_472 flowId 107 uecSrc 106 starting at 0
Flow Uec_3375_1722 flowId 108 uecSrc 107 starting at 0
Flow Uec_2633_731 flowId 109 uecSrc 108 starting at 0
Flow Uec_2836_962 flowId 110 uecSrc 109 starting at 0
Flow Uec_1580_3483 flowId 111 uecSrc 110 starting at 0
Flow Uec_1624_3425 flowId 112 uecSrc 111 starting at 0
Flow Uec_94_1905 flowId 113 uecSrc 112 starting at 0
Flow Uec_393_2035 flowId 114 uecSrc 113 starting at 0
Flow Uec_2497_802 flowId 115 uecSrc 114 starting at 0
Flow Uec_2600_875 flowId 116 uecSrc 115 starting at 0
Flow Uec_589_2317 flowId 117 uecSrc 116 starting at 0
Flow Uec_2772_995 flowId 118 uecSrc 117 starting at 0
Flow Uec_1239_3058 flowId 119 uecSrc 118 starting at 0
Flow Uec_2292_554 flowId 120 uecSrc 119 starting at 0
Flow Uec_2534_824 flowId 121 uecSrc 120 starting at 0
Flow Uec_2878_943 flowId 122 uecSrc 121 starting at 0
Flow Uec_2777_990 flowId 123 uecSrc 122 starting at 0
Flow Uec_1802_217 flowId 124 uecSrc 123 starting at 0
Flow Uec_1754_3426 flowId 125 uecSrc 124 starting at 0
Flow Uec_1640_3382 flowId 126 uecSrc 125 starting at 0
Flow Uec_1876_33 flowId 127 uecSrc 126 starting at 0
Flow Uec_2092_343 flowId 128 uecSrc 127 starting at 0
Flow Uec_1309_3035 flowId 129 uecSrc 128 starting at 0
Flow Uec_2364_450 flowId 130 uecSrc 129 starting at 0
Flow Uec_3489_1654 flowId 131 uecSrc 130 starting at 0
Flow Uec_2561_740 flowId 132 uecSrc 131 starting at 0
Flow Uec_1661_3520 flowId 133 uecSrc 132 starting at 0
Flow Uec_223_1865 flowId 134 uecSrc 133 starting at 0
Flow Uec_1984_36 flowId 135 uecSrc 134 starting at 0
Flow Uec_1497_3267 flowId 136 uecSrc 135 starting at 0
Flow Uec_1799_3444 flowId 137 uecSrc 136 starting at 0
Flow Uec_1973_119 flowId 138 uecSrc 137 starting at 0
Flow Uec_2509_747 flowId 139 uecSrc 138 starting at 0
Flow Uec_2623_796 flowId 140 uecSrc 139 starting at 0
Flow Uec_2510_706 flowId 141 uecSrc 140 starting at 0
Flow Uec_2504_765 flowId 142 uecSrc 141 starting at 0
Flow Uec_2536_882 flowId 143 uecSrc 142 starting at 0
Flow Uec_477_2468 flowId 144 uecSrc 143 starting at 0
Flow Uec_620_2277 flowId 145 uecSrc 144 starting at 0
Flow Uec_1888_219 flowId 146 uecSrc 145 starting at 0
Flow Uec_3346_1510 flowId 147 uecSrc 146 starting at 0
Flow Uec_3006_1262 flowId 148 uecSrc 147 starting at 0
Flow Uec_1124_2755 flowId 149 uecSrc 148 starting at 0
Flow Uec_1328_3015 flowId 150 uecSrc 149 starting at 0
Flow Uec_2784_960 flowId 151 uecSrc 150 starting at 0
Flow Uec_2230_383 flowId 152 uecSrc 151 starting at 0
Flow Uec_2132_428 flowId 153 uecSrc 152 starting at 0
Flow Uec_3477_1668 flowId 154 uecSrc 153 starting at 0
Flow Uec_2900_1109 flowId 155 uecSrc 154 starting at 0
Flow Uec_1045_2719 flowId 156 uecSrc 155 starting at 0
Flow Uec_1357_3315 flowId 157 uecSrc 156 starting at 0
Flow Uec_3311_1441 flowId 158 uecSrc 157 starting at 0
Flow Uec_2928_1336 flowId 159 uecSrc 158 starting at 0
Flow Uec_2662_793 flowId 160 uecSrc 159 starting at 0
Flow Uec_3080_1335 flowId 161 uecSrc 160 starting at 0
Flow Uec_1675_3473 flowId 162 uecSrc 161 starting at 0
Flow Uec_2429_611 flowId 163 uecSrc 162 starting at 0
Flow Uec_874_2544 flowId 164 uecSrc 163 starting at 0
Flow Uec_384_2148 flowId 165 uecSrc 164 starting at 0
Flow Uec_3469_1732 flowId 166 uecSrc 165 starting at 0
Flow Uec_290_2248 flowId 167 uecSrc 166 starting at 0
Flow Uec_1947_75 flowId 168 uecSrc 167 starting at 0
Flow Uec_2443_664 flowId 169 uecSrc 168 starting at 0
Flow Uec_3192_1454 flowId 170 uecSrc 169 starting at 0
Flow Uec_1_1924 flowId 171 uecSrc 170 starting at 0
Flow Uec_2178_424 flowId 172 uecSrc 171 starting at 0
Flow Uec_803_2634 flowId 173 uecSrc 172 starting at 0
Flow Uec_3438_1647 flowId 174 uecSrc 173 starting at 0
Flow Uec_887_2658 flowId 175 uecSrc 174 starting at 0
Flow Uec_2873_1067 flowId 176 uecSrc 175 starting at 0
Flow Uec_1416_3328 flowId 177 uecSrc 176 starting at 0
Flow Uec_1002_2857 flowId 178 uecSrc 177 starting at 0
Flow Uec_1952_207 flowId 179 uecSrc 178 starting at 0
Flow Uec_727_2690 flowId 180 uecSrc 179 starting at 0
Flow Uec_2168_412 flowId 181 uecSrc 180 starting at 0
Flow Uec_1186_3056 flowId 182 uecSrc 181 starting at 0
Flow Uec_2815_956 flowId 183 uecSrc 182 starting at 0
Flow Uec_1173_2995 flowId 184 uecSrc 183 starting at 0
Flow Uec_3485_1696 flowId 185 uecSrc 184 starting at 0
Flow Uec_3473_1731 flowId 186 uecSrc 185 starting at 0
Flow Uec_921_2758 flowId 187 uecSrc 186 starting at 0
Flow Uec_734_2635 flowId 188 uecSrc 187 starting at 0
Flow Uec_786_2538 flowId 189 uecSrc 188 starting at 0
Flow Uec_1154_3084 flowId 190 uecSrc 189 starting at 0
Flow Uec_1196_3033 flowId 191 uecSrc 190 starting at 0
Flow Uec_618_2347 flowId 192 uecSrc 191 starting at 0
Flow Uec_1057_2842 flowId 193 uecSrc 192 starting at 0
Flow Uec_3425_1783 flowId 194 uecSrc 193 starting at 0
Flow Uec_151_1879 flowId 195 uecSrc 194 starting at 0
Flow Uec_267_2206 flowId 196 uecSrc 195 starting at 0
Flow Uec_1782_3557 flowId 197 uecSrc 196 starting at 0
Flow Uec_2128_398 flowId 198 uecSrc 197 starting at 0
Flow Uec_2995_1172 flowId 199 uecSrc 198 starting at 0
Flow Uec_728_2489 flowId 200 uecSrc 199 starting at 0
Flow Uec_153_1886 flowId 201 uecSrc 200 starting at 0
Flow Uec_3419_1652 flowId 202 uecSrc 201 starting at 0
Flow Uec_2180_252 flowId 203 uecSrc 202 starting at 0
Flow Uec_459_2282 flowId 204 uecSrc 203 starting at 0
Flow Uec_2891_904 flowId 205 uecSrc 204 starting at 0
Flow Uec_3422_1592 flowId 206 uecSrc 205 starting at 0
Flow Uec_967_2803 flowId 207 uecSrc 206 starting at 0
Flow Uec_1220_3097 flowId 208 uecSrc 207 starting at 0
Flow Uec_2493_694 flowId 209 uecSrc 208 starting at 0
Flow Uec_1491_3333 flowId 210 uecSrc 209 starting at 0
Flow Uec_1117_2832 flowId 211 uecSrc 210 starting at 0
Flow Uec_3145_1342 flowId 212 uecSrc 211 starting at 0
Flow Uec_21_1926 flowId 213 uecSrc 212 starting at 0
Flow Uec_2532_813 flowId 214 uecSrc 213 starting at 0
Flow Uec_683_2666 flowId 215 uecSrc 214 starting at 0
Flow Uec_1843_204 flowId 216 uecSrc 215 starting at 0
Flow Uec_1774_3578 flowId 217 uecSrc 216 starting at 0
Flow Uec_2420_564 flowId 218 uecSrc 217 starting at 0
Flow Uec_847_2576 flowId 219 uecSrc 218 starting at 0
Flow Uec_939_2924 flowId 220 uecSrc 219 starting at 0
Flow Uec_2003_187 flowId 221 uecSrc 220 starting at 0
Flow Uec_3410_1682 flowId 222 uecSrc 221 starting at 0
Flow Uec_2156_280 flowId 223 uecSrc 222 starting at 0
Flow Uec_3354_1357 flowId 224 uecSrc 223 starting at 0
Flow Uec_1251_3086 flowId 225 uecSrc 224 starting at 0
Flow Uec_560_2309 flowId 226 uecSrc 225 starting at 0
Flow Uec_1910_66 flowId 227 uecSrc 226 starting at 0
Flow Uec_2923_1012 flowId 228 uecSrc 227 starting at 0
Flow Uec_2654_746 flowId 229 uecSrc 228 starting at 0
Flow Uec_2579_841 flowId 230 uecSrc 229 starting at 0
Flow Uec_750_2514 flowId 231 uecSrc 230 starting at 0
Flow Uec_373_2120 flowId 232 uecSrc 231 starting at 0
Flow Uec_631_2288 flowId 233 uecSrc 232 starting at 0
Flow Uec_1850_101 flowId 234 uecSrc 233 starting at 0
Flow Uec_2636_743 flowId 235 uecSrc 234 starting at 0
Flow Uec_128_1830 flowId 236 uecSrc 235 starting at 0
Flow Uec_1712_3469 flowId 237 uecSrc 236 starting at 0
Flow Uec_858_2493 flowId 238 uecSrc 237 starting at 0
Flow Uec_3065_1197 flowId 239 uecSrc 238 starting at 0
Flow Uec_1985_92 flowId 240 uecSrc 239 starting at 0
Flow Uec_2864_930 flowId 241 uecSrc 240 starting at 0
Flow Uec_3027_1201 flowId 242 uecSrc 241 starting at 0
Flow Uec_1132_2992 flowId 243 uecSrc 242 starting at 0
Flow Uec_1187_2932 flowId 244 uecSrc 243 starting at 0
Flow Uec_3251_1416 flowId 245 uecSrc 244 starting at 0
Flow Uec_1928_223 flowId 246 uecSrc 245 starting at 0
Flow Uec_688_2581 flowId 247 uecSrc 246 starting at 0
Flow Uec_1326_3113 flowId 248 uecSrc 247 starting at 0
Flow Uec_1758_3529 flowId 249 uecSrc 248 starting at 0
Flow Uec_423_2147 flowId 250 uecSrc 249 starting at 0
Flow Uec_1322_2961 flowId 251 uecSrc 250 starting at 0
Flow Uec_681_2618 flowId 252 uecSrc 251 starting at 0
Flow Uec_630_2296 flowId 253 uecSrc 252 starting at 0
Flow Uec_77_1936 flowId 254 uecSrc 253 starting at 0
Flow Uec_712_2545 flowId 255 uecSrc 254 starting at 0
Flow Uec_1954_100 flowId 256 uecSrc 255 starting at 0
Flow Uec_1770_3587 flowId 257 uecSrc 256 starting at 0
Flow Uec_103_1843 flowId 258 uecSrc 257 starting at 0
Flow Uec_1445_3184 flowId 259 uecSrc 258 starting at 0
Flow Uec_846_2671 flowId 260 uecSrc 259 starting at 0
Flow Uec_1198_3041 flowId 261 uecSrc 260 starting at 0
Flow Uec_1510_3180 flowId 262 uecSrc 261 starting at 0
Flow Uec_1261_3025 flowId 263 uecSrc 262 starting at 0
Flow Uec_319_2212 flowId 264 uecSrc 263 starting at 0
Flow Uec_527_2336 flowId 265 uecSrc 264 starting at 0
Flow Uec_3307_1495 flowId 266 uecSrc 265 starting at 0
Flow Uec_2673_800 flowId 267 uecSrc 266 starting at 0
Flow Uec_295_2152 flowId 268 uecSrc 267 starting at 0
Flow Uec_2007_143 flowId 269 uecSrc 268 starting at 0
Flow Uec_392_2145 flowId 270 uecSrc 269 starting at 0
Flow Uec_2911_1054 flowId 271 uecSrc 270 starting at 0
Flow Uec_476_2251 flowId 272 uecSrc 271 starting at 0
Flow Uec_1848_69 flowId 273 uecSrc 272 starting at 0
Flow Uec_2882_908 flowId 274 uecSrc 273 starting at 0
Flow Uec_1679_3507 flowId 275 uecSrc 274 starting at 0
Flow Uec_1219_3145 flowId 276 uecSrc 275 starting at 0
Flow Uec_1903_142 flowId 277 uecSrc 276 starting at 0
Flow Uec_1089_2920 flowId 278 uecSrc 277 starting at 0
Flow Uec_3088_1333 flowId 279 uecSrc 278 starting at 0
Flow Uec_1094_2743 flowId 280 uecSrc 279 starting at 0
Flow Uec_530_2356 flowId 281 uecSrc 280 starting at 0
Flow Uec_3061_1187 flowId 282 uecSrc 281 starting at 0
Flow Uec_830_2496 flowId 283 uecSrc 282 starting at 0
Flow Uec_3521_1782 flowId 284 uecSrc 283 starting at 0
Flow Uec_3486_1698 flowId 285 uecSrc 284 starting at 0
Flow Uec_3336_1566 flowId 286 uecSrc 285 starting at 0
Flow Uec_95_1869 flowId 287 uecSrc 286 starting at 0
Flow Uec_1377_3357 flowId 288 uecSrc 287 starting at 0
Flow Uec_1248_3080 flowId 289 uecSrc 288 starting at 0
Flow Uec_2192_277 flowId 290 uecSrc 289 starting at 0
Flow Uec_3037_1275 flowId 291 uecSrc 290 starting at 0
Flow Uec_1240_3031 flowId 292 uecSrc 291 starting at 0
Flow Uec_1143_2956 flowId 293 uecSrc 292 starting at 0
Flow Uec_617_2268 flowId 294 uecSrc 293 starting at 0
Flow Uec_217_2022 flowId 295 uecSrc 294 starting at 0
Flow Uec_2425_532 flowId 296 uecSrc 295 starting at 0
Flow Uec_1475_3183 flowId 297 uecSrc 296 starting at 0
Flow Uec_570_2450 flowId 298 uecSrc 297 starting at 0
Flow Uec_2582_739 flowId 299 uecSrc 298 starting at 0
Flow Uec_2927_1298 flowId 300 uecSrc 299 starting at 0
Flow Uec_1195_3111 flowId 301 uecSrc 300 starting at 0
Flow Uec_64_1910 flowId 302 uecSrc 301 starting at 0
Flow Uec_3118_1274 flowId 303 uecSrc 302 starting at 0
Flow Uec_1474_3190 flowId 304 uecSrc 303 starting at 0
Flow Uec_2934_1261 flowId 305 uecSrc 304 starting at 0
Flow Uec_1262_2965 flowId 306 uecSrc 305 starting at 0
Flow Uec_2234_327 flowId 307 uecSrc 306 starting at 0
Flow Uec_1602_3456 flowId 308 uecSrc 307 starting at 0
Flow Uec_1941_56 flowId 309 uecSrc 308 starting at 0
Flow Uec_2287_457 flowId 310 uecSrc 309 starting at 0
Flow Uec_2422_471 flowId 311 uecSrc 310 starting at 0
Flow Uec_345_2050 flowId 312 uecSrc 311 starting at 0
Flow Uec_2723_929 flowId 313 uecSrc 312 starting at 0
Flow Uec_6_1857 flowId 314 uecSrc 313 starting at 0
Flow Uec_769_2475 flowId 315 uecSrc 314 starting at 0
Flow Uec_2848_931 flowId 316 uecSrc 315 starting at 0
Flow Uec_184_1833 flowId 317 uecSrc 316 starting at 0
Flow Uec_3533_1646 flowId 318 uecSrc 317 starting at 0
Flow Uec_2757_907 flowId 319 uecSrc 318 starting at 0
Flow Uec_997_2875 flowId 320 uecSrc 319 starting at 0
Flow Uec_2039_371 flowId 321 uecSrc 320 starting at 0
Flow Uec_1664_3465 flowId 322 uecSrc 321 starting at 0
Flow Uec_3136_1166 flowId 323 uecSrc 322 starting at 0
Flow Uec_2992_1259 flowId 324 uecSrc 323 starting at 0
Flow Uec_1157_2982 flowId 325 uecSrc 324 starting at 0
Flow Uec_994_2866 flowId 326 uecSrc 325 starting at 0
Flow Uec_2563_885 flowId 327 uecSrc 326 starting at 0
Flow Uec_2366_496 flowId 328 uecSrc 327 starting at 0
Flow Uec_492_2464 flowId 329 uecSrc 328 starting at 0
Flow Uec_829_2555 flowId 330 uecSrc 329 starting at 0
Flow Uec_2316_523 flowId 331 uecSrc 330 starting at 0
Flow Uec_2945_1171 flowId 332 uecSrc 331 starting at 0
Flow Uec_166_1805 flowId 333 uecSrc 332 starting at 0
Flow Uec_2299_639 flowId 334 uecSrc 333 starting at 0
Flow Uec_1534_3192 flowId 335 uecSrc 334 starting at 0
Flow Uec_248_2031 flowId 336 uecSrc 335 starting at 0
Flow Uec_1733_3466 flowId 337 uecSrc 336 starting at 0
Flow Uec_2847_1049 flowId 338 uecSrc 337 starting at 0
Flow Uec_1694_3553 flowId 339 uecSrc 338 starting at 0
Flow Uec_3378_1648 flowId 340 uecSrc 339 starting at 0
Flow Uec_2068_417 flowId 341 uecSrc 340 starting at 0
Flow Uec_1014_2783 flowId 342 uecSrc 341 starting at 0
Flow Uec_3222_1362 flowId 343 uecSrc 342 starting at 0
Flow Uec_950_2862 flowId 344 uecSrc 343 starting at 0
Flow Uec_139_2021 flowId 345 uecSrc 344 starting at 0
Flow Uec_1031_2753 flowId 346 uecSrc 345 starting at 0
Flow Uec_3571_1736 flowId 347 uecSrc 346 starting at 0
Flow Uec_503_2416 flowId 348 uecSrc 347 starting at 0
Flow Uec_1547_3350 flowId 349 uecSrc 348 starting at 0
Flow Uec_912_2867 flowId 350 uecSrc 349 starting at 0
Flow Uec_1836_144 flowId 351 uecSrc 350 starting at 0
Flow Uec_3021_1162 flowId 352 uecSrc 351 starting at 0
Flow Uec_2955_1182 flowId 353 uecSrc 352 starting at 0
Flow Uec_105_1931 flowId 354 uecSrc 353 starting at 0
Flow Uec_1885_63 flowId 355 uecSrc 354 starting at 0
Flow Uec_2697_686 flowId 356 uecSrc 355 starting at 0
Flow Uec_3557_1692 flowId 357 uecSrc 356 starting at 0
Flow Uec_2042_400 flowId 358 uecSrc 357 starting at 0
Flow Uec_975_2827 flowId 359 uecSrc 358 starting at 0
Flow Uec_3351_1438 flowId 360 uecSrc 359 starting at 0
142.188 flowid 354 Spurious 0
149.386 flowid 181 Spurious 60
149.723 flowid 181 Spurious 61
150.055 flowid 181 Spurious 62
150.186 flowid 307 Spurious 51
150.856 flowid 307 Spurious 52
152.184 flowid 307 Spurious 56
152.848 flowid 307 Spurious 57
153.722 flowid 181 Spurious 68
156.72 flowid 181 Spurious 72
157.052 flowid 181 Spurious 73
158.165 flowid 307 Spurious 58
161.057 flowid 181 Spurious 65
161.726 flowid 181 Spurious 64
162.813 flowid 358 Spurious 50
163.477 flowid 358 Spurious 80
165.137 flowid 358 Spurious 81
165.469 flowid 358 Spurious 82
165.801 flowid 358 Spurious 83
166.465 flowid 307 Spurious 63
166.797 flowid 358 Spurious 84
167.129 flowid 307 Spurious 64
167.793 flowid 307 Spurious 83
168.125 flowid 307 Spurious 84
168.457 flowid 307 Spurious 85
168.789 flowid 307 Spurious 87
Flow Uec_1345_3020 flowId 5 uecSrc 4 finished at 173.862 total messages 1 total packets 490 RTS 0 total bytes 2002140 in_flight now 0 fair_inc 0 prop_inc 10672 fast_inc 444999 eta_inc 8344 multi_dec -0 quick_dec -0 nack_dec -0
Flow Uec_965_2861 flowId 20 uecSrc 19 finished at 173.862 total messages 1 total packets 490 RTS 0 total bytes 2002140 in_flight now 0 fair_inc 0 prop_inc 10672 fast_inc 444999 eta_inc 8344 multi_dec -0 quick_dec -0 nack_dec -0
Flow Uec_2310_566 flowId 21 uecSrc 20 finished at 173.862 total messages 1 total packets 490 RTS 0 total bytes 2002140 in_flight now 0 fair_inc 0 prop_inc 10672 fast_inc 444999 eta_inc 8344 multi_dec -0 quick_dec -0 nack_dec -0
Flow Uec_3598_1587 flowId 32 uecSrc 31 finished at 173.862 total messages 1 total packets 490 RTS 0 total bytes 2002140 in_flight now 0 fair_inc 0 prop_inc 10672 fast_inc 444999 eta_inc 8344 multi_dec -0 quick_dec -0 nack_dec -0
Flow Uec_2814_980 flowId 35 uecSrc 34 finished at 173.862 total messages 1 total packets 490 RTS 0 total bytes 2002140 in_flight now 0 fair_inc 0 prop_inc 10672 fast_inc 444999 eta_inc 8344 multi_dec -0 quick_dec -0 nack_dec -0
Flow Uec_130_1970 flowId 47 uecSrc 46 finished at 173.862 total messages 1 total packets 490 RTS 0 total bytes 2002140 in_flight now 0 fair_inc 0 prop_inc 10672 fast_inc 444999 eta_inc 8344 multi_dec -0 quick_dec -0 nack_dec -0
Flow Uec_3169_1540 flowId 103 uecSrc 102 finished at 173.862 total messages 1 total packets 490 RTS 0 total bytes 2002140 in_flight now 0 fair_inc 0 prop_inc 10672 fast_inc 444999 eta_inc 8344 multi_dec -0 quick_dec -0 nack_dec -0
Flow Uec_620_2277 flowId 145 uecSrc 144 finished at 173.862 total messages 1 total packets 490 RTS 0 total bytes 2002140 in_flight now 0 fair_inc 0 prop_inc 10672 fast_inc 444999 eta_inc 8344 multi_dec -0 quick_dec -0 nack_dec -0
Flow Uec_2928_1336 flowId 159 uecSrc 158 finished at 173.862 total messages 1 total packets 490 RTS 0 total bytes 2002140 in_flight now 0 fair_inc 0 prop_inc 10672 fast_inc 444999 eta_inc 8344 multi_dec -0 quick_dec -0 nack_dec -0
Flow Uec_2955_1182 flowId 353 uecSrc 352 finished at 173.862 total messages 1 total packets 490 RTS 0 total bytes 2002140 in_flight now 0 fair_inc 0 prop_inc 10672 fast_inc 444999 eta_inc 8344 multi_dec -0 quick_dec -0 nack_dec -0
Flow Uec_994_2866 flowId 326 uecSrc 325 finished at 173.862 total messages 1 total packets 490 RTS 0 total bytes 2002140 in_flight now 0 fair_inc 0 prop_inc 10672 fast_inc 444999 eta_inc 8344 multi_dec -0 quick_dec -0 nack_dec -0
Flow Uec_1322_2961 flowId 251 uecSrc 250 finished at 173.862 total messages 1 total packets 490 RTS 0 total bytes 2002140 in_flight now 0 fair_inc 0 prop_inc 10672 fast_inc 444999 eta_inc 8344 multi_dec -0 quick_dec -0 nack_dec -0
174 flowid 98 Spurious 18
Flow Uec_373_2120 flowId 232 uecSrc 231 finished at 174.105 total messages 1 total packets 490 RTS 0 total bytes 2002140 in_flight now 0 fair_inc 0 prop_inc 10472 fast_inc 444999 eta_inc 8344 multi_dec -0 quick_dec -0 nack_dec -0
Flow Uec_639_2407 flowId 63 uecSrc 62 finished at 174.467 total messages 1 total packets 490 RTS 0 total bytes 2002140 in_flight now 0 fair_inc 0 prop_inc 9484 fast_inc 444999 eta_inc 8344 multi_dec -0 quick_dec -0 nack_dec -0
Flow Uec_2431_638 flowId 45 uecSrc 44 finished at 174.467 total messages 1 total packets 490 RTS 0 total bytes 2002140 in_flight now 0 fair_inc 0 prop_inc 10352 fast_inc 444999 eta_inc 8344 multi_dec -0 quick_dec -0 nack_dec -0
Flow Uec_2525_820 flowId 73 uecSrc 72 finished at 174.467 total messages 1 total packets 490 RTS 0 total bytes 2002140 in_flight now 0 fair_inc 0 prop_inc 10258 fast_inc 444999 eta_inc 8344 multi_dec -0 quick_dec -0 nack_dec -0
Flow Uec_2230_383 flowId 152 uecSrc 151 finished at 174.467 total messages 1 total packets 490 RTS 0 total bytes 2002140 in_flight now 0 fair_inc 0 prop_inc 10258 fast_inc 444999 eta_inc 8344 multi_dec -0 quick_dec -0 nack_dec -0
Flow Uec_305_2087 flowId 23 uecSrc 22 finished at 174.467 total messages 1 total packets 490 RTS 0 total bytes 2002140 in_flight now 0 fair_inc 0 prop_inc 10258 fast_inc 444999 eta_inc 8344 multi_dec -0 quick_dec -0 nack_dec -0
Flow Uec_2579_841 flowId 230 uecSrc 229 finished at 174.467 total messages 1 total packets 490 RTS 0 total bytes 2002140 in_flight now 0 fair_inc 0 prop_inc 10258 fast_inc 444999 eta_inc 8344 multi_dec -0 quick_dec -0 nack_dec -0
Flow Uec_3485_1696 flowId 185 uecSrc 184 finished at 174.467 total messages 1 total packets 490 RTS 0 total bytes 2002140 in_flight now 0 fair_inc 0 prop_inc 10258 fast_inc 444999 eta_inc 8344 multi_dec -0 quick_dec -0 nack_dec -0
Flow Uec_829_2555 flowId 330 uecSrc 329 finished at 174.467 total messages 1 total packets 490 RTS 0 total bytes 2002140 in_flight now 0 fair_inc 0 prop_inc 10258 fast_inc 444999 eta_inc 8344 multi_dec -0 quick_dec -0 nack_dec -0
Flow Uec_1770_3587 flowId 257 uecSrc 256 finished at 174.467 total messages 1 total packets 490 RTS 0 total bytes 2002140 in_flight now 0 fair_inc 0 prop_inc 10258 fast_inc 444999 eta_inc 8344 multi_dec -0 quick_dec -0 nack_dec -0
Flow Uec_786_2538 flowId 189 uecSrc 188 finished at 174.467 total messages 1 total packets 490 RTS 0 total bytes 2002140 in_flight now 0 fair_inc 0 prop_inc 10258 fast_inc 444999 eta_inc 8344 multi_dec -0 quick_dec -0 nack_dec -0
Flow Uec_2299_639 flowId 334 uecSrc 333 finished at 174.472 total messages 1 total packets 490 RTS 0 total bytes 2002140 in_flight now 0 fair_inc 0 prop_inc 94996 fast_inc 0 eta_inc 7748 multi_dec -0 quick_dec -0 nack_dec -0
Flow Uec_3192_1454 flowId 170 uecSrc 169 finished at 175.057 total messages 1 total packets 490 RTS 0 total bytes 2002140 in_flight now 0 fair_inc 0 prop_inc 10205 fast_inc 444999 eta_inc 8344 multi_dec -0 quick_dec -0 nack_dec -0
Flow Uec_3251_1416 flowId 245 uecSrc 244 finished at 175.058 total messages 1 total packets 490 RTS 0 total bytes 2002140 in_flight now 0 fair_inc 0 prop_inc 51543 fast_inc 234378 eta_inc 8344 multi_dec -0 quick_dec -0 nack_dec -0
Flow Uec_128_1830 flowId 236 uecSrc 235 finished at 175.104 total messages 1 total packets 490 RTS 0 total bytes 2002140 in_flight now 0 fair_inc 0 prop_inc 45576 fast_inc 254583 eta_inc 8344 multi_dec -0 quick_dec -0 nack_dec -0
Flow Uec_3477_1668 flowId 154 uecSrc 153 finished at 175.19 total messages 1 total packets 490 RTS 0 total bytes 2002140 in_flight now 0 fair_inc 0 prop_inc 79364 fast_inc 64656 eta_inc 8344 multi_dec -0 quick_dec -0 nack_dec -0
Flow Uec_554_2253 flowId 60 uecSrc 59 finished at 175.205 total messages 1 total packets 490 RTS 0 total bytes 2002140 in_flight now 0 fair_inc 0 prop_inc 10267 fast_inc 444999 eta_inc 8344 multi_dec -0 quick_dec -0 nack_dec -0
Flow Uec_1357_3315 flowId 157 uecSrc 156 finished at 175.22 total messages 1 total packets 490 RTS 0 total bytes 2002140 in_flight now 0 fair_inc 0 prop_inc 10202 fast_inc 444999 eta_inc 8344 multi_dec -0 quick_dec -0 nack_dec -0
Flow Uec_492_2464 flowId 329 uecSrc 328 finished at 175.411 total messages 1 total packets 490 RTS 0 total bytes 2002140 in_flight now 0 fair_inc 0 prop_inc 37646 fast_inc 294993 eta_inc 8344 multi_dec -0 quick_dec -0 nack_dec -0
Flow Uec_688_2581 flowId 247 uecSrc 246 finished at 175.415 total messages 1 total packets 490 RTS 0 total bytes 2002140 in_flight now 0 fair_inc 0 prop_inc 44443 fast_inc 258624 eta_inc 8344 multi_dec -0 quick_dec -0 nack_dec -0
175.451 flowid 98 Spurious 22
Flow Uec_921_2758 flowId 187 uecSrc 186 finished at 176.193 total messages 1 total packets 490 RTS 0 total bytes 2002140 in_flight now 0 fair_inc 0 prop_inc 59777 fast_inc 153558 eta_inc 8344 multi_dec -0 quick_dec -0 nack_dec -0
Flow Uec_166_1805 flowId 333 uecSrc 332 finished at 176.216 total messages 1 total packets 490 RTS 0 total bytes 2002140 in_flight now 0 fair_inc 0 prop_inc 41722 fast_inc 283359 eta_inc 8344 multi_dec -0 quick_dec -0 nack_dec -0
Flow Uec_2180_252 flowId 203 uecSrc 202 finished at 176.224 total messages 1 total packets 490 RTS 0 total bytes 2002140 in_flight now 0 fair_inc 0 prop_inc 59684 fast_inc 153558 eta_inc 8344 multi_dec -0 quick_dec -0 nack_dec -0
Flow Uec_1602_3456 flowId 308 uecSrc 307 finished at 176.265 total messages 1 total packets 490 RTS 0 total bytes 2002140 in_flight now 0 fair_inc 0 prop_inc 59760 fast_inc 153558 eta_inc 8344 multi_dec -0 quick_dec -0 nack_dec -0
Flow Uec_2504_765 flowId 142 uecSrc 141 finished at 176.27 total messages 1 total packets 490 RTS 0 total bytes 2002140 in_flight now 0 fair_inc 0 prop_inc 60414 fast_inc 149517 eta_inc 8344 multi_dec -0 quick_dec -0 nack_dec -0
Flow Uec_1671_3404 flowId 88 uecSrc 87 finished at 176.275 total messages 1 total packets 490 RTS 0 total bytes 2002140 in_flight now 0 fair_inc 0 prop_inc 59098 fast_inc 157599 eta_inc 8344 multi_dec -0 quick_dec -0 nack_dec -0
Flow Uec_2128_398 flowId 198 uecSrc 197 finished at 176.296 total messages 1 total packets 490 RTS 0 total bytes 2002140 in_flight now 0 fair_inc 0 prop_inc 59675 fast_inc 153558 eta_inc 8344 multi_dec -0 quick_dec -0 nack_dec -0
Flow Uec_2567_766 flowId 104 uecSrc 103 finished at 176.311 total messages 1 total packets 490 RTS 0 total bytes 2002140 in_flight now 0 fair_inc 0 prop_inc 59631 fast_inc 153558 eta_inc 8344 multi_dec -0 quick_dec -0 nack_dec -0
176.388 flowid 98 Spurious 24
Flow Uec_2864_930 flowId 241 uecSrc 240 finished at 176.396 total messages 1 total packets 490 RTS 0 total bytes 2002140 in_flight now 0 fair_inc 0 prop_inc 59670 fast_inc 153558 eta_inc 8344 multi_dec -0 quick_dec -0 nack_dec -0
Flow Uec_1093_2801 flowId 92 uecSrc 91 finished at 176.401 total messages 1 total packets 490 RTS 0 total bytes 2002140 in_flight now 0 fair_inc 0 prop_inc 59834 fast_inc 153558 eta_inc 8344 multi_dec -0 quick_dec -0 nack_dec -0
Flow Uec_3336_1566 flowId 286 uecSrc 285 finished at 176.401 total messages 1 total packets 490 RTS 0 total bytes 2002140 in_flight now 0 fair_inc 0 prop_inc 59801 fast_inc 153558 eta_inc 8344 multi_dec -0 quick_dec -0 nack_dec -0
Flow Uec_3311_1441 flowId 158 uecSrc 157 finished at 176.401 total messages 1 total packets 490 RTS 0 total bytes 2002140 in_flight now 0 fair_inc 0 prop_inc 59801 fast_inc 153558 eta_inc 8344 multi_dec -0 quick_dec -0 nack_dec -0
Flow Uec_2561_740 flowId 132 uecSrc 131 finished at 176.401 total messages 1 total packets 490 RTS 0 total bytes 2002140 in_flight now 0 fair_inc 0 prop_inc 59769 fast_inc 153558 eta_inc 8344 multi_dec -0 quick_dec -0 nack_dec -0
Flow Uec_392_2145 flowId 270 uecSrc 269 finished at 176.401 total messages 1 total packets 490 RTS 0 total bytes 2002140 in_flight now 0 fair_inc 0 prop_inc 59866 fast_inc 153558 eta_inc 8344 multi_dec -0 quick_dec -0 nack_dec -0
Flow Uec_3027_1201 flowId 242 uecSrc 241 finished at 176.401 total messages 1 total packets 490 RTS 0 total bytes 2002140 in_flight now 0 fair_inc 0 prop_inc 59737 fast_inc 153558 eta_inc 8344 multi_dec -0 quick_dec -0 nack_dec -0
Flow Uec_1089_2920 flowId 278 uecSrc 277 finished at 176.401 total messages 1 total packets 490 RTS 0 total bytes 2002140 in_flight now 0 fair_inc 0 prop_inc 59638 fast_inc 153558 eta_inc 8344 multi_dec -0 quick_dec -0 nack_dec -0
Flow Uec_570_2450 flowId 298 uecSrc 297 finished at 176.401 total messages 1 total packets 490 RTS 0 total bytes 2002140 in_flight now 0 fair_inc 0 prop_inc 59606 fast_inc 153558 eta_inc 8344 multi_dec -0 quick_dec -0 nack_dec -0
Flow Uec_2429_611 flowId 163 uecSrc 162 finished at 176.401 total messages 1 total packets 490 RTS 0 total bytes 2002140 in_flight now 0 fair_inc 0 prop_inc 59572 fast_inc 153558 eta_inc 8344 multi_dec -0 quick_dec -0 nack_dec -0
Flow Uec_345_2050 flowId 312 uecSrc 311 finished at 176.406 total messages 1 total packets 490 RTS 0 total bytes 2002140 in_flight now 0 fair_inc 0 prop_inc 60537 fast_inc 149517 eta_inc 8344 multi_dec -0 quick_dec -0 nack_dec -0
Flow Uec_1499_3314 flowId 66 uecSrc 65 finished at 176.406 total messages 1 total packets 490 RTS 0 total bytes 2002140 in_flight now 0 fair_inc 0 prop_inc 60438 fast_inc 149517 eta_inc 8344 multi_dec -0 quick_dec -0 nack_dec -0
Flow Uec_888_2662 flowId 2 uecSrc 1 finished at 176.406 total messages 1 total packets 490 RTS 0 total bytes 2002140 in_flight now 0 fair_inc 0 prop_inc 62706 fast_inc 149517 eta_inc 8344 multi_dec -0 quick_dec -0 nack_dec -0
Flow Uec_1712_3469 flowId 237 uecSrc 236 finished at 176.612 total messages 1 total packets 490 RTS 0 total bytes 2002140 in_flight now 0 fair_inc 0 prop_inc 58530 fast_inc 153558 eta_inc 8344 multi_dec -0 quick_dec -0 nack_dec -0
Flow Uec_184_1833 flowId 317 uecSrc 316 finished at 176.618 total messages 1 total packets 490 RTS 0 total bytes 2002140 in_flight now 0 fair_inc 0 prop_inc 60906 fast_inc 145476 eta_inc 8344 multi_dec -0 quick_dec -0 nack_dec -0
Flow Uec_1143_2956 flowId 293 uecSrc 292 finished at 176.636 total messages 1 total packets 490 RTS 0 total bytes 2002140 in_flight now 0 fair_inc 0 prop_inc 75000 fast_inc 60615 eta_inc 8344 multi_dec -0 quick_dec -0 nack_dec -0
Flow Uec_975_2827 flowId 359 uecSrc 358 finished at 176.641 total messages 1 total packets 490 RTS 0 total bytes 2002140 in_flight now 0 fair_inc 0 prop_inc 74947 fast_inc 60615 eta_inc 8344 multi_dec -0 quick_dec -0 nack_dec -0
Flow Uec_2156_280 flowId 223 uecSrc 222 finished at 176.652 total messages 1 total packets 490 RTS 0 total bytes 2002140 in_flight now 0 fair_inc 0 prop_inc 81174 fast_inc 20205 eta_inc 8344 multi_dec -0 quick_dec -0 nack_dec -0
Flow Uec_2192_277 flowId 290 uecSrc 289 finished at 176.652 total messages 1 total packets 490 RTS 0 total bytes 2002140 in_flight now 0 fair_inc 0 prop_inc 83080 fast_inc 12123 eta_inc 8344 multi_dec -0 quick_dec -0 nack_dec -0
Flow Uec_1326_3113 flowId 248 uecSrc 247 finished at 176.657 total messages 1 total packets 490 RTS 0 total bytes 2002140 in_flight now 0 fair_inc 0 prop_inc 75075 fast_inc 56574 eta_inc 8344 multi_dec -0 quick_dec -0 nack_dec -0
Flow Uec_151_1879 flowId 195 uecSrc 194 finished at 176.728 total messages 1 total packets 490 RTS 0 total bytes 2002140 in_flight now 0 fair_inc 0 prop_inc 73533 fast_inc 68697 eta_inc 8344 multi_dec -0 quick_dec -0 nack_dec -0
Flow Uec_2982_1215 flowId 26 uecSrc 25 finished at 176.728 total messages 1 total packets 490 RTS 0 total bytes 2002140 in_flight now 0 fair_inc 0 prop_inc 89613 fast_inc 8082 eta_inc 8344 multi_dec -0 quick_dec -0 nack_dec -0
Flow Uec_3571_1736 flowId 347 uecSrc 346 finished at 176.738 total messages 1 total packets 490 RTS 0 total bytes 2002140 in_flight now 0 fair_inc 0 prop_inc 60099 fast_inc 149517 eta_inc 8344 multi_dec -0 quick_dec -0 nack_dec -0
Flow Uec_2723_929 flowId 313 uecSrc 312 finished at 176.923 total messages 1 total packets 490 RTS 0 total bytes 2002140 in_flight now 0 fair_inc 0 prop_inc 82000 fast_inc 0 eta_inc 8344 multi_dec -0 quick_dec -0 nack_dec -0
Flow Uec_3006_1262 flowId 148 uecSrc 147 finished at 176.95 total messages 1 total packets 490 RTS 0 total bytes 2002140 in_flight now 0 fair_inc 0 prop_inc 79779 fast_inc 24246 eta_inc 8344 multi_dec -0 quick_dec -0 nack_dec -0
Flow Uec_2751_1096 flowId 99 uecSrc 98 finished at 176.978 total messages 1 total packets 490 RTS 0 total bytes 2002140 in_flight now 0 fair_inc 0 prop_inc 80118 fast_inc 24246 eta_inc 8344 multi_dec -0 quick_dec -0 nack_dec -0
Flow Uec_2777_990 flowId 123 uecSrc 122 finished at 176.978 total messages 1 total packets 490 RTS 0 total bytes 2002140 in_flight now 0 fair_inc 0 prop_inc 82997 fast_inc 12123 eta_inc 8344 multi_dec -0 quick_dec -0 nack_dec -0
Flow Uec_1328_3015 flowId 150 uecSrc 149 finished at 177.25 total messages 1 total packets 490 RTS 0 total bytes 2002140 in_flight now 0 fair_inc 0 prop_inc 78594 fast_inc 16164 eta_inc 8344 multi_dec -0 quick_dec -0 nack_dec -0
Flow Uec_1848_69 flowId 273 uecSrc 272 finished at 177.588 total messages 1 total packets 490 RTS 0 total bytes 2002140 in_flight now 0 fair_inc 0 prop_inc 59069 fast_inc 96984 eta_inc 8344 multi_dec -0 quick_dec -0 nack_dec -0
Flow Uec_883_2536 flowId 78 uecSrc 77 finished at 177.969 total messages 1 total packets 490 RTS 0 total bytes 2002140 in_flight now 0 fair_inc 0 prop_inc 74297 fast_inc 24246 eta_inc 8344 multi_dec -0 quick_dec -0 nack_dec -0
Flow Uec_1876_33 flowId 127 uecSrc 126 finished at 182.725 total messages 1 total packets 490 RTS 0 total bytes 2002140 in_flight now 0 fair_inc 0 prop_inc 53028 fast_inc 0 eta_inc 8344 multi_dec -0 quick_dec -0 nack_dec -0
186.514 flowid 98 Spurious 26
187.515 flowid 98 Spurious 29
Flow Uec_6_1857 flowId 314 uecSrc 313 finished at 187.61 total messages 1 total packets 490 RTS 0 total bytes 2002140 in_flight now 0 fair_inc 1992 prop_inc 44932 fast_inc 0 eta_inc 8940 multi_dec -0 quick_dec -0 nack_dec -4150
187.852 flowid 98 Spurious 30
188.527 flowid 98 Spurious 32
189.201 flowid 98 Spurious 34
Flow Uec_17_1964 flowId 57 uecSrc 56 finished at 189.398 total messages 1 total packets 490 RTS 0 total bytes 2002140 in_flight now 0 fair_inc 5602 prop_inc 43363 fast_inc 0 eta_inc 8940 multi_dec -0 quick_dec -0 nack_dec -0
189.533 flowid 98 Spurious 35
Flow Uec_2422_471 flowId 311 uecSrc 310 finished at 189.798 total messages 1 total packets 490 RTS 0 total bytes 2002140 in_flight now 0 fair_inc 0 prop_inc 31558 fast_inc 0 eta_inc 8940 multi_dec -0 quick_dec -0 nack_dec -0
Flow Uec_2081_344 flowId 13 uecSrc 12 finished at 193.364 total messages 1 total packets 490 RTS 0 total bytes 2002140 in_flight now 0 fair_inc 0 prop_inc 90083 fast_inc 0 eta_inc 8344 multi_dec -0 quick_dec -0 nack_dec -0
196.985 flowid 98 Spurious 38
197.317 flowid 98 Spurious 39
198.313 flowid 98 Spurious 41
202.937 flowid 98 Spurious 53
203.601 flowid 98 Spurious 46
203.933 flowid 98 Spurious 47
204.265 flowid 98 Spurious 48
204.932 flowid 98 Spurious 50
205.269 flowid 98 Spurious 52
Flow Uec_21_1926 flowId 213 uecSrc 212 finished at 263.704 total messages 1 total packets 490 RTS 0 total bytes 2002140 in_flight now 0 fair_inc 0 prop_inc 39531 fast_inc 0 eta_inc 7748 multi_dec -0 quick_dec -0 nack_dec -0
266.899 flowid 354 Spurious 0
Flow Uec_2168_412 flowId 181 uecSrc 180 finished at 300.803 total messages 1 total packets 492 RTS 2 total bytes 2002140 in_flight now 0 fair_inc 6972 prop_inc 34872 fast_inc 0 eta_inc 13708 multi_dec -69939 quick_dec -0 nack_dec -16600
Flow Uec_2007_143 flowId 269 uecSrc 268 finished at 309.096 total messages 1 total packets 490 RTS 0 total bytes 2002140 in_flight now 0 fair_inc 5171 prop_inc 45158 fast_inc 0 eta_inc 14304 multi_dec -104227 quick_dec -0 nack_dec -33200
Flow Uec_2848_931 flowId 316 uecSrc 315 finished at 310.205 total messages 1 total packets 490 RTS 0 total bytes 2002140 in_flight now 0 fair_inc 2493 prop_inc 31931 fast_inc 0 eta_inc 14900 multi_dec -83857 quick_dec -0 nack_dec -41500
Flow Uec_103_1843 flowId 258 uecSrc 257 finished at 311.858 total messages 1 total packets 490 RTS 0 total bytes 2002140 in_flight now 0 fair_inc 3257 prop_inc 27668 fast_inc 0 eta_inc 14900 multi_dec -91012 quick_dec -0 nack_dec -33200
Flow Uec_3557_1692 flowId 357 uecSrc 356 finished at 312.301 total messages 1 total packets 490 RTS 0 total bytes 2002140 in_flight now 0 fair_inc 1691 prop_inc 29877 fast_inc 0 eta_inc 14900 multi_dec -86283 quick_dec -0 nack_dec -37350
Flow Uec_3410_1682 flowId 222 uecSrc 221 finished at 313.415 total messages 1 total packets 490 RTS 0 total bytes 2002140 in_flight now 0 fair_inc 3415 prop_inc 30065 fast_inc 0 eta_inc 14900 multi_dec -83315 quick_dec -0 nack_dec -45650
Flow Uec_2042_400 flowId 358 uecSrc 357 finished at 313.663 total messages 1 total packets 493 RTS 3 total bytes 2002140 in_flight now 0 fair_inc 3814 prop_inc 38825 fast_inc 0 eta_inc 14304 multi_dec -47140 quick_dec -0 nack_dec -12450
Flow Uec_1187_2932 flowId 244 uecSrc 243 finished at 313.878 total messages 1 total packets 490 RTS 0 total bytes 2002140 in_flight now 0 fair_inc 5845 prop_inc 31990 fast_inc 0 eta_inc 14900 multi_dec -74365 quick_dec -0 nack_dec -53950
Flow Uec_827_2497 flowId 83 uecSrc 82 finished at 314.347 total messages 1 total packets 490 RTS 0 total bytes 2002140 in_flight now 0 fair_inc 5671 prop_inc 26868 fast_inc 0 eta_inc 14900 multi_dec -79542 quick_dec -0 nack_dec -45650
Flow Uec_302_2207 flowId 1 uecSrc 0 finished at 314.738 total messages 1 total packets 490 RTS 0 total bytes 2002140 in_flight now 0 fair_inc 5550 prop_inc 16361 fast_inc 0 eta_inc 14900 multi_dec -98055 quick_dec -0 nack_dec -20750
Flow Uec_1832_166 flowId 28 uecSrc 27 finished at 315.691 total messages 1 total packets 490 RTS 0 total bytes 2002140 in_flight now 0 fair_inc 3349 prop_inc 30777 fast_inc 0 eta_inc 15496 multi_dec -85108 quick_dec -0 nack_dec -41500
Flow Uec_1639_3408 flowId 7 uecSrc 6 finished at 316.398 total messages 1 total packets 490 RTS 0 total bytes 2002140 in_flight now 0 fair_inc 9150 prop_inc 34068 fast_inc 0 eta_inc 14900 multi_dec -122390 quick_dec -0 nack_dec -20750
Flow Uec_1733_3466 flowId 337 uecSrc 336 finished at 316.706 total messages 1 total packets 490 RTS 0 total bytes 2002140 in_flight now 0 fair_inc 2521 prop_inc 29587 fast_inc 0 eta_inc 15496 multi_dec -81054 quick_dec -0 nack_dec -45650
Flow Uec_2132_428 flowId 153 uecSrc 152 finished at 318.058 total messages 1 total packets 490 RTS 0 total bytes 2002140 in_flight now 0 fair_inc 5742 prop_inc 23742 fast_inc 0 eta_inc 14900 multi_dec -72606 quick_dec -0 nack_dec -45650
Flow Uec_1869_164 flowId 90 uecSrc 89 finished at 318.14 total messages 1 total packets 490 RTS 0 total bytes 2002140 in_flight now 0 fair_inc 5726 prop_inc 24449 fast_inc 0 eta_inc 15496 multi_dec -75276 quick_dec -0 nack_dec -49800
Flow Uec_2659_868 flowId 81 uecSrc 80 finished at 318.366 total messages 1 total packets 490 RTS 0 total bytes 2002140 in_flight now 0 fair_inc 4799 prop_inc 18930 fast_inc 0 eta_inc 15496 multi_dec -94467 quick_dec -0 nack_dec -29050
Flow Uec_393_2035 flowId 114 uecSrc 113 finished at 318.395 total messages 1 total packets 490 RTS 0 total bytes 2002140 in_flight now 0 fair_inc 3381 prop_inc 27507 fast_inc 0 eta_inc 14900 multi_dec -78721 quick_dec -0 nack_dec -49800
Flow Uec_3425_1783 flowId 194 uecSrc 193 finished at 319.692 total messages 1 total packets 490 RTS 0 total bytes 2002140 in_flight now 0 fair_inc 3363 prop_inc 27941 fast_inc 0 eta_inc 15496 multi_dec -73744 quick_dec -0 nack_dec -49800
Flow Uec_134_1896 flowId 91 uecSrc 90 finished at 320.813 total messages 1 total packets 490 RTS 0 total bytes 2002140 in_flight now 0 fair_inc 1681 prop_inc 27106 fast_inc 0 eta_inc 15496 multi_dec -71199 quick_dec -0 nack_dec -49800
Flow Uec_2836_962 flowId 110 uecSrc 109 finished at 321.349 total messages 1 total packets 490 RTS 0 total bytes 2002140 in_flight now 0 fair_inc 4989 prop_inc 26859 fast_inc 0 eta_inc 15496 multi_dec -68880 quick_dec -0 nack_dec -53950
Flow Uec_1240_3031 flowId 292 uecSrc 291 finished at 322.345 total messages 1 total packets 490 RTS 0 total bytes 2002140 in_flight now 0 fair_inc 3420 prop_inc 27050 fast_inc 0 eta_inc 15496 multi_dec -82359 quick_dec -0 nack_dec -45650
Flow Uec_2162_350 flowId 97 uecSrc 96 finished at 323.009 total messages 1 total packets 490 RTS 0 total bytes 2002140 in_flight now 0 fair_inc 2614 prop_inc 28767 fast_inc 0 eta_inc 15496 multi_dec -74985 quick_dec -0 nack_dec -49800
Flow Uec_3222_1362 flowId 343 uecSrc 342 finished at 323.014 total messages 1 total packets 490 RTS 0 total bytes 2002140 in_flight now 0 fair_inc 3501 prop_inc 29509 fast_inc 0 eta_inc 14900 multi_dec -77461 quick_dec -0 nack_dec -53950
Flow Uec_788_2664 flowId 55 uecSrc 54 finished at 323.251 total messages 1 total packets 490 RTS 0 total bytes 2002140 in_flight now 0 fair_inc 3196 prop_inc 39560 fast_inc 0 eta_inc 15496 multi_dec -112310 quick_dec -0 nack_dec -29050
Flow Uec_2493_694 flowId 209 uecSrc 208 finished at 323.262 total messages 1 total packets 490 RTS 0 total bytes 2002140 in_flight now 0 fair_inc 3460 prop_inc 30188 fast_inc 0 eta_inc 14900 multi_dec -75334 quick_dec -0 nack_dec -53950
Flow Uec_1895_117 flowId 61 uecSrc 60 finished at 323.89 total messages 1 total packets 490 RTS 0 total bytes 2002140 in_flight now 0 fair_inc 3514 prop_inc 38219 fast_inc 0 eta_inc 15496 multi_dec -112002 quick_dec -0 nack_dec -29050
Flow Uec_361_2100 flowId 96 uecSrc 95 finished at 324.564 total messages 1 total packets 490 RTS 0 total bytes 2002140 in_flight now 0 fair_inc 5558 prop_inc 39487 fast_inc 0 eta_inc 16092 multi_dec -105492 quick_dec -0 nack_dec -41500
Flow Uec_64_1910 flowId 302 uecSrc 301 finished at 325.238 total messages 1 total packets 490 RTS 0 total bytes 2002140 in_flight now 0 fair_inc 4250 prop_inc 24338 fast_inc 0 eta_inc 15496 multi_dec -78979 quick_dec -0 nack_dec -49800
Flow Uec_2366_496 flowId 328 uecSrc 327 finished at 325.433 total messages 1 total packets 490 RTS 0 total bytes 2002140 in_flight now 0 fair_inc 9064 prop_inc 34232 fast_inc 0 eta_inc 15496 multi_dec -119335 quick_dec -0 nack_dec -29050
Flow Uec_2364_450 flowId 130 uecSrc 129 finished at 325.654 total messages 1 total packets 490 RTS 0 total bytes 2002140 in_flight now 0 fair_inc 5029 prop_inc 26237 fast_inc 0 eta_inc 15496 multi_dec -65387 quick_dec -0 nack_dec -58100
Flow Uec_1031_2753 flowId 346 uecSrc 345 finished at 326.988 total messages 1 total packets 490 RTS 0 total bytes 2002140 in_flight now 0 fair_inc 13430 prop_inc 16027 fast_inc 0 eta_inc 16092 multi_dec -85581 quick_dec -0 nack_dec -33200
Flow Uec_2582_739 flowId 299 uecSrc 298 finished at 327.335 total messages 1 total packets 490 RTS 0 total bytes 2002140 in_flight now 0 fair_inc 3510 prop_inc 40326 fast_inc 0 eta_inc 15496 multi_dec -110347 quick_dec -0 nack_dec -37350
Flow Uec_319_2212 flowId 264 uecSrc 263 finished at 327.48 total messages 1 total packets 490 RTS 0 total bytes 2002140 in_flight now 0 fair_inc 1643 prop_inc 40658 fast_inc 0 eta_inc 16092 multi_dec -115551 quick_dec -0 nack_dec -33200
Flow Uec_3378_1648 flowId 340 uecSrc 339 finished at 327.537 total messages 1 total packets 490 RTS 0 total bytes 2002140 in_flight now 0 fair_inc 3222 prop_inc 38766 fast_inc 0 eta_inc 15496 multi_dec -109388 quick_dec -0 nack_dec -37350
Flow Uec_2292_554 flowId 120 uecSrc 119 finished at 327.789 total messages 1 total packets 490 RTS 0 total bytes 2002140 in_flight now 0 fair_inc 3704 prop_inc 36132 fast_inc 0 eta_inc 15496 multi_dec -120466 quick_dec -0 nack_dec -24900
Flow Uec_3435_1730 flowId 82 uecSrc 81 finished at 328.171 total messages 1 total packets 490 RTS 0 total bytes 2002140 in_flight now 0 fair_inc 8616 prop_inc 24636 fast_inc 0 eta_inc 15496 multi_dec -70659 quick_dec -0 nack_dec -62250
Flow Uec_1942_123 flowId 4 uecSrc 3 finished at 329.931 total messages 1 total packets 490 RTS 0 total bytes 2002140 in_flight now 0 fair_inc 5449 prop_inc 39927 fast_inc 0 eta_inc 15496 multi_dec -105114 quick_dec -0 nack_dec -45650
Flow Uec_3061_1187 flowId 282 uecSrc 281 finished at 330.01 total messages 1 total packets 490 RTS 0 total bytes 2002140 in_flight now 0 fair_inc 8974 prop_inc 30897 fast_inc 0 eta_inc 15496 multi_dec -109125 quick_dec -0 nack_dec -37350
Flow Uec_530_2356 flowId 281 uecSrc 280 finished at 330.01 total messages 1 total packets 490 RTS 0 total bytes 2002140 in_flight now 0 fair_inc 11140 prop_inc 27087 fast_inc 0 eta_inc 16092 multi_dec -100726 quick_dec -0 nack_dec -41500
Flow Uec_3210_1358 flowId 25 uecSrc 24 finished at 330.413 total messages 1 total packets 490 RTS 0 total bytes 2002140 in_flight now 0 fair_inc 10734 prop_inc 30487 fast_inc 0 eta_inc 15496 multi_dec -111480 quick_dec -0 nack_dec -37350
Flow Uec_3134_1318 flowId 48 uecSrc 47 finished at 330.586 total messages 1 total packets 490 RTS 0 total bytes 2002140 in_flight now 0 fair_inc 4429 prop_inc 40061 fast_inc 0 eta_inc 16092 multi_dec -110172 quick_dec -0 nack_dec -37350
Flow Uec_2757_907 flowId 319 uecSrc 318 finished at 330.645 total messages 1 total packets 490 RTS 0 total bytes 2002140 in_flight now 0 fair_inc 9540 prop_inc 30582 fast_inc 0 eta_inc 16092 multi_dec -88615 quick_dec -0 nack_dec -49800
Flow Uec_2039_371 flowId 321 uecSrc 320 finished at 330.982 total messages 1 total packets 490 RTS 0 total bytes 2002140 in_flight now 0 fair_inc 2685 prop_inc 28551 fast_inc 0 eta_inc 16092 multi_dec -70264 quick_dec -0 nack_dec -62250
Flow Uec_2420_564 flowId 218 uecSrc 217 finished at 331.71 total messages 1 total packets 490 RTS 0 total bytes 2002140 in_flight now 0 fair_inc 1789 prop_inc 27697 fast_inc 0 eta_inc 16092 multi_dec -74008 quick_dec -0 nack_dec -58100
Flow Uec_1377_3357 flowId 288 uecSrc 287 finished at 331.962 total messages 1 total packets 490 RTS 0 total bytes 2002140 in_flight now 0 fair_inc 3554 prop_inc 27321 fast_inc 0 eta_inc 15496 multi_dec -69895 quick_dec -0 nack_dec -62250
Flow Uec_939_2924 flowId 220 uecSrc 219 finished at 332.01 total messages 1 total packets 490 RTS 0 total bytes 2002140 in_flight now 0 fair_inc 4527 prop_inc 30995 fast_inc 0 eta_inc 15496 multi_dec -77974 quick_dec -0 nack_dec -53950
Flow Uec_3469_1732 flowId 166 uecSrc 165 finished at 332.263 total messages 1 total packets 490 RTS 0 total bytes 2002140 in_flight now 0 fair_inc 5845 prop_inc 39700 fast_inc 0 eta_inc 16092 multi_dec -104374 quick_dec -0 nack_dec -45650
Flow Uec_830_2496 flowId 283 uecSrc 282 finished at 332.666 total messages 1 total packets 490 RTS 0 total bytes 2002140 in_flight now 0 fair_inc 5779 prop_inc 29821 fast_inc 0 eta_inc 16092 multi_dec -104371 quick_dec -0 nack_dec -33200
Flow Uec_646_2353 flowId 74 uecSrc 73 finished at 333.33 total messages 1 total packets 490 RTS 0 total bytes 2002140 in_flight now 0 fair_inc 10990 prop_inc 28967 fast_inc 0 eta_inc 15496 multi_dec -106144 quick_dec -0 nack_dec -33200
Flow Uec_2882_908 flowId 274 uecSrc 273 finished at 333.426 total messages 1 total packets 490 RTS 0 total bytes 2002140 in_flight now 0 fair_inc 1878 prop_inc 37464 fast_inc 0 eta_inc 16092 multi_dec -99642 quick_dec -0 nack_dec -41500
Flow Uec_1236_3125 flowId 16 uecSrc 15 finished at 334.06 total messages 1 total packets 490 RTS 0 total bytes 2002140 in_flight now 0 fair_inc 8156 prop_inc 31974 fast_inc 0 eta_inc 15496 multi_dec -110924 quick_dec -0 nack_dec -37350
Flow Uec_769_2475 flowId 315 uecSrc 314 finished at 334.297 total messages 1 total packets 490 RTS 0 total bytes 2002140 in_flight now 0 fair_inc 1891 prop_inc 37956 fast_inc 0 eta_inc 16092 multi_dec -105765 quick_dec -0 nack_dec -41500
Flow Uec_1534_3192 flowId 335 uecSrc 334 finished at 334.297 total messages 1 total packets 490 RTS 0 total bytes 2002140 in_flight now 0 fair_inc 5122 prop_inc 35141 fast_inc 0 eta_inc 16092 multi_dec -100612 quick_dec -0 nack_dec -41500
Flow Uec_779_2511 flowId 8 uecSrc 7 finished at 334.313 total messages 1 total packets 490 RTS 0 total bytes 2002140 in_flight now 0 fair_inc 4939 prop_inc 39317 fast_inc 0 eta_inc 16092 multi_dec -105707 quick_dec -0 nack_dec -45650
Flow Uec_893_2522 flowId 85 uecSrc 84 finished at 334.99 total messages 1 total packets 490 RTS 0 total bytes 2002140 in_flight now 0 fair_inc 10505 prop_inc 32149 fast_inc 0 eta_inc 15496 multi_dec -106777 quick_dec -0 nack_dec -41500
Flow Uec_527_2336 flowId 265 uecSrc 264 finished at 335.293 total messages 1 total packets 490 RTS 0 total bytes 2002140 in_flight now 0 fair_inc 1670 prop_inc 17398 fast_inc 0 eta_inc 16092 multi_dec -78841 quick_dec -0 nack_dec -41500
Flow Uec_3419_1652 flowId 202 uecSrc 201 finished at 335.489 total messages 1 total packets 490 RTS 0 total bytes 2002140 in_flight now 0 fair_inc 2739 prop_inc 38881 fast_inc 0 eta_inc 16092 multi_dec -102022 quick_dec -0 nack_dec -41500
Flow Uec_3065_1197 flowId 239 uecSrc 238 finished at 335.757 total messages 1 total packets 490 RTS 0 total bytes 2002140 in_flight now 0 fair_inc 2523 prop_inc 39890 fast_inc 0 eta_inc 16092 multi_dec -103902 quick_dec -0 nack_dec -45650
Flow Uec_727_2690 flowId 180 uecSrc 179 finished at 335.826 total messages 1 total packets 490 RTS 0 total bytes 2002140 in_flight now 0 fair_inc 3966 prop_inc 41557 fast_inc 0 eta_inc 16092 multi_dec -103193 quick_dec -0 nack_dec -49800
Flow Uec_3489_1654 flowId 131 uecSrc 130 finished at 336.164 total messages 1 total packets 490 RTS 0 total bytes 2002140 in_flight now 0 fair_inc 5016 prop_inc 36888 fast_inc 0 eta_inc 16092 multi_dec -106602 quick_dec -0 nack_dec -41500
Flow Uec_1885_63 flowId 355 uecSrc 354 finished at 336.363 total messages 1 total packets 490 RTS 0 total bytes 2002140 in_flight now 0 fair_inc 17135 prop_inc 33976 fast_inc 0 eta_inc 16092 multi_dec -117761 quick_dec -0 nack_dec -33200
Flow Uec_803_2634 flowId 173 uecSrc 172 finished at 336.479 total messages 1 total packets 490 RTS 0 total bytes 2002140 in_flight now 0 fair_inc 8886 prop_inc 29354 fast_inc 0 eta_inc 16092 multi_dec -96135 quick_dec -0 nack_dec -45650
Flow Uec_459_2282 flowId 204 uecSrc 203 finished at 336.479 total messages 1 total packets 490 RTS 0 total bytes 2002140 in_flight now 0 fair_inc 11381 prop_inc 31899 fast_inc 0 eta_inc 16092 multi_dec -96756 quick_dec -0 nack_dec -53950
Flow Uec_776_2678 flowId 12 uecSrc 11 finished at 336.479 total messages 1 total packets 490 RTS 0 total bytes 2002140 in_flight now 0 fair_inc 7862 prop_inc 32696 fast_inc 0 eta_inc 16092 multi_dec -90702 quick_dec -0 nack_dec -53950
Flow Uec_601_2340 flowId 76 uecSrc 75 finished at 336.479 total messages 1 total packets 490 RTS 0 total bytes 2002140 in_flight now 0 fair_inc 8546 prop_inc 29864 fast_inc 0 eta_inc 16092 multi_dec -93814 quick_dec -0 nack_dec -45650
Flow Uec_3132_1219 flowId 69 uecSrc 68 finished at 336.489 total messages 1 total packets 490 RTS 0 total bytes 2002140 in_flight now 0 fair_inc 7077 prop_inc 33634 fast_inc 0 eta_inc 16092 multi_dec -90545 quick_dec -0 nack_dec -49800
Flow Uec_1304_2994 flowId 37 uecSrc 36 finished at 336.544 total messages 1 total packets 490 RTS 0 total bytes 2002140 in_flight now 0 fair_inc 12990 prop_inc 29773 fast_inc 0 eta_inc 16092 multi_dec -102044 quick_dec -0 nack_dec -49800
Flow Uec_3227_1530 flowId 56 uecSrc 55 finished at 336.549 total messages 1 total packets 490 RTS 0 total bytes 2002140 in_flight now 0 fair_inc 9013 prop_inc 34594 fast_inc 0 eta_inc 16092 multi_dec -97812 quick_dec -0 nack_dec -53950
Flow Uec_1910_66 flowId 227 uecSrc 226 finished at 336.732 total messages 1 total packets 490 RTS 0 total bytes 2002140 in_flight now 0 fair_inc 5240 prop_inc 40547 fast_inc 0 eta_inc 16092 multi_dec -104141 quick_dec -0 nack_dec -45650
Flow Uec_589_2317 flowId 117 uecSrc 116 finished at 337.114 total messages 1 total packets 490 RTS 0 total bytes 2002140 in_flight now 0 fair_inc 2528 prop_inc 16927 fast_inc 0 eta_inc 16092 multi_dec -80160 quick_dec -0 nack_dec -45650
Flow Uec_899_2633 flowId 24 uecSrc 23 finished at 337.114 total messages 1 total packets 490 RTS 0 total bytes 2002140 in_flight now 0 fair_inc 4805 prop_inc 34919 fast_inc 0 eta_inc 16092 multi_dec -97577 quick_dec -0 nack_dec -45650
Flow Uec_1557_3295 flowId 94 uecSrc 93 finished at 337.114 total messages 1 total packets 490 RTS 0 total bytes 2002140 in_flight now 0 fair_inc 2849 prop_inc 30581 fast_inc 0 eta_inc 15496 multi_dec -115675 quick_dec -0 nack_dec -24900
Flow Uec_1510_3180 flowId 262 uecSrc 261 finished at 337.114 total messages 1 total packets 490 RTS 0 total bytes 2002140 in_flight now 0 fair_inc 2691 prop_inc 34747 fast_inc 0 eta_inc 16092 multi_dec -96359 quick_dec -0 nack_dec -45650
Flow Uec_2092_343 flowId 128 uecSrc 127 finished at 337.119 total messages 1 total packets 490 RTS 0 total bytes 2002140 in_flight now 0 fair_inc 6026 prop_inc 28191 fast_inc 0 eta_inc 16092 multi_dec -118453 quick_dec -0 nack_dec -29050
Flow Uec_2287_457 flowId 310 uecSrc 309 finished at 337.151 total messages 1 total packets 490 RTS 0 total bytes 2002140 in_flight now 0 fair_inc 9377 prop_inc 38131 fast_inc 0 eta_inc 16092 multi_dec -91907 quick_dec -0 nack_dec -62250
Flow Uec_2896_1055 flowId 11 uecSrc 10 finished at 337.238 total messages 1 total packets 490 RTS 0 total bytes 2002140 in_flight now 0 fair_inc 2144 prop_inc 37228 fast_inc 0 eta_inc 16092 multi_dec -97074 quick_dec -0 nack_dec -45650
Flow Uec_3473_1731 flowId 186 uecSrc 185 finished at 337.31 total messages 1 total packets 490 RTS 0 total bytes 2002140 in_flight now 0 fair_inc 837 prop_inc 38355 fast_inc 0 eta_inc 16688 multi_dec -103820 quick_dec -0 nack_dec -45650
Flow Uec_3486_1698 flowId 285 uecSrc 284 finished at 337.32 total messages 1 total packets 490 RTS 0 total bytes 2002140 in_flight now 0 fair_inc 3401 prop_inc 38470 fast_inc 0 eta_inc 16092 multi_dec -102938 quick_dec -0 nack_dec -41500
Flow Uec_750_2514 flowId 231 uecSrc 230 finished at 337.647 total messages 1 total packets 490 RTS 0 total bytes 2002140 in_flight now 0 fair_inc 1687 prop_inc 40367 fast_inc 0 eta_inc 16092 multi_dec -109672 quick_dec -0 nack_dec -41500
Flow Uec_2784_960 flowId 151 uecSrc 150 finished at 337.682 total messages 1 total packets 490 RTS 0 total bytes 2002140 in_flight now 0 fair_inc 4902 prop_inc 30785 fast_inc 0 eta_inc 16092 multi_dec -103958 quick_dec -0 nack_dec -37350
Flow Uec_1034_2918 flowId 67 uecSrc 66 finished at 338.341 total messages 1 total packets 490 RTS 0 total bytes 2002140 in_flight now 0 fair_inc 13811 prop_inc 20961 fast_inc 0 eta_inc 16092 multi_dec -74560 quick_dec -0 nack_dec -49800
Flow Uec_3422_1592 flowId 206 uecSrc 205 finished at 338.89 total messages 1 total packets 490 RTS 0 total bytes 2002140 in_flight now 0 fair_inc 2007 prop_inc 44551 fast_inc 0 eta_inc 16688 multi_dec -102096 quick_dec -0 nack_dec -49800
Flow Uec_2425_532 flowId 296 uecSrc 295 finished at 338.939 total messages 1 total packets 490 RTS 0 total bytes 2002140 in_flight now 0 fair_inc 9439 prop_inc 42697 fast_inc 0 eta_inc 15496 multi_dec -92306 quick_dec -0 nack_dec -62250
Flow Uec_858_2493 flowId 238 uecSrc 237 finished at 339.455 total messages 1 total packets 490 RTS 0 total bytes 2002140 in_flight now 0 fair_inc 2012 prop_inc 47512 fast_inc 0 eta_inc 16092 multi_dec -94073 quick_dec -0 nack_dec -58100
Flow Uec_2632_827 flowId 29 uecSrc 28 finished at 339.534 total messages 1 total packets 490 RTS 0 total bytes 2002140 in_flight now 0 fair_inc 4423 prop_inc 30030 fast_inc 0 eta_inc 16092 multi_dec -70578 quick_dec -0 nack_dec -62250
Flow Uec_1409_3364 flowId 40 uecSrc 39 finished at 339.617 total messages 1 total packets 490 RTS 0 total bytes 2002140 in_flight now 0 fair_inc 6954 prop_inc 38283 fast_inc 0 eta_inc 16688 multi_dec -104155 quick_dec -0 nack_dec -45650
Flow Uec_423_2147 flowId 250 uecSrc 249 finished at 339.659 total messages 1 total packets 490 RTS 0 total bytes 2002140 in_flight now 0 fair_inc 1976 prop_inc 42555 fast_inc 0 eta_inc 16092 multi_dec -91205 quick_dec -0 nack_dec -53950
Flow Uec_1903_142 flowId 277 uecSrc 276 finished at 339.72 total messages 1 total packets 490 RTS 0 total bytes 2002140 in_flight now 0 fair_inc 2654 prop_inc 44590 fast_inc 0 eta_inc 16092 multi_dec -93428 quick_dec -0 nack_dec -53950
Flow Uec_2443_664 flowId 169 uecSrc 168 finished at 339.835 total messages 1 total packets 490 RTS 0 total bytes 2002140 in_flight now 0 fair_inc 1819 prop_inc 34035 fast_inc 0 eta_inc 16688 multi_dec -110080 quick_dec -0 nack_dec -29050
Flow Uec_2124_306 flowId 105 uecSrc 104 finished at 339.835 total messages 1 total packets 490 RTS 0 total bytes 2002140 in_flight now 0 fair_inc 2476 prop_inc 39118 fast_inc 0 eta_inc 16092 multi_dec -112300 quick_dec -0 nack_dec -37350
Flow Uec_3342_1563 flowId 54 uecSrc 53 finished at 339.84 total messages 1 total packets 490 RTS 0 total bytes 2002140 in_flight now 0 fair_inc 4593 prop_inc 37226 fast_inc 0 eta_inc 16688 multi_dec -112160 quick_dec -0 nack_dec -37350
Flow Uec_2536_882 flowId 143 uecSrc 142 finished at 339.846 total messages 1 total packets 490 RTS 0 total bytes 2002140 in_flight now 0 fair_inc 3737 prop_inc 45753 fast_inc 0 eta_inc 16092 multi_dec -103553 quick_dec -0 nack_dec -49800
Flow Uec_1333_3107 flowId 14 uecSrc 13 finished at 339.93 total messages 1 total packets 490 RTS 0 total bytes 2002140 in_flight now 0 fair_inc 2934 prop_inc 41218 fast_inc 0 eta_inc 16688 multi_dec -105610 quick_dec -0 nack_dec -41500
Flow Uec_376_2043 flowId 17 uecSrc 16 finished at 340.062 total messages 1 total packets 490 RTS 0 total bytes 2002140 in_flight now 0 fair_inc 1733 prop_inc 43535 fast_inc 0 eta_inc 16092 multi_dec -107460 quick_dec -0 nack_dec -45650
Flow Uec_95_1869 flowId 287 uecSrc 286 finished at 340.07 total messages 1 total packets 490 RTS 0 total bytes 2002140 in_flight now 0 fair_inc 819 prop_inc 41274 fast_inc 0 eta_inc 16688 multi_dec -103536 quick_dec -0 nack_dec -37350
Flow Uec_1836_144 flowId 351 uecSrc 350 finished at 340.103 total messages 1 total packets 490 RTS 0 total bytes 2002140 in_flight now 0 fair_inc 4446 prop_inc 37994 fast_inc 0 eta_inc 16092 multi_dec -105793 quick_dec -0 nack_dec -45650
Flow Uec_2891_904 flowId 205 uecSrc 204 finished at 340.167 total messages 1 total packets 490 RTS 0 total bytes 2002140 in_flight now 0 fair_inc 0 prop_inc 40415 fast_inc 0 eta_inc 16092 multi_dec -108445 quick_dec -0 nack_dec -33200
Flow Uec_384_2148 flowId 165 uecSrc 164 finished at 340.417 total messages 1 total packets 490 RTS 0 total bytes 2002140 in_flight now 0 fair_inc 2495 prop_inc 44479 fast_inc 0 eta_inc 16092 multi_dec -109025 quick_dec -0 nack_dec -41500
Flow Uec_1799_3444 flowId 137 uecSrc 136 finished at 340.765 total messages 1 total packets 490 RTS 0 total bytes 2002140 in_flight now 0 fair_inc 9608 prop_inc 43808 fast_inc 7560 eta_inc 16092 multi_dec -87567 quick_dec -0 nack_dec -66400
Flow Uec_3346_1510 flowId 147 uecSrc 146 finished at 340.798 total messages 1 total packets 490 RTS 0 total bytes 2002140 in_flight now 0 fair_inc 22753 prop_inc 38225 fast_inc 0 eta_inc 16688 multi_dec -113264 quick_dec -0 nack_dec -41500
Flow Uec_2068_417 flowId 341 uecSrc 340 finished at 340.905 total messages 1 total packets 490 RTS 0 total bytes 2002140 in_flight now 0 fair_inc 3730 prop_inc 40327 fast_inc 3519 eta_inc 16092 multi_dec -107641 quick_dec -0 nack_dec -41500
Flow Uec_405_2094 flowId 62 uecSrc 61 finished at 340.926 total messages 1 total packets 490 RTS 0 total bytes 2002140 in_flight now 0 fair_inc 1833 prop_inc 31488 fast_inc 17659 eta_inc 16688 multi_dec -67661 quick_dec -0 nack_dec -66400
Flow Uec_1491_3333 flowId 210 uecSrc 209 finished at 341.132 total messages 1 total packets 490 RTS 0 total bytes 2002140 in_flight now 0 fair_inc 3960 prop_inc 37049 fast_inc 0 eta_inc 16688 multi_dec -107757 quick_dec -0 nack_dec -41500
Flow Uec_874_2544 flowId 164 uecSrc 163 finished at 341.336 total messages 1 total packets 490 RTS 0 total bytes 2002140 in_flight now 0 fair_inc 2270 prop_inc 38962 fast_inc 0 eta_inc 16688 multi_dec -103185 quick_dec -0 nack_dec -49800
Flow Uec_3521_1782 flowId 284 uecSrc 283 finished at 341.626 total messages 1 total packets 490 RTS 0 total bytes 2002140 in_flight now 0 fair_inc 2231 prop_inc 43642 fast_inc 22709 eta_inc 16688 multi_dec -99826 quick_dec -0 nack_dec -49800
Flow Uec_3354_1357 flowId 224 uecSrc 223 finished at 341.633 total messages 1 total packets 490 RTS 0 total bytes 2002140 in_flight now 0 fair_inc 8008 prop_inc 41637 fast_inc 0 eta_inc 16688 multi_dec -114197 quick_dec -0 nack_dec -41500
Flow Uec_85_1956 flowId 59 uecSrc 58 finished at 341.934 total messages 1 total packets 490 RTS 0 total bytes 2002140 in_flight now 0 fair_inc 10415 prop_inc 33383 fast_inc 0 eta_inc 16092 multi_dec -105077 quick_dec -0 nack_dec -45650
Flow Uec_1888_219 flowId 146 uecSrc 145 finished at 342.094 total messages 1 total packets 490 RTS 0 total bytes 2002140 in_flight now 0 fair_inc 27716 prop_inc 32434 fast_inc 0 eta_inc 16092 multi_dec -102505 quick_dec -0 nack_dec -49800
Flow Uec_1952_207 flowId 179 uecSrc 178 finished at 342.23 total messages 1 total packets 490 RTS 0 total bytes 2002140 in_flight now 0 fair_inc 3272 prop_inc 40126 fast_inc 7559 eta_inc 16688 multi_dec -105547 quick_dec -0 nack_dec -37350
Flow Uec_1758_3529 flowId 249 uecSrc 248 finished at 342.23 total messages 1 total packets 490 RTS 0 total bytes 2002140 in_flight now 0 fair_inc 3611 prop_inc 42488 fast_inc 16650 eta_inc 16688 multi_dec -105125 quick_dec -0 nack_dec -45650
Flow Uec_2020_176 flowId 39 uecSrc 38 finished at 342.463 total messages 1 total packets 490 RTS 0 total bytes 2002140 in_flight now 0 fair_inc 6391 prop_inc 35251 fast_inc 0 eta_inc 16688 multi_dec -101130 quick_dec -0 nack_dec -49800
Flow Uec_1057_2842 flowId 193 uecSrc 192 finished at 342.55 total messages 1 total packets 490 RTS 0 total bytes 2002140 in_flight now 0 fair_inc 4670 prop_inc 33401 fast_inc 0 eta_inc 16688 multi_dec -111424 quick_dec -0 nack_dec -37350
Flow Uec_1157_2982 flowId 325 uecSrc 324 finished at 342.562 total messages 1 total packets 490 RTS 0 total bytes 2002140 in_flight now 0 fair_inc 1959 prop_inc 42488 fast_inc 20690 eta_inc 16092 multi_dec -114003 quick_dec -0 nack_dec -37350
Flow Uec_3145_1342 flowId 212 uecSrc 211 finished at 343.169 total messages 1 total packets 490 RTS 0 total bytes 2002140 in_flight now 0 fair_inc 2722 prop_inc 40359 fast_inc 0 eta_inc 16688 multi_dec -99540 quick_dec -0 nack_dec -49800
Flow Uec_3392_1631 flowId 15 uecSrc 14 finished at 343.255 total messages 1 total packets 490 RTS 0 total bytes 2002140 in_flight now 0 fair_inc 1990 prop_inc 42253 fast_inc 21702 eta_inc 16092 multi_dec -105652 quick_dec -0 nack_dec -45650
Flow Uec_2311_580 flowId 89 uecSrc 88 finished at 344.143 total messages 1 total packets 490 RTS 0 total bytes 2002140 in_flight now 0 fair_inc 3326 prop_inc 35691 fast_inc 0 eta_inc 16092 multi_dec -113396 quick_dec -0 nack_dec -37350
Flow Uec_2534_824 flowId 121 uecSrc 120 finished at 344.194 total messages 1 total packets 490 RTS 0 total bytes 2002140 in_flight now 0 fair_inc 1974 prop_inc 45204 fast_inc 0 eta_inc 16688 multi_dec -110322 quick_dec -0 nack_dec -37350
Flow Uec_2927_1298 flowId 300 uecSrc 299 finished at 344.372 total messages 1 total packets 490 RTS 0 total bytes 2002140 in_flight now 0 fair_inc 892 prop_inc 46893 fast_inc 0 eta_inc 16688 multi_dec -102238 quick_dec -0 nack_dec -49800
Flow Uec_3375_1722 flowId 108 uecSrc 107 finished at 344.644 total messages 1 total packets 490 RTS 0 total bytes 2002140 in_flight now 0 fair_inc 2934 prop_inc 37566 fast_inc 0 eta_inc 16688 multi_dec -115432 quick_dec -0 nack_dec -33200
Flow Uec_3533_1646 flowId 318 uecSrc 317 finished at 345.37 total messages 1 total packets 490 RTS 0 total bytes 2002140 in_flight now 0 fair_inc 2425 prop_inc 42852 fast_inc 0 eta_inc 16688 multi_dec -103215 quick_dec -0 nack_dec -49800
Flow Uec_3438_1647 flowId 174 uecSrc 173 finished at 347.238 total messages 1 total packets 490 RTS 0 total bytes 2002140 in_flight now 0 fair_inc 1107 prop_inc 40598 fast_inc 19679 eta_inc 16688 multi_dec -103330 quick_dec -0 nack_dec -41500
Flow Uec_158_1877 flowId 19 uecSrc 18 finished at 347.74 total messages 1 total packets 490 RTS 0 total bytes 2002140 in_flight now 0 fair_inc 5326 prop_inc 37635 fast_inc 44934 eta_inc 16688 multi_dec -90143 quick_dec -0 nack_dec -58100
Flow Uec_1985_92 flowId 240 uecSrc 239 finished at 347.766 total messages 1 total packets 490 RTS 0 total bytes 2002140 in_flight now 0 fair_inc 4663 prop_inc 43461 fast_inc 23723 eta_inc 16688 multi_dec -100839 quick_dec -0 nack_dec -49800
Flow Uec_2773_993 flowId 6 uecSrc 5 finished at 348.722 total messages 1 total packets 490 RTS 0 total bytes 2002140 in_flight now 0 fair_inc 2371 prop_inc 42953 fast_inc 44932 eta_inc 16688 multi_dec -103319 quick_dec -0 nack_dec -49800
Flow Uec_847_2576 flowId 219 uecSrc 218 finished at 350.293 total messages 1 total packets 490 RTS 0 total bytes 2002140 in_flight now 0 fair_inc 3743 prop_inc 39352 fast_inc 39883 eta_inc 16688 multi_dec -103537 quick_dec -0 nack_dec -45650
Flow Uec_1941_56 flowId 309 uecSrc 308 finished at 350.303 total messages 1 total packets 490 RTS 0 total bytes 2002140 in_flight now 0 fair_inc 29125 prop_inc 41567 fast_inc 0 eta_inc 16092 multi_dec -104278 quick_dec -0 nack_dec -45650
Flow Uec_2178_424 flowId 172 uecSrc 171 finished at 358.034 total messages 1 total packets 491 RTS 1 total bytes 2002140 in_flight now 0 fair_inc 0 prop_inc 73948 fast_inc 0 eta_inc 16092 multi_dec -114378 quick_dec -0 nack_dec -37350
Flow Uec_2234_327 flowId 307 uecSrc 306 finished at 362.188 total messages 1 total packets 493 RTS 3 total bytes 2002140 in_flight now 0 fair_inc 1529 prop_inc 72590 fast_inc 0 eta_inc 16092 multi_dec -93819 quick_dec -0 nack_dec -12450
Flow Uec_1928_223 flowId 246 uecSrc 245 finished at 396.222 total messages 1 total packets 491 RTS 1 total bytes 2002140 in_flight now 0 fair_inc 0 prop_inc 72837 fast_inc 206077 eta_inc 14304 multi_dec -0 quick_dec -0 nack_dec -0
397.278 flowid 354 Spurious 53
Flow Uec_1614_3505 flowId 75 uecSrc 74 finished at 403.628 total messages 1 total packets 490 RTS 0 total bytes 2002140 in_flight now 0 fair_inc 21573 prop_inc 20873 fast_inc 0 eta_inc 19072 multi_dec -45041 quick_dec -0 nack_dec -120350
Flow Uec_1_1924 flowId 171 uecSrc 170 finished at 416.355 total messages 1 total packets 491 RTS 1 total bytes 2002140 in_flight now 0 fair_inc 14565 prop_inc 51122 fast_inc 0 eta_inc 13112 multi_dec -6427 quick_dec -0 nack_dec -0
Flow Uec_2010_106 flowId 51 uecSrc 50 finished at 420.193 total messages 1 total packets 490 RTS 0 total bytes 2002140 in_flight now 0 fair_inc 19862 prop_inc 15876 fast_inc 0 eta_inc 20264 multi_dec -92450 quick_dec -0 nack_dec -58100
Flow Uec_846_2671 flowId 260 uecSrc 259 finished at 429.369 total messages 1 total packets 490 RTS 0 total bytes 2002140 in_flight now 0 fair_inc 13843 prop_inc 14448 fast_inc 0 eta_inc 19668 multi_dec -44896 quick_dec -0 nack_dec -120350
Flow Uec_1077_2726 flowId 18 uecSrc 17 finished at 441.592 total messages 1 total packets 490 RTS 0 total bytes 2002140 in_flight now 0 fair_inc 23412 prop_inc 18682 fast_inc 0 eta_inc 20860 multi_dec -45560 quick_dec -0 nack_dec -136950
Flow Uec_1262_2965 flowId 306 uecSrc 305 finished at 447.499 total messages 1 total packets 490 RTS 0 total bytes 2002140 in_flight now 0 fair_inc 25524 prop_inc 14908 fast_inc 0 eta_inc 20264 multi_dec -41872 quick_dec -0 nack_dec -128650
Flow Uec_1648_3550 flowId 102 uecSrc 101 finished at 448.795 total messages 1 total packets 490 RTS 0 total bytes 2002140 in_flight now 0 fair_inc 25670 prop_inc 15520 fast_inc 0 eta_inc 20264 multi_dec -96527 quick_dec -0 nack_dec -83000
Flow Uec_1497_3267 flowId 136 uecSrc 135 finished at 451.773 total messages 1 total packets 490 RTS 0 total bytes 2002140 in_flight now 0 fair_inc 20724 prop_inc 17265 fast_inc 0 eta_inc 21456 multi_dec -25612 quick_dec -0 nack_dec -145250
Flow Uec_1954_100 flowId 256 uecSrc 255 finished at 452.161 total messages 1 total packets 490 RTS 0 total bytes 2002140 in_flight now 0 fair_inc 25434 prop_inc 19500 fast_inc 0 eta_inc 20860 multi_dec -28757 quick_dec -0 nack_dec -141100
Flow Uec_1963_122 flowId 87 uecSrc 86 finished at 458.361 total messages 1 total packets 490 RTS 0 total bytes 2002140 in_flight now 0 fair_inc 18640 prop_inc 44875 fast_inc 0 eta_inc 21456 multi_dec -55090 quick_dec -0 nack_dec -107900
Flow Uec_1416_3328 flowId 177 uecSrc 176 finished at 459.253 total messages 1 total packets 490 RTS 0 total bytes 2002140 in_flight now 0 fair_inc 9999 prop_inc 10663 fast_inc 0 eta_inc 20860 multi_dec -109474 quick_dec -0 nack_dec -58100
Flow Uec_2497_802 flowId 115 uecSrc 114 finished at 461.045 total messages 1 total packets 490 RTS 0 total bytes 2002140 in_flight now 0 fair_inc 16548 prop_inc 5611 fast_inc 0 eta_inc 21456 multi_dec -36131 quick_dec -0 nack_dec -128650
Flow Uec_630_2296 flowId 253 uecSrc 252 finished at 462.199 total messages 1 total packets 490 RTS 0 total bytes 2002140 in_flight now 0 fair_inc 28670 prop_inc 13088 fast_inc 0 eta_inc 21456 multi_dec -89519 quick_dec -0 nack_dec -78850
Flow Uec_75_1922 flowId 98 uecSrc 97 finished at 462.511 total messages 1 total packets 491 RTS 1 total bytes 2002140 in_flight now 0 fair_inc 49971 prop_inc 17018 fast_inc 0 eta_inc 15496 multi_dec -128035 quick_dec -0 nack_dec -12450
Flow Uec_2316_523 flowId 331 uecSrc 330 finished at 465.38 total messages 1 total packets 490 RTS 0 total bytes 2002140 in_flight now 0 fair_inc 25912 prop_inc 13716 fast_inc 0 eta_inc 21456 multi_dec -53246 quick_dec -0 nack_dec -112050
Flow Uec_950_2862 flowId 344 uecSrc 343 finished at 467.68 total messages 1 total packets 490 RTS 0 total bytes 2002140 in_flight now 0 fair_inc 23214 prop_inc 19395 fast_inc 0 eta_inc 21456 multi_dec -60139 quick_dec -0 nack_dec -112050
Flow Uec_113_1875 flowId 72 uecSrc 71 finished at 471.648 total messages 1 total packets 490 RTS 0 total bytes 2002140 in_flight now 0 fair_inc 26309 prop_inc 12284 fast_inc 0 eta_inc 22052 multi_dec -40806 quick_dec -0 nack_dec -136950
Flow Uec_1088_2782 flowId 36 uecSrc 35 finished at 473.324 total messages 1 total packets 490 RTS 0 total bytes 2002140 in_flight now 0 fair_inc 24628 prop_inc 17210 fast_inc 0 eta_inc 22052 multi_dec -87390 quick_dec -0 nack_dec -91300
Flow Uec_1525_3366 flowId 79 uecSrc 78 finished at 475.345 total messages 1 total packets 490 RTS 0 total bytes 2002140 in_flight now 0 fair_inc 29820 prop_inc 7826 fast_inc 0 eta_inc 22052 multi_dec -55119 quick_dec -0 nack_dec -112050
Flow Uec_2900_1109 flowId 155 uecSrc 154 finished at 475.519 total messages 1 total packets 490 RTS 0 total bytes 2002140 in_flight now 0 fair_inc 26250 prop_inc 11417 fast_inc 0 eta_inc 21456 multi_dec -108365 quick_dec -0 nack_dec -74700
Flow Uec_618_2347 flowId 192 uecSrc 191 finished at 475.682 total messages 1 total packets 490 RTS 0 total bytes 2002140 in_flight now 0 fair_inc 20773 prop_inc 20160 fast_inc 0 eta_inc 22052 multi_dec -25795 quick_dec -0 nack_dec -149400
Flow Uec_2815_956 flowId 183 uecSrc 182 finished at 476.965 total messages 1 total packets 490 RTS 0 total bytes 2002140 in_flight now 0 fair_inc 14450 prop_inc 18902 fast_inc 0 eta_inc 22648 multi_dec -84718 quick_dec -0 nack_dec -91300
Flow Uec_1173_2995 flowId 184 uecSrc 183 finished at 477.492 total messages 1 total packets 490 RTS 0 total bytes 2002140 in_flight now 0 fair_inc 14458 prop_inc 16878 fast_inc 0 eta_inc 22052 multi_dec -86849 quick_dec -0 nack_dec -95450
Flow Uec_2995_1172 flowId 199 uecSrc 198 finished at 480.471 total messages 1 total packets 490 RTS 0 total bytes 2002140 in_flight now 0 fair_inc 15311 prop_inc 14817 fast_inc 0 eta_inc 22052 multi_dec -82362 quick_dec -0 nack_dec -91300
Flow Uec_997_2875 flowId 320 uecSrc 319 finished at 480.948 total messages 1 total packets 490 RTS 0 total bytes 2002140 in_flight now 0 fair_inc 17177 prop_inc 37766 fast_inc 0 eta_inc 22648 multi_dec -90275 quick_dec -0 nack_dec -95450
Flow Uec_320_2146 flowId 58 uecSrc 57 finished at 480.96 total messages 1 total packets 490 RTS 0 total bytes 2002140 in_flight now 0 fair_inc 18061 prop_inc 12348 fast_inc 0 eta_inc 22648 multi_dec -57040 quick_dec -0 nack_dec -103750
Flow Uec_2923_1012 flowId 228 uecSrc 227 finished at 481.743 total messages 1 total packets 490 RTS 0 total bytes 2002140 in_flight now 0 fair_inc 23138 prop_inc 11702 fast_inc 0 eta_inc 22648 multi_dec -55915 quick_dec -0 nack_dec -116200
Flow Uec_1585_3490 flowId 71 uecSrc 70 finished at 483.554 total messages 1 total packets 490 RTS 0 total bytes 2002140 in_flight now 0 fair_inc 27825 prop_inc 11769 fast_inc 0 eta_inc 22648 multi_dec -76709 quick_dec -0 nack_dec -95450
Flow Uec_721_2631 flowId 93 uecSrc 92 finished at 483.793 total messages 1 total packets 490 RTS 0 total bytes 2002140 in_flight now 0 fair_inc 34503 prop_inc 33098 fast_inc 0 eta_inc 22648 multi_dec -117649 quick_dec -0 nack_dec -74700
Flow Uec_1404_3331 flowId 41 uecSrc 40 finished at 483.821 total messages 1 total packets 490 RTS 0 total bytes 2002140 in_flight now 0 fair_inc 33793 prop_inc 16779 fast_inc 0 eta_inc 22648 multi_dec -72209 quick_dec -0 nack_dec -116200
Flow Uec_1547_3350 flowId 349 uecSrc 348 finished at 484.138 total messages 1 total packets 490 RTS 0 total bytes 2002140 in_flight now 0 fair_inc 22980 prop_inc 7160 fast_inc 0 eta_inc 21456 multi_dec -119648 quick_dec -0 nack_dec -58100
Flow Uec_683_2666 flowId 215 uecSrc 214 finished at 484.836 total messages 1 total packets 490 RTS 0 total bytes 2002140 in_flight now 0 fair_inc 20873 prop_inc 12442 fast_inc 0 eta_inc 22648 multi_dec -81517 quick_dec -0 nack_dec -91300
Flow Uec_1014_2783 flowId 342 uecSrc 341 finished at 484.901 total messages 1 total packets 490 RTS 0 total bytes 2002140 in_flight now 0 fair_inc 19141 prop_inc 16152 fast_inc 0 eta_inc 20264 multi_dec -127600 quick_dec -0 nack_dec -62250
Flow Uec_1774_3578 flowId 217 uecSrc 216 finished at 485.043 total messages 1 total packets 490 RTS 0 total bytes 2002140 in_flight now 0 fair_inc 22825 prop_inc 11665 fast_inc 0 eta_inc 22648 multi_dec -85301 quick_dec -0 nack_dec -87150
Flow Uec_1248_3080 flowId 289 uecSrc 288 finished at 485.326 total messages 1 total packets 490 RTS 0 total bytes 2002140 in_flight now 0 fair_inc 33125 prop_inc 27853 fast_inc 0 eta_inc 22052 multi_dec -101698 quick_dec -0 nack_dec -74700
Flow Uec_2772_995 flowId 118 uecSrc 117 finished at 485.758 total messages 1 total packets 490 RTS 0 total bytes 2002140 in_flight now 0 fair_inc 12148 prop_inc 21844 fast_inc 0 eta_inc 19072 multi_dec -42323 quick_dec -0 nack_dec -124500
Flow Uec_1124_2755 flowId 149 uecSrc 148 finished at 485.768 total messages 1 total packets 490 RTS 0 total bytes 2002140 in_flight now 0 fair_inc 16251 prop_inc 25401 fast_inc 0 eta_inc 22648 multi_dec -66032 quick_dec -0 nack_dec -107900
Flow Uec_1691_3534 flowId 95 uecSrc 94 finished at 485.808 total messages 1 total packets 490 RTS 0 total bytes 2002140 in_flight now 0 fair_inc 23083 prop_inc 29427 fast_inc 0 eta_inc 20860 multi_dec -73369 quick_dec -0 nack_dec -99600
Flow Uec_2992_1259 flowId 324 uecSrc 323 finished at 486.256 total messages 1 total packets 490 RTS 0 total bytes 2002140 in_flight now 0 fair_inc 26972 prop_inc 14854 fast_inc 0 eta_inc 22052 multi_dec -103201 quick_dec -0 nack_dec -78850
Flow Uec_1475_3183 flowId 297 uecSrc 296 finished at 486.859 total messages 1 total packets 490 RTS 0 total bytes 2002140 in_flight now 0 fair_inc 30672 prop_inc 28476 fast_inc 0 eta_inc 22052 multi_dec -124086 quick_dec -0 nack_dec -70550
Flow Uec_1690_3545 flowId 49 uecSrc 48 finished at 487.423 total messages 1 total packets 490 RTS 0 total bytes 2002140 in_flight now 0 fair_inc 19653 prop_inc 46097 fast_inc 0 eta_inc 22052 multi_dec -87780 quick_dec -0 nack_dec -99600
Flow Uec_503_2416 flowId 348 uecSrc 347 finished at 487.472 total messages 1 total packets 491 RTS 1 total bytes 2002140 in_flight now 0 fair_inc 0 prop_inc 148687 fast_inc 0 eta_inc 16092 multi_dec -0 quick_dec -89918 nack_dec -12450
Flow Uec_1261_3025 flowId 263 uecSrc 262 finished at 487.639 total messages 1 total packets 490 RTS 0 total bytes 2002140 in_flight now 0 fair_inc 21173 prop_inc 17674 fast_inc 0 eta_inc 22052 multi_dec -87404 quick_dec -0 nack_dec -91300
Flow Uec_2934_1261 flowId 305 uecSrc 304 finished at 487.937 total messages 1 total packets 490 RTS 0 total bytes 2002140 in_flight now 0 fair_inc 18599 prop_inc 13414 fast_inc 0 eta_inc 22648 multi_dec -85911 quick_dec -0 nack_dec -91300
Flow Uec_3037_1275 flowId 291 uecSrc 290 finished at 488.077 total messages 1 total packets 490 RTS 0 total bytes 2002140 in_flight now 0 fair_inc 31302 prop_inc 15020 fast_inc 0 eta_inc 23244 multi_dec -90054 quick_dec -0 nack_dec -103750
Flow Uec_2873_1067 flowId 176 uecSrc 175 finished at 488.966 total messages 1 total packets 490 RTS 0 total bytes 2002140 in_flight now 0 fair_inc 18927 prop_inc 14317 fast_inc 0 eta_inc 23244 multi_dec -109880 quick_dec -0 nack_dec -74700
Flow Uec_2021_177 flowId 68 uecSrc 67 finished at 489.516 total messages 1 total packets 490 RTS 0 total bytes 2002140 in_flight now 0 fair_inc 28474 prop_inc 30215 fast_inc 0 eta_inc 22052 multi_dec -122640 quick_dec -0 nack_dec -62250
Flow Uec_248_2031 flowId 336 uecSrc 335 finished at 491.584 total messages 1 total packets 490 RTS 0 total bytes 2002140 in_flight now 0 fair_inc 22818 prop_inc 12089 fast_inc 0 eta_inc 23244 multi_dec -52330 quick_dec -0 nack_dec -112050
Flow Uec_267_2206 flowId 196 uecSrc 195 finished at 491.744 total messages 1 total packets 490 RTS 0 total bytes 2002140 in_flight now 0 fair_inc 30155 prop_inc 10484 fast_inc 0 eta_inc 23840 multi_dec -136929 quick_dec -0 nack_dec -58100
Flow Uec_734_2635 flowId 188 uecSrc 187 finished at 492.941 total messages 1 total packets 490 RTS 0 total bytes 2002140 in_flight now 0 fair_inc 21151 prop_inc 17817 fast_inc 0 eta_inc 22648 multi_dec -62176 quick_dec -0 nack_dec -112050
Flow Uec_928_2808 flowId 46 uecSrc 45 finished at 493.072 total messages 1 total packets 490 RTS 0 total bytes 2002140 in_flight now 0 fair_inc 21483 prop_inc 20104 fast_inc 0 eta_inc 22648 multi_dec -53821 quick_dec -0 nack_dec -116200
Flow Uec_3080_1335 flowId 161 uecSrc 160 finished at 493.666 total messages 1 total packets 490 RTS 0 total bytes 2002140 in_flight now 0 fair_inc 30585 prop_inc 15546 fast_inc 0 eta_inc 22648 multi_dec -90677 quick_dec -0 nack_dec -87150
Flow Uec_2275_472 flowId 107 uecSrc 106 finished at 494.756 total messages 1 total packets 490 RTS 0 total bytes 2002140 in_flight now 0 fair_inc 22719 prop_inc 28675 fast_inc 0 eta_inc 23244 multi_dec -62853 quick_dec -0 nack_dec -112050
Flow Uec_2532_813 flowId 214 uecSrc 213 finished at 494.893 total messages 1 total packets 490 RTS 0 total bytes 2002140 in_flight now 0 fair_inc 20922 prop_inc 12331 fast_inc 0 eta_inc 22648 multi_dec -105349 quick_dec -0 nack_dec -74700
Flow Uec_3351_1438 flowId 360 uecSrc 359 finished at 495.265 total messages 1 total packets 490 RTS 0 total bytes 2002140 in_flight now 0 fair_inc 23682 prop_inc 14089 fast_inc 0 eta_inc 22052 multi_dec -83156 quick_dec -0 nack_dec -95450
Flow Uec_2623_796 flowId 140 uecSrc 139 finished at 495.386 total messages 1 total packets 490 RTS 0 total bytes 2002140 in_flight now 0 fair_inc 24629 prop_inc 12263 fast_inc 0 eta_inc 23244 multi_dec -60395 quick_dec -0 nack_dec -112050
Flow Uec_681_2618 flowId 252 uecSrc 251 finished at 495.758 total messages 1 total packets 490 RTS 0 total bytes 2002140 in_flight now 0 fair_inc 22621 prop_inc 17192 fast_inc 0 eta_inc 23244 multi_dec -111714 quick_dec -0 nack_dec -66400
Flow Uec_1661_3520 flowId 133 uecSrc 132 finished at 496.232 total messages 1 total packets 490 RTS 0 total bytes 2002140 in_flight now 0 fair_inc 23054 prop_inc 15172 fast_inc 0 eta_inc 22648 multi_dec -54662 quick_dec -0 nack_dec -112050
Flow Uec_591_2469 flowId 43 uecSrc 42 finished at 496.556 total messages 1 total packets 490 RTS 0 total bytes 2002140 in_flight now 0 fair_inc 23726 prop_inc 25770 fast_inc 0 eta_inc 22648 multi_dec -68238 quick_dec -0 nack_dec -103750
Flow Uec_63_1971 flowId 53 uecSrc 52 finished at 497.248 total messages 1 total packets 490 RTS 0 total bytes 2002140 in_flight now 0 fair_inc 30089 prop_inc 18922 fast_inc 0 eta_inc 20860 multi_dec -91299 quick_dec -0 nack_dec -99600
Flow Uec_3127_1234 flowId 80 uecSrc 79 finished at 497.726 total messages 1 total packets 490 RTS 0 total bytes 2002140 in_flight now 0 fair_inc 31213 prop_inc 11636 fast_inc 0 eta_inc 22648 multi_dec -74361 quick_dec -0 nack_dec -112050
Flow Uec_470_2364 flowId 3 uecSrc 2 finished at 497.755 total messages 1 total packets 490 RTS 0 total bytes 2002140 in_flight now 0 fair_inc 31870 prop_inc 21791 fast_inc 0 eta_inc 23244 multi_dec -105335 quick_dec -0 nack_dec -95450
Flow Uec_3162_1463 flowId 101 uecSrc 100 finished at 498.082 total messages 1 total packets 490 RTS 0 total bytes 2002140 in_flight now 0 fair_inc 32054 prop_inc 15362 fast_inc 0 eta_inc 23244 multi_dec -101310 quick_dec -0 nack_dec -95450
Flow Uec_153_1886 flowId 201 uecSrc 200 finished at 498.33 total messages 1 total packets 490 RTS 0 total bytes 2002140 in_flight now 0 fair_inc 17935 prop_inc 12515 fast_inc 0 eta_inc 23244 multi_dec -58565 quick_dec -0 nack_dec -124500
Flow Uec_887_2658 flowId 175 uecSrc 174 finished at 498.985 total messages 1 total packets 490 RTS 0 total bytes 2002140 in_flight now 0 fair_inc 18004 prop_inc 15965 fast_inc 0 eta_inc 23244 multi_dec -70118 quick_dec -0 nack_dec -107900
Flow Uec_256_2200 flowId 34 uecSrc 33 finished at 499.048 total messages 1 total packets 490 RTS 0 total bytes 2002140 in_flight now 0 fair_inc 21027 prop_inc 11394 fast_inc 0 eta_inc 23244 multi_dec -94726 quick_dec -0 nack_dec -91300
Flow Uec_712_2545 flowId 255 uecSrc 254 finished at 499.238 total messages 1 total packets 490 RTS 0 total bytes 2002140 in_flight now 0 fair_inc 19222 prop_inc 19832 fast_inc 0 eta_inc 22052 multi_dec -76724 quick_dec -0 nack_dec -112050
Flow Uec_3307_1495 flowId 266 uecSrc 265 finished at 499.238 total messages 1 total packets 490 RTS 0 total bytes 2002140 in_flight now 0 fair_inc 24691 prop_inc 16059 fast_inc 0 eta_inc 22052 multi_dec -74466 quick_dec -0 nack_dec -99600
Flow Uec_2499_722 flowId 50 uecSrc 49 finished at 499.863 total messages 1 total packets 490 RTS 0 total bytes 2002140 in_flight now 0 fair_inc 26596 prop_inc 13057 fast_inc 0 eta_inc 23244 multi_dec -79114 quick_dec -0 nack_dec -95450
Flow Uec_295_2152 flowId 268 uecSrc 267 finished at 499.873 total messages 1 total packets 490 RTS 0 total bytes 2002140 in_flight now 0 fair_inc 27024 prop_inc 10411 fast_inc 0 eta_inc 23244 multi_dec -90309 quick_dec -0 nack_dec -87150
Flow Uec_2965_1214 flowId 77 uecSrc 76 finished at 499.878 total messages 1 total packets 490 RTS 0 total bytes 2002140 in_flight now 0 fair_inc 30113 prop_inc 12264 fast_inc 0 eta_inc 23244 multi_dec -92241 quick_dec -0 nack_dec -91300
Flow Uec_2416_643 flowId 33 uecSrc 32 finished at 500.134 total messages 1 total packets 490 RTS 0 total bytes 2002140 in_flight now 0 fair_inc 23151 prop_inc 28299 fast_inc 0 eta_inc 22648 multi_dec -124775 quick_dec -0 nack_dec -62250
Flow Uec_477_2468 flowId 144 uecSrc 143 finished at 501.452 total messages 1 total packets 490 RTS 0 total bytes 2002140 in_flight now 0 fair_inc 22460 prop_inc 26959 fast_inc 0 eta_inc 21456 multi_dec -137217 quick_dec -0 nack_dec -49800
Flow Uec_290_2248 flowId 167 uecSrc 166 finished at 502.434 total messages 1 total packets 490 RTS 0 total bytes 2002140 in_flight now 0 fair_inc 30872 prop_inc 19494 fast_inc 0 eta_inc 23244 multi_dec -42113 quick_dec -0 nack_dec -128650
Flow Uec_1117_2832 flowId 211 uecSrc 210 finished at 502.766 total messages 1 total packets 490 RTS 0 total bytes 2002140 in_flight now 0 fair_inc 22871 prop_inc 30810 fast_inc 0 eta_inc 22648 multi_dec -103359 quick_dec -0 nack_dec -83000
Flow Uec_967_2803 flowId 207 uecSrc 206 finished at 502.812 total messages 1 total packets 490 RTS 0 total bytes 2002140 in_flight now 0 fair_inc 31007 prop_inc 16164 fast_inc 0 eta_inc 23244 multi_dec -72518 quick_dec -0 nack_dec -112050
Flow Uec_1694_3553 flowId 339 uecSrc 338 finished at 503.697 total messages 1 total packets 490 RTS 0 total bytes 2002140 in_flight now 0 fair_inc 27735 prop_inc 14002 fast_inc 0 eta_inc 23244 multi_dec -84460 quick_dec -0 nack_dec -87150
Flow Uec_1683_3395 flowId 84 uecSrc 83 finished at 503.917 total messages 1 total packets 490 RTS 0 total bytes 2002140 in_flight now 0 fair_inc 33677 prop_inc 54493 fast_inc 0 eta_inc 23244 multi_dec -142170 quick_dec -0 nack_dec -66400
Flow Uec_1474_3190 flowId 304 uecSrc 303 finished at 503.922 total messages 1 total packets 490 RTS 0 total bytes 2002140 in_flight now 0 fair_inc 34332 prop_inc 44298 fast_inc 0 eta_inc 23244 multi_dec -127990 quick_dec -0 nack_dec -74700
Flow Uec_1445_3184 flowId 259 uecSrc 258 finished at 503.952 total messages 1 total packets 490 RTS 0 total bytes 2002140 in_flight now 0 fair_inc 29000 prop_inc 21267 fast_inc 0 eta_inc 22648 multi_dec -48062 quick_dec -0 nack_dec -120350
Flow Uec_1782_3557 flowId 197 uecSrc 196 finished at 504.189 total messages 1 total packets 490 RTS 0 total bytes 2002140 in_flight now 0 fair_inc 12105 prop_inc 13987 fast_inc 0 eta_inc 23840 multi_dec -85363 quick_dec -0 nack_dec -91300
Flow Uec_2884_934 flowId 30 uecSrc 29 finished at 504.502 total messages 1 total packets 490 RTS 0 total bytes 2002140 in_flight now 0 fair_inc 39008 prop_inc 12672 fast_inc 0 eta_inc 23840 multi_dec -54784 quick_dec -0 nack_dec -120350
Flow Uec_2023_196 flowId 22 uecSrc 21 finished at 505.231 total messages 1 total packets 490 RTS 0 total bytes 2002140 in_flight now 0 fair_inc 30469 prop_inc 38043 fast_inc 0 eta_inc 22648 multi_dec -108180 quick_dec -0 nack_dec -83000
Flow Uec_2945_1171 flowId 332 uecSrc 331 finished at 505.236 total messages 1 total packets 490 RTS 0 total bytes 2002140 in_flight now 0 fair_inc 26057 prop_inc 26136 fast_inc 0 eta_inc 22648 multi_dec -90782 quick_dec -0 nack_dec -95450
Flow Uec_1580_3483 flowId 111 uecSrc 110 finished at 506.523 total messages 1 total packets 490 RTS 0 total bytes 2002140 in_flight now 0 fair_inc 15342 prop_inc 42181 fast_inc 8570 eta_inc 23244 multi_dec -72519 quick_dec -0 nack_dec -116200
Flow Uec_2847_1049 flowId 338 uecSrc 337 finished at 506.619 total messages 1 total packets 490 RTS 0 total bytes 2002140 in_flight now 0 fair_inc 28726 prop_inc 14588 fast_inc 0 eta_inc 23840 multi_dec -87662 quick_dec -0 nack_dec -99600
Flow Uec_617_2268 flowId 294 uecSrc 293 finished at 507.245 total messages 1 total packets 490 RTS 0 total bytes 2002140 in_flight now 0 fair_inc 13636 prop_inc 35025 fast_inc 0 eta_inc 23244 multi_dec -78152 quick_dec -0 nack_dec -99600
Flow Uec_1094_2743 flowId 280 uecSrc 279 finished at 508.808 total messages 1 total packets 490 RTS 0 total bytes 2002140 in_flight now 0 fair_inc 21237 prop_inc 38753 fast_inc 9580 eta_inc 22648 multi_dec -126956 quick_dec -0 nack_dec -70550
Flow Uec_1352_3325 flowId 52 uecSrc 51 finished at 509.184 total messages 1 total packets 490 RTS 0 total bytes 2002140 in_flight now 0 fair_inc 28906 prop_inc 31175 fast_inc 14631 eta_inc 23244 multi_dec -63620 quick_dec -0 nack_dec -128650
Flow Uec_2911_1054 flowId 271 uecSrc 270 finished at 509.269 total messages 1 total packets 490 RTS 0 total bytes 2002140 in_flight now 0 fair_inc 17309 prop_inc 32185 fast_inc 3519 eta_inc 23244 multi_dec -115365 quick_dec -0 nack_dec -66400
509.6 flowid 354 Spurious 54
Flow Uec_1074_2850 flowId 44 uecSrc 43 finished at 511.805 total messages 1 total packets 490 RTS 0 total bytes 2002140 in_flight now 0 fair_inc 17037 prop_inc 21323 fast_inc 0 eta_inc 22648 multi_dec -54134 quick_dec -0 nack_dec -128650
511.878 flowid 354 Spurious 53
Flow Uec_709_2526 flowId 65 uecSrc 64 finished at 512.377 total messages 1 total packets 490 RTS 0 total bytes 2002140 in_flight now 0 fair_inc 17158 prop_inc 25295 fast_inc 0 eta_inc 24436 multi_dec -73084 quick_dec -0 nack_dec -103750
Flow Uec_1196_3033 flowId 191 uecSrc 190 finished at 513.163 total messages 1 total packets 490 RTS 0 total bytes 2002140 in_flight now 0 fair_inc 30967 prop_inc 27261 fast_inc 16650 eta_inc 22648 multi_dec -81930 quick_dec -0 nack_dec -116200
Flow Uec_1251_3086 flowId 225 uecSrc 224 finished at 513.516 total messages 1 total packets 490 RTS 0 total bytes 2002140 in_flight now 0 fair_inc 18370 prop_inc 41049 fast_inc 24734 eta_inc 23244 multi_dec -95675 quick_dec -0 nack_dec -95450
Flow Uec_3021_1162 flowId 352 uecSrc 351 finished at 513.755 total messages 1 total packets 490 RTS 0 total bytes 2002140 in_flight now 0 fair_inc 17555 prop_inc 27050 fast_inc 7559 eta_inc 23840 multi_dec -59295 quick_dec -0 nack_dec -120350
Flow Uec_1675_3473 flowId 162 uecSrc 161 finished at 515.547 total messages 1 total packets 490 RTS 0 total bytes 2002140 in_flight now 0 fair_inc 14672 prop_inc 21969 fast_inc 20694 eta_inc 23244 multi_dec -69545 quick_dec -0 nack_dec -112050
Flow Uec_73_1858 flowId 100 uecSrc 99 finished at 515.611 total messages 1 total packets 490 RTS 0 total bytes 2002140 in_flight now 0 fair_inc 34407 prop_inc 30457 fast_inc 0 eta_inc 22052 multi_dec -122575 quick_dec -0 nack_dec -74700
Flow Uec_728_2489 flowId 200 uecSrc 199 finished at 518.117 total messages 1 total packets 490 RTS 0 total bytes 2002140 in_flight now 0 fair_inc 24901 prop_inc 57726 fast_inc 0 eta_inc 23840 multi_dec -85807 quick_dec -0 nack_dec -103750
Flow Uec_2648_888 flowId 64 uecSrc 63 finished at 520.302 total messages 1 total packets 490 RTS 0 total bytes 2002140 in_flight now 0 fair_inc 25412 prop_inc 22114 fast_inc 0 eta_inc 24436 multi_dec -23777 quick_dec -0 nack_dec -153550
Flow Uec_2878_943 flowId 122 uecSrc 121 finished at 521.298 total messages 1 total packets 490 RTS 0 total bytes 2002140 in_flight now 0 fair_inc 35012 prop_inc 34442 fast_inc 14632 eta_inc 23840 multi_dec -72132 quick_dec -0 nack_dec -124500
Flow Uec_1002_2857 flowId 178 uecSrc 177 finished at 522.982 total messages 1 total packets 490 RTS 0 total bytes 2002140 in_flight now 0 fair_inc 22154 prop_inc 61900 fast_inc 0 eta_inc 23840 multi_dec -136521 quick_dec -0 nack_dec -70550
Flow Uec_476_2251 flowId 272 uecSrc 271 finished at 523.46 total messages 1 total packets 490 RTS 0 total bytes 2002140 in_flight now 0 fair_inc 35152 prop_inc 8728 fast_inc 0 eta_inc 22648 multi_dec -62058 quick_dec -0 nack_dec -124500
Flow Uec_1802_217 flowId 124 uecSrc 123 finished at 530.415 total messages 1 total packets 490 RTS 0 total bytes 2002140 in_flight now 0 fair_inc 42521 prop_inc 7991 fast_inc 0 eta_inc 23840 multi_dec -35960 quick_dec -0 nack_dec -153550
Flow Uec_194_1871 flowId 10 uecSrc 9 finished at 531.691 total messages 1 total packets 490 RTS 0 total bytes 2002140 in_flight now 0 fair_inc 26670 prop_inc 21795 fast_inc 0 eta_inc 25032 multi_dec -57408 quick_dec -0 nack_dec -132800
Flow Uec_139_2021 flowId 345 uecSrc 344 finished at 532.183 total messages 1 total packets 490 RTS 0 total bytes 2002140 in_flight now 0 fair_inc 32172 prop_inc 23394 fast_inc 0 eta_inc 25032 multi_dec -30816 quick_dec -0 nack_dec -157700
Flow Uec_1843_204 flowId 216 uecSrc 215 finished at 533.232 total messages 1 total packets 490 RTS 0 total bytes 2002140 in_flight now 0 fair_inc 37994 prop_inc 8128 fast_inc 0 eta_inc 23840 multi_dec -53674 quick_dec -0 nack_dec -145250
Flow Uec_560_2309 flowId 226 uecSrc 225 finished at 542.213 total messages 1 total packets 490 RTS 0 total bytes 2002140 in_flight now 0 fair_inc 40540 prop_inc 14959 fast_inc 0 eta_inc 25032 multi_dec -53958 quick_dec -0 nack_dec -136950
Flow Uec_912_2867 flowId 350 uecSrc 349 finished at 542.973 total messages 1 total packets 490 RTS 0 total bytes 2002140 in_flight now 0 fair_inc 37427 prop_inc 4624 fast_inc 0 eta_inc 25032 multi_dec -65969 quick_dec -0 nack_dec -128650
Flow Uec_1045_2719 flowId 156 uecSrc 155 finished at 558.084 total messages 1 total packets 490 RTS 0 total bytes 2002140 in_flight now 0 fair_inc 43450 prop_inc 4902 fast_inc 0 eta_inc 25032 multi_dec -29933 quick_dec -0 nack_dec -157700
Flow Uec_1984_36 flowId 135 uecSrc 134 finished at 560.775 total messages 1 total packets 490 RTS 0 total bytes 2002140 in_flight now 0 fair_inc 64976 prop_inc 59051 fast_inc 0 eta_inc 24436 multi_dec -144277 quick_dec -0 nack_dec -116200
Flow Uec_3118_1274 flowId 303 uecSrc 302 finished at 577.843 total messages 1 total packets 490 RTS 0 total bytes 2002140 in_flight now 0 fair_inc 12873 prop_inc 7956 fast_inc 0 eta_inc 25628 multi_dec -82836 quick_dec -0 nack_dec -103750
Flow Uec_2636_743 flowId 235 uecSrc 234 finished at 591.879 total messages 1 total packets 490 RTS 0 total bytes 2002140 in_flight now 0 fair_inc 41365 prop_inc 60232 fast_inc 0 eta_inc 21456 multi_dec -104829 quick_dec -0 nack_dec -112050
Flow Uec_1195_3111 flowId 301 uecSrc 300 finished at 593.632 total messages 1 total packets 490 RTS 0 total bytes 2002140 in_flight now 0 fair_inc 46078 prop_inc 5218 fast_inc 0 eta_inc 25628 multi_dec -94242 quick_dec -0 nack_dec -120350
Flow Uec_2697_686 flowId 356 uecSrc 355 finished at 602.214 total messages 1 total packets 490 RTS 0 total bytes 2002140 in_flight now 0 fair_inc 40273 prop_inc 8774 fast_inc 0 eta_inc 22648 multi_dec -74950 quick_dec -0 nack_dec -128650
Flow Uec_1973_119 flowId 138 uecSrc 137 finished at 608.738 total messages 1 total packets 490 RTS 0 total bytes 2002140 in_flight now 0 fair_inc 39116 prop_inc 4304 fast_inc 0 eta_inc 26820 multi_dec -50323 quick_dec -0 nack_dec -149400
Flow Uec_2600_875 flowId 116 uecSrc 115 finished at 614.593 total messages 1 total packets 490 RTS 0 total bytes 2002140 in_flight now 0 fair_inc 39406 prop_inc 8805 fast_inc 0 eta_inc 20860 multi_dec -61496 quick_dec -0 nack_dec -149400
Flow Uec_3088_1333 flowId 279 uecSrc 278 finished at 620.168 total messages 1 total packets 490 RTS 0 total bytes 2002140 in_flight now 0 fair_inc 34993 prop_inc 19182 fast_inc 0 eta_inc 22648 multi_dec -56398 quick_dec -0 nack_dec -149400
Flow Uec_147_2019 flowId 27 uecSrc 26 finished at 624.195 total messages 1 total packets 490 RTS 0 total bytes 2002140 in_flight now 0 fair_inc 36936 prop_inc 3333 fast_inc 0 eta_inc 20264 multi_dec -52120 quick_dec -0 nack_dec -145250
624.2 flowid 354 Spurious 54
624.205 flowid 354 Spurious 55
Flow Uec_2003_187 flowId 221 uecSrc 220 finished at 624.513 total messages 1 total packets 490 RTS 0 total bytes 2002140 in_flight now 0 fair_inc 45397 prop_inc 7675 fast_inc 0 eta_inc 29204 multi_dec -77991 quick_dec -0 nack_dec -128650
626.478 flowid 354 Spurious 53
Flow Uec_2673_800 flowId 267 uecSrc 266 finished at 626.942 total messages 1 total packets 490 RTS 0 total bytes 2002140 in_flight now 0 fair_inc 43376 prop_inc 9670 fast_inc 0 eta_inc 22648 multi_dec -53862 quick_dec -0 nack_dec -157700
Flow Uec_2509_747 flowId 139 uecSrc 138 finished at 630.026 total messages 1 total packets 490 RTS 0 total bytes 2002140 in_flight now 0 fair_inc 38908 prop_inc 8535 fast_inc 0 eta_inc 20860 multi_dec -61763 quick_dec -0 nack_dec -145250
Flow Uec_1239_3058 flowId 119 uecSrc 118 finished at 632.636 total messages 1 total packets 490 RTS 0 total bytes 2002140 in_flight now 0 fair_inc 37530 prop_inc 11768 fast_inc 0 eta_inc 28608 multi_dec -52444 quick_dec -0 nack_dec -157700
Flow Uec_1154_3084 flowId 190 uecSrc 189 finished at 633.129 total messages 1 total packets 490 RTS 0 total bytes 2002140 in_flight now 0 fair_inc 34083 prop_inc 10469 fast_inc 0 eta_inc 28012 multi_dec -59179 quick_dec -0 nack_dec -153550
Flow Uec_1991_93 flowId 42 uecSrc 41 finished at 633.875 total messages 1 total packets 490 RTS 0 total bytes 2002140 in_flight now 0 fair_inc 39978 prop_inc 16068 fast_inc 0 eta_inc 28012 multi_dec -59236 quick_dec -0 nack_dec -149400
Flow Uec_917_2774 flowId 70 uecSrc 69 finished at 643.433 total messages 1 total packets 490 RTS 0 total bytes 2002140 in_flight now 0 fair_inc 36192 prop_inc 56013 fast_inc 0 eta_inc 23244 multi_dec -98491 quick_dec -0 nack_dec -116200
Flow Uec_3136_1166 flowId 323 uecSrc 322 finished at 661.572 total messages 1 total packets 490 RTS 0 total bytes 2002140 in_flight now 0 fair_inc 35075 prop_inc 45272 fast_inc 0 eta_inc 29204 multi_dec -79981 quick_dec -0 nack_dec -136950
Flow Uec_2510_706 flowId 141 uecSrc 140 finished at 664.086 total messages 1 total packets 490 RTS 0 total bytes 2002140 in_flight now 0 fair_inc 35301 prop_inc 31689 fast_inc 0 eta_inc 28608 multi_dec -99299 quick_dec -0 nack_dec -128650
Flow Uec_3097_1334 flowId 106 uecSrc 105 finished at 665.204 total messages 1 total packets 490 RTS 0 total bytes 2002140 in_flight now 0 fair_inc 26684 prop_inc 46400 fast_inc 0 eta_inc 22648 multi_dec -91205 quick_dec -0 nack_dec -120350
Flow Uec_631_2288 flowId 233 uecSrc 232 finished at 668.369 total messages 1 total packets 490 RTS 0 total bytes 2002140 in_flight now 0 fair_inc 45631 prop_inc 60010 fast_inc 0 eta_inc 27416 multi_dec -98199 quick_dec -0 nack_dec -145250
Flow Uec_2654_746 flowId 229 uecSrc 228 finished at 671.552 total messages 1 total packets 490 RTS 0 total bytes 2002140 in_flight now 0 fair_inc 44014 prop_inc 32706 fast_inc 0 eta_inc 24436 multi_dec -123128 quick_dec -0 nack_dec -91300
Flow Uec_641_2442 flowId 38 uecSrc 37 finished at 672.514 total messages 1 total packets 490 RTS 0 total bytes 2002140 in_flight now 0 fair_inc 35889 prop_inc 62223 fast_inc 0 eta_inc 25032 multi_dec -110661 quick_dec -0 nack_dec -120350
Flow Uec_2563_885 flowId 327 uecSrc 326 finished at 677.86 total messages 1 total packets 490 RTS 0 total bytes 2002140 in_flight now 0 fair_inc 35442 prop_inc 38710 fast_inc 0 eta_inc 25628 multi_dec -107938 quick_dec -0 nack_dec -120350
Flow Uec_925_2764 flowId 86 uecSrc 85 finished at 678.253 total messages 1 total packets 490 RTS 0 total bytes 2002140 in_flight now 0 fair_inc 20913 prop_inc 68761 fast_inc 28776 eta_inc 30396 multi_dec -117319 quick_dec -0 nack_dec -107900
Flow Uec_1851_135 flowId 9 uecSrc 8 finished at 679.177 total messages 1 total packets 490 RTS 0 total bytes 2002140 in_flight now 0 fair_inc 35161 prop_inc 50751 fast_inc 16163 eta_inc 26224 multi_dec -128128 quick_dec -0 nack_dec -103750
Flow Uec_1850_101 flowId 234 uecSrc 233 finished at 679.669 total messages 1 total packets 490 RTS 0 total bytes 2002140 in_flight now 0 fair_inc 45417 prop_inc 56384 fast_inc 0 eta_inc 30992 multi_dec -115801 quick_dec -0 nack_dec -128650
Flow Uec_2662_793 flowId 160 uecSrc 159 finished at 679.822 total messages 1 total packets 490 RTS 0 total bytes 2002140 in_flight now 0 fair_inc 32926 prop_inc 47785 fast_inc 4530 eta_inc 24436 multi_dec -105628 quick_dec -0 nack_dec -116200
Flow Uec_2633_731 flowId 109 uecSrc 108 finished at 689.483 total messages 1 total packets 490 RTS 0 total bytes 2002140 in_flight now 0 fair_inc 14833 prop_inc 50313 fast_inc 246988 eta_inc 25032 multi_dec -36083 quick_dec -62597 nack_dec -132800
Flow Uec_1219_3145 flowId 276 uecSrc 275 finished at 697.372 total messages 1 total packets 490 RTS 0 total bytes 2002140 in_flight now 0 fair_inc 19309 prop_inc 20486 fast_inc 90398 eta_inc 25628 multi_dec -120550 quick_dec -0 nack_dec -95450
Flow Uec_1947_75 flowId 168 uecSrc 167 finished at 703.087 total messages 1 total packets 490 RTS 0 total bytes 2002140 in_flight now 0 fair_inc 20263 prop_inc 20580 fast_inc 81306 eta_inc 31588 multi_dec -152291 quick_dec -0 nack_dec -83000
Flow Uec_1330_2954 flowId 31 uecSrc 30 finished at 739.441 total messages 1 total packets 490 RTS 0 total bytes 2002140 in_flight now 0 fair_inc 50296 prop_inc 6304 fast_inc 0 eta_inc 32780 multi_dec -127040 quick_dec -0 nack_dec -141100
Flow Uec_1679_3507 flowId 275 uecSrc 274 finished at 752.598 total messages 1 total packets 490 RTS 0 total bytes 2002140 in_flight now 0 fair_inc 65616 prop_inc 5709 fast_inc 0 eta_inc 24436 multi_dec -127547 quick_dec -0 nack_dec -112050
Flow Uec_94_1905 flowId 113 uecSrc 112 finished at 758.152 total messages 1 total packets 490 RTS 0 total bytes 2002140 in_flight now 0 fair_inc 52277 prop_inc 9450 fast_inc 0 eta_inc 32184 multi_dec -27100 quick_dec -8445 nack_dec -178450
Flow Uec_1664_3465 flowId 322 uecSrc 321 finished at 758.403 total messages 1 total packets 490 RTS 0 total bytes 2002140 in_flight now 0 fair_inc 55475 prop_inc 3763 fast_inc 0 eta_inc 32780 multi_dec -93633 quick_dec -0 nack_dec -157700
Flow Uec_1624_3425 flowId 112 uecSrc 111 finished at 772.84 total messages 1 total packets 490 RTS 0 total bytes 2002140 in_flight now 0 fair_inc 36584 prop_inc 16703 fast_inc 0 eta_inc 27416 multi_dec -63624 quick_dec -0 nack_dec -157700
Flow Uec_77_1936 flowId 254 uecSrc 253 finished at 773.917 total messages 1 total packets 490 RTS 0 total bytes 2002140 in_flight now 0 fair_inc 47900 prop_inc 10528 fast_inc 0 eta_inc 35164 multi_dec -61987 quick_dec -0 nack_dec -170150
Flow Uec_217_2022 flowId 295 uecSrc 294 finished at 781.382 total messages 1 total packets 490 RTS 0 total bytes 2002140 in_flight now 0 fair_inc 43633 prop_inc 15725 fast_inc 0 eta_inc 29204 multi_dec -87250 quick_dec -0 nack_dec -132800
Flow Uec_1754_3426 flowId 125 uecSrc 124 finished at 792.227 total messages 1 total packets 490 RTS 0 total bytes 2002140 in_flight now 0 fair_inc 50459 prop_inc 30826 fast_inc 0 eta_inc 33972 multi_dec -47188 quick_dec -18416 nack_dec -174300
Flow Uec_1132_2992 flowId 243 uecSrc 242 finished at 801.354 total messages 1 total packets 490 RTS 0 total bytes 2002140 in_flight now 0 fair_inc 53478 prop_inc 6214 fast_inc 0 eta_inc 23840 multi_dec -32613 quick_dec -16947 nack_dec -178450
Flow Uec_1640_3382 flowId 126 uecSrc 125 finished at 869.976 total messages 1 total packets 490 RTS 0 total bytes 2002140 in_flight now 0 fair_inc 29853 prop_inc 28236 fast_inc 117676 eta_inc 34568 multi_dec -117243 quick_dec -12184 nack_dec -128650
Flow Uec_223_1865 flowId 134 uecSrc 133 finished at 883.498 total messages 1 total packets 490 RTS 0 total bytes 2002140 in_flight now 0 fair_inc 43420 prop_inc 79655 fast_inc 0 eta_inc 30396 multi_dec -132049 quick_dec -2827 nack_dec -120350
Flow Uec_1309_3035 flowId 129 uecSrc 128 finished at 937.967 total messages 1 total packets 490 RTS 0 total bytes 2002140 in_flight now 0 fair_inc 47902 prop_inc 17580 fast_inc 0 eta_inc 38740 multi_dec -43908 quick_dec -7753 nack_dec -182600
Flow Uec_1220_3097 flowId 208 uecSrc 207 finished at 947.091 total messages 1 total packets 490 RTS 0 total bytes 2002140 in_flight now 0 fair_inc 44260 prop_inc 19271 fast_inc 0 eta_inc 38144 multi_dec -73476 quick_dec -0 nack_dec -186750
Flow Uec_1186_3056 flowId 182 uecSrc 181 finished at 980.11 total messages 1 total packets 490 RTS 0 total bytes 2002140 in_flight now 0 fair_inc 75163 prop_inc 35797 fast_inc 0 eta_inc 30992 multi_dec -61386 quick_dec -112554 nack_dec -116200
Flow Uec_1198_3041 flowId 261 uecSrc 260 finished at 1003.82 total messages 1 total packets 490 RTS 0 total bytes 2002140 in_flight now 0 fair_inc 55682 prop_inc 45474 fast_inc 5540 eta_inc 30992 multi_dec -53145 quick_dec -124889 nack_dec -120350
Flow Uec_105_1931 flowId 354 uecSrc 353 finished at 1016.96 total messages 1 total packets 494 RTS 4 total bytes 2002140 in_flight now 0 fair_inc 0 prop_inc 126158 fast_inc 0 eta_inc 14900 multi_dec -0 quick_dec -0 nack_dec -0
.Done
New: 176400 Rtx: 5610 RTS: 17 Bounced: 0 ACKs: 136720 NACKs: 5424 Pulls: 0 sleek_pkts: 0
