traffic matrix input file: connection_matrices/load_sweep/load0.90_n256_seed2.cm
Load balancing algorithm set to oblivious
no_of_nodes 256
Dragonfly+ strategy: FPAR
Setting queuesize to 50 packets
endtime(us) 100000
random seed 2
Packet size (MTU) is 4150
Parsed args
Logging to reps_dfp_results/reps_withoutnorm256/load0.90_oblivious_seed2.dat
Loading connection matrix from connection_matrices/load_sweep/load0.90_n256_seed2.cm
Nodes: 256 Connections: 230 Triggers: 0 Failures: 0
Setting ECN low 33200 high 120350
Dragonfly+ with medium topology type
Link latencies: 1 and switch latencies: 0
queue_id 2 ecn_low 33200 ecn_high 120350
DragonFly+ constructor done, 392 nodes created
Note: topology supports 392 hosts; 136 host port(s) will be unused.
network_max_unloaded_rtt 11.6856 us
Setting min RTO to 114.6
Per-hop RTT normalization: OFF (strategy fpar)
Initializing static NSCC parameters: _reference_network_linkspeed=100000000000 _reference_network_rtt=12000000 _reference_network_bdp=150000 _target_Qdelay=8764200 _network_linkspeed=100000000000 _network_rtt=11685600 _network_bdp=146070 _qa_gate=2^3 _qa_threshold=3.50568e+07 _scaling_factor_a=0.9738 _scaling_factor_b=0.73035 _alpha=0.00132632 _fi=19894.7 _eta=596.842 _qa_scaling=1 _gamma=0.8 _fi_scale=0.24345 _delay_alpha=0.0125 _adjust_period_threshold=11685600 _adjust_bytes_threshold=33200
Initialize per-instance NSCC parameters: flowid 1 _base_rtt=11685600 _base_bdp=146070 _bdp=146070 _min_cwnd=4150 _maxwnd=219105 _cwnd=219105
Initialize per-instance NSCC parameters: flowid 2 _base_rtt=11685600 _base_bdp=146070 _bdp=146070 _min_cwnd=4150 _maxwnd=219105 _cwnd=219105
Initialize per-instance NSCC parameters: flowid 3 _base_rtt=11685600 _base_bdp=146070 _bdp=146070 _min_cwnd=4150 _maxwnd=219105 _cwnd=219105
Initialize per-instance NSCC parameters: flowid 4 _base_rtt=11685600 _base_bdp=146070 _bdp=146070 _min_cwnd=4150 _maxwnd=219105 _cwnd=219105
Initialize per-instance NSCC parameters: flowid 5 _base_rtt=11685600 _base_bdp=146070 _bdp=146070 _min_cwnd=4150 _maxwnd=219105 _cwnd=219105
Initialize per-instance NSCC parameters: flowid 6 _base_rtt=11685600 _base_bdp=146070 _bdp=146070 _min_cwnd=4150 _maxwnd=219105 _cwnd=219105
Initialize per-instance NSCC parameters: flowid 7 _base_rtt=11685600 _base_bdp=146070 _bdp=146070 _min_cwnd=4150 _maxwnd=219105 _cwnd=219105
Initialize per-instance NSCC parameters: flowid 8 _base_rtt=11685600 _base_bdp=146070 _bdp=146070 _min_cwnd=4150 _maxwnd=219105 _cwnd=219105
Initialize per-instance NSCC parameters: flowid 9 _base_rtt=11685600 _base_bdp=146070 _bdp=146070 _min_cwnd=4150 _maxwnd=219105 _cwnd=219105
Initialize per-instance NSCC parameters: flowid 10 _base_rtt=11685600 _base_bdp=146070 _bdp=146070 _min_cwnd=4150 _maxwnd=219105 _cwnd=219105
Initialize per-instance NSCC parameters: flowid 11 _base_rtt=11685600 _base_bdp=146070 _bdp=146070 _min_cwnd=4150 _maxwnd=219105 _cwnd=219105
Initialize per-instance NSCC parameters: flowid 12 _base_rtt=11685600 _base_bdp=146070 _bdp=146070 _min_cwnd=4150 _maxwnd=219105 _cwnd=219105
Initialize per-instance NSCC parameters: flowid 13 _base_rtt=11685600 _base_bdp=146070 _bdp=146070 _min_cwnd=4150 _maxwnd=219105 _cwnd=219105
Initialize per-instance NSCC parameters: flowid 14 _base_rtt=11685600 _base_bdp=146070 _bdp=146070 _min_cwnd=4150 _maxwnd=219105 _cwnd=219105
Initialize per-instance NSCC parameters: flowid 15 _base_rtt=11685600 _base_bdp=146070 _bdp=146070 _min_cwnd=4150 _maxwnd=219105 _cwnd=219105
Initialize per-instance NSCC parameters: flowid 16 _base_rtt=11685600 _base_bdp=146070 _bdp=146070 _min_cwnd=4150 _maxwnd=219105 _cwnd=219105
Initialize per-instance NSCC parameters: flowid 17 _base_rtt=11685600 _base_bdp=146070 _bdp=146070 _min_cwnd=4150 _maxwnd=219105 _cwnd=219105
Initialize per-instance NSCC parameters: flowid 18 _base_rtt=11685600 _base_bdp=146070 _bdp=146070 _min_cwnd=4150 _maxwnd=219105 _cwnd=219105
Initialize per-instance NSCC parameters: flowid 19 _base_rtt=11685600 _base_bdp=146070 _bdp=146070 _min_cwnd=4150 _maxwnd=219105 _cwnd=219105
Initialize per-instance NSCC parameters: flowid 20 _base_rtt=11685600 _base_bdp=146070 _bdp=146070 _min_cwnd=4150 _maxwnd=219105 _cwnd=219105
Initialize per-instance NSCC parameters: flowid 21 _base_rtt=11685600 _base_bdp=146070 _bdp=146070 _min_cwnd=4150 _maxwnd=219105 _cwnd=219105
Initialize per-instance NSCC parameters: flowid 22 _base_rtt=11685600 _base_bdp=146070 _bdp=146070 _min_cwnd=4150 _maxwnd=219105 _cwnd=219105
Initialize per-instance NSCC parameters: flowid 23 _base_rtt=11685600 _base_bdp=146070 _bdp=146070 _min_cwnd=4150 _maxwnd=219105 _cwnd=219105
Initialize per-instance NSCC parameters: flowid 24 _base_rtt=11685600 _base_bdp=146070 _bdp=146070 _min_cwnd=4150 _maxwnd=219105 _cwnd=219105
Initialize per-instance NSCC parameters: flowid 25 _base_rtt=11685600 _base_bdp=146070 _bdp=146070 _min_cwnd=4150 _maxwnd=219105 _cwnd=219105
Initialize per-instance NSCC parameters: flowid 26 _base_rtt=11685600 _base_bdp=146070 _bdp=146070 _min_cwnd=4150 _maxwnd=219105 _cwnd=219105
Initialize per-instance NSCC parameters: flowid 27 _base_rtt=11685600 _base_bdp=146070 _bdp=146070 _min_cwnd=4150 _maxwnd=219105 _cwnd=219105
Initialize per-instance NSCC parameters: flowid 28 _base_rtt=11685600 _base_bdp=146070 _bdp=146070 _min_cwnd=4150 _maxwnd=219105 _cwnd=219105
Initialize per-instance NSCC parameters: flowid 29 _base_rtt=11685600 _base_bdp=146070 _bdp=146070 _min_cwnd=4150 _maxwnd=219105 _cwnd=219105
Initialize per-instance NSCC parameters: flowid 30 _base_rtt=11685600 _base_bdp=146070 _bdp=146070 _min_cwnd=4150 _maxwnd=219105 _cwnd=219105
Initialize per-instance NSCC parameters: flowid 31 _base_rtt=11685600 _base_bdp=146070 _bdp=146070 _min_cwnd=4150 _maxwnd=219105 _cwnd=219105
Initialize per-instance NSCC parameters: flowid 32 _base_rtt=11685600 _base_bdp=146070 _bdp=146070 _min_cwnd=4150 _maxwnd=219105 _cwnd=219105
Initialize per-instance NSCC parameters: flowid 33 _base_rtt=11685600 _base_bdp=146070 _bdp=146070 _min_cwnd=4150 _maxwnd=219105 _cwnd=219105
Initialize per-instance NSCC parameters: flowid 34 _base_rtt=11685600 _base_bdp=146070 _bdp=146070 _min_cwnd=4150 _maxwnd=219105 _cwnd=219105
Initialize per-instance NSCC parameters: flowid 35 _base_rtt=11685600 _base_bdp=146070 _bdp=146070 _min_cwnd=4150 _maxwnd=219105 _cwnd=219105
Initialize per-instance NSCC parameters: flowid 36 _base_rtt=11685600 _base_bdp=146070 _bdp=146070 _min_cwnd=4150 _maxwnd=219105 _cwnd=219105
Initialize per-instance NSCC parameters: flowid 37 _base_rtt=11685600 _base_bdp=146070 _bdp=146070 _min_cwnd=4150 _maxwnd=219105 _cwnd=219105
Initialize per-instance NSCC parameters: flowid 38 _base_rtt=11685600 _base_bdp=146070 _bdp=146070 _min_cwnd=4150 _maxwnd=219105 _cwnd=219105
Initialize per-instance NSCC parameters: flowid 39 _base_rtt=11685600 _base_bdp=146070 _bdp=146070 _min_cwnd=4150 _maxwnd=219105 _cwnd=219105
Initialize per-instance NSCC parameters: flowid 40 _base_rtt=11685600 _base_bdp=146070 _bdp=146070 _min_cwnd=4150 _maxwnd=219105 _cwnd=219105
Initialize per-instance NSCC parameters: flowid 41 _base_rtt=11685600 _base_bdp=146070 _bdp=146070 _min_cwnd=4150 _maxwnd=219105 _cwnd=219105
Initialize per-instance NSCC parameters: flowid 42 _base_rtt=11685600 _base_bdp=146070 _bdp=146070 _min_cwnd=4150 _maxwnd=219105 _cwnd=219105
Initialize per-instance NSCC parameters: flowid 43 _base_rtt=11685600 _base_bdp=146070 _bdp=146070 _min_cwnd=4150 _maxwnd=219105 _cwnd=219105
Initialize per-instance NSCC parameters: flowid 44 _base_rtt=11685600 _base_bdp=146070 _bdp=146070 _min_cwnd=4150 _maxwnd=219105 _cwnd=219105
Initialize per-instance NSCC parameters: flowid 45 _base_rtt=11685600 _base_bdp=146070 _bdp=146070 _min_cwnd=4150 _maxwnd=219105 _cwnd=219105
Initialize per-instance NSCC parameters: flowid 46 _base_rtt=11685600 _base_bdp=146070 _bdp=146070 _min_cwnd=4150 _maxwnd=219105 _cwnd=219105
Initialize per-instance NSCC parameters: flowid 47 _base_rtt=11685600 _base_bdp=146070 _bdp=146070 _min_cwnd=4150 _maxwnd=219105 _cwnd=219105
Initialize per-instance NSCC parameters: flowid 48 _base_rtt=11685600 _base_bdp=146070 _bdp=146070 _min_cwnd=4150 _maxwnd=219105 _cwnd=219105
Initialize per-instance NSCC parameters: flowid 49 _base_rtt=11685600 _base_bdp=146070 _bdp=146070 _min_cwnd=4150 _maxwnd=219105 _cwnd=219105
Initialize per-instance NSCC parameters: flowid 50 _base_rtt=11685600 _base_bdp=146070 _bdp=146070 _min_cwnd=4150 _maxwnd=219105 _cwnd=219105
Initialize per-instance NSCC parameters: flowid 51 _base_rtt=11685600 _base_bdp=146070 _bdp=146070 _min_cwnd=4150 _maxwnd=219105 _cwnd=219105
Initialize per-instance NSCC parameters: flowid 52 _base_rtt=11685600 _base_bdp=146070 _bdp=146070 _min_cwnd=4150 _maxwnd=219105 _cwnd=219105
Initialize per-instance NSCC parameters: flowid 53 _base_rtt=11685600 _base_bdp=146070 _bdp=146070 _min_cwnd=4150 _maxwnd=219105 _cwnd=219105
Initialize per-instance NSCC parameters: flowid 54 _base_rtt=11685600 _base_bdp=146070 _bdp=146070 _min_cwnd=4150 _maxwnd=219105 _cwnd=219105
Initialize per-instance NSCC parameters: flowid 55 _base_rtt=11685600 _base_bdp=146070 _bdp=146070 _min_cwnd=4150 _maxwnd=219105 _cwnd=219105
Initialize per-instance NSCC parameters: flowid 56 _base_rtt=11685600 _base_bdp=146070 _bdp=146070 _min_cwnd=4150 _maxwnd=219105 _cwnd=219105
Initialize per-instance NSCC parameters: flowid 57 _base_rtt=11685600 _base_bdp=146070 _bdp=146070 _min_cwnd=4150 _maxwnd=219105 _cwnd=219105
Initialize per-instance NSCC parameters: flowid 58 _base_rtt=11685600 _base_bdp=146070 _bdp=146070 _min_cwnd=4150 _maxwnd=219105 _cwnd=219105
Initialize per-instance NSCC parameters: flowid 59 _base_rtt=11685600 _base_bdp=146070 _bdp=146070 _min_cwnd=4150 _maxwnd=219105 _cwnd=219105
Initialize per-instance NSCC parameters: flowid 60 _base_rtt=11685600 _base_bdp=146070 _bdp=146070 _min_cwnd=4150 _maxwnd=219105 _cwnd=219105
Initialize per-instance NSCC parameters: flowid 61 _base_rtt=11685600 _base_bdp=146070 _bdp=146070 _min_cwnd=4150 _maxwnd=219105 _cwnd=219105
Initialize per-instance NSCC parameters: flowid 62 _base_rtt=11685600 _base_bdp=146070 _bdp=146070 _min_cwnd=4150 _maxwnd=219105 _cwnd=219105
Initialize per-instance NSCC parameters: flowid 63 _base_rtt=11685600 _base_bdp=146070 _bdp=146070 _min_cwnd=4150 _maxwnd=219105 _cwnd=219105
Initialize per-instance NSCC parameters: flowid 64 _base_rtt=11685600 _base_bdp=146070 _bdp=146070 _min_cwnd=4150 _maxwnd=219105 _cwnd=219105
Initialize per-instance NSCC parameters: flowid 65 _base_rtt=11685600 _base_bdp=146070 _bdp=146070 _min_cwnd=4150 _maxwnd=219105 _cwnd=219105
Initialize per-instance NSCC parameters: flowid 66 _base_rtt=11685600 _base_bdp=146070 _bdp=146070 _min_cwnd=4150 _maxwnd=219105 _cwnd=219105
Initialize per-instance NSCC parameters: flowid 67 _base_rtt=11685600 _base_bdp=146070 _bdp=146070 _min_cwnd=4150 _maxwnd=219105 _cwnd=219105
Initialize per-instance NSCC parameters: flowid 68 _base_rtt=11685600 _base_bdp=146070 _bdp=146070 _min_cwnd=4150 _maxwnd=219105 _cwnd=219105
Initialize per-instance NSCC parameters: flowid 69 _base_rtt=11685600 _base_bdp=146070 _bdp=146070 _min_cwnd=4150 _maxwnd=219105 _cwnd=219105
Initialize per-instance NSCC parameters: flowid 70 _base_rtt=11685600 _base_bdp=146070 _bdp=146070 _min_cwnd=4150 _maxwnd=219105 _cwnd=219105
Initialize per-instance NSCC parameters: flowid 71 _base_rtt=11685600 _base_bdp=146070 _bdp=146070 _min_cwnd=4150 _maxwnd=219105 _cwnd=219105
Initialize per-instance NSCC parameters: flowid 72 _base_rtt=11685600 _base_bdp=146070 _bdp=146070 _min_cwnd=4150 _maxwnd=219105 _cwnd=219105
Initialize per-instance NSCC parameters: flowid 73 _base_rtt=11685600 _base_bdp=146070 _bdp=146070 _min_cwnd=4150 _maxwnd=219105 _cwnd=219105
Initialize per-instance NSCC parameters: flowid 74 _base_rtt=11685600 _base_bdp=146070 _bdp=146070 _min_cwnd=4150 _maxwnd=219105 _cwnd=219105
Initialize per-instance NSCC parameters: flowid 75 _base_rtt=11685600 _base_bdp=146070 _bdp=146070 _min_cwnd=4150 _maxwnd=219105 _cwnd=219105
Initialize per-instance NSCC parameters: flowid 76 _base_rtt=11685600 _base_bdp=146070 _bdp=146070 _min_cwnd=4150 _maxwnd=219105 _cwnd=219105
Initialize per-instance NSCC parameters: flowid 77 _base_rtt=11685600 _base_bdp=146070 _bdp=146070 _min_cwnd=4150 _maxwnd=219105 _cwnd=219105
Initialize per-instance NSCC parameters: flowid 78 _base_rtt=11685600 _base_bdp=146070 _bdp=146070 _min_cwnd=4150 _maxwnd=219105 _cwnd=219105
Initialize per-instance NSCC parameters: flowid 79 _base_rtt=11685600 _base_bdp=146070 _bdp=146070 _min_cwnd=4150 _maxwnd=219105 _cwnd=219105
Initialize per-instance NSCC parameters: flowid 80 _base_rtt=11685600 _base_bdp=146070 _bdp=146070 _min_cwnd=4150 _maxwnd=219105 _cwnd=219105
Initialize per-instance NSCC parameters: flowid 81 _base_rtt=11685600 _base_bdp=146070 _bdp=146070 _min_cwnd=4150 _maxwnd=219105 _cwnd=219105
Initialize per-instance NSCC parameters: flowid 82 _base_rtt=11685600 _base_bdp=146070 _bdp=146070 _min_cwnd=4150 _maxwnd=219105 _cwnd=219105
Initialize per-instance NSCC parameters: flowid 83 _base_rtt=11685600 _base_bdp=146070 _bdp=146070 _min_cwnd=4150 _maxwnd=219105 _cwnd=219105
Initialize per-instance NSCC parameters: flowid 84 _base_rtt=11685600 _base_bdp=146070 _bdp=146070 _min_cwnd=4150 _maxwnd=219105 _cwnd=219105
Initialize per-instance NSCC parameters: flowid 85 _base_rtt=11685600 _base_bdp=146070 _bdp=146070 _min_cwnd=4150 _maxwnd=219105 _cwnd=219105
Initialize per-instance NSCC parameters: flowid 86 _base_rtt=11685600 _base_bdp=146070 _bdp=146070 _min_cwnd=4150 _maxwnd=219105 _cwnd=219105
Initialize per-instance NSCC parameters: flowid 87 _base_rtt=11685600 _base_bdp=146070 _bdp=146070 _min_cwnd=4150 _maxwnd=219105 _cwnd=219105
Initialize per-instance NSCC parameters: flowid 88 _base_rtt=11685600 _base_bdp=146070 _bdp=146070 _min_cwnd=4150 _maxwnd=219105 _cwnd=219105
Initialize per-instance NSCC parameters: flowid 89 _base_rtt=11685600 _base_bdp=146070 _bdp=146070 _min_cwnd=4150 _maxwnd=219105 _cwnd=219105
Initialize per-instance NSCC parameters: flowid 90 _base_rtt=11685600 _base_bdp=146070 _bdp=146070 _min_cwnd=4150 _maxwnd=219105 _cwnd=219105
Initialize per-instance NSCC parameters: flowid 91 _base_rtt=11685600 _base_bdp=146070 _bdp=146070 _min_cwnd=4150 _maxwnd=219105 _cwnd=219105
Initialize per-instance NSCC parameters: flowid 92 _base_rtt=11685600 _base_bdp=146070 _bdp=146070 _min_cwnd=4150 _maxwnd=219105 _cwnd=219105
Initialize per-instance NSCC parameters: flowid 93 _base_rtt=11685600 _base_bdp=146070 _bdp=146070 _min_cwnd=4150 _maxwnd=219105 _cwnd=219105
Initialize per-instance NSCC parameters: flowid 94 _base_rtt=11685600 _base_bdp=146070 _bdp=146070 _min_cwnd=4150 _maxwnd=219105 _cwnd=219105
Initialize per-instance NSCC parameters: flowid 95 _base_rtt=11685600 _base_bdp=146070 _bdp=146070 _min_cwnd=4150 _maxwnd=219105 _cwnd=219105
Initialize per-instance NSCC parameters: flowid 96 _base_rtt=11685600 _base_bdp=146070 _bdp=146070 _min_cwnd=4150 _maxwnd=219105 _cwnd=219105
Initialize per-instance NSCC parameters: flowid 97 _base_rtt=11685600 _base_bdp=146070 _bdp=146070 _min_cwnd=4150 _maxwnd=219105 _cwnd=219105
Initialize per-instance NSCC parameters: flowid 98 _base_rtt=11685600 _base_bdp=146070 _bdp=146070 _min_cwnd=4150 _maxwnd=219105 _cwnd=219105
Initialize per-instance NSCC parameters: flowid 99 _base_rtt=11685600 _base_bdp=146070 _bdp=146070 _min_cwnd=4150 _maxwnd=219105 _cwnd=219105
Initialize per-instance NSCC parameters: flowid 100 _base_rtt=11685600 _base_bdp=146070 _bdp=146070 _min_cwnd=4150 _maxwnd=219105 _cwnd=219105
Initialize per-instance NSCC parameters: flowid 101 _base_rtt=11685600 _base_bdp=146070 _bdp=146070 _min_cwnd=4150 _maxwnd=219105 _cwnd=219105
Initialize per-instance NSCC parameters: flowid 102 _base_rtt=11685600 _base_bdp=146070 _bdp=146070 _min_cwnd=4150 _maxwnd=219105 _cwnd=219105
Initialize per-instance NSCC parameters: flowid 103 _base_rtt=11685600 _base_bdp=146070 _bdp=146070 _min_cwnd=4150 _maxwnd=219105 _cwnd=219105
Initialize per-instance NSCC parameters: flowid 104 _base_rtt=11685600 _base_bdp=146070 _bdp=146070 _min_cwnd=4150 _maxwnd=219105 _cwnd=219105
Initialize per-instance NSCC parameters: flowid 105 _base_rtt=11685600 _base_bdp=146070 _bdp=146070 _min_cwnd=4150 _maxwnd=219105 _cwnd=219105
Initialize per-instance NSCC parameters: flowid 106 _base_rtt=11685600 _base_bdp=146070 _bdp=146070 _min_cwnd=4150 _maxwnd=219105 _cwnd=219105
Initialize per-instance NSCC parameters: flowid 107 _base_rtt=11685600 _base_bdp=146070 _bdp=146070 _min_cwnd=4150 _maxwnd=219105 _cwnd=219105
Initialize per-instance NSCC parameters: flowid 108 _base_rtt=11685600 _base_bdp=146070 _bdp=146070 _min_cwnd=4150 _maxwnd=219105 _cwnd=219105
Initialize per-instance NSCC parameters: flowid 109 _base_rtt=11685600 _base_bdp=146070 _bdp=146070 _min_cwnd=4150 _maxwnd=219105 _cwnd=219105
Initialize per-instance NSCC parameters: flowid 110 _base_rtt=11685600 _base_bdp=146070 _bdp=146070 _min_cwnd=4150 _maxwnd=219105 _cwnd=219105
Initialize per-instance NSCC parameters: flowid 111 _base_rtt=11685600 _base_bdp=146070 _bdp=146070 _min_cwnd=4150 _maxwnd=219105 _cwnd=219105
Initialize per-instance NSCC parameters: flowid 112 _base_rtt=11685600 _base_bdp=146070 _bdp=146070 _min_cwnd=4150 _maxwnd=219105 _cwnd=219105
Initialize per-instance NSCC parameters: flowid 113 _base_rtt=11685600 _base_bdp=146070 _bdp=146070 _min_cwnd=4150 _maxwnd=219105 _cwnd=219105
Initialize per-instance NSCC parameters: flowid 114 _base_rtt=11685600 _base_bdp=146070 _bdp=146070 _min_cwnd=4150 _maxwnd=219105 _cwnd=219105
Initialize per-instance NSCC parameters: flowid 115 _base_rtt=11685600 _base_bdp=146070 _bdp=146070 _min_cwnd=4150 _maxwnd=219105 _cwnd=219105
Initialize per-instance NSCC parameters: flowid 116 _base_rtt=11685600 _base_bdp=146070 _bdp=146070 _min_cwnd=4150 _maxwnd=219105 _cwnd=219105
Initialize per-instance NSCC parameters: flowid 117 _base_rtt=11685600 _base_bdp=146070 _bdp=146070 _min_cwnd=4150 _maxwnd=219105 _cwnd=219105
Initialize per-instance NSCC parameters: flowid 118 _base_rtt=11685600 _base_bdp=146070 _bdp=146070 _min_cwnd=4150 _maxwnd=219105 _cwnd=219105
Initialize per-instance NSCC parameters: flowid 119 _base_rtt=11685600 _base_bdp=146070 _bdp=146070 _min_cwnd=4150 _maxwnd=219105 _cwnd=219105
Initialize per-instance NSCC parameters: flowid 120 _base_rtt=11685600 _base_bdp=146070 _bdp=146070 _min_cwnd=4150 _maxwnd=219105 _cwnd=219105
Initialize per-instance NSCC parameters: flowid 121 _base_rtt=11685600 _base_bdp=146070 _bdp=146070 _min_cwnd=4150 _maxwnd=219105 _cwnd=219105
Initialize per-instance NSCC parameters: flowid 122 _base_rtt=11685600 _base_bdp=146070 _bdp=146070 _min_cwnd=4150 _maxwnd=219105 _cwnd=219105
Initialize per-instance NSCC parameters: flowid 123 _base_rtt=11685600 _base_bdp=146070 _bdp=146070 _min_cwnd=4150 _maxwnd=219105 _cwnd=219105
Initialize per-instance NSCC parameters: flowid 124 _base_rtt=11685600 _base_bdp=146070 _bdp=146070 _min_cwnd=4150 _maxwnd=219105 _cwnd=219105
Initialize per-instance NSCC parameters: flowid 125 _base_rtt=11685600 _base_bdp=146070 _bdp=146070 _min_cwnd=4150 _maxwnd=219105 _cwnd=219105
Initialize per-instance NSCC parameters: flowid 126 _base_rtt=11685600 _base_bdp=146070 _bdp=146070 _min_cwnd=4150 _maxwnd=219105 _cwnd=219105
Initialize per-instance NSCC parameters: flowid 127 _base_rtt=11685600 _base_bdp=146070 _bdp=146070 _min_cwnd=4150 _maxwnd=219105 _cwnd=219105
Initialize per-instance NSCC parameters: flowid 128 _base_rtt=11685600 _base_bdp=146070 _bdp=146070 _min_cwnd=4150 _maxwnd=219105 _cwnd=219105
Initialize per-instance NSCC parameters: flowid 129 _base_rtt=11685600 _base_bdp=146070 _bdp=146070 _min_cwnd=4150 _maxwnd=219105 _cwnd=219105
Initialize per-instance NSCC parameters: flowid 130 _base_rtt=11685600 _base_bdp=146070 _bdp=146070 _min_cwnd=4150 _maxwnd=219105 _cwnd=219105
Initialize per-instance NSCC parameters: flowid 131 _base_rtt=11685600 _base_bdp=146070 _bdp=146070 _min_cwnd=4150 _maxwnd=219105 _cwnd=219105
Initialize per-instance NSCC parameters: flowid 132 _base_rtt=11685600 _base_bdp=146070 _bdp=146070 _min_cwnd=4150 _maxwnd=219105 _cwnd=219105
Initialize per-instance NSCC parameters: flowid 133 _base_rtt=11685600 _base_bdp=146070 _bdp=146070 _min_cwnd=4150 _maxwnd=219105 _cwnd=219105
Initialize per-instance NSCC parameters: flowid 134 _base_rtt=11685600 _base_bdp=146070 _bdp=146070 _min_cwnd=4150 _maxwnd=219105 _cwnd=219105
Initialize per-instance NSCC parameters: flowid 135 _base_rtt=11685600 _base_bdp=146070 _bdp=146070 _min_cwnd=4150 _maxwnd=219105 _cwnd=219105
Initialize per-instance NSCC parameters: flowid 136 _base_rtt=11685600 _base_bdp=146070 _bdp=146070 _min_cwnd=4150 _maxwnd=219105 _cwnd=219105
Initialize per-instance NSCC parameters: flowid 137 _base_rtt=11685600 _base_bdp=146070 _bdp=146070 _min_cwnd=4150 _maxwnd=219105 _cwnd=219105
Initialize per-instance NSCC parameters: flowid 138 _base_rtt=11685600 _base_bdp=146070 _bdp=146070 _min_cwnd=4150 _maxwnd=219105 _cwnd=219105
Initialize per-instance NSCC parameters: flowid 139 _base_rtt=11685600 _base_bdp=146070 _bdp=146070 _min_cwnd=4150 _maxwnd=219105 _cwnd=219105
Initialize per-instance NSCC parameters: flowid 140 _base_rtt=11685600 _base_bdp=146070 _bdp=146070 _min_cwnd=4150 _maxwnd=219105 _cwnd=219105
Initialize per-instance NSCC parameters: flowid 141 _base_rtt=11685600 _base_bdp=146070 _bdp=146070 _min_cwnd=4150 _maxwnd=219105 _cwnd=219105
Initialize per-instance NSCC parameters: flowid 142 _base_rtt=11685600 _base_bdp=146070 _bdp=146070 _min_cwnd=4150 _maxwnd=219105 _cwnd=219105
Initialize per-instance NSCC parameters: flowid 143 _base_rtt=11685600 _base_bdp=146070 _bdp=146070 _min_cwnd=4150 _maxwnd=219105 _cwnd=219105
Initialize per-instance NSCC parameters: flowid 144 _base_rtt=11685600 _base_bdp=146070 _bdp=146070 _min_cwnd=4150 _maxwnd=219105 _cwnd=219105
Initialize per-instance NSCC parameters: flowid 145 _base_rtt=11685600 _base_bdp=146070 _bdp=146070 _min_cwnd=4150 _maxwnd=219105 _cwnd=219105
Initialize per-instance NSCC parameters: flowid 146 _base_rtt=11685600 _base_bdp=146070 _bdp=146070 _min_cwnd=4150 _maxwnd=219105 _cwnd=219105
Initialize per-instance NSCC parameters: flowid 147 _base_rtt=11685600 _base_bdp=146070 _bdp=146070 _min_cwnd=4150 _maxwnd=219105 _cwnd=219105
Initialize per-instance NSCC parameters: flowid 148 _base_rtt=11685600 _base_bdp=146070 _bdp=146070 _min_cwnd=4150 _maxwnd=219105 _cwnd=219105
Initialize per-instance NSCC parameters: flowid 149 _base_rtt=11685600 _base_bdp=146070 _bdp=146070 _min_cwnd=4150 _maxwnd=219105 _cwnd=219105
Initialize per-instance NSCC parameters: flowid 150 _base_rtt=11685600 _base_bdp=146070 _bdp=146070 _min_cwnd=4150 _maxwnd=219105 _cwnd=219105
Initialize per-instance NSCC parameters: flowid 151 _base_rtt=11685600 _base_bdp=146070 _bdp=146070 _min_cwnd=4150 _maxwnd=219105 _cwnd=219105
Initialize per-instance NSCC parameters: flowid 152 _base_rtt=11685600 _base_bdp=146070 _bdp=146070 _min_cwnd=4150 _maxwnd=219105 _cwnd=219105
Initialize per-instance NSCC parameters: flowid 153 _base_rtt=11685600 _base_bdp=146070 _bdp=146070 _min_cwnd=4150 _maxwnd=219105 _cwnd=219105
Initialize per-instance NSCC parameters: flowid 154 _base_rtt=11685600 _base_bdp=146070 _bdp=146070 _min_cwnd=4150 _maxwnd=219105 _cwnd=219105
Initialize per-instance NSCC parameters: flowid 155 _base_rtt=11685600 _base_bdp=146070 _bdp=146070 _min_cwnd=4150 _maxwnd=219105 _cwnd=219105
Initialize per-instance NSCC parameters: flowid 156 _base_rtt=11685600 _base_bdp=146070 _bdp=146070 _min_cwnd=4150 _maxwnd=219105 _cwnd=219105
Initialize per-instance NSCC parameters: flowid 157 _base_rtt=11685600 _base_bdp=146070 _bdp=146070 _min_cwnd=4150 _maxwnd=219105 _cwnd=219105
Initialize per-instance NSCC parameters: flowid 158 _base_rtt=11685600 _base_bdp=146070 _bdp=146070 _min_cwnd=4150 _maxwnd=219105 _cwnd=219105
Initialize per-instance NSCC parameters: flowid 159 _base_rtt=11685600 _base_bdp=146070 _bdp=146070 _min_cwnd=4150 _maxwnd=219105 _cwnd=219105
Initialize per-instance NSCC parameters: flowid 160 _base_rtt=11685600 _base_bdp=146070 _bdp=146070 _min_cwnd=4150 _maxwnd=219105 _cwnd=219105
Initialize per-instance NSCC parameters: flowid 161 _base_rtt=11685600 _base_bdp=146070 _bdp=146070 _min_cwnd=4150 _maxwnd=219105 _cwnd=219105
Initialize per-instance NSCC parameters: flowid 162 _base_rtt=11685600 _base_bdp=146070 _bdp=146070 _min_cwnd=4150 _maxwnd=219105 _cwnd=219105
Initialize per-instance NSCC parameters: flowid 163 _base_rtt=11685600 _base_bdp=146070 _bdp=146070 _min_cwnd=4150 _maxwnd=219105 _cwnd=219105
Initialize per-instance NSCC parameters: flowid 164 _base_rtt=11685600 _base_bdp=146070 _bdp=146070 _min_cwnd=4150 _maxwnd=219105 _cwnd=219105
Initialize per-instance NSCC parameters: flowid 165 _base_rtt=11685600 _base_bdp=146070 _bdp=146070 _min_cwnd=4150 _maxwnd=219105 _cwnd=219105
Initialize per-instance NSCC parameters: flowid 166 _base_rtt=11685600 _base_bdp=146070 _bdp=146070 _min_cwnd=4150 _maxwnd=219105 _cwnd=219105
Initialize per-instance NSCC parameters: flowid 167 _base_rtt=11685600 _base_bdp=146070 _bdp=146070 _min_cwnd=4150 _maxwnd=219105 _cwnd=219105
Initialize per-instance NSCC parameters: flowid 168 _base_rtt=11685600 _base_bdp=146070 _bdp=146070 _min_cwnd=4150 _maxwnd=219105 _cwnd=219105
Initialize per-instance NSCC parameters: flowid 169 _base_rtt=11685600 _base_bdp=146070 _bdp=146070 _min_cwnd=4150 _maxwnd=219105 _cwnd=219105
Initialize per-instance NSCC parameters: flowid 170 _base_rtt=11685600 _base_bdp=146070 _bdp=146070 _min_cwnd=4150 _maxwnd=219105 _cwnd=219105
Initialize per-instance NSCC parameters: flowid 171 _base_rtt=11685600 _base_bdp=146070 _bdp=146070 _min_cwnd=4150 _maxwnd=219105 _cwnd=219105
Initialize per-instance NSCC parameters: flowid 172 _base_rtt=11685600 _base_bdp=146070 _bdp=146070 _min_cwnd=4150 _maxwnd=219105 _cwnd=219105
Initialize per-instance NSCC parameters: flowid 173 _base_rtt=11685600 _base_bdp=146070 _bdp=146070 _min_cwnd=4150 _maxwnd=219105 _cwnd=219105
Initialize per-instance NSCC parameters: flowid 174 _base_rtt=11685600 _base_bdp=146070 _bdp=146070 _min_cwnd=4150 _maxwnd=219105 _cwnd=219105
Initialize per-instance NSCC parameters: flowid 175 _base_rtt=11685600 _base_bdp=146070 _bdp=146070 _min_cwnd=4150 _maxwnd=219105 _cwnd=219105
Initialize per-instance NSCC parameters: flowid 176 _base_rtt=11685600 _base_bdp=146070 _bdp=146070 _min_cwnd=4150 _maxwnd=219105 _cwnd=219105
Initialize per-instance NSCC parameters: flowid 177 _base_rtt=11685600 _base_bdp=146070 _bdp=146070 _min_cwnd=4150 _maxwnd=219105 _cwnd=219105
Initialize per-instance NSCC parameters: flowid 178 _base_rtt=11685600 _base_bdp=146070 _bdp=146070 _min_cwnd=4150 _maxwnd=219105 _cwnd=219105
Initialize per-instance NSCC parameters: flowid 179 _base_rtt=11685600 _base_bdp=146070 _bdp=146070 _min_cwnd=4150 _maxwnd=219105 _cwnd=219105
Initialize per-instance NSCC parameters: flowid 180 _base_rtt=11685600 _base_bdp=146070 _bdp=146070 _min_cwnd=4150 _maxwnd=219105 _cwnd=219105
Initialize per-instance NSCC parameters: flowid 181 _base_rtt=11685600 _base_bdp=146070 _bdp=146070 _min_cwnd=4150 _maxwnd=219105 _cwnd=219105
Initialize per-instance NSCC parameters: flowid 182 _base_rtt=11685600 _base_bdp=146070 _bdp=146070 _min_cwnd=4150 _maxwnd=219105 _cwnd=219105
Initialize per-instance NSCC parameters: flowid 183 _base_rtt=11685600 _base_bdp=146070 _bdp=146070 _min_cwnd=4150 _maxwnd=219105 _cwnd=219105
Initialize per-instance NSCC parameters: flowid 184 _base_rtt=11685600 _base_bdp=146070 _bdp=146070 _min_cwnd=4150 _maxwnd=219105 _cwnd=219105
Initialize per-instance NSCC parameters: flowid 185 _base_rtt=11685600 _base_bdp=146070 _bdp=146070 _min_cwnd=4150 _maxwnd=219105 _cwnd=219105
Initialize per-instance NSCC parameters: flowid 186 _base_rtt=11685600 _base_bdp=146070 _bdp=146070 _min_cwnd=4150 _maxwnd=219105 _cwnd=219105
Initialize per-instance NSCC parameters: flowid 187 _base_rtt=11685600 _base_bdp=146070 _bdp=146070 _min_cwnd=4150 _maxwnd=219105 _cwnd=219105
Initialize per-instance NSCC parameters: flowid 188 _base_rtt=11685600 _base_bdp=146070 _bdp=146070 _min_cwnd=4150 _maxwnd=219105 _cwnd=219105
Initialize per-instance NSCC parameters: flowid 189 _base_rtt=11685600 _base_bdp=146070 _bdp=146070 _min_cwnd=4150 _maxwnd=219105 _cwnd=219105
Initialize per-instance NSCC parameters: flowid 190 _base_rtt=11685600 _base_bdp=146070 _bdp=146070 _min_cwnd=4150 _maxwnd=219105 _cwnd=219105
Initialize per-instance NSCC parameters: flowid 191 _base_rtt=11685600 _base_bdp=146070 _bdp=146070 _min_cwnd=4150 _maxwnd=219105 _cwnd=219105
Initialize per-instance NSCC parameters: flowid 192 _base_rtt=11685600 _base_bdp=146070 _bdp=146070 _min_cwnd=4150 _maxwnd=219105 _cwnd=219105
Initialize per-instance NSCC parameters: flowid 193 _base_rtt=11685600 _base_bdp=146070 _bdp=146070 _min_cwnd=4150 _maxwnd=219105 _cwnd=219105
Initialize per-instance NSCC parameters: flowid 194 _base_rtt=11685600 _base_bdp=146070 _bdp=146070 _min_cwnd=4150 _maxwnd=219105 _cwnd=219105
Initialize per-instance NSCC parameters: flowid 195 _base_rtt=11685600 _base_bdp=146070 _bdp=146070 _min_cwnd=4150 _maxwnd=219105 _cwnd=219105
Initialize per-instance NSCC parameters: flowid 196 _base_rtt=11685600 _base_bdp=146070 _bdp=146070 _min_cwnd=4150 _maxwnd=219105 _cwnd=219105
Initialize per-instance NSCC parameters: flowid 197 _base_rtt=11685600 _base_bdp=146070 _bdp=146070 _min_cwnd=4150 _maxwnd=219105 _cwnd=219105
Initialize per-instance NSCC parameters: flowid 198 _base_rtt=11685600 _base_bdp=146070 _bdp=146070 _min_cwnd=4150 _maxwnd=219105 _cwnd=219105
Initialize per-instance NSCC parameters: flowid 199 _base_rtt=11685600 _base_bdp=146070 _bdp=146070 _min_cwnd=4150 _maxwnd=219105 _cwnd=219105
Initialize per-instance NSCC parameters: flowid 200 _base_rtt=11685600 _base_bdp=146070 _bdp=146070 _min_cwnd=4150 _maxwnd=219105 _cwnd=219105
Initialize per-instance NSCC parameters: flowid 201 _base_rtt=11685600 _base_bdp=146070 _bdp=146070 _min_cwnd=4150 _maxwnd=219105 _cwnd=219105
Initialize per-instance NSCC parameters: flowid 202 _base_rtt=11685600 _base_bdp=146070 _bdp=146070 _min_cwnd=4150 _maxwnd=219105 _cwnd=219105
Initialize per-instance NSCC parameters: flowid 203 _base_rtt=11685600 _base_bdp=146070 _bdp=146070 _min_cwnd=4150 _maxwnd=219105 _cwnd=219105
Initialize per-instance NSCC parameters: flowid 204 _base_rtt=11685600 _base_bdp=146070 _bdp=146070 _min_cwnd=4150 _maxwnd=219105 _cwnd=219105
Initialize per-instance NSCC parameters: flowid 205 _base_rtt=11685600 _base_bdp=146070 _bdp=146070 _min_cwnd=4150 _maxwnd=219105 _cwnd=219105
Initialize per-instance NSCC parameters: flowid 206 _base_rtt=11685600 _base_bdp=146070 _bdp=146070 _min_cwnd=4150 _maxwnd=219105 _cwnd=219105
Initialize per-instance NSCC parameters: flowid 207 _base_rtt=11685600 _base_bdp=146070 _bdp=146070 _min_cwnd=4150 _maxwnd=219105 _cwnd=219105
Initialize per-instance NSCC parameters: flowid 208 _base_rtt=11685600 _base_bdp=146070 _bdp=146070 _min_cwnd=4150 _maxwnd=219105 _cwnd=219105
Initialize per-instance NSCC parameters: flowid 209 _base_rtt=11685600 _base_bdp=146070 _bdp=146070 _min_cwnd=4150 _maxwnd=219105 _cwnd=219105
Initialize per-instance NSCC parameters: flowid 210 _base_rtt=11685600 _base_bdp=146070 _bdp=146070 _min_cwnd=4150 _maxwnd=219105 _cwnd=219105
Initialize per-instance NSCC parameters: flowid 211 _base_rtt=11685600 _base_bdp=146070 _bdp=146070 _min_cwnd=4150 _maxwnd=219105 _cwnd=219105
Initialize per-instance NSCC parameters: flowid 212 _base_rtt=11685600 _base_bdp=146070 _bdp=146070 _min_cwnd=4150 _maxwnd=219105 _cwnd=219105
Initialize per-instance NSCC parameters: flowid 213 _base_rtt=11685600 _base_bdp=146070 _bdp=146070 _min_cwnd=4150 _maxwnd=219105 _cwnd=219105
Initialize per-instance NSCC parameters: flowid 214 _base_rtt=11685600 _base_bdp=146070 _bdp=146070 _min_cwnd=4150 _maxwnd=219105 _cwnd=219105
Initialize per-instance NSCC parameters: flowid 215 _base_rtt=11685600 _base_bdp=146070 _bdp=146070 _min_cwnd=4150 _maxwnd=219105 _cwnd=219105
Initialize per-instance NSCC parameters: flowid 216 _base_rtt=11685600 _base_bdp=146070 _bdp=146070 _min_cwnd=4150 _maxwnd=219105 _cwnd=219105
Initialize per-instance NSCC parameters: flowid 217 _base_rtt=11685600 _base_bdp=146070 _bdp=146070 _min_cwnd=4150 _maxwnd=219105 _cwnd=219105
Initialize per-instance NSCC parameters: flowid 218 _base_rtt=11685600 _base_bdp=146070 _bdp=146070 _min_cwnd=4150 _maxwnd=219105 _cwnd=219105
Initialize per-instance NSCC parameters: flowid 219 _base_rtt=11685600 _base_bdp=146070 _bdp=146070 _min_cwnd=4150 _maxwnd=219105 _cwnd=219105
Initialize per-instance NSCC parameters: flowid 220 _base_rtt=11685600 _base_bdp=146070 _bdp=146070 _min_cwnd=4150 _maxwnd=219105 _cwnd=219105
Initialize per-instance NSCC parameters: flowid 221 _base_rtt=11685600 _base_bdp=146070 _bdp=146070 _min_cwnd=4150 _maxwnd=219105 _cwnd=219105
Initialize per-instance NSCC parameters: flowid 222 _base_rtt=11685600 _base_bdp=146070 _bdp=146070 _min_cwnd=4150 _maxwnd=219105 _cwnd=219105
Initialize per-instance NSCC parameters: flowid 223 _base_rtt=11685600 _base_bdp=146070 _bdp=146070 _min_cwnd=4150 _maxwnd=219105 _cwnd=219105
Initialize per-instance NSCC parameters: flowid 224 _base_rtt=11685600 _base_bdp=146070 _bdp=146070 _min_cwnd=4150 _maxwnd=219105 _cwnd=219105
Initialize per-instance NSCC parameters: flowid 225 _base_rtt=11685600 _base_bdp=146070 _bdp=146070 _min_cwnd=4150 _maxwnd=219105 _cwnd=219105
Initialize per-instance NSCC parameters: flowid 226 _base_rtt=11685600 _base_bdp=146070 _bdp=146070 _min_cwnd=4150 _maxwnd=219105 _cwnd=219105
Initialize per-instance NSCC parameters: flowid 227 _base_rtt=11685600 _base_bdp=146070 _bdp=146070 _min_cwnd=4150 _maxwnd=219105 _cwnd=219105
Initialize per-instance NSCC parameters: flowid 228 _base_rtt=11685600 _base_bdp=146070 _bdp=146070 _min_cwnd=4150 _maxwnd=219105 _cwnd=219105
Initialize per-instance NSCC parameters: flowid 229 _base_rtt=11685600 _base_bdp=146070 _bdp=146070 _min_cwnd=4150 _maxwnd=219105 _cwnd=219105
Initialize per-instance NSCC parameters: flowid 230 _base_rtt=11685600 _base_bdp=146070 _bdp=146070 _min_cwnd=4150 _maxwnd=219105 _cwnd=219105
Starting simulation
Flow Uec_201_73 flowId 1 uecSrc 0 starting at 0
Flow Uec_126_254 flowId 2 uecSrc 1 starting at 0
Flow Uec_81_209 flowId 3 uecSrc 2 starting at 0
Flow Uec_55_183 flowId 4 uecSrc 3 starting at 0
Flow Uec_196_68 flowId 5 uecSrc 4 starting at 0
Flow Uec_45_173 flowId 6 uecSrc 5 starting at 0
Flow Uec_116_244 flowId 7 uecSrc 6 starting at 0
Flow Uec_202_74 flowId 8 uecSrc 7 starting at 0
Flow Uec_244_116 flowId 9 uecSrc 8 starting at 0
Flow Uec_242_114 flowId 10 uecSrc 9 starting at 0
Flow Uec_213_85 flowId 11 uecSrc 10 starting at 0
Flow Uec_109_237 flowId 12 uecSrc 11 starting at 0
Flow Uec_61_189 flowId 13 uecSrc 12 starting at 0
Flow Uec_19_147 flowId 14 uecSrc 13 starting at 0
Flow Uec_178_50 flowId 15 uecSrc 14 starting at 0
Flow Uec_74_202 flowId 16 uecSrc 15 starting at 0
Flow Uec_190_62 flowId 17 uecSrc 16 starting at 0
Flow Uec_85_213 flowId 18 uecSrc 17 starting at 0
Flow Uec_22_150 flowId 19 uecSrc 18 starting at 0
Flow Uec_8_136 flowId 20 uecSrc 19 starting at 0
Flow Uec_91_219 flowId 21 uecSrc 20 starting at 0
Flow Uec_197_69 flowId 22 uecSrc 21 starting at 0
Flow Uec_151_23 flowId 23 uecSrc 22 starting at 0
Flow Uec_101_229 flowId 24 uecSrc 23 starting at 0
Flow Uec_115_243 flowId 25 uecSrc 24 starting at 0
Flow Uec_189_61 flowId 26 uecSrc 25 starting at 0
Flow Uec_0_128 flowId 27 uecSrc 26 starting at 0
Flow Uec_227_99 flowId 28 uecSrc 27 starting at 0
Flow Uec_184_56 flowId 29 uecSrc 28 starting at 0
Flow Uec_241_113 flowId 30 uecSrc 29 starting at 0
Flow Uec_134_6 flowId 31 uecSrc 30 starting at 0
Flow Uec_152_24 flowId 32 uecSrc 31 starting at 0
Flow Uec_108_236 flowId 33 uecSrc 32 starting at 0
Flow Uec_48_176 flowId 34 uecSrc 33 starting at 0
Flow Uec_11_139 flowId 35 uecSrc 34 starting at 0
Flow Uec_226_98 flowId 36 uecSrc 35 starting at 0
Flow Uec_237_109 flowId 37 uecSrc 36 starting at 0
Flow Uec_129_1 flowId 38 uecSrc 37 starting at 0
Flow Uec_99_227 flowId 39 uecSrc 38 starting at 0
Flow Uec_187_59 flowId 40 uecSrc 39 starting at 0
Flow Uec_148_20 flowId 41 uecSrc 40 starting at 0
Flow Uec_77_205 flowId 42 uecSrc 41 starting at 0
Flow Uec_198_70 flowId 43 uecSrc 42 starting at 0
Flow Uec_139_11 flowId 44 uecSrc 43 starting at 0
Flow Uec_72_200 flowId 45 uecSrc 44 starting at 0
Flow Uec_236_108 flowId 46 uecSrc 45 starting at 0
Flow Uec_118_246 flowId 47 uecSrc 46 starting at 0
Flow Uec_233_105 flowId 48 uecSrc 47 starting at 0
Flow Uec_21_149 flowId 49 uecSrc 48 starting at 0
Flow Uec_70_198 flowId 50 uecSrc 49 starting at 0
Flow Uec_177_49 flowId 51 uecSrc 50 starting at 0
Flow Uec_71_199 flowId 52 uecSrc 51 starting at 0
Flow Uec_38_166 flowId 53 uecSrc 52 starting at 0
Flow Uec_207_79 flowId 54 uecSrc 53 starting at 0
Flow Uec_191_63 flowId 55 uecSrc 54 starting at 0
Flow Uec_53_181 flowId 56 uecSrc 55 starting at 0
Flow Uec_160_32 flowId 57 uecSrc 56 starting at 0
Flow Uec_222_94 flowId 58 uecSrc 57 starting at 0
Flow Uec_206_78 flowId 59 uecSrc 58 starting at 0
Flow Uec_98_226 flowId 60 uecSrc 59 starting at 0
Flow Uec_1_129 flowId 61 uecSrc 60 starting at 0
Flow Uec_183_55 flowId 62 uecSrc 61 starting at 0
Flow Uec_154_26 flowId 63 uecSrc 62 starting at 0
Flow Uec_221_93 flowId 64 uecSrc 63 starting at 0
Flow Uec_186_58 flowId 65 uecSrc 64 starting at 0
Flow Uec_95_223 flowId 66 uecSrc 65 starting at 0
Flow Uec_54_182 flowId 67 uecSrc 66 starting at 0
Flow Uec_114_242 flowId 68 uecSrc 67 starting at 0
Flow Uec_248_120 flowId 69 uecSrc 68 starting at 0
Flow Uec_9_137 flowId 70 uecSrc 69 starting at 0
Flow Uec_36_164 flowId 71 uecSrc 70 starting at 0
Flow Uec_214_86 flowId 72 uecSrc 71 starting at 0
Flow Uec_46_174 flowId 73 uecSrc 72 starting at 0
Flow Uec_82_210 flowId 74 uecSrc 73 starting at 0
Flow Uec_220_92 flowId 75 uecSrc 74 starting at 0
Flow Uec_105_233 flowId 76 uecSrc 75 starting at 0
Flow Uec_67_195 flowId 77 uecSrc 76 starting at 0
Flow Uec_16_144 flowId 78 uecSrc 77 starting at 0
Flow Uec_52_180 flowId 79 uecSrc 78 starting at 0
Flow Uec_153_25 flowId 80 uecSrc 79 starting at 0
Flow Uec_40_168 flowId 81 uecSrc 80 starting at 0
Flow Uec_251_123 flowId 82 uecSrc 81 starting at 0
Flow Uec_155_27 flowId 83 uecSrc 82 starting at 0
Flow Uec_50_178 flowId 84 uecSrc 83 starting at 0
Flow Uec_127_255 flowId 85 uecSrc 84 starting at 0
Flow Uec_211_83 flowId 86 uecSrc 85 starting at 0
Flow Uec_112_240 flowId 87 uecSrc 86 starting at 0
Flow Uec_238_110 flowId 88 uecSrc 87 starting at 0
Flow Uec_170_42 flowId 89 uecSrc 88 starting at 0
Flow Uec_78_206 flowId 90 uecSrc 89 starting at 0
Flow Uec_83_211 flowId 91 uecSrc 90 starting at 0
Flow Uec_64_192 flowId 92 uecSrc 91 starting at 0
Flow Uec_141_13 flowId 93 uecSrc 92 starting at 0
Flow Uec_49_177 flowId 94 uecSrc 93 starting at 0
Flow Uec_156_28 flowId 95 uecSrc 94 starting at 0
Flow Uec_34_162 flowId 96 uecSrc 95 starting at 0
Flow Uec_43_171 flowId 97 uecSrc 96 starting at 0
Flow Uec_204_76 flowId 98 uecSrc 97 starting at 0
Flow Uec_56_184 flowId 99 uecSrc 98 starting at 0
Flow Uec_69_197 flowId 100 uecSrc 99 starting at 0
Flow Uec_33_161 flowId 101 uecSrc 100 starting at 0
Flow Uec_225_97 flowId 102 uecSrc 101 starting at 0
Flow Uec_93_221 flowId 103 uecSrc 102 starting at 0
Flow Uec_243_115 flowId 104 uecSrc 103 starting at 0
Flow Uec_188_60 flowId 105 uecSrc 104 starting at 0
Flow Uec_168_40 flowId 106 uecSrc 105 starting at 0
Flow Uec_107_235 flowId 107 uecSrc 106 starting at 0
Flow Uec_171_43 flowId 108 uecSrc 107 starting at 0
Flow Uec_66_194 flowId 109 uecSrc 108 starting at 0
Flow Uec_245_117 flowId 110 uecSrc 109 starting at 0
Flow Uec_63_191 flowId 111 uecSrc 110 starting at 0
Flow Uec_158_30 flowId 112 uecSrc 111 starting at 0
Flow Uec_217_89 flowId 113 uecSrc 112 starting at 0
Flow Uec_165_37 flowId 114 uecSrc 113 starting at 0
Flow Uec_199_71 flowId 115 uecSrc 114 starting at 0
Flow Uec_37_165 flowId 116 uecSrc 115 starting at 0
Flow Uec_119_247 flowId 117 uecSrc 116 starting at 0
Flow Uec_122_250 flowId 118 uecSrc 117 starting at 0
Flow Uec_121_249 flowId 119 uecSrc 118 starting at 0
Flow Uec_161_33 flowId 120 uecSrc 119 starting at 0
Flow Uec_175_47 flowId 121 uecSrc 120 starting at 0
Flow Uec_100_228 flowId 122 uecSrc 121 starting at 0
Flow Uec_88_216 flowId 123 uecSrc 122 starting at 0
Flow Uec_28_156 flowId 124 uecSrc 123 starting at 0
Flow Uec_44_172 flowId 125 uecSrc 124 starting at 0
Flow Uec_142_14 flowId 126 uecSrc 125 starting at 0
Flow Uec_26_154 flowId 127 uecSrc 126 starting at 0
Flow Uec_135_7 flowId 128 uecSrc 127 starting at 0
Flow Uec_200_72 flowId 129 uecSrc 128 starting at 0
Flow Uec_14_142 flowId 130 uecSrc 129 starting at 0
Flow Uec_182_54 flowId 131 uecSrc 130 starting at 0
Flow Uec_157_29 flowId 132 uecSrc 131 starting at 0
Flow Uec_113_241 flowId 133 uecSrc 132 starting at 0
Flow Uec_229_101 flowId 134 uecSrc 133 starting at 0
Flow Uec_89_217 flowId 135 uecSrc 134 starting at 0
Flow Uec_17_145 flowId 136 uecSrc 135 starting at 0
Flow Uec_7_135 flowId 137 uecSrc 136 starting at 0
Flow Uec_60_188 flowId 138 uecSrc 137 starting at 0
Flow Uec_79_207 flowId 139 uecSrc 138 starting at 0
Flow Uec_232_104 flowId 140 uecSrc 139 starting at 0
Flow Uec_239_111 flowId 141 uecSrc 140 starting at 0
Flow Uec_15_143 flowId 142 uecSrc 141 starting at 0
Flow Uec_92_220 flowId 143 uecSrc 142 starting at 0
Flow Uec_231_103 flowId 144 uecSrc 143 starting at 0
Flow Uec_163_35 flowId 145 uecSrc 144 starting at 0
Flow Uec_193_65 flowId 146 uecSrc 145 starting at 0
Flow Uec_130_2 flowId 147 uecSrc 146 starting at 0
Flow Uec_131_3 flowId 148 uecSrc 147 starting at 0
Flow Uec_103_231 flowId 149 uecSrc 148 starting at 0
Flow Uec_2_130 flowId 150 uecSrc 149 starting at 0
Flow Uec_30_158 flowId 151 uecSrc 150 starting at 0
Flow Uec_172_44 flowId 152 uecSrc 151 starting at 0
Flow Uec_20_148 flowId 153 uecSrc 152 starting at 0
Flow Uec_210_82 flowId 154 uecSrc 153 starting at 0
Flow Uec_159_31 flowId 155 uecSrc 154 starting at 0
Flow Uec_39_167 flowId 156 uecSrc 155 starting at 0
Flow Uec_247_119 flowId 157 uecSrc 156 starting at 0
Flow Uec_253_125 flowId 158 uecSrc 157 starting at 0
Flow Uec_128_0 flowId 159 uecSrc 158 starting at 0
Flow Uec_58_186 flowId 160 uecSrc 159 starting at 0
Flow Uec_252_124 flowId 161 uecSrc 160 starting at 0
Flow Uec_255_127 flowId 162 uecSrc 161 starting at 0
Flow Uec_212_84 flowId 163 uecSrc 162 starting at 0
Flow Uec_138_10 flowId 164 uecSrc 163 starting at 0
Flow Uec_250_122 flowId 165 uecSrc 164 starting at 0
Flow Uec_23_151 flowId 166 uecSrc 165 starting at 0
Flow Uec_124_252 flowId 167 uecSrc 166 starting at 0
Flow Uec_235_107 flowId 168 uecSrc 167 starting at 0
Flow Uec_106_234 flowId 169 uecSrc 168 starting at 0
Flow Uec_224_96 flowId 170 uecSrc 169 starting at 0
Flow Uec_13_141 flowId 171 uecSrc 170 starting at 0
Flow Uec_80_208 flowId 172 uecSrc 171 starting at 0
Flow Uec_145_17 flowId 173 uecSrc 172 starting at 0
Flow Uec_32_160 flowId 174 uecSrc 173 starting at 0
Flow Uec_68_196 flowId 175 uecSrc 174 starting at 0
Flow Uec_59_187 flowId 176 uecSrc 175 starting at 0
Flow Uec_137_9 flowId 177 uecSrc 176 starting at 0
Flow Uec_185_57 flowId 178 uecSrc 177 starting at 0
Flow Uec_216_88 flowId 179 uecSrc 178 starting at 0
Flow Uec_110_238 flowId 180 uecSrc 179 starting at 0
Flow Uec_132_4 flowId 181 uecSrc 180 starting at 0
Flow Uec_10_138 flowId 182 uecSrc 181 starting at 0
Flow Uec_35_163 flowId 183 uecSrc 182 starting at 0
Flow Uec_125_253 flowId 184 uecSrc 183 starting at 0
Flow Uec_209_81 flowId 185 uecSrc 184 starting at 0
Flow Uec_62_190 flowId 186 uecSrc 185 starting at 0
Flow Uec_3_131 flowId 187 uecSrc 186 starting at 0
Flow Uec_215_87 flowId 188 uecSrc 187 starting at 0
Flow Uec_230_102 flowId 189 uecSrc 188 starting at 0
Flow Uec_75_203 flowId 190 uecSrc 189 starting at 0
Flow Uec_27_155 flowId 191 uecSrc 190 starting at 0
Flow Uec_47_175 flowId 192 uecSrc 191 starting at 0
Flow Uec_5_133 flowId 193 uecSrc 192 starting at 0
Flow Uec_144_16 flowId 194 uecSrc 193 starting at 0
Flow Uec_181_53 flowId 195 uecSrc 194 starting at 0
Flow Uec_120_248 flowId 196 uecSrc 195 starting at 0
Flow Uec_254_126 flowId 197 uecSrc 196 starting at 0
Flow Uec_240_112 flowId 198 uecSrc 197 starting at 0
Flow Uec_228_100 flowId 199 uecSrc 198 starting at 0
Flow Uec_31_159 flowId 200 uecSrc 199 starting at 0
Flow Uec_174_46 flowId 201 uecSrc 200 starting at 0
Flow Uec_29_157 flowId 202 uecSrc 201 starting at 0
Flow Uec_192_64 flowId 203 uecSrc 202 starting at 0
Flow Uec_51_179 flowId 204 uecSrc 203 starting at 0
Flow Uec_41_169 flowId 205 uecSrc 204 starting at 0
Flow Uec_166_38 flowId 206 uecSrc 205 starting at 0
Flow Uec_249_121 flowId 207 uecSrc 206 starting at 0
Flow Uec_136_8 flowId 208 uecSrc 207 starting at 0
Flow Uec_117_245 flowId 209 uecSrc 208 starting at 0
Flow Uec_87_215 flowId 210 uecSrc 209 starting at 0
Flow Uec_223_95 flowId 211 uecSrc 210 starting at 0
Flow Uec_102_230 flowId 212 uecSrc 211 starting at 0
Flow Uec_176_48 flowId 213 uecSrc 212 starting at 0
Flow Uec_133_5 flowId 214 uecSrc 213 starting at 0
Flow Uec_4_132 flowId 215 uecSrc 214 starting at 0
Flow Uec_205_77 flowId 216 uecSrc 215 starting at 0
Flow Uec_24_152 flowId 217 uecSrc 216 starting at 0
Flow Uec_150_22 flowId 218 uecSrc 217 starting at 0
Flow Uec_203_75 flowId 219 uecSrc 218 starting at 0
Flow Uec_76_204 flowId 220 uecSrc 219 starting at 0
Flow Uec_218_90 flowId 221 uecSrc 220 starting at 0
Flow Uec_180_52 flowId 222 uecSrc 221 starting at 0
Flow Uec_143_15 flowId 223 uecSrc 222 starting at 0
Flow Uec_97_225 flowId 224 uecSrc 223 starting at 0
Flow Uec_65_193 flowId 225 uecSrc 224 starting at 0
Flow Uec_167_39 flowId 226 uecSrc 225 starting at 0
Flow Uec_140_12 flowId 227 uecSrc 226 starting at 0
Flow Uec_42_170 flowId 228 uecSrc 227 starting at 0
Flow Uec_147_19 flowId 229 uecSrc 228 starting at 0
Flow Uec_123_251 flowId 230 uecSrc 229 starting at 0
137.862 flowid 97 Spurious 23
148.046 flowid 108 Spurious 19
157.809 flowid 147 Spurious 39
160.147 flowid 153 Spurious 63
167.105 flowid 96 Spurious 77
Flow Uec_190_62 flowId 17 uecSrc 16 finished at 175.01 total messages 1 total packets 490 RTS 0 total bytes 2002140 in_flight now 0 fair_inc 0 prop_inc 63752 fast_inc 173763 eta_inc 8344 multi_dec -0 quick_dec -0 nack_dec -0
Flow Uec_191_63 flowId 55 uecSrc 54 finished at 175.627 total messages 1 total packets 490 RTS 0 total bytes 2002140 in_flight now 0 fair_inc 0 prop_inc 90683 fast_inc 36369 eta_inc 8344 multi_dec -0 quick_dec -0 nack_dec -0
Flow Uec_177_49 flowId 51 uecSrc 50 finished at 175.836 total messages 1 total packets 490 RTS 0 total bytes 2002140 in_flight now 0 fair_inc 0 prop_inc 57778 fast_inc 198009 eta_inc 8344 multi_dec -0 quick_dec -0 nack_dec -0
Flow Uec_123_251 flowId 230 uecSrc 229 finished at 177.474 total messages 1 total packets 490 RTS 0 total bytes 2002140 in_flight now 0 fair_inc 0 prop_inc 88052 fast_inc 0 eta_inc 8344 multi_dec -0 quick_dec -0 nack_dec -0
Flow Uec_117_245 flowId 209 uecSrc 208 finished at 177.703 total messages 1 total packets 490 RTS 0 total bytes 2002140 in_flight now 0 fair_inc 0 prop_inc 81251 fast_inc 0 eta_inc 8344 multi_dec -0 quick_dec -0 nack_dec -0
Flow Uec_120_248 flowId 196 uecSrc 195 finished at 177.904 total messages 1 total packets 490 RTS 0 total bytes 2002140 in_flight now 0 fair_inc 0 prop_inc 87424 fast_inc 0 eta_inc 8344 multi_dec -0 quick_dec -0 nack_dec -0
Flow Uec_17_145 flowId 136 uecSrc 135 finished at 178.771 total messages 1 total packets 490 RTS 0 total bytes 2002140 in_flight now 0 fair_inc 0 prop_inc 68291 fast_inc 0 eta_inc 8344 multi_dec -0 quick_dec -0 nack_dec -0
Flow Uec_13_141 flowId 171 uecSrc 170 finished at 186.54 total messages 1 total packets 490 RTS 0 total bytes 2002140 in_flight now 0 fair_inc 0 prop_inc 35716 fast_inc 0 eta_inc 8940 multi_dec -0 quick_dec -0 nack_dec -0
Flow Uec_199_71 flowId 115 uecSrc 114 finished at 191.288 total messages 1 total packets 490 RTS 0 total bytes 2002140 in_flight now 0 fair_inc 0 prop_inc 25872 fast_inc 0 eta_inc 8940 multi_dec -0 quick_dec -0 nack_dec -0
200.586 flowid 192 Spurious 171
Flow Uec_252_124 flowId 161 uecSrc 160 finished at 200.865 total messages 1 total packets 490 RTS 0 total bytes 2002140 in_flight now 0 fair_inc 5628 prop_inc 18971 fast_inc 0 eta_inc 9536 multi_dec -0 quick_dec -0 nack_dec -0
Flow Uec_250_122 flowId 165 uecSrc 164 finished at 200.923 total messages 1 total packets 490 RTS 0 total bytes 2002140 in_flight now 0 fair_inc 4500 prop_inc 14398 fast_inc 0 eta_inc 9536 multi_dec -0 quick_dec -0 nack_dec -0
Flow Uec_50_178 flowId 84 uecSrc 83 finished at 204.03 total messages 1 total packets 490 RTS 0 total bytes 2002140 in_flight now 0 fair_inc 3007 prop_inc 14613 fast_inc 0 eta_inc 9536 multi_dec -0 quick_dec -0 nack_dec -0
208.338 flowid 202 Spurious 175
209.107 flowid 78 Spurious 185
210.714 flowid 127 Spurious 150
213.117 flowid 78 Spurious 186
Flow Uec_235_107 flowId 168 uecSrc 167 finished at 213.391 total messages 1 total packets 490 RTS 0 total bytes 2002140 in_flight now 0 fair_inc 5884 prop_inc 28105 fast_inc 0 eta_inc 10132 multi_dec -58281 quick_dec -0 nack_dec -0
213.449 flowid 78 Spurious 188
213.786 flowid 78 Spurious 195
214.118 flowid 78 Spurious 196
216.423 flowid 192 Spurious 163
Flow Uec_5_133 flowId 193 uecSrc 192 finished at 216.937 total messages 1 total packets 490 RTS 0 total bytes 2002140 in_flight now 0 fair_inc 11421 prop_inc 10541 fast_inc 0 eta_inc 10132 multi_dec -33083 quick_dec -0 nack_dec -0
Flow Uec_14_142 flowId 130 uecSrc 129 finished at 221.366 total messages 1 total packets 491 RTS 1 total bytes 2002140 in_flight now 0 fair_inc 24004 prop_inc 1627 fast_inc 0 eta_inc 10728 multi_dec -0 quick_dec -0 nack_dec -16600
223.521 flowid 78 Spurious 224
223.662 flowid 217 Spurious 228
224.331 flowid 217 Spurious 231
224.668 flowid 217 Spurious 233
225 flowid 217 Spurious 242
Flow Uec_21_149 flowId 49 uecSrc 48 finished at 225.395 total messages 1 total packets 490 RTS 0 total bytes 2002140 in_flight now 0 fair_inc 13506 prop_inc 10290 fast_inc 0 eta_inc 10728 multi_dec -2711 quick_dec -0 nack_dec -0
226.459 flowid 151 Spurious 212
Flow Uec_4_132 flowId 215 uecSrc 214 finished at 227.008 total messages 1 total packets 490 RTS 0 total bytes 2002140 in_flight now 0 fair_inc 19936 prop_inc 35131 fast_inc 0 eta_inc 10728 multi_dec -47917 quick_dec -0 nack_dec -33200
227.455 flowid 151 Spurious 214
227.49 flowid 217 Spurious 240
Flow Uec_22_150 flowId 19 uecSrc 18 finished at 233.035 total messages 1 total packets 490 RTS 0 total bytes 2002140 in_flight now 0 fair_inc 11841 prop_inc 16612 fast_inc 0 eta_inc 10132 multi_dec -117 quick_dec -0 nack_dec -20750
235.745 flowid 132 Spurious 22
Flow Uec_100_228 flowId 122 uecSrc 121 finished at 240.669 total messages 1 total packets 490 RTS 0 total bytes 2002140 in_flight now 0 fair_inc 12099 prop_inc 51109 fast_inc 0 eta_inc 11324 multi_dec -106849 quick_dec -0 nack_dec -0
Flow Uec_95_223 flowId 66 uecSrc 65 finished at 245.157 total messages 1 total packets 490 RTS 0 total bytes 2002140 in_flight now 0 fair_inc 3013 prop_inc 45145 fast_inc 0 eta_inc 11324 multi_dec -61347 quick_dec -0 nack_dec -29050
245.586 flowid 200 Spurious 191
Flow Uec_240_112 flowId 198 uecSrc 197 finished at 253.907 total messages 1 total packets 490 RTS 0 total bytes 2002140 in_flight now 0 fair_inc 7231 prop_inc 51952 fast_inc 0 eta_inc 11920 multi_dec -111968 quick_dec -0 nack_dec -0
Flow Uec_30_158 flowId 151 uecSrc 150 finished at 257.414 total messages 1 total packets 494 RTS 4 total bytes 2002140 in_flight now 0 fair_inc 16897 prop_inc 9513 fast_inc 0 eta_inc 11920 multi_dec -15540 quick_dec -0 nack_dec -24900
Flow Uec_10_138 flowId 182 uecSrc 181 finished at 275.631 total messages 1 total packets 491 RTS 1 total bytes 2002140 in_flight now 0 fair_inc 31460 prop_inc 26943 fast_inc 0 eta_inc 12516 multi_dec -25941 quick_dec -0 nack_dec -41500
Flow Uec_253_125 flowId 158 uecSrc 157 finished at 277.468 total messages 1 total packets 490 RTS 0 total bytes 2002140 in_flight now 0 fair_inc 9322 prop_inc 48117 fast_inc 0 eta_inc 13112 multi_dec -82489 quick_dec -0 nack_dec -41500
Flow Uec_24_152 flowId 217 uecSrc 216 finished at 278.949 total messages 1 total packets 493 RTS 3 total bytes 2002140 in_flight now 0 fair_inc 11996 prop_inc 9958 fast_inc 0 eta_inc 12516 multi_dec -0 quick_dec -0 nack_dec -4150
Flow Uec_15_143 flowId 142 uecSrc 141 finished at 281.459 total messages 1 total packets 494 RTS 4 total bytes 2002140 in_flight now 0 fair_inc 27285 prop_inc 10702 fast_inc 0 eta_inc 13112 multi_dec -68663 quick_dec -0 nack_dec -8300
284.357 flowid 14 Spurious 345
284.704 flowid 14 Spurious 346
285.721 flowid 14 Spurious 348
Flow Uec_33_161 flowId 101 uecSrc 100 finished at 289.997 total messages 1 total packets 490 RTS 0 total bytes 2002140 in_flight now 0 fair_inc 8422 prop_inc 97919 fast_inc 0 eta_inc 13112 multi_dec -138669 quick_dec -0 nack_dec -29050
293.821 flowid 124 Spurious 418
Flow Uec_28_156 flowId 124 uecSrc 123 finished at 298.512 total messages 1 total packets 491 RTS 1 total bytes 2002140 in_flight now 0 fair_inc 18457 prop_inc 6207 fast_inc 0 eta_inc 10728 multi_dec -0 quick_dec -196345 nack_dec -12450
Flow Uec_56_184 flowId 99 uecSrc 98 finished at 299.1 total messages 1 total packets 490 RTS 0 total bytes 2002140 in_flight now 0 fair_inc 12832 prop_inc 38891 fast_inc 0 eta_inc 14304 multi_dec -78420 quick_dec -0 nack_dec -53950
303.608 flowid 124 Spurious 438
Flow Uec_7_135 flowId 137 uecSrc 136 finished at 309.099 total messages 1 total packets 492 RTS 2 total bytes 2002140 in_flight now -64 fair_inc 11114 prop_inc 36668 fast_inc 0 eta_inc 12516 multi_dec -0 quick_dec -193919 nack_dec -33200
Flow Uec_16_144 flowId 78 uecSrc 77 finished at 312.651 total messages 1 total packets 492 RTS 2 total bytes 2002140 in_flight now 0 fair_inc 13229 prop_inc 24422 fast_inc 0 eta_inc 14304 multi_dec -114301 quick_dec -0 nack_dec -4150
312.957 flowid 191 Spurious 334
Flow Uec_158_30 flowId 112 uecSrc 111 finished at 314.673 total messages 1 total packets 490 RTS 0 total bytes 2002140 in_flight now 0 fair_inc 4829 prop_inc 53454 fast_inc 0 eta_inc 14304 multi_dec -116546 quick_dec -0 nack_dec -24900
Flow Uec_105_233 flowId 76 uecSrc 75 finished at 314.704 total messages 1 total packets 490 RTS 0 total bytes 2002140 in_flight now 0 fair_inc 2559 prop_inc 35419 fast_inc 0 eta_inc 14900 multi_dec -82627 quick_dec -0 nack_dec -45650
318.308 flowid 202 Spurious 399
Flow Uec_156_28 flowId 95 uecSrc 94 finished at 319.448 total messages 1 total packets 491 RTS 1 total bytes 2002140 in_flight now 0 fair_inc 7523 prop_inc 43773 fast_inc 0 eta_inc 14304 multi_dec -103701 quick_dec -0 nack_dec -33200
Flow Uec_144_16 flowId 194 uecSrc 193 finished at 320.493 total messages 1 total packets 490 RTS 0 total bytes 2002140 in_flight now 0 fair_inc 8047 prop_inc 25278 fast_inc 0 eta_inc 14900 multi_dec -81351 quick_dec -0 nack_dec -41500
321.839 flowid 174 Spurious 432
322.524 flowid 174 Spurious 435
323.203 flowid 174 Spurious 436
325.594 flowid 174 Spurious 438
Flow Uec_19_147 flowId 14 uecSrc 13 finished at 326.366 total messages 1 total packets 493 RTS 3 total bytes 2002140 in_flight now 0 fair_inc 9966 prop_inc 12977 fast_inc 0 eta_inc 13708 multi_dec -0 quick_dec -171482 nack_dec -24900
Flow Uec_181_53 flowId 195 uecSrc 194 finished at 326.392 total messages 1 total packets 490 RTS 0 total bytes 2002140 in_flight now 0 fair_inc 5024 prop_inc 24843 fast_inc 0 eta_inc 15496 multi_dec -78220 quick_dec -0 nack_dec -49800
Flow Uec_121_249 flowId 119 uecSrc 118 finished at 326.762 total messages 1 total packets 490 RTS 0 total bytes 2002140 in_flight now 0 fair_inc 4063 prop_inc 21057 fast_inc 0 eta_inc 15496 multi_dec -91359 quick_dec -0 nack_dec -33200
Flow Uec_65_193 flowId 225 uecSrc 224 finished at 328.23 total messages 1 total packets 490 RTS 0 total bytes 2002140 in_flight now 0 fair_inc 5039 prop_inc 37967 fast_inc 0 eta_inc 16092 multi_dec -59576 quick_dec -0 nack_dec -74700
Flow Uec_106_234 flowId 169 uecSrc 168 finished at 328.29 total messages 1 total packets 490 RTS 0 total bytes 2002140 in_flight now 0 fair_inc 4877 prop_inc 30593 fast_inc 0 eta_inc 15496 multi_dec -76353 quick_dec -0 nack_dec -58100
328.327 flowid 174 Spurious 439
329.011 flowid 174 Spurious 440
Flow Uec_26_154 flowId 127 uecSrc 126 finished at 329.879 total messages 1 total packets 493 RTS 3 total bytes 2002140 in_flight now 0 fair_inc 43641 prop_inc 13951 fast_inc 0 eta_inc 15496 multi_dec -77066 quick_dec -0 nack_dec -33200
330.395 flowid 174 Spurious 446
Flow Uec_116_244 flowId 7 uecSrc 6 finished at 331.073 total messages 1 total packets 490 RTS 0 total bytes 2002140 in_flight now 0 fair_inc 5691 prop_inc 24772 fast_inc 0 eta_inc 16092 multi_dec -74836 quick_dec -0 nack_dec -53950
335.835 flowid 174 Spurious 456
Flow Uec_110_238 flowId 180 uecSrc 179 finished at 336.126 total messages 1 total packets 490 RTS 0 total bytes 2002140 in_flight now 0 fair_inc 11309 prop_inc 20315 fast_inc 0 eta_inc 15496 multi_dec -83925 quick_dec -0 nack_dec -41500
337.536 flowid 174 Spurious 457
Flow Uec_29_157 flowId 202 uecSrc 201 finished at 340.161 total messages 1 total packets 495 RTS 5 total bytes 2002140 in_flight now 0 fair_inc 7481 prop_inc 30267 fast_inc 1010 eta_inc 14304 multi_dec -0 quick_dec -172959 nack_dec -29050
Flow Uec_108_236 flowId 33 uecSrc 32 finished at 341.596 total messages 1 total packets 490 RTS 0 total bytes 2002140 in_flight now 0 fair_inc 3920 prop_inc 38614 fast_inc 0 eta_inc 16092 multi_dec -111382 quick_dec -0 nack_dec -37350
Flow Uec_119_247 flowId 117 uecSrc 116 finished at 342.714 total messages 1 total packets 490 RTS 0 total bytes 2002140 in_flight now 0 fair_inc 5497 prop_inc 29308 fast_inc 0 eta_inc 16092 multi_dec -73279 quick_dec -0 nack_dec -58100
Flow Uec_151_23 flowId 23 uecSrc 22 finished at 343.384 total messages 1 total packets 490 RTS 0 total bytes 2002140 in_flight now 0 fair_inc 7779 prop_inc 38843 fast_inc 0 eta_inc 14900 multi_dec -112924 quick_dec -0 nack_dec -37350
Flow Uec_109_237 flowId 12 uecSrc 11 finished at 343.655 total messages 1 total packets 490 RTS 0 total bytes 2002140 in_flight now 0 fair_inc 8402 prop_inc 22494 fast_inc 0 eta_inc 16688 multi_dec -82517 quick_dec -0 nack_dec -49800
Flow Uec_133_5 flowId 214 uecSrc 213 finished at 344.196 total messages 1 total packets 490 RTS 0 total bytes 2002140 in_flight now 0 fair_inc 9593 prop_inc 42960 fast_inc 6549 eta_inc 16688 multi_dec -112037 quick_dec -0 nack_dec -41500
Flow Uec_83_211 flowId 91 uecSrc 90 finished at 344.682 total messages 1 total packets 490 RTS 0 total bytes 2002140 in_flight now 0 fair_inc 3857 prop_inc 35444 fast_inc 0 eta_inc 16092 multi_dec -70710 quick_dec -0 nack_dec -70550
Flow Uec_166_38 flowId 206 uecSrc 205 finished at 345.896 total messages 1 total packets 490 RTS 0 total bytes 2002140 in_flight now 0 fair_inc 7947 prop_inc 32006 fast_inc 0 eta_inc 16092 multi_dec -104063 quick_dec -0 nack_dec -37350
Flow Uec_187_59 flowId 40 uecSrc 39 finished at 346.358 total messages 1 total packets 490 RTS 0 total bytes 2002140 in_flight now 0 fair_inc 7105 prop_inc 43554 fast_inc 0 eta_inc 16092 multi_dec -103213 quick_dec -0 nack_dec -45650
Flow Uec_77_205 flowId 42 uecSrc 41 finished at 346.498 total messages 1 total packets 490 RTS 0 total bytes 2002140 in_flight now 0 fair_inc 4591 prop_inc 37836 fast_inc 0 eta_inc 16092 multi_dec -103597 quick_dec -0 nack_dec -49800
Flow Uec_114_242 flowId 68 uecSrc 67 finished at 346.856 total messages 1 total packets 490 RTS 0 total bytes 2002140 in_flight now 0 fair_inc 5462 prop_inc 34798 fast_inc 0 eta_inc 16688 multi_dec -109379 quick_dec -0 nack_dec -37350
Flow Uec_23_151 flowId 166 uecSrc 165 finished at 347.182 total messages 1 total packets 491 RTS 1 total bytes 2002140 in_flight now 0 fair_inc 42699 prop_inc 19138 fast_inc 0 eta_inc 16092 multi_dec -152229 quick_dec -0 nack_dec -4150
Flow Uec_112_240 flowId 87 uecSrc 86 finished at 347.396 total messages 1 total packets 490 RTS 0 total bytes 2002140 in_flight now 0 fair_inc 5724 prop_inc 44680 fast_inc 24730 eta_inc 16092 multi_dec -108583 quick_dec -0 nack_dec -45650
Flow Uec_231_103 flowId 144 uecSrc 143 finished at 348.219 total messages 1 total packets 490 RTS 0 total bytes 2002140 in_flight now 0 fair_inc 12862 prop_inc 23072 fast_inc 0 eta_inc 16092 multi_dec -65926 quick_dec -0 nack_dec -70550
Flow Uec_154_26 flowId 63 uecSrc 62 finished at 350.072 total messages 1 total packets 490 RTS 0 total bytes 2002140 in_flight now 0 fair_inc 13538 prop_inc 49954 fast_inc 19681 eta_inc 16092 multi_dec -119740 quick_dec -0 nack_dec -37350
Flow Uec_129_1 flowId 38 uecSrc 37 finished at 351.623 total messages 1 total packets 490 RTS 0 total bytes 2002140 in_flight now 0 fair_inc 15244 prop_inc 42319 fast_inc 0 eta_inc 15496 multi_dec -120112 quick_dec -0 nack_dec -33200
Flow Uec_128_0 flowId 159 uecSrc 158 finished at 351.888 total messages 1 total packets 490 RTS 0 total bytes 2002140 in_flight now 0 fair_inc 17839 prop_inc 43191 fast_inc 0 eta_inc 16092 multi_dec -129938 quick_dec -0 nack_dec -24900
Flow Uec_32_160 flowId 174 uecSrc 173 finished at 353.157 total messages 1 total packets 493 RTS 3 total bytes 2002140 in_flight now 0 fair_inc 19085 prop_inc 22541 fast_inc 0 eta_inc 14304 multi_dec -0 quick_dec -177461 nack_dec -16600
Flow Uec_52_180 flowId 79 uecSrc 78 finished at 359.032 total messages 1 total packets 490 RTS 0 total bytes 2002140 in_flight now 0 fair_inc 8060 prop_inc 66370 fast_inc 0 eta_inc 16688 multi_dec -149365 quick_dec -0 nack_dec -29050
Flow Uec_47_175 flowId 192 uecSrc 191 finished at 361.301 total messages 1 total packets 495 RTS 5 total bytes 2002140 in_flight now 0 fair_inc 7418 prop_inc 32139 fast_inc 0 eta_inc 14900 multi_dec -0 quick_dec -156154 nack_dec -33200
Flow Uec_241_113 flowId 30 uecSrc 29 finished at 362.377 total messages 1 total packets 490 RTS 0 total bytes 2002140 in_flight now 0 fair_inc 6322 prop_inc 36253 fast_inc 0 eta_inc 16688 multi_dec -73212 quick_dec -0 nack_dec -78850
Flow Uec_63_191 flowId 111 uecSrc 110 finished at 364.584 total messages 1 total packets 490 RTS 0 total bytes 2002140 in_flight now 0 fair_inc 5564 prop_inc 81795 fast_inc 0 eta_inc 16688 multi_dec -122616 quick_dec -0 nack_dec -45650
Flow Uec_49_177 flowId 94 uecSrc 93 finished at 370.208 total messages 1 total packets 490 RTS 0 total bytes 2002140 in_flight now 0 fair_inc 5950 prop_inc 48128 fast_inc 62109 eta_inc 17880 multi_dec -61408 quick_dec -0 nack_dec -99600
Flow Uec_232_104 flowId 140 uecSrc 139 finished at 371.932 total messages 1 total packets 490 RTS 0 total bytes 2002140 in_flight now 0 fair_inc 3509 prop_inc 40152 fast_inc 0 eta_inc 17284 multi_dec -73402 quick_dec -0 nack_dec -83000
Flow Uec_54_182 flowId 67 uecSrc 66 finished at 373.498 total messages 1 total packets 490 RTS 0 total bytes 2002140 in_flight now 0 fair_inc 12017 prop_inc 65472 fast_inc 0 eta_inc 16688 multi_dec -136938 quick_dec -0 nack_dec -37350
Flow Uec_229_101 flowId 134 uecSrc 133 finished at 374.525 total messages 1 total packets 490 RTS 0 total bytes 2002140 in_flight now 0 fair_inc 11801 prop_inc 45162 fast_inc 0 eta_inc 17284 multi_dec -99877 quick_dec -0 nack_dec -58100
Flow Uec_251_123 flowId 82 uecSrc 81 finished at 375.881 total messages 1 total packets 490 RTS 0 total bytes 2002140 in_flight now 0 fair_inc 9745 prop_inc 37612 fast_inc 0 eta_inc 17880 multi_dec -96325 quick_dec -0 nack_dec -66400
Flow Uec_35_163 flowId 183 uecSrc 182 finished at 375.976 total messages 1 total packets 492 RTS 2 total bytes 2002140 in_flight now 0 fair_inc 12833 prop_inc 37266 fast_inc 0 eta_inc 14304 multi_dec -4268 quick_dec -168374 nack_dec -16600
Flow Uec_254_126 flowId 197 uecSrc 196 finished at 381.166 total messages 1 total packets 490 RTS 0 total bytes 2002140 in_flight now 0 fair_inc 12784 prop_inc 36801 fast_inc 0 eta_inc 17880 multi_dec -77478 quick_dec -0 nack_dec -83000
Flow Uec_245_117 flowId 110 uecSrc 109 finished at 381.314 total messages 1 total packets 490 RTS 0 total bytes 2002140 in_flight now 0 fair_inc 11496 prop_inc 49853 fast_inc 172742 eta_inc 16688 multi_dec -151320 quick_dec -0 nack_dec -49800
Flow Uec_167_39 flowId 226 uecSrc 225 finished at 382.572 total messages 1 total packets 490 RTS 0 total bytes 2002140 in_flight now 0 fair_inc 18348 prop_inc 58593 fast_inc 0 eta_inc 16092 multi_dec -133892 quick_dec -0 nack_dec -41500
Flow Uec_132_4 flowId 181 uecSrc 180 finished at 386.175 total messages 1 total packets 490 RTS 0 total bytes 2002140 in_flight now 0 fair_inc 7368 prop_inc 44998 fast_inc 0 eta_inc 17284 multi_dec -2403 quick_dec -0 nack_dec -145250
Flow Uec_27_155 flowId 191 uecSrc 190 finished at 386.418 total messages 1 total packets 503 RTS 13 total bytes 2002140 in_flight now -128 fair_inc 10081 prop_inc 19896 fast_inc 0 eta_inc 18476 multi_dec -10784 quick_dec -0 nack_dec -12450
Flow Uec_97_225 flowId 224 uecSrc 223 finished at 386.514 total messages 1 total packets 490 RTS 0 total bytes 2002140 in_flight now 0 fair_inc 21055 prop_inc 89050 fast_inc 68692 eta_inc 17880 multi_dec -183499 quick_dec -0 nack_dec -37350
Flow Uec_31_159 flowId 200 uecSrc 199 finished at 387.93 total messages 1 total packets 496 RTS 6 total bytes 2002140 in_flight now -64 fair_inc 12911 prop_inc 69645 fast_inc 0 eta_inc 17880 multi_dec -117952 quick_dec -0 nack_dec -12450
Flow Uec_42_170 flowId 228 uecSrc 227 finished at 390.27 total messages 1 total packets 492 RTS 2 total bytes 2002140 in_flight now 0 fair_inc 15097 prop_inc 82285 fast_inc 0 eta_inc 17880 multi_dec -185909 quick_dec -0 nack_dec -12450
Flow Uec_45_173 flowId 6 uecSrc 5 finished at 393.345 total messages 1 total packets 495 RTS 5 total bytes 2002140 in_flight now -128 fair_inc 12455 prop_inc 83163 fast_inc 0 eta_inc 18476 multi_dec -82540 quick_dec -0 nack_dec -37350
Flow Uec_43_171 flowId 97 uecSrc 96 finished at 402.273 total messages 1 total packets 500 RTS 10 total bytes 2002140 in_flight now -128 fair_inc 16296 prop_inc 16703 fast_inc 0 eta_inc 18476 multi_dec -25755 quick_dec -0 nack_dec -33200
405.716 flowid 53 Spurious 484
412.718 flowid 53 Spurious 485
Flow Uec_34_162 flowId 96 uecSrc 95 finished at 412.979 total messages 1 total packets 495 RTS 5 total bytes 2002140 in_flight now 0 fair_inc 12522 prop_inc 86585 fast_inc 7560 eta_inc 18476 multi_dec -143298 quick_dec -0 nack_dec -24900
Flow Uec_38_166 flowId 53 uecSrc 52 finished at 413.732 total messages 1 total packets 495 RTS 5 total bytes 2002140 in_flight now 0 fair_inc 9334 prop_inc 55067 fast_inc 0 eta_inc 15496 multi_dec -16236 quick_dec -140967 nack_dec -53950
415.946 flowid 53 Spurious 487
416.353 flowid 53 Spurious 491
Flow Uec_170_42 flowId 89 uecSrc 88 finished at 419.226 total messages 1 total packets 490 RTS 0 total bytes 2002140 in_flight now 0 fair_inc 15010 prop_inc 22609 fast_inc 0 eta_inc 19072 multi_dec -47795 quick_dec -0 nack_dec -107900
420.972 flowid 53 Spurious 492
Flow Uec_180_52 flowId 222 uecSrc 221 finished at 422.672 total messages 1 total packets 490 RTS 0 total bytes 2002140 in_flight now 0 fair_inc 15198 prop_inc 13583 fast_inc 0 eta_inc 19668 multi_dec -64929 quick_dec -0 nack_dec -103750
Flow Uec_81_209 flowId 3 uecSrc 2 finished at 426.089 total messages 1 total packets 490 RTS 0 total bytes 2002140 in_flight now 0 fair_inc 12055 prop_inc 17749 fast_inc 0 eta_inc 19668 multi_dec -50505 quick_dec -0 nack_dec -116200
Flow Uec_207_79 flowId 54 uecSrc 53 finished at 428.308 total messages 1 total packets 490 RTS 0 total bytes 2002140 in_flight now 0 fair_inc 23033 prop_inc 24074 fast_inc 0 eta_inc 20264 multi_dec -48261 quick_dec -0 nack_dec -132800
Flow Uec_48_176 flowId 34 uecSrc 33 finished at 432.139 total messages 1 total packets 497 RTS 7 total bytes 2002140 in_flight now -64 fair_inc 14377 prop_inc 91448 fast_inc 4041 eta_inc 17880 multi_dec -138479 quick_dec -0 nack_dec -8300
Flow Uec_91_219 flowId 21 uecSrc 20 finished at 445.358 total messages 1 total packets 490 RTS 0 total bytes 2002140 in_flight now 0 fair_inc 20613 prop_inc 26229 fast_inc 0 eta_inc 21456 multi_dec -76628 quick_dec -0 nack_dec -103750
Flow Uec_37_165 flowId 116 uecSrc 115 finished at 450.797 total messages 1 total packets 492 RTS 2 total bytes 2002140 in_flight now 0 fair_inc 14060 prop_inc 120917 fast_inc 10102 eta_inc 16688 multi_dec -133435 quick_dec -25401 nack_dec -20750
Flow Uec_44_172 flowId 125 uecSrc 124 finished at 451.58 total messages 1 total packets 498 RTS 8 total bytes 2002140 in_flight now 0 fair_inc 24100 prop_inc 31052 fast_inc 78268 eta_inc 20860 multi_dec -110527 quick_dec -0 nack_dec -20750
Flow Uec_134_6 flowId 31 uecSrc 30 finished at 455.561 total messages 1 total packets 490 RTS 0 total bytes 2002140 in_flight now 0 fair_inc 38305 prop_inc 65637 fast_inc 0 eta_inc 20860 multi_dec -152373 quick_dec -0 nack_dec -53950
Flow Uec_125_253 flowId 184 uecSrc 183 finished at 457.224 total messages 1 total packets 490 RTS 0 total bytes 2002140 in_flight now 0 fair_inc 21985 prop_inc 23155 fast_inc 0 eta_inc 21456 multi_dec -113037 quick_dec -0 nack_dec -74700
Flow Uec_212_84 flowId 163 uecSrc 162 finished at 463.199 total messages 1 total packets 490 RTS 0 total bytes 2002140 in_flight now 0 fair_inc 24467 prop_inc 42710 fast_inc 0 eta_inc 22052 multi_dec -108144 quick_dec -0 nack_dec -74700
Flow Uec_46_174 flowId 73 uecSrc 72 finished at 465.611 total messages 1 total packets 493 RTS 3 total bytes 2002140 in_flight now 0 fair_inc 10354 prop_inc 99828 fast_inc 60613 eta_inc 19668 multi_dec -200076 quick_dec -0 nack_dec -0
Flow Uec_122_250 flowId 118 uecSrc 117 finished at 472.305 total messages 1 total packets 490 RTS 0 total bytes 2002140 in_flight now 0 fair_inc 15182 prop_inc 13748 fast_inc 0 eta_inc 22052 multi_dec -85861 quick_dec -0 nack_dec -83000
Flow Uec_192_64 flowId 203 uecSrc 202 finished at 475.101 total messages 1 total packets 490 RTS 0 total bytes 2002140 in_flight now 0 fair_inc 19115 prop_inc 16523 fast_inc 0 eta_inc 19072 multi_dec -106967 quick_dec -0 nack_dec -74700
Flow Uec_147_19 flowId 229 uecSrc 228 finished at 480.406 total messages 1 total packets 490 RTS 0 total bytes 2002140 in_flight now 0 fair_inc 18045 prop_inc 49192 fast_inc 0 eta_inc 19668 multi_dec -102564 quick_dec -0 nack_dec -87150
Flow Uec_20_148 flowId 153 uecSrc 152 finished at 481.791 total messages 1 total packets 502 RTS 12 total bytes 2002140 in_flight now -64 fair_inc 16125 prop_inc 57112 fast_inc 147491 eta_inc 22052 multi_dec -33322 quick_dec -0 nack_dec -12450
Flow Uec_79_207 flowId 139 uecSrc 138 finished at 485.022 total messages 1 total packets 490 RTS 0 total bytes 2002140 in_flight now 0 fair_inc 23819 prop_inc 15534 fast_inc 0 eta_inc 22648 multi_dec -71610 quick_dec -0 nack_dec -112050
Flow Uec_124_252 flowId 167 uecSrc 166 finished at 488.764 total messages 1 total packets 490 RTS 0 total bytes 2002140 in_flight now 0 fair_inc 28741 prop_inc 32482 fast_inc 0 eta_inc 22648 multi_dec -137095 quick_dec -0 nack_dec -62250
Flow Uec_127_255 flowId 85 uecSrc 84 finished at 494.095 total messages 1 total packets 490 RTS 0 total bytes 2002140 in_flight now 0 fair_inc 30089 prop_inc 16609 fast_inc 0 eta_inc 22648 multi_dec -87508 quick_dec -0 nack_dec -99600
Flow Uec_178_50 flowId 15 uecSrc 14 finished at 496.905 total messages 1 total packets 490 RTS 0 total bytes 2002140 in_flight now 0 fair_inc 14579 prop_inc 22054 fast_inc 0 eta_inc 22052 multi_dec -66451 quick_dec -0 nack_dec -112050
Flow Uec_204_76 flowId 98 uecSrc 97 finished at 497.569 total messages 1 total packets 490 RTS 0 total bytes 2002140 in_flight now 0 fair_inc 23653 prop_inc 14233 fast_inc 0 eta_inc 22052 multi_dec -83139 quick_dec -0 nack_dec -99600
Flow Uec_140_12 flowId 227 uecSrc 226 finished at 499.763 total messages 1 total packets 490 RTS 0 total bytes 2002140 in_flight now 0 fair_inc 19206 prop_inc 39983 fast_inc 0 eta_inc 22648 multi_dec -130523 quick_dec -0 nack_dec -83000
Flow Uec_71_199 flowId 52 uecSrc 51 finished at 501.221 total messages 1 total packets 490 RTS 0 total bytes 2002140 in_flight now 0 fair_inc 20778 prop_inc 20106 fast_inc 0 eta_inc 22052 multi_dec -74138 quick_dec -0 nack_dec -99600
Flow Uec_222_94 flowId 58 uecSrc 57 finished at 501.615 total messages 1 total packets 490 RTS 0 total bytes 2002140 in_flight now 0 fair_inc 30933 prop_inc 14812 fast_inc 0 eta_inc 23244 multi_dec -67370 quick_dec -0 nack_dec -120350
Flow Uec_118_246 flowId 47 uecSrc 46 finished at 509.49 total messages 1 total packets 490 RTS 0 total bytes 2002140 in_flight now 0 fair_inc 32491 prop_inc 27978 fast_inc 0 eta_inc 23840 multi_dec -63253 quick_dec -0 nack_dec -132800
Flow Uec_183_55 flowId 62 uecSrc 61 finished at 510.991 total messages 1 total packets 490 RTS 0 total bytes 2002140 in_flight now 0 fair_inc 21964 prop_inc 30818 fast_inc 0 eta_inc 24436 multi_dec -70526 quick_dec -0 nack_dec -124500
Flow Uec_197_69 flowId 22 uecSrc 21 finished at 511.899 total messages 1 total packets 490 RTS 0 total bytes 2002140 in_flight now 0 fair_inc 29408 prop_inc 15827 fast_inc 0 eta_inc 22052 multi_dec -76438 quick_dec -0 nack_dec -112050
Flow Uec_85_213 flowId 18 uecSrc 17 finished at 513.26 total messages 1 total packets 490 RTS 0 total bytes 2002140 in_flight now 0 fair_inc 22654 prop_inc 20645 fast_inc 0 eta_inc 17880 multi_dec -76313 quick_dec -0 nack_dec -112050
Flow Uec_200_72 flowId 129 uecSrc 128 finished at 515.364 total messages 1 total packets 490 RTS 0 total bytes 2002140 in_flight now 0 fair_inc 44037 prop_inc 10135 fast_inc 0 eta_inc 24436 multi_dec -91625 quick_dec -0 nack_dec -124500
Flow Uec_107_235 flowId 107 uecSrc 106 finished at 517.456 total messages 1 total packets 490 RTS 0 total bytes 2002140 in_flight now 0 fair_inc 33859 prop_inc 8353 fast_inc 0 eta_inc 23840 multi_dec -12531 quick_dec -0 nack_dec -153550
Flow Uec_126_254 flowId 2 uecSrc 1 finished at 521.507 total messages 1 total packets 490 RTS 0 total bytes 2002140 in_flight now 0 fair_inc 33500 prop_inc 51915 fast_inc 6061 eta_inc 21456 multi_dec -65128 quick_dec -0 nack_dec -149400
Flow Uec_160_32 flowId 57 uecSrc 56 finished at 521.698 total messages 1 total packets 491 RTS 1 total bytes 2002140 in_flight now 0 fair_inc 31422 prop_inc 55154 fast_inc 47970 eta_inc 23244 multi_dec -104893 quick_dec -0 nack_dec -107900
Flow Uec_130_2 flowId 147 uecSrc 146 finished at 525.507 total messages 1 total packets 493 RTS 3 total bytes 2002140 in_flight now 0 fair_inc 27964 prop_inc 43410 fast_inc 0 eta_inc 21456 multi_dec -103288 quick_dec -0 nack_dec -91300
Flow Uec_214_86 flowId 72 uecSrc 71 finished at 534.304 total messages 1 total packets 490 RTS 0 total bytes 2002140 in_flight now 0 fair_inc 15778 prop_inc 88847 fast_inc 0 eta_inc 25032 multi_dec -150486 quick_dec -0 nack_dec -66400
Flow Uec_99_227 flowId 39 uecSrc 38 finished at 535.93 total messages 1 total packets 490 RTS 0 total bytes 2002140 in_flight now 0 fair_inc 45887 prop_inc 15701 fast_inc 0 eta_inc 25032 multi_dec -75321 quick_dec -0 nack_dec -145250
Flow Uec_53_181 flowId 56 uecSrc 55 finished at 539.297 total messages 1 total packets 490 RTS 0 total bytes 2002140 in_flight now 0 fair_inc 11079 prop_inc 27708 fast_inc 0 eta_inc 24436 multi_dec -39287 quick_dec -0 nack_dec -153550
Flow Uec_64_192 flowId 92 uecSrc 91 finished at 542.979 total messages 1 total packets 490 RTS 0 total bytes 2002140 in_flight now 0 fair_inc 22375 prop_inc 25993 fast_inc 0 eta_inc 22648 multi_dec -78567 quick_dec -0 nack_dec -128650
Flow Uec_59_187 flowId 176 uecSrc 175 finished at 543.156 total messages 1 total packets 490 RTS 0 total bytes 2002140 in_flight now 0 fair_inc 26281 prop_inc 23533 fast_inc 0 eta_inc 25032 multi_dec -66532 quick_dec -0 nack_dec -136950
Flow Uec_69_197 flowId 100 uecSrc 99 finished at 543.238 total messages 1 total packets 490 RTS 0 total bytes 2002140 in_flight now 0 fair_inc 38278 prop_inc 70185 fast_inc 64133 eta_inc 24436 multi_dec -147043 quick_dec -0 nack_dec -91300
Flow Uec_163_35 flowId 145 uecSrc 144 finished at 544.532 total messages 1 total packets 490 RTS 0 total bytes 2002140 in_flight now 0 fair_inc 45053 prop_inc 2989 fast_inc 0 eta_inc 23840 multi_dec -40158 quick_dec -0 nack_dec -161850
Flow Uec_242_114 flowId 10 uecSrc 9 finished at 545.234 total messages 1 total packets 490 RTS 0 total bytes 2002140 in_flight now 0 fair_inc 29184 prop_inc 36113 fast_inc 0 eta_inc 25032 multi_dec -122057 quick_dec -0 nack_dec -103750
Flow Uec_175_47 flowId 121 uecSrc 120 finished at 547.349 total messages 1 total packets 491 RTS 1 total bytes 2002140 in_flight now 0 fair_inc 28049 prop_inc 10996 fast_inc 0 eta_inc 25032 multi_dec -10108 quick_dec -0 nack_dec -166000
Flow Uec_41_169 flowId 205 uecSrc 204 finished at 550.407 total messages 1 total packets 502 RTS 12 total bytes 2002140 in_flight now -128 fair_inc 10033 prop_inc 61793 fast_inc 0 eta_inc 19668 multi_dec -0 quick_dec -85882 nack_dec -12450
Flow Uec_228_100 flowId 199 uecSrc 198 finished at 551.511 total messages 1 total packets 490 RTS 0 total bytes 2002140 in_flight now 0 fair_inc 11807 prop_inc 17546 fast_inc 0 eta_inc 25628 multi_dec -25726 quick_dec -0 nack_dec -149400
Flow Uec_244_116 flowId 9 uecSrc 8 finished at 552.206 total messages 1 total packets 490 RTS 0 total bytes 2002140 in_flight now 0 fair_inc 23260 prop_inc 38014 fast_inc 0 eta_inc 25032 multi_dec -122102 quick_dec -0 nack_dec -95450
Flow Uec_1_129 flowId 61 uecSrc 60 finished at 552.375 total messages 1 total packets 501 RTS 11 total bytes 2002140 in_flight now 0 fair_inc 29151 prop_inc 59118 fast_inc 0 eta_inc 22052 multi_dec -83060 quick_dec -0 nack_dec -37350
Flow Uec_255_127 flowId 162 uecSrc 161 finished at 552.846 total messages 1 total packets 490 RTS 0 total bytes 2002140 in_flight now 0 fair_inc 26886 prop_inc 10229 fast_inc 0 eta_inc 25032 multi_dec -101393 quick_dec -0 nack_dec -124500
Flow Uec_80_208 flowId 172 uecSrc 171 finished at 560.831 total messages 1 total packets 490 RTS 0 total bytes 2002140 in_flight now 0 fair_inc 27282 prop_inc 3905 fast_inc 0 eta_inc 26224 multi_dec -50530 quick_dec -0 nack_dec -157700
Flow Uec_135_7 flowId 128 uecSrc 127 finished at 561.533 total messages 1 total packets 490 RTS 0 total bytes 2002140 in_flight now 0 fair_inc 7570 prop_inc 134620 fast_inc 0 eta_inc 22648 multi_dec -165505 quick_dec -0 nack_dec -78850
Flow Uec_66_194 flowId 109 uecSrc 108 finished at 561.632 total messages 1 total packets 490 RTS 0 total bytes 2002140 in_flight now 0 fair_inc 40132 prop_inc 16979 fast_inc 0 eta_inc 25628 multi_dec -58377 quick_dec -0 nack_dec -141100
Flow Uec_239_111 flowId 141 uecSrc 140 finished at 570.929 total messages 1 total packets 490 RTS 0 total bytes 2002140 in_flight now 0 fair_inc 46261 prop_inc 45556 fast_inc 0 eta_inc 23840 multi_dec -150888 quick_dec -0 nack_dec -95450
Flow Uec_8_136 flowId 20 uecSrc 19 finished at 577.402 total messages 1 total packets 505 RTS 15 total bytes 2002140 in_flight now -128 fair_inc 7589 prop_inc 63548 fast_inc 0 eta_inc 21456 multi_dec -0 quick_dec -74626 nack_dec -16600
Flow Uec_184_56 flowId 29 uecSrc 28 finished at 580.564 total messages 1 total packets 490 RTS 0 total bytes 2002140 in_flight now 0 fair_inc 17051 prop_inc 14945 fast_inc 0 eta_inc 27416 multi_dec -69422 quick_dec -0 nack_dec -132800
582.047 flowid 177 Spurious 488
582.379 flowid 177 Spurious 489
582.54 flowid 177 Spurious 490
Flow Uec_185_57 flowId 178 uecSrc 177 finished at 583.635 total messages 1 total packets 490 RTS 0 total bytes 2002140 in_flight now 0 fair_inc 25065 prop_inc 36747 fast_inc 0 eta_inc 26820 multi_dec -51205 quick_dec -0 nack_dec -149400
Flow Uec_137_9 flowId 177 uecSrc 176 finished at 590.088 total messages 1 total packets 491 RTS 1 total bytes 2002140 in_flight now 0 fair_inc 28621 prop_inc 29583 fast_inc 0 eta_inc 21456 multi_dec -90573 quick_dec -0 nack_dec -91300
Flow Uec_98_226 flowId 60 uecSrc 59 finished at 591.104 total messages 1 total packets 490 RTS 0 total bytes 2002140 in_flight now 0 fair_inc 30513 prop_inc 7049 fast_inc 0 eta_inc 27416 multi_dec -65193 quick_dec -0 nack_dec -132800
Flow Uec_101_229 flowId 24 uecSrc 23 finished at 595.097 total messages 1 total packets 490 RTS 0 total bytes 2002140 in_flight now 0 fair_inc 32658 prop_inc 5005 fast_inc 0 eta_inc 25628 multi_dec -46680 quick_dec -0 nack_dec -153550
Flow Uec_82_210 flowId 74 uecSrc 73 finished at 596.078 total messages 1 total packets 490 RTS 0 total bytes 2002140 in_flight now 0 fair_inc 15216 prop_inc 15014 fast_inc 0 eta_inc 27416 multi_dec -68049 quick_dec -0 nack_dec -132800
Flow Uec_141_13 flowId 93 uecSrc 92 finished at 601.703 total messages 1 total packets 490 RTS 0 total bytes 2002140 in_flight now 0 fair_inc 24044 prop_inc 10631 fast_inc 0 eta_inc 27416 multi_dec -39813 quick_dec -0 nack_dec -141100
Flow Uec_238_110 flowId 88 uecSrc 87 finished at 602.09 total messages 1 total packets 490 RTS 0 total bytes 2002140 in_flight now 0 fair_inc 30747 prop_inc 5498 fast_inc 0 eta_inc 27416 multi_dec -47061 quick_dec -0 nack_dec -149400
Flow Uec_176_48 flowId 213 uecSrc 212 finished at 607.604 total messages 1 total packets 491 RTS 1 total bytes 2002140 in_flight now 0 fair_inc 23891 prop_inc 12284 fast_inc 0 eta_inc 26224 multi_dec -65126 quick_dec -0 nack_dec -124500
Flow Uec_143_15 flowId 223 uecSrc 222 finished at 609.168 total messages 1 total packets 492 RTS 2 total bytes 2002140 in_flight now 0 fair_inc 26462 prop_inc 9079 fast_inc 0 eta_inc 28608 multi_dec -51698 quick_dec -0 nack_dec -124500
Flow Uec_61_189 flowId 13 uecSrc 12 finished at 610.139 total messages 1 total packets 490 RTS 0 total bytes 2002140 in_flight now 0 fair_inc 33431 prop_inc 15606 fast_inc 0 eta_inc 27416 multi_dec -96887 quick_dec -0 nack_dec -124500
Flow Uec_58_186 flowId 160 uecSrc 159 finished at 613.152 total messages 1 total packets 490 RTS 0 total bytes 2002140 in_flight now 0 fair_inc 33988 prop_inc 17142 fast_inc 0 eta_inc 28608 multi_dec -64320 quick_dec -0 nack_dec -149400
Flow Uec_243_115 flowId 104 uecSrc 103 finished at 613.81 total messages 1 total packets 490 RTS 0 total bytes 2002140 in_flight now 0 fair_inc 32242 prop_inc 23501 fast_inc 0 eta_inc 27416 multi_dec -52834 quick_dec -0 nack_dec -161850
Flow Uec_78_206 flowId 90 uecSrc 89 finished at 615.909 total messages 1 total packets 490 RTS 0 total bytes 2002140 in_flight now 0 fair_inc 37886 prop_inc 2353 fast_inc 0 eta_inc 27416 multi_dec -80070 quick_dec -0 nack_dec -145250
Flow Uec_248_120 flowId 69 uecSrc 68 finished at 615.92 total messages 1 total packets 490 RTS 0 total bytes 2002140 in_flight now 0 fair_inc 22943 prop_inc 12609 fast_inc 0 eta_inc 28012 multi_dec -35379 quick_dec -0 nack_dec -149400
Flow Uec_152_24 flowId 32 uecSrc 31 finished at 617.17 total messages 1 total packets 491 RTS 1 total bytes 2002140 in_flight now 0 fair_inc 33703 prop_inc 30618 fast_inc 69700 eta_inc 26224 multi_dec -141266 quick_dec -0 nack_dec -78850
Flow Uec_193_65 flowId 146 uecSrc 145 finished at 627.691 total messages 1 total packets 490 RTS 0 total bytes 2002140 in_flight now 0 fair_inc 16907 prop_inc 33155 fast_inc 0 eta_inc 28012 multi_dec -93293 quick_dec -0 nack_dec -116200
Flow Uec_165_37 flowId 114 uecSrc 113 finished at 630.391 total messages 1 total packets 491 RTS 1 total bytes 2002140 in_flight now 0 fair_inc 27164 prop_inc 12570 fast_inc 0 eta_inc 25628 multi_dec -76249 quick_dec -0 nack_dec -128650
Flow Uec_103_231 flowId 149 uecSrc 148 finished at 632.322 total messages 1 total packets 490 RTS 0 total bytes 2002140 in_flight now 0 fair_inc 37684 prop_inc 32563 fast_inc 0 eta_inc 26224 multi_dec -73200 quick_dec -0 nack_dec -141100
Flow Uec_68_196 flowId 175 uecSrc 174 finished at 632.412 total messages 1 total packets 490 RTS 0 total bytes 2002140 in_flight now 0 fair_inc 23142 prop_inc 26135 fast_inc 0 eta_inc 27416 multi_dec -84836 quick_dec -0 nack_dec -128650
Flow Uec_188_60 flowId 105 uecSrc 104 finished at 637.872 total messages 1 total packets 490 RTS 0 total bytes 2002140 in_flight now 0 fair_inc 20123 prop_inc 57686 fast_inc 0 eta_inc 29204 multi_dec -78782 quick_dec -0 nack_dec -136950
Flow Uec_75_203 flowId 190 uecSrc 189 finished at 639.578 total messages 1 total packets 490 RTS 0 total bytes 2002140 in_flight now 0 fair_inc 28908 prop_inc 24459 fast_inc 0 eta_inc 28012 multi_dec -60178 quick_dec -0 nack_dec -153550
Flow Uec_89_217 flowId 135 uecSrc 134 finished at 642.838 total messages 1 total packets 490 RTS 0 total bytes 2002140 in_flight now 0 fair_inc 58817 prop_inc 3679 fast_inc 0 eta_inc 28608 multi_dec -67240 quick_dec -0 nack_dec -174300
Flow Uec_62_190 flowId 186 uecSrc 185 finished at 643.873 total messages 1 total packets 490 RTS 0 total bytes 2002140 in_flight now 0 fair_inc 12814 prop_inc 41485 fast_inc 0 eta_inc 28012 multi_dec -52980 quick_dec -0 nack_dec -145250
Flow Uec_139_11 flowId 44 uecSrc 43 finished at 647.707 total messages 1 total packets 491 RTS 1 total bytes 2002140 in_flight now 0 fair_inc 47262 prop_inc 38332 fast_inc 0 eta_inc 28608 multi_dec -136018 quick_dec -0 nack_dec -124500
Flow Uec_145_17 flowId 173 uecSrc 172 finished at 647.792 total messages 1 total packets 490 RTS 0 total bytes 2002140 in_flight now 0 fair_inc 20058 prop_inc 29810 fast_inc 10101 eta_inc 28012 multi_dec -113203 quick_dec -0 nack_dec -103750
Flow Uec_113_241 flowId 133 uecSrc 132 finished at 649.54 total messages 1 total packets 490 RTS 0 total bytes 2002140 in_flight now 0 fair_inc 25971 prop_inc 67167 fast_inc 17172 eta_inc 27416 multi_dec -104912 quick_dec -0 nack_dec -120350
Flow Uec_186_58 flowId 65 uecSrc 64 finished at 651.603 total messages 1 total packets 490 RTS 0 total bytes 2002140 in_flight now 0 fair_inc 33053 prop_inc 41960 fast_inc 0 eta_inc 29204 multi_dec -74126 quick_dec -0 nack_dec -157700
Flow Uec_171_43 flowId 108 uecSrc 107 finished at 651.8 total messages 1 total packets 492 RTS 2 total bytes 2002140 in_flight now 0 fair_inc 22950 prop_inc 12411 fast_inc 0 eta_inc 29800 multi_dec -53816 quick_dec -0 nack_dec -136950
Flow Uec_237_109 flowId 37 uecSrc 36 finished at 652.37 total messages 1 total packets 490 RTS 0 total bytes 2002140 in_flight now 0 fair_inc 25380 prop_inc 18183 fast_inc 0 eta_inc 29800 multi_dec -58887 quick_dec -0 nack_dec -149400
Flow Uec_55_183 flowId 4 uecSrc 3 finished at 656.945 total messages 1 total packets 490 RTS 0 total bytes 2002140 in_flight now 0 fair_inc 38122 prop_inc 40132 fast_inc 0 eta_inc 28608 multi_dec -78083 quick_dec -0 nack_dec -145250
Flow Uec_60_188 flowId 138 uecSrc 137 finished at 659.059 total messages 1 total packets 490 RTS 0 total bytes 2002140 in_flight now 0 fair_inc 35167 prop_inc 40498 fast_inc 0 eta_inc 25032 multi_dec -75397 quick_dec -0 nack_dec -157700
Flow Uec_3_131 flowId 187 uecSrc 186 finished at 661.319 total messages 1 total packets 507 RTS 17 total bytes 2002140 in_flight now -64 fair_inc 21179 prop_inc 93141 fast_inc 0 eta_inc 26224 multi_dec -85776 quick_dec -72843 nack_dec -29050
Flow Uec_153_25 flowId 80 uecSrc 79 finished at 663.385 total messages 1 total packets 490 RTS 0 total bytes 2002140 in_flight now 0 fair_inc 35088 prop_inc 27523 fast_inc 0 eta_inc 28012 multi_dec -60899 quick_dec -0 nack_dec -182600
Flow Uec_247_119 flowId 157 uecSrc 156 finished at 663.628 total messages 1 total packets 490 RTS 0 total bytes 2002140 in_flight now 0 fair_inc 39697 prop_inc 33941 fast_inc 14140 eta_inc 28608 multi_dec -49402 quick_dec -0 nack_dec -161850
Flow Uec_138_10 flowId 164 uecSrc 163 finished at 670.81 total messages 1 total packets 491 RTS 1 total bytes 2002140 in_flight now 0 fair_inc 33684 prop_inc 52858 fast_inc 0 eta_inc 26224 multi_dec -161608 quick_dec -0 nack_dec -87150
Flow Uec_161_33 flowId 120 uecSrc 119 finished at 674.205 total messages 1 total packets 490 RTS 0 total bytes 2002140 in_flight now 0 fair_inc 25406 prop_inc 27526 fast_inc 0 eta_inc 28012 multi_dec -93576 quick_dec -0 nack_dec -136950
Flow Uec_136_8 flowId 208 uecSrc 207 finished at 675.321 total messages 1 total packets 492 RTS 2 total bytes 2002140 in_flight now 0 fair_inc 57130 prop_inc 39903 fast_inc 0 eta_inc 26820 multi_dec -138196 quick_dec -0 nack_dec -120350
Flow Uec_182_54 flowId 131 uecSrc 130 finished at 685.423 total messages 1 total packets 490 RTS 0 total bytes 2002140 in_flight now 0 fair_inc 18599 prop_inc 71827 fast_inc 73223 eta_inc 28012 multi_dec -95876 quick_dec -0 nack_dec -132800
Flow Uec_87_215 flowId 210 uecSrc 209 finished at 685.584 total messages 1 total packets 490 RTS 0 total bytes 2002140 in_flight now 0 fair_inc 45692 prop_inc 13666 fast_inc 0 eta_inc 30396 multi_dec -49672 quick_dec -0 nack_dec -178450
Flow Uec_159_31 flowId 155 uecSrc 154 finished at 690.096 total messages 1 total packets 491 RTS 1 total bytes 2002140 in_flight now 0 fair_inc 18412 prop_inc 38493 fast_inc 0 eta_inc 31588 multi_dec -35268 quick_dec -0 nack_dec -161850
Flow Uec_189_61 flowId 26 uecSrc 25 finished at 692.811 total messages 1 total packets 490 RTS 0 total bytes 2002140 in_flight now 0 fair_inc 26344 prop_inc 52741 fast_inc 53019 eta_inc 28012 multi_dec -113289 quick_dec -0 nack_dec -120350
Flow Uec_233_105 flowId 48 uecSrc 47 finished at 695.072 total messages 1 total packets 490 RTS 0 total bytes 2002140 in_flight now 0 fair_inc 15680 prop_inc 62123 fast_inc 0 eta_inc 31588 multi_dec -90092 quick_dec -0 nack_dec -128650
Flow Uec_142_14 flowId 126 uecSrc 125 finished at 700.829 total messages 1 total packets 490 RTS 0 total bytes 2002140 in_flight now 0 fair_inc 34342 prop_inc 40382 fast_inc 77266 eta_inc 30992 multi_dec -89705 quick_dec -0 nack_dec -153550
Flow Uec_115_243 flowId 25 uecSrc 24 finished at 702.401 total messages 1 total packets 490 RTS 0 total bytes 2002140 in_flight now 0 fair_inc 14803 prop_inc 76899 fast_inc 75243 eta_inc 28012 multi_dec -116678 quick_dec -0 nack_dec -116200
Flow Uec_150_22 flowId 218 uecSrc 217 finished at 704.643 total messages 1 total packets 490 RTS 0 total bytes 2002140 in_flight now 0 fair_inc 44967 prop_inc 40996 fast_inc 191945 eta_inc 25628 multi_dec -172078 quick_dec --1168 nack_dec -99600
Flow Uec_131_3 flowId 148 uecSrc 147 finished at 705.238 total messages 1 total packets 492 RTS 2 total bytes 2002140 in_flight now 0 fair_inc 58299 prop_inc 56848 fast_inc 0 eta_inc 27416 multi_dec -143377 quick_dec -0 nack_dec -124500
Flow Uec_88_216 flowId 123 uecSrc 122 finished at 708.132 total messages 1 total packets 490 RTS 0 total bytes 2002140 in_flight now 0 fair_inc 27619 prop_inc 69897 fast_inc 0 eta_inc 30396 multi_dec -122180 quick_dec -0 nack_dec -116200
Flow Uec_236_108 flowId 46 uecSrc 45 finished at 710.57 total messages 1 total packets 490 RTS 0 total bytes 2002140 in_flight now 0 fair_inc 21369 prop_inc 70595 fast_inc 0 eta_inc 30396 multi_dec -75777 quick_dec -0 nack_dec -141100
Flow Uec_51_179 flowId 204 uecSrc 203 finished at 711.318 total messages 1 total packets 490 RTS 0 total bytes 2002140 in_flight now 0 fair_inc 50357 prop_inc 65856 fast_inc 34836 eta_inc 29800 multi_dec -92726 quick_dec -0 nack_dec -161850
Flow Uec_67_195 flowId 77 uecSrc 76 finished at 715.913 total messages 1 total packets 490 RTS 0 total bytes 2002140 in_flight now 0 fair_inc 34632 prop_inc 79447 fast_inc 0 eta_inc 25628 multi_dec -112969 quick_dec -0 nack_dec -136950
Flow Uec_249_121 flowId 207 uecSrc 206 finished at 722.354 total messages 1 total packets 490 RTS 0 total bytes 2002140 in_flight now 0 fair_inc 48861 prop_inc 47719 fast_inc 100501 eta_inc 28012 multi_dec -125259 quick_dec -0 nack_dec -124500
Flow Uec_102_230 flowId 212 uecSrc 211 finished at 727.938 total messages 1 total packets 490 RTS 0 total bytes 2002140 in_flight now 0 fair_inc 36084 prop_inc 77070 fast_inc 0 eta_inc 30992 multi_dec -122479 quick_dec -0 nack_dec -124500
752.539 flowid 156 Spurious 500
755.207 flowid 156 Spurious 496
755.871 flowid 156 Spurious 498
Flow Uec_72_200 flowId 45 uecSrc 44 finished at 756.544 total messages 1 total packets 490 RTS 0 total bytes 2002140 in_flight now 0 fair_inc 49642 prop_inc 29017 fast_inc 0 eta_inc 32780 multi_dec -83484 quick_dec -0 nack_dec -149400
Flow Uec_70_198 flowId 50 uecSrc 49 finished at 772.478 total messages 1 total packets 490 RTS 0 total bytes 2002140 in_flight now 0 fair_inc 42447 prop_inc 23102 fast_inc 0 eta_inc 30992 multi_dec -11423 quick_dec -9839 nack_dec -190900
Flow Uec_230_102 flowId 189 uecSrc 188 finished at 778.276 total messages 1 total packets 490 RTS 0 total bytes 2002140 in_flight now 0 fair_inc 46574 prop_inc 42977 fast_inc 0 eta_inc 23244 multi_dec -31032 quick_dec -69997 nack_dec -161850
Flow Uec_39_167 flowId 156 uecSrc 155 finished at 781.446 total messages 1 total packets 505 RTS 15 total bytes 2002140 in_flight now -192 fair_inc 26962 prop_inc 99770 fast_inc 0 eta_inc 28608 multi_dec -96289 quick_dec -54446 nack_dec -41500
Flow Uec_74_202 flowId 16 uecSrc 15 finished at 799.427 total messages 1 total packets 490 RTS 0 total bytes 2002140 in_flight now 0 fair_inc 64014 prop_inc 45606 fast_inc 0 eta_inc 26820 multi_dec -124169 quick_dec -0 nack_dec -128650
Flow Uec_213_85 flowId 11 uecSrc 10 finished at 807.541 total messages 1 total packets 490 RTS 0 total bytes 2002140 in_flight now 0 fair_inc 82417 prop_inc 20054 fast_inc 0 eta_inc 27416 multi_dec -118795 quick_dec -0 nack_dec -153550
Flow Uec_211_83 flowId 86 uecSrc 85 finished at 819.986 total messages 1 total packets 490 RTS 0 total bytes 2002140 in_flight now 0 fair_inc 78397 prop_inc 22848 fast_inc 0 eta_inc 29204 multi_dec -62645 quick_dec -30123 nack_dec -166000
Flow Uec_174_46 flowId 201 uecSrc 200 finished at 821.125 total messages 1 total packets 490 RTS 0 total bytes 2002140 in_flight now 0 fair_inc 37241 prop_inc 65959 fast_inc 0 eta_inc 26224 multi_dec -37218 quick_dec -80644 nack_dec -128650
Flow Uec_216_88 flowId 179 uecSrc 178 finished at 826.123 total messages 1 total packets 490 RTS 0 total bytes 2002140 in_flight now 0 fair_inc 86744 prop_inc 17482 fast_inc 0 eta_inc 29204 multi_dec -152070 quick_dec -0 nack_dec -136950
Flow Uec_92_220 flowId 143 uecSrc 142 finished at 827.101 total messages 1 total packets 490 RTS 0 total bytes 2002140 in_flight now 0 fair_inc 49205 prop_inc 49438 fast_inc 0 eta_inc 33972 multi_dec -130435 quick_dec -14348 nack_dec -107900
Flow Uec_36_164 flowId 71 uecSrc 70 finished at 831.12 total messages 1 total packets 512 RTS 22 total bytes 2002140 in_flight now -256 fair_inc 24208 prop_inc 113059 fast_inc 0 eta_inc 28608 multi_dec -25765 quick_dec -40616 nack_dec -24900
Flow Uec_155_27 flowId 83 uecSrc 82 finished at 832.036 total messages 1 total packets 490 RTS 0 total bytes 2002140 in_flight now 0 fair_inc 26562 prop_inc 52166 fast_inc 0 eta_inc 24436 multi_dec -7370 quick_dec -129046 nack_dec -132800
Flow Uec_93_221 flowId 103 uecSrc 102 finished at 838.22 total messages 1 total packets 490 RTS 0 total bytes 2002140 in_flight now 0 fair_inc 38209 prop_inc 57639 fast_inc 0 eta_inc 30992 multi_dec -114421 quick_dec -2145 nack_dec -124500
Flow Uec_210_82 flowId 154 uecSrc 153 finished at 848.498 total messages 1 total packets 490 RTS 0 total bytes 2002140 in_flight now 0 fair_inc 86802 prop_inc 25147 fast_inc 16651 eta_inc 28012 multi_dec -125966 quick_dec -0 nack_dec -149400
Flow Uec_76_204 flowId 220 uecSrc 219 finished at 849.598 total messages 1 total packets 490 RTS 0 total bytes 2002140 in_flight now 0 fair_inc 58522 prop_inc 56077 fast_inc 83327 eta_inc 28608 multi_dec -68777 quick_dec -45997 nack_dec -149400
Flow Uec_2_130 flowId 150 uecSrc 149 finished at 857.934 total messages 1 total packets 513 RTS 23 total bytes 2002140 in_flight now -64 fair_inc 17332 prop_inc 108310 fast_inc 0 eta_inc 29800 multi_dec -0 quick_dec -57799 nack_dec -45650
Flow Uec_226_98 flowId 36 uecSrc 35 finished at 877.041 total messages 1 total packets 490 RTS 0 total bytes 2002140 in_flight now 0 fair_inc 36486 prop_inc 68097 fast_inc 0 eta_inc 26820 multi_dec -46148 quick_dec -81185 nack_dec -145250
Flow Uec_227_99 flowId 28 uecSrc 27 finished at 881.209 total messages 1 total packets 490 RTS 0 total bytes 2002140 in_flight now 0 fair_inc 62205 prop_inc 59571 fast_inc 0 eta_inc 33376 multi_dec -111290 quick_dec -3506 nack_dec -145250
Flow Uec_0_128 flowId 27 uecSrc 26 finished at 905.712 total messages 1 total packets 507 RTS 17 total bytes 2002140 in_flight now 0 fair_inc 16143 prop_inc 113612 fast_inc 0 eta_inc 30396 multi_dec -0 quick_dec -49657 nack_dec -29050
Flow Uec_223_95 flowId 211 uecSrc 210 finished at 913.116 total messages 1 total packets 490 RTS 0 total bytes 2002140 in_flight now 0 fair_inc 56899 prop_inc 1275 fast_inc 0 eta_inc 33972 multi_dec -99975 quick_dec -0 nack_dec -157700
Flow Uec_148_20 flowId 41 uecSrc 40 finished at 941.822 total messages 1 total packets 490 RTS 0 total bytes 2002140 in_flight now 0 fair_inc 15374 prop_inc 79373 fast_inc 0 eta_inc 26820 multi_dec -0 quick_dec -54893 nack_dec -145250
Flow Uec_11_139 flowId 35 uecSrc 34 finished at 979.78 total messages 1 total packets 514 RTS 24 total bytes 2002140 in_flight now -192 fair_inc 11437 prop_inc 140047 fast_inc 0 eta_inc 38144 multi_dec -0 quick_dec -26707 nack_dec -49800
Flow Uec_172_44 flowId 152 uecSrc 151 finished at 985.576 total messages 1 total packets 490 RTS 0 total bytes 2002140 in_flight now 0 fair_inc 3433 prop_inc 110614 fast_inc 0 eta_inc 29800 multi_dec -26330 quick_dec -123991 nack_dec -95450
Flow Uec_215_87 flowId 188 uecSrc 187 finished at 1001.92 total messages 1 total packets 490 RTS 0 total bytes 2002140 in_flight now 0 fair_inc 56745 prop_inc 5982 fast_inc 0 eta_inc 37548 multi_dec -70641 quick_dec -9839 nack_dec -186750
Flow Uec_157_29 flowId 132 uecSrc 131 finished at 1014.22 total messages 1 total packets 490 RTS 0 total bytes 2002140 in_flight now 0 fair_inc 1387 prop_inc 81870 fast_inc 146971 eta_inc 28608 multi_dec -9874 quick_dec -131636 nack_dec -124500
Flow Uec_168_40 flowId 106 uecSrc 105 finished at 1036.13 total messages 1 total packets 490 RTS 0 total bytes 2002140 in_flight now 0 fair_inc 41198 prop_inc 89506 fast_inc 0 eta_inc 32780 multi_dec -36723 quick_dec -76287 nack_dec -141100
Flow Uec_201_73 flowId 1 uecSrc 0 finished at 1086.41 total messages 1 total packets 490 RTS 0 total bytes 2002140 in_flight now 0 fair_inc 71541 prop_inc 6026 fast_inc 0 eta_inc 45892 multi_dec -85760 quick_dec -22289 nack_dec -178450
Flow Uec_209_81 flowId 185 uecSrc 184 finished at 1091.22 total messages 1 total packets 490 RTS 0 total bytes 2002140 in_flight now 0 fair_inc 71462 prop_inc 6977 fast_inc 0 eta_inc 38144 multi_dec -97946 quick_dec -14146 nack_dec -166000
Flow Uec_9_137 flowId 70 uecSrc 69 finished at 1104.36 total messages 1 total packets 517 RTS 27 total bytes 2002140 in_flight now -64 fair_inc 23062 prop_inc 167159 fast_inc 0 eta_inc 44104 multi_dec -85679 quick_dec -22430 nack_dec -37350
Flow Uec_221_93 flowId 64 uecSrc 63 finished at 1157.78 total messages 1 total packets 490 RTS 0 total bytes 2002140 in_flight now 0 fair_inc 74571 prop_inc 19470 fast_inc 0 eta_inc 35164 multi_dec -71587 quick_dec -37503 nack_dec -170150
Flow Uec_203_75 flowId 219 uecSrc 218 finished at 1163.58 total messages 1 total packets 490 RTS 0 total bytes 2002140 in_flight now 0 fair_inc 83004 prop_inc 19782 fast_inc 0 eta_inc 33972 multi_dec -84958 quick_dec -33547 nack_dec -166000
Flow Uec_198_70 flowId 43 uecSrc 42 finished at 1170.95 total messages 1 total packets 490 RTS 0 total bytes 2002140 in_flight now 0 fair_inc 43926 prop_inc 25684 fast_inc 0 eta_inc 43508 multi_dec -100694 quick_dec -767 nack_dec -170150
Flow Uec_205_77 flowId 216 uecSrc 215 finished at 1205.78 total messages 1 total packets 490 RTS 0 total bytes 2002140 in_flight now 0 fair_inc 40969 prop_inc 4817 fast_inc 0 eta_inc 41720 multi_dec -57622 quick_dec -16947 nack_dec -178450
Flow Uec_40_168 flowId 81 uecSrc 80 finished at 1276.87 total messages 1 total packets 519 RTS 29 total bytes 2002140 in_flight now -256 fair_inc 25817 prop_inc 119381 fast_inc 0 eta_inc 45296 multi_dec -49679 quick_dec -25032 nack_dec -29050
Flow Uec_224_96 flowId 170 uecSrc 169 finished at 1331.43 total messages 1 total packets 490 RTS 0 total bytes 2002140 in_flight now 0 fair_inc 98229 prop_inc 3447 fast_inc 0 eta_inc 38740 multi_dec -109317 quick_dec -21097 nack_dec -186750
Flow Uec_196_68 flowId 5 uecSrc 4 finished at 1333.25 total messages 1 total packets 490 RTS 0 total bytes 2002140 in_flight now 0 fair_inc 55029 prop_inc 4224 fast_inc 0 eta_inc 42912 multi_dec -148866 quick_dec --662 nack_dec -136950
Flow Uec_218_90 flowId 221 uecSrc 220 finished at 1348.36 total messages 1 total packets 490 RTS 0 total bytes 2002140 in_flight now 0 fair_inc 72349 prop_inc 3649 fast_inc 0 eta_inc 40528 multi_dec -102134 quick_dec -59160 nack_dec -182600
Flow Uec_225_97 flowId 102 uecSrc 101 finished at 1351.84 total messages 1 total packets 490 RTS 0 total bytes 2002140 in_flight now 0 fair_inc 57777 prop_inc 6343 fast_inc 0 eta_inc 42316 multi_dec -90463 quick_dec -29993 nack_dec -166000
Flow Uec_206_78 flowId 59 uecSrc 58 finished at 1406.23 total messages 1 total packets 490 RTS 0 total bytes 2002140 in_flight now 0 fair_inc 45177 prop_inc 29742 fast_inc 0 eta_inc 41720 multi_dec -74303 quick_dec -8647 nack_dec -195050
Flow Uec_220_92 flowId 75 uecSrc 74 finished at 1417.36 total messages 1 total packets 490 RTS 0 total bytes 2002140 in_flight now 0 fair_inc 71395 prop_inc 33035 fast_inc 0 eta_inc 45296 multi_dec -110094 quick_dec -83943 nack_dec -166000
Flow Uec_217_89 flowId 113 uecSrc 112 finished at 1456.73 total messages 1 total packets 490 RTS 0 total bytes 2002140 in_flight now 0 fair_inc 55324 prop_inc 58422 fast_inc 8082 eta_inc 44700 multi_dec -66085 quick_dec -83943 nack_dec -170150
Flow Uec_202_74 flowId 8 uecSrc 7 finished at 1523.79 total messages 1 total packets 490 RTS 0 total bytes 2002140 in_flight now 0 fair_inc 17233 prop_inc 62448 fast_inc 119697 eta_inc 53640 multi_dec -79666 quick_dec -943 nack_dec -195050
.Done
New: 112700 Rtx: 6050 RTS: 351 Bounced: 0 ACKs: 89883 NACKs: 4946 Pulls: 0 sleek_pkts: 0
