traffic matrix input file: connection_matrices/load_sweep/load0.90_n256_seed1.cm
Load balancing algorithm set to oblivious
no_of_nodes 256
Dragonfly+ strategy: FPAR
Setting queuesize to 50 packets
endtime(us) 100000
random seed 1
Packet size (MTU) is 4150
Parsed args
Logging to reps_dfp_results/reps_withoutnorm256/load0.90_oblivious_seed1.dat
Loading connection matrix from connection_matrices/load_sweep/load0.90_n256_seed1.cm
Nodes: 256 Connections: 230 Triggers: 0 Failures: 0
Setting ECN low 33200 high 120350
Dragonfly+ with medium topology type
Link latencies: 1 and switch latencies: 0
queue_id 2 ecn_low 33200 ecn_high 120350
DragonFly+ constructor done, 392 nodes created
Note: topology supports 392 hosts; 136 host port(s) will be unused.
network_max_unloaded_rtt 11.6856 us
Setting min RTO to 114.6
Per-hop RTT normalization: OFF (strategy fpar)
Initializing static NSCC parameters: _reference_network_linkspeed=100000000000 _reference_network_rtt=12000000 _reference_network_bdp=150000 _target_Qdelay=8764200 _network_linkspeed=100000000000 _network_rtt=11685600 _network_bdp=146070 _qa_gate=2^3 _qa_threshold=3.50568e+07 _scaling_factor_a=0.9738 _scaling_factor_b=0.73035 _alpha=0.00132632 _fi=19894.7 _eta=596.842 _qa_scaling=1 _gamma=0.8 _fi_scale=0.24345 _delay_alpha=0.0125 _adjust_period_threshold=11685600 _adjust_bytes_threshold=33200
Initialize per-instance NSCC parameters: flowid 1 _base_rtt=11685600 _base_bdp=146070 _bdp=146070 _min_cwnd=4150 _maxwnd=219105 _cwnd=219105
Initialize per-instance NSCC parameters: flowid 2 _base_rtt=11685600 _base_bdp=146070 _bdp=146070 _min_cwnd=4150 _maxwnd=219105 _cwnd=219105
Initialize per-instance NSCC parameters: flowid 3 _base_rtt=11685600 _base_bdp=146070 _bdp=146070 _min_cwnd=4150 _maxwnd=219105 _cwnd=219105
Initialize per-instance NSCC parameters: flowid 4 _base_rtt=11685600 _base_bdp=146070 _bdp=146070 _min_cwnd=4150 _maxwnd=219105 _cwnd=219105
Initialize per-instance NSCC parameters: flowid 5 _base_rtt=11685600 _base_bdp=146070 _bdp=146070 _min_cwnd=4150 _maxwnd=219105 _cwnd=219105
Initialize per-instance NSCC parameters: flowid 6 _base_rtt=11685600 _base_bdp=146070 _bdp=146070 _min_cwnd=4150 _maxwnd=219105 _cwnd=219105
Initialize per-instance NSCC parameters: flowid 7 _base_rtt=11685600 _base_bdp=146070 _bdp=146070 _min_cwnd=4150 _maxwnd=219105 _cwnd=219105
Initialize per-instance NSCC parameters: flowid 8 _base_rtt=11685600 _base_bdp=146070 _bdp=146070 _min_cwnd=4150 _maxwnd=219105 _cwnd=219105
Initialize per-instance NSCC parameters: flowid 9 _base_rtt=11685600 _base_bdp=146070 _bdp=146070 _min_cwnd=4150 _maxwnd=219105 _cwnd=219105
Initialize per-instance NSCC parameters: flowid 10 _base_rtt=11685600 _base_bdp=146070 _bdp=146070 _min_cwnd=4150 _maxwnd=219105 _cwnd=219105
Initialize per-instance NSCC parameters: flowid 11 _base_rtt=11685600 _base_bdp=146070 _bdp=146070 _min_cwnd=4150 _maxwnd=219105 _cwnd=219105
Initialize per-instance NSCC parameters: flowid 12 _base_rtt=11685600 _base_bdp=146070 _bdp=146070 _min_cwnd=4150 _maxwnd=219105 _cwnd=219105
Initialize per-instance NSCC parameters: flowid 13 _base_rtt=11685600 _base_bdp=146070 _bdp=146070 _min_cwnd=4150 _maxwnd=219105 _cwnd=219105
Initialize per-instance NSCC parameters: flowid 14 _base_rtt=11685600 _base_bdp=146070 _bdp=146070 _min_cwnd=4150 _maxwnd=219105 _cwnd=219105
Initialize per-instance NSCC parameters: flowid 15 _base_rtt=11685600 _base_bdp=146070 _bdp=146070 _min_cwnd=4150 _maxwnd=219105 _cwnd=219105
Initialize per-instance NSCC parameters: flowid 16 _base_rtt=11685600 _base_bdp=146070 _bdp=146070 _min_cwnd=4150 _maxwnd=219105 _cwnd=219105
Initialize per-instance NSCC parameters: flowid 17 _base_rtt=11685600 _base_bdp=146070 _bdp=146070 _min_cwnd=4150 _maxwnd=219105 _cwnd=219105
Initialize per-instance NSCC parameters: flowid 18 _base_rtt=11685600 _base_bdp=146070 _bdp=146070 _min_cwnd=4150 _maxwnd=219105 _cwnd=219105
Initialize per-instance NSCC parameters: flowid 19 _base_rtt=11685600 _base_bdp=146070 _bdp=146070 _min_cwnd=4150 _maxwnd=219105 _cwnd=219105
Initialize per-instance NSCC parameters: flowid 20 _base_rtt=11685600 _base_bdp=146070 _bdp=146070 _min_cwnd=4150 _maxwnd=219105 _cwnd=219105
Initialize per-instance NSCC parameters: flowid 21 _base_rtt=11685600 _base_bdp=146070 _bdp=146070 _min_cwnd=4150 _maxwnd=219105 _cwnd=219105
Initialize per-instance NSCC parameters: flowid 22 _base_rtt=11685600 _base_bdp=146070 _bdp=146070 _min_cwnd=4150 _maxwnd=219105 _cwnd=219105
Initialize per-instance NSCC parameters: flowid 23 _base_rtt=11685600 _base_bdp=146070 _bdp=146070 _min_cwnd=4150 _maxwnd=219105 _cwnd=219105
Initialize per-instance NSCC parameters: flowid 24 _base_rtt=11685600 _base_bdp=146070 _bdp=146070 _min_cwnd=4150 _maxwnd=219105 _cwnd=219105
Initialize per-instance NSCC parameters: flowid 25 _base_rtt=11685600 _base_bdp=146070 _bdp=146070 _min_cwnd=4150 _maxwnd=219105 _cwnd=219105
Initialize per-instance NSCC parameters: flowid 26 _base_rtt=11685600 _base_bdp=146070 _bdp=146070 _min_cwnd=4150 _maxwnd=219105 _cwnd=219105
Initialize per-instance NSCC parameters: flowid 27 _base_rtt=11685600 _base_bdp=146070 _bdp=146070 _min_cwnd=4150 _maxwnd=219105 _cwnd=219105
Initialize per-instance NSCC parameters: flowid 28 _base_rtt=11685600 _base_bdp=146070 _bdp=146070 _min_cwnd=4150 _maxwnd=219105 _cwnd=219105
Initialize per-instance NSCC parameters: flowid 29 _base_rtt=11685600 _base_bdp=146070 _bdp=146070 _min_cwnd=4150 _maxwnd=219105 _cwnd=219105
Initialize per-instance NSCC parameters: flowid 30 _base_rtt=11685600 _base_bdp=146070 _bdp=146070 _min_cwnd=4150 _maxwnd=219105 _cwnd=219105
Initialize per-instance NSCC parameters: flowid 31 _base_rtt=11685600 _base_bdp=146070 _bdp=146070 _min_cwnd=4150 _maxwnd=219105 _cwnd=219105
Initialize per-instance NSCC parameters: flowid 32 _base_rtt=11685600 _base_bdp=146070 _bdp=146070 _min_cwnd=4150 _maxwnd=219105 _cwnd=219105
Initialize per-instance NSCC parameters: flowid 33 _base_rtt=11685600 _base_bdp=146070 _bdp=146070 _min_cwnd=4150 _maxwnd=219105 _cwnd=219105
Initialize per-instance NSCC parameters: flowid 34 _base_rtt=11685600 _base_bdp=146070 _bdp=146070 _min_cwnd=4150 _maxwnd=219105 _cwnd=219105
Initialize per-instance NSCC parameters: flowid 35 _base_rtt=11685600 _base_bdp=146070 _bdp=146070 _min_cwnd=4150 _maxwnd=219105 _cwnd=219105
Initialize per-instance NSCC parameters: flowid 36 _base_rtt=11685600 _base_bdp=146070 _bdp=146070 _min_cwnd=4150 _maxwnd=219105 _cwnd=219105
Initialize per-instance NSCC parameters: flowid 37 _base_rtt=11685600 _base_bdp=146070 _bdp=146070 _min_cwnd=4150 _maxwnd=219105 _cwnd=219105
Initialize per-instance NSCC parameters: flowid 38 _base_rtt=11685600 _base_bdp=146070 _bdp=146070 _min_cwnd=4150 _maxwnd=219105 _cwnd=219105
Initialize per-instance NSCC parameters: flowid 39 _base_rtt=11685600 _base_bdp=146070 _bdp=146070 _min_cwnd=4150 _maxwnd=219105 _cwnd=219105
Initialize per-instance NSCC parameters: flowid 40 _base_rtt=11685600 _base_bdp=146070 _bdp=146070 _min_cwnd=4150 _maxwnd=219105 _cwnd=219105
Initialize per-instance NSCC parameters: flowid 41 _base_rtt=11685600 _base_bdp=146070 _bdp=146070 _min_cwnd=4150 _maxwnd=219105 _cwnd=219105
Initialize per-instance NSCC parameters: flowid 42 _base_rtt=11685600 _base_bdp=146070 _bdp=146070 _min_cwnd=4150 _maxwnd=219105 _cwnd=219105
Initialize per-instance NSCC parameters: flowid 43 _base_rtt=11685600 _base_bdp=146070 _bdp=146070 _min_cwnd=4150 _maxwnd=219105 _cwnd=219105
Initialize per-instance NSCC parameters: flowid 44 _base_rtt=11685600 _base_bdp=146070 _bdp=146070 _min_cwnd=4150 _maxwnd=219105 _cwnd=219105
Initialize per-instance NSCC parameters: flowid 45 _base_rtt=11685600 _base_bdp=146070 _bdp=146070 _min_cwnd=4150 _maxwnd=219105 _cwnd=219105
Initialize per-instance NSCC parameters: flowid 46 _base_rtt=11685600 _base_bdp=146070 _bdp=146070 _min_cwnd=4150 _maxwnd=219105 _cwnd=219105
Initialize per-instance NSCC parameters: flowid 47 _base_rtt=11685600 _base_bdp=146070 _bdp=146070 _min_cwnd=4150 _maxwnd=219105 _cwnd=219105
Initialize per-instance NSCC parameters: flowid 48 _base_rtt=11685600 _base_bdp=146070 _bdp=146070 _min_cwnd=4150 _maxwnd=219105 _cwnd=219105
Initialize per-instance NSCC parameters: flowid 49 _base_rtt=11685600 _base_bdp=146070 _bdp=146070 _min_cwnd=4150 _maxwnd=219105 _cwnd=219105
Initialize per-instance NSCC parameters: flowid 50 _base_rtt=11685600 _base_bdp=146070 _bdp=146070 _min_cwnd=4150 _maxwnd=219105 _cwnd=219105
Initialize per-instance NSCC parameters: flowid 51 _base_rtt=11685600 _base_bdp=146070 _bdp=146070 _min_cwnd=4150 _maxwnd=219105 _cwnd=219105
Initialize per-instance NSCC parameters: flowid 52 _base_rtt=11685600 _base_bdp=146070 _bdp=146070 _min_cwnd=4150 _maxwnd=219105 _cwnd=219105
Initialize per-instance NSCC parameters: flowid 53 _base_rtt=11685600 _base_bdp=146070 _bdp=146070 _min_cwnd=4150 _maxwnd=219105 _cwnd=219105
Initialize per-instance NSCC parameters: flowid 54 _base_rtt=11685600 _base_bdp=146070 _bdp=146070 _min_cwnd=4150 _maxwnd=219105 _cwnd=219105
Initialize per-instance NSCC parameters: flowid 55 _base_rtt=11685600 _base_bdp=146070 _bdp=146070 _min_cwnd=4150 _maxwnd=219105 _cwnd=219105
Initialize per-instance NSCC parameters: flowid 56 _base_rtt=11685600 _base_bdp=146070 _bdp=146070 _min_cwnd=4150 _maxwnd=219105 _cwnd=219105
Initialize per-instance NSCC parameters: flowid 57 _base_rtt=11685600 _base_bdp=146070 _bdp=146070 _min_cwnd=4150 _maxwnd=219105 _cwnd=219105
Initialize per-instance NSCC parameters: flowid 58 _base_rtt=11685600 _base_bdp=146070 _bdp=146070 _min_cwnd=4150 _maxwnd=219105 _cwnd=219105
Initialize per-instance NSCC parameters: flowid 59 _base_rtt=11685600 _base_bdp=146070 _bdp=146070 _min_cwnd=4150 _maxwnd=219105 _cwnd=219105
Initialize per-instance NSCC parameters: flowid 60 _base_rtt=11685600 _base_bdp=146070 _bdp=146070 _min_cwnd=4150 _maxwnd=219105 _cwnd=219105
Initialize per-instance NSCC parameters: flowid 61 _base_rtt=11685600 _base_bdp=146070 _bdp=146070 _min_cwnd=4150 _maxwnd=219105 _cwnd=219105
Initialize per-instance NSCC parameters: flowid 62 _base_rtt=11685600 _base_bdp=146070 _bdp=146070 _min_cwnd=4150 _maxwnd=219105 _cwnd=219105
Initialize per-instance NSCC parameters: flowid 63 _base_rtt=11685600 _base_bdp=146070 _bdp=146070 _min_cwnd=4150 _maxwnd=219105 _cwnd=219105
Initialize per-instance NSCC parameters: flowid 64 _base_rtt=11685600 _base_bdp=146070 _bdp=146070 _min_cwnd=4150 _maxwnd=219105 _cwnd=219105
Initialize per-instance NSCC parameters: flowid 65 _base_rtt=11685600 _base_bdp=146070 _bdp=146070 _min_cwnd=4150 _maxwnd=219105 _cwnd=219105
Initialize per-instance NSCC parameters: flowid 66 _base_rtt=11685600 _base_bdp=146070 _bdp=146070 _min_cwnd=4150 _maxwnd=219105 _cwnd=219105
Initialize per-instance NSCC parameters: flowid 67 _base_rtt=11685600 _base_bdp=146070 _bdp=146070 _min_cwnd=4150 _maxwnd=219105 _cwnd=219105
Initialize per-instance NSCC parameters: flowid 68 _base_rtt=11685600 _base_bdp=146070 _bdp=146070 _min_cwnd=4150 _maxwnd=219105 _cwnd=219105
Initialize per-instance NSCC parameters: flowid 69 _base_rtt=11685600 _base_bdp=146070 _bdp=146070 _min_cwnd=4150 _maxwnd=219105 _cwnd=219105
Initialize per-instance NSCC parameters: flowid 70 _base_rtt=11685600 _base_bdp=146070 _bdp=146070 _min_cwnd=4150 _maxwnd=219105 _cwnd=219105
Initialize per-instance NSCC parameters: flowid 71 _base_rtt=11685600 _base_bdp=146070 _bdp=146070 _min_cwnd=4150 _maxwnd=219105 _cwnd=219105
Initialize per-instance NSCC parameters: flowid 72 _base_rtt=11685600 _base_bdp=146070 _bdp=146070 _min_cwnd=4150 _maxwnd=219105 _cwnd=219105
Initialize per-instance NSCC parameters: flowid 73 _base_rtt=11685600 _base_bdp=146070 _bdp=146070 _min_cwnd=4150 _maxwnd=219105 _cwnd=219105
Initialize per-instance NSCC parameters: flowid 74 _base_rtt=11685600 _base_bdp=146070 _bdp=146070 _min_cwnd=4150 _maxwnd=219105 _cwnd=219105
Initialize per-instance NSCC parameters: flowid 75 _base_rtt=11685600 _base_bdp=146070 _bdp=146070 _min_cwnd=4150 _maxwnd=219105 _cwnd=219105
Initialize per-instance NSCC parameters: flowid 76 _base_rtt=11685600 _base_bdp=146070 _bdp=146070 _min_cwnd=4150 _maxwnd=219105 _cwnd=219105
Initialize per-instance NSCC parameters: flowid 77 _base_rtt=11685600 _base_bdp=146070 _bdp=146070 _min_cwnd=4150 _maxwnd=219105 _cwnd=219105
Initialize per-instance NSCC parameters: flowid 78 _base_rtt=11685600 _base_bdp=146070 _bdp=146070 _min_cwnd=4150 _maxwnd=219105 _cwnd=219105
Initialize per-instance NSCC parameters: flowid 79 _base_rtt=11685600 _base_bdp=146070 _bdp=146070 _min_cwnd=4150 _maxwnd=219105 _cwnd=219105
Initialize per-instance NSCC parameters: flowid 80 _base_rtt=11685600 _base_bdp=146070 _bdp=146070 _min_cwnd=4150 _maxwnd=219105 _cwnd=219105
Initialize per-instance NSCC parameters: flowid 81 _base_rtt=11685600 _base_bdp=146070 _bdp=146070 _min_cwnd=4150 _maxwnd=219105 _cwnd=219105
Initialize per-instance NSCC parameters: flowid 82 _base_rtt=11685600 _base_bdp=146070 _bdp=146070 _min_cwnd=4150 _maxwnd=219105 _cwnd=219105
Initialize per-instance NSCC parameters: flowid 83 _base_rtt=11685600 _base_bdp=146070 _bdp=146070 _min_cwnd=4150 _maxwnd=219105 _cwnd=219105
Initialize per-instance NSCC parameters: flowid 84 _base_rtt=11685600 _base_bdp=146070 _bdp=146070 _min_cwnd=4150 _maxwnd=219105 _cwnd=219105
Initialize per-instance NSCC parameters: flowid 85 _base_rtt=11685600 _base_bdp=146070 _bdp=146070 _min_cwnd=4150 _maxwnd=219105 _cwnd=219105
Initialize per-instance NSCC parameters: flowid 86 _base_rtt=11685600 _base_bdp=146070 _bdp=146070 _min_cwnd=4150 _maxwnd=219105 _cwnd=219105
Initialize per-instance NSCC parameters: flowid 87 _base_rtt=11685600 _base_bdp=146070 _bdp=146070 _min_cwnd=4150 _maxwnd=219105 _cwnd=219105
Initialize per-instance NSCC parameters: flowid 88 _base_rtt=11685600 _base_bdp=146070 _bdp=146070 _min_cwnd=4150 _maxwnd=219105 _cwnd=219105
Initialize per-instance NSCC parameters: flowid 89 _base_rtt=11685600 _base_bdp=146070 _bdp=146070 _min_cwnd=4150 _maxwnd=219105 _cwnd=219105
Initialize per-instance NSCC parameters: flowid 90 _base_rtt=11685600 _base_bdp=146070 _bdp=146070 _min_cwnd=4150 _maxwnd=219105 _cwnd=219105
Initialize per-instance NSCC parameters: flowid 91 _base_rtt=11685600 _base_bdp=146070 _bdp=146070 _min_cwnd=4150 _maxwnd=219105 _cwnd=219105
Initialize per-instance NSCC parameters: flowid 92 _base_rtt=11685600 _base_bdp=146070 _bdp=146070 _min_cwnd=4150 _maxwnd=219105 _cwnd=219105
Initialize per-instance NSCC parameters: flowid 93 _base_rtt=11685600 _base_bdp=146070 _bdp=146070 _min_cwnd=4150 _maxwnd=219105 _cwnd=219105
Initialize per-instance NSCC parameters: flowid 94 _base_rtt=11685600 _base_bdp=146070 _bdp=146070 _min_cwnd=4150 _maxwnd=219105 _cwnd=219105
Initialize per-instance NSCC parameters: flowid 95 _base_rtt=11685600 _base_bdp=146070 _bdp=146070 _min_cwnd=4150 _maxwnd=219105 _cwnd=219105
Initialize per-instance NSCC parameters: flowid 96 _base_rtt=11685600 _base_bdp=146070 _bdp=146070 _min_cwnd=4150 _maxwnd=219105 _cwnd=219105
Initialize per-instance NSCC parameters: flowid 97 _base_rtt=11685600 _base_bdp=146070 _bdp=146070 _min_cwnd=4150 _maxwnd=219105 _cwnd=219105
Initialize per-instance NSCC parameters: flowid 98 _base_rtt=11685600 _base_bdp=146070 _bdp=146070 _min_cwnd=4150 _maxwnd=219105 _cwnd=219105
Initialize per-instance NSCC parameters: flowid 99 _base_rtt=11685600 _base_bdp=146070 _bdp=146070 _min_cwnd=4150 _maxwnd=219105 _cwnd=219105
Initialize per-instance NSCC parameters: flowid 100 _base_rtt=11685600 _base_bdp=146070 _bdp=146070 _min_cwnd=4150 _maxwnd=219105 _cwnd=219105
Initialize per-instance NSCC parameters: flowid 101 _base_rtt=11685600 _base_bdp=146070 _bdp=146070 _min_cwnd=4150 _maxwnd=219105 _cwnd=219105
Initialize per-instance NSCC parameters: flowid 102 _base_rtt=11685600 _base_bdp=146070 _bdp=146070 _min_cwnd=4150 _maxwnd=219105 _cwnd=219105
Initialize per-instance NSCC parameters: flowid 103 _base_rtt=11685600 _base_bdp=146070 _bdp=146070 _min_cwnd=4150 _maxwnd=219105 _cwnd=219105
Initialize per-instance NSCC parameters: flowid 104 _base_rtt=11685600 _base_bdp=146070 _bdp=146070 _min_cwnd=4150 _maxwnd=219105 _cwnd=219105
Initialize per-instance NSCC parameters: flowid 105 _base_rtt=11685600 _base_bdp=146070 _bdp=146070 _min_cwnd=4150 _maxwnd=219105 _cwnd=219105
Initialize per-instance NSCC parameters: flowid 106 _base_rtt=11685600 _base_bdp=146070 _bdp=146070 _min_cwnd=4150 _maxwnd=219105 _cwnd=219105
Initialize per-instance NSCC parameters: flowid 107 _base_rtt=11685600 _base_bdp=146070 _bdp=146070 _min_cwnd=4150 _maxwnd=219105 _cwnd=219105
Initialize per-instance NSCC parameters: flowid 108 _base_rtt=11685600 _base_bdp=146070 _bdp=146070 _min_cwnd=4150 _maxwnd=219105 _cwnd=219105
Initialize per-instance NSCC parameters: flowid 109 _base_rtt=11685600 _base_bdp=146070 _bdp=146070 _min_cwnd=4150 _maxwnd=219105 _cwnd=219105
Initialize per-instance NSCC parameters: flowid 110 _base_rtt=11685600 _base_bdp=146070 _bdp=146070 _min_cwnd=4150 _maxwnd=219105 _cwnd=219105
Initialize per-instance NSCC parameters: flowid 111 _base_rtt=11685600 _base_bdp=146070 _bdp=146070 _min_cwnd=4150 _maxwnd=219105 _cwnd=219105
Initialize per-instance NSCC parameters: flowid 112 _base_rtt=11685600 _base_bdp=146070 _bdp=146070 _min_cwnd=4150 _maxwnd=219105 _cwnd=219105
Initialize per-instance NSCC parameters: flowid 113 _base_rtt=11685600 _base_bdp=146070 _bdp=146070 _min_cwnd=4150 _maxwnd=219105 _cwnd=219105
Initialize per-instance NSCC parameters: flowid 114 _base_rtt=11685600 _base_bdp=146070 _bdp=146070 _min_cwnd=4150 _maxwnd=219105 _cwnd=219105
Initialize per-instance NSCC parameters: flowid 115 _base_rtt=11685600 _base_bdp=146070 _bdp=146070 _min_cwnd=4150 _maxwnd=219105 _cwnd=219105
Initialize per-instance NSCC parameters: flowid 116 _base_rtt=11685600 _base_bdp=146070 _bdp=146070 _min_cwnd=4150 _maxwnd=219105 _cwnd=219105
Initialize per-instance NSCC parameters: flowid 117 _base_rtt=11685600 _base_bdp=146070 _bdp=146070 _min_cwnd=4150 _maxwnd=219105 _cwnd=219105
Initialize per-instance NSCC parameters: flowid 118 _base_rtt=11685600 _base_bdp=146070 _bdp=146070 _min_cwnd=4150 _maxwnd=219105 _cwnd=219105
Initialize per-instance NSCC parameters: flowid 119 _base_rtt=11685600 _base_bdp=146070 _bdp=146070 _min_cwnd=4150 _maxwnd=219105 _cwnd=219105
Initialize per-instance NSCC parameters: flowid 120 _base_rtt=11685600 _base_bdp=146070 _bdp=146070 _min_cwnd=4150 _maxwnd=219105 _cwnd=219105
Initialize per-instance NSCC parameters: flowid 121 _base_rtt=11685600 _base_bdp=146070 _bdp=146070 _min_cwnd=4150 _maxwnd=219105 _cwnd=219105
Initialize per-instance NSCC parameters: flowid 122 _base_rtt=11685600 _base_bdp=146070 _bdp=146070 _min_cwnd=4150 _maxwnd=219105 _cwnd=219105
Initialize per-instance NSCC parameters: flowid 123 _base_rtt=11685600 _base_bdp=146070 _bdp=146070 _min_cwnd=4150 _maxwnd=219105 _cwnd=219105
Initialize per-instance NSCC parameters: flowid 124 _base_rtt=11685600 _base_bdp=146070 _bdp=146070 _min_cwnd=4150 _maxwnd=219105 _cwnd=219105
Initialize per-instance NSCC parameters: flowid 125 _base_rtt=11685600 _base_bdp=146070 _bdp=146070 _min_cwnd=4150 _maxwnd=219105 _cwnd=219105
Initialize per-instance NSCC parameters: flowid 126 _base_rtt=11685600 _base_bdp=146070 _bdp=146070 _min_cwnd=4150 _maxwnd=219105 _cwnd=219105
Initialize per-instance NSCC parameters: flowid 127 _base_rtt=11685600 _base_bdp=146070 _bdp=146070 _min_cwnd=4150 _maxwnd=219105 _cwnd=219105
Initialize per-instance NSCC parameters: flowid 128 _base_rtt=11685600 _base_bdp=146070 _bdp=146070 _min_cwnd=4150 _maxwnd=219105 _cwnd=219105
Initialize per-instance NSCC parameters: flowid 129 _base_rtt=11685600 _base_bdp=146070 _bdp=146070 _min_cwnd=4150 _maxwnd=219105 _cwnd=219105
Initialize per-instance NSCC parameters: flowid 130 _base_rtt=11685600 _base_bdp=146070 _bdp=146070 _min_cwnd=4150 _maxwnd=219105 _cwnd=219105
Initialize per-instance NSCC parameters: flowid 131 _base_rtt=11685600 _base_bdp=146070 _bdp=146070 _min_cwnd=4150 _maxwnd=219105 _cwnd=219105
Initialize per-instance NSCC parameters: flowid 132 _base_rtt=11685600 _base_bdp=146070 _bdp=146070 _min_cwnd=4150 _maxwnd=219105 _cwnd=219105
Initialize per-instance NSCC parameters: flowid 133 _base_rtt=11685600 _base_bdp=146070 _bdp=146070 _min_cwnd=4150 _maxwnd=219105 _cwnd=219105
Initialize per-instance NSCC parameters: flowid 134 _base_rtt=11685600 _base_bdp=146070 _bdp=146070 _min_cwnd=4150 _maxwnd=219105 _cwnd=219105
Initialize per-instance NSCC parameters: flowid 135 _base_rtt=11685600 _base_bdp=146070 _bdp=146070 _min_cwnd=4150 _maxwnd=219105 _cwnd=219105
Initialize per-instance NSCC parameters: flowid 136 _base_rtt=11685600 _base_bdp=146070 _bdp=146070 _min_cwnd=4150 _maxwnd=219105 _cwnd=219105
Initialize per-instance NSCC parameters: flowid 137 _base_rtt=11685600 _base_bdp=146070 _bdp=146070 _min_cwnd=4150 _maxwnd=219105 _cwnd=219105
Initialize per-instance NSCC parameters: flowid 138 _base_rtt=11685600 _base_bdp=146070 _bdp=146070 _min_cwnd=4150 _maxwnd=219105 _cwnd=219105
Initialize per-instance NSCC parameters: flowid 139 _base_rtt=11685600 _base_bdp=146070 _bdp=146070 _min_cwnd=4150 _maxwnd=219105 _cwnd=219105
Initialize per-instance NSCC parameters: flowid 140 _base_rtt=11685600 _base_bdp=146070 _bdp=146070 _min_cwnd=4150 _maxwnd=219105 _cwnd=219105
Initialize per-instance NSCC parameters: flowid 141 _base_rtt=11685600 _base_bdp=146070 _bdp=146070 _min_cwnd=4150 _maxwnd=219105 _cwnd=219105
Initialize per-instance NSCC parameters: flowid 142 _base_rtt=11685600 _base_bdp=146070 _bdp=146070 _min_cwnd=4150 _maxwnd=219105 _cwnd=219105
Initialize per-instance NSCC parameters: flowid 143 _base_rtt=11685600 _base_bdp=146070 _bdp=146070 _min_cwnd=4150 _maxwnd=219105 _cwnd=219105
Initialize per-instance NSCC parameters: flowid 144 _base_rtt=11685600 _base_bdp=146070 _bdp=146070 _min_cwnd=4150 _maxwnd=219105 _cwnd=219105
Initialize per-instance NSCC parameters: flowid 145 _base_rtt=11685600 _base_bdp=146070 _bdp=146070 _min_cwnd=4150 _maxwnd=219105 _cwnd=219105
Initialize per-instance NSCC parameters: flowid 146 _base_rtt=11685600 _base_bdp=146070 _bdp=146070 _min_cwnd=4150 _maxwnd=219105 _cwnd=219105
Initialize per-instance NSCC parameters: flowid 147 _base_rtt=11685600 _base_bdp=146070 _bdp=146070 _min_cwnd=4150 _maxwnd=219105 _cwnd=219105
Initialize per-instance NSCC parameters: flowid 148 _base_rtt=11685600 _base_bdp=146070 _bdp=146070 _min_cwnd=4150 _maxwnd=219105 _cwnd=219105
Initialize per-instance NSCC parameters: flowid 149 _base_rtt=11685600 _base_bdp=146070 _bdp=146070 _min_cwnd=4150 _maxwnd=219105 _cwnd=219105
Initialize per-instance NSCC parameters: flowid 150 _base_rtt=11685600 _base_bdp=146070 _bdp=146070 _min_cwnd=4150 _maxwnd=219105 _cwnd=219105
Initialize per-instance NSCC parameters: flowid 151 _base_rtt=11685600 _base_bdp=146070 _bdp=146070 _min_cwnd=4150 _maxwnd=219105 _cwnd=219105
Initialize per-instance NSCC parameters: flowid 152 _base_rtt=11685600 _base_bdp=146070 _bdp=146070 _min_cwnd=4150 _maxwnd=219105 _cwnd=219105
Initialize per-instance NSCC parameters: flowid 153 _base_rtt=11685600 _base_bdp=146070 _bdp=146070 _min_cwnd=4150 _maxwnd=219105 _cwnd=219105
Initialize per-instance NSCC parameters: flowid 154 _base_rtt=11685600 _base_bdp=146070 _bdp=146070 _min_cwnd=4150 _maxwnd=219105 _cwnd=219105
Initialize per-instance NSCC parameters: flowid 155 _base_rtt=11685600 _base_bdp=146070 _bdp=146070 _min_cwnd=4150 _maxwnd=219105 _cwnd=219105
Initialize per-instance NSCC parameters: flowid 156 _base_rtt=11685600 _base_bdp=146070 _bdp=146070 _min_cwnd=4150 _maxwnd=219105 _cwnd=219105
Initialize per-instance NSCC parameters: flowid 157 _base_rtt=11685600 _base_bdp=146070 _bdp=146070 _min_cwnd=4150 _maxwnd=219105 _cwnd=219105
Initialize per-instance NSCC parameters: flowid 158 _base_rtt=11685600 _base_bdp=146070 _bdp=146070 _min_cwnd=4150 _maxwnd=219105 _cwnd=219105
Initialize per-instance NSCC parameters: flowid 159 _base_rtt=11685600 _base_bdp=146070 _bdp=146070 _min_cwnd=4150 _maxwnd=219105 _cwnd=219105
Initialize per-instance NSCC parameters: flowid 160 _base_rtt=11685600 _base_bdp=146070 _bdp=146070 _min_cwnd=4150 _maxwnd=219105 _cwnd=219105
Initialize per-instance NSCC parameters: flowid 161 _base_rtt=11685600 _base_bdp=146070 _bdp=146070 _min_cwnd=4150 _maxwnd=219105 _cwnd=219105
Initialize per-instance NSCC parameters: flowid 162 _base_rtt=11685600 _base_bdp=146070 _bdp=146070 _min_cwnd=4150 _maxwnd=219105 _cwnd=219105
Initialize per-instance NSCC parameters: flowid 163 _base_rtt=11685600 _base_bdp=146070 _bdp=146070 _min_cwnd=4150 _maxwnd=219105 _cwnd=219105
Initialize per-instance NSCC parameters: flowid 164 _base_rtt=11685600 _base_bdp=146070 _bdp=146070 _min_cwnd=4150 _maxwnd=219105 _cwnd=219105
Initialize per-instance NSCC parameters: flowid 165 _base_rtt=11685600 _base_bdp=146070 _bdp=146070 _min_cwnd=4150 _maxwnd=219105 _cwnd=219105
Initialize per-instance NSCC parameters: flowid 166 _base_rtt=11685600 _base_bdp=146070 _bdp=146070 _min_cwnd=4150 _maxwnd=219105 _cwnd=219105
Initialize per-instance NSCC parameters: flowid 167 _base_rtt=11685600 _base_bdp=146070 _bdp=146070 _min_cwnd=4150 _maxwnd=219105 _cwnd=219105
Initialize per-instance NSCC parameters: flowid 168 _base_rtt=11685600 _base_bdp=146070 _bdp=146070 _min_cwnd=4150 _maxwnd=219105 _cwnd=219105
Initialize per-instance NSCC parameters: flowid 169 _base_rtt=11685600 _base_bdp=146070 _bdp=146070 _min_cwnd=4150 _maxwnd=219105 _cwnd=219105
Initialize per-instance NSCC parameters: flowid 170 _base_rtt=11685600 _base_bdp=146070 _bdp=146070 _min_cwnd=4150 _maxwnd=219105 _cwnd=219105
Initialize per-instance NSCC parameters: flowid 171 _base_rtt=11685600 _base_bdp=146070 _bdp=146070 _min_cwnd=4150 _maxwnd=219105 _cwnd=219105
Initialize per-instance NSCC parameters: flowid 172 _base_rtt=11685600 _base_bdp=146070 _bdp=146070 _min_cwnd=4150 _maxwnd=219105 _cwnd=219105
Initialize per-instance NSCC parameters: flowid 173 _base_rtt=11685600 _base_bdp=146070 _bdp=146070 _min_cwnd=4150 _maxwnd=219105 _cwnd=219105
Initialize per-instance NSCC parameters: flowid 174 _base_rtt=11685600 _base_bdp=146070 _bdp=146070 _min_cwnd=4150 _maxwnd=219105 _cwnd=219105
Initialize per-instance NSCC parameters: flowid 175 _base_rtt=11685600 _base_bdp=146070 _bdp=146070 _min_cwnd=4150 _maxwnd=219105 _cwnd=219105
Initialize per-instance NSCC parameters: flowid 176 _base_rtt=11685600 _base_bdp=146070 _bdp=146070 _min_cwnd=4150 _maxwnd=219105 _cwnd=219105
Initialize per-instance NSCC parameters: flowid 177 _base_rtt=11685600 _base_bdp=146070 _bdp=146070 _min_cwnd=4150 _maxwnd=219105 _cwnd=219105
Initialize per-instance NSCC parameters: flowid 178 _base_rtt=11685600 _base_bdp=146070 _bdp=146070 _min_cwnd=4150 _maxwnd=219105 _cwnd=219105
Initialize per-instance NSCC parameters: flowid 179 _base_rtt=11685600 _base_bdp=146070 _bdp=146070 _min_cwnd=4150 _maxwnd=219105 _cwnd=219105
Initialize per-instance NSCC parameters: flowid 180 _base_rtt=11685600 _base_bdp=146070 _bdp=146070 _min_cwnd=4150 _maxwnd=219105 _cwnd=219105
Initialize per-instance NSCC parameters: flowid 181 _base_rtt=11685600 _base_bdp=146070 _bdp=146070 _min_cwnd=4150 _maxwnd=219105 _cwnd=219105
Initialize per-instance NSCC parameters: flowid 182 _base_rtt=11685600 _base_bdp=146070 _bdp=146070 _min_cwnd=4150 _maxwnd=219105 _cwnd=219105
Initialize per-instance NSCC parameters: flowid 183 _base_rtt=11685600 _base_bdp=146070 _bdp=146070 _min_cwnd=4150 _maxwnd=219105 _cwnd=219105
Initialize per-instance NSCC parameters: flowid 184 _base_rtt=11685600 _base_bdp=146070 _bdp=146070 _min_cwnd=4150 _maxwnd=219105 _cwnd=219105
Initialize per-instance NSCC parameters: flowid 185 _base_rtt=11685600 _base_bdp=146070 _bdp=146070 _min_cwnd=4150 _maxwnd=219105 _cwnd=219105
Initialize per-instance NSCC parameters: flowid 186 _base_rtt=11685600 _base_bdp=146070 _bdp=146070 _min_cwnd=4150 _maxwnd=219105 _cwnd=219105
Initialize per-instance NSCC parameters: flowid 187 _base_rtt=11685600 _base_bdp=146070 _bdp=146070 _min_cwnd=4150 _maxwnd=219105 _cwnd=219105
Initialize per-instance NSCC parameters: flowid 188 _base_rtt=11685600 _base_bdp=146070 _bdp=146070 _min_cwnd=4150 _maxwnd=219105 _cwnd=219105
Initialize per-instance NSCC parameters: flowid 189 _base_rtt=11685600 _base_bdp=146070 _bdp=146070 _min_cwnd=4150 _maxwnd=219105 _cwnd=219105
Initialize per-instance NSCC parameters: flowid 190 _base_rtt=11685600 _base_bdp=146070 _bdp=146070 _min_cwnd=4150 _maxwnd=219105 _cwnd=219105
Initialize per-instance NSCC parameters: flowid 191 _base_rtt=11685600 _base_bdp=146070 _bdp=146070 _min_cwnd=4150 _maxwnd=219105 _cwnd=219105
Initialize per-instance NSCC parameters: flowid 192 _base_rtt=11685600 _base_bdp=146070 _bdp=146070 _min_cwnd=4150 _maxwnd=219105 _cwnd=219105
Initialize per-instance NSCC parameters: flowid 193 _base_rtt=11685600 _base_bdp=146070 _bdp=146070 _min_cwnd=4150 _maxwnd=219105 _cwnd=219105
Initialize per-instance NSCC parameters: flowid 194 _base_rtt=11685600 _base_bdp=146070 _bdp=146070 _min_cwnd=4150 _maxwnd=219105 _cwnd=219105
Initialize per-instance NSCC parameters: flowid 195 _base_rtt=11685600 _base_bdp=146070 _bdp=146070 _min_cwnd=4150 _maxwnd=219105 _cwnd=219105
Initialize per-instance NSCC parameters: flowid 196 _base_rtt=11685600 _base_bdp=146070 _bdp=146070 _min_cwnd=4150 _maxwnd=219105 _cwnd=219105
Initialize per-instance NSCC parameters: flowid 197 _base_rtt=11685600 _base_bdp=146070 _bdp=146070 _min_cwnd=4150 _maxwnd=219105 _cwnd=219105
Initialize per-instance NSCC parameters: flowid 198 _base_rtt=11685600 _base_bdp=146070 _bdp=146070 _min_cwnd=4150 _maxwnd=219105 _cwnd=219105
Initialize per-instance NSCC parameters: flowid 199 _base_rtt=11685600 _base_bdp=146070 _bdp=146070 _min_cwnd=4150 _maxwnd=219105 _cwnd=219105
Initialize per-instance NSCC parameters: flowid 200 _base_rtt=11685600 _base_bdp=146070 _bdp=146070 _min_cwnd=4150 _maxwnd=219105 _cwnd=219105
Initialize per-instance NSCC parameters: flowid 201 _base_rtt=11685600 _base_bdp=146070 _bdp=146070 _min_cwnd=4150 _maxwnd=219105 _cwnd=219105
Initialize per-instance NSCC parameters: flowid 202 _base_rtt=11685600 _base_bdp=146070 _bdp=146070 _min_cwnd=4150 _maxwnd=219105 _cwnd=219105
Initialize per-instance NSCC parameters: flowid 203 _base_rtt=11685600 _base_bdp=146070 _bdp=146070 _min_cwnd=4150 _maxwnd=219105 _cwnd=219105
Initialize per-instance NSCC parameters: flowid 204 _base_rtt=11685600 _base_bdp=146070 _bdp=146070 _min_cwnd=4150 _maxwnd=219105 _cwnd=219105
Initialize per-instance NSCC parameters: flowid 205 _base_rtt=11685600 _base_bdp=146070 _bdp=146070 _min_cwnd=4150 _maxwnd=219105 _cwnd=219105
Initialize per-instance NSCC parameters: flowid 206 _base_rtt=11685600 _base_bdp=146070 _bdp=146070 _min_cwnd=4150 _maxwnd=219105 _cwnd=219105
Initialize per-instance NSCC parameters: flowid 207 _base_rtt=11685600 _base_bdp=146070 _bdp=146070 _min_cwnd=4150 _maxwnd=219105 _cwnd=219105
Initialize per-instance NSCC parameters: flowid 208 _base_rtt=11685600 _base_bdp=146070 _bdp=146070 _min_cwnd=4150 _maxwnd=219105 _cwnd=219105
Initialize per-instance NSCC parameters: flowid 209 _base_rtt=11685600 _base_bdp=146070 _bdp=146070 _min_cwnd=4150 _maxwnd=219105 _cwnd=219105
Initialize per-instance NSCC parameters: flowid 210 _base_rtt=11685600 _base_bdp=146070 _bdp=146070 _min_cwnd=4150 _maxwnd=219105 _cwnd=219105
Initialize per-instance NSCC parameters: flowid 211 _base_rtt=11685600 _base_bdp=146070 _bdp=146070 _min_cwnd=4150 _maxwnd=219105 _cwnd=219105
Initialize per-instance NSCC parameters: flowid 212 _base_rtt=11685600 _base_bdp=146070 _bdp=146070 _min_cwnd=4150 _maxwnd=219105 _cwnd=219105
Initialize per-instance NSCC parameters: flowid 213 _base_rtt=11685600 _base_bdp=146070 _bdp=146070 _min_cwnd=4150 _maxwnd=219105 _cwnd=219105
Initialize per-instance NSCC parameters: flowid 214 _base_rtt=11685600 _base_bdp=146070 _bdp=146070 _min_cwnd=4150 _maxwnd=219105 _cwnd=219105
Initialize per-instance NSCC parameters: flowid 215 _base_rtt=11685600 _base_bdp=146070 _bdp=146070 _min_cwnd=4150 _maxwnd=219105 _cwnd=219105
Initialize per-instance NSCC parameters: flowid 216 _base_rtt=11685600 _base_bdp=146070 _bdp=146070 _min_cwnd=4150 _maxwnd=219105 _cwnd=219105
Initialize per-instance NSCC parameters: flowid 217 _base_rtt=11685600 _base_bdp=146070 _bdp=146070 _min_cwnd=4150 _maxwnd=219105 _cwnd=219105
Initialize per-instance NSCC parameters: flowid 218 _base_rtt=11685600 _base_bdp=146070 _bdp=146070 _min_cwnd=4150 _maxwnd=219105 _cwnd=219105
Initialize per-instance NSCC parameters: flowid 219 _base_rtt=11685600 _base_bdp=146070 _bdp=146070 _min_cwnd=4150 _maxwnd=219105 _cwnd=219105
Initialize per-instance NSCC parameters: flowid 220 _base_rtt=11685600 _base_bdp=146070 _bdp=146070 _min_cwnd=4150 _maxwnd=219105 _cwnd=219105
Initialize per-instance NSCC parameters: flowid 221 _base_rtt=11685600 _base_bdp=146070 _bdp=146070 _min_cwnd=4150 _maxwnd=219105 _cwnd=219105
Initialize per-instance NSCC parameters: flowid 222 _base_rtt=11685600 _base_bdp=146070 _bdp=146070 _min_cwnd=4150 _maxwnd=219105 _cwnd=219105
Initialize per-instance NSCC parameters: flowid 223 _base_rtt=11685600 _base_bdp=146070 _bdp=146070 _min_cwnd=4150 _maxwnd=219105 _cwnd=219105
Initialize per-instance NSCC parameters: flowid 224 _base_rtt=11685600 _base_bdp=146070 _bdp=146070 _min_cwnd=4150 _maxwnd=219105 _cwnd=219105
Initialize per-instance NSCC parameters: flowid 225 _base_rtt=11685600 _base_bdp=146070 _bdp=146070 _min_cwnd=4150 _maxwnd=219105 _cwnd=219105
Initialize per-instance NSCC parameters: flowid 226 _base_rtt=11685600 _base_bdp=146070 _bdp=146070 _min_cwnd=4150 _maxwnd=219105 _cwnd=219105
Initialize per-instance NSCC parameters: flowid 227 _base_rtt=11685600 _base_bdp=146070 _bdp=146070 _min_cwnd=4150 _maxwnd=219105 _cwnd=219105
Initialize per-instance NSCC parameters: flowid 228 _base_rtt=11685600 _base_bdp=146070 _bdp=146070 _min_cwnd=4150 _maxwnd=219105 _cwnd=219105
Initialize per-instance NSCC parameters: flowid 229 _base_rtt=11685600 _base_bdp=146070 _bdp=146070 _min_cwnd=4150 _maxwnd=219105 _cwnd=219105
Initialize per-instance NSCC parameters: flowid 230 _base_rtt=11685600 _base_bdp=146070 _bdp=146070 _min_cwnd=4150 _maxwnd=219105 _cwnd=219105
Starting simulation
Flow Uec_138_10 flowId 1 uecSrc 0 starting at 0
Flow Uec_65_193 flowId 2 uecSrc 1 starting at 0
Flow Uec_159_31 flowId 3 uecSrc 2 starting at 0
Flow Uec_63_191 flowId 4 uecSrc 3 starting at 0
Flow Uec_21_149 flowId 5 uecSrc 4 starting at 0
Flow Uec_131_3 flowId 6 uecSrc 5 starting at 0
Flow Uec_102_230 flowId 7 uecSrc 6 starting at 0
Flow Uec_81_209 flowId 8 uecSrc 7 starting at 0
Flow Uec_61_189 flowId 9 uecSrc 8 starting at 0
Flow Uec_221_93 flowId 10 uecSrc 9 starting at 0
Flow Uec_205_77 flowId 11 uecSrc 10 starting at 0
Flow Uec_124_252 flowId 12 uecSrc 11 starting at 0
Flow Uec_190_62 flowId 13 uecSrc 12 starting at 0
Flow Uec_35_163 flowId 14 uecSrc 13 starting at 0
Flow Uec_218_90 flowId 15 uecSrc 14 starting at 0
Flow Uec_69_197 flowId 16 uecSrc 15 starting at 0
Flow Uec_204_76 flowId 17 uecSrc 16 starting at 0
Flow Uec_1_129 flowId 18 uecSrc 17 starting at 0
Flow Uec_246_118 flowId 19 uecSrc 18 starting at 0
Flow Uec_19_147 flowId 20 uecSrc 19 starting at 0
Flow Uec_182_54 flowId 21 uecSrc 20 starting at 0
Flow Uec_33_161 flowId 22 uecSrc 21 starting at 0
Flow Uec_106_234 flowId 23 uecSrc 22 starting at 0
Flow Uec_23_151 flowId 24 uecSrc 23 starting at 0
Flow Uec_70_198 flowId 25 uecSrc 24 starting at 0
Flow Uec_93_221 flowId 26 uecSrc 25 starting at 0
Flow Uec_231_103 flowId 27 uecSrc 26 starting at 0
Flow Uec_164_36 flowId 28 uecSrc 27 starting at 0
Flow Uec_201_73 flowId 29 uecSrc 28 starting at 0
Flow Uec_213_85 flowId 30 uecSrc 29 starting at 0
Flow Uec_123_251 flowId 31 uecSrc 30 starting at 0
Flow Uec_250_122 flowId 32 uecSrc 31 starting at 0
Flow Uec_244_116 flowId 33 uecSrc 32 starting at 0
Flow Uec_130_2 flowId 34 uecSrc 33 starting at 0
Flow Uec_214_86 flowId 35 uecSrc 34 starting at 0
Flow Uec_139_11 flowId 36 uecSrc 35 starting at 0
Flow Uec_188_60 flowId 37 uecSrc 36 starting at 0
Flow Uec_31_159 flowId 38 uecSrc 37 starting at 0
Flow Uec_212_84 flowId 39 uecSrc 38 starting at 0
Flow Uec_87_215 flowId 40 uecSrc 39 starting at 0
Flow Uec_166_38 flowId 41 uecSrc 40 starting at 0
Flow Uec_30_158 flowId 42 uecSrc 41 starting at 0
Flow Uec_185_57 flowId 43 uecSrc 42 starting at 0
Flow Uec_187_59 flowId 44 uecSrc 43 starting at 0
Flow Uec_98_226 flowId 45 uecSrc 44 starting at 0
Flow Uec_103_231 flowId 46 uecSrc 45 starting at 0
Flow Uec_229_101 flowId 47 uecSrc 46 starting at 0
Flow Uec_26_154 flowId 48 uecSrc 47 starting at 0
Flow Uec_207_79 flowId 49 uecSrc 48 starting at 0
Flow Uec_179_51 flowId 50 uecSrc 49 starting at 0
Flow Uec_57_185 flowId 51 uecSrc 50 starting at 0
Flow Uec_119_247 flowId 52 uecSrc 51 starting at 0
Flow Uec_197_69 flowId 53 uecSrc 52 starting at 0
Flow Uec_230_102 flowId 54 uecSrc 53 starting at 0
Flow Uec_171_43 flowId 55 uecSrc 54 starting at 0
Flow Uec_28_156 flowId 56 uecSrc 55 starting at 0
Flow Uec_255_127 flowId 57 uecSrc 56 starting at 0
Flow Uec_104_232 flowId 58 uecSrc 57 starting at 0
Flow Uec_142_14 flowId 59 uecSrc 58 starting at 0
Flow Uec_46_174 flowId 60 uecSrc 59 starting at 0
Flow Uec_6_134 flowId 61 uecSrc 60 starting at 0
Flow Uec_172_44 flowId 62 uecSrc 61 starting at 0
Flow Uec_184_56 flowId 63 uecSrc 62 starting at 0
Flow Uec_68_196 flowId 64 uecSrc 63 starting at 0
Flow Uec_135_7 flowId 65 uecSrc 64 starting at 0
Flow Uec_232_104 flowId 66 uecSrc 65 starting at 0
Flow Uec_217_89 flowId 67 uecSrc 66 starting at 0
Flow Uec_58_186 flowId 68 uecSrc 67 starting at 0
Flow Uec_192_64 flowId 69 uecSrc 68 starting at 0
Flow Uec_161_33 flowId 70 uecSrc 69 starting at 0
Flow Uec_78_206 flowId 71 uecSrc 70 starting at 0
Flow Uec_44_172 flowId 72 uecSrc 71 starting at 0
Flow Uec_126_254 flowId 73 uecSrc 72 starting at 0
Flow Uec_128_0 flowId 74 uecSrc 73 starting at 0
Flow Uec_234_106 flowId 75 uecSrc 74 starting at 0
Flow Uec_194_66 flowId 76 uecSrc 75 starting at 0
Flow Uec_153_25 flowId 77 uecSrc 76 starting at 0
Flow Uec_219_91 flowId 78 uecSrc 77 starting at 0
Flow Uec_37_165 flowId 79 uecSrc 78 starting at 0
Flow Uec_122_250 flowId 80 uecSrc 79 starting at 0
Flow Uec_158_30 flowId 81 uecSrc 80 starting at 0
Flow Uec_43_171 flowId 82 uecSrc 81 starting at 0
Flow Uec_74_202 flowId 83 uecSrc 82 starting at 0
Flow Uec_163_35 flowId 84 uecSrc 83 starting at 0
Flow Uec_100_228 flowId 85 uecSrc 84 starting at 0
Flow Uec_54_182 flowId 86 uecSrc 85 starting at 0
Flow Uec_13_141 flowId 87 uecSrc 86 starting at 0
Flow Uec_75_203 flowId 88 uecSrc 87 starting at 0
Flow Uec_129_1 flowId 89 uecSrc 88 starting at 0
Flow Uec_176_48 flowId 90 uecSrc 89 starting at 0
Flow Uec_114_242 flowId 91 uecSrc 90 starting at 0
Flow Uec_238_110 flowId 92 uecSrc 91 starting at 0
Flow Uec_235_107 flowId 93 uecSrc 92 starting at 0
Flow Uec_110_238 flowId 94 uecSrc 93 starting at 0
Flow Uec_121_249 flowId 95 uecSrc 94 starting at 0
Flow Uec_149_21 flowId 96 uecSrc 95 starting at 0
Flow Uec_216_88 flowId 97 uecSrc 96 starting at 0
Flow Uec_133_5 flowId 98 uecSrc 97 starting at 0
Flow Uec_248_120 flowId 99 uecSrc 98 starting at 0
Flow Uec_97_225 flowId 100 uecSrc 99 starting at 0
Flow Uec_162_34 flowId 101 uecSrc 100 starting at 0
Flow Uec_77_205 flowId 102 uecSrc 101 starting at 0
Flow Uec_66_194 flowId 103 uecSrc 102 starting at 0
Flow Uec_7_135 flowId 104 uecSrc 103 starting at 0
Flow Uec_38_166 flowId 105 uecSrc 104 starting at 0
Flow Uec_132_4 flowId 106 uecSrc 105 starting at 0
Flow Uec_83_211 flowId 107 uecSrc 106 starting at 0
Flow Uec_22_150 flowId 108 uecSrc 107 starting at 0
Flow Uec_191_63 flowId 109 uecSrc 108 starting at 0
Flow Uec_150_22 flowId 110 uecSrc 109 starting at 0
Flow Uec_223_95 flowId 111 uecSrc 110 starting at 0
Flow Uec_17_145 flowId 112 uecSrc 111 starting at 0
Flow Uec_94_222 flowId 113 uecSrc 112 starting at 0
Flow Uec_247_119 flowId 114 uecSrc 113 starting at 0
Flow Uec_195_67 flowId 115 uecSrc 114 starting at 0
Flow Uec_76_204 flowId 116 uecSrc 115 starting at 0
Flow Uec_210_82 flowId 117 uecSrc 116 starting at 0
Flow Uec_186_58 flowId 118 uecSrc 117 starting at 0
Flow Uec_143_15 flowId 119 uecSrc 118 starting at 0
Flow Uec_243_115 flowId 120 uecSrc 119 starting at 0
Flow Uec_136_8 flowId 121 uecSrc 120 starting at 0
Flow Uec_254_126 flowId 122 uecSrc 121 starting at 0
Flow Uec_169_41 flowId 123 uecSrc 122 starting at 0
Flow Uec_189_61 flowId 124 uecSrc 123 starting at 0
Flow Uec_148_20 flowId 125 uecSrc 124 starting at 0
Flow Uec_206_78 flowId 126 uecSrc 125 starting at 0
Flow Uec_49_177 flowId 127 uecSrc 126 starting at 0
Flow Uec_64_192 flowId 128 uecSrc 127 starting at 0
Flow Uec_196_68 flowId 129 uecSrc 128 starting at 0
Flow Uec_55_183 flowId 130 uecSrc 129 starting at 0
Flow Uec_180_52 flowId 131 uecSrc 130 starting at 0
Flow Uec_15_143 flowId 132 uecSrc 131 starting at 0
Flow Uec_220_92 flowId 133 uecSrc 132 starting at 0
Flow Uec_18_146 flowId 134 uecSrc 133 starting at 0
Flow Uec_117_245 flowId 135 uecSrc 134 starting at 0
Flow Uec_47_175 flowId 136 uecSrc 135 starting at 0
Flow Uec_253_125 flowId 137 uecSrc 136 starting at 0
Flow Uec_228_100 flowId 138 uecSrc 137 starting at 0
Flow Uec_42_170 flowId 139 uecSrc 138 starting at 0
Flow Uec_168_40 flowId 140 uecSrc 139 starting at 0
Flow Uec_241_113 flowId 141 uecSrc 140 starting at 0
Flow Uec_127_255 flowId 142 uecSrc 141 starting at 0
Flow Uec_48_176 flowId 143 uecSrc 142 starting at 0
Flow Uec_113_241 flowId 144 uecSrc 143 starting at 0
Flow Uec_51_179 flowId 145 uecSrc 144 starting at 0
Flow Uec_222_94 flowId 146 uecSrc 145 starting at 0
Flow Uec_209_81 flowId 147 uecSrc 146 starting at 0
Flow Uec_237_109 flowId 148 uecSrc 147 starting at 0
Flow Uec_116_244 flowId 149 uecSrc 148 starting at 0
Flow Uec_91_219 flowId 150 uecSrc 149 starting at 0
Flow Uec_4_132 flowId 151 uecSrc 150 starting at 0
Flow Uec_156_28 flowId 152 uecSrc 151 starting at 0
Flow Uec_12_140 flowId 153 uecSrc 152 starting at 0
Flow Uec_193_65 flowId 154 uecSrc 153 starting at 0
Flow Uec_112_240 flowId 155 uecSrc 154 starting at 0
Flow Uec_198_70 flowId 156 uecSrc 155 starting at 0
Flow Uec_62_190 flowId 157 uecSrc 156 starting at 0
Flow Uec_56_184 flowId 158 uecSrc 157 starting at 0
Flow Uec_88_216 flowId 159 uecSrc 158 starting at 0
Flow Uec_173_45 flowId 160 uecSrc 159 starting at 0
Flow Uec_144_16 flowId 161 uecSrc 160 starting at 0
Flow Uec_32_160 flowId 162 uecSrc 161 starting at 0
Flow Uec_203_75 flowId 163 uecSrc 162 starting at 0
Flow Uec_208_80 flowId 164 uecSrc 163 starting at 0
Flow Uec_240_112 flowId 165 uecSrc 164 starting at 0
Flow Uec_53_181 flowId 166 uecSrc 165 starting at 0
Flow Uec_233_105 flowId 167 uecSrc 166 starting at 0
Flow Uec_141_13 flowId 168 uecSrc 167 starting at 0
Flow Uec_86_214 flowId 169 uecSrc 168 starting at 0
Flow Uec_25_153 flowId 170 uecSrc 169 starting at 0
Flow Uec_90_218 flowId 171 uecSrc 170 starting at 0
Flow Uec_5_133 flowId 172 uecSrc 171 starting at 0
Flow Uec_178_50 flowId 173 uecSrc 172 starting at 0
Flow Uec_183_55 flowId 174 uecSrc 173 starting at 0
Flow Uec_181_53 flowId 175 uecSrc 174 starting at 0
Flow Uec_85_213 flowId 176 uecSrc 175 starting at 0
Flow Uec_84_212 flowId 177 uecSrc 176 starting at 0
Flow Uec_39_167 flowId 178 uecSrc 177 starting at 0
Flow Uec_154_26 flowId 179 uecSrc 178 starting at 0
Flow Uec_155_27 flowId 180 uecSrc 179 starting at 0
Flow Uec_52_180 flowId 181 uecSrc 180 starting at 0
Flow Uec_79_207 flowId 182 uecSrc 181 starting at 0
Flow Uec_29_157 flowId 183 uecSrc 182 starting at 0
Flow Uec_20_148 flowId 184 uecSrc 183 starting at 0
Flow Uec_89_217 flowId 185 uecSrc 184 starting at 0
Flow Uec_41_169 flowId 186 uecSrc 185 starting at 0
Flow Uec_224_96 flowId 187 uecSrc 186 starting at 0
Flow Uec_225_97 flowId 188 uecSrc 187 starting at 0
Flow Uec_50_178 flowId 189 uecSrc 188 starting at 0
Flow Uec_16_144 flowId 190 uecSrc 189 starting at 0
Flow Uec_95_223 flowId 191 uecSrc 190 starting at 0
Flow Uec_60_188 flowId 192 uecSrc 191 starting at 0
Flow Uec_0_128 flowId 193 uecSrc 192 starting at 0
Flow Uec_215_87 flowId 194 uecSrc 193 starting at 0
Flow Uec_134_6 flowId 195 uecSrc 194 starting at 0
Flow Uec_72_200 flowId 196 uecSrc 195 starting at 0
Flow Uec_34_162 flowId 197 uecSrc 196 starting at 0
Flow Uec_92_220 flowId 198 uecSrc 197 starting at 0
Flow Uec_80_208 flowId 199 uecSrc 198 starting at 0
Flow Uec_251_123 flowId 200 uecSrc 199 starting at 0
Flow Uec_137_9 flowId 201 uecSrc 200 starting at 0
Flow Uec_73_201 flowId 202 uecSrc 201 starting at 0
Flow Uec_227_99 flowId 203 uecSrc 202 starting at 0
Flow Uec_151_23 flowId 204 uecSrc 203 starting at 0
Flow Uec_160_32 flowId 205 uecSrc 204 starting at 0
Flow Uec_108_236 flowId 206 uecSrc 205 starting at 0
Flow Uec_140_12 flowId 207 uecSrc 206 starting at 0
Flow Uec_96_224 flowId 208 uecSrc 207 starting at 0
Flow Uec_245_117 flowId 209 uecSrc 208 starting at 0
Flow Uec_199_71 flowId 210 uecSrc 209 starting at 0
Flow Uec_40_168 flowId 211 uecSrc 210 starting at 0
Flow Uec_170_42 flowId 212 uecSrc 211 starting at 0
Flow Uec_107_235 flowId 213 uecSrc 212 starting at 0
Flow Uec_111_239 flowId 214 uecSrc 213 starting at 0
Flow Uec_125_253 flowId 215 uecSrc 214 starting at 0
Flow Uec_202_74 flowId 216 uecSrc 215 starting at 0
Flow Uec_67_195 flowId 217 uecSrc 216 starting at 0
Flow Uec_45_173 flowId 218 uecSrc 217 starting at 0
Flow Uec_120_248 flowId 219 uecSrc 218 starting at 0
Flow Uec_177_49 flowId 220 uecSrc 219 starting at 0
Flow Uec_145_17 flowId 221 uecSrc 220 starting at 0
Flow Uec_167_39 flowId 222 uecSrc 221 starting at 0
Flow Uec_27_155 flowId 223 uecSrc 222 starting at 0
Flow Uec_14_142 flowId 224 uecSrc 223 starting at 0
Flow Uec_9_137 flowId 225 uecSrc 224 starting at 0
Flow Uec_10_138 flowId 226 uecSrc 225 starting at 0
Flow Uec_252_124 flowId 227 uecSrc 226 starting at 0
Flow Uec_3_131 flowId 228 uecSrc 227 starting at 0
Flow Uec_105_233 flowId 229 uecSrc 228 starting at 0
Flow Uec_211_83 flowId 230 uecSrc 229 starting at 0
136.935 flowid 218 Spurious 11
151.801 flowid 197 Spurious 61
155.744 flowid 197 Spurious 76
156.776 flowid 197 Spurious 77
Flow Uec_125_253 flowId 215 uecSrc 214 finished at 175.415 total messages 1 total packets 490 RTS 0 total bytes 2002140 in_flight now 0 fair_inc 0 prop_inc 87245 fast_inc 52533 eta_inc 8344 multi_dec -0 quick_dec -0 nack_dec -0
Flow Uec_124_252 flowId 12 uecSrc 11 finished at 176.725 total messages 1 total packets 490 RTS 0 total bytes 2002140 in_flight now 0 fair_inc 0 prop_inc 85654 fast_inc 0 eta_inc 8344 multi_dec -0 quick_dec -0 nack_dec -0
Flow Uec_112_240 flowId 155 uecSrc 154 finished at 177.603 total messages 1 total packets 490 RTS 0 total bytes 2002140 in_flight now 0 fair_inc 0 prop_inc 66958 fast_inc 101025 eta_inc 8344 multi_dec -0 quick_dec -0 nack_dec -0
Flow Uec_103_231 flowId 46 uecSrc 45 finished at 177.893 total messages 1 total packets 490 RTS 0 total bytes 2002140 in_flight now 0 fair_inc 0 prop_inc 85996 fast_inc 0 eta_inc 8344 multi_dec -0 quick_dec -0 nack_dec -0
Flow Uec_106_234 flowId 23 uecSrc 22 finished at 178.286 total messages 1 total packets 490 RTS 0 total bytes 2002140 in_flight now 0 fair_inc 0 prop_inc 78970 fast_inc 0 eta_inc 8344 multi_dec -0 quick_dec -0 nack_dec -0
178.456 flowid 38 Spurious 105
Flow Uec_122_250 flowId 80 uecSrc 79 finished at 178.955 total messages 1 total packets 490 RTS 0 total bytes 2002140 in_flight now 0 fair_inc 0 prop_inc 76034 fast_inc 0 eta_inc 8344 multi_dec -0 quick_dec -0 nack_dec -0
181.251 flowid 162 Spurious 105
Flow Uec_135_7 flowId 65 uecSrc 64 finished at 185.261 total messages 1 total packets 490 RTS 0 total bytes 2002140 in_flight now 0 fair_inc 0 prop_inc 74914 fast_inc 0 eta_inc 8344 multi_dec -0 quick_dec -0 nack_dec -0
Flow Uec_252_124 flowId 227 uecSrc 226 finished at 187.254 total messages 1 total packets 490 RTS 0 total bytes 2002140 in_flight now 0 fair_inc 0 prop_inc 38937 fast_inc 0 eta_inc 8940 multi_dec -0 quick_dec -0 nack_dec -0
Flow Uec_81_209 flowId 8 uecSrc 7 finished at 187.352 total messages 1 total packets 490 RTS 0 total bytes 2002140 in_flight now 0 fair_inc 0 prop_inc 26101 fast_inc 0 eta_inc 8940 multi_dec -0 quick_dec -0 nack_dec -0
188.587 flowid 143 Spurious 139
188.924 flowid 143 Spurious 140
189.327 flowid 184 Spurious 149
Flow Uec_229_101 flowId 47 uecSrc 46 finished at 193.765 total messages 1 total packets 490 RTS 0 total bytes 2002140 in_flight now 0 fair_inc 0 prop_inc 26426 fast_inc 0 eta_inc 8940 multi_dec -0 quick_dec -0 nack_dec -0
Flow Uec_13_141 flowId 87 uecSrc 86 finished at 195.55 total messages 1 total packets 490 RTS 0 total bytes 2002140 in_flight now 0 fair_inc 376 prop_inc 19487 fast_inc 0 eta_inc 9536 multi_dec -0 quick_dec -0 nack_dec -0
Flow Uec_57_185 flowId 51 uecSrc 50 finished at 200.668 total messages 1 total packets 490 RTS 0 total bytes 2002140 in_flight now 0 fair_inc 3750 prop_inc 15492 fast_inc 0 eta_inc 9536 multi_dec -0 quick_dec -0 nack_dec -0
Flow Uec_53_181 flowId 166 uecSrc 165 finished at 200.712 total messages 1 total packets 490 RTS 0 total bytes 2002140 in_flight now 0 fair_inc 4499 prop_inc 27068 fast_inc 0 eta_inc 9536 multi_dec -0 quick_dec -0 nack_dec -0
201.882 flowid 139 Spurious 168
204.477 flowid 132 Spurious 201
205.018 flowid 143 Spurious 173
Flow Uec_245_117 flowId 209 uecSrc 208 finished at 208.381 total messages 1 total packets 490 RTS 0 total bytes 2002140 in_flight now 0 fair_inc 9376 prop_inc 12019 fast_inc 0 eta_inc 10132 multi_dec -0 quick_dec -0 nack_dec -0
Flow Uec_250_122 flowId 32 uecSrc 31 finished at 210.763 total messages 1 total packets 490 RTS 0 total bytes 2002140 in_flight now 0 fair_inc 5275 prop_inc 14358 fast_inc 0 eta_inc 10132 multi_dec -24626 quick_dec -0 nack_dec -0
218.191 flowid 132 Spurious 212
219.851 flowid 132 Spurious 216
220.515 flowid 132 Spurious 217
220.852 flowid 132 Spurious 220
Flow Uec_14_142 flowId 224 uecSrc 223 finished at 225.688 total messages 1 total packets 490 RTS 0 total bytes 2002140 in_flight now 0 fair_inc 5489 prop_inc 60393 fast_inc 0 eta_inc 10728 multi_dec -92418 quick_dec -0 nack_dec -0
231.646 flowid 60 Spurious 276
232.642 flowid 60 Spurious 279
234.463 flowid 60 Spurious 285
Flow Uec_46_174 flowId 60 uecSrc 59 finished at 235.607 total messages 1 total packets 492 RTS 2 total bytes 2002140 in_flight now 0 fair_inc 8810 prop_inc 10116 fast_inc 0 eta_inc 11324 multi_dec -0 quick_dec -0 nack_dec -4150
238.206 flowid 60 Spurious 294
243.7 flowid 186 Spurious 247
245.212 flowid 132 Spurious 295
245.812 flowid 132 Spurious 297
246.144 flowid 132 Spurious 298
246.482 flowid 132 Spurious 299
247.844 flowid 132 Spurious 302
249.303 flowid 132 Spurious 307
249.887 flowid 186 Spurious 257
251.109 flowid 193 Spurious 193
253.552 flowid 153 Spurious 224
257.229 flowid 72 Spurious 263
Flow Uec_19_147 flowId 20 uecSrc 19 finished at 257.582 total messages 1 total packets 490 RTS 0 total bytes 2002140 in_flight now 0 fair_inc 12509 prop_inc 18914 fast_inc 0 eta_inc 12516 multi_dec -75147 quick_dec -0 nack_dec -8300
Flow Uec_189_61 flowId 124 uecSrc 123 finished at 259.281 total messages 1 total packets 490 RTS 0 total bytes 2002140 in_flight now 0 fair_inc 7347 prop_inc 40409 fast_inc 0 eta_inc 11920 multi_dec -87694 quick_dec -0 nack_dec -24900
Flow Uec_108_236 flowId 206 uecSrc 205 finished at 262.354 total messages 1 total packets 490 RTS 0 total bytes 2002140 in_flight now 0 fair_inc 5526 prop_inc 40793 fast_inc 0 eta_inc 12516 multi_dec -90075 quick_dec -0 nack_dec -29050
262.524 flowid 136 Spurious 208
264.531 flowid 72 Spurious 288
266.201 flowid 72 Spurious 295
269.122 flowid 72 Spurious 300
272.782 flowid 72 Spurious 303
282.316 flowid 38 Spurious 239
284.674 flowid 38 Spurious 243
Flow Uec_233_105 flowId 167 uecSrc 166 finished at 285.754 total messages 1 total packets 490 RTS 0 total bytes 2002140 in_flight now 0 fair_inc 5806 prop_inc 43878 fast_inc 0 eta_inc 13708 multi_dec -85213 quick_dec -0 nack_dec -41500
293.974 flowid 172 Spurious 281
297.188 flowid 172 Spurious 278
297.852 flowid 172 Spurious 279
Flow Uec_9_137 flowId 225 uecSrc 224 finished at 298.966 total messages 1 total packets 493 RTS 3 total bytes 2002140 in_flight now 0 fair_inc 23532 prop_inc 39749 fast_inc 0 eta_inc 13708 multi_dec -96650 quick_dec -0 nack_dec -16600
Flow Uec_104_232 flowId 58 uecSrc 57 finished at 303.056 total messages 1 total packets 490 RTS 0 total bytes 2002140 in_flight now 0 fair_inc 7024 prop_inc 28191 fast_inc 0 eta_inc 14304 multi_dec -80910 quick_dec -0 nack_dec -41500
307.561 flowid 42 Spurious 310
Flow Uec_127_255 flowId 142 uecSrc 141 finished at 307.703 total messages 1 total packets 490 RTS 0 total bytes 2002140 in_flight now 0 fair_inc 7884 prop_inc 61206 fast_inc 0 eta_inc 14304 multi_dec -107111 quick_dec -0 nack_dec -45650
Flow Uec_137_9 flowId 201 uecSrc 200 finished at 311.125 total messages 1 total packets 490 RTS 0 total bytes 2002140 in_flight now 0 fair_inc 6861 prop_inc 29017 fast_inc 0 eta_inc 13708 multi_dec -84823 quick_dec -0 nack_dec -33200
312.282 flowid 134 Spurious 452
313.627 flowid 42 Spurious 315
313.942 flowid 134 Spurious 455
Flow Uec_105_233 flowId 229 uecSrc 228 finished at 317.032 total messages 1 total packets 490 RTS 0 total bytes 2002140 in_flight now 0 fair_inc 6484 prop_inc 30436 fast_inc 0 eta_inc 14900 multi_dec -82025 quick_dec -0 nack_dec -45650
320.206 flowid 134 Spurious 468
Flow Uec_170_42 flowId 212 uecSrc 211 finished at 320.63 total messages 1 total packets 490 RTS 0 total bytes 2002140 in_flight now 0 fair_inc 7964 prop_inc 51312 fast_inc 0 eta_inc 14900 multi_dec -102018 quick_dec -0 nack_dec -37350
Flow Uec_15_143 flowId 132 uecSrc 131 finished at 325.968 total messages 1 total packets 493 RTS 3 total bytes 2002140 in_flight now -64 fair_inc 16388 prop_inc 17838 fast_inc 1025 eta_inc 13112 multi_dec -0 quick_dec -157890 nack_dec -12450
328.37 flowid 170 Spurious 284
328.677 flowid 132 Spurious 482
329.009 flowid 132 Spurious 483
Flow Uec_18_146 flowId 134 uecSrc 133 finished at 329.025 total messages 1 total packets 492 RTS 2 total bytes 2002140 in_flight now 0 fair_inc 8135 prop_inc 12809 fast_inc 0 eta_inc 13112 multi_dec -0 quick_dec -0 nack_dec -0
Flow Uec_202_74 flowId 216 uecSrc 215 finished at 329.508 total messages 1 total packets 490 RTS 0 total bytes 2002140 in_flight now 0 fair_inc 4144 prop_inc 27423 fast_inc 0 eta_inc 15496 multi_dec -77857 quick_dec -0 nack_dec -53950
329.673 flowid 132 Spurious 484
330.507 flowid 132 Spurious 486
330.844 flowid 132 Spurious 487
331.321 flowid 132 Spurious 488
331.653 flowid 132 Spurious 489
331.99 flowid 132 Spurious 490
Flow Uec_180_52 flowId 131 uecSrc 130 finished at 334.89 total messages 1 total packets 490 RTS 0 total bytes 2002140 in_flight now 0 fair_inc 12882 prop_inc 37069 fast_inc 0 eta_inc 16092 multi_dec -107324 quick_dec -0 nack_dec -41500
Flow Uec_17_145 flowId 112 uecSrc 111 finished at 336.406 total messages 1 total packets 491 RTS 1 total bytes 2002140 in_flight now 0 fair_inc 14337 prop_inc 34705 fast_inc 0 eta_inc 16092 multi_dec -117355 quick_dec -0 nack_dec -16600
Flow Uec_192_64 flowId 69 uecSrc 68 finished at 339.988 total messages 1 total packets 490 RTS 0 total bytes 2002140 in_flight now 0 fair_inc 15151 prop_inc 30614 fast_inc 0 eta_inc 16092 multi_dec -112927 quick_dec -0 nack_dec -33200
Flow Uec_181_53 flowId 175 uecSrc 174 finished at 340.164 total messages 1 total packets 490 RTS 0 total bytes 2002140 in_flight now 0 fair_inc 4209 prop_inc 28024 fast_inc 0 eta_inc 16092 multi_dec -76720 quick_dec -0 nack_dec -58100
Flow Uec_188_60 flowId 37 uecSrc 36 finished at 341.99 total messages 1 total packets 490 RTS 0 total bytes 2002140 in_flight now 0 fair_inc 15840 prop_inc 37206 fast_inc 0 eta_inc 16092 multi_dec -105204 quick_dec -0 nack_dec -45650
Flow Uec_204_76 flowId 17 uecSrc 16 finished at 344.056 total messages 1 total packets 490 RTS 0 total bytes 2002140 in_flight now 0 fair_inc 5531 prop_inc 37453 fast_inc 0 eta_inc 16092 multi_dec -101552 quick_dec -0 nack_dec -45650
Flow Uec_16_144 flowId 190 uecSrc 189 finished at 347.232 total messages 1 total packets 491 RTS 1 total bytes 2002140 in_flight now 0 fair_inc 17011 prop_inc 34714 fast_inc 0 eta_inc 15496 multi_dec -144317 quick_dec -0 nack_dec -12450
347.372 flowid 72 Spurious 428
347.709 flowid 72 Spurious 440
Flow Uec_231_103 flowId 27 uecSrc 26 finished at 349.146 total messages 1 total packets 490 RTS 0 total bytes 2002140 in_flight now 0 fair_inc 4053 prop_inc 40089 fast_inc 0 eta_inc 16688 multi_dec -117643 quick_dec -0 nack_dec -37350
Flow Uec_142_14 flowId 59 uecSrc 58 finished at 350.628 total messages 1 total packets 490 RTS 0 total bytes 2002140 in_flight now 0 fair_inc 6367 prop_inc 63515 fast_inc 0 eta_inc 16688 multi_dec -104343 quick_dec -0 nack_dec -53950
Flow Uec_28_156 flowId 56 uecSrc 55 finished at 350.861 total messages 1 total packets 491 RTS 1 total bytes 2002140 in_flight now 0 fair_inc 9532 prop_inc 59735 fast_inc 0 eta_inc 14304 multi_dec -156296 quick_dec -0 nack_dec -12450
Flow Uec_238_110 flowId 92 uecSrc 91 finished at 351.02 total messages 1 total packets 490 RTS 0 total bytes 2002140 in_flight now 0 fair_inc 12121 prop_inc 56158 fast_inc 0 eta_inc 16688 multi_dec -142175 quick_dec -0 nack_dec -20750
Flow Uec_110_238 flowId 94 uecSrc 93 finished at 352.777 total messages 1 total packets 490 RTS 0 total bytes 2002140 in_flight now 0 fair_inc 16240 prop_inc 50374 fast_inc 0 eta_inc 16688 multi_dec -107764 quick_dec -0 nack_dec -41500
Flow Uec_61_189 flowId 9 uecSrc 8 finished at 354.853 total messages 1 total packets 490 RTS 0 total bytes 2002140 in_flight now 0 fair_inc 9790 prop_inc 27753 fast_inc 0 eta_inc 17284 multi_dec -68137 quick_dec -0 nack_dec -74700
Flow Uec_34_162 flowId 197 uecSrc 196 finished at 355.757 total messages 1 total packets 496 RTS 6 total bytes 2002140 in_flight now 0 fair_inc 8565 prop_inc 15431 fast_inc 0 eta_inc 14304 multi_dec -433 quick_dec -120801 nack_dec -8300
Flow Uec_65_193 flowId 2 uecSrc 1 finished at 356.762 total messages 1 total packets 490 RTS 0 total bytes 2002140 in_flight now 0 fair_inc 12204 prop_inc 27742 fast_inc 0 eta_inc 16688 multi_dec -60791 quick_dec -0 nack_dec -78850
358.537 flowid 197 Spurious 467
Flow Uec_4_132 flowId 151 uecSrc 150 finished at 359.334 total messages 1 total packets 492 RTS 2 total bytes 2002140 in_flight now 0 fair_inc 10993 prop_inc 49849 fast_inc 0 eta_inc 12516 multi_dec -0 quick_dec -198355 nack_dec -37350
Flow Uec_243_115 flowId 120 uecSrc 119 finished at 360.308 total messages 1 total packets 490 RTS 0 total bytes 2002140 in_flight now 0 fair_inc 4086 prop_inc 47550 fast_inc 0 eta_inc 17284 multi_dec -69912 quick_dec -0 nack_dec -87150
360.55 flowid 197 Spurious 472
Flow Uec_26_154 flowId 48 uecSrc 47 finished at 360.814 total messages 1 total packets 491 RTS 1 total bytes 2002140 in_flight now 0 fair_inc 6906 prop_inc 66858 fast_inc 0 eta_inc 14900 multi_dec -153593 quick_dec -0 nack_dec -20750
361.535 flowid 197 Spurious 475
362.541 flowid 197 Spurious 477
Flow Uec_21_149 flowId 5 uecSrc 4 finished at 363.574 total messages 1 total packets 496 RTS 6 total bytes 2002140 in_flight now -64 fair_inc 29985 prop_inc 17733 fast_inc 0 eta_inc 15496 multi_dec -90366 quick_dec -0 nack_dec -8300
Flow Uec_22_150 flowId 108 uecSrc 107 finished at 364.912 total messages 1 total packets 493 RTS 3 total bytes 2002140 in_flight now 0 fair_inc 8019 prop_inc 39117 fast_inc 0 eta_inc 14304 multi_dec -0 quick_dec -188951 nack_dec -29050
Flow Uec_5_133 flowId 172 uecSrc 171 finished at 365.331 total messages 1 total packets 493 RTS 3 total bytes 2002140 in_flight now 0 fair_inc 23830 prop_inc 43343 fast_inc 0 eta_inc 16092 multi_dec -103331 quick_dec -111032 nack_dec -29050
366.801 flowid 105 Spurious 482
Flow Uec_47_175 flowId 136 uecSrc 135 finished at 369.792 total messages 1 total packets 497 RTS 7 total bytes 2002140 in_flight now -128 fair_inc 17875 prop_inc 46155 fast_inc 0 eta_inc 17284 multi_dec -44940 quick_dec -0 nack_dec -20750
Flow Uec_114_242 flowId 91 uecSrc 90 finished at 376.283 total messages 1 total packets 490 RTS 0 total bytes 2002140 in_flight now 0 fair_inc 12390 prop_inc 95450 fast_inc 0 eta_inc 16688 multi_dec -129986 quick_dec -0 nack_dec -53950
Flow Uec_168_40 flowId 140 uecSrc 139 finished at 377.883 total messages 1 total packets 491 RTS 1 total bytes 2002140 in_flight now 0 fair_inc 9723 prop_inc 67664 fast_inc 0 eta_inc 16688 multi_dec -133860 quick_dec -0 nack_dec -33200
Flow Uec_44_172 flowId 72 uecSrc 71 finished at 378.007 total messages 1 total packets 496 RTS 6 total bytes 2002140 in_flight now 0 fair_inc 9535 prop_inc 41462 fast_inc 0 eta_inc 15496 multi_dec -0 quick_dec -143015 nack_dec -33200
Flow Uec_48_176 flowId 143 uecSrc 142 finished at 381.245 total messages 1 total packets 495 RTS 5 total bytes 2002140 in_flight now 0 fair_inc 23946 prop_inc 21261 fast_inc 0 eta_inc 17284 multi_dec -133561 quick_dec -0 nack_dec -8300
Flow Uec_179_51 flowId 50 uecSrc 49 finished at 381.269 total messages 1 total packets 490 RTS 0 total bytes 2002140 in_flight now 0 fair_inc 3925 prop_inc 101608 fast_inc 0 eta_inc 17284 multi_dec -126453 quick_dec -0 nack_dec -49800
Flow Uec_251_123 flowId 200 uecSrc 199 finished at 386.606 total messages 1 total packets 490 RTS 0 total bytes 2002140 in_flight now 0 fair_inc 9634 prop_inc 30543 fast_inc 0 eta_inc 18476 multi_dec -89140 quick_dec -0 nack_dec -66400
Flow Uec_129_1 flowId 89 uecSrc 88 finished at 388.753 total messages 1 total packets 491 RTS 1 total bytes 2002140 in_flight now 0 fair_inc 6963 prop_inc 79349 fast_inc 0 eta_inc 16688 multi_dec -164161 quick_dec -0 nack_dec -24900
Flow Uec_43_171 flowId 82 uecSrc 81 finished at 390.25 total messages 1 total packets 497 RTS 7 total bytes 2002140 in_flight now 0 fair_inc 21129 prop_inc 61277 fast_inc 11112 eta_inc 17880 multi_dec -121588 quick_dec -0 nack_dec -8300
Flow Uec_102_230 flowId 7 uecSrc 6 finished at 392.15 total messages 1 total packets 490 RTS 0 total bytes 2002140 in_flight now 0 fair_inc 11624 prop_inc 31122 fast_inc 0 eta_inc 19072 multi_dec -105673 quick_dec -0 nack_dec -58100
Flow Uec_228_100 flowId 138 uecSrc 137 finished at 392.671 total messages 1 total packets 490 RTS 0 total bytes 2002140 in_flight now 0 fair_inc 8313 prop_inc 95719 fast_inc 0 eta_inc 17880 multi_dec -124106 quick_dec -0 nack_dec -58100
Flow Uec_248_120 flowId 99 uecSrc 98 finished at 394.692 total messages 1 total packets 490 RTS 0 total bytes 2002140 in_flight now 0 fair_inc 10310 prop_inc 66705 fast_inc 0 eta_inc 17284 multi_dec -154030 quick_dec -0 nack_dec -33200
Flow Uec_241_113 flowId 141 uecSrc 140 finished at 396.016 total messages 1 total packets 490 RTS 0 total bytes 2002140 in_flight now 0 fair_inc 13748 prop_inc 54627 fast_inc 0 eta_inc 17880 multi_dec -110921 quick_dec -0 nack_dec -62250
Flow Uec_85_213 flowId 176 uecSrc 175 finished at 396.498 total messages 1 total packets 490 RTS 0 total bytes 2002140 in_flight now 0 fair_inc 12931 prop_inc 31531 fast_inc 0 eta_inc 18476 multi_dec -64233 quick_dec -0 nack_dec -99600
Flow Uec_32_160 flowId 162 uecSrc 161 finished at 402.217 total messages 1 total packets 494 RTS 4 total bytes 2002140 in_flight now 0 fair_inc 23309 prop_inc 20701 fast_inc 0 eta_inc 17880 multi_dec -104712 quick_dec -0 nack_dec -20750
Flow Uec_254_126 flowId 122 uecSrc 121 finished at 405.362 total messages 1 total packets 490 RTS 0 total bytes 2002140 in_flight now 0 fair_inc 4485 prop_inc 40003 fast_inc 0 eta_inc 19072 multi_dec -83711 quick_dec -0 nack_dec -74700
Flow Uec_38_166 flowId 105 uecSrc 104 finished at 409.397 total messages 1 total packets 494 RTS 4 total bytes 2002140 in_flight now 0 fair_inc 4851 prop_inc 79314 fast_inc 0 eta_inc 14304 multi_dec -0 quick_dec -148574 nack_dec -37350
Flow Uec_246_118 flowId 19 uecSrc 18 finished at 410.736 total messages 1 total packets 490 RTS 0 total bytes 2002140 in_flight now 0 fair_inc 28798 prop_inc 64503 fast_inc 0 eta_inc 18476 multi_dec -121446 quick_dec -0 nack_dec -58100
415.259 flowid 84 Spurious 30
Flow Uec_155_27 flowId 180 uecSrc 179 finished at 418.048 total messages 1 total packets 491 RTS 1 total bytes 2002140 in_flight now 0 fair_inc 11698 prop_inc 43296 fast_inc 0 eta_inc 17880 multi_dec -7891 quick_dec -0 nack_dec -153550
Flow Uec_23_151 flowId 24 uecSrc 23 finished at 423.636 total messages 1 total packets 498 RTS 8 total bytes 2002140 in_flight now -64 fair_inc 15798 prop_inc 8482 fast_inc 0 eta_inc 17284 multi_dec -6980 quick_dec -126029 nack_dec -8300
Flow Uec_30_158 flowId 42 uecSrc 41 finished at 424.528 total messages 1 total packets 498 RTS 8 total bytes 2002140 in_flight now -64 fair_inc 15017 prop_inc 41348 fast_inc 0 eta_inc 17880 multi_dec -0 quick_dec -110713 nack_dec -29050
Flow Uec_25_153 flowId 170 uecSrc 169 finished at 425.436 total messages 1 total packets 499 RTS 9 total bytes 2002140 in_flight now 0 fair_inc 28949 prop_inc 35496 fast_inc 28284 eta_inc 17880 multi_dec -72823 quick_dec -0 nack_dec -16600
Flow Uec_126_254 flowId 73 uecSrc 72 finished at 425.816 total messages 1 total packets 490 RTS 0 total bytes 2002140 in_flight now 0 fair_inc 15431 prop_inc 20285 fast_inc 0 eta_inc 19668 multi_dec -75983 quick_dec -0 nack_dec -99600
Flow Uec_56_184 flowId 158 uecSrc 157 finished at 430.953 total messages 1 total packets 490 RTS 0 total bytes 2002140 in_flight now 0 fair_inc 13732 prop_inc 20097 fast_inc 0 eta_inc 20264 multi_dec -66656 quick_dec -0 nack_dec -103750
Flow Uec_55_183 flowId 130 uecSrc 129 finished at 440.06 total messages 1 total packets 490 RTS 0 total bytes 2002140 in_flight now 0 fair_inc 11868 prop_inc 25557 fast_inc 0 eta_inc 20860 multi_dec -96067 quick_dec -0 nack_dec -87150
Flow Uec_42_170 flowId 139 uecSrc 138 finished at 444.887 total messages 1 total packets 494 RTS 4 total bytes 2002140 in_flight now 0 fair_inc 41535 prop_inc 28290 fast_inc 0 eta_inc 20264 multi_dec -157219 quick_dec -0 nack_dec -20750
Flow Uec_31_159 flowId 38 uecSrc 37 finished at 444.912 total messages 1 total packets 497 RTS 7 total bytes 2002140 in_flight now 0 fair_inc 35145 prop_inc 23362 fast_inc 0 eta_inc 20264 multi_dec -139565 quick_dec -0 nack_dec -20750
Flow Uec_121_249 flowId 95 uecSrc 94 finished at 445.63 total messages 1 total packets 490 RTS 0 total bytes 2002140 in_flight now 0 fair_inc 13313 prop_inc 33840 fast_inc 0 eta_inc 21456 multi_dec -70462 quick_dec -0 nack_dec -112050
Flow Uec_41_169 flowId 186 uecSrc 185 finished at 454.328 total messages 1 total packets 498 RTS 8 total bytes 2002140 in_flight now 0 fair_inc 29275 prop_inc 47665 fast_inc 0 eta_inc 19072 multi_dec -104627 quick_dec -109978 nack_dec -24900
458.189 flowid 153 Spurious 479
Flow Uec_92_220 flowId 198 uecSrc 197 finished at 468.737 total messages 1 total packets 490 RTS 0 total bytes 2002140 in_flight now 0 fair_inc 11498 prop_inc 17062 fast_inc 0 eta_inc 21456 multi_dec -82721 quick_dec -0 nack_dec -87150
Flow Uec_208_80 flowId 164 uecSrc 163 finished at 471.629 total messages 1 total packets 490 RTS 0 total bytes 2002140 in_flight now 0 fair_inc 19477 prop_inc 15365 fast_inc 0 eta_inc 22052 multi_dec -60011 quick_dec -0 nack_dec -120350
Flow Uec_225_97 flowId 188 uecSrc 187 finished at 476.584 total messages 1 total packets 490 RTS 0 total bytes 2002140 in_flight now 0 fair_inc 16748 prop_inc 15390 fast_inc 0 eta_inc 22648 multi_dec -50387 quick_dec -0 nack_dec -116200
Flow Uec_119_247 flowId 52 uecSrc 51 finished at 478.042 total messages 1 total packets 490 RTS 0 total bytes 2002140 in_flight now 0 fair_inc 25699 prop_inc 10804 fast_inc 0 eta_inc 22052 multi_dec -87116 quick_dec -0 nack_dec -91300
Flow Uec_134_6 flowId 195 uecSrc 194 finished at 478.952 total messages 1 total packets 491 RTS 1 total bytes 2002140 in_flight now 0 fair_inc 38618 prop_inc 23434 fast_inc 0 eta_inc 20860 multi_dec -122669 quick_dec -0 nack_dec -87150
Flow Uec_12_140 flowId 153 uecSrc 152 finished at 479.244 total messages 1 total packets 495 RTS 5 total bytes 2002140 in_flight now 0 fair_inc 34529 prop_inc 56951 fast_inc 0 eta_inc 19668 multi_dec -117533 quick_dec -109557 nack_dec -24900
Flow Uec_27_155 flowId 223 uecSrc 222 finished at 482.134 total messages 1 total packets 493 RTS 3 total bytes 2002140 in_flight now 0 fair_inc 32682 prop_inc 22470 fast_inc 0 eta_inc 22052 multi_dec -174230 quick_dec -0 nack_dec -16600
Flow Uec_52_180 flowId 181 uecSrc 180 finished at 485.198 total messages 1 total packets 490 RTS 0 total bytes 2002140 in_flight now 0 fair_inc 19076 prop_inc 30699 fast_inc 0 eta_inc 20860 multi_dec -91019 quick_dec -0 nack_dec -99600
Flow Uec_20_148 flowId 184 uecSrc 183 finished at 486.438 total messages 1 total packets 496 RTS 6 total bytes 2002140 in_flight now -64 fair_inc 14902 prop_inc 34008 fast_inc 0 eta_inc 20264 multi_dec -133141 quick_dec -0 nack_dec -8300
487.158 flowid 61 Spurious 482
487.49 flowid 61 Spurious 483
Flow Uec_197_69 flowId 53 uecSrc 52 finished at 489.34 total messages 1 total packets 490 RTS 0 total bytes 2002140 in_flight now 0 fair_inc 28499 prop_inc 12530 fast_inc 0 eta_inc 22648 multi_dec -105663 quick_dec -0 nack_dec -78850
Flow Uec_123_251 flowId 31 uecSrc 30 finished at 490.16 total messages 1 total packets 490 RTS 0 total bytes 2002140 in_flight now 0 fair_inc 14119 prop_inc 15524 fast_inc 0 eta_inc 23244 multi_dec -55206 quick_dec -0 nack_dec -120350
491.552 flowid 61 Spurious 485
Flow Uec_60_188 flowId 192 uecSrc 191 finished at 493.861 total messages 1 total packets 490 RTS 0 total bytes 2002140 in_flight now 0 fair_inc 14906 prop_inc 13830 fast_inc 0 eta_inc 23244 multi_dec -34642 quick_dec -0 nack_dec -136950
Flow Uec_164_36 flowId 28 uecSrc 27 finished at 494.139 total messages 1 total packets 491 RTS 1 total bytes 2002140 in_flight now 0 fair_inc 17599 prop_inc 28305 fast_inc 0 eta_inc 22052 multi_dec -102081 quick_dec -0 nack_dec -99600
Flow Uec_86_214 flowId 169 uecSrc 168 finished at 495.637 total messages 1 total packets 490 RTS 0 total bytes 2002140 in_flight now 0 fair_inc 27014 prop_inc 15698 fast_inc 0 eta_inc 23244 multi_dec -90811 quick_dec -0 nack_dec -103750
Flow Uec_72_200 flowId 196 uecSrc 195 finished at 495.765 total messages 1 total packets 490 RTS 0 total bytes 2002140 in_flight now 0 fair_inc 27393 prop_inc 23723 fast_inc 0 eta_inc 23244 multi_dec -77524 quick_dec -0 nack_dec -107900
Flow Uec_172_44 flowId 62 uecSrc 61 finished at 496.929 total messages 1 total packets 490 RTS 0 total bytes 2002140 in_flight now 0 fair_inc 9150 prop_inc 32736 fast_inc 0 eta_inc 22052 multi_dec -84794 quick_dec -0 nack_dec -103750
Flow Uec_214_86 flowId 35 uecSrc 34 finished at 500.31 total messages 1 total packets 490 RTS 0 total bytes 2002140 in_flight now 0 fair_inc 19744 prop_inc 22112 fast_inc 0 eta_inc 22648 multi_dec -108299 quick_dec -0 nack_dec -83000
Flow Uec_94_222 flowId 113 uecSrc 112 finished at 501.215 total messages 1 total packets 490 RTS 0 total bytes 2002140 in_flight now 0 fair_inc 24471 prop_inc 13550 fast_inc 0 eta_inc 23840 multi_dec -67999 quick_dec -0 nack_dec -112050
Flow Uec_54_182 flowId 86 uecSrc 85 finished at 501.349 total messages 1 total packets 490 RTS 0 total bytes 2002140 in_flight now 0 fair_inc 12297 prop_inc 33699 fast_inc 0 eta_inc 22648 multi_dec -146456 quick_dec -0 nack_dec -62250
Flow Uec_0_128 flowId 193 uecSrc 192 finished at 505.097 total messages 1 total packets 503 RTS 13 total bytes 2002140 in_flight now 0 fair_inc 34372 prop_inc 49719 fast_inc 0 eta_inc 20264 multi_dec -66181 quick_dec -92358 nack_dec -33200
Flow Uec_219_91 flowId 78 uecSrc 77 finished at 508.187 total messages 1 total packets 490 RTS 0 total bytes 2002140 in_flight now 0 fair_inc 10127 prop_inc 36739 fast_inc 0 eta_inc 23840 multi_dec -72149 quick_dec -0 nack_dec -112050
Flow Uec_96_224 flowId 208 uecSrc 207 finished at 509.647 total messages 1 total packets 490 RTS 0 total bytes 2002140 in_flight now 0 fair_inc 26519 prop_inc 68314 fast_inc 0 eta_inc 23244 multi_dec -136169 quick_dec -0 nack_dec -87150
Flow Uec_167_39 flowId 222 uecSrc 221 finished at 509.729 total messages 1 total packets 492 RTS 2 total bytes 2002140 in_flight now 0 fair_inc 34140 prop_inc 49206 fast_inc 0 eta_inc 21456 multi_dec -117332 quick_dec -0 nack_dec -62250
Flow Uec_76_204 flowId 116 uecSrc 115 finished at 509.807 total messages 1 total packets 490 RTS 0 total bytes 2002140 in_flight now 0 fair_inc 9345 prop_inc 21376 fast_inc 0 eta_inc 20860 multi_dec -80109 quick_dec -0 nack_dec -95450
Flow Uec_88_216 flowId 159 uecSrc 158 finished at 511.346 total messages 1 total packets 490 RTS 0 total bytes 2002140 in_flight now 0 fair_inc 26567 prop_inc 31953 fast_inc 0 eta_inc 23244 multi_dec -67127 quick_dec -0 nack_dec -124500
Flow Uec_140_12 flowId 207 uecSrc 206 finished at 511.45 total messages 1 total packets 490 RTS 0 total bytes 2002140 in_flight now 0 fair_inc 17059 prop_inc 42963 fast_inc 0 eta_inc 22648 multi_dec -121654 quick_dec -0 nack_dec -91300
Flow Uec_158_30 flowId 81 uecSrc 80 finished at 512.15 total messages 1 total packets 491 RTS 1 total bytes 2002140 in_flight now 0 fair_inc 14585 prop_inc 40579 fast_inc 2509 eta_inc 23244 multi_dec -118221 quick_dec -0 nack_dec -74700
Flow Uec_161_33 flowId 70 uecSrc 69 finished at 513.17 total messages 1 total packets 490 RTS 0 total bytes 2002140 in_flight now 0 fair_inc 26798 prop_inc 18658 fast_inc 0 eta_inc 23244 multi_dec -21133 quick_dec -0 nack_dec -170150
Flow Uec_64_192 flowId 128 uecSrc 127 finished at 514.708 total messages 1 total packets 490 RTS 0 total bytes 2002140 in_flight now 0 fair_inc 17549 prop_inc 16498 fast_inc 0 eta_inc 22648 multi_dec -51990 quick_dec -0 nack_dec -124500
Flow Uec_177_49 flowId 220 uecSrc 219 finished at 514.753 total messages 1 total packets 490 RTS 0 total bytes 2002140 in_flight now 0 fair_inc 41951 prop_inc 17635 fast_inc 0 eta_inc 23840 multi_dec -45911 quick_dec -0 nack_dec -157700
Flow Uec_97_225 flowId 100 uecSrc 99 finished at 515.719 total messages 1 total packets 490 RTS 0 total bytes 2002140 in_flight now 0 fair_inc 36097 prop_inc 66195 fast_inc 0 eta_inc 23244 multi_dec -112684 quick_dec -0 nack_dec -116200
Flow Uec_50_178 flowId 189 uecSrc 188 finished at 516.959 total messages 1 total packets 490 RTS 0 total bytes 2002140 in_flight now 0 fair_inc 24401 prop_inc 17929 fast_inc 0 eta_inc 23244 multi_dec -73406 quick_dec -0 nack_dec -116200
Flow Uec_159_31 flowId 3 uecSrc 2 finished at 518.844 total messages 1 total packets 492 RTS 2 total bytes 2002140 in_flight now 0 fair_inc 28043 prop_inc 14343 fast_inc 0 eta_inc 23244 multi_dec -19146 quick_dec -0 nack_dec -141100
Flow Uec_120_248 flowId 219 uecSrc 218 finished at 519.527 total messages 1 total packets 490 RTS 0 total bytes 2002140 in_flight now 0 fair_inc 19461 prop_inc 25358 fast_inc 31803 eta_inc 23840 multi_dec -87846 quick_dec -0 nack_dec -107900
Flow Uec_212_84 flowId 39 uecSrc 38 finished at 520.049 total messages 1 total packets 490 RTS 0 total bytes 2002140 in_flight now 0 fair_inc 24111 prop_inc 34813 fast_inc 0 eta_inc 22052 multi_dec -74541 quick_dec -0 nack_dec -120350
Flow Uec_131_3 flowId 6 uecSrc 5 finished at 520.642 total messages 1 total packets 492 RTS 2 total bytes 2002140 in_flight now 0 fair_inc 21252 prop_inc 35433 fast_inc 0 eta_inc 23840 multi_dec -89522 quick_dec -0 nack_dec -103750
Flow Uec_117_245 flowId 135 uecSrc 134 finished at 523.077 total messages 1 total packets 490 RTS 0 total bytes 2002140 in_flight now 0 fair_inc 14968 prop_inc 35378 fast_inc 167168 eta_inc 21456 multi_dec -109321 quick_dec -0 nack_dec -99600
Flow Uec_166_38 flowId 41 uecSrc 40 finished at 523.646 total messages 1 total packets 490 RTS 0 total bytes 2002140 in_flight now 0 fair_inc 23526 prop_inc 74414 fast_inc 0 eta_inc 23244 multi_dec -169338 quick_dec -0 nack_dec -53950
Flow Uec_247_119 flowId 114 uecSrc 113 finished at 524.396 total messages 1 total packets 490 RTS 0 total bytes 2002140 in_flight now 0 fair_inc 22949 prop_inc 28981 fast_inc 0 eta_inc 23840 multi_dec -38851 quick_dec -0 nack_dec -170150
Flow Uec_145_17 flowId 221 uecSrc 220 finished at 535.843 total messages 1 total packets 491 RTS 1 total bytes 2002140 in_flight now 0 fair_inc 20977 prop_inc 3992 fast_inc 0 eta_inc 25032 multi_dec -7966 quick_dec -0 nack_dec -145250
Flow Uec_253_125 flowId 137 uecSrc 136 finished at 542.495 total messages 1 total packets 490 RTS 0 total bytes 2002140 in_flight now 0 fair_inc 11933 prop_inc 38182 fast_inc 0 eta_inc 23840 multi_dec -85703 quick_dec -0 nack_dec -112050
Flow Uec_33_161 flowId 22 uecSrc 21 finished at 544.904 total messages 1 total packets 492 RTS 2 total bytes 2002140 in_flight now 0 fair_inc 25991 prop_inc 66436 fast_inc 0 eta_inc 24436 multi_dec -203060 quick_dec -0 nack_dec -8300
Flow Uec_62_190 flowId 157 uecSrc 156 finished at 546.878 total messages 1 total packets 490 RTS 0 total bytes 2002140 in_flight now 0 fair_inc 24406 prop_inc 62192 fast_inc 0 eta_inc 22052 multi_dec -9892 quick_dec -18735 nack_dec -182600
Flow Uec_216_88 flowId 97 uecSrc 96 finished at 552.568 total messages 1 total packets 490 RTS 0 total bytes 2002140 in_flight now 0 fair_inc 30281 prop_inc 7047 fast_inc 0 eta_inc 25628 multi_dec -31033 quick_dec -0 nack_dec -153550
Flow Uec_232_104 flowId 66 uecSrc 65 finished at 558.104 total messages 1 total packets 490 RTS 0 total bytes 2002140 in_flight now 0 fair_inc 27828 prop_inc 18719 fast_inc 0 eta_inc 23840 multi_dec -33581 quick_dec -0 nack_dec -166000
Flow Uec_156_28 flowId 152 uecSrc 151 finished at 558.136 total messages 1 total packets 492 RTS 2 total bytes 2002140 in_flight now 0 fair_inc 38856 prop_inc 4183 fast_inc 0 eta_inc 25032 multi_dec -67911 quick_dec -0 nack_dec -141100
Flow Uec_67_195 flowId 217 uecSrc 216 finished at 560.235 total messages 1 total packets 490 RTS 0 total bytes 2002140 in_flight now 0 fair_inc 38278 prop_inc 85392 fast_inc 0 eta_inc 20264 multi_dec -21823 quick_dec -11622 nack_dec -182600
Flow Uec_201_73 flowId 29 uecSrc 28 finished at 560.574 total messages 1 total packets 490 RTS 0 total bytes 2002140 in_flight now 0 fair_inc 40068 prop_inc 11295 fast_inc 0 eta_inc 26224 multi_dec -33215 quick_dec -0 nack_dec -166000
Flow Uec_255_127 flowId 57 uecSrc 56 finished at 562.878 total messages 1 total packets 490 RTS 0 total bytes 2002140 in_flight now 0 fair_inc 20245 prop_inc 40908 fast_inc 15641 eta_inc 25032 multi_dec -128646 quick_dec -0 nack_dec -87150
Flow Uec_70_198 flowId 25 uecSrc 24 finished at 572.286 total messages 1 total packets 490 RTS 0 total bytes 2002140 in_flight now 0 fair_inc 29911 prop_inc 4923 fast_inc 0 eta_inc 20860 multi_dec -59119 quick_dec -0 nack_dec -141100
Flow Uec_3_131 flowId 228 uecSrc 227 finished at 572.781 total messages 1 total packets 507 RTS 17 total bytes 2002140 in_flight now -128 fair_inc 28271 prop_inc 64182 fast_inc 0 eta_inc 23244 multi_dec -27479 quick_dec -67550 nack_dec -29050
Flow Uec_37_165 flowId 79 uecSrc 78 finished at 577.575 total messages 1 total packets 497 RTS 7 total bytes 2002140 in_flight now -64 fair_inc 8317 prop_inc 56920 fast_inc 0 eta_inc 16688 multi_dec -0 quick_dec -157226 nack_dec -24900
Flow Uec_45_173 flowId 218 uecSrc 217 finished at 582.914 total messages 1 total packets 492 RTS 2 total bytes 2002140 in_flight now 0 fair_inc 31831 prop_inc 79797 fast_inc 61622 eta_inc 22648 multi_dec -134015 quick_dec -3139 nack_dec -12450
Flow Uec_190_62 flowId 13 uecSrc 12 finished at 583.738 total messages 1 total packets 490 RTS 0 total bytes 2002140 in_flight now 0 fair_inc 32913 prop_inc 32661 fast_inc 0 eta_inc 25628 multi_dec -89920 quick_dec -0 nack_dec -124500
Flow Uec_29_157 flowId 183 uecSrc 182 finished at 585.279 total messages 1 total packets 495 RTS 5 total bytes 2002140 in_flight now 0 fair_inc 14796 prop_inc 71548 fast_inc 61101 eta_inc 24436 multi_dec -159231 quick_dec -0 nack_dec -29050
Flow Uec_139_11 flowId 36 uecSrc 35 finished at 588.289 total messages 1 total packets 490 RTS 0 total bytes 2002140 in_flight now 0 fair_inc 46257 prop_inc 21027 fast_inc 0 eta_inc 27416 multi_dec -60513 quick_dec -0 nack_dec -141100
590.581 flowid 84 Spurious 34
Flow Uec_95_223 flowId 191 uecSrc 190 finished at 595.839 total messages 1 total packets 490 RTS 0 total bytes 2002140 in_flight now 0 fair_inc 48132 prop_inc 5726 fast_inc 0 eta_inc 27416 multi_dec -55140 quick_dec -0 nack_dec -153550
Flow Uec_171_43 flowId 55 uecSrc 54 finished at 600.336 total messages 1 total packets 493 RTS 3 total bytes 2002140 in_flight now 0 fair_inc 46232 prop_inc 4743 fast_inc 0 eta_inc 27416 multi_dec -55032 quick_dec -0 nack_dec -145250
Flow Uec_178_50 flowId 173 uecSrc 172 finished at 600.524 total messages 1 total packets 490 RTS 0 total bytes 2002140 in_flight now 0 fair_inc 51680 prop_inc 4191 fast_inc 0 eta_inc 26820 multi_dec -83483 quick_dec -0 nack_dec -132800
Flow Uec_1_129 flowId 18 uecSrc 17 finished at 603.234 total messages 1 total packets 501 RTS 11 total bytes 2002140 in_flight now 0 fair_inc 37898 prop_inc 62271 fast_inc 0 eta_inc 21456 multi_dec -80456 quick_dec -90094 nack_dec -20750
Flow Uec_183_55 flowId 174 uecSrc 173 finished at 609.108 total messages 1 total packets 490 RTS 0 total bytes 2002140 in_flight now 0 fair_inc 36303 prop_inc 9095 fast_inc 0 eta_inc 26820 multi_dec -53179 quick_dec -0 nack_dec -145250
Flow Uec_184_56 flowId 63 uecSrc 62 finished at 614.964 total messages 1 total packets 490 RTS 0 total bytes 2002140 in_flight now 0 fair_inc 32038 prop_inc 8428 fast_inc 0 eta_inc 28608 multi_dec -54710 quick_dec -0 nack_dec -145250
Flow Uec_196_68 flowId 129 uecSrc 128 finished at 622.665 total messages 1 total packets 490 RTS 0 total bytes 2002140 in_flight now 0 fair_inc 42919 prop_inc 6023 fast_inc 0 eta_inc 28012 multi_dec -73175 quick_dec -0 nack_dec -149400
Flow Uec_132_4 flowId 106 uecSrc 105 finished at 625.042 total messages 1 total packets 490 RTS 0 total bytes 2002140 in_flight now 0 fair_inc 37125 prop_inc 34593 fast_inc 0 eta_inc 28012 multi_dec -54523 quick_dec -0 nack_dec -166000
Flow Uec_237_109 flowId 148 uecSrc 147 finished at 625.184 total messages 1 total packets 490 RTS 0 total bytes 2002140 in_flight now 0 fair_inc 42275 prop_inc 18663 fast_inc 0 eta_inc 28012 multi_dec -91321 quick_dec -0 nack_dec -149400
Flow Uec_6_134 flowId 61 uecSrc 60 finished at 626.558 total messages 1 total packets 501 RTS 11 total bytes 2002140 in_flight now -64 fair_inc 14289 prop_inc 68113 fast_inc 0 eta_inc 20264 multi_dec -0 quick_dec -112015 nack_dec -45650
Flow Uec_213_85 flowId 30 uecSrc 29 finished at 631.115 total messages 1 total packets 490 RTS 0 total bytes 2002140 in_flight now 0 fair_inc 44705 prop_inc 5097 fast_inc 0 eta_inc 28012 multi_dec -54037 quick_dec -0 nack_dec -166000
Flow Uec_162_34 flowId 101 uecSrc 100 finished at 639.352 total messages 1 total packets 491 RTS 1 total bytes 2002140 in_flight now 0 fair_inc 35817 prop_inc 8394 fast_inc 0 eta_inc 27416 multi_dec -29131 quick_dec -0 nack_dec -174300
Flow Uec_230_102 flowId 54 uecSrc 53 finished at 644.829 total messages 1 total packets 490 RTS 0 total bytes 2002140 in_flight now 0 fair_inc 28436 prop_inc 22256 fast_inc 0 eta_inc 23840 multi_dec -26231 quick_dec -11695 nack_dec -178450
Flow Uec_234_106 flowId 75 uecSrc 74 finished at 650.006 total messages 1 total packets 490 RTS 0 total bytes 2002140 in_flight now 0 fair_inc 12660 prop_inc 34199 fast_inc 0 eta_inc 28608 multi_dec -100596 quick_dec -0 nack_dec -112050
Flow Uec_227_99 flowId 203 uecSrc 202 finished at 650.133 total messages 1 total packets 490 RTS 0 total bytes 2002140 in_flight now 0 fair_inc 41777 prop_inc 35179 fast_inc 0 eta_inc 26224 multi_dec -20501 quick_dec -2731 nack_dec -195050
Flow Uec_148_20 flowId 125 uecSrc 124 finished at 652.763 total messages 1 total packets 490 RTS 0 total bytes 2002140 in_flight now 0 fair_inc 33631 prop_inc 88141 fast_inc 3030 eta_inc 26820 multi_dec -152665 quick_dec -0 nack_dec -95450
Flow Uec_193_65 flowId 154 uecSrc 153 finished at 655.564 total messages 1 total packets 490 RTS 0 total bytes 2002140 in_flight now 0 fair_inc 54947 prop_inc 61864 fast_inc 0 eta_inc 23840 multi_dec -135546 quick_dec -0 nack_dec -103750
Flow Uec_154_26 flowId 179 uecSrc 178 finished at 672.229 total messages 1 total packets 491 RTS 1 total bytes 2002140 in_flight now 0 fair_inc 23909 prop_inc 39651 fast_inc 0 eta_inc 30396 multi_dec -83146 quick_dec -0 nack_dec -120350
Flow Uec_244_116 flowId 33 uecSrc 32 finished at 672.448 total messages 1 total packets 490 RTS 0 total bytes 2002140 in_flight now 0 fair_inc 31385 prop_inc 44946 fast_inc 0 eta_inc 25032 multi_dec -133239 quick_dec -0 nack_dec -99600
Flow Uec_195_67 flowId 115 uecSrc 114 finished at 678.129 total messages 1 total packets 490 RTS 0 total bytes 2002140 in_flight now 0 fair_inc 31272 prop_inc 72849 fast_inc 15642 eta_inc 27416 multi_dec -106762 quick_dec -0 nack_dec -136950
Flow Uec_77_205 flowId 102 uecSrc 101 finished at 683.435 total messages 1 total packets 490 RTS 0 total bytes 2002140 in_flight now 0 fair_inc 58635 prop_inc 1644 fast_inc 0 eta_inc 31588 multi_dec -62976 quick_dec -0 nack_dec -178450
Flow Uec_186_58 flowId 118 uecSrc 117 finished at 688.424 total messages 1 total packets 490 RTS 0 total bytes 2002140 in_flight now 0 fair_inc 38017 prop_inc 50930 fast_inc 0 eta_inc 30396 multi_dec -111749 quick_dec -0 nack_dec -124500
Flow Uec_221_93 flowId 10 uecSrc 9 finished at 690.326 total messages 1 total packets 490 RTS 0 total bytes 2002140 in_flight now 0 fair_inc 32464 prop_inc 69103 fast_inc 0 eta_inc 24436 multi_dec -126082 quick_dec -0 nack_dec -107900
Flow Uec_98_226 flowId 45 uecSrc 44 finished at 693.259 total messages 1 total packets 490 RTS 0 total bytes 2002140 in_flight now 0 fair_inc 68523 prop_inc 1677 fast_inc 0 eta_inc 31588 multi_dec -86187 quick_dec -0 nack_dec -178450
Flow Uec_220_92 flowId 133 uecSrc 132 finished at 694.218 total messages 1 total packets 490 RTS 0 total bytes 2002140 in_flight now 0 fair_inc 39961 prop_inc 72827 fast_inc 0 eta_inc 27416 multi_dec -140512 quick_dec -0 nack_dec -112050
Flow Uec_182_54 flowId 21 uecSrc 20 finished at 698.736 total messages 1 total packets 490 RTS 0 total bytes 2002140 in_flight now 0 fair_inc 41739 prop_inc 56909 fast_inc 0 eta_inc 29204 multi_dec -120448 quick_dec -0 nack_dec -132800
Flow Uec_153_25 flowId 77 uecSrc 76 finished at 710.622 total messages 1 total packets 491 RTS 1 total bytes 2002140 in_flight now 0 fair_inc 38039 prop_inc 81465 fast_inc 105552 eta_inc 25032 multi_dec -163981 quick_dec -22842 nack_dec -66400
Flow Uec_194_66 flowId 76 uecSrc 75 finished at 719.597 total messages 1 total packets 490 RTS 0 total bytes 2002140 in_flight now 0 fair_inc 61733 prop_inc 16225 fast_inc 0 eta_inc 32184 multi_dec -90504 quick_dec -0 nack_dec -166000
Flow Uec_39_167 flowId 178 uecSrc 177 finished at 724.553 total messages 1 total packets 513 RTS 23 total bytes 2002140 in_flight now -192 fair_inc 2112 prop_inc 100682 fast_inc 0 eta_inc 26820 multi_dec -0 quick_dec -51010 nack_dec -37350
Flow Uec_173_45 flowId 160 uecSrc 159 finished at 730.927 total messages 1 total packets 491 RTS 1 total bytes 2002140 in_flight now 0 fair_inc 35560 prop_inc 9868 fast_inc 0 eta_inc 31588 multi_dec -112772 quick_dec -0 nack_dec -116200
Flow Uec_144_16 flowId 161 uecSrc 160 finished at 738.445 total messages 1 total packets 491 RTS 1 total bytes 2002140 in_flight now 0 fair_inc 46626 prop_inc 4392 fast_inc 0 eta_inc 30992 multi_dec -77251 quick_dec -0 nack_dec -136950
Flow Uec_240_112 flowId 165 uecSrc 164 finished at 745.644 total messages 1 total packets 490 RTS 0 total bytes 2002140 in_flight now 0 fair_inc 22774 prop_inc 40600 fast_inc 159095 eta_inc 26224 multi_dec -119078 quick_dec -7210 nack_dec -112050
Flow Uec_58_186 flowId 68 uecSrc 67 finished at 752.13 total messages 1 total packets 490 RTS 0 total bytes 2002140 in_flight now 0 fair_inc 36019 prop_inc 6080 fast_inc 0 eta_inc 33376 multi_dec -54158 quick_dec -0 nack_dec -178450
Flow Uec_141_13 flowId 168 uecSrc 167 finished at 766.862 total messages 1 total packets 490 RTS 0 total bytes 2002140 in_flight now 0 fair_inc 40059 prop_inc 12001 fast_inc 0 eta_inc 32780 multi_dec -51224 quick_dec -0 nack_dec -157700
Flow Uec_191_63 flowId 109 uecSrc 108 finished at 775.136 total messages 1 total packets 490 RTS 0 total bytes 2002140 in_flight now 0 fair_inc 45221 prop_inc 22426 fast_inc 0 eta_inc 33376 multi_dec -71405 quick_dec -0 nack_dec -166000
Flow Uec_199_71 flowId 210 uecSrc 209 finished at 779.302 total messages 1 total packets 490 RTS 0 total bytes 2002140 in_flight now 0 fair_inc 47350 prop_inc 3889 fast_inc 0 eta_inc 22648 multi_dec -27859 quick_dec -0 nack_dec -190900
Flow Uec_66_194 flowId 103 uecSrc 102 finished at 782.309 total messages 1 total packets 490 RTS 0 total bytes 2002140 in_flight now 0 fair_inc 73552 prop_inc 7932 fast_inc 0 eta_inc 34568 multi_dec -114037 quick_dec -0 nack_dec -153550
Flow Uec_215_87 flowId 194 uecSrc 193 finished at 792.432 total messages 1 total packets 490 RTS 0 total bytes 2002140 in_flight now 0 fair_inc 52778 prop_inc 4385 fast_inc 0 eta_inc 35164 multi_dec -83867 quick_dec -0 nack_dec -174300
Flow Uec_176_48 flowId 90 uecSrc 89 finished at 794.648 total messages 1 total packets 491 RTS 1 total bytes 2002140 in_flight now 0 fair_inc 26615 prop_inc 58899 fast_inc 34348 eta_inc 32780 multi_dec -89248 quick_dec -0 nack_dec -149400
Flow Uec_49_177 flowId 127 uecSrc 126 finished at 796.746 total messages 1 total packets 490 RTS 0 total bytes 2002140 in_flight now 0 fair_inc 54043 prop_inc 15259 fast_inc 0 eta_inc 25628 multi_dec -87375 quick_dec -0 nack_dec -149400
Flow Uec_235_107 flowId 93 uecSrc 92 finished at 797.089 total messages 1 total packets 490 RTS 0 total bytes 2002140 in_flight now 0 fair_inc 27917 prop_inc 110092 fast_inc 0 eta_inc 28012 multi_dec -116516 quick_dec -9948 nack_dec -124500
Flow Uec_80_208 flowId 199 uecSrc 198 finished at 801.771 total messages 1 total packets 490 RTS 0 total bytes 2002140 in_flight now 0 fair_inc 52584 prop_inc 32768 fast_inc 0 eta_inc 31588 multi_dec -93668 quick_dec -0 nack_dec -149400
Flow Uec_51_179 flowId 145 uecSrc 144 finished at 810.994 total messages 1 total packets 490 RTS 0 total bytes 2002140 in_flight now 0 fair_inc 61269 prop_inc 22356 fast_inc 0 eta_inc 30396 multi_dec -101463 quick_dec -0 nack_dec -166000
Flow Uec_206_78 flowId 126 uecSrc 125 finished at 813.269 total messages 1 total packets 490 RTS 0 total bytes 2002140 in_flight now 0 fair_inc 59437 prop_inc 32513 fast_inc 0 eta_inc 28608 multi_dec -105276 quick_dec -0 nack_dec -141100
Flow Uec_185_57 flowId 43 uecSrc 42 finished at 830.966 total messages 1 total packets 490 RTS 0 total bytes 2002140 in_flight now 0 fair_inc 32598 prop_inc 53671 fast_inc 0 eta_inc 33972 multi_dec -85565 quick_dec -0 nack_dec -153550
Flow Uec_205_77 flowId 11 uecSrc 10 finished at 831.752 total messages 1 total packets 490 RTS 0 total bytes 2002140 in_flight now 0 fair_inc 69187 prop_inc 35108 fast_inc 0 eta_inc 28608 multi_dec -112187 quick_dec -0 nack_dec -145250
Flow Uec_187_59 flowId 44 uecSrc 43 finished at 834.794 total messages 1 total packets 490 RTS 0 total bytes 2002140 in_flight now 0 fair_inc 31715 prop_inc 57967 fast_inc 0 eta_inc 35760 multi_dec -94397 quick_dec -0 nack_dec -141100
Flow Uec_78_206 flowId 71 uecSrc 70 finished at 837.908 total messages 1 total packets 490 RTS 0 total bytes 2002140 in_flight now 0 fair_inc 59283 prop_inc 38172 fast_inc 0 eta_inc 27416 multi_dec -39253 quick_dec -77789 nack_dec -136950
Flow Uec_79_207 flowId 182 uecSrc 181 finished at 839.398 total messages 1 total packets 490 RTS 0 total bytes 2002140 in_flight now 0 fair_inc 52585 prop_inc 39282 fast_inc 0 eta_inc 36952 multi_dec -98639 quick_dec -0 nack_dec -153550
Flow Uec_217_89 flowId 67 uecSrc 66 finished at 841.441 total messages 1 total packets 490 RTS 0 total bytes 2002140 in_flight now 0 fair_inc 44065 prop_inc 6835 fast_inc 0 eta_inc 37548 multi_dec -108772 quick_dec -0 nack_dec -145250
Flow Uec_224_96 flowId 187 uecSrc 186 finished at 848.924 total messages 1 total packets 490 RTS 0 total bytes 2002140 in_flight now 0 fair_inc 39999 prop_inc 47892 fast_inc 18671 eta_inc 35760 multi_dec -110174 quick_dec -0 nack_dec -149400
Flow Uec_198_70 flowId 156 uecSrc 155 finished at 849.511 total messages 1 total packets 490 RTS 0 total bytes 2002140 in_flight now 0 fair_inc 55319 prop_inc 5268 fast_inc 0 eta_inc 25032 multi_dec -49259 quick_dec -5093 nack_dec -190900
Flow Uec_89_217 flowId 185 uecSrc 184 finished at 852.193 total messages 1 total packets 490 RTS 0 total bytes 2002140 in_flight now 0 fair_inc 59366 prop_inc 5663 fast_inc 0 eta_inc 36952 multi_dec -94435 quick_dec -0 nack_dec -166000
Flow Uec_143_15 flowId 119 uecSrc 118 finished at 856.994 total messages 1 total packets 490 RTS 0 total bytes 2002140 in_flight now 0 fair_inc 41137 prop_inc 45187 fast_inc 0 eta_inc 29204 multi_dec -30560 quick_dec -70795 nack_dec -161850
Flow Uec_136_8 flowId 121 uecSrc 120 finished at 859.421 total messages 1 total packets 490 RTS 0 total bytes 2002140 in_flight now 0 fair_inc 69910 prop_inc 76726 fast_inc 0 eta_inc 31588 multi_dec -145826 quick_dec -5206 nack_dec -136950
Flow Uec_160_32 flowId 205 uecSrc 204 finished at 865.128 total messages 1 total packets 491 RTS 1 total bytes 2002140 in_flight now 0 fair_inc 15280 prop_inc 65593 fast_inc 146973 eta_inc 29204 multi_dec -102511 quick_dec -6576 nack_dec -132800
Flow Uec_222_94 flowId 146 uecSrc 145 finished at 868.356 total messages 1 total packets 490 RTS 0 total bytes 2002140 in_flight now 0 fair_inc 70049 prop_inc 25219 fast_inc 0 eta_inc 29204 multi_dec -126258 quick_dec -0 nack_dec -136950
Flow Uec_73_201 flowId 202 uecSrc 201 finished at 876.398 total messages 1 total packets 490 RTS 0 total bytes 2002140 in_flight now 0 fair_inc 56192 prop_inc 13711 fast_inc 0 eta_inc 32780 multi_dec -64471 quick_dec -9243 nack_dec -186750
Flow Uec_63_191 flowId 4 uecSrc 3 finished at 879.001 total messages 1 total packets 490 RTS 0 total bytes 2002140 in_flight now 0 fair_inc 28639 prop_inc 36654 fast_inc 92420 eta_inc 34568 multi_dec -102353 quick_dec -3359 nack_dec -141100
Flow Uec_75_203 flowId 88 uecSrc 87 finished at 882.796 total messages 1 total packets 490 RTS 0 total bytes 2002140 in_flight now 0 fair_inc 69225 prop_inc 1453 fast_inc 0 eta_inc 32184 multi_dec -97215 quick_dec -0 nack_dec -170150
Flow Uec_133_5 flowId 98 uecSrc 97 finished at 887.118 total messages 1 total packets 490 RTS 0 total bytes 2002140 in_flight now 0 fair_inc 8564 prop_inc 123829 fast_inc 0 eta_inc 28608 multi_dec -41817 quick_dec -97954 nack_dec -120350
Flow Uec_149_21 flowId 96 uecSrc 95 finished at 891.209 total messages 1 total packets 490 RTS 0 total bytes 2002140 in_flight now 0 fair_inc 63065 prop_inc 7065 fast_inc 0 eta_inc 22052 multi_dec -35213 quick_dec -99004 nack_dec -141100
Flow Uec_138_10 flowId 1 uecSrc 0 finished at 897.869 total messages 1 total packets 492 RTS 2 total bytes 2002140 in_flight now 0 fair_inc 34081 prop_inc 41606 fast_inc 0 eta_inc 33972 multi_dec -105351 quick_dec -2997 nack_dec -149400
901.617 flowid 104 Spurious 502
907.807 flowid 104 Spurious 505
Flow Uec_40_168 flowId 211 uecSrc 210 finished at 911.582 total messages 1 total packets 513 RTS 23 total bytes 2002140 in_flight now -192 fair_inc 28742 prop_inc 79449 fast_inc 0 eta_inc 29204 multi_dec -21169 quick_dec -66766 nack_dec -24900
913.463 flowid 104 Spurious 509
Flow Uec_93_221 flowId 26 uecSrc 25 finished at 933.463 total messages 1 total packets 490 RTS 0 total bytes 2002140 in_flight now 0 fair_inc 50776 prop_inc 34711 fast_inc 0 eta_inc 34568 multi_dec -97514 quick_dec -0 nack_dec -166000
Flow Uec_113_241 flowId 144 uecSrc 143 finished at 934.734 total messages 1 total packets 490 RTS 0 total bytes 2002140 in_flight now 0 fair_inc 64816 prop_inc 4211 fast_inc 0 eta_inc 36952 multi_dec -74162 quick_dec -21893 nack_dec -170150
Flow Uec_107_235 flowId 213 uecSrc 212 finished at 942.53 total messages 1 total packets 490 RTS 0 total bytes 2002140 in_flight now 0 fair_inc 79548 prop_inc 3356 fast_inc 0 eta_inc 32184 multi_dec -139604 quick_dec -0 nack_dec -149400
Flow Uec_218_90 flowId 15 uecSrc 14 finished at 952.008 total messages 1 total packets 490 RTS 0 total bytes 2002140 in_flight now 0 fair_inc 58772 prop_inc 44114 fast_inc 0 eta_inc 32780 multi_dec -131601 quick_dec -4429 nack_dec -132800
Flow Uec_116_244 flowId 149 uecSrc 148 finished at 955.03 total messages 1 total packets 490 RTS 0 total bytes 2002140 in_flight now 0 fair_inc 72076 prop_inc 9338 fast_inc 0 eta_inc 34568 multi_dec -133233 quick_dec -0 nack_dec -145250
Flow Uec_10_138 flowId 226 uecSrc 225 finished at 958.087 total messages 1 total packets 504 RTS 14 total bytes 2002140 in_flight now -64 fair_inc 26169 prop_inc 136762 fast_inc 0 eta_inc 32780 multi_dec -79959 quick_dec -47547 nack_dec -20750
Flow Uec_209_81 flowId 147 uecSrc 146 finished at 959.207 total messages 1 total packets 490 RTS 0 total bytes 2002140 in_flight now 0 fair_inc 14949 prop_inc 29495 fast_inc 0 eta_inc 39932 multi_dec -20241 quick_dec -13989 nack_dec -186750
Flow Uec_100_228 flowId 85 uecSrc 84 finished at 960.353 total messages 1 total packets 490 RTS 0 total bytes 2002140 in_flight now 0 fair_inc 50502 prop_inc 17409 fast_inc 0 eta_inc 37548 multi_dec -87136 quick_dec -0 nack_dec -170150
Flow Uec_150_22 flowId 110 uecSrc 109 finished at 970.774 total messages 1 total packets 490 RTS 0 total bytes 2002140 in_flight now 0 fair_inc 65547 prop_inc 21587 fast_inc 0 eta_inc 37548 multi_dec -63076 quick_dec -99099 nack_dec -149400
Flow Uec_87_215 flowId 40 uecSrc 39 finished at 974.062 total messages 1 total packets 490 RTS 0 total bytes 2002140 in_flight now 0 fair_inc 78733 prop_inc 51162 fast_inc 0 eta_inc 31588 multi_dec -134774 quick_dec -7211 nack_dec -141100
Flow Uec_130_2 flowId 34 uecSrc 33 finished at 985.031 total messages 1 total packets 490 RTS 0 total bytes 2002140 in_flight now 0 fair_inc 65882 prop_inc 72367 fast_inc 0 eta_inc 34568 multi_dec -108450 quick_dec -9516 nack_dec -170150
Flow Uec_83_211 flowId 107 uecSrc 106 finished at 987.523 total messages 1 total packets 490 RTS 0 total bytes 2002140 in_flight now 0 fair_inc 60579 prop_inc 4563 fast_inc 0 eta_inc 38740 multi_dec -75916 quick_dec -5689 nack_dec -195050
Flow Uec_203_75 flowId 163 uecSrc 162 finished at 991.417 total messages 1 total packets 490 RTS 0 total bytes 2002140 in_flight now 0 fair_inc 44244 prop_inc 61336 fast_inc 0 eta_inc 40528 multi_dec -73998 quick_dec -18139 nack_dec -178450
Flow Uec_223_95 flowId 111 uecSrc 110 finished at 991.674 total messages 1 total packets 490 RTS 0 total bytes 2002140 in_flight now 0 fair_inc 50718 prop_inc 31880 fast_inc 0 eta_inc 42316 multi_dec -121022 quick_dec -7422 nack_dec -157700
Flow Uec_211_83 flowId 230 uecSrc 229 finished at 991.755 total messages 1 total packets 490 RTS 0 total bytes 2002140 in_flight now 0 fair_inc 66227 prop_inc 28200 fast_inc 0 eta_inc 33376 multi_dec -131287 quick_dec -0 nack_dec -141100
Flow Uec_151_23 flowId 204 uecSrc 203 finished at 999.845 total messages 1 total packets 490 RTS 0 total bytes 2002140 in_flight now 0 fair_inc 41442 prop_inc 31216 fast_inc 0 eta_inc 29800 multi_dec -12960 quick_dec -62597 nack_dec -170150
Flow Uec_210_82 flowId 117 uecSrc 116 finished at 1017.01 total messages 1 total packets 490 RTS 0 total bytes 2002140 in_flight now 0 fair_inc 55918 prop_inc 47203 fast_inc 0 eta_inc 36952 multi_dec -117644 quick_dec -277 nack_dec -161850
Flow Uec_207_79 flowId 49 uecSrc 48 finished at 1018.75 total messages 1 total packets 490 RTS 0 total bytes 2002140 in_flight now 0 fair_inc 54640 prop_inc 76619 fast_inc 0 eta_inc 41124 multi_dec -121553 quick_dec -4813 nack_dec -161850
Flow Uec_91_219 flowId 150 uecSrc 149 finished at 1022.02 total messages 1 total packets 490 RTS 0 total bytes 2002140 in_flight now 0 fair_inc 31489 prop_inc 65326 fast_inc 76257 eta_inc 33972 multi_dec -101789 quick_dec -10247 nack_dec -141100
Flow Uec_84_212 flowId 177 uecSrc 176 finished at 1024.82 total messages 1 total packets 490 RTS 0 total bytes 2002140 in_flight now 0 fair_inc 41760 prop_inc 9625 fast_inc 0 eta_inc 44104 multi_dec -110562 quick_dec -0 nack_dec -149400
Flow Uec_7_135 flowId 104 uecSrc 103 finished at 1031.76 total messages 1 total packets 512 RTS 22 total bytes 2002140 in_flight now -128 fair_inc 19304 prop_inc 119663 fast_inc 0 eta_inc 32780 multi_dec -0 quick_dec -41975 nack_dec -33200
Flow Uec_111_239 flowId 214 uecSrc 213 finished at 1032.06 total messages 1 total packets 490 RTS 0 total bytes 2002140 in_flight now 0 fair_inc 53776 prop_inc 15862 fast_inc 102522 eta_inc 36356 multi_dec -96379 quick_dec -10610 nack_dec -161850
Flow Uec_128_0 flowId 74 uecSrc 73 finished at 1049.42 total messages 1 total packets 491 RTS 1 total bytes 2002140 in_flight now 0 fair_inc 44846 prop_inc 118819 fast_inc 0 eta_inc 35164 multi_dec -158709 quick_dec -2208 nack_dec -128650
Flow Uec_90_218 flowId 171 uecSrc 170 finished at 1066.81 total messages 1 total packets 490 RTS 0 total bytes 2002140 in_flight now 0 fair_inc 67970 prop_inc 7351 fast_inc 0 eta_inc 44104 multi_dec -135900 quick_dec -3026 nack_dec -157700
Flow Uec_69_197 flowId 16 uecSrc 15 finished at 1127.23 total messages 1 total packets 490 RTS 0 total bytes 2002140 in_flight now 0 fair_inc 56483 prop_inc 26577 fast_inc 0 eta_inc 32780 multi_dec -55213 quick_dec -91647 nack_dec -170150
Flow Uec_68_196 flowId 64 uecSrc 63 finished at 1152.19 total messages 1 total packets 490 RTS 0 total bytes 2002140 in_flight now 0 fair_inc 54954 prop_inc 43180 fast_inc 0 eta_inc 33376 multi_dec -61079 quick_dec -86294 nack_dec -149400
Flow Uec_169_41 flowId 123 uecSrc 122 finished at 1157.32 total messages 1 total packets 491 RTS 1 total bytes 2002140 in_flight now 0 fair_inc 52024 prop_inc 69415 fast_inc 0 eta_inc 42912 multi_dec -136814 quick_dec -19853 nack_dec -124500
Flow Uec_74_202 flowId 83 uecSrc 82 finished at 1179.37 total messages 1 total packets 490 RTS 0 total bytes 2002140 in_flight now 0 fair_inc 21905 prop_inc 44296 fast_inc 49502 eta_inc 36356 multi_dec -40127 quick_dec -33547 nack_dec -170150
Flow Uec_163_35 flowId 84 uecSrc 83 finished at 1207.47 total messages 1 total packets 490 RTS 0 total bytes 2002140 in_flight now 0 fair_inc 21569 prop_inc 106495 fast_inc 0 eta_inc 26224 multi_dec -0 quick_dec -37697 nack_dec -161850
Flow Uec_35_163 flowId 14 uecSrc 13 finished at 1497.33 total messages 1 total packets 523 RTS 33 total bytes 2002140 in_flight now -320 fair_inc 35473 prop_inc 157680 fast_inc 0 eta_inc 54832 multi_dec -0 quick_dec -59872 nack_dec -16600
.Done
New: 112700 Rtx: 6267 RTS: 337 Bounced: 0 ACKs: 91118 NACKs: 5194 Pulls: 0 sleek_pkts: 0
