pattern,nodes,size,strat_label,strat,load_balancing_algo,extra_flags,load_fraction,flowsize,seed,n_flows,duration_us,fct_mean,fct_p50,fct_p99,fct_max,fct_min,new,rtx,rts,bounced,acks,nacks,pulls,sleek_pkts,rtx_rate_pct,rts_rate_pct,nack_rate_pct,bounced_rate_pct
tornado,1100,l,fpar_tuned,fpar,oblivious,-threshold 20750 -disable_hop_rtt_normalization,0.25,100000,1,275,37.5576,26.373498545454563,25.473,36.7336,37.5576,23.6496,6875,0,0,0,2157,0,0,0,0.0,0.0,0.0,0.0
tornado,1100,l,reps_no_partition,reps_dfp,reps,,0.25,100000,1,275,28.485,24.72794290909088,24.489,27.821,28.485,23.8096,6875,0,0,0,2103,0,0,0,0.0,0.0,0.0,0.0
tornado,1100,l,reps_partition,reps_dfp,reps,-reps_partition_entropy -reps_escalate_threshold 0.5 -reps_warmup_explore_rtts 0.5 -reps_explore_prob 70,0.25,100000,1,275,27.821,24.64611563636362,24.4787,27.489,27.821,23.6496,6875,0,0,0,2120,0,0,0,0.0,0.0,0.0,0.0
tornado,1100,l,fpar_tuned,fpar,oblivious,-threshold 20750 -disable_hop_rtt_normalization,0.25,100000,2,275,32.9216,26.318916000000026,25.6296,32.7496,32.9216,23.4707,6875,0,0,0,2130,0,0,0,0.0,0.0,0.0,0.0
tornado,1100,l,reps_no_partition,reps_dfp,reps,,0.25,100000,2,275,31.9256,24.96436727272727,24.4872,29.629,31.9256,23.7976,6875,0,0,0,2119,0,0,0,0.0,0.0,0.0,0.0
tornado,1100,l,reps_partition,reps_dfp,reps,-reps_partition_entropy -reps_escalate_threshold 0.5 -reps_warmup_explore_rtts 0.5 -reps_explore_prob 70,0.25,100000,2,275,30.9416,24.80392145454544,24.4838,28.817,30.9416,23.6616,6875,0,0,0,2123,0,0,0,0.0,0.0,0.0,0.0
tornado,1100,l,fpar_tuned,fpar,oblivious,-threshold 20750 -disable_hop_rtt_normalization,0.25,100000,3,275,34.4216,26.505908000000005,25.6467,33.9176,34.4216,23.6227,6875,0,0,0,2176,0,0,0,0.0,0.0,0.0,0.0
tornado,1100,l,reps_no_partition,reps_dfp,reps,,0.25,100000,3,275,31.9256,24.82757163636362,24.4923,31.3094,31.9256,23.8096,6875,0,0,0,2132,0,0,0,0.0,0.0,0.0,0.0
tornado,1100,l,reps_partition,reps_dfp,reps,-reps_partition_entropy -reps_escalate_threshold 0.5 -reps_warmup_explore_rtts 0.5 -reps_explore_prob 70,0.25,100000,3,275,31.6107,24.783886545454525,24.4838,31.3026,31.6107,23.6496,6875,0,0,0,2135,0,0,0,0.0,0.0,0.0,0.0
tornado,1100,l,fpar_tuned,fpar,oblivious,-threshold 20750 -disable_hop_rtt_normalization,0.25,100000,4,275,31.7776,26.009900363636362,25.4627,31.6176,31.7776,23.7976,6875,0,0,0,2128,0,0,0,0.0,0.0,0.0,0.0
tornado,1100,l,reps_no_partition,reps_dfp,reps,,0.25,100000,4,275,28.141,24.67741236363634,24.477,27.8363,28.141,23.8096,6875,0,0,0,2098,0,0,0,0.0,0.0,0.0,0.0
tornado,1100,l,reps_partition,reps_dfp,reps,-reps_partition_entropy -reps_escalate_threshold 0.5 -reps_warmup_explore_rtts 0.5 -reps_explore_prob 70,0.25,100000,4,275,28.829,24.718253818181793,24.4821,27.821,28.829,23.7976,6875,0,0,0,2119,0,0,0,0.0,0.0,0.0,0.0
tornado,1100,l,fpar_tuned,fpar,oblivious,-threshold 20750 -disable_hop_rtt_normalization,0.25,100000,5,275,35.8976,26.25797963636364,25.4747,35.0856,35.8976,23.7976,6875,0,0,0,2152,0,0,0,0.0,0.0,0.0,0.0
tornado,1100,l,reps_no_partition,reps_dfp,reps,,0.25,100000,5,275,28.153,24.672971636363613,24.4838,27.5061,28.153,23.8078,6875,0,0,0,2110,0,0,0,0.0,0.0,0.0,0.0
tornado,1100,l,reps_partition,reps_dfp,reps,-reps_partition_entropy -reps_escalate_threshold 0.5 -reps_warmup_explore_rtts 0.5 -reps_explore_prob 70,0.25,100000,5,275,28.141,24.673038909090888,24.4838,27.833,28.141,23.4776,6875,0,0,0,2103,0,0,0,0.0,0.0,0.0,0.0
tornado,1100,l,fpar_tuned,fpar,oblivious,-threshold 20750 -disable_hop_rtt_normalization,0.25,250000,1,275,56.8413,40.82473745454548,38.767,55.8453,56.8413,36.331,17050,79,0,0,5666,79,0,0,0.4633431085043988,0.0,0.4633431085043988,0.0
tornado,1100,l,reps_no_partition,reps_dfp,reps,,0.25,250000,1,275,44.6706,37.86748909090904,37.6278,43.9763,44.6706,36.331,17050,0,0,0,5090,0,0,0,0.0,0.0,0.0,0.0
tornado,1100,l,reps_partition,reps_dfp,reps,-reps_partition_entropy -reps_escalate_threshold 0.5 -reps_warmup_explore_rtts 0.5 -reps_explore_prob 70,0.25,250000,1,275,43.9461,37.93361672727272,37.3765,43.609,43.9461,36.319,17050,0,0,0,5093,0,0,0,0.0,0.0,0.0,0.0
tornado,1100,l,fpar_tuned,fpar,oblivious,-threshold 20750 -disable_hop_rtt_normalization,0.25,250000,2,275,56.9856,40.9660050909091,38.9267,54.873,56.9856,36.2656,17050,28,0,0,5622,28,0,0,0.16422287390029325,0.0,0.16422287390029325,0.0
tornado,1100,l,reps_no_partition,reps_dfp,reps,,0.25,250000,2,275,56.3352,38.49380036363635,37.6762,44.8856,56.3352,36.367,17050,6,0,0,5172,6,0,0,0.03519061583577713,0.0,0.03519061583577713,0.0
tornado,1100,l,reps_partition,reps_dfp,reps,-reps_partition_entropy -reps_escalate_threshold 0.5 -reps_warmup_explore_rtts 0.5 -reps_explore_prob 70,0.25,250000,2,275,55.3461,38.32396909090906,37.659,45.1317,55.3461,36.331,17050,5,0,0,5153,5,0,0,0.02932551319648094,0.0,0.02932551319648094,0.0
tornado,1100,l,fpar_tuned,fpar,oblivious,-threshold 20750 -disable_hop_rtt_normalization,0.25,250000,3,275,56.7338,41.51715781818184,38.987,56.3045,56.7338,35.999,17050,55,0,0,5883,55,0,0,0.3225806451612903,0.0,0.3225806451612903,0.0
tornado,1100,l,reps_no_partition,reps_dfp,reps,,0.25,250000,3,275,56.325,38.32557781818184,37.671,55.7702,56.325,36.3613,17050,10,0,0,5275,10,0,0,0.05865102639296188,0.0,0.05865102639296188,0.0
tornado,1100,l,reps_partition,reps_dfp,reps,-reps_partition_entropy -reps_escalate_threshold 0.5 -reps_warmup_explore_rtts 0.5 -reps_explore_prob 70,0.25,250000,3,275,56.0203,38.189600727272705,37.6107,55.7634,56.0203,36.331,17050,12,0,0,5242,12,0,0,0.07038123167155426,0.0,0.07038123167155426,0.0
tornado,1100,l,fpar_tuned,fpar,oblivious,-threshold 20750 -disable_hop_rtt_normalization,0.25,250000,4,275,55.7384,40.80839236363638,38.9216,54.7475,55.7384,35.667,17050,40,0,0,5549,40,0,0,0.23460410557184752,0.0,0.23460410557184752,0.0
tornado,1100,l,reps_no_partition,reps_dfp,reps,,0.25,250000,4,275,43.953,38.05567818181817,37.6038,43.7558,43.953,36.3754,17050,0,0,0,5083,0,0,0,0.0,0.0,0.0,0.0
tornado,1100,l,reps_partition,reps_dfp,reps,-reps_partition_entropy -reps_escalate_threshold 0.5 -reps_warmup_explore_rtts 0.5 -reps_explore_prob 70,0.25,250000,4,275,44.0794,37.949883999999955,37.3704,43.6926,44.0794,36.319,17050,0,0,0,5076,0,0,0,0.0,0.0,0.0,0.0
tornado,1100,l,fpar_tuned,fpar,oblivious,-threshold 20750 -disable_hop_rtt_normalization,0.25,250000,5,275,57.7912,40.60306799999997,38.987,56.7952,57.7912,35.987,17050,83,0,0,5616,83,0,0,0.4868035190615836,0.0,0.4868035190615836,0.0
tornado,1100,l,reps_no_partition,reps_dfp,reps,,0.25,250000,5,275,44.0571,37.8614538181818,37.6358,43.9814,44.0571,36.331,17050,0,0,0,5052,0,0,0,0.0,0.0,0.0,0.0
tornado,1100,l,reps_partition,reps_dfp,reps,-reps_partition_entropy -reps_escalate_threshold 0.5 -reps_warmup_explore_rtts 0.5 -reps_explore_prob 70,0.25,250000,5,275,45.3224,37.95945672727272,37.6192,44.7318,45.3224,36.0195,17050,0,0,0,5117,0,0,0,0.0,0.0,0.0,0.0
tornado,1100,l,fpar_tuned,fpar,oblivious,-threshold 20750 -disable_hop_rtt_normalization,0.25,2000000,1,275,390.221,217.67138545454543,201.201,358.3,390.221,183.716,134750,513,0,0,54664,513,0,0,0.38070500927643786,0.0,0.38070500927643786,0.0
tornado,1100,l,reps_no_partition,reps_dfp,reps,,0.25,2000000,1,275,220.001,192.66981454545447,190.867,219.551,220.001,184.473,134750,0,0,0,45779,0,0,0,0.0,0.0,0.0,0.0
tornado,1100,l,reps_partition,reps_dfp,reps,-reps_partition_entropy -reps_escalate_threshold 0.5 -reps_warmup_explore_rtts 0.5 -reps_explore_prob 70,0.25,2000000,1,275,217.57,191.0332290909091,189.422,216.838,217.57,181.882,134750,0,0,0,45097,0,0,0,0.0,0.0,0.0,0.0
tornado,1100,l,fpar_tuned,fpar,oblivious,-threshold 20750 -disable_hop_rtt_normalization,0.25,2000000,2,275,426.452,223.11828363636366,200.256,424.093,426.452,180.606,134750,709,0,0,55208,709,0,0,0.5261595547309833,0.0,0.5261595547309833,0.0
tornado,1100,l,reps_no_partition,reps_dfp,reps,,0.25,2000000,2,275,350.147,195.06728000000012,191.375,227.786,350.147,184.251,134750,11,0,0,46617,11,0,0,0.00816326530612245,0.0,0.00816326530612245,0.0
tornado,1100,l,reps_partition,reps_dfp,reps,-reps_partition_entropy -reps_escalate_threshold 0.5 -reps_warmup_explore_rtts 0.5 -reps_explore_prob 70,0.25,2000000,2,275,347.174,193.77527999999998,190.804,222.692,347.174,182.849,134750,9,0,0,45975,9,0,0,0.006679035250463822,0.0,0.006679035250463822,0.0
tornado,1100,l,fpar_tuned,fpar,oblivious,-threshold 20750 -disable_hop_rtt_normalization,0.25,2000000,3,275,502.604,224.4388945454546,197.897,421.534,502.604,181.154,134750,727,0,0,55781,727,0,0,0.5395176252319109,0.0,0.5395176252319109,0.0
tornado,1100,l,reps_no_partition,reps_dfp,reps,,0.25,2000000,3,275,354.137,195.00314545454546,190.953,350.749,354.137,184.068,134750,28,0,0,47213,28,0,0,0.02077922077922078,0.0,0.02077922077922078,0.0
tornado,1100,l,reps_partition,reps_dfp,reps,-reps_partition_entropy -reps_escalate_threshold 0.5 -reps_warmup_explore_rtts 0.5 -reps_explore_prob 70,0.25,2000000,3,275,353.871,193.85423636363635,189.578,347.094,353.871,182.354,134750,27,0,0,46609,27,0,0,0.020037105751391466,0.0,0.020037105751391466,0.0
tornado,1100,l,fpar_tuned,fpar,oblivious,-threshold 20750 -disable_hop_rtt_normalization,0.25,2000000,4,275,437.209,217.59483636363643,196.22,393.399,437.209,183.19,134750,510,0,0,54089,510,0,0,0.3784786641929499,0.0,0.3784786641929499,0.0
tornado,1100,l,reps_no_partition,reps_dfp,reps,,0.25,2000000,4,275,221.697,192.57536000000016,190.361,220.819,221.697,183.847,134750,0,0,0,46208,0,0,0,0.0,0.0,0.0,0.0
tornado,1100,l,reps_partition,reps_dfp,reps,-reps_partition_entropy -reps_escalate_threshold 0.5 -reps_warmup_explore_rtts 0.5 -reps_explore_prob 70,0.25,2000000,4,275,222.504,191.24565090909093,189.213,221.318,222.504,182.721,134750,0,0,0,45246,0,0,0,0.0,0.0,0.0,0.0
tornado,1100,l,fpar_tuned,fpar,oblivious,-threshold 20750 -disable_hop_rtt_normalization,0.25,2000000,5,275,432.279,216.2948800000001,200.744,356.416,432.279,182.84,134750,466,0,0,53929,466,0,0,0.3458256029684601,0.0,0.3458256029684601,0.0
tornado,1100,l,reps_no_partition,reps_dfp,reps,,0.25,2000000,5,275,222.4,193.02626181818178,191.372,221.192,222.4,184.621,134750,0,0,0,45915,0,0,0,0.0,0.0,0.0,0.0
tornado,1100,l,reps_partition,reps_dfp,reps,-reps_partition_entropy -reps_escalate_threshold 0.5 -reps_warmup_explore_rtts 0.5 -reps_explore_prob 70,0.25,2000000,5,275,222.704,191.7241418181818,190.273,221.215,222.704,182.639,134750,0,0,0,45304,0,0,0,0.0,0.0,0.0,0.0
tornado,1100,l,fpar_tuned,fpar,oblivious,-threshold 20750 -disable_hop_rtt_normalization,0.25,5000000,1,275,926.942,523.6990363636363,481.011,845.9,926.942,432.493,336600,668,0,0,136475,668,0,0,0.1984551396316102,0.0,0.1984551396316102,0.0
tornado,1100,l,reps_no_partition,reps_dfp,reps,,0.25,5000000,1,275,523.9,457.35682545454534,452.782,521.422,523.9,437.715,336600,0,0,0,115729,0,0,0,0.0,0.0,0.0,0.0
tornado,1100,l,reps_partition,reps_dfp,reps,-reps_partition_entropy -reps_escalate_threshold 0.5 -reps_warmup_explore_rtts 0.5 -reps_explore_prob 70,0.25,5000000,1,275,520.657,453.4677163636364,449.88,515.34,520.657,432.986,336600,0,0,0,113741,0,0,0,0.0,0.0,0.0,0.0
tornado,1100,l,fpar_tuned,fpar,oblivious,-threshold 20750 -disable_hop_rtt_normalization,0.25,5000000,2,275,1053.0,549.9994436363637,477.418,1024.94,1053.0,425.327,336600,1020,0,0,139158,1020,0,0,0.30303030303030304,0.0,0.30303030303030304,0.0
tornado,1100,l,reps_no_partition,reps_dfp,reps,,0.25,5000000,2,275,847.946,462.6005454545455,455.342,539.175,847.946,435.028,336600,13,0,0,117467,13,0,0,0.0038621509209744503,0.0,0.0038621509209744503,0.0
tornado,1100,l,reps_partition,reps_dfp,reps,-reps_partition_entropy -reps_escalate_threshold 0.5 -reps_warmup_explore_rtts 0.5 -reps_explore_prob 70,0.25,5000000,2,275,838.377,459.52938909090904,451.311,528.903,838.377,431.877,336600,9,0,0,115910,9,0,0,0.00267379679144385,0.0,0.00267379679144385,0.0
tornado,1100,l,fpar_tuned,fpar,oblivious,-threshold 20750 -disable_hop_rtt_normalization,0.25,5000000,3,275,1065.4,544.6303781818182,478.619,1023.78,1065.4,428.156,336600,1083,0,0,141746,1083,0,0,0.32174688057041,0.0,0.32174688057041,0.0
tornado,1100,l,reps_no_partition,reps_dfp,reps,,0.25,5000000,3,275,840.331,464.0325672727272,454.144,835.784,840.331,437.514,336600,28,0,0,119838,28,0,0,0.008318478906714201,0.0,0.008318478906714201,0.0
tornado,1100,l,reps_partition,reps_dfp,reps,-reps_partition_entropy -reps_escalate_threshold 0.5 -reps_warmup_explore_rtts 0.5 -reps_explore_prob 70,0.25,5000000,3,275,847.096,460.1710545454547,449.91,840.228,847.096,433.778,336600,27,0,0,118055,27,0,0,0.008021390374331552,0.0,0.008021390374331552,0.0
tornado,1100,l,fpar_tuned,fpar,oblivious,-threshold 20750 -disable_hop_rtt_normalization,0.25,5000000,4,275,1010.8,522.1573818181818,468.376,937.334,1010.8,429.056,336600,747,0,0,134310,747,0,0,0.22192513368983957,0.0,0.22192513368983957,0.0
tornado,1100,l,reps_no_partition,reps_dfp,reps,,0.25,5000000,4,275,527.243,457.45746181818174,452.336,524.586,527.243,435.597,336600,0,0,0,116344,0,0,0,0.0,0.0,0.0,0.0
tornado,1100,l,reps_partition,reps_dfp,reps,-reps_partition_entropy -reps_escalate_threshold 0.5 -reps_warmup_explore_rtts 0.5 -reps_explore_prob 70,0.25,5000000,4,275,524.166,454.2578727272727,449.355,523.628,524.166,431.869,336600,0,0,0,114113,0,0,0,0.0,0.0,0.0,0.0
tornado,1100,l,fpar_tuned,fpar,oblivious,-threshold 20750 -disable_hop_rtt_normalization,0.25,5000000,5,275,947.356,521.1955999999994,479.932,901.836,947.356,434.606,336600,680,0,0,134884,680,0,0,0.20202020202020202,0.0,0.20202020202020202,0.0
tornado,1100,l,reps_no_partition,reps_dfp,reps,,0.25,5000000,5,275,530.247,458.0421309090906,454.451,525.448,530.247,437.568,336600,0,0,0,116009,0,0,0,0.0,0.0,0.0,0.0
tornado,1100,l,reps_partition,reps_dfp,reps,-reps_partition_entropy -reps_escalate_threshold 0.5 -reps_warmup_explore_rtts 0.5 -reps_explore_prob 70,0.25,5000000,5,275,524.058,454.6790545454548,451.364,520.981,524.058,433.297,336600,0,0,0,114166,0,0,0,0.0,0.0,0.0,0.0
tornado,1100,l,fpar_tuned,fpar,oblivious,-threshold 20750 -disable_hop_rtt_normalization,0.25,10000000,1,275,1955.32,1043.2619490909094,953.376,1864.1,1955.32,841.184,673200,856,0,0,275832,856,0,0,0.12715389185977422,0.0,0.12715389185977422,0.0
tornado,1100,l,reps_no_partition,reps_dfp,reps,,0.25,10000000,1,275,1028.63,899.1027818181823,891.044,1024.84,1028.63,860.894,673200,0,0,0,232357,0,0,0,0.0,0.0,0.0,0.0
tornado,1100,l,reps_partition,reps_dfp,reps,-reps_partition_entropy -reps_escalate_threshold 0.5 -reps_warmup_explore_rtts 0.5 -reps_explore_prob 70,0.25,10000000,1,275,1024.37,891.0730036363635,883.222,1014.06,1024.37,852.124,673200,0,0,0,228115,0,0,0,0.0,0.0,0.0,0.0
tornado,1100,l,fpar_tuned,fpar,oblivious,-threshold 20750 -disable_hop_rtt_normalization,0.25,10000000,2,275,2051.27,1085.8799854545452,934.727,2015.04,2051.27,846.046,673200,1133,0,0,278881,1133,0,0,0.16830065359477125,0.0,0.16830065359477125,0.0
tornado,1100,l,reps_no_partition,reps_dfp,reps,,0.25,10000000,2,275,1661.76,909.3778836363639,895.164,1057.4,1661.76,855.551,673200,13,0,0,235928,13,0,0,0.0019310754604872252,0.0,0.0019310754604872252,0.0
tornado,1100,l,reps_partition,reps_dfp,reps,-reps_partition_entropy -reps_escalate_threshold 0.5 -reps_warmup_explore_rtts 0.5 -reps_explore_prob 70,0.25,10000000,2,275,1659.47,902.9331890909092,888.281,1034.24,1659.47,852.574,673200,9,0,0,232411,9,0,0,0.001336898395721925,0.0,0.001336898395721925,0.0
tornado,1100,l,fpar_tuned,fpar,oblivious,-threshold 20750 -disable_hop_rtt_normalization,0.25,10000000,3,275,2153.46,1083.616381818182,936.897,2120.28,2153.46,838.048,673200,1379,0,0,280819,1379,0,0,0.2048425430778372,0.0,0.2048425430778372,0.0
tornado,1100,l,reps_no_partition,reps_dfp,reps,,0.25,10000000,3,275,1667.31,912.0884181818183,892.914,1655.21,1667.31,858.728,673200,28,0,0,240945,28,0,0,0.0041592394533571005,0.0,0.0041592394533571005,0.0
tornado,1100,l,reps_partition,reps_dfp,reps,-reps_partition_entropy -reps_escalate_threshold 0.5 -reps_warmup_explore_rtts 0.5 -reps_explore_prob 70,0.25,10000000,3,275,1671.63,904.1166363636369,884.135,1649.34,1671.63,852.169,673200,27,0,0,237019,27,0,0,0.004010695187165776,0.0,0.004010695187165776,0.0
tornado,1100,l,fpar_tuned,fpar,oblivious,-threshold 20750 -disable_hop_rtt_normalization,0.25,10000000,4,275,2011.59,1034.5350436363642,919.701,1976.8,2011.59,855.468,673200,802,0,0,272031,802,0,0,0.11913250148544266,0.0,0.11913250148544266,0.0
tornado,1100,l,reps_no_partition,reps_dfp,reps,,0.25,10000000,4,275,1036.8,899.334221818182,889.297,1034.26,1036.8,855.058,673200,0,0,0,233720,0,0,0,0.0,0.0,0.0,0.0
tornado,1100,l,reps_partition,reps_dfp,reps,-reps_partition_entropy -reps_escalate_threshold 0.5 -reps_warmup_explore_rtts 0.5 -reps_explore_prob 70,0.25,10000000,4,275,1046.64,892.4332181818183,882.029,1025.03,1046.64,849.409,673200,0,0,0,229067,0,0,0,0.0,0.0,0.0,0.0
tornado,1100,l,fpar_tuned,fpar,oblivious,-threshold 20750 -disable_hop_rtt_normalization,0.25,10000000,5,275,1837.41,1028.659654545455,943.55,1824.43,1837.41,859.198,673200,929,0,0,269941,929,0,0,0.13799762329174095,0.0,0.13799762329174095,0.0
tornado,1100,l,reps_no_partition,reps_dfp,reps,,0.25,10000000,5,275,1043.03,899.9832727272737,892.403,1029.06,1043.03,858.481,673200,0,0,0,232552,0,0,0,0.0,0.0,0.0,0.0
tornado,1100,l,reps_partition,reps_dfp,reps,-reps_partition_entropy -reps_escalate_threshold 0.5 -reps_warmup_explore_rtts 0.5 -reps_explore_prob 70,0.25,10000000,5,275,1033.72,893.4650218181821,887.17,1027.45,1033.72,852.033,673200,0,0,0,228904,0,0,0,0.0,0.0,0.0,0.0
tornado,1100,l,fpar_tuned,fpar,oblivious,-threshold 20750 -disable_hop_rtt_normalization,0.5,100000,1,550,38.0736,27.082875818181822,26.6256,35.0856,38.0736,24.8038,13750,0,0,0,4267,0,0,0,0.0,0.0,0.0,0.0
tornado,1100,l,reps_no_partition,reps_dfp,reps,,0.5,100000,1,550,32.2696,26.615912363636347,26.321,30.7456,32.2696,24.4958,13750,0,0,0,4257,0,0,0,0.0,0.0,0.0,0.0
tornado,1100,l,reps_partition,reps_dfp,reps,-reps_partition_entropy -reps_escalate_threshold 0.5 -reps_warmup_explore_rtts 0.5 -reps_explore_prob 70,0.5,100000,1,550,33.637,26.82179381818181,26.4656,30.9536,33.637,24.1638,13750,0,0,0,4272,0,0,0,0.0,0.0,0.0,0.0
tornado,1100,l,fpar_tuned,fpar,oblivious,-threshold 20750 -disable_hop_rtt_normalization,0.5,100000,2,550,36.5856,27.152686363636363,26.4741,34.2616,36.5856,24.4736,13750,0,0,0,4263,0,0,0,0.0,0.0,0.0,0.0
tornado,1100,l,reps_no_partition,reps_dfp,reps,,0.5,100000,2,550,32.6306,26.735200727272737,26.3141,31.633,32.6306,24.477,13750,0,0,0,4258,0,0,0,0.0,0.0,0.0,0.0
tornado,1100,l,reps_partition,reps_dfp,reps,-reps_partition_entropy -reps_escalate_threshold 0.5 -reps_warmup_explore_rtts 0.5 -reps_explore_prob 70,0.5,100000,2,550,32.6203,26.909376363636397,26.6376,32.0976,32.6203,24.1416,13750,0,0,0,4285,0,0,0,0.0,0.0,0.0,0.0
tornado,1100,l,fpar_tuned,fpar,oblivious,-threshold 20750 -disable_hop_rtt_normalization,0.5,100000,3,550,32.9746,26.96163709090906,26.469,32.2696,32.9746,24.6456,13750,0,0,0,4256,0,0,0,0.0,0.0,0.0,0.0
tornado,1100,l,reps_no_partition,reps_dfp,reps,,0.5,100000,3,550,32.6477,26.58815854545454,26.3107,31.7776,32.6477,24.4736,13750,0,0,0,4266,0,0,0,0.0,0.0,0.0,0.0
tornado,1100,l,reps_partition,reps_dfp,reps,-reps_partition_entropy -reps_escalate_threshold 0.5 -reps_warmup_explore_rtts 0.5 -reps_explore_prob 70,0.5,100000,3,550,32.2696,26.589752000000015,26.3107,31.6056,32.2696,24.4667,13750,0,0,0,4261,0,0,0,0.0,0.0,0.0,0.0
tornado,1100,l,fpar_tuned,fpar,oblivious,-threshold 20750 -disable_hop_rtt_normalization,0.5,100000,4,550,36.7576,27.256937818181804,26.4758,35.4296,36.7576,24.7936,13750,0,0,0,4289,0,0,0,0.0,0.0,0.0,0.0
tornado,1100,l,reps_no_partition,reps_dfp,reps,,0.5,100000,4,550,32.973,26.7665001818182,26.4587,32.2627,32.973,24.4616,13750,0,0,0,4262,0,0,0,0.0,0.0,0.0,0.0
tornado,1100,l,reps_partition,reps_dfp,reps,-reps_partition_entropy -reps_escalate_threshold 0.5 -reps_warmup_explore_rtts 0.5 -reps_explore_prob 70,0.5,100000,4,550,32.7616,26.86974436363634,26.4656,32.2883,32.7616,24.4638,13750,0,0,0,4284,0,0,0,0.0,0.0,0.0,0.0
tornado,1100,l,fpar_tuned,fpar,oblivious,-threshold 20750 -disable_hop_rtt_normalization,0.5,100000,5,550,34.2616,27.06509545454544,26.6187,33.2536,34.2616,24.8227,13750,0,0,0,4257,0,0,0,0.0,0.0,0.0,0.0
tornado,1100,l,reps_no_partition,reps_dfp,reps,,0.5,100000,5,550,31.9614,26.703726181818176,26.4438,31.6056,31.9614,24.4856,13750,0,0,0,4264,0,0,0,0.0,0.0,0.0,0.0
tornado,1100,l,reps_partition,reps_dfp,reps,-reps_partition_entropy -reps_escalate_threshold 0.5 -reps_warmup_explore_rtts 0.5 -reps_explore_prob 70,0.5,100000,5,550,32.3123,26.748237454545443,26.4656,31.6483,32.3123,24.4718,13750,0,0,0,4246,0,0,0,0.0,0.0,0.0,0.0
tornado,1100,l,fpar_tuned,fpar,oblivious,-threshold 20750 -disable_hop_rtt_normalization,0.5,250000,1,550,58.823,42.99892163636362,41.7085,57.495,58.823,37.647,34100,257,0,0,11164,257,0,0,0.7536656891495601,0.0,0.7536656891495601,0.0
tornado,1100,l,reps_no_partition,reps_dfp,reps,,0.5,250000,1,550,56.6485,44.55632836363639,44.2456,53.1976,56.6485,38.3691,34100,0,0,0,11490,0,0,0,0.0,0.0,0.0,0.0
tornado,1100,l,reps_partition,reps_dfp,reps,-reps_partition_entropy -reps_escalate_threshold 0.5 -reps_warmup_explore_rtts 0.5 -reps_explore_prob 70,0.5,250000,1,550,57.3005,44.80906181818183,44.5776,54.3051,57.3005,38.2576,34100,0,0,0,11941,0,0,0,0.0,0.0,0.0,0.0
tornado,1100,l,fpar_tuned,fpar,oblivious,-threshold 20750 -disable_hop_rtt_normalization,0.5,250000,2,550,59.0117,43.00265145454549,41.631,57.076,59.0117,37.6931,34100,44,0,0,11224,44,0,0,0.12903225806451613,0.0,0.12903225806451613,0.0
tornado,1100,l,reps_no_partition,reps_dfp,reps,,0.5,250000,2,550,57.0709,44.64159781818182,44.3002,56.0749,57.0709,38.3925,34100,0,0,0,11703,0,0,0,0.0,0.0,0.0,0.0
tornado,1100,l,reps_partition,reps_dfp,reps,-reps_partition_entropy -reps_escalate_threshold 0.5 -reps_warmup_explore_rtts 0.5 -reps_explore_prob 70,0.5,250000,2,550,59.1787,44.92888309090908,44.5536,56.4222,59.1787,38.0371,34100,0,0,0,11995,0,0,0,0.0,0.0,0.0,0.0
tornado,1100,l,fpar_tuned,fpar,oblivious,-threshold 20750 -disable_hop_rtt_normalization,0.5,250000,3,550,57.849,42.171900545454506,40.9224,56.903,57.849,36.9882,34100,106,0,0,11117,106,0,0,0.31085043988269795,0.0,0.31085043988269795,0.0
tornado,1100,l,reps_no_partition,reps_dfp,reps,,0.5,250000,3,550,57.0778,43.800925999999976,43.3082,55.9845,57.0778,38.684,34100,0,0,0,11368,0,0,0,0.0,0.0,0.0,0.0
tornado,1100,l,reps_partition,reps_dfp,reps,-reps_partition_entropy -reps_escalate_threshold 0.5 -reps_warmup_explore_rtts 0.5 -reps_explore_prob 70,0.5,250000,3,550,56.6485,44.104823454545475,43.5696,56.092,56.6485,38.9042,34100,0,0,0,11430,0,0,0,0.0,0.0,0.0,0.0
tornado,1100,l,fpar_tuned,fpar,oblivious,-threshold 20750 -disable_hop_rtt_normalization,0.5,250000,4,550,59.3733,42.79559981818187,41.2443,57.3978,59.3733,36.651,34100,65,0,0,11223,65,0,0,0.1906158357771261,0.0,0.1906158357771261,0.0
tornado,1100,l,reps_no_partition,reps_dfp,reps,,0.5,250000,4,550,57.0709,44.18376945454546,43.9016,55.7429,57.0709,38.9318,34100,0,0,0,11498,0,0,0,0.0,0.0,0.0,0.0
tornado,1100,l,reps_partition,reps_dfp,reps,-reps_partition_entropy -reps_escalate_threshold 0.5 -reps_warmup_explore_rtts 0.5 -reps_explore_prob 70,0.5,250000,4,550,57.8157,44.86212945454543,44.0365,56.1437,57.8157,38.3589,34100,1,0,0,11695,1,0,0,0.002932551319648094,0.0,0.002932551319648094,0.0
tornado,1100,l,fpar_tuned,fpar,oblivious,-threshold 20750 -disable_hop_rtt_normalization,0.5,250000,5,550,59.3078,42.918326727272714,42.0405,56.7389,59.3078,37.3611,34100,95,0,0,11130,95,0,0,0.2785923753665689,0.0,0.2785923753665689,0.0
tornado,1100,l,reps_no_partition,reps_dfp,reps,,0.5,250000,5,550,57.0826,44.60120036363639,44.0899,55.428,57.0826,38.643,34100,0,0,0,11510,0,0,0,0.0,0.0,0.0,0.0
tornado,1100,l,reps_partition,reps_dfp,reps,-reps_partition_entropy -reps_escalate_threshold 0.5 -reps_warmup_explore_rtts 0.5 -reps_explore_prob 70,0.5,250000,5,550,58.8734,44.413862181818175,43.6789,56.3045,58.8734,38.02,34100,0,0,0,11580,0,0,0,0.0,0.0,0.0,0.0
tornado,1100,l,fpar_tuned,fpar,oblivious,-threshold 20750 -disable_hop_rtt_normalization,0.5,2000000,1,550,518.951,226.79646181818177,208.88,413.33,518.951,190.231,269500,1436,0,0,105181,1436,0,0,0.5328385899814472,0.0,0.5328385899814472,0.0
tornado,1100,l,reps_no_partition,reps_dfp,reps,,0.5,2000000,1,550,397.849,227.38070000000005,224.46,289.413,397.849,201.605,269500,124,0,0,110654,124,0,0,0.04601113172541744,0.0,0.04601113172541744,0.0
tornado,1100,l,reps_partition,reps_dfp,reps,-reps_partition_entropy -reps_escalate_threshold 0.5 -reps_warmup_explore_rtts 0.5 -reps_explore_prob 70,0.5,2000000,1,550,361.098,226.9049163636365,223.662,302.09,361.098,198.373,269500,101,0,0,113391,101,0,0,0.037476808905380334,0.0,0.037476808905380334,0.0
tornado,1100,l,fpar_tuned,fpar,oblivious,-threshold 20750 -disable_hop_rtt_normalization,0.5,2000000,2,550,684.87,226.77072727272733,207.597,500.28,684.87,190.644,269500,949,0,0,105811,949,0,0,0.3521335807050093,0.0,0.3521335807050093,0.0
tornado,1100,l,reps_no_partition,reps_dfp,reps,,0.5,2000000,2,550,388.528,228.96531272727265,225.682,351.034,388.528,201.85,269500,43,0,0,113056,43,0,0,0.01595547309833024,0.0,0.01595547309833024,0.0
tornado,1100,l,reps_partition,reps_dfp,reps,-reps_partition_entropy -reps_escalate_threshold 0.5 -reps_warmup_explore_rtts 0.5 -reps_explore_prob 70,0.5,2000000,2,550,375.949,227.6828600000001,224.379,337.573,375.949,200.226,269500,114,0,0,113366,114,0,0,0.042300556586270875,0.0,0.042300556586270875,0.0
tornado,1100,l,fpar_tuned,fpar,oblivious,-threshold 20750 -disable_hop_rtt_normalization,0.5,2000000,3,550,614.899,221.900490909091,205.689,467.921,614.899,189.316,269500,1080,0,0,102630,1080,0,0,0.4007421150278293,0.0,0.4007421150278293,0.0
tornado,1100,l,reps_no_partition,reps_dfp,reps,,0.5,2000000,3,550,368.591,226.50427636363636,223.25,358.396,368.591,198.502,269500,32,0,0,109730,32,0,0,0.011873840445269016,0.0,0.011873840445269016,0.0
tornado,1100,l,reps_partition,reps_dfp,reps,-reps_partition_entropy -reps_escalate_threshold 0.5 -reps_warmup_explore_rtts 0.5 -reps_explore_prob 70,0.5,2000000,3,550,380.284,225.52520181818196,222.907,339.978,380.284,200.743,269500,47,0,0,109888,47,0,0,0.017439703153988868,0.0,0.017439703153988868,0.0
tornado,1100,l,fpar_tuned,fpar,oblivious,-threshold 20750 -disable_hop_rtt_normalization,0.5,2000000,4,550,606.142,229.0217945454546,207.773,526.829,606.142,191.91,269500,1225,0,0,105200,1225,0,0,0.45454545454545453,0.0,0.45454545454545453,0.0
tornado,1100,l,reps_no_partition,reps_dfp,reps,,0.5,2000000,4,550,388.699,227.74924545454533,224.775,325.457,388.699,197.786,269500,41,0,0,110472,41,0,0,0.015213358070500928,0.0,0.015213358070500928,0.0
tornado,1100,l,reps_partition,reps_dfp,reps,-reps_partition_entropy -reps_escalate_threshold 0.5 -reps_warmup_explore_rtts 0.5 -reps_explore_prob 70,0.5,2000000,4,550,400.82,226.77455636363652,223.859,333.565,400.82,199.197,269500,63,0,0,111750,63,0,0,0.023376623376623377,0.0,0.023376623376623377,0.0
tornado,1100,l,fpar_tuned,fpar,oblivious,-threshold 20750 -disable_hop_rtt_normalization,0.5,2000000,5,550,694.231,228.94546909090909,209.593,514.136,694.231,189.409,269500,1069,0,0,106359,1069,0,0,0.3966604823747681,0.0,0.3966604823747681,0.0
tornado,1100,l,reps_no_partition,reps_dfp,reps,,0.5,2000000,5,550,395.971,227.0363345454544,222.838,332.564,395.971,200.662,269500,57,0,0,109092,57,0,0,0.021150278293135438,0.0,0.021150278293135438,0.0
tornado,1100,l,reps_partition,reps_dfp,reps,-reps_partition_entropy -reps_escalate_threshold 0.5 -reps_warmup_explore_rtts 0.5 -reps_explore_prob 70,0.5,2000000,5,550,401.756,226.74236181818176,223.431,355.17,401.756,200.031,269500,35,0,0,111003,35,0,0,0.012987012987012988,0.0,0.012987012987012988,0.0
tornado,1100,l,fpar_tuned,fpar,oblivious,-threshold 20750 -disable_hop_rtt_normalization,0.5,5000000,1,550,1181.49,548.3154145454541,496.246,1062.45,1181.49,447.459,673200,2120,0,0,264248,2120,0,0,0.31491384432560904,0.0,0.31491384432560904,0.0
tornado,1100,l,reps_no_partition,reps_dfp,reps,,0.5,5000000,1,550,905.046,538.3367472727268,530.126,677.187,905.046,481.776,673200,137,0,0,275676,137,0,0,0.020350564468211527,0.0,0.020350564468211527,0.0
tornado,1100,l,reps_partition,reps_dfp,reps,-reps_partition_entropy -reps_escalate_threshold 0.5 -reps_warmup_explore_rtts 0.5 -reps_explore_prob 70,0.5,5000000,1,550,857.663,538.2949036363641,526.833,722.659,857.663,468.145,673200,127,0,0,279609,127,0,0,0.018865121806298277,0.0,0.018865121806298277,0.0
tornado,1100,l,fpar_tuned,fpar,oblivious,-threshold 20750 -disable_hop_rtt_normalization,0.5,5000000,2,550,1659.66,557.5917799999997,491.107,1170.55,1659.66,450.364,673200,1498,0,0,267975,1498,0,0,0.22251931075460488,0.0,0.22251931075460488,0.0
tornado,1100,l,reps_no_partition,reps_dfp,reps,,0.5,5000000,2,550,926.947,542.6472054545453,532.307,809.848,926.947,482.304,673200,42,0,0,281004,42,0,0,0.006238859180035651,0.0,0.006238859180035651,0.0
tornado,1100,l,reps_partition,reps_dfp,reps,-reps_partition_entropy -reps_escalate_threshold 0.5 -reps_warmup_explore_rtts 0.5 -reps_explore_prob 70,0.5,5000000,2,550,882.485,541.2066727272726,531.347,833.703,882.485,472.668,673200,146,0,0,282766,146,0,0,0.021687462863933454,0.0,0.021687462863933454,0.0
tornado,1100,l,fpar_tuned,fpar,oblivious,-threshold 20750 -disable_hop_rtt_normalization,0.5,5000000,3,550,1387.43,538.848667272727,486.825,1236.72,1387.43,451.968,673200,1887,0,0,260160,1887,0,0,0.2803030303030303,0.0,0.2803030303030303,0.0
tornado,1100,l,reps_no_partition,reps_dfp,reps,,0.5,5000000,3,550,887.542,537.1957945454546,528.938,849.972,887.542,475.165,673200,27,0,0,276021,27,0,0,0.004010695187165776,0.0,0.004010695187165776,0.0
tornado,1100,l,reps_partition,reps_dfp,reps,-reps_partition_entropy -reps_escalate_threshold 0.5 -reps_warmup_explore_rtts 0.5 -reps_explore_prob 70,0.5,5000000,3,550,887.852,534.835110909091,525.969,815.263,887.852,474.949,673200,116,0,0,275761,116,0,0,0.0172311348781937,0.0,0.0172311348781937,0.0
tornado,1100,l,fpar_tuned,fpar,oblivious,-threshold 20750 -disable_hop_rtt_normalization,0.5,5000000,4,550,1375.78,551.0887345454547,491.131,1225.82,1375.78,453.287,673200,1955,0,0,264406,1955,0,0,0.2904040404040404,0.0,0.2904040404040404,0.0
tornado,1100,l,reps_no_partition,reps_dfp,reps,,0.5,5000000,4,550,926.991,539.7745963636365,530.802,795.856,926.991,476.666,673200,74,0,0,275582,74,0,0,0.010992275698158051,0.0,0.010992275698158051,0.0
tornado,1100,l,reps_partition,reps_dfp,reps,-reps_partition_entropy -reps_escalate_threshold 0.5 -reps_warmup_explore_rtts 0.5 -reps_explore_prob 70,0.5,5000000,4,550,950.375,538.0797636363639,527.924,804.116,950.375,467.376,673200,69,0,0,279872,69,0,0,0.010249554367201427,0.0,0.010249554367201427,0.0
tornado,1100,l,fpar_tuned,fpar,oblivious,-threshold 20750 -disable_hop_rtt_normalization,0.5,5000000,5,550,1572.41,555.6953927272726,493.063,1319.02,1572.41,450.181,673200,2349,0,0,266239,2349,0,0,0.34893048128342247,0.0,0.34893048128342247,0.0
tornado,1100,l,reps_no_partition,reps_dfp,reps,,0.5,5000000,5,550,946.501,538.5108672727272,529.838,823.174,946.501,477.676,673200,65,0,0,273996,65,0,0,0.009655377302436126,0.0,0.009655377302436126,0.0
tornado,1100,l,reps_partition,reps_dfp,reps,-reps_partition_entropy -reps_escalate_threshold 0.5 -reps_warmup_explore_rtts 0.5 -reps_explore_prob 70,0.5,5000000,5,550,936.914,537.2212509090906,527.769,840.989,936.914,476.857,673200,40,0,0,278893,40,0,0,0.0059417706476530005,0.0,0.0059417706476530005,0.0
tornado,1100,l,fpar_tuned,fpar,oblivious,-threshold 20750 -disable_hop_rtt_normalization,0.5,10000000,1,550,2239.39,1087.8076727272726,975.758,2007.3,2239.39,877.442,1346400,3130,0,0,536532,3130,0,0,0.23247177658942364,0.0,0.23247177658942364,0.0
tornado,1100,l,reps_no_partition,reps_dfp,reps,,0.5,10000000,1,550,1715.41,1057.92868,1040.34,1345.7,1715.41,940.934,1346400,158,0,0,550476,158,0,0,0.011734997029114676,0.0,0.011734997029114676,0.0
tornado,1100,l,reps_partition,reps_dfp,reps,-reps_partition_entropy -reps_escalate_threshold 0.5 -reps_warmup_explore_rtts 0.5 -reps_explore_prob 70,0.5,10000000,1,550,1680.1,1057.1816363636356,1032.17,1432.01,1680.1,921.81,1346400,174,0,0,556094,174,0,0,0.012923351158645277,0.0,0.012923351158645277,0.0
tornado,1100,l,fpar_tuned,fpar,oblivious,-threshold 20750 -disable_hop_rtt_normalization,0.5,10000000,2,550,3528.55,1103.2274381818195,963.016,2235.41,3528.55,878.013,1346400,2691,0,0,536448,2691,0,0,0.1998663101604278,0.0,0.1998663101604278,0.0
tornado,1100,l,reps_no_partition,reps_dfp,reps,,0.5,10000000,2,550,1743.39,1064.8506763636367,1047.2,1554.45,1743.39,948.074,1346400,61,0,0,559882,61,0,0,0.004530600118835413,0.0,0.004530600118835413,0.0
tornado,1100,l,reps_partition,reps_dfp,reps,-reps_partition_entropy -reps_escalate_threshold 0.5 -reps_warmup_explore_rtts 0.5 -reps_explore_prob 70,0.5,10000000,2,550,1715.38,1065.0847818181817,1045.2,1580.68,1715.38,931.578,1346400,169,0,0,564696,169,0,0,0.012551990493166965,0.0,0.012551990493166965,0.0
tornado,1100,l,fpar_tuned,fpar,oblivious,-threshold 20750 -disable_hop_rtt_normalization,0.5,10000000,3,550,3034.0,1066.140447272727,957.033,2264.07,3034.0,884.769,1346400,2798,0,0,521097,2798,0,0,0.2078134284016637,0.0,0.2078134284016637,0.0
tornado,1100,l,reps_no_partition,reps_dfp,reps,,0.5,10000000,3,550,1706.79,1055.201310909091,1039.68,1607.06,1706.79,945.196,1346400,38,0,0,551672,38,0,0,0.002822341057635175,0.0,0.002822341057635175,0.0
tornado,1100,l,reps_partition,reps_dfp,reps,-reps_partition_entropy -reps_escalate_threshold 0.5 -reps_warmup_explore_rtts 0.5 -reps_explore_prob 70,0.5,10000000,3,550,1706.77,1051.5495763636372,1034.18,1595.7,1706.77,933.556,1346400,332,0,0,551098,332,0,0,0.024658348187759953,0.0,0.024658348187759953,0.0
tornado,1100,l,fpar_tuned,fpar,oblivious,-threshold 20750 -disable_hop_rtt_normalization,0.5,10000000,4,550,2810.71,1098.5209109090902,967.325,2427.78,2810.71,885.86,1346400,2856,0,0,537467,2856,0,0,0.21212121212121213,0.0,0.21212121212121213,0.0
tornado,1100,l,reps_no_partition,reps_dfp,reps,,0.5,10000000,4,550,1743.71,1060.180585454546,1041.27,1456.49,1743.71,923.889,1346400,77,0,0,552443,77,0,0,0.005718954248366013,0.0,0.005718954248366013,0.0
tornado,1100,l,reps_partition,reps_dfp,reps,-reps_partition_entropy -reps_escalate_threshold 0.5 -reps_warmup_explore_rtts 0.5 -reps_explore_prob 70,0.5,10000000,4,550,1782.2,1058.040456363636,1038.41,1481.27,1782.2,922.216,1346400,106,0,0,558651,106,0,0,0.007872846108140225,0.0,0.007872846108140225,0.0
tornado,1100,l,fpar_tuned,fpar,oblivious,-threshold 20750 -disable_hop_rtt_normalization,0.5,10000000,5,550,3426.86,1100.7365836363635,973.927,2214.2,3426.86,893.146,1346400,2618,0,0,535037,2618,0,0,0.19444444444444445,0.0,0.19444444444444445,0.0
tornado,1100,l,reps_no_partition,reps_dfp,reps,,0.5,10000000,5,550,1769.73,1058.4482672727268,1041.59,1574.86,1769.73,936.704,1346400,88,0,0,549280,88,0,0,0.006535947712418301,0.0,0.006535947712418301,0.0
tornado,1100,l,reps_partition,reps_dfp,reps,-reps_partition_entropy -reps_escalate_threshold 0.5 -reps_warmup_explore_rtts 0.5 -reps_explore_prob 70,0.5,10000000,5,550,1757.41,1057.4992509090898,1036.9,1678.0,1757.41,932.314,1346400,82,0,0,557249,82,0,0,0.006090314913844325,0.0,0.006090314913844325,0.0
tornado,1100,l,fpar_tuned,fpar,oblivious,-threshold 20750 -disable_hop_rtt_normalization,0.75,100000,1,825,33.9688,27.889256484848566,27.6352,33.2997,33.9688,25.4576,20625,0,0,0,6442,0,0,0,0.0,0.0,0.0,0.0
tornado,1100,l,reps_no_partition,reps_dfp,reps,,0.75,100000,1,825,35.7616,29.408167393939404,29.1216,34.289,35.7616,25.6176,20625,0,0,0,6620,0,0,0,0.0,0.0,0.0,0.0
tornado,1100,l,reps_partition,reps_dfp,reps,-reps_partition_entropy -reps_escalate_threshold 0.5 -reps_warmup_explore_rtts 0.5 -reps_explore_prob 70,0.75,100000,1,825,38.0194,29.768511878787898,29.532,34.8885,38.0194,25.7998,20625,0,0,0,6674,0,0,0,0.0,0.0,0.0,0.0
tornado,1100,l,fpar_tuned,fpar,oblivious,-threshold 20750 -disable_hop_rtt_normalization,0.75,100000,2,825,38.5776,27.87949745454554,27.6267,34.2906,38.5776,25.645,20625,0,0,0,6433,0,0,0,0.0,0.0,0.0,0.0
tornado,1100,l,reps_no_partition,reps_dfp,reps,,0.75,100000,2,825,41.2198,29.610301090909065,29.2867,38.7136,41.2198,26.1216,20625,0,0,0,6645,0,0,0,0.0,0.0,0.0,0.0
tornado,1100,l,reps_partition,reps_dfp,reps,-reps_partition_entropy -reps_escalate_threshold 0.5 -reps_warmup_explore_rtts 0.5 -reps_explore_prob 70,0.75,100000,2,825,47.1976,29.801652727272746,29.4416,41.7256,47.1976,25.805,20625,0,0,0,6705,0,0,0,0.0,0.0,0.0,0.0
tornado,1100,l,fpar_tuned,fpar,oblivious,-threshold 20750 -disable_hop_rtt_normalization,0.75,100000,3,825,35.6134,27.956511636363693,27.7816,32.9574,35.6134,25.805,20625,0,0,0,6384,0,0,0,0.0,0.0,0.0,0.0
tornado,1100,l,reps_no_partition,reps_dfp,reps,,0.75,100000,3,825,35.753,29.443352484848482,29.1216,34.0114,35.753,26.1118,20625,0,0,0,6607,0,0,0,0.0,0.0,0.0,0.0
tornado,1100,l,reps_partition,reps_dfp,reps,-reps_partition_entropy -reps_escalate_threshold 0.5 -reps_warmup_explore_rtts 0.5 -reps_explore_prob 70,0.75,100000,3,825,35.4176,29.745025090909113,29.6136,33.8936,35.4176,25.945,20625,0,0,0,6714,0,0,0,0.0,0.0,0.0,0.0
tornado,1100,l,fpar_tuned,fpar,oblivious,-threshold 20750 -disable_hop_rtt_normalization,0.75,100000,4,825,38.8976,27.940653696969765,27.7798,33.9637,38.8976,25.4696,20625,0,0,0,6421,0,0,0,0.0,0.0,0.0,0.0
tornado,1100,l,reps_no_partition,reps_dfp,reps,,0.75,100000,4,825,37.2496,29.46915575757578,29.1267,35.4296,37.2496,26.2987,20625,0,0,0,6604,0,0,0,0.0,0.0,0.0,0.0
tornado,1100,l,reps_partition,reps_dfp,reps,-reps_partition_entropy -reps_escalate_threshold 0.5 -reps_warmup_explore_rtts 0.5 -reps_explore_prob 70,0.75,100000,4,825,40.7176,29.79185806060609,29.6016,36.0696,40.7176,25.8016,20625,0,0,0,6703,0,0,0,0.0,0.0,0.0,0.0
tornado,1100,l,fpar_tuned,fpar,oblivious,-threshold 20750 -disable_hop_rtt_normalization,0.75,100000,5,825,35.2814,27.83847951515161,27.6318,33.6334,35.2814,25.4747,20625,0,0,0,6398,0,0,0,0.0,0.0,0.0,0.0
tornado,1100,l,reps_no_partition,reps_dfp,reps,,0.75,100000,5,825,36.4136,29.591206303030237,29.2696,34.4267,36.4136,25.805,20625,0,0,0,6619,0,0,0,0.0,0.0,0.0,0.0
tornado,1100,l,reps_partition,reps_dfp,reps,-reps_partition_entropy -reps_escalate_threshold 0.5 -reps_warmup_explore_rtts 0.5 -reps_explore_prob 70,0.75,100000,5,825,37.929,29.715507393939408,29.4296,35.5776,37.929,25.6608,20625,0,0,0,6670,0,0,0,0.0,0.0,0.0,0.0
tornado,1100,l,fpar_tuned,fpar,oblivious,-threshold 20750 -disable_hop_rtt_normalization,0.75,250000,1,825,58.4109,48.22483054545455,48.3307,57.683,58.4109,40.1066,51150,1639,0,0,20333,1639,0,0,3.204301075268817,0.0,3.204301075268817,0.0
tornado,1100,l,reps_no_partition,reps_dfp,reps,,0.75,250000,1,825,69.293,52.53152048484852,52.2366,62.965,69.293,44.1862,51150,18,0,0,23381,18,0,0,0.03519061583577713,0.0,0.03519061583577713,0.0
tornado,1100,l,reps_partition,reps_dfp,reps,-reps_partition_entropy -reps_escalate_threshold 0.5 -reps_warmup_explore_rtts 0.5 -reps_explore_prob 70,0.75,250000,1,825,64.5667,52.71063903030312,52.5922,62.6984,64.5667,43.9602,51150,33,0,0,23690,33,0,0,0.06451612903225806,0.0,0.06451612903225806,0.0
tornado,1100,l,fpar_tuned,fpar,oblivious,-threshold 20750 -disable_hop_rtt_normalization,0.75,250000,2,825,70.2686,47.960397212121215,47.9278,64.9566,70.2686,39.8702,51150,1607,0,0,19889,1607,0,0,3.1417399804496577,0.0,3.1417399804496577,0.0
tornado,1100,l,reps_no_partition,reps_dfp,reps,,0.75,250000,2,825,70.6982,52.77922387878785,52.3205,68.5446,70.6982,43.0398,51150,36,0,0,23603,36,0,0,0.07038123167155426,0.0,0.07038123167155426,0.0
tornado,1100,l,reps_partition,reps_dfp,reps,-reps_partition_entropy -reps_escalate_threshold 0.5 -reps_warmup_explore_rtts 0.5 -reps_explore_prob 70,0.75,250000,2,825,74.3974,53.26255927272734,52.919,70.028,74.3974,43.2243,51150,70,0,0,23865,70,0,0,0.13685239491691104,0.0,0.13685239491691104,0.0
tornado,1100,l,fpar_tuned,fpar,oblivious,-threshold 20750 -disable_hop_rtt_normalization,0.75,250000,3,825,59.7781,48.434628,48.3928,57.752,59.7781,40.2176,51150,1720,0,0,20213,1720,0,0,3.3626588465298144,0.0,3.3626588465298144,0.0
tornado,1100,l,reps_no_partition,reps_dfp,reps,,0.75,250000,3,825,63.555,52.453420727272686,52.2656,60.3539,63.555,44.5302,51150,6,0,0,23205,6,0,0,0.011730205278592375,0.0,0.011730205278592375,0.0
tornado,1100,l,reps_partition,reps_dfp,reps,-reps_partition_entropy -reps_escalate_threshold 0.5 -reps_warmup_explore_rtts 0.5 -reps_explore_prob 70,0.75,250000,3,825,62.227,52.32381321212121,52.2602,60.899,62.227,43.9851,51150,1,0,0,23647,1,0,0,0.0019550342130987292,0.0,0.0019550342130987292,0.0
tornado,1100,l,fpar_tuned,fpar,oblivious,-threshold 20750 -disable_hop_rtt_normalization,0.75,250000,4,825,61.6483,48.20819563636364,48.2461,59.297,61.6483,40.2338,51150,1763,0,0,20270,1763,0,0,3.4467253176930597,0.0,3.4467253176930597,0.0
tornado,1100,l,reps_no_partition,reps_dfp,reps,,0.75,250000,4,825,67.8176,52.3377707878788,51.9794,63.8336,67.8176,43.5696,51150,8,0,0,23428,8,0,0,0.015640273704789834,0.0,0.015640273704789834,0.0
tornado,1100,l,reps_partition,reps_dfp,reps,-reps_partition_entropy -reps_escalate_threshold 0.5 -reps_warmup_explore_rtts 0.5 -reps_explore_prob 70,0.75,250000,4,825,67.4232,52.51314303030304,52.3205,63.9189,67.4232,43.6246,51150,28,0,0,23777,28,0,0,0.05474095796676442,0.0,0.05474095796676442,0.0
tornado,1100,l,fpar_tuned,fpar,oblivious,-threshold 20750 -disable_hop_rtt_normalization,0.75,250000,5,825,63.7371,47.990080484848505,47.9965,59.0578,63.7371,39.7454,51150,1518,0,0,19997,1518,0,0,2.967741935483871,0.0,2.967741935483871,0.0
tornado,1100,l,reps_no_partition,reps_dfp,reps,,0.75,250000,5,825,67.6078,52.78589818181824,52.5336,65.8426,67.6078,43.707,51150,14,0,0,23553,14,0,0,0.02737047898338221,0.0,0.02737047898338221,0.0
tornado,1100,l,reps_partition,reps_dfp,reps,-reps_partition_entropy -reps_escalate_threshold 0.5 -reps_warmup_explore_rtts 0.5 -reps_explore_prob 70,0.75,250000,5,825,68.8053,52.775119030303095,52.3866,64.7395,68.8053,44.8205,51150,12,0,0,23743,12,0,0,0.02346041055718475,0.0,0.02346041055718475,0.0
tornado,1100,l,fpar_tuned,fpar,oblivious,-threshold 20750 -disable_hop_rtt_normalization,0.75,2000000,1,825,673.14,256.5726193939395,232.411,505.996,673.14,204.445,404250,4103,0,0,178061,4103,0,0,1.014965986394558,0.0,1.014965986394558,0.0
tornado,1100,l,reps_no_partition,reps_dfp,reps,,0.75,2000000,1,825,467.232,281.9458060606061,265.004,417.723,467.232,224.806,404250,409,0,0,218720,409,0,0,0.10117501546072975,0.0,0.10117501546072975,0.0
tornado,1100,l,reps_partition,reps_dfp,reps,-reps_partition_entropy -reps_escalate_threshold 0.5 -reps_warmup_explore_rtts 0.5 -reps_explore_prob 70,0.75,2000000,1,825,461.809,284.39995757575787,265.176,426.549,461.809,219.279,404250,624,0,0,220437,624,0,0,0.15435992578849722,0.0,0.15435992578849722,0.0
tornado,1100,l,fpar_tuned,fpar,oblivious,-threshold 20750 -disable_hop_rtt_normalization,0.75,2000000,2,825,856.074,259.0166012121208,234.281,713.344,856.074,204.736,404250,4453,0,0,178090,4453,0,0,1.1015460729746445,0.0,1.1015460729746445,0.0
tornado,1100,l,reps_no_partition,reps_dfp,reps,,0.75,2000000,2,825,516.532,284.2606521212123,267.964,442.263,516.532,227.785,404250,740,0,0,216889,740,0,0,0.18305504019789734,0.0,0.18305504019789734,0.0
tornado,1100,l,reps_partition,reps_dfp,reps,-reps_partition_entropy -reps_escalate_threshold 0.5 -reps_warmup_explore_rtts 0.5 -reps_explore_prob 70,0.75,2000000,2,825,507.122,286.13923515151515,266.38,467.858,507.122,220.372,404250,937,0,0,220615,937,0,0,0.23178726035868893,0.0,0.23178726035868893,0.0
tornado,1100,l,fpar_tuned,fpar,oblivious,-threshold 20750 -disable_hop_rtt_normalization,0.75,2000000,3,825,657.524,258.1077042424241,233.425,524.034,657.524,203.373,404250,4259,0,0,179432,4259,0,0,1.0535559678416822,0.0,1.0535559678416822,0.0
tornado,1100,l,reps_no_partition,reps_dfp,reps,,0.75,2000000,3,825,431.915,281.02513333333354,264.056,401.29,431.915,225.999,404250,560,0,0,215681,560,0,0,0.13852813852813853,0.0,0.13852813852813853,0.0
tornado,1100,l,reps_partition,reps_dfp,reps,-reps_partition_entropy -reps_escalate_threshold 0.5 -reps_warmup_explore_rtts 0.5 -reps_explore_prob 70,0.75,2000000,3,825,439.753,284.28204606060604,269.538,414.478,439.753,225.453,404250,550,0,0,221130,550,0,0,0.1360544217687075,0.0,0.1360544217687075,0.0
tornado,1100,l,fpar_tuned,fpar,oblivious,-threshold 20750 -disable_hop_rtt_normalization,0.75,2000000,4,825,800.352,256.2633236363635,232.583,576.313,800.352,205.826,404250,4175,0,0,177058,4175,0,0,1.0327767470624614,0.0,1.0327767470624614,0.0
tornado,1100,l,reps_no_partition,reps_dfp,reps,,0.75,2000000,4,825,455.944,281.0932945454547,264.456,412.564,455.944,225.64,404250,499,0,0,217299,499,0,0,0.12343846629560916,0.0,0.12343846629560916,0.0
tornado,1100,l,reps_partition,reps_dfp,reps,-reps_partition_entropy -reps_escalate_threshold 0.5 -reps_warmup_explore_rtts 0.5 -reps_explore_prob 70,0.75,2000000,4,825,472.385,283.57144969696964,264.568,434.486,472.385,224.3,404250,660,0,0,220191,660,0,0,0.16326530612244897,0.0,0.16326530612244897,0.0
tornado,1100,l,fpar_tuned,fpar,oblivious,-threshold 20750 -disable_hop_rtt_normalization,0.75,2000000,5,825,739.178,257.7914581818184,229.6,645.074,739.178,202.648,404250,3948,0,0,176389,3948,0,0,0.9766233766233766,0.0,0.9766233766233766,0.0
tornado,1100,l,reps_no_partition,reps_dfp,reps,,0.75,2000000,5,825,488.74,282.07828969696965,263.809,424.996,488.74,225.923,404250,643,0,0,216524,643,0,0,0.1590599876314162,0.0,0.1590599876314162,0.0
tornado,1100,l,reps_partition,reps_dfp,reps,-reps_partition_entropy -reps_escalate_threshold 0.5 -reps_warmup_explore_rtts 0.5 -reps_explore_prob 70,0.75,2000000,5,825,500.798,285.3847600000001,267.358,441.673,500.798,224.103,404250,902,0,0,220434,902,0,0,0.22312925170068026,0.0,0.22312925170068026,0.0
tornado,1100,l,fpar_tuned,fpar,oblivious,-threshold 20750 -disable_hop_rtt_normalization,0.75,5000000,1,825,1396.43,606.6248193939392,552.929,1189.28,1396.43,481.328,1009800,5433,0,0,430617,5433,0,0,0.5380273321449792,0.0,0.5380273321449792,0.0
tornado,1100,l,reps_no_partition,reps_dfp,reps,,0.75,5000000,1,825,1003.34,661.6123296969693,637.12,935.113,1003.34,519.432,1009800,444,0,0,519381,444,0,0,0.043969102792632206,0.0,0.043969102792632206,0.0
tornado,1100,l,reps_partition,reps_dfp,reps,-reps_partition_entropy -reps_escalate_threshold 0.5 -reps_warmup_explore_rtts 0.5 -reps_explore_prob 70,0.75,5000000,1,825,1030.13,669.6458836363647,645.857,949.079,1030.13,516.75,1009800,694,0,0,525403,694,0,0,0.06872648049118638,0.0,0.06872648049118638,0.0
tornado,1100,l,fpar_tuned,fpar,oblivious,-threshold 20750 -disable_hop_rtt_normalization,0.75,5000000,2,825,2070.99,612.7276581818178,555.435,1764.47,2070.99,478.07,1009800,6074,0,0,427432,6074,0,0,0.6015052485640721,0.0,0.6015052485640721,0.0
tornado,1100,l,reps_no_partition,reps_dfp,reps,,0.75,5000000,2,825,1197.96,665.9273915151514,641.884,1005.56,1197.96,543.347,1009800,790,0,0,516503,790,0,0,0.07823331352743118,0.0,0.07823331352743118,0.0
tornado,1100,l,reps_partition,reps_dfp,reps,-reps_partition_entropy -reps_escalate_threshold 0.5 -reps_warmup_explore_rtts 0.5 -reps_explore_prob 70,0.75,5000000,2,825,1185.85,673.8657175757579,650.494,1055.88,1185.85,526.532,1009800,1022,0,0,525104,1022,0,0,0.10120816003168945,0.0,0.10120816003168945,0.0
tornado,1100,l,fpar_tuned,fpar,oblivious,-threshold 20750 -disable_hop_rtt_normalization,0.75,5000000,3,825,1670.82,605.8883757575762,557.24,1125.68,1670.82,477.375,1009800,5465,0,0,428774,5465,0,0,0.5411962764903941,0.0,0.5411962764903941,0.0
tornado,1100,l,reps_no_partition,reps_dfp,reps,,0.75,5000000,3,825,938.556,659.5493127272731,637.136,891.819,938.556,538.47,1009800,590,0,0,514438,590,0,0,0.05842741136858784,0.0,0.05842741136858784,0.0
tornado,1100,l,reps_partition,reps_dfp,reps,-reps_partition_entropy -reps_escalate_threshold 0.5 -reps_warmup_explore_rtts 0.5 -reps_explore_prob 70,0.75,5000000,3,825,972.628,671.1822751515155,651.164,918.263,972.628,527.7,1009800,638,0,0,522069,638,0,0,0.06318082788671024,0.0,0.06318082788671024,0.0
tornado,1100,l,fpar_tuned,fpar,oblivious,-threshold 20750 -disable_hop_rtt_normalization,0.75,5000000,4,825,1765.76,608.8267309090911,557.4,1126.58,1765.76,483.677,1009800,5986,0,0,427943,5986,0,0,0.592790651614181,0.0,0.592790651614181,0.0
tornado,1100,l,reps_no_partition,reps_dfp,reps,,0.75,5000000,4,825,1088.46,661.2047939393939,638.217,925.759,1088.46,538.245,1009800,539,0,0,517071,539,0,0,0.05337690631808279,0.0,0.05337690631808279,0.0
tornado,1100,l,reps_partition,reps_dfp,reps,-reps_partition_entropy -reps_escalate_threshold 0.5 -reps_warmup_explore_rtts 0.5 -reps_explore_prob 70,0.75,5000000,4,825,1076.72,669.152478787879,642.974,1006.12,1076.72,517.914,1009800,710,0,0,522417,710,0,0,0.07031095266389384,0.0,0.07031095266389384,0.0
tornado,1100,l,fpar_tuned,fpar,oblivious,-threshold 20750 -disable_hop_rtt_normalization,0.75,5000000,5,825,1785.36,609.7126703030307,541.59,1603.45,1785.36,477.52,1009800,5138,0,0,426903,5138,0,0,0.5088136264606853,0.0,0.5088136264606853,0.0
tornado,1100,l,reps_no_partition,reps_dfp,reps,,0.75,5000000,5,825,1157.19,661.638926060606,635.795,947.435,1157.19,529.36,1009800,723,0,0,516376,723,0,0,0.07159833630421866,0.0,0.07159833630421866,0.0
tornado,1100,l,reps_partition,reps_dfp,reps,-reps_partition_entropy -reps_escalate_threshold 0.5 -reps_warmup_explore_rtts 0.5 -reps_explore_prob 70,0.75,5000000,5,825,1219.26,672.404601212122,647.015,979.496,1219.26,533.123,1009800,972,0,0,526192,972,0,0,0.0962566844919786,0.0,0.0962566844919786,0.0
tornado,1100,l,fpar_tuned,fpar,oblivious,-threshold 20750 -disable_hop_rtt_normalization,0.75,10000000,1,825,2491.95,1199.1360993939402,1103.08,2034.39,2491.95,940.493,2019600,7160,0,0,857892,7160,0,0,0.3545256486432957,0.0,0.3545256486432957,0.0
tornado,1100,l,reps_no_partition,reps_dfp,reps,,0.75,10000000,1,825,1924.79,1298.21909090909,1267.43,1747.32,1924.79,1027.44,2019600,521,0,0,1027590,521,0,0,0.025797187561893444,0.0,0.025797187561893444,0.0
tornado,1100,l,reps_partition,reps_dfp,reps,-reps_partition_entropy -reps_escalate_threshold 0.5 -reps_warmup_explore_rtts 0.5 -reps_explore_prob 70,0.75,10000000,1,825,1915.68,1318.7407151515158,1289.47,1758.84,1915.68,1017.62,2019600,790,0,0,1040096,790,0,0,0.03911665676371559,0.0,0.03911665676371559,0.0
tornado,1100,l,fpar_tuned,fpar,oblivious,-threshold 20750 -disable_hop_rtt_normalization,0.75,10000000,2,825,4170.39,1217.1599139393938,1108.03,3447.49,4170.39,928.795,2019600,7429,0,0,852555,7429,0,0,0.36784511784511786,0.0,0.36784511784511786,0.0
tornado,1100,l,reps_no_partition,reps_dfp,reps,,0.75,10000000,2,825,2340.28,1304.7732484848493,1274.99,1932.7,2340.28,1060.46,2019600,947,0,0,1023541,947,0,0,0.0468904733610616,0.0,0.0468904733610616,0.0
tornado,1100,l,reps_partition,reps_dfp,reps,-reps_partition_entropy -reps_escalate_threshold 0.5 -reps_warmup_explore_rtts 0.5 -reps_explore_prob 70,0.75,10000000,2,825,2244.21,1324.3349818181819,1291.97,2008.76,2244.21,1028.6,2019600,1250,0,0,1040384,1250,0,0,0.061893444246385425,0.0,0.061893444246385425,0.0
tornado,1100,l,fpar_tuned,fpar,oblivious,-threshold 20750 -disable_hop_rtt_normalization,0.75,10000000,3,825,3228.03,1205.2471757575763,1117.84,2139.21,3228.03,937.813,2019600,7281,0,0,855897,7281,0,0,0.3605169340463458,0.0,0.3605169340463458,0.0
tornado,1100,l,reps_no_partition,reps_dfp,reps,,0.75,10000000,3,825,1841.57,1295.8247999999987,1269.04,1718.91,1841.57,1046.78,2019600,708,0,0,1020674,708,0,0,0.035056446821152706,0.0,0.035056446821152706,0.0
tornado,1100,l,reps_partition,reps_dfp,reps,-reps_partition_entropy -reps_escalate_threshold 0.5 -reps_warmup_explore_rtts 0.5 -reps_explore_prob 70,0.75,10000000,3,825,1888.78,1318.9993696969693,1300.62,1727.38,1888.78,1031.63,2019600,811,0,0,1036596,811,0,0,0.04015646662705486,0.0,0.04015646662705486,0.0
tornado,1100,l,fpar_tuned,fpar,oblivious,-threshold 20750 -disable_hop_rtt_normalization,0.75,10000000,4,825,3476.78,1201.636481212121,1110.04,2175.65,3476.78,943.952,2019600,7634,0,0,854116,7634,0,0,0.3779956427015251,0.0,0.3779956427015251,0.0
tornado,1100,l,reps_no_partition,reps_dfp,reps,,0.75,10000000,4,825,2157.75,1297.3406909090918,1268.4,1771.49,2157.75,1052.68,2019600,637,0,0,1024297,637,0,0,0.031540899187958014,0.0,0.031540899187958014,0.0
tornado,1100,l,reps_partition,reps_dfp,reps,-reps_partition_entropy -reps_escalate_threshold 0.5 -reps_warmup_explore_rtts 0.5 -reps_explore_prob 70,0.75,10000000,4,825,2078.49,1315.043054545453,1290.18,1874.06,2078.49,1031.78,2019600,887,0,0,1034639,887,0,0,0.0439195880372351,0.0,0.0439195880372351,0.0
tornado,1100,l,fpar_tuned,fpar,oblivious,-threshold 20750 -disable_hop_rtt_normalization,0.75,10000000,5,825,3683.37,1207.498,1086.62,2598.65,3683.37,936.388,2019600,7070,0,0,851205,7070,0,0,0.35006932065755597,0.0,0.35006932065755597,0.0
tornado,1100,l,reps_no_partition,reps_dfp,reps,,0.75,10000000,5,825,2259.42,1299.547224242425,1269.22,1808.57,2259.42,1034.91,2019600,860,0,0,1022170,860,0,0,0.04258268964151317,0.0,0.04258268964151317,0.0
tornado,1100,l,reps_partition,reps_dfp,reps,-reps_partition_entropy -reps_escalate_threshold 0.5 -reps_warmup_explore_rtts 0.5 -reps_explore_prob 70,0.75,10000000,5,825,2369.52,1320.0997454545454,1293.39,1866.6,2369.52,1029.24,2019600,1121,0,0,1040636,1121,0,0,0.055506040800158446,0.0,0.055506040800158446,0.0
tornado,1100,l,fpar_tuned,fpar,oblivious,-threshold 20750 -disable_hop_rtt_normalization,1.0,100000,1,1100,39.3656,30.770173272727273,30.5976,37.3976,39.3656,27.4501,27500,0,0,0,8967,0,0,0,0.0,0.0,0.0,0.0
tornado,1100,l,reps_no_partition,reps_dfp,reps,,1.0,100000,1,1100,43.3958,32.60551318181819,32.2678,38.593,43.3958,29.2867,27500,0,0,0,9703,0,0,0,0.0,0.0,0.0,0.0
tornado,1100,l,reps_partition,reps_dfp,reps,-reps_partition_entropy -reps_escalate_threshold 0.5 -reps_warmup_explore_rtts 0.5 -reps_explore_prob 70,1.0,100000,1,1100,41.0736,32.911964818181836,32.6067,38.5203,41.0736,28.6099,27500,0,0,0,9870,0,0,0,0.0,0.0,0.0,0.0
tornado,1100,l,fpar_tuned,fpar,oblivious,-threshold 20750 -disable_hop_rtt_normalization,1.0,100000,2,1100,39.0336,30.763597454545412,30.6043,37.0776,39.0336,27.2947,27500,0,0,0,8959,0,0,0,0.0,0.0,0.0,0.0
tornado,1100,l,reps_no_partition,reps_dfp,reps,,1.0,100000,2,1100,39.8936,32.89839627272727,32.5896,38.9096,39.8936,28.4456,27500,0,0,0,9749,0,0,0,0.0,0.0,0.0,0.0
tornado,1100,l,reps_partition,reps_dfp,reps,-reps_partition_entropy -reps_escalate_threshold 0.5 -reps_warmup_explore_rtts 0.5 -reps_explore_prob 70,1.0,100000,2,1100,42.6736,32.93847081818183,32.5776,40.0296,42.6736,27.4091,27500,0,0,0,9764,0,0,0,0.0,0.0,0.0,0.0
tornado,1100,l,fpar_tuned,fpar,oblivious,-threshold 20750 -disable_hop_rtt_normalization,1.0,100000,3,1100,39.5496,30.816047727272718,30.6299,37.2256,39.5496,27.4501,27500,0,0,0,8988,0,0,0,0.0,0.0,0.0,0.0
tornado,1100,l,reps_no_partition,reps_dfp,reps,,1.0,100000,3,1100,40.9221,32.87203772727274,32.6016,39.0627,40.9221,28.6688,27500,0,0,0,9678,0,0,0,0.0,0.0,0.0,0.0
tornado,1100,l,reps_partition,reps_dfp,reps,-reps_partition_entropy -reps_escalate_threshold 0.5 -reps_warmup_explore_rtts 0.5 -reps_explore_prob 70,1.0,100000,3,1100,40.733,33.0056322727273,32.7598,39.2296,40.733,28.7781,27500,0,0,0,9780,0,0,0,0.0,0.0,0.0,0.0
tornado,1100,l,fpar_tuned,fpar,oblivious,-threshold 20750 -disable_hop_rtt_normalization,1.0,100000,4,1100,38.4056,30.81213418181819,30.6096,36.5616,38.4056,27.4518,27500,0,0,0,8950,0,0,0,0.0,0.0,0.0,0.0
tornado,1100,l,reps_no_partition,reps_dfp,reps,,1.0,100000,4,1100,38.925,32.608636454545454,32.4176,37.8205,38.925,28.7576,27500,0,0,0,9649,0,0,0,0.0,0.0,0.0,0.0
tornado,1100,l,reps_partition,reps_dfp,reps,-reps_partition_entropy -reps_escalate_threshold 0.5 -reps_warmup_explore_rtts 0.5 -reps_explore_prob 70,1.0,100000,4,1100,40.3856,32.99594481818183,32.7603,38.7427,40.3856,28.7474,27500,0,0,0,9792,0,0,0,0.0,0.0,0.0,0.0
tornado,1100,l,fpar_tuned,fpar,oblivious,-threshold 20750 -disable_hop_rtt_normalization,1.0,100000,5,1100,37.9016,30.66463927272729,30.5907,35.9574,37.9016,26.6158,27500,0,0,0,8958,0,0,0,0.0,0.0,0.0,0.0
tornado,1100,l,reps_no_partition,reps_dfp,reps,,1.0,100000,5,1100,40.3856,32.67142899999998,32.4176,38.9096,40.3856,28.5754,27500,0,0,0,9619,0,0,0,0.0,0.0,0.0,0.0
tornado,1100,l,reps_partition,reps_dfp,reps,-reps_partition_entropy -reps_escalate_threshold 0.5 -reps_warmup_explore_rtts 0.5 -reps_explore_prob 70,1.0,100000,5,1100,40.7107,32.744701454545456,32.4398,38.7256,40.7107,28.7894,27500,0,0,0,9813,0,0,0,0.0,0.0,0.0,0.0
tornado,1100,l,fpar_tuned,fpar,oblivious,-threshold 20750 -disable_hop_rtt_normalization,1.0,250000,1,1100,66.9469,53.599800727272694,52.8637,65.4003,66.9469,47.588,68200,9914,0,0,34502,9914,0,0,14.536656891495602,0.0,14.536656891495602,0.0
tornado,1100,l,reps_no_partition,reps_dfp,reps,,1.0,250000,1,1100,78.7522,61.06638281818179,60.555,72.3907,78.7522,52.1542,68200,122,0,0,44522,122,0,0,0.17888563049853373,0.0,0.17888563049853373,0.0
tornado,1100,l,reps_partition,reps_dfp,reps,-reps_partition_entropy -reps_escalate_threshold 0.5 -reps_warmup_explore_rtts 0.5 -reps_explore_prob 70,1.0,250000,1,1100,76.3861,61.19439336363631,60.6165,73.0661,76.3861,52.6053,68200,164,0,0,44846,164,0,0,0.2404692082111437,0.0,0.2404692082111437,0.0
tornado,1100,l,fpar_tuned,fpar,oblivious,-threshold 20750 -disable_hop_rtt_normalization,1.0,250000,2,1100,73.9803,53.87578790909088,53.137,69.9298,73.9803,45.4915,68200,9934,0,0,34488,9934,0,0,14.565982404692082,0.0,14.565982404692082,0.0
tornado,1100,l,reps_no_partition,reps_dfp,reps,,1.0,250000,2,1100,76.5773,61.96119527272731,61.551,74.9739,76.5773,51.5904,68200,59,0,0,44920,59,0,0,0.08651026392961877,0.0,0.08651026392961877,0.0
tornado,1100,l,reps_partition,reps_dfp,reps,-reps_partition_entropy -reps_escalate_threshold 0.5 -reps_warmup_explore_rtts 0.5 -reps_explore_prob 70,1.0,250000,2,1100,78.6765,61.5489223636364,60.887,75.7835,78.6765,51.4568,68200,179,0,0,44481,179,0,0,0.2624633431085044,0.0,0.2624633431085044,0.0
tornado,1100,l,fpar_tuned,fpar,oblivious,-threshold 20750 -disable_hop_rtt_normalization,1.0,250000,3,1100,71.977,53.73633336363634,52.9853,68.7082,71.977,47.259,68200,9876,0,0,34548,9876,0,0,14.480938416422287,0.0,14.480938416422287,0.0
tornado,1100,l,reps_no_partition,reps_dfp,reps,,1.0,250000,3,1100,74.8018,61.14813736363629,60.6256,72.7597,74.8018,52.5466,68200,61,0,0,44494,61,0,0,0.08944281524926687,0.0,0.08944281524926687,0.0
tornado,1100,l,reps_partition,reps_dfp,reps,-reps_partition_entropy -reps_escalate_threshold 0.5 -reps_warmup_explore_rtts 0.5 -reps_explore_prob 70,1.0,250000,3,1100,76.9246,61.02161527272733,60.5248,74.6157,76.9246,52.8616,68200,110,0,0,44572,110,0,0,0.16129032258064516,0.0,0.16129032258064516,0.0
tornado,1100,l,fpar_tuned,fpar,oblivious,-threshold 20750 -disable_hop_rtt_normalization,1.0,250000,4,1100,73.6626,53.78163281818185,53.1813,68.3955,73.6626,47.424,68200,9875,0,0,34551,9875,0,0,14.479472140762462,0.0,14.479472140762462,0.0
tornado,1100,l,reps_no_partition,reps_dfp,reps,,1.0,250000,4,1100,77.4475,61.42359645454544,60.9222,74.0968,77.4475,50.5325,68200,74,0,0,44276,74,0,0,0.10850439882697947,0.0,0.10850439882697947,0.0
tornado,1100,l,reps_partition,reps_dfp,reps,-reps_partition_entropy -reps_escalate_threshold 0.5 -reps_warmup_explore_rtts 0.5 -reps_explore_prob 70,1.0,250000,4,1100,72.9045,60.95290954545454,60.5722,71.1242,72.9045,50.7672,68200,101,0,0,44332,101,0,0,0.14809384164222875,0.0,0.14809384164222875,0.0
tornado,1100,l,fpar_tuned,fpar,oblivious,-threshold 20750 -disable_hop_rtt_normalization,1.0,250000,5,1100,71.3579,53.662980545454616,52.9403,69.7235,71.3579,45.0346,68200,9839,0,0,34462,9839,0,0,14.426686217008797,0.0,14.426686217008797,0.0
tornado,1100,l,reps_no_partition,reps_dfp,reps,,1.0,250000,5,1100,79.6248,61.6549602727272,60.9525,73.8624,79.6248,52.2146,68200,101,0,0,44582,101,0,0,0.14809384164222875,0.0,0.14809384164222875,0.0
tornado,1100,l,reps_partition,reps_dfp,reps,-reps_partition_entropy -reps_escalate_threshold 0.5 -reps_warmup_explore_rtts 0.5 -reps_explore_prob 70,1.0,250000,5,1100,77.8206,61.059242181818185,60.6307,75.2197,77.8206,51.9747,68200,243,0,0,44023,243,0,0,0.3563049853372434,0.0,0.3563049853372434,0.0
tornado,1100,l,fpar_tuned,fpar,oblivious,-threshold 20750 -disable_hop_rtt_normalization,1.0,2000000,1,1100,974.54,338.12153636363644,320.945,829.34,974.54,232.459,539000,15180,0,0,290560,15180,0,0,2.816326530612245,0.0,2.816326530612245,0.0
tornado,1100,l,reps_no_partition,reps_dfp,reps,,1.0,2000000,1,1100,559.396,356.6842045454546,352.749,510.397,559.396,243.606,539000,1562,0,0,325143,1562,0,0,0.2897959183673469,0.0,0.2897959183673469,0.0
tornado,1100,l,reps_partition,reps_dfp,reps,-reps_partition_entropy -reps_escalate_threshold 0.5 -reps_warmup_explore_rtts 0.5 -reps_explore_prob 70,1.0,2000000,1,1100,548.905,360.44560090909147,356.869,514.576,548.905,241.215,539000,2062,0,0,327703,2062,0,0,0.3825602968460111,0.0,0.3825602968460111,0.0
tornado,1100,l,fpar_tuned,fpar,oblivious,-threshold 20750 -disable_hop_rtt_normalization,1.0,2000000,2,1100,928.479,335.61067454545434,320.28,839.606,928.479,218.227,539000,14735,0,0,288774,14735,0,0,2.7337662337662336,0.0,2.7337662337662336,0.0
tornado,1100,l,reps_no_partition,reps_dfp,reps,,1.0,2000000,2,1100,570.348,357.8190990909092,355.807,514.373,570.348,228.652,539000,1335,0,0,324730,1335,0,0,0.24768089053803338,0.0,0.24768089053803338,0.0
tornado,1100,l,reps_partition,reps_dfp,reps,-reps_partition_entropy -reps_escalate_threshold 0.5 -reps_warmup_explore_rtts 0.5 -reps_explore_prob 70,1.0,2000000,2,1100,609.212,360.06436181818225,357.204,510.461,609.212,235.265,539000,2115,0,0,327793,2115,0,0,0.39239332096474955,0.0,0.39239332096474955,0.0
tornado,1100,l,fpar_tuned,fpar,oblivious,-threshold 20750 -disable_hop_rtt_normalization,1.0,2000000,3,1100,1032.74,337.62202909090917,323.515,814.39,1032.74,220.961,539000,15187,0,0,289314,15187,0,0,2.817625231910946,0.0,2.817625231910946,0.0
tornado,1100,l,reps_no_partition,reps_dfp,reps,,1.0,2000000,3,1100,600.932,355.5353963636361,353.263,504.051,600.932,238.35,539000,1388,0,0,326168,1388,0,0,0.2575139146567718,0.0,0.2575139146567718,0.0
tornado,1100,l,reps_partition,reps_dfp,reps,-reps_partition_entropy -reps_escalate_threshold 0.5 -reps_warmup_explore_rtts 0.5 -reps_explore_prob 70,1.0,2000000,3,1100,580.172,358.50711090909107,356.277,499.909,580.172,235.358,539000,1861,0,0,327643,1861,0,0,0.34526901669758814,0.0,0.34526901669758814,0.0
tornado,1100,l,fpar_tuned,fpar,oblivious,-threshold 20750 -disable_hop_rtt_normalization,1.0,2000000,4,1100,929.14,337.3519827272726,324.187,811.854,929.14,218.932,539000,15003,0,0,289752,15003,0,0,2.7834879406307977,0.0,2.7834879406307977,0.0
tornado,1100,l,reps_no_partition,reps_dfp,reps,,1.0,2000000,4,1100,584.839,356.2315754545452,353.244,490.996,584.839,228.639,539000,1442,0,0,323786,1442,0,0,0.2675324675324675,0.0,0.2675324675324675,0.0
tornado,1100,l,reps_partition,reps_dfp,reps,-reps_partition_entropy -reps_escalate_threshold 0.5 -reps_warmup_explore_rtts 0.5 -reps_explore_prob 70,1.0,2000000,4,1100,571.224,360.51474181818213,356.927,507.376,571.224,228.704,539000,1901,0,0,326363,1901,0,0,0.35269016697588124,0.0,0.35269016697588124,0.0
tornado,1100,l,fpar_tuned,fpar,oblivious,-threshold 20750 -disable_hop_rtt_normalization,1.0,2000000,5,1100,956.4,336.0518581818176,323.719,837.392,956.4,218.19,539000,15355,0,0,291656,15355,0,0,2.8487940630797772,0.0,2.8487940630797772,0.0
tornado,1100,l,reps_no_partition,reps_dfp,reps,,1.0,2000000,5,1100,573.68,357.84911636363654,356.338,500.933,573.68,225.526,539000,1692,0,0,324068,1692,0,0,0.31391465677179964,0.0,0.31391465677179964,0.0
tornado,1100,l,reps_partition,reps_dfp,reps,-reps_partition_entropy -reps_escalate_threshold 0.5 -reps_warmup_explore_rtts 0.5 -reps_explore_prob 70,1.0,2000000,5,1100,623.812,358.8266800000002,356.792,515.966,623.812,231.569,539000,2206,0,0,326958,2206,0,0,0.40927643784786644,0.0,0.40927643784786644,0.0
tornado,1100,l,fpar_tuned,fpar,oblivious,-threshold 20750 -disable_hop_rtt_normalization,1.0,5000000,1,1100,1950.46,762.9356790909077,731.72,1710.95,1950.46,529.242,1346400,18014,0,0,659086,18014,0,0,1.3379382055852644,0.0,1.3379382055852644,0.0
tornado,1100,l,reps_no_partition,reps_dfp,reps,,1.0,5000000,1,1100,1276.08,829.7228954545456,824.001,1135.58,1276.08,583.758,1346400,1755,0,0,780009,1755,0,0,0.1303475935828877,0.0,0.1303475935828877,0.0
tornado,1100,l,reps_partition,reps_dfp,reps,-reps_partition_entropy -reps_escalate_threshold 0.5 -reps_warmup_explore_rtts 0.5 -reps_explore_prob 70,1.0,5000000,1,1100,1271.41,836.8246381818185,831.11,1128.77,1271.41,556.654,1346400,2157,0,0,788660,2157,0,0,0.16020499108734404,0.0,0.16020499108734404,0.0
tornado,1100,l,fpar_tuned,fpar,oblivious,-threshold 20750 -disable_hop_rtt_normalization,1.0,5000000,2,1100,1916.34,762.6702145454552,729.796,1664.76,1916.34,497.883,1346400,17329,0,0,660073,17329,0,0,1.2870617944147356,0.0,1.2870617944147356,0.0
tornado,1100,l,reps_no_partition,reps_dfp,reps,,1.0,5000000,2,1100,1353.13,831.312098181818,828.296,1134.2,1353.13,555.127,1346400,1482,0,0,783231,1482,0,0,0.11007130124777184,0.0,0.11007130124777184,0.0
tornado,1100,l,reps_partition,reps_dfp,reps,-reps_partition_entropy -reps_escalate_threshold 0.5 -reps_warmup_explore_rtts 0.5 -reps_explore_prob 70,1.0,5000000,2,1100,1382.2,838.6635036363635,836.9,1117.64,1382.2,555.986,1346400,2359,0,0,787248,2359,0,0,0.17520796197266786,0.0,0.17520796197266786,0.0
tornado,1100,l,fpar_tuned,fpar,oblivious,-threshold 20750 -disable_hop_rtt_normalization,1.0,5000000,3,1100,2438.34,763.749735454546,741.959,1592.07,2438.34,515.861,1346400,18272,0,0,661575,18272,0,0,1.3571004159239453,0.0,1.3571004159239453,0.0
tornado,1100,l,reps_no_partition,reps_dfp,reps,,1.0,5000000,3,1100,1357.96,827.8076900000012,825.947,1127.33,1357.96,564.136,1346400,1494,0,0,782788,1494,0,0,0.11096256684491979,0.0,0.11096256684491979,0.0
tornado,1100,l,reps_partition,reps_dfp,reps,-reps_partition_entropy -reps_escalate_threshold 0.5 -reps_warmup_explore_rtts 0.5 -reps_explore_prob 70,1.0,5000000,3,1100,1265.22,834.5520363636368,830.654,1121.98,1265.22,560.836,1346400,2093,0,0,790046,2093,0,0,0.15545157456922162,0.0,0.15545157456922162,0.0
tornado,1100,l,fpar_tuned,fpar,oblivious,-threshold 20750 -disable_hop_rtt_normalization,1.0,5000000,4,1100,1773.33,764.5253409090906,732.458,1659.24,1773.33,504.633,1346400,17903,0,0,662162,17903,0,0,1.3296939988116458,0.0,1.3296939988116458,0.0
tornado,1100,l,reps_no_partition,reps_dfp,reps,,1.0,5000000,4,1100,1313.74,827.0799927272728,824.244,1114.42,1313.74,550.858,1346400,1596,0,0,777454,1596,0,0,0.11853832442067737,0.0,0.11853832442067737,0.0
tornado,1100,l,reps_partition,reps_dfp,reps,-reps_partition_entropy -reps_escalate_threshold 0.5 -reps_warmup_explore_rtts 0.5 -reps_explore_prob 70,1.0,5000000,4,1100,1302.14,834.764786363636,834.884,1123.14,1302.14,556.538,1346400,2117,0,0,782748,2117,0,0,0.15723410576351754,0.0,0.15723410576351754,0.0
tornado,1100,l,fpar_tuned,fpar,oblivious,-threshold 20750 -disable_hop_rtt_normalization,1.0,5000000,5,1100,2087.75,762.7626118181819,735.413,1777.56,2087.75,497.902,1346400,18059,0,0,662972,18059,0,0,1.3412804515745693,0.0,1.3412804515745693,0.0
tornado,1100,l,reps_no_partition,reps_dfp,reps,,1.0,5000000,5,1100,1297.49,830.9881545454546,828.331,1116.74,1297.49,539.035,1346400,1833,0,0,779795,1833,0,0,0.13614081996434937,0.0,0.13614081996434937,0.0
tornado,1100,l,reps_partition,reps_dfp,reps,-reps_partition_entropy -reps_escalate_threshold 0.5 -reps_warmup_explore_rtts 0.5 -reps_explore_prob 70,1.0,5000000,5,1100,1351.91,833.8161972727256,836.47,1169.49,1351.91,545.721,1346400,2397,0,0,786060,2397,0,0,0.17803030303030304,0.0,0.17803030303030304,0.0
tornado,1100,l,fpar_tuned,fpar,oblivious,-threshold 20750 -disable_hop_rtt_normalization,1.0,10000000,1,1100,3804.0,1492.4429999999982,1450.85,3229.33,3804.0,1020.79,2692800,21919,0,0,1291971,21919,0,0,0.8139854426619133,0.0,0.8139854426619133,0.0
tornado,1100,l,reps_no_partition,reps_dfp,reps,,1.0,10000000,1,1100,2418.68,1618.1285363636366,1613.33,2178.99,2418.68,1168.08,2692800,1947,0,0,1542206,1947,0,0,0.07230392156862746,0.0,0.07230392156862746,0.0
tornado,1100,l,reps_partition,reps_dfp,reps,-reps_partition_entropy -reps_escalate_threshold 0.5 -reps_warmup_explore_rtts 0.5 -reps_explore_prob 70,1.0,10000000,1,1100,2453.98,1630.6146818181828,1633.43,2158.46,2453.98,1098.75,2692800,2401,0,0,1562131,2401,0,0,0.08916369578134284,0.0,0.08916369578134284,0.0
tornado,1100,l,fpar_tuned,fpar,oblivious,-threshold 20750 -disable_hop_rtt_normalization,1.0,10000000,2,1100,3827.83,1505.793763636362,1449.47,3622.19,3827.83,964.32,2692800,22385,0,0,1287743,22385,0,0,0.8312908496732027,0.0,0.8312908496732027,0.0
tornado,1100,l,reps_no_partition,reps_dfp,reps,,1.0,10000000,2,1100,2491.89,1619.3054000000002,1620.18,2179.98,2491.89,1081.02,2692800,1846,0,0,1541391,1846,0,0,0.06855317884729649,0.0,0.06855317884729649,0.0
tornado,1100,l,reps_partition,reps_dfp,reps,-reps_partition_entropy -reps_escalate_threshold 0.5 -reps_warmup_explore_rtts 0.5 -reps_explore_prob 70,1.0,10000000,2,1100,2577.9,1628.9466727272722,1635.3,2128.8,2577.9,1092.76,2692800,2686,0,0,1555960,2686,0,0,0.09974747474747475,0.0,0.09974747474747475,0.0
tornado,1100,l,fpar_tuned,fpar,oblivious,-threshold 20750 -disable_hop_rtt_normalization,1.0,10000000,3,1100,4211.18,1495.2666645454556,1452.68,3131.65,4211.18,985.861,2692800,22326,0,0,1290592,22326,0,0,0.8290998217468806,0.0,0.8290998217468806,0.0
tornado,1100,l,reps_no_partition,reps_dfp,reps,,1.0,10000000,3,1100,2476.22,1612.533672727273,1613.34,2166.29,2476.22,1096.54,2692800,1625,0,0,1542682,1625,0,0,0.060346108140225785,0.0,0.060346108140225785,0.0
tornado,1100,l,reps_partition,reps_dfp,reps,-reps_partition_entropy -reps_escalate_threshold 0.5 -reps_warmup_explore_rtts 0.5 -reps_explore_prob 70,1.0,10000000,3,1100,2329.12,1629.422027272727,1630.45,2174.75,2329.12,1099.86,2692800,2250,0,0,1557767,2250,0,0,0.08355614973262032,0.0,0.08355614973262032,0.0
tornado,1100,l,fpar_tuned,fpar,oblivious,-threshold 20750 -disable_hop_rtt_normalization,1.0,10000000,4,1100,3488.62,1496.5799618181834,1454.08,3154.01,3488.62,980.409,2692800,22041,0,0,1289424,22041,0,0,0.8185160427807486,0.0,0.8185160427807486,0.0
tornado,1100,l,reps_no_partition,reps_dfp,reps,,1.0,10000000,4,1100,2424.1,1611.9757272727281,1615.56,2188.66,2424.1,1090.62,2692800,1923,0,0,1535523,1923,0,0,0.0714126559714795,0.0,0.0714126559714795,0.0
tornado,1100,l,reps_partition,reps_dfp,reps,-reps_partition_entropy -reps_escalate_threshold 0.5 -reps_warmup_explore_rtts 0.5 -reps_explore_prob 70,1.0,10000000,4,1100,2401.89,1626.3714999999986,1626.97,2151.64,2401.89,1092.37,2692800,2257,0,0,1551470,2257,0,0,0.08381610219845514,0.0,0.08381610219845514,0.0
tornado,1100,l,fpar_tuned,fpar,oblivious,-threshold 20750 -disable_hop_rtt_normalization,1.0,10000000,5,1100,4185.75,1493.7779890909087,1452.46,3586.05,4185.75,966.481,2692800,21678,0,0,1291112,21678,0,0,0.8050356506238859,0.0,0.8050356506238859,0.0
tornado,1100,l,reps_no_partition,reps_dfp,reps,,1.0,10000000,5,1100,2501.42,1619.7132909090913,1619.55,2089.92,2501.42,1053.02,2692800,2135,0,0,1536492,2135,0,0,0.07928550207961972,0.0,0.07928550207961972,0.0
tornado,1100,l,reps_partition,reps_dfp,reps,-reps_partition_entropy -reps_escalate_threshold 0.5 -reps_warmup_explore_rtts 0.5 -reps_explore_prob 70,1.0,10000000,5,1100,2455.99,1626.7939909090915,1632.01,2177.24,2455.99,1075.66,2692800,2594,0,0,1552909,2594,0,0,0.09633095662507427,0.0,0.09633095662507427,0.0
permutation,1100,l,fpar_tuned,fpar,oblivious,-threshold 20750 -disable_hop_rtt_normalization,0.6,100000,1,660,30.6096,26.591034999999994,26.4843,29.2816,30.6096,24.1416,16500,0,0,0,5098,0,0,0,0.0,0.0,0.0,0.0
permutation,1100,l,reps_no_partition,reps_dfp,reps,,0.6,100000,1,660,32.937,27.40723954545459,27.1398,31.473,32.937,24.9587,16500,0,0,0,5112,0,0,0,0.0,0.0,0.0,0.0
permutation,1100,l,reps_partition,reps_dfp,reps,-reps_partition_entropy -reps_escalate_threshold 0.5 -reps_warmup_explore_rtts 0.5 -reps_explore_prob 70,0.6,100000,1,660,32.4398,27.738737727272756,27.4667,31.7896,32.4398,24.809,16500,0,0,0,5176,0,0,0,0.0,0.0,0.0,0.0
permutation,1100,l,fpar_tuned,fpar,oblivious,-threshold 20750 -disable_hop_rtt_normalization,0.6,100000,2,660,29.4416,26.5991515151515,26.6136,28.9496,29.4416,24.477,16500,0,0,0,5089,0,0,0,0.0,0.0,0.0,0.0
permutation,1100,l,reps_no_partition,reps_dfp,reps,,0.6,100000,2,660,35.421,27.728009696969732,27.477,32.789,35.421,25.3096,16500,0,0,0,5139,0,0,0,0.0,0.0,0.0,0.0
permutation,1100,l,reps_partition,reps_dfp,reps,-reps_partition_entropy -reps_escalate_threshold 0.5 -reps_warmup_explore_rtts 0.5 -reps_explore_prob 70,0.6,100000,2,660,32.2696,27.803233939393955,27.6301,31.6414,32.2696,24.8038,16500,0,0,0,5171,0,0,0,0.0,0.0,0.0,0.0
permutation,1100,l,fpar_tuned,fpar,oblivious,-threshold 20750 -disable_hop_rtt_normalization,0.6,100000,3,660,33.4376,26.622134242424213,26.4707,29.9576,33.4376,24.4821,16500,0,0,0,5100,0,0,0,0.0,0.0,0.0,0.0
permutation,1100,l,reps_no_partition,reps_dfp,reps,,0.6,100000,3,660,33.121,27.53870257575757,27.4496,31.793,33.121,24.9776,16500,0,0,0,5131,0,0,0,0.0,0.0,0.0,0.0
permutation,1100,l,reps_partition,reps_dfp,reps,-reps_partition_entropy -reps_escalate_threshold 0.5 -reps_warmup_explore_rtts 0.5 -reps_explore_prob 70,0.6,100000,3,660,32.789,27.591012575757567,27.3016,31.2787,32.789,25.1376,16500,0,0,0,5138,0,0,0,0.0,0.0,0.0,0.0
permutation,1100,l,fpar_tuned,fpar,oblivious,-threshold 20750 -disable_hop_rtt_normalization,0.6,100000,4,660,30.7696,26.601974545454528,26.6136,28.9496,30.7696,24.4616,16500,0,0,0,5086,0,0,0,0.0,0.0,0.0,0.0
permutation,1100,l,reps_no_partition,reps_dfp,reps,,0.6,100000,4,660,32.7736,27.536480909090923,27.3016,31.2736,32.7736,24.8038,16500,0,0,0,5127,0,0,0,0.0,0.0,0.0,0.0
permutation,1100,l,reps_partition,reps_dfp,reps,-reps_partition_entropy -reps_escalate_threshold 0.5 -reps_warmup_explore_rtts 0.5 -reps_explore_prob 70,0.6,100000,4,660,32.1027,27.62946803030302,27.4616,31.4096,32.1027,24.8158,16500,0,0,0,5143,0,0,0,0.0,0.0,0.0,0.0
permutation,1100,l,fpar_tuned,fpar,oblivious,-threshold 20750 -disable_hop_rtt_normalization,0.6,100000,5,660,31.2616,26.61620000000003,26.4758,29.2696,31.2616,24.1416,16500,0,0,0,5095,0,0,0,0.0,0.0,0.0,0.0
permutation,1100,l,reps_no_partition,reps_dfp,reps,,0.6,100000,5,660,33.121,27.58355621212123,27.3016,31.977,33.121,24.8107,16500,0,0,0,5148,0,0,0,0.0,0.0,0.0,0.0
permutation,1100,l,reps_partition,reps_dfp,reps,-reps_partition_entropy -reps_escalate_threshold 0.5 -reps_warmup_explore_rtts 0.5 -reps_explore_prob 70,0.6,100000,5,660,33.317,27.82834954545458,27.5976,31.9376,33.317,24.8056,16500,0,0,0,5172,0,0,0,0.0,0.0,0.0,0.0
permutation,1100,l,fpar_tuned,fpar,oblivious,-threshold 20750 -disable_hop_rtt_normalization,0.6,250000,1,660,53.2086,43.695546060606034,43.0371,51.8152,53.2086,36.704,40920,246,0,0,13370,246,0,0,0.6011730205278593,0.0,0.6011730205278593,0.0
permutation,1100,l,reps_no_partition,reps_dfp,reps,,0.6,250000,1,660,57.3659,46.790218181818176,46.5576,55.8416,57.3659,39.9966,40920,0,0,0,14742,0,0,0,0.0,0.0,0.0,0.0
permutation,1100,l,reps_partition,reps_dfp,reps,-reps_partition_entropy -reps_escalate_threshold 0.5 -reps_warmup_explore_rtts 0.5 -reps_explore_prob 70,0.6,250000,1,660,58.907,47.37718060606059,46.9533,55.6618,58.907,38.9922,40920,0,0,0,15178,0,0,0,0.0,0.0,0.0,0.0
permutation,1100,l,fpar_tuned,fpar,oblivious,-threshold 20750 -disable_hop_rtt_normalization,0.6,250000,2,660,53.3344,43.78204833333337,42.971,52.273,53.3344,37.647,40920,309,0,0,13550,309,0,0,0.7551319648093842,0.0,0.7551319648093842,0.0
permutation,1100,l,reps_no_partition,reps_dfp,reps,,0.6,250000,2,660,58.525,47.8418325757575,47.5656,57.3005,58.525,40.635,40920,0,0,0,15258,0,0,0,0.0,0.0,0.0,0.0
permutation,1100,l,reps_partition,reps_dfp,reps,-reps_partition_entropy -reps_escalate_threshold 0.5 -reps_warmup_explore_rtts 0.5 -reps_explore_prob 70,0.6,250000,2,660,58.7059,47.9290524242424,47.8976,56.3438,58.7059,40.2376,40920,0,0,0,15502,0,0,0,0.0,0.0,0.0,0.0
permutation,1100,l,fpar_tuned,fpar,oblivious,-threshold 20750 -disable_hop_rtt_normalization,0.6,250000,3,660,53.5176,43.53871712121209,42.5718,51.6954,53.5176,37.9136,40920,306,0,0,13504,306,0,0,0.7478005865102639,0.0,0.7478005865102639,0.0
permutation,1100,l,reps_no_partition,reps_dfp,reps,,0.6,250000,3,660,56.6758,47.210865000000034,47.0187,54.2038,56.6758,40.2194,40920,0,0,0,15154,0,0,0,0.0,0.0,0.0,0.0
permutation,1100,l,reps_partition,reps_dfp,reps,-reps_partition_entropy -reps_escalate_threshold 0.5 -reps_warmup_explore_rtts 0.5 -reps_explore_prob 70,0.6,250000,3,660,60.2675,47.00017287878788,46.611,56.6035,60.2675,40.967,40920,0,0,0,15197,0,0,0,0.0,0.0,0.0,0.0
permutation,1100,l,fpar_tuned,fpar,oblivious,-threshold 20750 -disable_hop_rtt_normalization,0.6,250000,4,660,52.4789,44.005042575757564,43.5576,51.3882,52.4789,37.327,40920,413,0,0,13578,413,0,0,1.009286412512219,0.0,1.009286412512219,0.0
permutation,1100,l,reps_no_partition,reps_dfp,reps,,0.6,250000,4,660,57.1696,47.12681878787879,46.929,55.5096,57.1696,39.5451,40920,0,0,0,15159,0,0,0,0.0,0.0,0.0,0.0
permutation,1100,l,reps_partition,reps_dfp,reps,-reps_partition_entropy -reps_escalate_threshold 0.5 -reps_warmup_explore_rtts 0.5 -reps_explore_prob 70,0.6,250000,4,660,60.247,47.57470378787884,47.6122,56.6485,60.247,39.5736,40920,0,0,0,15347,0,0,0,0.0,0.0,0.0,0.0
permutation,1100,l,fpar_tuned,fpar,oblivious,-threshold 20750 -disable_hop_rtt_normalization,0.6,250000,5,660,52.8763,43.4872333333333,42.7642,51.5432,52.8763,37.659,40920,423,0,0,13538,423,0,0,1.033724340175953,0.0,1.033724340175953,0.0
permutation,1100,l,reps_no_partition,reps_dfp,reps,,0.6,250000,5,660,59.2442,47.4329471212121,47.2096,55.907,59.2442,40.3333,40920,1,0,0,15049,1,0,0,0.0024437927663734115,0.0,0.0024437927663734115,0.0
permutation,1100,l,reps_partition,reps_dfp,reps,-reps_partition_entropy -reps_escalate_threshold 0.5 -reps_warmup_explore_rtts 0.5 -reps_explore_prob 70,0.6,250000,5,660,57.5224,47.20201318181819,47.0085,54.125,57.5224,40.1912,40920,0,0,0,15370,0,0,0,0.0,0.0,0.0,0.0
permutation,1100,l,fpar_tuned,fpar,oblivious,-threshold 20750 -disable_hop_rtt_normalization,0.6,2000000,1,660,435.497,220.10847727272719,208.216,343.119,435.497,190.819,323400,1094,0,0,123397,1094,0,0,0.33828076685219544,0.0,0.33828076685219544,0.0
permutation,1100,l,reps_no_partition,reps_dfp,reps,,0.6,2000000,1,660,364.381,242.58794848484862,241.191,312.631,364.381,210.913,323400,83,0,0,148434,83,0,0,0.025664811379097093,0.0,0.025664811379097093,0.0
permutation,1100,l,reps_partition,reps_dfp,reps,-reps_partition_entropy -reps_escalate_threshold 0.5 -reps_warmup_explore_rtts 0.5 -reps_explore_prob 70,0.6,2000000,1,660,358.386,243.63898484848497,241.559,330.832,358.386,209.462,323400,143,0,0,151592,143,0,0,0.04421768707482993,0.0,0.04421768707482993,0.0
permutation,1100,l,fpar_tuned,fpar,oblivious,-threshold 20750 -disable_hop_rtt_normalization,0.6,2000000,2,660,392.242,221.49445757575762,209.903,345.357,392.242,194.644,323400,1251,0,0,124050,1251,0,0,0.3868274582560297,0.0,0.3868274582560297,0.0
permutation,1100,l,reps_no_partition,reps_dfp,reps,,0.6,2000000,2,660,400.308,245.5750181818181,241.2,329.08,400.308,210.968,323400,197,0,0,151275,197,0,0,0.06091527520098949,0.0,0.06091527520098949,0.0
permutation,1100,l,reps_partition,reps_dfp,reps,-reps_partition_entropy -reps_escalate_threshold 0.5 -reps_warmup_explore_rtts 0.5 -reps_explore_prob 70,0.6,2000000,2,660,367.673,245.31386060606076,241.66,332.68,367.673,208.579,323400,229,0,0,153335,229,0,0,0.07081014223871367,0.0,0.07081014223871367,0.0
permutation,1100,l,fpar_tuned,fpar,oblivious,-threshold 20750 -disable_hop_rtt_normalization,0.6,2000000,3,660,392.354,218.98509242424228,207.799,346.402,392.354,192.864,323400,1110,0,0,122366,1110,0,0,0.3432282003710575,0.0,0.3432282003710575,0.0
permutation,1100,l,reps_no_partition,reps_dfp,reps,,0.6,2000000,3,660,380.284,243.6748848484844,240.504,318.492,380.284,215.016,323400,133,0,0,149347,133,0,0,0.04112554112554113,0.0,0.04112554112554113,0.0
permutation,1100,l,reps_partition,reps_dfp,reps,-reps_partition_entropy -reps_escalate_threshold 0.5 -reps_warmup_explore_rtts 0.5 -reps_explore_prob 70,0.6,2000000,3,660,400.534,243.8136621212122,240.214,340.717,400.534,212.427,323400,124,0,0,151400,124,0,0,0.0383426097711812,0.0,0.0383426097711812,0.0
permutation,1100,l,fpar_tuned,fpar,oblivious,-threshold 20750 -disable_hop_rtt_normalization,0.6,2000000,4,660,397.513,222.1316454545454,209.418,358.752,397.513,191.995,323400,1366,0,0,124300,1366,0,0,0.42238713667285094,0.0,0.42238713667285094,0.0
permutation,1100,l,reps_no_partition,reps_dfp,reps,,0.6,2000000,4,660,365.243,243.95108333333363,241.985,310.352,365.243,212.367,323400,86,0,0,152346,86,0,0,0.026592455163883734,0.0,0.026592455163883734,0.0
permutation,1100,l,reps_partition,reps_dfp,reps,-reps_partition_entropy -reps_escalate_threshold 0.5 -reps_warmup_explore_rtts 0.5 -reps_explore_prob 70,0.6,2000000,4,660,391.008,245.198446969697,241.801,333.155,391.008,208.54,323400,195,0,0,153206,195,0,0,0.06029684601113173,0.0,0.06029684601113173,0.0
permutation,1100,l,fpar_tuned,fpar,oblivious,-threshold 20750 -disable_hop_rtt_normalization,0.6,2000000,5,660,356.037,220.30787727272767,208.267,338.608,356.037,193.283,323400,1066,0,0,124292,1066,0,0,0.32962275819418674,0.0,0.32962275819418674,0.0
permutation,1100,l,reps_no_partition,reps_dfp,reps,,0.6,2000000,5,660,401.012,245.08516666666665,240.38,345.35,401.012,208.655,323400,123,0,0,148802,123,0,0,0.038033395176252316,0.0,0.038033395176252316,0.0
permutation,1100,l,reps_partition,reps_dfp,reps,-reps_partition_entropy -reps_escalate_threshold 0.5 -reps_warmup_explore_rtts 0.5 -reps_explore_prob 70,0.6,2000000,5,660,403.893,243.79766060606053,239.282,355.995,403.893,208.183,323400,89,0,0,149926,89,0,0,0.027520098948670378,0.0,0.027520098948670378,0.0
permutation,1100,l,fpar_tuned,fpar,oblivious,-threshold 20750 -disable_hop_rtt_normalization,0.6,5000000,1,660,1016.08,530.5255484848483,490.865,924.398,1016.08,451.928,807840,1627,0,0,308693,1627,0,0,0.20140126757773816,0.0,0.20140126757773816,0.0
permutation,1100,l,reps_no_partition,reps_dfp,reps,,0.6,5000000,1,660,840.175,576.0688590909085,569.99,720.364,840.175,501.191,807840,85,0,0,364441,85,0,0,0.010521885521885523,0.0,0.010521885521885523,0.0
permutation,1100,l,reps_partition,reps_dfp,reps,-reps_partition_entropy -reps_escalate_threshold 0.5 -reps_warmup_explore_rtts 0.5 -reps_explore_prob 70,0.6,5000000,1,660,828.204,581.1618121212116,571.035,760.938,828.204,492.386,807840,161,0,0,370460,161,0,0,0.019929689047336108,0.0,0.019929689047336108,0.0
permutation,1100,l,fpar_tuned,fpar,oblivious,-threshold 20750 -disable_hop_rtt_normalization,0.6,5000000,2,660,1017.59,529.7740424242427,495.547,910.283,1017.59,457.048,807840,2019,0,0,306545,2019,0,0,0.24992572786690434,0.0,0.24992572786690434,0.0
permutation,1100,l,reps_no_partition,reps_dfp,reps,,0.6,5000000,2,660,911.356,580.6952454545454,569.146,752.383,911.356,496.752,807840,233,0,0,366501,233,0,0,0.028842345018815607,0.0,0.028842345018815607,0.0
permutation,1100,l,reps_partition,reps_dfp,reps,-reps_partition_entropy -reps_escalate_threshold 0.5 -reps_warmup_explore_rtts 0.5 -reps_explore_prob 70,0.6,5000000,2,660,852.318,584.5852106060611,571.041,799.244,852.318,494.145,807840,266,0,0,372579,266,0,0,0.032927312339077044,0.0,0.032927312339077044,0.0
permutation,1100,l,fpar_tuned,fpar,oblivious,-threshold 20750 -disable_hop_rtt_normalization,0.6,5000000,3,660,1191.75,524.9942484848488,491.472,988.489,1191.75,457.677,807840,1731,0,0,305220,1731,0,0,0.21427510398098634,0.0,0.21427510398098634,0.0
permutation,1100,l,reps_no_partition,reps_dfp,reps,,0.6,5000000,3,660,901.334,578.3789666666667,566.742,727.732,901.334,510.818,807840,133,0,0,365822,133,0,0,0.016463656169538522,0.0,0.016463656169538522,0.0
permutation,1100,l,reps_partition,reps_dfp,reps,-reps_partition_entropy -reps_escalate_threshold 0.5 -reps_warmup_explore_rtts 0.5 -reps_explore_prob 70,0.6,5000000,3,660,893.459,580.4315000000007,565.997,786.934,893.459,496.789,807840,149,0,0,371105,149,0,0,0.018444246385422854,0.0,0.018444246385422854,0.0
permutation,1100,l,fpar_tuned,fpar,oblivious,-threshold 20750 -disable_hop_rtt_normalization,0.6,5000000,4,660,999.652,529.3515212121218,493.244,901.89,999.652,454.32,807840,1756,0,0,308536,1756,0,0,0.2173697761933056,0.0,0.2173697761933056,0.0
permutation,1100,l,reps_no_partition,reps_dfp,reps,,0.6,5000000,4,660,840.15,578.8474984848485,572.143,738.663,840.15,499.346,807840,108,0,0,369507,108,0,0,0.013368983957219251,0.0,0.013368983957219251,0.0
permutation,1100,l,reps_partition,reps_dfp,reps,-reps_partition_entropy -reps_escalate_threshold 0.5 -reps_warmup_explore_rtts 0.5 -reps_explore_prob 70,0.6,5000000,4,660,890.556,582.6262227272722,572.432,777.79,890.556,492.411,807840,228,0,0,373346,228,0,0,0.028223410576351752,0.0,0.028223410576351752,0.0
permutation,1100,l,fpar_tuned,fpar,oblivious,-threshold 20750 -disable_hop_rtt_normalization,0.6,5000000,5,660,1010.91,528.7948909090914,491.932,859.16,1010.91,459.09,807840,1564,0,0,310071,1564,0,0,0.1936026936026936,0.0,0.1936026936026936,0.0
permutation,1100,l,reps_no_partition,reps_dfp,reps,,0.6,5000000,5,660,859.676,579.4049030303036,567.402,776.943,859.676,500.262,807840,130,0,0,363377,130,0,0,0.01609229550406021,0.0,0.01609229550406021,0.0
permutation,1100,l,reps_partition,reps_dfp,reps,-reps_partition_entropy -reps_escalate_threshold 0.5 -reps_warmup_explore_rtts 0.5 -reps_explore_prob 70,0.6,5000000,5,660,924.513,581.324034848485,568.915,786.543,924.513,493.166,807840,96,0,0,372086,96,0,0,0.011883541295306001,0.0,0.011883541295306001,0.0
permutation,1100,l,fpar_tuned,fpar,oblivious,-threshold 20750 -disable_hop_rtt_normalization,0.6,10000000,1,660,2279.28,1052.777377272726,964.448,1861.63,2279.28,891.304,1615680,2169,0,0,620036,2169,0,0,0.13424688057040998,0.0,0.13424688057040998,0.0
permutation,1100,l,reps_no_partition,reps_dfp,reps,,0.6,10000000,1,660,1510.56,1131.6621545454536,1116.58,1429.92,1510.56,977.655,1615680,112,0,0,722821,112,0,0,0.0069320657555951674,0.0,0.0069320657555951674,0.0
permutation,1100,l,reps_partition,reps_dfp,reps,-reps_partition_entropy -reps_escalate_threshold 0.5 -reps_warmup_explore_rtts 0.5 -reps_explore_prob 70,0.6,10000000,1,660,1607.93,1146.1395712121218,1122.85,1471.3,1607.93,962.607,1615680,308,0,0,738351,308,0,0,0.01906318082788671,0.0,0.01906318082788671,0.0
permutation,1100,l,fpar_tuned,fpar,oblivious,-threshold 20750 -disable_hop_rtt_normalization,0.6,10000000,2,660,2106.81,1054.0843818181818,968.656,1926.36,2106.81,897.794,1615680,2607,0,0,620024,2607,0,0,0.1613562091503268,0.0,0.1613562091503268,0.0
permutation,1100,l,reps_no_partition,reps_dfp,reps,,0.6,10000000,2,660,1654.74,1141.7342787878788,1116.38,1440.07,1654.74,984.772,1615680,293,0,0,726503,293,0,0,0.01813477916419093,0.0,0.01813477916419093,0.0
permutation,1100,l,reps_partition,reps_dfp,reps,-reps_partition_entropy -reps_escalate_threshold 0.5 -reps_warmup_explore_rtts 0.5 -reps_explore_prob 70,0.6,10000000,2,660,1645.88,1152.1616742424246,1121.61,1527.67,1645.88,975.752,1615680,369,0,0,740311,369,0,0,0.02283868092691622,0.0,0.02283868092691622,0.0
permutation,1100,l,fpar_tuned,fpar,oblivious,-threshold 20750 -disable_hop_rtt_normalization,0.6,10000000,3,660,2360.41,1043.6329015151518,963.321,1970.01,2360.41,899.357,1615680,2174,0,0,614516,2174,0,0,0.1345563477916419,0.0,0.1345563477916419,0.0
permutation,1100,l,reps_no_partition,reps_dfp,reps,,0.6,10000000,3,660,1630.76,1137.8053954545444,1111.56,1440.21,1630.76,998.751,1615680,184,0,0,725691,184,0,0,0.011388393741334917,0.0,0.011388393741334917,0.0
permutation,1100,l,reps_partition,reps_dfp,reps,-reps_partition_entropy -reps_escalate_threshold 0.5 -reps_warmup_explore_rtts 0.5 -reps_explore_prob 70,0.6,10000000,3,660,1608.22,1143.7876090909085,1113.72,1532.97,1608.22,985.967,1615680,220,0,0,737568,220,0,0,0.013616557734204794,0.0,0.013616557734204794,0.0
permutation,1100,l,fpar_tuned,fpar,oblivious,-threshold 20750 -disable_hop_rtt_normalization,0.6,10000000,4,660,2033.29,1044.5253787878785,966.351,1892.95,2033.29,886.776,1615680,2353,0,0,619548,2353,0,0,0.1456352743117449,0.0,0.1456352743117449,0.0
permutation,1100,l,reps_no_partition,reps_dfp,reps,,0.6,10000000,4,660,1558.02,1137.1999303030298,1121.35,1438.85,1558.02,970.73,1615680,125,0,0,730977,125,0,0,0.007736680530798178,0.0,0.007736680530798178,0.0
permutation,1100,l,reps_partition,reps_dfp,reps,-reps_partition_entropy -reps_escalate_threshold 0.5 -reps_warmup_explore_rtts 0.5 -reps_explore_prob 70,0.6,10000000,4,660,1573.61,1147.8872257575767,1123.68,1507.04,1573.61,967.375,1615680,265,0,0,741994,265,0,0,0.016401762725292136,0.0,0.016401762725292136,0.0
permutation,1100,l,fpar_tuned,fpar,oblivious,-threshold 20750 -disable_hop_rtt_normalization,0.6,10000000,5,660,1906.81,1047.0958181818187,964.947,1732.64,1906.81,901.221,1615680,2134,0,0,621172,2134,0,0,0.1320806100217865,0.0,0.1320806100217865,0.0
permutation,1100,l,reps_no_partition,reps_dfp,reps,,0.6,10000000,5,660,1591.62,1139.4090757575761,1115.99,1474.53,1591.62,983.955,1615680,131,0,0,725741,131,0,0,0.00810804119627649,0.0,0.00810804119627649,0.0
permutation,1100,l,reps_partition,reps_dfp,reps,-reps_partition_entropy -reps_escalate_threshold 0.5 -reps_warmup_explore_rtts 0.5 -reps_explore_prob 70,0.6,10000000,5,660,1692.09,1147.5696439393935,1115.81,1552.53,1692.09,977.432,1615680,114,0,0,740111,114,0,0,0.007055852644087938,0.0,0.007055852644087938,0.0
permutation,1100,l,fpar_tuned,fpar,oblivious,-threshold 20750 -disable_hop_rtt_normalization,0.7,100000,1,770,30.6096,27.14832337662337,27.1261,29.4416,30.6096,24.4667,19250,0,0,0,5983,0,0,0,0.0,0.0,0.0,0.0
permutation,1100,l,reps_no_partition,reps_dfp,reps,,0.7,100000,1,770,34.757,28.839022987012996,28.6176,33.7696,34.757,25.6416,19250,0,0,0,6079,0,0,0,0.0,0.0,0.0,0.0
permutation,1100,l,reps_partition,reps_dfp,reps,-reps_partition_entropy -reps_escalate_threshold 0.5 -reps_warmup_explore_rtts 0.5 -reps_explore_prob 70,0.7,100000,1,770,36.625,29.04738740259741,28.7827,33.625,36.625,25.4696,19250,0,0,0,6139,0,0,0,0.0,0.0,0.0,0.0
permutation,1100,l,fpar_tuned,fpar,oblivious,-threshold 20750 -disable_hop_rtt_normalization,0.7,100000,2,770,30.6096,27.121491038961047,27.1278,29.2816,30.6096,24.7987,19250,0,0,0,5958,0,0,0,0.0,0.0,0.0,0.0
permutation,1100,l,reps_no_partition,reps_dfp,reps,,0.7,100000,2,770,34.301,28.702702857142867,28.4576,32.309,34.301,25.6176,19250,0,0,0,6075,0,0,0,0.0,0.0,0.0,0.0
permutation,1100,l,reps_partition,reps_dfp,reps,-reps_partition_entropy -reps_escalate_threshold 0.5 -reps_warmup_explore_rtts 0.5 -reps_explore_prob 70,0.7,100000,2,770,34.0896,28.839868571428546,28.6296,33.0957,34.0896,25.7896,19250,0,0,0,6072,0,0,0,0.0,0.0,0.0,0.0
permutation,1100,l,fpar_tuned,fpar,oblivious,-threshold 20750 -disable_hop_rtt_normalization,0.7,100000,3,770,30.9536,27.15373051948058,27.1056,30.0936,30.9536,24.4838,19250,0,0,0,5981,0,0,0,0.0,0.0,0.0,0.0
permutation,1100,l,reps_no_partition,reps_dfp,reps,,0.7,100000,3,770,33.441,28.589327792207808,28.4456,32.2816,33.441,25.7896,19250,0,0,0,6077,0,0,0,0.0,0.0,0.0,0.0
permutation,1100,l,reps_partition,reps_dfp,reps,-reps_partition_entropy -reps_escalate_threshold 0.5 -reps_warmup_explore_rtts 0.5 -reps_explore_prob 70,0.7,100000,3,770,35.629,28.741684805194783,28.4747,33.0936,35.629,25.2976,19250,0,0,0,6114,0,0,0,0.0,0.0,0.0,0.0
permutation,1100,l,fpar_tuned,fpar,oblivious,-threshold 20750 -disable_hop_rtt_normalization,0.7,100000,4,770,31.5867,27.093257142857198,26.9917,30.2656,31.5867,24.1501,19250,0,0,0,5957,0,0,0,0.0,0.0,0.0,0.0
permutation,1100,l,reps_no_partition,reps_dfp,reps,,0.7,100000,4,770,34.1016,28.76047415584418,28.5446,32.9456,34.1016,25.9496,19250,0,0,0,6069,0,0,0,0.0,0.0,0.0,0.0
permutation,1100,l,reps_partition,reps_dfp,reps,-reps_partition_entropy -reps_escalate_threshold 0.5 -reps_warmup_explore_rtts 0.5 -reps_explore_prob 70,0.7,100000,4,770,35.5656,28.886178961038972,28.6552,34.7176,35.5656,25.4627,19250,0,0,0,6149,0,0,0,0.0,0.0,0.0,0.0
permutation,1100,l,fpar_tuned,fpar,oblivious,-threshold 20750 -disable_hop_rtt_normalization,0.7,100000,5,770,31.2736,27.149747662337745,27.1176,29.6256,31.2736,24.6456,19250,0,0,0,5960,0,0,0,0.0,0.0,0.0,0.0
permutation,1100,l,reps_no_partition,reps_dfp,reps,,0.7,100000,5,770,36.4136,28.782369350649354,28.5936,34.105,36.4136,25.4678,19250,0,0,0,6120,0,0,0,0.0,0.0,0.0,0.0
permutation,1100,l,reps_partition,reps_dfp,reps,-reps_partition_entropy -reps_escalate_threshold 0.5 -reps_warmup_explore_rtts 0.5 -reps_explore_prob 70,0.7,100000,5,770,35.261,28.96820103896106,28.7776,32.961,35.261,25.4832,19250,0,0,0,6151,0,0,0,0.0,0.0,0.0,0.0
permutation,1100,l,fpar_tuned,fpar,oblivious,-threshold 20750 -disable_hop_rtt_normalization,0.7,250000,1,770,53.2259,46.37981792207788,46.8616,52.5421,53.2259,38.6477,47740,907,0,0,17072,907,0,0,1.8998743192291578,0.0,1.8998743192291578,0.0
permutation,1100,l,reps_no_partition,reps_dfp,reps,,0.7,250000,1,770,62.2648,50.86582675324669,50.5416,58.9328,62.2648,43.3043,47740,0,0,0,20155,0,0,0,0.0,0.0,0.0,0.0
permutation,1100,l,reps_partition,reps_dfp,reps,-reps_partition_entropy -reps_escalate_threshold 0.5 -reps_warmup_explore_rtts 0.5 -reps_explore_prob 70,0.7,250000,1,770,63.2885,51.17445545454542,50.731,59.325,63.2885,42.639,47740,14,0,0,20408,14,0,0,0.02932551319648094,0.0,0.02932551319648094,0.0
permutation,1100,l,fpar_tuned,fpar,oblivious,-threshold 20750 -disable_hop_rtt_normalization,0.7,250000,2,770,53.0376,46.58122233766231,47.2578,52.2445,53.0376,38.2366,47740,955,0,0,17368,955,0,0,2.000418935902807,0.0,2.000418935902807,0.0
permutation,1100,l,reps_no_partition,reps_dfp,reps,,0.7,250000,2,770,59.7173,50.40177662337662,50.3194,57.0339,59.7173,42.9176,47740,2,0,0,20181,2,0,0,0.0041893590280687055,0.0,0.0041893590280687055,0.0
permutation,1100,l,reps_partition,reps_dfp,reps,-reps_partition_entropy -reps_escalate_threshold 0.5 -reps_warmup_explore_rtts 0.5 -reps_explore_prob 70,0.7,250000,2,770,63.8216,50.74015805194805,50.4686,59.5056,63.8216,42.6187,47740,1,0,0,20482,1,0,0,0.0020946795140343527,0.0,0.0020946795140343527,0.0
permutation,1100,l,fpar_tuned,fpar,oblivious,-threshold 20750 -disable_hop_rtt_normalization,0.7,250000,3,770,55.2976,46.60615896103897,47.0205,53.3005,55.2976,39.0126,47740,782,0,0,17094,782,0,0,1.6380393799748638,0.0,1.6380393799748638,0.0
permutation,1100,l,reps_no_partition,reps_dfp,reps,,0.7,250000,3,770,60.641,50.50882987012985,50.3285,58.5989,60.641,42.3075,47740,10,0,0,19715,10,0,0,0.02094679514034353,0.0,0.02094679514034353,0.0
permutation,1100,l,reps_partition,reps_dfp,reps,-reps_partition_entropy -reps_escalate_threshold 0.5 -reps_warmup_explore_rtts 0.5 -reps_explore_prob 70,0.7,250000,3,770,64.219,50.651412987012954,50.1619,61.219,64.219,42.1474,47740,3,0,0,20044,3,0,0,0.006284038542103058,0.0,0.006284038542103058,0.0
permutation,1100,l,fpar_tuned,fpar,oblivious,-threshold 20750 -disable_hop_rtt_normalization,0.7,250000,4,770,53.6408,46.48845454545456,47.0262,52.363,53.6408,38.8042,47740,814,0,0,17251,814,0,0,1.705069124423963,0.0,1.705069124423963,0.0
permutation,1100,l,reps_no_partition,reps_dfp,reps,,0.7,250000,4,770,61.9224,50.648945194805165,50.595,57.5136,61.9224,41.9682,47740,10,0,0,20327,10,0,0,0.02094679514034353,0.0,0.02094679514034353,0.0
permutation,1100,l,reps_partition,reps_dfp,reps,-reps_partition_entropy -reps_escalate_threshold 0.5 -reps_warmup_explore_rtts 0.5 -reps_explore_prob 70,0.7,250000,4,770,61.513,51.111829740259765,50.9373,59.1616,61.513,43.2256,47740,10,0,0,20340,10,0,0,0.02094679514034353,0.0,0.02094679514034353,0.0
permutation,1100,l,fpar_tuned,fpar,oblivious,-threshold 20750 -disable_hop_rtt_normalization,0.7,250000,5,770,54.276,46.746345844155854,47.2206,53.348,54.276,38.655,47740,1109,0,0,17311,1109,0,0,2.322999581064097,0.0,2.322999581064097,0.0
permutation,1100,l,reps_no_partition,reps_dfp,reps,,0.7,250000,5,770,63.6085,50.56293623376626,50.3939,59.9525,63.6085,42.8987,47740,0,0,0,20326,0,0,0,0.0,0.0,0.0,0.0
permutation,1100,l,reps_partition,reps_dfp,reps,-reps_partition_entropy -reps_escalate_threshold 0.5 -reps_warmup_explore_rtts 0.5 -reps_explore_prob 70,0.7,250000,5,770,62.1842,50.85513961038967,50.6635,59.7554,62.1842,42.8582,47740,2,0,0,20569,2,0,0,0.0041893590280687055,0.0,0.0041893590280687055,0.0
permutation,1100,l,fpar_tuned,fpar,oblivious,-threshold 20750 -disable_hop_rtt_normalization,0.7,2000000,1,770,416.843,232.6516090909089,222.002,365.344,416.843,198.609,377300,2558,0,0,153301,2558,0,0,0.6779750861383514,0.0,0.6779750861383514,0.0
permutation,1100,l,reps_no_partition,reps_dfp,reps,,0.7,2000000,1,770,410.104,264.50422467532445,254.949,374.615,410.104,222.886,377300,195,0,0,194724,195,0,0,0.05168301086668434,0.0,0.05168301086668434,0.0
permutation,1100,l,reps_partition,reps_dfp,reps,-reps_partition_entropy -reps_escalate_threshold 0.5 -reps_warmup_explore_rtts 0.5 -reps_explore_prob 70,0.7,2000000,1,770,427.411,267.52700649350646,255.492,381.214,427.411,219.293,377300,348,0,0,198363,348,0,0,0.09223429631592897,0.0,0.09223429631592897,0.0
permutation,1100,l,fpar_tuned,fpar,oblivious,-threshold 20750 -disable_hop_rtt_normalization,0.7,2000000,2,770,496.463,235.53048441558434,223.101,407.022,496.463,198.664,377300,2637,0,0,155078,2637,0,0,0.6989133315663928,0.0,0.6989133315663928,0.0
permutation,1100,l,reps_no_partition,reps_dfp,reps,,0.7,2000000,2,770,429.444,264.9863636363633,255.672,372.168,429.444,222.911,377300,216,0,0,195681,216,0,0,0.05724887357540419,0.0,0.05724887357540419,0.0
permutation,1100,l,reps_partition,reps_dfp,reps,-reps_partition_entropy -reps_escalate_threshold 0.5 -reps_warmup_explore_rtts 0.5 -reps_explore_prob 70,0.7,2000000,2,770,457.523,268.273336363636,254.968,407.692,457.523,221.559,377300,452,0,0,196991,452,0,0,0.11979856877816061,0.0,0.11979856877816061,0.0
permutation,1100,l,fpar_tuned,fpar,oblivious,-threshold 20750 -disable_hop_rtt_normalization,0.7,2000000,3,770,381.363,233.65950000000018,219.127,360.642,381.363,200.622,377300,2610,0,0,154288,2610,0,0,0.6917572223694672,0.0,0.6917572223694672,0.0
permutation,1100,l,reps_no_partition,reps_dfp,reps,,0.7,2000000,3,770,428.652,265.0947987012986,253.625,372.554,428.652,222.282,377300,223,0,0,194265,223,0,0,0.05910416114497747,0.0,0.05910416114497747,0.0
permutation,1100,l,reps_partition,reps_dfp,reps,-reps_partition_entropy -reps_escalate_threshold 0.5 -reps_warmup_explore_rtts 0.5 -reps_explore_prob 70,0.7,2000000,3,770,458.348,265.90642207792206,254.781,390.149,458.348,222.818,377300,265,0,0,197236,265,0,0,0.07023588656241718,0.0,0.07023588656241718,0.0
permutation,1100,l,fpar_tuned,fpar,oblivious,-threshold 20750 -disable_hop_rtt_normalization,0.7,2000000,4,770,521.024,237.51080909090888,221.13,418.149,521.024,198.027,377300,2566,0,0,156384,2566,0,0,0.6800954147892924,0.0,0.6800954147892924,0.0
permutation,1100,l,reps_no_partition,reps_dfp,reps,,0.7,2000000,4,770,458.116,264.61199999999974,254.641,370.643,458.116,221.638,377300,182,0,0,195004,182,0,0,0.04823747680890538,0.0,0.04823747680890538,0.0
permutation,1100,l,reps_partition,reps_dfp,reps,-reps_partition_entropy -reps_escalate_threshold 0.5 -reps_warmup_explore_rtts 0.5 -reps_explore_prob 70,0.7,2000000,4,770,433.166,267.69391688311686,255.417,387.816,433.166,220.394,377300,405,0,0,196593,405,0,0,0.10734163795388285,0.0,0.10734163795388285,0.0
permutation,1100,l,fpar_tuned,fpar,oblivious,-threshold 20750 -disable_hop_rtt_normalization,0.7,2000000,5,770,504.097,239.157181818182,220.354,420.371,504.097,199.492,377300,2946,0,0,157078,2946,0,0,0.7808110257089849,0.0,0.7808110257089849,0.0
permutation,1100,l,reps_no_partition,reps_dfp,reps,,0.7,2000000,5,770,425.463,267.39329350649376,254.248,385.296,425.463,225.729,377300,309,0,0,194162,309,0,0,0.0818976941425921,0.0,0.0818976941425921,0.0
permutation,1100,l,reps_partition,reps_dfp,reps,-reps_partition_entropy -reps_escalate_threshold 0.5 -reps_warmup_explore_rtts 0.5 -reps_explore_prob 70,0.7,2000000,5,770,454.193,269.589712987013,253.913,415.649,454.193,220.945,377300,428,0,0,198303,428,0,0,0.11343758282533793,0.0,0.11343758282533793,0.0
permutation,1100,l,fpar_tuned,fpar,oblivious,-threshold 20750 -disable_hop_rtt_normalization,0.7,5000000,1,770,1015.31,558.5500168831178,519.74,900.59,1015.31,472.247,942480,3532,0,0,377735,3532,0,0,0.37475596299125713,0.0,0.37475596299125713,0.0
permutation,1100,l,reps_no_partition,reps_dfp,reps,,0.7,5000000,1,770,887.086,626.4878519480526,605.279,825.801,887.086,520.904,942480,197,0,0,464444,197,0,0,0.02090230031406502,0.0,0.02090230031406502,0.0
permutation,1100,l,reps_partition,reps_dfp,reps,-reps_partition_entropy -reps_escalate_threshold 0.5 -reps_warmup_explore_rtts 0.5 -reps_explore_prob 70,0.7,5000000,1,770,929.472,634.9936246753246,609.497,858.953,929.472,511.771,942480,401,0,0,475075,401,0,0,0.04254732195908666,0.0,0.04254732195908666,0.0
permutation,1100,l,fpar_tuned,fpar,oblivious,-threshold 20750 -disable_hop_rtt_normalization,0.7,5000000,2,770,1227.51,561.708732467532,522.44,1069.23,1227.51,467.716,942480,3444,0,0,378349,3444,0,0,0.36541889483065954,0.0,0.36541889483065954,0.0
permutation,1100,l,reps_no_partition,reps_dfp,reps,,0.7,5000000,2,770,931.749,627.6581766233761,606.62,825.185,931.749,531.553,942480,227,0,0,467923,227,0,0,0.024085391732450556,0.0,0.024085391732450556,0.0
permutation,1100,l,reps_partition,reps_dfp,reps,-reps_partition_entropy -reps_escalate_threshold 0.5 -reps_warmup_explore_rtts 0.5 -reps_explore_prob 70,0.7,5000000,2,770,1073.19,635.8205064935063,610.955,871.324,1073.19,518.22,942480,504,0,0,471320,504,0,0,0.053475935828877004,0.0,0.053475935828877004,0.0
permutation,1100,l,fpar_tuned,fpar,oblivious,-threshold 20750 -disable_hop_rtt_normalization,0.7,5000000,3,770,1047.22,558.5532298701294,512.854,909.971,1047.22,468.569,942480,3530,0,0,378023,3530,0,0,0.37454375689669805,0.0,0.37454375689669805,0.0
permutation,1100,l,reps_no_partition,reps_dfp,reps,,0.7,5000000,3,770,977.616,626.7519675324673,602.402,807.885,977.616,533.079,942480,233,0,0,463844,233,0,0,0.024722010016127664,0.0,0.024722010016127664,0.0
permutation,1100,l,reps_partition,reps_dfp,reps,-reps_partition_entropy -reps_escalate_threshold 0.5 -reps_warmup_explore_rtts 0.5 -reps_explore_prob 70,0.7,5000000,3,770,964.858,631.2815987012988,603.406,860.681,964.858,525.946,942480,296,0,0,471776,296,0,0,0.03140650199473729,0.0,0.03140650199473729,0.0
permutation,1100,l,fpar_tuned,fpar,oblivious,-threshold 20750 -disable_hop_rtt_normalization,0.7,5000000,4,770,1268.0,568.1169363636355,517.592,1046.42,1268.0,469.615,942480,3684,0,0,381210,3684,0,0,0.3908836261777438,0.0,0.3908836261777438,0.0
permutation,1100,l,reps_no_partition,reps_dfp,reps,,0.7,5000000,4,770,929.972,627.206105194805,606.048,814.439,929.972,531.163,942480,187,0,0,466942,187,0,0,0.01984126984126984,0.0,0.01984126984126984,0.0
permutation,1100,l,reps_partition,reps_dfp,reps,-reps_partition_entropy -reps_escalate_threshold 0.5 -reps_warmup_explore_rtts 0.5 -reps_explore_prob 70,0.7,5000000,4,770,944.888,634.8172792207795,612.688,837.745,944.888,518.191,942480,460,0,0,471405,460,0,0,0.04880740174857822,0.0,0.04880740174857822,0.0
permutation,1100,l,fpar_tuned,fpar,oblivious,-threshold 20750 -disable_hop_rtt_normalization,0.7,5000000,5,770,1452.77,571.044567532468,517.901,1195.44,1452.77,466.651,942480,4237,0,0,384322,4237,0,0,0.4495586113233172,0.0,0.4495586113233172,0.0
permutation,1100,l,reps_no_partition,reps_dfp,reps,,0.7,5000000,5,770,982.537,629.9400961038966,602.608,830.524,982.537,521.786,942480,321,0,0,464794,321,0,0,0.03405907817672524,0.0,0.03405907817672524,0.0
permutation,1100,l,reps_partition,reps_dfp,reps,-reps_partition_entropy -reps_escalate_threshold 0.5 -reps_warmup_explore_rtts 0.5 -reps_explore_prob 70,0.7,5000000,5,770,1101.44,636.6673415584418,604.04,911.454,1101.44,525.193,942480,442,0,0,472543,442,0,0,0.046897546897546896,0.0,0.046897546897546896,0.0
permutation,1100,l,fpar_tuned,fpar,oblivious,-threshold 20750 -disable_hop_rtt_normalization,0.7,10000000,1,770,2163.01,1108.5099259740266,1025.13,1964.42,2163.01,922.155,1884960,4644,0,0,756587,4644,0,0,0.2463712757830405,0.0,0.2463712757830405,0.0
permutation,1100,l,reps_no_partition,reps_dfp,reps,,0.7,10000000,1,770,1641.67,1231.2505324675333,1200.1,1568.06,1641.67,1019.95,1884960,253,0,0,915106,253,0,0,0.01342203548085901,0.0,0.01342203548085901,0.0
permutation,1100,l,reps_partition,reps_dfp,reps,-reps_partition_entropy -reps_escalate_threshold 0.5 -reps_warmup_explore_rtts 0.5 -reps_explore_prob 70,0.7,10000000,1,770,1762.22,1251.935219480521,1220.24,1656.63,1762.22,998.669,1884960,519,0,0,935340,519,0,0,0.027533740769034885,0.0,0.027533740769034885,0.0
permutation,1100,l,fpar_tuned,fpar,oblivious,-threshold 20750 -disable_hop_rtt_normalization,0.7,10000000,2,770,2501.53,1110.3392519480515,1031.61,1948.74,2501.53,916.548,1884960,4338,0,0,755022,4338,0,0,0.23013750954927426,0.0,0.23013750954927426,0.0
permutation,1100,l,reps_no_partition,reps_dfp,reps,,0.7,10000000,2,770,1680.21,1236.1560389610393,1201.34,1589.35,1680.21,1038.82,1884960,289,0,0,922824,289,0,0,0.015331890331890332,0.0,0.015331890331890332,0.0
permutation,1100,l,reps_partition,reps_dfp,reps,-reps_partition_entropy -reps_escalate_threshold 0.5 -reps_warmup_explore_rtts 0.5 -reps_explore_prob 70,0.7,10000000,2,770,1952.39,1253.4605714285728,1219.12,1671.06,1952.39,1018.53,1884960,632,0,0,932296,632,0,0,0.03352856294032765,0.0,0.03352856294032765,0.0
permutation,1100,l,fpar_tuned,fpar,oblivious,-threshold 20750 -disable_hop_rtt_normalization,0.7,10000000,3,770,2131.54,1116.441758441559,1013.12,1943.79,2131.54,915.986,1884960,4673,0,0,760930,4673,0,0,0.24790976996859349,0.0,0.24790976996859349,0.0
permutation,1100,l,reps_no_partition,reps_dfp,reps,,0.7,10000000,3,770,1770.66,1230.9721428571422,1194.0,1545.01,1770.66,1040.5,1884960,248,0,0,916128,248,0,0,0.013156777862660216,0.0,0.013156777862660216,0.0
permutation,1100,l,reps_partition,reps_dfp,reps,-reps_partition_entropy -reps_escalate_threshold 0.5 -reps_warmup_explore_rtts 0.5 -reps_explore_prob 70,0.7,10000000,3,770,1815.11,1246.200272727272,1205.41,1698.57,1815.11,1035.75,1884960,399,0,0,935966,399,0,0,0.021167557932263815,0.0,0.021167557932263815,0.0
permutation,1100,l,fpar_tuned,fpar,oblivious,-threshold 20750 -disable_hop_rtt_normalization,0.7,10000000,4,770,2533.32,1131.0539987012992,1014.49,2175.17,2533.32,915.957,1884960,4714,0,0,765084,4714,0,0,0.2500848824378236,0.0,0.2500848824378236,0.0
permutation,1100,l,reps_no_partition,reps_dfp,reps,,0.7,10000000,4,770,1717.97,1231.969883116882,1202.87,1558.82,1717.97,1031.8,1884960,264,0,0,919930,264,0,0,0.014005602240896359,0.0,0.014005602240896359,0.0
permutation,1100,l,reps_partition,reps_dfp,reps,-reps_partition_entropy -reps_escalate_threshold 0.5 -reps_warmup_explore_rtts 0.5 -reps_explore_prob 70,0.7,10000000,4,770,1693.6,1249.8029740259726,1222.08,1626.08,1693.6,1013.7,1884960,512,0,0,933101,512,0,0,0.027162380103556573,0.0,0.027162380103556573,0.0
permutation,1100,l,fpar_tuned,fpar,oblivious,-threshold 20750 -disable_hop_rtt_normalization,0.7,10000000,5,770,2932.03,1136.084267532467,1023.3,2283.41,2932.03,913.007,1884960,5412,0,0,770423,5412,0,0,0.28711484593837533,0.0,0.28711484593837533,0.0
permutation,1100,l,reps_no_partition,reps_dfp,reps,,0.7,10000000,5,770,1772.99,1238.3120389610397,1191.62,1593.82,1772.99,1035.66,1884960,355,0,0,917599,355,0,0,0.018833290892114423,0.0,0.018833290892114423,0.0
permutation,1100,l,reps_partition,reps_dfp,reps,-reps_partition_entropy -reps_escalate_threshold 0.5 -reps_warmup_explore_rtts 0.5 -reps_explore_prob 70,0.7,10000000,5,770,1865.85,1252.9694545454558,1201.26,1702.49,1865.85,1016.87,1884960,574,0,0,935345,574,0,0,0.030451574569221627,0.0,0.030451574569221627,0.0
permutation,1100,l,fpar_tuned,fpar,oblivious,-threshold 20750 -disable_hop_rtt_normalization,0.8,100000,1,880,30.9296,27.827174204545525,27.7918,30.1824,30.9296,25.2976,22000,0,0,0,6829,0,0,0,0.0,0.0,0.0,0.0
permutation,1100,l,reps_no_partition,reps_dfp,reps,,0.8,100000,1,880,36.109,29.849023636363675,29.6187,35.101,36.109,26.469,22000,0,0,0,7086,0,0,0,0.0,0.0,0.0,0.0
permutation,1100,l,reps_partition,reps_dfp,reps,-reps_partition_entropy -reps_escalate_threshold 0.5 -reps_warmup_explore_rtts 0.5 -reps_explore_prob 70,0.8,100000,1,880,36.945,30.247427613636344,30.0936,35.4296,36.945,26.4638,22000,0,0,0,7183,0,0,0,0.0,0.0,0.0,0.0
permutation,1100,l,fpar_tuned,fpar,oblivious,-threshold 20750 -disable_hop_rtt_normalization,0.8,100000,2,880,30.4376,27.819823863636422,27.7918,29.6136,30.4376,24.6216,22000,0,0,0,6817,0,0,0,0.0,0.0,0.0,0.0
permutation,1100,l,reps_no_partition,reps_dfp,reps,,0.8,100000,2,880,34.781,29.95889761363641,29.7838,33.637,34.781,26.6136,22000,0,0,0,7122,0,0,0,0.0,0.0,0.0,0.0
permutation,1100,l,reps_partition,reps_dfp,reps,-reps_partition_entropy -reps_escalate_threshold 0.5 -reps_warmup_explore_rtts 0.5 -reps_explore_prob 70,0.8,100000,2,880,36.933,30.144866136363632,29.9438,35.273,36.933,26.4638,22000,0,0,0,7196,0,0,0,0.0,0.0,0.0,0.0
permutation,1100,l,fpar_tuned,fpar,oblivious,-threshold 20750 -disable_hop_rtt_normalization,0.8,100000,3,880,32.0856,27.828828636363696,27.7918,31.2736,32.0856,24.9656,22000,0,0,0,6850,0,0,0,0.0,0.0,0.0,0.0
permutation,1100,l,reps_no_partition,reps_dfp,reps,,0.8,100000,3,880,38.273,29.928297386363667,29.7616,34.2496,38.273,26.3021,22000,0,0,0,7133,0,0,0,0.0,0.0,0.0,0.0
permutation,1100,l,reps_partition,reps_dfp,reps,-reps_partition_entropy -reps_escalate_threshold 0.5 -reps_warmup_explore_rtts 0.5 -reps_explore_prob 70,0.8,100000,3,880,38.077,30.006355227272763,29.7907,34.437,38.077,26.6358,22000,0,0,0,7178,0,0,0,0.0,0.0,0.0,0.0
permutation,1100,l,fpar_tuned,fpar,oblivious,-threshold 20750 -disable_hop_rtt_normalization,0.8,100000,4,880,33.7456,27.86782420454549,27.7867,30.6555,33.7456,25.3096,22000,0,0,0,6871,0,0,0,0.0,0.0,0.0,0.0
permutation,1100,l,reps_no_partition,reps_dfp,reps,,0.8,100000,4,880,35.7211,29.77324863636366,29.6256,33.4496,35.7211,26.6392,22000,0,0,0,7124,0,0,0,0.0,0.0,0.0,0.0
permutation,1100,l,reps_partition,reps_dfp,reps,-reps_partition_entropy -reps_escalate_threshold 0.5 -reps_warmup_explore_rtts 0.5 -reps_explore_prob 70,0.8,100000,4,880,36.0936,29.960480681818193,29.7736,34.117,36.0936,25.8101,22000,0,0,0,7210,0,0,0,0.0,0.0,0.0,0.0
permutation,1100,l,fpar_tuned,fpar,oblivious,-threshold 20750 -disable_hop_rtt_normalization,0.8,100000,5,880,31.1016,27.866566022727362,27.7918,30.5976,31.1016,24.9776,22000,0,0,0,6840,0,0,0,0.0,0.0,0.0,0.0
permutation,1100,l,reps_no_partition,reps_dfp,reps,,0.8,100000,5,880,36.109,29.88627318181819,29.7736,33.7696,36.109,26.6666,22000,0,0,0,7063,0,0,0,0.0,0.0,0.0,0.0
permutation,1100,l,reps_partition,reps_dfp,reps,-reps_partition_entropy -reps_escalate_threshold 0.5 -reps_warmup_explore_rtts 0.5 -reps_explore_prob 70,0.8,100000,5,880,35.7616,29.92286056818188,29.7736,34.289,35.7616,26.4587,22000,0,0,0,7151,0,0,0,0.0,0.0,0.0,0.0
permutation,1100,l,fpar_tuned,fpar,oblivious,-threshold 20750 -disable_hop_rtt_normalization,0.8,250000,1,880,54.8797,49.2151588636363,49.4162,54.1824,54.8797,40.8722,54560,2033,0,0,22091,2033,0,0,3.726173020527859,0.0,3.726173020527859,0.0
permutation,1100,l,reps_no_partition,reps_dfp,reps,,0.8,250000,1,880,62.9701,53.48800079545456,53.4024,59.9565,62.9701,45.0,54560,8,0,0,26185,8,0,0,0.01466275659824047,0.0,0.01466275659824047,0.0
permutation,1100,l,reps_partition,reps_dfp,reps,-reps_partition_entropy -reps_escalate_threshold 0.5 -reps_warmup_explore_rtts 0.5 -reps_explore_prob 70,0.8,250000,1,880,65.0661,53.53233352272733,53.2802,62.215,65.0661,44.7146,54560,29,0,0,26507,29,0,0,0.0531524926686217,0.0,0.0531524926686217,0.0
permutation,1100,l,fpar_tuned,fpar,oblivious,-threshold 20750 -disable_hop_rtt_normalization,0.8,250000,2,880,57.5112,49.220923181818165,49.1837,56.2549,57.5112,40.9112,54560,2193,0,0,22144,2193,0,0,4.019428152492669,0.0,4.019428152492669,0.0
permutation,1100,l,reps_no_partition,reps_dfp,reps,,0.8,250000,2,880,65.9445,54.173403409090895,54.1155,62.3198,65.9445,45.2434,54560,11,0,0,27135,11,0,0,0.020161290322580645,0.0,0.020161290322580645,0.0
permutation,1100,l,reps_partition,reps_dfp,reps,-reps_partition_entropy -reps_escalate_threshold 0.5 -reps_warmup_explore_rtts 0.5 -reps_explore_prob 70,0.8,250000,2,880,64.6438,54.23822840909092,54.1867,62.3869,64.6438,45.5194,54560,40,0,0,26862,40,0,0,0.07331378299120235,0.0,0.07331378299120235,0.0
permutation,1100,l,fpar_tuned,fpar,oblivious,-threshold 20750 -disable_hop_rtt_normalization,0.8,250000,3,880,55.2867,49.361552840909155,49.4909,53.8811,55.2867,41.5283,54560,2218,0,0,22180,2218,0,0,4.06524926686217,0.0,4.06524926686217,0.0
permutation,1100,l,reps_no_partition,reps_dfp,reps,,0.8,250000,3,880,61.8296,53.745535795454444,53.607,60.3813,61.8296,45.8411,54560,12,0,0,26500,12,0,0,0.021994134897360705,0.0,0.021994134897360705,0.0
permutation,1100,l,reps_partition,reps_dfp,reps,-reps_partition_entropy -reps_escalate_threshold 0.5 -reps_warmup_explore_rtts 0.5 -reps_explore_prob 70,0.8,250000,3,880,65.3675,53.77591681818188,53.3165,63.9024,65.3675,45.5616,54560,0,0,0,26857,0,0,0,0.0,0.0,0.0,0.0
permutation,1100,l,fpar_tuned,fpar,oblivious,-threshold 20750 -disable_hop_rtt_normalization,0.8,250000,4,880,54.8456,48.98915909090909,49.0587,53.9064,54.8456,40.5858,54560,2120,0,0,22034,2120,0,0,3.8856304985337244,0.0,3.8856304985337244,0.0
permutation,1100,l,reps_no_partition,reps_dfp,reps,,0.8,250000,4,880,63.685,53.79485568181816,53.7702,60.185,63.685,44.963,54560,11,0,0,26649,11,0,0,0.020161290322580645,0.0,0.020161290322580645,0.0
permutation,1100,l,reps_partition,reps_dfp,reps,-reps_partition_entropy -reps_escalate_threshold 0.5 -reps_warmup_explore_rtts 0.5 -reps_explore_prob 70,0.8,250000,4,880,64.9104,53.60704625,53.5296,60.8554,64.9104,43.739,54560,5,0,0,26655,5,0,0,0.009164222873900294,0.0,0.009164222873900294,0.0
permutation,1100,l,fpar_tuned,fpar,oblivious,-threshold 20750 -disable_hop_rtt_normalization,0.8,250000,5,880,55.8637,48.988772613636314,49.0598,54.9517,55.8637,40.7654,54560,2015,0,0,21937,2015,0,0,3.6931818181818183,0.0,3.6931818181818183,0.0
permutation,1100,l,reps_no_partition,reps_dfp,reps,,0.8,250000,5,880,65.8726,53.537247159090974,53.276,61.3085,65.8726,44.3042,54560,0,0,0,26504,0,0,0,0.0,0.0,0.0,0.0
permutation,1100,l,reps_partition,reps_dfp,reps,-reps_partition_entropy -reps_escalate_threshold 0.5 -reps_warmup_explore_rtts 0.5 -reps_explore_prob 70,0.8,250000,5,880,64.6438,53.82010488636373,53.5176,61.8688,64.6438,44.851,54560,16,0,0,26650,16,0,0,0.02932551319648094,0.0,0.02932551319648094,0.0
permutation,1100,l,fpar_tuned,fpar,oblivious,-threshold 20750 -disable_hop_rtt_normalization,0.8,2000000,1,880,501.775,253.5924431818183,239.294,399.434,501.775,204.251,431200,5174,0,0,190929,5174,0,0,1.1999072356215212,0.0,1.1999072356215212,0.0
permutation,1100,l,reps_no_partition,reps_dfp,reps,,0.8,2000000,1,880,447.004,290.04887954545467,277.655,412.295,447.004,230.701,431200,481,0,0,237569,481,0,0,0.1115491651205937,0.0,0.1115491651205937,0.0
permutation,1100,l,reps_partition,reps_dfp,reps,-reps_partition_entropy -reps_escalate_threshold 0.5 -reps_warmup_explore_rtts 0.5 -reps_explore_prob 70,0.8,2000000,1,880,452.19,295.1014204545452,283.254,427.365,452.19,224.09,431200,772,0,0,240315,772,0,0,0.1790352504638219,0.0,0.1790352504638219,0.0
permutation,1100,l,fpar_tuned,fpar,oblivious,-threshold 20750 -disable_hop_rtt_normalization,0.8,2000000,2,880,448.56,254.2067954545455,240.063,402.425,448.56,206.249,431200,4632,0,0,192459,4632,0,0,1.0742115027829313,0.0,1.0742115027829313,0.0
permutation,1100,l,reps_no_partition,reps_dfp,reps,,0.8,2000000,2,880,469.403,291.4222977272725,279.439,414.564,469.403,231.775,431200,484,0,0,238793,484,0,0,0.11224489795918367,0.0,0.11224489795918367,0.0
permutation,1100,l,reps_partition,reps_dfp,reps,-reps_partition_entropy -reps_escalate_threshold 0.5 -reps_warmup_explore_rtts 0.5 -reps_explore_prob 70,0.8,2000000,2,880,475.42,295.26121818181815,283.085,429.221,475.42,224.17,431200,806,0,0,239674,806,0,0,0.18692022263450836,0.0,0.18692022263450836,0.0
permutation,1100,l,fpar_tuned,fpar,oblivious,-threshold 20750 -disable_hop_rtt_normalization,0.8,2000000,3,880,469.051,253.66385909090906,236.636,416.826,469.051,206.26,431200,5477,0,0,190329,5477,0,0,1.2701762523191094,0.0,1.2701762523191094,0.0
permutation,1100,l,reps_no_partition,reps_dfp,reps,,0.8,2000000,3,880,429.745,290.42911477272725,274.461,407.372,429.745,234.012,431200,419,0,0,239358,419,0,0,0.09717068645640074,0.0,0.09717068645640074,0.0
permutation,1100,l,reps_partition,reps_dfp,reps,-reps_partition_entropy -reps_escalate_threshold 0.5 -reps_warmup_explore_rtts 0.5 -reps_explore_prob 70,0.8,2000000,3,880,455.315,294.04654772727247,278.805,419.94,455.315,228.114,431200,593,0,0,243141,593,0,0,0.13752319109461966,0.0,0.13752319109461966,0.0
permutation,1100,l,fpar_tuned,fpar,oblivious,-threshold 20750 -disable_hop_rtt_normalization,0.8,2000000,4,880,482.655,255.2496409090908,238.553,414.542,482.655,207.761,431200,5357,0,0,191316,5357,0,0,1.2423469387755102,0.0,1.2423469387755102,0.0
permutation,1100,l,reps_no_partition,reps_dfp,reps,,0.8,2000000,4,880,444.586,290.4547488636363,276.541,400.856,444.586,228.455,431200,339,0,0,237359,339,0,0,0.0786178107606679,0.0,0.0786178107606679,0.0
permutation,1100,l,reps_partition,reps_dfp,reps,-reps_partition_entropy -reps_escalate_threshold 0.5 -reps_warmup_explore_rtts 0.5 -reps_explore_prob 70,0.8,2000000,4,880,475.852,294.65266249999974,281.538,426.335,475.852,230.819,431200,604,0,0,240370,604,0,0,0.14007421150278293,0.0,0.14007421150278293,0.0
permutation,1100,l,fpar_tuned,fpar,oblivious,-threshold 20750 -disable_hop_rtt_normalization,0.8,2000000,5,880,531.762,256.3720920454543,238.042,421.286,531.762,209.321,431200,5240,0,0,191586,5240,0,0,1.215213358070501,0.0,1.215213358070501,0.0
permutation,1100,l,reps_no_partition,reps_dfp,reps,,0.8,2000000,5,880,443.276,289.5981795454546,277.523,415.726,443.276,233.621,431200,378,0,0,239352,378,0,0,0.08766233766233766,0.0,0.08766233766233766,0.0
permutation,1100,l,reps_partition,reps_dfp,reps,-reps_partition_entropy -reps_escalate_threshold 0.5 -reps_warmup_explore_rtts 0.5 -reps_explore_prob 70,0.8,2000000,5,880,465.724,294.86506704545457,282.112,432.221,465.724,229.325,431200,899,0,0,241545,899,0,0,0.20848794063079779,0.0,0.20848794063079779,0.0
permutation,1100,l,fpar_tuned,fpar,oblivious,-threshold 20750 -disable_hop_rtt_normalization,0.8,5000000,1,880,1021.17,601.7756715909088,569.1,951.886,1021.17,487.559,1077120,6575,0,0,460773,6575,0,0,0.6104240938799762,0.0,0.6104240938799762,0.0
permutation,1100,l,reps_no_partition,reps_dfp,reps,,0.8,5000000,1,880,947.228,681.8865465909097,670.3,880.369,947.228,544.312,1077120,531,0,0,560926,531,0,0,0.04929812834224599,0.0,0.04929812834224599,0.0
permutation,1100,l,reps_partition,reps_dfp,reps,-reps_partition_entropy -reps_escalate_threshold 0.5 -reps_warmup_explore_rtts 0.5 -reps_explore_prob 70,0.8,5000000,1,880,1045.03,694.9972488636355,687.011,920.212,1045.03,528.921,1077120,865,0,0,569499,865,0,0,0.08030674390968509,0.0,0.08030674390968509,0.0
permutation,1100,l,fpar_tuned,fpar,oblivious,-threshold 20750 -disable_hop_rtt_normalization,0.8,5000000,2,880,1101.19,604.7320704545452,568.039,925.084,1101.19,479.466,1077120,6578,0,0,460648,6578,0,0,0.610702614379085,0.0,0.610702614379085,0.0
permutation,1100,l,reps_no_partition,reps_dfp,reps,,0.8,5000000,2,880,1002.65,686.0620977272732,676.178,887.799,1002.65,542.864,1077120,538,0,0,564412,538,0,0,0.049948009506833035,0.0,0.049948009506833035,0.0
permutation,1100,l,reps_partition,reps_dfp,reps,-reps_partition_entropy -reps_escalate_threshold 0.5 -reps_warmup_explore_rtts 0.5 -reps_explore_prob 70,0.8,5000000,2,880,1065.59,696.129925000001,686.318,949.462,1065.59,529.053,1077120,874,0,0,570405,874,0,0,0.08114230540701128,0.0,0.08114230540701128,0.0
permutation,1100,l,fpar_tuned,fpar,oblivious,-threshold 20750 -disable_hop_rtt_normalization,0.8,5000000,3,880,1124.44,600.8936784090905,559.969,969.001,1124.44,485.188,1077120,7029,0,0,458629,7029,0,0,0.6525735294117647,0.0,0.6525735294117647,0.0
permutation,1100,l,reps_no_partition,reps_dfp,reps,,0.8,5000000,3,880,971.198,682.9318420454548,672.004,878.016,971.198,547.532,1077120,428,0,0,565165,428,0,0,0.03973559120617944,0.0,0.03973559120617944,0.0
permutation,1100,l,reps_partition,reps_dfp,reps,-reps_partition_entropy -reps_escalate_threshold 0.5 -reps_warmup_explore_rtts 0.5 -reps_explore_prob 70,0.8,5000000,3,880,1051.37,693.1317136363632,678.765,941.227,1051.37,537.026,1077120,614,0,0,575328,614,0,0,0.05700386215092097,0.0,0.05700386215092097,0.0
permutation,1100,l,fpar_tuned,fpar,oblivious,-threshold 20750 -disable_hop_rtt_normalization,0.8,5000000,4,880,1068.42,605.9227102272723,569.819,981.209,1068.42,485.492,1077120,7076,0,0,460204,7076,0,0,0.6569370172311348,0.0,0.6569370172311348,0.0
permutation,1100,l,reps_no_partition,reps_dfp,reps,,0.8,5000000,4,880,1001.56,682.8213295454545,665.407,878.163,1001.56,550.539,1077120,372,0,0,562936,372,0,0,0.03453654188948307,0.0,0.03453654188948307,0.0
permutation,1100,l,reps_partition,reps_dfp,reps,-reps_partition_entropy -reps_escalate_threshold 0.5 -reps_warmup_explore_rtts 0.5 -reps_explore_prob 70,0.8,5000000,4,880,1097.52,693.620038636364,686.788,949.656,1097.52,536.068,1077120,647,0,0,568284,647,0,0,0.060067587641117054,0.0,0.060067587641117054,0.0
permutation,1100,l,fpar_tuned,fpar,oblivious,-threshold 20750 -disable_hop_rtt_normalization,0.8,5000000,5,880,1341.38,606.4023704545456,561.141,1006.78,1341.38,478.163,1077120,6721,0,0,458981,6721,0,0,0.6239787581699346,0.0,0.6239787581699346,0.0
permutation,1100,l,reps_no_partition,reps_dfp,reps,,0.8,5000000,5,880,974.967,683.571057954545,672.947,879.165,974.967,548.787,1077120,389,0,0,566488,389,0,0,0.03611482471776589,0.0,0.03611482471776589,0.0
permutation,1100,l,reps_partition,reps_dfp,reps,-reps_partition_entropy -reps_escalate_threshold 0.5 -reps_warmup_explore_rtts 0.5 -reps_explore_prob 70,0.8,5000000,5,880,1076.62,693.8540636363637,682.592,941.798,1076.62,532.304,1077120,1001,0,0,571468,1001,0,0,0.09293300653594772,0.0,0.09293300653594772,0.0
permutation,1100,l,fpar_tuned,fpar,oblivious,-threshold 20750 -disable_hop_rtt_normalization,0.8,10000000,1,880,2116.53,1187.6258806818166,1137.65,1805.83,2116.53,956.247,2154240,8974,0,0,913395,8974,0,0,0.41657382650029706,0.0,0.41657382650029706,0.0
permutation,1100,l,reps_no_partition,reps_dfp,reps,,0.8,10000000,1,880,1806.03,1337.8167613636379,1328.48,1703.12,1806.03,1071.77,2154240,572,0,0,1106166,572,0,0,0.026552287581699346,0.0,0.026552287581699346,0.0
permutation,1100,l,reps_partition,reps_dfp,reps,-reps_partition_entropy -reps_escalate_threshold 0.5 -reps_warmup_explore_rtts 0.5 -reps_explore_prob 70,0.8,10000000,1,880,1937.96,1367.6933295454546,1361.03,1750.96,1937.96,1040.19,2154240,1059,0,0,1128101,1059,0,0,0.04915886809269162,0.0,0.04915886809269162,0.0
permutation,1100,l,fpar_tuned,fpar,oblivious,-threshold 20750 -disable_hop_rtt_normalization,0.8,10000000,2,880,2165.47,1195.6617102272728,1140.59,1777.52,2165.47,943.279,2154240,8847,0,0,914355,8847,0,0,0.4106784759358289,0.0,0.4106784759358289,0.0
permutation,1100,l,reps_no_partition,reps_dfp,reps,,0.8,10000000,2,880,1948.06,1347.7164886363644,1341.46,1679.15,1948.06,1068.98,2154240,665,0,0,1113453,665,0,0,0.03086935531788473,0.0,0.03086935531788473,0.0
permutation,1100,l,reps_partition,reps_dfp,reps,-reps_partition_entropy -reps_escalate_threshold 0.5 -reps_warmup_explore_rtts 0.5 -reps_explore_prob 70,0.8,10000000,2,880,1958.57,1368.505727272727,1357.31,1789.18,1958.57,1033.91,2154240,998,0,0,1127879,998,0,0,0.04632724301841949,0.0,0.04632724301841949,0.0
permutation,1100,l,fpar_tuned,fpar,oblivious,-threshold 20750 -disable_hop_rtt_normalization,0.8,10000000,3,880,2204.55,1192.820755681818,1131.06,2004.7,2204.55,949.577,2154240,9412,0,0,912516,9412,0,0,0.4369058229352347,0.0,0.4369058229352347,0.0
permutation,1100,l,reps_no_partition,reps_dfp,reps,,0.8,10000000,3,880,1863.53,1342.9347159090923,1329.95,1692.63,1863.53,1072.16,2154240,449,0,0,1118182,449,0,0,0.02084261734997029,0.0,0.02084261734997029,0.0
permutation,1100,l,reps_partition,reps_dfp,reps,-reps_partition_entropy -reps_escalate_threshold 0.5 -reps_warmup_explore_rtts 0.5 -reps_explore_prob 70,0.8,10000000,3,880,1916.87,1364.349215909091,1350.11,1787.77,1916.87,1053.55,2154240,738,0,0,1140339,738,0,0,0.03425802139037433,0.0,0.03425802139037433,0.0
permutation,1100,l,fpar_tuned,fpar,oblivious,-threshold 20750 -disable_hop_rtt_normalization,0.8,10000000,4,880,2111.67,1204.8442977272723,1134.1,1986.49,2111.67,942.544,2154240,9269,0,0,918614,9269,0,0,0.43026775103980985,0.0,0.43026775103980985,0.0
permutation,1100,l,reps_no_partition,reps_dfp,reps,,0.8,10000000,4,880,1815.62,1341.07028409091,1321.34,1686.75,1815.62,1088.46,2154240,416,0,0,1109888,416,0,0,0.019310754604872252,0.0,0.019310754604872252,0.0
permutation,1100,l,reps_partition,reps_dfp,reps,-reps_partition_entropy -reps_escalate_threshold 0.5 -reps_warmup_explore_rtts 0.5 -reps_explore_prob 70,0.8,10000000,4,880,1988.85,1364.1569090909109,1354.01,1773.81,1988.85,1053.66,2154240,746,0,0,1126439,746,0,0,0.03462938205585264,0.0,0.03462938205585264,0.0
permutation,1100,l,fpar_tuned,fpar,oblivious,-threshold 20750 -disable_hop_rtt_normalization,0.8,10000000,5,880,2865.57,1200.036927272727,1127.0,1846.23,2865.57,947.678,2154240,9075,0,0,913335,9075,0,0,0.4212622549019608,0.0,0.4212622549019608,0.0
permutation,1100,l,reps_no_partition,reps_dfp,reps,,0.8,10000000,5,880,1849.96,1342.5690909090915,1339.71,1699.15,1849.96,1083.41,2154240,399,0,0,1117882,399,0,0,0.018521613190730837,0.0,0.018521613190730837,0.0
permutation,1100,l,reps_partition,reps_dfp,reps,-reps_partition_entropy -reps_escalate_threshold 0.5 -reps_warmup_explore_rtts 0.5 -reps_explore_prob 70,0.8,10000000,5,880,1957.2,1363.7937954545434,1349.95,1795.66,1957.2,1036.2,2154240,1149,0,0,1131863,1149,0,0,0.05333667557932264,0.0,0.05333667557932264,0.0
permutation,1100,l,fpar_tuned,fpar,oblivious,-threshold 20750 -disable_hop_rtt_normalization,0.9,100000,1,990,32.0856,28.805876868686813,28.7776,31.34,32.0856,26.6256,24750,0,0,0,7816,0,0,0,0.0,0.0,0.0,0.0
permutation,1100,l,reps_no_partition,reps_dfp,reps,,0.9,100000,1,990,37.757,31.215508080808068,31.0896,35.7616,37.757,27.3067,24750,0,0,0,8269,0,0,0,0.0,0.0,0.0,0.0
permutation,1100,l,reps_partition,reps_dfp,reps,-reps_partition_entropy -reps_escalate_threshold 0.5 -reps_warmup_explore_rtts 0.5 -reps_explore_prob 70,0.9,100000,1,990,37.597,31.40448656565654,31.2838,35.445,37.597,27.4906,24750,0,0,0,8394,0,0,0,0.0,0.0,0.0,0.0
permutation,1100,l,fpar_tuned,fpar,oblivious,-threshold 20750 -disable_hop_rtt_normalization,0.9,100000,2,990,34.0656,28.897841313131256,28.7878,32.0976,34.0656,25.8254,24750,0,0,0,7825,0,0,0,0.0,0.0,0.0,0.0
permutation,1100,l,reps_no_partition,reps_dfp,reps,,0.9,100000,2,990,36.601,31.25953656565654,31.0896,35.605,36.601,26.961,24750,0,0,0,8303,0,0,0,0.0,0.0,0.0,0.0
permutation,1100,l,reps_partition,reps_dfp,reps,-reps_partition_entropy -reps_escalate_threshold 0.5 -reps_warmup_explore_rtts 0.5 -reps_explore_prob 70,0.9,100000,2,990,37.9016,31.49193979797978,31.2787,36.453,37.9016,27.1176,24750,0,0,0,8384,0,0,0,0.0,0.0,0.0,0.0
permutation,1100,l,fpar_tuned,fpar,oblivious,-threshold 20750 -disable_hop_rtt_normalization,0.9,100000,3,990,34.0707,28.729052424242344,28.6381,31.4336,34.0707,26.1318,24750,0,0,0,7778,0,0,0,0.0,0.0,0.0,0.0
permutation,1100,l,reps_no_partition,reps_dfp,reps,,0.9,100000,3,990,36.0816,31.02345292929293,30.9227,35.433,36.0816,27.637,24750,0,0,0,8210,0,0,0,0.0,0.0,0.0,0.0
permutation,1100,l,reps_partition,reps_dfp,reps,-reps_partition_entropy -reps_escalate_threshold 0.5 -reps_warmup_explore_rtts 0.5 -reps_explore_prob 70,0.9,100000,3,990,38.581,31.409309494949504,31.2667,35.285,38.581,27.6472,24750,0,0,0,8376,0,0,0,0.0,0.0,0.0,0.0
permutation,1100,l,fpar_tuned,fpar,oblivious,-threshold 20750 -disable_hop_rtt_normalization,0.9,100000,4,990,33.3776,28.82857636363627,28.7776,32.3616,33.3776,26.4587,24750,0,0,0,7790,0,0,0,0.0,0.0,0.0,0.0
permutation,1100,l,reps_no_partition,reps_dfp,reps,,0.9,100000,4,990,37.0656,31.293842121212116,31.2496,35.605,37.0656,26.8078,24750,0,0,0,8346,0,0,0,0.0,0.0,0.0,0.0
permutation,1100,l,reps_partition,reps_dfp,reps,-reps_partition_entropy -reps_escalate_threshold 0.5 -reps_warmup_explore_rtts 0.5 -reps_explore_prob 70,0.9,100000,4,990,36.589,31.41149515151512,31.2616,35.4176,36.589,27.4547,24750,0,0,0,8376,0,0,0,0.0,0.0,0.0,0.0
permutation,1100,l,fpar_tuned,fpar,oblivious,-threshold 20750 -disable_hop_rtt_normalization,0.9,100000,5,990,32.8976,28.81154252525249,28.7776,31.7416,32.8976,26.2918,24750,0,0,0,7758,0,0,0,0.0,0.0,0.0,0.0
permutation,1100,l,reps_no_partition,reps_dfp,reps,,0.9,100000,5,990,36.761,31.148936565656552,30.9416,35.617,36.761,27.4667,24750,0,0,0,8241,0,0,0,0.0,0.0,0.0,0.0
permutation,1100,l,reps_partition,reps_dfp,reps,-reps_partition_entropy -reps_escalate_threshold 0.5 -reps_warmup_explore_rtts 0.5 -reps_explore_prob 70,0.9,100000,5,990,36.5976,31.243053636363616,31.1016,35.593,36.5976,27.7816,24750,0,0,0,8325,0,0,0,0.0,0.0,0.0,0.0
permutation,1100,l,fpar_tuned,fpar,oblivious,-threshold 20750 -disable_hop_rtt_normalization,0.9,250000,1,990,57.6296,51.42889888888894,51.3933,56.5018,57.6296,43.5291,61380,4672,0,0,27862,4672,0,0,7.611599869664386,0.0,7.611599869664386,0.0
permutation,1100,l,reps_no_partition,reps_dfp,reps,,0.9,250000,1,990,66.6619,56.95995454545447,56.8376,64.207,66.6619,48.1992,61380,13,0,0,34648,13,0,0,0.021179537308569567,0.0,0.021179537308569567,0.0
permutation,1100,l,reps_partition,reps_dfp,reps,-reps_partition_entropy -reps_escalate_threshold 0.5 -reps_warmup_explore_rtts 0.5 -reps_explore_prob 70,0.9,250000,1,990,70.8864,57.26568626262629,56.903,66.3979,70.8864,48.2158,61380,43,0,0,34737,43,0,0,0.0700553926360378,0.0,0.0700553926360378,0.0
permutation,1100,l,fpar_tuned,fpar,oblivious,-threshold 20750 -disable_hop_rtt_normalization,0.9,250000,2,990,58.7382,51.4696401010101,51.3539,57.5624,58.7382,43.0083,61380,4670,0,0,27858,4670,0,0,7.608341479309221,0.0,7.608341479309221,0.0
permutation,1100,l,reps_no_partition,reps_dfp,reps,,0.9,250000,2,990,69.9533,57.23028383838381,56.9685,64.871,69.9533,48.935,61380,55,0,0,34625,55,0,0,0.08960573476702509,0.0,0.08960573476702509,0.0
permutation,1100,l,reps_partition,reps_dfp,reps,-reps_partition_entropy -reps_escalate_threshold 0.5 -reps_warmup_explore_rtts 0.5 -reps_explore_prob 70,0.9,250000,2,990,66.0907,57.57381838383835,57.4314,64.6992,66.0907,47.287,61380,25,0,0,34924,25,0,0,0.04072987943955686,0.0,0.04072987943955686,0.0
permutation,1100,l,fpar_tuned,fpar,oblivious,-threshold 20750 -disable_hop_rtt_normalization,0.9,250000,3,990,59.732,51.34493696969689,51.1294,57.475,59.732,44.8038,61380,4676,0,0,27798,4676,0,0,7.618116650374715,0.0,7.618116650374715,0.0
permutation,1100,l,reps_no_partition,reps_dfp,reps,,0.9,250000,3,990,67.6699,56.99754595959592,56.6485,64.6045,67.6699,49.3758,61380,32,0,0,34388,32,0,0,0.05213424568263278,0.0,0.05213424568263278,0.0
permutation,1100,l,reps_partition,reps_dfp,reps,-reps_partition_entropy -reps_escalate_threshold 0.5 -reps_warmup_explore_rtts 0.5 -reps_explore_prob 70,0.9,250000,3,990,69.2918,56.93577272727276,56.903,63.9144,69.2918,49.624,61380,15,0,0,34562,15,0,0,0.024437927663734114,0.0,0.024437927663734114,0.0
permutation,1100,l,fpar_tuned,fpar,oblivious,-threshold 20750 -disable_hop_rtt_normalization,0.9,250000,4,990,58.473,51.47711434343441,51.4256,57.2939,58.473,42.5688,61380,4754,0,0,27933,4754,0,0,7.745193874226132,0.0,7.745193874226132,0.0
permutation,1100,l,reps_no_partition,reps_dfp,reps,,0.9,250000,4,990,65.547,57.17992767676763,56.9202,63.875,65.547,49.943,61380,13,0,0,34830,13,0,0,0.021179537308569567,0.0,0.021179537308569567,0.0
permutation,1100,l,reps_partition,reps_dfp,reps,-reps_partition_entropy -reps_escalate_threshold 0.5 -reps_warmup_explore_rtts 0.5 -reps_explore_prob 70,0.9,250000,4,990,65.9397,57.37652222222222,57.235,64.4034,65.9397,49.599,61380,21,0,0,34487,21,0,0,0.03421309872922776,0.0,0.03421309872922776,0.0
permutation,1100,l,fpar_tuned,fpar,oblivious,-threshold 20750 -disable_hop_rtt_normalization,0.9,250000,5,990,58.8754,51.532842828282845,51.3933,57.4298,58.8754,43.1355,61380,4798,0,0,27848,4798,0,0,7.816878462039752,0.0,7.816878462039752,0.0
permutation,1100,l,reps_no_partition,reps_dfp,reps,,0.9,250000,5,990,65.645,56.963668484848505,56.865,63.9405,65.645,49.4298,61380,30,0,0,34427,30,0,0,0.04887585532746823,0.0,0.04887585532746823,0.0
permutation,1100,l,reps_partition,reps_dfp,reps,-reps_partition_entropy -reps_escalate_threshold 0.5 -reps_warmup_explore_rtts 0.5 -reps_explore_prob 70,0.9,250000,5,990,68.2304,56.91144262626268,56.903,63.5533,68.2304,49.428,61380,53,0,0,34427,53,0,0,0.08634734441186054,0.0,0.08634734441186054,0.0
permutation,1100,l,fpar_tuned,fpar,oblivious,-threshold 20750 -disable_hop_rtt_normalization,0.9,2000000,1,990,446.982,278.977487878788,270.02,384.836,446.982,216.505,485100,7956,0,0,237427,7956,0,0,1.6400742115027829,0.0,1.6400742115027829,0.0
permutation,1100,l,reps_no_partition,reps_dfp,reps,,0.9,2000000,1,990,502.768,318.3714060606066,316.593,437.758,502.768,234.637,485100,512,0,0,280647,512,0,0,0.10554524840239125,0.0,0.10554524840239125,0.0
permutation,1100,l,reps_partition,reps_dfp,reps,-reps_partition_entropy -reps_escalate_threshold 0.5 -reps_warmup_explore_rtts 0.5 -reps_explore_prob 70,0.9,2000000,1,990,485.938,323.6408929292934,319.26,463.628,485.938,238.822,485100,1265,0,0,284426,1265,0,0,0.26077097505668934,0.0,0.26077097505668934,0.0
permutation,1100,l,fpar_tuned,fpar,oblivious,-threshold 20750 -disable_hop_rtt_normalization,0.9,2000000,2,990,458.333,280.45815353535335,268.042,419.022,458.333,217.502,485100,7947,0,0,238049,7947,0,0,1.6382189239332097,0.0,1.6382189239332097,0.0
permutation,1100,l,reps_no_partition,reps_dfp,reps,,0.9,2000000,2,990,484.936,321.26851010100916,316.921,448.299,484.936,234.992,485100,686,0,0,280599,686,0,0,0.1414141414141414,0.0,0.1414141414141414,0.0
permutation,1100,l,reps_partition,reps_dfp,reps,-reps_partition_entropy -reps_escalate_threshold 0.5 -reps_warmup_explore_rtts 0.5 -reps_explore_prob 70,0.9,2000000,2,990,531.354,324.62786868686885,321.67,449.325,531.354,237.408,485100,1096,0,0,284090,1096,0,0,0.2259327973613688,0.0,0.2259327973613688,0.0
permutation,1100,l,fpar_tuned,fpar,oblivious,-threshold 20750 -disable_hop_rtt_normalization,0.9,2000000,3,990,464.277,277.4195737373736,263.003,415.641,464.277,221.047,485100,8373,0,0,235583,8373,0,0,1.7260358688930117,0.0,1.7260358688930117,0.0
permutation,1100,l,reps_no_partition,reps_dfp,reps,,0.9,2000000,3,990,500.284,318.443001010101,311.464,437.414,500.284,239.693,485100,555,0,0,280740,555,0,0,0.11440940012368583,0.0,0.11440940012368583,0.0
permutation,1100,l,reps_partition,reps_dfp,reps,-reps_partition_entropy -reps_escalate_threshold 0.5 -reps_warmup_explore_rtts 0.5 -reps_explore_prob 70,0.9,2000000,3,990,478.245,323.2883626262625,322.292,447.087,478.245,229.311,485100,1052,0,0,284913,1052,0,0,0.2168625025767883,0.0,0.2168625025767883,0.0
permutation,1100,l,fpar_tuned,fpar,oblivious,-threshold 20750 -disable_hop_rtt_normalization,0.9,2000000,4,990,488.386,279.1019585858585,268.022,402.635,488.386,220.113,485100,8512,0,0,236382,8512,0,0,1.7546897546897546,0.0,1.7546897546897546,0.0
permutation,1100,l,reps_no_partition,reps_dfp,reps,,0.9,2000000,4,990,488.353,318.21905252525295,314.52,437.573,488.353,239.775,485100,428,0,0,280844,428,0,0,0.08822923108637394,0.0,0.08822923108637394,0.0
permutation,1100,l,reps_partition,reps_dfp,reps,-reps_partition_entropy -reps_escalate_threshold 0.5 -reps_warmup_explore_rtts 0.5 -reps_explore_prob 70,0.9,2000000,4,990,498.062,325.6091353535351,323.152,452.459,498.062,233.204,485100,1125,0,0,282226,1125,0,0,0.23191094619666047,0.0,0.23191094619666047,0.0
permutation,1100,l,fpar_tuned,fpar,oblivious,-threshold 20750 -disable_hop_rtt_normalization,0.9,2000000,5,990,496.956,279.2669181818185,267.481,416.268,496.956,217.354,485100,8589,0,0,235309,8589,0,0,1.7705627705627707,0.0,1.7705627705627707,0.0
permutation,1100,l,reps_no_partition,reps_dfp,reps,,0.9,2000000,5,990,472.258,318.7838363636363,314.236,429.949,472.258,241.102,485100,577,0,0,280420,577,0,0,0.11894454751597609,0.0,0.11894454751597609,0.0
permutation,1100,l,reps_partition,reps_dfp,reps,-reps_partition_entropy -reps_escalate_threshold 0.5 -reps_warmup_explore_rtts 0.5 -reps_explore_prob 70,0.9,2000000,5,990,489.979,321.8182717171711,315.678,445.542,489.979,244.455,485100,1144,0,0,283377,1144,0,0,0.23582766439909297,0.0,0.23582766439909297,0.0
permutation,1100,l,fpar_tuned,fpar,oblivious,-threshold 20750 -disable_hop_rtt_normalization,0.9,5000000,1,990,1063.15,654.5471333333339,644.58,909.897,1063.15,507.894,1211760,9850,0,0,552234,9850,0,0,0.8128672344358618,0.0,0.8128672344358618,0.0
permutation,1100,l,reps_no_partition,reps_dfp,reps,,0.9,5000000,1,990,1080.99,745.2538171717171,747.803,928.97,1080.99,561.52,1211760,569,0,0,665997,569,0,0,0.046956493034924406,0.0,0.046956493034924406,0.0
permutation,1100,l,reps_partition,reps_dfp,reps,-reps_partition_entropy -reps_escalate_threshold 0.5 -reps_warmup_explore_rtts 0.5 -reps_explore_prob 70,0.9,5000000,1,990,1066.91,758.0120525252528,756.368,994.147,1066.91,560.001,1211760,1330,0,0,674416,1330,0,0,0.10975770779692348,0.0,0.10975770779692348,0.0
permutation,1100,l,fpar_tuned,fpar,oblivious,-threshold 20750 -disable_hop_rtt_normalization,0.9,5000000,2,990,1098.04,657.8321636363632,639.334,996.671,1098.04,509.65,1211760,10491,0,0,552754,10491,0,0,0.8657654981184393,0.0,0.8657654981184393,0.0
permutation,1100,l,reps_no_partition,reps_dfp,reps,,0.9,5000000,2,990,1096.54,749.9578575757587,751.791,963.094,1096.54,560.972,1211760,722,0,0,663823,722,0,0,0.05958275566118704,0.0,0.05958275566118704,0.0
permutation,1100,l,reps_partition,reps_dfp,reps,-reps_partition_entropy -reps_escalate_threshold 0.5 -reps_warmup_explore_rtts 0.5 -reps_explore_prob 70,0.9,5000000,2,990,1113.37,757.8649939393935,766.41,984.476,1113.37,561.587,1211760,1128,0,0,677233,1128,0,0,0.09308774014656368,0.0,0.09308774014656368,0.0
permutation,1100,l,fpar_tuned,fpar,oblivious,-threshold 20750 -disable_hop_rtt_normalization,0.9,5000000,3,990,1262.27,654.257316161617,635.286,953.493,1262.27,504.795,1211760,11263,0,0,549705,11263,0,0,0.929474483396052,0.0,0.929474483396052,0.0
permutation,1100,l,reps_no_partition,reps_dfp,reps,,0.9,5000000,3,990,1123.82,745.918782828282,746.515,963.163,1123.82,571.588,1211760,585,0,0,664279,585,0,0,0.04827688651218063,0.0,0.04827688651218063,0.0
permutation,1100,l,reps_partition,reps_dfp,reps,-reps_partition_entropy -reps_escalate_threshold 0.5 -reps_warmup_explore_rtts 0.5 -reps_explore_prob 70,0.9,5000000,3,990,1098.85,760.5331717171715,761.409,1007.6,1098.85,543.776,1211760,1154,0,0,680311,1154,0,0,0.09523337954710503,0.0,0.09523337954710503,0.0
permutation,1100,l,fpar_tuned,fpar,oblivious,-threshold 20750 -disable_hop_rtt_normalization,0.9,5000000,4,990,1091.35,655.7897545454539,642.072,973.057,1091.35,505.535,1211760,10947,0,0,551568,10947,0,0,0.9033967122202416,0.0,0.9033967122202416,0.0
permutation,1100,l,reps_no_partition,reps_dfp,reps,,0.9,5000000,4,990,1086.64,745.0558414141411,747.693,956.47,1086.64,569.767,1211760,438,0,0,666291,438,0,0,0.036145771439889084,0.0,0.036145771439889084,0.0
permutation,1100,l,reps_partition,reps_dfp,reps,-reps_partition_entropy -reps_escalate_threshold 0.5 -reps_warmup_explore_rtts 0.5 -reps_explore_prob 70,0.9,5000000,4,990,1103.93,761.1080737373737,768.689,979.482,1103.93,561.08,1211760,1172,0,0,669384,1172,0,0,0.09671882220901828,0.0,0.09671882220901828,0.0
permutation,1100,l,fpar_tuned,fpar,oblivious,-threshold 20750 -disable_hop_rtt_normalization,0.9,5000000,5,990,1061.62,651.9331828282827,638.501,910.249,1061.62,509.132,1211760,10753,0,0,547768,10753,0,0,0.8873869413085099,0.0,0.8873869413085099,0.0
permutation,1100,l,reps_no_partition,reps_dfp,reps,,0.9,5000000,5,990,1047.55,747.544491919192,748.516,933.995,1047.55,569.213,1211760,602,0,0,665188,602,0,0,0.049679804581765366,0.0,0.049679804581765366,0.0
permutation,1100,l,reps_partition,reps_dfp,reps,-reps_partition_entropy -reps_escalate_threshold 0.5 -reps_warmup_explore_rtts 0.5 -reps_explore_prob 70,0.9,5000000,5,990,1197.74,755.3197414141409,753.336,980.885,1197.74,570.479,1211760,1175,0,0,674991,1175,0,0,0.09696639598600383,0.0,0.09696639598600383,0.0
permutation,1100,l,fpar_tuned,fpar,oblivious,-threshold 20750 -disable_hop_rtt_normalization,0.9,10000000,1,990,1992.74,1285.0058191919188,1275.08,1783.39,1992.74,980.611,2423520,13812,0,0,1081896,13812,0,0,0.569914834620717,0.0,0.569914834620717,0.0
permutation,1100,l,reps_no_partition,reps_dfp,reps,,0.9,10000000,1,990,1929.91,1460.9850404040405,1469.36,1771.58,1929.91,1111.21,2423520,664,0,0,1314657,664,0,0,0.027398164653066614,0.0,0.027398164653066614,0.0
permutation,1100,l,reps_partition,reps_dfp,reps,-reps_partition_entropy -reps_escalate_threshold 0.5 -reps_warmup_explore_rtts 0.5 -reps_explore_prob 70,0.9,10000000,1,990,2155.4,1483.4112020202035,1490.44,1890.66,2155.4,1098.72,2423520,1437,0,0,1331799,1437,0,0,0.05929391958803724,0.0,0.05929391958803724,0.0
permutation,1100,l,fpar_tuned,fpar,oblivious,-threshold 20750 -disable_hop_rtt_normalization,0.9,10000000,2,990,2264.52,1298.5213242424238,1278.02,1867.89,2264.52,994.391,2423520,14709,0,0,1086922,14709,0,0,0.6069271142800554,0.0,0.6069271142800554,0.0
permutation,1100,l,reps_no_partition,reps_dfp,reps,,0.9,10000000,2,990,2065.48,1469.5100606060607,1473.34,1809.19,2065.48,1106.46,2423520,802,0,0,1318625,802,0,0,0.03309236152373407,0.0,0.03309236152373407,0.0
permutation,1100,l,reps_partition,reps_dfp,reps,-reps_partition_entropy -reps_escalate_threshold 0.5 -reps_warmup_explore_rtts 0.5 -reps_explore_prob 70,0.9,10000000,2,990,2053.72,1487.3586868686896,1504.06,1889.52,2053.72,1084.5,2423520,1277,0,0,1335747,1277,0,0,0.052691952201756126,0.0,0.052691952201756126,0.0
permutation,1100,l,fpar_tuned,fpar,oblivious,-threshold 20750 -disable_hop_rtt_normalization,0.9,10000000,3,990,2098.03,1288.4903181818174,1280.09,1821.55,2098.03,996.53,2423520,15105,0,0,1079737,15105,0,0,0.6232669835611012,0.0,0.6232669835611012,0.0
permutation,1100,l,reps_no_partition,reps_dfp,reps,,0.9,10000000,3,990,1926.58,1462.7955050505057,1462.45,1788.53,1926.58,1126.41,2423520,633,0,0,1319978,633,0,0,0.02611903347197465,0.0,0.02611903347197465,0.0
permutation,1100,l,reps_partition,reps_dfp,reps,-reps_partition_entropy -reps_escalate_threshold 0.5 -reps_warmup_explore_rtts 0.5 -reps_explore_prob 70,0.9,10000000,3,990,2069.69,1489.2267171717162,1497.09,1904.1,2069.69,1079.79,2423520,1289,0,0,1344529,1289,0,0,0.053187099755727205,0.0,0.053187099755727205,0.0
permutation,1100,l,fpar_tuned,fpar,oblivious,-threshold 20750 -disable_hop_rtt_normalization,0.9,10000000,4,990,2074.52,1294.266366666665,1274.62,1926.41,2074.52,980.037,2423520,15594,0,0,1084186,15594,0,0,0.6434442463854229,0.0,0.6434442463854229,0.0
permutation,1100,l,reps_no_partition,reps_dfp,reps,,0.9,10000000,4,990,1960.22,1461.183707070707,1469.35,1820.13,1960.22,1116.74,2423520,504,0,0,1317268,504,0,0,0.020796197266785502,0.0,0.020796197266785502,0.0
permutation,1100,l,reps_partition,reps_dfp,reps,-reps_partition_entropy -reps_escalate_threshold 0.5 -reps_warmup_explore_rtts 0.5 -reps_explore_prob 70,0.9,10000000,4,990,2095.83,1490.6727575757577,1505.58,1852.03,2095.83,1102.57,2423520,1364,0,0,1331226,1364,0,0,0.05628177196804648,0.0,0.05628177196804648,0.0
permutation,1100,l,fpar_tuned,fpar,oblivious,-threshold 20750 -disable_hop_rtt_normalization,0.9,10000000,5,990,2051.61,1284.6091919191924,1270.13,1734.94,2051.61,1001.19,2423520,14800,0,0,1081430,14800,0,0,0.6106819832310029,0.0,0.6106819832310029,0.0
permutation,1100,l,reps_no_partition,reps_dfp,reps,,0.9,10000000,5,990,1944.36,1463.0297272727273,1467.7,1806.11,1944.36,1122.74,2423520,643,0,0,1318289,643,0,0,0.02653165643361722,0.0,0.02653165643361722,0.0
permutation,1100,l,reps_partition,reps_dfp,reps,-reps_partition_entropy -reps_escalate_threshold 0.5 -reps_warmup_explore_rtts 0.5 -reps_explore_prob 70,0.9,10000000,5,990,1991.35,1481.7534848484856,1485.48,1871.88,1991.35,1109.83,2423520,1354,0,0,1336082,1354,0,0,0.055869149006403905,0.0,0.055869149006403905,0.0
permutation_random,1100,l,fpar_tuned,fpar,oblivious,-threshold 20750 -disable_hop_rtt_normalization,0.6,100000,1,660,37.2256,24.098157424242395,24.0003,32.5896,37.2256,12.4702,16500,0,0,0,5229,0,0,0,0.0,0.0,0.0,0.0
permutation_random,1100,l,reps_no_partition,reps_dfp,reps,,0.6,100000,1,660,32.6392,26.511178484848504,26.6496,30.7696,32.6392,12.4702,16500,0,0,0,5085,0,0,0,0.0,0.0,0.0,0.0
permutation_random,1100,l,reps_partition,reps_dfp,reps,-reps_partition_entropy -reps_escalate_threshold 0.5 -reps_warmup_explore_rtts 0.5 -reps_explore_prob 70,0.6,100000,1,660,32.9832,26.58208833333332,26.8027,30.9901,32.9832,12.4702,16500,0,0,0,5114,0,0,0,0.0,0.0,0.0,0.0
permutation_random,1100,l,fpar_tuned,fpar,oblivious,-threshold 20750 -disable_hop_rtt_normalization,0.6,100000,2,660,37.5576,24.818059545454524,24.4718,35.6014,37.5576,12.6411,16500,0,0,0,5353,0,0,0,0.0,0.0,0.0,0.0
permutation_random,1100,l,reps_no_partition,reps_dfp,reps,,0.6,100000,2,660,32.4997,26.912378484848468,26.9696,31.3384,32.4997,12.4702,16500,0,0,0,5120,0,0,0,0.0,0.0,0.0,0.0
permutation_random,1100,l,reps_partition,reps_dfp,reps,-reps_partition_entropy -reps_escalate_threshold 0.5 -reps_warmup_explore_rtts 0.5 -reps_explore_prob 70,0.6,100000,2,660,32.4347,26.99762045454546,27.1296,31.6278,32.4347,12.6531,16500,0,0,0,5178,0,0,0,0.0,0.0,0.0,0.0
permutation_random,1100,l,fpar_tuned,fpar,oblivious,-threshold 20750 -disable_hop_rtt_normalization,0.6,100000,3,660,35.7734,24.45401075757576,24.1416,33.7416,35.7734,12.6411,16500,0,0,0,5319,0,0,0,0.0,0.0,0.0,0.0
permutation_random,1100,l,reps_no_partition,reps_dfp,reps,,0.6,100000,3,660,32.1181,26.635564545454532,26.7976,30.6574,32.1181,12.6411,16500,0,0,0,5136,0,0,0,0.0,0.0,0.0,0.0
permutation_random,1100,l,reps_partition,reps_dfp,reps,-reps_partition_entropy -reps_escalate_threshold 0.5 -reps_warmup_explore_rtts 0.5 -reps_explore_prob 70,0.6,100000,3,660,31.945,26.69664833333332,26.9318,30.4701,31.945,12.4702,16500,0,0,0,5145,0,0,0,0.0,0.0,0.0,0.0
permutation_random,1100,l,fpar_tuned,fpar,oblivious,-threshold 20750 -disable_hop_rtt_normalization,0.6,100000,4,660,42.0763,24.90737575757576,24.6216,35.4414,42.0763,12.6411,16500,6,0,0,5332,6,0,0,0.03636363636363636,0.0,0.03636363636363636,0.0
permutation_random,1100,l,reps_no_partition,reps_dfp,reps,,0.6,100000,4,660,33.4957,26.79587242424244,26.9456,31.4336,33.4957,12.6371,16500,0,0,0,5139,0,0,0,0.0,0.0,0.0,0.0
permutation_random,1100,l,reps_partition,reps_dfp,reps,-reps_partition_entropy -reps_escalate_threshold 0.5 -reps_warmup_explore_rtts 0.5 -reps_explore_prob 70,0.6,100000,4,660,31.6483,26.784518484848476,26.9456,30.7816,31.6483,12.4702,16500,0,0,0,5138,0,0,0,0.0,0.0,0.0,0.0
permutation_random,1100,l,fpar_tuned,fpar,oblivious,-threshold 20750 -disable_hop_rtt_normalization,0.6,100000,5,660,43.9578,24.66801742424243,24.1467,35.9096,43.9578,12.4702,16500,10,0,0,5421,10,0,0,0.06060606060606061,0.0,0.06060606060606061,0.0
permutation_random,1100,l,reps_no_partition,reps_dfp,reps,,0.6,100000,5,660,32.261,26.483192424242407,26.6416,29.9986,32.261,12.4702,16500,0,0,0,5109,0,0,0,0.0,0.0,0.0,0.0
permutation_random,1100,l,reps_partition,reps_dfp,reps,-reps_partition_entropy -reps_escalate_threshold 0.5 -reps_warmup_explore_rtts 0.5 -reps_explore_prob 70,0.6,100000,5,660,33.2416,26.923807272727284,27.1278,31.4456,33.2416,12.4702,16500,0,0,0,5144,0,0,0,0.0,0.0,0.0,0.0
permutation_random,1100,l,fpar_tuned,fpar,oblivious,-threshold 20750 -disable_hop_rtt_normalization,0.6,250000,1,660,72.695,41.32574818181821,39.5856,55.8606,72.695,24.6597,40920,245,0,0,14431,245,0,0,0.5987292277614858,0.0,0.5987292277614858,0.0
permutation_random,1100,l,reps_no_partition,reps_dfp,reps,,0.6,250000,1,660,55.4126,44.45673090909092,44.6845,53.1421,55.4126,24.6597,40920,0,0,0,13889,0,0,0,0.0,0.0,0.0,0.0
permutation_random,1100,l,reps_partition,reps_dfp,reps,-reps_partition_entropy -reps_escalate_threshold 0.5 -reps_warmup_explore_rtts 0.5 -reps_explore_prob 70,0.6,250000,1,660,55.5742,44.85353666666667,45.2347,52.7589,55.5742,24.6597,40920,0,0,0,14027,0,0,0,0.0,0.0,0.0,0.0
permutation_random,1100,l,fpar_tuned,fpar,oblivious,-threshold 20750 -disable_hop_rtt_normalization,0.6,250000,2,660,68.9403,42.49696045454551,40.7005,61.7917,68.9403,24.9712,40920,307,0,0,14844,307,0,0,0.7502443792766373,0.0,0.7502443792766373,0.0
permutation_random,1100,l,reps_no_partition,reps_dfp,reps,,0.6,250000,2,660,59.7992,45.862296818181825,45.8936,55.7469,59.7992,24.9422,40920,0,0,0,14564,0,0,0,0.0,0.0,0.0,0.0
permutation_random,1100,l,reps_partition,reps_dfp,reps,-reps_partition_entropy -reps_escalate_threshold 0.5 -reps_warmup_explore_rtts 0.5 -reps_explore_prob 70,0.6,250000,2,660,56.903,45.77628939393939,45.8816,55.2422,56.903,24.9422,40920,0,0,0,14657,0,0,0,0.0,0.0,0.0,0.0
permutation_random,1100,l,fpar_tuned,fpar,oblivious,-threshold 20750 -disable_hop_rtt_normalization,0.6,250000,3,660,69.7235,41.64355984848487,39.2416,63.8992,69.7235,24.9354,40920,411,0,0,14481,411,0,0,1.0043988269794721,0.0,1.0043988269794721,0.0
permutation_random,1100,l,reps_no_partition,reps_dfp,reps,,0.6,250000,3,660,55.6397,45.19805651515153,45.4242,53.0419,55.6397,24.9354,40920,0,0,0,14321,0,0,0,0.0,0.0,0.0,0.0
permutation_random,1100,l,reps_partition,reps_dfp,reps,-reps_partition_entropy -reps_escalate_threshold 0.5 -reps_warmup_explore_rtts 0.5 -reps_explore_prob 70,0.6,250000,3,660,58.1114,45.34711363636368,45.4224,53.5168,58.1114,24.6904,40920,0,0,0,14351,0,0,0,0.0,0.0,0.0,0.0
permutation_random,1100,l,fpar_tuned,fpar,oblivious,-threshold 20750 -disable_hop_rtt_normalization,0.6,250000,4,660,78.4875,42.736057272727315,40.8266,64.968,78.4875,24.9507,40920,394,0,0,15049,394,0,0,0.9628543499511242,0.0,0.9628543499511242,0.0
permutation_random,1100,l,reps_no_partition,reps_dfp,reps,,0.6,250000,4,660,57.7714,45.286450757575764,45.4965,53.3069,57.7714,24.6955,40920,0,0,0,14295,0,0,0,0.0,0.0,0.0,0.0
permutation_random,1100,l,reps_partition,reps_dfp,reps,-reps_partition_entropy -reps_escalate_threshold 0.5 -reps_warmup_explore_rtts 0.5 -reps_explore_prob 70,0.6,250000,4,660,55.3205,45.223613030303035,45.0432,54.1936,55.3205,24.9405,40920,0,0,0,14493,0,0,0,0.0,0.0,0.0,0.0
permutation_random,1100,l,fpar_tuned,fpar,oblivious,-threshold 20750 -disable_hop_rtt_normalization,0.6,250000,5,660,81.715,42.234958484848484,40.0336,69.831,81.715,24.6853,40920,581,0,0,14589,581,0,0,1.4198435972629522,0.0,1.4198435972629522,0.0
permutation_random,1100,l,reps_no_partition,reps_dfp,reps,,0.6,250000,5,660,55.839,44.63460742424239,44.9016,53.0619,55.839,24.6802,40920,0,0,0,14148,0,0,0,0.0,0.0,0.0,0.0
permutation_random,1100,l,reps_partition,reps_dfp,reps,-reps_partition_entropy -reps_escalate_threshold 0.5 -reps_warmup_explore_rtts 0.5 -reps_explore_prob 70,0.6,250000,5,660,55.9845,45.36160409090911,45.577,52.4952,55.9845,24.6802,40920,0,0,0,14600,0,0,0,0.0,0.0,0.0,0.0
permutation_random,1100,l,fpar_tuned,fpar,oblivious,-threshold 20750 -disable_hop_rtt_normalization,0.6,2000000,1,660,505.316,235.7405363636362,206.017,451.637,505.316,166.851,323400,2694,0,0,158725,2694,0,0,0.8330241187384044,0.0,0.8330241187384044,0.0
permutation_random,1100,l,reps_no_partition,reps_dfp,reps,,0.6,2000000,1,660,308.522,229.4456499999999,231.502,265.796,308.522,166.851,323400,27,0,0,138646,27,0,0,0.008348794063079777,0.0,0.008348794063079777,0.0
permutation_random,1100,l,reps_partition,reps_dfp,reps,-reps_partition_entropy -reps_escalate_threshold 0.5 -reps_warmup_explore_rtts 0.5 -reps_explore_prob 70,0.6,2000000,1,660,330.911,229.90669393939416,231.574,282.984,330.911,166.851,323400,96,0,0,139965,96,0,0,0.029684601113172542,0.0,0.029684601113172542,0.0
permutation_random,1100,l,fpar_tuned,fpar,oblivious,-threshold 20750 -disable_hop_rtt_normalization,0.6,2000000,2,660,526.297,241.63041969696954,208.64,484.914,526.297,167.722,323400,3035,0,0,159821,3035,0,0,0.9384662956091527,0.0,0.9384662956091527,0.0
permutation_random,1100,l,reps_no_partition,reps_dfp,reps,,0.6,2000000,2,660,345.521,233.14463181818195,233.433,302.547,345.521,167.583,323400,69,0,0,145432,69,0,0,0.021335807050092765,0.0,0.021335807050092765,0.0
permutation_random,1100,l,reps_partition,reps_dfp,reps,-reps_partition_entropy -reps_escalate_threshold 0.5 -reps_warmup_explore_rtts 0.5 -reps_explore_prob 70,0.6,2000000,2,660,360.088,233.10135151515138,232.984,320.538,360.088,167.665,323400,121,0,0,145649,121,0,0,0.03741496598639456,0.0,0.03741496598639456,0.0
permutation_random,1100,l,fpar_tuned,fpar,oblivious,-threshold 20750 -disable_hop_rtt_normalization,0.6,2000000,3,660,522.567,241.22186515151512,204.017,487.994,522.567,167.731,323400,3028,0,0,159346,3028,0,0,0.9363017934446506,0.0,0.9363017934446506,0.0
permutation_random,1100,l,reps_no_partition,reps_dfp,reps,,0.6,2000000,3,660,342.697,231.8566257575757,233.776,279.527,342.697,167.743,323400,57,0,0,143472,57,0,0,0.017625231910946195,0.0,0.017625231910946195,0.0
permutation_random,1100,l,reps_partition,reps_dfp,reps,-reps_partition_entropy -reps_escalate_threshold 0.5 -reps_warmup_explore_rtts 0.5 -reps_explore_prob 70,0.6,2000000,3,660,380.742,231.12476212121214,231.873,297.015,380.742,168.059,323400,152,0,0,143167,152,0,0,0.04700061842918986,0.0,0.04700061842918986,0.0
permutation_random,1100,l,fpar_tuned,fpar,oblivious,-threshold 20750 -disable_hop_rtt_normalization,0.6,2000000,4,660,649.638,244.52293030303008,206.911,493.474,649.638,168.032,323400,3381,0,0,161897,3381,0,0,1.0454545454545454,0.0,1.0454545454545454,0.0
permutation_random,1100,l,reps_no_partition,reps_dfp,reps,,0.6,2000000,4,660,322.275,232.0913287878787,233.584,278.515,322.275,167.777,323400,98,0,0,144395,98,0,0,0.030303030303030304,0.0,0.030303030303030304,0.0
permutation_random,1100,l,reps_partition,reps_dfp,reps,-reps_partition_entropy -reps_escalate_threshold 0.5 -reps_warmup_explore_rtts 0.5 -reps_explore_prob 70,0.6,2000000,4,660,371.107,233.23649242424256,233.174,308.423,371.107,168.06,323400,147,0,0,146195,147,0,0,0.045454545454545456,0.0,0.045454545454545456,0.0
permutation_random,1100,l,fpar_tuned,fpar,oblivious,-threshold 20750 -disable_hop_rtt_normalization,0.6,2000000,5,660,662.478,243.4545681818184,209.784,499.041,662.478,167.754,323400,2988,0,0,163015,2988,0,0,0.9239332096474954,0.0,0.9239332096474954,0.0
permutation_random,1100,l,reps_no_partition,reps_dfp,reps,,0.6,2000000,5,660,354.723,229.5166530303029,231.57,273.259,354.723,167.77,323400,53,0,0,141248,53,0,0,0.016388373531230675,0.0,0.016388373531230675,0.0
permutation_random,1100,l,reps_partition,reps_dfp,reps,-reps_partition_entropy -reps_escalate_threshold 0.5 -reps_warmup_explore_rtts 0.5 -reps_explore_prob 70,0.6,2000000,5,660,357.873,230.08964242424233,231.278,293.903,357.873,167.729,323400,208,0,0,142611,208,0,0,0.06431663574520717,0.0,0.06431663574520717,0.0
permutation_random,1100,l,fpar_tuned,fpar,oblivious,-threshold 20750 -disable_hop_rtt_normalization,0.6,5000000,1,660,1266.61,574.9117651515149,500.548,1151.43,1266.61,410.609,807840,3182,0,0,413476,3182,0,0,0.3938898791839968,0.0,0.3938898791839968,0.0
permutation_random,1100,l,reps_no_partition,reps_dfp,reps,,0.6,5000000,1,660,787.168,545.5223439393942,546.716,685.514,787.168,410.609,807840,35,0,0,342893,35,0,0,0.004332541097246979,0.0,0.004332541097246979,0.0
permutation_random,1100,l,reps_partition,reps_dfp,reps,-reps_partition_entropy -reps_escalate_threshold 0.5 -reps_warmup_explore_rtts 0.5 -reps_explore_prob 70,0.6,5000000,1,660,836.78,547.6101045454551,549.843,695.873,836.78,410.609,807840,51,0,0,350232,51,0,0,0.006313131313131313,0.0,0.006313131313131313,0.0
permutation_random,1100,l,fpar_tuned,fpar,oblivious,-threshold 20750 -disable_hop_rtt_normalization,0.6,5000000,2,660,1416.32,593.3094484848488,495.067,1270.54,1416.32,412.722,807840,3478,0,0,414825,3478,0,0,0.430530798177857,0.0,0.430530798177857,0.0
permutation_random,1100,l,reps_no_partition,reps_dfp,reps,,0.6,5000000,2,660,815.446,553.2687530303027,552.264,730.696,815.446,412.892,807840,119,0,0,355638,119,0,0,0.014730639730639731,0.0,0.014730639730639731,0.0
permutation_random,1100,l,reps_partition,reps_dfp,reps,-reps_partition_entropy -reps_escalate_threshold 0.5 -reps_warmup_explore_rtts 0.5 -reps_explore_prob 70,0.6,5000000,2,660,810.248,557.1932954545449,552.854,756.096,810.248,412.729,807840,190,0,0,359222,190,0,0,0.02351950881362646,0.0,0.02351950881362646,0.0
permutation_random,1100,l,fpar_tuned,fpar,oblivious,-threshold 20750 -disable_hop_rtt_normalization,0.6,5000000,3,660,1332.06,589.1307651515151,491.22,1213.52,1332.06,412.657,807840,3537,0,0,413674,3537,0,0,0.43783422459893045,0.0,0.43783422459893045,0.0
permutation_random,1100,l,reps_no_partition,reps_dfp,reps,,0.6,5000000,3,660,773.812,550.6362984848487,552.722,701.8,773.812,412.697,807840,85,0,0,351109,85,0,0,0.010521885521885523,0.0,0.010521885521885523,0.0
permutation_random,1100,l,reps_partition,reps_dfp,reps,-reps_partition_entropy -reps_escalate_threshold 0.5 -reps_warmup_explore_rtts 0.5 -reps_explore_prob 70,0.6,5000000,3,660,844.388,551.8532030303033,551.182,726.832,844.388,412.873,807840,175,0,0,355134,175,0,0,0.021662705486234897,0.0,0.021662705486234897,0.0
permutation_random,1100,l,fpar_tuned,fpar,oblivious,-threshold 20750 -disable_hop_rtt_normalization,0.6,5000000,4,660,1593.14,598.7137545454544,506.549,1227.58,1593.14,412.835,807840,3967,0,0,424533,3967,0,0,0.4910625866508219,0.0,0.4910625866508219,0.0
permutation_random,1100,l,reps_no_partition,reps_dfp,reps,,0.6,5000000,4,660,788.845,551.0046681818185,550.41,699.029,788.845,412.692,807840,160,0,0,352482,160,0,0,0.019805902158843335,0.0,0.019805902158843335,0.0
permutation_random,1100,l,reps_partition,reps_dfp,reps,-reps_partition_entropy -reps_escalate_threshold 0.5 -reps_warmup_explore_rtts 0.5 -reps_explore_prob 70,0.6,5000000,4,660,853.932,554.2950181818179,549.524,727.695,853.932,412.963,807840,177,0,0,356140,177,0,0,0.02191027926322044,0.0,0.02191027926322044,0.0
permutation_random,1100,l,fpar_tuned,fpar,oblivious,-threshold 20750 -disable_hop_rtt_normalization,0.6,5000000,5,660,1631.59,596.3464484848487,498.917,1255.5,1631.59,412.763,807840,3395,0,0,423179,3395,0,0,0.42025648643295704,0.0,0.42025648643295704,0.0
permutation_random,1100,l,reps_no_partition,reps_dfp,reps,,0.6,5000000,5,660,800.941,545.7498954545453,549.111,689.165,800.941,412.564,807840,94,0,0,348715,94,0,0,0.01163596751832046,0.0,0.01163596751832046,0.0
permutation_random,1100,l,reps_partition,reps_dfp,reps,-reps_partition_entropy -reps_escalate_threshold 0.5 -reps_warmup_explore_rtts 0.5 -reps_explore_prob 70,0.6,5000000,5,660,803.294,549.3651848484845,547.678,701.127,803.294,412.606,807840,286,0,0,351618,286,0,0,0.03540305010893246,0.0,0.03540305010893246,0.0
permutation_random,1100,l,fpar_tuned,fpar,oblivious,-threshold 20750 -disable_hop_rtt_normalization,0.6,10000000,1,660,2626.87,1140.0472893939395,985.753,2211.38,2626.87,816.876,1615680,3643,0,0,838347,3643,0,0,0.22547781738958209,0.0,0.22547781738958209,0.0
permutation_random,1100,l,reps_no_partition,reps_dfp,reps,,0.6,10000000,1,660,1497.03,1072.9075712121212,1076.05,1323.42,1497.03,816.876,1615680,39,0,0,686375,39,0,0,0.0024138443256090315,0.0,0.0024138443256090315,0.0
permutation_random,1100,l,reps_partition,reps_dfp,reps,-reps_partition_entropy -reps_escalate_threshold 0.5 -reps_warmup_explore_rtts 0.5 -reps_explore_prob 70,0.6,10000000,1,660,1702.83,1080.8489893939395,1082.71,1402.6,1702.83,816.876,1615680,88,0,0,700287,88,0,0,0.0054466230936819175,0.0,0.0054466230936819175,0.0
permutation_random,1100,l,fpar_tuned,fpar,oblivious,-threshold 20750 -disable_hop_rtt_normalization,0.6,10000000,2,660,3054.48,1193.9836878787878,984.293,2627.98,3054.48,821.107,1615680,4000,0,0,852170,4000,0,0,0.2475737769855417,0.0,0.2475737769855417,0.0
permutation_random,1100,l,reps_no_partition,reps_dfp,reps,,0.6,10000000,2,660,1491.83,1087.858559090908,1083.3,1422.54,1491.83,821.108,1615680,168,0,0,705273,168,0,0,0.010398098633392751,0.0,0.010398098633392751,0.0
permutation_random,1100,l,reps_partition,reps_dfp,reps,-reps_partition_entropy -reps_escalate_threshold 0.5 -reps_warmup_explore_rtts 0.5 -reps_explore_prob 70,0.6,10000000,2,660,1606.86,1099.2274303030301,1088.95,1469.81,1606.86,821.388,1615680,336,0,0,717552,336,0,0,0.020796197266785502,0.0,0.020796197266785502,0.0
permutation_random,1100,l,fpar_tuned,fpar,oblivious,-threshold 20750 -disable_hop_rtt_normalization,0.6,10000000,3,660,2772.64,1176.6300196969687,970.612,2406.84,2772.64,821.083,1615680,3972,0,0,845316,3972,0,0,0.2458407605466429,0.0,0.2458407605466429,0.0
permutation_random,1100,l,reps_no_partition,reps_dfp,reps,,0.6,10000000,3,660,1441.26,1082.9250484848485,1088.29,1358.21,1441.26,820.976,1615680,135,0,0,701695,135,0,0,0.008355614973262033,0.0,0.008355614973262033,0.0
permutation_random,1100,l,reps_partition,reps_dfp,reps,-reps_partition_entropy -reps_escalate_threshold 0.5 -reps_warmup_explore_rtts 0.5 -reps_explore_prob 70,0.6,10000000,3,660,1508.61,1089.0229999999995,1085.51,1402.78,1508.61,821.036,1615680,223,0,0,709348,223,0,0,0.01380223806694395,0.0,0.01380223806694395,0.0
permutation_random,1100,l,fpar_tuned,fpar,oblivious,-threshold 20750 -disable_hop_rtt_normalization,0.6,10000000,4,660,3126.17,1193.2556469696951,1006.25,2342.03,3126.17,821.287,1615680,4478,0,0,871435,4478,0,0,0.27715884333531393,0.0,0.27715884333531393,0.0
permutation_random,1100,l,reps_no_partition,reps_dfp,reps,,0.6,10000000,4,660,1437.02,1082.798443939394,1081.02,1369.08,1437.02,821.288,1615680,170,0,0,700096,170,0,0,0.010521885521885523,0.0,0.010521885521885523,0.0
permutation_random,1100,l,reps_partition,reps_dfp,reps,-reps_partition_entropy -reps_escalate_threshold 0.5 -reps_warmup_explore_rtts 0.5 -reps_explore_prob 70,0.6,10000000,4,660,1569.07,1094.2055621212119,1085.26,1393.13,1569.07,821.417,1615680,260,0,0,712961,260,0,0,0.01609229550406021,0.0,0.01609229550406021,0.0
permutation_random,1100,l,fpar_tuned,fpar,oblivious,-threshold 20750 -disable_hop_rtt_normalization,0.6,10000000,5,660,3255.91,1190.7171303030293,985.855,2536.49,3255.91,820.99,1615680,3814,0,0,866507,3814,0,0,0.236061596355714,0.0,0.236061596355714,0.0
permutation_random,1100,l,reps_no_partition,reps_dfp,reps,,0.6,10000000,5,660,1513.81,1073.4122181818177,1076.97,1326.76,1513.81,820.944,1615680,182,0,0,695076,182,0,0,0.011264606852842148,0.0,0.011264606852842148,0.0
permutation_random,1100,l,reps_partition,reps_dfp,reps,-reps_partition_entropy -reps_escalate_threshold 0.5 -reps_warmup_explore_rtts 0.5 -reps_explore_prob 70,0.6,10000000,5,660,1449.48,1084.7709863636355,1080.17,1397.7,1449.48,821.064,1615680,475,0,0,704134,475,0,0,0.029399386017033076,0.0,0.029399386017033076,0.0
permutation_random,1100,l,fpar_tuned,fpar,oblivious,-threshold 20750 -disable_hop_rtt_normalization,0.7,100000,1,770,37.2256,24.70385909090908,24.4736,33.7456,37.2256,12.4702,19250,0,0,0,6112,0,0,0,0.0,0.0,0.0,0.0
permutation_random,1100,l,reps_no_partition,reps_dfp,reps,,0.7,100000,1,770,32.1506,27.302439610389623,27.4821,31.325,32.1506,12.4702,19250,0,0,0,6009,0,0,0,0.0,0.0,0.0,0.0
permutation_random,1100,l,reps_partition,reps_dfp,reps,-reps_partition_entropy -reps_escalate_threshold 0.5 -reps_warmup_explore_rtts 0.5 -reps_explore_prob 70,0.7,100000,1,770,32.7856,27.433524025973995,27.6301,31.6552,32.7856,12.4702,19250,0,0,0,6050,0,0,0,0.0,0.0,0.0,0.0
permutation_random,1100,l,fpar_tuned,fpar,oblivious,-threshold 20750 -disable_hop_rtt_normalization,0.7,100000,2,770,38.2216,25.50753948051947,24.969,35.3275,38.2216,12.6531,19250,0,0,0,6222,0,0,0,0.0,0.0,0.0,0.0
permutation_random,1100,l,reps_no_partition,reps_dfp,reps,,0.7,100000,2,770,34.0133,27.778481298701305,27.9416,31.9992,34.0133,12.4754,19250,0,0,0,6010,0,0,0,0.0,0.0,0.0,0.0
permutation_random,1100,l,reps_partition,reps_dfp,reps,-reps_partition_entropy -reps_escalate_threshold 0.5 -reps_warmup_explore_rtts 0.5 -reps_explore_prob 70,0.7,100000,2,770,34.4096,27.93950467532472,28.1136,32.5896,34.4096,12.4754,19250,0,0,0,6086,0,0,0,0.0,0.0,0.0,0.0
permutation_random,1100,l,fpar_tuned,fpar,oblivious,-threshold 20750 -disable_hop_rtt_normalization,0.7,100000,3,770,35.1094,25.013992857142853,24.7936,32.2576,35.1094,12.4702,19250,0,0,0,6146,0,0,0,0.0,0.0,0.0,0.0
permutation_random,1100,l,reps_no_partition,reps_dfp,reps,,0.7,100000,3,770,33.7952,27.776448311688327,27.8192,32.0856,33.7952,12.4702,19250,0,0,0,6054,0,0,0,0.0,0.0,0.0,0.0
permutation_random,1100,l,reps_partition,reps_dfp,reps,-reps_partition_entropy -reps_escalate_threshold 0.5 -reps_warmup_explore_rtts 0.5 -reps_explore_prob 70,0.7,100000,3,770,33.6096,27.902930129870082,27.969,32.4792,33.6096,12.4702,19250,0,0,0,6087,0,0,0,0.0,0.0,0.0,0.0
permutation_random,1100,l,fpar_tuned,fpar,oblivious,-threshold 20750 -disable_hop_rtt_normalization,0.7,100000,4,770,41.5946,25.508815584415576,24.9792,37.2614,41.5946,12.4754,19250,8,0,0,6299,8,0,0,0.04155844155844156,0.0,0.04155844155844156,0.0
permutation_random,1100,l,reps_no_partition,reps_dfp,reps,,0.7,100000,4,770,35.7256,27.763096753246753,27.7936,32.7496,35.7256,12.6411,19250,0,0,0,6072,0,0,0,0.0,0.0,0.0,0.0
permutation_random,1100,l,reps_partition,reps_dfp,reps,-reps_partition_entropy -reps_escalate_threshold 0.5 -reps_warmup_explore_rtts 0.5 -reps_explore_prob 70,0.7,100000,4,770,34.301,27.752667272727276,27.9656,33.1294,34.301,12.6411,19250,0,0,0,6119,0,0,0,0.0,0.0,0.0,0.0
permutation_random,1100,l,fpar_tuned,fpar,oblivious,-threshold 20750 -disable_hop_rtt_normalization,0.7,100000,5,770,38.3104,25.128146753246757,24.797,35.7427,38.3104,12.4702,19250,0,0,0,6290,0,0,0,0.0,0.0,0.0,0.0
permutation_random,1100,l,reps_no_partition,reps_dfp,reps,,0.7,100000,5,770,34.2923,27.440601558441532,27.6198,32.2696,34.2923,12.4702,19250,0,0,0,5999,0,0,0,0.0,0.0,0.0,0.0
permutation_random,1100,l,reps_partition,reps_dfp,reps,-reps_partition_entropy -reps_escalate_threshold 0.5 -reps_warmup_explore_rtts 0.5 -reps_explore_prob 70,0.7,100000,5,770,33.4717,27.645068701298683,27.8123,31.965,33.4717,12.4702,19250,0,0,0,6052,0,0,0,0.0,0.0,0.0,0.0
permutation_random,1100,l,fpar_tuned,fpar,oblivious,-threshold 20750 -disable_hop_rtt_normalization,0.7,250000,1,770,61.3419,42.64121168831166,41.2168,57.7462,61.3419,24.6853,47740,221,0,0,16762,221,0,0,0.46292417260159197,0.0,0.46292417260159197,0.0
permutation_random,1100,l,reps_no_partition,reps_dfp,reps,,0.7,250000,1,770,56.9458,47.25841636363632,47.5738,55.3205,56.9458,24.6699,47740,0,0,0,18006,0,0,0,0.0,0.0,0.0,0.0
permutation_random,1100,l,reps_partition,reps_dfp,reps,-reps_partition_entropy -reps_escalate_threshold 0.5 -reps_warmup_explore_rtts 0.5 -reps_explore_prob 70,0.7,250000,1,770,57.4627,47.30362220779219,47.631,55.4734,57.4627,24.6802,47740,0,0,0,18259,0,0,0,0.0,0.0,0.0,0.0
permutation_random,1100,l,fpar_tuned,fpar,oblivious,-threshold 20750 -disable_hop_rtt_normalization,0.7,250000,2,770,72.6794,43.751464155844154,42.295,63.1464,72.6794,24.9627,47740,295,0,0,17273,295,0,0,0.617930456640134,0.0,0.617930456640134,0.0
permutation_random,1100,l,reps_no_partition,reps_dfp,reps,,0.7,250000,2,770,58.6094,48.667666363636364,48.765,57.2973,58.6094,24.9712,47740,1,0,0,18733,1,0,0,0.0020946795140343527,0.0,0.0020946795140343527,0.0
permutation_random,1100,l,reps_partition,reps_dfp,reps,-reps_partition_entropy -reps_escalate_threshold 0.5 -reps_warmup_explore_rtts 0.5 -reps_explore_prob 70,0.7,250000,2,770,62.3448,48.515932727272755,48.7277,58.0299,62.3448,24.9712,47740,0,0,0,18858,0,0,0,0.0,0.0,0.0,0.0
permutation_random,1100,l,fpar_tuned,fpar,oblivious,-threshold 20750 -disable_hop_rtt_normalization,0.7,250000,3,770,65.9998,42.91918922077923,41.3467,60.2238,65.9998,24.6904,47740,283,0,0,16804,283,0,0,0.5927943024717218,0.0,0.5927943024717218,0.0
permutation_random,1100,l,reps_no_partition,reps_dfp,reps,,0.7,250000,3,770,60.1243,48.516247272727206,48.4451,58.1699,60.1243,24.9467,47740,0,0,0,18621,0,0,0,0.0,0.0,0.0,0.0
permutation_random,1100,l,reps_partition,reps_dfp,reps,-reps_partition_entropy -reps_escalate_threshold 0.5 -reps_warmup_explore_rtts 0.5 -reps_explore_prob 70,0.7,250000,3,770,61.404,48.90435506493511,48.6885,58.404,61.404,24.9467,47740,2,0,0,18759,2,0,0,0.0041893590280687055,0.0,0.0041893590280687055,0.0
permutation_random,1100,l,fpar_tuned,fpar,oblivious,-threshold 20750 -disable_hop_rtt_normalization,0.7,250000,4,770,77.4659,43.85373064935067,42.291,64.0027,77.4659,24.9302,47740,411,0,0,17491,411,0,0,0.860913280268119,0.0,0.860913280268119,0.0
permutation_random,1100,l,reps_no_partition,reps_dfp,reps,,0.7,250000,4,770,58.3378,47.822851168831164,48.0363,55.885,58.3378,24.9302,47740,0,0,0,18563,0,0,0,0.0,0.0,0.0,0.0
permutation_random,1100,l,reps_partition,reps_dfp,reps,-reps_partition_entropy -reps_escalate_threshold 0.5 -reps_warmup_explore_rtts 0.5 -reps_explore_prob 70,0.7,250000,4,770,61.9118,48.20767883116872,48.5376,57.0078,61.9118,24.9354,47740,2,0,0,18763,2,0,0,0.0041893590280687055,0.0,0.0041893590280687055,0.0
permutation_random,1100,l,fpar_tuned,fpar,oblivious,-threshold 20750 -disable_hop_rtt_normalization,0.7,250000,5,770,66.465,43.21498337662336,41.631,65.108,66.465,24.6904,47740,356,0,0,17015,356,0,0,0.7457059069962296,0.0,0.7457059069962296,0.0
permutation_random,1100,l,reps_no_partition,reps_dfp,reps,,0.7,250000,5,770,60.4738,47.6343418181819,47.8787,57.7451,60.4738,24.6853,47740,0,0,0,18435,0,0,0,0.0,0.0,0.0,0.0
permutation_random,1100,l,reps_partition,reps_dfp,reps,-reps_partition_entropy -reps_escalate_threshold 0.5 -reps_warmup_explore_rtts 0.5 -reps_explore_prob 70,0.7,250000,5,770,59.3045,47.76633311688317,48.1438,56.3699,59.3045,24.6853,47740,0,0,0,18667,0,0,0,0.0,0.0,0.0,0.0
permutation_random,1100,l,fpar_tuned,fpar,oblivious,-threshold 20750 -disable_hop_rtt_normalization,0.7,2000000,1,770,578.486,241.71539610389596,214.158,472.24,578.486,167.826,377300,3494,0,0,186256,3494,0,0,0.9260535382984363,0.0,0.9260535382984363,0.0
permutation_random,1100,l,reps_no_partition,reps_dfp,reps,,0.7,2000000,1,770,350.785,246.0538610389611,246.665,309.772,350.785,167.619,377300,95,0,0,184846,95,0,0,0.02517890272992314,0.0,0.02517890272992314,0.0
permutation_random,1100,l,reps_partition,reps_dfp,reps,-reps_partition_entropy -reps_escalate_threshold 0.5 -reps_warmup_explore_rtts 0.5 -reps_explore_prob 70,0.7,2000000,1,770,365.361,247.53122727272728,245.786,337.989,365.361,167.766,377300,125,0,0,188119,125,0,0,0.033130135170951494,0.0,0.033130135170951494,0.0
permutation_random,1100,l,fpar_tuned,fpar,oblivious,-threshold 20750 -disable_hop_rtt_normalization,0.7,2000000,2,770,562.846,246.62600519480517,215.232,491.535,562.846,168.441,377300,3799,0,0,186684,3799,0,0,1.0068910681155578,0.0,1.0068910681155578,0.0
permutation_random,1100,l,reps_no_partition,reps_dfp,reps,,0.7,2000000,2,770,396.405,251.5411428571432,245.85,359.449,396.405,168.178,377300,217,0,0,187724,217,0,0,0.0575139146567718,0.0,0.0575139146567718,0.0
permutation_random,1100,l,reps_partition,reps_dfp,reps,-reps_partition_entropy -reps_escalate_threshold 0.5 -reps_warmup_explore_rtts 0.5 -reps_explore_prob 70,0.7,2000000,2,770,509.49,252.7704805194803,247.696,369.735,509.49,168.41,377300,438,0,0,191227,438,0,0,0.11608799363901405,0.0,0.11608799363901405,0.0
permutation_random,1100,l,fpar_tuned,fpar,oblivious,-threshold 20750 -disable_hop_rtt_normalization,0.7,2000000,3,770,610.238,247.63246883116886,214.504,491.883,610.238,167.655,377300,3695,0,0,187174,3695,0,0,0.9793267956533263,0.0,0.9793267956533263,0.0
permutation_random,1100,l,reps_no_partition,reps_dfp,reps,,0.7,2000000,3,770,385.433,251.0328649350651,247.26,362.058,385.433,167.624,377300,271,0,0,188213,271,0,0,0.07182613305062285,0.0,0.07182613305062285,0.0
permutation_random,1100,l,reps_partition,reps_dfp,reps,-reps_partition_entropy -reps_escalate_threshold 0.5 -reps_warmup_explore_rtts 0.5 -reps_explore_prob 70,0.7,2000000,3,770,404.14,251.3732298701297,246.315,370.585,404.14,167.547,377300,417,0,0,190269,417,0,0,0.1105221309302942,0.0,0.1105221309302942,0.0
permutation_random,1100,l,fpar_tuned,fpar,oblivious,-threshold 20750 -disable_hop_rtt_normalization,0.7,2000000,4,770,638.416,249.49170389610418,218.241,488.988,638.416,168.063,377300,4112,0,0,189278,4112,0,0,1.0898489265836204,0.0,1.0898489265836204,0.0
permutation_random,1100,l,reps_no_partition,reps_dfp,reps,,0.7,2000000,4,770,375.149,248.28927012986995,246.475,349.955,375.149,167.821,377300,161,0,0,187790,161,0,0,0.04267161410018553,0.0,0.04267161410018553,0.0
permutation_random,1100,l,reps_partition,reps_dfp,reps,-reps_partition_entropy -reps_escalate_threshold 0.5 -reps_warmup_explore_rtts 0.5 -reps_explore_prob 70,0.7,2000000,4,770,424.496,250.56601558441542,247.227,355.868,424.496,167.968,377300,288,0,0,191677,288,0,0,0.07633183143387225,0.0,0.07633183143387225,0.0
permutation_random,1100,l,fpar_tuned,fpar,oblivious,-threshold 20750 -disable_hop_rtt_normalization,0.7,2000000,5,770,581.635,247.22326623376617,216.185,496.395,581.635,167.795,377300,3413,0,0,189363,3413,0,0,0.9045852107076597,0.0,0.9045852107076597,0.0
permutation_random,1100,l,reps_no_partition,reps_dfp,reps,,0.7,2000000,5,770,381.686,245.8848090909091,246.128,333.947,381.686,167.795,377300,216,0,0,188471,216,0,0,0.05724887357540419,0.0,0.05724887357540419,0.0
permutation_random,1100,l,reps_partition,reps_dfp,reps,-reps_partition_entropy -reps_escalate_threshold 0.5 -reps_warmup_explore_rtts 0.5 -reps_explore_prob 70,0.7,2000000,5,770,398.142,248.87330519480548,245.32,359.03,398.142,167.877,377300,357,0,0,188827,357,0,0,0.09461966604823747,0.0,0.09461966604823747,0.0
permutation_random,1100,l,fpar_tuned,fpar,oblivious,-threshold 20750 -disable_hop_rtt_normalization,0.7,5000000,1,770,1455.31,593.3479194805197,520.379,1188.71,1455.31,412.835,942480,4165,0,0,481219,4165,0,0,0.44191919191919193,0.0,0.44191919191919193,0.0
permutation_random,1100,l,reps_no_partition,reps_dfp,reps,,0.7,5000000,1,770,799.618,585.8591805194804,582.555,750.402,799.618,412.667,942480,129,0,0,445322,129,0,0,0.013687293099057805,0.0,0.013687293099057805,0.0
permutation_random,1100,l,reps_partition,reps_dfp,reps,-reps_partition_entropy -reps_escalate_threshold 0.5 -reps_warmup_explore_rtts 0.5 -reps_explore_prob 70,0.7,5000000,1,770,950.209,590.3457337662334,581.63,786.339,950.209,412.838,942480,143,0,0,452752,143,0,0,0.015172735760971055,0.0,0.015172735760971055,0.0
permutation_random,1100,l,fpar_tuned,fpar,oblivious,-threshold 20750 -disable_hop_rtt_normalization,0.7,5000000,2,770,1422.51,608.8664129870131,525.535,1236.38,1422.51,413.654,942480,4451,0,0,488223,4451,0,0,0.47226466344113405,0.0,0.47226466344113405,0.0
permutation_random,1100,l,reps_no_partition,reps_dfp,reps,,0.7,5000000,2,770,970.837,595.2776870129875,584.249,806.642,970.837,413.122,942480,236,0,0,447295,236,0,0,0.02504031915796622,0.0,0.02504031915796622,0.0
permutation_random,1100,l,reps_partition,reps_dfp,reps,-reps_partition_entropy -reps_escalate_threshold 0.5 -reps_warmup_explore_rtts 0.5 -reps_explore_prob 70,0.7,5000000,2,770,1010.7,601.6562272727272,589.308,785.402,1010.7,412.886,942480,510,0,0,457974,510,0,0,0.05411255411255411,0.0,0.05411255411255411,0.0
permutation_random,1100,l,fpar_tuned,fpar,oblivious,-threshold 20750 -disable_hop_rtt_normalization,0.7,5000000,3,770,1568.98,610.1128220779217,512.881,1270.53,1568.98,412.61,942480,4346,0,0,488813,4346,0,0,0.46112384347678465,0.0,0.46112384347678465,0.0
permutation_random,1100,l,reps_no_partition,reps_dfp,reps,,0.7,5000000,3,770,895.744,594.2842844155839,585.074,805.251,895.744,412.784,942480,284,0,0,449273,284,0,0,0.030133265427383073,0.0,0.030133265427383073,0.0
permutation_random,1100,l,reps_partition,reps_dfp,reps,-reps_partition_entropy -reps_escalate_threshold 0.5 -reps_warmup_explore_rtts 0.5 -reps_explore_prob 70,0.7,5000000,3,770,918.823,598.9484506493507,583.945,838.092,918.823,412.611,942480,503,0,0,455692,503,0,0,0.05336983278159749,0.0,0.05336983278159749,0.0
permutation_random,1100,l,fpar_tuned,fpar,oblivious,-threshold 20750 -disable_hop_rtt_normalization,0.7,5000000,4,770,1631.32,616.7464389610393,527.043,1252.6,1631.32,412.868,942480,4769,0,0,495403,4769,0,0,0.5060054324760207,0.0,0.5060054324760207,0.0
permutation_random,1100,l,reps_no_partition,reps_dfp,reps,,0.7,5000000,4,770,945.744,588.5533415584418,582.892,786.688,945.744,413.009,942480,187,0,0,448985,187,0,0,0.01984126984126984,0.0,0.01984126984126984,0.0
permutation_random,1100,l,reps_partition,reps_dfp,reps,-reps_partition_entropy -reps_escalate_threshold 0.5 -reps_warmup_explore_rtts 0.5 -reps_explore_prob 70,0.7,5000000,4,770,919.859,595.4015220779224,584.192,827.362,919.859,412.873,942480,335,0,0,454887,335,0,0,0.03554452083863849,0.0,0.03554452083863849,0.0
permutation_random,1100,l,fpar_tuned,fpar,oblivious,-threshold 20750 -disable_hop_rtt_normalization,0.7,5000000,5,770,1488.73,610.2392415584412,524.058,1230.84,1488.73,412.794,942480,4100,0,0,493701,4100,0,0,0.43502249384602326,0.0,0.43502249384602326,0.0
permutation_random,1100,l,reps_no_partition,reps_dfp,reps,,0.7,5000000,5,770,859.748,585.5489597402595,581.972,787.337,859.748,412.768,942480,236,0,0,450757,236,0,0,0.02504031915796622,0.0,0.02504031915796622,0.0
permutation_random,1100,l,reps_partition,reps_dfp,reps,-reps_partition_entropy -reps_escalate_threshold 0.5 -reps_warmup_explore_rtts 0.5 -reps_explore_prob 70,0.7,5000000,5,770,869.664,593.0191558441563,583.172,794.552,869.664,412.934,942480,411,0,0,452876,411,0,0,0.043608352431881846,0.0,0.043608352431881846,0.0
permutation_random,1100,l,fpar_tuned,fpar,oblivious,-threshold 20750 -disable_hop_rtt_normalization,0.7,10000000,1,770,2932.28,1187.2086662337658,1058.14,2371.79,2932.28,821.528,1884960,4748,0,0,991335,4748,0,0,0.2518886342415754,0.0,0.2518886342415754,0.0
permutation_random,1100,l,reps_no_partition,reps_dfp,reps,,0.7,10000000,1,770,1597.73,1151.502777922077,1143.64,1459.84,1597.73,821.231,1884960,157,0,0,879975,157,0,0,0.008329089211442153,0.0,0.008329089211442153,0.0
permutation_random,1100,l,reps_partition,reps_dfp,reps,-reps_partition_entropy -reps_escalate_threshold 0.5 -reps_warmup_explore_rtts 0.5 -reps_explore_prob 70,0.7,10000000,1,770,1725.31,1168.1552220779224,1148.68,1487.56,1725.31,821.542,1884960,243,0,0,896853,243,0,0,0.012891520244461422,0.0,0.012891520244461422,0.0
permutation_random,1100,l,fpar_tuned,fpar,oblivious,-threshold 20750 -disable_hop_rtt_normalization,0.7,10000000,2,770,2913.34,1219.7648311688308,1043.72,2576.75,2913.34,823.346,1884960,5043,0,0,1001102,5043,0,0,0.2675388337153043,0.0,0.2675388337153043,0.0
permutation_random,1100,l,reps_no_partition,reps_dfp,reps,,0.7,10000000,2,770,1658.17,1168.5428792207788,1145.9,1530.27,1658.17,821.512,1884960,356,0,0,884685,356,0,0,0.01888634241575418,0.0,0.01888634241575418,0.0
permutation_random,1100,l,reps_partition,reps_dfp,reps,-reps_partition_entropy -reps_escalate_threshold 0.5 -reps_warmup_explore_rtts 0.5 -reps_explore_prob 70,0.7,10000000,2,770,1963.59,1188.9903649350651,1167.43,1547.11,1963.59,821.496,1884960,594,0,0,908086,594,0,0,0.031512605042016806,0.0,0.031512605042016806,0.0
permutation_random,1100,l,fpar_tuned,fpar,oblivious,-threshold 20750 -disable_hop_rtt_normalization,0.7,10000000,3,770,3152.64,1221.9755194805196,1023.43,2571.73,3152.64,820.934,1884960,5034,0,0,1001064,5034,0,0,0.2670613700025465,0.0,0.2670613700025465,0.0
permutation_random,1100,l,reps_no_partition,reps_dfp,reps,,0.7,10000000,3,770,1659.97,1166.023392207792,1151.43,1501.27,1659.97,821.195,1884960,363,0,0,888909,363,0,0,0.019257703081232494,0.0,0.019257703081232494,0.0
permutation_random,1100,l,reps_partition,reps_dfp,reps,-reps_partition_entropy -reps_escalate_threshold 0.5 -reps_warmup_explore_rtts 0.5 -reps_explore_prob 70,0.7,10000000,3,770,1678.02,1181.0810974025974,1158.17,1582.8,1678.02,821.074,1884960,669,0,0,907359,669,0,0,0.035491469314998726,0.0,0.035491469314998726,0.0
permutation_random,1100,l,fpar_tuned,fpar,oblivious,-threshold 20750 -disable_hop_rtt_normalization,0.7,10000000,4,770,3268.04,1230.7798311688305,1045.0,2522.27,3268.04,821.607,1884960,5495,0,0,1014711,5495,0,0,0.29151812240047537,0.0,0.29151812240047537,0.0
permutation_random,1100,l,reps_no_partition,reps_dfp,reps,,0.7,10000000,4,770,1711.12,1156.3423493506511,1145.46,1525.24,1711.12,821.396,1884960,281,0,0,886932,281,0,0,0.014907478142772261,0.0,0.014907478142772261,0.0
permutation_random,1100,l,reps_partition,reps_dfp,reps,-reps_partition_entropy -reps_escalate_threshold 0.5 -reps_warmup_explore_rtts 0.5 -reps_explore_prob 70,0.7,10000000,4,770,1778.37,1176.102524675325,1155.85,1543.95,1778.37,821.793,1884960,506,0,0,904180,506,0,0,0.02684407096171802,0.0,0.02684407096171802,0.0
permutation_random,1100,l,fpar_tuned,fpar,oblivious,-threshold 20750 -disable_hop_rtt_normalization,0.7,10000000,5,770,2941.98,1223.5510727272722,1043.76,2489.11,2941.98,821.292,1884960,4549,0,0,1014621,4549,0,0,0.2413313810372634,0.0,0.2413313810372634,0.0
permutation_random,1100,l,reps_no_partition,reps_dfp,reps,,0.7,10000000,5,770,1559.17,1150.768612987013,1143.14,1453.51,1559.17,821.405,1884960,317,0,0,887950,317,0,0,0.016817332993803582,0.0,0.016817332993803582,0.0
permutation_random,1100,l,reps_partition,reps_dfp,reps,-reps_partition_entropy -reps_escalate_threshold 0.5 -reps_warmup_explore_rtts 0.5 -reps_explore_prob 70,0.7,10000000,5,770,1585.34,1169.4652051948062,1147.83,1549.73,1585.34,821.243,1884960,512,0,0,898685,512,0,0,0.027162380103556573,0.0,0.027162380103556573,0.0
permutation_random,1100,l,fpar_tuned,fpar,oblivious,-threshold 20750 -disable_hop_rtt_normalization,0.8,100000,1,880,37.4386,25.482612840909102,25.1461,35.0856,37.4386,12.4702,22000,0,0,0,7063,0,0,0,0.0,0.0,0.0,0.0
permutation_random,1100,l,reps_no_partition,reps_dfp,reps,,0.8,100000,1,880,36.9347,28.642453863636355,28.8032,34.4728,36.9347,12.4702,22000,0,0,0,7018,0,0,0,0.0,0.0,0.0,0.0
permutation_random,1100,l,reps_partition,reps_dfp,reps,-reps_partition_entropy -reps_escalate_threshold 0.5 -reps_warmup_explore_rtts 0.5 -reps_explore_prob 70,0.8,100000,1,880,34.933,28.61091079545455,28.793,33.937,34.933,12.4702,22000,0,0,0,7009,0,0,0,0.0,0.0,0.0,0.0
permutation_random,1100,l,fpar_tuned,fpar,oblivious,-threshold 20750 -disable_hop_rtt_normalization,0.8,100000,2,880,37.7296,26.06008465909092,25.6261,34.9955,37.7296,12.4702,22000,0,0,0,7124,0,0,0,0.0,0.0,0.0,0.0
permutation_random,1100,l,reps_no_partition,reps_dfp,reps,,0.8,100000,2,880,35.3174,28.899749204545472,29.0976,33.6437,35.3174,12.4702,22000,0,0,0,7028,0,0,0,0.0,0.0,0.0,0.0
permutation_random,1100,l,reps_partition,reps_dfp,reps,-reps_partition_entropy -reps_escalate_threshold 0.5 -reps_warmup_explore_rtts 0.5 -reps_explore_prob 70,0.8,100000,2,880,36.8139,29.11510238636364,29.2696,34.1357,36.8139,12.4702,22000,0,0,0,7162,0,0,0,0.0,0.0,0.0,0.0
permutation_random,1100,l,fpar_tuned,fpar,oblivious,-threshold 20750 -disable_hop_rtt_normalization,0.8,100000,3,880,34.9494,25.726041363636377,25.3112,33.4494,34.9494,12.4702,22000,0,0,0,7037,0,0,0,0.0,0.0,0.0,0.0
permutation_random,1100,l,reps_no_partition,reps_dfp,reps,,0.8,100000,3,880,33.8379,28.645406590909115,28.6688,32.6101,33.8379,12.4702,22000,0,0,0,6977,0,0,0,0.0,0.0,0.0,0.0
permutation_random,1100,l,reps_partition,reps_dfp,reps,-reps_partition_entropy -reps_escalate_threshold 0.5 -reps_warmup_explore_rtts 0.5 -reps_explore_prob 70,0.8,100000,3,880,34.1494,28.94431409090912,29.1301,33.1517,34.1494,12.4702,22000,0,0,0,7060,0,0,0,0.0,0.0,0.0,0.0
permutation_random,1100,l,fpar_tuned,fpar,oblivious,-threshold 20750 -disable_hop_rtt_normalization,0.8,100000,4,880,41.5638,26.01321647727272,25.4696,35.7837,41.5638,12.4754,22000,2,0,0,7116,2,0,0,0.00909090909090909,0.0,0.00909090909090909,0.0
permutation_random,1100,l,reps_no_partition,reps_dfp,reps,,0.8,100000,4,880,35.125,28.764954318181836,28.9358,33.3357,35.125,12.4702,22000,0,0,0,7001,0,0,0,0.0,0.0,0.0,0.0
permutation_random,1100,l,reps_partition,reps_dfp,reps,-reps_partition_entropy -reps_escalate_threshold 0.5 -reps_warmup_explore_rtts 0.5 -reps_explore_prob 70,0.8,100000,4,880,35.1744,28.9383515909091,28.9803,34.1766,35.1744,12.4702,22000,0,0,0,7078,0,0,0,0.0,0.0,0.0,0.0
permutation_random,1100,l,fpar_tuned,fpar,oblivious,-threshold 20750 -disable_hop_rtt_normalization,0.8,100000,5,880,43.1286,25.78463511363636,25.3198,35.2917,43.1286,12.4702,22000,2,0,0,7184,2,0,0,0.00909090909090909,0.0,0.00909090909090909,0.0
permutation_random,1100,l,reps_no_partition,reps_dfp,reps,,0.8,100000,5,880,33.8072,28.53450136363637,28.7981,32.8333,33.8072,12.4702,22000,0,0,0,7010,0,0,0,0.0,0.0,0.0,0.0
permutation_random,1100,l,reps_partition,reps_dfp,reps,-reps_partition_entropy -reps_escalate_threshold 0.5 -reps_warmup_explore_rtts 0.5 -reps_explore_prob 70,0.8,100000,5,880,35.937,28.741937272727288,28.9598,33.4067,35.937,12.4702,22000,0,0,0,7054,0,0,0,0.0,0.0,0.0,0.0
permutation_random,1100,l,fpar_tuned,fpar,oblivious,-threshold 20750 -disable_hop_rtt_normalization,0.8,250000,1,880,64.1032,44.1565231818182,43.3832,61.524,64.1032,24.6853,54560,179,0,0,19333,179,0,0,0.3280791788856305,0.0,0.3280791788856305,0.0
permutation_random,1100,l,reps_no_partition,reps_dfp,reps,,0.8,250000,1,880,63.6256,50.75092806818181,51.221,59.9616,63.6256,24.6802,54560,5,0,0,23908,5,0,0,0.009164222873900294,0.0,0.009164222873900294,0.0
permutation_random,1100,l,reps_partition,reps_dfp,reps,-reps_partition_entropy -reps_escalate_threshold 0.5 -reps_warmup_explore_rtts 0.5 -reps_explore_prob 70,0.8,250000,1,880,64.5806,50.191937272727294,50.56,59.2914,64.5806,24.6699,54560,2,0,0,23752,2,0,0,0.0036656891495601175,0.0,0.0036656891495601175,0.0
permutation_random,1100,l,fpar_tuned,fpar,oblivious,-threshold 20750 -disable_hop_rtt_normalization,0.8,250000,2,880,68.1918,45.05574147727276,44.291,59.029,68.1918,24.6853,54560,185,0,0,19630,185,0,0,0.3390762463343108,0.0,0.3390762463343108,0.0
permutation_random,1100,l,reps_no_partition,reps_dfp,reps,,0.8,250000,2,880,62.4464,51.251409772727236,51.6384,59.0259,62.4464,24.6802,54560,2,0,0,24364,2,0,0,0.0036656891495601175,0.0,0.0036656891495601175,0.0
permutation_random,1100,l,reps_partition,reps_dfp,reps,-reps_partition_entropy -reps_escalate_threshold 0.5 -reps_warmup_explore_rtts 0.5 -reps_explore_prob 70,0.8,250000,2,880,60.3562,51.360940454545414,51.8374,58.9605,60.3562,24.675,54560,20,0,0,24672,20,0,0,0.036656891495601175,0.0,0.036656891495601175,0.0
permutation_random,1100,l,fpar_tuned,fpar,oblivious,-threshold 20750 -disable_hop_rtt_normalization,0.8,250000,3,880,63.6542,44.97554750000001,44.2075,61.5558,63.6542,24.7006,54560,230,0,0,19310,230,0,0,0.4215542521994135,0.0,0.4215542521994135,0.0
permutation_random,1100,l,reps_no_partition,reps_dfp,reps,,0.8,250000,3,880,62.4666,51.000035227272726,51.2565,61.035,62.4666,24.6853,54560,0,0,0,24032,0,0,0,0.0,0.0,0.0,0.0
permutation_random,1100,l,reps_partition,reps_dfp,reps,-reps_partition_entropy -reps_escalate_threshold 0.5 -reps_warmup_explore_rtts 0.5 -reps_explore_prob 70,0.8,250000,3,880,61.7144,51.024712159090925,51.5051,59.1346,61.7144,24.9518,54560,0,0,0,24225,0,0,0,0.0,0.0,0.0,0.0
permutation_random,1100,l,fpar_tuned,fpar,oblivious,-threshold 20750 -disable_hop_rtt_normalization,0.8,250000,4,880,78.0645,45.233559204545394,43.955,63.757,78.0645,24.9661,54560,392,0,0,19501,392,0,0,0.718475073313783,0.0,0.718475073313783,0.0
permutation_random,1100,l,reps_no_partition,reps_dfp,reps,,0.8,250000,4,880,61.9272,50.823137613636355,51.2744,58.4104,61.9272,24.6853,54560,5,0,0,23756,5,0,0,0.009164222873900294,0.0,0.009164222873900294,0.0
permutation_random,1100,l,reps_partition,reps_dfp,reps,-reps_partition_entropy -reps_escalate_threshold 0.5 -reps_warmup_explore_rtts 0.5 -reps_explore_prob 70,0.8,250000,4,880,63.885,51.135748409090915,51.4206,60.7104,63.885,24.9456,54560,11,0,0,24144,11,0,0,0.020161290322580645,0.0,0.020161290322580645,0.0
permutation_random,1100,l,fpar_tuned,fpar,oblivious,-threshold 20750 -disable_hop_rtt_normalization,0.8,250000,5,880,72.7411,44.829153750000074,43.955,64.0798,72.7411,24.6802,54560,280,0,0,19750,280,0,0,0.5131964809384164,0.0,0.5131964809384164,0.0
permutation_random,1100,l,reps_no_partition,reps_dfp,reps,,0.8,250000,5,880,62.0026,50.57171397727271,50.9925,59.0754,62.0026,24.6802,54560,13,0,0,23749,13,0,0,0.023826979472140762,0.0,0.023826979472140762,0.0
permutation_random,1100,l,reps_partition,reps_dfp,reps,-reps_partition_entropy -reps_escalate_threshold 0.5 -reps_warmup_explore_rtts 0.5 -reps_explore_prob 70,0.8,250000,5,880,61.6666,50.89759897727276,51.3416,58.8741,61.6666,24.9467,54560,30,0,0,24250,30,0,0,0.05498533724340176,0.0,0.05498533724340176,0.0
permutation_random,1100,l,fpar_tuned,fpar,oblivious,-threshold 20750 -disable_hop_rtt_normalization,0.8,2000000,1,880,550.597,248.7504397727273,222.625,462.233,550.597,167.703,431200,3970,0,0,215857,3970,0,0,0.9206864564007421,0.0,0.9206864564007421,0.0
permutation_random,1100,l,reps_no_partition,reps_dfp,reps,,0.8,2000000,1,880,461.74,268.61391931818156,259.305,394.189,461.74,167.795,431200,396,0,0,230380,396,0,0,0.09183673469387756,0.0,0.09183673469387756,0.0
permutation_random,1100,l,reps_partition,reps_dfp,reps,-reps_partition_entropy -reps_escalate_threshold 0.5 -reps_warmup_explore_rtts 0.5 -reps_explore_prob 70,0.8,2000000,1,880,455.605,268.5501863636365,259.09,383.471,455.605,167.852,431200,412,0,0,234952,412,0,0,0.09554730983302412,0.0,0.09554730983302412,0.0
permutation_random,1100,l,fpar_tuned,fpar,oblivious,-threshold 20750 -disable_hop_rtt_normalization,0.8,2000000,2,880,554.914,255.03937159090918,226.53,489.087,554.914,167.795,431200,4371,0,0,215478,4371,0,0,1.013682745825603,0.0,1.013682745825603,0.0
permutation_random,1100,l,reps_no_partition,reps_dfp,reps,,0.8,2000000,2,880,462.099,271.45271136363647,258.707,404.421,462.099,167.888,431200,370,0,0,233688,370,0,0,0.08580705009276438,0.0,0.08580705009276438,0.0
permutation_random,1100,l,reps_partition,reps_dfp,reps,-reps_partition_entropy -reps_escalate_threshold 0.5 -reps_warmup_explore_rtts 0.5 -reps_explore_prob 70,0.8,2000000,2,880,442.3,274.8861409090909,259.888,408.219,442.3,167.925,431200,674,0,0,233721,674,0,0,0.15630797773654917,0.0,0.15630797773654917,0.0
permutation_random,1100,l,fpar_tuned,fpar,oblivious,-threshold 20750 -disable_hop_rtt_normalization,0.8,2000000,3,880,572.712,251.80237045454524,224.271,457.096,572.712,168.162,431200,3881,0,0,212545,3881,0,0,0.9000463821892394,0.0,0.9000463821892394,0.0
permutation_random,1100,l,reps_no_partition,reps_dfp,reps,,0.8,2000000,3,880,424.132,270.1451329545457,260.479,382.841,424.132,167.928,431200,331,0,0,235264,331,0,0,0.07676252319109463,0.0,0.07676252319109463,0.0
permutation_random,1100,l,reps_partition,reps_dfp,reps,-reps_partition_entropy -reps_escalate_threshold 0.5 -reps_warmup_explore_rtts 0.5 -reps_explore_prob 70,0.8,2000000,3,880,482.425,272.8451136363636,259.801,388.642,482.425,167.895,431200,633,0,0,235771,633,0,0,0.14679962894248608,0.0,0.14679962894248608,0.0
permutation_random,1100,l,fpar_tuned,fpar,oblivious,-threshold 20750 -disable_hop_rtt_normalization,0.8,2000000,4,880,643.265,253.45323181818213,225.041,516.753,643.265,167.908,431200,4203,0,0,213363,4203,0,0,0.974721706864564,0.0,0.974721706864564,0.0
permutation_random,1100,l,reps_no_partition,reps_dfp,reps,,0.8,2000000,4,880,409.422,269.4814488636363,260.684,382.206,409.422,168.126,431200,425,0,0,233040,425,0,0,0.0985621521335807,0.0,0.0985621521335807,0.0
permutation_random,1100,l,reps_partition,reps_dfp,reps,-reps_partition_entropy -reps_escalate_threshold 0.5 -reps_warmup_explore_rtts 0.5 -reps_explore_prob 70,0.8,2000000,4,880,428.754,272.04828977272746,260.963,389.311,428.754,167.971,431200,469,0,0,235364,469,0,0,0.10876623376623376,0.0,0.10876623376623376,0.0
permutation_random,1100,l,fpar_tuned,fpar,oblivious,-threshold 20750 -disable_hop_rtt_normalization,0.8,2000000,5,880,621.133,252.19036363636366,223.868,486.316,621.133,167.816,431200,4046,0,0,216113,4046,0,0,0.9383116883116883,0.0,0.9383116883116883,0.0
permutation_random,1100,l,reps_no_partition,reps_dfp,reps,,0.8,2000000,5,880,399.03,267.48199090909077,256.871,383.009,399.03,167.834,431200,622,0,0,230426,622,0,0,0.1442486085343228,0.0,0.1442486085343228,0.0
permutation_random,1100,l,reps_partition,reps_dfp,reps,-reps_partition_entropy -reps_escalate_threshold 0.5 -reps_warmup_explore_rtts 0.5 -reps_explore_prob 70,0.8,2000000,5,880,450.135,270.01025681818174,258.513,393.616,450.135,167.808,431200,617,0,0,234364,617,0,0,0.14308905380333953,0.0,0.14308905380333953,0.0
permutation_random,1100,l,fpar_tuned,fpar,oblivious,-threshold 20750 -disable_hop_rtt_normalization,0.8,5000000,1,880,1352.37,616.2335795454541,552.52,1175.77,1352.37,412.732,1077120,4704,0,0,559964,4704,0,0,0.43672014260249553,0.0,0.43672014260249553,0.0
permutation_random,1100,l,reps_no_partition,reps_dfp,reps,,0.8,5000000,1,880,1037.91,633.1699761363635,621.5,846.441,1037.91,412.795,1077120,436,0,0,543744,436,0,0,0.04047831253713607,0.0,0.04047831253713607,0.0
permutation_random,1100,l,reps_partition,reps_dfp,reps,-reps_partition_entropy -reps_escalate_threshold 0.5 -reps_warmup_explore_rtts 0.5 -reps_explore_prob 70,0.8,5000000,1,880,1068.57,638.6894079545458,626.337,876.125,1068.57,412.431,1077120,518,0,0,553832,518,0,0,0.04809120617944147,0.0,0.04809120617944147,0.0
permutation_random,1100,l,fpar_tuned,fpar,oblivious,-threshold 20750 -disable_hop_rtt_normalization,0.8,5000000,2,880,1463.21,630.225555681818,557.638,1270.5,1463.21,412.672,1077120,5208,0,0,561031,5208,0,0,0.48351158645276293,0.0,0.48351158645276293,0.0
permutation_random,1100,l,reps_no_partition,reps_dfp,reps,,0.8,5000000,2,880,1064.63,638.7809056818177,622.094,853.753,1064.63,412.845,1077120,397,0,0,548746,397,0,0,0.03685754604872252,0.0,0.03685754604872252,0.0
permutation_random,1100,l,reps_partition,reps_dfp,reps,-reps_partition_entropy -reps_escalate_threshold 0.5 -reps_warmup_explore_rtts 0.5 -reps_explore_prob 70,0.8,5000000,2,880,1034.81,648.4659681818191,633.135,915.314,1034.81,412.785,1077120,779,0,0,552455,779,0,0,0.07232248960190137,0.0,0.07232248960190137,0.0
permutation_random,1100,l,fpar_tuned,fpar,oblivious,-threshold 20750 -disable_hop_rtt_normalization,0.8,5000000,3,880,1494.49,624.370804545454,540.719,1238.58,1494.49,412.888,1077120,4650,0,0,553903,4650,0,0,0.4317067736185383,0.0,0.4317067736185383,0.0
permutation_random,1100,l,reps_no_partition,reps_dfp,reps,,0.8,5000000,3,880,1030.85,637.5712181818186,624.964,837.999,1030.85,412.861,1077120,407,0,0,554190,407,0,0,0.0377859477124183,0.0,0.0377859477124183,0.0
permutation_random,1100,l,reps_partition,reps_dfp,reps,-reps_partition_entropy -reps_escalate_threshold 0.5 -reps_warmup_explore_rtts 0.5 -reps_explore_prob 70,0.8,5000000,3,880,1111.24,645.0609011363645,631.278,869.135,1111.24,413.103,1077120,692,0,0,557213,692,0,0,0.06424539512774807,0.0,0.06424539512774807,0.0
permutation_random,1100,l,fpar_tuned,fpar,oblivious,-threshold 20750 -disable_hop_rtt_normalization,0.8,5000000,4,880,1616.63,625.7693715909094,552.932,1307.74,1616.63,412.884,1077120,5183,0,0,553751,5183,0,0,0.48119058229352346,0.0,0.48119058229352346,0.0
permutation_random,1100,l,reps_no_partition,reps_dfp,reps,,0.8,5000000,4,880,982.819,635.107507954545,625.503,837.363,982.819,412.902,1077120,471,0,0,549045,471,0,0,0.0437277183600713,0.0,0.0437277183600713,0.0
permutation_random,1100,l,reps_partition,reps_dfp,reps,-reps_partition_entropy -reps_escalate_threshold 0.5 -reps_warmup_explore_rtts 0.5 -reps_explore_prob 70,0.8,5000000,4,880,1006.02,644.0079352272741,629.483,890.791,1006.02,412.893,1077120,584,0,0,555056,584,0,0,0.05421865715983363,0.0,0.05421865715983363,0.0
permutation_random,1100,l,fpar_tuned,fpar,oblivious,-threshold 20750 -disable_hop_rtt_normalization,0.8,5000000,5,880,1577.77,622.3964795454552,544.237,1247.27,1577.77,412.799,1077120,5011,0,0,564471,5011,0,0,0.46522207367795604,0.0,0.46522207367795604,0.0
permutation_random,1100,l,reps_no_partition,reps_dfp,reps,,0.8,5000000,5,880,973.644,630.8163295454548,616.502,838.042,973.644,413.065,1077120,715,0,0,543973,715,0,0,0.06638071895424837,0.0,0.06638071895424837,0.0
permutation_random,1100,l,reps_partition,reps_dfp,reps,-reps_partition_entropy -reps_escalate_threshold 0.5 -reps_warmup_explore_rtts 0.5 -reps_explore_prob 70,0.8,5000000,5,880,1000.49,640.5546784090905,628.007,886.426,1000.49,412.596,1077120,738,0,0,552178,738,0,0,0.06851604278074866,0.0,0.06851604278074866,0.0
permutation_random,1100,l,fpar_tuned,fpar,oblivious,-threshold 20750 -disable_hop_rtt_normalization,0.8,10000000,1,880,2952.64,1232.6290897727267,1103.98,2441.14,2952.64,821.265,2154240,5710,0,0,1149170,5710,0,0,0.26505867498514557,0.0,0.26505867498514557,0.0
permutation_random,1100,l,reps_no_partition,reps_dfp,reps,,0.8,10000000,1,880,1806.77,1243.8138681818182,1239.23,1584.2,1806.77,821.295,2154240,552,0,0,1073032,552,0,0,0.025623885918003565,0.0,0.025623885918003565,0.0
permutation_random,1100,l,reps_partition,reps_dfp,reps,-reps_partition_entropy -reps_escalate_threshold 0.5 -reps_warmup_explore_rtts 0.5 -reps_explore_prob 70,0.8,10000000,1,880,1894.25,1260.5068329545459,1252.16,1680.05,1894.25,821.149,2154240,777,0,0,1092243,777,0,0,0.03606840463458111,0.0,0.03606840463458111,0.0
permutation_random,1100,l,fpar_tuned,fpar,oblivious,-threshold 20750 -disable_hop_rtt_normalization,0.8,10000000,2,880,3045.75,1268.8556795454535,1118.21,2634.67,3045.75,821.253,2154240,5866,0,0,1161453,5866,0,0,0.2723002079619727,0.0,0.2723002079619727,0.0
permutation_random,1100,l,reps_no_partition,reps_dfp,reps,,0.8,10000000,2,880,1911.79,1256.6946136363633,1237.0,1638.34,1911.79,821.6,2154240,531,0,0,1081929,531,0,0,0.024649064171122996,0.0,0.024649064171122996,0.0
permutation_random,1100,l,reps_partition,reps_dfp,reps,-reps_partition_entropy -reps_escalate_threshold 0.5 -reps_warmup_explore_rtts 0.5 -reps_explore_prob 70,0.8,10000000,2,880,1887.84,1279.4857318181826,1268.76,1735.12,1887.84,821.243,2154240,945,0,0,1098464,945,0,0,0.04386697860962567,0.0,0.04386697860962567,0.0
permutation_random,1100,l,fpar_tuned,fpar,oblivious,-threshold 20750 -disable_hop_rtt_normalization,0.8,10000000,3,880,2997.95,1252.0811545454555,1084.91,2612.31,2997.95,821.43,2154240,5740,0,0,1137357,5740,0,0,0.26645127748068925,0.0,0.26645127748068925,0.0
permutation_random,1100,l,reps_no_partition,reps_dfp,reps,,0.8,10000000,3,880,1694.84,1254.0005613636363,1248.99,1579.96,1694.84,821.45,2154240,508,0,0,1091244,508,0,0,0.023581402257872846,0.0,0.023581402257872846,0.0
permutation_random,1100,l,reps_partition,reps_dfp,reps,-reps_partition_entropy -reps_escalate_threshold 0.5 -reps_warmup_explore_rtts 0.5 -reps_explore_prob 70,0.8,10000000,3,880,2009.83,1272.527588636362,1265.73,1668.45,2009.83,821.593,2154240,824,0,0,1104419,824,0,0,0.03825014854426619,0.0,0.03825014854426619,0.0
permutation_random,1100,l,fpar_tuned,fpar,oblivious,-threshold 20750 -disable_hop_rtt_normalization,0.8,10000000,4,880,3262.86,1254.9091704545465,1100.16,2747.82,3262.86,821.02,2154240,6107,0,0,1136636,6107,0,0,0.2834874480095068,0.0,0.2834874480095068,0.0
permutation_random,1100,l,reps_no_partition,reps_dfp,reps,,0.8,10000000,4,880,1737.53,1250.2409511363626,1244.5,1597.6,1737.53,821.585,2154240,511,0,0,1082529,511,0,0,0.023720662507427215,0.0,0.023720662507427215,0.0
permutation_random,1100,l,reps_partition,reps_dfp,reps,-reps_partition_entropy -reps_escalate_threshold 0.5 -reps_warmup_explore_rtts 0.5 -reps_explore_prob 70,0.8,10000000,4,880,1815.58,1271.0129636363629,1261.96,1682.91,1815.58,821.596,2154240,765,0,0,1099728,765,0,0,0.03551136363636364,0.0,0.03551136363636364,0.0
permutation_random,1100,l,fpar_tuned,fpar,oblivious,-threshold 20750 -disable_hop_rtt_normalization,0.8,10000000,5,880,3119.02,1251.0998409090894,1086.79,2486.02,3119.02,820.928,2154240,6021,0,0,1159403,6021,0,0,0.27949532085561496,0.0,0.27949532085561496,0.0
permutation_random,1100,l,reps_no_partition,reps_dfp,reps,,0.8,10000000,5,880,1804.95,1241.0031738636385,1228.82,1591.05,1804.95,821.54,2154240,868,0,0,1076494,868,0,0,0.04029263220439691,0.0,0.04029263220439691,0.0
permutation_random,1100,l,reps_partition,reps_dfp,reps,-reps_partition_entropy -reps_escalate_threshold 0.5 -reps_warmup_explore_rtts 0.5 -reps_explore_prob 70,0.8,10000000,5,880,1741.27,1264.3891909090894,1255.47,1653.04,1741.27,821.318,2154240,923,0,0,1096470,923,0,0,0.04284573677956031,0.0,0.04284573677956031,0.0
permutation_random,1100,l,fpar_tuned,fpar,oblivious,-threshold 20750 -disable_hop_rtt_normalization,0.9,100000,1,990,40.0946,26.27814505050505,26.1216,34.4944,40.0946,12.4702,24750,0,0,0,7943,0,0,0,0.0,0.0,0.0,0.0
permutation_random,1100,l,reps_no_partition,reps_dfp,reps,,0.9,100000,1,990,35.0976,29.596874848484838,29.8248,34.0166,35.0976,12.4702,24750,0,0,0,8057,0,0,0,0.0,0.0,0.0,0.0
permutation_random,1100,l,reps_partition,reps_dfp,reps,-reps_partition_entropy -reps_escalate_threshold 0.5 -reps_warmup_explore_rtts 0.5 -reps_explore_prob 70,0.9,100000,1,990,37.5222,29.93036323232325,30.2656,35.2866,37.5222,12.4702,24750,0,0,0,8235,0,0,0,0.0,0.0,0.0,0.0
permutation_random,1100,l,fpar_tuned,fpar,oblivious,-threshold 20750 -disable_hop_rtt_normalization,0.9,100000,2,990,37.1578,26.693208282828277,26.4536,35.4056,37.1578,12.4702,24750,0,0,0,7933,0,0,0,0.0,0.0,0.0,0.0
permutation_random,1100,l,reps_no_partition,reps_dfp,reps,,0.9,100000,2,990,36.6675,29.87215565656566,29.9797,35.2456,36.6675,12.4702,24750,0,0,0,8177,0,0,0,0.0,0.0,0.0,0.0
permutation_random,1100,l,reps_partition,reps_dfp,reps,-reps_partition_entropy -reps_escalate_threshold 0.5 -reps_warmup_explore_rtts 0.5 -reps_explore_prob 70,0.9,100000,2,990,40.3042,30.116992727272716,30.2656,35.4706,40.3042,12.4702,24750,0,0,0,8222,0,0,0,0.0,0.0,0.0,0.0
permutation_random,1100,l,fpar_tuned,fpar,oblivious,-threshold 20750 -disable_hop_rtt_normalization,0.9,100000,3,990,40.8896,26.5476019191919,26.1336,35.2456,40.8896,12.6411,24750,0,0,0,7952,0,0,0,0.0,0.0,0.0,0.0
permutation_random,1100,l,reps_no_partition,reps_dfp,reps,,0.9,100000,3,990,36.6146,30.043639696969684,30.2656,35.077,36.6146,12.4702,24750,0,0,0,8121,0,0,0,0.0,0.0,0.0,0.0
permutation_random,1100,l,reps_partition,reps_dfp,reps,-reps_partition_entropy -reps_escalate_threshold 0.5 -reps_warmup_explore_rtts 0.5 -reps_explore_prob 70,0.9,100000,3,990,40.5154,30.204265151515152,30.2638,36.2467,40.5154,12.4702,24750,0,0,0,8204,0,0,0,0.0,0.0,0.0,0.0
permutation_random,1100,l,fpar_tuned,fpar,oblivious,-threshold 20750 -disable_hop_rtt_normalization,0.9,100000,4,990,40.3856,26.61696151515156,25.9974,37.4096,40.3856,12.4754,24750,0,0,0,7974,0,0,0,0.0,0.0,0.0,0.0
permutation_random,1100,l,reps_no_partition,reps_dfp,reps,,0.9,100000,4,990,36.1682,29.915270606060563,30.1176,35.1386,36.1682,12.4702,24750,0,0,0,8104,0,0,0,0.0,0.0,0.0,0.0
permutation_random,1100,l,reps_partition,reps_dfp,reps,-reps_partition_entropy -reps_escalate_threshold 0.5 -reps_warmup_explore_rtts 0.5 -reps_explore_prob 70,0.9,100000,4,990,39.1379,30.29015929292927,30.4581,35.8538,39.1379,12.4702,24750,0,0,0,8238,0,0,0,0.0,0.0,0.0,0.0
permutation_random,1100,l,fpar_tuned,fpar,oblivious,-threshold 20750 -disable_hop_rtt_normalization,0.9,100000,5,990,42.2824,26.570414545454547,25.9923,35.9506,42.2824,12.4702,24750,0,0,0,8051,0,0,0,0.0,0.0,0.0,0.0
permutation_random,1100,l,reps_no_partition,reps_dfp,reps,,0.9,100000,5,990,35.2603,29.572717070707043,29.789,33.7814,35.2603,12.4702,24750,0,0,0,8061,0,0,0,0.0,0.0,0.0,0.0
permutation_random,1100,l,reps_partition,reps_dfp,reps,-reps_partition_entropy -reps_escalate_threshold 0.5 -reps_warmup_explore_rtts 0.5 -reps_explore_prob 70,0.9,100000,5,990,37.4762,30.030995454545405,30.2656,35.3821,37.4762,12.4702,24750,0,0,0,8200,0,0,0,0.0,0.0,0.0,0.0
permutation_random,1100,l,fpar_tuned,fpar,oblivious,-threshold 20750 -disable_hop_rtt_normalization,0.9,250000,1,990,65.6525,45.86340585858589,45.4326,60.8947,65.6525,24.6802,61380,151,0,0,22338,151,0,0,0.24600847181492344,0.0,0.24600847181492344,0.0
permutation_random,1100,l,reps_no_partition,reps_dfp,reps,,0.9,250000,1,990,63.1576,53.55066575757576,54.1187,61.3218,63.1576,24.6699,61380,14,0,0,30750,14,0,0,0.022808732486151843,0.0,0.022808732486151843,0.0
permutation_random,1100,l,reps_partition,reps_dfp,reps,-reps_partition_entropy -reps_escalate_threshold 0.5 -reps_warmup_explore_rtts 0.5 -reps_explore_prob 70,0.9,250000,1,990,63.0947,53.73744767676767,54.2598,62.0918,63.0947,24.6699,61380,26,0,0,30883,26,0,0,0.042359074617139135,0.0,0.042359074617139135,0.0
permutation_random,1100,l,fpar_tuned,fpar,oblivious,-threshold 20750 -disable_hop_rtt_normalization,0.9,250000,2,990,63.1658,46.97161121212116,46.4059,60.1499,63.1658,24.6853,61380,72,0,0,22907,72,0,0,0.11730205278592376,0.0,0.11730205278592376,0.0
permutation_random,1100,l,reps_no_partition,reps_dfp,reps,,0.9,250000,2,990,65.9141,54.00661666666659,54.3666,62.1872,65.9141,24.6802,61380,9,0,0,31098,9,0,0,0.01466275659824047,0.0,0.01466275659824047,0.0
permutation_random,1100,l,reps_partition,reps_dfp,reps,-reps_partition_entropy -reps_escalate_threshold 0.5 -reps_warmup_explore_rtts 0.5 -reps_explore_prob 70,0.9,250000,2,990,67.2301,54.38465131313133,54.6968,64.8056,67.2301,24.9342,61380,16,0,0,31159,16,0,0,0.02606712284131639,0.0,0.02606712284131639,0.0
permutation_random,1100,l,fpar_tuned,fpar,oblivious,-threshold 20750 -disable_hop_rtt_normalization,0.9,250000,3,990,65.5069,47.42714444444441,47.2198,62.6546,65.5069,24.9302,61380,152,0,0,22726,152,0,0,0.2476376669925057,0.0,0.2476376669925057,0.0
permutation_random,1100,l,reps_no_partition,reps_dfp,reps,,0.9,250000,3,990,69.863,54.71990616161621,55.2456,62.1971,69.863,24.675,61380,0,0,0,31617,0,0,0,0.0,0.0,0.0,0.0
permutation_random,1100,l,reps_partition,reps_dfp,reps,-reps_partition_entropy -reps_escalate_threshold 0.5 -reps_warmup_explore_rtts 0.5 -reps_explore_prob 70,0.9,250000,3,990,67.2605,54.71230252525252,54.8562,65.203,67.2605,24.9422,61380,55,0,0,31333,55,0,0,0.08960573476702509,0.0,0.08960573476702509,0.0
permutation_random,1100,l,fpar_tuned,fpar,oblivious,-threshold 20750 -disable_hop_rtt_normalization,0.9,250000,4,990,73.4677,47.42179111111109,46.5456,66.4086,73.4677,24.9525,61380,300,0,0,23123,300,0,0,0.4887585532746823,0.0,0.4887585532746823,0.0
permutation_random,1100,l,reps_no_partition,reps_dfp,reps,,0.9,250000,4,990,65.1379,54.01942303030295,54.5144,62.5619,65.1379,24.6853,61380,13,0,0,30663,13,0,0,0.021179537308569567,0.0,0.021179537308569567,0.0
permutation_random,1100,l,reps_partition,reps_dfp,reps,-reps_partition_entropy -reps_escalate_threshold 0.5 -reps_warmup_explore_rtts 0.5 -reps_explore_prob 70,0.9,250000,4,990,66.1018,54.31271252525256,54.8456,62.1368,66.1018,24.6853,61380,10,0,0,31238,10,0,0,0.016291951775822745,0.0,0.016291951775822745,0.0
permutation_random,1100,l,fpar_tuned,fpar,oblivious,-threshold 20750 -disable_hop_rtt_normalization,0.9,250000,5,990,70.5875,47.04813010101008,46.7446,64.1811,70.5875,24.6853,61380,235,0,0,22683,235,0,0,0.38286086673183445,0.0,0.38286086673183445,0.0
permutation_random,1100,l,reps_no_partition,reps_dfp,reps,,0.9,250000,5,990,66.6466,53.65462161616168,54.0954,61.7042,66.6466,24.6802,61380,5,0,0,30611,5,0,0,0.008145975887911373,0.0,0.008145975887911373,0.0
permutation_random,1100,l,reps_partition,reps_dfp,reps,-reps_partition_entropy -reps_escalate_threshold 0.5 -reps_warmup_explore_rtts 0.5 -reps_explore_prob 70,0.9,250000,5,990,66.6696,54.18640969696972,54.5941,64.0016,66.6696,24.675,61380,30,0,0,30972,30,0,0,0.04887585532746823,0.0,0.04887585532746823,0.0
permutation_random,1100,l,fpar_tuned,fpar,oblivious,-threshold 20750 -disable_hop_rtt_normalization,0.9,2000000,1,990,504.557,260.48305050505047,240.105,459.303,504.557,168.03,485100,4471,0,0,244803,4471,0,0,0.9216656359513502,0.0,0.9216656359513502,0.0
permutation_random,1100,l,reps_no_partition,reps_dfp,reps,,0.9,2000000,1,990,471.207,291.7255232323232,288.65,414.575,471.207,167.665,485100,607,0,0,274931,607,0,0,0.1251288394145537,0.0,0.1251288394145537,0.0
permutation_random,1100,l,reps_partition,reps_dfp,reps,-reps_partition_entropy -reps_escalate_threshold 0.5 -reps_warmup_explore_rtts 0.5 -reps_explore_prob 70,0.9,2000000,1,990,481.213,294.2726373737376,287.346,432.434,481.213,167.875,485100,724,0,0,276013,724,0,0,0.14924757781900638,0.0,0.14924757781900638,0.0
permutation_random,1100,l,fpar_tuned,fpar,oblivious,-threshold 20750 -disable_hop_rtt_normalization,0.9,2000000,2,990,589.973,266.74518080808093,243.31,492.473,589.973,167.752,485100,4532,0,0,247044,4532,0,0,0.9342403628117913,0.0,0.9342403628117913,0.0
permutation_random,1100,l,reps_no_partition,reps_dfp,reps,,0.9,2000000,2,990,480.568,296.23859797979793,288.616,430.116,480.568,167.949,485100,619,0,0,275161,619,0,0,0.12760255617398475,0.0,0.12760255617398475,0.0
permutation_random,1100,l,reps_partition,reps_dfp,reps,-reps_partition_entropy -reps_escalate_threshold 0.5 -reps_warmup_explore_rtts 0.5 -reps_explore_prob 70,0.9,2000000,2,990,459.213,300.10116767676766,295.241,433.275,459.213,167.964,485100,1087,0,0,276393,1087,0,0,0.2240775097917955,0.0,0.2240775097917955,0.0
permutation_random,1100,l,fpar_tuned,fpar,oblivious,-threshold 20750 -disable_hop_rtt_normalization,0.9,2000000,3,990,577.255,265.9019414141415,241.696,482.534,577.255,168.007,485100,4982,0,0,244547,4982,0,0,1.0270047412904555,0.0,1.0270047412904555,0.0
permutation_random,1100,l,reps_no_partition,reps_dfp,reps,,0.9,2000000,3,990,484.12,296.8725878787877,290.865,415.576,484.12,167.911,485100,660,0,0,277324,660,0,0,0.1360544217687075,0.0,0.1360544217687075,0.0
permutation_random,1100,l,reps_partition,reps_dfp,reps,-reps_partition_entropy -reps_escalate_threshold 0.5 -reps_warmup_explore_rtts 0.5 -reps_explore_prob 70,0.9,2000000,3,990,493.845,299.3159565656564,292.501,417.17,493.845,168.247,485100,838,0,0,279119,838,0,0,0.17274788703360133,0.0,0.17274788703360133,0.0
permutation_random,1100,l,fpar_tuned,fpar,oblivious,-threshold 20750 -disable_hop_rtt_normalization,0.9,2000000,4,990,632.393,264.2101414141412,239.374,536.15,632.393,167.814,485100,4448,0,0,246883,4448,0,0,0.9169243454957741,0.0,0.9169243454957741,0.0
permutation_random,1100,l,reps_no_partition,reps_dfp,reps,,0.9,2000000,4,990,446.239,293.7817020202017,289.916,420.354,446.239,167.995,485100,827,0,0,274606,827,0,0,0.1704803133374562,0.0,0.1704803133374562,0.0
permutation_random,1100,l,reps_partition,reps_dfp,reps,-reps_partition_entropy -reps_escalate_threshold 0.5 -reps_warmup_explore_rtts 0.5 -reps_explore_prob 70,0.9,2000000,4,990,483.513,298.36663131313145,292.58,427.592,483.513,168.031,485100,774,0,0,278144,774,0,0,0.15955473098330242,0.0,0.15955473098330242,0.0
permutation_random,1100,l,fpar_tuned,fpar,oblivious,-threshold 20750 -disable_hop_rtt_normalization,0.9,2000000,5,990,675.681,263.4776525252525,238.281,492.564,675.681,167.747,485100,4307,0,0,245762,4307,0,0,0.8878581735724593,0.0,0.8878581735724593,0.0
permutation_random,1100,l,reps_no_partition,reps_dfp,reps,,0.9,2000000,5,990,451.75,292.19326565656564,286.98,407.219,451.75,168.056,485100,781,0,0,275656,781,0,0,0.16099773242630386,0.0,0.16099773242630386,0.0
permutation_random,1100,l,reps_partition,reps_dfp,reps,-reps_partition_entropy -reps_escalate_threshold 0.5 -reps_warmup_explore_rtts 0.5 -reps_explore_prob 70,0.9,2000000,5,990,488.445,296.58664040404045,291.161,426.886,488.445,167.849,485100,952,0,0,276638,952,0,0,0.19624819624819625,0.0,0.19624819624819625,0.0
permutation_random,1100,l,fpar_tuned,fpar,oblivious,-threshold 20750 -disable_hop_rtt_normalization,0.9,5000000,1,990,1385.35,639.4514252525247,592.189,1197.61,1385.35,412.646,1211760,5558,0,0,628191,5558,0,0,0.45867168416188026,0.0,0.45867168416188026,0.0
permutation_random,1100,l,reps_no_partition,reps_dfp,reps,,0.9,5000000,1,990,1075.97,684.4024383838384,689.818,922.663,1075.97,412.621,1211760,699,0,0,645569,699,0,0,0.057684690037631214,0.0,0.057684690037631214,0.0
permutation_random,1100,l,reps_partition,reps_dfp,reps,-reps_partition_entropy -reps_escalate_threshold 0.5 -reps_warmup_explore_rtts 0.5 -reps_explore_prob 70,0.9,5000000,1,990,1058.88,693.6328606060607,694.802,965.228,1058.88,412.824,1211760,830,0,0,650893,830,0,0,0.06849541163266654,0.0,0.06849541163266654,0.0
permutation_random,1100,l,fpar_tuned,fpar,oblivious,-threshold 20750 -disable_hop_rtt_normalization,0.9,5000000,2,990,1513.08,657.1092151515151,601.192,1264.92,1513.08,413.021,1211760,5512,0,0,637725,5512,0,0,0.4548755529147686,0.0,0.4548755529147686,0.0
permutation_random,1100,l,reps_no_partition,reps_dfp,reps,,0.9,5000000,2,990,1085.17,692.0435505050509,691.715,925.328,1085.17,412.927,1211760,646,0,0,648404,646,0,0,0.05331088664421998,0.0,0.05331088664421998,0.0
permutation_random,1100,l,reps_partition,reps_dfp,reps,-reps_partition_entropy -reps_escalate_threshold 0.5 -reps_warmup_explore_rtts 0.5 -reps_explore_prob 70,0.9,5000000,2,990,1062.27,702.8704111111115,711.359,954.089,1062.27,413.121,1211760,1130,0,0,653799,1130,0,0,0.0932527893312207,0.0,0.0932527893312207,0.0
permutation_random,1100,l,fpar_tuned,fpar,oblivious,-threshold 20750 -disable_hop_rtt_normalization,0.9,5000000,3,990,1526.29,657.0329737373737,594.207,1317.29,1526.29,412.808,1211760,5949,0,0,632710,5949,0,0,0.4909387997623292,0.0,0.4909387997623292,0.0
permutation_random,1100,l,reps_no_partition,reps_dfp,reps,,0.9,5000000,3,990,1081.07,696.0080909090916,699.6,906.05,1081.07,413.005,1211760,728,0,0,653222,728,0,0,0.060077903215158115,0.0,0.060077903215158115,0.0
permutation_random,1100,l,reps_partition,reps_dfp,reps,-reps_partition_entropy -reps_escalate_threshold 0.5 -reps_warmup_explore_rtts 0.5 -reps_explore_prob 70,0.9,5000000,3,990,1085.82,702.9571848484846,704.889,919.194,1085.82,412.98,1211760,879,0,0,663950,879,0,0,0.07253911665676371,0.0,0.07253911665676371,0.0
permutation_random,1100,l,fpar_tuned,fpar,oblivious,-threshold 20750 -disable_hop_rtt_normalization,0.9,5000000,4,990,1566.0,653.1208979797982,602.137,1377.1,1566.0,412.758,1211760,5757,0,0,630149,5757,0,0,0.4750940780352545,0.0,0.4750940780352545,0.0
permutation_random,1100,l,reps_no_partition,reps_dfp,reps,,0.9,5000000,4,990,995.298,689.3146343434342,696.607,911.985,995.298,412.877,1211760,895,0,0,648873,895,0,0,0.07385951013401994,0.0,0.07385951013401994,0.0
permutation_random,1100,l,reps_partition,reps_dfp,reps,-reps_partition_entropy -reps_escalate_threshold 0.5 -reps_warmup_explore_rtts 0.5 -reps_explore_prob 70,0.9,5000000,4,990,1086.47,700.5551353535358,702.445,947.114,1086.47,412.799,1211760,901,0,0,657403,901,0,0,0.07435465768799102,0.0,0.07435465768799102,0.0
permutation_random,1100,l,fpar_tuned,fpar,oblivious,-threshold 20750 -disable_hop_rtt_normalization,0.9,5000000,5,990,1556.37,653.0654262626264,588.898,1253.56,1556.37,412.579,1211760,5546,0,0,633923,5546,0,0,0.45768138905393807,0.0,0.45768138905393807,0.0
permutation_random,1100,l,reps_no_partition,reps_dfp,reps,,0.9,5000000,5,990,1018.34,685.7518242424247,686.693,904.059,1018.34,413.06,1211760,872,0,0,648977,872,0,0,0.07196144451046411,0.0,0.07196144451046411,0.0
permutation_random,1100,l,reps_partition,reps_dfp,reps,-reps_partition_entropy -reps_escalate_threshold 0.5 -reps_warmup_explore_rtts 0.5 -reps_explore_prob 70,0.9,5000000,5,990,1040.75,695.5101626262626,695.423,939.028,1040.75,412.856,1211760,1095,0,0,653921,1095,0,0,0.09036442859972271,0.0,0.09036442859972271,0.0
permutation_random,1100,l,fpar_tuned,fpar,oblivious,-threshold 20750 -disable_hop_rtt_normalization,0.9,10000000,1,990,2801.74,1279.6134474747473,1171.44,2474.29,2801.74,821.184,2423520,6607,0,0,1291942,6607,0,0,0.27261999075724563,0.0,0.27261999075724563,0.0
permutation_random,1100,l,reps_no_partition,reps_dfp,reps,,0.9,10000000,1,990,1967.66,1342.8469030303033,1360.98,1705.53,1967.66,820.839,2423520,764,0,0,1275972,764,0,0,0.03152439426949231,0.0,0.03152439426949231,0.0
permutation_random,1100,l,reps_partition,reps_dfp,reps,-reps_partition_entropy -reps_escalate_threshold 0.5 -reps_warmup_explore_rtts 0.5 -reps_explore_prob 70,0.9,10000000,1,990,2087.62,1364.8257494949476,1380.47,1782.81,2087.62,821.217,2423520,1093,0,0,1294086,1093,0,0,0.04509968970753284,0.0,0.04509968970753284,0.0
permutation_random,1100,l,fpar_tuned,fpar,oblivious,-threshold 20750 -disable_hop_rtt_normalization,0.9,10000000,2,990,3075.17,1317.636177777778,1202.92,2705.6,3075.17,821.671,2423520,6560,0,0,1314049,6560,0,0,0.27068066283752557,0.0,0.27068066283752557,0.0
permutation_random,1100,l,reps_no_partition,reps_dfp,reps,,0.9,10000000,2,990,1908.41,1359.7582424242412,1368.06,1762.86,1908.41,821.543,2423520,779,0,0,1283488,779,0,0,0.03214332871195616,0.0,0.03214332871195616,0.0
permutation_random,1100,l,reps_partition,reps_dfp,reps,-reps_partition_entropy -reps_escalate_threshold 0.5 -reps_warmup_explore_rtts 0.5 -reps_explore_prob 70,0.9,10000000,2,990,2035.43,1380.362423232323,1389.19,1830.3,2035.43,821.668,2423520,1337,0,0,1299816,1337,0,0,0.05516768997161154,0.0,0.05516768997161154,0.0
permutation_random,1100,l,fpar_tuned,fpar,oblivious,-threshold 20750 -disable_hop_rtt_normalization,0.9,10000000,3,990,3126.8,1306.5349111111125,1164.71,2687.79,3126.8,821.487,2423520,7231,0,0,1298741,7231,0,0,0.298367663563742,0.0,0.298367663563742,0.0
permutation_random,1100,l,reps_no_partition,reps_dfp,reps,,0.9,10000000,3,990,1866.16,1366.9300414141392,1385.07,1707.24,1866.16,821.615,2423520,841,0,0,1297131,841,0,0,0.034701591074140094,0.0,0.034701591074140094,0.0
permutation_random,1100,l,reps_partition,reps_dfp,reps,-reps_partition_entropy -reps_escalate_threshold 0.5 -reps_warmup_explore_rtts 0.5 -reps_explore_prob 70,0.9,10000000,3,990,2029.27,1383.4972767676782,1393.42,1796.63,2029.27,821.627,2423520,1206,0,0,1311497,1206,0,0,0.04976232917409388,0.0,0.04976232917409388,0.0
permutation_random,1100,l,fpar_tuned,fpar,oblivious,-threshold 20750 -disable_hop_rtt_normalization,0.9,10000000,4,990,3164.1,1306.134165656566,1201.26,2879.96,3164.1,821.093,2423520,6976,0,0,1295749,6976,0,0,0.28784577804185646,0.0,0.28784577804185646,0.0
permutation_random,1100,l,reps_no_partition,reps_dfp,reps,,0.9,10000000,4,990,1922.15,1352.018323232324,1370.81,1703.99,1922.15,821.464,2423520,1006,0,0,1286280,1006,0,0,0.04150986994124249,0.0,0.04150986994124249,0.0
permutation_random,1100,l,reps_partition,reps_dfp,reps,-reps_partition_entropy -reps_escalate_threshold 0.5 -reps_warmup_explore_rtts 0.5 -reps_explore_prob 70,0.9,10000000,4,990,1942.58,1378.897354545457,1392.69,1778.32,1942.58,821.394,2423520,1090,0,0,1308556,1090,0,0,0.04497590281904008,0.0,0.04497590281904008,0.0
permutation_random,1100,l,fpar_tuned,fpar,oblivious,-threshold 20750 -disable_hop_rtt_normalization,0.9,10000000,5,990,3009.11,1305.172804040403,1160.72,2575.41,3009.11,820.946,2423520,6731,0,0,1304763,6731,0,0,0.27773651548161354,0.0,0.27773651548161354,0.0
permutation_random,1100,l,reps_no_partition,reps_dfp,reps,,0.9,10000000,5,990,1886.37,1346.1910424242424,1359.96,1674.21,1886.37,821.264,2423520,1137,0,0,1285099,1137,0,0,0.04691523073876015,0.0,0.04691523073876015,0.0
permutation_random,1100,l,reps_partition,reps_dfp,reps,-reps_partition_entropy -reps_escalate_threshold 0.5 -reps_warmup_explore_rtts 0.5 -reps_explore_prob 70,0.9,10000000,5,990,1868.53,1369.4397464646465,1377.64,1754.41,1868.53,821.208,2423520,1299,0,0,1301838,1299,0,0,0.05359972271736978,0.0,0.05359972271736978,0.0
