Load balancing algorithm set to reps
no_of_nodes 1100
Dragonfly+ strategy: REPS_DFP
Setting queuesize to 50 packets
endtime(us) 100000
random seed 2
REPS partition entropy enabled.
REPS open-tier escalation threshold 0.2
REPS warmup explore duration 0.5 x this flow's base RTT
REPS continuous explore probability 20%
Using generated Dragonfly+ tornado traffic instead of -tm
Tornado active connections 825
Tornado flow size 2000000 bytes
Packet size (MTU) is 4150
Parsed args
Logging to joint_calibration/runs/w0.5_p20_tornado_l0.75_fs2000000_s2.dat
Setting ECN low 33200 high 120350
Dragonfly+ with medium topology type
Link latencies: 1 and switch latencies: 0
queue_id 2 ecn_low 33200 ecn_high 120350
DragonFly+ constructor done, 1100 nodes created
Generating tornado connection matrix: python3 connection_matrices/gen_tornado_dfp.py /tmp/dfp_tornado_10235.cm 1100 825 2000000 0.0 2 10 10
Nodes:  1100
Connections:  825
Flowsize:  2000000 bytes
ExtraStartTime:  0.0 us
Random Seed  2
Dragonfly+ p= 10 l= 10
group_size=100  no_groups=11  opposite group offset=5
Loading generated tornado connection matrix from /tmp/dfp_tornado_10235.cm
Nodes: 1100 Connections: 825 Triggers: 0 Failures: 0
network_max_unloaded_rtt 11.6856 us
Setting min RTO to 114.6
Per-hop RTT normalization: ON (strategy reps_dfp)
Initializing static NSCC parameters: _reference_network_linkspeed=100000000000 _reference_network_rtt=12000000 _reference_network_bdp=150000 _target_Qdelay=8764200 _network_linkspeed=100000000000 _network_rtt=11685600 _network_bdp=146070 _qa_gate=2^3 _qa_threshold=3.50568e+07 _scaling_factor_a=0.9738 _scaling_factor_b=0.73035 _alpha=0.00132632 _fi=19894.7 _eta=596.842 _qa_scaling=1 _gamma=0.8 _fi_scale=0.24345 _delay_alpha=0.0125 _adjust_period_threshold=11685600 _adjust_bytes_threshold=33200
Initialize per-instance NSCC parameters: flowid 1 _base_rtt=11685600 _base_bdp=146070 _bdp=146070 _min_cwnd=4150 _maxwnd=219105 _cwnd=219105
Initialize per-instance NSCC parameters: flowid 2 _base_rtt=11685600 _base_bdp=146070 _bdp=146070 _min_cwnd=4150 _maxwnd=219105 _cwnd=219105
Initialize per-instance NSCC parameters: flowid 3 _base_rtt=11685600 _base_bdp=146070 _bdp=146070 _min_cwnd=4150 _maxwnd=219105 _cwnd=219105
Initialize per-instance NSCC parameters: flowid 4 _base_rtt=11685600 _base_bdp=146070 _bdp=146070 _min_cwnd=4150 _maxwnd=219105 _cwnd=219105
Initialize per-instance NSCC parameters: flowid 5 _base_rtt=11685600 _base_bdp=146070 _bdp=146070 _min_cwnd=4150 _maxwnd=219105 _cwnd=219105
Initialize per-instance NSCC parameters: flowid 6 _base_rtt=11685600 _base_bdp=146070 _bdp=146070 _min_cwnd=4150 _maxwnd=219105 _cwnd=219105
Initialize per-instance NSCC parameters: flowid 7 _base_rtt=11685600 _base_bdp=146070 _bdp=146070 _min_cwnd=4150 _maxwnd=219105 _cwnd=219105
Initialize per-instance NSCC parameters: flowid 8 _base_rtt=11685600 _base_bdp=146070 _bdp=146070 _min_cwnd=4150 _maxwnd=219105 _cwnd=219105
Initialize per-instance NSCC parameters: flowid 9 _base_rtt=11685600 _base_bdp=146070 _bdp=146070 _min_cwnd=4150 _maxwnd=219105 _cwnd=219105
Initialize per-instance NSCC parameters: flowid 10 _base_rtt=11685600 _base_bdp=146070 _bdp=146070 _min_cwnd=4150 _maxwnd=219105 _cwnd=219105
Initialize per-instance NSCC parameters: flowid 11 _base_rtt=11685600 _base_bdp=146070 _bdp=146070 _min_cwnd=4150 _maxwnd=219105 _cwnd=219105
Initialize per-instance NSCC parameters: flowid 12 _base_rtt=11685600 _base_bdp=146070 _bdp=146070 _min_cwnd=4150 _maxwnd=219105 _cwnd=219105
Initialize per-instance NSCC parameters: flowid 13 _base_rtt=11685600 _base_bdp=146070 _bdp=146070 _min_cwnd=4150 _maxwnd=219105 _cwnd=219105
Initialize per-instance NSCC parameters: flowid 14 _base_rtt=11685600 _base_bdp=146070 _bdp=146070 _min_cwnd=4150 _maxwnd=219105 _cwnd=219105
Initialize per-instance NSCC parameters: flowid 15 _base_rtt=11685600 _base_bdp=146070 _bdp=146070 _min_cwnd=4150 _maxwnd=219105 _cwnd=219105
Initialize per-instance NSCC parameters: flowid 16 _base_rtt=11685600 _base_bdp=146070 _bdp=146070 _min_cwnd=4150 _maxwnd=219105 _cwnd=219105
Initialize per-instance NSCC parameters: flowid 17 _base_rtt=11685600 _base_bdp=146070 _bdp=146070 _min_cwnd=4150 _maxwnd=219105 _cwnd=219105
Initialize per-instance NSCC parameters: flowid 18 _base_rtt=11685600 _base_bdp=146070 _bdp=146070 _min_cwnd=4150 _maxwnd=219105 _cwnd=219105
Initialize per-instance NSCC parameters: flowid 19 _base_rtt=11685600 _base_bdp=146070 _bdp=146070 _min_cwnd=4150 _maxwnd=219105 _cwnd=219105
Initialize per-instance NSCC parameters: flowid 20 _base_rtt=11685600 _base_bdp=146070 _bdp=146070 _min_cwnd=4150 _maxwnd=219105 _cwnd=219105
Initialize per-instance NSCC parameters: flowid 21 _base_rtt=11685600 _base_bdp=146070 _bdp=146070 _min_cwnd=4150 _maxwnd=219105 _cwnd=219105
Initialize per-instance NSCC parameters: flowid 22 _base_rtt=11685600 _base_bdp=146070 _bdp=146070 _min_cwnd=4150 _maxwnd=219105 _cwnd=219105
Initialize per-instance NSCC parameters: flowid 23 _base_rtt=11685600 _base_bdp=146070 _bdp=146070 _min_cwnd=4150 _maxwnd=219105 _cwnd=219105
Initialize per-instance NSCC parameters: flowid 24 _base_rtt=11685600 _base_bdp=146070 _bdp=146070 _min_cwnd=4150 _maxwnd=219105 _cwnd=219105
Initialize per-instance NSCC parameters: flowid 25 _base_rtt=11685600 _base_bdp=146070 _bdp=146070 _min_cwnd=4150 _maxwnd=219105 _cwnd=219105
Initialize per-instance NSCC parameters: flowid 26 _base_rtt=11685600 _base_bdp=146070 _bdp=146070 _min_cwnd=4150 _maxwnd=219105 _cwnd=219105
Initialize per-instance NSCC parameters: flowid 27 _base_rtt=11685600 _base_bdp=146070 _bdp=146070 _min_cwnd=4150 _maxwnd=219105 _cwnd=219105
Initialize per-instance NSCC parameters: flowid 28 _base_rtt=11685600 _base_bdp=146070 _bdp=146070 _min_cwnd=4150 _maxwnd=219105 _cwnd=219105
Initialize per-instance NSCC parameters: flowid 29 _base_rtt=11685600 _base_bdp=146070 _bdp=146070 _min_cwnd=4150 _maxwnd=219105 _cwnd=219105
Initialize per-instance NSCC parameters: flowid 30 _base_rtt=11685600 _base_bdp=146070 _bdp=146070 _min_cwnd=4150 _maxwnd=219105 _cwnd=219105
Initialize per-instance NSCC parameters: flowid 31 _base_rtt=11685600 _base_bdp=146070 _bdp=146070 _min_cwnd=4150 _maxwnd=219105 _cwnd=219105
Initialize per-instance NSCC parameters: flowid 32 _base_rtt=11685600 _base_bdp=146070 _bdp=146070 _min_cwnd=4150 _maxwnd=219105 _cwnd=219105
Initialize per-instance NSCC parameters: flowid 33 _base_rtt=11685600 _base_bdp=146070 _bdp=146070 _min_cwnd=4150 _maxwnd=219105 _cwnd=219105
Initialize per-instance NSCC parameters: flowid 34 _base_rtt=11685600 _base_bdp=146070 _bdp=146070 _min_cwnd=4150 _maxwnd=219105 _cwnd=219105
Initialize per-instance NSCC parameters: flowid 35 _base_rtt=11685600 _base_bdp=146070 _bdp=146070 _min_cwnd=4150 _maxwnd=219105 _cwnd=219105
Initialize per-instance NSCC parameters: flowid 36 _base_rtt=11685600 _base_bdp=146070 _bdp=146070 _min_cwnd=4150 _maxwnd=219105 _cwnd=219105
Initialize per-instance NSCC parameters: flowid 37 _base_rtt=11685600 _base_bdp=146070 _bdp=146070 _min_cwnd=4150 _maxwnd=219105 _cwnd=219105
Initialize per-instance NSCC parameters: flowid 38 _base_rtt=11685600 _base_bdp=146070 _bdp=146070 _min_cwnd=4150 _maxwnd=219105 _cwnd=219105
Initialize per-instance NSCC parameters: flowid 39 _base_rtt=11685600 _base_bdp=146070 _bdp=146070 _min_cwnd=4150 _maxwnd=219105 _cwnd=219105
Initialize per-instance NSCC parameters: flowid 40 _base_rtt=11685600 _base_bdp=146070 _bdp=146070 _min_cwnd=4150 _maxwnd=219105 _cwnd=219105
Initialize per-instance NSCC parameters: flowid 41 _base_rtt=11685600 _base_bdp=146070 _bdp=146070 _min_cwnd=4150 _maxwnd=219105 _cwnd=219105
Initialize per-instance NSCC parameters: flowid 42 _base_rtt=11685600 _base_bdp=146070 _bdp=146070 _min_cwnd=4150 _maxwnd=219105 _cwnd=219105
Initialize per-instance NSCC parameters: flowid 43 _base_rtt=11685600 _base_bdp=146070 _bdp=146070 _min_cwnd=4150 _maxwnd=219105 _cwnd=219105
Initialize per-instance NSCC parameters: flowid 44 _base_rtt=11685600 _base_bdp=146070 _bdp=146070 _min_cwnd=4150 _maxwnd=219105 _cwnd=219105
Initialize per-instance NSCC parameters: flowid 45 _base_rtt=11685600 _base_bdp=146070 _bdp=146070 _min_cwnd=4150 _maxwnd=219105 _cwnd=219105
Initialize per-instance NSCC parameters: flowid 46 _base_rtt=11685600 _base_bdp=146070 _bdp=146070 _min_cwnd=4150 _maxwnd=219105 _cwnd=219105
Initialize per-instance NSCC parameters: flowid 47 _base_rtt=11685600 _base_bdp=146070 _bdp=146070 _min_cwnd=4150 _maxwnd=219105 _cwnd=219105
Initialize per-instance NSCC parameters: flowid 48 _base_rtt=11685600 _base_bdp=146070 _bdp=146070 _min_cwnd=4150 _maxwnd=219105 _cwnd=219105
Initialize per-instance NSCC parameters: flowid 49 _base_rtt=11685600 _base_bdp=146070 _bdp=146070 _min_cwnd=4150 _maxwnd=219105 _cwnd=219105
Initialize per-instance NSCC parameters: flowid 50 _base_rtt=11685600 _base_bdp=146070 _bdp=146070 _min_cwnd=4150 _maxwnd=219105 _cwnd=219105
Initialize per-instance NSCC parameters: flowid 51 _base_rtt=11685600 _base_bdp=146070 _bdp=146070 _min_cwnd=4150 _maxwnd=219105 _cwnd=219105
Initialize per-instance NSCC parameters: flowid 52 _base_rtt=11685600 _base_bdp=146070 _bdp=146070 _min_cwnd=4150 _maxwnd=219105 _cwnd=219105
Initialize per-instance NSCC parameters: flowid 53 _base_rtt=11685600 _base_bdp=146070 _bdp=146070 _min_cwnd=4150 _maxwnd=219105 _cwnd=219105
Initialize per-instance NSCC parameters: flowid 54 _base_rtt=11685600 _base_bdp=146070 _bdp=146070 _min_cwnd=4150 _maxwnd=219105 _cwnd=219105
Initialize per-instance NSCC parameters: flowid 55 _base_rtt=11685600 _base_bdp=146070 _bdp=146070 _min_cwnd=4150 _maxwnd=219105 _cwnd=219105
Initialize per-instance NSCC parameters: flowid 56 _base_rtt=11685600 _base_bdp=146070 _bdp=146070 _min_cwnd=4150 _maxwnd=219105 _cwnd=219105
Initialize per-instance NSCC parameters: flowid 57 _base_rtt=11685600 _base_bdp=146070 _bdp=146070 _min_cwnd=4150 _maxwnd=219105 _cwnd=219105
Initialize per-instance NSCC parameters: flowid 58 _base_rtt=11685600 _base_bdp=146070 _bdp=146070 _min_cwnd=4150 _maxwnd=219105 _cwnd=219105
Initialize per-instance NSCC parameters: flowid 59 _base_rtt=11685600 _base_bdp=146070 _bdp=146070 _min_cwnd=4150 _maxwnd=219105 _cwnd=219105
Initialize per-instance NSCC parameters: flowid 60 _base_rtt=11685600 _base_bdp=146070 _bdp=146070 _min_cwnd=4150 _maxwnd=219105 _cwnd=219105
Initialize per-instance NSCC parameters: flowid 61 _base_rtt=11685600 _base_bdp=146070 _bdp=146070 _min_cwnd=4150 _maxwnd=219105 _cwnd=219105
Initialize per-instance NSCC parameters: flowid 62 _base_rtt=11685600 _base_bdp=146070 _bdp=146070 _min_cwnd=4150 _maxwnd=219105 _cwnd=219105
Initialize per-instance NSCC parameters: flowid 63 _base_rtt=11685600 _base_bdp=146070 _bdp=146070 _min_cwnd=4150 _maxwnd=219105 _cwnd=219105
Initialize per-instance NSCC parameters: flowid 64 _base_rtt=11685600 _base_bdp=146070 _bdp=146070 _min_cwnd=4150 _maxwnd=219105 _cwnd=219105
Initialize per-instance NSCC parameters: flowid 65 _base_rtt=11685600 _base_bdp=146070 _bdp=146070 _min_cwnd=4150 _maxwnd=219105 _cwnd=219105
Initialize per-instance NSCC parameters: flowid 66 _base_rtt=11685600 _base_bdp=146070 _bdp=146070 _min_cwnd=4150 _maxwnd=219105 _cwnd=219105
Initialize per-instance NSCC parameters: flowid 67 _base_rtt=11685600 _base_bdp=146070 _bdp=146070 _min_cwnd=4150 _maxwnd=219105 _cwnd=219105
Initialize per-instance NSCC parameters: flowid 68 _base_rtt=11685600 _base_bdp=146070 _bdp=146070 _min_cwnd=4150 _maxwnd=219105 _cwnd=219105
Initialize per-instance NSCC parameters: flowid 69 _base_rtt=11685600 _base_bdp=146070 _bdp=146070 _min_cwnd=4150 _maxwnd=219105 _cwnd=219105
Initialize per-instance NSCC parameters: flowid 70 _base_rtt=11685600 _base_bdp=146070 _bdp=146070 _min_cwnd=4150 _maxwnd=219105 _cwnd=219105
Initialize per-instance NSCC parameters: flowid 71 _base_rtt=11685600 _base_bdp=146070 _bdp=146070 _min_cwnd=4150 _maxwnd=219105 _cwnd=219105
Initialize per-instance NSCC parameters: flowid 72 _base_rtt=11685600 _base_bdp=146070 _bdp=146070 _min_cwnd=4150 _maxwnd=219105 _cwnd=219105
Initialize per-instance NSCC parameters: flowid 73 _base_rtt=11685600 _base_bdp=146070 _bdp=146070 _min_cwnd=4150 _maxwnd=219105 _cwnd=219105
Initialize per-instance NSCC parameters: flowid 74 _base_rtt=11685600 _base_bdp=146070 _bdp=146070 _min_cwnd=4150 _maxwnd=219105 _cwnd=219105
Initialize per-instance NSCC parameters: flowid 75 _base_rtt=11685600 _base_bdp=146070 _bdp=146070 _min_cwnd=4150 _maxwnd=219105 _cwnd=219105
Initialize per-instance NSCC parameters: flowid 76 _base_rtt=11685600 _base_bdp=146070 _bdp=146070 _min_cwnd=4150 _maxwnd=219105 _cwnd=219105
Initialize per-instance NSCC parameters: flowid 77 _base_rtt=11685600 _base_bdp=146070 _bdp=146070 _min_cwnd=4150 _maxwnd=219105 _cwnd=219105
Initialize per-instance NSCC parameters: flowid 78 _base_rtt=11685600 _base_bdp=146070 _bdp=146070 _min_cwnd=4150 _maxwnd=219105 _cwnd=219105
Initialize per-instance NSCC parameters: flowid 79 _base_rtt=11685600 _base_bdp=146070 _bdp=146070 _min_cwnd=4150 _maxwnd=219105 _cwnd=219105
Initialize per-instance NSCC parameters: flowid 80 _base_rtt=11685600 _base_bdp=146070 _bdp=146070 _min_cwnd=4150 _maxwnd=219105 _cwnd=219105
Initialize per-instance NSCC parameters: flowid 81 _base_rtt=11685600 _base_bdp=146070 _bdp=146070 _min_cwnd=4150 _maxwnd=219105 _cwnd=219105
Initialize per-instance NSCC parameters: flowid 82 _base_rtt=11685600 _base_bdp=146070 _bdp=146070 _min_cwnd=4150 _maxwnd=219105 _cwnd=219105
Initialize per-instance NSCC parameters: flowid 83 _base_rtt=11685600 _base_bdp=146070 _bdp=146070 _min_cwnd=4150 _maxwnd=219105 _cwnd=219105
Initialize per-instance NSCC parameters: flowid 84 _base_rtt=11685600 _base_bdp=146070 _bdp=146070 _min_cwnd=4150 _maxwnd=219105 _cwnd=219105
Initialize per-instance NSCC parameters: flowid 85 _base_rtt=11685600 _base_bdp=146070 _bdp=146070 _min_cwnd=4150 _maxwnd=219105 _cwnd=219105
Initialize per-instance NSCC parameters: flowid 86 _base_rtt=11685600 _base_bdp=146070 _bdp=146070 _min_cwnd=4150 _maxwnd=219105 _cwnd=219105
Initialize per-instance NSCC parameters: flowid 87 _base_rtt=11685600 _base_bdp=146070 _bdp=146070 _min_cwnd=4150 _maxwnd=219105 _cwnd=219105
Initialize per-instance NSCC parameters: flowid 88 _base_rtt=11685600 _base_bdp=146070 _bdp=146070 _min_cwnd=4150 _maxwnd=219105 _cwnd=219105
Initialize per-instance NSCC parameters: flowid 89 _base_rtt=11685600 _base_bdp=146070 _bdp=146070 _min_cwnd=4150 _maxwnd=219105 _cwnd=219105
Initialize per-instance NSCC parameters: flowid 90 _base_rtt=11685600 _base_bdp=146070 _bdp=146070 _min_cwnd=4150 _maxwnd=219105 _cwnd=219105
Initialize per-instance NSCC parameters: flowid 91 _base_rtt=11685600 _base_bdp=146070 _bdp=146070 _min_cwnd=4150 _maxwnd=219105 _cwnd=219105
Initialize per-instance NSCC parameters: flowid 92 _base_rtt=11685600 _base_bdp=146070 _bdp=146070 _min_cwnd=4150 _maxwnd=219105 _cwnd=219105
Initialize per-instance NSCC parameters: flowid 93 _base_rtt=11685600 _base_bdp=146070 _bdp=146070 _min_cwnd=4150 _maxwnd=219105 _cwnd=219105
Initialize per-instance NSCC parameters: flowid 94 _base_rtt=11685600 _base_bdp=146070 _bdp=146070 _min_cwnd=4150 _maxwnd=219105 _cwnd=219105
Initialize per-instance NSCC parameters: flowid 95 _base_rtt=11685600 _base_bdp=146070 _bdp=146070 _min_cwnd=4150 _maxwnd=219105 _cwnd=219105
Initialize per-instance NSCC parameters: flowid 96 _base_rtt=11685600 _base_bdp=146070 _bdp=146070 _min_cwnd=4150 _maxwnd=219105 _cwnd=219105
Initialize per-instance NSCC parameters: flowid 97 _base_rtt=11685600 _base_bdp=146070 _bdp=146070 _min_cwnd=4150 _maxwnd=219105 _cwnd=219105
Initialize per-instance NSCC parameters: flowid 98 _base_rtt=11685600 _base_bdp=146070 _bdp=146070 _min_cwnd=4150 _maxwnd=219105 _cwnd=219105
Initialize per-instance NSCC parameters: flowid 99 _base_rtt=11685600 _base_bdp=146070 _bdp=146070 _min_cwnd=4150 _maxwnd=219105 _cwnd=219105
Initialize per-instance NSCC parameters: flowid 100 _base_rtt=11685600 _base_bdp=146070 _bdp=146070 _min_cwnd=4150 _maxwnd=219105 _cwnd=219105
Initialize per-instance NSCC parameters: flowid 101 _base_rtt=11685600 _base_bdp=146070 _bdp=146070 _min_cwnd=4150 _maxwnd=219105 _cwnd=219105
Initialize per-instance NSCC parameters: flowid 102 _base_rtt=11685600 _base_bdp=146070 _bdp=146070 _min_cwnd=4150 _maxwnd=219105 _cwnd=219105
Initialize per-instance NSCC parameters: flowid 103 _base_rtt=11685600 _base_bdp=146070 _bdp=146070 _min_cwnd=4150 _maxwnd=219105 _cwnd=219105
Initialize per-instance NSCC parameters: flowid 104 _base_rtt=11685600 _base_bdp=146070 _bdp=146070 _min_cwnd=4150 _maxwnd=219105 _cwnd=219105
Initialize per-instance NSCC parameters: flowid 105 _base_rtt=11685600 _base_bdp=146070 _bdp=146070 _min_cwnd=4150 _maxwnd=219105 _cwnd=219105
Initialize per-instance NSCC parameters: flowid 106 _base_rtt=11685600 _base_bdp=146070 _bdp=146070 _min_cwnd=4150 _maxwnd=219105 _cwnd=219105
Initialize per-instance NSCC parameters: flowid 107 _base_rtt=11685600 _base_bdp=146070 _bdp=146070 _min_cwnd=4150 _maxwnd=219105 _cwnd=219105
Initialize per-instance NSCC parameters: flowid 108 _base_rtt=11685600 _base_bdp=146070 _bdp=146070 _min_cwnd=4150 _maxwnd=219105 _cwnd=219105
Initialize per-instance NSCC parameters: flowid 109 _base_rtt=11685600 _base_bdp=146070 _bdp=146070 _min_cwnd=4150 _maxwnd=219105 _cwnd=219105
Initialize per-instance NSCC parameters: flowid 110 _base_rtt=11685600 _base_bdp=146070 _bdp=146070 _min_cwnd=4150 _maxwnd=219105 _cwnd=219105
Initialize per-instance NSCC parameters: flowid 111 _base_rtt=11685600 _base_bdp=146070 _bdp=146070 _min_cwnd=4150 _maxwnd=219105 _cwnd=219105
Initialize per-instance NSCC parameters: flowid 112 _base_rtt=11685600 _base_bdp=146070 _bdp=146070 _min_cwnd=4150 _maxwnd=219105 _cwnd=219105
Initialize per-instance NSCC parameters: flowid 113 _base_rtt=11685600 _base_bdp=146070 _bdp=146070 _min_cwnd=4150 _maxwnd=219105 _cwnd=219105
Initialize per-instance NSCC parameters: flowid 114 _base_rtt=11685600 _base_bdp=146070 _bdp=146070 _min_cwnd=4150 _maxwnd=219105 _cwnd=219105
Initialize per-instance NSCC parameters: flowid 115 _base_rtt=11685600 _base_bdp=146070 _bdp=146070 _min_cwnd=4150 _maxwnd=219105 _cwnd=219105
Initialize per-instance NSCC parameters: flowid 116 _base_rtt=11685600 _base_bdp=146070 _bdp=146070 _min_cwnd=4150 _maxwnd=219105 _cwnd=219105
Initialize per-instance NSCC parameters: flowid 117 _base_rtt=11685600 _base_bdp=146070 _bdp=146070 _min_cwnd=4150 _maxwnd=219105 _cwnd=219105
Initialize per-instance NSCC parameters: flowid 118 _base_rtt=11685600 _base_bdp=146070 _bdp=146070 _min_cwnd=4150 _maxwnd=219105 _cwnd=219105
Initialize per-instance NSCC parameters: flowid 119 _base_rtt=11685600 _base_bdp=146070 _bdp=146070 _min_cwnd=4150 _maxwnd=219105 _cwnd=219105
Initialize per-instance NSCC parameters: flowid 120 _base_rtt=11685600 _base_bdp=146070 _bdp=146070 _min_cwnd=4150 _maxwnd=219105 _cwnd=219105
Initialize per-instance NSCC parameters: flowid 121 _base_rtt=11685600 _base_bdp=146070 _bdp=146070 _min_cwnd=4150 _maxwnd=219105 _cwnd=219105
Initialize per-instance NSCC parameters: flowid 122 _base_rtt=11685600 _base_bdp=146070 _bdp=146070 _min_cwnd=4150 _maxwnd=219105 _cwnd=219105
Initialize per-instance NSCC parameters: flowid 123 _base_rtt=11685600 _base_bdp=146070 _bdp=146070 _min_cwnd=4150 _maxwnd=219105 _cwnd=219105
Initialize per-instance NSCC parameters: flowid 124 _base_rtt=11685600 _base_bdp=146070 _bdp=146070 _min_cwnd=4150 _maxwnd=219105 _cwnd=219105
Initialize per-instance NSCC parameters: flowid 125 _base_rtt=11685600 _base_bdp=146070 _bdp=146070 _min_cwnd=4150 _maxwnd=219105 _cwnd=219105
Initialize per-instance NSCC parameters: flowid 126 _base_rtt=11685600 _base_bdp=146070 _bdp=146070 _min_cwnd=4150 _maxwnd=219105 _cwnd=219105
Initialize per-instance NSCC parameters: flowid 127 _base_rtt=11685600 _base_bdp=146070 _bdp=146070 _min_cwnd=4150 _maxwnd=219105 _cwnd=219105
Initialize per-instance NSCC parameters: flowid 128 _base_rtt=11685600 _base_bdp=146070 _bdp=146070 _min_cwnd=4150 _maxwnd=219105 _cwnd=219105
Initialize per-instance NSCC parameters: flowid 129 _base_rtt=11685600 _base_bdp=146070 _bdp=146070 _min_cwnd=4150 _maxwnd=219105 _cwnd=219105
Initialize per-instance NSCC parameters: flowid 130 _base_rtt=11685600 _base_bdp=146070 _bdp=146070 _min_cwnd=4150 _maxwnd=219105 _cwnd=219105
Initialize per-instance NSCC parameters: flowid 131 _base_rtt=11685600 _base_bdp=146070 _bdp=146070 _min_cwnd=4150 _maxwnd=219105 _cwnd=219105
Initialize per-instance NSCC parameters: flowid 132 _base_rtt=11685600 _base_bdp=146070 _bdp=146070 _min_cwnd=4150 _maxwnd=219105 _cwnd=219105
Initialize per-instance NSCC parameters: flowid 133 _base_rtt=11685600 _base_bdp=146070 _bdp=146070 _min_cwnd=4150 _maxwnd=219105 _cwnd=219105
Initialize per-instance NSCC parameters: flowid 134 _base_rtt=11685600 _base_bdp=146070 _bdp=146070 _min_cwnd=4150 _maxwnd=219105 _cwnd=219105
Initialize per-instance NSCC parameters: flowid 135 _base_rtt=11685600 _base_bdp=146070 _bdp=146070 _min_cwnd=4150 _maxwnd=219105 _cwnd=219105
Initialize per-instance NSCC parameters: flowid 136 _base_rtt=11685600 _base_bdp=146070 _bdp=146070 _min_cwnd=4150 _maxwnd=219105 _cwnd=219105
Initialize per-instance NSCC parameters: flowid 137 _base_rtt=11685600 _base_bdp=146070 _bdp=146070 _min_cwnd=4150 _maxwnd=219105 _cwnd=219105
Initialize per-instance NSCC parameters: flowid 138 _base_rtt=11685600 _base_bdp=146070 _bdp=146070 _min_cwnd=4150 _maxwnd=219105 _cwnd=219105
Initialize per-instance NSCC parameters: flowid 139 _base_rtt=11685600 _base_bdp=146070 _bdp=146070 _min_cwnd=4150 _maxwnd=219105 _cwnd=219105
Initialize per-instance NSCC parameters: flowid 140 _base_rtt=11685600 _base_bdp=146070 _bdp=146070 _min_cwnd=4150 _maxwnd=219105 _cwnd=219105
Initialize per-instance NSCC parameters: flowid 141 _base_rtt=11685600 _base_bdp=146070 _bdp=146070 _min_cwnd=4150 _maxwnd=219105 _cwnd=219105
Initialize per-instance NSCC parameters: flowid 142 _base_rtt=11685600 _base_bdp=146070 _bdp=146070 _min_cwnd=4150 _maxwnd=219105 _cwnd=219105
Initialize per-instance NSCC parameters: flowid 143 _base_rtt=11685600 _base_bdp=146070 _bdp=146070 _min_cwnd=4150 _maxwnd=219105 _cwnd=219105
Initialize per-instance NSCC parameters: flowid 144 _base_rtt=11685600 _base_bdp=146070 _bdp=146070 _min_cwnd=4150 _maxwnd=219105 _cwnd=219105
Initialize per-instance NSCC parameters: flowid 145 _base_rtt=11685600 _base_bdp=146070 _bdp=146070 _min_cwnd=4150 _maxwnd=219105 _cwnd=219105
Initialize per-instance NSCC parameters: flowid 146 _base_rtt=11685600 _base_bdp=146070 _bdp=146070 _min_cwnd=4150 _maxwnd=219105 _cwnd=219105
Initialize per-instance NSCC parameters: flowid 147 _base_rtt=11685600 _base_bdp=146070 _bdp=146070 _min_cwnd=4150 _maxwnd=219105 _cwnd=219105
Initialize per-instance NSCC parameters: flowid 148 _base_rtt=11685600 _base_bdp=146070 _bdp=146070 _min_cwnd=4150 _maxwnd=219105 _cwnd=219105
Initialize per-instance NSCC parameters: flowid 149 _base_rtt=11685600 _base_bdp=146070 _bdp=146070 _min_cwnd=4150 _maxwnd=219105 _cwnd=219105
Initialize per-instance NSCC parameters: flowid 150 _base_rtt=11685600 _base_bdp=146070 _bdp=146070 _min_cwnd=4150 _maxwnd=219105 _cwnd=219105
Initialize per-instance NSCC parameters: flowid 151 _base_rtt=11685600 _base_bdp=146070 _bdp=146070 _min_cwnd=4150 _maxwnd=219105 _cwnd=219105
Initialize per-instance NSCC parameters: flowid 152 _base_rtt=11685600 _base_bdp=146070 _bdp=146070 _min_cwnd=4150 _maxwnd=219105 _cwnd=219105
Initialize per-instance NSCC parameters: flowid 153 _base_rtt=11685600 _base_bdp=146070 _bdp=146070 _min_cwnd=4150 _maxwnd=219105 _cwnd=219105
Initialize per-instance NSCC parameters: flowid 154 _base_rtt=11685600 _base_bdp=146070 _bdp=146070 _min_cwnd=4150 _maxwnd=219105 _cwnd=219105
Initialize per-instance NSCC parameters: flowid 155 _base_rtt=11685600 _base_bdp=146070 _bdp=146070 _min_cwnd=4150 _maxwnd=219105 _cwnd=219105
Initialize per-instance NSCC parameters: flowid 156 _base_rtt=11685600 _base_bdp=146070 _bdp=146070 _min_cwnd=4150 _maxwnd=219105 _cwnd=219105
Initialize per-instance NSCC parameters: flowid 157 _base_rtt=11685600 _base_bdp=146070 _bdp=146070 _min_cwnd=4150 _maxwnd=219105 _cwnd=219105
Initialize per-instance NSCC parameters: flowid 158 _base_rtt=11685600 _base_bdp=146070 _bdp=146070 _min_cwnd=4150 _maxwnd=219105 _cwnd=219105
Initialize per-instance NSCC parameters: flowid 159 _base_rtt=11685600 _base_bdp=146070 _bdp=146070 _min_cwnd=4150 _maxwnd=219105 _cwnd=219105
Initialize per-instance NSCC parameters: flowid 160 _base_rtt=11685600 _base_bdp=146070 _bdp=146070 _min_cwnd=4150 _maxwnd=219105 _cwnd=219105
Initialize per-instance NSCC parameters: flowid 161 _base_rtt=11685600 _base_bdp=146070 _bdp=146070 _min_cwnd=4150 _maxwnd=219105 _cwnd=219105
Initialize per-instance NSCC parameters: flowid 162 _base_rtt=11685600 _base_bdp=146070 _bdp=146070 _min_cwnd=4150 _maxwnd=219105 _cwnd=219105
Initialize per-instance NSCC parameters: flowid 163 _base_rtt=11685600 _base_bdp=146070 _bdp=146070 _min_cwnd=4150 _maxwnd=219105 _cwnd=219105
Initialize per-instance NSCC parameters: flowid 164 _base_rtt=11685600 _base_bdp=146070 _bdp=146070 _min_cwnd=4150 _maxwnd=219105 _cwnd=219105
Initialize per-instance NSCC parameters: flowid 165 _base_rtt=11685600 _base_bdp=146070 _bdp=146070 _min_cwnd=4150 _maxwnd=219105 _cwnd=219105
Initialize per-instance NSCC parameters: flowid 166 _base_rtt=11685600 _base_bdp=146070 _bdp=146070 _min_cwnd=4150 _maxwnd=219105 _cwnd=219105
Initialize per-instance NSCC parameters: flowid 167 _base_rtt=11685600 _base_bdp=146070 _bdp=146070 _min_cwnd=4150 _maxwnd=219105 _cwnd=219105
Initialize per-instance NSCC parameters: flowid 168 _base_rtt=11685600 _base_bdp=146070 _bdp=146070 _min_cwnd=4150 _maxwnd=219105 _cwnd=219105
Initialize per-instance NSCC parameters: flowid 169 _base_rtt=11685600 _base_bdp=146070 _bdp=146070 _min_cwnd=4150 _maxwnd=219105 _cwnd=219105
Initialize per-instance NSCC parameters: flowid 170 _base_rtt=11685600 _base_bdp=146070 _bdp=146070 _min_cwnd=4150 _maxwnd=219105 _cwnd=219105
Initialize per-instance NSCC parameters: flowid 171 _base_rtt=11685600 _base_bdp=146070 _bdp=146070 _min_cwnd=4150 _maxwnd=219105 _cwnd=219105
Initialize per-instance NSCC parameters: flowid 172 _base_rtt=11685600 _base_bdp=146070 _bdp=146070 _min_cwnd=4150 _maxwnd=219105 _cwnd=219105
Initialize per-instance NSCC parameters: flowid 173 _base_rtt=11685600 _base_bdp=146070 _bdp=146070 _min_cwnd=4150 _maxwnd=219105 _cwnd=219105
Initialize per-instance NSCC parameters: flowid 174 _base_rtt=11685600 _base_bdp=146070 _bdp=146070 _min_cwnd=4150 _maxwnd=219105 _cwnd=219105
Initialize per-instance NSCC parameters: flowid 175 _base_rtt=11685600 _base_bdp=146070 _bdp=146070 _min_cwnd=4150 _maxwnd=219105 _cwnd=219105
Initialize per-instance NSCC parameters: flowid 176 _base_rtt=11685600 _base_bdp=146070 _bdp=146070 _min_cwnd=4150 _maxwnd=219105 _cwnd=219105
Initialize per-instance NSCC parameters: flowid 177 _base_rtt=11685600 _base_bdp=146070 _bdp=146070 _min_cwnd=4150 _maxwnd=219105 _cwnd=219105
Initialize per-instance NSCC parameters: flowid 178 _base_rtt=11685600 _base_bdp=146070 _bdp=146070 _min_cwnd=4150 _maxwnd=219105 _cwnd=219105
Initialize per-instance NSCC parameters: flowid 179 _base_rtt=11685600 _base_bdp=146070 _bdp=146070 _min_cwnd=4150 _maxwnd=219105 _cwnd=219105
Initialize per-instance NSCC parameters: flowid 180 _base_rtt=11685600 _base_bdp=146070 _bdp=146070 _min_cwnd=4150 _maxwnd=219105 _cwnd=219105
Initialize per-instance NSCC parameters: flowid 181 _base_rtt=11685600 _base_bdp=146070 _bdp=146070 _min_cwnd=4150 _maxwnd=219105 _cwnd=219105
Initialize per-instance NSCC parameters: flowid 182 _base_rtt=11685600 _base_bdp=146070 _bdp=146070 _min_cwnd=4150 _maxwnd=219105 _cwnd=219105
Initialize per-instance NSCC parameters: flowid 183 _base_rtt=11685600 _base_bdp=146070 _bdp=146070 _min_cwnd=4150 _maxwnd=219105 _cwnd=219105
Initialize per-instance NSCC parameters: flowid 184 _base_rtt=11685600 _base_bdp=146070 _bdp=146070 _min_cwnd=4150 _maxwnd=219105 _cwnd=219105
Initialize per-instance NSCC parameters: flowid 185 _base_rtt=11685600 _base_bdp=146070 _bdp=146070 _min_cwnd=4150 _maxwnd=219105 _cwnd=219105
Initialize per-instance NSCC parameters: flowid 186 _base_rtt=11685600 _base_bdp=146070 _bdp=146070 _min_cwnd=4150 _maxwnd=219105 _cwnd=219105
Initialize per-instance NSCC parameters: flowid 187 _base_rtt=11685600 _base_bdp=146070 _bdp=146070 _min_cwnd=4150 _maxwnd=219105 _cwnd=219105
Initialize per-instance NSCC parameters: flowid 188 _base_rtt=11685600 _base_bdp=146070 _bdp=146070 _min_cwnd=4150 _maxwnd=219105 _cwnd=219105
Initialize per-instance NSCC parameters: flowid 189 _base_rtt=11685600 _base_bdp=146070 _bdp=146070 _min_cwnd=4150 _maxwnd=219105 _cwnd=219105
Initialize per-instance NSCC parameters: flowid 190 _base_rtt=11685600 _base_bdp=146070 _bdp=146070 _min_cwnd=4150 _maxwnd=219105 _cwnd=219105
Initialize per-instance NSCC parameters: flowid 191 _base_rtt=11685600 _base_bdp=146070 _bdp=146070 _min_cwnd=4150 _maxwnd=219105 _cwnd=219105
Initialize per-instance NSCC parameters: flowid 192 _base_rtt=11685600 _base_bdp=146070 _bdp=146070 _min_cwnd=4150 _maxwnd=219105 _cwnd=219105
Initialize per-instance NSCC parameters: flowid 193 _base_rtt=11685600 _base_bdp=146070 _bdp=146070 _min_cwnd=4150 _maxwnd=219105 _cwnd=219105
Initialize per-instance NSCC parameters: flowid 194 _base_rtt=11685600 _base_bdp=146070 _bdp=146070 _min_cwnd=4150 _maxwnd=219105 _cwnd=219105
Initialize per-instance NSCC parameters: flowid 195 _base_rtt=11685600 _base_bdp=146070 _bdp=146070 _min_cwnd=4150 _maxwnd=219105 _cwnd=219105
Initialize per-instance NSCC parameters: flowid 196 _base_rtt=11685600 _base_bdp=146070 _bdp=146070 _min_cwnd=4150 _maxwnd=219105 _cwnd=219105
Initialize per-instance NSCC parameters: flowid 197 _base_rtt=11685600 _base_bdp=146070 _bdp=146070 _min_cwnd=4150 _maxwnd=219105 _cwnd=219105
Initialize per-instance NSCC parameters: flowid 198 _base_rtt=11685600 _base_bdp=146070 _bdp=146070 _min_cwnd=4150 _maxwnd=219105 _cwnd=219105
Initialize per-instance NSCC parameters: flowid 199 _base_rtt=11685600 _base_bdp=146070 _bdp=146070 _min_cwnd=4150 _maxwnd=219105 _cwnd=219105
Initialize per-instance NSCC parameters: flowid 200 _base_rtt=11685600 _base_bdp=146070 _bdp=146070 _min_cwnd=4150 _maxwnd=219105 _cwnd=219105
Initialize per-instance NSCC parameters: flowid 201 _base_rtt=11685600 _base_bdp=146070 _bdp=146070 _min_cwnd=4150 _maxwnd=219105 _cwnd=219105
Initialize per-instance NSCC parameters: flowid 202 _base_rtt=11685600 _base_bdp=146070 _bdp=146070 _min_cwnd=4150 _maxwnd=219105 _cwnd=219105
Initialize per-instance NSCC parameters: flowid 203 _base_rtt=11685600 _base_bdp=146070 _bdp=146070 _min_cwnd=4150 _maxwnd=219105 _cwnd=219105
Initialize per-instance NSCC parameters: flowid 204 _base_rtt=11685600 _base_bdp=146070 _bdp=146070 _min_cwnd=4150 _maxwnd=219105 _cwnd=219105
Initialize per-instance NSCC parameters: flowid 205 _base_rtt=11685600 _base_bdp=146070 _bdp=146070 _min_cwnd=4150 _maxwnd=219105 _cwnd=219105
Initialize per-instance NSCC parameters: flowid 206 _base_rtt=11685600 _base_bdp=146070 _bdp=146070 _min_cwnd=4150 _maxwnd=219105 _cwnd=219105
Initialize per-instance NSCC parameters: flowid 207 _base_rtt=11685600 _base_bdp=146070 _bdp=146070 _min_cwnd=4150 _maxwnd=219105 _cwnd=219105
Initialize per-instance NSCC parameters: flowid 208 _base_rtt=11685600 _base_bdp=146070 _bdp=146070 _min_cwnd=4150 _maxwnd=219105 _cwnd=219105
Initialize per-instance NSCC parameters: flowid 209 _base_rtt=11685600 _base_bdp=146070 _bdp=146070 _min_cwnd=4150 _maxwnd=219105 _cwnd=219105
Initialize per-instance NSCC parameters: flowid 210 _base_rtt=11685600 _base_bdp=146070 _bdp=146070 _min_cwnd=4150 _maxwnd=219105 _cwnd=219105
Initialize per-instance NSCC parameters: flowid 211 _base_rtt=11685600 _base_bdp=146070 _bdp=146070 _min_cwnd=4150 _maxwnd=219105 _cwnd=219105
Initialize per-instance NSCC parameters: flowid 212 _base_rtt=11685600 _base_bdp=146070 _bdp=146070 _min_cwnd=4150 _maxwnd=219105 _cwnd=219105
Initialize per-instance NSCC parameters: flowid 213 _base_rtt=11685600 _base_bdp=146070 _bdp=146070 _min_cwnd=4150 _maxwnd=219105 _cwnd=219105
Initialize per-instance NSCC parameters: flowid 214 _base_rtt=11685600 _base_bdp=146070 _bdp=146070 _min_cwnd=4150 _maxwnd=219105 _cwnd=219105
Initialize per-instance NSCC parameters: flowid 215 _base_rtt=11685600 _base_bdp=146070 _bdp=146070 _min_cwnd=4150 _maxwnd=219105 _cwnd=219105
Initialize per-instance NSCC parameters: flowid 216 _base_rtt=11685600 _base_bdp=146070 _bdp=146070 _min_cwnd=4150 _maxwnd=219105 _cwnd=219105
Initialize per-instance NSCC parameters: flowid 217 _base_rtt=11685600 _base_bdp=146070 _bdp=146070 _min_cwnd=4150 _maxwnd=219105 _cwnd=219105
Initialize per-instance NSCC parameters: flowid 218 _base_rtt=11685600 _base_bdp=146070 _bdp=146070 _min_cwnd=4150 _maxwnd=219105 _cwnd=219105
Initialize per-instance NSCC parameters: flowid 219 _base_rtt=11685600 _base_bdp=146070 _bdp=146070 _min_cwnd=4150 _maxwnd=219105 _cwnd=219105
Initialize per-instance NSCC parameters: flowid 220 _base_rtt=11685600 _base_bdp=146070 _bdp=146070 _min_cwnd=4150 _maxwnd=219105 _cwnd=219105
Initialize per-instance NSCC parameters: flowid 221 _base_rtt=11685600 _base_bdp=146070 _bdp=146070 _min_cwnd=4150 _maxwnd=219105 _cwnd=219105
Initialize per-instance NSCC parameters: flowid 222 _base_rtt=11685600 _base_bdp=146070 _bdp=146070 _min_cwnd=4150 _maxwnd=219105 _cwnd=219105
Initialize per-instance NSCC parameters: flowid 223 _base_rtt=11685600 _base_bdp=146070 _bdp=146070 _min_cwnd=4150 _maxwnd=219105 _cwnd=219105
Initialize per-instance NSCC parameters: flowid 224 _base_rtt=11685600 _base_bdp=146070 _bdp=146070 _min_cwnd=4150 _maxwnd=219105 _cwnd=219105
Initialize per-instance NSCC parameters: flowid 225 _base_rtt=11685600 _base_bdp=146070 _bdp=146070 _min_cwnd=4150 _maxwnd=219105 _cwnd=219105
Initialize per-instance NSCC parameters: flowid 226 _base_rtt=11685600 _base_bdp=146070 _bdp=146070 _min_cwnd=4150 _maxwnd=219105 _cwnd=219105
Initialize per-instance NSCC parameters: flowid 227 _base_rtt=11685600 _base_bdp=146070 _bdp=146070 _min_cwnd=4150 _maxwnd=219105 _cwnd=219105
Initialize per-instance NSCC parameters: flowid 228 _base_rtt=11685600 _base_bdp=146070 _bdp=146070 _min_cwnd=4150 _maxwnd=219105 _cwnd=219105
Initialize per-instance NSCC parameters: flowid 229 _base_rtt=11685600 _base_bdp=146070 _bdp=146070 _min_cwnd=4150 _maxwnd=219105 _cwnd=219105
Initialize per-instance NSCC parameters: flowid 230 _base_rtt=11685600 _base_bdp=146070 _bdp=146070 _min_cwnd=4150 _maxwnd=219105 _cwnd=219105
Initialize per-instance NSCC parameters: flowid 231 _base_rtt=11685600 _base_bdp=146070 _bdp=146070 _min_cwnd=4150 _maxwnd=219105 _cwnd=219105
Initialize per-instance NSCC parameters: flowid 232 _base_rtt=11685600 _base_bdp=146070 _bdp=146070 _min_cwnd=4150 _maxwnd=219105 _cwnd=219105
Initialize per-instance NSCC parameters: flowid 233 _base_rtt=11685600 _base_bdp=146070 _bdp=146070 _min_cwnd=4150 _maxwnd=219105 _cwnd=219105
Initialize per-instance NSCC parameters: flowid 234 _base_rtt=11685600 _base_bdp=146070 _bdp=146070 _min_cwnd=4150 _maxwnd=219105 _cwnd=219105
Initialize per-instance NSCC parameters: flowid 235 _base_rtt=11685600 _base_bdp=146070 _bdp=146070 _min_cwnd=4150 _maxwnd=219105 _cwnd=219105
Initialize per-instance NSCC parameters: flowid 236 _base_rtt=11685600 _base_bdp=146070 _bdp=146070 _min_cwnd=4150 _maxwnd=219105 _cwnd=219105
Initialize per-instance NSCC parameters: flowid 237 _base_rtt=11685600 _base_bdp=146070 _bdp=146070 _min_cwnd=4150 _maxwnd=219105 _cwnd=219105
Initialize per-instance NSCC parameters: flowid 238 _base_rtt=11685600 _base_bdp=146070 _bdp=146070 _min_cwnd=4150 _maxwnd=219105 _cwnd=219105
Initialize per-instance NSCC parameters: flowid 239 _base_rtt=11685600 _base_bdp=146070 _bdp=146070 _min_cwnd=4150 _maxwnd=219105 _cwnd=219105
Initialize per-instance NSCC parameters: flowid 240 _base_rtt=11685600 _base_bdp=146070 _bdp=146070 _min_cwnd=4150 _maxwnd=219105 _cwnd=219105
Initialize per-instance NSCC parameters: flowid 241 _base_rtt=11685600 _base_bdp=146070 _bdp=146070 _min_cwnd=4150 _maxwnd=219105 _cwnd=219105
Initialize per-instance NSCC parameters: flowid 242 _base_rtt=11685600 _base_bdp=146070 _bdp=146070 _min_cwnd=4150 _maxwnd=219105 _cwnd=219105
Initialize per-instance NSCC parameters: flowid 243 _base_rtt=11685600 _base_bdp=146070 _bdp=146070 _min_cwnd=4150 _maxwnd=219105 _cwnd=219105
Initialize per-instance NSCC parameters: flowid 244 _base_rtt=11685600 _base_bdp=146070 _bdp=146070 _min_cwnd=4150 _maxwnd=219105 _cwnd=219105
Initialize per-instance NSCC parameters: flowid 245 _base_rtt=11685600 _base_bdp=146070 _bdp=146070 _min_cwnd=4150 _maxwnd=219105 _cwnd=219105
Initialize per-instance NSCC parameters: flowid 246 _base_rtt=11685600 _base_bdp=146070 _bdp=146070 _min_cwnd=4150 _maxwnd=219105 _cwnd=219105
Initialize per-instance NSCC parameters: flowid 247 _base_rtt=11685600 _base_bdp=146070 _bdp=146070 _min_cwnd=4150 _maxwnd=219105 _cwnd=219105
Initialize per-instance NSCC parameters: flowid 248 _base_rtt=11685600 _base_bdp=146070 _bdp=146070 _min_cwnd=4150 _maxwnd=219105 _cwnd=219105
Initialize per-instance NSCC parameters: flowid 249 _base_rtt=11685600 _base_bdp=146070 _bdp=146070 _min_cwnd=4150 _maxwnd=219105 _cwnd=219105
Initialize per-instance NSCC parameters: flowid 250 _base_rtt=11685600 _base_bdp=146070 _bdp=146070 _min_cwnd=4150 _maxwnd=219105 _cwnd=219105
Initialize per-instance NSCC parameters: flowid 251 _base_rtt=11685600 _base_bdp=146070 _bdp=146070 _min_cwnd=4150 _maxwnd=219105 _cwnd=219105
Initialize per-instance NSCC parameters: flowid 252 _base_rtt=11685600 _base_bdp=146070 _bdp=146070 _min_cwnd=4150 _maxwnd=219105 _cwnd=219105
Initialize per-instance NSCC parameters: flowid 253 _base_rtt=11685600 _base_bdp=146070 _bdp=146070 _min_cwnd=4150 _maxwnd=219105 _cwnd=219105
Initialize per-instance NSCC parameters: flowid 254 _base_rtt=11685600 _base_bdp=146070 _bdp=146070 _min_cwnd=4150 _maxwnd=219105 _cwnd=219105
Initialize per-instance NSCC parameters: flowid 255 _base_rtt=11685600 _base_bdp=146070 _bdp=146070 _min_cwnd=4150 _maxwnd=219105 _cwnd=219105
Initialize per-instance NSCC parameters: flowid 256 _base_rtt=11685600 _base_bdp=146070 _bdp=146070 _min_cwnd=4150 _maxwnd=219105 _cwnd=219105
Initialize per-instance NSCC parameters: flowid 257 _base_rtt=11685600 _base_bdp=146070 _bdp=146070 _min_cwnd=4150 _maxwnd=219105 _cwnd=219105
Initialize per-instance NSCC parameters: flowid 258 _base_rtt=11685600 _base_bdp=146070 _bdp=146070 _min_cwnd=4150 _maxwnd=219105 _cwnd=219105
Initialize per-instance NSCC parameters: flowid 259 _base_rtt=11685600 _base_bdp=146070 _bdp=146070 _min_cwnd=4150 _maxwnd=219105 _cwnd=219105
Initialize per-instance NSCC parameters: flowid 260 _base_rtt=11685600 _base_bdp=146070 _bdp=146070 _min_cwnd=4150 _maxwnd=219105 _cwnd=219105
Initialize per-instance NSCC parameters: flowid 261 _base_rtt=11685600 _base_bdp=146070 _bdp=146070 _min_cwnd=4150 _maxwnd=219105 _cwnd=219105
Initialize per-instance NSCC parameters: flowid 262 _base_rtt=11685600 _base_bdp=146070 _bdp=146070 _min_cwnd=4150 _maxwnd=219105 _cwnd=219105
Initialize per-instance NSCC parameters: flowid 263 _base_rtt=11685600 _base_bdp=146070 _bdp=146070 _min_cwnd=4150 _maxwnd=219105 _cwnd=219105
Initialize per-instance NSCC parameters: flowid 264 _base_rtt=11685600 _base_bdp=146070 _bdp=146070 _min_cwnd=4150 _maxwnd=219105 _cwnd=219105
Initialize per-instance NSCC parameters: flowid 265 _base_rtt=11685600 _base_bdp=146070 _bdp=146070 _min_cwnd=4150 _maxwnd=219105 _cwnd=219105
Initialize per-instance NSCC parameters: flowid 266 _base_rtt=11685600 _base_bdp=146070 _bdp=146070 _min_cwnd=4150 _maxwnd=219105 _cwnd=219105
Initialize per-instance NSCC parameters: flowid 267 _base_rtt=11685600 _base_bdp=146070 _bdp=146070 _min_cwnd=4150 _maxwnd=219105 _cwnd=219105
Initialize per-instance NSCC parameters: flowid 268 _base_rtt=11685600 _base_bdp=146070 _bdp=146070 _min_cwnd=4150 _maxwnd=219105 _cwnd=219105
Initialize per-instance NSCC parameters: flowid 269 _base_rtt=11685600 _base_bdp=146070 _bdp=146070 _min_cwnd=4150 _maxwnd=219105 _cwnd=219105
Initialize per-instance NSCC parameters: flowid 270 _base_rtt=11685600 _base_bdp=146070 _bdp=146070 _min_cwnd=4150 _maxwnd=219105 _cwnd=219105
Initialize per-instance NSCC parameters: flowid 271 _base_rtt=11685600 _base_bdp=146070 _bdp=146070 _min_cwnd=4150 _maxwnd=219105 _cwnd=219105
Initialize per-instance NSCC parameters: flowid 272 _base_rtt=11685600 _base_bdp=146070 _bdp=146070 _min_cwnd=4150 _maxwnd=219105 _cwnd=219105
Initialize per-instance NSCC parameters: flowid 273 _base_rtt=11685600 _base_bdp=146070 _bdp=146070 _min_cwnd=4150 _maxwnd=219105 _cwnd=219105
Initialize per-instance NSCC parameters: flowid 274 _base_rtt=11685600 _base_bdp=146070 _bdp=146070 _min_cwnd=4150 _maxwnd=219105 _cwnd=219105
Initialize per-instance NSCC parameters: flowid 275 _base_rtt=11685600 _base_bdp=146070 _bdp=146070 _min_cwnd=4150 _maxwnd=219105 _cwnd=219105
Initialize per-instance NSCC parameters: flowid 276 _base_rtt=11685600 _base_bdp=146070 _bdp=146070 _min_cwnd=4150 _maxwnd=219105 _cwnd=219105
Initialize per-instance NSCC parameters: flowid 277 _base_rtt=11685600 _base_bdp=146070 _bdp=146070 _min_cwnd=4150 _maxwnd=219105 _cwnd=219105
Initialize per-instance NSCC parameters: flowid 278 _base_rtt=11685600 _base_bdp=146070 _bdp=146070 _min_cwnd=4150 _maxwnd=219105 _cwnd=219105
Initialize per-instance NSCC parameters: flowid 279 _base_rtt=11685600 _base_bdp=146070 _bdp=146070 _min_cwnd=4150 _maxwnd=219105 _cwnd=219105
Initialize per-instance NSCC parameters: flowid 280 _base_rtt=11685600 _base_bdp=146070 _bdp=146070 _min_cwnd=4150 _maxwnd=219105 _cwnd=219105
Initialize per-instance NSCC parameters: flowid 281 _base_rtt=11685600 _base_bdp=146070 _bdp=146070 _min_cwnd=4150 _maxwnd=219105 _cwnd=219105
Initialize per-instance NSCC parameters: flowid 282 _base_rtt=11685600 _base_bdp=146070 _bdp=146070 _min_cwnd=4150 _maxwnd=219105 _cwnd=219105
Initialize per-instance NSCC parameters: flowid 283 _base_rtt=11685600 _base_bdp=146070 _bdp=146070 _min_cwnd=4150 _maxwnd=219105 _cwnd=219105
Initialize per-instance NSCC parameters: flowid 284 _base_rtt=11685600 _base_bdp=146070 _bdp=146070 _min_cwnd=4150 _maxwnd=219105 _cwnd=219105
Initialize per-instance NSCC parameters: flowid 285 _base_rtt=11685600 _base_bdp=146070 _bdp=146070 _min_cwnd=4150 _maxwnd=219105 _cwnd=219105
Initialize per-instance NSCC parameters: flowid 286 _base_rtt=11685600 _base_bdp=146070 _bdp=146070 _min_cwnd=4150 _maxwnd=219105 _cwnd=219105
Initialize per-instance NSCC parameters: flowid 287 _base_rtt=11685600 _base_bdp=146070 _bdp=146070 _min_cwnd=4150 _maxwnd=219105 _cwnd=219105
Initialize per-instance NSCC parameters: flowid 288 _base_rtt=11685600 _base_bdp=146070 _bdp=146070 _min_cwnd=4150 _maxwnd=219105 _cwnd=219105
Initialize per-instance NSCC parameters: flowid 289 _base_rtt=11685600 _base_bdp=146070 _bdp=146070 _min_cwnd=4150 _maxwnd=219105 _cwnd=219105
Initialize per-instance NSCC parameters: flowid 290 _base_rtt=11685600 _base_bdp=146070 _bdp=146070 _min_cwnd=4150 _maxwnd=219105 _cwnd=219105
Initialize per-instance NSCC parameters: flowid 291 _base_rtt=11685600 _base_bdp=146070 _bdp=146070 _min_cwnd=4150 _maxwnd=219105 _cwnd=219105
Initialize per-instance NSCC parameters: flowid 292 _base_rtt=11685600 _base_bdp=146070 _bdp=146070 _min_cwnd=4150 _maxwnd=219105 _cwnd=219105
Initialize per-instance NSCC parameters: flowid 293 _base_rtt=11685600 _base_bdp=146070 _bdp=146070 _min_cwnd=4150 _maxwnd=219105 _cwnd=219105
Initialize per-instance NSCC parameters: flowid 294 _base_rtt=11685600 _base_bdp=146070 _bdp=146070 _min_cwnd=4150 _maxwnd=219105 _cwnd=219105
Initialize per-instance NSCC parameters: flowid 295 _base_rtt=11685600 _base_bdp=146070 _bdp=146070 _min_cwnd=4150 _maxwnd=219105 _cwnd=219105
Initialize per-instance NSCC parameters: flowid 296 _base_rtt=11685600 _base_bdp=146070 _bdp=146070 _min_cwnd=4150 _maxwnd=219105 _cwnd=219105
Initialize per-instance NSCC parameters: flowid 297 _base_rtt=11685600 _base_bdp=146070 _bdp=146070 _min_cwnd=4150 _maxwnd=219105 _cwnd=219105
Initialize per-instance NSCC parameters: flowid 298 _base_rtt=11685600 _base_bdp=146070 _bdp=146070 _min_cwnd=4150 _maxwnd=219105 _cwnd=219105
Initialize per-instance NSCC parameters: flowid 299 _base_rtt=11685600 _base_bdp=146070 _bdp=146070 _min_cwnd=4150 _maxwnd=219105 _cwnd=219105
Initialize per-instance NSCC parameters: flowid 300 _base_rtt=11685600 _base_bdp=146070 _bdp=146070 _min_cwnd=4150 _maxwnd=219105 _cwnd=219105
Initialize per-instance NSCC parameters: flowid 301 _base_rtt=11685600 _base_bdp=146070 _bdp=146070 _min_cwnd=4150 _maxwnd=219105 _cwnd=219105
Initialize per-instance NSCC parameters: flowid 302 _base_rtt=11685600 _base_bdp=146070 _bdp=146070 _min_cwnd=4150 _maxwnd=219105 _cwnd=219105
Initialize per-instance NSCC parameters: flowid 303 _base_rtt=11685600 _base_bdp=146070 _bdp=146070 _min_cwnd=4150 _maxwnd=219105 _cwnd=219105
Initialize per-instance NSCC parameters: flowid 304 _base_rtt=11685600 _base_bdp=146070 _bdp=146070 _min_cwnd=4150 _maxwnd=219105 _cwnd=219105
Initialize per-instance NSCC parameters: flowid 305 _base_rtt=11685600 _base_bdp=146070 _bdp=146070 _min_cwnd=4150 _maxwnd=219105 _cwnd=219105
Initialize per-instance NSCC parameters: flowid 306 _base_rtt=11685600 _base_bdp=146070 _bdp=146070 _min_cwnd=4150 _maxwnd=219105 _cwnd=219105
Initialize per-instance NSCC parameters: flowid 307 _base_rtt=11685600 _base_bdp=146070 _bdp=146070 _min_cwnd=4150 _maxwnd=219105 _cwnd=219105
Initialize per-instance NSCC parameters: flowid 308 _base_rtt=11685600 _base_bdp=146070 _bdp=146070 _min_cwnd=4150 _maxwnd=219105 _cwnd=219105
Initialize per-instance NSCC parameters: flowid 309 _base_rtt=11685600 _base_bdp=146070 _bdp=146070 _min_cwnd=4150 _maxwnd=219105 _cwnd=219105
Initialize per-instance NSCC parameters: flowid 310 _base_rtt=11685600 _base_bdp=146070 _bdp=146070 _min_cwnd=4150 _maxwnd=219105 _cwnd=219105
Initialize per-instance NSCC parameters: flowid 311 _base_rtt=11685600 _base_bdp=146070 _bdp=146070 _min_cwnd=4150 _maxwnd=219105 _cwnd=219105
Initialize per-instance NSCC parameters: flowid 312 _base_rtt=11685600 _base_bdp=146070 _bdp=146070 _min_cwnd=4150 _maxwnd=219105 _cwnd=219105
Initialize per-instance NSCC parameters: flowid 313 _base_rtt=11685600 _base_bdp=146070 _bdp=146070 _min_cwnd=4150 _maxwnd=219105 _cwnd=219105
Initialize per-instance NSCC parameters: flowid 314 _base_rtt=11685600 _base_bdp=146070 _bdp=146070 _min_cwnd=4150 _maxwnd=219105 _cwnd=219105
Initialize per-instance NSCC parameters: flowid 315 _base_rtt=11685600 _base_bdp=146070 _bdp=146070 _min_cwnd=4150 _maxwnd=219105 _cwnd=219105
Initialize per-instance NSCC parameters: flowid 316 _base_rtt=11685600 _base_bdp=146070 _bdp=146070 _min_cwnd=4150 _maxwnd=219105 _cwnd=219105
Initialize per-instance NSCC parameters: flowid 317 _base_rtt=11685600 _base_bdp=146070 _bdp=146070 _min_cwnd=4150 _maxwnd=219105 _cwnd=219105
Initialize per-instance NSCC parameters: flowid 318 _base_rtt=11685600 _base_bdp=146070 _bdp=146070 _min_cwnd=4150 _maxwnd=219105 _cwnd=219105
Initialize per-instance NSCC parameters: flowid 319 _base_rtt=11685600 _base_bdp=146070 _bdp=146070 _min_cwnd=4150 _maxwnd=219105 _cwnd=219105
Initialize per-instance NSCC parameters: flowid 320 _base_rtt=11685600 _base_bdp=146070 _bdp=146070 _min_cwnd=4150 _maxwnd=219105 _cwnd=219105
Initialize per-instance NSCC parameters: flowid 321 _base_rtt=11685600 _base_bdp=146070 _bdp=146070 _min_cwnd=4150 _maxwnd=219105 _cwnd=219105
Initialize per-instance NSCC parameters: flowid 322 _base_rtt=11685600 _base_bdp=146070 _bdp=146070 _min_cwnd=4150 _maxwnd=219105 _cwnd=219105
Initialize per-instance NSCC parameters: flowid 323 _base_rtt=11685600 _base_bdp=146070 _bdp=146070 _min_cwnd=4150 _maxwnd=219105 _cwnd=219105
Initialize per-instance NSCC parameters: flowid 324 _base_rtt=11685600 _base_bdp=146070 _bdp=146070 _min_cwnd=4150 _maxwnd=219105 _cwnd=219105
Initialize per-instance NSCC parameters: flowid 325 _base_rtt=11685600 _base_bdp=146070 _bdp=146070 _min_cwnd=4150 _maxwnd=219105 _cwnd=219105
Initialize per-instance NSCC parameters: flowid 326 _base_rtt=11685600 _base_bdp=146070 _bdp=146070 _min_cwnd=4150 _maxwnd=219105 _cwnd=219105
Initialize per-instance NSCC parameters: flowid 327 _base_rtt=11685600 _base_bdp=146070 _bdp=146070 _min_cwnd=4150 _maxwnd=219105 _cwnd=219105
Initialize per-instance NSCC parameters: flowid 328 _base_rtt=11685600 _base_bdp=146070 _bdp=146070 _min_cwnd=4150 _maxwnd=219105 _cwnd=219105
Initialize per-instance NSCC parameters: flowid 329 _base_rtt=11685600 _base_bdp=146070 _bdp=146070 _min_cwnd=4150 _maxwnd=219105 _cwnd=219105
Initialize per-instance NSCC parameters: flowid 330 _base_rtt=11685600 _base_bdp=146070 _bdp=146070 _min_cwnd=4150 _maxwnd=219105 _cwnd=219105
Initialize per-instance NSCC parameters: flowid 331 _base_rtt=11685600 _base_bdp=146070 _bdp=146070 _min_cwnd=4150 _maxwnd=219105 _cwnd=219105
Initialize per-instance NSCC parameters: flowid 332 _base_rtt=11685600 _base_bdp=146070 _bdp=146070 _min_cwnd=4150 _maxwnd=219105 _cwnd=219105
Initialize per-instance NSCC parameters: flowid 333 _base_rtt=11685600 _base_bdp=146070 _bdp=146070 _min_cwnd=4150 _maxwnd=219105 _cwnd=219105
Initialize per-instance NSCC parameters: flowid 334 _base_rtt=11685600 _base_bdp=146070 _bdp=146070 _min_cwnd=4150 _maxwnd=219105 _cwnd=219105
Initialize per-instance NSCC parameters: flowid 335 _base_rtt=11685600 _base_bdp=146070 _bdp=146070 _min_cwnd=4150 _maxwnd=219105 _cwnd=219105
Initialize per-instance NSCC parameters: flowid 336 _base_rtt=11685600 _base_bdp=146070 _bdp=146070 _min_cwnd=4150 _maxwnd=219105 _cwnd=219105
Initialize per-instance NSCC parameters: flowid 337 _base_rtt=11685600 _base_bdp=146070 _bdp=146070 _min_cwnd=4150 _maxwnd=219105 _cwnd=219105
Initialize per-instance NSCC parameters: flowid 338 _base_rtt=11685600 _base_bdp=146070 _bdp=146070 _min_cwnd=4150 _maxwnd=219105 _cwnd=219105
Initialize per-instance NSCC parameters: flowid 339 _base_rtt=11685600 _base_bdp=146070 _bdp=146070 _min_cwnd=4150 _maxwnd=219105 _cwnd=219105
Initialize per-instance NSCC parameters: flowid 340 _base_rtt=11685600 _base_bdp=146070 _bdp=146070 _min_cwnd=4150 _maxwnd=219105 _cwnd=219105
Initialize per-instance NSCC parameters: flowid 341 _base_rtt=11685600 _base_bdp=146070 _bdp=146070 _min_cwnd=4150 _maxwnd=219105 _cwnd=219105
Initialize per-instance NSCC parameters: flowid 342 _base_rtt=11685600 _base_bdp=146070 _bdp=146070 _min_cwnd=4150 _maxwnd=219105 _cwnd=219105
Initialize per-instance NSCC parameters: flowid 343 _base_rtt=11685600 _base_bdp=146070 _bdp=146070 _min_cwnd=4150 _maxwnd=219105 _cwnd=219105
Initialize per-instance NSCC parameters: flowid 344 _base_rtt=11685600 _base_bdp=146070 _bdp=146070 _min_cwnd=4150 _maxwnd=219105 _cwnd=219105
Initialize per-instance NSCC parameters: flowid 345 _base_rtt=11685600 _base_bdp=146070 _bdp=146070 _min_cwnd=4150 _maxwnd=219105 _cwnd=219105
Initialize per-instance NSCC parameters: flowid 346 _base_rtt=11685600 _base_bdp=146070 _bdp=146070 _min_cwnd=4150 _maxwnd=219105 _cwnd=219105
Initialize per-instance NSCC parameters: flowid 347 _base_rtt=11685600 _base_bdp=146070 _bdp=146070 _min_cwnd=4150 _maxwnd=219105 _cwnd=219105
Initialize per-instance NSCC parameters: flowid 348 _base_rtt=11685600 _base_bdp=146070 _bdp=146070 _min_cwnd=4150 _maxwnd=219105 _cwnd=219105
Initialize per-instance NSCC parameters: flowid 349 _base_rtt=11685600 _base_bdp=146070 _bdp=146070 _min_cwnd=4150 _maxwnd=219105 _cwnd=219105
Initialize per-instance NSCC parameters: flowid 350 _base_rtt=11685600 _base_bdp=146070 _bdp=146070 _min_cwnd=4150 _maxwnd=219105 _cwnd=219105
Initialize per-instance NSCC parameters: flowid 351 _base_rtt=11685600 _base_bdp=146070 _bdp=146070 _min_cwnd=4150 _maxwnd=219105 _cwnd=219105
Initialize per-instance NSCC parameters: flowid 352 _base_rtt=11685600 _base_bdp=146070 _bdp=146070 _min_cwnd=4150 _maxwnd=219105 _cwnd=219105
Initialize per-instance NSCC parameters: flowid 353 _base_rtt=11685600 _base_bdp=146070 _bdp=146070 _min_cwnd=4150 _maxwnd=219105 _cwnd=219105
Initialize per-instance NSCC parameters: flowid 354 _base_rtt=11685600 _base_bdp=146070 _bdp=146070 _min_cwnd=4150 _maxwnd=219105 _cwnd=219105
Initialize per-instance NSCC parameters: flowid 355 _base_rtt=11685600 _base_bdp=146070 _bdp=146070 _min_cwnd=4150 _maxwnd=219105 _cwnd=219105
Initialize per-instance NSCC parameters: flowid 356 _base_rtt=11685600 _base_bdp=146070 _bdp=146070 _min_cwnd=4150 _maxwnd=219105 _cwnd=219105
Initialize per-instance NSCC parameters: flowid 357 _base_rtt=11685600 _base_bdp=146070 _bdp=146070 _min_cwnd=4150 _maxwnd=219105 _cwnd=219105
Initialize per-instance NSCC parameters: flowid 358 _base_rtt=11685600 _base_bdp=146070 _bdp=146070 _min_cwnd=4150 _maxwnd=219105 _cwnd=219105
Initialize per-instance NSCC parameters: flowid 359 _base_rtt=11685600 _base_bdp=146070 _bdp=146070 _min_cwnd=4150 _maxwnd=219105 _cwnd=219105
Initialize per-instance NSCC parameters: flowid 360 _base_rtt=11685600 _base_bdp=146070 _bdp=146070 _min_cwnd=4150 _maxwnd=219105 _cwnd=219105
Initialize per-instance NSCC parameters: flowid 361 _base_rtt=11685600 _base_bdp=146070 _bdp=146070 _min_cwnd=4150 _maxwnd=219105 _cwnd=219105
Initialize per-instance NSCC parameters: flowid 362 _base_rtt=11685600 _base_bdp=146070 _bdp=146070 _min_cwnd=4150 _maxwnd=219105 _cwnd=219105
Initialize per-instance NSCC parameters: flowid 363 _base_rtt=11685600 _base_bdp=146070 _bdp=146070 _min_cwnd=4150 _maxwnd=219105 _cwnd=219105
Initialize per-instance NSCC parameters: flowid 364 _base_rtt=11685600 _base_bdp=146070 _bdp=146070 _min_cwnd=4150 _maxwnd=219105 _cwnd=219105
Initialize per-instance NSCC parameters: flowid 365 _base_rtt=11685600 _base_bdp=146070 _bdp=146070 _min_cwnd=4150 _maxwnd=219105 _cwnd=219105
Initialize per-instance NSCC parameters: flowid 366 _base_rtt=11685600 _base_bdp=146070 _bdp=146070 _min_cwnd=4150 _maxwnd=219105 _cwnd=219105
Initialize per-instance NSCC parameters: flowid 367 _base_rtt=11685600 _base_bdp=146070 _bdp=146070 _min_cwnd=4150 _maxwnd=219105 _cwnd=219105
Initialize per-instance NSCC parameters: flowid 368 _base_rtt=11685600 _base_bdp=146070 _bdp=146070 _min_cwnd=4150 _maxwnd=219105 _cwnd=219105
Initialize per-instance NSCC parameters: flowid 369 _base_rtt=11685600 _base_bdp=146070 _bdp=146070 _min_cwnd=4150 _maxwnd=219105 _cwnd=219105
Initialize per-instance NSCC parameters: flowid 370 _base_rtt=11685600 _base_bdp=146070 _bdp=146070 _min_cwnd=4150 _maxwnd=219105 _cwnd=219105
Initialize per-instance NSCC parameters: flowid 371 _base_rtt=11685600 _base_bdp=146070 _bdp=146070 _min_cwnd=4150 _maxwnd=219105 _cwnd=219105
Initialize per-instance NSCC parameters: flowid 372 _base_rtt=11685600 _base_bdp=146070 _bdp=146070 _min_cwnd=4150 _maxwnd=219105 _cwnd=219105
Initialize per-instance NSCC parameters: flowid 373 _base_rtt=11685600 _base_bdp=146070 _bdp=146070 _min_cwnd=4150 _maxwnd=219105 _cwnd=219105
Initialize per-instance NSCC parameters: flowid 374 _base_rtt=11685600 _base_bdp=146070 _bdp=146070 _min_cwnd=4150 _maxwnd=219105 _cwnd=219105
Initialize per-instance NSCC parameters: flowid 375 _base_rtt=11685600 _base_bdp=146070 _bdp=146070 _min_cwnd=4150 _maxwnd=219105 _cwnd=219105
Initialize per-instance NSCC parameters: flowid 376 _base_rtt=11685600 _base_bdp=146070 _bdp=146070 _min_cwnd=4150 _maxwnd=219105 _cwnd=219105
Initialize per-instance NSCC parameters: flowid 377 _base_rtt=11685600 _base_bdp=146070 _bdp=146070 _min_cwnd=4150 _maxwnd=219105 _cwnd=219105
Initialize per-instance NSCC parameters: flowid 378 _base_rtt=11685600 _base_bdp=146070 _bdp=146070 _min_cwnd=4150 _maxwnd=219105 _cwnd=219105
Initialize per-instance NSCC parameters: flowid 379 _base_rtt=11685600 _base_bdp=146070 _bdp=146070 _min_cwnd=4150 _maxwnd=219105 _cwnd=219105
Initialize per-instance NSCC parameters: flowid 380 _base_rtt=11685600 _base_bdp=146070 _bdp=146070 _min_cwnd=4150 _maxwnd=219105 _cwnd=219105
Initialize per-instance NSCC parameters: flowid 381 _base_rtt=11685600 _base_bdp=146070 _bdp=146070 _min_cwnd=4150 _maxwnd=219105 _cwnd=219105
Initialize per-instance NSCC parameters: flowid 382 _base_rtt=11685600 _base_bdp=146070 _bdp=146070 _min_cwnd=4150 _maxwnd=219105 _cwnd=219105
Initialize per-instance NSCC parameters: flowid 383 _base_rtt=11685600 _base_bdp=146070 _bdp=146070 _min_cwnd=4150 _maxwnd=219105 _cwnd=219105
Initialize per-instance NSCC parameters: flowid 384 _base_rtt=11685600 _base_bdp=146070 _bdp=146070 _min_cwnd=4150 _maxwnd=219105 _cwnd=219105
Initialize per-instance NSCC parameters: flowid 385 _base_rtt=11685600 _base_bdp=146070 _bdp=146070 _min_cwnd=4150 _maxwnd=219105 _cwnd=219105
Initialize per-instance NSCC parameters: flowid 386 _base_rtt=11685600 _base_bdp=146070 _bdp=146070 _min_cwnd=4150 _maxwnd=219105 _cwnd=219105
Initialize per-instance NSCC parameters: flowid 387 _base_rtt=11685600 _base_bdp=146070 _bdp=146070 _min_cwnd=4150 _maxwnd=219105 _cwnd=219105
Initialize per-instance NSCC parameters: flowid 388 _base_rtt=11685600 _base_bdp=146070 _bdp=146070 _min_cwnd=4150 _maxwnd=219105 _cwnd=219105
Initialize per-instance NSCC parameters: flowid 389 _base_rtt=11685600 _base_bdp=146070 _bdp=146070 _min_cwnd=4150 _maxwnd=219105 _cwnd=219105
Initialize per-instance NSCC parameters: flowid 390 _base_rtt=11685600 _base_bdp=146070 _bdp=146070 _min_cwnd=4150 _maxwnd=219105 _cwnd=219105
Initialize per-instance NSCC parameters: flowid 391 _base_rtt=11685600 _base_bdp=146070 _bdp=146070 _min_cwnd=4150 _maxwnd=219105 _cwnd=219105
Initialize per-instance NSCC parameters: flowid 392 _base_rtt=11685600 _base_bdp=146070 _bdp=146070 _min_cwnd=4150 _maxwnd=219105 _cwnd=219105
Initialize per-instance NSCC parameters: flowid 393 _base_rtt=11685600 _base_bdp=146070 _bdp=146070 _min_cwnd=4150 _maxwnd=219105 _cwnd=219105
Initialize per-instance NSCC parameters: flowid 394 _base_rtt=11685600 _base_bdp=146070 _bdp=146070 _min_cwnd=4150 _maxwnd=219105 _cwnd=219105
Initialize per-instance NSCC parameters: flowid 395 _base_rtt=11685600 _base_bdp=146070 _bdp=146070 _min_cwnd=4150 _maxwnd=219105 _cwnd=219105
Initialize per-instance NSCC parameters: flowid 396 _base_rtt=11685600 _base_bdp=146070 _bdp=146070 _min_cwnd=4150 _maxwnd=219105 _cwnd=219105
Initialize per-instance NSCC parameters: flowid 397 _base_rtt=11685600 _base_bdp=146070 _bdp=146070 _min_cwnd=4150 _maxwnd=219105 _cwnd=219105
Initialize per-instance NSCC parameters: flowid 398 _base_rtt=11685600 _base_bdp=146070 _bdp=146070 _min_cwnd=4150 _maxwnd=219105 _cwnd=219105
Initialize per-instance NSCC parameters: flowid 399 _base_rtt=11685600 _base_bdp=146070 _bdp=146070 _min_cwnd=4150 _maxwnd=219105 _cwnd=219105
Initialize per-instance NSCC parameters: flowid 400 _base_rtt=11685600 _base_bdp=146070 _bdp=146070 _min_cwnd=4150 _maxwnd=219105 _cwnd=219105
Initialize per-instance NSCC parameters: flowid 401 _base_rtt=11685600 _base_bdp=146070 _bdp=146070 _min_cwnd=4150 _maxwnd=219105 _cwnd=219105
Initialize per-instance NSCC parameters: flowid 402 _base_rtt=11685600 _base_bdp=146070 _bdp=146070 _min_cwnd=4150 _maxwnd=219105 _cwnd=219105
Initialize per-instance NSCC parameters: flowid 403 _base_rtt=11685600 _base_bdp=146070 _bdp=146070 _min_cwnd=4150 _maxwnd=219105 _cwnd=219105
Initialize per-instance NSCC parameters: flowid 404 _base_rtt=11685600 _base_bdp=146070 _bdp=146070 _min_cwnd=4150 _maxwnd=219105 _cwnd=219105
Initialize per-instance NSCC parameters: flowid 405 _base_rtt=11685600 _base_bdp=146070 _bdp=146070 _min_cwnd=4150 _maxwnd=219105 _cwnd=219105
Initialize per-instance NSCC parameters: flowid 406 _base_rtt=11685600 _base_bdp=146070 _bdp=146070 _min_cwnd=4150 _maxwnd=219105 _cwnd=219105
Initialize per-instance NSCC parameters: flowid 407 _base_rtt=11685600 _base_bdp=146070 _bdp=146070 _min_cwnd=4150 _maxwnd=219105 _cwnd=219105
Initialize per-instance NSCC parameters: flowid 408 _base_rtt=11685600 _base_bdp=146070 _bdp=146070 _min_cwnd=4150 _maxwnd=219105 _cwnd=219105
Initialize per-instance NSCC parameters: flowid 409 _base_rtt=11685600 _base_bdp=146070 _bdp=146070 _min_cwnd=4150 _maxwnd=219105 _cwnd=219105
Initialize per-instance NSCC parameters: flowid 410 _base_rtt=11685600 _base_bdp=146070 _bdp=146070 _min_cwnd=4150 _maxwnd=219105 _cwnd=219105
Initialize per-instance NSCC parameters: flowid 411 _base_rtt=11685600 _base_bdp=146070 _bdp=146070 _min_cwnd=4150 _maxwnd=219105 _cwnd=219105
Initialize per-instance NSCC parameters: flowid 412 _base_rtt=11685600 _base_bdp=146070 _bdp=146070 _min_cwnd=4150 _maxwnd=219105 _cwnd=219105
Initialize per-instance NSCC parameters: flowid 413 _base_rtt=11685600 _base_bdp=146070 _bdp=146070 _min_cwnd=4150 _maxwnd=219105 _cwnd=219105
Initialize per-instance NSCC parameters: flowid 414 _base_rtt=11685600 _base_bdp=146070 _bdp=146070 _min_cwnd=4150 _maxwnd=219105 _cwnd=219105
Initialize per-instance NSCC parameters: flowid 415 _base_rtt=11685600 _base_bdp=146070 _bdp=146070 _min_cwnd=4150 _maxwnd=219105 _cwnd=219105
Initialize per-instance NSCC parameters: flowid 416 _base_rtt=11685600 _base_bdp=146070 _bdp=146070 _min_cwnd=4150 _maxwnd=219105 _cwnd=219105
Initialize per-instance NSCC parameters: flowid 417 _base_rtt=11685600 _base_bdp=146070 _bdp=146070 _min_cwnd=4150 _maxwnd=219105 _cwnd=219105
Initialize per-instance NSCC parameters: flowid 418 _base_rtt=11685600 _base_bdp=146070 _bdp=146070 _min_cwnd=4150 _maxwnd=219105 _cwnd=219105
Initialize per-instance NSCC parameters: flowid 419 _base_rtt=11685600 _base_bdp=146070 _bdp=146070 _min_cwnd=4150 _maxwnd=219105 _cwnd=219105
Initialize per-instance NSCC parameters: flowid 420 _base_rtt=11685600 _base_bdp=146070 _bdp=146070 _min_cwnd=4150 _maxwnd=219105 _cwnd=219105
Initialize per-instance NSCC parameters: flowid 421 _base_rtt=11685600 _base_bdp=146070 _bdp=146070 _min_cwnd=4150 _maxwnd=219105 _cwnd=219105
Initialize per-instance NSCC parameters: flowid 422 _base_rtt=11685600 _base_bdp=146070 _bdp=146070 _min_cwnd=4150 _maxwnd=219105 _cwnd=219105
Initialize per-instance NSCC parameters: flowid 423 _base_rtt=11685600 _base_bdp=146070 _bdp=146070 _min_cwnd=4150 _maxwnd=219105 _cwnd=219105
Initialize per-instance NSCC parameters: flowid 424 _base_rtt=11685600 _base_bdp=146070 _bdp=146070 _min_cwnd=4150 _maxwnd=219105 _cwnd=219105
Initialize per-instance NSCC parameters: flowid 425 _base_rtt=11685600 _base_bdp=146070 _bdp=146070 _min_cwnd=4150 _maxwnd=219105 _cwnd=219105
Initialize per-instance NSCC parameters: flowid 426 _base_rtt=11685600 _base_bdp=146070 _bdp=146070 _min_cwnd=4150 _maxwnd=219105 _cwnd=219105
Initialize per-instance NSCC parameters: flowid 427 _base_rtt=11685600 _base_bdp=146070 _bdp=146070 _min_cwnd=4150 _maxwnd=219105 _cwnd=219105
Initialize per-instance NSCC parameters: flowid 428 _base_rtt=11685600 _base_bdp=146070 _bdp=146070 _min_cwnd=4150 _maxwnd=219105 _cwnd=219105
Initialize per-instance NSCC parameters: flowid 429 _base_rtt=11685600 _base_bdp=146070 _bdp=146070 _min_cwnd=4150 _maxwnd=219105 _cwnd=219105
Initialize per-instance NSCC parameters: flowid 430 _base_rtt=11685600 _base_bdp=146070 _bdp=146070 _min_cwnd=4150 _maxwnd=219105 _cwnd=219105
Initialize per-instance NSCC parameters: flowid 431 _base_rtt=11685600 _base_bdp=146070 _bdp=146070 _min_cwnd=4150 _maxwnd=219105 _cwnd=219105
Initialize per-instance NSCC parameters: flowid 432 _base_rtt=11685600 _base_bdp=146070 _bdp=146070 _min_cwnd=4150 _maxwnd=219105 _cwnd=219105
Initialize per-instance NSCC parameters: flowid 433 _base_rtt=11685600 _base_bdp=146070 _bdp=146070 _min_cwnd=4150 _maxwnd=219105 _cwnd=219105
Initialize per-instance NSCC parameters: flowid 434 _base_rtt=11685600 _base_bdp=146070 _bdp=146070 _min_cwnd=4150 _maxwnd=219105 _cwnd=219105
Initialize per-instance NSCC parameters: flowid 435 _base_rtt=11685600 _base_bdp=146070 _bdp=146070 _min_cwnd=4150 _maxwnd=219105 _cwnd=219105
Initialize per-instance NSCC parameters: flowid 436 _base_rtt=11685600 _base_bdp=146070 _bdp=146070 _min_cwnd=4150 _maxwnd=219105 _cwnd=219105
Initialize per-instance NSCC parameters: flowid 437 _base_rtt=11685600 _base_bdp=146070 _bdp=146070 _min_cwnd=4150 _maxwnd=219105 _cwnd=219105
Initialize per-instance NSCC parameters: flowid 438 _base_rtt=11685600 _base_bdp=146070 _bdp=146070 _min_cwnd=4150 _maxwnd=219105 _cwnd=219105
Initialize per-instance NSCC parameters: flowid 439 _base_rtt=11685600 _base_bdp=146070 _bdp=146070 _min_cwnd=4150 _maxwnd=219105 _cwnd=219105
Initialize per-instance NSCC parameters: flowid 440 _base_rtt=11685600 _base_bdp=146070 _bdp=146070 _min_cwnd=4150 _maxwnd=219105 _cwnd=219105
Initialize per-instance NSCC parameters: flowid 441 _base_rtt=11685600 _base_bdp=146070 _bdp=146070 _min_cwnd=4150 _maxwnd=219105 _cwnd=219105
Initialize per-instance NSCC parameters: flowid 442 _base_rtt=11685600 _base_bdp=146070 _bdp=146070 _min_cwnd=4150 _maxwnd=219105 _cwnd=219105
Initialize per-instance NSCC parameters: flowid 443 _base_rtt=11685600 _base_bdp=146070 _bdp=146070 _min_cwnd=4150 _maxwnd=219105 _cwnd=219105
Initialize per-instance NSCC parameters: flowid 444 _base_rtt=11685600 _base_bdp=146070 _bdp=146070 _min_cwnd=4150 _maxwnd=219105 _cwnd=219105
Initialize per-instance NSCC parameters: flowid 445 _base_rtt=11685600 _base_bdp=146070 _bdp=146070 _min_cwnd=4150 _maxwnd=219105 _cwnd=219105
Initialize per-instance NSCC parameters: flowid 446 _base_rtt=11685600 _base_bdp=146070 _bdp=146070 _min_cwnd=4150 _maxwnd=219105 _cwnd=219105
Initialize per-instance NSCC parameters: flowid 447 _base_rtt=11685600 _base_bdp=146070 _bdp=146070 _min_cwnd=4150 _maxwnd=219105 _cwnd=219105
Initialize per-instance NSCC parameters: flowid 448 _base_rtt=11685600 _base_bdp=146070 _bdp=146070 _min_cwnd=4150 _maxwnd=219105 _cwnd=219105
Initialize per-instance NSCC parameters: flowid 449 _base_rtt=11685600 _base_bdp=146070 _bdp=146070 _min_cwnd=4150 _maxwnd=219105 _cwnd=219105
Initialize per-instance NSCC parameters: flowid 450 _base_rtt=11685600 _base_bdp=146070 _bdp=146070 _min_cwnd=4150 _maxwnd=219105 _cwnd=219105
Initialize per-instance NSCC parameters: flowid 451 _base_rtt=11685600 _base_bdp=146070 _bdp=146070 _min_cwnd=4150 _maxwnd=219105 _cwnd=219105
Initialize per-instance NSCC parameters: flowid 452 _base_rtt=11685600 _base_bdp=146070 _bdp=146070 _min_cwnd=4150 _maxwnd=219105 _cwnd=219105
Initialize per-instance NSCC parameters: flowid 453 _base_rtt=11685600 _base_bdp=146070 _bdp=146070 _min_cwnd=4150 _maxwnd=219105 _cwnd=219105
Initialize per-instance NSCC parameters: flowid 454 _base_rtt=11685600 _base_bdp=146070 _bdp=146070 _min_cwnd=4150 _maxwnd=219105 _cwnd=219105
Initialize per-instance NSCC parameters: flowid 455 _base_rtt=11685600 _base_bdp=146070 _bdp=146070 _min_cwnd=4150 _maxwnd=219105 _cwnd=219105
Initialize per-instance NSCC parameters: flowid 456 _base_rtt=11685600 _base_bdp=146070 _bdp=146070 _min_cwnd=4150 _maxwnd=219105 _cwnd=219105
Initialize per-instance NSCC parameters: flowid 457 _base_rtt=11685600 _base_bdp=146070 _bdp=146070 _min_cwnd=4150 _maxwnd=219105 _cwnd=219105
Initialize per-instance NSCC parameters: flowid 458 _base_rtt=11685600 _base_bdp=146070 _bdp=146070 _min_cwnd=4150 _maxwnd=219105 _cwnd=219105
Initialize per-instance NSCC parameters: flowid 459 _base_rtt=11685600 _base_bdp=146070 _bdp=146070 _min_cwnd=4150 _maxwnd=219105 _cwnd=219105
Initialize per-instance NSCC parameters: flowid 460 _base_rtt=11685600 _base_bdp=146070 _bdp=146070 _min_cwnd=4150 _maxwnd=219105 _cwnd=219105
Initialize per-instance NSCC parameters: flowid 461 _base_rtt=11685600 _base_bdp=146070 _bdp=146070 _min_cwnd=4150 _maxwnd=219105 _cwnd=219105
Initialize per-instance NSCC parameters: flowid 462 _base_rtt=11685600 _base_bdp=146070 _bdp=146070 _min_cwnd=4150 _maxwnd=219105 _cwnd=219105
Initialize per-instance NSCC parameters: flowid 463 _base_rtt=11685600 _base_bdp=146070 _bdp=146070 _min_cwnd=4150 _maxwnd=219105 _cwnd=219105
Initialize per-instance NSCC parameters: flowid 464 _base_rtt=11685600 _base_bdp=146070 _bdp=146070 _min_cwnd=4150 _maxwnd=219105 _cwnd=219105
Initialize per-instance NSCC parameters: flowid 465 _base_rtt=11685600 _base_bdp=146070 _bdp=146070 _min_cwnd=4150 _maxwnd=219105 _cwnd=219105
Initialize per-instance NSCC parameters: flowid 466 _base_rtt=11685600 _base_bdp=146070 _bdp=146070 _min_cwnd=4150 _maxwnd=219105 _cwnd=219105
Initialize per-instance NSCC parameters: flowid 467 _base_rtt=11685600 _base_bdp=146070 _bdp=146070 _min_cwnd=4150 _maxwnd=219105 _cwnd=219105
Initialize per-instance NSCC parameters: flowid 468 _base_rtt=11685600 _base_bdp=146070 _bdp=146070 _min_cwnd=4150 _maxwnd=219105 _cwnd=219105
Initialize per-instance NSCC parameters: flowid 469 _base_rtt=11685600 _base_bdp=146070 _bdp=146070 _min_cwnd=4150 _maxwnd=219105 _cwnd=219105
Initialize per-instance NSCC parameters: flowid 470 _base_rtt=11685600 _base_bdp=146070 _bdp=146070 _min_cwnd=4150 _maxwnd=219105 _cwnd=219105
Initialize per-instance NSCC parameters: flowid 471 _base_rtt=11685600 _base_bdp=146070 _bdp=146070 _min_cwnd=4150 _maxwnd=219105 _cwnd=219105
Initialize per-instance NSCC parameters: flowid 472 _base_rtt=11685600 _base_bdp=146070 _bdp=146070 _min_cwnd=4150 _maxwnd=219105 _cwnd=219105
Initialize per-instance NSCC parameters: flowid 473 _base_rtt=11685600 _base_bdp=146070 _bdp=146070 _min_cwnd=4150 _maxwnd=219105 _cwnd=219105
Initialize per-instance NSCC parameters: flowid 474 _base_rtt=11685600 _base_bdp=146070 _bdp=146070 _min_cwnd=4150 _maxwnd=219105 _cwnd=219105
Initialize per-instance NSCC parameters: flowid 475 _base_rtt=11685600 _base_bdp=146070 _bdp=146070 _min_cwnd=4150 _maxwnd=219105 _cwnd=219105
Initialize per-instance NSCC parameters: flowid 476 _base_rtt=11685600 _base_bdp=146070 _bdp=146070 _min_cwnd=4150 _maxwnd=219105 _cwnd=219105
Initialize per-instance NSCC parameters: flowid 477 _base_rtt=11685600 _base_bdp=146070 _bdp=146070 _min_cwnd=4150 _maxwnd=219105 _cwnd=219105
Initialize per-instance NSCC parameters: flowid 478 _base_rtt=11685600 _base_bdp=146070 _bdp=146070 _min_cwnd=4150 _maxwnd=219105 _cwnd=219105
Initialize per-instance NSCC parameters: flowid 479 _base_rtt=11685600 _base_bdp=146070 _bdp=146070 _min_cwnd=4150 _maxwnd=219105 _cwnd=219105
Initialize per-instance NSCC parameters: flowid 480 _base_rtt=11685600 _base_bdp=146070 _bdp=146070 _min_cwnd=4150 _maxwnd=219105 _cwnd=219105
Initialize per-instance NSCC parameters: flowid 481 _base_rtt=11685600 _base_bdp=146070 _bdp=146070 _min_cwnd=4150 _maxwnd=219105 _cwnd=219105
Initialize per-instance NSCC parameters: flowid 482 _base_rtt=11685600 _base_bdp=146070 _bdp=146070 _min_cwnd=4150 _maxwnd=219105 _cwnd=219105
Initialize per-instance NSCC parameters: flowid 483 _base_rtt=11685600 _base_bdp=146070 _bdp=146070 _min_cwnd=4150 _maxwnd=219105 _cwnd=219105
Initialize per-instance NSCC parameters: flowid 484 _base_rtt=11685600 _base_bdp=146070 _bdp=146070 _min_cwnd=4150 _maxwnd=219105 _cwnd=219105
Initialize per-instance NSCC parameters: flowid 485 _base_rtt=11685600 _base_bdp=146070 _bdp=146070 _min_cwnd=4150 _maxwnd=219105 _cwnd=219105
Initialize per-instance NSCC parameters: flowid 486 _base_rtt=11685600 _base_bdp=146070 _bdp=146070 _min_cwnd=4150 _maxwnd=219105 _cwnd=219105
Initialize per-instance NSCC parameters: flowid 487 _base_rtt=11685600 _base_bdp=146070 _bdp=146070 _min_cwnd=4150 _maxwnd=219105 _cwnd=219105
Initialize per-instance NSCC parameters: flowid 488 _base_rtt=11685600 _base_bdp=146070 _bdp=146070 _min_cwnd=4150 _maxwnd=219105 _cwnd=219105
Initialize per-instance NSCC parameters: flowid 489 _base_rtt=11685600 _base_bdp=146070 _bdp=146070 _min_cwnd=4150 _maxwnd=219105 _cwnd=219105
Initialize per-instance NSCC parameters: flowid 490 _base_rtt=11685600 _base_bdp=146070 _bdp=146070 _min_cwnd=4150 _maxwnd=219105 _cwnd=219105
Initialize per-instance NSCC parameters: flowid 491 _base_rtt=11685600 _base_bdp=146070 _bdp=146070 _min_cwnd=4150 _maxwnd=219105 _cwnd=219105
Initialize per-instance NSCC parameters: flowid 492 _base_rtt=11685600 _base_bdp=146070 _bdp=146070 _min_cwnd=4150 _maxwnd=219105 _cwnd=219105
Initialize per-instance NSCC parameters: flowid 493 _base_rtt=11685600 _base_bdp=146070 _bdp=146070 _min_cwnd=4150 _maxwnd=219105 _cwnd=219105
Initialize per-instance NSCC parameters: flowid 494 _base_rtt=11685600 _base_bdp=146070 _bdp=146070 _min_cwnd=4150 _maxwnd=219105 _cwnd=219105
Initialize per-instance NSCC parameters: flowid 495 _base_rtt=11685600 _base_bdp=146070 _bdp=146070 _min_cwnd=4150 _maxwnd=219105 _cwnd=219105
Initialize per-instance NSCC parameters: flowid 496 _base_rtt=11685600 _base_bdp=146070 _bdp=146070 _min_cwnd=4150 _maxwnd=219105 _cwnd=219105
Initialize per-instance NSCC parameters: flowid 497 _base_rtt=11685600 _base_bdp=146070 _bdp=146070 _min_cwnd=4150 _maxwnd=219105 _cwnd=219105
Initialize per-instance NSCC parameters: flowid 498 _base_rtt=11685600 _base_bdp=146070 _bdp=146070 _min_cwnd=4150 _maxwnd=219105 _cwnd=219105
Initialize per-instance NSCC parameters: flowid 499 _base_rtt=11685600 _base_bdp=146070 _bdp=146070 _min_cwnd=4150 _maxwnd=219105 _cwnd=219105
Initialize per-instance NSCC parameters: flowid 500 _base_rtt=11685600 _base_bdp=146070 _bdp=146070 _min_cwnd=4150 _maxwnd=219105 _cwnd=219105
Initialize per-instance NSCC parameters: flowid 501 _base_rtt=11685600 _base_bdp=146070 _bdp=146070 _min_cwnd=4150 _maxwnd=219105 _cwnd=219105
Initialize per-instance NSCC parameters: flowid 502 _base_rtt=11685600 _base_bdp=146070 _bdp=146070 _min_cwnd=4150 _maxwnd=219105 _cwnd=219105
Initialize per-instance NSCC parameters: flowid 503 _base_rtt=11685600 _base_bdp=146070 _bdp=146070 _min_cwnd=4150 _maxwnd=219105 _cwnd=219105
Initialize per-instance NSCC parameters: flowid 504 _base_rtt=11685600 _base_bdp=146070 _bdp=146070 _min_cwnd=4150 _maxwnd=219105 _cwnd=219105
Initialize per-instance NSCC parameters: flowid 505 _base_rtt=11685600 _base_bdp=146070 _bdp=146070 _min_cwnd=4150 _maxwnd=219105 _cwnd=219105
Initialize per-instance NSCC parameters: flowid 506 _base_rtt=11685600 _base_bdp=146070 _bdp=146070 _min_cwnd=4150 _maxwnd=219105 _cwnd=219105
Initialize per-instance NSCC parameters: flowid 507 _base_rtt=11685600 _base_bdp=146070 _bdp=146070 _min_cwnd=4150 _maxwnd=219105 _cwnd=219105
Initialize per-instance NSCC parameters: flowid 508 _base_rtt=11685600 _base_bdp=146070 _bdp=146070 _min_cwnd=4150 _maxwnd=219105 _cwnd=219105
Initialize per-instance NSCC parameters: flowid 509 _base_rtt=11685600 _base_bdp=146070 _bdp=146070 _min_cwnd=4150 _maxwnd=219105 _cwnd=219105
Initialize per-instance NSCC parameters: flowid 510 _base_rtt=11685600 _base_bdp=146070 _bdp=146070 _min_cwnd=4150 _maxwnd=219105 _cwnd=219105
Initialize per-instance NSCC parameters: flowid 511 _base_rtt=11685600 _base_bdp=146070 _bdp=146070 _min_cwnd=4150 _maxwnd=219105 _cwnd=219105
Initialize per-instance NSCC parameters: flowid 512 _base_rtt=11685600 _base_bdp=146070 _bdp=146070 _min_cwnd=4150 _maxwnd=219105 _cwnd=219105
Initialize per-instance NSCC parameters: flowid 513 _base_rtt=11685600 _base_bdp=146070 _bdp=146070 _min_cwnd=4150 _maxwnd=219105 _cwnd=219105
Initialize per-instance NSCC parameters: flowid 514 _base_rtt=11685600 _base_bdp=146070 _bdp=146070 _min_cwnd=4150 _maxwnd=219105 _cwnd=219105
Initialize per-instance NSCC parameters: flowid 515 _base_rtt=11685600 _base_bdp=146070 _bdp=146070 _min_cwnd=4150 _maxwnd=219105 _cwnd=219105
Initialize per-instance NSCC parameters: flowid 516 _base_rtt=11685600 _base_bdp=146070 _bdp=146070 _min_cwnd=4150 _maxwnd=219105 _cwnd=219105
Initialize per-instance NSCC parameters: flowid 517 _base_rtt=11685600 _base_bdp=146070 _bdp=146070 _min_cwnd=4150 _maxwnd=219105 _cwnd=219105
Initialize per-instance NSCC parameters: flowid 518 _base_rtt=11685600 _base_bdp=146070 _bdp=146070 _min_cwnd=4150 _maxwnd=219105 _cwnd=219105
Initialize per-instance NSCC parameters: flowid 519 _base_rtt=11685600 _base_bdp=146070 _bdp=146070 _min_cwnd=4150 _maxwnd=219105 _cwnd=219105
Initialize per-instance NSCC parameters: flowid 520 _base_rtt=11685600 _base_bdp=146070 _bdp=146070 _min_cwnd=4150 _maxwnd=219105 _cwnd=219105
Initialize per-instance NSCC parameters: flowid 521 _base_rtt=11685600 _base_bdp=146070 _bdp=146070 _min_cwnd=4150 _maxwnd=219105 _cwnd=219105
Initialize per-instance NSCC parameters: flowid 522 _base_rtt=11685600 _base_bdp=146070 _bdp=146070 _min_cwnd=4150 _maxwnd=219105 _cwnd=219105
Initialize per-instance NSCC parameters: flowid 523 _base_rtt=11685600 _base_bdp=146070 _bdp=146070 _min_cwnd=4150 _maxwnd=219105 _cwnd=219105
Initialize per-instance NSCC parameters: flowid 524 _base_rtt=11685600 _base_bdp=146070 _bdp=146070 _min_cwnd=4150 _maxwnd=219105 _cwnd=219105
Initialize per-instance NSCC parameters: flowid 525 _base_rtt=11685600 _base_bdp=146070 _bdp=146070 _min_cwnd=4150 _maxwnd=219105 _cwnd=219105
Initialize per-instance NSCC parameters: flowid 526 _base_rtt=11685600 _base_bdp=146070 _bdp=146070 _min_cwnd=4150 _maxwnd=219105 _cwnd=219105
Initialize per-instance NSCC parameters: flowid 527 _base_rtt=11685600 _base_bdp=146070 _bdp=146070 _min_cwnd=4150 _maxwnd=219105 _cwnd=219105
Initialize per-instance NSCC parameters: flowid 528 _base_rtt=11685600 _base_bdp=146070 _bdp=146070 _min_cwnd=4150 _maxwnd=219105 _cwnd=219105
Initialize per-instance NSCC parameters: flowid 529 _base_rtt=11685600 _base_bdp=146070 _bdp=146070 _min_cwnd=4150 _maxwnd=219105 _cwnd=219105
Initialize per-instance NSCC parameters: flowid 530 _base_rtt=11685600 _base_bdp=146070 _bdp=146070 _min_cwnd=4150 _maxwnd=219105 _cwnd=219105
Initialize per-instance NSCC parameters: flowid 531 _base_rtt=11685600 _base_bdp=146070 _bdp=146070 _min_cwnd=4150 _maxwnd=219105 _cwnd=219105
Initialize per-instance NSCC parameters: flowid 532 _base_rtt=11685600 _base_bdp=146070 _bdp=146070 _min_cwnd=4150 _maxwnd=219105 _cwnd=219105
Initialize per-instance NSCC parameters: flowid 533 _base_rtt=11685600 _base_bdp=146070 _bdp=146070 _min_cwnd=4150 _maxwnd=219105 _cwnd=219105
Initialize per-instance NSCC parameters: flowid 534 _base_rtt=11685600 _base_bdp=146070 _bdp=146070 _min_cwnd=4150 _maxwnd=219105 _cwnd=219105
Initialize per-instance NSCC parameters: flowid 535 _base_rtt=11685600 _base_bdp=146070 _bdp=146070 _min_cwnd=4150 _maxwnd=219105 _cwnd=219105
Initialize per-instance NSCC parameters: flowid 536 _base_rtt=11685600 _base_bdp=146070 _bdp=146070 _min_cwnd=4150 _maxwnd=219105 _cwnd=219105
Initialize per-instance NSCC parameters: flowid 537 _base_rtt=11685600 _base_bdp=146070 _bdp=146070 _min_cwnd=4150 _maxwnd=219105 _cwnd=219105
Initialize per-instance NSCC parameters: flowid 538 _base_rtt=11685600 _base_bdp=146070 _bdp=146070 _min_cwnd=4150 _maxwnd=219105 _cwnd=219105
Initialize per-instance NSCC parameters: flowid 539 _base_rtt=11685600 _base_bdp=146070 _bdp=146070 _min_cwnd=4150 _maxwnd=219105 _cwnd=219105
Initialize per-instance NSCC parameters: flowid 540 _base_rtt=11685600 _base_bdp=146070 _bdp=146070 _min_cwnd=4150 _maxwnd=219105 _cwnd=219105
Initialize per-instance NSCC parameters: flowid 541 _base_rtt=11685600 _base_bdp=146070 _bdp=146070 _min_cwnd=4150 _maxwnd=219105 _cwnd=219105
Initialize per-instance NSCC parameters: flowid 542 _base_rtt=11685600 _base_bdp=146070 _bdp=146070 _min_cwnd=4150 _maxwnd=219105 _cwnd=219105
Initialize per-instance NSCC parameters: flowid 543 _base_rtt=11685600 _base_bdp=146070 _bdp=146070 _min_cwnd=4150 _maxwnd=219105 _cwnd=219105
Initialize per-instance NSCC parameters: flowid 544 _base_rtt=11685600 _base_bdp=146070 _bdp=146070 _min_cwnd=4150 _maxwnd=219105 _cwnd=219105
Initialize per-instance NSCC parameters: flowid 545 _base_rtt=11685600 _base_bdp=146070 _bdp=146070 _min_cwnd=4150 _maxwnd=219105 _cwnd=219105
Initialize per-instance NSCC parameters: flowid 546 _base_rtt=11685600 _base_bdp=146070 _bdp=146070 _min_cwnd=4150 _maxwnd=219105 _cwnd=219105
Initialize per-instance NSCC parameters: flowid 547 _base_rtt=11685600 _base_bdp=146070 _bdp=146070 _min_cwnd=4150 _maxwnd=219105 _cwnd=219105
Initialize per-instance NSCC parameters: flowid 548 _base_rtt=11685600 _base_bdp=146070 _bdp=146070 _min_cwnd=4150 _maxwnd=219105 _cwnd=219105
Initialize per-instance NSCC parameters: flowid 549 _base_rtt=11685600 _base_bdp=146070 _bdp=146070 _min_cwnd=4150 _maxwnd=219105 _cwnd=219105
Initialize per-instance NSCC parameters: flowid 550 _base_rtt=11685600 _base_bdp=146070 _bdp=146070 _min_cwnd=4150 _maxwnd=219105 _cwnd=219105
Initialize per-instance NSCC parameters: flowid 551 _base_rtt=11685600 _base_bdp=146070 _bdp=146070 _min_cwnd=4150 _maxwnd=219105 _cwnd=219105
Initialize per-instance NSCC parameters: flowid 552 _base_rtt=11685600 _base_bdp=146070 _bdp=146070 _min_cwnd=4150 _maxwnd=219105 _cwnd=219105
Initialize per-instance NSCC parameters: flowid 553 _base_rtt=11685600 _base_bdp=146070 _bdp=146070 _min_cwnd=4150 _maxwnd=219105 _cwnd=219105
Initialize per-instance NSCC parameters: flowid 554 _base_rtt=11685600 _base_bdp=146070 _bdp=146070 _min_cwnd=4150 _maxwnd=219105 _cwnd=219105
Initialize per-instance NSCC parameters: flowid 555 _base_rtt=11685600 _base_bdp=146070 _bdp=146070 _min_cwnd=4150 _maxwnd=219105 _cwnd=219105
Initialize per-instance NSCC parameters: flowid 556 _base_rtt=11685600 _base_bdp=146070 _bdp=146070 _min_cwnd=4150 _maxwnd=219105 _cwnd=219105
Initialize per-instance NSCC parameters: flowid 557 _base_rtt=11685600 _base_bdp=146070 _bdp=146070 _min_cwnd=4150 _maxwnd=219105 _cwnd=219105
Initialize per-instance NSCC parameters: flowid 558 _base_rtt=11685600 _base_bdp=146070 _bdp=146070 _min_cwnd=4150 _maxwnd=219105 _cwnd=219105
Initialize per-instance NSCC parameters: flowid 559 _base_rtt=11685600 _base_bdp=146070 _bdp=146070 _min_cwnd=4150 _maxwnd=219105 _cwnd=219105
Initialize per-instance NSCC parameters: flowid 560 _base_rtt=11685600 _base_bdp=146070 _bdp=146070 _min_cwnd=4150 _maxwnd=219105 _cwnd=219105
Initialize per-instance NSCC parameters: flowid 561 _base_rtt=11685600 _base_bdp=146070 _bdp=146070 _min_cwnd=4150 _maxwnd=219105 _cwnd=219105
Initialize per-instance NSCC parameters: flowid 562 _base_rtt=11685600 _base_bdp=146070 _bdp=146070 _min_cwnd=4150 _maxwnd=219105 _cwnd=219105
Initialize per-instance NSCC parameters: flowid 563 _base_rtt=11685600 _base_bdp=146070 _bdp=146070 _min_cwnd=4150 _maxwnd=219105 _cwnd=219105
Initialize per-instance NSCC parameters: flowid 564 _base_rtt=11685600 _base_bdp=146070 _bdp=146070 _min_cwnd=4150 _maxwnd=219105 _cwnd=219105
Initialize per-instance NSCC parameters: flowid 565 _base_rtt=11685600 _base_bdp=146070 _bdp=146070 _min_cwnd=4150 _maxwnd=219105 _cwnd=219105
Initialize per-instance NSCC parameters: flowid 566 _base_rtt=11685600 _base_bdp=146070 _bdp=146070 _min_cwnd=4150 _maxwnd=219105 _cwnd=219105
Initialize per-instance NSCC parameters: flowid 567 _base_rtt=11685600 _base_bdp=146070 _bdp=146070 _min_cwnd=4150 _maxwnd=219105 _cwnd=219105
Initialize per-instance NSCC parameters: flowid 568 _base_rtt=11685600 _base_bdp=146070 _bdp=146070 _min_cwnd=4150 _maxwnd=219105 _cwnd=219105
Initialize per-instance NSCC parameters: flowid 569 _base_rtt=11685600 _base_bdp=146070 _bdp=146070 _min_cwnd=4150 _maxwnd=219105 _cwnd=219105
Initialize per-instance NSCC parameters: flowid 570 _base_rtt=11685600 _base_bdp=146070 _bdp=146070 _min_cwnd=4150 _maxwnd=219105 _cwnd=219105
Initialize per-instance NSCC parameters: flowid 571 _base_rtt=11685600 _base_bdp=146070 _bdp=146070 _min_cwnd=4150 _maxwnd=219105 _cwnd=219105
Initialize per-instance NSCC parameters: flowid 572 _base_rtt=11685600 _base_bdp=146070 _bdp=146070 _min_cwnd=4150 _maxwnd=219105 _cwnd=219105
Initialize per-instance NSCC parameters: flowid 573 _base_rtt=11685600 _base_bdp=146070 _bdp=146070 _min_cwnd=4150 _maxwnd=219105 _cwnd=219105
Initialize per-instance NSCC parameters: flowid 574 _base_rtt=11685600 _base_bdp=146070 _bdp=146070 _min_cwnd=4150 _maxwnd=219105 _cwnd=219105
Initialize per-instance NSCC parameters: flowid 575 _base_rtt=11685600 _base_bdp=146070 _bdp=146070 _min_cwnd=4150 _maxwnd=219105 _cwnd=219105
Initialize per-instance NSCC parameters: flowid 576 _base_rtt=11685600 _base_bdp=146070 _bdp=146070 _min_cwnd=4150 _maxwnd=219105 _cwnd=219105
Initialize per-instance NSCC parameters: flowid 577 _base_rtt=11685600 _base_bdp=146070 _bdp=146070 _min_cwnd=4150 _maxwnd=219105 _cwnd=219105
Initialize per-instance NSCC parameters: flowid 578 _base_rtt=11685600 _base_bdp=146070 _bdp=146070 _min_cwnd=4150 _maxwnd=219105 _cwnd=219105
Initialize per-instance NSCC parameters: flowid 579 _base_rtt=11685600 _base_bdp=146070 _bdp=146070 _min_cwnd=4150 _maxwnd=219105 _cwnd=219105
Initialize per-instance NSCC parameters: flowid 580 _base_rtt=11685600 _base_bdp=146070 _bdp=146070 _min_cwnd=4150 _maxwnd=219105 _cwnd=219105
Initialize per-instance NSCC parameters: flowid 581 _base_rtt=11685600 _base_bdp=146070 _bdp=146070 _min_cwnd=4150 _maxwnd=219105 _cwnd=219105
Initialize per-instance NSCC parameters: flowid 582 _base_rtt=11685600 _base_bdp=146070 _bdp=146070 _min_cwnd=4150 _maxwnd=219105 _cwnd=219105
Initialize per-instance NSCC parameters: flowid 583 _base_rtt=11685600 _base_bdp=146070 _bdp=146070 _min_cwnd=4150 _maxwnd=219105 _cwnd=219105
Initialize per-instance NSCC parameters: flowid 584 _base_rtt=11685600 _base_bdp=146070 _bdp=146070 _min_cwnd=4150 _maxwnd=219105 _cwnd=219105
Initialize per-instance NSCC parameters: flowid 585 _base_rtt=11685600 _base_bdp=146070 _bdp=146070 _min_cwnd=4150 _maxwnd=219105 _cwnd=219105
Initialize per-instance NSCC parameters: flowid 586 _base_rtt=11685600 _base_bdp=146070 _bdp=146070 _min_cwnd=4150 _maxwnd=219105 _cwnd=219105
Initialize per-instance NSCC parameters: flowid 587 _base_rtt=11685600 _base_bdp=146070 _bdp=146070 _min_cwnd=4150 _maxwnd=219105 _cwnd=219105
Initialize per-instance NSCC parameters: flowid 588 _base_rtt=11685600 _base_bdp=146070 _bdp=146070 _min_cwnd=4150 _maxwnd=219105 _cwnd=219105
Initialize per-instance NSCC parameters: flowid 589 _base_rtt=11685600 _base_bdp=146070 _bdp=146070 _min_cwnd=4150 _maxwnd=219105 _cwnd=219105
Initialize per-instance NSCC parameters: flowid 590 _base_rtt=11685600 _base_bdp=146070 _bdp=146070 _min_cwnd=4150 _maxwnd=219105 _cwnd=219105
Initialize per-instance NSCC parameters: flowid 591 _base_rtt=11685600 _base_bdp=146070 _bdp=146070 _min_cwnd=4150 _maxwnd=219105 _cwnd=219105
Initialize per-instance NSCC parameters: flowid 592 _base_rtt=11685600 _base_bdp=146070 _bdp=146070 _min_cwnd=4150 _maxwnd=219105 _cwnd=219105
Initialize per-instance NSCC parameters: flowid 593 _base_rtt=11685600 _base_bdp=146070 _bdp=146070 _min_cwnd=4150 _maxwnd=219105 _cwnd=219105
Initialize per-instance NSCC parameters: flowid 594 _base_rtt=11685600 _base_bdp=146070 _bdp=146070 _min_cwnd=4150 _maxwnd=219105 _cwnd=219105
Initialize per-instance NSCC parameters: flowid 595 _base_rtt=11685600 _base_bdp=146070 _bdp=146070 _min_cwnd=4150 _maxwnd=219105 _cwnd=219105
Initialize per-instance NSCC parameters: flowid 596 _base_rtt=11685600 _base_bdp=146070 _bdp=146070 _min_cwnd=4150 _maxwnd=219105 _cwnd=219105
Initialize per-instance NSCC parameters: flowid 597 _base_rtt=11685600 _base_bdp=146070 _bdp=146070 _min_cwnd=4150 _maxwnd=219105 _cwnd=219105
Initialize per-instance NSCC parameters: flowid 598 _base_rtt=11685600 _base_bdp=146070 _bdp=146070 _min_cwnd=4150 _maxwnd=219105 _cwnd=219105
Initialize per-instance NSCC parameters: flowid 599 _base_rtt=11685600 _base_bdp=146070 _bdp=146070 _min_cwnd=4150 _maxwnd=219105 _cwnd=219105
Initialize per-instance NSCC parameters: flowid 600 _base_rtt=11685600 _base_bdp=146070 _bdp=146070 _min_cwnd=4150 _maxwnd=219105 _cwnd=219105
Initialize per-instance NSCC parameters: flowid 601 _base_rtt=11685600 _base_bdp=146070 _bdp=146070 _min_cwnd=4150 _maxwnd=219105 _cwnd=219105
Initialize per-instance NSCC parameters: flowid 602 _base_rtt=11685600 _base_bdp=146070 _bdp=146070 _min_cwnd=4150 _maxwnd=219105 _cwnd=219105
Initialize per-instance NSCC parameters: flowid 603 _base_rtt=11685600 _base_bdp=146070 _bdp=146070 _min_cwnd=4150 _maxwnd=219105 _cwnd=219105
Initialize per-instance NSCC parameters: flowid 604 _base_rtt=11685600 _base_bdp=146070 _bdp=146070 _min_cwnd=4150 _maxwnd=219105 _cwnd=219105
Initialize per-instance NSCC parameters: flowid 605 _base_rtt=11685600 _base_bdp=146070 _bdp=146070 _min_cwnd=4150 _maxwnd=219105 _cwnd=219105
Initialize per-instance NSCC parameters: flowid 606 _base_rtt=11685600 _base_bdp=146070 _bdp=146070 _min_cwnd=4150 _maxwnd=219105 _cwnd=219105
Initialize per-instance NSCC parameters: flowid 607 _base_rtt=11685600 _base_bdp=146070 _bdp=146070 _min_cwnd=4150 _maxwnd=219105 _cwnd=219105
Initialize per-instance NSCC parameters: flowid 608 _base_rtt=11685600 _base_bdp=146070 _bdp=146070 _min_cwnd=4150 _maxwnd=219105 _cwnd=219105
Initialize per-instance NSCC parameters: flowid 609 _base_rtt=11685600 _base_bdp=146070 _bdp=146070 _min_cwnd=4150 _maxwnd=219105 _cwnd=219105
Initialize per-instance NSCC parameters: flowid 610 _base_rtt=11685600 _base_bdp=146070 _bdp=146070 _min_cwnd=4150 _maxwnd=219105 _cwnd=219105
Initialize per-instance NSCC parameters: flowid 611 _base_rtt=11685600 _base_bdp=146070 _bdp=146070 _min_cwnd=4150 _maxwnd=219105 _cwnd=219105
Initialize per-instance NSCC parameters: flowid 612 _base_rtt=11685600 _base_bdp=146070 _bdp=146070 _min_cwnd=4150 _maxwnd=219105 _cwnd=219105
Initialize per-instance NSCC parameters: flowid 613 _base_rtt=11685600 _base_bdp=146070 _bdp=146070 _min_cwnd=4150 _maxwnd=219105 _cwnd=219105
Initialize per-instance NSCC parameters: flowid 614 _base_rtt=11685600 _base_bdp=146070 _bdp=146070 _min_cwnd=4150 _maxwnd=219105 _cwnd=219105
Initialize per-instance NSCC parameters: flowid 615 _base_rtt=11685600 _base_bdp=146070 _bdp=146070 _min_cwnd=4150 _maxwnd=219105 _cwnd=219105
Initialize per-instance NSCC parameters: flowid 616 _base_rtt=11685600 _base_bdp=146070 _bdp=146070 _min_cwnd=4150 _maxwnd=219105 _cwnd=219105
Initialize per-instance NSCC parameters: flowid 617 _base_rtt=11685600 _base_bdp=146070 _bdp=146070 _min_cwnd=4150 _maxwnd=219105 _cwnd=219105
Initialize per-instance NSCC parameters: flowid 618 _base_rtt=11685600 _base_bdp=146070 _bdp=146070 _min_cwnd=4150 _maxwnd=219105 _cwnd=219105
Initialize per-instance NSCC parameters: flowid 619 _base_rtt=11685600 _base_bdp=146070 _bdp=146070 _min_cwnd=4150 _maxwnd=219105 _cwnd=219105
Initialize per-instance NSCC parameters: flowid 620 _base_rtt=11685600 _base_bdp=146070 _bdp=146070 _min_cwnd=4150 _maxwnd=219105 _cwnd=219105
Initialize per-instance NSCC parameters: flowid 621 _base_rtt=11685600 _base_bdp=146070 _bdp=146070 _min_cwnd=4150 _maxwnd=219105 _cwnd=219105
Initialize per-instance NSCC parameters: flowid 622 _base_rtt=11685600 _base_bdp=146070 _bdp=146070 _min_cwnd=4150 _maxwnd=219105 _cwnd=219105
Initialize per-instance NSCC parameters: flowid 623 _base_rtt=11685600 _base_bdp=146070 _bdp=146070 _min_cwnd=4150 _maxwnd=219105 _cwnd=219105
Initialize per-instance NSCC parameters: flowid 624 _base_rtt=11685600 _base_bdp=146070 _bdp=146070 _min_cwnd=4150 _maxwnd=219105 _cwnd=219105
Initialize per-instance NSCC parameters: flowid 625 _base_rtt=11685600 _base_bdp=146070 _bdp=146070 _min_cwnd=4150 _maxwnd=219105 _cwnd=219105
Initialize per-instance NSCC parameters: flowid 626 _base_rtt=11685600 _base_bdp=146070 _bdp=146070 _min_cwnd=4150 _maxwnd=219105 _cwnd=219105
Initialize per-instance NSCC parameters: flowid 627 _base_rtt=11685600 _base_bdp=146070 _bdp=146070 _min_cwnd=4150 _maxwnd=219105 _cwnd=219105
Initialize per-instance NSCC parameters: flowid 628 _base_rtt=11685600 _base_bdp=146070 _bdp=146070 _min_cwnd=4150 _maxwnd=219105 _cwnd=219105
Initialize per-instance NSCC parameters: flowid 629 _base_rtt=11685600 _base_bdp=146070 _bdp=146070 _min_cwnd=4150 _maxwnd=219105 _cwnd=219105
Initialize per-instance NSCC parameters: flowid 630 _base_rtt=11685600 _base_bdp=146070 _bdp=146070 _min_cwnd=4150 _maxwnd=219105 _cwnd=219105
Initialize per-instance NSCC parameters: flowid 631 _base_rtt=11685600 _base_bdp=146070 _bdp=146070 _min_cwnd=4150 _maxwnd=219105 _cwnd=219105
Initialize per-instance NSCC parameters: flowid 632 _base_rtt=11685600 _base_bdp=146070 _bdp=146070 _min_cwnd=4150 _maxwnd=219105 _cwnd=219105
Initialize per-instance NSCC parameters: flowid 633 _base_rtt=11685600 _base_bdp=146070 _bdp=146070 _min_cwnd=4150 _maxwnd=219105 _cwnd=219105
Initialize per-instance NSCC parameters: flowid 634 _base_rtt=11685600 _base_bdp=146070 _bdp=146070 _min_cwnd=4150 _maxwnd=219105 _cwnd=219105
Initialize per-instance NSCC parameters: flowid 635 _base_rtt=11685600 _base_bdp=146070 _bdp=146070 _min_cwnd=4150 _maxwnd=219105 _cwnd=219105
Initialize per-instance NSCC parameters: flowid 636 _base_rtt=11685600 _base_bdp=146070 _bdp=146070 _min_cwnd=4150 _maxwnd=219105 _cwnd=219105
Initialize per-instance NSCC parameters: flowid 637 _base_rtt=11685600 _base_bdp=146070 _bdp=146070 _min_cwnd=4150 _maxwnd=219105 _cwnd=219105
Initialize per-instance NSCC parameters: flowid 638 _base_rtt=11685600 _base_bdp=146070 _bdp=146070 _min_cwnd=4150 _maxwnd=219105 _cwnd=219105
Initialize per-instance NSCC parameters: flowid 639 _base_rtt=11685600 _base_bdp=146070 _bdp=146070 _min_cwnd=4150 _maxwnd=219105 _cwnd=219105
Initialize per-instance NSCC parameters: flowid 640 _base_rtt=11685600 _base_bdp=146070 _bdp=146070 _min_cwnd=4150 _maxwnd=219105 _cwnd=219105
Initialize per-instance NSCC parameters: flowid 641 _base_rtt=11685600 _base_bdp=146070 _bdp=146070 _min_cwnd=4150 _maxwnd=219105 _cwnd=219105
Initialize per-instance NSCC parameters: flowid 642 _base_rtt=11685600 _base_bdp=146070 _bdp=146070 _min_cwnd=4150 _maxwnd=219105 _cwnd=219105
Initialize per-instance NSCC parameters: flowid 643 _base_rtt=11685600 _base_bdp=146070 _bdp=146070 _min_cwnd=4150 _maxwnd=219105 _cwnd=219105
Initialize per-instance NSCC parameters: flowid 644 _base_rtt=11685600 _base_bdp=146070 _bdp=146070 _min_cwnd=4150 _maxwnd=219105 _cwnd=219105
Initialize per-instance NSCC parameters: flowid 645 _base_rtt=11685600 _base_bdp=146070 _bdp=146070 _min_cwnd=4150 _maxwnd=219105 _cwnd=219105
Initialize per-instance NSCC parameters: flowid 646 _base_rtt=11685600 _base_bdp=146070 _bdp=146070 _min_cwnd=4150 _maxwnd=219105 _cwnd=219105
Initialize per-instance NSCC parameters: flowid 647 _base_rtt=11685600 _base_bdp=146070 _bdp=146070 _min_cwnd=4150 _maxwnd=219105 _cwnd=219105
Initialize per-instance NSCC parameters: flowid 648 _base_rtt=11685600 _base_bdp=146070 _bdp=146070 _min_cwnd=4150 _maxwnd=219105 _cwnd=219105
Initialize per-instance NSCC parameters: flowid 649 _base_rtt=11685600 _base_bdp=146070 _bdp=146070 _min_cwnd=4150 _maxwnd=219105 _cwnd=219105
Initialize per-instance NSCC parameters: flowid 650 _base_rtt=11685600 _base_bdp=146070 _bdp=146070 _min_cwnd=4150 _maxwnd=219105 _cwnd=219105
Initialize per-instance NSCC parameters: flowid 651 _base_rtt=11685600 _base_bdp=146070 _bdp=146070 _min_cwnd=4150 _maxwnd=219105 _cwnd=219105
Initialize per-instance NSCC parameters: flowid 652 _base_rtt=11685600 _base_bdp=146070 _bdp=146070 _min_cwnd=4150 _maxwnd=219105 _cwnd=219105
Initialize per-instance NSCC parameters: flowid 653 _base_rtt=11685600 _base_bdp=146070 _bdp=146070 _min_cwnd=4150 _maxwnd=219105 _cwnd=219105
Initialize per-instance NSCC parameters: flowid 654 _base_rtt=11685600 _base_bdp=146070 _bdp=146070 _min_cwnd=4150 _maxwnd=219105 _cwnd=219105
Initialize per-instance NSCC parameters: flowid 655 _base_rtt=11685600 _base_bdp=146070 _bdp=146070 _min_cwnd=4150 _maxwnd=219105 _cwnd=219105
Initialize per-instance NSCC parameters: flowid 656 _base_rtt=11685600 _base_bdp=146070 _bdp=146070 _min_cwnd=4150 _maxwnd=219105 _cwnd=219105
Initialize per-instance NSCC parameters: flowid 657 _base_rtt=11685600 _base_bdp=146070 _bdp=146070 _min_cwnd=4150 _maxwnd=219105 _cwnd=219105
Initialize per-instance NSCC parameters: flowid 658 _base_rtt=11685600 _base_bdp=146070 _bdp=146070 _min_cwnd=4150 _maxwnd=219105 _cwnd=219105
Initialize per-instance NSCC parameters: flowid 659 _base_rtt=11685600 _base_bdp=146070 _bdp=146070 _min_cwnd=4150 _maxwnd=219105 _cwnd=219105
Initialize per-instance NSCC parameters: flowid 660 _base_rtt=11685600 _base_bdp=146070 _bdp=146070 _min_cwnd=4150 _maxwnd=219105 _cwnd=219105
Initialize per-instance NSCC parameters: flowid 661 _base_rtt=11685600 _base_bdp=146070 _bdp=146070 _min_cwnd=4150 _maxwnd=219105 _cwnd=219105
Initialize per-instance NSCC parameters: flowid 662 _base_rtt=11685600 _base_bdp=146070 _bdp=146070 _min_cwnd=4150 _maxwnd=219105 _cwnd=219105
Initialize per-instance NSCC parameters: flowid 663 _base_rtt=11685600 _base_bdp=146070 _bdp=146070 _min_cwnd=4150 _maxwnd=219105 _cwnd=219105
Initialize per-instance NSCC parameters: flowid 664 _base_rtt=11685600 _base_bdp=146070 _bdp=146070 _min_cwnd=4150 _maxwnd=219105 _cwnd=219105
Initialize per-instance NSCC parameters: flowid 665 _base_rtt=11685600 _base_bdp=146070 _bdp=146070 _min_cwnd=4150 _maxwnd=219105 _cwnd=219105
Initialize per-instance NSCC parameters: flowid 666 _base_rtt=11685600 _base_bdp=146070 _bdp=146070 _min_cwnd=4150 _maxwnd=219105 _cwnd=219105
Initialize per-instance NSCC parameters: flowid 667 _base_rtt=11685600 _base_bdp=146070 _bdp=146070 _min_cwnd=4150 _maxwnd=219105 _cwnd=219105
Initialize per-instance NSCC parameters: flowid 668 _base_rtt=11685600 _base_bdp=146070 _bdp=146070 _min_cwnd=4150 _maxwnd=219105 _cwnd=219105
Initialize per-instance NSCC parameters: flowid 669 _base_rtt=11685600 _base_bdp=146070 _bdp=146070 _min_cwnd=4150 _maxwnd=219105 _cwnd=219105
Initialize per-instance NSCC parameters: flowid 670 _base_rtt=11685600 _base_bdp=146070 _bdp=146070 _min_cwnd=4150 _maxwnd=219105 _cwnd=219105
Initialize per-instance NSCC parameters: flowid 671 _base_rtt=11685600 _base_bdp=146070 _bdp=146070 _min_cwnd=4150 _maxwnd=219105 _cwnd=219105
Initialize per-instance NSCC parameters: flowid 672 _base_rtt=11685600 _base_bdp=146070 _bdp=146070 _min_cwnd=4150 _maxwnd=219105 _cwnd=219105
Initialize per-instance NSCC parameters: flowid 673 _base_rtt=11685600 _base_bdp=146070 _bdp=146070 _min_cwnd=4150 _maxwnd=219105 _cwnd=219105
Initialize per-instance NSCC parameters: flowid 674 _base_rtt=11685600 _base_bdp=146070 _bdp=146070 _min_cwnd=4150 _maxwnd=219105 _cwnd=219105
Initialize per-instance NSCC parameters: flowid 675 _base_rtt=11685600 _base_bdp=146070 _bdp=146070 _min_cwnd=4150 _maxwnd=219105 _cwnd=219105
Initialize per-instance NSCC parameters: flowid 676 _base_rtt=11685600 _base_bdp=146070 _bdp=146070 _min_cwnd=4150 _maxwnd=219105 _cwnd=219105
Initialize per-instance NSCC parameters: flowid 677 _base_rtt=11685600 _base_bdp=146070 _bdp=146070 _min_cwnd=4150 _maxwnd=219105 _cwnd=219105
Initialize per-instance NSCC parameters: flowid 678 _base_rtt=11685600 _base_bdp=146070 _bdp=146070 _min_cwnd=4150 _maxwnd=219105 _cwnd=219105
Initialize per-instance NSCC parameters: flowid 679 _base_rtt=11685600 _base_bdp=146070 _bdp=146070 _min_cwnd=4150 _maxwnd=219105 _cwnd=219105
Initialize per-instance NSCC parameters: flowid 680 _base_rtt=11685600 _base_bdp=146070 _bdp=146070 _min_cwnd=4150 _maxwnd=219105 _cwnd=219105
Initialize per-instance NSCC parameters: flowid 681 _base_rtt=11685600 _base_bdp=146070 _bdp=146070 _min_cwnd=4150 _maxwnd=219105 _cwnd=219105
Initialize per-instance NSCC parameters: flowid 682 _base_rtt=11685600 _base_bdp=146070 _bdp=146070 _min_cwnd=4150 _maxwnd=219105 _cwnd=219105
Initialize per-instance NSCC parameters: flowid 683 _base_rtt=11685600 _base_bdp=146070 _bdp=146070 _min_cwnd=4150 _maxwnd=219105 _cwnd=219105
Initialize per-instance NSCC parameters: flowid 684 _base_rtt=11685600 _base_bdp=146070 _bdp=146070 _min_cwnd=4150 _maxwnd=219105 _cwnd=219105
Initialize per-instance NSCC parameters: flowid 685 _base_rtt=11685600 _base_bdp=146070 _bdp=146070 _min_cwnd=4150 _maxwnd=219105 _cwnd=219105
Initialize per-instance NSCC parameters: flowid 686 _base_rtt=11685600 _base_bdp=146070 _bdp=146070 _min_cwnd=4150 _maxwnd=219105 _cwnd=219105
Initialize per-instance NSCC parameters: flowid 687 _base_rtt=11685600 _base_bdp=146070 _bdp=146070 _min_cwnd=4150 _maxwnd=219105 _cwnd=219105
Initialize per-instance NSCC parameters: flowid 688 _base_rtt=11685600 _base_bdp=146070 _bdp=146070 _min_cwnd=4150 _maxwnd=219105 _cwnd=219105
Initialize per-instance NSCC parameters: flowid 689 _base_rtt=11685600 _base_bdp=146070 _bdp=146070 _min_cwnd=4150 _maxwnd=219105 _cwnd=219105
Initialize per-instance NSCC parameters: flowid 690 _base_rtt=11685600 _base_bdp=146070 _bdp=146070 _min_cwnd=4150 _maxwnd=219105 _cwnd=219105
Initialize per-instance NSCC parameters: flowid 691 _base_rtt=11685600 _base_bdp=146070 _bdp=146070 _min_cwnd=4150 _maxwnd=219105 _cwnd=219105
Initialize per-instance NSCC parameters: flowid 692 _base_rtt=11685600 _base_bdp=146070 _bdp=146070 _min_cwnd=4150 _maxwnd=219105 _cwnd=219105
Initialize per-instance NSCC parameters: flowid 693 _base_rtt=11685600 _base_bdp=146070 _bdp=146070 _min_cwnd=4150 _maxwnd=219105 _cwnd=219105
Initialize per-instance NSCC parameters: flowid 694 _base_rtt=11685600 _base_bdp=146070 _bdp=146070 _min_cwnd=4150 _maxwnd=219105 _cwnd=219105
Initialize per-instance NSCC parameters: flowid 695 _base_rtt=11685600 _base_bdp=146070 _bdp=146070 _min_cwnd=4150 _maxwnd=219105 _cwnd=219105
Initialize per-instance NSCC parameters: flowid 696 _base_rtt=11685600 _base_bdp=146070 _bdp=146070 _min_cwnd=4150 _maxwnd=219105 _cwnd=219105
Initialize per-instance NSCC parameters: flowid 697 _base_rtt=11685600 _base_bdp=146070 _bdp=146070 _min_cwnd=4150 _maxwnd=219105 _cwnd=219105
Initialize per-instance NSCC parameters: flowid 698 _base_rtt=11685600 _base_bdp=146070 _bdp=146070 _min_cwnd=4150 _maxwnd=219105 _cwnd=219105
Initialize per-instance NSCC parameters: flowid 699 _base_rtt=11685600 _base_bdp=146070 _bdp=146070 _min_cwnd=4150 _maxwnd=219105 _cwnd=219105
Initialize per-instance NSCC parameters: flowid 700 _base_rtt=11685600 _base_bdp=146070 _bdp=146070 _min_cwnd=4150 _maxwnd=219105 _cwnd=219105
Initialize per-instance NSCC parameters: flowid 701 _base_rtt=11685600 _base_bdp=146070 _bdp=146070 _min_cwnd=4150 _maxwnd=219105 _cwnd=219105
Initialize per-instance NSCC parameters: flowid 702 _base_rtt=11685600 _base_bdp=146070 _bdp=146070 _min_cwnd=4150 _maxwnd=219105 _cwnd=219105
Initialize per-instance NSCC parameters: flowid 703 _base_rtt=11685600 _base_bdp=146070 _bdp=146070 _min_cwnd=4150 _maxwnd=219105 _cwnd=219105
Initialize per-instance NSCC parameters: flowid 704 _base_rtt=11685600 _base_bdp=146070 _bdp=146070 _min_cwnd=4150 _maxwnd=219105 _cwnd=219105
Initialize per-instance NSCC parameters: flowid 705 _base_rtt=11685600 _base_bdp=146070 _bdp=146070 _min_cwnd=4150 _maxwnd=219105 _cwnd=219105
Initialize per-instance NSCC parameters: flowid 706 _base_rtt=11685600 _base_bdp=146070 _bdp=146070 _min_cwnd=4150 _maxwnd=219105 _cwnd=219105
Initialize per-instance NSCC parameters: flowid 707 _base_rtt=11685600 _base_bdp=146070 _bdp=146070 _min_cwnd=4150 _maxwnd=219105 _cwnd=219105
Initialize per-instance NSCC parameters: flowid 708 _base_rtt=11685600 _base_bdp=146070 _bdp=146070 _min_cwnd=4150 _maxwnd=219105 _cwnd=219105
Initialize per-instance NSCC parameters: flowid 709 _base_rtt=11685600 _base_bdp=146070 _bdp=146070 _min_cwnd=4150 _maxwnd=219105 _cwnd=219105
Initialize per-instance NSCC parameters: flowid 710 _base_rtt=11685600 _base_bdp=146070 _bdp=146070 _min_cwnd=4150 _maxwnd=219105 _cwnd=219105
Initialize per-instance NSCC parameters: flowid 711 _base_rtt=11685600 _base_bdp=146070 _bdp=146070 _min_cwnd=4150 _maxwnd=219105 _cwnd=219105
Initialize per-instance NSCC parameters: flowid 712 _base_rtt=11685600 _base_bdp=146070 _bdp=146070 _min_cwnd=4150 _maxwnd=219105 _cwnd=219105
Initialize per-instance NSCC parameters: flowid 713 _base_rtt=11685600 _base_bdp=146070 _bdp=146070 _min_cwnd=4150 _maxwnd=219105 _cwnd=219105
Initialize per-instance NSCC parameters: flowid 714 _base_rtt=11685600 _base_bdp=146070 _bdp=146070 _min_cwnd=4150 _maxwnd=219105 _cwnd=219105
Initialize per-instance NSCC parameters: flowid 715 _base_rtt=11685600 _base_bdp=146070 _bdp=146070 _min_cwnd=4150 _maxwnd=219105 _cwnd=219105
Initialize per-instance NSCC parameters: flowid 716 _base_rtt=11685600 _base_bdp=146070 _bdp=146070 _min_cwnd=4150 _maxwnd=219105 _cwnd=219105
Initialize per-instance NSCC parameters: flowid 717 _base_rtt=11685600 _base_bdp=146070 _bdp=146070 _min_cwnd=4150 _maxwnd=219105 _cwnd=219105
Initialize per-instance NSCC parameters: flowid 718 _base_rtt=11685600 _base_bdp=146070 _bdp=146070 _min_cwnd=4150 _maxwnd=219105 _cwnd=219105
Initialize per-instance NSCC parameters: flowid 719 _base_rtt=11685600 _base_bdp=146070 _bdp=146070 _min_cwnd=4150 _maxwnd=219105 _cwnd=219105
Initialize per-instance NSCC parameters: flowid 720 _base_rtt=11685600 _base_bdp=146070 _bdp=146070 _min_cwnd=4150 _maxwnd=219105 _cwnd=219105
Initialize per-instance NSCC parameters: flowid 721 _base_rtt=11685600 _base_bdp=146070 _bdp=146070 _min_cwnd=4150 _maxwnd=219105 _cwnd=219105
Initialize per-instance NSCC parameters: flowid 722 _base_rtt=11685600 _base_bdp=146070 _bdp=146070 _min_cwnd=4150 _maxwnd=219105 _cwnd=219105
Initialize per-instance NSCC parameters: flowid 723 _base_rtt=11685600 _base_bdp=146070 _bdp=146070 _min_cwnd=4150 _maxwnd=219105 _cwnd=219105
Initialize per-instance NSCC parameters: flowid 724 _base_rtt=11685600 _base_bdp=146070 _bdp=146070 _min_cwnd=4150 _maxwnd=219105 _cwnd=219105
Initialize per-instance NSCC parameters: flowid 725 _base_rtt=11685600 _base_bdp=146070 _bdp=146070 _min_cwnd=4150 _maxwnd=219105 _cwnd=219105
Initialize per-instance NSCC parameters: flowid 726 _base_rtt=11685600 _base_bdp=146070 _bdp=146070 _min_cwnd=4150 _maxwnd=219105 _cwnd=219105
Initialize per-instance NSCC parameters: flowid 727 _base_rtt=11685600 _base_bdp=146070 _bdp=146070 _min_cwnd=4150 _maxwnd=219105 _cwnd=219105
Initialize per-instance NSCC parameters: flowid 728 _base_rtt=11685600 _base_bdp=146070 _bdp=146070 _min_cwnd=4150 _maxwnd=219105 _cwnd=219105
Initialize per-instance NSCC parameters: flowid 729 _base_rtt=11685600 _base_bdp=146070 _bdp=146070 _min_cwnd=4150 _maxwnd=219105 _cwnd=219105
Initialize per-instance NSCC parameters: flowid 730 _base_rtt=11685600 _base_bdp=146070 _bdp=146070 _min_cwnd=4150 _maxwnd=219105 _cwnd=219105
Initialize per-instance NSCC parameters: flowid 731 _base_rtt=11685600 _base_bdp=146070 _bdp=146070 _min_cwnd=4150 _maxwnd=219105 _cwnd=219105
Initialize per-instance NSCC parameters: flowid 732 _base_rtt=11685600 _base_bdp=146070 _bdp=146070 _min_cwnd=4150 _maxwnd=219105 _cwnd=219105
Initialize per-instance NSCC parameters: flowid 733 _base_rtt=11685600 _base_bdp=146070 _bdp=146070 _min_cwnd=4150 _maxwnd=219105 _cwnd=219105
Initialize per-instance NSCC parameters: flowid 734 _base_rtt=11685600 _base_bdp=146070 _bdp=146070 _min_cwnd=4150 _maxwnd=219105 _cwnd=219105
Initialize per-instance NSCC parameters: flowid 735 _base_rtt=11685600 _base_bdp=146070 _bdp=146070 _min_cwnd=4150 _maxwnd=219105 _cwnd=219105
Initialize per-instance NSCC parameters: flowid 736 _base_rtt=11685600 _base_bdp=146070 _bdp=146070 _min_cwnd=4150 _maxwnd=219105 _cwnd=219105
Initialize per-instance NSCC parameters: flowid 737 _base_rtt=11685600 _base_bdp=146070 _bdp=146070 _min_cwnd=4150 _maxwnd=219105 _cwnd=219105
Initialize per-instance NSCC parameters: flowid 738 _base_rtt=11685600 _base_bdp=146070 _bdp=146070 _min_cwnd=4150 _maxwnd=219105 _cwnd=219105
Initialize per-instance NSCC parameters: flowid 739 _base_rtt=11685600 _base_bdp=146070 _bdp=146070 _min_cwnd=4150 _maxwnd=219105 _cwnd=219105
Initialize per-instance NSCC parameters: flowid 740 _base_rtt=11685600 _base_bdp=146070 _bdp=146070 _min_cwnd=4150 _maxwnd=219105 _cwnd=219105
Initialize per-instance NSCC parameters: flowid 741 _base_rtt=11685600 _base_bdp=146070 _bdp=146070 _min_cwnd=4150 _maxwnd=219105 _cwnd=219105
Initialize per-instance NSCC parameters: flowid 742 _base_rtt=11685600 _base_bdp=146070 _bdp=146070 _min_cwnd=4150 _maxwnd=219105 _cwnd=219105
Initialize per-instance NSCC parameters: flowid 743 _base_rtt=11685600 _base_bdp=146070 _bdp=146070 _min_cwnd=4150 _maxwnd=219105 _cwnd=219105
Initialize per-instance NSCC parameters: flowid 744 _base_rtt=11685600 _base_bdp=146070 _bdp=146070 _min_cwnd=4150 _maxwnd=219105 _cwnd=219105
Initialize per-instance NSCC parameters: flowid 745 _base_rtt=11685600 _base_bdp=146070 _bdp=146070 _min_cwnd=4150 _maxwnd=219105 _cwnd=219105
Initialize per-instance NSCC parameters: flowid 746 _base_rtt=11685600 _base_bdp=146070 _bdp=146070 _min_cwnd=4150 _maxwnd=219105 _cwnd=219105
Initialize per-instance NSCC parameters: flowid 747 _base_rtt=11685600 _base_bdp=146070 _bdp=146070 _min_cwnd=4150 _maxwnd=219105 _cwnd=219105
Initialize per-instance NSCC parameters: flowid 748 _base_rtt=11685600 _base_bdp=146070 _bdp=146070 _min_cwnd=4150 _maxwnd=219105 _cwnd=219105
Initialize per-instance NSCC parameters: flowid 749 _base_rtt=11685600 _base_bdp=146070 _bdp=146070 _min_cwnd=4150 _maxwnd=219105 _cwnd=219105
Initialize per-instance NSCC parameters: flowid 750 _base_rtt=11685600 _base_bdp=146070 _bdp=146070 _min_cwnd=4150 _maxwnd=219105 _cwnd=219105
Initialize per-instance NSCC parameters: flowid 751 _base_rtt=11685600 _base_bdp=146070 _bdp=146070 _min_cwnd=4150 _maxwnd=219105 _cwnd=219105
Initialize per-instance NSCC parameters: flowid 752 _base_rtt=11685600 _base_bdp=146070 _bdp=146070 _min_cwnd=4150 _maxwnd=219105 _cwnd=219105
Initialize per-instance NSCC parameters: flowid 753 _base_rtt=11685600 _base_bdp=146070 _bdp=146070 _min_cwnd=4150 _maxwnd=219105 _cwnd=219105
Initialize per-instance NSCC parameters: flowid 754 _base_rtt=11685600 _base_bdp=146070 _bdp=146070 _min_cwnd=4150 _maxwnd=219105 _cwnd=219105
Initialize per-instance NSCC parameters: flowid 755 _base_rtt=11685600 _base_bdp=146070 _bdp=146070 _min_cwnd=4150 _maxwnd=219105 _cwnd=219105
Initialize per-instance NSCC parameters: flowid 756 _base_rtt=11685600 _base_bdp=146070 _bdp=146070 _min_cwnd=4150 _maxwnd=219105 _cwnd=219105
Initialize per-instance NSCC parameters: flowid 757 _base_rtt=11685600 _base_bdp=146070 _bdp=146070 _min_cwnd=4150 _maxwnd=219105 _cwnd=219105
Initialize per-instance NSCC parameters: flowid 758 _base_rtt=11685600 _base_bdp=146070 _bdp=146070 _min_cwnd=4150 _maxwnd=219105 _cwnd=219105
Initialize per-instance NSCC parameters: flowid 759 _base_rtt=11685600 _base_bdp=146070 _bdp=146070 _min_cwnd=4150 _maxwnd=219105 _cwnd=219105
Initialize per-instance NSCC parameters: flowid 760 _base_rtt=11685600 _base_bdp=146070 _bdp=146070 _min_cwnd=4150 _maxwnd=219105 _cwnd=219105
Initialize per-instance NSCC parameters: flowid 761 _base_rtt=11685600 _base_bdp=146070 _bdp=146070 _min_cwnd=4150 _maxwnd=219105 _cwnd=219105
Initialize per-instance NSCC parameters: flowid 762 _base_rtt=11685600 _base_bdp=146070 _bdp=146070 _min_cwnd=4150 _maxwnd=219105 _cwnd=219105
Initialize per-instance NSCC parameters: flowid 763 _base_rtt=11685600 _base_bdp=146070 _bdp=146070 _min_cwnd=4150 _maxwnd=219105 _cwnd=219105
Initialize per-instance NSCC parameters: flowid 764 _base_rtt=11685600 _base_bdp=146070 _bdp=146070 _min_cwnd=4150 _maxwnd=219105 _cwnd=219105
Initialize per-instance NSCC parameters: flowid 765 _base_rtt=11685600 _base_bdp=146070 _bdp=146070 _min_cwnd=4150 _maxwnd=219105 _cwnd=219105
Initialize per-instance NSCC parameters: flowid 766 _base_rtt=11685600 _base_bdp=146070 _bdp=146070 _min_cwnd=4150 _maxwnd=219105 _cwnd=219105
Initialize per-instance NSCC parameters: flowid 767 _base_rtt=11685600 _base_bdp=146070 _bdp=146070 _min_cwnd=4150 _maxwnd=219105 _cwnd=219105
Initialize per-instance NSCC parameters: flowid 768 _base_rtt=11685600 _base_bdp=146070 _bdp=146070 _min_cwnd=4150 _maxwnd=219105 _cwnd=219105
Initialize per-instance NSCC parameters: flowid 769 _base_rtt=11685600 _base_bdp=146070 _bdp=146070 _min_cwnd=4150 _maxwnd=219105 _cwnd=219105
Initialize per-instance NSCC parameters: flowid 770 _base_rtt=11685600 _base_bdp=146070 _bdp=146070 _min_cwnd=4150 _maxwnd=219105 _cwnd=219105
Initialize per-instance NSCC parameters: flowid 771 _base_rtt=11685600 _base_bdp=146070 _bdp=146070 _min_cwnd=4150 _maxwnd=219105 _cwnd=219105
Initialize per-instance NSCC parameters: flowid 772 _base_rtt=11685600 _base_bdp=146070 _bdp=146070 _min_cwnd=4150 _maxwnd=219105 _cwnd=219105
Initialize per-instance NSCC parameters: flowid 773 _base_rtt=11685600 _base_bdp=146070 _bdp=146070 _min_cwnd=4150 _maxwnd=219105 _cwnd=219105
Initialize per-instance NSCC parameters: flowid 774 _base_rtt=11685600 _base_bdp=146070 _bdp=146070 _min_cwnd=4150 _maxwnd=219105 _cwnd=219105
Initialize per-instance NSCC parameters: flowid 775 _base_rtt=11685600 _base_bdp=146070 _bdp=146070 _min_cwnd=4150 _maxwnd=219105 _cwnd=219105
Initialize per-instance NSCC parameters: flowid 776 _base_rtt=11685600 _base_bdp=146070 _bdp=146070 _min_cwnd=4150 _maxwnd=219105 _cwnd=219105
Initialize per-instance NSCC parameters: flowid 777 _base_rtt=11685600 _base_bdp=146070 _bdp=146070 _min_cwnd=4150 _maxwnd=219105 _cwnd=219105
Initialize per-instance NSCC parameters: flowid 778 _base_rtt=11685600 _base_bdp=146070 _bdp=146070 _min_cwnd=4150 _maxwnd=219105 _cwnd=219105
Initialize per-instance NSCC parameters: flowid 779 _base_rtt=11685600 _base_bdp=146070 _bdp=146070 _min_cwnd=4150 _maxwnd=219105 _cwnd=219105
Initialize per-instance NSCC parameters: flowid 780 _base_rtt=11685600 _base_bdp=146070 _bdp=146070 _min_cwnd=4150 _maxwnd=219105 _cwnd=219105
Initialize per-instance NSCC parameters: flowid 781 _base_rtt=11685600 _base_bdp=146070 _bdp=146070 _min_cwnd=4150 _maxwnd=219105 _cwnd=219105
Initialize per-instance NSCC parameters: flowid 782 _base_rtt=11685600 _base_bdp=146070 _bdp=146070 _min_cwnd=4150 _maxwnd=219105 _cwnd=219105
Initialize per-instance NSCC parameters: flowid 783 _base_rtt=11685600 _base_bdp=146070 _bdp=146070 _min_cwnd=4150 _maxwnd=219105 _cwnd=219105
Initialize per-instance NSCC parameters: flowid 784 _base_rtt=11685600 _base_bdp=146070 _bdp=146070 _min_cwnd=4150 _maxwnd=219105 _cwnd=219105
Initialize per-instance NSCC parameters: flowid 785 _base_rtt=11685600 _base_bdp=146070 _bdp=146070 _min_cwnd=4150 _maxwnd=219105 _cwnd=219105
Initialize per-instance NSCC parameters: flowid 786 _base_rtt=11685600 _base_bdp=146070 _bdp=146070 _min_cwnd=4150 _maxwnd=219105 _cwnd=219105
Initialize per-instance NSCC parameters: flowid 787 _base_rtt=11685600 _base_bdp=146070 _bdp=146070 _min_cwnd=4150 _maxwnd=219105 _cwnd=219105
Initialize per-instance NSCC parameters: flowid 788 _base_rtt=11685600 _base_bdp=146070 _bdp=146070 _min_cwnd=4150 _maxwnd=219105 _cwnd=219105
Initialize per-instance NSCC parameters: flowid 789 _base_rtt=11685600 _base_bdp=146070 _bdp=146070 _min_cwnd=4150 _maxwnd=219105 _cwnd=219105
Initialize per-instance NSCC parameters: flowid 790 _base_rtt=11685600 _base_bdp=146070 _bdp=146070 _min_cwnd=4150 _maxwnd=219105 _cwnd=219105
Initialize per-instance NSCC parameters: flowid 791 _base_rtt=11685600 _base_bdp=146070 _bdp=146070 _min_cwnd=4150 _maxwnd=219105 _cwnd=219105
Initialize per-instance NSCC parameters: flowid 792 _base_rtt=11685600 _base_bdp=146070 _bdp=146070 _min_cwnd=4150 _maxwnd=219105 _cwnd=219105
Initialize per-instance NSCC parameters: flowid 793 _base_rtt=11685600 _base_bdp=146070 _bdp=146070 _min_cwnd=4150 _maxwnd=219105 _cwnd=219105
Initialize per-instance NSCC parameters: flowid 794 _base_rtt=11685600 _base_bdp=146070 _bdp=146070 _min_cwnd=4150 _maxwnd=219105 _cwnd=219105
Initialize per-instance NSCC parameters: flowid 795 _base_rtt=11685600 _base_bdp=146070 _bdp=146070 _min_cwnd=4150 _maxwnd=219105 _cwnd=219105
Initialize per-instance NSCC parameters: flowid 796 _base_rtt=11685600 _base_bdp=146070 _bdp=146070 _min_cwnd=4150 _maxwnd=219105 _cwnd=219105
Initialize per-instance NSCC parameters: flowid 797 _base_rtt=11685600 _base_bdp=146070 _bdp=146070 _min_cwnd=4150 _maxwnd=219105 _cwnd=219105
Initialize per-instance NSCC parameters: flowid 798 _base_rtt=11685600 _base_bdp=146070 _bdp=146070 _min_cwnd=4150 _maxwnd=219105 _cwnd=219105
Initialize per-instance NSCC parameters: flowid 799 _base_rtt=11685600 _base_bdp=146070 _bdp=146070 _min_cwnd=4150 _maxwnd=219105 _cwnd=219105
Initialize per-instance NSCC parameters: flowid 800 _base_rtt=11685600 _base_bdp=146070 _bdp=146070 _min_cwnd=4150 _maxwnd=219105 _cwnd=219105
Initialize per-instance NSCC parameters: flowid 801 _base_rtt=11685600 _base_bdp=146070 _bdp=146070 _min_cwnd=4150 _maxwnd=219105 _cwnd=219105
Initialize per-instance NSCC parameters: flowid 802 _base_rtt=11685600 _base_bdp=146070 _bdp=146070 _min_cwnd=4150 _maxwnd=219105 _cwnd=219105
Initialize per-instance NSCC parameters: flowid 803 _base_rtt=11685600 _base_bdp=146070 _bdp=146070 _min_cwnd=4150 _maxwnd=219105 _cwnd=219105
Initialize per-instance NSCC parameters: flowid 804 _base_rtt=11685600 _base_bdp=146070 _bdp=146070 _min_cwnd=4150 _maxwnd=219105 _cwnd=219105
Initialize per-instance NSCC parameters: flowid 805 _base_rtt=11685600 _base_bdp=146070 _bdp=146070 _min_cwnd=4150 _maxwnd=219105 _cwnd=219105
Initialize per-instance NSCC parameters: flowid 806 _base_rtt=11685600 _base_bdp=146070 _bdp=146070 _min_cwnd=4150 _maxwnd=219105 _cwnd=219105
Initialize per-instance NSCC parameters: flowid 807 _base_rtt=11685600 _base_bdp=146070 _bdp=146070 _min_cwnd=4150 _maxwnd=219105 _cwnd=219105
Initialize per-instance NSCC parameters: flowid 808 _base_rtt=11685600 _base_bdp=146070 _bdp=146070 _min_cwnd=4150 _maxwnd=219105 _cwnd=219105
Initialize per-instance NSCC parameters: flowid 809 _base_rtt=11685600 _base_bdp=146070 _bdp=146070 _min_cwnd=4150 _maxwnd=219105 _cwnd=219105
Initialize per-instance NSCC parameters: flowid 810 _base_rtt=11685600 _base_bdp=146070 _bdp=146070 _min_cwnd=4150 _maxwnd=219105 _cwnd=219105
Initialize per-instance NSCC parameters: flowid 811 _base_rtt=11685600 _base_bdp=146070 _bdp=146070 _min_cwnd=4150 _maxwnd=219105 _cwnd=219105
Initialize per-instance NSCC parameters: flowid 812 _base_rtt=11685600 _base_bdp=146070 _bdp=146070 _min_cwnd=4150 _maxwnd=219105 _cwnd=219105
Initialize per-instance NSCC parameters: flowid 813 _base_rtt=11685600 _base_bdp=146070 _bdp=146070 _min_cwnd=4150 _maxwnd=219105 _cwnd=219105
Initialize per-instance NSCC parameters: flowid 814 _base_rtt=11685600 _base_bdp=146070 _bdp=146070 _min_cwnd=4150 _maxwnd=219105 _cwnd=219105
Initialize per-instance NSCC parameters: flowid 815 _base_rtt=11685600 _base_bdp=146070 _bdp=146070 _min_cwnd=4150 _maxwnd=219105 _cwnd=219105
Initialize per-instance NSCC parameters: flowid 816 _base_rtt=11685600 _base_bdp=146070 _bdp=146070 _min_cwnd=4150 _maxwnd=219105 _cwnd=219105
Initialize per-instance NSCC parameters: flowid 817 _base_rtt=11685600 _base_bdp=146070 _bdp=146070 _min_cwnd=4150 _maxwnd=219105 _cwnd=219105
Initialize per-instance NSCC parameters: flowid 818 _base_rtt=11685600 _base_bdp=146070 _bdp=146070 _min_cwnd=4150 _maxwnd=219105 _cwnd=219105
Initialize per-instance NSCC parameters: flowid 819 _base_rtt=11685600 _base_bdp=146070 _bdp=146070 _min_cwnd=4150 _maxwnd=219105 _cwnd=219105
Initialize per-instance NSCC parameters: flowid 820 _base_rtt=11685600 _base_bdp=146070 _bdp=146070 _min_cwnd=4150 _maxwnd=219105 _cwnd=219105
Initialize per-instance NSCC parameters: flowid 821 _base_rtt=11685600 _base_bdp=146070 _bdp=146070 _min_cwnd=4150 _maxwnd=219105 _cwnd=219105
Initialize per-instance NSCC parameters: flowid 822 _base_rtt=11685600 _base_bdp=146070 _bdp=146070 _min_cwnd=4150 _maxwnd=219105 _cwnd=219105
Initialize per-instance NSCC parameters: flowid 823 _base_rtt=11685600 _base_bdp=146070 _bdp=146070 _min_cwnd=4150 _maxwnd=219105 _cwnd=219105
Initialize per-instance NSCC parameters: flowid 824 _base_rtt=11685600 _base_bdp=146070 _bdp=146070 _min_cwnd=4150 _maxwnd=219105 _cwnd=219105
Initialize per-instance NSCC parameters: flowid 825 _base_rtt=11685600 _base_bdp=146070 _bdp=146070 _min_cwnd=4150 _maxwnd=219105 _cwnd=219105
Starting simulation
Flow Uec_1012_449 flowId 1 uecSrc 0 starting at 0
Flow Uec_240_737 flowId 2 uecSrc 1 starting at 0
Flow Uec_262_701 flowId 3 uecSrc 2 starting at 0
Flow Uec_593_1046 flowId 4 uecSrc 3 starting at 0
Flow Uec_878_259 flowId 5 uecSrc 4 starting at 0
Flow Uec_606_0 flowId 6 uecSrc 5 starting at 0
Flow Uec_386_844 flowId 7 uecSrc 6 starting at 0
Flow Uec_295_758 flowId 8 uecSrc 7 starting at 0
Flow Uec_530_1005 flowId 9 uecSrc 8 starting at 0
Flow Uec_252_753 flowId 10 uecSrc 9 starting at 0
Flow Uec_986_381 flowId 11 uecSrc 10 starting at 0
Flow Uec_1095_439 flowId 12 uecSrc 11 starting at 0
Flow Uec_1025_420 flowId 13 uecSrc 12 starting at 0
Flow Uec_863_202 flowId 14 uecSrc 13 starting at 0
Flow Uec_794_101 flowId 15 uecSrc 14 starting at 0
Flow Uec_103_685 flowId 16 uecSrc 15 starting at 0
Flow Uec_592_1004 flowId 17 uecSrc 16 starting at 0
Flow Uec_623_38 flowId 18 uecSrc 17 starting at 0
Flow Uec_1066_409 flowId 19 uecSrc 18 starting at 0
Flow Uec_428_921 flowId 20 uecSrc 19 starting at 0
Flow Uec_644_87 flowId 21 uecSrc 20 starting at 0
Flow Uec_652_54 flowId 22 uecSrc 21 starting at 0
Flow Uec_815_298 flowId 23 uecSrc 22 starting at 0
Flow Uec_625_71 flowId 24 uecSrc 23 starting at 0
Flow Uec_294_781 flowId 25 uecSrc 24 starting at 0
Flow Uec_313_808 flowId 26 uecSrc 25 starting at 0
Flow Uec_480_942 flowId 27 uecSrc 26 starting at 0
Flow Uec_362_846 flowId 28 uecSrc 27 starting at 0
Flow Uec_638_17 flowId 29 uecSrc 28 starting at 0
Flow Uec_456_988 flowId 30 uecSrc 29 starting at 0
Flow Uec_964_331 flowId 31 uecSrc 30 starting at 0
Flow Uec_996_336 flowId 32 uecSrc 31 starting at 0
Flow Uec_1077_436 flowId 33 uecSrc 32 starting at 0
Flow Uec_266_711 flowId 34 uecSrc 33 starting at 0
Flow Uec_350_857 flowId 35 uecSrc 34 starting at 0
Flow Uec_632_68 flowId 36 uecSrc 35 starting at 0
Flow Uec_966_307 flowId 37 uecSrc 36 starting at 0
Flow Uec_445_908 flowId 38 uecSrc 37 starting at 0
Flow Uec_469_971 flowId 39 uecSrc 38 starting at 0
Flow Uec_851_227 flowId 40 uecSrc 39 starting at 0
Flow Uec_950_318 flowId 41 uecSrc 40 starting at 0
Flow Uec_179_626 flowId 42 uecSrc 41 starting at 0
Flow Uec_918_389 flowId 43 uecSrc 42 starting at 0
Flow Uec_453_981 flowId 44 uecSrc 43 starting at 0
Flow Uec_912_379 flowId 45 uecSrc 44 starting at 0
Flow Uec_81_565 flowId 46 uecSrc 45 starting at 0
Flow Uec_355_843 flowId 47 uecSrc 46 starting at 0
Flow Uec_282_788 flowId 48 uecSrc 47 starting at 0
Flow Uec_813_267 flowId 49 uecSrc 48 starting at 0
Flow Uec_490_906 flowId 50 uecSrc 49 starting at 0
Flow Uec_570_1011 flowId 51 uecSrc 50 starting at 0
Flow Uec_852_212 flowId 52 uecSrc 51 starting at 0
Flow Uec_914_386 flowId 53 uecSrc 52 starting at 0
Flow Uec_699_50 flowId 54 uecSrc 53 starting at 0
Flow Uec_280_794 flowId 55 uecSrc 54 starting at 0
Flow Uec_260_748 flowId 56 uecSrc 55 starting at 0
Flow Uec_572_1050 flowId 57 uecSrc 56 starting at 0
Flow Uec_546_1020 flowId 58 uecSrc 57 starting at 0
Flow Uec_56_523 flowId 59 uecSrc 58 starting at 0
Flow Uec_746_121 flowId 60 uecSrc 59 starting at 0
Flow Uec_379_878 flowId 61 uecSrc 60 starting at 0
Flow Uec_435_989 flowId 62 uecSrc 61 starting at 0
Flow Uec_841_239 flowId 63 uecSrc 62 starting at 0
Flow Uec_24_579 flowId 64 uecSrc 63 starting at 0
Flow Uec_35_517 flowId 65 uecSrc 64 starting at 0
Flow Uec_508_1016 flowId 66 uecSrc 65 starting at 0
Flow Uec_1078_461 flowId 67 uecSrc 66 starting at 0
Flow Uec_821_232 flowId 68 uecSrc 67 starting at 0
Flow Uec_1059_411 flowId 69 uecSrc 68 starting at 0
Flow Uec_1004_433 flowId 70 uecSrc 69 starting at 0
Flow Uec_369_845 flowId 71 uecSrc 70 starting at 0
Flow Uec_1065_464 flowId 72 uecSrc 71 starting at 0
Flow Uec_249_741 flowId 73 uecSrc 72 starting at 0
Flow Uec_913_376 flowId 74 uecSrc 73 starting at 0
Flow Uec_170_603 flowId 75 uecSrc 74 starting at 0
Flow Uec_565_1064 flowId 76 uecSrc 75 starting at 0
Flow Uec_795_190 flowId 77 uecSrc 76 starting at 0
Flow Uec_204_759 flowId 78 uecSrc 77 starting at 0
Flow Uec_423_915 flowId 79 uecSrc 78 starting at 0
Flow Uec_164_602 flowId 80 uecSrc 79 starting at 0
Flow Uec_1084_446 flowId 81 uecSrc 80 starting at 0
Flow Uec_1079_435 flowId 82 uecSrc 81 starting at 0
Flow Uec_602_57 flowId 83 uecSrc 82 starting at 0
Flow Uec_749_153 flowId 84 uecSrc 83 starting at 0
Flow Uec_390_899 flowId 85 uecSrc 84 starting at 0
Flow Uec_450_937 flowId 86 uecSrc 85 starting at 0
Flow Uec_413_974 flowId 87 uecSrc 86 starting at 0
Flow Uec_741_193 flowId 88 uecSrc 87 starting at 0
Flow Uec_463_994 flowId 89 uecSrc 88 starting at 0
Flow Uec_438_936 flowId 90 uecSrc 89 starting at 0
Flow Uec_960_346 flowId 91 uecSrc 90 starting at 0
Flow Uec_499_959 flowId 92 uecSrc 91 starting at 0
Flow Uec_963_317 flowId 93 uecSrc 92 starting at 0
Flow Uec_258_706 flowId 94 uecSrc 93 starting at 0
Flow Uec_486_932 flowId 95 uecSrc 94 starting at 0
Flow Uec_425_958 flowId 96 uecSrc 95 starting at 0
Flow Uec_167_608 flowId 97 uecSrc 96 starting at 0
Flow Uec_764_179 flowId 98 uecSrc 97 starting at 0
Flow Uec_578_1009 flowId 99 uecSrc 98 starting at 0
Flow Uec_828_279 flowId 100 uecSrc 99 starting at 0
Flow Uec_669_90 flowId 101 uecSrc 100 starting at 0
Flow Uec_68_567 flowId 102 uecSrc 101 starting at 0
Flow Uec_777_161 flowId 103 uecSrc 102 starting at 0
Flow Uec_727_191 flowId 104 uecSrc 103 starting at 0
Flow Uec_269_798 flowId 105 uecSrc 104 starting at 0
Flow Uec_761_131 flowId 106 uecSrc 105 starting at 0
Flow Uec_934_332 flowId 107 uecSrc 106 starting at 0
Flow Uec_34_536 flowId 108 uecSrc 107 starting at 0
Flow Uec_733_112 flowId 109 uecSrc 108 starting at 0
Flow Uec_1062_426 flowId 110 uecSrc 109 starting at 0
Flow Uec_954_359 flowId 111 uecSrc 110 starting at 0
Flow Uec_51_528 flowId 112 uecSrc 111 starting at 0
Flow Uec_874_241 flowId 113 uecSrc 112 starting at 0
Flow Uec_786_118 flowId 114 uecSrc 113 starting at 0
Flow Uec_1063_454 flowId 115 uecSrc 114 starting at 0
Flow Uec_349_838 flowId 116 uecSrc 115 starting at 0
Flow Uec_695_45 flowId 117 uecSrc 116 starting at 0
Flow Uec_111_698 flowId 118 uecSrc 117 starting at 0
Flow Uec_680_1 flowId 119 uecSrc 118 starting at 0
Flow Uec_61_593 flowId 120 uecSrc 119 starting at 0
Flow Uec_543_1021 flowId 121 uecSrc 120 starting at 0
Flow Uec_196_643 flowId 122 uecSrc 121 starting at 0
Flow Uec_209_769 flowId 123 uecSrc 122 starting at 0
Flow Uec_259_768 flowId 124 uecSrc 123 starting at 0
Flow Uec_66_522 flowId 125 uecSrc 124 starting at 0
Flow Uec_1011_473 flowId 126 uecSrc 125 starting at 0
Flow Uec_893_260 flowId 127 uecSrc 126 starting at 0
Flow Uec_697_22 flowId 128 uecSrc 127 starting at 0
Flow Uec_840_278 flowId 129 uecSrc 128 starting at 0
Flow Uec_338_822 flowId 130 uecSrc 129 starting at 0
Flow Uec_454_991 flowId 131 uecSrc 130 starting at 0
Flow Uec_176_604 flowId 132 uecSrc 131 starting at 0
Flow Uec_1093_484 flowId 133 uecSrc 132 starting at 0
Flow Uec_292_765 flowId 134 uecSrc 133 starting at 0
Flow Uec_220_745 flowId 135 uecSrc 134 starting at 0
Flow Uec_953_354 flowId 136 uecSrc 135 starting at 0
Flow Uec_131_648 flowId 137 uecSrc 136 starting at 0
Flow Uec_306_895 flowId 138 uecSrc 137 starting at 0
Flow Uec_1020_421 flowId 139 uecSrc 138 starting at 0
Flow Uec_804_254 flowId 140 uecSrc 139 starting at 0
Flow Uec_521_1030 flowId 141 uecSrc 140 starting at 0
Flow Uec_46_578 flowId 142 uecSrc 141 starting at 0
Flow Uec_1073_405 flowId 143 uecSrc 142 starting at 0
Flow Uec_1058_410 flowId 144 uecSrc 143 starting at 0
Flow Uec_687_3 flowId 145 uecSrc 144 starting at 0
Flow Uec_193_624 flowId 146 uecSrc 145 starting at 0
Flow Uec_460_998 flowId 147 uecSrc 146 starting at 0
Flow Uec_555_1082 flowId 148 uecSrc 147 starting at 0
Flow Uec_819_268 flowId 149 uecSrc 148 starting at 0
Flow Uec_917_326 flowId 150 uecSrc 149 starting at 0
Flow Uec_876_226 flowId 151 uecSrc 150 starting at 0
Flow Uec_327_807 flowId 152 uecSrc 151 starting at 0
Flow Uec_737_199 flowId 153 uecSrc 152 starting at 0
Flow Uec_89_527 flowId 154 uecSrc 153 starting at 0
Flow Uec_561_1014 flowId 155 uecSrc 154 starting at 0
Flow Uec_4_501 flowId 156 uecSrc 155 starting at 0
Flow Uec_890_228 flowId 157 uecSrc 156 starting at 0
Flow Uec_982_382 flowId 158 uecSrc 157 starting at 0
Flow Uec_347_835 flowId 159 uecSrc 158 starting at 0
Flow Uec_229_770 flowId 160 uecSrc 159 starting at 0
Flow Uec_452_917 flowId 161 uecSrc 160 starting at 0
Flow Uec_984_357 flowId 162 uecSrc 161 starting at 0
Flow Uec_848_244 flowId 163 uecSrc 162 starting at 0
Flow Uec_533_1047 flowId 164 uecSrc 163 starting at 0
Flow Uec_965_333 flowId 165 uecSrc 164 starting at 0
Flow Uec_1018_483 flowId 166 uecSrc 165 starting at 0
Flow Uec_961_339 flowId 167 uecSrc 166 starting at 0
Flow Uec_278_785 flowId 168 uecSrc 167 starting at 0
Flow Uec_398_839 flowId 169 uecSrc 168 starting at 0
Flow Uec_520_1045 flowId 170 uecSrc 169 starting at 0
Flow Uec_172_622 flowId 171 uecSrc 170 starting at 0
Flow Uec_244_727 flowId 172 uecSrc 171 starting at 0
Flow Uec_897_295 flowId 173 uecSrc 172 starting at 0
Flow Uec_972_342 flowId 174 uecSrc 173 starting at 0
Flow Uec_297_721 flowId 175 uecSrc 174 starting at 0
Flow Uec_1028_427 flowId 176 uecSrc 175 starting at 0
Flow Uec_686_13 flowId 177 uecSrc 176 starting at 0
Flow Uec_410_969 flowId 178 uecSrc 177 starting at 0
Flow Uec_414_909 flowId 179 uecSrc 178 starting at 0
Flow Uec_482_946 flowId 180 uecSrc 179 starting at 0
Flow Uec_250_734 flowId 181 uecSrc 180 starting at 0
Flow Uec_875_220 flowId 182 uecSrc 181 starting at 0
Flow Uec_698_61 flowId 183 uecSrc 182 starting at 0
Flow Uec_589_1072 flowId 184 uecSrc 183 starting at 0
Flow Uec_62_598 flowId 185 uecSrc 184 starting at 0
Flow Uec_711_102 flowId 186 uecSrc 185 starting at 0
Flow Uec_135_635 flowId 187 uecSrc 186 starting at 0
Flow Uec_372_805 flowId 188 uecSrc 187 starting at 0
Flow Uec_538_1028 flowId 189 uecSrc 188 starting at 0
Flow Uec_351_880 flowId 190 uecSrc 189 starting at 0
Flow Uec_591_1068 flowId 191 uecSrc 190 starting at 0
Flow Uec_405_996 flowId 192 uecSrc 191 starting at 0
Flow Uec_658_62 flowId 193 uecSrc 192 starting at 0
Flow Uec_598_1001 flowId 194 uecSrc 193 starting at 0
Flow Uec_211_736 flowId 195 uecSrc 194 starting at 0
Flow Uec_900_328 flowId 196 uecSrc 195 starting at 0
Flow Uec_363_864 flowId 197 uecSrc 196 starting at 0
Flow Uec_1061_415 flowId 198 uecSrc 197 starting at 0
Flow Uec_296_712 flowId 199 uecSrc 198 starting at 0
Flow Uec_692_11 flowId 200 uecSrc 199 starting at 0
Flow Uec_675_49 flowId 201 uecSrc 200 starting at 0
Flow Uec_1045_478 flowId 202 uecSrc 201 starting at 0
Flow Uec_357_831 flowId 203 uecSrc 202 starting at 0
Flow Uec_766_166 flowId 204 uecSrc 203 starting at 0
Flow Uec_1092_434 flowId 205 uecSrc 204 starting at 0
Flow Uec_738_155 flowId 206 uecSrc 205 starting at 0
Flow Uec_615_29 flowId 207 uecSrc 206 starting at 0
Flow Uec_635_96 flowId 208 uecSrc 207 starting at 0
Flow Uec_611_73 flowId 209 uecSrc 208 starting at 0
Flow Uec_532_1055 flowId 210 uecSrc 209 starting at 0
Flow Uec_1010_432 flowId 211 uecSrc 210 starting at 0
Flow Uec_881_294 flowId 212 uecSrc 211 starting at 0
Flow Uec_500_1057 flowId 213 uecSrc 212 starting at 0
Flow Uec_877_237 flowId 214 uecSrc 213 starting at 0
Flow Uec_577_1033 flowId 215 uecSrc 214 starting at 0
Flow Uec_958_369 flowId 216 uecSrc 215 starting at 0
Flow Uec_882_281 flowId 217 uecSrc 216 starting at 0
Flow Uec_1081_444 flowId 218 uecSrc 217 starting at 0
Flow Uec_847_210 flowId 219 uecSrc 218 starting at 0
Flow Uec_673_36 flowId 220 uecSrc 219 starting at 0
Flow Uec_271_749 flowId 221 uecSrc 220 starting at 0
Flow Uec_152_693 flowId 222 uecSrc 221 starting at 0
Flow Uec_805_250 flowId 223 uecSrc 222 starting at 0
Flow Uec_1014_430 flowId 224 uecSrc 223 starting at 0
Flow Uec_323_888 flowId 225 uecSrc 224 starting at 0
Flow Uec_488_935 flowId 226 uecSrc 225 starting at 0
Flow Uec_160_652 flowId 227 uecSrc 226 starting at 0
Flow Uec_287_756 flowId 228 uecSrc 227 starting at 0
Flow Uec_649_2 flowId 229 uecSrc 228 starting at 0
Flow Uec_465_975 flowId 230 uecSrc 229 starting at 0
Flow Uec_904_309 flowId 231 uecSrc 230 starting at 0
Flow Uec_377_885 flowId 232 uecSrc 231 starting at 0
Flow Uec_814_200 flowId 233 uecSrc 232 starting at 0
Flow Uec_952_368 flowId 234 uecSrc 233 starting at 0
Flow Uec_1091_460 flowId 235 uecSrc 234 starting at 0
Flow Uec_1039_407 flowId 236 uecSrc 235 starting at 0
Flow Uec_579_1038 flowId 237 uecSrc 236 starting at 0
Flow Uec_939_362 flowId 238 uecSrc 237 starting at 0
Flow Uec_1009_466 flowId 239 uecSrc 238 starting at 0
Flow Uec_255_733 flowId 240 uecSrc 239 starting at 0
Flow Uec_332_869 flowId 241 uecSrc 240 starting at 0
Flow Uec_183_666 flowId 242 uecSrc 241 starting at 0
Flow Uec_37_515 flowId 243 uecSrc 242 starting at 0
Flow Uec_406_973 flowId 244 uecSrc 243 starting at 0
Flow Uec_412_905 flowId 245 uecSrc 244 starting at 0
Flow Uec_870_252 flowId 246 uecSrc 245 starting at 0
Flow Uec_781_106 flowId 247 uecSrc 246 starting at 0
Flow Uec_974_329 flowId 248 uecSrc 247 starting at 0
Flow Uec_276_735 flowId 249 uecSrc 248 starting at 0
Flow Uec_168_614 flowId 250 uecSrc 249 starting at 0
Flow Uec_384_815 flowId 251 uecSrc 250 starting at 0
Flow Uec_1087_443 flowId 252 uecSrc 251 starting at 0
Flow Uec_1086_412 flowId 253 uecSrc 252 starting at 0
Flow Uec_346_876 flowId 254 uecSrc 253 starting at 0
Flow Uec_25_518 flowId 255 uecSrc 254 starting at 0
Flow Uec_826_275 flowId 256 uecSrc 255 starting at 0
Flow Uec_264_713 flowId 257 uecSrc 256 starting at 0
Flow Uec_437_911 flowId 258 uecSrc 257 starting at 0
Flow Uec_607_35 flowId 259 uecSrc 258 starting at 0
Flow Uec_308_877 flowId 260 uecSrc 259 starting at 0
Flow Uec_643_93 flowId 261 uecSrc 260 starting at 0
Flow Uec_562_1002 flowId 262 uecSrc 261 starting at 0
Flow Uec_322_852 flowId 263 uecSrc 262 starting at 0
Flow Uec_700_105 flowId 264 uecSrc 263 starting at 0
Flow Uec_1044_482 flowId 265 uecSrc 264 starting at 0
Flow Uec_1056_402 flowId 266 uecSrc 265 starting at 0
Flow Uec_534_1075 flowId 267 uecSrc 266 starting at 0
Flow Uec_911_343 flowId 268 uecSrc 267 starting at 0
Flow Uec_988_348 flowId 269 uecSrc 268 starting at 0
Flow Uec_2_561 flowId 270 uecSrc 269 starting at 0
Flow Uec_125_658 flowId 271 uecSrc 270 starting at 0
Flow Uec_855_277 flowId 272 uecSrc 271 starting at 0
Flow Uec_860_221 flowId 273 uecSrc 272 starting at 0
Flow Uec_959_394 flowId 274 uecSrc 273 starting at 0
Flow Uec_83_581 flowId 275 uecSrc 274 starting at 0
Flow Uec_468_922 flowId 276 uecSrc 275 starting at 0
Flow Uec_542_1095 flowId 277 uecSrc 276 starting at 0
Flow Uec_671_19 flowId 278 uecSrc 277 starting at 0
Flow Uec_254_742 flowId 279 uecSrc 278 starting at 0
Flow Uec_80_547 flowId 280 uecSrc 279 starting at 0
Flow Uec_371_863 flowId 281 uecSrc 280 starting at 0
Flow Uec_275_767 flowId 282 uecSrc 281 starting at 0
Flow Uec_130_649 flowId 283 uecSrc 282 starting at 0
Flow Uec_19_541 flowId 284 uecSrc 283 starting at 0
Flow Uec_862_284 flowId 285 uecSrc 284 starting at 0
Flow Uec_663_42 flowId 286 uecSrc 285 starting at 0
Flow Uec_894_292 flowId 287 uecSrc 286 starting at 0
Flow Uec_418_972 flowId 288 uecSrc 287 starting at 0
Flow Uec_674_79 flowId 289 uecSrc 288 starting at 0
Flow Uec_417_920 flowId 290 uecSrc 289 starting at 0
Flow Uec_989_377 flowId 291 uecSrc 290 starting at 0
Flow Uec_789_128 flowId 292 uecSrc 291 starting at 0
Flow Uec_892_269 flowId 293 uecSrc 292 starting at 0
Flow Uec_976_372 flowId 294 uecSrc 293 starting at 0
Flow Uec_14_575 flowId 295 uecSrc 294 starting at 0
Flow Uec_613_67 flowId 296 uecSrc 295 starting at 0
Flow Uec_458_995 flowId 297 uecSrc 296 starting at 0
Flow Uec_84_555 flowId 298 uecSrc 297 starting at 0
Flow Uec_702_126 flowId 299 uecSrc 298 starting at 0
Flow Uec_762_123 flowId 300 uecSrc 299 starting at 0
Flow Uec_155_633 flowId 301 uecSrc 300 starting at 0
Flow Uec_147_650 flowId 302 uecSrc 301 starting at 0
Flow Uec_944_365 flowId 303 uecSrc 302 starting at 0
Flow Uec_60_562 flowId 304 uecSrc 303 starting at 0
Flow Uec_367_818 flowId 305 uecSrc 304 starting at 0
Flow Uec_206_772 flowId 306 uecSrc 305 starting at 0
Flow Uec_569_1065 flowId 307 uecSrc 306 starting at 0
Flow Uec_397_892 flowId 308 uecSrc 307 starting at 0
Flow Uec_646_78 flowId 309 uecSrc 308 starting at 0
Flow Uec_1071_499 flowId 310 uecSrc 309 starting at 0
Flow Uec_839_274 flowId 311 uecSrc 310 starting at 0
Flow Uec_531_1093 flowId 312 uecSrc 311 starting at 0
Flow Uec_618_58 flowId 313 uecSrc 312 starting at 0
Flow Uec_545_1022 flowId 314 uecSrc 313 starting at 0
Flow Uec_459_990 flowId 315 uecSrc 314 starting at 0
Flow Uec_709_194 flowId 316 uecSrc 315 starting at 0
Flow Uec_30_568 flowId 317 uecSrc 316 starting at 0
Flow Uec_163_647 flowId 318 uecSrc 317 starting at 0
Flow Uec_901_364 flowId 319 uecSrc 318 starting at 0
Flow Uec_595_1059 flowId 320 uecSrc 319 starting at 0
Flow Uec_1088_445 flowId 321 uecSrc 320 starting at 0
Flow Uec_462_957 flowId 322 uecSrc 321 starting at 0
Flow Uec_1008_479 flowId 323 uecSrc 322 starting at 0
Flow Uec_101_660 flowId 324 uecSrc 323 starting at 0
Flow Uec_393_824 flowId 325 uecSrc 324 starting at 0
Flow Uec_528_1034 flowId 326 uecSrc 325 starting at 0
Flow Uec_112_665 flowId 327 uecSrc 326 starting at 0
Flow Uec_424_918 flowId 328 uecSrc 327 starting at 0
Flow Uec_936_353 flowId 329 uecSrc 328 starting at 0
Flow Uec_725_148 flowId 330 uecSrc 329 starting at 0
Flow Uec_318_874 flowId 331 uecSrc 330 starting at 0
Flow Uec_364_861 flowId 332 uecSrc 331 starting at 0
Flow Uec_139_671 flowId 333 uecSrc 332 starting at 0
Flow Uec_340_806 flowId 334 uecSrc 333 starting at 0
Flow Uec_253_782 flowId 335 uecSrc 334 starting at 0
Flow Uec_141_618 flowId 336 uecSrc 335 starting at 0
Flow Uec_518_1096 flowId 337 uecSrc 336 starting at 0
Flow Uec_1055_470 flowId 338 uecSrc 337 starting at 0
Flow Uec_99_507 flowId 339 uecSrc 338 starting at 0
Flow Uec_86_574 flowId 340 uecSrc 339 starting at 0
Flow Uec_59_508 flowId 341 uecSrc 340 starting at 0
Flow Uec_1051_422 flowId 342 uecSrc 341 starting at 0
Flow Uec_494_949 flowId 343 uecSrc 342 starting at 0
Flow Uec_889_218 flowId 344 uecSrc 343 starting at 0
Flow Uec_344_855 flowId 345 uecSrc 344 starting at 0
Flow Uec_604_85 flowId 346 uecSrc 345 starting at 0
Flow Uec_116_620 flowId 347 uecSrc 346 starting at 0
Flow Uec_472_940 flowId 348 uecSrc 347 starting at 0
Flow Uec_1047_476 flowId 349 uecSrc 348 starting at 0
Flow Uec_647_59 flowId 350 uecSrc 349 starting at 0
Flow Uec_624_10 flowId 351 uecSrc 350 starting at 0
Flow Uec_1057_495 flowId 352 uecSrc 351 starting at 0
Flow Uec_768_125 flowId 353 uecSrc 352 starting at 0
Flow Uec_1003_440 flowId 354 uecSrc 353 starting at 0
Flow Uec_715_145 flowId 355 uecSrc 354 starting at 0
Flow Uec_798_150 flowId 356 uecSrc 355 starting at 0
Flow Uec_691_23 flowId 357 uecSrc 356 starting at 0
Flow Uec_661_82 flowId 358 uecSrc 357 starting at 0
Flow Uec_507_1088 flowId 359 uecSrc 358 starting at 0
Flow Uec_903_344 flowId 360 uecSrc 359 starting at 0
Flow Uec_696_33 flowId 361 uecSrc 360 starting at 0
Flow Uec_451_947 flowId 362 uecSrc 361 starting at 0
Flow Uec_100_645 flowId 363 uecSrc 362 starting at 0
Flow Uec_726_142 flowId 364 uecSrc 363 starting at 0
Flow Uec_305_841 flowId 365 uecSrc 364 starting at 0
Flow Uec_93_585 flowId 366 uecSrc 365 starting at 0
Flow Uec_605_43 flowId 367 uecSrc 366 starting at 0
Flow Uec_558_1035 flowId 368 uecSrc 367 starting at 0
Flow Uec_440_916 flowId 369 uecSrc 368 starting at 0
Flow Uec_703_165 flowId 370 uecSrc 369 starting at 0
Flow Uec_142_686 flowId 371 uecSrc 370 starting at 0
Flow Uec_365_834 flowId 372 uecSrc 371 starting at 0
Flow Uec_806_283 flowId 373 uecSrc 372 starting at 0
Flow Uec_115_632 flowId 374 uecSrc 373 starting at 0
Flow Uec_442_964 flowId 375 uecSrc 374 starting at 0
Flow Uec_498_956 flowId 376 uecSrc 375 starting at 0
Flow Uec_822_261 flowId 377 uecSrc 376 starting at 0
Flow Uec_394_862 flowId 378 uecSrc 377 starting at 0
Flow Uec_12_549 flowId 379 uecSrc 378 starting at 0
Flow Uec_571_1066 flowId 380 uecSrc 379 starting at 0
Flow Uec_320_848 flowId 381 uecSrc 380 starting at 0
Flow Uec_728_172 flowId 382 uecSrc 381 starting at 0
Flow Uec_556_1077 flowId 383 uecSrc 382 starting at 0
Flow Uec_288_793 flowId 384 uecSrc 383 starting at 0
Flow Uec_753_192 flowId 385 uecSrc 384 starting at 0
Flow Uec_921_356 flowId 386 uecSrc 385 starting at 0
Flow Uec_685_44 flowId 387 uecSrc 386 starting at 0
Flow Uec_1015_462 flowId 388 uecSrc 387 starting at 0
Flow Uec_13_512 flowId 389 uecSrc 388 starting at 0
Flow Uec_16_583 flowId 390 uecSrc 389 starting at 0
Flow Uec_39_588 flowId 391 uecSrc 390 starting at 0
Flow Uec_884_213 flowId 392 uecSrc 391 starting at 0
Flow Uec_867_258 flowId 393 uecSrc 392 starting at 0
Flow Uec_114_636 flowId 394 uecSrc 393 starting at 0
Flow Uec_388_859 flowId 395 uecSrc 394 starting at 0
Flow Uec_257_764 flowId 396 uecSrc 395 starting at 0
Flow Uec_599_1019 flowId 397 uecSrc 396 starting at 0
Flow Uec_28_514 flowId 398 uecSrc 397 starting at 0
Flow Uec_150_664 flowId 399 uecSrc 398 starting at 0
Flow Uec_838_270 flowId 400 uecSrc 399 starting at 0
Flow Uec_58_591 flowId 401 uecSrc 400 starting at 0
Flow Uec_3_563 flowId 402 uecSrc 401 starting at 0
Flow Uec_537_1018 flowId 403 uecSrc 402 starting at 0
Flow Uec_887_240 flowId 404 uecSrc 403 starting at 0
Flow Uec_501_1076 flowId 405 uecSrc 404 starting at 0
Flow Uec_622_32 flowId 406 uecSrc 405 starting at 0
Flow Uec_1007_469 flowId 407 uecSrc 406 starting at 0
Flow Uec_722_163 flowId 408 uecSrc 407 starting at 0
Flow Uec_902_341 flowId 409 uecSrc 408 starting at 0
Flow Uec_735_184 flowId 410 uecSrc 409 starting at 0
Flow Uec_70_548 flowId 411 uecSrc 410 starting at 0
Flow Uec_985_375 flowId 412 uecSrc 411 starting at 0
Flow Uec_845_229 flowId 413 uecSrc 412 starting at 0
Flow Uec_174_646 flowId 414 uecSrc 413 starting at 0
Flow Uec_173_674 flowId 415 uecSrc 414 starting at 0
Flow Uec_53_535 flowId 416 uecSrc 415 starting at 0
Flow Uec_1089_471 flowId 417 uecSrc 416 starting at 0
Flow Uec_511_1041 flowId 418 uecSrc 417 starting at 0
Flow Uec_69_554 flowId 419 uecSrc 418 starting at 0
Flow Uec_1016_497 flowId 420 uecSrc 419 starting at 0
Flow Uec_267_792 flowId 421 uecSrc 420 starting at 0
Flow Uec_597_1036 flowId 422 uecSrc 421 starting at 0
Flow Uec_563_1073 flowId 423 uecSrc 422 starting at 0
Flow Uec_97_510 flowId 424 uecSrc 423 starting at 0
Flow Uec_192_613 flowId 425 uecSrc 424 starting at 0
Flow Uec_933_380 flowId 426 uecSrc 425 starting at 0
Flow Uec_15_509 flowId 427 uecSrc 426 starting at 0
Flow Uec_568_1087 flowId 428 uecSrc 427 starting at 0
Flow Uec_645_99 flowId 429 uecSrc 428 starting at 0
Flow Uec_973_325 flowId 430 uecSrc 429 starting at 0
Flow Uec_41_597 flowId 431 uecSrc 430 starting at 0
Flow Uec_236_755 flowId 432 uecSrc 431 starting at 0
Flow Uec_517_1027 flowId 433 uecSrc 432 starting at 0
Flow Uec_485_952 flowId 434 uecSrc 433 starting at 0
Flow Uec_325_821 flowId 435 uecSrc 434 starting at 0
Flow Uec_769_181 flowId 436 uecSrc 435 starting at 0
Flow Uec_704_157 flowId 437 uecSrc 436 starting at 0
Flow Uec_603_77 flowId 438 uecSrc 437 starting at 0
Flow Uec_1076_494 flowId 439 uecSrc 438 starting at 0
Flow Uec_477_968 flowId 440 uecSrc 439 starting at 0
Flow Uec_670_46 flowId 441 uecSrc 440 starting at 0
Flow Uec_50_582 flowId 442 uecSrc 441 starting at 0
Flow Uec_732_119 flowId 443 uecSrc 442 starting at 0
Flow Uec_659_91 flowId 444 uecSrc 443 starting at 0
Flow Uec_217_760 flowId 445 uecSrc 444 starting at 0
Flow Uec_790_144 flowId 446 uecSrc 445 starting at 0
Flow Uec_627_52 flowId 447 uecSrc 446 starting at 0
Flow Uec_1067_498 flowId 448 uecSrc 447 starting at 0
Flow Uec_782_159 flowId 449 uecSrc 448 starting at 0
Flow Uec_730_136 flowId 450 uecSrc 449 starting at 0
Flow Uec_290_704 flowId 451 uecSrc 450 starting at 0
Flow Uec_311_879 flowId 452 uecSrc 451 starting at 0
Flow Uec_71_540 flowId 453 uecSrc 452 starting at 0
Flow Uec_336_865 flowId 454 uecSrc 453 starting at 0
Flow Uec_582_1017 flowId 455 uecSrc 454 starting at 0
Flow Uec_719_182 flowId 456 uecSrc 455 starting at 0
Flow Uec_45_537 flowId 457 uecSrc 456 starting at 0
Flow Uec_1075_419 flowId 458 uecSrc 457 starting at 0
Flow Uec_391_873 flowId 459 uecSrc 458 starting at 0
Flow Uec_775_171 flowId 460 uecSrc 459 starting at 0
Flow Uec_1048_418 flowId 461 uecSrc 460 starting at 0
Flow Uec_811_256 flowId 462 uecSrc 461 starting at 0
Flow Uec_525_1006 flowId 463 uecSrc 462 starting at 0
Flow Uec_277_754 flowId 464 uecSrc 463 starting at 0
Flow Uec_149_615 flowId 465 uecSrc 464 starting at 0
Flow Uec_968_378 flowId 466 uecSrc 465 starting at 0
Flow Uec_334_868 flowId 467 uecSrc 466 starting at 0
Flow Uec_549_1024 flowId 468 uecSrc 467 starting at 0
Flow Uec_289_731 flowId 469 uecSrc 468 starting at 0
Flow Uec_688_16 flowId 470 uecSrc 469 starting at 0
Flow Uec_929_311 flowId 471 uecSrc 470 starting at 0
Flow Uec_609_53 flowId 472 uecSrc 471 starting at 0
Flow Uec_676_76 flowId 473 uecSrc 472 starting at 0
Flow Uec_145_672 flowId 474 uecSrc 473 starting at 0
Flow Uec_198_679 flowId 475 uecSrc 474 starting at 0
Flow Uec_708_180 flowId 476 uecSrc 475 starting at 0
Flow Uec_107_623 flowId 477 uecSrc 476 starting at 0
Flow Uec_95_521 flowId 478 uecSrc 477 starting at 0
Flow Uec_354_867 flowId 479 uecSrc 478 starting at 0
Flow Uec_251_773 flowId 480 uecSrc 479 starting at 0
Flow Uec_924_397 flowId 481 uecSrc 480 starting at 0
Flow Uec_54_543 flowId 482 uecSrc 481 starting at 0
Flow Uec_127_696 flowId 483 uecSrc 482 starting at 0
Flow Uec_707_114 flowId 484 uecSrc 483 starting at 0
Flow Uec_291_790 flowId 485 uecSrc 484 starting at 0
Flow Uec_1085_477 flowId 486 uecSrc 485 starting at 0
Flow Uec_324_856 flowId 487 uecSrc 486 starting at 0
Flow Uec_1060_450 flowId 488 uecSrc 487 starting at 0
Flow Uec_969_352 flowId 489 uecSrc 488 starting at 0
Flow Uec_448_953 flowId 490 uecSrc 489 starting at 0
Flow Uec_42_551 flowId 491 uecSrc 490 starting at 0
Flow Uec_752_151 flowId 492 uecSrc 491 starting at 0
Flow Uec_975_338 flowId 493 uecSrc 492 starting at 0
Flow Uec_616_72 flowId 494 uecSrc 493 starting at 0
Flow Uec_123_690 flowId 495 uecSrc 494 starting at 0
Flow Uec_948_315 flowId 496 uecSrc 495 starting at 0
Flow Uec_102_661 flowId 497 uecSrc 496 starting at 0
Flow Uec_1098_490 flowId 498 uecSrc 497 starting at 0
Flow Uec_846_290 flowId 499 uecSrc 498 starting at 0
Flow Uec_990_320 flowId 500 uecSrc 499 starting at 0
Flow Uec_1090_406 flowId 501 uecSrc 500 starting at 0
Flow Uec_0_500 flowId 502 uecSrc 501 starting at 0
Flow Uec_416_943 flowId 503 uecSrc 502 starting at 0
Flow Uec_461_913 flowId 504 uecSrc 503 starting at 0
Flow Uec_319_829 flowId 505 uecSrc 504 starting at 0
Flow Uec_90_577 flowId 506 uecSrc 505 starting at 0
Flow Uec_641_4 flowId 507 uecSrc 506 starting at 0
Flow Uec_807_299 flowId 508 uecSrc 507 starting at 0
Flow Uec_1037_441 flowId 509 uecSrc 508 starting at 0
Flow Uec_927_396 flowId 510 uecSrc 509 starting at 0
Flow Uec_419_945 flowId 511 uecSrc 510 starting at 0
Flow Uec_221_774 flowId 512 uecSrc 511 starting at 0
Flow Uec_610_6 flowId 513 uecSrc 512 starting at 0
Flow Uec_248_724 flowId 514 uecSrc 513 starting at 0
Flow Uec_245_747 flowId 515 uecSrc 514 starting at 0
Flow Uec_104_638 flowId 516 uecSrc 515 starting at 0
Flow Uec_283_775 flowId 517 uecSrc 516 starting at 0
Flow Uec_679_69 flowId 518 uecSrc 517 starting at 0
Flow Uec_608_37 flowId 519 uecSrc 518 starting at 0
Flow Uec_620_75 flowId 520 uecSrc 519 starting at 0
Flow Uec_908_337 flowId 521 uecSrc 520 starting at 0
Flow Uec_909_390 flowId 522 uecSrc 521 starting at 0
Flow Uec_993_316 flowId 523 uecSrc 522 starting at 0
Flow Uec_421_979 flowId 524 uecSrc 523 starting at 0
Flow Uec_1019_492 flowId 525 uecSrc 524 starting at 0
Flow Uec_396_809 flowId 526 uecSrc 525 starting at 0
Flow Uec_915_304 flowId 527 uecSrc 526 starting at 0
Flow Uec_281_779 flowId 528 uecSrc 527 starting at 0
Flow Uec_358_826 flowId 529 uecSrc 528 starting at 0
Flow Uec_810_245 flowId 530 uecSrc 529 starting at 0
Flow Uec_706_186 flowId 531 uecSrc 530 starting at 0
Flow Uec_122_668 flowId 532 uecSrc 531 starting at 0
Flow Uec_594_1000 flowId 533 uecSrc 532 starting at 0
Flow Uec_791_185 flowId 534 uecSrc 533 starting at 0
Flow Uec_831_219 flowId 535 uecSrc 534 starting at 0
Flow Uec_748_140 flowId 536 uecSrc 535 starting at 0
Flow Uec_547_1013 flowId 537 uecSrc 536 starting at 0
Flow Uec_1033_467 flowId 538 uecSrc 537 starting at 0
Flow Uec_210_784 flowId 539 uecSrc 538 starting at 0
Flow Uec_78_556 flowId 540 uecSrc 539 starting at 0
Flow Uec_684_21 flowId 541 uecSrc 540 starting at 0
Flow Uec_105_682 flowId 542 uecSrc 541 starting at 0
Flow Uec_992_327 flowId 543 uecSrc 542 starting at 0
Flow Uec_441_930 flowId 544 uecSrc 543 starting at 0
Flow Uec_487_951 flowId 545 uecSrc 544 starting at 0
Flow Uec_219_728 flowId 546 uecSrc 545 starting at 0
Flow Uec_374_803 flowId 547 uecSrc 546 starting at 0
Flow Uec_1000_428 flowId 548 uecSrc 547 starting at 0
Flow Uec_1026_453 flowId 549 uecSrc 548 starting at 0
Flow Uec_156_611 flowId 550 uecSrc 549 starting at 0
Flow Uec_544_1092 flowId 551 uecSrc 550 starting at 0
Flow Uec_67_595 flowId 552 uecSrc 551 starting at 0
Flow Uec_429_926 flowId 553 uecSrc 552 starting at 0
Flow Uec_55_557 flowId 554 uecSrc 553 starting at 0
Flow Uec_655_66 flowId 555 uecSrc 554 starting at 0
Flow Uec_803_273 flowId 556 uecSrc 555 starting at 0
Flow Uec_303_840 flowId 557 uecSrc 556 starting at 0
Flow Uec_682_9 flowId 558 uecSrc 557 starting at 0
Flow Uec_137_619 flowId 559 uecSrc 558 starting at 0
Flow Uec_825_265 flowId 560 uecSrc 559 starting at 0
Flow Uec_392_814 flowId 561 uecSrc 560 starting at 0
Flow Uec_187_634 flowId 562 uecSrc 561 starting at 0
Flow Uec_231_771 flowId 563 uecSrc 562 starting at 0
Flow Uec_796_158 flowId 564 uecSrc 563 starting at 0
Flow Uec_11_524 flowId 565 uecSrc 564 starting at 0
Flow Uec_328_812 flowId 566 uecSrc 565 starting at 0
Flow Uec_574_1042 flowId 567 uecSrc 566 starting at 0
Flow Uec_256_762 flowId 568 uecSrc 567 starting at 0
Flow Uec_721_162 flowId 569 uecSrc 568 starting at 0
Flow Uec_270_752 flowId 570 uecSrc 569 starting at 0
Flow Uec_1006_474 flowId 571 uecSrc 570 starting at 0
Flow Uec_754_129 flowId 572 uecSrc 571 starting at 0
Flow Uec_376_827 flowId 573 uecSrc 572 starting at 0
Flow Uec_212_715 flowId 574 uecSrc 573 starting at 0
Flow Uec_710_188 flowId 575 uecSrc 574 starting at 0
Flow Uec_457_985 flowId 576 uecSrc 575 starting at 0
Flow Uec_188_606 flowId 577 uecSrc 576 starting at 0
Flow Uec_343_872 flowId 578 uecSrc 577 starting at 0
Flow Uec_1046_456 flowId 579 uecSrc 578 starting at 0
Flow Uec_1097_417 flowId 580 uecSrc 579 starting at 0
Flow Uec_1072_487 flowId 581 uecSrc 580 starting at 0
Flow Uec_331_802 flowId 582 uecSrc 581 starting at 0
Flow Uec_745_198 flowId 583 uecSrc 582 starting at 0
Flow Uec_199_687 flowId 584 uecSrc 583 starting at 0
Flow Uec_502_1098 flowId 585 uecSrc 584 starting at 0
Flow Uec_1080_493 flowId 586 uecSrc 585 starting at 0
Flow Uec_994_373 flowId 587 uecSrc 586 starting at 0
Flow Uec_524_1049 flowId 588 uecSrc 587 starting at 0
Flow Uec_409_934 flowId 589 uecSrc 588 starting at 0
Flow Uec_26_552 flowId 590 uecSrc 589 starting at 0
Flow Uec_162_616 flowId 591 uecSrc 590 starting at 0
Flow Uec_268_714 flowId 592 uecSrc 591 starting at 0
Flow Uec_284_710 flowId 593 uecSrc 592 starting at 0
Flow Uec_564_1070 flowId 594 uecSrc 593 starting at 0
Flow Uec_1034_486 flowId 595 uecSrc 594 starting at 0
Flow Uec_637_8 flowId 596 uecSrc 595 starting at 0
Flow Uec_772_164 flowId 597 uecSrc 596 starting at 0
Flow Uec_587_1026 flowId 598 uecSrc 597 starting at 0
Flow Uec_205_777 flowId 599 uecSrc 598 starting at 0
Flow Uec_226_776 flowId 600 uecSrc 599 starting at 0
Flow Uec_408_955 flowId 601 uecSrc 600 starting at 0
Flow Uec_932_306 flowId 602 uecSrc 601 starting at 0
Flow Uec_666_12 flowId 603 uecSrc 602 starting at 0
Flow Uec_1094_465 flowId 604 uecSrc 603 starting at 0
Flow Uec_559_1029 flowId 605 uecSrc 604 starting at 0
Flow Uec_970_367 flowId 606 uecSrc 605 starting at 0
Flow Uec_32_538 flowId 607 uecSrc 606 starting at 0
Flow Uec_575_1079 flowId 608 uecSrc 607 starting at 0
Flow Uec_446_939 flowId 609 uecSrc 608 starting at 0
Flow Uec_1070_401 flowId 610 uecSrc 609 starting at 0
Flow Uec_812_214 flowId 611 uecSrc 610 starting at 0
Flow Uec_225_786 flowId 612 uecSrc 611 starting at 0
Flow Uec_895_289 flowId 613 uecSrc 612 starting at 0
Flow Uec_382_884 flowId 614 uecSrc 613 starting at 0
Flow Uec_94_594 flowId 615 uecSrc 614 starting at 0
Flow Uec_527_1052 flowId 616 uecSrc 615 starting at 0
Flow Uec_144_639 flowId 617 uecSrc 616 starting at 0
Flow Uec_1049_459 flowId 618 uecSrc 617 starting at 0
Flow Uec_854_296 flowId 619 uecSrc 618 starting at 0
Flow Uec_72_559 flowId 620 uecSrc 619 starting at 0
Flow Uec_166_670 flowId 621 uecSrc 620 starting at 0
Flow Uec_399_847 flowId 622 uecSrc 621 starting at 0
Flow Uec_519_1044 flowId 623 uecSrc 622 starting at 0
Flow Uec_195_692 flowId 624 uecSrc 623 starting at 0
Flow Uec_522_1069 flowId 625 uecSrc 624 starting at 0
Flow Uec_129_642 flowId 626 uecSrc 625 starting at 0
Flow Uec_443_984 flowId 627 uecSrc 626 starting at 0
Flow Uec_216_750 flowId 628 uecSrc 627 starting at 0
Flow Uec_832_293 flowId 629 uecSrc 628 starting at 0
Flow Uec_108_688 flowId 630 uecSrc 629 starting at 0
Flow Uec_378_842 flowId 631 uecSrc 630 starting at 0
Flow Uec_223_739 flowId 632 uecSrc 631 starting at 0
Flow Uec_161_667 flowId 633 uecSrc 632 starting at 0
Flow Uec_285_732 flowId 634 uecSrc 633 starting at 0
Flow Uec_536_1074 flowId 635 uecSrc 634 starting at 0
Flow Uec_481_970 flowId 636 uecSrc 635 starting at 0
Flow Uec_1074_403 flowId 637 uecSrc 636 starting at 0
Flow Uec_513_1080 flowId 638 uecSrc 637 starting at 0
Flow Uec_773_176 flowId 639 uecSrc 638 starting at 0
Flow Uec_651_70 flowId 640 uecSrc 639 starting at 0
Flow Uec_596_1071 flowId 641 uecSrc 640 starting at 0
Flow Uec_1030_452 flowId 642 uecSrc 641 starting at 0
Flow Uec_261_766 flowId 643 uecSrc 642 starting at 0
Flow Uec_8_516 flowId 644 uecSrc 643 starting at 0
Flow Uec_662_88 flowId 645 uecSrc 644 starting at 0
Flow Uec_879_211 flowId 646 uecSrc 645 starting at 0
Flow Uec_949_313 flowId 647 uecSrc 646 starting at 0
Flow Uec_329_866 flowId 648 uecSrc 647 starting at 0
Flow Uec_981_310 flowId 649 uecSrc 648 starting at 0
Flow Uec_434_904 flowId 650 uecSrc 649 starting at 0
Flow Uec_816_248 flowId 651 uecSrc 650 starting at 0
Flow Uec_471_999 flowId 652 uecSrc 651 starting at 0
Flow Uec_1064_489 flowId 653 uecSrc 652 starting at 0
Flow Uec_657_5 flowId 654 uecSrc 653 starting at 0
Flow Uec_430_962 flowId 655 uecSrc 654 starting at 0
Flow Uec_177_654 flowId 656 uecSrc 655 starting at 0
Flow Uec_402_919 flowId 657 uecSrc 656 starting at 0
Flow Uec_301_800 flowId 658 uecSrc 657 starting at 0
Flow Uec_395_828 flowId 659 uecSrc 658 starting at 0
Flow Uec_872_266 flowId 660 uecSrc 659 starting at 0
Flow Uec_510_1037 flowId 661 uecSrc 660 starting at 0
Flow Uec_426_966 flowId 662 uecSrc 661 starting at 0
Flow Uec_705_189 flowId 663 uecSrc 662 starting at 0
Flow Uec_925_371 flowId 664 uecSrc 663 starting at 0
Flow Uec_316_875 flowId 665 uecSrc 664 starting at 0
Flow Uec_529_1054 flowId 666 uecSrc 665 starting at 0
Flow Uec_238_703 flowId 667 uecSrc 666 starting at 0
Flow Uec_583_1083 flowId 668 uecSrc 667 starting at 0
Flow Uec_263_796 flowId 669 uecSrc 668 starting at 0
Flow Uec_937_384 flowId 670 uecSrc 669 starting at 0
Flow Uec_946_303 flowId 671 uecSrc 670 starting at 0
Flow Uec_178_691 flowId 672 uecSrc 671 starting at 0
Flow Uec_158_669 flowId 673 uecSrc 672 starting at 0
Flow Uec_712_135 flowId 674 uecSrc 673 starting at 0
Flow Uec_885_225 flowId 675 uecSrc 674 starting at 0
Flow Uec_197_609 flowId 676 uecSrc 675 starting at 0
Flow Uec_681_55 flowId 677 uecSrc 676 starting at 0
Flow Uec_444_900 flowId 678 uecSrc 677 starting at 0
Flow Uec_835_257 flowId 679 uecSrc 678 starting at 0
Flow Uec_33_584 flowId 680 uecSrc 679 starting at 0
Flow Uec_98_511 flowId 681 uecSrc 680 starting at 0
Flow Uec_907_349 flowId 682 uecSrc 681 starting at 0
Flow Uec_432_944 flowId 683 uecSrc 682 starting at 0
Flow Uec_113_684 flowId 684 uecSrc 683 starting at 0
Flow Uec_784_111 flowId 685 uecSrc 684 starting at 0
Flow Uec_474_948 flowId 686 uecSrc 685 starting at 0
Flow Uec_436_929 flowId 687 uecSrc 686 starting at 0
Flow Uec_778_108 flowId 688 uecSrc 687 starting at 0
Flow Uec_837_255 flowId 689 uecSrc 688 starting at 0
Flow Uec_869_253 flowId 690 uecSrc 689 starting at 0
Flow Uec_787_103 flowId 691 uecSrc 690 starting at 0
Flow Uec_401_933 flowId 692 uecSrc 691 starting at 0
Flow Uec_175_678 flowId 693 uecSrc 692 starting at 0
Flow Uec_133_662 flowId 694 uecSrc 693 starting at 0
Flow Uec_171_680 flowId 695 uecSrc 694 starting at 0
Flow Uec_997_302 flowId 696 uecSrc 695 starting at 0
Flow Uec_44_566 flowId 697 uecSrc 696 starting at 0
Flow Uec_232_723 flowId 698 uecSrc 697 starting at 0
Flow Uec_817_291 flowId 699 uecSrc 698 starting at 0
Flow Uec_849_271 flowId 700 uecSrc 699 starting at 0
Flow Uec_246_743 flowId 701 uecSrc 700 starting at 0
Flow Uec_567_1089 flowId 702 uecSrc 701 starting at 0
Flow Uec_361_871 flowId 703 uecSrc 702 starting at 0
Flow Uec_265_730 flowId 704 uecSrc 703 starting at 0
Flow Uec_119_641 flowId 705 uecSrc 704 starting at 0
Flow Uec_576_1040 flowId 706 uecSrc 705 starting at 0
Flow Uec_1002_475 flowId 707 uecSrc 706 starting at 0
Flow Uec_403_941 flowId 708 uecSrc 707 starting at 0
Flow Uec_971_350 flowId 709 uecSrc 708 starting at 0
Flow Uec_1001_458 flowId 710 uecSrc 709 starting at 0
Flow Uec_800_243 flowId 711 uecSrc 710 starting at 0
Flow Uec_237_726 flowId 712 uecSrc 711 starting at 0
Flow Uec_1083_413 flowId 713 uecSrc 712 starting at 0
Flow Uec_109_677 flowId 714 uecSrc 713 starting at 0
Flow Uec_920_387 flowId 715 uecSrc 714 starting at 0
Flow Uec_930_393 flowId 716 uecSrc 715 starting at 0
Flow Uec_689_48 flowId 717 uecSrc 716 starting at 0
Flow Uec_466_902 flowId 718 uecSrc 717 starting at 0
Flow Uec_776_117 flowId 719 uecSrc 718 starting at 0
Flow Uec_940_300 flowId 720 uecSrc 719 starting at 0
Flow Uec_242_778 flowId 721 uecSrc 720 starting at 0
Flow Uec_1096_404 flowId 722 uecSrc 721 starting at 0
Flow Uec_774_187 flowId 723 uecSrc 722 starting at 0
Flow Uec_321_883 flowId 724 uecSrc 723 starting at 0
Flow Uec_871_208 flowId 725 uecSrc 724 starting at 0
Flow Uec_74_503 flowId 726 uecSrc 725 starting at 0
Flow Uec_690_40 flowId 727 uecSrc 726 starting at 0
Flow Uec_1005_431 flowId 728 uecSrc 727 starting at 0
Flow Uec_677_30 flowId 729 uecSrc 728 starting at 0
Flow Uec_203_705 flowId 730 uecSrc 729 starting at 0
Flow Uec_181_699 flowId 731 uecSrc 730 starting at 0
Flow Uec_843_224 flowId 732 uecSrc 731 starting at 0
Flow Uec_888_276 flowId 733 uecSrc 732 starting at 0
Flow Uec_526_1015 flowId 734 uecSrc 733 starting at 0
Flow Uec_88_590 flowId 735 uecSrc 734 starting at 0
Flow Uec_126_627 flowId 736 uecSrc 735 starting at 0
Flow Uec_1099_455 flowId 737 uecSrc 736 starting at 0
Flow Uec_553_1007 flowId 738 uecSrc 737 starting at 0
Flow Uec_630_80 flowId 739 uecSrc 738 starting at 0
Flow Uec_274_700 flowId 740 uecSrc 739 starting at 0
Flow Uec_1023_447 flowId 741 uecSrc 740 starting at 0
Flow Uec_979_361 flowId 742 uecSrc 741 starting at 0
Flow Uec_431_954 flowId 743 uecSrc 742 starting at 0
Flow Uec_148_697 flowId 744 uecSrc 743 starting at 0
Flow Uec_387_817 flowId 745 uecSrc 744 starting at 0
Flow Uec_701_127 flowId 746 uecSrc 745 starting at 0
Flow Uec_857_246 flowId 747 uecSrc 746 starting at 0
Flow Uec_43_573 flowId 748 uecSrc 747 starting at 0
Flow Uec_759_178 flowId 749 uecSrc 748 starting at 0
Flow Uec_120_655 flowId 750 uecSrc 749 starting at 0
Flow Uec_868_286 flowId 751 uecSrc 750 starting at 0
Flow Uec_899_280 flowId 752 uecSrc 751 starting at 0
Flow Uec_1041_496 flowId 753 uecSrc 752 starting at 0
Flow Uec_861_288 flowId 754 uecSrc 753 starting at 0
Flow Uec_668_25 flowId 755 uecSrc 754 starting at 0
Flow Uec_509_1078 flowId 756 uecSrc 755 starting at 0
Flow Uec_439_986 flowId 757 uecSrc 756 starting at 0
Flow Uec_767_100 flowId 758 uecSrc 757 starting at 0
Flow Uec_38_570 flowId 759 uecSrc 758 starting at 0
Flow Uec_672_60 flowId 760 uecSrc 759 starting at 0
Flow Uec_665_18 flowId 761 uecSrc 760 starting at 0
Flow Uec_420_914 flowId 762 uecSrc 761 starting at 0
Flow Uec_910_312 flowId 763 uecSrc 762 starting at 0
Flow Uec_447_931 flowId 764 uecSrc 763 starting at 0
Flow Uec_683_95 flowId 765 uecSrc 764 starting at 0
Flow Uec_191_607 flowId 766 uecSrc 765 starting at 0
Flow Uec_783_143 flowId 767 uecSrc 766 starting at 0
Flow Uec_342_870 flowId 768 uecSrc 767 starting at 0
Flow Uec_235_761 flowId 769 uecSrc 768 starting at 0
Flow Uec_763_173 flowId 770 uecSrc 769 starting at 0
Flow Uec_967_392 flowId 771 uecSrc 770 starting at 0
Flow Uec_585_1039 flowId 772 uecSrc 771 starting at 0
Flow Uec_1027_408 flowId 773 uecSrc 772 starting at 0
Flow Uec_91_532 flowId 774 uecSrc 773 starting at 0
Flow Uec_132_625 flowId 775 uecSrc 774 starting at 0
Flow Uec_548_1023 flowId 776 uecSrc 775 starting at 0
Flow Uec_694_56 flowId 777 uecSrc 776 starting at 0
Flow Uec_580_1091 flowId 778 uecSrc 777 starting at 0
Flow Uec_307_823 flowId 779 uecSrc 778 starting at 0
Flow Uec_834_272 flowId 780 uecSrc 779 starting at 0
Flow Uec_729_104 flowId 781 uecSrc 780 starting at 0
Flow Uec_360_894 flowId 782 uecSrc 781 starting at 0
Flow Uec_880_223 flowId 783 uecSrc 782 starting at 0
Flow Uec_92_539 flowId 784 uecSrc 783 starting at 0
Flow Uec_7_506 flowId 785 uecSrc 784 starting at 0
Flow Uec_117_630 flowId 786 uecSrc 785 starting at 0
Flow Uec_756_115 flowId 787 uecSrc 786 starting at 0
Flow Uec_154_644 flowId 788 uecSrc 787 starting at 0
Flow Uec_1038_438 flowId 789 uecSrc 788 starting at 0
Flow Uec_65_530 flowId 790 uecSrc 789 starting at 0
Flow Uec_304_801 flowId 791 uecSrc 790 starting at 0
Flow Uec_302_819 flowId 792 uecSrc 791 starting at 0
Flow Uec_678_41 flowId 793 uecSrc 792 starting at 0
Flow Uec_492_950 flowId 794 uecSrc 793 starting at 0
Flow Uec_366_890 flowId 795 uecSrc 794 starting at 0
Flow Uec_1043_414 flowId 796 uecSrc 795 starting at 0
Flow Uec_858_264 flowId 797 uecSrc 796 starting at 0
Flow Uec_998_391 flowId 798 uecSrc 797 starting at 0
Flow Uec_755_175 flowId 799 uecSrc 798 starting at 0
Flow Uec_140_621 flowId 800 uecSrc 799 starting at 0
Flow Uec_48_580 flowId 801 uecSrc 800 starting at 0
Flow Uec_771_169 flowId 802 uecSrc 801 starting at 0
Flow Uec_557_1081 flowId 803 uecSrc 802 starting at 0
Flow Uec_75_587 flowId 804 uecSrc 803 starting at 0
Flow Uec_736_149 flowId 805 uecSrc 804 starting at 0
Flow Uec_153_600 flowId 806 uecSrc 805 starting at 0
Flow Uec_983_335 flowId 807 uecSrc 806 starting at 0
Flow Uec_348_816 flowId 808 uecSrc 807 starting at 0
Flow Uec_17_572 flowId 809 uecSrc 808 starting at 0
Flow Uec_770_107 flowId 810 uecSrc 809 starting at 0
Flow Uec_20_599 flowId 811 uecSrc 810 starting at 0
Flow Uec_779_130 flowId 812 uecSrc 811 starting at 0
Flow Uec_566_1099 flowId 813 uecSrc 812 starting at 0
Flow Uec_317_830 flowId 814 uecSrc 813 starting at 0
Flow Uec_200_702 flowId 815 uecSrc 814 starting at 0
Flow Uec_760_167 flowId 816 uecSrc 815 starting at 0
Flow Uec_1022_429 flowId 817 uecSrc 816 starting at 0
Flow Uec_433_977 flowId 818 uecSrc 817 starting at 0
Flow Uec_134_657 flowId 819 uecSrc 818 starting at 0
Flow Uec_842_230 flowId 820 uecSrc 819 starting at 0
Flow Uec_138_694 flowId 821 uecSrc 820 starting at 0
Flow Uec_987_308 flowId 822 uecSrc 821 starting at 0
Flow Uec_734_147 flowId 823 uecSrc 822 starting at 0
Flow Uec_516_1058 flowId 824 uecSrc 823 starting at 0
Flow Uec_73_596 flowId 825 uecSrc 824 starting at 0
Flow Uec_16_583 flowId 390 uecSrc 389 finished at 231.964 total messages 1 total packets 490 RTS 0 total bytes 2002140 in_flight now 0 fair_inc 15239 prop_inc 33384 fast_inc 0 eta_inc 10728 multi_dec -0 quick_dec -0 nack_dec -45650
Flow Uec_791_185 flowId 534 uecSrc 533 finished at 239.096 total messages 1 total packets 490 RTS 0 total bytes 2002140 in_flight now 0 fair_inc 5307 prop_inc 53620 fast_inc 0 eta_inc 11324 multi_dec -0 quick_dec -0 nack_dec -78850
Flow Uec_257_764 flowId 396 uecSrc 395 finished at 242.761 total messages 1 total packets 490 RTS 0 total bytes 2002140 in_flight now 0 fair_inc 7508 prop_inc 48666 fast_inc 0 eta_inc 11324 multi_dec -0 quick_dec -0 nack_dec -66400
Flow Uec_289_731 flowId 469 uecSrc 468 finished at 244.346 total messages 1 total packets 490 RTS 0 total bytes 2002140 in_flight now 0 fair_inc 7254 prop_inc 52055 fast_inc 0 eta_inc 11324 multi_dec -0 quick_dec -0 nack_dec -74700
Flow Uec_867_258 flowId 393 uecSrc 392 finished at 245.727 total messages 1 total packets 490 RTS 0 total bytes 2002140 in_flight now 0 fair_inc 10707 prop_inc 39258 fast_inc 0 eta_inc 11324 multi_dec -821 quick_dec -0 nack_dec -70550
Flow Uec_420_914 flowId 762 uecSrc 761 finished at 245.84 total messages 1 total packets 490 RTS 0 total bytes 2002140 in_flight now 0 fair_inc 13707 prop_inc 51712 fast_inc 0 eta_inc 11324 multi_dec -0 quick_dec -0 nack_dec -83000
Flow Uec_918_389 flowId 43 uecSrc 42 finished at 246.163 total messages 1 total packets 490 RTS 0 total bytes 2002140 in_flight now 0 fair_inc 6541 prop_inc 48892 fast_inc 0 eta_inc 11324 multi_dec -0 quick_dec -0 nack_dec -83000
Flow Uec_762_123 flowId 300 uecSrc 299 finished at 247.814 total messages 1 total packets 490 RTS 0 total bytes 2002140 in_flight now 0 fair_inc 9977 prop_inc 41601 fast_inc 0 eta_inc 11324 multi_dec -0 quick_dec -0 nack_dec -66400
Flow Uec_65_530 flowId 790 uecSrc 789 finished at 247.927 total messages 1 total packets 490 RTS 0 total bytes 2002140 in_flight now 0 fair_inc 5930 prop_inc 60936 fast_inc 0 eta_inc 11324 multi_dec -0 quick_dec -0 nack_dec -87150
Flow Uec_876_226 flowId 151 uecSrc 150 finished at 248.536 total messages 1 total packets 490 RTS 0 total bytes 2002140 in_flight now 0 fair_inc 20744 prop_inc 36792 fast_inc 0 eta_inc 11920 multi_dec -0 quick_dec -0 nack_dec -70550
Flow Uec_736_149 flowId 805 uecSrc 804 finished at 249.115 total messages 1 total packets 490 RTS 0 total bytes 2002140 in_flight now 0 fair_inc 6712 prop_inc 32516 fast_inc 0 eta_inc 11920 multi_dec -0 quick_dec -0 nack_dec -58100
Flow Uec_42_551 flowId 491 uecSrc 490 finished at 249.587 total messages 1 total packets 490 RTS 0 total bytes 2002140 in_flight now 0 fair_inc 3572 prop_inc 55081 fast_inc 0 eta_inc 11324 multi_dec -0 quick_dec -0 nack_dec -87150
Flow Uec_441_930 flowId 544 uecSrc 543 finished at 249.594 total messages 1 total packets 490 RTS 0 total bytes 2002140 in_flight now 0 fair_inc 7465 prop_inc 36213 fast_inc 0 eta_inc 11324 multi_dec -641 quick_dec -0 nack_dec -66400
Flow Uec_290_704 flowId 451 uecSrc 450 finished at 249.617 total messages 1 total packets 490 RTS 0 total bytes 2002140 in_flight now 0 fair_inc 20300 prop_inc 45201 fast_inc 0 eta_inc 11324 multi_dec -0 quick_dec -0 nack_dec -78850
Flow Uec_17_572 flowId 809 uecSrc 808 finished at 249.766 total messages 1 total packets 490 RTS 0 total bytes 2002140 in_flight now 0 fair_inc 6339 prop_inc 44126 fast_inc 0 eta_inc 11324 multi_dec -11981 quick_dec -0 nack_dec -66400
Flow Uec_858_264 flowId 797 uecSrc 796 finished at 249.834 total messages 1 total packets 490 RTS 0 total bytes 2002140 in_flight now 0 fair_inc 11085 prop_inc 37978 fast_inc 0 eta_inc 11920 multi_dec -0 quick_dec -0 nack_dec -74700
Flow Uec_30_568 flowId 317 uecSrc 316 finished at 250.23 total messages 1 total packets 490 RTS 0 total bytes 2002140 in_flight now 0 fair_inc 11532 prop_inc 41565 fast_inc 0 eta_inc 11324 multi_dec -0 quick_dec -0 nack_dec -74700
Flow Uec_904_309 flowId 231 uecSrc 230 finished at 250.806 total messages 1 total packets 490 RTS 0 total bytes 2002140 in_flight now 0 fair_inc 13335 prop_inc 46897 fast_inc 0 eta_inc 11920 multi_dec -0 quick_dec -0 nack_dec -87150
Flow Uec_734_147 flowId 823 uecSrc 822 finished at 251.06 total messages 1 total packets 490 RTS 0 total bytes 2002140 in_flight now 0 fair_inc 11253 prop_inc 36601 fast_inc 0 eta_inc 11920 multi_dec -0 quick_dec -0 nack_dec -62250
Flow Uec_819_268 flowId 149 uecSrc 148 finished at 251.181 total messages 1 total packets 490 RTS 0 total bytes 2002140 in_flight now 0 fair_inc 10898 prop_inc 41809 fast_inc 0 eta_inc 11920 multi_dec -0 quick_dec -0 nack_dec -70550
Flow Uec_901_364 flowId 319 uecSrc 318 finished at 251.814 total messages 1 total packets 490 RTS 0 total bytes 2002140 in_flight now 0 fair_inc 18268 prop_inc 40042 fast_inc 0 eta_inc 11920 multi_dec -0 quick_dec -0 nack_dec -83000
Flow Uec_53_535 flowId 416 uecSrc 415 finished at 252.15 total messages 1 total packets 490 RTS 0 total bytes 2002140 in_flight now 0 fair_inc 13007 prop_inc 40850 fast_inc 0 eta_inc 11920 multi_dec -0 quick_dec -0 nack_dec -78850
Flow Uec_679_69 flowId 518 uecSrc 517 finished at 252.215 total messages 1 total packets 490 RTS 0 total bytes 2002140 in_flight now 0 fair_inc 11961 prop_inc 31579 fast_inc 0 eta_inc 11920 multi_dec -1368 quick_dec -0 nack_dec -62250
Flow Uec_756_115 flowId 787 uecSrc 786 finished at 252.25 total messages 1 total packets 490 RTS 0 total bytes 2002140 in_flight now 0 fair_inc 2159 prop_inc 47383 fast_inc 0 eta_inc 11920 multi_dec -0 quick_dec -0 nack_dec -78850
Flow Uec_313_808 flowId 26 uecSrc 25 finished at 252.411 total messages 1 total packets 490 RTS 0 total bytes 2002140 in_flight now 0 fair_inc 14995 prop_inc 47462 fast_inc 0 eta_inc 11920 multi_dec -0 quick_dec -0 nack_dec -87150
Flow Uec_526_1015 flowId 734 uecSrc 733 finished at 253.111 total messages 1 total packets 490 RTS 0 total bytes 2002140 in_flight now 0 fair_inc 18452 prop_inc 35446 fast_inc 0 eta_inc 11324 multi_dec -0 quick_dec -0 nack_dec -83000
Flow Uec_267_792 flowId 421 uecSrc 420 finished at 253.418 total messages 1 total packets 490 RTS 0 total bytes 2002140 in_flight now 0 fair_inc 22584 prop_inc 39471 fast_inc 0 eta_inc 11920 multi_dec -0 quick_dec -0 nack_dec -74700
Flow Uec_745_198 flowId 583 uecSrc 582 finished at 253.599 total messages 1 total packets 490 RTS 0 total bytes 2002140 in_flight now 0 fair_inc 10835 prop_inc 46105 fast_inc 0 eta_inc 11920 multi_dec -0 quick_dec -0 nack_dec -83000
Flow Uec_99_507 flowId 339 uecSrc 338 finished at 254.416 total messages 1 total packets 490 RTS 0 total bytes 2002140 in_flight now 0 fair_inc 3125 prop_inc 60152 fast_inc 0 eta_inc 11920 multi_dec -0 quick_dec -0 nack_dec -91300
Flow Uec_374_803 flowId 547 uecSrc 546 finished at 254.743 total messages 1 total packets 490 RTS 0 total bytes 2002140 in_flight now 0 fair_inc 14749 prop_inc 34608 fast_inc 0 eta_inc 11920 multi_dec -19500 quick_dec -0 nack_dec -70550
Flow Uec_825_265 flowId 560 uecSrc 559 finished at 254.908 total messages 1 total packets 490 RTS 0 total bytes 2002140 in_flight now 0 fair_inc 8231 prop_inc 44633 fast_inc 0 eta_inc 11920 multi_dec -0 quick_dec -0 nack_dec -78850
Flow Uec_963_317 flowId 93 uecSrc 92 finished at 255.165 total messages 1 total packets 490 RTS 0 total bytes 2002140 in_flight now 0 fair_inc 8236 prop_inc 48175 fast_inc 0 eta_inc 11920 multi_dec -0 quick_dec -0 nack_dec -74700
Flow Uec_593_1046 flowId 4 uecSrc 3 finished at 255.193 total messages 1 total packets 490 RTS 0 total bytes 2002140 in_flight now 0 fair_inc 13775 prop_inc 33706 fast_inc 0 eta_inc 11920 multi_dec -0 quick_dec -0 nack_dec -74700
Flow Uec_774_187 flowId 723 uecSrc 722 finished at 255.533 total messages 1 total packets 490 RTS 0 total bytes 2002140 in_flight now 0 fair_inc 14967 prop_inc 34642 fast_inc 0 eta_inc 11920 multi_dec -4299 quick_dec -0 nack_dec -70550
Flow Uec_3_563 flowId 402 uecSrc 401 finished at 255.543 total messages 1 total packets 490 RTS 0 total bytes 2002140 in_flight now 0 fair_inc 10548 prop_inc 37505 fast_inc 0 eta_inc 11920 multi_dec -0 quick_dec -0 nack_dec -74700
Flow Uec_733_112 flowId 109 uecSrc 108 finished at 255.814 total messages 1 total packets 490 RTS 0 total bytes 2002140 in_flight now 0 fair_inc 15688 prop_inc 34955 fast_inc 0 eta_inc 11920 multi_dec -0 quick_dec -0 nack_dec -78850
Flow Uec_589_1072 flowId 184 uecSrc 183 finished at 255.91 total messages 1 total packets 490 RTS 0 total bytes 2002140 in_flight now 0 fair_inc 6810 prop_inc 50656 fast_inc 0 eta_inc 11920 multi_dec -0 quick_dec -0 nack_dec -87150
Flow Uec_71_540 flowId 453 uecSrc 452 finished at 256.512 total messages 1 total packets 490 RTS 0 total bytes 2002140 in_flight now 0 fair_inc 15637 prop_inc 47803 fast_inc 0 eta_inc 11920 multi_dec -0 quick_dec -0 nack_dec -87150
Flow Uec_910_312 flowId 763 uecSrc 762 finished at 256.604 total messages 1 total packets 490 RTS 0 total bytes 2002140 in_flight now 0 fair_inc 6839 prop_inc 47522 fast_inc 0 eta_inc 11920 multi_dec -0 quick_dec -0 nack_dec -87150
Flow Uec_107_623 flowId 477 uecSrc 476 finished at 256.654 total messages 1 total packets 490 RTS 0 total bytes 2002140 in_flight now 0 fair_inc 9841 prop_inc 45520 fast_inc 0 eta_inc 11920 multi_dec -0 quick_dec -0 nack_dec -78850
Flow Uec_735_184 flowId 410 uecSrc 409 finished at 256.883 total messages 1 total packets 490 RTS 0 total bytes 2002140 in_flight now 0 fair_inc 8829 prop_inc 38172 fast_inc 0 eta_inc 11920 multi_dec -0 quick_dec -0 nack_dec -74700
Flow Uec_268_714 flowId 592 uecSrc 591 finished at 257.077 total messages 1 total packets 490 RTS 0 total bytes 2002140 in_flight now 0 fair_inc 12697 prop_inc 40367 fast_inc 0 eta_inc 11920 multi_dec -0 quick_dec -0 nack_dec -74700
Flow Uec_959_394 flowId 274 uecSrc 273 finished at 257.172 total messages 1 total packets 490 RTS 0 total bytes 2002140 in_flight now 0 fair_inc 10365 prop_inc 44924 fast_inc 0 eta_inc 11920 multi_dec -0 quick_dec -0 nack_dec -76710
Flow Uec_846_290 flowId 499 uecSrc 498 finished at 257.176 total messages 1 total packets 490 RTS 0 total bytes 2002140 in_flight now 0 fair_inc 14858 prop_inc 40004 fast_inc 0 eta_inc 11920 multi_dec -0 quick_dec -0 nack_dec -74700
Flow Uec_111_698 flowId 118 uecSrc 117 finished at 257.39 total messages 1 total packets 490 RTS 0 total bytes 2002140 in_flight now 0 fair_inc 10794 prop_inc 44191 fast_inc 0 eta_inc 11920 multi_dec -0 quick_dec -0 nack_dec -70550
Flow Uec_303_840 flowId 557 uecSrc 556 finished at 257.427 total messages 1 total packets 490 RTS 0 total bytes 2002140 in_flight now 0 fair_inc 7371 prop_inc 39241 fast_inc 0 eta_inc 11920 multi_dec -0 quick_dec -0 nack_dec -78850
Flow Uec_390_899 flowId 85 uecSrc 84 finished at 257.626 total messages 1 total packets 490 RTS 0 total bytes 2002140 in_flight now 0 fair_inc 14698 prop_inc 51210 fast_inc 0 eta_inc 11920 multi_dec -0 quick_dec -0 nack_dec -87150
Flow Uec_771_169 flowId 802 uecSrc 801 finished at 257.788 total messages 1 total packets 490 RTS 0 total bytes 2002140 in_flight now 0 fair_inc 32963 prop_inc 31682 fast_inc 0 eta_inc 11920 multi_dec -0 quick_dec -0 nack_dec -78850
Flow Uec_803_273 flowId 556 uecSrc 555 finished at 257.847 total messages 1 total packets 490 RTS 0 total bytes 2002140 in_flight now 0 fair_inc 6254 prop_inc 41045 fast_inc 0 eta_inc 11920 multi_dec -653 quick_dec -0 nack_dec -74700
Flow Uec_60_562 flowId 304 uecSrc 303 finished at 257.866 total messages 1 total packets 490 RTS 0 total bytes 2002140 in_flight now 0 fair_inc 9387 prop_inc 42999 fast_inc 0 eta_inc 11920 multi_dec -375 quick_dec -0 nack_dec -78850
Flow Uec_486_932 flowId 95 uecSrc 94 finished at 258.265 total messages 1 total packets 490 RTS 0 total bytes 2002140 in_flight now 0 fair_inc 12248 prop_inc 49308 fast_inc 0 eta_inc 11920 multi_dec -0 quick_dec -0 nack_dec -91300
Flow Uec_981_310 flowId 649 uecSrc 648 finished at 258.51 total messages 1 total packets 490 RTS 0 total bytes 2002140 in_flight now 0 fair_inc 14583 prop_inc 41802 fast_inc 0 eta_inc 11920 multi_dec -0 quick_dec -0 nack_dec -83000
Flow Uec_235_761 flowId 769 uecSrc 768 finished at 259.148 total messages 1 total packets 490 RTS 0 total bytes 2002140 in_flight now 0 fair_inc 10609 prop_inc 49270 fast_inc 0 eta_inc 11920 multi_dec -0 quick_dec -0 nack_dec -91300
Flow Uec_932_306 flowId 602 uecSrc 601 finished at 259.436 total messages 1 total packets 490 RTS 0 total bytes 2002140 in_flight now 0 fair_inc 7065 prop_inc 40159 fast_inc 0 eta_inc 11920 multi_dec -10606 quick_dec -0 nack_dec -78850
Flow Uec_645_99 flowId 429 uecSrc 428 finished at 259.613 total messages 1 total packets 490 RTS 0 total bytes 2002140 in_flight now 0 fair_inc 9468 prop_inc 44897 fast_inc 0 eta_inc 11324 multi_dec -0 quick_dec -0 nack_dec -78850
Flow Uec_543_1021 flowId 121 uecSrc 120 finished at 259.668 total messages 1 total packets 490 RTS 0 total bytes 2002140 in_flight now 0 fair_inc 10890 prop_inc 35214 fast_inc 0 eta_inc 11920 multi_dec -7578 quick_dec -0 nack_dec -70550
Flow Uec_408_955 flowId 601 uecSrc 600 finished at 259.761 total messages 1 total packets 490 RTS 0 total bytes 2002140 in_flight now 0 fair_inc 11743 prop_inc 39991 fast_inc 0 eta_inc 11920 multi_dec -72 quick_dec -0 nack_dec -74700
Flow Uec_1085_477 flowId 486 uecSrc 485 finished at 260.106 total messages 1 total packets 490 RTS 0 total bytes 2002140 in_flight now 0 fair_inc 19453 prop_inc 36728 fast_inc 0 eta_inc 11920 multi_dec -1424 quick_dec -0 nack_dec -83000
Flow Uec_760_167 flowId 816 uecSrc 815 finished at 260.26 total messages 1 total packets 490 RTS 0 total bytes 2002140 in_flight now 0 fair_inc 17194 prop_inc 29925 fast_inc 0 eta_inc 11920 multi_dec -985 quick_dec -0 nack_dec -70550
Flow Uec_181_699 flowId 731 uecSrc 730 finished at 260.392 total messages 1 total packets 490 RTS 0 total bytes 2002140 in_flight now 0 fair_inc 18125 prop_inc 53774 fast_inc 0 eta_inc 11920 multi_dec -0 quick_dec -0 nack_dec -103750
Flow Uec_395_828 flowId 659 uecSrc 658 finished at 260.502 total messages 1 total packets 490 RTS 0 total bytes 2002140 in_flight now 0 fair_inc 13069 prop_inc 42588 fast_inc 0 eta_inc 11920 multi_dec -0 quick_dec -0 nack_dec -66400
Flow Uec_779_130 flowId 812 uecSrc 811 finished at 260.876 total messages 1 total packets 490 RTS 0 total bytes 2002140 in_flight now 0 fair_inc 17734 prop_inc 37472 fast_inc 0 eta_inc 11920 multi_dec -232 quick_dec -0 nack_dec -74700
Flow Uec_101_660 flowId 324 uecSrc 323 finished at 260.892 total messages 1 total packets 490 RTS 0 total bytes 2002140 in_flight now 0 fair_inc 9371 prop_inc 59494 fast_inc 0 eta_inc 11920 multi_dec -0 quick_dec -0 nack_dec -95450
Flow Uec_244_727 flowId 172 uecSrc 171 finished at 260.906 total messages 1 total packets 490 RTS 0 total bytes 2002140 in_flight now 0 fair_inc 3088 prop_inc 50354 fast_inc 0 eta_inc 11920 multi_dec -0 quick_dec -0 nack_dec -83000
Flow Uec_701_127 flowId 746 uecSrc 745 finished at 260.934 total messages 1 total packets 490 RTS 0 total bytes 2002140 in_flight now 0 fair_inc 13928 prop_inc 39879 fast_inc 0 eta_inc 11920 multi_dec -0 quick_dec -0 nack_dec -70550
Flow Uec_889_218 flowId 344 uecSrc 343 finished at 261.085 total messages 1 total packets 490 RTS 0 total bytes 2002140 in_flight now 0 fair_inc 12325 prop_inc 41947 fast_inc 0 eta_inc 11920 multi_dec -0 quick_dec -0 nack_dec -87150
Flow Uec_401_933 flowId 692 uecSrc 691 finished at 261.156 total messages 1 total packets 490 RTS 0 total bytes 2002140 in_flight now 0 fair_inc 9866 prop_inc 39209 fast_inc 0 eta_inc 12516 multi_dec -16858 quick_dec -0 nack_dec -78850
Flow Uec_355_843 flowId 47 uecSrc 46 finished at 261.172 total messages 1 total packets 490 RTS 0 total bytes 2002140 in_flight now 0 fair_inc 13790 prop_inc 47419 fast_inc 0 eta_inc 12516 multi_dec -0 quick_dec -0 nack_dec -99600
Flow Uec_894_292 flowId 287 uecSrc 286 finished at 261.27 total messages 1 total packets 490 RTS 0 total bytes 2002140 in_flight now 0 fair_inc 15653 prop_inc 46576 fast_inc 0 eta_inc 12516 multi_dec -0 quick_dec -0 nack_dec -91300
Flow Uec_879_211 flowId 646 uecSrc 645 finished at 261.422 total messages 1 total packets 490 RTS 0 total bytes 2002140 in_flight now 0 fair_inc 17085 prop_inc 48541 fast_inc 0 eta_inc 12516 multi_dec -0 quick_dec -0 nack_dec -87150
Flow Uec_712_135 flowId 674 uecSrc 673 finished at 261.588 total messages 1 total packets 490 RTS 0 total bytes 2002140 in_flight now 0 fair_inc 15033 prop_inc 41999 fast_inc 0 eta_inc 11920 multi_dec -0 quick_dec -0 nack_dec -91300
Flow Uec_112_665 flowId 327 uecSrc 326 finished at 261.781 total messages 1 total packets 490 RTS 0 total bytes 2002140 in_flight now 0 fair_inc 7157 prop_inc 45241 fast_inc 0 eta_inc 11920 multi_dec -0 quick_dec -0 nack_dec -87150
Flow Uec_371_863 flowId 281 uecSrc 280 finished at 261.81 total messages 1 total packets 490 RTS 0 total bytes 2002140 in_flight now 0 fair_inc 12049 prop_inc 48392 fast_inc 0 eta_inc 11920 multi_dec -0 quick_dec -0 nack_dec -95450
Flow Uec_477_968 flowId 440 uecSrc 439 finished at 261.834 total messages 1 total packets 490 RTS 0 total bytes 2002140 in_flight now 0 fair_inc 11596 prop_inc 49531 fast_inc 0 eta_inc 11920 multi_dec -0 quick_dec -0 nack_dec -91300
Flow Uec_287_756 flowId 228 uecSrc 227 finished at 261.887 total messages 1 total packets 490 RTS 0 total bytes 2002140 in_flight now 0 fair_inc 12430 prop_inc 49246 fast_inc 0 eta_inc 12516 multi_dec -0 quick_dec -0 nack_dec -95450
Flow Uec_32_538 flowId 607 uecSrc 606 finished at 261.909 total messages 1 total packets 490 RTS 0 total bytes 2002140 in_flight now 0 fair_inc 9017 prop_inc 41944 fast_inc 0 eta_inc 11920 multi_dec -0 quick_dec -0 nack_dec -78850
Flow Uec_961_339 flowId 167 uecSrc 166 finished at 262.061 total messages 1 total packets 490 RTS 0 total bytes 2002140 in_flight now 0 fair_inc 12384 prop_inc 45468 fast_inc 0 eta_inc 11920 multi_dec -0 quick_dec -0 nack_dec -87150
Flow Uec_967_392 flowId 771 uecSrc 770 finished at 262.089 total messages 1 total packets 490 RTS 0 total bytes 2002140 in_flight now 0 fair_inc 8878 prop_inc 45196 fast_inc 0 eta_inc 12516 multi_dec -8535 quick_dec -0 nack_dec -78850
Flow Uec_448_953 flowId 490 uecSrc 489 finished at 262.14 total messages 1 total packets 490 RTS 0 total bytes 2002140 in_flight now 0 fair_inc 22017 prop_inc 30042 fast_inc 0 eta_inc 11920 multi_dec -15 quick_dec -0 nack_dec -78850
Flow Uec_899_280 flowId 752 uecSrc 751 finished at 262.276 total messages 1 total packets 490 RTS 0 total bytes 2002140 in_flight now 0 fair_inc 17820 prop_inc 39764 fast_inc 0 eta_inc 11920 multi_dec -0 quick_dec -0 nack_dec -87150
Flow Uec_976_372 flowId 294 uecSrc 293 finished at 262.396 total messages 1 total packets 490 RTS 0 total bytes 2002140 in_flight now 0 fair_inc 2340 prop_inc 54833 fast_inc 0 eta_inc 11920 multi_dec -0 quick_dec -0 nack_dec -91300
Flow Uec_34_536 flowId 108 uecSrc 107 finished at 262.44 total messages 1 total packets 490 RTS 0 total bytes 2002140 in_flight now 0 fair_inc 8621 prop_inc 45133 fast_inc 0 eta_inc 11920 multi_dec -0 quick_dec -0 nack_dec -87150
Flow Uec_48_580 flowId 801 uecSrc 800 finished at 262.696 total messages 1 total packets 490 RTS 0 total bytes 2002140 in_flight now 0 fair_inc 10832 prop_inc 48780 fast_inc 0 eta_inc 12516 multi_dec -0 quick_dec -0 nack_dec -87150
Flow Uec_340_806 flowId 334 uecSrc 333 finished at 262.764 total messages 1 total packets 490 RTS 0 total bytes 2002140 in_flight now 0 fair_inc 5607 prop_inc 50017 fast_inc 0 eta_inc 11920 multi_dec -0 quick_dec -0 nack_dec -87150
Flow Uec_347_835 flowId 159 uecSrc 158 finished at 262.783 total messages 1 total packets 490 RTS 0 total bytes 2002140 in_flight now 0 fair_inc 14762 prop_inc 38808 fast_inc 0 eta_inc 11920 multi_dec -0 quick_dec -0 nack_dec -83000
Flow Uec_868_286 flowId 751 uecSrc 750 finished at 262.793 total messages 1 total packets 490 RTS 0 total bytes 2002140 in_flight now 0 fair_inc 11872 prop_inc 51519 fast_inc 0 eta_inc 11920 multi_dec -0 quick_dec -0 nack_dec -95450
Flow Uec_595_1059 flowId 320 uecSrc 319 finished at 262.809 total messages 1 total packets 490 RTS 0 total bytes 2002140 in_flight now 0 fair_inc 9197 prop_inc 38332 fast_inc 0 eta_inc 11920 multi_dec -2523 quick_dec -0 nack_dec -74700
Flow Uec_940_300 flowId 720 uecSrc 719 finished at 262.88 total messages 1 total packets 490 RTS 0 total bytes 2002140 in_flight now 0 fair_inc 10152 prop_inc 36565 fast_inc 0 eta_inc 12516 multi_dec -36806 quick_dec -0 nack_dec -76710
Flow Uec_376_827 flowId 573 uecSrc 572 finished at 262.918 total messages 1 total packets 490 RTS 0 total bytes 2002140 in_flight now 0 fair_inc 8891 prop_inc 51120 fast_inc 0 eta_inc 11920 multi_dec -1004 quick_dec -0 nack_dec -83000
Flow Uec_902_341 flowId 409 uecSrc 408 finished at 262.948 total messages 1 total packets 490 RTS 0 total bytes 2002140 in_flight now 0 fair_inc 17127 prop_inc 37721 fast_inc 0 eta_inc 11920 multi_dec -0 quick_dec -0 nack_dec -87150
Flow Uec_275_767 flowId 282 uecSrc 281 finished at 263.012 total messages 1 total packets 490 RTS 0 total bytes 2002140 in_flight now 0 fair_inc 1853 prop_inc 41143 fast_inc 0 eta_inc 11920 multi_dec -2130 quick_dec -0 nack_dec -70550
Flow Uec_907_349 flowId 682 uecSrc 681 finished at 263.102 total messages 1 total packets 490 RTS 0 total bytes 2002140 in_flight now 0 fair_inc 18715 prop_inc 42045 fast_inc 0 eta_inc 12516 multi_dec -0 quick_dec -0 nack_dec -91300
Flow Uec_637_8 flowId 596 uecSrc 595 finished at 263.141 total messages 1 total packets 490 RTS 0 total bytes 2002140 in_flight now 0 fair_inc 16428 prop_inc 38624 fast_inc 0 eta_inc 11920 multi_dec -0 quick_dec -0 nack_dec -70550
Flow Uec_817_291 flowId 699 uecSrc 698 finished at 263.169 total messages 1 total packets 490 RTS 0 total bytes 2002140 in_flight now 0 fair_inc 8958 prop_inc 45466 fast_inc 0 eta_inc 12516 multi_dec -0 quick_dec -0 nack_dec -91300
Flow Uec_862_284 flowId 285 uecSrc 284 finished at 263.429 total messages 1 total packets 490 RTS 0 total bytes 2002140 in_flight now 0 fair_inc 8463 prop_inc 53262 fast_inc 0 eta_inc 11920 multi_dec -0 quick_dec -0 nack_dec -91300
Flow Uec_796_158 flowId 564 uecSrc 563 finished at 263.445 total messages 1 total packets 490 RTS 0 total bytes 2002140 in_flight now 0 fair_inc 4770 prop_inc 54520 fast_inc 0 eta_inc 12516 multi_dec -0 quick_dec -0 nack_dec -91300
Flow Uec_305_841 flowId 365 uecSrc 364 finished at 263.448 total messages 1 total packets 490 RTS 0 total bytes 2002140 in_flight now 0 fair_inc 6330 prop_inc 48460 fast_inc 0 eta_inc 11920 multi_dec -0 quick_dec -0 nack_dec -78850
Flow Uec_38_570 flowId 759 uecSrc 758 finished at 263.485 total messages 1 total packets 490 RTS 0 total bytes 2002140 in_flight now 0 fair_inc 9880 prop_inc 42492 fast_inc 0 eta_inc 12516 multi_dec -0 quick_dec -0 nack_dec -78850
Flow Uec_783_143 flowId 767 uecSrc 766 finished at 263.546 total messages 1 total packets 490 RTS 0 total bytes 2002140 in_flight now 0 fair_inc 6937 prop_inc 62842 fast_inc 0 eta_inc 11920 multi_dec -0 quick_dec -0 nack_dec -107900
Flow Uec_903_344 flowId 360 uecSrc 359 finished at 263.663 total messages 1 total packets 490 RTS 0 total bytes 2002140 in_flight now 0 fair_inc 13015 prop_inc 46581 fast_inc 0 eta_inc 11920 multi_dec -0 quick_dec -0 nack_dec -87150
Flow Uec_413_974 flowId 87 uecSrc 86 finished at 263.676 total messages 1 total packets 490 RTS 0 total bytes 2002140 in_flight now 0 fair_inc 10439 prop_inc 37864 fast_inc 0 eta_inc 12516 multi_dec -1173 quick_dec -0 nack_dec -78850
Flow Uec_576_1040 flowId 706 uecSrc 705 finished at 263.712 total messages 1 total packets 490 RTS 0 total bytes 2002140 in_flight now 0 fair_inc 9917 prop_inc 47934 fast_inc 0 eta_inc 12516 multi_dec -0 quick_dec -0 nack_dec -87150
Flow Uec_741_193 flowId 88 uecSrc 87 finished at 264.055 total messages 1 total packets 490 RTS 0 total bytes 2002140 in_flight now 0 fair_inc 15623 prop_inc 53306 fast_inc 0 eta_inc 12516 multi_dec -0 quick_dec -0 nack_dec -99600
Flow Uec_1061_415 flowId 198 uecSrc 197 finished at 264.134 total messages 1 total packets 490 RTS 0 total bytes 2002140 in_flight now 0 fair_inc 10646 prop_inc 41228 fast_inc 0 eta_inc 11920 multi_dec -0 quick_dec -0 nack_dec -87150
Flow Uec_253_782 flowId 335 uecSrc 334 finished at 264.349 total messages 1 total packets 490 RTS 0 total bytes 2002140 in_flight now 0 fair_inc 13985 prop_inc 28552 fast_inc 0 eta_inc 11920 multi_dec -12616 quick_dec -0 nack_dec -74700
Flow Uec_482_946 flowId 180 uecSrc 179 finished at 264.379 total messages 1 total packets 490 RTS 0 total bytes 2002140 in_flight now 0 fair_inc 13154 prop_inc 43151 fast_inc 0 eta_inc 12516 multi_dec -0 quick_dec -0 nack_dec -83000
Flow Uec_78_556 flowId 540 uecSrc 539 finished at 264.548 total messages 1 total packets 490 RTS 0 total bytes 2002140 in_flight now 0 fair_inc 20390 prop_inc 35503 fast_inc 0 eta_inc 12516 multi_dec -16544 quick_dec -0 nack_dec -74700
Flow Uec_41_597 flowId 431 uecSrc 430 finished at 264.722 total messages 1 total packets 490 RTS 0 total bytes 2002140 in_flight now 0 fair_inc 10649 prop_inc 43751 fast_inc 0 eta_inc 12516 multi_dec -0 quick_dec -0 nack_dec -91300
Flow Uec_105_682 flowId 542 uecSrc 541 finished at 264.783 total messages 1 total packets 490 RTS 0 total bytes 2002140 in_flight now 0 fair_inc 22690 prop_inc 42089 fast_inc 0 eta_inc 12516 multi_dec -0 quick_dec -0 nack_dec -91300
Flow Uec_72_559 flowId 620 uecSrc 619 finished at 264.89 total messages 1 total packets 490 RTS 0 total bytes 2002140 in_flight now 0 fair_inc 23592 prop_inc 32866 fast_inc 0 eta_inc 11920 multi_dec -0 quick_dec -0 nack_dec -83000
Flow Uec_307_823 flowId 779 uecSrc 778 finished at 264.946 total messages 1 total packets 490 RTS 0 total bytes 2002140 in_flight now 0 fair_inc 2688 prop_inc 31248 fast_inc 0 eta_inc 11920 multi_dec -27897 quick_dec -0 nack_dec -66400
Flow Uec_342_870 flowId 768 uecSrc 767 finished at 264.99 total messages 1 total packets 490 RTS 0 total bytes 2002140 in_flight now 0 fair_inc 6096 prop_inc 58103 fast_inc 0 eta_inc 12516 multi_dec -0 quick_dec -0 nack_dec -99600
Flow Uec_453_981 flowId 44 uecSrc 43 finished at 265.001 total messages 1 total packets 490 RTS 0 total bytes 2002140 in_flight now 0 fair_inc 16838 prop_inc 32839 fast_inc 0 eta_inc 12516 multi_dec -12832 quick_dec -0 nack_dec -70550
Flow Uec_1022_429 flowId 817 uecSrc 816 finished at 265.024 total messages 1 total packets 490 RTS 0 total bytes 2002140 in_flight now 0 fair_inc 9546 prop_inc 47925 fast_inc 0 eta_inc 11920 multi_dec -0 quick_dec -0 nack_dec -95450
Flow Uec_544_1092 flowId 551 uecSrc 550 finished at 265.143 total messages 1 total packets 490 RTS 0 total bytes 2002140 in_flight now 0 fair_inc 13830 prop_inc 52231 fast_inc 0 eta_inc 12516 multi_dec -0 quick_dec -0 nack_dec -99600
Flow Uec_11_524 flowId 565 uecSrc 564 finished at 265.247 total messages 1 total packets 490 RTS 0 total bytes 2002140 in_flight now 0 fair_inc 18657 prop_inc 34556 fast_inc 0 eta_inc 11920 multi_dec -1256 quick_dec -0 nack_dec -74700
Flow Uec_280_794 flowId 55 uecSrc 54 finished at 265.258 total messages 1 total packets 490 RTS 0 total bytes 2002140 in_flight now 0 fair_inc 7671 prop_inc 52869 fast_inc 0 eta_inc 12516 multi_dec -0 quick_dec -0 nack_dec -95450
Flow Uec_296_712 flowId 199 uecSrc 198 finished at 265.258 total messages 1 total packets 490 RTS 0 total bytes 2002140 in_flight now 0 fair_inc 14184 prop_inc 42532 fast_inc 0 eta_inc 12516 multi_dec -0 quick_dec -0 nack_dec -91300
Flow Uec_882_281 flowId 217 uecSrc 216 finished at 265.276 total messages 1 total packets 490 RTS 0 total bytes 2002140 in_flight now 0 fair_inc 13728 prop_inc 46386 fast_inc 0 eta_inc 12516 multi_dec -0 quick_dec -0 nack_dec -99600
Flow Uec_248_724 flowId 514 uecSrc 513 finished at 265.301 total messages 1 total packets 490 RTS 0 total bytes 2002140 in_flight now 0 fair_inc 7128 prop_inc 59626 fast_inc 0 eta_inc 12516 multi_dec -0 quick_dec -0 nack_dec -103750
Flow Uec_769_181 flowId 436 uecSrc 435 finished at 265.577 total messages 1 total packets 490 RTS 0 total bytes 2002140 in_flight now 0 fair_inc 13009 prop_inc 47842 fast_inc 0 eta_inc 12516 multi_dec -0 quick_dec -0 nack_dec -95450
Flow Uec_832_293 flowId 629 uecSrc 628 finished at 265.774 total messages 1 total packets 490 RTS 0 total bytes 2002140 in_flight now 0 fair_inc 15209 prop_inc 52578 fast_inc 0 eta_inc 12516 multi_dec -0 quick_dec -0 nack_dec -103750
Flow Uec_987_308 flowId 822 uecSrc 821 finished at 265.776 total messages 1 total packets 490 RTS 0 total bytes 2002140 in_flight now 0 fair_inc 10297 prop_inc 46540 fast_inc 0 eta_inc 12516 multi_dec -0 quick_dec -0 nack_dec -91300
Flow Uec_719_182 flowId 456 uecSrc 455 finished at 265.926 total messages 1 total packets 490 RTS 0 total bytes 2002140 in_flight now 0 fair_inc 8659 prop_inc 50506 fast_inc 0 eta_inc 12516 multi_dec -0 quick_dec -0 nack_dec -95450
Flow Uec_533_1047 flowId 164 uecSrc 163 finished at 265.956 total messages 1 total packets 490 RTS 0 total bytes 2002140 in_flight now 0 fair_inc 17424 prop_inc 49839 fast_inc 0 eta_inc 12516 multi_dec -0 quick_dec -0 nack_dec -99600
Flow Uec_468_922 flowId 276 uecSrc 275 finished at 265.972 total messages 1 total packets 490 RTS 0 total bytes 2002140 in_flight now 0 fair_inc 9765 prop_inc 43758 fast_inc 0 eta_inc 12516 multi_dec -15354 quick_dec -0 nack_dec -83000
Flow Uec_236_755 flowId 432 uecSrc 431 finished at 266.023 total messages 1 total packets 490 RTS 0 total bytes 2002140 in_flight now 0 fair_inc 16222 prop_inc 45806 fast_inc 0 eta_inc 11920 multi_dec -0 quick_dec -0 nack_dec -95450
Flow Uec_857_246 flowId 747 uecSrc 746 finished at 266.025 total messages 1 total packets 490 RTS 0 total bytes 2002140 in_flight now 0 fair_inc 3551 prop_inc 60589 fast_inc 0 eta_inc 11920 multi_dec -0 quick_dec -0 nack_dec -103750
Flow Uec_0_500 flowId 502 uecSrc 501 finished at 266.084 total messages 1 total packets 490 RTS 0 total bytes 2002140 in_flight now 0 fair_inc 13695 prop_inc 43146 fast_inc 0 eta_inc 12516 multi_dec -727 quick_dec -0 nack_dec -87150
Flow Uec_1072_487 flowId 581 uecSrc 580 finished at 266.157 total messages 1 total packets 490 RTS 0 total bytes 2002140 in_flight now 0 fair_inc 10646 prop_inc 49364 fast_inc 0 eta_inc 12516 multi_dec -0 quick_dec -0 nack_dec -91300
Flow Uec_575_1079 flowId 608 uecSrc 607 finished at 266.157 total messages 1 total packets 490 RTS 0 total bytes 2002140 in_flight now 0 fair_inc 10747 prop_inc 51387 fast_inc 0 eta_inc 12516 multi_dec -0 quick_dec -0 nack_dec -91300
Flow Uec_738_155 flowId 206 uecSrc 205 finished at 266.166 total messages 1 total packets 490 RTS 0 total bytes 2002140 in_flight now 0 fair_inc 14121 prop_inc 39940 fast_inc 0 eta_inc 12516 multi_dec -0 quick_dec -0 nack_dec -87150
Flow Uec_787_103 flowId 691 uecSrc 690 finished at 266.268 total messages 1 total packets 490 RTS 0 total bytes 2002140 in_flight now 0 fair_inc 5529 prop_inc 47477 fast_inc 0 eta_inc 12516 multi_dec -0 quick_dec -0 nack_dec -95450
Flow Uec_574_1042 flowId 567 uecSrc 566 finished at 266.297 total messages 1 total packets 490 RTS 0 total bytes 2002140 in_flight now 0 fair_inc 16286 prop_inc 38924 fast_inc 0 eta_inc 12516 multi_dec -16582 quick_dec -0 nack_dec -87150
Flow Uec_364_861 flowId 332 uecSrc 331 finished at 266.477 total messages 1 total packets 490 RTS 0 total bytes 2002140 in_flight now 0 fair_inc 12785 prop_inc 43942 fast_inc 0 eta_inc 12516 multi_dec -0 quick_dec -0 nack_dec -87150
Flow Uec_672_60 flowId 760 uecSrc 759 finished at 266.592 total messages 1 total packets 490 RTS 0 total bytes 2002140 in_flight now 0 fair_inc 8486 prop_inc 39122 fast_inc 0 eta_inc 12516 multi_dec -0 quick_dec -0 nack_dec -62250
Flow Uec_702_126 flowId 299 uecSrc 298 finished at 266.646 total messages 1 total packets 490 RTS 0 total bytes 2002140 in_flight now 0 fair_inc 21158 prop_inc 35184 fast_inc 0 eta_inc 11920 multi_dec -0 quick_dec -0 nack_dec -87150
Flow Uec_15_509 flowId 427 uecSrc 426 finished at 266.716 total messages 1 total packets 490 RTS 0 total bytes 2002140 in_flight now 0 fair_inc 15169 prop_inc 50028 fast_inc 0 eta_inc 11920 multi_dec -0 quick_dec -0 nack_dec -95450
Flow Uec_521_1030 flowId 141 uecSrc 140 finished at 266.884 total messages 1 total packets 490 RTS 0 total bytes 2002140 in_flight now 0 fair_inc 6698 prop_inc 36845 fast_inc 0 eta_inc 12516 multi_dec -0 quick_dec -0 nack_dec -78850
Flow Uec_749_153 flowId 84 uecSrc 83 finished at 266.888 total messages 1 total packets 490 RTS 0 total bytes 2002140 in_flight now 0 fair_inc 9417 prop_inc 40607 fast_inc 0 eta_inc 12516 multi_dec -0 quick_dec -0 nack_dec -91300
Flow Uec_659_91 flowId 444 uecSrc 443 finished at 266.903 total messages 1 total packets 490 RTS 0 total bytes 2002140 in_flight now 0 fair_inc 11788 prop_inc 33385 fast_inc 0 eta_inc 12516 multi_dec -2851 quick_dec -0 nack_dec -70550
Flow Uec_160_652 flowId 227 uecSrc 226 finished at 266.934 total messages 1 total packets 490 RTS 0 total bytes 2002140 in_flight now 0 fair_inc 12862 prop_inc 41509 fast_inc 0 eta_inc 12516 multi_dec -5218 quick_dec -0 nack_dec -87150
Flow Uec_43_573 flowId 748 uecSrc 747 finished at 266.942 total messages 1 total packets 490 RTS 0 total bytes 2002140 in_flight now 0 fair_inc 18443 prop_inc 37040 fast_inc 0 eta_inc 12516 multi_dec -699 quick_dec -0 nack_dec -87150
Flow Uec_175_678 flowId 693 uecSrc 692 finished at 266.967 total messages 1 total packets 490 RTS 0 total bytes 2002140 in_flight now 0 fair_inc 11335 prop_inc 43598 fast_inc 0 eta_inc 11920 multi_dec -803 quick_dec -0 nack_dec -78850
Flow Uec_304_801 flowId 791 uecSrc 790 finished at 267.033 total messages 1 total packets 490 RTS 0 total bytes 2002140 in_flight now 0 fair_inc 19607 prop_inc 35968 fast_inc 0 eta_inc 12516 multi_dec -0 quick_dec -0 nack_dec -83000
Flow Uec_869_253 flowId 690 uecSrc 689 finished at 267.21 total messages 1 total packets 490 RTS 0 total bytes 2002140 in_flight now 0 fair_inc 6677 prop_inc 51992 fast_inc 0 eta_inc 12516 multi_dec -0 quick_dec -0 nack_dec -95450
Flow Uec_968_378 flowId 466 uecSrc 465 finished at 267.254 total messages 1 total packets 490 RTS 0 total bytes 2002140 in_flight now 0 fair_inc 21367 prop_inc 33992 fast_inc 0 eta_inc 12516 multi_dec -941 quick_dec -0 nack_dec -83000
Flow Uec_524_1049 flowId 588 uecSrc 587 finished at 267.317 total messages 1 total packets 490 RTS 0 total bytes 2002140 in_flight now 0 fair_inc 10805 prop_inc 42146 fast_inc 0 eta_inc 12516 multi_dec -0 quick_dec -0 nack_dec -91300
Flow Uec_223_739 flowId 632 uecSrc 631 finished at 267.354 total messages 1 total packets 490 RTS 0 total bytes 2002140 in_flight now 0 fair_inc 19693 prop_inc 36044 fast_inc 0 eta_inc 12516 multi_dec -32569 quick_dec -0 nack_dec -87150
Flow Uec_851_227 flowId 40 uecSrc 39 finished at 267.37 total messages 1 total packets 490 RTS 0 total bytes 2002140 in_flight now 0 fair_inc 14896 prop_inc 48191 fast_inc 0 eta_inc 12516 multi_dec -0 quick_dec -0 nack_dec -95450
Flow Uec_946_303 flowId 671 uecSrc 670 finished at 267.381 total messages 1 total packets 490 RTS 0 total bytes 2002140 in_flight now 0 fair_inc 6254 prop_inc 61811 fast_inc 0 eta_inc 12516 multi_dec -0 quick_dec -0 nack_dec -99600
Flow Uec_933_380 flowId 426 uecSrc 425 finished at 267.515 total messages 1 total packets 490 RTS 0 total bytes 2002140 in_flight now 0 fair_inc 9371 prop_inc 63543 fast_inc 0 eta_inc 12516 multi_dec -0 quick_dec -0 nack_dec -107900
Flow Uec_499_959 flowId 92 uecSrc 91 finished at 267.582 total messages 1 total packets 490 RTS 0 total bytes 2002140 in_flight now 0 fair_inc 14932 prop_inc 42655 fast_inc 0 eta_inc 12516 multi_dec -0 quick_dec -0 nack_dec -87150
Flow Uec_598_1001 flowId 194 uecSrc 193 finished at 267.612 total messages 1 total packets 490 RTS 0 total bytes 2002140 in_flight now 0 fair_inc 9572 prop_inc 39858 fast_inc 0 eta_inc 12516 multi_dec -0 quick_dec -0 nack_dec -78850
Flow Uec_728_172 flowId 382 uecSrc 381 finished at 267.636 total messages 1 total packets 490 RTS 0 total bytes 2002140 in_flight now 0 fair_inc 9232 prop_inc 34315 fast_inc 0 eta_inc 12516 multi_dec -1523 quick_dec -0 nack_dec -78850
Flow Uec_250_734 flowId 181 uecSrc 180 finished at 267.683 total messages 1 total packets 490 RTS 0 total bytes 2002140 in_flight now 0 fair_inc 12397 prop_inc 52346 fast_inc 0 eta_inc 12516 multi_dec -0 quick_dec -0 nack_dec -99600
Flow Uec_764_179 flowId 98 uecSrc 97 finished at 267.754 total messages 1 total packets 490 RTS 0 total bytes 2002140 in_flight now 0 fair_inc 8253 prop_inc 47470 fast_inc 0 eta_inc 12516 multi_dec -0 quick_dec -0 nack_dec -99600
Flow Uec_871_208 flowId 725 uecSrc 724 finished at 267.801 total messages 1 total packets 490 RTS 0 total bytes 2002140 in_flight now 0 fair_inc 14350 prop_inc 44149 fast_inc 0 eta_inc 12516 multi_dec -8941 quick_dec -0 nack_dec -91300
Flow Uec_732_119 flowId 443 uecSrc 442 finished at 267.839 total messages 1 total packets 490 RTS 0 total bytes 2002140 in_flight now 0 fair_inc 15828 prop_inc 47619 fast_inc 0 eta_inc 12516 multi_dec -0 quick_dec -0 nack_dec -91300
Flow Uec_950_318 flowId 41 uecSrc 40 finished at 267.895 total messages 1 total packets 490 RTS 0 total bytes 2002140 in_flight now 0 fair_inc 10181 prop_inc 39460 fast_inc 0 eta_inc 12516 multi_dec -0 quick_dec -0 nack_dec -87150
Flow Uec_133_662 flowId 694 uecSrc 693 finished at 267.951 total messages 1 total packets 490 RTS 0 total bytes 2002140 in_flight now 0 fair_inc 12271 prop_inc 47395 fast_inc 0 eta_inc 12516 multi_dec -0 quick_dec -0 nack_dec -87150
Flow Uec_494_949 flowId 343 uecSrc 342 finished at 268.129 total messages 1 total packets 490 RTS 0 total bytes 2002140 in_flight now 0 fair_inc 20107 prop_inc 35470 fast_inc 0 eta_inc 12516 multi_dec -0 quick_dec -0 nack_dec -91300
Flow Uec_786_118 flowId 114 uecSrc 113 finished at 268.171 total messages 1 total packets 490 RTS 0 total bytes 2002140 in_flight now 0 fair_inc 10939 prop_inc 58133 fast_inc 0 eta_inc 12516 multi_dec -0 quick_dec -0 nack_dec -103750
Flow Uec_410_969 flowId 178 uecSrc 177 finished at 268.176 total messages 1 total packets 490 RTS 0 total bytes 2002140 in_flight now 0 fair_inc 9971 prop_inc 44886 fast_inc 0 eta_inc 12516 multi_dec -0 quick_dec -0 nack_dec -91300
Flow Uec_429_926 flowId 553 uecSrc 552 finished at 268.21 total messages 1 total packets 490 RTS 0 total bytes 2002140 in_flight now 0 fair_inc 13011 prop_inc 42126 fast_inc 0 eta_inc 12516 multi_dec -0 quick_dec -0 nack_dec -91300
Flow Uec_695_45 flowId 117 uecSrc 116 finished at 268.213 total messages 1 total packets 490 RTS 0 total bytes 2002140 in_flight now 0 fair_inc 3889 prop_inc 37164 fast_inc 0 eta_inc 11920 multi_dec -0 quick_dec -0 nack_dec -66400
Flow Uec_663_42 flowId 286 uecSrc 285 finished at 268.234 total messages 1 total packets 490 RTS 0 total bytes 2002140 in_flight now 0 fair_inc 9878 prop_inc 34486 fast_inc 0 eta_inc 12516 multi_dec -0 quick_dec -0 nack_dec -74700
Flow Uec_219_728 flowId 546 uecSrc 545 finished at 268.237 total messages 1 total packets 490 RTS 0 total bytes 2002140 in_flight now 0 fair_inc 12413 prop_inc 42609 fast_inc 0 eta_inc 12516 multi_dec -0 quick_dec -0 nack_dec -83000
Flow Uec_129_642 flowId 626 uecSrc 625 finished at 268.294 total messages 1 total packets 490 RTS 0 total bytes 2002140 in_flight now 0 fair_inc 16335 prop_inc 38423 fast_inc 0 eta_inc 12516 multi_dec -11086 quick_dec -0 nack_dec -87150
Flow Uec_331_802 flowId 582 uecSrc 581 finished at 268.39 total messages 1 total packets 490 RTS 0 total bytes 2002140 in_flight now 0 fair_inc 1867 prop_inc 60215 fast_inc 0 eta_inc 12516 multi_dec -0 quick_dec -0 nack_dec -103750
Flow Uec_8_516 flowId 644 uecSrc 643 finished at 268.581 total messages 1 total packets 490 RTS 0 total bytes 2002140 in_flight now 0 fair_inc 14234 prop_inc 34358 fast_inc 0 eta_inc 12516 multi_dec -29376 quick_dec -0 nack_dec -78850
Flow Uec_559_1029 flowId 605 uecSrc 604 finished at 268.627 total messages 1 total packets 490 RTS 0 total bytes 2002140 in_flight now 0 fair_inc 14054 prop_inc 42760 fast_inc 0 eta_inc 12516 multi_dec -0 quick_dec -0 nack_dec -95450
Flow Uec_73_596 flowId 825 uecSrc 824 finished at 268.632 total messages 1 total packets 490 RTS 0 total bytes 2002140 in_flight now 0 fair_inc 5743 prop_inc 51334 fast_inc 0 eta_inc 12516 multi_dec -0 quick_dec -0 nack_dec -91300
Flow Uec_536_1074 flowId 635 uecSrc 634 finished at 268.649 total messages 1 total packets 490 RTS 0 total bytes 2002140 in_flight now 0 fair_inc 21061 prop_inc 41798 fast_inc 0 eta_inc 12516 multi_dec -516 quick_dec -0 nack_dec -91300
Flow Uec_934_332 flowId 107 uecSrc 106 finished at 268.698 total messages 1 total packets 490 RTS 0 total bytes 2002140 in_flight now 0 fair_inc 11644 prop_inc 39541 fast_inc 0 eta_inc 12516 multi_dec -0 quick_dec -0 nack_dec -91300
Flow Uec_579_1038 flowId 237 uecSrc 236 finished at 268.817 total messages 1 total packets 490 RTS 0 total bytes 2002140 in_flight now 0 fair_inc 20847 prop_inc 33419 fast_inc 0 eta_inc 13112 multi_dec -7173 quick_dec -0 nack_dec -83000
Flow Uec_812_214 flowId 611 uecSrc 610 finished at 268.819 total messages 1 total packets 490 RTS 0 total bytes 2002140 in_flight now 0 fair_inc 9406 prop_inc 46870 fast_inc 0 eta_inc 12516 multi_dec -0 quick_dec -0 nack_dec -91300
Flow Uec_838_270 flowId 400 uecSrc 399 finished at 268.842 total messages 1 total packets 490 RTS 0 total bytes 2002140 in_flight now 0 fair_inc 17017 prop_inc 38713 fast_inc 0 eta_inc 12516 multi_dec -12267 quick_dec -0 nack_dec -87150
Flow Uec_80_547 flowId 280 uecSrc 279 finished at 268.94 total messages 1 total packets 490 RTS 0 total bytes 2002140 in_flight now 0 fair_inc 11595 prop_inc 43123 fast_inc 0 eta_inc 11920 multi_dec -0 quick_dec -0 nack_dec -95450
Flow Uec_262_701 flowId 3 uecSrc 2 finished at 268.961 total messages 1 total packets 490 RTS 0 total bytes 2002140 in_flight now 0 fair_inc 11003 prop_inc 39082 fast_inc 0 eta_inc 12516 multi_dec -25947 quick_dec -0 nack_dec -87150
Flow Uec_59_508 flowId 341 uecSrc 340 finished at 269.21 total messages 1 total packets 490 RTS 0 total bytes 2002140 in_flight now 0 fair_inc 16388 prop_inc 38192 fast_inc 0 eta_inc 12516 multi_dec -0 quick_dec -0 nack_dec -87150
Flow Uec_1011_473 flowId 126 uecSrc 125 finished at 269.217 total messages 1 total packets 490 RTS 0 total bytes 2002140 in_flight now 0 fair_inc 18024 prop_inc 32510 fast_inc 0 eta_inc 12516 multi_dec -52895 quick_dec -0 nack_dec -78850
Flow Uec_55_557 flowId 554 uecSrc 553 finished at 269.319 total messages 1 total packets 490 RTS 0 total bytes 2002140 in_flight now 0 fair_inc 10352 prop_inc 51698 fast_inc 0 eta_inc 12516 multi_dec -0 quick_dec -0 nack_dec -99600
Flow Uec_814_200 flowId 233 uecSrc 232 finished at 269.35 total messages 1 total packets 490 RTS 0 total bytes 2002140 in_flight now 0 fair_inc 18964 prop_inc 43130 fast_inc 0 eta_inc 12516 multi_dec -0 quick_dec -0 nack_dec -91300
Flow Uec_597_1036 flowId 422 uecSrc 421 finished at 269.353 total messages 1 total packets 490 RTS 0 total bytes 2002140 in_flight now 0 fair_inc 10213 prop_inc 42422 fast_inc 0 eta_inc 12516 multi_dec -14804 quick_dec -0 nack_dec -87150
Flow Uec_409_934 flowId 589 uecSrc 588 finished at 269.438 total messages 1 total packets 490 RTS 0 total bytes 2002140 in_flight now 0 fair_inc 16885 prop_inc 40198 fast_inc 0 eta_inc 12516 multi_dec -32690 quick_dec -0 nack_dec -91300
Flow Uec_914_386 flowId 53 uecSrc 52 finished at 269.48 total messages 1 total packets 490 RTS 0 total bytes 2002140 in_flight now 0 fair_inc 12260 prop_inc 42493 fast_inc 0 eta_inc 12516 multi_dec -0 quick_dec -0 nack_dec -91300
Flow Uec_965_333 flowId 165 uecSrc 164 finished at 269.568 total messages 1 total packets 490 RTS 0 total bytes 2002140 in_flight now 0 fair_inc 18447 prop_inc 51073 fast_inc 0 eta_inc 12516 multi_dec -0 quick_dec -0 nack_dec -99600
Flow Uec_954_359 flowId 111 uecSrc 110 finished at 269.679 total messages 1 total packets 490 RTS 0 total bytes 2002140 in_flight now 0 fair_inc 14847 prop_inc 52282 fast_inc 0 eta_inc 12516 multi_dec -0 quick_dec -0 nack_dec -103750
Flow Uec_700_105 flowId 264 uecSrc 263 finished at 269.846 total messages 1 total packets 490 RTS 0 total bytes 2002140 in_flight now 0 fair_inc 12534 prop_inc 39695 fast_inc 0 eta_inc 12516 multi_dec -0 quick_dec -0 nack_dec -83000
Flow Uec_915_304 flowId 527 uecSrc 526 finished at 269.873 total messages 1 total packets 490 RTS 0 total bytes 2002140 in_flight now 0 fair_inc 5581 prop_inc 46561 fast_inc 0 eta_inc 12516 multi_dec -0 quick_dec -0 nack_dec -91300
Flow Uec_226_776 flowId 600 uecSrc 599 finished at 270.018 total messages 1 total packets 490 RTS 0 total bytes 2002140 in_flight now 0 fair_inc 8738 prop_inc 51083 fast_inc 0 eta_inc 12516 multi_dec -0 quick_dec -0 nack_dec -91300
Flow Uec_587_1026 flowId 598 uecSrc 597 finished at 270.062 total messages 1 total packets 490 RTS 0 total bytes 2002140 in_flight now 0 fair_inc 12258 prop_inc 37825 fast_inc 0 eta_inc 12516 multi_dec -0 quick_dec -0 nack_dec -83000
Flow Uec_1047_476 flowId 349 uecSrc 348 finished at 270.085 total messages 1 total packets 490 RTS 0 total bytes 2002140 in_flight now 0 fair_inc 10246 prop_inc 51642 fast_inc 0 eta_inc 12516 multi_dec -2374 quick_dec -0 nack_dec -87150
Flow Uec_843_224 flowId 732 uecSrc 731 finished at 270.154 total messages 1 total packets 490 RTS 0 total bytes 2002140 in_flight now 0 fair_inc 13392 prop_inc 48065 fast_inc 0 eta_inc 12516 multi_dec -0 quick_dec -0 nack_dec -95450
Flow Uec_116_620 flowId 347 uecSrc 346 finished at 270.162 total messages 1 total packets 490 RTS 0 total bytes 2002140 in_flight now 0 fair_inc 8144 prop_inc 46180 fast_inc 0 eta_inc 12516 multi_dec -0 quick_dec -0 nack_dec -95450
Flow Uec_384_815 flowId 251 uecSrc 250 finished at 270.27 total messages 1 total packets 490 RTS 0 total bytes 2002140 in_flight now 0 fair_inc 5442 prop_inc 51343 fast_inc 0 eta_inc 12516 multi_dec -0 quick_dec -0 nack_dec -95450
Flow Uec_1060_450 flowId 488 uecSrc 487 finished at 270.359 total messages 1 total packets 490 RTS 0 total bytes 2002140 in_flight now 0 fair_inc 22909 prop_inc 43817 fast_inc 0 eta_inc 12516 multi_dec -0 quick_dec -0 nack_dec -99600
Flow Uec_772_164 flowId 597 uecSrc 596 finished at 270.408 total messages 1 total packets 490 RTS 0 total bytes 2002140 in_flight now 0 fair_inc 14185 prop_inc 40834 fast_inc 0 eta_inc 12516 multi_dec -0 quick_dec -0 nack_dec -87150
Flow Uec_508_1016 flowId 66 uecSrc 65 finished at 270.487 total messages 1 total packets 490 RTS 0 total bytes 2002140 in_flight now 0 fair_inc 7978 prop_inc 46875 fast_inc 0 eta_inc 12516 multi_dec -0 quick_dec -0 nack_dec -95450
Flow Uec_438_936 flowId 90 uecSrc 89 finished at 270.599 total messages 1 total packets 490 RTS 0 total bytes 2002140 in_flight now 0 fair_inc 9957 prop_inc 49409 fast_inc 0 eta_inc 12516 multi_dec -0 quick_dec -0 nack_dec -91300
Flow Uec_839_274 flowId 311 uecSrc 310 finished at 270.604 total messages 1 total packets 490 RTS 0 total bytes 2002140 in_flight now 0 fair_inc 6652 prop_inc 60958 fast_inc 0 eta_inc 12516 multi_dec -0 quick_dec -0 nack_dec -103750
Flow Uec_729_104 flowId 781 uecSrc 780 finished at 270.657 total messages 1 total packets 490 RTS 0 total bytes 2002140 in_flight now 0 fair_inc 8032 prop_inc 43932 fast_inc 0 eta_inc 12516 multi_dec -0 quick_dec -0 nack_dec -91300
Flow Uec_709_194 flowId 316 uecSrc 315 finished at 270.658 total messages 1 total packets 490 RTS 0 total bytes 2002140 in_flight now 0 fair_inc 13526 prop_inc 49559 fast_inc 0 eta_inc 12516 multi_dec -0 quick_dec -0 nack_dec -103750
Flow Uec_924_397 flowId 481 uecSrc 480 finished at 270.698 total messages 1 total packets 490 RTS 0 total bytes 2002140 in_flight now 0 fair_inc 12469 prop_inc 53792 fast_inc 0 eta_inc 12516 multi_dec -0 quick_dec -0 nack_dec -107900
Flow Uec_930_393 flowId 716 uecSrc 715 finished at 270.737 total messages 1 total packets 490 RTS 0 total bytes 2002140 in_flight now 0 fair_inc 18966 prop_inc 47512 fast_inc 0 eta_inc 12516 multi_dec -0 quick_dec -0 nack_dec -103750
Flow Uec_69_554 flowId 419 uecSrc 418 finished at 270.762 total messages 1 total packets 490 RTS 0 total bytes 2002140 in_flight now 0 fair_inc 12532 prop_inc 35137 fast_inc 0 eta_inc 12516 multi_dec -72998 quick_dec -0 nack_dec -83000
Flow Uec_944_365 flowId 303 uecSrc 302 finished at 270.803 total messages 1 total packets 490 RTS 0 total bytes 2002140 in_flight now 0 fair_inc 15595 prop_inc 36810 fast_inc 0 eta_inc 12516 multi_dec -0 quick_dec -0 nack_dec -83000
Flow Uec_1051_422 flowId 342 uecSrc 341 finished at 270.905 total messages 1 total packets 490 RTS 0 total bytes 2002140 in_flight now 0 fair_inc 17756 prop_inc 35992 fast_inc 0 eta_inc 13112 multi_dec -42125 quick_dec -0 nack_dec -83000
Flow Uec_770_107 flowId 810 uecSrc 809 finished at 270.907 total messages 1 total packets 490 RTS 0 total bytes 2002140 in_flight now 0 fair_inc 9775 prop_inc 56031 fast_inc 0 eta_inc 12516 multi_dec -0 quick_dec -0 nack_dec -99600
Flow Uec_1045_478 flowId 202 uecSrc 201 finished at 270.957 total messages 1 total packets 490 RTS 0 total bytes 2002140 in_flight now 0 fair_inc 11174 prop_inc 41733 fast_inc 0 eta_inc 12516 multi_dec -874 quick_dec -0 nack_dec -87150
Flow Uec_952_368 flowId 234 uecSrc 233 finished at 270.979 total messages 1 total packets 490 RTS 0 total bytes 2002140 in_flight now 0 fair_inc 6711 prop_inc 41317 fast_inc 0 eta_inc 13112 multi_dec -0 quick_dec -0 nack_dec -87150
Flow Uec_518_1096 flowId 337 uecSrc 336 finished at 271.049 total messages 1 total packets 490 RTS 0 total bytes 2002140 in_flight now 0 fair_inc 15794 prop_inc 52756 fast_inc 0 eta_inc 12516 multi_dec -0 quick_dec -0 nack_dec -103750
Flow Uec_567_1089 flowId 702 uecSrc 701 finished at 271.088 total messages 1 total packets 490 RTS 0 total bytes 2002140 in_flight now 0 fair_inc 17870 prop_inc 37452 fast_inc 0 eta_inc 12516 multi_dec -0 quick_dec -0 nack_dec -91300
Flow Uec_675_49 flowId 201 uecSrc 200 finished at 271.107 total messages 1 total packets 490 RTS 0 total bytes 2002140 in_flight now 0 fair_inc 15376 prop_inc 38984 fast_inc 0 eta_inc 12516 multi_dec -0 quick_dec -0 nack_dec -83000
Flow Uec_418_972 flowId 288 uecSrc 287 finished at 271.132 total messages 1 total packets 490 RTS 0 total bytes 2002140 in_flight now 0 fair_inc 10964 prop_inc 38692 fast_inc 0 eta_inc 12516 multi_dec -94 quick_dec -0 nack_dec -83000
Flow Uec_890_228 flowId 157 uecSrc 156 finished at 271.182 total messages 1 total packets 490 RTS 0 total bytes 2002140 in_flight now 0 fair_inc 15240 prop_inc 52207 fast_inc 0 eta_inc 12516 multi_dec -0 quick_dec -0 nack_dec -103750
Flow Uec_708_180 flowId 476 uecSrc 475 finished at 271.194 total messages 1 total packets 490 RTS 0 total bytes 2002140 in_flight now 0 fair_inc 15985 prop_inc 37880 fast_inc 0 eta_inc 12516 multi_dec -17519 quick_dec -0 nack_dec -83000
Flow Uec_46_578 flowId 142 uecSrc 141 finished at 271.202 total messages 1 total packets 490 RTS 0 total bytes 2002140 in_flight now 0 fair_inc 11447 prop_inc 52175 fast_inc 0 eta_inc 12516 multi_dec -0 quick_dec -0 nack_dec -99600
Flow Uec_156_611 flowId 550 uecSrc 549 finished at 271.22 total messages 1 total packets 490 RTS 0 total bytes 2002140 in_flight now 0 fair_inc 8380 prop_inc 39441 fast_inc 0 eta_inc 12516 multi_dec -16507 quick_dec -0 nack_dec -83000
Flow Uec_284_710 flowId 593 uecSrc 592 finished at 271.227 total messages 1 total packets 490 RTS 0 total bytes 2002140 in_flight now 0 fair_inc 21636 prop_inc 48401 fast_inc 0 eta_inc 12516 multi_dec -0 quick_dec -0 nack_dec -103750
Flow Uec_168_614 flowId 250 uecSrc 249 finished at 271.254 total messages 1 total packets 490 RTS 0 total bytes 2002140 in_flight now 0 fair_inc 22342 prop_inc 42113 fast_inc 0 eta_inc 12516 multi_dec -1782 quick_dec -0 nack_dec -95450
Flow Uec_872_266 flowId 660 uecSrc 659 finished at 271.27 total messages 1 total packets 490 RTS 0 total bytes 2002140 in_flight now 0 fair_inc 7865 prop_inc 49261 fast_inc 0 eta_inc 12516 multi_dec -0 quick_dec -0 nack_dec -99600
Flow Uec_671_19 flowId 278 uecSrc 277 finished at 271.392 total messages 1 total packets 490 RTS 0 total bytes 2002140 in_flight now 0 fair_inc 9313 prop_inc 37227 fast_inc 0 eta_inc 12516 multi_dec -4245 quick_dec -0 nack_dec -70550
Flow Uec_763_173 flowId 770 uecSrc 769 finished at 271.427 total messages 1 total packets 490 RTS 0 total bytes 2002140 in_flight now 0 fair_inc 11787 prop_inc 55409 fast_inc 0 eta_inc 12516 multi_dec -0 quick_dec -0 nack_dec -99600
Flow Uec_815_298 flowId 23 uecSrc 22 finished at 271.488 total messages 1 total packets 490 RTS 0 total bytes 2002140 in_flight now 0 fair_inc 8217 prop_inc 49029 fast_inc 0 eta_inc 13112 multi_dec -1636 quick_dec -0 nack_dec -91300
Flow Uec_282_788 flowId 48 uecSrc 47 finished at 271.495 total messages 1 total packets 490 RTS 0 total bytes 2002140 in_flight now 0 fair_inc 15312 prop_inc 53458 fast_inc 0 eta_inc 12516 multi_dec -0 quick_dec -0 nack_dec -99600
Flow Uec_291_790 flowId 485 uecSrc 484 finished at 271.67 total messages 1 total packets 490 RTS 0 total bytes 2002140 in_flight now 0 fair_inc 9252 prop_inc 51947 fast_inc 0 eta_inc 12516 multi_dec -0 quick_dec -0 nack_dec -99600
Flow Uec_158_669 flowId 673 uecSrc 672 finished at 271.681 total messages 1 total packets 490 RTS 0 total bytes 2002140 in_flight now 0 fair_inc 11707 prop_inc 42513 fast_inc 0 eta_inc 12516 multi_dec -0 quick_dec -0 nack_dec -87150
Flow Uec_266_711 flowId 34 uecSrc 33 finished at 271.688 total messages 1 total packets 490 RTS 0 total bytes 2002140 in_flight now 0 fair_inc 12869 prop_inc 37616 fast_inc 0 eta_inc 12516 multi_dec -0 quick_dec -0 nack_dec -95450
Flow Uec_33_584 flowId 680 uecSrc 679 finished at 271.747 total messages 1 total packets 490 RTS 0 total bytes 2002140 in_flight now 0 fair_inc 15427 prop_inc 39331 fast_inc 0 eta_inc 12516 multi_dec -322 quick_dec -0 nack_dec -95450
Flow Uec_778_108 flowId 688 uecSrc 687 finished at 271.748 total messages 1 total packets 490 RTS 0 total bytes 2002140 in_flight now 0 fair_inc 25863 prop_inc 35454 fast_inc 0 eta_inc 12516 multi_dec -10001 quick_dec -0 nack_dec -87150
Flow Uec_403_941 flowId 708 uecSrc 707 finished at 271.766 total messages 1 total packets 490 RTS 0 total bytes 2002140 in_flight now 0 fair_inc 13280 prop_inc 45313 fast_inc 0 eta_inc 12516 multi_dec -25141 quick_dec -0 nack_dec -87150
Flow Uec_283_775 flowId 517 uecSrc 516 finished at 271.788 total messages 1 total packets 490 RTS 0 total bytes 2002140 in_flight now 0 fair_inc 19479 prop_inc 50768 fast_inc 0 eta_inc 12516 multi_dec -0 quick_dec -0 nack_dec -99600
Flow Uec_1075_419 flowId 458 uecSrc 457 finished at 271.849 total messages 1 total packets 490 RTS 0 total bytes 2002140 in_flight now 0 fair_inc 13557 prop_inc 28178 fast_inc 0 eta_inc 12516 multi_dec -9311 quick_dec -0 nack_dec -74700
Flow Uec_406_973 flowId 244 uecSrc 243 finished at 271.929 total messages 1 total packets 490 RTS 0 total bytes 2002140 in_flight now 0 fair_inc 13998 prop_inc 48247 fast_inc 0 eta_inc 12516 multi_dec -0 quick_dec -0 nack_dec -103750
Flow Uec_276_735 flowId 249 uecSrc 248 finished at 272.06 total messages 1 total packets 490 RTS 0 total bytes 2002140 in_flight now 0 fair_inc 4493 prop_inc 46397 fast_inc 0 eta_inc 12516 multi_dec -0 quick_dec -0 nack_dec -91300
Flow Uec_509_1078 flowId 756 uecSrc 755 finished at 272.065 total messages 1 total packets 490 RTS 0 total bytes 2002140 in_flight now 0 fair_inc 11813 prop_inc 42533 fast_inc 0 eta_inc 12516 multi_dec -0 quick_dec -0 nack_dec -91300
Flow Uec_344_855 flowId 345 uecSrc 344 finished at 272.095 total messages 1 total packets 490 RTS 0 total bytes 2002140 in_flight now 0 fair_inc 12418 prop_inc 40752 fast_inc 0 eta_inc 12516 multi_dec -0 quick_dec -0 nack_dec -87150
Flow Uec_630_80 flowId 739 uecSrc 738 finished at 272.123 total messages 1 total packets 490 RTS 0 total bytes 2002140 in_flight now 0 fair_inc 4810 prop_inc 44702 fast_inc 0 eta_inc 12516 multi_dec -0 quick_dec -0 nack_dec -83000
Flow Uec_1044_482 flowId 265 uecSrc 264 finished at 272.15 total messages 1 total packets 490 RTS 0 total bytes 2002140 in_flight now 0 fair_inc 18545 prop_inc 40416 fast_inc 0 eta_inc 12516 multi_dec -0 quick_dec -0 nack_dec -95450
Flow Uec_459_990 flowId 315 uecSrc 314 finished at 272.156 total messages 1 total packets 490 RTS 0 total bytes 2002140 in_flight now 0 fair_inc 9970 prop_inc 57266 fast_inc 0 eta_inc 13112 multi_dec -0 quick_dec -0 nack_dec -107900
Flow Uec_834_272 flowId 780 uecSrc 779 finished at 272.22 total messages 1 total packets 490 RTS 0 total bytes 2002140 in_flight now 0 fair_inc 6287 prop_inc 54565 fast_inc 0 eta_inc 12516 multi_dec -0 quick_dec -0 nack_dec -99600
Flow Uec_813_267 flowId 49 uecSrc 48 finished at 272.251 total messages 1 total packets 490 RTS 0 total bytes 2002140 in_flight now 0 fair_inc 12217 prop_inc 44406 fast_inc 0 eta_inc 12516 multi_dec -0 quick_dec -0 nack_dec -99600
Flow Uec_58_591 flowId 401 uecSrc 400 finished at 272.263 total messages 1 total packets 490 RTS 0 total bytes 2002140 in_flight now 0 fair_inc 11768 prop_inc 43382 fast_inc 0 eta_inc 12516 multi_dec -1384 quick_dec -0 nack_dec -91300
Flow Uec_391_873 flowId 459 uecSrc 458 finished at 272.576 total messages 1 total packets 490 RTS 0 total bytes 2002140 in_flight now 0 fair_inc 28572 prop_inc 30763 fast_inc 0 eta_inc 12516 multi_dec -0 quick_dec -0 nack_dec -87150
Flow Uec_599_1019 flowId 397 uecSrc 396 finished at 272.665 total messages 1 total packets 490 RTS 0 total bytes 2002140 in_flight now 0 fair_inc 9320 prop_inc 51497 fast_inc 0 eta_inc 12516 multi_dec -0 quick_dec -0 nack_dec -91300
Flow Uec_561_1014 flowId 155 uecSrc 154 finished at 272.722 total messages 1 total packets 490 RTS 0 total bytes 2002140 in_flight now 0 fair_inc 17738 prop_inc 32110 fast_inc 0 eta_inc 12516 multi_dec -10594 quick_dec -0 nack_dec -91300
Flow Uec_690_40 flowId 727 uecSrc 726 finished at 272.763 total messages 1 total packets 490 RTS 0 total bytes 2002140 in_flight now 0 fair_inc 7272 prop_inc 43914 fast_inc 0 eta_inc 12516 multi_dec -0 quick_dec -0 nack_dec -83000
Flow Uec_683_95 flowId 765 uecSrc 764 finished at 272.792 total messages 1 total packets 490 RTS 0 total bytes 2002140 in_flight now 0 fair_inc 10377 prop_inc 50834 fast_inc 0 eta_inc 12516 multi_dec -0 quick_dec -0 nack_dec -91300
Flow Uec_255_733 flowId 240 uecSrc 239 finished at 272.809 total messages 1 total packets 490 RTS 0 total bytes 2002140 in_flight now 0 fair_inc 5555 prop_inc 55354 fast_inc 0 eta_inc 12516 multi_dec -0 quick_dec -0 nack_dec -99600
Flow Uec_558_1035 flowId 368 uecSrc 367 finished at 272.858 total messages 1 total packets 490 RTS 0 total bytes 2002140 in_flight now 0 fair_inc 18030 prop_inc 40668 fast_inc 0 eta_inc 12516 multi_dec -0 quick_dec -0 nack_dec -91300
Flow Uec_265_730 flowId 704 uecSrc 703 finished at 272.859 total messages 1 total packets 490 RTS 0 total bytes 2002140 in_flight now 0 fair_inc 13493 prop_inc 35548 fast_inc 0 eta_inc 12516 multi_dec -17403 quick_dec -0 nack_dec -78850
Flow Uec_216_750 flowId 628 uecSrc 627 finished at 272.94 total messages 1 total packets 490 RTS 0 total bytes 2002140 in_flight now 0 fair_inc 12725 prop_inc 45823 fast_inc 0 eta_inc 12516 multi_dec -0 quick_dec -0 nack_dec -91300
Flow Uec_90_577 flowId 506 uecSrc 505 finished at 272.959 total messages 1 total packets 490 RTS 0 total bytes 2002140 in_flight now 0 fair_inc 16304 prop_inc 56887 fast_inc 0 eta_inc 12516 multi_dec -0 quick_dec -0 nack_dec -103750
Flow Uec_964_331 flowId 31 uecSrc 30 finished at 273.017 total messages 1 total packets 490 RTS 0 total bytes 2002140 in_flight now 0 fair_inc 8235 prop_inc 46145 fast_inc 0 eta_inc 12516 multi_dec -0 quick_dec -0 nack_dec -95450
Flow Uec_1086_412 flowId 253 uecSrc 252 finished at 273.055 total messages 1 total packets 490 RTS 0 total bytes 2002140 in_flight now 0 fair_inc 13648 prop_inc 46737 fast_inc 0 eta_inc 12516 multi_dec -0 quick_dec -0 nack_dec -91300
Flow Uec_115_632 flowId 374 uecSrc 373 finished at 273.119 total messages 1 total packets 490 RTS 0 total bytes 2002140 in_flight now 0 fair_inc 14832 prop_inc 33593 fast_inc 0 eta_inc 12516 multi_dec -15920 quick_dec -0 nack_dec -83000
Flow Uec_70_548 flowId 411 uecSrc 410 finished at 273.141 total messages 1 total packets 490 RTS 0 total bytes 2002140 in_flight now 0 fair_inc 14295 prop_inc 53254 fast_inc 0 eta_inc 12516 multi_dec -0 quick_dec -0 nack_dec -99600
Flow Uec_755_175 flowId 799 uecSrc 798 finished at 273.158 total messages 1 total packets 490 RTS 0 total bytes 2002140 in_flight now 0 fair_inc 16822 prop_inc 37473 fast_inc 0 eta_inc 12516 multi_dec -0 quick_dec -0 nack_dec -87150
Flow Uec_848_244 flowId 163 uecSrc 162 finished at 273.257 total messages 1 total packets 490 RTS 0 total bytes 2002140 in_flight now 0 fair_inc 12172 prop_inc 48753 fast_inc 0 eta_inc 13112 multi_dec -0 quick_dec -0 nack_dec -95450
Flow Uec_325_821 flowId 435 uecSrc 434 finished at 273.271 total messages 1 total packets 490 RTS 0 total bytes 2002140 in_flight now 0 fair_inc 11939 prop_inc 34216 fast_inc 0 eta_inc 12516 multi_dec -203 quick_dec -0 nack_dec -74700
Flow Uec_806_283 flowId 373 uecSrc 372 finished at 273.316 total messages 1 total packets 490 RTS 0 total bytes 2002140 in_flight now 0 fair_inc 12276 prop_inc 51326 fast_inc 0 eta_inc 12516 multi_dec -0 quick_dec -0 nack_dec -99600
Flow Uec_754_129 flowId 572 uecSrc 571 finished at 273.322 total messages 1 total packets 490 RTS 0 total bytes 2002140 in_flight now 0 fair_inc 20420 prop_inc 42334 fast_inc 0 eta_inc 13112 multi_dec -0 quick_dec -0 nack_dec -91300
Flow Uec_578_1009 flowId 99 uecSrc 98 finished at 273.402 total messages 1 total packets 490 RTS 0 total bytes 2002140 in_flight now 0 fair_inc 6696 prop_inc 46094 fast_inc 0 eta_inc 12516 multi_dec -0 quick_dec -0 nack_dec -91300
Flow Uec_784_111 flowId 685 uecSrc 684 finished at 273.412 total messages 1 total packets 490 RTS 0 total bytes 2002140 in_flight now 0 fair_inc 6309 prop_inc 60980 fast_inc 0 eta_inc 12516 multi_dec -0 quick_dec -0 nack_dec -107900
Flow Uec_74_503 flowId 726 uecSrc 725 finished at 273.488 total messages 1 total packets 490 RTS 0 total bytes 2002140 in_flight now 0 fair_inc 15536 prop_inc 50946 fast_inc 0 eta_inc 13112 multi_dec -0 quick_dec -0 nack_dec -103750
Flow Uec_139_671 flowId 333 uecSrc 332 finished at 273.514 total messages 1 total packets 490 RTS 0 total bytes 2002140 in_flight now 0 fair_inc 14231 prop_inc 37283 fast_inc 0 eta_inc 12516 multi_dec -0 quick_dec -0 nack_dec -87150
Flow Uec_254_742 flowId 279 uecSrc 278 finished at 273.624 total messages 1 total packets 490 RTS 0 total bytes 2002140 in_flight now 0 fair_inc 16476 prop_inc 47578 fast_inc 0 eta_inc 13112 multi_dec -0 quick_dec -0 nack_dec -99600
Flow Uec_203_705 flowId 730 uecSrc 729 finished at 273.634 total messages 1 total packets 490 RTS 0 total bytes 2002140 in_flight now 0 fair_inc 11887 prop_inc 57220 fast_inc 0 eta_inc 12516 multi_dec -0 quick_dec -0 nack_dec -112050
Flow Uec_428_921 flowId 20 uecSrc 19 finished at 273.676 total messages 1 total packets 490 RTS 0 total bytes 2002140 in_flight now 0 fair_inc 17819 prop_inc 41075 fast_inc 0 eta_inc 12516 multi_dec -15732 quick_dec -0 nack_dec -95450
Flow Uec_394_862 flowId 378 uecSrc 377 finished at 273.707 total messages 1 total packets 490 RTS 0 total bytes 2002140 in_flight now 0 fair_inc 16553 prop_inc 28269 fast_inc 0 eta_inc 12516 multi_dec -61460 quick_dec -0 nack_dec -74700
Flow Uec_604_85 flowId 346 uecSrc 345 finished at 273.71 total messages 1 total packets 490 RTS 0 total bytes 2002140 in_flight now 0 fair_inc 6619 prop_inc 40919 fast_inc 0 eta_inc 11920 multi_dec -0 quick_dec -0 nack_dec -78850
Flow Uec_726_142 flowId 364 uecSrc 363 finished at 273.71 total messages 1 total packets 490 RTS 0 total bytes 2002140 in_flight now 0 fair_inc 16765 prop_inc 53187 fast_inc 0 eta_inc 13112 multi_dec -0 quick_dec -0 nack_dec -112050
Flow Uec_949_313 flowId 647 uecSrc 646 finished at 273.868 total messages 1 total packets 490 RTS 0 total bytes 2002140 in_flight now 0 fair_inc 12125 prop_inc 37230 fast_inc 0 eta_inc 12516 multi_dec -0 quick_dec -0 nack_dec -87150
Flow Uec_225_786 flowId 612 uecSrc 611 finished at 273.948 total messages 1 total packets 490 RTS 0 total bytes 2002140 in_flight now 0 fair_inc 7824 prop_inc 37905 fast_inc 0 eta_inc 12516 multi_dec -0 quick_dec -0 nack_dec -83000
Flow Uec_98_511 flowId 681 uecSrc 680 finished at 274.017 total messages 1 total packets 490 RTS 0 total bytes 2002140 in_flight now 0 fair_inc 5771 prop_inc 54511 fast_inc 0 eta_inc 12516 multi_dec -0 quick_dec -0 nack_dec -99600
Flow Uec_414_909 flowId 179 uecSrc 178 finished at 274.029 total messages 1 total packets 490 RTS 0 total bytes 2002140 in_flight now 0 fair_inc 13539 prop_inc 52723 fast_inc 0 eta_inc 12516 multi_dec -0 quick_dec -0 nack_dec -107900
Flow Uec_775_171 flowId 460 uecSrc 459 finished at 274.167 total messages 1 total packets 490 RTS 0 total bytes 2002140 in_flight now 0 fair_inc 16325 prop_inc 35021 fast_inc 0 eta_inc 12516 multi_dec -163 quick_dec -0 nack_dec -87150
Flow Uec_994_373 flowId 587 uecSrc 586 finished at 274.19 total messages 1 total packets 490 RTS 0 total bytes 2002140 in_flight now 0 fair_inc 20145 prop_inc 35863 fast_inc 0 eta_inc 13112 multi_dec -13212 quick_dec -0 nack_dec -87150
Flow Uec_93_585 flowId 366 uecSrc 365 finished at 274.312 total messages 1 total packets 490 RTS 0 total bytes 2002140 in_flight now 0 fair_inc 10179 prop_inc 50096 fast_inc 0 eta_inc 12516 multi_dec -0 quick_dec -0 nack_dec -95450
Flow Uec_338_822 flowId 130 uecSrc 129 finished at 274.313 total messages 1 total packets 490 RTS 0 total bytes 2002140 in_flight now 0 fair_inc 14108 prop_inc 39089 fast_inc 0 eta_inc 12516 multi_dec -0 quick_dec -0 nack_dec -78850
Flow Uec_349_838 flowId 116 uecSrc 115 finished at 274.341 total messages 1 total packets 490 RTS 0 total bytes 2002140 in_flight now 0 fair_inc 6653 prop_inc 45247 fast_inc 0 eta_inc 12516 multi_dec -581 quick_dec -0 nack_dec -91300
Flow Uec_777_161 flowId 103 uecSrc 102 finished at 274.341 total messages 1 total packets 490 RTS 0 total bytes 2002140 in_flight now 0 fair_inc 7246 prop_inc 52661 fast_inc 0 eta_inc 12516 multi_dec -0 quick_dec -0 nack_dec -95450
Flow Uec_507_1088 flowId 359 uecSrc 358 finished at 274.505 total messages 1 total packets 490 RTS 0 total bytes 2002140 in_flight now 0 fair_inc 10128 prop_inc 47902 fast_inc 0 eta_inc 12516 multi_dec -0 quick_dec -0 nack_dec -99600
Flow Uec_412_905 flowId 245 uecSrc 244 finished at 274.509 total messages 1 total packets 490 RTS 0 total bytes 2002140 in_flight now 0 fair_inc 18927 prop_inc 46159 fast_inc 0 eta_inc 13112 multi_dec -0 quick_dec -0 nack_dec -99600
Flow Uec_1043_414 flowId 796 uecSrc 795 finished at 274.517 total messages 1 total packets 490 RTS 0 total bytes 2002140 in_flight now 0 fair_inc 15304 prop_inc 57036 fast_inc 0 eta_inc 12516 multi_dec -0 quick_dec -0 nack_dec -112050
Flow Uec_421_979 flowId 524 uecSrc 523 finished at 274.523 total messages 1 total packets 490 RTS 0 total bytes 2002140 in_flight now 0 fair_inc 5546 prop_inc 50790 fast_inc 0 eta_inc 12516 multi_dec -0 quick_dec -0 nack_dec -95450
Flow Uec_790_144 flowId 446 uecSrc 445 finished at 274.585 total messages 1 total packets 490 RTS 0 total bytes 2002140 in_flight now 0 fair_inc 7495 prop_inc 61430 fast_inc 0 eta_inc 12516 multi_dec -0 quick_dec -0 nack_dec -107900
Flow Uec_88_590 flowId 735 uecSrc 734 finished at 274.596 total messages 1 total packets 490 RTS 0 total bytes 2002140 in_flight now 0 fair_inc 16212 prop_inc 47372 fast_inc 0 eta_inc 12516 multi_dec -0 quick_dec -0 nack_dec -95450
Flow Uec_665_18 flowId 761 uecSrc 760 finished at 274.62 total messages 1 total packets 490 RTS 0 total bytes 2002140 in_flight now 0 fair_inc 18205 prop_inc 39850 fast_inc 0 eta_inc 12516 multi_dec -1192 quick_dec -0 nack_dec -87150
Flow Uec_327_807 flowId 152 uecSrc 151 finished at 274.641 total messages 1 total packets 490 RTS 0 total bytes 2002140 in_flight now 0 fair_inc 14867 prop_inc 41841 fast_inc 0 eta_inc 12516 multi_dec -0 quick_dec -0 nack_dec -87150
Flow Uec_210_784 flowId 539 uecSrc 538 finished at 274.644 total messages 1 total packets 490 RTS 0 total bytes 2002140 in_flight now 0 fair_inc 7851 prop_inc 51681 fast_inc 0 eta_inc 13112 multi_dec -0 quick_dec -0 nack_dec -95450
Flow Uec_624_10 flowId 351 uecSrc 350 finished at 274.658 total messages 1 total packets 490 RTS 0 total bytes 2002140 in_flight now 0 fair_inc 11631 prop_inc 33973 fast_inc 0 eta_inc 13112 multi_dec -237 quick_dec -0 nack_dec -78850
Flow Uec_439_986 flowId 757 uecSrc 756 finished at 274.667 total messages 1 total packets 490 RTS 0 total bytes 2002140 in_flight now 0 fair_inc 11924 prop_inc 35708 fast_inc 0 eta_inc 12516 multi_dec -699 quick_dec -0 nack_dec -74700
Flow Uec_481_970 flowId 636 uecSrc 635 finished at 274.698 total messages 1 total packets 490 RTS 0 total bytes 2002140 in_flight now 0 fair_inc 14119 prop_inc 38854 fast_inc 0 eta_inc 12516 multi_dec -2939 quick_dec -0 nack_dec -95450
Flow Uec_877_237 flowId 214 uecSrc 213 finished at 274.702 total messages 1 total packets 490 RTS 0 total bytes 2002140 in_flight now 0 fair_inc 6514 prop_inc 60554 fast_inc 0 eta_inc 12516 multi_dec -0 quick_dec -0 nack_dec -107900
Flow Uec_260_748 flowId 56 uecSrc 55 finished at 274.731 total messages 1 total packets 490 RTS 0 total bytes 2002140 in_flight now 0 fair_inc 24683 prop_inc 40665 fast_inc 0 eta_inc 12516 multi_dec -0 quick_dec -0 nack_dec -95450
Flow Uec_982_382 flowId 158 uecSrc 157 finished at 274.736 total messages 1 total packets 490 RTS 0 total bytes 2002140 in_flight now 0 fair_inc 6005 prop_inc 53806 fast_inc 0 eta_inc 12516 multi_dec -0 quick_dec -0 nack_dec -99600
Flow Uec_805_250 flowId 223 uecSrc 222 finished at 274.801 total messages 1 total packets 490 RTS 0 total bytes 2002140 in_flight now 0 fair_inc 10754 prop_inc 50108 fast_inc 0 eta_inc 12516 multi_dec -0 quick_dec -0 nack_dec -95450
Flow Uec_24_579 flowId 64 uecSrc 63 finished at 274.811 total messages 1 total packets 490 RTS 0 total bytes 2002140 in_flight now 0 fair_inc 21735 prop_inc 45092 fast_inc 0 eta_inc 13112 multi_dec -5637 quick_dec -0 nack_dec -99600
Flow Uec_135_635 flowId 187 uecSrc 186 finished at 274.852 total messages 1 total packets 490 RTS 0 total bytes 2002140 in_flight now 0 fair_inc 12146 prop_inc 49914 fast_inc 0 eta_inc 12516 multi_dec -0 quick_dec -0 nack_dec -95450
Flow Uec_804_254 flowId 140 uecSrc 139 finished at 274.917 total messages 1 total packets 490 RTS 0 total bytes 2002140 in_flight now 0 fair_inc 11805 prop_inc 53316 fast_inc 0 eta_inc 12516 multi_dec -0 quick_dec -0 nack_dec -103750
Flow Uec_996_336 flowId 32 uecSrc 31 finished at 274.931 total messages 1 total packets 490 RTS 0 total bytes 2002140 in_flight now 0 fair_inc 7372 prop_inc 57450 fast_inc 0 eta_inc 12516 multi_dec -0 quick_dec -0 nack_dec -107900
Flow Uec_577_1033 flowId 215 uecSrc 214 finished at 274.966 total messages 1 total packets 490 RTS 0 total bytes 2002140 in_flight now 0 fair_inc 11076 prop_inc 50391 fast_inc 0 eta_inc 13112 multi_dec -0 quick_dec -0 nack_dec -99600
Flow Uec_707_114 flowId 484 uecSrc 483 finished at 275.08 total messages 1 total packets 490 RTS 0 total bytes 2002140 in_flight now 0 fair_inc 14072 prop_inc 40433 fast_inc 0 eta_inc 13112 multi_dec -0 quick_dec -0 nack_dec -91300
Flow Uec_936_353 flowId 329 uecSrc 328 finished at 275.174 total messages 1 total packets 490 RTS 0 total bytes 2002140 in_flight now 0 fair_inc 11953 prop_inc 50485 fast_inc 0 eta_inc 12516 multi_dec -0 quick_dec -0 nack_dec -99600
Flow Uec_306_895 flowId 138 uecSrc 137 finished at 275.273 total messages 1 total packets 490 RTS 0 total bytes 2002140 in_flight now 0 fair_inc 7325 prop_inc 63129 fast_inc 0 eta_inc 12516 multi_dec -0 quick_dec -0 nack_dec -107900
Flow Uec_531_1093 flowId 312 uecSrc 311 finished at 275.282 total messages 1 total packets 490 RTS 0 total bytes 2002140 in_flight now 0 fair_inc 14943 prop_inc 40391 fast_inc 0 eta_inc 12516 multi_dec -6162 quick_dec -0 nack_dec -87150
Flow Uec_199_687 flowId 584 uecSrc 583 finished at 275.3 total messages 1 total packets 490 RTS 0 total bytes 2002140 in_flight now 0 fair_inc 16236 prop_inc 36245 fast_inc 0 eta_inc 12516 multi_dec -0 quick_dec -0 nack_dec -91300
Flow Uec_849_271 flowId 700 uecSrc 699 finished at 275.304 total messages 1 total packets 490 RTS 0 total bytes 2002140 in_flight now 0 fair_inc 7227 prop_inc 52028 fast_inc 0 eta_inc 12516 multi_dec -0 quick_dec -0 nack_dec -103750
Flow Uec_205_777 flowId 599 uecSrc 598 finished at 275.307 total messages 1 total packets 490 RTS 0 total bytes 2002140 in_flight now 0 fair_inc 14145 prop_inc 57552 fast_inc 0 eta_inc 12516 multi_dec -0 quick_dec -0 nack_dec -112050
Flow Uec_102_661 flowId 497 uecSrc 496 finished at 275.31 total messages 1 total packets 490 RTS 0 total bytes 2002140 in_flight now 0 fair_inc 14184 prop_inc 34047 fast_inc 0 eta_inc 12516 multi_dec -25520 quick_dec -0 nack_dec -78850
Flow Uec_50_582 flowId 442 uecSrc 441 finished at 275.328 total messages 1 total packets 490 RTS 0 total bytes 2002140 in_flight now 0 fair_inc 15287 prop_inc 57122 fast_inc 0 eta_inc 13112 multi_dec -0 quick_dec -0 nack_dec -107900
Flow Uec_522_1069 flowId 625 uecSrc 624 finished at 275.45 total messages 1 total packets 490 RTS 0 total bytes 2002140 in_flight now 0 fair_inc 5858 prop_inc 64045 fast_inc 0 eta_inc 12516 multi_dec -0 quick_dec -0 nack_dec -112050
Flow Uec_19_541 flowId 284 uecSrc 283 finished at 275.463 total messages 1 total packets 490 RTS 0 total bytes 2002140 in_flight now 0 fair_inc 14158 prop_inc 41508 fast_inc 0 eta_inc 13112 multi_dec -0 quick_dec -0 nack_dec -91300
Flow Uec_1098_490 flowId 498 uecSrc 497 finished at 275.492 total messages 1 total packets 490 RTS 0 total bytes 2002140 in_flight now 0 fair_inc 20113 prop_inc 40710 fast_inc 0 eta_inc 13112 multi_dec -0 quick_dec -0 nack_dec -95450
Flow Uec_670_46 flowId 441 uecSrc 440 finished at 275.516 total messages 1 total packets 490 RTS 0 total bytes 2002140 in_flight now 0 fair_inc 8477 prop_inc 35859 fast_inc 0 eta_inc 12516 multi_dec -0 quick_dec -0 nack_dec -74700
Flow Uec_343_872 flowId 578 uecSrc 577 finished at 275.565 total messages 1 total packets 490 RTS 0 total bytes 2002140 in_flight now 0 fair_inc 12927 prop_inc 38880 fast_inc 0 eta_inc 13112 multi_dec -9252 quick_dec -0 nack_dec -87150
Flow Uec_2_561 flowId 270 uecSrc 269 finished at 275.578 total messages 1 total packets 490 RTS 0 total bytes 2002140 in_flight now 0 fair_inc 8307 prop_inc 42997 fast_inc 0 eta_inc 12516 multi_dec -16861 quick_dec -0 nack_dec -91300
Flow Uec_423_915 flowId 79 uecSrc 78 finished at 275.596 total messages 1 total packets 490 RTS 0 total bytes 2002140 in_flight now 0 fair_inc 6638 prop_inc 55118 fast_inc 0 eta_inc 13112 multi_dec -0 quick_dec -0 nack_dec -103750
Flow Uec_845_229 flowId 413 uecSrc 412 finished at 275.617 total messages 1 total packets 490 RTS 0 total bytes 2002140 in_flight now 0 fair_inc 20009 prop_inc 35571 fast_inc 0 eta_inc 13112 multi_dec -2856 quick_dec -0 nack_dec -91300
Flow Uec_170_603 flowId 75 uecSrc 74 finished at 275.712 total messages 1 total packets 490 RTS 0 total bytes 2002140 in_flight now 0 fair_inc 17367 prop_inc 35093 fast_inc 0 eta_inc 13112 multi_dec -19148 quick_dec -0 nack_dec -91300
Flow Uec_730_136 flowId 450 uecSrc 449 finished at 275.74 total messages 1 total packets 490 RTS 0 total bytes 2002140 in_flight now 0 fair_inc 20119 prop_inc 36513 fast_inc 0 eta_inc 13112 multi_dec -0 quick_dec -0 nack_dec -91300
Flow Uec_424_918 flowId 328 uecSrc 327 finished at 275.78 total messages 1 total packets 490 RTS 0 total bytes 2002140 in_flight now 0 fair_inc 11229 prop_inc 48958 fast_inc 0 eta_inc 13112 multi_dec -0 quick_dec -0 nack_dec -103750
Flow Uec_295_758 flowId 8 uecSrc 7 finished at 275.817 total messages 1 total packets 490 RTS 0 total bytes 2002140 in_flight now 0 fair_inc 6308 prop_inc 59574 fast_inc 0 eta_inc 12516 multi_dec -9245 quick_dec -0 nack_dec -103750
Flow Uec_939_362 flowId 238 uecSrc 237 finished at 275.845 total messages 1 total packets 490 RTS 0 total bytes 2002140 in_flight now 0 fair_inc 9921 prop_inc 40304 fast_inc 0 eta_inc 12516 multi_dec -0 quick_dec -0 nack_dec -91300
Flow Uec_1004_433 flowId 70 uecSrc 69 finished at 275.881 total messages 1 total packets 490 RTS 0 total bytes 2002140 in_flight now 0 fair_inc 24739 prop_inc 44348 fast_inc 0 eta_inc 12516 multi_dec -0 quick_dec -0 nack_dec -95450
Flow Uec_592_1004 flowId 17 uecSrc 16 finished at 275.892 total messages 1 total packets 490 RTS 0 total bytes 2002140 in_flight now 0 fair_inc 15217 prop_inc 41506 fast_inc 0 eta_inc 12516 multi_dec -0 quick_dec -0 nack_dec -95450
Flow Uec_195_692 flowId 624 uecSrc 623 finished at 276.086 total messages 1 total packets 490 RTS 0 total bytes 2002140 in_flight now 0 fair_inc 15965 prop_inc 40212 fast_inc 0 eta_inc 13112 multi_dec -9613 quick_dec -0 nack_dec -91300
Flow Uec_937_384 flowId 670 uecSrc 669 finished at 276.099 total messages 1 total packets 490 RTS 0 total bytes 2002140 in_flight now 0 fair_inc 13704 prop_inc 49242 fast_inc 0 eta_inc 13112 multi_dec -0 quick_dec -0 nack_dec -103750
Flow Uec_885_225 flowId 675 uecSrc 674 finished at 276.101 total messages 1 total packets 490 RTS 0 total bytes 2002140 in_flight now 0 fair_inc 12232 prop_inc 38321 fast_inc 0 eta_inc 13112 multi_dec -103 quick_dec -0 nack_dec -95450
Flow Uec_651_70 flowId 640 uecSrc 639 finished at 276.149 total messages 1 total packets 490 RTS 0 total bytes 2002140 in_flight now 0 fair_inc 10202 prop_inc 38846 fast_inc 0 eta_inc 12516 multi_dec -0 quick_dec -0 nack_dec -74700
Flow Uec_237_726 flowId 712 uecSrc 711 finished at 276.164 total messages 1 total packets 490 RTS 0 total bytes 2002140 in_flight now 0 fair_inc 9140 prop_inc 56091 fast_inc 0 eta_inc 12516 multi_dec -0 quick_dec -0 nack_dec -112050
Flow Uec_61_593 flowId 120 uecSrc 119 finished at 276.209 total messages 1 total packets 490 RTS 0 total bytes 2002140 in_flight now 0 fair_inc 13325 prop_inc 46235 fast_inc 0 eta_inc 12516 multi_dec -0 quick_dec -0 nack_dec -99600
Flow Uec_704_157 flowId 437 uecSrc 436 finished at 276.216 total messages 1 total packets 490 RTS 0 total bytes 2002140 in_flight now 0 fair_inc 19595 prop_inc 46336 fast_inc 0 eta_inc 13112 multi_dec -0 quick_dec -0 nack_dec -99600
Flow Uec_773_176 flowId 639 uecSrc 638 finished at 276.239 total messages 1 total packets 490 RTS 0 total bytes 2002140 in_flight now 0 fair_inc 21847 prop_inc 36018 fast_inc 0 eta_inc 13112 multi_dec -0 quick_dec -0 nack_dec -87150
Flow Uec_662_88 flowId 645 uecSrc 644 finished at 276.311 total messages 1 total packets 490 RTS 0 total bytes 2002140 in_flight now 0 fair_inc 17449 prop_inc 41788 fast_inc 0 eta_inc 12516 multi_dec -0 quick_dec -0 nack_dec -91300
Flow Uec_553_1007 flowId 738 uecSrc 737 finished at 276.323 total messages 1 total packets 490 RTS 0 total bytes 2002140 in_flight now 0 fair_inc 6686 prop_inc 53869 fast_inc 0 eta_inc 13112 multi_dec -0 quick_dec -0 nack_dec -103750
Flow Uec_66_522 flowId 125 uecSrc 124 finished at 276.34 total messages 1 total packets 490 RTS 0 total bytes 2002140 in_flight now 0 fair_inc 12470 prop_inc 52589 fast_inc 0 eta_inc 12516 multi_dec -0 quick_dec -0 nack_dec -99600
Flow Uec_537_1018 flowId 403 uecSrc 402 finished at 276.412 total messages 1 total packets 490 RTS 0 total bytes 2002140 in_flight now 0 fair_inc 9106 prop_inc 48125 fast_inc 0 eta_inc 13112 multi_dec -0 quick_dec -0 nack_dec -99600
Flow Uec_697_22 flowId 128 uecSrc 127 finished at 276.438 total messages 1 total packets 490 RTS 0 total bytes 2002140 in_flight now 0 fair_inc 7340 prop_inc 41873 fast_inc 0 eta_inc 13112 multi_dec -0 quick_dec -0 nack_dec -83000
Flow Uec_1099_455 flowId 737 uecSrc 736 finished at 276.501 total messages 1 total packets 490 RTS 0 total bytes 2002140 in_flight now 0 fair_inc 10991 prop_inc 49105 fast_inc 0 eta_inc 12516 multi_dec -0 quick_dec -0 nack_dec -95450
Flow Uec_1000_428 flowId 548 uecSrc 547 finished at 276.501 total messages 1 total packets 490 RTS 0 total bytes 2002140 in_flight now 0 fair_inc 16176 prop_inc 35327 fast_inc 0 eta_inc 13112 multi_dec -44896 quick_dec -0 nack_dec -91300
Flow Uec_580_1091 flowId 778 uecSrc 777 finished at 276.555 total messages 1 total packets 490 RTS 0 total bytes 2002140 in_flight now 0 fair_inc 18573 prop_inc 32116 fast_inc 0 eta_inc 12516 multi_dec -40752 quick_dec -0 nack_dec -83000
Flow Uec_1019_492 flowId 525 uecSrc 524 finished at 276.558 total messages 1 total packets 490 RTS 0 total bytes 2002140 in_flight now 0 fair_inc 20379 prop_inc 32549 fast_inc 0 eta_inc 13112 multi_dec -102330 quick_dec -0 nack_dec -78850
Flow Uec_782_159 flowId 449 uecSrc 448 finished at 276.648 total messages 1 total packets 490 RTS 0 total bytes 2002140 in_flight now 0 fair_inc 11959 prop_inc 45101 fast_inc 0 eta_inc 12516 multi_dec -0 quick_dec -0 nack_dec -99600
Flow Uec_460_998 flowId 147 uecSrc 146 finished at 276.689 total messages 1 total packets 490 RTS 0 total bytes 2002140 in_flight now 0 fair_inc 10264 prop_inc 48096 fast_inc 0 eta_inc 12516 multi_dec -2472 quick_dec -0 nack_dec -91300
Flow Uec_527_1052 flowId 616 uecSrc 615 finished at 276.716 total messages 1 total packets 490 RTS 0 total bytes 2002140 in_flight now 0 fair_inc 21771 prop_inc 39729 fast_inc 0 eta_inc 13112 multi_dec -4832 quick_dec -0 nack_dec -87150
Flow Uec_502_1098 flowId 585 uecSrc 584 finished at 276.804 total messages 1 total packets 490 RTS 0 total bytes 2002140 in_flight now 0 fair_inc 15733 prop_inc 44089 fast_inc 0 eta_inc 13112 multi_dec -0 quick_dec -0 nack_dec -99600
Flow Uec_1030_452 flowId 642 uecSrc 641 finished at 276.817 total messages 1 total packets 490 RTS 0 total bytes 2002140 in_flight now 0 fair_inc 11036 prop_inc 53575 fast_inc 0 eta_inc 13112 multi_dec -0 quick_dec -0 nack_dec -103750
Flow Uec_1037_441 flowId 509 uecSrc 508 finished at 276.868 total messages 1 total packets 490 RTS 0 total bytes 2002140 in_flight now 0 fair_inc 9677 prop_inc 54539 fast_inc 0 eta_inc 13112 multi_dec -0 quick_dec -0 nack_dec -103750
Flow Uec_211_736 flowId 195 uecSrc 194 finished at 276.884 total messages 1 total packets 490 RTS 0 total bytes 2002140 in_flight now 0 fair_inc 11980 prop_inc 43871 fast_inc 0 eta_inc 12516 multi_dec -0 quick_dec -0 nack_dec -99600
Flow Uec_164_602 flowId 80 uecSrc 79 finished at 276.999 total messages 1 total packets 490 RTS 0 total bytes 2002140 in_flight now 0 fair_inc 13769 prop_inc 34331 fast_inc 0 eta_inc 13112 multi_dec -11290 quick_dec -0 nack_dec -87150
Flow Uec_638_17 flowId 29 uecSrc 28 finished at 277.017 total messages 1 total packets 490 RTS 0 total bytes 2002140 in_flight now 0 fair_inc 9884 prop_inc 40731 fast_inc 0 eta_inc 12516 multi_dec -0 quick_dec -0 nack_dec -87150
Flow Uec_766_166 flowId 204 uecSrc 203 finished at 277.064 total messages 1 total packets 490 RTS 0 total bytes 2002140 in_flight now 0 fair_inc 12143 prop_inc 59002 fast_inc 0 eta_inc 12516 multi_dec -0 quick_dec -0 nack_dec -112050
Flow Uec_67_595 flowId 552 uecSrc 551 finished at 277.092 total messages 1 total packets 490 RTS 0 total bytes 2002140 in_flight now 0 fair_inc 13907 prop_inc 42970 fast_inc 0 eta_inc 13112 multi_dec -0 quick_dec -0 nack_dec -95450
Flow Uec_221_774 flowId 512 uecSrc 511 finished at 277.114 total messages 1 total packets 490 RTS 0 total bytes 2002140 in_flight now 0 fair_inc 11317 prop_inc 60292 fast_inc 0 eta_inc 13112 multi_dec -0 quick_dec -0 nack_dec -107900
Flow Uec_83_581 flowId 275 uecSrc 274 finished at 277.12 total messages 1 total packets 490 RTS 0 total bytes 2002140 in_flight now 0 fair_inc 17995 prop_inc 45911 fast_inc 0 eta_inc 13112 multi_dec -0 quick_dec -0 nack_dec -107900
Flow Uec_1073_405 flowId 143 uecSrc 142 finished at 277.14 total messages 1 total packets 490 RTS 0 total bytes 2002140 in_flight now 0 fair_inc 19281 prop_inc 33716 fast_inc 0 eta_inc 13112 multi_dec -789 quick_dec -0 nack_dec -87150
Flow Uec_572_1050 flowId 57 uecSrc 56 finished at 277.151 total messages 1 total packets 490 RTS 0 total bytes 2002140 in_flight now 0 fair_inc 16326 prop_inc 44581 fast_inc 0 eta_inc 13112 multi_dec -0 quick_dec -0 nack_dec -99600
Flow Uec_737_199 flowId 153 uecSrc 152 finished at 277.219 total messages 1 total packets 490 RTS 0 total bytes 2002140 in_flight now 0 fair_inc 20528 prop_inc 47159 fast_inc 0 eta_inc 13112 multi_dec -0 quick_dec -0 nack_dec -99600
Flow Uec_1063_454 flowId 115 uecSrc 114 finished at 277.26 total messages 1 total packets 490 RTS 0 total bytes 2002140 in_flight now 0 fair_inc 6350 prop_inc 40164 fast_inc 0 eta_inc 12516 multi_dec -42308 quick_dec -0 nack_dec -78850
Flow Uec_686_13 flowId 177 uecSrc 176 finished at 277.285 total messages 1 total packets 490 RTS 0 total bytes 2002140 in_flight now 0 fair_inc 7111 prop_inc 34332 fast_inc 0 eta_inc 13112 multi_dec -100 quick_dec -0 nack_dec -70550
Flow Uec_625_71 flowId 24 uecSrc 23 finished at 277.29 total messages 1 total packets 490 RTS 0 total bytes 2002140 in_flight now 0 fair_inc 11363 prop_inc 41681 fast_inc 0 eta_inc 12516 multi_dec -19201 quick_dec -0 nack_dec -83000
Flow Uec_104_638 flowId 516 uecSrc 515 finished at 277.331 total messages 1 total packets 490 RTS 0 total bytes 2002140 in_flight now 0 fair_inc 7519 prop_inc 41655 fast_inc 0 eta_inc 13112 multi_dec -0 quick_dec -0 nack_dec -87150
Flow Uec_86_574 flowId 340 uecSrc 339 finished at 277.349 total messages 1 total packets 490 RTS 0 total bytes 2002140 in_flight now 0 fair_inc 6968 prop_inc 53364 fast_inc 0 eta_inc 13112 multi_dec -0 quick_dec -0 nack_dec -107900
Flow Uec_1084_446 flowId 81 uecSrc 80 finished at 277.404 total messages 1 total packets 490 RTS 0 total bytes 2002140 in_flight now 0 fair_inc 12368 prop_inc 46173 fast_inc 0 eta_inc 13112 multi_dec -0 quick_dec -0 nack_dec -95450
Flow Uec_25_518 flowId 255 uecSrc 254 finished at 277.405 total messages 1 total packets 490 RTS 0 total bytes 2002140 in_flight now 0 fair_inc 9867 prop_inc 42870 fast_inc 0 eta_inc 13112 multi_dec -0 quick_dec -0 nack_dec -95450
Flow Uec_45_537 flowId 457 uecSrc 456 finished at 277.431 total messages 1 total packets 490 RTS 0 total bytes 2002140 in_flight now 0 fair_inc 12298 prop_inc 47707 fast_inc 0 eta_inc 13112 multi_dec -0 quick_dec -0 nack_dec -103750
Flow Uec_556_1077 flowId 383 uecSrc 382 finished at 277.468 total messages 1 total packets 490 RTS 0 total bytes 2002140 in_flight now 0 fair_inc 8620 prop_inc 59909 fast_inc 0 eta_inc 13112 multi_dec -0 quick_dec -0 nack_dec -112050
Flow Uec_130_649 flowId 283 uecSrc 282 finished at 277.473 total messages 1 total packets 490 RTS 0 total bytes 2002140 in_flight now 0 fair_inc 16434 prop_inc 33804 fast_inc 0 eta_inc 12516 multi_dec -0 quick_dec -0 nack_dec -91300
Flow Uec_162_616 flowId 591 uecSrc 590 finished at 277.507 total messages 1 total packets 490 RTS 0 total bytes 2002140 in_flight now 0 fair_inc 23625 prop_inc 32905 fast_inc 0 eta_inc 13112 multi_dec -95 quick_dec -0 nack_dec -87150
Flow Uec_687_3 flowId 145 uecSrc 144 finished at 277.515 total messages 1 total packets 490 RTS 0 total bytes 2002140 in_flight now 0 fair_inc 21080 prop_inc 31087 fast_inc 0 eta_inc 13112 multi_dec -0 quick_dec -0 nack_dec -83000
Flow Uec_433_977 flowId 818 uecSrc 817 finished at 277.605 total messages 1 total packets 490 RTS 0 total bytes 2002140 in_flight now 0 fair_inc 16806 prop_inc 39471 fast_inc 0 eta_inc 12516 multi_dec -1230 quick_dec -0 nack_dec -87150
Flow Uec_397_892 flowId 308 uecSrc 307 finished at 277.63 total messages 1 total packets 490 RTS 0 total bytes 2002140 in_flight now 0 fair_inc 21174 prop_inc 34367 fast_inc 0 eta_inc 13112 multi_dec -0 quick_dec -0 nack_dec -91300
Flow Uec_925_371 flowId 664 uecSrc 663 finished at 277.717 total messages 1 total packets 490 RTS 0 total bytes 2002140 in_flight now 0 fair_inc 9339 prop_inc 48254 fast_inc 0 eta_inc 13112 multi_dec -0 quick_dec -0 nack_dec -103750
Flow Uec_334_868 flowId 467 uecSrc 466 finished at 277.735 total messages 1 total packets 490 RTS 0 total bytes 2002140 in_flight now 0 fair_inc 20684 prop_inc 39945 fast_inc 0 eta_inc 13112 multi_dec -11676 quick_dec -0 nack_dec -95450
Flow Uec_570_1011 flowId 51 uecSrc 50 finished at 277.794 total messages 1 total packets 490 RTS 0 total bytes 2002140 in_flight now 0 fair_inc 11222 prop_inc 54832 fast_inc 0 eta_inc 12516 multi_dec -0 quick_dec -0 nack_dec -107900
Flow Uec_948_315 flowId 496 uecSrc 495 finished at 277.82 total messages 1 total packets 490 RTS 0 total bytes 2002140 in_flight now 0 fair_inc 14476 prop_inc 43924 fast_inc 0 eta_inc 13112 multi_dec -0 quick_dec -0 nack_dec -99600
Flow Uec_710_188 flowId 575 uecSrc 574 finished at 277.835 total messages 1 total packets 490 RTS 0 total bytes 2002140 in_flight now 0 fair_inc 13931 prop_inc 48451 fast_inc 0 eta_inc 13112 multi_dec -0 quick_dec -0 nack_dec -107900
Flow Uec_177_654 flowId 656 uecSrc 655 finished at 277.884 total messages 1 total packets 490 RTS 0 total bytes 2002140 in_flight now 0 fair_inc 8229 prop_inc 46229 fast_inc 0 eta_inc 13112 multi_dec -0 quick_dec -0 nack_dec -95450
Flow Uec_972_342 flowId 174 uecSrc 173 finished at 277.898 total messages 1 total packets 490 RTS 0 total bytes 2002140 in_flight now 0 fair_inc 11683 prop_inc 51432 fast_inc 0 eta_inc 13112 multi_dec -0 quick_dec -0 nack_dec -103750
Flow Uec_56_523 flowId 59 uecSrc 58 finished at 278.007 total messages 1 total packets 490 RTS 0 total bytes 2002140 in_flight now 0 fair_inc 18534 prop_inc 39574 fast_inc 0 eta_inc 13112 multi_dec -0 quick_dec -0 nack_dec -95450
Flow Uec_417_920 flowId 290 uecSrc 289 finished at 278.04 total messages 1 total packets 490 RTS 0 total bytes 2002140 in_flight now 0 fair_inc 13795 prop_inc 47212 fast_inc 0 eta_inc 12516 multi_dec -0 quick_dec -0 nack_dec -99600
Flow Uec_117_630 flowId 786 uecSrc 785 finished at 278.047 total messages 1 total packets 490 RTS 0 total bytes 2002140 in_flight now 0 fair_inc 19014 prop_inc 40771 fast_inc 0 eta_inc 12516 multi_dec -0 quick_dec -0 nack_dec -95450
Flow Uec_909_390 flowId 522 uecSrc 521 finished at 278.054 total messages 1 total packets 490 RTS 0 total bytes 2002140 in_flight now 0 fair_inc 24586 prop_inc 43649 fast_inc 0 eta_inc 13112 multi_dec -0 quick_dec -0 nack_dec -99600
Flow Uec_746_121 flowId 60 uecSrc 59 finished at 278.08 total messages 1 total packets 490 RTS 0 total bytes 2002140 in_flight now 0 fair_inc 9183 prop_inc 46683 fast_inc 0 eta_inc 13112 multi_dec -446 quick_dec -0 nack_dec -103750
Flow Uec_525_1006 flowId 463 uecSrc 462 finished at 278.254 total messages 1 total packets 490 RTS 0 total bytes 2002140 in_flight now 0 fair_inc 22299 prop_inc 46874 fast_inc 0 eta_inc 12516 multi_dec -0 quick_dec -0 nack_dec -107900
Flow Uec_970_367 flowId 606 uecSrc 605 finished at 278.277 total messages 1 total packets 490 RTS 0 total bytes 2002140 in_flight now 0 fair_inc 16742 prop_inc 39547 fast_inc 0 eta_inc 12516 multi_dec -0 quick_dec -0 nack_dec -95450
Flow Uec_114_636 flowId 394 uecSrc 393 finished at 278.332 total messages 1 total packets 490 RTS 0 total bytes 2002140 in_flight now 0 fair_inc 20274 prop_inc 47972 fast_inc 0 eta_inc 13112 multi_dec -0 quick_dec -0 nack_dec -103750
Flow Uec_920_387 flowId 715 uecSrc 714 finished at 278.384 total messages 1 total packets 490 RTS 0 total bytes 2002140 in_flight now 0 fair_inc 13485 prop_inc 44883 fast_inc 0 eta_inc 12516 multi_dec -0 quick_dec -0 nack_dec -95450
Flow Uec_691_23 flowId 357 uecSrc 356 finished at 278.403 total messages 1 total packets 490 RTS 0 total bytes 2002140 in_flight now 0 fair_inc 3623 prop_inc 48186 fast_inc 0 eta_inc 12516 multi_dec -0 quick_dec -0 nack_dec -83000
Flow Uec_761_131 flowId 106 uecSrc 105 finished at 278.452 total messages 1 total packets 490 RTS 0 total bytes 2002140 in_flight now 0 fair_inc 8786 prop_inc 64660 fast_inc 0 eta_inc 12516 multi_dec -0 quick_dec -0 nack_dec -116200
Flow Uec_677_30 flowId 729 uecSrc 728 finished at 278.531 total messages 1 total packets 490 RTS 0 total bytes 2002140 in_flight now 0 fair_inc 12221 prop_inc 44616 fast_inc 0 eta_inc 12516 multi_dec -0 quick_dec -0 nack_dec -83000
Flow Uec_1059_411 flowId 69 uecSrc 68 finished at 278.565 total messages 1 total packets 490 RTS 0 total bytes 2002140 in_flight now 0 fair_inc 26460 prop_inc 39027 fast_inc 0 eta_inc 12516 multi_dec -9402 quick_dec -0 nack_dec -103750
Flow Uec_517_1027 flowId 433 uecSrc 432 finished at 278.566 total messages 1 total packets 490 RTS 0 total bytes 2002140 in_flight now 0 fair_inc 8510 prop_inc 38546 fast_inc 0 eta_inc 13112 multi_dec -6534 quick_dec -0 nack_dec -91300
Flow Uec_84_555 flowId 298 uecSrc 297 finished at 278.572 total messages 1 total packets 490 RTS 0 total bytes 2002140 in_flight now 0 fair_inc 7453 prop_inc 56771 fast_inc 0 eta_inc 13112 multi_dec -0 quick_dec -0 nack_dec -103750
Flow Uec_161_667 flowId 633 uecSrc 632 finished at 278.73 total messages 1 total packets 490 RTS 0 total bytes 2002140 in_flight now 0 fair_inc 24143 prop_inc 44998 fast_inc 0 eta_inc 13112 multi_dec -321 quick_dec -0 nack_dec -107900
Flow Uec_426_966 flowId 662 uecSrc 661 finished at 278.738 total messages 1 total packets 490 RTS 0 total bytes 2002140 in_flight now 0 fair_inc 12940 prop_inc 57070 fast_inc 0 eta_inc 13112 multi_dec -0 quick_dec -0 nack_dec -116200
Flow Uec_292_765 flowId 134 uecSrc 133 finished at 278.738 total messages 1 total packets 490 RTS 0 total bytes 2002140 in_flight now 0 fair_inc 16319 prop_inc 36660 fast_inc 0 eta_inc 13112 multi_dec -21711 quick_dec -0 nack_dec -91300
Flow Uec_569_1065 flowId 307 uecSrc 306 finished at 278.748 total messages 1 total packets 490 RTS 0 total bytes 2002140 in_flight now 0 fair_inc 5127 prop_inc 49204 fast_inc 0 eta_inc 13112 multi_dec -0 quick_dec -0 nack_dec -95450
Flow Uec_432_944 flowId 683 uecSrc 682 finished at 278.84 total messages 1 total packets 490 RTS 0 total bytes 2002140 in_flight now 0 fair_inc 12642 prop_inc 35885 fast_inc 0 eta_inc 12516 multi_dec -30473 quick_dec -0 nack_dec -78850
Flow Uec_274_700 flowId 740 uecSrc 739 finished at 278.883 total messages 1 total packets 490 RTS 0 total bytes 2002140 in_flight now 0 fair_inc 22562 prop_inc 39799 fast_inc 0 eta_inc 12516 multi_dec -0 quick_dec -0 nack_dec -99600
Flow Uec_319_829 flowId 505 uecSrc 504 finished at 278.93 total messages 1 total packets 490 RTS 0 total bytes 2002140 in_flight now 0 fair_inc 14740 prop_inc 38104 fast_inc 0 eta_inc 13112 multi_dec -2529 quick_dec -0 nack_dec -91300
Flow Uec_466_902 flowId 718 uecSrc 717 finished at 278.967 total messages 1 total packets 490 RTS 0 total bytes 2002140 in_flight now 0 fair_inc 3077 prop_inc 54929 fast_inc 0 eta_inc 13112 multi_dec -0 quick_dec -0 nack_dec -95450
Flow Uec_281_779 flowId 528 uecSrc 527 finished at 278.995 total messages 1 total packets 490 RTS 0 total bytes 2002140 in_flight now 0 fair_inc 18105 prop_inc 49598 fast_inc 0 eta_inc 12516 multi_dec -0 quick_dec -0 nack_dec -103750
Flow Uec_20_599 flowId 811 uecSrc 810 finished at 278.998 total messages 1 total packets 490 RTS 0 total bytes 2002140 in_flight now 0 fair_inc 14802 prop_inc 54615 fast_inc 0 eta_inc 13112 multi_dec -0 quick_dec -0 nack_dec -112050
Flow Uec_1020_421 flowId 139 uecSrc 138 finished at 279 total messages 1 total packets 490 RTS 0 total bytes 2002140 in_flight now 0 fair_inc 11290 prop_inc 42236 fast_inc 0 eta_inc 13112 multi_dec -0 quick_dec -0 nack_dec -95450
Flow Uec_217_760 flowId 445 uecSrc 444 finished at 279.066 total messages 1 total packets 490 RTS 0 total bytes 2002140 in_flight now 0 fair_inc 16044 prop_inc 50186 fast_inc 0 eta_inc 13112 multi_dec -0 quick_dec -0 nack_dec -107900
Flow Uec_529_1054 flowId 666 uecSrc 665 finished at 279.097 total messages 1 total packets 490 RTS 0 total bytes 2002140 in_flight now 0 fair_inc 11544 prop_inc 53221 fast_inc 0 eta_inc 13112 multi_dec -0 quick_dec -0 nack_dec -107900
Flow Uec_271_749 flowId 221 uecSrc 220 finished at 279.117 total messages 1 total packets 490 RTS 0 total bytes 2002140 in_flight now 0 fair_inc 13344 prop_inc 40888 fast_inc 0 eta_inc 13112 multi_dec -0 quick_dec -0 nack_dec -95450
Flow Uec_4_501 flowId 156 uecSrc 155 finished at 279.302 total messages 1 total packets 490 RTS 0 total bytes 2002140 in_flight now 0 fair_inc 6838 prop_inc 43450 fast_inc 0 eta_inc 13112 multi_dec -0 quick_dec -0 nack_dec -95450
Flow Uec_623_38 flowId 18 uecSrc 17 finished at 279.331 total messages 1 total packets 490 RTS 0 total bytes 2002140 in_flight now 0 fair_inc 3178 prop_inc 34357 fast_inc 0 eta_inc 12516 multi_dec -1728 quick_dec -0 nack_dec -78850
Flow Uec_163_647 flowId 318 uecSrc 317 finished at 279.358 total messages 1 total packets 490 RTS 0 total bytes 2002140 in_flight now 0 fair_inc 9806 prop_inc 48027 fast_inc 0 eta_inc 13112 multi_dec -0 quick_dec -0 nack_dec -99600
Flow Uec_474_948 flowId 686 uecSrc 685 finished at 279.406 total messages 1 total packets 490 RTS 0 total bytes 2002140 in_flight now 0 fair_inc 13173 prop_inc 40523 fast_inc 0 eta_inc 13112 multi_dec -12744 quick_dec -0 nack_dec -95450
Flow Uec_94_594 flowId 615 uecSrc 614 finished at 279.48 total messages 1 total packets 490 RTS 0 total bytes 2002140 in_flight now 0 fair_inc 8886 prop_inc 62163 fast_inc 0 eta_inc 12516 multi_dec -0 quick_dec -0 nack_dec -112050
Flow Uec_419_945 flowId 511 uecSrc 510 finished at 279.554 total messages 1 total packets 490 RTS 0 total bytes 2002140 in_flight now 0 fair_inc 7647 prop_inc 53774 fast_inc 0 eta_inc 13112 multi_dec -0 quick_dec -0 nack_dec -103750
Flow Uec_89_527 flowId 154 uecSrc 153 finished at 279.618 total messages 1 total packets 490 RTS 0 total bytes 2002140 in_flight now 0 fair_inc 18618 prop_inc 53255 fast_inc 0 eta_inc 13112 multi_dec -0 quick_dec -0 nack_dec -112050
Flow Uec_768_125 flowId 353 uecSrc 352 finished at 279.621 total messages 1 total packets 490 RTS 0 total bytes 2002140 in_flight now 0 fair_inc 10250 prop_inc 52619 fast_inc 0 eta_inc 13112 multi_dec -0 quick_dec -0 nack_dec -103750
Flow Uec_841_239 flowId 63 uecSrc 62 finished at 279.655 total messages 1 total packets 490 RTS 0 total bytes 2002140 in_flight now 0 fair_inc 9049 prop_inc 53826 fast_inc 0 eta_inc 13112 multi_dec -0 quick_dec -0 nack_dec -103750
Flow Uec_953_354 flowId 136 uecSrc 135 finished at 279.668 total messages 1 total packets 490 RTS 0 total bytes 2002140 in_flight now 0 fair_inc 16775 prop_inc 37372 fast_inc 0 eta_inc 13112 multi_dec -2695 quick_dec -0 nack_dec -91300
Flow Uec_562_1002 flowId 262 uecSrc 261 finished at 279.741 total messages 1 total packets 490 RTS 0 total bytes 2002140 in_flight now 0 fair_inc 8365 prop_inc 52497 fast_inc 0 eta_inc 13112 multi_dec -0 quick_dec -0 nack_dec -103750
Flow Uec_14_575 flowId 295 uecSrc 294 finished at 279.805 total messages 1 total packets 490 RTS 0 total bytes 2002140 in_flight now 0 fair_inc 9177 prop_inc 50106 fast_inc 0 eta_inc 13112 multi_dec -0 quick_dec -0 nack_dec -95450
Flow Uec_516_1058 flowId 824 uecSrc 823 finished at 279.833 total messages 1 total packets 490 RTS 0 total bytes 2002140 in_flight now 0 fair_inc 15637 prop_inc 49367 fast_inc 0 eta_inc 13112 multi_dec -0 quick_dec -0 nack_dec -99600
Flow Uec_927_396 flowId 510 uecSrc 509 finished at 279.834 total messages 1 total packets 490 RTS 0 total bytes 2002140 in_flight now 0 fair_inc 9539 prop_inc 60262 fast_inc 0 eta_inc 13112 multi_dec -0 quick_dec -0 nack_dec -120350
Flow Uec_487_951 flowId 545 uecSrc 544 finished at 279.843 total messages 1 total packets 490 RTS 0 total bytes 2002140 in_flight now 0 fair_inc 15245 prop_inc 45693 fast_inc 0 eta_inc 13112 multi_dec -913 quick_dec -0 nack_dec -103750
Flow Uec_178_691 flowId 672 uecSrc 671 finished at 279.851 total messages 1 total packets 490 RTS 0 total bytes 2002140 in_flight now 0 fair_inc 19241 prop_inc 40201 fast_inc 0 eta_inc 12516 multi_dec -7135 quick_dec -0 nack_dec -95450
Flow Uec_263_796 flowId 669 uecSrc 668 finished at 279.855 total messages 1 total packets 490 RTS 0 total bytes 2002140 in_flight now 0 fair_inc 11526 prop_inc 47928 fast_inc 0 eta_inc 13112 multi_dec -0 quick_dec -0 nack_dec -99600
Flow Uec_571_1066 flowId 380 uecSrc 379 finished at 279.857 total messages 1 total packets 490 RTS 0 total bytes 2002140 in_flight now 0 fair_inc 22122 prop_inc 44088 fast_inc 0 eta_inc 13112 multi_dec -0 quick_dec -0 nack_dec -103750
Flow Uec_781_106 flowId 247 uecSrc 246 finished at 279.894 total messages 1 total packets 490 RTS 0 total bytes 2002140 in_flight now 0 fair_inc 17406 prop_inc 52026 fast_inc 0 eta_inc 12516 multi_dec -0 quick_dec -0 nack_dec -112050
Flow Uec_405_996 flowId 192 uecSrc 191 finished at 279.929 total messages 1 total packets 490 RTS 0 total bytes 2002140 in_flight now 0 fair_inc 14671 prop_inc 56581 fast_inc 0 eta_inc 12516 multi_dec -0 quick_dec -0 nack_dec -112050
Flow Uec_140_621 flowId 800 uecSrc 799 finished at 280.002 total messages 1 total packets 490 RTS 0 total bytes 2002140 in_flight now 0 fair_inc 10645 prop_inc 48938 fast_inc 0 eta_inc 12516 multi_dec -0 quick_dec -0 nack_dec -95450
Flow Uec_887_240 flowId 404 uecSrc 403 finished at 280.06 total messages 1 total packets 490 RTS 0 total bytes 2002140 in_flight now 0 fair_inc 20781 prop_inc 39270 fast_inc 0 eta_inc 13112 multi_dec -0 quick_dec -0 nack_dec -95450
Flow Uec_643_93 flowId 261 uecSrc 260 finished at 280.101 total messages 1 total packets 490 RTS 0 total bytes 2002140 in_flight now 0 fair_inc 9115 prop_inc 39639 fast_inc 0 eta_inc 13112 multi_dec -1267 quick_dec -0 nack_dec -74700
Flow Uec_328_812 flowId 566 uecSrc 565 finished at 280.118 total messages 1 total packets 490 RTS 0 total bytes 2002140 in_flight now 0 fair_inc 7029 prop_inc 51688 fast_inc 0 eta_inc 13112 multi_dec -0 quick_dec -0 nack_dec -99600
Flow Uec_392_814 flowId 561 uecSrc 560 finished at 280.191 total messages 1 total packets 490 RTS 0 total bytes 2002140 in_flight now 0 fair_inc 10652 prop_inc 50660 fast_inc 0 eta_inc 13112 multi_dec -0 quick_dec -0 nack_dec -99600
Flow Uec_297_721 flowId 175 uecSrc 174 finished at 280.256 total messages 1 total packets 490 RTS 0 total bytes 2002140 in_flight now 0 fair_inc 6614 prop_inc 64671 fast_inc 0 eta_inc 12516 multi_dec -0 quick_dec -0 nack_dec -116200
Flow Uec_95_521 flowId 478 uecSrc 477 finished at 280.257 total messages 1 total packets 490 RTS 0 total bytes 2002140 in_flight now 0 fair_inc 17439 prop_inc 43846 fast_inc 0 eta_inc 13112 multi_dec -503 quick_dec -0 nack_dec -103750
Flow Uec_847_210 flowId 219 uecSrc 218 finished at 280.284 total messages 1 total packets 490 RTS 0 total bytes 2002140 in_flight now 0 fair_inc 12765 prop_inc 59710 fast_inc 0 eta_inc 13112 multi_dec -0 quick_dec -0 nack_dec -103750
Flow Uec_657_5 flowId 654 uecSrc 653 finished at 280.323 total messages 1 total packets 490 RTS 0 total bytes 2002140 in_flight now 0 fair_inc 7859 prop_inc 35571 fast_inc 0 eta_inc 12516 multi_dec -6917 quick_dec -0 nack_dec -83000
Flow Uec_912_379 flowId 45 uecSrc 44 finished at 280.34 total messages 1 total packets 490 RTS 0 total bytes 2002140 in_flight now 0 fair_inc 11596 prop_inc 41874 fast_inc 0 eta_inc 13112 multi_dec -0 quick_dec -0 nack_dec -95450
Flow Uec_694_56 flowId 777 uecSrc 776 finished at 280.393 total messages 1 total packets 490 RTS 0 total bytes 2002140 in_flight now 0 fair_inc 6797 prop_inc 54674 fast_inc 0 eta_inc 13112 multi_dec -0 quick_dec -0 nack_dec -95450
Flow Uec_854_296 flowId 619 uecSrc 618 finished at 280.398 total messages 1 total packets 490 RTS 0 total bytes 2002140 in_flight now 0 fair_inc 7459 prop_inc 72507 fast_inc 0 eta_inc 13112 multi_dec -0 quick_dec -0 nack_dec -120350
Flow Uec_605_43 flowId 367 uecSrc 366 finished at 280.412 total messages 1 total packets 490 RTS 0 total bytes 2002140 in_flight now 0 fair_inc 12515 prop_inc 38915 fast_inc 0 eta_inc 13112 multi_dec -0 quick_dec -0 nack_dec -83000
Flow Uec_547_1013 flowId 537 uecSrc 536 finished at 280.431 total messages 1 total packets 490 RTS 0 total bytes 2002140 in_flight now 0 fair_inc 26381 prop_inc 46503 fast_inc 0 eta_inc 13112 multi_dec -0 quick_dec -0 nack_dec -112050
Flow Uec_795_190 flowId 77 uecSrc 76 finished at 280.432 total messages 1 total packets 490 RTS 0 total bytes 2002140 in_flight now 0 fair_inc 10669 prop_inc 52545 fast_inc 0 eta_inc 13112 multi_dec -0 quick_dec -0 nack_dec -107900
Flow Uec_393_824 flowId 325 uecSrc 324 finished at 280.465 total messages 1 total packets 490 RTS 0 total bytes 2002140 in_flight now 0 fair_inc 9304 prop_inc 60240 fast_inc 0 eta_inc 13112 multi_dec -0 quick_dec -0 nack_dec -107900
Flow Uec_402_919 flowId 657 uecSrc 656 finished at 280.524 total messages 1 total packets 490 RTS 0 total bytes 2002140 in_flight now 0 fair_inc 21388 prop_inc 54084 fast_inc 0 eta_inc 13112 multi_dec -0 quick_dec -0 nack_dec -116200
Flow Uec_538_1028 flowId 189 uecSrc 188 finished at 280.54 total messages 1 total packets 490 RTS 0 total bytes 2002140 in_flight now 0 fair_inc 8643 prop_inc 45840 fast_inc 0 eta_inc 13112 multi_dec -0 quick_dec -0 nack_dec -95450
Flow Uec_842_230 flowId 820 uecSrc 819 finished at 280.64 total messages 1 total packets 490 RTS 0 total bytes 2002140 in_flight now 0 fair_inc 23593 prop_inc 36049 fast_inc 0 eta_inc 13112 multi_dec -1302 quick_dec -0 nack_dec -99600
Flow Uec_469_971 flowId 39 uecSrc 38 finished at 280.689 total messages 1 total packets 490 RTS 0 total bytes 2002140 in_flight now 0 fair_inc 15861 prop_inc 49404 fast_inc 0 eta_inc 13112 multi_dec -0 quick_dec -0 nack_dec -103750
Flow Uec_1006_474 flowId 571 uecSrc 570 finished at 280.756 total messages 1 total packets 490 RTS 0 total bytes 2002140 in_flight now 0 fair_inc 19481 prop_inc 36845 fast_inc 0 eta_inc 13112 multi_dec -0 quick_dec -0 nack_dec -91300
Flow Uec_100_645 flowId 363 uecSrc 362 finished at 280.776 total messages 1 total packets 490 RTS 0 total bytes 2002140 in_flight now 0 fair_inc 14158 prop_inc 42845 fast_inc 0 eta_inc 13112 multi_dec -0 quick_dec -0 nack_dec -91300
Flow Uec_874_241 flowId 113 uecSrc 112 finished at 280.797 total messages 1 total packets 490 RTS 0 total bytes 2002140 in_flight now 0 fair_inc 10313 prop_inc 50281 fast_inc 0 eta_inc 13112 multi_dec -156 quick_dec -0 nack_dec -99600
Flow Uec_463_994 flowId 89 uecSrc 88 finished at 280.803 total messages 1 total packets 490 RTS 0 total bytes 2002140 in_flight now 0 fair_inc 14657 prop_inc 53470 fast_inc 0 eta_inc 13112 multi_dec -0 quick_dec -0 nack_dec -107900
Flow Uec_451_947 flowId 362 uecSrc 361 finished at 280.814 total messages 1 total packets 490 RTS 0 total bytes 2002140 in_flight now 0 fair_inc 11154 prop_inc 49018 fast_inc 0 eta_inc 13112 multi_dec -0 quick_dec -0 nack_dec -99600
Flow Uec_840_278 flowId 129 uecSrc 128 finished at 280.83 total messages 1 total packets 490 RTS 0 total bytes 2002140 in_flight now 0 fair_inc 26269 prop_inc 42580 fast_inc 0 eta_inc 13112 multi_dec -0 quick_dec -0 nack_dec -103750
Flow Uec_81_565 flowId 46 uecSrc 45 finished at 280.924 total messages 1 total packets 490 RTS 0 total bytes 2002140 in_flight now 0 fair_inc 12088 prop_inc 42413 fast_inc 0 eta_inc 13112 multi_dec -5127 quick_dec -0 nack_dec -95450
Flow Uec_144_639 flowId 617 uecSrc 616 finished at 280.937 total messages 1 total packets 490 RTS 0 total bytes 2002140 in_flight now 0 fair_inc 3397 prop_inc 46912 fast_inc 0 eta_inc 13112 multi_dec -0 quick_dec -0 nack_dec -87150
Flow Uec_269_798 flowId 105 uecSrc 104 finished at 281.024 total messages 1 total packets 490 RTS 0 total bytes 2002140 in_flight now 0 fair_inc 15528 prop_inc 44470 fast_inc 0 eta_inc 12516 multi_dec -0 quick_dec -0 nack_dec -99600
Flow Uec_822_261 flowId 377 uecSrc 376 finished at 281.123 total messages 1 total packets 490 RTS 0 total bytes 2002140 in_flight now 0 fair_inc 9029 prop_inc 50356 fast_inc 0 eta_inc 12516 multi_dec -0 quick_dec -0 nack_dec -107900
Flow Uec_242_778 flowId 721 uecSrc 720 finished at 281.124 total messages 1 total packets 490 RTS 0 total bytes 2002140 in_flight now 0 fair_inc 5411 prop_inc 54594 fast_inc 0 eta_inc 13112 multi_dec -0 quick_dec -0 nack_dec -103750
Flow Uec_209_769 flowId 123 uecSrc 122 finished at 281.133 total messages 1 total packets 490 RTS 0 total bytes 2002140 in_flight now 0 fair_inc 12438 prop_inc 41497 fast_inc 0 eta_inc 13112 multi_dec -0 quick_dec -0 nack_dec -95450
Flow Uec_975_338 flowId 493 uecSrc 492 finished at 281.187 total messages 1 total packets 490 RTS 0 total bytes 2002140 in_flight now 0 fair_inc 10575 prop_inc 52248 fast_inc 0 eta_inc 13112 multi_dec -0 quick_dec -0 nack_dec -103750
Flow Uec_884_213 flowId 392 uecSrc 391 finished at 281.218 total messages 1 total packets 490 RTS 0 total bytes 2002140 in_flight now 0 fair_inc 12954 prop_inc 55087 fast_inc 0 eta_inc 13112 multi_dec -0 quick_dec -0 nack_dec -112050
Flow Uec_966_307 flowId 37 uecSrc 36 finished at 281.229 total messages 1 total packets 490 RTS 0 total bytes 2002140 in_flight now 0 fair_inc 17948 prop_inc 41718 fast_inc 0 eta_inc 13112 multi_dec -6740 quick_dec -0 nack_dec -95450
Flow Uec_492_950 flowId 794 uecSrc 793 finished at 281.276 total messages 1 total packets 490 RTS 0 total bytes 2002140 in_flight now 0 fair_inc 15964 prop_inc 41492 fast_inc 0 eta_inc 13112 multi_dec -0 quick_dec -0 nack_dec -99600
Flow Uec_699_50 flowId 54 uecSrc 53 finished at 281.285 total messages 1 total packets 490 RTS 0 total bytes 2002140 in_flight now 0 fair_inc 10107 prop_inc 36254 fast_inc 0 eta_inc 13112 multi_dec -788 quick_dec -0 nack_dec -91300
Flow Uec_895_289 flowId 613 uecSrc 612 finished at 281.293 total messages 1 total packets 490 RTS 0 total bytes 2002140 in_flight now 0 fair_inc 10180 prop_inc 58828 fast_inc 0 eta_inc 13112 multi_dec -0 quick_dec -0 nack_dec -112050
Flow Uec_1058_410 flowId 144 uecSrc 143 finished at 281.293 total messages 1 total packets 490 RTS 0 total bytes 2002140 in_flight now 0 fair_inc 15255 prop_inc 39138 fast_inc 0 eta_inc 13112 multi_dec -0 quick_dec -0 nack_dec -99600
Flow Uec_870_252 flowId 246 uecSrc 245 finished at 281.315 total messages 1 total packets 490 RTS 0 total bytes 2002140 in_flight now 0 fair_inc 20104 prop_inc 47241 fast_inc 0 eta_inc 13112 multi_dec -0 quick_dec -0 nack_dec -95450
Flow Uec_193_624 flowId 146 uecSrc 145 finished at 281.35 total messages 1 total packets 490 RTS 0 total bytes 2002140 in_flight now 0 fair_inc 20341 prop_inc 36216 fast_inc 0 eta_inc 13112 multi_dec -5432 quick_dec -0 nack_dec -95450
Flow Uec_458_995 flowId 297 uecSrc 296 finished at 281.363 total messages 1 total packets 490 RTS 0 total bytes 2002140 in_flight now 0 fair_inc 11892 prop_inc 40247 fast_inc 0 eta_inc 13112 multi_dec -11543 quick_dec -0 nack_dec -95450
Flow Uec_807_299 flowId 508 uecSrc 507 finished at 281.417 total messages 1 total packets 490 RTS 0 total bytes 2002140 in_flight now 0 fair_inc 4162 prop_inc 53395 fast_inc 0 eta_inc 12516 multi_dec -0 quick_dec -0 nack_dec -103750
Flow Uec_611_73 flowId 209 uecSrc 208 finished at 281.425 total messages 1 total packets 490 RTS 0 total bytes 2002140 in_flight now 0 fair_inc 12264 prop_inc 30370 fast_inc 0 eta_inc 13112 multi_dec -0 quick_dec -0 nack_dec -78850
Flow Uec_532_1055 flowId 210 uecSrc 209 finished at 281.435 total messages 1 total packets 490 RTS 0 total bytes 2002140 in_flight now 0 fair_inc 10014 prop_inc 44463 fast_inc 0 eta_inc 13112 multi_dec -1689 quick_dec -0 nack_dec -99600
Flow Uec_582_1017 flowId 455 uecSrc 454 finished at 281.552 total messages 1 total packets 490 RTS 0 total bytes 2002140 in_flight now 0 fair_inc 11058 prop_inc 42012 fast_inc 0 eta_inc 13112 multi_dec -0 quick_dec -0 nack_dec -99600
Flow Uec_1076_494 flowId 439 uecSrc 438 finished at 281.582 total messages 1 total packets 490 RTS 0 total bytes 2002140 in_flight now 0 fair_inc 13718 prop_inc 36663 fast_inc 0 eta_inc 13112 multi_dec -0 quick_dec -0 nack_dec -83000
Flow Uec_613_67 flowId 296 uecSrc 295 finished at 281.617 total messages 1 total packets 490 RTS 0 total bytes 2002140 in_flight now 0 fair_inc 10359 prop_inc 53900 fast_inc 0 eta_inc 13112 multi_dec -0 quick_dec -0 nack_dec -99600
Flow Uec_753_192 flowId 385 uecSrc 384 finished at 281.732 total messages 1 total packets 490 RTS 0 total bytes 2002140 in_flight now 0 fair_inc 25696 prop_inc 39744 fast_inc 0 eta_inc 13112 multi_dec -0 quick_dec -0 nack_dec -107900
Flow Uec_103_685 flowId 16 uecSrc 15 finished at 281.733 total messages 1 total packets 490 RTS 0 total bytes 2002140 in_flight now 0 fair_inc 20290 prop_inc 43740 fast_inc 0 eta_inc 13112 multi_dec -0 quick_dec -0 nack_dec -99600
Flow Uec_138_694 flowId 821 uecSrc 820 finished at 281.761 total messages 1 total packets 490 RTS 0 total bytes 2002140 in_flight now 0 fair_inc 5525 prop_inc 65374 fast_inc 0 eta_inc 13112 multi_dec -0 quick_dec -0 nack_dec -116200
Flow Uec_490_906 flowId 50 uecSrc 49 finished at 281.893 total messages 1 total packets 490 RTS 0 total bytes 2002140 in_flight now 0 fair_inc 13241 prop_inc 47214 fast_inc 0 eta_inc 13112 multi_dec -0 quick_dec -0 nack_dec -107900
Flow Uec_12_549 flowId 379 uecSrc 378 finished at 282.106 total messages 1 total packets 490 RTS 0 total bytes 2002140 in_flight now 0 fair_inc 15088 prop_inc 42421 fast_inc 0 eta_inc 13112 multi_dec -409 quick_dec -0 nack_dec -99600
Flow Uec_821_232 flowId 68 uecSrc 67 finished at 282.145 total messages 1 total packets 490 RTS 0 total bytes 2002140 in_flight now 0 fair_inc 12160 prop_inc 48496 fast_inc 0 eta_inc 13112 multi_dec -0 quick_dec -0 nack_dec -103750
Flow Uec_908_337 flowId 521 uecSrc 520 finished at 282.155 total messages 1 total packets 490 RTS 0 total bytes 2002140 in_flight now 0 fair_inc 6111 prop_inc 60441 fast_inc 0 eta_inc 13112 multi_dec -0 quick_dec -0 nack_dec -107900
Flow Uec_652_54 flowId 22 uecSrc 21 finished at 282.181 total messages 1 total packets 490 RTS 0 total bytes 2002140 in_flight now 0 fair_inc 4305 prop_inc 49193 fast_inc 0 eta_inc 13112 multi_dec -36875 quick_dec -0 nack_dec -91300
Flow Uec_655_66 flowId 555 uecSrc 554 finished at 282.196 total messages 1 total packets 490 RTS 0 total bytes 2002140 in_flight now 0 fair_inc 6378 prop_inc 55039 fast_inc 0 eta_inc 13112 multi_dec -0 quick_dec -0 nack_dec -99600
Flow Uec_674_79 flowId 289 uecSrc 288 finished at 282.203 total messages 1 total packets 490 RTS 0 total bytes 2002140 in_flight now 0 fair_inc 19343 prop_inc 47731 fast_inc 0 eta_inc 12516 multi_dec -0 quick_dec -0 nack_dec -91300
Flow Uec_270_752 flowId 570 uecSrc 569 finished at 282.253 total messages 1 total packets 490 RTS 0 total bytes 2002140 in_flight now 0 fair_inc 11879 prop_inc 60024 fast_inc 0 eta_inc 13112 multi_dec -0 quick_dec -0 nack_dec -112050
Flow Uec_437_911 flowId 258 uecSrc 257 finished at 282.256 total messages 1 total packets 490 RTS 0 total bytes 2002140 in_flight now 0 fair_inc 10804 prop_inc 35208 fast_inc 0 eta_inc 13112 multi_dec -45662 quick_dec -0 nack_dec -83000
Flow Uec_212_715 flowId 574 uecSrc 573 finished at 282.28 total messages 1 total packets 490 RTS 0 total bytes 2002140 in_flight now 0 fair_inc 18032 prop_inc 42148 fast_inc 0 eta_inc 13112 multi_dec -3329 quick_dec -0 nack_dec -99600
Flow Uec_442_964 flowId 375 uecSrc 374 finished at 282.299 total messages 1 total packets 490 RTS 0 total bytes 2002140 in_flight now 0 fair_inc 9399 prop_inc 63422 fast_inc 0 eta_inc 13112 multi_dec -0 quick_dec -0 nack_dec -116200
Flow Uec_318_874 flowId 331 uecSrc 330 finished at 282.346 total messages 1 total packets 490 RTS 0 total bytes 2002140 in_flight now 0 fair_inc 24236 prop_inc 32163 fast_inc 0 eta_inc 13112 multi_dec -59459 quick_dec -0 nack_dec -91300
Flow Uec_519_1044 flowId 623 uecSrc 622 finished at 282.407 total messages 1 total packets 490 RTS 0 total bytes 2002140 in_flight now 0 fair_inc 14745 prop_inc 51469 fast_inc 0 eta_inc 13112 multi_dec -0 quick_dec -0 nack_dec -107900
Flow Uec_534_1075 flowId 267 uecSrc 266 finished at 282.411 total messages 1 total packets 490 RTS 0 total bytes 2002140 in_flight now 0 fair_inc 21189 prop_inc 42855 fast_inc 0 eta_inc 13112 multi_dec -0 quick_dec -0 nack_dec -103750
Flow Uec_958_369 flowId 216 uecSrc 215 finished at 282.491 total messages 1 total packets 490 RTS 0 total bytes 2002140 in_flight now 0 fair_inc 17238 prop_inc 42943 fast_inc 0 eta_inc 13112 multi_dec -0 quick_dec -0 nack_dec -103750
Flow Uec_238_703 flowId 667 uecSrc 666 finished at 282.518 total messages 1 total packets 490 RTS 0 total bytes 2002140 in_flight now 0 fair_inc 9393 prop_inc 56991 fast_inc 0 eta_inc 13112 multi_dec -0 quick_dec -0 nack_dec -112050
Flow Uec_1027_408 flowId 773 uecSrc 772 finished at 282.587 total messages 1 total packets 490 RTS 0 total bytes 2002140 in_flight now 0 fair_inc 19415 prop_inc 51893 fast_inc 0 eta_inc 13112 multi_dec -0 quick_dec -0 nack_dec -112050
Flow Uec_988_348 flowId 269 uecSrc 268 finished at 282.588 total messages 1 total packets 490 RTS 0 total bytes 2002140 in_flight now 0 fair_inc 16594 prop_inc 44087 fast_inc 0 eta_inc 13112 multi_dec -0 quick_dec -0 nack_dec -103750
Flow Uec_984_357 flowId 162 uecSrc 161 finished at 282.676 total messages 1 total packets 490 RTS 0 total bytes 2002140 in_flight now 0 fair_inc 15691 prop_inc 37643 fast_inc 0 eta_inc 13112 multi_dec -0 quick_dec -0 nack_dec -91300
Flow Uec_973_325 flowId 430 uecSrc 429 finished at 282.682 total messages 1 total packets 490 RTS 0 total bytes 2002140 in_flight now 0 fair_inc 12998 prop_inc 41896 fast_inc 0 eta_inc 13112 multi_dec -2256 quick_dec -0 nack_dec -103750
Flow Uec_658_62 flowId 193 uecSrc 192 finished at 282.683 total messages 1 total packets 490 RTS 0 total bytes 2002140 in_flight now 0 fair_inc 8716 prop_inc 39232 fast_inc 0 eta_inc 12516 multi_dec -0 quick_dec -0 nack_dec -78850
Flow Uec_220_745 flowId 135 uecSrc 134 finished at 282.728 total messages 1 total packets 490 RTS 0 total bytes 2002140 in_flight now 0 fair_inc 12699 prop_inc 51852 fast_inc 0 eta_inc 13112 multi_dec -0 quick_dec -0 nack_dec -107900
Flow Uec_1012_449 flowId 1 uecSrc 0 finished at 282.816 total messages 1 total packets 490 RTS 0 total bytes 2002140 in_flight now 0 fair_inc 10855 prop_inc 47009 fast_inc 0 eta_inc 13112 multi_dec -243 quick_dec -0 nack_dec -95450
Flow Uec_661_82 flowId 358 uecSrc 357 finished at 282.82 total messages 1 total packets 490 RTS 0 total bytes 2002140 in_flight now 0 fair_inc 12727 prop_inc 26874 fast_inc 0 eta_inc 13112 multi_dec -22392 quick_dec -0 nack_dec -78850
Flow Uec_382_884 flowId 614 uecSrc 613 finished at 282.854 total messages 1 total packets 490 RTS 0 total bytes 2002140 in_flight now 0 fair_inc 5204 prop_inc 44820 fast_inc 0 eta_inc 13112 multi_dec -9709 quick_dec -0 nack_dec -99600
Flow Uec_398_839 flowId 169 uecSrc 168 finished at 282.86 total messages 1 total packets 490 RTS 0 total bytes 2002140 in_flight now 0 fair_inc 12032 prop_inc 46707 fast_inc 0 eta_inc 13112 multi_dec -0 quick_dec -0 nack_dec -99600
Flow Uec_666_12 flowId 603 uecSrc 602 finished at 282.882 total messages 1 total packets 490 RTS 0 total bytes 2002140 in_flight now 0 fair_inc 11202 prop_inc 43669 fast_inc 0 eta_inc 13112 multi_dec -0 quick_dec -0 nack_dec -95450
Flow Uec_192_613 flowId 425 uecSrc 424 finished at 282.929 total messages 1 total packets 490 RTS 0 total bytes 2002140 in_flight now 0 fair_inc 18519 prop_inc 38605 fast_inc 0 eta_inc 13112 multi_dec -1672 quick_dec -0 nack_dec -91300
Flow Uec_627_52 flowId 447 uecSrc 446 finished at 282.938 total messages 1 total packets 490 RTS 0 total bytes 2002140 in_flight now 0 fair_inc 7538 prop_inc 38041 fast_inc 0 eta_inc 12516 multi_dec -0 quick_dec -0 nack_dec -78850
Flow Uec_549_1024 flowId 468 uecSrc 467 finished at 282.948 total messages 1 total packets 490 RTS 0 total bytes 2002140 in_flight now 0 fair_inc 12832 prop_inc 40122 fast_inc 0 eta_inc 13112 multi_dec -0 quick_dec -0 nack_dec -95450
Flow Uec_452_917 flowId 161 uecSrc 160 finished at 282.972 total messages 1 total packets 490 RTS 0 total bytes 2002140 in_flight now 0 fair_inc 8305 prop_inc 51687 fast_inc 0 eta_inc 13112 multi_dec -0 quick_dec -0 nack_dec -103750
Flow Uec_149_615 flowId 465 uecSrc 464 finished at 283.01 total messages 1 total packets 490 RTS 0 total bytes 2002140 in_flight now 0 fair_inc 9624 prop_inc 50525 fast_inc 0 eta_inc 13112 multi_dec -0 quick_dec -0 nack_dec -103750
Flow Uec_861_288 flowId 754 uecSrc 753 finished at 283.03 total messages 1 total packets 490 RTS 0 total bytes 2002140 in_flight now 0 fair_inc 8475 prop_inc 49614 fast_inc 0 eta_inc 13112 multi_dec -0 quick_dec -0 nack_dec -103750
Flow Uec_681_55 flowId 677 uecSrc 676 finished at 283.059 total messages 1 total packets 490 RTS 0 total bytes 2002140 in_flight now 0 fair_inc 7629 prop_inc 52323 fast_inc 0 eta_inc 13112 multi_dec -0 quick_dec -0 nack_dec -95450
Flow Uec_119_641 flowId 705 uecSrc 704 finished at 283.116 total messages 1 total packets 490 RTS 0 total bytes 2002140 in_flight now 0 fair_inc 8334 prop_inc 50936 fast_inc 0 eta_inc 13112 multi_dec -0 quick_dec -0 nack_dec -103750
Flow Uec_789_128 flowId 292 uecSrc 291 finished at 283.211 total messages 1 total packets 490 RTS 0 total bytes 2002140 in_flight now 0 fair_inc 10471 prop_inc 61143 fast_inc 0 eta_inc 13112 multi_dec -0 quick_dec -0 nack_dec -116200
Flow Uec_798_150 flowId 356 uecSrc 355 finished at 283.26 total messages 1 total packets 490 RTS 0 total bytes 2002140 in_flight now 0 fair_inc 23769 prop_inc 43500 fast_inc 0 eta_inc 13112 multi_dec -0 quick_dec -0 nack_dec -99600
Flow Uec_725_148 flowId 330 uecSrc 329 finished at 283.276 total messages 1 total packets 490 RTS 0 total bytes 2002140 in_flight now 0 fair_inc 6937 prop_inc 60394 fast_inc 0 eta_inc 13112 multi_dec -0 quick_dec -0 nack_dec -120350
Flow Uec_37_515 flowId 243 uecSrc 242 finished at 283.48 total messages 1 total packets 490 RTS 0 total bytes 2002140 in_flight now 0 fair_inc 10401 prop_inc 52855 fast_inc 0 eta_inc 13708 multi_dec -0 quick_dec -0 nack_dec -103750
Flow Uec_1056_402 flowId 266 uecSrc 265 finished at 283.508 total messages 1 total packets 490 RTS 0 total bytes 2002140 in_flight now 0 fair_inc 15595 prop_inc 47654 fast_inc 0 eta_inc 13112 multi_dec -0 quick_dec -0 nack_dec -103750
Flow Uec_358_826 flowId 529 uecSrc 528 finished at 283.543 total messages 1 total packets 490 RTS 0 total bytes 2002140 in_flight now 0 fair_inc 15506 prop_inc 46878 fast_inc 0 eta_inc 13112 multi_dec -14615 quick_dec -0 nack_dec -107900
Flow Uec_591_1068 flowId 191 uecSrc 190 finished at 283.597 total messages 1 total packets 490 RTS 0 total bytes 2002140 in_flight now 0 fair_inc 8051 prop_inc 46330 fast_inc 0 eta_inc 13708 multi_dec -0 quick_dec -0 nack_dec -99600
Flow Uec_264_713 flowId 257 uecSrc 256 finished at 283.665 total messages 1 total packets 490 RTS 0 total bytes 2002140 in_flight now 0 fair_inc 24554 prop_inc 37671 fast_inc 0 eta_inc 13112 multi_dec -0 quick_dec -0 nack_dec -95450
Flow Uec_457_985 flowId 576 uecSrc 575 finished at 283.682 total messages 1 total packets 490 RTS 0 total bytes 2002140 in_flight now 0 fair_inc 19803 prop_inc 44483 fast_inc 0 eta_inc 13112 multi_dec -36612 quick_dec -0 nack_dec -107900
Flow Uec_711_102 flowId 186 uecSrc 185 finished at 283.711 total messages 1 total packets 490 RTS 0 total bytes 2002140 in_flight now 0 fair_inc 12875 prop_inc 49479 fast_inc 0 eta_inc 13112 multi_dec -0 quick_dec -0 nack_dec -107900
Flow Uec_204_759 flowId 78 uecSrc 77 finished at 283.745 total messages 1 total packets 490 RTS 0 total bytes 2002140 in_flight now 0 fair_inc 9720 prop_inc 66991 fast_inc 0 eta_inc 13112 multi_dec -0 quick_dec -0 nack_dec -124500
Flow Uec_921_356 flowId 386 uecSrc 385 finished at 283.747 total messages 1 total packets 490 RTS 0 total bytes 2002140 in_flight now 0 fair_inc 16578 prop_inc 37070 fast_inc 0 eta_inc 13112 multi_dec -0 quick_dec -0 nack_dec -99600
Flow Uec_68_567 flowId 102 uecSrc 101 finished at 283.759 total messages 1 total packets 490 RTS 0 total bytes 2002140 in_flight now 0 fair_inc 17281 prop_inc 38451 fast_inc 0 eta_inc 13112 multi_dec -4654 quick_dec -0 nack_dec -95450
Flow Uec_322_852 flowId 263 uecSrc 262 finished at 283.795 total messages 1 total packets 490 RTS 0 total bytes 2002140 in_flight now 0 fair_inc 16602 prop_inc 45098 fast_inc 0 eta_inc 13112 multi_dec -0 quick_dec -0 nack_dec -103750
Flow Uec_324_856 flowId 487 uecSrc 486 finished at 283.836 total messages 1 total packets 490 RTS 0 total bytes 2002140 in_flight now 0 fair_inc 9975 prop_inc 64378 fast_inc 0 eta_inc 13708 multi_dec -0 quick_dec -0 nack_dec -116200
Flow Uec_120_655 flowId 750 uecSrc 749 finished at 283.849 total messages 1 total packets 490 RTS 0 total bytes 2002140 in_flight now 0 fair_inc 23230 prop_inc 45808 fast_inc 0 eta_inc 13112 multi_dec -0 quick_dec -0 nack_dec -107900
Flow Uec_929_311 flowId 471 uecSrc 470 finished at 283.88 total messages 1 total packets 490 RTS 0 total bytes 2002140 in_flight now 0 fair_inc 14637 prop_inc 44342 fast_inc 0 eta_inc 13112 multi_dec -0 quick_dec -0 nack_dec -103750
Flow Uec_321_883 flowId 724 uecSrc 723 finished at 283.925 total messages 1 total packets 490 RTS 0 total bytes 2002140 in_flight now 0 fair_inc 14725 prop_inc 32631 fast_inc 0 eta_inc 13112 multi_dec -28550 quick_dec -0 nack_dec -83000
Flow Uec_971_350 flowId 709 uecSrc 708 finished at 284.127 total messages 1 total packets 490 RTS 0 total bytes 2002140 in_flight now 0 fair_inc 13254 prop_inc 42705 fast_inc 0 eta_inc 13112 multi_dec -0 quick_dec -0 nack_dec -91300
Flow Uec_336_865 flowId 454 uecSrc 453 finished at 284.127 total messages 1 total packets 490 RTS 0 total bytes 2002140 in_flight now 0 fair_inc 23069 prop_inc 48488 fast_inc 0 eta_inc 13112 multi_dec -0 quick_dec -0 nack_dec -116200
Flow Uec_986_381 flowId 11 uecSrc 10 finished at 284.149 total messages 1 total packets 490 RTS 0 total bytes 2002140 in_flight now 0 fair_inc 15019 prop_inc 45281 fast_inc 0 eta_inc 13112 multi_dec -0 quick_dec -0 nack_dec -95450
Flow Uec_583_1083 flowId 668 uecSrc 667 finished at 284.238 total messages 1 total packets 490 RTS 0 total bytes 2002140 in_flight now 0 fair_inc 12443 prop_inc 52468 fast_inc 0 eta_inc 13112 multi_dec -0 quick_dec -0 nack_dec -103750
Flow Uec_249_741 flowId 73 uecSrc 72 finished at 284.313 total messages 1 total packets 490 RTS 0 total bytes 2002140 in_flight now 0 fair_inc 11113 prop_inc 47866 fast_inc 0 eta_inc 13112 multi_dec -0 quick_dec -0 nack_dec -103750
Flow Uec_983_335 flowId 807 uecSrc 806 finished at 284.328 total messages 1 total packets 490 RTS 0 total bytes 2002140 in_flight now 0 fair_inc 8423 prop_inc 73498 fast_inc 0 eta_inc 13112 multi_dec -0 quick_dec -0 nack_dec -124500
Flow Uec_378_842 flowId 631 uecSrc 630 finished at 284.338 total messages 1 total packets 490 RTS 0 total bytes 2002140 in_flight now 0 fair_inc 11330 prop_inc 65063 fast_inc 0 eta_inc 13112 multi_dec -0 quick_dec -0 nack_dec -112050
Flow Uec_993_316 flowId 523 uecSrc 522 finished at 284.346 total messages 1 total packets 490 RTS 0 total bytes 2002140 in_flight now 0 fair_inc 8203 prop_inc 54216 fast_inc 0 eta_inc 13708 multi_dec -97 quick_dec -0 nack_dec -107900
Flow Uec_62_598 flowId 185 uecSrc 184 finished at 284.397 total messages 1 total packets 490 RTS 0 total bytes 2002140 in_flight now 0 fair_inc 17660 prop_inc 45252 fast_inc 0 eta_inc 13112 multi_dec -416 quick_dec -0 nack_dec -103750
Flow Uec_277_754 flowId 464 uecSrc 463 finished at 284.4 total messages 1 total packets 490 RTS 0 total bytes 2002140 in_flight now 0 fair_inc 10563 prop_inc 55374 fast_inc 0 eta_inc 13112 multi_dec -0 quick_dec -0 nack_dec -107900
Flow Uec_137_619 flowId 559 uecSrc 558 finished at 284.401 total messages 1 total packets 490 RTS 0 total bytes 2002140 in_flight now 0 fair_inc 23493 prop_inc 42015 fast_inc 0 eta_inc 13112 multi_dec -0 quick_dec -0 nack_dec -103750
Flow Uec_167_608 flowId 97 uecSrc 96 finished at 284.407 total messages 1 total packets 490 RTS 0 total bytes 2002140 in_flight now 0 fair_inc 22148 prop_inc 52766 fast_inc 0 eta_inc 13112 multi_dec -0 quick_dec -0 nack_dec -112050
Flow Uec_187_634 flowId 562 uecSrc 561 finished at 284.408 total messages 1 total packets 490 RTS 0 total bytes 2002140 in_flight now 0 fair_inc 18212 prop_inc 52418 fast_inc 0 eta_inc 13112 multi_dec -0 quick_dec -0 nack_dec -112050
Flow Uec_1091_460 flowId 235 uecSrc 234 finished at 284.436 total messages 1 total packets 490 RTS 0 total bytes 2002140 in_flight now 0 fair_inc 9379 prop_inc 44884 fast_inc 0 eta_inc 13112 multi_dec -2215 quick_dec -0 nack_dec -91300
Flow Uec_632_68 flowId 36 uecSrc 35 finished at 284.527 total messages 1 total packets 490 RTS 0 total bytes 2002140 in_flight now 0 fair_inc 15990 prop_inc 46580 fast_inc 0 eta_inc 13112 multi_dec -0 quick_dec -0 nack_dec -103750
Flow Uec_188_606 flowId 577 uecSrc 576 finished at 284.589 total messages 1 total packets 490 RTS 0 total bytes 2002140 in_flight now 0 fair_inc 5290 prop_inc 60004 fast_inc 0 eta_inc 13112 multi_dec -0 quick_dec -0 nack_dec -112050
Flow Uec_810_245 flowId 530 uecSrc 529 finished at 284.614 total messages 1 total packets 490 RTS 0 total bytes 2002140 in_flight now 0 fair_inc 11053 prop_inc 52468 fast_inc 0 eta_inc 13112 multi_dec -0 quick_dec -0 nack_dec -112050
Flow Uec_511_1041 flowId 418 uecSrc 417 finished at 284.622 total messages 1 total packets 490 RTS 0 total bytes 2002140 in_flight now 0 fair_inc 12274 prop_inc 50417 fast_inc 0 eta_inc 13112 multi_dec -0 quick_dec -0 nack_dec -103750
Flow Uec_91_532 flowId 774 uecSrc 773 finished at 284.642 total messages 1 total packets 490 RTS 0 total bytes 2002140 in_flight now 0 fair_inc 16397 prop_inc 51433 fast_inc 0 eta_inc 12516 multi_dec -0 quick_dec -0 nack_dec -112050
Flow Uec_365_834 flowId 372 uecSrc 371 finished at 284.67 total messages 1 total packets 490 RTS 0 total bytes 2002140 in_flight now 0 fair_inc 12439 prop_inc 43978 fast_inc 0 eta_inc 13112 multi_dec -2014 quick_dec -0 nack_dec -91300
Flow Uec_431_954 flowId 743 uecSrc 742 finished at 284.743 total messages 1 total packets 490 RTS 0 total bytes 2002140 in_flight now 0 fair_inc 9488 prop_inc 65479 fast_inc 0 eta_inc 13112 multi_dec -0 quick_dec -0 nack_dec -120350
Flow Uec_917_326 flowId 150 uecSrc 149 finished at 284.778 total messages 1 total packets 490 RTS 0 total bytes 2002140 in_flight now 0 fair_inc 3964 prop_inc 59435 fast_inc 0 eta_inc 13112 multi_dec -0 quick_dec -0 nack_dec -112050
Flow Uec_354_867 flowId 479 uecSrc 478 finished at 284.796 total messages 1 total packets 490 RTS 0 total bytes 2002140 in_flight now 0 fair_inc 18869 prop_inc 39988 fast_inc 0 eta_inc 13112 multi_dec -4160 quick_dec -0 nack_dec -103750
Flow Uec_513_1080 flowId 638 uecSrc 637 finished at 284.808 total messages 1 total packets 490 RTS 0 total bytes 2002140 in_flight now 0 fair_inc 13060 prop_inc 52699 fast_inc 0 eta_inc 13112 multi_dec -0 quick_dec -0 nack_dec -103750
Flow Uec_444_900 flowId 678 uecSrc 677 finished at 284.876 total messages 1 total packets 490 RTS 0 total bytes 2002140 in_flight now 0 fair_inc 13624 prop_inc 53733 fast_inc 0 eta_inc 13112 multi_dec -0 quick_dec -0 nack_dec -112050
Flow Uec_461_913 flowId 504 uecSrc 503 finished at 284.878 total messages 1 total packets 490 RTS 0 total bytes 2002140 in_flight now 0 fair_inc 2463 prop_inc 57634 fast_inc 0 eta_inc 13112 multi_dec -0 quick_dec -0 nack_dec -107900
Flow Uec_892_269 flowId 293 uecSrc 292 finished at 284.942 total messages 1 total packets 490 RTS 0 total bytes 2002140 in_flight now 0 fair_inc 16168 prop_inc 53176 fast_inc 0 eta_inc 13112 multi_dec -0 quick_dec -0 nack_dec -112050
Flow Uec_646_78 flowId 309 uecSrc 308 finished at 284.953 total messages 1 total packets 490 RTS 0 total bytes 2002140 in_flight now 0 fair_inc 7578 prop_inc 63732 fast_inc 0 eta_inc 13112 multi_dec -0 quick_dec -0 nack_dec -107900
Flow Uec_252_753 flowId 10 uecSrc 9 finished at 284.954 total messages 1 total packets 490 RTS 0 total bytes 2002140 in_flight now 0 fair_inc 16969 prop_inc 34280 fast_inc 0 eta_inc 13112 multi_dec -6795 quick_dec -0 nack_dec -87150
Flow Uec_563_1073 flowId 423 uecSrc 422 finished at 284.964 total messages 1 total packets 490 RTS 0 total bytes 2002140 in_flight now 0 fair_inc 22954 prop_inc 33443 fast_inc 0 eta_inc 13112 multi_dec -5979 quick_dec -0 nack_dec -99600
Flow Uec_1094_465 flowId 604 uecSrc 603 finished at 284.973 total messages 1 total packets 490 RTS 0 total bytes 2002140 in_flight now 0 fair_inc 7949 prop_inc 52070 fast_inc 0 eta_inc 13112 multi_dec -0 quick_dec -0 nack_dec -103750
Flow Uec_1096_404 flowId 722 uecSrc 721 finished at 284.975 total messages 1 total packets 490 RTS 0 total bytes 2002140 in_flight now 0 fair_inc 14909 prop_inc 40102 fast_inc 0 eta_inc 13112 multi_dec -0 quick_dec -0 nack_dec -91300
Flow Uec_28_514 flowId 398 uecSrc 397 finished at 284.975 total messages 1 total packets 490 RTS 0 total bytes 2002140 in_flight now 0 fair_inc 8375 prop_inc 72555 fast_inc 0 eta_inc 13708 multi_dec -0 quick_dec -0 nack_dec -116200
Flow Uec_528_1034 flowId 326 uecSrc 325 finished at 285.002 total messages 1 total packets 490 RTS 0 total bytes 2002140 in_flight now 0 fair_inc 19402 prop_inc 46610 fast_inc 0 eta_inc 13708 multi_dec -2918 quick_dec -0 nack_dec -103750
Flow Uec_1089_471 flowId 417 uecSrc 416 finished at 285.037 total messages 1 total packets 490 RTS 0 total bytes 2002140 in_flight now 0 fair_inc 16906 prop_inc 48823 fast_inc 0 eta_inc 12516 multi_dec -0 quick_dec -0 nack_dec -103750
Flow Uec_1008_479 flowId 323 uecSrc 322 finished at 285.047 total messages 1 total packets 490 RTS 0 total bytes 2002140 in_flight now 0 fair_inc 15626 prop_inc 50771 fast_inc 0 eta_inc 13708 multi_dec -0 quick_dec -0 nack_dec -107900
Flow Uec_831_219 flowId 535 uecSrc 534 finished at 285.071 total messages 1 total packets 490 RTS 0 total bytes 2002140 in_flight now 0 fair_inc 16791 prop_inc 46103 fast_inc 0 eta_inc 13112 multi_dec -0 quick_dec -0 nack_dec -107900
Flow Uec_689_48 flowId 717 uecSrc 716 finished at 285.072 total messages 1 total packets 490 RTS 0 total bytes 2002140 in_flight now 0 fair_inc 11018 prop_inc 48774 fast_inc 0 eta_inc 13112 multi_dec -0 quick_dec -0 nack_dec -95450
Flow Uec_767_100 flowId 758 uecSrc 757 finished at 285.089 total messages 1 total packets 490 RTS 0 total bytes 2002140 in_flight now 0 fair_inc 10763 prop_inc 58512 fast_inc 0 eta_inc 13112 multi_dec -0 quick_dec -0 nack_dec -112050
Flow Uec_454_991 flowId 131 uecSrc 130 finished at 285.111 total messages 1 total packets 490 RTS 0 total bytes 2002140 in_flight now 0 fair_inc 15736 prop_inc 65190 fast_inc 0 eta_inc 13112 multi_dec -0 quick_dec -0 nack_dec -116200
Flow Uec_565_1064 flowId 76 uecSrc 75 finished at 285.159 total messages 1 total packets 490 RTS 0 total bytes 2002140 in_flight now 0 fair_inc 19848 prop_inc 41791 fast_inc 0 eta_inc 13112 multi_dec -0 quick_dec -0 nack_dec -107900
Flow Uec_618_58 flowId 313 uecSrc 312 finished at 285.166 total messages 1 total packets 490 RTS 0 total bytes 2002140 in_flight now 0 fair_inc 17955 prop_inc 40662 fast_inc 0 eta_inc 13112 multi_dec -0 quick_dec -0 nack_dec -99600
Flow Uec_752_151 flowId 492 uecSrc 491 finished at 285.193 total messages 1 total packets 490 RTS 0 total bytes 2002140 in_flight now 0 fair_inc 11725 prop_inc 58701 fast_inc 0 eta_inc 13112 multi_dec -0 quick_dec -0 nack_dec -116200
Flow Uec_860_221 flowId 273 uecSrc 272 finished at 285.218 total messages 1 total packets 490 RTS 0 total bytes 2002140 in_flight now 0 fair_inc 11541 prop_inc 62381 fast_inc 0 eta_inc 13112 multi_dec -0 quick_dec -0 nack_dec -120350
Flow Uec_256_762 flowId 568 uecSrc 567 finished at 285.277 total messages 1 total packets 490 RTS 0 total bytes 2002140 in_flight now 0 fair_inc 11235 prop_inc 50994 fast_inc 0 eta_inc 13112 multi_dec -0 quick_dec -0 nack_dec -99600
Flow Uec_1087_443 flowId 252 uecSrc 251 finished at 285.31 total messages 1 total packets 490 RTS 0 total bytes 2002140 in_flight now 0 fair_inc 19150 prop_inc 34082 fast_inc 0 eta_inc 13112 multi_dec -0 quick_dec -0 nack_dec -87150
Flow Uec_992_327 flowId 543 uecSrc 542 finished at 285.455 total messages 1 total packets 490 RTS 0 total bytes 2002140 in_flight now 0 fair_inc 12908 prop_inc 51747 fast_inc 0 eta_inc 13112 multi_dec -0 quick_dec -0 nack_dec -112050
Flow Uec_198_679 flowId 475 uecSrc 474 finished at 285.509 total messages 1 total packets 490 RTS 0 total bytes 2002140 in_flight now 0 fair_inc 19194 prop_inc 46130 fast_inc 0 eta_inc 13708 multi_dec -0 quick_dec -0 nack_dec -107900
Flow Uec_566_1099 flowId 813 uecSrc 812 finished at 285.577 total messages 1 total packets 490 RTS 0 total bytes 2002140 in_flight now 0 fair_inc 19414 prop_inc 44418 fast_inc 0 eta_inc 13112 multi_dec -0 quick_dec -0 nack_dec -103750
Flow Uec_196_643 flowId 122 uecSrc 121 finished at 285.595 total messages 1 total packets 490 RTS 0 total bytes 2002140 in_flight now 0 fair_inc 12725 prop_inc 51069 fast_inc 0 eta_inc 13112 multi_dec -27192 quick_dec -0 nack_dec -103750
Flow Uec_436_929 flowId 687 uecSrc 686 finished at 285.604 total messages 1 total packets 490 RTS 0 total bytes 2002140 in_flight now 0 fair_inc 12423 prop_inc 51566 fast_inc 0 eta_inc 13112 multi_dec -0 quick_dec -0 nack_dec -107900
Flow Uec_197_609 flowId 676 uecSrc 675 finished at 285.614 total messages 1 total packets 490 RTS 0 total bytes 2002140 in_flight now 0 fair_inc 13603 prop_inc 47434 fast_inc 0 eta_inc 13708 multi_dec -7194 quick_dec -0 nack_dec -99600
Flow Uec_471_999 flowId 652 uecSrc 651 finished at 285.664 total messages 1 total packets 490 RTS 0 total bytes 2002140 in_flight now 0 fair_inc 12740 prop_inc 45294 fast_inc 0 eta_inc 13112 multi_dec -1262 quick_dec -0 nack_dec -107900
Flow Uec_555_1082 flowId 148 uecSrc 147 finished at 285.666 total messages 1 total packets 490 RTS 0 total bytes 2002140 in_flight now 0 fair_inc 13420 prop_inc 69071 fast_inc 0 eta_inc 13112 multi_dec -0 quick_dec -0 nack_dec -132800
Flow Uec_396_809 flowId 526 uecSrc 525 finished at 285.666 total messages 1 total packets 490 RTS 0 total bytes 2002140 in_flight now 0 fair_inc 12482 prop_inc 40519 fast_inc 0 eta_inc 13112 multi_dec -17686 quick_dec -0 nack_dec -87150
Flow Uec_1078_461 flowId 67 uecSrc 66 finished at 285.735 total messages 1 total packets 490 RTS 0 total bytes 2002140 in_flight now 0 fair_inc 29066 prop_inc 33608 fast_inc 0 eta_inc 13112 multi_dec -54886 quick_dec -0 nack_dec -95450
Flow Uec_108_688 flowId 630 uecSrc 629 finished at 285.765 total messages 1 total packets 490 RTS 0 total bytes 2002140 in_flight now 0 fair_inc 14438 prop_inc 60315 fast_inc 0 eta_inc 13112 multi_dec -0 quick_dec -0 nack_dec -124500
Flow Uec_148_697 flowId 744 uecSrc 743 finished at 285.821 total messages 1 total packets 490 RTS 0 total bytes 2002140 in_flight now 0 fair_inc 15848 prop_inc 39874 fast_inc 0 eta_inc 13112 multi_dec -138 quick_dec -0 nack_dec -99600
Flow Uec_564_1070 flowId 594 uecSrc 593 finished at 285.895 total messages 1 total packets 490 RTS 0 total bytes 2002140 in_flight now 0 fair_inc 18867 prop_inc 40076 fast_inc 0 eta_inc 13708 multi_dec -24813 quick_dec -0 nack_dec -95450
Flow Uec_465_975 flowId 230 uecSrc 229 finished at 285.996 total messages 1 total packets 490 RTS 0 total bytes 2002140 in_flight now 0 fair_inc 10816 prop_inc 38000 fast_inc 0 eta_inc 13112 multi_dec -9874 quick_dec -0 nack_dec -91300
Flow Uec_245_747 flowId 515 uecSrc 514 finished at 286.021 total messages 1 total packets 490 RTS 0 total bytes 2002140 in_flight now 0 fair_inc 6085 prop_inc 68205 fast_inc 0 eta_inc 13112 multi_dec -0 quick_dec -0 nack_dec -116200
Flow Uec_191_607 flowId 766 uecSrc 765 finished at 286.127 total messages 1 total packets 490 RTS 0 total bytes 2002140 in_flight now 0 fair_inc 18514 prop_inc 36846 fast_inc 0 eta_inc 13112 multi_dec -6026 quick_dec -0 nack_dec -103750
Flow Uec_166_670 flowId 621 uecSrc 620 finished at 286.178 total messages 1 total packets 490 RTS 0 total bytes 2002140 in_flight now 0 fair_inc 9768 prop_inc 43270 fast_inc 0 eta_inc 13112 multi_dec -0 quick_dec -0 nack_dec -99600
Flow Uec_557_1081 flowId 803 uecSrc 802 finished at 286.299 total messages 1 total packets 490 RTS 0 total bytes 2002140 in_flight now 0 fair_inc 14334 prop_inc 48502 fast_inc 0 eta_inc 13112 multi_dec -0 quick_dec -0 nack_dec -107900
Flow Uec_979_361 flowId 742 uecSrc 741 finished at 286.325 total messages 1 total packets 490 RTS 0 total bytes 2002140 in_flight now 0 fair_inc 16733 prop_inc 36033 fast_inc 0 eta_inc 13112 multi_dec -19445 quick_dec -0 nack_dec -83000
Flow Uec_692_11 flowId 200 uecSrc 199 finished at 286.336 total messages 1 total packets 490 RTS 0 total bytes 2002140 in_flight now 0 fair_inc 24860 prop_inc 39194 fast_inc 0 eta_inc 13112 multi_dec -0 quick_dec -0 nack_dec -103750
Flow Uec_998_391 flowId 798 uecSrc 797 finished at 286.394 total messages 1 total packets 490 RTS 0 total bytes 2002140 in_flight now 0 fair_inc 12208 prop_inc 52375 fast_inc 0 eta_inc 13112 multi_dec -0 quick_dec -0 nack_dec -107900
Flow Uec_332_869 flowId 241 uecSrc 240 finished at 286.402 total messages 1 total packets 490 RTS 0 total bytes 2002140 in_flight now 0 fair_inc 12205 prop_inc 40456 fast_inc 0 eta_inc 13112 multi_dec -20286 quick_dec -0 nack_dec -91300
Flow Uec_54_543 flowId 482 uecSrc 481 finished at 286.432 total messages 1 total packets 490 RTS 0 total bytes 2002140 in_flight now 0 fair_inc 6249 prop_inc 58630 fast_inc 0 eta_inc 13112 multi_dec -0 quick_dec -0 nack_dec -112050
Flow Uec_44_566 flowId 697 uecSrc 696 finished at 286.485 total messages 1 total packets 490 RTS 0 total bytes 2002140 in_flight now 0 fair_inc 14566 prop_inc 50853 fast_inc 0 eta_inc 13112 multi_dec -9343 quick_dec -0 nack_dec -103750
Flow Uec_1026_453 flowId 549 uecSrc 548 finished at 286.536 total messages 1 total packets 490 RTS 0 total bytes 2002140 in_flight now 0 fair_inc 19945 prop_inc 44341 fast_inc 0 eta_inc 13708 multi_dec -435 quick_dec -0 nack_dec -103750
Flow Uec_609_53 flowId 472 uecSrc 471 finished at 286.539 total messages 1 total packets 490 RTS 0 total bytes 2002140 in_flight now 0 fair_inc 10639 prop_inc 39040 fast_inc 0 eta_inc 13112 multi_dec -514 quick_dec -0 nack_dec -87150
Flow Uec_231_771 flowId 563 uecSrc 562 finished at 286.543 total messages 1 total packets 490 RTS 0 total bytes 2002140 in_flight now 0 fair_inc 14321 prop_inc 61915 fast_inc 0 eta_inc 13708 multi_dec -0 quick_dec -0 nack_dec -116200
Flow Uec_480_942 flowId 27 uecSrc 26 finished at 286.58 total messages 1 total packets 490 RTS 0 total bytes 2002140 in_flight now 0 fair_inc 21715 prop_inc 49090 fast_inc 0 eta_inc 13708 multi_dec -0 quick_dec -0 nack_dec -103750
Flow Uec_443_984 flowId 627 uecSrc 626 finished at 286.602 total messages 1 total packets 490 RTS 0 total bytes 2002140 in_flight now 0 fair_inc 8358 prop_inc 49084 fast_inc 0 eta_inc 13112 multi_dec -0 quick_dec -0 nack_dec -103750
Flow Uec_127_696 flowId 483 uecSrc 482 finished at 286.621 total messages 1 total packets 490 RTS 0 total bytes 2002140 in_flight now 0 fair_inc 14219 prop_inc 40554 fast_inc 0 eta_inc 13112 multi_dec -12457 quick_dec -0 nack_dec -99600
Flow Uec_447_931 flowId 764 uecSrc 763 finished at 286.626 total messages 1 total packets 490 RTS 0 total bytes 2002140 in_flight now 0 fair_inc 11991 prop_inc 62880 fast_inc 0 eta_inc 13112 multi_dec -0 quick_dec -0 nack_dec -116200
Flow Uec_357_831 flowId 203 uecSrc 202 finished at 286.636 total messages 1 total packets 490 RTS 0 total bytes 2002140 in_flight now 0 fair_inc 8927 prop_inc 54178 fast_inc 0 eta_inc 13112 multi_dec -0 quick_dec -0 nack_dec -107900
Flow Uec_776_117 flowId 719 uecSrc 718 finished at 286.661 total messages 1 total packets 490 RTS 0 total bytes 2002140 in_flight now 0 fair_inc 20449 prop_inc 44605 fast_inc 0 eta_inc 13112 multi_dec -0 quick_dec -0 nack_dec -103750
Flow Uec_173_674 flowId 415 uecSrc 414 finished at 286.666 total messages 1 total packets 490 RTS 0 total bytes 2002140 in_flight now 0 fair_inc 22174 prop_inc 38248 fast_inc 0 eta_inc 13112 multi_dec -36580 quick_dec -0 nack_dec -99600
Flow Uec_183_666 flowId 242 uecSrc 241 finished at 286.667 total messages 1 total packets 490 RTS 0 total bytes 2002140 in_flight now 0 fair_inc 22402 prop_inc 45227 fast_inc 0 eta_inc 13112 multi_dec -0 quick_dec -0 nack_dec -112050
Flow Uec_456_988 flowId 30 uecSrc 29 finished at 286.796 total messages 1 total packets 490 RTS 0 total bytes 2002140 in_flight now 0 fair_inc 23397 prop_inc 38066 fast_inc 0 eta_inc 13708 multi_dec -10821 quick_dec -0 nack_dec -103750
Flow Uec_1083_413 flowId 713 uecSrc 712 finished at 286.834 total messages 1 total packets 490 RTS 0 total bytes 2002140 in_flight now 0 fair_inc 19433 prop_inc 41807 fast_inc 0 eta_inc 13708 multi_dec -1451 quick_dec -0 nack_dec -103750
Flow Uec_434_904 flowId 650 uecSrc 649 finished at 286.853 total messages 1 total packets 490 RTS 0 total bytes 2002140 in_flight now 0 fair_inc 24266 prop_inc 39361 fast_inc 0 eta_inc 13112 multi_dec -0 quick_dec -0 nack_dec -103750
Flow Uec_622_32 flowId 406 uecSrc 405 finished at 286.903 total messages 1 total packets 490 RTS 0 total bytes 2002140 in_flight now 0 fair_inc 8880 prop_inc 41107 fast_inc 0 eta_inc 13112 multi_dec -0 quick_dec -0 nack_dec -87150
Flow Uec_154_644 flowId 788 uecSrc 787 finished at 286.928 total messages 1 total packets 490 RTS 0 total bytes 2002140 in_flight now 0 fair_inc 13362 prop_inc 42254 fast_inc 0 eta_inc 13112 multi_dec -2521 quick_dec -0 nack_dec -95450
Flow Uec_388_859 flowId 395 uecSrc 394 finished at 286.994 total messages 1 total packets 490 RTS 0 total bytes 2002140 in_flight now 0 fair_inc 10053 prop_inc 50496 fast_inc 0 eta_inc 13708 multi_dec -0 quick_dec -0 nack_dec -112050
Flow Uec_311_879 flowId 452 uecSrc 451 finished at 286.999 total messages 1 total packets 490 RTS 0 total bytes 2002140 in_flight now 0 fair_inc 11088 prop_inc 40922 fast_inc 0 eta_inc 13112 multi_dec -5424 quick_dec -0 nack_dec -91300
Flow Uec_153_600 flowId 806 uecSrc 805 finished at 287 total messages 1 total packets 490 RTS 0 total bytes 2002140 in_flight now 0 fair_inc 5643 prop_inc 46829 fast_inc 0 eta_inc 13112 multi_dec -0 quick_dec -0 nack_dec -103750
Flow Uec_989_377 flowId 291 uecSrc 290 finished at 287.01 total messages 1 total packets 490 RTS 0 total bytes 2002140 in_flight now 0 fair_inc 11386 prop_inc 49169 fast_inc 0 eta_inc 13708 multi_dec -0 quick_dec -0 nack_dec -99600
Flow Uec_288_793 flowId 384 uecSrc 383 finished at 287.108 total messages 1 total packets 490 RTS 0 total bytes 2002140 in_flight now 0 fair_inc 18664 prop_inc 54371 fast_inc 0 eta_inc 13112 multi_dec -0 quick_dec -0 nack_dec -116200
Flow Uec_372_805 flowId 188 uecSrc 187 finished at 287.15 total messages 1 total packets 490 RTS 0 total bytes 2002140 in_flight now 0 fair_inc 6748 prop_inc 57321 fast_inc 0 eta_inc 13708 multi_dec -0 quick_dec -0 nack_dec -112050
Flow Uec_1025_420 flowId 13 uecSrc 12 finished at 287.159 total messages 1 total packets 490 RTS 0 total bytes 2002140 in_flight now 0 fair_inc 20789 prop_inc 43204 fast_inc 0 eta_inc 13112 multi_dec -23009 quick_dec -0 nack_dec -107900
Flow Uec_698_61 flowId 183 uecSrc 182 finished at 287.17 total messages 1 total packets 490 RTS 0 total bytes 2002140 in_flight now 0 fair_inc 24221 prop_inc 41028 fast_inc 0 eta_inc 12516 multi_dec -0 quick_dec -0 nack_dec -99600
Flow Uec_1066_409 flowId 19 uecSrc 18 finished at 287.239 total messages 1 total packets 490 RTS 0 total bytes 2002140 in_flight now 0 fair_inc 15904 prop_inc 43807 fast_inc 0 eta_inc 13112 multi_dec -0 quick_dec -0 nack_dec -99600
Flow Uec_308_877 flowId 260 uecSrc 259 finished at 287.286 total messages 1 total packets 490 RTS 0 total bytes 2002140 in_flight now 0 fair_inc 16613 prop_inc 43778 fast_inc 0 eta_inc 13112 multi_dec -0 quick_dec -0 nack_dec -107900
Flow Uec_900_328 flowId 196 uecSrc 195 finished at 287.297 total messages 1 total packets 490 RTS 0 total bytes 2002140 in_flight now 0 fair_inc 11373 prop_inc 60232 fast_inc 0 eta_inc 13112 multi_dec -0 quick_dec -0 nack_dec -116200
Flow Uec_852_212 flowId 52 uecSrc 51 finished at 287.301 total messages 1 total packets 490 RTS 0 total bytes 2002140 in_flight now 0 fair_inc 14869 prop_inc 60975 fast_inc 0 eta_inc 13708 multi_dec -0 quick_dec -0 nack_dec -120350
Flow Uec_485_952 flowId 434 uecSrc 433 finished at 287.354 total messages 1 total packets 490 RTS 0 total bytes 2002140 in_flight now 0 fair_inc 14818 prop_inc 46497 fast_inc 0 eta_inc 13708 multi_dec -0 quick_dec -0 nack_dec -107900
Flow Uec_1003_440 flowId 354 uecSrc 353 finished at 287.391 total messages 1 total packets 490 RTS 0 total bytes 2002140 in_flight now 0 fair_inc 19934 prop_inc 38950 fast_inc 0 eta_inc 13708 multi_dec -9380 quick_dec -0 nack_dec -99600
Flow Uec_1016_497 flowId 420 uecSrc 419 finished at 287.421 total messages 1 total packets 490 RTS 0 total bytes 2002140 in_flight now 0 fair_inc 11154 prop_inc 53350 fast_inc 0 eta_inc 13708 multi_dec -0 quick_dec -0 nack_dec -103750
Flow Uec_425_958 flowId 96 uecSrc 95 finished at 287.477 total messages 1 total packets 490 RTS 0 total bytes 2002140 in_flight now 0 fair_inc 25240 prop_inc 53001 fast_inc 0 eta_inc 13112 multi_dec -0 quick_dec -0 nack_dec -112050
Flow Uec_435_989 flowId 62 uecSrc 61 finished at 287.505 total messages 1 total packets 490 RTS 0 total bytes 2002140 in_flight now 0 fair_inc 17277 prop_inc 52680 fast_inc 0 eta_inc 13112 multi_dec -0 quick_dec -0 nack_dec -107900
Flow Uec_602_57 flowId 83 uecSrc 82 finished at 287.515 total messages 1 total packets 490 RTS 0 total bytes 2002140 in_flight now 0 fair_inc 16435 prop_inc 32050 fast_inc 0 eta_inc 13112 multi_dec -13320 quick_dec -0 nack_dec -83000
Flow Uec_155_633 flowId 301 uecSrc 300 finished at 287.518 total messages 1 total packets 490 RTS 0 total bytes 2002140 in_flight now 0 fair_inc 20752 prop_inc 43374 fast_inc 0 eta_inc 13708 multi_dec -0 quick_dec -0 nack_dec -112050
Flow Uec_142_686 flowId 371 uecSrc 370 finished at 287.592 total messages 1 total packets 490 RTS 0 total bytes 2002140 in_flight now 0 fair_inc 18721 prop_inc 61973 fast_inc 0 eta_inc 13708 multi_dec -0 quick_dec -0 nack_dec -116200
Flow Uec_259_768 flowId 124 uecSrc 123 finished at 287.706 total messages 1 total packets 490 RTS 0 total bytes 2002140 in_flight now 0 fair_inc 10777 prop_inc 54664 fast_inc 0 eta_inc 13112 multi_dec -0 quick_dec -0 nack_dec -107900
Flow Uec_147_650 flowId 302 uecSrc 301 finished at 287.712 total messages 1 total packets 490 RTS 0 total bytes 2002140 in_flight now 0 fair_inc 17396 prop_inc 44302 fast_inc 0 eta_inc 13708 multi_dec -5592 quick_dec -0 nack_dec -103750
Flow Uec_1057_495 flowId 352 uecSrc 351 finished at 287.756 total messages 1 total packets 490 RTS 0 total bytes 2002140 in_flight now 0 fair_inc 15563 prop_inc 55319 fast_inc 0 eta_inc 13112 multi_dec -0 quick_dec -0 nack_dec -120350
Flow Uec_811_256 flowId 462 uecSrc 461 finished at 287.757 total messages 1 total packets 490 RTS 0 total bytes 2002140 in_flight now 0 fair_inc 17141 prop_inc 45434 fast_inc 0 eta_inc 13112 multi_dec -0 quick_dec -0 nack_dec -103750
Flow Uec_35_517 flowId 65 uecSrc 64 finished at 287.793 total messages 1 total packets 490 RTS 0 total bytes 2002140 in_flight now 0 fair_inc 4083 prop_inc 78861 fast_inc 0 eta_inc 13112 multi_dec -0 quick_dec -0 nack_dec -124500
Flow Uec_246_743 flowId 701 uecSrc 700 finished at 287.883 total messages 1 total packets 490 RTS 0 total bytes 2002140 in_flight now 0 fair_inc 9766 prop_inc 64760 fast_inc 0 eta_inc 13708 multi_dec -0 quick_dec -0 nack_dec -116200
Flow Uec_974_329 flowId 248 uecSrc 247 finished at 287.902 total messages 1 total packets 490 RTS 0 total bytes 2002140 in_flight now 0 fair_inc 7424 prop_inc 56522 fast_inc 0 eta_inc 13112 multi_dec -0 quick_dec -0 nack_dec -103750
Flow Uec_360_894 flowId 782 uecSrc 781 finished at 287.915 total messages 1 total packets 490 RTS 0 total bytes 2002140 in_flight now 0 fair_inc 10838 prop_inc 56025 fast_inc 0 eta_inc 13112 multi_dec -0 quick_dec -0 nack_dec -112050
Flow Uec_1071_499 flowId 310 uecSrc 309 finished at 287.917 total messages 1 total packets 490 RTS 0 total bytes 2002140 in_flight now 0 fair_inc 20333 prop_inc 37141 fast_inc 0 eta_inc 13112 multi_dec -10054 quick_dec -0 nack_dec -95450
Flow Uec_132_625 flowId 775 uecSrc 774 finished at 287.954 total messages 1 total packets 490 RTS 0 total bytes 2002140 in_flight now 0 fair_inc 14851 prop_inc 37767 fast_inc 0 eta_inc 13112 multi_dec -10315 quick_dec -0 nack_dec -99600
Flow Uec_606_0 flowId 6 uecSrc 5 finished at 288.009 total messages 1 total packets 490 RTS 0 total bytes 2002140 in_flight now 0 fair_inc 10494 prop_inc 43526 fast_inc 0 eta_inc 13112 multi_dec -0 quick_dec -0 nack_dec -103750
Flow Uec_985_375 flowId 412 uecSrc 411 finished at 288.037 total messages 1 total packets 490 RTS 0 total bytes 2002140 in_flight now 0 fair_inc 5541 prop_inc 56773 fast_inc 0 eta_inc 12516 multi_dec -393 quick_dec -0 nack_dec -107900
Flow Uec_294_781 flowId 25 uecSrc 24 finished at 288.048 total messages 1 total packets 490 RTS 0 total bytes 2002140 in_flight now 0 fair_inc 12458 prop_inc 55170 fast_inc 0 eta_inc 13708 multi_dec -0 quick_dec -0 nack_dec -116200
Flow Uec_682_9 flowId 558 uecSrc 557 finished at 288.088 total messages 1 total packets 490 RTS 0 total bytes 2002140 in_flight now 0 fair_inc 18099 prop_inc 40391 fast_inc 0 eta_inc 13112 multi_dec -0 quick_dec -0 nack_dec -91300
Flow Uec_688_16 flowId 470 uecSrc 469 finished at 288.132 total messages 1 total packets 490 RTS 0 total bytes 2002140 in_flight now 0 fair_inc 15480 prop_inc 37923 fast_inc 0 eta_inc 13112 multi_dec -0 quick_dec -0 nack_dec -91300
Flow Uec_568_1087 flowId 428 uecSrc 427 finished at 288.17 total messages 1 total packets 490 RTS 0 total bytes 2002140 in_flight now 0 fair_inc 18180 prop_inc 39919 fast_inc 0 eta_inc 13112 multi_dec -49010 quick_dec -0 nack_dec -95450
Flow Uec_548_1023 flowId 776 uecSrc 775 finished at 288.216 total messages 1 total packets 490 RTS 0 total bytes 2002140 in_flight now 0 fair_inc 8147 prop_inc 62537 fast_inc 0 eta_inc 13708 multi_dec -0 quick_dec -0 nack_dec -116200
Flow Uec_329_866 flowId 648 uecSrc 647 finished at 288.291 total messages 1 total packets 490 RTS 0 total bytes 2002140 in_flight now 0 fair_inc 10675 prop_inc 46887 fast_inc 0 eta_inc 13708 multi_dec -524 quick_dec -0 nack_dec -99600
Flow Uec_888_276 flowId 733 uecSrc 732 finished at 288.316 total messages 1 total packets 490 RTS 0 total bytes 2002140 in_flight now 0 fair_inc 8595 prop_inc 56334 fast_inc 0 eta_inc 13112 multi_dec -0 quick_dec -0 nack_dec -116200
Flow Uec_472_940 flowId 348 uecSrc 347 finished at 288.539 total messages 1 total packets 490 RTS 0 total bytes 2002140 in_flight now 0 fair_inc 11605 prop_inc 50560 fast_inc 0 eta_inc 13112 multi_dec -0 quick_dec -0 nack_dec -107900
Flow Uec_875_220 flowId 182 uecSrc 181 finished at 288.613 total messages 1 total packets 490 RTS 0 total bytes 2002140 in_flight now 0 fair_inc 18730 prop_inc 42347 fast_inc 0 eta_inc 13112 multi_dec -0 quick_dec -0 nack_dec -107900
Flow Uec_703_165 flowId 370 uecSrc 369 finished at 288.643 total messages 1 total packets 490 RTS 0 total bytes 2002140 in_flight now 0 fair_inc 9273 prop_inc 48860 fast_inc 0 eta_inc 13112 multi_dec -2618 quick_dec -0 nack_dec -103750
Flow Uec_685_44 flowId 387 uecSrc 386 finished at 288.735 total messages 1 total packets 490 RTS 0 total bytes 2002140 in_flight now 0 fair_inc 19964 prop_inc 41046 fast_inc 0 eta_inc 13112 multi_dec -0 quick_dec -0 nack_dec -91300
Flow Uec_1001_458 flowId 710 uecSrc 709 finished at 288.752 total messages 1 total packets 490 RTS 0 total bytes 2002140 in_flight now 0 fair_inc 14174 prop_inc 37588 fast_inc 0 eta_inc 13112 multi_dec -0 quick_dec -0 nack_dec -91300
Flow Uec_835_257 flowId 679 uecSrc 678 finished at 288.757 total messages 1 total packets 490 RTS 0 total bytes 2002140 in_flight now 0 fair_inc 5747 prop_inc 74667 fast_inc 0 eta_inc 13112 multi_dec -0 quick_dec -0 nack_dec -124500
Flow Uec_1090_406 flowId 501 uecSrc 500 finished at 288.757 total messages 1 total packets 490 RTS 0 total bytes 2002140 in_flight now 0 fair_inc 18463 prop_inc 56419 fast_inc 0 eta_inc 13708 multi_dec -0 quick_dec -0 nack_dec -112050
Flow Uec_150_664 flowId 399 uecSrc 398 finished at 288.761 total messages 1 total packets 490 RTS 0 total bytes 2002140 in_flight now 0 fair_inc 15864 prop_inc 51950 fast_inc 0 eta_inc 13708 multi_dec -0 quick_dec -0 nack_dec -107900
Flow Uec_1014_430 flowId 224 uecSrc 223 finished at 288.768 total messages 1 total packets 490 RTS 0 total bytes 2002140 in_flight now 0 fair_inc 14545 prop_inc 43457 fast_inc 0 eta_inc 13112 multi_dec -0 quick_dec -0 nack_dec -103750
Flow Uec_113_684 flowId 684 uecSrc 683 finished at 288.916 total messages 1 total packets 490 RTS 0 total bytes 2002140 in_flight now 0 fair_inc 24273 prop_inc 49377 fast_inc 0 eta_inc 13708 multi_dec -0 quick_dec -0 nack_dec -116200
Flow Uec_610_6 flowId 513 uecSrc 512 finished at 288.999 total messages 1 total packets 490 RTS 0 total bytes 2002140 in_flight now 0 fair_inc 7575 prop_inc 34507 fast_inc 0 eta_inc 13708 multi_dec -26017 quick_dec -0 nack_dec -87150
Flow Uec_498_956 flowId 376 uecSrc 375 finished at 289.003 total messages 1 total packets 490 RTS 0 total bytes 2002140 in_flight now 0 fair_inc 11405 prop_inc 47903 fast_inc 0 eta_inc 13112 multi_dec -47155 quick_dec -0 nack_dec -103750
Flow Uec_1009_466 flowId 239 uecSrc 238 finished at 289.031 total messages 1 total packets 490 RTS 0 total bytes 2002140 in_flight now 0 fair_inc 14676 prop_inc 39189 fast_inc 0 eta_inc 13708 multi_dec -167 quick_dec -0 nack_dec -95450
Flow Uec_323_888 flowId 225 uecSrc 224 finished at 289.032 total messages 1 total packets 490 RTS 0 total bytes 2002140 in_flight now 0 fair_inc 14605 prop_inc 57731 fast_inc 0 eta_inc 13112 multi_dec -0 quick_dec -0 nack_dec -116200
Flow Uec_1034_486 flowId 595 uecSrc 594 finished at 289.089 total messages 1 total packets 490 RTS 0 total bytes 2002140 in_flight now 0 fair_inc 10366 prop_inc 45966 fast_inc 0 eta_inc 13708 multi_dec -0 quick_dec -0 nack_dec -103750
Flow Uec_501_1076 flowId 405 uecSrc 404 finished at 289.093 total messages 1 total packets 490 RTS 0 total bytes 2002140 in_flight now 0 fair_inc 14139 prop_inc 55866 fast_inc 0 eta_inc 13112 multi_dec -0 quick_dec -0 nack_dec -116200
Flow Uec_416_943 flowId 503 uecSrc 502 finished at 289.142 total messages 1 total packets 490 RTS 0 total bytes 2002140 in_flight now 0 fair_inc 16090 prop_inc 54457 fast_inc 0 eta_inc 13708 multi_dec -0 quick_dec -0 nack_dec -107900
Flow Uec_863_202 flowId 14 uecSrc 13 finished at 289.173 total messages 1 total packets 490 RTS 0 total bytes 2002140 in_flight now 0 fair_inc 17434 prop_inc 50976 fast_inc 0 eta_inc 13708 multi_dec -0 quick_dec -0 nack_dec -112050
Flow Uec_722_163 flowId 408 uecSrc 407 finished at 289.225 total messages 1 total packets 490 RTS 0 total bytes 2002140 in_flight now 0 fair_inc 17028 prop_inc 49800 fast_inc 0 eta_inc 13112 multi_dec -0 quick_dec -0 nack_dec -112050
Flow Uec_705_189 flowId 663 uecSrc 662 finished at 289.239 total messages 1 total packets 490 RTS 0 total bytes 2002140 in_flight now 0 fair_inc 20752 prop_inc 49117 fast_inc 0 eta_inc 13708 multi_dec -174 quick_dec -0 nack_dec -112050
Flow Uec_990_320 flowId 500 uecSrc 499 finished at 289.248 total messages 1 total packets 490 RTS 0 total bytes 2002140 in_flight now 0 fair_inc 19681 prop_inc 53149 fast_inc 0 eta_inc 13708 multi_dec -0 quick_dec -0 nack_dec -120350
Flow Uec_75_587 flowId 804 uecSrc 803 finished at 289.31 total messages 1 total packets 490 RTS 0 total bytes 2002140 in_flight now 0 fair_inc 13010 prop_inc 43879 fast_inc 0 eta_inc 13112 multi_dec -0 quick_dec -0 nack_dec -103750
Flow Uec_379_878 flowId 61 uecSrc 60 finished at 289.318 total messages 1 total packets 490 RTS 0 total bytes 2002140 in_flight now 0 fair_inc 8768 prop_inc 48125 fast_inc 0 eta_inc 13112 multi_dec -1980 quick_dec -0 nack_dec -91300
Flow Uec_387_817 flowId 745 uecSrc 744 finished at 289.34 total messages 1 total packets 490 RTS 0 total bytes 2002140 in_flight now 0 fair_inc 12982 prop_inc 60329 fast_inc 0 eta_inc 13112 multi_dec -0 quick_dec -0 nack_dec -120350
Flow Uec_913_376 flowId 74 uecSrc 73 finished at 289.382 total messages 1 total packets 490 RTS 0 total bytes 2002140 in_flight now 0 fair_inc 24643 prop_inc 51662 fast_inc 0 eta_inc 13112 multi_dec -0 quick_dec -0 nack_dec -116200
Flow Uec_445_908 flowId 38 uecSrc 37 finished at 289.407 total messages 1 total packets 490 RTS 0 total bytes 2002140 in_flight now 0 fair_inc 9007 prop_inc 60987 fast_inc 0 eta_inc 13708 multi_dec -0 quick_dec -0 nack_dec -116200
Flow Uec_676_76 flowId 473 uecSrc 472 finished at 289.562 total messages 1 total packets 490 RTS 0 total bytes 2002140 in_flight now 0 fair_inc 14712 prop_inc 31283 fast_inc 0 eta_inc 13708 multi_dec -40223 quick_dec -0 nack_dec -83000
Flow Uec_430_962 flowId 655 uecSrc 654 finished at 289.569 total messages 1 total packets 490 RTS 0 total bytes 2002140 in_flight now 0 fair_inc 13204 prop_inc 45332 fast_inc 0 eta_inc 13112 multi_dec -0 quick_dec -0 nack_dec -107900
Flow Uec_7_506 flowId 785 uecSrc 784 finished at 289.62 total messages 1 total packets 490 RTS 0 total bytes 2002140 in_flight now 0 fair_inc 8196 prop_inc 66091 fast_inc 0 eta_inc 13708 multi_dec -0 quick_dec -0 nack_dec -120350
Flow Uec_317_830 flowId 814 uecSrc 813 finished at 289.65 total messages 1 total packets 490 RTS 0 total bytes 2002140 in_flight now 0 fair_inc 17600 prop_inc 39179 fast_inc 0 eta_inc 13112 multi_dec -37286 quick_dec -0 nack_dec -91300
Flow Uec_440_916 flowId 369 uecSrc 368 finished at 289.674 total messages 1 total packets 490 RTS 0 total bytes 2002140 in_flight now 0 fair_inc 19744 prop_inc 49160 fast_inc 0 eta_inc 13112 multi_dec -0 quick_dec -0 nack_dec -112050
Flow Uec_897_295 flowId 173 uecSrc 172 finished at 289.745 total messages 1 total packets 490 RTS 0 total bytes 2002140 in_flight now 0 fair_inc 8420 prop_inc 69586 fast_inc 0 eta_inc 13112 multi_dec -0 quick_dec -0 nack_dec -124500
Flow Uec_800_243 flowId 711 uecSrc 710 finished at 289.869 total messages 1 total packets 490 RTS 0 total bytes 2002140 in_flight now 0 fair_inc 7085 prop_inc 49508 fast_inc 0 eta_inc 13708 multi_dec -0 quick_dec -0 nack_dec -103750
Flow Uec_285_732 flowId 634 uecSrc 633 finished at 289.924 total messages 1 total packets 490 RTS 0 total bytes 2002140 in_flight now 0 fair_inc 26684 prop_inc 41827 fast_inc 0 eta_inc 13112 multi_dec -82 quick_dec -0 nack_dec -107900
Flow Uec_123_690 flowId 495 uecSrc 494 finished at 289.934 total messages 1 total packets 490 RTS 0 total bytes 2002140 in_flight now 0 fair_inc 13148 prop_inc 42836 fast_inc 0 eta_inc 13708 multi_dec -10373 quick_dec -0 nack_dec -99600
Flow Uec_278_785 flowId 168 uecSrc 167 finished at 289.948 total messages 1 total packets 490 RTS 0 total bytes 2002140 in_flight now 0 fair_inc 9623 prop_inc 73513 fast_inc 0 eta_inc 13708 multi_dec -0 quick_dec -0 nack_dec -124500
Flow Uec_644_87 flowId 21 uecSrc 20 finished at 289.977 total messages 1 total packets 490 RTS 0 total bytes 2002140 in_flight now 0 fair_inc 20259 prop_inc 41348 fast_inc 0 eta_inc 13708 multi_dec -0 quick_dec -0 nack_dec -99600
Flow Uec_794_101 flowId 15 uecSrc 14 finished at 290.027 total messages 1 total packets 490 RTS 0 total bytes 2002140 in_flight now 0 fair_inc 13771 prop_inc 63440 fast_inc 0 eta_inc 13708 multi_dec -0 quick_dec -0 nack_dec -120350
Flow Uec_837_255 flowId 689 uecSrc 688 finished at 290.087 total messages 1 total packets 490 RTS 0 total bytes 2002140 in_flight now 0 fair_inc 14025 prop_inc 53644 fast_inc 0 eta_inc 13708 multi_dec -0 quick_dec -0 nack_dec -116200
Flow Uec_500_1057 flowId 213 uecSrc 212 finished at 290.212 total messages 1 total packets 490 RTS 0 total bytes 2002140 in_flight now 0 fair_inc 8196 prop_inc 59253 fast_inc 0 eta_inc 13708 multi_dec -0 quick_dec -0 nack_dec -112050
Flow Uec_125_658 flowId 271 uecSrc 270 finished at 290.259 total messages 1 total packets 490 RTS 0 total bytes 2002140 in_flight now 0 fair_inc 14485 prop_inc 53542 fast_inc 0 eta_inc 13112 multi_dec -13920 quick_dec -0 nack_dec -112050
Flow Uec_200_702 flowId 815 uecSrc 814 finished at 290.28 total messages 1 total packets 490 RTS 0 total bytes 2002140 in_flight now 0 fair_inc 13358 prop_inc 52560 fast_inc 0 eta_inc 13112 multi_dec -0 quick_dec -0 nack_dec -107900
Flow Uec_26_552 flowId 590 uecSrc 589 finished at 290.311 total messages 1 total packets 490 RTS 0 total bytes 2002140 in_flight now 0 fair_inc 20512 prop_inc 53247 fast_inc 0 eta_inc 13112 multi_dec -0 quick_dec -0 nack_dec -124500
Flow Uec_13_512 flowId 389 uecSrc 388 finished at 290.393 total messages 1 total packets 490 RTS 0 total bytes 2002140 in_flight now 0 fair_inc 14268 prop_inc 44157 fast_inc 0 eta_inc 13708 multi_dec -0 quick_dec -0 nack_dec -103750
Flow Uec_673_36 flowId 220 uecSrc 219 finished at 290.45 total messages 1 total packets 490 RTS 0 total bytes 2002140 in_flight now 0 fair_inc 20343 prop_inc 33213 fast_inc 0 eta_inc 13112 multi_dec -11134 quick_dec -0 nack_dec -91300
Flow Uec_1080_493 flowId 586 uecSrc 585 finished at 290.548 total messages 1 total packets 490 RTS 0 total bytes 2002140 in_flight now 0 fair_inc 8463 prop_inc 40041 fast_inc 0 eta_inc 13708 multi_dec -57491 quick_dec -0 nack_dec -95450
Flow Uec_855_277 flowId 272 uecSrc 271 finished at 290.618 total messages 1 total packets 490 RTS 0 total bytes 2002140 in_flight now 0 fair_inc 18911 prop_inc 50044 fast_inc 0 eta_inc 13112 multi_dec -0 quick_dec -0 nack_dec -116200
Flow Uec_607_35 flowId 259 uecSrc 258 finished at 290.69 total messages 1 total packets 490 RTS 0 total bytes 2002140 in_flight now 0 fair_inc 17433 prop_inc 42498 fast_inc 0 eta_inc 13112 multi_dec -0 quick_dec -0 nack_dec -99600
Flow Uec_51_528 flowId 112 uecSrc 111 finished at 290.692 total messages 1 total packets 490 RTS 0 total bytes 2002140 in_flight now 0 fair_inc 16202 prop_inc 60818 fast_inc 0 eta_inc 13708 multi_dec -0 quick_dec -0 nack_dec -124500
Flow Uec_229_770 flowId 160 uecSrc 159 finished at 290.902 total messages 1 total packets 490 RTS 0 total bytes 2002140 in_flight now 0 fair_inc 12511 prop_inc 62659 fast_inc 0 eta_inc 13112 multi_dec -0 quick_dec -0 nack_dec -120350
Flow Uec_696_33 flowId 361 uecSrc 360 finished at 290.973 total messages 1 total packets 490 RTS 0 total bytes 2002140 in_flight now 0 fair_inc 7716 prop_inc 50296 fast_inc 0 eta_inc 13112 multi_dec -0 quick_dec -0 nack_dec -103750
Flow Uec_816_248 flowId 651 uecSrc 650 finished at 291.066 total messages 1 total packets 490 RTS 0 total bytes 2002140 in_flight now 0 fair_inc 15907 prop_inc 51199 fast_inc 0 eta_inc 13708 multi_dec -0 quick_dec -0 nack_dec -112050
Flow Uec_362_846 flowId 28 uecSrc 27 finished at 291.31 total messages 1 total packets 490 RTS 0 total bytes 2002140 in_flight now 0 fair_inc 11915 prop_inc 42959 fast_inc 0 eta_inc 13112 multi_dec -8175 quick_dec -0 nack_dec -95450
Flow Uec_668_25 flowId 755 uecSrc 754 finished at 291.314 total messages 1 total packets 490 RTS 0 total bytes 2002140 in_flight now 0 fair_inc 15530 prop_inc 47901 fast_inc 0 eta_inc 13708 multi_dec -0 quick_dec -0 nack_dec -103750
Flow Uec_678_41 flowId 793 uecSrc 792 finished at 291.35 total messages 1 total packets 490 RTS 0 total bytes 2002140 in_flight now 0 fair_inc 9752 prop_inc 43278 fast_inc 0 eta_inc 13708 multi_dec -0 quick_dec -0 nack_dec -87150
Flow Uec_893_260 flowId 127 uecSrc 126 finished at 291.398 total messages 1 total packets 490 RTS 0 total bytes 2002140 in_flight now 0 fair_inc 6061 prop_inc 63547 fast_inc 0 eta_inc 13708 multi_dec -0 quick_dec -0 nack_dec -116200
Flow Uec_545_1022 flowId 314 uecSrc 313 finished at 291.431 total messages 1 total packets 490 RTS 0 total bytes 2002140 in_flight now 0 fair_inc 15760 prop_inc 45855 fast_inc 0 eta_inc 13708 multi_dec -231 quick_dec -0 nack_dec -107900
Flow Uec_1097_417 flowId 580 uecSrc 579 finished at 291.494 total messages 1 total packets 490 RTS 0 total bytes 2002140 in_flight now 0 fair_inc 23587 prop_inc 40577 fast_inc 0 eta_inc 13112 multi_dec -3179 quick_dec -0 nack_dec -107900
Flow Uec_1092_434 flowId 205 uecSrc 204 finished at 291.52 total messages 1 total packets 490 RTS 0 total bytes 2002140 in_flight now 0 fair_inc 17947 prop_inc 42744 fast_inc 0 eta_inc 13112 multi_dec -14049 quick_dec -0 nack_dec -99600
Flow Uec_960_346 flowId 91 uecSrc 90 finished at 291.588 total messages 1 total packets 490 RTS 0 total bytes 2002140 in_flight now 0 fair_inc 13877 prop_inc 58638 fast_inc 0 eta_inc 13112 multi_dec -0 quick_dec -0 nack_dec -120350
Flow Uec_1002_475 flowId 707 uecSrc 706 finished at 291.75 total messages 1 total packets 490 RTS 0 total bytes 2002140 in_flight now 0 fair_inc 15091 prop_inc 51364 fast_inc 0 eta_inc 13708 multi_dec -0 quick_dec -0 nack_dec -103750
Flow Uec_1074_403 flowId 637 uecSrc 636 finished at 291.826 total messages 1 total packets 490 RTS 0 total bytes 2002140 in_flight now 0 fair_inc 23771 prop_inc 36938 fast_inc 0 eta_inc 13708 multi_dec -2754 quick_dec -0 nack_dec -99600
Flow Uec_174_646 flowId 414 uecSrc 413 finished at 291.944 total messages 1 total packets 490 RTS 0 total bytes 2002140 in_flight now 0 fair_inc 15745 prop_inc 41380 fast_inc 0 eta_inc 13708 multi_dec -0 quick_dec -0 nack_dec -99600
Flow Uec_706_186 flowId 531 uecSrc 530 finished at 291.951 total messages 1 total packets 490 RTS 0 total bytes 2002140 in_flight now 0 fair_inc 20914 prop_inc 56658 fast_inc 0 eta_inc 13708 multi_dec -0 quick_dec -0 nack_dec -116200
Flow Uec_351_880 flowId 190 uecSrc 189 finished at 291.974 total messages 1 total packets 490 RTS 0 total bytes 2002140 in_flight now 0 fair_inc 14614 prop_inc 55628 fast_inc 0 eta_inc 13708 multi_dec -25241 quick_dec -0 nack_dec -112050
Flow Uec_594_1000 flowId 533 uecSrc 532 finished at 292.024 total messages 1 total packets 490 RTS 0 total bytes 2002140 in_flight now 0 fair_inc 18086 prop_inc 49838 fast_inc 0 eta_inc 13112 multi_dec -0 quick_dec -0 nack_dec -103750
Flow Uec_1048_418 flowId 461 uecSrc 460 finished at 292.082 total messages 1 total packets 490 RTS 0 total bytes 2002140 in_flight now 0 fair_inc 6907 prop_inc 58599 fast_inc 0 eta_inc 13708 multi_dec -0 quick_dec -0 nack_dec -107900
Flow Uec_232_723 flowId 698 uecSrc 697 finished at 292.093 total messages 1 total packets 490 RTS 0 total bytes 2002140 in_flight now 0 fair_inc 18926 prop_inc 58163 fast_inc 0 eta_inc 13708 multi_dec -0 quick_dec -0 nack_dec -124500
Flow Uec_615_29 flowId 207 uecSrc 206 finished at 292.128 total messages 1 total packets 490 RTS 0 total bytes 2002140 in_flight now 0 fair_inc 20586 prop_inc 39951 fast_inc 0 eta_inc 13112 multi_dec -0 quick_dec -0 nack_dec -107900
Flow Uec_1065_464 flowId 72 uecSrc 71 finished at 292.2 total messages 1 total packets 490 RTS 0 total bytes 2002140 in_flight now 0 fair_inc 28498 prop_inc 37491 fast_inc 0 eta_inc 13708 multi_dec -8295 quick_dec -0 nack_dec -107900
Flow Uec_649_2 flowId 229 uecSrc 228 finished at 292.28 total messages 1 total packets 490 RTS 0 total bytes 2002140 in_flight now 0 fair_inc 12393 prop_inc 50203 fast_inc 0 eta_inc 13708 multi_dec -0 quick_dec -0 nack_dec -107900
Flow Uec_721_162 flowId 569 uecSrc 568 finished at 292.305 total messages 1 total packets 490 RTS 0 total bytes 2002140 in_flight now 0 fair_inc 9103 prop_inc 75567 fast_inc 0 eta_inc 13708 multi_dec -0 quick_dec -0 nack_dec -128650
Flow Uec_141_618 flowId 336 uecSrc 335 finished at 292.345 total messages 1 total packets 490 RTS 0 total bytes 2002140 in_flight now 0 fair_inc 13887 prop_inc 62761 fast_inc 0 eta_inc 13112 multi_dec -0 quick_dec -0 nack_dec -124500
Flow Uec_131_648 flowId 137 uecSrc 136 finished at 292.426 total messages 1 total packets 490 RTS 0 total bytes 2002140 in_flight now 0 fair_inc 21583 prop_inc 48708 fast_inc 0 eta_inc 13708 multi_dec -0 quick_dec -0 nack_dec -112050
Flow Uec_880_223 flowId 783 uecSrc 782 finished at 292.57 total messages 1 total packets 490 RTS 0 total bytes 2002140 in_flight now 0 fair_inc 11927 prop_inc 52534 fast_inc 0 eta_inc 13708 multi_dec -1003 quick_dec -0 nack_dec -116200
Flow Uec_878_259 flowId 5 uecSrc 4 finished at 292.726 total messages 1 total packets 490 RTS 0 total bytes 2002140 in_flight now 0 fair_inc 14529 prop_inc 56185 fast_inc 0 eta_inc 13708 multi_dec -0 quick_dec -0 nack_dec -112050
Flow Uec_715_145 flowId 355 uecSrc 354 finished at 292.776 total messages 1 total packets 490 RTS 0 total bytes 2002140 in_flight now 0 fair_inc 14411 prop_inc 60700 fast_inc 0 eta_inc 13708 multi_dec -0 quick_dec -0 nack_dec -112050
Flow Uec_669_90 flowId 101 uecSrc 100 finished at 292.789 total messages 1 total packets 490 RTS 0 total bytes 2002140 in_flight now 0 fair_inc 5515 prop_inc 55635 fast_inc 0 eta_inc 13112 multi_dec -0 quick_dec -0 nack_dec -103750
Flow Uec_635_96 flowId 208 uecSrc 207 finished at 292.869 total messages 1 total packets 490 RTS 0 total bytes 2002140 in_flight now 0 fair_inc 9065 prop_inc 43810 fast_inc 0 eta_inc 13112 multi_dec -0 quick_dec -0 nack_dec -95450
Flow Uec_145_672 flowId 474 uecSrc 473 finished at 292.966 total messages 1 total packets 490 RTS 0 total bytes 2002140 in_flight now 0 fair_inc 17839 prop_inc 45087 fast_inc 0 eta_inc 13708 multi_dec -14206 quick_dec -0 nack_dec -107900
Flow Uec_346_876 flowId 254 uecSrc 253 finished at 292.97 total messages 1 total packets 490 RTS 0 total bytes 2002140 in_flight now 0 fair_inc 12576 prop_inc 44654 fast_inc 0 eta_inc 13708 multi_dec -9267 quick_dec -0 nack_dec -103750
Flow Uec_1018_483 flowId 166 uecSrc 165 finished at 293.054 total messages 1 total packets 490 RTS 0 total bytes 2002140 in_flight now 0 fair_inc 17209 prop_inc 48875 fast_inc 0 eta_inc 13708 multi_dec -0 quick_dec -0 nack_dec -107900
Flow Uec_1081_444 flowId 218 uecSrc 217 finished at 293.105 total messages 1 total packets 490 RTS 0 total bytes 2002140 in_flight now 0 fair_inc 12423 prop_inc 43745 fast_inc 0 eta_inc 13708 multi_dec -0 quick_dec -0 nack_dec -103750
Flow Uec_1007_469 flowId 407 uecSrc 406 finished at 293.196 total messages 1 total packets 490 RTS 0 total bytes 2002140 in_flight now 0 fair_inc 13672 prop_inc 55361 fast_inc 0 eta_inc 13708 multi_dec -0 quick_dec -0 nack_dec -112050
Flow Uec_759_178 flowId 749 uecSrc 748 finished at 293.296 total messages 1 total packets 490 RTS 0 total bytes 2002140 in_flight now 0 fair_inc 19284 prop_inc 39968 fast_inc 0 eta_inc 13708 multi_dec -1541 quick_dec -0 nack_dec -99600
Flow Uec_179_626 flowId 42 uecSrc 41 finished at 293.325 total messages 1 total packets 490 RTS 0 total bytes 2002140 in_flight now 0 fair_inc 12677 prop_inc 45357 fast_inc 0 eta_inc 13112 multi_dec -0 quick_dec -0 nack_dec -107900
Flow Uec_171_680 flowId 695 uecSrc 694 finished at 293.395 total messages 1 total packets 490 RTS 0 total bytes 2002140 in_flight now 0 fair_inc 23890 prop_inc 50135 fast_inc 0 eta_inc 13112 multi_dec -0 quick_dec -0 nack_dec -116200
Flow Uec_828_279 flowId 100 uecSrc 99 finished at 293.54 total messages 1 total packets 490 RTS 0 total bytes 2002140 in_flight now 0 fair_inc 22000 prop_inc 51739 fast_inc 0 eta_inc 13708 multi_dec -0 quick_dec -0 nack_dec -116200
Flow Uec_316_875 flowId 665 uecSrc 664 finished at 293.634 total messages 1 total packets 490 RTS 0 total bytes 2002140 in_flight now 0 fair_inc 8747 prop_inc 43185 fast_inc 0 eta_inc 13112 multi_dec -25225 quick_dec -0 nack_dec -99600
Flow Uec_366_890 flowId 795 uecSrc 794 finished at 294.188 total messages 1 total packets 490 RTS 0 total bytes 2002140 in_flight now 0 fair_inc 15486 prop_inc 43556 fast_inc 0 eta_inc 13112 multi_dec -5465 quick_dec -0 nack_dec -103750
Flow Uec_680_1 flowId 119 uecSrc 118 finished at 294.218 total messages 1 total packets 490 RTS 0 total bytes 2002140 in_flight now 0 fair_inc 4233 prop_inc 45400 fast_inc 0 eta_inc 13708 multi_dec -0 quick_dec -0 nack_dec -91300
Flow Uec_1079_435 flowId 82 uecSrc 81 finished at 294.289 total messages 1 total packets 490 RTS 0 total bytes 2002140 in_flight now 0 fair_inc 14565 prop_inc 49672 fast_inc 0 eta_inc 13112 multi_dec -0 quick_dec -0 nack_dec -103750
Flow Uec_608_37 flowId 519 uecSrc 518 finished at 294.35 total messages 1 total packets 490 RTS 0 total bytes 2002140 in_flight now 0 fair_inc 12909 prop_inc 55290 fast_inc 0 eta_inc 13112 multi_dec -0 quick_dec -0 nack_dec -103750
Flow Uec_727_191 flowId 104 uecSrc 103 finished at 294.633 total messages 1 total packets 490 RTS 0 total bytes 2002140 in_flight now 0 fair_inc 5375 prop_inc 78187 fast_inc 0 eta_inc 13708 multi_dec -0 quick_dec -0 nack_dec -132800
Flow Uec_152_693 flowId 222 uecSrc 221 finished at 294.77 total messages 1 total packets 490 RTS 0 total bytes 2002140 in_flight now 0 fair_inc 18165 prop_inc 58457 fast_inc 0 eta_inc 13708 multi_dec -0 quick_dec -0 nack_dec -120350
Flow Uec_446_939 flowId 609 uecSrc 608 finished at 294.882 total messages 1 total packets 490 RTS 0 total bytes 2002140 in_flight now 0 fair_inc 15118 prop_inc 58545 fast_inc 0 eta_inc 13708 multi_dec -0 quick_dec -0 nack_dec -116200
Flow Uec_320_848 flowId 381 uecSrc 380 finished at 294.962 total messages 1 total packets 490 RTS 0 total bytes 2002140 in_flight now 0 fair_inc 14568 prop_inc 40970 fast_inc 0 eta_inc 13708 multi_dec -36261 quick_dec -0 nack_dec -95450
Flow Uec_616_72 flowId 494 uecSrc 493 finished at 295.022 total messages 1 total packets 490 RTS 0 total bytes 2002140 in_flight now 0 fair_inc 8938 prop_inc 47518 fast_inc 0 eta_inc 13708 multi_dec -0 quick_dec -0 nack_dec -103750
Flow Uec_134_657 flowId 819 uecSrc 818 finished at 295.272 total messages 1 total packets 490 RTS 0 total bytes 2002140 in_flight now 0 fair_inc 6643 prop_inc 48918 fast_inc 0 eta_inc 13708 multi_dec -184 quick_dec -0 nack_dec -103750
Flow Uec_302_819 flowId 792 uecSrc 791 finished at 295.294 total messages 1 total packets 490 RTS 0 total bytes 2002140 in_flight now 0 fair_inc 5494 prop_inc 51617 fast_inc 0 eta_inc 13708 multi_dec -0 quick_dec -0 nack_dec -95450
Flow Uec_520_1045 flowId 170 uecSrc 169 finished at 295.305 total messages 1 total packets 490 RTS 0 total bytes 2002140 in_flight now 0 fair_inc 21298 prop_inc 47978 fast_inc 0 eta_inc 13112 multi_dec -0 quick_dec -0 nack_dec -112050
Flow Uec_1049_459 flowId 618 uecSrc 617 finished at 295.342 total messages 1 total packets 490 RTS 0 total bytes 2002140 in_flight now 0 fair_inc 20646 prop_inc 39964 fast_inc 0 eta_inc 13708 multi_dec -4494 quick_dec -0 nack_dec -103750
Flow Uec_748_140 flowId 536 uecSrc 535 finished at 295.449 total messages 1 total packets 490 RTS 0 total bytes 2002140 in_flight now 0 fair_inc 13171 prop_inc 60499 fast_inc 0 eta_inc 13708 multi_dec -0 quick_dec -0 nack_dec -116200
Flow Uec_1028_427 flowId 176 uecSrc 175 finished at 295.734 total messages 1 total packets 490 RTS 0 total bytes 2002140 in_flight now 0 fair_inc 15271 prop_inc 47471 fast_inc 0 eta_inc 13708 multi_dec -406 quick_dec -0 nack_dec -103750
Flow Uec_369_845 flowId 71 uecSrc 70 finished at 295.835 total messages 1 total packets 490 RTS 0 total bytes 2002140 in_flight now 0 fair_inc 16261 prop_inc 49010 fast_inc 0 eta_inc 13708 multi_dec -56 quick_dec -0 nack_dec -112050
Flow Uec_911_343 flowId 268 uecSrc 267 finished at 295.935 total messages 1 total packets 490 RTS 0 total bytes 2002140 in_flight now 0 fair_inc 14293 prop_inc 57687 fast_inc 0 eta_inc 13708 multi_dec -0 quick_dec -0 nack_dec -116200
Flow Uec_258_706 flowId 94 uecSrc 93 finished at 295.936 total messages 1 total packets 490 RTS 0 total bytes 2002140 in_flight now 0 fair_inc 11409 prop_inc 59024 fast_inc 0 eta_inc 13708 multi_dec -0 quick_dec -0 nack_dec -116200
Flow Uec_367_818 flowId 305 uecSrc 304 finished at 295.958 total messages 1 total packets 490 RTS 0 total bytes 2002140 in_flight now 0 fair_inc 11153 prop_inc 64358 fast_inc 0 eta_inc 14304 multi_dec -0 quick_dec -0 nack_dec -120350
Flow Uec_1023_447 flowId 741 uecSrc 740 finished at 296.066 total messages 1 total packets 490 RTS 0 total bytes 2002140 in_flight now 0 fair_inc 20138 prop_inc 43855 fast_inc 0 eta_inc 13708 multi_dec -742 quick_dec -0 nack_dec -112050
Flow Uec_1015_462 flowId 388 uecSrc 387 finished at 296.192 total messages 1 total packets 490 RTS 0 total bytes 2002140 in_flight now 0 fair_inc 26169 prop_inc 57200 fast_inc 0 eta_inc 13708 multi_dec -0 quick_dec -0 nack_dec -132800
Flow Uec_684_21 flowId 541 uecSrc 540 finished at 296.45 total messages 1 total packets 490 RTS 0 total bytes 2002140 in_flight now 0 fair_inc 8225 prop_inc 42962 fast_inc 0 eta_inc 13708 multi_dec -0 quick_dec -0 nack_dec -91300
Flow Uec_542_1095 flowId 277 uecSrc 276 finished at 296.533 total messages 1 total packets 490 RTS 0 total bytes 2002140 in_flight now 0 fair_inc 14799 prop_inc 65548 fast_inc 0 eta_inc 13708 multi_dec -0 quick_dec -0 nack_dec -124500
Flow Uec_546_1020 flowId 58 uecSrc 57 finished at 296.579 total messages 1 total packets 490 RTS 0 total bytes 2002140 in_flight now 0 fair_inc 15329 prop_inc 53431 fast_inc 0 eta_inc 13708 multi_dec -0 quick_dec -0 nack_dec -112050
Flow Uec_1055_470 flowId 338 uecSrc 337 finished at 296.73 total messages 1 total packets 490 RTS 0 total bytes 2002140 in_flight now 0 fair_inc 12443 prop_inc 46150 fast_inc 0 eta_inc 13708 multi_dec -7793 quick_dec -0 nack_dec -107900
Flow Uec_251_773 flowId 480 uecSrc 479 finished at 296.786 total messages 1 total packets 490 RTS 0 total bytes 2002140 in_flight now 0 fair_inc 20426 prop_inc 45789 fast_inc 0 eta_inc 13708 multi_dec -0 quick_dec -0 nack_dec -103750
Flow Uec_596_1071 flowId 641 uecSrc 640 finished at 296.839 total messages 1 total packets 490 RTS 0 total bytes 2002140 in_flight now 0 fair_inc 17897 prop_inc 53968 fast_inc 0 eta_inc 13708 multi_dec -0 quick_dec -0 nack_dec -120350
Flow Uec_348_816 flowId 808 uecSrc 807 finished at 296.954 total messages 1 total packets 490 RTS 0 total bytes 2002140 in_flight now 0 fair_inc 6664 prop_inc 51017 fast_inc 0 eta_inc 13708 multi_dec -0 quick_dec -0 nack_dec -103750
Flow Uec_1062_426 flowId 110 uecSrc 109 finished at 297.062 total messages 1 total packets 490 RTS 0 total bytes 2002140 in_flight now 0 fair_inc 21413 prop_inc 44605 fast_inc 0 eta_inc 13708 multi_dec -10721 quick_dec -0 nack_dec -107900
Flow Uec_122_668 flowId 532 uecSrc 531 finished at 297.164 total messages 1 total packets 490 RTS 0 total bytes 2002140 in_flight now 0 fair_inc 10863 prop_inc 68575 fast_inc 0 eta_inc 14304 multi_dec -0 quick_dec -0 nack_dec -128650
Flow Uec_301_800 flowId 658 uecSrc 657 finished at 297.286 total messages 1 total packets 490 RTS 0 total bytes 2002140 in_flight now 0 fair_inc 13672 prop_inc 52196 fast_inc 0 eta_inc 13708 multi_dec -824 quick_dec -0 nack_dec -107900
Flow Uec_969_352 flowId 489 uecSrc 488 finished at 297.33 total messages 1 total packets 490 RTS 0 total bytes 2002140 in_flight now 0 fair_inc 16771 prop_inc 57795 fast_inc 0 eta_inc 13708 multi_dec -0 quick_dec -0 nack_dec -124500
Flow Uec_826_275 flowId 256 uecSrc 255 finished at 297.347 total messages 1 total packets 490 RTS 0 total bytes 2002140 in_flight now 0 fair_inc 9602 prop_inc 66250 fast_inc 0 eta_inc 13112 multi_dec -0 quick_dec -0 nack_dec -124500
Flow Uec_1005_431 flowId 728 uecSrc 727 finished at 297.394 total messages 1 total packets 490 RTS 0 total bytes 2002140 in_flight now 0 fair_inc 17219 prop_inc 49742 fast_inc 0 eta_inc 13112 multi_dec -0 quick_dec -0 nack_dec -107900
Flow Uec_997_302 flowId 696 uecSrc 695 finished at 297.442 total messages 1 total packets 490 RTS 0 total bytes 2002140 in_flight now 0 fair_inc 7724 prop_inc 75619 fast_inc 8570 eta_inc 13708 multi_dec -0 quick_dec -0 nack_dec -132800
Flow Uec_585_1039 flowId 772 uecSrc 771 finished at 297.483 total messages 1 total packets 490 RTS 0 total bytes 2002140 in_flight now 0 fair_inc 8852 prop_inc 46658 fast_inc 0 eta_inc 13708 multi_dec -10205 quick_dec -0 nack_dec -107900
Flow Uec_1095_439 flowId 12 uecSrc 11 finished at 297.726 total messages 1 total packets 490 RTS 0 total bytes 2002140 in_flight now 0 fair_inc 6989 prop_inc 67771 fast_inc 0 eta_inc 14304 multi_dec -0 quick_dec -0 nack_dec -120350
Flow Uec_530_1005 flowId 9 uecSrc 8 finished at 297.739 total messages 1 total packets 490 RTS 0 total bytes 2002140 in_flight now 0 fair_inc 17665 prop_inc 50797 fast_inc 0 eta_inc 13708 multi_dec -4119 quick_dec -0 nack_dec -112050
Flow Uec_1064_489 flowId 653 uecSrc 652 finished at 297.762 total messages 1 total packets 490 RTS 0 total bytes 2002140 in_flight now 0 fair_inc 12699 prop_inc 50652 fast_inc 0 eta_inc 13708 multi_dec -0 quick_dec -0 nack_dec -107900
Flow Uec_641_4 flowId 507 uecSrc 506 finished at 297.901 total messages 1 total packets 490 RTS 0 total bytes 2002140 in_flight now 0 fair_inc 18316 prop_inc 45311 fast_inc 0 eta_inc 13708 multi_dec -0 quick_dec -0 nack_dec -107900
Flow Uec_386_844 flowId 7 uecSrc 6 finished at 297.95 total messages 1 total packets 490 RTS 0 total bytes 2002140 in_flight now 0 fair_inc 21469 prop_inc 47962 fast_inc 0 eta_inc 13708 multi_dec -19168 quick_dec -0 nack_dec -112050
Flow Uec_109_677 flowId 714 uecSrc 713 finished at 298.251 total messages 1 total packets 490 RTS 0 total bytes 2002140 in_flight now 0 fair_inc 21560 prop_inc 47889 fast_inc 0 eta_inc 13708 multi_dec -522 quick_dec -0 nack_dec -116200
Flow Uec_363_864 flowId 197 uecSrc 196 finished at 298.282 total messages 1 total packets 490 RTS 0 total bytes 2002140 in_flight now 0 fair_inc 9139 prop_inc 59273 fast_inc 0 eta_inc 13708 multi_dec -0 quick_dec -0 nack_dec -116200
Flow Uec_603_77 flowId 438 uecSrc 437 finished at 298.419 total messages 1 total packets 490 RTS 0 total bytes 2002140 in_flight now 0 fair_inc 16962 prop_inc 47385 fast_inc 0 eta_inc 13708 multi_dec -0 quick_dec -0 nack_dec -103750
Flow Uec_1077_436 flowId 33 uecSrc 32 finished at 298.548 total messages 1 total packets 490 RTS 0 total bytes 2002140 in_flight now 0 fair_inc 20617 prop_inc 52190 fast_inc 0 eta_inc 14304 multi_dec -0 quick_dec -0 nack_dec -112050
Flow Uec_399_847 flowId 622 uecSrc 621 finished at 298.946 total messages 1 total packets 490 RTS 0 total bytes 2002140 in_flight now 0 fair_inc 7581 prop_inc 62263 fast_inc 0 eta_inc 13708 multi_dec -0 quick_dec -0 nack_dec -116200
Flow Uec_1046_456 flowId 579 uecSrc 578 finished at 298.96 total messages 1 total packets 490 RTS 0 total bytes 2002140 in_flight now 0 fair_inc 10715 prop_inc 65021 fast_inc 0 eta_inc 13708 multi_dec -0 quick_dec -0 nack_dec -124500
Flow Uec_1088_445 flowId 321 uecSrc 320 finished at 298.989 total messages 1 total packets 490 RTS 0 total bytes 2002140 in_flight now 0 fair_inc 16580 prop_inc 53672 fast_inc 0 eta_inc 13708 multi_dec -5393 quick_dec -0 nack_dec -116200
Flow Uec_1093_484 flowId 133 uecSrc 132 finished at 299.579 total messages 1 total packets 490 RTS 0 total bytes 2002140 in_flight now 0 fair_inc 16810 prop_inc 46023 fast_inc 0 eta_inc 14304 multi_dec -46469 quick_dec -0 nack_dec -103750
Flow Uec_510_1037 flowId 661 uecSrc 660 finished at 299.624 total messages 1 total packets 490 RTS 0 total bytes 2002140 in_flight now 0 fair_inc 16253 prop_inc 50784 fast_inc 0 eta_inc 13708 multi_dec -441 quick_dec -0 nack_dec -116200
Flow Uec_1041_496 flowId 753 uecSrc 752 finished at 299.671 total messages 1 total packets 490 RTS 0 total bytes 2002140 in_flight now 0 fair_inc 13482 prop_inc 69357 fast_inc 0 eta_inc 13708 multi_dec -0 quick_dec -0 nack_dec -132800
Flow Uec_176_604 flowId 132 uecSrc 131 finished at 299.925 total messages 1 total packets 490 RTS 0 total bytes 2002140 in_flight now 0 fair_inc 16842 prop_inc 54715 fast_inc 0 eta_inc 13708 multi_dec -406 quick_dec -0 nack_dec -116200
Flow Uec_172_622 flowId 171 uecSrc 170 finished at 300.124 total messages 1 total packets 490 RTS 0 total bytes 2002140 in_flight now 0 fair_inc 10426 prop_inc 53797 fast_inc 0 eta_inc 13708 multi_dec -0 quick_dec -0 nack_dec -116200
Flow Uec_261_766 flowId 643 uecSrc 642 finished at 300.275 total messages 1 total packets 490 RTS 0 total bytes 2002140 in_flight now 0 fair_inc 12769 prop_inc 58128 fast_inc 0 eta_inc 13708 multi_dec -0 quick_dec -0 nack_dec -120350
Flow Uec_39_588 flowId 391 uecSrc 390 finished at 300.606 total messages 1 total packets 490 RTS 0 total bytes 2002140 in_flight now 0 fair_inc 18625 prop_inc 61335 fast_inc 0 eta_inc 14304 multi_dec -0 quick_dec -0 nack_dec -128650
Flow Uec_1010_432 flowId 211 uecSrc 210 finished at 300.845 total messages 1 total packets 490 RTS 0 total bytes 2002140 in_flight now 0 fair_inc 19262 prop_inc 63533 fast_inc 0 eta_inc 14304 multi_dec -0 quick_dec -0 nack_dec -124500
Flow Uec_647_59 flowId 350 uecSrc 349 finished at 300.997 total messages 1 total packets 490 RTS 0 total bytes 2002140 in_flight now 0 fair_inc 12629 prop_inc 40680 fast_inc 0 eta_inc 13708 multi_dec -673 quick_dec -0 nack_dec -91300
Flow Uec_488_935 flowId 226 uecSrc 225 finished at 301.26 total messages 1 total packets 490 RTS 0 total bytes 2002140 in_flight now 0 fair_inc 13466 prop_inc 55546 fast_inc 0 eta_inc 13708 multi_dec -20017 quick_dec -0 nack_dec -120350
Flow Uec_462_957 flowId 322 uecSrc 321 finished at 301.309 total messages 1 total packets 490 RTS 0 total bytes 2002140 in_flight now 0 fair_inc 9114 prop_inc 65402 fast_inc 0 eta_inc 13708 multi_dec -0 quick_dec -0 nack_dec -128650
Flow Uec_377_885 flowId 232 uecSrc 231 finished at 301.331 total messages 1 total packets 490 RTS 0 total bytes 2002140 in_flight now 0 fair_inc 8052 prop_inc 58330 fast_inc 0 eta_inc 13708 multi_dec -0 quick_dec -0 nack_dec -116200
Flow Uec_206_772 flowId 306 uecSrc 305 finished at 301.499 total messages 1 total packets 490 RTS 0 total bytes 2002140 in_flight now 0 fair_inc 16926 prop_inc 58653 fast_inc 0 eta_inc 13708 multi_dec -0 quick_dec -0 nack_dec -124500
Flow Uec_1070_401 flowId 610 uecSrc 609 finished at 301.674 total messages 1 total packets 490 RTS 0 total bytes 2002140 in_flight now 0 fair_inc 14751 prop_inc 50126 fast_inc 0 eta_inc 13708 multi_dec -0 quick_dec -0 nack_dec -112050
Flow Uec_450_937 flowId 86 uecSrc 85 finished at 302.506 total messages 1 total packets 490 RTS 0 total bytes 2002140 in_flight now 0 fair_inc 23605 prop_inc 49612 fast_inc 0 eta_inc 13708 multi_dec -10733 quick_dec -0 nack_dec -116200
Flow Uec_92_539 flowId 784 uecSrc 783 finished at 302.981 total messages 1 total packets 490 RTS 0 total bytes 2002140 in_flight now 0 fair_inc 16359 prop_inc 54156 fast_inc 0 eta_inc 14304 multi_dec -789 quick_dec -0 nack_dec -116200
Flow Uec_350_857 flowId 35 uecSrc 34 finished at 304.237 total messages 1 total packets 490 RTS 0 total bytes 2002140 in_flight now 0 fair_inc 17497 prop_inc 57652 fast_inc 0 eta_inc 14304 multi_dec -0 quick_dec -0 nack_dec -124500
Flow Uec_881_294 flowId 212 uecSrc 211 finished at 304.291 total messages 1 total packets 490 RTS 0 total bytes 2002140 in_flight now 0 fair_inc 13725 prop_inc 68558 fast_inc 0 eta_inc 14304 multi_dec -0 quick_dec -0 nack_dec -132800
Flow Uec_1038_438 flowId 789 uecSrc 788 finished at 304.63 total messages 1 total packets 490 RTS 0 total bytes 2002140 in_flight now 0 fair_inc 31569 prop_inc 46196 fast_inc 0 eta_inc 14304 multi_dec -872 quick_dec -0 nack_dec -120350
Flow Uec_620_75 flowId 520 uecSrc 519 finished at 305.614 total messages 1 total packets 490 RTS 0 total bytes 2002140 in_flight now 0 fair_inc 17556 prop_inc 50519 fast_inc 0 eta_inc 14304 multi_dec -24210 quick_dec -0 nack_dec -116200
Flow Uec_361_871 flowId 703 uecSrc 702 finished at 306.726 total messages 1 total packets 490 RTS 0 total bytes 2002140 in_flight now 0 fair_inc 16759 prop_inc 50762 fast_inc 0 eta_inc 14304 multi_dec -10149 quick_dec -0 nack_dec -112050
Flow Uec_97_510 flowId 424 uecSrc 423 finished at 308.298 total messages 1 total packets 490 RTS 0 total bytes 2002140 in_flight now 0 fair_inc 12096 prop_inc 72939 fast_inc 0 eta_inc 13708 multi_dec -0 quick_dec -0 nack_dec -132800
Flow Uec_126_627 flowId 736 uecSrc 735 finished at 308.764 total messages 1 total packets 490 RTS 0 total bytes 2002140 in_flight now 0 fair_inc 17878 prop_inc 56786 fast_inc 0 eta_inc 14304 multi_dec -430 quick_dec -0 nack_dec -128650
Flow Uec_240_737 flowId 2 uecSrc 1 finished at 309.896 total messages 1 total packets 490 RTS 0 total bytes 2002140 in_flight now 0 fair_inc 13161 prop_inc 68521 fast_inc 0 eta_inc 14900 multi_dec -0 quick_dec -0 nack_dec -132800
Flow Uec_1067_498 flowId 448 uecSrc 447 finished at 310.037 total messages 1 total packets 490 RTS 0 total bytes 2002140 in_flight now 0 fair_inc 24951 prop_inc 43117 fast_inc 0 eta_inc 14304 multi_dec -54741 quick_dec -0 nack_dec -107900
Flow Uec_1033_467 flowId 538 uecSrc 537 finished at 316.631 total messages 1 total packets 490 RTS 0 total bytes 2002140 in_flight now 0 fair_inc 14301 prop_inc 84574 fast_inc 6550 eta_inc 14900 multi_dec -0 quick_dec -0 nack_dec -145250
Flow Uec_1039_407 flowId 236 uecSrc 235 finished at 316.942 total messages 1 total packets 490 RTS 0 total bytes 2002140 in_flight now 0 fair_inc 23841 prop_inc 47005 fast_inc 0 eta_inc 14900 multi_dec -22616 quick_dec -0 nack_dec -112050
.Done
New: 404250 Rtx: 19541 RTS: 0 Bounced: 0 ACKs: 227280 NACKs: 19541 Pulls: 0 sleek_pkts: 0
