Load balancing algorithm set to reps
no_of_nodes 1100
Dragonfly+ strategy: REPS_DFP
Setting queuesize to 50 packets
endtime(us) 100000
random seed 3
REPS partition entropy enabled.
REPS open-tier escalation threshold 0.2
REPS warmup explore duration 0 x this flow's base RTT
REPS continuous explore probability 20%
Using generated Dragonfly+ tornado traffic instead of -tm
Tornado active connections 825
Tornado flow size 2000000 bytes
Packet size (MTU) is 4150
Parsed args
Logging to joint_calibration/runs/w0_p20_tornado_l0.75_fs2000000_s3.dat
Setting ECN low 33200 high 120350
Dragonfly+ with medium topology type
Link latencies: 1 and switch latencies: 0
queue_id 2 ecn_low 33200 ecn_high 120350
DragonFly+ constructor done, 1100 nodes created
Generating tornado connection matrix: python3 connection_matrices/gen_tornado_dfp.py /tmp/dfp_tornado_10348.cm 1100 825 2000000 0.0 3 10 10
Nodes:  1100
Connections:  825
Flowsize:  2000000 bytes
ExtraStartTime:  0.0 us
Random Seed  3
Dragonfly+ p= 10 l= 10
group_size=100  no_groups=11  opposite group offset=5
Loading generated tornado connection matrix from /tmp/dfp_tornado_10348.cm
Nodes: 1100 Connections: 825 Triggers: 0 Failures: 0
network_max_unloaded_rtt 11.6856 us
Setting min RTO to 114.6
Per-hop RTT normalization: ON (strategy reps_dfp)
Initializing static NSCC parameters: _reference_network_linkspeed=100000000000 _reference_network_rtt=12000000 _reference_network_bdp=150000 _target_Qdelay=8764200 _network_linkspeed=100000000000 _network_rtt=11685600 _network_bdp=146070 _qa_gate=2^3 _qa_threshold=3.50568e+07 _scaling_factor_a=0.9738 _scaling_factor_b=0.73035 _alpha=0.00132632 _fi=19894.7 _eta=596.842 _qa_scaling=1 _gamma=0.8 _fi_scale=0.24345 _delay_alpha=0.0125 _adjust_period_threshold=11685600 _adjust_bytes_threshold=33200
Initialize per-instance NSCC parameters: flowid 1 _base_rtt=11685600 _base_bdp=146070 _bdp=146070 _min_cwnd=4150 _maxwnd=219105 _cwnd=219105
Initialize per-instance NSCC parameters: flowid 2 _base_rtt=11685600 _base_bdp=146070 _bdp=146070 _min_cwnd=4150 _maxwnd=219105 _cwnd=219105
Initialize per-instance NSCC parameters: flowid 3 _base_rtt=11685600 _base_bdp=146070 _bdp=146070 _min_cwnd=4150 _maxwnd=219105 _cwnd=219105
Initialize per-instance NSCC parameters: flowid 4 _base_rtt=11685600 _base_bdp=146070 _bdp=146070 _min_cwnd=4150 _maxwnd=219105 _cwnd=219105
Initialize per-instance NSCC parameters: flowid 5 _base_rtt=11685600 _base_bdp=146070 _bdp=146070 _min_cwnd=4150 _maxwnd=219105 _cwnd=219105
Initialize per-instance NSCC parameters: flowid 6 _base_rtt=11685600 _base_bdp=146070 _bdp=146070 _min_cwnd=4150 _maxwnd=219105 _cwnd=219105
Initialize per-instance NSCC parameters: flowid 7 _base_rtt=11685600 _base_bdp=146070 _bdp=146070 _min_cwnd=4150 _maxwnd=219105 _cwnd=219105
Initialize per-instance NSCC parameters: flowid 8 _base_rtt=11685600 _base_bdp=146070 _bdp=146070 _min_cwnd=4150 _maxwnd=219105 _cwnd=219105
Initialize per-instance NSCC parameters: flowid 9 _base_rtt=11685600 _base_bdp=146070 _bdp=146070 _min_cwnd=4150 _maxwnd=219105 _cwnd=219105
Initialize per-instance NSCC parameters: flowid 10 _base_rtt=11685600 _base_bdp=146070 _bdp=146070 _min_cwnd=4150 _maxwnd=219105 _cwnd=219105
Initialize per-instance NSCC parameters: flowid 11 _base_rtt=11685600 _base_bdp=146070 _bdp=146070 _min_cwnd=4150 _maxwnd=219105 _cwnd=219105
Initialize per-instance NSCC parameters: flowid 12 _base_rtt=11685600 _base_bdp=146070 _bdp=146070 _min_cwnd=4150 _maxwnd=219105 _cwnd=219105
Initialize per-instance NSCC parameters: flowid 13 _base_rtt=11685600 _base_bdp=146070 _bdp=146070 _min_cwnd=4150 _maxwnd=219105 _cwnd=219105
Initialize per-instance NSCC parameters: flowid 14 _base_rtt=11685600 _base_bdp=146070 _bdp=146070 _min_cwnd=4150 _maxwnd=219105 _cwnd=219105
Initialize per-instance NSCC parameters: flowid 15 _base_rtt=11685600 _base_bdp=146070 _bdp=146070 _min_cwnd=4150 _maxwnd=219105 _cwnd=219105
Initialize per-instance NSCC parameters: flowid 16 _base_rtt=11685600 _base_bdp=146070 _bdp=146070 _min_cwnd=4150 _maxwnd=219105 _cwnd=219105
Initialize per-instance NSCC parameters: flowid 17 _base_rtt=11685600 _base_bdp=146070 _bdp=146070 _min_cwnd=4150 _maxwnd=219105 _cwnd=219105
Initialize per-instance NSCC parameters: flowid 18 _base_rtt=11685600 _base_bdp=146070 _bdp=146070 _min_cwnd=4150 _maxwnd=219105 _cwnd=219105
Initialize per-instance NSCC parameters: flowid 19 _base_rtt=11685600 _base_bdp=146070 _bdp=146070 _min_cwnd=4150 _maxwnd=219105 _cwnd=219105
Initialize per-instance NSCC parameters: flowid 20 _base_rtt=11685600 _base_bdp=146070 _bdp=146070 _min_cwnd=4150 _maxwnd=219105 _cwnd=219105
Initialize per-instance NSCC parameters: flowid 21 _base_rtt=11685600 _base_bdp=146070 _bdp=146070 _min_cwnd=4150 _maxwnd=219105 _cwnd=219105
Initialize per-instance NSCC parameters: flowid 22 _base_rtt=11685600 _base_bdp=146070 _bdp=146070 _min_cwnd=4150 _maxwnd=219105 _cwnd=219105
Initialize per-instance NSCC parameters: flowid 23 _base_rtt=11685600 _base_bdp=146070 _bdp=146070 _min_cwnd=4150 _maxwnd=219105 _cwnd=219105
Initialize per-instance NSCC parameters: flowid 24 _base_rtt=11685600 _base_bdp=146070 _bdp=146070 _min_cwnd=4150 _maxwnd=219105 _cwnd=219105
Initialize per-instance NSCC parameters: flowid 25 _base_rtt=11685600 _base_bdp=146070 _bdp=146070 _min_cwnd=4150 _maxwnd=219105 _cwnd=219105
Initialize per-instance NSCC parameters: flowid 26 _base_rtt=11685600 _base_bdp=146070 _bdp=146070 _min_cwnd=4150 _maxwnd=219105 _cwnd=219105
Initialize per-instance NSCC parameters: flowid 27 _base_rtt=11685600 _base_bdp=146070 _bdp=146070 _min_cwnd=4150 _maxwnd=219105 _cwnd=219105
Initialize per-instance NSCC parameters: flowid 28 _base_rtt=11685600 _base_bdp=146070 _bdp=146070 _min_cwnd=4150 _maxwnd=219105 _cwnd=219105
Initialize per-instance NSCC parameters: flowid 29 _base_rtt=11685600 _base_bdp=146070 _bdp=146070 _min_cwnd=4150 _maxwnd=219105 _cwnd=219105
Initialize per-instance NSCC parameters: flowid 30 _base_rtt=11685600 _base_bdp=146070 _bdp=146070 _min_cwnd=4150 _maxwnd=219105 _cwnd=219105
Initialize per-instance NSCC parameters: flowid 31 _base_rtt=11685600 _base_bdp=146070 _bdp=146070 _min_cwnd=4150 _maxwnd=219105 _cwnd=219105
Initialize per-instance NSCC parameters: flowid 32 _base_rtt=11685600 _base_bdp=146070 _bdp=146070 _min_cwnd=4150 _maxwnd=219105 _cwnd=219105
Initialize per-instance NSCC parameters: flowid 33 _base_rtt=11685600 _base_bdp=146070 _bdp=146070 _min_cwnd=4150 _maxwnd=219105 _cwnd=219105
Initialize per-instance NSCC parameters: flowid 34 _base_rtt=11685600 _base_bdp=146070 _bdp=146070 _min_cwnd=4150 _maxwnd=219105 _cwnd=219105
Initialize per-instance NSCC parameters: flowid 35 _base_rtt=11685600 _base_bdp=146070 _bdp=146070 _min_cwnd=4150 _maxwnd=219105 _cwnd=219105
Initialize per-instance NSCC parameters: flowid 36 _base_rtt=11685600 _base_bdp=146070 _bdp=146070 _min_cwnd=4150 _maxwnd=219105 _cwnd=219105
Initialize per-instance NSCC parameters: flowid 37 _base_rtt=11685600 _base_bdp=146070 _bdp=146070 _min_cwnd=4150 _maxwnd=219105 _cwnd=219105
Initialize per-instance NSCC parameters: flowid 38 _base_rtt=11685600 _base_bdp=146070 _bdp=146070 _min_cwnd=4150 _maxwnd=219105 _cwnd=219105
Initialize per-instance NSCC parameters: flowid 39 _base_rtt=11685600 _base_bdp=146070 _bdp=146070 _min_cwnd=4150 _maxwnd=219105 _cwnd=219105
Initialize per-instance NSCC parameters: flowid 40 _base_rtt=11685600 _base_bdp=146070 _bdp=146070 _min_cwnd=4150 _maxwnd=219105 _cwnd=219105
Initialize per-instance NSCC parameters: flowid 41 _base_rtt=11685600 _base_bdp=146070 _bdp=146070 _min_cwnd=4150 _maxwnd=219105 _cwnd=219105
Initialize per-instance NSCC parameters: flowid 42 _base_rtt=11685600 _base_bdp=146070 _bdp=146070 _min_cwnd=4150 _maxwnd=219105 _cwnd=219105
Initialize per-instance NSCC parameters: flowid 43 _base_rtt=11685600 _base_bdp=146070 _bdp=146070 _min_cwnd=4150 _maxwnd=219105 _cwnd=219105
Initialize per-instance NSCC parameters: flowid 44 _base_rtt=11685600 _base_bdp=146070 _bdp=146070 _min_cwnd=4150 _maxwnd=219105 _cwnd=219105
Initialize per-instance NSCC parameters: flowid 45 _base_rtt=11685600 _base_bdp=146070 _bdp=146070 _min_cwnd=4150 _maxwnd=219105 _cwnd=219105
Initialize per-instance NSCC parameters: flowid 46 _base_rtt=11685600 _base_bdp=146070 _bdp=146070 _min_cwnd=4150 _maxwnd=219105 _cwnd=219105
Initialize per-instance NSCC parameters: flowid 47 _base_rtt=11685600 _base_bdp=146070 _bdp=146070 _min_cwnd=4150 _maxwnd=219105 _cwnd=219105
Initialize per-instance NSCC parameters: flowid 48 _base_rtt=11685600 _base_bdp=146070 _bdp=146070 _min_cwnd=4150 _maxwnd=219105 _cwnd=219105
Initialize per-instance NSCC parameters: flowid 49 _base_rtt=11685600 _base_bdp=146070 _bdp=146070 _min_cwnd=4150 _maxwnd=219105 _cwnd=219105
Initialize per-instance NSCC parameters: flowid 50 _base_rtt=11685600 _base_bdp=146070 _bdp=146070 _min_cwnd=4150 _maxwnd=219105 _cwnd=219105
Initialize per-instance NSCC parameters: flowid 51 _base_rtt=11685600 _base_bdp=146070 _bdp=146070 _min_cwnd=4150 _maxwnd=219105 _cwnd=219105
Initialize per-instance NSCC parameters: flowid 52 _base_rtt=11685600 _base_bdp=146070 _bdp=146070 _min_cwnd=4150 _maxwnd=219105 _cwnd=219105
Initialize per-instance NSCC parameters: flowid 53 _base_rtt=11685600 _base_bdp=146070 _bdp=146070 _min_cwnd=4150 _maxwnd=219105 _cwnd=219105
Initialize per-instance NSCC parameters: flowid 54 _base_rtt=11685600 _base_bdp=146070 _bdp=146070 _min_cwnd=4150 _maxwnd=219105 _cwnd=219105
Initialize per-instance NSCC parameters: flowid 55 _base_rtt=11685600 _base_bdp=146070 _bdp=146070 _min_cwnd=4150 _maxwnd=219105 _cwnd=219105
Initialize per-instance NSCC parameters: flowid 56 _base_rtt=11685600 _base_bdp=146070 _bdp=146070 _min_cwnd=4150 _maxwnd=219105 _cwnd=219105
Initialize per-instance NSCC parameters: flowid 57 _base_rtt=11685600 _base_bdp=146070 _bdp=146070 _min_cwnd=4150 _maxwnd=219105 _cwnd=219105
Initialize per-instance NSCC parameters: flowid 58 _base_rtt=11685600 _base_bdp=146070 _bdp=146070 _min_cwnd=4150 _maxwnd=219105 _cwnd=219105
Initialize per-instance NSCC parameters: flowid 59 _base_rtt=11685600 _base_bdp=146070 _bdp=146070 _min_cwnd=4150 _maxwnd=219105 _cwnd=219105
Initialize per-instance NSCC parameters: flowid 60 _base_rtt=11685600 _base_bdp=146070 _bdp=146070 _min_cwnd=4150 _maxwnd=219105 _cwnd=219105
Initialize per-instance NSCC parameters: flowid 61 _base_rtt=11685600 _base_bdp=146070 _bdp=146070 _min_cwnd=4150 _maxwnd=219105 _cwnd=219105
Initialize per-instance NSCC parameters: flowid 62 _base_rtt=11685600 _base_bdp=146070 _bdp=146070 _min_cwnd=4150 _maxwnd=219105 _cwnd=219105
Initialize per-instance NSCC parameters: flowid 63 _base_rtt=11685600 _base_bdp=146070 _bdp=146070 _min_cwnd=4150 _maxwnd=219105 _cwnd=219105
Initialize per-instance NSCC parameters: flowid 64 _base_rtt=11685600 _base_bdp=146070 _bdp=146070 _min_cwnd=4150 _maxwnd=219105 _cwnd=219105
Initialize per-instance NSCC parameters: flowid 65 _base_rtt=11685600 _base_bdp=146070 _bdp=146070 _min_cwnd=4150 _maxwnd=219105 _cwnd=219105
Initialize per-instance NSCC parameters: flowid 66 _base_rtt=11685600 _base_bdp=146070 _bdp=146070 _min_cwnd=4150 _maxwnd=219105 _cwnd=219105
Initialize per-instance NSCC parameters: flowid 67 _base_rtt=11685600 _base_bdp=146070 _bdp=146070 _min_cwnd=4150 _maxwnd=219105 _cwnd=219105
Initialize per-instance NSCC parameters: flowid 68 _base_rtt=11685600 _base_bdp=146070 _bdp=146070 _min_cwnd=4150 _maxwnd=219105 _cwnd=219105
Initialize per-instance NSCC parameters: flowid 69 _base_rtt=11685600 _base_bdp=146070 _bdp=146070 _min_cwnd=4150 _maxwnd=219105 _cwnd=219105
Initialize per-instance NSCC parameters: flowid 70 _base_rtt=11685600 _base_bdp=146070 _bdp=146070 _min_cwnd=4150 _maxwnd=219105 _cwnd=219105
Initialize per-instance NSCC parameters: flowid 71 _base_rtt=11685600 _base_bdp=146070 _bdp=146070 _min_cwnd=4150 _maxwnd=219105 _cwnd=219105
Initialize per-instance NSCC parameters: flowid 72 _base_rtt=11685600 _base_bdp=146070 _bdp=146070 _min_cwnd=4150 _maxwnd=219105 _cwnd=219105
Initialize per-instance NSCC parameters: flowid 73 _base_rtt=11685600 _base_bdp=146070 _bdp=146070 _min_cwnd=4150 _maxwnd=219105 _cwnd=219105
Initialize per-instance NSCC parameters: flowid 74 _base_rtt=11685600 _base_bdp=146070 _bdp=146070 _min_cwnd=4150 _maxwnd=219105 _cwnd=219105
Initialize per-instance NSCC parameters: flowid 75 _base_rtt=11685600 _base_bdp=146070 _bdp=146070 _min_cwnd=4150 _maxwnd=219105 _cwnd=219105
Initialize per-instance NSCC parameters: flowid 76 _base_rtt=11685600 _base_bdp=146070 _bdp=146070 _min_cwnd=4150 _maxwnd=219105 _cwnd=219105
Initialize per-instance NSCC parameters: flowid 77 _base_rtt=11685600 _base_bdp=146070 _bdp=146070 _min_cwnd=4150 _maxwnd=219105 _cwnd=219105
Initialize per-instance NSCC parameters: flowid 78 _base_rtt=11685600 _base_bdp=146070 _bdp=146070 _min_cwnd=4150 _maxwnd=219105 _cwnd=219105
Initialize per-instance NSCC parameters: flowid 79 _base_rtt=11685600 _base_bdp=146070 _bdp=146070 _min_cwnd=4150 _maxwnd=219105 _cwnd=219105
Initialize per-instance NSCC parameters: flowid 80 _base_rtt=11685600 _base_bdp=146070 _bdp=146070 _min_cwnd=4150 _maxwnd=219105 _cwnd=219105
Initialize per-instance NSCC parameters: flowid 81 _base_rtt=11685600 _base_bdp=146070 _bdp=146070 _min_cwnd=4150 _maxwnd=219105 _cwnd=219105
Initialize per-instance NSCC parameters: flowid 82 _base_rtt=11685600 _base_bdp=146070 _bdp=146070 _min_cwnd=4150 _maxwnd=219105 _cwnd=219105
Initialize per-instance NSCC parameters: flowid 83 _base_rtt=11685600 _base_bdp=146070 _bdp=146070 _min_cwnd=4150 _maxwnd=219105 _cwnd=219105
Initialize per-instance NSCC parameters: flowid 84 _base_rtt=11685600 _base_bdp=146070 _bdp=146070 _min_cwnd=4150 _maxwnd=219105 _cwnd=219105
Initialize per-instance NSCC parameters: flowid 85 _base_rtt=11685600 _base_bdp=146070 _bdp=146070 _min_cwnd=4150 _maxwnd=219105 _cwnd=219105
Initialize per-instance NSCC parameters: flowid 86 _base_rtt=11685600 _base_bdp=146070 _bdp=146070 _min_cwnd=4150 _maxwnd=219105 _cwnd=219105
Initialize per-instance NSCC parameters: flowid 87 _base_rtt=11685600 _base_bdp=146070 _bdp=146070 _min_cwnd=4150 _maxwnd=219105 _cwnd=219105
Initialize per-instance NSCC parameters: flowid 88 _base_rtt=11685600 _base_bdp=146070 _bdp=146070 _min_cwnd=4150 _maxwnd=219105 _cwnd=219105
Initialize per-instance NSCC parameters: flowid 89 _base_rtt=11685600 _base_bdp=146070 _bdp=146070 _min_cwnd=4150 _maxwnd=219105 _cwnd=219105
Initialize per-instance NSCC parameters: flowid 90 _base_rtt=11685600 _base_bdp=146070 _bdp=146070 _min_cwnd=4150 _maxwnd=219105 _cwnd=219105
Initialize per-instance NSCC parameters: flowid 91 _base_rtt=11685600 _base_bdp=146070 _bdp=146070 _min_cwnd=4150 _maxwnd=219105 _cwnd=219105
Initialize per-instance NSCC parameters: flowid 92 _base_rtt=11685600 _base_bdp=146070 _bdp=146070 _min_cwnd=4150 _maxwnd=219105 _cwnd=219105
Initialize per-instance NSCC parameters: flowid 93 _base_rtt=11685600 _base_bdp=146070 _bdp=146070 _min_cwnd=4150 _maxwnd=219105 _cwnd=219105
Initialize per-instance NSCC parameters: flowid 94 _base_rtt=11685600 _base_bdp=146070 _bdp=146070 _min_cwnd=4150 _maxwnd=219105 _cwnd=219105
Initialize per-instance NSCC parameters: flowid 95 _base_rtt=11685600 _base_bdp=146070 _bdp=146070 _min_cwnd=4150 _maxwnd=219105 _cwnd=219105
Initialize per-instance NSCC parameters: flowid 96 _base_rtt=11685600 _base_bdp=146070 _bdp=146070 _min_cwnd=4150 _maxwnd=219105 _cwnd=219105
Initialize per-instance NSCC parameters: flowid 97 _base_rtt=11685600 _base_bdp=146070 _bdp=146070 _min_cwnd=4150 _maxwnd=219105 _cwnd=219105
Initialize per-instance NSCC parameters: flowid 98 _base_rtt=11685600 _base_bdp=146070 _bdp=146070 _min_cwnd=4150 _maxwnd=219105 _cwnd=219105
Initialize per-instance NSCC parameters: flowid 99 _base_rtt=11685600 _base_bdp=146070 _bdp=146070 _min_cwnd=4150 _maxwnd=219105 _cwnd=219105
Initialize per-instance NSCC parameters: flowid 100 _base_rtt=11685600 _base_bdp=146070 _bdp=146070 _min_cwnd=4150 _maxwnd=219105 _cwnd=219105
Initialize per-instance NSCC parameters: flowid 101 _base_rtt=11685600 _base_bdp=146070 _bdp=146070 _min_cwnd=4150 _maxwnd=219105 _cwnd=219105
Initialize per-instance NSCC parameters: flowid 102 _base_rtt=11685600 _base_bdp=146070 _bdp=146070 _min_cwnd=4150 _maxwnd=219105 _cwnd=219105
Initialize per-instance NSCC parameters: flowid 103 _base_rtt=11685600 _base_bdp=146070 _bdp=146070 _min_cwnd=4150 _maxwnd=219105 _cwnd=219105
Initialize per-instance NSCC parameters: flowid 104 _base_rtt=11685600 _base_bdp=146070 _bdp=146070 _min_cwnd=4150 _maxwnd=219105 _cwnd=219105
Initialize per-instance NSCC parameters: flowid 105 _base_rtt=11685600 _base_bdp=146070 _bdp=146070 _min_cwnd=4150 _maxwnd=219105 _cwnd=219105
Initialize per-instance NSCC parameters: flowid 106 _base_rtt=11685600 _base_bdp=146070 _bdp=146070 _min_cwnd=4150 _maxwnd=219105 _cwnd=219105
Initialize per-instance NSCC parameters: flowid 107 _base_rtt=11685600 _base_bdp=146070 _bdp=146070 _min_cwnd=4150 _maxwnd=219105 _cwnd=219105
Initialize per-instance NSCC parameters: flowid 108 _base_rtt=11685600 _base_bdp=146070 _bdp=146070 _min_cwnd=4150 _maxwnd=219105 _cwnd=219105
Initialize per-instance NSCC parameters: flowid 109 _base_rtt=11685600 _base_bdp=146070 _bdp=146070 _min_cwnd=4150 _maxwnd=219105 _cwnd=219105
Initialize per-instance NSCC parameters: flowid 110 _base_rtt=11685600 _base_bdp=146070 _bdp=146070 _min_cwnd=4150 _maxwnd=219105 _cwnd=219105
Initialize per-instance NSCC parameters: flowid 111 _base_rtt=11685600 _base_bdp=146070 _bdp=146070 _min_cwnd=4150 _maxwnd=219105 _cwnd=219105
Initialize per-instance NSCC parameters: flowid 112 _base_rtt=11685600 _base_bdp=146070 _bdp=146070 _min_cwnd=4150 _maxwnd=219105 _cwnd=219105
Initialize per-instance NSCC parameters: flowid 113 _base_rtt=11685600 _base_bdp=146070 _bdp=146070 _min_cwnd=4150 _maxwnd=219105 _cwnd=219105
Initialize per-instance NSCC parameters: flowid 114 _base_rtt=11685600 _base_bdp=146070 _bdp=146070 _min_cwnd=4150 _maxwnd=219105 _cwnd=219105
Initialize per-instance NSCC parameters: flowid 115 _base_rtt=11685600 _base_bdp=146070 _bdp=146070 _min_cwnd=4150 _maxwnd=219105 _cwnd=219105
Initialize per-instance NSCC parameters: flowid 116 _base_rtt=11685600 _base_bdp=146070 _bdp=146070 _min_cwnd=4150 _maxwnd=219105 _cwnd=219105
Initialize per-instance NSCC parameters: flowid 117 _base_rtt=11685600 _base_bdp=146070 _bdp=146070 _min_cwnd=4150 _maxwnd=219105 _cwnd=219105
Initialize per-instance NSCC parameters: flowid 118 _base_rtt=11685600 _base_bdp=146070 _bdp=146070 _min_cwnd=4150 _maxwnd=219105 _cwnd=219105
Initialize per-instance NSCC parameters: flowid 119 _base_rtt=11685600 _base_bdp=146070 _bdp=146070 _min_cwnd=4150 _maxwnd=219105 _cwnd=219105
Initialize per-instance NSCC parameters: flowid 120 _base_rtt=11685600 _base_bdp=146070 _bdp=146070 _min_cwnd=4150 _maxwnd=219105 _cwnd=219105
Initialize per-instance NSCC parameters: flowid 121 _base_rtt=11685600 _base_bdp=146070 _bdp=146070 _min_cwnd=4150 _maxwnd=219105 _cwnd=219105
Initialize per-instance NSCC parameters: flowid 122 _base_rtt=11685600 _base_bdp=146070 _bdp=146070 _min_cwnd=4150 _maxwnd=219105 _cwnd=219105
Initialize per-instance NSCC parameters: flowid 123 _base_rtt=11685600 _base_bdp=146070 _bdp=146070 _min_cwnd=4150 _maxwnd=219105 _cwnd=219105
Initialize per-instance NSCC parameters: flowid 124 _base_rtt=11685600 _base_bdp=146070 _bdp=146070 _min_cwnd=4150 _maxwnd=219105 _cwnd=219105
Initialize per-instance NSCC parameters: flowid 125 _base_rtt=11685600 _base_bdp=146070 _bdp=146070 _min_cwnd=4150 _maxwnd=219105 _cwnd=219105
Initialize per-instance NSCC parameters: flowid 126 _base_rtt=11685600 _base_bdp=146070 _bdp=146070 _min_cwnd=4150 _maxwnd=219105 _cwnd=219105
Initialize per-instance NSCC parameters: flowid 127 _base_rtt=11685600 _base_bdp=146070 _bdp=146070 _min_cwnd=4150 _maxwnd=219105 _cwnd=219105
Initialize per-instance NSCC parameters: flowid 128 _base_rtt=11685600 _base_bdp=146070 _bdp=146070 _min_cwnd=4150 _maxwnd=219105 _cwnd=219105
Initialize per-instance NSCC parameters: flowid 129 _base_rtt=11685600 _base_bdp=146070 _bdp=146070 _min_cwnd=4150 _maxwnd=219105 _cwnd=219105
Initialize per-instance NSCC parameters: flowid 130 _base_rtt=11685600 _base_bdp=146070 _bdp=146070 _min_cwnd=4150 _maxwnd=219105 _cwnd=219105
Initialize per-instance NSCC parameters: flowid 131 _base_rtt=11685600 _base_bdp=146070 _bdp=146070 _min_cwnd=4150 _maxwnd=219105 _cwnd=219105
Initialize per-instance NSCC parameters: flowid 132 _base_rtt=11685600 _base_bdp=146070 _bdp=146070 _min_cwnd=4150 _maxwnd=219105 _cwnd=219105
Initialize per-instance NSCC parameters: flowid 133 _base_rtt=11685600 _base_bdp=146070 _bdp=146070 _min_cwnd=4150 _maxwnd=219105 _cwnd=219105
Initialize per-instance NSCC parameters: flowid 134 _base_rtt=11685600 _base_bdp=146070 _bdp=146070 _min_cwnd=4150 _maxwnd=219105 _cwnd=219105
Initialize per-instance NSCC parameters: flowid 135 _base_rtt=11685600 _base_bdp=146070 _bdp=146070 _min_cwnd=4150 _maxwnd=219105 _cwnd=219105
Initialize per-instance NSCC parameters: flowid 136 _base_rtt=11685600 _base_bdp=146070 _bdp=146070 _min_cwnd=4150 _maxwnd=219105 _cwnd=219105
Initialize per-instance NSCC parameters: flowid 137 _base_rtt=11685600 _base_bdp=146070 _bdp=146070 _min_cwnd=4150 _maxwnd=219105 _cwnd=219105
Initialize per-instance NSCC parameters: flowid 138 _base_rtt=11685600 _base_bdp=146070 _bdp=146070 _min_cwnd=4150 _maxwnd=219105 _cwnd=219105
Initialize per-instance NSCC parameters: flowid 139 _base_rtt=11685600 _base_bdp=146070 _bdp=146070 _min_cwnd=4150 _maxwnd=219105 _cwnd=219105
Initialize per-instance NSCC parameters: flowid 140 _base_rtt=11685600 _base_bdp=146070 _bdp=146070 _min_cwnd=4150 _maxwnd=219105 _cwnd=219105
Initialize per-instance NSCC parameters: flowid 141 _base_rtt=11685600 _base_bdp=146070 _bdp=146070 _min_cwnd=4150 _maxwnd=219105 _cwnd=219105
Initialize per-instance NSCC parameters: flowid 142 _base_rtt=11685600 _base_bdp=146070 _bdp=146070 _min_cwnd=4150 _maxwnd=219105 _cwnd=219105
Initialize per-instance NSCC parameters: flowid 143 _base_rtt=11685600 _base_bdp=146070 _bdp=146070 _min_cwnd=4150 _maxwnd=219105 _cwnd=219105
Initialize per-instance NSCC parameters: flowid 144 _base_rtt=11685600 _base_bdp=146070 _bdp=146070 _min_cwnd=4150 _maxwnd=219105 _cwnd=219105
Initialize per-instance NSCC parameters: flowid 145 _base_rtt=11685600 _base_bdp=146070 _bdp=146070 _min_cwnd=4150 _maxwnd=219105 _cwnd=219105
Initialize per-instance NSCC parameters: flowid 146 _base_rtt=11685600 _base_bdp=146070 _bdp=146070 _min_cwnd=4150 _maxwnd=219105 _cwnd=219105
Initialize per-instance NSCC parameters: flowid 147 _base_rtt=11685600 _base_bdp=146070 _bdp=146070 _min_cwnd=4150 _maxwnd=219105 _cwnd=219105
Initialize per-instance NSCC parameters: flowid 148 _base_rtt=11685600 _base_bdp=146070 _bdp=146070 _min_cwnd=4150 _maxwnd=219105 _cwnd=219105
Initialize per-instance NSCC parameters: flowid 149 _base_rtt=11685600 _base_bdp=146070 _bdp=146070 _min_cwnd=4150 _maxwnd=219105 _cwnd=219105
Initialize per-instance NSCC parameters: flowid 150 _base_rtt=11685600 _base_bdp=146070 _bdp=146070 _min_cwnd=4150 _maxwnd=219105 _cwnd=219105
Initialize per-instance NSCC parameters: flowid 151 _base_rtt=11685600 _base_bdp=146070 _bdp=146070 _min_cwnd=4150 _maxwnd=219105 _cwnd=219105
Initialize per-instance NSCC parameters: flowid 152 _base_rtt=11685600 _base_bdp=146070 _bdp=146070 _min_cwnd=4150 _maxwnd=219105 _cwnd=219105
Initialize per-instance NSCC parameters: flowid 153 _base_rtt=11685600 _base_bdp=146070 _bdp=146070 _min_cwnd=4150 _maxwnd=219105 _cwnd=219105
Initialize per-instance NSCC parameters: flowid 154 _base_rtt=11685600 _base_bdp=146070 _bdp=146070 _min_cwnd=4150 _maxwnd=219105 _cwnd=219105
Initialize per-instance NSCC parameters: flowid 155 _base_rtt=11685600 _base_bdp=146070 _bdp=146070 _min_cwnd=4150 _maxwnd=219105 _cwnd=219105
Initialize per-instance NSCC parameters: flowid 156 _base_rtt=11685600 _base_bdp=146070 _bdp=146070 _min_cwnd=4150 _maxwnd=219105 _cwnd=219105
Initialize per-instance NSCC parameters: flowid 157 _base_rtt=11685600 _base_bdp=146070 _bdp=146070 _min_cwnd=4150 _maxwnd=219105 _cwnd=219105
Initialize per-instance NSCC parameters: flowid 158 _base_rtt=11685600 _base_bdp=146070 _bdp=146070 _min_cwnd=4150 _maxwnd=219105 _cwnd=219105
Initialize per-instance NSCC parameters: flowid 159 _base_rtt=11685600 _base_bdp=146070 _bdp=146070 _min_cwnd=4150 _maxwnd=219105 _cwnd=219105
Initialize per-instance NSCC parameters: flowid 160 _base_rtt=11685600 _base_bdp=146070 _bdp=146070 _min_cwnd=4150 _maxwnd=219105 _cwnd=219105
Initialize per-instance NSCC parameters: flowid 161 _base_rtt=11685600 _base_bdp=146070 _bdp=146070 _min_cwnd=4150 _maxwnd=219105 _cwnd=219105
Initialize per-instance NSCC parameters: flowid 162 _base_rtt=11685600 _base_bdp=146070 _bdp=146070 _min_cwnd=4150 _maxwnd=219105 _cwnd=219105
Initialize per-instance NSCC parameters: flowid 163 _base_rtt=11685600 _base_bdp=146070 _bdp=146070 _min_cwnd=4150 _maxwnd=219105 _cwnd=219105
Initialize per-instance NSCC parameters: flowid 164 _base_rtt=11685600 _base_bdp=146070 _bdp=146070 _min_cwnd=4150 _maxwnd=219105 _cwnd=219105
Initialize per-instance NSCC parameters: flowid 165 _base_rtt=11685600 _base_bdp=146070 _bdp=146070 _min_cwnd=4150 _maxwnd=219105 _cwnd=219105
Initialize per-instance NSCC parameters: flowid 166 _base_rtt=11685600 _base_bdp=146070 _bdp=146070 _min_cwnd=4150 _maxwnd=219105 _cwnd=219105
Initialize per-instance NSCC parameters: flowid 167 _base_rtt=11685600 _base_bdp=146070 _bdp=146070 _min_cwnd=4150 _maxwnd=219105 _cwnd=219105
Initialize per-instance NSCC parameters: flowid 168 _base_rtt=11685600 _base_bdp=146070 _bdp=146070 _min_cwnd=4150 _maxwnd=219105 _cwnd=219105
Initialize per-instance NSCC parameters: flowid 169 _base_rtt=11685600 _base_bdp=146070 _bdp=146070 _min_cwnd=4150 _maxwnd=219105 _cwnd=219105
Initialize per-instance NSCC parameters: flowid 170 _base_rtt=11685600 _base_bdp=146070 _bdp=146070 _min_cwnd=4150 _maxwnd=219105 _cwnd=219105
Initialize per-instance NSCC parameters: flowid 171 _base_rtt=11685600 _base_bdp=146070 _bdp=146070 _min_cwnd=4150 _maxwnd=219105 _cwnd=219105
Initialize per-instance NSCC parameters: flowid 172 _base_rtt=11685600 _base_bdp=146070 _bdp=146070 _min_cwnd=4150 _maxwnd=219105 _cwnd=219105
Initialize per-instance NSCC parameters: flowid 173 _base_rtt=11685600 _base_bdp=146070 _bdp=146070 _min_cwnd=4150 _maxwnd=219105 _cwnd=219105
Initialize per-instance NSCC parameters: flowid 174 _base_rtt=11685600 _base_bdp=146070 _bdp=146070 _min_cwnd=4150 _maxwnd=219105 _cwnd=219105
Initialize per-instance NSCC parameters: flowid 175 _base_rtt=11685600 _base_bdp=146070 _bdp=146070 _min_cwnd=4150 _maxwnd=219105 _cwnd=219105
Initialize per-instance NSCC parameters: flowid 176 _base_rtt=11685600 _base_bdp=146070 _bdp=146070 _min_cwnd=4150 _maxwnd=219105 _cwnd=219105
Initialize per-instance NSCC parameters: flowid 177 _base_rtt=11685600 _base_bdp=146070 _bdp=146070 _min_cwnd=4150 _maxwnd=219105 _cwnd=219105
Initialize per-instance NSCC parameters: flowid 178 _base_rtt=11685600 _base_bdp=146070 _bdp=146070 _min_cwnd=4150 _maxwnd=219105 _cwnd=219105
Initialize per-instance NSCC parameters: flowid 179 _base_rtt=11685600 _base_bdp=146070 _bdp=146070 _min_cwnd=4150 _maxwnd=219105 _cwnd=219105
Initialize per-instance NSCC parameters: flowid 180 _base_rtt=11685600 _base_bdp=146070 _bdp=146070 _min_cwnd=4150 _maxwnd=219105 _cwnd=219105
Initialize per-instance NSCC parameters: flowid 181 _base_rtt=11685600 _base_bdp=146070 _bdp=146070 _min_cwnd=4150 _maxwnd=219105 _cwnd=219105
Initialize per-instance NSCC parameters: flowid 182 _base_rtt=11685600 _base_bdp=146070 _bdp=146070 _min_cwnd=4150 _maxwnd=219105 _cwnd=219105
Initialize per-instance NSCC parameters: flowid 183 _base_rtt=11685600 _base_bdp=146070 _bdp=146070 _min_cwnd=4150 _maxwnd=219105 _cwnd=219105
Initialize per-instance NSCC parameters: flowid 184 _base_rtt=11685600 _base_bdp=146070 _bdp=146070 _min_cwnd=4150 _maxwnd=219105 _cwnd=219105
Initialize per-instance NSCC parameters: flowid 185 _base_rtt=11685600 _base_bdp=146070 _bdp=146070 _min_cwnd=4150 _maxwnd=219105 _cwnd=219105
Initialize per-instance NSCC parameters: flowid 186 _base_rtt=11685600 _base_bdp=146070 _bdp=146070 _min_cwnd=4150 _maxwnd=219105 _cwnd=219105
Initialize per-instance NSCC parameters: flowid 187 _base_rtt=11685600 _base_bdp=146070 _bdp=146070 _min_cwnd=4150 _maxwnd=219105 _cwnd=219105
Initialize per-instance NSCC parameters: flowid 188 _base_rtt=11685600 _base_bdp=146070 _bdp=146070 _min_cwnd=4150 _maxwnd=219105 _cwnd=219105
Initialize per-instance NSCC parameters: flowid 189 _base_rtt=11685600 _base_bdp=146070 _bdp=146070 _min_cwnd=4150 _maxwnd=219105 _cwnd=219105
Initialize per-instance NSCC parameters: flowid 190 _base_rtt=11685600 _base_bdp=146070 _bdp=146070 _min_cwnd=4150 _maxwnd=219105 _cwnd=219105
Initialize per-instance NSCC parameters: flowid 191 _base_rtt=11685600 _base_bdp=146070 _bdp=146070 _min_cwnd=4150 _maxwnd=219105 _cwnd=219105
Initialize per-instance NSCC parameters: flowid 192 _base_rtt=11685600 _base_bdp=146070 _bdp=146070 _min_cwnd=4150 _maxwnd=219105 _cwnd=219105
Initialize per-instance NSCC parameters: flowid 193 _base_rtt=11685600 _base_bdp=146070 _bdp=146070 _min_cwnd=4150 _maxwnd=219105 _cwnd=219105
Initialize per-instance NSCC parameters: flowid 194 _base_rtt=11685600 _base_bdp=146070 _bdp=146070 _min_cwnd=4150 _maxwnd=219105 _cwnd=219105
Initialize per-instance NSCC parameters: flowid 195 _base_rtt=11685600 _base_bdp=146070 _bdp=146070 _min_cwnd=4150 _maxwnd=219105 _cwnd=219105
Initialize per-instance NSCC parameters: flowid 196 _base_rtt=11685600 _base_bdp=146070 _bdp=146070 _min_cwnd=4150 _maxwnd=219105 _cwnd=219105
Initialize per-instance NSCC parameters: flowid 197 _base_rtt=11685600 _base_bdp=146070 _bdp=146070 _min_cwnd=4150 _maxwnd=219105 _cwnd=219105
Initialize per-instance NSCC parameters: flowid 198 _base_rtt=11685600 _base_bdp=146070 _bdp=146070 _min_cwnd=4150 _maxwnd=219105 _cwnd=219105
Initialize per-instance NSCC parameters: flowid 199 _base_rtt=11685600 _base_bdp=146070 _bdp=146070 _min_cwnd=4150 _maxwnd=219105 _cwnd=219105
Initialize per-instance NSCC parameters: flowid 200 _base_rtt=11685600 _base_bdp=146070 _bdp=146070 _min_cwnd=4150 _maxwnd=219105 _cwnd=219105
Initialize per-instance NSCC parameters: flowid 201 _base_rtt=11685600 _base_bdp=146070 _bdp=146070 _min_cwnd=4150 _maxwnd=219105 _cwnd=219105
Initialize per-instance NSCC parameters: flowid 202 _base_rtt=11685600 _base_bdp=146070 _bdp=146070 _min_cwnd=4150 _maxwnd=219105 _cwnd=219105
Initialize per-instance NSCC parameters: flowid 203 _base_rtt=11685600 _base_bdp=146070 _bdp=146070 _min_cwnd=4150 _maxwnd=219105 _cwnd=219105
Initialize per-instance NSCC parameters: flowid 204 _base_rtt=11685600 _base_bdp=146070 _bdp=146070 _min_cwnd=4150 _maxwnd=219105 _cwnd=219105
Initialize per-instance NSCC parameters: flowid 205 _base_rtt=11685600 _base_bdp=146070 _bdp=146070 _min_cwnd=4150 _maxwnd=219105 _cwnd=219105
Initialize per-instance NSCC parameters: flowid 206 _base_rtt=11685600 _base_bdp=146070 _bdp=146070 _min_cwnd=4150 _maxwnd=219105 _cwnd=219105
Initialize per-instance NSCC parameters: flowid 207 _base_rtt=11685600 _base_bdp=146070 _bdp=146070 _min_cwnd=4150 _maxwnd=219105 _cwnd=219105
Initialize per-instance NSCC parameters: flowid 208 _base_rtt=11685600 _base_bdp=146070 _bdp=146070 _min_cwnd=4150 _maxwnd=219105 _cwnd=219105
Initialize per-instance NSCC parameters: flowid 209 _base_rtt=11685600 _base_bdp=146070 _bdp=146070 _min_cwnd=4150 _maxwnd=219105 _cwnd=219105
Initialize per-instance NSCC parameters: flowid 210 _base_rtt=11685600 _base_bdp=146070 _bdp=146070 _min_cwnd=4150 _maxwnd=219105 _cwnd=219105
Initialize per-instance NSCC parameters: flowid 211 _base_rtt=11685600 _base_bdp=146070 _bdp=146070 _min_cwnd=4150 _maxwnd=219105 _cwnd=219105
Initialize per-instance NSCC parameters: flowid 212 _base_rtt=11685600 _base_bdp=146070 _bdp=146070 _min_cwnd=4150 _maxwnd=219105 _cwnd=219105
Initialize per-instance NSCC parameters: flowid 213 _base_rtt=11685600 _base_bdp=146070 _bdp=146070 _min_cwnd=4150 _maxwnd=219105 _cwnd=219105
Initialize per-instance NSCC parameters: flowid 214 _base_rtt=11685600 _base_bdp=146070 _bdp=146070 _min_cwnd=4150 _maxwnd=219105 _cwnd=219105
Initialize per-instance NSCC parameters: flowid 215 _base_rtt=11685600 _base_bdp=146070 _bdp=146070 _min_cwnd=4150 _maxwnd=219105 _cwnd=219105
Initialize per-instance NSCC parameters: flowid 216 _base_rtt=11685600 _base_bdp=146070 _bdp=146070 _min_cwnd=4150 _maxwnd=219105 _cwnd=219105
Initialize per-instance NSCC parameters: flowid 217 _base_rtt=11685600 _base_bdp=146070 _bdp=146070 _min_cwnd=4150 _maxwnd=219105 _cwnd=219105
Initialize per-instance NSCC parameters: flowid 218 _base_rtt=11685600 _base_bdp=146070 _bdp=146070 _min_cwnd=4150 _maxwnd=219105 _cwnd=219105
Initialize per-instance NSCC parameters: flowid 219 _base_rtt=11685600 _base_bdp=146070 _bdp=146070 _min_cwnd=4150 _maxwnd=219105 _cwnd=219105
Initialize per-instance NSCC parameters: flowid 220 _base_rtt=11685600 _base_bdp=146070 _bdp=146070 _min_cwnd=4150 _maxwnd=219105 _cwnd=219105
Initialize per-instance NSCC parameters: flowid 221 _base_rtt=11685600 _base_bdp=146070 _bdp=146070 _min_cwnd=4150 _maxwnd=219105 _cwnd=219105
Initialize per-instance NSCC parameters: flowid 222 _base_rtt=11685600 _base_bdp=146070 _bdp=146070 _min_cwnd=4150 _maxwnd=219105 _cwnd=219105
Initialize per-instance NSCC parameters: flowid 223 _base_rtt=11685600 _base_bdp=146070 _bdp=146070 _min_cwnd=4150 _maxwnd=219105 _cwnd=219105
Initialize per-instance NSCC parameters: flowid 224 _base_rtt=11685600 _base_bdp=146070 _bdp=146070 _min_cwnd=4150 _maxwnd=219105 _cwnd=219105
Initialize per-instance NSCC parameters: flowid 225 _base_rtt=11685600 _base_bdp=146070 _bdp=146070 _min_cwnd=4150 _maxwnd=219105 _cwnd=219105
Initialize per-instance NSCC parameters: flowid 226 _base_rtt=11685600 _base_bdp=146070 _bdp=146070 _min_cwnd=4150 _maxwnd=219105 _cwnd=219105
Initialize per-instance NSCC parameters: flowid 227 _base_rtt=11685600 _base_bdp=146070 _bdp=146070 _min_cwnd=4150 _maxwnd=219105 _cwnd=219105
Initialize per-instance NSCC parameters: flowid 228 _base_rtt=11685600 _base_bdp=146070 _bdp=146070 _min_cwnd=4150 _maxwnd=219105 _cwnd=219105
Initialize per-instance NSCC parameters: flowid 229 _base_rtt=11685600 _base_bdp=146070 _bdp=146070 _min_cwnd=4150 _maxwnd=219105 _cwnd=219105
Initialize per-instance NSCC parameters: flowid 230 _base_rtt=11685600 _base_bdp=146070 _bdp=146070 _min_cwnd=4150 _maxwnd=219105 _cwnd=219105
Initialize per-instance NSCC parameters: flowid 231 _base_rtt=11685600 _base_bdp=146070 _bdp=146070 _min_cwnd=4150 _maxwnd=219105 _cwnd=219105
Initialize per-instance NSCC parameters: flowid 232 _base_rtt=11685600 _base_bdp=146070 _bdp=146070 _min_cwnd=4150 _maxwnd=219105 _cwnd=219105
Initialize per-instance NSCC parameters: flowid 233 _base_rtt=11685600 _base_bdp=146070 _bdp=146070 _min_cwnd=4150 _maxwnd=219105 _cwnd=219105
Initialize per-instance NSCC parameters: flowid 234 _base_rtt=11685600 _base_bdp=146070 _bdp=146070 _min_cwnd=4150 _maxwnd=219105 _cwnd=219105
Initialize per-instance NSCC parameters: flowid 235 _base_rtt=11685600 _base_bdp=146070 _bdp=146070 _min_cwnd=4150 _maxwnd=219105 _cwnd=219105
Initialize per-instance NSCC parameters: flowid 236 _base_rtt=11685600 _base_bdp=146070 _bdp=146070 _min_cwnd=4150 _maxwnd=219105 _cwnd=219105
Initialize per-instance NSCC parameters: flowid 237 _base_rtt=11685600 _base_bdp=146070 _bdp=146070 _min_cwnd=4150 _maxwnd=219105 _cwnd=219105
Initialize per-instance NSCC parameters: flowid 238 _base_rtt=11685600 _base_bdp=146070 _bdp=146070 _min_cwnd=4150 _maxwnd=219105 _cwnd=219105
Initialize per-instance NSCC parameters: flowid 239 _base_rtt=11685600 _base_bdp=146070 _bdp=146070 _min_cwnd=4150 _maxwnd=219105 _cwnd=219105
Initialize per-instance NSCC parameters: flowid 240 _base_rtt=11685600 _base_bdp=146070 _bdp=146070 _min_cwnd=4150 _maxwnd=219105 _cwnd=219105
Initialize per-instance NSCC parameters: flowid 241 _base_rtt=11685600 _base_bdp=146070 _bdp=146070 _min_cwnd=4150 _maxwnd=219105 _cwnd=219105
Initialize per-instance NSCC parameters: flowid 242 _base_rtt=11685600 _base_bdp=146070 _bdp=146070 _min_cwnd=4150 _maxwnd=219105 _cwnd=219105
Initialize per-instance NSCC parameters: flowid 243 _base_rtt=11685600 _base_bdp=146070 _bdp=146070 _min_cwnd=4150 _maxwnd=219105 _cwnd=219105
Initialize per-instance NSCC parameters: flowid 244 _base_rtt=11685600 _base_bdp=146070 _bdp=146070 _min_cwnd=4150 _maxwnd=219105 _cwnd=219105
Initialize per-instance NSCC parameters: flowid 245 _base_rtt=11685600 _base_bdp=146070 _bdp=146070 _min_cwnd=4150 _maxwnd=219105 _cwnd=219105
Initialize per-instance NSCC parameters: flowid 246 _base_rtt=11685600 _base_bdp=146070 _bdp=146070 _min_cwnd=4150 _maxwnd=219105 _cwnd=219105
Initialize per-instance NSCC parameters: flowid 247 _base_rtt=11685600 _base_bdp=146070 _bdp=146070 _min_cwnd=4150 _maxwnd=219105 _cwnd=219105
Initialize per-instance NSCC parameters: flowid 248 _base_rtt=11685600 _base_bdp=146070 _bdp=146070 _min_cwnd=4150 _maxwnd=219105 _cwnd=219105
Initialize per-instance NSCC parameters: flowid 249 _base_rtt=11685600 _base_bdp=146070 _bdp=146070 _min_cwnd=4150 _maxwnd=219105 _cwnd=219105
Initialize per-instance NSCC parameters: flowid 250 _base_rtt=11685600 _base_bdp=146070 _bdp=146070 _min_cwnd=4150 _maxwnd=219105 _cwnd=219105
Initialize per-instance NSCC parameters: flowid 251 _base_rtt=11685600 _base_bdp=146070 _bdp=146070 _min_cwnd=4150 _maxwnd=219105 _cwnd=219105
Initialize per-instance NSCC parameters: flowid 252 _base_rtt=11685600 _base_bdp=146070 _bdp=146070 _min_cwnd=4150 _maxwnd=219105 _cwnd=219105
Initialize per-instance NSCC parameters: flowid 253 _base_rtt=11685600 _base_bdp=146070 _bdp=146070 _min_cwnd=4150 _maxwnd=219105 _cwnd=219105
Initialize per-instance NSCC parameters: flowid 254 _base_rtt=11685600 _base_bdp=146070 _bdp=146070 _min_cwnd=4150 _maxwnd=219105 _cwnd=219105
Initialize per-instance NSCC parameters: flowid 255 _base_rtt=11685600 _base_bdp=146070 _bdp=146070 _min_cwnd=4150 _maxwnd=219105 _cwnd=219105
Initialize per-instance NSCC parameters: flowid 256 _base_rtt=11685600 _base_bdp=146070 _bdp=146070 _min_cwnd=4150 _maxwnd=219105 _cwnd=219105
Initialize per-instance NSCC parameters: flowid 257 _base_rtt=11685600 _base_bdp=146070 _bdp=146070 _min_cwnd=4150 _maxwnd=219105 _cwnd=219105
Initialize per-instance NSCC parameters: flowid 258 _base_rtt=11685600 _base_bdp=146070 _bdp=146070 _min_cwnd=4150 _maxwnd=219105 _cwnd=219105
Initialize per-instance NSCC parameters: flowid 259 _base_rtt=11685600 _base_bdp=146070 _bdp=146070 _min_cwnd=4150 _maxwnd=219105 _cwnd=219105
Initialize per-instance NSCC parameters: flowid 260 _base_rtt=11685600 _base_bdp=146070 _bdp=146070 _min_cwnd=4150 _maxwnd=219105 _cwnd=219105
Initialize per-instance NSCC parameters: flowid 261 _base_rtt=11685600 _base_bdp=146070 _bdp=146070 _min_cwnd=4150 _maxwnd=219105 _cwnd=219105
Initialize per-instance NSCC parameters: flowid 262 _base_rtt=11685600 _base_bdp=146070 _bdp=146070 _min_cwnd=4150 _maxwnd=219105 _cwnd=219105
Initialize per-instance NSCC parameters: flowid 263 _base_rtt=11685600 _base_bdp=146070 _bdp=146070 _min_cwnd=4150 _maxwnd=219105 _cwnd=219105
Initialize per-instance NSCC parameters: flowid 264 _base_rtt=11685600 _base_bdp=146070 _bdp=146070 _min_cwnd=4150 _maxwnd=219105 _cwnd=219105
Initialize per-instance NSCC parameters: flowid 265 _base_rtt=11685600 _base_bdp=146070 _bdp=146070 _min_cwnd=4150 _maxwnd=219105 _cwnd=219105
Initialize per-instance NSCC parameters: flowid 266 _base_rtt=11685600 _base_bdp=146070 _bdp=146070 _min_cwnd=4150 _maxwnd=219105 _cwnd=219105
Initialize per-instance NSCC parameters: flowid 267 _base_rtt=11685600 _base_bdp=146070 _bdp=146070 _min_cwnd=4150 _maxwnd=219105 _cwnd=219105
Initialize per-instance NSCC parameters: flowid 268 _base_rtt=11685600 _base_bdp=146070 _bdp=146070 _min_cwnd=4150 _maxwnd=219105 _cwnd=219105
Initialize per-instance NSCC parameters: flowid 269 _base_rtt=11685600 _base_bdp=146070 _bdp=146070 _min_cwnd=4150 _maxwnd=219105 _cwnd=219105
Initialize per-instance NSCC parameters: flowid 270 _base_rtt=11685600 _base_bdp=146070 _bdp=146070 _min_cwnd=4150 _maxwnd=219105 _cwnd=219105
Initialize per-instance NSCC parameters: flowid 271 _base_rtt=11685600 _base_bdp=146070 _bdp=146070 _min_cwnd=4150 _maxwnd=219105 _cwnd=219105
Initialize per-instance NSCC parameters: flowid 272 _base_rtt=11685600 _base_bdp=146070 _bdp=146070 _min_cwnd=4150 _maxwnd=219105 _cwnd=219105
Initialize per-instance NSCC parameters: flowid 273 _base_rtt=11685600 _base_bdp=146070 _bdp=146070 _min_cwnd=4150 _maxwnd=219105 _cwnd=219105
Initialize per-instance NSCC parameters: flowid 274 _base_rtt=11685600 _base_bdp=146070 _bdp=146070 _min_cwnd=4150 _maxwnd=219105 _cwnd=219105
Initialize per-instance NSCC parameters: flowid 275 _base_rtt=11685600 _base_bdp=146070 _bdp=146070 _min_cwnd=4150 _maxwnd=219105 _cwnd=219105
Initialize per-instance NSCC parameters: flowid 276 _base_rtt=11685600 _base_bdp=146070 _bdp=146070 _min_cwnd=4150 _maxwnd=219105 _cwnd=219105
Initialize per-instance NSCC parameters: flowid 277 _base_rtt=11685600 _base_bdp=146070 _bdp=146070 _min_cwnd=4150 _maxwnd=219105 _cwnd=219105
Initialize per-instance NSCC parameters: flowid 278 _base_rtt=11685600 _base_bdp=146070 _bdp=146070 _min_cwnd=4150 _maxwnd=219105 _cwnd=219105
Initialize per-instance NSCC parameters: flowid 279 _base_rtt=11685600 _base_bdp=146070 _bdp=146070 _min_cwnd=4150 _maxwnd=219105 _cwnd=219105
Initialize per-instance NSCC parameters: flowid 280 _base_rtt=11685600 _base_bdp=146070 _bdp=146070 _min_cwnd=4150 _maxwnd=219105 _cwnd=219105
Initialize per-instance NSCC parameters: flowid 281 _base_rtt=11685600 _base_bdp=146070 _bdp=146070 _min_cwnd=4150 _maxwnd=219105 _cwnd=219105
Initialize per-instance NSCC parameters: flowid 282 _base_rtt=11685600 _base_bdp=146070 _bdp=146070 _min_cwnd=4150 _maxwnd=219105 _cwnd=219105
Initialize per-instance NSCC parameters: flowid 283 _base_rtt=11685600 _base_bdp=146070 _bdp=146070 _min_cwnd=4150 _maxwnd=219105 _cwnd=219105
Initialize per-instance NSCC parameters: flowid 284 _base_rtt=11685600 _base_bdp=146070 _bdp=146070 _min_cwnd=4150 _maxwnd=219105 _cwnd=219105
Initialize per-instance NSCC parameters: flowid 285 _base_rtt=11685600 _base_bdp=146070 _bdp=146070 _min_cwnd=4150 _maxwnd=219105 _cwnd=219105
Initialize per-instance NSCC parameters: flowid 286 _base_rtt=11685600 _base_bdp=146070 _bdp=146070 _min_cwnd=4150 _maxwnd=219105 _cwnd=219105
Initialize per-instance NSCC parameters: flowid 287 _base_rtt=11685600 _base_bdp=146070 _bdp=146070 _min_cwnd=4150 _maxwnd=219105 _cwnd=219105
Initialize per-instance NSCC parameters: flowid 288 _base_rtt=11685600 _base_bdp=146070 _bdp=146070 _min_cwnd=4150 _maxwnd=219105 _cwnd=219105
Initialize per-instance NSCC parameters: flowid 289 _base_rtt=11685600 _base_bdp=146070 _bdp=146070 _min_cwnd=4150 _maxwnd=219105 _cwnd=219105
Initialize per-instance NSCC parameters: flowid 290 _base_rtt=11685600 _base_bdp=146070 _bdp=146070 _min_cwnd=4150 _maxwnd=219105 _cwnd=219105
Initialize per-instance NSCC parameters: flowid 291 _base_rtt=11685600 _base_bdp=146070 _bdp=146070 _min_cwnd=4150 _maxwnd=219105 _cwnd=219105
Initialize per-instance NSCC parameters: flowid 292 _base_rtt=11685600 _base_bdp=146070 _bdp=146070 _min_cwnd=4150 _maxwnd=219105 _cwnd=219105
Initialize per-instance NSCC parameters: flowid 293 _base_rtt=11685600 _base_bdp=146070 _bdp=146070 _min_cwnd=4150 _maxwnd=219105 _cwnd=219105
Initialize per-instance NSCC parameters: flowid 294 _base_rtt=11685600 _base_bdp=146070 _bdp=146070 _min_cwnd=4150 _maxwnd=219105 _cwnd=219105
Initialize per-instance NSCC parameters: flowid 295 _base_rtt=11685600 _base_bdp=146070 _bdp=146070 _min_cwnd=4150 _maxwnd=219105 _cwnd=219105
Initialize per-instance NSCC parameters: flowid 296 _base_rtt=11685600 _base_bdp=146070 _bdp=146070 _min_cwnd=4150 _maxwnd=219105 _cwnd=219105
Initialize per-instance NSCC parameters: flowid 297 _base_rtt=11685600 _base_bdp=146070 _bdp=146070 _min_cwnd=4150 _maxwnd=219105 _cwnd=219105
Initialize per-instance NSCC parameters: flowid 298 _base_rtt=11685600 _base_bdp=146070 _bdp=146070 _min_cwnd=4150 _maxwnd=219105 _cwnd=219105
Initialize per-instance NSCC parameters: flowid 299 _base_rtt=11685600 _base_bdp=146070 _bdp=146070 _min_cwnd=4150 _maxwnd=219105 _cwnd=219105
Initialize per-instance NSCC parameters: flowid 300 _base_rtt=11685600 _base_bdp=146070 _bdp=146070 _min_cwnd=4150 _maxwnd=219105 _cwnd=219105
Initialize per-instance NSCC parameters: flowid 301 _base_rtt=11685600 _base_bdp=146070 _bdp=146070 _min_cwnd=4150 _maxwnd=219105 _cwnd=219105
Initialize per-instance NSCC parameters: flowid 302 _base_rtt=11685600 _base_bdp=146070 _bdp=146070 _min_cwnd=4150 _maxwnd=219105 _cwnd=219105
Initialize per-instance NSCC parameters: flowid 303 _base_rtt=11685600 _base_bdp=146070 _bdp=146070 _min_cwnd=4150 _maxwnd=219105 _cwnd=219105
Initialize per-instance NSCC parameters: flowid 304 _base_rtt=11685600 _base_bdp=146070 _bdp=146070 _min_cwnd=4150 _maxwnd=219105 _cwnd=219105
Initialize per-instance NSCC parameters: flowid 305 _base_rtt=11685600 _base_bdp=146070 _bdp=146070 _min_cwnd=4150 _maxwnd=219105 _cwnd=219105
Initialize per-instance NSCC parameters: flowid 306 _base_rtt=11685600 _base_bdp=146070 _bdp=146070 _min_cwnd=4150 _maxwnd=219105 _cwnd=219105
Initialize per-instance NSCC parameters: flowid 307 _base_rtt=11685600 _base_bdp=146070 _bdp=146070 _min_cwnd=4150 _maxwnd=219105 _cwnd=219105
Initialize per-instance NSCC parameters: flowid 308 _base_rtt=11685600 _base_bdp=146070 _bdp=146070 _min_cwnd=4150 _maxwnd=219105 _cwnd=219105
Initialize per-instance NSCC parameters: flowid 309 _base_rtt=11685600 _base_bdp=146070 _bdp=146070 _min_cwnd=4150 _maxwnd=219105 _cwnd=219105
Initialize per-instance NSCC parameters: flowid 310 _base_rtt=11685600 _base_bdp=146070 _bdp=146070 _min_cwnd=4150 _maxwnd=219105 _cwnd=219105
Initialize per-instance NSCC parameters: flowid 311 _base_rtt=11685600 _base_bdp=146070 _bdp=146070 _min_cwnd=4150 _maxwnd=219105 _cwnd=219105
Initialize per-instance NSCC parameters: flowid 312 _base_rtt=11685600 _base_bdp=146070 _bdp=146070 _min_cwnd=4150 _maxwnd=219105 _cwnd=219105
Initialize per-instance NSCC parameters: flowid 313 _base_rtt=11685600 _base_bdp=146070 _bdp=146070 _min_cwnd=4150 _maxwnd=219105 _cwnd=219105
Initialize per-instance NSCC parameters: flowid 314 _base_rtt=11685600 _base_bdp=146070 _bdp=146070 _min_cwnd=4150 _maxwnd=219105 _cwnd=219105
Initialize per-instance NSCC parameters: flowid 315 _base_rtt=11685600 _base_bdp=146070 _bdp=146070 _min_cwnd=4150 _maxwnd=219105 _cwnd=219105
Initialize per-instance NSCC parameters: flowid 316 _base_rtt=11685600 _base_bdp=146070 _bdp=146070 _min_cwnd=4150 _maxwnd=219105 _cwnd=219105
Initialize per-instance NSCC parameters: flowid 317 _base_rtt=11685600 _base_bdp=146070 _bdp=146070 _min_cwnd=4150 _maxwnd=219105 _cwnd=219105
Initialize per-instance NSCC parameters: flowid 318 _base_rtt=11685600 _base_bdp=146070 _bdp=146070 _min_cwnd=4150 _maxwnd=219105 _cwnd=219105
Initialize per-instance NSCC parameters: flowid 319 _base_rtt=11685600 _base_bdp=146070 _bdp=146070 _min_cwnd=4150 _maxwnd=219105 _cwnd=219105
Initialize per-instance NSCC parameters: flowid 320 _base_rtt=11685600 _base_bdp=146070 _bdp=146070 _min_cwnd=4150 _maxwnd=219105 _cwnd=219105
Initialize per-instance NSCC parameters: flowid 321 _base_rtt=11685600 _base_bdp=146070 _bdp=146070 _min_cwnd=4150 _maxwnd=219105 _cwnd=219105
Initialize per-instance NSCC parameters: flowid 322 _base_rtt=11685600 _base_bdp=146070 _bdp=146070 _min_cwnd=4150 _maxwnd=219105 _cwnd=219105
Initialize per-instance NSCC parameters: flowid 323 _base_rtt=11685600 _base_bdp=146070 _bdp=146070 _min_cwnd=4150 _maxwnd=219105 _cwnd=219105
Initialize per-instance NSCC parameters: flowid 324 _base_rtt=11685600 _base_bdp=146070 _bdp=146070 _min_cwnd=4150 _maxwnd=219105 _cwnd=219105
Initialize per-instance NSCC parameters: flowid 325 _base_rtt=11685600 _base_bdp=146070 _bdp=146070 _min_cwnd=4150 _maxwnd=219105 _cwnd=219105
Initialize per-instance NSCC parameters: flowid 326 _base_rtt=11685600 _base_bdp=146070 _bdp=146070 _min_cwnd=4150 _maxwnd=219105 _cwnd=219105
Initialize per-instance NSCC parameters: flowid 327 _base_rtt=11685600 _base_bdp=146070 _bdp=146070 _min_cwnd=4150 _maxwnd=219105 _cwnd=219105
Initialize per-instance NSCC parameters: flowid 328 _base_rtt=11685600 _base_bdp=146070 _bdp=146070 _min_cwnd=4150 _maxwnd=219105 _cwnd=219105
Initialize per-instance NSCC parameters: flowid 329 _base_rtt=11685600 _base_bdp=146070 _bdp=146070 _min_cwnd=4150 _maxwnd=219105 _cwnd=219105
Initialize per-instance NSCC parameters: flowid 330 _base_rtt=11685600 _base_bdp=146070 _bdp=146070 _min_cwnd=4150 _maxwnd=219105 _cwnd=219105
Initialize per-instance NSCC parameters: flowid 331 _base_rtt=11685600 _base_bdp=146070 _bdp=146070 _min_cwnd=4150 _maxwnd=219105 _cwnd=219105
Initialize per-instance NSCC parameters: flowid 332 _base_rtt=11685600 _base_bdp=146070 _bdp=146070 _min_cwnd=4150 _maxwnd=219105 _cwnd=219105
Initialize per-instance NSCC parameters: flowid 333 _base_rtt=11685600 _base_bdp=146070 _bdp=146070 _min_cwnd=4150 _maxwnd=219105 _cwnd=219105
Initialize per-instance NSCC parameters: flowid 334 _base_rtt=11685600 _base_bdp=146070 _bdp=146070 _min_cwnd=4150 _maxwnd=219105 _cwnd=219105
Initialize per-instance NSCC parameters: flowid 335 _base_rtt=11685600 _base_bdp=146070 _bdp=146070 _min_cwnd=4150 _maxwnd=219105 _cwnd=219105
Initialize per-instance NSCC parameters: flowid 336 _base_rtt=11685600 _base_bdp=146070 _bdp=146070 _min_cwnd=4150 _maxwnd=219105 _cwnd=219105
Initialize per-instance NSCC parameters: flowid 337 _base_rtt=11685600 _base_bdp=146070 _bdp=146070 _min_cwnd=4150 _maxwnd=219105 _cwnd=219105
Initialize per-instance NSCC parameters: flowid 338 _base_rtt=11685600 _base_bdp=146070 _bdp=146070 _min_cwnd=4150 _maxwnd=219105 _cwnd=219105
Initialize per-instance NSCC parameters: flowid 339 _base_rtt=11685600 _base_bdp=146070 _bdp=146070 _min_cwnd=4150 _maxwnd=219105 _cwnd=219105
Initialize per-instance NSCC parameters: flowid 340 _base_rtt=11685600 _base_bdp=146070 _bdp=146070 _min_cwnd=4150 _maxwnd=219105 _cwnd=219105
Initialize per-instance NSCC parameters: flowid 341 _base_rtt=11685600 _base_bdp=146070 _bdp=146070 _min_cwnd=4150 _maxwnd=219105 _cwnd=219105
Initialize per-instance NSCC parameters: flowid 342 _base_rtt=11685600 _base_bdp=146070 _bdp=146070 _min_cwnd=4150 _maxwnd=219105 _cwnd=219105
Initialize per-instance NSCC parameters: flowid 343 _base_rtt=11685600 _base_bdp=146070 _bdp=146070 _min_cwnd=4150 _maxwnd=219105 _cwnd=219105
Initialize per-instance NSCC parameters: flowid 344 _base_rtt=11685600 _base_bdp=146070 _bdp=146070 _min_cwnd=4150 _maxwnd=219105 _cwnd=219105
Initialize per-instance NSCC parameters: flowid 345 _base_rtt=11685600 _base_bdp=146070 _bdp=146070 _min_cwnd=4150 _maxwnd=219105 _cwnd=219105
Initialize per-instance NSCC parameters: flowid 346 _base_rtt=11685600 _base_bdp=146070 _bdp=146070 _min_cwnd=4150 _maxwnd=219105 _cwnd=219105
Initialize per-instance NSCC parameters: flowid 347 _base_rtt=11685600 _base_bdp=146070 _bdp=146070 _min_cwnd=4150 _maxwnd=219105 _cwnd=219105
Initialize per-instance NSCC parameters: flowid 348 _base_rtt=11685600 _base_bdp=146070 _bdp=146070 _min_cwnd=4150 _maxwnd=219105 _cwnd=219105
Initialize per-instance NSCC parameters: flowid 349 _base_rtt=11685600 _base_bdp=146070 _bdp=146070 _min_cwnd=4150 _maxwnd=219105 _cwnd=219105
Initialize per-instance NSCC parameters: flowid 350 _base_rtt=11685600 _base_bdp=146070 _bdp=146070 _min_cwnd=4150 _maxwnd=219105 _cwnd=219105
Initialize per-instance NSCC parameters: flowid 351 _base_rtt=11685600 _base_bdp=146070 _bdp=146070 _min_cwnd=4150 _maxwnd=219105 _cwnd=219105
Initialize per-instance NSCC parameters: flowid 352 _base_rtt=11685600 _base_bdp=146070 _bdp=146070 _min_cwnd=4150 _maxwnd=219105 _cwnd=219105
Initialize per-instance NSCC parameters: flowid 353 _base_rtt=11685600 _base_bdp=146070 _bdp=146070 _min_cwnd=4150 _maxwnd=219105 _cwnd=219105
Initialize per-instance NSCC parameters: flowid 354 _base_rtt=11685600 _base_bdp=146070 _bdp=146070 _min_cwnd=4150 _maxwnd=219105 _cwnd=219105
Initialize per-instance NSCC parameters: flowid 355 _base_rtt=11685600 _base_bdp=146070 _bdp=146070 _min_cwnd=4150 _maxwnd=219105 _cwnd=219105
Initialize per-instance NSCC parameters: flowid 356 _base_rtt=11685600 _base_bdp=146070 _bdp=146070 _min_cwnd=4150 _maxwnd=219105 _cwnd=219105
Initialize per-instance NSCC parameters: flowid 357 _base_rtt=11685600 _base_bdp=146070 _bdp=146070 _min_cwnd=4150 _maxwnd=219105 _cwnd=219105
Initialize per-instance NSCC parameters: flowid 358 _base_rtt=11685600 _base_bdp=146070 _bdp=146070 _min_cwnd=4150 _maxwnd=219105 _cwnd=219105
Initialize per-instance NSCC parameters: flowid 359 _base_rtt=11685600 _base_bdp=146070 _bdp=146070 _min_cwnd=4150 _maxwnd=219105 _cwnd=219105
Initialize per-instance NSCC parameters: flowid 360 _base_rtt=11685600 _base_bdp=146070 _bdp=146070 _min_cwnd=4150 _maxwnd=219105 _cwnd=219105
Initialize per-instance NSCC parameters: flowid 361 _base_rtt=11685600 _base_bdp=146070 _bdp=146070 _min_cwnd=4150 _maxwnd=219105 _cwnd=219105
Initialize per-instance NSCC parameters: flowid 362 _base_rtt=11685600 _base_bdp=146070 _bdp=146070 _min_cwnd=4150 _maxwnd=219105 _cwnd=219105
Initialize per-instance NSCC parameters: flowid 363 _base_rtt=11685600 _base_bdp=146070 _bdp=146070 _min_cwnd=4150 _maxwnd=219105 _cwnd=219105
Initialize per-instance NSCC parameters: flowid 364 _base_rtt=11685600 _base_bdp=146070 _bdp=146070 _min_cwnd=4150 _maxwnd=219105 _cwnd=219105
Initialize per-instance NSCC parameters: flowid 365 _base_rtt=11685600 _base_bdp=146070 _bdp=146070 _min_cwnd=4150 _maxwnd=219105 _cwnd=219105
Initialize per-instance NSCC parameters: flowid 366 _base_rtt=11685600 _base_bdp=146070 _bdp=146070 _min_cwnd=4150 _maxwnd=219105 _cwnd=219105
Initialize per-instance NSCC parameters: flowid 367 _base_rtt=11685600 _base_bdp=146070 _bdp=146070 _min_cwnd=4150 _maxwnd=219105 _cwnd=219105
Initialize per-instance NSCC parameters: flowid 368 _base_rtt=11685600 _base_bdp=146070 _bdp=146070 _min_cwnd=4150 _maxwnd=219105 _cwnd=219105
Initialize per-instance NSCC parameters: flowid 369 _base_rtt=11685600 _base_bdp=146070 _bdp=146070 _min_cwnd=4150 _maxwnd=219105 _cwnd=219105
Initialize per-instance NSCC parameters: flowid 370 _base_rtt=11685600 _base_bdp=146070 _bdp=146070 _min_cwnd=4150 _maxwnd=219105 _cwnd=219105
Initialize per-instance NSCC parameters: flowid 371 _base_rtt=11685600 _base_bdp=146070 _bdp=146070 _min_cwnd=4150 _maxwnd=219105 _cwnd=219105
Initialize per-instance NSCC parameters: flowid 372 _base_rtt=11685600 _base_bdp=146070 _bdp=146070 _min_cwnd=4150 _maxwnd=219105 _cwnd=219105
Initialize per-instance NSCC parameters: flowid 373 _base_rtt=11685600 _base_bdp=146070 _bdp=146070 _min_cwnd=4150 _maxwnd=219105 _cwnd=219105
Initialize per-instance NSCC parameters: flowid 374 _base_rtt=11685600 _base_bdp=146070 _bdp=146070 _min_cwnd=4150 _maxwnd=219105 _cwnd=219105
Initialize per-instance NSCC parameters: flowid 375 _base_rtt=11685600 _base_bdp=146070 _bdp=146070 _min_cwnd=4150 _maxwnd=219105 _cwnd=219105
Initialize per-instance NSCC parameters: flowid 376 _base_rtt=11685600 _base_bdp=146070 _bdp=146070 _min_cwnd=4150 _maxwnd=219105 _cwnd=219105
Initialize per-instance NSCC parameters: flowid 377 _base_rtt=11685600 _base_bdp=146070 _bdp=146070 _min_cwnd=4150 _maxwnd=219105 _cwnd=219105
Initialize per-instance NSCC parameters: flowid 378 _base_rtt=11685600 _base_bdp=146070 _bdp=146070 _min_cwnd=4150 _maxwnd=219105 _cwnd=219105
Initialize per-instance NSCC parameters: flowid 379 _base_rtt=11685600 _base_bdp=146070 _bdp=146070 _min_cwnd=4150 _maxwnd=219105 _cwnd=219105
Initialize per-instance NSCC parameters: flowid 380 _base_rtt=11685600 _base_bdp=146070 _bdp=146070 _min_cwnd=4150 _maxwnd=219105 _cwnd=219105
Initialize per-instance NSCC parameters: flowid 381 _base_rtt=11685600 _base_bdp=146070 _bdp=146070 _min_cwnd=4150 _maxwnd=219105 _cwnd=219105
Initialize per-instance NSCC parameters: flowid 382 _base_rtt=11685600 _base_bdp=146070 _bdp=146070 _min_cwnd=4150 _maxwnd=219105 _cwnd=219105
Initialize per-instance NSCC parameters: flowid 383 _base_rtt=11685600 _base_bdp=146070 _bdp=146070 _min_cwnd=4150 _maxwnd=219105 _cwnd=219105
Initialize per-instance NSCC parameters: flowid 384 _base_rtt=11685600 _base_bdp=146070 _bdp=146070 _min_cwnd=4150 _maxwnd=219105 _cwnd=219105
Initialize per-instance NSCC parameters: flowid 385 _base_rtt=11685600 _base_bdp=146070 _bdp=146070 _min_cwnd=4150 _maxwnd=219105 _cwnd=219105
Initialize per-instance NSCC parameters: flowid 386 _base_rtt=11685600 _base_bdp=146070 _bdp=146070 _min_cwnd=4150 _maxwnd=219105 _cwnd=219105
Initialize per-instance NSCC parameters: flowid 387 _base_rtt=11685600 _base_bdp=146070 _bdp=146070 _min_cwnd=4150 _maxwnd=219105 _cwnd=219105
Initialize per-instance NSCC parameters: flowid 388 _base_rtt=11685600 _base_bdp=146070 _bdp=146070 _min_cwnd=4150 _maxwnd=219105 _cwnd=219105
Initialize per-instance NSCC parameters: flowid 389 _base_rtt=11685600 _base_bdp=146070 _bdp=146070 _min_cwnd=4150 _maxwnd=219105 _cwnd=219105
Initialize per-instance NSCC parameters: flowid 390 _base_rtt=11685600 _base_bdp=146070 _bdp=146070 _min_cwnd=4150 _maxwnd=219105 _cwnd=219105
Initialize per-instance NSCC parameters: flowid 391 _base_rtt=11685600 _base_bdp=146070 _bdp=146070 _min_cwnd=4150 _maxwnd=219105 _cwnd=219105
Initialize per-instance NSCC parameters: flowid 392 _base_rtt=11685600 _base_bdp=146070 _bdp=146070 _min_cwnd=4150 _maxwnd=219105 _cwnd=219105
Initialize per-instance NSCC parameters: flowid 393 _base_rtt=11685600 _base_bdp=146070 _bdp=146070 _min_cwnd=4150 _maxwnd=219105 _cwnd=219105
Initialize per-instance NSCC parameters: flowid 394 _base_rtt=11685600 _base_bdp=146070 _bdp=146070 _min_cwnd=4150 _maxwnd=219105 _cwnd=219105
Initialize per-instance NSCC parameters: flowid 395 _base_rtt=11685600 _base_bdp=146070 _bdp=146070 _min_cwnd=4150 _maxwnd=219105 _cwnd=219105
Initialize per-instance NSCC parameters: flowid 396 _base_rtt=11685600 _base_bdp=146070 _bdp=146070 _min_cwnd=4150 _maxwnd=219105 _cwnd=219105
Initialize per-instance NSCC parameters: flowid 397 _base_rtt=11685600 _base_bdp=146070 _bdp=146070 _min_cwnd=4150 _maxwnd=219105 _cwnd=219105
Initialize per-instance NSCC parameters: flowid 398 _base_rtt=11685600 _base_bdp=146070 _bdp=146070 _min_cwnd=4150 _maxwnd=219105 _cwnd=219105
Initialize per-instance NSCC parameters: flowid 399 _base_rtt=11685600 _base_bdp=146070 _bdp=146070 _min_cwnd=4150 _maxwnd=219105 _cwnd=219105
Initialize per-instance NSCC parameters: flowid 400 _base_rtt=11685600 _base_bdp=146070 _bdp=146070 _min_cwnd=4150 _maxwnd=219105 _cwnd=219105
Initialize per-instance NSCC parameters: flowid 401 _base_rtt=11685600 _base_bdp=146070 _bdp=146070 _min_cwnd=4150 _maxwnd=219105 _cwnd=219105
Initialize per-instance NSCC parameters: flowid 402 _base_rtt=11685600 _base_bdp=146070 _bdp=146070 _min_cwnd=4150 _maxwnd=219105 _cwnd=219105
Initialize per-instance NSCC parameters: flowid 403 _base_rtt=11685600 _base_bdp=146070 _bdp=146070 _min_cwnd=4150 _maxwnd=219105 _cwnd=219105
Initialize per-instance NSCC parameters: flowid 404 _base_rtt=11685600 _base_bdp=146070 _bdp=146070 _min_cwnd=4150 _maxwnd=219105 _cwnd=219105
Initialize per-instance NSCC parameters: flowid 405 _base_rtt=11685600 _base_bdp=146070 _bdp=146070 _min_cwnd=4150 _maxwnd=219105 _cwnd=219105
Initialize per-instance NSCC parameters: flowid 406 _base_rtt=11685600 _base_bdp=146070 _bdp=146070 _min_cwnd=4150 _maxwnd=219105 _cwnd=219105
Initialize per-instance NSCC parameters: flowid 407 _base_rtt=11685600 _base_bdp=146070 _bdp=146070 _min_cwnd=4150 _maxwnd=219105 _cwnd=219105
Initialize per-instance NSCC parameters: flowid 408 _base_rtt=11685600 _base_bdp=146070 _bdp=146070 _min_cwnd=4150 _maxwnd=219105 _cwnd=219105
Initialize per-instance NSCC parameters: flowid 409 _base_rtt=11685600 _base_bdp=146070 _bdp=146070 _min_cwnd=4150 _maxwnd=219105 _cwnd=219105
Initialize per-instance NSCC parameters: flowid 410 _base_rtt=11685600 _base_bdp=146070 _bdp=146070 _min_cwnd=4150 _maxwnd=219105 _cwnd=219105
Initialize per-instance NSCC parameters: flowid 411 _base_rtt=11685600 _base_bdp=146070 _bdp=146070 _min_cwnd=4150 _maxwnd=219105 _cwnd=219105
Initialize per-instance NSCC parameters: flowid 412 _base_rtt=11685600 _base_bdp=146070 _bdp=146070 _min_cwnd=4150 _maxwnd=219105 _cwnd=219105
Initialize per-instance NSCC parameters: flowid 413 _base_rtt=11685600 _base_bdp=146070 _bdp=146070 _min_cwnd=4150 _maxwnd=219105 _cwnd=219105
Initialize per-instance NSCC parameters: flowid 414 _base_rtt=11685600 _base_bdp=146070 _bdp=146070 _min_cwnd=4150 _maxwnd=219105 _cwnd=219105
Initialize per-instance NSCC parameters: flowid 415 _base_rtt=11685600 _base_bdp=146070 _bdp=146070 _min_cwnd=4150 _maxwnd=219105 _cwnd=219105
Initialize per-instance NSCC parameters: flowid 416 _base_rtt=11685600 _base_bdp=146070 _bdp=146070 _min_cwnd=4150 _maxwnd=219105 _cwnd=219105
Initialize per-instance NSCC parameters: flowid 417 _base_rtt=11685600 _base_bdp=146070 _bdp=146070 _min_cwnd=4150 _maxwnd=219105 _cwnd=219105
Initialize per-instance NSCC parameters: flowid 418 _base_rtt=11685600 _base_bdp=146070 _bdp=146070 _min_cwnd=4150 _maxwnd=219105 _cwnd=219105
Initialize per-instance NSCC parameters: flowid 419 _base_rtt=11685600 _base_bdp=146070 _bdp=146070 _min_cwnd=4150 _maxwnd=219105 _cwnd=219105
Initialize per-instance NSCC parameters: flowid 420 _base_rtt=11685600 _base_bdp=146070 _bdp=146070 _min_cwnd=4150 _maxwnd=219105 _cwnd=219105
Initialize per-instance NSCC parameters: flowid 421 _base_rtt=11685600 _base_bdp=146070 _bdp=146070 _min_cwnd=4150 _maxwnd=219105 _cwnd=219105
Initialize per-instance NSCC parameters: flowid 422 _base_rtt=11685600 _base_bdp=146070 _bdp=146070 _min_cwnd=4150 _maxwnd=219105 _cwnd=219105
Initialize per-instance NSCC parameters: flowid 423 _base_rtt=11685600 _base_bdp=146070 _bdp=146070 _min_cwnd=4150 _maxwnd=219105 _cwnd=219105
Initialize per-instance NSCC parameters: flowid 424 _base_rtt=11685600 _base_bdp=146070 _bdp=146070 _min_cwnd=4150 _maxwnd=219105 _cwnd=219105
Initialize per-instance NSCC parameters: flowid 425 _base_rtt=11685600 _base_bdp=146070 _bdp=146070 _min_cwnd=4150 _maxwnd=219105 _cwnd=219105
Initialize per-instance NSCC parameters: flowid 426 _base_rtt=11685600 _base_bdp=146070 _bdp=146070 _min_cwnd=4150 _maxwnd=219105 _cwnd=219105
Initialize per-instance NSCC parameters: flowid 427 _base_rtt=11685600 _base_bdp=146070 _bdp=146070 _min_cwnd=4150 _maxwnd=219105 _cwnd=219105
Initialize per-instance NSCC parameters: flowid 428 _base_rtt=11685600 _base_bdp=146070 _bdp=146070 _min_cwnd=4150 _maxwnd=219105 _cwnd=219105
Initialize per-instance NSCC parameters: flowid 429 _base_rtt=11685600 _base_bdp=146070 _bdp=146070 _min_cwnd=4150 _maxwnd=219105 _cwnd=219105
Initialize per-instance NSCC parameters: flowid 430 _base_rtt=11685600 _base_bdp=146070 _bdp=146070 _min_cwnd=4150 _maxwnd=219105 _cwnd=219105
Initialize per-instance NSCC parameters: flowid 431 _base_rtt=11685600 _base_bdp=146070 _bdp=146070 _min_cwnd=4150 _maxwnd=219105 _cwnd=219105
Initialize per-instance NSCC parameters: flowid 432 _base_rtt=11685600 _base_bdp=146070 _bdp=146070 _min_cwnd=4150 _maxwnd=219105 _cwnd=219105
Initialize per-instance NSCC parameters: flowid 433 _base_rtt=11685600 _base_bdp=146070 _bdp=146070 _min_cwnd=4150 _maxwnd=219105 _cwnd=219105
Initialize per-instance NSCC parameters: flowid 434 _base_rtt=11685600 _base_bdp=146070 _bdp=146070 _min_cwnd=4150 _maxwnd=219105 _cwnd=219105
Initialize per-instance NSCC parameters: flowid 435 _base_rtt=11685600 _base_bdp=146070 _bdp=146070 _min_cwnd=4150 _maxwnd=219105 _cwnd=219105
Initialize per-instance NSCC parameters: flowid 436 _base_rtt=11685600 _base_bdp=146070 _bdp=146070 _min_cwnd=4150 _maxwnd=219105 _cwnd=219105
Initialize per-instance NSCC parameters: flowid 437 _base_rtt=11685600 _base_bdp=146070 _bdp=146070 _min_cwnd=4150 _maxwnd=219105 _cwnd=219105
Initialize per-instance NSCC parameters: flowid 438 _base_rtt=11685600 _base_bdp=146070 _bdp=146070 _min_cwnd=4150 _maxwnd=219105 _cwnd=219105
Initialize per-instance NSCC parameters: flowid 439 _base_rtt=11685600 _base_bdp=146070 _bdp=146070 _min_cwnd=4150 _maxwnd=219105 _cwnd=219105
Initialize per-instance NSCC parameters: flowid 440 _base_rtt=11685600 _base_bdp=146070 _bdp=146070 _min_cwnd=4150 _maxwnd=219105 _cwnd=219105
Initialize per-instance NSCC parameters: flowid 441 _base_rtt=11685600 _base_bdp=146070 _bdp=146070 _min_cwnd=4150 _maxwnd=219105 _cwnd=219105
Initialize per-instance NSCC parameters: flowid 442 _base_rtt=11685600 _base_bdp=146070 _bdp=146070 _min_cwnd=4150 _maxwnd=219105 _cwnd=219105
Initialize per-instance NSCC parameters: flowid 443 _base_rtt=11685600 _base_bdp=146070 _bdp=146070 _min_cwnd=4150 _maxwnd=219105 _cwnd=219105
Initialize per-instance NSCC parameters: flowid 444 _base_rtt=11685600 _base_bdp=146070 _bdp=146070 _min_cwnd=4150 _maxwnd=219105 _cwnd=219105
Initialize per-instance NSCC parameters: flowid 445 _base_rtt=11685600 _base_bdp=146070 _bdp=146070 _min_cwnd=4150 _maxwnd=219105 _cwnd=219105
Initialize per-instance NSCC parameters: flowid 446 _base_rtt=11685600 _base_bdp=146070 _bdp=146070 _min_cwnd=4150 _maxwnd=219105 _cwnd=219105
Initialize per-instance NSCC parameters: flowid 447 _base_rtt=11685600 _base_bdp=146070 _bdp=146070 _min_cwnd=4150 _maxwnd=219105 _cwnd=219105
Initialize per-instance NSCC parameters: flowid 448 _base_rtt=11685600 _base_bdp=146070 _bdp=146070 _min_cwnd=4150 _maxwnd=219105 _cwnd=219105
Initialize per-instance NSCC parameters: flowid 449 _base_rtt=11685600 _base_bdp=146070 _bdp=146070 _min_cwnd=4150 _maxwnd=219105 _cwnd=219105
Initialize per-instance NSCC parameters: flowid 450 _base_rtt=11685600 _base_bdp=146070 _bdp=146070 _min_cwnd=4150 _maxwnd=219105 _cwnd=219105
Initialize per-instance NSCC parameters: flowid 451 _base_rtt=11685600 _base_bdp=146070 _bdp=146070 _min_cwnd=4150 _maxwnd=219105 _cwnd=219105
Initialize per-instance NSCC parameters: flowid 452 _base_rtt=11685600 _base_bdp=146070 _bdp=146070 _min_cwnd=4150 _maxwnd=219105 _cwnd=219105
Initialize per-instance NSCC parameters: flowid 453 _base_rtt=11685600 _base_bdp=146070 _bdp=146070 _min_cwnd=4150 _maxwnd=219105 _cwnd=219105
Initialize per-instance NSCC parameters: flowid 454 _base_rtt=11685600 _base_bdp=146070 _bdp=146070 _min_cwnd=4150 _maxwnd=219105 _cwnd=219105
Initialize per-instance NSCC parameters: flowid 455 _base_rtt=11685600 _base_bdp=146070 _bdp=146070 _min_cwnd=4150 _maxwnd=219105 _cwnd=219105
Initialize per-instance NSCC parameters: flowid 456 _base_rtt=11685600 _base_bdp=146070 _bdp=146070 _min_cwnd=4150 _maxwnd=219105 _cwnd=219105
Initialize per-instance NSCC parameters: flowid 457 _base_rtt=11685600 _base_bdp=146070 _bdp=146070 _min_cwnd=4150 _maxwnd=219105 _cwnd=219105
Initialize per-instance NSCC parameters: flowid 458 _base_rtt=11685600 _base_bdp=146070 _bdp=146070 _min_cwnd=4150 _maxwnd=219105 _cwnd=219105
Initialize per-instance NSCC parameters: flowid 459 _base_rtt=11685600 _base_bdp=146070 _bdp=146070 _min_cwnd=4150 _maxwnd=219105 _cwnd=219105
Initialize per-instance NSCC parameters: flowid 460 _base_rtt=11685600 _base_bdp=146070 _bdp=146070 _min_cwnd=4150 _maxwnd=219105 _cwnd=219105
Initialize per-instance NSCC parameters: flowid 461 _base_rtt=11685600 _base_bdp=146070 _bdp=146070 _min_cwnd=4150 _maxwnd=219105 _cwnd=219105
Initialize per-instance NSCC parameters: flowid 462 _base_rtt=11685600 _base_bdp=146070 _bdp=146070 _min_cwnd=4150 _maxwnd=219105 _cwnd=219105
Initialize per-instance NSCC parameters: flowid 463 _base_rtt=11685600 _base_bdp=146070 _bdp=146070 _min_cwnd=4150 _maxwnd=219105 _cwnd=219105
Initialize per-instance NSCC parameters: flowid 464 _base_rtt=11685600 _base_bdp=146070 _bdp=146070 _min_cwnd=4150 _maxwnd=219105 _cwnd=219105
Initialize per-instance NSCC parameters: flowid 465 _base_rtt=11685600 _base_bdp=146070 _bdp=146070 _min_cwnd=4150 _maxwnd=219105 _cwnd=219105
Initialize per-instance NSCC parameters: flowid 466 _base_rtt=11685600 _base_bdp=146070 _bdp=146070 _min_cwnd=4150 _maxwnd=219105 _cwnd=219105
Initialize per-instance NSCC parameters: flowid 467 _base_rtt=11685600 _base_bdp=146070 _bdp=146070 _min_cwnd=4150 _maxwnd=219105 _cwnd=219105
Initialize per-instance NSCC parameters: flowid 468 _base_rtt=11685600 _base_bdp=146070 _bdp=146070 _min_cwnd=4150 _maxwnd=219105 _cwnd=219105
Initialize per-instance NSCC parameters: flowid 469 _base_rtt=11685600 _base_bdp=146070 _bdp=146070 _min_cwnd=4150 _maxwnd=219105 _cwnd=219105
Initialize per-instance NSCC parameters: flowid 470 _base_rtt=11685600 _base_bdp=146070 _bdp=146070 _min_cwnd=4150 _maxwnd=219105 _cwnd=219105
Initialize per-instance NSCC parameters: flowid 471 _base_rtt=11685600 _base_bdp=146070 _bdp=146070 _min_cwnd=4150 _maxwnd=219105 _cwnd=219105
Initialize per-instance NSCC parameters: flowid 472 _base_rtt=11685600 _base_bdp=146070 _bdp=146070 _min_cwnd=4150 _maxwnd=219105 _cwnd=219105
Initialize per-instance NSCC parameters: flowid 473 _base_rtt=11685600 _base_bdp=146070 _bdp=146070 _min_cwnd=4150 _maxwnd=219105 _cwnd=219105
Initialize per-instance NSCC parameters: flowid 474 _base_rtt=11685600 _base_bdp=146070 _bdp=146070 _min_cwnd=4150 _maxwnd=219105 _cwnd=219105
Initialize per-instance NSCC parameters: flowid 475 _base_rtt=11685600 _base_bdp=146070 _bdp=146070 _min_cwnd=4150 _maxwnd=219105 _cwnd=219105
Initialize per-instance NSCC parameters: flowid 476 _base_rtt=11685600 _base_bdp=146070 _bdp=146070 _min_cwnd=4150 _maxwnd=219105 _cwnd=219105
Initialize per-instance NSCC parameters: flowid 477 _base_rtt=11685600 _base_bdp=146070 _bdp=146070 _min_cwnd=4150 _maxwnd=219105 _cwnd=219105
Initialize per-instance NSCC parameters: flowid 478 _base_rtt=11685600 _base_bdp=146070 _bdp=146070 _min_cwnd=4150 _maxwnd=219105 _cwnd=219105
Initialize per-instance NSCC parameters: flowid 479 _base_rtt=11685600 _base_bdp=146070 _bdp=146070 _min_cwnd=4150 _maxwnd=219105 _cwnd=219105
Initialize per-instance NSCC parameters: flowid 480 _base_rtt=11685600 _base_bdp=146070 _bdp=146070 _min_cwnd=4150 _maxwnd=219105 _cwnd=219105
Initialize per-instance NSCC parameters: flowid 481 _base_rtt=11685600 _base_bdp=146070 _bdp=146070 _min_cwnd=4150 _maxwnd=219105 _cwnd=219105
Initialize per-instance NSCC parameters: flowid 482 _base_rtt=11685600 _base_bdp=146070 _bdp=146070 _min_cwnd=4150 _maxwnd=219105 _cwnd=219105
Initialize per-instance NSCC parameters: flowid 483 _base_rtt=11685600 _base_bdp=146070 _bdp=146070 _min_cwnd=4150 _maxwnd=219105 _cwnd=219105
Initialize per-instance NSCC parameters: flowid 484 _base_rtt=11685600 _base_bdp=146070 _bdp=146070 _min_cwnd=4150 _maxwnd=219105 _cwnd=219105
Initialize per-instance NSCC parameters: flowid 485 _base_rtt=11685600 _base_bdp=146070 _bdp=146070 _min_cwnd=4150 _maxwnd=219105 _cwnd=219105
Initialize per-instance NSCC parameters: flowid 486 _base_rtt=11685600 _base_bdp=146070 _bdp=146070 _min_cwnd=4150 _maxwnd=219105 _cwnd=219105
Initialize per-instance NSCC parameters: flowid 487 _base_rtt=11685600 _base_bdp=146070 _bdp=146070 _min_cwnd=4150 _maxwnd=219105 _cwnd=219105
Initialize per-instance NSCC parameters: flowid 488 _base_rtt=11685600 _base_bdp=146070 _bdp=146070 _min_cwnd=4150 _maxwnd=219105 _cwnd=219105
Initialize per-instance NSCC parameters: flowid 489 _base_rtt=11685600 _base_bdp=146070 _bdp=146070 _min_cwnd=4150 _maxwnd=219105 _cwnd=219105
Initialize per-instance NSCC parameters: flowid 490 _base_rtt=11685600 _base_bdp=146070 _bdp=146070 _min_cwnd=4150 _maxwnd=219105 _cwnd=219105
Initialize per-instance NSCC parameters: flowid 491 _base_rtt=11685600 _base_bdp=146070 _bdp=146070 _min_cwnd=4150 _maxwnd=219105 _cwnd=219105
Initialize per-instance NSCC parameters: flowid 492 _base_rtt=11685600 _base_bdp=146070 _bdp=146070 _min_cwnd=4150 _maxwnd=219105 _cwnd=219105
Initialize per-instance NSCC parameters: flowid 493 _base_rtt=11685600 _base_bdp=146070 _bdp=146070 _min_cwnd=4150 _maxwnd=219105 _cwnd=219105
Initialize per-instance NSCC parameters: flowid 494 _base_rtt=11685600 _base_bdp=146070 _bdp=146070 _min_cwnd=4150 _maxwnd=219105 _cwnd=219105
Initialize per-instance NSCC parameters: flowid 495 _base_rtt=11685600 _base_bdp=146070 _bdp=146070 _min_cwnd=4150 _maxwnd=219105 _cwnd=219105
Initialize per-instance NSCC parameters: flowid 496 _base_rtt=11685600 _base_bdp=146070 _bdp=146070 _min_cwnd=4150 _maxwnd=219105 _cwnd=219105
Initialize per-instance NSCC parameters: flowid 497 _base_rtt=11685600 _base_bdp=146070 _bdp=146070 _min_cwnd=4150 _maxwnd=219105 _cwnd=219105
Initialize per-instance NSCC parameters: flowid 498 _base_rtt=11685600 _base_bdp=146070 _bdp=146070 _min_cwnd=4150 _maxwnd=219105 _cwnd=219105
Initialize per-instance NSCC parameters: flowid 499 _base_rtt=11685600 _base_bdp=146070 _bdp=146070 _min_cwnd=4150 _maxwnd=219105 _cwnd=219105
Initialize per-instance NSCC parameters: flowid 500 _base_rtt=11685600 _base_bdp=146070 _bdp=146070 _min_cwnd=4150 _maxwnd=219105 _cwnd=219105
Initialize per-instance NSCC parameters: flowid 501 _base_rtt=11685600 _base_bdp=146070 _bdp=146070 _min_cwnd=4150 _maxwnd=219105 _cwnd=219105
Initialize per-instance NSCC parameters: flowid 502 _base_rtt=11685600 _base_bdp=146070 _bdp=146070 _min_cwnd=4150 _maxwnd=219105 _cwnd=219105
Initialize per-instance NSCC parameters: flowid 503 _base_rtt=11685600 _base_bdp=146070 _bdp=146070 _min_cwnd=4150 _maxwnd=219105 _cwnd=219105
Initialize per-instance NSCC parameters: flowid 504 _base_rtt=11685600 _base_bdp=146070 _bdp=146070 _min_cwnd=4150 _maxwnd=219105 _cwnd=219105
Initialize per-instance NSCC parameters: flowid 505 _base_rtt=11685600 _base_bdp=146070 _bdp=146070 _min_cwnd=4150 _maxwnd=219105 _cwnd=219105
Initialize per-instance NSCC parameters: flowid 506 _base_rtt=11685600 _base_bdp=146070 _bdp=146070 _min_cwnd=4150 _maxwnd=219105 _cwnd=219105
Initialize per-instance NSCC parameters: flowid 507 _base_rtt=11685600 _base_bdp=146070 _bdp=146070 _min_cwnd=4150 _maxwnd=219105 _cwnd=219105
Initialize per-instance NSCC parameters: flowid 508 _base_rtt=11685600 _base_bdp=146070 _bdp=146070 _min_cwnd=4150 _maxwnd=219105 _cwnd=219105
Initialize per-instance NSCC parameters: flowid 509 _base_rtt=11685600 _base_bdp=146070 _bdp=146070 _min_cwnd=4150 _maxwnd=219105 _cwnd=219105
Initialize per-instance NSCC parameters: flowid 510 _base_rtt=11685600 _base_bdp=146070 _bdp=146070 _min_cwnd=4150 _maxwnd=219105 _cwnd=219105
Initialize per-instance NSCC parameters: flowid 511 _base_rtt=11685600 _base_bdp=146070 _bdp=146070 _min_cwnd=4150 _maxwnd=219105 _cwnd=219105
Initialize per-instance NSCC parameters: flowid 512 _base_rtt=11685600 _base_bdp=146070 _bdp=146070 _min_cwnd=4150 _maxwnd=219105 _cwnd=219105
Initialize per-instance NSCC parameters: flowid 513 _base_rtt=11685600 _base_bdp=146070 _bdp=146070 _min_cwnd=4150 _maxwnd=219105 _cwnd=219105
Initialize per-instance NSCC parameters: flowid 514 _base_rtt=11685600 _base_bdp=146070 _bdp=146070 _min_cwnd=4150 _maxwnd=219105 _cwnd=219105
Initialize per-instance NSCC parameters: flowid 515 _base_rtt=11685600 _base_bdp=146070 _bdp=146070 _min_cwnd=4150 _maxwnd=219105 _cwnd=219105
Initialize per-instance NSCC parameters: flowid 516 _base_rtt=11685600 _base_bdp=146070 _bdp=146070 _min_cwnd=4150 _maxwnd=219105 _cwnd=219105
Initialize per-instance NSCC parameters: flowid 517 _base_rtt=11685600 _base_bdp=146070 _bdp=146070 _min_cwnd=4150 _maxwnd=219105 _cwnd=219105
Initialize per-instance NSCC parameters: flowid 518 _base_rtt=11685600 _base_bdp=146070 _bdp=146070 _min_cwnd=4150 _maxwnd=219105 _cwnd=219105
Initialize per-instance NSCC parameters: flowid 519 _base_rtt=11685600 _base_bdp=146070 _bdp=146070 _min_cwnd=4150 _maxwnd=219105 _cwnd=219105
Initialize per-instance NSCC parameters: flowid 520 _base_rtt=11685600 _base_bdp=146070 _bdp=146070 _min_cwnd=4150 _maxwnd=219105 _cwnd=219105
Initialize per-instance NSCC parameters: flowid 521 _base_rtt=11685600 _base_bdp=146070 _bdp=146070 _min_cwnd=4150 _maxwnd=219105 _cwnd=219105
Initialize per-instance NSCC parameters: flowid 522 _base_rtt=11685600 _base_bdp=146070 _bdp=146070 _min_cwnd=4150 _maxwnd=219105 _cwnd=219105
Initialize per-instance NSCC parameters: flowid 523 _base_rtt=11685600 _base_bdp=146070 _bdp=146070 _min_cwnd=4150 _maxwnd=219105 _cwnd=219105
Initialize per-instance NSCC parameters: flowid 524 _base_rtt=11685600 _base_bdp=146070 _bdp=146070 _min_cwnd=4150 _maxwnd=219105 _cwnd=219105
Initialize per-instance NSCC parameters: flowid 525 _base_rtt=11685600 _base_bdp=146070 _bdp=146070 _min_cwnd=4150 _maxwnd=219105 _cwnd=219105
Initialize per-instance NSCC parameters: flowid 526 _base_rtt=11685600 _base_bdp=146070 _bdp=146070 _min_cwnd=4150 _maxwnd=219105 _cwnd=219105
Initialize per-instance NSCC parameters: flowid 527 _base_rtt=11685600 _base_bdp=146070 _bdp=146070 _min_cwnd=4150 _maxwnd=219105 _cwnd=219105
Initialize per-instance NSCC parameters: flowid 528 _base_rtt=11685600 _base_bdp=146070 _bdp=146070 _min_cwnd=4150 _maxwnd=219105 _cwnd=219105
Initialize per-instance NSCC parameters: flowid 529 _base_rtt=11685600 _base_bdp=146070 _bdp=146070 _min_cwnd=4150 _maxwnd=219105 _cwnd=219105
Initialize per-instance NSCC parameters: flowid 530 _base_rtt=11685600 _base_bdp=146070 _bdp=146070 _min_cwnd=4150 _maxwnd=219105 _cwnd=219105
Initialize per-instance NSCC parameters: flowid 531 _base_rtt=11685600 _base_bdp=146070 _bdp=146070 _min_cwnd=4150 _maxwnd=219105 _cwnd=219105
Initialize per-instance NSCC parameters: flowid 532 _base_rtt=11685600 _base_bdp=146070 _bdp=146070 _min_cwnd=4150 _maxwnd=219105 _cwnd=219105
Initialize per-instance NSCC parameters: flowid 533 _base_rtt=11685600 _base_bdp=146070 _bdp=146070 _min_cwnd=4150 _maxwnd=219105 _cwnd=219105
Initialize per-instance NSCC parameters: flowid 534 _base_rtt=11685600 _base_bdp=146070 _bdp=146070 _min_cwnd=4150 _maxwnd=219105 _cwnd=219105
Initialize per-instance NSCC parameters: flowid 535 _base_rtt=11685600 _base_bdp=146070 _bdp=146070 _min_cwnd=4150 _maxwnd=219105 _cwnd=219105
Initialize per-instance NSCC parameters: flowid 536 _base_rtt=11685600 _base_bdp=146070 _bdp=146070 _min_cwnd=4150 _maxwnd=219105 _cwnd=219105
Initialize per-instance NSCC parameters: flowid 537 _base_rtt=11685600 _base_bdp=146070 _bdp=146070 _min_cwnd=4150 _maxwnd=219105 _cwnd=219105
Initialize per-instance NSCC parameters: flowid 538 _base_rtt=11685600 _base_bdp=146070 _bdp=146070 _min_cwnd=4150 _maxwnd=219105 _cwnd=219105
Initialize per-instance NSCC parameters: flowid 539 _base_rtt=11685600 _base_bdp=146070 _bdp=146070 _min_cwnd=4150 _maxwnd=219105 _cwnd=219105
Initialize per-instance NSCC parameters: flowid 540 _base_rtt=11685600 _base_bdp=146070 _bdp=146070 _min_cwnd=4150 _maxwnd=219105 _cwnd=219105
Initialize per-instance NSCC parameters: flowid 541 _base_rtt=11685600 _base_bdp=146070 _bdp=146070 _min_cwnd=4150 _maxwnd=219105 _cwnd=219105
Initialize per-instance NSCC parameters: flowid 542 _base_rtt=11685600 _base_bdp=146070 _bdp=146070 _min_cwnd=4150 _maxwnd=219105 _cwnd=219105
Initialize per-instance NSCC parameters: flowid 543 _base_rtt=11685600 _base_bdp=146070 _bdp=146070 _min_cwnd=4150 _maxwnd=219105 _cwnd=219105
Initialize per-instance NSCC parameters: flowid 544 _base_rtt=11685600 _base_bdp=146070 _bdp=146070 _min_cwnd=4150 _maxwnd=219105 _cwnd=219105
Initialize per-instance NSCC parameters: flowid 545 _base_rtt=11685600 _base_bdp=146070 _bdp=146070 _min_cwnd=4150 _maxwnd=219105 _cwnd=219105
Initialize per-instance NSCC parameters: flowid 546 _base_rtt=11685600 _base_bdp=146070 _bdp=146070 _min_cwnd=4150 _maxwnd=219105 _cwnd=219105
Initialize per-instance NSCC parameters: flowid 547 _base_rtt=11685600 _base_bdp=146070 _bdp=146070 _min_cwnd=4150 _maxwnd=219105 _cwnd=219105
Initialize per-instance NSCC parameters: flowid 548 _base_rtt=11685600 _base_bdp=146070 _bdp=146070 _min_cwnd=4150 _maxwnd=219105 _cwnd=219105
Initialize per-instance NSCC parameters: flowid 549 _base_rtt=11685600 _base_bdp=146070 _bdp=146070 _min_cwnd=4150 _maxwnd=219105 _cwnd=219105
Initialize per-instance NSCC parameters: flowid 550 _base_rtt=11685600 _base_bdp=146070 _bdp=146070 _min_cwnd=4150 _maxwnd=219105 _cwnd=219105
Initialize per-instance NSCC parameters: flowid 551 _base_rtt=11685600 _base_bdp=146070 _bdp=146070 _min_cwnd=4150 _maxwnd=219105 _cwnd=219105
Initialize per-instance NSCC parameters: flowid 552 _base_rtt=11685600 _base_bdp=146070 _bdp=146070 _min_cwnd=4150 _maxwnd=219105 _cwnd=219105
Initialize per-instance NSCC parameters: flowid 553 _base_rtt=11685600 _base_bdp=146070 _bdp=146070 _min_cwnd=4150 _maxwnd=219105 _cwnd=219105
Initialize per-instance NSCC parameters: flowid 554 _base_rtt=11685600 _base_bdp=146070 _bdp=146070 _min_cwnd=4150 _maxwnd=219105 _cwnd=219105
Initialize per-instance NSCC parameters: flowid 555 _base_rtt=11685600 _base_bdp=146070 _bdp=146070 _min_cwnd=4150 _maxwnd=219105 _cwnd=219105
Initialize per-instance NSCC parameters: flowid 556 _base_rtt=11685600 _base_bdp=146070 _bdp=146070 _min_cwnd=4150 _maxwnd=219105 _cwnd=219105
Initialize per-instance NSCC parameters: flowid 557 _base_rtt=11685600 _base_bdp=146070 _bdp=146070 _min_cwnd=4150 _maxwnd=219105 _cwnd=219105
Initialize per-instance NSCC parameters: flowid 558 _base_rtt=11685600 _base_bdp=146070 _bdp=146070 _min_cwnd=4150 _maxwnd=219105 _cwnd=219105
Initialize per-instance NSCC parameters: flowid 559 _base_rtt=11685600 _base_bdp=146070 _bdp=146070 _min_cwnd=4150 _maxwnd=219105 _cwnd=219105
Initialize per-instance NSCC parameters: flowid 560 _base_rtt=11685600 _base_bdp=146070 _bdp=146070 _min_cwnd=4150 _maxwnd=219105 _cwnd=219105
Initialize per-instance NSCC parameters: flowid 561 _base_rtt=11685600 _base_bdp=146070 _bdp=146070 _min_cwnd=4150 _maxwnd=219105 _cwnd=219105
Initialize per-instance NSCC parameters: flowid 562 _base_rtt=11685600 _base_bdp=146070 _bdp=146070 _min_cwnd=4150 _maxwnd=219105 _cwnd=219105
Initialize per-instance NSCC parameters: flowid 563 _base_rtt=11685600 _base_bdp=146070 _bdp=146070 _min_cwnd=4150 _maxwnd=219105 _cwnd=219105
Initialize per-instance NSCC parameters: flowid 564 _base_rtt=11685600 _base_bdp=146070 _bdp=146070 _min_cwnd=4150 _maxwnd=219105 _cwnd=219105
Initialize per-instance NSCC parameters: flowid 565 _base_rtt=11685600 _base_bdp=146070 _bdp=146070 _min_cwnd=4150 _maxwnd=219105 _cwnd=219105
Initialize per-instance NSCC parameters: flowid 566 _base_rtt=11685600 _base_bdp=146070 _bdp=146070 _min_cwnd=4150 _maxwnd=219105 _cwnd=219105
Initialize per-instance NSCC parameters: flowid 567 _base_rtt=11685600 _base_bdp=146070 _bdp=146070 _min_cwnd=4150 _maxwnd=219105 _cwnd=219105
Initialize per-instance NSCC parameters: flowid 568 _base_rtt=11685600 _base_bdp=146070 _bdp=146070 _min_cwnd=4150 _maxwnd=219105 _cwnd=219105
Initialize per-instance NSCC parameters: flowid 569 _base_rtt=11685600 _base_bdp=146070 _bdp=146070 _min_cwnd=4150 _maxwnd=219105 _cwnd=219105
Initialize per-instance NSCC parameters: flowid 570 _base_rtt=11685600 _base_bdp=146070 _bdp=146070 _min_cwnd=4150 _maxwnd=219105 _cwnd=219105
Initialize per-instance NSCC parameters: flowid 571 _base_rtt=11685600 _base_bdp=146070 _bdp=146070 _min_cwnd=4150 _maxwnd=219105 _cwnd=219105
Initialize per-instance NSCC parameters: flowid 572 _base_rtt=11685600 _base_bdp=146070 _bdp=146070 _min_cwnd=4150 _maxwnd=219105 _cwnd=219105
Initialize per-instance NSCC parameters: flowid 573 _base_rtt=11685600 _base_bdp=146070 _bdp=146070 _min_cwnd=4150 _maxwnd=219105 _cwnd=219105
Initialize per-instance NSCC parameters: flowid 574 _base_rtt=11685600 _base_bdp=146070 _bdp=146070 _min_cwnd=4150 _maxwnd=219105 _cwnd=219105
Initialize per-instance NSCC parameters: flowid 575 _base_rtt=11685600 _base_bdp=146070 _bdp=146070 _min_cwnd=4150 _maxwnd=219105 _cwnd=219105
Initialize per-instance NSCC parameters: flowid 576 _base_rtt=11685600 _base_bdp=146070 _bdp=146070 _min_cwnd=4150 _maxwnd=219105 _cwnd=219105
Initialize per-instance NSCC parameters: flowid 577 _base_rtt=11685600 _base_bdp=146070 _bdp=146070 _min_cwnd=4150 _maxwnd=219105 _cwnd=219105
Initialize per-instance NSCC parameters: flowid 578 _base_rtt=11685600 _base_bdp=146070 _bdp=146070 _min_cwnd=4150 _maxwnd=219105 _cwnd=219105
Initialize per-instance NSCC parameters: flowid 579 _base_rtt=11685600 _base_bdp=146070 _bdp=146070 _min_cwnd=4150 _maxwnd=219105 _cwnd=219105
Initialize per-instance NSCC parameters: flowid 580 _base_rtt=11685600 _base_bdp=146070 _bdp=146070 _min_cwnd=4150 _maxwnd=219105 _cwnd=219105
Initialize per-instance NSCC parameters: flowid 581 _base_rtt=11685600 _base_bdp=146070 _bdp=146070 _min_cwnd=4150 _maxwnd=219105 _cwnd=219105
Initialize per-instance NSCC parameters: flowid 582 _base_rtt=11685600 _base_bdp=146070 _bdp=146070 _min_cwnd=4150 _maxwnd=219105 _cwnd=219105
Initialize per-instance NSCC parameters: flowid 583 _base_rtt=11685600 _base_bdp=146070 _bdp=146070 _min_cwnd=4150 _maxwnd=219105 _cwnd=219105
Initialize per-instance NSCC parameters: flowid 584 _base_rtt=11685600 _base_bdp=146070 _bdp=146070 _min_cwnd=4150 _maxwnd=219105 _cwnd=219105
Initialize per-instance NSCC parameters: flowid 585 _base_rtt=11685600 _base_bdp=146070 _bdp=146070 _min_cwnd=4150 _maxwnd=219105 _cwnd=219105
Initialize per-instance NSCC parameters: flowid 586 _base_rtt=11685600 _base_bdp=146070 _bdp=146070 _min_cwnd=4150 _maxwnd=219105 _cwnd=219105
Initialize per-instance NSCC parameters: flowid 587 _base_rtt=11685600 _base_bdp=146070 _bdp=146070 _min_cwnd=4150 _maxwnd=219105 _cwnd=219105
Initialize per-instance NSCC parameters: flowid 588 _base_rtt=11685600 _base_bdp=146070 _bdp=146070 _min_cwnd=4150 _maxwnd=219105 _cwnd=219105
Initialize per-instance NSCC parameters: flowid 589 _base_rtt=11685600 _base_bdp=146070 _bdp=146070 _min_cwnd=4150 _maxwnd=219105 _cwnd=219105
Initialize per-instance NSCC parameters: flowid 590 _base_rtt=11685600 _base_bdp=146070 _bdp=146070 _min_cwnd=4150 _maxwnd=219105 _cwnd=219105
Initialize per-instance NSCC parameters: flowid 591 _base_rtt=11685600 _base_bdp=146070 _bdp=146070 _min_cwnd=4150 _maxwnd=219105 _cwnd=219105
Initialize per-instance NSCC parameters: flowid 592 _base_rtt=11685600 _base_bdp=146070 _bdp=146070 _min_cwnd=4150 _maxwnd=219105 _cwnd=219105
Initialize per-instance NSCC parameters: flowid 593 _base_rtt=11685600 _base_bdp=146070 _bdp=146070 _min_cwnd=4150 _maxwnd=219105 _cwnd=219105
Initialize per-instance NSCC parameters: flowid 594 _base_rtt=11685600 _base_bdp=146070 _bdp=146070 _min_cwnd=4150 _maxwnd=219105 _cwnd=219105
Initialize per-instance NSCC parameters: flowid 595 _base_rtt=11685600 _base_bdp=146070 _bdp=146070 _min_cwnd=4150 _maxwnd=219105 _cwnd=219105
Initialize per-instance NSCC parameters: flowid 596 _base_rtt=11685600 _base_bdp=146070 _bdp=146070 _min_cwnd=4150 _maxwnd=219105 _cwnd=219105
Initialize per-instance NSCC parameters: flowid 597 _base_rtt=11685600 _base_bdp=146070 _bdp=146070 _min_cwnd=4150 _maxwnd=219105 _cwnd=219105
Initialize per-instance NSCC parameters: flowid 598 _base_rtt=11685600 _base_bdp=146070 _bdp=146070 _min_cwnd=4150 _maxwnd=219105 _cwnd=219105
Initialize per-instance NSCC parameters: flowid 599 _base_rtt=11685600 _base_bdp=146070 _bdp=146070 _min_cwnd=4150 _maxwnd=219105 _cwnd=219105
Initialize per-instance NSCC parameters: flowid 600 _base_rtt=11685600 _base_bdp=146070 _bdp=146070 _min_cwnd=4150 _maxwnd=219105 _cwnd=219105
Initialize per-instance NSCC parameters: flowid 601 _base_rtt=11685600 _base_bdp=146070 _bdp=146070 _min_cwnd=4150 _maxwnd=219105 _cwnd=219105
Initialize per-instance NSCC parameters: flowid 602 _base_rtt=11685600 _base_bdp=146070 _bdp=146070 _min_cwnd=4150 _maxwnd=219105 _cwnd=219105
Initialize per-instance NSCC parameters: flowid 603 _base_rtt=11685600 _base_bdp=146070 _bdp=146070 _min_cwnd=4150 _maxwnd=219105 _cwnd=219105
Initialize per-instance NSCC parameters: flowid 604 _base_rtt=11685600 _base_bdp=146070 _bdp=146070 _min_cwnd=4150 _maxwnd=219105 _cwnd=219105
Initialize per-instance NSCC parameters: flowid 605 _base_rtt=11685600 _base_bdp=146070 _bdp=146070 _min_cwnd=4150 _maxwnd=219105 _cwnd=219105
Initialize per-instance NSCC parameters: flowid 606 _base_rtt=11685600 _base_bdp=146070 _bdp=146070 _min_cwnd=4150 _maxwnd=219105 _cwnd=219105
Initialize per-instance NSCC parameters: flowid 607 _base_rtt=11685600 _base_bdp=146070 _bdp=146070 _min_cwnd=4150 _maxwnd=219105 _cwnd=219105
Initialize per-instance NSCC parameters: flowid 608 _base_rtt=11685600 _base_bdp=146070 _bdp=146070 _min_cwnd=4150 _maxwnd=219105 _cwnd=219105
Initialize per-instance NSCC parameters: flowid 609 _base_rtt=11685600 _base_bdp=146070 _bdp=146070 _min_cwnd=4150 _maxwnd=219105 _cwnd=219105
Initialize per-instance NSCC parameters: flowid 610 _base_rtt=11685600 _base_bdp=146070 _bdp=146070 _min_cwnd=4150 _maxwnd=219105 _cwnd=219105
Initialize per-instance NSCC parameters: flowid 611 _base_rtt=11685600 _base_bdp=146070 _bdp=146070 _min_cwnd=4150 _maxwnd=219105 _cwnd=219105
Initialize per-instance NSCC parameters: flowid 612 _base_rtt=11685600 _base_bdp=146070 _bdp=146070 _min_cwnd=4150 _maxwnd=219105 _cwnd=219105
Initialize per-instance NSCC parameters: flowid 613 _base_rtt=11685600 _base_bdp=146070 _bdp=146070 _min_cwnd=4150 _maxwnd=219105 _cwnd=219105
Initialize per-instance NSCC parameters: flowid 614 _base_rtt=11685600 _base_bdp=146070 _bdp=146070 _min_cwnd=4150 _maxwnd=219105 _cwnd=219105
Initialize per-instance NSCC parameters: flowid 615 _base_rtt=11685600 _base_bdp=146070 _bdp=146070 _min_cwnd=4150 _maxwnd=219105 _cwnd=219105
Initialize per-instance NSCC parameters: flowid 616 _base_rtt=11685600 _base_bdp=146070 _bdp=146070 _min_cwnd=4150 _maxwnd=219105 _cwnd=219105
Initialize per-instance NSCC parameters: flowid 617 _base_rtt=11685600 _base_bdp=146070 _bdp=146070 _min_cwnd=4150 _maxwnd=219105 _cwnd=219105
Initialize per-instance NSCC parameters: flowid 618 _base_rtt=11685600 _base_bdp=146070 _bdp=146070 _min_cwnd=4150 _maxwnd=219105 _cwnd=219105
Initialize per-instance NSCC parameters: flowid 619 _base_rtt=11685600 _base_bdp=146070 _bdp=146070 _min_cwnd=4150 _maxwnd=219105 _cwnd=219105
Initialize per-instance NSCC parameters: flowid 620 _base_rtt=11685600 _base_bdp=146070 _bdp=146070 _min_cwnd=4150 _maxwnd=219105 _cwnd=219105
Initialize per-instance NSCC parameters: flowid 621 _base_rtt=11685600 _base_bdp=146070 _bdp=146070 _min_cwnd=4150 _maxwnd=219105 _cwnd=219105
Initialize per-instance NSCC parameters: flowid 622 _base_rtt=11685600 _base_bdp=146070 _bdp=146070 _min_cwnd=4150 _maxwnd=219105 _cwnd=219105
Initialize per-instance NSCC parameters: flowid 623 _base_rtt=11685600 _base_bdp=146070 _bdp=146070 _min_cwnd=4150 _maxwnd=219105 _cwnd=219105
Initialize per-instance NSCC parameters: flowid 624 _base_rtt=11685600 _base_bdp=146070 _bdp=146070 _min_cwnd=4150 _maxwnd=219105 _cwnd=219105
Initialize per-instance NSCC parameters: flowid 625 _base_rtt=11685600 _base_bdp=146070 _bdp=146070 _min_cwnd=4150 _maxwnd=219105 _cwnd=219105
Initialize per-instance NSCC parameters: flowid 626 _base_rtt=11685600 _base_bdp=146070 _bdp=146070 _min_cwnd=4150 _maxwnd=219105 _cwnd=219105
Initialize per-instance NSCC parameters: flowid 627 _base_rtt=11685600 _base_bdp=146070 _bdp=146070 _min_cwnd=4150 _maxwnd=219105 _cwnd=219105
Initialize per-instance NSCC parameters: flowid 628 _base_rtt=11685600 _base_bdp=146070 _bdp=146070 _min_cwnd=4150 _maxwnd=219105 _cwnd=219105
Initialize per-instance NSCC parameters: flowid 629 _base_rtt=11685600 _base_bdp=146070 _bdp=146070 _min_cwnd=4150 _maxwnd=219105 _cwnd=219105
Initialize per-instance NSCC parameters: flowid 630 _base_rtt=11685600 _base_bdp=146070 _bdp=146070 _min_cwnd=4150 _maxwnd=219105 _cwnd=219105
Initialize per-instance NSCC parameters: flowid 631 _base_rtt=11685600 _base_bdp=146070 _bdp=146070 _min_cwnd=4150 _maxwnd=219105 _cwnd=219105
Initialize per-instance NSCC parameters: flowid 632 _base_rtt=11685600 _base_bdp=146070 _bdp=146070 _min_cwnd=4150 _maxwnd=219105 _cwnd=219105
Initialize per-instance NSCC parameters: flowid 633 _base_rtt=11685600 _base_bdp=146070 _bdp=146070 _min_cwnd=4150 _maxwnd=219105 _cwnd=219105
Initialize per-instance NSCC parameters: flowid 634 _base_rtt=11685600 _base_bdp=146070 _bdp=146070 _min_cwnd=4150 _maxwnd=219105 _cwnd=219105
Initialize per-instance NSCC parameters: flowid 635 _base_rtt=11685600 _base_bdp=146070 _bdp=146070 _min_cwnd=4150 _maxwnd=219105 _cwnd=219105
Initialize per-instance NSCC parameters: flowid 636 _base_rtt=11685600 _base_bdp=146070 _bdp=146070 _min_cwnd=4150 _maxwnd=219105 _cwnd=219105
Initialize per-instance NSCC parameters: flowid 637 _base_rtt=11685600 _base_bdp=146070 _bdp=146070 _min_cwnd=4150 _maxwnd=219105 _cwnd=219105
Initialize per-instance NSCC parameters: flowid 638 _base_rtt=11685600 _base_bdp=146070 _bdp=146070 _min_cwnd=4150 _maxwnd=219105 _cwnd=219105
Initialize per-instance NSCC parameters: flowid 639 _base_rtt=11685600 _base_bdp=146070 _bdp=146070 _min_cwnd=4150 _maxwnd=219105 _cwnd=219105
Initialize per-instance NSCC parameters: flowid 640 _base_rtt=11685600 _base_bdp=146070 _bdp=146070 _min_cwnd=4150 _maxwnd=219105 _cwnd=219105
Initialize per-instance NSCC parameters: flowid 641 _base_rtt=11685600 _base_bdp=146070 _bdp=146070 _min_cwnd=4150 _maxwnd=219105 _cwnd=219105
Initialize per-instance NSCC parameters: flowid 642 _base_rtt=11685600 _base_bdp=146070 _bdp=146070 _min_cwnd=4150 _maxwnd=219105 _cwnd=219105
Initialize per-instance NSCC parameters: flowid 643 _base_rtt=11685600 _base_bdp=146070 _bdp=146070 _min_cwnd=4150 _maxwnd=219105 _cwnd=219105
Initialize per-instance NSCC parameters: flowid 644 _base_rtt=11685600 _base_bdp=146070 _bdp=146070 _min_cwnd=4150 _maxwnd=219105 _cwnd=219105
Initialize per-instance NSCC parameters: flowid 645 _base_rtt=11685600 _base_bdp=146070 _bdp=146070 _min_cwnd=4150 _maxwnd=219105 _cwnd=219105
Initialize per-instance NSCC parameters: flowid 646 _base_rtt=11685600 _base_bdp=146070 _bdp=146070 _min_cwnd=4150 _maxwnd=219105 _cwnd=219105
Initialize per-instance NSCC parameters: flowid 647 _base_rtt=11685600 _base_bdp=146070 _bdp=146070 _min_cwnd=4150 _maxwnd=219105 _cwnd=219105
Initialize per-instance NSCC parameters: flowid 648 _base_rtt=11685600 _base_bdp=146070 _bdp=146070 _min_cwnd=4150 _maxwnd=219105 _cwnd=219105
Initialize per-instance NSCC parameters: flowid 649 _base_rtt=11685600 _base_bdp=146070 _bdp=146070 _min_cwnd=4150 _maxwnd=219105 _cwnd=219105
Initialize per-instance NSCC parameters: flowid 650 _base_rtt=11685600 _base_bdp=146070 _bdp=146070 _min_cwnd=4150 _maxwnd=219105 _cwnd=219105
Initialize per-instance NSCC parameters: flowid 651 _base_rtt=11685600 _base_bdp=146070 _bdp=146070 _min_cwnd=4150 _maxwnd=219105 _cwnd=219105
Initialize per-instance NSCC parameters: flowid 652 _base_rtt=11685600 _base_bdp=146070 _bdp=146070 _min_cwnd=4150 _maxwnd=219105 _cwnd=219105
Initialize per-instance NSCC parameters: flowid 653 _base_rtt=11685600 _base_bdp=146070 _bdp=146070 _min_cwnd=4150 _maxwnd=219105 _cwnd=219105
Initialize per-instance NSCC parameters: flowid 654 _base_rtt=11685600 _base_bdp=146070 _bdp=146070 _min_cwnd=4150 _maxwnd=219105 _cwnd=219105
Initialize per-instance NSCC parameters: flowid 655 _base_rtt=11685600 _base_bdp=146070 _bdp=146070 _min_cwnd=4150 _maxwnd=219105 _cwnd=219105
Initialize per-instance NSCC parameters: flowid 656 _base_rtt=11685600 _base_bdp=146070 _bdp=146070 _min_cwnd=4150 _maxwnd=219105 _cwnd=219105
Initialize per-instance NSCC parameters: flowid 657 _base_rtt=11685600 _base_bdp=146070 _bdp=146070 _min_cwnd=4150 _maxwnd=219105 _cwnd=219105
Initialize per-instance NSCC parameters: flowid 658 _base_rtt=11685600 _base_bdp=146070 _bdp=146070 _min_cwnd=4150 _maxwnd=219105 _cwnd=219105
Initialize per-instance NSCC parameters: flowid 659 _base_rtt=11685600 _base_bdp=146070 _bdp=146070 _min_cwnd=4150 _maxwnd=219105 _cwnd=219105
Initialize per-instance NSCC parameters: flowid 660 _base_rtt=11685600 _base_bdp=146070 _bdp=146070 _min_cwnd=4150 _maxwnd=219105 _cwnd=219105
Initialize per-instance NSCC parameters: flowid 661 _base_rtt=11685600 _base_bdp=146070 _bdp=146070 _min_cwnd=4150 _maxwnd=219105 _cwnd=219105
Initialize per-instance NSCC parameters: flowid 662 _base_rtt=11685600 _base_bdp=146070 _bdp=146070 _min_cwnd=4150 _maxwnd=219105 _cwnd=219105
Initialize per-instance NSCC parameters: flowid 663 _base_rtt=11685600 _base_bdp=146070 _bdp=146070 _min_cwnd=4150 _maxwnd=219105 _cwnd=219105
Initialize per-instance NSCC parameters: flowid 664 _base_rtt=11685600 _base_bdp=146070 _bdp=146070 _min_cwnd=4150 _maxwnd=219105 _cwnd=219105
Initialize per-instance NSCC parameters: flowid 665 _base_rtt=11685600 _base_bdp=146070 _bdp=146070 _min_cwnd=4150 _maxwnd=219105 _cwnd=219105
Initialize per-instance NSCC parameters: flowid 666 _base_rtt=11685600 _base_bdp=146070 _bdp=146070 _min_cwnd=4150 _maxwnd=219105 _cwnd=219105
Initialize per-instance NSCC parameters: flowid 667 _base_rtt=11685600 _base_bdp=146070 _bdp=146070 _min_cwnd=4150 _maxwnd=219105 _cwnd=219105
Initialize per-instance NSCC parameters: flowid 668 _base_rtt=11685600 _base_bdp=146070 _bdp=146070 _min_cwnd=4150 _maxwnd=219105 _cwnd=219105
Initialize per-instance NSCC parameters: flowid 669 _base_rtt=11685600 _base_bdp=146070 _bdp=146070 _min_cwnd=4150 _maxwnd=219105 _cwnd=219105
Initialize per-instance NSCC parameters: flowid 670 _base_rtt=11685600 _base_bdp=146070 _bdp=146070 _min_cwnd=4150 _maxwnd=219105 _cwnd=219105
Initialize per-instance NSCC parameters: flowid 671 _base_rtt=11685600 _base_bdp=146070 _bdp=146070 _min_cwnd=4150 _maxwnd=219105 _cwnd=219105
Initialize per-instance NSCC parameters: flowid 672 _base_rtt=11685600 _base_bdp=146070 _bdp=146070 _min_cwnd=4150 _maxwnd=219105 _cwnd=219105
Initialize per-instance NSCC parameters: flowid 673 _base_rtt=11685600 _base_bdp=146070 _bdp=146070 _min_cwnd=4150 _maxwnd=219105 _cwnd=219105
Initialize per-instance NSCC parameters: flowid 674 _base_rtt=11685600 _base_bdp=146070 _bdp=146070 _min_cwnd=4150 _maxwnd=219105 _cwnd=219105
Initialize per-instance NSCC parameters: flowid 675 _base_rtt=11685600 _base_bdp=146070 _bdp=146070 _min_cwnd=4150 _maxwnd=219105 _cwnd=219105
Initialize per-instance NSCC parameters: flowid 676 _base_rtt=11685600 _base_bdp=146070 _bdp=146070 _min_cwnd=4150 _maxwnd=219105 _cwnd=219105
Initialize per-instance NSCC parameters: flowid 677 _base_rtt=11685600 _base_bdp=146070 _bdp=146070 _min_cwnd=4150 _maxwnd=219105 _cwnd=219105
Initialize per-instance NSCC parameters: flowid 678 _base_rtt=11685600 _base_bdp=146070 _bdp=146070 _min_cwnd=4150 _maxwnd=219105 _cwnd=219105
Initialize per-instance NSCC parameters: flowid 679 _base_rtt=11685600 _base_bdp=146070 _bdp=146070 _min_cwnd=4150 _maxwnd=219105 _cwnd=219105
Initialize per-instance NSCC parameters: flowid 680 _base_rtt=11685600 _base_bdp=146070 _bdp=146070 _min_cwnd=4150 _maxwnd=219105 _cwnd=219105
Initialize per-instance NSCC parameters: flowid 681 _base_rtt=11685600 _base_bdp=146070 _bdp=146070 _min_cwnd=4150 _maxwnd=219105 _cwnd=219105
Initialize per-instance NSCC parameters: flowid 682 _base_rtt=11685600 _base_bdp=146070 _bdp=146070 _min_cwnd=4150 _maxwnd=219105 _cwnd=219105
Initialize per-instance NSCC parameters: flowid 683 _base_rtt=11685600 _base_bdp=146070 _bdp=146070 _min_cwnd=4150 _maxwnd=219105 _cwnd=219105
Initialize per-instance NSCC parameters: flowid 684 _base_rtt=11685600 _base_bdp=146070 _bdp=146070 _min_cwnd=4150 _maxwnd=219105 _cwnd=219105
Initialize per-instance NSCC parameters: flowid 685 _base_rtt=11685600 _base_bdp=146070 _bdp=146070 _min_cwnd=4150 _maxwnd=219105 _cwnd=219105
Initialize per-instance NSCC parameters: flowid 686 _base_rtt=11685600 _base_bdp=146070 _bdp=146070 _min_cwnd=4150 _maxwnd=219105 _cwnd=219105
Initialize per-instance NSCC parameters: flowid 687 _base_rtt=11685600 _base_bdp=146070 _bdp=146070 _min_cwnd=4150 _maxwnd=219105 _cwnd=219105
Initialize per-instance NSCC parameters: flowid 688 _base_rtt=11685600 _base_bdp=146070 _bdp=146070 _min_cwnd=4150 _maxwnd=219105 _cwnd=219105
Initialize per-instance NSCC parameters: flowid 689 _base_rtt=11685600 _base_bdp=146070 _bdp=146070 _min_cwnd=4150 _maxwnd=219105 _cwnd=219105
Initialize per-instance NSCC parameters: flowid 690 _base_rtt=11685600 _base_bdp=146070 _bdp=146070 _min_cwnd=4150 _maxwnd=219105 _cwnd=219105
Initialize per-instance NSCC parameters: flowid 691 _base_rtt=11685600 _base_bdp=146070 _bdp=146070 _min_cwnd=4150 _maxwnd=219105 _cwnd=219105
Initialize per-instance NSCC parameters: flowid 692 _base_rtt=11685600 _base_bdp=146070 _bdp=146070 _min_cwnd=4150 _maxwnd=219105 _cwnd=219105
Initialize per-instance NSCC parameters: flowid 693 _base_rtt=11685600 _base_bdp=146070 _bdp=146070 _min_cwnd=4150 _maxwnd=219105 _cwnd=219105
Initialize per-instance NSCC parameters: flowid 694 _base_rtt=11685600 _base_bdp=146070 _bdp=146070 _min_cwnd=4150 _maxwnd=219105 _cwnd=219105
Initialize per-instance NSCC parameters: flowid 695 _base_rtt=11685600 _base_bdp=146070 _bdp=146070 _min_cwnd=4150 _maxwnd=219105 _cwnd=219105
Initialize per-instance NSCC parameters: flowid 696 _base_rtt=11685600 _base_bdp=146070 _bdp=146070 _min_cwnd=4150 _maxwnd=219105 _cwnd=219105
Initialize per-instance NSCC parameters: flowid 697 _base_rtt=11685600 _base_bdp=146070 _bdp=146070 _min_cwnd=4150 _maxwnd=219105 _cwnd=219105
Initialize per-instance NSCC parameters: flowid 698 _base_rtt=11685600 _base_bdp=146070 _bdp=146070 _min_cwnd=4150 _maxwnd=219105 _cwnd=219105
Initialize per-instance NSCC parameters: flowid 699 _base_rtt=11685600 _base_bdp=146070 _bdp=146070 _min_cwnd=4150 _maxwnd=219105 _cwnd=219105
Initialize per-instance NSCC parameters: flowid 700 _base_rtt=11685600 _base_bdp=146070 _bdp=146070 _min_cwnd=4150 _maxwnd=219105 _cwnd=219105
Initialize per-instance NSCC parameters: flowid 701 _base_rtt=11685600 _base_bdp=146070 _bdp=146070 _min_cwnd=4150 _maxwnd=219105 _cwnd=219105
Initialize per-instance NSCC parameters: flowid 702 _base_rtt=11685600 _base_bdp=146070 _bdp=146070 _min_cwnd=4150 _maxwnd=219105 _cwnd=219105
Initialize per-instance NSCC parameters: flowid 703 _base_rtt=11685600 _base_bdp=146070 _bdp=146070 _min_cwnd=4150 _maxwnd=219105 _cwnd=219105
Initialize per-instance NSCC parameters: flowid 704 _base_rtt=11685600 _base_bdp=146070 _bdp=146070 _min_cwnd=4150 _maxwnd=219105 _cwnd=219105
Initialize per-instance NSCC parameters: flowid 705 _base_rtt=11685600 _base_bdp=146070 _bdp=146070 _min_cwnd=4150 _maxwnd=219105 _cwnd=219105
Initialize per-instance NSCC parameters: flowid 706 _base_rtt=11685600 _base_bdp=146070 _bdp=146070 _min_cwnd=4150 _maxwnd=219105 _cwnd=219105
Initialize per-instance NSCC parameters: flowid 707 _base_rtt=11685600 _base_bdp=146070 _bdp=146070 _min_cwnd=4150 _maxwnd=219105 _cwnd=219105
Initialize per-instance NSCC parameters: flowid 708 _base_rtt=11685600 _base_bdp=146070 _bdp=146070 _min_cwnd=4150 _maxwnd=219105 _cwnd=219105
Initialize per-instance NSCC parameters: flowid 709 _base_rtt=11685600 _base_bdp=146070 _bdp=146070 _min_cwnd=4150 _maxwnd=219105 _cwnd=219105
Initialize per-instance NSCC parameters: flowid 710 _base_rtt=11685600 _base_bdp=146070 _bdp=146070 _min_cwnd=4150 _maxwnd=219105 _cwnd=219105
Initialize per-instance NSCC parameters: flowid 711 _base_rtt=11685600 _base_bdp=146070 _bdp=146070 _min_cwnd=4150 _maxwnd=219105 _cwnd=219105
Initialize per-instance NSCC parameters: flowid 712 _base_rtt=11685600 _base_bdp=146070 _bdp=146070 _min_cwnd=4150 _maxwnd=219105 _cwnd=219105
Initialize per-instance NSCC parameters: flowid 713 _base_rtt=11685600 _base_bdp=146070 _bdp=146070 _min_cwnd=4150 _maxwnd=219105 _cwnd=219105
Initialize per-instance NSCC parameters: flowid 714 _base_rtt=11685600 _base_bdp=146070 _bdp=146070 _min_cwnd=4150 _maxwnd=219105 _cwnd=219105
Initialize per-instance NSCC parameters: flowid 715 _base_rtt=11685600 _base_bdp=146070 _bdp=146070 _min_cwnd=4150 _maxwnd=219105 _cwnd=219105
Initialize per-instance NSCC parameters: flowid 716 _base_rtt=11685600 _base_bdp=146070 _bdp=146070 _min_cwnd=4150 _maxwnd=219105 _cwnd=219105
Initialize per-instance NSCC parameters: flowid 717 _base_rtt=11685600 _base_bdp=146070 _bdp=146070 _min_cwnd=4150 _maxwnd=219105 _cwnd=219105
Initialize per-instance NSCC parameters: flowid 718 _base_rtt=11685600 _base_bdp=146070 _bdp=146070 _min_cwnd=4150 _maxwnd=219105 _cwnd=219105
Initialize per-instance NSCC parameters: flowid 719 _base_rtt=11685600 _base_bdp=146070 _bdp=146070 _min_cwnd=4150 _maxwnd=219105 _cwnd=219105
Initialize per-instance NSCC parameters: flowid 720 _base_rtt=11685600 _base_bdp=146070 _bdp=146070 _min_cwnd=4150 _maxwnd=219105 _cwnd=219105
Initialize per-instance NSCC parameters: flowid 721 _base_rtt=11685600 _base_bdp=146070 _bdp=146070 _min_cwnd=4150 _maxwnd=219105 _cwnd=219105
Initialize per-instance NSCC parameters: flowid 722 _base_rtt=11685600 _base_bdp=146070 _bdp=146070 _min_cwnd=4150 _maxwnd=219105 _cwnd=219105
Initialize per-instance NSCC parameters: flowid 723 _base_rtt=11685600 _base_bdp=146070 _bdp=146070 _min_cwnd=4150 _maxwnd=219105 _cwnd=219105
Initialize per-instance NSCC parameters: flowid 724 _base_rtt=11685600 _base_bdp=146070 _bdp=146070 _min_cwnd=4150 _maxwnd=219105 _cwnd=219105
Initialize per-instance NSCC parameters: flowid 725 _base_rtt=11685600 _base_bdp=146070 _bdp=146070 _min_cwnd=4150 _maxwnd=219105 _cwnd=219105
Initialize per-instance NSCC parameters: flowid 726 _base_rtt=11685600 _base_bdp=146070 _bdp=146070 _min_cwnd=4150 _maxwnd=219105 _cwnd=219105
Initialize per-instance NSCC parameters: flowid 727 _base_rtt=11685600 _base_bdp=146070 _bdp=146070 _min_cwnd=4150 _maxwnd=219105 _cwnd=219105
Initialize per-instance NSCC parameters: flowid 728 _base_rtt=11685600 _base_bdp=146070 _bdp=146070 _min_cwnd=4150 _maxwnd=219105 _cwnd=219105
Initialize per-instance NSCC parameters: flowid 729 _base_rtt=11685600 _base_bdp=146070 _bdp=146070 _min_cwnd=4150 _maxwnd=219105 _cwnd=219105
Initialize per-instance NSCC parameters: flowid 730 _base_rtt=11685600 _base_bdp=146070 _bdp=146070 _min_cwnd=4150 _maxwnd=219105 _cwnd=219105
Initialize per-instance NSCC parameters: flowid 731 _base_rtt=11685600 _base_bdp=146070 _bdp=146070 _min_cwnd=4150 _maxwnd=219105 _cwnd=219105
Initialize per-instance NSCC parameters: flowid 732 _base_rtt=11685600 _base_bdp=146070 _bdp=146070 _min_cwnd=4150 _maxwnd=219105 _cwnd=219105
Initialize per-instance NSCC parameters: flowid 733 _base_rtt=11685600 _base_bdp=146070 _bdp=146070 _min_cwnd=4150 _maxwnd=219105 _cwnd=219105
Initialize per-instance NSCC parameters: flowid 734 _base_rtt=11685600 _base_bdp=146070 _bdp=146070 _min_cwnd=4150 _maxwnd=219105 _cwnd=219105
Initialize per-instance NSCC parameters: flowid 735 _base_rtt=11685600 _base_bdp=146070 _bdp=146070 _min_cwnd=4150 _maxwnd=219105 _cwnd=219105
Initialize per-instance NSCC parameters: flowid 736 _base_rtt=11685600 _base_bdp=146070 _bdp=146070 _min_cwnd=4150 _maxwnd=219105 _cwnd=219105
Initialize per-instance NSCC parameters: flowid 737 _base_rtt=11685600 _base_bdp=146070 _bdp=146070 _min_cwnd=4150 _maxwnd=219105 _cwnd=219105
Initialize per-instance NSCC parameters: flowid 738 _base_rtt=11685600 _base_bdp=146070 _bdp=146070 _min_cwnd=4150 _maxwnd=219105 _cwnd=219105
Initialize per-instance NSCC parameters: flowid 739 _base_rtt=11685600 _base_bdp=146070 _bdp=146070 _min_cwnd=4150 _maxwnd=219105 _cwnd=219105
Initialize per-instance NSCC parameters: flowid 740 _base_rtt=11685600 _base_bdp=146070 _bdp=146070 _min_cwnd=4150 _maxwnd=219105 _cwnd=219105
Initialize per-instance NSCC parameters: flowid 741 _base_rtt=11685600 _base_bdp=146070 _bdp=146070 _min_cwnd=4150 _maxwnd=219105 _cwnd=219105
Initialize per-instance NSCC parameters: flowid 742 _base_rtt=11685600 _base_bdp=146070 _bdp=146070 _min_cwnd=4150 _maxwnd=219105 _cwnd=219105
Initialize per-instance NSCC parameters: flowid 743 _base_rtt=11685600 _base_bdp=146070 _bdp=146070 _min_cwnd=4150 _maxwnd=219105 _cwnd=219105
Initialize per-instance NSCC parameters: flowid 744 _base_rtt=11685600 _base_bdp=146070 _bdp=146070 _min_cwnd=4150 _maxwnd=219105 _cwnd=219105
Initialize per-instance NSCC parameters: flowid 745 _base_rtt=11685600 _base_bdp=146070 _bdp=146070 _min_cwnd=4150 _maxwnd=219105 _cwnd=219105
Initialize per-instance NSCC parameters: flowid 746 _base_rtt=11685600 _base_bdp=146070 _bdp=146070 _min_cwnd=4150 _maxwnd=219105 _cwnd=219105
Initialize per-instance NSCC parameters: flowid 747 _base_rtt=11685600 _base_bdp=146070 _bdp=146070 _min_cwnd=4150 _maxwnd=219105 _cwnd=219105
Initialize per-instance NSCC parameters: flowid 748 _base_rtt=11685600 _base_bdp=146070 _bdp=146070 _min_cwnd=4150 _maxwnd=219105 _cwnd=219105
Initialize per-instance NSCC parameters: flowid 749 _base_rtt=11685600 _base_bdp=146070 _bdp=146070 _min_cwnd=4150 _maxwnd=219105 _cwnd=219105
Initialize per-instance NSCC parameters: flowid 750 _base_rtt=11685600 _base_bdp=146070 _bdp=146070 _min_cwnd=4150 _maxwnd=219105 _cwnd=219105
Initialize per-instance NSCC parameters: flowid 751 _base_rtt=11685600 _base_bdp=146070 _bdp=146070 _min_cwnd=4150 _maxwnd=219105 _cwnd=219105
Initialize per-instance NSCC parameters: flowid 752 _base_rtt=11685600 _base_bdp=146070 _bdp=146070 _min_cwnd=4150 _maxwnd=219105 _cwnd=219105
Initialize per-instance NSCC parameters: flowid 753 _base_rtt=11685600 _base_bdp=146070 _bdp=146070 _min_cwnd=4150 _maxwnd=219105 _cwnd=219105
Initialize per-instance NSCC parameters: flowid 754 _base_rtt=11685600 _base_bdp=146070 _bdp=146070 _min_cwnd=4150 _maxwnd=219105 _cwnd=219105
Initialize per-instance NSCC parameters: flowid 755 _base_rtt=11685600 _base_bdp=146070 _bdp=146070 _min_cwnd=4150 _maxwnd=219105 _cwnd=219105
Initialize per-instance NSCC parameters: flowid 756 _base_rtt=11685600 _base_bdp=146070 _bdp=146070 _min_cwnd=4150 _maxwnd=219105 _cwnd=219105
Initialize per-instance NSCC parameters: flowid 757 _base_rtt=11685600 _base_bdp=146070 _bdp=146070 _min_cwnd=4150 _maxwnd=219105 _cwnd=219105
Initialize per-instance NSCC parameters: flowid 758 _base_rtt=11685600 _base_bdp=146070 _bdp=146070 _min_cwnd=4150 _maxwnd=219105 _cwnd=219105
Initialize per-instance NSCC parameters: flowid 759 _base_rtt=11685600 _base_bdp=146070 _bdp=146070 _min_cwnd=4150 _maxwnd=219105 _cwnd=219105
Initialize per-instance NSCC parameters: flowid 760 _base_rtt=11685600 _base_bdp=146070 _bdp=146070 _min_cwnd=4150 _maxwnd=219105 _cwnd=219105
Initialize per-instance NSCC parameters: flowid 761 _base_rtt=11685600 _base_bdp=146070 _bdp=146070 _min_cwnd=4150 _maxwnd=219105 _cwnd=219105
Initialize per-instance NSCC parameters: flowid 762 _base_rtt=11685600 _base_bdp=146070 _bdp=146070 _min_cwnd=4150 _maxwnd=219105 _cwnd=219105
Initialize per-instance NSCC parameters: flowid 763 _base_rtt=11685600 _base_bdp=146070 _bdp=146070 _min_cwnd=4150 _maxwnd=219105 _cwnd=219105
Initialize per-instance NSCC parameters: flowid 764 _base_rtt=11685600 _base_bdp=146070 _bdp=146070 _min_cwnd=4150 _maxwnd=219105 _cwnd=219105
Initialize per-instance NSCC parameters: flowid 765 _base_rtt=11685600 _base_bdp=146070 _bdp=146070 _min_cwnd=4150 _maxwnd=219105 _cwnd=219105
Initialize per-instance NSCC parameters: flowid 766 _base_rtt=11685600 _base_bdp=146070 _bdp=146070 _min_cwnd=4150 _maxwnd=219105 _cwnd=219105
Initialize per-instance NSCC parameters: flowid 767 _base_rtt=11685600 _base_bdp=146070 _bdp=146070 _min_cwnd=4150 _maxwnd=219105 _cwnd=219105
Initialize per-instance NSCC parameters: flowid 768 _base_rtt=11685600 _base_bdp=146070 _bdp=146070 _min_cwnd=4150 _maxwnd=219105 _cwnd=219105
Initialize per-instance NSCC parameters: flowid 769 _base_rtt=11685600 _base_bdp=146070 _bdp=146070 _min_cwnd=4150 _maxwnd=219105 _cwnd=219105
Initialize per-instance NSCC parameters: flowid 770 _base_rtt=11685600 _base_bdp=146070 _bdp=146070 _min_cwnd=4150 _maxwnd=219105 _cwnd=219105
Initialize per-instance NSCC parameters: flowid 771 _base_rtt=11685600 _base_bdp=146070 _bdp=146070 _min_cwnd=4150 _maxwnd=219105 _cwnd=219105
Initialize per-instance NSCC parameters: flowid 772 _base_rtt=11685600 _base_bdp=146070 _bdp=146070 _min_cwnd=4150 _maxwnd=219105 _cwnd=219105
Initialize per-instance NSCC parameters: flowid 773 _base_rtt=11685600 _base_bdp=146070 _bdp=146070 _min_cwnd=4150 _maxwnd=219105 _cwnd=219105
Initialize per-instance NSCC parameters: flowid 774 _base_rtt=11685600 _base_bdp=146070 _bdp=146070 _min_cwnd=4150 _maxwnd=219105 _cwnd=219105
Initialize per-instance NSCC parameters: flowid 775 _base_rtt=11685600 _base_bdp=146070 _bdp=146070 _min_cwnd=4150 _maxwnd=219105 _cwnd=219105
Initialize per-instance NSCC parameters: flowid 776 _base_rtt=11685600 _base_bdp=146070 _bdp=146070 _min_cwnd=4150 _maxwnd=219105 _cwnd=219105
Initialize per-instance NSCC parameters: flowid 777 _base_rtt=11685600 _base_bdp=146070 _bdp=146070 _min_cwnd=4150 _maxwnd=219105 _cwnd=219105
Initialize per-instance NSCC parameters: flowid 778 _base_rtt=11685600 _base_bdp=146070 _bdp=146070 _min_cwnd=4150 _maxwnd=219105 _cwnd=219105
Initialize per-instance NSCC parameters: flowid 779 _base_rtt=11685600 _base_bdp=146070 _bdp=146070 _min_cwnd=4150 _maxwnd=219105 _cwnd=219105
Initialize per-instance NSCC parameters: flowid 780 _base_rtt=11685600 _base_bdp=146070 _bdp=146070 _min_cwnd=4150 _maxwnd=219105 _cwnd=219105
Initialize per-instance NSCC parameters: flowid 781 _base_rtt=11685600 _base_bdp=146070 _bdp=146070 _min_cwnd=4150 _maxwnd=219105 _cwnd=219105
Initialize per-instance NSCC parameters: flowid 782 _base_rtt=11685600 _base_bdp=146070 _bdp=146070 _min_cwnd=4150 _maxwnd=219105 _cwnd=219105
Initialize per-instance NSCC parameters: flowid 783 _base_rtt=11685600 _base_bdp=146070 _bdp=146070 _min_cwnd=4150 _maxwnd=219105 _cwnd=219105
Initialize per-instance NSCC parameters: flowid 784 _base_rtt=11685600 _base_bdp=146070 _bdp=146070 _min_cwnd=4150 _maxwnd=219105 _cwnd=219105
Initialize per-instance NSCC parameters: flowid 785 _base_rtt=11685600 _base_bdp=146070 _bdp=146070 _min_cwnd=4150 _maxwnd=219105 _cwnd=219105
Initialize per-instance NSCC parameters: flowid 786 _base_rtt=11685600 _base_bdp=146070 _bdp=146070 _min_cwnd=4150 _maxwnd=219105 _cwnd=219105
Initialize per-instance NSCC parameters: flowid 787 _base_rtt=11685600 _base_bdp=146070 _bdp=146070 _min_cwnd=4150 _maxwnd=219105 _cwnd=219105
Initialize per-instance NSCC parameters: flowid 788 _base_rtt=11685600 _base_bdp=146070 _bdp=146070 _min_cwnd=4150 _maxwnd=219105 _cwnd=219105
Initialize per-instance NSCC parameters: flowid 789 _base_rtt=11685600 _base_bdp=146070 _bdp=146070 _min_cwnd=4150 _maxwnd=219105 _cwnd=219105
Initialize per-instance NSCC parameters: flowid 790 _base_rtt=11685600 _base_bdp=146070 _bdp=146070 _min_cwnd=4150 _maxwnd=219105 _cwnd=219105
Initialize per-instance NSCC parameters: flowid 791 _base_rtt=11685600 _base_bdp=146070 _bdp=146070 _min_cwnd=4150 _maxwnd=219105 _cwnd=219105
Initialize per-instance NSCC parameters: flowid 792 _base_rtt=11685600 _base_bdp=146070 _bdp=146070 _min_cwnd=4150 _maxwnd=219105 _cwnd=219105
Initialize per-instance NSCC parameters: flowid 793 _base_rtt=11685600 _base_bdp=146070 _bdp=146070 _min_cwnd=4150 _maxwnd=219105 _cwnd=219105
Initialize per-instance NSCC parameters: flowid 794 _base_rtt=11685600 _base_bdp=146070 _bdp=146070 _min_cwnd=4150 _maxwnd=219105 _cwnd=219105
Initialize per-instance NSCC parameters: flowid 795 _base_rtt=11685600 _base_bdp=146070 _bdp=146070 _min_cwnd=4150 _maxwnd=219105 _cwnd=219105
Initialize per-instance NSCC parameters: flowid 796 _base_rtt=11685600 _base_bdp=146070 _bdp=146070 _min_cwnd=4150 _maxwnd=219105 _cwnd=219105
Initialize per-instance NSCC parameters: flowid 797 _base_rtt=11685600 _base_bdp=146070 _bdp=146070 _min_cwnd=4150 _maxwnd=219105 _cwnd=219105
Initialize per-instance NSCC parameters: flowid 798 _base_rtt=11685600 _base_bdp=146070 _bdp=146070 _min_cwnd=4150 _maxwnd=219105 _cwnd=219105
Initialize per-instance NSCC parameters: flowid 799 _base_rtt=11685600 _base_bdp=146070 _bdp=146070 _min_cwnd=4150 _maxwnd=219105 _cwnd=219105
Initialize per-instance NSCC parameters: flowid 800 _base_rtt=11685600 _base_bdp=146070 _bdp=146070 _min_cwnd=4150 _maxwnd=219105 _cwnd=219105
Initialize per-instance NSCC parameters: flowid 801 _base_rtt=11685600 _base_bdp=146070 _bdp=146070 _min_cwnd=4150 _maxwnd=219105 _cwnd=219105
Initialize per-instance NSCC parameters: flowid 802 _base_rtt=11685600 _base_bdp=146070 _bdp=146070 _min_cwnd=4150 _maxwnd=219105 _cwnd=219105
Initialize per-instance NSCC parameters: flowid 803 _base_rtt=11685600 _base_bdp=146070 _bdp=146070 _min_cwnd=4150 _maxwnd=219105 _cwnd=219105
Initialize per-instance NSCC parameters: flowid 804 _base_rtt=11685600 _base_bdp=146070 _bdp=146070 _min_cwnd=4150 _maxwnd=219105 _cwnd=219105
Initialize per-instance NSCC parameters: flowid 805 _base_rtt=11685600 _base_bdp=146070 _bdp=146070 _min_cwnd=4150 _maxwnd=219105 _cwnd=219105
Initialize per-instance NSCC parameters: flowid 806 _base_rtt=11685600 _base_bdp=146070 _bdp=146070 _min_cwnd=4150 _maxwnd=219105 _cwnd=219105
Initialize per-instance NSCC parameters: flowid 807 _base_rtt=11685600 _base_bdp=146070 _bdp=146070 _min_cwnd=4150 _maxwnd=219105 _cwnd=219105
Initialize per-instance NSCC parameters: flowid 808 _base_rtt=11685600 _base_bdp=146070 _bdp=146070 _min_cwnd=4150 _maxwnd=219105 _cwnd=219105
Initialize per-instance NSCC parameters: flowid 809 _base_rtt=11685600 _base_bdp=146070 _bdp=146070 _min_cwnd=4150 _maxwnd=219105 _cwnd=219105
Initialize per-instance NSCC parameters: flowid 810 _base_rtt=11685600 _base_bdp=146070 _bdp=146070 _min_cwnd=4150 _maxwnd=219105 _cwnd=219105
Initialize per-instance NSCC parameters: flowid 811 _base_rtt=11685600 _base_bdp=146070 _bdp=146070 _min_cwnd=4150 _maxwnd=219105 _cwnd=219105
Initialize per-instance NSCC parameters: flowid 812 _base_rtt=11685600 _base_bdp=146070 _bdp=146070 _min_cwnd=4150 _maxwnd=219105 _cwnd=219105
Initialize per-instance NSCC parameters: flowid 813 _base_rtt=11685600 _base_bdp=146070 _bdp=146070 _min_cwnd=4150 _maxwnd=219105 _cwnd=219105
Initialize per-instance NSCC parameters: flowid 814 _base_rtt=11685600 _base_bdp=146070 _bdp=146070 _min_cwnd=4150 _maxwnd=219105 _cwnd=219105
Initialize per-instance NSCC parameters: flowid 815 _base_rtt=11685600 _base_bdp=146070 _bdp=146070 _min_cwnd=4150 _maxwnd=219105 _cwnd=219105
Initialize per-instance NSCC parameters: flowid 816 _base_rtt=11685600 _base_bdp=146070 _bdp=146070 _min_cwnd=4150 _maxwnd=219105 _cwnd=219105
Initialize per-instance NSCC parameters: flowid 817 _base_rtt=11685600 _base_bdp=146070 _bdp=146070 _min_cwnd=4150 _maxwnd=219105 _cwnd=219105
Initialize per-instance NSCC parameters: flowid 818 _base_rtt=11685600 _base_bdp=146070 _bdp=146070 _min_cwnd=4150 _maxwnd=219105 _cwnd=219105
Initialize per-instance NSCC parameters: flowid 819 _base_rtt=11685600 _base_bdp=146070 _bdp=146070 _min_cwnd=4150 _maxwnd=219105 _cwnd=219105
Initialize per-instance NSCC parameters: flowid 820 _base_rtt=11685600 _base_bdp=146070 _bdp=146070 _min_cwnd=4150 _maxwnd=219105 _cwnd=219105
Initialize per-instance NSCC parameters: flowid 821 _base_rtt=11685600 _base_bdp=146070 _bdp=146070 _min_cwnd=4150 _maxwnd=219105 _cwnd=219105
Initialize per-instance NSCC parameters: flowid 822 _base_rtt=11685600 _base_bdp=146070 _bdp=146070 _min_cwnd=4150 _maxwnd=219105 _cwnd=219105
Initialize per-instance NSCC parameters: flowid 823 _base_rtt=11685600 _base_bdp=146070 _bdp=146070 _min_cwnd=4150 _maxwnd=219105 _cwnd=219105
Initialize per-instance NSCC parameters: flowid 824 _base_rtt=11685600 _base_bdp=146070 _bdp=146070 _min_cwnd=4150 _maxwnd=219105 _cwnd=219105
Initialize per-instance NSCC parameters: flowid 825 _base_rtt=11685600 _base_bdp=146070 _bdp=146070 _min_cwnd=4150 _maxwnd=219105 _cwnd=219105
Starting simulation
Flow Uec_450_963 flowId 1 uecSrc 0 starting at 0
Flow Uec_878_223 flowId 2 uecSrc 1 starting at 0
Flow Uec_495_913 flowId 3 uecSrc 2 starting at 0
Flow Uec_164_683 flowId 4 uecSrc 3 starting at 0
Flow Uec_39_591 flowId 5 uecSrc 4 starting at 0
Flow Uec_829_255 flowId 6 uecSrc 5 starting at 0
Flow Uec_396_898 flowId 7 uecSrc 6 starting at 0
Flow Uec_1093_426 flowId 8 uecSrc 7 starting at 0
Flow Uec_377_860 flowId 9 uecSrc 8 starting at 0
Flow Uec_266_766 flowId 10 uecSrc 9 starting at 0
Flow Uec_803_242 flowId 11 uecSrc 10 starting at 0
Flow Uec_250_739 flowId 12 uecSrc 11 starting at 0
Flow Uec_1005_405 flowId 13 uecSrc 12 starting at 0
Flow Uec_213_778 flowId 14 uecSrc 13 starting at 0
Flow Uec_882_277 flowId 15 uecSrc 14 starting at 0
Flow Uec_697_72 flowId 16 uecSrc 15 starting at 0
Flow Uec_41_559 flowId 17 uecSrc 16 starting at 0
Flow Uec_338_852 flowId 18 uecSrc 17 starting at 0
Flow Uec_762_120 flowId 19 uecSrc 18 starting at 0
Flow Uec_519_1081 flowId 20 uecSrc 19 starting at 0
Flow Uec_903_339 flowId 21 uecSrc 20 starting at 0
Flow Uec_758_144 flowId 22 uecSrc 21 starting at 0
Flow Uec_893_226 flowId 23 uecSrc 22 starting at 0
Flow Uec_788_167 flowId 24 uecSrc 23 starting at 0
Flow Uec_866_250 flowId 25 uecSrc 24 starting at 0
Flow Uec_574_1008 flowId 26 uecSrc 25 starting at 0
Flow Uec_74_566 flowId 27 uecSrc 26 starting at 0
Flow Uec_6_500 flowId 28 uecSrc 27 starting at 0
Flow Uec_636_78 flowId 29 uecSrc 28 starting at 0
Flow Uec_711_135 flowId 30 uecSrc 29 starting at 0
Flow Uec_952_350 flowId 31 uecSrc 30 starting at 0
Flow Uec_529_1069 flowId 32 uecSrc 31 starting at 0
Flow Uec_859_269 flowId 33 uecSrc 32 starting at 0
Flow Uec_877_207 flowId 34 uecSrc 33 starting at 0
Flow Uec_4_576 flowId 35 uecSrc 34 starting at 0
Flow Uec_89_594 flowId 36 uecSrc 35 starting at 0
Flow Uec_988_346 flowId 37 uecSrc 36 starting at 0
Flow Uec_73_549 flowId 38 uecSrc 37 starting at 0
Flow Uec_259_761 flowId 39 uecSrc 38 starting at 0
Flow Uec_158_615 flowId 40 uecSrc 39 starting at 0
Flow Uec_1012_472 flowId 41 uecSrc 40 starting at 0
Flow Uec_1032_403 flowId 42 uecSrc 41 starting at 0
Flow Uec_257_764 flowId 43 uecSrc 42 starting at 0
Flow Uec_681_76 flowId 44 uecSrc 43 starting at 0
Flow Uec_981_334 flowId 45 uecSrc 44 starting at 0
Flow Uec_581_1090 flowId 46 uecSrc 45 starting at 0
Flow Uec_19_552 flowId 47 uecSrc 46 starting at 0
Flow Uec_193_675 flowId 48 uecSrc 47 starting at 0
Flow Uec_995_351 flowId 49 uecSrc 48 starting at 0
Flow Uec_439_910 flowId 50 uecSrc 49 starting at 0
Flow Uec_509_1015 flowId 51 uecSrc 50 starting at 0
Flow Uec_633_26 flowId 52 uecSrc 51 starting at 0
Flow Uec_482_948 flowId 53 uecSrc 52 starting at 0
Flow Uec_911_354 flowId 54 uecSrc 53 starting at 0
Flow Uec_918_382 flowId 55 uecSrc 54 starting at 0
Flow Uec_802_213 flowId 56 uecSrc 55 starting at 0
Flow Uec_768_191 flowId 57 uecSrc 56 starting at 0
Flow Uec_62_525 flowId 58 uecSrc 57 starting at 0
Flow Uec_944_363 flowId 59 uecSrc 58 starting at 0
Flow Uec_316_856 flowId 60 uecSrc 59 starting at 0
Flow Uec_703_198 flowId 61 uecSrc 60 starting at 0
Flow Uec_1008_494 flowId 62 uecSrc 61 starting at 0
Flow Uec_388_873 flowId 63 uecSrc 62 starting at 0
Flow Uec_656_17 flowId 64 uecSrc 63 starting at 0
Flow Uec_1068_495 flowId 65 uecSrc 64 starting at 0
Flow Uec_253_797 flowId 66 uecSrc 65 starting at 0
Flow Uec_810_234 flowId 67 uecSrc 66 starting at 0
Flow Uec_264_759 flowId 68 uecSrc 67 starting at 0
Flow Uec_386_806 flowId 69 uecSrc 68 starting at 0
Flow Uec_816_278 flowId 70 uecSrc 69 starting at 0
Flow Uec_540_1060 flowId 71 uecSrc 70 starting at 0
Flow Uec_485_911 flowId 72 uecSrc 71 starting at 0
Flow Uec_578_1005 flowId 73 uecSrc 72 starting at 0
Flow Uec_986_356 flowId 74 uecSrc 73 starting at 0
Flow Uec_787_180 flowId 75 uecSrc 74 starting at 0
Flow Uec_239_765 flowId 76 uecSrc 75 starting at 0
Flow Uec_247_775 flowId 77 uecSrc 76 starting at 0
Flow Uec_105_659 flowId 78 uecSrc 77 starting at 0
Flow Uec_400_966 flowId 79 uecSrc 78 starting at 0
Flow Uec_335_843 flowId 80 uecSrc 79 starting at 0
Flow Uec_648_28 flowId 81 uecSrc 80 starting at 0
Flow Uec_343_855 flowId 82 uecSrc 81 starting at 0
Flow Uec_631_60 flowId 83 uecSrc 82 starting at 0
Flow Uec_1002_483 flowId 84 uecSrc 83 starting at 0
Flow Uec_431_955 flowId 85 uecSrc 84 starting at 0
Flow Uec_15_515 flowId 86 uecSrc 85 starting at 0
Flow Uec_838_253 flowId 87 uecSrc 86 starting at 0
Flow Uec_369_808 flowId 88 uecSrc 87 starting at 0
Flow Uec_101_655 flowId 89 uecSrc 88 starting at 0
Flow Uec_268_753 flowId 90 uecSrc 89 starting at 0
Flow Uec_520_1067 flowId 91 uecSrc 90 starting at 0
Flow Uec_97_569 flowId 92 uecSrc 91 starting at 0
Flow Uec_610_20 flowId 93 uecSrc 92 starting at 0
Flow Uec_945_375 flowId 94 uecSrc 93 starting at 0
Flow Uec_665_34 flowId 95 uecSrc 94 starting at 0
Flow Uec_240_760 flowId 96 uecSrc 95 starting at 0
Flow Uec_1085_443 flowId 97 uecSrc 96 starting at 0
Flow Uec_211_738 flowId 98 uecSrc 97 starting at 0
Flow Uec_974_319 flowId 99 uecSrc 98 starting at 0
Flow Uec_915_385 flowId 100 uecSrc 99 starting at 0
Flow Uec_169_695 flowId 101 uecSrc 100 starting at 0
Flow Uec_789_122 flowId 102 uecSrc 101 starting at 0
Flow Uec_284_772 flowId 103 uecSrc 102 starting at 0
Flow Uec_775_119 flowId 104 uecSrc 103 starting at 0
Flow Uec_297_712 flowId 105 uecSrc 104 starting at 0
Flow Uec_900_331 flowId 106 uecSrc 105 starting at 0
Flow Uec_926_396 flowId 107 uecSrc 106 starting at 0
Flow Uec_116_628 flowId 108 uecSrc 107 starting at 0
Flow Uec_270_744 flowId 109 uecSrc 108 starting at 0
Flow Uec_361_810 flowId 110 uecSrc 109 starting at 0
Flow Uec_683_18 flowId 111 uecSrc 110 starting at 0
Flow Uec_603_59 flowId 112 uecSrc 111 starting at 0
Flow Uec_622_16 flowId 113 uecSrc 112 starting at 0
Flow Uec_503_1084 flowId 114 uecSrc 113 starting at 0
Flow Uec_464_941 flowId 115 uecSrc 114 starting at 0
Flow Uec_438_998 flowId 116 uecSrc 115 starting at 0
Flow Uec_831_261 flowId 117 uecSrc 116 starting at 0
Flow Uec_833_236 flowId 118 uecSrc 117 starting at 0
Flow Uec_1086_409 flowId 119 uecSrc 118 starting at 0
Flow Uec_168_669 flowId 120 uecSrc 119 starting at 0
Flow Uec_895_224 flowId 121 uecSrc 120 starting at 0
Flow Uec_593_1018 flowId 122 uecSrc 121 starting at 0
Flow Uec_146_601 flowId 123 uecSrc 122 starting at 0
Flow Uec_971_359 flowId 124 uecSrc 123 starting at 0
Flow Uec_112_663 flowId 125 uecSrc 124 starting at 0
Flow Uec_557_1079 flowId 126 uecSrc 125 starting at 0
Flow Uec_414_969 flowId 127 uecSrc 126 starting at 0
Flow Uec_1010_417 flowId 128 uecSrc 127 starting at 0
Flow Uec_397_868 flowId 129 uecSrc 128 starting at 0
Flow Uec_976_362 flowId 130 uecSrc 129 starting at 0
Flow Uec_644_31 flowId 131 uecSrc 130 starting at 0
Flow Uec_943_313 flowId 132 uecSrc 131 starting at 0
Flow Uec_385_834 flowId 133 uecSrc 132 starting at 0
Flow Uec_10_581 flowId 134 uecSrc 133 starting at 0
Flow Uec_138_629 flowId 135 uecSrc 134 starting at 0
Flow Uec_473_938 flowId 136 uecSrc 135 starting at 0
Flow Uec_826_233 flowId 137 uecSrc 136 starting at 0
Flow Uec_156_662 flowId 138 uecSrc 137 starting at 0
Flow Uec_907_391 flowId 139 uecSrc 138 starting at 0
Flow Uec_1015_419 flowId 140 uecSrc 139 starting at 0
Flow Uec_394_830 flowId 141 uecSrc 140 starting at 0
Flow Uec_993_393 flowId 142 uecSrc 141 starting at 0
Flow Uec_45_598 flowId 143 uecSrc 142 starting at 0
Flow Uec_25_567 flowId 144 uecSrc 143 starting at 0
Flow Uec_1047_478 flowId 145 uecSrc 144 starting at 0
Flow Uec_46_540 flowId 146 uecSrc 145 starting at 0
Flow Uec_98_575 flowId 147 uecSrc 146 starting at 0
Flow Uec_761_121 flowId 148 uecSrc 147 starting at 0
Flow Uec_855_239 flowId 149 uecSrc 148 starting at 0
Flow Uec_454_944 flowId 150 uecSrc 149 starting at 0
Flow Uec_490_918 flowId 151 uecSrc 150 starting at 0
Flow Uec_672_8 flowId 152 uecSrc 151 starting at 0
Flow Uec_262_795 flowId 153 uecSrc 152 starting at 0
Flow Uec_673_90 flowId 154 uecSrc 153 starting at 0
Flow Uec_492_900 flowId 155 uecSrc 154 starting at 0
Flow Uec_255_792 flowId 156 uecSrc 155 starting at 0
Flow Uec_916_381 flowId 157 uecSrc 156 starting at 0
Flow Uec_744_195 flowId 158 uecSrc 157 starting at 0
Flow Uec_358_822 flowId 159 uecSrc 158 starting at 0
Flow Uec_24_561 flowId 160 uecSrc 159 starting at 0
Flow Uec_892_202 flowId 161 uecSrc 160 starting at 0
Flow Uec_776_136 flowId 162 uecSrc 161 starting at 0
Flow Uec_650_21 flowId 163 uecSrc 162 starting at 0
Flow Uec_580_1009 flowId 164 uecSrc 163 starting at 0
Flow Uec_66_534 flowId 165 uecSrc 164 starting at 0
Flow Uec_162_627 flowId 166 uecSrc 165 starting at 0
Flow Uec_686_15 flowId 167 uecSrc 166 starting at 0
Flow Uec_215_751 flowId 168 uecSrc 167 starting at 0
Flow Uec_583_1071 flowId 169 uecSrc 168 starting at 0
Flow Uec_668_50 flowId 170 uecSrc 169 starting at 0
Flow Uec_154_682 flowId 171 uecSrc 170 starting at 0
Flow Uec_830_232 flowId 172 uecSrc 171 starting at 0
Flow Uec_119_644 flowId 173 uecSrc 172 starting at 0
Flow Uec_344_875 flowId 174 uecSrc 173 starting at 0
Flow Uec_301_894 flowId 175 uecSrc 174 starting at 0
Flow Uec_663_49 flowId 176 uecSrc 175 starting at 0
Flow Uec_975_305 flowId 177 uecSrc 176 starting at 0
Flow Uec_870_206 flowId 178 uecSrc 177 starting at 0
Flow Uec_267_737 flowId 179 uecSrc 178 starting at 0
Flow Uec_481_922 flowId 180 uecSrc 179 starting at 0
Flow Uec_448_962 flowId 181 uecSrc 180 starting at 0
Flow Uec_368_861 flowId 182 uecSrc 181 starting at 0
Flow Uec_477_980 flowId 183 uecSrc 182 starting at 0
Flow Uec_1095_456 flowId 184 uecSrc 183 starting at 0
Flow Uec_621_5 flowId 185 uecSrc 184 starting at 0
Flow Uec_271_788 flowId 186 uecSrc 185 starting at 0
Flow Uec_677_96 flowId 187 uecSrc 186 starting at 0
Flow Uec_1023_474 flowId 188 uecSrc 187 starting at 0
Flow Uec_983_361 flowId 189 uecSrc 188 starting at 0
Flow Uec_793_113 flowId 190 uecSrc 189 starting at 0
Flow Uec_459_984 flowId 191 uecSrc 190 starting at 0
Flow Uec_786_158 flowId 192 uecSrc 191 starting at 0
Flow Uec_854_282 flowId 193 uecSrc 192 starting at 0
Flow Uec_680_53 flowId 194 uecSrc 193 starting at 0
Flow Uec_229_725 flowId 195 uecSrc 194 starting at 0
Flow Uec_745_196 flowId 196 uecSrc 195 starting at 0
Flow Uec_191_670 flowId 197 uecSrc 196 starting at 0
Flow Uec_569_1033 flowId 198 uecSrc 197 starting at 0
Flow Uec_824_273 flowId 199 uecSrc 198 starting at 0
Flow Uec_531_1055 flowId 200 uecSrc 199 starting at 0
Flow Uec_753_153 flowId 201 uecSrc 200 starting at 0
Flow Uec_984_386 flowId 202 uecSrc 201 starting at 0
Flow Uec_346_869 flowId 203 uecSrc 202 starting at 0
Flow Uec_337_829 flowId 204 uecSrc 203 starting at 0
Flow Uec_174_696 flowId 205 uecSrc 204 starting at 0
Flow Uec_696_95 flowId 206 uecSrc 205 starting at 0
Flow Uec_11_539 flowId 207 uecSrc 206 starting at 0
Flow Uec_166_666 flowId 208 uecSrc 207 starting at 0
Flow Uec_682_42 flowId 209 uecSrc 208 starting at 0
Flow Uec_514_1047 flowId 210 uecSrc 209 starting at 0
Flow Uec_313_853 flowId 211 uecSrc 210 starting at 0
Flow Uec_426_947 flowId 212 uecSrc 211 starting at 0
Flow Uec_79_582 flowId 213 uecSrc 212 starting at 0
Flow Uec_430_977 flowId 214 uecSrc 213 starting at 0
Flow Uec_243_729 flowId 215 uecSrc 214 starting at 0
Flow Uec_799_103 flowId 216 uecSrc 215 starting at 0
Flow Uec_973_380 flowId 217 uecSrc 216 starting at 0
Flow Uec_897_258 flowId 218 uecSrc 217 starting at 0
Flow Uec_811_245 flowId 219 uecSrc 218 starting at 0
Flow Uec_676_87 flowId 220 uecSrc 219 starting at 0
Flow Uec_1017_433 flowId 221 uecSrc 220 starting at 0
Flow Uec_366_811 flowId 222 uecSrc 221 starting at 0
Flow Uec_249_732 flowId 223 uecSrc 222 starting at 0
Flow Uec_308_818 flowId 224 uecSrc 223 starting at 0
Flow Uec_461_971 flowId 225 uecSrc 224 starting at 0
Flow Uec_460_978 flowId 226 uecSrc 225 starting at 0
Flow Uec_783_188 flowId 227 uecSrc 226 starting at 0
Flow Uec_420_908 flowId 228 uecSrc 227 starting at 0
Flow Uec_418_921 flowId 229 uecSrc 228 starting at 0
Flow Uec_130_688 flowId 230 uecSrc 229 starting at 0
Flow Uec_549_1028 flowId 231 uecSrc 230 starting at 0
Flow Uec_813_272 flowId 232 uecSrc 231 starting at 0
Flow Uec_315_884 flowId 233 uecSrc 232 starting at 0
Flow Uec_1016_463 flowId 234 uecSrc 233 starting at 0
Flow Uec_402_901 flowId 235 uecSrc 234 starting at 0
Flow Uec_554_1056 flowId 236 uecSrc 235 starting at 0
Flow Uec_411_928 flowId 237 uecSrc 236 starting at 0
Flow Uec_300_801 flowId 238 uecSrc 237 starting at 0
Flow Uec_356_876 flowId 239 uecSrc 238 starting at 0
Flow Uec_470_965 flowId 240 uecSrc 239 starting at 0
Flow Uec_1007_451 flowId 241 uecSrc 240 starting at 0
Flow Uec_606_70 flowId 242 uecSrc 241 starting at 0
Flow Uec_63_554 flowId 243 uecSrc 242 starting at 0
Flow Uec_834_227 flowId 244 uecSrc 243 starting at 0
Flow Uec_1094_448 flowId 245 uecSrc 244 starting at 0
Flow Uec_17_562 flowId 246 uecSrc 245 starting at 0
Flow Uec_476_914 flowId 247 uecSrc 246 starting at 0
Flow Uec_617_54 flowId 248 uecSrc 247 starting at 0
Flow Uec_1000_490 flowId 249 uecSrc 248 starting at 0
Flow Uec_801_208 flowId 250 uecSrc 249 starting at 0
Flow Uec_317_846 flowId 251 uecSrc 250 starting at 0
Flow Uec_93_560 flowId 252 uecSrc 251 starting at 0
Flow Uec_545_1064 flowId 253 uecSrc 252 starting at 0
Flow Uec_43_532 flowId 254 uecSrc 253 starting at 0
Flow Uec_424_976 flowId 255 uecSrc 254 starting at 0
Flow Uec_724_139 flowId 256 uecSrc 255 starting at 0
Flow Uec_64_573 flowId 257 uecSrc 256 starting at 0
Flow Uec_224_747 flowId 258 uecSrc 257 starting at 0
Flow Uec_1048_412 flowId 259 uecSrc 258 starting at 0
Flow Uec_863_228 flowId 260 uecSrc 259 starting at 0
Flow Uec_440_945 flowId 261 uecSrc 260 starting at 0
Flow Uec_571_1075 flowId 262 uecSrc 261 starting at 0
Flow Uec_294_741 flowId 263 uecSrc 262 starting at 0
Flow Uec_91_574 flowId 264 uecSrc 263 starting at 0
Flow Uec_32_510 flowId 265 uecSrc 264 starting at 0
Flow Uec_157_693 flowId 266 uecSrc 265 starting at 0
Flow Uec_1031_485 flowId 267 uecSrc 266 starting at 0
Flow Uec_107_632 flowId 268 uecSrc 267 starting at 0
Flow Uec_195_648 flowId 269 uecSrc 268 starting at 0
Flow Uec_412_920 flowId 270 uecSrc 269 starting at 0
Flow Uec_409_919 flowId 271 uecSrc 270 starting at 0
Flow Uec_772_111 flowId 272 uecSrc 271 starting at 0
Flow Uec_516_1080 flowId 273 uecSrc 272 starting at 0
Flow Uec_947_366 flowId 274 uecSrc 273 starting at 0
Flow Uec_173_643 flowId 275 uecSrc 274 starting at 0
Flow Uec_13_548 flowId 276 uecSrc 275 starting at 0
Flow Uec_511_1010 flowId 277 uecSrc 276 starting at 0
Flow Uec_725_152 flowId 278 uecSrc 277 starting at 0
Flow Uec_471_904 flowId 279 uecSrc 278 starting at 0
Flow Uec_873_240 flowId 280 uecSrc 279 starting at 0
Flow Uec_124_618 flowId 281 uecSrc 280 starting at 0
Flow Uec_1001_473 flowId 282 uecSrc 281 starting at 0
Flow Uec_483_912 flowId 283 uecSrc 282 starting at 0
Flow Uec_433_953 flowId 284 uecSrc 283 starting at 0
Flow Uec_202_771 flowId 285 uecSrc 284 starting at 0
Flow Uec_889_251 flowId 286 uecSrc 285 starting at 0
Flow Uec_825_216 flowId 287 uecSrc 286 starting at 0
Flow Uec_637_36 flowId 288 uecSrc 287 starting at 0
Flow Uec_832_200 flowId 289 uecSrc 288 starting at 0
Flow Uec_425_951 flowId 290 uecSrc 289 starting at 0
Flow Uec_522_1088 flowId 291 uecSrc 290 starting at 0
Flow Uec_176_633 flowId 292 uecSrc 291 starting at 0
Flow Uec_2_545 flowId 293 uecSrc 292 starting at 0
Flow Uec_121_674 flowId 294 uecSrc 293 starting at 0
Flow Uec_1062_447 flowId 295 uecSrc 294 starting at 0
Flow Uec_723_130 flowId 296 uecSrc 295 starting at 0
Flow Uec_998_342 flowId 297 uecSrc 296 starting at 0
Flow Uec_306_840 flowId 298 uecSrc 297 starting at 0
Flow Uec_535_1038 flowId 299 uecSrc 298 starting at 0
Flow Uec_539_1070 flowId 300 uecSrc 299 starting at 0
Flow Uec_1070_430 flowId 301 uecSrc 300 starting at 0
Flow Uec_991_399 flowId 302 uecSrc 301 starting at 0
Flow Uec_447_981 flowId 303 uecSrc 302 starting at 0
Flow Uec_619_68 flowId 304 uecSrc 303 starting at 0
Flow Uec_750_183 flowId 305 uecSrc 304 starting at 0
Flow Uec_969_312 flowId 306 uecSrc 305 starting at 0
Flow Uec_741_178 flowId 307 uecSrc 306 starting at 0
Flow Uec_963_371 flowId 308 uecSrc 307 starting at 0
Flow Uec_336_883 flowId 309 uecSrc 308 starting at 0
Flow Uec_364_864 flowId 310 uecSrc 309 starting at 0
Flow Uec_326_897 flowId 311 uecSrc 310 starting at 0
Flow Uec_785_125 flowId 312 uecSrc 311 starting at 0
Flow Uec_678_38 flowId 313 uecSrc 312 starting at 0
Flow Uec_144_686 flowId 314 uecSrc 313 starting at 0
Flow Uec_35_521 flowId 315 uecSrc 314 starting at 0
Flow Uec_1_541 flowId 316 uecSrc 315 starting at 0
Flow Uec_634_66 flowId 317 uecSrc 316 starting at 0
Flow Uec_416_931 flowId 318 uecSrc 317 starting at 0
Flow Uec_977_392 flowId 319 uecSrc 318 starting at 0
Flow Uec_840_201 flowId 320 uecSrc 319 starting at 0
Flow Uec_1066_432 flowId 321 uecSrc 320 starting at 0
Flow Uec_233_780 flowId 322 uecSrc 321 starting at 0
Flow Uec_200_768 flowId 323 uecSrc 322 starting at 0
Flow Uec_265_782 flowId 324 uecSrc 323 starting at 0
Flow Uec_794_100 flowId 325 uecSrc 324 starting at 0
Flow Uec_395_821 flowId 326 uecSrc 325 starting at 0
Flow Uec_1078_454 flowId 327 uecSrc 326 starting at 0
Flow Uec_978_377 flowId 328 uecSrc 327 starting at 0
Flow Uec_645_51 flowId 329 uecSrc 328 starting at 0
Flow Uec_40_522 flowId 330 uecSrc 329 starting at 0
Flow Uec_809_241 flowId 331 uecSrc 330 starting at 0
Flow Uec_44_526 flowId 332 uecSrc 331 starting at 0
Flow Uec_769_146 flowId 333 uecSrc 332 starting at 0
Flow Uec_404_942 flowId 334 uecSrc 333 starting at 0
Flow Uec_465_907 flowId 335 uecSrc 334 starting at 0
Flow Uec_548_1037 flowId 336 uecSrc 335 starting at 0
Flow Uec_560_1073 flowId 337 uecSrc 336 starting at 0
Flow Uec_689_47 flowId 338 uecSrc 337 starting at 0
Flow Uec_59_536 flowId 339 uecSrc 338 starting at 0
Flow Uec_738_171 flowId 340 uecSrc 339 starting at 0
Flow Uec_914_376 flowId 341 uecSrc 340 starting at 0
Flow Uec_927_310 flowId 342 uecSrc 341 starting at 0
Flow Uec_462_952 flowId 343 uecSrc 342 starting at 0
Flow Uec_37_544 flowId 344 uecSrc 343 starting at 0
Flow Uec_111_650 flowId 345 uecSrc 344 starting at 0
Flow Uec_941_303 flowId 346 uecSrc 345 starting at 0
Flow Uec_1091_469 flowId 347 uecSrc 346 starting at 0
Flow Uec_654_44 flowId 348 uecSrc 347 starting at 0
Flow Uec_528_1057 flowId 349 uecSrc 348 starting at 0
Flow Uec_790_162 flowId 350 uecSrc 349 starting at 0
Flow Uec_747_147 flowId 351 uecSrc 350 starting at 0
Flow Uec_694_82 flowId 352 uecSrc 351 starting at 0
Flow Uec_22_563 flowId 353 uecSrc 352 starting at 0
Flow Uec_1046_450 flowId 354 uecSrc 353 starting at 0
Flow Uec_718_134 flowId 355 uecSrc 354 starting at 0
Flow Uec_965_306 flowId 356 uecSrc 355 starting at 0
Flow Uec_592_1053 flowId 357 uecSrc 356 starting at 0
Flow Uec_1071_442 flowId 358 uecSrc 357 starting at 0
Flow Uec_936_347 flowId 359 uecSrc 358 starting at 0
Flow Uec_422_954 flowId 360 uecSrc 359 starting at 0
Flow Uec_705_170 flowId 361 uecSrc 360 starting at 0
Flow Uec_327_858 flowId 362 uecSrc 361 starting at 0
Flow Uec_555_1007 flowId 363 uecSrc 362 starting at 0
Flow Uec_626_89 flowId 364 uecSrc 363 starting at 0
Flow Uec_16_553 flowId 365 uecSrc 364 starting at 0
Flow Uec_23_565 flowId 366 uecSrc 365 starting at 0
Flow Uec_867_205 flowId 367 uecSrc 366 starting at 0
Flow Uec_436_933 flowId 368 uecSrc 367 starting at 0
Flow Uec_502_1044 flowId 369 uecSrc 368 starting at 0
Flow Uec_139_651 flowId 370 uecSrc 369 starting at 0
Flow Uec_278_767 flowId 371 uecSrc 370 starting at 0
Flow Uec_843_279 flowId 372 uecSrc 371 starting at 0
Flow Uec_131_654 flowId 373 uecSrc 372 starting at 0
Flow Uec_556_1077 flowId 374 uecSrc 373 starting at 0
Flow Uec_906_394 flowId 375 uecSrc 374 starting at 0
Flow Uec_653_63 flowId 376 uecSrc 375 starting at 0
Flow Uec_351_888 flowId 377 uecSrc 376 starting at 0
Flow Uec_699_86 flowId 378 uecSrc 377 starting at 0
Flow Uec_444_987 flowId 379 uecSrc 378 starting at 0
Flow Uec_1089_459 flowId 380 uecSrc 379 starting at 0
Flow Uec_564_1021 flowId 381 uecSrc 380 starting at 0
Flow Uec_818_290 flowId 382 uecSrc 381 starting at 0
Flow Uec_68_538 flowId 383 uecSrc 382 starting at 0
Flow Uec_260_718 flowId 384 uecSrc 383 starting at 0
Flow Uec_137_622 flowId 385 uecSrc 384 starting at 0
Flow Uec_932_335 flowId 386 uecSrc 385 starting at 0
Flow Uec_905_308 flowId 387 uecSrc 386 starting at 0
Flow Uec_852_254 flowId 388 uecSrc 387 starting at 0
Flow Uec_700_128 flowId 389 uecSrc 388 starting at 0
Flow Uec_72_588 flowId 390 uecSrc 389 starting at 0
Flow Uec_167_658 flowId 391 uecSrc 390 starting at 0
Flow Uec_579_1051 flowId 392 uecSrc 391 starting at 0
Flow Uec_170_617 flowId 393 uecSrc 392 starting at 0
Flow Uec_234_707 flowId 394 uecSrc 393 starting at 0
Flow Uec_115_679 flowId 395 uecSrc 394 starting at 0
Flow Uec_589_1091 flowId 396 uecSrc 395 starting at 0
Flow Uec_384_831 flowId 397 uecSrc 396 starting at 0
Flow Uec_69_505 flowId 398 uecSrc 397 starting at 0
Flow Uec_869_230 flowId 399 uecSrc 398 starting at 0
Flow Uec_962_379 flowId 400 uecSrc 399 starting at 0
Flow Uec_908_367 flowId 401 uecSrc 400 starting at 0
Flow Uec_175_619 flowId 402 uecSrc 401 starting at 0
Flow Uec_576_1029 flowId 403 uecSrc 402 starting at 0
Flow Uec_733_110 flowId 404 uecSrc 403 starting at 0
Flow Uec_937_384 flowId 405 uecSrc 404 starting at 0
Flow Uec_773_159 flowId 406 uecSrc 405 starting at 0
Flow Uec_114_612 flowId 407 uecSrc 406 starting at 0
Flow Uec_341_836 flowId 408 uecSrc 407 starting at 0
Flow Uec_1079_446 flowId 409 uecSrc 408 starting at 0
Flow Uec_1059_479 flowId 410 uecSrc 409 starting at 0
Flow Uec_880_256 flowId 411 uecSrc 410 starting at 0
Flow Uec_292_786 flowId 412 uecSrc 411 starting at 0
Flow Uec_135_694 flowId 413 uecSrc 412 starting at 0
Flow Uec_95_547 flowId 414 uecSrc 413 starting at 0
Flow Uec_567_1023 flowId 415 uecSrc 414 starting at 0
Flow Uec_479_943 flowId 416 uecSrc 415 starting at 0
Flow Uec_875_289 flowId 417 uecSrc 416 starting at 0
Flow Uec_75_589 flowId 418 uecSrc 417 starting at 0
Flow Uec_222_752 flowId 419 uecSrc 418 starting at 0
Flow Uec_585_1074 flowId 420 uecSrc 419 starting at 0
Flow Uec_244_790 flowId 421 uecSrc 420 starting at 0
Flow Uec_552_1093 flowId 422 uecSrc 421 starting at 0
Flow Uec_108_680 flowId 423 uecSrc 422 starting at 0
Flow Uec_437_974 flowId 424 uecSrc 423 starting at 0
Flow Uec_1022_488 flowId 425 uecSrc 424 starting at 0
Flow Uec_980_321 flowId 426 uecSrc 425 starting at 0
Flow Uec_160_671 flowId 427 uecSrc 426 starting at 0
Flow Uec_997_368 flowId 428 uecSrc 427 starting at 0
Flow Uec_141_608 flowId 429 uecSrc 428 starting at 0
Flow Uec_623_41 flowId 430 uecSrc 429 starting at 0
Flow Uec_33_517 flowId 431 uecSrc 430 starting at 0
Flow Uec_140_603 flowId 432 uecSrc 431 starting at 0
Flow Uec_203_711 flowId 433 uecSrc 432 starting at 0
Flow Uec_812_293 flowId 434 uecSrc 433 starting at 0
Flow Uec_263_770 flowId 435 uecSrc 434 starting at 0
Flow Uec_1029_471 flowId 436 uecSrc 435 starting at 0
Flow Uec_639_6 flowId 437 uecSrc 436 starting at 0
Flow Uec_1074_431 flowId 438 uecSrc 437 starting at 0
Flow Uec_275_773 flowId 439 uecSrc 438 starting at 0
Flow Uec_1088_438 flowId 440 uecSrc 439 starting at 0
Flow Uec_51_531 flowId 441 uecSrc 440 starting at 0
Flow Uec_1072_407 flowId 442 uecSrc 441 starting at 0
Flow Uec_659_2 flowId 443 uecSrc 442 starting at 0
Flow Uec_340_889 flowId 444 uecSrc 443 starting at 0
Flow Uec_258_736 flowId 445 uecSrc 444 starting at 0
Flow Uec_84_529 flowId 446 uecSrc 445 starting at 0
Flow Uec_103_689 flowId 447 uecSrc 446 starting at 0
Flow Uec_508_1052 flowId 448 uecSrc 447 starting at 0
Flow Uec_246_745 flowId 449 uecSrc 448 starting at 0
Flow Uec_310_842 flowId 450 uecSrc 449 starting at 0
Flow Uec_671_85 flowId 451 uecSrc 450 starting at 0
Flow Uec_990_345 flowId 452 uecSrc 451 starting at 0
Flow Uec_954_369 flowId 453 uecSrc 452 starting at 0
Flow Uec_187_604 flowId 454 uecSrc 453 starting at 0
Flow Uec_295_776 flowId 455 uecSrc 454 starting at 0
Flow Uec_820_237 flowId 456 uecSrc 455 starting at 0
Flow Uec_209_774 flowId 457 uecSrc 456 starting at 0
Flow Uec_100_607 flowId 458 uecSrc 457 starting at 0
Flow Uec_238_798 flowId 459 uecSrc 458 starting at 0
Flow Uec_698_93 flowId 460 uecSrc 459 starting at 0
Flow Uec_1009_464 flowId 461 uecSrc 460 starting at 0
Flow Uec_88_501 flowId 462 uecSrc 461 starting at 0
Flow Uec_248_785 flowId 463 uecSrc 462 starting at 0
Flow Uec_371_896 flowId 464 uecSrc 463 starting at 0
Flow Uec_163_634 flowId 465 uecSrc 464 starting at 0
Flow Uec_82_587 flowId 466 uecSrc 465 starting at 0
Flow Uec_283_757 flowId 467 uecSrc 466 starting at 0
Flow Uec_611_40 flowId 468 uecSrc 467 starting at 0
Flow Uec_734_165 flowId 469 uecSrc 468 starting at 0
Flow Uec_365_865 flowId 470 uecSrc 469 starting at 0
Flow Uec_197_697 flowId 471 uecSrc 470 starting at 0
Flow Uec_748_160 flowId 472 uecSrc 471 starting at 0
Flow Uec_928_348 flowId 473 uecSrc 472 starting at 0
Flow Uec_642_9 flowId 474 uecSrc 473 starting at 0
Flow Uec_630_88 flowId 475 uecSrc 474 starting at 0
Flow Uec_1030_436 flowId 476 uecSrc 475 starting at 0
Flow Uec_127_647 flowId 477 uecSrc 476 starting at 0
Flow Uec_1041_402 flowId 478 uecSrc 477 starting at 0
Flow Uec_290_756 flowId 479 uecSrc 478 starting at 0
Flow Uec_189_664 flowId 480 uecSrc 479 starting at 0
Flow Uec_628_46 flowId 481 uecSrc 480 starting at 0
Flow Uec_487_905 flowId 482 uecSrc 481 starting at 0
Flow Uec_1006_467 flowId 483 uecSrc 482 starting at 0
Flow Uec_968_340 flowId 484 uecSrc 483 starting at 0
Flow Uec_376_841 flowId 485 uecSrc 484 starting at 0
Flow Uec_992_349 flowId 486 uecSrc 485 starting at 0
Flow Uec_500_1006 flowId 487 uecSrc 486 starting at 0
Flow Uec_739_190 flowId 488 uecSrc 487 starting at 0
Flow Uec_929_324 flowId 489 uecSrc 488 starting at 0
Flow Uec_493_991 flowId 490 uecSrc 489 starting at 0
Flow Uec_712_177 flowId 491 uecSrc 490 starting at 0
Flow Uec_883_214 flowId 492 uecSrc 491 starting at 0
Flow Uec_515_1050 flowId 493 uecSrc 492 starting at 0
Flow Uec_922_390 flowId 494 uecSrc 493 starting at 0
Flow Uec_640_37 flowId 495 uecSrc 494 starting at 0
Flow Uec_210_717 flowId 496 uecSrc 495 starting at 0
Flow Uec_165_649 flowId 497 uecSrc 496 starting at 0
Flow Uec_961_355 flowId 498 uecSrc 497 starting at 0
Flow Uec_524_1014 flowId 499 uecSrc 498 starting at 0
Flow Uec_693_94 flowId 500 uecSrc 499 starting at 0
Flow Uec_525_1082 flowId 501 uecSrc 500 starting at 0
Flow Uec_456_929 flowId 502 uecSrc 501 starting at 0
Flow Uec_299_783 flowId 503 uecSrc 502 starting at 0
Flow Uec_910_378 flowId 504 uecSrc 503 starting at 0
Flow Uec_303_809 flowId 505 uecSrc 504 starting at 0
Flow Uec_282_734 flowId 506 uecSrc 505 starting at 0
Flow Uec_1039_401 flowId 507 uecSrc 506 starting at 0
Flow Uec_389_880 flowId 508 uecSrc 507 starting at 0
Flow Uec_670_77 flowId 509 uecSrc 508 starting at 0
Flow Uec_47_527 flowId 510 uecSrc 509 starting at 0
Flow Uec_597_1046 flowId 511 uecSrc 510 starting at 0
Flow Uec_782_127 flowId 512 uecSrc 511 starting at 0
Flow Uec_355_857 flowId 513 uecSrc 512 starting at 0
Flow Uec_1081_486 flowId 514 uecSrc 513 starting at 0
Flow Uec_504_1048 flowId 515 uecSrc 514 starting at 0
Flow Uec_546_1043 flowId 516 uecSrc 515 starting at 0
Flow Uec_657_32 flowId 517 uecSrc 516 starting at 0
Flow Uec_887_291 flowId 518 uecSrc 517 starting at 0
Flow Uec_1034_440 flowId 519 uecSrc 518 starting at 0
Flow Uec_674_39 flowId 520 uecSrc 519 starting at 0
Flow Uec_890_274 flowId 521 uecSrc 520 starting at 0
Flow Uec_357_824 flowId 522 uecSrc 521 starting at 0
Flow Uec_110_667 flowId 523 uecSrc 522 starting at 0
Flow Uec_329_871 flowId 524 uecSrc 523 starting at 0
Flow Uec_912_352 flowId 525 uecSrc 524 starting at 0
Flow Uec_688_83 flowId 526 uecSrc 525 starting at 0
Flow Uec_806_211 flowId 527 uecSrc 526 starting at 0
Flow Uec_815_248 flowId 528 uecSrc 527 starting at 0
Flow Uec_828_276 flowId 529 uecSrc 528 starting at 0
Flow Uec_558_1097 flowId 530 uecSrc 529 starting at 0
Flow Uec_415_970 flowId 531 uecSrc 530 starting at 0
Flow Uec_1098_414 flowId 532 uecSrc 531 starting at 0
Flow Uec_857_210 flowId 533 uecSrc 532 starting at 0
Flow Uec_989_323 flowId 534 uecSrc 533 starting at 0
Flow Uec_575_1096 flowId 535 uecSrc 534 starting at 0
Flow Uec_227_769 flowId 536 uecSrc 535 starting at 0
Flow Uec_805_265 flowId 537 uecSrc 536 starting at 0
Flow Uec_429_958 flowId 538 uecSrc 537 starting at 0
Flow Uec_532_1062 flowId 539 uecSrc 538 starting at 0
Flow Uec_1063_421 flowId 540 uecSrc 539 starting at 0
Flow Uec_756_108 flowId 541 uecSrc 540 starting at 0
Flow Uec_18_509 flowId 542 uecSrc 541 starting at 0
Flow Uec_717_175 flowId 543 uecSrc 542 starting at 0
Flow Uec_468_989 flowId 544 uecSrc 543 starting at 0
Flow Uec_80_585 flowId 545 uecSrc 544 starting at 0
Flow Uec_57_571 flowId 546 uecSrc 545 starting at 0
Flow Uec_807_209 flowId 547 uecSrc 546 starting at 0
Flow Uec_996_387 flowId 548 uecSrc 547 starting at 0
Flow Uec_309_826 flowId 549 uecSrc 548 starting at 0
Flow Uec_727_174 flowId 550 uecSrc 549 starting at 0
Flow Uec_434_909 flowId 551 uecSrc 550 starting at 0
Flow Uec_403_927 flowId 552 uecSrc 551 starting at 0
Flow Uec_849_246 flowId 553 uecSrc 552 starting at 0
Flow Uec_179_625 flowId 554 uecSrc 553 starting at 0
Flow Uec_624_74 flowId 555 uecSrc 554 starting at 0
Flow Uec_607_48 flowId 556 uecSrc 555 starting at 0
Flow Uec_220_703 flowId 557 uecSrc 556 starting at 0
Flow Uec_702_179 flowId 558 uecSrc 557 starting at 0
Flow Uec_923_332 flowId 559 uecSrc 558 starting at 0
Flow Uec_861_270 flowId 560 uecSrc 559 starting at 0
Flow Uec_913_383 flowId 561 uecSrc 560 starting at 0
Flow Uec_675_61 flowId 562 uecSrc 561 starting at 0
Flow Uec_649_25 flowId 563 uecSrc 562 starting at 0
Flow Uec_311_849 flowId 564 uecSrc 563 starting at 0
Flow Uec_710_116 flowId 565 uecSrc 564 starting at 0
Flow Uec_212_755 flowId 566 uecSrc 565 starting at 0
Flow Uec_113_606 flowId 567 uecSrc 566 starting at 0
Flow Uec_348_827 flowId 568 uecSrc 567 starting at 0
Flow Uec_821_244 flowId 569 uecSrc 568 starting at 0
Flow Uec_1083_424 flowId 570 uecSrc 569 starting at 0
Flow Uec_850_288 flowId 571 uecSrc 570 starting at 0
Flow Uec_949_336 flowId 572 uecSrc 571 starting at 0
Flow Uec_620_81 flowId 573 uecSrc 572 starting at 0
Flow Uec_181_668 flowId 574 uecSrc 573 starting at 0
Flow Uec_228_722 flowId 575 uecSrc 574 starting at 0
Flow Uec_904_320 flowId 576 uecSrc 575 starting at 0
Flow Uec_737_150 flowId 577 uecSrc 576 starting at 0
Flow Uec_410_917 flowId 578 uecSrc 577 starting at 0
Flow Uec_742_182 flowId 579 uecSrc 578 starting at 0
Flow Uec_819_225 flowId 580 uecSrc 579 starting at 0
Flow Uec_781_104 flowId 581 uecSrc 580 starting at 0
Flow Uec_252_700 flowId 582 uecSrc 581 starting at 0
Flow Uec_510_1065 flowId 583 uecSrc 582 starting at 0
Flow Uec_334_839 flowId 584 uecSrc 583 starting at 0
Flow Uec_959_341 flowId 585 uecSrc 584 starting at 0
Flow Uec_190_635 flowId 586 uecSrc 585 starting at 0
Flow Uec_795_181 flowId 587 uecSrc 586 starting at 0
Flow Uec_217_754 flowId 588 uecSrc 587 starting at 0
Flow Uec_966_307 flowId 589 uecSrc 588 starting at 0
Flow Uec_513_1012 flowId 590 uecSrc 589 starting at 0
Flow Uec_122_610 flowId 591 uecSrc 590 starting at 0
Flow Uec_791_129 flowId 592 uecSrc 591 starting at 0
Flow Uec_715_142 flowId 593 uecSrc 592 starting at 0
Flow Uec_666_12 flowId 594 uecSrc 593 starting at 0
Flow Uec_221_794 flowId 595 uecSrc 594 starting at 0
Flow Uec_732_185 flowId 596 uecSrc 595 starting at 0
Flow Uec_198_678 flowId 597 uecSrc 596 starting at 0
Flow Uec_319_870 flowId 598 uecSrc 597 starting at 0
Flow Uec_881_287 flowId 599 uecSrc 598 starting at 0
Flow Uec_61_546 flowId 600 uecSrc 599 starting at 0
Flow Uec_457_999 flowId 601 uecSrc 600 starting at 0
Flow Uec_661_55 flowId 602 uecSrc 601 starting at 0
Flow Uec_939_397 flowId 603 uecSrc 602 starting at 0
Flow Uec_687_58 flowId 604 uecSrc 603 starting at 0
Flow Uec_1014_416 flowId 605 uecSrc 604 starting at 0
Flow Uec_363_890 flowId 606 uecSrc 605 starting at 0
Flow Uec_751_149 flowId 607 uecSrc 606 starting at 0
Flow Uec_373_892 flowId 608 uecSrc 607 starting at 0
Flow Uec_851_238 flowId 609 uecSrc 608 starting at 0
Flow Uec_595_1041 flowId 610 uecSrc 609 starting at 0
Flow Uec_136_673 flowId 611 uecSrc 610 starting at 0
Flow Uec_602_75 flowId 612 uecSrc 611 starting at 0
Flow Uec_350_812 flowId 613 uecSrc 612 starting at 0
Flow Uec_655_99 flowId 614 uecSrc 613 starting at 0
Flow Uec_586_1059 flowId 615 uecSrc 614 starting at 0
Flow Uec_823_243 flowId 616 uecSrc 615 starting at 0
Flow Uec_232_763 flowId 617 uecSrc 616 starting at 0
Flow Uec_754_154 flowId 618 uecSrc 617 starting at 0
Flow Uec_466_983 flowId 619 uecSrc 618 starting at 0
Flow Uec_780_164 flowId 620 uecSrc 619 starting at 0
Flow Uec_291_728 flowId 621 uecSrc 620 starting at 0
Flow Uec_405_992 flowId 622 uecSrc 621 starting at 0
Flow Uec_1056_468 flowId 623 uecSrc 622 starting at 0
Flow Uec_480_903 flowId 624 uecSrc 623 starting at 0
Flow Uec_237_746 flowId 625 uecSrc 624 starting at 0
Flow Uec_899_247 flowId 626 uecSrc 625 starting at 0
Flow Uec_87_593 flowId 627 uecSrc 626 starting at 0
Flow Uec_814_297 flowId 628 uecSrc 627 starting at 0
Flow Uec_245_714 flowId 629 uecSrc 628 starting at 0
Flow Uec_888_264 flowId 630 uecSrc 629 starting at 0
Flow Uec_685_13 flowId 631 uecSrc 630 starting at 0
Flow Uec_1069_455 flowId 632 uecSrc 631 starting at 0
Flow Uec_530_1049 flowId 633 uecSrc 632 starting at 0
Flow Uec_53_502 flowId 634 uecSrc 633 starting at 0
Flow Uec_1055_487 flowId 635 uecSrc 634 starting at 0
Flow Uec_930_316 flowId 636 uecSrc 635 starting at 0
Flow Uec_206_777 flowId 637 uecSrc 636 starting at 0
Flow Uec_792_184 flowId 638 uecSrc 637 starting at 0
Flow Uec_231_749 flowId 639 uecSrc 638 starting at 0
Flow Uec_596_1030 flowId 640 uecSrc 639 starting at 0
Flow Uec_428_950 flowId 641 uecSrc 640 starting at 0
Flow Uec_1051_434 flowId 642 uecSrc 641 starting at 0
Flow Uec_96_516 flowId 643 uecSrc 642 starting at 0
Flow Uec_432_934 flowId 644 uecSrc 643 starting at 0
Flow Uec_491_960 flowId 645 uecSrc 644 starting at 0
Flow Uec_332_803 flowId 646 uecSrc 645 starting at 0
Flow Uec_9_511 flowId 647 uecSrc 646 starting at 0
Flow Uec_67_503 flowId 648 uecSrc 647 starting at 0
Flow Uec_716_148 flowId 649 uecSrc 648 starting at 0
Flow Uec_752_138 flowId 650 uecSrc 649 starting at 0
Flow Uec_779_156 flowId 651 uecSrc 650 starting at 0
Flow Uec_85_570 flowId 652 uecSrc 651 starting at 0
Flow Uec_99_530 flowId 653 uecSrc 652 starting at 0
Flow Uec_679_84 flowId 654 uecSrc 653 starting at 0
Flow Uec_446_935 flowId 655 uecSrc 654 starting at 0
Flow Uec_1082_462 flowId 656 uecSrc 655 starting at 0
Flow Uec_643_7 flowId 657 uecSrc 656 starting at 0
Flow Uec_600_14 flowId 658 uecSrc 657 starting at 0
Flow Uec_442_932 flowId 659 uecSrc 658 starting at 0
Flow Uec_651_73 flowId 660 uecSrc 659 starting at 0
Flow Uec_523_1092 flowId 661 uecSrc 660 starting at 0
Flow Uec_1028_449 flowId 662 uecSrc 661 starting at 0
Flow Uec_729_173 flowId 663 uecSrc 662 starting at 0
Flow Uec_1013_420 flowId 664 uecSrc 663 starting at 0
Flow Uec_280_715 flowId 665 uecSrc 664 starting at 0
Flow Uec_853_222 flowId 666 uecSrc 665 starting at 0
Flow Uec_188_630 flowId 667 uecSrc 666 starting at 0
Flow Uec_501_1035 flowId 668 uecSrc 667 starting at 0
Flow Uec_865_263 flowId 669 uecSrc 668 starting at 0
Flow Uec_884_217 flowId 670 uecSrc 669 starting at 0
Flow Uec_359_881 flowId 671 uecSrc 670 starting at 0
Flow Uec_28_558 flowId 672 uecSrc 671 starting at 0
Flow Uec_730_115 flowId 673 uecSrc 672 starting at 0
Flow Uec_86_533 flowId 674 uecSrc 673 starting at 0
Flow Uec_613_79 flowId 675 uecSrc 674 starting at 0
Flow Uec_177_637 flowId 676 uecSrc 675 starting at 0
Flow Uec_731_140 flowId 677 uecSrc 676 starting at 0
Flow Uec_894_220 flowId 678 uecSrc 677 starting at 0
Flow Uec_565_1098 flowId 679 uecSrc 678 starting at 0
Flow Uec_898_218 flowId 680 uecSrc 679 starting at 0
Flow Uec_314_832 flowId 681 uecSrc 680 starting at 0
Flow Uec_704_101 flowId 682 uecSrc 681 starting at 0
Flow Uec_486_967 flowId 683 uecSrc 682 starting at 0
Flow Uec_230_781 flowId 684 uecSrc 683 starting at 0
Flow Uec_387_851 flowId 685 uecSrc 684 starting at 0
Flow Uec_521_1034 flowId 686 uecSrc 685 starting at 0
Flow Uec_1038_411 flowId 687 uecSrc 686 starting at 0
Flow Uec_940_309 flowId 688 uecSrc 687 starting at 0
Flow Uec_347_874 flowId 689 uecSrc 688 starting at 0
Flow Uec_798_176 flowId 690 uecSrc 689 starting at 0
Flow Uec_218_748 flowId 691 uecSrc 690 starting at 0
Flow Uec_372_805 flowId 692 uecSrc 691 starting at 0
Flow Uec_1096_476 flowId 693 uecSrc 692 starting at 0
Flow Uec_1024_458 flowId 694 uecSrc 693 starting at 0
Flow Uec_321_844 flowId 695 uecSrc 694 starting at 0
Flow Uec_841_299 flowId 696 uecSrc 695 starting at 0
Flow Uec_1084_444 flowId 697 uecSrc 696 starting at 0
Flow Uec_30_599 flowId 698 uecSrc 697 starting at 0
Flow Uec_201_784 flowId 699 uecSrc 698 starting at 0
Flow Uec_1090_400 flowId 700 uecSrc 699 starting at 0
Flow Uec_763_143 flowId 701 uecSrc 700 starting at 0
Flow Uec_328_845 flowId 702 uecSrc 701 starting at 0
Flow Uec_214_708 flowId 703 uecSrc 702 starting at 0
Flow Uec_83_524 flowId 704 uecSrc 703 starting at 0
Flow Uec_142_661 flowId 705 uecSrc 704 starting at 0
Flow Uec_709_133 flowId 706 uecSrc 705 starting at 0
Flow Uec_817_249 flowId 707 uecSrc 706 starting at 0
Flow Uec_860_295 flowId 708 uecSrc 707 starting at 0
Flow Uec_721_194 flowId 709 uecSrc 708 starting at 0
Flow Uec_0_535 flowId 710 uecSrc 709 starting at 0
Flow Uec_225_796 flowId 711 uecSrc 710 starting at 0
Flow Uec_331_838 flowId 712 uecSrc 711 starting at 0
Flow Uec_796_193 flowId 713 uecSrc 712 starting at 0
Flow Uec_1050_493 flowId 714 uecSrc 713 starting at 0
Flow Uec_598_1072 flowId 715 uecSrc 714 starting at 0
Flow Uec_1058_460 flowId 716 uecSrc 715 starting at 0
Flow Uec_808_271 flowId 717 uecSrc 716 starting at 0
Flow Uec_667_45 flowId 718 uecSrc 717 starting at 0
Flow Uec_381_867 flowId 719 uecSrc 718 starting at 0
Flow Uec_449_973 flowId 720 uecSrc 719 starting at 0
Flow Uec_408_979 flowId 721 uecSrc 720 starting at 0
Flow Uec_864_285 flowId 722 uecSrc 721 starting at 0
Flow Uec_517_1039 flowId 723 uecSrc 722 starting at 0
Flow Uec_1018_404 flowId 724 uecSrc 723 starting at 0
Flow Uec_827_259 flowId 725 uecSrc 724 starting at 0
Flow Uec_12_507 flowId 726 uecSrc 725 starting at 0
Flow Uec_370_878 flowId 727 uecSrc 726 starting at 0
Flow Uec_573_1027 flowId 728 uecSrc 727 starting at 0
Flow Uec_728_137 flowId 729 uecSrc 728 starting at 0
Flow Uec_398_815 flowId 730 uecSrc 729 starting at 0
Flow Uec_925_317 flowId 731 uecSrc 730 starting at 0
Flow Uec_120_638 flowId 732 uecSrc 731 starting at 0
Flow Uec_505_1040 flowId 733 uecSrc 732 starting at 0
Flow Uec_561_1011 flowId 734 uecSrc 733 starting at 0
Flow Uec_56_556 flowId 735 uecSrc 734 starting at 0
Flow Uec_1067_410 flowId 736 uecSrc 735 starting at 0
Flow Uec_526_1036 flowId 737 uecSrc 736 starting at 0
Flow Uec_375_891 flowId 738 uecSrc 737 starting at 0
Flow Uec_1052_445 flowId 739 uecSrc 738 starting at 0
Flow Uec_216_750 flowId 740 uecSrc 739 starting at 0
Flow Uec_1027_453 flowId 741 uecSrc 740 starting at 0
Flow Uec_390_862 flowId 742 uecSrc 741 starting at 0
Flow Uec_242_793 flowId 743 uecSrc 742 starting at 0
Flow Uec_1054_439 flowId 744 uecSrc 743 starting at 0
Flow Uec_298_789 flowId 745 uecSrc 744 starting at 0
Flow Uec_956_300 flowId 746 uecSrc 745 starting at 0
Flow Uec_563_1078 flowId 747 uecSrc 746 starting at 0
Flow Uec_435_996 flowId 748 uecSrc 747 starting at 0
Flow Uec_950_358 flowId 749 uecSrc 748 starting at 0
Flow Uec_70_520 flowId 750 uecSrc 749 starting at 0
Flow Uec_52_557 flowId 751 uecSrc 750 starting at 0
Flow Uec_632_92 flowId 752 uecSrc 751 starting at 0
Flow Uec_839_280 flowId 753 uecSrc 752 starting at 0
Flow Uec_1057_491 flowId 754 uecSrc 753 starting at 0
Flow Uec_541_1042 flowId 755 uecSrc 754 starting at 0
Flow Uec_635_11 flowId 756 uecSrc 755 starting at 0
Flow Uec_896_268 flowId 757 uecSrc 756 starting at 0
Flow Uec_544_1000 flowId 758 uecSrc 757 starting at 0
Flow Uec_342_872 flowId 759 uecSrc 758 starting at 0
Flow Uec_862_215 flowId 760 uecSrc 759 starting at 0
Flow Uec_132_692 flowId 761 uecSrc 760 starting at 0
Flow Uec_1020_465 flowId 762 uecSrc 761 starting at 0
Flow Uec_1045_480 flowId 763 uecSrc 762 starting at 0
Flow Uec_985_329 flowId 764 uecSrc 763 starting at 0
Flow Uec_1019_435 flowId 765 uecSrc 764 starting at 0
Flow Uec_254_709 flowId 766 uecSrc 765 starting at 0
Flow Uec_660_97 flowId 767 uecSrc 766 starting at 0
Flow Uec_746_161 flowId 768 uecSrc 767 starting at 0
Flow Uec_778_114 flowId 769 uecSrc 768 starting at 0
Flow Uec_749_145 flowId 770 uecSrc 769 starting at 0
Flow Uec_226_706 flowId 771 uecSrc 770 starting at 0
Flow Uec_512_1054 flowId 772 uecSrc 771 starting at 0
Flow Uec_616_35 flowId 773 uecSrc 772 starting at 0
Flow Uec_934_318 flowId 774 uecSrc 773 starting at 0
Flow Uec_1053_429 flowId 775 uecSrc 774 starting at 0
Flow Uec_276_740 flowId 776 uecSrc 775 starting at 0
Flow Uec_304_882 flowId 777 uecSrc 776 starting at 0
Flow Uec_293_742 flowId 778 uecSrc 777 starting at 0
Flow Uec_1033_496 flowId 779 uecSrc 778 starting at 0
Flow Uec_707_168 flowId 780 uecSrc 779 starting at 0
Flow Uec_352_823 flowId 781 uecSrc 780 starting at 0
Flow Uec_740_131 flowId 782 uecSrc 781 starting at 0
Flow Uec_615_98 flowId 783 uecSrc 782 starting at 0
Flow Uec_719_192 flowId 784 uecSrc 783 starting at 0
Flow Uec_367_804 flowId 785 uecSrc 784 starting at 0
Flow Uec_605_62 flowId 786 uecSrc 785 starting at 0
Flow Uec_1036_457 flowId 787 uecSrc 786 starting at 0
Flow Uec_652_57 flowId 788 uecSrc 787 starting at 0
Flow Uec_382_879 flowId 789 uecSrc 788 starting at 0
Flow Uec_577_1086 flowId 790 uecSrc 789 starting at 0
Flow Uec_518_1019 flowId 791 uecSrc 790 starting at 0
Flow Uec_836_267 flowId 792 uecSrc 791 starting at 0
Flow Uec_330_877 flowId 793 uecSrc 792 starting at 0
Flow Uec_223_701 flowId 794 uecSrc 793 starting at 0
Flow Uec_614_0 flowId 795 uecSrc 794 starting at 0
Flow Uec_604_67 flowId 796 uecSrc 795 starting at 0
Flow Uec_149_626 flowId 797 uecSrc 796 starting at 0
Flow Uec_333_848 flowId 798 uecSrc 797 starting at 0
Flow Uec_451_916 flowId 799 uecSrc 798 starting at 0
Flow Uec_594_1061 flowId 800 uecSrc 799 starting at 0
Flow Uec_553_1016 flowId 801 uecSrc 800 starting at 0
Flow Uec_474_936 flowId 802 uecSrc 801 starting at 0
Flow Uec_94_577 flowId 803 uecSrc 802 starting at 0
Flow Uec_281_791 flowId 804 uecSrc 803 starting at 0
Flow Uec_784_197 flowId 805 uecSrc 804 starting at 0
Flow Uec_713_169 flowId 806 uecSrc 805 starting at 0
Flow Uec_537_1066 flowId 807 uecSrc 806 starting at 0
Flow Uec_383_885 flowId 808 uecSrc 807 starting at 0
Flow Uec_701_132 flowId 809 uecSrc 808 starting at 0
Flow Uec_845_219 flowId 810 uecSrc 809 starting at 0
Flow Uec_413_959 flowId 811 uecSrc 810 starting at 0
Flow Uec_125_684 flowId 812 uecSrc 811 starting at 0
Flow Uec_161_672 flowId 813 uecSrc 812 starting at 0
Flow Uec_14_578 flowId 814 uecSrc 813 starting at 0
Flow Uec_587_1026 flowId 815 uecSrc 814 starting at 0
Flow Uec_874_257 flowId 816 uecSrc 815 starting at 0
Flow Uec_1025_415 flowId 817 uecSrc 816 starting at 0
Flow Uec_629_91 flowId 818 uecSrc 817 starting at 0
Flow Uec_419_906 flowId 819 uecSrc 818 starting at 0
Flow Uec_58_528 flowId 820 uecSrc 819 starting at 0
Flow Uec_868_275 flowId 821 uecSrc 820 starting at 0
Flow Uec_54_506 flowId 822 uecSrc 821 starting at 0
Flow Uec_891_221 flowId 823 uecSrc 822 starting at 0
Flow Uec_207_731 flowId 824 uecSrc 823 starting at 0
Flow Uec_272_787 flowId 825 uecSrc 824 starting at 0
Flow Uec_132_692 flowId 761 uecSrc 760 finished at 226.06 total messages 1 total packets 490 RTS 0 total bytes 2002140 in_flight now 0 fair_inc 3272 prop_inc 50563 fast_inc 0 eta_inc 10132 multi_dec -0 quick_dec -0 nack_dec -62250
Flow Uec_94_577 flowId 803 uecSrc 802 finished at 234.823 total messages 1 total packets 490 RTS 0 total bytes 2002140 in_flight now 0 fair_inc 6749 prop_inc 55823 fast_inc 0 eta_inc 10728 multi_dec -0 quick_dec -0 nack_dec -66400
Flow Uec_330_877 flowId 793 uecSrc 792 finished at 238 total messages 1 total packets 490 RTS 0 total bytes 2002140 in_flight now 0 fair_inc 9859 prop_inc 49205 fast_inc 0 eta_inc 10728 multi_dec -0 quick_dec -0 nack_dec -66400
Flow Uec_1083_424 flowId 570 uecSrc 569 finished at 239.99 total messages 1 total packets 490 RTS 0 total bytes 2002140 in_flight now 0 fair_inc 402 prop_inc 60344 fast_inc 0 eta_inc 11324 multi_dec -0 quick_dec -0 nack_dec -83000
Flow Uec_139_651 flowId 370 uecSrc 369 finished at 244.341 total messages 1 total packets 490 RTS 0 total bytes 2002140 in_flight now 0 fair_inc 6522 prop_inc 53875 fast_inc 0 eta_inc 11324 multi_dec -0 quick_dec -0 nack_dec -83000
Flow Uec_198_678 flowId 597 uecSrc 596 finished at 248.186 total messages 1 total packets 490 RTS 0 total bytes 2002140 in_flight now 0 fair_inc 16688 prop_inc 48960 fast_inc 0 eta_inc 11324 multi_dec -0 quick_dec -0 nack_dec -87150
Flow Uec_524_1014 flowId 499 uecSrc 498 finished at 248.651 total messages 1 total packets 490 RTS 0 total bytes 2002140 in_flight now 0 fair_inc 7994 prop_inc 57927 fast_inc 0 eta_inc 11920 multi_dec -0 quick_dec -0 nack_dec -87150
Flow Uec_903_339 flowId 21 uecSrc 20 finished at 250.163 total messages 1 total packets 490 RTS 0 total bytes 2002140 in_flight now 0 fair_inc 12535 prop_inc 38595 fast_inc 0 eta_inc 11920 multi_dec -0 quick_dec -0 nack_dec -74700
Flow Uec_162_627 flowId 166 uecSrc 165 finished at 251.291 total messages 1 total packets 490 RTS 0 total bytes 2002140 in_flight now 0 fair_inc 19713 prop_inc 42654 fast_inc 0 eta_inc 11324 multi_dec -0 quick_dec -0 nack_dec -83000
Flow Uec_169_695 flowId 101 uecSrc 100 finished at 252.193 total messages 1 total packets 490 RTS 0 total bytes 2002140 in_flight now 0 fair_inc 12784 prop_inc 49532 fast_inc 0 eta_inc 11920 multi_dec -0 quick_dec -0 nack_dec -83000
Flow Uec_111_650 flowId 345 uecSrc 344 finished at 252.49 total messages 1 total packets 490 RTS 0 total bytes 2002140 in_flight now 0 fair_inc 9356 prop_inc 51009 fast_inc 0 eta_inc 11920 multi_dec -0 quick_dec -0 nack_dec -87150
Flow Uec_586_1059 flowId 615 uecSrc 614 finished at 252.524 total messages 1 total packets 490 RTS 0 total bytes 2002140 in_flight now 0 fair_inc 15367 prop_inc 46082 fast_inc 0 eta_inc 11324 multi_dec -0 quick_dec -0 nack_dec -87150
Flow Uec_971_359 flowId 124 uecSrc 123 finished at 252.53 total messages 1 total packets 490 RTS 0 total bytes 2002140 in_flight now 0 fair_inc 8309 prop_inc 57004 fast_inc 0 eta_inc 11920 multi_dec -0 quick_dec -0 nack_dec -87150
Flow Uec_474_936 flowId 802 uecSrc 801 finished at 252.805 total messages 1 total packets 490 RTS 0 total bytes 2002140 in_flight now 0 fair_inc 4521 prop_inc 59977 fast_inc 0 eta_inc 11324 multi_dec -0 quick_dec -0 nack_dec -87150
Flow Uec_383_885 flowId 808 uecSrc 807 finished at 252.862 total messages 1 total packets 490 RTS 0 total bytes 2002140 in_flight now 0 fair_inc 15407 prop_inc 52412 fast_inc 0 eta_inc 11920 multi_dec -0 quick_dec -0 nack_dec -91300
Flow Uec_912_352 flowId 525 uecSrc 524 finished at 253.524 total messages 1 total packets 490 RTS 0 total bytes 2002140 in_flight now 0 fair_inc 11669 prop_inc 56762 fast_inc 0 eta_inc 11324 multi_dec -0 quick_dec -0 nack_dec -91300
Flow Uec_136_673 flowId 611 uecSrc 610 finished at 253.989 total messages 1 total packets 490 RTS 0 total bytes 2002140 in_flight now 0 fair_inc 10833 prop_inc 47294 fast_inc 0 eta_inc 11920 multi_dec -0 quick_dec -0 nack_dec -83000
Flow Uec_975_305 flowId 177 uecSrc 176 finished at 254.336 total messages 1 total packets 490 RTS 0 total bytes 2002140 in_flight now 0 fair_inc 5203 prop_inc 54491 fast_inc 0 eta_inc 11920 multi_dec -0 quick_dec -0 nack_dec -95450
Flow Uec_522_1088 flowId 291 uecSrc 290 finished at 254.866 total messages 1 total packets 490 RTS 0 total bytes 2002140 in_flight now 0 fair_inc 10634 prop_inc 59384 fast_inc 0 eta_inc 11920 multi_dec -0 quick_dec -0 nack_dec -95450
Flow Uec_113_606 flowId 567 uecSrc 566 finished at 255.21 total messages 1 total packets 490 RTS 0 total bytes 2002140 in_flight now 0 fair_inc 7411 prop_inc 63095 fast_inc 0 eta_inc 11324 multi_dec -0 quick_dec -0 nack_dec -99600
Flow Uec_165_649 flowId 497 uecSrc 496 finished at 255.319 total messages 1 total packets 490 RTS 0 total bytes 2002140 in_flight now 0 fair_inc 12095 prop_inc 42188 fast_inc 0 eta_inc 11920 multi_dec -0 quick_dec -0 nack_dec -74700
Flow Uec_447_981 flowId 303 uecSrc 302 finished at 256.108 total messages 1 total packets 490 RTS 0 total bytes 2002140 in_flight now 0 fair_inc 3836 prop_inc 64549 fast_inc 0 eta_inc 11920 multi_dec -0 quick_dec -0 nack_dec -91300
Flow Uec_911_354 flowId 54 uecSrc 53 finished at 256.85 total messages 1 total packets 490 RTS 0 total bytes 2002140 in_flight now 0 fair_inc 10485 prop_inc 37740 fast_inc 0 eta_inc 11920 multi_dec -0 quick_dec -0 nack_dec -74700
Flow Uec_120_638 flowId 732 uecSrc 731 finished at 256.98 total messages 1 total packets 490 RTS 0 total bytes 2002140 in_flight now 0 fair_inc 15756 prop_inc 48643 fast_inc 0 eta_inc 11920 multi_dec -0 quick_dec -0 nack_dec -87150
Flow Uec_918_382 flowId 55 uecSrc 54 finished at 257.176 total messages 1 total packets 490 RTS 0 total bytes 2002140 in_flight now 0 fair_inc 11492 prop_inc 42731 fast_inc 0 eta_inc 11920 multi_dec -13019 quick_dec -0 nack_dec -74700
Flow Uec_303_809 flowId 505 uecSrc 504 finished at 257.42 total messages 1 total packets 490 RTS 0 total bytes 2002140 in_flight now 0 fair_inc 9269 prop_inc 59153 fast_inc 0 eta_inc 11920 multi_dec -0 quick_dec -0 nack_dec -99600
Flow Uec_146_601 flowId 123 uecSrc 122 finished at 257.572 total messages 1 total packets 490 RTS 0 total bytes 2002140 in_flight now 0 fair_inc 13379 prop_inc 62213 fast_inc 0 eta_inc 11920 multi_dec -0 quick_dec -0 nack_dec -103750
Flow Uec_116_628 flowId 108 uecSrc 107 finished at 258.191 total messages 1 total packets 490 RTS 0 total bytes 2002140 in_flight now 0 fair_inc 14177 prop_inc 43471 fast_inc 0 eta_inc 11920 multi_dec -0 quick_dec -0 nack_dec -83000
Flow Uec_468_989 flowId 544 uecSrc 543 finished at 258.356 total messages 1 total packets 490 RTS 0 total bytes 2002140 in_flight now 0 fair_inc 8483 prop_inc 42505 fast_inc 0 eta_inc 11920 multi_dec -0 quick_dec -0 nack_dec -83000
Flow Uec_519_1081 flowId 20 uecSrc 19 finished at 258.716 total messages 1 total packets 490 RTS 0 total bytes 2002140 in_flight now 0 fair_inc 12344 prop_inc 48757 fast_inc 0 eta_inc 11920 multi_dec -0 quick_dec -0 nack_dec -87150
Flow Uec_149_626 flowId 797 uecSrc 796 finished at 258.836 total messages 1 total packets 490 RTS 0 total bytes 2002140 in_flight now 0 fair_inc 17073 prop_inc 44808 fast_inc 0 eta_inc 11920 multi_dec -2098 quick_dec -0 nack_dec -87150
Flow Uec_177_637 flowId 676 uecSrc 675 finished at 258.921 total messages 1 total packets 490 RTS 0 total bytes 2002140 in_flight now 0 fair_inc 6231 prop_inc 57089 fast_inc 0 eta_inc 11920 multi_dec -0 quick_dec -0 nack_dec -95450
Flow Uec_300_801 flowId 238 uecSrc 237 finished at 259.27 total messages 1 total packets 490 RTS 0 total bytes 2002140 in_flight now 0 fair_inc 9534 prop_inc 47344 fast_inc 0 eta_inc 11920 multi_dec -0 quick_dec -0 nack_dec -83000
Flow Uec_234_707 flowId 394 uecSrc 393 finished at 259.49 total messages 1 total packets 490 RTS 0 total bytes 2002140 in_flight now 0 fair_inc 10847 prop_inc 49563 fast_inc 0 eta_inc 11920 multi_dec -0 quick_dec -0 nack_dec -91300
Flow Uec_437_974 flowId 424 uecSrc 423 finished at 260.176 total messages 1 total packets 490 RTS 0 total bytes 2002140 in_flight now 0 fair_inc 17906 prop_inc 46570 fast_inc 0 eta_inc 11920 multi_dec -0 quick_dec -0 nack_dec -83000
Flow Uec_403_927 flowId 552 uecSrc 551 finished at 260.195 total messages 1 total packets 490 RTS 0 total bytes 2002140 in_flight now 0 fair_inc 12445 prop_inc 53628 fast_inc 0 eta_inc 11920 multi_dec -0 quick_dec -0 nack_dec -95450
Flow Uec_232_763 flowId 617 uecSrc 616 finished at 261.052 total messages 1 total packets 490 RTS 0 total bytes 2002140 in_flight now 0 fair_inc 16373 prop_inc 40185 fast_inc 0 eta_inc 11920 multi_dec -14933 quick_dec -0 nack_dec -83000
Flow Uec_163_634 flowId 465 uecSrc 464 finished at 261.104 total messages 1 total packets 490 RTS 0 total bytes 2002140 in_flight now 0 fair_inc 4157 prop_inc 71899 fast_inc 0 eta_inc 11920 multi_dec -0 quick_dec -0 nack_dec -107900
Flow Uec_112_663 flowId 125 uecSrc 124 finished at 262.291 total messages 1 total packets 490 RTS 0 total bytes 2002140 in_flight now 0 fair_inc 10890 prop_inc 52241 fast_inc 0 eta_inc 11920 multi_dec -0 quick_dec -0 nack_dec -95450
Flow Uec_114_612 flowId 407 uecSrc 406 finished at 262.343 total messages 1 total packets 490 RTS 0 total bytes 2002140 in_flight now 0 fair_inc 10398 prop_inc 63108 fast_inc 0 eta_inc 11920 multi_dec -0 quick_dec -0 nack_dec -103750
Flow Uec_761_121 flowId 148 uecSrc 147 finished at 262.702 total messages 1 total packets 490 RTS 0 total bytes 2002140 in_flight now 0 fair_inc 11135 prop_inc 51355 fast_inc 0 eta_inc 11920 multi_dec -0 quick_dec -0 nack_dec -95450
Flow Uec_195_648 flowId 269 uecSrc 268 finished at 262.759 total messages 1 total packets 490 RTS 0 total bytes 2002140 in_flight now 0 fair_inc 10529 prop_inc 56080 fast_inc 0 eta_inc 12516 multi_dec -0 quick_dec -0 nack_dec -103750
Flow Uec_13_548 flowId 276 uecSrc 275 finished at 262.921 total messages 1 total packets 490 RTS 0 total bytes 2002140 in_flight now 0 fair_inc 6628 prop_inc 48319 fast_inc 0 eta_inc 11920 multi_dec -0 quick_dec -0 nack_dec -83000
Flow Uec_167_658 flowId 391 uecSrc 390 finished at 263.06 total messages 1 total packets 490 RTS 0 total bytes 2002140 in_flight now 0 fair_inc 12892 prop_inc 48631 fast_inc 0 eta_inc 12516 multi_dec -0 quick_dec -0 nack_dec -87150
Flow Uec_1053_429 flowId 775 uecSrc 774 finished at 263.306 total messages 1 total packets 490 RTS 0 total bytes 2002140 in_flight now 0 fair_inc 16806 prop_inc 44839 fast_inc 0 eta_inc 11920 multi_dec -0 quick_dec -0 nack_dec -87150
Flow Uec_444_987 flowId 379 uecSrc 378 finished at 263.355 total messages 1 total packets 490 RTS 0 total bytes 2002140 in_flight now 0 fair_inc 6636 prop_inc 62496 fast_inc 0 eta_inc 12516 multi_dec -0 quick_dec -0 nack_dec -95450
Flow Uec_985_329 flowId 764 uecSrc 763 finished at 263.401 total messages 1 total packets 490 RTS 0 total bytes 2002140 in_flight now 0 fair_inc 7517 prop_inc 56798 fast_inc 0 eta_inc 12516 multi_dec -0 quick_dec -0 nack_dec -95450
Flow Uec_963_371 flowId 308 uecSrc 307 finished at 263.452 total messages 1 total packets 490 RTS 0 total bytes 2002140 in_flight now 0 fair_inc 7997 prop_inc 60211 fast_inc 0 eta_inc 11920 multi_dec -0 quick_dec -0 nack_dec -103750
Flow Uec_270_744 flowId 109 uecSrc 108 finished at 263.465 total messages 1 total packets 490 RTS 0 total bytes 2002140 in_flight now 0 fair_inc 11148 prop_inc 51956 fast_inc 0 eta_inc 12516 multi_dec -0 quick_dec -0 nack_dec -95450
Flow Uec_141_608 flowId 429 uecSrc 428 finished at 263.494 total messages 1 total packets 490 RTS 0 total bytes 2002140 in_flight now 0 fair_inc 16320 prop_inc 55386 fast_inc 0 eta_inc 12516 multi_dec -0 quick_dec -0 nack_dec -103750
Flow Uec_366_811 flowId 222 uecSrc 221 finished at 263.682 total messages 1 total packets 490 RTS 0 total bytes 2002140 in_flight now 0 fair_inc 7641 prop_inc 52955 fast_inc 0 eta_inc 12516 multi_dec -0 quick_dec -0 nack_dec -99600
Flow Uec_107_632 flowId 268 uecSrc 267 finished at 263.718 total messages 1 total packets 490 RTS 0 total bytes 2002140 in_flight now 0 fair_inc 16239 prop_inc 49571 fast_inc 0 eta_inc 12516 multi_dec -0 quick_dec -0 nack_dec -99600
Flow Uec_464_941 flowId 115 uecSrc 114 finished at 264.238 total messages 1 total packets 490 RTS 0 total bytes 2002140 in_flight now 0 fair_inc 11140 prop_inc 54254 fast_inc 0 eta_inc 11920 multi_dec -0 quick_dec -0 nack_dec -99600
Flow Uec_290_756 flowId 479 uecSrc 478 finished at 264.307 total messages 1 total packets 490 RTS 0 total bytes 2002140 in_flight now 0 fair_inc 14081 prop_inc 55311 fast_inc 0 eta_inc 12516 multi_dec -0 quick_dec -0 nack_dec -95450
Flow Uec_1070_430 flowId 301 uecSrc 300 finished at 264.396 total messages 1 total packets 490 RTS 0 total bytes 2002140 in_flight now 0 fair_inc 10192 prop_inc 52264 fast_inc 0 eta_inc 12516 multi_dec -0 quick_dec -0 nack_dec -95450
Flow Uec_140_603 flowId 432 uecSrc 431 finished at 264.429 total messages 1 total packets 490 RTS 0 total bytes 2002140 in_flight now 0 fair_inc 5978 prop_inc 65627 fast_inc 0 eta_inc 12516 multi_dec -0 quick_dec -0 nack_dec -107900
Flow Uec_121_674 flowId 294 uecSrc 293 finished at 264.45 total messages 1 total packets 490 RTS 0 total bytes 2002140 in_flight now 0 fair_inc 11894 prop_inc 51468 fast_inc 0 eta_inc 11920 multi_dec -0 quick_dec -0 nack_dec -95450
Flow Uec_419_906 flowId 819 uecSrc 818 finished at 264.457 total messages 1 total packets 490 RTS 0 total bytes 2002140 in_flight now 0 fair_inc 19310 prop_inc 43483 fast_inc 0 eta_inc 12516 multi_dec -0 quick_dec -0 nack_dec -78850
Flow Uec_30_599 flowId 698 uecSrc 697 finished at 264.465 total messages 1 total packets 490 RTS 0 total bytes 2002140 in_flight now 0 fair_inc 17195 prop_inc 51073 fast_inc 0 eta_inc 11920 multi_dec -0 quick_dec -0 nack_dec -95450
Flow Uec_316_856 flowId 60 uecSrc 59 finished at 264.646 total messages 1 total packets 490 RTS 0 total bytes 2002140 in_flight now 0 fair_inc 16255 prop_inc 56094 fast_inc 0 eta_inc 11920 multi_dec -0 quick_dec -0 nack_dec -99600
Flow Uec_125_684 flowId 812 uecSrc 811 finished at 264.913 total messages 1 total packets 490 RTS 0 total bytes 2002140 in_flight now 0 fair_inc 15547 prop_inc 59601 fast_inc 0 eta_inc 12516 multi_dec -0 quick_dec -0 nack_dec -103750
Flow Uec_119_644 flowId 173 uecSrc 172 finished at 264.973 total messages 1 total packets 490 RTS 0 total bytes 2002140 in_flight now 0 fair_inc 7878 prop_inc 49020 fast_inc 0 eta_inc 12516 multi_dec -0 quick_dec -0 nack_dec -91300
Flow Uec_905_308 flowId 387 uecSrc 386 finished at 265.073 total messages 1 total packets 490 RTS 0 total bytes 2002140 in_flight now 0 fair_inc 13228 prop_inc 55575 fast_inc 0 eta_inc 11920 multi_dec -0 quick_dec -0 nack_dec -103750
Flow Uec_338_852 flowId 18 uecSrc 17 finished at 265.106 total messages 1 total packets 490 RTS 0 total bytes 2002140 in_flight now 0 fair_inc 8331 prop_inc 54635 fast_inc 0 eta_inc 12516 multi_dec -0 quick_dec -0 nack_dec -91300
Flow Uec_834_227 flowId 244 uecSrc 243 finished at 265.193 total messages 1 total packets 490 RTS 0 total bytes 2002140 in_flight now 0 fair_inc 12755 prop_inc 43091 fast_inc 0 eta_inc 12516 multi_dec -90 quick_dec -0 nack_dec -91300
Flow Uec_709_133 flowId 706 uecSrc 705 finished at 265.262 total messages 1 total packets 490 RTS 0 total bytes 2002140 in_flight now 0 fair_inc 15479 prop_inc 54484 fast_inc 0 eta_inc 12516 multi_dec -0 quick_dec -0 nack_dec -103750
Flow Uec_482_948 flowId 53 uecSrc 52 finished at 265.537 total messages 1 total packets 490 RTS 0 total bytes 2002140 in_flight now 0 fair_inc 9817 prop_inc 53873 fast_inc 0 eta_inc 12516 multi_dec -0 quick_dec -0 nack_dec -103750
Flow Uec_350_812 flowId 613 uecSrc 612 finished at 265.704 total messages 1 total packets 490 RTS 0 total bytes 2002140 in_flight now 0 fair_inc 7628 prop_inc 50542 fast_inc 0 eta_inc 12516 multi_dec -0 quick_dec -0 nack_dec -83000
Flow Uec_1047_478 flowId 145 uecSrc 144 finished at 265.946 total messages 1 total packets 490 RTS 0 total bytes 2002140 in_flight now 0 fair_inc 20581 prop_inc 43391 fast_inc 0 eta_inc 12516 multi_dec -0 quick_dec -0 nack_dec -91300
Flow Uec_1007_451 flowId 241 uecSrc 240 finished at 265.969 total messages 1 total packets 490 RTS 0 total bytes 2002140 in_flight now 0 fair_inc 12368 prop_inc 46018 fast_inc 0 eta_inc 12516 multi_dec -0 quick_dec -0 nack_dec -95450
Flow Uec_945_375 flowId 94 uecSrc 93 finished at 266.31 total messages 1 total packets 490 RTS 0 total bytes 2002140 in_flight now 0 fair_inc 15164 prop_inc 45085 fast_inc 0 eta_inc 12516 multi_dec -0 quick_dec -0 nack_dec -91300
Flow Uec_175_619 flowId 402 uecSrc 401 finished at 266.351 total messages 1 total packets 490 RTS 0 total bytes 2002140 in_flight now 0 fair_inc 9590 prop_inc 60586 fast_inc 0 eta_inc 12516 multi_dec -0 quick_dec -0 nack_dec -103750
Flow Uec_510_1065 flowId 583 uecSrc 582 finished at 266.421 total messages 1 total packets 490 RTS 0 total bytes 2002140 in_flight now 0 fair_inc 4916 prop_inc 66159 fast_inc 0 eta_inc 11920 multi_dec -0 quick_dec -0 nack_dec -107900
Flow Uec_357_824 flowId 522 uecSrc 521 finished at 266.876 total messages 1 total packets 490 RTS 0 total bytes 2002140 in_flight now 0 fair_inc 19763 prop_inc 44650 fast_inc 0 eta_inc 11920 multi_dec -0 quick_dec -0 nack_dec -99600
Flow Uec_299_783 flowId 503 uecSrc 502 finished at 267.029 total messages 1 total packets 490 RTS 0 total bytes 2002140 in_flight now 0 fair_inc 11955 prop_inc 54621 fast_inc 0 eta_inc 12516 multi_dec -0 quick_dec -0 nack_dec -95450
Flow Uec_457_999 flowId 601 uecSrc 600 finished at 267.097 total messages 1 total packets 490 RTS 0 total bytes 2002140 in_flight now 0 fair_inc 9863 prop_inc 54209 fast_inc 0 eta_inc 12516 multi_dec -0 quick_dec -0 nack_dec -103750
Flow Uec_72_588 flowId 390 uecSrc 389 finished at 267.272 total messages 1 total packets 490 RTS 0 total bytes 2002140 in_flight now 0 fair_inc 7188 prop_inc 51325 fast_inc 0 eta_inc 12516 multi_dec -0 quick_dec -0 nack_dec -103750
Flow Uec_432_934 flowId 644 uecSrc 643 finished at 267.302 total messages 1 total packets 490 RTS 0 total bytes 2002140 in_flight now 0 fair_inc 17680 prop_inc 39957 fast_inc 0 eta_inc 12516 multi_dec -0 quick_dec -0 nack_dec -83000
Flow Uec_997_368 flowId 428 uecSrc 427 finished at 267.348 total messages 1 total packets 490 RTS 0 total bytes 2002140 in_flight now 0 fair_inc 9487 prop_inc 57713 fast_inc 0 eta_inc 12516 multi_dec -0 quick_dec -0 nack_dec -103750
Flow Uec_110_667 flowId 523 uecSrc 522 finished at 267.427 total messages 1 total packets 490 RTS 0 total bytes 2002140 in_flight now 0 fair_inc 2324 prop_inc 50805 fast_inc 0 eta_inc 11920 multi_dec -539 quick_dec -0 nack_dec -91300
Flow Uec_575_1096 flowId 535 uecSrc 534 finished at 267.473 total messages 1 total packets 490 RTS 0 total bytes 2002140 in_flight now 0 fair_inc 13738 prop_inc 56485 fast_inc 0 eta_inc 11920 multi_dec -0 quick_dec -0 nack_dec -103750
Flow Uec_144_686 flowId 314 uecSrc 313 finished at 267.683 total messages 1 total packets 490 RTS 0 total bytes 2002140 in_flight now 0 fair_inc 3990 prop_inc 73544 fast_inc 0 eta_inc 12516 multi_dec -0 quick_dec -0 nack_dec -116200
Flow Uec_355_857 flowId 513 uecSrc 512 finished at 267.852 total messages 1 total packets 490 RTS 0 total bytes 2002140 in_flight now 0 fair_inc 15339 prop_inc 47383 fast_inc 0 eta_inc 12516 multi_dec -0 quick_dec -0 nack_dec -99600
Flow Uec_295_776 flowId 455 uecSrc 454 finished at 267.986 total messages 1 total packets 490 RTS 0 total bytes 2002140 in_flight now 0 fair_inc 13962 prop_inc 46931 fast_inc 0 eta_inc 12516 multi_dec -0 quick_dec -0 nack_dec -99600
Flow Uec_135_694 flowId 413 uecSrc 412 finished at 268.203 total messages 1 total packets 490 RTS 0 total bytes 2002140 in_flight now 0 fair_inc 9836 prop_inc 53163 fast_inc 0 eta_inc 12516 multi_dec -0 quick_dec -0 nack_dec -99600
Flow Uec_436_933 flowId 368 uecSrc 367 finished at 268.358 total messages 1 total packets 490 RTS 0 total bytes 2002140 in_flight now 0 fair_inc 19848 prop_inc 40074 fast_inc 0 eta_inc 12516 multi_dec -0 quick_dec -0 nack_dec -91300
Flow Uec_283_757 flowId 467 uecSrc 466 finished at 268.404 total messages 1 total packets 490 RTS 0 total bytes 2002140 in_flight now 0 fair_inc 13769 prop_inc 52995 fast_inc 0 eta_inc 12516 multi_dec -0 quick_dec -0 nack_dec -99600
Flow Uec_486_967 flowId 683 uecSrc 682 finished at 268.57 total messages 1 total packets 490 RTS 0 total bytes 2002140 in_flight now 0 fair_inc 17423 prop_inc 44259 fast_inc 0 eta_inc 12516 multi_dec -11953 quick_dec -0 nack_dec -91300
Flow Uec_790_162 flowId 350 uecSrc 349 finished at 269.611 total messages 1 total packets 490 RTS 0 total bytes 2002140 in_flight now 0 fair_inc 8394 prop_inc 45614 fast_inc 0 eta_inc 12516 multi_dec -0 quick_dec -0 nack_dec -87150
Flow Uec_10_581 flowId 134 uecSrc 133 finished at 269.644 total messages 1 total packets 490 RTS 0 total bytes 2002140 in_flight now 0 fair_inc 12113 prop_inc 45537 fast_inc 0 eta_inc 12516 multi_dec -0 quick_dec -0 nack_dec -95450
Flow Uec_28_558 flowId 672 uecSrc 671 finished at 269.779 total messages 1 total packets 490 RTS 0 total bytes 2002140 in_flight now 0 fair_inc 7746 prop_inc 50946 fast_inc 0 eta_inc 12516 multi_dec -0 quick_dec -0 nack_dec -95450
Flow Uec_137_622 flowId 385 uecSrc 384 finished at 269.858 total messages 1 total packets 490 RTS 0 total bytes 2002140 in_flight now 0 fair_inc 10800 prop_inc 48878 fast_inc 0 eta_inc 12516 multi_dec -0 quick_dec -0 nack_dec -91300
Flow Uec_949_336 flowId 572 uecSrc 571 finished at 269.965 total messages 1 total packets 490 RTS 0 total bytes 2002140 in_flight now 0 fair_inc 12171 prop_inc 47285 fast_inc 0 eta_inc 12516 multi_dec -0 quick_dec -0 nack_dec -99600
Flow Uec_523_1092 flowId 661 uecSrc 660 finished at 270.004 total messages 1 total packets 490 RTS 0 total bytes 2002140 in_flight now 0 fair_inc 9306 prop_inc 61788 fast_inc 0 eta_inc 12516 multi_dec -0 quick_dec -0 nack_dec -107900
Flow Uec_1041_402 flowId 478 uecSrc 477 finished at 270.07 total messages 1 total packets 490 RTS 0 total bytes 2002140 in_flight now 0 fair_inc 8148 prop_inc 57898 fast_inc 0 eta_inc 12516 multi_dec -0 quick_dec -0 nack_dec -103750
Flow Uec_95_547 flowId 414 uecSrc 413 finished at 270.134 total messages 1 total packets 490 RTS 0 total bytes 2002140 in_flight now 0 fair_inc 11372 prop_inc 55040 fast_inc 0 eta_inc 12516 multi_dec -0 quick_dec -0 nack_dec -91300
Flow Uec_947_366 flowId 274 uecSrc 273 finished at 270.211 total messages 1 total packets 490 RTS 0 total bytes 2002140 in_flight now 0 fair_inc 6776 prop_inc 63173 fast_inc 0 eta_inc 12516 multi_dec -0 quick_dec -0 nack_dec -112050
Flow Uec_581_1090 flowId 46 uecSrc 45 finished at 270.332 total messages 1 total packets 490 RTS 0 total bytes 2002140 in_flight now 0 fair_inc 12245 prop_inc 40113 fast_inc 0 eta_inc 12516 multi_dec -17872 quick_dec -0 nack_dec -99600
Flow Uec_239_765 flowId 76 uecSrc 75 finished at 270.441 total messages 1 total packets 490 RTS 0 total bytes 2002140 in_flight now 0 fair_inc 23860 prop_inc 40156 fast_inc 0 eta_inc 12516 multi_dec -1273 quick_dec -0 nack_dec -95450
Flow Uec_430_977 flowId 214 uecSrc 213 finished at 270.583 total messages 1 total packets 490 RTS 0 total bytes 2002140 in_flight now 0 fair_inc 22618 prop_inc 47615 fast_inc 0 eta_inc 12516 multi_dec -0 quick_dec -0 nack_dec -99600
Flow Uec_528_1057 flowId 349 uecSrc 348 finished at 270.631 total messages 1 total packets 490 RTS 0 total bytes 2002140 in_flight now 0 fair_inc 11605 prop_inc 37748 fast_inc 0 eta_inc 12516 multi_dec -41475 quick_dec -0 nack_dec -83000
Flow Uec_549_1028 flowId 231 uecSrc 230 finished at 270.785 total messages 1 total packets 490 RTS 0 total bytes 2002140 in_flight now 0 fair_inc 16361 prop_inc 43249 fast_inc 0 eta_inc 12516 multi_dec -0 quick_dec -0 nack_dec -91300
Flow Uec_164_683 flowId 4 uecSrc 3 finished at 270.883 total messages 1 total packets 490 RTS 0 total bytes 2002140 in_flight now 0 fair_inc 12898 prop_inc 41595 fast_inc 0 eta_inc 12516 multi_dec -19076 quick_dec -0 nack_dec -87150
Flow Uec_127_647 flowId 477 uecSrc 476 finished at 270.886 total messages 1 total packets 490 RTS 0 total bytes 2002140 in_flight now 0 fair_inc 9501 prop_inc 70865 fast_inc 0 eta_inc 12516 multi_dec -0 quick_dec -0 nack_dec -120350
Flow Uec_425_951 flowId 290 uecSrc 289 finished at 270.94 total messages 1 total packets 490 RTS 0 total bytes 2002140 in_flight now 0 fair_inc 18094 prop_inc 57674 fast_inc 0 eta_inc 12516 multi_dec -0 quick_dec -0 nack_dec -112050
Flow Uec_513_1012 flowId 590 uecSrc 589 finished at 270.984 total messages 1 total packets 490 RTS 0 total bytes 2002140 in_flight now 0 fair_inc 11634 prop_inc 48054 fast_inc 0 eta_inc 12516 multi_dec -0 quick_dec -0 nack_dec -95450
Flow Uec_845_219 flowId 810 uecSrc 809 finished at 271.125 total messages 1 total packets 490 RTS 0 total bytes 2002140 in_flight now 0 fair_inc 8506 prop_inc 41326 fast_inc 0 eta_inc 12516 multi_dec -9797 quick_dec -0 nack_dec -87150
Flow Uec_17_562 flowId 246 uecSrc 245 finished at 271.127 total messages 1 total packets 490 RTS 0 total bytes 2002140 in_flight now 0 fair_inc 8873 prop_inc 54102 fast_inc 0 eta_inc 13112 multi_dec -0 quick_dec -0 nack_dec -91300
Flow Uec_1029_471 flowId 436 uecSrc 435 finished at 271.202 total messages 1 total packets 490 RTS 0 total bytes 2002140 in_flight now 0 fair_inc 8164 prop_inc 46610 fast_inc 0 eta_inc 12516 multi_dec -0 quick_dec -0 nack_dec -95450
Flow Uec_768_191 flowId 57 uecSrc 56 finished at 271.266 total messages 1 total packets 490 RTS 0 total bytes 2002140 in_flight now 0 fair_inc 13404 prop_inc 50224 fast_inc 0 eta_inc 12516 multi_dec -0 quick_dec -0 nack_dec -91300
Flow Uec_166_666 flowId 208 uecSrc 207 finished at 271.312 total messages 1 total packets 490 RTS 0 total bytes 2002140 in_flight now 0 fair_inc 13170 prop_inc 45308 fast_inc 0 eta_inc 12516 multi_dec -0 quick_dec -0 nack_dec -95450
Flow Uec_217_754 flowId 588 uecSrc 587 finished at 271.315 total messages 1 total packets 490 RTS 0 total bytes 2002140 in_flight now 0 fair_inc 17807 prop_inc 40932 fast_inc 0 eta_inc 12516 multi_dec -0 quick_dec -0 nack_dec -91300
Flow Uec_525_1082 flowId 501 uecSrc 500 finished at 271.632 total messages 1 total packets 490 RTS 0 total bytes 2002140 in_flight now 0 fair_inc 12896 prop_inc 50873 fast_inc 0 eta_inc 12516 multi_dec -0 quick_dec -0 nack_dec -99600
Flow Uec_995_351 flowId 49 uecSrc 48 finished at 271.666 total messages 1 total packets 490 RTS 0 total bytes 2002140 in_flight now 0 fair_inc 3764 prop_inc 55869 fast_inc 0 eta_inc 12516 multi_dec -0 quick_dec -0 nack_dec -103750
Flow Uec_70_520 flowId 750 uecSrc 749 finished at 271.784 total messages 1 total packets 490 RTS 0 total bytes 2002140 in_flight now 0 fair_inc 10044 prop_inc 48646 fast_inc 0 eta_inc 12516 multi_dec -3252 quick_dec -0 nack_dec -91300
Flow Uec_174_696 flowId 205 uecSrc 204 finished at 271.79 total messages 1 total packets 490 RTS 0 total bytes 2002140 in_flight now 0 fair_inc 10282 prop_inc 57484 fast_inc 0 eta_inc 12516 multi_dec -0 quick_dec -0 nack_dec -103750
Flow Uec_1096_476 flowId 693 uecSrc 692 finished at 271.889 total messages 1 total packets 490 RTS 0 total bytes 2002140 in_flight now 0 fair_inc 8524 prop_inc 43337 fast_inc 0 eta_inc 12516 multi_dec -0 quick_dec -0 nack_dec -91300
Flow Uec_480_903 flowId 624 uecSrc 623 finished at 271.96 total messages 1 total packets 490 RTS 0 total bytes 2002140 in_flight now 0 fair_inc 11024 prop_inc 47056 fast_inc 0 eta_inc 12516 multi_dec -1477 quick_dec -0 nack_dec -91300
Flow Uec_476_914 flowId 247 uecSrc 246 finished at 272.079 total messages 1 total packets 490 RTS 0 total bytes 2002140 in_flight now 0 fair_inc 5888 prop_inc 51098 fast_inc 0 eta_inc 12516 multi_dec -0 quick_dec -0 nack_dec -99600
Flow Uec_101_655 flowId 89 uecSrc 88 finished at 272.13 total messages 1 total packets 490 RTS 0 total bytes 2002140 in_flight now 0 fair_inc 12107 prop_inc 55261 fast_inc 0 eta_inc 12516 multi_dec -0 quick_dec -0 nack_dec -99600
Flow Uec_929_324 flowId 489 uecSrc 488 finished at 272.201 total messages 1 total packets 490 RTS 0 total bytes 2002140 in_flight now 0 fair_inc 9928 prop_inc 53993 fast_inc 0 eta_inc 12516 multi_dec -0 quick_dec -0 nack_dec -99600
Flow Uec_894_220 flowId 678 uecSrc 677 finished at 272.396 total messages 1 total packets 490 RTS 0 total bytes 2002140 in_flight now 0 fair_inc 14135 prop_inc 43913 fast_inc 0 eta_inc 12516 multi_dec -0 quick_dec -0 nack_dec -91300
Flow Uec_731_140 flowId 677 uecSrc 676 finished at 272.541 total messages 1 total packets 490 RTS 0 total bytes 2002140 in_flight now 0 fair_inc 10930 prop_inc 46506 fast_inc 0 eta_inc 12516 multi_dec -0 quick_dec -0 nack_dec -95450
Flow Uec_986_356 flowId 74 uecSrc 73 finished at 272.628 total messages 1 total packets 490 RTS 0 total bytes 2002140 in_flight now 0 fair_inc 9886 prop_inc 55952 fast_inc 0 eta_inc 12516 multi_dec -0 quick_dec -0 nack_dec -103750
Flow Uec_784_197 flowId 805 uecSrc 804 finished at 272.679 total messages 1 total packets 490 RTS 0 total bytes 2002140 in_flight now 0 fair_inc 17611 prop_inc 46199 fast_inc 0 eta_inc 12516 multi_dec -0 quick_dec -0 nack_dec -95450
Flow Uec_6_500 flowId 28 uecSrc 27 finished at 272.79 total messages 1 total packets 490 RTS 0 total bytes 2002140 in_flight now 0 fair_inc 7696 prop_inc 55901 fast_inc 0 eta_inc 12516 multi_dec -0 quick_dec -0 nack_dec -103750
Flow Uec_1022_488 flowId 425 uecSrc 424 finished at 272.908 total messages 1 total packets 490 RTS 0 total bytes 2002140 in_flight now 0 fair_inc 8000 prop_inc 68035 fast_inc 0 eta_inc 13112 multi_dec -0 quick_dec -0 nack_dec -112050
Flow Uec_1023_474 flowId 188 uecSrc 187 finished at 273.01 total messages 1 total packets 490 RTS 0 total bytes 2002140 in_flight now 0 fair_inc 15395 prop_inc 43469 fast_inc 0 eta_inc 12516 multi_dec -787 quick_dec -0 nack_dec -95450
Flow Uec_257_764 flowId 43 uecSrc 42 finished at 273.131 total messages 1 total packets 490 RTS 0 total bytes 2002140 in_flight now 0 fair_inc 13019 prop_inc 57135 fast_inc 0 eta_inc 12516 multi_dec -0 quick_dec -0 nack_dec -107900
Flow Uec_332_803 flowId 646 uecSrc 645 finished at 273.248 total messages 1 total packets 490 RTS 0 total bytes 2002140 in_flight now 0 fair_inc 15791 prop_inc 58132 fast_inc 0 eta_inc 12516 multi_dec -0 quick_dec -0 nack_dec -103750
Flow Uec_977_392 flowId 319 uecSrc 318 finished at 273.341 total messages 1 total packets 490 RTS 0 total bytes 2002140 in_flight now 0 fair_inc 8508 prop_inc 48219 fast_inc 0 eta_inc 12516 multi_dec -0 quick_dec -0 nack_dec -99600
Flow Uec_843_279 flowId 372 uecSrc 371 finished at 273.507 total messages 1 total packets 490 RTS 0 total bytes 2002140 in_flight now 0 fair_inc 13187 prop_inc 53099 fast_inc 0 eta_inc 12516 multi_dec -0 quick_dec -0 nack_dec -103750
Flow Uec_1062_447 flowId 295 uecSrc 294 finished at 273.508 total messages 1 total packets 490 RTS 0 total bytes 2002140 in_flight now 0 fair_inc 10944 prop_inc 53193 fast_inc 0 eta_inc 13112 multi_dec -0 quick_dec -0 nack_dec -103750
Flow Uec_1000_490 flowId 249 uecSrc 248 finished at 273.527 total messages 1 total packets 490 RTS 0 total bytes 2002140 in_flight now 0 fair_inc 11671 prop_inc 51485 fast_inc 0 eta_inc 13112 multi_dec -0 quick_dec -0 nack_dec -99600
Flow Uec_400_966 flowId 79 uecSrc 78 finished at 273.587 total messages 1 total packets 490 RTS 0 total bytes 2002140 in_flight now 0 fair_inc 10780 prop_inc 51218 fast_inc 0 eta_inc 12516 multi_dec -0 quick_dec -0 nack_dec -95450
Flow Uec_1009_464 flowId 461 uecSrc 460 finished at 273.73 total messages 1 total packets 490 RTS 0 total bytes 2002140 in_flight now 0 fair_inc 11889 prop_inc 58095 fast_inc 0 eta_inc 12516 multi_dec -0 quick_dec -0 nack_dec -107900
Flow Uec_976_362 flowId 130 uecSrc 129 finished at 273.754 total messages 1 total packets 490 RTS 0 total bytes 2002140 in_flight now 0 fair_inc 15590 prop_inc 49295 fast_inc 0 eta_inc 12516 multi_dec -0 quick_dec -0 nack_dec -103750
Flow Uec_941_303 flowId 346 uecSrc 345 finished at 273.885 total messages 1 total packets 490 RTS 0 total bytes 2002140 in_flight now 0 fair_inc 10697 prop_inc 70464 fast_inc 0 eta_inc 12516 multi_dec -0 quick_dec -0 nack_dec -112050
Flow Uec_1055_487 flowId 635 uecSrc 634 finished at 273.971 total messages 1 total packets 490 RTS 0 total bytes 2002140 in_flight now 0 fair_inc 20837 prop_inc 45797 fast_inc 0 eta_inc 12516 multi_dec -0 quick_dec -0 nack_dec -95450
Flow Uec_980_321 flowId 426 uecSrc 425 finished at 273.975 total messages 1 total packets 490 RTS 0 total bytes 2002140 in_flight now 0 fair_inc 14835 prop_inc 45511 fast_inc 0 eta_inc 13112 multi_dec -0 quick_dec -0 nack_dec -95450
Flow Uec_763_143 flowId 701 uecSrc 700 finished at 273.982 total messages 1 total packets 490 RTS 0 total bytes 2002140 in_flight now 0 fair_inc 9096 prop_inc 59565 fast_inc 0 eta_inc 12516 multi_dec -0 quick_dec -0 nack_dec -112050
Flow Uec_826_233 flowId 137 uecSrc 136 finished at 274.108 total messages 1 total packets 490 RTS 0 total bytes 2002140 in_flight now 0 fair_inc 14079 prop_inc 36800 fast_inc 0 eta_inc 12516 multi_dec -0 quick_dec -0 nack_dec -87150
Flow Uec_1033_496 flowId 779 uecSrc 778 finished at 274.118 total messages 1 total packets 490 RTS 0 total bytes 2002140 in_flight now 0 fair_inc 8050 prop_inc 62582 fast_inc 0 eta_inc 12516 multi_dec -0 quick_dec -0 nack_dec -107900
Flow Uec_161_672 flowId 813 uecSrc 812 finished at 274.195 total messages 1 total packets 490 RTS 0 total bytes 2002140 in_flight now 0 fair_inc 19440 prop_inc 49530 fast_inc 0 eta_inc 12516 multi_dec -0 quick_dec -0 nack_dec -103750
Flow Uec_18_509 flowId 542 uecSrc 541 finished at 274.211 total messages 1 total packets 490 RTS 0 total bytes 2002140 in_flight now 0 fair_inc 5996 prop_inc 49281 fast_inc 0 eta_inc 12516 multi_dec -0 quick_dec -0 nack_dec -95450
Flow Uec_520_1067 flowId 91 uecSrc 90 finished at 274.27 total messages 1 total packets 490 RTS 0 total bytes 2002140 in_flight now 0 fair_inc 21144 prop_inc 52764 fast_inc 0 eta_inc 12516 multi_dec -0 quick_dec -0 nack_dec -103750
Flow Uec_782_127 flowId 512 uecSrc 511 finished at 274.289 total messages 1 total packets 490 RTS 0 total bytes 2002140 in_flight now 0 fair_inc 9485 prop_inc 56238 fast_inc 0 eta_inc 12516 multi_dec -0 quick_dec -0 nack_dec -99600
Flow Uec_544_1000 flowId 758 uecSrc 757 finished at 274.312 total messages 1 total packets 490 RTS 0 total bytes 2002140 in_flight now 0 fair_inc 15639 prop_inc 49213 fast_inc 0 eta_inc 12516 multi_dec -0 quick_dec -0 nack_dec -103750
Flow Uec_485_911 flowId 72 uecSrc 71 finished at 274.404 total messages 1 total packets 490 RTS 0 total bytes 2002140 in_flight now 0 fair_inc 5313 prop_inc 54741 fast_inc 0 eta_inc 12516 multi_dec -0 quick_dec -0 nack_dec -99600
Flow Uec_541_1042 flowId 755 uecSrc 754 finished at 274.406 total messages 1 total packets 490 RTS 0 total bytes 2002140 in_flight now 0 fair_inc 18621 prop_inc 49948 fast_inc 0 eta_inc 13112 multi_dec -8498 quick_dec -0 nack_dec -99600
Flow Uec_15_515 flowId 86 uecSrc 85 finished at 274.421 total messages 1 total packets 490 RTS 0 total bytes 2002140 in_flight now 0 fair_inc 8595 prop_inc 50894 fast_inc 0 eta_inc 12516 multi_dec -406 quick_dec -0 nack_dec -95450
Flow Uec_238_798 flowId 459 uecSrc 458 finished at 274.45 total messages 1 total packets 490 RTS 0 total bytes 2002140 in_flight now 0 fair_inc 16256 prop_inc 44512 fast_inc 0 eta_inc 12516 multi_dec -0 quick_dec -0 nack_dec -95450
Flow Uec_1074_431 flowId 438 uecSrc 437 finished at 274.672 total messages 1 total packets 490 RTS 0 total bytes 2002140 in_flight now 0 fair_inc 17357 prop_inc 41778 fast_inc 0 eta_inc 12516 multi_dec -13254 quick_dec -0 nack_dec -95450
Flow Uec_908_367 flowId 401 uecSrc 400 finished at 274.767 total messages 1 total packets 490 RTS 0 total bytes 2002140 in_flight now 0 fair_inc 5568 prop_inc 73963 fast_inc 0 eta_inc 12516 multi_dec -0 quick_dec -0 nack_dec -116200
Flow Uec_973_380 flowId 217 uecSrc 216 finished at 274.783 total messages 1 total packets 490 RTS 0 total bytes 2002140 in_flight now 0 fair_inc 10729 prop_inc 54305 fast_inc 0 eta_inc 13112 multi_dec -0 quick_dec -0 nack_dec -103750
Flow Uec_922_390 flowId 494 uecSrc 493 finished at 274.898 total messages 1 total packets 490 RTS 0 total bytes 2002140 in_flight now 0 fair_inc 12284 prop_inc 48497 fast_inc 0 eta_inc 12516 multi_dec -1068 quick_dec -0 nack_dec -99600
Flow Uec_435_996 flowId 748 uecSrc 747 finished at 274.914 total messages 1 total packets 490 RTS 0 total bytes 2002140 in_flight now 0 fair_inc 20203 prop_inc 42417 fast_inc 0 eta_inc 12516 multi_dec -10140 quick_dec -0 nack_dec -99600
Flow Uec_216_750 flowId 740 uecSrc 739 finished at 274.974 total messages 1 total packets 490 RTS 0 total bytes 2002140 in_flight now 0 fair_inc 15518 prop_inc 49143 fast_inc 0 eta_inc 13112 multi_dec -0 quick_dec -0 nack_dec -99600
Flow Uec_881_287 flowId 599 uecSrc 598 finished at 275.004 total messages 1 total packets 490 RTS 0 total bytes 2002140 in_flight now 0 fair_inc 21712 prop_inc 39682 fast_inc 0 eta_inc 12516 multi_dec -0 quick_dec -0 nack_dec -103750
Flow Uec_811_245 flowId 219 uecSrc 218 finished at 275.266 total messages 1 total packets 490 RTS 0 total bytes 2002140 in_flight now 0 fair_inc 5079 prop_inc 53158 fast_inc 0 eta_inc 13112 multi_dec -0 quick_dec -0 nack_dec -99600
Flow Uec_1067_410 flowId 736 uecSrc 735 finished at 275.288 total messages 1 total packets 490 RTS 0 total bytes 2002140 in_flight now 0 fair_inc 8096 prop_inc 53008 fast_inc 0 eta_inc 13112 multi_dec -0 quick_dec -0 nack_dec -103750
Flow Uec_84_529 flowId 446 uecSrc 445 finished at 275.429 total messages 1 total packets 490 RTS 0 total bytes 2002140 in_flight now 0 fair_inc 14832 prop_inc 41318 fast_inc 0 eta_inc 12516 multi_dec -2569 quick_dec -0 nack_dec -91300
Flow Uec_244_790 flowId 421 uecSrc 420 finished at 275.437 total messages 1 total packets 490 RTS 0 total bytes 2002140 in_flight now 0 fair_inc 10155 prop_inc 50104 fast_inc 0 eta_inc 13112 multi_dec -0 quick_dec -0 nack_dec -95450
Flow Uec_211_738 flowId 98 uecSrc 97 finished at 275.518 total messages 1 total packets 490 RTS 0 total bytes 2002140 in_flight now 0 fair_inc 13424 prop_inc 61388 fast_inc 0 eta_inc 13112 multi_dec -0 quick_dec -0 nack_dec -107900
Flow Uec_746_161 flowId 768 uecSrc 767 finished at 275.552 total messages 1 total packets 490 RTS 0 total bytes 2002140 in_flight now 0 fair_inc 14499 prop_inc 46776 fast_inc 0 eta_inc 12516 multi_dec -0 quick_dec -0 nack_dec -95450
Flow Uec_105_659 flowId 78 uecSrc 77 finished at 275.59 total messages 1 total packets 490 RTS 0 total bytes 2002140 in_flight now 0 fair_inc 12698 prop_inc 50347 fast_inc 0 eta_inc 12516 multi_dec -0 quick_dec -0 nack_dec -107900
Flow Uec_1057_491 flowId 754 uecSrc 753 finished at 275.628 total messages 1 total packets 490 RTS 0 total bytes 2002140 in_flight now 0 fair_inc 7654 prop_inc 57108 fast_inc 0 eta_inc 13112 multi_dec -0 quick_dec -0 nack_dec -103750
Flow Uec_1017_433 flowId 221 uecSrc 220 finished at 275.87 total messages 1 total packets 490 RTS 0 total bytes 2002140 in_flight now 0 fair_inc 13003 prop_inc 51496 fast_inc 0 eta_inc 12516 multi_dec -0 quick_dec -0 nack_dec -99600
Flow Uec_356_876 flowId 239 uecSrc 238 finished at 275.874 total messages 1 total packets 490 RTS 0 total bytes 2002140 in_flight now 0 fair_inc 8893 prop_inc 34381 fast_inc 0 eta_inc 12516 multi_dec -13831 quick_dec -0 nack_dec -78850
Flow Uec_950_358 flowId 749 uecSrc 748 finished at 275.894 total messages 1 total packets 490 RTS 0 total bytes 2002140 in_flight now 0 fair_inc 6466 prop_inc 72859 fast_inc 0 eta_inc 13112 multi_dec -0 quick_dec -0 nack_dec -120350
Flow Uec_188_630 flowId 667 uecSrc 666 finished at 276.024 total messages 1 total packets 490 RTS 0 total bytes 2002140 in_flight now 0 fair_inc 6988 prop_inc 54253 fast_inc 0 eta_inc 13112 multi_dec -0 quick_dec -0 nack_dec -112050
Flow Uec_304_882 flowId 777 uecSrc 776 finished at 276.026 total messages 1 total packets 490 RTS 0 total bytes 2002140 in_flight now 0 fair_inc 17212 prop_inc 46694 fast_inc 0 eta_inc 12516 multi_dec -0 quick_dec -0 nack_dec -103750
Flow Uec_329_871 flowId 524 uecSrc 523 finished at 276.086 total messages 1 total packets 490 RTS 0 total bytes 2002140 in_flight now 0 fair_inc 6453 prop_inc 64729 fast_inc 0 eta_inc 12516 multi_dec -0 quick_dec -0 nack_dec -107900
Flow Uec_193_675 flowId 48 uecSrc 47 finished at 276.263 total messages 1 total packets 490 RTS 0 total bytes 2002140 in_flight now 0 fair_inc 13304 prop_inc 64157 fast_inc 0 eta_inc 13112 multi_dec -0 quick_dec -0 nack_dec -107900
Flow Uec_438_998 flowId 116 uecSrc 115 finished at 276.304 total messages 1 total packets 490 RTS 0 total bytes 2002140 in_flight now 0 fair_inc 14660 prop_inc 39235 fast_inc 0 eta_inc 12516 multi_dec -0 quick_dec -0 nack_dec -91300
Flow Uec_85_570 flowId 652 uecSrc 651 finished at 276.459 total messages 1 total packets 490 RTS 0 total bytes 2002140 in_flight now 0 fair_inc 6437 prop_inc 57190 fast_inc 0 eta_inc 12516 multi_dec -0 quick_dec -0 nack_dec -103750
Flow Uec_1014_416 flowId 605 uecSrc 604 finished at 276.733 total messages 1 total packets 490 RTS 0 total bytes 2002140 in_flight now 0 fair_inc 28213 prop_inc 35547 fast_inc 0 eta_inc 13112 multi_dec -0 quick_dec -0 nack_dec -95450
Flow Uec_752_138 flowId 650 uecSrc 649 finished at 276.859 total messages 1 total packets 490 RTS 0 total bytes 2002140 in_flight now 0 fair_inc 15420 prop_inc 51436 fast_inc 0 eta_inc 13112 multi_dec -0 quick_dec -0 nack_dec -107900
Flow Uec_1086_409 flowId 119 uecSrc 118 finished at 276.877 total messages 1 total packets 490 RTS 0 total bytes 2002140 in_flight now 0 fair_inc 7737 prop_inc 51989 fast_inc 0 eta_inc 12516 multi_dec -0 quick_dec -0 nack_dec -99600
Flow Uec_877_207 flowId 34 uecSrc 33 finished at 276.92 total messages 1 total packets 490 RTS 0 total bytes 2002140 in_flight now 0 fair_inc 16154 prop_inc 43553 fast_inc 0 eta_inc 12516 multi_dec -487 quick_dec -0 nack_dec -99600
Flow Uec_954_369 flowId 453 uecSrc 452 finished at 276.963 total messages 1 total packets 490 RTS 0 total bytes 2002140 in_flight now 0 fair_inc 7655 prop_inc 62096 fast_inc 0 eta_inc 13112 multi_dec -0 quick_dec -0 nack_dec -112050
Flow Uec_190_635 flowId 586 uecSrc 585 finished at 276.972 total messages 1 total packets 490 RTS 0 total bytes 2002140 in_flight now 0 fair_inc 12226 prop_inc 47435 fast_inc 0 eta_inc 13112 multi_dec -0 quick_dec -0 nack_dec -103750
Flow Uec_789_122 flowId 102 uecSrc 101 finished at 277.164 total messages 1 total packets 490 RTS 0 total bytes 2002140 in_flight now 0 fair_inc 14357 prop_inc 50686 fast_inc 0 eta_inc 12516 multi_dec -0 quick_dec -0 nack_dec -99600
Flow Uec_596_1030 flowId 640 uecSrc 639 finished at 277.181 total messages 1 total packets 490 RTS 0 total bytes 2002140 in_flight now 0 fair_inc 18297 prop_inc 46952 fast_inc 0 eta_inc 12516 multi_dec -0 quick_dec -0 nack_dec -99600
Flow Uec_82_587 flowId 466 uecSrc 465 finished at 277.192 total messages 1 total packets 490 RTS 0 total bytes 2002140 in_flight now 0 fair_inc 16490 prop_inc 50750 fast_inc 0 eta_inc 13112 multi_dec -0 quick_dec -0 nack_dec -99600
Flow Uec_410_917 flowId 578 uecSrc 577 finished at 277.215 total messages 1 total packets 490 RTS 0 total bytes 2002140 in_flight now 0 fair_inc 18259 prop_inc 44506 fast_inc 0 eta_inc 12516 multi_dec -0 quick_dec -0 nack_dec -91300
Flow Uec_974_319 flowId 99 uecSrc 98 finished at 277.248 total messages 1 total packets 490 RTS 0 total bytes 2002140 in_flight now 0 fair_inc 23849 prop_inc 47314 fast_inc 0 eta_inc 13112 multi_dec -0 quick_dec -0 nack_dec -103750
Flow Uec_402_901 flowId 235 uecSrc 234 finished at 277.259 total messages 1 total packets 490 RTS 0 total bytes 2002140 in_flight now 0 fair_inc 13912 prop_inc 69480 fast_inc 0 eta_inc 12516 multi_dec -0 quick_dec -0 nack_dec -120350
Flow Uec_703_198 flowId 61 uecSrc 60 finished at 277.272 total messages 1 total packets 490 RTS 0 total bytes 2002140 in_flight now 0 fair_inc 10983 prop_inc 54117 fast_inc 0 eta_inc 13112 multi_dec -0 quick_dec -0 nack_dec -107900
Flow Uec_676_87 flowId 220 uecSrc 219 finished at 277.29 total messages 1 total packets 490 RTS 0 total bytes 2002140 in_flight now 0 fair_inc 19900 prop_inc 47958 fast_inc 0 eta_inc 13112 multi_dec -0 quick_dec -0 nack_dec -95450
Flow Uec_263_770 flowId 435 uecSrc 434 finished at 277.305 total messages 1 total packets 490 RTS 0 total bytes 2002140 in_flight now 0 fair_inc 9918 prop_inc 60367 fast_inc 0 eta_inc 12516 multi_dec -0 quick_dec -0 nack_dec -107900
Flow Uec_203_711 flowId 433 uecSrc 432 finished at 277.342 total messages 1 total packets 490 RTS 0 total bytes 2002140 in_flight now 0 fair_inc 14077 prop_inc 57108 fast_inc 0 eta_inc 13112 multi_dec -0 quick_dec -0 nack_dec -112050
Flow Uec_191_670 flowId 197 uecSrc 196 finished at 277.402 total messages 1 total packets 490 RTS 0 total bytes 2002140 in_flight now 0 fair_inc 9544 prop_inc 45769 fast_inc 0 eta_inc 13112 multi_dec -0 quick_dec -0 nack_dec -99600
Flow Uec_233_780 flowId 322 uecSrc 321 finished at 277.408 total messages 1 total packets 490 RTS 0 total bytes 2002140 in_flight now 0 fair_inc 6402 prop_inc 39885 fast_inc 0 eta_inc 12516 multi_dec -417 quick_dec -0 nack_dec -83000
Flow Uec_521_1034 flowId 686 uecSrc 685 finished at 277.515 total messages 1 total packets 490 RTS 0 total bytes 2002140 in_flight now 0 fair_inc 8445 prop_inc 50842 fast_inc 0 eta_inc 13112 multi_dec -0 quick_dec -0 nack_dec -99600
Flow Uec_416_931 flowId 318 uecSrc 317 finished at 277.517 total messages 1 total packets 490 RTS 0 total bytes 2002140 in_flight now 0 fair_inc 12137 prop_inc 56489 fast_inc 0 eta_inc 12516 multi_dec -0 quick_dec -0 nack_dec -112050
Flow Uec_775_119 flowId 104 uecSrc 103 finished at 277.528 total messages 1 total packets 490 RTS 0 total bytes 2002140 in_flight now 0 fair_inc 9904 prop_inc 66071 fast_inc 0 eta_inc 13112 multi_dec -0 quick_dec -0 nack_dec -112050
Flow Uec_333_848 flowId 798 uecSrc 797 finished at 277.542 total messages 1 total packets 490 RTS 0 total bytes 2002140 in_flight now 0 fair_inc 12588 prop_inc 62236 fast_inc 0 eta_inc 13112 multi_dec -0 quick_dec -0 nack_dec -116200
Flow Uec_913_383 flowId 561 uecSrc 560 finished at 277.629 total messages 1 total packets 490 RTS 0 total bytes 2002140 in_flight now 0 fair_inc 8083 prop_inc 51002 fast_inc 0 eta_inc 12516 multi_dec -9100 quick_dec -0 nack_dec -99600
Flow Uec_73_549 flowId 38 uecSrc 37 finished at 277.672 total messages 1 total packets 490 RTS 0 total bytes 2002140 in_flight now 0 fair_inc 4218 prop_inc 57947 fast_inc 0 eta_inc 13112 multi_dec -0 quick_dec -0 nack_dec -103750
Flow Uec_87_593 flowId 627 uecSrc 626 finished at 277.686 total messages 1 total packets 490 RTS 0 total bytes 2002140 in_flight now 0 fair_inc 5371 prop_inc 70158 fast_inc 0 eta_inc 13112 multi_dec -0 quick_dec -0 nack_dec -116200
Flow Uec_200_768 flowId 323 uecSrc 322 finished at 277.72 total messages 1 total packets 490 RTS 0 total bytes 2002140 in_flight now 0 fair_inc 20210 prop_inc 53795 fast_inc 0 eta_inc 12516 multi_dec -0 quick_dec -0 nack_dec -112050
Flow Uec_189_664 flowId 480 uecSrc 479 finished at 277.868 total messages 1 total packets 490 RTS 0 total bytes 2002140 in_flight now 0 fair_inc 10414 prop_inc 70104 fast_inc 0 eta_inc 12516 multi_dec -0 quick_dec -0 nack_dec -107900
Flow Uec_969_312 flowId 306 uecSrc 305 finished at 277.905 total messages 1 total packets 490 RTS 0 total bytes 2002140 in_flight now 0 fair_inc 21183 prop_inc 47129 fast_inc 0 eta_inc 13112 multi_dec -0 quick_dec -0 nack_dec -103750
Flow Uec_173_643 flowId 275 uecSrc 274 finished at 277.912 total messages 1 total packets 490 RTS 0 total bytes 2002140 in_flight now 0 fair_inc 14920 prop_inc 46389 fast_inc 0 eta_inc 13112 multi_dec -0 quick_dec -0 nack_dec -95450
Flow Uec_52_557 flowId 751 uecSrc 750 finished at 277.935 total messages 1 total packets 490 RTS 0 total bytes 2002140 in_flight now 0 fair_inc 9616 prop_inc 70071 fast_inc 0 eta_inc 12516 multi_dec -0 quick_dec -0 nack_dec -124500
Flow Uec_346_869 flowId 203 uecSrc 202 finished at 277.956 total messages 1 total packets 490 RTS 0 total bytes 2002140 in_flight now 0 fair_inc 15395 prop_inc 54835 fast_inc 0 eta_inc 13112 multi_dec -0 quick_dec -0 nack_dec -112050
Flow Uec_439_910 flowId 50 uecSrc 49 finished at 277.981 total messages 1 total packets 490 RTS 0 total bytes 2002140 in_flight now 0 fair_inc 12278 prop_inc 51079 fast_inc 0 eta_inc 13112 multi_dec -0 quick_dec -0 nack_dec -103750
Flow Uec_89_594 flowId 36 uecSrc 35 finished at 278.34 total messages 1 total packets 490 RTS 0 total bytes 2002140 in_flight now 0 fair_inc 9185 prop_inc 45204 fast_inc 0 eta_inc 13112 multi_dec -0 quick_dec -0 nack_dec -95450
Flow Uec_386_806 flowId 69 uecSrc 68 finished at 278.402 total messages 1 total packets 490 RTS 0 total bytes 2002140 in_flight now 0 fair_inc 16360 prop_inc 44834 fast_inc 0 eta_inc 13112 multi_dec -0 quick_dec -0 nack_dec -103750
Flow Uec_749_145 flowId 770 uecSrc 769 finished at 278.533 total messages 1 total packets 490 RTS 0 total bytes 2002140 in_flight now 0 fair_inc 9326 prop_inc 61540 fast_inc 0 eta_inc 13112 multi_dec -0 quick_dec -0 nack_dec -103750
Flow Uec_124_618 flowId 281 uecSrc 280 finished at 278.596 total messages 1 total packets 490 RTS 0 total bytes 2002140 in_flight now 0 fair_inc 11726 prop_inc 63977 fast_inc 0 eta_inc 13112 multi_dec -0 quick_dec -0 nack_dec -116200
Flow Uec_598_1072 flowId 715 uecSrc 714 finished at 278.624 total messages 1 total packets 490 RTS 0 total bytes 2002140 in_flight now 0 fair_inc 8139 prop_inc 56369 fast_inc 0 eta_inc 12516 multi_dec -0 quick_dec -0 nack_dec -103750
Flow Uec_968_340 flowId 484 uecSrc 483 finished at 278.626 total messages 1 total packets 490 RTS 0 total bytes 2002140 in_flight now 0 fair_inc 12438 prop_inc 63026 fast_inc 0 eta_inc 13112 multi_dec -0 quick_dec -0 nack_dec -116200
Flow Uec_271_788 flowId 186 uecSrc 185 finished at 278.645 total messages 1 total packets 490 RTS 0 total bytes 2002140 in_flight now 0 fair_inc 17762 prop_inc 50057 fast_inc 0 eta_inc 13112 multi_dec -1116 quick_dec -0 nack_dec -103750
Flow Uec_103_689 flowId 447 uecSrc 446 finished at 278.655 total messages 1 total packets 490 RTS 0 total bytes 2002140 in_flight now 0 fair_inc 16057 prop_inc 58855 fast_inc 0 eta_inc 13112 multi_dec -0 quick_dec -0 nack_dec -120350
Flow Uec_907_391 flowId 139 uecSrc 138 finished at 278.656 total messages 1 total packets 490 RTS 0 total bytes 2002140 in_flight now 0 fair_inc 27454 prop_inc 47969 fast_inc 0 eta_inc 12516 multi_dec -0 quick_dec -0 nack_dec -103750
Flow Uec_229_725 flowId 195 uecSrc 194 finished at 278.761 total messages 1 total packets 490 RTS 0 total bytes 2002140 in_flight now 0 fair_inc 16133 prop_inc 51827 fast_inc 0 eta_inc 13112 multi_dec -0 quick_dec -0 nack_dec -107900
Flow Uec_276_740 flowId 776 uecSrc 775 finished at 278.819 total messages 1 total packets 490 RTS 0 total bytes 2002140 in_flight now 0 fair_inc 9069 prop_inc 54617 fast_inc 0 eta_inc 13112 multi_dec -0 quick_dec -0 nack_dec -112050
Flow Uec_59_536 flowId 339 uecSrc 338 finished at 278.994 total messages 1 total packets 490 RTS 0 total bytes 2002140 in_flight now 0 fair_inc 7138 prop_inc 56820 fast_inc 0 eta_inc 13112 multi_dec -0 quick_dec -0 nack_dec -103750
Flow Uec_785_125 flowId 312 uecSrc 311 finished at 279 total messages 1 total packets 490 RTS 0 total bytes 2002140 in_flight now 0 fair_inc 13611 prop_inc 41555 fast_inc 0 eta_inc 12516 multi_dec -1234 quick_dec -0 nack_dec -91300
Flow Uec_990_345 flowId 452 uecSrc 451 finished at 279.015 total messages 1 total packets 490 RTS 0 total bytes 2002140 in_flight now 0 fair_inc 11636 prop_inc 59305 fast_inc 0 eta_inc 13112 multi_dec -0 quick_dec -0 nack_dec -116200
Flow Uec_940_309 flowId 688 uecSrc 687 finished at 279.02 total messages 1 total packets 490 RTS 0 total bytes 2002140 in_flight now 0 fair_inc 8554 prop_inc 74742 fast_inc 0 eta_inc 13112 multi_dec -0 quick_dec -0 nack_dec -124500
Flow Uec_978_377 flowId 328 uecSrc 327 finished at 279.03 total messages 1 total packets 490 RTS 0 total bytes 2002140 in_flight now 0 fair_inc 13508 prop_inc 48086 fast_inc 0 eta_inc 12516 multi_dec -0 quick_dec -0 nack_dec -107900
Flow Uec_348_827 flowId 568 uecSrc 567 finished at 279.079 total messages 1 total packets 490 RTS 0 total bytes 2002140 in_flight now 0 fair_inc 15039 prop_inc 57235 fast_inc 0 eta_inc 12516 multi_dec -0 quick_dec -0 nack_dec -112050
Flow Uec_1001_473 flowId 282 uecSrc 281 finished at 279.087 total messages 1 total packets 490 RTS 0 total bytes 2002140 in_flight now 0 fair_inc 8271 prop_inc 42665 fast_inc 0 eta_inc 13112 multi_dec -0 quick_dec -0 nack_dec -99600
Flow Uec_389_880 flowId 508 uecSrc 507 finished at 279.204 total messages 1 total packets 490 RTS 0 total bytes 2002140 in_flight now 0 fair_inc 14827 prop_inc 54596 fast_inc 0 eta_inc 13112 multi_dec -0 quick_dec -0 nack_dec -107900
Flow Uec_41_559 flowId 17 uecSrc 16 finished at 279.332 total messages 1 total packets 490 RTS 0 total bytes 2002140 in_flight now 0 fair_inc 8687 prop_inc 64015 fast_inc 0 eta_inc 13112 multi_dec -0 quick_dec -0 nack_dec -103750
Flow Uec_385_834 flowId 133 uecSrc 132 finished at 279.361 total messages 1 total packets 490 RTS 0 total bytes 2002140 in_flight now 0 fair_inc 29138 prop_inc 48844 fast_inc 0 eta_inc 13112 multi_dec -0 quick_dec -0 nack_dec -112050
Flow Uec_906_394 flowId 375 uecSrc 374 finished at 279.436 total messages 1 total packets 490 RTS 0 total bytes 2002140 in_flight now 0 fair_inc 6061 prop_inc 61350 fast_inc 0 eta_inc 13112 multi_dec -0 quick_dec -0 nack_dec -112050
Flow Uec_460_978 flowId 226 uecSrc 225 finished at 279.519 total messages 1 total packets 490 RTS 0 total bytes 2002140 in_flight now 0 fair_inc 10282 prop_inc 60158 fast_inc 0 eta_inc 12516 multi_dec -0 quick_dec -0 nack_dec -112050
Flow Uec_368_861 flowId 182 uecSrc 181 finished at 279.552 total messages 1 total packets 490 RTS 0 total bytes 2002140 in_flight now 0 fair_inc 13086 prop_inc 52170 fast_inc 0 eta_inc 13112 multi_dec -27632 quick_dec -0 nack_dec -99600
Flow Uec_892_202 flowId 161 uecSrc 160 finished at 279.558 total messages 1 total packets 490 RTS 0 total bytes 2002140 in_flight now 0 fair_inc 9702 prop_inc 42355 fast_inc 0 eta_inc 13112 multi_dec -0 quick_dec -0 nack_dec -91300
Flow Uec_733_110 flowId 404 uecSrc 403 finished at 279.585 total messages 1 total packets 490 RTS 0 total bytes 2002140 in_flight now 0 fair_inc 14735 prop_inc 56191 fast_inc 0 eta_inc 13112 multi_dec -0 quick_dec -0 nack_dec -112050
Flow Uec_449_973 flowId 720 uecSrc 719 finished at 279.586 total messages 1 total packets 490 RTS 0 total bytes 2002140 in_flight now 0 fair_inc 14499 prop_inc 61526 fast_inc 0 eta_inc 13112 multi_dec -0 quick_dec -0 nack_dec -112050
Flow Uec_115_679 flowId 395 uecSrc 394 finished at 279.647 total messages 1 total packets 490 RTS 0 total bytes 2002140 in_flight now 0 fair_inc 14866 prop_inc 56095 fast_inc 0 eta_inc 13112 multi_dec -0 quick_dec -0 nack_dec -103750
Flow Uec_58_528 flowId 820 uecSrc 819 finished at 279.653 total messages 1 total packets 490 RTS 0 total bytes 2002140 in_flight now 0 fair_inc 9740 prop_inc 62782 fast_inc 0 eta_inc 12516 multi_dec -0 quick_dec -0 nack_dec -103750
Flow Uec_509_1015 flowId 51 uecSrc 50 finished at 279.68 total messages 1 total packets 490 RTS 0 total bytes 2002140 in_flight now 0 fair_inc 14630 prop_inc 54321 fast_inc 0 eta_inc 13112 multi_dec -0 quick_dec -0 nack_dec -107900
Flow Uec_992_349 flowId 486 uecSrc 485 finished at 279.703 total messages 1 total packets 490 RTS 0 total bytes 2002140 in_flight now 0 fair_inc 6567 prop_inc 69669 fast_inc 0 eta_inc 12516 multi_dec -0 quick_dec -0 nack_dec -120350
Flow Uec_24_561 flowId 160 uecSrc 159 finished at 279.741 total messages 1 total packets 490 RTS 0 total bytes 2002140 in_flight now 0 fair_inc 7052 prop_inc 49657 fast_inc 0 eta_inc 13112 multi_dec -5187 quick_dec -0 nack_dec -99600
Flow Uec_535_1038 flowId 299 uecSrc 298 finished at 279.791 total messages 1 total packets 490 RTS 0 total bytes 2002140 in_flight now 0 fair_inc 12822 prop_inc 54539 fast_inc 0 eta_inc 13112 multi_dec -0 quick_dec -0 nack_dec -112050
Flow Uec_266_766 flowId 10 uecSrc 9 finished at 279.842 total messages 1 total packets 490 RTS 0 total bytes 2002140 in_flight now 0 fair_inc 8148 prop_inc 53566 fast_inc 0 eta_inc 13112 multi_dec -0 quick_dec -0 nack_dec -99600
Flow Uec_131_654 flowId 373 uecSrc 372 finished at 279.945 total messages 1 total packets 490 RTS 0 total bytes 2002140 in_flight now 0 fair_inc 3748 prop_inc 70541 fast_inc 0 eta_inc 13112 multi_dec -0 quick_dec -0 nack_dec -120350
Flow Uec_832_200 flowId 289 uecSrc 288 finished at 280.078 total messages 1 total packets 490 RTS 0 total bytes 2002140 in_flight now 0 fair_inc 9921 prop_inc 51992 fast_inc 0 eta_inc 13112 multi_dec -1956 quick_dec -0 nack_dec -107900
Flow Uec_1050_493 flowId 714 uecSrc 713 finished at 280.081 total messages 1 total packets 490 RTS 0 total bytes 2002140 in_flight now 0 fair_inc 13574 prop_inc 63023 fast_inc 0 eta_inc 13112 multi_dec -0 quick_dec -0 nack_dec -112050
Flow Uec_1059_479 flowId 410 uecSrc 409 finished at 280.152 total messages 1 total packets 490 RTS 0 total bytes 2002140 in_flight now 0 fair_inc 15053 prop_inc 37019 fast_inc 0 eta_inc 12516 multi_dec -0 quick_dec -0 nack_dec -91300
Flow Uec_456_929 flowId 502 uecSrc 501 finished at 280.156 total messages 1 total packets 490 RTS 0 total bytes 2002140 in_flight now 0 fair_inc 16685 prop_inc 56321 fast_inc 0 eta_inc 13112 multi_dec -0 quick_dec -0 nack_dec -112050
Flow Uec_923_332 flowId 559 uecSrc 558 finished at 280.172 total messages 1 total packets 490 RTS 0 total bytes 2002140 in_flight now 0 fair_inc 5972 prop_inc 55667 fast_inc 0 eta_inc 13112 multi_dec -0 quick_dec -0 nack_dec -112050
Flow Uec_944_363 flowId 59 uecSrc 58 finished at 280.196 total messages 1 total packets 490 RTS 0 total bytes 2002140 in_flight now 0 fair_inc 11230 prop_inc 50159 fast_inc 0 eta_inc 12516 multi_dec -0 quick_dec -0 nack_dec -107900
Flow Uec_732_185 flowId 596 uecSrc 595 finished at 280.235 total messages 1 total packets 490 RTS 0 total bytes 2002140 in_flight now 0 fair_inc 9682 prop_inc 63234 fast_inc 0 eta_inc 13112 multi_dec -0 quick_dec -0 nack_dec -116200
Flow Uec_516_1080 flowId 273 uecSrc 272 finished at 280.241 total messages 1 total packets 490 RTS 0 total bytes 2002140 in_flight now 0 fair_inc 9191 prop_inc 44989 fast_inc 0 eta_inc 13112 multi_dec -0 quick_dec -0 nack_dec -95450
Flow Uec_66_534 flowId 165 uecSrc 164 finished at 280.353 total messages 1 total packets 490 RTS 0 total bytes 2002140 in_flight now 0 fair_inc 19194 prop_inc 53321 fast_inc 0 eta_inc 13112 multi_dec -0 quick_dec -0 nack_dec -112050
Flow Uec_197_697 flowId 471 uecSrc 470 finished at 280.371 total messages 1 total packets 490 RTS 0 total bytes 2002140 in_flight now 0 fair_inc 12277 prop_inc 54755 fast_inc 0 eta_inc 13112 multi_dec -0 quick_dec -0 nack_dec -112050
Flow Uec_557_1079 flowId 126 uecSrc 125 finished at 280.411 total messages 1 total packets 490 RTS 0 total bytes 2002140 in_flight now 0 fair_inc 14855 prop_inc 53445 fast_inc 0 eta_inc 13112 multi_dec -0 quick_dec -0 nack_dec -99600
Flow Uec_481_922 flowId 180 uecSrc 179 finished at 280.457 total messages 1 total packets 490 RTS 0 total bytes 2002140 in_flight now 0 fair_inc 11359 prop_inc 61433 fast_inc 0 eta_inc 13112 multi_dec -0 quick_dec -0 nack_dec -116200
Flow Uec_515_1050 flowId 493 uecSrc 492 finished at 280.609 total messages 1 total packets 490 RTS 0 total bytes 2002140 in_flight now 0 fair_inc 13177 prop_inc 47595 fast_inc 0 eta_inc 13112 multi_dec -0 quick_dec -0 nack_dec -99600
Flow Uec_293_742 flowId 778 uecSrc 777 finished at 280.678 total messages 1 total packets 490 RTS 0 total bytes 2002140 in_flight now 0 fair_inc 9211 prop_inc 53412 fast_inc 0 eta_inc 12516 multi_dec -0 quick_dec -0 nack_dec -107900
Flow Uec_327_858 flowId 362 uecSrc 361 finished at 280.792 total messages 1 total packets 490 RTS 0 total bytes 2002140 in_flight now 0 fair_inc 13912 prop_inc 54047 fast_inc 0 eta_inc 13112 multi_dec -0 quick_dec -0 nack_dec -112050
Flow Uec_780_164 flowId 620 uecSrc 619 finished at 280.878 total messages 1 total packets 490 RTS 0 total bytes 2002140 in_flight now 0 fair_inc 16812 prop_inc 58207 fast_inc 0 eta_inc 13112 multi_dec -0 quick_dec -0 nack_dec -107900
Flow Uec_965_306 flowId 356 uecSrc 355 finished at 280.891 total messages 1 total packets 490 RTS 0 total bytes 2002140 in_flight now 0 fair_inc 11637 prop_inc 55912 fast_inc 0 eta_inc 13112 multi_dec -0 quick_dec -0 nack_dec -112050
Flow Uec_227_769 flowId 536 uecSrc 535 finished at 280.924 total messages 1 total packets 490 RTS 0 total bytes 2002140 in_flight now 0 fair_inc 10230 prop_inc 50059 fast_inc 0 eta_inc 13112 multi_dec -4305 quick_dec -0 nack_dec -103750
Flow Uec_80_585 flowId 545 uecSrc 544 finished at 281.094 total messages 1 total packets 490 RTS 0 total bytes 2002140 in_flight now 0 fair_inc 7207 prop_inc 56346 fast_inc 0 eta_inc 13112 multi_dec -0 quick_dec -0 nack_dec -103750
Flow Uec_928_348 flowId 473 uecSrc 472 finished at 281.147 total messages 1 total packets 490 RTS 0 total bytes 2002140 in_flight now 0 fair_inc 11144 prop_inc 51322 fast_inc 0 eta_inc 13112 multi_dec -0 quick_dec -0 nack_dec -107900
Flow Uec_231_749 flowId 639 uecSrc 638 finished at 281.169 total messages 1 total packets 490 RTS 0 total bytes 2002140 in_flight now 0 fair_inc 27788 prop_inc 43225 fast_inc 0 eta_inc 13112 multi_dec -0 quick_dec -0 nack_dec -103750
Flow Uec_267_737 flowId 179 uecSrc 178 finished at 281.175 total messages 1 total packets 490 RTS 0 total bytes 2002140 in_flight now 0 fair_inc 20226 prop_inc 56244 fast_inc 0 eta_inc 13112 multi_dec -0 quick_dec -0 nack_dec -112050
Flow Uec_414_969 flowId 127 uecSrc 126 finished at 281.262 total messages 1 total packets 490 RTS 0 total bytes 2002140 in_flight now 0 fair_inc 8968 prop_inc 62346 fast_inc 0 eta_inc 13112 multi_dec -0 quick_dec -0 nack_dec -107900
Flow Uec_408_979 flowId 721 uecSrc 720 finished at 281.329 total messages 1 total packets 490 RTS 0 total bytes 2002140 in_flight now 0 fair_inc 12434 prop_inc 68031 fast_inc 0 eta_inc 13112 multi_dec -0 quick_dec -0 nack_dec -112050
Flow Uec_1013_420 flowId 664 uecSrc 663 finished at 281.354 total messages 1 total packets 490 RTS 0 total bytes 2002140 in_flight now 0 fair_inc 7843 prop_inc 59165 fast_inc 0 eta_inc 13112 multi_dec -0 quick_dec -0 nack_dec -107900
Flow Uec_504_1048 flowId 515 uecSrc 514 finished at 281.354 total messages 1 total packets 490 RTS 0 total bytes 2002140 in_flight now 0 fair_inc 15227 prop_inc 63463 fast_inc 0 eta_inc 13112 multi_dec -0 quick_dec -0 nack_dec -120350
Flow Uec_910_378 flowId 504 uecSrc 503 finished at 281.556 total messages 1 total packets 490 RTS 0 total bytes 2002140 in_flight now 0 fair_inc 16406 prop_inc 49358 fast_inc 0 eta_inc 13112 multi_dec -4283 quick_dec -0 nack_dec -107900
Flow Uec_209_774 flowId 457 uecSrc 456 finished at 281.56 total messages 1 total packets 490 RTS 0 total bytes 2002140 in_flight now 0 fair_inc 11447 prop_inc 57056 fast_inc 0 eta_inc 13112 multi_dec -0 quick_dec -0 nack_dec -112050
Flow Uec_983_361 flowId 189 uecSrc 188 finished at 281.56 total messages 1 total packets 490 RTS 0 total bytes 2002140 in_flight now 0 fair_inc 9321 prop_inc 59046 fast_inc 0 eta_inc 12516 multi_dec -0 quick_dec -0 nack_dec -112050
Flow Uec_589_1091 flowId 396 uecSrc 395 finished at 281.622 total messages 1 total packets 490 RTS 0 total bytes 2002140 in_flight now 0 fair_inc 14938 prop_inc 48774 fast_inc 0 eta_inc 13112 multi_dec -0 quick_dec -0 nack_dec -103750
Flow Uec_248_785 flowId 463 uecSrc 462 finished at 281.658 total messages 1 total packets 490 RTS 0 total bytes 2002140 in_flight now 0 fair_inc 16365 prop_inc 35432 fast_inc 0 eta_inc 13112 multi_dec -18514 quick_dec -0 nack_dec -91300
Flow Uec_340_889 flowId 444 uecSrc 443 finished at 281.728 total messages 1 total packets 490 RTS 0 total bytes 2002140 in_flight now 0 fair_inc 20799 prop_inc 58136 fast_inc 0 eta_inc 13112 multi_dec -0 quick_dec -0 nack_dec -120350
Flow Uec_221_794 flowId 595 uecSrc 594 finished at 281.767 total messages 1 total packets 490 RTS 0 total bytes 2002140 in_flight now 0 fair_inc 23062 prop_inc 40599 fast_inc 0 eta_inc 13112 multi_dec -0 quick_dec -0 nack_dec -99600
Flow Uec_632_92 flowId 752 uecSrc 751 finished at 281.778 total messages 1 total packets 490 RTS 0 total bytes 2002140 in_flight now 0 fair_inc 14025 prop_inc 45017 fast_inc 0 eta_inc 13112 multi_dec -0 quick_dec -0 nack_dec -95450
Flow Uec_756_108 flowId 541 uecSrc 540 finished at 281.888 total messages 1 total packets 490 RTS 0 total bytes 2002140 in_flight now 0 fair_inc 17934 prop_inc 44745 fast_inc 0 eta_inc 12516 multi_dec -1733 quick_dec -0 nack_dec -103750
Flow Uec_434_909 flowId 551 uecSrc 550 finished at 281.921 total messages 1 total packets 490 RTS 0 total bytes 2002140 in_flight now 0 fair_inc 14300 prop_inc 47243 fast_inc 0 eta_inc 12516 multi_dec -0 quick_dec -0 nack_dec -99600
Flow Uec_466_983 flowId 619 uecSrc 618 finished at 281.985 total messages 1 total packets 490 RTS 0 total bytes 2002140 in_flight now 0 fair_inc 16719 prop_inc 59255 fast_inc 0 eta_inc 13112 multi_dec -0 quick_dec -0 nack_dec -116200
Flow Uec_470_965 flowId 240 uecSrc 239 finished at 281.993 total messages 1 total packets 490 RTS 0 total bytes 2002140 in_flight now 0 fair_inc 21796 prop_inc 60612 fast_inc 0 eta_inc 13112 multi_dec -0 quick_dec -0 nack_dec -120350
Flow Uec_830_232 flowId 172 uecSrc 171 finished at 282.025 total messages 1 total packets 490 RTS 0 total bytes 2002140 in_flight now 0 fair_inc 26702 prop_inc 42702 fast_inc 0 eta_inc 13112 multi_dec -0 quick_dec -0 nack_dec -107900
Flow Uec_418_921 flowId 229 uecSrc 228 finished at 282.115 total messages 1 total packets 490 RTS 0 total bytes 2002140 in_flight now 0 fair_inc 17367 prop_inc 50657 fast_inc 0 eta_inc 13112 multi_dec -0 quick_dec -0 nack_dec -112050
Flow Uec_554_1056 flowId 236 uecSrc 235 finished at 282.117 total messages 1 total packets 490 RTS 0 total bytes 2002140 in_flight now 0 fair_inc 18603 prop_inc 54751 fast_inc 0 eta_inc 12516 multi_dec -0 quick_dec -0 nack_dec -107900
Flow Uec_1038_411 flowId 687 uecSrc 686 finished at 282.175 total messages 1 total packets 490 RTS 0 total bytes 2002140 in_flight now 0 fair_inc 5136 prop_inc 51371 fast_inc 0 eta_inc 13112 multi_dec -0 quick_dec -0 nack_dec -103750
Flow Uec_751_149 flowId 607 uecSrc 606 finished at 282.21 total messages 1 total packets 490 RTS 0 total bytes 2002140 in_flight now 0 fair_inc 6826 prop_inc 53324 fast_inc 0 eta_inc 13112 multi_dec -0 quick_dec -0 nack_dec -99600
Flow Uec_904_320 flowId 576 uecSrc 575 finished at 282.248 total messages 1 total packets 490 RTS 0 total bytes 2002140 in_flight now 0 fair_inc 18650 prop_inc 56973 fast_inc 0 eta_inc 13112 multi_dec -0 quick_dec -0 nack_dec -112050
Flow Uec_741_178 flowId 307 uecSrc 306 finished at 282.268 total messages 1 total packets 490 RTS 0 total bytes 2002140 in_flight now 0 fair_inc 21703 prop_inc 47319 fast_inc 0 eta_inc 13112 multi_dec -0 quick_dec -0 nack_dec -107900
Flow Uec_23_565 flowId 366 uecSrc 365 finished at 282.285 total messages 1 total packets 490 RTS 0 total bytes 2002140 in_flight now 0 fair_inc 13212 prop_inc 59314 fast_inc 0 eta_inc 13112 multi_dec -0 quick_dec -0 nack_dec -120350
Flow Uec_426_947 flowId 212 uecSrc 211 finished at 282.289 total messages 1 total packets 490 RTS 0 total bytes 2002140 in_flight now 0 fair_inc 10195 prop_inc 58105 fast_inc 0 eta_inc 13112 multi_dec -0 quick_dec -0 nack_dec -116200
Flow Uec_63_554 flowId 243 uecSrc 242 finished at 282.311 total messages 1 total packets 490 RTS 0 total bytes 2002140 in_flight now 0 fair_inc 10722 prop_inc 52099 fast_inc 0 eta_inc 13112 multi_dec -8746 quick_dec -0 nack_dec -103750
Flow Uec_998_342 flowId 297 uecSrc 296 finished at 282.392 total messages 1 total packets 490 RTS 0 total bytes 2002140 in_flight now 0 fair_inc 12000 prop_inc 52810 fast_inc 0 eta_inc 13112 multi_dec -0 quick_dec -0 nack_dec -107900
Flow Uec_742_182 flowId 579 uecSrc 578 finished at 282.397 total messages 1 total packets 490 RTS 0 total bytes 2002140 in_flight now 0 fair_inc 17306 prop_inc 35564 fast_inc 0 eta_inc 13112 multi_dec -0 quick_dec -0 nack_dec -87150
Flow Uec_791_129 flowId 592 uecSrc 591 finished at 282.402 total messages 1 total packets 490 RTS 0 total bytes 2002140 in_flight now 0 fair_inc 17642 prop_inc 45760 fast_inc 0 eta_inc 12516 multi_dec -4080 quick_dec -0 nack_dec -99600
Flow Uec_454_944 flowId 150 uecSrc 149 finished at 282.408 total messages 1 total packets 490 RTS 0 total bytes 2002140 in_flight now 0 fair_inc 10706 prop_inc 49321 fast_inc 0 eta_inc 13112 multi_dec -749 quick_dec -0 nack_dec -107900
Flow Uec_122_610 flowId 591 uecSrc 590 finished at 282.524 total messages 1 total packets 490 RTS 0 total bytes 2002140 in_flight now 0 fair_inc 14414 prop_inc 47219 fast_inc 0 eta_inc 13112 multi_dec -0 quick_dec -0 nack_dec -107900
Flow Uec_396_898 flowId 7 uecSrc 6 finished at 282.534 total messages 1 total packets 490 RTS 0 total bytes 2002140 in_flight now 0 fair_inc 11352 prop_inc 49387 fast_inc 0 eta_inc 13112 multi_dec -0 quick_dec -0 nack_dec -107900
Flow Uec_258_736 flowId 445 uecSrc 444 finished at 282.543 total messages 1 total packets 490 RTS 0 total bytes 2002140 in_flight now 0 fair_inc 20509 prop_inc 42004 fast_inc 0 eta_inc 13112 multi_dec -0 quick_dec -0 nack_dec -99600
Flow Uec_689_47 flowId 338 uecSrc 337 finished at 282.556 total messages 1 total packets 490 RTS 0 total bytes 2002140 in_flight now 0 fair_inc 27441 prop_inc 29301 fast_inc 0 eta_inc 13112 multi_dec -0 quick_dec -0 nack_dec -83000
Flow Uec_228_722 flowId 575 uecSrc 574 finished at 282.78 total messages 1 total packets 490 RTS 0 total bytes 2002140 in_flight now 0 fair_inc 19147 prop_inc 52128 fast_inc 0 eta_inc 13112 multi_dec -0 quick_dec -0 nack_dec -103750
Flow Uec_341_836 flowId 408 uecSrc 407 finished at 282.887 total messages 1 total packets 490 RTS 0 total bytes 2002140 in_flight now 0 fair_inc 6638 prop_inc 59638 fast_inc 0 eta_inc 13112 multi_dec -0 quick_dec -0 nack_dec -107900
Flow Uec_500_1006 flowId 487 uecSrc 486 finished at 282.928 total messages 1 total packets 490 RTS 0 total bytes 2002140 in_flight now 0 fair_inc 2817 prop_inc 67011 fast_inc 0 eta_inc 13112 multi_dec -0 quick_dec -0 nack_dec -116200
Flow Uec_57_571 flowId 546 uecSrc 545 finished at 282.941 total messages 1 total packets 490 RTS 0 total bytes 2002140 in_flight now 0 fair_inc 10885 prop_inc 40937 fast_inc 0 eta_inc 13112 multi_dec -13350 quick_dec -0 nack_dec -95450
Flow Uec_367_804 flowId 785 uecSrc 784 finished at 282.947 total messages 1 total packets 490 RTS 0 total bytes 2002140 in_flight now 0 fair_inc 17738 prop_inc 47775 fast_inc 0 eta_inc 13112 multi_dec -0 quick_dec -0 nack_dec -103750
Flow Uec_716_148 flowId 649 uecSrc 648 finished at 283.009 total messages 1 total packets 490 RTS 0 total bytes 2002140 in_flight now 0 fair_inc 16734 prop_inc 50656 fast_inc 0 eta_inc 13112 multi_dec -0 quick_dec -0 nack_dec -112050
Flow Uec_492_900 flowId 155 uecSrc 154 finished at 283.018 total messages 1 total packets 490 RTS 0 total bytes 2002140 in_flight now 0 fair_inc 13294 prop_inc 50973 fast_inc 0 eta_inc 13112 multi_dec -0 quick_dec -0 nack_dec -107900
Flow Uec_154_682 flowId 171 uecSrc 170 finished at 283.097 total messages 1 total packets 490 RTS 0 total bytes 2002140 in_flight now 0 fair_inc 12825 prop_inc 56405 fast_inc 0 eta_inc 13112 multi_dec -0 quick_dec -0 nack_dec -112050
Flow Uec_989_323 flowId 534 uecSrc 533 finished at 283.156 total messages 1 total packets 490 RTS 0 total bytes 2002140 in_flight now 0 fair_inc 15847 prop_inc 47517 fast_inc 0 eta_inc 13112 multi_dec -0 quick_dec -0 nack_dec -112050
Flow Uec_372_805 flowId 692 uecSrc 691 finished at 283.202 total messages 1 total packets 490 RTS 0 total bytes 2002140 in_flight now 0 fair_inc 22791 prop_inc 43513 fast_inc 0 eta_inc 13112 multi_dec -0 quick_dec -0 nack_dec -112050
Flow Uec_68_538 flowId 383 uecSrc 382 finished at 283.22 total messages 1 total packets 490 RTS 0 total bytes 2002140 in_flight now 0 fair_inc 14533 prop_inc 50459 fast_inc 0 eta_inc 13112 multi_dec -0 quick_dec -0 nack_dec -116200
Flow Uec_981_334 flowId 45 uecSrc 44 finished at 283.263 total messages 1 total packets 490 RTS 0 total bytes 2002140 in_flight now 0 fair_inc 14447 prop_inc 58100 fast_inc 0 eta_inc 13112 multi_dec -0 quick_dec -0 nack_dec -112050
Flow Uec_1032_403 flowId 42 uecSrc 41 finished at 283.302 total messages 1 total packets 490 RTS 0 total bytes 2002140 in_flight now 0 fair_inc 13208 prop_inc 51712 fast_inc 0 eta_inc 13112 multi_dec -0 quick_dec -0 nack_dec -103750
Flow Uec_503_1084 flowId 114 uecSrc 113 finished at 283.333 total messages 1 total packets 490 RTS 0 total bytes 2002140 in_flight now 0 fair_inc 15482 prop_inc 48445 fast_inc 0 eta_inc 13112 multi_dec -0 quick_dec -0 nack_dec -107900
Flow Uec_47_527 flowId 510 uecSrc 509 finished at 283.339 total messages 1 total packets 490 RTS 0 total bytes 2002140 in_flight now 0 fair_inc 13375 prop_inc 51926 fast_inc 0 eta_inc 13112 multi_dec -0 quick_dec -0 nack_dec -116200
Flow Uec_1048_412 flowId 259 uecSrc 258 finished at 283.53 total messages 1 total packets 490 RTS 0 total bytes 2002140 in_flight now 0 fair_inc 21458 prop_inc 56447 fast_inc 0 eta_inc 13112 multi_dec -0 quick_dec -0 nack_dec -112050
Flow Uec_25_567 flowId 144 uecSrc 143 finished at 283.569 total messages 1 total packets 490 RTS 0 total bytes 2002140 in_flight now 0 fair_inc 14180 prop_inc 46632 fast_inc 0 eta_inc 13112 multi_dec -0 quick_dec -0 nack_dec -99600
Flow Uec_565_1098 flowId 679 uecSrc 678 finished at 283.582 total messages 1 total packets 490 RTS 0 total bytes 2002140 in_flight now 0 fair_inc 24192 prop_inc 46197 fast_inc 0 eta_inc 13112 multi_dec -0 quick_dec -0 nack_dec -103750
Flow Uec_537_1066 flowId 807 uecSrc 806 finished at 283.616 total messages 1 total packets 490 RTS 0 total bytes 2002140 in_flight now 0 fair_inc 15915 prop_inc 57889 fast_inc 0 eta_inc 13112 multi_dec -0 quick_dec -0 nack_dec -124500
Flow Uec_158_615 flowId 40 uecSrc 39 finished at 283.64 total messages 1 total packets 490 RTS 0 total bytes 2002140 in_flight now 0 fair_inc 11875 prop_inc 50656 fast_inc 0 eta_inc 13112 multi_dec -2157 quick_dec -0 nack_dec -112050
Flow Uec_79_582 flowId 213 uecSrc 212 finished at 283.766 total messages 1 total packets 490 RTS 0 total bytes 2002140 in_flight now 0 fair_inc 14462 prop_inc 46765 fast_inc 0 eta_inc 13112 multi_dec -0 quick_dec -0 nack_dec -112050
Flow Uec_243_729 flowId 215 uecSrc 214 finished at 283.77 total messages 1 total packets 490 RTS 0 total bytes 2002140 in_flight now 0 fair_inc 7871 prop_inc 49682 fast_inc 0 eta_inc 13112 multi_dec -0 quick_dec -0 nack_dec -103750
Flow Uec_336_883 flowId 309 uecSrc 308 finished at 283.793 total messages 1 total packets 490 RTS 0 total bytes 2002140 in_flight now 0 fair_inc 16137 prop_inc 54595 fast_inc 0 eta_inc 13112 multi_dec -0 quick_dec -0 nack_dec -112050
Flow Uec_679_84 flowId 654 uecSrc 653 finished at 283.821 total messages 1 total packets 490 RTS 0 total bytes 2002140 in_flight now 0 fair_inc 7000 prop_inc 58224 fast_inc 0 eta_inc 12516 multi_dec -0 quick_dec -0 nack_dec -103750
Flow Uec_100_607 flowId 458 uecSrc 457 finished at 283.857 total messages 1 total packets 490 RTS 0 total bytes 2002140 in_flight now 0 fair_inc 10400 prop_inc 64070 fast_inc 0 eta_inc 13708 multi_dec -0 quick_dec -0 nack_dec -120350
Flow Uec_405_992 flowId 622 uecSrc 621 finished at 283.901 total messages 1 total packets 490 RTS 0 total bytes 2002140 in_flight now 0 fair_inc 8903 prop_inc 57267 fast_inc 0 eta_inc 13112 multi_dec -0 quick_dec -0 nack_dec -107900
Flow Uec_446_935 flowId 655 uecSrc 654 finished at 283.971 total messages 1 total packets 490 RTS 0 total bytes 2002140 in_flight now 0 fair_inc 20464 prop_inc 57623 fast_inc 0 eta_inc 13112 multi_dec -0 quick_dec -0 nack_dec -112050
Flow Uec_563_1078 flowId 747 uecSrc 746 finished at 284.091 total messages 1 total packets 490 RTS 0 total bytes 2002140 in_flight now 0 fair_inc 25492 prop_inc 41542 fast_inc 0 eta_inc 13112 multi_dec -0 quick_dec -0 nack_dec -99600
Flow Uec_1063_421 flowId 540 uecSrc 539 finished at 284.177 total messages 1 total packets 490 RTS 0 total bytes 2002140 in_flight now 0 fair_inc 13814 prop_inc 59157 fast_inc 0 eta_inc 13112 multi_dec -0 quick_dec -0 nack_dec -112050
Flow Uec_916_381 flowId 157 uecSrc 156 finished at 284.21 total messages 1 total packets 490 RTS 0 total bytes 2002140 in_flight now 0 fair_inc 11649 prop_inc 53782 fast_inc 0 eta_inc 13112 multi_dec -0 quick_dec -0 nack_dec -107900
Flow Uec_577_1086 flowId 790 uecSrc 789 finished at 284.256 total messages 1 total packets 490 RTS 0 total bytes 2002140 in_flight now 0 fair_inc 6851 prop_inc 61001 fast_inc 0 eta_inc 13112 multi_dec -0 quick_dec -0 nack_dec -112050
Flow Uec_12_507 flowId 726 uecSrc 725 finished at 284.346 total messages 1 total packets 490 RTS 0 total bytes 2002140 in_flight now 0 fair_inc 6273 prop_inc 60369 fast_inc 0 eta_inc 13112 multi_dec -0 quick_dec -0 nack_dec -112050
Flow Uec_369_808 flowId 88 uecSrc 87 finished at 284.363 total messages 1 total packets 490 RTS 0 total bytes 2002140 in_flight now 0 fair_inc 14677 prop_inc 53705 fast_inc 0 eta_inc 13112 multi_dec -0 quick_dec -0 nack_dec -107900
Flow Uec_168_669 flowId 120 uecSrc 119 finished at 284.381 total messages 1 total packets 490 RTS 0 total bytes 2002140 in_flight now 0 fair_inc 13262 prop_inc 41359 fast_inc 0 eta_inc 12516 multi_dec -0 quick_dec -0 nack_dec -99600
Flow Uec_384_831 flowId 397 uecSrc 396 finished at 284.467 total messages 1 total packets 490 RTS 0 total bytes 2002140 in_flight now 0 fair_inc 7107 prop_inc 52849 fast_inc 0 eta_inc 13112 multi_dec -31934 quick_dec -0 nack_dec -95450
Flow Uec_962_379 flowId 400 uecSrc 399 finished at 284.504 total messages 1 total packets 490 RTS 0 total bytes 2002140 in_flight now 0 fair_inc 17921 prop_inc 44413 fast_inc 0 eta_inc 13112 multi_dec -0 quick_dec -0 nack_dec -103750
Flow Uec_442_932 flowId 659 uecSrc 658 finished at 284.586 total messages 1 total packets 490 RTS 0 total bytes 2002140 in_flight now 0 fair_inc 19325 prop_inc 50116 fast_inc 0 eta_inc 13112 multi_dec -0 quick_dec -0 nack_dec -116200
Flow Uec_748_160 flowId 472 uecSrc 471 finished at 284.587 total messages 1 total packets 490 RTS 0 total bytes 2002140 in_flight now 0 fair_inc 11788 prop_inc 79097 fast_inc 0 eta_inc 13112 multi_dec -0 quick_dec -0 nack_dec -128650
Flow Uec_991_399 flowId 302 uecSrc 301 finished at 284.817 total messages 1 total packets 490 RTS 0 total bytes 2002140 in_flight now 0 fair_inc 8227 prop_inc 71476 fast_inc 0 eta_inc 13112 multi_dec -0 quick_dec -0 nack_dec -124500
Flow Uec_1085_443 flowId 97 uecSrc 96 finished at 284.851 total messages 1 total packets 490 RTS 0 total bytes 2002140 in_flight now 0 fair_inc 12336 prop_inc 63466 fast_inc 0 eta_inc 13708 multi_dec -0 quick_dec -0 nack_dec -120350
Flow Uec_824_273 flowId 199 uecSrc 198 finished at 284.947 total messages 1 total packets 490 RTS 0 total bytes 2002140 in_flight now 0 fair_inc 9216 prop_inc 41866 fast_inc 0 eta_inc 12516 multi_dec -0 quick_dec -0 nack_dec -91300
Flow Uec_96_516 flowId 643 uecSrc 642 finished at 284.998 total messages 1 total packets 490 RTS 0 total bytes 2002140 in_flight now 0 fair_inc 8913 prop_inc 50659 fast_inc 0 eta_inc 13112 multi_dec -0 quick_dec -0 nack_dec -107900
Flow Uec_653_63 flowId 376 uecSrc 375 finished at 285.112 total messages 1 total packets 490 RTS 0 total bytes 2002140 in_flight now 0 fair_inc 16079 prop_inc 38239 fast_inc 0 eta_inc 13112 multi_dec -0 quick_dec -0 nack_dec -99600
Flow Uec_799_103 flowId 216 uecSrc 215 finished at 285.154 total messages 1 total packets 490 RTS 0 total bytes 2002140 in_flight now 0 fair_inc 18317 prop_inc 52450 fast_inc 0 eta_inc 13112 multi_dec -1339 quick_dec -0 nack_dec -112050
Flow Uec_1024_458 flowId 694 uecSrc 693 finished at 285.259 total messages 1 total packets 490 RTS 0 total bytes 2002140 in_flight now 0 fair_inc 16879 prop_inc 65644 fast_inc 0 eta_inc 13112 multi_dec -0 quick_dec -0 nack_dec -112050
Flow Uec_750_183 flowId 305 uecSrc 304 finished at 285.351 total messages 1 total packets 490 RTS 0 total bytes 2002140 in_flight now 0 fair_inc 7914 prop_inc 64566 fast_inc 0 eta_inc 13112 multi_dec -0 quick_dec -0 nack_dec -116200
Flow Uec_633_26 flowId 52 uecSrc 51 finished at 285.425 total messages 1 total packets 490 RTS 0 total bytes 2002140 in_flight now 0 fair_inc 9265 prop_inc 38034 fast_inc 0 eta_inc 13112 multi_dec -0 quick_dec -0 nack_dec -83000
Flow Uec_19_552 flowId 47 uecSrc 46 finished at 285.448 total messages 1 total packets 490 RTS 0 total bytes 2002140 in_flight now 0 fair_inc 6228 prop_inc 62745 fast_inc 0 eta_inc 13708 multi_dec -0 quick_dec -0 nack_dec -120350
Flow Uec_428_950 flowId 641 uecSrc 640 finished at 285.548 total messages 1 total packets 490 RTS 0 total bytes 2002140 in_flight now 0 fair_inc 14416 prop_inc 60212 fast_inc 0 eta_inc 13112 multi_dec -0 quick_dec -0 nack_dec -116200
Flow Uec_943_313 flowId 132 uecSrc 131 finished at 285.552 total messages 1 total packets 490 RTS 0 total bytes 2002140 in_flight now 0 fair_inc 11330 prop_inc 56159 fast_inc 0 eta_inc 13112 multi_dec -0 quick_dec -0 nack_dec -116200
Flow Uec_925_317 flowId 731 uecSrc 730 finished at 285.552 total messages 1 total packets 490 RTS 0 total bytes 2002140 in_flight now 0 fair_inc 20135 prop_inc 49468 fast_inc 0 eta_inc 13112 multi_dec -0 quick_dec -0 nack_dec -120350
Flow Uec_344_875 flowId 174 uecSrc 173 finished at 285.597 total messages 1 total packets 490 RTS 0 total bytes 2002140 in_flight now 0 fair_inc 14246 prop_inc 58520 fast_inc 0 eta_inc 13112 multi_dec -0 quick_dec -0 nack_dec -116200
Flow Uec_1039_401 flowId 507 uecSrc 506 finished at 285.682 total messages 1 total packets 490 RTS 0 total bytes 2002140 in_flight now 0 fair_inc 7133 prop_inc 46420 fast_inc 0 eta_inc 13112 multi_dec -0 quick_dec -0 nack_dec -99600
Flow Uec_812_293 flowId 434 uecSrc 433 finished at 285.699 total messages 1 total packets 490 RTS 0 total bytes 2002140 in_flight now 0 fair_inc 15868 prop_inc 47682 fast_inc 0 eta_inc 13112 multi_dec -0 quick_dec -0 nack_dec -103750
Flow Uec_1066_432 flowId 321 uecSrc 320 finished at 285.841 total messages 1 total packets 490 RTS 0 total bytes 2002140 in_flight now 0 fair_inc 15516 prop_inc 43088 fast_inc 0 eta_inc 13112 multi_dec -0 quick_dec -0 nack_dec -107900
Flow Uec_142_661 flowId 705 uecSrc 704 finished at 285.844 total messages 1 total packets 490 RTS 0 total bytes 2002140 in_flight now 0 fair_inc 9762 prop_inc 62258 fast_inc 0 eta_inc 13112 multi_dec -0 quick_dec -0 nack_dec -120350
Flow Uec_850_288 flowId 571 uecSrc 570 finished at 285.847 total messages 1 total packets 490 RTS 0 total bytes 2002140 in_flight now 0 fair_inc 8659 prop_inc 67651 fast_inc 0 eta_inc 13112 multi_dec -0 quick_dec -0 nack_dec -128650
Flow Uec_246_745 flowId 449 uecSrc 448 finished at 285.877 total messages 1 total packets 490 RTS 0 total bytes 2002140 in_flight now 0 fair_inc 8347 prop_inc 57396 fast_inc 0 eta_inc 13112 multi_dec -0 quick_dec -0 nack_dec -107900
Flow Uec_40_522 flowId 330 uecSrc 329 finished at 285.917 total messages 1 total packets 490 RTS 0 total bytes 2002140 in_flight now 0 fair_inc 18711 prop_inc 47407 fast_inc 0 eta_inc 13112 multi_dec -0 quick_dec -0 nack_dec -107900
Flow Uec_840_201 flowId 320 uecSrc 319 finished at 286.04 total messages 1 total packets 490 RTS 0 total bytes 2002140 in_flight now 0 fair_inc 8386 prop_inc 58281 fast_inc 0 eta_inc 13708 multi_dec -1183 quick_dec -0 nack_dec -116200
Flow Uec_700_128 flowId 389 uecSrc 388 finished at 286.091 total messages 1 total packets 490 RTS 0 total bytes 2002140 in_flight now 0 fair_inc 10825 prop_inc 58852 fast_inc 0 eta_inc 13112 multi_dec -0 quick_dec -0 nack_dec -112050
Flow Uec_1071_442 flowId 358 uecSrc 357 finished at 286.094 total messages 1 total packets 490 RTS 0 total bytes 2002140 in_flight now 0 fair_inc 16790 prop_inc 56740 fast_inc 0 eta_inc 13112 multi_dec -0 quick_dec -0 nack_dec -116200
Flow Uec_862_215 flowId 760 uecSrc 759 finished at 286.122 total messages 1 total packets 490 RTS 0 total bytes 2002140 in_flight now 0 fair_inc 10548 prop_inc 46400 fast_inc 0 eta_inc 13112 multi_dec -5838 quick_dec -0 nack_dec -103750
Flow Uec_779_156 flowId 651 uecSrc 650 finished at 286.171 total messages 1 total packets 490 RTS 0 total bytes 2002140 in_flight now 0 fair_inc 16246 prop_inc 44571 fast_inc 0 eta_inc 13112 multi_dec -0 quick_dec -0 nack_dec -103750
Flow Uec_578_1005 flowId 73 uecSrc 72 finished at 286.295 total messages 1 total packets 490 RTS 0 total bytes 2002140 in_flight now 0 fair_inc 9043 prop_inc 54380 fast_inc 0 eta_inc 13112 multi_dec -0 quick_dec -0 nack_dec -107900
Flow Uec_250_739 flowId 12 uecSrc 11 finished at 286.383 total messages 1 total packets 490 RTS 0 total bytes 2002140 in_flight now 0 fair_inc 12204 prop_inc 63373 fast_inc 0 eta_inc 13112 multi_dec -0 quick_dec -0 nack_dec -120350
Flow Uec_11_539 flowId 207 uecSrc 206 finished at 286.409 total messages 1 total packets 490 RTS 0 total bytes 2002140 in_flight now 0 fair_inc 11113 prop_inc 61818 fast_inc 0 eta_inc 13112 multi_dec -0 quick_dec -0 nack_dec -112050
Flow Uec_530_1049 flowId 633 uecSrc 632 finished at 286.437 total messages 1 total packets 490 RTS 0 total bytes 2002140 in_flight now 0 fair_inc 14425 prop_inc 61901 fast_inc 0 eta_inc 13112 multi_dec -0 quick_dec -0 nack_dec -112050
Flow Uec_719_192 flowId 784 uecSrc 783 finished at 286.482 total messages 1 total packets 490 RTS 0 total bytes 2002140 in_flight now 0 fair_inc 10526 prop_inc 61395 fast_inc 0 eta_inc 13112 multi_dec -0 quick_dec -0 nack_dec -116200
Flow Uec_451_916 flowId 799 uecSrc 798 finished at 286.515 total messages 1 total packets 490 RTS 0 total bytes 2002140 in_flight now 0 fair_inc 14548 prop_inc 43313 fast_inc 0 eta_inc 13112 multi_dec -0 quick_dec -0 nack_dec -95450
Flow Uec_1025_415 flowId 817 uecSrc 816 finished at 286.522 total messages 1 total packets 490 RTS 0 total bytes 2002140 in_flight now 0 fair_inc 10228 prop_inc 66242 fast_inc 0 eta_inc 13112 multi_dec -0 quick_dec -0 nack_dec -116200
Flow Uec_884_217 flowId 670 uecSrc 669 finished at 286.61 total messages 1 total packets 490 RTS 0 total bytes 2002140 in_flight now 0 fair_inc 8685 prop_inc 47106 fast_inc 0 eta_inc 13112 multi_dec -0 quick_dec -0 nack_dec -99600
Flow Uec_781_104 flowId 581 uecSrc 580 finished at 286.637 total messages 1 total packets 490 RTS 0 total bytes 2002140 in_flight now 0 fair_inc 7743 prop_inc 60426 fast_inc 0 eta_inc 13112 multi_dec -0 quick_dec -0 nack_dec -112050
Flow Uec_388_873 flowId 63 uecSrc 62 finished at 286.694 total messages 1 total packets 490 RTS 0 total bytes 2002140 in_flight now 0 fair_inc 16337 prop_inc 50081 fast_inc 0 eta_inc 13112 multi_dec -330 quick_dec -0 nack_dec -112050
Flow Uec_223_701 flowId 794 uecSrc 793 finished at 286.695 total messages 1 total packets 490 RTS 0 total bytes 2002140 in_flight now 0 fair_inc 10008 prop_inc 60835 fast_inc 0 eta_inc 13112 multi_dec -0 quick_dec -0 nack_dec -107900
Flow Uec_1006_467 flowId 483 uecSrc 482 finished at 286.725 total messages 1 total packets 490 RTS 0 total bytes 2002140 in_flight now 0 fair_inc 14141 prop_inc 57483 fast_inc 0 eta_inc 13708 multi_dec -0 quick_dec -0 nack_dec -120350
Flow Uec_160_671 flowId 427 uecSrc 426 finished at 286.763 total messages 1 total packets 490 RTS 0 total bytes 2002140 in_flight now 0 fair_inc 18573 prop_inc 64877 fast_inc 0 eta_inc 13112 multi_dec -0 quick_dec -0 nack_dec -116200
Flow Uec_961_355 flowId 498 uecSrc 497 finished at 286.81 total messages 1 total packets 490 RTS 0 total bytes 2002140 in_flight now 0 fair_inc 7439 prop_inc 60201 fast_inc 0 eta_inc 13112 multi_dec -0 quick_dec -0 nack_dec -120350
Flow Uec_631_60 flowId 83 uecSrc 82 finished at 286.822 total messages 1 total packets 490 RTS 0 total bytes 2002140 in_flight now 0 fair_inc 7374 prop_inc 51518 fast_inc 0 eta_inc 13112 multi_dec -0 quick_dec -0 nack_dec -99600
Flow Uec_431_955 flowId 85 uecSrc 84 finished at 286.847 total messages 1 total packets 490 RTS 0 total bytes 2002140 in_flight now 0 fair_inc 14573 prop_inc 36978 fast_inc 0 eta_inc 13708 multi_dec -0 quick_dec -0 nack_dec -91300
Flow Uec_930_316 flowId 636 uecSrc 635 finished at 286.926 total messages 1 total packets 490 RTS 0 total bytes 2002140 in_flight now 0 fair_inc 8061 prop_inc 67323 fast_inc 0 eta_inc 13708 multi_dec -0 quick_dec -0 nack_dec -120350
Flow Uec_212_755 flowId 566 uecSrc 565 finished at 287.012 total messages 1 total packets 490 RTS 0 total bytes 2002140 in_flight now 0 fair_inc 14185 prop_inc 47087 fast_inc 0 eta_inc 13112 multi_dec -0 quick_dec -0 nack_dec -103750
Flow Uec_359_881 flowId 671 uecSrc 670 finished at 287.161 total messages 1 total packets 490 RTS 0 total bytes 2002140 in_flight now 0 fair_inc 12953 prop_inc 56577 fast_inc 0 eta_inc 13708 multi_dec -0 quick_dec -0 nack_dec -112050
Flow Uec_130_688 flowId 230 uecSrc 229 finished at 287.226 total messages 1 total packets 490 RTS 0 total bytes 2002140 in_flight now 0 fair_inc 13174 prop_inc 58643 fast_inc 0 eta_inc 13708 multi_dec -0 quick_dec -0 nack_dec -112050
Flow Uec_1078_454 flowId 327 uecSrc 326 finished at 287.269 total messages 1 total packets 490 RTS 0 total bytes 2002140 in_flight now 0 fair_inc 12431 prop_inc 53882 fast_inc 0 eta_inc 13112 multi_dec -0 quick_dec -0 nack_dec -112050
Flow Uec_1081_486 flowId 514 uecSrc 513 finished at 287.275 total messages 1 total packets 490 RTS 0 total bytes 2002140 in_flight now 0 fair_inc 13256 prop_inc 50766 fast_inc 0 eta_inc 13112 multi_dec -0 quick_dec -0 nack_dec -107900
Flow Uec_996_387 flowId 548 uecSrc 547 finished at 287.312 total messages 1 total packets 490 RTS 0 total bytes 2002140 in_flight now 0 fair_inc 6753 prop_inc 75008 fast_inc 0 eta_inc 13112 multi_dec -0 quick_dec -0 nack_dec -128650
Flow Uec_1058_460 flowId 716 uecSrc 715 finished at 287.389 total messages 1 total packets 490 RTS 0 total bytes 2002140 in_flight now 0 fair_inc 17733 prop_inc 45590 fast_inc 0 eta_inc 13112 multi_dec -894 quick_dec -0 nack_dec -107900
Flow Uec_569_1033 flowId 198 uecSrc 197 finished at 287.457 total messages 1 total packets 490 RTS 0 total bytes 2002140 in_flight now 0 fair_inc 7919 prop_inc 62307 fast_inc 0 eta_inc 13708 multi_dec -0 quick_dec -0 nack_dec -112050
Flow Uec_932_335 flowId 386 uecSrc 385 finished at 287.458 total messages 1 total packets 490 RTS 0 total bytes 2002140 in_flight now 0 fair_inc 17784 prop_inc 61360 fast_inc 0 eta_inc 13112 multi_dec -0 quick_dec -0 nack_dec -120350
Flow Uec_1094_448 flowId 245 uecSrc 244 finished at 287.475 total messages 1 total packets 490 RTS 0 total bytes 2002140 in_flight now 0 fair_inc 13264 prop_inc 52707 fast_inc 0 eta_inc 13112 multi_dec -0 quick_dec -0 nack_dec -116200
Flow Uec_1093_426 flowId 8 uecSrc 7 finished at 287.487 total messages 1 total packets 490 RTS 0 total bytes 2002140 in_flight now 0 fair_inc 14685 prop_inc 49769 fast_inc 0 eta_inc 13708 multi_dec -0 quick_dec -0 nack_dec -116200
Flow Uec_272_787 flowId 825 uecSrc 824 finished at 287.521 total messages 1 total packets 490 RTS 0 total bytes 2002140 in_flight now 0 fair_inc 9117 prop_inc 64324 fast_inc 0 eta_inc 13112 multi_dec -0 quick_dec -0 nack_dec -120350
Flow Uec_292_786 flowId 412 uecSrc 411 finished at 287.588 total messages 1 total packets 490 RTS 0 total bytes 2002140 in_flight now 0 fair_inc 21585 prop_inc 43915 fast_inc 0 eta_inc 13112 multi_dec -0 quick_dec -0 nack_dec -103750
Flow Uec_576_1029 flowId 403 uecSrc 402 finished at 287.594 total messages 1 total packets 490 RTS 0 total bytes 2002140 in_flight now 0 fair_inc 12391 prop_inc 56677 fast_inc 0 eta_inc 13112 multi_dec -0 quick_dec -0 nack_dec -116200
Flow Uec_926_396 flowId 107 uecSrc 106 finished at 287.621 total messages 1 total packets 490 RTS 0 total bytes 2002140 in_flight now 0 fair_inc 11900 prop_inc 65457 fast_inc 0 eta_inc 13708 multi_dec -0 quick_dec -0 nack_dec -120350
Flow Uec_429_958 flowId 538 uecSrc 537 finished at 287.663 total messages 1 total packets 490 RTS 0 total bytes 2002140 in_flight now 0 fair_inc 11512 prop_inc 63298 fast_inc 0 eta_inc 13708 multi_dec -0 quick_dec -0 nack_dec -120350
Flow Uec_395_821 flowId 326 uecSrc 325 finished at 287.706 total messages 1 total packets 490 RTS 0 total bytes 2002140 in_flight now 0 fair_inc 22792 prop_inc 53268 fast_inc 0 eta_inc 13708 multi_dec -0 quick_dec -0 nack_dec -128650
Flow Uec_952_350 flowId 31 uecSrc 30 finished at 287.73 total messages 1 total packets 490 RTS 0 total bytes 2002140 in_flight now 0 fair_inc 5833 prop_inc 52245 fast_inc 0 eta_inc 13708 multi_dec -0 quick_dec -0 nack_dec -107900
Flow Uec_1005_405 flowId 13 uecSrc 12 finished at 287.754 total messages 1 total packets 490 RTS 0 total bytes 2002140 in_flight now 0 fair_inc 21708 prop_inc 41331 fast_inc 0 eta_inc 13708 multi_dec -12505 quick_dec -0 nack_dec -107900
Flow Uec_841_299 flowId 696 uecSrc 695 finished at 287.764 total messages 1 total packets 490 RTS 0 total bytes 2002140 in_flight now 0 fair_inc 21387 prop_inc 45536 fast_inc 0 eta_inc 13112 multi_dec -0 quick_dec -0 nack_dec -112050
Flow Uec_594_1061 flowId 800 uecSrc 799 finished at 287.787 total messages 1 total packets 490 RTS 0 total bytes 2002140 in_flight now 0 fair_inc 11548 prop_inc 55987 fast_inc 0 eta_inc 12516 multi_dec -0 quick_dec -0 nack_dec -112050
Flow Uec_1046_450 flowId 354 uecSrc 353 finished at 287.816 total messages 1 total packets 490 RTS 0 total bytes 2002140 in_flight now 0 fair_inc 19177 prop_inc 54952 fast_inc 0 eta_inc 13112 multi_dec -0 quick_dec -0 nack_dec -116200
Flow Uec_936_347 flowId 359 uecSrc 358 finished at 287.876 total messages 1 total packets 490 RTS 0 total bytes 2002140 in_flight now 0 fair_inc 6506 prop_inc 71835 fast_inc 0 eta_inc 13112 multi_dec -0 quick_dec -0 nack_dec -124500
Flow Uec_762_120 flowId 19 uecSrc 18 finished at 287.886 total messages 1 total packets 490 RTS 0 total bytes 2002140 in_flight now 0 fair_inc 12194 prop_inc 56383 fast_inc 0 eta_inc 13708 multi_dec -0 quick_dec -0 nack_dec -116200
Flow Uec_179_625 flowId 554 uecSrc 553 finished at 287.939 total messages 1 total packets 490 RTS 0 total bytes 2002140 in_flight now 0 fair_inc 15044 prop_inc 60243 fast_inc 0 eta_inc 13112 multi_dec -0 quick_dec -0 nack_dec -120350
Flow Uec_310_842 flowId 450 uecSrc 449 finished at 288.112 total messages 1 total packets 490 RTS 0 total bytes 2002140 in_flight now 0 fair_inc 13536 prop_inc 51917 fast_inc 0 eta_inc 13112 multi_dec -2241 quick_dec -0 nack_dec -103750
Flow Uec_313_853 flowId 211 uecSrc 210 finished at 288.117 total messages 1 total packets 490 RTS 0 total bytes 2002140 in_flight now 0 fair_inc 16134 prop_inc 47450 fast_inc 0 eta_inc 13708 multi_dec -0 quick_dec -0 nack_dec -103750
Flow Uec_56_556 flowId 735 uecSrc 734 finished at 288.161 total messages 1 total packets 490 RTS 0 total bytes 2002140 in_flight now 0 fair_inc 24193 prop_inc 50162 fast_inc 0 eta_inc 13112 multi_dec -41 quick_dec -0 nack_dec -112050
Flow Uec_621_5 flowId 185 uecSrc 184 finished at 288.173 total messages 1 total packets 490 RTS 0 total bytes 2002140 in_flight now 0 fair_inc 14476 prop_inc 42333 fast_inc 0 eta_inc 13708 multi_dec -0 quick_dec -0 nack_dec -99600
Flow Uec_1027_453 flowId 741 uecSrc 740 finished at 288.242 total messages 1 total packets 490 RTS 0 total bytes 2002140 in_flight now 0 fair_inc 9493 prop_inc 60620 fast_inc 0 eta_inc 13112 multi_dec -0 quick_dec -0 nack_dec -120350
Flow Uec_854_282 flowId 193 uecSrc 192 finished at 288.269 total messages 1 total packets 490 RTS 0 total bytes 2002140 in_flight now 0 fair_inc 8208 prop_inc 54505 fast_inc 0 eta_inc 13708 multi_dec -0 quick_dec -0 nack_dec -107900
Flow Uec_592_1053 flowId 357 uecSrc 356 finished at 288.276 total messages 1 total packets 490 RTS 0 total bytes 2002140 in_flight now 0 fair_inc 23903 prop_inc 44105 fast_inc 0 eta_inc 13112 multi_dec -0 quick_dec -0 nack_dec -103750
Flow Uec_595_1041 flowId 610 uecSrc 609 finished at 288.5 total messages 1 total packets 490 RTS 0 total bytes 2002140 in_flight now 0 fair_inc 10852 prop_inc 70678 fast_inc 0 eta_inc 13708 multi_dec -0 quick_dec -0 nack_dec -124500
Flow Uec_1020_465 flowId 762 uecSrc 761 finished at 288.501 total messages 1 total packets 490 RTS 0 total bytes 2002140 in_flight now 0 fair_inc 4802 prop_inc 66097 fast_inc 0 eta_inc 13708 multi_dec -0 quick_dec -0 nack_dec -124500
Flow Uec_397_868 flowId 129 uecSrc 128 finished at 288.525 total messages 1 total packets 490 RTS 0 total bytes 2002140 in_flight now 0 fair_inc 27036 prop_inc 53770 fast_inc 0 eta_inc 13708 multi_dec -0 quick_dec -0 nack_dec -116200
Flow Uec_643_7 flowId 657 uecSrc 656 finished at 288.564 total messages 1 total packets 490 RTS 0 total bytes 2002140 in_flight now 0 fair_inc 8062 prop_inc 52794 fast_inc 0 eta_inc 12516 multi_dec -0 quick_dec -0 nack_dec -95450
Flow Uec_1045_480 flowId 763 uecSrc 762 finished at 288.565 total messages 1 total packets 490 RTS 0 total bytes 2002140 in_flight now 0 fair_inc 10142 prop_inc 59658 fast_inc 0 eta_inc 13112 multi_dec -0 quick_dec -0 nack_dec -120350
Flow Uec_574_1008 flowId 26 uecSrc 25 finished at 288.565 total messages 1 total packets 490 RTS 0 total bytes 2002140 in_flight now 0 fair_inc 26430 prop_inc 41613 fast_inc 0 eta_inc 13708 multi_dec -0 quick_dec -0 nack_dec -107900
Flow Uec_490_918 flowId 151 uecSrc 150 finished at 288.599 total messages 1 total packets 490 RTS 0 total bytes 2002140 in_flight now 0 fair_inc 7248 prop_inc 65620 fast_inc 0 eta_inc 13708 multi_dec -0 quick_dec -0 nack_dec -120350
Flow Uec_564_1021 flowId 381 uecSrc 380 finished at 288.616 total messages 1 total packets 490 RTS 0 total bytes 2002140 in_flight now 0 fair_inc 20681 prop_inc 47654 fast_inc 0 eta_inc 13708 multi_dec -6649 quick_dec -0 nack_dec -103750
Flow Uec_51_531 flowId 441 uecSrc 440 finished at 288.697 total messages 1 total packets 490 RTS 0 total bytes 2002140 in_flight now 0 fair_inc 9935 prop_inc 63223 fast_inc 0 eta_inc 13112 multi_dec -0 quick_dec -0 nack_dec -107900
Flow Uec_37_544 flowId 344 uecSrc 343 finished at 288.705 total messages 1 total packets 490 RTS 0 total bytes 2002140 in_flight now 0 fair_inc 14848 prop_inc 56302 fast_inc 0 eta_inc 13708 multi_dec -0 quick_dec -0 nack_dec -120350
Flow Uec_317_846 flowId 251 uecSrc 250 finished at 288.81 total messages 1 total packets 490 RTS 0 total bytes 2002140 in_flight now 0 fair_inc 21110 prop_inc 53377 fast_inc 0 eta_inc 13708 multi_dec -0 quick_dec -0 nack_dec -116200
Flow Uec_1012_472 flowId 41 uecSrc 40 finished at 288.815 total messages 1 total packets 490 RTS 0 total bytes 2002140 in_flight now 0 fair_inc 20263 prop_inc 46984 fast_inc 0 eta_inc 13112 multi_dec -0 quick_dec -0 nack_dec -107900
Flow Uec_725_152 flowId 278 uecSrc 277 finished at 288.831 total messages 1 total packets 490 RTS 0 total bytes 2002140 in_flight now 0 fair_inc 16122 prop_inc 45306 fast_inc 0 eta_inc 13112 multi_dec -0 quick_dec -0 nack_dec -99600
Flow Uec_294_741 flowId 263 uecSrc 262 finished at 288.89 total messages 1 total packets 490 RTS 0 total bytes 2002140 in_flight now 0 fair_inc 18835 prop_inc 53657 fast_inc 0 eta_inc 13708 multi_dec -0 quick_dec -0 nack_dec -120350
Flow Uec_783_188 flowId 227 uecSrc 226 finished at 288.908 total messages 1 total packets 490 RTS 0 total bytes 2002140 in_flight now 0 fair_inc 8819 prop_inc 47353 fast_inc 0 eta_inc 13708 multi_dec -0 quick_dec -0 nack_dec -107900
Flow Uec_738_171 flowId 340 uecSrc 339 finished at 288.919 total messages 1 total packets 490 RTS 0 total bytes 2002140 in_flight now 0 fair_inc 13486 prop_inc 46348 fast_inc 0 eta_inc 13708 multi_dec -11256 quick_dec -0 nack_dec -99600
Flow Uec_821_244 flowId 569 uecSrc 568 finished at 288.954 total messages 1 total packets 490 RTS 0 total bytes 2002140 in_flight now 0 fair_inc 14464 prop_inc 59521 fast_inc 0 eta_inc 13112 multi_dec -0 quick_dec -0 nack_dec -120350
Flow Uec_539_1070 flowId 300 uecSrc 299 finished at 289.155 total messages 1 total packets 490 RTS 0 total bytes 2002140 in_flight now 0 fair_inc 11214 prop_inc 65711 fast_inc 0 eta_inc 13112 multi_dec -0 quick_dec -0 nack_dec -124500
Flow Uec_704_101 flowId 682 uecSrc 681 finished at 289.207 total messages 1 total packets 490 RTS 0 total bytes 2002140 in_flight now 0 fair_inc 13721 prop_inc 47114 fast_inc 0 eta_inc 13112 multi_dec -0 quick_dec -0 nack_dec -112050
Flow Uec_937_384 flowId 405 uecSrc 404 finished at 289.211 total messages 1 total packets 490 RTS 0 total bytes 2002140 in_flight now 0 fair_inc 8892 prop_inc 60162 fast_inc 0 eta_inc 13708 multi_dec -0 quick_dec -0 nack_dec -116200
Flow Uec_462_952 flowId 343 uecSrc 342 finished at 289.31 total messages 1 total packets 490 RTS 0 total bytes 2002140 in_flight now 0 fair_inc 13593 prop_inc 48405 fast_inc 0 eta_inc 13708 multi_dec -0 quick_dec -0 nack_dec -116200
Flow Uec_210_717 flowId 496 uecSrc 495 finished at 289.312 total messages 1 total packets 490 RTS 0 total bytes 2002140 in_flight now 0 fair_inc 28917 prop_inc 42024 fast_inc 0 eta_inc 13708 multi_dec -0 quick_dec -0 nack_dec -112050
Flow Uec_495_913 flowId 3 uecSrc 2 finished at 289.337 total messages 1 total packets 490 RTS 0 total bytes 2002140 in_flight now 0 fair_inc 7917 prop_inc 62896 fast_inc 0 eta_inc 13708 multi_dec -0 quick_dec -0 nack_dec -116200
Flow Uec_988_346 flowId 37 uecSrc 36 finished at 289.367 total messages 1 total packets 490 RTS 0 total bytes 2002140 in_flight now 0 fair_inc 16651 prop_inc 60712 fast_inc 0 eta_inc 13708 multi_dec -0 quick_dec -0 nack_dec -120350
Flow Uec_532_1062 flowId 539 uecSrc 538 finished at 289.38 total messages 1 total packets 490 RTS 0 total bytes 2002140 in_flight now 0 fair_inc 19411 prop_inc 50298 fast_inc 0 eta_inc 13708 multi_dec -0 quick_dec -0 nack_dec -116200
Flow Uec_326_897 flowId 311 uecSrc 310 finished at 289.388 total messages 1 total packets 490 RTS 0 total bytes 2002140 in_flight now 0 fair_inc 4480 prop_inc 68331 fast_inc 0 eta_inc 13708 multi_dec -0 quick_dec -0 nack_dec -124500
Flow Uec_306_840 flowId 298 uecSrc 297 finished at 289.494 total messages 1 total packets 490 RTS 0 total bytes 2002140 in_flight now 0 fair_inc 13194 prop_inc 52817 fast_inc 0 eta_inc 13112 multi_dec -0 quick_dec -0 nack_dec -112050
Flow Uec_483_912 flowId 283 uecSrc 282 finished at 289.503 total messages 1 total packets 490 RTS 0 total bytes 2002140 in_flight now 0 fair_inc 20026 prop_inc 51117 fast_inc 0 eta_inc 13112 multi_dec -0 quick_dec -0 nack_dec -103750
Flow Uec_398_815 flowId 730 uecSrc 729 finished at 289.511 total messages 1 total packets 490 RTS 0 total bytes 2002140 in_flight now 0 fair_inc 10537 prop_inc 68783 fast_inc 0 eta_inc 13112 multi_dec -0 quick_dec -0 nack_dec -120350
Flow Uec_351_888 flowId 377 uecSrc 376 finished at 289.585 total messages 1 total packets 490 RTS 0 total bytes 2002140 in_flight now 0 fair_inc 9879 prop_inc 45979 fast_inc 0 eta_inc 13112 multi_dec -0 quick_dec -0 nack_dec -99600
Flow Uec_262_795 flowId 153 uecSrc 152 finished at 289.62 total messages 1 total packets 490 RTS 0 total bytes 2002140 in_flight now 0 fair_inc 5978 prop_inc 65344 fast_inc 0 eta_inc 13708 multi_dec -0 quick_dec -0 nack_dec -120350
Flow Uec_567_1023 flowId 415 uecSrc 414 finished at 289.635 total messages 1 total packets 490 RTS 0 total bytes 2002140 in_flight now 0 fair_inc 12508 prop_inc 48999 fast_inc 0 eta_inc 13112 multi_dec -0 quick_dec -0 nack_dec -112050
Flow Uec_61_546 flowId 600 uecSrc 599 finished at 289.668 total messages 1 total packets 490 RTS 0 total bytes 2002140 in_flight now 0 fair_inc 13836 prop_inc 60588 fast_inc 0 eta_inc 13708 multi_dec -0 quick_dec -0 nack_dec -118210
Flow Uec_607_48 flowId 556 uecSrc 555 finished at 289.696 total messages 1 total packets 490 RTS 0 total bytes 2002140 in_flight now 0 fair_inc 17574 prop_inc 46418 fast_inc 0 eta_inc 13708 multi_dec -382 quick_dec -0 nack_dec -103750
Flow Uec_868_275 flowId 821 uecSrc 820 finished at 289.777 total messages 1 total packets 490 RTS 0 total bytes 2002140 in_flight now 0 fair_inc 12239 prop_inc 56505 fast_inc 0 eta_inc 13112 multi_dec -0 quick_dec -0 nack_dec -107900
Flow Uec_298_789 flowId 745 uecSrc 744 finished at 289.794 total messages 1 total packets 490 RTS 0 total bytes 2002140 in_flight now 0 fair_inc 12281 prop_inc 55985 fast_inc 0 eta_inc 13112 multi_dec -0 quick_dec -0 nack_dec -116200
Flow Uec_573_1027 flowId 728 uecSrc 727 finished at 289.862 total messages 1 total packets 490 RTS 0 total bytes 2002140 in_flight now 0 fair_inc 19675 prop_inc 59967 fast_inc 0 eta_inc 13708 multi_dec -0 quick_dec -0 nack_dec -120350
Flow Uec_220_703 flowId 557 uecSrc 556 finished at 289.891 total messages 1 total packets 490 RTS 0 total bytes 2002140 in_flight now 0 fair_inc 21275 prop_inc 38314 fast_inc 0 eta_inc 13708 multi_dec -11894 quick_dec -0 nack_dec -99600
Flow Uec_1036_457 flowId 787 uecSrc 786 finished at 289.957 total messages 1 total packets 490 RTS 0 total bytes 2002140 in_flight now 0 fair_inc 15326 prop_inc 51505 fast_inc 0 eta_inc 13708 multi_dec -0 quick_dec -0 nack_dec -112050
Flow Uec_619_68 flowId 304 uecSrc 303 finished at 289.96 total messages 1 total packets 490 RTS 0 total bytes 2002140 in_flight now 0 fair_inc 18808 prop_inc 44933 fast_inc 0 eta_inc 13112 multi_dec -0 quick_dec -0 nack_dec -95450
Flow Uec_966_307 flowId 589 uecSrc 588 finished at 289.984 total messages 1 total packets 490 RTS 0 total bytes 2002140 in_flight now 0 fair_inc 12036 prop_inc 64522 fast_inc 0 eta_inc 13112 multi_dec -0 quick_dec -0 nack_dec -124500
Flow Uec_97_569 flowId 92 uecSrc 91 finished at 290.011 total messages 1 total packets 490 RTS 0 total bytes 2002140 in_flight now 0 fair_inc 13787 prop_inc 60488 fast_inc 0 eta_inc 13112 multi_dec -0 quick_dec -0 nack_dec -107900
Flow Uec_915_385 flowId 100 uecSrc 99 finished at 290.02 total messages 1 total packets 490 RTS 0 total bytes 2002140 in_flight now 0 fair_inc 8746 prop_inc 62791 fast_inc 0 eta_inc 13112 multi_dec -0 quick_dec -0 nack_dec -116200
Flow Uec_585_1074 flowId 420 uecSrc 419 finished at 290.042 total messages 1 total packets 490 RTS 0 total bytes 2002140 in_flight now 0 fair_inc 12757 prop_inc 63346 fast_inc 0 eta_inc 13708 multi_dec -0 quick_dec -0 nack_dec -120350
Flow Uec_529_1069 flowId 32 uecSrc 31 finished at 290.063 total messages 1 total packets 490 RTS 0 total bytes 2002140 in_flight now 0 fair_inc 10549 prop_inc 59493 fast_inc 0 eta_inc 13708 multi_dec -0 quick_dec -0 nack_dec -116200
Flow Uec_218_748 flowId 691 uecSrc 690 finished at 290.125 total messages 1 total packets 490 RTS 0 total bytes 2002140 in_flight now 0 fair_inc 12570 prop_inc 55337 fast_inc 0 eta_inc 13708 multi_dec -0 quick_dec -0 nack_dec -112050
Flow Uec_526_1036 flowId 737 uecSrc 736 finished at 290.14 total messages 1 total packets 490 RTS 0 total bytes 2002140 in_flight now 0 fair_inc 23263 prop_inc 44430 fast_inc 0 eta_inc 13708 multi_dec -7485 quick_dec -0 nack_dec -116200
Flow Uec_540_1060 flowId 71 uecSrc 70 finished at 290.141 total messages 1 total packets 490 RTS 0 total bytes 2002140 in_flight now 0 fair_inc 31477 prop_inc 36819 fast_inc 0 eta_inc 13708 multi_dec -0 quick_dec -0 nack_dec -107900
Flow Uec_422_954 flowId 360 uecSrc 359 finished at 290.152 total messages 1 total packets 490 RTS 0 total bytes 2002140 in_flight now 0 fair_inc 12149 prop_inc 54840 fast_inc 0 eta_inc 13708 multi_dec -0 quick_dec -0 nack_dec -112050
Flow Uec_1008_494 flowId 62 uecSrc 61 finished at 290.364 total messages 1 total packets 490 RTS 0 total bytes 2002140 in_flight now 0 fair_inc 10690 prop_inc 64577 fast_inc 0 eta_inc 13708 multi_dec -0 quick_dec -0 nack_dec -124500
Flow Uec_415_970 flowId 531 uecSrc 530 finished at 290.387 total messages 1 total packets 490 RTS 0 total bytes 2002140 in_flight now 0 fair_inc 24786 prop_inc 51604 fast_inc 0 eta_inc 13708 multi_dec -0 quick_dec -0 nack_dec -107900
Flow Uec_1052_445 flowId 739 uecSrc 738 finished at 290.463 total messages 1 total packets 490 RTS 0 total bytes 2002140 in_flight now 0 fair_inc 10222 prop_inc 52718 fast_inc 0 eta_inc 13708 multi_dec -0 quick_dec -0 nack_dec -99600
Flow Uec_413_959 flowId 811 uecSrc 810 finished at 290.629 total messages 1 total packets 490 RTS 0 total bytes 2002140 in_flight now 0 fair_inc 12263 prop_inc 51878 fast_inc 0 eta_inc 13112 multi_dec -736 quick_dec -0 nack_dec -112050
Flow Uec_83_524 flowId 704 uecSrc 703 finished at 290.63 total messages 1 total packets 490 RTS 0 total bytes 2002140 in_flight now 0 fair_inc 7751 prop_inc 46581 fast_inc 0 eta_inc 13708 multi_dec -173 quick_dec -0 nack_dec -103750
Flow Uec_819_225 flowId 580 uecSrc 579 finished at 290.66 total messages 1 total packets 490 RTS 0 total bytes 2002140 in_flight now 0 fair_inc 12273 prop_inc 69420 fast_inc 0 eta_inc 13708 multi_dec -0 quick_dec -0 nack_dec -128650
Flow Uec_487_905 flowId 482 uecSrc 481 finished at 290.752 total messages 1 total packets 490 RTS 0 total bytes 2002140 in_flight now 0 fair_inc 23094 prop_inc 44518 fast_inc 0 eta_inc 13708 multi_dec -0 quick_dec -0 nack_dec -112050
Flow Uec_545_1064 flowId 253 uecSrc 252 finished at 290.932 total messages 1 total packets 490 RTS 0 total bytes 2002140 in_flight now 0 fair_inc 23656 prop_inc 56717 fast_inc 0 eta_inc 13708 multi_dec -0 quick_dec -0 nack_dec -120350
Flow Uec_4_576 flowId 35 uecSrc 34 finished at 290.983 total messages 1 total packets 490 RTS 0 total bytes 2002140 in_flight now 0 fair_inc 13548 prop_inc 56627 fast_inc 0 eta_inc 13708 multi_dec -0 quick_dec -0 nack_dec -112050
Flow Uec_176_633 flowId 292 uecSrc 291 finished at 291.143 total messages 1 total packets 490 RTS 0 total bytes 2002140 in_flight now 0 fair_inc 14894 prop_inc 55794 fast_inc 0 eta_inc 13708 multi_dec -0 quick_dec -0 nack_dec -116200
Flow Uec_32_510 flowId 265 uecSrc 264 finished at 291.223 total messages 1 total packets 490 RTS 0 total bytes 2002140 in_flight now 0 fair_inc 12950 prop_inc 52027 fast_inc 0 eta_inc 13708 multi_dec -0 quick_dec -0 nack_dec -103750
Flow Uec_717_175 flowId 543 uecSrc 542 finished at 291.228 total messages 1 total packets 490 RTS 0 total bytes 2002140 in_flight now 0 fair_inc 14984 prop_inc 53472 fast_inc 0 eta_inc 13112 multi_dec -0 quick_dec -0 nack_dec -116200
Flow Uec_181_668 flowId 574 uecSrc 573 finished at 291.228 total messages 1 total packets 490 RTS 0 total bytes 2002140 in_flight now 0 fair_inc 12129 prop_inc 55882 fast_inc 0 eta_inc 13708 multi_dec -0 quick_dec -0 nack_dec -116200
Flow Uec_678_38 flowId 313 uecSrc 312 finished at 291.233 total messages 1 total packets 490 RTS 0 total bytes 2002140 in_flight now 0 fair_inc 12685 prop_inc 54550 fast_inc 0 eta_inc 13112 multi_dec -0 quick_dec -0 nack_dec -112050
Flow Uec_753_153 flowId 201 uecSrc 200 finished at 291.354 total messages 1 total packets 490 RTS 0 total bytes 2002140 in_flight now 0 fair_inc 12469 prop_inc 64692 fast_inc 0 eta_inc 13708 multi_dec -0 quick_dec -0 nack_dec -116200
Flow Uec_75_589 flowId 418 uecSrc 417 finished at 291.36 total messages 1 total packets 490 RTS 0 total bytes 2002140 in_flight now 0 fair_inc 15491 prop_inc 55720 fast_inc 0 eta_inc 13708 multi_dec -0 quick_dec -0 nack_dec -120350
Flow Uec_1002_483 flowId 84 uecSrc 83 finished at 291.396 total messages 1 total packets 490 RTS 0 total bytes 2002140 in_flight now 0 fair_inc 7521 prop_inc 75943 fast_inc 0 eta_inc 13708 multi_dec -0 quick_dec -0 nack_dec -128650
Flow Uec_1019_435 flowId 765 uecSrc 764 finished at 291.405 total messages 1 total packets 490 RTS 0 total bytes 2002140 in_flight now 0 fair_inc 17088 prop_inc 48181 fast_inc 0 eta_inc 13112 multi_dec -0 quick_dec -0 nack_dec -112050
Flow Uec_255_792 flowId 156 uecSrc 155 finished at 291.426 total messages 1 total packets 490 RTS 0 total bytes 2002140 in_flight now 0 fair_inc 10498 prop_inc 53758 fast_inc 0 eta_inc 13708 multi_dec -7010 quick_dec -0 nack_dec -112050
Flow Uec_710_116 flowId 565 uecSrc 564 finished at 291.523 total messages 1 total packets 490 RTS 0 total bytes 2002140 in_flight now 0 fair_inc 10825 prop_inc 64325 fast_inc 0 eta_inc 13708 multi_dec -0 quick_dec -0 nack_dec -120350
Flow Uec_1_541 flowId 316 uecSrc 315 finished at 291.539 total messages 1 total packets 490 RTS 0 total bytes 2002140 in_flight now 0 fair_inc 17738 prop_inc 54929 fast_inc 0 eta_inc 13708 multi_dec -0 quick_dec -0 nack_dec -112050
Flow Uec_74_566 flowId 27 uecSrc 26 finished at 291.629 total messages 1 total packets 490 RTS 0 total bytes 2002140 in_flight now 0 fair_inc 10661 prop_inc 57472 fast_inc 0 eta_inc 13708 multi_dec -0 quick_dec -0 nack_dec -112050
Flow Uec_108_680 flowId 423 uecSrc 422 finished at 291.66 total messages 1 total packets 490 RTS 0 total bytes 2002140 in_flight now 0 fair_inc 18357 prop_inc 62087 fast_inc 0 eta_inc 13708 multi_dec -0 quick_dec -0 nack_dec -124500
Flow Uec_245_714 flowId 629 uecSrc 628 finished at 291.716 total messages 1 total packets 490 RTS 0 total bytes 2002140 in_flight now 0 fair_inc 9402 prop_inc 47966 fast_inc 0 eta_inc 13708 multi_dec -0 quick_dec -0 nack_dec -112050
Flow Uec_1082_462 flowId 656 uecSrc 655 finished at 291.734 total messages 1 total packets 490 RTS 0 total bytes 2002140 in_flight now 0 fair_inc 18028 prop_inc 57017 fast_inc 0 eta_inc 13112 multi_dec -0 quick_dec -0 nack_dec -116200
Flow Uec_889_251 flowId 286 uecSrc 285 finished at 291.867 total messages 1 total packets 490 RTS 0 total bytes 2002140 in_flight now 0 fair_inc 19191 prop_inc 47980 fast_inc 0 eta_inc 13708 multi_dec -0 quick_dec -0 nack_dec -112050
Flow Uec_376_841 flowId 485 uecSrc 484 finished at 291.968 total messages 1 total packets 490 RTS 0 total bytes 2002140 in_flight now 0 fair_inc 6241 prop_inc 60991 fast_inc 0 eta_inc 13708 multi_dec -0 quick_dec -0 nack_dec -120350
Flow Uec_553_1016 flowId 801 uecSrc 800 finished at 291.974 total messages 1 total packets 490 RTS 0 total bytes 2002140 in_flight now 0 fair_inc 5662 prop_inc 78836 fast_inc 0 eta_inc 13708 multi_dec -0 quick_dec -0 nack_dec -136950
Flow Uec_381_867 flowId 719 uecSrc 718 finished at 292.083 total messages 1 total packets 490 RTS 0 total bytes 2002140 in_flight now 0 fair_inc 18683 prop_inc 55513 fast_inc 0 eta_inc 13708 multi_dec -0 quick_dec -0 nack_dec -120350
Flow Uec_675_61 flowId 562 uecSrc 561 finished at 292.161 total messages 1 total packets 490 RTS 0 total bytes 2002140 in_flight now 0 fair_inc 11268 prop_inc 53124 fast_inc 0 eta_inc 13112 multi_dec -0 quick_dec -0 nack_dec -103750
Flow Uec_795_181 flowId 587 uecSrc 586 finished at 292.201 total messages 1 total packets 490 RTS 0 total bytes 2002140 in_flight now 0 fair_inc 4653 prop_inc 59664 fast_inc 0 eta_inc 13708 multi_dec -2062 quick_dec -0 nack_dec -112050
Flow Uec_375_891 flowId 738 uecSrc 737 finished at 292.212 total messages 1 total packets 490 RTS 0 total bytes 2002140 in_flight now 0 fair_inc 22541 prop_inc 51349 fast_inc 0 eta_inc 13708 multi_dec -0 quick_dec -0 nack_dec -120350
Flow Uec_531_1055 flowId 200 uecSrc 199 finished at 292.306 total messages 1 total packets 490 RTS 0 total bytes 2002140 in_flight now 0 fair_inc 10417 prop_inc 52038 fast_inc 0 eta_inc 13708 multi_dec -683 quick_dec -0 nack_dec -103750
Flow Uec_1028_449 flowId 662 uecSrc 661 finished at 292.397 total messages 1 total packets 490 RTS 0 total bytes 2002140 in_flight now 0 fair_inc 7653 prop_inc 59357 fast_inc 0 eta_inc 13708 multi_dec -0 quick_dec -0 nack_dec -116200
Flow Uec_342_872 flowId 759 uecSrc 758 finished at 292.424 total messages 1 total packets 490 RTS 0 total bytes 2002140 in_flight now 0 fair_inc 15162 prop_inc 47893 fast_inc 0 eta_inc 13708 multi_dec -10034 quick_dec -0 nack_dec -99600
Flow Uec_914_376 flowId 341 uecSrc 340 finished at 292.474 total messages 1 total packets 490 RTS 0 total bytes 2002140 in_flight now 0 fair_inc 10667 prop_inc 61546 fast_inc 0 eta_inc 13708 multi_dec -0 quick_dec -0 nack_dec -120350
Flow Uec_331_838 flowId 712 uecSrc 711 finished at 292.504 total messages 1 total packets 490 RTS 0 total bytes 2002140 in_flight now 0 fair_inc 13214 prop_inc 55490 fast_inc 0 eta_inc 13708 multi_dec -0 quick_dec -0 nack_dec -112050
Flow Uec_39_591 flowId 5 uecSrc 4 finished at 292.605 total messages 1 total packets 490 RTS 0 total bytes 2002140 in_flight now 0 fair_inc 14232 prop_inc 54413 fast_inc 0 eta_inc 13708 multi_dec -0 quick_dec -0 nack_dec -107900
Flow Uec_99_530 flowId 653 uecSrc 652 finished at 292.643 total messages 1 total packets 490 RTS 0 total bytes 2002140 in_flight now 0 fair_inc 8936 prop_inc 57648 fast_inc 0 eta_inc 13708 multi_dec -0 quick_dec -0 nack_dec -107900
Flow Uec_404_942 flowId 334 uecSrc 333 finished at 292.659 total messages 1 total packets 490 RTS 0 total bytes 2002140 in_flight now 0 fair_inc 24794 prop_inc 49737 fast_inc 0 eta_inc 13112 multi_dec -0 quick_dec -0 nack_dec -120350
Flow Uec_984_386 flowId 202 uecSrc 201 finished at 292.661 total messages 1 total packets 490 RTS 0 total bytes 2002140 in_flight now 0 fair_inc 8123 prop_inc 52559 fast_inc 0 eta_inc 13708 multi_dec -0 quick_dec -0 nack_dec -107900
Flow Uec_33_517 flowId 431 uecSrc 430 finished at 292.748 total messages 1 total packets 490 RTS 0 total bytes 2002140 in_flight now 0 fair_inc 8572 prop_inc 63835 fast_inc 0 eta_inc 13708 multi_dec -0 quick_dec -0 nack_dec -124500
Flow Uec_852_254 flowId 388 uecSrc 387 finished at 292.802 total messages 1 total packets 490 RTS 0 total bytes 2002140 in_flight now 0 fair_inc 12064 prop_inc 47195 fast_inc 0 eta_inc 13112 multi_dec -838 quick_dec -0 nack_dec -107900
Flow Uec_1084_444 flowId 697 uecSrc 696 finished at 292.818 total messages 1 total packets 490 RTS 0 total bytes 2002140 in_flight now 0 fair_inc 11100 prop_inc 58706 fast_inc 0 eta_inc 13708 multi_dec -0 quick_dec -0 nack_dec -116200
Flow Uec_138_629 flowId 135 uecSrc 134 finished at 292.819 total messages 1 total packets 490 RTS 0 total bytes 2002140 in_flight now 0 fair_inc 18224 prop_inc 55494 fast_inc 0 eta_inc 13112 multi_dec -0 quick_dec -0 nack_dec -120350
Flow Uec_861_270 flowId 560 uecSrc 559 finished at 292.873 total messages 1 total packets 490 RTS 0 total bytes 2002140 in_flight now 0 fair_inc 12051 prop_inc 48386 fast_inc 0 eta_inc 13708 multi_dec -0 quick_dec -0 nack_dec -112050
Flow Uec_1030_436 flowId 476 uecSrc 475 finished at 292.909 total messages 1 total packets 490 RTS 0 total bytes 2002140 in_flight now 0 fair_inc 7880 prop_inc 53020 fast_inc 0 eta_inc 13112 multi_dec -0 quick_dec -0 nack_dec -112050
Flow Uec_505_1040 flowId 733 uecSrc 732 finished at 292.951 total messages 1 total packets 490 RTS 0 total bytes 2002140 in_flight now 0 fair_inc 6709 prop_inc 52562 fast_inc 0 eta_inc 13708 multi_dec -0 quick_dec -0 nack_dec -112050
Flow Uec_721_194 flowId 709 uecSrc 708 finished at 293.144 total messages 1 total packets 490 RTS 0 total bytes 2002140 in_flight now 0 fair_inc 11920 prop_inc 67237 fast_inc 0 eta_inc 13708 multi_dec -0 quick_dec -0 nack_dec -128650
Flow Uec_1054_439 flowId 744 uecSrc 743 finished at 293.222 total messages 1 total packets 490 RTS 0 total bytes 2002140 in_flight now 0 fair_inc 13887 prop_inc 57347 fast_inc 0 eta_inc 13112 multi_dec -0 quick_dec -0 nack_dec -116200
Flow Uec_240_760 flowId 96 uecSrc 95 finished at 293.245 total messages 1 total packets 490 RTS 0 total bytes 2002140 in_flight now 0 fair_inc 12447 prop_inc 73789 fast_inc 0 eta_inc 13112 multi_dec -0 quick_dec -0 nack_dec -116200
Flow Uec_745_196 flowId 196 uecSrc 195 finished at 293.293 total messages 1 total packets 490 RTS 0 total bytes 2002140 in_flight now 0 fair_inc 9824 prop_inc 54722 fast_inc 0 eta_inc 13112 multi_dec -0 quick_dec -0 nack_dec -103750
Flow Uec_939_397 flowId 603 uecSrc 602 finished at 293.306 total messages 1 total packets 490 RTS 0 total bytes 2002140 in_flight now 0 fair_inc 14895 prop_inc 63926 fast_inc 0 eta_inc 13708 multi_dec -0 quick_dec -0 nack_dec -132800
Flow Uec_225_796 flowId 711 uecSrc 710 finished at 293.494 total messages 1 total packets 490 RTS 0 total bytes 2002140 in_flight now 0 fair_inc 4137 prop_inc 65177 fast_inc 0 eta_inc 13708 multi_dec -0 quick_dec -0 nack_dec -120350
Flow Uec_309_826 flowId 549 uecSrc 548 finished at 293.58 total messages 1 total packets 490 RTS 0 total bytes 2002140 in_flight now 0 fair_inc 19295 prop_inc 48079 fast_inc 0 eta_inc 13708 multi_dec -1231 quick_dec -0 nack_dec -112050
Flow Uec_865_263 flowId 669 uecSrc 668 finished at 293.607 total messages 1 total packets 490 RTS 0 total bytes 2002140 in_flight now 0 fair_inc 18569 prop_inc 45052 fast_inc 0 eta_inc 13112 multi_dec -0 quick_dec -0 nack_dec -107900
Flow Uec_927_310 flowId 342 uecSrc 341 finished at 293.643 total messages 1 total packets 490 RTS 0 total bytes 2002140 in_flight now 0 fair_inc 10619 prop_inc 65326 fast_inc 0 eta_inc 13708 multi_dec -0 quick_dec -0 nack_dec -120350
Flow Uec_993_393 flowId 142 uecSrc 141 finished at 293.677 total messages 1 total packets 490 RTS 0 total bytes 2002140 in_flight now 0 fair_inc 11065 prop_inc 59260 fast_inc 0 eta_inc 13708 multi_dec -0 quick_dec -0 nack_dec -124500
Flow Uec_1018_404 flowId 724 uecSrc 723 finished at 293.7 total messages 1 total packets 490 RTS 0 total bytes 2002140 in_flight now 0 fair_inc 23990 prop_inc 51956 fast_inc 0 eta_inc 13112 multi_dec -0 quick_dec -0 nack_dec -124500
Flow Uec_282_734 flowId 506 uecSrc 505 finished at 293.711 total messages 1 total packets 490 RTS 0 total bytes 2002140 in_flight now 0 fair_inc 5410 prop_inc 67635 fast_inc 0 eta_inc 13112 multi_dec -0 quick_dec -0 nack_dec -124500
Flow Uec_1016_463 flowId 234 uecSrc 233 finished at 293.712 total messages 1 total packets 490 RTS 0 total bytes 2002140 in_flight now 0 fair_inc 20905 prop_inc 57387 fast_inc 0 eta_inc 13708 multi_dec -0 quick_dec -0 nack_dec -116200
Flow Uec_479_943 flowId 416 uecSrc 415 finished at 293.726 total messages 1 total packets 490 RTS 0 total bytes 2002140 in_flight now 0 fair_inc 19238 prop_inc 56847 fast_inc 0 eta_inc 13708 multi_dec -0 quick_dec -0 nack_dec -124500
Flow Uec_14_578 flowId 814 uecSrc 813 finished at 293.735 total messages 1 total packets 490 RTS 0 total bytes 2002140 in_flight now 0 fair_inc 13987 prop_inc 50649 fast_inc 0 eta_inc 13708 multi_dec -0 quick_dec -0 nack_dec -103750
Flow Uec_809_241 flowId 331 uecSrc 330 finished at 293.764 total messages 1 total packets 490 RTS 0 total bytes 2002140 in_flight now 0 fair_inc 14557 prop_inc 56560 fast_inc 0 eta_inc 13708 multi_dec -0 quick_dec -0 nack_dec -116200
Flow Uec_511_1010 flowId 277 uecSrc 276 finished at 293.867 total messages 1 total packets 490 RTS 0 total bytes 2002140 in_flight now 0 fair_inc 9274 prop_inc 53194 fast_inc 0 eta_inc 13708 multi_dec -173 quick_dec -0 nack_dec -112050
Flow Uec_793_113 flowId 190 uecSrc 189 finished at 293.905 total messages 1 total packets 490 RTS 0 total bytes 2002140 in_flight now 0 fair_inc 17822 prop_inc 38967 fast_inc 0 eta_inc 13708 multi_dec -2450 quick_dec -0 nack_dec -95450
Flow Uec_297_712 flowId 105 uecSrc 104 finished at 293.92 total messages 1 total packets 490 RTS 0 total bytes 2002140 in_flight now 0 fair_inc 21156 prop_inc 48398 fast_inc 0 eta_inc 13112 multi_dec -0 quick_dec -0 nack_dec -116200
Flow Uec_387_851 flowId 685 uecSrc 684 finished at 293.97 total messages 1 total packets 490 RTS 0 total bytes 2002140 in_flight now 0 fair_inc 15843 prop_inc 57124 fast_inc 0 eta_inc 13112 multi_dec -0 quick_dec -0 nack_dec -116200
Flow Uec_1089_459 flowId 380 uecSrc 379 finished at 294.108 total messages 1 total packets 490 RTS 0 total bytes 2002140 in_flight now 0 fair_inc 5099 prop_inc 70696 fast_inc 0 eta_inc 13708 multi_dec -0 quick_dec -0 nack_dec -128650
Flow Uec_450_963 flowId 1 uecSrc 0 finished at 294.136 total messages 1 total packets 490 RTS 0 total bytes 2002140 in_flight now 0 fair_inc 13330 prop_inc 55175 fast_inc 0 eta_inc 13708 multi_dec -0 quick_dec -0 nack_dec -116200
Flow Uec_424_976 flowId 255 uecSrc 254 finished at 294.151 total messages 1 total packets 490 RTS 0 total bytes 2002140 in_flight now 0 fair_inc 14549 prop_inc 55226 fast_inc 0 eta_inc 13708 multi_dec -0 quick_dec -0 nack_dec -116200
Flow Uec_1015_419 flowId 140 uecSrc 139 finished at 294.175 total messages 1 total packets 490 RTS 0 total bytes 2002140 in_flight now 0 fair_inc 6860 prop_inc 65601 fast_inc 0 eta_inc 13112 multi_dec -0 quick_dec -0 nack_dec -120350
Flow Uec_237_746 flowId 625 uecSrc 624 finished at 294.226 total messages 1 total packets 490 RTS 0 total bytes 2002140 in_flight now 0 fair_inc 13534 prop_inc 42667 fast_inc 0 eta_inc 13708 multi_dec -0 quick_dec -0 nack_dec -103750
Flow Uec_561_1011 flowId 734 uecSrc 733 finished at 294.234 total messages 1 total packets 490 RTS 0 total bytes 2002140 in_flight now 0 fair_inc 14374 prop_inc 56083 fast_inc 0 eta_inc 13708 multi_dec -0 quick_dec -0 nack_dec -120350
Flow Uec_808_271 flowId 717 uecSrc 716 finished at 294.282 total messages 1 total packets 490 RTS 0 total bytes 2002140 in_flight now 0 fair_inc 13719 prop_inc 60170 fast_inc 0 eta_inc 13708 multi_dec -0 quick_dec -0 nack_dec -120350
Flow Uec_461_971 flowId 225 uecSrc 224 finished at 294.639 total messages 1 total packets 490 RTS 0 total bytes 2002140 in_flight now 0 fair_inc 6564 prop_inc 78017 fast_inc 0 eta_inc 13708 multi_dec -0 quick_dec -0 nack_dec -128650
Flow Uec_718_134 flowId 355 uecSrc 354 finished at 294.803 total messages 1 total packets 490 RTS 0 total bytes 2002140 in_flight now 0 fair_inc 13278 prop_inc 53983 fast_inc 0 eta_inc 13708 multi_dec -0 quick_dec -0 nack_dec -116200
Flow Uec_390_862 flowId 742 uecSrc 741 finished at 294.82 total messages 1 total packets 490 RTS 0 total bytes 2002140 in_flight now 0 fair_inc 21474 prop_inc 40681 fast_inc 0 eta_inc 13708 multi_dec -51162 quick_dec -0 nack_dec -107900
Flow Uec_860_295 flowId 708 uecSrc 707 finished at 294.854 total messages 1 total packets 490 RTS 0 total bytes 2002140 in_flight now 0 fair_inc 13725 prop_inc 57163 fast_inc 0 eta_inc 13708 multi_dec -0 quick_dec -0 nack_dec -116200
Flow Uec_891_221 flowId 823 uecSrc 822 finished at 294.875 total messages 1 total packets 490 RTS 0 total bytes 2002140 in_flight now 0 fair_inc 17953 prop_inc 55559 fast_inc 0 eta_inc 13112 multi_dec -0 quick_dec -0 nack_dec -112050
Flow Uec_311_849 flowId 564 uecSrc 563 finished at 294.905 total messages 1 total packets 490 RTS 0 total bytes 2002140 in_flight now 0 fair_inc 17477 prop_inc 53006 fast_inc 0 eta_inc 13708 multi_dec -0 quick_dec -0 nack_dec -116200
Flow Uec_546_1043 flowId 516 uecSrc 515 finished at 295.061 total messages 1 total packets 490 RTS 0 total bytes 2002140 in_flight now 0 fair_inc 13511 prop_inc 56525 fast_inc 0 eta_inc 13708 multi_dec -0 quick_dec -0 nack_dec -112050
Flow Uec_518_1019 flowId 791 uecSrc 790 finished at 295.065 total messages 1 total packets 490 RTS 0 total bytes 2002140 in_flight now 0 fair_inc 29326 prop_inc 61315 fast_inc 0 eta_inc 13708 multi_dec -0 quick_dec -0 nack_dec -128650
Flow Uec_825_216 flowId 287 uecSrc 286 finished at 295.143 total messages 1 total packets 490 RTS 0 total bytes 2002140 in_flight now 0 fair_inc 27238 prop_inc 42637 fast_inc 0 eta_inc 13708 multi_dec -16441 quick_dec -0 nack_dec -116200
Flow Uec_411_928 flowId 237 uecSrc 236 finished at 295.147 total messages 1 total packets 490 RTS 0 total bytes 2002140 in_flight now 0 fair_inc 13635 prop_inc 50558 fast_inc 0 eta_inc 13708 multi_dec -41225 quick_dec -0 nack_dec -103750
Flow Uec_680_53 flowId 194 uecSrc 193 finished at 295.263 total messages 1 total packets 490 RTS 0 total bytes 2002140 in_flight now 0 fair_inc 8151 prop_inc 42486 fast_inc 0 eta_inc 13708 multi_dec -0 quick_dec -0 nack_dec -99600
Flow Uec_156_662 flowId 138 uecSrc 137 finished at 295.296 total messages 1 total packets 490 RTS 0 total bytes 2002140 in_flight now 0 fair_inc 3096 prop_inc 78627 fast_inc 0 eta_inc 13708 multi_dec -0 quick_dec -0 nack_dec -128650
Flow Uec_839_280 flowId 753 uecSrc 752 finished at 295.317 total messages 1 total packets 490 RTS 0 total bytes 2002140 in_flight now 0 fair_inc 16456 prop_inc 48616 fast_inc 0 eta_inc 13708 multi_dec -8543 quick_dec -0 nack_dec -107900
Flow Uec_1088_438 flowId 440 uecSrc 439 finished at 295.323 total messages 1 total packets 490 RTS 0 total bytes 2002140 in_flight now 0 fair_inc 10963 prop_inc 56004 fast_inc 0 eta_inc 13708 multi_dec -0 quick_dec -0 nack_dec -120350
Flow Uec_440_945 flowId 261 uecSrc 260 finished at 295.343 total messages 1 total packets 490 RTS 0 total bytes 2002140 in_flight now 0 fair_inc 8352 prop_inc 70238 fast_inc 0 eta_inc 13708 multi_dec -0 quick_dec -0 nack_dec -128650
Flow Uec_734_165 flowId 469 uecSrc 468 finished at 295.357 total messages 1 total packets 490 RTS 0 total bytes 2002140 in_flight now 0 fair_inc 10699 prop_inc 44785 fast_inc 0 eta_inc 13708 multi_dec -1632 quick_dec -0 nack_dec -116200
Flow Uec_776_136 flowId 162 uecSrc 161 finished at 295.36 total messages 1 total packets 490 RTS 0 total bytes 2002140 in_flight now 0 fair_inc 19200 prop_inc 47729 fast_inc 0 eta_inc 13708 multi_dec -9493 quick_dec -0 nack_dec -112050
Flow Uec_86_533 flowId 674 uecSrc 673 finished at 295.406 total messages 1 total packets 490 RTS 0 total bytes 2002140 in_flight now 0 fair_inc 20250 prop_inc 48990 fast_inc 0 eta_inc 13708 multi_dec -0 quick_dec -0 nack_dec -107900
Flow Uec_207_731 flowId 824 uecSrc 823 finished at 295.525 total messages 1 total packets 490 RTS 0 total bytes 2002140 in_flight now 0 fair_inc 9523 prop_inc 63589 fast_inc 0 eta_inc 13708 multi_dec -0 quick_dec -0 nack_dec -124500
Flow Uec_730_115 flowId 673 uecSrc 672 finished at 295.6 total messages 1 total packets 490 RTS 0 total bytes 2002140 in_flight now 0 fair_inc 25570 prop_inc 43399 fast_inc 0 eta_inc 13708 multi_dec -4845 quick_dec -0 nack_dec -116200
Flow Uec_560_1073 flowId 337 uecSrc 336 finished at 295.634 total messages 1 total packets 490 RTS 0 total bytes 2002140 in_flight now 0 fair_inc 17925 prop_inc 49401 fast_inc 0 eta_inc 13708 multi_dec -0 quick_dec -0 nack_dec -112050
Flow Uec_319_870 flowId 598 uecSrc 597 finished at 295.689 total messages 1 total packets 490 RTS 0 total bytes 2002140 in_flight now 0 fair_inc 11374 prop_inc 53874 fast_inc 0 eta_inc 13708 multi_dec -4559 quick_dec -0 nack_dec -116200
Flow Uec_459_984 flowId 191 uecSrc 190 finished at 295.799 total messages 1 total packets 490 RTS 0 total bytes 2002140 in_flight now 0 fair_inc 12553 prop_inc 69200 fast_inc 0 eta_inc 13708 multi_dec -0 quick_dec -0 nack_dec -124500
Flow Uec_857_210 flowId 533 uecSrc 532 finished at 295.822 total messages 1 total packets 490 RTS 0 total bytes 2002140 in_flight now 0 fair_inc 13191 prop_inc 52751 fast_inc 0 eta_inc 13708 multi_dec -0 quick_dec -0 nack_dec -116200
Flow Uec_792_184 flowId 638 uecSrc 637 finished at 295.86 total messages 1 total packets 490 RTS 0 total bytes 2002140 in_flight now 0 fair_inc 25205 prop_inc 44691 fast_inc 0 eta_inc 13112 multi_dec -152 quick_dec -0 nack_dec -120350
Flow Uec_1010_417 flowId 128 uecSrc 127 finished at 295.934 total messages 1 total packets 490 RTS 0 total bytes 2002140 in_flight now 0 fair_inc 18733 prop_inc 55998 fast_inc 0 eta_inc 13708 multi_dec -0 quick_dec -0 nack_dec -107900
Flow Uec_67_503 flowId 648 uecSrc 647 finished at 295.959 total messages 1 total packets 490 RTS 0 total bytes 2002140 in_flight now 0 fair_inc 8382 prop_inc 61865 fast_inc 0 eta_inc 13708 multi_dec -0 quick_dec -0 nack_dec -120350
Flow Uec_880_256 flowId 411 uecSrc 410 finished at 295.977 total messages 1 total packets 490 RTS 0 total bytes 2002140 in_flight now 0 fair_inc 17508 prop_inc 45384 fast_inc 0 eta_inc 13708 multi_dec -0 quick_dec -0 nack_dec -112050
Flow Uec_705_170 flowId 361 uecSrc 360 finished at 295.983 total messages 1 total packets 490 RTS 0 total bytes 2002140 in_flight now 0 fair_inc 10566 prop_inc 55735 fast_inc 0 eta_inc 13708 multi_dec -0 quick_dec -0 nack_dec -120350
Flow Uec_849_246 flowId 553 uecSrc 552 finished at 295.999 total messages 1 total packets 490 RTS 0 total bytes 2002140 in_flight now 0 fair_inc 18487 prop_inc 59400 fast_inc 0 eta_inc 13708 multi_dec -0 quick_dec -0 nack_dec -120350
Flow Uec_674_39 flowId 520 uecSrc 519 finished at 296.058 total messages 1 total packets 490 RTS 0 total bytes 2002140 in_flight now 0 fair_inc 3593 prop_inc 56820 fast_inc 0 eta_inc 13112 multi_dec -0 quick_dec -0 nack_dec -103750
Flow Uec_587_1026 flowId 815 uecSrc 814 finished at 296.071 total messages 1 total packets 490 RTS 0 total bytes 2002140 in_flight now 0 fair_inc 9790 prop_inc 63622 fast_inc 0 eta_inc 13708 multi_dec -0 quick_dec -0 nack_dec -124500
Flow Uec_1031_485 flowId 267 uecSrc 266 finished at 296.107 total messages 1 total packets 490 RTS 0 total bytes 2002140 in_flight now 0 fair_inc 13096 prop_inc 75975 fast_inc 0 eta_inc 13708 multi_dec -0 quick_dec -0 nack_dec -124500
Flow Uec_62_525 flowId 58 uecSrc 57 finished at 296.118 total messages 1 total packets 490 RTS 0 total bytes 2002140 in_flight now 0 fair_inc 14924 prop_inc 54215 fast_inc 0 eta_inc 13112 multi_dec -2029 quick_dec -0 nack_dec -120350
Flow Uec_900_331 flowId 106 uecSrc 105 finished at 296.226 total messages 1 total packets 490 RTS 0 total bytes 2002140 in_flight now 0 fair_inc 15924 prop_inc 55478 fast_inc 0 eta_inc 13708 multi_dec -0 quick_dec -0 nack_dec -116200
Flow Uec_836_267 flowId 792 uecSrc 791 finished at 296.227 total messages 1 total packets 490 RTS 0 total bytes 2002140 in_flight now 0 fair_inc 15386 prop_inc 53995 fast_inc 0 eta_inc 13708 multi_dec -0 quick_dec -0 nack_dec -120350
Flow Uec_897_258 flowId 218 uecSrc 217 finished at 296.294 total messages 1 total packets 490 RTS 0 total bytes 2002140 in_flight now 0 fair_inc 8891 prop_inc 64590 fast_inc 0 eta_inc 13112 multi_dec -0 quick_dec -0 nack_dec -120350
Flow Uec_265_782 flowId 324 uecSrc 323 finished at 296.303 total messages 1 total packets 490 RTS 0 total bytes 2002140 in_flight now 0 fair_inc 18633 prop_inc 53567 fast_inc 0 eta_inc 13708 multi_dec -0 quick_dec -0 nack_dec -120350
Flow Uec_412_920 flowId 270 uecSrc 269 finished at 296.309 total messages 1 total packets 490 RTS 0 total bytes 2002140 in_flight now 0 fair_inc 9025 prop_inc 58019 fast_inc 0 eta_inc 13112 multi_dec -0 quick_dec -0 nack_dec -112050
Flow Uec_0_535 flowId 710 uecSrc 709 finished at 296.348 total messages 1 total packets 490 RTS 0 total bytes 2002140 in_flight now 0 fair_inc 19991 prop_inc 60411 fast_inc 0 eta_inc 13708 multi_dec -0 quick_dec -0 nack_dec -120350
Flow Uec_157_693 flowId 266 uecSrc 265 finished at 296.454 total messages 1 total packets 490 RTS 0 total bytes 2002140 in_flight now 0 fair_inc 10874 prop_inc 68260 fast_inc 0 eta_inc 13112 multi_dec -0 quick_dec -0 nack_dec -128650
Flow Uec_1091_469 flowId 347 uecSrc 346 finished at 296.542 total messages 1 total packets 490 RTS 0 total bytes 2002140 in_flight now 0 fair_inc 11611 prop_inc 64524 fast_inc 0 eta_inc 13708 multi_dec -0 quick_dec -0 nack_dec -120350
Flow Uec_875_289 flowId 417 uecSrc 416 finished at 296.562 total messages 1 total packets 490 RTS 0 total bytes 2002140 in_flight now 0 fair_inc 15904 prop_inc 49542 fast_inc 0 eta_inc 14304 multi_dec -0 quick_dec -0 nack_dec -116200
Flow Uec_712_177 flowId 491 uecSrc 490 finished at 296.602 total messages 1 total packets 490 RTS 0 total bytes 2002140 in_flight now 0 fair_inc 29117 prop_inc 41108 fast_inc 0 eta_inc 13708 multi_dec -0 quick_dec -0 nack_dec -116200
Flow Uec_514_1047 flowId 210 uecSrc 209 finished at 296.656 total messages 1 total packets 490 RTS 0 total bytes 2002140 in_flight now 0 fair_inc 8626 prop_inc 45511 fast_inc 0 eta_inc 13708 multi_dec -0 quick_dec -0 nack_dec -103750
Flow Uec_264_759 flowId 68 uecSrc 67 finished at 296.816 total messages 1 total packets 490 RTS 0 total bytes 2002140 in_flight now 0 fair_inc 14551 prop_inc 53401 fast_inc 0 eta_inc 13708 multi_dec -0 quick_dec -0 nack_dec -107900
Flow Uec_807_209 flowId 547 uecSrc 546 finished at 296.971 total messages 1 total packets 490 RTS 0 total bytes 2002140 in_flight now 0 fair_inc 14107 prop_inc 63752 fast_inc 0 eta_inc 14304 multi_dec -0 quick_dec -0 nack_dec -128650
Flow Uec_1079_446 flowId 409 uecSrc 408 finished at 297.132 total messages 1 total packets 490 RTS 0 total bytes 2002140 in_flight now 0 fair_inc 16907 prop_inc 50762 fast_inc 0 eta_inc 13708 multi_dec -0 quick_dec -0 nack_dec -120350
Flow Uec_54_506 flowId 822 uecSrc 821 finished at 297.16 total messages 1 total packets 490 RTS 0 total bytes 2002140 in_flight now 0 fair_inc 18581 prop_inc 57454 fast_inc 0 eta_inc 13708 multi_dec -0 quick_dec -0 nack_dec -116200
Flow Uec_230_781 flowId 684 uecSrc 683 finished at 297.19 total messages 1 total packets 490 RTS 0 total bytes 2002140 in_flight now 0 fair_inc 10320 prop_inc 55721 fast_inc 0 eta_inc 13708 multi_dec -0 quick_dec -0 nack_dec -116200
Flow Uec_934_318 flowId 774 uecSrc 773 finished at 297.202 total messages 1 total packets 490 RTS 0 total bytes 2002140 in_flight now 0 fair_inc 18985 prop_inc 56548 fast_inc 0 eta_inc 13708 multi_dec -0 quick_dec -0 nack_dec -116200
Flow Uec_701_132 flowId 809 uecSrc 808 finished at 297.253 total messages 1 total packets 490 RTS 0 total bytes 2002140 in_flight now 0 fair_inc 6931 prop_inc 64277 fast_inc 0 eta_inc 13708 multi_dec -0 quick_dec -0 nack_dec -120350
Flow Uec_688_83 flowId 526 uecSrc 525 finished at 297.264 total messages 1 total packets 490 RTS 0 total bytes 2002140 in_flight now 0 fair_inc 6401 prop_inc 52262 fast_inc 0 eta_inc 13708 multi_dec -0 quick_dec -0 nack_dec -99600
Flow Uec_959_341 flowId 585 uecSrc 584 finished at 297.328 total messages 1 total packets 490 RTS 0 total bytes 2002140 in_flight now 0 fair_inc 13125 prop_inc 60226 fast_inc 0 eta_inc 13708 multi_dec -0 quick_dec -0 nack_dec -120350
Flow Uec_956_300 flowId 746 uecSrc 745 finished at 297.437 total messages 1 total packets 490 RTS 0 total bytes 2002140 in_flight now 0 fair_inc 8257 prop_inc 71214 fast_inc 0 eta_inc 13708 multi_dec -0 quick_dec -0 nack_dec -132800
Flow Uec_448_962 flowId 181 uecSrc 180 finished at 297.456 total messages 1 total packets 490 RTS 0 total bytes 2002140 in_flight now 0 fair_inc 10831 prop_inc 68127 fast_inc 0 eta_inc 13708 multi_dec -0 quick_dec -0 nack_dec -128650
Flow Uec_673_90 flowId 154 uecSrc 153 finished at 297.478 total messages 1 total packets 490 RTS 0 total bytes 2002140 in_flight now 0 fair_inc 6523 prop_inc 57091 fast_inc 0 eta_inc 13708 multi_dec -0 quick_dec -0 nack_dec -107900
Flow Uec_723_130 flowId 296 uecSrc 295 finished at 297.49 total messages 1 total packets 490 RTS 0 total bytes 2002140 in_flight now 0 fair_inc 15696 prop_inc 63659 fast_inc 0 eta_inc 13708 multi_dec -0 quick_dec -0 nack_dec -128650
Flow Uec_677_96 flowId 187 uecSrc 186 finished at 297.51 total messages 1 total packets 490 RTS 0 total bytes 2002140 in_flight now 0 fair_inc 15225 prop_inc 48526 fast_inc 0 eta_inc 13708 multi_dec -0 quick_dec -0 nack_dec -107900
Flow Uec_593_1018 flowId 122 uecSrc 121 finished at 297.618 total messages 1 total packets 490 RTS 0 total bytes 2002140 in_flight now 0 fair_inc 17177 prop_inc 57504 fast_inc 0 eta_inc 13708 multi_dec -0 quick_dec -0 nack_dec -124500
Flow Uec_1034_440 flowId 519 uecSrc 518 finished at 297.779 total messages 1 total packets 490 RTS 0 total bytes 2002140 in_flight now 0 fair_inc 14159 prop_inc 63197 fast_inc 0 eta_inc 13708 multi_dec -0 quick_dec -0 nack_dec -124500
Flow Uec_215_751 flowId 168 uecSrc 167 finished at 297.8 total messages 1 total packets 490 RTS 0 total bytes 2002140 in_flight now 0 fair_inc 12545 prop_inc 69118 fast_inc 0 eta_inc 13708 multi_dec -0 quick_dec -0 nack_dec -128650
Flow Uec_548_1037 flowId 336 uecSrc 335 finished at 297.836 total messages 1 total packets 490 RTS 0 total bytes 2002140 in_flight now 0 fair_inc 5946 prop_inc 56972 fast_inc 0 eta_inc 13708 multi_dec -0 quick_dec -0 nack_dec -112050
Flow Uec_583_1071 flowId 169 uecSrc 168 finished at 297.846 total messages 1 total packets 490 RTS 0 total bytes 2002140 in_flight now 0 fair_inc 4374 prop_inc 64500 fast_inc 0 eta_inc 13708 multi_dec -0 quick_dec -0 nack_dec -120350
Flow Uec_291_728 flowId 621 uecSrc 620 finished at 297.896 total messages 1 total packets 490 RTS 0 total bytes 2002140 in_flight now 0 fair_inc 16729 prop_inc 60127 fast_inc 0 eta_inc 14304 multi_dec -0 quick_dec -0 nack_dec -128650
Flow Uec_365_865 flowId 470 uecSrc 469 finished at 297.904 total messages 1 total packets 490 RTS 0 total bytes 2002140 in_flight now 0 fair_inc 13307 prop_inc 60565 fast_inc 0 eta_inc 13708 multi_dec -0 quick_dec -0 nack_dec -116200
Flow Uec_93_560 flowId 252 uecSrc 251 finished at 297.928 total messages 1 total packets 490 RTS 0 total bytes 2002140 in_flight now 0 fair_inc 17354 prop_inc 58214 fast_inc 0 eta_inc 13708 multi_dec -0 quick_dec -0 nack_dec -124500
Flow Uec_878_223 flowId 2 uecSrc 1 finished at 297.931 total messages 1 total packets 490 RTS 0 total bytes 2002140 in_flight now 0 fair_inc 17815 prop_inc 55219 fast_inc 0 eta_inc 13708 multi_dec -0 quick_dec -0 nack_dec -116200
Flow Uec_702_179 flowId 558 uecSrc 557 finished at 297.934 total messages 1 total packets 490 RTS 0 total bytes 2002140 in_flight now 0 fair_inc 18882 prop_inc 60365 fast_inc 0 eta_inc 14304 multi_dec -0 quick_dec -0 nack_dec -124500
Flow Uec_813_272 flowId 232 uecSrc 231 finished at 298.024 total messages 1 total packets 490 RTS 0 total bytes 2002140 in_flight now 0 fair_inc 16065 prop_inc 40053 fast_inc 0 eta_inc 14304 multi_dec -5843 quick_dec -0 nack_dec -103750
Flow Uec_650_21 flowId 163 uecSrc 162 finished at 298.079 total messages 1 total packets 490 RTS 0 total bytes 2002140 in_flight now 0 fair_inc 11022 prop_inc 50057 fast_inc 0 eta_inc 14304 multi_dec -0 quick_dec -0 nack_dec -107900
Flow Uec_823_243 flowId 616 uecSrc 615 finished at 298.099 total messages 1 total packets 490 RTS 0 total bytes 2002140 in_flight now 0 fair_inc 22112 prop_inc 42688 fast_inc 0 eta_inc 13708 multi_dec -0 quick_dec -0 nack_dec -112050
Flow Uec_818_290 flowId 382 uecSrc 381 finished at 298.151 total messages 1 total packets 490 RTS 0 total bytes 2002140 in_flight now 0 fair_inc 16118 prop_inc 50072 fast_inc 0 eta_inc 13708 multi_dec -0 quick_dec -0 nack_dec -120350
Flow Uec_1072_407 flowId 442 uecSrc 441 finished at 298.172 total messages 1 total packets 490 RTS 0 total bytes 2002140 in_flight now 0 fair_inc 10250 prop_inc 62243 fast_inc 0 eta_inc 13708 multi_dec -0 quick_dec -0 nack_dec -124500
Flow Uec_556_1077 flowId 374 uecSrc 373 finished at 298.174 total messages 1 total packets 490 RTS 0 total bytes 2002140 in_flight now 0 fair_inc 12919 prop_inc 57306 fast_inc 0 eta_inc 13708 multi_dec -0 quick_dec -0 nack_dec -116200
Flow Uec_253_797 flowId 66 uecSrc 65 finished at 298.184 total messages 1 total packets 490 RTS 0 total bytes 2002140 in_flight now 0 fair_inc 18342 prop_inc 63123 fast_inc 0 eta_inc 13708 multi_dec -0 quick_dec -0 nack_dec -124500
Flow Uec_45_598 flowId 143 uecSrc 142 finished at 298.259 total messages 1 total packets 490 RTS 0 total bytes 2002140 in_flight now 0 fair_inc 9942 prop_inc 62293 fast_inc 0 eta_inc 13708 multi_dec -0 quick_dec -0 nack_dec -124500
Flow Uec_314_832 flowId 681 uecSrc 680 finished at 298.27 total messages 1 total packets 490 RTS 0 total bytes 2002140 in_flight now 0 fair_inc 8173 prop_inc 73664 fast_inc 0 eta_inc 13708 multi_dec -0 quick_dec -0 nack_dec -124500
Flow Uec_187_604 flowId 454 uecSrc 453 finished at 298.387 total messages 1 total packets 490 RTS 0 total bytes 2002140 in_flight now 0 fair_inc 11327 prop_inc 77108 fast_inc 0 eta_inc 13708 multi_dec -0 quick_dec -0 nack_dec -136950
Flow Uec_873_240 flowId 280 uecSrc 279 finished at 298.407 total messages 1 total packets 490 RTS 0 total bytes 2002140 in_flight now 0 fair_inc 14747 prop_inc 47424 fast_inc 0 eta_inc 14304 multi_dec -0 quick_dec -0 nack_dec -107900
Flow Uec_249_732 flowId 223 uecSrc 222 finished at 298.452 total messages 1 total packets 490 RTS 0 total bytes 2002140 in_flight now 0 fair_inc 6611 prop_inc 52646 fast_inc 0 eta_inc 14304 multi_dec -0 quick_dec -0 nack_dec -112050
Flow Uec_713_169 flowId 806 uecSrc 805 finished at 298.528 total messages 1 total packets 490 RTS 0 total bytes 2002140 in_flight now 0 fair_inc 12404 prop_inc 58005 fast_inc 0 eta_inc 14304 multi_dec -0 quick_dec -0 nack_dec -124500
Flow Uec_43_532 flowId 254 uecSrc 253 finished at 298.529 total messages 1 total packets 490 RTS 0 total bytes 2002140 in_flight now 0 fair_inc 14925 prop_inc 57737 fast_inc 0 eta_inc 14304 multi_dec -0 quick_dec -0 nack_dec -120350
Flow Uec_9_511 flowId 647 uecSrc 646 finished at 298.567 total messages 1 total packets 490 RTS 0 total bytes 2002140 in_flight now 0 fair_inc 17538 prop_inc 48459 fast_inc 0 eta_inc 13708 multi_dec -0 quick_dec -0 nack_dec -120350
Flow Uec_639_6 flowId 437 uecSrc 436 finished at 298.602 total messages 1 total packets 490 RTS 0 total bytes 2002140 in_flight now 0 fair_inc 3922 prop_inc 56161 fast_inc 0 eta_inc 13112 multi_dec -0 quick_dec -0 nack_dec -107900
Flow Uec_91_574 flowId 264 uecSrc 263 finished at 298.718 total messages 1 total packets 490 RTS 0 total bytes 2002140 in_flight now 0 fair_inc 7188 prop_inc 64135 fast_inc 0 eta_inc 13708 multi_dec -0 quick_dec -0 nack_dec -128650
Flow Uec_810_234 flowId 67 uecSrc 66 finished at 298.773 total messages 1 total packets 490 RTS 0 total bytes 2002140 in_flight now 0 fair_inc 6002 prop_inc 55737 fast_inc 0 eta_inc 13708 multi_dec -0 quick_dec -0 nack_dec -112050
Flow Uec_465_907 flowId 335 uecSrc 334 finished at 298.795 total messages 1 total packets 490 RTS 0 total bytes 2002140 in_flight now 0 fair_inc 25958 prop_inc 54706 fast_inc 0 eta_inc 13708 multi_dec -0 quick_dec -0 nack_dec -124500
Flow Uec_1069_455 flowId 632 uecSrc 631 finished at 298.82 total messages 1 total packets 490 RTS 0 total bytes 2002140 in_flight now 0 fair_inc 20559 prop_inc 66361 fast_inc 0 eta_inc 13708 multi_dec -0 quick_dec -0 nack_dec -120350
Flow Uec_729_173 flowId 663 uecSrc 662 finished at 298.835 total messages 1 total packets 490 RTS 0 total bytes 2002140 in_flight now 0 fair_inc 19858 prop_inc 59211 fast_inc 0 eta_inc 13708 multi_dec -0 quick_dec -0 nack_dec -128650
Flow Uec_433_953 flowId 284 uecSrc 283 finished at 298.848 total messages 1 total packets 490 RTS 0 total bytes 2002140 in_flight now 0 fair_inc 14286 prop_inc 46625 fast_inc 0 eta_inc 13708 multi_dec -0 quick_dec -0 nack_dec -112050
Flow Uec_1056_468 flowId 623 uecSrc 622 finished at 298.958 total messages 1 total packets 490 RTS 0 total bytes 2002140 in_flight now 0 fair_inc 16858 prop_inc 58877 fast_inc 0 eta_inc 13708 multi_dec -0 quick_dec -0 nack_dec -124500
Flow Uec_224_747 flowId 258 uecSrc 257 finished at 299.036 total messages 1 total packets 490 RTS 0 total bytes 2002140 in_flight now 0 fair_inc 19564 prop_inc 48435 fast_inc 0 eta_inc 13708 multi_dec -196 quick_dec -0 nack_dec -112050
Flow Uec_802_213 flowId 56 uecSrc 55 finished at 299.07 total messages 1 total packets 490 RTS 0 total bytes 2002140 in_flight now 0 fair_inc 11372 prop_inc 49887 fast_inc 0 eta_inc 13708 multi_dec -0 quick_dec -0 nack_dec -107900
Flow Uec_778_114 flowId 769 uecSrc 768 finished at 299.244 total messages 1 total packets 490 RTS 0 total bytes 2002140 in_flight now 0 fair_inc 10912 prop_inc 57867 fast_inc 0 eta_inc 13708 multi_dec -0 quick_dec -0 nack_dec -120350
Flow Uec_363_890 flowId 606 uecSrc 605 finished at 299.673 total messages 1 total packets 490 RTS 0 total bytes 2002140 in_flight now 0 fair_inc 11974 prop_inc 66070 fast_inc 0 eta_inc 13708 multi_dec -0 quick_dec -0 nack_dec -128650
Flow Uec_88_501 flowId 462 uecSrc 461 finished at 299.677 total messages 1 total packets 490 RTS 0 total bytes 2002140 in_flight now 0 fair_inc 5949 prop_inc 67230 fast_inc 0 eta_inc 14304 multi_dec -0 quick_dec -0 nack_dec -124500
Flow Uec_1068_495 flowId 65 uecSrc 64 finished at 299.805 total messages 1 total packets 490 RTS 0 total bytes 2002140 in_flight now 0 fair_inc 6388 prop_inc 59399 fast_inc 0 eta_inc 13708 multi_dec -0 quick_dec -0 nack_dec -116200
Flow Uec_254_709 flowId 766 uecSrc 765 finished at 299.846 total messages 1 total packets 490 RTS 0 total bytes 2002140 in_flight now 0 fair_inc 15525 prop_inc 42069 fast_inc 0 eta_inc 13708 multi_dec -2383 quick_dec -0 nack_dec -103750
Flow Uec_259_761 flowId 39 uecSrc 38 finished at 299.853 total messages 1 total packets 490 RTS 0 total bytes 2002140 in_flight now 0 fair_inc 12417 prop_inc 47213 fast_inc 0 eta_inc 14304 multi_dec -3117 quick_dec -0 nack_dec -112050
Flow Uec_883_214 flowId 492 uecSrc 491 finished at 300.066 total messages 1 total packets 490 RTS 0 total bytes 2002140 in_flight now 0 fair_inc 8308 prop_inc 55119 fast_inc 0 eta_inc 13112 multi_dec -0 quick_dec -0 nack_dec -116200
Flow Uec_1051_434 flowId 642 uecSrc 641 finished at 300.119 total messages 1 total packets 490 RTS 0 total bytes 2002140 in_flight now 0 fair_inc 19216 prop_inc 49305 fast_inc 0 eta_inc 13708 multi_dec -0 quick_dec -0 nack_dec -112050
Flow Uec_1095_456 flowId 184 uecSrc 183 finished at 300.148 total messages 1 total packets 490 RTS 0 total bytes 2002140 in_flight now 0 fair_inc 22278 prop_inc 49674 fast_inc 0 eta_inc 14304 multi_dec -7080 quick_dec -0 nack_dec -120350
Flow Uec_683_18 flowId 111 uecSrc 110 finished at 300.191 total messages 1 total packets 490 RTS 0 total bytes 2002140 in_flight now 0 fair_inc 9938 prop_inc 56240 fast_inc 0 eta_inc 13708 multi_dec -0 quick_dec -0 nack_dec -107900
Flow Uec_502_1044 flowId 369 uecSrc 368 finished at 300.197 total messages 1 total packets 490 RTS 0 total bytes 2002140 in_flight now 0 fair_inc 13111 prop_inc 66611 fast_inc 0 eta_inc 13708 multi_dec -0 quick_dec -0 nack_dec -120350
Flow Uec_16_553 flowId 365 uecSrc 364 finished at 300.237 total messages 1 total packets 490 RTS 0 total bytes 2002140 in_flight now 0 fair_inc 18702 prop_inc 47300 fast_inc 0 eta_inc 13708 multi_dec -29429 quick_dec -0 nack_dec -103750
Flow Uec_1098_414 flowId 532 uecSrc 531 finished at 300.352 total messages 1 total packets 490 RTS 0 total bytes 2002140 in_flight now 0 fair_inc 8053 prop_inc 63714 fast_inc 0 eta_inc 14304 multi_dec -0 quick_dec -0 nack_dec -124500
Flow Uec_382_879 flowId 789 uecSrc 788 finished at 300.419 total messages 1 total packets 490 RTS 0 total bytes 2002140 in_flight now 0 fair_inc 9309 prop_inc 62568 fast_inc 0 eta_inc 14304 multi_dec -0 quick_dec -0 nack_dec -116200
Flow Uec_628_46 flowId 481 uecSrc 480 finished at 300.472 total messages 1 total packets 490 RTS 0 total bytes 2002140 in_flight now 0 fair_inc 14171 prop_inc 44623 fast_inc 0 eta_inc 13708 multi_dec -0 quick_dec -0 nack_dec -103750
Flow Uec_226_706 flowId 771 uecSrc 770 finished at 300.508 total messages 1 total packets 490 RTS 0 total bytes 2002140 in_flight now 0 fair_inc 17552 prop_inc 62876 fast_inc 0 eta_inc 13708 multi_dec -0 quick_dec -0 nack_dec -128650
Flow Uec_242_793 flowId 743 uecSrc 742 finished at 300.51 total messages 1 total packets 490 RTS 0 total bytes 2002140 in_flight now 0 fair_inc 15162 prop_inc 46086 fast_inc 0 eta_inc 13708 multi_dec -0 quick_dec -0 nack_dec -107900
Flow Uec_707_168 flowId 780 uecSrc 779 finished at 300.521 total messages 1 total packets 490 RTS 0 total bytes 2002140 in_flight now 0 fair_inc 9088 prop_inc 63558 fast_inc 0 eta_inc 13708 multi_dec -0 quick_dec -0 nack_dec -124500
Flow Uec_655_99 flowId 614 uecSrc 613 finished at 300.523 total messages 1 total packets 490 RTS 0 total bytes 2002140 in_flight now 0 fair_inc 12395 prop_inc 51507 fast_inc 0 eta_inc 13708 multi_dec -0 quick_dec -0 nack_dec -107900
Flow Uec_604_67 flowId 796 uecSrc 795 finished at 300.553 total messages 1 total packets 490 RTS 0 total bytes 2002140 in_flight now 0 fair_inc 8572 prop_inc 48188 fast_inc 0 eta_inc 13708 multi_dec -217 quick_dec -0 nack_dec -103750
Flow Uec_773_159 flowId 406 uecSrc 405 finished at 300.56 total messages 1 total packets 490 RTS 0 total bytes 2002140 in_flight now 0 fair_inc 8478 prop_inc 75524 fast_inc 0 eta_inc 13708 multi_dec -0 quick_dec -0 nack_dec -128650
Flow Uec_214_708 flowId 703 uecSrc 702 finished at 300.842 total messages 1 total packets 490 RTS 0 total bytes 2002140 in_flight now 0 fair_inc 19576 prop_inc 47465 fast_inc 0 eta_inc 13708 multi_dec -1610 quick_dec -0 nack_dec -120350
Flow Uec_35_521 flowId 315 uecSrc 314 finished at 300.903 total messages 1 total packets 490 RTS 0 total bytes 2002140 in_flight now 0 fair_inc 12544 prop_inc 59884 fast_inc 0 eta_inc 13708 multi_dec -0 quick_dec -0 nack_dec -124500
Flow Uec_788_167 flowId 24 uecSrc 23 finished at 300.936 total messages 1 total packets 490 RTS 0 total bytes 2002140 in_flight now 0 fair_inc 16464 prop_inc 45956 fast_inc 0 eta_inc 14304 multi_dec -1321 quick_dec -0 nack_dec -112050
Flow Uec_512_1054 flowId 772 uecSrc 771 finished at 300.938 total messages 1 total packets 490 RTS 0 total bytes 2002140 in_flight now 0 fair_inc 27027 prop_inc 51107 fast_inc 0 eta_inc 14304 multi_dec -0 quick_dec -0 nack_dec -124500
Flow Uec_737_150 flowId 577 uecSrc 576 finished at 300.955 total messages 1 total packets 490 RTS 0 total bytes 2002140 in_flight now 0 fair_inc 12539 prop_inc 62677 fast_inc 0 eta_inc 13708 multi_dec -0 quick_dec -0 nack_dec -120350
Flow Uec_394_830 flowId 141 uecSrc 140 finished at 301.004 total messages 1 total packets 490 RTS 0 total bytes 2002140 in_flight now 0 fair_inc 14814 prop_inc 67379 fast_inc 0 eta_inc 14304 multi_dec -0 quick_dec -0 nack_dec -132800
Flow Uec_278_767 flowId 371 uecSrc 370 finished at 301.19 total messages 1 total packets 490 RTS 0 total bytes 2002140 in_flight now 0 fair_inc 15556 prop_inc 59441 fast_inc 0 eta_inc 14304 multi_dec -907 quick_dec -0 nack_dec -128650
Flow Uec_491_960 flowId 645 uecSrc 644 finished at 301.28 total messages 1 total packets 490 RTS 0 total bytes 2002140 in_flight now 0 fair_inc 17256 prop_inc 67220 fast_inc 0 eta_inc 13708 multi_dec -0 quick_dec -0 nack_dec -128650
Flow Uec_347_874 flowId 689 uecSrc 688 finished at 301.333 total messages 1 total packets 490 RTS 0 total bytes 2002140 in_flight now 0 fair_inc 21390 prop_inc 57689 fast_inc 0 eta_inc 14304 multi_dec -0 quick_dec -0 nack_dec -120350
Flow Uec_693_94 flowId 500 uecSrc 499 finished at 301.424 total messages 1 total packets 490 RTS 0 total bytes 2002140 in_flight now 0 fair_inc 24314 prop_inc 46383 fast_inc 0 eta_inc 13708 multi_dec -905 quick_dec -0 nack_dec -112050
Flow Uec_786_158 flowId 192 uecSrc 191 finished at 301.443 total messages 1 total packets 490 RTS 0 total bytes 2002140 in_flight now 0 fair_inc 10300 prop_inc 48847 fast_inc 0 eta_inc 14304 multi_dec -1192 quick_dec -0 nack_dec -103750
Flow Uec_44_526 flowId 332 uecSrc 331 finished at 301.454 total messages 1 total packets 490 RTS 0 total bytes 2002140 in_flight now 0 fair_inc 11153 prop_inc 65042 fast_inc 0 eta_inc 14304 multi_dec -0 quick_dec -0 nack_dec -132800
Flow Uec_727_174 flowId 550 uecSrc 549 finished at 301.535 total messages 1 total packets 490 RTS 0 total bytes 2002140 in_flight now 0 fair_inc 15544 prop_inc 53704 fast_inc 0 eta_inc 14304 multi_dec -0 quick_dec -0 nack_dec -116200
Flow Uec_328_845 flowId 702 uecSrc 701 finished at 301.55 total messages 1 total packets 490 RTS 0 total bytes 2002140 in_flight now 0 fair_inc 14011 prop_inc 69107 fast_inc 0 eta_inc 14304 multi_dec -0 quick_dec -0 nack_dec -132800
Flow Uec_888_264 flowId 630 uecSrc 629 finished at 301.577 total messages 1 total packets 490 RTS 0 total bytes 2002140 in_flight now 0 fair_inc 9000 prop_inc 53645 fast_inc 0 eta_inc 13708 multi_dec -9253 quick_dec -0 nack_dec -120350
Flow Uec_787_180 flowId 75 uecSrc 74 finished at 301.603 total messages 1 total packets 490 RTS 0 total bytes 2002140 in_flight now 0 fair_inc 17421 prop_inc 68743 fast_inc 0 eta_inc 13708 multi_dec -0 quick_dec -0 nack_dec -132800
Flow Uec_620_81 flowId 573 uecSrc 572 finished at 301.648 total messages 1 total packets 490 RTS 0 total bytes 2002140 in_flight now 0 fair_inc 14373 prop_inc 53561 fast_inc 0 eta_inc 13708 multi_dec -0 quick_dec -0 nack_dec -116200
Flow Uec_616_35 flowId 773 uecSrc 772 finished at 301.672 total messages 1 total packets 490 RTS 0 total bytes 2002140 in_flight now 0 fair_inc 20024 prop_inc 44557 fast_inc 0 eta_inc 13708 multi_dec -0 quick_dec -0 nack_dec -107900
Flow Uec_53_502 flowId 634 uecSrc 633 finished at 301.831 total messages 1 total packets 490 RTS 0 total bytes 2002140 in_flight now 0 fair_inc 14181 prop_inc 56122 fast_inc 0 eta_inc 13708 multi_dec -0 quick_dec -0 nack_dec -128650
Flow Uec_758_144 flowId 22 uecSrc 21 finished at 301.867 total messages 1 total packets 490 RTS 0 total bytes 2002140 in_flight now 0 fair_inc 22371 prop_inc 55399 fast_inc 0 eta_inc 14304 multi_dec -0 quick_dec -0 nack_dec -124500
Flow Uec_617_54 flowId 248 uecSrc 247 finished at 301.876 total messages 1 total packets 490 RTS 0 total bytes 2002140 in_flight now 0 fair_inc 13652 prop_inc 53814 fast_inc 0 eta_inc 13708 multi_dec -0 quick_dec -0 nack_dec -112050
Flow Uec_334_839 flowId 584 uecSrc 583 finished at 301.997 total messages 1 total packets 490 RTS 0 total bytes 2002140 in_flight now 0 fair_inc 22143 prop_inc 49161 fast_inc 0 eta_inc 14304 multi_dec -0 quick_dec -0 nack_dec -120350
Flow Uec_508_1052 flowId 448 uecSrc 447 finished at 302.012 total messages 1 total packets 490 RTS 0 total bytes 2002140 in_flight now 0 fair_inc 13777 prop_inc 66696 fast_inc 0 eta_inc 14304 multi_dec -0 quick_dec -0 nack_dec -124500
Flow Uec_899_247 flowId 626 uecSrc 625 finished at 302.156 total messages 1 total packets 490 RTS 0 total bytes 2002140 in_flight now 0 fair_inc 14632 prop_inc 62944 fast_inc 0 eta_inc 13708 multi_dec -0 quick_dec -0 nack_dec -124500
Flow Uec_831_261 flowId 117 uecSrc 116 finished at 302.207 total messages 1 total packets 490 RTS 0 total bytes 2002140 in_flight now 0 fair_inc 13290 prop_inc 50186 fast_inc 0 eta_inc 14304 multi_dec -0 quick_dec -0 nack_dec -112050
Flow Uec_828_276 flowId 529 uecSrc 528 finished at 302.219 total messages 1 total packets 490 RTS 0 total bytes 2002140 in_flight now 0 fair_inc 30376 prop_inc 42273 fast_inc 0 eta_inc 14304 multi_dec -550 quick_dec -0 nack_dec -116200
Flow Uec_571_1075 flowId 262 uecSrc 261 finished at 302.598 total messages 1 total packets 490 RTS 0 total bytes 2002140 in_flight now 0 fair_inc 16789 prop_inc 57624 fast_inc 0 eta_inc 13708 multi_dec -0 quick_dec -0 nack_dec -120350
Flow Uec_622_16 flowId 113 uecSrc 112 finished at 302.622 total messages 1 total packets 490 RTS 0 total bytes 2002140 in_flight now 0 fair_inc 8989 prop_inc 50099 fast_inc 0 eta_inc 13708 multi_dec -0 quick_dec -0 nack_dec -107900
Flow Uec_814_297 flowId 628 uecSrc 627 finished at 302.672 total messages 1 total packets 490 RTS 0 total bytes 2002140 in_flight now 0 fair_inc 16411 prop_inc 55461 fast_inc 0 eta_inc 13708 multi_dec -0 quick_dec -0 nack_dec -124500
Flow Uec_247_775 flowId 77 uecSrc 76 finished at 302.761 total messages 1 total packets 490 RTS 0 total bytes 2002140 in_flight now 0 fair_inc 21987 prop_inc 57449 fast_inc 0 eta_inc 14304 multi_dec -0 quick_dec -0 nack_dec -120350
Flow Uec_213_778 flowId 14 uecSrc 13 finished at 302.834 total messages 1 total packets 490 RTS 0 total bytes 2002140 in_flight now 0 fair_inc 17277 prop_inc 46562 fast_inc 0 eta_inc 14304 multi_dec -269 quick_dec -0 nack_dec -112050
Flow Uec_794_100 flowId 325 uecSrc 324 finished at 302.863 total messages 1 total packets 490 RTS 0 total bytes 2002140 in_flight now 0 fair_inc 12093 prop_inc 54151 fast_inc 0 eta_inc 13708 multi_dec -0 quick_dec -0 nack_dec -112050
Flow Uec_817_249 flowId 707 uecSrc 706 finished at 302.994 total messages 1 total packets 490 RTS 0 total bytes 2002140 in_flight now 0 fair_inc 12120 prop_inc 43446 fast_inc 0 eta_inc 13708 multi_dec -1961 quick_dec -0 nack_dec -103750
Flow Uec_580_1009 flowId 164 uecSrc 163 finished at 303.098 total messages 1 total packets 490 RTS 0 total bytes 2002140 in_flight now 0 fair_inc 11923 prop_inc 61846 fast_inc 0 eta_inc 14304 multi_dec -0 quick_dec -0 nack_dec -132800
Flow Uec_222_752 flowId 419 uecSrc 418 finished at 303.166 total messages 1 total packets 490 RTS 0 total bytes 2002140 in_flight now 0 fair_inc 15178 prop_inc 54127 fast_inc 0 eta_inc 14304 multi_dec -0 quick_dec -0 nack_dec -116200
Flow Uec_308_818 flowId 224 uecSrc 223 finished at 303.171 total messages 1 total packets 490 RTS 0 total bytes 2002140 in_flight now 0 fair_inc 11040 prop_inc 51034 fast_inc 0 eta_inc 13708 multi_dec -8025 quick_dec -0 nack_dec -116200
Flow Uec_517_1039 flowId 723 uecSrc 722 finished at 303.259 total messages 1 total packets 490 RTS 0 total bytes 2002140 in_flight now 0 fair_inc 16391 prop_inc 63496 fast_inc 0 eta_inc 13708 multi_dec -0 quick_dec -0 nack_dec -128650
Flow Uec_555_1007 flowId 363 uecSrc 362 finished at 303.264 total messages 1 total packets 490 RTS 0 total bytes 2002140 in_flight now 0 fair_inc 12645 prop_inc 78300 fast_inc 0 eta_inc 14304 multi_dec -0 quick_dec -0 nack_dec -141100
Flow Uec_670_77 flowId 509 uecSrc 508 finished at 303.287 total messages 1 total packets 490 RTS 0 total bytes 2002140 in_flight now 0 fair_inc 15442 prop_inc 45741 fast_inc 0 eta_inc 14304 multi_dec -0 quick_dec -0 nack_dec -107900
Flow Uec_206_777 flowId 637 uecSrc 636 finished at 303.368 total messages 1 total packets 490 RTS 0 total bytes 2002140 in_flight now 0 fair_inc 10249 prop_inc 72666 fast_inc 0 eta_inc 13708 multi_dec -0 quick_dec -0 nack_dec -132800
Flow Uec_579_1051 flowId 392 uecSrc 391 finished at 303.415 total messages 1 total packets 490 RTS 0 total bytes 2002140 in_flight now 0 fair_inc 20661 prop_inc 60436 fast_inc 0 eta_inc 14304 multi_dec -0 quick_dec -0 nack_dec -128650
Flow Uec_668_50 flowId 170 uecSrc 169 finished at 303.572 total messages 1 total packets 490 RTS 0 total bytes 2002140 in_flight now 0 fair_inc 11501 prop_inc 59535 fast_inc 0 eta_inc 14304 multi_dec -0 quick_dec -0 nack_dec -120350
Flow Uec_275_773 flowId 439 uecSrc 438 finished at 303.586 total messages 1 total packets 490 RTS 0 total bytes 2002140 in_flight now 0 fair_inc 19767 prop_inc 59479 fast_inc 0 eta_inc 14304 multi_dec -0 quick_dec -0 nack_dec -132800
Flow Uec_715_142 flowId 593 uecSrc 592 finished at 303.749 total messages 1 total packets 490 RTS 0 total bytes 2002140 in_flight now 0 fair_inc 10420 prop_inc 48567 fast_inc 0 eta_inc 14304 multi_dec -6144 quick_dec -0 nack_dec -112050
Flow Uec_611_40 flowId 468 uecSrc 467 finished at 303.802 total messages 1 total packets 490 RTS 0 total bytes 2002140 in_flight now 0 fair_inc 9318 prop_inc 59224 fast_inc 0 eta_inc 13708 multi_dec -0 quick_dec -0 nack_dec -120350
Flow Uec_558_1097 flowId 530 uecSrc 529 finished at 303.926 total messages 1 total packets 490 RTS 0 total bytes 2002140 in_flight now 0 fair_inc 18003 prop_inc 53211 fast_inc 0 eta_inc 14304 multi_dec -0 quick_dec -0 nack_dec -112050
Flow Uec_803_242 flowId 11 uecSrc 10 finished at 304.388 total messages 1 total packets 490 RTS 0 total bytes 2002140 in_flight now 0 fair_inc 13203 prop_inc 64855 fast_inc 0 eta_inc 14304 multi_dec -0 quick_dec -0 nack_dec -132800
Flow Uec_370_878 flowId 727 uecSrc 726 finished at 304.445 total messages 1 total packets 490 RTS 0 total bytes 2002140 in_flight now 0 fair_inc 22536 prop_inc 59406 fast_inc 0 eta_inc 14304 multi_dec -0 quick_dec -0 nack_dec -136950
Flow Uec_552_1093 flowId 422 uecSrc 421 finished at 304.451 total messages 1 total packets 490 RTS 0 total bytes 2002140 in_flight now 0 fair_inc 12980 prop_inc 60371 fast_inc 0 eta_inc 13708 multi_dec -0 quick_dec -0 nack_dec -132800
Flow Uec_665_34 flowId 95 uecSrc 94 finished at 304.507 total messages 1 total packets 490 RTS 0 total bytes 2002140 in_flight now 0 fair_inc 9106 prop_inc 54629 fast_inc 0 eta_inc 13708 multi_dec -0 quick_dec -0 nack_dec -116200
Flow Uec_473_938 flowId 136 uecSrc 135 finished at 304.564 total messages 1 total packets 490 RTS 0 total bytes 2002140 in_flight now 0 fair_inc 16487 prop_inc 51874 fast_inc 0 eta_inc 14304 multi_dec -0 quick_dec -0 nack_dec -124500
Flow Uec_284_772 flowId 103 uecSrc 102 finished at 304.608 total messages 1 total packets 490 RTS 0 total bytes 2002140 in_flight now 0 fair_inc 14377 prop_inc 61035 fast_inc 0 eta_inc 13708 multi_dec -0 quick_dec -0 nack_dec -132800
Flow Uec_666_12 flowId 594 uecSrc 593 finished at 304.621 total messages 1 total packets 490 RTS 0 total bytes 2002140 in_flight now 0 fair_inc 14023 prop_inc 66188 fast_inc 0 eta_inc 14304 multi_dec -0 quick_dec -0 nack_dec -120350
Flow Uec_739_190 flowId 488 uecSrc 487 finished at 304.679 total messages 1 total packets 490 RTS 0 total bytes 2002140 in_flight now 0 fair_inc 8404 prop_inc 73879 fast_inc 0 eta_inc 13708 multi_dec -0 quick_dec -0 nack_dec -136950
Flow Uec_170_617 flowId 393 uecSrc 392 finished at 304.726 total messages 1 total packets 490 RTS 0 total bytes 2002140 in_flight now 0 fair_inc 12447 prop_inc 75354 fast_inc 0 eta_inc 13708 multi_dec -0 quick_dec -0 nack_dec -136950
Flow Uec_744_195 flowId 158 uecSrc 157 finished at 304.729 total messages 1 total packets 490 RTS 0 total bytes 2002140 in_flight now 0 fair_inc 17528 prop_inc 63017 fast_inc 0 eta_inc 13708 multi_dec -0 quick_dec -0 nack_dec -120350
Flow Uec_636_78 flowId 29 uecSrc 28 finished at 304.758 total messages 1 total packets 490 RTS 0 total bytes 2002140 in_flight now 0 fair_inc 15135 prop_inc 56384 fast_inc 0 eta_inc 14304 multi_dec -0 quick_dec -0 nack_dec -116200
Flow Uec_898_218 flowId 680 uecSrc 679 finished at 304.817 total messages 1 total packets 490 RTS 0 total bytes 2002140 in_flight now 0 fair_inc 19149 prop_inc 46279 fast_inc 0 eta_inc 14304 multi_dec -0 quick_dec -0 nack_dec -116200
Flow Uec_890_274 flowId 521 uecSrc 520 finished at 304.822 total messages 1 total packets 490 RTS 0 total bytes 2002140 in_flight now 0 fair_inc 11659 prop_inc 52126 fast_inc 0 eta_inc 14304 multi_dec -0 quick_dec -0 nack_dec -116200
Flow Uec_833_236 flowId 118 uecSrc 117 finished at 304.864 total messages 1 total packets 490 RTS 0 total bytes 2002140 in_flight now 0 fair_inc 14437 prop_inc 57090 fast_inc 0 eta_inc 13708 multi_dec -0 quick_dec -0 nack_dec -116200
Flow Uec_667_45 flowId 718 uecSrc 717 finished at 304.871 total messages 1 total packets 490 RTS 0 total bytes 2002140 in_flight now 0 fair_inc 14660 prop_inc 58548 fast_inc 0 eta_inc 14304 multi_dec -0 quick_dec -0 nack_dec -116200
Flow Uec_827_259 flowId 725 uecSrc 724 finished at 304.981 total messages 1 total packets 490 RTS 0 total bytes 2002140 in_flight now 0 fair_inc 20729 prop_inc 39112 fast_inc 0 eta_inc 14304 multi_dec -24789 quick_dec -0 nack_dec -112050
Flow Uec_281_791 flowId 804 uecSrc 803 finished at 305.076 total messages 1 total packets 490 RTS 0 total bytes 2002140 in_flight now 0 fair_inc 12818 prop_inc 71260 fast_inc 0 eta_inc 14304 multi_dec -0 quick_dec -0 nack_dec -141100
Flow Uec_501_1035 flowId 668 uecSrc 667 finished at 305.172 total messages 1 total packets 490 RTS 0 total bytes 2002140 in_flight now 0 fair_inc 10112 prop_inc 69862 fast_inc 0 eta_inc 13112 multi_dec -0 quick_dec -0 nack_dec -120350
Flow Uec_98_575 flowId 147 uecSrc 146 finished at 305.324 total messages 1 total packets 490 RTS 0 total bytes 2002140 in_flight now 0 fair_inc 10144 prop_inc 70045 fast_inc 0 eta_inc 13708 multi_dec -0 quick_dec -0 nack_dec -128650
Flow Uec_671_85 flowId 451 uecSrc 450 finished at 305.439 total messages 1 total packets 490 RTS 0 total bytes 2002140 in_flight now 0 fair_inc 9314 prop_inc 50479 fast_inc 0 eta_inc 13708 multi_dec -0 quick_dec -0 nack_dec -112050
Flow Uec_694_82 flowId 352 uecSrc 351 finished at 305.544 total messages 1 total packets 490 RTS 0 total bytes 2002140 in_flight now 0 fair_inc 13503 prop_inc 49326 fast_inc 0 eta_inc 14304 multi_dec -0 quick_dec -0 nack_dec -112050
Flow Uec_343_855 flowId 82 uecSrc 81 finished at 305.654 total messages 1 total packets 490 RTS 0 total bytes 2002140 in_flight now 0 fair_inc 10386 prop_inc 53656 fast_inc 0 eta_inc 14304 multi_dec -0 quick_dec -0 nack_dec -116200
Flow Uec_772_111 flowId 272 uecSrc 271 finished at 305.661 total messages 1 total packets 490 RTS 0 total bytes 2002140 in_flight now 0 fair_inc 20943 prop_inc 56213 fast_inc 0 eta_inc 14304 multi_dec -0 quick_dec -0 nack_dec -116200
Flow Uec_682_42 flowId 209 uecSrc 208 finished at 305.88 total messages 1 total packets 490 RTS 0 total bytes 2002140 in_flight now 0 fair_inc 19096 prop_inc 43555 fast_inc 0 eta_inc 14304 multi_dec -0 quick_dec -0 nack_dec -103750
Flow Uec_724_139 flowId 256 uecSrc 255 finished at 305.883 total messages 1 total packets 490 RTS 0 total bytes 2002140 in_flight now 0 fair_inc 13005 prop_inc 61981 fast_inc 0 eta_inc 14304 multi_dec -0 quick_dec -0 nack_dec -124500
Flow Uec_838_253 flowId 87 uecSrc 86 finished at 305.929 total messages 1 total packets 490 RTS 0 total bytes 2002140 in_flight now 0 fair_inc 17567 prop_inc 52092 fast_inc 0 eta_inc 13112 multi_dec -0 quick_dec -0 nack_dec -116200
Flow Uec_829_255 flowId 6 uecSrc 5 finished at 305.964 total messages 1 total packets 490 RTS 0 total bytes 2002140 in_flight now 0 fair_inc 21163 prop_inc 57311 fast_inc 0 eta_inc 14304 multi_dec -0 quick_dec -0 nack_dec -120350
Flow Uec_816_278 flowId 70 uecSrc 69 finished at 306.211 total messages 1 total packets 490 RTS 0 total bytes 2002140 in_flight now 0 fair_inc 19416 prop_inc 44088 fast_inc 0 eta_inc 14304 multi_dec -3962 quick_dec -0 nack_dec -112050
Flow Uec_711_135 flowId 30 uecSrc 29 finished at 306.215 total messages 1 total packets 490 RTS 0 total bytes 2002140 in_flight now 0 fair_inc 21413 prop_inc 45403 fast_inc 0 eta_inc 14304 multi_dec -0 quick_dec -0 nack_dec -112050
Flow Uec_863_228 flowId 260 uecSrc 259 finished at 306.261 total messages 1 total packets 490 RTS 0 total bytes 2002140 in_flight now 0 fair_inc 16462 prop_inc 65914 fast_inc 0 eta_inc 14304 multi_dec -0 quick_dec -0 nack_dec -124500
Flow Uec_321_844 flowId 695 uecSrc 694 finished at 306.313 total messages 1 total packets 490 RTS 0 total bytes 2002140 in_flight now 0 fair_inc 10238 prop_inc 67328 fast_inc 0 eta_inc 14900 multi_dec -0 quick_dec -0 nack_dec -124500
Flow Uec_361_810 flowId 110 uecSrc 109 finished at 306.645 total messages 1 total packets 490 RTS 0 total bytes 2002140 in_flight now 0 fair_inc 11496 prop_inc 81983 fast_inc 0 eta_inc 14304 multi_dec -0 quick_dec -0 nack_dec -141100
Flow Uec_315_884 flowId 233 uecSrc 232 finished at 306.901 total messages 1 total packets 490 RTS 0 total bytes 2002140 in_flight now 0 fair_inc 8876 prop_inc 62612 fast_inc 0 eta_inc 14304 multi_dec -2652 quick_dec -0 nack_dec -132800
Flow Uec_747_147 flowId 351 uecSrc 350 finished at 307.007 total messages 1 total packets 490 RTS 0 total bytes 2002140 in_flight now 0 fair_inc 16651 prop_inc 46265 fast_inc 0 eta_inc 14304 multi_dec -8712 quick_dec -0 nack_dec -103750
Flow Uec_882_277 flowId 15 uecSrc 14 finished at 307.205 total messages 1 total packets 490 RTS 0 total bytes 2002140 in_flight now 0 fair_inc 11641 prop_inc 59687 fast_inc 0 eta_inc 14304 multi_dec -0 quick_dec -0 nack_dec -120350
Flow Uec_335_843 flowId 80 uecSrc 79 finished at 307.316 total messages 1 total packets 490 RTS 0 total bytes 2002140 in_flight now 0 fair_inc 18211 prop_inc 66590 fast_inc 0 eta_inc 14304 multi_dec -0 quick_dec -0 nack_dec -124500
Flow Uec_358_822 flowId 159 uecSrc 158 finished at 307.328 total messages 1 total packets 490 RTS 0 total bytes 2002140 in_flight now 0 fair_inc 13170 prop_inc 65158 fast_inc 0 eta_inc 14304 multi_dec -0 quick_dec -0 nack_dec -132800
Flow Uec_699_86 flowId 378 uecSrc 377 finished at 307.779 total messages 1 total packets 490 RTS 0 total bytes 2002140 in_flight now 0 fair_inc 7699 prop_inc 56786 fast_inc 0 eta_inc 14304 multi_dec -0 quick_dec -0 nack_dec -116200
Flow Uec_644_31 flowId 131 uecSrc 130 finished at 307.83 total messages 1 total packets 490 RTS 0 total bytes 2002140 in_flight now 0 fair_inc 14711 prop_inc 56377 fast_inc 0 eta_inc 14900 multi_dec -0 quick_dec -0 nack_dec -120350
Flow Uec_471_904 flowId 279 uecSrc 278 finished at 307.868 total messages 1 total packets 490 RTS 0 total bytes 2002140 in_flight now 0 fair_inc 16457 prop_inc 68940 fast_inc 0 eta_inc 13708 multi_dec -0 quick_dec -0 nack_dec -136950
Flow Uec_864_285 flowId 722 uecSrc 721 finished at 307.869 total messages 1 total packets 490 RTS 0 total bytes 2002140 in_flight now 0 fair_inc 11838 prop_inc 69406 fast_inc 0 eta_inc 14304 multi_dec -0 quick_dec -0 nack_dec -128650
Flow Uec_635_11 flowId 756 uecSrc 755 finished at 307.912 total messages 1 total packets 490 RTS 0 total bytes 2002140 in_flight now 0 fair_inc 24043 prop_inc 39669 fast_inc 0 eta_inc 14304 multi_dec -0 quick_dec -0 nack_dec -107900
Flow Uec_352_823 flowId 781 uecSrc 780 finished at 307.933 total messages 1 total packets 490 RTS 0 total bytes 2002140 in_flight now 0 fair_inc 17354 prop_inc 64717 fast_inc 0 eta_inc 14304 multi_dec -83 quick_dec -0 nack_dec -136950
Flow Uec_687_58 flowId 604 uecSrc 603 finished at 308.185 total messages 1 total packets 490 RTS 0 total bytes 2002140 in_flight now 0 fair_inc 14752 prop_inc 56482 fast_inc 0 eta_inc 13708 multi_dec -0 quick_dec -0 nack_dec -116200
Flow Uec_867_205 flowId 367 uecSrc 366 finished at 308.193 total messages 1 total packets 490 RTS 0 total bytes 2002140 in_flight now 0 fair_inc 14688 prop_inc 50969 fast_inc 0 eta_inc 14304 multi_dec -0 quick_dec -0 nack_dec -112050
Flow Uec_887_291 flowId 518 uecSrc 517 finished at 308.201 total messages 1 total packets 490 RTS 0 total bytes 2002140 in_flight now 0 fair_inc 27279 prop_inc 52643 fast_inc 0 eta_inc 14304 multi_dec -0 quick_dec -0 nack_dec -124500
Flow Uec_252_700 flowId 582 uecSrc 581 finished at 308.279 total messages 1 total packets 490 RTS 0 total bytes 2002140 in_flight now 0 fair_inc 14054 prop_inc 61021 fast_inc 0 eta_inc 14304 multi_dec -0 quick_dec -0 nack_dec -128650
Flow Uec_663_49 flowId 176 uecSrc 175 finished at 308.28 total messages 1 total packets 490 RTS 0 total bytes 2002140 in_flight now 0 fair_inc 14511 prop_inc 59098 fast_inc 0 eta_inc 14304 multi_dec -0 quick_dec -0 nack_dec -112050
Flow Uec_855_239 flowId 149 uecSrc 148 finished at 308.477 total messages 1 total packets 490 RTS 0 total bytes 2002140 in_flight now 0 fair_inc 11525 prop_inc 54908 fast_inc 0 eta_inc 14900 multi_dec -0 quick_dec -0 nack_dec -120350
Flow Uec_853_222 flowId 666 uecSrc 665 finished at 308.533 total messages 1 total packets 490 RTS 0 total bytes 2002140 in_flight now 0 fair_inc 21773 prop_inc 54656 fast_inc 0 eta_inc 13708 multi_dec -0 quick_dec -0 nack_dec -128650
Flow Uec_420_908 flowId 228 uecSrc 227 finished at 308.83 total messages 1 total packets 490 RTS 0 total bytes 2002140 in_flight now 0 fair_inc 14021 prop_inc 68003 fast_inc 0 eta_inc 14304 multi_dec -0 quick_dec -0 nack_dec -124500
Flow Uec_874_257 flowId 816 uecSrc 815 finished at 308.832 total messages 1 total packets 490 RTS 0 total bytes 2002140 in_flight now 0 fair_inc 17839 prop_inc 63966 fast_inc 0 eta_inc 14304 multi_dec -0 quick_dec -0 nack_dec -128650
Flow Uec_895_224 flowId 121 uecSrc 120 finished at 308.859 total messages 1 total packets 490 RTS 0 total bytes 2002140 in_flight now 0 fair_inc 14031 prop_inc 56043 fast_inc 0 eta_inc 13708 multi_dec -0 quick_dec -0 nack_dec -124500
Flow Uec_614_0 flowId 795 uecSrc 794 finished at 308.921 total messages 1 total packets 490 RTS 0 total bytes 2002140 in_flight now 0 fair_inc 13809 prop_inc 57432 fast_inc 0 eta_inc 14304 multi_dec -0 quick_dec -0 nack_dec -116200
Flow Uec_801_208 flowId 250 uecSrc 249 finished at 309.003 total messages 1 total packets 490 RTS 0 total bytes 2002140 in_flight now 0 fair_inc 15885 prop_inc 63812 fast_inc 0 eta_inc 14304 multi_dec -0 quick_dec -0 nack_dec -124500
Flow Uec_629_91 flowId 818 uecSrc 817 finished at 309.21 total messages 1 total packets 490 RTS 0 total bytes 2002140 in_flight now 0 fair_inc 20275 prop_inc 43376 fast_inc 0 eta_inc 14304 multi_dec -0 quick_dec -0 nack_dec -116200
Flow Uec_364_864 flowId 310 uecSrc 309 finished at 309.499 total messages 1 total packets 490 RTS 0 total bytes 2002140 in_flight now 0 fair_inc 12296 prop_inc 68396 fast_inc 0 eta_inc 14304 multi_dec -0 quick_dec -0 nack_dec -132800
Flow Uec_630_88 flowId 475 uecSrc 474 finished at 309.506 total messages 1 total packets 490 RTS 0 total bytes 2002140 in_flight now 0 fair_inc 10868 prop_inc 48958 fast_inc 0 eta_inc 14304 multi_dec -0 quick_dec -0 nack_dec -103750
Flow Uec_657_32 flowId 517 uecSrc 516 finished at 309.538 total messages 1 total packets 490 RTS 0 total bytes 2002140 in_flight now 0 fair_inc 11543 prop_inc 52817 fast_inc 0 eta_inc 14304 multi_dec -0 quick_dec -0 nack_dec -112050
Flow Uec_870_206 flowId 178 uecSrc 177 finished at 309.55 total messages 1 total packets 490 RTS 0 total bytes 2002140 in_flight now 0 fair_inc 5630 prop_inc 68319 fast_inc 0 eta_inc 14304 multi_dec -0 quick_dec -0 nack_dec -128650
Flow Uec_651_73 flowId 660 uecSrc 659 finished at 309.625 total messages 1 total packets 490 RTS 0 total bytes 2002140 in_flight now 0 fair_inc 18424 prop_inc 38382 fast_inc 0 eta_inc 14304 multi_dec -0 quick_dec -0 nack_dec -99600
Flow Uec_2_545 flowId 293 uecSrc 292 finished at 309.641 total messages 1 total packets 490 RTS 0 total bytes 2002140 in_flight now 0 fair_inc 16827 prop_inc 53638 fast_inc 0 eta_inc 14304 multi_dec -0 quick_dec -0 nack_dec -132800
Flow Uec_740_131 flowId 782 uecSrc 781 finished at 309.652 total messages 1 total packets 490 RTS 0 total bytes 2002140 in_flight now 0 fair_inc 12635 prop_inc 60026 fast_inc 0 eta_inc 14304 multi_dec -0 quick_dec -0 nack_dec -124500
Flow Uec_798_176 flowId 690 uecSrc 689 finished at 309.69 total messages 1 total packets 490 RTS 0 total bytes 2002140 in_flight now 0 fair_inc 13752 prop_inc 72886 fast_inc 0 eta_inc 14900 multi_dec -0 quick_dec -0 nack_dec -132800
Flow Uec_493_991 flowId 490 uecSrc 489 finished at 309.705 total messages 1 total packets 490 RTS 0 total bytes 2002140 in_flight now 0 fair_inc 13948 prop_inc 66883 fast_inc 0 eta_inc 14304 multi_dec -0 quick_dec -0 nack_dec -132800
Flow Uec_477_980 flowId 183 uecSrc 182 finished at 309.715 total messages 1 total packets 490 RTS 0 total bytes 2002140 in_flight now 0 fair_inc 22660 prop_inc 47163 fast_inc 0 eta_inc 14304 multi_dec -0 quick_dec -0 nack_dec -128650
Flow Uec_409_919 flowId 271 uecSrc 270 finished at 309.736 total messages 1 total packets 490 RTS 0 total bytes 2002140 in_flight now 0 fair_inc 13851 prop_inc 57545 fast_inc 0 eta_inc 14304 multi_dec -0 quick_dec -0 nack_dec -124500
Flow Uec_377_860 flowId 9 uecSrc 8 finished at 309.836 total messages 1 total packets 490 RTS 0 total bytes 2002140 in_flight now 0 fair_inc 7957 prop_inc 68361 fast_inc 0 eta_inc 14304 multi_dec -0 quick_dec -0 nack_dec -128650
Flow Uec_337_829 flowId 204 uecSrc 203 finished at 310.213 total messages 1 total packets 490 RTS 0 total bytes 2002140 in_flight now 0 fair_inc 19202 prop_inc 67062 fast_inc 0 eta_inc 14304 multi_dec -0 quick_dec -0 nack_dec -136950
Flow Uec_46_540 flowId 146 uecSrc 145 finished at 310.248 total messages 1 total packets 490 RTS 0 total bytes 2002140 in_flight now 0 fair_inc 3350 prop_inc 85927 fast_inc 0 eta_inc 13708 multi_dec -0 quick_dec -0 nack_dec -141100
Flow Uec_1090_400 flowId 700 uecSrc 699 finished at 310.311 total messages 1 total packets 490 RTS 0 total bytes 2002140 in_flight now 0 fair_inc 10469 prop_inc 70949 fast_inc 0 eta_inc 14304 multi_dec -0 quick_dec -0 nack_dec -132800
Flow Uec_606_70 flowId 242 uecSrc 241 finished at 310.483 total messages 1 total packets 490 RTS 0 total bytes 2002140 in_flight now 0 fair_inc 7204 prop_inc 69328 fast_inc 0 eta_inc 14304 multi_dec -0 quick_dec -0 nack_dec -128650
Flow Uec_371_896 flowId 464 uecSrc 463 finished at 310.695 total messages 1 total packets 490 RTS 0 total bytes 2002140 in_flight now 0 fair_inc 18368 prop_inc 61333 fast_inc 0 eta_inc 14304 multi_dec -2586 quick_dec -0 nack_dec -128650
Flow Uec_796_193 flowId 713 uecSrc 712 finished at 310.759 total messages 1 total packets 490 RTS 0 total bytes 2002140 in_flight now 0 fair_inc 20353 prop_inc 61230 fast_inc 0 eta_inc 14304 multi_dec -0 quick_dec -0 nack_dec -132800
Flow Uec_805_265 flowId 537 uecSrc 536 finished at 311.394 total messages 1 total packets 490 RTS 0 total bytes 2002140 in_flight now 0 fair_inc 28537 prop_inc 52251 fast_inc 0 eta_inc 14304 multi_dec -0 quick_dec -0 nack_dec -132800
Flow Uec_626_89 flowId 364 uecSrc 363 finished at 311.534 total messages 1 total packets 490 RTS 0 total bytes 2002140 in_flight now 0 fair_inc 16216 prop_inc 50696 fast_inc 0 eta_inc 14304 multi_dec -0 quick_dec -0 nack_dec -112050
Flow Uec_637_36 flowId 288 uecSrc 287 finished at 311.622 total messages 1 total packets 490 RTS 0 total bytes 2002140 in_flight now 0 fair_inc 14861 prop_inc 63095 fast_inc 0 eta_inc 14304 multi_dec -0 quick_dec -0 nack_dec -124500
Flow Uec_597_1046 flowId 511 uecSrc 510 finished at 311.999 total messages 1 total packets 490 RTS 0 total bytes 2002140 in_flight now 0 fair_inc 9743 prop_inc 64256 fast_inc 0 eta_inc 14304 multi_dec -0 quick_dec -0 nack_dec -128650
Flow Uec_672_8 flowId 152 uecSrc 151 finished at 312.079 total messages 1 total packets 490 RTS 0 total bytes 2002140 in_flight now 0 fair_inc 8243 prop_inc 48812 fast_inc 0 eta_inc 14304 multi_dec -145 quick_dec -0 nack_dec -112050
Flow Uec_640_37 flowId 495 uecSrc 494 finished at 312.198 total messages 1 total packets 490 RTS 0 total bytes 2002140 in_flight now 0 fair_inc 9117 prop_inc 48237 fast_inc 0 eta_inc 14304 multi_dec -0 quick_dec -0 nack_dec -112050
Flow Uec_624_74 flowId 555 uecSrc 554 finished at 312.212 total messages 1 total packets 490 RTS 0 total bytes 2002140 in_flight now 0 fair_inc 12012 prop_inc 57460 fast_inc 0 eta_inc 14304 multi_dec -0 quick_dec -0 nack_dec -120350
Flow Uec_806_211 flowId 527 uecSrc 526 finished at 312.533 total messages 1 total packets 490 RTS 0 total bytes 2002140 in_flight now 0 fair_inc 15292 prop_inc 57812 fast_inc 0 eta_inc 14304 multi_dec -0 quick_dec -0 nack_dec -128650
Flow Uec_769_146 flowId 333 uecSrc 332 finished at 312.793 total messages 1 total packets 490 RTS 0 total bytes 2002140 in_flight now 0 fair_inc 18892 prop_inc 62225 fast_inc 0 eta_inc 14900 multi_dec -0 quick_dec -0 nack_dec -132800
Flow Uec_268_753 flowId 90 uecSrc 89 finished at 312.992 total messages 1 total packets 490 RTS 0 total bytes 2002140 in_flight now 0 fair_inc 22152 prop_inc 72886 fast_inc 0 eta_inc 14304 multi_dec -0 quick_dec -0 nack_dec -141100
Flow Uec_615_98 flowId 783 uecSrc 782 finished at 313.026 total messages 1 total packets 490 RTS 0 total bytes 2002140 in_flight now 0 fair_inc 8167 prop_inc 43513 fast_inc 0 eta_inc 14304 multi_dec -0 quick_dec -0 nack_dec -95450
Flow Uec_893_226 flowId 23 uecSrc 22 finished at 313.327 total messages 1 total packets 490 RTS 0 total bytes 2002140 in_flight now 0 fair_inc 18381 prop_inc 48583 fast_inc 0 eta_inc 14900 multi_dec -26143 quick_dec -0 nack_dec -120350
Flow Uec_659_2 flowId 443 uecSrc 442 finished at 313.501 total messages 1 total packets 490 RTS 0 total bytes 2002140 in_flight now 0 fair_inc 14523 prop_inc 52732 fast_inc 0 eta_inc 14304 multi_dec -0 quick_dec -0 nack_dec -116200
Flow Uec_685_13 flowId 631 uecSrc 630 finished at 313.976 total messages 1 total packets 490 RTS 0 total bytes 2002140 in_flight now 0 fair_inc 15276 prop_inc 51740 fast_inc 0 eta_inc 13708 multi_dec -0 quick_dec -0 nack_dec -120350
Flow Uec_649_25 flowId 563 uecSrc 562 finished at 314.19 total messages 1 total packets 490 RTS 0 total bytes 2002140 in_flight now 0 fair_inc 10198 prop_inc 55689 fast_inc 0 eta_inc 14304 multi_dec -0 quick_dec -0 nack_dec -116200
Flow Uec_851_238 flowId 609 uecSrc 608 finished at 314.593 total messages 1 total packets 490 RTS 0 total bytes 2002140 in_flight now 0 fair_inc 13483 prop_inc 64422 fast_inc 0 eta_inc 14304 multi_dec -0 quick_dec -0 nack_dec -128650
Flow Uec_260_718 flowId 384 uecSrc 383 finished at 314.652 total messages 1 total packets 490 RTS 0 total bytes 2002140 in_flight now 0 fair_inc 18586 prop_inc 67218 fast_inc 0 eta_inc 14900 multi_dec -0 quick_dec -0 nack_dec -136950
Flow Uec_728_137 flowId 729 uecSrc 728 finished at 314.686 total messages 1 total packets 490 RTS 0 total bytes 2002140 in_flight now 0 fair_inc 8989 prop_inc 81867 fast_inc 0 eta_inc 14304 multi_dec -0 quick_dec -0 nack_dec -149400
Flow Uec_64_573 flowId 257 uecSrc 256 finished at 314.727 total messages 1 total packets 490 RTS 0 total bytes 2002140 in_flight now 0 fair_inc 19255 prop_inc 75956 fast_inc 0 eta_inc 14304 multi_dec -0 quick_dec -0 nack_dec -145250
Flow Uec_22_563 flowId 353 uecSrc 352 finished at 314.85 total messages 1 total packets 490 RTS 0 total bytes 2002140 in_flight now 0 fair_inc 11649 prop_inc 73306 fast_inc 0 eta_inc 14304 multi_dec -0 quick_dec -0 nack_dec -136950
Flow Uec_815_248 flowId 528 uecSrc 527 finished at 315.259 total messages 1 total packets 490 RTS 0 total bytes 2002140 in_flight now 0 fair_inc 19654 prop_inc 62288 fast_inc 0 eta_inc 14900 multi_dec -0 quick_dec -0 nack_dec -132800
Flow Uec_202_771 flowId 285 uecSrc 284 finished at 315.525 total messages 1 total packets 490 RTS 0 total bytes 2002140 in_flight now 0 fair_inc 16237 prop_inc 73519 fast_inc 0 eta_inc 14304 multi_dec -0 quick_dec -0 nack_dec -136950
Flow Uec_754_154 flowId 618 uecSrc 617 finished at 315.916 total messages 1 total packets 490 RTS 0 total bytes 2002140 in_flight now 0 fair_inc 13091 prop_inc 64626 fast_inc 0 eta_inc 14900 multi_dec -0 quick_dec -0 nack_dec -132800
Flow Uec_661_55 flowId 602 uecSrc 601 finished at 315.928 total messages 1 total packets 490 RTS 0 total bytes 2002140 in_flight now 0 fair_inc 29568 prop_inc 51048 fast_inc 0 eta_inc 14900 multi_dec -332 quick_dec -0 nack_dec -128650
Flow Uec_373_892 flowId 608 uecSrc 607 finished at 316.761 total messages 1 total packets 490 RTS 0 total bytes 2002140 in_flight now 0 fair_inc 11777 prop_inc 77781 fast_inc 0 eta_inc 14304 multi_dec -0 quick_dec -0 nack_dec -145250
Flow Uec_613_79 flowId 675 uecSrc 674 finished at 316.973 total messages 1 total packets 490 RTS 0 total bytes 2002140 in_flight now 0 fair_inc 11415 prop_inc 49034 fast_inc 0 eta_inc 14304 multi_dec -14987 quick_dec -0 nack_dec -116200
Flow Uec_642_9 flowId 474 uecSrc 473 finished at 317.021 total messages 1 total packets 490 RTS 0 total bytes 2002140 in_flight now 0 fair_inc 23740 prop_inc 68824 fast_inc 0 eta_inc 14304 multi_dec -0 quick_dec -0 nack_dec -136950
Flow Uec_656_17 flowId 64 uecSrc 63 finished at 317.107 total messages 1 total packets 490 RTS 0 total bytes 2002140 in_flight now 0 fair_inc 12241 prop_inc 65325 fast_inc 0 eta_inc 14900 multi_dec -0 quick_dec -0 nack_dec -132800
Flow Uec_866_250 flowId 25 uecSrc 24 finished at 318.369 total messages 1 total packets 490 RTS 0 total bytes 2002140 in_flight now 0 fair_inc 5877 prop_inc 67384 fast_inc 0 eta_inc 14900 multi_dec -0 quick_dec -0 nack_dec -128650
Flow Uec_648_28 flowId 81 uecSrc 80 finished at 318.681 total messages 1 total packets 490 RTS 0 total bytes 2002140 in_flight now 0 fair_inc 15979 prop_inc 55251 fast_inc 0 eta_inc 14900 multi_dec -0 quick_dec -0 nack_dec -124500
Flow Uec_69_505 flowId 398 uecSrc 397 finished at 319.043 total messages 1 total packets 490 RTS 0 total bytes 2002140 in_flight now 0 fair_inc 5039 prop_inc 81114 fast_inc 0 eta_inc 14900 multi_dec -0 quick_dec -0 nack_dec -141100
Flow Uec_280_715 flowId 665 uecSrc 664 finished at 319.116 total messages 1 total packets 490 RTS 0 total bytes 2002140 in_flight now 0 fair_inc 17478 prop_inc 75761 fast_inc 0 eta_inc 14304 multi_dec -0 quick_dec -0 nack_dec -132800
Flow Uec_859_269 flowId 33 uecSrc 32 finished at 319.509 total messages 1 total packets 490 RTS 0 total bytes 2002140 in_flight now 0 fair_inc 10396 prop_inc 74462 fast_inc 0 eta_inc 14900 multi_dec -0 quick_dec -0 nack_dec -141100
Flow Uec_623_41 flowId 430 uecSrc 429 finished at 319.799 total messages 1 total packets 490 RTS 0 total bytes 2002140 in_flight now 0 fair_inc 20005 prop_inc 63135 fast_inc 0 eta_inc 14304 multi_dec -0 quick_dec -0 nack_dec -132800
Flow Uec_201_784 flowId 699 uecSrc 698 finished at 319.885 total messages 1 total packets 490 RTS 0 total bytes 2002140 in_flight now 0 fair_inc 17619 prop_inc 62266 fast_inc 0 eta_inc 14900 multi_dec -0 quick_dec -0 nack_dec -128650
Flow Uec_869_230 flowId 399 uecSrc 398 finished at 319.975 total messages 1 total packets 490 RTS 0 total bytes 2002140 in_flight now 0 fair_inc 11875 prop_inc 70373 fast_inc 0 eta_inc 14900 multi_dec -0 quick_dec -0 nack_dec -136950
Flow Uec_301_894 flowId 175 uecSrc 174 finished at 320.335 total messages 1 total packets 490 RTS 0 total bytes 2002140 in_flight now 0 fair_inc 22141 prop_inc 61868 fast_inc 0 eta_inc 14900 multi_dec -0 quick_dec -0 nack_dec -136950
Flow Uec_696_95 flowId 206 uecSrc 205 finished at 321.23 total messages 1 total packets 490 RTS 0 total bytes 2002140 in_flight now 0 fair_inc 12866 prop_inc 67529 fast_inc 0 eta_inc 14900 multi_dec -0 quick_dec -0 nack_dec -132800
Flow Uec_681_76 flowId 44 uecSrc 43 finished at 321.955 total messages 1 total packets 490 RTS 0 total bytes 2002140 in_flight now 0 fair_inc 14987 prop_inc 54840 fast_inc 0 eta_inc 14304 multi_dec -0 quick_dec -0 nack_dec -116200
Flow Uec_896_268 flowId 757 uecSrc 756 finished at 323.68 total messages 1 total packets 490 RTS 0 total bytes 2002140 in_flight now 0 fair_inc 13837 prop_inc 73966 fast_inc 0 eta_inc 14304 multi_dec -0 quick_dec -0 nack_dec -141100
Flow Uec_652_57 flowId 788 uecSrc 787 finished at 325.831 total messages 1 total packets 490 RTS 0 total bytes 2002140 in_flight now 0 fair_inc 11396 prop_inc 73515 fast_inc 0 eta_inc 14900 multi_dec -0 quick_dec -0 nack_dec -141100
Flow Uec_820_237 flowId 456 uecSrc 455 finished at 325.93 total messages 1 total packets 490 RTS 0 total bytes 2002140 in_flight now 0 fair_inc 10311 prop_inc 72584 fast_inc 0 eta_inc 14900 multi_dec -0 quick_dec -0 nack_dec -136950
Flow Uec_686_15 flowId 167 uecSrc 166 finished at 326.783 total messages 1 total packets 490 RTS 0 total bytes 2002140 in_flight now 0 fair_inc 9283 prop_inc 56825 fast_inc 0 eta_inc 14900 multi_dec -0 quick_dec -0 nack_dec -116200
Flow Uec_603_59 flowId 112 uecSrc 111 finished at 329.037 total messages 1 total packets 490 RTS 0 total bytes 2002140 in_flight now 0 fair_inc 10093 prop_inc 66265 fast_inc 0 eta_inc 15496 multi_dec -604 quick_dec -0 nack_dec -128650
Flow Uec_602_75 flowId 612 uecSrc 611 finished at 330.592 total messages 1 total packets 490 RTS 0 total bytes 2002140 in_flight now 0 fair_inc 12279 prop_inc 70677 fast_inc 0 eta_inc 14900 multi_dec -0 quick_dec -0 nack_dec -136950
Flow Uec_645_51 flowId 329 uecSrc 328 finished at 331.126 total messages 1 total packets 490 RTS 0 total bytes 2002140 in_flight now 0 fair_inc 13961 prop_inc 73572 fast_inc 0 eta_inc 15496 multi_dec -0 quick_dec -0 nack_dec -132800
Flow Uec_654_44 flowId 348 uecSrc 347 finished at 331.46 total messages 1 total packets 490 RTS 0 total bytes 2002140 in_flight now 0 fair_inc 7054 prop_inc 68180 fast_inc 0 eta_inc 14900 multi_dec -0 quick_dec -0 nack_dec -128650
Flow Uec_634_66 flowId 317 uecSrc 316 finished at 335.953 total messages 1 total packets 490 RTS 0 total bytes 2002140 in_flight now 0 fair_inc 17888 prop_inc 62628 fast_inc 0 eta_inc 15496 multi_dec -0 quick_dec -0 nack_dec -136950
Flow Uec_610_20 flowId 93 uecSrc 92 finished at 337.5 total messages 1 total packets 490 RTS 0 total bytes 2002140 in_flight now 0 fair_inc 8693 prop_inc 85631 fast_inc 0 eta_inc 14900 multi_dec -0 quick_dec -0 nack_dec -149400
Flow Uec_697_72 flowId 16 uecSrc 15 finished at 338.764 total messages 1 total packets 490 RTS 0 total bytes 2002140 in_flight now 0 fair_inc 8614 prop_inc 80327 fast_inc 0 eta_inc 16092 multi_dec -0 quick_dec -0 nack_dec -141100
Flow Uec_698_93 flowId 460 uecSrc 459 finished at 339.651 total messages 1 total packets 490 RTS 0 total bytes 2002140 in_flight now 0 fair_inc 15394 prop_inc 83847 fast_inc 0 eta_inc 16092 multi_dec -0 quick_dec -0 nack_dec -145250
Flow Uec_660_97 flowId 767 uecSrc 766 finished at 341.868 total messages 1 total packets 490 RTS 0 total bytes 2002140 in_flight now 0 fair_inc 20451 prop_inc 64656 fast_inc 0 eta_inc 15496 multi_dec -0 quick_dec -0 nack_dec -141100
Flow Uec_600_14 flowId 658 uecSrc 657 finished at 345.164 total messages 1 total packets 490 RTS 0 total bytes 2002140 in_flight now 0 fair_inc 9050 prop_inc 71619 fast_inc 0 eta_inc 15496 multi_dec -0 quick_dec -0 nack_dec -136950
Flow Uec_605_62 flowId 786 uecSrc 785 finished at 347.136 total messages 1 total packets 490 RTS 0 total bytes 2002140 in_flight now 0 fair_inc 15607 prop_inc 60524 fast_inc 0 eta_inc 15496 multi_dec -751 quick_dec -0 nack_dec -136950
.Done
New: 404250 Rtx: 22182 RTS: 0 Bounced: 0 ACKs: 223090 NACKs: 22182 Pulls: 0 sleek_pkts: 0
